2016.04.22 18:00:01.023,8.23032,8.23357,1.00,1.07
2016.04.22 18:00:02.770,8.23032,8.23357,1.00,1.82
2016.04.22 18:00:02.838,8.23032,8.23357,1.00,1.82
2016.04.22 18:00:10.194,8.23032,8.23357,1.00,1.82
2016.04.22 18:00:12.048,8.23032,8.23357,1.00,1.82
2016.04.22 18:00:20.057,8.23032,8.23352,1.00,1.12
2016.04.22 18:00:24.247,8.23007,8.23334,1.00,1.75
2016.04.22 18:00:29.473,8.22917,8.23356,1.00,1.82
2016.04.22 18:00:30.972,8.22944,8.23277,1.00,1.75
2016.04.22 18:00:31.329,8.22944,8.23277,1.00,1.75
2016.04.22 18:00:35.690,8.22944,8.23237,1.00,1.12
2016.04.22 18:00:36.019,8.22944,8.23226,1.00,1.12
2016.04.22 18:00:36.817,8.22944,8.23248,1.00,1.75
2016.04.22 18:00:36.918,8.22882,8.23248,1.00,1.75
2016.04.22 18:00:37.121,8.22882,8.23196,1.00,1.12
2016.04.22 18:00:37.222,8.22872,8.23196,1.00,1.12
2016.04.22 18:00:37.957,8.22838,8.23196,1.00,1.12
2016.04.22 18:00:38.289,8.22838,8.23196,1.00,1.12
2016.04.22 18:00:38.532,8.22832,8.23196,1.00,1.12
2016.04.22 18:00:39.022,8.22875,8.23196,1.00,1.12
2016.04.22 18:00:41.593,8.22875,8.23158,1.00,1.12
2016.04.22 18:00:47.306,8.22875,8.23173,1.00,1.32
2016.04.22 18:00:49.097,8.22875,8.23181,1.00,1.32
2016.04.22 18:00:51.168,8.22875,8.23182,1.00,1.32
2016.04.22 18:00:56.932,8.22792,8.23168,1.00,1.75
2016.04.22 18:00:58.071,8.22822,8.23149,1.00,1.75
2016.04.22 18:01:03.378,8.22822,8.23149,1.00,1.07
2016.04.22 18:01:05.250,8.22822,8.23149,1.00,1.82
2016.04.22 18:01:14.408,8.22822,8.23149,1.00,1.82
2016.04.22 18:01:16.881,8.22798,8.23123,1.00,1.37
2016.04.22 18:01:23.170,8.22798,8.23123,1.00,1.75
2016.04.22 18:01:24.772,8.22798,8.23088,1.00,1.37
2016.04.22 18:01:26.911,8.22779,8.23088,1.00,1.37
2016.04.22 18:01:27.036,8.22712,8.23088,1.60,1.37
2016.04.22 18:01:27.959,8.22749,8.23076,1.00,1.37
2016.04.22 18:01:29.279,8.22749,8.23076,1.00,1.00
2016.04.22 18:01:36.971,8.22768,8.23078,1.00,1.00
2016.04.22 18:01:40.188,8.22768,8.23053,1.00,1.00
2016.04.22 18:01:50.583,8.22768,8.23068,1.00,1.00
2016.04.22 18:01:54.592,8.22773,8.23068,1.00,1.00
2016.04.22 18:02:04.519,8.22768,8.23068,1.00,1.00
2016.04.22 18:02:04.981,8.22768,8.23053,1.00,1.00
2016.04.22 18:02:06.450,8.22768,8.23037,1.00,1.00
2016.04.22 18:02:07.027,8.22768,8.23038,1.00,1.00
2016.04.22 18:02:09.258,8.22768,8.22994,1.00,1.00
2016.04.22 18:02:09.864,8.22747,8.22994,1.00,1.00
2016.04.22 18:02:10.884,8.22747,8.22979,1.00,1.00
2016.04.22 18:02:17.400,8.22712,8.22979,1.60,1.00
2016.04.22 18:02:19.699,8.22702,8.22979,1.00,1.00
2016.04.22 18:02:19.987,8.22702,8.22921,1.00,1.00
2016.04.22 18:02:20.368,8.22702,8.22918,1.00,1.00
2016.04.22 18:02:20.694,8.22702,8.22921,1.00,1.00
2016.04.22 18:02:21.468,8.22702,8.22884,1.00,1.00
2016.04.22 18:02:21.569,8.22633,8.22884,1.00,1.00
2016.04.22 18:02:22.920,8.22641,8.22884,1.00,1.00
2016.04.22 18:02:23.350,8.22635,8.22869,1.00,1.00
2016.04.22 18:02:26.070,8.22635,8.22891,1.00,1.00
2016.04.22 18:02:35.580,8.22635,8.22869,1.00,1.00
2016.04.22 18:02:40.491,8.22635,8.22847,1.00,1.00
2016.04.22 18:02:41.598,8.22608,8.22847,1.00,1.00
2016.04.22 18:02:43.138,8.22608,8.22838,1.00,1.00
2016.04.22 18:02:43.532,8.22608,8.22796,1.00,1.00
2016.04.22 18:02:43.988,8.2259,8.22796,1.00,1.00
2016.04.22 18:02:53.910,8.22531,8.22796,1.00,1.00
2016.04.22 18:02:54.029,8.22562,8.22796,1.00,1.00
2016.04.22 18:02:56.897,8.22511,8.22796,1.00,1.00
2016.04.22 18:02:57.101,8.22511,8.22809,1.00,1.00
2016.04.22 18:02:57.301,8.22511,8.2278,1.00,1.00
2016.04.22 18:02:57.628,8.22531,8.2278,1.00,1.00
2016.04.22 18:03:03.015,8.22531,8.22781,1.00,1.00
2016.04.22 18:03:03.116,8.22531,8.22809,1.00,1.00
2016.04.22 18:03:03.332,8.22531,8.22781,1.00,1.00
2016.04.22 18:03:10.541,8.22552,8.22781,1.00,1.00
2016.04.22 18:03:10.870,8.22553,8.2283,1.00,1.00
2016.04.22 18:03:11.135,8.22552,8.22839,1.00,1.00
2016.04.22 18:03:11.347,8.22552,8.22811,1.00,1.00
2016.04.22 18:03:12.393,8.22587,8.22811,1.00,1.00
2016.04.22 18:03:18.324,8.22587,8.22781,1.00,1.00
2016.04.22 18:03:18.533,8.22552,8.22781,1.00,1.00
2016.04.22 18:03:18.769,8.22556,8.22781,1.00,1.00
2016.04.22 18:03:20.569,8.22582,8.22781,1.00,1.00
2016.04.22 18:03:22.728,8.22582,8.22796,1.00,1.00
2016.04.22 18:03:24.330,8.22582,8.22781,1.00,1.00
2016.04.22 18:03:30.592,8.22576,8.22781,1.00,1.00
2016.04.22 18:03:36.563,8.22523,8.22781,1.00,1.00
2016.04.22 18:03:37.232,8.22541,8.22781,1.00,1.00
2016.04.22 18:03:37.540,8.22472,8.22723,1.00,1.00
2016.04.22 18:03:38.889,8.22503,8.22723,1.00,1.00
2016.04.22 18:03:39.044,8.22503,8.22736,1.00,1.00
2016.04.22 18:03:39.204,8.22472,8.22736,1.00,1.00
2016.04.22 18:03:39.552,8.22493,8.22736,1.00,1.00
2016.04.22 18:03:40.367,8.22493,8.22759,1.00,1.00
2016.04.22 18:03:47.468,8.22532,8.22759,1.00,1.00
2016.04.22 18:03:48.072,8.22534,8.22759,1.00,1.00
2016.04.22 18:03:52.172,8.22534,8.22723,1.00,1.00
2016.04.22 18:03:52.394,8.22532,8.22723,1.00,1.00
2016.04.22 18:03:56.293,8.22532,8.22745,1.00,1.00
2016.04.22 18:03:57.577,8.22532,8.22759,1.00,1.00
2016.04.22 18:03:57.628,8.22502,8.22759,1.00,1.00
2016.04.22 18:04:07.438,8.22486,8.22759,1.00,1.00
2016.04.22 18:04:08.562,8.22486,8.22723,1.00,1.00
2016.04.22 18:04:08.901,8.22433,8.22723,1.60,1.00
2016.04.22 18:04:09.165,8.22468,8.22723,1.00,1.00
2016.04.22 18:04:11.566,8.22468,8.22716,1.00,1.00
2016.04.22 18:04:14.569,8.22468,8.22722,1.00,1.00
2016.04.22 18:04:17.572,8.22468,8.22744,1.00,1.00
2016.04.22 18:04:20.283,8.22468,8.22781,1.00,1.00
2016.04.22 18:04:40.872,8.22404,8.22781,1.97,1.00
2016.04.22 18:04:41.374,8.22444,8.22769,1.60,1.00
2016.04.22 18:04:48.300,8.22444,8.22759,1.60,1.00
2016.04.22 18:04:57.928,8.22444,8.22748,1.60,1.00
2016.04.22 18:05:06.772,8.22444,8.22759,1.60,1.00
2016.04.22 18:05:07.270,8.22468,8.22759,1.00,1.00
2016.04.22 18:05:07.551,8.22468,8.22781,1.00,1.00
2016.04.22 18:05:23.035,8.22468,8.22759,1.00,1.00
2016.04.22 18:05:32.044,8.22468,8.22723,1.00,1.00
2016.04.22 18:05:35.847,8.22468,8.22701,1.00,1.00
2016.04.22 18:05:40.852,8.22468,8.22685,1.00,1.00
2016.04.22 18:05:45.456,8.22441,8.22685,1.00,1.00
2016.04.22 18:05:45.507,8.22441,8.22664,1.00,1.00
2016.04.22 18:05:45.558,8.22413,8.22664,1.00,1.00
2016.04.22 18:05:46.250,8.22416,8.22664,1.00,1.00
2016.04.22 18:05:54.766,8.22416,8.22686,1.00,1.00
2016.04.22 18:05:55.640,8.22412,8.22686,1.00,1.00
2016.04.22 18:05:55.754,8.22432,8.22686,1.00,1.00
2016.04.22 18:05:56.185,8.22446,8.22686,1.00,1.00
2016.04.22 18:05:58.270,8.22446,8.22664,1.00,1.00
2016.04.22 18:06:04.005,8.22432,8.22664,1.00,1.00
2016.04.22 18:06:04.350,8.22461,8.22664,1.00,1.00
2016.04.22 18:06:04.833,8.22432,8.22828,1.00,1.57
2016.04.22 18:06:05.662,8.22482,8.2283,1.00,1.37
2016.04.22 18:06:06.369,8.22511,8.2283,1.00,1.37
2016.04.22 18:06:10.754,8.22511,8.22838,1.00,1.37
2016.04.22 18:06:13.995,8.225,8.22858,1.00,2.25
2016.04.22 18:06:14.719,8.22532,8.22882,1.00,1.75
2016.04.22 18:06:14.934,8.22532,8.22882,1.00,1.75
2016.04.22 18:06:15.129,8.22557,8.22882,1.00,2.25
2016.04.22 18:06:15.944,8.22557,8.22882,1.00,2.25
2016.04.22 18:06:16.154,8.22557,8.22879,1.00,1.75
2016.04.22 18:06:17.904,8.22557,8.22879,1.00,1.75
2016.04.22 18:06:18.936,8.22557,8.22882,1.00,1.37
2016.04.22 18:06:22.325,8.22557,8.2288,1.00,1.75
2016.04.22 18:06:24.659,8.22586,8.22902,1.00,1.75
2016.04.22 18:06:34.742,8.22586,8.22813,1.00,1.00
2016.04.22 18:06:35.763,8.22542,8.2281,1.00,1.07
2016.04.22 18:06:37.105,8.22542,8.22798,1.50,1.00
2016.04.22 18:06:55.714,8.22511,8.22798,1.00,1.00
2016.04.22 18:06:56.736,8.22511,8.22794,1.00,1.00
2016.04.22 18:06:57.323,8.22511,8.22784,1.00,1.00
2016.04.22 18:07:04.375,8.22511,8.22762,1.00,1.00
2016.04.22 18:07:06.839,8.22511,8.22783,1.00,1.00
2016.04.22 18:07:08.073,8.22511,8.22762,1.00,1.00
2016.04.22 18:07:13.646,8.22511,8.22783,1.00,1.00
2016.04.22 18:07:15.348,8.22511,8.22776,1.00,1.00
2016.04.22 18:07:18.862,8.22511,8.22762,1.00,1.00
2016.04.22 18:07:22.854,8.22511,8.22777,1.00,1.00
2016.04.22 18:07:29.092,8.22511,8.22772,1.00,1.00
2016.04.22 18:07:30.863,8.22511,8.22776,1.00,1.00
2016.04.22 18:07:32.362,8.22511,8.22762,1.00,1.00
2016.04.22 18:07:35.793,8.22463,8.22762,1.00,1.00
2016.04.22 18:07:36.048,8.22484,8.22762,1.00,1.00
2016.04.22 18:07:41.571,8.22484,8.22799,1.00,1.00
2016.04.22 18:07:42.772,8.22484,8.22777,1.00,1.00
2016.04.22 18:07:46.611,8.22484,8.22762,1.00,1.00
2016.04.22 18:07:54.230,8.22484,8.22743,1.00,1.00
2016.04.22 18:07:54.280,8.22462,8.22743,1.00,1.00
2016.04.22 18:07:54.362,8.22462,8.22687,1.00,1.00
2016.04.22 18:07:54.735,8.22452,8.22687,1.00,1.00
2016.04.22 18:07:55.173,8.22402,8.22687,1.00,1.00
2016.04.22 18:07:55.694,8.22402,8.22717,1.00,1.00
2016.04.22 18:07:55.744,8.22411,8.22717,1.00,1.00
2016.04.22 18:08:05.151,8.22412,8.22717,1.00,1.00
2016.04.22 18:08:05.501,8.22431,8.22717,1.00,1.00
2016.04.22 18:08:14.725,8.22431,8.22703,1.00,1.00
2016.04.22 18:08:19.078,8.22431,8.22703,1.00,1.37
2016.04.22 18:08:20.829,8.2241,8.22681,1.00,1.10
2016.04.22 18:08:25.372,8.22372,8.22681,1.00,1.10
2016.04.22 18:08:25.681,8.22399,8.22681,1.00,1.00
2016.04.22 18:08:26.309,8.22399,8.22687,1.00,1.00
2016.04.22 18:08:26.894,8.22399,8.22725,1.00,1.07
2016.04.22 18:08:27.110,8.22399,8.22688,1.00,1.00
2016.04.22 18:08:31.517,8.22399,8.22686,1.00,1.00
2016.04.22 18:08:36.229,8.22399,8.22673,1.00,1.00
2016.04.22 18:08:36.821,8.22399,8.22673,1.00,1.07
2016.04.22 18:08:45.607,8.22363,8.22673,1.00,1.07
2016.04.22 18:08:45.810,8.22389,8.22673,1.00,1.07
2016.04.22 18:08:46.258,8.22389,8.22673,1.00,1.37
2016.04.22 18:08:46.410,8.22363,8.22654,1.00,1.07
2016.04.22 18:08:46.461,8.22363,8.22614,1.00,1.00
2016.04.22 18:08:46.987,8.2237,8.22614,1.00,1.00
2016.04.22 18:08:48.540,8.2237,8.22622,1.00,1.00
2016.04.22 18:08:53.864,8.2237,8.22657,1.00,1.07
2016.04.22 18:08:56.165,8.2237,8.22686,1.00,1.07
2016.04.22 18:08:56.368,8.2237,8.22697,1.00,1.00
2016.04.22 18:09:02.117,8.22382,8.22729,1.00,1.07
2016.04.22 18:09:06.267,8.22407,8.22734,1.00,1.37
2016.04.22 18:09:10.860,8.22407,8.22734,1.00,1.75
2016.04.22 18:09:13.397,8.22407,8.22734,1.00,1.37
2016.04.22 18:09:22.119,8.22407,8.22728,1.00,2.25
2016.04.22 18:09:26.304,8.22362,8.22718,1.00,1.37
2016.04.22 18:09:27.290,8.22372,8.22699,1.00,1.07
2016.04.22 18:09:28.780,8.22372,8.2268,1.00,1.00
2016.04.22 18:09:29.117,8.22372,8.2268,1.00,1.12
2016.04.22 18:09:36.374,8.22312,8.2268,1.00,1.12
2016.04.22 18:09:37.038,8.22337,8.22664,1.00,1.10
2016.04.22 18:09:41.185,8.22332,8.22701,1.00,1.37
2016.04.22 18:09:41.236,8.22332,8.22701,1.00,1.37
2016.04.22 18:09:41.292,8.22352,8.22701,1.00,1.37
2016.04.22 18:09:42.136,8.22379,8.22701,1.00,1.37
2016.04.22 18:09:42.816,8.22381,8.22706,1.00,1.37
2016.04.22 18:09:42.917,8.22379,8.22706,1.00,1.76
2016.04.22 18:09:46.089,8.22379,8.22706,1.00,1.76
2016.04.22 18:09:47.791,8.22379,8.22706,1.00,1.76
2016.04.22 18:09:51.315,8.22392,8.22706,1.00,1.76
2016.04.22 18:09:52.444,8.22407,8.22732,1.00,1.00
2016.04.22 18:09:52.740,8.22392,8.22758,1.00,1.46
2016.04.22 18:09:53.122,8.22402,8.22786,1.00,1.14
2016.04.22 18:09:53.595,8.22423,8.22761,1.00,1.51
2016.04.22 18:09:53.796,8.22423,8.22761,1.00,1.51
2016.04.22 18:09:56.799,8.22423,8.22761,1.00,1.51
2016.04.22 18:10:01.315,8.22423,8.22761,1.00,1.51
2016.04.22 18:10:02.495,8.22414,8.22786,1.00,1.14
2016.04.22 18:10:02.806,8.22414,8.22793,1.00,1.46
2016.04.22 18:10:03.170,8.22442,8.22818,1.00,1.76
2016.04.22 18:10:03.609,8.22461,8.22788,1.00,1.46
2016.04.22 18:10:03.808,8.22431,8.22758,1.00,1.00
2016.04.22 18:10:04.120,8.22431,8.22758,1.00,1.46
2016.04.22 18:10:13.443,8.22433,8.22778,1.00,1.37
2016.04.22 18:10:13.494,8.22433,8.22778,1.00,1.00
2016.04.22 18:10:13.844,8.22432,8.22792,1.00,1.07
2016.04.22 18:10:14.606,8.22472,8.22792,1.00,1.07
2016.04.22 18:10:15.561,8.22472,8.22759,1.00,1.00
2016.04.22 18:10:28.543,8.22472,8.22759,1.00,1.07
2016.04.22 18:10:31.740,8.22472,8.22722,1.00,1.00
2016.04.22 18:10:32.182,8.22472,8.22778,1.00,1.07
2016.04.22 18:10:32.770,8.22472,8.22774,1.00,1.00
2016.04.22 18:10:37.350,8.22472,8.22796,1.00,1.00
2016.04.22 18:10:43.827,8.22454,8.22796,1.00,1.00
2016.04.22 18:10:44.314,8.22503,8.22796,1.00,1.00
2016.04.22 18:10:44.846,8.22507,8.22796,1.00,1.00
2016.04.22 18:10:46.971,8.22507,8.22832,1.00,1.37
2016.04.22 18:10:47.022,8.22507,8.22832,1.00,1.00
2016.04.22 18:10:48.648,8.22507,8.22832,1.00,1.37
2016.04.22 18:10:54.344,8.22513,8.2281,1.00,1.07
2016.04.22 18:11:01.661,8.22513,8.22795,1.00,1.00
2016.04.22 18:11:02.101,8.22513,8.22795,1.00,1.07
2016.04.22 18:11:03.262,8.22513,8.22774,1.00,1.00
2016.04.22 18:11:03.629,8.22513,8.22774,1.00,1.07
2016.04.22 18:11:03.910,8.22487,8.22774,1.00,1.07
2016.04.22 18:11:13.715,8.22477,8.22774,1.00,1.07
2016.04.22 18:11:13.918,8.22513,8.22774,1.00,1.07
2016.04.22 18:11:14.375,8.2252,8.22774,1.00,1.07
2016.04.22 18:11:15.801,8.2252,8.22774,1.00,1.00
2016.04.22 18:11:16.509,8.2252,8.22774,1.00,1.07
2016.04.22 18:11:31.006,8.2252,8.22771,1.00,1.00
2016.04.22 18:11:31.341,8.2252,8.22771,1.00,1.12
2016.04.22 18:11:32.401,8.2252,8.22744,1.00,1.00
2016.04.22 18:11:33.834,8.22498,8.22744,1.00,1.00
2016.04.22 18:11:35.316,8.22498,8.22766,1.00,1.00
2016.04.22 18:11:40.638,8.22498,8.22766,1.00,1.07
2016.04.22 18:11:41.095,8.22498,8.22745,1.00,1.00
2016.04.22 18:11:43.819,8.22498,8.22767,1.00,1.07
2016.04.22 18:11:43.907,8.22498,8.22767,1.00,1.00
2016.04.22 18:11:48.803,8.22498,8.22789,1.00,1.07
2016.04.22 18:11:49.211,8.22498,8.22789,1.00,1.00
2016.04.22 18:11:50.109,8.22498,8.22811,1.00,1.07
2016.04.22 18:11:50.397,8.22498,8.22811,1.00,1.37
2016.04.22 18:11:50.804,8.22498,8.22766,1.00,1.00
2016.04.22 18:12:01.397,8.22498,8.22766,1.00,1.07
2016.04.22 18:12:02.328,8.22498,8.22745,1.00,1.00
2016.04.22 18:12:03.795,8.22492,8.22745,1.00,1.00
2016.04.22 18:12:03.846,8.22452,8.22745,1.00,1.00
2016.04.22 18:12:04.214,8.22477,8.22745,1.00,1.00
2016.04.22 18:12:13.753,8.22452,8.22745,1.00,1.00
2016.04.22 18:12:13.804,8.22432,8.22745,1.00,1.00
2016.04.22 18:12:14.024,8.22452,8.22745,1.00,1.00
2016.04.22 18:12:20.531,8.22452,8.22729,1.00,1.00
2016.04.22 18:12:23.776,8.22432,8.22729,1.00,1.00
2016.04.22 18:12:23.827,8.22392,8.22729,1.00,1.00
2016.04.22 18:12:24.524,8.22417,8.22729,1.00,1.00
2016.04.22 18:12:28.126,8.22417,8.22729,1.00,1.07
2016.04.22 18:12:35.363,8.22417,8.2272,1.00,1.00
2016.04.22 18:12:37.082,8.22417,8.22708,1.00,1.00
2016.04.22 18:12:40.249,8.22417,8.22729,1.00,1.07
2016.04.22 18:12:41.850,8.22417,8.22707,1.00,1.00
2016.04.22 18:12:43.757,8.22436,8.22707,1.00,1.00
2016.04.22 18:12:53.867,8.22416,8.22707,1.00,1.00
2016.04.22 18:13:01.409,8.22416,8.22707,1.00,1.07
2016.04.22 18:13:01.746,8.22416,8.22707,1.00,1.00
2016.04.22 18:13:02.268,8.22416,8.22685,1.00,1.00
2016.04.22 18:13:04.920,8.22416,8.22704,1.00,1.00
2016.04.22 18:13:04.971,8.22416,8.22642,1.00,1.00
2016.04.22 18:13:05.073,8.22416,8.22704,1.00,1.37
2016.04.22 18:13:06.572,8.22416,8.2267,1.00,1.00
2016.04.22 18:13:11.377,8.22416,8.22646,1.00,1.00
2016.04.22 18:13:11.698,8.22416,8.22646,1.00,1.07
2016.04.22 18:13:12.654,8.22387,8.22646,1.00,1.07
2016.04.22 18:13:12.705,8.22387,8.2262,1.00,1.00
2016.04.22 18:13:13.756,8.22382,8.2262,1.00,1.00
2016.04.22 18:13:13.820,8.22334,8.2262,1.00,1.00
2016.04.22 18:13:14.324,8.22362,8.2262,1.00,1.00
2016.04.22 18:13:22.471,8.22372,8.2262,1.00,1.00
2016.04.22 18:13:22.988,8.22372,8.22619,1.00,1.00
2016.04.22 18:13:23.575,8.22397,8.22619,1.00,1.00
2016.04.22 18:13:23.626,8.22397,8.22665,1.00,1.00
2016.04.22 18:13:23.867,8.22397,8.22665,1.00,1.07
2016.04.22 18:13:24.480,8.22397,8.22665,1.00,1.00
2016.04.22 18:13:24.829,8.22397,8.22687,1.00,1.07
2016.04.22 18:13:25.387,8.22397,8.22687,1.00,1.37
2016.04.22 18:13:25.723,8.22397,8.22687,1.00,1.37
2016.04.22 18:13:26.591,8.22397,8.2262,1.00,1.00
2016.04.22 18:13:32.470,8.22412,8.2262,1.00,1.00
2016.04.22 18:13:33.097,8.22412,8.22635,1.00,1.00
2016.04.22 18:13:34.317,8.22412,8.22686,1.00,1.00
2016.04.22 18:13:34.418,8.22422,8.22686,1.00,1.00
2016.04.22 18:13:34.886,8.22431,8.22686,1.00,1.00
2016.04.22 18:13:35.671,8.22422,8.22686,1.00,1.00
2016.04.22 18:13:35.722,8.22422,8.22708,1.00,1.00
2016.04.22 18:13:36.053,8.22446,8.22708,1.00,1.00
2016.04.22 18:13:36.813,8.22446,8.2273,1.00,1.00
2016.04.22 18:13:38.125,8.22446,8.22731,1.00,1.00
2016.04.22 18:13:39.504,8.22446,8.22773,1.00,1.37
2016.04.22 18:13:39.831,8.22446,8.22708,1.00,1.00
2016.04.22 18:13:41.105,8.22446,8.22686,1.00,1.00
2016.04.22 18:13:42.306,8.22446,8.22708,1.00,1.00
2016.04.22 18:13:43.626,8.22446,8.22685,1.00,1.00
2016.04.22 18:13:44.892,8.22446,8.22686,1.00,1.00
2016.04.22 18:13:45.716,8.22446,8.22683,1.00,1.00
2016.04.22 18:13:46.268,8.22446,8.22683,1.00,1.07
2016.04.22 18:13:47.311,8.22446,8.22671,1.00,1.00
2016.04.22 18:13:54.486,8.22392,8.22671,1.00,1.00
2016.04.22 18:13:55.163,8.22405,8.22671,1.00,1.00
2016.04.22 18:14:00.322,8.22405,8.2265,1.00,1.00
2016.04.22 18:14:01.386,8.22333,8.2265,1.00,1.00
2016.04.22 18:14:01.874,8.22333,8.22635,1.00,1.00
2016.04.22 18:14:02.329,8.22366,8.22635,1.00,1.00
2016.04.22 18:14:10.044,8.22283,8.22635,1.00,1.00
2016.04.22 18:14:11.263,8.22313,8.22635,1.00,1.00
2016.04.22 18:14:12.943,8.22313,8.22646,1.00,1.00
2016.04.22 18:14:18.548,8.22313,8.22635,1.00,1.00
2016.04.22 18:14:20.080,8.22313,8.22646,1.00,1.00
2016.04.22 18:14:28.286,8.22313,8.22646,1.37,1.00
2016.04.22 18:14:28.446,8.22343,8.22676,1.00,1.00
2016.04.22 18:14:28.614,8.22332,8.22728,1.00,1.07
2016.04.22 18:14:28.665,8.22332,8.22728,1.75,1.00
2016.04.22 18:14:29.403,8.22366,8.22693,1.00,1.00
2016.04.22 18:14:35.080,8.2235,8.22728,1.00,1.00
2016.04.22 18:14:35.892,8.22377,8.22728,1.00,1.00
2016.04.22 18:14:36.466,8.22416,8.22728,1.00,1.00
2016.04.22 18:14:38.387,8.22416,8.22743,1.00,1.00
2016.04.22 18:14:45.029,8.22407,8.22758,1.00,1.00
2016.04.22 18:14:45.252,8.22441,8.22758,1.00,1.00
2016.04.22 18:14:46.675,8.22441,8.22752,1.00,1.00
2016.04.22 18:14:47.575,8.22441,8.22758,1.00,1.00
2016.04.22 18:14:48.434,8.22441,8.22768,1.00,1.00
2016.04.22 18:14:48.576,8.22441,8.22752,1.00,1.00
2016.04.22 18:14:49.608,8.22441,8.22768,1.00,1.00
2016.04.22 18:14:50.613,8.22441,8.22752,1.00,1.00
2016.04.22 18:14:51.624,8.22441,8.22768,1.00,1.00
2016.04.22 18:14:52.610,8.22441,8.22751,1.00,1.00
2016.04.22 18:14:53.808,8.22441,8.22768,1.00,1.00
2016.04.22 18:15:04.805,8.22441,8.2276,1.00,1.00
2016.04.22 18:15:06.001,8.22441,8.22759,1.00,1.07
2016.04.22 18:15:08.106,8.22441,8.22737,1.00,1.00
2016.04.22 18:15:09.296,8.22441,8.22745,1.00,1.00
2016.04.22 18:15:09.497,8.22441,8.2273,1.00,1.00
2016.04.22 18:15:10.798,8.22441,8.22736,1.00,1.00
2016.04.22 18:15:12.000,8.22441,8.22737,1.00,1.00
2016.04.22 18:15:15.080,8.22433,8.22737,1.00,1.00
2016.04.22 18:15:18.389,8.22426,8.22737,1.00,1.00
2016.04.22 18:15:20.640,8.22426,8.22752,1.00,1.00
2016.04.22 18:15:22.027,8.22426,8.22737,1.00,1.00
2016.04.22 18:15:35.139,8.22392,8.22719,1.50,1.00
2016.04.22 18:15:58.465,8.22402,8.22719,1.00,1.00
2016.04.22 18:16:05.004,8.22422,8.22747,1.00,1.07
2016.04.22 18:16:08.488,8.22423,8.22747,1.00,1.07
2016.04.22 18:16:18.382,8.22422,8.22747,1.00,1.07
2016.04.22 18:16:27.816,8.22422,8.22747,1.00,1.00
2016.04.22 18:16:29.413,8.22422,8.22767,1.00,1.00
2016.04.22 18:16:30.163,8.22456,8.22767,1.00,1.00
2016.04.22 18:16:39.873,8.22456,8.22767,1.00,1.07
2016.04.22 18:16:49.423,8.22437,8.22764,1.00,1.07
2016.04.22 18:16:59.382,8.22417,8.22744,1.00,1.00
2016.04.22 18:17:12.644,8.22413,8.22767,1.00,1.57
2016.04.22 18:17:12.695,8.22432,8.22767,1.00,1.07
2016.04.22 18:17:13.761,8.22462,8.22767,1.00,1.07
2016.04.22 18:17:19.296,8.22462,8.22767,1.00,1.37
2016.04.22 18:17:19.397,8.22384,8.22741,1.00,1.07
2016.04.22 18:17:20.116,8.22322,8.22741,1.00,1.07
2016.04.22 18:17:20.167,8.22322,8.22719,1.00,1.00
2016.04.22 18:17:20.578,8.22322,8.22679,1.00,1.00
2016.04.22 18:17:20.634,8.22322,8.22741,1.00,1.07
2016.04.22 18:17:21.803,8.22343,8.22741,1.00,1.07
2016.04.22 18:17:22.174,8.22379,8.22708,1.00,1.00
2016.04.22 18:17:22.242,8.22358,8.22708,1.00,1.00
2016.04.22 18:17:22.903,8.22391,8.22708,1.00,1.00
2016.04.22 18:17:25.817,8.22391,8.2273,1.00,1.37
2016.04.22 18:17:26.072,8.22391,8.2273,1.00,1.00
2016.04.22 18:17:27.018,8.22391,8.22749,1.00,1.07
2016.04.22 18:17:27.283,8.22391,8.22749,1.00,1.37
2016.04.22 18:17:27.728,8.22396,8.22708,1.00,1.00
2016.04.22 18:17:28.319,8.22396,8.22724,1.00,1.00
2016.04.22 18:17:28.471,8.22388,8.22753,1.00,1.37
2016.04.22 18:17:29.222,8.22437,8.22753,1.00,1.37
2016.04.22 18:17:29.533,8.22437,8.22708,1.00,1.00
2016.04.22 18:17:31.022,8.22437,8.22729,1.00,1.00
2016.04.22 18:17:34.601,8.22382,8.22729,1.00,1.00
2016.04.22 18:17:35.124,8.22382,8.22729,1.00,1.37
2016.04.22 18:17:35.712,8.22391,8.22718,1.00,1.07
2016.04.22 18:17:36.022,8.22391,8.22708,1.00,1.00
2016.04.22 18:17:42.817,8.22352,8.22708,1.00,1.00
2016.04.22 18:17:43.052,8.22303,8.22697,1.75,1.00
2016.04.22 18:17:44.002,8.22346,8.22673,1.00,1.00
2016.04.22 18:18:00.032,8.22346,8.22657,1.00,1.00
2016.04.22 18:18:01.821,8.22346,8.22657,1.00,1.07
2016.04.22 18:18:12.901,8.22302,8.22656,1.00,1.07
2016.04.22 18:18:13.046,8.22262,8.22628,1.37,1.00
2016.04.22 18:18:14.173,8.22288,8.22615,1.00,1.00
2016.04.22 18:18:35.632,8.22288,8.22615,1.00,1.07
2016.04.22 18:18:36.361,8.22288,8.22615,1.00,1.37
2016.04.22 18:18:42.781,8.22267,8.22594,1.00,1.00
2016.04.22 18:18:52.902,8.22244,8.22571,1.00,1.00
2016.04.22 18:18:52.953,8.22232,8.22599,1.00,1.07
2016.04.22 18:18:53.030,8.22182,8.22558,1.75,1.00
2016.04.22 18:18:53.975,8.22213,8.2254,1.37,1.00
2016.04.22 18:19:00.626,8.22213,8.2254,1.00,1.00
2016.04.22 18:19:00.788,8.22213,8.2254,1.37,1.00
2016.04.22 18:19:02.919,8.22203,8.22558,1.75,1.00
2016.04.22 18:19:03.063,8.22232,8.22598,1.00,1.00
2016.04.22 18:19:03.430,8.22247,8.22574,1.00,1.00
2016.04.22 18:19:29.949,8.22247,8.22567,1.00,1.00
2016.04.22 18:19:32.401,8.22173,8.22567,1.75,1.00
2016.04.22 18:19:33.820,8.22197,8.22524,1.00,1.00
2016.04.22 18:19:35.607,8.22141,8.22508,1.75,1.00
2016.04.22 18:19:35.980,8.22177,8.22504,1.50,1.00
2016.04.22 18:19:40.232,8.22177,8.22458,1.50,1.00
2016.04.22 18:19:42.152,8.22159,8.22458,1.12,1.00
2016.04.22 18:19:42.372,8.22156,8.22458,1.37,1.00
2016.04.22 18:19:44.499,8.22156,8.22458,1.00,1.00
2016.04.22 18:19:44.550,8.22156,8.22458,1.75,1.00
2016.04.22 18:19:45.843,8.22156,8.22458,1.00,1.00
2016.04.22 18:19:46.028,8.22156,8.22458,1.75,1.00
2016.04.22 18:19:46.781,8.22156,8.22483,1.75,1.00
2016.04.22 18:19:46.832,8.22147,8.22518,1.75,1.00
2016.04.22 18:19:47.230,8.22187,8.22512,1.75,1.00
2016.04.22 18:19:47.580,8.22187,8.22512,1.75,1.00
2016.04.22 18:20:00.341,8.22187,8.22512,1.75,1.00
2016.04.22 18:20:06.557,8.22278,8.22512,1.00,1.00
2016.04.22 18:20:06.608,8.22278,8.2254,1.00,1.00
2016.04.22 18:20:06.734,8.22278,8.22568,1.00,1.00
2016.04.22 18:20:07.183,8.22278,8.22555,1.00,1.00
2016.04.22 18:20:10.975,8.22278,8.22538,1.00,1.00
2016.04.22 18:20:12.032,8.22278,8.22535,1.00,1.00
2016.04.22 18:20:13.556,8.22257,8.22535,1.00,1.00
2016.04.22 18:20:21.002,8.22257,8.22528,1.00,1.00
2016.04.22 18:20:31.041,8.22257,8.22535,1.00,1.00
2016.04.22 18:20:35.877,8.22278,8.22535,1.00,1.00
2016.04.22 18:20:41.131,8.22278,8.22608,1.00,1.07
2016.04.22 18:20:41.941,8.22278,8.22588,1.00,1.00
2016.04.22 18:20:42.784,8.223,8.22588,1.00,1.00
2016.04.22 18:20:43.428,8.223,8.22608,1.00,1.00
2016.04.22 18:20:44.101,8.22346,8.22608,1.00,1.00
2016.04.22 18:20:44.673,8.22346,8.22607,1.00,1.00
2016.04.22 18:20:44.882,8.22346,8.22677,1.00,1.00
2016.04.22 18:20:45.821,8.22283,8.22671,1.37,1.00
2016.04.22 18:20:45.872,8.22316,8.22643,1.00,1.00
2016.04.22 18:20:46.613,8.22316,8.22643,1.00,1.07
2016.04.22 18:20:46.943,8.22316,8.22643,1.00,1.50
2016.04.22 18:20:47.122,8.2229,8.22617,1.00,1.07
2016.04.22 18:20:53.564,8.2229,8.22617,1.00,1.00
2016.04.22 18:20:56.296,8.223,8.22617,1.00,1.00
2016.04.22 18:20:56.806,8.223,8.22588,1.00,1.00
2016.04.22 18:20:57.598,8.22322,8.22588,1.00,1.00
2016.04.22 18:20:57.800,8.22273,8.22588,1.00,1.00
2016.04.22 18:20:57.987,8.22256,8.22588,1.00,1.00
2016.04.22 18:20:58.726,8.22256,8.22566,1.00,1.00
2016.04.22 18:20:59.343,8.22256,8.22587,1.00,1.00
2016.04.22 18:20:59.514,8.22256,8.22559,1.00,1.00
2016.04.22 18:21:00.300,8.22235,8.22559,1.00,1.00
2016.04.22 18:21:01.522,8.22232,8.22548,1.00,1.00
2016.04.22 18:21:05.803,8.22203,8.22528,1.00,1.00
2016.04.22 18:21:11.557,8.22203,8.22508,1.00,1.00
2016.04.22 18:21:11.658,8.22201,8.22508,1.00,1.00
2016.04.22 18:21:12.063,8.22201,8.22502,1.00,1.00
2016.04.22 18:21:14.459,8.22201,8.22487,1.00,1.00
2016.04.22 18:21:15.161,8.22216,8.22487,1.00,1.00
2016.04.22 18:21:23.962,8.22216,8.22474,1.00,1.00
2016.04.22 18:21:24.308,8.22216,8.22457,1.00,1.00
2016.04.22 18:21:32.609,8.22216,8.22458,1.00,1.00
2016.04.22 18:21:32.950,8.22238,8.22458,1.00,1.00
2016.04.22 18:21:34.314,8.22238,8.22487,1.00,1.00
2016.04.22 18:21:44.340,8.22238,8.22528,1.00,1.00
2016.04.22 18:21:47.261,8.22253,8.22528,1.00,1.00
2016.04.22 18:21:48.562,8.22274,8.22528,1.00,1.00
2016.04.22 18:21:50.264,8.22283,8.22528,1.00,1.00
2016.04.22 18:21:54.438,8.22283,8.22548,1.00,1.00
2016.04.22 18:22:02.912,8.22274,8.22548,1.00,1.00
2016.04.22 18:22:04.108,8.22304,8.22548,1.00,1.00
2016.04.22 18:22:04.306,8.22304,8.22554,1.00,1.00
2016.04.22 18:22:04.832,8.22304,8.22575,1.00,1.00
2016.04.22 18:22:05.067,8.22304,8.22578,1.00,1.00
2016.04.22 18:22:05.578,8.22333,8.22578,1.00,1.00
2016.04.22 18:22:14.359,8.22333,8.22588,1.00,1.00
2016.04.22 18:22:24.359,8.22333,8.22568,1.00,1.00
2016.04.22 18:22:26.456,8.22292,8.22568,1.00,1.00
2016.04.22 18:22:27.431,8.22274,8.22568,1.00,1.00
2016.04.22 18:22:27.482,8.22274,8.22557,1.00,1.00
2016.04.22 18:22:37.542,8.22274,8.22548,1.00,1.00
2016.04.22 18:22:47.561,8.22274,8.22562,1.00,1.00
2016.04.22 18:23:08.104,8.22282,8.22562,1.00,1.00
2016.04.22 18:23:09.768,8.22283,8.22562,1.00,1.00
2016.04.22 18:23:11.569,8.22304,8.22562,1.00,1.00
2016.04.22 18:23:13.159,8.22304,8.22584,1.00,1.00
2016.04.22 18:23:17.042,8.22304,8.22588,1.00,1.00
2016.04.22 18:23:17.321,8.22282,8.22588,1.00,1.00
2016.04.22 18:23:17.517,8.22282,8.22602,1.00,1.00
2016.04.22 18:23:23.088,8.22304,8.22602,1.00,1.00
2016.04.22 18:23:24.408,8.22283,8.22602,1.00,1.00
2016.04.22 18:23:28.899,8.22275,8.22602,1.00,1.00
2016.04.22 18:23:33.838,8.22305,8.22602,1.00,1.00
2016.04.22 18:23:34.431,8.22275,8.22602,1.00,1.00
2016.04.22 18:23:43.189,8.22275,8.22602,1.00,1.37
2016.04.22 18:23:43.978,8.22251,8.22578,1.00,1.00
2016.04.22 18:23:53.398,8.22263,8.22578,1.00,1.00
2016.04.22 18:23:53.449,8.22263,8.22617,1.00,1.75
2016.04.22 18:23:53.817,8.22276,8.22603,1.00,1.37
2016.04.22 18:24:13.343,8.22282,8.22603,1.00,1.37
2016.04.22 18:24:13.656,8.22297,8.22622,1.00,1.75
2016.04.22 18:24:15.287,8.22297,8.22622,1.00,1.07
2016.04.22 18:24:18.664,8.22274,8.22601,1.00,1.00
2016.04.22 18:24:18.778,8.22232,8.22628,1.00,1.37
2016.04.22 18:24:19.287,8.22232,8.22628,1.00,1.75
2016.04.22 18:24:19.618,8.22261,8.22588,1.00,1.00
2016.04.22 18:24:28.722,8.22223,8.22587,1.50,1.00
2016.04.22 18:24:28.967,8.22237,8.22564,1.00,1.00
2016.04.22 18:24:31.899,8.22237,8.22564,1.00,1.37
2016.04.22 18:24:38.779,8.22216,8.22543,1.00,1.07
2016.04.22 18:24:47.740,8.22223,8.22543,1.00,1.07
2016.04.22 18:24:47.841,8.22223,8.22594,1.00,1.37
2016.04.22 18:24:48.787,8.22256,8.22583,1.00,1.07
2016.04.22 18:24:50.616,8.22256,8.22583,1.00,1.75
2016.04.22 18:25:14.707,8.22256,8.22583,1.00,1.07
2016.04.22 18:25:19.547,8.22256,8.22583,1.00,1.00
2016.04.22 18:25:27.429,8.22272,8.22583,1.00,1.00
2016.04.22 18:25:27.962,8.22272,8.22648,1.00,1.75
2016.04.22 18:25:28.959,8.22297,8.22622,1.00,1.75
2016.04.22 18:25:39.456,8.22297,8.22622,1.00,1.07
2016.04.22 18:25:54.548,8.22302,8.22622,1.00,1.07
2016.04.22 18:25:57.778,8.22302,8.22622,1.00,1.00
2016.04.22 18:25:57.829,8.22302,8.22667,1.00,1.37
2016.04.22 18:25:58.768,8.22336,8.22663,1.00,1.07
2016.04.22 18:26:04.278,8.22326,8.22688,1.00,1.37
2016.04.22 18:26:04.388,8.22352,8.22689,1.00,1.37
2016.04.22 18:26:04.891,8.22352,8.22689,1.00,1.07
2016.04.22 18:26:05.358,8.22377,8.22704,1.00,1.37
2016.04.22 18:26:10.819,8.22377,8.22704,1.00,1.37
2016.04.22 18:26:24.558,8.22377,8.22703,1.00,1.75
2016.04.22 18:26:25.163,8.22359,8.22675,1.00,1.37
2016.04.22 18:26:27.399,8.22352,8.22675,1.00,1.37
2016.04.22 18:26:27.875,8.22292,8.22657,1.00,1.07
2016.04.22 18:26:28.305,8.22292,8.22657,1.00,1.75
2016.04.22 18:26:28.635,8.22323,8.2265,1.00,1.75
2016.04.22 18:26:37.523,8.22292,8.22664,1.00,2.25
2016.04.22 18:26:37.870,8.22283,8.22627,1.00,1.12
2016.04.22 18:26:38.418,8.22283,8.22609,1.00,1.00
2016.04.22 18:26:47.900,8.22282,8.22609,1.00,1.00
2016.04.22 18:26:57.162,8.22312,8.22609,1.00,1.00
2016.04.22 18:26:57.288,8.22312,8.22687,1.00,1.75
2016.04.22 18:26:58.367,8.22328,8.22655,1.00,1.75
2016.04.22 18:27:03.516,8.22328,8.22655,1.00,1.07
2016.04.22 18:27:07.131,8.22325,8.22688,1.00,1.75
2016.04.22 18:27:07.182,8.22342,8.22725,1.00,1.75
2016.04.22 18:27:07.790,8.22369,8.22696,1.00,1.75
2016.04.22 18:27:09.564,8.22347,8.22674,1.00,1.37
2016.04.22 18:27:25.823,8.22347,8.22668,1.00,1.75
2016.04.22 18:27:27.913,8.22347,8.22668,1.00,1.37
2016.04.22 18:27:29.449,8.22321,8.22648,1.00,1.07
2016.04.22 18:27:39.454,8.22344,8.22671,1.00,1.37
2016.04.22 18:27:39.557,8.22315,8.22698,1.00,1.75
2016.04.22 18:27:40.337,8.22338,8.22698,1.00,1.75
2016.04.22 18:27:40.820,8.22369,8.22696,1.00,1.75
2016.04.22 18:27:52.896,8.22369,8.22696,1.00,1.75
2016.04.22 18:27:58.456,8.22347,8.22674,1.00,1.37
2016.04.22 18:27:59.813,8.22347,8.22674,1.00,1.00
2016.04.22 18:28:01.726,8.22347,8.22674,1.00,1.37
2016.04.22 18:28:04.112,8.22372,8.22674,1.00,1.37
2016.04.22 18:28:07.477,8.22387,8.22714,1.00,1.75
2016.04.22 18:28:10.088,8.22405,8.22725,1.00,1.75
2016.04.22 18:28:12.223,8.22372,8.22723,1.00,1.75
2016.04.22 18:28:14.090,8.22367,8.22692,1.00,1.50
2016.04.22 18:28:14.711,8.22367,8.22692,1.00,1.07
2016.04.22 18:28:22.396,8.22367,8.22692,1.00,1.00
2016.04.22 18:28:28.173,8.22372,8.22692,1.00,1.00
2016.04.22 18:28:34.506,8.22372,8.22692,1.00,1.12
2016.04.22 18:28:35.154,8.22367,8.22692,1.00,1.12
2016.04.22 18:28:35.754,8.22322,8.22708,1.00,1.37
2016.04.22 18:28:36.386,8.22344,8.22671,1.00,1.00
2016.04.22 18:28:44.946,8.22344,8.22671,1.00,1.07
2016.04.22 18:28:50.557,8.22344,8.22661,1.00,1.37
2016.04.22 18:28:50.759,8.22313,8.22661,1.00,1.37
2016.04.22 18:28:51.386,8.22269,8.22648,1.00,1.37
2016.04.22 18:28:51.603,8.22292,8.22648,1.00,1.37
2016.04.22 18:28:52.064,8.22296,8.22621,1.00,1.00
2016.04.22 18:28:52.864,8.22314,8.22621,1.00,1.00
2016.04.22 18:28:53.582,8.22296,8.22621,1.00,1.00
2016.04.22 18:28:54.095,8.22314,8.22621,1.00,1.00
2016.04.22 18:28:56.568,8.22296,8.22621,1.00,1.00
2016.04.22 18:29:00.074,8.22314,8.22621,1.00,1.00
2016.04.22 18:29:00.175,8.22314,8.22648,1.00,1.00
2016.04.22 18:29:00.953,8.22333,8.22648,1.00,1.00
2016.04.22 18:29:01.422,8.22333,8.2266,1.00,1.00
2016.04.22 18:29:10.146,8.22285,8.22668,1.00,1.00
2016.04.22 18:29:10.715,8.22316,8.22643,1.00,1.00
2016.04.22 18:29:14.153,8.22316,8.22628,1.00,1.00
2016.04.22 18:29:24.173,8.22316,8.22598,1.00,1.00
2016.04.22 18:29:27.734,8.22273,8.22598,1.00,1.00
2016.04.22 18:29:28.555,8.22279,8.22598,1.00,1.00
2016.04.22 18:29:37.692,8.2226,8.22586,1.00,1.00
2016.04.22 18:29:37.742,8.2226,8.22537,1.00,1.00
2016.04.22 18:29:37.793,8.22237,8.22537,1.00,1.00
2016.04.22 18:29:47.736,8.22237,8.22552,1.00,1.00
2016.04.22 18:29:47.837,8.22225,8.22552,1.00,1.00
2016.04.22 18:29:56.561,8.22225,8.22498,1.00,1.00
2016.04.22 18:29:58.816,8.22156,8.22498,1.00,1.00
2016.04.22 18:29:59.472,8.22156,8.22467,1.00,1.00
2016.04.22 18:30:00.352,8.221,8.22467,1.00,1.00
2016.04.22 18:30:00.402,8.22155,8.22467,1.00,1.00
2016.04.22 18:30:09.589,8.22155,8.22481,1.00,1.00
2016.04.22 18:30:19.114,8.22155,8.22481,1.00,1.07
2016.04.22 18:30:19.533,8.22155,8.22458,1.00,1.00
2016.04.22 18:30:29.529,8.22155,8.22447,1.00,1.00
2016.04.22 18:30:39.540,8.22155,8.22458,1.00,1.00
2016.04.22 18:30:49.564,8.22155,8.22478,1.00,1.00
2016.04.22 18:30:59.528,8.22149,8.22508,1.00,1.00
2016.04.22 18:31:00.238,8.22197,8.22508,1.00,1.00
2016.04.22 18:31:09.540,8.22197,8.22488,1.00,1.00
2016.04.22 18:31:19.486,8.22167,8.22488,1.00,1.00
2016.04.22 18:31:29.520,8.22167,8.22478,1.00,1.00
2016.04.22 18:31:39.533,8.22167,8.22468,1.00,1.00
2016.04.22 18:31:49.541,8.22167,8.22467,1.00,1.00
2016.04.22 18:31:59.443,8.22147,8.22467,1.00,1.00
2016.04.22 18:31:59.544,8.22147,8.22447,1.00,1.00
2016.04.22 18:32:06.396,8.22134,8.22498,1.00,1.00
2016.04.22 18:32:07.337,8.22157,8.22498,1.00,1.00
2016.04.22 18:32:07.811,8.22187,8.22498,1.00,1.00
2016.04.22 18:32:08.672,8.22187,8.22498,1.00,1.37
2016.04.22 18:32:08.907,8.22187,8.22498,1.00,1.00
2016.04.22 18:32:09.893,8.22187,8.22498,1.00,1.37
2016.04.22 18:32:10.214,8.22187,8.22498,1.00,1.00
2016.04.22 18:32:16.287,8.22187,8.22488,1.00,1.00
2016.04.22 18:32:26.312,8.22187,8.22478,1.00,1.00
2016.04.22 18:32:26.363,8.22119,8.22478,1.00,1.00
2016.04.22 18:32:26.611,8.22152,8.22478,1.00,1.00
2016.04.22 18:32:36.326,8.22132,8.22459,1.00,1.00
2016.04.22 18:32:36.377,8.22132,8.22428,1.00,1.00
2016.04.22 18:32:46.262,8.22132,8.22458,1.00,1.00
2016.04.22 18:32:46.313,8.22122,8.22458,1.00,1.00
2016.04.22 18:32:46.836,8.22162,8.22458,1.00,1.00
2016.04.22 18:32:56.285,8.22162,8.22468,1.00,1.00
2016.04.22 18:32:59.401,8.22162,8.22468,1.00,1.37
2016.04.22 18:32:59.947,8.22162,8.22468,1.00,1.00
2016.04.22 18:33:06.352,8.22162,8.22468,1.00,1.37
2016.04.22 18:33:06.570,8.22162,8.22468,1.00,1.00
2016.04.22 18:33:06.901,8.22162,8.22468,1.00,1.07
2016.04.22 18:33:07.160,8.22162,8.22468,1.00,1.00
2016.04.22 18:33:08.726,8.22137,8.22464,1.00,1.00
2016.04.22 18:33:16.628,8.22123,8.22487,1.00,1.00
2016.04.22 18:33:17.565,8.22177,8.22487,1.00,1.00
2016.04.22 18:33:18.562,8.22177,8.22487,1.00,1.07
2016.04.22 18:33:18.910,8.22177,8.22487,1.00,1.75
2016.04.22 18:33:19.373,8.22177,8.22479,1.00,1.10
2016.04.22 18:33:20.360,8.22177,8.22487,1.00,1.75
2016.04.22 18:33:20.691,8.22177,8.22487,1.00,1.00
2016.04.22 18:33:26.277,8.22177,8.22478,1.00,1.00
2016.04.22 18:33:29.415,8.22119,8.22478,1.00,1.00
2016.04.22 18:33:29.896,8.22157,8.22478,1.00,1.00
2016.04.22 18:33:36.311,8.22157,8.22484,1.00,1.00
2016.04.22 18:33:39.487,8.22147,8.22487,1.00,1.00
2016.04.22 18:33:39.589,8.22147,8.22487,1.00,1.37
2016.04.22 18:33:39.931,8.22187,8.22487,1.00,1.00
2016.04.22 18:33:46.320,8.22187,8.22488,1.00,1.00
2016.04.22 18:33:49.509,8.22122,8.22488,1.00,1.00
2016.04.22 18:33:50.070,8.22155,8.22481,1.00,1.00
2016.04.22 18:33:52.495,8.22155,8.22458,1.00,1.00
2016.04.22 18:33:52.697,8.22097,8.22458,1.00,1.37
2016.04.22 18:33:53.104,8.22097,8.22458,1.00,1.00
2016.04.22 18:33:53.155,8.22133,8.22458,1.00,1.00
2016.04.22 18:33:54.019,8.22084,8.22458,1.00,1.00
2016.04.22 18:33:54.388,8.22119,8.22443,1.00,1.00
2016.04.22 18:33:54.691,8.22119,8.22428,1.00,1.00
2016.04.22 18:34:02.744,8.22045,8.22428,1.00,1.50
2016.04.22 18:34:03.039,8.22082,8.22409,1.00,1.00
2016.04.22 18:34:04.501,8.22082,8.22388,1.00,1.00
2016.04.22 18:34:14.586,8.22082,8.22387,1.00,1.00
2016.04.22 18:34:24.604,8.22082,8.22378,1.00,1.00
2016.04.22 18:34:28.998,8.2203,8.22378,1.00,1.00
2016.04.22 18:34:29.437,8.22054,8.22378,1.00,1.00
2016.04.22 18:34:33.645,8.22022,8.22349,1.00,1.00
2016.04.22 18:34:38.956,8.22022,8.22378,1.00,1.00
2016.04.22 18:34:39.369,8.22052,8.22378,1.00,1.00
2016.04.22 18:34:44.510,8.22052,8.22368,1.00,1.00
2016.04.22 18:34:54.443,8.22052,8.22379,1.00,1.00
2016.04.22 18:34:55.733,8.22044,8.22388,1.00,1.00
2016.04.22 18:34:55.798,8.22044,8.22388,1.00,1.37
2016.04.22 18:34:56.159,8.22044,8.22388,1.00,1.00
2016.04.22 18:34:56.210,8.22082,8.22388,1.00,1.00
2016.04.22 18:35:04.480,8.22082,8.22407,1.00,1.00
2016.04.22 18:35:14.503,8.22082,8.22409,1.00,1.00
2016.04.22 18:35:44.458,8.22082,8.22397,1.00,1.00
2016.04.22 18:35:56.196,8.22023,8.22397,1.00,1.00
2016.04.22 18:36:04.498,8.22052,8.22408,1.00,1.00
2016.04.22 18:36:14.417,8.22062,8.22428,1.00,1.07
2016.04.22 18:36:24.437,8.22042,8.22428,1.00,1.07
2016.04.22 18:36:30.146,8.22412,8.22428,2.10,1.07
2016.04.22 18:36:30.197,8.22412,8.22499,2.10,1.00
2016.04.22 18:36:30.248,8.22412,8.22588,2.10,1.00
2016.04.22 18:36:30.349,8.22352,8.22588,1.35,1.00
2016.04.22 18:36:31.514,8.22258,8.22588,1.35,1.00
2016.04.22 18:36:31.616,8.22256,8.22588,1.35,1.00
2016.04.22 18:36:32.396,8.22269,8.22596,1.37,1.00
2016.04.22 18:36:33.476,8.22269,8.22596,1.12,1.00
2016.04.22 18:36:58.770,8.22291,8.22607,1.00,1.07
2016.04.22 18:36:59.091,8.22291,8.22607,1.37,1.00
2016.04.22 18:36:59.142,8.22291,8.22607,1.00,1.00
2016.04.22 18:37:02.416,8.22291,8.22618,1.00,1.07
2016.04.22 18:37:10.832,8.22272,8.22599,1.37,1.00
2016.04.22 18:37:13.517,8.22272,8.22599,1.75,1.00
2016.04.22 18:37:13.719,8.2229,8.22664,1.35,1.00
2016.04.22 18:37:13.770,8.22297,8.22624,1.75,1.00
2016.04.22 18:37:13.922,8.2229,8.22657,1.35,1.00
2016.04.22 18:37:14.444,8.2229,8.22667,1.35,1.00
2016.04.22 18:37:14.581,8.2231,8.22637,1.37,1.00
2016.04.22 18:37:23.753,8.22322,8.22668,1.12,1.00
2016.04.22 18:37:24.071,8.22336,8.22663,1.10,1.00
2016.04.22 18:37:30.727,8.22336,8.22663,1.37,1.00
2016.04.22 18:37:31.333,8.22336,8.22663,1.37,1.00
2016.04.22 18:37:39.733,8.22336,8.22663,1.10,1.00
2016.04.22 18:37:43.672,8.22336,8.22658,1.10,1.00
2016.04.22 18:38:03.680,8.22336,8.22647,1.10,1.00
2016.04.22 18:38:13.707,8.22336,8.22637,1.10,1.00
2016.04.22 18:38:23.731,8.22336,8.22658,1.10,1.00
2016.04.22 18:38:33.719,8.22295,8.22628,1.35,1.00
2016.04.22 18:38:43.696,8.22293,8.22617,2.10,1.00
2016.04.22 18:38:53.797,8.22312,8.22618,1.97,1.00
2016.04.22 18:39:04.211,8.22302,8.22618,1.67,1.00
2016.04.22 18:39:05.232,8.22296,8.22607,1.27,1.00
2016.04.22 18:39:05.284,8.22267,8.22607,1.72,1.00
2016.04.22 18:39:13.418,8.22315,8.22607,1.00,1.00
2016.04.22 18:39:13.823,8.22259,8.22607,1.00,1.00
2016.04.22 18:39:13.873,8.22259,8.22607,1.00,1.07
2016.04.22 18:39:14.364,8.22293,8.22607,1.00,1.07
2016.04.22 18:39:14.415,8.22293,8.22607,1.00,1.00
2016.04.22 18:39:15.222,8.22293,8.22588,1.00,1.00
2016.04.22 18:39:25.157,8.22293,8.22578,1.00,1.00
2016.04.22 18:39:35.150,8.22293,8.22587,1.00,1.00
2016.04.22 18:39:38.007,8.22293,8.22587,1.00,1.37
2016.04.22 18:39:41.950,8.22293,8.22587,1.00,1.07
2016.04.22 18:39:47.605,8.22293,8.22565,1.00,1.00
2016.04.22 18:39:47.656,8.22275,8.22565,1.00,1.00
2016.04.22 18:39:47.706,8.22275,8.22565,1.00,1.07
2016.04.22 18:39:47.808,8.22222,8.22588,1.00,1.75
2016.04.22 18:39:47.859,8.22222,8.22497,1.00,1.00
2016.04.22 18:39:47.910,8.22179,8.22497,1.00,1.00
2016.04.22 18:39:48.011,8.22179,8.22497,1.00,1.75
2016.04.22 18:39:48.216,8.22142,8.22466,1.00,1.37
2016.04.22 18:39:48.476,8.22142,8.22466,1.00,1.75
2016.04.22 18:39:49.978,8.22145,8.22466,1.00,1.75
2016.04.22 18:39:50.328,8.22181,8.22466,1.00,1.75
2016.04.22 18:39:51.453,8.22147,8.22459,1.00,1.75
2016.04.22 18:39:52.061,8.2217,8.22459,1.00,1.75
2016.04.22 18:39:58.690,8.2217,8.22453,1.00,1.75
2016.04.22 18:40:05.536,8.22136,8.22425,1.00,1.50
2016.04.22 18:40:12.874,8.22136,8.22411,1.00,1.75
2016.04.22 18:40:34.681,8.22136,8.22406,1.00,1.75
2016.04.22 18:40:34.783,8.22071,8.22318,1.00,1.75
2016.04.22 18:40:34.884,8.22023,8.22339,1.00,1.75
2016.04.22 18:40:34.986,8.21962,8.22288,1.00,1.75
2016.04.22 18:40:35.329,8.21962,8.22219,1.00,1.75
2016.04.22 18:40:36.225,8.21963,8.22221,1.00,1.75
2016.04.22 18:40:37.020,8.21962,8.22221,1.00,1.75
2016.04.22 18:40:37.672,8.21987,8.22221,1.00,1.75
2016.04.22 18:40:37.830,8.21981,8.22221,1.00,1.75
2016.04.22 18:40:37.882,8.21981,8.22236,1.00,1.37
2016.04.22 18:40:37.983,8.22038,8.22328,1.00,1.75
2016.04.22 18:40:38.085,8.22003,8.22418,1.00,1.75
2016.04.22 18:40:38.136,8.22031,8.22356,1.00,1.37
2016.04.22 18:40:38.187,8.21986,8.22418,1.00,1.75
2016.04.22 18:40:38.238,8.21984,8.22418,1.00,1.75
2016.04.22 18:40:38.289,8.21984,8.22418,1.00,1.75
2016.04.22 18:40:38.634,8.22018,8.22318,1.00,2.27
2016.04.22 18:40:38.874,8.22018,8.22386,1.00,1.75
2016.04.22 18:40:38.933,8.22018,8.22386,1.00,1.75
2016.04.22 18:40:38.992,8.21989,8.22418,1.00,1.75
2016.04.22 18:40:39.532,8.22025,8.22412,1.00,1.75
2016.04.22 18:40:39.685,8.22013,8.22418,1.00,1.75
2016.04.22 18:40:39.736,8.22013,8.22418,1.00,1.75
2016.04.22 18:40:39.787,8.22031,8.22412,1.00,1.75
2016.04.22 18:40:39.938,8.22016,8.22418,1.00,1.75
2016.04.22 18:40:40.090,8.2205,8.22409,1.00,1.75
2016.04.22 18:40:40.191,8.2205,8.22409,1.00,1.75
2016.04.22 18:40:40.913,8.2205,8.22409,1.00,1.75
2016.04.22 18:40:41.183,8.22006,8.22467,1.00,1.75
2016.04.22 18:40:42.038,8.22041,8.22463,1.00,1.75
2016.04.22 18:40:42.089,8.22023,8.22467,1.00,1.75
2016.04.22 18:40:42.755,8.22049,8.22467,1.00,1.75
2016.04.22 18:40:43.252,8.22088,8.22461,1.00,1.50
2016.04.22 18:40:55.265,8.22058,8.22477,1.00,1.75
2016.04.22 18:40:55.372,8.22044,8.22477,1.00,1.75
2016.04.22 18:40:56.423,8.22116,8.22558,1.00,1.75
2016.04.22 18:40:56.524,8.22104,8.22558,1.00,1.75
2016.04.22 18:40:57.551,8.22178,8.22555,1.00,1.75
2016.04.22 18:40:57.753,8.22161,8.22558,1.00,1.75
2016.04.22 18:40:57.855,8.22177,8.22556,1.00,1.75
2016.04.22 18:40:58.013,8.22174,8.22558,1.00,1.75
2016.04.22 18:40:58.396,8.22174,8.22558,1.00,1.75
2016.04.22 18:40:58.647,8.22215,8.22549,1.00,1.75
2016.04.22 18:40:58.971,8.22194,8.22558,1.00,1.75
2016.04.22 18:40:59.031,8.22214,8.2255,1.00,1.75
2016.04.22 18:40:59.189,8.22196,8.22558,1.00,1.75
2016.04.22 18:40:59.291,8.22214,8.2255,1.00,1.75
2016.04.22 18:41:06.134,8.22209,8.22608,1.00,1.75
2016.04.22 18:41:06.372,8.22209,8.22625,1.00,1.75
2016.04.22 18:41:06.423,8.22241,8.22592,1.00,1.75
2016.04.22 18:41:06.474,8.22223,8.22641,1.00,1.75
2016.04.22 18:41:06.686,8.22226,8.22638,1.00,1.75
2016.04.22 18:41:07.019,8.22231,8.22643,1.00,1.75
2016.04.22 18:41:07.323,8.22268,8.22595,1.00,1.75
2016.04.22 18:41:08.082,8.22268,8.22595,1.00,1.75
2016.04.22 18:41:16.101,8.22284,8.2262,1.00,1.75
2016.04.22 18:41:16.253,8.22259,8.22665,1.00,1.75
2016.04.22 18:41:16.649,8.22299,8.22625,1.00,1.75
2016.04.22 18:41:38.489,8.22299,8.22625,1.00,1.75
2016.04.22 18:41:48.847,8.22243,8.22648,1.00,1.75
2016.04.22 18:41:49.138,8.2229,8.22648,1.00,1.75
2016.04.22 18:41:49.303,8.22258,8.22648,1.00,1.75
2016.04.22 18:41:50.003,8.22314,8.22648,1.00,1.75
2016.04.22 18:41:50.459,8.22309,8.22648,1.00,1.75
2016.04.22 18:41:50.561,8.22292,8.22648,1.00,1.75
2016.04.22 18:41:51.553,8.22339,8.22647,1.00,1.75
2016.04.22 18:41:52.059,8.22377,8.22647,1.00,1.75
2016.04.22 18:41:52.110,8.22377,8.22647,1.00,1.75
2016.04.22 18:41:52.220,8.22343,8.22648,1.00,1.75
2016.04.22 18:41:52.322,8.22322,8.22648,1.00,1.75
2016.04.22 18:41:52.602,8.22356,8.22648,1.00,1.75
2016.04.22 18:41:53.101,8.22398,8.22648,1.00,1.75
2016.04.22 18:41:53.632,8.22398,8.22708,1.00,3.00
2016.04.22 18:41:53.847,8.22398,8.22708,1.00,2.25
2016.04.22 18:41:53.948,8.22375,8.22708,1.00,2.25
2016.04.22 18:41:54.241,8.22399,8.22708,1.00,2.25
2016.04.22 18:41:54.600,8.22383,8.22708,1.00,2.25
2016.04.22 18:41:54.853,8.22382,8.22707,1.00,1.75
2016.04.22 18:41:54.960,8.22378,8.22753,1.00,1.75
2016.04.22 18:41:55.362,8.2238,8.22753,1.00,1.75
2016.04.22 18:41:55.684,8.22416,8.22743,1.00,1.75
2016.04.22 18:41:55.735,8.22416,8.22743,1.00,1.75
2016.04.22 18:41:55.872,8.22396,8.22744,1.00,1.75
2016.04.22 18:41:57.120,8.22396,8.22681,1.00,1.00
2016.04.22 18:41:57.334,8.22396,8.22718,1.00,1.37
2016.04.22 18:41:57.481,8.22396,8.22684,1.00,1.00
2016.04.22 18:41:57.923,8.22392,8.22684,1.00,1.00
2016.04.22 18:41:58.438,8.22392,8.22683,1.00,1.00
2016.04.22 18:41:59.487,8.22392,8.22704,1.00,1.07
2016.04.22 18:42:00.138,8.224,8.22704,1.00,1.07
2016.04.22 18:42:01.674,8.22426,8.22704,1.00,1.07
2016.04.22 18:42:01.992,8.22447,8.22704,1.00,1.07
2016.04.22 18:42:02.387,8.22568,8.22779,2.10,1.75
2016.04.22 18:42:02.453,8.22582,8.22779,1.60,1.00
2016.04.22 18:42:02.554,8.22653,8.22867,1.00,1.00
2016.04.22 18:42:02.605,8.22653,8.22978,1.00,1.75
2016.04.22 18:42:02.656,8.22616,8.22978,1.00,1.75
2016.04.22 18:42:02.707,8.22616,8.22978,1.00,1.00
2016.04.22 18:42:02.858,8.22609,8.22968,1.00,1.00
2016.04.22 18:42:02.959,8.22609,8.22978,1.00,1.00
2016.04.22 18:42:03.061,8.22692,8.23067,1.00,1.37
2016.04.22 18:42:03.263,8.22716,8.23198,1.00,1.37
2016.04.22 18:42:03.314,8.22717,8.23198,1.00,1.00
2016.04.22 18:42:03.576,8.22728,8.23198,1.00,1.00
2016.04.22 18:42:03.912,8.22826,8.23254,1.07,1.00
2016.04.22 18:42:04.013,8.22834,8.23257,1.07,1.00
2016.04.22 18:42:04.065,8.23166,8.23257,1.00,1.00
2016.04.22 18:42:04.166,8.23053,8.23405,1.89,1.37
2016.04.22 18:42:04.267,8.23065,8.23438,1.29,1.75
2016.04.22 18:42:04.318,8.23065,8.23333,1.29,1.00
2016.04.22 18:42:04.420,8.22922,8.23239,1.00,1.00
2016.04.22 18:42:04.471,8.22802,8.23239,1.75,1.00
2016.04.22 18:42:04.573,8.22763,8.23348,1.75,1.00
2016.04.22 18:42:04.623,8.22744,8.23337,1.75,1.00
2016.04.22 18:42:04.969,8.2269,8.23247,1.04,1.00
2016.04.22 18:42:05.020,8.2269,8.23238,1.04,1.00
2016.04.22 18:42:05.323,8.22783,8.23149,1.00,1.00
2016.04.22 18:42:05.424,8.22612,8.23107,1.75,1.00
2016.04.22 18:42:05.475,8.22515,8.23107,1.00,1.75
2016.04.22 18:42:05.627,8.22472,8.23078,1.00,1.75
2016.04.22 18:42:05.678,8.22468,8.23078,1.00,1.75
2016.04.22 18:42:05.880,8.22448,8.23077,1.00,1.75
2016.04.22 18:42:05.932,8.22433,8.23077,1.00,1.75
2016.04.22 18:42:06.222,8.22433,8.23078,1.00,1.75
2016.04.22 18:42:06.551,8.22392,8.23078,1.00,1.75
2016.04.22 18:42:06.786,8.22382,8.23078,1.50,1.75
2016.04.22 18:42:07.213,8.22382,8.23078,1.00,1.75
2016.04.22 18:42:07.546,8.22364,8.23077,1.00,1.75
2016.04.22 18:42:08.840,8.22422,8.23003,1.00,1.75
2016.04.22 18:42:16.672,8.22422,8.23003,1.00,1.75
2016.04.22 18:42:20.941,8.22422,8.23003,1.00,1.75
2016.04.22 18:42:28.033,8.22747,8.23024,1.00,1.75
2016.04.22 18:42:28.134,8.22802,8.23077,1.00,1.37
2016.04.22 18:42:28.235,8.22803,8.23152,1.00,1.35
2016.04.22 18:42:28.387,8.22682,8.23225,1.00,1.35
2016.04.22 18:42:28.438,8.22682,8.23144,1.00,1.35
2016.04.22 18:42:28.489,8.22572,8.23144,1.00,1.35
2016.04.22 18:42:28.590,8.22583,8.23144,1.00,1.35
2016.04.22 18:42:28.691,8.22554,8.23144,1.00,1.35
2016.04.22 18:42:28.822,8.22554,8.23214,1.00,1.35
2016.04.22 18:42:29.011,8.22532,8.23214,1.00,1.35
2016.04.22 18:42:29.112,8.22516,8.23214,1.00,1.35
2016.04.22 18:42:29.213,8.22533,8.23214,1.00,1.35
2016.04.22 18:42:29.491,8.22525,8.23214,1.00,1.35
2016.04.22 18:42:29.592,8.22533,8.23214,1.12,1.35
2016.04.22 18:42:29.950,8.22542,8.23214,1.12,1.35
2016.04.22 18:42:30.203,8.22563,8.23214,1.00,1.35
2016.04.22 18:42:30.546,8.22591,8.23214,1.00,1.35
2016.04.22 18:42:31.670,8.22644,8.23214,1.00,1.35
2016.04.22 18:42:31.996,8.22686,8.23214,1.00,1.35
2016.04.22 18:42:32.098,8.22686,8.23214,1.00,1.35
2016.04.22 18:42:32.301,8.22729,8.23214,1.00,1.35
2016.04.22 18:42:32.381,8.22729,8.23214,1.00,1.35
2016.04.22 18:42:32.524,8.22692,8.23214,1.00,1.35
2016.04.22 18:42:32.630,8.22721,8.23214,1.00,1.35
2016.04.22 18:42:33.710,8.22772,8.23214,1.00,1.35
2016.04.22 18:42:34.550,8.22827,8.23214,1.00,1.35
2016.04.22 18:42:34.951,8.22793,8.23214,1.00,1.35
2016.04.22 18:42:35.496,8.22747,8.23214,1.00,1.35
2016.04.22 18:42:35.650,8.2278,8.23214,1.00,1.35
2016.04.22 18:42:35.911,8.22739,8.23214,1.00,1.35
2016.04.22 18:42:36.051,8.22739,8.23214,1.00,1.35
2016.04.22 18:42:36.437,8.22773,8.23214,1.00,1.35
2016.04.22 18:42:47.488,8.22773,8.23214,1.00,1.35
2016.04.22 18:42:47.911,8.22773,8.23214,1.00,1.35
2016.04.22 18:42:55.179,8.22676,8.23214,1.00,1.35
2016.04.22 18:42:55.381,8.22676,8.23214,1.00,1.35
2016.04.22 18:42:55.769,8.22719,8.23214,1.00,1.35
2016.04.22 18:42:59.205,8.22661,8.23214,1.00,1.35
2016.04.22 18:42:59.917,8.22703,8.23182,1.00,1.75
2016.04.22 18:43:03.086,8.22703,8.23182,1.00,1.75
2016.04.22 18:43:04.630,8.22686,8.23157,1.00,1.75
2016.04.22 18:43:07.539,8.22719,8.23153,1.00,1.75
2016.04.22 18:43:11.761,8.2275,8.2315,1.00,1.75
2016.04.22 18:43:12.064,8.22763,8.23114,1.00,1.75
2016.04.22 18:43:12.884,8.22793,8.23124,1.00,1.75
2016.04.22 18:43:24.659,8.22762,8.2309,1.00,1.37
2016.04.22 18:43:27.693,8.22782,8.23113,1.00,1.75
2016.04.22 18:43:29.446,8.22747,8.23202,1.00,1.75
2016.04.22 18:43:29.547,8.22715,8.23215,1.00,1.35
2016.04.22 18:43:30.340,8.22741,8.23215,1.00,1.35
2016.04.22 18:43:30.906,8.22771,8.23214,1.00,1.75
2016.04.22 18:43:31.229,8.22773,8.23215,1.00,1.35
2016.04.22 18:43:31.719,8.22815,8.23207,1.00,1.75
2016.04.22 18:43:32.243,8.22804,8.23215,1.00,1.35
2016.04.22 18:43:32.344,8.22815,8.23209,1.00,1.75
2016.04.22 18:43:33.590,8.22837,8.23215,1.00,1.35
2016.04.22 18:43:34.007,8.22871,8.232,1.00,1.75
2016.04.22 18:43:34.479,8.22876,8.23201,1.00,1.75
2016.04.22 18:43:34.580,8.22849,8.23215,1.00,1.35
2016.04.22 18:43:34.682,8.22875,8.23202,1.00,1.75
2016.04.22 18:43:34.783,8.22853,8.23215,1.00,1.35
2016.04.22 18:43:35.005,8.22887,8.23214,1.00,1.75
2016.04.22 18:43:35.106,8.22858,8.23215,1.00,1.35
2016.04.22 18:43:35.208,8.22878,8.23203,1.00,1.75
2016.04.22 18:43:35.319,8.22863,8.23215,1.00,1.35
2016.04.22 18:43:35.471,8.22877,8.23204,1.00,1.75
2016.04.22 18:43:40.491,8.22877,8.23204,1.00,1.75
2016.04.22 18:43:57.019,8.22877,8.23204,1.00,1.75
2016.04.22 18:44:11.097,8.22902,8.23215,1.00,1.35
2016.04.22 18:44:12.918,8.22902,8.23215,1.00,1.35
2016.04.22 18:44:13.784,8.22875,8.23311,1.00,1.75
2016.04.22 18:44:13.936,8.2283,8.23338,1.00,1.75
2016.04.22 18:44:14.275,8.2283,8.23338,1.00,1.75
2016.04.22 18:44:14.608,8.22875,8.23358,1.00,1.75
2016.04.22 18:44:14.710,8.22875,8.23388,1.00,1.75
2016.04.22 18:44:14.920,8.22875,8.23398,1.00,1.75
2016.04.22 18:44:15.768,8.22927,8.23376,1.00,1.75
2016.04.22 18:44:15.926,8.22927,8.23376,1.00,1.75
2016.04.22 18:44:16.207,8.22966,8.23337,1.00,1.75
2016.04.22 18:44:16.510,8.22965,8.23338,1.00,1.75
2016.04.22 18:44:16.730,8.22956,8.23367,1.00,1.75
2016.04.22 18:44:16.831,8.22965,8.23338,1.00,1.75
2016.04.22 18:44:17.246,8.23001,8.23332,1.00,1.75
2016.04.22 18:44:17.428,8.23001,8.23332,1.00,1.75
2016.04.22 18:44:18.237,8.23001,8.23332,1.00,1.75
2016.04.22 18:44:18.443,8.22963,8.23399,1.00,1.00
2016.04.22 18:44:18.658,8.22896,8.23458,1.00,1.37
2016.04.22 18:44:20.010,8.22963,8.23458,1.00,1.37
2016.04.22 18:44:20.915,8.22994,8.23458,1.00,1.37
2016.04.22 18:44:21.243,8.23019,8.23458,1.00,1.37
2016.04.22 18:44:21.294,8.22938,8.23458,1.00,1.37
2016.04.22 18:44:21.345,8.23037,8.23409,1.00,1.00
2016.04.22 18:44:21.395,8.22903,8.23368,1.00,1.00
2016.04.22 18:44:21.446,8.22912,8.23263,1.00,1.00
2016.04.22 18:44:21.497,8.22987,8.23413,1.00,1.00
2016.04.22 18:44:21.548,8.23015,8.23413,1.00,1.00
2016.04.22 18:44:21.852,8.23062,8.23413,1.00,1.00
2016.04.22 18:44:21.903,8.23062,8.2348,1.00,1.75
2016.04.22 18:44:22.005,8.22955,8.23561,1.00,1.75
2016.04.22 18:44:22.127,8.23007,8.23561,1.00,1.75
2016.04.22 18:44:22.741,8.23036,8.23583,1.00,1.75
2016.04.22 18:44:22.928,8.23036,8.23583,1.00,1.75
2016.04.22 18:44:23.030,8.23039,8.23586,1.00,1.75
2016.04.22 18:44:23.081,8.23008,8.23586,1.00,1.75
2016.04.22 18:44:24.088,8.2306,8.23605,1.00,1.75
2016.04.22 18:44:24.889,8.23091,8.23605,1.00,1.75
2016.04.22 18:44:25.631,8.23123,8.23605,1.00,1.75
2016.04.22 18:44:25.682,8.23096,8.23605,1.00,1.75
2016.04.22 18:44:25.783,8.23071,8.23605,1.00,1.75
2016.04.22 18:44:26.150,8.23108,8.23605,1.00,1.75
2016.04.22 18:44:26.750,8.23113,8.23685,1.00,1.75
2016.04.22 18:44:26.901,8.23141,8.23685,1.00,1.75
2016.04.22 18:44:27.451,8.23141,8.23685,1.00,1.75
2016.04.22 18:44:27.754,8.23216,8.23685,1.00,1.75
2016.04.22 18:44:27.805,8.23135,8.23685,1.00,1.75
2016.04.22 18:44:28.188,8.23086,8.23685,1.00,1.75
2016.04.22 18:44:28.239,8.23086,8.23685,1.00,1.75
2016.04.22 18:44:28.340,8.23166,8.23668,1.00,1.75
2016.04.22 18:44:28.441,8.23137,8.23668,1.00,1.75
2016.04.22 18:44:29.360,8.23186,8.23668,1.00,1.75
2016.04.22 18:44:34.528,8.23186,8.23637,1.00,1.75
2016.04.22 18:44:34.579,8.23229,8.23658,1.00,1.75
2016.04.22 18:44:34.680,8.23192,8.23658,1.00,1.75
2016.04.22 18:44:34.731,8.23189,8.23658,1.00,1.75
2016.04.22 18:44:34.782,8.2318,8.23658,1.00,1.75
2016.04.22 18:44:34.883,8.2317,8.23655,1.00,1.75
2016.04.22 18:44:34.934,8.23175,8.23655,1.00,1.75
2016.04.22 18:44:35.283,8.23192,8.23655,1.00,1.75
2016.04.22 18:44:35.634,8.23229,8.23683,1.00,1.75
2016.04.22 18:44:37.492,8.23229,8.23668,1.00,1.75
2016.04.22 18:44:37.909,8.23229,8.23677,1.00,1.75
2016.04.22 18:45:02.112,8.23229,8.23648,1.00,1.75
2016.04.22 18:45:02.626,8.23229,8.23677,1.00,1.75
2016.04.22 18:45:04.938,8.23045,8.23689,1.00,1.75
2016.04.22 18:45:04.990,8.23034,8.23689,1.00,1.75
2016.04.22 18:45:05.041,8.22979,8.23678,1.00,1.75
2016.04.22 18:45:05.195,8.22979,8.23678,1.00,1.75
2016.04.22 18:45:06.307,8.22981,8.23678,1.00,1.75
2016.04.22 18:45:07.490,8.23033,8.23635,1.00,1.75
2016.04.22 18:45:07.795,8.23144,8.23621,1.00,1.75
2016.04.22 18:45:08.602,8.2318,8.23602,1.00,1.75
2016.04.22 18:45:08.703,8.23165,8.23624,1.00,1.75
2016.04.22 18:45:09.170,8.23209,8.23596,1.00,1.75
2016.04.22 18:45:09.936,8.23204,8.23624,1.00,1.75
2016.04.22 18:45:10.130,8.2324,8.23592,1.00,1.75
2016.04.22 18:45:10.431,8.23209,8.23596,1.00,1.75
2016.04.22 18:45:10.583,8.23221,8.23621,1.00,1.75
2016.04.22 18:45:10.999,8.23253,8.23589,1.00,1.75
2016.04.22 18:45:20.400,8.23223,8.23602,1.00,1.75
2016.04.22 18:45:21.180,8.23165,8.23598,1.00,1.75
2016.04.22 18:45:21.231,8.23165,8.23598,1.00,1.75
2016.04.22 18:45:21.892,8.23212,8.23598,1.00,1.75
2016.04.22 18:45:22.400,8.23243,8.23582,1.00,1.75
2016.04.22 18:45:22.659,8.23243,8.23582,1.00,1.75
2016.04.22 18:45:50.190,8.23206,8.23562,1.00,1.75
2016.04.22 18:45:50.344,8.23179,8.2355,1.00,1.75
2016.04.22 18:45:50.694,8.23071,8.23598,1.00,1.75
2016.04.22 18:45:50.795,8.22944,8.23598,1.00,1.75
2016.04.22 18:45:50.846,8.22938,8.23598,1.00,1.75
2016.04.22 18:45:50.909,8.22907,8.23598,1.00,1.75
2016.04.22 18:45:50.960,8.22907,8.23598,1.00,1.75
2016.04.22 18:45:51.213,8.22902,8.23573,1.00,1.75
2016.04.22 18:45:51.465,8.22883,8.23573,1.00,1.75
2016.04.22 18:45:51.765,8.22892,8.23573,1.00,1.75
2016.04.22 18:45:51.869,8.22866,8.23573,1.00,1.75
2016.04.22 18:45:52.147,8.22866,8.23573,1.00,1.75
2016.04.22 18:45:52.709,8.22887,8.23561,1.00,1.75
2016.04.22 18:45:54.061,8.22959,8.23488,1.00,1.75
2016.04.22 18:45:54.460,8.23002,8.23447,1.00,1.75
2016.04.22 18:46:09.721,8.22853,8.2344,1.00,1.75
2016.04.22 18:46:09.772,8.22853,8.2344,1.00,1.75
2016.04.22 18:46:09.823,8.22851,8.2344,1.00,1.75
2016.04.22 18:46:09.924,8.22765,8.23449,1.00,1.75
2016.04.22 18:46:09.975,8.22752,8.23449,1.00,1.75
2016.04.22 18:46:10.076,8.22752,8.23407,1.00,1.35
2016.04.22 18:46:10.383,8.22752,8.23357,1.00,1.75
2016.04.22 18:46:10.434,8.22702,8.23357,1.00,1.75
2016.04.22 18:46:10.746,8.22702,8.23357,1.00,1.75
2016.04.22 18:46:10.898,8.22652,8.23357,1.00,1.75
2016.04.22 18:46:10.949,8.22652,8.23309,1.00,1.75
2016.04.22 18:46:11.000,8.22633,8.23309,1.00,1.75
2016.04.22 18:46:11.101,8.22602,8.23309,1.50,1.75
2016.04.22 18:46:11.203,8.22602,8.23309,1.50,1.75
2016.04.22 18:46:11.569,8.22572,8.23254,1.00,1.75
2016.04.22 18:46:11.900,8.22554,8.23254,1.00,1.75
2016.04.22 18:46:12.002,8.2257,8.23254,1.00,1.75
2016.04.22 18:46:12.323,8.22596,8.23254,1.00,1.75
2016.04.22 18:46:12.425,8.22596,8.23254,1.00,1.75
2016.04.22 18:46:12.730,8.22637,8.23254,1.00,1.75
2016.04.22 18:46:12.831,8.22573,8.23254,1.00,1.75
2016.04.22 18:46:12.932,8.22573,8.23254,1.00,1.75
2016.04.22 18:46:12.983,8.22552,8.23254,1.00,1.75
2016.04.22 18:46:13.084,8.22545,8.23254,1.00,1.75
2016.04.22 18:46:14.114,8.22646,8.23254,1.00,1.75
2016.04.22 18:46:14.165,8.22606,8.23293,1.00,1.75
2016.04.22 18:46:14.216,8.23037,8.23315,0.75,1.75
2016.04.22 18:46:14.267,8.23037,8.23375,0.75,1.75
2016.04.22 18:46:14.418,8.22901,8.23308,1.00,1.75
2016.04.22 18:46:14.469,8.22901,8.23308,1.00,1.75
2016.04.22 18:46:14.520,8.22773,8.23318,1.00,1.75
2016.04.22 18:46:14.629,8.22712,8.23298,1.00,1.75
2016.04.22 18:46:14.810,8.22702,8.23298,1.00,1.75
2016.04.22 18:46:15.169,8.22752,8.23288,1.00,1.75
2016.04.22 18:46:15.508,8.22752,8.23337,1.00,1.75
2016.04.22 18:46:15.947,8.22752,8.23337,1.00,1.75
2016.04.22 18:46:17.569,8.22752,8.23337,1.00,1.75
2016.04.22 18:46:21.825,8.2276,8.23293,1.00,1.75
2016.04.22 18:46:22.329,8.2276,8.23293,1.00,1.75
2016.04.22 18:46:22.647,8.2276,8.23293,1.00,1.75
2016.04.22 18:46:22.950,8.2276,8.23293,1.00,1.75
2016.04.22 18:46:36.700,8.22753,8.23271,1.00,1.75
2016.04.22 18:46:38.791,8.22753,8.23271,1.00,1.75
2016.04.22 18:46:39.175,8.22788,8.23236,1.00,1.75
2016.04.22 18:46:40.809,8.22813,8.23207,1.00,1.75
2016.04.22 18:46:41.916,8.22953,8.23207,1.00,1.00
2016.04.22 18:46:41.968,8.22953,8.23258,1.00,1.07
2016.04.22 18:46:42.019,8.2284,8.23248,1.00,1.75
2016.04.22 18:46:42.070,8.22772,8.23248,1.00,1.75
2016.04.22 18:46:42.121,8.22749,8.23268,1.00,1.75
2016.04.22 18:46:42.172,8.22771,8.23268,1.00,1.75
2016.04.22 18:46:42.479,8.22808,8.23297,1.00,1.75
2016.04.22 18:46:42.790,8.22851,8.23288,1.00,1.75
2016.04.22 18:46:43.430,8.22851,8.23298,1.00,2.25
2016.04.22 18:46:43.969,8.22851,8.23298,1.00,1.75
2016.04.22 18:46:47.724,8.22851,8.23298,1.00,1.75
2016.04.22 18:46:47.907,8.22851,8.23298,1.00,1.75
2016.04.22 18:46:48.368,8.22851,8.23298,1.00,1.75
2016.04.22 18:46:55.869,8.22851,8.23298,1.00,1.75
2016.04.22 18:46:56.204,8.22866,8.2326,1.00,1.75
2016.04.22 18:46:58.907,8.22866,8.2326,1.00,1.75
2016.04.22 18:47:03.417,8.22866,8.2326,1.00,1.75
2016.04.22 18:47:03.747,8.22866,8.2326,1.00,1.75
2016.04.22 18:47:04.229,8.22866,8.2326,1.00,1.75
2016.04.22 18:47:09.116,8.22807,8.23278,1.00,1.75
2016.04.22 18:47:09.638,8.22866,8.2326,1.00,1.75
2016.04.22 18:47:10.802,8.22751,8.23258,1.00,1.75
2016.04.22 18:47:11.025,8.22751,8.23258,1.00,1.75
2016.04.22 18:47:11.337,8.22819,8.23248,1.00,1.75
2016.04.22 18:47:28.657,8.22819,8.23261,1.00,1.75
2016.04.22 18:47:28.859,8.22819,8.23261,1.00,1.75
2016.04.22 18:47:29.190,8.22819,8.23261,1.00,1.75
2016.04.22 18:47:34.438,8.22819,8.23261,1.00,1.75
2016.04.22 18:47:34.591,8.22819,8.23261,1.00,1.75
2016.04.22 18:47:34.642,8.22828,8.23261,1.75,1.75
2016.04.22 18:47:34.693,8.22828,8.23261,1.75,1.07
2016.04.22 18:47:34.744,8.22857,8.23243,1.75,1.00
2016.04.22 18:47:35.132,8.22857,8.23243,1.75,1.37
2016.04.22 18:47:35.183,8.22857,8.23243,1.00,1.37
2016.04.22 18:47:35.292,8.22857,8.23243,1.00,1.00
2016.04.22 18:47:35.561,8.22824,8.23248,1.45,1.00
2016.04.22 18:47:35.713,8.22857,8.23243,1.00,1.00
2016.04.22 18:47:36.847,8.22857,8.23243,1.37,1.00
2016.04.22 18:47:38.513,8.22857,8.23243,1.75,1.00
2016.04.22 18:47:39.333,8.22863,8.23243,1.12,1.00
2016.04.22 18:47:39.647,8.22905,8.23234,1.00,1.00
2016.04.22 18:47:40.617,8.22905,8.23234,1.07,1.00
2016.04.22 18:47:40.773,8.22851,8.23389,1.75,1.00
2016.04.22 18:47:40.874,8.22842,8.23459,1.75,1.07
2016.04.22 18:47:41.076,8.22842,8.23459,1.75,1.07
2016.04.22 18:47:43.018,8.22922,8.23416,1.37,1.00
2016.04.22 18:47:43.529,8.2295,8.23397,1.00,1.00
2016.04.22 18:47:50.396,8.22997,8.23383,1.00,1.00
2016.04.22 18:47:53.137,8.22997,8.23383,1.00,1.37
2016.04.22 18:47:53.188,8.22961,8.23389,1.00,1.37
2016.04.22 18:48:00.591,8.22992,8.23389,1.00,1.37
2016.04.22 18:48:02.097,8.23021,8.2344,1.00,1.75
2016.04.22 18:48:04.911,8.23021,8.2344,1.00,1.07
2016.04.22 18:48:05.156,8.23021,8.2344,1.00,1.75
2016.04.22 18:48:06.117,8.23021,8.2344,1.00,1.00
2016.04.22 18:48:06.477,8.23021,8.2344,1.00,1.75
2016.04.22 18:48:07.467,8.23021,8.2344,1.00,1.00
2016.04.22 18:48:07.687,8.23021,8.2344,1.00,1.75
2016.04.22 18:48:08.689,8.23021,8.2344,1.00,1.00
2016.04.22 18:48:19.646,8.23021,8.2344,1.00,1.12
2016.04.22 18:48:21.296,8.23057,8.23443,1.00,1.37
2016.04.22 18:48:21.347,8.22984,8.23509,1.00,1.75
2016.04.22 18:48:21.398,8.22982,8.23544,1.00,1.75
2016.04.22 18:48:21.449,8.22992,8.23544,1.07,1.75
2016.04.22 18:48:21.500,8.23015,8.23576,1.00,1.75
2016.04.22 18:48:21.996,8.23017,8.23568,1.00,1.75
2016.04.22 18:48:22.166,8.22997,8.23559,1.07,1.75
2016.04.22 18:48:22.216,8.22997,8.23559,1.00,1.75
2016.04.22 18:48:22.517,8.23033,8.23517,1.00,1.75
2016.04.22 18:48:22.856,8.23055,8.23455,1.00,1.00
2016.04.22 18:48:23.172,8.23055,8.23455,1.00,1.07
2016.04.22 18:48:25.599,8.23055,8.23455,1.00,1.00
2016.04.22 18:48:25.801,8.23091,8.23449,1.00,1.00
2016.04.22 18:48:30.995,8.23066,8.23453,1.00,1.00
2016.04.22 18:48:33.581,8.23066,8.23453,1.00,1.07
2016.04.22 18:48:45.094,8.23049,8.2344,1.00,1.07
2016.04.22 18:48:45.145,8.23056,8.2344,1.00,1.07
2016.04.22 18:48:48.935,8.23091,8.23449,1.00,1.07
2016.04.22 18:48:49.087,8.23091,8.23449,1.00,1.00
2016.04.22 18:48:49.423,8.23055,8.23455,1.00,1.00
2016.04.22 18:48:50.737,8.23091,8.23449,1.00,1.00
2016.04.22 18:48:57.284,8.23091,8.23403,1.00,2.10
2016.04.22 18:48:57.385,8.23012,8.23314,1.37,1.60
2016.04.22 18:48:57.436,8.23012,8.23314,1.00,1.60
2016.04.22 18:48:57.639,8.23012,8.23312,1.00,1.35
2016.04.22 18:48:57.689,8.22931,8.23312,1.00,1.35
2016.04.22 18:48:57.740,8.22912,8.23312,1.00,1.35
2016.04.22 18:48:57.791,8.22912,8.23312,1.00,1.35
2016.04.22 18:48:59.794,8.22892,8.23291,1.00,1.75
2016.04.22 18:48:59.996,8.22906,8.23233,1.00,1.07
2016.04.22 18:49:00.198,8.22906,8.23233,1.00,1.00
2016.04.22 18:49:01.344,8.22921,8.23259,1.00,1.37
2016.04.22 18:49:01.626,8.22921,8.23259,1.00,1.00
2016.04.22 18:49:01.677,8.22908,8.23286,1.00,1.00
2016.04.22 18:49:01.829,8.22892,8.2332,1.07,1.75
2016.04.22 18:49:02.132,8.2292,8.2329,1.00,1.37
2016.04.22 18:49:02.445,8.2292,8.2329,1.00,1.37
2016.04.22 18:49:02.736,8.2292,8.2329,1.00,1.37
2016.04.22 18:49:02.938,8.2292,8.2329,1.10,1.00
2016.04.22 18:49:03.396,8.2292,8.2329,1.37,1.00
2016.04.22 18:49:03.916,8.2292,8.2329,1.75,1.00
2016.04.22 18:49:04.017,8.22899,8.2339,1.75,1.00
2016.04.22 18:49:04.119,8.22892,8.23497,1.75,1.00
2016.04.22 18:49:04.270,8.22893,8.23497,1.75,1.00
2016.04.22 18:49:04.376,8.22893,8.23502,1.75,1.00
2016.04.22 18:49:04.922,8.22892,8.23502,1.75,1.00
2016.04.22 18:49:05.687,8.22895,8.23502,1.12,1.00
2016.04.22 18:49:07.157,8.22981,8.23475,1.37,1.00
2016.04.22 18:49:07.456,8.22975,8.23502,1.75,1.00
2016.04.22 18:49:07.557,8.22975,8.23502,1.37,1.00
2016.04.22 18:49:07.608,8.22985,8.23456,1.37,1.00
2016.04.22 18:49:07.709,8.23011,8.23489,1.07,1.00
2016.04.22 18:49:07.822,8.22993,8.23477,1.37,1.00
2016.04.22 18:49:08.131,8.23025,8.23484,1.00,1.00
2016.04.22 18:49:08.434,8.23024,8.23496,1.07,1.00
2016.04.22 18:49:08.536,8.23031,8.23499,1.00,1.00
2016.04.22 18:49:08.845,8.23031,8.23459,1.00,1.00
2016.04.22 18:49:09.020,8.23034,8.23516,1.00,1.00
2016.04.22 18:49:09.176,8.23031,8.23508,1.00,1.00
2016.04.22 18:49:09.508,8.23042,8.23468,1.00,1.00
2016.04.22 18:49:09.695,8.23046,8.23503,1.00,1.00
2016.04.22 18:49:09.965,8.23028,8.23472,1.00,1.00
2016.04.22 18:49:10.357,8.23077,8.23463,1.00,1.00
2016.04.22 18:49:11.176,8.23077,8.23463,1.00,1.37
2016.04.22 18:49:11.497,8.23041,8.23469,1.00,1.37
2016.04.22 18:49:12.749,8.23041,8.23469,1.00,1.75
2016.04.22 18:49:19.522,8.23077,8.23463,1.00,1.75
2016.04.22 18:49:22.624,8.23077,8.23463,1.00,1.37
2016.04.22 18:49:30.396,8.23113,8.23456,1.00,1.07
2016.04.22 18:49:30.548,8.23071,8.23522,1.00,1.75
2016.04.22 18:49:30.756,8.23107,8.23486,1.00,1.50
2016.04.22 18:50:10.426,8.23152,8.23497,1.00,1.75
2016.04.22 18:50:12.015,8.23354,8.23497,2.10,1.75
2016.04.22 18:50:12.217,8.23381,8.23499,1.60,1.00
2016.04.22 18:50:12.268,8.23381,8.23688,1.60,1.75
2016.04.22 18:50:12.319,8.23382,8.23688,1.00,1.75
2016.04.22 18:50:12.370,8.23382,8.23536,1.00,1.00
2016.04.22 18:50:12.421,8.23302,8.23536,1.00,1.00
2016.04.22 18:50:12.522,8.23253,8.23536,1.00,1.00
2016.04.22 18:50:12.623,8.23242,8.23536,1.00,1.00
2016.04.22 18:50:12.725,8.232,8.23536,1.00,1.00
2016.04.22 18:50:13.325,8.23209,8.23536,1.00,1.00
2016.04.22 18:50:13.678,8.23209,8.23559,1.00,1.37
2016.04.22 18:50:14.975,8.23142,8.23559,1.00,1.37
2016.04.22 18:50:15.227,8.23112,8.23536,1.00,1.07
2016.04.22 18:50:15.430,8.23092,8.23584,1.75,1.00
2016.04.22 18:50:15.481,8.23092,8.23581,1.75,1.00
2016.04.22 18:50:16.047,8.23063,8.23547,2.25,1.00
2016.04.22 18:50:16.215,8.23063,8.23547,2.25,1.00
2016.04.22 18:50:16.795,8.23063,8.23517,2.25,1.00
2016.04.22 18:50:17.416,8.23063,8.23517,2.25,1.00
2016.04.22 18:50:17.728,8.23098,8.23472,1.75,1.00
2016.04.22 18:50:18.710,8.23098,8.23472,1.37,1.00
2016.04.22 18:50:19.709,8.23098,8.23472,1.00,1.00
2016.04.22 18:50:21.879,8.23142,8.23469,1.00,1.00
2016.04.22 18:50:22.474,8.23142,8.23469,1.00,1.75
2016.04.22 18:50:22.526,8.23107,8.23457,1.00,1.37
2016.04.22 18:50:23.853,8.23107,8.23457,1.00,1.75
2016.04.22 18:50:25.675,8.23107,8.23457,1.00,1.37
2016.04.22 18:50:28.735,8.23107,8.23446,1.00,1.00
2016.04.22 18:50:28.836,8.23107,8.23457,1.00,1.07
2016.04.22 18:50:29.045,8.23107,8.23457,1.00,1.00
2016.04.22 18:50:42.425,8.23133,8.23466,1.00,1.07
2016.04.22 18:50:59.519,8.23133,8.23466,1.00,1.37
2016.04.22 18:51:02.524,8.23102,8.23472,1.00,1.37
2016.04.22 18:51:03.026,8.23102,8.23461,1.00,1.37
2016.04.22 18:51:03.275,8.23102,8.23461,1.00,1.00
2016.04.22 18:51:03.723,8.23102,8.23461,1.00,1.37
2016.04.22 18:51:04.446,8.23097,8.23472,1.00,1.37
2016.04.22 18:51:04.497,8.2334,8.23512,0.15,1.75
2016.04.22 18:51:04.551,8.23083,8.23512,1.00,1.75
2016.04.22 18:51:05.446,8.231,8.23458,1.00,1.12
2016.04.22 18:51:05.754,8.231,8.23458,1.00,1.37
2016.04.22 18:51:11.627,8.231,8.23458,1.00,1.75
2016.04.22 18:51:13.298,8.23051,8.2346,1.00,1.75
2016.04.22 18:51:13.399,8.23051,8.2346,1.00,1.77
2016.04.22 18:51:13.877,8.23092,8.23441,1.00,1.75
2016.04.22 18:51:20.044,8.23289,8.23441,2.10,1.75
2016.04.22 18:51:20.095,8.23289,8.23441,2.10,1.00
2016.04.22 18:51:20.237,8.23289,8.23578,2.85,1.37
2016.04.22 18:51:20.288,8.23289,8.23578,1.00,1.37
2016.04.22 18:51:20.340,8.23222,8.23578,2.10,1.00
2016.04.22 18:51:20.391,8.23222,8.23568,2.10,1.00
2016.04.22 18:51:20.492,8.23245,8.23588,1.60,1.62
2016.04.22 18:51:20.745,8.23253,8.23606,1.35,1.07
2016.04.22 18:51:21.114,8.23222,8.23606,2.47,1.07
2016.04.22 18:51:22.396,8.23222,8.2354,2.47,1.00
2016.04.22 18:51:28.733,8.23243,8.2354,1.35,1.00
2016.04.22 18:51:29.234,8.23223,8.2354,1.35,1.00
2016.04.22 18:51:29.385,8.23222,8.23537,2.10,1.00
2016.04.22 18:51:30.038,8.23222,8.23538,2.17,1.00
2016.04.22 18:51:30.089,8.23222,8.2354,2.17,1.00
2016.04.22 18:51:30.404,8.23232,8.23558,1.97,1.00
2016.04.22 18:51:33.284,8.23223,8.23588,1.35,1.19
2016.04.22 18:51:33.335,8.23265,8.23618,2.10,1.07
2016.04.22 18:51:33.394,8.23265,8.23618,2.17,1.00
2016.04.22 18:51:33.495,8.23265,8.23638,2.17,1.00
2016.04.22 18:51:33.596,8.23265,8.23618,2.17,1.00
2016.04.22 18:51:33.701,8.23265,8.23628,2.17,1.00
2016.04.22 18:51:33.802,8.23265,8.23618,2.17,1.00
2016.04.22 18:51:34.373,8.23265,8.23608,2.47,1.00
2016.04.22 18:51:34.720,8.23265,8.23598,2.17,1.00
2016.04.22 18:51:37.542,8.23304,8.23588,1.35,1.00
2016.04.22 18:51:37.645,8.23304,8.23598,1.35,1.00
2016.04.22 18:51:38.074,8.23304,8.23588,1.35,1.00
2016.04.22 18:51:40.383,8.23304,8.23578,1.35,1.00
2016.04.22 18:51:40.625,8.23265,8.23588,2.17,1.62
2016.04.22 18:51:41.043,8.23265,8.23578,2.10,1.00
2016.04.22 18:51:42.265,8.23254,8.23578,1.60,1.00
2016.04.22 18:51:42.467,8.23246,8.23604,2.47,1.84
2016.04.22 18:51:43.157,8.23246,8.23557,2.17,1.00
2016.04.22 18:51:47.785,8.23246,8.23548,2.10,1.00
2016.04.22 18:51:47.853,8.23246,8.23557,2.10,1.00
2016.04.22 18:51:51.416,8.23246,8.23548,2.10,1.00
2016.04.22 18:51:51.814,8.23246,8.23538,2.10,1.00
2016.04.22 18:51:52.034,8.23246,8.23557,2.10,1.00
2016.04.22 18:52:05.106,8.23246,8.23598,2.10,1.37
2016.04.22 18:52:08.775,8.23246,8.23565,2.10,1.00
2016.04.22 18:52:08.927,8.23246,8.23577,2.10,1.10
2016.04.22 18:52:09.082,8.23222,8.23577,2.17,1.10
2016.04.22 18:52:09.264,8.23228,8.23555,1.67,1.00
2016.04.22 18:52:18.882,8.23228,8.23555,1.60,1.07
2016.04.22 18:52:19.556,8.23228,8.23555,1.60,1.00
2016.04.22 18:52:34.061,8.23254,8.23555,2.10,1.00
2016.04.22 18:52:35.232,8.23245,8.23555,2.10,1.00
2016.04.22 18:52:35.513,8.23245,8.23555,2.10,1.07
2016.04.22 18:52:37.052,8.23245,8.23555,2.10,1.07
2016.04.22 18:53:01.462,8.23245,8.23527,2.10,1.00
2016.04.22 18:53:02.058,8.23245,8.23528,2.10,1.00
2016.04.22 18:53:03.111,8.23245,8.23538,2.10,1.00
2016.04.22 18:53:05.432,8.23245,8.23548,2.10,1.00
2016.04.22 18:53:06.302,8.23245,8.23538,2.10,1.00
2016.04.22 18:53:06.632,8.23245,8.23548,2.10,1.00
2016.04.22 18:53:07.072,8.23245,8.23555,2.10,1.00
2016.04.22 18:53:09.256,8.23245,8.23567,2.10,1.00
2016.04.22 18:53:09.713,8.23245,8.23558,2.10,1.00
2016.04.22 18:53:10.196,8.23245,8.23548,2.10,1.00
2016.04.22 18:53:11.724,8.23245,8.23538,2.10,1.00
2016.04.22 18:53:28.302,8.23245,8.23528,2.10,1.00
2016.04.22 18:53:33.422,8.23245,8.23518,2.10,1.00
2016.04.22 18:53:36.974,8.23245,8.23508,2.10,1.00
2016.04.22 18:53:37.381,8.23245,8.23517,2.10,1.00
2016.04.22 18:53:43.255,8.23245,8.23508,2.10,1.00
2016.04.22 18:53:43.431,8.23245,8.23517,2.10,1.00
2016.04.22 18:53:43.915,8.23245,8.23508,2.10,1.00
2016.04.22 18:53:45.896,8.23245,8.23518,2.10,1.00
2016.04.22 18:53:46.782,8.23245,8.23528,2.10,1.00
2016.04.22 18:53:48.246,8.23203,8.23528,2.85,1.00
2016.04.22 18:53:48.398,8.23203,8.23508,2.10,1.00
2016.04.22 18:53:50.150,8.23203,8.23518,2.10,1.00
2016.04.22 18:53:51.350,8.23203,8.23528,2.10,1.00
2016.04.22 18:53:51.652,8.23203,8.23518,2.10,1.00
2016.04.22 18:53:53.802,8.23203,8.23548,2.10,1.00
2016.04.22 18:53:54.100,8.23203,8.23538,2.10,1.00
2016.04.22 18:53:54.212,8.23203,8.23548,2.10,1.00
2016.04.22 18:53:54.539,8.23203,8.23538,2.10,1.00
2016.04.22 18:53:55.752,8.23203,8.23548,2.10,1.00
2016.04.22 18:53:56.081,8.23203,8.23558,2.10,1.00
2016.04.22 18:53:56.320,8.23203,8.23548,2.10,1.00
2016.04.22 18:53:56.655,8.23203,8.23537,2.10,1.00
2016.04.22 18:53:57.622,8.23203,8.23527,2.10,1.00
2016.04.22 18:53:59.501,8.23222,8.23528,1.60,1.00
2016.04.22 18:54:00.821,8.23222,8.23518,1.60,1.00
2016.04.22 18:54:02.510,8.23222,8.23528,1.60,1.00
2016.04.22 18:54:02.622,8.23222,8.23538,1.60,1.00
2016.04.22 18:54:02.673,8.23252,8.23538,2.10,1.00
2016.04.22 18:54:02.723,8.23252,8.23568,2.10,1.00
2016.04.22 18:54:02.825,8.23252,8.23557,2.10,1.00
2016.04.22 18:54:03.172,8.23252,8.23538,2.10,1.00
2016.04.22 18:54:03.354,8.23252,8.23548,2.10,1.00
2016.04.22 18:54:03.791,8.23252,8.23558,2.10,1.00
2016.04.22 18:54:06.981,8.23252,8.23537,2.10,1.00
2016.04.22 18:54:09.991,8.23252,8.23518,2.10,1.00
2016.04.22 18:54:10.322,8.23252,8.23528,2.10,1.00
2016.04.22 18:54:11.051,8.23252,8.23518,2.10,1.00
2016.04.22 18:54:11.765,8.23252,8.23508,2.10,1.00
2016.04.22 18:54:12.094,8.23252,8.23498,2.10,1.00
2016.04.22 18:54:13.275,8.23252,8.23507,2.10,1.00
2016.04.22 18:54:13.845,8.23252,8.23507,2.10,1.76
2016.04.22 18:54:14.406,8.23252,8.23501,2.10,1.19
2016.04.22 18:54:19.735,8.23182,8.23498,1.60,1.65
2016.04.22 18:54:19.954,8.23182,8.23478,1.60,1.00
2016.04.22 18:54:23.260,8.23179,8.23468,2.10,1.00
2016.04.22 18:54:28.101,8.23179,8.23488,2.10,1.43
2016.04.22 18:54:41.021,8.23179,8.235,2.47,1.65
2016.04.22 18:54:41.894,8.23214,8.235,2.10,1.65
2016.04.22 18:54:42.250,8.23227,8.23501,1.35,1.19
2016.04.22 18:54:42.351,8.23208,8.23501,2.47,1.19
2016.04.22 18:54:43.229,8.232,8.23501,1.35,1.19
2016.04.22 18:54:43.529,8.23214,8.23501,1.35,1.19
2016.04.22 18:54:46.449,8.23212,8.23501,2.17,1.19
2016.04.22 18:54:46.752,8.23223,8.23501,1.97,1.19
2016.04.22 18:54:47.230,8.23234,8.23501,2.17,1.19
2016.04.22 18:54:48.005,8.23234,8.23507,2.17,1.90
2016.04.22 18:54:50.427,8.23192,8.23508,1.97,1.90
2016.04.22 18:55:09.685,8.23214,8.23511,2.17,1.37
2016.04.22 18:55:37.220,8.23206,8.23501,2.17,1.26
2016.04.22 18:55:38.761,8.23206,8.23478,2.10,1.00
2016.04.22 18:55:39.404,8.23206,8.23478,2.10,1.24
2016.04.22 18:55:39.808,8.23206,8.23374,2.10,1.28
2016.04.22 18:55:40.062,8.23169,8.23374,2.17,1.28
2016.04.22 18:55:40.113,8.23169,8.23442,2.17,1.17
2016.04.22 18:55:40.266,8.23169,8.23452,2.17,1.07
2016.04.22 18:55:41.302,8.23161,8.23448,1.35,1.82
2016.04.22 18:55:41.403,8.23133,8.23448,1.35,1.82
2016.04.22 18:55:42.374,8.23133,8.23394,1.35,1.22
2016.04.22 18:55:42.530,8.23133,8.23394,2.85,1.22
2016.04.22 18:55:52.849,8.23171,8.23394,2.10,1.26
2016.04.22 18:55:53.418,8.23187,8.23404,1.35,1.61
2016.04.22 18:55:53.620,8.23195,8.23404,1.35,1.66
2016.04.22 18:55:53.932,8.23195,8.23526,1.35,1.07
2016.04.22 18:55:54.707,8.23214,8.23468,1.35,1.07
2016.04.22 18:55:54.758,8.23214,8.235,1.35,1.36
2016.04.22 18:55:56.069,8.23162,8.23489,1.00,1.50
2016.04.22 18:55:56.271,8.23032,8.23491,1.00,1.03
2016.04.22 18:55:56.373,8.23032,8.23481,1.00,1.25
2016.04.22 18:55:56.545,8.22942,8.2348,1.00,1.25
2016.04.22 18:55:56.596,8.22942,8.2348,1.00,1.25
2016.04.22 18:55:56.899,8.22942,8.2348,1.00,1.25
2016.04.22 18:55:57.401,8.22872,8.23457,1.50,1.75
2016.04.22 18:55:57.452,8.22872,8.23457,1.00,1.75
2016.04.22 18:55:57.503,8.22852,8.23481,1.00,1.25
2016.04.22 18:55:57.604,8.22852,8.23429,1.00,1.75
2016.04.22 18:55:57.911,8.22792,8.23429,1.00,1.75
2016.04.22 18:55:57.962,8.22769,8.23428,1.00,1.75
2016.04.22 18:55:59.440,8.22769,8.23392,1.00,2.25
2016.04.22 18:55:59.649,8.22748,8.23382,1.00,1.75
2016.04.22 18:55:59.700,8.2274,8.23382,1.00,1.75
2016.04.22 18:56:00.039,8.22764,8.23337,1.00,1.75
2016.04.22 18:56:00.734,8.22791,8.2331,1.00,1.37
2016.04.22 18:56:01.089,8.22826,8.23276,1.00,1.00
2016.04.22 18:56:03.402,8.22826,8.23276,1.00,1.75
2016.04.22 18:56:05.479,8.22826,8.23276,1.00,1.75
2016.04.22 18:56:08.209,8.22837,8.23226,1.00,1.75
2016.04.22 18:56:10.724,8.22815,8.23216,1.00,1.37
2016.04.22 18:56:11.025,8.22815,8.23216,1.00,1.75
2016.04.22 18:56:15.931,8.22815,8.23216,1.00,1.75
2016.04.22 18:56:17.117,8.22806,8.23185,1.00,1.75
2016.04.22 18:56:17.168,8.2259,8.23239,1.00,1.75
2016.04.22 18:56:17.531,8.2257,8.23238,1.00,1.75
2016.04.22 18:56:17.582,8.22546,8.23238,1.00,1.75
2016.04.22 18:56:17.930,8.22566,8.23225,1.00,1.75
2016.04.22 18:56:19.024,8.22545,8.23213,1.00,1.75
2016.04.22 18:56:19.125,8.22545,8.23196,1.00,1.75
2016.04.22 18:56:21.278,8.22553,8.23156,1.00,1.75
2016.04.22 18:56:21.580,8.22689,8.23118,1.00,1.75
2016.04.22 18:56:21.950,8.22686,8.23152,1.00,1.75
2016.04.22 18:56:22.583,8.22728,8.23111,1.00,1.75
2016.04.22 18:56:22.935,8.22716,8.23141,1.00,1.75
2016.04.22 18:56:23.059,8.2275,8.23107,1.00,1.75
2016.04.22 18:56:29.153,8.22745,8.23072,1.00,1.75
2016.04.22 18:56:30.897,8.22745,8.23072,1.00,1.00
2016.04.22 18:56:31.246,8.22745,8.23072,1.00,1.75
2016.04.22 18:56:32.210,8.22745,8.23072,1.00,1.00
2016.04.22 18:56:32.439,8.22745,8.23072,1.00,1.75
2016.04.22 18:56:33.419,8.22745,8.23072,1.00,1.00
2016.04.22 18:56:33.639,8.22745,8.23072,1.00,1.75
2016.04.22 18:56:34.630,8.22745,8.23072,1.00,1.00
2016.04.22 18:56:34.793,8.22717,8.23164,1.00,1.00
2016.04.22 18:56:35.179,8.22755,8.23139,1.00,1.00
2016.04.22 18:56:35.298,8.22743,8.23164,1.00,1.00
2016.04.22 18:56:35.400,8.22743,8.23177,1.00,1.00
2016.04.22 18:56:35.873,8.22785,8.23134,1.00,1.00
2016.04.22 18:56:43.966,8.22807,8.23134,1.00,1.00
2016.04.22 18:56:46.179,8.22807,8.23134,1.00,1.37
2016.04.22 18:56:47.732,8.22807,8.23134,1.00,1.75
2016.04.22 18:56:50.469,8.22807,8.23134,1.00,1.75
2016.04.22 18:56:51.679,8.22781,8.23135,1.00,1.75
2016.04.22 18:56:56.158,8.22773,8.23098,1.00,1.75
2016.04.22 18:56:56.209,8.22613,8.23098,1.00,1.75
2016.04.22 18:56:56.260,8.22486,8.23097,1.00,1.75
2016.04.22 18:56:56.313,8.22438,8.23097,1.00,1.75
2016.04.22 18:56:56.465,8.22424,8.23099,1.00,1.75
2016.04.22 18:56:56.518,8.22424,8.23099,1.00,1.75
2016.04.22 18:56:56.853,8.2243,8.23098,1.00,1.75
2016.04.22 18:56:57.227,8.2243,8.23099,1.00,1.75
2016.04.22 18:56:57.504,8.22404,8.23064,1.00,1.75
2016.04.22 18:56:57.555,8.22358,8.23064,1.00,1.75
2016.04.22 18:56:57.657,8.22355,8.23064,1.00,1.75
2016.04.22 18:56:57.819,8.22378,8.23064,1.00,1.75
2016.04.22 18:56:58.393,8.22483,8.23064,1.00,1.75
2016.04.22 18:56:58.696,8.22624,8.23053,1.00,1.75
2016.04.22 18:56:58.999,8.22647,8.2302,1.00,1.75
2016.04.22 18:56:59.100,8.22639,8.23048,1.00,1.75
2016.04.22 18:56:59.151,8.22647,8.2302,1.00,1.75
2016.04.22 18:57:01.352,8.22666,8.22995,1.00,1.75
2016.04.22 18:57:03.679,8.2253,8.22999,1.00,1.75
2016.04.22 18:57:03.790,8.22355,8.22998,1.00,1.75
2016.04.22 18:57:04.442,8.22361,8.22999,1.00,1.75
2016.04.22 18:57:04.668,8.22361,8.22999,1.00,1.75
2016.04.22 18:57:05.270,8.22415,8.22992,1.00,1.75
2016.04.22 18:57:05.929,8.225,8.22928,1.00,1.75
2016.04.22 18:57:06.238,8.22559,8.22919,1.00,1.75
2016.04.22 18:57:13.663,8.22579,8.22939,1.00,1.75
2016.04.22 18:57:16.427,8.22579,8.22939,1.00,1.07
2016.04.22 18:57:16.828,8.22499,8.23036,1.00,1.00
2016.04.22 18:57:16.937,8.22499,8.23097,1.00,1.75
2016.04.22 18:57:17.503,8.2253,8.23097,1.00,1.75
2016.04.22 18:57:18.549,8.2253,8.23097,1.00,1.75
2016.04.22 18:57:18.905,8.22543,8.23097,1.00,1.75
2016.04.22 18:57:19.208,8.22564,8.23097,1.00,1.75
2016.04.22 18:57:20.394,8.22625,8.23108,1.00,1.75
2016.04.22 18:57:21.600,8.22697,8.23098,1.00,1.75
2016.04.22 18:57:22.088,8.22676,8.23108,1.00,1.75
2016.04.22 18:57:22.477,8.22676,8.23108,1.00,1.75
2016.04.22 18:57:22.764,8.22736,8.23098,1.00,1.75
2016.04.22 18:57:23.023,8.2272,8.23108,1.00,1.75
2016.04.22 18:57:23.191,8.22752,8.23096,1.00,1.75
2016.04.22 18:57:24.459,8.22752,8.23096,1.00,1.75
2016.04.22 18:57:24.680,8.22752,8.23096,1.00,1.75
2016.04.22 18:57:24.946,8.22752,8.23096,1.00,1.75
2016.04.22 18:57:26.773,8.2274,8.23067,1.00,1.75
2016.04.22 18:57:26.824,8.22584,8.23118,1.00,1.75
2016.04.22 18:57:26.925,8.22512,8.23118,1.00,1.75
2016.04.22 18:57:27.026,8.22484,8.23118,1.00,1.75
2016.04.22 18:57:27.907,8.22521,8.23118,1.00,1.75
2016.04.22 18:57:28.249,8.22642,8.23056,1.00,1.37
2016.04.22 18:57:28.597,8.22701,8.23046,1.00,1.37
2016.04.22 18:57:30.728,8.22701,8.23046,1.00,1.75
2016.04.22 18:57:32.382,8.22693,8.23018,1.00,1.50
2016.04.22 18:57:32.689,8.22647,8.23042,1.00,1.75
2016.04.22 18:57:32.791,8.22484,8.23049,1.00,1.75
2016.04.22 18:57:33.015,8.22449,8.23048,1.00,1.75
2016.04.22 18:57:33.554,8.22503,8.23045,1.00,1.75
2016.04.22 18:57:33.756,8.22432,8.23049,1.00,1.75
2016.04.22 18:57:33.858,8.22432,8.23049,1.00,1.75
2016.04.22 18:57:33.959,8.22432,8.23038,1.00,1.75
2016.04.22 18:57:34.408,8.22463,8.23038,1.00,1.75
2016.04.22 18:57:34.711,8.22463,8.23038,1.00,1.75
2016.04.22 18:57:35.162,8.22491,8.23017,1.00,1.75
2016.04.22 18:57:35.484,8.22612,8.22956,1.00,1.75
2016.04.22 18:57:37.392,8.22638,8.22965,1.00,1.75
2016.04.22 18:57:37.443,8.22638,8.22965,1.00,1.75
2016.04.22 18:57:38.207,8.22638,8.22965,1.00,1.75
2016.04.22 18:57:38.909,8.22638,8.22965,1.00,1.75
2016.04.22 18:57:40.171,8.22605,8.23038,1.00,1.75
2016.04.22 18:57:40.222,8.22605,8.23038,1.00,1.75
2016.04.22 18:57:40.441,8.22562,8.23073,1.00,1.75
2016.04.22 18:57:41.652,8.22617,8.23073,1.00,1.75
2016.04.22 18:57:42.012,8.22648,8.23073,1.00,1.75
2016.04.22 18:57:42.597,8.22631,8.23128,1.00,1.75
2016.04.22 18:57:44.315,8.22699,8.23158,1.00,1.75
2016.04.22 18:57:44.417,8.22699,8.23158,1.00,1.75
2016.04.22 18:57:44.980,8.22699,8.23158,1.00,1.75
2016.04.22 18:57:45.234,8.22764,8.23128,1.00,1.75
2016.04.22 18:57:45.698,8.22757,8.23158,1.00,1.75
2016.04.22 18:57:45.799,8.22768,8.23128,1.00,1.75
2016.04.22 18:57:45.901,8.22758,8.23158,1.00,1.75
2016.04.22 18:57:46.002,8.22768,8.23128,1.00,1.75
2016.04.22 18:57:46.537,8.22767,8.23158,1.00,1.75
2016.04.22 18:57:46.999,8.22801,8.23126,1.00,1.75
2016.04.22 18:57:52.483,8.22801,8.23126,1.00,1.75
2016.04.22 18:57:56.835,8.22801,8.23126,1.00,1.75
2016.04.22 18:58:06.157,8.22801,8.23126,1.00,1.75
2016.04.22 18:58:30.027,8.22801,8.23126,1.00,1.37
2016.04.22 18:58:37.399,8.22782,8.23209,1.00,1.75
2016.04.22 18:58:37.500,8.2277,8.23207,1.00,1.07
2016.04.22 18:58:37.613,8.2279,8.23117,1.00,1.24
2016.04.22 18:58:37.860,8.22593,8.23102,1.00,1.24
2016.04.22 18:58:37.961,8.22663,8.23187,1.00,1.75
2016.04.22 18:58:38.115,8.22802,8.23134,1.00,1.61
2016.04.22 18:58:38.216,8.22532,8.22803,1.00,0.24
2016.04.22 18:58:38.318,8.22536,8.23199,1.00,1.75
2016.04.22 18:58:38.368,8.22547,8.23199,1.00,1.75
2016.04.22 18:58:38.677,8.22743,8.23175,1.00,1.75
2016.04.22 18:58:38.728,8.22715,8.23238,1.00,1.75
2016.04.22 18:58:39.868,8.22754,8.23238,1.00,1.75
2016.04.22 18:58:40.542,8.2278,8.23238,1.00,1.75
2016.04.22 18:58:41.157,8.22827,8.23199,1.00,1.75
2016.04.22 18:58:41.522,8.22817,8.23234,1.00,1.75
2016.04.22 18:58:41.930,8.22857,8.23194,1.00,1.75
2016.04.22 18:58:42.341,8.22838,8.23227,1.00,1.75
2016.04.22 18:58:42.461,8.22858,8.23193,1.00,1.75
2016.04.22 18:58:42.926,8.22858,8.23193,1.00,1.75
2016.04.22 18:58:43.435,8.22858,8.23193,1.00,1.07
2016.04.22 18:58:46.967,8.22858,8.23193,1.00,1.75
2016.04.22 18:58:48.689,8.22881,8.23225,1.00,1.75
2016.04.22 18:58:48.790,8.22859,8.23262,1.00,1.75
2016.04.22 18:58:49.186,8.22897,8.23224,1.00,1.75
2016.04.22 18:58:49.340,8.2287,8.23266,1.00,1.75
2016.04.22 18:58:49.682,8.22904,8.23231,1.00,1.75
2016.04.22 18:58:54.217,8.22904,8.23231,1.00,1.75
2016.04.22 18:58:55.096,8.22904,8.23231,1.00,1.75
2016.04.22 18:58:57.478,8.22834,8.23239,1.00,1.75
2016.04.22 18:58:57.630,8.22667,8.23238,1.00,1.75
2016.04.22 18:58:57.731,8.22659,8.23239,1.00,1.75
2016.04.22 18:58:57.782,8.22659,8.23237,1.00,1.75
2016.04.22 18:58:58.035,8.22566,8.23229,1.00,1.75
2016.04.22 18:58:58.533,8.22566,8.23229,1.00,1.75
2016.04.22 18:58:58.868,8.2259,8.23229,1.00,1.75
2016.04.22 18:58:59.210,8.2259,8.23209,1.00,1.75
2016.04.22 18:58:59.261,8.22625,8.23209,1.00,1.75
2016.04.22 18:58:59.931,8.22655,8.23193,1.00,1.75
2016.04.22 18:59:00.258,8.22802,8.23134,1.00,1.75
2016.04.22 18:59:19.292,8.22677,8.23131,1.00,1.75
2016.04.22 18:59:19.393,8.22539,8.23139,1.00,1.75
2016.04.22 18:59:19.535,8.22539,8.23139,1.00,1.75
2016.04.22 18:59:19.737,8.22475,8.23139,1.00,1.75
2016.04.22 18:59:19.845,8.22475,8.23139,1.00,1.75
2016.04.22 18:59:20.567,8.22542,8.23139,1.00,1.75
2016.04.22 18:59:21.581,8.226,8.23086,1.00,1.75
2016.04.22 18:59:22.040,8.22679,8.23107,1.00,1.75
2016.04.22 18:59:22.365,8.22686,8.23106,1.00,1.75
2016.04.22 18:59:22.697,8.22727,8.23065,1.00,1.75
2016.04.22 18:59:23.053,8.22739,8.23066,1.00,1.75
2016.04.22 18:59:23.473,8.22714,8.23041,1.00,1.75
2016.04.22 18:59:23.646,8.22714,8.23041,1.00,1.75
2016.04.22 18:59:30.894,8.22714,8.23041,1.00,1.75
2016.04.22 18:59:33.026,8.22658,8.23151,1.00,1.75
2016.04.22 18:59:33.077,8.22658,8.23151,1.00,1.75
2016.04.22 18:59:33.268,8.22628,8.23235,1.00,1.75
2016.04.22 18:59:33.704,8.22649,8.23237,1.00,1.75
2016.04.22 18:59:34.526,8.22684,8.23235,1.00,1.75
2016.04.22 18:59:35.805,8.22736,8.23209,1.00,1.75
2016.04.22 18:59:36.190,8.22772,8.23174,1.00,1.75
2016.04.22 18:59:36.241,8.22755,8.23205,1.00,1.75
2016.04.22 18:59:36.971,8.22815,8.23166,1.00,1.75
2016.04.22 18:59:37.392,8.22802,8.23203,1.00,1.75
2016.04.22 18:59:37.493,8.2282,8.23166,1.00,1.75
2016.04.22 18:59:37.645,8.22807,8.23199,1.00,1.75
2016.04.22 18:59:37.822,8.2282,8.23166,1.00,1.75
2016.04.22 18:59:45.908,8.22844,8.23171,1.00,1.75
2016.04.22 18:59:45.959,8.22765,8.23218,1.00,1.75
2016.04.22 18:59:46.212,8.22717,8.23327,1.00,1.75
2016.04.22 18:59:46.530,8.2275,8.23327,1.00,1.75
2016.04.22 18:59:46.909,8.2275,8.23283,1.00,1.75
2016.04.22 18:59:47.245,8.2276,8.23283,1.00,1.07
2016.04.22 18:59:47.346,8.22781,8.23332,1.00,1.75
2016.04.22 18:59:47.664,8.22775,8.23332,1.00,1.75
2016.04.22 18:59:48.005,8.22803,8.23332,1.00,1.75
2016.04.22 18:59:48.106,8.2279,8.23407,1.00,1.75
2016.04.22 18:59:49.180,8.22842,8.23407,1.00,1.75
2016.04.22 18:59:49.913,8.22888,8.23452,1.00,1.75
2016.04.22 18:59:50.608,8.22917,8.23452,1.00,1.75
2016.04.22 18:59:50.998,8.22942,8.23452,1.00,1.75
2016.04.22 18:59:51.100,8.22949,8.23513,1.00,1.75
2016.04.22 18:59:51.150,8.22993,8.23523,1.00,1.75
2016.04.22 18:59:51.201,8.22949,8.23523,1.00,1.75
2016.04.22 18:59:51.443,8.22964,8.23666,1.00,1.75
2016.04.22 18:59:52.124,8.23013,8.23628,1.50,1.75
2016.04.22 18:59:52.225,8.23026,8.23628,1.00,1.75
2016.04.22 18:59:52.326,8.23032,8.23638,1.00,1.75
2016.04.22 18:59:52.427,8.23026,8.23638,1.00,1.75
2016.04.22 18:59:52.763,8.23028,8.23637,1.00,1.75
2016.04.22 18:59:53.218,8.23054,8.23648,1.00,1.75
2016.04.22 18:59:53.535,8.23057,8.23678,1.00,1.75
2016.04.22 18:59:54.226,8.23044,8.23668,1.00,1.75
2016.04.22 18:59:54.378,8.23042,8.23648,1.00,1.75
2016.04.22 18:59:54.429,8.23052,8.23648,1.00,1.75
2016.04.22 18:59:54.748,8.23058,8.23668,1.00,1.75
2016.04.22 18:59:55.051,8.23078,8.23658,1.00,1.75
2016.04.22 18:59:55.371,8.23109,8.23668,1.00,1.75
2016.04.22 18:59:56.086,8.23108,8.23638,1.00,1.75
2016.04.22 18:59:56.389,8.23138,8.23638,1.00,1.75
2016.04.22 18:59:56.729,8.2315,8.23668,1.00,1.75
2016.04.22 18:59:56.841,8.2312,8.23668,1.00,1.75
2016.04.22 18:59:57.093,8.23151,8.23668,1.00,1.75
2016.04.22 18:59:57.245,8.23126,8.23668,1.00,1.75
2016.04.22 18:59:57.397,8.23146,8.23668,1.00,1.75
2016.04.22 18:59:58.002,8.23185,8.23668,1.00,1.75
2016.04.22 18:59:58.053,8.23141,8.23658,1.00,1.75
2016.04.22 18:59:58.154,8.23144,8.23658,1.00,1.75
2016.04.22 18:59:58.457,8.2315,8.23658,1.00,1.75
2016.04.22 18:59:58.760,8.23182,8.23658,1.00,1.75
2016.04.22 18:59:58.811,8.23145,8.23658,1.00,1.75
2016.04.22 18:59:58.912,8.2316,8.23668,1.00,1.75
2016.04.22 18:59:59.262,8.23183,8.23668,1.00,1.75
2016.04.22 18:59:59.515,8.2317,8.23668,1.00,1.75
2016.04.22 18:59:59.667,8.23191,8.23668,1.00,1.75
