2016.04.12 13:00:00.157,8.20174,8.20407,1.07,1.00
2016.04.12 13:00:00.910,8.20182,8.20407,1.37,1.00
2016.04.12 13:00:01.062,8.202,8.20432,1.07,1.00
2016.04.12 13:00:01.252,8.202,8.20432,1.00,1.10
2016.04.12 13:00:01.355,8.202,8.20432,1.12,1.00
2016.04.12 13:00:01.996,8.2018,8.20411,1.75,1.00
2016.04.12 13:00:02.441,8.20174,8.20411,1.50,1.00
2016.04.12 13:00:02.543,8.20174,8.20411,1.12,1.00
2016.04.12 13:00:03.074,8.20163,8.2041,1.37,1.00
2016.04.12 13:00:03.399,8.20163,8.20399,1.37,1.00
2016.04.12 13:00:03.852,8.20163,8.20391,1.50,1.00
2016.04.12 13:00:03.954,8.20178,8.2041,1.07,1.00
2016.04.12 13:00:04.107,8.20163,8.20382,2.10,1.00
2016.04.12 13:00:04.208,8.20163,8.20382,1.60,1.00
2016.04.12 13:00:04.310,8.20163,8.20382,1.00,1.00
2016.04.12 13:00:04.513,8.20163,8.20375,1.00,1.00
2016.04.12 13:00:04.564,8.20143,8.20366,1.00,1.00
2016.04.12 13:00:04.615,8.2014,8.20366,1.00,1.00
2016.04.12 13:00:04.666,8.20118,8.20366,1.07,1.00
2016.04.12 13:00:05.420,8.20118,8.20366,1.75,1.00
2016.04.12 13:00:05.769,8.20118,8.20366,1.75,1.50
2016.04.12 13:00:05.871,8.20118,8.20366,1.75,1.50
2016.04.12 13:00:05.972,8.20118,8.20366,1.75,1.50
2016.04.12 13:00:06.486,8.20118,8.20365,1.75,1.00
2016.04.12 13:00:06.637,8.20118,8.20365,1.37,1.00
2016.04.12 13:00:06.739,8.20118,8.20364,1.37,1.00
2016.04.12 13:00:06.790,8.20122,8.2036,1.07,1.00
2016.04.12 13:00:07.173,8.20112,8.20332,1.37,1.00
2016.04.12 13:00:07.510,8.20086,8.20328,1.50,1.00
2016.04.12 13:00:08.019,8.20112,8.20328,1.00,1.00
2016.04.12 13:00:08.572,8.20103,8.20328,1.07,1.00
2016.04.12 13:00:08.623,8.20103,8.20328,1.00,1.00
2016.04.12 13:00:08.797,8.20113,8.20328,1.00,1.00
2016.04.12 13:00:08.899,8.20093,8.20328,1.00,1.00
2016.04.12 13:00:09.161,8.20082,8.20297,1.00,1.00
2016.04.12 13:00:09.779,8.20083,8.20297,1.00,1.00
2016.04.12 13:00:10.129,8.20092,8.20297,1.00,1.00
2016.04.12 13:00:10.180,8.20083,8.20297,1.00,1.00
2016.04.12 13:00:10.231,8.20083,8.20293,1.00,1.00
2016.04.12 13:00:10.339,8.20072,8.20293,1.00,1.00
2016.04.12 13:00:10.502,8.20072,8.20297,1.00,1.00
2016.04.12 13:00:10.654,8.20082,8.20297,1.00,1.00
2016.04.12 13:00:11.438,8.20102,8.20297,1.00,1.00
2016.04.12 13:00:12.008,8.20102,8.20296,1.00,1.00
2016.04.12 13:00:12.059,8.20092,8.20296,1.00,1.00
2016.04.12 13:00:12.180,8.20112,8.20297,1.00,1.00
2016.04.12 13:00:12.281,8.20112,8.20306,1.00,1.00
2016.04.12 13:00:12.383,8.20122,8.20306,1.00,1.00
2016.04.12 13:00:12.435,8.20122,8.20341,1.00,1.00
2016.04.12 13:00:12.538,8.20142,8.20341,1.00,1.00
2016.04.12 13:00:13.148,8.20143,8.20341,1.00,1.00
2016.04.12 13:00:13.591,8.20162,8.20341,1.00,1.00
2016.04.12 13:00:13.693,8.20162,8.2037,1.00,1.00
2016.04.12 13:00:13.745,8.20202,8.20384,1.00,1.37
2016.04.12 13:00:13.909,8.20202,8.20384,1.00,1.00
2016.04.12 13:00:14.019,8.20212,8.2039,1.00,1.00
2016.04.12 13:00:14.470,8.20213,8.20362,1.00,1.00
2016.04.12 13:00:15.223,8.20222,8.20362,1.00,1.00
2016.04.12 13:00:15.702,8.20233,8.20362,1.00,1.00
2016.04.12 13:00:15.754,8.20242,8.20403,1.00,1.00
2016.04.12 13:00:15.855,8.20242,8.20373,1.00,1.00
2016.04.12 13:00:15.957,8.20242,8.20417,1.00,1.50
2016.04.12 13:00:16.058,8.20242,8.20409,1.00,1.00
2016.04.12 13:00:16.109,8.20233,8.20409,1.00,1.00
2016.04.12 13:00:16.267,8.20232,8.20409,1.00,1.60
2016.04.12 13:00:16.318,8.20171,8.20409,1.37,1.60
2016.04.12 13:00:16.369,8.20171,8.20373,1.37,1.00
2016.04.12 13:00:16.420,8.20171,8.20373,1.37,1.00
2016.04.12 13:00:16.528,8.20174,8.20373,2.10,1.00
2016.04.12 13:00:16.579,8.20174,8.20376,2.10,1.00
2016.04.12 13:00:16.630,8.20222,8.20377,1.35,1.00
2016.04.12 13:00:16.681,8.20222,8.20397,1.35,1.00
2016.04.12 13:00:16.732,8.20222,8.20412,1.35,1.00
2016.04.12 13:00:16.783,8.20245,8.20433,1.75,1.00
2016.04.12 13:00:16.834,8.20288,8.20476,1.75,1.00
2016.04.12 13:00:17.137,8.20302,8.20491,1.75,1.00
2016.04.12 13:00:17.265,8.20341,8.20572,1.75,1.00
2016.04.12 13:00:17.316,8.20341,8.20589,1.75,1.50
2016.04.12 13:00:17.468,8.20374,8.20622,1.75,1.00
2016.04.12 13:00:17.722,8.20374,8.20622,1.75,1.00
2016.04.12 13:00:17.823,8.20374,8.20622,1.00,1.00
2016.04.12 13:00:17.874,8.2041,8.20625,1.00,1.00
2016.04.12 13:00:18.104,8.20369,8.20615,1.00,1.00
2016.04.12 13:00:18.839,8.20369,8.20615,1.37,1.00
2016.04.12 13:00:19.179,8.20369,8.20615,1.75,1.00
2016.04.12 13:00:19.586,8.20369,8.20615,1.00,1.00
2016.04.12 13:00:20.770,8.2037,8.20615,1.00,1.00
2016.04.12 13:00:20.922,8.20397,8.20615,1.07,1.00
2016.04.12 13:00:20.973,8.20417,8.20663,1.00,1.00
2016.04.12 13:00:21.188,8.20417,8.20665,1.00,1.00
2016.04.12 13:00:22.343,8.20417,8.20665,1.75,1.00
2016.04.12 13:00:22.444,8.2042,8.20665,1.00,1.00
2016.04.12 13:00:23.228,8.20447,8.20665,1.00,1.00
2016.04.12 13:00:23.441,8.20421,8.20665,1.00,1.00
2016.04.12 13:00:23.543,8.20432,8.20665,1.00,1.00
2016.04.12 13:00:23.593,8.20453,8.20699,1.00,1.50
2016.04.12 13:00:27.470,8.20468,8.20699,1.00,1.00
2016.04.12 13:00:27.521,8.20488,8.20721,1.00,1.00
2016.04.12 13:00:27.622,8.20488,8.20718,1.00,1.00
2016.04.12 13:00:28.748,8.20451,8.20697,1.00,1.00
2016.04.12 13:00:28.799,8.20451,8.2068,1.00,1.00
2016.04.12 13:00:29.116,8.20451,8.20667,1.00,1.00
2016.04.12 13:00:29.696,8.2043,8.20663,1.00,1.00
2016.04.12 13:00:29.797,8.20415,8.20652,1.00,1.00
2016.04.12 13:00:30.079,8.20415,8.20649,1.00,1.00
2016.04.12 13:00:31.270,8.20415,8.2064,1.00,1.00
2016.04.12 13:00:31.629,8.20415,8.20638,1.00,1.00
2016.04.12 13:00:32.029,8.20415,8.2064,1.00,1.00
2016.04.12 13:00:32.498,8.20415,8.20637,1.00,1.00
2016.04.12 13:00:33.578,8.20415,8.20633,1.00,1.00
2016.04.12 13:00:33.931,8.20415,8.20628,1.00,1.00
2016.04.12 13:00:34.033,8.2037,8.20617,1.00,1.00
2016.04.12 13:00:34.673,8.2037,8.20612,1.00,1.00
2016.04.12 13:00:35.392,8.20386,8.20612,1.00,1.00
2016.04.12 13:00:35.706,8.20406,8.20612,1.00,1.00
2016.04.12 13:00:35.894,8.20406,8.20625,1.00,1.00
2016.04.12 13:00:37.067,8.20406,8.20623,1.00,1.00
2016.04.12 13:00:38.096,8.20406,8.20607,1.00,1.00
2016.04.12 13:00:39.199,8.20406,8.20631,1.00,1.00
2016.04.12 13:00:39.377,8.20406,8.20642,1.00,1.00
2016.04.12 13:00:40.307,8.20406,8.20653,1.00,1.00
2016.04.12 13:00:40.907,8.20406,8.20646,1.00,1.00
2016.04.12 13:00:41.503,8.20406,8.20644,1.00,1.00
2016.04.12 13:00:42.684,8.20406,8.20634,1.00,1.00
2016.04.12 13:00:43.801,8.20406,8.20639,1.00,1.00
2016.04.12 13:00:44.165,8.20406,8.20636,1.00,1.00
2016.04.12 13:00:44.328,8.20369,8.20614,1.00,1.00
2016.04.12 13:00:44.657,8.20369,8.20603,1.00,1.00
2016.04.12 13:00:45.286,8.20369,8.20583,1.00,1.00
2016.04.12 13:00:45.898,8.20369,8.20572,1.00,1.00
2016.04.12 13:00:46.050,8.2035,8.20572,1.00,1.00
2016.04.12 13:00:46.168,8.20326,8.20574,1.00,1.00
2016.04.12 13:00:47.128,8.20327,8.20574,1.00,1.00
2016.04.12 13:00:47.279,8.2036,8.20591,1.00,1.00
2016.04.12 13:00:47.822,8.2036,8.20574,1.00,1.00
2016.04.12 13:00:48.477,8.2034,8.20566,1.00,1.00
2016.04.12 13:00:48.528,8.20327,8.20566,1.00,1.00
2016.04.12 13:00:48.997,8.20327,8.20556,1.00,1.00
2016.04.12 13:00:49.311,8.20327,8.20566,1.00,1.00
2016.04.12 13:00:50.731,8.20327,8.20563,1.00,1.00
2016.04.12 13:00:52.265,8.20322,8.20563,1.00,1.00
2016.04.12 13:00:52.316,8.20361,8.20563,1.00,1.00
2016.04.12 13:00:52.938,8.20361,8.20599,1.00,1.00
2016.04.12 13:00:54.144,8.20361,8.20607,1.00,1.00
2016.04.12 13:00:56.642,8.20361,8.20592,1.00,1.00
2016.04.12 13:00:57.885,8.20361,8.20574,1.00,1.00
2016.04.12 13:01:01.247,8.20361,8.20557,1.00,1.00
2016.04.12 13:01:01.307,8.2034,8.20557,1.00,1.00
2016.04.12 13:01:01.358,8.20321,8.20557,2.10,1.00
2016.04.12 13:01:02.276,8.20321,8.20557,1.50,1.00
2016.04.12 13:01:02.598,8.20326,8.20545,1.00,1.00
2016.04.12 13:01:02.699,8.20321,8.20545,1.00,1.00
2016.04.12 13:01:02.851,8.20321,8.20569,1.00,1.00
2016.04.12 13:01:02.902,8.20321,8.20559,1.00,1.00
2016.04.12 13:01:03.263,8.20321,8.20545,1.00,1.00
2016.04.12 13:01:04.124,8.20321,8.20538,1.00,1.00
2016.04.12 13:01:07.461,8.20321,8.20556,1.00,1.00
2016.04.12 13:01:08.577,8.20321,8.20538,1.00,1.00
2016.04.12 13:01:09.302,8.20321,8.20484,1.00,1.00
2016.04.12 13:01:09.354,8.20301,8.20484,1.00,1.00
2016.04.12 13:01:09.405,8.20272,8.20484,1.00,1.00
2016.04.12 13:01:10.182,8.20272,8.20517,1.00,1.00
2016.04.12 13:01:10.284,8.20272,8.2052,1.00,1.00
2016.04.12 13:01:10.522,8.20272,8.20509,1.00,1.00
2016.04.12 13:01:11.080,8.20272,8.20495,1.00,1.00
2016.04.12 13:01:12.182,8.20272,8.20487,1.00,1.00
2016.04.12 13:01:12.534,8.20272,8.20483,1.00,1.00
2016.04.12 13:01:14.488,8.20252,8.20466,1.00,1.00
2016.04.12 13:01:14.539,8.20229,8.20466,1.00,1.00
2016.04.12 13:01:14.691,8.20229,8.20448,1.00,1.00
2016.04.12 13:01:17.066,8.20229,8.20466,1.00,1.00
2016.04.12 13:01:18.402,8.20209,8.2044,1.00,1.00
2016.04.12 13:01:18.453,8.20192,8.2044,1.00,1.00
2016.04.12 13:01:18.554,8.20192,8.20434,1.00,1.00
2016.04.12 13:01:18.737,8.20192,8.2044,1.00,1.00
2016.04.12 13:01:18.990,8.20192,8.20412,1.00,1.00
2016.04.12 13:01:19.406,8.20172,8.204,1.00,1.00
2016.04.12 13:01:19.457,8.20165,8.204,1.00,1.00
2016.04.12 13:01:19.659,8.20155,8.204,1.60,1.00
2016.04.12 13:01:19.710,8.20166,8.204,1.00,1.00
2016.04.12 13:01:21.358,8.2016,8.204,1.60,1.00
2016.04.12 13:01:22.023,8.20189,8.20415,1.00,1.00
2016.04.12 13:01:22.675,8.20189,8.20397,1.00,1.00
2016.04.12 13:01:24.279,8.20189,8.20395,1.00,1.00
2016.04.12 13:01:24.381,8.20189,8.20397,1.00,1.00
2016.04.12 13:01:24.974,8.20189,8.20404,1.00,1.00
2016.04.12 13:01:25.127,8.20192,8.20404,1.00,1.00
2016.04.12 13:01:25.686,8.20204,8.20404,1.00,1.00
2016.04.12 13:01:26.076,8.20224,8.20404,1.00,1.00
2016.04.12 13:01:26.127,8.20224,8.20419,1.00,1.00
2016.04.12 13:01:26.236,8.20245,8.20419,1.00,1.00
2016.04.12 13:01:26.287,8.20245,8.20435,1.00,1.00
2016.04.12 13:01:27.528,8.20245,8.20456,1.00,1.00
2016.04.12 13:01:27.639,8.20245,8.2047,1.00,1.00
2016.04.12 13:01:27.791,8.20257,8.2047,1.00,1.00
2016.04.12 13:01:28.018,8.20235,8.2047,1.00,1.00
2016.04.12 13:01:28.136,8.20247,8.2047,1.00,1.00
2016.04.12 13:01:28.578,8.20247,8.20473,1.00,1.00
2016.04.12 13:01:29.077,8.20258,8.20473,1.00,1.00
2016.04.12 13:01:29.229,8.20262,8.20492,1.00,1.50
2016.04.12 13:01:29.642,8.20276,8.20492,1.00,1.00
2016.04.12 13:01:29.782,8.20276,8.20507,1.00,1.00
2016.04.12 13:01:30.906,8.20276,8.20492,1.00,1.00
2016.04.12 13:01:30.957,8.20265,8.20492,1.00,1.00
2016.04.12 13:01:31.167,8.20262,8.20492,1.00,1.00
2016.04.12 13:01:31.218,8.20262,8.20445,1.00,1.00
2016.04.12 13:01:31.548,8.20285,8.20397,2.10,1.00
2016.04.12 13:01:31.599,8.20285,8.20509,2.10,1.00
2016.04.12 13:01:31.672,8.20311,8.20509,1.60,1.00
2016.04.12 13:01:31.723,8.20329,8.20509,1.00,1.00
2016.04.12 13:01:31.976,8.20262,8.20455,1.00,1.00
2016.04.12 13:01:32.330,8.20262,8.20509,1.00,1.00
2016.04.12 13:01:33.050,8.20266,8.20509,1.00,1.00
2016.04.12 13:01:33.381,8.20309,8.20509,1.00,1.00
2016.04.12 13:01:33.686,8.2031,8.20553,1.75,1.00
2016.04.12 13:01:33.737,8.20412,8.20553,1.00,1.00
2016.04.12 13:01:33.867,8.20352,8.20543,1.00,1.00
2016.04.12 13:01:33.968,8.20389,8.20543,1.00,1.00
2016.04.12 13:01:34.070,8.20301,8.20531,1.75,1.00
2016.04.12 13:01:34.171,8.20301,8.20549,1.75,1.00
2016.04.12 13:01:34.272,8.20361,8.20609,1.00,1.00
2016.04.12 13:01:34.553,8.20406,8.20629,1.00,1.00
2016.04.12 13:01:34.604,8.20406,8.20654,1.00,1.00
2016.04.12 13:01:34.858,8.20441,8.20674,1.00,1.00
2016.04.12 13:01:34.908,8.20441,8.20688,1.00,1.00
2016.04.12 13:01:35.165,8.20483,8.20728,1.00,1.00
2016.04.12 13:01:35.287,8.20483,8.2073,1.00,1.00
2016.04.12 13:01:36.332,8.20483,8.20671,1.00,1.00
2016.04.12 13:01:37.519,8.20483,8.20683,1.00,1.00
2016.04.12 13:01:38.469,8.205,8.20683,1.00,1.00
2016.04.12 13:01:38.637,8.205,8.20708,1.00,1.00
2016.04.12 13:01:39.233,8.20534,8.20708,1.00,1.00
2016.04.12 13:01:39.437,8.20522,8.20708,1.00,1.00
2016.04.12 13:01:39.640,8.20522,8.20712,1.00,1.00
2016.04.12 13:01:39.792,8.20473,8.20699,1.00,1.00
2016.04.12 13:01:39.893,8.20473,8.20685,1.00,1.00
2016.04.12 13:01:40.207,8.20534,8.20714,1.00,1.00
2016.04.12 13:01:40.258,8.20534,8.20721,1.00,1.00
2016.04.12 13:01:40.309,8.20572,8.20721,1.00,1.00
2016.04.12 13:01:40.512,8.20586,8.20782,1.00,1.00
2016.04.12 13:01:40.715,8.20586,8.20817,1.00,1.00
2016.04.12 13:01:40.867,8.20613,8.20817,1.00,1.00
2016.04.12 13:01:41.173,8.20625,8.20817,1.00,1.00
2016.04.12 13:01:41.329,8.20589,8.20806,1.00,1.00
2016.04.12 13:01:41.484,8.20595,8.20806,1.00,1.00
2016.04.12 13:01:41.824,8.20614,8.20861,1.00,1.07
2016.04.12 13:01:41.875,8.20651,8.20861,1.00,1.00
2016.04.12 13:01:42.528,8.20651,8.20877,1.50,1.00
2016.04.12 13:01:42.629,8.20696,8.20899,1.00,1.00
2016.04.12 13:01:42.933,8.20696,8.20921,1.00,1.00
2016.04.12 13:01:43.797,8.20696,8.20925,1.00,1.00
2016.04.12 13:01:43.847,8.20726,8.20925,1.00,1.00
2016.04.12 13:01:44.150,8.20769,8.20925,1.00,1.00
2016.04.12 13:01:44.403,8.20756,8.20925,1.00,1.00
2016.04.12 13:01:45.007,8.20756,8.20938,1.00,1.00
2016.04.12 13:01:45.159,8.20766,8.20938,1.00,1.00
2016.04.12 13:01:45.539,8.20772,8.20938,1.00,1.00
2016.04.12 13:01:46.116,8.20772,8.20979,1.00,1.00
2016.04.12 13:01:46.268,8.20766,8.20979,1.00,1.00
2016.04.12 13:01:46.369,8.20766,8.21008,1.00,1.00
2016.04.12 13:01:46.537,8.20746,8.20982,1.00,1.00
2016.04.12 13:01:46.639,8.20734,8.20982,1.00,1.00
2016.04.12 13:01:46.806,8.20748,8.20957,1.00,1.00
2016.04.12 13:01:47.666,8.20768,8.20957,1.00,1.00
2016.04.12 13:01:47.905,8.20756,8.20957,1.00,1.00
2016.04.12 13:01:49.139,8.20756,8.20974,1.00,1.00
2016.04.12 13:01:50.106,8.20749,8.20974,1.00,1.00
2016.04.12 13:01:51.076,8.20734,8.20974,1.00,1.00
2016.04.12 13:01:51.305,8.20742,8.20974,1.00,1.00
2016.04.12 13:01:51.645,8.20757,8.20957,1.00,1.00
2016.04.12 13:01:51.746,8.20734,8.20957,1.00,1.00
2016.04.12 13:01:52.296,8.2074,8.20957,1.00,1.00
2016.04.12 13:01:52.626,8.2074,8.20979,1.00,1.00
2016.04.12 13:01:52.945,8.20734,8.20979,1.00,1.00
2016.04.12 13:01:53.736,8.20734,8.20957,1.00,1.00
2016.04.12 13:01:54.837,8.20734,8.20921,1.00,1.00
2016.04.12 13:01:55.321,8.20734,8.20965,1.00,1.00
2016.04.12 13:01:55.636,8.20734,8.20899,1.00,1.00
2016.04.12 13:01:55.919,8.20702,8.20899,1.00,1.00
2016.04.12 13:01:56.589,8.20693,8.20899,1.00,1.00
2016.04.12 13:01:56.712,8.20693,8.20877,1.00,1.00
2016.04.12 13:01:57.548,8.20693,8.20876,1.00,1.00
2016.04.12 13:01:57.802,8.20649,8.20876,1.00,1.00
2016.04.12 13:01:57.852,8.20649,8.20848,1.00,1.00
2016.04.12 13:01:58.004,8.20615,8.20827,1.60,1.00
2016.04.12 13:01:58.411,8.20639,8.20827,1.00,1.00
2016.04.12 13:01:59.063,8.20639,8.20823,1.00,1.00
2016.04.12 13:02:00.266,8.20639,8.20841,1.00,1.00
2016.04.12 13:02:00.517,8.20641,8.20841,1.00,1.00
2016.04.12 13:02:01.333,8.20641,8.20873,1.00,1.00
2016.04.12 13:02:01.594,8.20639,8.20868,1.00,1.00
2016.04.12 13:02:01.846,8.20575,8.20805,1.00,1.00
2016.04.12 13:02:01.897,8.20564,8.20805,1.00,1.00
2016.04.12 13:02:01.948,8.20564,8.20781,1.00,1.00
2016.04.12 13:02:02.100,8.2052,8.20768,1.67,1.00
2016.04.12 13:02:02.191,8.2052,8.2075,1.67,1.00
2016.04.12 13:02:02.667,8.20552,8.2075,1.00,1.00
2016.04.12 13:02:02.976,8.20568,8.2075,1.00,1.00
2016.04.12 13:02:03.235,8.20568,8.20787,1.00,1.00
2016.04.12 13:02:03.336,8.20586,8.20812,1.00,1.00
2016.04.12 13:02:03.538,8.20601,8.20804,1.00,1.00
2016.04.12 13:02:04.777,8.20601,8.20808,1.00,1.00
2016.04.12 13:02:05.866,8.20601,8.20796,1.00,1.00
2016.04.12 13:02:06.018,8.20524,8.20748,1.00,1.00
2016.04.12 13:02:06.629,8.20542,8.20748,1.00,1.00
2016.04.12 13:02:06.680,8.20542,8.2079,1.00,1.00
2016.04.12 13:02:06.731,8.20553,8.2079,1.00,1.00
2016.04.12 13:02:07.188,8.20553,8.20778,1.00,1.00
2016.04.12 13:02:07.907,8.20542,8.20778,1.00,1.00
2016.04.12 13:02:07.957,8.20542,8.20773,1.00,1.00
2016.04.12 13:02:09.135,8.20539,8.20749,1.00,1.00
2016.04.12 13:02:09.439,8.20576,8.20749,1.00,1.00
2016.04.12 13:02:09.641,8.20587,8.20792,1.00,1.00
2016.04.12 13:02:11.536,8.20585,8.20792,1.00,1.00
2016.04.12 13:02:12.346,8.20595,8.20792,1.00,1.00
2016.04.12 13:02:13.092,8.20612,8.20792,1.00,1.00
2016.04.12 13:02:13.143,8.20612,8.20818,1.00,1.00
2016.04.12 13:02:13.755,8.20601,8.20818,1.00,1.00
2016.04.12 13:02:14.641,8.20595,8.20818,1.00,1.00
2016.04.12 13:02:14.852,8.20595,8.20809,1.00,1.00
2016.04.12 13:02:15.176,8.20595,8.20809,1.00,1.37
2016.04.12 13:02:15.465,8.20595,8.20809,1.00,1.00
2016.04.12 13:02:15.568,8.20577,8.20799,1.00,1.00
2016.04.12 13:02:15.776,8.20577,8.20799,1.60,1.00
2016.04.12 13:02:16.080,8.20613,8.20799,1.00,1.00
2016.04.12 13:02:16.182,8.20613,8.20841,1.00,1.00
2016.04.12 13:02:16.394,8.20632,8.20841,1.00,1.00
2016.04.12 13:02:16.698,8.20645,8.20841,1.00,1.00
2016.04.12 13:02:16.749,8.20634,8.20841,1.00,1.00
2016.04.12 13:02:17.695,8.20619,8.20841,1.00,1.00
2016.04.12 13:02:17.909,8.20619,8.20812,1.00,1.00
2016.04.12 13:02:18.710,8.20619,8.20841,1.00,1.00
2016.04.12 13:02:19.139,8.20631,8.20841,1.00,1.00
2016.04.12 13:02:21.105,8.2063,8.20841,1.00,1.00
2016.04.12 13:02:22.905,8.20601,8.20841,1.00,1.00
2016.04.12 13:02:23.080,8.20601,8.20827,1.00,1.00
2016.04.12 13:02:23.131,8.20595,8.20827,1.00,1.00
2016.04.12 13:02:23.495,8.20595,8.20827,1.00,1.75
2016.04.12 13:02:23.846,8.20595,8.20804,1.00,1.00
2016.04.12 13:02:24.359,8.20572,8.20804,1.00,1.00
2016.04.12 13:02:24.411,8.20572,8.20782,1.00,1.00
2016.04.12 13:02:24.462,8.20569,8.20782,1.00,1.00
2016.04.12 13:02:24.564,8.20576,8.20782,1.00,1.00
2016.04.12 13:02:24.954,8.20576,8.20782,1.00,1.50
2016.04.12 13:02:29.545,8.20576,8.20782,1.00,1.00
2016.04.12 13:02:30.086,8.20575,8.20804,1.00,1.07
2016.04.12 13:02:30.530,8.20575,8.20804,1.60,1.07
2016.04.12 13:02:30.632,8.20599,8.20804,1.60,1.00
2016.04.12 13:02:30.733,8.2061,8.20819,1.00,1.00
2016.04.12 13:02:31.355,8.2061,8.20837,1.00,1.37
2016.04.12 13:02:34.375,8.2061,8.20837,1.00,1.00
2016.04.12 13:02:34.715,8.2061,8.20837,1.00,1.37
2016.04.12 13:02:36.182,8.2061,8.20819,1.00,1.00
2016.04.12 13:02:36.485,8.20609,8.20773,1.00,1.00
2016.04.12 13:02:36.788,8.20609,8.20819,1.00,1.75
2016.04.12 13:02:36.931,8.20609,8.20819,1.00,1.00
2016.04.12 13:02:38.082,8.20609,8.20828,1.00,1.00
2016.04.12 13:02:38.665,8.20609,8.20828,1.00,1.37
2016.04.12 13:02:41.518,8.20609,8.20828,1.00,1.00
2016.04.12 13:02:45.293,8.20635,8.20828,1.00,1.00
2016.04.12 13:02:45.344,8.2061,8.20828,1.60,1.00
2016.04.12 13:02:45.463,8.20626,8.20874,1.60,1.07
2016.04.12 13:02:45.514,8.20626,8.20874,1.60,1.00
2016.04.12 13:02:46.237,8.20659,8.20874,1.00,1.00
2016.04.12 13:02:46.436,8.20626,8.20874,1.00,1.00
2016.04.12 13:02:47.124,8.20626,8.20874,1.00,1.57
2016.04.12 13:02:47.536,8.20626,8.20868,1.00,1.00
2016.04.12 13:02:47.781,8.20591,8.20836,1.50,1.00
2016.04.12 13:02:48.490,8.20591,8.20827,1.50,1.00
2016.04.12 13:02:48.840,8.20591,8.20819,1.00,1.75
2016.04.12 13:02:48.891,8.20591,8.20819,1.00,1.37
2016.04.12 13:02:48.995,8.20591,8.20819,1.00,1.00
2016.04.12 13:02:49.299,8.20608,8.20837,1.60,1.07
2016.04.12 13:02:49.349,8.20608,8.20837,1.60,1.00
2016.04.12 13:02:49.561,8.20686,8.20874,1.00,1.00
2016.04.12 13:02:49.612,8.20642,8.20874,1.37,1.00
2016.04.12 13:02:49.663,8.20697,8.20877,1.00,1.07
2016.04.12 13:02:49.865,8.20638,8.20877,1.00,1.07
2016.04.12 13:02:49.967,8.20598,8.20846,1.50,1.00
2016.04.12 13:02:51.214,8.20598,8.20846,1.87,1.00
2016.04.12 13:02:51.787,8.20607,8.20846,1.00,1.00
2016.04.12 13:02:52.406,8.20607,8.20846,1.07,1.00
2016.04.12 13:02:52.757,8.20659,8.20846,1.00,1.00
2016.04.12 13:02:53.010,8.20655,8.20846,1.00,1.00
2016.04.12 13:02:53.125,8.20641,8.20846,1.00,1.00
2016.04.12 13:02:53.227,8.20621,8.20846,1.00,1.00
2016.04.12 13:02:53.819,8.20635,8.20846,1.00,1.00
2016.04.12 13:02:53.971,8.20642,8.20871,1.00,1.00
2016.04.12 13:02:54.022,8.20648,8.20871,1.00,1.00
2016.04.12 13:02:54.073,8.20648,8.20889,1.00,1.00
2016.04.12 13:02:54.185,8.20648,8.20889,1.37,1.00
2016.04.12 13:02:54.388,8.20654,8.20889,1.07,1.00
2016.04.12 13:02:55.242,8.20659,8.20889,1.50,1.00
2016.04.12 13:02:55.393,8.20687,8.20925,1.37,1.00
2016.04.12 13:02:55.647,8.20677,8.20925,1.00,1.00
2016.04.12 13:02:56.773,8.20677,8.20925,1.60,1.00
2016.04.12 13:02:57.076,8.20733,8.20945,1.00,1.00
2016.04.12 13:02:57.127,8.20733,8.20972,1.00,1.00
2016.04.12 13:02:57.377,8.20745,8.20972,1.00,1.00
2016.04.12 13:02:57.773,8.20757,8.20972,1.00,1.00
2016.04.12 13:02:57.875,8.20726,8.20957,1.00,1.00
2016.04.12 13:02:58.612,8.20726,8.20972,1.00,1.00
2016.04.12 13:02:58.663,8.20731,8.20972,1.00,1.00
2016.04.12 13:02:59.163,8.20728,8.20972,1.00,1.00
2016.04.12 13:02:59.214,8.20726,8.20972,1.00,1.00
2016.04.12 13:02:59.470,8.20705,8.2093,1.07,1.00
2016.04.12 13:03:01.833,8.20719,8.2093,1.00,1.00
2016.04.12 13:03:02.362,8.20757,8.2093,1.00,1.00
2016.04.12 13:03:02.521,8.20728,8.2093,1.00,1.00
2016.04.12 13:03:03.107,8.20768,8.2093,1.00,1.00
2016.04.12 13:03:04.888,8.20768,8.20965,1.00,1.00
2016.04.12 13:03:09.317,8.20791,8.20965,1.00,1.00
2016.04.12 13:03:09.418,8.20791,8.20998,1.00,1.00
2016.04.12 13:03:09.520,8.20806,8.21006,1.00,1.00
2016.04.12 13:03:10.420,8.20806,8.21006,1.75,1.00
2016.04.12 13:03:10.722,8.20832,8.21059,1.00,1.00
2016.04.12 13:03:11.085,8.20811,8.21059,1.37,1.00
2016.04.12 13:03:11.136,8.20811,8.21034,1.37,1.00
2016.04.12 13:03:11.186,8.20811,8.21034,1.00,1.00
2016.04.12 13:03:12.311,8.20811,8.2104,1.00,1.00
2016.04.12 13:03:13.442,8.20811,8.21023,1.00,1.00
2016.04.12 13:03:14.614,8.20811,8.21049,1.00,1.00
2016.04.12 13:03:17.010,8.20811,8.21041,1.00,1.00
2016.04.12 13:03:18.066,8.20811,8.21034,1.00,1.00
2016.04.12 13:03:19.275,8.208,8.21022,1.00,1.00
2016.04.12 13:03:19.837,8.20805,8.21022,1.00,1.00
2016.04.12 13:03:19.966,8.20802,8.21022,1.00,1.00
2016.04.12 13:03:20.151,8.20805,8.21022,1.00,1.00
2016.04.12 13:03:20.256,8.208,8.21022,1.00,1.00
2016.04.12 13:03:21.816,8.20806,8.21022,1.00,1.00
2016.04.12 13:03:22.236,8.20806,8.21002,1.00,1.00
2016.04.12 13:03:22.603,8.20823,8.20982,1.60,1.00
2016.04.12 13:03:22.755,8.20826,8.21034,1.60,1.00
2016.04.12 13:03:22.806,8.20831,8.21034,1.35,1.00
2016.04.12 13:03:22.856,8.2084,8.21088,1.72,1.00
2016.04.12 13:03:23.398,8.2085,8.21088,1.75,1.00
2016.04.12 13:03:23.921,8.20845,8.21088,1.00,1.00
2016.04.12 13:03:24.236,8.20901,8.21088,1.00,1.50
2016.04.12 13:03:25.284,8.20901,8.21075,1.00,1.00
2016.04.12 13:03:26.164,8.20901,8.21088,1.00,1.50
2016.04.12 13:03:27.186,8.20901,8.21084,1.00,1.00
2016.04.12 13:03:29.194,8.20901,8.21088,1.00,1.00
2016.04.12 13:03:29.474,8.20904,8.21088,1.00,1.00
2016.04.12 13:03:31.259,8.20904,8.21076,1.00,1.00
2016.04.12 13:03:31.604,8.20904,8.21056,1.00,1.00
2016.04.12 13:03:32.204,8.20894,8.21056,1.00,1.00
2016.04.12 13:03:32.664,8.20897,8.21056,1.00,1.00
2016.04.12 13:03:32.816,8.20897,8.21128,1.00,1.00
2016.04.12 13:03:33.056,8.20933,8.21127,1.00,1.00
2016.04.12 13:03:33.304,8.20904,8.21127,1.00,1.00
2016.04.12 13:03:33.473,8.20904,8.21127,1.07,1.00
2016.04.12 13:03:33.813,8.20943,8.21127,1.00,1.00
2016.04.12 13:03:34.297,8.20943,8.21118,1.00,1.00
2016.04.12 13:03:35.235,8.20913,8.21118,1.00,1.00
2016.04.12 13:03:35.358,8.20913,8.21108,1.00,1.00
2016.04.12 13:03:35.684,8.20949,8.21118,1.00,1.00
2016.04.12 13:03:37.045,8.20928,8.21118,1.00,1.00
2016.04.12 13:03:37.333,8.20928,8.21108,1.00,1.00
2016.04.12 13:03:37.546,8.209,8.21108,1.37,1.00
2016.04.12 13:03:37.597,8.209,8.21118,1.37,1.00
2016.04.12 13:03:37.653,8.209,8.21118,1.00,1.00
2016.04.12 13:03:38.323,8.209,8.21128,1.00,1.00
2016.04.12 13:03:39.784,8.20894,8.21118,1.10,1.00
2016.04.12 13:03:40.126,8.20894,8.21108,1.00,1.00
2016.04.12 13:03:41.040,8.20883,8.21108,1.00,1.00
2016.04.12 13:03:41.513,8.20883,8.21098,1.00,1.00
2016.04.12 13:03:42.333,8.20883,8.21108,1.00,1.00
2016.04.12 13:03:43.156,8.20883,8.21105,1.00,1.00
2016.04.12 13:03:43.483,8.20875,8.2108,1.00,1.00
2016.04.12 13:03:44.086,8.20855,8.2108,1.00,1.00
2016.04.12 13:03:44.475,8.20832,8.2108,1.60,1.00
2016.04.12 13:03:44.696,8.20854,8.2108,1.00,1.00
2016.04.12 13:03:45.044,8.20861,8.2108,1.40,1.00
2016.04.12 13:03:45.373,8.20897,8.2108,1.00,1.00
2016.04.12 13:03:45.860,8.20832,8.21028,1.40,1.00
2016.04.12 13:03:45.912,8.20832,8.21028,1.00,1.00
2016.04.12 13:03:45.963,8.2078,8.21027,1.00,1.00
2016.04.12 13:03:47.076,8.2078,8.20984,1.00,1.00
2016.04.12 13:03:47.964,8.20746,8.20984,1.00,1.00
2016.04.12 13:03:48.166,8.20746,8.20976,1.00,1.00
2016.04.12 13:03:48.823,8.20746,8.2097,1.00,1.00
2016.04.12 13:03:48.874,8.20702,8.2095,1.00,1.00
2016.04.12 13:03:49.577,8.20704,8.2095,1.00,1.00
2016.04.12 13:03:49.747,8.20702,8.2095,1.00,1.00
2016.04.12 13:03:49.849,8.20659,8.20906,1.37,1.00
2016.04.12 13:03:50.001,8.20659,8.20906,1.00,1.00
2016.04.12 13:03:50.052,8.20639,8.20863,1.37,1.00
2016.04.12 13:03:50.104,8.20639,8.20863,1.00,1.00
2016.04.12 13:03:50.155,8.20615,8.20863,1.37,1.00
2016.04.12 13:03:50.206,8.20615,8.20863,1.00,1.00
2016.04.12 13:03:50.469,8.20615,8.20863,1.07,1.00
2016.04.12 13:03:50.807,8.20652,8.209,1.00,1.00
2016.04.12 13:03:52.362,8.20652,8.20899,1.00,1.00
2016.04.12 13:03:52.586,8.20635,8.20858,1.00,1.00
2016.04.12 13:03:52.637,8.20628,8.20858,1.00,1.00
2016.04.12 13:03:52.876,8.2061,8.20858,1.37,1.00
2016.04.12 13:03:53.194,8.2061,8.20858,1.00,1.00
2016.04.12 13:03:54.458,8.2059,8.20824,1.87,1.00
2016.04.12 13:03:54.702,8.2059,8.20824,1.00,1.00
2016.04.12 13:03:55.320,8.20577,8.20824,1.00,1.00
2016.04.12 13:03:55.545,8.20621,8.20824,1.00,1.00
2016.04.12 13:03:55.849,8.20623,8.20824,1.37,1.00
2016.04.12 13:03:55.900,8.20623,8.20843,1.37,1.00
2016.04.12 13:03:56.001,8.20623,8.20865,1.37,1.00
2016.04.12 13:03:56.166,8.20623,8.20865,1.75,1.00
2016.04.12 13:03:57.136,8.20659,8.20865,1.37,1.00
2016.04.12 13:03:58.393,8.20659,8.20886,1.37,1.00
2016.04.12 13:03:58.444,8.20659,8.20901,1.37,1.00
2016.04.12 13:03:58.673,8.20659,8.20901,1.07,1.00
2016.04.12 13:03:59.674,8.20659,8.20901,1.37,1.00
2016.04.12 13:04:00.863,8.20659,8.20901,1.07,1.00
2016.04.12 13:04:01.414,8.20659,8.20901,2.25,1.00
2016.04.12 13:04:01.734,8.20659,8.20901,1.75,1.00
2016.04.12 13:04:02.215,8.20659,8.20901,1.75,1.00
2016.04.12 13:04:02.842,8.20659,8.20901,1.75,1.00
2016.04.12 13:04:04.133,8.20692,8.20921,1.37,1.00
2016.04.12 13:04:04.183,8.20692,8.20922,1.75,1.00
2016.04.12 13:04:09.284,8.20711,8.20932,1.37,1.00
2016.04.12 13:04:09.335,8.2072,8.20951,1.75,1.00
2016.04.12 13:04:09.386,8.2072,8.20968,1.75,1.00
2016.04.12 13:04:10.764,8.20722,8.20968,1.37,1.00
2016.04.12 13:04:13.044,8.2072,8.20967,1.37,1.00
2016.04.12 13:04:13.632,8.2072,8.20968,1.37,1.00
2016.04.12 13:04:14.737,8.2072,8.20958,1.37,1.00
2016.04.12 13:04:14.989,8.20664,8.20912,1.07,1.00
2016.04.12 13:04:15.839,8.20664,8.20907,1.07,1.00
2016.04.12 13:04:16.162,8.2062,8.20868,1.75,1.00
2016.04.12 13:04:18.352,8.20623,8.20868,2.25,1.00
2016.04.12 13:04:19.132,8.20627,8.20867,1.07,1.00
2016.04.12 13:04:19.334,8.20627,8.20827,1.07,1.00
2016.04.12 13:04:19.633,8.20627,8.20847,1.07,1.00
2016.04.12 13:04:19.684,8.20627,8.20861,1.07,1.00
2016.04.12 13:04:19.785,8.20627,8.20861,1.37,1.00
2016.04.12 13:04:20.434,8.20614,8.20858,1.75,1.00
2016.04.12 13:04:21.682,8.20614,8.20861,1.75,1.00
2016.04.12 13:04:21.883,8.20614,8.20861,1.37,1.00
2016.04.12 13:04:21.985,8.20614,8.20857,1.37,1.00
2016.04.12 13:04:22.194,8.20614,8.20861,1.37,1.00
2016.04.12 13:04:22.654,8.20614,8.20858,1.37,1.00
2016.04.12 13:04:23.009,8.20614,8.20855,1.37,1.00
2016.04.12 13:04:23.654,8.20614,8.20855,1.75,1.00
2016.04.12 13:04:24.463,8.20614,8.20855,1.50,1.00
2016.04.12 13:04:27.145,8.20614,8.20848,1.50,1.00
2016.04.12 13:04:27.272,8.20614,8.20855,1.50,1.00
2016.04.12 13:04:27.473,8.20614,8.20848,1.50,1.00
2016.04.12 13:04:27.725,8.20614,8.20848,1.00,1.60
2016.04.12 13:04:27.776,8.20595,8.20802,1.00,1.00
2016.04.12 13:04:27.827,8.20556,8.20802,1.37,1.00
2016.04.12 13:04:27.963,8.20556,8.20802,1.00,1.00
2016.04.12 13:04:28.216,8.20556,8.20798,1.00,1.00
2016.04.12 13:04:28.782,8.20536,8.20769,1.07,1.00
2016.04.12 13:04:29.091,8.20502,8.20704,1.00,1.00
2016.04.12 13:04:29.143,8.20456,8.20704,1.75,1.00
2016.04.12 13:04:29.462,8.20457,8.20704,1.00,1.00
2016.04.12 13:04:29.563,8.20492,8.2074,1.00,1.00
2016.04.12 13:04:32.581,8.20492,8.20724,1.00,1.00
2016.04.12 13:04:32.632,8.20492,8.2074,1.00,1.00
2016.04.12 13:04:32.683,8.20492,8.2074,1.07,1.00
2016.04.12 13:04:32.885,8.20492,8.2074,1.00,1.00
2016.04.12 13:04:32.987,8.20563,8.2076,1.00,1.00
2016.04.12 13:04:33.037,8.20563,8.20798,1.00,1.75
2016.04.12 13:04:33.148,8.20563,8.20798,1.00,1.00
2016.04.12 13:04:33.199,8.20563,8.20811,1.00,1.00
2016.04.12 13:04:34.445,8.20567,8.20811,1.00,1.00
2016.04.12 13:04:34.789,8.20603,8.20831,1.00,1.00
2016.04.12 13:04:35.350,8.20603,8.20849,1.00,1.00
2016.04.12 13:04:35.400,8.20603,8.20845,1.00,1.00
2016.04.12 13:04:35.835,8.20579,8.20814,1.00,1.00
2016.04.12 13:04:36.394,8.20579,8.20814,1.07,1.00
2016.04.12 13:04:42.594,8.20579,8.20814,1.75,1.00
2016.04.12 13:04:45.432,8.20566,8.20814,1.00,1.00
2016.04.12 13:04:48.091,8.20566,8.20789,1.00,1.00
2016.04.12 13:04:48.142,8.20521,8.20769,1.10,1.00
2016.04.12 13:04:48.495,8.20521,8.20753,1.10,1.00
2016.04.12 13:04:48.758,8.20485,8.20733,1.00,1.00
2016.04.12 13:04:49.089,8.20518,8.20733,1.00,1.00
2016.04.12 13:04:49.392,8.20518,8.20733,1.37,1.00
2016.04.12 13:04:50.390,8.20537,8.20733,1.00,1.00
2016.04.12 13:04:52.653,8.205,8.20733,1.75,1.00
2016.04.12 13:04:54.794,8.20555,8.20733,1.00,1.00
2016.04.12 13:04:55.073,8.20507,8.20733,1.75,1.00
2016.04.12 13:04:55.448,8.20531,8.20772,1.37,1.00
2016.04.12 13:04:56.263,8.20568,8.20814,1.00,1.00
2016.04.12 13:04:56.368,8.20568,8.20814,1.12,1.00
2016.04.12 13:04:56.419,8.20568,8.20814,1.00,1.00
2016.04.12 13:04:56.521,8.20575,8.20814,1.00,1.00
2016.04.12 13:04:56.872,8.20575,8.20814,1.50,1.00
2016.04.12 13:04:57.422,8.20575,8.20814,1.75,1.00
2016.04.12 13:04:59.496,8.2059,8.20814,1.37,1.00
2016.04.12 13:05:01.158,8.20572,8.20814,1.00,1.00
2016.04.12 13:05:04.666,8.20598,8.20814,1.00,1.00
2016.04.12 13:05:08.079,8.20605,8.20814,1.00,1.00
2016.04.12 13:05:09.170,8.20623,8.20814,1.00,1.00
2016.04.12 13:05:10.371,8.20605,8.20814,1.00,1.00
2016.04.12 13:05:11.773,8.20568,8.20814,1.00,1.00
2016.04.12 13:05:12.022,8.20568,8.20812,1.00,2.10
2016.04.12 13:05:12.224,8.20542,8.20788,1.00,1.60
2016.04.12 13:05:12.714,8.20542,8.20788,1.00,1.97
2016.04.12 13:05:12.815,8.20521,8.20752,1.00,1.00
2016.04.12 13:05:12.866,8.20506,8.20752,1.00,1.00
2016.04.12 13:05:13.137,8.20506,8.20752,1.00,1.75
2016.04.12 13:05:13.312,8.20506,8.20752,1.00,1.37
2016.04.12 13:05:13.913,8.20506,8.20752,1.00,1.37
2016.04.12 13:05:14.314,8.20502,8.20721,1.00,1.00
2016.04.12 13:05:16.454,8.20501,8.20721,1.00,1.00
2016.04.12 13:05:17.203,8.20523,8.20733,1.00,1.00
2016.04.12 13:05:18.079,8.20528,8.20733,1.00,1.00
2016.04.12 13:05:18.463,8.20528,8.20769,1.00,1.00
2016.04.12 13:05:18.626,8.20523,8.20769,1.00,1.00
2016.04.12 13:05:18.677,8.20524,8.20756,1.00,1.00
2016.04.12 13:05:19.163,8.20524,8.20756,1.00,1.75
2016.04.12 13:05:19.383,8.20524,8.20756,1.00,1.00
2016.04.12 13:05:19.832,8.20523,8.20737,1.00,1.00
2016.04.12 13:05:23.816,8.20505,8.20736,1.00,1.00
2016.04.12 13:05:23.968,8.20492,8.20736,1.50,1.00
2016.04.12 13:05:24.069,8.20492,8.20736,1.00,1.60
2016.04.12 13:05:24.121,8.20488,8.20736,1.00,1.60
2016.04.12 13:05:24.222,8.20468,8.207,1.00,1.00
2016.04.12 13:05:24.273,8.20452,8.207,1.00,1.00
2016.04.12 13:05:24.993,8.20462,8.20694,1.00,1.00
2016.04.12 13:05:25.156,8.20452,8.207,1.00,1.00
2016.04.12 13:05:25.575,8.20452,8.20683,1.00,1.00
2016.04.12 13:05:28.621,8.20452,8.20683,1.00,1.07
2016.04.12 13:05:29.151,8.20452,8.20683,1.00,1.00
2016.04.12 13:05:29.824,8.20491,8.20683,1.00,1.00
2016.04.12 13:05:30.133,8.20452,8.20683,1.00,1.00
2016.04.12 13:05:30.757,8.20468,8.20683,1.00,1.00
2016.04.12 13:05:31.745,8.20469,8.207,1.00,1.00
2016.04.12 13:05:32.436,8.20469,8.207,1.00,1.37
2016.04.12 13:05:32.588,8.20469,8.207,1.00,1.00
2016.04.12 13:05:33.118,8.205,8.207,1.00,1.00
2016.04.12 13:05:33.894,8.205,8.20679,1.00,1.00
2016.04.12 13:05:33.945,8.20454,8.207,1.00,2.10
2016.04.12 13:05:33.995,8.20452,8.207,1.50,1.97
2016.04.12 13:05:34.564,8.20452,8.207,1.00,1.50
2016.04.12 13:05:34.695,8.20453,8.20672,1.00,1.00
2016.04.12 13:05:35.132,8.2047,8.20672,1.00,1.00
2016.04.12 13:05:35.585,8.2047,8.20685,1.00,1.00
2016.04.12 13:05:36.239,8.20452,8.20685,1.00,1.00
2016.04.12 13:05:37.400,8.20477,8.20685,1.00,1.00
2016.04.12 13:05:38.261,8.20477,8.20685,1.00,1.60
2016.04.12 13:05:38.601,8.20462,8.20685,1.00,1.60
2016.04.12 13:05:39.264,8.20462,8.20682,1.00,1.00
2016.04.12 13:05:39.745,8.2047,8.20682,1.00,1.00
2016.04.12 13:05:40.847,8.20488,8.20682,1.00,1.00
2016.04.12 13:05:42.850,8.20462,8.20682,1.00,1.00
2016.04.12 13:05:43.112,8.20471,8.2069,1.00,1.00
2016.04.12 13:05:44.151,8.20489,8.2069,1.00,1.00
2016.04.12 13:05:45.256,8.2048,8.2069,1.00,1.00
2016.04.12 13:05:46.358,8.20489,8.2069,1.00,1.00
2016.04.12 13:05:46.638,8.20471,8.2069,1.00,1.00
2016.04.12 13:05:46.689,8.20457,8.20678,1.07,1.00
2016.04.12 13:05:46.820,8.20457,8.20678,1.00,1.00
2016.04.12 13:05:47.813,8.20444,8.20678,1.00,1.00
2016.04.12 13:05:48.864,8.20431,8.20678,1.00,1.00
2016.04.12 13:05:49.715,8.20431,8.20667,1.00,1.00
2016.04.12 13:06:01.151,8.20434,8.20667,1.00,1.00
2016.04.12 13:06:01.203,8.20434,8.20678,1.00,1.00
2016.04.12 13:06:01.254,8.20462,8.20688,1.00,1.00
2016.04.12 13:06:01.305,8.20462,8.2071,1.00,1.35
2016.04.12 13:06:01.449,8.20462,8.20688,1.00,1.00
2016.04.12 13:06:02.004,8.20462,8.2071,1.00,1.35
2016.04.12 13:06:02.215,8.20462,8.2069,1.00,1.00
2016.04.12 13:06:02.665,8.20458,8.20673,1.00,1.00
2016.04.12 13:06:02.792,8.20444,8.20673,1.00,1.00
2016.04.12 13:06:03.851,8.20435,8.20673,1.00,1.00
2016.04.12 13:06:05.229,8.20429,8.20673,1.00,1.00
2016.04.12 13:06:10.435,8.20429,8.20673,1.07,1.00
2016.04.12 13:06:10.834,8.20437,8.20673,1.00,1.00
2016.04.12 13:06:11.642,8.20429,8.20673,1.07,1.00
2016.04.12 13:06:12.160,8.20429,8.20673,1.00,1.00
2016.04.12 13:06:14.581,8.20429,8.20669,1.00,1.00
2016.04.12 13:06:15.677,8.20429,8.20641,1.00,1.00
2016.04.12 13:06:17.635,8.20405,8.20641,1.00,1.00
2016.04.12 13:06:18.145,8.20405,8.20606,1.00,1.00
2016.04.12 13:06:23.683,8.20405,8.20626,1.00,1.00
2016.04.12 13:06:23.734,8.20405,8.20639,1.00,1.00
2016.04.12 13:06:31.401,8.20409,8.20639,1.00,1.00
2016.04.12 13:06:32.601,8.20406,8.20639,1.00,1.00
2016.04.12 13:06:34.954,8.20406,8.20639,1.37,1.00
2016.04.12 13:06:36.509,8.20405,8.20639,1.00,1.00
2016.04.12 13:06:37.244,8.20392,8.20639,1.07,1.00
2016.04.12 13:06:39.177,8.20392,8.20626,1.07,1.00
2016.04.12 13:06:40.981,8.20392,8.20626,1.00,1.00
2016.04.12 13:06:44.008,8.20378,8.20626,1.00,1.00
2016.04.12 13:06:44.824,8.20378,8.20623,1.00,1.00
2016.04.12 13:06:47.732,8.20378,8.20623,1.12,1.00
2016.04.12 13:06:48.036,8.20414,8.20662,1.07,1.00
2016.04.12 13:06:48.138,8.20414,8.20662,1.75,1.00
2016.04.12 13:06:48.350,8.20424,8.20662,1.00,1.00
2016.04.12 13:06:48.940,8.20424,8.20662,1.07,1.00
2016.04.12 13:06:50.000,8.2043,8.20662,1.00,1.00
2016.04.12 13:06:50.584,8.20455,8.20662,1.00,1.00
2016.04.12 13:06:50.825,8.20431,8.20662,1.00,1.00
2016.04.12 13:06:50.971,8.20424,8.20662,1.07,1.00
2016.04.12 13:06:51.346,8.20424,8.20662,1.00,1.00
2016.04.12 13:06:51.447,8.20424,8.20662,1.07,1.00
2016.04.12 13:06:51.752,8.20452,8.20697,1.00,1.00
2016.04.12 13:06:51.979,8.20463,8.20697,1.00,1.00
2016.04.12 13:06:52.581,8.20452,8.20697,1.37,1.00
2016.04.12 13:06:53.795,8.20481,8.20697,1.00,1.00
2016.04.12 13:07:06.579,8.20486,8.20697,1.00,1.00
2016.04.12 13:07:09.279,8.20481,8.20697,1.00,1.00
2016.04.12 13:07:09.468,8.20481,8.20683,1.00,1.00
2016.04.12 13:07:15.268,8.20485,8.20683,1.00,1.00
2016.04.12 13:07:16.470,8.20492,8.20683,1.00,1.00
2016.04.12 13:07:18.330,8.20502,8.20683,1.00,1.00
2016.04.12 13:07:18.381,8.20502,8.20719,1.00,1.00
2016.04.12 13:07:20.407,8.20502,8.20724,1.50,1.00
2016.04.12 13:07:21.200,8.20503,8.20724,1.00,1.00
2016.04.12 13:07:21.744,8.20502,8.20724,1.50,1.00
2016.04.12 13:07:22.923,8.20503,8.20724,1.00,1.00
2016.04.12 13:07:24.650,8.20503,8.20724,1.37,1.00
2016.04.12 13:07:25.461,8.20502,8.20724,1.57,1.00
2016.04.12 13:07:25.623,8.20502,8.20684,1.57,1.00
2016.04.12 13:07:28.334,8.20512,8.20684,1.00,1.00
2016.04.12 13:07:32.950,8.20502,8.20684,1.00,1.00
2016.04.12 13:07:33.576,8.20462,8.20684,1.00,1.00
2016.04.12 13:07:37.902,8.20463,8.20684,1.00,1.00
2016.04.12 13:07:39.720,8.20459,8.20684,1.00,1.00
2016.04.12 13:07:39.852,8.20459,8.20642,1.00,1.00
2016.04.12 13:07:40.174,8.20423,8.20642,1.07,1.00
2016.04.12 13:07:57.922,8.20405,8.20628,1.75,1.00
2016.04.12 13:08:05.722,8.20441,8.20628,1.07,1.00
2016.04.12 13:08:05.773,8.20441,8.20648,1.07,1.00
2016.04.12 13:08:05.824,8.20441,8.20667,1.07,1.00
2016.04.12 13:08:06.389,8.20441,8.20667,1.00,1.00
2016.04.12 13:08:06.734,8.20426,8.20667,1.07,1.00
2016.04.12 13:08:09.441,8.20427,8.20663,1.07,1.00
2016.04.12 13:08:09.893,8.20419,8.20667,1.37,1.50
2016.04.12 13:08:10.022,8.20405,8.20631,1.57,1.00
2016.04.12 13:08:10.602,8.20414,8.20631,1.00,1.00
2016.04.12 13:08:12.650,8.20407,8.20631,1.00,1.00
2016.04.12 13:08:13.346,8.20423,8.20631,1.00,1.00
2016.04.12 13:08:19.358,8.20423,8.20631,1.37,1.00
2016.04.12 13:08:20.440,8.20423,8.20631,1.00,1.00
2016.04.12 13:08:20.592,8.20413,8.20631,1.00,1.00
2016.04.12 13:08:20.643,8.20406,8.20631,1.00,1.00
2016.04.12 13:08:20.898,8.20406,8.20631,1.07,1.00
2016.04.12 13:08:23.439,8.20405,8.20631,1.00,1.00
2016.04.12 13:08:24.460,8.20405,8.20622,1.00,1.00
2016.04.12 13:08:25.064,8.20392,8.20622,1.37,1.00
2016.04.12 13:08:26.508,8.20392,8.20622,1.00,1.00
2016.04.12 13:08:26.989,8.20387,8.20634,1.57,1.00
2016.04.12 13:08:27.598,8.20387,8.20616,1.07,1.00
2016.04.12 13:08:27.901,8.20369,8.20592,1.75,1.00
2016.04.12 13:08:30.299,8.20413,8.20592,1.00,1.00
2016.04.12 13:08:34.366,8.20431,8.20592,1.00,1.00
2016.04.12 13:08:34.753,8.20431,8.20625,1.00,1.00
2016.04.12 13:08:37.869,8.20402,8.20625,1.37,1.00
2016.04.12 13:08:38.299,8.20423,8.20625,1.00,1.00
2016.04.12 13:08:39.471,8.20431,8.20625,1.00,1.00
2016.04.12 13:08:40.031,8.20431,8.20628,1.00,1.00
2016.04.12 13:08:40.688,8.20449,8.20628,1.00,1.00
2016.04.12 13:08:46.378,8.20456,8.20628,1.00,1.00
2016.04.12 13:08:47.196,8.20456,8.20662,1.00,1.00
2016.04.12 13:08:47.333,8.20414,8.20662,1.75,1.00
2016.04.12 13:08:48.447,8.20414,8.20662,1.37,1.00
2016.04.12 13:08:50.079,8.20457,8.20697,1.07,1.00
2016.04.12 13:08:50.181,8.20457,8.20705,1.07,1.00
2016.04.12 13:08:50.858,8.20503,8.20705,1.00,1.00
2016.04.12 13:08:59.675,8.20503,8.20699,1.00,1.00
2016.04.12 13:09:00.317,8.20503,8.20705,1.00,1.00
2016.04.12 13:09:05.595,8.20521,8.20705,1.00,1.00
2016.04.12 13:09:07.656,8.20521,8.20731,1.00,1.00
2016.04.12 13:09:16.221,8.20521,8.20723,1.00,1.00
2016.04.12 13:09:16.530,8.20521,8.20703,1.00,1.00
2016.04.12 13:09:17.560,8.20503,8.20703,1.00,1.00
2016.04.12 13:09:19.397,8.20514,8.20703,1.00,1.00
2016.04.12 13:09:20.463,8.20522,8.20703,1.00,1.00
2016.04.12 13:09:21.764,8.20497,8.20703,1.07,1.50
2016.04.12 13:09:22.633,8.20497,8.20703,1.00,1.50
2016.04.12 13:09:22.684,8.20497,8.20669,1.00,1.00
2016.04.12 13:09:22.808,8.20428,8.20669,1.75,1.00
2016.04.12 13:09:22.859,8.20423,8.20669,1.75,1.00
2016.04.12 13:09:22.960,8.20442,8.20669,1.00,1.00
2016.04.12 13:09:23.269,8.20442,8.20669,1.12,1.00
2016.04.12 13:09:24.477,8.20459,8.20669,1.00,1.00
2016.04.12 13:09:25.569,8.20441,8.20669,1.07,1.00
2016.04.12 13:09:26.027,8.20441,8.20669,1.37,1.00
2016.04.12 13:09:26.809,8.20478,8.20669,1.00,1.00
2016.04.12 13:09:29.780,8.20459,8.20669,1.00,1.00
2016.04.12 13:09:31.877,8.20459,8.20668,1.00,1.00
2016.04.12 13:09:32.857,8.20452,8.20668,1.00,1.00
2016.04.12 13:09:35.445,8.20452,8.20634,1.00,1.00
2016.04.12 13:09:35.698,8.20405,8.20634,1.00,1.00
2016.04.12 13:09:36.421,8.20406,8.20634,1.00,1.00
2016.04.12 13:09:36.690,8.2041,8.20634,1.00,1.00
2016.04.12 13:09:36.994,8.20477,8.20678,1.00,1.00
2016.04.12 13:09:37.417,8.20477,8.20675,1.00,1.00
2016.04.12 13:09:44.117,8.20477,8.20678,1.00,1.00
2016.04.12 13:09:44.437,8.20477,8.20697,1.00,1.00
2016.04.12 13:09:44.728,8.20496,8.20697,1.00,1.00
2016.04.12 13:09:45.384,8.20496,8.20696,1.00,1.00
2016.04.12 13:09:48.838,8.20467,8.20696,1.00,1.00
2016.04.12 13:09:49.040,8.20486,8.20696,1.00,1.00
2016.04.12 13:09:50.239,8.20503,8.20696,1.00,1.00
2016.04.12 13:09:51.957,8.20503,8.20688,1.00,1.00
2016.04.12 13:09:53.543,8.20467,8.20688,1.00,1.00
2016.04.12 13:09:54.011,8.20467,8.2071,1.00,1.00
2016.04.12 13:10:04.482,8.20462,8.20708,1.00,1.00
2016.04.12 13:10:04.900,8.20462,8.20699,1.00,1.00
2016.04.12 13:10:05.660,8.20462,8.20693,1.00,1.00
2016.04.12 13:10:05.750,8.20425,8.20673,1.00,1.00
2016.04.12 13:10:05.801,8.20425,8.20665,1.00,1.00
2016.04.12 13:10:11.868,8.20425,8.20642,1.00,1.00
2016.04.12 13:10:13.736,8.20424,8.20633,1.00,1.00
2016.04.12 13:10:14.490,8.20431,8.20633,1.00,1.00
2016.04.12 13:10:17.070,8.20413,8.20633,1.00,1.00
2016.04.12 13:10:19.272,8.20386,8.20633,1.37,1.00
2016.04.12 13:10:19.772,8.20405,8.20633,1.00,1.00
2016.04.12 13:10:27.380,8.20413,8.20633,1.00,1.00
2016.04.12 13:10:29.834,8.20413,8.20608,1.00,1.00
2016.04.12 13:10:37.839,8.20363,8.20608,1.75,1.00
2016.04.12 13:10:38.230,8.20363,8.20608,1.00,1.00
2016.04.12 13:10:40.092,8.2037,8.20608,1.00,1.00
2016.04.12 13:10:40.754,8.2037,8.20573,1.00,1.00
2016.04.12 13:10:41.076,8.2037,8.20616,1.00,1.00
2016.04.12 13:10:41.178,8.2037,8.20616,1.07,1.00
2016.04.12 13:10:41.859,8.20368,8.20616,1.00,1.00
2016.04.12 13:10:42.502,8.20368,8.20616,1.07,1.00
2016.04.12 13:10:49.229,8.20368,8.20616,1.00,1.00
2016.04.12 13:10:49.734,8.20368,8.20616,1.07,1.00
2016.04.12 13:10:50.586,8.20368,8.20615,1.07,1.00
2016.04.12 13:10:53.018,8.20368,8.20615,1.07,1.60
2016.04.12 13:10:53.322,8.2035,8.20581,1.07,1.00
2016.04.12 13:10:53.662,8.20333,8.20581,1.07,1.60
2016.04.12 13:10:53.718,8.20333,8.20581,1.00,1.97
2016.04.12 13:10:54.201,8.20333,8.2056,1.00,1.97
2016.04.12 13:10:54.403,8.20333,8.2056,1.00,1.60
2016.04.12 13:10:55.769,8.20343,8.20553,1.00,1.00
2016.04.12 13:10:56.257,8.20352,8.20553,1.00,1.00
2016.04.12 13:10:57.419,8.20353,8.20553,1.00,1.00
2016.04.12 13:10:57.844,8.20342,8.20553,1.00,1.00
2016.04.12 13:10:57.995,8.20352,8.20553,1.00,1.00
2016.04.12 13:10:58.646,8.20342,8.20553,1.00,1.00
2016.04.12 13:10:58.880,8.20333,8.20553,1.00,1.00
2016.04.12 13:10:59.547,8.20342,8.20553,1.00,1.00
2016.04.12 13:10:59.889,8.20353,8.20553,1.00,1.00
2016.04.12 13:11:00.609,8.20342,8.20553,1.00,1.00
2016.04.12 13:11:01.503,8.2034,8.20553,1.00,1.00
2016.04.12 13:11:02.258,8.20369,8.20553,1.00,1.00
2016.04.12 13:11:02.368,8.20333,8.20553,1.07,1.00
2016.04.12 13:11:02.659,8.20333,8.20553,1.00,1.07
2016.04.12 13:11:02.962,8.20333,8.20553,1.00,1.00
2016.04.12 13:11:04.024,8.20333,8.20553,1.00,1.37
2016.04.12 13:11:04.739,8.20333,8.20553,1.00,1.00
2016.04.12 13:11:07.491,8.20333,8.20553,1.07,1.00
2016.04.12 13:11:09.640,8.20349,8.20553,1.00,1.00
2016.04.12 13:11:22.978,8.20349,8.20553,1.00,1.07
2016.04.12 13:11:23.198,8.20349,8.20553,1.00,1.00
2016.04.12 13:11:23.929,8.20349,8.20597,1.00,1.00
2016.04.12 13:11:26.585,8.20349,8.20591,1.00,1.00
2016.04.12 13:11:30.362,8.20355,8.20591,1.00,1.00
2016.04.12 13:11:30.626,8.20355,8.20603,1.00,1.00
2016.04.12 13:11:31.624,8.2038,8.20603,1.00,1.00
2016.04.12 13:11:32.909,8.20369,8.20603,1.00,1.00
2016.04.12 13:11:33.010,8.20373,8.20603,1.37,1.00
2016.04.12 13:11:33.061,8.20391,8.20639,1.00,1.00
2016.04.12 13:11:33.637,8.20393,8.20639,1.37,1.00
2016.04.12 13:11:33.687,8.20436,8.20684,1.00,1.00
2016.04.12 13:11:34.974,8.20436,8.20684,1.00,1.37
2016.04.12 13:11:35.648,8.20436,8.20684,1.00,1.00
2016.04.12 13:11:36.728,8.20436,8.20684,1.00,1.37
2016.04.12 13:11:36.985,8.20436,8.20684,1.00,1.00
2016.04.12 13:11:37.144,8.20436,8.20679,1.00,1.00
2016.04.12 13:11:37.937,8.20436,8.20679,1.00,1.37
2016.04.12 13:11:38.157,8.20436,8.20679,1.00,1.00
2016.04.12 13:11:39.198,8.20436,8.20681,1.00,1.00
2016.04.12 13:11:40.137,8.20436,8.20681,1.07,1.00
2016.04.12 13:11:40.467,8.20436,8.20681,1.00,1.10
2016.04.12 13:11:41.203,8.20436,8.20678,1.00,1.00
2016.04.12 13:11:42.438,8.20436,8.20667,1.00,1.00
2016.04.12 13:11:42.821,8.20436,8.20671,1.00,1.00
2016.04.12 13:11:43.300,8.20436,8.20646,1.00,1.00
2016.04.12 13:11:43.399,8.20408,8.20639,1.00,1.00
2016.04.12 13:11:43.551,8.20408,8.20639,1.00,1.60
2016.04.12 13:11:43.652,8.20392,8.20639,1.00,1.60
2016.04.12 13:11:43.703,8.20391,8.20638,1.00,1.35
2016.04.12 13:11:44.010,8.20355,8.20526,1.00,1.00
2016.04.12 13:11:44.111,8.20355,8.20541,1.00,1.00
2016.04.12 13:11:44.263,8.20334,8.20541,1.00,1.00
2016.04.12 13:11:44.314,8.20322,8.20541,1.00,1.00
2016.04.12 13:11:44.365,8.20322,8.2057,1.00,1.00
2016.04.12 13:11:45.881,8.20322,8.2057,1.00,1.37
2016.04.12 13:11:46.228,8.20322,8.2057,1.00,1.75
2016.04.12 13:11:46.430,8.20322,8.20547,1.00,1.00
2016.04.12 13:11:46.988,8.20322,8.20565,1.00,1.00
2016.04.12 13:11:47.090,8.20357,8.2057,1.00,1.00
2016.04.12 13:11:48.178,8.20322,8.2057,1.50,1.00
2016.04.12 13:11:50.084,8.20355,8.20603,1.00,1.50
2016.04.12 13:11:50.706,8.20355,8.20589,1.00,1.00
2016.04.12 13:11:51.010,8.20313,8.20538,1.00,1.00
2016.04.12 13:11:53.008,8.20313,8.20547,1.00,1.00
2016.04.12 13:11:53.345,8.20313,8.20534,1.00,1.00
2016.04.12 13:11:55.648,8.20313,8.20537,1.00,1.00
2016.04.12 13:11:56.569,8.20313,8.20559,1.00,1.00
2016.04.12 13:11:56.620,8.20362,8.20522,1.00,1.00
2016.04.12 13:11:56.822,8.20347,8.20563,1.75,1.00
2016.04.12 13:11:56.873,8.20347,8.20563,1.00,1.00
2016.04.12 13:11:56.975,8.20343,8.20563,1.00,1.00
2016.04.12 13:11:57.298,8.20343,8.2056,1.00,1.00
2016.04.12 13:11:57.528,8.20343,8.20563,1.00,1.00
2016.04.12 13:11:58.041,8.20343,8.20568,1.00,1.00
2016.04.12 13:11:58.629,8.20343,8.20537,1.00,1.00
2016.04.12 13:11:58.809,8.20343,8.20568,1.00,1.50
2016.04.12 13:11:59.839,8.20343,8.20537,1.00,1.00
2016.04.12 13:12:00.185,8.20379,8.20537,1.00,1.00
2016.04.12 13:12:01.292,8.20379,8.20568,1.00,1.00
2016.04.12 13:12:11.058,8.20344,8.20568,1.00,1.00
2016.04.12 13:12:11.109,8.20344,8.20523,1.00,1.00
2016.04.12 13:12:11.261,8.20293,8.20523,1.00,1.00
2016.04.12 13:12:11.312,8.20293,8.20515,1.00,1.00
2016.04.12 13:12:12.061,8.20293,8.20504,1.00,1.00
2016.04.12 13:12:16.483,8.20261,8.20481,1.00,1.00
2016.04.12 13:12:16.585,8.20248,8.20481,1.00,1.00
2016.04.12 13:12:16.847,8.20248,8.20469,1.00,1.00
2016.04.12 13:12:18.516,8.20248,8.2048,1.00,1.00
2016.04.12 13:12:19.739,8.20248,8.20494,1.00,1.00
2016.04.12 13:12:20.835,8.20248,8.20469,1.00,1.00
2016.04.12 13:12:21.933,8.20248,8.20465,1.00,1.00
2016.04.12 13:12:23.333,8.20248,8.20483,1.00,1.00
2016.04.12 13:12:23.785,8.20248,8.2048,1.00,1.00
2016.04.12 13:12:24.188,8.20237,8.2046,1.00,1.00
2016.04.12 13:12:24.417,8.20232,8.2046,1.00,1.00
2016.04.12 13:12:24.671,8.20228,8.2046,1.00,1.00
2016.04.12 13:12:24.773,8.20232,8.2046,1.00,1.00
2016.04.12 13:12:26.553,8.20235,8.2046,1.00,1.00
2016.04.12 13:12:30.100,8.20235,8.2046,1.12,1.00
2016.04.12 13:12:30.498,8.20248,8.2046,1.00,1.00
2016.04.12 13:12:30.600,8.20228,8.2046,1.07,1.00
2016.04.12 13:12:31.938,8.20237,8.2046,1.00,1.00
2016.04.12 13:12:33.081,8.20234,8.2046,1.10,1.00
2016.04.12 13:12:39.273,8.20234,8.20473,1.10,1.00
2016.04.12 13:12:42.281,8.20234,8.20437,1.10,1.00
2016.04.12 13:12:42.332,8.2021,8.20437,1.07,1.00
2016.04.12 13:12:44.878,8.2021,8.20437,1.00,1.00
2016.04.12 13:12:44.980,8.20197,8.20437,1.00,1.00
2016.04.12 13:12:45.031,8.20201,8.20437,1.00,1.00
2016.04.12 13:12:45.368,8.2019,8.20437,1.00,1.00
2016.04.12 13:12:45.979,8.2019,8.20433,1.00,1.00
2016.04.12 13:12:47.596,8.2019,8.2042,1.00,1.00
2016.04.12 13:12:47.698,8.2019,8.20434,1.00,1.00
2016.04.12 13:12:47.826,8.2019,8.20437,1.00,1.00
2016.04.12 13:12:48.379,8.20199,8.20437,1.00,1.00
2016.04.12 13:12:54.959,8.20201,8.20437,1.00,1.00
2016.04.12 13:12:55.260,8.2024,8.20476,1.00,1.00
2016.04.12 13:12:56.112,8.2024,8.20466,1.00,1.00
2016.04.12 13:12:56.619,8.2024,8.20456,1.00,1.00
2016.04.12 13:12:58.115,8.20225,8.20443,1.00,1.00
2016.04.12 13:12:58.346,8.202,8.20443,1.10,1.00
2016.04.12 13:12:59.123,8.20203,8.20443,1.00,1.00
2016.04.12 13:12:59.444,8.20216,8.20443,1.00,1.00
2016.04.12 13:13:00.528,8.20213,8.20443,1.00,1.00
2016.04.12 13:13:01.623,8.20235,8.20443,1.00,1.00
2016.04.12 13:13:03.232,8.2023,8.20443,1.00,1.00
2016.04.12 13:13:04.434,8.20225,8.20443,1.00,1.00
2016.04.12 13:13:05.097,8.20234,8.20443,1.00,1.00
2016.04.12 13:13:05.148,8.2023,8.20443,1.00,1.00
2016.04.12 13:13:06.577,8.20196,8.20443,1.07,1.00
2016.04.12 13:13:06.747,8.20216,8.20443,1.00,1.00
2016.04.12 13:13:11.952,8.20237,8.20443,1.00,1.00
2016.04.12 13:13:12.451,8.20237,8.20466,1.00,1.00
2016.04.12 13:13:12.535,8.20237,8.2046,1.00,1.00
2016.04.12 13:13:13.677,8.20237,8.20438,1.00,1.00
2016.04.12 13:13:14.004,8.20212,8.20447,1.10,1.00
2016.04.12 13:13:14.233,8.20236,8.2046,1.00,1.00
2016.04.12 13:13:14.674,8.20236,8.20467,1.00,1.00
2016.04.12 13:13:14.725,8.20236,8.20461,1.00,1.00
2016.04.12 13:13:15.040,8.20233,8.20441,1.00,1.00
2016.04.12 13:13:15.568,8.2021,8.20438,1.00,1.00
2016.04.12 13:13:15.858,8.20206,8.20438,1.00,1.00
2016.04.12 13:13:15.909,8.20214,8.20441,1.00,1.00
2016.04.12 13:13:16.171,8.20206,8.20438,1.00,1.00
2016.04.12 13:13:16.804,8.20197,8.20441,1.00,1.00
2016.04.12 13:13:16.871,8.20197,8.20434,1.00,1.00
2016.04.12 13:13:17.196,8.20202,8.20434,1.00,1.00
2016.04.12 13:13:17.412,8.20199,8.20441,1.57,1.00
2016.04.12 13:13:18.903,8.20227,8.20441,1.00,1.00
2016.04.12 13:13:19.397,8.20227,8.20436,1.00,1.00
2016.04.12 13:13:19.838,8.20227,8.20441,1.00,1.00
2016.04.12 13:13:22.824,8.20202,8.20441,1.00,1.00
2016.04.12 13:13:23.076,8.20226,8.20441,1.00,1.00
2016.04.12 13:13:29.408,8.20218,8.20441,1.00,1.00
2016.04.12 13:13:29.535,8.20235,8.20477,1.00,1.00
2016.04.12 13:13:30.757,8.20235,8.20459,1.00,1.00
2016.04.12 13:13:30.808,8.20203,8.20439,1.07,1.00
2016.04.12 13:13:32.813,8.20203,8.20425,1.07,1.00
2016.04.12 13:13:34.187,8.20203,8.20439,1.07,1.00
2016.04.12 13:13:34.238,8.20203,8.20439,1.50,1.00
2016.04.12 13:13:36.628,8.20203,8.20439,1.07,1.00
2016.04.12 13:13:39.633,8.20203,8.20419,1.07,1.00
2016.04.12 13:13:42.299,8.20185,8.20398,1.75,1.00
2016.04.12 13:13:42.350,8.20185,8.20398,1.00,1.00
2016.04.12 13:13:42.451,8.20166,8.20398,1.37,1.00
2016.04.12 13:13:42.502,8.20156,8.20398,1.00,1.00
2016.04.12 13:13:42.553,8.2015,8.20398,1.00,1.00
2016.04.12 13:13:42.603,8.20089,8.20297,1.00,1.00
2016.04.12 13:13:42.762,8.2007,8.20297,1.07,1.00
2016.04.12 13:13:42.813,8.2007,8.20297,1.75,1.00
2016.04.12 13:13:43.015,8.20114,8.2034,1.37,1.00
2016.04.12 13:13:43.996,8.20131,8.2034,1.00,1.00
2016.04.12 13:13:49.617,8.20131,8.2034,1.37,1.00
2016.04.12 13:13:53.036,8.20139,8.20385,1.37,1.00
2016.04.12 13:13:53.138,8.20138,8.20385,1.75,1.00
2016.04.12 13:13:53.239,8.20174,8.2042,1.07,1.00
2016.04.12 13:13:53.290,8.20192,8.2042,1.00,1.00
2016.04.12 13:13:53.646,8.20192,8.2042,1.37,1.00
2016.04.12 13:13:54.415,8.20192,8.20411,1.37,1.00
2016.04.12 13:13:56.629,8.20192,8.2042,1.37,1.00
2016.04.12 13:13:56.798,8.20192,8.2042,1.00,1.00
2016.04.12 13:13:56.900,8.20192,8.20415,1.00,1.00
2016.04.12 13:13:57.305,8.20174,8.20415,1.50,1.00
2016.04.12 13:13:57.356,8.20174,8.20384,1.00,1.00
2016.04.12 13:14:00.305,8.20174,8.20363,1.00,1.00
2016.04.12 13:14:01.280,8.20137,8.20363,1.75,1.00
2016.04.12 13:14:03.872,8.20166,8.20384,1.07,1.00
2016.04.12 13:14:03.974,8.20166,8.20359,1.07,1.00
2016.04.12 13:14:06.484,8.20174,8.20359,1.00,1.00
2016.04.12 13:14:07.567,8.20174,8.20348,1.00,1.00
2016.04.12 13:14:07.617,8.20166,8.20348,1.00,1.00
2016.04.12 13:14:11.574,8.20166,8.2034,1.00,1.00
2016.04.12 13:14:13.492,8.20166,8.20348,1.00,1.00
2016.04.12 13:14:13.947,8.20166,8.20346,1.00,1.00
2016.04.12 13:14:17.979,8.20166,8.20366,1.00,1.00
2016.04.12 13:14:18.029,8.20167,8.2039,1.75,1.00
2016.04.12 13:14:18.080,8.20186,8.20409,1.37,1.00
2016.04.12 13:14:18.131,8.20186,8.20409,1.37,1.00
2016.04.12 13:14:18.182,8.20186,8.20425,1.37,1.00
2016.04.12 13:14:18.233,8.20186,8.20433,1.37,1.00
2016.04.12 13:14:18.434,8.20249,8.20455,1.00,1.00
2016.04.12 13:14:18.566,8.20249,8.20483,1.00,1.00
2016.04.12 13:14:20.225,8.20249,8.20466,1.00,1.00
2016.04.12 13:14:20.433,8.20198,8.20446,1.00,1.00
2016.04.12 13:14:20.626,8.20198,8.20428,1.00,1.00
2016.04.12 13:14:25.366,8.20198,8.2041,1.00,1.00
2016.04.12 13:14:25.893,8.20198,8.20407,1.00,1.00
2016.04.12 13:14:26.224,8.20198,8.20407,1.00,1.87
2016.04.12 13:14:26.533,8.20198,8.20378,1.00,1.00
2016.04.12 13:14:29.554,8.20198,8.20407,1.00,1.00
2016.04.12 13:14:30.007,8.20198,8.20396,1.00,1.37
2016.04.12 13:14:30.356,8.20198,8.20378,1.00,1.00
2016.04.12 13:14:31.838,8.20198,8.20396,1.00,1.07
2016.04.12 13:14:31.920,8.20198,8.20396,1.00,1.00
2016.04.12 13:14:32.038,8.20198,8.20378,1.00,1.00
2016.04.12 13:14:32.883,8.20198,8.20378,1.00,1.37
2016.04.12 13:14:33.392,8.20198,8.20378,1.00,1.07
2016.04.12 13:14:33.512,8.20198,8.20378,1.00,1.00
2016.04.12 13:14:33.563,8.20198,8.20396,1.00,1.07
2016.04.12 13:14:33.614,8.20198,8.20408,1.00,1.50
2016.04.12 13:14:33.665,8.20198,8.20397,1.00,1.00
2016.04.12 13:14:34.019,8.20167,8.20398,1.00,1.00
2016.04.12 13:14:34.070,8.20167,8.20398,1.00,1.07
2016.04.12 13:14:34.842,8.20167,8.20378,1.00,1.00
2016.04.12 13:14:35.478,8.20167,8.20373,1.00,1.00
2016.04.12 13:14:35.731,8.20124,8.20363,1.00,1.60
2016.04.12 13:14:35.883,8.20124,8.20347,1.00,1.00
2016.04.12 13:14:36.188,8.20124,8.20326,1.00,1.00
2016.04.12 13:14:36.402,8.20124,8.20341,1.00,1.97
2016.04.12 13:14:36.464,8.20124,8.20341,1.00,1.60
2016.04.12 13:14:37.232,8.20124,8.20325,1.00,1.00
2016.04.12 13:14:37.925,8.20124,8.2033,1.00,1.75
2016.04.12 13:14:38.127,8.20124,8.20314,1.00,1.00
2016.04.12 13:14:38.930,8.20124,8.20309,1.00,1.00
2016.04.12 13:14:39.375,8.20124,8.20314,1.00,1.00
2016.04.12 13:14:39.430,8.20104,8.20314,1.00,1.00
2016.04.12 13:14:39.516,8.20092,8.203,1.00,1.00
2016.04.12 13:14:39.832,8.20092,8.203,1.00,1.37
2016.04.12 13:14:39.883,8.20092,8.20305,1.00,1.07
2016.04.12 13:14:40.346,8.20092,8.20305,1.00,1.00
2016.04.12 13:14:40.595,8.20092,8.20314,1.00,1.00
2016.04.12 13:14:40.863,8.20092,8.20314,1.00,1.75
2016.04.12 13:14:41.084,8.20092,8.20314,1.00,1.00
2016.04.12 13:14:42.437,8.20092,8.20314,1.00,1.60
2016.04.12 13:14:42.539,8.20092,8.20313,1.00,1.35
2016.04.12 13:14:42.850,8.20092,8.20282,1.00,1.00
2016.04.12 13:14:43.590,8.20092,8.2024,1.00,1.00
2016.04.12 13:14:43.641,8.20047,8.2024,1.00,1.00
2016.04.12 13:14:43.742,8.20047,8.2024,1.00,1.60
2016.04.12 13:14:44.082,8.20047,8.20238,1.00,1.97
2016.04.12 13:14:44.795,8.20047,8.20211,1.00,1.00
2016.04.12 13:14:46.958,8.20047,8.20236,1.00,1.97
2016.04.12 13:14:47.059,8.20047,8.20247,1.00,1.67
2016.04.12 13:14:47.160,8.20047,8.20247,1.00,1.00
2016.04.12 13:14:48.156,8.20047,8.20254,1.00,1.00
2016.04.12 13:14:49.994,8.20047,8.20252,1.00,1.00
2016.04.12 13:14:50.305,8.20047,8.20252,1.00,1.67
2016.04.12 13:14:50.689,8.20047,8.20229,1.00,1.00
2016.04.12 13:14:51.559,8.20047,8.2021,1.00,1.00
2016.04.12 13:14:52.164,8.2,8.2021,1.00,1.00
2016.04.12 13:14:52.215,8.19997,8.2021,1.00,1.00
2016.04.12 13:14:52.660,8.19997,8.20215,1.00,1.00
2016.04.12 13:14:53.294,8.19997,8.20213,1.00,1.00
2016.04.12 13:14:53.664,8.19997,8.20207,1.00,1.97
2016.04.12 13:14:57.329,8.19997,8.20207,1.00,1.00
2016.04.12 13:14:58.851,8.19997,8.20228,1.00,1.97
2016.04.12 13:15:06.057,8.20038,8.20228,1.00,1.97
2016.04.12 13:15:12.073,8.20038,8.20228,1.00,2.47
2016.04.12 13:15:19.455,8.20001,8.20222,1.00,2.47
2016.04.12 13:15:19.802,8.20001,8.20207,1.00,1.35
2016.04.12 13:15:19.954,8.20001,8.20204,1.00,1.67
2016.04.12 13:15:20.583,8.20001,8.20196,1.00,1.97
2016.04.12 13:15:25.072,8.20001,8.20183,1.00,1.00
2016.04.12 13:15:25.352,8.20001,8.20203,1.00,1.35
2016.04.12 13:15:25.995,8.20005,8.20203,1.00,1.35
2016.04.12 13:15:27.384,8.20005,8.20168,1.00,1.00
2016.04.12 13:15:27.725,8.20005,8.20178,1.00,1.60
2016.04.12 13:15:28.020,8.20005,8.20158,1.00,1.00
2016.04.12 13:15:28.122,8.20005,8.20168,1.00,1.00
2016.04.12 13:15:28.455,8.20005,8.20178,1.00,1.67
2016.04.12 13:15:30.597,8.19983,8.20213,1.00,1.00
2016.04.12 13:15:30.648,8.20011,8.20223,1.00,1.67
2016.04.12 13:15:30.853,8.20011,8.20237,1.00,1.35
2016.04.12 13:15:30.904,8.20019,8.20237,1.00,1.35
2016.04.12 13:15:31.906,8.20019,8.20228,1.00,2.10
2016.04.12 13:15:33.244,8.20019,8.20241,1.00,1.35
2016.04.12 13:15:35.952,8.20019,8.20242,1.00,1.75
2016.04.12 13:15:36.054,8.20019,8.20251,1.00,1.70
2016.04.12 13:15:36.105,8.20041,8.20251,1.00,1.70
2016.04.12 13:15:36.472,8.20062,8.20251,1.00,1.60
2016.04.12 13:15:39.933,8.20062,8.20242,1.00,1.00
2016.04.12 13:15:40.186,8.20062,8.20251,1.00,1.67
2016.04.12 13:15:44.535,8.20062,8.20251,1.00,1.00
2016.04.12 13:15:46.978,8.20062,8.20278,1.00,1.97
2016.04.12 13:15:48.110,8.20079,8.20281,1.00,1.35
2016.04.12 13:15:51.862,8.20079,8.20282,1.00,1.67
2016.04.12 13:15:56.372,8.20079,8.20267,1.00,1.00
2016.04.12 13:15:57.085,8.20079,8.20268,1.00,1.35
2016.04.12 13:15:58.159,8.20079,8.20277,1.00,1.70
2016.04.12 13:15:58.244,8.20079,8.20268,1.00,1.00
2016.04.12 13:15:58.572,8.20079,8.20248,1.00,1.00
2016.04.12 13:15:58.902,8.20079,8.20238,1.00,1.00
2016.04.12 13:15:59.013,8.20079,8.20248,1.00,1.00
2016.04.12 13:15:59.166,8.20079,8.20268,1.00,1.00
2016.04.12 13:15:59.233,8.20079,8.20257,1.00,1.00
2016.04.12 13:15:59.455,8.20079,8.20268,1.00,1.00
2016.04.12 13:15:59.673,8.20079,8.20258,1.00,1.00
2016.04.12 13:15:59.783,8.20079,8.20268,1.00,1.00
2016.04.12 13:15:59.950,8.20079,8.2028,1.00,1.67
2016.04.12 13:16:00.172,8.20079,8.20278,1.00,1.60
2016.04.12 13:16:05.412,8.20079,8.2028,1.00,1.67
2016.04.12 13:16:05.721,8.20079,8.20268,1.00,1.00
2016.04.12 13:16:05.982,8.20079,8.20278,1.00,1.67
2016.04.12 13:16:06.533,8.20079,8.20268,1.00,1.00
2016.04.12 13:16:06.992,8.20079,8.2028,1.00,1.67
2016.04.12 13:16:08.019,8.20081,8.20278,1.00,1.67
2016.04.12 13:16:08.394,8.20081,8.20288,1.00,1.67
2016.04.12 13:16:17.032,8.20081,8.20285,1.00,1.60
2016.04.12 13:16:20.413,8.20081,8.20258,1.00,1.00
2016.04.12 13:16:20.515,8.20081,8.20273,1.00,1.60
2016.04.12 13:16:21.081,8.20103,8.20288,1.00,1.60
2016.04.12 13:16:21.233,8.20103,8.20308,1.00,1.00
2016.04.12 13:16:21.335,8.20115,8.20343,1.00,1.37
2016.04.12 13:16:21.588,8.20115,8.20363,1.00,1.75
2016.04.12 13:16:21.833,8.20115,8.20338,1.00,1.00
2016.04.12 13:16:22.149,8.20134,8.20257,1.00,1.50
2016.04.12 13:16:22.251,8.20115,8.20257,1.00,1.50
2016.04.12 13:16:22.686,8.20127,8.20257,1.00,1.50
2016.04.12 13:16:23.023,8.20127,8.20268,1.00,1.00
2016.04.12 13:16:23.074,8.20115,8.20358,1.00,1.75
2016.04.12 13:16:23.125,8.20115,8.20358,1.00,1.75
2016.04.12 13:16:23.327,8.20127,8.20274,1.00,1.00
2016.04.12 13:16:24.308,8.20082,8.20274,1.00,1.00
2016.04.12 13:16:24.359,8.20082,8.20288,1.00,1.00
2016.04.12 13:16:24.410,8.20082,8.2033,1.00,1.07
2016.04.12 13:16:24.518,8.20082,8.20275,1.00,1.00
2016.04.12 13:16:24.838,8.20133,8.20275,1.00,1.00
2016.04.12 13:16:28.122,8.20133,8.20279,1.00,1.00
2016.04.12 13:16:34.061,8.20133,8.20178,1.00,1.00
2016.04.12 13:16:34.263,8.20129,8.20185,1.00,1.00
2016.04.12 13:16:34.314,8.20133,8.20183,1.00,1.00
2016.04.12 13:16:34.365,8.20133,8.20283,1.00,1.00
2016.04.12 13:16:34.466,8.20156,8.20283,1.00,1.00
2016.04.12 13:16:34.517,8.20156,8.20301,1.00,1.00
2016.04.12 13:16:35.329,8.20156,8.20198,1.00,1.00
2016.04.12 13:16:35.380,8.20129,8.20198,1.00,1.00
2016.04.12 13:16:35.838,8.20148,8.20297,1.00,1.00
2016.04.12 13:16:36.949,8.20148,8.20304,1.00,1.00
2016.04.12 13:16:37.733,8.20173,8.20304,1.00,1.00
2016.04.12 13:16:38.133,8.20173,8.20319,1.00,1.00
2016.04.12 13:16:40.481,8.20173,8.20337,1.00,1.00
2016.04.12 13:16:41.006,8.20174,8.20337,1.00,1.00
2016.04.12 13:16:41.636,8.20174,8.20334,1.00,1.00
2016.04.12 13:16:43.146,8.20198,8.20334,1.00,1.00
2016.04.12 13:16:45.846,8.20209,8.20334,1.00,1.00
2016.04.12 13:16:46.167,8.20252,8.2038,1.00,1.00
2016.04.12 13:16:47.218,8.20252,8.20427,1.00,1.00
2016.04.12 13:16:48.259,8.20252,8.20409,1.00,1.00
2016.04.12 13:16:48.563,8.2027,8.20409,1.00,1.00
2016.04.12 13:16:49.443,8.2027,8.20405,1.00,1.00
2016.04.12 13:16:49.622,8.20252,8.20391,1.00,1.00
2016.04.12 13:16:49.780,8.20252,8.20385,1.00,1.00
2016.04.12 13:16:50.105,8.20252,8.20361,1.50,1.00
2016.04.12 13:16:50.357,8.20252,8.20426,1.00,1.00
2016.04.12 13:16:51.201,8.20284,8.20426,1.00,1.00
2016.04.12 13:16:51.510,8.20284,8.20402,1.00,1.00
2016.04.12 13:16:51.931,8.20294,8.20402,1.00,1.00
2016.04.12 13:16:52.565,8.20294,8.20442,1.00,1.00
2016.04.12 13:16:52.667,8.20284,8.20442,1.00,1.00
2016.04.12 13:16:52.999,8.20314,8.20442,1.00,1.00
2016.04.12 13:16:53.317,8.20327,8.20442,1.00,1.00
2016.04.12 13:16:53.752,8.20327,8.20485,1.00,1.00
2016.04.12 13:16:54.806,8.20327,8.20478,1.00,1.00
2016.04.12 13:16:55.128,8.20346,8.20478,1.00,1.00
2016.04.12 13:16:57.052,8.20346,8.20481,1.00,1.00
2016.04.12 13:16:57.373,8.20327,8.20481,1.00,1.00
2016.04.12 13:17:00.383,8.20327,8.20522,1.00,1.37
2016.04.12 13:17:00.434,8.20327,8.20522,1.00,1.75
2016.04.12 13:17:00.586,8.20322,8.20518,1.00,1.37
2016.04.12 13:17:00.698,8.20294,8.20517,1.00,1.37
2016.04.12 13:17:00.749,8.20294,8.20517,1.00,1.75
2016.04.12 13:17:00.850,8.20294,8.20522,1.00,1.75
2016.04.12 13:17:00.959,8.20311,8.20508,1.00,1.75
2016.04.12 13:17:01.272,8.20311,8.20498,1.00,1.75
2016.04.12 13:17:03.250,8.20311,8.20508,1.00,1.37
2016.04.12 13:17:04.065,8.20311,8.20514,1.00,1.07
2016.04.12 13:17:04.130,8.20311,8.20514,1.00,1.75
2016.04.12 13:17:05.971,8.20311,8.20488,1.00,1.00
2016.04.12 13:17:06.159,8.20311,8.20498,1.00,1.07
2016.04.12 13:17:12.767,8.20311,8.20485,1.00,1.00
2016.04.12 13:17:13.084,8.20311,8.20507,1.00,1.37
2016.04.12 13:17:18.562,8.20311,8.20521,1.00,2.25
2016.04.12 13:17:18.793,8.20311,8.20521,1.00,2.25
2016.04.12 13:17:20.939,8.20311,8.20521,1.00,2.25
2016.04.12 13:17:24.501,8.20289,8.20521,1.00,2.25
2016.04.12 13:17:24.602,8.20289,8.20521,1.00,2.25
2016.04.12 13:17:24.927,8.20289,8.20521,1.00,2.25
2016.04.12 13:17:25.297,8.20289,8.20521,1.00,2.25
2016.04.12 13:17:26.568,8.20308,8.20521,1.00,1.75
2016.04.12 13:17:26.619,8.20308,8.20521,1.00,1.07
2016.04.12 13:17:29.667,8.20308,8.20521,1.00,1.37
2016.04.12 13:17:29.989,8.2029,8.20486,1.00,1.00
2016.04.12 13:17:30.090,8.20273,8.20486,1.00,1.00
2016.04.12 13:17:30.241,8.20273,8.20486,1.00,1.37
2016.04.12 13:17:30.971,8.20292,8.20507,1.00,1.75
2016.04.12 13:17:31.123,8.20292,8.20507,1.00,1.37
2016.04.12 13:17:31.275,8.20305,8.20518,1.00,1.75
2016.04.12 13:17:31.326,8.20305,8.20518,1.00,1.37
2016.04.12 13:17:31.680,8.20305,8.20518,1.00,1.37
2016.04.12 13:17:32.189,8.20342,8.20526,1.00,1.35
2016.04.12 13:17:35.070,8.20342,8.20486,1.00,1.00
2016.04.12 13:17:35.389,8.20342,8.20526,1.00,1.67
2016.04.12 13:17:36.690,8.20342,8.20528,1.00,1.35
2016.04.12 13:17:42.311,8.20342,8.20538,1.00,1.60
2016.04.12 13:17:42.362,8.20342,8.20504,1.00,1.00
2016.04.12 13:17:42.859,8.20342,8.20542,1.00,1.37
2016.04.12 13:17:42.960,8.20342,8.20525,1.00,1.37
2016.04.12 13:17:43.730,8.20342,8.20517,1.00,1.07
2016.04.12 13:17:44.072,8.20342,8.20528,1.00,1.37
2016.04.12 13:17:49.234,8.20342,8.20548,1.00,1.07
2016.04.12 13:17:49.285,8.20361,8.20548,1.00,1.07
2016.04.12 13:17:49.588,8.20361,8.20522,1.00,1.00
2016.04.12 13:17:49.859,8.20361,8.20561,1.00,1.75
2016.04.12 13:17:54.541,8.2038,8.20558,1.00,1.12
2016.04.12 13:17:54.592,8.20352,8.20561,1.00,1.37
2016.04.12 13:17:54.643,8.20352,8.20561,1.00,1.00
2016.04.12 13:17:54.745,8.20371,8.20576,1.00,1.00
2016.04.12 13:17:55.080,8.20385,8.20594,1.00,1.37
2016.04.12 13:17:55.418,8.20385,8.20594,1.00,1.75
2016.04.12 13:17:57.060,8.20385,8.20593,1.00,1.35
2016.04.12 13:17:57.180,8.20385,8.20593,1.00,1.35
2016.04.12 13:17:57.501,8.20385,8.20602,1.00,1.35
2016.04.12 13:18:00.477,8.20385,8.20617,1.00,1.75
2016.04.12 13:18:01.800,8.20385,8.20617,1.00,1.75
2016.04.12 13:18:02.104,8.20385,8.20568,1.00,1.00
2016.04.12 13:18:03.169,8.20385,8.20605,1.00,1.87
2016.04.12 13:18:03.419,8.20385,8.20605,1.00,2.25
2016.04.12 13:18:03.860,8.20385,8.20592,1.00,1.75
2016.04.12 13:18:04.860,8.20385,8.20592,1.00,1.75
2016.04.12 13:18:05.333,8.20385,8.20605,1.00,1.75
2016.04.12 13:18:06.367,8.20385,8.20558,1.00,1.00
2016.04.12 13:18:07.573,8.20385,8.20588,1.00,1.37
2016.04.12 13:18:08.824,8.20385,8.20588,1.00,1.75
2016.04.12 13:18:09.583,8.20371,8.20578,1.00,1.37
2016.04.12 13:18:09.684,8.20362,8.20583,1.00,1.75
2016.04.12 13:18:09.810,8.20362,8.20583,1.00,1.37
2016.04.12 13:18:11.032,8.20362,8.20584,1.00,1.75
2016.04.12 13:18:17.822,8.20362,8.2054,1.00,1.00
2016.04.12 13:18:18.741,8.20362,8.2054,1.00,1.37
2016.04.12 13:18:19.159,8.20362,8.20529,1.00,1.07
2016.04.12 13:18:20.264,8.20362,8.20548,1.00,1.37
2016.04.12 13:18:20.315,8.20362,8.20511,1.00,1.00
2016.04.12 13:18:21.488,8.20362,8.20534,1.00,1.37
2016.04.12 13:18:24.090,8.20362,8.2051,1.00,1.00
2016.04.12 13:18:25.116,8.20342,8.2051,1.00,1.00
2016.04.12 13:18:26.393,8.20342,8.20535,1.00,1.37
2016.04.12 13:18:29.630,8.20342,8.2054,1.00,1.72
2016.04.12 13:18:29.979,8.20342,8.20521,1.00,1.00
2016.04.12 13:18:31.699,8.20342,8.20521,1.00,1.37
2016.04.12 13:18:31.809,8.20342,8.20522,1.00,1.00
2016.04.12 13:18:32.735,8.20342,8.20509,1.00,1.00
2016.04.12 13:18:33.038,8.20321,8.20468,1.00,1.00
2016.04.12 13:18:33.139,8.20321,8.20498,1.00,1.00
2016.04.12 13:18:33.241,8.20321,8.20488,1.00,1.00
2016.04.12 13:18:33.320,8.20321,8.20497,1.00,1.00
2016.04.12 13:18:33.619,8.20321,8.20472,1.00,1.00
2016.04.12 13:18:33.821,8.20321,8.20497,1.00,1.10
2016.04.12 13:18:34.677,8.20321,8.20487,1.00,1.00
2016.04.12 13:18:34.989,8.20321,8.2048,1.00,1.00
2016.04.12 13:18:35.699,8.20321,8.20478,1.00,1.00
2016.04.12 13:18:36.329,8.20321,8.20449,1.00,1.00
2016.04.12 13:18:37.457,8.20321,8.20468,1.00,1.00
2016.04.12 13:18:38.055,8.20321,8.20399,1.00,1.00
2016.04.12 13:18:38.106,8.20283,8.20392,1.67,1.00
2016.04.12 13:18:38.358,8.20283,8.2034,1.67,1.00
2016.04.12 13:18:38.569,8.20283,8.20477,1.67,1.00
2016.04.12 13:18:38.721,8.20324,8.20477,1.00,1.00
2016.04.12 13:18:39.578,8.20324,8.20376,1.00,1.00
2016.04.12 13:18:39.680,8.20283,8.20365,1.67,1.00
2016.04.12 13:18:40.029,8.20283,8.20463,1.67,1.00
2016.04.12 13:18:40.181,8.20324,8.20485,1.00,1.00
2016.04.12 13:18:41.079,8.2031,8.20415,1.00,1.00
2016.04.12 13:18:41.353,8.2031,8.2046,1.00,1.00
2016.04.12 13:18:41.455,8.20334,8.2046,1.00,1.00
2016.04.12 13:18:46.563,8.20334,8.20463,1.00,1.00
2016.04.12 13:18:47.864,8.20334,8.20485,1.00,1.00
2016.04.12 13:18:53.563,8.20334,8.20478,1.00,1.00
2016.04.12 13:18:56.058,8.20334,8.205,1.00,1.00
2016.04.12 13:18:56.549,8.20334,8.20528,1.00,1.50
2016.04.12 13:18:56.651,8.20334,8.20536,1.00,1.07
2016.04.12 13:18:56.702,8.20334,8.20536,1.00,1.07
2016.04.12 13:19:10.779,8.20334,8.2053,1.00,1.00
2016.04.12 13:19:11.109,8.20334,8.20507,1.00,1.00
2016.04.12 13:19:11.311,8.20334,8.20518,1.00,1.00
2016.04.12 13:19:14.078,8.20334,8.20535,1.00,1.37
2016.04.12 13:19:14.197,8.20343,8.20566,1.00,1.75
2016.04.12 13:19:14.247,8.20357,8.20575,1.00,1.75
2016.04.12 13:19:14.298,8.20357,8.20559,1.37,1.27
2016.04.12 13:19:14.409,8.20357,8.20586,1.00,1.35
2016.04.12 13:19:14.519,8.20357,8.20554,1.00,1.07
2016.04.12 13:19:14.823,8.20357,8.20536,1.00,1.00
2016.04.12 13:19:16.078,8.20357,8.20504,1.00,1.00
2016.04.12 13:19:16.335,8.20357,8.20536,1.00,1.00
2016.04.12 13:19:16.829,8.20357,8.20538,1.00,1.00
2016.04.12 13:19:17.724,8.20357,8.20518,1.00,1.00
2016.04.12 13:19:18.052,8.20334,8.20448,1.00,1.00
2016.04.12 13:19:18.120,8.20334,8.20468,1.00,1.00
2016.04.12 13:19:18.273,8.20312,8.20458,1.00,1.00
2016.04.12 13:19:18.379,8.20282,8.20438,1.67,1.00
2016.04.12 13:19:18.887,8.20312,8.20458,1.00,1.50
2016.04.12 13:19:19.039,8.20312,8.20468,1.00,1.00
2016.04.12 13:19:19.143,8.20312,8.20458,1.00,1.00
2016.04.12 13:19:19.219,8.20312,8.20467,1.00,1.00
2016.04.12 13:19:19.438,8.20312,8.20457,1.00,1.00
2016.04.12 13:19:20.546,8.20312,8.20467,1.00,1.00
2016.04.12 13:19:21.077,8.20312,8.20466,1.00,1.00
2016.04.12 13:19:21.308,8.20312,8.20457,1.00,1.00
2016.04.12 13:19:21.529,8.20312,8.20466,1.00,1.00
2016.04.12 13:19:22.568,8.20312,8.20457,1.00,1.00
2016.04.12 13:19:22.930,8.20313,8.20444,1.00,1.00
2016.04.12 13:19:23.087,8.20282,8.20428,2.47,1.00
2016.04.12 13:19:23.190,8.20282,8.20408,2.47,1.00
2016.04.12 13:19:23.502,8.20303,8.20408,1.00,1.00
2016.04.12 13:19:23.552,8.20303,8.20428,1.00,1.00
2016.04.12 13:19:23.654,8.20303,8.20438,1.00,1.00
2016.04.12 13:19:24.068,8.20303,8.20399,1.00,1.00
2016.04.12 13:19:24.344,8.20303,8.20428,1.00,1.00
2016.04.12 13:19:24.828,8.20303,8.20438,1.00,1.00
2016.04.12 13:19:25.058,8.20303,8.20448,1.00,1.00
2016.04.12 13:19:25.668,8.20323,8.20448,1.00,1.00
2016.04.12 13:19:25.719,8.20323,8.20458,1.00,1.00
2016.04.12 13:19:25.821,8.20323,8.20468,1.00,1.00
2016.04.12 13:19:25.958,8.20323,8.20458,1.00,1.00
2016.04.12 13:19:27.358,8.20323,8.20473,1.00,1.00
2016.04.12 13:19:27.510,8.20323,8.20468,1.00,1.00
2016.04.12 13:19:28.359,8.20323,8.20458,1.00,1.00
2016.04.12 13:19:28.787,8.20323,8.20468,1.00,1.00
2016.04.12 13:19:29.558,8.20323,8.20458,1.00,1.00
2016.04.12 13:19:30.059,8.20323,8.20457,1.00,1.00
2016.04.12 13:19:31.098,8.20323,8.20448,1.00,1.00
2016.04.12 13:19:33.078,8.20323,8.20458,1.00,1.00
2016.04.12 13:19:33.579,8.20323,8.20457,1.00,1.00
2016.04.12 13:19:33.731,8.20303,8.20451,1.00,1.00
2016.04.12 13:19:35.709,8.20303,8.20459,1.00,1.00
2016.04.12 13:19:36.593,8.20303,8.20478,1.00,1.00
2016.04.12 13:19:37.139,8.20303,8.20479,1.00,1.00
2016.04.12 13:19:37.987,8.20303,8.20488,1.00,1.00
2016.04.12 13:19:38.088,8.20303,8.20503,1.00,1.42
2016.04.12 13:19:38.139,8.20303,8.20503,1.00,1.35
2016.04.12 13:19:38.341,8.20303,8.2051,1.00,1.00
2016.04.12 13:19:38.392,8.20327,8.2051,1.00,1.00
2016.04.12 13:19:38.646,8.20327,8.20531,1.00,1.00
2016.04.12 13:19:38.756,8.20327,8.20551,1.00,1.00
2016.04.12 13:19:38.964,8.20347,8.20594,1.00,1.00
2016.04.12 13:19:39.124,8.2035,8.20594,1.00,1.00
2016.04.12 13:19:41.026,8.20357,8.20594,1.00,1.00
2016.04.12 13:19:41.347,8.20388,8.20594,1.00,1.00
2016.04.12 13:19:43.897,8.20388,8.20626,1.00,1.00
2016.04.12 13:19:49.570,8.20388,8.20566,1.00,1.00
2016.04.12 13:19:49.722,8.20345,8.20566,1.00,1.00
2016.04.12 13:19:49.773,8.20345,8.20556,1.00,1.00
2016.04.12 13:19:50.015,8.20306,8.20554,1.00,1.00
2016.04.12 13:19:50.356,8.20312,8.20554,1.00,1.00
2016.04.12 13:19:50.738,8.2032,8.20554,1.00,1.00
2016.04.12 13:19:51.149,8.20348,8.20554,1.00,1.00
2016.04.12 13:19:52.768,8.20348,8.20554,1.00,1.07
2016.04.12 13:19:52.923,8.20306,8.20551,1.00,1.07
2016.04.12 13:19:52.974,8.20306,8.2053,1.00,1.00
2016.04.12 13:19:53.328,8.2033,8.2053,1.00,1.00
2016.04.12 13:19:55.037,8.2033,8.20527,1.00,1.00
2016.04.12 13:19:57.118,8.20348,8.20527,1.00,1.00
2016.04.12 13:19:57.169,8.20348,8.20554,1.00,1.00
2016.04.12 13:19:57.321,8.20325,8.20554,1.00,1.00
2016.04.12 13:19:57.477,8.20331,8.20554,1.00,1.00
2016.04.12 13:19:57.578,8.2034,8.20573,1.00,1.00
2016.04.12 13:19:57.691,8.2034,8.20587,1.00,1.00
2016.04.12 13:19:57.927,8.2034,8.20587,1.00,1.37
2016.04.12 13:19:58.278,8.20343,8.20587,1.00,1.37
2016.04.12 13:19:58.388,8.20343,8.20588,1.00,1.00
2016.04.12 13:19:58.489,8.20346,8.20588,1.00,1.00
2016.04.12 13:19:58.947,8.20381,8.20588,1.00,1.00
2016.04.12 13:19:59.781,8.20354,8.20588,1.00,1.00
2016.04.12 13:19:59.832,8.20372,8.2062,1.00,1.07
2016.04.12 13:19:59.933,8.20387,8.2062,1.00,1.07
2016.04.12 13:20:12.681,8.20387,8.2062,1.00,1.00
2016.04.12 13:20:12.732,8.20382,8.2062,1.00,1.00
2016.04.12 13:20:13.036,8.20382,8.20578,1.00,1.00
2016.04.12 13:20:14.160,8.20382,8.2062,1.00,1.07
2016.04.12 13:20:14.211,8.20394,8.2062,1.00,1.00
2016.04.12 13:20:14.630,8.20414,8.20654,1.00,1.37
2016.04.12 13:20:15.279,8.20414,8.20631,1.00,1.00
2016.04.12 13:20:15.632,8.20414,8.20596,1.00,1.00
2016.04.12 13:20:16.653,8.20414,8.20611,1.00,1.00
2016.04.12 13:20:17.122,8.20388,8.20611,1.00,1.00
2016.04.12 13:20:17.172,8.20388,8.20599,1.00,1.00
2016.04.12 13:20:17.405,8.20374,8.20599,1.00,1.00
2016.04.12 13:20:17.624,8.20374,8.20608,1.00,1.00
2016.04.12 13:20:18.159,8.20388,8.2062,1.00,1.07
2016.04.12 13:20:18.929,8.20388,8.20607,1.00,1.00
2016.04.12 13:20:20.130,8.20388,8.2062,1.00,1.07
2016.04.12 13:20:21.816,8.20388,8.2062,1.00,1.00
2016.04.12 13:20:25.035,8.20388,8.20566,1.00,1.00
2016.04.12 13:20:25.535,8.20388,8.2062,1.00,1.00
2016.04.12 13:20:26.908,8.20388,8.2062,1.00,1.37
2016.04.12 13:20:27.798,8.20374,8.20603,1.00,1.00
2016.04.12 13:20:27.860,8.20374,8.20599,1.00,1.00
2016.04.12 13:20:29.050,8.20374,8.20603,1.00,1.00
2016.04.12 13:20:31.822,8.20374,8.20603,1.00,1.75
2016.04.12 13:20:34.111,8.20378,8.20597,1.00,1.37
2016.04.12 13:20:34.216,8.20378,8.20597,1.00,1.07
2016.04.12 13:20:34.469,8.20378,8.20597,1.00,1.37
2016.04.12 13:20:34.671,8.20378,8.20597,1.00,1.00
2016.04.12 13:20:34.875,8.20378,8.20603,1.00,1.07
2016.04.12 13:20:35.370,8.20378,8.20603,1.00,1.37
2016.04.12 13:20:37.479,8.20373,8.20589,1.00,1.10
2016.04.12 13:20:37.530,8.20373,8.20571,1.00,1.37
2016.04.12 13:20:37.879,8.20373,8.20553,1.00,1.00
2016.04.12 13:20:38.679,8.20373,8.20582,1.00,1.75
2016.04.12 13:20:39.089,8.20373,8.20477,1.00,1.00
2016.04.12 13:20:39.383,8.20373,8.20559,1.00,1.37
2016.04.12 13:20:39.434,8.20373,8.20559,1.00,1.00
2016.04.12 13:20:40.459,8.20373,8.20531,1.00,1.00
2016.04.12 13:20:41.352,8.20373,8.20582,1.00,1.37
2016.04.12 13:20:42.653,8.20373,8.2056,1.00,1.00
2016.04.12 13:20:42.754,8.20373,8.20589,1.00,1.37
2016.04.12 13:20:42.805,8.20377,8.20603,1.00,1.75
2016.04.12 13:20:43.110,8.20386,8.20623,1.00,1.75
2016.04.12 13:20:43.362,8.20386,8.20609,1.00,1.75
2016.04.12 13:20:43.689,8.20386,8.20566,1.00,1.00
2016.04.12 13:20:44.122,8.20377,8.20566,1.00,1.00
2016.04.12 13:20:44.656,8.20377,8.20597,1.00,1.37
2016.04.12 13:20:45.458,8.20377,8.20597,1.00,1.00
2016.04.12 13:20:46.049,8.20377,8.20611,1.00,1.37
2016.04.12 13:20:46.320,8.20377,8.20596,1.00,1.00
2016.04.12 13:20:46.680,8.20377,8.20531,1.00,1.00
2016.04.12 13:20:46.874,8.20377,8.20607,1.00,1.75
2016.04.12 13:20:46.926,8.20377,8.20607,1.00,1.37
2016.04.12 13:20:47.078,8.2039,8.20607,1.00,1.37
2016.04.12 13:20:47.349,8.20425,8.20668,1.00,1.07
2016.04.12 13:20:54.628,8.20425,8.20668,1.00,1.00
2016.04.12 13:20:54.679,8.20425,8.20673,1.00,1.00
2016.04.12 13:20:54.780,8.20461,8.20679,1.00,1.00
2016.04.12 13:20:55.270,8.20461,8.2066,1.00,1.00
2016.04.12 13:20:56.268,8.20461,8.20687,1.00,1.00
2016.04.12 13:20:56.658,8.20499,8.20687,1.00,1.00
2016.04.12 13:20:57.469,8.20499,8.20709,1.00,1.00
2016.04.12 13:21:00.086,8.20524,8.20709,1.00,1.00
2016.04.12 13:21:00.187,8.20497,8.20709,1.00,1.00
2016.04.12 13:21:00.399,8.2053,8.20709,1.00,1.00
2016.04.12 13:21:04.768,8.2053,8.20728,1.00,1.00
2016.04.12 13:21:04.819,8.20533,8.20733,1.00,1.10
2016.04.12 13:21:05.576,8.20533,8.20737,1.00,1.00
2016.04.12 13:21:08.601,8.2053,8.20737,1.00,1.00
2016.04.12 13:21:12.691,8.2053,8.20718,1.00,1.00
2016.04.12 13:21:13.030,8.2053,8.20712,1.00,1.37
2016.04.12 13:21:13.132,8.20473,8.20696,1.00,1.00
2016.04.12 13:21:13.234,8.20504,8.20696,1.00,1.00
2016.04.12 13:21:14.234,8.20504,8.20712,1.00,1.37
2016.04.12 13:21:17.009,8.20504,8.20676,1.00,1.00
2016.04.12 13:21:19.320,8.20504,8.20696,1.00,1.00
2016.04.12 13:21:19.372,8.20504,8.20711,1.00,1.00
2016.04.12 13:21:22.517,8.20504,8.20677,1.00,2.10
2016.04.12 13:21:22.617,8.20463,8.20669,1.00,1.60
2016.04.12 13:21:22.769,8.20429,8.20663,1.00,1.35
2016.04.12 13:21:22.820,8.20429,8.20663,1.00,1.35
2016.04.12 13:21:23.124,8.20409,8.20623,1.67,1.60
2016.04.12 13:21:24.017,8.20404,8.20626,2.53,1.60
2016.04.12 13:21:24.379,8.20457,8.20598,1.00,1.00
2016.04.12 13:21:25.286,8.20457,8.20588,1.00,1.00
2016.04.12 13:21:25.635,8.20457,8.20597,1.00,1.00
2016.04.12 13:21:26.277,8.20457,8.20597,1.00,1.60
2016.04.12 13:21:26.425,8.20457,8.20588,1.00,1.00
2016.04.12 13:21:26.827,8.20457,8.20578,1.00,1.00
2016.04.12 13:21:27.828,8.20457,8.20588,1.00,1.00
2016.04.12 13:21:28.378,8.20457,8.20587,1.00,1.00
2016.04.12 13:21:28.479,8.20457,8.20598,1.00,1.00
2016.04.12 13:21:28.581,8.20457,8.20608,1.00,1.00
2016.04.12 13:21:28.631,8.20475,8.20608,1.00,1.00
2016.04.12 13:21:28.682,8.20475,8.20628,1.00,1.00
2016.04.12 13:21:29.548,8.20475,8.20647,1.00,1.37
2016.04.12 13:21:31.677,8.2045,8.20648,1.00,1.72
2016.04.12 13:21:34.636,8.2045,8.20607,1.00,1.00
2016.04.12 13:21:35.047,8.2045,8.20638,1.00,1.75
2016.04.12 13:21:35.965,8.2043,8.20638,1.00,1.75
2016.04.12 13:21:36.167,8.20416,8.20618,1.00,1.07
2016.04.12 13:21:36.218,8.2042,8.20618,1.00,1.07
2016.04.12 13:21:36.508,8.20383,8.20624,1.00,1.37
2016.04.12 13:21:36.559,8.20418,8.20624,1.00,1.37
2016.04.12 13:21:37.196,8.20418,8.20624,1.00,1.00
2016.04.12 13:21:37.398,8.20418,8.2065,1.00,1.97
2016.04.12 13:21:37.600,8.20418,8.2062,1.00,1.00
2016.04.12 13:21:37.864,8.20418,8.2065,1.00,1.97
2016.04.12 13:21:38.069,8.20418,8.2063,1.00,1.00
2016.04.12 13:21:38.966,8.20444,8.2063,1.00,1.00
2016.04.12 13:21:39.387,8.20444,8.20653,1.00,1.35
2016.04.12 13:21:41.477,8.20457,8.20671,1.00,1.35
2016.04.12 13:21:41.859,8.20457,8.20626,1.00,1.00
2016.04.12 13:21:42.059,8.20457,8.20671,1.00,1.35
2016.04.12 13:21:42.907,8.20457,8.20634,1.00,1.00
2016.04.12 13:21:43.581,8.20457,8.20655,1.00,1.35
2016.04.12 13:21:44.687,8.20457,8.20652,1.00,1.35
2016.04.12 13:21:45.383,8.20457,8.20653,1.00,1.35
2016.04.12 13:21:45.867,8.20457,8.20676,1.00,1.60
2016.04.12 13:21:46.231,8.20457,8.20663,1.00,1.35
2016.04.12 13:21:47.048,8.20461,8.20663,1.00,1.35
2016.04.12 13:21:48.648,8.20461,8.20656,1.00,1.35
2016.04.12 13:21:48.947,8.20461,8.20668,1.00,1.35
2016.04.12 13:21:51.917,8.20461,8.20665,1.00,1.35
2016.04.12 13:21:53.919,8.20461,8.20648,1.00,1.35
2016.04.12 13:21:56.536,8.20461,8.20671,1.00,1.60
2016.04.12 13:21:59.726,8.20461,8.20665,1.00,1.35
2016.04.12 13:22:02.717,8.20441,8.20665,1.00,1.35
2016.04.12 13:22:06.692,8.20441,8.20647,1.00,1.67
2016.04.12 13:22:07.077,8.20441,8.20647,1.00,1.35
2016.04.12 13:22:08.000,8.20441,8.20655,1.00,1.60
2016.04.12 13:22:08.211,8.20441,8.20647,1.00,1.35
2016.04.12 13:22:08.857,8.20441,8.20655,1.00,1.97
2016.04.12 13:22:13.834,8.20441,8.20653,1.00,1.35
2016.04.12 13:22:14.686,8.20441,8.20657,1.00,2.10
2016.04.12 13:22:15.157,8.20441,8.20657,1.00,2.10
2016.04.12 13:22:16.448,8.20441,8.20628,1.00,1.00
2016.04.12 13:22:17.146,8.20411,8.20608,1.00,1.00
2016.04.12 13:22:17.197,8.20409,8.20608,1.00,1.00
2016.04.12 13:22:17.247,8.20409,8.20598,1.00,1.00
2016.04.12 13:22:17.399,8.20371,8.20578,1.00,1.00
2016.04.12 13:22:17.450,8.20371,8.20567,1.00,1.07
2016.04.12 13:22:17.671,8.20371,8.20567,1.00,1.00
2016.04.12 13:22:17.879,8.20371,8.20588,1.00,1.00
2016.04.12 13:22:18.402,8.20332,8.20579,1.00,1.00
2016.04.12 13:22:18.670,8.20332,8.20579,1.00,1.37
2016.04.12 13:22:19.239,8.20332,8.20579,1.00,1.10
2016.04.12 13:22:20.057,8.20332,8.20564,1.00,1.00
2016.04.12 13:22:21.618,8.20332,8.20564,1.00,1.37
2016.04.12 13:22:23.576,8.20332,8.20531,1.00,1.00
2016.04.12 13:22:26.367,8.20332,8.20496,1.00,1.00
2016.04.12 13:22:26.529,8.20286,8.20496,1.00,1.75
2016.04.12 13:22:26.580,8.20286,8.20353,1.00,1.00
2016.04.12 13:22:26.681,8.20286,8.20507,1.00,1.75
2016.04.12 13:22:26.833,8.2024,8.20447,1.00,1.75
2016.04.12 13:22:26.935,8.2024,8.20447,1.00,1.75
2016.04.12 13:22:27.258,8.20191,8.20367,1.00,1.00
2016.04.12 13:22:27.942,8.20156,8.20367,1.00,1.00
2016.04.12 13:22:28.049,8.20156,8.20404,1.00,1.75
2016.04.12 13:22:28.106,8.20156,8.20404,1.00,1.75
2016.04.12 13:22:28.449,8.20156,8.20291,1.00,1.00
2016.04.12 13:22:28.958,8.20111,8.20291,1.00,1.00
2016.04.12 13:22:29.574,8.20111,8.20283,1.00,1.00
2016.04.12 13:22:30.857,8.20111,8.20356,1.00,1.75
2016.04.12 13:22:31.227,8.20111,8.20338,1.00,1.37
2016.04.12 13:22:31.278,8.20071,8.20317,1.00,1.00
2016.04.12 13:22:31.844,8.20071,8.20261,1.00,1.00
2016.04.12 13:22:32.379,8.20028,8.20261,1.00,1.00
2016.04.12 13:22:32.430,8.20028,8.20261,1.00,1.37
2016.04.12 13:22:32.683,8.19992,8.2024,1.00,1.29
2016.04.12 13:22:32.861,8.19992,8.2024,1.00,1.00
2016.04.12 13:22:33.971,8.19992,8.2024,1.00,1.37
2016.04.12 13:22:34.177,8.19992,8.2024,1.00,1.10
2016.04.12 13:22:34.279,8.19999,8.2024,1.00,1.10
2016.04.12 13:22:34.615,8.19999,8.2024,1.00,1.39
2016.04.12 13:22:34.973,8.19992,8.2024,1.00,1.39
2016.04.12 13:22:35.202,8.20003,8.2024,1.00,1.39
2016.04.12 13:22:35.548,8.20003,8.2024,1.00,1.39
2016.04.12 13:22:35.836,8.19992,8.2024,1.00,1.39
2016.04.12 13:22:38.551,8.19992,8.20227,1.00,1.29
2016.04.12 13:22:39.052,8.19992,8.20227,1.00,1.29
2016.04.12 13:22:39.764,8.19992,8.20238,1.00,1.29
2016.04.12 13:22:40.653,8.19992,8.20238,1.00,1.29
2016.04.12 13:22:42.390,8.19992,8.20238,1.00,1.29
2016.04.12 13:22:45.596,8.19992,8.20238,1.00,1.00
2016.04.12 13:22:46.824,8.19999,8.20238,1.00,1.00
2016.04.12 13:22:47.127,8.20031,8.20279,1.50,1.29
2016.04.12 13:22:47.664,8.20031,8.20279,1.50,1.29
2016.04.12 13:22:48.161,8.20031,8.20279,1.50,1.29
2016.04.12 13:22:48.695,8.20045,8.20279,1.00,1.29
2016.04.12 13:22:49.047,8.20074,8.20288,1.00,1.39
2016.04.12 13:22:49.262,8.20074,8.20288,1.00,1.29
2016.04.12 13:22:50.064,8.20074,8.20287,1.00,1.29
2016.04.12 13:22:50.115,8.2003,8.20277,1.00,1.29
2016.04.12 13:22:50.763,8.19994,8.20241,1.00,1.37
2016.04.12 13:22:51.359,8.19994,8.20241,1.00,1.37
2016.04.12 13:22:52.699,8.19994,8.20241,1.00,1.37
2016.04.12 13:22:53.266,8.19994,8.20241,1.00,1.07
2016.04.12 13:22:53.806,8.19994,8.20241,1.00,1.37
2016.04.12 13:22:55.268,8.19994,8.20241,1.00,1.37
2016.04.12 13:22:56.069,8.19994,8.20241,1.00,1.67
2016.04.12 13:22:57.319,8.19994,8.20241,1.00,1.29
2016.04.12 13:22:57.771,8.19994,8.20241,1.00,1.00
2016.04.12 13:22:58.078,8.19994,8.20241,1.00,1.29
2016.04.12 13:22:58.609,8.19994,8.20241,1.00,1.29
2016.04.12 13:23:00.179,8.19994,8.20241,1.00,1.29
2016.04.12 13:23:00.281,8.19994,8.20241,1.00,1.67
2016.04.12 13:23:00.382,8.19959,8.20206,1.00,1.29
2016.04.12 13:23:01.497,8.19959,8.20206,1.00,1.29
2016.04.12 13:23:02.047,8.19975,8.20206,1.00,1.29
2016.04.12 13:23:02.098,8.19995,8.20243,1.00,1.75
2016.04.12 13:23:02.250,8.19995,8.20243,1.00,1.00
2016.04.12 13:23:03.178,8.19995,8.20215,1.00,1.00
2016.04.12 13:23:04.677,8.19995,8.20207,1.00,1.00
2016.04.12 13:23:07.280,8.19995,8.20204,1.00,1.00
2016.04.12 13:23:07.581,8.19995,8.20238,1.00,1.00
2016.04.12 13:23:07.635,8.20018,8.20238,1.00,1.00
2016.04.12 13:23:07.828,8.20038,8.20261,1.00,1.00
2016.04.12 13:23:08.697,8.20038,8.20208,1.00,1.00
2016.04.12 13:23:12.938,8.19995,8.20208,1.00,1.00
2016.04.12 13:23:13.915,8.19995,8.20197,1.00,1.00
2016.04.12 13:23:16.495,8.19995,8.20215,1.00,1.00
2016.04.12 13:23:17.827,8.19995,8.20207,1.00,1.00
2016.04.12 13:23:20.113,8.19995,8.20241,1.00,1.00
2016.04.12 13:23:20.165,8.20005,8.20241,1.00,1.00
2016.04.12 13:23:20.491,8.20019,8.20241,1.00,1.00
2016.04.12 13:23:20.542,8.20027,8.20274,1.00,1.00
2016.04.12 13:23:21.218,8.20027,8.20244,1.00,1.00
2016.04.12 13:23:23.685,8.20043,8.20274,1.00,1.00
2016.04.12 13:23:23.736,8.20063,8.20298,1.00,1.00
2016.04.12 13:23:24.277,8.20064,8.20298,1.00,1.00
2016.04.12 13:23:26.199,8.20064,8.20279,1.00,1.00
2016.04.12 13:23:26.710,8.20063,8.20279,1.00,1.00
2016.04.12 13:23:28.443,8.20063,8.20261,1.00,1.00
2016.04.12 13:23:34.407,8.20063,8.2028,1.00,1.00
2016.04.12 13:23:36.723,8.20063,8.20261,1.00,1.00
2016.04.12 13:23:37.811,8.20063,8.2028,1.00,1.00
2016.04.12 13:23:38.811,8.20063,8.20311,1.00,1.37
2016.04.12 13:23:39.311,8.20056,8.20304,1.00,1.37
2016.04.12 13:23:39.513,8.20061,8.20294,1.00,1.07
2016.04.12 13:23:39.734,8.20056,8.20294,1.00,1.07
2016.04.12 13:23:40.513,8.20056,8.2028,1.00,1.00
2016.04.12 13:23:42.176,8.20138,8.2028,1.50,1.00
2016.04.12 13:23:42.442,8.20115,8.2028,1.00,1.00
2016.04.12 13:23:42.544,8.20115,8.20338,1.00,1.00
2016.04.12 13:23:42.645,8.20101,8.20338,1.00,1.00
2016.04.12 13:23:42.891,8.20101,8.2028,1.00,1.00
2016.04.12 13:23:43.926,8.20101,8.20302,1.00,1.00
2016.04.12 13:23:46.651,8.20101,8.2028,1.00,1.00
2016.04.12 13:23:46.829,8.20101,8.20326,1.00,1.37
2016.04.12 13:23:47.029,8.20101,8.2028,1.00,1.00
2016.04.12 13:23:47.554,8.20101,8.20338,1.00,1.75
2016.04.12 13:23:47.806,8.20066,8.20314,1.00,1.00
2016.04.12 13:23:47.857,8.20066,8.20262,1.00,1.00
2016.04.12 13:23:48.856,8.20066,8.20236,1.00,1.00
2016.04.12 13:23:49.109,8.20019,8.20224,1.00,1.00
2016.04.12 13:23:49.214,8.20019,8.20224,1.00,1.07
2016.04.12 13:23:49.512,8.19994,8.20218,1.00,1.00
2016.04.12 13:23:49.664,8.19982,8.20218,1.00,1.00
2016.04.12 13:23:49.816,8.20003,8.20251,1.00,1.75
2016.04.12 13:23:50.426,8.20003,8.20251,1.00,1.07
2016.04.12 13:23:50.575,8.20003,8.20222,1.00,1.00
2016.04.12 13:23:58.431,8.20007,8.20222,1.00,1.00
2016.04.12 13:23:58.720,8.20054,8.20278,1.00,1.00
2016.04.12 13:23:58.771,8.20074,8.20278,1.00,1.00
2016.04.12 13:23:58.822,8.20042,8.20278,1.00,1.00
2016.04.12 13:23:58.873,8.20042,8.20288,1.00,1.50
2016.04.12 13:23:58.924,8.20042,8.20288,1.00,1.87
2016.04.12 13:23:59.227,8.20042,8.20229,1.00,1.00
2016.04.12 13:24:00.541,8.20042,8.2022,1.00,1.00
2016.04.12 13:24:01.041,8.20042,8.20268,1.00,1.37
2016.04.12 13:24:01.354,8.20042,8.20268,1.00,1.00
2016.04.12 13:24:01.687,8.20042,8.20268,1.00,1.07
2016.04.12 13:24:02.080,8.20042,8.20243,1.00,1.00
2016.04.12 13:24:02.983,8.20042,8.20269,1.00,1.00
2016.04.12 13:24:03.333,8.20042,8.20269,1.00,1.07
2016.04.12 13:24:04.244,8.20042,8.20251,1.00,1.00
2016.04.12 13:24:07.247,8.20042,8.2024,1.00,1.00
2016.04.12 13:24:13.064,8.20042,8.20246,1.00,1.00
2016.04.12 13:24:13.317,8.20042,8.20243,1.00,1.00
2016.04.12 13:24:13.519,8.20042,8.20272,1.00,1.00
2016.04.12 13:24:14.455,8.20042,8.2024,1.00,1.00
2016.04.12 13:24:14.781,8.20025,8.2024,1.00,1.00
2016.04.12 13:24:15.556,8.20025,8.20265,1.00,1.37
2016.04.12 13:24:16.163,8.20025,8.20265,1.00,1.00
2016.04.12 13:24:19.197,8.20025,8.20211,1.00,1.00
2016.04.12 13:24:19.299,8.19997,8.20211,1.00,1.37
2016.04.12 13:24:19.350,8.1999,8.20211,1.00,1.37
2016.04.12 13:24:19.604,8.19953,8.20168,1.00,1.00
2016.04.12 13:24:20.760,8.19953,8.20186,1.50,1.00
2016.04.12 13:24:24.045,8.1997,8.20186,1.00,1.00
2016.04.12 13:24:24.197,8.19989,8.20237,1.00,1.00
2016.04.12 13:24:24.513,8.19995,8.20237,1.00,1.00
2016.04.12 13:24:25.702,8.19995,8.20222,1.00,1.00
2016.04.12 13:24:26.808,8.19989,8.20222,1.50,1.00
2016.04.12 13:24:26.909,8.19989,8.20237,1.50,1.00
2016.04.12 13:24:27.024,8.20018,8.20237,1.00,1.00
2016.04.12 13:24:28.449,8.2002,8.20237,1.00,1.00
2016.04.12 13:24:28.786,8.20041,8.20258,1.00,1.07
2016.04.12 13:24:28.940,8.20041,8.20258,1.00,1.00
2016.04.12 13:24:29.041,8.20046,8.20258,1.00,1.00
2016.04.12 13:24:29.376,8.20071,8.20254,1.00,1.00
2016.04.12 13:24:29.719,8.2009,8.20254,1.00,1.00
2016.04.12 13:24:30.379,8.2009,8.20294,1.00,1.00
2016.04.12 13:24:31.018,8.2009,8.20338,1.00,1.87
2016.04.12 13:24:31.356,8.20093,8.20338,1.00,1.12
2016.04.12 13:24:31.781,8.20093,8.20308,1.00,1.00
2016.04.12 13:24:32.341,8.20106,8.20308,1.00,1.00
2016.04.12 13:24:32.842,8.20106,8.20338,1.00,1.12
2016.04.12 13:24:32.893,8.20106,8.20338,1.00,1.00
2016.04.12 13:24:33.304,8.20123,8.20338,1.00,1.00
2016.04.12 13:24:35.194,8.20111,8.20338,1.00,1.00
2016.04.12 13:24:35.245,8.20129,8.20309,1.00,1.00
2016.04.12 13:24:35.448,8.20086,8.20309,1.00,1.00
2016.04.12 13:24:35.976,8.20087,8.20316,1.00,1.07
2016.04.12 13:24:36.502,8.20086,8.20315,1.00,1.07
2016.04.12 13:24:36.664,8.20102,8.20315,1.00,1.07
2016.04.12 13:24:37.003,8.20122,8.20315,1.00,1.07
2016.04.12 13:24:37.865,8.20122,8.2037,1.00,1.75
2016.04.12 13:24:38.364,8.20122,8.20334,1.00,1.00
2016.04.12 13:24:38.712,8.20122,8.20334,1.00,1.07
2016.04.12 13:24:39.452,8.20122,8.20361,1.00,1.75
2016.04.12 13:24:39.615,8.20122,8.20334,1.00,1.37
2016.04.12 13:24:40.574,8.20122,8.20299,1.00,1.00
2016.04.12 13:24:40.801,8.20084,8.20299,1.00,1.00
2016.04.12 13:24:40.852,8.20053,8.20299,1.00,1.37
2016.04.12 13:24:40.903,8.20053,8.20277,1.00,1.00
2016.04.12 13:24:41.105,8.20053,8.20281,1.00,1.00
2016.04.12 13:24:41.156,8.20053,8.20286,1.00,1.37
2016.04.12 13:24:42.933,8.20053,8.20286,1.00,1.00
2016.04.12 13:24:43.365,8.20053,8.20294,1.00,1.00
2016.04.12 13:24:44.264,8.20053,8.20294,1.00,1.37
2016.04.12 13:24:44.591,8.20053,8.20276,1.00,1.00
2016.04.12 13:24:46.855,8.20053,8.20254,1.00,1.00
2016.04.12 13:24:47.277,8.20053,8.20247,1.00,1.00
2016.04.12 13:24:47.581,8.20053,8.20232,1.00,1.00
2016.04.12 13:24:47.631,8.20033,8.2023,1.00,1.00
2016.04.12 13:24:47.682,8.20007,8.2023,1.00,1.00
2016.04.12 13:24:47.733,8.20007,8.20232,1.00,1.00
2016.04.12 13:24:48.573,8.20007,8.20235,1.00,1.00
2016.04.12 13:24:48.624,8.20007,8.20193,1.00,1.00
2016.04.12 13:24:49.029,8.20007,8.20226,1.00,1.37
2016.04.12 13:24:49.080,8.20007,8.20217,1.00,1.75
2016.04.12 13:24:50.013,8.20007,8.20179,1.00,1.00
2016.04.12 13:24:50.319,8.20007,8.20169,1.00,1.00
2016.04.12 13:24:50.623,8.19968,8.2011,1.00,1.00
2016.04.12 13:24:50.674,8.1993,8.2011,1.00,1.00
2016.04.12 13:24:50.863,8.1993,8.20178,1.00,1.37
2016.04.12 13:24:51.167,8.19973,8.2011,1.00,1.00
2016.04.12 13:24:51.268,8.19973,8.20141,1.00,1.00
2016.04.12 13:24:51.339,8.20005,8.20141,1.00,1.00
2016.04.12 13:24:51.689,8.19972,8.20137,1.00,1.00
2016.04.12 13:24:52.116,8.19972,8.20096,1.00,1.00
2016.04.12 13:24:52.624,8.19972,8.2011,1.00,1.00
2016.04.12 13:24:52.742,8.19952,8.2011,1.00,1.00
2016.04.12 13:24:52.793,8.1994,8.2011,1.00,1.00
2016.04.12 13:24:52.844,8.1994,8.20101,1.00,1.00
2016.04.12 13:24:53.336,8.19949,8.2012,1.00,1.00
2016.04.12 13:24:53.438,8.19949,8.20101,1.00,1.00
2016.04.12 13:24:53.763,8.19974,8.20101,1.00,1.00
2016.04.12 13:24:53.835,8.19974,8.20127,1.00,1.00
2016.04.12 13:24:54.088,8.19974,8.20101,1.00,1.00
2016.04.12 13:24:55.994,8.19932,8.20101,1.00,1.00
2016.04.12 13:24:56.375,8.19927,8.20101,1.00,1.00
2016.04.12 13:24:56.477,8.19927,8.2013,1.00,1.00
2016.04.12 13:24:56.570,8.19901,8.2013,1.00,1.00
2016.04.12 13:24:56.624,8.19882,8.2013,1.00,1.00
2016.04.12 13:24:56.675,8.19882,8.20122,1.00,1.00
2016.04.12 13:24:56.979,8.19862,8.20063,1.00,1.00
2016.04.12 13:24:57.030,8.19847,8.20063,1.00,1.00
2016.04.12 13:24:57.283,8.19847,8.19942,1.00,1.00
2016.04.12 13:24:57.485,8.19788,8.20007,1.00,1.02
2016.04.12 13:24:57.789,8.19788,8.19993,1.00,1.00
2016.04.12 13:24:57.840,8.19788,8.20008,1.00,1.00
2016.04.12 13:24:57.941,8.19788,8.20036,1.00,1.00
2016.04.12 13:24:58.093,8.19797,8.20036,1.00,1.00
2016.04.12 13:24:58.397,8.19797,8.20019,1.00,1.00
2016.04.12 13:24:58.527,8.19797,8.20029,1.00,1.00
2016.04.12 13:24:58.578,8.19829,8.20029,1.00,1.00
2016.04.12 13:24:58.912,8.19829,8.20011,1.00,1.00
2016.04.12 13:24:59.225,8.19863,8.20007,1.00,1.00
2016.04.12 13:24:59.532,8.19863,8.19985,1.00,1.00
2016.04.12 13:24:59.854,8.19875,8.19985,1.00,1.00
2016.04.12 13:25:00.161,8.19909,8.19985,1.00,1.00
2016.04.12 13:25:00.313,8.19909,8.20048,1.00,1.00
2016.04.12 13:25:00.424,8.19909,8.20018,1.00,1.00
2016.04.12 13:25:00.732,8.19909,8.19999,1.00,1.00
2016.04.12 13:25:01.857,8.19909,8.20025,1.00,1.00
2016.04.12 13:25:01.958,8.19909,8.2,1.00,1.00
2016.04.12 13:25:02.009,8.19873,8.2,1.00,1.00
2016.04.12 13:25:02.207,8.19838,8.2,1.00,1.00
2016.04.12 13:25:02.362,8.19838,8.19995,1.00,1.02
2016.04.12 13:25:02.575,8.19838,8.19995,1.00,1.00
2016.04.12 13:25:03.122,8.1984,8.19995,1.00,1.00
2016.04.12 13:25:03.463,8.19878,8.19995,1.00,1.00
2016.04.12 13:25:04.117,8.1991,8.19995,1.00,1.00
2016.04.12 13:25:04.168,8.1991,8.20023,1.00,1.00
2016.04.12 13:25:04.715,8.19874,8.20023,1.00,1.00
2016.04.12 13:25:05.106,8.19874,8.20004,1.00,1.00
2016.04.12 13:25:05.207,8.19835,8.20004,1.00,1.00
2016.04.12 13:25:05.359,8.19835,8.20021,1.00,1.00
2016.04.12 13:25:05.410,8.19835,8.20015,1.00,1.02
2016.04.12 13:25:05.511,8.19799,8.20015,1.00,1.02
2016.04.12 13:25:05.814,8.19799,8.20009,1.00,1.00
2016.04.12 13:25:05.865,8.19799,8.20015,1.00,1.00
2016.04.12 13:25:05.916,8.19799,8.20011,1.00,1.37
2016.04.12 13:25:06.500,8.19799,8.19991,1.00,1.00
2016.04.12 13:25:06.834,8.19799,8.19958,1.00,1.02
2016.04.12 13:25:07.320,8.19799,8.20001,1.00,1.39
2016.04.12 13:25:07.371,8.19799,8.1997,1.00,1.00
2016.04.12 13:25:07.705,8.19799,8.19936,1.00,1.00
2016.04.12 13:25:08.106,8.19799,8.19959,1.00,1.00
2016.04.12 13:25:08.208,8.19799,8.19928,1.00,1.00
2016.04.12 13:25:09.188,8.19799,8.19947,1.00,1.00
2016.04.12 13:25:11.686,8.19845,8.19947,1.00,1.00
2016.04.12 13:25:13.452,8.19845,8.20085,1.00,1.39
2016.04.12 13:25:14.135,8.1988,8.20085,1.00,1.37
2016.04.12 13:25:14.438,8.1988,8.20063,1.00,1.00
2016.04.12 13:25:14.544,8.1988,8.20105,1.00,1.99
2016.04.12 13:25:14.849,8.19896,8.20105,1.00,1.02
2016.04.12 13:25:15.153,8.19916,8.20105,1.00,1.00
2016.04.12 13:25:15.305,8.19916,8.20163,1.00,1.39
2016.04.12 13:25:15.814,8.19916,8.20158,1.00,1.12
2016.04.12 13:25:16.118,8.19916,8.20057,1.00,1.00
2016.04.12 13:25:17.607,8.19896,8.20057,1.00,1.00
2016.04.12 13:25:17.658,8.19873,8.20057,1.00,1.00
2016.04.12 13:25:17.709,8.19873,8.2006,1.00,1.00
2016.04.12 13:25:18.108,8.19873,8.20021,1.00,1.00
2016.04.12 13:25:18.497,8.19873,8.20045,1.00,1.00
2016.04.12 13:25:18.547,8.19873,8.20017,1.00,1.00
2016.04.12 13:25:18.636,8.19873,8.20042,1.00,1.00
2016.04.12 13:25:18.917,8.19873,8.20009,1.00,1.00
2016.04.12 13:25:21.731,8.19909,8.20009,1.00,1.00
2016.04.12 13:25:22.034,8.19953,8.20015,1.00,1.00
2016.04.12 13:25:22.136,8.19953,8.20035,1.00,1.00
2016.04.12 13:25:22.187,8.19953,8.20177,1.00,1.77
2016.04.12 13:25:23.114,8.19953,8.20199,1.00,1.00
2016.04.12 13:25:23.625,8.19953,8.20199,1.00,1.02
2016.04.12 13:25:23.956,8.20038,8.2027,1.00,1.77
2016.04.12 13:25:24.011,8.20038,8.20275,1.00,1.39
2016.04.12 13:25:25.109,8.20038,8.20257,1.00,1.02
2016.04.12 13:25:25.646,8.20038,8.20237,1.00,1.00
2016.04.12 13:25:25.936,8.20038,8.20202,1.00,1.00
2016.04.12 13:25:26.287,8.20038,8.20172,1.00,1.00
2016.04.12 13:25:31.810,8.20038,8.20184,1.00,1.00
2016.04.12 13:25:32.246,8.20052,8.20184,1.00,1.00
2016.04.12 13:25:32.781,8.20053,8.20184,1.00,1.00
2016.04.12 13:25:33.135,8.20072,8.20184,1.00,1.00
2016.04.12 13:25:33.338,8.20096,8.20343,1.00,1.37
2016.04.12 13:25:33.507,8.20096,8.20343,1.00,1.00
2016.04.12 13:25:33.805,8.20096,8.20292,1.00,1.00
2016.04.12 13:25:34.109,8.20132,8.2038,1.00,1.97
2016.04.12 13:25:34.311,8.20132,8.2038,1.00,1.97
2016.04.12 13:25:36.014,8.20132,8.20353,1.00,1.00
2016.04.12 13:25:36.335,8.20132,8.20296,1.00,1.00
2016.04.12 13:25:36.386,8.20113,8.20296,1.00,1.00
2016.04.12 13:25:36.437,8.20096,8.20296,1.00,1.00
2016.04.12 13:25:36.488,8.20096,8.20264,1.00,1.00
2016.04.12 13:25:39.610,8.20129,8.20264,1.00,1.00
2016.04.12 13:25:43.804,8.20152,8.20264,1.00,1.00
2016.04.12 13:25:44.305,8.20153,8.20264,1.00,1.00
2016.04.12 13:25:44.507,8.20109,8.20264,1.00,1.00
2016.04.12 13:25:44.558,8.20102,8.20264,1.00,1.00
2016.04.12 13:25:45.630,8.20086,8.20264,1.00,1.00
2016.04.12 13:25:46.313,8.20086,8.20299,1.00,1.00
2016.04.12 13:25:46.912,8.20086,8.20244,1.00,1.00
2016.04.12 13:25:47.871,8.20086,8.20251,1.00,1.00
2016.04.12 13:25:48.216,8.20086,8.20216,1.00,1.00
2016.04.12 13:25:49.710,8.2005,8.20216,1.00,1.00
2016.04.12 13:25:50.639,8.20073,8.20216,1.00,1.00
2016.04.12 13:25:50.943,8.20093,8.20216,1.00,1.00
2016.04.12 13:25:51.225,8.20073,8.20216,1.00,1.00
2016.04.12 13:25:51.276,8.20057,8.20216,1.00,1.00
2016.04.12 13:25:57.845,8.2009,8.20216,1.00,1.00
2016.04.12 13:25:58.585,8.2009,8.20336,1.00,1.00
2016.04.12 13:25:58.737,8.2009,8.20338,1.00,1.00
2016.04.12 13:26:00.322,8.20102,8.2027,1.00,1.00
2016.04.12 13:26:00.474,8.2014,8.20357,1.00,1.00
2016.04.12 13:26:00.684,8.2014,8.20367,1.00,1.00
2016.04.12 13:26:01.076,8.2014,8.20263,1.00,1.00
2016.04.12 13:26:01.555,8.2014,8.20377,1.00,1.00
2016.04.12 13:26:01.606,8.2014,8.20388,1.00,1.00
2016.04.12 13:26:02.393,8.20151,8.20388,1.00,1.00
2016.04.12 13:26:03.255,8.20151,8.20366,1.00,1.00
2016.04.12 13:26:03.543,8.20151,8.20388,1.00,1.00
2016.04.12 13:26:03.695,8.20151,8.20364,1.00,1.00
2016.04.12 13:26:04.017,8.20192,8.20364,1.00,1.00
2016.04.12 13:26:04.422,8.20192,8.20343,1.00,1.00
2016.04.12 13:26:04.533,8.20192,8.20375,1.00,1.00
2016.04.12 13:26:04.745,8.20192,8.20343,1.00,1.00
2016.04.12 13:26:05.186,8.20192,8.20345,1.00,1.00
2016.04.12 13:26:05.963,8.20192,8.20323,1.00,1.00
2016.04.12 13:26:12.036,8.20155,8.20323,1.00,1.00
2016.04.12 13:26:17.435,8.20155,8.20319,1.00,1.00
2016.04.12 13:26:17.537,8.20118,8.20341,1.00,1.00
2016.04.12 13:26:18.045,8.20118,8.20298,1.00,1.00
2016.04.12 13:26:18.202,8.20118,8.20315,1.00,1.00
2016.04.12 13:26:18.427,8.20118,8.20298,1.00,1.00
2016.04.12 13:26:20.007,8.20149,8.20298,1.00,1.00
2016.04.12 13:26:20.400,8.20168,8.20298,1.00,1.00
2016.04.12 13:26:23.455,8.20168,8.20338,1.00,1.00
2016.04.12 13:26:23.506,8.20184,8.20416,1.00,1.00
2016.04.12 13:26:23.557,8.20204,8.20444,1.00,1.37
2016.04.12 13:26:25.122,8.20204,8.20362,1.00,1.00
2016.04.12 13:26:28.106,8.20168,8.20362,1.00,1.00
2016.04.12 13:26:28.207,8.20168,8.20338,1.00,1.00
2016.04.12 13:26:28.258,8.20168,8.20343,1.00,1.00
2016.04.12 13:26:28.359,8.20168,8.20367,1.00,1.00
2016.04.12 13:26:28.511,8.20132,8.20367,1.00,1.00
2016.04.12 13:26:28.623,8.20132,8.20371,1.00,1.00
2016.04.12 13:26:28.777,8.20132,8.2038,1.00,1.00
2016.04.12 13:26:28.828,8.20132,8.20356,1.00,1.00
2016.04.12 13:26:28.878,8.20092,8.20336,1.00,1.00
2016.04.12 13:26:29.378,8.20088,8.20336,1.00,1.00
2016.04.12 13:26:30.450,8.20088,8.203,1.00,1.00
2016.04.12 13:26:38.695,8.20088,8.20271,1.00,1.00
2016.04.12 13:26:38.746,8.20088,8.2032,1.00,1.00
2016.04.12 13:26:39.201,8.20088,8.20332,1.00,1.00
2016.04.12 13:26:39.863,8.20088,8.20301,1.00,1.00
2016.04.12 13:26:40.211,8.20088,8.2026,1.00,1.00
2016.04.12 13:26:40.363,8.20088,8.20281,1.00,1.00
2016.04.12 13:26:40.738,8.20088,8.20239,1.00,1.00
2016.04.12 13:26:45.081,8.20078,8.20239,1.00,1.00
2016.04.12 13:26:50.395,8.20034,8.20239,1.00,1.00
2016.04.12 13:26:53.113,8.20052,8.20239,1.00,1.00
2016.04.12 13:26:53.416,8.20071,8.20239,1.00,1.00
2016.04.12 13:26:54.004,8.20071,8.20248,1.00,1.00
2016.04.12 13:26:54.294,8.20071,8.20222,1.00,1.00
2016.04.12 13:26:56.668,8.20075,8.20222,1.00,1.00
2016.04.12 13:26:57.664,8.20075,8.20218,1.00,1.00
2016.04.12 13:26:57.715,8.20071,8.20218,1.00,1.00
2016.04.12 13:26:57.977,8.20075,8.20218,1.00,1.00
2016.04.12 13:26:58.205,8.20071,8.20218,1.00,1.00
2016.04.12 13:27:01.490,8.20071,8.20222,1.00,1.00
2016.04.12 13:27:03.483,8.20071,8.20217,1.00,1.00
2016.04.12 13:27:03.795,8.20074,8.20217,1.00,1.00
2016.04.12 13:27:04.833,8.20071,8.20217,1.00,1.00
2016.04.12 13:27:06.734,8.20071,8.20222,1.00,1.00
2016.04.12 13:27:07.166,8.20037,8.20222,1.00,1.00
2016.04.12 13:27:08.102,8.20037,8.20192,1.00,1.00
2016.04.12 13:27:08.279,8.20038,8.20232,1.00,1.00
2016.04.12 13:27:08.431,8.20038,8.20198,1.00,1.00
2016.04.12 13:27:08.664,8.20038,8.20219,1.00,1.00
2016.04.12 13:27:08.766,8.20038,8.20198,1.00,1.00
2016.04.12 13:27:08.965,8.20038,8.20211,1.00,1.00
2016.04.12 13:27:09.084,8.20038,8.20203,1.00,1.00
2016.04.12 13:27:09.508,8.20037,8.20166,1.00,1.00
2016.04.12 13:27:09.695,8.20037,8.20198,1.00,1.00
2016.04.12 13:27:09.746,8.19998,8.20198,1.00,1.00
2016.04.12 13:27:10.457,8.19994,8.20198,1.00,1.00
2016.04.12 13:27:10.507,8.19994,8.2016,1.00,1.00
2016.04.12 13:27:11.514,8.19998,8.2016,1.00,1.00
2016.04.12 13:27:11.862,8.2,8.2016,1.00,1.00
2016.04.12 13:27:12.613,8.19998,8.2016,1.00,1.00
2016.04.12 13:27:12.664,8.19994,8.2016,1.00,1.00
2016.04.12 13:27:12.715,8.19994,8.20155,1.00,1.00
2016.04.12 13:27:12.918,8.20028,8.20207,1.00,1.00
2016.04.12 13:27:12.969,8.20064,8.20296,1.00,1.00
2016.04.12 13:27:13.047,8.20064,8.20312,1.00,1.07
2016.04.12 13:27:13.199,8.20064,8.20312,1.00,1.00
2016.04.12 13:27:14.229,8.20092,8.20312,1.00,1.00
2016.04.12 13:27:14.825,8.20092,8.2028,1.00,1.00
2016.04.12 13:27:14.939,8.20064,8.2028,1.00,1.00
2016.04.12 13:27:15.090,8.20064,8.20252,1.00,1.00
2016.04.12 13:27:17.521,8.20078,8.20252,1.00,1.00
2016.04.12 13:27:18.527,8.20064,8.20252,1.00,1.00
2016.04.12 13:27:20.862,8.20144,8.20252,1.00,1.00
2016.04.12 13:27:21.014,8.20144,8.20276,1.00,1.00
2016.04.12 13:27:21.355,8.20097,8.20243,1.00,1.00
2016.04.12 13:27:21.406,8.20067,8.2024,1.00,1.00
2016.04.12 13:27:21.507,8.20067,8.20244,1.00,1.00
2016.04.12 13:27:21.775,8.20067,8.2024,1.00,1.00
2016.04.12 13:27:22.341,8.20166,8.2024,1.00,1.00
2016.04.12 13:27:22.546,8.20166,8.20247,1.00,1.00
2016.04.12 13:27:22.863,8.20095,8.20247,1.00,1.00
2016.04.12 13:27:24.781,8.20089,8.20247,1.00,1.00
2016.04.12 13:27:25.771,8.20107,8.20247,1.00,1.00
2016.04.12 13:27:26.201,8.20123,8.20247,1.00,1.00
2016.04.12 13:27:26.845,8.20121,8.20247,1.00,1.00
2016.04.12 13:27:26.947,8.20109,8.20247,1.00,1.00
2016.04.12 13:27:28.072,8.20122,8.20247,1.00,1.00
2016.04.12 13:27:28.564,8.2011,8.20247,1.00,1.00
2016.04.12 13:27:29.004,8.2011,8.20238,1.00,1.00
2016.04.12 13:27:29.283,8.2011,8.20248,1.00,1.00
2016.04.12 13:27:29.333,8.20131,8.20248,1.00,1.00
2016.04.12 13:27:29.636,8.20123,8.20248,1.00,1.00
2016.04.12 13:27:29.862,8.20101,8.20248,1.00,1.00
2016.04.12 13:27:30.075,8.20109,8.20248,1.00,1.00
2016.04.12 13:27:30.378,8.20124,8.20248,1.00,1.00
2016.04.12 13:27:30.544,8.20113,8.20248,1.00,1.00
2016.04.12 13:27:33.352,8.20144,8.20248,1.00,1.00
2016.04.12 13:27:33.671,8.20164,8.20249,1.00,1.00
2016.04.12 13:27:34.013,8.20197,8.20271,1.00,1.00
2016.04.12 13:27:34.064,8.20178,8.20271,1.00,1.00
2016.04.12 13:27:34.115,8.20178,8.20392,1.00,1.00
2016.04.12 13:27:34.368,8.20167,8.20392,1.00,1.00
2016.04.12 13:27:34.838,8.20157,8.20392,1.00,1.00
2016.04.12 13:27:35.163,8.20144,8.20392,1.50,1.00
2016.04.12 13:27:35.264,8.20147,8.20392,1.00,1.00
2016.04.12 13:27:35.926,8.20147,8.20341,1.00,1.00
2016.04.12 13:27:36.331,8.20151,8.20341,1.00,1.00
2016.04.12 13:27:37.468,8.20163,8.20341,1.00,1.00
2016.04.12 13:27:37.771,8.20199,8.20341,1.00,1.00
2016.04.12 13:27:38.103,8.20195,8.20341,1.00,1.00
2016.04.12 13:27:38.206,8.20195,8.20333,1.00,1.00
2016.04.12 13:27:39.674,8.20209,8.20333,1.00,1.00
2016.04.12 13:27:39.775,8.20195,8.20333,1.00,1.00
2016.04.12 13:27:40.324,8.20213,8.20333,1.00,1.00
2016.04.12 13:27:40.475,8.20207,8.20333,1.00,1.00
2016.04.12 13:27:40.526,8.20207,8.20441,1.00,1.00
2016.04.12 13:27:40.873,8.20222,8.20441,1.00,1.00
2016.04.12 13:27:40.924,8.2023,8.20458,1.00,1.00
2016.04.12 13:27:40.975,8.20237,8.20458,1.00,1.00
2016.04.12 13:27:41.076,8.2023,8.20458,1.00,1.00
2016.04.12 13:27:41.127,8.20188,8.20436,1.00,1.00
2016.04.12 13:27:41.329,8.20192,8.20436,1.00,1.00
2016.04.12 13:27:41.720,8.20192,8.20377,1.00,1.00
2016.04.12 13:27:42.046,8.20208,8.20377,1.00,1.00
2016.04.12 13:27:42.601,8.20217,8.20377,1.00,1.00
2016.04.12 13:27:43.632,8.20205,8.20377,1.00,1.00
2016.04.12 13:27:43.812,8.20191,8.20377,1.00,1.00
2016.04.12 13:27:44.095,8.20188,8.20377,1.00,1.00
2016.04.12 13:27:44.606,8.20197,8.20377,1.00,1.00
2016.04.12 13:27:44.909,8.20211,8.20377,1.00,1.00
2016.04.12 13:27:45.791,8.20207,8.20377,1.00,1.00
2016.04.12 13:27:45.892,8.20196,8.20377,1.00,1.00
2016.04.12 13:27:46.044,8.20188,8.20377,1.00,1.00
2016.04.12 13:27:47.387,8.20188,8.2039,1.00,1.00
2016.04.12 13:27:47.890,8.20188,8.20372,1.00,1.00
2016.04.12 13:27:47.940,8.20154,8.20372,1.00,1.00
2016.04.12 13:27:48.490,8.20154,8.20329,1.00,1.00
2016.04.12 13:27:48.813,8.20161,8.20329,1.00,1.00
2016.04.12 13:27:49.760,8.20149,8.20329,1.00,1.00
2016.04.12 13:27:49.973,8.20149,8.20394,1.00,1.00
2016.04.12 13:27:50.138,8.20149,8.20397,1.00,1.00
2016.04.12 13:27:50.571,8.2019,8.20397,1.00,1.00
2016.04.12 13:27:51.688,8.20173,8.20397,1.00,1.00
2016.04.12 13:27:51.848,8.20173,8.20392,1.00,1.00
2016.04.12 13:27:52.857,8.2016,8.20392,1.00,1.00
2016.04.12 13:27:53.557,8.20195,8.20392,1.00,1.00
2016.04.12 13:27:54.759,8.2016,8.20392,1.00,1.00
2016.04.12 13:27:58.243,8.20164,8.20392,1.00,1.00
2016.04.12 13:27:58.730,8.20162,8.20392,1.00,1.00
2016.04.12 13:27:59.465,8.2016,8.20392,1.00,1.00
2016.04.12 13:28:01.160,8.20161,8.20392,1.00,1.00
2016.04.12 13:28:01.265,8.20181,8.20392,1.00,1.00
2016.04.12 13:28:02.799,8.20181,8.2037,1.00,1.00
2016.04.12 13:28:03.936,8.20145,8.2037,1.00,1.00
2016.04.12 13:28:05.058,8.20145,8.20334,1.00,1.00
2016.04.12 13:28:05.563,8.20098,8.20346,1.00,1.00
2016.04.12 13:28:06.581,8.20098,8.20327,1.00,1.00
2016.04.12 13:28:06.920,8.20098,8.20342,1.00,1.00
2016.04.12 13:28:07.072,8.20098,8.20346,1.00,1.00
2016.04.12 13:28:07.667,8.20098,8.20346,1.00,1.37
2016.04.12 13:28:07.819,8.20055,8.20303,1.00,1.00
2016.04.12 13:28:08.025,8.20055,8.20303,1.00,1.07
2016.04.12 13:28:08.227,8.20055,8.20303,1.00,1.00
2016.04.12 13:28:08.795,8.20055,8.20292,1.00,1.00
2016.04.12 13:28:09.196,8.20055,8.20276,1.00,1.00
2016.04.12 13:28:09.570,8.20055,8.20296,1.00,1.00
2016.04.12 13:28:09.621,8.20024,8.2026,1.00,1.00
2016.04.12 13:28:09.672,8.20016,8.2026,1.00,1.00
2016.04.12 13:28:10.457,8.20016,8.20245,1.00,1.00
2016.04.12 13:28:10.562,8.20016,8.2026,1.00,1.00
2016.04.12 13:28:10.799,8.20016,8.20256,1.00,1.00
2016.04.12 13:28:11.052,8.20014,8.20256,1.00,1.00
2016.04.12 13:28:11.373,8.20014,8.20254,1.00,1.00
2016.04.12 13:28:11.774,8.20014,8.20254,1.00,1.07
2016.04.12 13:28:11.933,8.20014,8.20254,1.00,1.50
2016.04.12 13:28:11.984,8.20014,8.20231,1.00,1.00
2016.04.12 13:28:12.392,8.20014,8.20203,1.00,1.00
2016.04.12 13:28:12.554,8.20014,8.20214,1.00,1.00
2016.04.12 13:28:12.675,8.20014,8.20182,1.00,1.00
2016.04.12 13:28:12.745,8.1998,8.20182,1.00,1.00
2016.04.12 13:28:15.254,8.1998,8.20188,1.00,1.00
2016.04.12 13:28:15.373,8.1998,8.20203,1.00,1.00
2016.04.12 13:28:15.636,8.1998,8.20169,1.00,1.00
2016.04.12 13:28:15.687,8.1998,8.20188,1.00,1.00
2016.04.12 13:28:15.738,8.1998,8.20186,1.00,1.00
2016.04.12 13:28:16.093,8.1998,8.20151,1.00,1.00
2016.04.12 13:28:16.952,8.1998,8.20155,1.00,1.00
2016.04.12 13:28:17.205,8.1998,8.20152,1.00,1.00
2016.04.12 13:28:17.256,8.19962,8.20155,1.00,1.00
2016.04.12 13:28:17.498,8.19962,8.20167,1.00,1.00
2016.04.12 13:28:17.554,8.19962,8.20165,1.00,1.00
2016.04.12 13:28:17.905,8.19962,8.20163,1.00,1.00
2016.04.12 13:28:18.363,8.19962,8.20119,1.00,1.00
2016.04.12 13:28:18.946,8.19919,8.20119,1.00,1.00
2016.04.12 13:28:19.359,8.19931,8.20119,1.00,1.00
2016.04.12 13:28:20.135,8.19919,8.20119,1.50,1.00
2016.04.12 13:28:22.045,8.19919,8.20127,1.50,1.00
2016.04.12 13:28:22.473,8.19919,8.20134,1.50,1.00
2016.04.12 13:28:22.625,8.19919,8.20127,1.00,1.00
2016.04.12 13:28:22.776,8.19919,8.20158,1.00,1.00
2016.04.12 13:28:23.560,8.19919,8.20116,1.00,1.00
2016.04.12 13:28:23.875,8.1996,8.20109,1.00,1.00
2016.04.12 13:28:24.260,8.1996,8.20086,1.00,1.00
2016.04.12 13:28:24.362,8.19919,8.20086,1.00,1.00
2016.04.12 13:28:24.412,8.19919,8.20069,1.00,1.00
2016.04.12 13:28:24.662,8.19919,8.20104,1.00,1.00
2016.04.12 13:28:24.764,8.19919,8.20072,1.00,1.00
2016.04.12 13:28:27.109,8.19919,8.20069,1.00,1.00
2016.04.12 13:28:27.315,8.19919,8.20112,1.00,1.00
2016.04.12 13:28:27.366,8.19961,8.20112,1.00,1.00
2016.04.12 13:28:27.568,8.20051,8.20209,1.00,1.00
2016.04.12 13:28:27.926,8.19961,8.20209,1.00,1.00
2016.04.12 13:28:28.604,8.19961,8.20208,1.00,1.00
2016.04.12 13:28:28.761,8.19961,8.20166,1.00,1.00
2016.04.12 13:28:29.070,8.19961,8.20142,1.00,1.00
2016.04.12 13:28:29.415,8.20014,8.20142,1.00,1.00
2016.04.12 13:28:29.609,8.19961,8.20142,1.00,1.00
2016.04.12 13:28:30.570,8.20054,8.20142,1.00,1.00
2016.04.12 13:28:30.672,8.20054,8.20163,1.00,1.00
2016.04.12 13:28:30.773,8.20054,8.20133,1.00,1.00
2016.04.12 13:28:31.102,8.19993,8.20133,1.00,1.00
2016.04.12 13:28:31.303,8.19961,8.20129,1.00,1.00
2016.04.12 13:28:33.286,8.19988,8.20129,1.00,1.00
2016.04.12 13:28:33.640,8.19962,8.20129,1.00,1.00
2016.04.12 13:28:34.178,8.19961,8.20129,1.00,1.00
2016.04.12 13:28:34.481,8.19976,8.20129,1.00,1.00
2016.04.12 13:28:39.600,8.19961,8.20129,1.00,1.00
2016.04.12 13:28:39.702,8.19921,8.20129,1.00,1.00
2016.04.12 13:28:40.562,8.19935,8.20129,1.00,1.00
2016.04.12 13:28:40.923,8.19955,8.20129,1.00,1.00
2016.04.12 13:28:41.604,8.19905,8.20117,1.00,1.00
2016.04.12 13:28:41.655,8.19905,8.20135,1.00,1.00
2016.04.12 13:28:41.757,8.19905,8.20135,1.00,1.75
2016.04.12 13:28:41.808,8.19863,8.20109,1.00,1.00
2016.04.12 13:28:41.911,8.19863,8.201,1.00,1.00
2016.04.12 13:28:42.164,8.19826,8.20074,1.00,1.00
2016.04.12 13:28:42.432,8.19826,8.20074,1.00,1.37
2016.04.12 13:28:42.967,8.19826,8.20074,1.00,1.07
2016.04.12 13:28:43.147,8.19826,8.20074,1.00,1.00
2016.04.12 13:28:44.420,8.19826,8.20065,1.00,1.00
2016.04.12 13:28:45.191,8.19826,8.20074,1.00,1.50
2016.04.12 13:28:45.515,8.19826,8.20021,1.00,1.00
2016.04.12 13:28:46.891,8.19796,8.20021,1.00,1.00
2016.04.12 13:28:49.687,8.19793,8.20021,1.00,1.00
2016.04.12 13:28:51.790,8.19794,8.20021,1.00,1.00
2016.04.12 13:28:52.039,8.19797,8.20021,1.00,1.00
2016.04.12 13:28:52.984,8.19797,8.20008,1.00,1.00
2016.04.12 13:28:53.382,8.19793,8.19981,1.00,1.00
2016.04.12 13:28:53.882,8.19793,8.19952,1.00,1.00
2016.04.12 13:28:54.149,8.19793,8.19976,1.00,1.00
2016.04.12 13:28:54.273,8.19793,8.19952,1.00,1.00
2016.04.12 13:28:54.374,8.19793,8.19976,1.00,1.00
2016.04.12 13:28:54.764,8.19793,8.19952,1.00,1.00
2016.04.12 13:28:55.226,8.19778,8.19952,1.00,1.00
2016.04.12 13:28:55.412,8.1976,8.19952,1.00,1.00
2016.04.12 13:28:56.315,8.19751,8.19928,1.00,1.00
2016.04.12 13:28:56.366,8.19751,8.19982,1.00,1.75
2016.04.12 13:28:56.417,8.19706,8.19954,1.00,1.00
2016.04.12 13:28:56.619,8.19724,8.19954,1.00,1.00
2016.04.12 13:28:56.967,8.19834,8.19954,1.00,1.00
2016.04.12 13:28:57.145,8.19834,8.19977,1.00,1.00
2016.04.12 13:28:57.196,8.19834,8.19961,1.00,1.00
2016.04.12 13:28:57.342,8.19746,8.19908,1.00,1.00
2016.04.12 13:28:57.493,8.19746,8.19963,1.00,1.00
2016.04.12 13:28:57.746,8.19746,8.1995,1.00,1.00
2016.04.12 13:28:57.797,8.19705,8.1995,1.00,1.00
2016.04.12 13:28:58.060,8.19705,8.1994,1.00,1.00
2016.04.12 13:28:58.363,8.19725,8.19913,1.00,1.00
2016.04.12 13:28:58.471,8.19725,8.1995,1.00,1.00
2016.04.12 13:28:58.522,8.19725,8.19936,1.00,1.00
2016.04.12 13:28:59.922,8.19705,8.19936,1.00,1.00
2016.04.12 13:29:00.226,8.19705,8.19947,1.00,1.37
2016.04.12 13:29:00.428,8.1967,8.19918,1.00,1.07
2016.04.12 13:29:01.000,8.19671,8.19918,1.00,1.07
2016.04.12 13:29:01.683,8.19671,8.19898,1.00,1.00
2016.04.12 13:29:02.812,8.19754,8.19898,1.00,1.00
2016.04.12 13:29:03.115,8.19754,8.19887,1.00,1.00
2016.04.12 13:29:03.332,8.19717,8.19887,1.00,1.00
2016.04.12 13:29:03.383,8.19688,8.19893,1.00,1.00
2016.04.12 13:29:03.535,8.19688,8.19898,1.00,1.00
2016.04.12 13:29:04.303,8.1967,8.19898,1.00,1.00
2016.04.12 13:29:04.762,8.19671,8.19894,1.00,1.00
2016.04.12 13:29:04.867,8.19671,8.19898,1.00,1.00
2016.04.12 13:29:07.111,8.1967,8.19898,1.00,1.00
2016.04.12 13:29:07.312,8.19754,8.19898,1.00,1.00
2016.04.12 13:29:07.605,8.19702,8.19888,1.00,1.00
2016.04.12 13:29:07.757,8.1972,8.19918,1.00,1.00
2016.04.12 13:29:07.869,8.1972,8.19887,1.00,1.00
2016.04.12 13:29:08.650,8.19702,8.19887,1.00,1.00
2016.04.12 13:29:08.701,8.19702,8.19893,1.00,1.00
2016.04.12 13:29:08.853,8.19702,8.19898,1.00,1.00
2016.04.12 13:29:09.190,8.19688,8.19898,1.00,1.00
2016.04.12 13:29:09.341,8.1966,8.19898,1.00,1.00
2016.04.12 13:29:10.120,8.1967,8.19898,1.00,1.00
2016.04.12 13:29:13.840,8.19692,8.19898,1.00,1.00
2016.04.12 13:29:14.980,8.19692,8.19871,1.00,1.00
2016.04.12 13:29:15.122,8.19645,8.19854,1.00,1.00
2016.04.12 13:29:16.191,8.19634,8.19819,1.00,1.00
2016.04.12 13:29:17.366,8.19638,8.19819,1.00,1.00
2016.04.12 13:29:18.416,8.19656,8.19819,1.00,1.00
2016.04.12 13:29:19.388,8.19656,8.19826,1.00,1.00
2016.04.12 13:29:20.622,8.19675,8.19826,1.00,1.00
2016.04.12 13:29:20.971,8.19675,8.19819,1.00,1.00
2016.04.12 13:29:21.850,8.19634,8.19819,1.00,1.00
2016.04.12 13:29:23.027,8.19652,8.19819,1.00,1.00
2016.04.12 13:29:25.051,8.19657,8.19819,1.00,1.00
2016.04.12 13:29:25.380,8.19671,8.19819,1.00,1.00
2016.04.12 13:29:26.203,8.19652,8.19819,1.00,1.00
2016.04.12 13:29:26.700,8.19652,8.19823,1.00,1.00
2016.04.12 13:29:27.411,8.19634,8.19823,1.00,1.00
2016.04.12 13:29:29.691,8.19634,8.19807,1.00,1.00
2016.04.12 13:29:30.006,8.19634,8.19787,1.00,1.00
2016.04.12 13:29:30.108,8.19598,8.19787,1.00,1.00
2016.04.12 13:29:33.950,8.19598,8.19796,1.00,1.00
2016.04.12 13:29:34.729,8.19634,8.19796,1.00,1.00
2016.04.12 13:29:35.060,8.19634,8.19789,1.00,1.00
2016.04.12 13:29:35.830,8.19652,8.19789,1.00,1.00
2016.04.12 13:29:37.870,8.19594,8.19789,1.00,1.00
2016.04.12 13:29:38.073,8.19719,8.19789,1.00,1.00
2016.04.12 13:29:38.176,8.19719,8.19826,1.00,1.00
2016.04.12 13:29:38.378,8.19651,8.19826,1.00,1.00
2016.04.12 13:29:38.560,8.19634,8.19826,1.00,1.00
2016.04.12 13:29:39.449,8.1963,8.19826,1.00,1.00
2016.04.12 13:29:41.736,8.19608,8.19826,1.00,1.00
2016.04.12 13:29:42.889,8.19593,8.19826,1.00,1.00
2016.04.12 13:29:43.551,8.19728,8.19826,1.00,1.00
2016.04.12 13:29:43.854,8.19644,8.19803,1.00,1.00
2016.04.12 13:29:43.905,8.19644,8.19809,1.00,1.00
2016.04.12 13:29:44.071,8.19642,8.19809,1.00,1.00
2016.04.12 13:29:44.540,8.19603,8.19809,1.00,1.00
2016.04.12 13:29:44.644,8.19593,8.19809,1.00,1.00
2016.04.12 13:29:45.540,8.19626,8.19809,1.00,1.00
2016.04.12 13:29:46.553,8.19608,8.19809,1.00,1.00
2016.04.12 13:29:46.604,8.19593,8.19809,1.00,1.00
2016.04.12 13:29:46.843,8.19593,8.19807,1.00,1.00
2016.04.12 13:29:48.879,8.1967,8.19807,1.00,1.00
2016.04.12 13:29:49.031,8.19619,8.19807,1.00,1.00
2016.04.12 13:29:49.133,8.19631,8.19807,1.00,1.00
2016.04.12 13:29:49.512,8.19631,8.19813,1.00,1.00
2016.04.12 13:29:50.861,8.19648,8.19813,1.00,1.00
2016.04.12 13:29:56.560,8.19631,8.19813,1.00,1.00
2016.04.12 13:29:57.115,8.1963,8.19813,1.00,1.00
2016.04.12 13:29:57.750,8.19656,8.19813,1.00,1.00
2016.04.12 13:29:58.040,8.19609,8.19813,1.00,1.00
2016.04.12 13:29:59.342,8.19612,8.19813,1.00,1.00
2016.04.12 13:30:01.358,8.19596,8.19813,1.00,1.00
2016.04.12 13:30:06.875,8.19596,8.198,1.00,1.00
2016.04.12 13:30:06.964,8.19576,8.19798,1.00,1.00
2016.04.12 13:30:07.015,8.19551,8.19784,1.00,1.00
2016.04.12 13:30:07.183,8.19551,8.19798,1.00,1.00
2016.04.12 13:30:07.486,8.19564,8.19798,1.00,1.00
2016.04.12 13:30:07.963,8.19564,8.19794,1.00,1.00
2016.04.12 13:30:08.586,8.19592,8.19794,1.00,1.00
2016.04.12 13:30:12.800,8.19601,8.19794,1.00,1.00
2016.04.12 13:30:13.251,8.19601,8.19791,1.00,1.00
2016.04.12 13:30:15.213,8.19594,8.19791,1.00,1.00
2016.04.12 13:30:17.303,8.19592,8.19791,1.00,1.00
2016.04.12 13:30:18.515,8.19593,8.19791,1.00,1.00
2016.04.12 13:30:19.251,8.19609,8.19791,1.00,1.00
2016.04.12 13:30:19.565,8.19626,8.19791,1.00,1.00
2016.04.12 13:30:24.542,8.19583,8.19791,1.00,1.00
2016.04.12 13:30:27.023,8.19583,8.19764,1.00,1.00
2016.04.12 13:30:34.193,8.19583,8.19768,1.00,1.00
2016.04.12 13:30:35.534,8.19613,8.19768,1.00,1.00
2016.04.12 13:30:35.844,8.19625,8.19768,1.00,1.00
2016.04.12 13:30:36.072,8.19606,8.19768,1.00,1.00
2016.04.12 13:30:36.224,8.19588,8.19768,1.00,1.00
2016.04.12 13:30:36.398,8.19584,8.19768,1.00,1.00
2016.04.12 13:30:37.091,8.19583,8.19769,1.00,1.00
2016.04.12 13:30:38.351,8.19564,8.19769,1.00,1.00
2016.04.12 13:30:38.459,8.19544,8.19777,1.00,1.00
2016.04.12 13:30:38.599,8.19555,8.19777,1.00,1.00
2016.04.12 13:30:38.834,8.19541,8.19777,1.00,1.00
2016.04.12 13:30:39.147,8.19541,8.19754,1.00,1.00
2016.04.12 13:30:39.400,8.19538,8.19754,1.00,1.00
2016.04.12 13:30:39.494,8.19531,8.19743,1.00,1.00
2016.04.12 13:30:40.831,8.19523,8.19743,1.00,1.00
2016.04.12 13:30:41.034,8.19502,8.19743,1.00,1.00
2016.04.12 13:30:42.595,8.19502,8.19714,1.00,1.00
2016.04.12 13:30:42.902,8.19496,8.19714,1.00,1.00
2016.04.12 13:30:43.110,8.19507,8.19714,1.00,1.00
2016.04.12 13:30:43.637,8.19507,8.19707,1.00,1.00
2016.04.12 13:30:43.887,8.1949,8.19691,1.00,1.00
2016.04.12 13:30:43.989,8.1949,8.19707,1.00,1.00
2016.04.12 13:30:44.590,8.1946,8.19707,1.00,1.00
2016.04.12 13:30:45.089,8.19464,8.19707,1.00,1.00
2016.04.12 13:30:45.629,8.19464,8.19695,1.00,1.00
2016.04.12 13:30:45.961,8.19464,8.19651,1.00,1.00
2016.04.12 13:30:47.334,8.19472,8.19651,1.00,1.00
2016.04.12 13:30:47.846,8.1946,8.19651,1.00,1.00
2016.04.12 13:30:48.439,8.1946,8.19648,1.00,1.00
2016.04.12 13:30:48.490,8.19451,8.19648,1.00,1.00
2016.04.12 13:30:49.313,8.19441,8.19648,1.00,1.00
2016.04.12 13:30:49.364,8.19441,8.19651,1.00,1.00
2016.04.12 13:30:49.415,8.19441,8.19619,1.00,1.00
2016.04.12 13:30:50.822,8.19433,8.19619,1.00,1.00
2016.04.12 13:30:51.386,8.19442,8.19619,1.00,1.00
2016.04.12 13:30:52.824,8.19452,8.19619,1.00,1.00
2016.04.12 13:30:53.128,8.19461,8.19619,1.00,1.00
2016.04.12 13:30:53.569,8.19477,8.19619,1.00,1.00
2016.04.12 13:30:53.771,8.19477,8.1963,1.00,1.00
2016.04.12 13:30:53.822,8.19467,8.1963,1.00,1.00
2016.04.12 13:30:54.221,8.19467,8.19667,1.00,1.00
2016.04.12 13:30:54.329,8.19467,8.19708,1.00,1.00
2016.04.12 13:30:54.531,8.19467,8.19688,1.00,1.00
2016.04.12 13:30:54.633,8.19467,8.19694,1.00,1.00
2016.04.12 13:30:54.734,8.19461,8.19694,1.00,1.00
2016.04.12 13:30:54.974,8.19441,8.19672,1.00,1.00
2016.04.12 13:30:55.025,8.19433,8.19672,1.00,1.00
2016.04.12 13:30:55.683,8.19444,8.19672,1.00,1.00
2016.04.12 13:30:56.081,8.19448,8.19672,1.00,1.00
2016.04.12 13:30:56.950,8.19444,8.19672,1.00,1.00
2016.04.12 13:30:57.001,8.19425,8.19672,1.00,1.00
2016.04.12 13:30:57.103,8.19424,8.19672,1.00,1.37
2016.04.12 13:30:57.467,8.19399,8.19629,1.00,1.07
2016.04.12 13:30:57.632,8.19346,8.19593,1.00,1.00
2016.04.12 13:30:58.140,8.19347,8.19593,1.00,1.00
2016.04.12 13:30:58.289,8.19364,8.19593,1.00,1.00
2016.04.12 13:30:58.593,8.19368,8.19593,1.00,1.00
2016.04.12 13:30:58.745,8.19345,8.19588,1.00,1.00
2016.04.12 13:30:59.185,8.19345,8.19593,1.00,1.00
2016.04.12 13:30:59.438,8.19358,8.19593,1.00,1.00
2016.04.12 13:30:59.539,8.19391,8.19638,1.00,1.87
2016.04.12 13:30:59.590,8.19391,8.1963,1.00,1.00
2016.04.12 13:30:59.804,8.19359,8.19595,1.00,1.00
2016.04.12 13:30:59.855,8.19348,8.19595,1.00,1.00
2016.04.12 13:31:00.158,8.19364,8.19595,1.00,1.00
2016.04.12 13:31:00.785,8.19348,8.19595,1.00,1.50
2016.04.12 13:31:01.139,8.19348,8.19595,1.00,2.25
2016.04.12 13:31:01.197,8.19328,8.19559,1.50,1.00
2016.04.12 13:31:01.298,8.19314,8.19559,1.50,1.00
2016.04.12 13:31:01.857,8.1933,8.19559,1.00,1.00
2016.04.12 13:31:03.076,8.19312,8.19559,1.00,1.00
2016.04.12 13:31:03.322,8.19293,8.19522,1.00,1.00
2016.04.12 13:31:04.161,8.19325,8.19522,1.00,1.00
2016.04.12 13:31:04.377,8.19341,8.19587,1.00,1.00
2016.04.12 13:31:05.533,8.19343,8.19587,1.00,1.00
2016.04.12 13:31:07.267,8.19343,8.19546,1.00,1.00
2016.04.12 13:31:15.854,8.19325,8.19546,1.00,1.00
2016.04.12 13:31:19.248,8.19343,8.19546,1.00,1.00
2016.04.12 13:31:20.409,8.19308,8.19546,1.00,1.00
2016.04.12 13:31:21.491,8.19325,8.19546,1.00,1.00
2016.04.12 13:31:22.652,8.19344,8.19546,1.00,1.00
2016.04.12 13:31:22.702,8.19344,8.19548,1.00,1.00
2016.04.12 13:31:23.475,8.19301,8.19548,1.10,1.00
2016.04.12 13:31:23.990,8.1935,8.19548,1.00,1.00
2016.04.12 13:31:25.155,8.19358,8.19548,1.00,1.00
2016.04.12 13:31:25.719,8.19358,8.19573,1.00,1.00
2016.04.12 13:31:26.300,8.19336,8.19573,1.66,1.00
2016.04.12 13:31:26.809,8.19375,8.19577,1.03,1.00
2016.04.12 13:31:26.914,8.19386,8.1962,1.03,1.00
2016.04.12 13:31:27.410,8.19386,8.1962,1.03,1.00
2016.04.12 13:31:27.997,8.19372,8.1962,1.73,1.00
2016.04.12 13:31:28.483,8.19372,8.1962,1.73,1.00
2016.04.12 13:31:28.535,8.19372,8.19605,1.73,1.00
2016.04.12 13:31:29.659,8.19372,8.19605,1.73,1.00
2016.04.12 13:31:30.355,8.19372,8.1962,1.66,1.00
2016.04.12 13:31:30.406,8.19372,8.1962,1.00,1.00
2016.04.12 13:31:31.408,8.19372,8.1962,1.66,1.00
2016.04.12 13:31:32.462,8.19372,8.1962,1.66,1.00
2016.04.12 13:31:33.463,8.19372,8.1962,1.41,1.00
2016.04.12 13:31:34.617,8.19336,8.19583,1.66,1.00
2016.04.12 13:31:34.668,8.19336,8.19583,1.00,1.00
2016.04.12 13:31:35.183,8.19335,8.19583,1.50,1.00
2016.04.12 13:31:35.814,8.19335,8.19583,1.66,1.00
2016.04.12 13:31:37.355,8.19371,8.19619,1.00,1.00
2016.04.12 13:31:39.193,8.19371,8.19619,1.66,1.00
2016.04.12 13:31:42.454,8.19405,8.19652,1.00,1.00
2016.04.12 13:31:45.003,8.19405,8.19652,1.66,1.00
2016.04.12 13:31:48.629,8.19405,8.19652,1.00,1.00
2016.04.12 13:31:51.778,8.19405,8.19638,1.00,1.00
2016.04.12 13:31:52.090,8.1937,8.19618,1.66,1.00
2016.04.12 13:31:54.185,8.1937,8.19618,1.66,1.00
2016.04.12 13:31:56.392,8.19415,8.19618,1.00,1.00
2016.04.12 13:31:57.488,8.19412,8.19618,1.00,1.00
2016.04.12 13:31:58.813,8.19406,8.19618,1.00,1.00
2016.04.12 13:31:59.436,8.19411,8.19657,1.00,1.00
2016.04.12 13:31:59.680,8.19411,8.19657,1.07,1.00
2016.04.12 13:31:59.991,8.19427,8.19657,1.37,1.00
2016.04.12 13:32:00.445,8.19451,8.19699,1.37,1.00
2016.04.12 13:32:01.126,8.19451,8.1968,1.37,1.00
2016.04.12 13:32:02.292,8.19451,8.19677,1.37,1.00
2016.04.12 13:32:03.189,8.19445,8.19663,1.75,1.00
2016.04.12 13:32:03.518,8.19482,8.19663,1.00,1.00
2016.04.12 13:32:04.029,8.19473,8.19663,1.00,1.00
2016.04.12 13:32:04.611,8.19452,8.19663,1.00,1.00
2016.04.12 13:32:04.820,8.19452,8.19647,1.00,1.00
2016.04.12 13:32:05.128,8.19445,8.19626,1.00,1.00
2016.04.12 13:32:05.861,8.19422,8.19626,1.00,1.00
2016.04.12 13:32:05.912,8.19392,8.19626,1.37,1.00
2016.04.12 13:32:06.013,8.19392,8.19626,1.07,1.00
2016.04.12 13:32:06.064,8.19392,8.19626,1.00,1.00
2016.04.12 13:32:06.115,8.19392,8.1961,1.00,1.00
2016.04.12 13:32:06.268,8.19362,8.19591,1.07,1.00
2016.04.12 13:32:06.319,8.19362,8.1956,1.07,1.00
2016.04.12 13:32:06.639,8.19496,8.19575,1.00,1.00
2016.04.12 13:32:06.690,8.19496,8.19618,1.00,1.00
2016.04.12 13:32:06.792,8.19496,8.19649,1.00,1.00
2016.04.12 13:32:06.893,8.19496,8.19663,1.00,1.00
2016.04.12 13:32:06.944,8.19496,8.19663,1.07,1.00
2016.04.12 13:32:06.995,8.19496,8.19705,1.07,1.00
2016.04.12 13:32:07.147,8.19541,8.19705,1.00,1.00
2016.04.12 13:32:07.510,8.19541,8.19743,1.00,1.00
2016.04.12 13:32:08.371,8.19541,8.19743,1.37,1.00
2016.04.12 13:32:08.517,8.19541,8.19784,1.37,1.00
2016.04.12 13:32:08.569,8.19541,8.19784,1.75,1.00
2016.04.12 13:32:08.919,8.19541,8.19784,1.75,1.00
2016.04.12 13:32:09.121,8.19541,8.19784,1.07,1.00
2016.04.12 13:32:09.348,8.19541,8.19784,1.75,1.00
2016.04.12 13:32:10.642,8.19538,8.19779,1.75,1.00
2016.04.12 13:32:11.643,8.19548,8.19769,1.50,1.00
2016.04.12 13:32:11.987,8.19548,8.19749,1.50,1.00
2016.04.12 13:32:13.214,8.19548,8.19749,1.00,1.00
2016.04.12 13:32:13.315,8.19505,8.19749,1.37,1.00
2016.04.12 13:32:13.416,8.19505,8.19712,1.37,1.00
2016.04.12 13:32:13.607,8.19505,8.19712,1.07,1.00
2016.04.12 13:32:15.270,8.195,8.19732,1.75,1.00
2016.04.12 13:32:15.372,8.195,8.19748,1.75,1.00
2016.04.12 13:32:15.939,8.19512,8.19748,1.00,1.00
2016.04.12 13:32:16.090,8.19532,8.19748,1.00,1.00
2016.04.12 13:32:16.420,8.19662,8.19767,1.00,1.00
2016.04.12 13:32:16.517,8.19662,8.19794,1.00,1.00
2016.04.12 13:32:16.568,8.19662,8.19814,1.00,1.00
2016.04.12 13:32:16.670,8.19662,8.19847,1.00,1.00
2016.04.12 13:32:16.839,8.19599,8.19847,1.37,1.00
2016.04.12 13:32:17.250,8.19599,8.19847,1.75,1.00
2016.04.12 13:32:17.358,8.19599,8.19847,1.75,1.00
2016.04.12 13:32:17.598,8.19599,8.19847,1.00,1.00
2016.04.12 13:32:17.842,8.19625,8.19847,1.00,1.00
2016.04.12 13:32:17.944,8.1964,8.19867,1.00,1.00
2016.04.12 13:32:18.045,8.1964,8.19887,1.00,1.00
2016.04.12 13:32:19.350,8.1964,8.19887,1.00,1.07
2016.04.12 13:32:19.653,8.1964,8.19819,1.00,1.00
2016.04.12 13:32:19.839,8.1964,8.19874,1.00,1.75
2016.04.12 13:32:19.890,8.1964,8.19874,1.00,1.00
2016.04.12 13:32:20.041,8.1964,8.19887,1.00,1.50
2016.04.12 13:32:23.330,8.1964,8.19855,1.00,1.00
2016.04.12 13:32:23.432,8.1964,8.1987,1.00,1.00
2016.04.12 13:32:23.533,8.1964,8.19874,1.00,1.00
2016.04.12 13:32:23.789,8.1964,8.19887,1.00,1.00
2016.04.12 13:32:26.022,8.1964,8.19881,1.00,1.00
2016.04.12 13:32:26.873,8.1964,8.19824,1.00,1.00
2016.04.12 13:32:27.126,8.1964,8.19877,1.00,1.00
2016.04.12 13:32:27.328,8.1964,8.19887,1.00,1.00
2016.04.12 13:32:28.065,8.1964,8.19845,1.00,1.00
2016.04.12 13:32:29.001,8.19671,8.19845,1.00,1.00
2016.04.12 13:32:29.052,8.19671,8.19915,1.00,1.00
2016.04.12 13:32:30.140,8.19671,8.19906,1.00,1.00
2016.04.12 13:32:30.839,8.19671,8.19915,1.00,1.00
2016.04.12 13:32:33.075,8.19671,8.19896,1.00,1.00
2016.04.12 13:32:34.068,8.19671,8.19915,1.00,1.00
2016.04.12 13:32:34.623,8.19671,8.19899,1.00,1.00
2016.04.12 13:32:35.546,8.19634,8.19881,1.00,1.00
2016.04.12 13:32:37.047,8.19634,8.19881,1.75,1.00
2016.04.12 13:32:37.148,8.19676,8.19915,1.00,1.00
2016.04.12 13:32:38.336,8.19676,8.19914,1.00,1.00
2016.04.12 13:32:38.387,8.19676,8.19884,1.00,1.00
2016.04.12 13:32:45.255,8.19676,8.19902,1.00,1.00
2016.04.12 13:32:46.296,8.19676,8.19915,1.00,1.00
2016.04.12 13:32:52.022,8.19676,8.1992,1.00,1.00
2016.04.12 13:32:53.912,8.19691,8.1992,1.00,1.00
2016.04.12 13:32:58.572,8.19691,8.19895,1.00,1.00
2016.04.12 13:32:58.623,8.19655,8.19895,1.00,1.00
2016.04.12 13:32:58.876,8.19655,8.19902,1.00,1.00
2016.04.12 13:32:58.926,8.19655,8.19899,1.00,1.00
2016.04.12 13:32:59.135,8.19655,8.19902,1.00,1.00
2016.04.12 13:32:59.692,8.19655,8.19898,1.00,1.00
2016.04.12 13:33:00.921,8.19655,8.19902,1.00,1.00
2016.04.12 13:33:01.576,8.19655,8.19902,1.00,1.07
2016.04.12 13:33:02.334,8.19655,8.19902,1.00,1.00
2016.04.12 13:33:03.740,8.19655,8.19902,1.00,1.07
2016.04.12 13:33:04.255,8.19655,8.19902,1.00,1.00
2016.04.12 13:33:05.948,8.19694,8.19908,1.00,1.00
2016.04.12 13:33:06.049,8.19694,8.19931,1.00,1.00
2016.04.12 13:33:06.397,8.19694,8.19929,1.00,1.00
2016.04.12 13:33:06.949,8.19694,8.19928,1.00,1.00
2016.04.12 13:33:07.251,8.19694,8.19923,1.00,1.00
2016.04.12 13:33:07.353,8.1965,8.19897,1.00,1.00
2016.04.12 13:33:14.477,8.1965,8.19883,1.00,1.00
2016.04.12 13:33:14.528,8.1965,8.19897,1.00,1.50
2016.04.12 13:33:15.084,8.1965,8.19882,1.00,1.00
2016.04.12 13:33:16.226,8.1965,8.19897,1.00,1.00
2016.04.12 13:33:17.295,8.1965,8.19881,1.00,1.00
2016.04.12 13:33:17.589,8.1965,8.19897,1.00,1.00
2016.04.12 13:33:18.277,8.1969,8.19932,1.00,1.00
2016.04.12 13:33:18.385,8.1969,8.19935,1.00,1.00
2016.04.12 13:33:18.690,8.19725,8.19967,1.00,1.00
2016.04.12 13:33:19.037,8.19725,8.19936,1.00,1.00
2016.04.12 13:33:19.139,8.19725,8.19957,1.00,1.00
2016.04.12 13:33:19.302,8.19725,8.19972,1.00,1.50
2016.04.12 13:33:19.787,8.19725,8.19967,1.00,1.00
2016.04.12 13:33:20.086,8.19725,8.19972,1.00,1.00
2016.04.12 13:33:20.217,8.19725,8.19954,1.00,1.00
2016.04.12 13:33:20.594,8.19725,8.19972,1.00,1.00
2016.04.12 13:33:21.598,8.19725,8.19954,1.00,1.00
2016.04.12 13:33:22.637,8.19725,8.19972,1.00,1.00
2016.04.12 13:33:23.812,8.19725,8.19954,1.00,1.00
2016.04.12 13:33:24.178,8.19725,8.19972,1.00,1.00
2016.04.12 13:33:25.316,8.19725,8.19961,1.00,1.00
2016.04.12 13:33:26.598,8.19725,8.19954,1.00,1.00
2016.04.12 13:33:27.699,8.19725,8.1996,1.00,1.00
2016.04.12 13:33:27.800,8.19689,8.19937,1.00,1.00
2016.04.12 13:33:29.537,8.19663,8.19893,1.00,1.00
2016.04.12 13:33:29.688,8.19646,8.19893,1.00,1.00
2016.04.12 13:33:30.694,8.19693,8.19893,1.00,1.00
2016.04.12 13:33:34.146,8.19693,8.19854,1.00,1.00
2016.04.12 13:33:37.617,8.19692,8.19854,1.00,1.00
2016.04.12 13:33:37.668,8.19692,8.1989,1.00,1.00
2016.04.12 13:33:37.820,8.19715,8.1989,1.00,1.00
2016.04.12 13:33:38.157,8.19715,8.19928,1.75,1.00
2016.04.12 13:33:39.011,8.19747,8.19928,1.00,1.00
2016.04.12 13:33:39.112,8.19704,8.19928,1.75,1.00
2016.04.12 13:33:39.716,8.19704,8.19928,1.00,1.00
2016.04.12 13:33:39.818,8.19692,8.19928,1.00,1.00
2016.04.12 13:33:40.616,8.19712,8.19928,1.00,1.00
2016.04.12 13:33:41.724,8.19713,8.19928,1.00,1.00
2016.04.12 13:33:43.710,8.19712,8.19928,1.00,1.00
2016.04.12 13:33:45.107,8.19692,8.19928,1.00,1.00
2016.04.12 13:33:45.730,8.19693,8.19928,1.37,1.00
2016.04.12 13:33:46.165,8.19692,8.19928,1.75,1.00
2016.04.12 13:33:46.317,8.19692,8.19928,1.37,1.00
2016.04.12 13:33:46.376,8.19692,8.19928,1.10,1.00
2016.04.12 13:33:47.745,8.19681,8.19928,1.37,1.00
2016.04.12 13:33:47.846,8.19681,8.19928,1.00,1.00
2016.04.12 13:33:49.431,8.19719,8.19947,1.00,1.00
2016.04.12 13:33:49.482,8.19719,8.19961,1.00,1.00
2016.04.12 13:33:49.533,8.19719,8.19964,1.00,1.00
2016.04.12 13:33:50.183,8.19719,8.1996,1.00,1.00
2016.04.12 13:33:50.517,8.19691,8.19923,1.07,1.00
2016.04.12 13:33:51.026,8.19675,8.19923,1.50,1.00
2016.04.12 13:33:51.134,8.19675,8.19923,1.37,1.00
2016.04.12 13:33:51.336,8.19675,8.19923,1.00,1.00
2016.04.12 13:33:52.515,8.19675,8.19923,1.00,1.60
2016.04.12 13:33:52.616,8.19655,8.19882,1.37,1.00
2016.04.12 13:33:52.667,8.19639,8.19882,1.75,1.37
2016.04.12 13:33:52.769,8.19632,8.19853,1.37,1.00
2016.04.12 13:33:53.376,8.1966,8.19853,1.00,1.00
2016.04.12 13:33:53.916,8.1966,8.19873,1.00,1.00
2016.04.12 13:33:53.967,8.1966,8.19888,1.00,1.00
2016.04.12 13:33:54.449,8.19642,8.19888,1.10,1.00
2016.04.12 13:33:55.075,8.19674,8.19889,1.00,1.00
2016.04.12 13:33:55.401,8.19719,8.19889,1.00,1.00
2016.04.12 13:33:55.534,8.19719,8.19909,1.00,1.00
2016.04.12 13:33:55.635,8.19719,8.19931,1.00,1.00
2016.04.12 13:33:56.453,8.19689,8.19931,1.07,1.00
2016.04.12 13:33:56.611,8.19689,8.19931,1.75,1.00
2016.04.12 13:33:56.914,8.19739,8.19931,1.00,1.00
2016.04.12 13:33:57.230,8.1969,8.19931,1.75,1.00
2016.04.12 13:33:58.255,8.1969,8.19931,1.07,1.00
2016.04.12 13:33:58.356,8.19685,8.19928,1.37,1.00
2016.04.12 13:33:58.683,8.19685,8.19908,1.00,1.00
2016.04.12 13:33:59.376,8.19685,8.19909,1.00,1.75
2016.04.12 13:33:59.477,8.19653,8.19893,1.00,1.07
2016.04.12 13:33:59.709,8.19653,8.19893,1.00,1.00
2016.04.12 13:34:00.555,8.19633,8.19859,1.57,1.00
2016.04.12 13:34:00.708,8.19626,8.19859,1.00,1.00
2016.04.12 13:34:00.891,8.19663,8.19859,1.00,1.00
2016.04.12 13:34:01.093,8.19695,8.19931,1.00,1.75
2016.04.12 13:34:01.144,8.19695,8.19931,1.00,1.00
2016.04.12 13:34:01.763,8.19695,8.19931,1.00,1.07
2016.04.12 13:34:02.536,8.19694,8.19931,1.00,1.07
2016.04.12 13:34:03.150,8.19745,8.19931,1.00,1.07
2016.04.12 13:34:03.453,8.19819,8.19931,1.00,1.07
2016.04.12 13:34:03.655,8.19818,8.19952,1.00,1.00
2016.04.12 13:34:03.707,8.19818,8.19961,1.00,1.00
2016.04.12 13:34:03.808,8.19811,8.19965,1.00,1.00
2016.04.12 13:34:04.237,8.19717,8.19965,1.87,1.00
2016.04.12 13:34:04.445,8.19717,8.19965,2.25,1.00
2016.04.12 13:34:04.765,8.19772,8.19965,1.00,1.00
2016.04.12 13:34:04.968,8.19772,8.19972,1.00,1.07
2016.04.12 13:34:05.606,8.19772,8.1996,1.00,1.00
2016.04.12 13:34:06.765,8.19772,8.1996,1.60,1.00
2016.04.12 13:34:07.092,8.19846,8.20059,1.00,1.00
2016.04.12 13:34:07.244,8.19837,8.2007,1.00,1.00
2016.04.12 13:34:07.497,8.19837,8.20065,1.00,1.00
2016.04.12 13:34:07.816,8.19837,8.20055,1.00,1.00
2016.04.12 13:34:07.866,8.19822,8.20055,1.00,1.00
2016.04.12 13:34:08.075,8.19834,8.20055,1.00,1.00
2016.04.12 13:34:08.291,8.19822,8.20055,1.00,1.00
2016.04.12 13:34:08.649,8.19887,8.20055,1.00,1.00
2016.04.12 13:34:09.565,8.19914,8.20065,1.00,1.00
2016.04.12 13:34:09.919,8.19915,8.20032,1.00,1.00
2016.04.12 13:34:10.070,8.199,8.20032,1.00,1.00
2016.04.12 13:34:10.172,8.19917,8.20032,1.00,1.00
2016.04.12 13:34:10.305,8.19818,8.20018,1.00,1.00
2016.04.12 13:34:10.421,8.19784,8.20018,1.00,1.00
2016.04.12 13:34:10.721,8.1987,8.20018,1.00,1.00
2016.04.12 13:34:11.056,8.19913,8.19995,1.00,1.00
2016.04.12 13:34:11.107,8.19913,8.20009,1.00,1.00
2016.04.12 13:34:12.250,8.19835,8.20009,1.00,1.00
2016.04.12 13:34:12.406,8.19784,8.20009,1.00,1.00
2016.04.12 13:34:12.507,8.19784,8.20009,1.00,1.07
2016.04.12 13:34:12.810,8.19875,8.20009,1.00,1.07
2016.04.12 13:34:13.113,8.19912,8.20009,1.00,1.07
2016.04.12 13:34:13.637,8.19912,8.19995,1.00,1.00
2016.04.12 13:34:13.966,8.19905,8.19995,1.00,1.75
2016.04.12 13:34:14.345,8.1982,8.19995,1.00,1.75
2016.04.12 13:34:14.462,8.19784,8.19995,1.00,1.75
2016.04.12 13:34:14.513,8.19743,8.1999,1.00,1.75
2016.04.12 13:34:14.615,8.19863,8.1999,1.00,1.75
2016.04.12 13:34:14.921,8.19896,8.1999,1.00,1.75
2016.04.12 13:34:15.023,8.19904,8.19973,1.00,1.00
2016.04.12 13:34:15.174,8.19904,8.1996,1.00,1.00
2016.04.12 13:34:16.068,8.19901,8.19945,1.00,1.00
2016.04.12 13:34:17.344,8.19882,8.19945,1.00,1.00
2016.04.12 13:34:17.446,8.1988,8.19945,1.00,1.00
2016.04.12 13:34:17.497,8.19878,8.19933,1.00,1.00
2016.04.12 13:34:17.548,8.19868,8.19933,1.00,1.00
2016.04.12 13:34:17.599,8.19861,8.1989,1.00,1.00
2016.04.12 13:34:18.038,8.1981,8.19844,1.00,1.60
2016.04.12 13:34:18.090,8.19795,8.19844,1.00,1.60
2016.04.12 13:34:18.242,8.19664,8.19809,1.37,1.00
2016.04.12 13:34:18.344,8.19664,8.19809,1.00,1.00
2016.04.12 13:34:18.395,8.19664,8.19853,1.00,1.00
2016.04.12 13:34:18.447,8.19664,8.19878,1.00,1.00
2016.04.12 13:34:18.599,8.19664,8.19889,1.00,1.00
2016.04.12 13:34:18.707,8.19687,8.19894,1.00,1.00
2016.04.12 13:34:19.047,8.19687,8.19894,1.00,1.75
2016.04.12 13:34:19.376,8.19687,8.19894,1.00,1.97
2016.04.12 13:34:19.531,8.19664,8.1989,1.75,1.00
2016.04.12 13:34:19.730,8.19715,8.1989,1.00,1.00
2016.04.12 13:34:20.034,8.19715,8.19908,1.00,1.00
2016.04.12 13:34:20.136,8.19715,8.19924,1.00,1.00
2016.04.12 13:34:20.315,8.19715,8.19924,1.00,1.60
2016.04.12 13:34:20.655,8.19721,8.19892,1.00,1.00
2016.04.12 13:34:20.895,8.19721,8.19911,1.00,1.00
2016.04.12 13:34:22.015,8.19721,8.19855,1.00,2.10
2016.04.12 13:34:22.117,8.19679,8.19855,1.00,2.10
2016.04.12 13:34:22.269,8.19664,8.19833,1.00,1.60
2016.04.12 13:34:22.320,8.19664,8.19833,1.00,1.00
2016.04.12 13:34:22.421,8.19664,8.19883,1.00,1.00
2016.04.12 13:34:22.472,8.19712,8.19883,1.00,1.00
2016.04.12 13:34:22.573,8.19712,8.19887,1.00,1.00
2016.04.12 13:34:22.722,8.19712,8.19919,1.00,1.67
2016.04.12 13:34:22.773,8.19712,8.19908,1.00,1.00
2016.04.12 13:34:23.076,8.19664,8.19868,1.00,1.00
2016.04.12 13:34:23.180,8.19706,8.19868,1.00,1.00
2016.04.12 13:34:23.565,8.19727,8.19889,1.00,1.00
2016.04.12 13:34:24.066,8.19727,8.19919,1.00,1.37
2016.04.12 13:34:25.276,8.19727,8.19893,1.00,1.00
2016.04.12 13:34:25.596,8.19727,8.1988,1.00,1.00
2016.04.12 13:34:25.647,8.19727,8.19897,1.00,1.00
2016.04.12 13:34:26.968,8.19727,8.19913,1.00,1.10
2016.04.12 13:34:27.222,8.19727,8.19937,1.00,1.37
2016.04.12 13:34:27.982,8.19727,8.19937,1.00,1.00
2016.04.12 13:34:28.774,8.19727,8.19937,1.00,1.60
2016.04.12 13:34:29.125,8.19727,8.19881,1.00,1.00
2016.04.12 13:34:29.564,8.19727,8.199,1.00,1.00
2016.04.12 13:34:32.078,8.19727,8.19915,1.00,1.67
2016.04.12 13:34:32.496,8.19727,8.19915,1.00,1.97
2016.04.12 13:34:32.715,8.19727,8.19915,1.00,1.67
2016.04.12 13:34:34.405,8.19727,8.199,1.00,1.00
2016.04.12 13:34:36.845,8.19727,8.19908,1.00,1.07
2016.04.12 13:34:37.098,8.19727,8.19908,1.00,1.37
2016.04.12 13:34:37.415,8.19727,8.1989,1.00,1.07
2016.04.12 13:34:37.672,8.19727,8.1991,1.00,1.37
2016.04.12 13:34:38.405,8.19727,8.1991,1.00,1.37
2016.04.12 13:34:39.810,8.19727,8.19889,1.00,1.00
2016.04.12 13:34:41.788,8.19727,8.199,1.00,1.07
2016.04.12 13:34:42.192,8.19727,8.199,1.00,1.10
2016.04.12 13:34:44.538,8.19727,8.19903,1.00,1.00
2016.04.12 13:34:44.888,8.19727,8.199,1.00,1.00
2016.04.12 13:34:45.214,8.19727,8.19892,1.00,1.07
2016.04.12 13:34:45.664,8.19727,8.19892,1.00,1.07
2016.04.12 13:34:45.933,8.19727,8.19892,1.00,1.00
2016.04.12 13:34:45.984,8.19727,8.19903,1.00,1.07
2016.04.12 13:34:46.237,8.19723,8.1993,1.00,1.00
2016.04.12 13:34:46.288,8.19712,8.1993,1.00,1.00
2016.04.12 13:34:46.404,8.19712,8.19939,1.00,1.00
2016.04.12 13:34:46.505,8.19722,8.19939,1.00,1.00
2016.04.12 13:34:46.606,8.19712,8.19939,1.00,1.00
2016.04.12 13:34:46.808,8.19708,8.19939,1.00,1.00
2016.04.12 13:34:47.041,8.19756,8.19939,1.00,1.00
2016.04.12 13:34:50.685,8.19756,8.19927,1.00,1.00
2016.04.12 13:34:51.022,8.19756,8.19925,1.00,1.37
2016.04.12 13:34:51.173,8.19756,8.19923,1.00,1.00
2016.04.12 13:34:51.275,8.19756,8.19922,1.00,1.37
2016.04.12 13:34:51.376,8.19733,8.19922,1.00,1.37
2016.04.12 13:34:51.427,8.19733,8.19922,1.00,1.37
2016.04.12 13:34:52.451,8.19735,8.19959,1.00,1.75
2016.04.12 13:34:52.501,8.19755,8.19959,1.00,1.00
2016.04.12 13:34:52.552,8.19755,8.19971,1.00,1.12
2016.04.12 13:34:52.603,8.19755,8.19971,1.00,1.00
2016.04.12 13:34:52.704,8.19755,8.19983,1.00,1.37
2016.04.12 13:34:52.892,8.19755,8.19957,1.00,1.00
2016.04.12 13:34:53.210,8.19755,8.19931,1.00,1.37
2016.04.12 13:34:53.475,8.19755,8.1993,1.00,1.07
2016.04.12 13:34:53.931,8.19755,8.1993,1.00,1.07
2016.04.12 13:34:55.608,8.19755,8.19931,1.00,1.00
2016.04.12 13:34:55.659,8.19755,8.19943,1.00,1.07
2016.04.12 13:34:55.839,8.19755,8.19943,1.00,1.00
2016.04.12 13:34:55.992,8.19755,8.19976,1.00,1.37
2016.04.12 13:34:56.043,8.19755,8.19976,1.00,1.00
2016.04.12 13:34:56.224,8.19755,8.19976,1.00,1.37
2016.04.12 13:34:56.796,8.19775,8.19976,1.00,1.37
2016.04.12 13:34:56.880,8.19743,8.19976,1.00,1.37
2016.04.12 13:34:56.931,8.19743,8.19976,1.00,1.07
2016.04.12 13:34:57.032,8.19775,8.19976,1.00,1.00
2016.04.12 13:34:58.563,8.19775,8.19993,1.00,1.07
2016.04.12 13:34:59.111,8.19775,8.20012,1.00,1.37
2016.04.12 13:34:59.433,8.19775,8.20012,1.00,1.07
2016.04.12 13:34:59.817,8.19771,8.20012,1.00,1.07
2016.04.12 13:35:01.174,8.19771,8.20012,1.00,1.00
2016.04.12 13:35:03.354,8.19771,8.20001,1.00,1.00
2016.04.12 13:35:03.735,8.19774,8.20001,1.00,1.00
2016.04.12 13:35:04.154,8.19774,8.19987,1.00,1.00
2016.04.12 13:35:04.705,8.19774,8.19987,1.00,1.37
2016.04.12 13:35:04.806,8.19764,8.19987,1.50,1.37
2016.04.12 13:35:05.702,8.19764,8.19998,1.50,1.00
2016.04.12 13:35:05.909,8.19764,8.19998,1.50,1.75
2016.04.12 13:35:06.897,8.19764,8.19946,1.00,1.00
2016.04.12 13:35:07.245,8.19764,8.19961,1.00,1.37
2016.04.12 13:35:07.852,8.19764,8.19934,1.00,1.00
2016.04.12 13:35:08.160,8.19764,8.19934,1.00,1.75
2016.04.12 13:35:08.217,8.19764,8.19934,1.00,1.00
2016.04.12 13:35:08.316,8.19745,8.19934,1.00,1.00
2016.04.12 13:35:09.196,8.19745,8.19902,1.00,1.00
2016.04.12 13:35:09.289,8.19745,8.19909,1.00,1.00
2016.04.12 13:35:09.340,8.19745,8.19909,1.00,1.12
2016.04.12 13:35:09.666,8.19745,8.19875,1.00,1.00
2016.04.12 13:35:09.852,8.19745,8.19909,1.00,1.00
2016.04.12 13:35:10.311,8.19745,8.19895,1.00,1.00
2016.04.12 13:35:10.412,8.19724,8.19895,1.00,1.00
2016.04.12 13:35:10.514,8.1969,8.19881,1.00,1.00
2016.04.12 13:35:10.565,8.19721,8.19881,1.00,1.00
2016.04.12 13:35:10.817,8.19721,8.19903,1.00,1.37
2016.04.12 13:35:11.329,8.19721,8.1991,1.00,1.07
2016.04.12 13:35:11.656,8.19721,8.19911,1.00,1.00
2016.04.12 13:35:11.856,8.19721,8.19906,1.00,1.00
2016.04.12 13:35:12.027,8.19721,8.19911,1.00,1.00
2016.04.12 13:35:12.558,8.19721,8.19915,1.00,1.07
2016.04.12 13:35:16.647,8.19721,8.19904,1.00,1.00
2016.04.12 13:35:17.020,8.19721,8.19883,1.00,1.00
2016.04.12 13:35:17.323,8.19721,8.19887,1.00,1.07
2016.04.12 13:35:18.891,8.19721,8.19887,1.00,1.00
2016.04.12 13:35:20.340,8.19721,8.19895,1.00,1.37
2016.04.12 13:35:20.646,8.19721,8.19895,1.00,1.10
2016.04.12 13:35:24.848,8.19721,8.19902,1.00,1.67
2016.04.12 13:35:24.899,8.19702,8.19873,1.00,1.00
2016.04.12 13:35:24.950,8.19702,8.19868,1.00,1.27
2016.04.12 13:35:25.051,8.19665,8.19867,1.00,1.07
2016.04.12 13:35:25.153,8.19664,8.19853,1.00,1.60
2016.04.12 13:35:25.455,8.19643,8.19825,1.00,1.00
2016.04.12 13:35:25.506,8.19643,8.19819,1.00,1.37
2016.04.12 13:35:25.557,8.19591,8.19819,1.00,1.37
2016.04.12 13:35:26.271,8.19591,8.19803,1.00,1.00
2016.04.12 13:35:26.372,8.19591,8.19825,1.00,1.87
2016.04.12 13:35:27.562,8.19591,8.19809,1.00,1.00
2016.04.12 13:35:28.087,8.19591,8.19824,1.00,1.07
2016.04.12 13:35:29.329,8.19591,8.19797,1.00,1.00
2016.04.12 13:35:29.480,8.19553,8.19797,1.00,1.07
2016.04.12 13:35:30.841,8.19553,8.1978,1.00,1.00
2016.04.12 13:35:31.194,8.19553,8.19776,1.00,1.00
2016.04.12 13:35:31.434,8.19553,8.198,1.00,1.12
2016.04.12 13:35:31.586,8.19553,8.198,1.00,1.00
2016.04.12 13:35:32.224,8.19553,8.198,1.00,1.37
2016.04.12 13:35:32.729,8.19553,8.19777,1.00,1.00
2016.04.12 13:35:32.830,8.19553,8.19795,1.00,1.37
2016.04.12 13:35:32.881,8.19553,8.19795,1.00,1.75
2016.04.12 13:35:32.982,8.19553,8.19795,1.00,1.00
2016.04.12 13:35:33.037,8.19553,8.19782,1.00,1.00
2016.04.12 13:35:33.434,8.19511,8.19759,1.75,1.00
2016.04.12 13:35:35.637,8.19511,8.19759,1.75,1.00
2016.04.12 13:35:35.979,8.19554,8.198,1.00,1.50
2016.04.12 13:35:36.926,8.19554,8.198,1.00,1.87
2016.04.12 13:35:37.916,8.19554,8.19786,1.00,1.00
2016.04.12 13:35:38.170,8.19517,8.19761,1.37,1.00
2016.04.12 13:35:38.687,8.19517,8.19761,1.07,1.00
2016.04.12 13:35:39.805,8.19517,8.19761,1.00,1.00
2016.04.12 13:35:40.142,8.19517,8.19761,1.07,1.00
2016.04.12 13:35:40.696,8.19517,8.19761,1.37,1.00
2016.04.12 13:35:40.999,8.19517,8.19764,1.37,1.00
2016.04.12 13:35:41.151,8.19563,8.19801,1.00,1.07
2016.04.12 13:35:45.339,8.19563,8.19778,1.00,1.00
2016.04.12 13:35:45.662,8.19563,8.19777,1.00,1.07
2016.04.12 13:35:46.829,8.19563,8.19778,1.00,1.00
2016.04.12 13:35:47.398,8.19563,8.19771,1.00,1.00
2016.04.12 13:35:49.206,8.19563,8.19778,1.00,1.07
2016.04.12 13:35:52.106,8.19563,8.19778,1.00,1.00
2016.04.12 13:35:52.258,8.19563,8.19802,1.00,2.47
2016.04.12 13:35:52.399,8.19597,8.19802,1.00,1.87
2016.04.12 13:35:52.450,8.19597,8.19802,1.00,1.57
2016.04.12 13:35:52.660,8.19597,8.19802,1.00,1.00
2016.04.12 13:35:53.065,8.19597,8.19818,1.00,1.07
2016.04.12 13:35:53.451,8.19597,8.19803,1.00,1.00
2016.04.12 13:35:54.298,8.19597,8.1977,1.00,1.00
2016.04.12 13:35:54.617,8.19597,8.19726,1.00,1.00
2016.04.12 13:35:54.668,8.19563,8.19726,1.00,1.00
2016.04.12 13:35:54.927,8.19557,8.19726,1.00,1.00
2016.04.12 13:35:55.668,8.19557,8.19755,1.00,1.00
2016.04.12 13:35:56.790,8.19526,8.19755,1.00,1.00
2016.04.12 13:35:58.169,8.19526,8.19755,1.00,1.12
2016.04.12 13:35:58.482,8.19514,8.19689,1.50,1.00
2016.04.12 13:35:59.199,8.19514,8.19749,1.00,1.37
2016.04.12 13:35:59.300,8.19547,8.19749,1.00,1.00
2016.04.12 13:35:59.503,8.19547,8.19761,1.00,1.00
2016.04.12 13:36:00.320,8.19547,8.19644,1.00,1.00
2016.04.12 13:36:00.528,8.19527,8.19644,1.00,1.00
2016.04.12 13:36:00.579,8.1951,8.19732,1.00,1.00
2016.04.12 13:36:01.569,8.1951,8.19732,1.00,1.37
2016.04.12 13:36:01.770,8.19475,8.19692,1.00,1.00
2016.04.12 13:36:01.922,8.19454,8.19687,1.00,1.00
2016.04.12 13:36:02.023,8.19439,8.19687,1.00,1.00
2016.04.12 13:36:02.125,8.19439,8.19681,1.00,1.00
2016.04.12 13:36:02.548,8.19439,8.19672,1.00,1.00
2016.04.12 13:36:02.860,8.1939,8.19613,1.00,1.00
2016.04.12 13:36:03.165,8.1939,8.19613,1.00,1.07
2016.04.12 13:36:03.502,8.1939,8.19513,1.00,1.00
2016.04.12 13:36:03.604,8.1939,8.19572,1.00,1.10
2016.04.12 13:36:04.313,8.19371,8.19572,1.00,1.10
2016.04.12 13:36:04.414,8.19349,8.19572,1.00,1.00
2016.04.12 13:36:04.617,8.19349,8.19572,1.00,1.12
2016.04.12 13:36:04.962,8.19349,8.19558,1.00,1.00
2016.04.12 13:36:05.908,8.19349,8.19565,1.00,1.07
2016.04.12 13:36:06.289,8.19349,8.19514,1.00,1.00
2016.04.12 13:36:06.548,8.19329,8.19514,1.00,1.00
2016.04.12 13:36:06.599,8.19307,8.19514,1.00,1.00
2016.04.12 13:36:07.613,8.19307,8.19531,1.00,1.07
2016.04.12 13:36:07.714,8.19307,8.19531,1.00,1.00
2016.04.12 13:36:08.717,8.19307,8.19545,1.00,1.00
2016.04.12 13:36:09.430,8.19307,8.19555,1.00,1.00
2016.04.12 13:36:10.415,8.19307,8.19555,1.37,1.00
2016.04.12 13:36:10.980,8.19311,8.19555,1.00,1.00
2016.04.12 13:36:11.031,8.19307,8.19555,1.00,1.00
2016.04.12 13:36:11.082,8.19307,8.19555,1.75,1.00
2016.04.12 13:36:11.335,8.19345,8.19592,1.75,1.00
2016.04.12 13:36:12.106,8.19345,8.19592,1.00,1.00
2016.04.12 13:36:12.787,8.19345,8.19547,1.00,1.00
2016.04.12 13:36:13.989,8.19345,8.19583,1.00,1.07
2016.04.12 13:36:14.195,8.19345,8.19583,1.00,1.00
2016.04.12 13:36:15.090,8.19345,8.19592,1.00,1.00
2016.04.12 13:36:17.800,8.19345,8.19587,1.00,1.00
2016.04.12 13:36:18.065,8.19345,8.19592,1.00,1.00
2016.04.12 13:36:20.719,8.19376,8.19624,1.00,1.00
2016.04.12 13:36:22.113,8.19376,8.19624,1.07,1.00
2016.04.12 13:36:23.876,8.19376,8.19624,1.00,1.00
2016.04.12 13:36:26.047,8.19379,8.19624,1.07,1.00
2016.04.12 13:36:26.723,8.19379,8.19624,1.00,1.00
2016.04.12 13:36:27.104,8.19376,8.19624,1.00,1.00
2016.04.12 13:36:27.578,8.19376,8.19624,1.07,1.00
2016.04.12 13:36:27.933,8.19412,8.1966,1.00,1.00
2016.04.12 13:36:28.956,8.19417,8.1966,1.00,1.00
2016.04.12 13:36:30.227,8.19454,8.1968,1.00,1.00
2016.04.12 13:36:30.278,8.19454,8.19695,1.00,1.07
2016.04.12 13:36:31.335,8.19454,8.19702,1.00,1.00
2016.04.12 13:36:32.745,8.19454,8.19702,1.00,1.07
2016.04.12 13:36:33.116,8.19454,8.19697,1.00,1.37
2016.04.12 13:36:33.636,8.19454,8.19686,1.00,1.00
2016.04.12 13:36:33.865,8.19454,8.19686,1.00,1.37
2016.04.12 13:36:35.395,8.19454,8.19684,1.00,1.75
2016.04.12 13:36:35.957,8.19454,8.19668,1.00,1.75
2016.04.12 13:36:36.265,8.19454,8.19651,1.00,1.75
2016.04.12 13:36:36.468,8.19413,8.19651,1.00,1.75
2016.04.12 13:36:36.718,8.19415,8.19644,1.00,1.75
2016.04.12 13:36:36.769,8.19413,8.19622,1.00,1.37
2016.04.12 13:36:36.826,8.19377,8.19622,1.00,1.37
2016.04.12 13:36:37.078,8.19377,8.19622,1.00,1.75
2016.04.12 13:36:37.601,8.19377,8.19622,1.00,1.37
2016.04.12 13:36:39.710,8.19377,8.19606,1.00,1.37
2016.04.12 13:36:40.056,8.19363,8.19589,1.00,1.37
2016.04.12 13:36:40.107,8.19353,8.19589,1.00,1.37
2016.04.12 13:36:40.439,8.19363,8.19589,1.00,1.37
2016.04.12 13:36:40.642,8.19354,8.19584,1.00,1.07
2016.04.12 13:36:40.862,8.19341,8.19589,1.00,1.37
2016.04.12 13:36:41.041,8.19341,8.19589,1.00,1.75
2016.04.12 13:36:41.542,8.19375,8.19574,1.00,1.37
2016.04.12 13:36:41.593,8.19375,8.19574,1.00,1.00
2016.04.12 13:36:41.694,8.19375,8.19589,1.00,1.00
2016.04.12 13:36:42.317,8.19375,8.19589,1.37,1.00
2016.04.12 13:36:42.545,8.19379,8.19609,1.37,1.00
2016.04.12 13:36:42.596,8.19379,8.19623,1.37,1.00
2016.04.12 13:36:42.757,8.19398,8.19623,1.00,1.00
2016.04.12 13:36:42.811,8.19398,8.19627,1.00,1.00
2016.04.12 13:36:43.785,8.19422,8.1967,1.00,1.00
2016.04.12 13:36:43.836,8.19426,8.1967,1.00,1.00
2016.04.12 13:36:44.654,8.19422,8.1967,1.00,1.00
2016.04.12 13:36:44.755,8.19422,8.1967,1.75,1.00
2016.04.12 13:36:44.857,8.19457,8.1969,1.00,1.00
2016.04.12 13:36:44.908,8.19457,8.19705,1.00,1.00
2016.04.12 13:36:46.109,8.19427,8.19668,1.00,1.00
2016.04.12 13:36:48.333,8.19422,8.19668,1.07,1.00
2016.04.12 13:36:48.958,8.19444,8.19668,1.12,1.00
2016.04.12 13:36:49.009,8.19464,8.19712,1.00,1.00
2016.04.12 13:36:49.061,8.19464,8.19712,1.75,1.00
2016.04.12 13:36:49.163,8.19464,8.19712,1.00,1.00
2016.04.12 13:36:49.316,8.19464,8.19698,1.00,1.00
2016.04.12 13:36:49.624,8.19464,8.19658,1.00,1.00
2016.04.12 13:36:49.877,8.19464,8.19712,1.00,1.37
2016.04.12 13:36:49.928,8.19464,8.19712,1.00,1.00
2016.04.12 13:36:51.801,8.19464,8.1971,1.00,1.00
2016.04.12 13:36:53.540,8.19464,8.19712,1.00,1.00
2016.04.12 13:36:53.692,8.19509,8.19741,1.00,1.00
2016.04.12 13:36:54.862,8.19509,8.19755,1.00,1.00
2016.04.12 13:36:55.013,8.19559,8.19806,1.00,1.00
2016.04.12 13:36:55.514,8.19559,8.19806,1.00,1.07
2016.04.12 13:36:55.565,8.19559,8.19749,1.00,1.00
2016.04.12 13:36:55.895,8.19559,8.19806,1.00,1.00
2016.04.12 13:36:57.060,8.19559,8.19806,1.00,1.07
2016.04.12 13:36:57.828,8.19597,8.19813,1.00,1.00
2016.04.12 13:36:58.080,8.19597,8.19837,1.00,1.00
2016.04.12 13:36:58.304,8.1956,8.19808,1.00,1.00
2016.04.12 13:36:58.505,8.1956,8.198,1.00,1.00
2016.04.12 13:36:58.709,8.19524,8.19772,1.00,1.00
2016.04.12 13:36:59.914,8.19572,8.19805,1.00,1.00
2016.04.12 13:37:00.066,8.19572,8.1982,1.00,1.00
2016.04.12 13:37:00.168,8.19572,8.1982,1.00,1.75
2016.04.12 13:37:00.506,8.19572,8.19804,1.00,1.37
2016.04.12 13:37:00.809,8.19572,8.19804,1.00,1.00
2016.04.12 13:37:00.860,8.19572,8.1982,1.00,1.00
2016.04.12 13:37:01.164,8.19572,8.19801,1.00,1.00
2016.04.12 13:37:02.170,8.19572,8.19816,1.00,1.00
2016.04.12 13:37:02.356,8.19572,8.1982,1.00,1.00
2016.04.12 13:37:03.073,8.19572,8.19809,1.00,1.00
2016.04.12 13:37:03.374,8.19572,8.19805,1.00,1.07
2016.04.12 13:37:03.686,8.19572,8.19805,1.00,1.75
2016.04.12 13:37:04.026,8.19572,8.19809,1.00,1.00
2016.04.12 13:37:04.346,8.19572,8.1982,1.00,1.00
2016.04.12 13:37:04.870,8.19572,8.1982,1.00,1.75
2016.04.12 13:37:05.428,8.19572,8.19814,1.00,1.00
2016.04.12 13:37:05.889,8.19572,8.1982,1.00,1.00
2016.04.12 13:37:05.940,8.19608,8.19839,1.00,1.00
2016.04.12 13:37:06.307,8.19608,8.19827,1.00,1.00
2016.04.12 13:37:06.460,8.19608,8.19842,1.00,1.00
2016.04.12 13:37:06.987,8.19608,8.19842,1.00,1.37
2016.04.12 13:37:07.095,8.19608,8.19842,1.00,1.00
2016.04.12 13:37:07.155,8.19608,8.19856,1.00,1.12
2016.04.12 13:37:08.160,8.19651,8.19852,1.00,1.07
2016.04.12 13:37:08.301,8.19651,8.19863,1.00,1.00
2016.04.12 13:37:08.402,8.19651,8.19881,1.00,1.37
2016.04.12 13:37:08.635,8.19651,8.19878,1.00,1.75
2016.04.12 13:37:08.946,8.19651,8.19784,1.00,1.00
2016.04.12 13:37:09.148,8.19614,8.19766,1.00,1.00
2016.04.12 13:37:09.276,8.19614,8.19749,1.00,1.00
2016.04.12 13:37:09.582,8.19582,8.19749,1.00,1.00
2016.04.12 13:37:09.633,8.19582,8.19823,1.00,1.37
2016.04.12 13:37:09.845,8.19582,8.19823,1.00,1.00
2016.04.12 13:37:10.616,8.19582,8.19823,1.00,1.37
2016.04.12 13:37:11.150,8.19582,8.19823,1.00,1.00
2016.04.12 13:37:11.353,8.19542,8.1979,1.00,1.00
2016.04.12 13:37:11.462,8.19579,8.19825,1.00,1.00
2016.04.12 13:37:11.788,8.19628,8.19862,1.00,1.00
2016.04.12 13:37:11.839,8.19628,8.19867,1.00,1.00
2016.04.12 13:37:11.940,8.19628,8.19874,1.00,1.00
2016.04.12 13:37:13.037,8.19628,8.19864,1.00,1.00
2016.04.12 13:37:13.189,8.19578,8.19825,1.50,1.00
2016.04.12 13:37:13.394,8.19611,8.19825,1.00,1.00
2016.04.12 13:37:13.915,8.19611,8.19819,1.00,1.00
2016.04.12 13:37:13.966,8.19579,8.19819,1.00,1.00
2016.04.12 13:37:14.117,8.19578,8.19819,1.00,1.75
2016.04.12 13:37:14.230,8.19519,8.19766,1.00,1.00
2016.04.12 13:37:14.482,8.19521,8.19766,1.00,1.00
2016.04.12 13:37:14.685,8.19567,8.19815,1.00,1.00
2016.04.12 13:37:14.786,8.19567,8.19807,1.00,1.00
2016.04.12 13:37:15.158,8.19567,8.19792,1.00,1.00
2016.04.12 13:37:15.259,8.19567,8.19806,1.00,1.00
2016.04.12 13:37:15.556,8.19567,8.19815,1.00,1.00
2016.04.12 13:37:19.305,8.19599,8.19844,1.00,1.00
2016.04.12 13:37:19.967,8.19599,8.19847,1.00,1.00
2016.04.12 13:37:20.584,8.19599,8.19837,1.00,1.00
2016.04.12 13:37:20.786,8.19599,8.19847,1.00,1.00
2016.04.12 13:37:20.888,8.19649,8.19864,1.00,1.00
2016.04.12 13:37:20.989,8.19649,8.19892,1.00,1.00
2016.04.12 13:37:21.152,8.19649,8.19892,1.00,1.75
2016.04.12 13:37:22.139,8.19649,8.19875,1.00,1.00
2016.04.12 13:37:23.155,8.19649,8.19891,1.00,1.00
2016.04.12 13:37:23.207,8.19649,8.19895,1.00,1.00
2016.04.12 13:37:23.415,8.19649,8.19897,1.00,1.00
2016.04.12 13:37:23.800,8.19693,8.19918,1.00,1.00
2016.04.12 13:37:24.175,8.19693,8.19938,1.00,1.00
2016.04.12 13:37:24.339,8.19693,8.1994,1.00,1.00
2016.04.12 13:37:24.592,8.19736,8.19944,1.00,1.00
2016.04.12 13:37:24.808,8.19736,8.19964,1.00,1.00
2016.04.12 13:37:25.011,8.19738,8.19964,1.00,1.00
2016.04.12 13:37:25.086,8.19738,8.19983,1.00,1.00
2016.04.12 13:37:25.289,8.19779,8.19992,1.00,1.00
2016.04.12 13:37:25.390,8.19779,8.20016,1.00,1.00
2016.04.12 13:37:26.455,8.19779,8.20027,1.00,1.50
2016.04.12 13:37:26.708,8.19829,8.20041,1.00,1.00
2016.04.12 13:37:26.838,8.19829,8.20049,1.00,1.00
2016.04.12 13:37:26.890,8.19782,8.20027,1.00,1.00
2016.04.12 13:37:28.553,8.19782,8.2001,1.00,1.00
2016.04.12 13:37:29.126,8.19782,8.20009,1.00,1.00
2016.04.12 13:37:30.219,8.19782,8.19989,1.00,1.00
2016.04.12 13:37:30.506,8.19738,8.19974,1.00,1.00
2016.04.12 13:37:31.065,8.19738,8.19984,1.00,1.00
2016.04.12 13:37:31.426,8.19773,8.19994,1.00,1.00
2016.04.12 13:37:32.197,8.19773,8.20007,1.00,1.07
2016.04.12 13:37:32.406,8.19773,8.20021,1.00,1.50
2016.04.12 13:37:32.647,8.1981,8.20021,1.00,1.00
2016.04.12 13:37:32.842,8.19823,8.20038,1.00,1.00
2016.04.12 13:37:32.994,8.19823,8.20056,1.00,1.00
2016.04.12 13:37:33.985,8.1981,8.20056,1.07,1.00
2016.04.12 13:37:34.126,8.1981,8.20056,1.00,1.00
2016.04.12 13:37:34.334,8.1983,8.20056,1.00,1.00
2016.04.12 13:37:34.638,8.1983,8.20042,1.00,1.00
2016.04.12 13:37:34.694,8.1983,8.20056,1.00,1.00
2016.04.12 13:37:35.409,8.19824,8.20056,1.00,1.00
2016.04.12 13:37:36.588,8.19859,8.20056,1.00,1.00
2016.04.12 13:37:36.941,8.19859,8.20041,1.00,1.00
2016.04.12 13:37:37.153,8.19859,8.20054,1.00,1.00
2016.04.12 13:37:37.374,8.19859,8.20039,1.00,1.00
2016.04.12 13:37:37.592,8.19805,8.20021,1.00,1.00
2016.04.12 13:37:37.794,8.19805,8.20012,1.00,1.00
2016.04.12 13:37:38.678,8.19805,8.20002,1.00,1.00
2016.04.12 13:37:38.729,8.19787,8.20002,1.00,1.00
2016.04.12 13:37:38.780,8.19787,8.19987,1.00,1.00
2016.04.12 13:37:39.810,8.19769,8.19987,1.00,1.00
2016.04.12 13:37:40.436,8.19769,8.19972,1.00,1.00
2016.04.12 13:37:40.537,8.19769,8.19985,1.00,1.00
2016.04.12 13:37:41.098,8.1977,8.19989,1.00,1.00
2016.04.12 13:37:41.250,8.19778,8.20012,1.00,1.60
2016.04.12 13:37:42.417,8.19778,8.20026,1.07,1.60
2016.04.12 13:37:42.619,8.19778,8.2002,1.00,1.60
2016.04.12 13:37:43.615,8.19778,8.19985,1.00,1.00
2016.04.12 13:37:43.703,8.19769,8.19985,1.00,1.00
2016.04.12 13:37:43.854,8.19769,8.19976,1.00,1.00
2016.04.12 13:37:43.956,8.19769,8.19991,1.00,1.00
2016.04.12 13:37:44.570,8.19769,8.19969,1.00,1.00
2016.04.12 13:37:44.621,8.19743,8.19969,1.00,1.00
2016.04.12 13:37:44.722,8.19743,8.19991,1.00,1.00
2016.04.12 13:37:45.137,8.19755,8.19991,1.00,1.00
2016.04.12 13:37:46.916,8.19755,8.19979,1.00,1.00
2016.04.12 13:37:47.336,8.19755,8.19969,1.00,1.00
2016.04.12 13:37:47.422,8.19743,8.19969,1.00,1.00
2016.04.12 13:37:48.784,8.19743,8.19991,1.00,1.00
2016.04.12 13:37:48.886,8.19762,8.19991,1.00,1.00
2016.04.12 13:37:49.334,8.19762,8.19988,1.00,1.00
2016.04.12 13:37:49.986,8.19743,8.19988,1.00,1.00
2016.04.12 13:37:52.130,8.19743,8.19991,1.00,1.00
2016.04.12 13:37:52.181,8.19792,8.19991,1.00,1.00
2016.04.12 13:37:52.384,8.19792,8.20011,1.00,1.60
2016.04.12 13:37:52.554,8.19792,8.20013,1.00,1.00
2016.04.12 13:37:52.709,8.19792,8.20033,1.00,1.50
2016.04.12 13:37:52.861,8.19785,8.20033,1.00,1.00
2016.04.12 13:37:53.071,8.19785,8.20033,1.07,1.00
2016.04.12 13:37:53.593,8.19785,8.20033,1.00,1.00
2016.04.12 13:37:53.823,8.19785,8.20033,1.37,1.00
2016.04.12 13:37:54.158,8.19802,8.20033,1.00,1.00
2016.04.12 13:37:54.617,8.19802,8.20033,1.37,1.00
2016.04.12 13:37:54.958,8.19837,8.20053,1.00,1.00
2016.04.12 13:37:55.110,8.19837,8.20085,1.00,1.00
2016.04.12 13:37:55.368,8.19895,8.20085,1.00,1.00
2016.04.12 13:37:56.547,8.19837,8.20085,1.37,1.00
2016.04.12 13:37:56.854,8.19856,8.20085,1.00,1.00
2016.04.12 13:37:57.294,8.19856,8.20085,1.07,1.00
2016.04.12 13:37:59.908,8.1989,8.20105,1.00,1.00
2016.04.12 13:37:59.959,8.1989,8.20114,1.00,1.00
2016.04.12 13:38:00.017,8.1989,8.20129,1.00,1.00
2016.04.12 13:38:00.068,8.1989,8.20137,1.00,1.50
2016.04.12 13:38:00.587,8.1989,8.20124,1.00,1.00
2016.04.12 13:38:00.897,8.1989,8.20137,1.00,1.00
2016.04.12 13:38:00.998,8.1989,8.20123,1.00,1.00
2016.04.12 13:38:01.312,8.19874,8.20103,1.00,1.00
2016.04.12 13:38:01.363,8.19856,8.20103,2.25,1.00
2016.04.12 13:38:01.625,8.19864,8.20096,1.00,1.00
2016.04.12 13:38:02.107,8.19864,8.20089,1.00,1.00
2016.04.12 13:38:02.472,8.19864,8.20096,1.00,1.00
2016.04.12 13:38:03.744,8.19864,8.20093,1.00,1.00
2016.04.12 13:38:04.097,8.19863,8.20103,1.00,2.10
2016.04.12 13:38:04.708,8.19863,8.20103,1.07,1.00
2016.04.12 13:38:05.032,8.19897,8.20131,1.00,1.00
2016.04.12 13:38:05.575,8.19897,8.2013,1.00,1.00
2016.04.12 13:38:06.107,8.19897,8.20131,1.00,1.00
2016.04.12 13:38:07.062,8.19897,8.20129,1.00,1.00
2016.04.12 13:38:07.406,8.19897,8.20143,1.00,1.00
2016.04.12 13:38:08.496,8.19897,8.20127,1.00,1.00
2016.04.12 13:38:11.578,8.19897,8.20133,1.00,1.00
2016.04.12 13:38:11.715,8.19897,8.20119,1.00,1.00
2016.04.12 13:38:12.213,8.19897,8.20131,1.00,1.00
2016.04.12 13:38:14.553,8.19897,8.2014,1.00,1.00
2016.04.12 13:38:14.605,8.19897,8.2013,1.00,1.00
2016.04.12 13:38:15.089,8.19897,8.2014,1.00,1.07
2016.04.12 13:38:15.190,8.19897,8.2014,1.00,1.00
2016.04.12 13:38:15.954,8.19897,8.20125,1.00,1.00
2016.04.12 13:38:16.299,8.19897,8.20102,1.00,1.00
2016.04.12 13:38:16.603,8.19856,8.20099,1.00,1.60
2016.04.12 13:38:16.654,8.19856,8.20088,1.00,1.00
2016.04.12 13:38:16.988,8.19935,8.20136,1.00,1.00
2016.04.12 13:38:17.140,8.19935,8.20175,1.00,1.00
2016.04.12 13:38:17.393,8.19935,8.20183,1.00,1.00
2016.04.12 13:38:18.601,8.19935,8.20162,1.00,1.00
2016.04.12 13:38:18.940,8.19935,8.20143,1.00,1.00
2016.04.12 13:38:19.303,8.19901,8.20143,1.00,1.00
2016.04.12 13:38:20.358,8.19901,8.20132,1.00,1.00
2016.04.12 13:38:20.685,8.19901,8.20121,1.00,1.00
2016.04.12 13:38:21.894,8.19901,8.20106,1.00,1.00
2016.04.12 13:38:22.223,8.19901,8.20117,1.00,1.00
2016.04.12 13:38:23.123,8.19901,8.20129,1.00,1.00
2016.04.12 13:38:23.212,8.19901,8.20115,1.00,1.00
2016.04.12 13:38:24.335,8.19866,8.20112,1.00,1.50
2016.04.12 13:38:25.314,8.19866,8.20107,1.00,1.00
2016.04.12 13:38:26.074,8.19866,8.20093,1.00,1.00
2016.04.12 13:38:26.383,8.19866,8.20086,1.00,1.00
2016.04.12 13:38:28.713,8.19866,8.20096,1.00,1.00
2016.04.12 13:38:28.934,8.19866,8.20107,1.00,1.00
2016.04.12 13:38:30.723,8.19866,8.20112,1.00,1.50
2016.04.12 13:38:30.924,8.19907,8.20112,1.00,1.00
2016.04.12 13:38:31.312,8.19907,8.20143,1.00,1.60
2016.04.12 13:38:31.363,8.19907,8.20143,1.00,1.00
2016.04.12 13:38:31.464,8.19907,8.20153,1.00,1.00
2016.04.12 13:38:31.540,8.19935,8.20153,1.00,1.00
2016.04.12 13:38:31.591,8.19949,8.20185,1.00,1.60
2016.04.12 13:38:32.790,8.19949,8.20197,1.00,1.00
2016.04.12 13:38:32.944,8.19985,8.20211,1.00,1.00
2016.04.12 13:38:33.046,8.19985,8.20215,1.00,1.00
2016.04.12 13:38:33.253,8.19985,8.20203,1.00,1.00
2016.04.12 13:38:33.772,8.19985,8.20193,1.00,1.00
2016.04.12 13:38:36.315,8.19985,8.20203,1.00,1.00
2016.04.12 13:38:36.495,8.19985,8.20207,1.00,1.00
2016.04.12 13:38:36.596,8.19985,8.20194,1.00,1.00
2016.04.12 13:38:38.702,8.20022,8.20194,1.00,1.00
2016.04.12 13:38:38.753,8.20022,8.20225,1.50,1.00
2016.04.12 13:38:38.862,8.20022,8.20248,1.50,1.60
2016.04.12 13:38:40.296,8.20022,8.20235,1.00,1.00
2016.04.12 13:38:41.330,8.20022,8.20249,1.00,1.60
2016.04.12 13:38:45.844,8.20022,8.20238,1.00,1.07
2016.04.12 13:38:46.095,8.20022,8.20238,1.00,1.00
2016.04.12 13:38:46.146,8.20022,8.20243,1.00,1.60
2016.04.12 13:38:46.430,8.20022,8.20228,1.00,1.37
2016.04.12 13:38:46.602,8.20022,8.20228,1.00,1.00
2016.04.12 13:38:47.382,8.20022,8.20225,1.00,1.60
2016.04.12 13:38:47.584,8.19988,8.20214,1.00,1.00
2016.04.12 13:38:47.635,8.19988,8.20199,1.00,1.00
2016.04.12 13:38:47.954,8.19988,8.20162,1.00,1.00
2016.04.12 13:38:48.305,8.19988,8.20162,1.00,1.75
2016.04.12 13:38:48.362,8.19988,8.20162,1.00,1.00
2016.04.12 13:38:49.436,8.19988,8.20176,1.00,1.00
2016.04.12 13:38:49.653,8.19988,8.20191,1.00,1.00
2016.04.12 13:38:51.293,8.19988,8.2017,1.00,1.00
2016.04.12 13:38:51.841,8.19988,8.20185,1.00,1.60
2016.04.12 13:39:03.954,8.19988,8.20197,1.00,1.00
2016.04.12 13:39:04.005,8.19992,8.20197,1.00,1.00
2016.04.12 13:39:04.308,8.20012,8.20242,1.00,1.60
2016.04.12 13:39:04.359,8.20012,8.20208,1.00,1.00
2016.04.12 13:39:04.469,8.20012,8.20246,1.00,1.60
2016.04.12 13:39:04.520,8.20024,8.20246,1.00,1.60
2016.04.12 13:39:04.870,8.20044,8.20246,1.00,1.60
2016.04.12 13:39:08.533,8.20044,8.20216,1.00,1.00
2016.04.12 13:39:11.082,8.20024,8.20225,1.00,1.60
2016.04.12 13:39:11.133,8.20008,8.20225,1.00,1.60
2016.04.12 13:39:11.340,8.20008,8.2021,1.00,1.00
2016.04.12 13:39:15.912,8.20008,8.202,1.00,1.00
2016.04.12 13:39:16.243,8.20008,8.20208,1.00,1.00
2016.04.12 13:39:18.920,8.20008,8.2021,1.00,1.50
2016.04.12 13:39:19.980,8.20008,8.20191,1.00,1.00
2016.04.12 13:39:20.361,8.20008,8.20182,1.00,1.00
2016.04.12 13:39:20.512,8.19988,8.20182,1.00,1.00
2016.04.12 13:39:20.563,8.19967,8.20182,1.00,1.00
2016.04.12 13:39:20.731,8.19967,8.20182,1.00,1.60
2016.04.12 13:39:21.612,8.19967,8.20161,1.00,1.00
2016.04.12 13:39:24.931,8.19967,8.20144,1.00,1.00
2016.04.12 13:39:25.083,8.19967,8.20158,1.00,1.00
2016.04.12 13:39:25.259,8.19967,8.20138,1.00,1.00
2016.04.12 13:39:29.772,8.19967,8.20135,1.00,1.00
2016.04.12 13:39:29.992,8.19967,8.20138,1.00,1.00
2016.04.12 13:39:30.324,8.19946,8.20136,1.00,1.00
2016.04.12 13:39:30.425,8.19925,8.20136,1.00,1.00
2016.04.12 13:39:31.313,8.19925,8.20138,1.00,1.00
2016.04.12 13:39:31.818,8.19968,8.20138,1.00,1.00
2016.04.12 13:39:33.184,8.19968,8.20189,1.00,1.60
2016.04.12 13:39:36.675,8.2001,8.20189,1.00,1.60
2016.04.12 13:39:39.063,8.2001,8.20189,1.00,1.00
2016.04.12 13:39:39.266,8.20047,8.20189,1.00,1.00
2016.04.12 13:39:39.892,8.20047,8.2024,1.00,1.60
2016.04.12 13:39:41.402,8.20047,8.2024,1.00,1.00
2016.04.12 13:39:41.453,8.20126,8.20292,1.00,1.00
2016.04.12 13:39:41.555,8.20126,8.2032,1.00,1.00
2016.04.12 13:39:41.757,8.20162,8.2032,1.00,1.00
2016.04.12 13:39:41.808,8.20162,8.20354,1.00,1.60
2016.04.12 13:39:46.532,8.20162,8.20366,1.00,1.00
2016.04.12 13:39:46.647,8.20162,8.20355,1.00,1.00
2016.04.12 13:39:46.900,8.20206,8.20425,1.00,1.00
2016.04.12 13:39:47.175,8.20206,8.20411,1.00,1.07
2016.04.12 13:39:47.487,8.20206,8.20391,1.00,1.97
2016.04.12 13:39:47.744,8.20163,8.20354,1.00,1.00
2016.04.12 13:39:47.846,8.20163,8.20374,1.00,1.00
2016.04.12 13:39:48.075,8.20206,8.20374,1.00,1.00
2016.04.12 13:39:48.221,8.20206,8.2041,1.00,1.72
2016.04.12 13:39:49.514,8.20206,8.20418,1.00,1.37
2016.04.12 13:39:49.565,8.20206,8.20418,1.00,1.10
2016.04.12 13:39:50.026,8.20206,8.20425,1.00,1.75
2016.04.12 13:39:50.077,8.20206,8.20425,1.00,1.00
2016.04.12 13:39:50.873,8.20241,8.20425,1.00,1.00
2016.04.12 13:39:51.419,8.20241,8.20458,1.00,1.00
2016.04.12 13:39:51.470,8.20241,8.20479,1.00,1.60
2016.04.12 13:39:51.521,8.20286,8.20479,1.00,1.60
2016.04.12 13:39:52.368,8.20286,8.20467,1.00,1.00
2016.04.12 13:39:52.551,8.20286,8.20481,1.00,1.60
2016.04.12 13:39:55.553,8.20286,8.20473,1.00,1.00
2016.04.12 13:39:55.654,8.20286,8.20505,1.00,1.00
2016.04.12 13:39:55.705,8.20322,8.2051,1.00,1.00
2016.04.12 13:39:55.756,8.20322,8.20524,1.00,1.00
2016.04.12 13:39:56.071,8.20322,8.20539,1.00,1.60
2016.04.12 13:39:57.099,8.20322,8.20523,1.00,1.00
2016.04.12 13:39:57.402,8.20358,8.20577,1.00,1.60
2016.04.12 13:39:58.231,8.20358,8.20577,1.00,1.00
2016.04.12 13:39:58.282,8.20358,8.20606,1.00,1.75
2016.04.12 13:39:58.333,8.20358,8.20606,1.00,1.00
2016.04.12 13:39:58.390,8.20394,8.20607,1.00,1.00
2016.04.12 13:39:58.762,8.20394,8.20601,1.00,1.00
2016.04.12 13:39:59.150,8.20394,8.20616,1.00,1.00
2016.04.12 13:39:59.378,8.20394,8.20602,1.00,1.00
2016.04.12 13:39:59.846,8.20394,8.20618,1.00,1.00
2016.04.12 13:40:00.292,8.20394,8.20616,1.00,1.00
2016.04.12 13:40:00.631,8.20394,8.20576,1.00,1.00
2016.04.12 13:40:02.775,8.20394,8.20566,1.00,1.00
2016.04.12 13:40:02.826,8.20374,8.20566,1.00,1.00
2016.04.12 13:40:02.927,8.2035,8.20566,1.00,1.00
2016.04.12 13:40:03.029,8.2035,8.20534,1.00,1.00
2016.04.12 13:40:03.159,8.2033,8.20534,1.00,1.00
2016.04.12 13:40:03.210,8.20315,8.20534,1.00,1.37
2016.04.12 13:40:03.311,8.20315,8.20534,1.00,1.00
2016.04.12 13:40:03.362,8.20315,8.20554,1.00,1.37
2016.04.12 13:40:03.413,8.20315,8.20554,1.00,1.75
2016.04.12 13:40:03.871,8.20315,8.20539,1.00,1.97
2016.04.12 13:40:04.134,8.20272,8.20496,1.00,1.00
2016.04.12 13:40:04.753,8.20272,8.20496,1.00,1.37
2016.04.12 13:40:04.855,8.20272,8.20496,1.00,1.00
2016.04.12 13:40:09.723,8.20301,8.20496,1.00,1.00
2016.04.12 13:40:09.774,8.20301,8.20528,1.00,1.60
2016.04.12 13:40:10.874,8.20301,8.20528,1.12,1.60
2016.04.12 13:40:11.083,8.20301,8.20528,1.07,1.60
2016.04.12 13:40:11.134,8.20336,8.20528,1.00,1.60
2016.04.12 13:40:11.610,8.203,8.20518,1.00,1.60
2016.04.12 13:40:12.062,8.203,8.20497,1.00,1.00
2016.04.12 13:40:12.365,8.203,8.20489,1.00,1.35
2016.04.12 13:40:12.544,8.203,8.20476,1.00,1.60
2016.04.12 13:40:13.201,8.2033,8.20476,1.00,1.60
2016.04.12 13:40:13.536,8.2033,8.20476,1.00,1.00
2016.04.12 13:40:13.587,8.20305,8.20539,1.00,1.75
2016.04.12 13:40:13.638,8.20333,8.20539,1.00,1.00
2016.04.12 13:40:13.790,8.20333,8.20548,1.00,1.00
2016.04.12 13:40:13.845,8.20345,8.20552,1.00,1.00
2016.04.12 13:40:13.997,8.20345,8.20593,1.00,1.00
2016.04.12 13:40:14.048,8.20352,8.20593,2.10,1.00
2016.04.12 13:40:14.149,8.20436,8.20684,1.00,1.75
2016.04.12 13:40:14.200,8.20436,8.20684,1.00,1.00
2016.04.12 13:40:14.251,8.20471,8.20695,1.00,1.12
2016.04.12 13:40:14.554,8.20471,8.2071,1.00,1.75
2016.04.12 13:40:14.605,8.20471,8.20708,1.00,1.07
2016.04.12 13:40:14.802,8.20471,8.20708,1.37,1.07
2016.04.12 13:40:14.853,8.20471,8.2071,1.37,1.00
2016.04.12 13:40:14.904,8.20471,8.20717,1.37,1.00
2016.04.12 13:40:14.955,8.20505,8.20753,1.00,1.00
2016.04.12 13:40:15.721,8.20505,8.20753,1.50,1.00
2016.04.12 13:40:15.873,8.20554,8.2079,1.00,1.00
2016.04.12 13:40:16.304,8.20542,8.2079,1.07,1.00
2016.04.12 13:40:16.818,8.20542,8.2079,1.00,1.00
2016.04.12 13:40:17.252,8.20542,8.2079,1.07,1.00
2016.04.12 13:40:18.865,8.20567,8.2079,1.00,1.00
2016.04.12 13:40:21.201,8.20542,8.2079,1.37,1.00
2016.04.12 13:40:21.622,8.20542,8.2076,1.37,1.00
2016.04.12 13:40:21.673,8.20542,8.2076,1.00,1.00
2016.04.12 13:40:21.788,8.20542,8.20746,1.00,1.00
2016.04.12 13:40:21.990,8.20506,8.20735,1.00,1.00
2016.04.12 13:40:22.041,8.20506,8.20696,1.00,1.00
2016.04.12 13:40:22.195,8.20452,8.20696,1.00,1.00
2016.04.12 13:40:22.246,8.20452,8.20675,1.00,1.00
2016.04.12 13:40:23.019,8.20452,8.20654,1.00,1.00
2016.04.12 13:40:24.479,8.20452,8.20676,1.00,1.00
2016.04.12 13:40:24.704,8.20452,8.20699,1.00,1.00
2016.04.12 13:40:24.806,8.20452,8.20693,1.00,1.00
2016.04.12 13:40:26.324,8.20452,8.20678,1.00,1.00
2016.04.12 13:40:26.789,8.20452,8.20662,1.00,1.00
2016.04.12 13:40:27.119,8.20452,8.20674,1.00,1.00
2016.04.12 13:40:27.326,8.20452,8.2066,1.00,1.00
2016.04.12 13:40:27.512,8.20416,8.20644,1.00,1.00
2016.04.12 13:40:28.290,8.20422,8.20644,1.00,1.00
2016.04.12 13:40:29.733,8.20422,8.20645,1.00,1.00
2016.04.12 13:40:30.081,8.20433,8.20662,1.00,1.00
2016.04.12 13:40:30.132,8.20452,8.20662,1.00,1.00
2016.04.12 13:40:31.079,8.20452,8.20669,1.00,1.00
2016.04.12 13:40:31.181,8.20468,8.20676,1.00,1.00
2016.04.12 13:40:31.484,8.20489,8.20709,1.00,1.00
2016.04.12 13:40:32.490,8.20511,8.20716,1.00,1.00
2016.04.12 13:40:32.831,8.20531,8.20709,1.00,1.00
2016.04.12 13:40:33.493,8.20531,8.20725,1.00,1.00
2016.04.12 13:40:33.952,8.20531,8.20746,1.00,1.00
2016.04.12 13:40:34.144,8.20531,8.20758,1.00,1.00
2016.04.12 13:40:34.602,8.20531,8.20774,1.00,1.00
2016.04.12 13:40:34.714,8.20565,8.20774,1.00,1.00
2016.04.12 13:40:35.047,8.20565,8.20789,1.00,1.00
2016.04.12 13:40:36.125,8.20565,8.20804,1.00,1.00
2016.04.12 13:40:36.588,8.20593,8.20804,1.00,1.00
2016.04.12 13:40:36.875,8.20593,8.20812,1.00,1.00
2016.04.12 13:40:36.976,8.20569,8.20812,1.00,1.00
2016.04.12 13:40:37.128,8.20608,8.20847,1.00,1.00
2016.04.12 13:40:37.470,8.20608,8.20836,1.00,1.00
2016.04.12 13:40:37.532,8.20608,8.20856,1.00,1.00
2016.04.12 13:40:37.583,8.2062,8.20856,1.00,1.00
2016.04.12 13:40:37.851,8.20642,8.2089,1.00,1.00
2016.04.12 13:40:38.104,8.20664,8.2089,1.00,1.00
2016.04.12 13:40:38.154,8.20683,8.20931,1.00,1.00
2016.04.12 13:40:38.824,8.20716,8.20964,1.00,1.00
2016.04.12 13:40:39.822,8.20716,8.20964,1.37,1.00
2016.04.12 13:40:40.148,8.20716,8.20964,1.00,1.00
2016.04.12 13:40:41.198,8.20716,8.20948,1.00,1.00
2016.04.12 13:40:41.249,8.2068,8.20928,1.07,1.00
2016.04.12 13:40:41.563,8.2068,8.20928,1.00,1.00
2016.04.12 13:40:41.613,8.2068,8.20914,1.00,1.00
2016.04.12 13:40:41.664,8.20647,8.20895,1.07,1.00
2016.04.12 13:40:42.127,8.20647,8.20895,1.75,1.00
2016.04.12 13:40:43.153,8.20647,8.20895,1.00,1.00
2016.04.12 13:40:44.457,8.20647,8.20889,1.00,1.00
2016.04.12 13:40:44.768,8.20647,8.20889,1.37,1.00
2016.04.12 13:40:45.123,8.20647,8.20889,1.10,1.00
2016.04.12 13:40:45.328,8.20647,8.20889,1.07,1.00
2016.04.12 13:40:45.758,8.20647,8.20895,1.07,1.00
2016.04.12 13:40:45.842,8.20647,8.20895,1.00,1.00
2016.04.12 13:40:46.062,8.20647,8.20895,1.07,1.00
2016.04.12 13:40:46.648,8.20647,8.20895,1.00,1.00
2016.04.12 13:40:46.978,8.20647,8.20889,1.00,1.00
2016.04.12 13:40:49.390,8.20647,8.20895,1.00,1.00
2016.04.12 13:40:49.544,8.20612,8.20838,1.00,1.00
2016.04.12 13:40:49.862,8.20576,8.20766,1.00,1.00
2016.04.12 13:40:50.063,8.20576,8.20791,1.00,1.00
2016.04.12 13:40:50.255,8.20576,8.20809,1.00,1.00
2016.04.12 13:40:50.556,8.20576,8.20806,1.00,1.00
2016.04.12 13:40:51.547,8.20583,8.20795,1.00,1.00
2016.04.12 13:40:52.492,8.20583,8.20774,1.00,1.00
2016.04.12 13:40:53.373,8.20583,8.20754,1.00,1.00
2016.04.12 13:40:53.593,8.20583,8.20764,1.00,1.00
2016.04.12 13:40:53.971,8.20583,8.2078,1.00,1.00
2016.04.12 13:40:54.401,8.20583,8.2079,1.00,1.00
2016.04.12 13:40:54.712,8.20583,8.20786,1.00,1.00
2016.04.12 13:40:56.260,8.20583,8.2079,1.00,1.00
2016.04.12 13:40:56.574,8.20583,8.20813,1.00,1.00
2016.04.12 13:40:56.625,8.20603,8.20825,1.00,1.00
2016.04.12 13:40:56.710,8.20579,8.20809,1.00,1.00
2016.04.12 13:40:56.965,8.20579,8.208,1.00,1.00
2016.04.12 13:40:58.101,8.20579,8.20809,1.00,1.00
2016.04.12 13:40:58.606,8.20579,8.20789,1.00,1.00
2016.04.12 13:41:00.677,8.20579,8.20771,1.00,1.00
2016.04.12 13:41:01.286,8.20579,8.20716,1.00,2.10
2016.04.12 13:41:01.337,8.20543,8.20716,1.00,2.10
2016.04.12 13:41:01.388,8.20491,8.20716,1.00,2.10
2016.04.12 13:41:01.539,8.20491,8.20644,1.00,1.00
2016.04.12 13:41:01.738,8.20468,8.20644,1.50,1.00
2016.04.12 13:41:01.840,8.20435,8.20644,1.00,1.11
2016.04.12 13:41:01.891,8.20427,8.20617,1.00,1.00
2016.04.12 13:41:02.724,8.20369,8.20611,1.00,1.00
2016.04.12 13:41:03.712,8.20369,8.2059,1.00,1.00
2016.04.12 13:41:04.026,8.20368,8.20569,1.00,1.00
2016.04.12 13:41:04.128,8.20323,8.20569,1.00,1.00
2016.04.12 13:41:04.179,8.20323,8.2055,1.00,1.00
2016.04.12 13:41:04.513,8.20368,8.20563,1.00,1.00
2016.04.12 13:41:04.964,8.20368,8.20557,1.00,1.00
2016.04.12 13:41:05.294,8.20368,8.20533,1.00,1.00
2016.04.12 13:41:05.396,8.20336,8.20533,1.00,1.00
2016.04.12 13:41:05.910,8.20336,8.20534,1.00,1.00
2016.04.12 13:41:06.581,8.20353,8.20534,1.00,1.00
2016.04.12 13:41:07.474,8.20353,8.20537,1.00,1.00
2016.04.12 13:41:07.684,8.20317,8.2052,1.00,1.00
2016.04.12 13:41:08.887,8.20306,8.2052,1.00,1.00
2016.04.12 13:41:09.323,8.20306,8.20534,1.00,1.00
2016.04.12 13:41:09.984,8.20317,8.20534,1.00,1.00
2016.04.12 13:41:10.341,8.20317,8.20521,1.00,1.00
2016.04.12 13:41:10.644,8.20317,8.20485,1.00,1.00
2016.04.12 13:41:10.752,8.20317,8.20502,1.00,1.00
2016.04.12 13:41:11.073,8.20263,8.20502,1.00,1.00
2016.04.12 13:41:11.124,8.20288,8.20502,1.00,1.00
2016.04.12 13:41:11.796,8.20254,8.20502,1.00,1.50
2016.04.12 13:41:11.892,8.20254,8.20488,1.00,1.00
2016.04.12 13:41:12.323,8.20292,8.20502,1.00,1.50
2016.04.12 13:41:13.502,8.20292,8.20495,1.00,1.00
2016.04.12 13:41:14.194,8.20292,8.20502,1.00,1.00
2016.04.12 13:41:14.295,8.20292,8.20518,1.50,1.00
2016.04.12 13:41:14.396,8.20308,8.2054,1.00,1.00
2016.04.12 13:41:14.447,8.20328,8.20553,1.00,1.00
2016.04.12 13:41:14.602,8.20328,8.20569,1.00,1.00
2016.04.12 13:41:14.861,8.20328,8.20547,1.00,1.00
2016.04.12 13:41:15.043,8.20328,8.20561,1.00,1.00
2016.04.12 13:41:15.296,8.20363,8.20576,1.00,1.00
2016.04.12 13:41:16.392,8.20382,8.20576,1.00,1.00
2016.04.12 13:41:16.492,8.20382,8.20611,1.00,1.00
2016.04.12 13:41:18.657,8.20382,8.20619,1.00,1.50
2016.04.12 13:41:20.608,8.20385,8.20619,1.00,1.00
2016.04.12 13:41:20.713,8.20405,8.20653,1.00,1.00
2016.04.12 13:41:21.244,8.20453,8.20653,1.00,1.00
2016.04.12 13:41:24.645,8.20453,8.20641,1.00,1.00
2016.04.12 13:41:24.722,8.20453,8.20653,1.00,1.00
2016.04.12 13:41:25.508,8.20418,8.20653,1.00,1.00
2016.04.12 13:41:27.742,8.20405,8.20644,1.00,1.00
2016.04.12 13:41:27.944,8.20405,8.20622,1.00,1.00
2016.04.12 13:41:28.046,8.20405,8.20644,1.00,1.00
2016.04.12 13:41:28.230,8.20417,8.20644,1.00,1.00
2016.04.12 13:41:30.112,8.20417,8.20653,1.00,1.00
2016.04.12 13:41:30.606,8.20435,8.20653,1.00,1.00
2016.04.12 13:41:30.923,8.20435,8.20544,1.00,1.00
2016.04.12 13:41:31.226,8.20435,8.205,1.00,1.00
2016.04.12 13:41:31.327,8.20347,8.20441,1.00,1.00
2016.04.12 13:41:31.479,8.20347,8.20393,1.00,1.00
2016.04.12 13:41:31.798,8.2034,8.20358,1.00,1.00
2016.04.12 13:41:31.848,8.20282,8.20358,1.00,1.00
2016.04.12 13:41:32.371,8.20282,8.20357,1.00,1.00
2016.04.12 13:41:32.970,8.20243,8.20357,1.00,1.00
2016.04.12 13:41:33.502,8.20242,8.20357,1.00,1.00
2016.04.12 13:41:34.150,8.20202,8.20357,1.50,1.00
2016.04.12 13:41:34.761,8.20203,8.20357,1.00,1.00
2016.04.12 13:41:34.812,8.20303,8.20367,1.00,1.00
2016.04.12 13:41:35.347,8.20206,8.20357,1.00,1.00
2016.04.12 13:41:35.752,8.20242,8.20357,1.00,1.00
2016.04.12 13:41:36.913,8.20224,8.20357,1.00,1.00
2016.04.12 13:41:39.140,8.2017,8.20357,1.00,1.00
2016.04.12 13:41:39.191,8.2017,8.20332,1.00,1.00
2016.04.12 13:41:39.494,8.20111,8.20269,1.00,1.00
2016.04.12 13:41:39.545,8.20092,8.20269,1.00,1.00
2016.04.12 13:41:39.596,8.2007,8.20269,1.00,1.00
2016.04.12 13:41:39.748,8.2005,8.20269,1.00,1.00
2016.04.12 13:41:39.799,8.20036,8.20252,1.00,1.00
2016.04.12 13:41:40.111,8.20036,8.20239,1.00,1.00
2016.04.12 13:41:40.342,8.19982,8.2021,1.50,1.00
2016.04.12 13:41:43.183,8.19982,8.20216,1.00,1.00
2016.04.12 13:41:43.234,8.19982,8.20222,1.00,1.00
2016.04.12 13:41:43.285,8.20018,8.20222,1.00,1.00
2016.04.12 13:41:43.336,8.20018,8.20232,1.00,1.00
2016.04.12 13:41:43.449,8.20018,8.20234,1.00,1.00
2016.04.12 13:41:44.618,8.20018,8.20252,1.00,1.00
2016.04.12 13:41:44.677,8.20018,8.20248,1.00,1.00
2016.04.12 13:41:44.728,8.20018,8.20266,1.00,1.00
2016.04.12 13:41:44.880,8.20062,8.20275,1.00,1.00
2016.04.12 13:41:45.213,8.20062,8.20297,1.00,1.00
2016.04.12 13:41:45.314,8.20062,8.20299,1.00,1.00
2016.04.12 13:41:45.838,8.20062,8.20309,1.00,1.00
2016.04.12 13:41:45.889,8.20113,8.20332,1.00,1.00
2016.04.12 13:41:46.227,8.20113,8.20346,1.00,1.00
2016.04.12 13:41:46.328,8.20113,8.20359,1.00,1.00
2016.04.12 13:41:46.767,8.20149,8.20365,1.00,1.00
2016.04.12 13:41:49.634,8.20149,8.20366,1.00,1.00
2016.04.12 13:41:50.247,8.20149,8.20391,1.00,1.00
2016.04.12 13:41:50.906,8.20149,8.20395,1.00,1.00
2016.04.12 13:41:50.957,8.20149,8.2039,1.00,1.00
2016.04.12 13:41:52.661,8.20149,8.20385,1.00,1.00
2016.04.12 13:41:52.782,8.20149,8.2039,1.00,1.00
2016.04.12 13:41:54.937,8.20149,8.20383,1.00,1.00
2016.04.12 13:41:55.247,8.20112,8.2035,1.00,1.00
2016.04.12 13:41:55.451,8.20112,8.20343,1.00,1.00
2016.04.12 13:41:56.237,8.20112,8.20328,1.00,1.00
2016.04.12 13:41:56.693,8.20111,8.20321,1.00,1.00
2016.04.12 13:41:56.932,8.20076,8.20307,1.00,1.00
2016.04.12 13:41:57.084,8.20076,8.20293,1.00,1.00
2016.04.12 13:41:58.590,8.20063,8.20273,1.00,1.00
2016.04.12 13:41:58.862,8.20025,8.20268,1.00,1.00
2016.04.12 13:41:59.014,8.19989,8.20237,1.00,1.00
2016.04.12 13:41:59.201,8.19969,8.20201,1.00,1.00
2016.04.12 13:41:59.252,8.19953,8.20201,1.00,1.00
2016.04.12 13:41:59.719,8.19943,8.20162,1.00,1.00
2016.04.12 13:41:59.971,8.19909,8.20162,1.00,1.00
2016.04.12 13:42:01.473,8.19909,8.2016,1.00,1.00
2016.04.12 13:42:01.811,8.19902,8.20121,1.00,1.00
2016.04.12 13:42:02.287,8.19877,8.20121,1.00,1.00
2016.04.12 13:42:02.626,8.19877,8.20082,1.00,1.00
2016.04.12 13:42:03.382,8.19882,8.20082,1.00,1.00
2016.04.12 13:42:03.534,8.19882,8.20118,1.00,1.00
2016.04.12 13:42:04.362,8.19925,8.20118,1.00,1.00
2016.04.12 13:42:05.322,8.19925,8.20139,1.00,1.00
2016.04.12 13:42:05.373,8.19925,8.20154,1.00,1.00
2016.04.12 13:42:05.620,8.19909,8.20154,1.00,1.00
2016.04.12 13:42:05.881,8.19964,8.20154,1.00,1.00
2016.04.12 13:42:06.191,8.19917,8.20154,1.00,1.00
2016.04.12 13:42:06.374,8.19909,8.20154,1.00,1.00
2016.04.12 13:42:09.859,8.19984,8.20189,1.00,1.00
2016.04.12 13:42:10.170,8.20009,8.20222,1.00,1.00
2016.04.12 13:42:10.373,8.20057,8.20232,1.00,1.00
2016.04.12 13:42:10.474,8.20057,8.20264,1.00,1.00
2016.04.12 13:42:10.576,8.20018,8.20264,1.07,1.00
2016.04.12 13:42:10.627,8.20018,8.20266,1.07,1.00
2016.04.12 13:42:11.254,8.20056,8.2029,1.00,1.00
2016.04.12 13:42:11.672,8.20056,8.2029,1.00,1.37
2016.04.12 13:42:11.910,8.20056,8.20279,1.00,1.00
2016.04.12 13:42:14.991,8.20056,8.20262,1.00,1.00
2016.04.12 13:42:15.294,8.20056,8.20248,1.00,1.00
2016.04.12 13:42:15.660,8.20012,8.20248,1.00,1.00
2016.04.12 13:42:16.327,8.20012,8.20233,1.00,1.00
2016.04.12 13:42:16.479,8.19976,8.20207,1.00,1.00
2016.04.12 13:42:16.581,8.19976,8.20189,1.00,1.00
2016.04.12 13:42:18.114,8.19976,8.20214,1.00,1.00
2016.04.12 13:42:18.216,8.19976,8.20222,1.00,1.00
2016.04.12 13:42:18.532,8.19976,8.20224,1.00,1.00
2016.04.12 13:42:20.316,8.19976,8.20221,1.00,1.00
2016.04.12 13:42:20.617,8.19976,8.20201,1.00,1.00
2016.04.12 13:42:20.923,8.19939,8.20165,1.00,1.00
2016.04.12 13:42:21.282,8.19939,8.20176,1.00,1.00
2016.04.12 13:42:21.501,8.19939,8.20187,1.00,1.00
2016.04.12 13:42:21.703,8.19978,8.20198,1.00,1.00
2016.04.12 13:42:22.048,8.19978,8.20192,1.00,1.00
2016.04.12 13:42:25.681,8.19978,8.20189,1.00,1.00
2016.04.12 13:42:26.186,8.19978,8.20164,1.00,1.00
2016.04.12 13:42:27.474,8.19978,8.20199,1.00,1.00
2016.04.12 13:42:27.782,8.19978,8.20183,1.00,1.37
2016.04.12 13:42:28.416,8.19978,8.2019,1.00,1.00
2016.04.12 13:42:28.669,8.19978,8.20195,1.00,1.00
2016.04.12 13:42:36.211,8.19978,8.20188,1.00,1.00
2016.04.12 13:42:37.214,8.19978,8.20171,1.00,1.00
2016.04.12 13:42:37.265,8.19971,8.20171,1.00,1.00
2016.04.12 13:42:37.367,8.19971,8.20186,1.00,1.00
2016.04.12 13:42:37.536,8.19971,8.20186,1.00,1.37
2016.04.12 13:42:37.870,8.19971,8.20164,1.00,1.07
2016.04.12 13:42:38.750,8.19971,8.2015,1.00,1.00
2016.04.12 13:42:39.033,8.19935,8.20134,1.00,1.00
2016.04.12 13:42:39.191,8.19935,8.20149,1.00,1.07
2016.04.12 13:42:39.904,8.19935,8.20136,1.00,1.00
2016.04.12 13:42:44.563,8.19935,8.2016,1.00,1.37
2016.04.12 13:42:45.563,8.19935,8.20078,1.00,2.10
2016.04.12 13:42:45.766,8.19873,8.20078,1.00,2.10
2016.04.12 13:42:45.867,8.19873,8.20051,1.00,1.00
2016.04.12 13:42:45.918,8.19873,8.20084,1.00,1.00
2016.04.12 13:42:45.969,8.1985,8.20068,1.00,1.00
2016.04.12 13:42:46.070,8.19884,8.20084,1.00,1.00
2016.04.12 13:42:46.121,8.19884,8.20125,1.00,1.00
2016.04.12 13:42:46.223,8.19884,8.20105,1.00,1.00
2016.04.12 13:42:47.390,8.19923,8.20105,1.00,1.00
2016.04.12 13:42:47.441,8.19923,8.20131,1.00,1.50
2016.04.12 13:42:50.473,8.19885,8.20131,1.00,1.00
2016.04.12 13:42:50.531,8.19885,8.20133,1.00,1.00
2016.04.12 13:42:51.956,8.19887,8.20133,1.00,1.00
2016.04.12 13:42:52.032,8.19885,8.20133,1.00,1.00
2016.04.12 13:42:52.302,8.19914,8.2014,1.00,1.00
2016.04.12 13:42:52.858,8.19914,8.20124,1.00,1.07
2016.04.12 13:42:52.909,8.19878,8.20124,1.00,1.07
2016.04.12 13:42:53.061,8.19878,8.20124,1.00,1.37
2016.04.12 13:42:55.499,8.19878,8.20115,1.00,1.00
2016.04.12 13:42:56.036,8.19904,8.20115,1.00,1.00
2016.04.12 13:42:56.337,8.19878,8.20115,1.00,1.00
2016.04.12 13:42:56.578,8.19901,8.20115,1.00,1.00
2016.04.12 13:42:56.903,8.19922,8.20115,1.00,1.00
2016.04.12 13:42:57.797,8.19885,8.20115,1.00,1.00
2016.04.12 13:42:57.949,8.19885,8.20111,1.00,1.00
2016.04.12 13:42:58.576,8.19885,8.20115,1.00,1.00
2016.04.12 13:43:01.731,8.19885,8.20113,1.00,1.00
2016.04.12 13:43:03.251,8.19885,8.20095,1.00,1.00
2016.04.12 13:43:08.751,8.19922,8.20095,1.00,1.00
2016.04.12 13:43:09.770,8.19922,8.20107,1.00,1.00
2016.04.12 13:43:14.715,8.19922,8.20135,1.00,1.00
2016.04.12 13:43:14.823,8.19946,8.20135,1.00,1.00
2016.04.12 13:43:15.139,8.19966,8.20135,1.00,1.00
2016.04.12 13:43:15.451,8.19931,8.20124,1.00,1.00
2016.04.12 13:43:16.768,8.19931,8.20103,1.00,1.00
2016.04.12 13:43:18.891,8.19931,8.20128,1.00,1.00
2016.04.12 13:43:18.995,8.19931,8.20128,1.00,1.37
2016.04.12 13:43:19.046,8.19898,8.20095,1.00,1.00
2016.04.12 13:43:20.142,8.19898,8.2011,1.00,1.00
2016.04.12 13:43:24.038,8.19898,8.20128,1.00,1.94
2016.04.12 13:43:24.190,8.19939,8.20128,1.00,1.94
2016.04.12 13:43:25.666,8.19882,8.20121,1.00,1.64
2016.04.12 13:43:25.868,8.19873,8.20088,1.00,1.64
2016.04.12 13:43:26.760,8.19873,8.20099,1.50,1.57
2016.04.12 13:43:30.252,8.19873,8.20094,1.00,1.57
2016.04.12 13:43:30.756,8.1989,8.20094,1.00,1.57
2016.04.12 13:43:31.070,8.19911,8.20094,1.00,1.57
2016.04.12 13:43:31.374,8.19911,8.20094,1.00,1.57
2016.04.12 13:43:31.679,8.19911,8.20141,1.00,1.37
2016.04.12 13:43:31.787,8.19911,8.20141,1.00,1.00
2016.04.12 13:43:31.888,8.19911,8.20157,1.00,1.67
2016.04.12 13:43:31.991,8.19946,8.20163,1.00,1.57
2016.04.12 13:43:32.380,8.19946,8.20137,1.00,1.00
2016.04.12 13:43:37.724,8.19946,8.20166,1.00,1.57
2016.04.12 13:43:38.808,8.19946,8.20166,1.00,1.00
2016.04.12 13:43:39.087,8.19946,8.20133,1.00,1.00
2016.04.12 13:43:39.138,8.19926,8.20133,1.00,1.37
2016.04.12 13:43:39.189,8.19909,8.20133,1.00,1.37
2016.04.12 13:43:39.300,8.19909,8.20133,1.00,1.94
2016.04.12 13:43:40.563,8.19909,8.20133,1.00,2.07
2016.04.12 13:43:44.574,8.19909,8.20107,1.00,1.00
2016.04.12 13:43:44.937,8.19909,8.201,1.00,1.00
2016.04.12 13:43:45.391,8.19909,8.201,1.00,1.57
2016.04.12 13:43:46.162,8.1989,8.20107,1.00,1.57
2016.04.12 13:43:46.213,8.19868,8.20096,1.00,1.57
2016.04.12 13:43:46.772,8.19868,8.20096,1.00,1.57
2016.04.12 13:43:46.878,8.19868,8.20075,1.00,1.00
2016.04.12 13:43:53.559,8.19836,8.20031,1.00,1.75
2016.04.12 13:43:53.662,8.19816,8.20009,1.00,1.37
2016.04.12 13:43:53.713,8.19788,8.20009,1.00,1.37
2016.04.12 13:43:53.764,8.19788,8.20009,1.00,1.00
2016.04.12 13:43:53.815,8.19788,8.19995,1.00,1.00
2016.04.12 13:43:53.866,8.1974,8.19988,1.00,1.00
2016.04.12 13:43:54.018,8.1974,8.19974,1.00,1.00
2016.04.12 13:43:54.069,8.19707,8.19953,1.50,1.00
2016.04.12 13:43:54.120,8.19746,8.19953,1.00,1.00
2016.04.12 13:43:54.272,8.19765,8.20013,1.00,1.00
2016.04.12 13:43:54.323,8.19765,8.19996,1.00,1.00
2016.04.12 13:43:54.849,8.19801,8.19996,1.00,1.00
2016.04.12 13:43:55.329,8.19801,8.20014,1.00,1.00
2016.04.12 13:43:55.526,8.19801,8.20014,1.00,1.37
2016.04.12 13:43:55.578,8.19745,8.19993,1.00,1.00
2016.04.12 13:43:56.331,8.19745,8.19989,1.00,1.00
2016.04.12 13:43:57.270,8.19745,8.19987,1.00,1.00
2016.04.12 13:43:57.327,8.19745,8.19989,1.00,1.00
2016.04.12 13:43:57.428,8.19745,8.19973,1.00,1.00
2016.04.12 13:43:57.479,8.19705,8.19953,1.00,1.00
2016.04.12 13:43:57.632,8.19705,8.19949,1.00,1.00
2016.04.12 13:43:57.784,8.19669,8.19917,1.00,1.00
2016.04.12 13:43:58.542,8.19669,8.19901,1.00,1.00
2016.04.12 13:43:58.593,8.19634,8.1988,1.00,1.00
2016.04.12 13:43:58.644,8.19634,8.19841,1.00,1.00
2016.04.12 13:43:58.797,8.19591,8.19808,1.00,1.00
2016.04.12 13:43:58.969,8.19546,8.19793,1.00,1.00
2016.04.12 13:43:59.141,8.19563,8.19793,1.00,1.00
2016.04.12 13:43:59.192,8.19582,8.19813,1.00,1.00
2016.04.12 13:43:59.306,8.19582,8.19825,1.00,1.00
2016.04.12 13:43:59.850,8.19582,8.19811,1.00,1.00
2016.04.12 13:44:00.189,8.19582,8.19781,1.00,1.00
2016.04.12 13:44:00.475,8.19543,8.19781,1.00,1.00
2016.04.12 13:44:00.526,8.19543,8.1977,1.00,1.00
2016.04.12 13:44:00.832,8.19532,8.19747,1.00,1.00
2016.04.12 13:44:00.933,8.19502,8.19747,1.00,1.00
2016.04.12 13:44:02.048,8.19502,8.19734,1.00,1.00
2016.04.12 13:44:03.582,8.19482,8.19704,1.00,1.00
2016.04.12 13:44:04.132,8.19481,8.19704,1.00,1.00
2016.04.12 13:44:04.468,8.19481,8.19686,1.00,1.00
2016.04.12 13:44:04.776,8.19481,8.19671,1.00,1.00
2016.04.12 13:44:05.092,8.19481,8.19651,1.00,1.00
2016.04.12 13:44:05.143,8.19481,8.19662,1.00,1.00
2016.04.12 13:44:05.400,8.19466,8.19662,1.00,1.00
2016.04.12 13:44:05.604,8.19512,8.19662,1.00,1.00
2016.04.12 13:44:05.966,8.19512,8.19711,1.00,1.00
2016.04.12 13:44:06.734,8.19519,8.19711,1.00,1.00
2016.04.12 13:44:07.895,8.19515,8.19711,1.00,1.00
2016.04.12 13:44:08.622,8.19569,8.19769,1.00,1.00
2016.04.12 13:44:09.698,8.19588,8.19769,1.00,1.00
2016.04.12 13:44:10.999,8.1958,8.19769,1.00,1.00
2016.04.12 13:44:12.107,8.19598,8.19769,1.00,1.00
2016.04.12 13:44:15.604,8.19581,8.19769,1.00,1.00
2016.04.12 13:44:19.079,8.19581,8.19756,1.00,1.00
2016.04.12 13:44:19.400,8.19562,8.19736,1.00,1.00
2016.04.12 13:44:20.223,8.19555,8.19736,1.00,1.00
2016.04.12 13:44:21.336,8.19572,8.19736,1.00,1.00
2016.04.12 13:44:21.488,8.19572,8.19774,1.00,1.00
2016.04.12 13:44:21.589,8.19592,8.19774,1.00,1.00
2016.04.12 13:44:21.920,8.19673,8.19846,1.00,1.00
2016.04.12 13:44:24.047,8.19691,8.19846,1.00,1.00
2016.04.12 13:44:26.400,8.19691,8.19882,1.00,1.00
2016.04.12 13:44:27.349,8.19684,8.19879,1.00,1.00
2016.04.12 13:44:27.501,8.19684,8.19847,1.00,1.00
2016.04.12 13:44:28.518,8.19666,8.19847,1.00,1.00
2016.04.12 13:44:29.201,8.19666,8.1984,1.00,1.00
2016.04.12 13:44:29.354,8.19612,8.19804,1.00,1.00
2016.04.12 13:44:31.410,8.19612,8.19762,1.00,1.00
2016.04.12 13:44:31.562,8.19594,8.19762,1.00,1.00
2016.04.12 13:44:32.075,8.19594,8.19798,1.00,1.00
2016.04.12 13:44:32.630,8.19612,8.19798,1.00,1.00
2016.04.12 13:44:33.724,8.1963,8.19798,1.00,1.00
2016.04.12 13:44:36.030,8.19612,8.19798,1.00,1.00
2016.04.12 13:44:36.720,8.19615,8.19818,1.00,1.00
2016.04.12 13:44:36.771,8.19685,8.19863,1.00,1.00
2016.04.12 13:44:37.832,8.19676,8.19863,1.00,1.00
2016.04.12 13:44:41.759,8.19676,8.19831,1.00,1.00
2016.04.12 13:44:42.250,8.19676,8.19867,1.00,1.00
2016.04.12 13:44:43.721,8.19676,8.1983,1.00,1.00
2016.04.12 13:44:44.745,8.1964,8.1983,1.00,1.00
2016.04.12 13:44:45.840,8.19622,8.1983,1.00,1.00
2016.04.12 13:44:48.157,8.19641,8.1983,1.00,1.00
2016.04.12 13:44:49.361,8.19676,8.1983,1.00,1.00
2016.04.12 13:44:51.355,8.19676,8.19871,1.00,1.00
2016.04.12 13:44:51.456,8.19676,8.19887,1.00,1.00
2016.04.12 13:44:51.871,8.19676,8.199,1.00,1.00
2016.04.12 13:44:54.087,8.19676,8.19901,1.00,1.00
2016.04.12 13:44:54.499,8.19684,8.19901,1.00,1.00
2016.04.12 13:44:54.860,8.19684,8.19888,1.00,1.00
2016.04.12 13:44:55.077,8.1962,8.19861,1.00,1.00
2016.04.12 13:44:55.401,8.1962,8.19846,1.00,1.00
2016.04.12 13:44:55.716,8.1962,8.19846,1.00,1.37
2016.04.12 13:44:57.169,8.1962,8.19828,1.00,1.00
2016.04.12 13:44:57.718,8.1962,8.19857,1.00,1.75
2016.04.12 13:44:58.384,8.1962,8.19817,1.00,1.00
2016.04.12 13:44:58.486,8.19607,8.19817,1.00,1.00
2016.04.12 13:44:58.667,8.19607,8.19822,1.00,1.00
2016.04.12 13:44:59.380,8.19669,8.19822,1.00,1.00
2016.04.12 13:45:00.498,8.19628,8.19822,1.00,1.00
2016.04.12 13:45:02.262,8.19646,8.19822,1.00,1.00
2016.04.12 13:45:02.313,8.19646,8.19855,1.00,1.00
2016.04.12 13:45:02.365,8.19736,8.19855,1.00,1.00
2016.04.12 13:45:02.517,8.19736,8.1989,1.00,1.00
2016.04.12 13:45:02.619,8.19736,8.19928,1.00,1.00
2016.04.12 13:45:02.727,8.19736,8.19939,1.00,1.00
2016.04.12 13:45:02.963,8.19736,8.19949,1.00,1.00
2016.04.12 13:45:03.560,8.19754,8.19949,1.00,1.00
2016.04.12 13:45:04.057,8.19754,8.1994,1.00,1.00
2016.04.12 13:45:04.380,8.19754,8.19936,1.00,1.00
2016.04.12 13:45:04.698,8.19737,8.19936,1.00,1.00
2016.04.12 13:45:05.189,8.19783,8.19949,1.00,1.00
2016.04.12 13:45:05.291,8.19717,8.19949,1.75,1.00
2016.04.12 13:45:05.392,8.19827,8.19983,1.00,1.00
2016.04.12 13:45:06.476,8.19791,8.19983,1.00,1.00
2016.04.12 13:45:06.577,8.1981,8.19983,1.00,1.00
2016.04.12 13:45:06.899,8.19845,8.19983,1.00,1.00
2016.04.12 13:45:07.888,8.19791,8.19983,1.00,1.00
2016.04.12 13:45:08.274,8.19791,8.1996,1.00,1.00
2016.04.12 13:45:08.590,8.19791,8.19947,1.00,1.00
2016.04.12 13:45:09.141,8.19774,8.19947,1.00,1.00
2016.04.12 13:45:10.299,8.19792,8.19947,1.00,1.00
2016.04.12 13:45:11.473,8.19773,8.19947,1.00,1.00
2016.04.12 13:45:12.626,8.19791,8.19947,1.00,1.00
2016.04.12 13:45:14.016,8.19791,8.19978,1.00,1.00
2016.04.12 13:45:14.099,8.19845,8.19978,1.00,1.00
2016.04.12 13:45:15.071,8.19845,8.20022,1.00,1.00
2016.04.12 13:45:15.176,8.19845,8.20028,1.00,1.00
2016.04.12 13:45:15.227,8.19864,8.20028,1.00,1.00
2016.04.12 13:45:15.539,8.19864,8.20018,1.00,1.00
2016.04.12 13:45:16.090,8.19791,8.20018,1.03,1.00
2016.04.12 13:45:16.433,8.19804,8.20028,1.03,1.00
2016.04.12 13:45:17.529,8.19838,8.20028,1.03,1.00
2016.04.12 13:45:18.590,8.19828,8.20028,1.03,1.00
2016.04.12 13:45:19.315,8.19828,8.2007,1.03,1.00
2016.04.12 13:45:19.467,8.19863,8.20069,1.35,1.00
2016.04.12 13:45:19.784,8.19863,8.20088,1.03,1.00
2016.04.12 13:45:20.651,8.19861,8.20088,1.03,1.00
2016.04.12 13:45:20.983,8.19843,8.20065,1.03,1.00
2016.04.12 13:45:21.704,8.19843,8.20065,1.03,1.00
2016.04.12 13:45:21.906,8.19843,8.20061,1.03,1.00
2016.04.12 13:45:22.097,8.19843,8.20065,1.03,1.00
2016.04.12 13:45:22.616,8.19843,8.20065,1.03,1.00
2016.04.12 13:45:23.906,8.19817,8.20065,2.01,1.00
2016.04.12 13:45:25.119,8.19837,8.20065,1.26,1.00
2016.04.12 13:45:25.270,8.19851,8.20088,1.66,1.50
2016.04.12 13:45:26.250,8.19851,8.20087,1.66,1.00
2016.04.12 13:45:26.301,8.19831,8.20063,1.66,1.00
2016.04.12 13:45:26.587,8.19851,8.20087,1.66,1.00
2016.04.12 13:45:27.327,8.19851,8.20087,1.66,1.00
2016.04.12 13:45:27.619,8.19895,8.20119,1.00,1.00
2016.04.12 13:45:27.720,8.19895,8.20123,1.00,1.00
2016.04.12 13:45:27.821,8.19895,8.2012,1.00,1.00
2016.04.12 13:45:27.872,8.19875,8.20108,1.00,1.00
2016.04.12 13:45:27.974,8.19862,8.20108,1.00,1.00
2016.04.12 13:45:28.177,8.19862,8.20099,1.00,1.00
2016.04.12 13:45:28.619,8.19862,8.20086,1.00,1.00
2016.04.12 13:45:28.958,8.19862,8.20084,1.00,1.00
2016.04.12 13:45:29.009,8.19841,8.20064,1.00,1.00
2016.04.12 13:45:29.060,8.19816,8.20064,1.00,1.00
2016.04.12 13:45:29.566,8.19816,8.20063,1.00,1.00
2016.04.12 13:45:29.617,8.19796,8.20027,1.00,1.00
2016.04.12 13:45:29.723,8.19779,8.20027,1.00,1.00
2016.04.12 13:45:30.032,8.19779,8.20021,1.00,1.00
2016.04.12 13:45:30.335,8.19722,8.1997,1.00,1.00
2016.04.12 13:45:30.386,8.19702,8.19919,1.00,1.00
2016.04.12 13:45:30.536,8.19673,8.19919,1.66,1.00
2016.04.12 13:45:31.507,8.19673,8.19919,1.00,1.00
2016.04.12 13:45:33.696,8.19673,8.19919,1.00,1.57
2016.04.12 13:45:34.038,8.19673,8.19909,1.00,1.75
2016.04.12 13:45:34.341,8.19673,8.19877,1.00,1.75
2016.04.12 13:45:34.392,8.19652,8.19877,1.00,1.75
2016.04.12 13:45:34.485,8.19638,8.19877,1.00,1.75
2016.04.12 13:45:35.027,8.19688,8.19891,1.60,1.75
2016.04.12 13:45:35.129,8.19747,8.19905,1.00,1.00
2016.04.12 13:45:35.230,8.19747,8.19971,1.00,1.00
2016.04.12 13:45:35.537,8.19747,8.19977,1.00,1.75
2016.04.12 13:45:35.639,8.19726,8.19948,1.00,1.37
2016.04.12 13:45:35.690,8.1971,8.19948,1.00,1.37
2016.04.12 13:45:35.893,8.1971,8.19934,1.00,1.00
2016.04.12 13:45:35.995,8.1971,8.19949,1.00,1.37
2016.04.12 13:45:36.046,8.1971,8.19949,1.66,1.37
2016.04.12 13:45:36.332,8.1971,8.19929,1.00,1.00
2016.04.12 13:45:36.447,8.1971,8.19929,1.00,1.75
2016.04.12 13:45:36.656,8.19717,8.19935,1.00,1.75
2016.04.12 13:45:36.801,8.1971,8.19935,1.00,1.75
2016.04.12 13:45:37.952,8.1971,8.1992,1.00,1.75
2016.04.12 13:45:38.798,8.19717,8.19935,1.00,1.75
2016.04.12 13:45:38.849,8.1971,8.19947,1.00,1.75
2016.04.12 13:45:39.842,8.1971,8.19958,2.16,2.25
2016.04.12 13:45:40.366,8.1971,8.19948,1.66,1.75
2016.04.12 13:45:40.902,8.1971,8.19918,1.00,1.10
2016.04.12 13:45:41.206,8.1971,8.19911,1.00,1.75
2016.04.12 13:45:41.511,8.19623,8.19793,1.00,1.00
2016.04.12 13:45:41.562,8.19603,8.19793,1.00,1.00
2016.04.12 13:45:41.613,8.19564,8.19793,1.00,1.37
2016.04.12 13:45:41.714,8.19564,8.19793,1.00,1.75
2016.04.12 13:45:42.020,8.19564,8.19736,1.00,1.00
2016.04.12 13:45:42.071,8.19544,8.19736,1.00,1.00
2016.04.12 13:45:42.122,8.19512,8.19736,1.00,1.00
2016.04.12 13:45:42.479,8.19512,8.19716,1.00,1.00
2016.04.12 13:45:42.647,8.19493,8.19716,1.00,1.00
2016.04.12 13:45:42.698,8.19475,8.19704,1.00,1.00
2016.04.12 13:45:43.228,8.19475,8.19721,1.00,1.00
2016.04.12 13:45:43.380,8.19517,8.19742,1.00,1.00
2016.04.12 13:45:43.906,8.19517,8.19743,1.00,1.00
2016.04.12 13:45:44.007,8.19517,8.19761,1.00,1.00
2016.04.12 13:45:44.159,8.19549,8.19761,1.00,1.00
2016.04.12 13:45:44.536,8.19549,8.19751,1.00,1.00
2016.04.12 13:45:44.880,8.19549,8.19761,1.00,1.00
2016.04.12 13:45:46.253,8.1959,8.19791,1.00,1.37
2016.04.12 13:45:46.354,8.1959,8.19793,1.00,1.00
2016.04.12 13:45:46.455,8.1959,8.19807,1.00,1.00
2016.04.12 13:45:47.616,8.1959,8.19812,1.00,1.00
2016.04.12 13:45:48.478,8.1963,8.19843,1.00,1.00
2016.04.12 13:45:48.529,8.1963,8.19847,1.00,1.00
2016.04.12 13:45:49.260,8.19668,8.19847,1.00,1.00
2016.04.12 13:45:49.792,8.19668,8.19848,1.00,1.00
2016.04.12 13:45:50.106,8.19668,8.19877,1.00,1.07
2016.04.12 13:45:50.208,8.19703,8.19877,1.00,1.07
2016.04.12 13:45:50.310,8.19703,8.19877,1.00,1.00
2016.04.12 13:45:50.713,8.19703,8.19878,1.00,1.07
2016.04.12 13:45:51.900,8.19742,8.19875,1.00,1.07
2016.04.12 13:45:52.917,8.19742,8.19875,1.00,1.75
2016.04.12 13:45:53.018,8.19691,8.19875,1.00,1.37
2016.04.12 13:45:53.243,8.19691,8.19875,1.00,1.37
2016.04.12 13:45:53.547,8.19727,8.19875,1.00,1.00
2016.04.12 13:45:53.977,8.19727,8.19907,1.00,1.75
2016.04.12 13:45:54.129,8.19727,8.199,1.00,1.75
2016.04.12 13:45:54.488,8.19727,8.19889,1.00,1.75
2016.04.12 13:45:54.596,8.19727,8.19943,1.00,1.75
2016.04.12 13:45:54.698,8.19764,8.19943,1.00,1.75
2016.04.12 13:45:56.796,8.19743,8.1994,1.00,1.75
2016.04.12 13:45:56.847,8.1972,8.1994,1.00,1.75
2016.04.12 13:45:57.346,8.1972,8.19918,1.00,1.75
2016.04.12 13:45:58.315,8.1972,8.19917,1.00,1.75
2016.04.12 13:45:58.887,8.1972,8.19938,1.00,1.75
2016.04.12 13:46:00.170,8.1972,8.19927,1.00,1.75
2016.04.12 13:46:00.263,8.19781,8.19927,1.00,2.25
2016.04.12 13:46:00.314,8.19761,8.19918,1.00,1.35
2016.04.12 13:46:00.365,8.19726,8.19918,1.00,1.35
2016.04.12 13:46:00.517,8.19706,8.19884,1.00,1.00
2016.04.12 13:46:00.568,8.1967,8.19884,1.00,1.00
2016.04.12 13:46:00.619,8.1967,8.199,1.00,1.00
2016.04.12 13:46:00.669,8.19674,8.199,1.00,1.00
2016.04.12 13:46:00.973,8.19744,8.19928,1.00,1.00
2016.04.12 13:46:01.472,8.19744,8.19908,1.00,1.00
2016.04.12 13:46:01.747,8.19744,8.19918,1.00,1.00
2016.04.12 13:46:02.307,8.19744,8.19917,1.00,1.00
2016.04.12 13:46:02.425,8.19744,8.19928,1.00,1.00
2016.04.12 13:46:02.516,8.19744,8.19918,1.00,1.00
2016.04.12 13:46:02.917,8.19779,8.19908,1.00,1.00
2016.04.12 13:46:03.229,8.19779,8.19918,1.00,1.00
2016.04.12 13:46:03.331,8.19779,8.19908,1.00,1.00
2016.04.12 13:46:03.878,8.19779,8.19918,1.00,1.00
2016.04.12 13:46:03.980,8.19779,8.19927,1.00,1.00
2016.04.12 13:46:04.081,8.19779,8.19938,1.00,1.00
2016.04.12 13:46:04.187,8.19779,8.19948,1.00,1.00
2016.04.12 13:46:04.668,8.19779,8.19938,1.00,1.00
2016.04.12 13:46:05.070,8.19779,8.19928,1.00,1.00
2016.04.12 13:46:05.316,8.19779,8.19938,1.00,1.00
2016.04.12 13:46:05.397,8.19779,8.19948,1.00,1.07
2016.04.12 13:46:05.617,8.19779,8.19928,1.00,1.00
2016.04.12 13:46:05.769,8.19779,8.19958,1.00,1.87
2016.04.12 13:46:05.820,8.19779,8.19958,1.00,1.50
2016.04.12 13:46:06.122,8.19815,8.19958,1.00,1.00
2016.04.12 13:46:06.597,8.19815,8.19967,1.00,1.00
2016.04.12 13:46:06.698,8.19815,8.19977,1.00,1.37
2016.04.12 13:46:07.337,8.19815,8.19997,1.00,1.00
2016.04.12 13:46:07.640,8.19851,8.19997,1.00,1.00
2016.04.12 13:46:07.902,8.19851,8.20028,1.00,1.37
2016.04.12 13:46:08.054,8.19851,8.20008,1.00,1.00
2016.04.12 13:46:08.389,8.19851,8.20018,1.00,1.07
2016.04.12 13:46:08.825,8.19851,8.20008,1.00,1.00
2016.04.12 13:46:09.173,8.19851,8.19998,1.00,1.00
2016.04.12 13:46:10.127,8.19851,8.20008,1.00,1.00
2016.04.12 13:46:10.279,8.19851,8.20018,1.00,1.07
2016.04.12 13:46:10.330,8.19851,8.20018,1.00,1.00
2016.04.12 13:46:10.881,8.19851,8.20019,1.00,1.00
2016.04.12 13:46:11.591,8.19851,8.20008,1.00,1.00
2016.04.12 13:46:12.086,8.19851,8.20068,1.00,1.00
2016.04.12 13:46:12.187,8.19851,8.20091,1.00,1.00
2016.04.12 13:46:12.288,8.19851,8.20099,1.00,1.00
2016.04.12 13:46:12.490,8.19851,8.20086,1.00,1.00
2016.04.12 13:46:12.799,8.19851,8.20036,1.00,1.00
2016.04.12 13:46:13.452,8.19894,8.20036,1.00,1.00
2016.04.12 13:46:13.698,8.19894,8.20055,1.00,1.00
2016.04.12 13:46:14.157,8.1993,8.20055,1.00,1.00
2016.04.12 13:46:14.461,8.1993,8.20142,1.00,1.00
2016.04.12 13:46:14.633,8.19966,8.20142,1.00,1.00
2016.04.12 13:46:14.886,8.19966,8.20171,1.00,1.00
2016.04.12 13:46:15.140,8.19966,8.20184,1.00,1.00
2016.04.12 13:46:15.359,8.19966,8.20192,1.00,1.00
2016.04.12 13:46:15.858,8.19966,8.2015,1.00,1.00
2016.04.12 13:46:18.067,8.19966,8.20132,1.00,1.00
2016.04.12 13:46:18.907,8.19966,8.20181,1.00,1.00
2016.04.12 13:46:19.065,8.19966,8.20139,1.00,1.00
2016.04.12 13:46:19.563,8.19966,8.20122,1.00,1.00
2016.04.12 13:46:19.614,8.19928,8.20122,1.00,1.00
2016.04.12 13:46:19.767,8.19928,8.20131,1.00,1.00
2016.04.12 13:46:19.902,8.19928,8.20134,1.00,1.00
2016.04.12 13:46:20.004,8.19928,8.20121,1.00,1.00
2016.04.12 13:46:20.105,8.19869,8.20117,1.00,1.00
2016.04.12 13:46:20.243,8.19869,8.2011,1.00,1.00
2016.04.12 13:46:20.559,8.19869,8.20102,1.00,1.00
2016.04.12 13:46:21.410,8.19869,8.20083,1.00,1.00
2016.04.12 13:46:22.053,8.19869,8.20095,1.00,1.00
2016.04.12 13:46:22.316,8.19869,8.20083,1.00,1.00
2016.04.12 13:46:23.112,8.19869,8.20097,1.00,1.00
2016.04.12 13:46:23.213,8.19922,8.20097,1.00,1.00
2016.04.12 13:46:23.365,8.19922,8.20099,1.00,1.00
2016.04.12 13:46:23.567,8.19922,8.20107,1.00,1.00
2016.04.12 13:46:23.977,8.19922,8.20151,1.00,1.00
2016.04.12 13:46:24.629,8.19942,8.20151,1.07,1.00
2016.04.12 13:46:24.940,8.19962,8.20151,1.00,1.00
2016.04.12 13:46:25.068,8.19962,8.20191,1.00,1.00
2016.04.12 13:46:25.713,8.19999,8.20191,1.00,1.00
2016.04.12 13:46:26.017,8.20019,8.20191,1.00,1.00
2016.04.12 13:46:26.134,8.20019,8.2023,1.00,1.00
2016.04.12 13:46:27.197,8.20019,8.20224,1.00,1.00
2016.04.12 13:46:27.527,8.20019,8.20212,1.00,1.00
2016.04.12 13:46:28.572,8.20019,8.2018,1.00,1.00
2016.04.12 13:46:28.772,8.20019,8.20212,1.00,1.00
2016.04.12 13:46:28.874,8.20019,8.20224,1.00,1.00
2016.04.12 13:46:29.233,8.20019,8.20222,1.00,1.00
2016.04.12 13:46:29.789,8.20019,8.20161,1.00,1.00
2016.04.12 13:46:30.274,8.20019,8.20217,1.00,1.00
2016.04.12 13:46:31.068,8.19976,8.20199,1.00,1.00
2016.04.12 13:46:31.118,8.19976,8.2017,1.00,1.00
2016.04.12 13:46:32.090,8.19975,8.20164,1.00,1.00
2016.04.12 13:46:32.242,8.19956,8.20148,1.00,1.00
2016.04.12 13:46:32.293,8.19956,8.20131,1.00,1.00
2016.04.12 13:46:32.394,8.19957,8.20148,1.00,1.00
2016.04.12 13:46:32.981,8.19982,8.20148,1.00,1.00
2016.04.12 13:46:33.084,8.19982,8.20189,1.00,1.00
2016.04.12 13:46:33.186,8.19982,8.20185,1.00,1.00
2016.04.12 13:46:33.255,8.19963,8.20185,1.00,1.00
2016.04.12 13:46:33.358,8.19957,8.20185,1.00,1.00
2016.04.12 13:46:33.410,8.19957,8.20172,1.00,1.00
2016.04.12 13:46:34.120,8.19957,8.20114,1.00,1.00
2016.04.12 13:46:34.586,8.19957,8.20151,1.00,1.00
2016.04.12 13:46:34.738,8.19957,8.20162,1.00,1.00
2016.04.12 13:46:35.281,8.19957,8.20156,1.00,1.00
2016.04.12 13:46:35.690,8.19957,8.20148,1.00,1.00
2016.04.12 13:46:35.999,8.19939,8.20105,1.00,1.00
2016.04.12 13:46:36.136,8.19903,8.20151,1.12,1.00
2016.04.12 13:46:36.390,8.19903,8.20151,1.00,1.00
2016.04.12 13:46:36.555,8.19947,8.20151,1.00,1.00
2016.04.12 13:46:36.856,8.19933,8.20151,1.00,1.00
2016.04.12 13:46:36.958,8.19947,8.20168,1.00,1.00
2016.04.12 13:46:37.166,8.19989,8.20168,1.00,1.00
2016.04.12 13:46:37.319,8.19989,8.20204,1.00,1.00
2016.04.12 13:46:37.370,8.19989,8.20237,1.00,1.00
2016.04.12 13:46:37.623,8.19989,8.20216,1.00,1.00
2016.04.12 13:46:37.930,8.19989,8.20158,1.00,1.00
2016.04.12 13:46:38.384,8.20024,8.20158,1.00,1.00
2016.04.12 13:46:38.586,8.20024,8.2023,1.00,1.00
2016.04.12 13:46:38.791,8.20024,8.20248,1.00,1.00
2016.04.12 13:46:38.893,8.20057,8.20248,1.00,1.00
2016.04.12 13:46:39.196,8.20107,8.20236,1.00,1.00
2016.04.12 13:46:39.586,8.20107,8.2024,1.00,1.00
2016.04.12 13:46:39.794,8.20087,8.2024,1.00,1.00
2016.04.12 13:46:39.896,8.2007,8.2024,1.00,1.00
2016.04.12 13:46:40.098,8.20049,8.2024,1.00,1.00
2016.04.12 13:46:40.200,8.20019,8.2024,1.00,1.00
2016.04.12 13:46:40.606,8.20019,8.20181,1.00,1.00
2016.04.12 13:46:41.007,8.20055,8.20181,1.00,1.00
2016.04.12 13:46:41.108,8.20035,8.20181,1.00,1.00
2016.04.12 13:46:41.209,8.2001,8.20181,1.00,1.00
2016.04.12 13:46:41.260,8.20004,8.20181,1.00,1.00
2016.04.12 13:46:41.736,8.20004,8.20186,1.00,1.00
2016.04.12 13:46:42.719,8.19984,8.20186,1.00,1.00
2016.04.12 13:46:42.820,8.19969,8.2015,1.00,1.00
2016.04.12 13:46:43.387,8.19976,8.2015,1.00,1.00
2016.04.12 13:46:43.779,8.19976,8.20143,1.00,1.00
2016.04.12 13:46:44.086,8.19931,8.20096,1.00,1.00
2016.04.12 13:46:44.967,8.19969,8.20096,1.00,1.00
2016.04.12 13:46:45.018,8.19949,8.20096,1.00,1.00
2016.04.12 13:46:45.119,8.19986,8.20096,1.00,1.00
2016.04.12 13:46:45.605,8.19986,8.20062,1.00,1.00
2016.04.12 13:46:45.807,8.19948,8.20129,1.00,1.00
2016.04.12 13:46:45.858,8.19987,8.20129,1.00,1.00
2016.04.12 13:46:45.960,8.19987,8.20205,1.00,1.00
2016.04.12 13:46:46.061,8.19977,8.20205,1.00,1.00
2016.04.12 13:46:46.213,8.19977,8.20225,1.00,1.50
2016.04.12 13:46:46.414,8.19977,8.20225,1.75,1.00
2016.04.12 13:46:46.515,8.20021,8.20269,1.00,1.00
2016.04.12 13:46:46.998,8.20035,8.20269,1.00,1.00
2016.04.12 13:46:47.342,8.20055,8.20255,1.00,1.00
2016.04.12 13:46:47.393,8.20055,8.20278,1.00,1.00
2016.04.12 13:46:47.805,8.20055,8.20303,1.00,1.00
2016.04.12 13:46:48.024,8.20055,8.20255,1.00,1.00
2016.04.12 13:46:48.349,8.20025,8.20234,1.00,1.00
2016.04.12 13:46:48.400,8.20025,8.20212,1.00,1.00
2016.04.12 13:46:48.945,8.20025,8.20224,1.00,1.00
2016.04.12 13:46:48.996,8.20007,8.20224,1.00,1.00
2016.04.12 13:46:49.098,8.20007,8.20145,1.00,1.00
2016.04.12 13:46:49.218,8.19972,8.20145,1.00,1.00
2016.04.12 13:46:50.028,8.19972,8.20132,1.00,1.00
2016.04.12 13:46:50.384,8.19972,8.20152,1.50,1.00
2016.04.12 13:46:50.800,8.19972,8.20194,1.50,1.07
2016.04.12 13:46:50.851,8.19972,8.20178,1.50,1.00
2016.04.12 13:46:51.305,8.19999,8.20194,1.00,1.00
2016.04.12 13:46:52.069,8.19999,8.20188,1.00,1.00
2016.04.12 13:46:52.255,8.19999,8.20198,1.00,1.00
2016.04.12 13:46:52.433,8.19999,8.20188,1.00,1.00
2016.04.12 13:46:52.484,8.19999,8.20198,1.00,1.00
2016.04.12 13:46:52.535,8.19999,8.20187,1.00,1.00
2016.04.12 13:46:52.637,8.19972,8.20187,1.00,1.00
2016.04.12 13:46:52.738,8.19938,8.20174,2.16,1.00
2016.04.12 13:46:52.789,8.19938,8.20125,1.87,1.00
2016.04.12 13:46:52.891,8.19938,8.20142,1.61,1.00
2016.04.12 13:46:53.043,8.1994,8.20149,1.54,1.00
2016.04.12 13:46:53.094,8.1994,8.20127,1.54,1.00
2016.04.12 13:46:53.396,8.1994,8.20118,1.54,1.00
2016.04.12 13:46:53.854,8.19951,8.20118,1.00,1.00
2016.04.12 13:46:54.287,8.19951,8.20144,1.00,1.00
2016.04.12 13:46:54.388,8.19976,8.20144,1.00,1.00
2016.04.12 13:46:54.716,8.19986,8.20144,1.00,1.00
2016.04.12 13:46:55.174,8.19986,8.20146,1.00,1.00
2016.04.12 13:46:55.403,8.19986,8.20154,1.00,1.00
2016.04.12 13:46:55.730,8.1994,8.20154,1.00,1.00
2016.04.12 13:46:56.455,8.1994,8.20157,1.00,1.00
2016.04.12 13:46:56.865,8.1994,8.20139,1.00,1.00
2016.04.12 13:46:57.737,8.1994,8.20124,1.00,1.00
2016.04.12 13:46:58.195,8.1994,8.20124,1.00,1.07
2016.04.12 13:46:58.550,8.1994,8.20124,1.00,1.00
2016.04.12 13:46:58.853,8.1994,8.20043,1.00,1.00
2016.04.12 13:46:59.055,8.1989,8.2004,1.00,1.00
2016.04.12 13:46:59.156,8.19855,8.20026,1.00,1.00
2016.04.12 13:46:59.258,8.19855,8.19984,1.00,1.00
2016.04.12 13:46:59.393,8.19835,8.19984,1.00,1.00
2016.04.12 13:46:59.444,8.19807,8.19984,1.00,1.00
2016.04.12 13:46:59.495,8.19807,8.20044,1.00,1.37
2016.04.12 13:46:59.849,8.19843,8.20044,1.00,1.37
2016.04.12 13:47:03.140,8.19843,8.19984,1.00,1.00
2016.04.12 13:47:03.191,8.19807,8.19984,1.00,1.00
2016.04.12 13:47:03.242,8.19807,8.19971,1.00,1.00
2016.04.12 13:47:03.496,8.19762,8.19944,1.00,1.00
2016.04.12 13:47:03.547,8.19762,8.1993,1.00,1.00
2016.04.12 13:47:03.649,8.19762,8.20008,1.00,1.75
2016.04.12 13:47:03.700,8.19762,8.20008,1.00,1.37
2016.04.12 13:47:03.750,8.19796,8.20015,1.00,1.37
2016.04.12 13:47:03.871,8.19796,8.20037,1.00,1.37
2016.04.12 13:47:04.215,8.19796,8.20026,1.00,1.00
2016.04.12 13:47:04.564,8.19796,8.19969,1.00,1.00
2016.04.12 13:47:04.887,8.19763,8.19954,1.00,1.00
2016.04.12 13:47:05.090,8.19763,8.19938,1.00,1.00
2016.04.12 13:47:05.295,8.19763,8.19968,1.00,1.00
2016.04.12 13:47:05.514,8.19763,8.19982,1.00,1.00
2016.04.12 13:47:05.965,8.19763,8.20001,1.00,1.00
2016.04.12 13:47:06.614,8.19763,8.19977,1.00,1.00
2016.04.12 13:47:07.823,8.19763,8.19989,1.00,1.00
2016.04.12 13:47:08.824,8.19763,8.19953,1.00,1.00
2016.04.12 13:47:09.374,8.19763,8.19974,1.00,1.00
2016.04.12 13:47:10.595,8.19763,8.19987,1.00,1.00
2016.04.12 13:47:12.149,8.19763,8.19982,1.00,1.00
2016.04.12 13:47:14.314,8.19763,8.19984,1.00,1.00
2016.04.12 13:47:14.557,8.19763,8.19993,1.00,1.00
2016.04.12 13:47:14.864,8.19763,8.20009,1.00,1.07
2016.04.12 13:47:15.076,8.19797,8.20013,1.00,1.37
2016.04.12 13:47:15.126,8.19797,8.20041,1.00,1.12
2016.04.12 13:47:15.278,8.19797,8.20041,1.00,1.00
2016.04.12 13:47:15.637,8.19797,8.20043,1.00,1.00
2016.04.12 13:47:15.839,8.19797,8.20034,1.00,1.00
2016.04.12 13:47:16.142,8.19797,8.20029,1.00,1.00
2016.04.12 13:47:21.026,8.19797,8.20043,1.00,1.00
2016.04.12 13:47:21.290,8.19843,8.20063,1.00,1.00
2016.04.12 13:47:21.393,8.19843,8.20088,1.00,1.00
2016.04.12 13:47:21.917,8.19843,8.20089,1.00,1.50
2016.04.12 13:47:22.346,8.19843,8.20067,1.00,1.00
2016.04.12 13:47:22.691,8.19843,8.20029,1.00,1.00
2016.04.12 13:47:23.122,8.19843,8.20056,1.00,1.00
2016.04.12 13:47:23.226,8.19843,8.2006,1.00,1.00
2016.04.12 13:47:23.277,8.19843,8.20074,1.00,1.00
2016.04.12 13:47:23.774,8.19843,8.20089,1.00,1.00
2016.04.12 13:47:23.927,8.19875,8.20099,1.00,1.07
2016.04.12 13:47:24.154,8.19875,8.20099,1.00,1.00
2016.04.12 13:47:26.194,8.19875,8.20113,1.00,1.00
2016.04.12 13:47:26.434,8.19875,8.20123,1.00,1.07
2016.04.12 13:47:27.334,8.19875,8.20103,1.00,1.00
2016.04.12 13:47:27.736,8.19875,8.20115,1.00,1.00
2016.04.12 13:47:27.844,8.19875,8.20123,1.00,1.07
2016.04.12 13:47:28.175,8.19875,8.20111,1.00,1.00
2016.04.12 13:47:30.153,8.19875,8.20106,1.00,1.00
2016.04.12 13:47:30.467,8.19875,8.20089,1.00,1.00
2016.04.12 13:47:31.125,8.19888,8.20089,1.00,1.00
2016.04.12 13:47:31.429,8.19988,8.2013,1.50,1.00
2016.04.12 13:47:31.732,8.20041,8.2013,1.00,1.00
2016.04.12 13:47:31.875,8.20041,8.20178,1.00,1.00
2016.04.12 13:47:32.649,8.20043,8.20178,1.00,1.00
2016.04.12 13:47:32.952,8.20089,8.20208,1.00,1.00
2016.04.12 13:47:33.157,8.20089,8.20237,1.00,1.00
2016.04.12 13:47:33.678,8.20089,8.20258,1.00,1.00
2016.04.12 13:47:33.779,8.20089,8.20248,1.00,1.00
2016.04.12 13:47:34.323,8.20089,8.20258,1.00,1.00
2016.04.12 13:47:34.654,8.20089,8.20268,1.00,1.00
2016.04.12 13:47:34.765,8.20095,8.20268,1.00,1.00
2016.04.12 13:47:35.188,8.20095,8.20258,1.00,1.00
2016.04.12 13:47:35.496,8.20089,8.20258,1.00,1.00
2016.04.12 13:47:35.648,8.20103,8.20248,1.00,1.00
2016.04.12 13:47:36.013,8.20089,8.20222,1.00,1.00
2016.04.12 13:47:36.374,8.20103,8.20268,1.00,1.00
2016.04.12 13:47:36.424,8.20103,8.20248,1.00,1.00
2016.04.12 13:47:36.633,8.20103,8.20258,1.00,1.00
2016.04.12 13:47:36.744,8.20103,8.20248,1.00,1.00
2016.04.12 13:47:36.858,8.20103,8.20258,1.00,1.00
2016.04.12 13:47:37.125,8.20103,8.20248,1.00,1.00
2016.04.12 13:47:37.494,8.20103,8.20222,1.00,1.00
2016.04.12 13:47:37.545,8.20077,8.20222,1.00,1.00
2016.04.12 13:47:37.810,8.20051,8.20222,1.00,1.00
2016.04.12 13:47:37.861,8.20051,8.20273,1.00,1.07
2016.04.12 13:47:37.999,8.20051,8.20238,1.00,1.00
2016.04.12 13:47:38.115,8.20081,8.20273,1.00,1.07
2016.04.12 13:47:38.268,8.20081,8.20238,1.00,1.56
2016.04.12 13:47:38.774,8.20104,8.20238,1.00,1.43
2016.04.12 13:47:38.876,8.20094,8.20238,1.00,1.25
2016.04.12 13:47:39.097,8.20096,8.20238,1.00,1.04
2016.04.12 13:47:39.581,8.2011,8.20258,1.00,1.30
2016.04.12 13:47:39.897,8.20144,8.20258,1.00,1.00
2016.04.12 13:47:39.954,8.20144,8.20378,1.00,1.80
2016.04.12 13:47:40.005,8.20163,8.20411,1.00,1.80
2016.04.12 13:47:40.157,8.20163,8.20359,1.00,1.00
2016.04.12 13:47:40.555,8.20164,8.20405,1.00,1.12
2016.04.12 13:47:40.867,8.20164,8.20352,1.00,1.00
2016.04.12 13:47:41.417,8.20163,8.20352,1.00,1.00
2016.04.12 13:47:41.972,8.20163,8.20374,1.00,1.00
2016.04.12 13:47:43.071,8.20163,8.20356,1.00,1.00
2016.04.12 13:47:43.736,8.20185,8.20356,1.00,1.00
2016.04.12 13:47:44.123,8.20205,8.20356,1.00,1.00
2016.04.12 13:47:44.175,8.20205,8.20392,1.00,1.00
2016.04.12 13:47:45.261,8.20205,8.20381,1.00,1.00
2016.04.12 13:47:46.479,8.20205,8.20363,1.00,1.00
2016.04.12 13:47:46.580,8.20205,8.20408,1.00,1.00
2016.04.12 13:47:46.631,8.20205,8.20427,1.00,1.37
2016.04.12 13:47:46.733,8.20205,8.20427,1.00,1.50
2016.04.12 13:47:46.784,8.20185,8.2041,1.00,1.07
2016.04.12 13:47:46.885,8.20162,8.20323,1.00,1.00
2016.04.12 13:47:46.986,8.20142,8.20323,1.00,1.00
2016.04.12 13:47:47.037,8.20125,8.20323,1.00,1.00
2016.04.12 13:47:47.564,8.20134,8.20323,1.00,1.00
2016.04.12 13:47:47.884,8.20163,8.20323,1.00,1.00
2016.04.12 13:47:48.003,8.20163,8.20345,1.00,1.00
2016.04.12 13:47:48.374,8.20163,8.20411,1.00,1.37
2016.04.12 13:47:48.453,8.20163,8.20411,1.00,1.75
2016.04.12 13:47:48.504,8.20143,8.20375,1.00,1.10
2016.04.12 13:47:48.555,8.20127,8.20375,1.00,1.10
2016.04.12 13:47:48.605,8.20127,8.20322,1.00,1.00
2016.04.12 13:47:49.687,8.20127,8.20345,1.00,1.00
2016.04.12 13:47:50.073,8.20127,8.20375,1.00,1.00
2016.04.12 13:47:50.225,8.20127,8.20375,1.00,1.37
2016.04.12 13:47:51.091,8.20127,8.20326,1.00,1.00
2016.04.12 13:47:52.264,8.20127,8.20323,1.00,1.00
2016.04.12 13:47:52.576,8.20107,8.20305,1.00,1.00
2016.04.12 13:47:52.627,8.20092,8.20305,1.00,1.00
2016.04.12 13:47:52.678,8.20092,8.20298,1.00,1.00
2016.04.12 13:47:52.983,8.20049,8.20251,1.00,1.00
2016.04.12 13:47:53.286,8.20049,8.20244,1.00,1.00
2016.04.12 13:47:53.596,8.20049,8.20255,1.00,1.00
2016.04.12 13:47:53.982,8.20029,8.20255,1.00,1.00
2016.04.12 13:47:54.123,8.20009,8.20255,1.00,1.00
2016.04.12 13:47:54.596,8.20009,8.20257,1.00,1.00
2016.04.12 13:47:55.085,8.19989,8.20109,1.00,1.00
2016.04.12 13:47:55.136,8.19959,8.20109,1.00,1.00
2016.04.12 13:47:55.288,8.19939,8.20109,1.00,1.00
2016.04.12 13:47:55.339,8.19913,8.20109,1.00,1.00
2016.04.12 13:47:55.491,8.19893,8.20109,1.00,1.00
2016.04.12 13:47:55.542,8.1987,8.20109,1.00,1.00
2016.04.12 13:47:55.940,8.1987,8.20109,1.00,1.37
2016.04.12 13:47:56.063,8.1987,8.20109,1.00,1.00
2016.04.12 13:47:56.114,8.1987,8.20016,1.00,1.00
2016.04.12 13:47:56.316,8.1987,8.20089,1.00,1.75
2016.04.12 13:47:56.518,8.1987,8.20104,1.00,1.75
2016.04.12 13:47:56.620,8.19851,8.20084,1.00,1.00
2016.04.12 13:47:56.671,8.19836,8.20084,1.00,1.00
2016.04.12 13:47:56.904,8.1987,8.2009,1.00,1.07
2016.04.12 13:47:57.305,8.1987,8.19972,1.00,1.00
2016.04.12 13:47:57.667,8.1987,8.20086,1.00,1.37
2016.04.12 13:47:57.717,8.1987,8.20086,1.00,1.50
2016.04.12 13:47:58.021,8.19906,8.20082,1.00,1.00
2016.04.12 13:47:58.285,8.19906,8.20125,1.00,1.00
2016.04.12 13:47:58.691,8.19906,8.20125,1.00,1.37
2016.04.12 13:47:58.994,8.19906,8.20005,1.00,1.00
2016.04.12 13:47:59.096,8.19887,8.2009,1.00,1.37
2016.04.12 13:47:59.147,8.1987,8.2009,1.00,1.37
2016.04.12 13:47:59.249,8.1987,8.20111,1.00,1.75
2016.04.12 13:47:59.460,8.1987,8.20108,1.00,1.75
2016.04.12 13:48:00.853,8.1987,8.20079,1.00,1.37
2016.04.12 13:48:01.214,8.1987,8.20079,1.00,1.37
2016.04.12 13:48:01.653,8.1987,8.20079,1.00,1.00
2016.04.12 13:48:02.467,8.1987,8.20101,1.00,1.00
2016.04.12 13:48:02.645,8.1987,8.20101,1.00,1.07
2016.04.12 13:48:03.221,8.1987,8.20101,1.00,1.00
2016.04.12 13:48:04.842,8.1987,8.20116,1.00,1.00
2016.04.12 13:48:05.193,8.1987,8.20116,1.00,1.37
2016.04.12 13:48:05.743,8.1987,8.20116,1.00,1.37
2016.04.12 13:48:06.184,8.1987,8.20116,1.00,1.00
2016.04.12 13:48:06.416,8.1987,8.20107,1.00,1.00
2016.04.12 13:48:06.875,8.1987,8.20065,1.00,1.00
2016.04.12 13:48:06.926,8.1987,8.20116,1.00,1.00
2016.04.12 13:48:07.383,8.1987,8.20107,1.00,1.75
2016.04.12 13:48:07.434,8.19849,8.20081,1.00,1.37
2016.04.12 13:48:07.485,8.19833,8.20081,1.00,1.37
2016.04.12 13:48:07.624,8.19833,8.20081,1.00,1.75
2016.04.12 13:48:07.929,8.19833,8.20073,1.00,1.00
2016.04.12 13:48:08.814,8.19833,8.20073,1.00,1.37
2016.04.12 13:48:09.144,8.19833,8.20073,1.00,1.00
2016.04.12 13:48:09.366,8.19833,8.20073,1.00,1.75
2016.04.12 13:48:09.804,8.19833,8.20073,1.00,1.00
2016.04.12 13:48:10.479,8.19797,8.20045,1.00,1.00
2016.04.12 13:48:10.898,8.19797,8.20045,1.00,1.75
2016.04.12 13:48:11.050,8.19787,8.20009,1.00,1.00
2016.04.12 13:48:11.151,8.19761,8.20009,1.00,1.00
2016.04.12 13:48:11.253,8.19761,8.20009,1.00,1.12
2016.04.12 13:48:11.581,8.19761,8.20009,1.00,1.75
2016.04.12 13:48:11.884,8.19761,8.20009,1.00,1.00
2016.04.12 13:48:12.641,8.19798,8.20014,1.00,1.00
2016.04.12 13:48:14.548,8.19798,8.20032,1.00,1.37
2016.04.12 13:48:15.154,8.19798,8.19996,1.00,1.00
2016.04.12 13:48:15.255,8.19778,8.19996,1.00,1.00
2016.04.12 13:48:15.306,8.19762,8.19996,1.00,1.00
2016.04.12 13:48:20.883,8.19762,8.20008,1.00,1.07
2016.04.12 13:48:20.934,8.19762,8.20008,1.00,1.00
2016.04.12 13:48:24.506,8.19799,8.20032,1.00,1.07
2016.04.12 13:48:24.862,8.19799,8.20032,1.00,1.75
2016.04.12 13:48:25.066,8.19778,8.2001,1.00,1.07
2016.04.12 13:48:25.117,8.19762,8.2001,1.00,1.07
2016.04.12 13:48:25.192,8.19762,8.2001,1.00,1.75
2016.04.12 13:48:29.933,8.19762,8.19996,1.00,1.75
2016.04.12 13:48:30.808,8.19762,8.19977,1.00,1.00
2016.04.12 13:48:31.281,8.19762,8.2001,1.00,1.37
2016.04.12 13:48:31.384,8.19805,8.2003,1.00,1.00
2016.04.12 13:48:31.435,8.19805,8.20053,1.00,1.10
2016.04.12 13:48:32.467,8.19805,8.2005,1.00,1.00
2016.04.12 13:48:32.962,8.19805,8.20046,1.00,1.00
2016.04.12 13:48:33.064,8.19805,8.2005,1.00,1.00
2016.04.12 13:48:33.587,8.19805,8.20053,1.00,1.10
2016.04.12 13:48:33.688,8.19805,8.20053,1.00,1.75
2016.04.12 13:48:33.893,8.19805,8.20053,1.00,1.75
2016.04.12 13:48:33.994,8.19805,8.20032,1.00,1.75
2016.04.12 13:48:34.045,8.19755,8.20003,1.00,1.07
2016.04.12 13:48:34.096,8.19757,8.20003,1.00,1.07
2016.04.12 13:48:34.434,8.19757,8.20003,1.00,1.75
2016.04.12 13:48:35.154,8.19763,8.19996,1.00,1.37
2016.04.12 13:48:36.130,8.19763,8.19978,1.00,1.00
2016.04.12 13:48:37.363,8.19755,8.19978,1.00,1.00
2016.04.12 13:48:39.453,8.19755,8.20003,1.00,1.75
2016.04.12 13:48:39.504,8.19755,8.20003,1.00,1.00
2016.04.12 13:48:39.605,8.19755,8.20003,1.00,1.12
2016.04.12 13:48:40.054,8.19755,8.20003,1.00,1.00
2016.04.12 13:48:41.081,8.19755,8.19998,1.00,1.00
2016.04.12 13:48:41.273,8.19755,8.20003,1.00,1.00
2016.04.12 13:48:41.753,8.19755,8.19995,1.00,1.00
2016.04.12 13:48:42.860,8.19755,8.19975,1.00,1.00
2016.04.12 13:48:45.165,8.19755,8.19996,1.00,1.00
2016.04.12 13:48:45.872,8.19755,8.19996,1.00,1.37
2016.04.12 13:48:46.201,8.19755,8.19996,1.00,1.00
2016.04.12 13:48:47.282,8.19755,8.19996,1.00,1.37
2016.04.12 13:48:47.632,8.19755,8.19996,1.00,1.00
2016.04.12 13:48:49.538,8.19755,8.19996,1.00,1.37
2016.04.12 13:48:51.893,8.19755,8.19996,1.00,1.97
2016.04.12 13:48:52.145,8.19707,8.19941,1.00,1.07
2016.04.12 13:48:52.919,8.19707,8.19941,1.00,1.00
2016.04.12 13:48:54.618,8.19742,8.19941,1.00,1.00
2016.04.12 13:48:55.586,8.19742,8.19978,1.00,1.00
2016.04.12 13:48:56.122,8.19742,8.19978,1.00,1.75
2016.04.12 13:49:01.060,8.19742,8.19978,1.00,1.75
2016.04.12 13:49:01.416,8.19742,8.19964,1.00,1.37
2016.04.12 13:49:01.776,8.19742,8.19971,1.00,1.75
2016.04.12 13:49:01.929,8.1971,8.19957,1.00,1.75
2016.04.12 13:49:02.393,8.1971,8.19957,1.00,1.75
2016.04.12 13:49:02.716,8.1971,8.19957,1.00,1.75
2016.04.12 13:49:03.060,8.1971,8.19888,1.00,1.37
2016.04.12 13:49:03.111,8.19674,8.19888,1.00,1.37
2016.04.12 13:49:03.737,8.19674,8.19888,1.00,1.75
2016.04.12 13:49:04.114,8.19631,8.19879,1.00,1.75
2016.04.12 13:49:04.982,8.19639,8.19869,1.00,1.37
2016.04.12 13:49:08.420,8.19647,8.19862,1.00,1.37
2016.04.12 13:49:08.721,8.19667,8.19862,1.00,1.00
2016.04.12 13:49:08.772,8.19667,8.19887,1.00,1.37
2016.04.12 13:49:11.200,8.19683,8.19915,1.00,1.37
2016.04.12 13:49:11.251,8.19704,8.1995,1.00,1.75
2016.04.12 13:49:11.302,8.19704,8.1995,1.00,1.75
2016.04.12 13:49:12.097,8.19719,8.1995,1.00,1.75
2016.04.12 13:49:12.308,8.19739,8.1996,1.00,1.72
2016.04.12 13:49:13.293,8.19739,8.19954,1.00,1.35
2016.04.12 13:49:23.401,8.19739,8.19939,1.00,1.37
2016.04.12 13:49:25.623,8.19739,8.19939,1.00,1.00
2016.04.12 13:49:25.727,8.19739,8.19957,1.00,1.97
2016.04.12 13:49:26.816,8.19739,8.19939,1.00,1.00
2016.04.12 13:49:29.004,8.19729,8.19939,1.00,1.00
2016.04.12 13:49:29.598,8.19729,8.19939,1.00,1.37
2016.04.12 13:49:33.987,8.19729,8.19965,1.00,1.35
2016.04.12 13:49:35.571,8.19745,8.19975,1.00,1.75
2016.04.12 13:49:35.622,8.19745,8.19975,1.00,1.37
2016.04.12 13:49:35.673,8.19765,8.19975,1.00,1.37
2016.04.12 13:49:35.724,8.19765,8.19975,1.00,1.00
2016.04.12 13:49:36.118,8.19765,8.19977,1.00,1.00
2016.04.12 13:49:36.169,8.19765,8.19977,1.00,1.37
2016.04.12 13:49:37.301,8.19765,8.19956,1.00,1.00
2016.04.12 13:49:40.464,8.19765,8.19968,1.00,1.07
2016.04.12 13:49:41.440,8.19765,8.19967,1.00,1.00
2016.04.12 13:49:46.322,8.19765,8.19967,1.00,1.37
2016.04.12 13:49:48.159,8.19765,8.19957,1.00,1.35
2016.04.12 13:49:48.252,8.1972,8.19914,1.00,1.00
2016.04.12 13:49:48.303,8.19727,8.19914,1.00,1.37
2016.04.12 13:49:48.521,8.19727,8.19962,1.00,1.00
2016.04.12 13:49:48.689,8.19736,8.19962,1.00,1.00
2016.04.12 13:49:48.992,8.1976,8.19962,1.00,1.00
2016.04.12 13:49:49.316,8.19778,8.19968,1.00,1.00
2016.04.12 13:49:49.875,8.1983,8.19968,1.00,1.00
2016.04.12 13:49:50.231,8.1983,8.1996,1.00,1.00
2016.04.12 13:49:51.457,8.19833,8.1996,1.00,1.00
2016.04.12 13:49:51.790,8.19878,8.19964,1.00,1.00
2016.04.12 13:49:52.349,8.19878,8.19967,1.00,1.00
2016.04.12 13:49:52.652,8.19878,8.19963,1.00,1.00
2016.04.12 13:49:54.089,8.19918,8.19972,1.00,1.00
2016.04.12 13:49:54.741,8.19882,8.19962,1.00,1.00
2016.04.12 13:49:57.362,8.19882,8.19964,1.00,1.00
2016.04.12 13:49:58.027,8.19882,8.19992,1.00,1.00
2016.04.12 13:49:58.078,8.19957,8.20092,1.00,1.00
2016.04.12 13:49:58.129,8.19957,8.20114,1.00,1.00
2016.04.12 13:49:58.231,8.19957,8.20169,1.00,1.00
2016.04.12 13:49:58.282,8.1997,8.20169,1.00,1.00
2016.04.12 13:49:58.384,8.19966,8.20169,1.00,1.00
2016.04.12 13:49:58.514,8.20002,8.20169,1.00,1.00
2016.04.12 13:49:58.700,8.20002,8.20178,1.00,1.00
2016.04.12 13:49:58.953,8.20002,8.20247,1.00,1.00
2016.04.12 13:49:59.054,8.20019,8.20247,1.00,1.00
2016.04.12 13:49:59.358,8.20039,8.20287,1.00,1.00
2016.04.12 13:49:59.571,8.20069,8.20287,1.00,1.00
2016.04.12 13:49:59.910,8.20088,8.20306,1.00,1.00
2016.04.12 13:49:59.961,8.20088,8.20316,1.00,1.00
2016.04.12 13:50:00.343,8.20104,8.20316,1.00,1.00
2016.04.12 13:50:00.495,8.20105,8.20335,1.00,1.00
2016.04.12 13:50:00.616,8.20125,8.20336,1.00,1.00
2016.04.12 13:50:00.666,8.20125,8.20373,1.00,1.00
2016.04.12 13:50:00.768,8.20125,8.20344,1.00,1.00
2016.04.12 13:50:01.087,8.20125,8.203,1.00,1.00
2016.04.12 13:50:01.444,8.20125,8.20362,1.00,1.00
2016.04.12 13:50:02.355,8.20126,8.20362,1.00,1.00
2016.04.12 13:50:02.558,8.20139,8.20362,1.00,1.00
2016.04.12 13:50:02.806,8.20126,8.20362,1.00,1.00
2016.04.12 13:50:03.316,8.20147,8.20362,1.00,1.00
2016.04.12 13:50:03.367,8.20147,8.20373,1.00,1.00
2016.04.12 13:50:03.468,8.20182,8.20411,1.00,1.00
2016.04.12 13:50:03.635,8.20215,8.20411,1.00,1.00
2016.04.12 13:50:03.939,8.20235,8.2042,1.00,1.00
2016.04.12 13:50:04.141,8.20198,8.2042,1.00,1.00
2016.04.12 13:50:04.243,8.20215,8.2042,1.00,1.00
2016.04.12 13:50:04.607,8.20215,8.20439,1.00,1.00
2016.04.12 13:50:04.658,8.20256,8.20439,1.00,1.00
2016.04.12 13:50:04.864,8.20191,8.20439,1.00,1.00
2016.04.12 13:50:05.076,8.20242,8.20442,1.00,1.00
2016.04.12 13:50:05.405,8.20276,8.20442,1.00,1.00
2016.04.12 13:50:06.169,8.20276,8.20464,1.00,1.00
2016.04.12 13:50:06.649,8.20279,8.20464,1.00,1.00
2016.04.12 13:50:06.871,8.20276,8.20464,1.00,1.00
2016.04.12 13:50:07.272,8.20276,8.2046,1.00,1.00
2016.04.12 13:50:07.825,8.20287,8.2046,1.00,1.00
2016.04.12 13:50:07.876,8.20287,8.20504,1.00,1.00
2016.04.12 13:50:08.165,8.20319,8.20504,1.00,1.00
2016.04.12 13:50:08.998,8.20319,8.20481,1.00,1.00
2016.04.12 13:50:10.602,8.20319,8.20518,1.00,1.00
2016.04.12 13:50:11.781,8.20319,8.20521,1.00,1.00
2016.04.12 13:50:12.787,8.20319,8.2041,1.00,1.00
2016.04.12 13:50:12.989,8.20278,8.20359,1.00,1.00
2016.04.12 13:50:13.090,8.20278,8.20463,1.00,1.00
2016.04.12 13:50:13.141,8.20278,8.20508,1.00,1.00
2016.04.12 13:50:13.192,8.2021,8.20424,1.00,1.00
2016.04.12 13:50:13.243,8.20201,8.20424,1.00,1.00
2016.04.12 13:50:13.294,8.20201,8.20379,1.00,1.00
2016.04.12 13:50:13.395,8.20206,8.20441,1.00,1.00
2016.04.12 13:50:13.446,8.20214,8.20441,1.00,1.00
2016.04.12 13:50:13.497,8.20214,8.20454,1.00,1.00
2016.04.12 13:50:13.548,8.20206,8.20454,1.00,1.00
2016.04.12 13:50:13.765,8.20215,8.20454,1.00,1.00
2016.04.12 13:50:14.112,8.20231,8.20454,1.00,1.00
2016.04.12 13:50:14.495,8.20231,8.20434,1.00,1.00
2016.04.12 13:50:14.546,8.20211,8.20434,1.00,1.00
2016.04.12 13:50:14.597,8.20243,8.20491,1.00,1.00
2016.04.12 13:50:15.596,8.20243,8.20423,1.00,1.00
2016.04.12 13:50:16.700,8.20243,8.20394,1.00,1.00
2016.04.12 13:50:16.807,8.20243,8.20444,1.00,1.00
2016.04.12 13:50:17.775,8.20243,8.20372,1.00,1.00
2016.04.12 13:50:18.306,8.20243,8.20484,1.00,1.75
2016.04.12 13:50:18.441,8.20243,8.20484,1.00,1.00
2016.04.12 13:50:18.593,8.20243,8.20432,1.00,1.00
2016.04.12 13:50:19.687,8.20243,8.2045,1.00,1.00
2016.04.12 13:50:20.787,8.20243,8.20444,1.00,1.00
2016.04.12 13:50:21.786,8.20243,8.20487,1.00,1.75
2016.04.12 13:50:21.897,8.20243,8.20487,1.00,1.00
2016.04.12 13:50:22.099,8.20243,8.20444,1.00,1.00
2016.04.12 13:50:22.588,8.20243,8.20487,1.00,1.00
2016.04.12 13:50:22.823,8.20243,8.2045,1.00,1.00
2016.04.12 13:50:23.281,8.20243,8.20487,1.00,1.00
2016.04.12 13:50:23.619,8.20243,8.20444,1.00,1.00
2016.04.12 13:50:25.133,8.20243,8.20488,1.00,1.00
2016.04.12 13:50:25.554,8.20243,8.20488,1.00,1.37
2016.04.12 13:50:25.945,8.20243,8.20441,1.00,1.00
2016.04.12 13:50:26.685,8.20243,8.20443,1.00,1.00
2016.04.12 13:50:27.362,8.20243,8.20488,1.00,1.37
2016.04.12 13:50:27.586,8.20243,8.20451,1.00,1.00
2016.04.12 13:50:29.184,8.20243,8.20451,1.00,1.07
2016.04.12 13:50:29.888,8.20243,8.20415,1.00,1.00
2016.04.12 13:50:30.741,8.20229,8.20415,1.00,1.00
2016.04.12 13:50:30.991,8.20229,8.20433,1.00,1.00
2016.04.12 13:50:32.291,8.20229,8.20459,1.00,1.00
2016.04.12 13:50:33.499,8.20229,8.20451,1.00,1.00
2016.04.12 13:50:33.865,8.20265,8.20451,1.00,1.00
2016.04.12 13:50:34.616,8.20265,8.20462,1.00,1.00
2016.04.12 13:50:35.716,8.20265,8.20451,1.00,1.00
2016.04.12 13:50:35.981,8.20238,8.20451,1.00,1.00
2016.04.12 13:50:36.809,8.20238,8.20476,1.00,1.00
2016.04.12 13:50:37.797,8.20238,8.20459,1.00,1.00
2016.04.12 13:50:38.643,8.20238,8.20459,1.00,1.37
2016.04.12 13:50:38.964,8.20245,8.2045,1.00,1.07
2016.04.12 13:50:39.876,8.20245,8.20475,1.00,1.00
2016.04.12 13:50:40.300,8.20245,8.2045,1.00,1.00
2016.04.12 13:50:41.301,8.20245,8.20475,1.00,1.00
2016.04.12 13:50:42.062,8.20273,8.20508,1.00,1.00
2016.04.12 13:50:42.322,8.20273,8.20452,1.00,1.00
2016.04.12 13:50:42.676,8.2031,8.20452,1.00,1.00
2016.04.12 13:50:43.131,8.2031,8.20506,1.00,1.00
2016.04.12 13:50:43.614,8.2031,8.20556,1.00,1.50
2016.04.12 13:50:43.665,8.20345,8.20556,1.00,1.00
2016.04.12 13:50:43.757,8.20345,8.20593,1.00,1.00
2016.04.12 13:50:43.808,8.20345,8.20585,1.00,1.00
2016.04.12 13:50:44.196,8.20381,8.20585,1.00,1.00
2016.04.12 13:50:44.905,8.20381,8.20603,1.00,1.00
2016.04.12 13:50:47.255,8.20381,8.20618,1.00,1.00
2016.04.12 13:50:47.306,8.20423,8.20618,1.00,1.00
2016.04.12 13:50:47.609,8.20423,8.20571,1.00,1.00
2016.04.12 13:50:48.346,8.20423,8.20618,1.00,1.00
2016.04.12 13:50:48.626,8.20423,8.20571,1.00,1.00
2016.04.12 13:50:48.677,8.2038,8.20571,1.00,1.00
2016.04.12 13:50:48.885,8.20337,8.20517,1.00,1.00
2016.04.12 13:50:49.626,8.20337,8.20578,1.00,1.37
2016.04.12 13:50:49.677,8.20337,8.20585,1.00,1.00
2016.04.12 13:50:49.816,8.2038,8.20545,1.00,1.00
2016.04.12 13:50:50.126,8.2038,8.20579,1.00,1.00
2016.04.12 13:50:50.278,8.2036,8.20579,1.00,1.00
2016.04.12 13:50:50.329,8.20345,8.20509,1.00,1.00
2016.04.12 13:50:50.853,8.20345,8.20579,1.00,1.00
2016.04.12 13:50:51.112,8.20345,8.20546,1.00,1.00
2016.04.12 13:50:51.361,8.20345,8.20579,1.00,1.00
2016.04.12 13:50:51.813,8.20345,8.20553,1.00,1.00
2016.04.12 13:50:52.162,8.20345,8.20579,1.00,1.00
2016.04.12 13:50:55.364,8.20345,8.20559,1.00,1.00
2016.04.12 13:50:56.353,8.20345,8.20579,1.00,1.00
2016.04.12 13:50:56.817,8.20345,8.20567,1.00,1.00
2016.04.12 13:50:57.608,8.20345,8.20524,1.00,1.00
2016.04.12 13:50:57.913,8.20296,8.20452,1.00,1.00
2016.04.12 13:50:58.422,8.20296,8.20537,1.00,1.00
2016.04.12 13:50:58.857,8.20296,8.20544,1.00,1.00
2016.04.12 13:50:58.908,8.20296,8.20544,1.00,1.75
2016.04.12 13:50:59.231,8.20296,8.20544,1.00,1.00
2016.04.12 13:50:59.805,8.20338,8.20557,1.00,1.00
2016.04.12 13:51:00.559,8.20338,8.20567,1.00,1.00
2016.04.12 13:51:00.610,8.20338,8.20557,1.00,1.00
2016.04.12 13:51:00.704,8.20338,8.20568,1.00,1.00
2016.04.12 13:51:00.856,8.20338,8.20575,1.00,1.00
2016.04.12 13:51:01.384,8.20338,8.20568,1.00,1.00
2016.04.12 13:51:02.811,8.20376,8.20568,1.00,1.00
2016.04.12 13:51:02.944,8.20376,8.20584,1.00,1.00
2016.04.12 13:51:03.794,8.20376,8.20598,1.00,1.00
2016.04.12 13:51:04.198,8.20376,8.20598,1.00,1.37
2016.04.12 13:51:04.383,8.20376,8.20598,1.00,1.00
2016.04.12 13:51:09.057,8.20376,8.20589,1.00,1.00
2016.04.12 13:51:09.361,8.20376,8.20535,1.00,1.00
2016.04.12 13:51:10.352,8.20376,8.20567,1.00,1.00
2016.04.12 13:51:11.553,8.20376,8.20556,1.00,1.00
2016.04.12 13:51:12.755,8.20376,8.20563,1.00,1.00
2016.04.12 13:51:12.957,8.20331,8.20563,1.00,1.00
2016.04.12 13:51:20.386,8.20295,8.20543,1.00,1.00
2016.04.12 13:51:23.565,8.20295,8.20539,1.00,1.00
2016.04.12 13:51:24.795,8.20295,8.20543,1.00,1.00
2016.04.12 13:51:25.384,8.20295,8.20517,1.00,1.00
2016.04.12 13:51:25.485,8.20252,8.205,1.00,1.00
2016.04.12 13:51:26.181,8.20266,8.205,1.00,1.00
2016.04.12 13:51:26.231,8.20286,8.20534,1.00,1.00
2016.04.12 13:51:26.383,8.20286,8.20534,1.00,1.75
2016.04.12 13:51:27.415,8.20286,8.20534,1.00,1.00
2016.04.12 13:51:30.303,8.20286,8.20491,1.00,1.00
2016.04.12 13:51:31.573,8.20286,8.20521,1.00,1.37
2016.04.12 13:51:32.036,8.20286,8.20513,1.00,1.97
2016.04.12 13:51:32.238,8.20266,8.20462,1.00,1.60
2016.04.12 13:51:32.289,8.20246,8.20462,1.00,1.60
2016.04.12 13:51:32.340,8.20226,8.2044,1.00,1.00
2016.04.12 13:51:32.391,8.20192,8.2044,1.00,1.00
2016.04.12 13:51:33.316,8.20192,8.20433,1.00,1.00
2016.04.12 13:51:34.412,8.20192,8.20433,1.00,1.75
2016.04.12 13:51:34.728,8.20192,8.20374,1.00,2.85
2016.04.12 13:51:34.779,8.20122,8.2037,1.50,1.00
2016.04.12 13:51:34.880,8.20122,8.20315,1.00,1.00
2016.04.12 13:51:35.144,8.20122,8.20335,1.07,1.00
2016.04.12 13:51:35.195,8.20122,8.20349,1.07,1.00
2016.04.12 13:51:35.347,8.20148,8.20369,1.00,1.00
2016.04.12 13:51:35.398,8.20148,8.20396,1.00,1.37
2016.04.12 13:51:36.643,8.20148,8.20382,1.00,1.75
2016.04.12 13:51:37.572,8.20148,8.20348,1.00,2.10
2016.04.12 13:51:37.673,8.20128,8.20348,1.00,2.10
2016.04.12 13:51:37.724,8.20115,8.20333,1.00,1.35
2016.04.12 13:51:37.775,8.20095,8.20296,1.00,1.00
2016.04.12 13:51:37.826,8.20082,8.20273,1.00,1.00
2016.04.12 13:51:38.088,8.20082,8.20296,1.00,1.00
2016.04.12 13:51:38.152,8.20082,8.20296,1.00,1.75
2016.04.12 13:51:38.873,8.20048,8.20296,1.07,1.75
2016.04.12 13:51:39.144,8.20048,8.20296,1.00,1.75
2016.04.12 13:51:39.484,8.2006,8.20292,1.00,1.75
2016.04.12 13:51:40.145,8.2006,8.20292,1.00,1.75
2016.04.12 13:51:42.150,8.20062,8.20292,1.00,1.75
2016.04.12 13:51:42.222,8.20062,8.20292,1.00,1.12
2016.04.12 13:51:42.374,8.2006,8.20292,1.00,1.72
2016.04.12 13:51:42.442,8.2006,8.20292,1.00,1.97
2016.04.12 13:51:42.493,8.20048,8.20285,1.00,1.07
2016.04.12 13:51:42.595,8.20092,8.20285,1.00,1.07
2016.04.12 13:51:42.696,8.20092,8.20313,1.00,1.97
2016.04.12 13:51:42.747,8.20092,8.20313,1.00,1.37
2016.04.12 13:51:42.798,8.20092,8.20313,1.00,1.00
2016.04.12 13:51:42.904,8.20092,8.20326,1.00,1.00
2016.04.12 13:51:43.006,8.20092,8.2034,1.00,1.07
2016.04.12 13:51:43.624,8.20128,8.20334,1.00,1.07
2016.04.12 13:51:44.761,8.20128,8.20334,1.00,1.37
2016.04.12 13:51:45.599,8.20108,8.20302,1.00,1.00
2016.04.12 13:51:45.650,8.20078,8.20302,1.00,1.67
2016.04.12 13:51:45.751,8.20078,8.203,1.00,1.35
2016.04.12 13:51:46.084,8.20078,8.20299,1.00,1.35
2016.04.12 13:51:46.213,8.20078,8.20302,1.00,1.97
2016.04.12 13:51:46.314,8.20078,8.20302,1.00,1.97
2016.04.12 13:51:47.221,8.20114,8.20329,1.00,1.35
2016.04.12 13:51:47.383,8.20114,8.20339,1.00,1.75
2016.04.12 13:51:47.502,8.20114,8.20339,1.00,1.37
2016.04.12 13:51:47.966,8.2015,8.20397,1.00,1.75
2016.04.12 13:51:49.618,8.20186,8.20397,1.00,1.75
2016.04.12 13:51:49.720,8.20186,8.20434,1.00,1.75
2016.04.12 13:51:49.821,8.2023,8.20476,1.00,1.75
2016.04.12 13:51:50.029,8.2023,8.20476,1.00,1.75
2016.04.12 13:51:50.081,8.2023,8.20476,1.00,1.37
2016.04.12 13:51:50.132,8.20265,8.20506,1.00,1.75
2016.04.12 13:51:50.183,8.20265,8.20506,1.00,1.75
2016.04.12 13:51:50.765,8.20265,8.20506,1.00,1.75
2016.04.12 13:51:51.076,8.20265,8.20475,1.00,1.35
2016.04.12 13:51:51.474,8.20265,8.2047,1.00,1.75
2016.04.12 13:51:51.575,8.20221,8.20467,1.00,1.75
2016.04.12 13:51:51.689,8.20221,8.20467,1.00,1.37
2016.04.12 13:51:51.740,8.20221,8.20445,1.00,1.00
2016.04.12 13:51:52.918,8.20221,8.20467,1.00,1.37
2016.04.12 13:51:55.238,8.20236,8.20467,1.00,1.37
2016.04.12 13:51:55.549,8.20256,8.20504,1.00,1.75
2016.04.12 13:51:56.724,8.20293,8.20539,1.00,1.75
2016.04.12 13:51:56.777,8.20293,8.20539,1.00,1.37
2016.04.12 13:51:57.102,8.20293,8.20539,1.00,1.75
2016.04.12 13:51:57.413,8.20293,8.20508,1.00,1.00
2016.04.12 13:51:57.757,8.20293,8.20508,1.00,1.37
2016.04.12 13:51:58.062,8.20293,8.20508,1.00,1.75
2016.04.12 13:51:59.041,8.20256,8.20504,1.50,1.37
2016.04.12 13:51:59.866,8.20256,8.20492,1.50,1.75
2016.04.12 13:52:00.633,8.20256,8.20492,1.00,1.37
2016.04.12 13:52:00.827,8.20256,8.20492,1.00,1.07
2016.04.12 13:52:01.475,8.20256,8.20495,1.00,1.35
2016.04.12 13:52:01.914,8.20256,8.20488,1.00,1.75
2016.04.12 13:52:02.116,8.20205,8.20452,1.00,1.75
2016.04.12 13:52:02.268,8.20223,8.20452,1.00,1.37
2016.04.12 13:52:02.601,8.20334,8.20582,1.00,1.12
2016.04.12 13:52:02.652,8.204,8.20637,1.00,1.37
2016.04.12 13:52:02.703,8.204,8.20638,1.00,1.07
2016.04.12 13:52:02.805,8.204,8.20646,1.00,1.07
2016.04.12 13:52:03.059,8.204,8.20646,1.00,1.37
2016.04.12 13:52:03.568,8.204,8.20646,1.00,2.25
2016.04.12 13:52:03.771,8.20356,8.20599,1.00,1.37
2016.04.12 13:52:03.822,8.20356,8.20599,1.00,1.75
2016.04.12 13:52:03.923,8.20321,8.20567,1.00,1.75
2016.04.12 13:52:04.025,8.20321,8.20567,1.00,1.75
2016.04.12 13:52:04.227,8.20321,8.20567,1.00,1.07
2016.04.12 13:52:04.559,8.20321,8.20567,1.00,1.00
2016.04.12 13:52:04.762,8.20324,8.20567,1.00,1.00
2016.04.12 13:52:05.109,8.20363,8.20611,1.00,1.37
2016.04.12 13:52:05.755,8.20343,8.20576,1.00,1.00
2016.04.12 13:52:05.806,8.20328,8.20576,1.00,1.00
2016.04.12 13:52:06.547,8.20367,8.20596,1.00,1.07
2016.04.12 13:52:06.800,8.20382,8.20609,1.00,1.00
2016.04.12 13:52:06.850,8.20397,8.20615,1.00,1.00
2016.04.12 13:52:06.901,8.20403,8.20651,1.00,1.00
2016.04.12 13:52:06.952,8.20439,8.20671,1.00,1.87
2016.04.12 13:52:07.003,8.20439,8.20671,1.00,1.00
2016.04.12 13:52:07.342,8.20439,8.20671,1.00,1.75
2016.04.12 13:52:07.466,8.20403,8.20651,1.00,1.07
2016.04.12 13:52:07.874,8.20403,8.20651,1.00,1.75
2016.04.12 13:52:08.842,8.20403,8.20645,1.00,1.00
2016.04.12 13:52:08.893,8.2044,8.20645,1.00,1.00
2016.04.12 13:52:09.213,8.2044,8.20683,1.00,1.75
2016.04.12 13:52:11.314,8.20453,8.20683,1.00,1.75
2016.04.12 13:52:11.416,8.20482,8.2073,1.00,1.75
2016.04.12 13:52:11.518,8.20482,8.2073,1.00,1.07
2016.04.12 13:52:11.959,8.20482,8.2073,1.00,1.45
2016.04.12 13:52:12.270,8.20482,8.20675,1.00,1.00
2016.04.12 13:52:12.593,8.20482,8.20644,1.00,1.00
2016.04.12 13:52:13.933,8.20482,8.20663,1.00,1.00
2016.04.12 13:52:14.084,8.20498,8.20663,1.00,1.00
2016.04.12 13:52:14.472,8.20518,8.20663,1.00,1.00
2016.04.12 13:52:14.726,8.20476,8.20663,1.00,1.00
2016.04.12 13:52:15.590,8.20476,8.20723,1.00,1.75
2016.04.12 13:52:16.789,8.20476,8.20724,1.00,1.00
2016.04.12 13:52:17.475,8.20499,8.20724,1.00,1.00
2016.04.12 13:52:17.526,8.20519,8.20768,1.00,1.37
2016.04.12 13:52:17.577,8.20519,8.20724,1.00,1.00
2016.04.12 13:52:18.039,8.20519,8.20768,1.00,1.37
2016.04.12 13:52:19.548,8.20519,8.20693,1.00,1.00
2016.04.12 13:52:20.047,8.20519,8.20758,1.00,1.37
2016.04.12 13:52:20.601,8.20519,8.20758,1.00,1.75
2016.04.12 13:52:21.354,8.20486,8.20734,1.00,1.07
2016.04.12 13:52:22.304,8.20486,8.20734,1.00,1.50
2016.04.12 13:52:22.627,8.20486,8.20675,1.00,1.00
2016.04.12 13:52:22.880,8.20436,8.20675,1.00,1.00
2016.04.12 13:52:23.567,8.20436,8.20684,1.00,1.07
2016.04.12 13:52:24.825,8.20436,8.20684,1.00,1.37
2016.04.12 13:52:25.781,8.20436,8.20684,1.00,1.37
2016.04.12 13:52:26.991,8.20436,8.20684,1.00,1.37
2016.04.12 13:52:28.051,8.20436,8.20635,1.00,1.00
2016.04.12 13:52:28.363,8.20436,8.20684,1.00,1.37
2016.04.12 13:52:28.569,8.20436,8.20684,1.00,1.75
2016.04.12 13:52:29.648,8.20436,8.20684,1.00,1.37
2016.04.12 13:52:30.213,8.20442,8.20684,1.00,1.37
2016.04.12 13:52:30.401,8.20442,8.20684,1.00,1.00
2016.04.12 13:52:30.829,8.20462,8.20684,1.00,1.00
2016.04.12 13:52:30.981,8.20487,8.20733,1.00,1.37
2016.04.12 13:52:31.082,8.20487,8.20733,1.00,1.07
2016.04.12 13:52:32.076,8.20487,8.20733,1.00,1.37
2016.04.12 13:52:33.086,8.20487,8.20733,1.00,1.75
2016.04.12 13:52:33.586,8.20487,8.20635,1.00,1.00
2016.04.12 13:52:33.637,8.20448,8.20635,1.00,1.00
2016.04.12 13:52:33.979,8.20461,8.20635,1.00,1.00
2016.04.12 13:52:34.081,8.20461,8.20696,1.00,1.37
2016.04.12 13:52:34.183,8.20461,8.20696,1.00,1.00
2016.04.12 13:52:34.885,8.20479,8.20696,1.00,1.00
2016.04.12 13:52:35.532,8.20524,8.20696,1.00,1.00
2016.04.12 13:52:36.777,8.20524,8.20685,1.00,1.00
2016.04.12 13:52:36.951,8.20498,8.20685,1.00,1.60
2016.04.12 13:52:37.002,8.20493,8.20685,1.00,1.60
2016.04.12 13:52:37.053,8.20493,8.20685,1.00,2.10
2016.04.12 13:52:37.263,8.20453,8.20679,1.66,1.60
2016.04.12 13:52:37.314,8.20453,8.20679,1.66,1.00
2016.04.12 13:52:37.365,8.20494,8.20665,1.00,1.00
2016.04.12 13:52:37.668,8.20514,8.20684,1.00,1.00
2016.04.12 13:52:37.719,8.20514,8.20715,1.00,1.00
2016.04.12 13:52:38.039,8.20514,8.20746,1.00,1.00
2016.04.12 13:52:38.090,8.20514,8.20731,1.00,1.00
2016.04.12 13:52:38.363,8.20514,8.20746,1.00,1.00
2016.04.12 13:52:39.333,8.20514,8.20746,1.00,1.37
2016.04.12 13:52:39.421,8.20514,8.20746,1.00,1.00
2016.04.12 13:52:39.875,8.20543,8.20749,1.00,1.00
2016.04.12 13:52:39.926,8.20508,8.20749,1.00,1.00
2016.04.12 13:52:40.442,8.20553,8.20749,1.00,1.00
2016.04.12 13:52:42.082,8.20553,8.20735,1.00,1.00
2016.04.12 13:52:42.267,8.20553,8.20749,1.00,1.00
2016.04.12 13:52:43.503,8.20553,8.20738,1.00,1.00
2016.04.12 13:52:43.843,8.20553,8.20718,1.00,1.00
2016.04.12 13:52:44.938,8.20553,8.20757,1.00,1.10
2016.04.12 13:52:45.039,8.20553,8.20775,1.00,1.00
2016.04.12 13:52:45.343,8.20566,8.20812,1.00,1.07
2016.04.12 13:52:45.473,8.20566,8.20812,1.00,1.00
2016.04.12 13:52:47.083,8.20581,8.20812,1.00,1.00
2016.04.12 13:52:47.411,8.20601,8.20829,1.00,1.00
2016.04.12 13:52:47.514,8.20601,8.20849,1.00,1.00
2016.04.12 13:52:52.547,8.2074,8.20835,1.00,1.00
2016.04.12 13:52:52.648,8.20724,8.20849,1.00,1.00
2016.04.12 13:52:53.380,8.20728,8.20849,1.00,1.00
2016.04.12 13:52:53.900,8.20729,8.20849,1.00,1.00
2016.04.12 13:52:54.251,8.20735,8.20849,1.00,1.00
2016.04.12 13:52:54.434,8.20728,8.20849,1.00,1.00
2016.04.12 13:52:54.664,8.20732,8.20849,1.00,1.00
2016.04.12 13:52:55.788,8.20728,8.20849,1.00,1.00
2016.04.12 13:52:55.839,8.20728,8.20849,1.00,1.37
2016.04.12 13:52:56.141,8.20724,8.20817,1.00,1.00
2016.04.12 13:52:56.459,8.2073,8.2081,1.00,1.00
2016.04.12 13:52:56.992,8.20735,8.2081,1.00,1.00
2016.04.12 13:52:57.320,8.20732,8.2081,1.00,1.00
2016.04.12 13:52:58.285,8.20732,8.20789,1.00,1.00
2016.04.12 13:52:58.683,8.20736,8.20789,1.00,1.00
2016.04.12 13:52:59.000,8.20603,8.20789,1.00,1.00
2016.04.12 13:52:59.152,8.20601,8.20789,1.00,1.00
2016.04.12 13:52:59.502,8.20601,8.20786,1.00,1.00
2016.04.12 13:53:00.426,8.20627,8.20786,1.00,1.00
2016.04.12 13:53:00.603,8.20627,8.2081,1.00,1.72
2016.04.12 13:53:00.654,8.20627,8.2081,1.00,1.60
2016.04.12 13:53:01.688,8.20627,8.20801,1.00,1.00
2016.04.12 13:53:03.085,8.206,8.20801,1.00,1.00
2016.04.12 13:53:03.135,8.20588,8.20796,2.33,1.00
2016.04.12 13:53:03.439,8.20588,8.20729,2.57,1.07
2016.04.12 13:53:03.634,8.20506,8.20729,1.32,1.07
2016.04.12 13:53:03.736,8.2049,8.20729,1.00,1.07
2016.04.12 13:53:03.838,8.20484,8.20729,1.00,1.07
2016.04.12 13:53:03.950,8.20484,8.20729,1.00,1.37
2016.04.12 13:53:06.283,8.20497,8.20725,1.00,1.07
2016.04.12 13:53:06.524,8.20484,8.20725,1.00,1.07
2016.04.12 13:53:06.575,8.20484,8.20715,1.00,1.00
2016.04.12 13:53:06.637,8.20462,8.20694,1.00,1.00
2016.04.12 13:53:06.688,8.20448,8.20694,1.00,1.07
2016.04.12 13:53:06.739,8.20448,8.20664,1.00,1.00
2016.04.12 13:53:07.081,8.20434,8.20645,1.00,1.00
2016.04.12 13:53:07.463,8.20476,8.20645,1.00,1.00
2016.04.12 13:53:07.908,8.20509,8.20645,1.00,1.00
2016.04.12 13:53:07.959,8.20509,8.20703,1.00,1.00
2016.04.12 13:53:08.111,8.20494,8.20703,1.00,1.00
2016.04.12 13:53:08.162,8.20503,8.20751,1.00,1.00
2016.04.12 13:53:08.221,8.20509,8.20751,1.00,1.00
2016.04.12 13:53:08.526,8.20526,8.20751,1.10,1.00
2016.04.12 13:53:08.627,8.20567,8.20815,1.00,1.00
2016.04.12 13:53:09.107,8.20611,8.20859,1.00,1.75
2016.04.12 13:53:09.208,8.20646,8.20868,1.00,1.07
2016.04.12 13:53:09.613,8.20646,8.20894,1.00,1.00
2016.04.12 13:53:09.664,8.20682,8.20914,1.00,1.07
2016.04.12 13:53:10.877,8.20682,8.20886,1.00,1.00
2016.04.12 13:53:11.029,8.20663,8.20886,1.00,1.37
2016.04.12 13:53:11.080,8.20639,8.20886,1.00,1.37
2016.04.12 13:53:11.683,8.20779,8.20886,1.00,1.37
2016.04.12 13:53:12.063,8.20775,8.20875,1.00,1.37
2016.04.12 13:53:12.144,8.20775,8.20875,1.00,1.37
2016.04.12 13:53:12.376,8.20776,8.20875,1.00,1.07
2016.04.12 13:53:12.563,8.20777,8.20875,1.00,1.07
2016.04.12 13:53:12.716,8.20789,8.20875,1.00,1.07
2016.04.12 13:53:12.871,8.20789,8.20875,1.00,1.00
2016.04.12 13:53:13.038,8.20789,8.20907,1.00,1.12
2016.04.12 13:53:13.763,8.20794,8.20907,1.00,1.12
2016.04.12 13:53:13.836,8.20789,8.20907,1.00,1.12
2016.04.12 13:53:13.988,8.20795,8.20907,1.00,1.12
2016.04.12 13:53:14.039,8.20788,8.20907,1.00,1.12
2016.04.12 13:53:14.201,8.2074,8.20907,1.00,1.12
2016.04.12 13:53:14.309,8.20761,8.20907,1.00,1.12
2016.04.12 13:53:15.494,8.20761,8.20922,1.00,1.00
2016.04.12 13:53:15.646,8.20777,8.20994,1.00,2.25
2016.04.12 13:53:15.697,8.20777,8.20994,1.00,1.37
2016.04.12 13:53:15.849,8.20777,8.20993,1.00,1.00
2016.04.12 13:53:16.351,8.20777,8.20994,1.00,1.75
2016.04.12 13:53:16.683,8.20777,8.20993,1.00,1.75
2016.04.12 13:53:17.013,8.20777,8.2094,1.00,1.07
2016.04.12 13:53:17.885,8.20755,8.20975,1.00,1.75
2016.04.12 13:53:17.986,8.20739,8.20975,1.00,1.75
2016.04.12 13:53:18.413,8.20859,8.20966,1.00,1.75
2016.04.12 13:53:18.514,8.20861,8.20975,1.00,1.75
2016.04.12 13:53:18.622,8.20863,8.20975,1.00,1.75
2016.04.12 13:53:18.774,8.20864,8.20975,1.00,1.75
2016.04.12 13:53:18.862,8.20864,8.20975,1.00,1.75
2016.04.12 13:53:19.389,8.20868,8.20975,1.00,1.75
2016.04.12 13:53:19.440,8.20871,8.20975,1.00,1.37
2016.04.12 13:53:19.761,8.20874,8.20975,1.00,1.00
2016.04.12 13:53:20.020,8.2075,8.20944,1.00,1.00
2016.04.12 13:53:20.071,8.20767,8.20944,1.00,1.00
2016.04.12 13:53:20.223,8.20739,8.20944,1.00,1.07
2016.04.12 13:53:20.577,8.20722,8.20944,1.00,1.07
2016.04.12 13:53:21.088,8.20708,8.20944,1.00,1.37
2016.04.12 13:53:21.190,8.20703,8.20936,1.00,1.37
2016.04.12 13:53:21.242,8.20703,8.20936,1.00,1.75
2016.04.12 13:53:21.413,8.20703,8.20936,1.00,1.37
2016.04.12 13:53:21.680,8.20703,8.20936,1.00,1.07
2016.04.12 13:53:22.010,8.20703,8.20936,1.50,1.00
2016.04.12 13:53:22.232,8.20703,8.20951,1.00,1.07
2016.04.12 13:53:22.991,8.20703,8.20951,1.00,1.37
2016.04.12 13:53:23.194,8.20667,8.20915,1.00,1.00
2016.04.12 13:53:23.245,8.20667,8.20907,1.00,1.00
2016.04.12 13:53:23.562,8.20667,8.20907,1.00,1.37
2016.04.12 13:53:23.971,8.20667,8.20907,1.00,1.07
2016.04.12 13:53:25.414,8.20667,8.20907,1.00,1.50
2016.04.12 13:53:25.522,8.20633,8.20881,1.00,1.00
2016.04.12 13:53:25.624,8.20633,8.20881,1.00,1.37
2016.04.12 13:53:26.051,8.20633,8.20881,1.00,1.37
2016.04.12 13:53:27.131,8.20633,8.20875,1.00,1.75
2016.04.12 13:53:27.734,8.2059,8.20838,1.00,1.00
2016.04.12 13:53:27.836,8.2059,8.20838,1.00,1.37
2016.04.12 13:53:28.814,8.20547,8.20795,1.00,1.00
2016.04.12 13:53:29.280,8.20598,8.20815,1.00,1.00
2016.04.12 13:53:29.331,8.20627,8.20851,1.00,1.00
2016.04.12 13:53:29.434,8.20627,8.20873,1.00,1.00
2016.04.12 13:53:29.636,8.20606,8.20814,1.00,1.00
2016.04.12 13:53:29.737,8.20601,8.20814,1.00,1.00
2016.04.12 13:53:29.788,8.20579,8.20814,1.00,1.00
2016.04.12 13:53:30.097,8.20556,8.20781,1.00,1.00
2016.04.12 13:53:30.485,8.20553,8.20781,1.00,1.00
2016.04.12 13:53:30.743,8.20533,8.20781,1.00,1.00
2016.04.12 13:53:33.096,8.20536,8.20781,1.00,1.00
2016.04.12 13:53:33.426,8.20536,8.20778,1.00,1.00
2016.04.12 13:53:34.629,8.20533,8.20778,1.50,1.00
2016.04.12 13:53:34.793,8.20525,8.20748,1.00,1.00
2016.04.12 13:53:34.844,8.20513,8.20748,1.00,1.00
2016.04.12 13:53:34.945,8.20513,8.2071,1.00,1.00
2016.04.12 13:53:35.353,8.20489,8.2071,2.10,1.00
2016.04.12 13:53:35.931,8.20489,8.2071,1.00,1.00
2016.04.12 13:53:36.481,8.20483,8.2071,1.00,1.00
2016.04.12 13:53:37.406,8.20483,8.20686,1.00,1.00
2016.04.12 13:53:37.743,8.20452,8.20667,1.60,1.00
2016.04.12 13:53:38.352,8.20464,8.20667,1.00,1.00
2016.04.12 13:53:39.359,8.20464,8.20632,1.00,1.00
2016.04.12 13:53:41.101,8.20456,8.20632,1.60,1.00
2016.04.12 13:53:48.489,8.20463,8.20632,1.60,1.00
2016.04.12 13:53:48.834,8.20485,8.20632,1.00,1.00
2016.04.12 13:53:48.885,8.20485,8.20668,1.00,1.00
2016.04.12 13:53:49.902,8.20527,8.20668,1.00,1.00
2016.04.12 13:53:50.410,8.20527,8.20668,1.60,1.00
2016.04.12 13:53:50.511,8.20538,8.20719,1.00,1.00
2016.04.12 13:53:50.562,8.20538,8.20719,1.07,1.00
2016.04.12 13:53:51.065,8.20581,8.20719,1.00,1.00
2016.04.12 13:53:52.266,8.20574,8.20719,1.00,1.00
2016.04.12 13:53:53.212,8.20574,8.20719,1.37,1.00
2016.04.12 13:53:53.515,8.2061,8.20719,1.00,1.00
2016.04.12 13:53:54.016,8.20556,8.20719,1.00,1.00
2016.04.12 13:53:55.106,8.20574,8.20719,1.00,1.00
2016.04.12 13:53:57.506,8.20581,8.20719,1.00,1.00
2016.04.12 13:53:58.315,8.20574,8.20739,1.42,1.00
2016.04.12 13:53:58.366,8.20574,8.20755,1.42,1.00
2016.04.12 13:53:58.416,8.20646,8.20775,1.00,1.00
2016.04.12 13:53:58.467,8.20646,8.20791,1.00,1.00
2016.04.12 13:53:58.619,8.20638,8.20791,1.00,1.00
2016.04.12 13:53:59.162,8.20626,8.20791,1.00,1.00
2016.04.12 13:53:59.603,8.20639,8.20791,1.00,1.00
2016.04.12 13:53:59.712,8.20639,8.2081,1.00,1.00
2016.04.12 13:53:59.763,8.20639,8.20836,1.00,1.00
2016.04.12 13:53:59.920,8.20648,8.20836,1.00,1.00
2016.04.12 13:54:00.921,8.20623,8.20801,1.00,1.00
2016.04.12 13:54:01.259,8.20626,8.20801,1.00,1.00
2016.04.12 13:54:01.575,8.2065,8.20801,1.00,1.00
2016.04.12 13:54:01.828,8.20664,8.2082,1.00,1.00
2016.04.12 13:54:01.934,8.20664,8.20843,1.00,1.00
2016.04.12 13:54:02.035,8.2069,8.20843,1.00,1.00
2016.04.12 13:54:02.120,8.20675,8.20843,1.00,1.00
2016.04.12 13:54:02.306,8.2066,8.20843,1.00,1.00
2016.04.12 13:54:03.116,8.2065,8.20843,1.00,1.00
2016.04.12 13:54:03.431,8.2065,8.20807,1.00,1.00
2016.04.12 13:54:03.583,8.20638,8.20807,1.60,1.00
2016.04.12 13:54:03.880,8.20652,8.20807,1.00,1.00
2016.04.12 13:54:04.414,8.20652,8.20827,1.00,1.00
2016.04.12 13:54:04.473,8.20652,8.20849,1.00,1.00
2016.04.12 13:54:05.894,8.20677,8.20849,1.00,1.00
2016.04.12 13:54:06.253,8.2065,8.20849,1.00,1.00
2016.04.12 13:54:06.304,8.20643,8.20849,1.60,1.00
2016.04.12 13:54:06.531,8.20673,8.20849,1.00,1.00
2016.04.12 13:54:06.846,8.20701,8.20849,1.00,1.00
2016.04.12 13:54:07.585,8.20673,8.20849,1.00,1.00
2016.04.12 13:54:07.636,8.20687,8.20849,1.00,1.00
2016.04.12 13:54:08.000,8.20687,8.20885,1.00,1.00
2016.04.12 13:54:08.584,8.20711,8.20885,1.00,1.00
2016.04.12 13:54:09.593,8.2069,8.20885,1.37,1.00
2016.04.12 13:54:09.841,8.2069,8.20885,1.00,1.00
2016.04.12 13:54:10.040,8.2071,8.20885,1.00,1.00
2016.04.12 13:54:10.411,8.20727,8.20885,1.00,1.00
2016.04.12 13:54:10.677,8.20729,8.20905,1.00,1.00
2016.04.12 13:54:10.798,8.20729,8.20923,1.00,1.00
2016.04.12 13:54:11.705,8.20738,8.20923,1.00,1.00
2016.04.12 13:54:12.611,8.20736,8.20923,1.00,1.00
2016.04.12 13:54:13.338,8.20747,8.20923,1.00,1.00
2016.04.12 13:54:13.439,8.20704,8.20923,1.35,1.00
2016.04.12 13:54:13.490,8.20765,8.20923,1.00,1.00
2016.04.12 13:54:13.750,8.20765,8.20961,1.00,1.00
2016.04.12 13:54:14.115,8.20776,8.20961,1.00,1.00
2016.04.12 13:54:14.241,8.20765,8.20961,1.00,1.00
2016.04.12 13:54:14.668,8.20783,8.20961,1.00,1.00
2016.04.12 13:54:15.398,8.20766,8.20961,1.00,1.00
2016.04.12 13:54:16.066,8.20766,8.20936,1.00,1.00
2016.04.12 13:54:16.402,8.20743,8.20936,1.00,1.00
2016.04.12 13:54:16.525,8.20734,8.20886,1.00,1.00
2016.04.12 13:54:16.576,8.20705,8.20886,1.00,1.00
2016.04.12 13:54:16.677,8.20691,8.20886,1.60,1.00
2016.04.12 13:54:17.400,8.20691,8.20886,1.00,1.00
2016.04.12 13:54:17.451,8.20686,8.20886,1.00,1.00
2016.04.12 13:54:17.503,8.20686,8.20857,1.00,1.00
2016.04.12 13:54:17.705,8.2066,8.20857,1.00,1.00
2016.04.12 13:54:17.757,8.20646,8.20857,1.00,1.00
2016.04.12 13:54:17.808,8.20682,8.20819,1.00,1.00
2016.04.12 13:54:18.412,8.2062,8.20819,1.60,1.00
2016.04.12 13:54:18.464,8.2062,8.20819,1.00,1.00
2016.04.12 13:54:18.630,8.20635,8.20819,1.00,1.00
2016.04.12 13:54:18.950,8.20649,8.20819,1.00,1.00
2016.04.12 13:54:19.102,8.20649,8.20839,1.37,1.00
2016.04.12 13:54:19.177,8.20649,8.20848,1.37,1.00
2016.04.12 13:54:19.279,8.20649,8.20848,1.00,1.00
2016.04.12 13:54:19.330,8.20664,8.20848,1.00,1.00
2016.04.12 13:54:20.100,8.20664,8.20812,1.00,1.00
2016.04.12 13:54:20.433,8.20627,8.20812,1.00,1.00
2016.04.12 13:54:20.635,8.20654,8.20812,1.00,1.00
2016.04.12 13:54:20.928,8.20672,8.20848,1.00,1.00
2016.04.12 13:54:21.902,8.20726,8.20868,1.00,1.00
2016.04.12 13:54:21.953,8.20726,8.20883,1.00,1.00
2016.04.12 13:54:23.375,8.20743,8.20883,1.00,1.00
2016.04.12 13:54:23.426,8.20743,8.20904,1.00,1.00
2016.04.12 13:54:23.537,8.20728,8.20942,1.00,1.00
2016.04.12 13:54:23.699,8.20742,8.20942,1.00,1.00
2016.04.12 13:54:24.362,8.20755,8.20942,1.07,1.00
2016.04.12 13:54:24.444,8.20755,8.20942,1.00,1.00
2016.04.12 13:54:24.495,8.20776,8.20942,1.00,1.00
2016.04.12 13:54:24.698,8.20748,8.20942,1.00,1.00
2016.04.12 13:54:24.876,8.20773,8.20942,1.00,1.00
2016.04.12 13:54:25.563,8.20726,8.20942,1.00,1.00
2016.04.12 13:54:25.613,8.20726,8.20906,1.00,1.00
2016.04.12 13:54:25.664,8.20711,8.20906,1.00,1.00
2016.04.12 13:54:26.335,8.20745,8.20906,1.00,1.00
2016.04.12 13:54:27.563,8.20726,8.20906,1.00,1.00
2016.04.12 13:54:27.894,8.20735,8.20906,1.00,1.00
2016.04.12 13:54:28.046,8.20735,8.20926,1.00,1.00
2016.04.12 13:54:28.097,8.20735,8.20942,1.00,1.00
2016.04.12 13:54:28.179,8.20735,8.20942,1.37,1.00
2016.04.12 13:54:28.288,8.20735,8.20942,1.00,1.00
2016.04.12 13:54:29.056,8.20756,8.20942,1.00,1.00
2016.04.12 13:54:30.146,8.20737,8.20942,1.00,1.00
2016.04.12 13:54:30.521,8.20737,8.20899,1.00,1.00
2016.04.12 13:54:30.572,8.20682,8.20899,1.37,1.00
2016.04.12 13:54:30.623,8.20695,8.20899,1.00,1.00
2016.04.12 13:54:31.271,8.20682,8.20899,1.00,1.00
2016.04.12 13:54:31.679,8.2069,8.20899,1.00,1.00
2016.04.12 13:54:31.882,8.2068,8.20899,1.00,1.00
2016.04.12 13:54:32.000,8.20665,8.20856,1.00,1.00
2016.04.12 13:54:32.414,8.2068,8.20856,1.00,1.00
2016.04.12 13:54:32.881,8.20691,8.20856,1.00,1.00
2016.04.12 13:54:33.383,8.2068,8.20856,1.00,1.00
2016.04.12 13:54:33.470,8.20663,8.20856,1.00,1.00
2016.04.12 13:54:33.823,8.20655,8.20856,1.00,1.00
2016.04.12 13:54:33.908,8.2069,8.20856,1.00,1.00
2016.04.12 13:54:34.059,8.20655,8.20856,1.00,1.00
2016.04.12 13:54:34.161,8.20665,8.20856,1.00,1.00
2016.04.12 13:54:34.679,8.2065,8.20856,1.00,1.00
2016.04.12 13:54:34.925,8.20664,8.20856,1.00,1.00
2016.04.12 13:54:35.239,8.20718,8.20891,1.00,1.00
2016.04.12 13:54:36.046,8.20707,8.20891,1.00,1.00
2016.04.12 13:54:36.148,8.207,8.20891,1.00,1.00
2016.04.12 13:54:36.694,8.20719,8.20891,1.00,1.00
2016.04.12 13:54:37.348,8.207,8.20891,1.00,1.00
2016.04.12 13:54:37.799,8.20714,8.20891,1.00,1.00
2016.04.12 13:54:38.110,8.20726,8.20891,1.00,1.00
2016.04.12 13:54:39.181,8.20709,8.20891,1.00,1.00
2016.04.12 13:54:39.696,8.20709,8.20877,1.00,1.00
2016.04.12 13:54:40.135,8.20709,8.20857,1.00,1.00
2016.04.12 13:54:42.671,8.2069,8.20857,1.00,1.00
2016.04.12 13:54:46.259,8.20672,8.20857,1.00,1.00
2016.04.12 13:54:50.490,8.20672,8.20877,1.00,1.00
2016.04.12 13:54:51.016,8.20671,8.20892,1.00,1.00
2016.04.12 13:54:51.067,8.2069,8.20892,1.00,1.00
2016.04.12 13:54:51.760,8.20716,8.20892,1.75,1.00
2016.04.12 13:54:51.912,8.20715,8.20942,1.75,1.00
2016.04.12 13:54:52.014,8.20715,8.20904,1.75,1.00
2016.04.12 13:54:52.065,8.20715,8.20904,1.00,1.00
2016.04.12 13:54:52.264,8.20718,8.20904,1.00,1.00
2016.04.12 13:54:52.570,8.20715,8.20904,1.00,1.00
2016.04.12 13:54:53.466,8.20718,8.20904,1.00,1.00
2016.04.12 13:54:54.488,8.20708,8.20904,1.00,1.00
2016.04.12 13:55:02.332,8.20711,8.20904,1.00,1.00
2016.04.12 13:55:02.673,8.20718,8.20904,1.37,1.00
2016.04.12 13:55:02.723,8.20718,8.20929,1.37,1.00
2016.04.12 13:55:02.825,8.20744,8.20929,1.00,1.00
2016.04.12 13:55:02.926,8.20744,8.20951,1.00,1.00
2016.04.12 13:55:03.879,8.2073,8.20951,1.00,1.00
2016.04.12 13:55:04.525,8.20745,8.20951,1.00,1.00
2016.04.12 13:55:04.718,8.2073,8.20951,1.00,1.00
2016.04.12 13:55:05.521,8.20711,8.20951,1.00,1.00
2016.04.12 13:55:05.742,8.20732,8.20951,1.00,1.00
2016.04.12 13:55:06.506,8.20726,8.20951,1.07,1.00
2016.04.12 13:55:06.732,8.20731,8.20951,1.00,1.00
2016.04.12 13:55:06.849,8.20726,8.20951,1.07,1.00
2016.04.12 13:55:06.900,8.20726,8.20951,1.00,1.00
2016.04.12 13:55:07.052,8.20726,8.20907,1.00,1.00
2016.04.12 13:55:07.281,8.20715,8.20907,1.00,1.00
2016.04.12 13:55:08.402,8.20701,8.20907,1.07,1.00
2016.04.12 13:55:08.808,8.20718,8.20907,1.00,1.00
2016.04.12 13:55:09.511,8.20726,8.20907,1.00,1.00
2016.04.12 13:55:11.895,8.20733,8.20907,1.00,1.00
2016.04.12 13:55:12.148,8.20763,8.20966,1.00,1.00
2016.04.12 13:55:12.199,8.20742,8.20966,1.07,1.00
2016.04.12 13:55:12.289,8.20742,8.20966,1.00,1.00
2016.04.12 13:55:12.419,8.20733,8.20966,1.00,1.00
2016.04.12 13:55:12.469,8.20733,8.20929,1.00,1.00
2016.04.12 13:55:12.775,8.20752,8.20929,1.00,1.00
2016.04.12 13:55:13.323,8.20751,8.20929,1.00,1.00
2016.04.12 13:55:13.999,8.20753,8.20929,1.00,1.00
2016.04.12 13:55:14.061,8.20751,8.20929,1.00,1.00
2016.04.12 13:55:15.202,8.20734,8.20929,1.00,1.00
2016.04.12 13:55:15.733,8.20742,8.20929,1.00,1.00
2016.04.12 13:55:15.821,8.20734,8.20929,1.00,1.00
2016.04.12 13:55:15.930,8.20751,8.20929,1.00,1.00
2016.04.12 13:55:16.083,8.20742,8.20929,1.00,1.00
2016.04.12 13:55:16.186,8.20736,8.20929,1.07,1.00
2016.04.12 13:55:16.249,8.20736,8.20929,1.00,1.00
2016.04.12 13:55:16.640,8.20734,8.20929,1.00,1.00
2016.04.12 13:55:17.290,8.20751,8.20929,1.00,1.00
2016.04.12 13:55:17.341,8.20751,8.2095,1.00,1.00
2016.04.12 13:55:17.435,8.20751,8.20983,1.00,1.00
2016.04.12 13:55:17.487,8.20765,8.20983,1.00,1.00
2016.04.12 13:55:17.793,8.20765,8.20971,1.00,1.00
2016.04.12 13:55:17.844,8.20743,8.20971,1.00,1.00
2016.04.12 13:55:17.945,8.20751,8.20971,1.00,1.00
2016.04.12 13:55:18.611,8.20751,8.20983,1.00,1.00
2016.04.12 13:55:19.045,8.20771,8.20983,1.00,1.00
2016.04.12 13:55:19.339,8.20756,8.20983,1.00,1.00
2016.04.12 13:55:19.896,8.20778,8.20983,1.00,1.00
2016.04.12 13:55:20.051,8.20778,8.21003,1.50,1.00
2016.04.12 13:55:20.156,8.20778,8.21007,1.00,1.00
2016.04.12 13:55:20.822,8.20778,8.21011,1.00,1.00
2016.04.12 13:55:20.948,8.20758,8.2099,1.00,1.00
2016.04.12 13:55:21.089,8.20748,8.2099,1.00,1.00
2016.04.12 13:55:22.529,8.20768,8.2099,1.00,1.00
2016.04.12 13:55:23.054,8.20768,8.20988,1.00,1.00
2016.04.12 13:55:23.556,8.20768,8.2099,1.00,1.00
2016.04.12 13:55:23.658,8.20789,8.2099,1.00,1.00
2016.04.12 13:55:23.860,8.20778,8.20985,1.00,1.00
2016.04.12 13:55:24.071,8.20778,8.21026,1.00,1.00
2016.04.12 13:55:25.629,8.20778,8.21026,1.00,1.37
2016.04.12 13:55:25.936,8.20778,8.20989,1.00,1.00
2016.04.12 13:55:26.087,8.20758,8.20984,1.00,1.00
2016.04.12 13:55:26.138,8.20748,8.20984,1.00,1.00
2016.04.12 13:55:26.290,8.2074,8.20984,1.00,1.00
2016.04.12 13:55:26.510,8.20736,8.20984,1.00,1.00
2016.04.12 13:55:26.665,8.2076,8.20984,1.00,1.00
2016.04.12 13:55:26.817,8.20789,8.21035,1.00,1.00
2016.04.12 13:55:27.366,8.20789,8.20984,1.00,1.00
2016.04.12 13:55:27.417,8.20787,8.20984,1.00,1.00
2016.04.12 13:55:27.585,8.20767,8.20999,1.00,1.00
2016.04.12 13:55:27.636,8.20755,8.20999,1.00,1.00
2016.04.12 13:55:28.160,8.20772,8.20999,1.00,1.00
2016.04.12 13:55:28.618,8.20765,8.20999,1.00,1.00
2016.04.12 13:55:28.770,8.20817,8.21007,1.00,1.00
2016.04.12 13:55:29.074,8.20857,8.21007,1.00,1.00
2016.04.12 13:55:29.377,8.20857,8.21091,1.00,1.37
2016.04.12 13:55:30.535,8.20857,8.21105,1.00,1.07
2016.04.12 13:55:32.990,8.20857,8.21105,1.00,1.75
2016.04.12 13:55:33.293,8.20857,8.20971,1.00,1.00
2016.04.12 13:55:33.344,8.20857,8.21024,1.00,1.00
2016.04.12 13:55:33.677,8.20857,8.21099,1.00,1.75
2016.04.12 13:55:33.949,8.20864,8.21096,1.00,1.50
2016.04.12 13:55:34.293,8.20857,8.21099,1.00,1.75
2016.04.12 13:55:34.784,8.20857,8.21084,1.00,1.00
2016.04.12 13:55:35.754,8.20857,8.21084,1.00,1.12
2016.04.12 13:55:36.324,8.20857,8.21084,1.00,1.37
2016.04.12 13:55:36.634,8.20837,8.21062,1.00,1.00
2016.04.12 13:55:36.685,8.20828,8.21062,1.00,1.00
2016.04.12 13:55:36.847,8.20828,8.21011,1.00,1.00
2016.04.12 13:55:37.348,8.20828,8.21055,1.00,1.00
2016.04.12 13:55:37.644,8.20828,8.21055,1.00,1.07
2016.04.12 13:55:37.973,8.20826,8.21055,1.00,1.07
2016.04.12 13:55:38.349,8.20826,8.21012,1.00,1.00
2016.04.12 13:55:39.397,8.20826,8.21055,1.00,1.37
2016.04.12 13:55:42.935,8.20826,8.2103,1.00,1.00
2016.04.12 13:55:43.255,8.20826,8.20979,1.00,1.00
2016.04.12 13:55:43.558,8.20782,8.20928,1.00,1.00
2016.04.12 13:55:43.881,8.20813,8.21008,1.00,1.00
2016.04.12 13:55:44.483,8.20813,8.21008,1.00,1.07
2016.04.12 13:55:44.820,8.20782,8.21008,1.00,1.07
2016.04.12 13:55:44.871,8.20782,8.20935,1.00,1.00
2016.04.12 13:55:45.078,8.20782,8.21001,1.00,1.10
2016.04.12 13:55:45.129,8.20782,8.21001,1.00,1.07
2016.04.12 13:55:45.443,8.20796,8.20987,1.00,1.37
2016.04.12 13:55:45.747,8.2082,8.21001,1.00,1.00
2016.04.12 13:55:46.001,8.2082,8.21043,1.00,1.00
2016.04.12 13:55:46.102,8.2082,8.20994,1.00,1.00
2016.04.12 13:55:46.818,8.20798,8.20994,1.00,1.00
2016.04.12 13:55:46.869,8.20798,8.21019,1.00,1.07
2016.04.12 13:55:47.408,8.20798,8.21019,1.00,1.00
2016.04.12 13:55:47.887,8.20798,8.20994,1.00,1.00
2016.04.12 13:55:48.315,8.20817,8.20994,1.00,1.00
2016.04.12 13:55:48.961,8.20817,8.21012,1.00,1.10
2016.04.12 13:55:50.522,8.20796,8.21012,1.00,1.75
2016.04.12 13:55:50.574,8.20771,8.21012,1.00,1.75
2016.04.12 13:55:51.308,8.20771,8.20976,1.00,1.00
2016.04.12 13:55:52.365,8.20771,8.20958,1.00,1.00
2016.04.12 13:55:52.940,8.20733,8.20958,1.00,1.00
2016.04.12 13:55:53.506,8.20756,8.20958,1.00,1.00
2016.04.12 13:55:53.559,8.20731,8.20958,1.00,1.00
2016.04.12 13:55:53.876,8.20755,8.20958,1.00,1.00
2016.04.12 13:55:54.668,8.20755,8.20939,1.00,1.00
2016.04.12 13:55:55.810,8.20755,8.20958,1.00,1.00
2016.04.12 13:55:56.271,8.20754,8.20977,1.00,1.00
2016.04.12 13:55:56.372,8.20766,8.21012,1.00,1.00
2016.04.12 13:55:56.677,8.20785,8.21012,1.00,1.00
2016.04.12 13:55:57.002,8.20816,8.21012,1.00,1.00
2016.04.12 13:55:57.417,8.20816,8.21023,1.00,1.00
2016.04.12 13:55:58.340,8.20823,8.21023,1.00,1.00
2016.04.12 13:55:58.644,8.20859,8.21052,1.00,1.00
2016.04.12 13:55:58.985,8.20896,8.21052,1.00,1.00
2016.04.12 13:55:59.332,8.20896,8.21094,1.00,1.00
2016.04.12 13:56:00.514,8.20896,8.21088,1.00,1.00
2016.04.12 13:56:01.656,8.20896,8.21094,1.00,1.00
2016.04.12 13:56:02.575,8.20856,8.21094,1.00,1.00
2016.04.12 13:56:02.626,8.20858,8.21094,1.00,1.00
2016.04.12 13:56:03.301,8.20877,8.21102,1.00,1.00
2016.04.12 13:56:03.634,8.20897,8.21101,1.00,1.00
2016.04.12 13:56:04.120,8.20897,8.21104,1.00,1.00
2016.04.12 13:56:04.222,8.20897,8.21146,1.00,1.37
2016.04.12 13:56:04.374,8.20914,8.21146,1.00,1.07
2016.04.12 13:56:04.591,8.209,8.21146,1.00,1.00
2016.04.12 13:56:04.693,8.20919,8.21146,1.00,1.00
2016.04.12 13:56:04.911,8.20898,8.21146,1.00,1.37
2016.04.12 13:56:05.124,8.20897,8.21146,1.00,1.37
2016.04.12 13:56:05.466,8.20897,8.21124,1.00,1.00
2016.04.12 13:56:05.800,8.20903,8.21124,1.00,1.00
2016.04.12 13:56:06.002,8.20897,8.21124,1.00,1.00
2016.04.12 13:56:06.438,8.20897,8.21146,1.00,1.07
2016.04.12 13:56:06.979,8.20898,8.21146,1.00,1.07
2016.04.12 13:56:07.329,8.20897,8.21101,1.00,1.00
2016.04.12 13:56:08.082,8.20891,8.21101,1.00,1.00
2016.04.12 13:56:08.486,8.20891,8.21111,1.00,1.00
2016.04.12 13:56:09.221,8.20896,8.21111,1.00,1.00
2016.04.12 13:56:09.323,8.20915,8.21131,1.00,1.00
2016.04.12 13:56:09.507,8.20915,8.21163,1.60,1.37
2016.04.12 13:56:09.558,8.20954,8.21163,1.00,1.00
2016.04.12 13:56:09.610,8.20954,8.21181,1.00,1.00
2016.04.12 13:56:09.661,8.20983,8.21181,1.00,1.00
2016.04.12 13:56:09.712,8.20987,8.21235,1.00,1.10
2016.04.12 13:56:09.871,8.21012,8.21235,1.00,1.00
2016.04.12 13:56:10.187,8.21045,8.21246,1.00,1.00
2016.04.12 13:56:10.288,8.21045,8.21257,1.00,1.07
2016.04.12 13:56:11.864,8.21045,8.21257,1.00,1.37
2016.04.12 13:56:11.915,8.21038,8.21257,1.00,1.37
2016.04.12 13:56:12.038,8.21023,8.21257,1.00,1.37
2016.04.12 13:56:12.201,8.21023,8.21257,1.00,1.00
2016.04.12 13:56:12.387,8.21038,8.21257,1.00,1.00
2016.04.12 13:56:12.727,8.21059,8.21297,1.00,1.00
2016.04.12 13:56:12.778,8.21063,8.21297,1.60,1.00
2016.04.12 13:56:13.154,8.21245,8.21386,1.00,1.00
2016.04.12 13:56:13.508,8.21239,8.21385,1.00,1.00
2016.04.12 13:56:13.612,8.21247,8.21385,1.00,1.00
2016.04.12 13:56:13.665,8.21252,8.21514,1.00,1.37
2016.04.12 13:56:13.722,8.21295,8.21514,1.00,1.00
2016.04.12 13:56:13.773,8.21305,8.21557,1.00,1.07
2016.04.12 13:56:13.824,8.21305,8.21557,1.00,1.00
2016.04.12 13:56:13.877,8.21295,8.21557,1.00,1.00
2016.04.12 13:56:13.928,8.21342,8.21557,1.00,1.00
2016.04.12 13:56:14.030,8.21334,8.21557,1.00,1.00
2016.04.12 13:56:14.132,8.21318,8.21557,1.00,1.00
2016.04.12 13:56:14.191,8.21318,8.21578,1.00,1.00
2016.04.12 13:56:14.242,8.21318,8.21568,1.00,1.00
2016.04.12 13:56:14.545,8.21308,8.21548,1.00,1.00
2016.04.12 13:56:14.596,8.21275,8.21598,1.00,1.75
2016.04.12 13:56:14.733,8.21275,8.21588,1.00,1.75
2016.04.12 13:56:15.040,8.21249,8.21422,1.00,1.00
2016.04.12 13:56:15.141,8.21296,8.21517,1.00,1.00
2016.04.12 13:56:15.243,8.21313,8.21517,1.00,1.00
2016.04.12 13:56:15.395,8.21468,8.21705,1.00,1.12
2016.04.12 13:56:15.519,8.21468,8.21705,1.00,1.00
2016.04.12 13:56:15.570,8.21532,8.2173,1.00,1.00
2016.04.12 13:56:15.873,8.21605,8.2176,1.00,1.00
2016.04.12 13:56:16.176,8.21714,8.21824,1.00,1.44
2016.04.12 13:56:16.277,8.21714,8.21848,1.00,1.00
2016.04.12 13:56:16.379,8.21687,8.21855,1.37,1.00
2016.04.12 13:56:16.430,8.21791,8.22019,1.00,1.00
2016.04.12 13:56:16.481,8.21881,8.22063,1.00,1.00
2016.04.12 13:56:16.802,8.21768,8.21918,1.00,1.00
2016.04.12 13:56:16.912,8.21768,8.21928,1.00,1.00
2016.04.12 13:56:17.247,8.21729,8.21927,1.00,1.00
2016.04.12 13:56:17.297,8.21729,8.2191,1.00,1.00
2016.04.12 13:56:17.348,8.21692,8.21898,1.00,1.00
2016.04.12 13:56:17.450,8.21692,8.2191,1.00,1.00
2016.04.12 13:56:17.552,8.21692,8.21868,1.00,1.00
2016.04.12 13:56:17.713,8.21692,8.21874,1.00,1.00
2016.04.12 13:56:17.764,8.21622,8.21816,1.00,1.00
2016.04.12 13:56:17.865,8.21622,8.21818,1.00,1.00
2016.04.12 13:56:17.916,8.21632,8.21838,1.00,1.00
2016.04.12 13:56:17.968,8.21657,8.21838,1.00,1.00
2016.04.12 13:56:18.018,8.21657,8.21848,1.00,1.00
2016.04.12 13:56:18.120,8.21657,8.21788,1.00,1.00
2016.04.12 13:56:18.280,8.21638,8.21788,1.00,1.00
2016.04.12 13:56:18.331,8.2157,8.21768,1.00,1.00
2016.04.12 13:56:18.432,8.2155,8.21738,1.00,1.00
2016.04.12 13:56:18.483,8.2151,8.21715,1.00,1.00
2016.04.12 13:56:18.685,8.21484,8.21707,1.00,1.00
2016.04.12 13:56:18.787,8.21472,8.21698,1.00,1.00
2016.04.12 13:56:18.939,8.21472,8.21672,1.00,1.00
2016.04.12 13:56:18.991,8.21451,8.21672,1.00,1.00
2016.04.12 13:56:19.042,8.21451,8.21697,1.00,1.00
2016.04.12 13:56:19.092,8.21451,8.21638,1.00,1.00
2016.04.12 13:56:19.426,8.21438,8.21589,1.00,1.00
2016.04.12 13:56:19.476,8.21438,8.21661,1.00,1.07
2016.04.12 13:56:19.603,8.21438,8.21687,1.00,1.00
2016.04.12 13:56:19.656,8.21444,8.21678,1.00,1.00
2016.04.12 13:56:19.859,8.2144,8.21697,1.00,1.00
2016.04.12 13:56:20.011,8.2144,8.21697,1.00,1.07
2016.04.12 13:56:20.314,8.21533,8.21858,1.00,1.00
2016.04.12 13:56:20.365,8.21489,8.21858,1.00,1.00
2016.04.12 13:56:20.416,8.21562,8.21878,1.00,1.00
2016.04.12 13:56:20.719,8.21616,8.21828,1.00,1.00
2016.04.12 13:56:20.770,8.21587,8.21806,1.00,1.00
2016.04.12 13:56:20.872,8.21616,8.21806,1.00,1.00
2016.04.12 13:56:20.990,8.21616,8.2186,1.00,1.00
2016.04.12 13:56:21.278,8.21601,8.2186,1.00,1.00
2016.04.12 13:56:21.536,8.21587,8.2186,1.00,1.00
2016.04.12 13:56:21.587,8.21684,8.21817,1.00,1.00
2016.04.12 13:56:21.767,8.21662,8.21817,1.00,1.00
2016.04.12 13:56:21.874,8.21662,8.21887,1.00,1.00
2016.04.12 13:56:21.975,8.21662,8.21897,1.00,1.00
2016.04.12 13:56:22.318,8.21662,8.21878,1.00,1.00
2016.04.12 13:56:22.599,8.21591,8.21837,1.00,1.00
2016.04.12 13:56:22.652,8.21626,8.21758,1.00,1.00
2016.04.12 13:56:22.703,8.21591,8.21758,1.00,1.00
2016.04.12 13:56:22.754,8.21571,8.21748,1.00,1.00
2016.04.12 13:56:22.806,8.216,8.21748,1.00,1.00
2016.04.12 13:56:22.958,8.21601,8.21808,1.00,1.00
2016.04.12 13:56:23.223,8.21601,8.21828,1.00,1.00
2016.04.12 13:56:23.275,8.21601,8.21808,1.00,1.00
2016.04.12 13:56:23.586,8.21601,8.21723,1.00,1.00
2016.04.12 13:56:23.688,8.21601,8.21766,1.00,1.00
2016.04.12 13:56:23.789,8.21669,8.21776,1.00,1.00
2016.04.12 13:56:24.373,8.21669,8.21794,1.00,1.00
2016.04.12 13:56:24.476,8.21669,8.21904,1.00,1.00
2016.04.12 13:56:24.578,8.2177,8.21928,1.00,1.00
2016.04.12 13:56:24.760,8.2175,8.21927,1.00,1.00
2016.04.12 13:56:24.812,8.21726,8.21927,1.00,1.00
2016.04.12 13:56:25.099,8.2169,8.21928,1.00,1.50
2016.04.12 13:56:25.251,8.21711,8.21953,1.00,1.00
2016.04.12 13:56:25.403,8.2174,8.21958,1.00,1.00
2016.04.12 13:56:25.713,8.21778,8.21915,1.00,1.00
2016.04.12 13:56:25.765,8.21727,8.21915,1.00,1.00
2016.04.12 13:56:25.867,8.21697,8.21938,1.00,1.00
2016.04.12 13:56:25.918,8.21697,8.21918,1.00,1.00
2016.04.12 13:56:26.225,8.21697,8.21908,1.00,1.00
2016.04.12 13:56:26.594,8.21697,8.21868,1.00,1.00
2016.04.12 13:56:26.796,8.21697,8.21887,1.00,1.00
2016.04.12 13:56:26.897,8.21652,8.21887,1.00,1.00
2016.04.12 13:56:27.219,8.21652,8.21878,1.00,1.00
2016.04.12 13:56:27.523,8.21695,8.21861,1.00,1.00
2016.04.12 13:56:27.573,8.21695,8.21918,1.00,1.00
2016.04.12 13:56:27.675,8.21695,8.21857,1.00,1.00
2016.04.12 13:56:27.831,8.21656,8.21858,1.00,1.00
2016.04.12 13:56:27.882,8.21686,8.21858,1.00,1.00
2016.04.12 13:56:28.230,8.21686,8.21908,1.00,1.00
2016.04.12 13:56:28.384,8.21659,8.21906,1.00,1.00
2016.04.12 13:56:28.702,8.21659,8.21878,1.00,1.00
2016.04.12 13:56:29.005,8.21608,8.21804,1.00,1.00
2016.04.12 13:56:29.056,8.21608,8.21828,1.00,1.00
2016.04.12 13:56:29.157,8.21608,8.21856,1.00,1.00
2016.04.12 13:56:29.208,8.21644,8.21867,1.00,1.00
2016.04.12 13:56:29.576,8.21644,8.21807,1.00,1.00
2016.04.12 13:56:29.688,8.21607,8.21807,1.00,1.00
2016.04.12 13:56:30.118,8.21607,8.21815,1.00,1.00
2016.04.12 13:56:30.224,8.21614,8.21815,1.00,1.00
2016.04.12 13:56:30.529,8.21838,8.22048,1.00,1.00
2016.04.12 13:56:30.580,8.21838,8.22057,1.00,1.00
2016.04.12 13:56:30.681,8.21838,8.21978,1.00,1.00
2016.04.12 13:56:30.890,8.218,8.21968,1.00,1.00
2016.04.12 13:56:30.941,8.218,8.21998,1.00,1.00
2016.04.12 13:56:30.992,8.21742,8.21965,1.00,1.00
2016.04.12 13:56:31.094,8.21742,8.21967,1.00,1.00
2016.04.12 13:56:31.195,8.21742,8.21983,1.00,1.00
2016.04.12 13:56:31.347,8.21742,8.21968,1.00,1.00
2016.04.12 13:56:31.600,8.21756,8.21988,1.00,1.00
2016.04.12 13:56:31.652,8.21756,8.21957,1.00,1.00
2016.04.12 13:56:31.969,8.21756,8.21928,1.00,1.00
2016.04.12 13:56:32.084,8.21756,8.21938,1.00,1.00
2016.04.12 13:56:32.297,8.21756,8.21948,1.00,1.00
2016.04.12 13:56:32.686,8.21756,8.21968,1.00,1.00
2016.04.12 13:56:32.788,8.21756,8.21948,1.00,1.00
2016.04.12 13:56:32.890,8.21756,8.21968,1.00,1.00
2016.04.12 13:56:33.088,8.21756,8.21947,1.00,1.00
2016.04.12 13:56:33.240,8.21736,8.21938,1.00,1.00
2016.04.12 13:56:33.350,8.21736,8.21918,1.00,1.00
2016.04.12 13:56:33.654,8.21736,8.21908,1.00,1.00
2016.04.12 13:56:33.768,8.21736,8.21928,1.00,1.00
2016.04.12 13:56:33.869,8.21736,8.21938,1.00,1.00
2016.04.12 13:56:34.610,8.21736,8.21927,1.00,1.00
2016.04.12 13:56:34.918,8.21736,8.21898,1.00,1.00
2016.04.12 13:56:35.031,8.21736,8.21918,1.00,1.00
2016.04.12 13:56:35.183,8.21736,8.21948,1.00,1.00
2016.04.12 13:56:35.284,8.21736,8.21978,1.00,1.00
2016.04.12 13:56:35.335,8.21778,8.21978,1.00,1.00
2016.04.12 13:56:35.658,8.21778,8.21968,1.00,1.00
2016.04.12 13:56:36.008,8.21778,8.21947,1.00,1.00
2016.04.12 13:56:36.059,8.21778,8.22026,1.00,1.00
2016.04.12 13:56:36.111,8.21844,8.22028,1.00,1.00
2016.04.12 13:56:36.504,8.21844,8.22018,1.00,1.00
2016.04.12 13:56:36.561,8.218,8.22018,1.00,1.00
2016.04.12 13:56:36.612,8.218,8.21988,1.00,1.00
2016.04.12 13:56:36.815,8.21749,8.21938,1.00,1.00
2016.04.12 13:56:37.139,8.21749,8.21918,1.00,1.00
2016.04.12 13:56:37.344,8.21706,8.21908,1.00,1.00
2016.04.12 13:56:37.396,8.21706,8.21927,1.00,1.00
2016.04.12 13:56:37.500,8.21706,8.21947,1.00,1.00
2016.04.12 13:56:37.601,8.21706,8.21954,1.00,1.00
2016.04.12 13:56:37.831,8.21706,8.21948,1.00,1.00
2016.04.12 13:56:38.284,8.21706,8.21918,1.00,1.00
2016.04.12 13:56:38.598,8.21706,8.21908,1.00,1.00
2016.04.12 13:56:38.902,8.21706,8.21867,1.00,1.00
2016.04.12 13:56:39.013,8.21642,8.21858,1.00,1.00
2016.04.12 13:56:39.064,8.21642,8.21828,1.00,1.00
2016.04.12 13:56:39.494,8.21642,8.21848,1.00,1.00
2016.04.12 13:56:39.603,8.21642,8.21837,1.00,1.00
2016.04.12 13:56:39.930,8.21642,8.21828,1.00,1.00
2016.04.12 13:56:40.734,8.21642,8.21818,1.00,1.00
2016.04.12 13:56:41.038,8.21605,8.21778,1.00,1.00
2016.04.12 13:56:41.282,8.21605,8.21788,1.00,1.00
2016.04.12 13:56:41.383,8.21605,8.21798,1.00,1.00
2016.04.12 13:56:41.695,8.21605,8.21807,1.00,1.00
2016.04.12 13:56:42.128,8.21605,8.21797,1.00,1.00
2016.04.12 13:56:42.719,8.21605,8.21818,1.00,1.00
2016.04.12 13:56:42.907,8.21605,8.21798,1.00,1.00
2016.04.12 13:56:43.294,8.21605,8.21787,1.00,1.00
2016.04.12 13:56:43.828,8.21605,8.21788,1.00,1.00
2016.04.12 13:56:44.484,8.21562,8.21738,1.00,1.00
2016.04.12 13:56:44.585,8.21562,8.21768,1.00,1.00
2016.04.12 13:56:44.686,8.21562,8.21758,1.00,1.00
2016.04.12 13:56:44.992,8.21562,8.21728,1.00,1.00
2016.04.12 13:56:45.043,8.21518,8.21728,1.00,1.00
2016.04.12 13:56:45.145,8.21518,8.21708,1.00,1.00
2016.04.12 13:56:45.454,8.21518,8.21728,1.00,1.00
2016.04.12 13:56:45.555,8.21518,8.21697,1.00,1.00
2016.04.12 13:56:45.808,8.21468,8.21688,1.00,1.00
2016.04.12 13:56:45.859,8.21468,8.21688,1.75,1.00
2016.04.12 13:56:45.910,8.21493,8.21716,1.75,1.00
2016.04.12 13:56:45.961,8.21629,8.21735,1.00,1.00
2016.04.12 13:56:46.063,8.21662,8.21865,1.00,1.00
2016.04.12 13:56:46.180,8.21657,8.21903,1.00,1.00
2016.04.12 13:56:46.283,8.21655,8.21903,1.00,1.00
2016.04.12 13:56:46.485,8.21671,8.21903,1.00,1.00
2016.04.12 13:56:46.806,8.21707,8.21937,1.00,1.00
2016.04.12 13:56:47.112,8.2175,8.21955,1.00,1.00
2016.04.12 13:56:47.264,8.21764,8.22004,1.00,1.00
2016.04.12 13:56:47.801,8.21795,8.22004,1.00,1.00
2016.04.12 13:56:47.937,8.21802,8.22048,1.00,1.00
2016.04.12 13:56:48.038,8.21817,8.22048,1.00,1.00
2016.04.12 13:56:48.342,8.21802,8.21975,1.50,1.00
2016.04.12 13:56:48.393,8.21802,8.22029,1.50,1.00
2016.04.12 13:56:48.501,8.21802,8.2196,1.50,1.00
2016.04.12 13:56:48.898,8.21817,8.2196,1.00,1.00
2016.04.12 13:56:49.050,8.21817,8.21987,1.00,1.00
2016.04.12 13:56:49.155,8.21832,8.21987,1.00,1.00
2016.04.12 13:56:49.358,8.21837,8.22012,1.50,1.00
2016.04.12 13:56:49.704,8.21837,8.21986,1.50,1.00
2016.04.12 13:56:50.018,8.21817,8.2196,1.00,1.00
2016.04.12 13:56:50.069,8.21794,8.21964,1.00,1.00
2016.04.12 13:56:50.487,8.21774,8.21964,1.00,1.00
2016.04.12 13:56:50.538,8.21764,8.21964,1.00,1.00
2016.04.12 13:56:50.644,8.21764,8.21973,1.00,1.00
2016.04.12 13:56:50.695,8.21758,8.2198,1.00,1.00
2016.04.12 13:56:50.796,8.21742,8.2197,1.00,1.00
2016.04.12 13:56:50.898,8.2176,8.2197,1.00,1.00
2016.04.12 13:56:51.217,8.2176,8.21959,1.00,1.00
2016.04.12 13:56:51.318,8.2175,8.21959,1.00,1.00
2016.04.12 13:56:51.588,8.2175,8.21962,1.00,1.00
2016.04.12 13:56:52.108,8.2175,8.21973,1.00,1.00
2016.04.12 13:56:52.360,8.2175,8.21988,1.00,1.00
2016.04.12 13:56:52.412,8.2175,8.21958,1.00,1.00
2016.04.12 13:56:52.564,8.21731,8.21941,1.00,1.00
2016.04.12 13:56:52.665,8.21707,8.21922,1.00,1.00
2016.04.12 13:56:53.000,8.21707,8.21889,1.00,1.00
2016.04.12 13:56:53.061,8.21707,8.21897,1.00,1.00
2016.04.12 13:56:53.181,8.21707,8.21955,1.00,1.00
2016.04.12 13:56:53.727,8.21732,8.21955,1.00,1.00
2016.04.12 13:56:53.982,8.21771,8.22004,1.00,1.00
2016.04.12 13:56:54.576,8.21771,8.2202,1.00,1.00
2016.04.12 13:56:55.560,8.21787,8.2202,1.00,1.00
2016.04.12 13:56:55.662,8.21807,8.22055,1.00,1.00
2016.04.12 13:56:55.867,8.21902,8.22055,1.75,1.00
2016.04.12 13:56:55.918,8.21902,8.22095,1.75,1.00
2016.04.12 13:56:55.969,8.21902,8.22095,1.75,1.00
2016.04.12 13:56:56.070,8.21902,8.22095,1.75,1.00
2016.04.12 13:56:56.121,8.21956,8.22115,1.37,1.00
2016.04.12 13:56:56.172,8.21962,8.22202,1.75,1.00
2016.04.12 13:56:56.274,8.2201,8.22258,1.00,1.00
2016.04.12 13:56:56.488,8.22092,8.22291,1.00,1.00
2016.04.12 13:56:56.835,8.22134,8.22291,1.00,1.00
2016.04.12 13:56:57.356,8.22134,8.22292,1.00,1.00
2016.04.12 13:56:58.090,8.22169,8.22292,1.00,1.00
2016.04.12 13:56:58.293,8.22169,8.22329,1.00,1.00
2016.04.12 13:56:58.598,8.22205,8.22329,1.00,1.00
2016.04.12 13:56:58.763,8.22205,8.22383,1.00,1.00
2016.04.12 13:57:00.031,8.22205,8.22365,1.00,1.00
2016.04.12 13:57:00.597,8.22224,8.22365,1.00,1.00
2016.04.12 13:57:01.032,8.22224,8.22383,1.00,1.00
2016.04.12 13:57:01.286,8.22229,8.22383,1.00,1.00
2016.04.12 13:57:01.666,8.22239,8.22383,1.00,1.00
2016.04.12 13:57:02.031,8.22267,8.22383,1.00,1.00
2016.04.12 13:57:02.165,8.22267,8.22401,1.00,1.00
2016.04.12 13:57:02.216,8.22243,8.22401,1.00,1.00
2016.04.12 13:57:02.368,8.22243,8.22347,1.00,1.00
2016.04.12 13:57:02.419,8.22221,8.22347,1.00,1.00
2016.04.12 13:57:02.572,8.22194,8.22347,1.00,1.00
2016.04.12 13:57:02.772,8.22176,8.22347,1.00,1.00
2016.04.12 13:57:02.983,8.22158,8.22347,1.00,1.00
2016.04.12 13:57:03.304,8.22171,8.22347,1.00,1.00
2016.04.12 13:57:03.424,8.22158,8.22347,1.00,1.00
2016.04.12 13:57:04.178,8.22133,8.22347,1.00,1.00
2016.04.12 13:57:04.733,8.22133,8.22311,1.00,1.00
2016.04.12 13:57:05.057,8.22142,8.22311,1.00,1.00
2016.04.12 13:57:05.248,8.22142,8.22365,1.00,1.00
2016.04.12 13:57:05.299,8.22152,8.22365,1.00,1.00
2016.04.12 13:57:05.627,8.22156,8.22365,1.00,1.00
2016.04.12 13:57:06.349,8.22156,8.22347,1.00,1.00
2016.04.12 13:57:06.653,8.2218,8.22347,1.00,1.00
2016.04.12 13:57:06.956,8.222,8.22401,1.00,1.00
2016.04.12 13:57:07.058,8.22215,8.22401,1.00,1.00
2016.04.12 13:57:07.375,8.22222,8.22401,1.00,1.00
2016.04.12 13:57:07.527,8.22213,8.22401,1.00,1.00
2016.04.12 13:57:07.697,8.2223,8.22401,1.00,1.00
2016.04.12 13:57:07.849,8.2223,8.22473,1.00,1.00
2016.04.12 13:57:08.110,8.22249,8.22473,1.00,1.00
2016.04.12 13:57:08.953,8.22249,8.22481,1.00,1.00
2016.04.12 13:57:09.019,8.22268,8.22481,1.00,1.00
2016.04.12 13:57:09.070,8.22268,8.22491,1.00,1.00
2016.04.12 13:57:09.272,8.22261,8.22491,1.00,1.00
2016.04.12 13:57:09.424,8.22261,8.22478,1.00,1.00
2016.04.12 13:57:09.475,8.22246,8.22478,1.07,1.00
2016.04.12 13:57:09.526,8.22246,8.22467,1.00,1.00
2016.04.12 13:57:09.861,8.22154,8.22378,1.07,1.00
2016.04.12 13:57:10.164,8.2216,8.22378,1.00,1.00
2016.04.12 13:57:10.476,8.2216,8.22378,1.37,1.50
2016.04.12 13:57:10.527,8.2216,8.22378,1.00,1.50
2016.04.12 13:57:10.578,8.22142,8.22378,1.00,1.50
2016.04.12 13:57:10.729,8.22142,8.22398,1.00,1.37
2016.04.12 13:57:11.009,8.22159,8.22433,1.00,1.75
2016.04.12 13:57:11.060,8.22159,8.22433,1.00,1.75
2016.04.12 13:57:11.161,8.22159,8.22433,1.37,1.00
2016.04.12 13:57:11.363,8.22159,8.22418,1.37,1.00
2016.04.12 13:57:11.414,8.22159,8.22418,1.07,1.00
2016.04.12 13:57:11.656,8.22133,8.22418,1.37,1.07
2016.04.12 13:57:11.948,8.22116,8.22388,1.37,1.00
2016.04.12 13:57:12.050,8.22116,8.22378,1.00,1.00
2016.04.12 13:57:12.151,8.22116,8.22418,1.00,1.75
2016.04.12 13:57:12.202,8.22104,8.22418,1.07,1.75
2016.04.12 13:57:12.303,8.22128,8.22418,1.00,1.07
2016.04.12 13:57:12.354,8.2212,8.22283,1.07,1.00
2016.04.12 13:57:12.502,8.22083,8.22283,1.00,1.00
2016.04.12 13:57:12.553,8.22017,8.22202,1.00,1.00
2016.04.12 13:57:12.856,8.22076,8.22202,1.00,1.00
2016.04.12 13:57:13.049,8.22076,8.22293,1.00,1.50
2016.04.12 13:57:13.151,8.22085,8.22293,1.00,1.37
2016.04.12 13:57:13.411,8.22076,8.22288,1.00,1.07
2016.04.12 13:57:13.462,8.22056,8.2225,1.00,1.00
2016.04.12 13:57:13.513,8.22045,8.2225,1.00,1.00
2016.04.12 13:57:13.615,8.22045,8.2225,1.00,1.37
2016.04.12 13:57:13.716,8.22008,8.22203,1.00,1.00
2016.04.12 13:57:13.767,8.22008,8.22239,1.00,1.12
2016.04.12 13:57:13.920,8.22054,8.22239,1.00,1.00
2016.04.12 13:57:14.131,8.22052,8.22239,1.00,1.00
2016.04.12 13:57:14.182,8.22052,8.22293,1.00,1.37
2016.04.12 13:57:14.233,8.22067,8.22293,1.00,1.37
2016.04.12 13:57:14.538,8.22018,8.22228,1.00,1.00
2016.04.12 13:57:15.228,8.22018,8.22228,1.00,1.75
2016.04.12 13:57:15.531,8.21937,8.22071,1.00,1.00
2016.04.12 13:57:15.704,8.21853,8.22071,1.00,1.00
2016.04.12 13:57:15.856,8.21853,8.22136,1.00,1.07
2016.04.12 13:57:15.907,8.21853,8.22136,1.00,1.07
2016.04.12 13:57:16.331,8.21852,8.2219,1.00,1.75
2016.04.12 13:57:16.383,8.21858,8.2219,1.00,2.25
2016.04.12 13:57:16.484,8.21858,8.2219,1.00,1.37
2016.04.12 13:57:17.134,8.21858,8.2219,1.00,1.75
2016.04.12 13:57:17.185,8.21809,8.22118,1.10,1.00
2016.04.12 13:57:17.390,8.21792,8.22118,1.00,1.37
2016.04.12 13:57:17.441,8.21792,8.22118,1.00,1.75
2016.04.12 13:57:17.780,8.21804,8.22136,1.00,1.75
2016.04.12 13:57:17.881,8.21836,8.22136,1.00,1.37
2016.04.12 13:57:18.150,8.21846,8.22136,1.00,1.37
2016.04.12 13:57:18.379,8.21826,8.22136,1.00,1.37
2016.04.12 13:57:18.430,8.2187,8.22136,1.00,1.37
2016.04.12 13:57:18.481,8.21808,8.22136,1.00,1.37
2016.04.12 13:57:18.650,8.21832,8.22136,1.00,1.37
2016.04.12 13:57:18.953,8.21833,8.22118,1.00,1.00
2016.04.12 13:57:19.158,8.21804,8.22118,1.00,1.37
2016.04.12 13:57:19.310,8.21804,8.22118,1.00,1.00
2016.04.12 13:57:19.361,8.21823,8.22208,1.00,1.75
2016.04.12 13:57:19.412,8.21823,8.22208,1.00,1.75
2016.04.12 13:57:19.463,8.21858,8.2219,1.00,1.75
2016.04.12 13:57:19.565,8.21858,8.2219,1.00,1.75
2016.04.12 13:57:19.678,8.21858,8.2219,1.00,1.07
2016.04.12 13:57:19.901,8.21833,8.22182,1.00,1.00
2016.04.12 13:57:19.957,8.21833,8.22182,1.00,1.75
2016.04.12 13:57:20.059,8.21816,8.22182,1.00,1.75
2016.04.12 13:57:20.161,8.21816,8.22136,1.00,1.00
2016.04.12 13:57:20.262,8.2183,8.22207,1.00,1.75
2016.04.12 13:57:20.478,8.21827,8.22157,1.00,1.07
2016.04.12 13:57:20.647,8.21827,8.22157,1.00,1.37
2016.04.12 13:57:20.948,8.21795,8.221,1.00,1.00
2016.04.12 13:57:21.049,8.21792,8.221,1.00,1.00
2016.04.12 13:57:21.266,8.21845,8.221,2.10,1.00
2016.04.12 13:57:21.367,8.21882,8.22174,1.60,1.75
2016.04.12 13:57:21.502,8.21888,8.22208,1.35,1.37
2016.04.12 13:57:21.654,8.21888,8.22228,1.35,1.37
2016.04.12 13:57:21.755,8.21888,8.22228,1.35,1.07
2016.04.12 13:57:21.893,8.21888,8.22218,2.10,1.00
2016.04.12 13:57:22.210,8.21888,8.22212,2.10,1.00
2016.04.12 13:57:22.610,8.21889,8.22208,1.75,1.00
2016.04.12 13:57:22.847,8.21889,8.22212,1.75,1.00
2016.04.12 13:57:22.980,8.21935,8.22167,1.75,1.00
2016.04.12 13:57:24.064,8.21911,8.22141,1.75,1.00
2016.04.12 13:57:24.166,8.21904,8.22165,1.35,1.00
2016.04.12 13:57:24.274,8.21904,8.22165,1.35,1.00
2016.04.12 13:57:24.325,8.21904,8.22134,1.35,1.00
2016.04.12 13:57:24.527,8.21925,8.22157,1.75,1.00
2016.04.12 13:57:24.921,8.21925,8.22157,1.75,1.00
2016.04.12 13:57:25.102,8.21935,8.22176,1.75,1.00
2016.04.12 13:57:25.567,8.21935,8.22176,1.75,1.00
2016.04.12 13:57:26.027,8.21902,8.22171,1.35,1.00
2016.04.12 13:57:26.279,8.21905,8.22135,1.75,1.00
2016.04.12 13:57:26.771,8.2193,8.22162,1.37,1.00
2016.04.12 13:57:26.822,8.2193,8.22162,1.75,1.00
2016.04.12 13:57:27.025,8.2193,8.22162,1.75,1.00
2016.04.12 13:57:27.595,8.2193,8.22162,1.37,1.00
2016.04.12 13:57:27.649,8.21915,8.22142,1.75,1.00
2016.04.12 13:57:27.986,8.2191,8.22142,1.37,1.00
2016.04.12 13:57:28.239,8.2191,8.22142,1.75,1.00
2016.04.12 13:57:28.340,8.2191,8.22142,1.75,1.00
2016.04.12 13:57:28.451,8.2191,8.22142,1.75,1.00
2016.04.12 13:57:28.995,8.2191,8.22142,1.37,1.00
2016.04.12 13:57:29.331,8.21892,8.22154,1.75,1.00
2016.04.12 13:57:29.465,8.21892,8.22154,1.37,1.00
2016.04.12 13:57:29.531,8.21892,8.22124,1.87,1.00
2016.04.12 13:57:29.639,8.21892,8.22146,1.37,1.00
2016.04.12 13:57:29.710,8.21892,8.22116,1.37,1.00
2016.04.12 13:57:29.811,8.21892,8.22145,1.37,1.00
2016.04.12 13:57:29.950,8.21892,8.22113,1.37,1.00
2016.04.12 13:57:30.508,8.21892,8.22136,1.37,1.00
2016.04.12 13:57:30.811,8.21901,8.22116,1.67,1.00
2016.04.12 13:57:31.098,8.21906,8.22248,1.75,1.75
2016.04.12 13:57:31.149,8.21936,8.22248,1.00,1.75
2016.04.12 13:57:31.301,8.21936,8.22248,1.07,1.07
2016.04.12 13:57:31.546,8.21936,8.22248,1.67,1.07
2016.04.12 13:57:31.748,8.21974,8.22319,1.37,1.37
2016.04.12 13:57:31.843,8.21995,8.22319,1.37,1.07
2016.04.12 13:57:32.249,8.22034,8.22319,1.00,1.07
2016.04.12 13:57:32.401,8.22073,8.22363,1.00,1.07
2016.04.12 13:57:32.452,8.22086,8.22363,1.00,1.07
2016.04.12 13:57:32.502,8.22086,8.22363,1.07,1.00
2016.04.12 13:57:32.768,8.22058,8.22358,1.75,1.00
2016.04.12 13:57:32.826,8.22058,8.22358,1.07,1.00
2016.04.12 13:57:32.978,8.22058,8.22363,1.07,1.00
2016.04.12 13:57:33.304,8.22039,8.22348,1.75,1.00
2016.04.12 13:57:33.405,8.22039,8.22328,1.00,1.00
2016.04.12 13:57:33.630,8.22024,8.22328,1.00,1.37
2016.04.12 13:57:33.782,8.21999,8.22318,1.37,1.07
2016.04.12 13:57:34.483,8.21999,8.22318,1.07,1.75
2016.04.12 13:57:34.797,8.21981,8.22284,1.07,1.37
2016.04.12 13:57:35.357,8.21981,8.22284,1.37,1.00
2016.04.12 13:57:35.676,8.21981,8.22301,1.37,1.37
2016.04.12 13:57:35.957,8.22068,8.22298,1.00,1.37
2016.04.12 13:57:36.504,8.22068,8.223,1.00,1.50
2016.04.12 13:57:37.226,8.22068,8.223,1.00,1.00
2016.04.12 13:57:37.384,8.22104,8.22331,1.00,1.07
2016.04.12 13:57:37.669,8.22071,8.22319,1.00,1.00
2016.04.12 13:57:37.972,8.22114,8.22331,1.00,1.00
2016.04.12 13:57:38.325,8.22114,8.22362,1.00,1.75
2016.04.12 13:57:38.679,8.22114,8.2232,1.00,1.00
2016.04.12 13:57:38.782,8.22078,8.2232,1.00,1.00
2016.04.12 13:57:38.833,8.22078,8.22315,1.00,1.00
2016.04.12 13:57:39.207,8.22078,8.22315,1.00,1.07
2016.04.12 13:57:39.470,8.22078,8.22315,1.00,1.00
2016.04.12 13:57:40.040,8.22078,8.22325,1.00,1.10
2016.04.12 13:57:40.150,8.22078,8.22308,1.00,1.00
2016.04.12 13:57:41.075,8.22078,8.22308,1.00,1.07
2016.04.12 13:57:43.395,8.22078,8.22308,1.00,1.07
2016.04.12 13:57:44.157,8.22078,8.22308,1.00,1.00
2016.04.12 13:57:44.597,8.22078,8.22325,1.00,1.07
2016.04.12 13:57:45.307,8.22117,8.22347,1.00,1.75
2016.04.12 13:57:45.408,8.22117,8.22347,1.00,1.07
2016.04.12 13:57:45.610,8.22117,8.22366,1.00,1.37
2016.04.12 13:57:46.084,8.22157,8.22386,1.00,1.75
2016.04.12 13:57:46.286,8.22138,8.22365,1.00,1.37
2016.04.12 13:57:46.337,8.22121,8.22365,1.00,1.37
2016.04.12 13:57:46.488,8.22121,8.22338,1.00,1.10
2016.04.12 13:57:46.823,8.22121,8.22362,1.00,1.75
2016.04.12 13:57:47.025,8.22164,8.22392,1.00,1.75
2016.04.12 13:57:47.237,8.22164,8.224,1.00,1.37
2016.04.12 13:57:47.288,8.22215,8.224,1.00,1.37
2016.04.12 13:57:47.389,8.22215,8.22435,1.00,1.75
2016.04.12 13:57:47.516,8.22215,8.22463,1.00,1.75
2016.04.12 13:57:47.567,8.22215,8.22463,1.00,1.07
2016.04.12 13:57:48.038,8.22215,8.22463,1.00,1.75
2016.04.12 13:57:49.133,8.22215,8.22458,1.00,1.75
2016.04.12 13:57:49.235,8.22164,8.22395,1.00,1.07
2016.04.12 13:57:50.224,8.22164,8.22412,1.00,1.75
2016.04.12 13:57:50.847,8.22122,8.22368,1.00,1.00
2016.04.12 13:57:50.898,8.22122,8.22368,1.00,1.37
2016.04.12 13:57:51.226,8.22122,8.22368,1.00,1.75
2016.04.12 13:57:51.527,8.22122,8.22368,1.00,1.75
2016.04.12 13:57:52.052,8.22122,8.22368,1.00,1.07
2016.04.12 13:57:52.306,8.22122,8.22368,1.00,1.37
2016.04.12 13:57:52.673,8.22122,8.22352,1.00,1.37
2016.04.12 13:57:53.221,8.22122,8.22356,1.00,1.75
2016.04.12 13:57:53.271,8.22089,8.2233,1.00,1.37
2016.04.12 13:57:53.729,8.22106,8.22324,1.00,1.07
2016.04.12 13:57:53.937,8.22125,8.22363,1.00,1.75
2016.04.12 13:57:53.988,8.22125,8.22363,1.00,1.07
2016.04.12 13:57:54.313,8.22125,8.22363,1.00,1.75
2016.04.12 13:57:54.749,8.22125,8.22338,1.00,1.07
2016.04.12 13:57:55.631,8.22125,8.22373,1.00,1.37
2016.04.12 13:57:55.682,8.22162,8.22392,1.00,2.25
2016.04.12 13:57:56.406,8.22162,8.22409,1.00,1.75
2016.04.12 13:57:56.507,8.22162,8.22409,1.00,1.37
2016.04.12 13:57:57.454,8.22162,8.22389,1.00,1.00
2016.04.12 13:57:57.555,8.22162,8.22409,1.00,1.37
2016.04.12 13:57:57.707,8.22162,8.22409,1.07,1.00
2016.04.12 13:57:57.950,8.22198,8.2243,1.00,1.00
2016.04.12 13:57:58.051,8.22198,8.22445,1.00,1.37
2016.04.12 13:57:58.941,8.22198,8.22426,1.00,1.00
2016.04.12 13:57:59.043,8.22159,8.22389,1.00,1.00
2016.04.12 13:57:59.144,8.22154,8.22402,1.00,1.07
2016.04.12 13:58:00.320,8.22154,8.22374,1.00,1.00
2016.04.12 13:58:01.047,8.22154,8.22353,1.00,1.00
2016.04.12 13:58:01.476,8.22154,8.22379,1.00,1.00
2016.04.12 13:58:01.828,8.22154,8.22357,1.00,1.00
2016.04.12 13:58:02.060,8.22154,8.22378,1.00,1.07
2016.04.12 13:58:02.111,8.22154,8.22346,1.00,1.00
2016.04.12 13:58:02.368,8.22154,8.22372,1.00,1.12
2016.04.12 13:58:02.680,8.22154,8.22372,1.00,1.00
2016.04.12 13:58:03.562,8.22154,8.22372,1.00,1.07
2016.04.12 13:58:04.086,8.22134,8.22345,1.00,1.00
2016.04.12 13:58:04.137,8.22134,8.22338,1.00,1.00
2016.04.12 13:58:04.208,8.22104,8.22338,1.00,1.00
2016.04.12 13:58:04.260,8.22099,8.22329,1.50,1.00
2016.04.12 13:58:04.655,8.22099,8.22345,1.00,1.00
2016.04.12 13:58:04.756,8.22099,8.22345,1.00,1.37
2016.04.12 13:58:05.208,8.22099,8.22345,1.00,1.07
2016.04.12 13:58:05.633,8.22099,8.22345,1.00,1.37
2016.04.12 13:58:05.786,8.22082,8.22309,1.00,1.00
2016.04.12 13:58:06.244,8.22082,8.22302,1.00,1.00
2016.04.12 13:58:07.316,8.22062,8.22302,1.00,1.00
2016.04.12 13:58:07.701,8.22062,8.22276,1.00,1.00
2016.04.12 13:58:10.579,8.22062,8.22258,1.00,1.00
2016.04.12 13:58:13.219,8.22041,8.22258,1.00,1.00
2016.04.12 13:58:13.499,8.22026,8.22258,1.00,1.00
2016.04.12 13:58:13.969,8.22019,8.22262,1.00,1.00
2016.04.12 13:58:14.733,8.22019,8.22233,1.00,1.00
2016.04.12 13:58:14.834,8.22002,8.2223,1.00,1.00
2016.04.12 13:58:14.886,8.22002,8.2223,1.00,1.37
2016.04.12 13:58:15.112,8.22002,8.2223,1.00,1.37
2016.04.12 13:58:15.318,8.22002,8.2223,1.00,1.00
2016.04.12 13:58:15.369,8.22018,8.22233,1.00,1.00
2016.04.12 13:58:15.523,8.22018,8.22255,1.00,1.00
2016.04.12 13:58:15.678,8.22018,8.22266,1.00,1.00
2016.04.12 13:58:16.348,8.22069,8.22286,1.00,1.07
2016.04.12 13:58:16.399,8.22069,8.22317,1.00,1.37
2016.04.12 13:58:16.601,8.22069,8.22282,1.00,1.00
2016.04.12 13:58:16.652,8.2205,8.22281,1.00,1.00
2016.04.12 13:58:16.703,8.22032,8.22281,1.00,1.00
2016.04.12 13:58:16.793,8.22032,8.22281,1.00,1.07
2016.04.12 13:58:17.141,8.22032,8.2228,1.00,1.37
2016.04.12 13:58:17.931,8.22032,8.2228,1.00,1.07
2016.04.12 13:58:18.133,8.22032,8.22258,1.00,1.00
2016.04.12 13:58:18.234,8.22032,8.2228,1.00,1.07
2016.04.12 13:58:18.285,8.22032,8.2228,1.00,1.37
2016.04.12 13:58:18.837,8.22032,8.2228,1.00,1.00
2016.04.12 13:58:19.517,8.22032,8.22263,1.00,1.00
2016.04.12 13:58:20.588,8.22039,8.22274,1.00,1.00
2016.04.12 13:58:20.974,8.22032,8.22281,1.00,1.00
2016.04.12 13:58:21.025,8.22032,8.22281,1.60,1.00
2016.04.12 13:58:21.177,8.22087,8.22333,1.00,1.07
2016.04.12 13:58:21.278,8.22122,8.22354,1.00,1.07
2016.04.12 13:58:21.373,8.22122,8.2237,1.00,1.00
2016.04.12 13:58:22.148,8.22122,8.2234,1.00,1.00
2016.04.12 13:58:22.248,8.22071,8.2232,1.00,1.00
2016.04.12 13:58:22.416,8.22071,8.22316,1.00,1.00
2016.04.12 13:58:22.736,8.22071,8.22289,1.00,1.00
2016.04.12 13:58:22.786,8.22071,8.2231,1.00,1.12
2016.04.12 13:58:22.888,8.22051,8.22284,1.00,1.10
2016.04.12 13:58:22.939,8.22035,8.22284,1.00,1.10
2016.04.12 13:58:22.990,8.22035,8.22284,1.00,1.37
2016.04.12 13:58:23.809,8.21985,8.22233,1.12,1.00
2016.04.12 13:58:23.866,8.21985,8.22233,1.00,1.00
2016.04.12 13:58:24.161,8.22015,8.22233,1.00,1.00
2016.04.12 13:58:24.300,8.21985,8.22233,1.07,1.00
2016.04.12 13:58:24.539,8.22011,8.22233,1.00,1.00
2016.04.12 13:58:25.576,8.21985,8.22233,1.07,1.00
2016.04.12 13:58:25.778,8.21985,8.22233,1.00,1.00
2016.04.12 13:58:25.880,8.21994,8.22224,1.00,1.00
2016.04.12 13:58:27.179,8.22011,8.22233,1.00,1.00
2016.04.12 13:58:28.682,8.22028,8.22243,1.00,1.00
2016.04.12 13:58:30.425,8.22028,8.22264,1.00,1.00
2016.04.12 13:58:30.664,8.22028,8.22276,1.00,1.00
2016.04.12 13:58:30.715,8.22028,8.22273,1.00,1.00
2016.04.12 13:58:31.026,8.22028,8.22245,1.00,1.00
2016.04.12 13:58:31.715,8.22013,8.22239,1.00,1.00
2016.04.12 13:58:31.766,8.21994,8.22226,1.00,1.00
2016.04.12 13:58:31.817,8.21993,8.22239,1.00,1.37
2016.04.12 13:58:31.969,8.21932,8.22175,1.00,1.00
2016.04.12 13:58:32.222,8.21964,8.22195,1.00,1.37
2016.04.12 13:58:32.284,8.21964,8.2221,1.00,1.00
2016.04.12 13:58:32.545,8.21982,8.2221,1.00,1.00
2016.04.12 13:58:35.735,8.21999,8.22247,1.00,1.00
2016.04.12 13:58:35.845,8.21999,8.22223,1.00,1.00
2016.04.12 13:58:36.285,8.21999,8.22235,1.00,1.00
2016.04.12 13:58:36.386,8.21999,8.22247,1.00,1.50
2016.04.12 13:58:36.437,8.21999,8.22247,1.00,1.87
2016.04.12 13:58:36.765,8.21999,8.22226,1.00,1.00
2016.04.12 13:58:37.080,8.21999,8.22247,1.00,1.00
2016.04.12 13:58:38.483,8.21999,8.22226,1.00,1.00
2016.04.12 13:58:38.534,8.21999,8.22241,1.00,1.00
2016.04.12 13:58:38.680,8.21999,8.22216,1.00,1.00
2016.04.12 13:58:38.946,8.21999,8.22247,1.00,1.87
2016.04.12 13:58:38.997,8.22001,8.22247,1.00,1.87
2016.04.12 13:58:39.315,8.22043,8.22245,1.00,1.00
2016.04.12 13:58:39.576,8.22,8.22245,1.07,1.00
2016.04.12 13:58:39.627,8.22,8.22245,1.00,1.00
2016.04.12 13:58:40.074,8.21999,8.22225,1.00,1.00
2016.04.12 13:58:41.935,8.21999,8.22247,1.00,1.57
2016.04.12 13:58:41.986,8.22012,8.22247,1.00,1.57
2016.04.12 13:58:42.289,8.22036,8.22247,1.00,1.00
2016.04.12 13:58:42.567,8.22012,8.2224,1.00,1.00
2016.04.12 13:58:42.897,8.22013,8.22219,1.00,1.00
2016.04.12 13:58:43.776,8.22012,8.22219,1.00,1.00
2016.04.12 13:58:43.840,8.22012,8.2224,1.00,1.00
2016.04.12 13:58:44.975,8.22055,8.2224,1.00,1.00
2016.04.12 13:58:45.185,8.22055,8.22301,1.00,1.75
2016.04.12 13:58:45.236,8.22055,8.22301,1.00,1.75
2016.04.12 13:58:45.390,8.22055,8.22301,1.00,1.07
2016.04.12 13:58:45.542,8.22055,8.22301,1.00,1.00
2016.04.12 13:58:45.677,8.22055,8.22301,1.00,1.07
2016.04.12 13:58:46.109,8.22055,8.22278,1.00,1.00
2016.04.12 13:58:46.235,8.22055,8.22287,1.00,1.00
2016.04.12 13:58:46.286,8.22055,8.22287,1.00,1.07
2016.04.12 13:58:47.265,8.22088,8.22292,1.00,1.37
2016.04.12 13:58:48.396,8.22059,8.22285,1.00,1.07
2016.04.12 13:58:48.753,8.22059,8.22289,1.00,1.37
2016.04.12 13:58:49.066,8.22059,8.22263,1.00,1.75
2016.04.12 13:58:49.371,8.22059,8.22263,1.00,1.37
2016.04.12 13:58:49.962,8.22059,8.22263,1.00,1.37
2016.04.12 13:58:50.814,8.22059,8.22263,1.00,1.75
2016.04.12 13:58:51.118,8.22059,8.22229,1.00,1.00
2016.04.12 13:58:51.423,8.22045,8.22229,2.24,1.37
2016.04.12 13:58:52.721,8.22045,8.22229,2.24,1.07
2016.04.12 13:58:53.925,8.22045,8.22229,1.16,1.37
2016.04.12 13:58:54.884,8.22045,8.22229,1.16,1.07
2016.04.12 13:58:55.907,8.22045,8.22218,2.00,1.00
2016.04.12 13:58:55.958,8.2203,8.22218,1.08,1.00
2016.04.12 13:58:56.009,8.21982,8.22218,1.00,1.00
2016.04.12 13:58:56.110,8.21982,8.22228,1.00,1.37
2016.04.12 13:58:56.468,8.21982,8.22228,1.00,1.75
2016.04.12 13:58:57.024,8.21982,8.22229,1.00,1.37
2016.04.12 13:58:57.085,8.21982,8.22229,1.00,1.07
2016.04.12 13:58:57.613,8.21982,8.22221,1.00,1.00
2016.04.12 13:59:00.369,8.21982,8.22217,1.00,1.00
2016.04.12 13:59:00.535,8.2199,8.22229,1.00,1.00
2016.04.12 13:59:00.637,8.22034,8.22283,1.00,1.75
2016.04.12 13:59:00.949,8.22085,8.22328,1.00,1.75
2016.04.12 13:59:01.051,8.22085,8.22328,1.00,1.00
2016.04.12 13:59:01.816,8.22085,8.22333,1.00,1.00
2016.04.12 13:59:02.574,8.22085,8.2229,1.00,1.00
2016.04.12 13:59:02.772,8.22049,8.22272,1.00,1.00
2016.04.12 13:59:03.405,8.22049,8.22278,1.00,1.07
2016.04.12 13:59:03.559,8.22049,8.22244,1.00,1.00
2016.04.12 13:59:06.657,8.22049,8.22229,1.00,1.00
2016.04.12 13:59:06.813,8.22005,8.22252,1.00,1.50
2016.04.12 13:59:07.066,8.22005,8.22254,1.00,1.37
2016.04.12 13:59:07.168,8.22005,8.22254,1.07,1.00
2016.04.12 13:59:07.220,8.22022,8.22254,1.00,1.00
2016.04.12 13:59:07.537,8.2204,8.22266,1.00,1.00
2016.04.12 13:59:07.843,8.2204,8.22261,1.00,1.00
2016.04.12 13:59:08.047,8.21975,8.22223,1.00,1.00
2016.04.12 13:59:08.566,8.21975,8.22222,1.07,1.00
2016.04.12 13:59:08.667,8.21975,8.22223,1.00,1.07
2016.04.12 13:59:09.006,8.21975,8.22223,1.00,1.37
2016.04.12 13:59:09.359,8.21975,8.22223,1.00,1.00
2016.04.12 13:59:09.410,8.21975,8.22197,1.00,1.00
2016.04.12 13:59:09.461,8.21975,8.22222,1.00,1.00
2016.04.12 13:59:09.834,8.21982,8.22222,1.00,1.00
2016.04.12 13:59:10.605,8.21992,8.22222,1.00,1.00
2016.04.12 13:59:10.826,8.21982,8.22222,1.07,1.00
2016.04.12 13:59:10.876,8.21982,8.22219,1.00,1.00
2016.04.12 13:59:11.433,8.21983,8.22219,1.00,1.00
2016.04.12 13:59:12.085,8.21981,8.22219,1.00,1.00
2016.04.12 13:59:12.253,8.21975,8.22223,1.00,1.00
2016.04.12 13:59:12.305,8.21975,8.22223,1.00,1.07
2016.04.12 13:59:13.088,8.21975,8.22176,1.00,1.00
2016.04.12 13:59:13.785,8.21975,8.22198,1.00,1.00
2016.04.12 13:59:14.038,8.21975,8.22221,1.00,1.07
2016.04.12 13:59:14.510,8.21975,8.22223,1.00,1.00
2016.04.12 13:59:14.721,8.21975,8.22223,1.50,1.07
2016.04.12 13:59:15.039,8.21932,8.22178,1.00,1.00
2016.04.12 13:59:15.342,8.21942,8.22178,1.00,1.00
2016.04.12 13:59:15.393,8.2194,8.22178,1.00,1.00
2016.04.12 13:59:15.545,8.21932,8.22178,1.00,1.00
2016.04.12 13:59:16.005,8.21965,8.22188,1.00,1.07
2016.04.12 13:59:16.552,8.21965,8.22188,1.00,1.00
2016.04.12 13:59:17.925,8.21965,8.22213,1.00,1.00
2016.04.12 13:59:18.194,8.21984,8.22213,1.00,1.00
2016.04.12 13:59:18.530,8.22001,8.22227,1.00,1.00
2016.04.12 13:59:18.634,8.22001,8.22249,1.00,1.07
2016.04.12 13:59:18.744,8.22001,8.2224,1.00,1.00
2016.04.12 13:59:18.896,8.22001,8.22249,1.00,1.07
2016.04.12 13:59:19.424,8.22001,8.22249,1.00,1.00
2016.04.12 13:59:19.772,8.22003,8.22249,1.00,1.00
2016.04.12 13:59:20.140,8.22001,8.22249,1.00,1.00
2016.04.12 13:59:20.241,8.22051,8.22298,1.00,1.75
2016.04.12 13:59:20.463,8.22051,8.22298,1.00,1.37
2016.04.12 13:59:20.921,8.22083,8.2232,1.00,1.00
2016.04.12 13:59:20.972,8.22083,8.22331,1.00,1.07
2016.04.12 13:59:21.752,8.22125,8.22373,1.00,1.75
2016.04.12 13:59:22.265,8.22125,8.22354,1.00,1.75
2016.04.12 13:59:22.316,8.22125,8.22354,1.00,1.75
2016.04.12 13:59:23.317,8.22125,8.22335,1.00,1.37
2016.04.12 13:59:23.619,8.22125,8.22335,1.00,1.75
2016.04.12 13:59:25.653,8.22125,8.22307,1.00,1.37
2016.04.12 13:59:26.234,8.22106,8.22307,1.00,1.37
2016.04.12 13:59:26.285,8.22092,8.22307,1.00,1.37
2016.04.12 13:59:27.626,8.22086,8.22299,1.50,1.37
2016.04.12 13:59:30.410,8.2205,8.22299,1.00,1.37
2016.04.12 13:59:30.563,8.2205,8.22299,1.00,1.75
2016.04.12 13:59:30.665,8.22021,8.2227,1.00,1.75
2016.04.12 13:59:30.918,8.22021,8.22245,1.00,1.37
2016.04.12 13:59:32.463,8.22021,8.22245,1.00,1.75
2016.04.12 13:59:32.565,8.21971,8.22219,1.00,1.37
2016.04.12 13:59:33.471,8.21981,8.22219,1.00,1.37
2016.04.12 13:59:34.281,8.22014,8.22227,1.00,1.37
2016.04.12 13:59:42.923,8.22014,8.22219,1.00,1.75
2016.04.12 13:59:45.116,8.21984,8.22219,1.00,1.75
2016.04.12 13:59:45.167,8.21972,8.2222,1.00,1.75
2016.04.12 13:59:45.320,8.2194,8.22189,1.00,1.00
2016.04.12 13:59:46.698,8.2194,8.22156,1.00,1.00
2016.04.12 13:59:47.065,8.2194,8.22153,1.00,1.00
2016.04.12 13:59:47.671,8.2194,8.22178,1.00,1.00
2016.04.12 13:59:51.028,8.2194,8.22158,1.00,1.00
2016.04.12 13:59:52.868,8.2194,8.22173,1.00,1.00
2016.04.12 13:59:52.919,8.2194,8.22173,1.00,1.07
2016.04.12 13:59:53.273,8.21902,8.22145,1.00,1.00
2016.04.12 13:59:53.325,8.21897,8.22145,1.00,1.07
2016.04.12 13:59:53.426,8.21862,8.22109,1.07,1.00
2016.04.12 13:59:53.477,8.21862,8.22109,1.00,1.00
2016.04.12 13:59:54.302,8.21862,8.22109,1.60,1.00
2016.04.12 13:59:54.606,8.21914,8.22126,1.00,1.00
2016.04.12 13:59:54.707,8.21914,8.22162,1.00,1.37
2016.04.12 13:59:54.835,8.21914,8.22133,1.00,1.00
2016.04.12 13:59:54.989,8.21914,8.22162,1.00,1.37
2016.04.12 13:59:55.090,8.21914,8.22146,1.00,1.00
2016.04.12 13:59:55.840,8.21914,8.22119,1.00,1.00
2016.04.12 13:59:56.192,8.21914,8.22149,1.00,1.00
2016.04.12 13:59:58.891,8.21914,8.22124,1.00,1.00
