2017.07.25 11:00:00.567,7.98205,7.98328,1.00,1.00
2017.07.25 11:00:01.511,7.98213,7.98334,1.00,1.00
2017.07.25 11:00:01.715,7.98226,7.9835,1.00,1.00
2017.07.25 11:00:02.268,7.9824,7.98364,1.00,1.00
2017.07.25 11:00:02.572,7.98254,7.98376,1.00,1.00
2017.07.25 11:00:02.623,7.98271,7.98395,1.00,1.00
2017.07.25 11:00:03.227,7.98279,7.98403,1.00,1.00
2017.07.25 11:00:03.531,7.9827,7.98394,1.00,1.00
2017.07.25 11:00:03.840,7.98263,7.98385,1.00,1.00
2017.07.25 11:00:03.941,7.98264,7.98388,1.00,1.00
2017.07.25 11:00:04.482,7.98249,7.98372,1.00,1.00
2017.07.25 11:00:05.432,7.98248,7.98371,1.00,1.00
2017.07.25 11:00:06.198,7.98255,7.98379,1.00,1.00
2017.07.25 11:00:07.200,7.98252,7.98375,1.00,1.00
2017.07.25 11:00:07.504,7.98252,7.98372,1.00,1.00
2017.07.25 11:00:07.757,7.98246,7.9837,1.00,1.00
2017.07.25 11:00:07.869,7.98238,7.98361,1.00,1.00
2017.07.25 11:00:08.816,7.98235,7.98358,1.00,1.00
2017.07.25 11:00:09.436,7.98249,7.98372,1.00,1.50
2017.07.25 11:00:09.819,7.98253,7.98372,1.00,1.00
2017.07.25 11:00:09.976,7.98244,7.98366,1.00,1.00
2017.07.25 11:00:10.450,7.98236,7.9836,1.00,1.50
2017.07.25 11:00:10.826,7.98223,7.98347,1.00,1.00
2017.07.25 11:00:11.130,7.98204,7.98325,1.00,1.00
2017.07.25 11:00:11.896,7.98212,7.98335,1.00,1.00
2017.07.25 11:00:13.375,7.98217,7.9834,1.00,1.00
2017.07.25 11:00:15.588,7.98215,7.98339,1.00,1.00
2017.07.25 11:00:16.775,7.98214,7.98338,1.00,1.00
2017.07.25 11:00:17.827,7.98222,7.98346,1.00,1.00
2017.07.25 11:00:18.590,7.98241,7.98363,1.00,1.00
2017.07.25 11:00:19.583,7.98237,7.98358,1.00,1.00
2017.07.25 11:00:21.083,7.98248,7.98371,1.00,1.00
2017.07.25 11:00:21.280,7.98248,7.98368,1.00,1.00
2017.07.25 11:00:21.331,7.98241,7.98364,1.00,1.00
2017.07.25 11:00:21.382,7.98231,7.98354,1.00,1.00
2017.07.25 11:00:22.296,7.98236,7.9836,1.00,1.00
2017.07.25 11:00:22.435,7.98232,7.98355,1.00,1.00
2017.07.25 11:00:22.843,7.98221,7.98344,1.00,1.00
2017.07.25 11:00:23.025,7.98237,7.98361,1.00,1.00
2017.07.25 11:00:23.505,7.98219,7.98342,1.00,1.00
2017.07.25 11:00:23.809,7.98245,7.98368,1.00,1.00
2017.07.25 11:00:23.949,7.98224,7.98349,1.00,1.00
2017.07.25 11:00:24.565,7.98223,7.98348,1.00,1.00
2017.07.25 11:00:24.935,7.98211,7.98335,1.00,1.00
2017.07.25 11:00:25.899,7.98208,7.98331,1.00,1.00
2017.07.25 11:00:27.457,7.9821,7.98333,1.00,1.00
2017.07.25 11:00:27.594,7.98214,7.98351,1.00,1.00
2017.07.25 11:00:27.645,7.98215,7.98336,1.00,1.00
2017.07.25 11:00:27.696,7.98247,7.98374,1.00,1.00
2017.07.25 11:00:27.747,7.98247,7.98384,1.00,1.00
2017.07.25 11:00:30.619,7.98262,7.98386,1.00,1.00
2017.07.25 11:00:31.806,7.98265,7.98388,1.00,1.00
2017.07.25 11:00:32.809,7.98267,7.98388,1.00,1.00
2017.07.25 11:00:33.817,7.98265,7.98406,1.00,1.00
2017.07.25 11:00:34.468,7.9827,7.98394,1.00,1.00
2017.07.25 11:00:36.441,7.98273,7.98394,1.00,1.00
2017.07.25 11:00:38.134,7.98272,7.98393,1.00,1.00
2017.07.25 11:00:38.968,7.9826,7.98384,1.00,1.00
2017.07.25 11:00:39.019,7.9826,7.98378,1.00,1.00
2017.07.25 11:00:39.109,7.98225,7.98349,1.00,1.00
2017.07.25 11:00:42.391,7.98221,7.98345,1.00,1.00
2017.07.25 11:00:42.495,7.9822,7.98369,1.00,1.00
2017.07.25 11:00:42.597,7.9821,7.98369,1.00,1.00
2017.07.25 11:00:42.733,7.9821,7.98357,1.00,1.00
2017.07.25 11:00:43.040,7.9821,7.98345,1.00,1.00
2017.07.25 11:00:43.367,7.98243,7.98355,1.00,1.00
2017.07.25 11:00:43.419,7.98243,7.98366,1.00,1.00
2017.07.25 11:00:43.471,7.98238,7.98374,1.00,1.00
2017.07.25 11:00:43.522,7.98238,7.98379,1.00,1.00
2017.07.25 11:00:44.597,7.98257,7.98395,1.00,1.00
2017.07.25 11:00:44.749,7.98257,7.98397,1.00,1.00
2017.07.25 11:00:44.953,7.98277,7.98392,1.00,1.00
2017.07.25 11:00:45.099,7.98358,7.9848,1.56,1.00
2017.07.25 11:00:45.150,7.98378,7.98493,1.00,1.00
2017.07.25 11:00:45.302,7.98378,7.98502,1.00,1.00
2017.07.25 11:00:45.404,7.98394,7.98502,2.10,1.00
2017.07.25 11:00:45.456,7.98409,7.98532,1.00,1.00
2017.07.25 11:00:45.557,7.98409,7.98532,1.60,1.00
2017.07.25 11:00:45.609,7.9843,7.98553,1.60,1.00
2017.07.25 11:00:45.710,7.98449,7.98573,1.00,1.00
2017.07.25 11:00:45.761,7.98469,7.98592,1.00,1.00
2017.07.25 11:00:46.015,7.98457,7.98581,1.00,1.00
2017.07.25 11:00:47.255,7.98455,7.98578,1.00,1.00
2017.07.25 11:00:47.357,7.98434,7.98558,1.00,1.00
2017.07.25 11:00:47.408,7.98403,7.98527,1.00,1.00
2017.07.25 11:00:47.714,7.98324,7.98448,1.00,1.00
2017.07.25 11:00:48.120,7.98304,7.98426,1.00,1.00
2017.07.25 11:00:48.410,7.98314,7.98438,1.00,1.00
2017.07.25 11:00:48.614,7.98324,7.98447,1.00,1.00
2017.07.25 11:00:48.920,7.98337,7.9846,1.00,1.00
2017.07.25 11:00:48.972,7.98324,7.98448,1.00,1.00
2017.07.25 11:00:49.124,7.98311,7.98435,1.00,1.00
2017.07.25 11:00:49.782,7.9832,7.98443,1.00,1.00
2017.07.25 11:00:50.552,7.98311,7.98435,1.00,1.00
2017.07.25 11:00:50.603,7.98291,7.98414,1.00,1.00
2017.07.25 11:00:50.764,7.98282,7.98407,1.00,1.00
2017.07.25 11:00:51.028,7.98292,7.98416,1.00,1.00
2017.07.25 11:00:51.407,7.9831,7.98432,1.00,1.00
2017.07.25 11:00:51.865,7.98299,7.98423,1.00,1.00
2017.07.25 11:00:52.818,7.98306,7.98428,1.00,1.00
2017.07.25 11:00:52.869,7.98315,7.98439,1.00,1.00
2017.07.25 11:00:52.920,7.98313,7.98437,1.00,1.00
2017.07.25 11:00:53.927,7.98318,7.98442,1.00,1.00
2017.07.25 11:00:54.267,7.98328,7.98452,1.00,1.00
2017.07.25 11:00:54.594,7.98317,7.98441,1.00,1.00
2017.07.25 11:00:55.343,7.98315,7.98439,1.00,1.00
2017.07.25 11:00:55.833,7.98308,7.98432,1.00,1.00
2017.07.25 11:00:56.335,7.98332,7.98456,1.00,1.00
2017.07.25 11:00:56.386,7.98341,7.98466,1.00,1.00
2017.07.25 11:00:56.538,7.98361,7.98485,1.00,1.00
2017.07.25 11:00:56.879,7.98381,7.98505,1.00,1.00
2017.07.25 11:00:57.335,7.98389,7.98514,1.00,1.00
2017.07.25 11:00:57.662,7.98347,7.98471,1.60,1.00
2017.07.25 11:00:57.966,7.98339,7.98454,2.10,1.00
2017.07.25 11:00:58.725,7.98339,7.98451,2.10,1.00
2017.07.25 11:00:58.860,7.98339,7.98462,2.10,1.00
2017.07.25 11:00:59.524,7.98271,7.98394,1.00,1.00
2017.07.25 11:00:59.575,7.98253,7.98376,1.00,1.00
2017.07.25 11:00:59.626,7.98253,7.98383,1.00,1.00
2017.07.25 11:00:59.677,7.98236,7.98383,1.00,1.50
2017.07.25 11:00:59.728,7.98236,7.98373,1.00,1.50
2017.07.25 11:01:00.034,7.98219,7.98343,1.00,1.00
2017.07.25 11:01:00.136,7.98196,7.98322,1.00,1.00
2017.07.25 11:01:00.237,7.98222,7.98346,1.00,1.00
2017.07.25 11:01:00.554,7.98179,7.98303,1.00,1.00
2017.07.25 11:01:01.064,7.98188,7.98313,1.00,1.00
2017.07.25 11:01:01.115,7.98198,7.98323,1.00,1.00
2017.07.25 11:01:01.165,7.98207,7.98353,1.00,1.00
2017.07.25 11:01:02.122,7.9822,7.98344,1.00,1.00
2017.07.25 11:01:02.455,7.98234,7.98357,1.00,1.00
2017.07.25 11:01:02.506,7.98247,7.98371,1.00,1.00
2017.07.25 11:01:02.608,7.98355,7.984,3.60,1.00
2017.07.25 11:01:03.169,7.98352,7.98395,3.60,1.00
2017.07.25 11:01:03.699,7.98253,7.98376,1.00,1.00
2017.07.25 11:01:03.996,7.98243,7.98365,1.00,1.00
2017.07.25 11:01:04.048,7.98225,7.9835,1.00,1.00
2017.07.25 11:01:05.897,7.98218,7.98342,1.00,1.00
2017.07.25 11:01:06.001,7.98212,7.98337,1.00,1.00
2017.07.25 11:01:06.210,7.98225,7.9835,1.00,1.00
2017.07.25 11:01:06.556,7.98239,7.98361,1.00,1.00
2017.07.25 11:01:06.759,7.98225,7.9835,1.00,1.00
2017.07.25 11:01:07.164,7.98217,7.98342,1.00,1.00
2017.07.25 11:01:08.923,7.98205,7.98335,1.00,1.00
2017.07.25 11:01:09.762,7.98201,7.98331,1.00,1.00
2017.07.25 11:01:13.368,7.98205,7.98335,1.00,1.00
2017.07.25 11:01:14.503,7.98226,7.98356,1.00,1.00
2017.07.25 11:01:14.807,7.98241,7.98363,1.00,1.00
2017.07.25 11:01:15.027,7.9822,7.98344,1.00,1.00
2017.07.25 11:01:15.936,7.98218,7.98342,1.00,1.00
2017.07.25 11:01:16.951,7.98219,7.98343,1.00,1.00
2017.07.25 11:01:18.084,7.98212,7.98336,1.00,1.00
2017.07.25 11:01:18.305,7.98226,7.98351,1.00,1.00
2017.07.25 11:01:18.356,7.98247,7.98371,1.00,1.00
2017.07.25 11:01:18.712,7.98227,7.98352,1.00,1.00
2017.07.25 11:01:19.016,7.98205,7.9833,1.00,1.00
2017.07.25 11:01:19.321,7.98175,7.98299,1.00,1.00
2017.07.25 11:01:19.786,7.98163,7.98288,1.00,1.00
2017.07.25 11:01:21.290,7.98154,7.98279,1.00,1.00
2017.07.25 11:01:21.940,7.98145,7.98269,1.00,1.00
2017.07.25 11:01:22.244,7.98143,7.98267,1.00,1.00
2017.07.25 11:01:22.550,7.98128,7.98252,1.00,1.00
2017.07.25 11:01:23.225,7.98122,7.98247,1.00,1.00
2017.07.25 11:01:23.792,7.98114,7.98236,1.00,1.00
2017.07.25 11:01:24.742,7.98115,7.9824,1.00,1.00
2017.07.25 11:01:25.919,7.98117,7.98239,1.00,1.00
2017.07.25 11:01:29.653,7.98121,7.98244,1.00,1.00
2017.07.25 11:01:30.222,7.98139,7.98262,1.00,1.00
2017.07.25 11:01:31.174,7.98134,7.98256,1.00,1.00
2017.07.25 11:01:31.433,7.98124,7.98247,1.00,1.00
2017.07.25 11:01:31.484,7.98117,7.9824,1.00,1.00
2017.07.25 11:01:31.616,7.98107,7.98231,1.00,1.00
2017.07.25 11:01:32.134,7.98125,7.98249,1.00,1.00
2017.07.25 11:01:32.557,7.98116,7.98237,1.00,1.00
2017.07.25 11:01:34.137,7.98118,7.98242,1.00,1.00
2017.07.25 11:01:34.189,7.98125,7.98246,1.00,1.00
2017.07.25 11:01:34.777,7.98132,7.98256,1.00,1.00
2017.07.25 11:01:35.731,7.98133,7.98256,1.00,1.00
2017.07.25 11:01:36.528,7.98126,7.98249,1.00,1.00
2017.07.25 11:01:36.929,7.9812,7.98244,1.00,1.00
2017.07.25 11:01:37.480,7.98116,7.9824,1.00,1.00
2017.07.25 11:01:38.503,7.98115,7.98239,1.00,1.00
2017.07.25 11:01:39.123,7.98094,7.98218,1.00,1.00
2017.07.25 11:01:40.077,7.9809,7.98213,1.00,1.00
2017.07.25 11:01:40.130,7.98085,7.98209,1.00,1.00
2017.07.25 11:01:41.079,7.9808,7.98203,1.00,1.00
2017.07.25 11:01:41.408,7.98076,7.98198,1.00,1.00
2017.07.25 11:01:45.769,7.98076,7.982,1.00,1.00
2017.07.25 11:01:46.699,7.98088,7.98212,1.00,1.00
2017.07.25 11:01:47.284,7.98097,7.98218,1.00,1.00
2017.07.25 11:01:47.780,7.98099,7.98222,1.00,1.00
2017.07.25 11:01:48.222,7.98093,7.98216,1.00,1.00
2017.07.25 11:01:48.782,7.98089,7.9821,1.00,1.00
2017.07.25 11:01:51.066,7.98086,7.98207,1.00,1.00
2017.07.25 11:01:51.335,7.981,7.98223,1.00,1.00
2017.07.25 11:01:52.051,7.98089,7.98212,1.00,1.00
2017.07.25 11:01:52.497,7.9808,7.98204,1.00,1.00
2017.07.25 11:01:52.548,7.98068,7.98192,1.00,1.00
2017.07.25 11:01:52.852,7.98097,7.98221,1.00,1.00
2017.07.25 11:01:53.182,7.98118,7.98241,1.00,1.00
2017.07.25 11:01:53.556,7.98092,7.98215,1.00,1.00
2017.07.25 11:01:53.607,7.98102,7.98238,1.00,1.00
2017.07.25 11:01:53.709,7.98122,7.98245,1.00,1.00
2017.07.25 11:01:54.215,7.98122,7.98246,1.00,1.00
2017.07.25 11:01:54.524,7.98113,7.98234,1.00,1.00
2017.07.25 11:01:58.490,7.98104,7.98227,1.00,1.00
2017.07.25 11:01:58.541,7.98094,7.98218,1.00,1.00
2017.07.25 11:01:58.592,7.98083,7.98207,1.00,1.00
2017.07.25 11:01:59.189,7.98083,7.98208,1.00,1.00
2017.07.25 11:01:59.688,7.98056,7.9818,1.00,1.00
2017.07.25 11:01:59.992,7.98047,7.98169,1.00,1.00
2017.07.25 11:02:00.823,7.98052,7.98176,1.00,1.00
2017.07.25 11:02:01.051,7.9804,7.98164,1.00,1.00
2017.07.25 11:02:01.811,7.98032,7.98156,1.00,1.00
2017.07.25 11:02:02.412,7.98028,7.98151,1.00,1.00
2017.07.25 11:02:02.464,7.98019,7.98143,1.00,1.00
2017.07.25 11:02:02.515,7.98072,7.98208,1.00,1.87
2017.07.25 11:02:02.566,7.9807,7.98215,1.00,1.00
2017.07.25 11:02:02.691,7.98085,7.98209,1.00,1.00
2017.07.25 11:02:02.996,7.98148,7.98272,1.00,1.37
2017.07.25 11:02:03.097,7.98132,7.98257,1.00,1.00
2017.07.25 11:02:03.578,7.98122,7.98246,1.00,1.00
2017.07.25 11:02:03.926,7.98135,7.98257,1.00,1.00
2017.07.25 11:02:04.078,7.98142,7.98266,1.00,1.00
2017.07.25 11:02:04.272,7.98134,7.98257,1.00,1.00
2017.07.25 11:02:04.323,7.98147,7.98271,1.00,1.00
2017.07.25 11:02:04.526,7.98129,7.98254,1.00,1.00
2017.07.25 11:02:04.628,7.98122,7.98246,1.00,1.00
2017.07.25 11:02:05.594,7.98117,7.98241,1.00,1.00
2017.07.25 11:02:08.314,7.98118,7.98243,1.00,1.00
2017.07.25 11:02:09.500,7.98122,7.98246,1.00,1.00
2017.07.25 11:02:09.890,7.98126,7.9825,1.00,1.00
2017.07.25 11:02:10.623,7.98122,7.98247,1.00,1.00
2017.07.25 11:02:11.095,7.98107,7.98232,1.00,1.00
2017.07.25 11:02:11.400,7.98096,7.98219,1.00,1.00
2017.07.25 11:02:11.451,7.98108,7.98232,1.00,1.00
2017.07.25 11:02:12.080,7.98097,7.98221,1.00,1.00
2017.07.25 11:02:12.408,7.98121,7.98244,1.00,1.00
2017.07.25 11:02:12.712,7.98127,7.98248,1.00,1.00
2017.07.25 11:02:12.935,7.98138,7.98263,1.00,1.00
2017.07.25 11:02:13.087,7.98121,7.98247,1.00,1.00
2017.07.25 11:02:13.467,7.98129,7.98251,1.00,1.00
2017.07.25 11:02:14.168,7.98093,7.98248,1.00,1.00
2017.07.25 11:02:14.219,7.98093,7.98251,1.00,1.00
2017.07.25 11:02:14.372,7.98134,7.98258,1.00,1.00
2017.07.25 11:02:14.422,7.98093,7.98252,1.00,1.00
2017.07.25 11:02:14.524,7.98089,7.98228,1.00,1.00
2017.07.25 11:02:14.856,7.98082,7.98206,1.00,1.00
2017.07.25 11:02:15.162,7.981,7.98224,1.00,1.00
2017.07.25 11:02:15.365,7.98089,7.98225,1.00,1.00
2017.07.25 11:02:15.416,7.98081,7.98205,1.00,1.00
2017.07.25 11:02:15.468,7.98059,7.98207,1.00,1.00
2017.07.25 11:02:15.772,7.9807,7.98194,1.00,1.00
2017.07.25 11:02:16.074,7.98063,7.98187,1.00,1.00
2017.07.25 11:02:16.226,7.98061,7.98206,1.00,1.00
2017.07.25 11:02:16.327,7.98078,7.98202,1.00,1.00
2017.07.25 11:02:16.631,7.981,7.98224,1.00,1.00
2017.07.25 11:02:16.938,7.98074,7.98195,1.00,1.00
2017.07.25 11:02:17.263,7.98085,7.98206,1.00,1.00
2017.07.25 11:02:17.569,7.98066,7.98188,1.00,1.00
2017.07.25 11:02:18.018,7.98123,7.9818,1.00,1.00
2017.07.25 11:02:18.069,7.98117,7.9824,1.00,1.00
2017.07.25 11:02:18.120,7.98077,7.98235,1.00,1.00
2017.07.25 11:02:18.171,7.98116,7.9824,1.00,1.00
2017.07.25 11:02:18.222,7.98086,7.98237,1.00,1.00
2017.07.25 11:02:18.323,7.98077,7.98237,1.00,1.00
2017.07.25 11:02:18.459,7.98117,7.98241,1.00,1.00
2017.07.25 11:02:18.590,7.98078,7.98225,1.00,1.00
2017.07.25 11:02:18.642,7.98102,7.98249,1.00,1.00
2017.07.25 11:02:19.319,7.98116,7.9824,1.00,1.00
2017.07.25 11:02:19.623,7.98105,7.98229,1.00,1.00
2017.07.25 11:02:19.943,7.98108,7.98232,1.00,1.00
2017.07.25 11:02:20.427,7.98097,7.9822,1.00,1.00
2017.07.25 11:02:20.732,7.98112,7.98234,1.00,1.00
2017.07.25 11:02:20.964,7.98101,7.98226,1.00,1.00
2017.07.25 11:02:21.167,7.98091,7.98218,1.00,1.00
2017.07.25 11:02:21.268,7.98102,7.98226,1.00,1.00
2017.07.25 11:02:21.572,7.98091,7.98212,1.00,1.00
2017.07.25 11:02:22.051,7.981,7.98224,1.00,1.00
2017.07.25 11:02:22.468,7.98084,7.98208,1.00,1.00
2017.07.25 11:02:23.026,7.98073,7.98197,1.00,1.00
2017.07.25 11:02:23.077,7.98087,7.98216,1.00,1.00
2017.07.25 11:02:23.229,7.98076,7.982,1.00,1.00
2017.07.25 11:02:23.558,7.98087,7.9821,1.00,1.00
2017.07.25 11:02:23.710,7.98098,7.98222,1.00,1.00
2017.07.25 11:02:24.268,7.98078,7.98201,1.00,1.00
2017.07.25 11:02:24.370,7.98091,7.98215,1.00,1.00
2017.07.25 11:02:24.724,7.98103,7.98226,1.00,1.00
2017.07.25 11:02:25.066,7.98106,7.98238,1.00,1.00
2017.07.25 11:02:25.370,7.98117,7.9825,1.00,1.00
2017.07.25 11:02:26.123,7.98127,7.98261,1.00,1.00
2017.07.25 11:02:26.304,7.98109,7.98246,1.00,1.00
2017.07.25 11:02:26.355,7.98103,7.98227,1.00,1.00
2017.07.25 11:02:26.457,7.98091,7.98231,1.00,1.00
2017.07.25 11:02:26.710,7.98087,7.98211,1.00,1.00
2017.07.25 11:02:27.017,7.98089,7.9821,1.00,1.00
2017.07.25 11:02:27.220,7.98092,7.98242,1.00,1.00
2017.07.25 11:02:27.381,7.98092,7.98216,1.00,1.00
2017.07.25 11:02:27.793,7.98081,7.98205,1.00,1.00
2017.07.25 11:02:27.996,7.98081,7.98214,1.00,1.00
2017.07.25 11:02:30.493,7.98078,7.9821,1.00,1.00
2017.07.25 11:02:30.797,7.98073,7.98205,1.00,1.00
2017.07.25 11:02:31.297,7.9808,7.98204,1.00,1.00
2017.07.25 11:02:31.348,7.98085,7.9823,1.00,1.00
2017.07.25 11:02:31.500,7.98097,7.98219,1.00,1.00
2017.07.25 11:02:31.601,7.98116,7.98239,1.00,1.00
2017.07.25 11:02:32.120,7.98106,7.9823,1.00,1.00
2017.07.25 11:02:32.423,7.98126,7.98249,1.00,1.00
2017.07.25 11:02:32.474,7.98086,7.98225,1.00,1.00
2017.07.25 11:02:32.525,7.98086,7.98243,1.00,1.00
2017.07.25 11:02:32.576,7.981,7.98224,1.00,1.00
2017.07.25 11:02:32.881,7.98076,7.982,1.00,1.00
2017.07.25 11:02:33.186,7.98064,7.98187,1.00,1.00
2017.07.25 11:02:33.529,7.98051,7.98174,1.00,1.00
2017.07.25 11:02:33.580,7.98047,7.98171,1.00,1.00
2017.07.25 11:02:33.631,7.98067,7.98191,1.00,1.00
2017.07.25 11:02:33.783,7.98052,7.98191,1.00,1.00
2017.07.25 11:02:34.021,7.98053,7.98175,1.00,1.00
2017.07.25 11:02:34.072,7.9807,7.98194,1.00,1.00
2017.07.25 11:02:34.225,7.98035,7.98159,1.00,1.00
2017.07.25 11:02:34.579,7.98047,7.98171,1.00,1.00
2017.07.25 11:02:34.896,7.98049,7.98173,1.00,1.00
2017.07.25 11:02:35.306,7.98067,7.98191,1.00,1.00
2017.07.25 11:02:35.610,7.98054,7.98178,1.00,1.00
2017.07.25 11:02:35.915,7.98075,7.98199,1.00,1.00
2017.07.25 11:02:36.519,7.98077,7.98209,1.00,1.00
2017.07.25 11:02:36.571,7.98099,7.98223,1.00,1.00
2017.07.25 11:02:36.775,7.98144,7.98283,1.00,1.00
2017.07.25 11:02:37.528,7.9815,7.98274,1.00,1.00
2017.07.25 11:02:37.832,7.98132,7.98254,1.00,1.00
2017.07.25 11:02:37.934,7.98109,7.98232,1.00,1.00
2017.07.25 11:02:38.221,7.98086,7.9821,1.00,1.00
2017.07.25 11:02:38.628,7.98105,7.98227,1.00,1.00
2017.07.25 11:02:38.679,7.98085,7.98209,1.00,1.00
2017.07.25 11:02:38.844,7.981,7.98223,1.00,1.00
2017.07.25 11:02:39.150,7.9809,7.98214,1.00,1.00
2017.07.25 11:02:41.564,7.98088,7.98209,1.00,1.00
2017.07.25 11:02:45.887,7.98086,7.98208,1.00,1.00
2017.07.25 11:02:46.497,7.98093,7.98217,1.00,1.00
2017.07.25 11:02:46.891,7.9809,7.98212,1.00,1.00
2017.07.25 11:02:47.661,7.98083,7.98207,1.00,1.00
2017.07.25 11:02:48.662,7.98087,7.9821,1.00,1.00
2017.07.25 11:02:49.824,7.98083,7.98207,1.00,1.00
2017.07.25 11:02:50.610,7.98063,7.98186,1.00,1.00
2017.07.25 11:02:50.792,7.98047,7.98171,1.00,1.00
2017.07.25 11:02:50.893,7.98089,7.98213,1.00,1.00
2017.07.25 11:02:52.290,7.98081,7.98205,1.00,1.00
2017.07.25 11:02:52.595,7.98062,7.98185,1.00,1.00
2017.07.25 11:02:52.949,7.98048,7.98171,1.00,1.00
2017.07.25 11:02:53.359,7.98043,7.98166,1.00,1.00
2017.07.25 11:02:53.461,7.98052,7.98176,1.00,1.00
2017.07.25 11:02:54.361,7.98047,7.9817,1.00,1.00
2017.07.25 11:02:54.496,7.98051,7.98175,1.00,1.00
2017.07.25 11:02:55.491,7.98049,7.98173,1.00,1.00
2017.07.25 11:03:00.069,7.98046,7.9817,1.00,1.00
2017.07.25 11:03:00.419,7.98031,7.98155,1.00,1.00
2017.07.25 11:03:00.811,7.9802,7.98144,1.00,1.00
2017.07.25 11:03:01.406,7.98025,7.98149,1.00,1.00
2017.07.25 11:03:01.743,7.98014,7.98138,1.00,1.00
2017.07.25 11:03:02.048,7.98002,7.98124,1.00,1.00
2017.07.25 11:03:02.377,7.97992,7.98115,1.00,1.00
2017.07.25 11:03:02.768,7.97977,7.98101,1.00,1.00
2017.07.25 11:03:02.921,7.97986,7.9811,1.00,1.00
2017.07.25 11:03:03.225,7.98021,7.98142,1.00,1.00
2017.07.25 11:03:03.327,7.98002,7.98126,1.00,1.00
2017.07.25 11:03:03.792,7.98014,7.98138,1.00,1.00
2017.07.25 11:03:03.843,7.98025,7.98151,1.00,1.00
2017.07.25 11:03:04.300,7.98032,7.98156,1.00,1.00
2017.07.25 11:03:04.632,7.9803,7.98154,1.00,1.00
2017.07.25 11:03:05.014,7.98019,7.98143,1.00,1.00
2017.07.25 11:03:05.318,7.98022,7.98145,1.00,1.00
2017.07.25 11:03:05.968,7.98013,7.98135,1.00,1.00
2017.07.25 11:03:07.243,7.98018,7.98139,1.00,1.00
2017.07.25 11:03:07.496,7.98012,7.98136,1.00,1.00
2017.07.25 11:03:08.243,7.98017,7.98139,1.00,1.00
2017.07.25 11:03:09.619,7.98019,7.9814,1.00,1.00
2017.07.25 11:03:09.961,7.98023,7.98144,1.00,1.00
2017.07.25 11:03:10.063,7.98039,7.98163,1.00,1.00
2017.07.25 11:03:10.740,7.98027,7.98151,1.00,1.00
2017.07.25 11:03:11.241,7.98039,7.98162,1.00,1.00
2017.07.25 11:03:11.581,7.98017,7.9814,1.00,1.00
2017.07.25 11:03:13.717,7.98017,7.98141,1.00,1.00
2017.07.25 11:03:15.870,7.98031,7.98155,1.00,1.00
2017.07.25 11:03:16.174,7.98037,7.98161,1.00,1.00
2017.07.25 11:03:16.563,7.98049,7.9817,1.00,1.00
2017.07.25 11:03:16.991,7.98053,7.98175,1.00,1.00
2017.07.25 11:03:19.555,7.98048,7.98172,1.00,1.00
2017.07.25 11:03:20.556,7.98048,7.98171,1.00,1.00
2017.07.25 11:03:21.272,7.9804,7.98164,1.00,1.00
2017.07.25 11:03:23.475,7.98041,7.98165,1.00,1.00
2017.07.25 11:03:24.751,7.98038,7.9816,1.00,1.00
2017.07.25 11:03:25.784,7.98039,7.98163,1.00,1.00
2017.07.25 11:03:26.753,7.9804,7.98164,1.00,1.00
2017.07.25 11:03:27.871,7.98042,7.98166,1.00,1.00
2017.07.25 11:03:29.543,7.9807,7.98195,1.00,1.00
2017.07.25 11:03:30.542,7.98072,7.98195,1.00,1.00
2017.07.25 11:03:31.136,7.98054,7.98178,1.00,1.00
2017.07.25 11:03:31.699,7.98062,7.98187,1.00,1.00
2017.07.25 11:03:31.750,7.98069,7.9819,1.00,1.00
2017.07.25 11:03:32.753,7.98071,7.98194,1.00,1.00
2017.07.25 11:03:35.110,7.98062,7.98185,1.00,1.00
2017.07.25 11:03:37.102,7.98045,7.98168,1.00,1.00
2017.07.25 11:03:37.445,7.98036,7.98159,1.00,1.00
2017.07.25 11:03:38.113,7.98031,7.98154,1.00,1.00
2017.07.25 11:03:38.608,7.98042,7.98165,1.00,1.00
2017.07.25 11:03:39.128,7.98036,7.98159,1.00,1.00
2017.07.25 11:03:39.679,7.98042,7.98165,1.00,1.00
2017.07.25 11:03:40.108,7.98048,7.98171,1.00,1.00
2017.07.25 11:03:40.704,7.98043,7.98166,1.00,1.00
2017.07.25 11:03:41.323,7.98047,7.98171,1.00,1.00
2017.07.25 11:03:41.694,7.98043,7.98164,1.00,1.00
2017.07.25 11:03:42.106,7.98049,7.98173,1.00,1.00
2017.07.25 11:03:43.108,7.98054,7.98175,1.00,1.00
2017.07.25 11:03:43.240,7.98047,7.98171,1.00,1.00
2017.07.25 11:03:43.596,7.98061,7.98183,1.00,1.00
2017.07.25 11:03:44.241,7.98065,7.98188,1.00,1.00
2017.07.25 11:03:45.241,7.98069,7.98192,1.00,1.00
2017.07.25 11:03:45.545,7.98064,7.98188,1.00,1.00
2017.07.25 11:03:46.582,7.98065,7.98188,1.00,1.00
2017.07.25 11:03:46.684,7.98059,7.98183,1.00,1.00
2017.07.25 11:03:47.011,7.9805,7.98171,1.00,1.00
2017.07.25 11:03:47.502,7.98038,7.98161,1.00,1.00
2017.07.25 11:03:48.010,7.98026,7.9815,1.00,1.00
2017.07.25 11:03:48.470,7.98031,7.98153,1.00,1.00
2017.07.25 11:03:49.666,7.98027,7.98149,1.00,1.00
2017.07.25 11:03:51.701,7.98031,7.98154,1.00,1.00
2017.07.25 11:03:52.429,7.98039,7.98162,1.00,1.00
2017.07.25 11:03:52.704,7.98044,7.98168,1.00,1.00
2017.07.25 11:03:53.310,7.98053,7.98176,1.00,1.00
2017.07.25 11:03:53.706,7.98049,7.98172,1.00,1.00
2017.07.25 11:03:54.228,7.98042,7.98165,1.00,1.00
2017.07.25 11:03:55.201,7.98043,7.98166,1.00,1.00
2017.07.25 11:03:55.431,7.98058,7.98182,1.00,1.00
2017.07.25 11:03:55.533,7.98048,7.98171,1.00,1.00
2017.07.25 11:03:56.114,7.98058,7.98182,1.00,1.00
2017.07.25 11:03:56.527,7.98052,7.98175,1.00,1.00
2017.07.25 11:03:57.190,7.98047,7.9817,1.00,1.00
2017.07.25 11:03:57.515,7.98071,7.98194,1.00,1.00
2017.07.25 11:03:58.020,7.98048,7.98174,1.00,1.00
2017.07.25 11:03:58.754,7.98061,7.98184,1.00,1.00
2017.07.25 11:04:01.038,7.9806,7.98183,1.00,1.00
2017.07.25 11:04:01.710,7.98054,7.98178,1.00,1.00
2017.07.25 11:04:01.812,7.98061,7.98184,1.00,1.00
2017.07.25 11:04:02.749,7.98071,7.98194,1.00,1.00
2017.07.25 11:04:02.800,7.98076,7.982,1.00,1.00
2017.07.25 11:04:05.624,7.98063,7.98186,1.00,1.00
2017.07.25 11:04:05.937,7.98053,7.98176,1.00,1.00
2017.07.25 11:04:07.348,7.98048,7.98171,1.00,1.00
2017.07.25 11:04:07.702,7.98043,7.98166,1.00,1.00
2017.07.25 11:04:08.032,7.98052,7.98175,1.00,1.00
2017.07.25 11:04:08.417,7.98049,7.9817,1.00,1.00
2017.07.25 11:04:08.896,7.9804,7.98163,1.00,1.00
2017.07.25 11:04:09.433,7.98035,7.98158,1.00,1.00
2017.07.25 11:04:09.847,7.98055,7.98179,1.00,1.00
2017.07.25 11:04:09.898,7.98089,7.98213,1.00,1.00
2017.07.25 11:04:10.202,7.98128,7.98252,1.00,1.00
2017.07.25 11:04:10.936,7.98134,7.98258,1.00,1.00
2017.07.25 11:04:11.412,7.98139,7.98262,1.00,1.00
2017.07.25 11:04:11.694,7.98146,7.98276,1.00,1.00
2017.07.25 11:04:11.796,7.9816,7.98283,1.00,1.00
2017.07.25 11:04:12.156,7.98169,7.98292,1.00,1.00
2017.07.25 11:04:12.865,7.98164,7.98287,1.00,1.00
2017.07.25 11:04:13.221,7.98167,7.9829,1.00,1.00
2017.07.25 11:04:16.079,7.98169,7.98292,1.00,1.00
2017.07.25 11:04:16.889,7.98159,7.98282,1.00,1.00
2017.07.25 11:04:17.194,7.98135,7.98258,1.00,1.00
2017.07.25 11:04:17.913,7.98129,7.98251,1.00,1.00
2017.07.25 11:04:18.395,7.98135,7.98256,1.00,1.00
2017.07.25 11:04:18.915,7.9813,7.98253,1.00,1.00
2017.07.25 11:04:19.719,7.98124,7.98247,1.00,1.00
2017.07.25 11:04:20.806,7.98128,7.98251,1.00,1.00
2017.07.25 11:04:21.995,7.98125,7.98246,1.00,1.00
2017.07.25 11:04:22.997,7.98129,7.9825,1.00,1.00
2017.07.25 11:04:24.599,7.98124,7.98247,1.00,1.00
2017.07.25 11:04:24.752,7.98119,7.98242,1.00,1.00
2017.07.25 11:04:25.250,7.98113,7.98235,1.00,1.00
2017.07.25 11:04:25.404,7.98125,7.98248,1.00,1.00
2017.07.25 11:04:26.389,7.98125,7.98249,1.00,1.00
2017.07.25 11:04:27.390,7.9813,7.98251,1.00,1.00
2017.07.25 11:04:27.566,7.98134,7.98257,1.00,1.00
2017.07.25 11:04:28.392,7.9813,7.98252,1.00,1.00
2017.07.25 11:04:29.530,7.98119,7.98242,1.00,1.00
2017.07.25 11:04:29.733,7.98112,7.98235,1.00,1.00
2017.07.25 11:04:30.728,7.98109,7.98232,1.00,1.00
2017.07.25 11:04:31.113,7.98113,7.98236,1.00,1.00
2017.07.25 11:04:32.285,7.98112,7.98233,1.00,1.00
2017.07.25 11:04:33.294,7.98109,7.9823,1.00,1.00
2017.07.25 11:04:33.497,7.98107,7.98231,1.00,1.00
2017.07.25 11:04:37.292,7.98113,7.98237,1.00,1.00
2017.07.25 11:04:37.603,7.98124,7.98248,1.00,1.00
2017.07.25 11:04:38.015,7.98131,7.98256,1.00,1.00
2017.07.25 11:04:38.117,7.98141,7.98265,1.00,1.00
2017.07.25 11:04:39.122,7.98137,7.98262,1.00,1.00
2017.07.25 11:04:40.101,7.98136,7.98261,1.00,1.00
2017.07.25 11:04:41.103,7.9814,7.98264,1.00,1.00
2017.07.25 11:04:41.933,7.98092,7.9827,1.00,1.00
2017.07.25 11:04:41.984,7.98104,7.98266,1.00,1.00
2017.07.25 11:04:42.288,7.9807,7.98194,1.00,1.00
2017.07.25 11:04:42.491,7.98044,7.98169,1.00,1.00
2017.07.25 11:04:42.643,7.98051,7.98175,1.00,1.00
2017.07.25 11:04:43.481,7.98046,7.9817,1.00,1.00
2017.07.25 11:04:44.482,7.98051,7.98172,1.00,1.00
2017.07.25 11:04:44.859,7.98059,7.9818,1.00,1.00
2017.07.25 11:04:45.011,7.98047,7.98171,1.00,1.00
2017.07.25 11:04:45.980,7.98049,7.98172,1.00,1.00
2017.07.25 11:04:47.100,7.98052,7.98175,1.00,1.00
2017.07.25 11:04:47.982,7.98052,7.98173,1.00,1.00
2017.07.25 11:04:50.215,7.98081,7.98205,1.00,1.00
2017.07.25 11:04:51.128,7.9808,7.98204,1.00,1.00
2017.07.25 11:04:54.829,7.98076,7.98199,1.00,1.00
2017.07.25 11:04:55.989,7.98079,7.98202,1.00,1.00
2017.07.25 11:04:56.102,7.98077,7.98201,1.00,1.00
2017.07.25 11:04:57.089,7.98079,7.98202,1.00,1.00
2017.07.25 11:04:58.174,7.98075,7.98198,1.00,1.00
2017.07.25 11:05:01.208,7.98075,7.98199,1.00,1.00
2017.07.25 11:05:02.343,7.98074,7.98197,1.00,1.00
2017.07.25 11:05:05.056,7.98077,7.98201,1.00,1.00
2017.07.25 11:05:06.028,7.98079,7.98202,1.00,1.00
2017.07.25 11:05:08.543,7.98075,7.98197,1.00,1.00
2017.07.25 11:05:08.995,7.98079,7.98202,1.00,1.00
2017.07.25 11:05:09.477,7.98068,7.9819,1.00,1.00
2017.07.25 11:05:09.527,7.98056,7.98179,1.00,1.00
2017.07.25 11:05:09.899,7.98045,7.98169,1.00,1.00
2017.07.25 11:05:11.356,7.98043,7.98164,1.00,1.00
2017.07.25 11:05:11.590,7.98051,7.98174,1.00,1.00
2017.07.25 11:05:11.944,7.9806,7.98183,1.00,1.00
2017.07.25 11:05:12.257,7.98078,7.98199,1.00,1.00
2017.07.25 11:05:12.566,7.98091,7.98212,1.00,1.00
2017.07.25 11:05:12.881,7.98102,7.98223,1.00,1.00
2017.07.25 11:05:13.164,7.98094,7.98217,1.00,1.00
2017.07.25 11:05:14.228,7.9809,7.98214,1.00,1.00
2017.07.25 11:05:14.330,7.98096,7.98217,1.00,1.00
2017.07.25 11:05:15.158,7.98083,7.98206,1.00,1.00
2017.07.25 11:05:15.259,7.98076,7.98198,1.00,1.00
2017.07.25 11:05:16.188,7.98069,7.98192,1.00,1.00
2017.07.25 11:05:16.290,7.98076,7.98199,1.00,1.00
2017.07.25 11:05:17.394,7.98079,7.98203,1.00,1.00
2017.07.25 11:05:18.146,7.98063,7.98194,1.00,1.00
2017.07.25 11:05:18.197,7.98063,7.98188,1.00,1.00
2017.07.25 11:05:19.867,7.98066,7.98191,1.00,1.00
2017.07.25 11:05:20.378,7.98072,7.98196,1.00,1.00
2017.07.25 11:05:24.061,7.98034,7.98206,1.00,1.00
2017.07.25 11:05:24.182,7.98019,7.98191,1.00,1.00
2017.07.25 11:05:24.487,7.98017,7.9814,1.00,1.00
2017.07.25 11:05:25.552,7.9802,7.98144,1.00,1.00
2017.07.25 11:05:25.966,7.98047,7.98171,1.00,1.00
2017.07.25 11:05:26.068,7.98021,7.98151,1.00,1.00
2017.07.25 11:05:26.984,7.98015,7.98147,1.00,1.00
2017.07.25 11:05:27.136,7.9802,7.98152,1.00,1.00
2017.07.25 11:05:28.489,7.98046,7.98169,1.00,1.00
2017.07.25 11:05:28.540,7.98036,7.9816,1.00,1.00
2017.07.25 11:05:28.590,7.98045,7.98169,1.00,1.00
2017.07.25 11:05:28.894,7.98094,7.98218,1.00,1.00
2017.07.25 11:05:29.217,7.98113,7.98237,1.00,1.00
2017.07.25 11:05:29.522,7.98088,7.98211,1.00,1.00
2017.07.25 11:05:29.775,7.9808,7.98204,1.00,1.00
2017.07.25 11:05:29.826,7.98071,7.98194,1.00,1.00
2017.07.25 11:05:29.878,7.9806,7.98184,1.00,1.00
2017.07.25 11:05:31.218,7.98059,7.98183,1.00,1.00
2017.07.25 11:05:31.372,7.98068,7.98191,1.00,1.00
2017.07.25 11:05:32.403,7.98067,7.98191,1.00,1.00
2017.07.25 11:05:35.812,7.98078,7.98201,1.00,1.00
2017.07.25 11:05:37.472,7.98064,7.98188,1.00,1.00
2017.07.25 11:05:38.474,7.98061,7.98184,1.00,1.00
2017.07.25 11:05:38.654,7.98067,7.98191,1.00,1.00
2017.07.25 11:05:38.756,7.98085,7.98206,1.00,1.00
2017.07.25 11:05:39.917,7.98078,7.98199,1.00,1.00
2017.07.25 11:05:40.920,7.98075,7.98198,1.00,1.00
2017.07.25 11:05:41.945,7.98075,7.98199,1.00,1.00
2017.07.25 11:05:42.308,7.9808,7.98204,1.00,1.00
2017.07.25 11:05:42.999,7.98076,7.98199,1.00,1.00
2017.07.25 11:05:43.333,7.98088,7.98212,1.00,1.00
2017.07.25 11:05:46.871,7.98055,7.98199,1.00,1.00
2017.07.25 11:05:46.922,7.9809,7.98214,1.00,1.00
2017.07.25 11:05:47.917,7.98089,7.98212,1.00,1.00
2017.07.25 11:05:48.096,7.98053,7.98198,1.00,1.00
2017.07.25 11:05:48.147,7.98079,7.98203,1.00,1.00
2017.07.25 11:05:48.451,7.98118,7.98242,1.00,1.00
2017.07.25 11:05:48.786,7.98108,7.98229,1.00,1.00
2017.07.25 11:05:50.150,7.98104,7.98228,1.00,1.00
2017.07.25 11:05:51.194,7.98103,7.98227,1.00,1.00
2017.07.25 11:05:51.297,7.98108,7.98231,1.00,1.00
2017.07.25 11:05:53.796,7.98111,7.98232,1.00,1.00
2017.07.25 11:05:54.948,7.98109,7.98233,1.00,1.00
2017.07.25 11:05:58.557,7.98124,7.98247,1.00,1.00
2017.07.25 11:05:58.961,7.98132,7.98256,1.00,1.00
2017.07.25 11:05:59.063,7.98118,7.98242,1.00,1.00
2017.07.25 11:06:01.283,7.98126,7.98273,1.00,1.00
2017.07.25 11:06:01.335,7.98119,7.98285,1.00,1.00
2017.07.25 11:06:01.386,7.98134,7.98263,1.00,1.00
2017.07.25 11:06:01.437,7.98159,7.9829,1.00,1.00
2017.07.25 11:06:01.488,7.9813,7.98254,1.00,1.00
2017.07.25 11:06:02.355,7.98123,7.98245,1.00,1.00
2017.07.25 11:06:03.766,7.98131,7.98255,1.00,1.00
2017.07.25 11:06:04.722,7.98142,7.98266,1.00,1.00
2017.07.25 11:06:05.026,7.98132,7.98256,1.00,1.00
2017.07.25 11:06:05.337,7.98154,7.98276,1.00,1.00
2017.07.25 11:06:05.439,7.98176,7.983,1.00,1.00
2017.07.25 11:06:05.490,7.98196,7.9832,1.00,1.00
2017.07.25 11:06:06.023,7.98197,7.98321,1.00,1.00
2017.07.25 11:06:06.327,7.98218,7.98342,1.00,1.00
2017.07.25 11:06:06.632,7.98174,7.98297,1.00,1.00
2017.07.25 11:06:06.683,7.98154,7.98278,1.00,1.00
2017.07.25 11:06:06.885,7.98136,7.9826,1.00,1.00
2017.07.25 11:06:07.288,7.9812,7.98244,1.00,1.00
2017.07.25 11:06:07.543,7.98107,7.98235,1.00,1.00
2017.07.25 11:06:07.898,7.98101,7.98225,1.00,1.00
2017.07.25 11:06:07.999,7.98111,7.98237,1.00,1.00
2017.07.25 11:06:08.493,7.98102,7.98226,1.00,1.00
2017.07.25 11:06:08.645,7.98111,7.98238,1.00,1.00
2017.07.25 11:06:09.070,7.9812,7.98244,1.00,1.00
2017.07.25 11:06:10.315,7.98131,7.98253,1.00,1.00
2017.07.25 11:06:10.366,7.98118,7.98242,1.00,1.00
2017.07.25 11:06:10.418,7.98128,7.98252,1.00,1.00
2017.07.25 11:06:10.727,7.98168,7.98292,1.00,1.00
2017.07.25 11:06:11.549,7.98164,7.98288,1.00,1.00
2017.07.25 11:06:11.886,7.98169,7.98291,1.00,1.00
2017.07.25 11:06:12.039,7.98191,7.98315,1.00,1.00
2017.07.25 11:06:12.691,7.98182,7.98306,1.00,1.00
2017.07.25 11:06:12.994,7.98202,7.98326,1.00,1.00
2017.07.25 11:06:13.337,7.98211,7.98335,1.00,1.00
2017.07.25 11:06:13.833,7.98227,7.98351,1.00,1.00
2017.07.25 11:06:14.241,7.98215,7.98339,1.00,1.00
2017.07.25 11:06:17.492,7.98214,7.98338,1.00,1.00
2017.07.25 11:06:20.932,7.982,7.98342,1.00,1.00
2017.07.25 11:06:21.034,7.98198,7.98336,1.00,1.00
2017.07.25 11:06:21.367,7.98195,7.98319,1.00,1.00
2017.07.25 11:06:21.672,7.983,7.98424,1.00,1.00
2017.07.25 11:06:21.977,7.98271,7.98393,1.00,1.00
2017.07.25 11:06:22.078,7.98292,7.98416,1.00,1.00
2017.07.25 11:06:22.412,7.98318,7.98442,1.00,1.00
2017.07.25 11:06:23.044,7.98282,7.98378,1.00,1.00
2017.07.25 11:06:23.095,7.98327,7.98451,1.00,1.00
2017.07.25 11:06:23.146,7.98274,7.98398,1.00,1.00
2017.07.25 11:06:23.450,7.98297,7.98378,1.00,1.00
2017.07.25 11:06:23.502,7.98245,7.98369,1.00,1.00
2017.07.25 11:06:23.604,7.98219,7.98343,1.00,1.00
2017.07.25 11:06:23.943,7.98196,7.9832,1.00,1.00
2017.07.25 11:06:24.299,7.98206,7.9833,1.00,1.00
2017.07.25 11:06:24.604,7.98232,7.98356,1.00,1.00
2017.07.25 11:06:25.002,7.98242,7.98366,1.00,1.00
2017.07.25 11:06:25.341,7.98252,7.98376,1.00,1.00
2017.07.25 11:06:26.097,7.98261,7.98385,1.00,1.00
2017.07.25 11:06:26.422,7.98272,7.98394,1.00,1.00
2017.07.25 11:06:26.751,7.98283,7.98405,1.00,1.00
2017.07.25 11:06:26.802,7.98269,7.98394,1.00,1.00
2017.07.25 11:06:27.006,7.98257,7.98379,1.00,1.00
2017.07.25 11:06:27.341,7.98272,7.98406,1.00,1.00
2017.07.25 11:06:27.393,7.98266,7.9839,1.00,1.00
2017.07.25 11:06:28.324,7.9827,7.98394,1.00,1.00
2017.07.25 11:06:29.771,7.98257,7.98382,1.00,1.00
2017.07.25 11:06:29.923,7.98257,7.98378,1.00,1.00
2017.07.25 11:06:30.025,7.98257,7.98382,1.00,1.00
2017.07.25 11:06:30.279,7.9827,7.98395,1.00,1.00
2017.07.25 11:06:30.776,7.98265,7.98389,1.00,1.00
2017.07.25 11:06:31.199,7.98277,7.984,1.00,1.00
2017.07.25 11:06:31.426,7.98285,7.9841,1.00,1.00
2017.07.25 11:06:31.529,7.98296,7.9842,1.00,1.00
2017.07.25 11:06:32.355,7.98275,7.984,1.00,1.00
2017.07.25 11:06:32.407,7.98286,7.9841,1.00,1.00
2017.07.25 11:06:33.346,7.98285,7.98409,1.00,1.00
2017.07.25 11:06:33.700,7.98294,7.98418,1.00,1.50
2017.07.25 11:06:36.004,7.98288,7.98411,1.00,1.00
2017.07.25 11:06:36.055,7.98283,7.98407,1.00,1.00
2017.07.25 11:06:36.106,7.98276,7.98401,1.00,1.00
2017.07.25 11:06:36.970,7.98283,7.98407,1.00,1.00
2017.07.25 11:06:37.807,7.98299,7.98422,1.00,1.00
2017.07.25 11:06:38.334,7.98316,7.98428,1.00,1.00
2017.07.25 11:06:38.467,7.98316,7.98441,1.00,1.00
2017.07.25 11:06:38.518,7.98315,7.98438,1.00,1.00
2017.07.25 11:06:38.677,7.98283,7.98407,1.00,1.00
2017.07.25 11:06:38.982,7.98271,7.98395,1.00,1.00
2017.07.25 11:06:39.676,7.98266,7.98391,1.00,1.00
2017.07.25 11:06:40.068,7.98272,7.98396,1.00,1.00
2017.07.25 11:06:40.423,7.98284,7.98408,1.00,1.00
2017.07.25 11:06:40.728,7.98265,7.9839,1.00,1.00
2017.07.25 11:06:41.422,7.98274,7.98399,1.00,1.00
2017.07.25 11:06:41.748,7.98285,7.98408,1.00,1.00
2017.07.25 11:06:42.421,7.98292,7.98414,1.00,1.00
2017.07.25 11:06:42.524,7.98282,7.98406,1.00,1.00
2017.07.25 11:06:44.611,7.98287,7.98409,1.00,1.00
2017.07.25 11:06:44.677,7.9829,7.98414,1.00,1.00
2017.07.25 11:06:44.829,7.98298,7.98418,1.00,1.00
2017.07.25 11:06:45.055,7.98298,7.98422,1.00,1.00
2017.07.25 11:06:45.813,7.98294,7.98418,1.00,1.00
2017.07.25 11:06:46.583,7.98304,7.98426,1.00,1.00
2017.07.25 11:06:46.826,7.98307,7.98431,1.00,1.00
2017.07.25 11:06:47.130,7.98298,7.98422,1.00,1.00
2017.07.25 11:06:47.621,7.98284,7.98409,1.00,1.00
2017.07.25 11:06:47.672,7.98287,7.98409,1.00,1.00
2017.07.25 11:06:48.429,7.98271,7.98395,1.00,1.00
2017.07.25 11:06:52.222,7.98274,7.98399,1.00,1.00
2017.07.25 11:06:52.668,7.98271,7.98394,1.00,1.00
2017.07.25 11:06:52.820,7.98278,7.98402,1.00,1.00
2017.07.25 11:06:55.067,7.98283,7.98405,1.00,1.00
2017.07.25 11:07:00.121,7.9825,7.98395,1.00,1.00
2017.07.25 11:07:00.173,7.98243,7.98367,1.00,1.00
2017.07.25 11:07:00.477,7.98234,7.98358,1.00,1.00
2017.07.25 11:07:01.305,7.9824,7.98362,1.00,1.00
2017.07.25 11:07:01.846,7.98201,7.98348,1.00,1.00
2017.07.25 11:07:02.892,7.98202,7.98349,1.00,1.00
2017.07.25 11:07:03.848,7.98201,7.98348,1.00,1.00
2017.07.25 11:07:04.371,7.98195,7.98342,1.00,1.00
2017.07.25 11:07:05.369,7.98194,7.98341,1.00,1.00
2017.07.25 11:07:07.794,7.98199,7.98345,1.00,1.00
2017.07.25 11:07:08.912,7.98197,7.98344,1.00,1.00
2017.07.25 11:07:09.738,7.98193,7.98339,1.00,1.00
2017.07.25 11:07:10.094,7.98207,7.98351,1.00,1.00
2017.07.25 11:07:10.310,7.98207,7.98353,1.00,1.00
2017.07.25 11:07:10.463,7.9823,7.98354,1.00,1.00
2017.07.25 11:07:10.861,7.98208,7.98352,1.00,1.00
2017.07.25 11:07:11.458,7.98214,7.98359,1.00,1.00
2017.07.25 11:07:14.074,7.98211,7.98354,1.00,1.00
2017.07.25 11:07:15.040,7.98213,7.98359,1.00,1.00
2017.07.25 11:07:15.176,7.98209,7.98355,1.00,1.00
2017.07.25 11:07:15.511,7.98201,7.98345,1.00,1.00
2017.07.25 11:07:16.200,7.98205,7.98348,1.00,1.00
2017.07.25 11:07:16.427,7.98195,7.98343,1.00,1.00
2017.07.25 11:07:17.324,7.982,7.98346,1.00,1.00
2017.07.25 11:07:17.867,7.98175,7.98324,1.00,1.00
2017.07.25 11:07:18.069,7.98174,7.98316,1.00,1.00
2017.07.25 11:07:18.226,7.98182,7.9833,1.00,1.00
2017.07.25 11:07:19.227,7.98186,7.98333,1.00,1.00
2017.07.25 11:07:19.817,7.98159,7.98306,1.00,1.00
2017.07.25 11:07:20.072,7.98144,7.98295,1.00,1.00
2017.07.25 11:07:20.450,7.98183,7.98305,1.00,1.00
2017.07.25 11:07:21.076,7.9815,7.98299,1.00,1.00
2017.07.25 11:07:21.880,7.98201,7.98312,1.00,1.00
2017.07.25 11:07:21.931,7.98201,7.98324,1.00,1.00
2017.07.25 11:07:22.033,7.98213,7.98334,1.00,1.00
2017.07.25 11:07:22.084,7.98207,7.9833,1.00,1.00
2017.07.25 11:07:23.081,7.98211,7.98335,1.00,1.00
2017.07.25 11:07:23.377,7.98175,7.98324,1.00,1.00
2017.07.25 11:07:23.631,7.98206,7.9833,1.00,1.00
2017.07.25 11:07:23.967,7.98195,7.98334,1.00,1.00
2017.07.25 11:07:24.018,7.98217,7.98338,1.00,1.00
2017.07.25 11:07:24.070,7.98183,7.98335,1.00,1.00
2017.07.25 11:07:24.600,7.9821,7.98358,1.00,1.50
2017.07.25 11:07:24.904,7.98187,7.98326,1.00,1.00
2017.07.25 11:07:25.169,7.98189,7.98339,1.00,1.00
2017.07.25 11:07:25.677,7.98196,7.98319,1.00,1.00
2017.07.25 11:07:26.040,7.98158,7.98302,1.00,1.00
2017.07.25 11:07:26.395,7.98185,7.98309,1.00,1.00
2017.07.25 11:07:26.497,7.98153,7.98308,1.00,1.00
2017.07.25 11:07:26.811,7.98188,7.9831,1.00,1.00
2017.07.25 11:07:27.072,7.98159,7.98309,1.00,1.00
2017.07.25 11:07:27.946,7.98196,7.98317,1.00,1.00
2017.07.25 11:07:28.288,7.98191,7.98312,1.00,1.00
2017.07.25 11:07:28.441,7.98153,7.98309,1.00,1.00
2017.07.25 11:07:28.652,7.98156,7.98298,1.00,1.00
2017.07.25 11:07:30.176,7.98157,7.98317,1.00,1.00
2017.07.25 11:07:31.456,7.98159,7.98315,1.00,1.00
2017.07.25 11:07:32.052,7.98199,7.98322,1.00,1.00
2017.07.25 11:07:32.204,7.98151,7.98301,1.00,1.00
2017.07.25 11:07:32.356,7.98199,7.98322,1.00,1.00
2017.07.25 11:07:32.407,7.98159,7.98318,1.00,1.00
2017.07.25 11:07:32.458,7.98196,7.98319,1.00,1.00
2017.07.25 11:07:32.509,7.9816,7.98319,1.00,1.00
2017.07.25 11:07:32.762,7.98183,7.98307,1.00,1.00
2017.07.25 11:07:33.117,7.98199,7.9832,1.00,1.00
2017.07.25 11:07:33.655,7.98187,7.9831,1.00,1.00
2017.07.25 11:07:33.707,7.98177,7.983,1.00,1.00
2017.07.25 11:07:34.061,7.9819,7.98314,1.00,1.00
2017.07.25 11:07:34.673,7.98201,7.98323,1.00,1.00
2017.07.25 11:07:34.724,7.98208,7.98331,1.00,1.00
2017.07.25 11:07:35.645,7.98213,7.98334,1.00,1.00
2017.07.25 11:07:35.696,7.98163,7.98319,1.50,1.00
2017.07.25 11:07:35.798,7.98161,7.98304,1.00,1.00
2017.07.25 11:07:36.099,7.98167,7.9829,1.00,1.00
2017.07.25 11:07:36.821,7.98166,7.98289,1.00,1.00
2017.07.25 11:07:37.407,7.98164,7.98308,1.00,1.00
2017.07.25 11:07:38.844,7.98151,7.98295,1.00,1.00
2017.07.25 11:07:39.125,7.98144,7.98302,1.00,1.00
2017.07.25 11:07:39.697,7.98158,7.98317,1.00,1.00
2017.07.25 11:07:39.849,7.98195,7.98317,1.00,1.00
2017.07.25 11:07:40.168,7.98182,7.98304,1.00,1.00
2017.07.25 11:07:40.219,7.98192,7.98316,1.00,1.00
2017.07.25 11:07:40.727,7.98156,7.9831,1.00,1.00
2017.07.25 11:07:40.778,7.98142,7.98296,1.00,1.00
2017.07.25 11:07:40.829,7.98139,7.98296,1.00,1.00
2017.07.25 11:07:41.082,7.98175,7.98298,1.00,1.00
2017.07.25 11:07:41.771,7.98135,7.98292,1.00,1.00
2017.07.25 11:07:41.872,7.98173,7.98296,1.00,1.00
2017.07.25 11:07:42.772,7.98136,7.98295,1.00,1.00
2017.07.25 11:07:43.319,7.98136,7.98296,1.00,1.00
2017.07.25 11:07:43.522,7.98173,7.98296,1.00,1.00
2017.07.25 11:07:43.892,7.98137,7.98296,1.50,1.00
2017.07.25 11:07:43.943,7.98174,7.98297,1.00,1.00
2017.07.25 11:07:44.095,7.98138,7.98289,1.00,1.00
2017.07.25 11:07:44.353,7.98175,7.98299,1.00,1.00
2017.07.25 11:07:45.372,7.98184,7.98307,1.00,1.00
2017.07.25 11:07:46.510,7.98183,7.98304,1.00,1.00
2017.07.25 11:07:46.895,7.98191,7.98315,1.00,1.00
2017.07.25 11:07:47.900,7.98193,7.98317,1.00,1.00
2017.07.25 11:07:48.002,7.98145,7.98301,1.50,1.00
2017.07.25 11:07:48.053,7.98185,7.98306,1.00,1.00
2017.07.25 11:07:48.104,7.98145,7.98303,1.00,1.00
2017.07.25 11:07:48.206,7.98146,7.98283,1.00,1.00
2017.07.25 11:07:49.105,7.98146,7.983,1.00,1.00
2017.07.25 11:07:49.207,7.98142,7.98296,1.00,1.00
2017.07.25 11:07:52.153,7.98146,7.983,1.00,1.00
2017.07.25 11:07:52.457,7.9816,7.98314,1.00,1.00
2017.07.25 11:07:53.155,7.98156,7.98308,1.00,1.00
2017.07.25 11:07:54.157,7.98159,7.98311,1.00,1.00
2017.07.25 11:07:55.187,7.98163,7.98315,1.00,1.00
2017.07.25 11:07:56.741,7.98159,7.98309,1.00,1.00
2017.07.25 11:07:56.793,7.98153,7.98305,1.00,1.00
2017.07.25 11:07:56.895,7.98147,7.98298,1.00,1.00
2017.07.25 11:07:57.923,7.98143,7.98293,1.00,1.00
2017.07.25 11:07:58.107,7.98149,7.98301,1.00,1.00
2017.07.25 11:07:58.260,7.98157,7.98309,1.00,1.00
2017.07.25 11:07:59.081,7.98151,7.98302,1.00,1.00
2017.07.25 11:08:01.139,7.98153,7.98305,1.00,1.00
2017.07.25 11:08:01.517,7.98162,7.98308,1.00,1.00
2017.07.25 11:08:02.155,7.98168,7.98311,1.00,1.00
2017.07.25 11:08:02.852,7.98176,7.98311,1.00,1.00
2017.07.25 11:08:02.904,7.98176,7.9832,1.00,1.00
2017.07.25 11:08:02.955,7.98187,7.9831,1.00,1.00
2017.07.25 11:08:03.505,7.98169,7.98293,1.00,1.00
2017.07.25 11:08:03.607,7.98159,7.983,1.00,1.00
2017.07.25 11:08:04.493,7.98163,7.98304,1.00,1.00
2017.07.25 11:08:05.271,7.98167,7.98308,1.00,1.00
2017.07.25 11:08:06.236,7.9817,7.98312,1.00,1.00
2017.07.25 11:08:06.921,7.98173,7.98316,1.00,1.00
2017.07.25 11:08:07.924,7.9817,7.98316,1.00,1.00
2017.07.25 11:08:08.593,7.98179,7.98303,1.00,1.00
2017.07.25 11:08:08.745,7.98171,7.98312,1.00,1.00
2017.07.25 11:08:09.124,7.98179,7.98311,1.00,1.00
2017.07.25 11:08:09.465,7.98194,7.98318,1.00,1.00
2017.07.25 11:08:10.218,7.98192,7.98332,1.00,1.00
2017.07.25 11:08:12.221,7.9821,7.98349,1.00,1.00
2017.07.25 11:08:12.983,7.98224,7.98356,1.00,1.00
2017.07.25 11:08:13.034,7.98224,7.98358,1.00,1.00
2017.07.25 11:08:13.086,7.98224,7.98361,1.00,1.00
2017.07.25 11:08:13.299,7.98232,7.98372,1.00,1.00
2017.07.25 11:08:15.118,7.98219,7.98359,1.00,1.00
2017.07.25 11:08:15.420,7.98211,7.98351,1.00,1.00
2017.07.25 11:08:16.145,7.98208,7.98348,1.00,1.00
2017.07.25 11:08:16.547,7.98216,7.98339,1.00,1.00
2017.07.25 11:08:17.464,7.98211,7.98335,1.00,1.00
2017.07.25 11:08:17.565,7.98226,7.9835,1.00,1.00
2017.07.25 11:08:17.945,7.98234,7.98357,1.00,1.00
2017.07.25 11:08:18.519,7.9824,7.98363,1.00,1.00
2017.07.25 11:08:19.841,7.98238,7.98363,1.00,1.00
2017.07.25 11:08:20.306,7.98234,7.98359,1.00,1.00
2017.07.25 11:08:20.638,7.98229,7.98351,1.00,1.00
2017.07.25 11:08:20.892,7.98236,7.98359,1.00,1.00
2017.07.25 11:08:21.490,7.98239,7.98364,1.00,1.00
2017.07.25 11:08:21.854,7.98244,7.98368,1.00,1.00
2017.07.25 11:08:22.154,7.98252,7.98377,1.00,1.00
2017.07.25 11:08:22.205,7.98263,7.98386,1.00,1.00
2017.07.25 11:08:22.256,7.98252,7.98376,1.00,1.00
2017.07.25 11:08:22.661,7.9824,7.98363,1.00,1.00
2017.07.25 11:08:22.762,7.98227,7.98367,1.00,1.00
2017.07.25 11:08:23.743,7.98222,7.98364,1.00,1.00
2017.07.25 11:08:23.808,7.98235,7.98358,1.00,1.00
2017.07.25 11:08:24.809,7.98237,7.98361,1.00,1.00
2017.07.25 11:08:25.809,7.98238,7.98361,1.00,1.00
2017.07.25 11:08:31.455,7.98254,7.98375,1.00,1.00
2017.07.25 11:08:31.607,7.98242,7.98364,1.00,1.00
2017.07.25 11:08:31.795,7.9823,7.98353,1.00,1.00
2017.07.25 11:08:32.664,7.98224,7.98345,1.00,1.00
2017.07.25 11:08:33.171,7.98231,7.98355,1.00,1.00
2017.07.25 11:08:33.619,7.98257,7.9838,1.00,1.00
2017.07.25 11:08:33.925,7.98339,7.98462,1.00,1.00
2017.07.25 11:08:34.612,7.9836,7.98483,1.00,1.00
2017.07.25 11:08:34.995,7.98351,7.98472,1.00,1.00
2017.07.25 11:08:35.299,7.98339,7.98463,1.00,1.00
2017.07.25 11:08:35.716,7.98326,7.9845,1.00,1.00
2017.07.25 11:08:39.092,7.98324,7.98448,1.00,1.00
2017.07.25 11:08:40.277,7.98324,7.98447,1.00,1.00
2017.07.25 11:08:45.529,7.98325,7.98447,1.00,1.00
2017.07.25 11:08:45.835,7.98334,7.98456,1.00,1.00
2017.07.25 11:08:45.886,7.9832,7.98445,1.00,1.00
2017.07.25 11:08:46.908,7.98323,7.98447,1.00,1.00
2017.07.25 11:08:47.849,7.98321,7.98445,1.00,1.00
2017.07.25 11:08:48.679,7.98318,7.9844,1.00,1.00
2017.07.25 11:08:53.315,7.98317,7.9844,1.00,1.00
2017.07.25 11:08:53.926,7.98322,7.98443,1.00,1.00
2017.07.25 11:08:54.928,7.98319,7.98442,1.00,1.00
2017.07.25 11:08:59.875,7.98328,7.98452,1.00,1.00
2017.07.25 11:09:01.662,7.98323,7.98446,1.00,1.00
2017.07.25 11:09:02.240,7.98287,7.98444,1.00,1.00
2017.07.25 11:09:02.622,7.98332,7.98455,1.00,1.00
2017.07.25 11:09:03.581,7.98334,7.98455,1.00,1.00
2017.07.25 11:09:06.146,7.98292,7.98449,1.00,1.00
2017.07.25 11:09:06.291,7.98334,7.98456,1.00,1.00
2017.07.25 11:09:06.816,7.98292,7.98445,1.00,1.00
2017.07.25 11:09:07.366,7.98329,7.98452,1.00,1.00
2017.07.25 11:09:07.417,7.98293,7.98451,1.00,1.00
2017.07.25 11:09:07.518,7.98317,7.98451,1.00,1.00
2017.07.25 11:09:07.829,7.98317,7.98449,1.00,1.00
2017.07.25 11:09:07.982,7.98293,7.98449,1.00,1.00
2017.07.25 11:09:08.995,7.98294,7.98453,1.00,1.00
2017.07.25 11:09:09.148,7.98306,7.98465,1.00,1.50
2017.07.25 11:09:10.146,7.98306,7.98463,1.00,1.00
2017.07.25 11:09:10.482,7.98346,7.9847,1.00,1.00
2017.07.25 11:09:11.573,7.98309,7.98467,1.50,1.00
2017.07.25 11:09:11.674,7.98302,7.9846,1.00,1.00
2017.07.25 11:09:12.011,7.98342,7.98466,1.00,1.00
2017.07.25 11:09:12.114,7.98303,7.9846,1.00,1.00
2017.07.25 11:09:12.796,7.9834,7.98463,1.00,1.00
2017.07.25 11:09:12.999,7.98305,7.98462,1.00,1.00
2017.07.25 11:09:13.611,7.98342,7.98466,1.00,1.00
2017.07.25 11:09:13.996,7.98305,7.98463,1.00,1.00
2017.07.25 11:09:15.128,7.98301,7.98458,1.00,1.00
2017.07.25 11:09:15.937,7.98341,7.98464,1.00,1.00
2017.07.25 11:09:16.089,7.98303,7.9846,1.00,1.00
2017.07.25 11:09:17.171,7.98304,7.98457,1.00,1.00
2017.07.25 11:09:17.222,7.98305,7.98462,1.00,1.00
2017.07.25 11:09:17.603,7.98305,7.9846,1.00,1.00
2017.07.25 11:09:18.251,7.98344,7.98468,1.00,1.00
2017.07.25 11:09:18.302,7.98306,7.98464,1.00,1.00
2017.07.25 11:09:18.454,7.98306,7.98446,1.00,1.00
2017.07.25 11:09:19.365,7.98307,7.98463,1.00,1.00
2017.07.25 11:09:19.546,7.98307,7.98445,1.00,1.00
2017.07.25 11:09:19.773,7.98307,7.98464,1.00,1.00
2017.07.25 11:09:20.248,7.98298,7.98453,1.00,1.00
2017.07.25 11:09:20.401,7.98296,7.98453,1.00,1.00
2017.07.25 11:09:20.554,7.98331,7.98453,1.00,1.00
2017.07.25 11:09:20.887,7.9832,7.98444,1.00,1.00
2017.07.25 11:09:20.989,7.98325,7.98448,1.00,1.00
2017.07.25 11:09:21.141,7.98291,7.98448,1.50,1.00
2017.07.25 11:09:21.295,7.98326,7.98449,1.00,1.00
2017.07.25 11:09:22.175,7.98291,7.98448,1.50,1.00
2017.07.25 11:09:23.827,7.98291,7.9845,1.00,1.00
2017.07.25 11:09:24.831,7.98291,7.98451,1.50,1.00
2017.07.25 11:09:25.892,7.98294,7.98451,1.00,1.00
2017.07.25 11:09:26.197,7.98336,7.9846,1.00,1.00
2017.07.25 11:09:26.646,7.98296,7.98455,1.00,1.00
2017.07.25 11:09:26.697,7.98296,7.98433,1.00,1.00
2017.07.25 11:09:27.848,7.98302,7.98438,1.00,1.00
2017.07.25 11:09:28.679,7.98301,7.98453,1.00,1.00
2017.07.25 11:09:28.831,7.98306,7.98457,1.00,1.00
2017.07.25 11:09:30.108,7.98303,7.98452,1.00,1.00
2017.07.25 11:09:30.210,7.98308,7.9846,1.00,1.00
2017.07.25 11:09:30.463,7.98315,7.9844,1.00,1.00
2017.07.25 11:09:30.698,7.98304,7.98449,1.00,1.00
2017.07.25 11:09:31.697,7.98302,7.98444,1.00,1.00
2017.07.25 11:09:32.052,7.9831,7.98452,1.00,1.00
2017.07.25 11:09:32.167,7.98318,7.98462,1.00,1.00
2017.07.25 11:09:34.441,7.98324,7.98468,1.00,1.00
2017.07.25 11:09:34.862,7.98319,7.98462,1.00,1.00
2017.07.25 11:09:35.455,7.98324,7.98466,1.00,1.00
2017.07.25 11:09:37.444,7.98331,7.98475,1.00,1.00
2017.07.25 11:09:37.495,7.98336,7.98478,1.00,1.00
2017.07.25 11:09:38.599,7.98339,7.98483,1.00,1.00
2017.07.25 11:09:39.494,7.98341,7.98483,1.00,1.00
2017.07.25 11:09:40.314,7.9832,7.98461,1.00,1.00
2017.07.25 11:09:40.517,7.98326,7.98469,1.00,1.00
2017.07.25 11:09:43.216,7.9834,7.98484,1.00,1.00
2017.07.25 11:09:43.419,7.98346,7.98492,1.00,1.00
2017.07.25 11:09:44.236,7.98341,7.98487,1.00,1.00
2017.07.25 11:09:46.770,7.98343,7.98481,1.00,1.00
2017.07.25 11:09:48.851,7.98352,7.98476,1.00,1.00
2017.07.25 11:09:49.155,7.98335,7.98459,1.00,1.00
2017.07.25 11:09:49.969,7.98329,7.98453,1.00,1.00
2017.07.25 11:09:50.273,7.98352,7.98476,1.00,1.00
2017.07.25 11:09:51.241,7.98349,7.98473,1.00,1.00
2017.07.25 11:09:52.192,7.98358,7.98482,1.00,1.00
2017.07.25 11:09:52.667,7.98365,7.98489,1.00,1.00
2017.07.25 11:09:53.067,7.98376,7.98498,1.00,1.00
2017.07.25 11:09:53.169,7.98398,7.98522,1.00,1.00
2017.07.25 11:09:53.422,7.98384,7.98509,1.00,1.00
2017.07.25 11:09:53.665,7.98398,7.98522,1.00,1.00
2017.07.25 11:09:53.969,7.98386,7.98508,1.00,1.00
2017.07.25 11:09:54.070,7.98378,7.9852,1.00,1.00
2017.07.25 11:09:54.255,7.98372,7.98496,1.00,1.00
2017.07.25 11:09:54.407,7.98357,7.98482,1.00,1.00
2017.07.25 11:09:54.509,7.98343,7.98467,1.00,1.00
2017.07.25 11:09:54.825,7.98346,7.9847,1.00,1.00
2017.07.25 11:09:55.439,7.98355,7.98479,1.00,1.00
2017.07.25 11:09:55.943,7.98366,7.98488,1.00,1.00
2017.07.25 11:09:56.095,7.98371,7.98504,1.00,1.00
2017.07.25 11:09:56.146,7.98371,7.98508,1.00,1.00
2017.07.25 11:09:56.246,7.98384,7.98508,1.00,1.00
2017.07.25 11:09:56.297,7.98384,7.98518,1.00,1.00
2017.07.25 11:09:56.926,7.98393,7.98517,1.00,1.00
2017.07.25 11:09:57.230,7.98397,7.98521,1.00,1.00
2017.07.25 11:09:57.281,7.98388,7.98519,1.00,1.00
2017.07.25 11:09:57.332,7.98393,7.98536,1.00,1.00
2017.07.25 11:09:57.383,7.98377,7.98523,1.00,1.00
2017.07.25 11:09:57.434,7.98379,7.98503,1.00,1.00
2017.07.25 11:09:57.781,7.98365,7.98489,1.00,1.00
2017.07.25 11:09:58.440,7.9836,7.98482,1.00,1.00
2017.07.25 11:09:59.194,7.9835,7.98474,1.00,1.00
2017.07.25 11:09:59.245,7.98353,7.98494,1.00,1.00
2017.07.25 11:09:59.296,7.9837,7.98495,1.00,1.00
2017.07.25 11:09:59.600,7.9845,7.98575,1.00,1.00
2017.07.25 11:10:00.322,7.98464,7.98588,1.00,1.00
2017.07.25 11:10:00.676,7.98468,7.98593,1.00,1.00
2017.07.25 11:10:00.727,7.98456,7.98581,1.00,1.00
2017.07.25 11:10:01.031,7.98441,7.98565,1.00,1.00
2017.07.25 11:10:01.382,7.98429,7.98551,1.00,1.00
2017.07.25 11:10:01.729,7.98416,7.9854,1.00,1.00
2017.07.25 11:10:02.137,7.9842,7.98544,1.00,1.00
2017.07.25 11:10:03.130,7.98419,7.98543,1.00,1.00
2017.07.25 11:10:03.719,7.98426,7.9855,1.00,1.00
2017.07.25 11:10:04.104,7.98436,7.98558,1.00,1.00
2017.07.25 11:10:05.380,7.9843,7.98554,1.00,1.00
2017.07.25 11:10:06.347,7.9842,7.98544,1.00,1.00
2017.07.25 11:10:07.350,7.98419,7.98543,1.00,1.00
2017.07.25 11:10:09.307,7.98415,7.9854,1.00,1.00
2017.07.25 11:10:10.502,7.98421,7.98545,1.00,1.00
2017.07.25 11:10:10.820,7.98426,7.9855,1.00,1.00
2017.07.25 11:10:11.879,7.9843,7.98555,1.00,1.00
2017.07.25 11:10:12.230,7.98426,7.9855,1.00,1.00
2017.07.25 11:10:14.121,7.98416,7.9854,1.00,1.00
2017.07.25 11:10:14.520,7.9843,7.98554,1.00,1.00
2017.07.25 11:10:14.831,7.98416,7.98538,1.00,1.00
2017.07.25 11:10:17.708,7.9842,7.98544,1.00,1.00
2017.07.25 11:10:19.293,7.98416,7.9854,1.00,1.00
2017.07.25 11:10:19.597,7.98424,7.98548,1.00,1.00
2017.07.25 11:10:20.906,7.98419,7.98541,1.00,1.00
2017.07.25 11:10:24.309,7.98417,7.98539,1.00,1.00
2017.07.25 11:10:27.406,7.98405,7.98529,1.00,1.00
2017.07.25 11:10:27.458,7.98397,7.98521,1.00,1.00
2017.07.25 11:10:27.762,7.98368,7.98509,1.00,1.00
2017.07.25 11:10:30.899,7.98366,7.9849,1.00,1.00
2017.07.25 11:10:31.102,7.98387,7.98513,1.00,1.00
2017.07.25 11:10:31.205,7.98379,7.98503,1.00,1.00
2017.07.25 11:10:32.202,7.98383,7.98505,1.00,1.00
2017.07.25 11:10:32.303,7.98372,7.98496,1.00,1.00
2017.07.25 11:10:32.405,7.98384,7.98507,1.00,1.00
2017.07.25 11:10:32.876,7.98367,7.98491,1.00,1.00
2017.07.25 11:10:33.857,7.98358,7.98482,1.00,1.00
2017.07.25 11:10:34.426,7.98368,7.98492,1.00,1.00
2017.07.25 11:10:35.152,7.98353,7.98477,1.00,1.00
2017.07.25 11:10:35.455,7.98332,7.98456,1.00,1.00
2017.07.25 11:10:35.836,7.98322,7.98446,1.00,1.00
2017.07.25 11:10:37.212,7.98313,7.98437,1.00,1.00
2017.07.25 11:10:37.516,7.98319,7.98443,1.00,1.00
2017.07.25 11:10:38.232,7.98316,7.9844,1.00,1.00
2017.07.25 11:10:38.911,7.98303,7.98427,1.00,1.00
2017.07.25 11:10:39.635,7.98314,7.98436,1.00,1.00
2017.07.25 11:10:40.051,7.98297,7.98421,1.00,1.00
2017.07.25 11:10:40.102,7.98309,7.98433,1.00,1.00
2017.07.25 11:10:41.146,7.98294,7.98418,1.00,1.00
2017.07.25 11:10:41.462,7.98307,7.98431,1.00,1.00
2017.07.25 11:10:43.068,7.98312,7.98435,1.00,1.00
2017.07.25 11:10:44.069,7.98308,7.98432,1.00,1.00
2017.07.25 11:10:46.071,7.98302,7.98426,1.00,1.00
2017.07.25 11:10:46.386,7.98275,7.98398,1.00,1.00
2017.07.25 11:10:47.085,7.98277,7.9841,1.00,1.00
2017.07.25 11:10:47.285,7.98267,7.984,1.00,1.00
2017.07.25 11:10:47.802,7.98285,7.98409,1.00,1.00
2017.07.25 11:10:48.776,7.98282,7.98406,1.00,1.00
2017.07.25 11:10:49.302,7.9829,7.98414,1.00,1.00
2017.07.25 11:10:53.702,7.98286,7.9841,1.00,1.00
2017.07.25 11:10:53.914,7.98283,7.98413,1.00,1.00
2017.07.25 11:10:53.965,7.98309,7.98433,1.00,1.00
2017.07.25 11:10:54.100,7.98298,7.98426,1.00,1.00
2017.07.25 11:10:55.086,7.983,7.98428,1.00,1.00
2017.07.25 11:10:55.391,7.98289,7.98414,1.00,1.00
2017.07.25 11:10:56.152,7.98289,7.98413,1.00,1.00
2017.07.25 11:11:00.128,7.98292,7.98416,1.00,1.00
2017.07.25 11:11:01.152,7.98296,7.9842,1.00,1.00
2017.07.25 11:11:01.492,7.98305,7.98427,1.00,1.00
2017.07.25 11:11:02.436,7.98302,7.98426,1.00,1.00
2017.07.25 11:11:03.401,7.98299,7.98424,1.00,1.00
2017.07.25 11:11:03.797,7.98307,7.98431,1.00,1.00
2017.07.25 11:11:03.898,7.98289,7.98419,1.00,1.00
2017.07.25 11:11:03.949,7.98284,7.98408,1.00,1.00
2017.07.25 11:11:04.153,7.98265,7.98396,1.00,1.00
2017.07.25 11:11:04.324,7.98283,7.98409,1.00,1.00
2017.07.25 11:11:04.630,7.98315,7.98439,1.00,1.00
2017.07.25 11:11:05.085,7.98303,7.98428,1.00,1.00
2017.07.25 11:11:05.341,7.98314,7.98438,1.00,1.00
2017.07.25 11:11:05.677,7.98326,7.98448,1.00,1.00
2017.07.25 11:11:06.509,7.98321,7.98445,1.00,1.00
2017.07.25 11:11:06.560,7.98318,7.9844,1.00,1.00
2017.07.25 11:11:06.820,7.98326,7.9845,1.00,1.00
2017.07.25 11:11:07.252,7.98314,7.98438,1.00,1.00
2017.07.25 11:11:07.606,7.98295,7.98419,1.00,1.00
2017.07.25 11:11:07.939,7.98288,7.9841,1.00,1.00
2017.07.25 11:11:09.079,7.98294,7.98418,1.00,1.00
2017.07.25 11:11:09.262,7.983,7.98424,1.00,1.00
2017.07.25 11:11:10.585,7.98297,7.98421,1.00,1.00
2017.07.25 11:11:12.822,7.98285,7.98407,1.00,1.00
2017.07.25 11:11:12.873,7.9827,7.98398,1.00,1.00
2017.07.25 11:11:13.376,7.98284,7.98408,1.00,1.00
2017.07.25 11:11:16.914,7.98283,7.98407,1.00,1.00
2017.07.25 11:11:17.938,7.98289,7.98413,1.00,1.00
2017.07.25 11:11:18.191,7.98292,7.98417,1.00,1.00
2017.07.25 11:11:18.343,7.98287,7.98411,1.00,1.00
2017.07.25 11:11:19.304,7.98287,7.9841,1.00,1.00
2017.07.25 11:11:20.306,7.98283,7.98407,1.00,1.00
2017.07.25 11:11:21.525,7.98287,7.9841,1.00,1.00
2017.07.25 11:11:23.844,7.98296,7.98418,1.00,1.00
2017.07.25 11:11:23.896,7.98302,7.98425,1.00,1.00
2017.07.25 11:11:24.224,7.98294,7.98415,1.00,1.00
2017.07.25 11:11:24.856,7.98288,7.9841,1.00,1.00
2017.07.25 11:11:25.205,7.98293,7.98416,1.00,1.00
2017.07.25 11:11:25.742,7.98293,7.98417,1.00,1.00
2017.07.25 11:11:25.857,7.98285,7.9841,1.00,1.00
2017.07.25 11:11:26.910,7.98292,7.98414,1.00,1.00
2017.07.25 11:11:27.062,7.98284,7.98408,1.00,1.00
2017.07.25 11:11:29.363,7.98289,7.98413,1.00,1.00
2017.07.25 11:11:29.672,7.98295,7.98417,1.00,1.00
2017.07.25 11:11:30.288,7.9829,7.98412,1.00,1.00
2017.07.25 11:11:30.693,7.98294,7.98418,1.00,1.00
2017.07.25 11:11:31.707,7.98307,7.98431,1.00,1.00
2017.07.25 11:11:32.012,7.98322,7.98446,1.00,1.00
2017.07.25 11:11:32.164,7.98315,7.98457,1.00,1.00
2017.07.25 11:11:32.367,7.98301,7.98443,1.00,1.00
2017.07.25 11:11:35.039,7.983,7.98442,1.00,1.00
2017.07.25 11:11:38.583,7.98312,7.98453,1.00,1.00
2017.07.25 11:11:38.786,7.98303,7.98451,1.00,1.00
2017.07.25 11:11:39.107,7.98312,7.98457,1.00,1.00
2017.07.25 11:11:40.645,7.98318,7.98457,1.00,1.00
2017.07.25 11:11:41.026,7.98314,7.98454,1.00,1.00
2017.07.25 11:11:42.993,7.98319,7.98441,1.00,1.00
2017.07.25 11:11:44.595,7.98323,7.98463,1.00,1.00
2017.07.25 11:11:44.868,7.98335,7.98477,1.00,1.00
2017.07.25 11:11:45.601,7.98341,7.98482,1.00,1.00
2017.07.25 11:11:46.182,7.98347,7.98471,1.00,1.00
2017.07.25 11:11:46.624,7.9834,7.98464,1.00,1.00
2017.07.25 11:11:46.939,7.98331,7.98453,1.00,1.00
2017.07.25 11:11:47.140,7.98322,7.98446,1.00,1.00
2017.07.25 11:11:47.394,7.98314,7.98438,1.00,1.00
2017.07.25 11:11:48.370,7.98313,7.98437,1.00,1.00
2017.07.25 11:11:48.693,7.98302,7.98426,1.00,1.00
2017.07.25 11:11:49.408,7.98308,7.98432,1.00,1.00
2017.07.25 11:11:52.376,7.98328,7.9845,1.00,1.00
2017.07.25 11:11:52.427,7.98316,7.98462,1.00,1.00
2017.07.25 11:11:52.529,7.98306,7.9843,1.00,1.00
2017.07.25 11:11:53.409,7.98298,7.98439,1.00,1.00
2017.07.25 11:11:54.031,7.98305,7.98429,1.00,1.00
2017.07.25 11:11:55.033,7.98309,7.98432,1.00,1.00
2017.07.25 11:11:56.035,7.98311,7.98435,1.00,1.00
2017.07.25 11:11:58.674,7.98314,7.98438,1.00,1.00
2017.07.25 11:11:59.024,7.98327,7.9845,1.00,1.00
2017.07.25 11:11:59.403,7.98338,7.9846,1.00,1.50
2017.07.25 11:12:00.814,7.98343,7.98467,1.00,1.00
2017.07.25 11:12:02.004,7.98336,7.98469,1.00,1.00
2017.07.25 11:12:02.157,7.98332,7.98468,1.00,1.00
2017.07.25 11:12:02.208,7.98324,7.98469,1.00,1.00
2017.07.25 11:12:03.142,7.98328,7.98469,1.00,1.00
2017.07.25 11:12:04.101,7.9832,7.98469,1.00,1.00
2017.07.25 11:12:05.111,7.98316,7.98469,1.00,1.00
2017.07.25 11:12:05.162,7.98308,7.98432,1.00,1.00
2017.07.25 11:12:07.088,7.98297,7.98421,1.00,1.00
2017.07.25 11:12:07.395,7.98288,7.98412,1.00,1.00
2017.07.25 11:12:07.547,7.98286,7.98438,1.00,1.00
2017.07.25 11:12:07.598,7.98286,7.9844,1.00,1.00
2017.07.25 11:12:07.649,7.98304,7.98444,1.00,1.00
2017.07.25 11:12:09.540,7.98303,7.98443,1.00,1.00
2017.07.25 11:12:10.704,7.983,7.98441,1.00,1.00
2017.07.25 11:12:11.063,7.98296,7.98437,1.00,1.00
2017.07.25 11:12:11.740,7.98292,7.98433,1.00,1.00
2017.07.25 11:12:13.583,7.98289,7.98428,1.00,1.00
2017.07.25 11:12:13.634,7.98282,7.98423,1.00,1.00
2017.07.25 11:12:13.685,7.98271,7.98413,1.00,1.00
2017.07.25 11:12:13.786,7.98279,7.98403,1.00,1.00
2017.07.25 11:12:14.688,7.98284,7.98408,1.00,1.00
2017.07.25 11:12:17.034,7.98277,7.98398,1.00,1.00
2017.07.25 11:12:18.036,7.98272,7.98396,1.00,1.00
2017.07.25 11:12:19.126,7.98274,7.98398,1.00,1.00
2017.07.25 11:12:20.824,7.98274,7.98415,1.00,1.00
2017.07.25 11:12:21.416,7.98266,7.98406,1.00,1.00
2017.07.25 11:12:21.670,7.98248,7.98401,1.00,1.00
2017.07.25 11:12:21.822,7.98255,7.98397,1.00,1.00
2017.07.25 11:12:22.132,7.98278,7.98401,1.00,1.12
2017.07.25 11:12:22.436,7.98264,7.98388,1.00,1.00
2017.07.25 11:12:22.825,7.9825,7.98373,1.00,1.00
2017.07.25 11:12:23.834,7.98257,7.9838,1.00,1.00
2017.07.25 11:12:24.335,7.98272,7.98395,1.00,1.00
2017.07.25 11:12:24.639,7.98259,7.98382,1.00,1.00
2017.07.25 11:12:25.346,7.98255,7.98378,1.00,1.00
2017.07.25 11:12:26.446,7.98246,7.98367,1.00,1.00
2017.07.25 11:12:27.143,7.98254,7.98376,1.00,1.00
2017.07.25 11:12:27.195,7.98262,7.98386,1.00,1.00
2017.07.25 11:12:27.246,7.98252,7.98396,1.00,1.00
2017.07.25 11:12:28.758,7.98261,7.98385,1.00,1.00
2017.07.25 11:12:29.614,7.98253,7.98377,1.00,1.00
2017.07.25 11:12:30.008,7.98246,7.9837,1.00,1.00
2017.07.25 11:12:30.609,7.98242,7.98365,1.00,1.00
2017.07.25 11:12:30.799,7.98251,7.98375,1.00,1.00
2017.07.25 11:12:31.527,7.9826,7.98384,1.00,1.00
2017.07.25 11:12:31.781,7.98244,7.98385,1.00,1.00
2017.07.25 11:12:32.834,7.98245,7.98389,1.00,1.00
2017.07.25 11:12:33.746,7.98245,7.98388,1.00,1.00
2017.07.25 11:12:35.245,7.98232,7.98376,1.00,1.00
2017.07.25 11:12:36.215,7.98229,7.98373,1.00,1.00
2017.07.25 11:12:37.017,7.98229,7.98372,1.00,1.00
2017.07.25 11:12:37.481,7.98236,7.9836,1.00,1.00
2017.07.25 11:12:39.283,7.98232,7.98354,1.00,1.00
2017.07.25 11:12:39.661,7.98219,7.98362,1.00,1.00
2017.07.25 11:12:40.309,7.98227,7.98349,1.00,1.00
2017.07.25 11:12:40.360,7.98219,7.98362,1.00,1.00
2017.07.25 11:12:40.900,7.98219,7.9836,1.00,1.00
2017.07.25 11:12:41.253,7.98219,7.98358,1.00,1.00
2017.07.25 11:12:41.355,7.98219,7.9836,1.00,1.00
2017.07.25 11:12:41.406,7.98226,7.98368,1.00,1.50
2017.07.25 11:12:41.558,7.9821,7.98368,1.00,2.25
2017.07.25 11:12:41.726,7.9821,7.98357,1.00,1.00
2017.07.25 11:12:42.032,7.98198,7.9832,1.00,1.00
2017.07.25 11:12:42.083,7.98202,7.98348,1.00,1.00
2017.07.25 11:12:43.031,7.98202,7.98356,1.00,1.00
2017.07.25 11:12:43.289,7.98206,7.98358,1.00,1.00
2017.07.25 11:12:43.340,7.98206,7.9836,1.00,1.00
2017.07.25 11:12:44.335,7.98223,7.9836,1.00,1.50
2017.07.25 11:12:47.144,7.98217,7.98359,1.00,1.00
2017.07.25 11:12:48.084,7.98222,7.98364,1.00,1.00
2017.07.25 11:12:48.135,7.98226,7.9837,1.00,1.00
2017.07.25 11:12:48.236,7.98239,7.98363,1.00,1.00
2017.07.25 11:12:48.589,7.98248,7.98372,1.00,1.00
2017.07.25 11:12:48.916,7.98234,7.98358,1.00,1.00
2017.07.25 11:12:49.342,7.98228,7.98349,1.00,1.00
2017.07.25 11:12:49.651,7.98231,7.98355,1.00,1.00
2017.07.25 11:12:50.651,7.98232,7.98355,1.00,1.00
2017.07.25 11:12:54.611,7.98233,7.98355,1.00,1.00
2017.07.25 11:12:55.363,7.9824,7.98364,1.00,1.00
2017.07.25 11:12:55.514,7.9823,7.98353,1.00,1.00
2017.07.25 11:12:56.208,7.98238,7.9836,1.00,1.00
2017.07.25 11:12:56.463,7.98245,7.98368,1.00,1.00
2017.07.25 11:12:57.477,7.98248,7.98372,1.00,1.00
2017.07.25 11:12:57.930,7.98256,7.9838,1.00,1.00
2017.07.25 11:12:58.234,7.98267,7.98391,1.00,1.00
2017.07.25 11:12:58.626,7.98258,7.98381,1.00,1.00
2017.07.25 11:12:59.154,7.98254,7.98377,1.00,1.00
2017.07.25 11:13:00.125,7.98258,7.98381,1.00,1.00
2017.07.25 11:13:01.340,7.98254,7.98378,1.00,1.00
2017.07.25 11:13:02.321,7.98256,7.98379,1.00,1.00
2017.07.25 11:13:03.366,7.98259,7.9838,1.00,1.00
2017.07.25 11:13:06.638,7.98246,7.98368,1.00,1.00
2017.07.25 11:13:06.689,7.98226,7.9835,1.00,1.00
2017.07.25 11:13:06.740,7.98217,7.98339,1.00,1.00
2017.07.25 11:13:06.892,7.98169,7.98293,1.00,1.00
2017.07.25 11:13:07.095,7.9815,7.98274,1.00,1.00
2017.07.25 11:13:07.399,7.98132,7.98256,1.00,1.00
2017.07.25 11:13:08.937,7.98134,7.98258,1.00,1.00
2017.07.25 11:13:09.479,7.9813,7.98254,1.00,1.00
2017.07.25 11:13:09.783,7.98122,7.98245,1.00,1.00
2017.07.25 11:13:10.765,7.98141,7.98263,1.00,1.00
2017.07.25 11:13:10.918,7.9813,7.98254,1.00,1.00
2017.07.25 11:13:11.773,7.98123,7.98246,1.00,1.00
2017.07.25 11:13:12.263,7.98113,7.98237,1.00,1.00
2017.07.25 11:13:12.364,7.98105,7.98229,1.00,1.00
2017.07.25 11:13:13.383,7.98108,7.98232,1.00,1.00
2017.07.25 11:13:13.714,7.981,7.98224,1.00,1.00
2017.07.25 11:13:14.598,7.98095,7.98218,1.00,1.00
2017.07.25 11:13:15.723,7.9809,7.98213,1.00,1.00
2017.07.25 11:13:15.824,7.98085,7.98209,1.00,1.00
2017.07.25 11:13:18.202,7.9809,7.98214,1.00,1.00
2017.07.25 11:13:20.643,7.98094,7.98218,1.00,1.00
2017.07.25 11:13:24.732,7.98091,7.98214,1.00,1.00
2017.07.25 11:13:25.732,7.98094,7.98218,1.00,1.00
2017.07.25 11:13:26.736,7.98097,7.98219,1.00,1.00
2017.07.25 11:13:33.421,7.98096,7.98219,1.00,1.00
2017.07.25 11:13:35.797,7.98092,7.98216,1.00,1.00
2017.07.25 11:13:37.077,7.98087,7.98209,1.00,1.00
2017.07.25 11:13:37.229,7.981,7.98245,1.00,1.00
2017.07.25 11:13:38.256,7.98101,7.98245,1.00,1.00
2017.07.25 11:13:39.232,7.981,7.98245,1.00,1.00
2017.07.25 11:13:39.900,7.98104,7.98249,1.00,1.00
2017.07.25 11:13:40.542,7.98107,7.98254,1.00,1.00
2017.07.25 11:13:40.849,7.98112,7.98236,1.00,1.00
2017.07.25 11:13:41.879,7.98108,7.98231,1.00,1.00
2017.07.25 11:13:42.976,7.98104,7.98227,1.00,1.00
2017.07.25 11:13:43.212,7.98096,7.9822,1.00,1.00
2017.07.25 11:13:43.264,7.98087,7.98211,1.00,1.00
2017.07.25 11:13:46.371,7.98076,7.982,1.00,1.00
2017.07.25 11:13:46.726,7.98068,7.98191,1.00,1.00
2017.07.25 11:13:47.776,7.98067,7.9819,1.00,1.00
2017.07.25 11:13:48.757,7.98064,7.98188,1.00,1.00
2017.07.25 11:13:54.448,7.98072,7.98196,1.00,1.00
2017.07.25 11:13:54.754,7.98082,7.98204,1.00,1.00
2017.07.25 11:13:55.485,7.98079,7.982,1.00,1.00
2017.07.25 11:13:56.476,7.98079,7.98203,1.00,1.00
2017.07.25 11:14:00.536,7.98084,7.98207,1.00,1.00
2017.07.25 11:14:01.457,7.98078,7.98201,1.00,1.00
2017.07.25 11:14:02.408,7.98081,7.98204,1.00,1.00
2017.07.25 11:14:02.756,7.9809,7.98214,1.00,1.00
2017.07.25 11:14:03.409,7.98086,7.98207,1.00,1.00
2017.07.25 11:14:04.904,7.98081,7.98204,1.00,1.00
2017.07.25 11:14:04.955,7.98087,7.9821,1.00,1.00
2017.07.25 11:14:05.108,7.98096,7.9822,1.00,1.00
2017.07.25 11:14:06.128,7.98092,7.98215,1.00,1.00
2017.07.25 11:14:07.113,7.98088,7.98212,1.00,1.00
2017.07.25 11:14:10.154,7.98092,7.98216,1.00,1.00
2017.07.25 11:14:10.617,7.98096,7.9822,1.00,1.00
2017.07.25 11:14:11.166,7.98092,7.98215,1.00,1.00
2017.07.25 11:14:11.828,7.98088,7.9821,1.00,1.00
2017.07.25 11:14:12.593,7.98084,7.98206,1.00,1.00
2017.07.25 11:14:13.580,7.98079,7.98203,1.00,1.00
2017.07.25 11:14:13.951,7.98084,7.98208,1.00,1.00
2017.07.25 11:14:15.744,7.98082,7.98204,1.00,1.00
2017.07.25 11:14:16.205,7.98044,7.98158,2.25,1.00
2017.07.25 11:14:16.307,7.98053,7.98176,1.00,1.00
2017.07.25 11:14:16.358,7.98034,7.98158,1.00,1.00
2017.07.25 11:14:16.409,7.98024,7.98139,1.00,1.00
2017.07.25 11:14:16.460,7.98016,7.98139,1.00,1.00
2017.07.25 11:14:16.512,7.98037,7.9816,1.00,1.00
2017.07.25 11:14:16.714,7.9804,7.98164,1.00,1.12
2017.07.25 11:14:17.120,7.98049,7.98171,1.00,1.37
2017.07.25 11:14:17.222,7.98042,7.98166,1.00,1.00
2017.07.25 11:14:17.324,7.9802,7.98144,1.00,1.00
2017.07.25 11:14:17.663,7.98023,7.98144,1.00,1.00
2017.07.25 11:14:17.815,7.98038,7.98162,1.00,1.00
2017.07.25 11:14:18.019,7.98067,7.98211,1.00,1.37
2017.07.25 11:14:18.070,7.98059,7.98182,1.00,1.00
2017.07.25 11:14:18.223,7.98066,7.98211,1.00,1.37
2017.07.25 11:14:18.274,7.98057,7.98181,1.00,1.00
2017.07.25 11:14:18.629,7.98041,7.98165,1.00,1.00
2017.07.25 11:14:18.944,7.98014,7.98135,1.00,1.00
2017.07.25 11:14:19.147,7.98025,7.98149,1.00,1.00
2017.07.25 11:14:19.198,7.98038,7.98161,1.00,1.00
2017.07.25 11:14:19.401,7.98052,7.98176,1.00,1.00
2017.07.25 11:14:19.705,7.98062,7.98185,1.00,1.00
2017.07.25 11:14:19.806,7.98066,7.98215,1.00,1.00
2017.07.25 11:14:20.762,7.98067,7.98215,1.00,1.00
2017.07.25 11:14:26.002,7.98069,7.98215,1.00,1.00
2017.07.25 11:14:26.297,7.98084,7.98232,1.00,1.00
2017.07.25 11:14:27.237,7.98078,7.98226,1.00,1.00
2017.07.25 11:14:27.568,7.98083,7.98231,1.00,1.00
2017.07.25 11:14:27.872,7.9809,7.98238,1.00,1.37
2017.07.25 11:14:28.547,7.98085,7.98233,1.00,1.00
2017.07.25 11:14:28.648,7.98076,7.98224,1.00,1.00
2017.07.25 11:14:29.536,7.9808,7.98228,1.00,1.00
2017.07.25 11:14:30.538,7.98076,7.98224,1.00,1.00
2017.07.25 11:14:32.304,7.98076,7.98221,1.00,1.00
2017.07.25 11:14:33.322,7.98073,7.98218,1.00,1.00
2017.07.25 11:14:34.307,7.98075,7.9822,1.00,1.00
2017.07.25 11:14:35.313,7.98076,7.98221,1.00,1.00
2017.07.25 11:14:35.701,7.98059,7.98203,1.00,1.00
2017.07.25 11:14:36.357,7.98053,7.98195,1.00,1.00
2017.07.25 11:14:37.526,7.98047,7.98192,1.00,1.00
2017.07.25 11:14:37.734,7.98055,7.98177,1.00,1.00
2017.07.25 11:14:41.005,7.98052,7.98188,1.00,1.00
2017.07.25 11:14:47.384,7.98048,7.98185,1.00,1.00
2017.07.25 11:14:51.387,7.98048,7.98171,1.00,1.00
2017.07.25 11:14:54.848,7.98048,7.98172,1.00,1.00
2017.07.25 11:14:55.208,7.9804,7.98164,1.00,1.00
2017.07.25 11:14:56.040,7.98037,7.98173,1.00,1.00
2017.07.25 11:14:57.788,7.98038,7.98161,1.00,1.00
2017.07.25 11:15:01.319,7.98042,7.98165,1.00,1.00
2017.07.25 11:15:02.243,7.98043,7.98167,1.00,1.00
2017.07.25 11:15:02.294,7.98034,7.98176,1.00,1.00
2017.07.25 11:15:03.557,7.98035,7.98177,1.00,1.00
2017.07.25 11:15:03.786,7.98042,7.98163,1.00,1.00
2017.07.25 11:15:06.077,7.98045,7.98166,1.00,1.00
2017.07.25 11:15:06.388,7.98037,7.98178,1.00,1.00
2017.07.25 11:15:07.900,7.98043,7.98166,1.00,1.00
2017.07.25 11:15:11.060,7.98041,7.98165,1.00,1.00
2017.07.25 11:15:12.460,7.98039,7.9816,1.00,1.00
2017.07.25 11:15:13.463,7.98042,7.98165,1.00,1.00
2017.07.25 11:15:16.632,7.98035,7.98159,1.00,1.00
2017.07.25 11:15:17.383,7.97995,7.98102,1.00,1.00
2017.07.25 11:15:17.434,7.97981,7.98102,1.00,1.00
2017.07.25 11:15:17.485,7.97981,7.98061,1.00,1.00
2017.07.25 11:15:17.536,7.97966,7.98061,1.00,1.00
2017.07.25 11:15:17.638,7.97922,7.98043,1.00,1.00
2017.07.25 11:15:17.739,7.979,7.98024,1.00,1.00
2017.07.25 11:15:18.494,7.97892,7.98015,1.00,1.00
2017.07.25 11:15:18.844,7.97896,7.9802,1.00,1.00
2017.07.25 11:15:24.947,7.97895,7.98018,1.00,1.00
2017.07.25 11:15:25.133,7.979,7.98024,1.00,1.00
2017.07.25 11:15:26.090,7.97899,7.98023,1.00,1.00
2017.07.25 11:15:27.119,7.97898,7.98021,1.00,1.00
2017.07.25 11:15:29.140,7.97901,7.98025,1.00,1.00
2017.07.25 11:15:30.142,7.97898,7.98021,1.00,1.00
2017.07.25 11:15:30.938,7.97902,7.98026,1.00,1.00
2017.07.25 11:15:31.093,7.97894,7.98017,1.00,1.00
2017.07.25 11:15:35.427,7.9789,7.98012,1.00,1.00
2017.07.25 11:15:35.787,7.97899,7.98022,1.00,1.00
2017.07.25 11:15:36.683,7.97902,7.98026,1.00,1.00
2017.07.25 11:15:37.359,7.97892,7.98016,1.00,1.00
2017.07.25 11:15:37.680,7.97906,7.98028,1.00,1.00
2017.07.25 11:15:38.707,7.97887,7.98011,1.00,1.00
2017.07.25 11:15:39.724,7.97884,7.98007,1.00,1.00
2017.07.25 11:15:41.122,7.97883,7.98004,1.00,1.00
2017.07.25 11:15:45.370,7.97899,7.98021,1.00,1.00
2017.07.25 11:15:45.522,7.97907,7.98031,1.00,1.00
2017.07.25 11:15:46.420,7.97911,7.98035,1.00,1.00
2017.07.25 11:15:47.491,7.97908,7.98032,1.00,1.00
2017.07.25 11:15:48.636,7.97907,7.9803,1.00,1.00
2017.07.25 11:15:52.599,7.97912,7.98034,1.00,1.00
2017.07.25 11:15:53.548,7.97914,7.98036,1.00,1.00
2017.07.25 11:15:54.964,7.97912,7.98036,1.00,1.00
2017.07.25 11:15:56.150,7.97913,7.98037,1.00,1.00
2017.07.25 11:15:56.253,7.97908,7.98032,1.00,1.00
2017.07.25 11:15:57.172,7.97902,7.98026,1.00,1.00
2017.07.25 11:16:02.479,7.97904,7.98028,1.00,1.00
2017.07.25 11:16:03.687,7.97907,7.98031,1.00,1.00
2017.07.25 11:16:09.156,7.97908,7.98032,1.00,1.00
2017.07.25 11:16:10.180,7.97907,7.98031,1.00,1.00
2017.07.25 11:16:11.180,7.97912,7.98034,1.00,1.00
2017.07.25 11:16:12.431,7.97917,7.98039,1.00,1.00
2017.07.25 11:16:18.695,7.97916,7.98039,1.00,1.00
2017.07.25 11:16:19.130,7.97922,7.98046,1.00,1.00
2017.07.25 11:16:19.181,7.97942,7.98063,1.00,1.00
2017.07.25 11:16:19.697,7.9795,7.98074,1.00,1.00
2017.07.25 11:16:21.712,7.97955,7.98079,1.00,1.00
2017.07.25 11:16:22.016,7.97963,7.98086,1.00,1.00
2017.07.25 11:16:24.441,7.97974,7.98097,1.00,1.00
2017.07.25 11:16:24.594,7.97964,7.98088,1.00,1.00
2017.07.25 11:16:24.646,7.97987,7.98111,1.00,1.00
2017.07.25 11:16:24.950,7.97994,7.98116,1.00,1.00
2017.07.25 11:16:25.204,7.98014,7.98138,1.00,1.00
2017.07.25 11:16:25.560,7.98027,7.98151,1.00,1.00
2017.07.25 11:16:25.869,7.98058,7.9818,1.00,1.00
2017.07.25 11:16:26.541,7.9805,7.98173,1.00,1.00
2017.07.25 11:16:27.022,7.98044,7.98167,1.00,1.00
2017.07.25 11:16:27.224,7.98054,7.98178,1.00,1.00
2017.07.25 11:16:28.013,7.98061,7.98182,1.00,1.00
2017.07.25 11:16:28.695,7.98044,7.98168,1.00,1.00
2017.07.25 11:16:31.126,7.98041,7.98164,1.00,1.00
2017.07.25 11:16:35.809,7.98047,7.98169,1.00,1.00
2017.07.25 11:16:35.861,7.98051,7.98175,1.00,1.00
2017.07.25 11:16:36.810,7.98057,7.98181,1.00,1.00
2017.07.25 11:16:39.117,7.98044,7.98165,1.00,1.00
2017.07.25 11:16:39.168,7.98049,7.98171,1.00,1.00
2017.07.25 11:16:40.159,7.98045,7.98169,1.00,1.00
2017.07.25 11:16:40.671,7.98032,7.98156,1.00,1.00
2017.07.25 11:16:42.707,7.98029,7.98153,1.00,1.00
2017.07.25 11:16:43.124,7.98025,7.98148,1.00,1.00
2017.07.25 11:16:43.827,7.98039,7.98163,1.00,1.00
2017.07.25 11:16:43.878,7.97998,7.98122,1.50,1.00
2017.07.25 11:16:43.980,7.97975,7.98116,1.00,1.00
2017.07.25 11:16:44.838,7.97968,7.98116,1.00,1.00
2017.07.25 11:16:45.038,7.97982,7.98106,1.00,1.00
2017.07.25 11:16:45.343,7.97991,7.98115,1.00,1.00
2017.07.25 11:16:47.569,7.9799,7.98111,1.00,1.00
2017.07.25 11:16:48.758,7.97988,7.98111,1.00,1.00
2017.07.25 11:16:55.085,7.9799,7.98112,1.00,1.00
2017.07.25 11:16:55.912,7.97993,7.98117,1.00,1.00
2017.07.25 11:16:56.128,7.9799,7.98111,1.00,1.00
2017.07.25 11:16:57.109,7.97996,7.9812,1.00,1.00
2017.07.25 11:16:57.398,7.97992,7.98115,1.00,1.00
2017.07.25 11:16:58.323,7.97995,7.98119,1.00,1.00
2017.07.25 11:17:02.599,7.97996,7.9812,1.00,1.00
2017.07.25 11:17:03.023,7.9799,7.98113,1.00,1.00
2017.07.25 11:17:04.554,7.97982,7.98103,1.00,1.00
2017.07.25 11:17:04.605,7.97973,7.98096,1.00,1.00
2017.07.25 11:17:05.579,7.97972,7.98096,1.00,1.00
2017.07.25 11:17:09.184,7.97969,7.98091,1.00,1.00
2017.07.25 11:17:09.235,7.97973,7.98096,1.00,1.00
2017.07.25 11:17:09.449,7.97966,7.9809,1.00,1.00
2017.07.25 11:17:10.195,7.97971,7.98094,1.00,1.00
2017.07.25 11:17:11.197,7.97975,7.98098,1.00,1.00
2017.07.25 11:17:12.200,7.97971,7.98094,1.00,1.00
2017.07.25 11:17:14.670,7.97984,7.98108,1.00,1.00
2017.07.25 11:17:14.975,7.97992,7.98114,1.00,1.00
2017.07.25 11:17:15.077,7.97981,7.98105,1.00,1.00
2017.07.25 11:17:15.592,7.97972,7.98096,1.00,1.00
2017.07.25 11:17:16.593,7.9797,7.98094,1.00,1.00
2017.07.25 11:17:17.548,7.97966,7.98095,1.00,1.00
2017.07.25 11:17:17.599,7.97954,7.98078,1.00,1.00
2017.07.25 11:17:17.701,7.97946,7.98072,1.00,1.00
2017.07.25 11:17:18.614,7.97946,7.98069,1.00,1.00
2017.07.25 11:17:19.616,7.97947,7.98071,1.00,1.00
2017.07.25 11:17:22.199,7.97955,7.98076,1.00,1.00
2017.07.25 11:17:22.251,7.9796,7.98084,1.00,1.00
2017.07.25 11:17:23.265,7.9796,7.98083,1.00,1.00
2017.07.25 11:17:23.781,7.9797,7.98094,1.00,1.00
2017.07.25 11:17:25.088,7.97965,7.98089,1.00,1.00
2017.07.25 11:17:25.481,7.97971,7.98107,1.00,1.00
2017.07.25 11:17:28.424,7.97965,7.98103,1.00,1.00
2017.07.25 11:17:28.475,7.97971,7.98109,1.00,1.00
2017.07.25 11:17:29.427,7.97967,7.98103,1.00,1.00
2017.07.25 11:17:29.839,7.9797,7.98107,1.00,1.00
2017.07.25 11:17:31.353,7.97966,7.98104,1.00,1.00
2017.07.25 11:17:32.659,7.97971,7.98092,1.00,1.00
2017.07.25 11:17:34.940,7.97958,7.98082,1.00,1.00
2017.07.25 11:17:35.042,7.97951,7.98074,1.00,1.00
2017.07.25 11:17:36.005,7.97948,7.98071,1.00,1.00
2017.07.25 11:17:36.912,7.97947,7.98071,1.00,1.00
2017.07.25 11:17:41.040,7.97941,7.98065,1.00,1.00
2017.07.25 11:17:41.995,7.97938,7.98062,1.00,1.00
2017.07.25 11:17:47.689,7.97941,7.98063,1.00,1.00
2017.07.25 11:17:48.875,7.97938,7.98063,1.00,1.00
2017.07.25 11:17:57.615,7.97953,7.98077,1.00,1.00
2017.07.25 11:17:58.573,7.97958,7.9808,1.00,1.00
2017.07.25 11:18:00.150,7.97953,7.98077,1.00,1.00
2017.07.25 11:18:01.151,7.97952,7.98076,1.00,1.00
2017.07.25 11:18:01.202,7.97965,7.98087,1.00,1.00
2017.07.25 11:18:02.182,7.97969,7.98091,1.00,1.00
2017.07.25 11:18:02.369,7.97961,7.98086,1.00,1.00
2017.07.25 11:18:02.420,7.97955,7.98079,1.00,1.00
2017.07.25 11:18:03.395,7.97957,7.98079,1.00,1.00
2017.07.25 11:18:03.750,7.9795,7.98074,1.00,1.00
2017.07.25 11:18:04.413,7.97954,7.98078,1.00,1.00
2017.07.25 11:18:05.001,7.97939,7.98063,1.00,1.00
2017.07.25 11:18:05.306,7.97928,7.98052,1.00,1.00
2017.07.25 11:18:05.498,7.97919,7.98058,1.00,1.00
2017.07.25 11:18:06.469,7.97915,7.98055,1.00,1.00
2017.07.25 11:18:08.141,7.97918,7.98043,1.00,1.00
2017.07.25 11:18:08.496,7.97928,7.98052,1.00,1.00
2017.07.25 11:18:09.534,7.97918,7.98043,1.00,1.00
2017.07.25 11:18:09.645,7.97931,7.98055,1.00,1.00
2017.07.25 11:18:10.698,7.97936,7.9806,1.00,1.00
2017.07.25 11:18:11.471,7.97925,7.98049,1.00,1.00
2017.07.25 11:18:11.787,7.97919,7.98043,1.00,1.00
2017.07.25 11:18:12.523,7.97905,7.98029,1.00,1.00
2017.07.25 11:18:13.859,7.97899,7.98023,1.00,1.00
2017.07.25 11:18:14.307,7.97896,7.98018,1.00,1.00
2017.07.25 11:18:17.749,7.97888,7.98012,1.00,1.00
2017.07.25 11:18:18.632,7.97897,7.98021,1.00,1.00
2017.07.25 11:18:20.265,7.97906,7.9803,1.00,1.00
2017.07.25 11:18:20.758,7.97902,7.98026,1.00,1.00
2017.07.25 11:18:21.080,7.97897,7.98021,1.00,1.00
2017.07.25 11:18:21.942,7.97896,7.9802,1.00,1.00
2017.07.25 11:18:22.304,7.97891,7.98015,1.00,1.00
2017.07.25 11:18:22.993,7.97896,7.9802,1.00,1.00
2017.07.25 11:18:23.328,7.97891,7.98015,1.00,1.00
2017.07.25 11:18:24.307,7.97887,7.98011,1.00,1.00
2017.07.25 11:18:25.321,7.97891,7.98013,1.00,1.00
2017.07.25 11:18:26.353,7.97893,7.98017,1.00,1.00
2017.07.25 11:18:30.303,7.97892,7.98016,1.00,1.00
2017.07.25 11:18:31.991,7.97889,7.98011,1.00,1.00
2017.07.25 11:18:32.703,7.97888,7.98012,1.00,1.00
2017.07.25 11:18:33.794,7.97885,7.98008,1.00,1.00
2017.07.25 11:18:33.845,7.97868,7.97992,1.00,1.00
2017.07.25 11:18:33.896,7.97865,7.97989,1.00,1.00
2017.07.25 11:18:34.225,7.97876,7.97997,1.00,1.00
2017.07.25 11:18:34.958,7.97873,7.97996,1.00,1.00
2017.07.25 11:18:35.215,7.97863,7.97985,1.00,1.00
2017.07.25 11:18:35.747,7.97858,7.97982,1.00,1.00
2017.07.25 11:18:36.894,7.97854,7.97976,1.00,1.00
2017.07.25 11:18:37.434,7.9785,7.98007,1.00,1.00
2017.07.25 11:18:38.434,7.97857,7.97981,1.00,1.00
2017.07.25 11:18:38.846,7.97856,7.97979,1.00,1.00
2017.07.25 11:18:39.736,7.97869,7.97991,1.00,1.00
2017.07.25 11:18:40.695,7.97866,7.97988,1.00,1.00
2017.07.25 11:18:41.709,7.9787,7.97992,1.00,1.00
2017.07.25 11:18:42.766,7.97864,7.97988,1.00,1.00
2017.07.25 11:18:43.284,7.97869,7.97993,1.00,1.00
2017.07.25 11:18:43.793,7.97873,7.97997,1.00,1.00
2017.07.25 11:18:44.218,7.97866,7.9799,1.00,1.00
2017.07.25 11:18:47.836,7.97865,7.97989,1.00,1.00
2017.07.25 11:18:48.995,7.97863,7.97987,1.00,1.00
2017.07.25 11:18:50.221,7.97868,7.97992,1.00,1.00
2017.07.25 11:18:50.524,7.97884,7.98008,1.00,1.00
2017.07.25 11:18:50.832,7.979,7.98022,1.00,1.00
2017.07.25 11:18:51.285,7.97895,7.98016,1.00,1.00
2017.07.25 11:18:51.724,7.97905,7.98029,1.00,1.00
2017.07.25 11:18:55.324,7.97904,7.98028,1.00,1.00
2017.07.25 11:18:55.590,7.97894,7.98017,1.00,1.00
2017.07.25 11:18:58.424,7.97904,7.98028,1.00,1.00
2017.07.25 11:18:58.671,7.97892,7.98035,1.00,1.00
2017.07.25 11:18:58.722,7.97904,7.98028,1.00,1.00
2017.07.25 11:18:59.105,7.9789,7.98012,1.00,1.00
2017.07.25 11:18:59.194,7.97878,7.98001,1.00,1.00
2017.07.25 11:18:59.955,7.97886,7.9801,1.00,1.00
2017.07.25 11:19:00.708,7.97878,7.98002,1.00,1.00
2017.07.25 11:19:01.082,7.97887,7.9801,1.00,1.00
2017.07.25 11:19:01.266,7.97875,7.97999,1.00,1.00
2017.07.25 11:19:01.628,7.97884,7.98008,1.00,1.00
2017.07.25 11:19:02.127,7.97876,7.97999,1.00,1.00
2017.07.25 11:19:02.503,7.97885,7.98008,1.00,1.00
2017.07.25 11:19:02.784,7.97888,7.98012,1.00,1.00
2017.07.25 11:19:03.502,7.97904,7.98026,1.00,1.00
2017.07.25 11:19:04.013,7.97916,7.98049,1.00,1.00
2017.07.25 11:19:04.064,7.97935,7.98059,1.00,1.00
2017.07.25 11:19:04.369,7.97992,7.98116,1.50,1.00
2017.07.25 11:19:04.713,7.98015,7.98139,1.00,1.00
2017.07.25 11:19:05.524,7.98005,7.98129,1.00,1.00
2017.07.25 11:19:05.873,7.98001,7.98122,1.00,1.00
2017.07.25 11:19:05.924,7.9799,7.98114,1.00,1.00
2017.07.25 11:19:06.228,7.97981,7.98104,1.00,1.00
2017.07.25 11:19:06.331,7.97971,7.98095,1.00,1.00
2017.07.25 11:19:06.752,7.97979,7.98103,1.00,1.00
2017.07.25 11:19:07.321,7.97984,7.98108,1.00,1.00
2017.07.25 11:19:07.688,7.97989,7.98113,1.00,1.00
2017.07.25 11:19:08.312,7.97993,7.98117,1.00,1.00
2017.07.25 11:19:10.354,7.97992,7.98116,1.00,1.00
2017.07.25 11:19:11.564,7.97988,7.9811,1.00,1.00
2017.07.25 11:19:12.542,7.97983,7.98107,1.00,1.00
2017.07.25 11:19:13.494,7.97978,7.98102,1.00,1.00
2017.07.25 11:19:13.905,7.97973,7.98097,1.00,1.00
2017.07.25 11:19:14.689,7.97969,7.98091,1.00,1.00
2017.07.25 11:19:14.741,7.97981,7.98105,1.00,1.00
2017.07.25 11:19:14.792,7.97962,7.98086,1.00,1.00
2017.07.25 11:19:15.128,7.97941,7.98065,1.00,1.00
2017.07.25 11:19:15.432,7.97923,7.98045,1.00,1.00
2017.07.25 11:19:17.869,7.9792,7.98042,1.00,1.00
2017.07.25 11:19:19.063,7.97918,7.98042,1.00,1.00
2017.07.25 11:19:21.062,7.97923,7.98047,1.00,1.00
2017.07.25 11:19:21.406,7.97927,7.98051,1.00,1.00
2017.07.25 11:19:23.378,7.97933,7.98057,1.00,1.00
2017.07.25 11:19:23.778,7.97945,7.98069,1.00,1.00
2017.07.25 11:19:24.352,7.9795,7.98074,1.00,1.00
2017.07.25 11:19:25.385,7.97951,7.98075,1.00,1.00
2017.07.25 11:19:25.689,7.98025,7.98147,1.00,1.00
2017.07.25 11:19:26.037,7.98025,7.98138,1.00,1.00
2017.07.25 11:19:26.387,7.98014,7.98136,1.00,1.00
2017.07.25 11:19:26.674,7.98008,7.98132,1.00,1.00
2017.07.25 11:19:27.596,7.98011,7.98135,1.00,1.00
2017.07.25 11:19:28.597,7.98012,7.98136,1.00,1.00
2017.07.25 11:19:30.868,7.98016,7.9814,1.00,1.00
2017.07.25 11:19:31.181,7.9802,7.98144,1.00,1.00
2017.07.25 11:19:32.091,7.98025,7.98149,1.00,1.00
2017.07.25 11:19:33.006,7.98027,7.98148,1.00,1.00
2017.07.25 11:19:34.085,7.98025,7.98147,1.00,1.00
2017.07.25 11:19:35.817,7.98034,7.98158,1.00,1.00
2017.07.25 11:19:39.958,7.98037,7.98161,1.00,1.50
2017.07.25 11:19:40.262,7.98032,7.98156,1.00,1.00
2017.07.25 11:19:40.959,7.98036,7.9816,1.00,1.00
2017.07.25 11:19:43.587,7.98004,7.9816,1.00,1.00
2017.07.25 11:19:46.199,7.98004,7.98155,1.00,1.00
2017.07.25 11:19:46.250,7.9799,7.98147,1.00,1.00
2017.07.25 11:19:47.096,7.9799,7.98148,1.00,1.00
2017.07.25 11:19:47.221,7.97989,7.98145,1.00,1.00
2017.07.25 11:19:47.929,7.9799,7.98145,1.00,1.00
2017.07.25 11:19:49.116,7.97992,7.98146,1.00,1.00
2017.07.25 11:19:50.482,7.9799,7.98144,1.00,1.00
2017.07.25 11:19:50.722,7.97993,7.98148,1.00,1.50
2017.07.25 11:19:51.600,7.98008,7.98152,1.00,1.00
2017.07.25 11:19:52.096,7.98011,7.98152,1.00,1.00
2017.07.25 11:19:52.561,7.98011,7.98156,1.00,1.00
2017.07.25 11:19:55.250,7.98004,7.98156,1.00,1.00
2017.07.25 11:19:55.517,7.98015,7.98157,1.00,1.00
2017.07.25 11:19:56.630,7.98015,7.98158,1.00,1.50
2017.07.25 11:19:57.720,7.98015,7.98154,1.00,1.00
2017.07.25 11:19:57.778,7.98008,7.98154,1.00,1.00
2017.07.25 11:19:58.722,7.98005,7.98151,1.00,1.00
2017.07.25 11:19:59.636,7.98004,7.98147,1.00,1.00
2017.07.25 11:19:59.687,7.97992,7.98142,1.00,1.00
2017.07.25 11:20:00.592,7.97997,7.98141,1.00,1.00
2017.07.25 11:20:00.930,7.97991,7.98135,1.50,1.00
2017.07.25 11:20:01.266,7.97998,7.9814,1.00,1.00
2017.07.25 11:20:02.960,7.97999,7.98143,1.00,1.00
2017.07.25 11:20:04.146,7.97998,7.98142,1.00,1.00
2017.07.25 11:20:05.581,7.9798,7.98122,1.00,1.00
2017.07.25 11:20:05.901,7.97987,7.98111,1.00,1.00
2017.07.25 11:20:06.621,7.9798,7.98103,1.00,1.00
2017.07.25 11:20:07.582,7.97985,7.98108,1.00,1.00
2017.07.25 11:20:10.477,7.97982,7.98105,1.00,1.00
2017.07.25 11:20:11.439,7.97975,7.98099,1.00,1.00
2017.07.25 11:20:11.591,7.97967,7.98091,1.00,1.00
2017.07.25 11:20:11.896,7.97959,7.98083,1.00,1.00
2017.07.25 11:20:12.208,7.97951,7.98074,1.00,1.00
2017.07.25 11:20:12.663,7.97946,7.9807,1.00,1.00
2017.07.25 11:20:14.099,7.97952,7.98075,1.00,1.00
2017.07.25 11:20:15.587,7.97975,7.98099,1.00,1.00
2017.07.25 11:20:15.941,7.97939,7.98052,1.00,1.50
2017.07.25 11:20:15.992,7.97934,7.98052,1.00,1.50
2017.07.25 11:20:16.044,7.97916,7.98016,1.00,1.00
2017.07.25 11:20:16.095,7.979,7.98016,1.00,1.00
2017.07.25 11:20:16.146,7.97874,7.97988,1.00,1.00
2017.07.25 11:20:16.247,7.97872,7.97988,1.00,1.00
2017.07.25 11:20:16.399,7.97849,7.97973,1.00,1.00
2017.07.25 11:20:16.501,7.97832,7.97954,1.00,1.00
2017.07.25 11:20:16.843,7.97849,7.97973,1.00,1.00
2017.07.25 11:20:16.996,7.97864,7.97988,1.00,1.50
2017.07.25 11:20:17.372,7.97873,7.97997,1.00,1.00
2017.07.25 11:20:18.171,7.97865,7.97989,1.00,1.00
2017.07.25 11:20:18.510,7.97852,7.97976,1.00,1.00
2017.07.25 11:20:19.313,7.97856,7.9798,1.00,1.00
2017.07.25 11:20:21.180,7.97847,7.9797,1.00,1.00
2017.07.25 11:20:21.485,7.97823,7.97945,1.00,1.00
2017.07.25 11:20:22.314,7.97816,7.97939,1.00,1.00
2017.07.25 11:20:22.601,7.97828,7.97952,1.00,1.00
2017.07.25 11:20:22.652,7.9784,7.97964,1.00,1.00
2017.07.25 11:20:22.958,7.97863,7.97987,1.00,1.00
2017.07.25 11:20:24.241,7.9786,7.97983,1.00,1.00
2017.07.25 11:20:24.292,7.97845,7.97969,1.00,1.00
2017.07.25 11:20:24.932,7.97855,7.97978,1.00,1.00
2017.07.25 11:20:25.340,7.97849,7.97973,1.00,1.00
2017.07.25 11:20:26.088,7.97843,7.97967,1.00,1.00
2017.07.25 11:20:26.432,7.97839,7.97963,1.00,1.00
2017.07.25 11:20:27.296,7.97838,7.97962,1.00,1.00
2017.07.25 11:20:30.151,7.97834,7.97958,1.00,1.00
2017.07.25 11:20:30.529,7.9783,7.97954,1.00,1.00
2017.07.25 11:20:30.835,7.97842,7.97966,1.00,1.00
2017.07.25 11:20:31.340,7.97848,7.97969,1.00,1.00
2017.07.25 11:20:31.834,7.9784,7.97964,1.00,1.00
2017.07.25 11:20:32.354,7.97834,7.97958,1.00,1.00
2017.07.25 11:20:32.680,7.97836,7.9796,1.00,1.00
2017.07.25 11:20:33.427,7.97834,7.97957,1.00,1.00
2017.07.25 11:20:34.057,7.97839,7.97963,1.00,1.00
2017.07.25 11:20:34.412,7.97845,7.97969,1.00,1.00
2017.07.25 11:20:35.412,7.97849,7.97972,1.00,1.00
2017.07.25 11:20:35.746,7.97853,7.97976,1.00,1.00
2017.07.25 11:20:35.798,7.97868,7.97992,1.00,1.00
2017.07.25 11:20:35.849,7.9785,7.97974,1.00,1.00
2017.07.25 11:20:36.168,7.97839,7.97963,1.00,1.00
2017.07.25 11:20:36.843,7.97831,7.97954,1.00,1.00
2017.07.25 11:20:37.324,7.97845,7.97968,1.00,1.00
2017.07.25 11:20:37.741,7.97835,7.97958,1.00,1.00
2017.07.25 11:20:38.853,7.97845,7.97969,1.00,1.00
2017.07.25 11:20:40.538,7.97846,7.9797,1.00,1.00
2017.07.25 11:20:42.147,7.9785,7.97973,1.00,1.00
2017.07.25 11:20:42.465,7.97856,7.97978,1.00,1.00
2017.07.25 11:20:43.132,7.9785,7.97974,1.00,1.00
2017.07.25 11:20:44.202,7.97857,7.97981,1.00,1.00
2017.07.25 11:20:44.538,7.97861,7.97985,1.00,1.00
2017.07.25 11:20:45.217,7.97858,7.97982,1.00,1.00
2017.07.25 11:20:46.238,7.97845,7.97965,1.00,1.00
2017.07.25 11:20:46.289,7.97852,7.97976,1.00,1.00
2017.07.25 11:20:47.260,7.97848,7.97972,1.00,1.00
2017.07.25 11:20:49.236,7.97846,7.97968,1.00,1.00
2017.07.25 11:20:49.764,7.97835,7.97959,1.00,1.00
2017.07.25 11:20:49.865,7.97825,7.97949,1.00,1.00
2017.07.25 11:20:52.860,7.97829,7.97952,1.00,1.00
2017.07.25 11:20:52.911,7.97841,7.97965,1.00,1.00
2017.07.25 11:20:54.446,7.97845,7.97969,1.00,1.00
2017.07.25 11:20:55.565,7.97846,7.97967,1.00,1.00
2017.07.25 11:20:56.786,7.97845,7.97969,1.00,1.00
2017.07.25 11:20:57.576,7.97834,7.97955,1.00,1.00
2017.07.25 11:20:57.779,7.9784,7.97964,1.00,1.00
2017.07.25 11:20:58.755,7.97842,7.97966,1.00,1.00
2017.07.25 11:20:59.436,7.97847,7.97971,1.00,1.00
2017.07.25 11:21:00.060,7.97852,7.97976,1.00,1.00
2017.07.25 11:21:03.009,7.97876,7.98,1.00,1.00
2017.07.25 11:21:03.313,7.97921,7.98043,1.00,1.00
2017.07.25 11:21:04.078,7.9793,7.98054,1.00,1.00
2017.07.25 11:21:04.231,7.97937,7.98061,1.00,1.00
2017.07.25 11:21:04.535,7.97946,7.9807,1.00,1.00
2017.07.25 11:21:04.866,7.97933,7.98055,1.00,1.00
2017.07.25 11:21:05.472,7.97947,7.98071,1.00,1.00
2017.07.25 11:21:05.776,7.97933,7.98057,1.00,1.00
2017.07.25 11:21:06.081,7.97904,7.98028,1.00,1.00
2017.07.25 11:21:06.399,7.97917,7.9804,1.00,1.00
2017.07.25 11:21:06.769,7.97925,7.98049,1.00,1.37
2017.07.25 11:21:07.243,7.97925,7.98049,1.00,1.00
2017.07.25 11:21:07.703,7.97932,7.98056,1.00,1.00
2017.07.25 11:21:08.223,7.97939,7.98063,1.00,1.00
2017.07.25 11:21:09.200,7.9794,7.98064,1.00,1.00
2017.07.25 11:21:09.918,7.97946,7.98068,1.00,1.00
2017.07.25 11:21:10.121,7.97952,7.98076,1.00,1.00
2017.07.25 11:21:10.832,7.97948,7.98072,1.00,1.00
2017.07.25 11:21:11.598,7.97956,7.98079,1.00,1.00
2017.07.25 11:21:12.031,7.97952,7.98074,1.00,1.00
2017.07.25 11:21:12.600,7.97947,7.98071,1.00,1.00
2017.07.25 11:21:12.862,7.97958,7.98082,1.00,1.00
2017.07.25 11:21:13.165,7.97945,7.98069,1.00,1.00
2017.07.25 11:21:14.910,7.97941,7.98064,1.00,1.00
2017.07.25 11:21:15.062,7.97946,7.9807,1.00,1.00
2017.07.25 11:21:15.899,7.97954,7.98078,1.00,1.37
2017.07.25 11:21:16.907,7.97954,7.98078,1.00,1.00
2017.07.25 11:21:17.388,7.9795,7.98074,1.00,1.00
2017.07.25 11:21:18.426,7.97952,7.98074,1.00,1.00
2017.07.25 11:21:19.295,7.97957,7.98079,1.00,1.00
2017.07.25 11:21:19.683,7.97961,7.98083,1.00,1.00
2017.07.25 11:21:20.009,7.9797,7.98094,1.00,1.00
2017.07.25 11:21:20.669,7.97977,7.98099,1.00,1.00
2017.07.25 11:21:25.573,7.97959,7.9808,1.00,1.00
2017.07.25 11:21:25.624,7.97948,7.98072,1.00,1.00
2017.07.25 11:21:25.675,7.97929,7.98045,1.00,1.00
2017.07.25 11:21:25.726,7.97907,7.98026,1.00,1.00
2017.07.25 11:21:25.828,7.97904,7.98026,1.00,1.00
2017.07.25 11:21:26.681,7.97909,7.98033,1.00,1.00
2017.07.25 11:21:27.657,7.97911,7.98035,1.00,1.00
2017.07.25 11:21:29.229,7.9794,7.98076,1.00,1.37
2017.07.25 11:21:29.442,7.97976,7.981,1.00,1.00
2017.07.25 11:21:29.645,7.97972,7.98114,1.00,1.00
2017.07.25 11:21:30.269,7.97989,7.98113,1.00,1.00
2017.07.25 11:21:32.326,7.97979,7.98104,1.00,1.00
2017.07.25 11:21:32.529,7.97957,7.98081,1.00,1.00
2017.07.25 11:21:32.834,7.97927,7.98049,1.00,1.00
2017.07.25 11:21:33.816,7.97952,7.98077,1.00,1.00
2017.07.25 11:21:33.867,7.97961,7.98085,1.00,1.00
2017.07.25 11:21:34.222,7.9797,7.98094,1.00,1.12
2017.07.25 11:21:35.381,7.97947,7.98076,1.00,1.00
2017.07.25 11:21:36.972,7.97938,7.98063,1.00,1.00
2017.07.25 11:21:37.276,7.97911,7.98033,1.00,1.00
2017.07.25 11:21:38.041,7.97918,7.98042,1.00,1.00
2017.07.25 11:21:38.244,7.97913,7.98035,1.00,1.00
2017.07.25 11:21:39.022,7.97917,7.98041,1.00,1.00
2017.07.25 11:21:39.227,7.97906,7.9803,1.00,1.00
2017.07.25 11:21:39.532,7.9789,7.98012,1.00,1.37
2017.07.25 11:21:39.684,7.97878,7.98002,1.00,1.00
2017.07.25 11:21:40.484,7.97884,7.98025,1.00,1.37
2017.07.25 11:21:41.088,7.97884,7.98025,1.00,1.12
2017.07.25 11:21:41.448,7.97883,7.98023,1.00,1.00
2017.07.25 11:21:41.841,7.97878,7.98023,1.00,1.00
2017.07.25 11:21:42.728,7.97879,7.98023,1.00,1.00
2017.07.25 11:21:42.829,7.97871,7.98016,1.00,1.00
2017.07.25 11:21:42.931,7.97861,7.98007,1.00,1.00
2017.07.25 11:21:43.280,7.97849,7.97993,1.00,1.00
2017.07.25 11:21:44.242,7.97849,7.97994,1.00,1.00
2017.07.25 11:21:44.521,7.97842,7.97988,1.00,1.00
2017.07.25 11:21:45.440,7.9784,7.9798,1.00,1.00
2017.07.25 11:21:45.491,7.97834,7.9798,1.00,1.00
2017.07.25 11:21:45.542,7.97831,7.97974,1.00,1.00
2017.07.25 11:21:45.644,7.97806,7.97952,1.00,1.00
2017.07.25 11:21:45.695,7.97803,7.97949,1.00,1.00
2017.07.25 11:21:46.141,7.97793,7.97941,1.00,1.00
2017.07.25 11:21:46.344,7.97787,7.9792,1.00,1.00
2017.07.25 11:21:47.321,7.97788,7.97923,1.00,1.00
2017.07.25 11:21:47.993,7.97789,7.97924,1.00,1.00
2017.07.25 11:21:48.323,7.97789,7.97918,1.00,1.00
2017.07.25 11:21:48.577,7.97753,7.97888,1.00,1.00
2017.07.25 11:21:48.730,7.97745,7.97874,1.00,1.00
2017.07.25 11:21:49.069,7.97727,7.97853,1.00,1.00
2017.07.25 11:21:49.272,7.97732,7.97869,1.00,1.00
2017.07.25 11:21:49.730,7.97738,7.97877,1.00,1.00
2017.07.25 11:21:50.386,7.97734,7.97871,1.00,1.00
2017.07.25 11:21:50.488,7.9774,7.97879,1.00,1.00
2017.07.25 11:21:50.642,7.9775,7.97889,1.00,1.00
2017.07.25 11:21:51.464,7.97754,7.97893,1.00,1.00
2017.07.25 11:21:55.052,7.97761,7.979,1.00,1.00
2017.07.25 11:21:55.383,7.97759,7.97898,1.00,1.00
2017.07.25 11:21:56.052,7.97751,7.9789,1.00,1.00
2017.07.25 11:21:56.367,7.97756,7.97895,1.00,1.00
2017.07.25 11:21:57.233,7.97755,7.97895,1.00,1.00
2017.07.25 11:21:59.530,7.97763,7.97903,1.00,1.00
2017.07.25 11:21:59.834,7.97768,7.97908,1.00,1.00
2017.07.25 11:22:00.557,7.97763,7.97903,1.00,1.00
2017.07.25 11:22:02.390,7.97774,7.97911,1.00,1.00
2017.07.25 11:22:02.694,7.97798,7.97935,1.00,1.37
2017.07.25 11:22:03.238,7.97798,7.97935,1.00,1.00
2017.07.25 11:22:03.469,7.97797,7.97933,1.00,1.00
2017.07.25 11:22:04.091,7.97787,7.97925,1.00,1.00
2017.07.25 11:22:04.491,7.97793,7.97929,1.00,1.00
2017.07.25 11:22:09.508,7.97787,7.97925,1.00,1.00
2017.07.25 11:22:09.609,7.97781,7.97919,1.00,1.00
2017.07.25 11:22:09.940,7.97788,7.97926,1.00,1.00
2017.07.25 11:22:10.449,7.97788,7.97927,1.00,1.00
2017.07.25 11:22:11.438,7.97786,7.97925,1.00,1.00
2017.07.25 11:22:12.439,7.97787,7.97925,1.00,1.00
2017.07.25 11:22:13.207,7.97788,7.97925,1.00,1.00
2017.07.25 11:22:15.333,7.97786,7.97923,1.00,1.00
2017.07.25 11:22:17.081,7.97805,7.97927,1.00,1.00
2017.07.25 11:22:17.334,7.97786,7.97923,1.00,1.00
2017.07.25 11:22:17.528,7.97777,7.97913,1.00,1.00
2017.07.25 11:22:17.684,7.97785,7.97922,1.00,1.00
2017.07.25 11:22:18.274,7.97773,7.97917,1.00,1.00
2017.07.25 11:22:18.851,7.97794,7.97918,1.00,1.00
2017.07.25 11:22:19.837,7.97799,7.97923,1.00,1.00
2017.07.25 11:22:23.475,7.9779,7.97914,1.00,1.00
2017.07.25 11:22:24.569,7.97799,7.97923,1.00,1.00
2017.07.25 11:22:25.672,7.97803,7.97927,1.00,1.00
2017.07.25 11:22:26.039,7.97801,7.97925,1.00,1.00
2017.07.25 11:22:26.931,7.97806,7.9793,1.00,1.00
2017.07.25 11:22:29.667,7.97816,7.97939,1.00,1.00
2017.07.25 11:22:29.820,7.97834,7.97958,1.00,1.00
2017.07.25 11:22:30.830,7.97834,7.97957,1.00,1.00
2017.07.25 11:22:32.709,7.97828,7.97951,1.00,1.00
2017.07.25 11:22:33.257,7.97833,7.97955,1.00,1.00
2017.07.25 11:22:33.767,7.97829,7.97953,1.00,1.00
2017.07.25 11:22:34.769,7.97827,7.97951,1.00,1.00
2017.07.25 11:22:35.259,7.97815,7.97938,1.00,1.00
2017.07.25 11:22:36.269,7.97811,7.97934,1.00,1.00
2017.07.25 11:22:37.825,7.97823,7.97946,1.00,1.00
2017.07.25 11:22:38.807,7.97829,7.97952,1.00,1.00
2017.07.25 11:22:39.556,7.97837,7.97961,1.00,1.00
2017.07.25 11:22:39.611,7.97844,7.97967,1.00,1.00
2017.07.25 11:22:39.916,7.97835,7.97956,1.00,1.00
2017.07.25 11:22:40.519,7.97829,7.97952,1.00,1.00
2017.07.25 11:22:41.490,7.97828,7.97951,1.00,1.00
2017.07.25 11:22:42.490,7.97827,7.9795,1.00,1.00
2017.07.25 11:22:43.500,7.97836,7.97959,1.00,1.00
2017.07.25 11:22:44.480,7.97835,7.97956,1.00,1.00
2017.07.25 11:22:44.827,7.97823,7.97947,1.00,1.00
2017.07.25 11:22:45.806,7.97821,7.97945,1.00,1.00
2017.07.25 11:22:46.807,7.9782,7.97943,1.00,1.00
2017.07.25 11:22:47.410,7.9783,7.97952,1.00,1.00
2017.07.25 11:22:48.399,7.97816,7.9794,1.00,1.00
2017.07.25 11:22:48.450,7.97807,7.9793,1.00,1.00
2017.07.25 11:22:48.794,7.9781,7.9793,1.00,1.00
2017.07.25 11:22:49.850,7.97816,7.97939,1.00,1.00
2017.07.25 11:22:50.415,7.97825,7.97949,1.00,1.00
2017.07.25 11:22:51.444,7.9782,7.97944,1.00,1.00
2017.07.25 11:22:53.193,7.97824,7.97948,1.00,1.00
2017.07.25 11:22:55.805,7.97825,7.97949,1.00,1.00
2017.07.25 11:22:56.991,7.97825,7.97948,1.00,1.00
2017.07.25 11:22:58.126,7.97822,7.97944,1.00,1.00
2017.07.25 11:22:58.825,7.97813,7.97937,1.00,1.00
2017.07.25 11:22:59.799,7.97817,7.9794,1.00,1.00
2017.07.25 11:23:01.573,7.97823,7.97947,1.00,1.00
2017.07.25 11:23:01.674,7.97807,7.97945,1.00,1.00
2017.07.25 11:23:01.978,7.97795,7.97939,1.00,1.00
2017.07.25 11:23:02.029,7.97784,7.97939,1.00,1.00
2017.07.25 11:23:02.232,7.97773,7.97897,1.00,1.00
2017.07.25 11:23:03.363,7.9777,7.97894,1.00,1.00
2017.07.25 11:23:03.764,7.97781,7.97905,1.00,1.00
2017.07.25 11:23:04.776,7.97784,7.97908,1.00,1.00
2017.07.25 11:23:05.815,7.97786,7.9791,1.00,1.00
2017.07.25 11:23:07.970,7.97794,7.97918,1.00,1.00
2017.07.25 11:23:08.279,7.97797,7.97918,1.00,1.00
2017.07.25 11:23:10.835,7.97794,7.97917,1.00,1.00
2017.07.25 11:23:12.071,7.97791,7.97914,1.00,1.00
2017.07.25 11:23:13.613,7.97789,7.97912,1.00,1.00
2017.07.25 11:23:13.949,7.97746,7.97869,1.00,1.00
2017.07.25 11:23:14.101,7.97686,7.9781,1.00,1.00
2017.07.25 11:23:14.152,7.97686,7.97781,1.00,1.00
2017.07.25 11:23:14.325,7.97668,7.97781,1.00,1.00
2017.07.25 11:23:14.572,7.97626,7.97711,1.00,1.00
2017.07.25 11:23:14.623,7.97604,7.97711,1.00,1.00
2017.07.25 11:23:15.137,7.97589,7.97707,1.00,1.00
2017.07.25 11:23:15.289,7.97568,7.97692,1.00,1.75
2017.07.25 11:23:15.442,7.97549,7.9765,1.00,1.00
2017.07.25 11:23:15.594,7.97523,7.97645,1.00,1.00
2017.07.25 11:23:15.940,7.97523,7.97597,1.00,1.00
2017.07.25 11:23:16.143,7.97513,7.97596,1.00,1.00
2017.07.25 11:23:16.300,7.97504,7.97597,1.00,1.00
2017.07.25 11:23:17.147,7.97504,7.97596,1.00,1.00
2017.07.25 11:23:17.265,7.97504,7.97587,1.00,1.00
2017.07.25 11:23:17.820,7.97495,7.97577,1.00,1.00
2017.07.25 11:23:18.375,7.97514,7.97623,1.00,1.00
2017.07.25 11:23:18.426,7.97525,7.97648,1.00,1.50
2017.07.25 11:23:18.792,7.97537,7.97648,1.00,1.00
2017.07.25 11:23:18.944,7.97548,7.97671,1.00,1.00
2017.07.25 11:23:19.159,7.97566,7.97677,1.00,1.00
2017.07.25 11:23:19.210,7.97566,7.97689,1.00,1.00
2017.07.25 11:23:19.261,7.97585,7.9769,1.00,1.00
2017.07.25 11:23:19.313,7.97585,7.977,1.00,1.00
2017.07.25 11:23:19.364,7.97599,7.97722,1.00,1.00
2017.07.25 11:23:19.466,7.97617,7.97734,1.00,1.00
2017.07.25 11:23:19.567,7.97617,7.9774,1.00,1.50
2017.07.25 11:23:20.082,7.97616,7.9774,1.00,1.50
2017.07.25 11:23:20.884,7.97584,7.97708,1.00,1.00
2017.07.25 11:23:21.188,7.97566,7.97687,1.00,1.00
2017.07.25 11:23:21.620,7.97548,7.97672,1.00,1.00
2017.07.25 11:23:21.722,7.97527,7.9765,1.00,1.00
2017.07.25 11:23:22.026,7.97519,7.9764,1.00,1.00
2017.07.25 11:23:22.722,7.97513,7.97637,1.00,1.00
2017.07.25 11:23:22.773,7.97499,7.97622,1.00,1.00
2017.07.25 11:23:23.078,7.9748,7.97604,1.00,1.00
2017.07.25 11:23:23.181,7.97468,7.97592,1.00,1.00
2017.07.25 11:23:25.865,7.97471,7.97592,1.00,1.00
2017.07.25 11:23:26.588,7.9746,7.97583,1.00,1.00
2017.07.25 11:23:26.639,7.97469,7.97593,1.00,1.00
2017.07.25 11:23:26.740,7.97478,7.97602,1.00,1.00
2017.07.25 11:23:27.356,7.97439,7.9756,1.00,1.00
2017.07.25 11:23:27.667,7.97402,7.97523,1.00,1.00
2017.07.25 11:23:27.718,7.97383,7.97506,1.00,1.00
2017.07.25 11:23:28.378,7.97374,7.97497,1.00,1.00
2017.07.25 11:23:28.638,7.97392,7.97516,1.00,1.00
2017.07.25 11:23:28.689,7.97382,7.97506,1.00,1.00
2017.07.25 11:23:28.993,7.97456,7.97549,1.00,1.00
2017.07.25 11:23:29.256,7.97473,7.97591,1.00,1.00
2017.07.25 11:23:29.358,7.97492,7.97616,1.00,1.00
2017.07.25 11:23:30.506,7.97503,7.97625,1.00,1.00
2017.07.25 11:23:30.810,7.97494,7.97616,1.00,1.00
2017.07.25 11:23:31.061,7.97491,7.97615,1.00,1.00
2017.07.25 11:23:31.432,7.97482,7.97606,1.00,1.00
2017.07.25 11:23:31.736,7.9747,7.97593,1.00,1.00
2017.07.25 11:23:32.040,7.97451,7.97574,1.00,1.00
2017.07.25 11:23:32.475,7.97442,7.97566,1.00,1.00
2017.07.25 11:23:33.436,7.97444,7.97567,1.00,1.00
2017.07.25 11:23:35.058,7.97434,7.97557,1.00,1.00
2017.07.25 11:23:37.753,7.97457,7.9758,1.00,1.00
2017.07.25 11:23:38.059,7.97478,7.97601,1.00,1.00
2017.07.25 11:23:38.364,7.97497,7.9762,1.00,1.00
2017.07.25 11:23:39.158,7.97506,7.97629,1.00,1.00
2017.07.25 11:23:39.209,7.97515,7.97639,1.00,1.00
2017.07.25 11:23:39.367,7.97524,7.97648,1.00,1.00
2017.07.25 11:23:39.671,7.97538,7.97659,1.00,1.00
2017.07.25 11:23:41.698,7.97527,7.97657,1.00,1.00
2017.07.25 11:23:41.749,7.97486,7.97623,1.00,1.00
2017.07.25 11:23:41.802,7.97482,7.97607,1.00,1.00
2017.07.25 11:23:41.853,7.97458,7.976,1.00,1.00
2017.07.25 11:23:41.904,7.9747,7.97593,1.00,1.00
2017.07.25 11:23:42.176,7.97478,7.97602,1.00,1.00
2017.07.25 11:23:42.728,7.97465,7.97588,1.00,1.00
2017.07.25 11:23:43.535,7.97471,7.97595,1.00,1.00
2017.07.25 11:23:43.737,7.97477,7.976,1.00,1.00
2017.07.25 11:23:43.925,7.97458,7.97582,1.00,1.00
2017.07.25 11:23:43.976,7.9747,7.97592,1.00,1.00
2017.07.25 11:23:44.028,7.97457,7.9758,1.00,1.00
2017.07.25 11:23:44.342,7.97464,7.97586,1.00,1.00
2017.07.25 11:23:45.070,7.97454,7.97578,1.00,1.00
2017.07.25 11:23:45.122,7.97439,7.97562,1.00,1.00
2017.07.25 11:23:45.701,7.97444,7.97567,1.00,1.00
2017.07.25 11:23:46.138,7.9744,7.97563,1.00,1.00
2017.07.25 11:23:46.804,7.97439,7.97562,1.00,1.00
2017.07.25 11:23:47.233,7.97448,7.97571,1.00,1.00
2017.07.25 11:23:47.539,7.97442,7.97565,1.00,1.00
2017.07.25 11:23:48.235,7.97432,7.97555,1.00,1.00
2017.07.25 11:23:48.546,7.97425,7.97548,1.00,1.00
2017.07.25 11:23:48.888,7.97422,7.97543,1.00,1.00
2017.07.25 11:23:49.718,7.97422,7.97546,1.00,1.00
2017.07.25 11:23:50.062,7.97441,7.97564,1.00,1.00
2017.07.25 11:23:50.373,7.9745,7.97573,1.00,1.00
2017.07.25 11:23:50.719,7.97458,7.97581,1.00,1.00
2017.07.25 11:23:51.018,7.9746,7.97634,1.00,1.00
2017.07.25 11:23:51.069,7.97469,7.97634,1.00,1.00
2017.07.25 11:23:51.373,7.97515,7.97652,1.00,1.00
2017.07.25 11:23:51.475,7.97502,7.97652,1.00,1.00
2017.07.25 11:23:51.628,7.97496,7.97652,1.00,1.00
2017.07.25 11:23:51.776,7.9754,7.97663,1.00,1.00
2017.07.25 11:23:52.080,7.97513,7.97634,1.00,1.00
2017.07.25 11:23:52.323,7.97502,7.97625,1.00,1.00
2017.07.25 11:23:52.769,7.97477,7.976,1.00,1.00
2017.07.25 11:23:53.146,7.97489,7.97612,1.00,1.00
2017.07.25 11:23:53.453,7.97482,7.97605,1.00,1.00
2017.07.25 11:23:54.643,7.97485,7.97608,1.00,1.00
2017.07.25 11:23:55.659,7.97483,7.97604,1.00,1.00
2017.07.25 11:23:56.645,7.97483,7.97606,1.00,1.00
2017.07.25 11:23:56.747,7.97474,7.97597,1.00,1.00
2017.07.25 11:23:57.051,7.97447,7.97568,1.00,1.00
2017.07.25 11:23:57.102,7.97435,7.97558,1.00,1.00
2017.07.25 11:23:58.001,7.97423,7.97546,1.00,1.00
2017.07.25 11:23:58.695,7.97438,7.97561,1.00,1.00
2017.07.25 11:23:59.005,7.97429,7.97552,1.00,1.00
2017.07.25 11:23:59.955,7.97418,7.97541,1.00,1.00
2017.07.25 11:24:00.006,7.97411,7.97535,1.00,1.00
2017.07.25 11:24:00.551,7.97412,7.97536,1.00,1.00
2017.07.25 11:24:01.588,7.97416,7.97539,1.00,1.00
2017.07.25 11:24:01.849,7.97422,7.97546,1.00,1.00
2017.07.25 11:24:02.002,7.9743,7.97554,1.00,1.00
2017.07.25 11:24:02.579,7.97423,7.97547,1.00,1.00
2017.07.25 11:24:02.938,7.97416,7.97537,1.00,1.00
2017.07.25 11:24:03.242,7.97416,7.97526,1.00,1.00
2017.07.25 11:24:04.223,7.97416,7.97521,1.00,1.00
2017.07.25 11:24:04.325,7.97398,7.97521,1.00,1.00
2017.07.25 11:24:04.427,7.97387,7.97511,1.00,1.00
2017.07.25 11:24:05.258,7.97392,7.97514,1.00,1.00
2017.07.25 11:24:06.883,7.97397,7.97521,1.00,1.00
2017.07.25 11:24:09.666,7.97413,7.97537,1.00,1.00
2017.07.25 11:24:10.403,7.97392,7.97516,1.00,1.00
2017.07.25 11:24:10.803,7.97406,7.9753,1.00,1.00
2017.07.25 11:24:11.454,7.97407,7.97531,1.00,1.00
2017.07.25 11:24:12.411,7.97406,7.97529,1.00,1.00
2017.07.25 11:24:15.219,7.97408,7.97532,1.00,1.00
2017.07.25 11:24:18.232,7.97401,7.97524,1.00,1.00
2017.07.25 11:24:19.672,7.97401,7.97523,1.00,1.00
2017.07.25 11:24:19.887,7.97406,7.9753,1.00,1.00
2017.07.25 11:24:20.657,7.9741,7.97534,1.00,1.00
2017.07.25 11:24:22.291,7.97416,7.97538,1.00,1.00
2017.07.25 11:24:25.881,7.97412,7.97535,1.00,1.00
2017.07.25 11:24:26.235,7.97404,7.97528,1.00,1.00
2017.07.25 11:24:27.226,7.97401,7.97524,1.00,1.00
2017.07.25 11:24:27.543,7.97416,7.9754,1.00,1.00
2017.07.25 11:24:28.530,7.97417,7.9754,1.00,1.00
2017.07.25 11:24:30.819,7.9741,7.97534,1.00,1.00
2017.07.25 11:24:31.478,7.97392,7.97516,1.00,1.00
2017.07.25 11:24:32.395,7.97391,7.97515,1.00,1.00
2017.07.25 11:24:33.169,7.97391,7.97558,1.00,1.00
2017.07.25 11:24:33.220,7.97423,7.97499,1.00,1.00
2017.07.25 11:24:33.271,7.97444,7.97567,1.00,1.00
2017.07.25 11:24:33.322,7.9742,7.9753,1.00,1.00
2017.07.25 11:24:33.373,7.97411,7.9753,1.00,1.00
2017.07.25 11:24:33.424,7.97423,7.97546,1.00,1.00
2017.07.25 11:24:33.525,7.97405,7.97528,1.00,1.00
2017.07.25 11:24:33.576,7.97382,7.97506,1.00,1.00
2017.07.25 11:24:34.241,7.97372,7.97495,1.00,1.00
2017.07.25 11:24:34.593,7.97377,7.97501,1.00,1.00
2017.07.25 11:24:39.429,7.97411,7.97544,1.00,1.00
2017.07.25 11:24:39.480,7.97428,7.97563,1.00,1.00
2017.07.25 11:24:39.531,7.97444,7.97568,1.00,1.00
2017.07.25 11:24:39.632,7.97442,7.97586,1.00,1.00
2017.07.25 11:24:42.200,7.97443,7.97584,1.00,1.00
2017.07.25 11:24:44.749,7.97434,7.97575,1.00,1.00
2017.07.25 11:24:45.171,7.9744,7.9758,1.00,1.00
2017.07.25 11:24:48.255,7.97444,7.97584,1.00,1.00
2017.07.25 11:24:48.602,7.9744,7.9758,1.00,1.00
2017.07.25 11:24:49.176,7.97444,7.97581,1.00,1.00
2017.07.25 11:24:49.634,7.97436,7.97575,1.00,1.00
2017.07.25 11:24:50.960,7.9744,7.97579,1.00,1.00
2017.07.25 11:24:51.276,7.97434,7.97573,1.00,1.00
2017.07.25 11:24:51.749,7.97421,7.9756,1.00,1.00
2017.07.25 11:24:51.800,7.97404,7.97544,1.00,1.00
2017.07.25 11:24:51.952,7.97395,7.97534,1.00,1.00
2017.07.25 11:24:52.280,7.97406,7.97545,1.00,1.00
2017.07.25 11:24:52.848,7.97395,7.97534,1.00,1.00
2017.07.25 11:24:53.152,7.974,7.97539,1.00,1.00
2017.07.25 11:24:53.893,7.97415,7.97539,1.00,1.00
2017.07.25 11:24:57.231,7.97421,7.97546,1.00,1.00
2017.07.25 11:24:59.617,7.97414,7.97539,1.00,1.00
2017.07.25 11:24:59.923,7.97404,7.97529,1.00,1.00
2017.07.25 11:25:00.706,7.97399,7.97525,1.00,1.00
2017.07.25 11:25:00.757,7.97382,7.97523,1.00,1.00
2017.07.25 11:25:01.509,7.97375,7.97516,1.00,1.00
2017.07.25 11:25:01.850,7.97354,7.97495,1.00,1.00
2017.07.25 11:25:02.003,7.97343,7.97485,1.00,1.00
2017.07.25 11:25:02.106,7.97381,7.97505,1.00,1.00
2017.07.25 11:25:02.411,7.97437,7.97562,1.00,1.00
2017.07.25 11:25:02.715,7.97458,7.97582,1.00,1.00
2017.07.25 11:25:03.043,7.97472,7.97594,1.00,1.00
2017.07.25 11:25:03.347,7.97485,7.97607,1.00,1.00
2017.07.25 11:25:03.811,7.97493,7.97617,1.00,1.00
2017.07.25 11:25:03.862,7.97471,7.97593,1.00,1.00
2017.07.25 11:25:04.136,7.97436,7.9756,1.00,1.00
2017.07.25 11:25:04.391,7.97421,7.97545,1.00,1.00
2017.07.25 11:25:05.435,7.97425,7.97549,1.00,1.00
2017.07.25 11:25:05.890,7.9743,7.97554,1.00,1.00
2017.07.25 11:25:06.234,7.97467,7.97591,1.00,1.00
2017.07.25 11:25:06.386,7.97483,7.97608,1.00,1.00
2017.07.25 11:25:06.438,7.97503,7.97625,1.00,1.00
2017.07.25 11:25:06.793,7.97462,7.9763,1.00,1.00
2017.07.25 11:25:06.844,7.97497,7.97621,1.00,1.00
2017.07.25 11:25:06.997,7.97471,7.97596,1.00,1.00
2017.07.25 11:25:07.810,7.97488,7.9761,1.00,1.00
2017.07.25 11:25:08.185,7.97478,7.97602,1.00,1.00
2017.07.25 11:25:08.287,7.97469,7.97593,1.00,1.00
2017.07.25 11:25:08.904,7.97458,7.97583,1.00,1.00
2017.07.25 11:25:08.956,7.97448,7.97573,1.00,1.00
2017.07.25 11:25:09.374,7.97439,7.97563,1.00,1.00
2017.07.25 11:25:09.938,7.97443,7.97567,1.00,1.00
2017.07.25 11:25:10.380,7.97436,7.9756,1.00,1.00
2017.07.25 11:25:10.747,7.97443,7.97568,1.00,1.00
2017.07.25 11:25:11.425,7.97447,7.97572,1.00,1.00
2017.07.25 11:25:11.826,7.97449,7.97571,1.00,1.00
2017.07.25 11:25:12.339,7.97523,7.9762,1.00,1.00
2017.07.25 11:25:12.390,7.97523,7.97647,1.00,1.00
2017.07.25 11:25:12.441,7.97512,7.97635,1.00,1.00
2017.07.25 11:25:12.492,7.97466,7.9759,1.00,1.00
2017.07.25 11:25:12.543,7.9747,7.97593,1.00,1.00
2017.07.25 11:25:12.725,7.97465,7.97589,1.00,1.00
2017.07.25 11:25:12.878,7.97431,7.97554,1.00,1.00
2017.07.25 11:25:13.542,7.9744,7.97563,1.00,1.00
2017.07.25 11:25:13.862,7.97482,7.97605,1.00,1.00
2017.07.25 11:25:13.914,7.97501,7.97625,1.00,1.00
2017.07.25 11:25:13.965,7.97512,7.97636,1.00,1.00
2017.07.25 11:25:14.269,7.9753,7.97654,1.00,1.00
2017.07.25 11:25:14.574,7.9751,7.97634,1.00,1.00
2017.07.25 11:25:15.082,7.97505,7.97629,1.00,1.00
2017.07.25 11:25:15.808,7.97494,7.97618,1.00,1.00
2017.07.25 11:25:16.160,7.97491,7.97612,1.00,1.00
2017.07.25 11:25:17.326,7.97493,7.97617,1.00,1.00
2017.07.25 11:25:17.427,7.97485,7.97606,1.00,1.00
2017.07.25 11:25:17.529,7.9746,7.97584,1.00,1.00
2017.07.25 11:25:18.104,7.97448,7.97572,1.00,1.00
2017.07.25 11:25:18.695,7.9746,7.97582,1.00,1.00
2017.07.25 11:25:19.016,7.97443,7.97567,1.00,1.00
2017.07.25 11:25:21.375,7.97449,7.97573,1.00,1.00
2017.07.25 11:25:21.971,7.97443,7.97567,1.00,1.00
2017.07.25 11:25:22.305,7.97428,7.97552,1.00,1.00
2017.07.25 11:25:22.644,7.97439,7.97563,1.00,1.00
2017.07.25 11:25:23.265,7.97442,7.97566,1.00,1.00
2017.07.25 11:25:24.141,7.97438,7.97562,1.00,1.00
2017.07.25 11:25:25.120,7.97438,7.97561,1.00,1.00
2017.07.25 11:25:25.395,7.97446,7.9757,1.00,1.00
2017.07.25 11:25:25.672,7.97455,7.97579,1.00,1.00
2017.07.25 11:25:25.999,7.97466,7.97589,1.00,1.00
2017.07.25 11:25:26.690,7.97461,7.97583,1.00,1.00
2017.07.25 11:25:26.741,7.97469,7.97593,1.00,1.00
2017.07.25 11:25:27.695,7.97466,7.97589,1.00,1.00
2017.07.25 11:25:28.304,7.97461,7.97583,1.00,1.00
2017.07.25 11:25:29.754,7.97457,7.97579,1.00,1.00
2017.07.25 11:25:30.280,7.97467,7.97589,1.00,1.00
2017.07.25 11:25:30.331,7.97477,7.97601,1.00,1.00
2017.07.25 11:25:30.382,7.97502,7.97618,1.00,1.00
2017.07.25 11:25:30.433,7.97502,7.97625,1.00,1.00
2017.07.25 11:25:31.407,7.97505,7.97629,1.00,1.00
2017.07.25 11:25:32.011,7.97501,7.97622,1.00,1.00
2017.07.25 11:25:32.315,7.97509,7.9763,1.00,1.00
2017.07.25 11:25:33.077,7.97504,7.97628,1.00,1.00
2017.07.25 11:25:33.618,7.97498,7.97622,1.00,1.00
2017.07.25 11:25:34.633,7.97495,7.97619,1.00,1.00
2017.07.25 11:25:35.183,7.97496,7.9762,1.00,1.00
2017.07.25 11:25:35.500,7.97469,7.97609,1.00,1.00
2017.07.25 11:25:35.700,7.97451,7.97601,1.00,1.00
2017.07.25 11:25:36.416,7.97451,7.976,1.00,1.00
2017.07.25 11:25:36.624,7.97453,7.976,1.00,1.00
2017.07.25 11:25:36.675,7.97453,7.97606,1.00,1.00
2017.07.25 11:25:36.740,7.97457,7.9761,1.00,1.00
2017.07.25 11:25:37.232,7.97449,7.97601,1.00,1.00
2017.07.25 11:25:37.678,7.97453,7.97605,1.00,1.00
2017.07.25 11:25:37.997,7.97465,7.97589,1.00,1.00
2017.07.25 11:25:38.303,7.97455,7.97579,1.00,1.00
2017.07.25 11:25:38.354,7.97442,7.97567,1.00,1.00
2017.07.25 11:25:38.558,7.97453,7.97575,1.00,1.00
2017.07.25 11:25:42.327,7.9745,7.97574,1.00,1.00
2017.07.25 11:25:43.978,7.97473,7.97602,1.00,1.00
2017.07.25 11:25:44.920,7.97468,7.97597,1.00,1.00
2017.07.25 11:25:45.230,7.97464,7.97592,1.00,1.00
2017.07.25 11:25:45.960,7.97465,7.97594,1.00,1.00
2017.07.25 11:25:46.249,7.9747,7.97599,1.00,1.00
2017.07.25 11:25:48.326,7.97469,7.97598,1.00,1.00
2017.07.25 11:25:48.648,7.9745,7.97588,1.00,1.00
2017.07.25 11:25:49.592,7.97457,7.97595,1.00,1.00
2017.07.25 11:25:49.962,7.97462,7.97599,1.00,1.00
2017.07.25 11:25:50.607,7.97478,7.97616,1.00,1.00
2017.07.25 11:25:50.658,7.97488,7.97625,1.00,1.00
2017.07.25 11:25:50.862,7.97468,7.97606,1.00,1.00
2017.07.25 11:25:51.219,7.97453,7.97591,1.00,1.00
2017.07.25 11:25:51.863,7.97458,7.97595,1.00,1.00
2017.07.25 11:25:52.207,7.97451,7.97587,1.00,1.00
2017.07.25 11:25:52.535,7.97463,7.97601,1.00,1.00
2017.07.25 11:25:53.027,7.97468,7.97606,1.00,1.00
2017.07.25 11:25:54.124,7.97464,7.97602,1.00,1.00
2017.07.25 11:25:54.433,7.97449,7.97586,1.00,1.00
2017.07.25 11:25:56.163,7.97448,7.97586,1.00,1.00
2017.07.25 11:25:57.463,7.97456,7.97585,1.00,1.00
2017.07.25 11:25:57.766,7.97452,7.97581,1.00,1.00
2017.07.25 11:25:58.905,7.97438,7.97585,1.00,1.00
2017.07.25 11:26:00.091,7.97427,7.97578,1.00,1.00
2017.07.25 11:26:00.193,7.97424,7.97571,1.00,1.00
2017.07.25 11:26:01.092,7.97428,7.97575,1.00,1.00
2017.07.25 11:26:02.574,7.97442,7.97578,1.00,1.00
2017.07.25 11:26:02.891,7.97457,7.9758,1.00,1.00
2017.07.25 11:26:03.641,7.97459,7.9758,1.00,1.00
2017.07.25 11:26:04.275,7.97452,7.97576,1.00,1.00
2017.07.25 11:26:04.326,7.97444,7.97568,1.00,1.00
2017.07.25 11:26:05.322,7.97448,7.97572,1.00,1.00
2017.07.25 11:26:05.653,7.9744,7.97564,1.00,1.00
2017.07.25 11:26:06.086,7.9745,7.97574,1.00,1.00
2017.07.25 11:26:06.667,7.97456,7.97579,1.00,1.00
2017.07.25 11:26:07.038,7.97446,7.97569,1.00,1.00
2017.07.25 11:26:11.193,7.97447,7.9757,1.00,1.00
2017.07.25 11:26:11.848,7.97437,7.97568,1.00,1.00
2017.07.25 11:26:11.899,7.97425,7.97549,1.00,1.00
2017.07.25 11:26:12.203,7.97429,7.97551,1.00,1.00
2017.07.25 11:26:12.454,7.97417,7.97541,1.00,1.00
2017.07.25 11:26:13.323,7.97414,7.97536,1.00,1.00
2017.07.25 11:26:13.511,7.97409,7.97533,1.00,1.00
2017.07.25 11:26:13.678,7.97418,7.97541,1.00,1.00
2017.07.25 11:26:14.977,7.97409,7.97551,1.00,1.00
2017.07.25 11:26:15.263,7.97403,7.97544,1.00,1.00
2017.07.25 11:26:15.609,7.97421,7.97543,1.00,1.00
2017.07.25 11:26:16.015,7.97438,7.9756,1.00,1.00
2017.07.25 11:26:16.413,7.97419,7.97548,1.00,1.00
2017.07.25 11:26:16.508,7.97414,7.97538,1.00,1.00
2017.07.25 11:26:16.846,7.97427,7.97551,1.00,1.00
2017.07.25 11:26:16.897,7.9745,7.97575,1.00,1.00
2017.07.25 11:26:17.778,7.97427,7.9755,1.00,1.00
2017.07.25 11:26:18.083,7.97405,7.97528,1.00,1.00
2017.07.25 11:26:18.697,7.97423,7.97546,1.00,1.00
2017.07.25 11:26:18.920,7.9743,7.97554,1.00,1.00
2017.07.25 11:26:19.072,7.97439,7.97562,1.00,1.00
2017.07.25 11:26:19.397,7.97431,7.97554,1.00,1.00
2017.07.25 11:26:19.710,7.97422,7.97545,1.00,1.00
2017.07.25 11:26:20.074,7.97434,7.97557,1.00,1.00
2017.07.25 11:26:20.378,7.97422,7.97545,1.00,1.00
2017.07.25 11:26:21.133,7.9742,7.97543,1.00,1.00
2017.07.25 11:26:21.386,7.97423,7.97547,1.00,1.00
2017.07.25 11:26:22.134,7.97429,7.97552,1.00,1.00
2017.07.25 11:26:23.155,7.97423,7.97546,1.00,1.00
2017.07.25 11:26:23.212,7.97417,7.97541,1.00,1.00
2017.07.25 11:26:24.160,7.97424,7.97547,1.00,1.00
2017.07.25 11:26:24.690,7.97424,7.97548,1.00,1.00
2017.07.25 11:26:25.000,7.97434,7.97557,1.00,1.00
2017.07.25 11:26:25.420,7.97457,7.97581,1.00,1.00
2017.07.25 11:26:25.471,7.97449,7.9757,1.00,1.00
2017.07.25 11:26:25.725,7.97458,7.9758,1.00,1.00
2017.07.25 11:26:26.726,7.97461,7.97584,1.00,1.00
2017.07.25 11:26:27.066,7.97444,7.97568,1.00,1.00
2017.07.25 11:26:27.369,7.97434,7.97558,1.00,1.00
2017.07.25 11:26:29.552,7.9744,7.97564,1.00,1.00
2017.07.25 11:26:30.114,7.97436,7.97559,1.00,1.00
2017.07.25 11:26:30.390,7.97439,7.97563,1.00,1.00
2017.07.25 11:26:30.441,7.97431,7.97553,1.00,1.00
2017.07.25 11:26:31.921,7.97434,7.97558,1.00,1.00
2017.07.25 11:26:32.022,7.97439,7.97561,1.00,1.00
2017.07.25 11:26:32.948,7.97433,7.97557,1.00,1.00
2017.07.25 11:26:33.049,7.97392,7.97539,1.35,1.00
2017.07.25 11:26:33.201,7.97405,7.97549,1.00,1.00
2017.07.25 11:26:34.206,7.97409,7.97548,1.00,1.00
2017.07.25 11:26:34.508,7.97396,7.97534,1.00,1.00
2017.07.25 11:26:34.610,7.97381,7.97539,1.60,1.00
2017.07.25 11:26:35.083,7.97424,7.97547,1.00,1.00
2017.07.25 11:26:35.232,7.97393,7.97534,1.10,1.00
2017.07.25 11:26:35.733,7.97424,7.97547,1.00,1.00
2017.07.25 11:26:35.836,7.97394,7.97546,1.00,1.00
2017.07.25 11:26:36.956,7.97401,7.97555,1.00,1.00
2017.07.25 11:26:37.007,7.97406,7.97559,1.00,1.00
2017.07.25 11:26:38.075,7.97413,7.97565,1.00,1.00
2017.07.25 11:26:38.126,7.97412,7.97571,1.00,1.00
2017.07.25 11:26:38.519,7.9742,7.97579,1.00,1.00
2017.07.25 11:26:38.830,7.97421,7.97562,1.00,1.00
2017.07.25 11:26:40.903,7.97427,7.97568,1.00,1.00
2017.07.25 11:26:41.235,7.97417,7.97558,1.00,1.00
2017.07.25 11:26:42.439,7.97419,7.97557,1.00,1.00
2017.07.25 11:26:43.364,7.97427,7.97565,1.00,1.00
2017.07.25 11:26:43.932,7.97423,7.97561,1.00,1.00
2017.07.25 11:26:44.823,7.97427,7.97565,1.00,1.00
2017.07.25 11:26:45.394,7.97422,7.97558,1.00,1.00
2017.07.25 11:26:45.858,7.97427,7.97565,1.00,1.00
2017.07.25 11:26:46.648,7.97434,7.97572,1.00,1.00
2017.07.25 11:26:46.952,7.97447,7.97569,1.00,1.00
2017.07.25 11:26:47.730,7.97442,7.97566,1.00,1.00
2017.07.25 11:26:48.768,7.97441,7.97564,1.00,1.00
2017.07.25 11:26:49.492,7.97419,7.97545,1.00,1.00
2017.07.25 11:26:49.543,7.97416,7.97567,1.00,1.00
2017.07.25 11:26:49.594,7.97405,7.97556,1.00,1.00
2017.07.25 11:26:50.569,7.97407,7.97556,1.00,1.00
2017.07.25 11:26:50.721,7.97407,7.97566,1.00,1.00
2017.07.25 11:26:50.772,7.97444,7.97567,1.00,1.00
2017.07.25 11:26:50.925,7.97454,7.97578,1.00,1.00
2017.07.25 11:26:52.077,7.9745,7.97573,1.00,1.00
2017.07.25 11:26:52.179,7.97433,7.97557,1.00,1.00
2017.07.25 11:26:52.382,7.97449,7.97572,1.00,1.00
2017.07.25 11:26:52.837,7.97463,7.97586,1.00,1.00
2017.07.25 11:26:53.124,7.97488,7.97615,1.00,1.00
2017.07.25 11:26:53.175,7.97444,7.97603,1.00,1.00
2017.07.25 11:26:53.226,7.97439,7.97599,1.00,1.00
2017.07.25 11:26:53.328,7.97446,7.9759,1.00,1.00
2017.07.25 11:26:54.180,7.97472,7.97593,1.00,1.00
2017.07.25 11:26:54.332,7.97457,7.97581,1.00,1.00
2017.07.25 11:26:54.535,7.97448,7.97572,1.00,1.00
2017.07.25 11:26:54.738,7.97443,7.97594,1.00,1.00
2017.07.25 11:26:55.043,7.97484,7.97607,1.00,1.00
2017.07.25 11:26:55.362,7.97503,7.97626,1.00,1.00
2017.07.25 11:26:55.680,7.97492,7.97615,1.00,1.00
2017.07.25 11:26:56.109,7.97484,7.97607,1.00,1.00
2017.07.25 11:26:56.290,7.97444,7.97601,1.00,1.00
2017.07.25 11:26:56.342,7.9749,7.97614,1.00,1.00
2017.07.25 11:26:57.212,7.97493,7.97617,1.00,1.00
2017.07.25 11:26:57.526,7.97503,7.97626,1.00,1.00
2017.07.25 11:26:57.797,7.97505,7.97629,1.00,1.00
2017.07.25 11:26:59.011,7.9746,7.97616,1.00,1.00
2017.07.25 11:26:59.215,7.9747,7.97626,1.00,1.00
2017.07.25 11:26:59.520,7.97497,7.97621,1.00,1.00
2017.07.25 11:26:59.964,7.97505,7.97629,1.00,1.00
2017.07.25 11:27:00.113,7.97477,7.97621,1.00,1.00
2017.07.25 11:27:00.215,7.97487,7.97611,1.00,1.00
2017.07.25 11:27:01.067,7.97497,7.97621,1.00,1.00
2017.07.25 11:27:01.371,7.97543,7.97666,1.00,1.00
2017.07.25 11:27:02.251,7.97539,7.97663,1.00,1.00
2017.07.25 11:27:02.692,7.97529,7.97672,1.00,1.00
2017.07.25 11:27:02.794,7.97539,7.97663,1.00,1.00
2017.07.25 11:27:03.829,7.97524,7.97658,1.00,1.00
2017.07.25 11:27:05.020,7.97523,7.97657,1.00,1.00
2017.07.25 11:27:05.472,7.97533,7.97657,1.00,1.00
2017.07.25 11:27:06.495,7.97518,7.97642,1.00,1.00
2017.07.25 11:27:06.820,7.97532,7.97656,1.00,1.00
2017.07.25 11:27:07.393,7.97524,7.97646,1.00,1.00
2017.07.25 11:27:08.289,7.97514,7.97638,1.00,1.00
2017.07.25 11:27:08.442,7.97508,7.97633,1.00,1.00
2017.07.25 11:27:08.645,7.97515,7.97641,1.00,1.00
2017.07.25 11:27:09.706,7.97519,7.97644,1.00,1.00
2017.07.25 11:27:10.030,7.97523,7.97648,1.00,1.00
2017.07.25 11:27:10.183,7.97556,7.97682,1.00,1.00
2017.07.25 11:27:10.815,7.97566,7.97688,1.00,1.00
2017.07.25 11:27:10.956,7.97553,7.97679,1.00,1.00
2017.07.25 11:27:11.058,7.97542,7.97668,1.00,1.00
2017.07.25 11:27:11.648,7.97556,7.9768,1.00,1.00
2017.07.25 11:27:12.370,7.97569,7.97693,1.00,1.00
2017.07.25 11:27:13.059,7.97572,7.97693,1.00,1.00
2017.07.25 11:27:13.149,7.9761,7.97734,1.00,1.00
2017.07.25 11:27:13.250,7.97651,7.97765,1.00,1.00
2017.07.25 11:27:13.301,7.97651,7.97774,1.00,1.00
2017.07.25 11:27:13.403,7.97638,7.97759,1.00,1.00
2017.07.25 11:27:14.126,7.97622,7.97754,1.00,1.00
2017.07.25 11:27:14.228,7.97618,7.97744,1.00,1.00
2017.07.25 11:27:15.308,7.97682,7.97806,1.00,1.00
2017.07.25 11:27:15.612,7.97776,7.979,1.00,1.50
2017.07.25 11:27:16.420,7.97784,7.97908,1.00,1.00
2017.07.25 11:27:16.724,7.97773,7.97897,1.00,1.00
2017.07.25 11:27:17.029,7.97756,7.9788,1.00,1.00
2017.07.25 11:27:17.675,7.97747,7.97871,1.00,1.00
2017.07.25 11:27:18.679,7.97745,7.97868,1.00,1.00
2017.07.25 11:27:18.833,7.9774,7.97864,1.00,1.00
2017.07.25 11:27:19.829,7.97737,7.9786,1.00,1.00
2017.07.25 11:27:20.830,7.97738,7.97861,1.00,1.00
2017.07.25 11:27:21.446,7.97753,7.97876,1.00,1.00
2017.07.25 11:27:21.737,7.97744,7.97868,1.00,1.00
2017.07.25 11:27:21.866,7.97733,7.97857,1.00,1.00
2017.07.25 11:27:22.273,7.97728,7.97852,1.00,1.00
2017.07.25 11:27:23.266,7.97724,7.97848,1.00,1.00
2017.07.25 11:27:24.360,7.97749,7.97871,1.00,1.00
2017.07.25 11:27:24.485,7.97714,7.97838,1.00,1.00
2017.07.25 11:27:26.950,7.97709,7.97833,1.00,1.00
2017.07.25 11:27:27.481,7.97713,7.97837,1.00,1.00
2017.07.25 11:27:27.981,7.97736,7.9786,1.00,1.00
2017.07.25 11:27:28.320,7.97753,7.97877,1.00,1.00
2017.07.25 11:27:28.625,7.97771,7.97894,1.00,1.00
2017.07.25 11:27:29.521,7.97774,7.97898,1.00,1.00
2017.07.25 11:27:31.067,7.97785,7.97909,1.00,1.00
2017.07.25 11:27:31.371,7.97799,7.97921,1.00,1.00
2017.07.25 11:27:31.867,7.97795,7.97917,1.00,1.00
2017.07.25 11:27:32.426,7.97788,7.97912,1.00,1.00
2017.07.25 11:27:32.783,7.97783,7.97907,1.00,1.00
2017.07.25 11:27:33.337,7.97799,7.97923,1.00,1.00
2017.07.25 11:27:33.661,7.97818,7.97942,1.00,1.00
2017.07.25 11:27:34.767,7.97827,7.97951,1.00,1.00
2017.07.25 11:27:35.467,7.97842,7.97966,1.00,1.00
2017.07.25 11:27:35.850,7.97864,7.97988,1.00,1.00
2017.07.25 11:27:36.789,7.97855,7.97979,1.00,1.00
2017.07.25 11:27:37.093,7.97791,7.97915,1.00,1.00
2017.07.25 11:27:37.399,7.97759,7.97883,1.00,1.00
2017.07.25 11:27:37.895,7.97743,7.97867,1.00,1.00
2017.07.25 11:27:38.343,7.9774,7.97862,1.00,1.00
2017.07.25 11:27:38.925,7.97744,7.97868,1.00,1.00
2017.07.25 11:27:39.218,7.97703,7.97862,1.00,1.00
2017.07.25 11:27:39.269,7.97703,7.97844,1.00,1.00
2017.07.25 11:27:39.574,7.97702,7.97826,1.00,1.00
2017.07.25 11:27:41.148,7.97711,7.97835,1.00,1.00
2017.07.25 11:27:41.465,7.97721,7.97845,1.00,1.00
2017.07.25 11:27:42.426,7.97715,7.97839,1.00,1.00
2017.07.25 11:27:42.829,7.9771,7.97834,1.00,1.00
2017.07.25 11:27:43.296,7.97702,7.97824,1.00,1.00
2017.07.25 11:27:43.939,7.97695,7.97819,1.00,1.00
2017.07.25 11:27:44.041,7.97683,7.97808,1.00,1.00
2017.07.25 11:27:44.296,7.97677,7.97801,1.00,1.00
2017.07.25 11:27:44.605,7.97695,7.97819,1.00,1.00
2017.07.25 11:27:46.414,7.97682,7.97806,1.00,1.00
2017.07.25 11:27:47.368,7.97678,7.97802,1.00,1.00
2017.07.25 11:27:47.778,7.97699,7.97823,1.00,1.00
2017.07.25 11:27:48.085,7.97692,7.97816,1.00,1.00
2017.07.25 11:27:48.656,7.97692,7.97817,1.00,1.00
2017.07.25 11:27:49.454,7.97733,7.97822,1.00,1.00
2017.07.25 11:27:49.505,7.97732,7.97836,1.00,1.00
2017.07.25 11:27:49.758,7.97732,7.9785,1.00,1.00
2017.07.25 11:27:49.861,7.97751,7.97869,1.50,1.00
2017.07.25 11:27:50.189,7.97792,7.97889,1.00,1.00
2017.07.25 11:27:50.495,7.97815,7.97926,1.50,1.00
2017.07.25 11:27:50.750,7.97852,7.97944,1.00,1.00
2017.07.25 11:27:50.953,7.97851,7.97958,1.00,1.00
2017.07.25 11:27:51.389,7.97851,7.97973,1.00,1.00
2017.07.25 11:27:51.440,7.97859,7.97973,1.50,1.00
2017.07.25 11:27:51.491,7.97868,7.97992,1.00,1.00
2017.07.25 11:27:51.593,7.97896,7.97992,1.00,1.00
2017.07.25 11:27:51.814,7.97896,7.98002,1.00,1.00
2017.07.25 11:27:52.000,7.97896,7.9801,1.00,1.00
2017.07.25 11:27:52.102,7.9794,7.98028,1.00,1.00
2017.07.25 11:27:52.203,7.97939,7.98048,1.00,1.00
2017.07.25 11:27:52.305,7.97943,7.9808,1.75,1.00
2017.07.25 11:27:52.406,7.98001,7.981,1.00,1.00
2017.07.25 11:27:52.700,7.98,7.9812,1.00,1.00
2017.07.25 11:27:52.852,7.98007,7.98141,1.00,1.00
2017.07.25 11:27:53.730,7.98043,7.98141,1.00,1.00
2017.07.25 11:27:53.781,7.98043,7.98144,1.00,1.00
2017.07.25 11:27:53.883,7.98043,7.9814,1.00,1.00
2017.07.25 11:27:54.034,7.98043,7.98152,1.00,1.00
2017.07.25 11:27:54.288,7.98043,7.98141,1.00,1.00
2017.07.25 11:27:54.919,7.98044,7.98141,1.00,1.00
2017.07.25 11:27:55.274,7.98061,7.98139,1.00,1.00
2017.07.25 11:27:56.262,7.98067,7.98139,1.00,1.00
2017.07.25 11:27:56.403,7.98067,7.98141,1.00,1.00
2017.07.25 11:27:57.333,7.98063,7.9815,1.00,1.50
2017.07.25 11:27:57.522,7.98062,7.98172,1.00,1.00
2017.07.25 11:27:57.574,7.98063,7.98182,1.00,1.00
2017.07.25 11:27:57.929,7.98066,7.98201,1.00,1.00
2017.07.25 11:27:57.980,7.98062,7.98188,1.00,1.00
2017.07.25 11:27:58.395,7.98106,7.98188,1.00,1.00
2017.07.25 11:27:58.496,7.98106,7.98197,1.00,1.00
2017.07.25 11:27:59.203,7.98106,7.98207,1.00,1.00
2017.07.25 11:27:59.254,7.98105,7.98212,1.00,1.00
2017.07.25 11:27:59.526,7.98105,7.98224,1.00,1.00
2017.07.25 11:27:59.902,7.98111,7.98242,1.00,1.00
2017.07.25 11:27:59.954,7.98111,7.98246,1.00,1.00
2017.07.25 11:28:00.266,7.9815,7.98246,1.00,1.00
2017.07.25 11:28:00.582,7.98149,7.9824,1.00,1.00
2017.07.25 11:28:01.571,7.98149,7.98237,1.00,1.00
2017.07.25 11:28:01.922,7.9815,7.9823,1.00,1.00
2017.07.25 11:28:02.567,7.9815,7.98238,1.00,1.00
2017.07.25 11:28:02.866,7.98101,7.98238,1.75,1.00
2017.07.25 11:28:02.917,7.9815,7.98243,1.00,1.19
2017.07.25 11:28:03.019,7.98145,7.98238,1.00,1.00
2017.07.25 11:28:03.401,7.98145,7.98269,1.00,1.00
2017.07.25 11:28:03.655,7.98145,7.98256,1.00,1.00
2017.07.25 11:28:04.233,7.98145,7.98266,1.75,1.00
2017.07.25 11:28:04.545,7.9816,7.98266,1.00,1.00
2017.07.25 11:28:04.855,7.9816,7.98261,1.00,1.00
2017.07.25 11:28:05.267,7.98124,7.98261,1.00,1.00
2017.07.25 11:28:05.318,7.98088,7.98225,1.00,1.00
2017.07.25 11:28:05.622,7.98013,7.98137,1.00,1.00
2017.07.25 11:28:05.673,7.98,7.98137,1.00,1.00
2017.07.25 11:28:05.775,7.97979,7.98116,1.00,1.00
2017.07.25 11:28:06.080,7.97959,7.98094,1.00,1.00
2017.07.25 11:28:06.181,7.97939,7.98076,1.00,1.00
2017.07.25 11:28:06.876,7.97935,7.98072,1.00,1.00
2017.07.25 11:28:07.181,7.97931,7.98066,1.00,1.00
2017.07.25 11:28:07.819,7.97916,7.98053,1.00,1.00
2017.07.25 11:28:07.870,7.97906,7.98043,1.00,1.00
2017.07.25 11:28:08.209,7.97897,7.98034,1.00,1.00
2017.07.25 11:28:08.958,7.97884,7.98021,1.00,1.00
2017.07.25 11:28:09.262,7.9788,7.98017,1.00,1.00
2017.07.25 11:28:10.169,7.97883,7.9802,1.00,1.00
2017.07.25 11:28:11.488,7.97892,7.98029,1.00,1.00
2017.07.25 11:28:11.837,7.97864,7.98001,1.00,1.00
2017.07.25 11:28:12.479,7.97855,7.97992,1.00,1.00
2017.07.25 11:28:12.827,7.97846,7.97983,1.00,1.00
2017.07.25 11:28:13.475,7.97837,7.97974,1.00,1.00
2017.07.25 11:28:13.881,7.9783,7.97967,1.00,1.00
2017.07.25 11:28:14.381,7.97824,7.97961,1.00,1.00
2017.07.25 11:28:15.382,7.97821,7.97956,1.00,1.00
2017.07.25 11:28:15.760,7.97825,7.9796,1.00,1.00
2017.07.25 11:28:16.342,7.97837,7.97972,1.00,1.00
2017.07.25 11:28:16.841,7.97825,7.97962,1.00,1.00
2017.07.25 11:28:17.298,7.97809,7.97949,1.00,1.00
2017.07.25 11:28:20.171,7.97811,7.97951,1.00,1.00
2017.07.25 11:28:20.491,7.97816,7.97938,1.00,1.00
2017.07.25 11:28:20.802,7.97832,7.97956,1.00,1.00
2017.07.25 11:28:21.141,7.97823,7.97947,1.00,1.00
2017.07.25 11:28:21.591,7.97836,7.9796,1.00,1.00
2017.07.25 11:28:22.660,7.97823,7.97945,1.00,1.00
2017.07.25 11:28:24.909,7.97838,7.97962,1.00,1.00
2017.07.25 11:28:25.021,7.97822,7.97946,1.00,1.00
2017.07.25 11:28:26.463,7.97824,7.97948,1.00,1.00
2017.07.25 11:28:26.854,7.97833,7.97957,1.00,1.00
2017.07.25 11:28:27.621,7.97824,7.97948,1.00,1.00
2017.07.25 11:28:27.932,7.97826,7.9795,1.00,1.00
2017.07.25 11:28:28.262,7.97838,7.97962,1.00,1.00
2017.07.25 11:28:28.972,7.97837,7.97961,1.00,1.00
2017.07.25 11:28:32.297,7.97842,7.97966,1.00,1.00
2017.07.25 11:28:33.446,7.97837,7.9796,1.00,1.00
2017.07.25 11:28:33.978,7.97836,7.9796,1.00,1.00
2017.07.25 11:28:34.360,7.97841,7.97963,1.00,1.00
2017.07.25 11:28:35.165,7.97846,7.9797,1.00,1.00
2017.07.25 11:28:39.596,7.97848,7.97972,1.00,1.00
2017.07.25 11:28:40.606,7.97866,7.9799,1.00,1.00
2017.07.25 11:28:41.575,7.97872,7.97996,1.00,1.00
2017.07.25 11:28:42.376,7.97878,7.98002,1.00,1.00
2017.07.25 11:28:42.680,7.97869,7.97993,1.00,1.00
2017.07.25 11:28:43.078,7.9786,7.97984,1.00,1.00
2017.07.25 11:28:44.075,7.97853,7.97977,1.00,1.00
2017.07.25 11:28:44.405,7.97855,7.97977,1.00,1.00
2017.07.25 11:28:44.507,7.97864,7.97988,1.00,1.00
2017.07.25 11:28:44.712,7.97873,7.97998,1.00,1.00
2017.07.25 11:28:45.678,7.9787,7.97994,1.00,1.00
2017.07.25 11:28:47.419,7.97865,7.97989,1.00,1.00
2017.07.25 11:28:49.098,7.97862,7.97987,1.00,1.00
2017.07.25 11:28:50.194,7.97863,7.97987,1.00,1.00
2017.07.25 11:28:51.737,7.97867,7.97991,1.00,1.00
2017.07.25 11:28:52.237,7.97876,7.97998,1.00,1.00
2017.07.25 11:28:52.731,7.97879,7.98004,1.00,1.00
2017.07.25 11:28:53.637,7.97874,7.97998,1.00,1.00
2017.07.25 11:28:53.941,7.97858,7.9798,1.00,1.00
2017.07.25 11:28:54.670,7.97861,7.97985,1.00,1.00
2017.07.25 11:28:55.476,7.97869,7.97993,1.00,1.00
2017.07.25 11:28:55.922,7.97879,7.98003,1.00,1.00
2017.07.25 11:28:56.523,7.9788,7.98004,1.00,1.00
2017.07.25 11:28:56.995,7.97872,7.97996,1.00,1.00
2017.07.25 11:28:57.046,7.97862,7.97987,1.00,1.00
2017.07.25 11:28:57.275,7.97879,7.98003,1.00,1.00
2017.07.25 11:28:57.658,7.97869,7.97991,1.00,1.00
2017.07.25 11:28:57.709,7.97867,7.97991,1.00,1.00
2017.07.25 11:29:02.430,7.97862,7.97986,1.00,1.00
2017.07.25 11:29:03.466,7.97887,7.98009,1.00,1.00
2017.07.25 11:29:04.068,7.97879,7.98003,1.00,1.00
2017.07.25 11:29:05.044,7.97872,7.97996,1.00,1.00
2017.07.25 11:29:06.047,7.97871,7.97993,1.00,1.00
2017.07.25 11:29:08.729,7.97969,7.98071,1.00,1.00
2017.07.25 11:29:08.780,7.97969,7.98088,1.00,1.00
2017.07.25 11:29:08.831,7.97993,7.98116,1.00,1.00
2017.07.25 11:29:08.933,7.98023,7.98145,1.00,1.00
2017.07.25 11:29:09.560,7.98051,7.98175,1.00,1.00
2017.07.25 11:29:09.764,7.98026,7.9815,1.00,1.00
2017.07.25 11:29:09.916,7.98019,7.98144,1.00,1.00
2017.07.25 11:29:10.920,7.98021,7.98145,1.00,1.00
2017.07.25 11:29:11.421,7.98022,7.98145,1.00,1.00
2017.07.25 11:29:11.726,7.98031,7.98154,1.00,1.00
2017.07.25 11:29:12.774,7.98034,7.98158,1.00,1.00
2017.07.25 11:29:12.956,7.98024,7.98148,1.00,1.00
2017.07.25 11:29:13.999,7.98037,7.98147,1.50,1.00
2017.07.25 11:29:14.050,7.98086,7.98204,1.00,1.00
2017.07.25 11:29:14.101,7.98086,7.98206,1.00,1.00
2017.07.25 11:29:14.202,7.98054,7.98176,1.00,1.00
2017.07.25 11:29:15.895,7.98064,7.98186,1.00,1.00
2017.07.25 11:29:16.149,7.9806,7.98184,1.00,1.00
2017.07.25 11:29:16.324,7.98054,7.98178,1.00,1.00
2017.07.25 11:29:16.628,7.98031,7.98155,1.00,1.00
2017.07.25 11:29:17.138,7.98045,7.98168,1.00,1.00
2017.07.25 11:29:17.851,7.98039,7.98163,1.00,1.00
2017.07.25 11:29:18.032,7.98006,7.9813,1.00,1.00
2017.07.25 11:29:18.904,7.98002,7.98125,1.00,1.00
2017.07.25 11:29:19.107,7.97995,7.98119,1.00,1.00
2017.07.25 11:29:19.604,7.98015,7.98138,1.00,1.00
2017.07.25 11:29:20.635,7.98016,7.9814,1.00,1.00
2017.07.25 11:29:21.148,7.98008,7.9813,1.00,1.00
2017.07.25 11:29:21.747,7.98012,7.98135,1.00,1.00
2017.07.25 11:29:21.798,7.9802,7.98143,1.00,1.00
2017.07.25 11:29:22.513,7.98019,7.98143,1.00,1.00
2017.07.25 11:29:24.027,7.98024,7.98148,1.00,1.00
2017.07.25 11:29:24.911,7.98024,7.98146,1.00,1.00
2017.07.25 11:29:25.753,7.98041,7.98163,1.00,1.00
2017.07.25 11:29:25.804,7.98027,7.9815,1.00,1.00
2017.07.25 11:29:25.905,7.98037,7.9816,1.00,1.00
2017.07.25 11:29:26.199,7.98047,7.98171,1.00,1.00
2017.07.25 11:29:26.499,7.98049,7.98171,1.00,1.00
2017.07.25 11:29:27.193,7.98054,7.98176,1.00,1.00
2017.07.25 11:29:27.253,7.9807,7.98193,1.00,1.00
2017.07.25 11:29:28.193,7.98075,7.98199,1.00,1.00
2017.07.25 11:29:28.297,7.98079,7.98204,1.00,1.00
2017.07.25 11:29:28.800,7.9808,7.98204,1.00,1.00
2017.07.25 11:29:28.933,7.98091,7.98212,1.00,1.00
2017.07.25 11:29:29.358,7.98085,7.98208,1.00,1.00
2017.07.25 11:29:30.381,7.98075,7.98199,1.00,1.00
2017.07.25 11:29:34.383,7.98064,7.98188,1.00,1.00
2017.07.25 11:29:34.687,7.9805,7.98174,1.00,1.00
2017.07.25 11:29:35.089,7.98066,7.98189,1.00,1.00
2017.07.25 11:29:35.856,7.98068,7.98191,1.00,1.00
2017.07.25 11:29:36.435,7.98082,7.98203,1.00,1.00
2017.07.25 11:29:36.622,7.9807,7.98194,1.00,1.00
2017.07.25 11:29:37.771,7.9807,7.98193,1.00,1.00
2017.07.25 11:29:37.923,7.98086,7.98208,1.00,1.00
2017.07.25 11:29:38.025,7.98096,7.98219,1.00,1.00
2017.07.25 11:29:38.126,7.98109,7.98231,1.00,1.00
2017.07.25 11:29:38.755,7.98117,7.98241,1.00,1.00
2017.07.25 11:29:39.447,7.98134,7.98257,1.00,1.00
2017.07.25 11:29:40.427,7.98139,7.98262,1.00,1.00
2017.07.25 11:29:41.614,7.98138,7.98261,1.00,1.00
2017.07.25 11:29:42.127,7.98155,7.98276,1.00,1.00
2017.07.25 11:29:42.178,7.98151,7.98274,1.00,1.00
2017.07.25 11:29:43.044,7.98141,7.98264,1.00,1.00
2017.07.25 11:29:44.902,7.98135,7.98259,1.00,1.00
2017.07.25 11:29:44.953,7.98126,7.98249,1.00,1.00
2017.07.25 11:29:45.293,7.98119,7.98242,1.00,1.00
2017.07.25 11:29:46.912,7.98096,7.9822,1.00,1.00
2017.07.25 11:29:47.450,7.98063,7.98217,1.00,1.00
2017.07.25 11:29:47.501,7.981,7.98224,1.00,1.00
2017.07.25 11:29:48.912,7.98095,7.98218,1.00,1.00
2017.07.25 11:29:48.963,7.98055,7.98215,1.00,1.00
2017.07.25 11:29:49.242,7.98059,7.98215,1.00,1.00
2017.07.25 11:29:49.558,7.98055,7.98215,1.00,1.00
2017.07.25 11:29:49.898,7.98061,7.98221,1.00,1.00
2017.07.25 11:29:50.380,7.98057,7.98217,1.00,1.00
2017.07.25 11:29:50.685,7.9805,7.98174,1.00,1.00
2017.07.25 11:29:51.158,7.98053,7.98177,1.00,1.00
2017.07.25 11:29:51.837,7.98042,7.98183,1.00,1.00
2017.07.25 11:29:52.668,7.98047,7.98188,1.00,1.00
2017.07.25 11:29:53.312,7.98052,7.98175,1.00,1.00
2017.07.25 11:29:55.369,7.98056,7.9818,1.00,1.00
2017.07.25 11:29:55.969,7.98064,7.98188,1.00,1.00
2017.07.25 11:29:56.439,7.98073,7.98197,1.00,1.00
2017.07.25 11:29:57.442,7.98072,7.98196,1.00,1.00
2017.07.25 11:29:58.442,7.98069,7.98192,1.00,1.00
2017.07.25 11:29:59.973,7.98068,7.98189,1.00,1.00
2017.07.25 11:30:00.307,7.98077,7.982,1.00,1.00
2017.07.25 11:30:00.975,7.98067,7.98191,1.00,1.00
2017.07.25 11:30:01.992,7.98066,7.98189,1.00,1.00
2017.07.25 11:30:03.472,7.98074,7.98198,1.00,1.00
2017.07.25 11:30:03.525,7.98078,7.98202,1.00,1.00
2017.07.25 11:30:04.101,7.98067,7.9819,1.00,1.00
2017.07.25 11:30:04.152,7.98068,7.98205,1.00,1.00
2017.07.25 11:30:04.792,7.98061,7.98197,1.00,1.00
2017.07.25 11:30:05.093,7.98054,7.9819,1.00,1.00
2017.07.25 11:30:05.857,7.98054,7.98178,1.00,1.00
2017.07.25 11:30:06.859,7.98052,7.98174,1.00,1.00
2017.07.25 11:30:07.861,7.98055,7.98178,1.00,1.00
2017.07.25 11:30:08.037,7.98062,7.98186,1.00,1.00
2017.07.25 11:30:08.727,7.98054,7.98177,1.00,1.00
2017.07.25 11:30:10.367,7.98058,7.98181,1.00,1.00
2017.07.25 11:30:10.711,7.98056,7.98179,1.00,1.00
2017.07.25 11:30:11.710,7.98058,7.98181,1.00,1.00
2017.07.25 11:30:12.587,7.9805,7.98174,1.00,1.00
2017.07.25 11:30:13.199,7.98051,7.98185,1.00,1.00
2017.07.25 11:30:19.066,7.98046,7.98182,1.00,1.00
2017.07.25 11:30:19.992,7.98048,7.98185,1.00,1.00
2017.07.25 11:30:20.957,7.98049,7.98173,1.00,1.00
2017.07.25 11:30:22.266,7.98056,7.98177,1.00,1.00
2017.07.25 11:30:23.219,7.98059,7.98182,1.00,1.00
2017.07.25 11:30:24.127,7.98052,7.98175,1.00,1.00
2017.07.25 11:30:26.704,7.98051,7.98175,1.00,1.00
2017.07.25 11:30:27.705,7.98049,7.98172,1.00,1.00
2017.07.25 11:30:27.889,7.98038,7.98174,1.00,1.00
2017.07.25 11:30:29.675,7.9802,7.98158,1.00,1.00
2017.07.25 11:30:29.726,7.98005,7.98143,1.00,1.00
2017.07.25 11:30:30.059,7.97969,7.98107,1.00,1.00
2017.07.25 11:30:30.161,7.97973,7.98112,1.00,1.00
2017.07.25 11:30:31.634,7.97991,7.98131,1.00,1.00
2017.07.25 11:30:31.737,7.98,7.98139,1.00,1.00
2017.07.25 11:30:32.611,7.97994,7.98133,1.00,1.00
2017.07.25 11:30:33.355,7.9799,7.98129,1.00,1.00
2017.07.25 11:30:33.761,7.97978,7.98117,1.00,1.00
2017.07.25 11:30:34.237,7.97992,7.98116,1.00,1.00
2017.07.25 11:30:34.717,7.97998,7.9812,1.00,1.00
2017.07.25 11:30:34.978,7.97989,7.98113,1.00,1.00
2017.07.25 11:30:35.936,7.97993,7.98117,1.00,1.00
2017.07.25 11:30:36.455,7.97999,7.98123,1.00,1.00
2017.07.25 11:30:37.062,7.97992,7.98117,1.00,1.00
2017.07.25 11:30:38.321,7.97997,7.98121,1.00,1.00
2017.07.25 11:30:39.268,7.98004,7.98128,1.00,1.00
2017.07.25 11:30:39.369,7.97992,7.98141,1.00,1.00
2017.07.25 11:30:39.420,7.97994,7.98153,1.00,1.00
2017.07.25 11:30:39.522,7.97993,7.98149,1.00,1.00
2017.07.25 11:30:39.861,7.97994,7.98153,1.00,1.00
2017.07.25 11:30:40.181,7.97994,7.98135,1.00,1.00
2017.07.25 11:30:40.707,7.97999,7.98124,1.00,1.00
2017.07.25 11:30:41.556,7.97999,7.98123,1.00,1.00
2017.07.25 11:30:41.800,7.97994,7.98134,1.00,1.00
2017.07.25 11:30:42.919,7.97994,7.98137,1.00,1.00
2017.07.25 11:30:43.559,7.97999,7.98123,1.00,1.00
2017.07.25 11:30:45.078,7.97999,7.98124,1.00,1.00
2017.07.25 11:30:46.107,7.97995,7.98136,1.00,1.00
2017.07.25 11:30:47.231,7.97991,7.98133,1.00,1.00
2017.07.25 11:30:48.086,7.97996,7.98137,1.00,1.00
2017.07.25 11:30:48.888,7.98006,7.98147,1.00,1.00
2017.07.25 11:30:49.658,7.98017,7.98142,1.00,1.00
2017.07.25 11:30:50.435,7.98015,7.98137,1.00,1.00
2017.07.25 11:30:52.364,7.98019,7.98143,1.00,1.00
2017.07.25 11:30:52.692,7.98019,7.9816,1.00,1.00
2017.07.25 11:30:53.216,7.98017,7.9814,1.00,1.00
2017.07.25 11:30:53.266,7.98028,7.98177,1.00,1.00
2017.07.25 11:30:53.317,7.98045,7.98169,1.00,1.00
2017.07.25 11:30:53.368,7.98041,7.98184,1.00,1.00
2017.07.25 11:30:54.358,7.98037,7.98181,1.00,1.00
2017.07.25 11:30:54.872,7.98043,7.98187,1.00,1.00
2017.07.25 11:30:55.864,7.98046,7.98191,1.00,1.00
2017.07.25 11:30:56.303,7.9804,7.98185,1.00,1.00
2017.07.25 11:30:57.252,7.98036,7.98182,1.00,1.00
2017.07.25 11:30:58.255,7.98032,7.98178,1.00,1.00
2017.07.25 11:30:58.701,7.98029,7.98173,1.00,1.00
2017.07.25 11:30:59.257,7.98033,7.98179,1.00,1.00
2017.07.25 11:31:00.699,7.98036,7.98182,1.00,1.00
2017.07.25 11:31:01.024,7.98033,7.98177,1.00,1.00
2017.07.25 11:31:01.282,7.98045,7.98191,1.00,1.00
2017.07.25 11:31:01.743,7.98038,7.98183,1.00,1.00
2017.07.25 11:31:02.166,7.9803,7.98176,1.00,1.00
2017.07.25 11:31:02.324,7.98023,7.98169,1.00,1.00
2017.07.25 11:31:02.800,7.98033,7.98177,1.00,1.00
2017.07.25 11:31:03.472,7.98028,7.98173,1.00,1.00
2017.07.25 11:31:04.279,7.9803,7.98168,1.00,1.00
2017.07.25 11:31:04.610,7.98007,7.98145,1.00,1.00
2017.07.25 11:31:05.020,7.97993,7.98133,1.00,1.00
2017.07.25 11:31:05.572,7.97998,7.98138,1.00,1.00
2017.07.25 11:31:05.887,7.9801,7.98134,1.00,1.00
2017.07.25 11:31:05.938,7.98021,7.98146,1.00,1.00
2017.07.25 11:31:06.400,7.9801,7.98134,1.00,1.00
2017.07.25 11:31:07.430,7.98006,7.9813,1.00,1.00
2017.07.25 11:31:07.867,7.97997,7.98122,1.00,1.00
2017.07.25 11:31:08.898,7.98002,7.98126,1.00,1.00
2017.07.25 11:31:08.950,7.97997,7.98122,1.00,1.00
2017.07.25 11:31:09.829,7.97993,7.98117,1.00,1.00
2017.07.25 11:31:10.898,7.98009,7.98133,1.00,1.00
2017.07.25 11:31:11.092,7.97986,7.98111,1.00,1.00
2017.07.25 11:31:11.194,7.97976,7.98101,1.00,1.00
2017.07.25 11:31:12.176,7.97975,7.98101,1.00,1.00
2017.07.25 11:31:12.480,7.97996,7.98122,1.00,1.00
2017.07.25 11:31:12.683,7.97991,7.98135,1.00,1.00
2017.07.25 11:31:12.734,7.98026,7.98152,1.00,1.00
2017.07.25 11:31:13.038,7.98045,7.98171,1.00,1.00
2017.07.25 11:31:14.118,7.98056,7.9818,1.00,1.00
2017.07.25 11:31:14.431,7.98025,7.98145,1.00,1.00
2017.07.25 11:31:14.542,7.98007,7.98145,1.00,1.00
2017.07.25 11:31:15.048,7.98006,7.98145,1.00,1.00
2017.07.25 11:31:15.340,7.98006,7.98148,1.00,1.00
2017.07.25 11:31:15.701,7.98006,7.98152,1.00,1.00
2017.07.25 11:31:15.905,7.98006,7.9816,1.00,1.00
2017.07.25 11:31:16.006,7.98013,7.98168,1.00,1.00
2017.07.25 11:31:16.108,7.98014,7.98151,1.00,1.00
2017.07.25 11:31:18.363,7.98015,7.98153,1.00,1.00
2017.07.25 11:31:19.308,7.98018,7.98142,1.00,1.00
2017.07.25 11:31:19.620,7.98006,7.98124,1.00,1.00
2017.07.25 11:31:20.732,7.98012,7.98124,1.00,1.00
2017.07.25 11:31:20.783,7.98012,7.98143,1.00,1.00
2017.07.25 11:31:20.884,7.98038,7.98162,1.00,1.00
2017.07.25 11:31:21.735,7.98045,7.98169,1.00,1.00
2017.07.25 11:31:22.745,7.9804,7.98161,1.00,1.00
2017.07.25 11:31:22.796,7.98037,7.98178,1.00,1.00
2017.07.25 11:31:22.948,7.98066,7.98189,1.00,1.00
2017.07.25 11:31:23.944,7.98068,7.98189,1.00,1.00
2017.07.25 11:31:24.722,7.98045,7.98181,1.00,1.00
2017.07.25 11:31:25.027,7.98035,7.98181,1.00,1.00
2017.07.25 11:31:27.076,7.98035,7.98175,1.00,1.00
2017.07.25 11:31:27.178,7.98027,7.98175,1.00,1.00
2017.07.25 11:31:27.229,7.98057,7.98181,1.00,1.00
2017.07.25 11:31:28.224,7.98061,7.98185,1.00,1.00
2017.07.25 11:31:28.525,7.98069,7.98193,1.00,1.00
2017.07.25 11:31:28.728,7.98045,7.98188,1.00,1.00
2017.07.25 11:31:28.779,7.98063,7.98188,1.00,1.00
2017.07.25 11:31:29.094,7.98055,7.98188,1.00,1.00
2017.07.25 11:31:29.725,7.98055,7.98186,1.00,1.00
2017.07.25 11:31:30.305,7.98046,7.98186,1.00,1.00
2017.07.25 11:31:30.639,7.98046,7.98167,1.00,1.00
2017.07.25 11:31:30.920,7.98021,7.98152,1.00,1.00
2017.07.25 11:31:31.021,7.98009,7.98152,1.00,1.00
2017.07.25 11:31:31.123,7.9801,7.9815,1.00,1.00
2017.07.25 11:31:32.378,7.98005,7.98147,1.00,1.00
2017.07.25 11:31:32.430,7.97999,7.98142,1.00,1.00
2017.07.25 11:31:32.617,7.97998,7.98135,1.00,1.00
2017.07.25 11:31:32.729,7.97992,7.98135,1.00,1.00
2017.07.25 11:31:32.882,7.9799,7.98125,1.00,1.00
2017.07.25 11:31:33.034,7.97987,7.98125,1.00,1.00
2017.07.25 11:31:33.459,7.9799,7.98133,1.00,1.00
2017.07.25 11:31:33.853,7.97987,7.98122,1.00,1.00
2017.07.25 11:31:34.158,7.97992,7.98116,1.00,1.00
2017.07.25 11:31:34.595,7.97987,7.98125,1.00,1.00
2017.07.25 11:31:34.696,7.97985,7.98125,1.00,1.00
2017.07.25 11:31:34.848,7.97982,7.98125,1.00,1.00
2017.07.25 11:31:35.591,7.97984,7.98126,1.00,1.00
2017.07.25 11:31:36.322,7.9799,7.98132,1.00,1.00
2017.07.25 11:31:37.986,7.98007,7.98147,1.00,1.00
2017.07.25 11:31:38.275,7.98035,7.98178,1.00,1.00
2017.07.25 11:31:38.632,7.98047,7.98189,1.00,1.00
2017.07.25 11:31:39.298,7.98051,7.98194,1.00,1.00
2017.07.25 11:31:41.342,7.98048,7.9819,1.00,1.00
2017.07.25 11:31:41.930,7.9804,7.9818,1.00,1.00
2017.07.25 11:31:42.039,7.98044,7.98186,1.00,1.00
2017.07.25 11:31:43.040,7.98033,7.9818,1.00,1.00
2017.07.25 11:31:43.214,7.98039,7.98183,1.00,1.00
2017.07.25 11:31:44.224,7.98042,7.98187,1.00,1.00
2017.07.25 11:31:47.858,7.9805,7.98195,1.00,1.00
2017.07.25 11:31:48.009,7.98057,7.98203,1.00,1.00
2017.07.25 11:31:49.369,7.98057,7.98198,1.00,1.00
2017.07.25 11:31:49.771,7.98049,7.9819,1.00,1.00
2017.07.25 11:31:49.961,7.98039,7.98182,1.00,1.00
2017.07.25 11:31:50.921,7.98041,7.98184,1.00,1.00
2017.07.25 11:31:51.249,7.98035,7.98178,1.00,1.00
2017.07.25 11:31:52.014,7.98034,7.98177,1.00,1.00
2017.07.25 11:31:53.676,7.98038,7.98181,1.00,1.00
2017.07.25 11:31:56.884,7.98036,7.98179,1.00,1.00
2017.07.25 11:31:57.488,7.98042,7.98185,1.00,1.00
2017.07.25 11:31:57.888,7.98047,7.98191,1.00,1.00
2017.07.25 11:31:58.070,7.98045,7.98185,1.00,1.00
2017.07.25 11:31:58.418,7.98036,7.98176,1.00,1.00
2017.07.25 11:31:59.077,7.98029,7.98169,1.00,1.00
2017.07.25 11:31:59.288,7.98034,7.98175,1.00,1.00
2017.07.25 11:32:00.124,7.9803,7.98174,1.00,1.00
2017.07.25 11:32:00.175,7.98012,7.98136,1.00,1.00
2017.07.25 11:32:00.489,7.98005,7.98127,1.00,1.00
2017.07.25 11:32:01.395,7.98009,7.98133,1.00,1.00
2017.07.25 11:32:01.548,7.97967,7.98091,1.00,1.00
2017.07.25 11:32:01.852,7.97852,7.97976,1.00,1.00
2017.07.25 11:32:02.259,7.97877,7.98001,1.00,1.00
2017.07.25 11:32:02.619,7.97899,7.98023,1.00,1.00
2017.07.25 11:32:02.953,7.97909,7.98033,1.00,1.00
2017.07.25 11:32:03.475,7.97903,7.98027,1.00,1.00
2017.07.25 11:32:04.004,7.97921,7.98043,1.00,1.00
2017.07.25 11:32:04.380,7.97912,7.98034,1.00,1.00
2017.07.25 11:32:05.024,7.97908,7.98029,1.00,1.00
2017.07.25 11:32:05.529,7.97908,7.9803,1.00,1.00
2017.07.25 11:32:05.580,7.97899,7.98023,1.00,1.00
2017.07.25 11:32:05.783,7.9789,7.98014,1.00,1.00
2017.07.25 11:32:06.800,7.979,7.98024,1.00,1.00
2017.07.25 11:32:07.127,7.97905,7.98029,1.00,1.00
2017.07.25 11:32:08.373,7.97911,7.98036,1.00,1.00
2017.07.25 11:32:09.843,7.97905,7.98029,1.00,1.00
2017.07.25 11:32:10.297,7.9791,7.98034,1.00,1.00
2017.07.25 11:32:10.792,7.97905,7.98029,1.00,1.00
2017.07.25 11:32:11.067,7.979,7.98025,1.00,1.00
2017.07.25 11:32:11.837,7.97896,7.9802,1.00,1.00
2017.07.25 11:32:12.896,7.97898,7.98022,1.00,1.00
2017.07.25 11:32:13.391,7.97894,7.98016,1.00,1.00
2017.07.25 11:32:13.442,7.97883,7.98007,1.00,1.00
2017.07.25 11:32:14.050,7.97894,7.98018,1.00,1.00
2017.07.25 11:32:14.964,7.97893,7.98018,1.00,1.00
2017.07.25 11:32:15.626,7.97906,7.98031,1.00,1.00
2017.07.25 11:32:16.555,7.9793,7.98054,1.00,1.00
2017.07.25 11:32:17.117,7.9792,7.98044,1.00,1.00
2017.07.25 11:32:17.538,7.97915,7.98039,1.00,1.00
2017.07.25 11:32:18.141,7.97909,7.98033,1.00,1.00
2017.07.25 11:32:19.429,7.97908,7.98032,1.00,1.00
2017.07.25 11:32:20.448,7.9791,7.98034,1.00,1.00
2017.07.25 11:32:20.830,7.97904,7.98028,1.00,1.00
2017.07.25 11:32:21.180,7.97899,7.98023,1.00,1.00
2017.07.25 11:32:21.231,7.97887,7.98012,1.00,1.00
2017.07.25 11:32:21.923,7.9788,7.98004,1.00,1.00
2017.07.25 11:32:23.428,7.97886,7.98008,1.00,1.00
2017.07.25 11:32:25.746,7.97903,7.98027,1.00,1.00
2017.07.25 11:32:26.758,7.97907,7.98031,1.00,1.00
2017.07.25 11:32:27.253,7.97901,7.98023,1.00,1.00
2017.07.25 11:32:27.746,7.97913,7.98037,1.00,1.00
2017.07.25 11:32:28.297,7.9791,7.98032,1.00,1.00
2017.07.25 11:32:30.369,7.97891,7.98015,1.00,1.00
2017.07.25 11:32:32.622,7.97896,7.98021,1.00,1.00
2017.07.25 11:32:32.724,7.9789,7.98012,1.00,1.00
2017.07.25 11:32:33.718,7.97886,7.98011,1.00,1.00
2017.07.25 11:32:33.862,7.979,7.98025,1.00,1.00
2017.07.25 11:32:34.813,7.97899,7.98023,1.00,1.00
2017.07.25 11:32:35.092,7.97886,7.98011,1.00,1.00
2017.07.25 11:32:35.313,7.97902,7.98025,1.00,1.00
2017.07.25 11:32:37.246,7.97897,7.98019,1.00,1.00
2017.07.25 11:32:37.297,7.97892,7.98016,1.00,1.00
2017.07.25 11:32:37.349,7.97879,7.98001,1.00,1.00
2017.07.25 11:32:38.378,7.97879,7.98003,1.50,1.00
2017.07.25 11:32:40.521,7.9788,7.98004,1.00,1.00
2017.07.25 11:32:41.975,7.97882,7.98006,1.00,1.00
2017.07.25 11:32:43.187,7.97881,7.98003,1.00,1.00
2017.07.25 11:32:43.566,7.97898,7.98022,1.00,1.00
2017.07.25 11:32:44.805,7.97893,7.98016,1.00,1.00
2017.07.25 11:32:45.566,7.97879,7.98,1.00,1.00
2017.07.25 11:32:46.943,7.97859,7.97984,1.00,1.00
2017.07.25 11:32:46.994,7.97854,7.97979,1.00,1.00
2017.07.25 11:32:47.323,7.97845,7.97969,1.00,1.00
2017.07.25 11:32:47.374,7.97856,7.97981,1.00,1.00
2017.07.25 11:32:48.124,7.97864,7.97987,1.00,1.00
2017.07.25 11:32:48.327,7.97867,7.97992,1.00,1.00
2017.07.25 11:32:49.302,7.97868,7.97992,1.00,1.00
2017.07.25 11:32:49.994,7.97853,7.97977,1.00,1.00
2017.07.25 11:32:50.096,7.97845,7.9797,1.00,1.00
2017.07.25 11:32:50.299,7.97855,7.97977,1.00,1.00
2017.07.25 11:32:50.396,7.97869,7.97993,1.00,1.00
2017.07.25 11:32:51.247,7.97859,7.97982,1.00,1.00
2017.07.25 11:32:51.450,7.97843,7.97967,1.00,1.00
2017.07.25 11:32:51.502,7.97855,7.97979,1.00,1.00
2017.07.25 11:32:56.318,7.97861,7.97983,1.00,1.00
2017.07.25 11:32:56.369,7.97864,7.97989,1.00,1.00
2017.07.25 11:32:57.186,7.97856,7.9798,1.00,1.00
2017.07.25 11:32:58.224,7.9785,7.97974,1.00,1.00
2017.07.25 11:33:00.992,7.97853,7.97978,1.00,1.00
2017.07.25 11:33:01.044,7.97861,7.97985,1.00,1.00
2017.07.25 11:33:01.643,7.97862,7.97986,1.00,1.00
2017.07.25 11:33:02.002,7.97853,7.97976,1.00,1.00
2017.07.25 11:33:02.609,7.97849,7.97972,1.00,1.00
2017.07.25 11:33:02.966,7.97853,7.97976,1.00,1.00
2017.07.25 11:33:03.583,7.97848,7.97971,1.00,1.00
2017.07.25 11:33:04.243,7.97848,7.97972,1.00,1.00
2017.07.25 11:33:05.161,7.97851,7.97975,1.00,1.00
2017.07.25 11:33:05.634,7.97868,7.9799,1.00,1.00
2017.07.25 11:33:05.735,7.97907,7.9803,1.00,1.00
2017.07.25 11:33:05.837,7.97926,7.9805,1.00,1.00
2017.07.25 11:33:05.939,7.9786,7.97957,1.00,1.00
2017.07.25 11:33:06.115,7.97836,7.97957,1.00,1.00
2017.07.25 11:33:06.217,7.97824,7.97957,1.00,1.00
2017.07.25 11:33:06.420,7.97795,7.97918,1.00,1.00
2017.07.25 11:33:07.213,7.97791,7.97914,1.00,1.00
2017.07.25 11:33:08.055,7.97746,7.97899,1.00,1.00
2017.07.25 11:33:08.106,7.9774,7.97884,1.00,1.00
2017.07.25 11:33:08.410,7.97787,7.9791,1.00,1.00
2017.07.25 11:33:09.296,7.97786,7.97909,1.00,1.00
2017.07.25 11:33:10.299,7.97783,7.97904,1.00,1.00
2017.07.25 11:33:10.424,7.97787,7.9791,1.00,1.00
2017.07.25 11:33:11.300,7.97792,7.97916,1.00,1.00
2017.07.25 11:33:11.777,7.97801,7.97922,1.00,1.00
2017.07.25 11:33:12.796,7.97786,7.9791,1.00,1.00
2017.07.25 11:33:13.274,7.97794,7.97916,1.00,1.00
2017.07.25 11:33:13.325,7.97826,7.9795,1.00,1.00
2017.07.25 11:33:13.375,7.9781,7.97933,1.00,1.00
2017.07.25 11:33:14.266,7.97803,7.97926,1.00,1.00
2017.07.25 11:33:15.302,7.97807,7.9793,1.00,1.00
2017.07.25 11:33:15.827,7.97813,7.97935,1.00,1.00
2017.07.25 11:33:15.879,7.97782,7.97935,1.00,1.00
2017.07.25 11:33:15.930,7.97777,7.97906,1.00,1.00
2017.07.25 11:33:16.234,7.9778,7.97903,1.00,1.00
2017.07.25 11:33:17.171,7.97783,7.97906,1.00,1.00
2017.07.25 11:33:17.344,7.97802,7.97926,1.00,1.00
2017.07.25 11:33:17.396,7.97792,7.97915,1.00,1.00
2017.07.25 11:33:17.700,7.97808,7.97931,1.00,1.00
2017.07.25 11:33:18.039,7.97801,7.97924,1.00,1.00
2017.07.25 11:33:18.140,7.9778,7.97904,1.50,1.00
2017.07.25 11:33:19.116,7.97787,7.97911,1.00,1.00
2017.07.25 11:33:19.419,7.97795,7.97918,1.00,1.00
2017.07.25 11:33:20.103,7.97789,7.97912,1.00,1.00
2017.07.25 11:33:21.122,7.97785,7.97909,1.00,1.00
2017.07.25 11:33:22.108,7.97785,7.97908,1.00,1.00
2017.07.25 11:33:23.458,7.97781,7.97905,1.00,1.00
2017.07.25 11:33:24.412,7.97785,7.97909,1.00,1.00
2017.07.25 11:33:26.113,7.97797,7.9792,1.00,1.00
2017.07.25 11:33:26.164,7.97815,7.97939,1.00,1.00
2017.07.25 11:33:26.468,7.97785,7.97908,1.00,1.00
2017.07.25 11:33:26.591,7.978,7.97924,1.00,1.00
2017.07.25 11:33:27.498,7.97802,7.97925,1.00,1.00
2017.07.25 11:33:28.059,7.97801,7.97923,1.00,1.00
2017.07.25 11:33:28.481,7.9781,7.97934,1.00,1.00
2017.07.25 11:33:30.131,7.97794,7.97922,1.00,1.00
2017.07.25 11:33:32.293,7.97805,7.97949,1.00,1.00
2017.07.25 11:33:32.394,7.97813,7.97936,1.00,1.00
2017.07.25 11:33:32.698,7.97831,7.97954,1.00,1.00
2017.07.25 11:33:33.487,7.9783,7.97951,1.00,1.00
2017.07.25 11:33:34.190,7.97821,7.97945,1.00,1.00
2017.07.25 11:33:35.124,7.97822,7.97943,1.00,1.00
2017.07.25 11:33:35.961,7.97829,7.97952,1.00,1.00
2017.07.25 11:33:40.313,7.97834,7.97955,1.00,1.00
2017.07.25 11:33:40.364,7.97845,7.97968,1.00,1.00
2017.07.25 11:33:40.465,7.97837,7.9796,1.00,1.00
2017.07.25 11:33:41.417,7.97834,7.97957,1.00,1.00
2017.07.25 11:33:43.279,7.97829,7.97952,1.00,1.00
2017.07.25 11:33:45.724,7.97826,7.97949,1.00,1.00
2017.07.25 11:33:46.502,7.97825,7.97942,1.00,1.00
2017.07.25 11:33:46.726,7.97825,7.97946,1.00,1.00
2017.07.25 11:33:47.727,7.97825,7.97948,1.50,1.00
2017.07.25 11:33:48.728,7.97825,7.97945,1.00,1.00
2017.07.25 11:33:49.330,7.97827,7.97951,1.00,1.00
2017.07.25 11:33:49.729,7.97833,7.97956,1.00,1.00
2017.07.25 11:33:57.124,7.97835,7.97958,1.00,1.00
2017.07.25 11:33:58.344,7.97838,7.97961,1.00,1.00
2017.07.25 11:33:58.714,7.97849,7.9797,1.00,1.00
2017.07.25 11:33:59.468,7.97845,7.97966,1.00,1.00
2017.07.25 11:34:01.400,7.97852,7.97976,1.00,1.00
2017.07.25 11:34:01.451,7.97845,7.97966,1.00,1.00
2017.07.25 11:34:01.808,7.97836,7.97959,1.00,1.00
2017.07.25 11:34:01.910,7.97825,7.97945,1.00,1.00
2017.07.25 11:34:02.827,7.97826,7.9795,1.00,1.00
2017.07.25 11:34:03.677,7.97834,7.97957,1.00,1.00
2017.07.25 11:34:04.638,7.97839,7.97962,1.00,1.00
2017.07.25 11:34:07.594,7.97838,7.97962,1.00,1.00
2017.07.25 11:34:08.124,7.97828,7.97952,1.00,1.00
2017.07.25 11:34:09.083,7.9783,7.97954,1.00,1.00
2017.07.25 11:34:09.742,7.97825,7.97945,1.00,1.00
2017.07.25 11:34:12.757,7.97827,7.97949,1.00,1.00
2017.07.25 11:34:13.758,7.97827,7.97951,1.00,1.00
2017.07.25 11:34:16.783,7.97827,7.9796,1.00,1.00
2017.07.25 11:34:16.885,7.97836,7.97969,1.00,1.00
2017.07.25 11:34:17.816,7.97838,7.97969,1.00,1.00
2017.07.25 11:34:19.669,7.97843,7.97976,1.00,1.00
2017.07.25 11:34:20.855,7.97844,7.97978,1.00,1.00
2017.07.25 11:34:26.458,7.97848,7.97979,1.00,1.00
2017.07.25 11:34:27.479,7.97849,7.9798,1.00,1.00
2017.07.25 11:34:27.562,7.97851,7.97991,1.00,1.00
2017.07.25 11:34:28.501,7.97851,7.97995,1.00,1.00
2017.07.25 11:34:33.151,7.97841,7.97985,1.00,1.00
2017.07.25 11:34:33.658,7.97833,7.97975,1.00,1.00
2017.07.25 11:34:34.698,7.97832,7.97979,1.00,1.00
2017.07.25 11:34:35.885,7.97831,7.97978,1.00,1.00
2017.07.25 11:34:36.476,7.97849,7.97996,1.00,1.00
2017.07.25 11:34:36.680,7.97836,7.97984,1.00,1.00
2017.07.25 11:34:37.678,7.97835,7.97982,1.00,1.00
2017.07.25 11:34:38.275,7.97839,7.97986,1.00,1.00
2017.07.25 11:34:42.215,7.97838,7.97986,1.00,1.00
2017.07.25 11:34:43.388,7.97842,7.97989,1.00,1.00
2017.07.25 11:34:44.388,7.97842,7.9799,1.00,1.00
2017.07.25 11:34:49.729,7.97856,7.97989,1.00,1.00
2017.07.25 11:34:50.955,7.97855,7.97988,1.00,1.00
2017.07.25 11:34:54.580,7.97858,7.97992,1.00,1.00
2017.07.25 11:34:54.631,7.97868,7.98001,1.00,1.00
2017.07.25 11:34:56.736,7.9788,7.98011,1.00,1.00
2017.07.25 11:34:57.171,7.97866,7.98,1.00,1.00
2017.07.25 11:34:57.678,7.97852,7.98007,1.00,1.00
2017.07.25 11:34:58.430,7.97846,7.98007,1.00,1.00
2017.07.25 11:34:59.232,7.97868,7.98002,1.00,1.00
2017.07.25 11:34:59.541,7.9789,7.98021,1.00,1.00
2017.07.25 11:35:00.538,7.97892,7.98025,1.00,1.00
2017.07.25 11:35:01.758,7.97897,7.98039,1.00,1.00
2017.07.25 11:35:01.910,7.97906,7.98037,1.00,1.00
2017.07.25 11:35:02.932,7.97904,7.98037,1.00,1.00
2017.07.25 11:35:04.760,7.97907,7.9804,1.00,1.00
2017.07.25 11:35:05.228,7.97903,7.98036,1.00,1.00
2017.07.25 11:35:05.762,7.97908,7.98041,1.00,1.00
2017.07.25 11:35:06.098,7.97904,7.98037,1.00,1.00
2017.07.25 11:35:06.810,7.97899,7.98033,1.00,1.00
2017.07.25 11:35:12.276,7.97898,7.98031,1.00,1.00
2017.07.25 11:35:13.493,7.97902,7.98035,1.00,1.00
2017.07.25 11:35:14.661,7.97908,7.98041,1.00,1.00
2017.07.25 11:35:15.615,7.97911,7.98045,1.00,1.00
2017.07.25 11:35:15.941,7.97916,7.98049,1.00,1.00
2017.07.25 11:35:16.887,7.97922,7.98055,1.00,1.00
2017.07.25 11:35:18.283,7.97915,7.98073,1.00,1.00
2017.07.25 11:35:18.334,7.9787,7.97994,1.00,1.00
2017.07.25 11:35:18.385,7.97861,7.97994,1.00,1.00
2017.07.25 11:35:18.515,7.97863,7.97997,1.00,1.00
2017.07.25 11:35:18.719,7.97887,7.98049,1.00,1.00
2017.07.25 11:35:18.770,7.97876,7.98009,1.00,1.00
2017.07.25 11:35:19.076,7.97833,7.97965,1.00,1.00
2017.07.25 11:35:19.733,7.97839,7.9797,1.00,1.00
2017.07.25 11:35:20.381,7.9786,7.97994,1.00,1.00
2017.07.25 11:35:20.432,7.97867,7.98018,1.00,1.00
2017.07.25 11:35:20.636,7.97864,7.97996,1.00,1.00
2017.07.25 11:35:20.737,7.97867,7.98038,1.00,1.00
2017.07.25 11:35:21.185,7.97885,7.98036,1.00,1.00
2017.07.25 11:35:27.306,7.97883,7.98033,1.00,1.00
2017.07.25 11:35:27.745,7.97871,7.98029,1.00,1.00
2017.07.25 11:35:28.278,7.97879,7.98013,1.00,1.00
2017.07.25 11:35:29.114,7.97885,7.98018,1.00,1.00
2017.07.25 11:35:29.474,7.9788,7.98013,1.00,1.00
2017.07.25 11:35:31.826,7.97873,7.98025,1.00,1.00
2017.07.25 11:35:31.877,7.97853,7.97986,1.00,1.00
2017.07.25 11:35:33.375,7.97852,7.98025,1.00,1.00
2017.07.25 11:35:33.426,7.97854,7.98024,1.00,1.00
2017.07.25 11:35:34.820,7.97852,7.98023,1.00,1.00
2017.07.25 11:35:35.320,7.97858,7.97991,1.00,1.00
2017.07.25 11:35:35.652,7.97829,7.97962,1.00,1.00
2017.07.25 11:35:35.956,7.97791,7.97924,1.00,1.00
2017.07.25 11:35:36.292,7.97772,7.97905,1.00,1.00
2017.07.25 11:35:37.510,7.97781,7.97914,1.00,1.00
2017.07.25 11:35:37.662,7.97799,7.97933,1.00,1.00
2017.07.25 11:35:39.898,7.9779,7.97923,1.00,1.00
2017.07.25 11:35:40.550,7.97781,7.97914,1.00,1.00
2017.07.25 11:35:41.746,7.97797,7.9793,1.00,1.00
2017.07.25 11:35:41.949,7.97832,7.97999,1.00,1.00
2017.07.25 11:35:42.942,7.97831,7.97999,1.00,1.00
2017.07.25 11:35:43.174,7.97827,7.97961,1.00,1.00
2017.07.25 11:35:43.478,7.97809,7.97942,1.00,1.00
2017.07.25 11:35:44.768,7.97806,7.97937,1.00,1.00
2017.07.25 11:35:47.018,7.9782,7.97953,1.00,1.00
2017.07.25 11:35:47.120,7.97827,7.9796,1.00,1.00
2017.07.25 11:35:47.478,7.97819,7.97952,1.00,1.00
2017.07.25 11:35:48.132,7.97817,7.9795,1.00,1.00
2017.07.25 11:35:50.106,7.9781,7.97944,1.00,1.00
2017.07.25 11:35:50.665,7.97807,7.97939,1.00,1.00
2017.07.25 11:35:51.299,7.97823,7.97989,1.00,1.00
2017.07.25 11:35:52.699,7.97814,7.97947,1.00,1.00
2017.07.25 11:35:53.003,7.97812,7.97945,1.00,1.00
2017.07.25 11:35:54.131,7.97843,7.97976,1.00,1.00
2017.07.25 11:35:54.485,7.97852,7.97986,1.00,1.00
2017.07.25 11:35:56.294,7.97864,7.97996,1.00,1.00
2017.07.25 11:35:56.446,7.97866,7.97999,1.00,1.00
2017.07.25 11:35:56.898,7.97855,7.97988,1.00,1.00
2017.07.25 11:35:57.886,7.97853,7.97987,1.00,1.00
2017.07.25 11:35:58.261,7.97875,7.98008,1.00,1.00
2017.07.25 11:35:58.598,7.97884,7.98015,1.00,1.00
2017.07.25 11:36:04.880,7.97891,7.98024,1.00,1.00
2017.07.25 11:36:06.470,7.97897,7.9803,1.00,1.00
2017.07.25 11:36:11.278,7.97904,7.98037,1.00,1.00
2017.07.25 11:36:11.640,7.97921,7.98054,1.00,1.00
2017.07.25 11:36:12.844,7.97915,7.98048,1.00,1.00
2017.07.25 11:36:13.822,7.97913,7.98046,1.00,1.00
2017.07.25 11:36:14.162,7.97918,7.98051,1.00,1.00
2017.07.25 11:36:14.824,7.97914,7.98047,1.00,1.00
2017.07.25 11:36:19.910,7.97917,7.9805,1.00,1.00
2017.07.25 11:36:21.098,7.97915,7.98048,1.00,1.00
2017.07.25 11:36:27.448,7.97916,7.98049,1.00,1.00
2017.07.25 11:36:28.612,7.97913,7.98046,1.00,1.00
2017.07.25 11:36:33.513,7.97904,7.98037,1.00,1.00
2017.07.25 11:36:34.622,7.97912,7.98045,1.00,1.00
2017.07.25 11:36:34.980,7.97907,7.98038,1.00,1.00
2017.07.25 11:36:37.759,7.97911,7.98044,1.00,1.00
2017.07.25 11:36:37.971,7.97926,7.98059,1.00,1.00
2017.07.25 11:36:38.760,7.97947,7.9808,1.00,1.00
2017.07.25 11:36:39.065,7.97937,7.9807,1.00,1.00
2017.07.25 11:36:42.456,7.97939,7.98072,1.00,1.00
2017.07.25 11:36:43.174,7.97944,7.98077,1.00,1.00
2017.07.25 11:36:43.871,7.97932,7.98085,1.00,1.00
2017.07.25 11:36:45.548,7.97934,7.98084,1.00,1.00
2017.07.25 11:36:48.361,7.97937,7.98068,1.00,1.00
2017.07.25 11:36:48.666,7.97948,7.98079,1.00,1.00
2017.07.25 11:36:49.358,7.97938,7.98071,1.00,1.00
2017.07.25 11:36:49.806,7.97911,7.98044,1.00,1.00
2017.07.25 11:36:49.958,7.97903,7.98054,1.00,1.00
2017.07.25 11:36:51.151,7.97901,7.98054,1.00,1.00
2017.07.25 11:36:51.611,7.97908,7.98062,1.00,1.00
2017.07.25 11:36:51.749,7.97919,7.98073,1.00,1.00
2017.07.25 11:36:51.952,7.97892,7.98058,1.00,1.00
2017.07.25 11:36:52.783,7.97898,7.98066,1.00,1.00
2017.07.25 11:36:53.461,7.97892,7.98024,1.00,1.00
2017.07.25 11:36:53.969,7.97892,7.98064,1.00,1.00
2017.07.25 11:36:57.486,7.9789,7.98063,1.00,1.00
2017.07.25 11:36:58.080,7.97908,7.98056,1.00,1.00
2017.07.25 11:36:58.671,7.97901,7.98056,1.00,1.00
2017.07.25 11:37:00.789,7.97895,7.98052,1.00,1.00
2017.07.25 11:37:01.129,7.97908,7.9804,1.00,1.00
2017.07.25 11:37:01.367,7.97914,7.98047,1.00,1.00
2017.07.25 11:37:02.087,7.9791,7.98042,1.00,1.00
2017.07.25 11:37:04.095,7.97906,7.98038,1.00,1.00
2017.07.25 11:37:04.873,7.97895,7.98047,1.00,1.00
2017.07.25 11:37:05.439,7.97901,7.98033,1.00,1.00
2017.07.25 11:37:06.462,7.97898,7.9803,1.00,1.00
2017.07.25 11:37:07.396,7.97903,7.98035,1.00,1.00
2017.07.25 11:37:08.367,7.97905,7.98038,1.00,1.00
2017.07.25 11:37:10.121,7.97907,7.98039,1.00,1.00
2017.07.25 11:37:10.565,7.97901,7.98034,1.00,1.00
2017.07.25 11:37:12.515,7.97899,7.98031,1.00,1.00
2017.07.25 11:37:13.014,7.97908,7.9804,1.00,1.00
2017.07.25 11:37:13.254,7.97917,7.9805,1.00,1.00
2017.07.25 11:37:13.517,7.97925,7.98057,1.00,1.00
2017.07.25 11:37:14.610,7.97925,7.98058,1.00,1.00
2017.07.25 11:37:17.160,7.97919,7.98051,1.00,1.00
2017.07.25 11:37:19.671,7.97929,7.98061,1.00,1.00
2017.07.25 11:37:19.985,7.97925,7.98056,1.00,1.00
2017.07.25 11:37:20.821,7.97928,7.98061,1.00,1.00
2017.07.25 11:37:21.607,7.97935,7.98068,1.00,1.00
2017.07.25 11:37:22.446,7.97924,7.98056,1.00,1.00
2017.07.25 11:37:22.599,7.97922,7.98073,1.00,1.00
2017.07.25 11:37:22.857,7.97917,7.98068,1.00,1.00
2017.07.25 11:37:24.208,7.979,7.98068,1.00,1.00
2017.07.25 11:37:24.723,7.979,7.98067,1.00,1.00
2017.07.25 11:37:25.748,7.979,7.98068,1.00,1.00
2017.07.25 11:37:26.293,7.9792,7.98053,1.00,1.00
2017.07.25 11:37:27.594,7.97932,7.98065,1.00,1.00
2017.07.25 11:37:28.182,7.97925,7.98057,1.00,1.00
2017.07.25 11:37:28.508,7.97914,7.98046,1.00,1.00
2017.07.25 11:37:28.731,7.97911,7.98058,1.00,1.00
2017.07.25 11:37:29.287,7.97902,7.98058,1.00,1.00
2017.07.25 11:37:29.520,7.97893,7.98026,1.00,1.00
2017.07.25 11:37:30.486,7.97888,7.98021,1.00,1.00
2017.07.25 11:37:30.900,7.97884,7.98015,1.00,1.00
2017.07.25 11:37:32.298,7.97877,7.98028,1.00,1.00
2017.07.25 11:37:35.060,7.97873,7.98027,1.00,1.00
2017.07.25 11:37:35.848,7.97884,7.98017,1.00,1.00
2017.07.25 11:37:36.195,7.97896,7.98029,1.00,1.00
2017.07.25 11:37:36.801,7.97888,7.98021,1.00,1.00
2017.07.25 11:37:36.852,7.97864,7.98014,1.00,1.00
2017.07.25 11:37:36.903,7.97855,7.98005,1.00,1.00
2017.07.25 11:37:37.447,7.97854,7.98005,1.00,1.00
2017.07.25 11:37:37.865,7.97855,7.98007,1.00,1.00
2017.07.25 11:37:38.868,7.97851,7.98002,1.00,1.00
2017.07.25 11:37:38.995,7.97857,7.98009,1.00,1.00
2017.07.25 11:37:39.199,7.97866,7.98018,1.00,1.00
2017.07.25 11:37:39.920,7.97871,7.98021,1.00,1.00
2017.07.25 11:37:40.160,7.97854,7.98006,1.00,1.00
2017.07.25 11:37:40.247,7.97833,7.97966,1.00,1.00
2017.07.25 11:37:40.737,7.97819,7.97952,1.00,1.00
2017.07.25 11:37:41.166,7.97812,7.97943,1.00,1.00
2017.07.25 11:37:42.137,7.9782,7.97953,1.00,1.00
2017.07.25 11:37:43.212,7.97828,7.97961,1.00,1.00
2017.07.25 11:37:44.032,7.97829,7.97986,1.00,1.00
2017.07.25 11:37:44.522,7.97824,7.97986,1.00,1.00
2017.07.25 11:37:45.035,7.97819,7.97986,1.00,1.00
2017.07.25 11:37:47.082,7.97819,7.97988,1.00,1.00
2017.07.25 11:37:47.958,7.97833,7.97985,1.00,1.00
2017.07.25 11:37:50.140,7.97842,7.97975,1.00,1.00
2017.07.25 11:37:51.278,7.97841,7.97974,1.00,1.00
2017.07.25 11:37:51.898,7.97855,7.97988,1.00,1.00
2017.07.25 11:37:52.000,7.97848,7.98,1.00,1.00
2017.07.25 11:37:52.945,7.97856,7.98006,1.00,1.00
2017.07.25 11:37:53.717,7.9786,7.98012,1.00,1.00
2017.07.25 11:37:56.822,7.979,7.98033,1.00,1.00
2017.07.25 11:37:56.974,7.97864,7.98035,1.00,1.00
2017.07.25 11:37:57.930,7.97863,7.98033,1.50,1.00
2017.07.25 11:37:58.933,7.97864,7.98035,1.00,1.00
2017.07.25 11:38:00.766,7.97863,7.98031,1.50,1.00
2017.07.25 11:38:01.729,7.97863,7.98034,1.50,1.00
2017.07.25 11:38:02.498,7.97863,7.98029,1.00,1.00
2017.07.25 11:38:03.452,7.97863,7.98032,1.00,1.00
2017.07.25 11:38:04.454,7.97863,7.98029,1.00,1.00
2017.07.25 11:38:05.121,7.97868,7.98032,1.00,1.00
2017.07.25 11:38:06.231,7.97869,7.98033,1.00,1.00
2017.07.25 11:38:07.233,7.97873,7.98034,1.00,1.00
2017.07.25 11:38:12.636,7.97869,7.98033,1.00,1.00
2017.07.25 11:38:13.637,7.97867,7.9803,1.25,1.00
2017.07.25 11:38:15.217,7.97874,7.9803,1.00,1.00
2017.07.25 11:38:20.150,7.97878,7.98032,1.00,1.00
2017.07.25 11:38:21.336,7.97881,7.98035,1.00,1.00
2017.07.25 11:38:23.074,7.97875,7.98029,1.00,1.00
2017.07.25 11:38:23.420,7.9789,7.98043,1.00,1.00
2017.07.25 11:38:24.375,7.97887,7.98041,1.00,1.00
2017.07.25 11:38:26.512,7.97891,7.98045,1.00,1.00
2017.07.25 11:38:26.827,7.9789,7.98043,1.00,1.00
2017.07.25 11:38:26.929,7.97905,7.98059,1.00,1.00
2017.07.25 11:38:27.032,7.97918,7.98072,1.00,1.00
2017.07.25 11:38:27.337,7.97937,7.98087,1.00,1.00
2017.07.25 11:38:27.683,7.97956,7.98087,1.00,1.00
2017.07.25 11:38:28.401,7.97957,7.9809,1.00,1.00
2017.07.25 11:38:28.902,7.97946,7.98095,1.00,1.00
2017.07.25 11:38:32.269,7.97977,7.98102,1.00,1.00
2017.07.25 11:38:33.246,7.97977,7.9812,1.00,1.00
2017.07.25 11:38:33.297,7.97985,7.98118,1.00,1.00
2017.07.25 11:38:34.798,7.9799,7.98123,1.00,1.00
2017.07.25 11:38:35.103,7.98,7.98132,1.00,1.00
2017.07.25 11:38:35.434,7.98006,7.98138,1.00,1.00
2017.07.25 11:38:36.403,7.98007,7.98139,1.00,1.00
2017.07.25 11:38:36.827,7.98004,7.98134,1.00,1.00
2017.07.25 11:38:37.830,7.98002,7.98135,1.00,1.00
2017.07.25 11:38:38.358,7.97999,7.98129,1.00,1.00
2017.07.25 11:38:38.438,7.97977,7.98133,1.00,1.00
2017.07.25 11:38:42.416,7.97978,7.98133,1.00,1.00
2017.07.25 11:38:42.467,7.97977,7.98142,1.00,1.00
2017.07.25 11:38:42.518,7.97977,7.98147,1.00,1.00
2017.07.25 11:38:43.419,7.97987,7.98147,1.00,1.00
2017.07.25 11:38:45.822,7.97988,7.98147,1.00,1.00
2017.07.25 11:38:46.126,7.98047,7.98179,1.00,1.00
2017.07.25 11:38:46.851,7.98057,7.98187,1.00,1.00
2017.07.25 11:38:47.171,7.98049,7.98182,1.00,1.00
2017.07.25 11:38:47.222,7.98043,7.98173,1.00,1.00
2017.07.25 11:38:47.929,7.98048,7.98179,1.00,1.00
2017.07.25 11:38:48.358,7.98057,7.9819,1.00,1.00
2017.07.25 11:38:48.526,7.98067,7.98199,1.00,1.50
2017.07.25 11:38:49.588,7.98069,7.982,1.00,1.00
2017.07.25 11:38:49.886,7.9806,7.98193,1.00,1.00
2017.07.25 11:38:50.897,7.98062,7.98195,1.00,1.00
2017.07.25 11:38:51.779,7.98052,7.98184,1.00,1.00
2017.07.25 11:38:52.434,7.98061,7.98194,1.00,1.00
2017.07.25 11:38:53.672,7.98068,7.98198,1.00,1.00
2017.07.25 11:38:53.960,7.98063,7.98195,1.00,1.00
2017.07.25 11:38:54.011,7.98066,7.98198,1.00,1.00
2017.07.25 11:38:54.943,7.98062,7.98192,1.00,1.00
2017.07.25 11:38:55.159,7.9807,7.98202,1.00,1.00
2017.07.25 11:38:57.303,7.98075,7.98206,1.00,1.00
2017.07.25 11:38:58.305,7.98072,7.98201,1.00,1.00
2017.07.25 11:38:58.912,7.98079,7.98208,1.00,1.00
2017.07.25 11:38:59.324,7.98062,7.98191,1.00,1.00
2017.07.25 11:39:00.285,7.98073,7.98204,1.00,1.00
2017.07.25 11:39:01.286,7.98077,7.98208,1.00,1.00
2017.07.25 11:39:02.286,7.98082,7.98212,1.00,1.00
2017.07.25 11:39:02.506,7.98092,7.98224,1.00,1.00
2017.07.25 11:39:02.626,7.98072,7.98203,1.00,1.00
2017.07.25 11:39:03.654,7.98072,7.98202,1.00,1.00
2017.07.25 11:39:05.240,7.98073,7.98204,1.00,1.00
2017.07.25 11:39:05.598,7.98068,7.982,1.00,1.00
2017.07.25 11:39:06.344,7.98064,7.98196,1.00,1.00
2017.07.25 11:39:08.816,7.9806,7.98191,1.00,1.00
2017.07.25 11:39:08.946,7.98041,7.98173,1.00,1.00
2017.07.25 11:39:09.893,7.98042,7.98173,1.00,1.00
2017.07.25 11:39:12.871,7.98042,7.98171,1.00,1.00
2017.07.25 11:39:18.796,7.98037,7.98168,1.00,1.00
2017.07.25 11:39:21.463,7.98036,7.98167,1.00,1.00
2017.07.25 11:39:23.226,7.98007,7.98172,1.00,1.00
2017.07.25 11:39:23.276,7.98037,7.98169,1.00,1.00
2017.07.25 11:39:24.474,7.98007,7.98171,1.00,1.00
2017.07.25 11:39:25.490,7.98017,7.98171,1.00,1.00
2017.07.25 11:39:26.802,7.98017,7.98148,1.00,1.00
2017.07.25 11:39:27.756,7.97988,7.98147,1.00,1.00
2017.07.25 11:39:27.858,7.97987,7.98145,1.00,1.00
2017.07.25 11:39:28.849,7.97987,7.98142,1.00,1.00
2017.07.25 11:39:31.274,7.97998,7.9815,1.00,1.00
2017.07.25 11:39:31.594,7.98006,7.98162,1.00,1.00
2017.07.25 11:39:31.779,7.98018,7.98162,1.00,1.00
2017.07.25 11:39:32.067,7.98018,7.98171,1.00,1.00
2017.07.25 11:39:32.254,7.98018,7.98163,1.00,1.00
2017.07.25 11:39:32.773,7.98037,7.98163,1.00,1.00
2017.07.25 11:39:32.824,7.9805,7.98181,1.00,1.00
2017.07.25 11:39:33.299,7.98038,7.98168,1.00,1.00
2017.07.25 11:39:33.772,7.98032,7.98168,1.00,1.00
2017.07.25 11:39:33.874,7.98022,7.98152,1.00,1.00
2017.07.25 11:39:34.179,7.98023,7.98145,1.50,1.00
2017.07.25 11:39:34.331,7.98044,7.98167,1.00,1.00
2017.07.25 11:39:34.382,7.98074,7.98196,1.00,1.00
2017.07.25 11:39:34.715,7.98116,7.98238,1.00,1.00
2017.07.25 11:39:35.097,7.98097,7.98219,1.00,1.00
2017.07.25 11:39:35.451,7.98087,7.9821,1.00,1.00
2017.07.25 11:39:35.502,7.98077,7.982,1.00,1.00
2017.07.25 11:39:35.856,7.98068,7.9819,1.00,1.00
2017.07.25 11:39:36.401,7.98057,7.9818,1.00,1.00
2017.07.25 11:39:36.503,7.98049,7.98171,1.00,1.00
2017.07.25 11:39:37.602,7.98039,7.98163,1.00,1.00
2017.07.25 11:39:37.806,7.98023,7.98146,1.00,1.00
2017.07.25 11:39:38.181,7.98002,7.98125,1.00,1.00
2017.07.25 11:39:38.486,7.9797,7.9809,1.00,1.00
2017.07.25 11:39:38.951,7.97961,7.98083,1.00,1.00
2017.07.25 11:39:39.257,7.97943,7.98065,1.00,1.00
2017.07.25 11:39:42.051,7.97934,7.98057,1.00,1.00
2017.07.25 11:39:42.304,7.9793,7.98052,1.00,1.00
2017.07.25 11:39:42.524,7.97912,7.98035,1.00,1.00
2017.07.25 11:39:42.788,7.97922,7.98045,1.00,1.00
2017.07.25 11:39:42.992,7.97944,7.98091,1.00,1.00
2017.07.25 11:39:43.043,7.97966,7.9809,1.00,1.00
2017.07.25 11:39:43.379,7.97981,7.98122,1.00,1.00
2017.07.25 11:39:43.794,7.98008,7.9813,1.00,1.50
2017.07.25 11:39:44.486,7.97998,7.9812,1.00,1.00
2017.07.25 11:39:44.790,7.97987,7.98109,1.00,1.00
2017.07.25 11:39:44.891,7.97977,7.981,1.00,1.00
2017.07.25 11:39:45.823,7.97968,7.98091,1.00,1.00
2017.07.25 11:39:47.249,7.9796,7.9808,1.00,1.00
2017.07.25 11:39:47.774,7.9795,7.98073,1.00,1.00
2017.07.25 11:39:50.010,7.97945,7.98067,1.00,1.00
2017.07.25 11:39:50.318,7.97949,7.98071,1.00,1.00
2017.07.25 11:39:50.672,7.97941,7.98061,1.00,1.00
2017.07.25 11:39:51.195,7.9793,7.98053,1.00,1.00
2017.07.25 11:39:57.845,7.97931,7.98053,1.00,1.00
2017.07.25 11:39:58.097,7.9793,7.98071,1.00,1.00
2017.07.25 11:39:59.085,7.97929,7.9807,1.00,1.00
2017.07.25 11:40:00.152,7.97929,7.98067,1.00,1.00
2017.07.25 11:40:01.781,7.97929,7.98068,1.00,1.00
2017.07.25 11:40:01.832,7.97925,7.98067,1.00,1.00
2017.07.25 11:40:02.837,7.97932,7.98067,1.00,1.00
2017.07.25 11:40:03.172,7.97913,7.98048,1.00,1.00
2017.07.25 11:40:04.133,7.97918,7.98053,1.00,1.00
2017.07.25 11:40:04.475,7.97933,7.98055,1.00,1.00
2017.07.25 11:40:04.576,7.97942,7.98065,1.00,1.00
2017.07.25 11:40:05.367,7.97951,7.98072,1.00,1.00
2017.07.25 11:40:06.362,7.97951,7.98074,1.00,1.00
2017.07.25 11:40:08.022,7.97941,7.98064,1.00,1.00
2017.07.25 11:40:08.385,7.9792,7.98045,1.00,1.00
2017.07.25 11:40:09.094,7.97925,7.98047,1.00,1.00
2017.07.25 11:40:09.466,7.97932,7.98054,1.00,1.00
2017.07.25 11:40:10.968,7.97929,7.98051,1.00,1.00
2017.07.25 11:40:12.542,7.97923,7.98045,1.00,1.00
2017.07.25 11:40:13.175,7.97914,7.98035,1.00,1.00
2017.07.25 11:40:14.073,7.97909,7.98031,1.00,1.00
2017.07.25 11:40:15.954,7.97915,7.98037,1.00,1.00
2017.07.25 11:40:16.259,7.97931,7.98053,1.00,1.00
2017.07.25 11:40:17.006,7.97923,7.98045,1.00,1.00
2017.07.25 11:40:19.473,7.97915,7.98037,1.00,1.00
2017.07.25 11:40:20.396,7.9792,7.98043,1.00,1.00
2017.07.25 11:40:21.575,7.97919,7.98042,1.00,1.00
2017.07.25 11:40:27.425,7.97917,7.98039,1.00,1.00
2017.07.25 11:40:27.729,7.97904,7.98024,1.00,1.00
2017.07.25 11:40:28.519,7.97901,7.98021,1.00,1.00
2017.07.25 11:40:29.091,7.97896,7.98023,1.00,1.00
2017.07.25 11:40:30.998,7.97883,7.98023,1.00,1.00
2017.07.25 11:40:32.160,7.97864,7.98005,1.00,1.00
2017.07.25 11:40:33.098,7.97853,7.97974,1.00,1.00
2017.07.25 11:40:35.214,7.97851,7.97996,1.00,1.00
2017.07.25 11:40:35.818,7.97847,7.97969,1.00,1.00
2017.07.25 11:40:36.154,7.97822,7.97945,1.00,1.00
2017.07.25 11:40:36.642,7.97814,7.97935,1.00,1.00
2017.07.25 11:40:37.684,7.97822,7.97945,1.00,1.00
2017.07.25 11:40:38.050,7.97828,7.97949,1.00,1.00
2017.07.25 11:40:38.772,7.97833,7.97988,1.00,1.00
2017.07.25 11:40:39.039,7.97833,7.97991,1.00,1.00
2017.07.25 11:40:39.090,7.97852,7.97991,1.00,1.00
2017.07.25 11:40:39.395,7.97874,7.98012,1.00,1.00
2017.07.25 11:40:39.795,7.97882,7.98021,1.00,1.00
2017.07.25 11:40:40.370,7.97893,7.98031,1.00,1.00
2017.07.25 11:40:40.719,7.97902,7.98038,1.00,1.00
2017.07.25 11:40:41.111,7.97902,7.98041,1.00,1.00
2017.07.25 11:40:41.361,7.97908,7.98047,1.00,1.00
2017.07.25 11:40:42.934,7.9791,7.98049,1.00,1.00
2017.07.25 11:40:43.472,7.9791,7.98028,1.00,1.00
2017.07.25 11:40:43.523,7.97864,7.97987,1.00,1.00
2017.07.25 11:40:43.978,7.97853,7.97976,1.00,1.00
2017.07.25 11:40:45.793,7.97855,7.97978,1.00,1.00
2017.07.25 11:40:46.803,7.97857,7.9798,1.00,1.00
2017.07.25 11:40:47.246,7.97862,7.97985,1.00,1.00
2017.07.25 11:40:47.764,7.97846,7.97968,1.00,1.00
2017.07.25 11:40:48.503,7.97839,7.9796,1.00,1.00
2017.07.25 11:40:48.623,7.97848,7.97971,1.00,1.00
2017.07.25 11:40:48.978,7.97865,7.97986,1.00,1.00
2017.07.25 11:40:49.029,7.97873,7.98027,1.00,1.00
2017.07.25 11:40:49.155,7.97891,7.9803,1.00,1.00
2017.07.25 11:40:49.718,7.97881,7.9802,1.00,1.00
2017.07.25 11:40:50.124,7.97898,7.98021,1.00,1.00
2017.07.25 11:40:55.106,7.97907,7.9803,1.00,1.00
2017.07.25 11:40:55.452,7.97917,7.98037,1.00,1.00
2017.07.25 11:40:55.856,7.9791,7.9803,1.00,1.00
2017.07.25 11:40:56.008,7.97898,7.9802,1.00,1.00
2017.07.25 11:40:56.211,7.97879,7.98023,1.00,1.00
2017.07.25 11:40:57.435,7.97887,7.98031,1.00,1.00
2017.07.25 11:40:57.832,7.97897,7.98018,1.00,1.00
2017.07.25 11:40:57.883,7.9789,7.9803,1.00,1.00
2017.07.25 11:40:58.013,7.97895,7.98018,1.00,1.00
2017.07.25 11:40:58.542,7.97881,7.98003,1.00,1.00
2017.07.25 11:40:59.018,7.97875,7.97998,1.00,1.00
2017.07.25 11:40:59.415,7.97885,7.98007,1.00,1.00
2017.07.25 11:41:00.050,7.97889,7.98011,1.00,1.00
2017.07.25 11:41:01.290,7.97884,7.98007,1.00,1.00
2017.07.25 11:41:01.341,7.97882,7.98003,1.00,1.00
2017.07.25 11:41:01.393,7.97876,7.98014,1.00,1.00
2017.07.25 11:41:02.183,7.97859,7.98016,1.00,1.00
2017.07.25 11:41:02.235,7.97858,7.97978,1.00,1.00
2017.07.25 11:41:02.728,7.97865,7.97987,1.00,1.00
2017.07.25 11:41:03.639,7.97861,7.97983,1.00,1.00
2017.07.25 11:41:04.265,7.97858,7.9798,1.00,1.00
2017.07.25 11:41:04.960,7.97859,7.98012,1.00,1.00
2017.07.25 11:41:05.852,7.97856,7.97979,1.00,1.00
2017.07.25 11:41:06.685,7.97858,7.98012,1.00,1.00
2017.07.25 11:41:08.596,7.97858,7.98015,1.00,1.00
2017.07.25 11:41:09.499,7.9786,7.98018,1.00,1.00
2017.07.25 11:41:09.742,7.97855,7.98014,1.00,1.00
2017.07.25 11:41:10.174,7.97873,7.97995,1.00,1.00
2017.07.25 11:41:10.225,7.97867,7.98007,1.00,1.00
2017.07.25 11:41:11.201,7.97856,7.97996,1.00,1.00
2017.07.25 11:41:11.543,7.97869,7.98009,1.00,1.00
2017.07.25 11:41:11.879,7.97867,7.98007,1.00,1.00
2017.07.25 11:41:12.747,7.97871,7.98011,1.00,1.00
2017.07.25 11:41:13.058,7.97856,7.98009,1.00,1.00
2017.07.25 11:41:13.108,7.97846,7.97969,1.00,1.00
2017.07.25 11:41:14.180,7.97847,7.9797,1.00,1.00
2017.07.25 11:41:14.638,7.97848,7.97998,1.00,1.00
2017.07.25 11:41:15.349,7.97848,7.98004,1.00,1.00
2017.07.25 11:41:15.595,7.97852,7.98007,1.00,1.00
2017.07.25 11:41:15.954,7.97852,7.98003,1.00,1.00
2017.07.25 11:41:16.819,7.97847,7.98003,1.00,1.00
2017.07.25 11:41:17.359,7.97847,7.98004,1.00,1.00
2017.07.25 11:41:18.156,7.97863,7.98004,1.00,1.00
2017.07.25 11:41:20.516,7.97861,7.98002,1.00,1.00
2017.07.25 11:41:21.698,7.97863,7.98004,1.00,1.00
2017.07.25 11:41:23.423,7.97868,7.97991,1.00,1.00
2017.07.25 11:41:25.701,7.97876,7.97999,1.00,1.00
2017.07.25 11:41:26.046,7.97893,7.98034,1.00,1.00
2017.07.25 11:41:26.982,7.97889,7.98031,1.00,1.00
2017.07.25 11:41:28.025,7.97886,7.98028,1.00,1.00
2017.07.25 11:41:29.176,7.9789,7.98032,1.00,1.00
2017.07.25 11:41:29.510,7.97895,7.98038,1.00,1.00
2017.07.25 11:41:29.561,7.97905,7.98049,1.00,1.00
2017.07.25 11:41:29.662,7.97905,7.98038,1.00,1.00
2017.07.25 11:41:29.713,7.97894,7.98038,1.00,1.50
2017.07.25 11:41:30.478,7.97894,7.98028,1.00,1.00
2017.07.25 11:41:30.652,7.97894,7.98038,1.00,1.00
2017.07.25 11:41:32.347,7.97885,7.98035,1.00,1.00
2017.07.25 11:41:32.530,7.97879,7.98035,1.00,1.00
2017.07.25 11:41:32.583,7.97874,7.97997,1.00,1.00
2017.07.25 11:41:32.897,7.97885,7.98008,1.00,1.00
2017.07.25 11:41:33.436,7.97896,7.98019,1.00,1.00
2017.07.25 11:41:34.525,7.97896,7.98041,1.00,1.00
2017.07.25 11:41:35.539,7.979,7.98041,1.00,1.00
2017.07.25 11:41:36.726,7.97896,7.98041,1.00,1.00
2017.07.25 11:41:37.078,7.97896,7.98051,1.00,1.00
2017.07.25 11:41:37.130,7.97909,7.9805,1.00,1.00
2017.07.25 11:41:38.852,7.97909,7.98047,1.00,1.00
2017.07.25 11:41:39.423,7.97909,7.9805,1.00,1.00
2017.07.25 11:41:40.179,7.97909,7.98048,1.00,1.00
2017.07.25 11:41:41.088,7.97909,7.98038,1.00,1.00
2017.07.25 11:41:41.334,7.97891,7.98031,1.00,1.00
2017.07.25 11:41:41.385,7.9788,7.98031,1.00,1.00
2017.07.25 11:41:41.436,7.97875,7.98022,1.00,1.00
2017.07.25 11:41:41.757,7.97871,7.98011,1.00,1.00
2017.07.25 11:41:42.092,7.97871,7.98003,1.00,1.00
2017.07.25 11:41:43.055,7.97872,7.98003,1.00,1.00
2017.07.25 11:41:43.657,7.97872,7.98009,1.00,1.00
2017.07.25 11:41:43.708,7.97872,7.98013,1.00,1.00
2017.07.25 11:41:44.259,7.97864,7.98008,1.00,1.00
2017.07.25 11:41:45.021,7.97871,7.98007,1.00,1.00
2017.07.25 11:41:45.598,7.97873,7.97996,1.00,1.00
2017.07.25 11:41:46.332,7.97882,7.98005,1.00,1.00
2017.07.25 11:41:47.997,7.97873,7.97995,1.00,1.00
2017.07.25 11:41:50.569,7.97873,7.97996,1.00,1.00
2017.07.25 11:41:51.697,7.97877,7.98,1.00,1.00
2017.07.25 11:41:52.543,7.97885,7.98008,1.00,1.00
2017.07.25 11:41:52.862,7.9789,7.98013,1.00,1.00
2017.07.25 11:41:58.096,7.97892,7.98015,1.00,1.00
2017.07.25 11:41:58.437,7.97888,7.98011,1.00,1.00
2017.07.25 11:41:59.175,7.97883,7.98006,1.00,1.00
2017.07.25 11:41:59.277,7.97876,7.98012,1.00,1.00
2017.07.25 11:42:02.604,7.97873,7.98007,1.00,1.00
2017.07.25 11:42:05.599,7.97879,7.98002,1.00,1.00
2017.07.25 11:42:10.457,7.97879,7.9802,1.00,1.00
2017.07.25 11:42:11.908,7.97853,7.97992,1.00,1.00
2017.07.25 11:42:12.873,7.97848,7.97989,1.00,1.00
2017.07.25 11:42:13.450,7.97853,7.97994,1.00,1.00
2017.07.25 11:42:14.122,7.97861,7.98002,1.00,1.00
2017.07.25 11:42:14.426,7.9789,7.98031,1.00,1.00
2017.07.25 11:42:20.464,7.97902,7.98041,1.00,1.00
2017.07.25 11:42:21.848,7.97903,7.98044,1.00,1.00
2017.07.25 11:42:23.939,7.97912,7.98053,1.00,1.00
2017.07.25 11:42:24.243,7.97903,7.98044,1.00,1.00
2017.07.25 11:42:25.046,7.97904,7.98045,1.00,1.00
2017.07.25 11:42:26.831,7.979,7.98041,1.00,1.00
2017.07.25 11:42:27.884,7.97898,7.98037,1.00,1.00
2017.07.25 11:42:27.986,7.97895,7.98036,1.00,1.00
2017.07.25 11:42:28.385,7.97904,7.98045,1.00,1.00
2017.07.25 11:42:29.010,7.9791,7.98051,1.00,1.00
2017.07.25 11:42:29.359,7.97915,7.98054,1.00,1.00
2017.07.25 11:42:29.410,7.97918,7.9806,1.00,1.00
2017.07.25 11:42:31.433,7.97908,7.98049,1.00,1.00
2017.07.25 11:42:35.284,7.97911,7.98053,1.00,1.00
2017.07.25 11:42:36.278,7.97909,7.98051,1.00,1.00
2017.07.25 11:42:36.996,7.9792,7.98058,1.00,1.00
2017.07.25 11:42:37.723,7.97924,7.98058,1.00,1.00
2017.07.25 11:42:37.774,7.97924,7.98065,1.00,1.00
2017.07.25 11:42:37.995,7.97918,7.98059,1.00,1.00
2017.07.25 11:42:38.877,7.97923,7.98065,1.00,1.00
2017.07.25 11:42:40.519,7.97923,7.98061,1.00,1.00
2017.07.25 11:42:43.175,7.97925,7.98061,1.00,1.00
2017.07.25 11:42:43.532,7.97925,7.98066,1.00,1.00
2017.07.25 11:42:44.097,7.97932,7.98072,1.00,1.00
2017.07.25 11:42:45.102,7.97929,7.9807,1.00,1.00
2017.07.25 11:42:49.817,7.9793,7.9807,1.00,1.00
2017.07.25 11:42:50.689,7.97924,7.98064,1.00,1.00
2017.07.25 11:42:51.810,7.97924,7.98058,1.00,1.00
2017.07.25 11:42:51.913,7.97921,7.98058,1.00,1.00
2017.07.25 11:42:54.113,7.97916,7.98057,1.00,1.00
2017.07.25 11:42:55.156,7.97916,7.98048,1.00,1.00
2017.07.25 11:42:55.420,7.97914,7.98048,1.00,1.00
2017.07.25 11:42:55.471,7.97907,7.98048,1.00,1.50
2017.07.25 11:42:55.522,7.979,7.98042,1.00,1.00
2017.07.25 11:42:55.975,7.97909,7.98051,1.00,1.00
2017.07.25 11:42:58.205,7.9791,7.98052,1.00,1.00
2017.07.25 11:42:59.390,7.97913,7.98053,1.00,1.00
2017.07.25 11:43:01.254,7.97916,7.98058,1.00,1.50
2017.07.25 11:43:01.469,7.97922,7.98061,1.00,1.00
2017.07.25 11:43:02.506,7.97925,7.98065,1.00,1.00
2017.07.25 11:43:02.706,7.97931,7.98073,1.00,1.00
2017.07.25 11:43:03.472,7.97926,7.98066,1.00,1.00
2017.07.25 11:43:03.625,7.97919,7.98061,1.00,1.00
2017.07.25 11:43:03.676,7.97919,7.98058,1.00,1.00
2017.07.25 11:43:03.727,7.97913,7.98055,1.00,1.00
2017.07.25 11:43:04.759,7.97907,7.98049,1.00,1.00
2017.07.25 11:43:05.769,7.97903,7.98045,1.00,1.00
2017.07.25 11:43:06.906,7.97905,7.98047,1.00,1.00
2017.07.25 11:43:10.380,7.97892,7.98034,1.00,1.00
2017.07.25 11:43:10.700,7.97884,7.98026,1.00,1.00
2017.07.25 11:43:11.371,7.97879,7.98021,1.00,1.00
2017.07.25 11:43:12.328,7.97877,7.98019,1.00,1.00
2017.07.25 11:43:14.420,7.97879,7.98019,1.00,1.00
2017.07.25 11:43:15.401,7.97873,7.98015,1.00,1.00
2017.07.25 11:43:15.452,7.97869,7.98008,1.00,1.00
2017.07.25 11:43:15.503,7.97856,7.97998,1.00,1.00
2017.07.25 11:43:15.655,7.97865,7.98007,1.00,1.00
2017.07.25 11:43:16.055,7.97878,7.9802,1.00,1.00
2017.07.25 11:43:16.949,7.97881,7.98023,1.00,1.00
2017.07.25 11:43:18.369,7.97885,7.98027,1.00,1.00
2017.07.25 11:43:20.749,7.9788,7.98022,1.00,1.00
2017.07.25 11:43:21.077,7.97874,7.98014,1.00,1.00
2017.07.25 11:43:21.660,7.97853,7.97995,1.00,1.00
2017.07.25 11:43:21.711,7.97864,7.98006,1.00,1.00
2017.07.25 11:43:22.260,7.97874,7.98014,1.00,1.00
2017.07.25 11:43:23.666,7.97875,7.98017,1.00,1.00
2017.07.25 11:43:25.578,7.97884,7.98026,1.00,1.00
2017.07.25 11:43:26.578,7.97886,7.98028,1.00,1.00
2017.07.25 11:43:27.448,7.97891,7.98033,1.00,1.00
2017.07.25 11:43:27.752,7.979,7.98042,1.00,1.00
2017.07.25 11:43:28.329,7.97909,7.98051,1.00,1.00
2017.07.25 11:43:28.684,7.97917,7.98059,1.00,1.00
2017.07.25 11:43:29.265,7.97918,7.9806,1.00,1.00
2017.07.25 11:43:29.679,7.97926,7.98068,1.00,1.00
2017.07.25 11:43:29.999,7.97926,7.98066,1.00,1.00
2017.07.25 11:43:30.793,7.97934,7.98076,1.00,1.00
2017.07.25 11:43:31.071,7.97934,7.98072,1.00,1.00
2017.07.25 11:43:31.122,7.9793,7.98072,1.00,1.50
2017.07.25 11:43:31.225,7.97923,7.98065,1.00,1.00
2017.07.25 11:43:31.327,7.9791,7.98053,1.00,1.00
2017.07.25 11:43:31.480,7.979,7.98042,1.00,1.00
2017.07.25 11:43:32.468,7.97897,7.98039,1.00,1.00
2017.07.25 11:43:32.989,7.97886,7.98028,1.00,1.00
2017.07.25 11:43:35.779,7.97888,7.9803,1.00,1.00
2017.07.25 11:43:36.945,7.97885,7.98025,1.00,1.00
2017.07.25 11:43:37.903,7.9789,7.98032,1.00,1.00
2017.07.25 11:43:41.044,7.979,7.98042,1.00,1.00
2017.07.25 11:43:43.406,7.97898,7.9804,1.00,1.00
2017.07.25 11:43:44.480,7.97902,7.98043,1.00,1.00
2017.07.25 11:43:46.785,7.97893,7.98035,1.00,1.00
2017.07.25 11:43:47.296,7.97889,7.98031,1.00,1.00
2017.07.25 11:43:48.754,7.9788,7.98022,1.00,1.00
2017.07.25 11:43:49.058,7.97876,7.98018,1.00,1.00
2017.07.25 11:43:49.795,7.97871,7.98013,1.00,1.00
2017.07.25 11:43:50.829,7.97869,7.9801,1.00,1.00
2017.07.25 11:43:52.000,7.97872,7.98012,1.00,1.00
2017.07.25 11:43:52.202,7.97878,7.9802,1.00,1.00
2017.07.25 11:43:52.314,7.97872,7.98012,1.00,1.00
2017.07.25 11:43:52.622,7.97881,7.98021,1.00,1.00
2017.07.25 11:43:53.260,7.97885,7.98025,1.00,1.00
2017.07.25 11:43:58.619,7.97874,7.98016,1.00,1.00
2017.07.25 11:43:59.061,7.9787,7.98012,1.00,1.00
2017.07.25 11:44:00.219,7.97879,7.98021,1.00,1.00
2017.07.25 11:44:00.737,7.97879,7.98018,1.00,1.00
2017.07.25 11:44:01.219,7.9787,7.98012,1.00,1.00
2017.07.25 11:44:01.321,7.97863,7.98018,1.00,1.00
2017.07.25 11:44:03.084,7.97871,7.98011,1.00,1.00
2017.07.25 11:44:03.237,7.97863,7.98007,1.00,1.00
2017.07.25 11:44:03.425,7.97863,7.98018,1.00,1.00
2017.07.25 11:44:03.578,7.97863,7.98002,1.00,1.00
2017.07.25 11:44:05.262,7.97863,7.98011,1.00,1.00
2017.07.25 11:44:05.414,7.97856,7.98012,1.00,1.00
2017.07.25 11:44:05.465,7.97862,7.98002,1.00,1.00
2017.07.25 11:44:05.517,7.97853,7.97995,1.00,1.00
2017.07.25 11:44:06.530,7.97857,7.97999,1.00,1.00
2017.07.25 11:44:06.874,7.97864,7.98006,1.00,1.00
2017.07.25 11:44:07.221,7.9787,7.98012,1.00,1.00
2017.07.25 11:44:07.540,7.97879,7.98011,1.00,1.00
2017.07.25 11:44:07.848,7.97879,7.98021,1.00,1.50
2017.07.25 11:44:09.924,7.97883,7.98021,1.00,1.00
2017.07.25 11:44:11.057,7.97883,7.98011,1.00,1.00
2017.07.25 11:44:11.236,7.97874,7.98011,1.00,1.00
2017.07.25 11:44:12.271,7.97865,7.98011,1.00,1.00
2017.07.25 11:44:12.323,7.97865,7.98017,1.00,1.00
2017.07.25 11:44:13.275,7.97871,7.98013,1.00,1.00
2017.07.25 11:44:14.343,7.97869,7.98011,1.00,1.00
2017.07.25 11:44:14.670,7.97874,7.98016,1.00,1.00
2017.07.25 11:44:15.177,7.97874,7.98015,1.00,1.00
2017.07.25 11:44:15.550,7.9788,7.98021,1.00,1.50
2017.07.25 11:44:16.801,7.97884,7.98021,1.00,1.00
2017.07.25 11:44:17.105,7.97914,7.98043,1.00,1.00
2017.07.25 11:44:17.156,7.97914,7.98054,1.00,1.00
2017.07.25 11:44:17.257,7.97925,7.98061,1.00,1.00
2017.07.25 11:44:17.413,7.97925,7.98065,1.00,1.00
2017.07.25 11:44:17.752,7.97942,7.98084,1.00,1.00
2017.07.25 11:44:20.386,7.9794,7.98082,1.00,1.00
2017.07.25 11:44:20.736,7.97944,7.98086,1.00,1.00
2017.07.25 11:44:21.379,7.97948,7.98088,1.00,1.00
2017.07.25 11:44:22.349,7.97946,7.98088,1.00,1.50
2017.07.25 11:44:23.868,7.97946,7.98078,1.00,1.00
2017.07.25 11:44:26.410,7.97946,7.98077,1.00,1.00
2017.07.25 11:44:27.579,7.9795,7.98077,1.00,1.00
2017.07.25 11:44:27.782,7.97945,7.98077,1.00,1.00
2017.07.25 11:44:28.160,7.97936,7.98077,1.00,1.00
2017.07.25 11:44:28.211,7.97904,7.98077,1.00,1.00
2017.07.25 11:44:28.390,7.97894,7.98073,1.25,1.00
2017.07.25 11:44:28.441,7.97894,7.98068,1.00,1.00
2017.07.25 11:44:28.687,7.97891,7.98068,1.00,1.00
2017.07.25 11:44:28.789,7.97891,7.98057,1.00,1.00
2017.07.25 11:44:29.616,7.97886,7.98055,1.00,1.00
2017.07.25 11:44:29.985,7.97886,7.98041,1.00,1.00
2017.07.25 11:44:34.647,7.97891,7.98051,1.00,1.00
2017.07.25 11:44:35.658,7.97886,7.98048,1.00,1.00
2017.07.25 11:44:35.936,7.97887,7.98054,1.00,1.00
2017.07.25 11:44:42.210,7.97889,7.98055,1.00,1.50
2017.07.25 11:44:43.414,7.97887,7.98053,1.00,1.00
2017.07.25 11:44:44.600,7.97892,7.98051,1.00,1.00
2017.07.25 11:44:47.188,7.97897,7.98055,1.00,1.00
2017.07.25 11:44:48.441,7.97897,7.98056,1.00,1.00
2017.07.25 11:44:48.837,7.97909,7.98063,1.00,1.00
2017.07.25 11:44:49.049,7.979,7.98065,1.00,1.00
2017.07.25 11:44:49.100,7.979,7.98075,1.00,1.00
2017.07.25 11:44:49.496,7.979,7.98065,1.00,1.00
2017.07.25 11:44:50.158,7.979,7.98075,1.00,1.00
2017.07.25 11:44:50.493,7.979,7.98068,1.00,1.00
2017.07.25 11:44:50.819,7.97909,7.98068,1.00,1.00
2017.07.25 11:44:50.870,7.97905,7.98068,1.00,1.00
2017.07.25 11:44:51.200,7.97903,7.98068,1.00,1.00
2017.07.25 11:44:54.136,7.97903,7.98051,1.00,1.00
2017.07.25 11:44:55.083,7.97903,7.98063,1.00,1.00
2017.07.25 11:44:55.246,7.97898,7.98063,1.00,1.00
2017.07.25 11:44:56.136,7.97898,7.98049,1.00,1.00
2017.07.25 11:44:59.630,7.97904,7.98049,1.00,1.00
2017.07.25 11:45:01.859,7.97899,7.98049,1.00,1.00
2017.07.25 11:45:01.910,7.97893,7.98049,1.00,1.00
2017.07.25 11:45:02.847,7.97899,7.98049,1.00,1.00
2017.07.25 11:45:03.327,7.97893,7.98049,1.00,1.00
2017.07.25 11:45:03.378,7.97882,7.98037,1.00,1.00
2017.07.25 11:45:04.534,7.97888,7.98037,1.00,1.00
2017.07.25 11:45:04.852,7.97892,7.98037,1.00,1.00
2017.07.25 11:45:05.369,7.97905,7.98037,1.00,1.00
2017.07.25 11:45:05.470,7.97905,7.98045,1.00,1.00
2017.07.25 11:45:05.521,7.97913,7.9805,1.00,1.00
2017.07.25 11:45:05.572,7.97913,7.98055,1.00,1.00
2017.07.25 11:45:05.623,7.97923,7.98064,1.00,1.00
2017.07.25 11:45:06.373,7.97929,7.9807,1.00,1.00
2017.07.25 11:45:06.894,7.97942,7.98074,1.00,1.00
2017.07.25 11:45:07.121,7.97942,7.98083,1.00,1.00
2017.07.25 11:45:07.946,7.97945,7.98084,1.00,1.00
2017.07.25 11:45:08.634,7.97933,7.98074,1.00,1.00
2017.07.25 11:45:09.667,7.97935,7.98075,1.00,1.00
2017.07.25 11:45:09.991,7.97943,7.98075,1.00,1.00
2017.07.25 11:45:10.190,7.97943,7.98084,1.00,1.00
2017.07.25 11:45:10.455,7.97924,7.98085,1.00,1.00
2017.07.25 11:45:10.751,7.97935,7.98077,1.00,1.00
2017.07.25 11:45:11.848,7.97928,7.9807,1.00,1.00
2017.07.25 11:45:12.152,7.97919,7.98057,1.00,1.00
2017.07.25 11:45:12.773,7.97924,7.98065,1.00,1.00
2017.07.25 11:45:14.680,7.97926,7.98067,1.00,1.00
2017.07.25 11:45:16.299,7.97915,7.98078,1.00,1.00
2017.07.25 11:45:16.610,7.97936,7.98078,1.00,1.00
2017.07.25 11:45:17.387,7.97942,7.98083,1.00,1.00
2017.07.25 11:45:19.890,7.97945,7.98087,1.00,1.00
2017.07.25 11:45:19.941,7.97953,7.98094,1.00,1.00
2017.07.25 11:45:20.255,7.97947,7.98088,1.00,1.00
2017.07.25 11:45:20.955,7.97942,7.98083,1.00,1.00
2017.07.25 11:45:21.956,7.97939,7.98081,1.00,1.00
2017.07.25 11:45:22.407,7.97934,7.98076,1.00,1.00
2017.07.25 11:45:22.570,7.97919,7.98075,1.00,1.00
2017.07.25 11:45:23.492,7.97919,7.98072,1.00,1.00
2017.07.25 11:45:23.908,7.97919,7.98061,1.00,1.00
2017.07.25 11:45:26.075,7.97919,7.98075,1.00,1.50
2017.07.25 11:45:26.604,7.97919,7.98072,1.00,1.00
2017.07.25 11:45:26.998,7.97935,7.98072,1.00,1.00
2017.07.25 11:45:27.100,7.97935,7.98077,1.00,1.00
2017.07.25 11:45:28.176,7.97947,7.98085,1.00,1.00
2017.07.25 11:45:29.478,7.9796,7.98096,1.00,1.50
2017.07.25 11:45:29.663,7.97952,7.98094,1.00,1.00
2017.07.25 11:45:30.569,7.97934,7.98096,1.00,1.00
2017.07.25 11:45:31.083,7.97934,7.98095,1.00,1.00
2017.07.25 11:45:31.803,7.97934,7.98083,1.00,1.00
2017.07.25 11:45:31.905,7.97939,7.98093,1.00,1.00
2017.07.25 11:45:31.956,7.97926,7.98093,1.00,1.50
2017.07.25 11:45:32.007,7.97938,7.98078,1.00,1.00
2017.07.25 11:45:32.322,7.97938,7.98075,1.00,1.00
2017.07.25 11:45:32.474,7.97928,7.9807,1.00,1.00
2017.07.25 11:45:32.953,7.97934,7.98076,1.00,1.50
2017.07.25 11:45:33.300,7.97942,7.98076,1.00,1.00
2017.07.25 11:45:35.858,7.97938,7.98076,1.00,1.00
2017.07.25 11:45:35.960,7.97938,7.98062,1.00,1.00
2017.07.25 11:45:36.624,7.97938,7.98075,1.00,1.00
2017.07.25 11:45:36.931,7.97938,7.98079,1.00,1.00
2017.07.25 11:45:36.982,7.97942,7.98081,1.00,1.00
2017.07.25 11:45:38.651,7.97936,7.98078,1.00,1.00
2017.07.25 11:45:38.821,7.97933,7.98072,1.00,1.00
2017.07.25 11:45:39.631,7.97928,7.98069,1.00,1.00
2017.07.25 11:45:40.591,7.97937,7.98073,1.00,1.00
2017.07.25 11:45:40.795,7.97909,7.98049,1.00,1.00
2017.07.25 11:45:40.846,7.9789,7.9803,1.00,1.00
2017.07.25 11:45:41.100,7.97877,7.98018,1.00,1.00
2017.07.25 11:45:41.354,7.97899,7.98028,1.00,1.00
2017.07.25 11:45:41.455,7.97899,7.98039,1.00,1.50
2017.07.25 11:45:41.823,7.97907,7.98039,1.00,1.00
2017.07.25 11:45:41.874,7.97907,7.98049,1.00,1.00
2017.07.25 11:45:41.926,7.97916,7.98052,1.00,1.00
2017.07.25 11:45:42.231,7.97907,7.98049,1.00,1.00
2017.07.25 11:45:42.791,7.979,7.98041,1.00,1.00
2017.07.25 11:45:44.726,7.979,7.9804,1.00,1.00
2017.07.25 11:45:47.012,7.97895,7.98035,1.00,1.00
2017.07.25 11:45:48.345,7.97879,7.98023,1.00,1.00
2017.07.25 11:45:48.396,7.97876,7.98017,1.00,1.00
2017.07.25 11:45:48.447,7.97868,7.9801,1.00,1.00
2017.07.25 11:45:51.718,7.97851,7.97992,1.00,1.00
2017.07.25 11:45:52.264,7.97852,7.97993,1.00,1.00
2017.07.25 11:45:52.680,7.97859,7.98001,1.00,1.00
2017.07.25 11:45:54.099,7.97869,7.98011,1.00,1.00
2017.07.25 11:45:58.566,7.97872,7.98014,1.00,1.00
2017.07.25 11:45:59.775,7.97868,7.98008,1.00,1.00
2017.07.25 11:46:02.028,7.97875,7.98017,1.00,1.00
2017.07.25 11:46:02.181,7.97879,7.98021,1.00,1.00
2017.07.25 11:46:03.025,7.97884,7.98024,1.00,1.00
2017.07.25 11:46:04.579,7.97879,7.98021,1.00,1.00
2017.07.25 11:46:06.080,7.9788,7.98022,1.00,1.00
2017.07.25 11:46:06.435,7.97871,7.98013,1.00,1.00
2017.07.25 11:46:06.779,7.97854,7.97996,1.00,1.00
2017.07.25 11:46:07.399,7.97861,7.98002,1.00,1.00
2017.07.25 11:46:12.300,7.97853,7.97993,1.00,1.00
2017.07.25 11:46:13.301,7.97859,7.98,1.00,1.00
2017.07.25 11:46:14.301,7.97859,7.98001,1.00,1.00
2017.07.25 11:46:15.298,7.97863,7.98004,1.00,1.00
2017.07.25 11:46:22.298,7.97865,7.98006,1.00,1.00
2017.07.25 11:46:26.648,7.97847,7.98006,1.00,1.00
2017.07.25 11:46:26.700,7.97829,7.97973,1.00,1.00
2017.07.25 11:46:27.020,7.97796,7.97936,1.00,1.00
2017.07.25 11:46:27.071,7.97778,7.97927,1.00,1.00
2017.07.25 11:46:27.833,7.97785,7.97926,1.00,1.00
2017.07.25 11:46:28.095,7.97792,7.97934,1.00,1.00
2017.07.25 11:46:28.146,7.97799,7.97941,1.00,1.00
2017.07.25 11:46:29.136,7.97802,7.97943,1.00,1.00
2017.07.25 11:46:30.103,7.978,7.97941,1.00,1.00
2017.07.25 11:46:30.473,7.97807,7.97949,1.00,1.00
2017.07.25 11:46:31.144,7.97801,7.97943,1.00,1.00
2017.07.25 11:46:31.497,7.97794,7.97938,1.00,1.00
2017.07.25 11:46:31.599,7.97772,7.97917,1.00,1.00
2017.07.25 11:46:31.651,7.97768,7.97912,1.00,1.00
2017.07.25 11:46:31.993,7.97751,7.97893,1.00,1.00
2017.07.25 11:46:34.800,7.97746,7.97888,1.00,1.00
2017.07.25 11:46:35.272,7.97742,7.97884,1.00,1.00
2017.07.25 11:46:36.297,7.97743,7.97885,1.00,1.00
2017.07.25 11:46:37.256,7.97747,7.97887,1.00,1.00
2017.07.25 11:46:42.345,7.97753,7.97895,1.00,1.00
2017.07.25 11:46:43.656,7.97751,7.97891,1.00,1.00
2017.07.25 11:46:44.700,7.97763,7.97906,1.00,1.00
2017.07.25 11:46:44.751,7.97772,7.97914,1.00,1.00
2017.07.25 11:46:44.852,7.97763,7.9791,1.00,1.00
2017.07.25 11:46:45.213,7.97754,7.97901,1.00,1.00
2017.07.25 11:46:45.517,7.97741,7.97888,1.00,1.00
2017.07.25 11:46:46.281,7.97737,7.97884,1.00,1.00
2017.07.25 11:46:46.868,7.97729,7.97877,1.00,1.00
2017.07.25 11:46:46.919,7.97721,7.97867,1.00,1.00
2017.07.25 11:46:47.223,7.97711,7.97857,1.00,1.00
2017.07.25 11:46:47.325,7.97701,7.97848,1.00,1.00
2017.07.25 11:46:49.363,7.97691,7.97836,1.00,1.00
2017.07.25 11:46:49.414,7.97684,7.9783,1.00,1.00
2017.07.25 11:46:49.465,7.97701,7.97842,1.00,1.00
2017.07.25 11:46:50.431,7.97702,7.97843,1.00,1.00
2017.07.25 11:46:50.956,7.9771,7.97852,1.00,1.00
2017.07.25 11:46:51.058,7.97704,7.97846,1.00,1.00
2017.07.25 11:46:51.363,7.97693,7.97833,1.00,1.00
2017.07.25 11:46:51.673,7.97702,7.97841,1.00,1.00
2017.07.25 11:46:51.960,7.97651,7.97792,1.00,1.00
2017.07.25 11:46:52.061,7.97657,7.97798,1.00,1.00
2017.07.25 11:46:52.804,7.97666,7.97807,1.00,1.00
2017.07.25 11:46:53.513,7.97677,7.97835,1.00,1.00
2017.07.25 11:46:53.716,7.97677,7.97843,1.00,1.00
2017.07.25 11:46:53.863,7.97672,7.97837,1.00,1.00
2017.07.25 11:46:54.170,7.97666,7.97806,1.00,1.00
2017.07.25 11:46:54.497,7.97653,7.97793,1.00,1.00
2017.07.25 11:46:55.023,7.97665,7.97828,1.00,1.00
2017.07.25 11:46:55.211,7.97658,7.97799,1.00,1.00
2017.07.25 11:46:56.014,7.97668,7.97808,1.00,1.00
2017.07.25 11:46:56.267,7.97676,7.97838,1.00,1.00
2017.07.25 11:46:56.653,7.97676,7.97848,1.00,2.25
2017.07.25 11:46:56.796,7.97688,7.97829,1.00,1.00
2017.07.25 11:46:56.897,7.97686,7.97855,1.00,1.50
2017.07.25 11:46:56.999,7.97686,7.97847,1.00,1.00
2017.07.25 11:46:57.374,7.97678,7.97816,1.00,1.00
2017.07.25 11:46:57.425,7.97679,7.97847,1.00,1.00
2017.07.25 11:46:57.863,7.97679,7.97853,1.00,1.00
2017.07.25 11:46:58.686,7.9768,7.97854,1.00,1.00
2017.07.25 11:46:59.871,7.97682,7.97853,1.00,1.00
2017.07.25 11:47:00.652,7.97678,7.97849,1.00,1.00
2017.07.25 11:47:00.973,7.97672,7.97843,1.00,1.00
2017.07.25 11:47:01.280,7.97662,7.97833,1.00,1.00
2017.07.25 11:47:01.749,7.97654,7.97825,1.00,1.00
2017.07.25 11:47:02.398,7.97674,7.97814,1.00,1.00
2017.07.25 11:47:02.723,7.97656,7.97797,1.00,1.00
2017.07.25 11:47:03.237,7.97668,7.97809,1.00,1.00
2017.07.25 11:47:04.239,7.97672,7.97813,1.00,1.00
2017.07.25 11:47:06.201,7.97666,7.97821,1.00,1.00
2017.07.25 11:47:07.124,7.97674,7.97828,1.00,1.00
2017.07.25 11:47:07.428,7.97684,7.97837,1.00,1.00
2017.07.25 11:47:08.214,7.97676,7.97831,1.00,1.00
2017.07.25 11:47:09.202,7.97667,7.97822,1.00,1.00
2017.07.25 11:47:09.640,7.97662,7.97817,1.00,1.00
2017.07.25 11:47:09.974,7.97642,7.97796,1.00,1.00
2017.07.25 11:47:10.127,7.97631,7.97786,1.00,1.00
2017.07.25 11:47:11.023,7.97627,7.9778,1.00,1.00
2017.07.25 11:47:11.226,7.97635,7.97789,1.00,1.00
2017.07.25 11:47:11.539,7.97647,7.978,1.00,1.00
2017.07.25 11:47:11.640,7.97635,7.9779,1.00,1.00
2017.07.25 11:47:12.228,7.97629,7.9779,1.00,1.00
2017.07.25 11:47:13.663,7.97625,7.97787,1.00,1.00
2017.07.25 11:47:14.617,7.97624,7.97786,1.00,1.00
2017.07.25 11:47:15.618,7.97623,7.97786,1.00,1.00
2017.07.25 11:47:15.669,7.97616,7.97778,1.00,1.00
2017.07.25 11:47:16.620,7.97621,7.97781,1.00,1.00
2017.07.25 11:47:16.957,7.97625,7.97785,1.00,1.00
2017.07.25 11:47:17.621,7.97629,7.97789,1.00,1.00
2017.07.25 11:47:17.867,7.97624,7.97786,1.00,1.00
2017.07.25 11:47:18.869,7.97621,7.97782,1.00,1.00
2017.07.25 11:47:21.230,7.97621,7.97779,1.00,1.00
2017.07.25 11:47:21.761,7.97626,7.97784,1.00,1.00
2017.07.25 11:47:22.103,7.97631,7.97771,1.00,1.00
2017.07.25 11:47:22.154,7.9764,7.97781,1.00,1.00
2017.07.25 11:47:22.537,7.97659,7.97798,1.00,1.00
2017.07.25 11:47:22.740,7.97663,7.97815,1.00,1.00
2017.07.25 11:47:22.842,7.97679,7.97819,1.00,1.00
2017.07.25 11:47:23.246,7.97679,7.97811,1.00,1.00
2017.07.25 11:47:24.239,7.97683,7.97815,1.00,1.00
2017.07.25 11:47:24.341,7.97663,7.97805,1.00,1.00
2017.07.25 11:47:24.392,7.97658,7.9779,1.00,1.00
2017.07.25 11:47:24.730,7.97649,7.9778,1.00,1.00
2017.07.25 11:47:25.970,7.97636,7.97768,1.00,1.00
2017.07.25 11:47:28.764,7.97639,7.9777,1.00,1.00
2017.07.25 11:47:28.916,7.97671,7.97807,1.00,1.00
2017.07.25 11:47:29.018,7.97688,7.9782,1.00,1.00
2017.07.25 11:47:29.324,7.97672,7.97802,1.00,1.00
2017.07.25 11:47:29.931,7.97667,7.97813,1.00,1.00
2017.07.25 11:47:34.569,7.97663,7.9781,1.00,1.00
2017.07.25 11:47:34.859,7.97655,7.97809,1.00,1.00
2017.07.25 11:47:35.011,7.97646,7.97809,1.00,1.00
2017.07.25 11:47:35.113,7.97635,7.97797,1.00,1.00
2017.07.25 11:47:35.424,7.97647,7.9781,1.00,1.00
2017.07.25 11:47:36.083,7.97647,7.97808,1.00,1.00
2017.07.25 11:47:36.260,7.97639,7.97806,1.00,1.00
2017.07.25 11:47:36.481,7.97649,7.97808,1.00,1.00
2017.07.25 11:47:36.851,7.97655,7.97808,1.00,1.00
2017.07.25 11:47:37.377,7.97655,7.97807,1.00,1.00
2017.07.25 11:47:38.128,7.97657,7.97818,1.00,1.50
2017.07.25 11:47:39.222,7.97648,7.97815,1.00,1.00
2017.07.25 11:47:39.273,7.97644,7.97809,1.00,1.00
2017.07.25 11:47:39.645,7.97639,7.97794,1.00,1.00
2017.07.25 11:47:40.397,7.97639,7.97784,1.00,1.00
2017.07.25 11:47:40.909,7.97638,7.97784,1.00,1.00
2017.07.25 11:47:41.552,7.97641,7.97784,1.00,1.00
2017.07.25 11:47:43.001,7.97638,7.97784,1.00,1.00
2017.07.25 11:47:43.445,7.97638,7.9776,1.00,1.00
2017.07.25 11:47:43.597,7.97609,7.97733,1.00,1.00
2017.07.25 11:47:43.699,7.97582,7.97706,1.00,1.00
2017.07.25 11:47:44.003,7.97526,7.97649,1.00,1.00
2017.07.25 11:47:44.393,7.97503,7.97627,1.00,1.00
2017.07.25 11:47:44.444,7.97487,7.97608,1.00,1.00
2017.07.25 11:47:44.850,7.97464,7.97587,1.00,1.00
2017.07.25 11:47:45.387,7.97471,7.97594,1.00,1.00
2017.07.25 11:47:49.068,7.97483,7.97605,1.00,1.00
2017.07.25 11:47:49.119,7.97496,7.9762,1.00,1.00
2017.07.25 11:47:49.170,7.97505,7.97628,1.00,1.00
2017.07.25 11:47:49.373,7.97563,7.97687,1.00,1.00
2017.07.25 11:47:49.525,7.97583,7.97706,1.00,1.00
2017.07.25 11:47:49.864,7.97604,7.97725,1.00,1.00
2017.07.25 11:47:50.269,7.97613,7.97734,1.00,1.00
2017.07.25 11:47:50.885,7.97608,7.97731,1.00,1.00
2017.07.25 11:47:51.290,7.97612,7.97735,1.00,1.00
2017.07.25 11:47:51.392,7.97591,7.97715,1.00,1.00
2017.07.25 11:47:51.494,7.97582,7.97705,1.00,1.00
2017.07.25 11:47:51.797,7.97569,7.97692,1.00,1.00
2017.07.25 11:47:52.073,7.97554,7.97678,1.00,1.00
2017.07.25 11:47:52.735,7.97536,7.9766,1.00,1.00
2017.07.25 11:47:53.039,7.97509,7.9763,1.00,1.00
2017.07.25 11:47:53.774,7.97502,7.97625,1.00,1.00
2017.07.25 11:47:53.876,7.9749,7.97613,1.00,1.00
2017.07.25 11:47:55.922,7.97486,7.9761,1.00,1.00
2017.07.25 11:47:57.749,7.97478,7.97599,1.00,1.00
2017.07.25 11:47:58.796,7.97493,7.97616,1.00,1.00
2017.07.25 11:47:58.999,7.9748,7.97602,1.00,1.00
2017.07.25 11:47:59.407,7.9749,7.97613,1.00,1.00
2017.07.25 11:47:59.508,7.97498,7.97621,1.00,1.00
2017.07.25 11:47:59.812,7.97527,7.97638,1.00,1.00
2017.07.25 11:47:59.913,7.97527,7.9765,1.00,1.00
2017.07.25 11:48:00.002,7.97527,7.97646,1.00,1.00
2017.07.25 11:48:00.053,7.97527,7.9765,1.00,1.00
2017.07.25 11:48:00.630,7.97516,7.97637,1.00,1.00
2017.07.25 11:48:00.759,7.97483,7.97607,1.00,1.00
2017.07.25 11:48:01.523,7.97488,7.97609,1.00,1.00
2017.07.25 11:48:02.419,7.97478,7.97601,1.00,1.00
2017.07.25 11:48:04.944,7.97478,7.97589,1.00,1.00
2017.07.25 11:48:05.206,7.97467,7.97589,1.00,1.00
2017.07.25 11:48:05.866,7.9746,7.97583,1.00,1.00
2017.07.25 11:48:06.554,7.9746,7.97583,1.75,1.00
2017.07.25 11:48:06.656,7.97503,7.97626,1.00,1.00
2017.07.25 11:48:06.707,7.97524,7.97645,1.00,1.00
2017.07.25 11:48:07.011,7.97603,7.97726,1.00,1.00
2017.07.25 11:48:07.062,7.97642,7.97755,1.00,1.00
2017.07.25 11:48:07.113,7.97652,7.97775,1.00,1.00
2017.07.25 11:48:07.165,7.97684,7.97775,1.00,1.00
2017.07.25 11:48:07.216,7.97687,7.9781,1.00,1.00
2017.07.25 11:48:08.073,7.97697,7.9782,1.00,1.00
2017.07.25 11:48:08.452,7.97697,7.9782,1.75,1.00
2017.07.25 11:48:08.655,7.97726,7.97829,1.00,1.00
2017.07.25 11:48:09.156,7.97726,7.97816,1.00,1.00
2017.07.25 11:48:09.660,7.97726,7.97822,1.00,1.00
2017.07.25 11:48:09.711,7.97746,7.97833,1.00,1.00
2017.07.25 11:48:10.365,7.97701,7.97824,1.00,1.00
2017.07.25 11:48:10.416,7.9767,7.97793,1.00,1.00
2017.07.25 11:48:10.603,7.97652,7.97776,1.00,1.00
2017.07.25 11:48:10.705,7.97632,7.97755,1.00,1.00
2017.07.25 11:48:11.009,7.97614,7.97737,1.00,1.00
2017.07.25 11:48:11.723,7.97611,7.97734,1.00,1.00
2017.07.25 11:48:11.949,7.97619,7.97743,1.00,1.00
2017.07.25 11:48:12.620,7.97628,7.97751,1.00,1.37
2017.07.25 11:48:13.090,7.97628,7.97751,1.00,1.00
2017.07.25 11:48:13.620,7.97632,7.97754,1.00,1.00
2017.07.25 11:48:14.094,7.97639,7.97762,1.00,1.00
2017.07.25 11:48:14.145,7.97648,7.97771,1.00,1.37
2017.07.25 11:48:14.196,7.97637,7.97761,1.00,1.00
2017.07.25 11:48:14.552,7.97637,7.97761,1.00,1.37
2017.07.25 11:48:14.899,7.97661,7.97784,1.00,1.37
2017.07.25 11:48:15.640,7.97669,7.97793,1.00,1.37
2017.07.25 11:48:15.742,7.97669,7.97793,1.00,1.37
2017.07.25 11:48:15.793,7.97676,7.978,1.00,1.37
2017.07.25 11:48:16.336,7.97672,7.97793,1.00,1.37
2017.07.25 11:48:16.691,7.97662,7.97783,1.00,1.00
2017.07.25 11:48:16.742,7.97645,7.97768,1.00,1.00
2017.07.25 11:48:16.945,7.97633,7.97756,1.00,1.00
2017.07.25 11:48:18.573,7.97662,7.97771,1.00,1.37
2017.07.25 11:48:18.899,7.97662,7.97785,1.00,1.37
2017.07.25 11:48:19.192,7.97658,7.97782,1.00,1.37
2017.07.25 11:48:19.698,7.97658,7.97782,1.00,1.37
2017.07.25 11:48:20.306,7.97659,7.97783,1.00,1.37
2017.07.25 11:48:20.543,7.9765,7.97773,1.00,1.37
2017.07.25 11:48:21.174,7.97654,7.97778,1.00,1.37
2017.07.25 11:48:21.493,7.97654,7.97778,1.00,1.37
2017.07.25 11:48:22.177,7.97653,7.97777,1.00,1.37
2017.07.25 11:48:22.404,7.97664,7.97788,1.00,1.37
2017.07.25 11:48:22.708,7.97691,7.97811,1.00,1.37
2017.07.25 11:48:23.084,7.97691,7.97814,1.00,1.37
2017.07.25 11:48:24.441,7.97691,7.97814,1.00,1.37
2017.07.25 11:48:24.679,7.97683,7.97807,1.00,1.37
2017.07.25 11:48:24.781,7.97689,7.97813,1.00,1.37
2017.07.25 11:48:24.832,7.9767,7.97791,1.00,1.00
2017.07.25 11:48:24.884,7.97631,7.97777,1.00,1.00
2017.07.25 11:48:24.935,7.97627,7.97777,1.00,1.00
2017.07.25 11:48:25.037,7.97639,7.97762,1.00,1.00
2017.07.25 11:48:25.889,7.97658,7.9778,1.00,1.37
2017.07.25 11:48:25.940,7.97641,7.97764,1.00,1.37
2017.07.25 11:48:26.227,7.97641,7.97764,1.00,1.37
2017.07.25 11:48:26.901,7.97641,7.97764,1.00,1.37
2017.07.25 11:48:27.210,7.97648,7.97769,1.00,1.37
2017.07.25 11:48:27.535,7.97648,7.97769,1.00,1.37
2017.07.25 11:48:28.865,7.97647,7.97768,1.00,1.37
2017.07.25 11:48:29.583,7.97636,7.97757,1.00,1.00
2017.07.25 11:48:29.634,7.97641,7.97764,1.00,1.37
2017.07.25 11:48:29.951,7.97651,7.97774,1.00,1.37
2017.07.25 11:48:30.080,7.9764,7.97763,1.00,1.37
2017.07.25 11:48:30.523,7.97695,7.9779,1.00,1.37
2017.07.25 11:48:30.574,7.97716,7.97839,1.00,1.37
2017.07.25 11:48:30.625,7.97731,7.97839,1.00,1.37
2017.07.25 11:48:30.676,7.97746,7.97852,1.00,1.00
2017.07.25 11:48:30.727,7.97746,7.97857,1.00,1.00
2017.07.25 11:48:30.778,7.97746,7.97867,1.00,1.00
2017.07.25 11:48:31.483,7.97756,7.97879,1.00,1.37
2017.07.25 11:48:31.993,7.97756,7.97879,1.00,1.37
2017.07.25 11:48:32.147,7.97741,7.97864,1.00,1.00
2017.07.25 11:48:32.249,7.97722,7.97844,1.00,1.00
2017.07.25 11:48:32.553,7.97704,7.97826,1.00,1.37
2017.07.25 11:48:33.139,7.97694,7.97818,1.00,1.37
2017.07.25 11:48:34.898,7.97694,7.97818,1.00,1.37
2017.07.25 11:48:35.273,7.97699,7.97823,1.00,1.37
2017.07.25 11:48:35.582,7.97719,7.97843,1.00,1.87
2017.07.25 11:48:35.937,7.97726,7.97843,1.00,1.37
2017.07.25 11:48:35.989,7.97748,7.97843,1.00,1.00
2017.07.25 11:48:36.041,7.97755,7.97843,1.00,1.00
2017.07.25 11:48:36.346,7.97769,7.97886,1.00,1.37
2017.07.25 11:48:36.691,7.9778,7.97887,1.00,1.37
2017.07.25 11:48:37.590,7.9778,7.97904,1.00,1.37
2017.07.25 11:48:37.641,7.97771,7.97893,1.00,1.37
2017.07.25 11:48:37.793,7.97754,7.97877,1.00,1.00
2017.07.25 11:48:37.845,7.97745,7.97868,1.00,1.00
2017.07.25 11:48:38.747,7.97745,7.97868,1.00,1.37
2017.07.25 11:48:38.798,7.97743,7.9787,1.00,1.37
2017.07.25 11:48:41.236,7.97751,7.97873,1.00,1.37
2017.07.25 11:48:41.615,7.97756,7.97879,1.00,1.37
2017.07.25 11:48:42.250,7.9776,7.97884,1.00,1.37
2017.07.25 11:48:42.526,7.9776,7.97884,1.00,1.37
2017.07.25 11:48:43.928,7.97761,7.97885,1.00,1.37
2017.07.25 11:48:45.094,7.97763,7.97887,1.00,1.37
2017.07.25 11:48:45.432,7.97774,7.97896,1.00,1.37
2017.07.25 11:48:45.584,7.97763,7.97887,1.00,1.37
2017.07.25 11:48:45.640,7.97773,7.97897,1.00,1.37
2017.07.25 11:48:45.691,7.97759,7.97883,1.00,1.37
2017.07.25 11:48:46.563,7.97753,7.97877,1.00,1.37
2017.07.25 11:48:47.781,7.9776,7.97884,1.00,1.37
2017.07.25 11:48:48.529,7.97756,7.97879,1.00,1.37
2017.07.25 11:48:49.342,7.9776,7.97884,1.00,1.37
2017.07.25 11:48:49.728,7.97752,7.97874,1.00,1.00
2017.07.25 11:48:52.563,7.97748,7.97871,1.00,1.00
2017.07.25 11:48:54.046,7.97748,7.97871,1.00,1.37
2017.07.25 11:48:54.995,7.97744,7.97868,1.00,1.00
2017.07.25 11:48:55.060,7.97755,7.97879,1.00,1.37
2017.07.25 11:48:55.943,7.97762,7.97886,1.00,1.37
2017.07.25 11:48:55.994,7.97755,7.97878,1.00,1.00
2017.07.25 11:48:56.404,7.97765,7.97889,1.00,1.37
2017.07.25 11:48:56.506,7.97759,7.97883,1.00,1.37
2017.07.25 11:48:56.607,7.97751,7.97875,1.00,1.00
2017.07.25 11:48:58.030,7.97751,7.97875,1.00,1.37
2017.07.25 11:48:58.520,7.97756,7.9788,1.00,1.37
2017.07.25 11:48:58.841,7.97763,7.97887,1.00,1.37
2017.07.25 11:48:59.537,7.97754,7.97878,1.00,1.00
2017.07.25 11:49:00.562,7.97755,7.97878,1.00,1.00
2017.07.25 11:49:01.125,7.97738,7.97881,1.00,1.00
2017.07.25 11:49:01.804,7.9775,7.97874,1.00,1.00
2017.07.25 11:49:02.548,7.97754,7.97878,1.00,1.00
2017.07.25 11:49:03.508,7.9776,7.97882,1.00,1.00
2017.07.25 11:49:04.509,7.97764,7.97886,1.00,1.00
2017.07.25 11:49:05.033,7.97764,7.97886,1.00,1.37
2017.07.25 11:49:05.561,7.97759,7.97883,1.00,1.37
2017.07.25 11:49:06.512,7.9776,7.97884,1.00,1.37
2017.07.25 11:49:07.013,7.9776,7.97884,1.00,1.37
2017.07.25 11:49:07.627,7.97759,7.97883,1.00,1.37
2017.07.25 11:49:08.762,7.97759,7.97883,1.00,1.37
2017.07.25 11:49:09.961,7.97759,7.97883,1.00,1.37
2017.07.25 11:49:10.246,7.97756,7.97879,1.00,1.37
2017.07.25 11:49:11.028,7.97756,7.97879,1.00,1.00
2017.07.25 11:49:13.586,7.97752,7.97876,1.00,1.00
2017.07.25 11:49:14.050,7.97741,7.97865,1.00,1.00
2017.07.25 11:49:14.393,7.97728,7.97851,1.00,1.00
2017.07.25 11:49:14.724,7.97721,7.97844,1.00,1.00
2017.07.25 11:49:15.147,7.97714,7.97838,1.00,1.00
2017.07.25 11:49:15.663,7.97709,7.97833,1.00,1.00
2017.07.25 11:49:15.984,7.97712,7.97836,1.00,1.00
2017.07.25 11:49:16.886,7.97709,7.97832,1.00,1.00
2017.07.25 11:49:17.491,7.97714,7.97838,1.00,1.00
2017.07.25 11:49:18.472,7.97718,7.97841,1.00,1.00
2017.07.25 11:49:18.626,7.97722,7.97846,1.00,1.00
2017.07.25 11:49:18.829,7.97737,7.97859,1.00,1.37
2017.07.25 11:49:19.057,7.97758,7.97882,1.00,1.00
2017.07.25 11:49:19.971,7.97759,7.97883,1.00,1.00
2017.07.25 11:49:20.123,7.97769,7.97892,1.00,1.37
2017.07.25 11:49:20.174,7.97762,7.97884,1.00,1.12
2017.07.25 11:49:20.333,7.97753,7.97877,1.00,1.00
2017.07.25 11:49:20.741,7.9774,7.97863,1.00,1.00
2017.07.25 11:49:20.843,7.97726,7.9785,1.00,1.00
2017.07.25 11:49:21.053,7.97738,7.97861,1.00,1.00
2017.07.25 11:49:21.407,7.97728,7.97852,1.00,1.00
2017.07.25 11:49:21.459,7.97713,7.97837,1.00,1.00
2017.07.25 11:49:22.432,7.97706,7.97829,1.00,1.00
2017.07.25 11:49:22.635,7.977,7.97824,1.00,1.00
2017.07.25 11:49:23.020,7.97709,7.9783,1.00,1.00
2017.07.25 11:49:23.603,7.97712,7.97836,1.00,1.00
2017.07.25 11:49:25.499,7.97707,7.9783,1.00,1.00
2017.07.25 11:49:26.299,7.97712,7.97835,1.00,1.00
2017.07.25 11:49:26.491,7.97717,7.97841,1.00,1.00
2017.07.25 11:49:30.171,7.97716,7.9784,1.00,1.00
2017.07.25 11:49:32.144,7.97714,7.97837,1.00,1.00
2017.07.25 11:49:32.480,7.97709,7.97831,1.00,1.00
2017.07.25 11:49:33.050,7.97662,7.97786,1.00,1.00
2017.07.25 11:49:33.101,7.97649,7.97772,1.00,1.00
2017.07.25 11:49:33.204,7.97637,7.97761,1.00,1.00
2017.07.25 11:49:33.408,7.97619,7.97743,1.00,1.37
2017.07.25 11:49:33.459,7.9759,7.97712,1.00,1.00
2017.07.25 11:49:33.510,7.97598,7.97719,1.00,1.00
2017.07.25 11:49:33.674,7.97585,7.97715,1.00,1.37
2017.07.25 11:49:33.878,7.97619,7.97743,1.00,1.37
2017.07.25 11:49:34.031,7.97648,7.97772,1.00,1.00
2017.07.25 11:49:34.286,7.97676,7.97798,1.00,1.37
2017.07.25 11:49:34.476,7.97672,7.97796,1.00,1.00
2017.07.25 11:49:34.731,7.97652,7.97775,1.00,1.00
2017.07.25 11:49:35.036,7.97667,7.9779,1.00,1.00
2017.07.25 11:49:35.545,7.97647,7.97783,1.00,1.00
2017.07.25 11:49:35.942,7.97644,7.97767,1.00,1.00
2017.07.25 11:49:36.217,7.97628,7.97752,1.00,1.00
2017.07.25 11:49:36.525,7.97621,7.97744,1.00,1.00
2017.07.25 11:49:37.407,7.97627,7.97751,1.00,1.00
2017.07.25 11:49:38.264,7.97633,7.97757,1.00,1.00
2017.07.25 11:49:38.568,7.97629,7.97753,1.00,1.00
2017.07.25 11:49:38.720,7.97582,7.97739,1.00,1.37
2017.07.25 11:49:38.771,7.9759,7.97741,1.00,1.37
2017.07.25 11:49:39.075,7.97612,7.97753,1.00,1.37
2017.07.25 11:49:39.813,7.97616,7.97754,1.00,1.37
2017.07.25 11:49:40.093,7.97616,7.97754,1.00,1.00
2017.07.25 11:49:40.813,7.97613,7.97751,1.00,1.00
2017.07.25 11:49:41.783,7.97601,7.97742,1.00,1.00
2017.07.25 11:49:41.834,7.97591,7.9773,1.00,1.00
2017.07.25 11:49:42.565,7.97591,7.9773,1.00,1.37
2017.07.25 11:49:43.272,7.97602,7.97742,1.00,1.37
2017.07.25 11:49:43.323,7.97597,7.97734,1.00,1.37
2017.07.25 11:49:43.526,7.97588,7.97728,1.00,1.37
2017.07.25 11:49:44.112,7.97588,7.97728,1.00,1.00
2017.07.25 11:49:44.493,7.97586,7.97727,1.00,1.00
2017.07.25 11:49:44.886,7.97601,7.97742,1.00,1.37
2017.07.25 11:49:45.231,7.97609,7.97733,1.00,1.12
2017.07.25 11:49:46.197,7.97615,7.97736,1.00,1.00
2017.07.25 11:49:46.299,7.97605,7.97728,1.00,1.00
2017.07.25 11:49:46.878,7.97597,7.9772,1.00,1.00
2017.07.25 11:49:47.740,7.97602,7.97725,1.00,1.00
2017.07.25 11:49:49.710,7.97625,7.97746,1.00,1.00
2017.07.25 11:49:50.247,7.97632,7.97755,1.00,1.00
2017.07.25 11:49:50.890,7.97651,7.97772,1.00,1.00
2017.07.25 11:49:51.530,7.97654,7.97785,1.00,1.50
2017.07.25 11:49:52.651,7.97682,7.97813,1.00,1.37
2017.07.25 11:49:52.803,7.97679,7.97803,1.00,1.00
2017.07.25 11:49:53.057,7.97665,7.97786,1.00,1.00
2017.07.25 11:49:53.579,7.97682,7.97806,1.00,1.00
2017.07.25 11:49:53.631,7.97698,7.97819,1.00,1.37
2017.07.25 11:49:54.052,7.97704,7.97827,1.00,1.00
2017.07.25 11:49:54.359,7.97692,7.97815,1.00,1.00
2017.07.25 11:49:55.248,7.97692,7.97815,1.00,1.37
2017.07.25 11:49:55.299,7.97672,7.97812,1.00,1.37
2017.07.25 11:49:55.350,7.97637,7.9776,1.00,1.00
2017.07.25 11:49:56.469,7.97633,7.97756,1.00,1.00
2017.07.25 11:49:56.771,7.97627,7.97748,1.00,1.00
2017.07.25 11:49:56.873,7.97632,7.97755,1.00,1.00
2017.07.25 11:49:57.515,7.97643,7.97766,1.00,1.00
2017.07.25 11:49:57.978,7.97653,7.97774,1.00,1.00
2017.07.25 11:49:58.434,7.97651,7.97781,1.00,1.00
2017.07.25 11:49:59.430,7.97648,7.97781,1.00,1.00
2017.07.25 11:50:00.432,7.97649,7.97781,1.00,1.00
2017.07.25 11:50:01.976,7.97641,7.97781,1.00,1.00
2017.07.25 11:50:02.027,7.97636,7.97781,1.00,1.00
2017.07.25 11:50:02.455,7.97636,7.97781,1.00,1.37
2017.07.25 11:50:02.978,7.97631,7.97781,1.00,1.37
2017.07.25 11:50:03.631,7.97631,7.97781,1.00,1.37
2017.07.25 11:50:05.073,7.97627,7.97781,1.00,1.37
2017.07.25 11:50:05.902,7.97622,7.97745,1.00,1.00
2017.07.25 11:50:06.203,7.9757,7.97693,1.00,1.00
2017.07.25 11:50:06.509,7.97583,7.97705,1.00,1.00
2017.07.25 11:50:07.027,7.97573,7.97697,1.00,1.00
2017.07.25 11:50:07.990,7.97577,7.977,1.00,1.00
2017.07.25 11:50:08.220,7.97582,7.97706,1.00,1.00
2017.07.25 11:50:08.271,7.97592,7.97708,1.00,1.00
2017.07.25 11:50:08.775,7.97592,7.97716,1.00,1.37
2017.07.25 11:50:09.035,7.97599,7.97723,1.00,1.00
2017.07.25 11:50:09.849,7.97606,7.97729,1.00,1.50
2017.07.25 11:50:10.153,7.97611,7.97729,1.00,1.00
2017.07.25 11:50:10.462,7.97621,7.97734,1.00,1.00
2017.07.25 11:50:10.770,7.97621,7.97745,1.00,1.00
2017.07.25 11:50:10.872,7.97608,7.97731,1.00,1.00
2017.07.25 11:50:11.278,7.97615,7.97738,1.00,1.00
2017.07.25 11:50:11.846,7.97604,7.97725,1.00,1.00
2017.07.25 11:50:12.001,7.97593,7.97715,1.00,1.00
2017.07.25 11:50:12.204,7.97564,7.97687,1.00,1.00
2017.07.25 11:50:12.306,7.97554,7.97678,1.00,1.00
2017.07.25 11:50:12.407,7.97544,7.97665,1.00,1.00
2017.07.25 11:50:12.762,7.97529,7.97652,1.00,1.00
2017.07.25 11:50:13.744,7.97531,7.97655,1.00,1.00
2017.07.25 11:50:14.650,7.97534,7.97655,1.00,1.00
2017.07.25 11:50:15.652,7.97535,7.97657,1.00,1.00
2017.07.25 11:50:16.113,7.97542,7.97666,1.00,1.00
2017.07.25 11:50:16.164,7.97553,7.97675,1.00,1.00
2017.07.25 11:50:16.266,7.97583,7.97706,1.00,1.00
2017.07.25 11:50:16.418,7.97604,7.97722,1.00,1.00
2017.07.25 11:50:16.469,7.97604,7.97727,1.00,1.00
2017.07.25 11:50:16.520,7.97626,7.97749,1.00,1.00
2017.07.25 11:50:16.876,7.9765,7.97753,1.00,1.50
2017.07.25 11:50:17.526,7.97646,7.97753,1.00,1.50
2017.07.25 11:50:18.090,7.97616,7.97738,1.00,1.00
2017.07.25 11:50:18.141,7.97606,7.97728,1.00,1.00
2017.07.25 11:50:18.192,7.97595,7.97718,1.00,1.00
2017.07.25 11:50:18.997,7.97577,7.97701,1.00,1.00
2017.07.25 11:50:19.590,7.97568,7.97691,1.00,1.00
2017.07.25 11:50:20.018,7.97564,7.97687,1.00,1.00
2017.07.25 11:50:20.546,7.97569,7.97691,1.00,1.00
2017.07.25 11:50:20.991,7.97577,7.97701,1.00,1.00
2017.07.25 11:50:21.093,7.97586,7.97707,1.00,1.00
2017.07.25 11:50:22.063,7.97581,7.97705,1.00,1.00
2017.07.25 11:50:22.222,7.97582,7.97703,1.00,1.00
2017.07.25 11:50:23.211,7.97579,7.97702,1.00,1.00
2017.07.25 11:50:23.433,7.97585,7.97708,1.00,1.00
2017.07.25 11:50:24.232,7.97581,7.97704,1.00,1.00
2017.07.25 11:50:24.545,7.97585,7.97708,1.00,1.00
2017.07.25 11:50:25.053,7.97585,7.97709,1.00,1.00
2017.07.25 11:50:25.523,7.97577,7.977,1.00,1.00
2017.07.25 11:50:25.827,7.97569,7.97692,1.00,1.00
2017.07.25 11:50:26.136,7.97582,7.97705,1.00,1.00
2017.07.25 11:50:26.188,7.9759,7.97719,1.00,1.00
2017.07.25 11:50:26.239,7.97584,7.97705,1.00,1.00
2017.07.25 11:50:26.290,7.97571,7.97694,1.00,1.00
2017.07.25 11:50:27.100,7.97579,7.97703,1.00,1.00
2017.07.25 11:50:27.522,7.97576,7.97697,1.00,1.00
2017.07.25 11:50:27.663,7.97565,7.97688,1.00,1.00
2017.07.25 11:50:27.898,7.97573,7.97696,1.00,1.00
2017.07.25 11:50:28.207,7.97592,7.97713,1.00,1.00
2017.07.25 11:50:28.596,7.97605,7.97724,1.00,1.00
2017.07.25 11:50:28.698,7.97613,7.97736,1.00,1.00
2017.07.25 11:50:28.749,7.97627,7.9775,1.00,1.00
2017.07.25 11:50:29.591,7.97633,7.97756,1.00,1.50
2017.07.25 11:50:29.895,7.97654,7.97777,1.00,1.00
2017.07.25 11:50:30.747,7.9766,7.97781,1.00,1.00
2017.07.25 11:50:30.849,7.97664,7.97787,1.00,1.00
2017.07.25 11:50:31.261,7.97655,7.97777,1.00,1.00
2017.07.25 11:50:31.362,7.97628,7.97752,1.00,1.00
2017.07.25 11:50:31.515,7.97611,7.97734,1.00,1.00
2017.07.25 11:50:31.846,7.97601,7.97724,1.00,1.00
2017.07.25 11:50:32.201,7.9759,7.97713,1.00,1.00
2017.07.25 11:50:32.507,7.97576,7.97699,1.00,1.00
2017.07.25 11:50:32.946,7.97565,7.97688,1.00,1.00
2017.07.25 11:50:33.252,7.97559,7.97682,1.00,1.00
2017.07.25 11:50:33.756,7.97551,7.97672,1.00,1.00
2017.07.25 11:50:36.149,7.9756,7.97683,1.00,1.00
2017.07.25 11:50:36.200,7.97569,7.97692,1.00,1.00
2017.07.25 11:50:37.837,7.97571,7.97694,1.00,1.00
2017.07.25 11:50:40.022,7.97573,7.97696,1.00,1.00
2017.07.25 11:50:43.200,7.9759,7.97711,1.00,1.00
2017.07.25 11:50:43.345,7.97581,7.97704,1.00,1.00
2017.07.25 11:50:43.824,7.9759,7.97714,1.00,1.00
2017.07.25 11:50:43.976,7.97605,7.97721,1.00,1.00
2017.07.25 11:50:44.668,7.97605,7.97728,1.00,1.00
2017.07.25 11:50:44.973,7.97607,7.97731,1.00,1.00
2017.07.25 11:50:45.024,7.97618,7.97739,1.00,1.00
2017.07.25 11:50:45.938,7.97611,7.97734,1.00,1.00
2017.07.25 11:50:46.712,7.97614,7.97737,1.00,1.00
2017.07.25 11:50:46.763,7.97629,7.97771,1.00,1.00
2017.07.25 11:50:46.814,7.97642,7.97763,1.00,1.00
2017.07.25 11:50:47.414,7.97605,7.97729,1.00,1.00
2017.07.25 11:50:47.567,7.97586,7.9771,1.00,1.00
2017.07.25 11:50:47.872,7.97552,7.97675,1.00,1.00
2017.07.25 11:50:48.030,7.97534,7.97658,1.00,1.00
2017.07.25 11:50:48.818,7.97543,7.97666,1.00,1.00
2017.07.25 11:50:49.192,7.97605,7.97744,1.00,1.00
2017.07.25 11:50:50.095,7.97601,7.97742,1.00,1.00
2017.07.25 11:50:50.146,7.97637,7.9776,1.00,1.00
2017.07.25 11:50:50.450,7.97661,7.97785,1.00,1.00
2017.07.25 11:50:50.668,7.97621,7.97768,1.00,1.00
2017.07.25 11:50:51.556,7.97625,7.97774,1.00,1.00
2017.07.25 11:50:51.659,7.97626,7.97781,1.00,1.00
2017.07.25 11:50:55.901,7.97619,7.97774,1.00,1.00
2017.07.25 11:50:56.259,7.97608,7.97763,1.00,1.00
2017.07.25 11:50:57.025,7.97614,7.97768,1.00,1.00
2017.07.25 11:50:57.143,7.97607,7.97763,1.00,1.00
2017.07.25 11:50:58.969,7.97604,7.97759,1.00,1.00
2017.07.25 11:50:59.020,7.97613,7.97769,1.00,1.00
2017.07.25 11:50:59.345,7.97588,7.97744,1.00,1.00
2017.07.25 11:50:59.691,7.976,7.97755,1.00,1.00
2017.07.25 11:51:00.326,7.97605,7.97759,1.00,1.00
2017.07.25 11:51:00.814,7.97609,7.97756,1.00,1.00
2017.07.25 11:51:02.205,7.97603,7.97751,1.00,1.00
2017.07.25 11:51:03.717,7.97611,7.97758,1.00,1.00
2017.07.25 11:51:05.192,7.97615,7.97761,1.00,1.00
2017.07.25 11:51:05.508,7.97622,7.97768,1.00,1.00
2017.07.25 11:51:06.199,7.97618,7.97764,1.00,1.00
2017.07.25 11:51:07.194,7.97615,7.97762,1.00,1.00
2017.07.25 11:51:08.267,7.97619,7.97766,1.00,1.00
2017.07.25 11:51:09.814,7.97615,7.97762,1.00,1.00
2017.07.25 11:51:13.222,7.9761,7.97757,1.00,1.00
2017.07.25 11:51:14.202,7.97609,7.97756,1.00,1.00
2017.07.25 11:51:14.549,7.97589,7.97734,1.00,1.00
2017.07.25 11:51:15.172,7.97561,7.97706,1.00,1.00
2017.07.25 11:51:15.275,7.97549,7.97695,1.00,1.00
2017.07.25 11:51:16.125,7.97551,7.97687,1.00,1.00
2017.07.25 11:51:16.622,7.97546,7.97683,1.00,1.00
2017.07.25 11:51:16.723,7.97539,7.97677,1.00,1.00
2017.07.25 11:51:16.774,7.97531,7.97667,1.00,1.00
2017.07.25 11:51:17.050,7.97526,7.97664,1.00,1.00
2017.07.25 11:51:17.733,7.97521,7.97659,1.00,1.00
2017.07.25 11:51:19.307,7.97536,7.97674,1.00,1.00
2017.07.25 11:51:20.258,7.97543,7.9768,1.00,1.00
2017.07.25 11:51:20.462,7.97549,7.97687,1.00,1.00
2017.07.25 11:51:21.290,7.97555,7.97693,1.00,1.00
2017.07.25 11:51:21.709,7.97562,7.97707,1.00,1.00
2017.07.25 11:51:22.219,7.97549,7.97713,1.00,1.00
2017.07.25 11:51:22.270,7.97551,7.97695,1.00,1.00
2017.07.25 11:51:22.371,7.97568,7.97713,1.00,1.00
2017.07.25 11:51:22.566,7.97559,7.97704,1.00,1.00
2017.07.25 11:51:22.870,7.9757,7.97713,1.00,1.00
2017.07.25 11:51:22.972,7.97578,7.97724,1.00,1.00
2017.07.25 11:51:24.586,7.97581,7.97724,1.00,1.00
2017.07.25 11:51:24.743,7.97586,7.9773,1.00,1.00
2017.07.25 11:51:24.930,7.97586,7.97728,1.00,1.00
2017.07.25 11:51:25.235,7.97596,7.9772,1.00,1.00
2017.07.25 11:51:26.078,7.97609,7.97728,1.00,1.00
2017.07.25 11:51:26.242,7.97618,7.97742,1.00,1.00
2017.07.25 11:51:27.156,7.97622,7.97745,1.00,1.00
2017.07.25 11:51:28.064,7.97614,7.97738,1.00,1.00
2017.07.25 11:51:28.115,7.97608,7.97732,1.00,1.00
2017.07.25 11:51:29.062,7.97613,7.97736,1.00,1.00
2017.07.25 11:51:30.127,7.9762,7.97742,1.00,1.00
2017.07.25 11:51:30.798,7.97628,7.97751,1.00,1.50
2017.07.25 11:51:31.798,7.97631,7.97751,1.00,1.00
2017.07.25 11:51:32.195,7.97626,7.97748,1.00,1.00
2017.07.25 11:51:32.400,7.97618,7.97739,1.00,1.00
2017.07.25 11:51:32.451,7.97609,7.97731,1.00,1.00
2017.07.25 11:51:32.552,7.97598,7.97721,1.00,1.00
2017.07.25 11:51:33.366,7.97591,7.97714,1.00,1.00
2017.07.25 11:51:34.562,7.97594,7.97718,1.00,1.00
2017.07.25 11:51:36.740,7.97586,7.9771,1.00,1.00
2017.07.25 11:51:37.074,7.97576,7.977,1.00,1.00
2017.07.25 11:51:37.765,7.97583,7.97705,1.00,1.00
2017.07.25 11:51:38.554,7.97596,7.9772,1.00,1.00
2017.07.25 11:51:39.076,7.97603,7.97727,1.00,1.00
2017.07.25 11:51:39.380,7.97613,7.97737,1.00,1.00
2017.07.25 11:51:39.781,7.97625,7.97749,1.00,1.00
2017.07.25 11:51:40.422,7.97629,7.97753,1.00,1.00
2017.07.25 11:51:44.255,7.9763,7.97754,1.00,1.00
2017.07.25 11:51:45.440,7.97634,7.97759,1.00,1.00
2017.07.25 11:51:45.711,7.9763,7.97754,1.00,1.00
2017.07.25 11:51:46.040,7.97622,7.97746,1.00,1.00
2017.07.25 11:51:46.691,7.97617,7.97741,1.00,1.00
2017.07.25 11:51:49.395,7.97611,7.97735,1.00,1.00
2017.07.25 11:51:49.446,7.97602,7.97746,1.00,1.00
2017.07.25 11:51:50.397,7.97606,7.9775,1.00,1.00
2017.07.25 11:51:51.399,7.97611,7.97753,1.00,1.00
2017.07.25 11:51:51.659,7.97618,7.97762,1.00,1.00
2017.07.25 11:51:51.812,7.97617,7.97769,1.00,1.00
2017.07.25 11:51:52.955,7.97613,7.97766,1.00,1.00
2017.07.25 11:51:54.725,7.97616,7.97766,1.00,1.00
2017.07.25 11:51:55.138,7.97624,7.97773,1.00,1.00
2017.07.25 11:51:55.728,7.9762,7.9777,1.00,1.00
2017.07.25 11:51:56.154,7.97613,7.97761,1.00,1.00
2017.07.25 11:51:56.761,7.97617,7.97767,1.00,1.00
2017.07.25 11:51:57.145,7.97625,7.97776,1.00,1.00
2017.07.25 11:51:57.732,7.97633,7.97783,1.00,1.00
2017.07.25 11:51:58.171,7.97638,7.97786,1.00,1.00
2017.07.25 11:52:00.368,7.97665,7.97789,1.00,1.00
2017.07.25 11:52:00.520,7.9765,7.97797,1.00,1.00
2017.07.25 11:52:01.381,7.97656,7.97801,1.00,1.00
2017.07.25 11:52:04.180,7.97649,7.97796,1.00,1.00
2017.07.25 11:52:04.282,7.97643,7.9779,1.00,1.00
2017.07.25 11:52:05.088,7.97635,7.97782,1.00,1.00
2017.07.25 11:52:06.629,7.97639,7.97786,1.00,1.00
2017.07.25 11:52:06.858,7.97636,7.97788,1.00,1.00
2017.07.25 11:52:07.759,7.97631,7.97782,1.00,1.00
2017.07.25 11:52:07.861,7.9764,7.97792,1.00,1.00
2017.07.25 11:52:08.859,7.97644,7.97795,1.00,1.00
2017.07.25 11:52:13.904,7.97645,7.97795,1.00,1.00
2017.07.25 11:52:14.906,7.97646,7.97798,1.00,1.00
2017.07.25 11:52:15.501,7.97655,7.978,1.00,1.00
2017.07.25 11:52:15.925,7.97659,7.97804,1.00,1.00
2017.07.25 11:52:16.229,7.97659,7.97802,1.00,1.00
2017.07.25 11:52:17.776,7.97664,7.97809,1.00,1.50
2017.07.25 11:52:18.944,7.97658,7.97803,1.00,1.00
2017.07.25 11:52:19.744,7.97663,7.97808,1.00,1.00
2017.07.25 11:52:20.134,7.97668,7.97809,1.00,1.00
2017.07.25 11:52:20.612,7.9766,7.97805,1.00,1.00
2017.07.25 11:52:21.110,7.97656,7.97801,1.00,1.00
2017.07.25 11:52:22.111,7.97661,7.97801,1.00,1.00
2017.07.25 11:52:23.189,7.97659,7.97801,1.00,1.00
2017.07.25 11:52:25.201,7.97657,7.97797,1.00,1.00
2017.07.25 11:52:27.484,7.97652,7.97794,1.00,1.00
2017.07.25 11:52:27.770,7.9763,7.97773,1.00,1.00
2017.07.25 11:52:28.306,7.97631,7.97773,1.00,1.00
2017.07.25 11:52:28.737,7.97626,7.97767,1.00,1.00
2017.07.25 11:52:29.366,7.97639,7.97762,1.00,1.00
2017.07.25 11:52:29.436,7.97639,7.97781,1.00,1.00
2017.07.25 11:52:30.393,7.9764,7.97782,1.00,1.50
2017.07.25 11:52:30.531,7.9764,7.97772,1.00,1.00
2017.07.25 11:52:31.578,7.97636,7.97768,1.00,1.00
2017.07.25 11:52:32.117,7.97619,7.97752,1.00,1.00
2017.07.25 11:52:32.520,7.97633,7.97765,1.00,1.00
2017.07.25 11:52:32.866,7.97637,7.97769,1.00,1.00
2017.07.25 11:52:34.151,7.97625,7.97757,1.00,1.00
2017.07.25 11:52:34.513,7.97634,7.97765,1.00,1.00
2017.07.25 11:52:35.330,7.97643,7.97767,1.00,1.00
2017.07.25 11:52:35.653,7.97639,7.97763,1.00,1.00
2017.07.25 11:52:36.332,7.97635,7.97759,1.00,1.00
2017.07.25 11:52:38.096,7.97633,7.97757,1.00,1.00
2017.07.25 11:52:41.177,7.97637,7.97761,1.00,1.00
2017.07.25 11:52:43.601,7.97627,7.9775,1.00,1.00
2017.07.25 11:52:43.875,7.97618,7.97742,1.00,1.00
2017.07.25 11:52:43.926,7.9763,7.97753,1.00,1.00
2017.07.25 11:52:44.231,7.9764,7.97763,1.00,1.00
2017.07.25 11:52:44.979,7.97643,7.97764,1.00,1.00
2017.07.25 11:52:45.498,7.97644,7.97764,1.00,1.00
2017.07.25 11:52:48.145,7.97647,7.97764,1.00,1.00
2017.07.25 11:52:48.196,7.97647,7.97772,1.00,1.00
2017.07.25 11:52:48.298,7.97655,7.97779,1.00,1.00
2017.07.25 11:52:48.603,7.97677,7.97799,1.00,1.00
2017.07.25 11:52:48.908,7.97778,7.97891,1.00,1.00
2017.07.25 11:52:48.959,7.97778,7.97902,1.00,1.00
2017.07.25 11:52:49.010,7.97797,7.97921,1.00,1.00
2017.07.25 11:52:49.263,7.97818,7.97943,1.00,1.00
2017.07.25 11:52:49.518,7.97802,7.97927,1.00,1.00
2017.07.25 11:52:50.232,7.97798,7.97923,1.00,1.00
2017.07.25 11:52:50.542,7.97765,7.97889,1.00,1.00
2017.07.25 11:52:50.694,7.97736,7.97861,1.00,1.00
2017.07.25 11:52:50.958,7.97716,7.97841,1.00,1.00
2017.07.25 11:52:51.674,7.97712,7.97837,1.00,1.00
2017.07.25 11:52:52.006,7.97732,7.97857,1.00,1.00
2017.07.25 11:52:52.310,7.97725,7.97847,1.00,1.00
2017.07.25 11:52:52.774,7.97713,7.97837,1.00,1.00
2017.07.25 11:52:52.969,7.97698,7.9782,1.00,1.00
2017.07.25 11:52:53.961,7.977,7.97824,1.00,1.00
2017.07.25 11:52:54.036,7.97693,7.97818,1.00,1.00
2017.07.25 11:52:54.087,7.97684,7.97809,1.00,1.00
2017.07.25 11:52:54.551,7.97695,7.9782,1.00,1.00
2017.07.25 11:52:54.854,7.97744,7.97868,1.00,1.00
2017.07.25 11:52:55.007,7.97762,7.97887,1.00,1.00
2017.07.25 11:52:55.793,7.97758,7.97883,1.00,1.00
2017.07.25 11:52:56.639,7.97749,7.97874,1.00,1.00
2017.07.25 11:52:56.941,7.97752,7.97876,1.00,1.00
2017.07.25 11:52:57.043,7.97771,7.97896,1.00,1.00
2017.07.25 11:52:57.246,7.97759,7.97883,1.00,1.00
2017.07.25 11:52:57.990,7.97752,7.97876,1.00,1.00
2017.07.25 11:52:59.405,7.97749,7.97873,1.00,1.00
2017.07.25 11:53:00.590,7.97742,7.97866,1.00,1.00
2017.07.25 11:53:01.255,7.97757,7.97881,1.00,1.00
2017.07.25 11:53:02.233,7.97749,7.97873,1.00,1.00
2017.07.25 11:53:02.538,7.97732,7.97854,1.00,1.00
2017.07.25 11:53:03.321,7.97726,7.9785,1.00,1.00
2017.07.25 11:53:03.372,7.97718,7.9784,1.00,1.00
2017.07.25 11:53:03.711,7.97701,7.97823,1.00,1.00
2017.07.25 11:53:04.025,7.97712,7.97833,1.00,1.00
2017.07.25 11:53:04.181,7.9771,7.97834,1.00,1.00
2017.07.25 11:53:04.232,7.97695,7.97819,1.00,1.00
2017.07.25 11:53:05.180,7.97692,7.97814,1.00,1.00
2017.07.25 11:53:06.188,7.97696,7.97818,1.00,1.00
2017.07.25 11:53:06.494,7.97717,7.97839,1.00,1.00
2017.07.25 11:53:06.646,7.97727,7.97851,1.00,1.00
2017.07.25 11:53:06.697,7.97745,7.97867,1.00,1.00
2017.07.25 11:53:06.798,7.97763,7.97887,1.00,1.00
2017.07.25 11:53:06.849,7.9778,7.97905,1.00,1.00
2017.07.25 11:53:06.989,7.978,7.97924,1.00,1.00
2017.07.25 11:53:07.827,7.97796,7.9792,1.00,1.00
2017.07.25 11:53:08.411,7.97803,7.97927,1.00,1.00
2017.07.25 11:53:09.949,7.97798,7.97922,1.00,1.00
2017.07.25 11:53:10.252,7.97789,7.97913,1.00,1.00
2017.07.25 11:53:10.719,7.97782,7.97904,1.00,1.00
2017.07.25 11:53:11.023,7.9779,7.97914,1.00,1.00
2017.07.25 11:53:11.125,7.97801,7.97926,1.00,1.00
2017.07.25 11:53:11.227,7.9781,7.97935,1.00,1.00
2017.07.25 11:53:11.587,7.97806,7.9793,1.00,1.00
2017.07.25 11:53:12.340,7.97801,7.97925,1.00,1.00
2017.07.25 11:53:12.676,7.97806,7.9793,1.00,1.00
2017.07.25 11:53:13.001,7.97815,7.97937,1.00,1.00
2017.07.25 11:53:13.053,7.97797,7.97921,1.00,1.00
2017.07.25 11:53:13.669,7.97813,7.97937,1.00,1.00
2017.07.25 11:53:13.974,7.9781,7.97933,1.00,1.00
2017.07.25 11:53:14.334,7.97821,7.97945,1.00,1.00
2017.07.25 11:53:14.385,7.97837,7.97961,1.00,1.00
2017.07.25 11:53:14.538,7.97846,7.97974,1.00,1.00
2017.07.25 11:53:14.843,7.97854,7.97978,1.00,1.00
2017.07.25 11:53:15.181,7.97829,7.97953,1.00,1.00
2017.07.25 11:53:15.485,7.97782,7.97904,1.00,1.00
2017.07.25 11:53:16.509,7.97805,7.97929,1.00,1.00
2017.07.25 11:53:17.539,7.97824,7.97946,1.00,1.00
2017.07.25 11:53:17.843,7.97834,7.97956,1.00,1.00
2017.07.25 11:53:18.058,7.97823,7.97947,1.00,1.00
2017.07.25 11:53:18.865,7.9782,7.97942,1.00,1.00
2017.07.25 11:53:21.958,7.97816,7.97938,1.00,1.00
2017.07.25 11:53:22.060,7.97832,7.97956,1.00,1.00
2017.07.25 11:53:23.031,7.97829,7.97951,1.00,1.00
2017.07.25 11:53:23.082,7.97822,7.97946,1.00,1.00
2017.07.25 11:53:24.093,7.97825,7.9795,1.00,1.00
2017.07.25 11:53:24.394,7.97789,7.97943,1.00,1.00
2017.07.25 11:53:24.445,7.97782,7.97878,1.00,1.00
2017.07.25 11:53:24.497,7.97743,7.97867,1.00,1.00
2017.07.25 11:53:24.549,7.9774,7.97853,1.00,1.00
2017.07.25 11:53:24.600,7.97713,7.97831,1.00,1.00
2017.07.25 11:53:24.651,7.97713,7.9781,1.00,1.00
2017.07.25 11:53:24.702,7.97698,7.9781,1.00,1.00
2017.07.25 11:53:24.754,7.97698,7.97792,1.00,1.00
2017.07.25 11:53:24.805,7.97668,7.97792,1.00,1.00
2017.07.25 11:53:24.856,7.9765,7.97774,1.00,1.00
2017.07.25 11:53:25.066,7.97613,7.97738,1.00,1.00
2017.07.25 11:53:25.117,7.97592,7.97716,1.00,1.00
2017.07.25 11:53:25.422,7.97566,7.9769,1.00,1.00
2017.07.25 11:53:25.726,7.97582,7.97706,1.00,1.00
2017.07.25 11:53:25.878,7.976,7.97725,1.00,1.00
2017.07.25 11:53:25.929,7.97612,7.97736,1.00,1.00
2017.07.25 11:53:26.474,7.97626,7.97749,1.00,1.00
2017.07.25 11:53:26.526,7.97635,7.97759,1.00,1.00
2017.07.25 11:53:27.935,7.97631,7.97756,1.00,1.00
2017.07.25 11:53:28.957,7.97628,7.97752,1.00,1.00
2017.07.25 11:53:29.302,7.97618,7.97741,1.00,1.00
2017.07.25 11:53:29.505,7.97613,7.97737,1.00,1.00
2017.07.25 11:53:30.465,7.97621,7.97744,1.00,1.00
2017.07.25 11:53:30.516,7.97643,7.97771,1.00,1.00
2017.07.25 11:53:30.567,7.97657,7.97782,1.00,1.00
2017.07.25 11:53:31.537,7.9765,7.97775,1.00,1.00
2017.07.25 11:53:31.918,7.97643,7.97765,1.00,1.00
2017.07.25 11:53:34.445,7.97646,7.97769,1.00,1.00
2017.07.25 11:53:34.547,7.9765,7.97775,1.00,1.00
2017.07.25 11:53:35.531,7.97649,7.97773,1.00,1.00
2017.07.25 11:53:35.890,7.97657,7.97781,1.00,1.00
2017.07.25 11:53:36.194,7.97682,7.97804,1.00,1.12
2017.07.25 11:53:36.346,7.97715,7.97839,1.00,1.00
2017.07.25 11:53:36.448,7.97733,7.97857,1.00,1.00
2017.07.25 11:53:36.755,7.97755,7.97878,1.00,1.37
2017.07.25 11:53:36.806,7.97774,7.97898,1.00,1.00
2017.07.25 11:53:38.206,7.97775,7.979,1.00,1.00
2017.07.25 11:53:38.388,7.97764,7.97889,1.00,1.00
2017.07.25 11:53:38.691,7.97747,7.97871,1.00,1.00
2017.07.25 11:53:39.043,7.97738,7.97862,1.00,1.00
2017.07.25 11:53:39.348,7.97708,7.97832,1.00,1.00
2017.07.25 11:53:40.166,7.97703,7.97826,1.00,1.00
2017.07.25 11:53:40.571,7.97708,7.97833,1.00,1.00
2017.07.25 11:53:40.622,7.97716,7.97841,1.00,1.37
2017.07.25 11:53:41.111,7.97716,7.97841,1.00,1.00
2017.07.25 11:53:41.161,7.97708,7.97832,1.00,1.00
2017.07.25 11:53:42.425,7.97712,7.97837,1.00,1.00
2017.07.25 11:53:42.649,7.97707,7.97832,1.00,1.00
2017.07.25 11:53:44.263,7.97714,7.97838,1.00,1.00
2017.07.25 11:53:45.217,7.97715,7.97838,1.00,1.00
2017.07.25 11:53:45.697,7.97717,7.97838,1.00,1.00
2017.07.25 11:53:47.179,7.97713,7.97834,1.00,1.00
2017.07.25 11:53:47.280,7.97705,7.97829,1.00,1.00
2017.07.25 11:53:47.666,7.97693,7.97817,1.00,1.00
2017.07.25 11:53:49.748,7.97685,7.97806,1.00,1.00
2017.07.25 11:53:51.578,7.97673,7.97796,1.00,1.00
2017.07.25 11:53:51.680,7.97664,7.97788,1.00,1.00
2017.07.25 11:53:51.845,7.9767,7.97794,1.00,1.00
2017.07.25 11:53:52.536,7.97671,7.97794,1.00,1.00
2017.07.25 11:53:52.871,7.97663,7.97784,1.00,1.00
2017.07.25 11:53:53.583,7.97661,7.97784,1.00,1.00
2017.07.25 11:53:54.713,7.97664,7.97788,1.00,1.00
2017.07.25 11:53:54.793,7.97669,7.97792,1.00,1.00
2017.07.25 11:53:54.997,7.97656,7.9778,1.00,1.00
2017.07.25 11:53:55.823,7.97652,7.97776,1.00,1.00
2017.07.25 11:53:57.245,7.97651,7.97775,1.00,1.00
2017.07.25 11:53:58.214,7.97651,7.97774,1.00,1.00
2017.07.25 11:54:01.958,7.97647,7.9777,1.00,1.00
2017.07.25 11:54:02.010,7.97652,7.97776,1.00,1.00
2017.07.25 11:54:02.498,7.97664,7.97818,1.00,1.37
2017.07.25 11:54:02.549,7.9767,7.97817,1.00,1.37
2017.07.25 11:54:02.751,7.97703,7.97827,1.00,1.00
2017.07.25 11:54:02.802,7.97721,7.97845,1.00,1.00
2017.07.25 11:54:03.137,7.97766,7.97873,1.00,1.37
2017.07.25 11:54:04.067,7.9777,7.97892,1.00,1.37
2017.07.25 11:54:04.513,7.97762,7.97886,1.00,1.37
2017.07.25 11:54:04.564,7.97749,7.97872,1.00,1.00
2017.07.25 11:54:04.665,7.97729,7.97853,1.00,1.00
2017.07.25 11:54:05.643,7.97729,7.97852,1.00,1.00
2017.07.25 11:54:06.673,7.97725,7.97849,1.00,1.00
2017.07.25 11:54:07.646,7.97723,7.97845,1.00,1.00
2017.07.25 11:54:08.584,7.97733,7.97854,1.00,1.00
2017.07.25 11:54:08.786,7.97732,7.97856,1.00,1.00
2017.07.25 11:54:10.456,7.97752,7.97876,1.00,1.00
2017.07.25 11:54:10.804,7.97791,7.97911,1.00,1.37
2017.07.25 11:54:10.855,7.97801,7.97924,1.00,1.00
2017.07.25 11:54:10.906,7.97813,7.97935,1.00,1.37
2017.07.25 11:54:11.210,7.97834,7.97958,1.00,1.37
2017.07.25 11:54:11.362,7.97834,7.97958,1.00,1.00
2017.07.25 11:54:11.595,7.97844,7.97968,1.00,1.00
2017.07.25 11:54:12.285,7.97816,7.9794,1.00,1.00
2017.07.25 11:54:12.590,7.9774,7.97863,1.00,1.00
2017.07.25 11:54:12.641,7.97725,7.97849,1.00,1.00
2017.07.25 11:54:12.794,7.97707,7.97828,1.00,1.00
2017.07.25 11:54:12.998,7.97676,7.97799,1.00,1.00
2017.07.25 11:54:13.878,7.97684,7.97841,1.00,1.00
2017.07.25 11:54:13.980,7.97706,7.97844,1.00,1.00
2017.07.25 11:54:14.327,7.97706,7.97842,1.00,1.37
2017.07.25 11:54:14.881,7.97701,7.97843,1.00,1.87
2017.07.25 11:54:15.398,7.97701,7.97843,1.00,1.37
2017.07.25 11:54:15.740,7.97695,7.97842,1.00,1.37
2017.07.25 11:54:16.644,7.97701,7.97846,1.00,1.37
2017.07.25 11:54:17.096,7.97705,7.9785,1.00,1.37
2017.07.25 11:54:17.545,7.977,7.97847,1.00,1.37
2017.07.25 11:54:17.667,7.977,7.97847,1.00,1.37
2017.07.25 11:54:19.021,7.977,7.97843,1.00,1.12
2017.07.25 11:54:21.300,7.977,7.97843,1.00,1.37
2017.07.25 11:54:22.070,7.97707,7.97843,1.00,1.87
2017.07.25 11:54:24.824,7.97711,7.97843,1.00,1.37
2017.07.25 11:54:25.722,7.97711,7.97843,1.00,1.00
2017.07.25 11:54:25.859,7.97708,7.97843,1.00,1.00
2017.07.25 11:54:26.310,7.97737,7.97835,1.00,1.00
2017.07.25 11:54:26.411,7.97776,7.97884,1.00,1.00
2017.07.25 11:54:26.463,7.97805,7.97917,1.00,1.37
2017.07.25 11:54:26.784,7.97881,7.97996,1.00,1.00
2017.07.25 11:54:26.849,7.97956,7.98061,1.00,1.00
2017.07.25 11:54:26.900,7.97956,7.98068,1.00,1.00
2017.07.25 11:54:26.951,7.97956,7.98079,1.00,1.00
2017.07.25 11:54:27.154,7.97974,7.98098,1.00,1.37
2017.07.25 11:54:27.589,7.97983,7.98107,1.00,1.37
2017.07.25 11:54:27.919,7.97999,7.98121,1.00,1.37
2017.07.25 11:54:28.073,7.97999,7.98136,1.00,1.37
2017.07.25 11:54:28.124,7.9802,7.98154,1.00,1.37
2017.07.25 11:54:28.278,7.98039,7.98175,1.00,1.00
2017.07.25 11:54:28.380,7.98019,7.98154,1.00,1.00
2017.07.25 11:54:29.124,7.98026,7.98163,1.00,1.00
2017.07.25 11:54:30.074,7.98026,7.98163,1.00,1.37
2017.07.25 11:54:30.780,7.98024,7.98161,1.00,1.37
2017.07.25 11:54:31.390,7.98027,7.98151,1.00,1.37
2017.07.25 11:54:31.694,7.97996,7.98119,1.00,1.37
2017.07.25 11:54:31.795,7.97972,7.98094,1.00,1.00
2017.07.25 11:54:32.145,7.97952,7.98075,1.00,1.37
2017.07.25 11:54:32.575,7.97942,7.98066,1.00,1.37
2017.07.25 11:54:32.911,7.97936,7.98058,1.50,1.37
2017.07.25 11:54:33.451,7.97936,7.98044,1.00,1.37
2017.07.25 11:54:33.502,7.97921,7.98044,1.00,1.37
2017.07.25 11:54:33.871,7.97886,7.98022,1.00,1.37
2017.07.25 11:54:33.922,7.97877,7.98013,1.00,1.37
2017.07.25 11:54:34.074,7.97867,7.98004,1.00,1.37
2017.07.25 11:54:34.125,7.97877,7.98013,1.00,1.37
2017.07.25 11:54:34.779,7.97877,7.98013,1.00,1.37
2017.07.25 11:54:35.626,7.97874,7.9801,1.00,1.37
2017.07.25 11:54:36.414,7.97879,7.98013,1.00,1.37
2017.07.25 11:54:37.104,7.97879,7.97997,1.00,1.37
2017.07.25 11:54:37.365,7.97879,7.97997,1.00,1.00
2017.07.25 11:54:37.416,7.97891,7.98014,1.00,1.28
2017.07.25 11:54:37.734,7.97903,7.98026,1.00,1.28
2017.07.25 11:54:38.039,7.97913,7.98034,1.00,1.28
2017.07.25 11:54:38.721,7.97922,7.98045,1.00,1.28
2017.07.25 11:54:38.874,7.97922,7.98045,1.00,1.00
2017.07.25 11:54:39.282,7.97931,7.98053,1.00,1.28
2017.07.25 11:54:39.779,7.97939,7.98063,1.00,1.28
2017.07.25 11:54:40.083,7.97961,7.98085,1.00,1.28
2017.07.25 11:54:40.987,7.9797,7.98094,1.00,1.28
2017.07.25 11:54:41.237,7.9797,7.98094,1.00,1.28
2017.07.25 11:54:41.477,7.97961,7.98085,1.00,1.28
2017.07.25 11:54:41.529,7.97948,7.98071,1.00,1.00
2017.07.25 11:54:41.580,7.97936,7.98062,1.00,1.00
2017.07.25 11:54:41.631,7.97916,7.9804,1.00,1.00
2017.07.25 11:54:41.936,7.97916,7.9804,1.00,1.28
2017.07.25 11:54:42.610,7.97914,7.98037,1.00,1.28
2017.07.25 11:54:42.953,7.97907,7.9803,1.00,1.03
2017.07.25 11:54:43.611,7.97902,7.98024,1.00,1.00
2017.07.25 11:54:43.713,7.97912,7.98035,1.00,1.00
2017.07.25 11:54:43.933,7.97903,7.98026,1.00,1.00
2017.07.25 11:54:44.238,7.97892,7.98014,1.00,1.00
2017.07.25 11:54:44.605,7.97903,7.98027,1.00,1.28
2017.07.25 11:54:44.910,7.97941,7.98065,1.00,1.28
2017.07.25 11:54:45.663,7.97935,7.98059,1.00,1.00
2017.07.25 11:54:45.884,7.9794,7.98063,1.00,1.00
2017.07.25 11:54:46.263,7.9794,7.98063,1.00,1.28
2017.07.25 11:54:47.223,7.97956,7.98077,1.00,1.28
2017.07.25 11:54:47.376,7.98039,7.98153,1.00,1.28
2017.07.25 11:54:47.478,7.98063,7.98177,1.00,1.28
2017.07.25 11:54:47.731,7.98091,7.9823,1.00,1.28
2017.07.25 11:54:48.477,7.98087,7.98224,1.00,1.28
2017.07.25 11:54:49.026,7.98087,7.98224,1.00,1.28
2017.07.25 11:54:50.030,7.98078,7.98214,1.00,1.28
2017.07.25 11:54:50.131,7.98066,7.98202,1.00,1.28
2017.07.25 11:54:50.483,7.98056,7.98193,1.00,1.00
2017.07.25 11:54:50.534,7.98048,7.98184,1.00,1.28
2017.07.25 11:54:50.585,7.98037,7.98173,1.00,1.00
2017.07.25 11:54:50.779,7.98007,7.98137,1.00,1.03
2017.07.25 11:54:50.830,7.9798,7.98117,1.00,1.00
2017.07.25 11:54:50.881,7.97943,7.98078,1.00,1.28
2017.07.25 11:54:51.084,7.97922,7.98047,1.00,1.00
2017.07.25 11:54:51.135,7.97911,7.98047,1.00,1.00
2017.07.25 11:54:51.440,7.97902,7.98038,1.00,1.00
2017.07.25 11:54:51.838,7.97902,7.98038,1.00,1.28
2017.07.25 11:54:51.889,7.97893,7.9803,1.00,1.28
2017.07.25 11:54:52.474,7.97897,7.98034,1.00,1.28
2017.07.25 11:54:53.086,7.97897,7.98034,1.00,1.28
2017.07.25 11:54:54.427,7.97894,7.9803,1.00,1.28
2017.07.25 11:54:54.853,7.97884,7.98019,1.00,1.00
2017.07.25 11:54:54.904,7.97884,7.98019,1.00,1.28
2017.07.25 11:54:57.422,7.97884,7.97978,1.00,1.00
2017.07.25 11:54:57.523,7.97811,7.97947,1.00,1.00
2017.07.25 11:54:57.646,7.97795,7.97931,1.00,1.00
2017.07.25 11:54:57.951,7.97777,7.97913,1.00,1.28
2017.07.25 11:54:58.849,7.97768,7.97904,1.00,1.28
2017.07.25 11:54:59.842,7.97766,7.97902,1.00,1.28
2017.07.25 11:55:00.081,7.97766,7.97902,1.00,1.28
2017.07.25 11:55:00.288,7.97756,7.97893,1.00,1.28
2017.07.25 11:55:00.340,7.97769,7.97905,1.00,1.28
2017.07.25 11:55:00.707,7.9776,7.97897,1.00,1.28
2017.07.25 11:55:00.758,7.97751,7.97887,1.00,1.28
2017.07.25 11:55:00.860,7.97764,7.97903,1.00,1.28
2017.07.25 11:55:01.861,7.97765,7.97902,1.00,1.28
2017.07.25 11:55:02.289,7.97765,7.97902,1.00,1.28
2017.07.25 11:55:02.605,7.97769,7.97906,1.00,1.28
2017.07.25 11:55:04.042,7.97769,7.9793,1.00,1.28
2017.07.25 11:55:04.093,7.97791,7.97927,1.00,1.28
2017.07.25 11:55:04.398,7.97818,7.97941,1.00,1.28
2017.07.25 11:55:05.170,7.97818,7.97955,1.00,1.28
2017.07.25 11:55:05.221,7.97806,7.97957,1.00,1.28
2017.07.25 11:55:06.144,7.97797,7.97951,1.00,1.28
2017.07.25 11:55:06.360,7.97797,7.97942,1.00,1.28
2017.07.25 11:55:06.876,7.97791,7.97942,1.00,1.28
2017.07.25 11:55:07.188,7.97786,7.97935,1.00,1.28
2017.07.25 11:55:07.657,7.97786,7.97935,1.00,1.37
2017.07.25 11:55:07.959,7.97792,7.97932,1.00,1.37
2017.07.25 11:55:08.879,7.9779,7.97932,1.00,1.37
2017.07.25 11:55:09.045,7.97797,7.97932,1.00,1.37
2017.07.25 11:55:10.045,7.97798,7.97932,1.00,1.37
2017.07.25 11:55:10.146,7.9779,7.97932,1.00,1.37
2017.07.25 11:55:10.248,7.97777,7.97926,1.00,1.37
2017.07.25 11:55:11.067,7.97783,7.97919,1.00,1.37
2017.07.25 11:55:12.096,7.97781,7.97919,1.00,1.37
2017.07.25 11:55:13.027,7.97781,7.97919,1.00,1.37
2017.07.25 11:55:13.280,7.97772,7.9791,1.00,1.37
2017.07.25 11:55:13.622,7.97766,7.97901,1.00,1.37
2017.07.25 11:55:14.673,7.97765,7.97901,1.00,1.37
2017.07.25 11:55:14.828,7.97765,7.97901,1.00,1.37
2017.07.25 11:55:14.981,7.97713,7.97835,1.00,1.37
2017.07.25 11:55:15.032,7.97693,7.97817,1.00,1.37
2017.07.25 11:55:15.158,7.97622,7.97758,1.00,1.37
2017.07.25 11:55:15.311,7.97641,7.97775,1.00,1.37
2017.07.25 11:55:16.022,7.97649,7.97785,1.00,1.37
2017.07.25 11:55:16.623,7.97649,7.97785,1.00,1.37
2017.07.25 11:55:17.695,7.97644,7.9778,1.00,1.37
2017.07.25 11:55:17.798,7.97639,7.97775,1.00,1.37
2017.07.25 11:55:17.912,7.97639,7.97775,1.00,1.37
2017.07.25 11:55:18.655,7.97645,7.97779,1.00,1.37
2017.07.25 11:55:19.026,7.97645,7.97779,1.00,1.37
2017.07.25 11:55:19.234,7.97674,7.97791,1.00,1.37
2017.07.25 11:55:20.036,7.97682,7.9779,1.00,1.37
2017.07.25 11:55:20.232,7.97682,7.9779,1.00,1.37
2017.07.25 11:55:21.670,7.97682,7.97806,1.00,1.37
2017.07.25 11:55:21.771,7.97672,7.97795,1.00,1.37
2017.07.25 11:55:21.974,7.97664,7.97787,1.00,1.37
2017.07.25 11:55:22.907,7.97666,7.97789,1.00,1.37
2017.07.25 11:55:24.020,7.97666,7.97787,1.00,1.37
2017.07.25 11:55:24.071,7.9765,7.97774,1.00,1.37
2017.07.25 11:55:24.173,7.97642,7.97766,1.00,1.37
2017.07.25 11:55:25.061,7.97638,7.97761,1.00,1.37
2017.07.25 11:55:25.245,7.97646,7.97769,1.00,1.37
2017.07.25 11:55:26.129,7.97646,7.97769,1.00,1.37
2017.07.25 11:55:26.413,7.97642,7.97766,1.00,1.37
2017.07.25 11:55:27.083,7.97642,7.97766,1.00,1.37
2017.07.25 11:55:27.368,7.97639,7.97762,1.00,1.37
2017.07.25 11:55:28.710,7.9761,7.9776,1.00,1.37
2017.07.25 11:55:28.761,7.97592,7.97729,1.00,1.37
2017.07.25 11:55:28.812,7.97577,7.97725,1.00,1.37
2017.07.25 11:55:28.864,7.9757,7.97722,1.00,1.37
2017.07.25 11:55:28.915,7.97566,7.9769,1.00,1.37
2017.07.25 11:55:29.069,7.97541,7.97665,1.00,1.37
2017.07.25 11:55:29.411,7.97515,7.97638,1.00,1.37
2017.07.25 11:55:29.721,7.97597,7.97692,1.00,1.37
2017.07.25 11:55:29.772,7.97557,7.97692,1.00,1.37
2017.07.25 11:55:29.824,7.97574,7.97732,1.00,1.37
2017.07.25 11:55:29.875,7.97642,7.97752,1.00,1.37
2017.07.25 11:55:29.978,7.97678,7.9778,1.00,1.37
2017.07.25 11:55:30.126,7.97673,7.97798,1.00,1.37
2017.07.25 11:55:30.180,7.97696,7.9778,1.00,1.37
2017.07.25 11:55:30.485,7.97723,7.97806,1.00,1.37
2017.07.25 11:55:30.536,7.97723,7.97846,1.00,1.37
2017.07.25 11:55:30.840,7.97737,7.97858,1.00,1.37
2017.07.25 11:55:31.669,7.97729,7.97853,1.00,1.37
2017.07.25 11:55:31.721,7.9772,7.97844,1.00,1.37
2017.07.25 11:55:31.873,7.97693,7.97817,1.00,1.37
2017.07.25 11:55:31.924,7.9767,7.97803,1.00,1.37
2017.07.25 11:55:32.081,7.97662,7.97788,1.00,1.37
2017.07.25 11:55:32.132,7.97651,7.97774,1.00,1.37
2017.07.25 11:55:32.874,7.97641,7.97764,1.00,1.00
2017.07.25 11:55:33.195,7.97617,7.9774,1.00,1.37
2017.07.25 11:55:33.448,7.97606,7.9773,1.00,1.37
2017.07.25 11:55:33.927,7.97628,7.97749,1.00,1.37
2017.07.25 11:55:34.029,7.97666,7.97751,1.00,1.00
2017.07.25 11:55:34.168,7.97602,7.97772,1.50,1.00
2017.07.25 11:55:34.271,7.97647,7.97786,1.00,1.00
2017.07.25 11:55:34.576,7.97608,7.97778,1.00,1.37
2017.07.25 11:55:34.626,7.97648,7.97784,1.00,1.37
2017.07.25 11:55:35.158,7.97639,7.97774,1.00,1.37
2017.07.25 11:55:35.209,7.97628,7.97763,1.00,1.37
2017.07.25 11:55:35.363,7.97619,7.97754,1.00,1.37
2017.07.25 11:55:35.831,7.97619,7.97754,1.00,1.00
2017.07.25 11:55:35.933,7.97636,7.9776,1.00,1.37
2017.07.25 11:55:36.963,7.97636,7.97761,1.00,1.37
2017.07.25 11:55:37.590,7.9765,7.97774,1.00,1.37
2017.07.25 11:55:37.890,7.97642,7.97764,1.00,1.37
2017.07.25 11:55:38.227,7.97642,7.97764,1.00,1.37
2017.07.25 11:55:38.803,7.97647,7.97771,1.00,1.37
2017.07.25 11:55:39.108,7.97649,7.97773,1.00,1.37
2017.07.25 11:55:39.573,7.97649,7.97773,1.00,1.37
2017.07.25 11:55:39.758,7.97656,7.9778,1.00,1.37
2017.07.25 11:55:40.244,7.97652,7.97774,1.00,1.37
2017.07.25 11:55:41.027,7.97652,7.97774,1.00,1.37
2017.07.25 11:55:42.127,7.97645,7.97769,1.00,1.37
2017.07.25 11:55:42.279,7.97641,7.97765,1.00,1.37
2017.07.25 11:55:42.629,7.9765,7.97772,1.00,1.37
2017.07.25 11:55:43.515,7.9765,7.97772,1.00,1.37
2017.07.25 11:55:44.089,7.97656,7.97778,1.00,1.37
2017.07.25 11:55:44.140,7.97646,7.9777,1.00,1.37
2017.07.25 11:55:44.702,7.97646,7.9777,1.00,1.37
2017.07.25 11:55:45.143,7.97642,7.97767,1.00,1.37
2017.07.25 11:55:45.853,7.97639,7.97762,1.00,1.37
2017.07.25 11:55:46.169,7.97634,7.97758,1.00,1.37
2017.07.25 11:55:46.220,7.97643,7.97767,1.00,1.37
2017.07.25 11:55:47.022,7.97638,7.97761,1.00,1.37
2017.07.25 11:55:47.263,7.97633,7.97757,1.00,1.37
2017.07.25 11:55:47.415,7.97633,7.97757,1.00,1.37
2017.07.25 11:55:48.042,7.97637,7.97761,1.00,1.37
2017.07.25 11:55:48.245,7.97629,7.97753,1.00,1.37
2017.07.25 11:55:48.550,7.97629,7.97753,1.00,1.37
2017.07.25 11:55:48.652,7.97636,7.9776,1.00,1.37
2017.07.25 11:55:48.923,7.97628,7.97752,1.00,1.37
2017.07.25 11:55:49.097,7.97645,7.97782,1.00,1.37
2017.07.25 11:55:49.401,7.97661,7.97784,1.00,1.37
2017.07.25 11:55:49.787,7.97661,7.97798,1.00,1.37
2017.07.25 11:55:50.291,7.97664,7.97801,1.00,1.37
2017.07.25 11:55:50.908,7.97659,7.97781,1.00,1.37
2017.07.25 11:55:51.011,7.97649,7.97772,1.00,1.37
2017.07.25 11:55:51.214,7.97628,7.97752,1.00,1.37
2017.07.25 11:55:51.417,7.97637,7.97761,1.00,1.37
2017.07.25 11:55:52.418,7.97635,7.97756,1.00,1.37
2017.07.25 11:55:53.342,7.9764,7.97762,1.00,1.37
2017.07.25 11:55:53.716,7.9764,7.97762,1.00,1.37
2017.07.25 11:55:55.064,7.9764,7.97762,1.00,1.37
2017.07.25 11:55:56.334,7.9764,7.97762,1.00,1.37
2017.07.25 11:55:57.024,7.97652,7.97774,1.00,1.37
2017.07.25 11:55:57.325,7.97658,7.97781,1.00,1.37
2017.07.25 11:55:58.038,7.97658,7.97781,1.00,1.37
2017.07.25 11:55:58.090,7.97644,7.97767,1.00,1.37
2017.07.25 11:55:58.141,7.97638,7.97761,1.00,1.37
2017.07.25 11:55:59.075,7.97642,7.97765,1.00,1.37
2017.07.25 11:55:59.126,7.97635,7.97759,1.00,1.37
2017.07.25 11:55:59.286,7.97635,7.97759,1.00,1.37
2017.07.25 11:56:00.028,7.97631,7.97754,1.00,1.37
2017.07.25 11:56:00.129,7.97611,7.97734,1.00,1.00
2017.07.25 11:56:00.231,7.97601,7.97727,1.00,1.00
2017.07.25 11:56:01.091,7.97601,7.97727,1.00,1.37
2017.07.25 11:56:01.421,7.97604,7.97728,1.00,1.37
2017.07.25 11:56:02.340,7.97628,7.97749,1.00,1.37
2017.07.25 11:56:02.391,7.97628,7.97749,1.00,1.37
2017.07.25 11:56:02.492,7.97611,7.97734,1.00,1.00
2017.07.25 11:56:03.292,7.97596,7.97719,1.00,1.00
2017.07.25 11:56:03.680,7.97603,7.97726,1.00,1.00
2017.07.25 11:56:03.832,7.97593,7.97717,1.00,1.00
2017.07.25 11:56:03.883,7.97581,7.97704,1.00,1.37
2017.07.25 11:56:03.934,7.9757,7.97691,1.00,1.37
2017.07.25 11:56:04.459,7.97569,7.97702,1.00,1.37
2017.07.25 11:56:04.510,7.97585,7.97702,1.00,1.37
2017.07.25 11:56:05.028,7.97585,7.97702,1.00,1.37
2017.07.25 11:56:05.129,7.97582,7.97705,1.00,1.37
2017.07.25 11:56:06.208,7.97578,7.97709,1.00,1.37
2017.07.25 11:56:06.310,7.97578,7.97724,1.00,1.37
2017.07.25 11:56:06.671,7.97571,7.97716,1.00,1.37
2017.07.25 11:56:06.976,7.97591,7.97714,1.00,1.37
2017.07.25 11:56:07.129,7.9758,7.97701,1.00,1.37
2017.07.25 11:56:07.636,7.9757,7.97694,1.00,1.00
2017.07.25 11:56:07.850,7.97556,7.97679,1.00,1.00
2017.07.25 11:56:08.155,7.97565,7.97688,1.00,1.37
2017.07.25 11:56:08.367,7.97555,7.97678,1.00,1.00
2017.07.25 11:56:08.786,7.97531,7.97656,1.00,1.00
2017.07.25 11:56:08.837,7.9754,7.97664,1.00,1.00
2017.07.25 11:56:09.144,7.9754,7.97664,1.00,1.37
2017.07.25 11:56:09.245,7.97525,7.97649,1.00,1.37
2017.07.25 11:56:09.398,7.97535,7.97658,1.00,1.37
2017.07.25 11:56:09.718,7.9755,7.97672,1.00,1.37
2017.07.25 11:56:10.073,7.9755,7.97672,1.00,1.37
2017.07.25 11:56:10.585,7.97545,7.97669,1.00,1.37
2017.07.25 11:56:10.837,7.97538,7.97662,1.00,1.37
2017.07.25 11:56:11.571,7.97547,7.97671,1.00,1.37
2017.07.25 11:56:11.883,7.97531,7.97655,1.00,1.37
2017.07.25 11:56:11.986,7.97523,7.97647,1.00,1.37
2017.07.25 11:56:13.009,7.97525,7.97649,1.00,1.37
2017.07.25 11:56:13.492,7.97514,7.97654,1.00,1.37
2017.07.25 11:56:14.189,7.97498,7.9764,1.00,1.37
2017.07.25 11:56:14.341,7.97507,7.97647,1.00,1.37
2017.07.25 11:56:14.651,7.97526,7.9765,1.00,1.37
2017.07.25 11:56:15.209,7.97513,7.97635,1.00,1.00
2017.07.25 11:56:15.464,7.97522,7.97646,1.00,1.37
2017.07.25 11:56:15.617,7.97517,7.97639,1.00,1.00
2017.07.25 11:56:15.805,7.97517,7.97639,1.00,1.37
2017.07.25 11:56:16.456,7.97505,7.97629,1.00,1.00
2017.07.25 11:56:16.608,7.97501,7.97623,1.00,1.00
2017.07.25 11:56:16.945,7.97508,7.97632,1.00,1.37
2017.07.25 11:56:17.264,7.97519,7.97644,1.00,1.37
2017.07.25 11:56:17.316,7.97509,7.97633,1.00,1.37
2017.07.25 11:56:17.367,7.97495,7.97619,1.00,1.00
2017.07.25 11:56:17.418,7.97479,7.97603,1.00,1.00
2017.07.25 11:56:17.524,7.97491,7.97616,1.00,1.00
2017.07.25 11:56:17.626,7.97508,7.97632,1.00,1.37
2017.07.25 11:56:17.778,7.97491,7.97616,1.00,1.00
2017.07.25 11:56:18.213,7.97491,7.97616,1.00,1.37
2017.07.25 11:56:18.519,7.97484,7.97608,1.00,1.00
2017.07.25 11:56:18.570,7.97495,7.97619,1.00,1.37
2017.07.25 11:56:18.897,7.97503,7.97628,1.00,1.37
2017.07.25 11:56:19.273,7.97531,7.9765,1.00,1.37
2017.07.25 11:56:19.679,7.97531,7.97655,1.00,1.37
2017.07.25 11:56:20.036,7.97522,7.97646,1.00,1.37
2017.07.25 11:56:20.296,7.9753,7.97672,1.00,1.87
2017.07.25 11:56:20.550,7.97521,7.97662,1.00,1.37
2017.07.25 11:56:20.686,7.97531,7.97672,1.00,1.87
2017.07.25 11:56:21.003,7.97531,7.97672,1.00,1.37
2017.07.25 11:56:21.395,7.97522,7.97662,1.00,1.37
2017.07.25 11:56:21.774,7.97517,7.97658,1.00,1.12
2017.07.25 11:56:22.308,7.97516,7.97653,1.00,1.00
2017.07.25 11:56:22.712,7.97516,7.97653,1.00,1.37
2017.07.25 11:56:23.157,7.97522,7.97657,1.00,1.37
2017.07.25 11:56:23.488,7.97531,7.97655,1.00,1.37
2017.07.25 11:56:23.539,7.97523,7.97645,1.00,1.37
2017.07.25 11:56:24.045,7.97523,7.97645,1.00,1.37
2017.07.25 11:56:24.304,7.97509,7.97633,1.00,1.00
2017.07.25 11:56:24.406,7.97483,7.97607,1.00,1.00
2017.07.25 11:56:24.897,7.97493,7.97617,1.00,1.00
2017.07.25 11:56:25.307,7.97502,7.97626,1.00,1.87
2017.07.25 11:56:26.130,7.97492,7.97617,1.00,1.37
2017.07.25 11:56:26.232,7.97502,7.97626,1.00,1.87
2017.07.25 11:56:26.620,7.97511,7.97626,1.00,1.37
2017.07.25 11:56:26.988,7.97511,7.97626,1.00,1.37
2017.07.25 11:56:27.336,7.97519,7.97643,1.00,1.37
2017.07.25 11:56:27.437,7.97531,7.97655,1.00,1.00
2017.07.25 11:56:27.489,7.97542,7.97666,1.00,1.00
2017.07.25 11:56:27.877,7.97554,7.97679,1.00,1.37
2017.07.25 11:56:27.928,7.97543,7.97667,1.00,1.00
2017.07.25 11:56:28.329,7.97554,7.97678,1.00,1.37
2017.07.25 11:56:29.047,7.97562,7.97686,1.00,1.37
2017.07.25 11:56:29.354,7.97557,7.97681,1.00,1.37
2017.07.25 11:56:29.561,7.9755,7.97674,1.00,1.37
2017.07.25 11:56:30.107,7.97541,7.97666,1.00,1.00
2017.07.25 11:56:31.056,7.97537,7.97661,1.00,1.00
2017.07.25 11:56:31.360,7.97543,7.97667,1.00,1.00
2017.07.25 11:56:31.803,7.97534,7.97658,1.00,1.37
2017.07.25 11:56:32.107,7.97547,7.97669,1.00,1.37
2017.07.25 11:56:32.794,7.97541,7.97665,1.00,1.37
2017.07.25 11:56:32.978,7.97541,7.97665,1.00,1.37
2017.07.25 11:56:33.080,7.97535,7.97659,1.00,1.00
2017.07.25 11:56:34.086,7.9754,7.97662,1.00,1.12
2017.07.25 11:56:34.423,7.97547,7.97669,1.00,1.37
2017.07.25 11:56:34.717,7.9754,7.97664,1.00,1.00
2017.07.25 11:56:36.062,7.97536,7.97658,1.00,1.00
2017.07.25 11:56:37.338,7.97536,7.97661,1.00,1.00
2017.07.25 11:56:38.071,7.97541,7.97665,1.00,1.37
2017.07.25 11:56:38.386,7.97539,7.97663,1.00,1.12
2017.07.25 11:56:39.024,7.97539,7.97663,1.00,1.37
2017.07.25 11:56:39.260,7.97545,7.97669,1.00,1.37
2017.07.25 11:56:39.726,7.97536,7.97661,1.00,1.00
2017.07.25 11:56:39.828,7.97529,7.97651,1.00,1.00
2017.07.25 11:56:40.707,7.97507,7.97631,1.00,1.00
2017.07.25 11:56:41.719,7.97511,7.97635,1.00,1.00
2017.07.25 11:56:42.036,7.97511,7.97635,1.00,1.37
2017.07.25 11:56:42.137,7.97499,7.97621,1.00,1.00
2017.07.25 11:56:42.239,7.97507,7.9763,1.00,1.37
2017.07.25 11:56:43.062,7.97507,7.9763,1.00,1.37
2017.07.25 11:56:43.231,7.97503,7.97627,1.00,1.37
2017.07.25 11:56:43.369,7.97508,7.9763,1.00,1.37
2017.07.25 11:56:44.287,7.97515,7.97639,1.00,1.37
2017.07.25 11:56:44.465,7.97511,7.97635,1.00,1.37
2017.07.25 11:56:45.281,7.97502,7.97626,1.00,1.00
2017.07.25 11:56:45.529,7.97495,7.97619,1.00,1.00
2017.07.25 11:56:46.002,7.97507,7.9763,1.00,1.37
2017.07.25 11:56:46.405,7.97514,7.97638,1.00,1.37
2017.07.25 11:56:46.813,7.97514,7.97638,1.00,1.37
2017.07.25 11:56:47.119,7.97507,7.97631,1.00,1.37
2017.07.25 11:56:47.170,7.97509,7.9763,1.00,1.12
2017.07.25 11:56:47.271,7.97502,7.97625,1.00,1.00
2017.07.25 11:56:47.868,7.97497,7.97621,1.00,1.00
2017.07.25 11:56:48.820,7.97508,7.97629,1.00,1.37
2017.07.25 11:56:49.388,7.97501,7.97625,1.00,1.12
2017.07.25 11:56:49.651,7.97494,7.97615,1.00,1.00
2017.07.25 11:56:50.011,7.97485,7.97609,1.00,1.00
2017.07.25 11:56:50.724,7.97493,7.97615,1.00,1.00
2017.07.25 11:56:50.877,7.975,7.97624,1.00,1.00
2017.07.25 11:56:51.282,7.97509,7.97633,1.00,1.12
2017.07.25 11:56:51.868,7.97504,7.97628,1.00,1.00
2017.07.25 11:56:52.265,7.9751,7.97631,1.00,1.00
2017.07.25 11:56:52.851,7.97504,7.97627,1.00,1.00
2017.07.25 11:56:53.511,7.975,7.97622,1.00,1.00
2017.07.25 11:56:53.674,7.97505,7.97628,1.00,1.00
2017.07.25 11:56:54.468,7.97509,7.97633,1.00,1.00
2017.07.25 11:56:54.724,7.97504,7.97628,1.00,1.00
2017.07.25 11:56:55.528,7.9746,7.97616,1.50,1.00
2017.07.25 11:56:55.579,7.97446,7.97604,1.20,1.00
2017.07.25 11:56:55.630,7.97456,7.9758,1.00,1.00
2017.07.25 11:56:55.681,7.97446,7.97581,1.00,1.00
2017.07.25 11:56:55.834,7.97438,7.97581,1.00,1.00
2017.07.25 11:56:56.138,7.97447,7.9759,1.00,1.00
2017.07.25 11:56:56.497,7.97432,7.97572,1.07,1.00
2017.07.25 11:56:56.750,7.97437,7.97579,1.07,1.00
2017.07.25 11:56:57.272,7.97437,7.97579,1.07,1.00
2017.07.25 11:56:57.837,7.9744,7.97583,1.07,1.00
2017.07.25 11:56:57.939,7.97449,7.97589,1.00,1.12
2017.07.25 11:56:58.296,7.97438,7.97581,1.07,1.00
2017.07.25 11:56:59.197,7.97436,7.97579,1.07,1.00
2017.07.25 11:56:59.501,7.97431,7.97571,1.07,1.00
2017.07.25 11:56:59.704,7.97431,7.97571,1.00,1.00
2017.07.25 11:56:59.826,7.97415,7.97559,1.00,1.00
2017.07.25 11:56:59.877,7.974,7.97547,1.45,1.00
2017.07.25 11:57:00.161,7.97414,7.97538,1.00,1.00
2017.07.25 11:57:00.951,7.97416,7.9754,1.00,1.00
2017.07.25 11:57:01.069,7.97406,7.9754,1.00,1.00
2017.07.25 11:57:01.532,7.9741,7.97552,1.00,1.00
2017.07.25 11:57:01.634,7.97422,7.97564,1.00,1.37
2017.07.25 11:57:01.939,7.97432,7.97575,1.00,1.37
2017.07.25 11:57:02.249,7.97445,7.97586,1.00,1.37
2017.07.25 11:57:02.562,7.9745,7.97591,1.00,1.00
2017.07.25 11:57:03.022,7.9744,7.97582,1.00,1.00
2017.07.25 11:57:03.174,7.97446,7.97588,1.00,1.00
2017.07.25 11:57:03.479,7.97423,7.9756,1.00,1.00
2017.07.25 11:57:03.783,7.97405,7.97528,1.00,1.00
2017.07.25 11:57:04.080,7.97404,7.97551,1.00,1.37
2017.07.25 11:57:04.181,7.97422,7.97555,1.00,1.37
2017.07.25 11:57:04.849,7.97441,7.97565,1.00,1.37
2017.07.25 11:57:05.050,7.97441,7.97565,1.00,1.00
2017.07.25 11:57:05.101,7.97435,7.97559,1.00,1.00
2017.07.25 11:57:05.887,7.97454,7.97575,1.00,1.37
2017.07.25 11:57:06.247,7.97467,7.97591,1.00,1.00
2017.07.25 11:57:06.641,7.97458,7.97582,1.00,1.00
2017.07.25 11:57:06.995,7.97468,7.97591,1.00,1.00
2017.07.25 11:57:07.628,7.97453,7.97574,1.00,1.00
2017.07.25 11:57:07.679,7.97464,7.97588,1.00,1.00
2017.07.25 11:57:08.034,7.97458,7.97579,1.00,1.00
2017.07.25 11:57:08.162,7.97445,7.97568,1.00,1.00
2017.07.25 11:57:08.216,7.97454,7.97578,1.00,1.00
2017.07.25 11:57:08.368,7.97442,7.97565,1.00,1.00
2017.07.25 11:57:09.076,7.97448,7.97569,1.00,1.00
2017.07.25 11:57:09.559,7.97441,7.97564,1.00,1.00
2017.07.25 11:57:09.921,7.97462,7.97585,1.00,1.00
2017.07.25 11:57:10.259,7.97449,7.97572,1.00,1.00
2017.07.25 11:57:10.516,7.97435,7.9756,1.00,1.00
2017.07.25 11:57:10.771,7.97446,7.97569,1.00,1.00
2017.07.25 11:57:10.822,7.9744,7.97564,1.00,1.00
2017.07.25 11:57:10.873,7.97441,7.97562,1.00,1.00
2017.07.25 11:57:12.375,7.97436,7.97559,1.00,1.00
2017.07.25 11:57:12.723,7.97431,7.97554,1.00,1.00
2017.07.25 11:57:13.352,7.97436,7.9756,1.00,1.00
2017.07.25 11:57:13.611,7.97447,7.9757,1.00,1.00
2017.07.25 11:57:14.262,7.97448,7.97571,1.00,1.00
2017.07.25 11:57:14.855,7.97426,7.97547,1.00,1.00
2017.07.25 11:57:15.883,7.97426,7.97549,1.00,1.00
2017.07.25 11:57:15.984,7.97431,7.97555,1.00,1.00
2017.07.25 11:57:16.548,7.97439,7.97562,1.00,1.00
2017.07.25 11:57:17.215,7.97444,7.97565,1.00,1.00
2017.07.25 11:57:17.267,7.97434,7.97557,1.00,1.00
2017.07.25 11:57:17.573,7.97427,7.9755,1.00,1.00
2017.07.25 11:57:18.066,7.97433,7.97556,1.00,1.00
2017.07.25 11:57:18.486,7.97428,7.9755,1.00,1.00
2017.07.25 11:57:19.141,7.97418,7.97542,1.00,1.00
2017.07.25 11:57:19.469,7.97414,7.97538,1.00,1.00
2017.07.25 11:57:20.377,7.97411,7.97535,1.00,1.00
2017.07.25 11:57:20.829,7.97406,7.9753,1.00,1.00
2017.07.25 11:57:21.134,7.97397,7.9752,1.00,1.00
2017.07.25 11:57:21.185,7.97387,7.97511,1.00,1.00
2017.07.25 11:57:21.236,7.97379,7.97501,1.00,1.00
2017.07.25 11:57:21.288,7.97353,7.97477,1.00,1.00
2017.07.25 11:57:21.339,7.97339,7.97469,1.00,1.00
2017.07.25 11:57:21.857,7.97354,7.97478,1.00,1.00
2017.07.25 11:57:22.111,7.97375,7.97515,1.00,1.12
2017.07.25 11:57:22.162,7.97379,7.97515,1.00,1.12
2017.07.25 11:57:22.518,7.9744,7.97564,1.00,1.37
2017.07.25 11:57:22.972,7.97432,7.97555,1.00,1.37
2017.07.25 11:57:23.335,7.97436,7.97559,1.00,1.37
2017.07.25 11:57:23.686,7.97436,7.97559,1.00,1.00
2017.07.25 11:57:23.958,7.97431,7.97555,1.50,1.00
2017.07.25 11:57:24.983,7.9743,7.97547,1.00,1.00
2017.07.25 11:57:25.034,7.97432,7.97552,1.00,1.00
2017.07.25 11:57:25.136,7.97446,7.9757,1.00,1.37
2017.07.25 11:57:25.558,7.97437,7.97561,1.00,1.00
2017.07.25 11:57:25.609,7.9743,7.97557,1.00,1.00
2017.07.25 11:57:26.579,7.9743,7.9756,1.00,1.00
2017.07.25 11:57:26.681,7.97446,7.9756,1.00,1.00
2017.07.25 11:57:26.791,7.97433,7.9756,1.00,1.00
2017.07.25 11:57:27.406,7.97434,7.9756,1.00,1.00
2017.07.25 11:57:27.559,7.97411,7.97553,1.00,1.00
2017.07.25 11:57:27.610,7.97411,7.97546,1.00,1.00
2017.07.25 11:57:27.914,7.97413,7.97531,1.00,1.00
2017.07.25 11:57:27.966,7.97398,7.97531,1.00,1.00
2017.07.25 11:57:28.017,7.97398,7.97509,1.00,1.00
2017.07.25 11:57:28.069,7.97386,7.97517,1.00,1.00
2017.07.25 11:57:28.172,7.97365,7.97531,1.00,1.37
2017.07.25 11:57:28.565,7.97377,7.97531,1.00,1.37
2017.07.25 11:57:28.871,7.97364,7.97506,1.00,1.00
2017.07.25 11:57:29.176,7.97379,7.97506,1.00,1.00
2017.07.25 11:57:29.493,7.97387,7.97506,1.00,1.37
2017.07.25 11:57:29.595,7.97381,7.97505,1.00,1.37
2017.07.25 11:57:29.646,7.97381,7.97501,1.00,1.00
2017.07.25 11:57:29.950,7.97405,7.97514,1.00,1.37
2017.07.25 11:57:30.052,7.97396,7.97514,1.00,1.37
2017.07.25 11:57:30.341,7.97405,7.97514,1.00,1.37
2017.07.25 11:57:30.846,7.97406,7.97529,1.00,1.37
2017.07.25 11:57:30.910,7.97406,7.97529,1.00,1.00
2017.07.25 11:57:31.062,7.97404,7.97512,1.00,1.00
2017.07.25 11:57:31.214,7.97384,7.97502,1.00,1.00
2017.07.25 11:57:31.404,7.97379,7.97502,1.00,1.00
2017.07.25 11:57:31.506,7.97394,7.97518,1.00,1.00
2017.07.25 11:57:31.557,7.97406,7.97506,1.00,1.00
2017.07.25 11:57:31.608,7.97406,7.97523,1.00,1.00
2017.07.25 11:57:31.659,7.97414,7.97536,1.00,1.00
2017.07.25 11:57:31.761,7.97422,7.97536,1.00,1.00
2017.07.25 11:57:32.107,7.97425,7.97536,1.00,1.00
2017.07.25 11:57:32.259,7.97414,7.97536,1.00,1.00
2017.07.25 11:57:32.441,7.97425,7.97536,1.00,1.00
2017.07.25 11:57:34.163,7.97425,7.97542,1.00,1.00
2017.07.25 11:57:34.214,7.97425,7.97534,1.00,1.00
2017.07.25 11:57:34.265,7.97411,7.97534,1.00,1.00
2017.07.25 11:57:34.417,7.97426,7.97534,1.00,1.00
2017.07.25 11:57:34.727,7.97358,7.97481,1.00,1.00
2017.07.25 11:57:34.879,7.97358,7.97465,1.00,1.00
2017.07.25 11:57:34.930,7.97343,7.97465,1.00,1.00
2017.07.25 11:57:35.032,7.97336,7.97467,1.00,1.00
2017.07.25 11:57:35.134,7.97359,7.97481,1.00,1.12
2017.07.25 11:57:35.575,7.97366,7.97481,1.00,1.12
2017.07.25 11:57:36.082,7.97373,7.97495,1.00,1.00
2017.07.25 11:57:36.846,7.97399,7.97523,1.00,1.37
2017.07.25 11:57:37.150,7.97468,7.97589,1.00,1.37
2017.07.25 11:57:37.555,7.9747,7.97589,1.00,1.37
2017.07.25 11:57:38.001,7.97477,7.976,1.00,1.37
2017.07.25 11:57:38.156,7.97486,7.9761,1.00,1.00
2017.07.25 11:57:38.571,7.97497,7.9762,1.00,1.37
2017.07.25 11:57:38.924,7.97507,7.97631,1.00,1.37
2017.07.25 11:57:39.427,7.97448,7.97571,1.00,1.00
2017.07.25 11:57:39.529,7.97428,7.97551,1.00,1.00
2017.07.25 11:57:40.096,7.97415,7.97538,1.00,1.00
2017.07.25 11:57:40.147,7.97392,7.97522,1.00,1.00
2017.07.25 11:57:40.198,7.97379,7.97522,1.00,1.00
2017.07.25 11:57:40.342,7.9736,7.975,1.00,1.00
2017.07.25 11:57:40.494,7.97347,7.975,1.00,1.00
2017.07.25 11:57:40.545,7.97347,7.97492,1.00,1.00
2017.07.25 11:57:40.648,7.97343,7.97502,1.00,1.00
2017.07.25 11:57:40.751,7.97382,7.97506,1.00,1.00
2017.07.25 11:57:41.056,7.9744,7.97564,1.00,1.00
2017.07.25 11:57:42.485,7.97433,7.97557,1.00,1.00
2017.07.25 11:57:42.946,7.97442,7.97564,1.00,1.00
2017.07.25 11:57:43.502,7.97438,7.9756,1.00,1.00
2017.07.25 11:57:43.993,7.97431,7.97554,1.00,1.00
2017.07.25 11:57:44.525,7.97424,7.97546,1.00,1.00
2017.07.25 11:57:44.744,7.97417,7.97541,1.00,1.00
2017.07.25 11:57:44.928,7.97406,7.9753,1.00,1.00
2017.07.25 11:57:45.334,7.97416,7.9754,1.00,1.00
2017.07.25 11:57:45.675,7.97427,7.97551,1.00,1.00
2017.07.25 11:57:45.984,7.97418,7.97542,1.00,1.00
2017.07.25 11:57:46.297,7.97427,7.9755,1.00,1.00
2017.07.25 11:57:46.617,7.97417,7.9754,1.00,1.00
2017.07.25 11:57:47.298,7.97421,7.97545,1.00,1.00
2017.07.25 11:57:47.349,7.9743,7.97553,1.00,1.00
2017.07.25 11:57:48.306,7.97429,7.97552,1.00,1.00
2017.07.25 11:57:48.629,7.97423,7.97545,1.00,1.00
2017.07.25 11:57:48.921,7.97428,7.97551,1.00,1.00
2017.07.25 11:57:49.862,7.97427,7.97549,1.00,1.00
2017.07.25 11:57:50.179,7.97419,7.97541,1.00,1.00
2017.07.25 11:57:50.281,7.9741,7.97533,1.00,1.00
2017.07.25 11:57:50.590,7.97407,7.97541,1.00,1.00
2017.07.25 11:57:50.692,7.97416,7.97538,1.00,1.00
2017.07.25 11:57:51.227,7.97408,7.97529,1.00,1.00
2017.07.25 11:57:52.098,7.97404,7.97527,1.00,1.00
2017.07.25 11:57:52.251,7.97409,7.97533,1.00,1.00
2017.07.25 11:57:52.948,7.97401,7.97526,1.00,1.00
2017.07.25 11:57:53.679,7.97397,7.97521,1.00,1.00
2017.07.25 11:57:56.163,7.97402,7.97526,1.00,1.00
2017.07.25 11:57:57.152,7.97406,7.9753,1.00,1.00
2017.07.25 11:57:57.499,7.97399,7.97522,1.00,1.00
2017.07.25 11:57:58.412,7.97408,7.97532,1.00,1.00
2017.07.25 11:57:58.463,7.97384,7.97535,1.00,1.00
2017.07.25 11:57:58.514,7.97393,7.97535,1.00,1.00
2017.07.25 11:57:59.352,7.97379,7.97535,1.00,1.00
2017.07.25 11:57:59.454,7.97379,7.97531,1.00,1.00
2017.07.25 11:57:59.531,7.97372,7.97531,1.00,1.00
2017.07.25 11:57:59.633,7.97367,7.97526,1.45,1.00
2017.07.25 11:58:00.598,7.97363,7.97523,1.45,1.00
2017.07.25 11:58:00.778,7.97363,7.97523,1.00,1.00
2017.07.25 11:58:01.198,7.97364,7.97518,1.00,1.00
2017.07.25 11:58:02.509,7.97369,7.97524,1.00,1.00
2017.07.25 11:58:02.729,7.97375,7.97527,1.00,1.00
2017.07.25 11:58:03.338,7.97367,7.97521,1.00,1.00
2017.07.25 11:58:03.625,7.97378,7.97528,1.00,1.00
2017.07.25 11:58:03.676,7.97387,7.97541,1.00,1.00
2017.07.25 11:58:04.535,7.97393,7.97546,1.00,1.00
2017.07.25 11:58:04.903,7.97383,7.97538,1.00,1.00
2017.07.25 11:58:05.290,7.97392,7.97547,1.00,1.00
2017.07.25 11:58:05.620,7.97394,7.97548,1.00,1.00
2017.07.25 11:58:06.296,7.97401,7.97543,1.00,1.00
2017.07.25 11:58:06.643,7.97404,7.97546,1.00,1.00
2017.07.25 11:58:07.475,7.97405,7.97541,1.00,1.00
2017.07.25 11:58:08.472,7.97405,7.97543,1.00,1.00
2017.07.25 11:58:08.523,7.97399,7.97536,1.00,1.00
2017.07.25 11:58:09.181,7.97408,7.97546,1.00,1.00
2017.07.25 11:58:09.690,7.97407,7.97546,1.00,1.00
2017.07.25 11:58:10.545,7.97403,7.97541,1.00,1.00
2017.07.25 11:58:10.698,7.97407,7.97546,1.00,1.00
2017.07.25 11:58:11.416,7.97405,7.97529,1.00,1.00
2017.07.25 11:58:11.822,7.97414,7.97539,1.00,1.00
2017.07.25 11:58:13.638,7.97412,7.97534,1.00,1.00
2017.07.25 11:58:13.714,7.97415,7.9754,1.00,1.00
2017.07.25 11:58:14.392,7.97401,7.97526,1.00,1.00
2017.07.25 11:58:15.534,7.97377,7.97521,1.00,1.00
2017.07.25 11:58:16.266,7.97365,7.97521,1.00,1.00
2017.07.25 11:58:16.547,7.9737,7.97524,1.00,1.00
2017.07.25 11:58:16.886,7.9737,7.97524,1.00,1.37
2017.07.25 11:58:17.403,7.97377,7.97528,1.00,1.37
2017.07.25 11:58:17.769,7.97356,7.97478,1.00,1.00
2017.07.25 11:58:18.770,7.97355,7.97477,1.00,1.00
2017.07.25 11:58:19.520,7.97356,7.97478,1.00,1.00
2017.07.25 11:58:20.370,7.97367,7.97527,1.00,1.37
2017.07.25 11:58:20.472,7.97389,7.97527,1.00,1.00
2017.07.25 11:58:20.776,7.97414,7.97538,1.00,1.00
2017.07.25 11:58:22.548,7.97417,7.9754,1.00,1.00
2017.07.25 11:58:23.123,7.97424,7.97548,1.00,1.00
2017.07.25 11:58:23.551,7.9742,7.97544,1.00,1.00
2017.07.25 11:58:26.050,7.97428,7.97551,1.00,1.00
2017.07.25 11:58:26.378,7.97425,7.97548,1.00,1.00
2017.07.25 11:58:26.727,7.97419,7.97542,1.00,1.00
2017.07.25 11:58:29.510,7.97424,7.97546,1.00,1.00
2017.07.25 11:58:30.102,7.97438,7.97561,1.00,1.00
2017.07.25 11:58:30.453,7.97429,7.97552,1.00,1.00
2017.07.25 11:58:30.763,7.97415,7.97538,1.00,1.00
2017.07.25 11:58:30.814,7.97412,7.97553,1.00,1.00
2017.07.25 11:58:30.967,7.97416,7.97553,1.00,1.00
2017.07.25 11:58:31.304,7.97422,7.97553,1.00,1.00
2017.07.25 11:58:32.942,7.97412,7.97553,1.00,1.00
2017.07.25 11:58:33.129,7.97422,7.97553,1.00,1.00
2017.07.25 11:58:33.231,7.97412,7.97553,1.00,1.00
2017.07.25 11:58:34.229,7.97413,7.97553,1.00,1.00
2017.07.25 11:58:34.349,7.97428,7.97553,1.00,1.00
2017.07.25 11:58:35.072,7.97426,7.97547,1.00,1.00
2017.07.25 11:58:35.426,7.97417,7.9756,1.00,1.00
2017.07.25 11:58:35.619,7.97421,7.9756,1.00,1.00
2017.07.25 11:58:35.670,7.97426,7.97571,1.00,1.00
2017.07.25 11:58:35.823,7.97435,7.97571,1.00,1.00
2017.07.25 11:58:36.277,7.97438,7.97571,1.00,1.00
2017.07.25 11:58:36.378,7.97418,7.9756,1.00,1.00
2017.07.25 11:58:36.765,7.97418,7.97556,1.00,1.00
2017.07.25 11:58:37.463,7.97429,7.97556,1.00,1.00
2017.07.25 11:58:38.499,7.97412,7.97555,1.00,1.00
2017.07.25 11:58:39.091,7.97413,7.97556,1.00,1.00
2017.07.25 11:58:40.198,7.97421,7.97564,1.00,1.00
2017.07.25 11:58:40.542,7.97431,7.97566,1.00,1.00
2017.07.25 11:58:40.846,7.97418,7.97542,1.00,1.00
2017.07.25 11:58:40.947,7.9741,7.97555,1.00,1.00
2017.07.25 11:58:41.406,7.97422,7.97546,1.00,1.00
2017.07.25 11:58:41.710,7.975,7.97622,1.00,1.00
2017.07.25 11:58:42.061,7.9752,7.97643,1.00,1.00
2017.07.25 11:58:43.029,7.97519,7.97642,1.00,1.00
2017.07.25 11:58:43.130,7.97512,7.97635,1.00,1.00
2017.07.25 11:58:43.602,7.97504,7.97627,1.00,1.00
2017.07.25 11:58:44.568,7.97501,7.97622,1.00,1.00
2017.07.25 11:58:44.772,7.97495,7.97618,1.00,1.00
2017.07.25 11:58:44.925,7.97485,7.97606,1.00,1.00
2017.07.25 11:58:45.280,7.97474,7.97597,1.00,1.00
2017.07.25 11:58:45.927,7.9748,7.97601,1.00,1.00
2017.07.25 11:58:45.978,7.97473,7.97596,1.00,1.00
2017.07.25 11:58:46.283,7.97464,7.97588,1.00,1.00
2017.07.25 11:58:46.334,7.97455,7.97579,1.00,1.00
2017.07.25 11:58:46.671,7.97444,7.97568,1.00,1.00
2017.07.25 11:58:47.371,7.97454,7.97578,1.00,1.00
2017.07.25 11:58:47.762,7.97445,7.97569,1.00,1.00
2017.07.25 11:58:48.066,7.97465,7.97588,1.00,1.00
2017.07.25 11:58:48.797,7.97461,7.97584,1.00,1.00
2017.07.25 11:58:49.205,7.97467,7.97591,1.00,1.00
2017.07.25 11:58:49.256,7.9748,7.97603,1.00,1.00
2017.07.25 11:58:51.006,7.97478,7.97603,1.00,1.00
2017.07.25 11:58:51.786,7.97464,7.97588,1.00,1.00
2017.07.25 11:58:53.797,7.97467,7.97591,1.00,1.00
2017.07.25 11:58:54.421,7.97474,7.97601,1.00,1.00
2017.07.25 11:58:54.472,7.97483,7.97607,1.00,1.00
2017.07.25 11:58:54.777,7.97494,7.97618,1.00,1.00
2017.07.25 11:58:55.669,7.97497,7.97621,1.00,1.00
2017.07.25 11:58:57.673,7.97493,7.97617,1.00,1.00
2017.07.25 11:58:58.672,7.97497,7.97621,1.00,1.00
2017.07.25 11:58:59.696,7.975,7.97624,1.00,1.00
2017.07.25 11:59:00.202,7.97506,7.9763,1.00,1.00
2017.07.25 11:59:00.675,7.97502,7.97626,1.00,1.00
2017.07.25 11:59:01.308,7.97496,7.9762,1.00,1.00
2017.07.25 11:59:01.631,7.97516,7.9764,1.00,1.00
2017.07.25 11:59:01.939,7.97505,7.97629,1.00,1.00
2017.07.25 11:59:02.311,7.97488,7.97612,1.00,1.00
2017.07.25 11:59:02.808,7.97484,7.97608,1.00,1.00
2017.07.25 11:59:03.231,7.97478,7.97602,1.00,1.00
2017.07.25 11:59:03.697,7.97473,7.97597,1.00,1.00
2017.07.25 11:59:07.077,7.97479,7.97603,1.00,1.00
2017.07.25 11:59:07.534,7.97487,7.97611,1.00,1.00
2017.07.25 11:59:08.090,7.97482,7.97606,1.00,1.00
2017.07.25 11:59:09.068,7.97481,7.97603,1.00,1.00
2017.07.25 11:59:11.101,7.97474,7.97598,1.00,1.00
2017.07.25 11:59:12.129,7.97477,7.97602,1.00,1.00
2017.07.25 11:59:13.120,7.97481,7.97605,1.00,1.00
2017.07.25 11:59:14.058,7.97475,7.97597,1.00,1.00
2017.07.25 11:59:15.334,7.97422,7.97546,1.00,1.00
2017.07.25 11:59:15.435,7.97413,7.97537,1.00,1.00
2017.07.25 11:59:16.440,7.97415,7.97539,1.00,1.00
2017.07.25 11:59:17.182,7.97409,7.97533,1.00,1.00
2017.07.25 11:59:17.519,7.97391,7.97515,1.00,1.00
2017.07.25 11:59:17.958,7.97405,7.97529,1.00,1.00
2017.07.25 11:59:18.301,7.97421,7.97545,1.00,1.00
2017.07.25 11:59:18.928,7.9743,7.97552,1.00,1.00
2017.07.25 11:59:19.173,7.97437,7.97561,1.00,1.00
2017.07.25 11:59:19.276,7.97432,7.97554,1.00,1.00
2017.07.25 11:59:22.177,7.97437,7.97561,1.00,1.00
2017.07.25 11:59:22.228,7.97432,7.97556,1.00,1.00
2017.07.25 11:59:22.532,7.97347,7.97398,1.00,1.56
2017.07.25 11:59:22.583,7.97216,7.97328,1.00,1.00
2017.07.25 11:59:22.634,7.97256,7.97327,1.00,1.00
2017.07.25 11:59:22.734,7.97216,7.97328,1.00,1.00
2017.07.25 11:59:22.785,7.97207,7.97301,1.00,1.00
2017.07.25 11:59:22.835,7.972,7.97301,1.00,1.00
2017.07.25 11:59:22.886,7.97179,7.97301,1.00,1.00
2017.07.25 11:59:23.546,7.97174,7.97298,1.00,1.00
2017.07.25 11:59:23.799,7.97184,7.97311,1.00,1.00
2017.07.25 11:59:24.471,7.97178,7.97302,1.00,1.00
2017.07.25 11:59:24.775,7.97206,7.9733,1.00,1.37
2017.07.25 11:59:24.877,7.97196,7.9732,1.00,1.00
2017.07.25 11:59:25.503,7.97189,7.97313,1.00,1.00
2017.07.25 11:59:26.080,7.97186,7.97308,1.00,1.00
2017.07.25 11:59:26.393,7.97243,7.97366,1.00,1.37
2017.07.25 11:59:26.696,7.97217,7.9733,1.00,1.00
2017.07.25 11:59:26.747,7.97207,7.9733,1.00,1.00
2017.07.25 11:59:27.462,7.97215,7.97339,1.00,1.37
2017.07.25 11:59:27.649,7.97212,7.97334,1.00,1.37
2017.07.25 11:59:28.031,7.97212,7.97334,1.00,1.37
2017.07.25 11:59:28.243,7.97201,7.97325,1.00,1.00
2017.07.25 11:59:28.674,7.97196,7.9732,1.00,1.00
2017.07.25 11:59:29.161,7.97203,7.97326,1.00,1.00
2017.07.25 11:59:29.468,7.97224,7.97347,1.00,1.37
2017.07.25 11:59:30.473,7.97222,7.97346,1.00,1.37
2017.07.25 11:59:31.241,7.97229,7.97353,1.00,1.37
2017.07.25 11:59:31.545,7.97242,7.97361,1.00,1.37
2017.07.25 11:59:31.720,7.97227,7.97351,1.00,1.37
2017.07.25 11:59:31.945,7.97227,7.97351,1.00,1.37
2017.07.25 11:59:32.250,7.97233,7.97357,1.00,1.37
2017.07.25 11:59:33.028,7.97233,7.97358,1.00,1.37
2017.07.25 11:59:33.193,7.97239,7.97363,1.00,1.37
2017.07.25 11:59:34.648,7.97242,7.97364,1.00,1.37
2017.07.25 11:59:34.774,7.97238,7.97361,1.00,1.37
2017.07.25 11:59:34.825,7.97238,7.97361,1.00,1.37
2017.07.25 11:59:34.927,7.97279,7.97397,1.00,1.37
2017.07.25 11:59:35.231,7.97294,7.97396,1.00,1.37
2017.07.25 11:59:36.021,7.97294,7.97396,1.00,1.37
2017.07.25 11:59:36.775,7.97288,7.97413,1.00,1.37
2017.07.25 11:59:36.877,7.97283,7.97405,1.00,1.37
2017.07.25 11:59:37.317,7.97283,7.97405,1.00,1.37
2017.07.25 11:59:37.722,7.97268,7.97392,1.00,1.37
2017.07.25 11:59:37.823,7.97261,7.97389,1.00,1.37
2017.07.25 11:59:37.875,7.97257,7.97379,1.00,1.37
2017.07.25 11:59:38.454,7.97257,7.97379,1.00,1.37
2017.07.25 11:59:38.505,7.97252,7.97396,1.00,1.37
2017.07.25 11:59:38.556,7.9726,7.97383,1.00,1.37
2017.07.25 11:59:39.697,7.97255,7.97378,1.00,1.37
2017.07.25 11:59:40.217,7.9725,7.97374,1.00,1.37
2017.07.25 11:59:40.268,7.97242,7.97366,1.00,1.37
2017.07.25 11:59:41.034,7.97242,7.97366,1.00,1.37
2017.07.25 11:59:41.602,7.97249,7.97371,1.00,1.37
2017.07.25 11:59:41.945,7.97238,7.9736,1.00,1.37
2017.07.25 11:59:41.996,7.97229,7.97353,1.00,1.37
2017.07.25 11:59:42.047,7.97221,7.97342,1.00,1.37
2017.07.25 11:59:42.370,7.97221,7.97342,1.00,1.37
2017.07.25 11:59:42.745,7.9721,7.97334,1.00,1.37
2017.07.25 11:59:42.998,7.97204,7.97326,1.00,1.37
2017.07.25 11:59:43.101,7.97213,7.97334,1.00,1.37
2017.07.25 11:59:43.550,7.97221,7.97344,1.00,1.37
2017.07.25 11:59:43.985,7.97221,7.97344,1.00,1.37
2017.07.25 11:59:44.087,7.97204,7.97326,1.00,1.37
2017.07.25 11:59:44.781,7.97197,7.97321,1.00,1.37
2017.07.25 11:59:44.953,7.97189,7.97313,1.00,1.37
2017.07.25 11:59:45.225,7.97189,7.97313,1.00,1.37
2017.07.25 11:59:45.976,7.97191,7.97315,1.00,1.37
2017.07.25 11:59:46.995,7.97194,7.97316,1.00,1.37
2017.07.25 11:59:47.910,7.97194,7.97316,1.00,1.37
2017.07.25 11:59:48.011,7.97189,7.97313,1.00,1.37
2017.07.25 11:59:48.345,7.97223,7.97313,1.00,1.37
2017.07.25 11:59:48.446,7.97233,7.97357,1.00,1.37
2017.07.25 11:59:48.591,7.97259,7.97391,1.00,1.87
2017.07.25 11:59:48.693,7.97301,7.97425,1.00,1.37
2017.07.25 11:59:49.605,7.97316,7.97439,1.00,1.37
2017.07.25 11:59:49.808,7.97316,7.97439,1.00,1.37
2017.07.25 11:59:49.956,7.97296,7.9742,1.00,1.00
2017.07.25 11:59:50.844,7.97291,7.97414,1.00,1.00
2017.07.25 11:59:51.301,7.97291,7.97414,1.00,1.37
2017.07.25 11:59:51.353,7.97272,7.97395,1.00,1.00
2017.07.25 11:59:51.456,7.97258,7.97384,1.00,1.00
2017.07.25 11:59:51.914,7.97241,7.97365,1.00,1.00
2017.07.25 11:59:52.220,7.97222,7.97345,1.00,1.37
2017.07.25 11:59:52.557,7.97214,7.97336,1.00,1.00
2017.07.25 11:59:52.608,7.97202,7.97326,1.00,1.00
2017.07.25 11:59:52.913,7.97193,7.97316,1.00,1.00
2017.07.25 11:59:52.964,7.97184,7.97308,1.00,1.00
2017.07.25 11:59:53.158,7.97174,7.97298,1.00,1.00
2017.07.25 11:59:53.536,7.97177,7.97316,1.00,1.00
2017.07.25 11:59:53.587,7.97189,7.97313,1.00,1.00
2017.07.25 11:59:53.960,7.97199,7.97321,1.00,1.00
2017.07.25 11:59:54.062,7.97187,7.97313,1.50,1.00
2017.07.25 11:59:54.503,7.97178,7.97299,1.00,1.00
2017.07.25 11:59:55.536,7.97174,7.97295,1.00,1.00
2017.07.25 11:59:56.325,7.97174,7.97295,1.00,1.37
2017.07.25 11:59:56.700,7.97157,7.97281,1.00,1.00
2017.07.25 11:59:56.751,7.97148,7.97271,1.00,1.00
2017.07.25 11:59:57.535,7.97148,7.97271,1.00,1.37
2017.07.25 11:59:58.655,7.97148,7.97271,1.00,1.37
2017.07.25 11:59:58.960,7.97153,7.97277,1.00,1.37
2017.07.25 11:59:59.382,7.97148,7.97271,1.00,1.37
2017.07.25 11:59:59.433,7.97142,7.97266,1.00,1.37
