2015.04.22 08:00:01.166,7.83454,7.83628,1.19,1.00
2015.04.22 08:00:01.435,7.83454,7.83628,1.00,1.00
2015.04.22 08:00:02.238,7.83402,7.83627,1.94,1.37
2015.04.22 08:00:02.289,7.83402,7.83627,1.75,1.37
2015.04.22 08:00:02.340,7.83401,7.83608,1.35,1.37
2015.04.22 08:00:02.441,7.8338,7.83608,2.29,1.82
2015.04.22 08:00:02.543,7.83401,7.83608,1.35,1.82
2015.04.22 08:00:03.000,7.83401,7.83598,1.35,1.75
2015.04.22 08:00:03.654,7.83333,7.83578,2.29,1.75
2015.04.22 08:00:03.986,7.83333,7.83577,2.29,1.75
2015.04.22 08:00:04.531,7.83369,7.83545,1.75,1.00
2015.04.22 08:00:05.775,7.83369,7.83545,1.75,1.00
2015.04.22 08:00:09.635,7.83392,7.83568,1.75,1.00
2015.04.22 08:00:09.736,7.83379,7.83599,1.75,1.00
2015.04.22 08:00:09.837,7.83379,7.83599,1.75,1.00
2015.04.22 08:00:10.056,7.8338,7.83605,1.75,1.00
2015.04.22 08:00:10.157,7.83402,7.83583,1.50,1.00
2015.04.22 08:00:11.277,7.8338,7.83561,1.75,1.00
2015.04.22 08:00:11.378,7.8338,7.83561,1.75,1.00
2015.04.22 08:00:12.033,7.83333,7.83562,1.54,1.00
2015.04.22 08:00:12.134,7.83333,7.83558,1.35,1.00
2015.04.22 08:00:12.236,7.83336,7.83555,1.75,1.00
2015.04.22 08:00:12.337,7.83336,7.83555,1.94,1.00
2015.04.22 08:00:12.388,7.83365,7.83541,1.69,1.00
2015.04.22 08:00:12.715,7.83333,7.83551,1.54,1.00
2015.04.22 08:00:12.876,7.83333,7.83551,1.54,1.00
2015.04.22 08:00:13.373,7.83333,7.83535,1.54,1.00
2015.04.22 08:00:13.476,7.83333,7.83535,1.54,1.00
2015.04.22 08:00:13.690,7.83339,7.83515,1.94,1.00
2015.04.22 08:00:13.893,7.83333,7.83527,1.54,1.00
2015.04.22 08:00:13.994,7.83333,7.83504,1.54,1.00
2015.04.22 08:00:14.580,7.83333,7.83522,1.54,1.00
2015.04.22 08:00:14.681,7.83333,7.83518,1.54,1.00
2015.04.22 08:00:14.782,7.83333,7.83518,1.54,1.00
2015.04.22 08:00:14.907,7.83333,7.83518,1.54,1.00
2015.04.22 08:00:15.109,7.83333,7.83518,1.54,1.00
2015.04.22 08:00:15.448,7.83337,7.83513,1.94,1.00
2015.04.22 08:00:15.754,7.83337,7.83513,1.94,1.00
2015.04.22 08:00:16.201,7.83337,7.83513,1.94,1.00
2015.04.22 08:00:18.536,7.83337,7.83513,2.00,1.00
2015.04.22 08:00:20.407,7.83355,7.83531,1.94,1.00
2015.04.22 08:00:20.508,7.83338,7.83562,1.94,1.00
2015.04.22 08:00:20.609,7.83338,7.83562,1.94,1.00
2015.04.22 08:00:20.920,7.83366,7.83542,1.75,1.00
2015.04.22 08:00:21.287,7.83349,7.8357,1.94,1.00
2015.04.22 08:00:21.471,7.83372,7.83548,1.75,1.00
2015.04.22 08:00:21.972,7.83373,7.83547,1.75,1.00
2015.04.22 08:00:22.923,7.8335,7.83526,1.94,1.00
2015.04.22 08:00:23.125,7.83333,7.83539,1.54,1.00
2015.04.22 08:00:23.366,7.83345,7.83519,1.75,1.00
2015.04.22 08:00:25.239,7.83333,7.83501,1.54,1.00
2015.04.22 08:00:25.356,7.83333,7.83501,1.54,1.00
2015.04.22 08:00:26.623,7.83375,7.83501,2.10,1.00
2015.04.22 08:00:26.674,7.83375,7.83638,2.10,2.35
2015.04.22 08:00:26.775,7.83377,7.83648,1.35,1.00
2015.04.22 08:00:26.876,7.83399,7.83658,1.35,1.19
2015.04.22 08:00:26.993,7.83382,7.83658,1.35,1.56
2015.04.22 08:00:27.313,7.83382,7.83628,1.35,1.00
2015.04.22 08:00:27.414,7.83375,7.83628,2.47,1.00
2015.04.22 08:00:27.667,7.83375,7.83628,2.66,1.00
2015.04.22 08:00:27.769,7.83375,7.83638,2.66,1.07
2015.04.22 08:00:27.836,7.83375,7.83628,2.66,1.00
2015.04.22 08:00:28.426,7.83375,7.83638,2.66,1.07
2015.04.22 08:00:29.716,7.8339,7.83658,1.16,1.07
2015.04.22 08:00:29.924,7.8339,7.83658,1.16,1.07
2015.04.22 08:00:31.405,7.83384,7.83668,1.16,1.75
2015.04.22 08:00:32.131,7.83384,7.83657,1.16,1.37
2015.04.22 08:00:34.955,7.83384,7.83538,1.16,1.90
2015.04.22 08:00:35.518,7.83384,7.83678,1.16,1.75
2015.04.22 08:00:35.755,7.83383,7.83678,1.16,1.50
2015.04.22 08:00:36.142,7.83383,7.83678,1.16,1.50
2015.04.22 08:00:38.149,7.83383,7.83657,1.16,1.07
2015.04.22 08:00:40.084,7.83383,7.83638,1.16,1.00
2015.04.22 08:00:40.435,7.83375,7.83638,2.29,1.37
2015.04.22 08:00:41.688,7.83362,7.83638,1.56,1.37
2015.04.22 08:00:41.738,7.83362,7.83638,1.19,1.75
2015.04.22 08:00:42.891,7.83355,7.83622,1.00,1.37
2015.04.22 08:00:43.580,7.83358,7.83619,1.00,1.07
2015.04.22 08:00:44.575,7.83326,7.83624,1.26,1.37
2015.04.22 08:00:44.676,7.83336,7.83624,1.19,1.37
2015.04.22 08:00:44.778,7.83338,7.83628,1.56,1.68
2015.04.22 08:00:45.131,7.83368,7.83598,1.19,1.00
2015.04.22 08:00:45.538,7.83346,7.83598,1.19,1.37
2015.04.22 08:00:47.182,7.83346,7.83628,1.19,3.10
2015.04.22 08:00:48.543,7.83346,7.83598,1.19,1.75
2015.04.22 08:00:48.766,7.83346,7.83628,1.19,2.35
2015.04.22 08:00:49.001,7.83346,7.83628,1.26,1.98
2015.04.22 08:00:49.051,7.83493,7.83628,2.10,1.98
2015.04.22 08:00:49.203,7.83493,7.83628,2.10,1.60
2015.04.22 08:00:49.264,7.83493,7.83728,2.10,2.35
2015.04.22 08:00:49.316,7.83699,7.83831,2.10,2.35
2015.04.22 08:00:49.368,7.83723,7.83831,2.10,1.60
2015.04.22 08:00:49.520,7.83798,7.83889,2.29,1.60
2015.04.22 08:00:49.572,7.83798,7.84008,2.29,1.60
2015.04.22 08:00:49.774,7.83798,7.83961,2.29,1.00
2015.04.22 08:00:49.825,7.83798,7.83961,2.10,1.00
2015.04.22 08:00:50.661,7.83798,7.83989,2.10,1.00
2015.04.22 08:00:51.166,7.83798,7.84014,2.10,1.19
2015.04.22 08:00:51.497,7.83798,7.84014,2.17,1.00
2015.04.22 08:00:51.902,7.83798,7.84041,2.17,1.00
2015.04.22 08:00:52.054,7.83839,7.84041,2.10,1.00
2015.04.22 08:00:55.574,7.8378,7.84041,1.75,1.00
2015.04.22 08:00:55.777,7.83755,7.84041,1.19,1.00
2015.04.22 08:00:57.573,7.8374,7.84026,1.19,1.00
2015.04.22 08:00:57.705,7.8374,7.84026,1.19,1.00
2015.04.22 08:00:57.885,7.83714,7.84,1.19,1.00
2015.04.22 08:00:59.911,7.83714,7.84,1.19,1.00
2015.04.22 08:01:00.789,7.83747,7.84033,1.00,1.19
2015.04.22 08:01:01.092,7.83747,7.84033,1.19,1.00
2015.04.22 08:01:01.193,7.83782,7.84069,1.00,1.19
2015.04.22 08:01:01.364,7.83782,7.84069,1.19,1.00
2015.04.22 08:01:01.415,7.8381,7.84096,1.19,1.00
2015.04.22 08:01:01.465,7.8381,7.84096,1.19,1.00
2015.04.22 08:01:01.516,7.83836,7.84122,1.79,1.00
2015.04.22 08:01:01.617,7.83844,7.84087,1.16,1.00
2015.04.22 08:01:01.769,7.83826,7.84087,1.35,1.00
2015.04.22 08:01:01.875,7.83808,7.84087,1.16,1.00
2015.04.22 08:01:02.036,7.83805,7.84061,2.29,1.00
2015.04.22 08:01:02.685,7.83805,7.84024,2.29,1.00
2015.04.22 08:01:02.989,7.83805,7.83998,2.10,1.00
2015.04.22 08:01:03.483,7.83805,7.84026,2.10,1.00
2015.04.22 08:01:04.188,7.83805,7.83997,2.10,1.00
2015.04.22 08:01:05.435,7.83805,7.84027,2.10,1.00
2015.04.22 08:01:08.523,7.83805,7.84001,2.10,1.00
2015.04.22 08:01:09.193,7.83805,7.83976,2.10,1.00
2015.04.22 08:01:09.366,7.83735,7.83976,2.10,1.00
2015.04.22 08:01:09.518,7.83735,7.84003,2.47,1.00
2015.04.22 08:01:13.026,7.83735,7.83973,2.36,1.00
2015.04.22 08:01:13.432,7.83735,7.83946,2.10,1.00
2015.04.22 08:01:13.635,7.83735,7.83982,2.10,1.00
2015.04.22 08:01:14.117,7.83735,7.84008,2.29,1.00
2015.04.22 08:01:17.259,7.83748,7.84032,1.79,1.00
2015.04.22 08:01:17.526,7.83784,7.8407,1.19,1.00
2015.04.22 08:01:17.845,7.83794,7.8407,1.26,1.00
2015.04.22 08:01:17.946,7.83818,7.84104,1.94,1.00
2015.04.22 08:01:18.048,7.8386,7.84144,1.56,1.00
2015.04.22 08:01:18.357,7.83886,7.84168,1.19,1.60
2015.04.22 08:01:18.922,7.83886,7.84169,1.19,1.00
2015.04.22 08:01:20.115,7.83886,7.84169,1.19,1.00
2015.04.22 08:01:22.120,7.83886,7.84169,1.19,1.00
2015.04.22 08:01:24.120,7.83893,7.84177,1.19,1.07
2015.04.22 08:01:24.171,7.83893,7.84177,1.19,1.07
2015.04.22 08:01:24.527,7.83893,7.84177,1.00,1.07
2015.04.22 08:01:24.628,7.83834,7.84055,1.31,1.00
2015.04.22 08:01:24.730,7.83833,7.84025,1.00,1.00
2015.04.22 08:01:24.831,7.83772,7.84025,2.54,1.00
2015.04.22 08:01:24.933,7.83808,7.84059,1.35,1.00
2015.04.22 08:01:25.034,7.83808,7.84088,1.54,1.00
2015.04.22 08:01:25.288,7.83808,7.84087,1.42,1.00
2015.04.22 08:01:25.490,7.83808,7.84087,1.12,1.00
2015.04.22 08:01:26.125,7.83766,7.8396,1.94,1.00
2015.04.22 08:01:26.277,7.83774,7.8396,1.35,1.00
2015.04.22 08:01:26.429,7.83774,7.84036,1.35,1.00
2015.04.22 08:01:26.530,7.83797,7.84082,1.07,1.19
2015.04.22 08:01:26.581,7.83797,7.84082,1.69,1.00
2015.04.22 08:01:26.732,7.83797,7.84082,1.56,1.00
2015.04.22 08:01:26.844,7.83797,7.84082,1.56,1.00
2015.04.22 08:01:26.946,7.83831,7.84117,1.26,1.00
2015.04.22 08:01:27.047,7.83862,7.84149,1.26,1.00
2015.04.22 08:01:28.443,7.83862,7.84149,1.19,1.37
2015.04.22 08:01:29.109,7.83862,7.84149,1.19,1.75
2015.04.22 08:01:29.265,7.83862,7.84149,1.26,1.00
2015.04.22 08:01:29.593,7.83873,7.84149,2.29,1.00
2015.04.22 08:01:29.644,7.83899,7.84157,1.79,1.07
2015.04.22 08:01:29.745,7.83925,7.84178,1.00,1.00
2015.04.22 08:01:30.284,7.83925,7.84177,1.00,1.00
2015.04.22 08:01:30.455,7.83925,7.84168,1.00,1.00
2015.04.22 08:01:30.565,7.83925,7.84178,1.00,1.50
2015.04.22 08:01:30.914,7.83925,7.84188,1.00,1.00
2015.04.22 08:01:31.115,7.83925,7.84198,1.00,1.26
2015.04.22 08:01:31.523,7.83925,7.84208,1.12,2.06
2015.04.22 08:01:31.824,7.83925,7.84208,1.31,1.37
2015.04.22 08:01:32.127,7.83901,7.84185,1.79,1.75
2015.04.22 08:01:32.228,7.83901,7.84185,1.79,1.75
2015.04.22 08:01:32.364,7.83901,7.84185,1.00,2.00
2015.04.22 08:01:32.415,7.83901,7.84185,1.00,1.25
2015.04.22 08:01:33.183,7.83901,7.84185,1.00,2.00
2015.04.22 08:01:34.517,7.83901,7.84177,1.00,1.75
2015.04.22 08:01:34.568,7.83874,7.8416,1.19,1.75
2015.04.22 08:01:34.720,7.83874,7.84158,1.19,1.75
2015.04.22 08:01:35.359,7.83849,7.84133,1.00,1.94
2015.04.22 08:01:35.593,7.83849,7.84133,1.00,1.94
2015.04.22 08:01:35.644,7.8382,7.84106,1.19,1.75
2015.04.22 08:01:35.754,7.8382,7.84106,1.26,1.37
2015.04.22 08:01:36.710,7.8382,7.84106,1.19,1.75
2015.04.22 08:01:37.185,7.83911,7.84138,1.00,1.75
2015.04.22 08:01:37.287,7.83869,7.84155,3.04,1.75
2015.04.22 08:01:37.394,7.83869,7.84155,3.11,1.75
2015.04.22 08:01:40.213,7.83905,7.84181,1.05,1.07
2015.04.22 08:01:40.373,7.83905,7.84181,1.42,1.07
2015.04.22 08:01:44.165,7.83905,7.84173,1.16,1.00
2015.04.22 08:01:44.253,7.83913,7.84199,1.26,1.37
2015.04.22 08:01:46.953,7.83913,7.84199,1.75,1.19
2015.04.22 08:01:47.394,7.83939,7.84225,1.75,1.19
2015.04.22 08:01:47.893,7.83939,7.84225,1.94,1.00
2015.04.22 08:01:48.257,7.83939,7.84225,1.19,1.75
2015.04.22 08:01:49.348,7.83939,7.84225,1.19,1.75
2015.04.22 08:01:49.906,7.83939,7.84218,1.00,1.94
2015.04.22 08:01:52.402,7.83919,7.84205,1.19,1.75
2015.04.22 08:01:52.755,7.83919,7.84205,1.19,1.75
2015.04.22 08:01:52.908,7.83992,7.84278,1.00,3.29
2015.04.22 08:01:53.110,7.83992,7.84278,1.00,1.56
2015.04.22 08:01:53.423,7.84017,7.84304,1.37,1.26
2015.04.22 08:01:54.425,7.84017,7.84304,1.56,1.07
2015.04.22 08:01:56.418,7.84017,7.84304,1.56,1.07
2015.04.22 08:01:58.422,7.84017,7.84304,1.56,1.07
2015.04.22 08:01:59.919,7.84003,7.84284,1.56,1.00
2015.04.22 08:02:00.222,7.83998,7.84274,1.26,1.37
2015.04.22 08:02:00.374,7.84029,7.84274,1.26,1.30
2015.04.22 08:02:01.232,7.84029,7.84274,1.26,1.30
2015.04.22 08:02:06.856,7.84024,7.84274,1.07,1.49
2015.04.22 08:02:06.958,7.83998,7.84274,1.75,1.49
2015.04.22 08:02:07.059,7.83998,7.84274,1.19,1.72
2015.04.22 08:02:07.164,7.84024,7.84274,1.26,1.30
2015.04.22 08:02:09.254,7.84024,7.84274,1.26,1.30
2015.04.22 08:02:11.459,7.84024,7.84274,1.26,1.30
2015.04.22 08:02:13.465,7.84028,7.84274,1.26,1.30
2015.04.22 08:02:15.470,7.84028,7.84274,1.26,1.30
2015.04.22 08:02:15.585,7.84028,7.84274,1.07,1.30
2015.04.22 08:02:15.788,7.84002,7.84274,1.26,2.05
2015.04.22 08:02:16.766,7.83982,7.84261,1.49,1.50
2015.04.22 08:02:17.578,7.83982,7.84261,1.49,1.50
2015.04.22 08:02:19.807,7.83982,7.84247,1.30,1.12
2015.04.22 08:02:20.342,7.83975,7.84247,1.26,1.12
2015.04.22 08:02:21.889,7.83976,7.84256,1.26,1.12
2015.04.22 08:02:23.915,7.84024,7.84262,1.00,2.05
2015.04.22 08:02:24.118,7.84028,7.84303,1.37,1.20
2015.04.22 08:02:24.464,7.84032,7.8431,1.00,1.56
2015.04.22 08:02:24.808,7.84055,7.84322,1.00,2.24
2015.04.22 08:02:25.119,7.84055,7.84322,1.19,1.67
2015.04.22 08:02:25.533,7.84078,7.84322,1.00,1.05
2015.04.22 08:02:25.979,7.84078,7.84322,1.00,1.67
2015.04.22 08:02:26.285,7.84078,7.84322,1.37,1.30
2015.04.22 08:02:26.454,7.84086,7.84322,1.37,1.30
2015.04.22 08:02:27.254,7.84078,7.84322,1.56,1.49
2015.04.22 08:02:28.138,7.84123,7.84322,1.19,1.49
2015.04.22 08:02:28.849,7.84078,7.84322,1.19,1.86
2015.04.22 08:02:28.951,7.84105,7.84322,1.94,1.30
2015.04.22 08:02:29.052,7.84196,7.84382,1.19,1.30
2015.04.22 08:02:29.103,7.84265,7.84382,1.00,1.30
2015.04.22 08:02:29.254,7.84378,7.84567,1.19,1.60
2015.04.22 08:02:29.305,7.84378,7.8459,1.19,1.30
2015.04.22 08:02:29.356,7.84378,7.8459,1.19,1.30
2015.04.22 08:02:29.692,7.84422,7.84716,1.86,1.49
2015.04.22 08:02:30.268,7.84422,7.84716,1.86,1.49
2015.04.22 08:02:31.219,7.84422,7.84716,1.86,1.49
2015.04.22 08:02:32.655,7.84454,7.84716,1.19,1.49
2015.04.22 08:02:32.756,7.84454,7.84716,1.86,1.49
2015.04.22 08:02:33.756,7.84466,7.84716,1.54,1.49
2015.04.22 08:02:34.259,7.84491,7.84782,1.56,1.56
2015.04.22 08:02:34.360,7.8452,7.84782,1.94,1.56
2015.04.22 08:02:34.461,7.84537,7.84782,1.16,1.49
2015.04.22 08:02:35.435,7.84562,7.84782,1.16,1.49
2015.04.22 08:02:36.459,7.84562,7.84782,1.54,1.49
2015.04.22 08:02:36.955,7.84562,7.84841,1.54,1.49
2015.04.22 08:02:37.976,7.84586,7.84841,1.94,1.49
2015.04.22 08:02:40.087,7.84586,7.84841,1.56,1.24
2015.04.22 08:02:41.195,7.84621,7.84888,1.49,1.94
2015.04.22 08:02:41.296,7.84648,7.84915,1.56,1.86
2015.04.22 08:02:41.499,7.84648,7.84915,1.94,1.54
2015.04.22 08:02:42.106,7.84648,7.84918,1.94,1.56
2015.04.22 08:02:42.208,7.84648,7.84928,1.94,1.56
2015.04.22 08:02:42.309,7.84648,7.84928,1.56,1.56
2015.04.22 08:02:43.975,7.84676,7.84974,1.56,1.56
2015.04.22 08:02:44.076,7.84718,7.84974,1.19,1.37
2015.04.22 08:02:44.127,7.84718,7.84978,1.56,1.19
2015.04.22 08:02:44.178,7.84718,7.84994,1.56,1.56
2015.04.22 08:02:45.005,7.8472,7.85033,1.31,1.49
2015.04.22 08:02:45.106,7.8472,7.85033,1.31,1.49
2015.04.22 08:02:46.200,7.8472,7.85033,1.31,1.49
2015.04.22 08:02:48.680,7.84726,7.85033,2.44,1.49
2015.04.22 08:02:50.610,7.84776,7.85033,1.01,1.49
2015.04.22 08:02:50.711,7.84776,7.85091,1.01,2.66
2015.04.22 08:02:51.894,7.84812,7.85091,2.36,1.56
2015.04.22 08:02:52.915,7.84849,7.85155,1.16,1.56
2015.04.22 08:02:54.623,7.84833,7.85135,2.24,1.01
2015.04.22 08:02:54.726,7.84812,7.85073,2.24,1.94
2015.04.22 08:02:55.333,7.84819,7.85073,1.16,1.94
2015.04.22 08:02:56.123,7.84821,7.85092,1.16,1.49
2015.04.22 08:02:56.224,7.84821,7.85092,1.16,1.49
2015.04.22 08:02:56.528,7.84784,7.85032,2.36,1.49
2015.04.22 08:02:57.845,7.84759,7.85032,1.69,1.49
2015.04.22 08:02:57.907,7.84759,7.85032,1.69,1.49
2015.04.22 08:02:58.509,7.84705,7.85012,1.49,1.19
2015.04.22 08:02:58.812,7.84682,7.84969,1.79,1.49
2015.04.22 08:02:59.115,7.84655,7.84969,1.19,1.49
2015.04.22 08:03:00.116,7.84694,7.84969,1.26,1.49
2015.04.22 08:03:01.763,7.8472,7.84969,1.19,1.49
2015.04.22 08:03:01.866,7.84683,7.84968,1.56,1.19
2015.04.22 08:03:02.185,7.84692,7.84969,1.19,1.49
2015.04.22 08:03:02.671,7.84692,7.84969,1.19,1.49
2015.04.22 08:03:03.645,7.84692,7.84969,1.19,1.49
2015.04.22 08:03:04.159,7.84692,7.84969,1.19,1.49
2015.04.22 08:03:04.362,7.84692,7.84969,1.19,1.49
2015.04.22 08:03:05.372,7.84667,7.84953,1.19,1.19
2015.04.22 08:03:06.781,7.84693,7.84969,1.19,1.49
2015.04.22 08:03:06.883,7.84693,7.84969,1.19,1.49
2015.04.22 08:03:07.200,7.84693,7.84969,1.19,1.49
2015.04.22 08:03:07.604,7.84693,7.84969,1.19,1.49
2015.04.22 08:03:09.613,7.84719,7.84969,1.19,1.49
2015.04.22 08:03:09.718,7.84685,7.84969,1.19,1.91
2015.04.22 08:03:11.704,7.84712,7.84969,1.19,1.49
2015.04.22 08:03:11.815,7.84712,7.84969,1.19,1.49
2015.04.22 08:03:11.916,7.84712,7.84969,1.19,1.49
2015.04.22 08:03:12.018,7.84712,7.84996,1.26,1.19
2015.04.22 08:03:12.810,7.84712,7.84996,1.26,1.19
2015.04.22 08:03:12.912,7.84706,7.84973,1.86,1.19
2015.04.22 08:03:13.013,7.84714,7.84998,1.26,1.49
2015.04.22 08:03:13.485,7.84714,7.84998,1.56,1.49
2015.04.22 08:03:13.793,7.84714,7.84998,1.19,1.49
2015.04.22 08:03:15.938,7.84744,7.84998,1.19,1.49
2015.04.22 08:03:17.913,7.84744,7.84998,1.56,1.49
2015.04.22 08:03:18.524,7.84806,7.84998,1.19,1.30
2015.04.22 08:03:18.575,7.84806,7.85042,1.19,1.19
2015.04.22 08:03:18.626,7.84806,7.85059,1.19,1.56
2015.04.22 08:03:19.460,7.84833,7.85059,1.19,1.49
2015.04.22 08:03:19.914,7.84853,7.85117,1.19,1.30
2015.04.22 08:03:20.016,7.84872,7.85117,1.19,1.49
2015.04.22 08:03:20.344,7.84915,7.85184,1.19,2.24
2015.04.22 08:03:20.737,7.84868,7.85154,1.94,1.94
2015.04.22 08:03:20.939,7.8486,7.85129,1.56,1.94
2015.04.22 08:03:21.663,7.84837,7.85098,1.94,1.94
2015.04.22 08:03:21.765,7.84812,7.85098,1.94,1.94
2015.04.22 08:03:22.102,7.84822,7.85098,1.56,1.94
2015.04.22 08:03:22.422,7.84823,7.85098,1.56,1.94
2015.04.22 08:03:22.771,7.84822,7.85098,1.26,1.94
2015.04.22 08:03:23.324,7.84832,7.85098,1.37,1.75
2015.04.22 08:03:23.595,7.84842,7.85122,1.07,2.04
2015.04.22 08:03:23.646,7.84842,7.85122,1.26,1.85
2015.04.22 08:03:23.950,7.84912,7.85133,1.07,1.00
2015.04.22 08:03:24.231,7.84892,7.85133,1.00,1.00
2015.04.22 08:03:24.354,7.84892,7.85154,1.00,1.30
2015.04.22 08:03:24.558,7.84892,7.85154,1.37,1.30
2015.04.22 08:03:25.543,7.84919,7.85154,1.37,1.30
2015.04.22 08:03:25.594,7.84939,7.85175,1.05,1.49
2015.04.22 08:03:25.645,7.84964,7.85233,1.00,1.56
2015.04.22 08:03:25.746,7.84939,7.85221,1.67,1.19
2015.04.22 08:03:25.949,7.84962,7.85233,1.00,1.56
2015.04.22 08:03:26.265,7.84939,7.85221,2.05,1.19
2015.04.22 08:03:26.648,7.84939,7.85221,2.05,1.56
2015.04.22 08:03:26.821,7.84939,7.85221,1.67,1.56
2015.04.22 08:03:27.104,7.84942,7.85221,1.37,1.19
2015.04.22 08:03:27.155,7.8496,7.85233,1.00,1.99
2015.04.22 08:03:27.458,7.84985,7.85233,1.26,1.30
2015.04.22 08:03:27.732,7.84986,7.85233,1.26,1.30
2015.04.22 08:03:28.258,7.84985,7.85233,1.19,1.30
2015.04.22 08:03:28.439,7.85011,7.85233,1.00,1.30
2015.04.22 08:03:29.202,7.85011,7.85293,1.00,1.49
2015.04.22 08:03:29.253,7.85011,7.85293,1.07,1.49
2015.04.22 08:03:29.574,7.85011,7.85293,1.07,1.30
2015.04.22 08:03:29.794,7.85011,7.85293,1.00,1.30
2015.04.22 08:03:31.660,7.85011,7.85293,1.00,1.49
2015.04.22 08:03:32.680,7.85039,7.85293,1.19,1.30
2015.04.22 08:03:33.683,7.85039,7.85293,1.00,1.30
2015.04.22 08:03:35.074,7.85031,7.85282,1.07,1.19
2015.04.22 08:03:35.378,7.84992,7.85226,1.98,1.30
2015.04.22 08:03:35.580,7.85018,7.85287,1.37,1.49
2015.04.22 08:03:35.885,7.85043,7.85287,1.00,1.30
2015.04.22 08:03:36.429,7.85013,7.85287,1.07,1.30
2015.04.22 08:03:36.530,7.85013,7.85287,1.00,1.30
2015.04.22 08:03:36.833,7.85013,7.85287,1.37,1.30
2015.04.22 08:03:37.408,7.85025,7.85287,1.00,1.30
2015.04.22 08:03:37.950,7.85013,7.85287,1.56,1.30
2015.04.22 08:03:40.039,7.85013,7.85287,1.19,2.05
2015.04.22 08:03:40.140,7.84993,7.85273,1.67,1.19
2015.04.22 08:03:40.803,7.84993,7.85273,1.67,1.31
2015.04.22 08:03:40.979,7.84993,7.85236,1.67,1.30
2015.04.22 08:03:41.284,7.84989,7.85216,1.75,1.30
2015.04.22 08:03:42.444,7.84989,7.85273,1.75,1.94
2015.04.22 08:03:43.105,7.85021,7.85275,1.07,1.30
2015.04.22 08:03:43.440,7.85021,7.85275,1.00,1.30
2015.04.22 08:03:46.101,7.85077,7.85275,1.00,1.30
2015.04.22 08:03:46.152,7.85077,7.85295,1.00,1.30
2015.04.22 08:03:46.203,7.85077,7.85347,1.00,1.86
2015.04.22 08:03:46.253,7.85077,7.85347,1.60,1.86
2015.04.22 08:03:46.914,7.85077,7.85347,1.60,1.56
2015.04.22 08:03:47.352,7.85077,7.85347,1.79,1.37
2015.04.22 08:03:47.402,7.85053,7.85337,2.51,1.00
2015.04.22 08:03:47.708,7.85058,7.85326,1.16,1.07
2015.04.22 08:03:47.862,7.85058,7.85326,1.16,1.00
2015.04.22 08:03:48.870,7.85057,7.85337,1.16,1.00
2015.04.22 08:03:49.471,7.85053,7.85337,2.51,1.00
2015.04.22 08:03:50.179,7.85053,7.85337,2.51,1.37
2015.04.22 08:03:50.923,7.85053,7.85337,2.51,1.75
2015.04.22 08:03:52.329,7.85053,7.85337,1.91,1.75
2015.04.22 08:03:52.380,7.85053,7.85305,1.72,1.12
2015.04.22 08:03:52.431,7.85053,7.85286,1.30,1.00
2015.04.22 08:03:52.482,7.85002,7.85272,1.60,2.24
2015.04.22 08:03:52.583,7.84978,7.8526,1.30,1.56
2015.04.22 08:03:52.634,7.84978,7.85226,1.30,1.00
2015.04.22 08:03:52.937,7.84919,7.85201,1.56,1.00
2015.04.22 08:03:53.551,7.84919,7.85201,1.56,1.00
2015.04.22 08:03:55.844,7.84919,7.85201,1.37,1.25
2015.04.22 08:03:57.953,7.84919,7.85201,1.54,1.00
2015.04.22 08:03:58.723,7.84919,7.85205,2.29,1.25
2015.04.22 08:03:58.875,7.84919,7.85205,2.66,1.25
2015.04.22 08:03:59.270,7.84919,7.85205,1.99,1.25
2015.04.22 08:04:00.057,7.84919,7.85205,1.80,1.19
2015.04.22 08:04:01.422,7.84919,7.85179,1.37,1.00
2015.04.22 08:04:01.732,7.84893,7.85153,1.56,1.30
2015.04.22 08:04:02.522,7.84893,7.85153,1.37,1.30
2015.04.22 08:04:04.906,7.84868,7.85153,1.56,1.30
2015.04.22 08:04:07.301,7.84868,7.85153,1.26,1.30
2015.04.22 08:04:07.415,7.84859,7.85128,1.86,1.00
2015.04.22 08:04:08.012,7.84859,7.85128,1.67,1.19
2015.04.22 08:04:08.995,7.84844,7.85094,1.75,1.30
2015.04.22 08:04:09.206,7.84844,7.85094,1.07,1.30
2015.04.22 08:04:09.946,7.84844,7.85094,1.00,1.30
2015.04.22 08:04:10.521,7.84818,7.85094,1.16,1.30
2015.04.22 08:04:10.851,7.84812,7.85068,2.58,1.19
2015.04.22 08:04:10.952,7.848,7.85068,1.97,1.19
2015.04.22 08:04:11.105,7.84782,7.85027,1.97,1.30
2015.04.22 08:04:11.591,7.84802,7.85027,1.97,1.30
2015.04.22 08:04:11.926,7.84782,7.85027,1.97,1.30
2015.04.22 08:04:13.243,7.84758,7.85027,1.56,1.30
2015.04.22 08:04:13.344,7.84733,7.85018,2.66,1.00
2015.04.22 08:04:13.510,7.84733,7.85018,1.86,1.00
2015.04.22 08:04:14.230,7.84742,7.85018,1.07,1.19
2015.04.22 08:04:14.352,7.84753,7.85018,1.00,1.19
2015.04.22 08:04:15.255,7.84782,7.85027,1.00,1.49
2015.04.22 08:04:15.559,7.84802,7.85027,1.75,1.30
2015.04.22 08:04:15.868,7.84814,7.85027,1.75,1.30
2015.04.22 08:04:16.138,7.84792,7.85027,1.75,1.30
2015.04.22 08:04:16.445,7.84787,7.85027,1.07,1.30
2015.04.22 08:04:16.546,7.84815,7.85027,1.00,1.30
2015.04.22 08:04:16.749,7.84815,7.85047,1.07,1.30
2015.04.22 08:04:16.800,7.84815,7.85088,1.07,1.49
2015.04.22 08:04:17.562,7.84815,7.85088,1.00,1.49
2015.04.22 08:04:18.912,7.84815,7.85025,1.00,1.30
2015.04.22 08:04:18.963,7.84784,7.85025,1.12,1.30
2015.04.22 08:04:19.651,7.84756,7.85025,1.37,1.30
2015.04.22 08:04:19.864,7.84756,7.85025,1.37,1.49
2015.04.22 08:04:20.067,7.84723,7.84966,1.37,1.30
2015.04.22 08:04:20.218,7.84722,7.84966,1.00,1.30
2015.04.22 08:04:20.334,7.84752,7.84966,1.00,1.30
2015.04.22 08:04:20.993,7.84772,7.84966,1.00,1.30
2015.04.22 08:04:21.280,7.84762,7.84966,1.07,1.30
2015.04.22 08:04:21.639,7.84782,7.84986,1.00,1.30
2015.04.22 08:04:21.690,7.84806,7.85019,1.00,1.00
2015.04.22 08:04:21.741,7.84842,7.85049,1.00,1.30
2015.04.22 08:04:21.943,7.84813,7.85049,1.37,1.30
2015.04.22 08:04:25.261,7.84822,7.85049,1.75,1.30
2015.04.22 08:04:28.111,7.84852,7.85049,1.37,1.30
2015.04.22 08:04:28.162,7.84859,7.85069,1.37,1.30
2015.04.22 08:04:28.263,7.84862,7.8511,1.37,1.49
2015.04.22 08:04:28.465,7.84859,7.8511,1.75,1.49
2015.04.22 08:04:29.634,7.84859,7.8511,1.37,1.49
2015.04.22 08:04:30.084,7.84859,7.8511,1.37,1.49
2015.04.22 08:04:32.090,7.84842,7.8511,1.75,1.49
2015.04.22 08:04:33.124,7.84834,7.8511,1.94,1.30
2015.04.22 08:04:33.225,7.84852,7.8511,1.00,1.30
2015.04.22 08:04:33.376,7.84863,7.8511,1.00,1.30
2015.04.22 08:04:33.679,7.84872,7.8511,1.00,1.30
2015.04.22 08:04:33.997,7.84903,7.8511,1.00,1.37
2015.04.22 08:04:34.149,7.84903,7.8511,1.00,1.30
2015.04.22 08:04:34.453,7.84912,7.8511,1.00,1.30
2015.04.22 08:04:34.761,7.84912,7.8511,1.07,1.30
2015.04.22 08:04:35.647,7.84922,7.8511,1.00,1.30
2015.04.22 08:04:35.698,7.84922,7.85131,1.00,1.30
2015.04.22 08:04:35.749,7.84922,7.85173,1.00,2.05
2015.04.22 08:04:35.800,7.84912,7.85173,1.07,2.05
2015.04.22 08:04:35.901,7.84892,7.85173,1.50,2.05
2015.04.22 08:04:40.192,7.84879,7.85162,1.37,1.94
2015.04.22 08:04:41.760,7.84879,7.85162,1.30,1.94
2015.04.22 08:04:41.911,7.84876,7.85114,1.00,1.30
2015.04.22 08:04:42.403,7.8485,7.85114,1.37,1.30
2015.04.22 08:04:42.453,7.8485,7.85114,1.37,1.49
2015.04.22 08:04:42.757,7.84821,7.8505,1.37,1.30
2015.04.22 08:04:42.830,7.84821,7.8505,1.07,1.30
2015.04.22 08:04:43.033,7.84853,7.8505,1.00,1.30
2015.04.22 08:04:43.184,7.84843,7.8505,1.00,1.30
2015.04.22 08:04:43.235,7.84821,7.8505,1.37,1.30
2015.04.22 08:04:43.286,7.84813,7.8505,1.07,1.30
2015.04.22 08:04:43.497,7.84803,7.8505,1.07,1.30
2015.04.22 08:04:43.749,7.84796,7.8505,1.19,1.67
2015.04.22 08:04:43.850,7.84796,7.8505,1.00,1.67
2015.04.22 08:04:44.401,7.84782,7.8505,1.37,1.67
2015.04.22 08:04:44.452,7.84768,7.8505,1.37,1.86
2015.04.22 08:04:44.756,7.84762,7.84983,1.00,1.30
2015.04.22 08:04:45.064,7.84752,7.84983,1.75,1.30
2015.04.22 08:04:45.165,7.84752,7.84983,1.37,1.30
2015.04.22 08:04:45.663,7.84732,7.84983,1.75,1.49
2015.04.22 08:04:45.714,7.84732,7.84983,1.07,1.56
2015.04.22 08:04:46.030,7.84732,7.84983,1.00,1.91
2015.04.22 08:04:46.334,7.84702,7.84915,1.37,1.49
2015.04.22 08:04:46.642,7.84742,7.84915,1.00,1.49
2015.04.22 08:04:47.305,7.84732,7.84915,1.10,1.49
2015.04.22 08:04:47.869,7.84722,7.84915,1.07,1.30
2015.04.22 08:04:48.830,7.84737,7.84915,1.00,1.30
2015.04.22 08:04:48.881,7.84737,7.84979,1.00,1.49
2015.04.22 08:04:48.932,7.84741,7.84979,1.00,1.49
2015.04.22 08:04:49.235,7.84728,7.84979,1.07,1.49
2015.04.22 08:04:50.014,7.84722,7.84948,1.00,1.49
2015.04.22 08:04:50.115,7.84683,7.84948,1.07,1.49
2015.04.22 08:04:50.231,7.84663,7.84931,1.07,1.26
2015.04.22 08:04:50.300,7.84663,7.84931,1.07,1.26
2015.04.22 08:04:50.870,7.84672,7.84931,1.00,1.26
2015.04.22 08:04:51.310,7.84642,7.84871,1.07,1.30
2015.04.22 08:04:51.896,7.84622,7.84871,1.07,1.05
2015.04.22 08:04:52.033,7.84643,7.84871,1.00,1.05
2015.04.22 08:04:52.342,7.84652,7.84871,1.07,1.30
2015.04.22 08:04:52.645,7.84662,7.84871,1.00,1.37
2015.04.22 08:04:52.978,7.84662,7.84871,1.00,1.67
2015.04.22 08:04:53.281,7.84662,7.84871,1.00,1.86
2015.04.22 08:04:53.597,7.84672,7.84871,1.00,1.86
2015.04.22 08:04:53.940,7.84693,7.84871,1.00,1.49
2015.04.22 08:04:54.055,7.84693,7.84871,1.00,1.30
2015.04.22 08:04:54.156,7.84672,7.84871,1.00,1.30
2015.04.22 08:04:54.476,7.84662,7.84871,1.57,1.30
2015.04.22 08:04:54.947,7.84642,7.84864,1.07,1.00
2015.04.22 08:04:55.049,7.84642,7.84864,1.00,1.07
2015.04.22 08:04:55.353,7.84592,7.84789,1.60,1.19
2015.04.22 08:04:55.656,7.84572,7.84789,1.00,1.56
2015.04.22 08:04:55.707,7.84562,7.84789,1.00,1.56
2015.04.22 08:04:55.808,7.84552,7.84789,1.07,1.56
2015.04.22 08:04:56.250,7.84552,7.84789,1.00,1.19
2015.04.22 08:04:56.421,7.84562,7.84789,1.00,1.19
2015.04.22 08:04:56.472,7.84562,7.84789,1.00,1.25
2015.04.22 08:04:56.523,7.84582,7.84805,1.00,1.56
2015.04.22 08:04:56.826,7.84632,7.84782,1.00,1.00
2015.04.22 08:04:56.877,7.84622,7.84782,1.00,1.00
2015.04.22 08:04:57.079,7.84622,7.84816,1.00,1.00
2015.04.22 08:04:57.180,7.84622,7.84833,1.07,1.00
2015.04.22 08:04:57.332,7.84653,7.84833,1.00,1.00
2015.04.22 08:04:57.383,7.84653,7.84836,1.00,1.00
2015.04.22 08:04:57.433,7.84672,7.84836,1.00,1.00
2015.04.22 08:04:57.636,7.84692,7.84866,1.00,1.49
2015.04.22 08:04:57.737,7.84662,7.8491,2.25,1.16
2015.04.22 08:04:57.838,7.84662,7.8491,1.75,1.16
2015.04.22 08:05:00.494,7.84693,7.84904,2.25,1.19
2015.04.22 08:05:00.545,7.84693,7.84904,1.75,1.19
2015.04.22 08:05:00.596,7.84692,7.84887,1.75,1.00
2015.04.22 08:05:00.798,7.84676,7.84887,1.75,1.00
2015.04.22 08:05:00.899,7.84672,7.8491,1.75,1.49
2015.04.22 08:05:01.000,7.84662,7.8491,1.37,1.49
2015.04.22 08:05:01.203,7.84672,7.8491,1.00,1.49
2015.04.22 08:05:01.639,7.84652,7.8491,1.12,1.49
2015.04.22 08:05:02.321,7.84652,7.8491,1.12,1.49
2015.04.22 08:05:02.678,7.84632,7.84891,1.07,1.19
2015.04.22 08:05:02.729,7.84616,7.84891,1.67,1.19
2015.04.22 08:05:03.184,7.84593,7.84849,1.37,1.49
2015.04.22 08:05:03.336,7.84602,7.84849,1.07,1.49
2015.04.22 08:05:03.386,7.84612,7.84849,1.00,1.49
2015.04.22 08:05:04.418,7.84632,7.84849,1.00,1.49
2015.04.22 08:05:04.818,7.84623,7.84849,1.00,1.49
2015.04.22 08:05:04.900,7.84612,7.84849,1.00,1.49
2015.04.22 08:05:05.006,7.84612,7.84849,1.00,1.49
2015.04.22 08:05:06.055,7.84606,7.84849,1.00,1.54
2015.04.22 08:05:06.156,7.84562,7.84841,1.00,1.26
2015.04.22 08:05:06.257,7.84562,7.84841,1.00,1.26
2015.04.22 08:05:06.557,7.84555,7.84815,1.30,1.26
2015.04.22 08:05:07.259,7.84536,7.84787,1.30,1.30
2015.04.22 08:05:07.310,7.84529,7.84787,1.00,1.30
2015.04.22 08:05:07.961,7.84529,7.84787,1.75,1.30
2015.04.22 08:05:08.657,7.84611,7.84808,1.00,1.49
2015.04.22 08:05:08.758,7.84636,7.84849,1.00,1.30
2015.04.22 08:05:09.558,7.84662,7.84869,1.00,1.30
2015.04.22 08:05:09.609,7.84662,7.84912,1.37,1.49
2015.04.22 08:05:09.822,7.84609,7.8485,1.07,1.30
2015.04.22 08:05:09.873,7.8459,7.84843,1.50,1.00
2015.04.22 08:05:09.924,7.84562,7.84843,1.50,1.19
2015.04.22 08:05:10.177,7.84573,7.84843,1.00,1.69
2015.04.22 08:05:10.282,7.84562,7.84843,1.50,1.69
2015.04.22 08:05:10.355,7.84594,7.8485,1.00,2.24
2015.04.22 08:05:10.659,7.847,7.84909,1.00,1.30
2015.04.22 08:05:10.761,7.84674,7.84909,1.07,1.30
2015.04.22 08:05:10.812,7.84674,7.84907,1.07,1.00
2015.04.22 08:05:10.914,7.84649,7.84909,1.00,2.24
2015.04.22 08:05:11.157,7.84658,7.84909,1.00,2.24
2015.04.22 08:05:11.712,7.84682,7.849,1.00,1.56
2015.04.22 08:05:12.448,7.84653,7.849,1.25,1.37
2015.04.22 08:05:13.664,7.84684,7.84905,1.00,1.75
2015.04.22 08:05:13.972,7.84684,7.84896,1.00,1.12
2015.04.22 08:05:14.895,7.84662,7.84884,1.00,1.75
2015.04.22 08:05:14.996,7.84652,7.8484,1.00,1.30
2015.04.22 08:05:15.097,7.84652,7.8484,1.00,1.67
2015.04.22 08:05:15.530,7.84679,7.8484,1.00,1.67
2015.04.22 08:05:15.791,7.84679,7.8484,1.00,1.30
2015.04.22 08:05:16.316,7.84678,7.8484,1.00,1.30
2015.04.22 08:05:16.594,7.84678,7.8486,1.00,1.67
2015.04.22 08:05:16.645,7.84678,7.84898,1.00,1.75
2015.04.22 08:05:16.746,7.84682,7.84898,1.00,1.00
2015.04.22 08:05:16.898,7.84701,7.84903,1.00,1.37
2015.04.22 08:05:17.313,7.84701,7.84903,1.60,1.30
2015.04.22 08:05:17.414,7.84706,7.84932,1.60,1.00
2015.04.22 08:05:17.464,7.84772,7.84998,1.00,2.05
2015.04.22 08:05:17.515,7.84772,7.84998,1.00,2.05
2015.04.22 08:05:17.566,7.84772,7.84998,1.75,2.05
2015.04.22 08:05:17.667,7.84805,7.84998,1.00,1.30
2015.04.22 08:05:17.718,7.84805,7.85058,1.00,2.05
2015.04.22 08:05:17.768,7.8483,7.85058,1.00,2.05
2015.04.22 08:05:17.870,7.8483,7.85058,1.00,1.67
2015.04.22 08:05:17.971,7.8483,7.85058,1.00,1.67
2015.04.22 08:05:18.300,7.8483,7.85058,1.00,1.67
2015.04.22 08:05:19.197,7.84839,7.85058,1.00,1.67
2015.04.22 08:05:19.520,7.84839,7.85058,1.00,2.05
2015.04.22 08:05:19.676,7.84851,7.85058,1.00,2.10
2015.04.22 08:05:19.818,7.84863,7.85058,1.00,1.72
2015.04.22 08:05:20.632,7.84939,7.85141,2.10,1.75
2015.04.22 08:05:20.734,7.84967,7.85208,2.09,1.60
2015.04.22 08:05:20.835,7.85022,7.85258,1.54,1.00
2015.04.22 08:05:20.936,7.85038,7.85258,1.75,1.00
2015.04.22 08:05:21.247,7.85038,7.85258,1.75,1.00
2015.04.22 08:05:21.935,7.85038,7.85258,1.75,1.00
2015.04.22 08:05:23.049,7.85038,7.85258,1.94,1.00
2015.04.22 08:05:23.651,7.85038,7.85248,1.94,1.00
2015.04.22 08:05:24.691,7.85056,7.85277,2.00,1.00
2015.04.22 08:05:24.751,7.85056,7.85258,2.00,1.00
2015.04.22 08:05:24.903,7.85064,7.85278,1.75,1.00
2015.04.22 08:05:25.590,7.85064,7.85278,1.75,1.00
2015.04.22 08:05:25.741,7.85064,7.85268,1.75,1.00
2015.04.22 08:05:25.893,7.8503,7.85297,2.24,1.00
2015.04.22 08:05:26.095,7.8503,7.85297,2.05,1.07
2015.04.22 08:05:26.247,7.85032,7.85297,1.75,1.00
2015.04.22 08:05:26.550,7.84992,7.85255,1.75,1.16
2015.04.22 08:05:26.672,7.84992,7.85255,1.75,1.24
2015.04.22 08:05:26.875,7.85003,7.85255,1.75,1.24
2015.04.22 08:05:27.212,7.85037,7.85255,1.37,1.30
2015.04.22 08:05:27.314,7.85037,7.85255,1.75,1.30
2015.04.22 08:05:27.628,7.85037,7.85255,1.75,1.49
2015.04.22 08:05:28.091,7.85037,7.85255,1.75,1.49
2015.04.22 08:05:28.193,7.85018,7.85255,1.75,1.49
2015.04.22 08:05:28.731,7.85032,7.85255,1.75,1.49
2015.04.22 08:05:29.065,7.85037,7.85255,1.75,1.49
2015.04.22 08:05:29.116,7.85037,7.85255,1.75,1.49
2015.04.22 08:05:30.499,7.85043,7.85255,1.75,1.49
2015.04.22 08:05:30.719,7.85022,7.85255,1.75,1.49
2015.04.22 08:05:30.821,7.85012,7.85255,1.75,1.49
2015.04.22 08:05:30.873,7.85012,7.85255,1.75,1.49
2015.04.22 08:05:31.201,7.85012,7.85255,1.75,1.49
2015.04.22 08:05:32.521,7.85022,7.85242,1.75,1.19
2015.04.22 08:05:32.830,7.85022,7.85242,1.75,1.19
2015.04.22 08:05:33.014,7.85003,7.85242,1.75,1.19
2015.04.22 08:05:33.166,7.84992,7.85244,1.75,1.26
2015.04.22 08:05:33.268,7.85002,7.85218,1.07,1.19
2015.04.22 08:05:33.429,7.85022,7.85244,1.00,1.56
2015.04.22 08:05:33.771,7.85022,7.85244,1.37,1.19
2015.04.22 08:05:34.137,7.84963,7.85244,2.05,1.19
2015.04.22 08:05:34.238,7.84958,7.85193,1.00,1.49
2015.04.22 08:05:34.289,7.84928,7.85193,1.00,1.49
2015.04.22 08:05:34.340,7.84928,7.85213,1.00,1.49
2015.04.22 08:05:34.391,7.84899,7.85185,1.00,1.19
2015.04.22 08:05:34.913,7.84875,7.85154,1.00,1.91
2015.04.22 08:05:35.273,7.84875,7.85154,1.00,2.24
2015.04.22 08:05:35.587,7.8486,7.85135,1.30,1.94
2015.04.22 08:05:37.548,7.8486,7.85135,1.30,1.94
2015.04.22 08:05:37.852,7.84823,7.85086,1.00,1.49
2015.04.22 08:05:37.903,7.84798,7.85084,1.00,1.19
2015.04.22 08:05:40.444,7.84798,7.85084,1.00,1.94
2015.04.22 08:05:40.706,7.84792,7.85059,1.30,1.56
2015.04.22 08:05:40.862,7.84792,7.85059,1.30,1.56
2015.04.22 08:05:41.065,7.84772,7.85024,1.30,1.49
2015.04.22 08:05:41.166,7.84746,7.85024,1.00,1.49
2015.04.22 08:05:41.370,7.84746,7.85024,1.00,1.49
2015.04.22 08:05:41.421,7.8473,7.85001,1.30,1.19
2015.04.22 08:05:41.573,7.8471,7.84962,1.30,1.49
2015.04.22 08:05:41.623,7.84687,7.84962,1.00,1.49
2015.04.22 08:05:41.740,7.84668,7.8494,1.30,1.19
2015.04.22 08:05:41.795,7.84668,7.84916,1.30,1.00
2015.04.22 08:05:41.845,7.84648,7.849,1.30,1.30
2015.04.22 08:05:41.896,7.8463,7.849,1.19,1.30
2015.04.22 08:05:41.947,7.8463,7.849,1.00,1.49
2015.04.22 08:05:43.833,7.8463,7.849,1.00,1.30
2015.04.22 08:05:45.075,7.8463,7.849,1.00,1.49
2015.04.22 08:05:45.735,7.84656,7.849,1.00,1.49
2015.04.22 08:05:45.886,7.84667,7.84942,1.30,1.19
2015.04.22 08:05:45.937,7.84682,7.84959,1.00,1.49
2015.04.22 08:05:46.143,7.84682,7.84959,1.00,1.49
2015.04.22 08:05:47.142,7.84707,7.84959,1.00,1.49
2015.04.22 08:05:47.453,7.84725,7.84993,1.30,1.19
2015.04.22 08:05:48.296,7.84725,7.84993,1.30,1.19
2015.04.22 08:05:48.558,7.84725,7.84993,1.30,1.19
2015.04.22 08:05:48.609,7.84744,7.85019,1.00,1.49
2015.04.22 08:05:48.660,7.84744,7.85019,1.00,1.49
2015.04.22 08:05:48.710,7.84769,7.85019,1.00,1.49
2015.04.22 08:05:48.761,7.84769,7.85019,1.00,1.30
2015.04.22 08:05:48.995,7.84769,7.85019,1.00,1.49
2015.04.22 08:05:51.160,7.84769,7.85019,1.00,1.30
2015.04.22 08:05:53.512,7.84769,7.85019,1.00,1.49
2015.04.22 08:05:53.876,7.84797,7.85078,1.00,1.49
2015.04.22 08:05:55.785,7.84797,7.85078,1.00,1.49
2015.04.22 08:05:57.523,7.84834,7.85078,1.00,1.49
2015.04.22 08:05:57.624,7.84834,7.85078,1.00,1.30
2015.04.22 08:05:57.725,7.84899,7.85097,1.00,1.19
2015.04.22 08:05:57.826,7.84899,7.85097,1.00,1.00
2015.04.22 08:05:57.928,7.84899,7.85151,1.00,1.49
2015.04.22 08:05:58.029,7.84926,7.85171,1.30,1.49
2015.04.22 08:06:00.122,7.84926,7.85209,1.30,1.26
2015.04.22 08:06:01.119,7.84926,7.85184,1.30,1.19
2015.04.22 08:06:01.589,7.84905,7.85184,1.30,1.19
2015.04.22 08:06:01.691,7.84898,7.85184,1.00,1.19
2015.04.22 08:06:01.742,7.84874,7.85158,1.00,1.19
2015.04.22 08:06:03.868,7.84865,7.85133,1.30,1.19
2015.04.22 08:06:03.919,7.84865,7.85133,1.30,1.19
2015.04.22 08:06:04.032,7.84847,7.85128,1.00,1.49
2015.04.22 08:06:04.083,7.84823,7.85107,1.00,1.19
2015.04.22 08:06:04.134,7.84823,7.85107,1.00,1.19
2015.04.22 08:06:04.185,7.84847,7.85128,1.00,1.49
2015.04.22 08:06:04.337,7.84862,7.85133,1.30,1.26
2015.04.22 08:06:05.205,7.84872,7.85156,1.00,1.49
2015.04.22 08:06:05.513,7.84898,7.85156,1.00,1.49
2015.04.22 08:06:06.414,7.84898,7.85156,1.00,1.49
2015.04.22 08:06:06.837,7.84898,7.85156,1.00,1.49
2015.04.22 08:06:08.439,7.84898,7.85156,1.00,1.49
2015.04.22 08:06:08.489,7.84862,7.85112,1.30,1.19
2015.04.22 08:06:08.540,7.84862,7.85112,1.30,1.19
2015.04.22 08:06:08.642,7.84843,7.85078,1.30,1.19
2015.04.22 08:06:08.693,7.848,7.85078,1.30,1.19
2015.04.22 08:06:08.744,7.848,7.85051,1.30,1.00
2015.04.22 08:06:09.153,7.848,7.85051,1.30,1.26
2015.04.22 08:06:10.333,7.8478,7.85026,1.30,1.49
2015.04.22 08:06:10.435,7.8474,7.85026,1.00,1.91
2015.04.22 08:06:11.046,7.8474,7.85026,1.00,1.91
2015.04.22 08:06:12.049,7.84765,7.85026,1.00,1.49
2015.04.22 08:06:12.360,7.84765,7.85026,1.00,1.49
2015.04.22 08:06:12.462,7.848,7.85026,1.00,1.49
2015.04.22 08:06:14.350,7.848,7.85086,1.00,1.94
2015.04.22 08:06:16.880,7.84796,7.85057,1.30,1.50
2015.04.22 08:06:17.068,7.84776,7.85057,1.30,2.47
2015.04.22 08:06:17.119,7.84773,7.85057,1.00,2.47
2015.04.22 08:06:17.170,7.84773,7.85057,1.00,2.47
2015.04.22 08:06:17.500,7.84747,7.85033,1.00,1.56
2015.04.22 08:06:17.704,7.84732,7.85007,1.30,1.56
2015.04.22 08:06:17.975,7.84721,7.84999,1.00,1.37
2015.04.22 08:06:18.026,7.84721,7.84999,1.00,1.37
2015.04.22 08:06:18.270,7.84721,7.84999,1.75,1.30
2015.04.22 08:06:18.860,7.84696,7.84982,1.94,1.00
2015.04.22 08:06:19.280,7.84725,7.84999,1.75,1.30
2015.04.22 08:06:21.035,7.84746,7.85011,1.67,1.00
2015.04.22 08:06:21.085,7.84752,7.85038,1.26,1.87
2015.04.22 08:06:21.391,7.84752,7.85038,1.94,1.50
2015.04.22 08:06:21.693,7.84746,7.85013,1.86,1.00
2015.04.22 08:06:21.946,7.84707,7.84987,1.19,1.07
2015.04.22 08:06:21.997,7.84707,7.84987,1.19,1.37
2015.04.22 08:06:22.960,7.84707,7.84987,1.94,1.00
2015.04.22 08:06:24.804,7.84725,7.85007,1.75,1.56
2015.04.22 08:06:25.007,7.84742,7.85012,2.29,1.07
2015.04.22 08:06:25.512,7.84742,7.85012,2.66,1.00
2015.04.22 08:06:26.114,7.84754,7.8504,1.94,1.00
2015.04.22 08:06:26.508,7.84781,7.85054,1.50,1.19
2015.04.22 08:06:26.812,7.84781,7.85067,1.75,1.19
2015.04.22 08:06:27.116,7.84806,7.85069,1.75,1.49
2015.04.22 08:06:27.631,7.84806,7.85092,1.75,1.26
2015.04.22 08:06:27.732,7.84806,7.85092,1.75,1.26
2015.04.22 08:06:28.061,7.84806,7.85092,1.75,1.19
2015.04.22 08:06:28.254,7.84812,7.85092,1.75,1.56
2015.04.22 08:06:28.871,7.84865,7.85084,1.30,1.12
2015.04.22 08:06:29.123,7.84907,7.85171,1.00,1.31
2015.04.22 08:06:29.178,7.84879,7.85165,1.19,1.75
2015.04.22 08:06:29.230,7.84879,7.85165,1.19,1.75
2015.04.22 08:06:29.467,7.84879,7.85165,1.26,1.37
2015.04.22 08:06:29.576,7.84882,7.85128,1.26,1.00
2015.04.22 08:06:30.057,7.84882,7.85128,1.56,1.00
2015.04.22 08:06:30.469,7.84879,7.85165,1.94,1.37
2015.04.22 08:06:30.775,7.84879,7.85125,1.56,1.07
2015.04.22 08:06:31.100,7.84915,7.85187,1.07,2.35
2015.04.22 08:06:31.151,7.84915,7.85187,1.75,2.35
2015.04.22 08:06:32.763,7.84973,7.85149,1.00,1.00
2015.04.22 08:06:33.428,7.84972,7.85148,1.00,1.00
2015.04.22 08:06:33.731,7.84954,7.8513,1.00,1.00
2015.04.22 08:06:36.500,7.84935,7.85192,1.75,1.30
2015.04.22 08:06:36.817,7.8496,7.8517,1.37,1.00
2015.04.22 08:06:37.181,7.84944,7.85192,1.75,1.30
2015.04.22 08:06:37.485,7.84968,7.85178,1.07,1.00
2015.04.22 08:06:38.141,7.84991,7.85192,1.07,1.30
2015.04.22 08:06:38.242,7.84997,7.85218,1.10,1.30
2015.04.22 08:06:38.343,7.85018,7.85218,1.00,1.30
2015.04.22 08:06:38.444,7.85018,7.85282,1.94,1.72
2015.04.22 08:06:38.699,7.85029,7.85282,1.75,1.72
2015.04.22 08:06:40.059,7.85027,7.85282,1.75,1.30
2015.04.22 08:06:40.261,7.85002,7.85282,1.00,1.30
2015.04.22 08:06:40.413,7.84988,7.85258,1.30,1.00
2015.04.22 08:06:40.716,7.84995,7.85278,1.00,1.49
2015.04.22 08:06:40.868,7.84995,7.85278,1.19,1.30
2015.04.22 08:06:41.130,7.85,7.85278,1.00,1.49
2015.04.22 08:06:41.232,7.84984,7.85258,1.30,1.00
2015.04.22 08:06:41.434,7.84984,7.85228,1.30,1.00
2015.04.22 08:06:42.569,7.84984,7.85228,1.49,1.00
2015.04.22 08:06:43.522,7.85,7.85278,1.19,1.30
2015.04.22 08:06:43.623,7.84984,7.85251,1.49,1.00
2015.04.22 08:06:43.873,7.84984,7.85251,1.30,1.00
2015.04.22 08:06:43.924,7.84984,7.85225,1.30,1.00
2015.04.22 08:06:44.025,7.84984,7.85264,1.30,1.00
2015.04.22 08:06:44.228,7.85008,7.85278,1.00,1.30
2015.04.22 08:06:44.531,7.85022,7.85278,1.00,1.30
2015.04.22 08:06:45.952,7.85,7.85274,1.00,1.00
2015.04.22 08:06:46.053,7.85,7.85237,1.00,1.19
2015.04.22 08:06:46.104,7.84984,7.85237,1.30,1.19
2015.04.22 08:06:46.255,7.84951,7.85217,1.00,1.30
2015.04.22 08:06:46.407,7.84925,7.85207,1.30,1.00
2015.04.22 08:06:46.951,7.84983,7.85217,1.00,1.67
2015.04.22 08:06:47.052,7.84952,7.85217,1.00,1.67
2015.04.22 08:06:47.153,7.8495,7.85217,1.00,1.67
2015.04.22 08:06:47.204,7.85029,7.85217,1.30,1.30
2015.04.22 08:06:47.255,7.85049,7.8527,1.30,1.19
2015.04.22 08:06:47.356,7.84982,7.85262,1.00,1.30
2015.04.22 08:06:47.733,7.84968,7.85241,1.30,1.00
2015.04.22 08:06:48.036,7.84904,7.85153,1.49,1.00
2015.04.22 08:06:48.188,7.84904,7.85153,1.30,1.00
2015.04.22 08:06:48.340,7.84904,7.85124,1.30,1.00
2015.04.22 08:06:48.391,7.8484,7.8512,1.19,1.30
2015.04.22 08:06:48.632,7.84827,7.85087,1.49,1.00
2015.04.22 08:06:48.927,7.84827,7.85087,1.30,1.00
2015.04.22 08:06:49.349,7.84827,7.85079,1.30,1.30
2015.04.22 08:06:49.668,7.84769,7.85055,1.26,1.00
2015.04.22 08:06:50.361,7.84769,7.85055,1.19,1.00
2015.04.22 08:06:50.462,7.84765,7.85028,1.30,1.19
2015.04.22 08:06:50.778,7.84714,7.84976,1.19,1.30
2015.04.22 08:06:50.981,7.84689,7.84973,1.19,1.00
2015.04.22 08:06:51.032,7.84684,7.84944,1.49,1.00
2015.04.22 08:06:52.130,7.84684,7.84917,1.49,1.00
2015.04.22 08:06:52.865,7.84684,7.84942,1.30,1.19
2015.04.22 08:06:52.967,7.84684,7.84908,1.30,1.00
2015.04.22 08:06:53.018,7.84625,7.84908,1.49,1.00
2015.04.22 08:06:53.350,7.84656,7.84917,1.00,1.30
2015.04.22 08:06:53.400,7.84656,7.84917,1.19,1.30
2015.04.22 08:06:53.705,7.84719,7.84996,1.75,1.30
2015.04.22 08:06:54.072,7.84719,7.84996,1.94,1.30
2015.04.22 08:06:54.457,7.84719,7.84996,1.19,1.30
2015.04.22 08:06:55.964,7.84719,7.84996,1.19,1.30
2015.04.22 08:06:58.081,7.84756,7.84996,1.26,1.30
2015.04.22 08:06:59.651,7.84775,7.85042,1.49,1.00
2015.04.22 08:06:59.752,7.84785,7.85067,1.00,1.49
2015.04.22 08:07:00.200,7.84785,7.85067,1.19,1.30
2015.04.22 08:07:00.528,7.84775,7.85046,1.56,1.00
2015.04.22 08:07:02.183,7.84775,7.85046,1.49,1.00
2015.04.22 08:07:03.304,7.84775,7.85046,1.30,1.19
2015.04.22 08:07:03.607,7.84715,7.85001,2.24,1.00
2015.04.22 08:07:03.708,7.84715,7.85001,1.86,1.00
2015.04.22 08:07:04.088,7.84715,7.85001,1.86,1.00
2015.04.22 08:07:06.694,7.84715,7.85001,1.86,1.00
2015.04.22 08:07:07.099,7.84732,7.85001,1.26,1.00
2015.04.22 08:07:07.251,7.8474,7.85009,1.19,1.30
2015.04.22 08:07:09.102,7.84752,7.85009,1.26,1.30
2015.04.22 08:07:10.051,7.84786,7.85057,1.49,1.00
2015.04.22 08:07:10.303,7.84786,7.85057,2.24,1.00
2015.04.22 08:07:11.271,7.84786,7.85057,2.24,1.00
2015.04.22 08:07:15.204,7.84786,7.85033,2.24,1.00
2015.04.22 08:07:20.663,7.84786,7.85052,2.24,1.00
2015.04.22 08:07:21.634,7.84792,7.85052,1.94,1.00
2015.04.22 08:07:21.685,7.84813,7.8508,1.94,1.30
2015.04.22 08:07:21.836,7.84822,7.8508,1.94,1.30
2015.04.22 08:07:22.089,7.84853,7.85115,1.94,1.00
2015.04.22 08:07:22.392,7.84862,7.85115,1.94,1.00
2015.04.22 08:07:24.042,7.84862,7.85115,1.94,1.00
2015.04.22 08:07:26.048,7.84872,7.85115,1.94,1.00
2015.04.22 08:07:26.213,7.84872,7.85138,1.94,1.30
2015.04.22 08:07:27.997,7.84872,7.85138,1.94,1.30
2015.04.22 08:07:28.820,7.84862,7.85114,1.94,1.00
2015.04.22 08:07:28.972,7.84846,7.85089,2.24,1.00
2015.04.22 08:07:30.402,7.84803,7.85073,2.44,1.30
2015.04.22 08:07:31.983,7.84803,7.85064,1.94,1.00
2015.04.22 08:07:36.117,7.8478,7.85064,1.94,1.00
2015.04.22 08:07:36.718,7.84782,7.85036,1.94,1.00
2015.04.22 08:07:37.869,7.84846,7.85036,1.00,1.00
2015.04.22 08:07:37.920,7.84871,7.85153,1.30,1.19
2015.04.22 08:07:37.971,7.8489,7.85153,1.00,1.19
2015.04.22 08:07:38.022,7.84895,7.85165,1.19,1.30
2015.04.22 08:07:38.123,7.84895,7.85165,1.94,1.30
2015.04.22 08:07:39.232,7.84932,7.85165,1.19,1.30
2015.04.22 08:07:41.236,7.84914,7.85165,1.19,1.30
2015.04.22 08:07:41.350,7.84914,7.85165,1.94,1.30
2015.04.22 08:07:41.451,7.84933,7.85219,1.00,1.19
2015.04.22 08:07:41.502,7.84942,7.85197,1.00,1.00
2015.04.22 08:07:41.974,7.84942,7.85197,1.07,1.00
2015.04.22 08:07:42.324,7.84942,7.85197,1.26,1.00
2015.04.22 08:07:42.376,7.84933,7.85219,2.06,1.00
2015.04.22 08:07:44.374,7.84943,7.85219,1.26,1.00
2015.04.22 08:07:46.620,7.84932,7.85193,1.49,1.00
2015.04.22 08:07:47.013,7.84932,7.85193,1.30,1.00
2015.04.22 08:07:48.814,7.84936,7.85222,1.00,1.19
2015.04.22 08:07:48.865,7.84936,7.85222,1.19,1.00
2015.04.22 08:07:51.026,7.84936,7.85222,1.19,1.10
2015.04.22 08:07:51.228,7.84932,7.85196,1.49,1.00
2015.04.22 08:07:53.562,7.84932,7.85196,1.30,1.00
2015.04.22 08:07:56.269,7.84932,7.85188,1.30,1.00
2015.04.22 08:07:56.598,7.84932,7.85188,1.30,1.37
2015.04.22 08:07:57.470,7.84932,7.85188,1.30,1.00
2015.04.22 08:07:58.177,7.84932,7.85214,1.72,1.00
2015.04.22 08:07:58.228,7.84932,7.85208,1.72,1.00
2015.04.22 08:07:58.631,7.84932,7.85188,1.30,1.00
2015.04.22 08:07:59.036,7.84932,7.85162,1.30,1.00
2015.04.22 08:07:59.087,7.84882,7.85162,1.19,1.72
2015.04.22 08:07:59.213,7.84876,7.85162,1.19,1.80
2015.04.22 08:07:59.567,7.84882,7.85162,1.19,1.72
2015.04.22 08:08:00.321,7.84876,7.85162,1.19,2.10
2015.04.22 08:08:00.484,7.84876,7.85162,1.19,2.10
2015.04.22 08:08:00.649,7.84869,7.85137,1.49,1.00
2015.04.22 08:08:00.700,7.84869,7.85137,1.30,1.00
2015.04.22 08:08:00.889,7.84869,7.85137,1.30,1.07
2015.04.22 08:08:03.529,7.84869,7.85137,1.30,1.00
2015.04.22 08:08:03.681,7.8488,7.85162,1.00,1.56
2015.04.22 08:08:04.019,7.8488,7.85162,1.19,1.37
2015.04.22 08:08:05.886,7.8488,7.85162,1.00,1.56
2015.04.22 08:08:06.839,7.84882,7.85162,1.00,1.56
2015.04.22 08:08:07.941,7.84892,7.85162,1.00,1.56
2015.04.22 08:08:08.243,7.84882,7.85162,1.25,1.37
2015.04.22 08:08:08.643,7.84892,7.85162,1.00,1.37
2015.04.22 08:08:08.975,7.84935,7.85195,1.30,1.75
2015.04.22 08:08:09.146,7.84942,7.85195,1.00,1.50
2015.04.22 08:08:09.450,7.84935,7.85195,1.30,1.50
2015.04.22 08:08:09.647,7.84942,7.85195,1.00,1.50
2015.04.22 08:08:10.149,7.84943,7.85195,1.00,1.50
2015.04.22 08:08:10.669,7.84938,7.85222,1.00,1.94
2015.04.22 08:08:10.771,7.84974,7.85229,1.00,2.05
2015.04.22 08:08:10.872,7.85001,7.8526,1.49,1.00
2015.04.22 08:08:10.973,7.85001,7.85203,1.49,1.00
2015.04.22 08:08:11.125,7.84965,7.85203,1.30,1.00
2015.04.22 08:08:11.226,7.84965,7.85203,1.30,1.07
2015.04.22 08:08:11.750,7.84965,7.85229,1.30,1.50
2015.04.22 08:08:12.168,7.84981,7.85259,1.00,2.24
2015.04.22 08:08:12.663,7.84965,7.85237,1.30,1.94
2015.04.22 08:08:12.971,7.84965,7.85237,1.30,1.94
2015.04.22 08:08:13.467,7.84965,7.85186,1.30,1.56
2015.04.22 08:08:13.770,7.84965,7.85186,1.30,1.94
2015.04.22 08:08:13.821,7.84913,7.85186,1.00,1.94
2015.04.22 08:08:14.057,7.84907,7.85186,1.30,1.94
2015.04.22 08:08:16.448,7.84907,7.85186,1.30,1.94
2015.04.22 08:08:17.885,7.84907,7.85186,1.30,1.94
2015.04.22 08:08:21.797,7.84907,7.85184,1.30,1.94
2015.04.22 08:08:22.151,7.84907,7.85184,1.49,1.75
2015.04.22 08:08:22.252,7.84932,7.852,1.00,2.05
2015.04.22 08:08:23.920,7.84932,7.852,1.00,2.05
2015.04.22 08:08:23.976,7.84912,7.85193,1.19,1.75
2015.04.22 08:08:24.190,7.84938,7.852,1.00,2.05
2015.04.22 08:08:24.241,7.84938,7.852,1.00,2.05
2015.04.22 08:08:25.180,7.84912,7.85194,1.00,1.94
2015.04.22 08:08:25.323,7.84912,7.85194,1.00,1.94
2015.04.22 08:08:25.638,7.84925,7.8518,1.00,1.75
2015.04.22 08:08:25.949,7.84908,7.85193,1.00,2.00
2015.04.22 08:08:26.307,7.84908,7.85162,1.00,1.75
2015.04.22 08:08:26.687,7.84912,7.85162,1.00,1.75
2015.04.22 08:08:26.789,7.84928,7.8518,1.00,1.75
2015.04.22 08:08:26.890,7.84981,7.8518,1.37,1.00
2015.04.22 08:08:26.941,7.84982,7.85198,1.67,1.00
2015.04.22 08:08:26.991,7.85011,7.85198,1.00,1.00
2015.04.22 08:08:27.042,7.85011,7.85248,1.00,2.10
2015.04.22 08:08:27.839,7.85011,7.85276,1.00,1.49
2015.04.22 08:08:27.890,7.85113,7.85276,1.00,1.30
2015.04.22 08:08:27.992,7.85138,7.85343,1.00,1.30
2015.04.22 08:08:28.093,7.85162,7.85421,1.00,1.94
2015.04.22 08:08:28.296,7.85162,7.85432,1.00,2.24
2015.04.22 08:08:28.397,7.8519,7.85432,1.00,2.24
2015.04.22 08:08:28.700,7.85202,7.85476,1.30,1.94
2015.04.22 08:08:30.305,7.85202,7.85412,1.30,1.94
2015.04.22 08:08:30.639,7.85202,7.85412,1.30,1.94
2015.04.22 08:08:30.899,7.85132,7.85412,1.30,1.94
2015.04.22 08:08:31.051,7.85132,7.85397,1.30,1.94
2015.04.22 08:08:32.513,7.85192,7.85415,1.30,2.00
2015.04.22 08:08:32.888,7.85299,7.85442,1.30,1.75
2015.04.22 08:08:33.040,7.85322,7.85477,1.00,2.35
2015.04.22 08:08:33.091,7.8533,7.85477,1.00,2.35
2015.04.22 08:08:33.141,7.8533,7.85477,1.00,1.60
2015.04.22 08:08:33.192,7.85314,7.85477,1.00,1.60
2015.04.22 08:08:33.243,7.85299,7.85477,1.30,1.60
2015.04.22 08:08:33.294,7.85299,7.85571,1.30,1.75
2015.04.22 08:08:33.368,7.85299,7.85571,1.30,1.75
2015.04.22 08:08:33.571,7.85262,7.85534,1.00,2.05
2015.04.22 08:08:33.621,7.85337,7.85554,1.00,2.24
2015.04.22 08:08:33.723,7.85337,7.85578,1.00,1.75
2015.04.22 08:08:34.267,7.85337,7.85598,1.00,2.35
2015.04.22 08:08:34.474,7.85337,7.85618,1.00,2.05
2015.04.22 08:08:34.729,7.85337,7.85618,1.19,2.05
2015.04.22 08:08:35.133,7.85362,7.85618,1.00,2.05
2015.04.22 08:08:35.807,7.85362,7.85618,1.00,2.05
2015.04.22 08:08:36.411,7.85383,7.85634,1.30,1.35
2015.04.22 08:08:36.714,7.85425,7.85677,1.19,2.05
2015.04.22 08:08:36.815,7.85425,7.85677,1.00,2.05
2015.04.22 08:08:36.916,7.85383,7.85641,1.30,1.37
2015.04.22 08:08:37.018,7.85383,7.85615,1.30,1.75
2015.04.22 08:08:37.322,7.85329,7.85607,1.00,2.24
2015.04.22 08:08:37.638,7.85329,7.85603,1.00,1.31
2015.04.22 08:08:37.891,7.85329,7.85607,1.00,2.24
2015.04.22 08:08:38.215,7.85329,7.85607,1.00,2.24
2015.04.22 08:08:38.316,7.85329,7.8559,1.00,1.54
2015.04.22 08:08:38.519,7.85315,7.85589,1.30,1.94
2015.04.22 08:08:38.771,7.85315,7.85589,1.30,1.94
2015.04.22 08:08:39.544,7.85315,7.85589,1.30,1.94
2015.04.22 08:08:39.978,7.85315,7.85578,1.30,1.31
2015.04.22 08:08:40.508,7.85294,7.85537,1.30,2.24
2015.04.22 08:08:40.609,7.85279,7.85537,1.00,2.24
2015.04.22 08:08:41.350,7.85304,7.85537,1.00,2.24
2015.04.22 08:08:41.402,7.85304,7.85537,1.00,2.24
2015.04.22 08:08:41.453,7.85308,7.85557,1.30,2.24
2015.04.22 08:08:43.119,7.85329,7.8559,1.00,1.54
2015.04.22 08:08:43.271,7.85329,7.85602,1.00,2.24
2015.04.22 08:08:43.372,7.85329,7.85602,1.00,2.24
2015.04.22 08:08:43.473,7.85329,7.85602,1.00,2.24
2015.04.22 08:08:43.524,7.85308,7.85582,1.30,1.31
2015.04.22 08:08:43.625,7.85308,7.85582,1.30,1.31
2015.04.22 08:08:44.520,7.8524,7.85526,1.00,2.66
2015.04.22 08:08:44.571,7.8524,7.85526,1.00,2.66
2015.04.22 08:08:44.723,7.85234,7.85501,1.30,1.94
2015.04.22 08:08:45.449,7.85234,7.85436,1.30,1.26
2015.04.22 08:08:45.638,7.8517,7.85436,1.30,1.26
2015.04.22 08:08:45.688,7.8517,7.85436,2.05,1.19
2015.04.22 08:08:45.993,7.85198,7.85463,1.37,1.54
2015.04.22 08:08:46.145,7.85198,7.85463,1.12,2.24
2015.04.22 08:08:46.246,7.85198,7.85463,1.00,2.24
2015.04.22 08:08:48.069,7.85244,7.85463,1.00,2.05
2015.04.22 08:08:48.124,7.85216,7.85463,1.00,2.05
2015.04.22 08:08:48.225,7.85216,7.85463,1.07,1.05
2015.04.22 08:08:48.554,7.85259,7.85463,1.00,1.05
2015.04.22 08:08:48.858,7.85343,7.85577,1.00,2.35
2015.04.22 08:08:48.909,7.85343,7.85577,1.00,2.35
2015.04.22 08:08:48.960,7.85369,7.85577,1.00,2.35
2015.04.22 08:08:49.139,7.85372,7.85654,1.30,1.94
2015.04.22 08:08:49.443,7.85372,7.856,1.30,1.94
2015.04.22 08:08:49.544,7.85353,7.856,1.30,1.94
2015.04.22 08:08:49.595,7.85314,7.856,1.00,1.94
2015.04.22 08:08:49.646,7.85314,7.856,1.00,1.94
2015.04.22 08:08:49.747,7.85314,7.856,1.00,1.94
2015.04.22 08:08:51.464,7.85312,7.8557,1.30,1.31
2015.04.22 08:08:51.826,7.85312,7.8557,1.30,1.31
2015.04.22 08:08:52.767,7.85328,7.8557,1.00,1.12
2015.04.22 08:08:52.969,7.85328,7.85581,1.00,1.75
2015.04.22 08:08:53.070,7.85328,7.85581,1.00,1.37
2015.04.22 08:08:53.637,7.85328,7.85606,1.37,2.24
2015.04.22 08:08:53.977,7.85342,7.85606,1.50,2.24
2015.04.22 08:08:54.320,7.85352,7.85606,1.00,2.24
2015.04.22 08:08:54.833,7.85342,7.85606,1.00,2.24
2015.04.22 08:08:55.036,7.85332,7.85606,1.07,2.24
2015.04.22 08:08:55.087,7.85353,7.85606,1.00,2.24
2015.04.22 08:08:55.486,7.85378,7.85606,1.00,2.24
2015.04.22 08:08:55.789,7.85405,7.85664,1.00,2.24
2015.04.22 08:08:55.942,7.85379,7.85655,1.07,1.12
2015.04.22 08:08:56.094,7.85379,7.85655,1.07,1.31
2015.04.22 08:08:56.145,7.85379,7.85655,1.00,1.31
2015.04.22 08:08:56.479,7.85379,7.8566,1.00,1.31
2015.04.22 08:08:58.471,7.85379,7.85664,1.00,1.86
2015.04.22 08:09:00.610,7.85379,7.85664,1.00,1.86
2015.04.22 08:09:00.661,7.85372,7.85623,1.30,1.19
2015.04.22 08:09:01.867,7.85372,7.85623,1.30,1.69
2015.04.22 08:09:02.184,7.85352,7.85601,1.30,1.37
2015.04.22 08:09:02.347,7.85338,7.85601,1.00,1.37
2015.04.22 08:09:02.584,7.85338,7.85601,1.00,1.56
2015.04.22 08:09:02.887,7.85312,7.85598,1.00,1.19
2015.04.22 08:09:04.578,7.85332,7.85598,1.00,1.19
2015.04.22 08:09:04.885,7.85372,7.85601,1.00,1.30
2015.04.22 08:09:05.188,7.85477,7.85674,1.00,1.30
2015.04.22 08:09:05.239,7.85477,7.85737,1.00,1.30
2015.04.22 08:09:05.290,7.85504,7.85737,1.00,1.30
2015.04.22 08:09:05.443,7.85504,7.8579,1.91,1.25
2015.04.22 08:09:05.696,7.85531,7.85798,1.00,1.49
2015.04.22 08:09:06.151,7.85531,7.85798,1.00,1.86
2015.04.22 08:09:06.497,7.85531,7.85798,1.00,2.24
2015.04.22 08:09:07.605,7.85504,7.85789,1.49,1.37
2015.04.22 08:09:07.827,7.85504,7.85789,1.30,1.62
2015.04.22 08:09:07.878,7.85567,7.85798,1.00,2.24
2015.04.22 08:09:08.193,7.85592,7.85798,1.75,1.30
2015.04.22 08:09:08.244,7.85592,7.85861,1.75,1.49
2015.04.22 08:09:08.346,7.85592,7.85861,1.75,1.49
2015.04.22 08:09:08.447,7.85617,7.85861,1.37,1.30
2015.04.22 08:09:08.996,7.85642,7.85861,1.00,1.30
2015.04.22 08:09:09.331,7.85642,7.85861,1.37,1.30
2015.04.22 08:09:09.432,7.85642,7.85881,2.06,1.30
2015.04.22 08:09:09.483,7.85669,7.85926,1.00,1.90
2015.04.22 08:09:09.594,7.85669,7.85926,1.00,1.30
2015.04.22 08:09:09.695,7.85669,7.85926,1.75,1.30
2015.04.22 08:09:10.068,7.85669,7.85926,1.75,1.30
2015.04.22 08:09:11.105,7.85669,7.85926,1.12,1.30
2015.04.22 08:09:11.515,7.85695,7.85926,1.00,1.30
2015.04.22 08:09:11.857,7.85695,7.85926,1.75,1.30
2015.04.22 08:09:14.363,7.85722,7.85926,1.00,1.30
2015.04.22 08:09:14.566,7.85733,7.85979,1.00,1.19
2015.04.22 08:09:14.768,7.85742,7.85996,1.00,2.09
2015.04.22 08:09:14.889,7.85732,7.85996,1.50,2.09
2015.04.22 08:09:15.042,7.85732,7.85996,2.25,2.09
2015.04.22 08:09:15.729,7.85752,7.85996,1.50,2.09
2015.04.22 08:09:15.830,7.85752,7.85996,2.25,1.30
2015.04.22 08:09:15.931,7.85808,7.85996,1.94,1.30
2015.04.22 08:09:15.982,7.85812,7.86067,1.94,1.30
2015.04.22 08:09:16.033,7.85844,7.86067,1.54,1.30
2015.04.22 08:09:16.084,7.85872,7.86135,1.01,1.30
2015.04.22 08:09:16.135,7.85893,7.86135,1.94,1.30
2015.04.22 08:09:16.186,7.86011,7.86224,1.19,1.30
2015.04.22 08:09:16.237,7.86011,7.86224,1.19,1.30
2015.04.22 08:09:16.288,7.86026,7.86316,1.49,1.00
2015.04.22 08:09:16.474,7.86026,7.86316,2.24,1.00
2015.04.22 08:09:16.678,7.86041,7.86318,1.94,1.30
2015.04.22 08:09:17.199,7.86093,7.86377,2.05,1.19
2015.04.22 08:09:17.250,7.86093,7.86377,2.05,1.19
2015.04.22 08:09:17.478,7.86093,7.86384,1.30,1.49
2015.04.22 08:09:17.683,7.86093,7.86384,2.05,1.49
2015.04.22 08:09:18.338,7.86093,7.86384,2.05,1.30
2015.04.22 08:09:19.601,7.86152,7.86404,1.05,1.49
2015.04.22 08:09:19.652,7.86152,7.86446,1.05,1.49
2015.04.22 08:09:19.702,7.86152,7.86446,2.05,1.49
2015.04.22 08:09:19.857,7.86184,7.86446,1.75,1.30
2015.04.22 08:09:19.908,7.86238,7.86518,1.30,1.79
2015.04.22 08:09:20.027,7.86241,7.86518,1.37,1.79
2015.04.22 08:09:20.333,7.8627,7.86532,1.00,1.49
2015.04.22 08:09:20.384,7.8627,7.86532,1.00,1.30
2015.04.22 08:09:21.199,7.8627,7.86532,1.07,1.30
2015.04.22 08:09:21.887,7.86302,7.86593,1.30,1.91
2015.04.22 08:09:21.988,7.86323,7.86593,1.00,1.30
2015.04.22 08:09:22.775,7.8636,7.86614,1.30,1.49
2015.04.22 08:09:23.086,7.8636,7.86654,1.49,1.30
2015.04.22 08:09:23.187,7.8636,7.86654,1.86,1.30
2015.04.22 08:09:23.437,7.8636,7.86654,1.49,1.30
2015.04.22 08:09:23.550,7.8636,7.86654,1.49,1.30
2015.04.22 08:09:25.754,7.8636,7.86654,1.49,1.30
2015.04.22 08:09:27.562,7.8636,7.86654,1.30,1.30
2015.04.22 08:09:27.688,7.8636,7.86608,1.30,1.00
2015.04.22 08:09:27.913,7.8636,7.86618,1.30,1.00
2015.04.22 08:09:29.117,7.8636,7.86628,1.72,1.00
2015.04.22 08:09:29.665,7.8636,7.86628,1.91,1.00
2015.04.22 08:09:29.996,7.8636,7.86588,1.91,1.00
2015.04.22 08:09:30.046,7.8636,7.86597,1.91,1.00
2015.04.22 08:09:30.364,7.8636,7.86607,1.91,1.00
2015.04.22 08:09:30.466,7.8636,7.86638,1.91,1.00
2015.04.22 08:09:30.516,7.86426,7.86638,1.30,1.00
2015.04.22 08:09:30.567,7.86426,7.86658,1.30,1.00
2015.04.22 08:09:30.618,7.86365,7.86658,1.49,1.00
2015.04.22 08:09:30.669,7.86365,7.86618,1.86,1.00
2015.04.22 08:09:30.770,7.86365,7.86618,1.49,1.00
2015.04.22 08:09:30.871,7.86365,7.86638,1.49,1.00
2015.04.22 08:09:31.445,7.86365,7.86628,1.49,1.00
2015.04.22 08:09:31.752,7.86365,7.86607,1.49,1.00
2015.04.22 08:09:31.904,7.86365,7.86607,1.30,1.00
2015.04.22 08:09:32.330,7.86365,7.86618,1.30,1.00
2015.04.22 08:09:32.838,7.86365,7.86617,1.30,1.00
2015.04.22 08:09:33.938,7.86365,7.86618,1.30,1.00
2015.04.22 08:09:34.378,7.86365,7.86638,1.30,1.19
2015.04.22 08:09:35.190,7.86365,7.86659,1.49,1.30
2015.04.22 08:09:35.644,7.86365,7.86648,1.49,1.00
2015.04.22 08:09:36.080,7.86365,7.86658,1.49,1.00
2015.04.22 08:09:37.068,7.86365,7.86659,1.49,1.30
2015.04.22 08:09:37.592,7.8638,7.86659,1.00,1.49
2015.04.22 08:09:38.136,7.8638,7.86659,1.07,1.49
2015.04.22 08:09:38.260,7.8638,7.86659,1.00,1.49
2015.04.22 08:09:38.926,7.8638,7.86659,1.75,1.49
2015.04.22 08:09:39.259,7.8638,7.86659,1.00,1.49
2015.04.22 08:09:39.900,7.8638,7.86659,1.19,1.30
2015.04.22 08:09:40.259,7.8643,7.86724,1.30,1.49
2015.04.22 08:09:41.604,7.8643,7.86724,1.49,1.30
2015.04.22 08:09:42.026,7.8643,7.86724,2.24,1.30
2015.04.22 08:09:42.425,7.86469,7.86724,1.56,1.30
2015.04.22 08:09:42.728,7.86539,7.86784,1.50,1.30
2015.04.22 08:09:42.779,7.8655,7.86844,1.67,1.49
2015.04.22 08:09:42.931,7.8655,7.86844,1.86,1.30
2015.04.22 08:09:43.226,7.86571,7.86844,1.00,1.30
2015.04.22 08:09:43.769,7.86571,7.86844,1.75,1.30
2015.04.22 08:09:44.189,7.86571,7.86844,1.75,1.30
2015.04.22 08:09:44.957,7.86571,7.86844,1.87,1.30
2015.04.22 08:09:45.311,7.86616,7.86906,1.12,1.49
2015.04.22 08:09:45.773,7.86616,7.86906,1.12,1.49
2015.04.22 08:09:46.342,7.86616,7.86906,1.31,1.30
2015.04.22 08:09:47.420,7.86683,7.86965,1.12,1.49
2015.04.22 08:09:47.471,7.86683,7.86965,1.12,1.30
2015.04.22 08:09:47.646,7.86685,7.86965,1.12,1.30
2015.04.22 08:09:48.628,7.86713,7.86965,1.12,1.30
2015.04.22 08:09:49.819,7.86703,7.86965,1.29,1.30
2015.04.22 08:09:49.870,7.86703,7.86928,1.29,1.00
2015.04.22 08:09:50.190,7.86703,7.86848,1.37,1.00
2015.04.22 08:09:50.493,7.86588,7.86837,1.30,1.75
2015.04.22 08:09:50.696,7.86528,7.86811,1.00,1.49
2015.04.22 08:09:50.847,7.86519,7.86811,1.30,1.49
2015.04.22 08:09:50.898,7.86454,7.86748,1.49,1.30
2015.04.22 08:09:51.158,7.86454,7.86748,1.30,1.49
2015.04.22 08:09:51.259,7.86454,7.86737,1.30,1.94
2015.04.22 08:09:51.311,7.86402,7.86688,1.79,1.30
2015.04.22 08:09:51.674,7.86402,7.86688,1.60,2.05
2015.04.22 08:09:51.725,7.86394,7.86688,1.30,2.05
2015.04.22 08:09:51.927,7.86394,7.86648,1.30,1.00
2015.04.22 08:09:52.028,7.86334,7.86626,1.30,2.05
2015.04.22 08:09:52.180,7.86334,7.86626,1.30,2.24
2015.04.22 08:09:52.526,7.86334,7.86626,2.05,1.86
2015.04.22 08:09:52.779,7.86764,7.8695,1.30,1.00
2015.04.22 08:09:52.830,7.86705,7.86998,1.30,1.00
2015.04.22 08:09:52.984,7.86705,7.86998,1.30,1.19
2015.04.22 08:09:53.287,7.8655,7.86828,1.30,1.94
2015.04.22 08:09:53.540,7.86383,7.86677,1.30,1.49
2015.04.22 08:09:53.890,7.86445,7.86697,1.30,1.49
2015.04.22 08:09:53.991,7.86373,7.86667,1.30,1.49
2015.04.22 08:09:55.667,7.86373,7.86667,1.49,2.05
2015.04.22 08:09:55.772,7.86373,7.86667,1.49,1.67
2015.04.22 08:09:55.874,7.86373,7.86667,1.49,1.30
2015.04.22 08:09:55.926,7.86441,7.86709,1.30,1.56
2015.04.22 08:09:57.598,7.86441,7.86735,1.49,1.86
2015.04.22 08:09:57.756,7.86441,7.86735,1.49,1.49
2015.04.22 08:09:57.966,7.86441,7.86678,1.30,1.56
2015.04.22 08:09:58.017,7.86381,7.86675,1.30,1.86
2015.04.22 08:10:00.062,7.86381,7.86675,1.49,1.67
2015.04.22 08:10:01.095,7.86381,7.86668,1.30,1.56
2015.04.22 08:10:01.598,7.86381,7.86648,1.30,1.94
2015.04.22 08:10:02.110,7.86361,7.86605,1.30,1.30
2015.04.22 08:10:02.161,7.86311,7.86605,1.49,1.30
2015.04.22 08:10:02.211,7.86278,7.86538,1.19,1.30
2015.04.22 08:10:02.313,7.86246,7.86538,1.49,1.30
2015.04.22 08:10:02.616,7.86246,7.86538,1.30,1.30
2015.04.22 08:10:02.718,7.86185,7.86479,1.49,1.49
2015.04.22 08:10:04.024,7.86185,7.86479,1.30,1.49
2015.04.22 08:10:04.126,7.86185,7.86479,1.30,1.30
2015.04.22 08:10:04.250,7.86185,7.86479,1.30,2.05
2015.04.22 08:10:04.558,7.86114,7.86408,1.30,1.49
2015.04.22 08:10:04.660,7.86051,7.86345,1.30,1.49
2015.04.22 08:10:04.711,7.86051,7.86345,1.30,1.49
2015.04.22 08:10:04.812,7.85932,7.86151,1.60,1.00
2015.04.22 08:10:04.913,7.85932,7.86076,1.60,1.00
2015.04.22 08:10:04.964,7.85835,7.86076,1.30,1.00
2015.04.22 08:10:05.065,7.859,7.86037,2.10,1.30
2015.04.22 08:10:05.167,7.859,7.86103,2.10,1.30
2015.04.22 08:10:05.268,7.85913,7.86176,1.60,1.30
2015.04.22 08:10:05.419,7.85927,7.86176,1.79,1.30
2015.04.22 08:10:05.521,7.859,7.86176,2.29,1.30
2015.04.22 08:10:05.723,7.859,7.8612,2.10,1.30
2015.04.22 08:10:07.811,7.859,7.86102,2.10,1.00
2015.04.22 08:10:08.123,7.85862,7.86102,1.00,1.00
2015.04.22 08:10:08.176,7.85882,7.86102,1.00,1.00
2015.04.22 08:10:08.521,7.85882,7.86046,1.00,1.30
2015.04.22 08:10:08.823,7.85902,7.86046,1.00,1.30
2015.04.22 08:10:08.974,7.85902,7.86102,1.00,1.00
2015.04.22 08:10:09.190,7.85923,7.86102,1.00,1.00
2015.04.22 08:10:09.509,7.85932,7.86102,1.00,1.00
2015.04.22 08:10:10.083,7.85933,7.86102,1.00,1.00
2015.04.22 08:10:10.384,7.85953,7.86102,1.00,1.00
2015.04.22 08:10:10.599,7.85942,7.86102,1.00,1.00
2015.04.22 08:10:11.097,7.85953,7.86102,1.00,1.00
2015.04.22 08:10:11.588,7.85962,7.86102,1.00,1.00
2015.04.22 08:10:11.891,7.85982,7.86128,1.00,1.30
2015.04.22 08:10:12.195,7.85992,7.86128,1.00,1.30
2015.04.22 08:10:12.296,7.85982,7.86128,1.00,1.30
2015.04.22 08:10:13.069,7.85992,7.86128,1.00,1.30
2015.04.22 08:10:14.199,7.86002,7.86128,1.00,1.30
2015.04.22 08:10:16.104,7.86012,7.86128,1.00,1.30
2015.04.22 08:10:16.506,7.86003,7.86128,1.00,1.30
2015.04.22 08:10:17.503,7.86003,7.86115,1.00,1.00
2015.04.22 08:10:17.810,7.86022,7.86115,1.00,1.00
2015.04.22 08:10:18.160,7.86032,7.86115,1.00,1.00
2015.04.22 08:10:18.416,7.86052,7.8614,1.00,1.00
2015.04.22 08:10:18.517,7.86062,7.8614,1.00,1.00
2015.04.22 08:10:18.860,7.86102,7.86166,1.00,1.00
2015.04.22 08:10:19.062,7.86092,7.86166,1.00,1.00
2015.04.22 08:10:19.520,7.86102,7.86166,1.00,1.00
2015.04.22 08:10:19.621,7.86112,7.86196,1.00,1.00
2015.04.22 08:10:19.723,7.86119,7.86196,2.05,1.00
2015.04.22 08:10:20.026,7.86142,7.86222,1.00,1.00
2015.04.22 08:10:20.123,7.86132,7.86222,1.00,1.00
2015.04.22 08:10:20.325,7.86128,7.86222,2.27,1.00
2015.04.22 08:10:21.265,7.86133,7.86222,1.00,1.00
2015.04.22 08:10:21.930,7.86126,7.86222,2.05,1.00
2015.04.22 08:10:22.159,7.86132,7.86222,1.00,1.00
2015.04.22 08:10:22.261,7.86127,7.86222,2.50,1.00
2015.04.22 08:10:22.468,7.86132,7.86222,1.00,1.00
2015.04.22 08:10:22.569,7.86142,7.86222,1.00,1.00
2015.04.22 08:10:23.035,7.86138,7.86222,2.35,1.00
2015.04.22 08:10:23.382,7.86172,7.86222,1.00,1.00
2015.04.22 08:10:23.432,7.86172,7.86276,1.00,1.00
2015.04.22 08:10:23.483,7.86192,7.86276,1.00,1.00
2015.04.22 08:10:23.887,7.86172,7.86276,1.00,1.00
2015.04.22 08:10:24.875,7.86162,7.86276,1.00,1.00
2015.04.22 08:10:24.925,7.86162,7.8625,1.00,1.00
2015.04.22 08:10:24.976,7.86153,7.8625,1.00,1.00
2015.04.22 08:10:25.178,7.86143,7.8625,1.00,1.00
2015.04.22 08:10:25.330,7.86142,7.86223,1.00,1.00
2015.04.22 08:10:25.381,7.86122,7.86223,1.00,1.00
2015.04.22 08:10:25.583,7.86112,7.86223,1.00,1.00
2015.04.22 08:10:25.875,7.86092,7.86223,1.00,1.00
2015.04.22 08:10:25.926,7.86092,7.86195,1.00,1.00
2015.04.22 08:10:26.077,7.86072,7.86195,1.00,1.00
2015.04.22 08:10:26.179,7.86082,7.86195,1.00,1.00
2015.04.22 08:10:26.501,7.86093,7.86195,1.00,1.00
2015.04.22 08:10:26.830,7.86102,7.86195,1.00,1.00
2015.04.22 08:10:26.931,7.86143,7.86251,1.00,1.72
2015.04.22 08:10:26.982,7.86152,7.86251,1.00,1.00
2015.04.22 08:10:27.299,7.86172,7.86251,1.00,1.00
2015.04.22 08:10:27.451,7.86192,7.86275,1.00,1.00
2015.04.22 08:10:27.882,7.86202,7.86275,1.00,1.00
2015.04.22 08:10:28.206,7.86193,7.86275,1.00,1.00
2015.04.22 08:10:28.366,7.86182,7.86275,1.00,1.00
2015.04.22 08:10:28.991,7.86172,7.86275,1.00,1.00
2015.04.22 08:10:29.192,7.86132,7.86275,1.00,1.00
2015.04.22 08:10:29.601,7.86142,7.86275,1.00,1.00
2015.04.22 08:10:29.921,7.86162,7.86275,1.00,1.00
2015.04.22 08:10:30.022,7.86162,7.8636,1.00,1.30
2015.04.22 08:10:30.224,7.86152,7.8636,1.00,1.30
2015.04.22 08:10:30.325,7.86132,7.8636,1.00,1.30
2015.04.22 08:10:30.426,7.86132,7.86296,1.00,1.30
2015.04.22 08:10:30.527,7.86122,7.86296,1.00,1.30
2015.04.22 08:10:30.629,7.86132,7.86296,1.00,1.30
2015.04.22 08:10:30.730,7.86122,7.86296,1.00,1.30
2015.04.22 08:10:30.787,7.86133,7.86296,1.00,1.30
2015.04.22 08:10:31.130,7.86123,7.86296,1.00,1.30
2015.04.22 08:10:31.396,7.86113,7.86296,1.00,1.30
2015.04.22 08:10:31.599,7.86102,7.86296,1.00,1.30
2015.04.22 08:10:31.946,7.86092,7.86296,1.19,1.30
2015.04.22 08:10:31.997,7.86092,7.86296,1.00,1.30
2015.04.22 08:10:32.048,7.86082,7.86296,1.00,1.30
2015.04.22 08:10:32.149,7.86072,7.86296,1.00,1.30
2015.04.22 08:10:32.250,7.86063,7.86296,1.00,1.30
2015.04.22 08:10:32.353,7.86042,7.86296,1.19,1.30
2015.04.22 08:10:32.454,7.86063,7.86296,1.00,1.30
2015.04.22 08:10:32.782,7.86072,7.86296,1.00,1.30
2015.04.22 08:10:33.111,7.86082,7.86296,1.00,1.30
2015.04.22 08:10:33.162,7.86073,7.86296,1.00,1.30
2015.04.22 08:10:33.461,7.86082,7.86296,1.00,1.30
2015.04.22 08:10:33.767,7.86092,7.86296,1.00,1.30
2015.04.22 08:10:34.117,7.86112,7.86296,1.00,1.30
2015.04.22 08:10:34.868,7.86122,7.86296,1.00,1.30
2015.04.22 08:10:35.224,7.86132,7.86246,1.00,1.00
2015.04.22 08:10:35.599,7.86112,7.86246,1.50,1.00
2015.04.22 08:10:36.039,7.86103,7.86246,1.00,1.00
2015.04.22 08:10:36.573,7.86102,7.86246,1.00,1.00
2015.04.22 08:10:38.899,7.86103,7.86246,1.00,1.00
2015.04.22 08:10:38.950,7.86103,7.86236,1.00,1.00
2015.04.22 08:10:40.841,7.86103,7.86268,1.00,1.00
2015.04.22 08:10:40.892,7.86132,7.86268,1.00,1.00
2015.04.22 08:10:41.195,7.86142,7.86268,1.00,1.00
2015.04.22 08:10:41.589,7.86153,7.86268,1.00,1.00
2015.04.22 08:10:41.694,7.86142,7.86268,1.00,1.00
2015.04.22 08:10:42.108,7.86162,7.86268,1.00,1.00
2015.04.22 08:10:42.159,7.86162,7.86296,1.00,1.30
2015.04.22 08:10:42.311,7.86152,7.86296,1.00,1.30
2015.04.22 08:10:42.362,7.86152,7.86266,1.00,1.00
2015.04.22 08:10:42.463,7.86132,7.86266,1.00,1.00
2015.04.22 08:10:42.565,7.86113,7.86266,1.00,1.00
2015.04.22 08:10:42.666,7.86132,7.86266,1.00,1.00
2015.04.22 08:10:42.970,7.86162,7.86266,1.00,1.00
2015.04.22 08:10:43.072,7.86162,7.86294,1.00,1.00
2015.04.22 08:10:43.639,7.86152,7.86294,1.00,1.00
2015.04.22 08:10:43.742,7.86172,7.86294,1.00,1.00
2015.04.22 08:10:43.844,7.86172,7.8632,1.00,1.00
2015.04.22 08:10:44.077,7.86182,7.8632,1.00,1.00
2015.04.22 08:10:45.078,7.86172,7.8632,1.00,1.00
2015.04.22 08:10:45.428,7.86162,7.8632,1.00,1.00
2015.04.22 08:10:45.760,7.86152,7.8632,1.00,1.00
2015.04.22 08:10:47.716,7.86162,7.8632,1.00,1.00
2015.04.22 08:10:48.034,7.86182,7.8632,1.00,1.00
2015.04.22 08:10:48.370,7.86202,7.86347,1.00,1.00
2015.04.22 08:10:48.471,7.86182,7.86347,1.00,1.00
2015.04.22 08:10:48.573,7.86182,7.86321,1.00,1.00
2015.04.22 08:10:48.623,7.86162,7.86321,1.00,1.00
2015.04.22 08:10:48.725,7.86152,7.86321,1.19,1.00
2015.04.22 08:10:48.776,7.86152,7.86321,1.00,1.00
2015.04.22 08:10:48.946,7.86142,7.86321,1.00,1.00
2015.04.22 08:10:49.353,7.86142,7.86296,1.00,1.00
2015.04.22 08:10:50.339,7.86132,7.86296,1.00,1.00
2015.04.22 08:10:51.919,7.86142,7.86296,1.00,1.00
2015.04.22 08:10:52.978,7.86153,7.86296,1.00,1.00
2015.04.22 08:10:53.087,7.86142,7.86296,1.00,1.00
2015.04.22 08:10:54.115,7.86132,7.86296,1.00,1.00
2015.04.22 08:10:54.308,7.86142,7.86294,1.00,1.00
2015.04.22 08:10:54.659,7.86162,7.86324,1.00,1.00
2015.04.22 08:10:54.710,7.86172,7.86324,1.00,1.00
2015.04.22 08:10:55.290,7.86162,7.86324,1.00,1.00
2015.04.22 08:10:55.542,7.86152,7.86324,1.00,1.00
2015.04.22 08:10:55.647,7.86142,7.86324,1.00,1.00
2015.04.22 08:10:55.749,7.86132,7.86324,1.00,1.00
2015.04.22 08:10:55.851,7.86142,7.86324,1.00,1.00
2015.04.22 08:10:56.175,7.86162,7.86298,1.00,1.00
2015.04.22 08:10:56.508,7.86172,7.86298,1.00,1.00
2015.04.22 08:10:56.828,7.86182,7.86298,1.00,1.00
2015.04.22 08:10:57.255,7.86192,7.86298,1.00,1.00
2015.04.22 08:10:57.467,7.86192,7.86324,1.00,1.00
2015.04.22 08:10:57.820,7.86203,7.86324,1.00,1.00
2015.04.22 08:10:57.871,7.86203,7.86349,1.00,1.00
2015.04.22 08:10:57.972,7.86213,7.86349,1.00,1.00
2015.04.22 08:10:58.275,7.86202,7.86324,1.00,1.00
2015.04.22 08:10:59.728,7.86202,7.86352,1.00,1.00
2015.04.22 08:10:59.779,7.86212,7.86352,1.00,1.00
2015.04.22 08:11:00.319,7.86212,7.86327,1.00,1.00
2015.04.22 08:11:00.370,7.86203,7.86327,1.00,1.00
2015.04.22 08:11:00.590,7.86243,7.86327,1.00,1.00
2015.04.22 08:11:00.692,7.86212,7.86327,1.00,1.00
2015.04.22 08:11:00.793,7.86212,7.86298,1.00,1.00
2015.04.22 08:11:01.122,7.86202,7.86298,1.00,1.00
2015.04.22 08:11:02.123,7.86213,7.86298,1.00,1.00
2015.04.22 08:11:02.430,7.86222,7.86298,1.00,1.00
2015.04.22 08:11:02.589,7.86212,7.86298,1.00,1.00
2015.04.22 08:11:03.031,7.86222,7.86298,1.00,1.00
2015.04.22 08:11:03.567,7.86212,7.86298,1.00,1.00
2015.04.22 08:11:03.669,7.86162,7.86298,1.00,1.00
2015.04.22 08:11:03.720,7.86162,7.86268,1.00,1.00
2015.04.22 08:11:04.046,7.86162,7.86243,1.00,1.00
2015.04.22 08:11:04.350,7.86142,7.86218,1.00,1.00
2015.04.22 08:11:04.552,7.86102,7.86192,1.00,1.00
2015.04.22 08:11:04.603,7.86102,7.86218,1.00,1.00
2015.04.22 08:11:04.654,7.86163,7.86218,1.00,1.00
2015.04.22 08:11:07.283,7.86122,7.86218,1.00,1.00
2015.04.22 08:11:07.334,7.86122,7.86193,1.00,1.00
2015.04.22 08:11:07.435,7.86092,7.86193,1.00,1.00
2015.04.22 08:11:07.839,7.86122,7.86193,1.00,1.00
2015.04.22 08:11:07.940,7.86112,7.86193,1.00,1.00
2015.04.22 08:11:08.092,7.86092,7.86193,1.00,1.00
2015.04.22 08:11:08.193,7.86092,7.86166,1.00,1.00
2015.04.22 08:11:08.627,7.86103,7.86166,1.00,1.00
2015.04.22 08:11:10.590,7.86092,7.86166,1.00,1.00
2015.04.22 08:11:11.065,7.86082,7.86166,1.00,1.00
2015.04.22 08:11:13.197,7.86082,7.86149,1.00,1.00
2015.04.22 08:11:14.096,7.86092,7.86149,1.00,1.00
2015.04.22 08:11:14.453,7.86082,7.86149,1.00,1.00
2015.04.22 08:11:14.554,7.86052,7.86161,1.00,1.00
2015.04.22 08:11:14.655,7.86062,7.86169,1.00,1.30
2015.04.22 08:11:14.706,7.86062,7.86179,1.00,1.00
2015.04.22 08:11:14.757,7.86062,7.86168,1.00,1.00
2015.04.22 08:11:15.060,7.86082,7.86184,1.00,1.00
2015.04.22 08:11:15.111,7.86072,7.86184,1.07,1.00
2015.04.22 08:11:15.212,7.86072,7.86289,1.07,1.49
2015.04.22 08:11:15.313,7.86083,7.86289,1.00,1.49
2015.04.22 08:11:15.479,7.86083,7.86289,1.00,1.49
2015.04.22 08:11:15.883,7.86083,7.86289,1.37,1.49
2015.04.22 08:11:15.985,7.86073,7.86289,1.07,1.49
2015.04.22 08:11:16.087,7.86073,7.86289,1.07,1.49
2015.04.22 08:11:16.937,7.86073,7.86268,1.37,1.19
2015.04.22 08:11:17.740,7.86102,7.86268,1.00,1.19
2015.04.22 08:11:17.790,7.86102,7.86268,1.00,1.00
2015.04.22 08:11:17.841,7.86143,7.86319,1.00,1.00
2015.04.22 08:11:17.943,7.86143,7.86348,1.00,1.60
2015.04.22 08:11:17.994,7.86152,7.86348,1.00,1.60
2015.04.22 08:11:18.095,7.86152,7.86388,1.00,2.54
2015.04.22 08:11:18.267,7.86152,7.86388,1.00,2.54
2015.04.22 08:11:19.370,7.86152,7.86348,1.00,1.00
2015.04.22 08:11:20.046,7.86152,7.86327,1.00,1.60
2015.04.22 08:11:21.704,7.86173,7.86327,1.00,1.60
2015.04.22 08:11:22.007,7.86222,7.86327,1.00,1.60
2015.04.22 08:11:22.159,7.86232,7.86388,1.00,1.60
2015.04.22 08:11:22.268,7.86232,7.86388,1.07,1.60
2015.04.22 08:11:22.588,7.86242,7.86378,1.00,1.60
2015.04.22 08:11:29.940,7.86272,7.86378,1.00,1.60
2015.04.22 08:11:30.193,7.86232,7.86378,1.37,1.60
2015.04.22 08:11:30.395,7.86232,7.86378,1.37,1.60
2015.04.22 08:11:30.698,7.86187,7.86378,1.72,1.60
2015.04.22 08:11:30.799,7.86187,7.86378,2.05,1.60
2015.04.22 08:11:30.906,7.86187,7.86378,1.35,1.60
2015.04.22 08:11:31.168,7.86127,7.86378,2.05,1.60
2015.04.22 08:11:32.556,7.86127,7.86374,2.05,1.00
2015.04.22 08:11:32.708,7.86127,7.86378,2.05,1.60
2015.04.22 08:11:33.061,7.86127,7.86375,2.05,1.00
2015.04.22 08:11:33.217,7.86127,7.86383,2.05,1.19
2015.04.22 08:11:33.371,7.86127,7.86348,2.05,1.00
2015.04.22 08:11:33.679,7.86127,7.86383,2.05,1.19
2015.04.22 08:11:33.766,7.86127,7.86346,2.05,1.00
2015.04.22 08:11:34.138,7.86127,7.86383,1.67,1.19
2015.04.22 08:11:34.245,7.86127,7.86346,1.67,1.00
2015.04.22 08:11:34.546,7.86127,7.86373,1.67,1.00
2015.04.22 08:11:34.869,7.86127,7.86346,1.67,1.00
2015.04.22 08:11:35.887,7.86127,7.86345,1.67,1.00
2015.04.22 08:11:36.399,7.86127,7.86378,1.67,1.19
2015.04.22 08:11:36.710,7.86127,7.86342,1.67,1.00
2015.04.22 08:11:36.762,7.86127,7.86346,1.67,1.25
2015.04.22 08:11:37.062,7.86127,7.86346,1.67,1.19
2015.04.22 08:11:38.106,7.86127,7.86346,2.05,1.19
2015.04.22 08:11:38.720,7.86127,7.8633,2.05,1.00
2015.04.22 08:11:39.178,7.86127,7.86368,2.05,1.19
2015.04.22 08:11:39.293,7.86127,7.86329,2.05,1.00
2015.04.22 08:11:39.799,7.86127,7.8633,2.05,1.00
2015.04.22 08:11:40.178,7.86127,7.8633,1.67,1.00
2015.04.22 08:11:40.256,7.86127,7.86378,1.67,1.19
2015.04.22 08:11:40.490,7.86127,7.86326,1.67,1.00
2015.04.22 08:11:40.807,7.86127,7.86382,1.67,1.19
2015.04.22 08:11:41.129,7.86127,7.86343,2.10,1.19
2015.04.22 08:11:41.662,7.86127,7.8633,2.10,1.00
2015.04.22 08:11:42.066,7.86131,7.86382,1.37,1.19
2015.04.22 08:11:42.247,7.86127,7.8633,2.10,1.00
2015.04.22 08:11:42.598,7.86132,7.86378,1.37,1.19
2015.04.22 08:11:42.699,7.86151,7.86329,1.00,1.00
2015.04.22 08:11:42.801,7.86132,7.8633,1.37,1.00
2015.04.22 08:11:43.258,7.86133,7.86327,1.37,1.00
2015.04.22 08:11:43.359,7.86133,7.86358,1.37,1.00
2015.04.22 08:11:43.576,7.86134,7.86327,1.12,1.00
2015.04.22 08:11:43.802,7.86133,7.86368,1.37,1.19
2015.04.22 08:11:44.041,7.8613,7.86329,1.37,1.00
2015.04.22 08:11:44.143,7.8613,7.86368,1.37,1.19
2015.04.22 08:11:44.244,7.86134,7.86329,1.12,1.00
2015.04.22 08:11:44.578,7.86169,7.86327,1.00,1.00
2015.04.22 08:11:44.679,7.86189,7.86467,1.90,1.60
2015.04.22 08:11:44.749,7.86212,7.86483,1.60,2.24
2015.04.22 08:11:44.901,7.86212,7.86468,1.07,1.00
2015.04.22 08:11:44.952,7.86189,7.86468,1.72,1.19
2015.04.22 08:11:45.003,7.86189,7.86468,1.35,1.19
2015.04.22 08:11:45.104,7.86189,7.86435,1.35,1.00
2015.04.22 08:11:45.207,7.86189,7.86431,1.30,1.00
2015.04.22 08:11:45.359,7.86189,7.86437,1.37,1.19
2015.04.22 08:11:45.426,7.86189,7.86437,1.30,1.19
2015.04.22 08:11:45.477,7.86152,7.8641,1.37,1.49
2015.04.22 08:11:45.755,7.86124,7.86366,1.75,1.00
2015.04.22 08:11:46.059,7.86145,7.86357,1.50,1.00
2015.04.22 08:11:46.212,7.86126,7.86392,1.00,1.25
2015.04.22 08:11:46.263,7.86126,7.86387,1.00,1.00
2015.04.22 08:11:46.314,7.86117,7.86387,1.00,1.00
2015.04.22 08:11:46.416,7.86116,7.86364,1.30,1.00
2015.04.22 08:11:46.720,7.86074,7.86346,1.37,1.49
2015.04.22 08:11:46.771,7.86065,7.86328,1.00,1.19
2015.04.22 08:11:46.872,7.86052,7.863,1.30,1.19
2015.04.22 08:11:47.024,7.86032,7.86286,1.30,1.49
2015.04.22 08:11:47.075,7.86015,7.86286,1.00,1.49
2015.04.22 08:11:47.177,7.86003,7.86286,1.07,1.49
2015.04.22 08:11:47.429,7.86018,7.86286,1.00,1.49
2015.04.22 08:11:47.480,7.86018,7.86286,1.00,1.49
2015.04.22 08:11:47.581,7.86018,7.86286,1.00,1.49
2015.04.22 08:11:47.632,7.86003,7.86286,1.00,1.49
2015.04.22 08:11:47.751,7.86003,7.8627,1.00,1.19
2015.04.22 08:11:47.801,7.86068,7.86286,1.00,1.49
2015.04.22 08:11:47.903,7.86045,7.86275,1.00,1.19
2015.04.22 08:11:47.954,7.86012,7.86275,1.00,1.19
2015.04.22 08:11:48.105,7.86004,7.86275,1.00,1.19
2015.04.22 08:11:48.419,7.86016,7.86275,1.00,1.19
2015.04.22 08:11:48.627,7.86004,7.86275,1.00,1.19
2015.04.22 08:11:48.728,7.86013,7.86275,1.00,1.19
2015.04.22 08:11:49.267,7.86003,7.86275,1.00,1.19
2015.04.22 08:11:49.475,7.86001,7.86275,1.00,1.19
2015.04.22 08:11:49.757,7.86001,7.86275,1.00,1.19
2015.04.22 08:11:50.180,7.86005,7.86245,1.00,1.19
2015.04.22 08:11:50.281,7.86005,7.86274,1.00,1.19
2015.04.22 08:11:50.483,7.86009,7.86278,1.00,1.19
2015.04.22 08:11:50.827,7.86016,7.86278,1.00,1.19
2015.04.22 08:11:51.029,7.86014,7.86278,1.00,1.19
2015.04.22 08:11:51.131,7.86016,7.86278,1.00,1.19
2015.04.22 08:11:51.338,7.86014,7.86278,1.00,1.19
2015.04.22 08:11:51.439,7.86016,7.86278,1.00,1.19
2015.04.22 08:11:51.541,7.86007,7.86278,1.00,1.69
2015.04.22 08:11:51.693,7.86001,7.86278,1.00,1.19
2015.04.22 08:11:51.748,7.86005,7.86278,1.00,1.19
2015.04.22 08:11:51.858,7.86001,7.86278,1.00,1.69
2015.04.22 08:11:51.909,7.86007,7.86278,1.00,1.69
2015.04.22 08:11:52.238,7.86024,7.86278,1.00,1.19
2015.04.22 08:11:52.501,7.86014,7.86278,1.00,1.19
2015.04.22 08:11:52.603,7.86024,7.86278,1.00,1.19
2015.04.22 08:11:53.137,7.86023,7.86278,1.00,1.19
2015.04.22 08:11:53.593,7.86026,7.86278,1.00,1.19
2015.04.22 08:11:53.914,7.86024,7.86278,1.00,1.19
2015.04.22 08:11:54.210,7.86002,7.86248,1.00,1.19
2015.04.22 08:11:54.312,7.85992,7.86239,1.30,1.00
2015.04.22 08:11:54.413,7.85992,7.86244,1.30,1.19
2015.04.22 08:11:54.516,7.85998,7.86278,1.00,1.19
2015.04.22 08:11:54.743,7.85992,7.86244,1.30,1.19
2015.04.22 08:11:54.849,7.85998,7.86278,1.00,1.19
2015.04.22 08:11:55.172,7.85992,7.86236,1.30,1.19
2015.04.22 08:11:55.700,7.85992,7.86233,1.30,1.19
2015.04.22 08:11:56.019,7.85947,7.86217,1.00,1.19
2015.04.22 08:11:56.069,7.85965,7.86226,1.00,1.49
2015.04.22 08:11:56.373,7.85936,7.86214,1.00,1.19
2015.04.22 08:11:56.478,7.85974,7.86214,1.00,1.19
2015.04.22 08:11:56.630,7.85937,7.86211,1.00,1.19
2015.04.22 08:11:56.681,7.85935,7.86211,1.00,1.19
2015.04.22 08:11:56.985,7.85969,7.86214,1.00,1.19
2015.04.22 08:11:57.036,7.85937,7.86199,1.00,1.19
2015.04.22 08:11:57.245,7.85973,7.86214,1.00,1.19
2015.04.22 08:11:57.357,7.85937,7.86192,1.00,1.19
2015.04.22 08:11:57.610,7.85966,7.86177,1.00,1.00
2015.04.22 08:11:57.712,7.85943,7.8619,1.00,1.19
2015.04.22 08:11:57.954,7.85966,7.86168,1.00,1.00
2015.04.22 08:11:58.126,7.85937,7.86192,1.00,1.19
2015.04.22 08:11:58.230,7.85937,7.86192,1.75,1.19
2015.04.22 08:11:58.557,7.85965,7.86226,1.00,1.49
2015.04.22 08:11:58.921,7.85973,7.86178,1.00,1.00
2015.04.22 08:11:59.248,7.85973,7.86223,1.00,1.19
2015.04.22 08:11:59.336,7.85973,7.86178,1.00,1.00
2015.04.22 08:11:59.569,7.85963,7.86187,1.00,1.00
2015.04.22 08:11:59.670,7.85967,7.86197,1.75,1.19
2015.04.22 08:11:59.991,7.85978,7.86208,1.37,1.00
2015.04.22 08:12:00.041,7.85974,7.86218,1.75,1.00
2015.04.22 08:12:00.143,7.86002,7.86278,1.30,2.17
2015.04.22 08:12:00.194,7.86019,7.86278,1.00,1.79
2015.04.22 08:12:00.346,7.86016,7.86296,1.00,1.49
2015.04.22 08:12:00.397,7.86012,7.86281,1.00,1.19
2015.04.22 08:12:00.447,7.86002,7.86281,1.30,1.19
2015.04.22 08:12:00.498,7.86002,7.86281,1.30,1.19
2015.04.22 08:12:00.599,7.86002,7.86272,1.30,1.00
2015.04.22 08:12:00.701,7.86002,7.86296,1.30,1.30
2015.04.22 08:12:00.752,7.86013,7.86296,1.12,1.30
2015.04.22 08:12:01.056,7.86002,7.86258,1.72,1.19
2015.04.22 08:12:03.046,7.86002,7.86243,1.30,1.19
2015.04.22 08:12:05.069,7.86002,7.86208,1.30,1.19
2015.04.22 08:12:05.495,7.86002,7.86187,1.30,1.00
2015.04.22 08:12:05.727,7.86002,7.86198,1.30,1.19
2015.04.22 08:12:06.155,7.86002,7.86188,1.30,1.00
2015.04.22 08:12:06.266,7.86002,7.86218,1.30,1.19
2015.04.22 08:12:07.136,7.86002,7.86198,1.30,1.19
2015.04.22 08:12:09.383,7.86002,7.86208,1.30,1.25
2015.04.22 08:12:09.646,7.85962,7.86208,1.00,1.25
2015.04.22 08:12:09.747,7.85962,7.86208,1.00,1.32
2015.04.22 08:12:10.086,7.85973,7.86178,1.00,1.00
2015.04.22 08:12:10.137,7.85973,7.86188,1.00,1.00
2015.04.22 08:12:10.340,7.85994,7.86187,1.00,1.00
2015.04.22 08:12:10.797,7.86005,7.86198,1.00,1.00
2015.04.22 08:12:10.999,7.85992,7.86235,1.75,1.37
2015.04.22 08:12:11.050,7.86005,7.86278,1.30,1.94
2015.04.22 08:12:11.369,7.86005,7.86208,1.30,1.00
2015.04.22 08:12:11.707,7.86008,7.86208,1.00,1.00
2015.04.22 08:12:12.427,7.86005,7.86278,1.30,1.94
2015.04.22 08:12:12.536,7.86029,7.86207,1.00,1.00
2015.04.22 08:12:12.645,7.86029,7.86217,1.00,1.00
2015.04.22 08:12:12.776,7.86028,7.86208,1.00,1.00
2015.04.22 08:12:13.213,7.86005,7.86268,1.30,1.56
2015.04.22 08:12:13.344,7.86028,7.86218,1.00,1.00
2015.04.22 08:12:13.938,7.86029,7.86217,1.00,1.00
2015.04.22 08:12:14.299,7.86005,7.86268,1.30,1.56
2015.04.22 08:12:14.406,7.86028,7.86208,1.00,1.00
2015.04.22 08:12:15.836,7.86006,7.86268,1.00,1.56
2015.04.22 08:12:15.947,7.86019,7.86208,1.00,1.00
2015.04.22 08:12:16.205,7.86019,7.86259,1.00,1.26
2015.04.22 08:12:16.307,7.86014,7.86208,1.00,1.00
2015.04.22 08:12:16.385,7.86014,7.86254,1.00,1.26
2015.04.22 08:12:16.605,7.86014,7.86208,1.00,1.00
2015.04.22 08:12:17.199,7.86005,7.86198,1.72,1.00
2015.04.22 08:12:17.266,7.86005,7.86255,1.30,1.26
2015.04.22 08:12:17.376,7.86005,7.86213,1.30,1.00
2015.04.22 08:12:17.815,7.86005,7.86188,1.30,1.00
2015.04.22 08:12:19.277,7.86005,7.86268,1.30,1.94
2015.04.22 08:12:19.429,7.86005,7.86238,1.30,1.56
2015.04.22 08:12:19.905,7.86005,7.86178,1.30,1.00
2015.04.22 08:12:20.346,7.86005,7.86192,1.30,1.00
2015.04.22 08:12:20.486,7.85959,7.86192,1.00,1.00
2015.04.22 08:12:20.785,7.85966,7.86167,1.00,1.00
2015.04.22 08:12:21.227,7.85965,7.86218,1.00,1.26
2015.04.22 08:12:21.407,7.85966,7.86217,1.00,1.94
2015.04.22 08:12:21.508,7.85965,7.86218,1.00,1.26
2015.04.22 08:12:21.559,7.85965,7.86158,1.00,1.00
2015.04.22 08:12:21.667,7.85966,7.86234,1.00,1.56
2015.04.22 08:12:21.886,7.85962,7.86181,1.00,1.00
2015.04.22 08:12:22.203,7.85965,7.86158,1.00,1.00
2015.04.22 08:12:22.326,7.85962,7.8622,1.50,1.26
2015.04.22 08:12:22.436,7.85962,7.86158,1.50,1.00
2015.04.22 08:12:23.755,7.85962,7.86148,1.50,1.00
2015.04.22 08:12:24.745,7.85963,7.86147,1.00,1.00
2015.04.22 08:12:25.649,7.85952,7.8622,1.00,1.26
2015.04.22 08:12:25.736,7.85963,7.86147,1.00,1.00
2015.04.22 08:12:25.867,7.85963,7.86167,1.00,1.00
2015.04.22 08:12:26.287,7.85946,7.8622,1.30,1.26
2015.04.22 08:12:26.419,7.85946,7.86158,1.30,1.00
2015.04.22 08:12:26.521,7.85946,7.86166,1.30,1.19
2015.04.22 08:12:26.572,7.85913,7.86166,1.00,1.19
2015.04.22 08:12:26.623,7.85891,7.86163,1.00,1.19
2015.04.22 08:12:26.725,7.85891,7.86163,1.00,1.26
2015.04.22 08:12:26.775,7.85886,7.86158,1.00,1.10
2015.04.22 08:12:26.826,7.85886,7.86158,1.00,1.56
2015.04.22 08:12:27.057,7.85884,7.86164,1.30,1.94
2015.04.22 08:12:28.045,7.85893,7.86135,1.00,1.19
2015.04.22 08:12:28.162,7.85884,7.86135,1.30,1.19
2015.04.22 08:12:28.791,7.85884,7.86124,1.30,1.19
2015.04.22 08:12:29.255,7.85893,7.86135,1.00,1.19
2015.04.22 08:12:30.847,7.85893,7.86098,1.00,1.19
2015.04.22 08:12:31.607,7.85918,7.86097,1.00,1.19
2015.04.22 08:12:31.818,7.85902,7.86163,1.00,1.26
2015.04.22 08:12:31.869,7.85897,7.86163,1.00,1.26
2015.04.22 08:12:31.919,7.85916,7.86118,1.00,1.19
2015.04.22 08:12:32.139,7.85895,7.86118,1.00,1.19
2015.04.22 08:12:32.190,7.85895,7.86108,1.00,1.86
2015.04.22 08:12:32.496,7.85892,7.86108,1.00,1.86
2015.04.22 08:12:32.880,7.85892,7.86098,1.00,1.94
2015.04.22 08:12:32.930,7.8589,7.86108,1.00,2.24
2015.04.22 08:12:34.001,7.85891,7.86077,1.00,1.37
2015.04.22 08:12:34.802,7.8589,7.86078,1.00,1.37
2015.04.22 08:12:36.924,7.8589,7.86078,1.00,1.56
2015.04.22 08:12:37.076,7.85881,7.86057,1.00,1.19
2015.04.22 08:12:37.177,7.85819,7.86086,1.00,1.94
2015.04.22 08:12:37.228,7.85819,7.86086,1.00,1.94
2015.04.22 08:12:37.575,7.85819,7.86086,1.00,1.94
2015.04.22 08:12:37.876,7.85824,7.86068,1.00,1.94
2015.04.22 08:12:38.220,7.85868,7.86044,1.00,1.56
2015.04.22 08:12:38.517,7.85817,7.86056,1.00,1.94
2015.04.22 08:12:38.834,7.85843,7.8603,1.00,1.69
2015.04.22 08:12:39.878,7.85843,7.8603,1.00,1.07
2015.04.22 08:12:40.387,7.85844,7.86037,1.00,1.56
2015.04.22 08:12:41.025,7.85843,7.8606,1.00,1.94
2015.04.22 08:12:41.178,7.85862,7.86038,1.00,1.56
2015.04.22 08:12:41.380,7.85814,7.86016,1.30,1.31
2015.04.22 08:12:41.431,7.85814,7.86011,1.30,1.31
2015.04.22 08:12:41.532,7.85734,7.85966,1.30,1.94
2015.04.22 08:12:41.583,7.85744,7.85991,1.00,2.00
2015.04.22 08:12:41.684,7.85744,7.85965,1.00,1.00
2015.04.22 08:12:41.735,7.85779,7.85965,1.00,1.19
2015.04.22 08:12:41.837,7.85691,7.85936,1.12,1.19
2015.04.22 08:12:41.938,7.85706,7.85936,1.00,1.19
2015.04.22 08:12:42.039,7.85675,7.85961,2.47,1.19
2015.04.22 08:12:42.191,7.85675,7.85909,2.05,1.00
2015.04.22 08:12:42.506,7.85675,7.85909,2.05,1.19
2015.04.22 08:12:42.557,7.85675,7.85909,1.30,1.19
2015.04.22 08:12:42.659,7.85675,7.8588,1.30,1.00
2015.04.22 08:12:43.587,7.85675,7.85906,1.30,1.19
2015.04.22 08:12:43.638,7.85675,7.85906,1.30,1.00
2015.04.22 08:12:43.790,7.85827,7.85957,1.00,1.00
2015.04.22 08:12:43.891,7.85783,7.85928,1.00,1.00
2015.04.22 08:12:43.993,7.85767,7.85928,1.30,1.00
2015.04.22 08:12:44.245,7.85767,7.86019,1.30,1.19
2015.04.22 08:12:44.347,7.85767,7.85956,1.30,1.00
2015.04.22 08:12:44.448,7.85767,7.85986,1.30,1.19
2015.04.22 08:12:44.600,7.85717,7.85964,1.75,1.00
2015.04.22 08:12:44.802,7.85715,7.85956,1.75,1.00
2015.04.22 08:12:44.906,7.85715,7.85964,1.75,1.00
2015.04.22 08:12:45.021,7.85715,7.85961,1.75,1.00
2015.04.22 08:12:45.324,7.85727,7.85964,1.37,1.00
2015.04.22 08:12:45.577,7.85727,7.85964,1.37,1.19
2015.04.22 08:12:45.628,7.85705,7.85964,1.37,1.19
2015.04.22 08:12:46.083,7.85705,7.85907,1.30,1.00
2015.04.22 08:12:46.297,7.85712,7.85946,1.00,1.19
2015.04.22 08:12:46.398,7.85712,7.85946,1.37,1.19
2015.04.22 08:12:46.499,7.85706,7.85946,1.00,1.19
2015.04.22 08:12:46.831,7.85708,7.85946,1.00,1.19
2015.04.22 08:12:47.157,7.85713,7.85946,1.00,1.19
2015.04.22 08:12:47.663,7.85713,7.8592,1.00,1.00
2015.04.22 08:12:48.209,7.85714,7.8592,1.00,1.00
2015.04.22 08:12:48.513,7.85716,7.8592,1.00,1.00
2015.04.22 08:12:48.768,7.85719,7.85948,1.00,1.00
2015.04.22 08:12:48.895,7.85719,7.85948,1.37,1.00
2015.04.22 08:12:49.115,7.85717,7.85948,1.00,1.00
2015.04.22 08:12:49.692,7.85713,7.85948,1.00,1.00
2015.04.22 08:12:50.113,7.85717,7.85948,1.00,1.00
2015.04.22 08:12:50.366,7.85724,7.85973,1.00,1.00
2015.04.22 08:12:50.468,7.85745,7.85973,1.00,1.00
2015.04.22 08:12:50.772,7.85722,7.85997,1.37,1.49
2015.04.22 08:12:50.875,7.85722,7.85997,1.00,1.56
2015.04.22 08:12:51.357,7.85705,7.85975,1.35,1.19
2015.04.22 08:12:51.569,7.85705,7.85975,1.30,1.19
2015.04.22 08:12:51.898,7.85705,7.85943,1.37,1.19
2015.04.22 08:12:52.700,7.85705,7.85973,1.37,1.19
2015.04.22 08:12:53.220,7.85705,7.85942,1.37,1.00
2015.04.22 08:12:53.637,7.85722,7.85943,1.00,1.00
2015.04.22 08:12:53.943,7.85762,7.85997,1.00,1.30
2015.04.22 08:12:54.094,7.85769,7.85997,1.00,1.30
2015.04.22 08:12:54.809,7.85772,7.85997,1.00,1.30
2015.04.22 08:12:55.149,7.8578,7.85997,1.07,1.30
2015.04.22 08:12:55.401,7.85768,7.85997,1.00,1.30
2015.04.22 08:12:55.706,7.8579,7.85997,1.00,1.30
2015.04.22 08:12:56.010,7.85797,7.85997,1.37,1.30
2015.04.22 08:12:56.061,7.85809,7.85997,1.00,1.30
2015.04.22 08:12:56.162,7.85792,7.85997,1.00,1.30
2015.04.22 08:12:56.414,7.85798,7.85997,1.00,1.30
2015.04.22 08:12:56.617,7.85784,7.85997,1.00,1.30
2015.04.22 08:12:57.373,7.85784,7.85981,1.00,1.00
2015.04.22 08:12:57.576,7.85747,7.85955,1.00,1.19
2015.04.22 08:12:57.729,7.85745,7.85955,1.00,1.19
2015.04.22 08:12:57.830,7.85745,7.85955,1.00,1.00
2015.04.22 08:12:58.706,7.85747,7.85955,1.00,1.00
2015.04.22 08:12:59.045,7.8575,7.85955,1.00,1.00
2015.04.22 08:12:59.636,7.8575,7.85946,1.00,1.00
2015.04.22 08:12:59.687,7.85706,7.85946,1.37,1.00
2015.04.22 08:12:59.738,7.85706,7.85955,1.37,1.00
2015.04.22 08:12:59.940,7.85706,7.85955,1.07,1.00
2015.04.22 08:13:00.092,7.85705,7.85929,1.35,1.00
2015.04.22 08:13:00.395,7.85676,7.85903,1.75,1.00
2015.04.22 08:13:00.497,7.85654,7.85903,1.37,1.19
2015.04.22 08:13:00.598,7.85654,7.85903,1.75,1.19
2015.04.22 08:13:00.800,7.85642,7.85903,1.75,1.19
2015.04.22 08:13:00.851,7.85662,7.85903,1.37,1.00
2015.04.22 08:13:00.902,7.85672,7.85934,1.07,1.19
2015.04.22 08:13:00.953,7.85672,7.85935,1.57,1.30
2015.04.22 08:13:01.003,7.85694,7.85935,1.75,1.30
2015.04.22 08:13:01.344,7.85703,7.85916,1.37,1.00
2015.04.22 08:13:01.395,7.85703,7.85935,1.37,1.30
2015.04.22 08:13:01.636,7.85702,7.85926,1.37,1.00
2015.04.22 08:13:01.738,7.85705,7.85935,1.37,1.30
2015.04.22 08:13:02.391,7.85702,7.85926,1.37,1.00
2015.04.22 08:13:02.492,7.85703,7.85935,1.37,1.30
2015.04.22 08:13:02.593,7.85702,7.85916,1.37,1.00
2015.04.22 08:13:02.745,7.85701,7.85931,1.50,1.00
2015.04.22 08:13:03.026,7.85701,7.85906,1.50,1.00
2015.04.22 08:13:03.190,7.85701,7.85928,1.50,1.00
2015.04.22 08:13:03.241,7.85701,7.85928,1.50,1.19
2015.04.22 08:13:03.342,7.85701,7.85903,1.00,1.19
2015.04.22 08:13:03.444,7.85693,7.85903,1.00,1.19
2015.04.22 08:13:03.546,7.85663,7.85903,1.07,1.19
2015.04.22 08:13:04.218,7.85652,7.85911,1.07,1.19
2015.04.22 08:13:04.319,7.85656,7.85935,1.12,1.49
2015.04.22 08:13:05.250,7.85653,7.85896,1.75,1.19
2015.04.22 08:13:05.405,7.85651,7.85896,1.07,1.19
2015.04.22 08:13:05.847,7.85651,7.85922,1.00,1.29
2015.04.22 08:13:05.898,7.85641,7.85911,1.30,1.19
2015.04.22 08:13:06.255,7.85641,7.85911,1.30,1.26
2015.04.22 08:13:06.356,7.85602,7.85874,1.75,1.49
2015.04.22 08:13:06.407,7.85602,7.85874,1.37,1.49
2015.04.22 08:13:06.587,7.85622,7.85874,1.00,1.49
2015.04.22 08:13:07.056,7.85624,7.85874,1.37,1.49
2015.04.22 08:13:07.859,7.85643,7.85874,1.00,1.49
2015.04.22 08:13:07.961,7.85652,7.85926,1.00,1.26
2015.04.22 08:13:08.464,7.85651,7.85926,1.00,1.26
2015.04.22 08:13:08.813,7.85678,7.85937,1.00,1.86
2015.04.22 08:13:08.965,7.85678,7.85937,1.00,1.67
2015.04.22 08:13:09.067,7.85678,7.85937,1.07,1.30
2015.04.22 08:13:09.346,7.85678,7.85926,1.07,1.00
2015.04.22 08:13:09.674,7.85678,7.85937,1.07,1.30
2015.04.22 08:13:10.047,7.85678,7.85916,1.07,1.00
2015.04.22 08:13:11.104,7.85678,7.85937,1.07,1.49
2015.04.22 08:13:11.265,7.85678,7.85916,1.45,1.00
2015.04.22 08:13:11.568,7.85682,7.85905,1.20,1.00
2015.04.22 08:13:11.873,7.85693,7.85937,1.82,1.49
2015.04.22 08:13:11.981,7.85707,7.85965,1.30,1.19
2015.04.22 08:13:12.032,7.85707,7.85936,1.30,1.00
2015.04.22 08:13:12.377,7.85707,7.85965,1.37,1.19
2015.04.22 08:13:12.907,7.85707,7.85928,1.37,1.00
2015.04.22 08:13:13.116,7.85707,7.85991,2.12,1.19
2015.04.22 08:13:13.338,7.85707,7.85928,1.75,1.00
2015.04.22 08:13:13.415,7.85707,7.85991,1.75,1.19
2015.04.22 08:13:13.787,7.85707,7.85991,1.75,1.19
2015.04.22 08:13:13.992,7.85707,7.85938,1.75,1.00
2015.04.22 08:13:14.307,7.8573,7.85958,1.00,1.00
2015.04.22 08:13:14.408,7.8573,7.85947,1.00,1.00
2015.04.22 08:13:14.647,7.8573,7.86001,1.07,1.56
2015.04.22 08:13:14.769,7.8573,7.85958,1.07,1.00
2015.04.22 08:13:14.870,7.8573,7.86,1.07,1.29
2015.04.22 08:13:15.005,7.8573,7.85968,1.75,1.00
2015.04.22 08:13:15.335,7.85768,7.86016,1.30,1.26
2015.04.22 08:13:15.642,7.85768,7.85978,1.37,1.19
2015.04.22 08:13:15.945,7.85768,7.85978,1.37,1.00
2015.04.22 08:13:16.055,7.85768,7.86016,1.37,1.19
2015.04.22 08:13:16.386,7.85768,7.85968,1.37,1.00
2015.04.22 08:13:16.544,7.85768,7.86016,1.37,1.19
2015.04.22 08:13:16.766,7.85768,7.85978,1.30,1.00
2015.04.22 08:13:16.935,7.85768,7.86016,1.30,1.26
2015.04.22 08:13:17.046,7.85768,7.85968,1.30,1.00
2015.04.22 08:13:17.837,7.85768,7.86013,1.30,1.26
2015.04.22 08:13:17.888,7.85768,7.86013,1.30,1.26
2015.04.22 08:13:18.237,7.85768,7.85978,1.30,1.00
2015.04.22 08:13:18.474,7.85768,7.86016,1.30,1.26
2015.04.22 08:13:18.694,7.85768,7.85947,1.30,1.00
2015.04.22 08:13:19.116,7.85723,7.85907,1.75,1.00
2015.04.22 08:13:19.167,7.85722,7.85907,1.00,1.00
2015.04.22 08:13:19.218,7.85722,7.85886,1.00,1.19
2015.04.22 08:13:19.269,7.85635,7.85886,2.05,1.26
2015.04.22 08:13:19.319,7.85635,7.85886,2.05,1.26
2015.04.22 08:13:19.370,7.85635,7.85886,2.05,1.26
2015.04.22 08:13:19.522,7.85635,7.85886,2.05,1.56
2015.04.22 08:13:19.623,7.85642,7.85886,1.75,1.56
2015.04.22 08:13:19.734,7.85642,7.85886,1.75,1.19
2015.04.22 08:13:19.835,7.85656,7.85928,1.37,1.19
2015.04.22 08:13:19.937,7.85656,7.85903,1.75,1.19
2015.04.22 08:13:20.306,7.85683,7.85902,1.75,1.19
2015.04.22 08:13:20.827,7.85658,7.85919,1.75,1.19
2015.04.22 08:13:20.943,7.85658,7.85919,1.37,1.19
2015.04.22 08:13:21.936,7.85635,7.85868,2.05,1.19
2015.04.22 08:13:22.049,7.85635,7.85868,1.30,1.19
2015.04.22 08:13:22.100,7.85635,7.85868,1.30,1.19
2015.04.22 08:13:22.302,7.8557,7.85828,1.37,1.19
2015.04.22 08:13:22.505,7.85567,7.85818,1.67,1.19
2015.04.22 08:13:22.556,7.85567,7.85818,1.30,1.19
2015.04.22 08:13:23.418,7.85567,7.8583,1.30,1.19
2015.04.22 08:13:23.682,7.85573,7.8583,1.00,1.19
2015.04.22 08:13:23.783,7.85568,7.85825,1.00,1.19
2015.04.22 08:13:23.885,7.856,7.85855,1.00,1.69
2015.04.22 08:13:24.036,7.85578,7.8582,1.00,1.19
2015.04.22 08:13:24.087,7.856,7.85854,1.00,1.19
2015.04.22 08:13:24.242,7.85578,7.85821,1.00,1.19
2015.04.22 08:13:24.465,7.856,7.85798,1.00,1.19
2015.04.22 08:13:26.354,7.856,7.85798,1.00,1.19
2015.04.22 08:13:27.386,7.85594,7.85798,1.00,1.19
2015.04.22 08:13:28.223,7.85595,7.85797,1.00,1.19
2015.04.22 08:13:28.335,7.85595,7.85797,1.00,1.19
2015.04.22 08:13:29.066,7.856,7.85827,1.00,1.19
2015.04.22 08:13:30.120,7.856,7.85788,1.00,1.19
2015.04.22 08:13:31.477,7.8558,7.85788,1.00,1.19
2015.04.22 08:13:31.578,7.85576,7.85778,1.00,1.00
2015.04.22 08:13:31.724,7.85576,7.85778,1.00,1.19
2015.04.22 08:13:31.825,7.85567,7.85791,1.30,1.19
2015.04.22 08:13:31.927,7.85581,7.85768,1.00,1.19
2015.04.22 08:13:32.651,7.85582,7.85777,1.00,1.19
2015.04.22 08:13:33.174,7.85581,7.85768,1.00,1.19
2015.04.22 08:13:33.868,7.85581,7.85768,1.00,1.19
2015.04.22 08:13:34.256,7.85581,7.85768,1.00,1.19
2015.04.22 08:13:34.357,7.85567,7.85818,1.30,1.19
2015.04.22 08:13:34.425,7.8559,7.85777,1.00,1.19
2015.04.22 08:13:34.476,7.8559,7.85777,1.00,1.19
2015.04.22 08:13:34.907,7.85568,7.85828,1.00,1.19
2015.04.22 08:13:34.975,7.85595,7.85778,1.00,1.19
2015.04.22 08:13:35.286,7.85602,7.85788,1.00,1.19
2015.04.22 08:13:35.337,7.85602,7.85788,1.00,1.25
2015.04.22 08:13:36.266,7.85603,7.85797,1.00,1.19
2015.04.22 08:13:36.845,7.85591,7.85788,1.00,1.25
2015.04.22 08:13:37.270,7.85591,7.85788,1.00,1.19
2015.04.22 08:13:37.615,7.85574,7.85838,1.00,1.19
2015.04.22 08:13:37.772,7.85599,7.85788,1.00,1.19
2015.04.22 08:13:38.275,7.856,7.85797,1.00,1.19
2015.04.22 08:13:38.641,7.85604,7.85788,1.00,1.19
2015.04.22 08:13:39.317,7.85604,7.85798,1.00,1.19
2015.04.22 08:13:39.545,7.85604,7.85798,1.00,1.00
2015.04.22 08:13:40.525,7.85584,7.85838,1.00,1.19
2015.04.22 08:13:40.576,7.85584,7.85773,1.00,1.00
2015.04.22 08:13:40.879,7.85417,7.85648,1.75,1.00
2015.04.22 08:13:40.929,7.85412,7.85648,1.75,1.00
2015.04.22 08:13:40.980,7.85412,7.85648,1.75,1.19
2015.04.22 08:13:41.081,7.85416,7.85666,1.75,1.49
2015.04.22 08:13:41.183,7.85421,7.85666,1.00,1.30
2015.04.22 08:13:41.284,7.85436,7.85668,1.00,1.60
2015.04.22 08:13:41.398,7.85444,7.85697,1.00,1.19
2015.04.22 08:13:41.824,7.85446,7.85708,1.00,2.54
2015.04.22 08:13:41.986,7.85448,7.85708,1.37,1.79
2015.04.22 08:13:42.188,7.85445,7.85708,1.37,1.79
2015.04.22 08:13:42.506,7.85472,7.85708,1.00,1.79
2015.04.22 08:13:42.708,7.85445,7.85708,1.00,1.79
2015.04.22 08:13:43.006,7.85445,7.85708,1.00,1.79
2015.04.22 08:13:43.107,7.85452,7.85708,1.00,1.79
2015.04.22 08:13:43.417,7.85493,7.85703,1.30,1.19
2015.04.22 08:13:43.774,7.85493,7.85699,1.30,1.00
2015.04.22 08:13:43.825,7.85493,7.85708,1.30,2.54
2015.04.22 08:13:43.875,7.85493,7.85708,1.30,2.54
2015.04.22 08:13:44.668,7.85493,7.85688,1.30,1.19
2015.04.22 08:13:44.971,7.85425,7.85518,1.30,1.00
2015.04.22 08:13:45.022,7.85425,7.85528,1.30,1.00
2015.04.22 08:13:45.275,7.85425,7.85527,1.30,1.19
2015.04.22 08:13:45.376,7.85354,7.85528,1.30,1.19
2015.04.22 08:13:45.427,7.85354,7.85478,1.30,1.00
2015.04.22 08:13:45.579,7.85294,7.85478,1.30,1.19
2015.04.22 08:13:45.781,7.85294,7.85457,1.30,1.19
2015.04.22 08:13:45.983,7.85234,7.85398,1.30,1.19
2015.04.22 08:13:46.085,7.85234,7.85398,1.30,1.19
2015.04.22 08:13:46.244,7.85169,7.85398,1.30,1.19
2015.04.22 08:13:46.295,7.85169,7.85387,1.30,1.19
2015.04.22 08:13:46.549,7.85107,7.85327,1.30,1.19
2015.04.22 08:13:46.706,7.85107,7.85296,1.30,1.19
2015.04.22 08:13:46.965,7.85047,7.8527,1.30,1.19
2015.04.22 08:13:47.116,7.85047,7.8527,1.30,1.19
2015.04.22 08:13:47.597,7.85047,7.85209,1.30,1.19
2015.04.22 08:13:47.698,7.84976,7.85209,1.30,1.19
2015.04.22 08:13:48.117,7.84976,7.85209,1.30,1.19
2015.04.22 08:13:49.129,7.84976,7.85172,1.30,1.19
2015.04.22 08:13:49.180,7.84916,7.85172,1.30,1.19
2015.04.22 08:13:49.331,7.84916,7.85172,1.30,1.19
2015.04.22 08:13:51.111,7.84916,7.85198,1.30,1.19
2015.04.22 08:13:52.018,7.84916,7.85162,1.30,1.19
2015.04.22 08:13:52.299,7.84916,7.85162,1.30,1.19
2015.04.22 08:13:52.501,7.84922,7.85198,1.75,1.79
2015.04.22 08:13:52.602,7.84919,7.85198,1.75,1.60
2015.04.22 08:13:52.653,7.84919,7.85205,1.75,1.19
2015.04.22 08:13:52.704,7.84925,7.85205,1.75,1.19
2015.04.22 08:13:52.957,7.84925,7.85205,1.75,1.19
2015.04.22 08:13:53.175,7.8493,7.85205,1.75,1.19
2015.04.22 08:13:54.225,7.84954,7.85205,1.00,1.19
2015.04.22 08:13:54.589,7.84975,7.85205,1.30,1.19
2015.04.22 08:13:54.640,7.84975,7.85205,1.30,1.00
2015.04.22 08:13:54.926,7.84975,7.85205,2.05,1.00
2015.04.22 08:13:55.230,7.85166,7.85278,1.35,1.60
2015.04.22 08:13:55.281,7.85206,7.85457,1.90,1.30
2015.04.22 08:13:55.332,7.85206,7.85477,1.49,1.00
2015.04.22 08:13:55.433,7.8523,7.855,1.00,1.86
2015.04.22 08:13:55.746,7.85206,7.85437,1.30,1.56
2015.04.22 08:13:55.898,7.85147,7.85384,1.30,1.00
2015.04.22 08:13:55.949,7.85147,7.85384,1.30,1.19
2015.04.22 08:13:56.252,7.85147,7.85386,1.67,1.19
2015.04.22 08:13:57.465,7.85147,7.85386,2.05,1.19
2015.04.22 08:13:58.109,7.85147,7.85381,2.05,1.19
2015.04.22 08:13:58.650,7.85201,7.85433,2.47,1.00
2015.04.22 08:13:58.701,7.85249,7.85513,1.60,1.49
2015.04.22 08:13:58.802,7.85278,7.85513,1.00,1.30
2015.04.22 08:13:58.903,7.85279,7.85539,1.30,1.00
2015.04.22 08:13:58.954,7.85279,7.85539,1.30,1.19
2015.04.22 08:13:59.107,7.85211,7.85456,1.30,1.19
2015.04.22 08:13:59.208,7.85211,7.85456,2.05,1.00
2015.04.22 08:13:59.519,7.85211,7.85425,2.05,1.00
2015.04.22 08:13:59.671,7.85211,7.85425,2.05,1.00
2015.04.22 08:13:59.722,7.85211,7.85452,2.05,1.00
2015.04.22 08:14:00.261,7.85211,7.85452,2.05,1.00
2015.04.22 08:14:00.969,7.85211,7.85452,2.05,1.00
2015.04.22 08:14:01.620,7.85211,7.85426,2.05,1.00
2015.04.22 08:14:01.755,7.85211,7.85426,1.67,1.00
2015.04.22 08:14:02.719,7.85211,7.85426,1.37,1.00
2015.04.22 08:14:04.556,7.85211,7.85426,1.37,1.19
2015.04.22 08:14:04.859,7.85146,7.854,1.30,1.19
2015.04.22 08:14:05.265,7.85146,7.85336,1.30,1.19
2015.04.22 08:14:05.417,7.85084,7.85296,1.30,1.19
2015.04.22 08:14:05.670,7.85084,7.85268,1.30,1.19
2015.04.22 08:14:06.077,7.85084,7.85242,1.30,1.19
2015.04.22 08:14:06.128,7.8502,7.85218,1.30,1.25
2015.04.22 08:14:06.280,7.8502,7.85218,1.30,1.19
2015.04.22 08:14:07.084,7.8502,7.85218,1.30,1.19
2015.04.22 08:14:08.339,7.8502,7.85189,1.30,1.00
2015.04.22 08:14:08.547,7.8496,7.85189,1.30,1.00
2015.04.22 08:14:08.850,7.8496,7.85189,1.30,1.19
2015.04.22 08:14:09.665,7.8496,7.85189,1.30,1.19
2015.04.22 08:14:09.968,7.84899,7.85157,1.30,1.19
2015.04.22 08:14:10.018,7.84899,7.85116,1.30,1.00
2015.04.22 08:14:10.885,7.84899,7.85116,1.30,1.19
2015.04.22 08:14:11.138,7.84839,7.85056,1.30,1.19
2015.04.22 08:14:11.239,7.84839,7.85022,1.30,1.00
2015.04.22 08:14:11.442,7.8478,7.84995,1.30,1.00
2015.04.22 08:14:12.270,7.8478,7.84995,1.30,1.19
2015.04.22 08:14:12.572,7.8472,7.84969,1.30,1.19
2015.04.22 08:14:12.876,7.8472,7.84969,1.30,1.19
2015.04.22 08:14:13.179,7.8466,7.84931,1.30,1.19
2015.04.22 08:14:13.231,7.8466,7.84905,1.30,1.00
2015.04.22 08:14:13.565,7.8466,7.84905,1.30,1.19
2015.04.22 08:14:15.265,7.84759,7.84878,1.30,1.00
2015.04.22 08:14:15.417,7.84807,7.84997,1.00,1.60
2015.04.22 08:14:15.468,7.84832,7.84997,1.30,1.60
2015.04.22 08:14:15.519,7.84895,7.85089,1.00,1.00
2015.04.22 08:14:15.620,7.849,7.85179,1.30,1.00
2015.04.22 08:14:15.721,7.84919,7.85194,1.00,1.30
2015.04.22 08:14:16.024,7.8496,7.85232,1.49,1.00
2015.04.22 08:14:16.377,7.8496,7.85232,1.30,1.19
2015.04.22 08:14:16.897,7.8496,7.85232,1.30,1.94
2015.04.22 08:14:17.169,7.849,7.85181,1.30,1.19
2015.04.22 08:14:17.320,7.849,7.85154,1.30,1.00
2015.04.22 08:14:17.635,7.849,7.8514,1.30,1.19
2015.04.22 08:14:17.786,7.84844,7.85128,1.00,1.19
2015.04.22 08:14:17.888,7.84839,7.85103,1.30,1.19
2015.04.22 08:14:18.206,7.84839,7.85077,1.30,1.19
2015.04.22 08:14:18.257,7.84819,7.85047,1.30,1.19
2015.04.22 08:14:18.308,7.84775,7.85047,1.30,1.19
2015.04.22 08:14:18.409,7.84775,7.8502,1.30,1.19
2015.04.22 08:14:18.560,7.84704,7.8496,1.30,1.19
2015.04.22 08:14:18.712,7.84704,7.8493,1.30,1.00
2015.04.22 08:14:19.015,7.84704,7.8493,1.30,1.19
2015.04.22 08:14:19.420,7.84704,7.84902,1.30,1.19
2015.04.22 08:14:19.470,7.84643,7.84902,1.30,1.19
2015.04.22 08:14:19.521,7.84643,7.84874,1.30,1.00
2015.04.22 08:14:19.845,7.84643,7.84844,1.30,1.00
2015.04.22 08:14:20.047,7.84623,7.84844,1.30,1.19
2015.04.22 08:14:20.098,7.84584,7.84844,1.30,1.19
2015.04.22 08:14:20.400,7.84584,7.8484,1.30,1.19
2015.04.22 08:14:20.784,7.84584,7.8484,1.30,1.19
2015.04.22 08:14:21.105,7.84584,7.8484,1.30,1.19
2015.04.22 08:14:21.425,7.84584,7.84801,1.30,1.19
2015.04.22 08:14:21.475,7.84517,7.84801,1.00,1.19
2015.04.22 08:14:21.526,7.84513,7.84755,1.30,1.00
2015.04.22 08:14:22.328,7.84513,7.84755,1.30,1.19
2015.04.22 08:14:22.632,7.84649,7.84892,1.00,1.37
2015.04.22 08:14:22.683,7.84671,7.84948,1.30,1.94
2015.04.22 08:14:22.733,7.84671,7.84948,1.30,1.00
2015.04.22 08:14:22.784,7.84671,7.84954,1.30,1.00
2015.04.22 08:14:22.835,7.84706,7.84965,1.75,1.30
2015.04.22 08:14:22.885,7.84736,7.85011,2.05,1.00
2015.04.22 08:14:22.936,7.84736,7.84968,2.05,1.19
2015.04.22 08:14:22.987,7.84736,7.84968,1.30,1.94
2015.04.22 08:14:23.088,7.84677,7.84928,1.72,1.94
2015.04.22 08:14:23.139,7.84677,7.84892,1.30,1.19
2015.04.22 08:14:23.290,7.84602,7.84892,1.30,1.19
2015.04.22 08:14:23.341,7.84602,7.84852,1.30,1.19
2015.04.22 08:14:23.666,7.84581,7.84777,1.30,1.00
2015.04.22 08:14:23.717,7.84534,7.84777,1.30,1.19
2015.04.22 08:14:23.944,7.84534,7.84747,1.30,1.00
2015.04.22 08:14:24.303,7.84534,7.84747,1.30,1.19
2015.04.22 08:14:24.555,7.84514,7.84747,1.30,1.19
2015.04.22 08:14:24.606,7.84465,7.84747,1.30,1.19
2015.04.22 08:14:24.707,7.84465,7.84716,1.30,1.19
2015.04.22 08:14:25.010,7.84406,7.8466,1.30,1.19
2015.04.22 08:14:25.061,7.84386,7.84602,1.30,1.19
2015.04.22 08:14:25.112,7.84337,7.84602,1.30,1.19
2015.04.22 08:14:25.213,7.84337,7.84574,1.30,1.19
2015.04.22 08:14:25.488,7.84296,7.84568,1.00,1.49
2015.04.22 08:14:25.539,7.84275,7.84568,1.30,1.49
2015.04.22 08:14:26.924,7.84275,7.84542,1.30,1.19
2015.04.22 08:14:27.266,7.84255,7.84507,1.30,1.49
2015.04.22 08:14:27.316,7.84213,7.84507,1.30,1.49
2015.04.22 08:14:27.676,7.84193,7.84445,1.30,1.49
2015.04.22 08:14:27.727,7.84178,7.84445,1.00,1.49
2015.04.22 08:14:27.829,7.84151,7.84445,1.30,1.49
2015.04.22 08:14:28.410,7.84247,7.84422,1.30,1.19
2015.04.22 08:14:28.663,7.84247,7.84538,1.30,1.75
2015.04.22 08:14:28.714,7.84247,7.84538,1.49,1.00
2015.04.22 08:14:28.764,7.84276,7.84541,1.19,1.30
2015.04.22 08:14:28.865,7.84309,7.84541,1.19,1.30
2015.04.22 08:14:28.916,7.8432,7.84614,1.49,1.72
2015.04.22 08:14:29.118,7.84336,7.84614,1.00,1.30
2015.04.22 08:14:29.169,7.84365,7.84614,1.00,1.30
2015.04.22 08:14:29.471,7.84336,7.84614,1.75,1.30
2015.04.22 08:14:29.724,7.84336,7.84614,1.75,1.49
2015.04.22 08:14:31.281,7.84383,7.84634,1.30,1.49
2015.04.22 08:14:31.727,7.84383,7.84641,1.37,1.19
2015.04.22 08:14:33.563,7.84383,7.84641,1.30,1.19
2015.04.22 08:14:33.765,7.84383,7.84641,1.30,1.19
2015.04.22 08:14:34.157,7.84383,7.84672,1.30,1.00
2015.04.22 08:14:34.310,7.84444,7.84671,1.30,1.00
2015.04.22 08:14:34.628,7.84444,7.84672,1.30,1.19
2015.04.22 08:14:36.558,7.84444,7.84672,1.30,1.19
2015.04.22 08:14:37.070,7.84444,7.847,1.30,1.00
2015.04.22 08:14:37.121,7.84444,7.847,2.05,1.00
2015.04.22 08:14:37.222,7.84444,7.847,2.05,1.00
2015.04.22 08:14:37.517,7.84444,7.847,2.05,1.00
2015.04.22 08:14:37.669,7.84444,7.847,1.05,1.00
2015.04.22 08:14:38.045,7.84444,7.84732,1.05,1.19
2015.04.22 08:14:38.878,7.84444,7.84732,2.05,1.19
2015.04.22 08:14:39.424,7.84504,7.84732,1.30,1.19
2015.04.22 08:14:39.575,7.84504,7.84732,1.30,1.00
2015.04.22 08:14:39.676,7.84504,7.84761,1.30,1.25
2015.04.22 08:14:39.727,7.84504,7.84761,2.05,1.25
2015.04.22 08:14:41.086,7.84504,7.8473,2.05,1.00
2015.04.22 08:14:41.187,7.84504,7.8473,2.05,1.00
2015.04.22 08:14:41.289,7.84504,7.8473,2.05,1.00
2015.04.22 08:14:41.390,7.8453,7.84798,1.12,1.16
2015.04.22 08:14:41.491,7.84578,7.84831,1.80,1.00
2015.04.22 08:14:41.592,7.84591,7.84872,1.00,1.30
2015.04.22 08:14:41.643,7.8464,7.84897,1.30,1.19
2015.04.22 08:14:41.694,7.8464,7.84897,1.30,1.00
2015.04.22 08:14:41.795,7.8464,7.84927,1.30,1.19
2015.04.22 08:14:42.055,7.8464,7.84927,1.30,1.19
2015.04.22 08:14:42.200,7.8464,7.84927,1.30,1.19
2015.04.22 08:14:42.251,7.8464,7.84927,2.05,1.19
2015.04.22 08:14:42.554,7.8464,7.84927,2.05,1.19
2015.04.22 08:14:42.712,7.8464,7.84927,2.05,1.19
2015.04.22 08:14:44.159,7.8464,7.84927,2.05,1.19
2015.04.22 08:14:44.466,7.8464,7.84927,2.05,1.19
2015.04.22 08:14:45.035,7.8464,7.84927,2.05,1.19
2015.04.22 08:14:45.237,7.8464,7.84927,2.05,1.19
2015.04.22 08:14:45.540,7.8464,7.84927,2.05,1.19
2015.04.22 08:14:45.874,7.8464,7.84927,2.05,1.19
2015.04.22 08:14:46.134,7.8464,7.84927,2.05,1.19
2015.04.22 08:14:46.295,7.8464,7.84927,2.05,1.19
2015.04.22 08:14:46.597,7.8477,7.84931,1.60,1.30
2015.04.22 08:14:46.648,7.8477,7.85047,1.60,1.49
2015.04.22 08:14:46.699,7.84798,7.85047,1.00,1.30
2015.04.22 08:14:46.750,7.84818,7.85103,1.30,1.75
2015.04.22 08:14:46.851,7.84879,7.85149,1.30,1.00
2015.04.22 08:14:46.952,7.84879,7.85173,1.30,1.37
2015.04.22 08:14:47.003,7.84879,7.85173,1.30,1.49
2015.04.22 08:14:47.316,7.8495,7.85206,2.05,1.19
2015.04.22 08:14:47.468,7.8495,7.85206,2.05,1.00
2015.04.22 08:14:48.395,7.8495,7.85236,2.05,1.00
2015.04.22 08:14:48.547,7.8495,7.85236,2.05,1.00
2015.04.22 08:14:51.378,7.85027,7.85307,1.31,1.30
2015.04.22 08:14:51.429,7.85075,7.8533,1.30,1.00
2015.04.22 08:14:51.480,7.85075,7.85357,1.30,1.60
2015.04.22 08:14:51.581,7.85095,7.85369,1.00,1.49
2015.04.22 08:14:51.885,7.85095,7.85369,1.94,1.30
2015.04.22 08:14:52.228,7.85135,7.85408,1.30,1.00
2015.04.22 08:14:52.381,7.85135,7.85408,2.05,1.00
2015.04.22 08:14:53.265,7.85135,7.85408,2.05,1.00
2015.04.22 08:14:53.366,7.85135,7.85408,1.67,1.00
2015.04.22 08:14:53.885,7.85135,7.85408,1.91,1.00
2015.04.22 08:14:54.054,7.85135,7.85408,2.24,1.00
2015.04.22 08:14:54.275,7.85135,7.85408,2.24,1.00
2015.04.22 08:14:55.579,7.85135,7.85382,2.24,1.00
2015.04.22 08:14:55.781,7.85135,7.85353,1.30,1.00
2015.04.22 08:14:55.882,7.85076,7.85353,1.30,1.00
2015.04.22 08:14:55.983,7.85076,7.85326,1.30,1.00
2015.04.22 08:14:56.295,7.85076,7.85301,1.30,1.00
2015.04.22 08:14:56.583,7.85015,7.85301,1.91,1.00
2015.04.22 08:14:56.785,7.85015,7.85275,1.49,1.00
2015.04.22 08:14:56.836,7.85015,7.85275,1.30,1.00
2015.04.22 08:14:57.422,7.85015,7.85233,1.30,1.00
2015.04.22 08:14:57.674,7.8495,7.85207,1.49,1.00
2015.04.22 08:14:57.725,7.8495,7.85179,1.49,1.00
2015.04.22 08:14:57.826,7.8495,7.85179,1.30,1.00
2015.04.22 08:14:58.290,7.8495,7.85153,1.30,1.00
2015.04.22 08:15:00.804,7.84892,7.85153,1.49,1.00
2015.04.22 08:15:01.203,7.84895,7.85181,1.19,1.00
2015.04.22 08:15:01.415,7.84892,7.85152,1.49,1.00
2015.04.22 08:15:01.753,7.84892,7.85152,1.30,1.19
2015.04.22 08:15:01.804,7.84892,7.85152,1.30,1.00
2015.04.22 08:15:01.905,7.84892,7.85125,1.30,1.00
2015.04.22 08:15:02.209,7.84892,7.85099,1.30,1.00
2015.04.22 08:15:02.563,7.84871,7.85099,1.30,1.00
2015.04.22 08:15:02.614,7.84827,7.85099,1.30,1.00
2015.04.22 08:15:02.916,7.84827,7.85057,1.30,1.00
2015.04.22 08:15:03.523,7.84827,7.85028,1.30,1.00
2015.04.22 08:15:03.624,7.84827,7.85058,1.30,1.00
2015.04.22 08:15:04.229,7.84827,7.85027,1.30,1.00
2015.04.22 08:15:04.331,7.84827,7.85061,1.30,1.00
2015.04.22 08:15:04.532,7.84827,7.85029,1.30,1.00
2015.04.22 08:15:04.634,7.84827,7.85058,1.30,1.00
2015.04.22 08:15:04.835,7.84827,7.85031,1.30,1.00
2015.04.22 08:15:04.936,7.84827,7.85061,1.30,1.00
2015.04.22 08:15:05.037,7.84827,7.85036,1.30,1.00
2015.04.22 08:15:05.139,7.84827,7.85064,1.30,1.00
2015.04.22 08:15:05.391,7.84827,7.85035,1.30,1.00
2015.04.22 08:15:05.492,7.84827,7.85062,1.30,1.00
2015.04.22 08:15:05.694,7.84827,7.85031,1.30,1.00
2015.04.22 08:15:05.897,7.84827,7.85059,1.30,1.00
2015.04.22 08:15:06.351,7.84827,7.85055,1.30,1.00
2015.04.22 08:15:06.553,7.84827,7.85059,1.30,1.00
2015.04.22 08:15:06.655,7.84827,7.85055,1.30,1.00
2015.04.22 08:15:06.806,7.84768,7.8504,1.30,1.00
2015.04.22 08:15:07.010,7.84768,7.85014,1.30,1.00
2015.04.22 08:15:07.594,7.84708,7.84985,1.30,1.00
2015.04.22 08:15:07.696,7.84708,7.84958,1.30,1.00
2015.04.22 08:15:07.999,7.84708,7.8493,1.30,1.00
2015.04.22 08:15:08.503,7.84708,7.84931,1.30,1.00
2015.04.22 08:15:08.705,7.84708,7.84935,1.30,1.00
2015.04.22 08:15:08.806,7.84708,7.8491,1.30,1.00
2015.04.22 08:15:09.008,7.84648,7.84911,1.30,1.00
2015.04.22 08:15:09.109,7.84648,7.84873,1.30,1.00
2015.04.22 08:15:09.210,7.84648,7.84902,1.30,1.00
2015.04.22 08:15:09.317,7.84648,7.84877,1.30,1.00
2015.04.22 08:15:09.419,7.84648,7.84905,1.30,1.00
2015.04.22 08:15:09.520,7.84648,7.84874,1.30,1.00
2015.04.22 08:15:09.621,7.84648,7.84902,1.30,1.00
2015.04.22 08:15:09.823,7.84648,7.84877,1.30,1.00
2015.04.22 08:15:09.925,7.84648,7.84902,1.30,1.00
2015.04.22 08:15:10.026,7.84648,7.84877,1.30,1.00
2015.04.22 08:15:10.228,7.84648,7.84904,1.30,1.00
2015.04.22 08:15:10.510,7.84648,7.84868,1.30,1.00
2015.04.22 08:15:10.712,7.84648,7.84893,1.30,1.00
2015.04.22 08:15:10.914,7.84648,7.84859,1.30,1.00
2015.04.22 08:15:11.015,7.84648,7.84896,1.30,1.00
2015.04.22 08:15:11.116,7.84648,7.84863,1.30,1.00
2015.04.22 08:15:11.419,7.84579,7.84863,1.30,1.00
2015.04.22 08:15:11.520,7.84579,7.84834,1.30,1.00
2015.04.22 08:15:11.622,7.84579,7.84859,1.30,1.00
2015.04.22 08:15:11.824,7.84579,7.84834,1.30,1.00
2015.04.22 08:15:11.925,7.84579,7.84859,1.49,1.00
2015.04.22 08:15:12.128,7.84579,7.84832,1.49,1.00
2015.04.22 08:15:12.229,7.84579,7.84834,1.49,1.00
2015.04.22 08:15:12.330,7.84579,7.84834,1.30,1.00
2015.04.22 08:15:12.938,7.84579,7.84798,1.30,1.00
2015.04.22 08:15:13.039,7.84579,7.84826,1.30,1.00
2015.04.22 08:15:13.241,7.84579,7.84828,1.30,1.00
2015.04.22 08:15:15.031,7.84579,7.84794,1.30,1.00
2015.04.22 08:15:15.333,7.84579,7.84768,1.30,1.00
2015.04.22 08:15:15.536,7.84505,7.84768,1.49,1.00
2015.04.22 08:15:15.587,7.84505,7.84768,1.30,1.00
2015.04.22 08:15:15.822,7.84505,7.84739,1.30,1.00
2015.04.22 08:15:16.127,7.84505,7.84681,1.30,1.00
2015.04.22 08:15:16.822,7.84442,7.84681,1.30,1.00
2015.04.22 08:15:17.836,7.84442,7.8465,1.30,1.00
2015.04.22 08:15:20.045,7.84383,7.84622,1.30,1.00
2015.04.22 08:15:25.022,7.84383,7.84626,1.30,1.00
2015.04.22 08:15:26.432,7.84383,7.84601,1.30,1.00
2015.04.22 08:15:27.755,7.84383,7.84575,1.30,1.00
2015.04.22 08:15:30.900,7.84363,7.84575,1.30,1.00
2015.04.22 08:15:30.952,7.84324,7.84567,1.30,1.00
2015.04.22 08:15:32.966,7.84324,7.84537,1.30,1.00
2015.04.22 08:15:33.219,7.84266,7.84537,1.30,1.00
2015.04.22 08:15:35.123,7.84266,7.84537,1.49,1.00
2015.04.22 08:15:36.112,7.84266,7.84537,1.49,1.00
2015.04.22 08:15:37.322,7.84266,7.84537,1.56,1.00
2015.04.22 08:15:37.613,7.84292,7.84537,1.19,1.00
2015.04.22 08:15:38.272,7.84266,7.84547,1.86,1.00
2015.04.22 08:15:38.936,7.84327,7.84547,1.49,1.00
2015.04.22 08:15:39.144,7.84327,7.84547,1.49,1.00
2015.04.22 08:15:40.138,7.84327,7.84547,1.49,1.00
2015.04.22 08:15:40.861,7.84327,7.84579,1.49,1.00
2015.04.22 08:15:41.123,7.84327,7.84579,1.30,1.00
2015.04.22 08:15:41.174,7.84327,7.8455,1.30,1.00
2015.04.22 08:15:41.571,7.84265,7.8455,1.30,1.00
2015.04.22 08:15:42.008,7.84265,7.8455,1.30,1.19
2015.04.22 08:15:43.435,7.84265,7.8455,1.30,1.25
2015.04.22 08:15:43.965,7.84265,7.8455,1.37,1.00
2015.04.22 08:15:44.218,7.84265,7.8455,1.30,1.00
2015.04.22 08:15:44.364,7.84274,7.84556,1.00,1.30
2015.04.22 08:15:44.667,7.84333,7.84577,1.30,1.00
2015.04.22 08:15:45.021,7.84333,7.8455,1.30,1.00
2015.04.22 08:15:45.550,7.84313,7.8455,1.30,1.00
2015.04.22 08:15:45.601,7.84271,7.8455,1.49,1.00
2015.04.22 08:15:46.123,7.84271,7.8455,1.49,1.00
2015.04.22 08:15:48.032,7.84271,7.8455,1.30,1.19
2015.04.22 08:15:49.352,7.84271,7.8455,1.30,1.00
2015.04.22 08:15:49.402,7.84271,7.84521,1.30,1.00
2015.04.22 08:15:50.062,7.84271,7.84493,1.30,1.00
2015.04.22 08:15:50.288,7.84205,7.84493,1.30,1.00
2015.04.22 08:15:50.568,7.84205,7.84466,1.30,1.00
2015.04.22 08:15:54.043,7.84205,7.84466,1.49,1.00
2015.04.22 08:15:54.094,7.84213,7.84499,1.00,1.30
2015.04.22 08:15:54.278,7.84205,7.84489,1.49,1.00
2015.04.22 08:15:54.645,7.84205,7.84489,1.30,1.00
2015.04.22 08:15:56.695,7.84205,7.84462,1.30,1.00
2015.04.22 08:15:59.719,7.84205,7.84471,1.30,1.00
2015.04.22 08:16:00.603,7.84247,7.84499,1.00,1.30
2015.04.22 08:16:00.705,7.84331,7.84596,1.00,1.30
2015.04.22 08:16:00.756,7.84369,7.84618,1.00,1.00
2015.04.22 08:16:00.807,7.84386,7.84661,1.00,1.30
2015.04.22 08:16:00.909,7.8441,7.84661,1.00,1.30
2015.04.22 08:16:00.959,7.84431,7.84696,1.30,1.00
2015.04.22 08:16:01.010,7.84431,7.84696,1.37,1.00
2015.04.22 08:16:01.314,7.84441,7.84708,1.94,1.60
2015.04.22 08:16:01.631,7.84441,7.84708,1.94,1.60
2015.04.22 08:16:01.682,7.84441,7.84725,1.94,1.30
2015.04.22 08:16:01.984,7.84441,7.84725,1.94,1.30
2015.04.22 08:16:02.035,7.84441,7.84725,1.26,1.30
2015.04.22 08:16:02.305,7.84431,7.84699,1.54,1.00
2015.04.22 08:16:02.456,7.84431,7.84675,1.30,1.00
2015.04.22 08:16:02.912,7.84431,7.84675,1.30,1.19
2015.04.22 08:16:03.586,7.84412,7.84622,1.30,1.30
2015.04.22 08:16:03.638,7.84349,7.84622,1.00,1.30
2015.04.22 08:16:03.688,7.84328,7.84579,1.30,1.00
2015.04.22 08:16:03.739,7.84308,7.84561,1.30,1.30
2015.04.22 08:16:03.790,7.84308,7.84515,1.30,1.19
2015.04.22 08:16:03.841,7.84268,7.84515,1.30,1.19
2015.04.22 08:16:03.891,7.84268,7.84489,1.30,1.94
2015.04.22 08:16:04.144,7.84208,7.84474,1.30,1.94
2015.04.22 08:16:04.776,7.84208,7.84474,1.30,1.00
2015.04.22 08:16:04.973,7.84208,7.84448,1.30,1.00
2015.04.22 08:16:05.125,7.84208,7.84475,1.49,1.00
2015.04.22 08:16:05.821,7.84208,7.84475,1.30,1.00
2015.04.22 08:16:05.922,7.84208,7.84442,1.30,1.00
2015.04.22 08:16:06.074,7.84143,7.84415,1.30,1.75
2015.04.22 08:16:06.175,7.84143,7.84385,1.30,1.75
2015.04.22 08:16:06.478,7.8408,7.84316,1.30,1.75
2015.04.22 08:16:06.781,7.8402,7.84289,1.30,1.75
2015.04.22 08:16:07.534,7.8402,7.84289,1.30,1.94
2015.04.22 08:16:08.793,7.84036,7.84314,1.00,1.49
2015.04.22 08:16:08.894,7.84167,7.84428,1.75,1.75
2015.04.22 08:16:08.945,7.84167,7.84437,1.75,1.30
2015.04.22 08:16:09.046,7.84167,7.84437,1.75,1.30
2015.04.22 08:16:09.097,7.84193,7.84437,1.94,1.30
2015.04.22 08:16:09.198,7.84218,7.84498,2.24,1.00
2015.04.22 08:16:09.315,7.84218,7.84498,2.24,1.37
2015.04.22 08:16:09.619,7.84222,7.84512,1.94,1.30
2015.04.22 08:16:09.821,7.84222,7.84512,1.75,1.30
2015.04.22 08:16:09.922,7.84251,7.84512,1.00,1.30
2015.04.22 08:16:09.973,7.84335,7.84556,1.30,1.00
2015.04.22 08:16:10.074,7.84222,7.84514,1.30,1.30
2015.04.22 08:16:10.497,7.84237,7.84514,1.00,1.30
2015.04.22 08:16:11.630,7.84222,7.84481,1.30,1.00
2015.04.22 08:16:11.933,7.84038,7.84265,1.30,1.00
2015.04.22 08:16:12.034,7.84038,7.84296,1.30,1.00
2015.04.22 08:16:12.135,7.84038,7.84296,2.05,1.00
2015.04.22 08:16:12.237,7.84038,7.84296,1.30,1.00
2015.04.22 08:16:12.703,7.84038,7.84264,1.30,1.00
2015.04.22 08:16:14.513,7.84038,7.84304,1.30,1.19
2015.04.22 08:16:15.241,7.84038,7.84304,1.30,1.00
2015.04.22 08:16:15.557,7.84038,7.84332,1.30,1.49
2015.04.22 08:16:15.962,7.84038,7.84332,1.30,2.24
2015.04.22 08:16:16.265,7.84038,7.84303,1.30,1.26
2015.04.22 08:16:18.449,7.84038,7.84275,1.30,1.19
2015.04.22 08:16:18.702,7.83974,7.84267,1.30,2.24
2015.04.22 08:16:19.833,7.83974,7.84234,1.30,1.75
2015.04.22 08:16:20.524,7.83974,7.84208,1.30,1.31
2015.04.22 08:16:20.947,7.84057,7.84301,1.75,1.00
2015.04.22 08:16:21.049,7.84057,7.84338,1.94,1.67
2015.04.22 08:16:21.151,7.84113,7.84339,1.49,1.75
2015.04.22 08:16:21.252,7.84086,7.84347,1.31,1.67
2015.04.22 08:16:21.372,7.84086,7.84308,1.31,1.60
2015.04.22 08:16:21.701,7.84102,7.84347,1.01,1.30
2015.04.22 08:16:22.183,7.84112,7.8438,1.49,1.00
2015.04.22 08:16:23.037,7.84112,7.8438,2.24,1.00
2015.04.22 08:16:23.139,7.84112,7.84406,2.24,1.30
2015.04.22 08:16:23.666,7.84112,7.84406,2.24,1.30
2015.04.22 08:16:23.970,7.84132,7.84406,1.94,1.30
2015.04.22 08:16:24.122,7.84184,7.84458,1.75,1.60
2015.04.22 08:16:24.172,7.84233,7.84458,1.49,1.60
2015.04.22 08:16:24.425,7.84261,7.84546,1.94,1.30
2015.04.22 08:16:24.476,7.84261,7.84546,1.94,1.30
2015.04.22 08:16:24.633,7.84313,7.84607,1.54,1.30
2015.04.22 08:16:24.683,7.84313,7.84607,2.24,1.30
2015.04.22 08:16:24.803,7.84313,7.84607,1.56,1.30
2015.04.22 08:16:24.854,7.84353,7.84607,1.30,1.30
2015.04.22 08:16:25.174,7.84373,7.84628,1.30,1.79
2015.04.22 08:16:25.541,7.84373,7.84628,1.67,1.79
2015.04.22 08:16:25.692,7.84373,7.84667,1.67,1.49
2015.04.22 08:16:25.808,7.84373,7.84667,2.05,1.49
2015.04.22 08:16:26.122,7.84373,7.84651,2.05,1.00
2015.04.22 08:16:26.310,7.84373,7.84651,1.30,1.75
2015.04.22 08:16:26.412,7.84373,7.84651,1.30,1.00
2015.04.22 08:16:26.942,7.84373,7.84644,1.30,1.00
2015.04.22 08:16:27.281,7.84373,7.84639,1.30,1.07
2015.04.22 08:16:27.583,7.84373,7.84639,1.30,1.26
2015.04.22 08:16:27.885,7.84316,7.84607,1.30,2.24
2015.04.22 08:16:28.138,7.84246,7.8454,1.30,2.24
2015.04.22 08:16:28.371,7.84246,7.84498,1.30,1.49
2015.04.22 08:16:28.421,7.84186,7.84478,1.00,1.30
2015.04.22 08:16:28.472,7.84184,7.84468,1.30,1.19
2015.04.22 08:16:30.092,7.84241,7.84469,1.30,1.75
2015.04.22 08:16:30.295,7.84262,7.84466,1.49,1.00
2015.04.22 08:16:30.396,7.84262,7.84446,1.49,1.00
2015.04.22 08:16:30.497,7.84262,7.84502,1.49,1.37
2015.04.22 08:16:30.950,7.84284,7.84553,1.00,1.30
2015.04.22 08:16:31.002,7.84302,7.84553,1.49,1.30
2015.04.22 08:16:31.053,7.84326,7.84615,1.00,1.49
2015.04.22 08:16:31.189,7.84323,7.84607,1.37,1.19
2015.04.22 08:16:31.492,7.84247,7.84539,1.30,2.24
2015.04.22 08:16:32.251,7.84247,7.84495,1.30,1.00
2015.04.22 08:16:32.453,7.84247,7.84526,1.30,1.19
2015.04.22 08:16:32.932,7.84247,7.84526,1.30,1.94
2015.04.22 08:16:33.157,7.84124,7.84368,1.49,1.00
2015.04.22 08:16:33.258,7.84061,7.84334,1.30,1.07
2015.04.22 08:16:33.360,7.84061,7.84296,1.30,1.75
2015.04.22 08:16:33.461,7.84061,7.84296,1.30,1.00
2015.04.22 08:16:33.663,7.84078,7.84328,1.00,1.19
2015.04.22 08:16:33.815,7.84061,7.84355,1.30,1.30
2015.04.22 08:16:33.865,7.84065,7.84355,1.00,1.30
2015.04.22 08:16:34.181,7.8412,7.84414,1.30,1.49
2015.04.22 08:16:34.539,7.8412,7.84414,1.30,2.24
2015.04.22 08:16:35.324,7.84282,7.84414,1.30,2.05
2015.04.22 08:16:35.444,7.8431,7.84574,1.00,1.74
2015.04.22 08:16:35.545,7.84344,7.84594,1.00,1.30
2015.04.22 08:16:35.657,7.84363,7.84657,1.30,1.30
2015.04.22 08:16:35.708,7.84363,7.84657,1.49,1.30
2015.04.22 08:16:36.277,7.84373,7.84657,1.00,1.30
2015.04.22 08:16:36.429,7.84373,7.84657,1.00,2.05
2015.04.22 08:16:36.479,7.84363,7.84657,1.30,2.05
2015.04.22 08:16:36.683,7.84363,7.84657,1.30,2.05
2015.04.22 08:16:37.240,7.84363,7.84638,1.30,1.94
2015.04.22 08:16:37.752,7.84363,7.84638,1.30,1.19
2015.04.22 08:16:37.803,7.84363,7.84638,1.30,1.19
2015.04.22 08:16:37.854,7.84343,7.84557,1.30,1.19
2015.04.22 08:16:37.955,7.84273,7.84496,1.30,1.00
2015.04.22 08:16:38.006,7.84273,7.84496,1.30,1.56
2015.04.22 08:16:38.056,7.84232,7.84465,1.30,1.00
2015.04.22 08:16:38.158,7.84211,7.84465,1.30,1.72
2015.04.22 08:16:38.208,7.84211,7.84465,1.30,2.66
2015.04.22 08:16:38.259,7.84171,7.84436,1.30,1.19
2015.04.22 08:16:39.074,7.84151,7.84406,1.30,1.56
2015.04.22 08:16:39.176,7.84113,7.84373,1.30,1.37
2015.04.22 08:16:39.227,7.84113,7.84373,1.30,1.56
2015.04.22 08:16:39.551,7.84113,7.84373,1.30,1.94
2015.04.22 08:16:39.730,7.84113,7.84373,1.30,1.94
2015.04.22 08:16:40.691,7.84093,7.8434,1.30,1.56
2015.04.22 08:16:40.742,7.84049,7.8434,1.30,1.94
2015.04.22 08:16:40.793,7.84029,7.84282,1.30,1.86
2015.04.22 08:16:40.844,7.83989,7.84282,1.30,2.24
2015.04.22 08:16:41.148,7.83922,7.84216,1.30,2.24
2015.04.22 08:16:41.590,7.83922,7.84216,1.30,2.24
2015.04.22 08:16:41.951,7.83922,7.84216,1.30,1.49
2015.04.22 08:16:42.103,7.83911,7.84042,1.00,1.30
2015.04.22 08:16:42.204,7.83843,7.84042,1.19,1.30
2015.04.22 08:16:42.305,7.83843,7.84042,1.00,1.30
2015.04.22 08:16:42.356,7.83858,7.84042,1.30,1.30
2015.04.22 08:16:42.494,7.8375,7.83969,1.30,1.00
2015.04.22 08:16:42.545,7.837,7.83969,1.30,1.19
2015.04.22 08:16:42.646,7.83713,7.83993,1.60,1.30
2015.04.22 08:16:42.697,7.83865,7.8411,1.00,1.30
2015.04.22 08:16:43.002,7.83935,7.84204,1.94,1.30
2015.04.22 08:16:43.103,7.83973,7.84256,2.24,1.00
2015.04.22 08:16:43.205,7.84038,7.84295,2.24,1.00
2015.04.22 08:16:43.256,7.84038,7.8429,2.24,1.00
2015.04.22 08:16:43.686,7.84038,7.8433,2.24,1.30
2015.04.22 08:16:44.469,7.84072,7.8433,1.56,1.30
2015.04.22 08:16:44.822,7.84097,7.84389,1.24,1.49
2015.04.22 08:16:45.285,7.84097,7.84227,1.24,1.30
2015.04.22 08:16:45.597,7.83924,7.84146,1.94,1.30
2015.04.22 08:16:45.702,7.83973,7.84264,2.24,1.30
2015.04.22 08:16:46.632,7.84072,7.84279,1.30,1.00
2015.04.22 08:16:46.683,7.84079,7.84366,1.00,1.49
2015.04.22 08:16:46.734,7.84079,7.84366,1.25,1.30
2015.04.22 08:16:46.784,7.84107,7.84366,1.07,1.30
2015.04.22 08:16:46.835,7.84143,7.84418,1.30,1.00
2015.04.22 08:16:48.122,7.84143,7.84428,1.30,1.00
2015.04.22 08:16:48.292,7.84143,7.8443,1.30,1.00
2015.04.22 08:16:48.444,7.84143,7.8443,1.49,1.00
2015.04.22 08:16:48.494,7.84143,7.84437,1.49,1.30
2015.04.22 08:16:48.922,7.84206,7.84477,1.30,1.37
2015.04.22 08:16:48.973,7.84206,7.84477,1.30,1.00
2015.04.22 08:16:49.025,7.84206,7.84448,1.30,1.00
2015.04.22 08:16:49.127,7.84206,7.84458,1.30,1.00
2015.04.22 08:16:49.228,7.84206,7.84448,1.30,1.00
2015.04.22 08:16:49.632,7.84206,7.84438,1.30,1.00
2015.04.22 08:16:49.935,7.84087,7.84273,1.00,1.60
2015.04.22 08:16:49.986,7.84046,7.84235,1.00,1.00
2015.04.22 08:16:50.037,7.84042,7.84235,1.60,1.19
2015.04.22 08:16:50.088,7.83981,7.84206,1.30,1.00
2015.04.22 08:16:50.139,7.83933,7.84206,1.00,1.19
2015.04.22 08:16:50.189,7.83933,7.84129,1.00,1.00
2015.04.22 08:16:50.240,7.8392,7.84129,1.30,1.00
2015.04.22 08:16:50.291,7.8392,7.84129,1.30,1.12
2015.04.22 08:16:50.594,7.8392,7.84129,1.30,1.37
2015.04.22 08:16:50.764,7.8392,7.84129,1.30,1.00
2015.04.22 08:16:50.950,7.8392,7.84129,1.30,1.07
2015.04.22 08:16:51.258,7.83942,7.84157,1.00,1.75
2015.04.22 08:16:51.309,7.8392,7.84182,1.30,1.75
2015.04.22 08:16:51.411,7.83952,7.84209,1.00,1.75
2015.04.22 08:16:51.525,7.83953,7.84209,1.75,1.00
2015.04.22 08:16:51.576,7.83953,7.84209,1.94,1.00
2015.04.22 08:16:51.626,7.83988,7.84269,2.24,1.00
2015.04.22 08:16:51.728,7.84011,7.84281,1.94,1.30
2015.04.22 08:16:51.779,7.84011,7.84281,1.94,1.30
2015.04.22 08:16:51.946,7.84072,7.84288,1.49,1.60
2015.04.22 08:16:53.009,7.8408,7.84364,1.19,1.30
2015.04.22 08:16:53.837,7.8408,7.84364,1.00,1.49
2015.04.22 08:16:54.186,7.84072,7.84199,1.30,1.00
2015.04.22 08:16:54.236,7.84002,7.84199,2.05,1.00
2015.04.22 08:16:54.287,7.84002,7.84199,1.30,1.00
2015.04.22 08:16:54.338,7.83942,7.84199,2.05,1.00
2015.04.22 08:16:54.919,7.83942,7.84166,2.05,1.00
2015.04.22 08:16:55.121,7.83942,7.84192,2.05,1.00
2015.04.22 08:16:55.273,7.83942,7.84192,1.30,1.75
2015.04.22 08:16:55.374,7.83942,7.84192,1.30,1.75
2015.04.22 08:16:55.697,7.83942,7.84192,1.30,1.75
2015.04.22 08:16:56.381,7.83942,7.84192,1.30,2.25
2015.04.22 08:16:56.483,7.83942,7.84192,1.35,2.25
2015.04.22 08:16:56.584,7.83942,7.84192,1.35,2.25
2015.04.22 08:16:57.252,7.83942,7.84161,2.05,1.75
2015.04.22 08:16:57.454,7.83942,7.84186,2.05,1.75
2015.04.22 08:16:57.658,7.83942,7.84168,1.67,1.37
2015.04.22 08:16:59.221,7.83942,7.84168,1.67,1.75
2015.04.22 08:16:59.431,7.83942,7.84168,1.67,1.75
2015.04.22 08:16:59.642,7.83942,7.84168,2.05,1.75
2015.04.22 08:16:59.946,7.83953,7.84213,1.94,1.75
2015.04.22 08:16:59.997,7.83953,7.84213,1.94,1.75
2015.04.22 08:17:00.552,7.83946,7.84236,1.94,2.05
2015.04.22 08:17:00.603,7.84001,7.84263,1.30,1.75
2015.04.22 08:17:00.755,7.84066,7.84347,1.75,1.60
2015.04.22 08:17:00.806,7.84112,7.84347,1.00,1.60
2015.04.22 08:17:00.857,7.84112,7.84357,1.00,1.30
2015.04.22 08:17:00.958,7.84139,7.84428,1.00,1.30
2015.04.22 08:17:01.009,7.84139,7.84428,1.19,1.30
2015.04.22 08:17:01.212,7.84194,7.84467,1.30,1.60
2015.04.22 08:17:02.029,7.84194,7.84478,1.30,1.00
2015.04.22 08:17:02.706,7.84206,7.84488,1.00,1.49
2015.04.22 08:17:03.111,7.84255,7.84501,1.30,1.19
2015.04.22 08:17:03.232,7.84255,7.84501,1.30,1.00
2015.04.22 08:17:03.385,7.84255,7.84507,1.30,1.00
2015.04.22 08:17:04.032,7.84255,7.84479,1.30,1.00
2015.04.22 08:17:04.336,7.84255,7.84479,1.30,1.19
2015.04.22 08:17:04.780,7.84183,7.84403,1.19,1.30
2015.04.22 08:17:04.830,7.84142,7.84403,1.00,1.90
2015.04.22 08:17:04.881,7.84213,7.84421,1.30,2.10
2015.04.22 08:17:04.982,7.84117,7.84301,1.00,1.00
2015.04.22 08:17:05.033,7.8405,7.84267,1.30,1.37
2015.04.22 08:17:05.134,7.8405,7.84297,1.30,1.75
2015.04.22 08:17:05.286,7.8405,7.84297,1.30,1.75
2015.04.22 08:17:05.488,7.8405,7.84326,1.30,1.94
2015.04.22 08:17:05.800,7.8405,7.84326,1.30,1.94
2015.04.22 08:17:06.116,7.84215,7.84341,1.00,2.05
2015.04.22 08:17:06.268,7.84215,7.84401,1.00,1.30
2015.04.22 08:17:06.318,7.84279,7.84407,1.00,1.00
2015.04.22 08:17:06.369,7.84279,7.84506,1.00,1.00
2015.04.22 08:17:06.591,7.84313,7.84551,1.30,1.00
2015.04.22 08:17:06.771,7.84313,7.8449,1.49,2.10
2015.04.22 08:17:06.922,7.84179,7.84445,1.75,1.60
2015.04.22 08:17:07.024,7.84167,7.84432,1.30,1.16
2015.04.22 08:17:07.248,7.84189,7.84395,1.75,1.30
2015.04.22 08:17:07.299,7.84189,7.84417,1.75,1.00
2015.04.22 08:17:07.400,7.84189,7.84444,1.75,1.19
2015.04.22 08:17:07.451,7.84285,7.84463,1.00,1.30
2015.04.22 08:17:07.501,7.84285,7.84512,1.00,1.00
2015.04.22 08:17:07.552,7.84312,7.84537,1.00,1.30
2015.04.22 08:17:07.653,7.8433,7.84563,1.30,1.00
2015.04.22 08:17:07.871,7.8433,7.84541,1.30,1.00
2015.04.22 08:17:08.203,7.84339,7.84492,1.00,1.00
2015.04.22 08:17:08.361,7.8433,7.84492,1.30,1.00
2015.04.22 08:17:08.531,7.8433,7.84445,1.30,1.00
2015.04.22 08:17:09.119,7.8433,7.84569,1.30,1.00
2015.04.22 08:17:09.240,7.8433,7.84604,1.30,1.00
2015.04.22 08:17:09.341,7.84339,7.84624,1.00,1.49
2015.04.22 08:17:09.665,7.84398,7.84638,1.30,1.00
2015.04.22 08:17:09.981,7.84398,7.84618,1.30,1.19
2015.04.22 08:17:10.164,7.84344,7.84607,1.00,1.19
2015.04.22 08:17:10.417,7.84344,7.84632,1.00,2.24
2015.04.22 08:17:11.101,7.84344,7.84471,1.00,1.35
2015.04.22 08:17:11.152,7.84207,7.84396,1.00,1.00
2015.04.22 08:17:11.203,7.84193,7.84396,1.60,1.00
2015.04.22 08:17:11.253,7.84193,7.84364,1.60,1.00
2015.04.22 08:17:11.304,7.84121,7.84364,1.30,1.00
2015.04.22 08:17:11.405,7.84121,7.84364,1.75,1.00
2015.04.22 08:17:11.506,7.84218,7.84498,1.00,1.79
2015.04.22 08:17:11.573,7.84269,7.84498,1.00,1.79
2015.04.22 08:17:11.624,7.843,7.84511,1.00,1.00
2015.04.22 08:17:11.731,7.84291,7.8455,1.30,1.19
2015.04.22 08:17:11.822,7.84291,7.8455,1.30,1.19
2015.04.22 08:17:13.319,7.84291,7.84518,1.30,1.00
2015.04.22 08:17:13.421,7.84232,7.84518,1.49,1.00
2015.04.22 08:17:13.927,7.84232,7.84518,1.49,1.00
2015.04.22 08:17:18.277,7.84232,7.84518,1.49,1.00
2015.04.22 08:17:18.580,7.84114,7.84327,1.30,1.00
2015.04.22 08:17:18.631,7.84054,7.84327,1.30,1.00
2015.04.22 08:17:18.789,7.84095,7.84327,1.00,1.75
2015.04.22 08:17:18.840,7.84095,7.84327,1.00,1.75
2015.04.22 08:17:18.941,7.84095,7.84348,1.19,1.30
2015.04.22 08:17:18.992,7.8414,7.84348,1.00,1.30
2015.04.22 08:17:19.093,7.84072,7.84348,1.19,1.30
2015.04.22 08:17:19.199,7.84126,7.84392,1.16,1.00
2015.04.22 08:17:19.351,7.84126,7.84418,1.16,1.49
2015.04.22 08:17:21.148,7.84126,7.84418,1.49,1.30
2015.04.22 08:17:21.451,7.84126,7.84393,1.30,1.07
2015.04.22 08:17:21.779,7.84088,7.84295,1.00,1.30
2015.04.22 08:17:21.880,7.84003,7.84295,1.30,1.30
2015.04.22 08:17:21.982,7.84003,7.84177,1.30,1.19
2015.04.22 08:17:22.032,7.83942,7.84177,1.30,1.19
2015.04.22 08:17:22.083,7.83942,7.84147,1.30,1.19
2015.04.22 08:17:22.134,7.83874,7.84147,1.30,1.19
2015.04.22 08:17:23.654,7.83874,7.84147,1.30,1.94
2015.04.22 08:17:24.481,7.83888,7.84168,1.00,2.05
2015.04.22 08:17:24.532,7.83888,7.84168,1.00,1.30
2015.04.22 08:17:24.582,7.83934,7.84168,1.00,1.30
2015.04.22 08:17:24.633,7.83934,7.84228,1.72,1.30
2015.04.22 08:17:25.761,7.83934,7.84092,1.00,1.30
2015.04.22 08:17:25.863,7.83798,7.84067,1.30,1.00
2015.04.22 08:17:25.964,7.83798,7.83955,1.30,1.00
2015.04.22 08:17:26.065,7.8374,7.83955,1.30,1.00
2015.04.22 08:17:26.166,7.83669,7.83955,1.30,1.19
2015.04.22 08:17:26.369,7.8361,7.83904,1.30,1.49
2015.04.22 08:17:26.774,7.83635,7.83904,1.00,1.30
2015.04.22 08:17:27.078,7.8361,7.83904,1.49,1.30
2015.04.22 08:17:27.417,7.83736,7.83963,2.10,1.30
2015.04.22 08:17:27.569,7.83776,7.8403,1.60,1.30
2015.04.22 08:17:27.671,7.83809,7.84088,1.00,1.30
2015.04.22 08:17:27.721,7.83836,7.84088,1.30,1.30
2015.04.22 08:17:27.772,7.83855,7.84149,1.30,1.30
2015.04.22 08:17:27.873,7.83882,7.84149,1.00,1.30
2015.04.22 08:17:27.974,7.83918,7.84212,1.30,1.30
2015.04.22 08:17:30.088,7.83918,7.84212,1.30,1.49
2015.04.22 08:17:30.463,7.83983,7.84275,1.30,1.19
2015.04.22 08:17:30.920,7.83983,7.84277,1.30,1.49
2015.04.22 08:17:31.022,7.83983,7.84277,1.30,1.30
2015.04.22 08:17:33.306,7.83983,7.84277,1.30,1.49
2015.04.22 08:17:33.356,7.83983,7.84251,1.30,1.00
2015.04.22 08:17:33.457,7.83891,7.84184,1.91,1.30
2015.04.22 08:17:33.631,7.83891,7.84184,1.72,1.30
2015.04.22 08:17:38.650,7.83891,7.84126,1.72,1.30
2015.04.22 08:17:38.877,7.83813,7.84106,1.30,1.30
2015.04.22 08:17:38.978,7.83813,7.84072,1.30,1.00
2015.04.22 08:17:39.079,7.83743,7.84035,1.30,1.30
2015.04.22 08:17:40.154,7.83782,7.84035,1.30,1.30
2015.04.22 08:17:40.205,7.83802,7.84077,1.30,1.00
2015.04.22 08:17:40.411,7.83802,7.84096,1.30,1.30
2015.04.22 08:17:43.124,7.83802,7.84096,1.49,1.30
2015.04.22 08:17:45.149,7.83802,7.84096,1.49,1.30
2015.04.22 08:17:46.979,7.83864,7.84159,1.30,1.30
2015.04.22 08:17:47.097,7.83821,7.84092,1.19,1.30
2015.04.22 08:17:47.148,7.83821,7.84092,1.00,1.30
2015.04.22 08:17:47.199,7.83797,7.84092,1.49,1.30
2015.04.22 08:17:47.301,7.83797,7.84092,1.49,1.37
2015.04.22 08:17:47.453,7.83797,7.84092,1.30,1.37
2015.04.22 08:17:47.763,7.83797,7.84092,1.30,1.56
2015.04.22 08:17:49.930,7.83797,7.84092,1.30,1.56
2015.04.22 08:17:50.900,7.83797,7.83984,1.30,1.30
2015.04.22 08:17:51.030,7.83719,7.83963,1.19,1.30
2015.04.22 08:17:51.081,7.83694,7.83963,1.00,1.30
2015.04.22 08:17:51.132,7.83671,7.83888,1.49,2.10
2015.04.22 08:17:51.182,7.83671,7.83888,1.30,2.10
2015.04.22 08:17:51.233,7.83599,7.83888,1.30,2.10
2015.04.22 08:17:51.284,7.83599,7.83888,1.30,2.29
2015.04.22 08:17:51.436,7.83646,7.83893,1.30,1.30
2015.04.22 08:17:51.537,7.83666,7.8396,1.30,1.49
2015.04.22 08:17:51.638,7.83666,7.8396,1.30,1.30
2015.04.22 08:17:52.659,7.83666,7.8396,1.49,1.30
2015.04.22 08:17:54.641,7.83666,7.8396,1.49,1.30
2015.04.22 08:17:55.978,7.83713,7.8396,1.49,1.30
2015.04.22 08:17:56.029,7.83733,7.84027,1.49,2.05
2015.04.22 08:17:56.080,7.83733,7.84027,1.49,1.37
2015.04.22 08:17:58.152,7.83794,7.84062,1.30,1.37
2015.04.22 08:18:00.157,7.83794,7.84062,1.49,1.37
2015.04.22 08:18:00.466,7.83803,7.84069,1.00,1.35
2015.04.22 08:18:00.618,7.83803,7.84085,1.00,1.16
2015.04.22 08:18:01.097,7.83794,7.84053,1.30,1.19
2015.04.22 08:18:01.400,7.83794,7.84053,1.30,1.69
2015.04.22 08:18:02.516,7.83733,7.8402,1.91,1.07
2015.04.22 08:18:02.668,7.83733,7.8402,1.91,1.37
2015.04.22 08:18:03.054,7.83733,7.8402,1.72,1.94
2015.04.22 08:18:05.903,7.83733,7.83917,1.30,2.10
2015.04.22 08:18:06.055,7.83673,7.83917,1.00,2.10
2015.04.22 08:18:06.156,7.83673,7.8392,1.00,1.00
2015.04.22 08:18:06.207,7.83673,7.8392,1.19,1.00
2015.04.22 08:18:06.308,7.83686,7.83962,1.19,1.30
2015.04.22 08:18:06.518,7.83717,7.83962,1.00,1.30
2015.04.22 08:18:06.721,7.83727,7.84003,1.30,1.26
2015.04.22 08:18:07.168,7.83727,7.84003,1.30,1.56
2015.04.22 08:18:07.498,7.83727,7.84003,1.30,1.19
2015.04.22 08:18:08.392,7.83727,7.84003,1.49,1.00
2015.04.22 08:18:10.372,7.83727,7.84003,1.49,1.07
2015.04.22 08:18:10.712,7.83727,7.83976,1.49,1.00
2015.04.22 08:18:11.044,7.83727,7.83976,1.49,1.07
2015.04.22 08:18:12.806,7.83727,7.83976,1.30,1.07
2015.04.22 08:18:13.340,7.83727,7.84005,1.30,1.07
2015.04.22 08:18:14.240,7.83727,7.84005,1.49,1.07
2015.04.22 08:18:15.246,7.83727,7.8398,1.30,1.00
2015.04.22 08:18:15.449,7.83727,7.8398,1.30,1.07
2015.04.22 08:18:18.967,7.83694,7.83955,1.19,1.30
2015.04.22 08:18:19.630,7.83694,7.83955,1.19,1.30
2015.04.22 08:18:19.967,7.83722,7.84005,1.49,1.07
2015.04.22 08:18:21.629,7.83753,7.84015,1.00,1.67
2015.04.22 08:18:21.826,7.83753,7.84015,1.00,1.30
2015.04.22 08:18:21.878,7.83753,7.84015,1.19,1.30
2015.04.22 08:18:24.080,7.83753,7.84015,1.19,1.30
2015.04.22 08:18:24.812,7.83753,7.84015,1.19,1.37
2015.04.22 08:18:25.136,7.83726,7.84012,1.19,1.07
2015.04.22 08:18:26.380,7.83758,7.84015,1.19,1.37
2015.04.22 08:18:26.431,7.83758,7.84015,1.19,1.30
2015.04.22 08:18:26.481,7.83784,7.84015,1.00,1.30
2015.04.22 08:18:27.286,7.83756,7.84015,1.19,1.30
2015.04.22 08:18:27.589,7.83756,7.84015,1.00,1.30
2015.04.22 08:18:27.755,7.83756,7.84015,1.00,1.37
2015.04.22 08:18:30.844,7.8373,7.84015,1.19,1.37
2015.04.22 08:18:30.946,7.8373,7.84015,1.19,1.30
2015.04.22 08:18:31.048,7.8373,7.84015,1.19,1.37
2015.04.22 08:18:31.561,7.8373,7.84015,1.19,1.37
2015.04.22 08:18:31.913,7.83926,7.84016,3.32,1.07
2015.04.22 08:18:31.977,7.8395,7.84092,1.30,2.24
2015.04.22 08:18:32.028,7.83975,7.84092,1.30,1.67
2015.04.22 08:18:32.079,7.83918,7.841,1.00,1.37
2015.04.22 08:18:32.180,7.83857,7.84125,1.30,1.19
2015.04.22 08:18:32.281,7.83885,7.84151,1.00,1.56
2015.04.22 08:18:32.484,7.83917,7.84196,1.30,1.07
2015.04.22 08:18:32.686,7.83979,7.84221,1.49,1.00
2015.04.22 08:18:32.787,7.83979,7.84252,1.49,1.00
2015.04.22 08:18:32.889,7.84058,7.84278,1.30,1.00
2015.04.22 08:18:33.201,7.84118,7.84331,1.30,1.00
2015.04.22 08:18:33.252,7.84118,7.84382,1.30,1.26
2015.04.22 08:18:33.353,7.84121,7.84407,1.00,1.56
2015.04.22 08:18:33.505,7.84121,7.84407,1.19,1.00
2015.04.22 08:18:33.823,7.8418,7.84407,1.30,1.00
2015.04.22 08:18:33.873,7.8418,7.84435,1.30,1.07
2015.04.22 08:18:33.924,7.8418,7.84435,1.30,1.00
2015.04.22 08:18:35.618,7.8416,7.84435,1.49,1.00
2015.04.22 08:18:35.669,7.84175,7.84461,1.19,1.00
2015.04.22 08:18:35.770,7.84203,7.84489,1.19,1.00
2015.04.22 08:18:36.069,7.84228,7.84514,1.00,1.00
2015.04.22 08:18:36.170,7.84253,7.84539,1.00,1.00
2015.04.22 08:18:36.500,7.84304,7.8459,1.19,1.00
2015.04.22 08:18:36.601,7.84332,7.84618,1.00,1.00
2015.04.22 08:18:37.095,7.8436,7.84646,1.00,1.00
2015.04.22 08:18:39.588,7.8436,7.84646,1.19,1.00
2015.04.22 08:18:40.790,7.84333,7.84619,1.19,1.00
2015.04.22 08:18:40.891,7.84306,7.8459,1.19,1.00
2015.04.22 08:18:41.093,7.84306,7.8459,1.19,1.00
2015.04.22 08:18:41.194,7.8433,7.84616,1.19,1.00
2015.04.22 08:18:41.971,7.84355,7.84641,1.19,1.00
2015.04.22 08:18:43.396,7.84355,7.84641,1.19,1.00
2015.04.22 08:18:43.667,7.84381,7.84667,1.19,1.00
2015.04.22 08:18:43.768,7.84357,7.84641,1.19,1.00
2015.04.22 08:18:43.869,7.84392,7.84679,1.19,1.00
2015.04.22 08:18:44.086,7.84424,7.8471,1.00,1.00
2015.04.22 08:18:44.187,7.8445,7.84736,1.00,1.00
2015.04.22 08:18:44.541,7.84481,7.84767,1.19,1.00
2015.04.22 08:18:44.592,7.8454,7.84826,1.00,1.00
2015.04.22 08:18:44.642,7.8454,7.84826,1.19,1.00
2015.04.22 08:18:44.895,7.84562,7.84846,1.19,1.00
2015.04.22 08:18:44.996,7.84586,7.84872,1.19,1.00
2015.04.22 08:18:45.652,7.84586,7.84872,1.19,1.00
2015.04.22 08:18:47.810,7.84586,7.84872,1.19,1.00
2015.04.22 08:18:49.820,7.84586,7.84872,1.19,1.00
2015.04.22 08:18:49.921,7.84617,7.84903,1.19,1.00
2015.04.22 08:18:50.406,7.84643,7.84927,1.56,1.00
2015.04.22 08:18:50.609,7.84671,7.84957,1.19,1.00
2015.04.22 08:18:50.659,7.84671,7.84957,1.19,1.00
2015.04.22 08:18:53.122,7.84671,7.84957,1.19,1.00
2015.04.22 08:18:54.699,7.84703,7.84988,1.19,1.00
2015.04.22 08:18:55.327,7.84703,7.84988,1.19,1.00
2015.04.22 08:18:55.708,7.84677,7.84961,1.26,1.00
2015.04.22 08:18:55.759,7.84677,7.84961,1.07,1.00
2015.04.22 08:18:55.810,7.84651,7.84935,1.00,1.00
2015.04.22 08:18:55.861,7.84651,7.84935,1.19,1.00
2015.04.22 08:18:56.163,7.84624,7.8491,1.26,1.00
2015.04.22 08:18:57.133,7.84624,7.8491,1.26,1.00
2015.04.22 08:18:58.215,7.84655,7.84941,1.19,1.00
2015.04.22 08:18:58.423,7.84682,7.84966,1.19,1.00
2015.04.22 08:18:58.474,7.84682,7.84966,1.19,1.00
2015.04.22 08:18:58.890,7.84709,7.84995,1.19,1.00
2015.04.22 08:18:58.941,7.84709,7.84995,1.19,1.00
2015.04.22 08:18:59.591,7.8474,7.85026,1.19,1.00
2015.04.22 08:19:00.834,7.84735,7.85021,1.19,1.00
2015.04.22 08:19:00.935,7.8477,7.85055,1.19,1.00
2015.04.22 08:19:01.036,7.84795,7.85081,1.19,1.00
2015.04.22 08:19:01.238,7.84856,7.85142,1.19,1.00
2015.04.22 08:19:01.496,7.84883,7.85167,1.19,1.00
2015.04.22 08:19:01.598,7.84908,7.85194,1.00,1.00
2015.04.22 08:19:01.699,7.84908,7.85194,1.19,1.00
2015.04.22 08:19:02.126,7.84954,7.8524,1.19,1.00
2015.04.22 08:19:02.518,7.84928,7.85214,1.19,1.00
2015.04.22 08:19:03.108,7.84928,7.85214,1.19,1.00
2015.04.22 08:19:04.620,7.84957,7.85244,1.19,1.00
2015.04.22 08:19:04.722,7.84984,7.8527,1.19,1.00
2015.04.22 08:19:04.823,7.85009,7.85294,1.19,1.00
2015.04.22 08:19:04.925,7.85002,7.85288,1.19,1.00
2015.04.22 08:19:05.228,7.84906,7.85059,1.07,1.00
2015.04.22 08:19:05.380,7.84732,7.85018,1.19,1.00
2015.04.22 08:19:05.431,7.84639,7.84898,1.94,0.75
2015.04.22 08:19:05.532,7.84672,7.84871,1.94,1.00
2015.04.22 08:19:05.633,7.84562,7.84847,1.94,1.00
2015.04.22 08:19:05.734,7.84591,7.84877,1.94,1.00
2015.04.22 08:19:05.835,7.84591,7.84877,1.94,1.00
2015.04.22 08:19:05.937,7.84631,7.84915,1.94,1.00
2015.04.22 08:19:06.038,7.84599,7.84883,1.94,1.00
2015.04.22 08:19:06.304,7.84599,7.84883,1.94,1.00
2015.04.22 08:19:06.456,7.84564,7.8485,1.94,1.00
2015.04.22 08:19:06.506,7.84564,7.8485,1.94,1.00
2015.04.22 08:19:06.608,7.84564,7.8485,1.94,1.00
2015.04.22 08:19:06.819,7.84564,7.8485,1.75,1.00
2015.04.22 08:19:06.921,7.84564,7.8485,1.00,1.00
2015.04.22 08:19:07.419,7.8454,7.84824,1.00,1.00
2015.04.22 08:19:07.816,7.8451,7.84796,1.00,1.00
2015.04.22 08:19:07.918,7.84485,7.84771,1.00,1.00
2015.04.22 08:19:08.511,7.84513,7.84799,1.00,1.00
2015.04.22 08:19:08.839,7.84505,7.84791,1.00,1.00
2015.04.22 08:19:10.427,7.84497,7.84783,1.00,1.00
2015.04.22 08:19:10.734,7.84473,7.84757,1.00,1.00
2015.04.22 08:19:11.716,7.84447,7.84733,1.00,1.00
2015.04.22 08:19:12.228,7.84422,7.84706,1.00,1.00
2015.04.22 08:19:14.230,7.84422,7.84706,1.19,1.00
2015.04.22 08:19:15.022,7.84396,7.84682,1.19,1.00
2015.04.22 08:19:15.339,7.84369,7.84655,1.19,1.00
2015.04.22 08:19:15.440,7.84394,7.8468,1.19,1.00
2015.04.22 08:19:15.541,7.84369,7.84655,1.19,1.00
2015.04.22 08:19:16.039,7.84369,7.84655,1.19,1.00
2015.04.22 08:19:16.140,7.84325,7.84611,1.19,1.00
2015.04.22 08:19:16.536,7.84299,7.84585,1.19,1.00
2015.04.22 08:19:16.586,7.84299,7.84585,1.00,1.00
2015.04.22 08:19:16.637,7.84273,7.8456,1.00,1.00
2015.04.22 08:19:16.940,7.84246,7.84532,1.00,1.00
2015.04.22 08:19:17.270,7.84273,7.84559,1.00,1.00
2015.04.22 08:19:17.598,7.84247,7.84533,1.00,1.00
2015.04.22 08:19:20.651,7.84273,7.84555,1.00,1.30
2015.04.22 08:19:21.007,7.84288,7.84559,1.30,1.00
2015.04.22 08:19:21.058,7.84273,7.8455,1.00,1.30
2015.04.22 08:19:21.109,7.84431,7.8455,1.35,1.30
2015.04.22 08:19:21.210,7.8452,7.84704,2.05,1.00
2015.04.22 08:19:21.261,7.84543,7.84717,1.75,1.30
2015.04.22 08:19:21.312,7.84543,7.84717,1.00,1.30
2015.04.22 08:19:21.413,7.8462,7.84875,1.00,1.86
2015.04.22 08:19:21.514,7.84588,7.84874,1.00,1.56
2015.04.22 08:19:21.615,7.84551,7.84837,1.00,1.19
2015.04.22 08:19:21.666,7.84526,7.84812,1.00,1.19
2015.04.22 08:19:22.478,7.84526,7.84812,1.00,1.19
2015.04.22 08:19:23.079,7.84526,7.84812,1.00,1.00
2015.04.22 08:19:23.130,7.84564,7.84812,2.05,1.00
2015.04.22 08:19:23.180,7.84656,7.84891,1.00,1.30
2015.04.22 08:19:23.231,7.84656,7.8491,1.75,1.30
2015.04.22 08:19:23.282,7.84681,7.84968,1.00,1.00
2015.04.22 08:19:23.383,7.84681,7.84968,1.19,1.00
2015.04.22 08:19:23.484,7.84709,7.84995,1.19,1.00
2015.04.22 08:19:23.585,7.84736,7.8502,1.00,1.00
2015.04.22 08:19:23.686,7.84709,7.84996,1.00,1.19
2015.04.22 08:19:23.738,7.84673,7.84959,1.00,1.19
2015.04.22 08:19:24.248,7.84615,7.84901,1.00,1.19
2015.04.22 08:19:24.400,7.84615,7.84901,1.00,1.19
2015.04.22 08:19:26.499,7.84615,7.84901,1.00,1.19
2015.04.22 08:19:27.081,7.84555,7.84841,1.00,1.00
2015.04.22 08:19:27.132,7.84555,7.84723,1.00,1.35
2015.04.22 08:19:27.183,7.84442,7.84723,1.60,1.35
2015.04.22 08:19:27.284,7.84409,7.84695,1.00,1.19
2015.04.22 08:19:27.385,7.84354,7.84639,1.00,1.00
2015.04.22 08:19:27.486,7.84315,7.84601,1.00,1.19
2015.04.22 08:19:27.638,7.84287,7.84573,1.00,1.00
2015.04.22 08:19:27.789,7.84262,7.84548,1.00,1.00
2015.04.22 08:19:28.481,7.84262,7.84548,1.00,1.19
2015.04.22 08:19:29.078,7.84237,7.84523,1.19,1.00
2015.04.22 08:19:29.458,7.84237,7.84523,1.19,1.07
2015.04.22 08:19:30.482,7.84237,7.84523,1.00,1.26
2015.04.22 08:19:32.161,7.84197,7.84483,1.19,1.00
2015.04.22 08:19:32.212,7.84197,7.84483,1.00,1.19
2015.04.22 08:19:32.327,7.84197,7.84483,1.00,1.56
2015.04.22 08:19:32.684,7.84282,7.84527,1.00,2.05
2015.04.22 08:19:32.785,7.84323,7.84605,1.00,1.49
2015.04.22 08:19:32.836,7.84323,7.84605,1.00,1.30
2015.04.22 08:19:34.809,7.84323,7.84605,1.00,1.49
2015.04.22 08:19:36.096,7.84323,7.84598,1.00,1.16
2015.04.22 08:19:36.198,7.84267,7.84544,1.00,1.30
2015.04.22 08:19:36.300,7.84237,7.84523,1.00,1.00
2015.04.22 08:19:36.353,7.84237,7.84523,1.00,1.19
2015.04.22 08:19:36.404,7.84217,7.84494,1.30,1.19
2015.04.22 08:19:36.607,7.84207,7.84477,1.00,1.67
2015.04.22 08:19:36.961,7.84207,7.84494,1.00,1.94
2015.04.22 08:19:37.427,7.84207,7.84494,1.00,1.94
2015.04.22 08:19:38.518,7.84176,7.84462,1.00,1.94
2015.04.22 08:19:39.419,7.84176,7.84462,1.00,1.94
2015.04.22 08:19:39.897,7.84176,7.84462,1.00,1.94
2015.04.22 08:19:40.650,7.84176,7.84462,1.00,1.94
2015.04.22 08:19:41.009,7.84176,7.84462,1.00,1.94
2015.04.22 08:19:41.675,7.84151,7.84437,1.00,1.94
2015.04.22 08:19:41.776,7.84124,7.8441,1.00,1.26
2015.04.22 08:19:41.827,7.84124,7.8441,1.00,1.26
2015.04.22 08:19:42.079,7.84099,7.84385,1.00,1.19
2015.04.22 08:19:42.281,7.84074,7.84359,1.00,1.19
2015.04.22 08:19:43.938,7.84074,7.84359,1.00,1.19
2015.04.22 08:19:44.378,7.84046,7.84332,1.19,1.00
2015.04.22 08:19:44.979,7.84076,7.8436,1.00,1.19
2015.04.22 08:19:45.282,7.84076,7.8436,1.19,1.00
2015.04.22 08:19:47.677,7.84076,7.8436,1.00,1.19
2015.04.22 08:19:47.788,7.84049,7.84335,1.19,1.00
2015.04.22 08:19:48.418,7.84082,7.84368,1.00,1.19
2015.04.22 08:19:48.721,7.8412,7.84406,1.00,1.19
2015.04.22 08:19:48.772,7.8412,7.84406,1.00,1.19
2015.04.22 08:19:48.823,7.84147,7.84431,1.00,1.19
2015.04.22 08:19:48.874,7.84147,7.84431,1.19,1.00
2015.04.22 08:19:48.925,7.84172,7.84458,1.00,1.26
2015.04.22 08:19:49.026,7.84148,7.84435,1.19,1.00
2015.04.22 08:19:49.340,7.84149,7.84433,1.19,1.00
2015.04.22 08:19:49.729,7.84114,7.844,1.19,1.00
2015.04.22 08:19:49.780,7.84114,7.844,1.00,1.00
2015.04.22 08:19:49.884,7.84114,7.844,1.00,1.19
2015.04.22 08:19:50.421,7.84117,7.84394,1.00,1.49
2015.04.22 08:19:50.572,7.84117,7.84394,1.19,1.30
2015.04.22 08:19:52.351,7.84117,7.84394,1.00,1.49
2015.04.22 08:19:52.604,7.84068,7.84349,1.49,1.00
2015.04.22 08:19:52.654,7.84068,7.84349,1.30,1.19
2015.04.22 08:19:52.857,7.84011,7.84295,1.00,1.19
2015.04.22 08:19:53.009,7.84011,7.84295,1.00,1.19
2015.04.22 08:19:53.060,7.84011,7.84295,1.00,1.00
2015.04.22 08:19:53.110,7.84011,7.84268,1.00,1.67
2015.04.22 08:19:53.212,7.84011,7.84268,1.00,1.30
2015.04.22 08:19:53.998,7.84011,7.84268,1.19,1.30
2015.04.22 08:19:56.163,7.84011,7.84268,1.26,1.30
2015.04.22 08:19:57.179,7.84011,7.84268,1.26,1.30
2015.04.22 08:19:57.432,7.83944,7.8423,1.94,1.00
2015.04.22 08:19:57.878,7.83944,7.8423,1.56,1.00
2015.04.22 08:19:57.929,7.83942,7.84203,1.86,1.00
2015.04.22 08:19:57.980,7.83942,7.84203,1.67,1.00
2015.04.22 08:19:58.081,7.83942,7.84203,1.30,1.00
2015.04.22 08:19:58.132,7.83942,7.84178,1.30,1.00
2015.04.22 08:19:58.233,7.83949,7.84235,1.00,1.19
2015.04.22 08:19:58.284,7.83949,7.84235,1.19,1.00
2015.04.22 08:19:59.439,7.83922,7.84194,1.86,1.00
2015.04.22 08:19:59.642,7.83935,7.84209,1.56,1.30
2015.04.22 08:19:59.743,7.83961,7.84229,1.26,1.30
2015.04.22 08:19:59.794,7.83961,7.84247,1.26,1.00
2015.04.22 08:19:59.845,7.83961,7.84247,1.56,1.00
2015.04.22 08:19:59.946,7.83992,7.84276,1.07,1.19
2015.04.22 08:20:00.048,7.83992,7.84276,1.07,1.19
2015.04.22 08:20:00.098,7.83992,7.84276,1.26,1.00
2015.04.22 08:20:00.250,7.83992,7.84276,1.94,1.00
2015.04.22 08:20:01.016,7.83992,7.84276,1.56,1.00
2015.04.22 08:20:02.087,7.83992,7.84276,1.56,1.00
2015.04.22 08:20:04.092,7.83992,7.84276,1.56,1.00
2015.04.22 08:20:04.851,7.84025,7.84277,1.26,1.30
2015.04.22 08:20:05.278,7.84025,7.84277,1.26,1.30
2015.04.22 08:20:05.987,7.84025,7.84277,1.26,1.30
2015.04.22 08:20:07.727,7.83998,7.84277,1.56,1.30
2015.04.22 08:20:07.967,7.84023,7.84297,1.26,1.30
2015.04.22 08:20:08.018,7.84023,7.84309,1.26,1.00
2015.04.22 08:20:08.354,7.8401,7.8428,1.56,1.00
2015.04.22 08:20:08.935,7.8402,7.84306,1.26,1.00
2015.04.22 08:20:09.037,7.84045,7.84331,1.19,1.00
2015.04.22 08:20:09.540,7.84072,7.84358,1.19,1.00
2015.04.22 08:20:09.843,7.84072,7.84358,1.56,1.00
2015.04.22 08:20:10.155,7.84004,7.8429,1.94,1.00
2015.04.22 08:20:10.257,7.84033,7.84319,1.56,1.00
2015.04.22 08:20:11.014,7.84033,7.84319,1.56,1.00
2015.04.22 08:20:15.158,7.84062,7.84328,1.10,1.30
2015.04.22 08:20:15.259,7.84071,7.84345,1.30,1.19
2015.04.22 08:20:15.360,7.841,7.84386,1.00,1.19
2015.04.22 08:20:16.562,7.841,7.84386,1.19,1.00
2015.04.22 08:20:16.866,7.84098,7.84384,1.19,1.00
2015.04.22 08:20:17.069,7.84125,7.84397,1.19,1.30
2015.04.22 08:20:17.221,7.84125,7.84397,1.56,1.30
2015.04.22 08:20:18.215,7.84125,7.84397,1.26,1.30
2015.04.22 08:20:19.039,7.84125,7.84397,1.19,1.30
2015.04.22 08:20:20.845,7.84153,7.84397,1.00,1.30
2015.04.22 08:20:21.149,7.84161,7.84397,1.00,1.30
2015.04.22 08:20:21.250,7.84133,7.84397,1.19,1.30
2015.04.22 08:20:21.452,7.84107,7.84393,1.19,1.00
2015.04.22 08:20:22.550,7.84107,7.84393,1.19,1.00
2015.04.22 08:20:24.554,7.84107,7.84393,1.19,1.00
2015.04.22 08:20:26.172,7.84083,7.84366,1.19,1.00
2015.04.22 08:20:26.392,7.84056,7.84334,1.19,1.30
2015.04.22 08:20:26.493,7.8404,7.84313,1.49,1.00
2015.04.22 08:20:28.189,7.84053,7.84334,1.19,1.30
2015.04.22 08:20:28.393,7.84078,7.84334,1.19,1.30
2015.04.22 08:20:30.386,7.84051,7.84334,1.19,1.30
2015.04.22 08:20:32.495,7.84051,7.84334,1.19,1.30
2015.04.22 08:20:35.198,7.8405,7.84334,1.19,1.30
2015.04.22 08:20:37.518,7.84062,7.84334,1.19,1.30
2015.04.22 08:20:37.721,7.8404,7.8431,1.49,1.00
2015.04.22 08:20:38.024,7.83971,7.84252,1.56,1.00
2015.04.22 08:20:39.900,7.83992,7.84252,1.19,1.00
2015.04.22 08:20:42.005,7.83982,7.84252,1.19,1.00
2015.04.22 08:20:42.924,7.83971,7.84235,1.49,1.00
2015.04.22 08:20:43.990,7.83976,7.84262,1.19,1.00
2015.04.22 08:20:44.311,7.83982,7.84262,1.19,1.00
2015.04.22 08:20:45.802,7.84014,7.84265,1.25,1.30
2015.04.22 08:20:46.921,7.84014,7.84265,1.19,1.30
2015.04.22 08:20:49.029,7.83988,7.84265,1.19,1.30
2015.04.22 08:20:51.154,7.84012,7.84265,1.19,1.30
2015.04.22 08:20:52.762,7.84012,7.84265,1.19,1.30
2015.04.22 08:20:52.913,7.84048,7.84324,1.19,1.30
2015.04.22 08:20:54.145,7.84048,7.84324,1.19,1.30
2015.04.22 08:20:54.348,7.84103,7.84382,1.19,1.30
2015.04.22 08:20:56.352,7.84103,7.84382,1.00,1.49
2015.04.22 08:20:57.166,7.84103,7.84382,1.19,1.30
2015.04.22 08:20:57.418,7.84149,7.84403,1.30,1.30
2015.04.22 08:20:57.469,7.84149,7.84421,1.30,1.00
2015.04.22 08:20:59.407,7.84149,7.84421,1.49,1.00
2015.04.22 08:20:59.912,7.84161,7.84442,1.25,1.30
2015.04.22 08:21:00.313,7.84161,7.84442,1.19,1.30
2015.04.22 08:21:00.890,7.84161,7.84442,1.19,1.30
2015.04.22 08:21:02.923,7.84161,7.84442,1.25,1.30
2015.04.22 08:21:03.961,7.84193,7.84442,1.00,1.30
2015.04.22 08:21:04.213,7.84221,7.84506,1.00,1.19
2015.04.22 08:21:05.329,7.84216,7.84482,1.30,1.00
2015.04.22 08:21:05.532,7.84196,7.84479,1.19,1.30
2015.04.22 08:21:06.204,7.84196,7.84479,1.19,1.30
2015.04.22 08:21:07.007,7.84196,7.84479,1.19,1.30
2015.04.22 08:21:07.266,7.8425,7.84534,1.19,1.00
2015.04.22 08:21:09.212,7.8425,7.84534,1.19,1.00
2015.04.22 08:21:11.237,7.8425,7.84534,1.19,1.00
2015.04.22 08:21:11.541,7.84245,7.84509,1.56,1.00
2015.04.22 08:21:11.849,7.84245,7.84509,1.30,1.00
2015.04.22 08:21:12.051,7.84226,7.84477,1.19,1.72
2015.04.22 08:21:12.253,7.84198,7.84477,1.07,1.72
2015.04.22 08:21:12.355,7.84198,7.84477,1.00,1.72
2015.04.22 08:21:12.708,7.84191,7.84477,1.69,1.72
2015.04.22 08:21:13.076,7.842,7.84477,1.00,1.72
2015.04.22 08:21:13.399,7.84232,7.84477,1.19,1.30
2015.04.22 08:21:14.239,7.84256,7.84477,1.00,1.30
2015.04.22 08:21:15.361,7.84256,7.84535,1.00,1.49
2015.04.22 08:21:15.463,7.84282,7.84535,1.00,1.49
2015.04.22 08:21:15.781,7.84282,7.84535,1.19,1.30
2015.04.22 08:21:16.844,7.84315,7.84535,1.00,1.30
2015.04.22 08:21:17.154,7.8429,7.84535,1.19,1.30
2015.04.22 08:21:17.736,7.8429,7.84535,1.19,1.30
2015.04.22 08:21:19.854,7.8429,7.84535,1.19,1.30
2015.04.22 08:21:20.333,7.84295,7.84535,1.00,1.30
2015.04.22 08:21:20.485,7.8432,7.84601,1.00,1.49
2015.04.22 08:21:20.885,7.8432,7.84601,1.07,1.49
2015.04.22 08:21:21.346,7.8432,7.84601,1.26,1.30
2015.04.22 08:21:23.192,7.84346,7.84601,1.00,1.30
2015.04.22 08:21:23.501,7.84346,7.84601,1.26,1.30
2015.04.22 08:21:25.457,7.84346,7.84601,1.56,1.30
2015.04.22 08:21:27.462,7.84346,7.84601,1.56,1.30
2015.04.22 08:21:27.575,7.84503,7.84601,2.10,1.30
2015.04.22 08:21:27.726,7.84562,7.8467,2.05,1.00
2015.04.22 08:21:27.777,7.84587,7.84856,1.00,2.05
2015.04.22 08:21:27.828,7.84587,7.84759,1.00,1.30
2015.04.22 08:21:27.879,7.84564,7.84759,1.00,1.30
2015.04.22 08:21:27.930,7.84579,7.84787,1.30,1.37
2015.04.22 08:21:28.031,7.84479,7.84755,1.30,1.26
2015.04.22 08:21:28.081,7.84479,7.8473,1.30,1.00
2015.04.22 08:21:28.132,7.84444,7.84705,1.31,1.30
2015.04.22 08:21:28.284,7.84478,7.84705,1.00,1.30
2015.04.22 08:21:28.602,7.84451,7.84705,1.19,1.30
2015.04.22 08:21:28.906,7.8442,7.84705,1.00,1.49
2015.04.22 08:21:29.007,7.84412,7.84644,1.00,1.30
2015.04.22 08:21:30.037,7.84433,7.84644,1.00,1.30
2015.04.22 08:21:30.697,7.84432,7.84644,1.00,1.30
2015.04.22 08:21:30.899,7.84473,7.84701,1.00,1.00
2015.04.22 08:21:31.391,7.84492,7.84701,1.00,1.00
2015.04.22 08:21:31.492,7.84492,7.8471,1.00,1.30
2015.04.22 08:21:31.731,7.84502,7.8471,1.00,1.30
2015.04.22 08:21:32.062,7.84542,7.8471,1.00,1.30
2015.04.22 08:21:32.163,7.84522,7.84762,1.00,1.00
2015.04.22 08:21:32.466,7.84512,7.84762,1.00,1.00
2015.04.22 08:21:32.718,7.84533,7.84769,1.00,1.30
2015.04.22 08:21:32.819,7.84522,7.84769,1.00,1.30
2015.04.22 08:21:32.920,7.84542,7.84769,1.00,1.30
2015.04.22 08:21:33.119,7.84532,7.84769,1.19,1.30
2015.04.22 08:21:33.384,7.84512,7.84759,1.19,1.00
2015.04.22 08:21:33.486,7.84493,7.84759,1.50,1.00
2015.04.22 08:21:33.587,7.84483,7.8473,1.19,1.00
2015.04.22 08:21:33.888,7.84473,7.84702,1.19,1.30
2015.04.22 08:21:34.400,7.84453,7.84702,1.00,1.30
2015.04.22 08:21:34.552,7.84443,7.84702,1.00,1.30
2015.04.22 08:21:34.698,7.84462,7.84702,1.00,1.30
2015.04.22 08:21:35.024,7.84473,7.84702,1.00,1.30
2015.04.22 08:21:35.368,7.84482,7.84702,1.00,1.30
2015.04.22 08:21:35.907,7.84502,7.84702,1.00,1.30
2015.04.22 08:21:36.294,7.84522,7.84702,1.00,1.30
2015.04.22 08:21:37.959,7.84512,7.84702,1.50,1.30
2015.04.22 08:21:38.059,7.84522,7.84702,1.00,1.30
2015.04.22 08:21:39.877,7.84492,7.84702,1.69,1.30
2015.04.22 08:21:40.084,7.84503,7.84702,1.00,1.30
2015.04.22 08:21:40.815,7.84492,7.84702,1.19,1.30
2015.04.22 08:21:41.642,7.84462,7.84702,1.01,1.30
2015.04.22 08:21:43.727,7.84429,7.84702,1.19,1.30
2015.04.22 08:21:45.716,7.84429,7.84702,1.19,1.30
2015.04.22 08:21:47.448,7.84461,7.84702,1.00,1.30
2015.04.22 08:21:47.897,7.84442,7.84702,1.19,1.30
2015.04.22 08:21:48.223,7.84436,7.84702,1.19,1.30
2015.04.22 08:21:50.528,7.84436,7.84702,1.19,1.30
2015.04.22 08:21:50.914,7.84412,7.84684,1.56,1.00
2015.04.22 08:21:50.965,7.8441,7.84684,1.30,1.00
2015.04.22 08:21:51.016,7.84398,7.84643,1.26,1.30
2015.04.22 08:21:51.067,7.84398,7.84643,1.19,1.30
2015.04.22 08:21:53.062,7.84398,7.84643,1.25,1.30
2015.04.22 08:21:53.424,7.84412,7.84643,1.00,1.30
2015.04.22 08:21:53.756,7.84399,7.84618,1.00,1.00
2015.04.22 08:21:53.955,7.84351,7.84628,1.49,1.00
2015.04.22 08:21:54.056,7.84351,7.84628,1.30,1.00
2015.04.22 08:21:54.107,7.84351,7.84628,1.30,1.37
2015.04.22 08:21:54.431,7.84321,7.84584,1.19,1.30
2015.04.22 08:21:54.736,7.84321,7.84584,1.19,1.37
2015.04.22 08:21:56.193,7.84295,7.84581,1.00,1.26
2015.04.22 08:21:59.326,7.84292,7.84526,1.30,1.00
2015.04.22 08:21:59.629,7.84212,7.84449,1.00,1.00
2015.04.22 08:21:59.679,7.84212,7.84447,1.00,1.00
2015.04.22 08:21:59.982,7.84202,7.84425,1.00,1.67
2015.04.22 08:22:00.203,7.84192,7.84425,1.00,1.67
2015.04.22 08:22:00.356,7.84192,7.84425,1.00,1.86
2015.04.22 08:22:00.458,7.84111,7.84298,1.30,1.25
2015.04.22 08:22:00.509,7.84107,7.84298,1.00,1.25
2015.04.22 08:22:00.610,7.8407,7.84278,1.30,1.07
2015.04.22 08:22:00.661,7.8405,7.84297,1.30,1.37
2015.04.22 08:22:00.711,7.84028,7.84297,1.00,1.75
2015.04.22 08:22:00.762,7.84011,7.84288,1.49,1.75
2015.04.22 08:22:01.228,7.83972,7.84238,1.00,1.00
2015.04.22 08:22:01.362,7.83972,7.84228,1.00,1.00
2015.04.22 08:22:01.695,7.83972,7.84228,1.00,1.07
2015.04.22 08:22:02.045,7.83972,7.84218,1.00,1.00
2015.04.22 08:22:02.165,7.83972,7.84228,1.00,1.07
2015.04.22 08:22:02.375,7.83972,7.84208,1.00,1.00
2015.04.22 08:22:03.113,7.83972,7.84217,1.00,1.00
2015.04.22 08:22:03.163,7.84002,7.84217,1.00,1.00
2015.04.22 08:22:03.477,7.84029,7.84248,1.00,1.37
2015.04.22 08:22:03.786,7.84029,7.84248,1.00,1.00
2015.04.22 08:22:04.203,7.84029,7.84268,1.00,1.07
2015.04.22 08:22:04.938,7.84011,7.84267,1.49,1.07
2015.04.22 08:22:05.146,7.84011,7.84267,1.30,1.07
2015.04.22 08:22:05.197,7.84011,7.84247,1.30,1.00
2015.04.22 08:22:05.518,7.84003,7.84238,1.00,1.00
2015.04.22 08:22:05.929,7.84003,7.84228,1.00,1.07
2015.04.22 08:22:07.456,7.84003,7.84258,1.00,1.37
2015.04.22 08:22:09.115,7.84003,7.84268,1.00,1.62
2015.04.22 08:22:09.413,7.84003,7.84268,1.19,1.37
2015.04.22 08:22:10.177,7.84011,7.84268,1.00,1.37
2015.04.22 08:22:10.946,7.84011,7.84297,1.00,1.94
2015.04.22 08:22:11.742,7.84011,7.84297,1.00,1.56
2015.04.22 08:22:11.971,7.84011,7.84297,1.25,2.00
2015.04.22 08:22:13.847,7.8398,7.84266,1.00,1.37
2015.04.22 08:22:13.950,7.8398,7.84237,1.00,1.00
2015.04.22 08:22:14.254,7.83953,7.84228,1.00,1.26
2015.04.22 08:22:16.646,7.83953,7.84198,1.00,1.00
2015.04.22 08:22:16.747,7.83953,7.84208,1.00,1.19
2015.04.22 08:22:17.637,7.83953,7.84238,1.19,1.07
2015.04.22 08:22:17.688,7.83984,7.84238,1.00,1.07
2015.04.22 08:22:17.865,7.83984,7.84248,1.00,1.07
2015.04.22 08:22:19.216,7.83984,7.8427,1.00,1.94
2015.04.22 08:22:19.518,7.84015,7.84299,1.00,1.94
2015.04.22 08:22:19.771,7.84015,7.84299,1.00,1.56
2015.04.22 08:22:19.884,7.84015,7.84299,1.00,1.56
2015.04.22 08:22:19.985,7.84015,7.84299,1.19,1.37
2015.04.22 08:22:20.087,7.84043,7.8433,1.00,1.29
2015.04.22 08:22:20.875,7.84081,7.84365,1.19,1.37
2015.04.22 08:22:21.178,7.84109,7.84395,1.00,1.56
2015.04.22 08:22:21.669,7.84109,7.84395,1.19,1.00
2015.04.22 08:22:21.770,7.84134,7.8442,1.00,1.26
2015.04.22 08:22:21.973,7.84107,7.84393,1.19,1.00
2015.04.22 08:22:22.298,7.84107,7.84393,1.19,1.07
2015.04.22 08:22:23.583,7.84167,7.84454,1.00,1.94
2015.04.22 08:22:23.684,7.84141,7.84427,1.00,1.94
2015.04.22 08:22:23.735,7.84141,7.84427,1.00,1.29
2015.04.22 08:22:23.786,7.84141,7.84427,1.19,1.10
2015.04.22 08:22:24.089,7.84085,7.84371,1.00,1.19
2015.04.22 08:22:24.191,7.84059,7.84345,1.19,1.00
2015.04.22 08:22:24.706,7.84059,7.84345,1.19,1.07
2015.04.22 08:22:24.762,7.84084,7.8437,1.00,1.56
2015.04.22 08:22:26.600,7.84084,7.8437,1.00,1.19
2015.04.22 08:22:26.702,7.84084,7.8437,1.25,1.19
2015.04.22 08:22:26.971,7.8411,7.84395,1.00,1.26
2015.04.22 08:22:28.076,7.8411,7.84395,1.19,1.07
2015.04.22 08:22:28.585,7.8411,7.8437,1.19,1.30
2015.04.22 08:22:29.017,7.84134,7.8437,1.00,1.30
2015.04.22 08:22:29.976,7.84107,7.8437,1.19,1.30
2015.04.22 08:22:30.128,7.84107,7.8437,1.19,1.30
2015.04.22 08:22:32.217,7.84107,7.8437,1.00,1.49
2015.04.22 08:22:32.318,7.84083,7.84367,1.25,1.00
2015.04.22 08:22:32.520,7.84057,7.84341,1.19,1.00
2015.04.22 08:22:32.851,7.84057,7.84308,1.19,1.30
2015.04.22 08:22:34.407,7.84083,7.84308,1.19,1.30
2015.04.22 08:22:36.725,7.84057,7.84308,1.19,1.30
2015.04.22 08:22:38.838,7.84057,7.84308,1.25,1.30
2015.04.22 08:22:38.889,7.84088,7.84308,1.00,1.30
2015.04.22 08:22:38.990,7.84055,7.84308,1.19,1.30
2015.04.22 08:22:39.142,7.84029,7.84308,1.00,1.49
2015.04.22 08:22:39.193,7.84016,7.84284,1.30,1.00
2015.04.22 08:22:39.323,7.84016,7.84284,1.30,1.19
2015.04.22 08:22:39.374,7.84,7.84243,1.00,1.16
2015.04.22 08:22:39.525,7.83965,7.84243,1.00,1.16
2015.04.22 08:22:42.321,7.84,7.84243,1.00,1.30
2015.04.22 08:22:43.448,7.84,7.84243,1.19,1.30
2015.04.22 08:22:45.046,7.83974,7.84243,1.00,1.30
2015.04.22 08:22:49.805,7.8397,7.84243,1.19,1.30
2015.04.22 08:22:49.906,7.83951,7.84229,1.49,1.00
2015.04.22 08:22:50.223,7.83915,7.84184,1.19,1.30
2015.04.22 08:22:52.177,7.83915,7.84184,1.19,1.30
2015.04.22 08:22:52.455,7.83941,7.84184,1.00,1.30
2015.04.22 08:22:52.947,7.83967,7.84184,1.00,1.30
2015.04.22 08:22:53.784,7.83967,7.84184,1.19,1.30
2015.04.22 08:22:54.513,7.83993,7.84184,1.00,1.30
2015.04.22 08:22:55.757,7.83993,7.84184,1.19,1.30
2015.04.22 08:22:56.946,7.8402,7.84204,1.00,1.30
2015.04.22 08:22:57.047,7.8402,7.84257,1.00,1.30
2015.04.22 08:22:57.998,7.8402,7.84257,1.19,1.30
2015.04.22 08:22:58.362,7.84078,7.84277,1.00,1.30
2015.04.22 08:22:58.413,7.84078,7.84328,1.00,1.30
2015.04.22 08:23:00.371,7.84078,7.84328,1.19,1.30
2015.04.22 08:23:02.604,7.84054,7.84328,1.00,1.30
2015.04.22 08:23:03.530,7.8408,7.84328,1.00,1.30
2015.04.22 08:23:08.538,7.84093,7.84328,1.00,1.30
2015.04.22 08:23:09.239,7.84066,7.84328,1.19,1.30
2015.04.22 08:23:09.624,7.84067,7.84328,1.19,1.30
2015.04.22 08:23:11.929,7.84067,7.84328,1.19,1.30
2015.04.22 08:23:12.465,7.8404,7.84326,1.00,1.19
2015.04.22 08:23:12.946,7.8407,7.84328,1.00,1.49
2015.04.22 08:23:13.869,7.84044,7.84328,1.00,1.49
2015.04.22 08:23:15.179,7.84044,7.84328,1.00,1.49
2015.04.22 08:23:15.250,7.84034,7.84304,1.49,1.00
2015.04.22 08:23:15.555,7.84019,7.84267,1.19,1.30
2015.04.22 08:23:17.286,7.84019,7.84267,1.19,1.30
2015.04.22 08:23:19.999,7.83973,7.84254,1.49,1.00
2015.04.22 08:23:20.050,7.83968,7.84207,1.19,1.30
2015.04.22 08:23:20.561,7.84001,7.84207,1.00,1.30
2015.04.22 08:23:21.600,7.84001,7.84207,1.19,1.30
2015.04.22 08:23:23.238,7.84001,7.84227,1.19,1.30
2015.04.22 08:23:23.339,7.84001,7.84267,1.19,1.30
2015.04.22 08:23:23.675,7.84001,7.84267,1.19,1.30
2015.04.22 08:23:24.371,7.84026,7.84267,1.19,1.30
2015.04.22 08:23:28.105,7.84026,7.84267,1.00,1.30
2015.04.22 08:23:30.138,7.84026,7.84267,1.19,1.30
2015.04.22 08:23:30.239,7.84052,7.84287,1.19,1.30
2015.04.22 08:23:30.341,7.84052,7.84325,1.19,1.30
2015.04.22 08:23:32.597,7.84052,7.84325,1.00,1.16
2015.04.22 08:23:32.882,7.84033,7.84312,1.49,1.00
2015.04.22 08:23:33.894,7.84033,7.84284,1.49,1.00
2015.04.22 08:23:34.226,7.83998,7.84262,1.19,1.30
2015.04.22 08:23:34.328,7.83972,7.84258,1.19,1.00
2015.04.22 08:23:34.429,7.8397,7.84208,1.49,1.00
2015.04.22 08:23:34.834,7.83922,7.84195,1.19,1.30
2015.04.22 08:23:35.587,7.83977,7.84262,1.19,1.30
2015.04.22 08:23:35.790,7.84002,7.84262,1.00,1.30
2015.04.22 08:23:36.528,7.84002,7.84262,1.19,1.30
2015.04.22 08:23:40.520,7.83976,7.84262,1.19,1.72
2015.04.22 08:23:42.739,7.83976,7.84262,1.19,1.72
2015.04.22 08:23:44.337,7.8402,7.84262,1.00,1.30
2015.04.22 08:23:45.102,7.83996,7.84262,1.19,1.30
2015.04.22 08:23:45.533,7.83996,7.84262,1.19,1.30
2015.04.22 08:23:45.848,7.83968,7.84226,1.30,1.00
2015.04.22 08:23:46.151,7.83909,7.84195,1.91,1.00
2015.04.22 08:23:47.021,7.83936,7.84201,1.19,1.30
2015.04.22 08:23:47.072,7.83936,7.84201,1.19,1.30
2015.04.22 08:23:49.145,7.8396,7.84201,1.19,1.30
2015.04.22 08:23:50.183,7.83931,7.84201,1.19,1.30
2015.04.22 08:23:50.912,7.83909,7.84191,1.49,1.00
2015.04.22 08:23:52.294,7.83909,7.84191,1.49,1.00
2015.04.22 08:23:53.965,7.83909,7.84164,1.49,1.00
2015.04.22 08:23:54.278,7.83909,7.84164,1.49,1.00
2015.04.22 08:23:55.545,7.83878,7.84133,1.19,1.30
2015.04.22 08:23:56.768,7.83879,7.84133,1.19,1.30
2015.04.22 08:23:57.084,7.83879,7.84133,1.19,1.30
2015.04.22 08:23:57.387,7.84063,7.84258,1.25,1.30
2015.04.22 08:23:57.437,7.84089,7.84317,1.00,1.30
2015.04.22 08:23:57.589,7.84089,7.84317,1.19,1.30
2015.04.22 08:23:58.761,7.84089,7.84375,1.19,1.00
2015.04.22 08:23:58.970,7.84114,7.84378,1.00,1.30
2015.04.22 08:24:01.335,7.84084,7.84362,1.49,1.00
2015.04.22 08:24:02.181,7.84084,7.84362,1.49,1.00
2015.04.22 08:24:02.444,7.84102,7.84378,1.19,1.30
2015.04.22 08:24:04.186,7.84102,7.84378,1.19,1.30
2015.04.22 08:24:06.192,7.84102,7.84378,1.19,1.30
2015.04.22 08:24:08.198,7.84102,7.84378,1.19,1.30
2015.04.22 08:24:10.214,7.84099,7.84378,1.19,1.30
2015.04.22 08:24:10.265,7.84084,7.84359,1.49,1.00
2015.04.22 08:24:10.828,7.84084,7.84359,1.30,1.19
2015.04.22 08:24:10.980,7.84048,7.84318,1.19,1.30
2015.04.22 08:24:12.811,7.84048,7.84318,1.00,1.30
2015.04.22 08:24:14.903,7.84048,7.84318,1.00,1.49
2015.04.22 08:24:14.954,7.84024,7.84302,1.49,1.00
2015.04.22 08:24:15.634,7.84024,7.84302,1.30,1.19
2015.04.22 08:24:15.988,7.83992,7.84259,1.00,1.30
2015.04.22 08:24:20.758,7.83982,7.84259,1.19,1.30
2015.04.22 08:24:21.663,7.83982,7.84259,1.19,1.30
2015.04.22 08:24:23.636,7.83982,7.84259,1.19,1.30
2015.04.22 08:24:25.641,7.83982,7.84259,1.19,1.30
2015.04.22 08:24:27.847,7.8398,7.84259,1.19,1.30
2015.04.22 08:24:29.899,7.8398,7.84259,1.19,1.30
2015.04.22 08:24:31.857,7.83974,7.84259,1.19,1.30
2015.04.22 08:24:33.185,7.84007,7.84259,1.00,1.30
2015.04.22 08:24:33.437,7.84035,7.84324,1.19,1.30
2015.04.22 08:24:33.488,7.84062,7.84324,1.00,1.30
2015.04.22 08:24:33.792,7.8409,7.84324,1.19,1.30
2015.04.22 08:24:33.983,7.84099,7.84345,1.49,1.30
2015.04.22 08:24:34.034,7.84099,7.84376,1.49,1.00
2015.04.22 08:24:34.405,7.84124,7.84391,1.00,1.49
2015.04.22 08:24:34.658,7.84163,7.84436,1.30,1.19
2015.04.22 08:24:37.075,7.84163,7.84436,1.49,1.00
2015.04.22 08:24:37.184,7.84163,7.84436,1.30,1.19
2015.04.22 08:24:37.285,7.84123,7.84388,1.00,1.30
2015.04.22 08:24:37.386,7.84098,7.84384,1.19,1.00
2015.04.22 08:24:38.116,7.84094,7.84358,1.49,1.00
2015.04.22 08:24:39.384,7.84094,7.84358,1.16,1.00
2015.04.22 08:24:41.488,7.84094,7.84358,1.49,1.00
2015.04.22 08:24:42.223,7.84094,7.84329,1.49,1.00
2015.04.22 08:24:42.325,7.84043,7.84327,1.19,1.30
2015.04.22 08:24:42.426,7.84033,7.84304,1.49,1.00
2015.04.22 08:24:42.830,7.84033,7.84278,1.49,1.00
2015.04.22 08:24:43.518,7.84033,7.84278,1.30,1.00
2015.04.22 08:24:44.534,7.84033,7.84308,1.30,1.19
2015.04.22 08:24:44.636,7.84033,7.84308,1.49,1.00
2015.04.22 08:24:44.738,7.8405,7.84327,1.19,1.30
2015.04.22 08:24:46.117,7.8405,7.84327,1.00,1.49
2015.04.22 08:24:48.109,7.8405,7.84327,1.00,1.49
2015.04.22 08:24:48.904,7.84033,7.84311,1.49,1.00
2015.04.22 08:24:50.162,7.84033,7.84311,1.49,1.00
2015.04.22 08:24:52.119,7.84033,7.84311,1.30,1.19
2015.04.22 08:24:54.323,7.84033,7.84311,1.30,1.19
2015.04.22 08:24:54.512,7.84033,7.84307,1.30,1.00
2015.04.22 08:24:56.362,7.84033,7.84307,1.30,1.19
2015.04.22 08:24:57.632,7.84033,7.8427,1.30,1.00
2015.04.22 08:24:57.734,7.83984,7.84263,1.19,1.30
2015.04.22 08:24:58.033,7.83984,7.84263,1.00,1.49
2015.04.22 08:24:58.852,7.83984,7.84263,1.19,1.30
2015.04.22 08:25:00.839,7.8401,7.84263,1.19,1.30
2015.04.22 08:25:02.861,7.8401,7.84263,1.19,1.30
2015.04.22 08:25:05.083,7.8401,7.84263,1.19,1.30
2015.04.22 08:25:05.473,7.84016,7.84263,1.19,1.37
2015.04.22 08:25:06.005,7.84016,7.84263,1.19,1.30
2015.04.22 08:25:06.381,7.8399,7.84263,1.07,1.49
2015.04.22 08:25:06.432,7.83962,7.84198,1.75,1.30
2015.04.22 08:25:06.584,7.8392,7.84198,1.37,1.30
2015.04.22 08:25:06.636,7.83894,7.8414,1.94,1.30
2015.04.22 08:25:06.687,7.83894,7.8414,1.56,1.30
2015.04.22 08:25:06.932,7.83922,7.8414,1.00,1.30
2015.04.22 08:25:07.433,7.83922,7.8416,1.00,1.30
2015.04.22 08:25:07.643,7.83922,7.84198,1.00,1.30
2015.04.22 08:25:09.535,7.83949,7.84198,1.00,1.30
2015.04.22 08:25:09.842,7.83977,7.84198,1.00,1.30
2015.04.22 08:25:11.048,7.83947,7.84198,1.26,1.30
2015.04.22 08:25:11.405,7.83947,7.84198,1.00,1.30
2015.04.22 08:25:12.834,7.83947,7.84198,1.19,1.30
2015.04.22 08:25:14.545,7.83972,7.84198,1.00,1.30
2015.04.22 08:25:14.848,7.84006,7.84198,1.19,1.30
2015.04.22 08:25:14.949,7.84031,7.84258,1.00,1.30
2015.04.22 08:25:16.778,7.84057,7.84258,1.00,1.30
2015.04.22 08:25:17.118,7.84057,7.84258,1.19,1.30
2015.04.22 08:25:19.107,7.84057,7.84258,1.00,1.30
2015.04.22 08:25:21.856,7.84046,7.84258,1.19,1.30
2015.04.22 08:25:23.285,7.84046,7.84258,1.00,1.30
2015.04.22 08:25:30.361,7.84046,7.84258,1.19,1.30
2015.04.22 08:25:30.696,7.84046,7.84278,1.19,1.30
2015.04.22 08:25:30.747,7.84046,7.84318,1.19,1.35
2015.04.22 08:25:31.650,7.84046,7.84318,1.19,1.05
2015.04.22 08:25:31.700,7.84073,7.84318,1.00,1.05
2015.04.22 08:25:32.066,7.84103,7.84318,1.00,1.30
2015.04.22 08:25:35.557,7.84103,7.84318,1.19,1.30
2015.04.22 08:25:35.709,7.84129,7.84364,1.00,1.00
2015.04.22 08:25:35.760,7.84129,7.8438,1.00,1.30
2015.04.22 08:25:36.013,7.84153,7.8438,1.00,1.30
2015.04.22 08:25:41.235,7.84157,7.8438,1.00,1.30
2015.04.22 08:25:41.693,7.84157,7.8444,1.00,1.56
2015.04.22 08:25:41.895,7.84157,7.8444,1.00,1.86
2015.04.22 08:25:42.683,7.84157,7.8444,1.00,1.86
2015.04.22 08:25:42.734,7.84122,7.84403,1.00,1.19
2015.04.22 08:25:42.835,7.84122,7.84378,1.00,1.30
2015.04.22 08:25:42.886,7.84119,7.84378,1.00,1.30
2015.04.22 08:25:43.088,7.84119,7.84378,1.00,1.37
2015.04.22 08:25:43.191,7.84093,7.84378,1.19,1.37
2015.04.22 08:25:43.292,7.84093,7.84378,1.19,1.67
2015.04.22 08:25:43.617,7.84118,7.84378,1.00,1.67
2015.04.22 08:25:43.871,7.84144,7.84407,1.19,1.37
2015.04.22 08:25:43.972,7.84144,7.84407,1.19,1.30
2015.04.22 08:25:44.594,7.84169,7.84407,1.00,1.30
2015.04.22 08:25:46.605,7.84122,7.84402,1.07,1.19
2015.04.22 08:25:46.820,7.84142,7.84407,1.00,1.49
2015.04.22 08:25:47.788,7.84142,7.84407,1.19,1.30
2015.04.22 08:25:48.836,7.84169,7.84407,1.00,1.30
2015.04.22 08:25:49.139,7.84194,7.84407,1.00,1.30
2015.04.22 08:25:51.800,7.84194,7.84407,1.19,1.30
2015.04.22 08:25:52.053,7.84194,7.8447,1.19,1.37
2015.04.22 08:25:52.104,7.84194,7.8447,1.19,1.30
2015.04.22 08:25:52.155,7.84219,7.8447,1.00,1.30
2015.04.22 08:25:57.356,7.84203,7.8447,1.19,1.30
2015.04.22 08:25:57.922,7.84203,7.8447,1.19,1.30
2015.04.22 08:25:59.920,7.84203,7.8447,1.19,1.30
2015.04.22 08:26:01.864,7.84229,7.8447,1.00,1.30
2015.04.22 08:26:02.191,7.84229,7.8447,1.19,1.30
2015.04.22 08:26:03.994,7.84243,7.8447,1.00,1.30
2015.04.22 08:26:04.313,7.84232,7.8447,1.19,1.30
2015.04.22 08:26:04.774,7.84232,7.8447,1.19,1.30
2015.04.22 08:26:05.075,7.84254,7.8447,1.00,1.30
2015.04.22 08:26:05.277,7.84278,7.84535,1.00,1.37
2015.04.22 08:26:05.328,7.84282,7.84535,1.00,1.37
2015.04.22 08:26:05.663,7.84311,7.84555,1.00,1.30
2015.04.22 08:26:05.714,7.84312,7.84597,1.00,2.29
2015.04.22 08:26:07.092,7.84311,7.84597,1.00,2.29
2015.04.22 08:26:07.143,7.84336,7.84597,1.00,1.54
2015.04.22 08:26:07.378,7.84336,7.84597,1.00,1.49
2015.04.22 08:26:07.564,7.84336,7.84597,1.00,1.30
2015.04.22 08:26:09.674,7.84303,7.84587,1.91,1.00
2015.04.22 08:26:09.863,7.84303,7.84587,1.91,1.00
2015.04.22 08:26:10.566,7.84303,7.84559,1.30,1.19
2015.04.22 08:26:10.668,7.84273,7.84534,1.00,1.30
2015.04.22 08:26:10.883,7.84245,7.84531,1.19,1.00
2015.04.22 08:26:12.655,7.84245,7.84531,1.19,1.00
2015.04.22 08:26:13.061,7.84271,7.84534,1.00,1.30
2015.04.22 08:26:17.018,7.84271,7.84534,1.00,1.49
2015.04.22 08:26:17.068,7.84246,7.8453,1.19,1.07
2015.04.22 08:26:17.220,7.84246,7.84495,1.19,1.30
2015.04.22 08:26:17.524,7.84246,7.84475,1.19,1.30
2015.04.22 08:26:18.990,7.84246,7.84475,1.19,1.30
2015.04.22 08:26:19.893,7.84271,7.84475,1.00,1.30
2015.04.22 08:26:20.964,7.84246,7.84475,1.00,1.30
2015.04.22 08:26:21.065,7.84202,7.84475,1.26,1.30
2015.04.22 08:26:21.268,7.84196,7.84475,1.19,1.37
2015.04.22 08:26:21.577,7.84221,7.84475,1.00,1.37
2015.04.22 08:26:21.812,7.84221,7.84475,1.00,1.30
2015.04.22 08:26:23.003,7.84221,7.84475,1.19,1.30
2015.04.22 08:26:24.992,7.84221,7.84475,1.00,1.49
2015.04.22 08:26:25.093,7.84192,7.84475,1.00,1.49
2015.04.22 08:26:25.296,7.84192,7.84475,1.00,1.56
2015.04.22 08:26:25.397,7.84167,7.84411,1.00,1.30
2015.04.22 08:26:25.499,7.84101,7.84344,1.75,1.30
2015.04.22 08:26:25.550,7.84101,7.84344,1.00,1.30
2015.04.22 08:26:25.601,7.84063,7.84284,1.00,1.30
2015.04.22 08:26:25.702,7.83992,7.84276,1.19,1.00
2015.04.22 08:26:25.803,7.83992,7.84276,1.00,1.19
2015.04.22 08:26:26.977,7.84019,7.84284,1.00,1.49
2015.04.22 08:26:27.182,7.83991,7.84277,1.00,1.19
2015.04.22 08:26:28.233,7.83991,7.84277,1.19,1.00
2015.04.22 08:26:29.653,7.84003,7.84277,1.00,1.00
2015.04.22 08:26:29.996,7.84062,7.84344,1.19,1.30
2015.04.22 08:26:30.520,7.8405,7.84319,1.49,1.00
2015.04.22 08:26:30.638,7.8405,7.84319,1.30,1.00
2015.04.22 08:26:30.689,7.8405,7.84296,1.30,1.00
2015.04.22 08:26:30.993,7.84011,7.84278,1.19,1.30
2015.04.22 08:26:31.594,7.83984,7.8427,1.91,1.00
2015.04.22 08:26:31.645,7.83984,7.8427,1.91,1.00
2015.04.22 08:26:33.845,7.83984,7.8427,1.91,1.00
2015.04.22 08:26:34.149,7.8405,7.84278,1.19,1.30
2015.04.22 08:26:35.103,7.84052,7.84278,1.00,1.30
2015.04.22 08:26:35.633,7.84026,7.84278,1.19,1.30
2015.04.22 08:26:37.163,7.84056,7.84312,1.30,1.00
2015.04.22 08:26:37.214,7.84106,7.8435,1.00,1.49
2015.04.22 08:26:37.265,7.84106,7.8435,1.00,1.30
2015.04.22 08:26:40.686,7.84082,7.8435,1.19,1.30
2015.04.22 08:26:41.013,7.84057,7.84344,1.19,1.00
2015.04.22 08:26:41.115,7.84091,7.8435,1.19,1.30
2015.04.22 08:26:41.375,7.84091,7.8435,1.00,1.30
2015.04.22 08:26:43.482,7.84091,7.8435,1.19,1.30
2015.04.22 08:26:45.443,7.84091,7.8435,1.19,1.30
2015.04.22 08:26:46.125,7.84116,7.8435,1.00,1.30
2015.04.22 08:26:46.540,7.84091,7.8435,1.19,1.30
2015.04.22 08:26:47.449,7.84091,7.8435,1.00,1.30
2015.04.22 08:26:49.141,7.84125,7.8435,1.00,1.30
2015.04.22 08:26:49.820,7.841,7.8435,1.19,1.30
2015.04.22 08:26:51.104,7.84143,7.8435,1.00,1.30
2015.04.22 08:26:51.934,7.84119,7.8435,1.19,1.30
2015.04.22 08:26:53.708,7.84152,7.8435,1.00,1.30
2015.04.22 08:26:54.011,7.84116,7.8435,1.00,1.30
2015.04.22 08:26:54.112,7.84143,7.8435,1.00,1.30
2015.04.22 08:26:54.213,7.84085,7.8435,1.00,1.30
2015.04.22 08:26:54.626,7.84056,7.84342,1.91,1.00
2015.04.22 08:26:54.897,7.84056,7.84342,1.91,1.07
2015.04.22 08:26:56.563,7.84056,7.84342,1.91,1.32
2015.04.22 08:26:56.664,7.84081,7.8435,1.00,1.30
2015.04.22 08:26:57.651,7.84081,7.8435,1.19,1.30
2015.04.22 08:26:57.995,7.84056,7.84336,1.30,1.19
2015.04.22 08:26:58.299,7.83988,7.84269,1.49,1.00
2015.04.22 08:26:58.660,7.83983,7.84223,1.00,1.30
2015.04.22 08:26:58.972,7.83983,7.84223,1.19,1.30
2015.04.22 08:27:00.899,7.84014,7.84223,1.00,1.30
2015.04.22 08:27:01.924,7.83973,7.84223,1.19,1.30
2015.04.22 08:27:02.025,7.83973,7.84223,1.00,1.30
2015.04.22 08:27:02.227,7.8393,7.84207,1.49,1.00
2015.04.22 08:27:02.633,7.8393,7.84207,1.49,1.07
2015.04.22 08:27:03.694,7.83948,7.84223,1.19,1.30
2015.04.22 08:27:04.033,7.83973,7.84223,1.00,1.30
2015.04.22 08:27:04.336,7.84008,7.84223,1.00,1.30
2015.04.22 08:27:04.438,7.8398,7.84223,1.19,1.30
2015.04.22 08:27:06.124,7.8398,7.84223,1.19,1.30
2015.04.22 08:27:06.773,7.84009,7.84223,1.00,1.30
2015.04.22 08:27:07.485,7.84009,7.84286,1.00,1.30
2015.04.22 08:27:08.236,7.83992,7.84268,1.49,1.00
2015.04.22 08:27:08.287,7.83992,7.84268,1.30,1.00
2015.04.22 08:27:09.585,7.83982,7.84227,1.19,1.30
2015.04.22 08:27:09.939,7.83994,7.84227,1.00,1.30
2015.04.22 08:27:10.994,7.83994,7.84227,1.19,1.05
2015.04.22 08:27:12.202,7.83994,7.84227,1.00,1.30
2015.04.22 08:27:12.303,7.83994,7.84227,1.00,1.37
2015.04.22 08:27:12.508,7.83994,7.84227,1.00,1.30
2015.04.22 08:27:13.949,7.83933,7.84144,1.30,1.00
2015.04.22 08:27:14.101,7.83884,7.84137,1.37,1.19
2015.04.22 08:27:14.152,7.83853,7.84138,1.00,1.49
2015.04.22 08:27:14.405,7.83853,7.84138,1.00,1.86
2015.04.22 08:27:14.719,7.83826,7.84099,1.19,1.30
2015.04.22 08:27:15.058,7.83826,7.84099,1.19,1.37
2015.04.22 08:27:16.246,7.83826,7.84099,1.19,1.37
2015.04.22 08:27:16.361,7.83826,7.84099,1.19,1.30
2015.04.22 08:27:17.186,7.83864,7.84099,1.00,1.30
2015.04.22 08:27:17.489,7.83889,7.84157,1.19,1.37
2015.04.22 08:27:17.699,7.83861,7.84147,1.19,1.00
2015.04.22 08:27:17.749,7.83861,7.84147,1.00,1.19
2015.04.22 08:27:17.829,7.83836,7.84096,1.19,1.30
2015.04.22 08:27:18.081,7.83831,7.84096,1.00,1.49
2015.04.22 08:27:18.274,7.83831,7.84096,1.00,1.86
2015.04.22 08:27:18.586,7.83837,7.84096,1.00,1.86
2015.04.22 08:27:19.130,7.83837,7.84096,1.00,1.56
2015.04.22 08:27:19.231,7.83837,7.84096,1.19,1.37
2015.04.22 08:27:21.330,7.83831,7.84096,1.19,1.37
2015.04.22 08:27:21.775,7.83831,7.84096,1.19,1.30
2015.04.22 08:27:22.130,7.83831,7.84096,1.00,1.30
2015.04.22 08:27:23.741,7.83831,7.84096,1.19,1.30
2015.04.22 08:27:23.843,7.83845,7.84116,1.19,1.35
2015.04.22 08:27:23.944,7.83845,7.84126,1.19,1.30
2015.04.22 08:27:24.963,7.83869,7.84126,1.19,1.30
2015.04.22 08:27:26.888,7.83978,7.84126,1.00,1.30
2015.04.22 08:27:26.989,7.83955,7.84236,1.00,2.24
2015.04.22 08:27:27.040,7.83955,7.84236,1.00,1.49
2015.04.22 08:27:27.091,7.83955,7.84236,1.19,1.30
2015.04.22 08:27:27.821,7.83955,7.84236,1.19,1.37
2015.04.22 08:27:28.233,7.83955,7.84236,1.19,1.30
2015.04.22 08:27:29.394,7.83955,7.84236,1.19,1.30
2015.04.22 08:27:29.445,7.83955,7.84236,1.19,1.37
2015.04.22 08:27:29.781,7.83922,7.84198,1.76,1.00
2015.04.22 08:27:30.085,7.83888,7.84172,1.79,1.00
2015.04.22 08:27:30.658,7.83888,7.84147,1.79,1.30
2015.04.22 08:27:31.012,7.83885,7.84142,2.29,1.00
2015.04.22 08:27:31.063,7.83885,7.84142,2.29,1.00
2015.04.22 08:27:31.214,7.83885,7.84147,2.29,1.30
2015.04.22 08:27:31.720,7.83885,7.84147,2.29,1.37
2015.04.22 08:27:32.228,7.83885,7.84147,2.29,1.30
2015.04.22 08:27:43.622,7.83921,7.84147,1.79,1.30
2015.04.22 08:27:45.610,7.83921,7.84147,1.79,1.30
2015.04.22 08:27:46.300,7.83921,7.84147,1.00,1.30
2015.04.22 08:27:46.401,7.83853,7.84125,1.30,1.19
2015.04.22 08:27:46.918,7.83853,7.84096,1.30,1.19
2015.04.22 08:27:47.020,7.8381,7.8407,1.00,1.49
2015.04.22 08:27:47.121,7.83812,7.8407,1.00,1.49
2015.04.22 08:27:48.675,7.83832,7.8407,1.00,1.49
2015.04.22 08:27:49.000,7.83832,7.8407,1.00,1.49
2015.04.22 08:27:50.713,7.83832,7.84044,1.00,1.19
2015.04.22 08:27:51.016,7.83832,7.84006,1.00,1.30
2015.04.22 08:27:51.585,7.83835,7.84006,1.00,1.30
2015.04.22 08:27:51.636,7.83832,7.84006,1.00,1.30
2015.04.22 08:27:54.025,7.83861,7.84006,1.00,1.30
2015.04.22 08:27:55.548,7.83861,7.84077,1.00,1.49
2015.04.22 08:27:56.462,7.83861,7.84077,1.00,1.30
2015.04.22 08:27:57.002,7.83837,7.84077,1.00,1.30
2015.04.22 08:27:57.052,7.83864,7.84077,1.00,1.30
2015.04.22 08:27:57.651,7.83864,7.84136,1.19,1.67
2015.04.22 08:27:59.060,7.83864,7.84136,1.19,1.37
2015.04.22 08:27:59.727,7.83864,7.84136,1.25,1.37
2015.04.22 08:28:00.270,7.83864,7.84136,1.25,1.30
2015.04.22 08:28:00.490,7.83864,7.84136,1.25,1.37
2015.04.22 08:28:00.820,7.83864,7.84136,1.25,1.30
2015.04.22 08:28:01.809,7.83864,7.84136,1.25,1.37
2015.04.22 08:28:02.490,7.83867,7.84136,1.00,1.56
2015.04.22 08:28:03.150,7.83891,7.84136,1.00,1.56
2015.04.22 08:28:03.201,7.83891,7.84136,1.00,1.49
2015.04.22 08:28:03.462,7.83865,7.84136,1.00,1.49
2015.04.22 08:28:04.029,7.83897,7.84136,1.00,1.49
2015.04.22 08:28:04.863,7.83897,7.84136,1.00,1.30
2015.04.22 08:28:06.645,7.83941,7.84196,1.00,2.24
2015.04.22 08:28:06.870,7.83941,7.84196,1.00,1.86
2015.04.22 08:28:08.061,7.83941,7.84196,1.00,1.37
2015.04.22 08:28:08.850,7.83941,7.84196,1.00,1.37
2015.04.22 08:28:09.282,7.83941,7.84196,1.00,1.35
2015.04.22 08:28:10.060,7.83941,7.84196,1.00,1.37
2015.04.22 08:28:10.681,7.83966,7.84196,1.00,1.37
2015.04.22 08:28:10.971,7.83941,7.84196,1.00,1.37
2015.04.22 08:28:11.974,7.83966,7.84196,1.00,1.37
2015.04.22 08:28:12.361,7.83966,7.84196,1.00,1.37
2015.04.22 08:28:12.801,7.83966,7.84196,1.00,1.67
2015.04.22 08:28:12.952,7.83938,7.84196,1.25,1.67
2015.04.22 08:28:13.003,7.83938,7.84196,1.25,1.67
2015.04.22 08:28:13.572,7.83938,7.84196,1.00,2.24
2015.04.22 08:28:17.973,7.83942,7.84196,1.00,2.05
2015.04.22 08:28:22.484,7.83942,7.84196,1.19,2.05
2015.04.22 08:28:23.178,7.8397,7.84196,1.00,2.05
2015.04.22 08:28:23.590,7.8397,7.84196,1.00,1.37
2015.04.22 08:28:27.393,7.83931,7.84195,1.19,1.37
2015.04.22 08:28:27.767,7.83931,7.84195,1.19,1.72
2015.04.22 08:28:28.624,7.83931,7.84195,1.00,1.72
2015.04.22 08:28:29.904,7.83956,7.84195,1.00,1.72
2015.04.22 08:28:30.791,7.83981,7.84195,1.00,1.72
2015.04.22 08:28:31.570,7.83955,7.84195,1.00,1.72
2015.04.22 08:28:32.801,7.83955,7.84195,1.00,1.67
2015.04.22 08:28:33.241,7.83955,7.84195,1.00,1.67
2015.04.22 08:28:36.441,7.83955,7.84195,1.00,1.67
2015.04.22 08:28:37.077,7.83961,7.84195,1.00,1.67
2015.04.22 08:28:44.938,7.83961,7.84195,1.19,1.67
2015.04.22 08:28:46.968,7.83961,7.84212,1.00,1.67
2015.04.22 08:28:48.449,7.83961,7.84212,1.00,1.67
2015.04.22 08:28:49.137,7.84022,7.84212,1.00,1.67
2015.04.22 08:28:49.520,7.84022,7.84212,1.00,1.37
2015.04.22 08:28:49.621,7.83995,7.84212,1.00,1.37
2015.04.22 08:28:50.064,7.83995,7.84212,1.00,1.37
2015.04.22 08:28:53.380,7.83995,7.84275,1.00,2.24
2015.04.22 08:28:54.803,7.8399,7.84274,1.19,1.75
2015.04.22 08:28:56.069,7.8399,7.84274,1.00,1.94
2015.04.22 08:28:58.072,7.8399,7.84274,1.19,1.75
2015.04.22 08:28:59.233,7.84026,7.84275,1.00,2.05
2015.04.22 08:28:59.779,7.84026,7.84275,1.00,1.67
2015.04.22 08:28:59.911,7.8399,7.84275,1.19,1.67
2015.04.22 08:29:00.315,7.8399,7.84275,1.19,2.05
2015.04.22 08:29:00.691,7.8399,7.84275,1.00,2.24
2015.04.22 08:29:00.742,7.83961,7.84213,1.16,1.30
2015.04.22 08:29:02.511,7.83932,7.84213,1.19,1.35
2015.04.22 08:29:02.857,7.83932,7.84213,1.19,1.35
2015.04.22 08:29:04.795,7.83932,7.84213,1.19,1.35
2015.04.22 08:29:06.801,7.83948,7.84213,1.19,1.35
2015.04.22 08:29:08.906,7.83948,7.84213,1.19,1.35
2015.04.22 08:29:11.110,7.83962,7.84213,1.19,1.35
2015.04.22 08:29:13.255,7.83962,7.84213,1.19,1.35
2015.04.22 08:29:13.380,7.83962,7.84213,1.19,1.30
2015.04.22 08:29:14.895,7.83986,7.84232,1.19,1.37
2015.04.22 08:29:15.223,7.83986,7.84272,1.19,1.75
2015.04.22 08:29:17.489,7.84011,7.84274,1.19,1.67
2015.04.22 08:29:17.829,7.84011,7.84274,1.19,1.67
2015.04.22 08:29:19.833,7.84011,7.84274,1.19,1.67
2015.04.22 08:29:21.837,7.84019,7.84274,1.19,1.67
2015.04.22 08:29:23.942,7.84019,7.84274,1.19,1.67
2015.04.22 08:29:25.975,7.84019,7.84274,1.19,1.67
2015.04.22 08:29:27.059,7.8401,7.84274,1.00,2.05
2015.04.22 08:29:27.189,7.83962,7.84203,1.00,1.30
2015.04.22 08:29:27.290,7.83919,7.84203,1.00,1.30
2015.04.22 08:29:27.392,7.83909,7.84178,1.30,1.00
2015.04.22 08:29:29.174,7.83909,7.84151,1.30,1.00
2015.04.22 08:29:29.484,7.83865,7.84142,1.19,1.30
2015.04.22 08:29:31.364,7.83865,7.84142,1.19,1.30
2015.04.22 08:29:32.867,7.839,7.84142,1.00,1.30
2015.04.22 08:29:33.480,7.839,7.84142,1.19,1.30
2015.04.22 08:29:33.735,7.83928,7.84209,1.19,1.30
2015.04.22 08:29:35.474,7.83928,7.84209,1.19,1.30
2015.04.22 08:29:35.776,7.83915,7.84182,1.49,1.00
2015.04.22 08:29:35.877,7.83915,7.84182,1.30,1.19
2015.04.22 08:29:35.979,7.83915,7.84128,1.30,1.00
2015.04.22 08:29:36.030,7.83853,7.84128,1.49,1.00
2015.04.22 08:29:36.915,7.83853,7.84091,1.30,1.00
2015.04.22 08:29:38.131,7.83813,7.84084,1.19,1.30
2015.04.22 08:29:38.317,7.83813,7.84067,1.19,1.00
2015.04.22 08:29:39.238,7.83813,7.84067,1.00,1.00
2015.04.22 08:29:40.910,7.83813,7.84042,1.00,1.00
2015.04.22 08:29:41.242,7.83813,7.84017,1.00,1.00
2015.04.22 08:29:41.599,7.83828,7.84017,1.00,1.00
2015.04.22 08:29:42.150,7.83835,7.84017,1.00,1.00
2015.04.22 08:29:43.442,7.8383,7.84017,1.00,1.00
2015.04.22 08:29:46.109,7.8383,7.83988,1.00,1.00
2015.04.22 08:29:46.899,7.8383,7.83938,1.00,1.00
2015.04.22 08:29:47.218,7.83835,7.83911,1.00,1.00
2015.04.22 08:29:47.562,7.83826,7.83884,1.00,1.00
2015.04.22 08:29:48.835,7.83764,7.83856,1.00,1.00
2015.04.22 08:29:49.160,7.8374,7.83829,1.00,1.30
2015.04.22 08:29:50.170,7.83741,7.83829,1.00,1.30
2015.04.22 08:29:50.221,7.83785,7.83849,1.00,1.30
2015.04.22 08:29:50.409,7.83827,7.83898,1.00,1.49
2015.04.22 08:29:51.073,7.83827,7.83898,1.00,1.49
2015.04.22 08:29:51.236,7.83834,7.83898,1.00,1.49
2015.04.22 08:29:53.827,7.83829,7.83898,1.00,1.49
2015.04.22 08:29:55.933,7.83828,7.83898,1.00,1.49
2015.04.22 08:29:56.935,7.83784,7.83898,1.00,1.49
2015.04.22 08:29:58.158,7.8382,7.83898,1.00,1.49
2015.04.22 08:29:59.550,7.83831,7.83898,1.00,1.49
2015.04.22 08:29:59.601,7.83658,7.83898,1.11,1.49
2015.04.22 08:29:59.728,7.83623,7.83898,1.00,1.49
2015.04.22 08:30:00.705,7.8363,7.83898,1.00,1.49
2015.04.22 08:30:01.569,7.8363,7.83898,1.00,1.49
2015.04.22 08:30:01.901,7.83669,7.83898,1.00,1.49
2015.04.22 08:30:02.054,7.83624,7.83905,1.00,1.49
2015.04.22 08:30:03.512,7.8365,7.83905,1.00,1.49
2015.04.22 08:30:05.267,7.8365,7.83905,1.00,1.49
2015.04.22 08:30:05.964,7.8365,7.83905,1.00,1.49
2015.04.22 08:30:08.190,7.8365,7.83905,1.00,1.49
2015.04.22 08:30:08.342,7.83683,7.83968,1.00,1.19
2015.04.22 08:30:08.915,7.83683,7.83867,1.00,1.49
2015.04.22 08:30:08.966,7.836,7.83848,1.00,1.30
2015.04.22 08:30:09.067,7.83574,7.83848,1.00,1.30
2015.04.22 08:30:09.118,7.83574,7.83848,1.00,1.49
2015.04.22 08:30:09.422,7.83604,7.83848,1.00,1.49
2015.04.22 08:30:09.780,7.83604,7.83848,1.00,1.30
2015.04.22 08:30:09.932,7.83598,7.83848,1.00,1.30
2015.04.22 08:30:10.150,7.83711,7.83848,1.00,1.30
2015.04.22 08:30:10.200,7.83711,7.83917,1.00,1.30
2015.04.22 08:30:10.254,7.83704,7.83917,1.00,1.30
2015.04.22 08:30:10.305,7.83704,7.83982,1.00,1.49
2015.04.22 08:30:10.356,7.83739,7.83982,1.00,1.49
2015.04.22 08:30:10.406,7.83739,7.83982,1.00,1.30
2015.04.22 08:30:10.457,7.83765,7.83982,1.00,1.30
2015.04.22 08:30:10.508,7.83765,7.84045,1.00,1.49
2015.04.22 08:30:10.609,7.83765,7.83981,1.00,1.49
2015.04.22 08:30:10.828,7.8359,7.83869,1.19,1.30
2015.04.22 08:30:12.427,7.8359,7.83869,1.00,1.49
2015.04.22 08:30:12.477,7.83575,7.83818,1.37,1.00
2015.04.22 08:30:12.579,7.83575,7.83855,1.30,1.19
2015.04.22 08:30:12.941,7.83594,7.83869,1.00,1.49
2015.04.22 08:30:13.059,7.83594,7.83869,1.00,1.16
2015.04.22 08:30:13.727,7.83594,7.83869,1.00,1.49
2015.04.22 08:30:13.778,7.83575,7.83851,1.30,1.19
2015.04.22 08:30:14.639,7.83575,7.83812,1.30,1.00
2015.04.22 08:30:14.943,7.83575,7.83783,1.30,1.19
2015.04.22 08:30:14.994,7.83556,7.83783,1.30,1.19
2015.04.22 08:30:15.095,7.83509,7.83783,1.37,1.19
2015.04.22 08:30:15.266,7.83509,7.83783,1.30,1.19
2015.04.22 08:30:15.851,7.83509,7.83757,1.30,1.00
2015.04.22 08:30:16.167,7.83509,7.83757,1.30,1.19
2015.04.22 08:30:16.219,7.83489,7.83757,1.30,1.19
2015.04.22 08:30:16.270,7.83471,7.83757,1.07,1.19
2015.04.22 08:30:16.763,7.83449,7.8373,1.30,1.19
2015.04.22 08:30:17.518,7.83449,7.8373,1.37,1.19
2015.04.22 08:30:18.027,7.8347,7.83756,1.00,1.19
2015.04.22 08:30:18.341,7.8358,7.83795,1.00,1.49
2015.04.22 08:30:18.393,7.8358,7.83866,1.00,1.69
2015.04.22 08:30:19.030,7.8358,7.83866,1.00,1.69
2015.04.22 08:30:19.267,7.83555,7.83839,1.00,1.19
2015.04.22 08:30:19.828,7.83555,7.83839,1.00,1.19
2015.04.22 08:30:21.977,7.83555,7.83839,1.00,1.19
2015.04.22 08:30:22.135,7.83555,7.83839,1.00,1.19
2015.04.22 08:30:23.682,7.83552,7.83812,1.30,1.19
2015.04.22 08:30:23.733,7.83526,7.83812,1.00,1.19
2015.04.22 08:30:25.796,7.83526,7.83812,1.00,1.19
2015.04.22 08:30:26.793,7.835,7.83786,1.00,1.19
2015.04.22 08:30:27.199,7.835,7.83786,1.00,1.19
2015.04.22 08:30:27.490,7.83493,7.83759,1.30,1.00
2015.04.22 08:30:27.541,7.83475,7.83759,1.00,1.00
2015.04.22 08:30:27.642,7.83448,7.83734,1.00,1.00
2015.04.22 08:30:27.692,7.83448,7.83734,1.00,1.19
2015.04.22 08:30:27.881,7.83434,7.83709,1.30,1.25
2015.04.22 08:30:29.660,7.83434,7.83709,1.30,1.19
2015.04.22 08:30:30.336,7.83423,7.83693,1.00,1.30
2015.04.22 08:30:31.891,7.83423,7.83693,1.00,1.49
2015.04.22 08:30:31.967,7.83389,7.83675,1.19,1.00
2015.04.22 08:30:32.018,7.83389,7.83675,1.00,1.19
2015.04.22 08:30:32.069,7.83367,7.83647,1.30,1.19
2015.04.22 08:30:32.625,7.83399,7.83685,1.00,1.19
2015.04.22 08:30:32.929,7.83425,7.83693,1.00,1.49
2015.04.22 08:30:33.601,7.83425,7.83693,1.00,1.30
2015.04.22 08:30:33.702,7.83453,7.83693,1.19,1.30
2015.04.22 08:30:33.753,7.83453,7.83739,1.19,1.00
2015.04.22 08:30:33.804,7.83479,7.83751,1.00,1.30
2015.04.22 08:30:34.049,7.83472,7.83751,1.00,1.30
2015.04.22 08:30:34.700,7.83497,7.83751,1.00,1.30
2015.04.22 08:30:35.786,7.83472,7.83751,1.00,1.30
2015.04.22 08:30:35.837,7.83472,7.83751,1.00,1.49
2015.04.22 08:30:35.888,7.83446,7.83732,1.19,1.00
2015.04.22 08:30:35.939,7.83446,7.83732,1.00,1.19
2015.04.22 08:30:35.989,7.83426,7.83701,1.30,1.19
2015.04.22 08:30:36.904,7.83426,7.83674,1.30,1.19
2015.04.22 08:30:36.955,7.83388,7.83674,1.00,1.19
2015.04.22 08:30:37.107,7.83362,7.83648,1.00,1.19
2015.04.22 08:30:37.797,7.83408,7.83683,1.00,1.49
2015.04.22 08:30:38.221,7.83383,7.83669,1.00,1.19
2015.04.22 08:30:38.636,7.83359,7.83643,1.00,1.25
2015.04.22 08:30:39.151,7.83359,7.83643,1.00,1.19
2015.04.22 08:30:39.417,7.83298,7.83584,1.00,1.19
2015.04.22 08:30:39.992,7.83328,7.83612,1.00,1.19
2015.04.22 08:30:40.308,7.83296,7.83579,1.30,1.19
2015.04.22 08:30:40.358,7.83293,7.83563,1.00,1.30
2015.04.22 08:30:40.661,7.83275,7.83561,1.00,1.19
2015.04.22 08:30:41.126,7.83304,7.83563,1.00,1.49
2015.04.22 08:30:41.227,7.8327,7.83556,1.00,1.19
2015.04.22 08:30:41.519,7.83245,7.83529,1.19,1.00
2015.04.22 08:30:42.414,7.83273,7.8356,1.00,1.19
2015.04.22 08:30:42.465,7.83273,7.8356,1.00,1.19
2015.04.22 08:30:42.920,7.833,7.83563,1.00,1.49
2015.04.22 08:30:43.114,7.83331,7.83617,1.00,1.19
2015.04.22 08:30:43.317,7.83306,7.83592,1.19,1.00
2015.04.22 08:30:44.233,7.83333,7.83619,1.00,1.19
2015.04.22 08:30:44.935,7.83299,7.8353,1.30,1.00
2015.04.22 08:30:44.986,7.8327,7.8353,1.30,1.00
2015.04.22 08:30:45.037,7.83271,7.83557,1.00,1.19
2015.04.22 08:30:45.143,7.8327,7.83465,1.30,1.00
2015.04.22 08:30:45.194,7.83223,7.83465,1.00,1.00
2015.04.22 08:30:45.245,7.83223,7.83491,1.00,1.30
2015.04.22 08:30:45.346,7.83206,7.83491,1.00,1.30
2015.04.22 08:30:45.448,7.83266,7.83491,1.00,1.30
2015.04.22 08:30:45.499,7.83266,7.83552,1.00,1.19
2015.04.22 08:30:45.921,7.83299,7.83553,1.00,1.49
2015.04.22 08:30:45.972,7.83318,7.83585,1.30,1.19
2015.04.22 08:30:46.543,7.83326,7.83612,1.19,1.72
2015.04.22 08:30:46.644,7.83355,7.83612,1.00,1.30
2015.04.22 08:30:46.989,7.83377,7.83639,1.30,1.19
2015.04.22 08:30:48.646,7.83377,7.83639,1.30,1.00
2015.04.22 08:30:48.860,7.83377,7.83607,1.30,1.00
2015.04.22 08:30:48.911,7.83323,7.83607,1.19,1.00
2015.04.22 08:30:49.012,7.83317,7.83575,1.56,1.00
2015.04.22 08:30:50.052,7.83317,7.83575,1.30,1.19
2015.04.22 08:30:52.259,7.83317,7.83575,1.30,1.00
2015.04.22 08:30:52.629,7.83362,7.83616,1.00,1.49
2015.04.22 08:30:53.019,7.83398,7.83616,1.00,1.49
2015.04.22 08:30:53.069,7.83398,7.83616,1.00,1.30
2015.04.22 08:30:53.120,7.83424,7.83677,1.00,1.49
2015.04.22 08:30:53.222,7.8345,7.83677,1.00,1.49
2015.04.22 08:30:53.273,7.8345,7.83677,1.00,1.30
2015.04.22 08:30:53.437,7.8345,7.83736,1.00,1.19
2015.04.22 08:30:53.488,7.83445,7.83677,1.30,1.00
2015.04.22 08:30:53.539,7.83393,7.83669,1.19,1.30
2015.04.22 08:30:53.943,7.83418,7.83669,1.00,1.30
2015.04.22 08:30:54.044,7.83394,7.83669,1.19,1.30
2015.04.22 08:30:54.979,7.83394,7.83669,1.19,1.30
2015.04.22 08:30:56.970,7.83493,7.83758,1.00,2.09
2015.04.22 08:30:57.020,7.83493,7.83758,1.19,1.90
2015.04.22 08:30:57.340,7.83493,7.83758,1.00,2.09
2015.04.22 08:30:57.391,7.83466,7.83726,1.30,1.00
2015.04.22 08:30:57.454,7.8344,7.83699,1.19,1.30
2015.04.22 08:30:58.143,7.83409,7.83693,1.19,1.00
2015.04.22 08:30:58.244,7.83433,7.83699,1.19,1.30
2015.04.22 08:30:59.404,7.83433,7.83699,1.19,1.30
2015.04.22 08:31:00.377,7.8346,7.83699,1.00,1.30
2015.04.22 08:31:01.280,7.83488,7.83699,1.00,1.30
2015.04.22 08:31:01.381,7.83514,7.83767,1.00,2.09
2015.04.22 08:31:01.482,7.83488,7.83767,1.00,2.09
2015.04.22 08:31:01.533,7.83488,7.83767,1.00,2.09
2015.04.22 08:31:01.936,7.83513,7.83767,1.00,2.09
2015.04.22 08:31:02.115,7.83513,7.83767,1.00,1.90
2015.04.22 08:31:03.548,7.83539,7.83767,1.00,1.90
2015.04.22 08:31:04.203,7.83539,7.83767,1.19,1.90
2015.04.22 08:31:05.059,7.83563,7.83801,1.00,2.10
2015.04.22 08:31:06.347,7.83563,7.83801,1.19,2.10
2015.04.22 08:31:07.082,7.83597,7.83801,1.00,2.10
2015.04.22 08:31:07.256,7.83597,7.83834,1.00,1.30
2015.04.22 08:31:07.792,7.83568,7.83834,1.19,1.30
2015.04.22 08:31:07.944,7.83568,7.83834,1.00,1.49
2015.04.22 08:31:07.995,7.8354,7.83826,1.72,1.19
2015.04.22 08:31:10.121,7.8354,7.83826,1.72,1.19
2015.04.22 08:31:10.960,7.8354,7.83794,1.72,1.49
2015.04.22 08:31:11.061,7.83515,7.83774,1.00,1.30
2015.04.22 08:31:12.261,7.83541,7.83774,1.00,1.30
2015.04.22 08:31:13.059,7.83516,7.83774,1.00,1.30
2015.04.22 08:31:15.137,7.83516,7.83774,1.00,1.49
2015.04.22 08:31:16.170,7.83507,7.83774,1.00,1.49
2015.04.22 08:31:16.272,7.83535,7.83774,1.00,1.49
2015.04.22 08:31:16.424,7.83539,7.83794,1.30,1.30
2015.04.22 08:31:16.475,7.83539,7.83798,1.30,1.00
2015.04.22 08:31:16.669,7.83539,7.83791,1.30,1.00
2015.04.22 08:31:16.973,7.8348,7.83767,1.00,1.19
2015.04.22 08:31:18.348,7.8348,7.83767,1.19,1.00
2015.04.22 08:31:20.188,7.83476,7.83726,1.49,1.00
2015.04.22 08:31:21.404,7.83476,7.83726,1.49,1.00
2015.04.22 08:31:23.479,7.83484,7.83726,1.19,1.00
2015.04.22 08:31:24.270,7.83484,7.83726,1.19,1.00
2015.04.22 08:31:24.321,7.83531,7.83776,1.19,1.30
2015.04.22 08:31:24.371,7.83531,7.83776,1.19,1.30
2015.04.22 08:31:25.168,7.83558,7.83776,1.19,1.30
2015.04.22 08:31:25.472,7.83519,7.83776,1.00,1.30
2015.04.22 08:31:25.573,7.83493,7.83776,1.19,1.30
2015.04.22 08:31:26.822,7.83457,7.8371,1.00,1.30
2015.04.22 08:31:26.923,7.8343,7.8371,1.19,1.30
2015.04.22 08:31:27.314,7.8343,7.8371,1.19,1.30
2015.04.22 08:31:27.631,7.83481,7.8371,1.19,1.30
2015.04.22 08:31:27.915,7.83448,7.8371,1.19,1.30
2015.04.22 08:31:29.132,7.83472,7.8371,1.19,1.30
2015.04.22 08:31:29.639,7.83498,7.8371,1.00,1.30
2015.04.22 08:31:29.740,7.83498,7.8377,1.00,1.30
2015.04.22 08:31:30.308,7.83498,7.8377,1.19,1.30
2015.04.22 08:31:32.398,7.83498,7.8377,1.19,1.30
2015.04.22 08:31:32.620,7.83526,7.8377,1.19,1.30
2015.04.22 08:31:33.120,7.83584,7.8377,1.00,1.30
2015.04.22 08:31:33.171,7.83584,7.83848,1.00,1.54
2015.04.22 08:31:33.222,7.83584,7.83848,1.19,1.67
2015.04.22 08:31:33.329,7.83584,7.83848,1.19,1.30
2015.04.22 08:31:34.192,7.83558,7.83844,1.19,1.00
2015.04.22 08:31:34.794,7.83583,7.83848,1.19,1.30
2015.04.22 08:31:35.238,7.83583,7.83848,1.19,1.30
2015.04.22 08:31:37.212,7.83583,7.83848,1.19,1.30
2015.04.22 08:31:41.138,7.83599,7.83848,1.00,1.30
2015.04.22 08:31:41.923,7.83599,7.83848,1.19,1.30
2015.04.22 08:31:44.982,7.83575,7.83848,1.19,1.30
2015.04.22 08:31:46.362,7.83602,7.83848,1.19,1.30
2015.04.22 08:31:48.490,7.83577,7.83848,1.19,1.30
2015.04.22 08:31:49.573,7.83577,7.83848,1.19,1.30
2015.04.22 08:31:51.654,7.83577,7.83848,1.19,1.30
2015.04.22 08:31:52.264,7.83577,7.83848,1.19,1.30
2015.04.22 08:31:52.997,7.83609,7.83848,1.19,1.30
2015.04.22 08:31:53.098,7.83613,7.83895,1.49,1.00
2015.04.22 08:31:55.066,7.83613,7.83895,1.49,1.00
2015.04.22 08:31:55.126,7.83635,7.83907,1.19,1.30
2015.04.22 08:31:55.827,7.83613,7.83884,1.49,1.00
2015.04.22 08:31:55.878,7.83613,7.83884,1.49,1.00
2015.04.22 08:31:55.929,7.83613,7.83845,1.49,1.00
2015.04.22 08:31:56.871,7.83559,7.83845,1.19,1.00
2015.04.22 08:31:58.448,7.83585,7.83847,1.19,1.30
2015.04.22 08:31:58.550,7.83611,7.83847,1.00,1.30
2015.04.22 08:31:59.302,7.83612,7.83895,1.49,1.00
2015.04.22 08:32:00.460,7.83612,7.83895,1.49,1.00
2015.04.22 08:32:00.511,7.83612,7.83895,1.49,1.00
2015.04.22 08:32:00.668,7.83612,7.8387,1.49,1.00
2015.04.22 08:32:01.268,7.83612,7.83895,1.49,1.00
2015.04.22 08:32:01.428,7.83612,7.83895,1.49,1.00
2015.04.22 08:32:03.187,7.83635,7.83906,1.19,1.30
2015.04.22 08:32:03.238,7.83635,7.83906,1.00,1.49
2015.04.22 08:32:03.669,7.83683,7.83906,1.19,1.30
2015.04.22 08:32:03.943,7.8368,7.83964,1.19,1.60
2015.04.22 08:32:04.348,7.83653,7.83903,1.19,1.30
2015.04.22 08:32:04.740,7.83653,7.83903,1.19,1.30
2015.04.22 08:32:06.778,7.83653,7.83903,1.00,1.30
2015.04.22 08:32:10.190,7.8365,7.83903,1.00,1.30
2015.04.22 08:32:10.951,7.8365,7.83903,1.19,1.30
2015.04.22 08:32:12.702,7.83678,7.83903,1.00,1.30
2015.04.22 08:32:13.369,7.83648,7.83903,1.19,1.30
2015.04.22 08:32:13.571,7.83648,7.83903,1.00,1.30
2015.04.22 08:32:13.673,7.83609,7.83883,1.30,1.19
2015.04.22 08:32:14.677,7.83609,7.83883,1.49,1.00
2015.04.22 08:32:17.609,7.83571,7.8384,1.19,1.30
2015.04.22 08:32:17.711,7.83547,7.83827,1.49,1.00
2015.04.22 08:32:18.918,7.83547,7.83827,1.49,1.00
2015.04.22 08:32:19.221,7.83547,7.83801,1.49,1.00
2015.04.22 08:32:21.090,7.83547,7.83801,1.49,1.00
2015.04.22 08:32:22.500,7.83547,7.83801,1.49,1.00
2015.04.22 08:32:23.718,7.83547,7.83801,1.30,1.00
2015.04.22 08:32:23.990,7.83527,7.83776,1.49,1.72
2015.04.22 08:32:24.141,7.8349,7.83776,1.19,1.80
2015.04.22 08:32:24.192,7.83489,7.8375,1.19,1.00
2015.04.22 08:32:25.005,7.83463,7.83713,1.49,1.30
2015.04.22 08:32:25.808,7.8344,7.83713,1.00,1.30
2015.04.22 08:32:26.082,7.8342,7.837,1.49,1.00
2015.04.22 08:32:27.720,7.8342,7.837,1.49,1.00
2015.04.22 08:32:27.821,7.83466,7.83713,1.19,1.30
2015.04.22 08:32:27.922,7.83466,7.83713,1.19,1.30
2015.04.22 08:32:29.444,7.8349,7.83774,1.19,1.00
2015.04.22 08:32:29.859,7.83491,7.83774,1.19,1.00
2015.04.22 08:32:31.827,7.83496,7.83774,1.19,1.00
2015.04.22 08:32:32.892,7.83496,7.83749,1.19,1.00
2015.04.22 08:32:33.846,7.83496,7.83749,1.19,1.00
2015.04.22 08:32:34.007,7.83524,7.83775,1.00,1.30
2015.04.22 08:32:34.057,7.83524,7.83775,1.19,1.30
2015.04.22 08:32:36.165,7.83524,7.83775,1.19,1.30
2015.04.22 08:32:38.063,7.83524,7.83775,1.19,1.30
2015.04.22 08:32:40.552,7.83532,7.83775,1.19,1.30
2015.04.22 08:32:42.857,7.83565,7.83775,1.19,1.30
2015.04.22 08:32:44.386,7.83538,7.83775,1.19,1.30
2015.04.22 08:32:46.476,7.83514,7.83775,1.19,1.30
2015.04.22 08:32:47.223,7.83486,7.83772,1.19,1.00
2015.04.22 08:32:47.274,7.83486,7.83772,1.00,1.00
2015.04.22 08:32:47.439,7.83481,7.83747,1.49,1.00
2015.04.22 08:32:47.747,7.83461,7.83716,1.00,1.30
2015.04.22 08:32:49.048,7.83434,7.83716,1.19,1.30
2015.04.22 08:32:49.098,7.83434,7.83714,1.19,1.00
2015.04.22 08:32:49.351,7.83423,7.83685,1.30,1.00
2015.04.22 08:32:49.402,7.834,7.83651,1.19,1.30
2015.04.22 08:32:51.388,7.83375,7.83651,1.19,1.30
2015.04.22 08:32:53.396,7.83401,7.83651,1.19,1.30
2015.04.22 08:32:55.311,7.83401,7.83651,1.19,1.30
2015.04.22 08:32:57.434,7.83389,7.83651,1.19,1.30
2015.04.22 08:32:58.467,7.83417,7.83651,1.00,1.30
2015.04.22 08:32:58.669,7.83444,7.8371,1.19,1.30
2015.04.22 08:32:58.774,7.83469,7.8371,1.00,1.30
2015.04.22 08:32:59.089,7.83469,7.8371,1.19,1.30
2015.04.22 08:33:00.169,7.83493,7.8371,1.19,1.30
2015.04.22 08:33:00.219,7.83493,7.83777,1.19,1.90
2015.04.22 08:33:02.146,7.83519,7.83777,1.00,1.90
2015.04.22 08:33:04.344,7.83519,7.83777,1.19,1.90
2015.04.22 08:33:05.407,7.83544,7.83777,1.00,1.90
2015.04.22 08:33:05.718,7.83572,7.83777,1.00,1.90
2015.04.22 08:33:06.653,7.83572,7.83836,1.19,1.90
2015.04.22 08:33:09.060,7.83572,7.83836,1.19,1.90
2015.04.22 08:33:09.274,7.83545,7.83829,1.19,1.60
2015.04.22 08:33:11.269,7.83545,7.83829,1.00,1.79
2015.04.22 08:33:11.413,7.83545,7.83829,1.00,1.19
2015.04.22 08:33:13.316,7.83545,7.83829,1.19,1.00
2015.04.22 08:33:14.477,7.83542,7.83816,1.49,1.00
2015.04.22 08:33:15.295,7.83542,7.83816,1.49,1.00
2015.04.22 08:33:15.788,7.83561,7.83836,1.19,1.30
2015.04.22 08:33:17.889,7.83561,7.83836,1.19,1.30
2015.04.22 08:33:19.938,7.83588,7.83836,1.19,1.30
2015.04.22 08:33:21.409,7.83642,7.83836,1.19,1.30
2015.04.22 08:33:21.460,7.83642,7.83856,1.19,1.30
2015.04.22 08:33:21.510,7.83642,7.83898,1.19,1.30
2015.04.22 08:33:22.617,7.83642,7.83898,1.19,1.30
2015.04.22 08:33:24.726,7.83642,7.83898,1.19,1.30
2015.04.22 08:33:26.058,7.83667,7.83898,1.19,1.30
2015.04.22 08:33:26.284,7.83667,7.83918,1.91,1.30
2015.04.22 08:33:26.335,7.83667,7.83952,1.91,1.00
2015.04.22 08:33:26.918,7.83667,7.83921,1.49,1.00
2015.04.22 08:33:27.297,7.83653,7.83912,1.19,1.30
2015.04.22 08:33:28.019,7.83653,7.83912,1.19,1.30
2015.04.22 08:33:28.444,7.83635,7.83912,1.19,1.30
2015.04.22 08:33:29.011,7.83727,7.83912,1.00,1.30
2015.04.22 08:33:29.062,7.83727,7.83988,1.19,1.00
2015.04.22 08:33:29.113,7.83727,7.83994,1.19,1.30
2015.04.22 08:33:29.950,7.83727,7.83994,1.19,1.30
2015.04.22 08:33:30.283,7.83757,7.83994,1.00,1.30
2015.04.22 08:33:30.334,7.83731,7.83994,1.19,1.30
2015.04.22 08:33:31.833,7.83731,7.83994,1.19,1.30
2015.04.22 08:33:33.849,7.83731,7.83994,1.19,1.30
2015.04.22 08:33:35.210,7.83705,7.83991,1.19,1.00
2015.04.22 08:33:36.245,7.83705,7.83991,1.19,1.00
2015.04.22 08:33:37.456,7.83733,7.83994,1.19,1.30
2015.04.22 08:33:39.451,7.83733,7.83994,1.19,1.30
2015.04.22 08:33:41.558,7.83733,7.83994,1.19,1.30
2015.04.22 08:33:43.664,7.83727,7.83994,1.19,1.30
2015.04.22 08:33:45.869,7.83752,7.83994,1.00,1.30
2015.04.22 08:33:49.016,7.83752,7.84007,1.00,1.30
2015.04.22 08:33:50.146,7.83742,7.84007,1.00,1.30
2015.04.22 08:33:52.444,7.83714,7.83999,1.91,1.00
2015.04.22 08:33:52.495,7.83714,7.83999,1.72,1.19
2015.04.22 08:33:52.798,7.83714,7.83945,1.00,1.30
2015.04.22 08:33:52.865,7.8369,7.83945,1.00,1.30
2015.04.22 08:33:53.956,7.83662,7.83945,1.19,1.30
2015.04.22 08:33:54.992,7.83662,7.83945,1.00,1.49
2015.04.22 08:33:55.878,7.83651,7.83903,1.30,1.30
2015.04.22 08:33:56.181,7.83625,7.83883,1.00,1.49
2015.04.22 08:33:56.336,7.83625,7.83883,1.00,1.30
2015.04.22 08:33:57.566,7.83651,7.83883,1.00,1.30
2015.04.22 08:34:00.778,7.83651,7.83903,1.00,1.30
2015.04.22 08:34:00.829,7.83651,7.83928,1.00,1.56
2015.04.22 08:34:00.915,7.83651,7.83928,1.00,1.26
2015.04.22 08:34:01.114,7.83651,7.83915,1.00,1.00
2015.04.22 08:34:01.419,7.83651,7.83907,1.00,1.00
2015.04.22 08:34:02.006,7.83651,7.83907,1.00,1.07
2015.04.22 08:34:03.394,7.83649,7.8391,1.30,1.07
2015.04.22 08:34:03.701,7.83649,7.8391,1.30,1.00
2015.04.22 08:34:03.976,7.83649,7.83916,1.30,1.00
2015.04.22 08:34:04.027,7.83649,7.83902,1.30,1.49
2015.04.22 08:34:04.148,7.83637,7.83882,1.00,1.30
2015.04.22 08:34:04.200,7.83598,7.83878,1.19,1.00
2015.04.22 08:34:04.453,7.83598,7.83882,1.19,1.30
2015.04.22 08:34:04.504,7.83632,7.83882,1.00,1.30
2015.04.22 08:34:05.205,7.83602,7.83882,1.00,1.30
2015.04.22 08:34:06.607,7.83637,7.83882,1.00,1.16
2015.04.22 08:34:06.941,7.83667,7.83902,1.00,1.30
2015.04.22 08:34:07.042,7.83667,7.83948,1.00,2.09
2015.04.22 08:34:07.194,7.83697,7.83948,1.00,2.09
2015.04.22 08:34:07.805,7.83723,7.83948,1.00,2.09
2015.04.22 08:34:08.175,7.83696,7.83948,1.00,2.09
2015.04.22 08:34:09.344,7.83696,7.83948,1.00,1.76
2015.04.22 08:34:09.799,7.83723,7.83948,1.00,1.76
2015.04.22 08:34:10.102,7.8375,7.83967,1.00,1.90
2015.04.22 08:34:11.007,7.83724,7.84005,1.00,2.29
2015.04.22 08:34:11.923,7.83717,7.83985,1.30,1.60
2015.04.22 08:34:15.073,7.83699,7.83949,1.00,1.90
2015.04.22 08:34:17.081,7.83691,7.83949,1.00,1.90
2015.04.22 08:34:18.568,7.83691,7.83949,1.00,2.09
2015.04.22 08:34:19.220,7.83655,7.83941,1.91,1.25
2015.04.22 08:34:20.572,7.83655,7.83941,1.72,1.19
2015.04.22 08:34:21.936,7.83655,7.83909,1.72,1.30
2015.04.22 08:34:22.332,7.83655,7.83888,1.00,1.30
2015.04.22 08:34:22.434,7.8363,7.83888,1.00,1.30
2015.04.22 08:34:22.585,7.8363,7.83888,1.00,1.49
2015.04.22 08:34:22.636,7.83604,7.83888,1.00,1.49
2015.04.22 08:34:25.342,7.83629,7.83888,1.00,1.49
2015.04.22 08:34:25.393,7.83629,7.83888,1.00,1.49
2015.04.22 08:34:26.445,7.83654,7.83888,1.00,1.49
2015.04.22 08:34:26.496,7.83654,7.83888,1.00,1.30
2015.04.22 08:34:28.098,7.83679,7.83888,1.00,1.30
2015.04.22 08:34:28.199,7.83679,7.83956,1.00,1.49
2015.04.22 08:34:28.536,7.83679,7.83956,1.00,1.49
2015.04.22 08:34:29.115,7.83662,7.83933,1.30,1.00
2015.04.22 08:34:29.410,7.83662,7.83908,1.30,1.19
2015.04.22 08:34:29.512,7.83622,7.8389,1.00,1.16
2015.04.22 08:34:30.213,7.83597,7.83877,1.49,1.00
2015.04.22 08:34:30.876,7.83597,7.83852,1.49,1.30
2015.04.22 08:34:31.242,7.83591,7.83832,1.19,1.30
2015.04.22 08:34:31.357,7.83591,7.83832,1.00,1.30
2015.04.22 08:34:31.726,7.8362,7.83832,1.00,1.30
2015.04.22 08:34:32.314,7.83595,7.83832,1.00,1.30
2015.04.22 08:34:32.517,7.83569,7.83832,1.00,1.30
2015.04.22 08:34:33.346,7.83569,7.83832,1.00,1.49
2015.04.22 08:34:33.716,7.83541,7.83828,1.19,1.25
2015.04.22 08:34:35.462,7.83568,7.83832,1.00,1.56
2015.04.22 08:34:37.861,7.83601,7.83832,1.00,1.30
2015.04.22 08:34:38.194,7.8363,7.83832,1.00,1.30
2015.04.22 08:34:38.346,7.83604,7.83832,1.00,1.30
2015.04.22 08:34:38.823,7.83578,7.83832,1.19,1.30
2015.04.22 08:34:40.258,7.83578,7.83832,1.19,1.30
2015.04.22 08:34:40.359,7.83603,7.83832,1.00,1.30
2015.04.22 08:34:41.227,7.83628,7.83832,1.00,1.30
2015.04.22 08:34:46.367,7.83622,7.83832,1.00,1.30
2015.04.22 08:34:46.550,7.83622,7.83832,1.19,1.30
2015.04.22 08:34:49.055,7.83597,7.83832,1.00,1.30
2015.04.22 08:34:51.004,7.83597,7.83838,1.00,1.30
2015.04.22 08:34:52.865,7.83572,7.83838,1.19,1.30
2015.04.22 08:34:53.291,7.83546,7.83815,1.30,1.00
2015.04.22 08:34:53.769,7.83562,7.83838,1.00,1.24
2015.04.22 08:34:54.372,7.83546,7.83823,1.30,1.19
2015.04.22 08:34:55.393,7.83546,7.83823,1.30,1.19
2015.04.22 08:34:57.679,7.83546,7.83823,1.30,1.19
2015.04.22 08:34:59.397,7.83546,7.83817,1.30,1.00
2015.04.22 08:35:00.604,7.83558,7.83838,1.00,1.91
2015.04.22 08:35:02.347,7.83558,7.83838,1.19,1.30
2015.04.22 08:35:04.109,7.83607,7.83859,1.49,1.30
2015.04.22 08:35:04.160,7.83607,7.83892,1.49,1.00
2015.04.22 08:35:04.211,7.83632,7.83901,1.19,1.30
2015.04.22 08:35:04.414,7.83632,7.83901,1.00,1.49
2015.04.22 08:35:04.515,7.83659,7.83901,1.00,1.30
2015.04.22 08:35:09.686,7.83634,7.83901,1.19,1.30
2015.04.22 08:35:10.258,7.83634,7.83901,1.00,1.49
2015.04.22 08:35:10.309,7.83607,7.83885,1.30,1.19
2015.04.22 08:35:12.429,7.83607,7.83885,1.30,1.25
2015.04.22 08:35:13.923,7.83628,7.83901,1.00,1.49
2015.04.22 08:35:16.083,7.83653,7.83901,1.00,1.49
2015.04.22 08:35:17.043,7.83653,7.83901,1.00,1.30
2015.04.22 08:35:17.927,7.83626,7.839,1.00,1.00
2015.04.22 08:35:18.477,7.83626,7.83901,1.00,1.72
2015.04.22 08:35:19.577,7.83626,7.83896,1.00,1.00
2015.04.22 08:35:20.087,7.83626,7.83895,1.00,1.00
2015.04.22 08:35:20.245,7.83626,7.83901,1.00,1.30
2015.04.22 08:35:20.296,7.83652,7.83901,1.00,1.30
2015.04.22 08:35:21.241,7.83704,7.83901,1.00,1.30
2015.04.22 08:35:21.360,7.83704,7.83965,1.00,2.09
2015.04.22 08:35:23.261,7.83704,7.83965,1.00,2.09
2015.04.22 08:35:23.561,7.83704,7.83965,1.00,1.49
2015.04.22 08:35:23.713,7.83733,7.83965,1.00,1.49
2015.04.22 08:35:23.963,7.83733,7.83965,1.00,1.30
2015.04.22 08:35:28.931,7.83727,7.83965,1.00,1.30
2015.04.22 08:35:32.735,7.83702,7.83965,1.00,1.30
2015.04.22 08:35:32.937,7.83676,7.83962,1.19,1.00
2015.04.22 08:35:33.089,7.83676,7.83962,1.00,1.19
2015.04.22 08:35:33.241,7.83703,7.83965,1.00,1.49
2015.04.22 08:35:33.545,7.83731,7.83965,1.00,1.49
2015.04.22 08:35:34.389,7.83731,7.83965,1.00,1.30
2015.04.22 08:35:38.964,7.83754,7.83965,1.00,1.30
2015.04.22 08:35:39.015,7.83754,7.83985,1.00,1.30
2015.04.22 08:35:39.066,7.83754,7.84026,1.00,1.49
2015.04.22 08:35:40.823,7.83754,7.84026,1.19,1.30
2015.04.22 08:35:40.925,7.83783,7.84026,1.00,1.30
2015.04.22 08:35:42.730,7.83757,7.84026,1.00,1.49
2015.04.22 08:35:42.832,7.83734,7.84017,1.30,1.19
2015.04.22 08:35:43.155,7.83734,7.84017,1.30,1.19
2015.04.22 08:35:43.417,7.83705,7.83968,1.00,1.30
2015.04.22 08:35:43.746,7.83679,7.83965,1.00,1.19
2015.04.22 08:35:44.041,7.83709,7.83968,1.00,1.30
2015.04.22 08:35:44.345,7.83709,7.83968,1.00,1.49
2015.04.22 08:35:44.447,7.8368,7.83966,1.00,1.19
2015.04.22 08:35:44.549,7.83705,7.83968,1.00,1.49
2015.04.22 08:35:44.752,7.83705,7.83968,1.00,1.30
2015.04.22 08:35:44.947,7.83679,7.83965,1.19,1.00
2015.04.22 08:35:45.048,7.83679,7.83965,1.00,1.19
2015.04.22 08:35:45.542,7.83674,7.8394,1.30,1.19
2015.04.22 08:35:45.644,7.83674,7.83923,1.30,1.30
2015.04.22 08:35:45.694,7.83654,7.83904,1.00,1.30
2015.04.22 08:35:50.174,7.8368,7.83904,1.00,1.30
2015.04.22 08:35:51.562,7.83707,7.83904,1.00,1.30
2015.04.22 08:35:51.613,7.83707,7.83964,1.00,1.49
2015.04.22 08:35:51.967,7.83679,7.83964,1.00,1.49
2015.04.22 08:35:52.018,7.83679,7.83964,1.07,1.49
2015.04.22 08:35:53.949,7.83679,7.83964,1.32,1.30
2015.04.22 08:35:54.108,7.83679,7.83964,1.62,1.30
2015.04.22 08:35:54.624,7.83679,7.83964,1.25,1.30
2015.04.22 08:35:54.948,7.8367,7.83916,1.56,1.00
2015.04.22 08:35:55.251,7.8363,7.83899,1.56,1.30
2015.04.22 08:35:55.654,7.8363,7.83899,1.26,1.30
2015.04.22 08:35:55.895,7.8363,7.83899,1.19,1.30
2015.04.22 08:35:55.997,7.83605,7.83889,1.56,1.00
2015.04.22 08:35:56.301,7.83549,7.83833,1.56,1.00
2015.04.22 08:35:56.351,7.83547,7.83809,1.49,1.00
2015.04.22 08:35:56.454,7.83547,7.83739,1.49,1.00
2015.04.22 08:35:56.555,7.83472,7.83706,1.37,1.30
2015.04.22 08:35:57.224,7.83457,7.83706,1.07,1.30
2015.04.22 08:35:57.814,7.83457,7.83706,1.26,1.30
2015.04.22 08:35:58.497,7.83481,7.83706,1.00,1.30
2015.04.22 08:36:05.482,7.83477,7.83706,1.00,1.30
2015.04.22 08:36:05.584,7.83443,7.83706,1.19,1.30
2015.04.22 08:36:06.485,7.83443,7.83706,1.00,1.30
2015.04.22 08:36:08.792,7.83443,7.83706,1.00,1.49
2015.04.22 08:36:08.893,7.83414,7.83686,1.30,1.19
2015.04.22 08:36:11.499,7.83414,7.83686,1.30,1.19
2015.04.22 08:36:13.504,7.83414,7.83686,1.30,1.19
2015.04.22 08:36:13.913,7.83414,7.83664,1.30,1.30
2015.04.22 08:36:14.423,7.83381,7.83644,1.19,1.30
2015.04.22 08:36:15.609,7.83381,7.83644,1.19,1.30
2015.04.22 08:36:19.620,7.8336,7.83644,1.19,1.30
2015.04.22 08:36:21.627,7.8336,7.83644,1.19,1.30
2015.04.22 08:36:23.641,7.8336,7.83644,1.19,1.30
2015.04.22 08:36:25.843,7.8341,7.83644,1.19,1.30
2015.04.22 08:36:26.845,7.83386,7.83644,1.19,1.30
2015.04.22 08:36:26.996,7.83413,7.83699,1.19,1.00
2015.04.22 08:36:27.895,7.83439,7.83704,1.19,1.30
2015.04.22 08:36:29.292,7.83439,7.83704,1.19,1.30
2015.04.22 08:36:31.254,7.83439,7.83704,1.19,1.30
2015.04.22 08:36:33.259,7.8345,7.83704,1.19,1.30
2015.04.22 08:36:33.669,7.83472,7.83704,1.49,1.30
2015.04.22 08:36:33.720,7.83518,7.83784,1.19,1.30
2015.04.22 08:36:33.822,7.83492,7.83776,1.49,1.00
2015.04.22 08:36:35.767,7.83492,7.83776,1.49,1.00
2015.04.22 08:36:39.776,7.83492,7.83776,1.49,1.00
2015.04.22 08:36:41.825,7.83492,7.83776,1.49,1.00
2015.04.22 08:36:43.794,7.83492,7.83776,1.16,1.25
2015.04.22 08:36:45.791,7.83492,7.83777,1.49,1.00
2015.04.22 08:36:46.923,7.83517,7.83784,1.00,1.30
2015.04.22 08:36:48.138,7.83553,7.83784,1.19,1.30
2015.04.22 08:36:50.115,7.83553,7.83784,1.19,1.30
2015.04.22 08:36:50.855,7.83526,7.83784,1.07,1.30
2015.04.22 08:36:51.007,7.83526,7.83784,1.00,1.30
2015.04.22 08:36:53.728,7.83526,7.83777,1.00,1.30
2015.04.22 08:36:55.465,7.83497,7.83777,1.19,1.30
2015.04.22 08:36:57.426,7.83497,7.83777,1.19,1.30
2015.04.22 08:36:59.434,7.83497,7.83777,1.25,1.30
2015.04.22 08:37:00.548,7.835,7.83777,1.00,1.30
2015.04.22 08:37:01.941,7.835,7.83777,1.19,1.30
2015.04.22 08:37:03.947,7.835,7.83777,1.19,1.30
2015.04.22 08:37:05.756,7.83484,7.83769,1.19,1.00
2015.04.22 08:37:05.976,7.83484,7.83769,1.19,1.00
2015.04.22 08:37:07.957,7.83484,7.83769,1.19,1.00
2015.04.22 08:37:11.974,7.83483,7.83711,1.30,1.00
2015.04.22 08:37:12.025,7.83433,7.83711,1.94,1.00
2015.04.22 08:37:12.226,7.83427,7.83711,1.19,1.00
2015.04.22 08:37:12.428,7.83427,7.83711,1.56,1.00
2015.04.22 08:37:14.074,7.83427,7.83711,1.56,1.00
2015.04.22 08:37:14.983,7.83427,7.83711,1.56,1.00
2015.04.22 08:37:15.186,7.83424,7.83686,1.56,1.00
2015.04.22 08:37:15.981,7.83424,7.83661,1.49,1.00
2015.04.22 08:37:17.215,7.83424,7.83661,1.30,1.00
2015.04.22 08:37:18.075,7.83424,7.83686,1.30,1.00
2015.04.22 08:37:18.703,7.83424,7.8366,1.30,1.00
2015.04.22 08:37:18.916,7.83374,7.83658,1.56,1.30
2015.04.22 08:37:19.688,7.83374,7.83658,1.56,1.30
2015.04.22 08:37:22.094,7.83374,7.83658,1.26,1.30
2015.04.22 08:37:23.882,7.83369,7.83655,1.56,1.00
2015.04.22 08:37:24.443,7.83369,7.83655,1.56,1.00
2015.04.22 08:37:26.405,7.83369,7.83655,1.56,1.00
2015.04.22 08:37:28.428,7.83366,7.83626,1.86,1.00
2015.04.22 08:37:28.529,7.83366,7.83626,1.67,1.00
2015.04.22 08:37:28.631,7.83366,7.83626,1.30,1.00
2015.04.22 08:37:31.662,7.83366,7.83626,1.49,1.00
2015.04.22 08:37:31.714,7.8337,7.83638,1.19,1.00
2015.04.22 08:37:31.765,7.8337,7.83654,1.19,1.00
2015.04.22 08:37:31.816,7.83393,7.83658,1.00,1.30
2015.04.22 08:37:32.134,7.83426,7.83658,1.19,1.30
2015.04.22 08:37:32.286,7.83426,7.83712,1.19,1.00
2015.04.22 08:37:32.337,7.83426,7.83712,1.56,1.00
2015.04.22 08:37:33.699,7.83451,7.83717,1.07,1.30
2015.04.22 08:37:34.432,7.83451,7.83717,1.26,1.30
2015.04.22 08:37:36.307,7.83494,7.83717,1.00,1.30
2015.04.22 08:37:36.560,7.83519,7.83781,1.00,1.30
2015.04.22 08:37:36.713,7.83545,7.83781,1.00,1.30
2015.04.22 08:37:37.641,7.83545,7.83781,1.19,1.30
2015.04.22 08:37:39.645,7.83545,7.83781,1.19,1.30
2015.04.22 08:37:41.691,7.83519,7.83781,1.37,1.30
2015.04.22 08:37:41.742,7.83492,7.83778,1.94,1.00
2015.04.22 08:37:41.793,7.83492,7.83778,1.56,1.00
2015.04.22 08:37:43.957,7.83492,7.83778,1.56,1.00
2015.04.22 08:37:44.133,7.83517,7.83781,1.19,1.30
2015.04.22 08:37:46.464,7.83492,7.83778,1.56,1.00
2015.04.22 08:37:46.593,7.83492,7.83778,1.56,1.00
2015.04.22 08:37:46.644,7.83492,7.83778,1.29,1.00
2015.04.22 08:37:47.511,7.83492,7.83778,1.56,1.00
2015.04.22 08:37:49.174,7.83492,7.83778,1.56,1.00
2015.04.22 08:37:50.305,7.83492,7.83778,1.56,1.00
2015.04.22 08:37:50.482,7.83492,7.83778,1.29,1.00
2015.04.22 08:37:51.946,7.83503,7.83781,1.00,1.30
2015.04.22 08:37:52.486,7.83503,7.83781,1.19,1.30
2015.04.22 08:37:55.022,7.83503,7.83781,1.19,1.30
2015.04.22 08:37:56.596,7.83538,7.83802,1.49,1.57
2015.04.22 08:37:57.007,7.83538,7.83815,1.49,1.60
2015.04.22 08:37:58.700,7.83554,7.83832,1.19,1.30
2015.04.22 08:37:59.112,7.83554,7.83832,1.00,1.16
2015.04.22 08:38:01.109,7.83554,7.83832,1.00,1.49
2015.04.22 08:38:01.815,7.83554,7.83832,1.19,1.30
2015.04.22 08:38:03.917,7.83562,7.83832,1.19,1.30
2015.04.22 08:38:04.698,7.83538,7.83813,1.49,1.00
2015.04.22 08:38:06.023,7.83538,7.83813,1.49,1.00
2015.04.22 08:38:08.228,7.83538,7.83813,1.49,1.00
2015.04.22 08:38:10.079,7.83538,7.83811,1.49,1.00
2015.04.22 08:38:10.232,7.83538,7.83811,1.49,1.00
2015.04.22 08:38:14.642,7.83538,7.83811,1.30,1.19
2015.04.22 08:38:15.195,7.83538,7.83803,1.30,1.00
2015.04.22 08:38:16.646,7.83538,7.83803,1.30,1.19
2015.04.22 08:38:16.992,7.83519,7.83797,1.07,1.30
2015.04.22 08:38:19.254,7.83519,7.83797,1.07,1.49
2015.04.22 08:38:22.060,7.83503,7.83786,1.56,1.00
2015.04.22 08:38:25.821,7.83503,7.83776,1.56,1.00
2015.04.22 08:38:26.327,7.83518,7.83797,1.07,1.49
2015.04.22 08:38:26.482,7.83518,7.83797,1.37,1.49
2015.04.22 08:38:28.381,7.83518,7.83797,1.37,1.30
2015.04.22 08:38:31.761,7.8354,7.83797,1.56,1.30
2015.04.22 08:38:33.703,7.83515,7.83797,1.94,1.30
2015.04.22 08:38:35.800,7.83515,7.83797,1.94,1.30
2015.04.22 08:38:37.005,7.83515,7.83801,2.66,1.00
2015.04.22 08:38:37.840,7.83519,7.83805,1.94,1.00
2015.04.22 08:38:38.244,7.83519,7.83805,1.94,1.00
2015.04.22 08:38:39.453,7.83515,7.83771,1.86,1.00
2015.04.22 08:38:40.193,7.83512,7.83749,1.19,1.30
2015.04.22 08:38:40.244,7.83512,7.83749,1.00,1.30
2015.04.22 08:38:40.345,7.83512,7.83734,1.00,1.00
2015.04.22 08:38:40.547,7.83512,7.83749,1.00,1.30
2015.04.22 08:38:40.649,7.83474,7.83749,1.26,1.30
2015.04.22 08:38:41.500,7.83512,7.83749,1.00,1.30
2015.04.22 08:38:43.360,7.83512,7.83749,1.19,1.30
2015.04.22 08:38:45.566,7.83512,7.83739,1.00,1.00
2015.04.22 08:38:51.370,7.83512,7.8373,1.00,1.00
2015.04.22 08:38:56.462,7.83512,7.83727,1.00,1.00
2015.04.22 08:38:57.368,7.83512,7.83718,1.00,1.00
2015.04.22 08:38:57.470,7.83512,7.83727,1.00,1.19
2015.04.22 08:38:57.571,7.83512,7.83684,1.00,1.30
2015.04.22 08:39:06.619,7.83507,7.83683,1.00,1.00
2015.04.22 08:39:07.822,7.83513,7.83684,1.00,1.30
2015.04.22 08:39:10.099,7.83512,7.83684,1.25,1.30
2015.04.22 08:39:11.021,7.83512,7.83734,1.25,1.00
2015.04.22 08:39:12.319,7.83489,7.83734,1.19,1.00
2015.04.22 08:39:12.370,7.83489,7.83728,1.19,1.00
2015.04.22 08:39:12.673,7.83512,7.83718,1.00,1.00
2015.04.22 08:39:12.875,7.83513,7.83733,1.00,1.00
2015.04.22 08:39:13.377,7.83513,7.83732,1.00,1.00
2015.04.22 08:39:13.427,7.83513,7.83717,1.00,1.00
2015.04.22 08:39:14.808,7.83513,7.83717,1.19,1.00
2015.04.22 08:39:17.148,7.83512,7.83722,1.00,1.00
2015.04.22 08:39:17.199,7.83512,7.83731,1.00,1.00
2015.04.22 08:39:17.301,7.83512,7.83741,1.00,1.30
2015.04.22 08:39:17.351,7.83512,7.83741,1.19,1.30
2015.04.22 08:39:17.402,7.8351,7.83745,1.49,1.00
2015.04.22 08:39:17.554,7.8351,7.83783,1.49,1.00
2015.04.22 08:39:17.756,7.83533,7.83803,1.19,1.00
2015.04.22 08:39:19.641,7.83571,7.83804,1.19,1.30
2015.04.22 08:39:19.743,7.83571,7.83852,1.19,1.00
2015.04.22 08:39:19.793,7.83571,7.83838,1.19,1.00
2015.04.22 08:39:20.108,7.83571,7.83838,1.19,1.00
2015.04.22 08:39:22.631,7.83571,7.83838,1.19,1.00
2015.04.22 08:39:23.757,7.83571,7.8385,1.19,1.00
2015.04.22 08:39:23.908,7.83571,7.83855,1.19,1.00
2015.04.22 08:39:24.081,7.83571,7.83855,1.19,1.00
2015.04.22 08:39:24.132,7.83597,7.83862,1.19,1.30
2015.04.22 08:39:24.669,7.83597,7.83862,1.76,1.30
2015.04.22 08:39:24.872,7.83648,7.8393,1.19,1.30
2015.04.22 08:39:26.843,7.83649,7.8393,1.19,1.30
2015.04.22 08:39:29.649,7.83648,7.8393,1.69,1.30
2015.04.22 08:39:29.935,7.83648,7.83924,1.19,1.00
2015.04.22 08:39:30.238,7.83603,7.83866,1.19,1.30
2015.04.22 08:39:30.544,7.83575,7.83842,1.19,1.00
2015.04.22 08:39:30.697,7.83572,7.83811,1.30,1.00
2015.04.22 08:39:30.748,7.83551,7.83805,1.19,1.30
2015.04.22 08:39:30.799,7.83551,7.83805,1.00,1.49
2015.04.22 08:39:30.900,7.83537,7.83805,1.19,1.30
2015.04.22 08:39:31.203,7.83573,7.83805,1.00,1.30
2015.04.22 08:39:31.549,7.83581,7.83805,1.00,1.30
2015.04.22 08:39:33.950,7.83512,7.8378,1.19,1.00
2015.04.22 08:39:34.001,7.83512,7.8378,1.19,1.00
2015.04.22 08:39:34.052,7.83511,7.83761,1.49,1.30
2015.04.22 08:39:34.465,7.83473,7.83741,1.19,1.30
2015.04.22 08:39:36.419,7.8349,7.83741,1.19,1.30
2015.04.22 08:39:39.094,7.83491,7.83741,1.00,1.30
2015.04.22 08:39:39.339,7.83482,7.83741,1.19,1.30
2015.04.22 08:39:39.982,7.83482,7.8374,1.19,1.00
2015.04.22 08:39:40.518,7.83484,7.8374,1.00,1.00
2015.04.22 08:39:43.491,7.83484,7.8374,1.00,1.19
2015.04.22 08:39:44.475,7.83482,7.83741,1.00,1.91
2015.04.22 08:39:45.816,7.83482,7.83741,1.00,1.91
2015.04.22 08:39:47.918,7.83482,7.83741,1.00,1.91
2015.04.22 08:39:48.174,7.83454,7.83741,1.00,1.91
2015.04.22 08:39:48.275,7.83447,7.83708,1.91,1.00
2015.04.22 08:39:49.222,7.83447,7.83708,1.30,1.19
2015.04.22 08:39:51.252,7.83447,7.83708,1.30,1.00
2015.04.22 08:39:53.362,7.83447,7.83708,1.30,1.19
2015.04.22 08:39:54.345,7.83447,7.83695,1.30,1.00
2015.04.22 08:39:54.395,7.83428,7.83695,1.30,1.00
2015.04.22 08:39:55.770,7.83442,7.83695,1.00,1.00
2015.04.22 08:39:59.966,7.83442,7.83703,1.00,1.00
2015.04.22 08:40:05.664,7.83442,7.837,1.00,1.00
2015.04.22 08:40:11.716,7.83442,7.83701,1.00,1.00
2015.04.22 08:40:16.051,7.83442,7.83701,1.00,1.19
2015.04.22 08:40:17.026,7.83442,7.83688,1.00,1.00
2015.04.22 08:40:17.369,7.83421,7.83653,1.30,1.00
2015.04.22 08:40:17.645,7.83353,7.83629,1.07,1.19
2015.04.22 08:40:17.697,7.83353,7.83629,1.00,1.19
2015.04.22 08:40:17.851,7.83346,7.83629,1.00,1.19
2015.04.22 08:40:18.159,7.83343,7.83629,1.00,1.19
2015.04.22 08:40:18.682,7.83342,7.83602,1.30,1.19
2015.04.22 08:40:19.290,7.83362,7.83602,1.00,1.19
2015.04.22 08:40:19.593,7.83342,7.83577,1.30,1.19
2015.04.22 08:40:19.694,7.83291,7.83548,1.00,1.00
2015.04.22 08:40:19.796,7.83285,7.83548,1.30,1.00
2015.04.22 08:40:21.043,7.83285,7.83548,1.30,1.19
2015.04.22 08:40:21.388,7.83217,7.83462,1.86,1.00
2015.04.22 08:40:21.438,7.83217,7.83436,1.30,1.00
2015.04.22 08:40:21.792,7.83217,7.83465,1.16,1.00
2015.04.22 08:40:21.894,7.83222,7.83505,1.00,1.19
2015.04.22 08:40:21.945,7.83222,7.83505,1.19,1.00
2015.04.22 08:40:22.399,7.83264,7.8348,1.30,1.00
2015.04.22 08:40:22.500,7.83217,7.8348,1.37,1.00
2015.04.22 08:40:23.143,7.83229,7.83511,1.19,1.30
2015.04.22 08:40:23.683,7.83237,7.83511,1.56,1.30
2015.04.22 08:40:23.901,7.83277,7.83539,1.30,1.00
2015.04.22 08:40:24.412,7.83277,7.83511,1.30,1.00
2015.04.22 08:40:24.744,7.83277,7.83484,1.30,1.00
2015.04.22 08:40:24.795,7.83219,7.83484,1.37,1.19
2015.04.22 08:40:25.081,7.83219,7.83484,1.30,1.19
2015.04.22 08:40:26.878,7.83219,7.83484,1.30,1.00
2015.04.22 08:40:27.268,7.83219,7.83484,1.37,1.00
2015.04.22 08:40:29.113,7.83219,7.83484,1.56,1.00
2015.04.22 08:40:29.709,7.83225,7.83509,1.19,1.00
2015.04.22 08:40:30.012,7.83255,7.83511,1.00,1.30
2015.04.22 08:40:30.520,7.83257,7.83511,1.30,1.30
2015.04.22 08:40:30.585,7.83278,7.83541,1.30,1.00
2015.04.22 08:40:30.920,7.83278,7.83513,1.30,1.00
2015.04.22 08:40:33.083,7.83278,7.83537,1.49,1.00
2015.04.22 08:40:34.501,7.83278,7.83537,1.30,1.19
2015.04.22 08:40:34.917,7.83278,7.83537,1.30,1.19
2015.04.22 08:40:35.018,7.83247,7.83503,1.00,1.19
2015.04.22 08:40:35.069,7.83217,7.83503,1.00,1.19
2015.04.22 08:40:36.122,7.83217,7.83503,1.00,1.19
2015.04.22 08:40:36.173,7.83211,7.83478,1.30,1.19
2015.04.22 08:40:36.439,7.83211,7.83453,1.30,1.00
2015.04.22 08:40:40.051,7.83211,7.83427,1.30,1.00
2015.04.22 08:40:40.153,7.83159,7.83401,1.00,1.19
2015.04.22 08:40:40.203,7.83193,7.83401,1.00,1.19
2015.04.22 08:40:40.633,7.83169,7.83401,1.00,1.19
2015.04.22 08:40:40.791,7.83193,7.83401,1.00,1.19
2015.04.22 08:40:40.948,7.83193,7.83427,1.00,1.00
2015.04.22 08:40:41.481,7.83192,7.83427,1.00,1.00
2015.04.22 08:40:41.532,7.83192,7.83401,1.00,1.00
2015.04.22 08:40:41.633,7.83169,7.83422,1.00,1.19
2015.04.22 08:40:41.785,7.83169,7.83422,1.00,1.00
2015.04.22 08:40:41.886,7.83173,7.83441,1.19,1.30
2015.04.22 08:40:42.189,7.83193,7.83432,1.19,1.00
2015.04.22 08:40:42.240,7.83193,7.83441,1.19,1.30
2015.04.22 08:40:42.651,7.83193,7.83441,1.00,1.49
2015.04.22 08:40:43.265,7.83193,7.83434,1.00,1.00
2015.04.22 08:40:43.670,7.83193,7.83434,1.19,1.00
2015.04.22 08:40:43.872,7.83193,7.83434,1.00,1.00
2015.04.22 08:40:45.387,7.83192,7.83398,1.00,1.00
2015.04.22 08:40:45.488,7.8317,7.83398,1.00,1.00
2015.04.22 08:40:45.608,7.83168,7.83398,1.00,1.19
2015.04.22 08:40:45.709,7.83111,7.83343,1.00,1.00
2015.04.22 08:40:45.761,7.83111,7.83343,1.00,1.79
2015.04.22 08:40:45.913,7.83076,7.83315,1.30,1.79
2015.04.22 08:40:45.981,7.83059,7.83315,1.00,1.67
2015.04.22 08:40:46.032,7.83029,7.83315,1.00,1.67
2015.04.22 08:40:46.082,7.83018,7.83289,1.30,1.56
2015.04.22 08:40:46.387,7.83051,7.83304,1.00,1.35
2015.04.22 08:40:46.644,7.83018,7.83281,1.30,1.37
2015.04.22 08:40:46.745,7.82998,7.83244,1.00,1.37
2015.04.22 08:40:46.796,7.82963,7.83244,1.00,1.56
2015.04.22 08:40:46.847,7.8293,7.83182,1.00,1.49
2015.04.22 08:40:46.898,7.82909,7.83182,1.00,1.49
2015.04.22 08:40:46.949,7.82875,7.83141,1.49,1.00
2015.04.22 08:40:47.000,7.82875,7.83141,1.30,1.19
2015.04.22 08:40:47.050,7.82857,7.83118,1.00,1.49
2015.04.22 08:40:47.457,7.82896,7.83118,1.00,1.49
2015.04.22 08:40:47.710,7.82896,7.83118,1.00,1.37
2015.04.22 08:40:47.761,7.8292,7.83137,1.00,1.67
2015.04.22 08:40:47.812,7.8292,7.83182,1.00,1.86
2015.04.22 08:40:47.913,7.8292,7.83182,1.00,1.49
2015.04.22 08:40:48.065,7.82951,7.83182,1.00,1.49
2015.04.22 08:40:48.678,7.82951,7.83235,1.00,1.26
2015.04.22 08:40:49.892,7.82951,7.83235,1.19,1.07
2015.04.22 08:40:50.195,7.83009,7.83295,1.00,1.56
2015.04.22 08:40:50.576,7.83008,7.83179,1.30,1.00
2015.04.22 08:40:50.678,7.82988,7.8316,1.30,1.00
2015.04.22 08:40:50.729,7.8291,7.8316,1.30,1.19
2015.04.22 08:40:50.779,7.8291,7.8316,1.30,1.56
2015.04.22 08:40:51.601,7.8291,7.83186,1.49,1.75
2015.04.22 08:40:51.652,7.8291,7.83186,1.49,1.37
2015.04.22 08:40:51.703,7.82926,7.83212,1.00,1.94
2015.04.22 08:40:51.804,7.82926,7.83212,1.00,1.26
2015.04.22 08:40:52.109,7.82926,7.83212,1.00,1.19
2015.04.22 08:40:53.082,7.82968,7.83217,1.00,1.49
2015.04.22 08:40:53.234,7.82968,7.83217,1.19,1.30
2015.04.22 08:40:53.285,7.82969,7.83237,1.49,1.30
2015.04.22 08:40:53.336,7.82969,7.83254,1.49,1.07
2015.04.22 08:40:53.386,7.82994,7.83276,1.00,1.86
2015.04.22 08:40:53.760,7.83022,7.83276,1.00,1.30
2015.04.22 08:40:53.812,7.83029,7.83308,1.30,1.56
2015.04.22 08:40:54.187,7.83029,7.83267,1.30,1.00
2015.04.22 08:40:54.496,7.83029,7.83267,1.30,1.07
2015.04.22 08:40:55.199,7.83029,7.83267,1.30,1.26
2015.04.22 08:40:55.702,7.82981,7.83263,1.00,1.56
2015.04.22 08:40:55.803,7.82969,7.83242,1.30,1.00
2015.04.22 08:40:56.205,7.82988,7.83263,1.19,1.37
2015.04.22 08:40:56.811,7.82969,7.83241,1.49,1.00
2015.04.22 08:40:56.912,7.82969,7.83241,1.30,1.19
2015.04.22 08:40:57.408,7.82969,7.83241,1.30,1.79
2015.04.22 08:40:57.712,7.82969,7.83241,1.30,1.86
2015.04.22 08:40:57.822,7.82969,7.83241,1.30,1.86
2015.04.22 08:40:57.873,7.82969,7.83215,1.30,1.00
2015.04.22 08:40:58.210,7.82969,7.83215,1.30,1.37
2015.04.22 08:40:58.528,7.82907,7.83159,1.30,1.00
2015.04.22 08:40:58.781,7.82886,7.83141,1.49,1.30
2015.04.22 08:40:59.341,7.82875,7.83141,1.00,1.30
2015.04.22 08:40:59.693,7.82899,7.83141,1.00,1.30
2015.04.22 08:40:59.844,7.82926,7.83209,1.00,1.86
2015.04.22 08:40:59.946,7.82926,7.83209,1.00,1.49
2015.04.22 08:41:00.009,7.82915,7.83178,1.30,1.00
2015.04.22 08:41:00.313,7.82915,7.83178,1.30,1.19
2015.04.22 08:41:00.626,7.82917,7.83203,1.00,1.26
2015.04.22 08:41:01.261,7.82917,7.83203,1.00,1.26
2015.04.22 08:41:01.702,7.82944,7.83209,1.00,1.49
2015.04.22 08:41:02.643,7.82944,7.83209,1.19,1.30
2015.04.22 08:41:02.870,7.82954,7.83209,1.30,1.30
2015.04.22 08:41:03.206,7.82975,7.83228,1.30,1.00
2015.04.22 08:41:03.819,7.82975,7.83261,1.72,1.56
2015.04.22 08:41:03.971,7.82975,7.83261,1.72,1.26
2015.04.22 08:41:05.080,7.82975,7.83261,1.91,1.32
2015.04.22 08:41:05.918,7.83,7.83267,1.00,1.56
2015.04.22 08:41:06.502,7.83,7.83267,1.00,1.49
2015.04.22 08:41:07.159,7.83,7.83267,1.19,1.30
2015.04.22 08:41:07.927,7.82975,7.83258,1.49,1.00
2015.04.22 08:41:07.978,7.82975,7.83258,1.30,1.19
2015.04.22 08:41:08.238,7.82975,7.83233,1.30,1.00
2015.04.22 08:41:08.587,7.82975,7.83233,1.30,1.07
2015.04.22 08:41:10.212,7.82954,7.83206,1.49,1.30
2015.04.22 08:41:10.909,7.82914,7.83181,1.30,1.00
2015.04.22 08:41:11.815,7.82893,7.83146,1.30,1.49
2015.04.22 08:41:11.917,7.82853,7.83131,1.30,1.00
2015.04.22 08:41:12.422,7.82871,7.83146,1.00,1.49
2015.04.22 08:41:13.922,7.82871,7.83146,1.25,1.30
2015.04.22 08:41:14.320,7.82853,7.8313,1.49,1.00
2015.04.22 08:41:14.625,7.82853,7.83105,1.30,1.00
2015.04.22 08:41:14.928,7.82833,7.83085,1.30,1.30
2015.04.22 08:41:14.979,7.82819,7.83085,1.19,1.30
2015.04.22 08:41:15.731,7.82819,7.83085,1.19,1.30
2015.04.22 08:41:16.084,7.82845,7.83085,1.19,1.30
2015.04.22 08:41:16.135,7.82872,7.83146,1.19,1.90
2015.04.22 08:41:18.078,7.82872,7.83146,1.19,1.90
2015.04.22 08:41:20.127,7.82872,7.83146,1.19,1.90
2015.04.22 08:41:20.301,7.82872,7.83146,1.19,1.90
2015.04.22 08:41:20.402,7.82853,7.83133,1.49,1.60
2015.04.22 08:41:20.904,7.82853,7.83133,1.49,1.60
2015.04.22 08:41:22.095,7.82872,7.83146,1.19,1.90
2015.04.22 08:41:23.016,7.82853,7.83118,1.49,1.60
2015.04.22 08:41:23.117,7.82853,7.83118,1.30,1.60
2015.04.22 08:41:23.219,7.82853,7.83077,1.30,1.00
2015.04.22 08:41:23.320,7.82853,7.83103,1.30,1.00
2015.04.22 08:41:23.523,7.82853,7.83128,1.30,1.60
2015.04.22 08:41:23.624,7.82853,7.83128,1.49,1.60
2015.04.22 08:41:23.725,7.82853,7.83128,1.49,1.60
2015.04.22 08:41:23.827,7.82853,7.83089,1.49,1.00
2015.04.22 08:41:24.660,7.82853,7.83119,1.49,1.60
2015.04.22 08:41:25.751,7.82859,7.83143,1.19,1.60
2015.04.22 08:41:27.738,7.82859,7.83143,1.19,1.60
2015.04.22 08:41:29.746,7.82859,7.83143,1.19,1.60
2015.04.22 08:41:32.031,7.8286,7.83144,1.19,1.60
2015.04.22 08:41:33.937,7.8286,7.83144,1.19,1.60
2015.04.22 08:41:34.670,7.82853,7.83102,1.30,1.00
2015.04.22 08:41:35.696,7.82816,7.83088,1.19,1.30
2015.04.22 08:41:36.338,7.82794,7.83065,1.49,1.00
2015.04.22 08:41:37.352,7.82794,7.83065,1.49,1.00
2015.04.22 08:41:39.070,7.82794,7.83025,1.30,1.00
2015.04.22 08:41:39.188,7.8274,7.83025,1.19,1.00
2015.04.22 08:41:41.459,7.82739,7.83025,1.19,1.00
2015.04.22 08:41:43.463,7.82739,7.83025,1.19,1.00
2015.04.22 08:41:43.898,7.82765,7.83029,1.19,1.30
2015.04.22 08:41:44.104,7.82802,7.83076,1.49,1.00
2015.04.22 08:41:44.269,7.82817,7.83093,1.19,1.30
2015.04.22 08:41:44.484,7.8286,7.83103,1.30,1.00
2015.04.22 08:41:44.921,7.8286,7.83099,1.30,1.00
2015.04.22 08:41:45.278,7.8286,7.83099,1.49,1.00
2015.04.22 08:41:45.429,7.8286,7.83103,1.49,1.00
2015.04.22 08:41:45.641,7.8286,7.83081,1.49,1.00
2015.04.22 08:41:45.989,7.8286,7.83081,1.49,1.00
2015.04.22 08:41:46.192,7.82872,7.83153,1.19,1.90
2015.04.22 08:41:46.293,7.8286,7.8313,1.49,1.60
2015.04.22 08:41:46.600,7.8286,7.8313,1.49,1.60
2015.04.22 08:41:46.903,7.82926,7.83162,1.30,2.10
2015.04.22 08:41:48.717,7.82905,7.83128,1.30,1.60
2015.04.22 08:41:48.768,7.82866,7.83128,1.49,1.60
2015.04.22 08:41:49.584,7.82866,7.83128,1.30,1.60
2015.04.22 08:41:51.178,7.82866,7.83073,1.30,1.00
2015.04.22 08:41:51.250,7.82825,7.83073,1.19,1.00
2015.04.22 08:41:51.301,7.82814,7.83094,1.19,1.30
2015.04.22 08:41:51.994,7.82839,7.83094,1.19,1.30
2015.04.22 08:41:52.095,7.8286,7.83123,1.49,1.00
2015.04.22 08:41:54.001,7.8286,7.83123,1.49,1.00
2015.04.22 08:41:56.049,7.8286,7.83123,1.30,1.00
2015.04.22 08:41:56.770,7.8286,7.83104,1.30,1.00
2015.04.22 08:41:58.714,7.8286,7.8313,1.30,1.60
2015.04.22 08:41:59.316,7.8286,7.83101,1.30,1.00
2015.04.22 08:41:59.575,7.8286,7.83126,1.30,1.35
2015.04.22 08:42:00.575,7.8286,7.83126,1.49,1.35
2015.04.22 08:42:02.644,7.82882,7.83152,1.19,2.32
2015.04.22 08:42:03.852,7.82882,7.83152,1.00,2.32
2015.04.22 08:42:04.054,7.82868,7.83152,1.19,2.32
2015.04.22 08:42:04.785,7.8286,7.83105,1.49,1.00
2015.04.22 08:42:05.107,7.82801,7.83072,1.49,1.00
2015.04.22 08:42:05.268,7.82801,7.83072,1.30,1.19
2015.04.22 08:42:07.158,7.82801,7.83072,1.30,1.19
2015.04.22 08:42:08.130,7.82801,7.83034,1.30,1.00
2015.04.22 08:42:08.231,7.82747,7.83028,1.19,1.30
2015.04.22 08:42:09.566,7.82747,7.83028,1.19,1.30
2015.04.22 08:42:09.897,7.82735,7.83,1.49,1.00
2015.04.22 08:42:10.200,7.82741,7.83027,1.19,1.00
2015.04.22 08:42:10.925,7.82735,7.82994,1.49,1.00
2015.04.22 08:42:11.228,7.82735,7.82965,1.30,1.19
2015.04.22 08:42:11.380,7.82674,7.82939,1.30,1.19
2015.04.22 08:42:13.105,7.82674,7.82939,1.30,1.00
2015.04.22 08:42:13.206,7.82674,7.82913,1.30,1.00
2015.04.22 08:42:14.183,7.82674,7.82913,1.30,1.19
2015.04.22 08:42:16.188,7.82674,7.82913,1.30,1.19
2015.04.22 08:42:18.922,7.82674,7.82896,1.30,1.00
2015.04.22 08:42:23.938,7.82674,7.829,1.30,1.19
2015.04.22 08:42:25.013,7.82674,7.829,1.30,1.19
2015.04.22 08:42:27.016,7.82674,7.829,1.30,1.19
2015.04.22 08:42:29.158,7.82674,7.82894,1.30,1.19
2015.04.22 08:42:31.373,7.82653,7.82892,1.30,1.25
2015.04.22 08:42:31.474,7.82622,7.82892,1.30,1.25
2015.04.22 08:42:31.927,7.82622,7.82892,1.30,1.19
2015.04.22 08:42:33.933,7.82622,7.82892,1.30,1.19
2015.04.22 08:42:34.432,7.82622,7.82868,1.30,1.00
2015.04.22 08:42:39.368,7.8265,7.82916,1.00,1.30
2015.04.22 08:42:39.419,7.8265,7.82916,1.37,1.30
2015.04.22 08:42:39.746,7.82692,7.82936,1.30,1.19
2015.04.22 08:42:41.179,7.82692,7.82912,1.30,1.00
2015.04.22 08:42:41.432,7.82623,7.82879,1.30,1.19
2015.04.22 08:42:41.686,7.82623,7.82852,1.30,1.00
2015.04.22 08:42:46.953,7.82623,7.82834,1.30,1.00
2015.04.22 08:42:48.147,7.82559,7.82834,1.49,1.00
2015.04.22 08:42:49.789,7.82574,7.82853,1.19,1.30
2015.04.22 08:42:49.891,7.82622,7.82887,1.30,1.00
2015.04.22 08:42:50.577,7.82622,7.82887,1.49,1.00
2015.04.22 08:42:51.400,7.8263,7.82914,1.19,1.00
2015.04.22 08:42:53.236,7.8263,7.82914,1.00,1.19
2015.04.22 08:42:55.190,7.8263,7.82914,1.19,1.00
2015.04.22 08:42:56.369,7.82623,7.82909,1.19,1.00
2015.04.22 08:42:57.432,7.82623,7.82909,1.19,1.00
2015.04.22 08:42:58.008,7.8265,7.82915,1.00,1.30
2015.04.22 08:42:58.767,7.82682,7.82934,1.30,1.19
2015.04.22 08:42:59.603,7.82682,7.82962,1.49,1.00
2015.04.22 08:43:00.287,7.82682,7.82962,1.56,1.00
2015.04.22 08:43:01.672,7.82682,7.82962,1.56,1.00
2015.04.22 08:43:02.333,7.82682,7.82962,1.56,1.00
2015.04.22 08:43:04.182,7.82704,7.82976,1.00,1.30
2015.04.22 08:43:04.384,7.82747,7.83014,1.30,1.60
2015.04.22 08:43:04.886,7.82754,7.83033,1.00,2.29
2015.04.22 08:43:05.201,7.82754,7.83033,1.07,2.29
2015.04.22 08:43:06.279,7.82809,7.83033,1.30,2.29
2015.04.22 08:43:08.852,7.82809,7.83065,1.30,1.19
2015.04.22 08:43:09.003,7.82809,7.8309,1.49,1.00
2015.04.22 08:43:09.105,7.82809,7.83075,1.49,1.00
2015.04.22 08:43:09.413,7.82809,7.8305,1.30,1.00
2015.04.22 08:43:10.178,7.82809,7.8305,1.49,1.00
2015.04.22 08:43:10.228,7.82809,7.83076,1.49,1.00
2015.04.22 08:43:10.720,7.82816,7.83102,1.19,1.72
2015.04.22 08:43:10.821,7.82843,7.83102,1.00,1.30
2015.04.22 08:43:11.228,7.82872,7.83129,1.30,1.19
2015.04.22 08:43:11.597,7.82872,7.83129,1.37,1.19
2015.04.22 08:43:12.299,7.82872,7.83129,1.37,1.25
2015.04.22 08:43:12.556,7.82872,7.83129,1.30,1.25
2015.04.22 08:43:13.523,7.82872,7.83072,1.30,1.00
2015.04.22 08:43:13.625,7.82801,7.83083,1.67,1.00
2015.04.22 08:43:13.676,7.82801,7.83083,1.30,1.00
2015.04.22 08:43:13.727,7.82801,7.83058,1.30,1.00
2015.04.22 08:43:14.030,7.82737,7.83015,1.37,1.30
2015.04.22 08:43:14.241,7.82737,7.83015,1.10,1.30
2015.04.22 08:43:15.715,7.82722,7.82994,1.56,1.00
2015.04.22 08:43:17.427,7.82722,7.82994,1.30,1.19
2015.04.22 08:43:17.731,7.82661,7.82916,1.30,1.00
2015.04.22 08:43:19.040,7.82661,7.8289,1.30,1.00
2015.04.22 08:43:19.242,7.82594,7.8286,1.37,1.00
2015.04.22 08:43:19.394,7.82594,7.8286,1.30,1.00
2015.04.22 08:43:19.548,7.826,7.82887,1.00,1.19
2015.04.22 08:43:19.713,7.826,7.82887,1.07,1.19
2015.04.22 08:43:21.469,7.82602,7.82887,1.07,1.19
2015.04.22 08:43:21.520,7.82602,7.82887,1.26,1.00
2015.04.22 08:43:21.621,7.82636,7.8292,1.00,1.49
2015.04.22 08:43:22.025,7.82653,7.82922,1.30,1.19
2015.04.22 08:43:22.432,7.82661,7.82947,1.19,1.00
2015.04.22 08:43:22.533,7.82695,7.82978,1.00,1.49
2015.04.22 08:43:22.635,7.8267,7.82954,1.00,1.19
2015.04.22 08:43:24.814,7.8267,7.82954,1.19,1.00
2015.04.22 08:43:25.131,7.82694,7.82978,1.19,1.30
2015.04.22 08:43:25.283,7.82711,7.8298,1.30,1.00
2015.04.22 08:43:25.587,7.82711,7.82955,1.30,1.00
2015.04.22 08:43:26.840,7.82711,7.82926,1.30,1.00
2015.04.22 08:43:27.476,7.8265,7.82926,1.56,1.00
2015.04.22 08:43:29.127,7.8265,7.82926,1.56,1.00
2015.04.22 08:43:31.331,7.8265,7.82926,1.37,1.00
2015.04.22 08:43:32.334,7.8265,7.82903,1.37,1.00
2015.04.22 08:43:32.586,7.8265,7.82903,1.30,1.00
2015.04.22 08:43:32.782,7.8265,7.82878,1.30,1.00
2015.04.22 08:43:35.040,7.8265,7.82851,1.30,1.00
2015.04.22 08:43:35.091,7.8263,7.82851,1.30,1.00
2015.04.22 08:43:35.192,7.82581,7.82851,1.67,1.19
2015.04.22 08:43:35.243,7.82581,7.82851,1.37,1.19
2015.04.22 08:43:36.188,7.82562,7.82741,1.67,1.00
2015.04.22 08:43:36.238,7.825,7.82741,1.67,1.00
2015.04.22 08:43:36.289,7.8248,7.82682,2.05,1.19
2015.04.22 08:43:36.340,7.82445,7.82682,1.07,1.19
2015.04.22 08:43:36.391,7.82419,7.82682,2.05,1.19
2015.04.22 08:43:36.442,7.82419,7.82655,1.37,1.00
2015.04.22 08:43:37.172,7.82397,7.82678,1.37,1.49
2015.04.22 08:43:37.867,7.82397,7.82678,1.75,1.49
2015.04.22 08:43:37.968,7.82397,7.82678,1.37,1.49
2015.04.22 08:43:38.385,7.82421,7.82678,1.26,1.30
2015.04.22 08:43:38.436,7.82421,7.82698,1.26,1.30
2015.04.22 08:43:38.487,7.82447,7.82733,1.00,1.19
2015.04.22 08:43:38.804,7.82447,7.82733,1.37,1.19
2015.04.22 08:43:40.392,7.82447,7.82733,1.37,1.19
2015.04.22 08:43:40.493,7.82412,7.82688,2.05,1.00
2015.04.22 08:43:40.646,7.82412,7.82688,1.37,1.00
2015.04.22 08:43:40.748,7.82412,7.82688,1.30,1.00
2015.04.22 08:43:40.799,7.82392,7.82661,1.30,1.19
2015.04.22 08:43:40.850,7.82375,7.82661,1.07,1.19
2015.04.22 08:43:40.901,7.82331,7.8257,2.05,1.00
2015.04.22 08:43:40.951,7.82282,7.82566,1.75,1.00
2015.04.22 08:43:41.002,7.8228,7.82566,1.75,1.19
2015.04.22 08:43:41.053,7.82283,7.82569,1.00,1.19
2015.04.22 08:43:41.205,7.82283,7.82569,1.00,1.19
2015.04.22 08:43:41.306,7.82283,7.82569,1.00,1.19
2015.04.22 08:43:41.357,7.82263,7.82544,1.37,1.19
2015.04.22 08:43:41.509,7.82263,7.82544,1.49,1.00
2015.04.22 08:43:41.611,7.82263,7.82544,1.30,1.19
2015.04.22 08:43:42.016,7.82243,7.82512,1.37,1.19
2015.04.22 08:43:43.331,7.82202,7.82458,2.24,1.00
2015.04.22 08:43:43.382,7.82202,7.82458,1.56,1.00
2015.04.22 08:43:43.483,7.82202,7.82433,1.37,1.00
2015.04.22 08:43:43.585,7.82147,7.82433,1.56,1.00
2015.04.22 08:43:44.069,7.82147,7.82433,1.26,1.00
2015.04.22 08:43:45.101,7.82173,7.82457,1.19,1.00
2015.04.22 08:43:45.203,7.82197,7.82466,1.19,1.30
2015.04.22 08:43:45.354,7.82209,7.82483,1.67,1.00
2015.04.22 08:43:45.621,7.82224,7.8251,1.07,1.19
2015.04.22 08:43:45.687,7.82224,7.8251,1.26,1.00
2015.04.22 08:43:45.789,7.82224,7.8251,1.56,1.00
2015.04.22 08:43:46.092,7.82136,7.82324,1.30,1.00
2015.04.22 08:43:46.143,7.82105,7.82324,1.37,1.00
2015.04.22 08:43:46.194,7.82105,7.82321,1.37,1.19
2015.04.22 08:43:46.245,7.82036,7.82321,1.67,1.19
2015.04.22 08:43:46.295,7.82036,7.82312,1.67,1.00
2015.04.22 08:43:46.448,7.82036,7.82312,1.37,1.00
2015.04.22 08:43:46.499,7.82036,7.82283,1.37,1.00
2015.04.22 08:43:46.791,7.82036,7.82283,1.30,1.00
2015.04.22 08:43:46.842,7.82036,7.82283,1.30,1.19
2015.04.22 08:43:47.045,7.81963,7.82227,1.37,1.00
2015.04.22 08:43:47.204,7.81963,7.82227,1.30,1.00
2015.04.22 08:43:47.992,7.81963,7.82176,1.30,1.00
2015.04.22 08:43:48.043,7.81942,7.82176,1.37,1.19
2015.04.22 08:43:48.144,7.81901,7.82176,1.67,1.19
2015.04.22 08:43:48.361,7.81881,7.82164,1.49,1.30
2015.04.22 08:43:48.412,7.81838,7.82159,2.24,1.00
2015.04.22 08:43:48.788,7.81838,7.82117,1.86,1.00
2015.04.22 08:43:48.839,7.81838,7.82117,1.86,1.00
2015.04.22 08:43:48.890,7.81838,7.82083,1.86,1.00
2015.04.22 08:43:49.115,7.81772,7.82056,1.37,1.19
2015.04.22 08:43:49.175,7.81719,7.82037,1.94,1.30
2015.04.22 08:43:49.227,7.81719,7.82037,1.37,1.49
2015.04.22 08:43:49.278,7.81711,7.81994,1.86,1.00
2015.04.22 08:43:49.439,7.81691,7.81976,1.30,1.30
2015.04.22 08:43:49.501,7.8165,7.81976,2.05,1.30
2015.04.22 08:43:49.552,7.8165,7.81976,2.24,1.30
2015.04.22 08:43:50.127,7.81651,7.81945,1.56,1.19
2015.04.22 08:43:50.778,7.81587,7.81893,2.05,1.00
2015.04.22 08:43:51.083,7.81587,7.81774,1.30,1.00
2015.04.22 08:43:51.181,7.81568,7.81774,1.37,1.00
2015.04.22 08:43:51.250,7.81492,7.81729,1.75,1.49
2015.04.22 08:43:51.301,7.81431,7.81684,1.12,1.19
2015.04.22 08:43:51.352,7.81383,7.81666,2.05,1.49
2015.04.22 08:43:51.403,7.81357,7.81666,1.12,1.49
2015.04.22 08:43:51.505,7.8134,7.81613,2.05,1.00
2015.04.22 08:43:51.708,7.81235,7.8155,1.75,1.30
2015.04.22 08:43:51.759,7.81271,7.8157,1.30,1.91
2015.04.22 08:43:51.810,7.81271,7.81506,1.30,1.00
2015.04.22 08:43:51.876,7.81251,7.81506,1.30,1.25
2015.04.22 08:43:51.927,7.81156,7.81463,1.31,1.00
2015.04.22 08:43:51.978,7.81154,7.81463,1.00,1.00
2015.04.22 08:43:52.091,7.81105,7.81423,1.94,1.00
2015.04.22 08:43:52.192,7.81069,7.81403,1.94,1.00
2015.04.22 08:43:52.294,7.81073,7.81371,1.25,1.00
2015.04.22 08:43:52.344,7.81065,7.81371,1.19,1.19
2015.04.22 08:43:52.647,7.80977,7.81253,1.07,1.19
2015.04.22 08:43:52.749,7.80919,7.81253,1.19,1.19
2015.04.22 08:43:52.982,7.80919,7.81253,1.00,1.19
2015.04.22 08:43:53.296,7.80828,7.81158,1.75,1.19
2015.04.22 08:43:53.448,7.80814,7.81128,1.94,1.00
2015.04.22 08:43:53.499,7.80814,7.81127,1.31,1.00
2015.04.22 08:43:53.603,7.80802,7.81127,1.37,1.19
2015.04.22 08:43:53.906,7.80759,7.81047,1.75,1.19
2015.04.22 08:43:53.957,7.80759,7.81047,1.10,1.19
2015.04.22 08:43:54.059,7.80722,7.81047,1.37,1.19
2015.04.22 08:43:54.160,7.80742,7.81056,1.07,1.25
2015.04.22 08:43:54.261,7.80783,7.8106,1.19,1.00
2015.04.22 08:43:54.312,7.80783,7.811,1.19,1.19
2015.04.22 08:43:54.363,7.80782,7.811,1.29,1.00
2015.04.22 08:43:54.414,7.80874,7.81207,1.00,2.29
2015.04.22 08:43:54.464,7.80875,7.81208,1.00,1.00
2015.04.22 08:43:54.515,7.80915,7.81272,1.00,1.00
2015.04.22 08:43:54.566,7.80915,7.81272,1.19,1.19
2015.04.22 08:43:54.819,7.8094,7.81426,1.07,2.36
2015.04.22 08:43:54.870,7.81055,7.8138,1.30,1.76
2015.04.22 08:43:54.971,7.81055,7.8138,1.30,1.57
2015.04.22 08:43:55.072,7.81055,7.8138,1.30,1.76
2015.04.22 08:43:55.375,7.81055,7.8138,1.30,1.76
2015.04.22 08:43:55.578,7.81055,7.8138,1.30,1.76
2015.04.22 08:43:55.679,7.81055,7.8138,1.49,1.76
2015.04.22 08:43:55.730,7.81118,7.81426,1.30,2.29
2015.04.22 08:43:55.932,7.8102,7.81346,1.67,1.49
2015.04.22 08:43:55.983,7.8102,7.81346,1.67,1.49
2015.04.22 08:43:56.034,7.80947,7.81272,1.30,1.49
2015.04.22 08:43:56.084,7.80947,7.81272,1.30,1.49
2015.04.22 08:43:56.186,7.80947,7.81272,1.30,1.49
2015.04.22 08:43:56.405,7.80947,7.81272,1.30,1.49
2015.04.22 08:43:56.507,7.80947,7.81272,1.30,1.30
2015.04.22 08:43:56.558,7.80952,7.81272,1.50,1.30
2015.04.22 08:43:56.761,7.81011,7.81335,1.30,1.30
2015.04.22 08:43:56.812,7.81011,7.81335,1.30,1.49
2015.04.22 08:43:57.115,7.81072,7.81398,1.30,2.09
2015.04.22 08:43:57.217,7.81072,7.81398,1.30,2.09
2015.04.22 08:43:57.268,7.81072,7.81398,1.30,2.09
2015.04.22 08:43:57.572,7.81072,7.81398,1.30,2.09
2015.04.22 08:43:57.677,7.81072,7.81355,1.30,1.49
2015.04.22 08:43:57.728,7.81011,7.81334,1.30,1.49
2015.04.22 08:43:57.780,7.81011,7.81292,1.30,1.49
2015.04.22 08:43:57.831,7.80947,7.81272,1.30,1.49
2015.04.22 08:43:57.882,7.80947,7.81272,1.30,1.49
2015.04.22 08:43:58.034,7.80888,7.81214,1.30,1.49
2015.04.22 08:43:58.186,7.80888,7.81214,1.49,1.49
2015.04.22 08:43:58.389,7.80888,7.81214,1.49,1.30
2015.04.22 08:43:58.658,7.8095,7.81275,1.49,1.30
2015.04.22 08:43:58.709,7.8095,7.81275,1.49,1.30
2015.04.22 08:43:59.329,7.81016,7.81341,1.49,1.49
2015.04.22 08:43:59.531,7.81016,7.81341,1.37,1.49
2015.04.22 08:43:59.582,7.81016,7.81341,1.30,1.49
2015.04.22 08:43:59.636,7.81016,7.81299,1.30,1.49
2015.04.22 08:43:59.687,7.80953,7.81279,1.49,1.49
2015.04.22 08:44:00.927,7.80953,7.81279,1.49,1.30
2015.04.22 08:44:01.267,7.81016,7.81342,1.49,1.56
2015.04.22 08:44:01.521,7.81016,7.81342,1.49,1.49
2015.04.22 08:44:01.824,7.81016,7.81342,1.30,1.49
2015.04.22 08:44:02.042,7.81016,7.81342,1.49,1.49
2015.04.22 08:44:02.446,7.81016,7.81342,1.49,1.30
2015.04.22 08:44:02.547,7.81089,7.81415,1.30,1.90
2015.04.22 08:44:02.749,7.81089,7.8138,1.30,1.16
2015.04.22 08:44:02.851,7.81026,7.81352,1.30,1.49
2015.04.22 08:44:03.154,7.81026,7.81352,1.49,1.49
2015.04.22 08:44:03.306,7.81026,7.81352,1.49,1.30
2015.04.22 08:44:03.458,7.81097,7.8139,1.16,2.09
2015.04.22 08:44:03.721,7.81097,7.8139,1.49,1.90
2015.04.22 08:44:04.025,7.81176,7.81426,1.49,2.10
2015.04.22 08:44:04.157,7.81114,7.81407,1.49,1.90
2015.04.22 08:44:04.258,7.81114,7.81407,1.30,2.09
2015.04.22 08:44:04.964,7.81114,7.81407,1.30,2.09
2015.04.22 08:44:05.065,7.8105,7.81343,1.49,1.30
2015.04.22 08:44:05.421,7.8105,7.81343,1.49,1.30
2015.04.22 08:44:05.573,7.81111,7.81404,1.49,1.90
2015.04.22 08:44:05.624,7.81111,7.81404,1.30,1.90
2015.04.22 08:44:05.675,7.81172,7.81426,1.30,2.10
2015.04.22 08:44:06.232,7.81172,7.81465,1.30,1.49
2015.04.22 08:44:06.797,7.81232,7.81525,1.30,1.49
2015.04.22 08:44:07.050,7.81172,7.81465,1.30,1.49
2015.04.22 08:44:07.422,7.81172,7.81465,1.30,1.49
2015.04.22 08:44:07.935,7.81172,7.81465,1.30,1.49
2015.04.22 08:44:08.036,7.81172,7.81465,1.30,1.49
2015.04.22 08:44:08.836,7.81172,7.81465,1.49,1.49
2015.04.22 08:44:08.988,7.81237,7.8153,1.30,1.49
2015.04.22 08:44:09.292,7.81237,7.8153,1.30,1.49
2015.04.22 08:44:09.343,7.81237,7.8153,1.30,1.49
2015.04.22 08:44:09.444,7.81237,7.8153,1.30,1.49
2015.04.22 08:44:10.292,7.81237,7.8153,1.30,1.49
2015.04.22 08:44:10.394,7.81237,7.8153,1.30,1.49
2015.04.22 08:44:10.941,7.81238,7.8153,1.00,1.49
2015.04.22 08:44:11.396,7.81309,7.81601,1.30,1.79
2015.04.22 08:44:11.902,7.81309,7.81602,1.30,2.09
2015.04.22 08:44:12.257,7.81309,7.81602,1.30,2.09
2015.04.22 08:44:12.358,7.81309,7.81602,1.30,2.09
2015.04.22 08:44:12.662,7.81309,7.81599,1.30,1.79
2015.04.22 08:44:12.783,7.81251,7.81542,1.30,1.49
2015.04.22 08:44:12.884,7.81251,7.81542,1.30,1.49
2015.04.22 08:44:12.985,7.81251,7.81542,1.30,1.49
2015.04.22 08:44:13.462,7.81251,7.81542,1.30,1.49
2015.04.22 08:44:13.714,7.81191,7.81484,1.30,1.49
2015.04.22 08:44:13.866,7.81191,7.81484,1.30,1.49
2015.04.22 08:44:13.917,7.81065,7.81358,2.05,1.30
2015.04.22 08:44:14.070,7.81065,7.81358,1.30,1.49
2015.04.22 08:44:14.171,7.81065,7.81358,1.30,1.49
2015.04.22 08:44:14.273,7.81065,7.81358,1.49,1.30
2015.04.22 08:44:14.577,7.81065,7.81358,1.30,1.49
2015.04.22 08:44:16.481,7.81072,7.81358,1.30,1.30
2015.04.22 08:44:16.534,7.81091,7.81416,1.30,1.19
2015.04.22 08:44:16.787,7.81091,7.81417,1.49,1.49
2015.04.22 08:44:16.989,7.81091,7.81417,1.49,1.30
2015.04.22 08:44:17.091,7.81091,7.81417,1.30,1.49
2015.04.22 08:44:17.142,7.81072,7.81352,1.30,1.30
2015.04.22 08:44:17.193,7.81026,7.81352,1.30,1.49
2015.04.22 08:44:17.294,7.81026,7.81352,1.30,1.05
2015.04.22 08:44:17.396,7.81026,7.81352,1.49,1.49
2015.04.22 08:44:18.002,7.81026,7.81352,1.49,1.30
2015.04.22 08:44:18.053,7.81089,7.81372,1.49,1.90
2015.04.22 08:44:19.107,7.81089,7.81407,1.30,2.29
2015.04.22 08:44:19.310,7.81089,7.81407,1.30,2.29
2015.04.22 08:44:19.546,7.81051,7.81344,1.30,1.49
2015.04.22 08:44:19.597,7.81051,7.81344,1.30,1.49
2015.04.22 08:44:19.648,7.81031,7.81278,1.30,1.49
2015.04.22 08:44:19.699,7.80987,7.81278,1.30,1.49
2015.04.22 08:44:19.801,7.80987,7.81278,1.30,1.49
2015.04.22 08:44:21.468,7.80987,7.81278,1.37,1.49
2015.04.22 08:44:21.719,7.80987,7.81278,1.37,1.49
2015.04.22 08:44:22.024,7.81063,7.81356,1.56,1.49
2015.04.22 08:44:22.530,7.81063,7.81356,1.86,1.49
2015.04.22 08:44:22.733,7.81124,7.81417,1.30,1.49
2015.04.22 08:44:23.037,7.81124,7.81417,1.30,1.49
2015.04.22 08:44:23.341,7.81124,7.81417,1.30,1.49
2015.04.22 08:44:23.496,7.81063,7.81356,1.67,1.49
2015.04.22 08:44:23.546,7.81063,7.81356,1.30,1.49
2015.04.22 08:44:23.597,7.81043,7.81292,1.35,1.49
2015.04.22 08:44:23.648,7.80999,7.81292,1.67,1.49
2015.04.22 08:44:23.803,7.80999,7.81292,1.30,1.49
2015.04.22 08:44:23.905,7.80979,7.8123,1.37,1.49
2015.04.22 08:44:24.006,7.80937,7.8123,1.54,1.49
2015.04.22 08:44:24.057,7.80937,7.8123,1.86,1.30
2015.04.22 08:44:24.108,7.80974,7.81299,1.49,1.49
2015.04.22 08:44:24.159,7.80974,7.81299,1.30,1.49
2015.04.22 08:44:25.125,7.80974,7.81299,1.49,1.49
2015.04.22 08:44:25.379,7.81033,7.81318,1.30,2.09
2015.04.22 08:44:25.868,7.81033,7.81346,1.30,2.29
2015.04.22 08:44:25.987,7.81014,7.81285,1.30,1.49
2015.04.22 08:44:26.038,7.8096,7.81285,1.37,1.49
2015.04.22 08:44:26.139,7.8096,7.81285,1.56,1.16
2015.04.22 08:44:26.190,7.8096,7.81285,2.24,1.16
2015.04.22 08:44:26.494,7.81025,7.81318,1.37,1.49
2015.04.22 08:44:27.056,7.81025,7.81318,1.30,1.49
2015.04.22 08:44:27.235,7.81025,7.81318,1.30,1.49
2015.04.22 08:44:27.966,7.81025,7.81318,1.67,1.49
2015.04.22 08:44:28.457,7.81025,7.81318,1.86,1.49
2015.04.22 08:44:28.609,7.81025,7.81318,2.24,1.49
2015.04.22 08:44:29.445,7.81033,7.81318,1.56,1.30
2015.04.22 08:44:30.147,7.81042,7.81318,1.56,1.30
2015.04.22 08:44:30.350,7.8109,7.81383,1.56,1.30
2015.04.22 08:44:30.653,7.8109,7.81383,1.37,1.49
2015.04.22 08:44:30.856,7.8109,7.81383,1.56,1.30
2015.04.22 08:44:30.906,7.81102,7.81383,1.94,1.30
2015.04.22 08:44:31.109,7.81092,7.81383,1.94,1.30
2015.04.22 08:44:31.261,7.81092,7.81383,1.94,1.30
2015.04.22 08:44:31.463,7.81159,7.81452,1.37,1.49
2015.04.22 08:44:31.583,7.81159,7.81452,1.56,1.49
2015.04.22 08:44:31.655,7.81159,7.81452,2.24,1.49
2015.04.22 08:44:32.438,7.81159,7.81452,1.86,1.49
2015.04.22 08:44:32.657,7.81159,7.81452,1.56,1.56
2015.04.22 08:44:33.018,7.81159,7.81452,1.56,1.49
2015.04.22 08:44:33.321,7.81159,7.81452,2.24,1.30
2015.04.22 08:44:33.473,7.81218,7.81511,2.05,2.09
2015.04.22 08:44:33.526,7.81218,7.81511,1.30,2.09
2015.04.22 08:44:33.577,7.81218,7.81485,1.30,1.19
2015.04.22 08:44:33.881,7.81094,7.81387,2.05,1.49
2015.04.22 08:44:34.235,7.81094,7.81387,2.05,1.49
2015.04.22 08:44:35.277,7.81094,7.81387,2.24,1.49
2015.04.22 08:44:35.328,7.81094,7.81387,2.24,1.49
2015.04.22 08:44:35.638,7.81112,7.81387,1.75,1.49
2015.04.22 08:44:36.010,7.81158,7.81451,2.05,1.49
2015.04.22 08:44:36.596,7.81158,7.81294,2.05,2.10
2015.04.22 08:44:36.748,7.81052,7.81275,1.75,1.35
2015.04.22 08:44:36.798,7.81052,7.8129,1.75,1.16
2015.04.22 08:44:36.849,7.81044,7.8129,2.05,1.16
2015.04.22 08:44:36.950,7.81044,7.81294,2.05,2.29
2015.04.22 08:44:37.826,7.81044,7.81294,2.05,2.10
2015.04.22 08:44:37.877,7.81044,7.81337,2.05,2.24
2015.04.22 08:44:37.927,7.81062,7.81337,1.75,1.30
2015.04.22 08:44:38.231,7.81044,7.81283,2.05,2.10
2015.04.22 08:44:38.384,7.81044,7.81337,2.05,1.49
2015.04.22 08:44:38.486,7.81044,7.81337,2.05,1.30
2015.04.22 08:44:38.588,7.81044,7.81337,2.05,1.30
2015.04.22 08:44:38.694,7.81051,7.81337,1.12,1.30
2015.04.22 08:44:39.502,7.8105,7.81337,1.12,1.30
2015.04.22 08:44:40.609,7.81067,7.81337,1.12,1.30
2015.04.22 08:44:41.133,7.81067,7.81337,1.12,1.30
2015.04.22 08:44:41.713,7.81105,7.81387,2.05,1.16
2015.04.22 08:44:41.915,7.81105,7.81389,2.05,2.29
2015.04.22 08:44:42.498,7.81105,7.81389,2.05,2.29
2015.04.22 08:44:43.996,7.81105,7.81398,2.05,1.56
2015.04.22 08:44:44.047,7.81127,7.81398,1.31,1.37
2015.04.22 08:44:44.097,7.8113,7.81398,1.31,1.30
2015.04.22 08:44:44.415,7.81147,7.81398,1.12,1.30
2015.04.22 08:44:44.740,7.81119,7.81398,1.12,1.49
2015.04.22 08:44:44.791,7.81119,7.81398,1.12,1.49
2015.04.22 08:44:44.892,7.81173,7.81398,1.75,1.49
2015.04.22 08:44:44.943,7.81173,7.81398,1.75,1.30
2015.04.22 08:44:45.044,7.81173,7.81466,2.66,1.30
2015.04.22 08:44:45.095,7.81249,7.81542,1.30,1.56
2015.04.22 08:44:45.297,7.81249,7.81542,1.37,1.86
2015.04.22 08:44:46.507,7.81249,7.81542,2.05,1.86
2015.04.22 08:44:47.110,7.81249,7.81542,2.05,1.86
2015.04.22 08:44:49.128,7.81249,7.81536,2.05,1.26
2015.04.22 08:44:49.718,7.81249,7.81536,2.05,1.26
2015.04.22 08:44:50.041,7.81249,7.81542,2.05,1.86
2015.04.22 08:44:50.256,7.81257,7.81542,1.12,1.86
2015.04.22 08:44:50.357,7.81257,7.81542,1.12,1.49
2015.04.22 08:44:50.646,7.81258,7.81542,1.31,1.30
2015.04.22 08:44:51.003,7.81289,7.81542,1.12,1.30
2015.04.22 08:44:51.105,7.81283,7.81542,1.12,1.30
2015.04.22 08:44:51.156,7.81288,7.81542,1.12,1.30
2015.04.22 08:44:51.459,7.81276,7.81542,1.12,1.30
2015.04.22 08:44:51.510,7.81288,7.81574,2.05,1.16
2015.04.22 08:44:51.717,7.81288,7.81581,2.05,2.36
2015.04.22 08:44:51.835,7.81288,7.81558,2.05,1.79
2015.04.22 08:44:51.897,7.81288,7.81558,2.05,1.79
2015.04.22 08:44:52.927,7.81313,7.81581,1.12,2.29
2015.04.22 08:44:53.079,7.81325,7.81581,1.12,2.10
2015.04.22 08:44:53.130,7.8133,7.81581,1.12,2.10
2015.04.22 08:44:53.629,7.81349,7.81536,1.67,2.10
2015.04.22 08:44:53.680,7.81349,7.81536,1.30,2.10
2015.04.22 08:44:53.781,7.81349,7.81536,1.37,2.10
2015.04.22 08:44:53.882,7.81323,7.81536,1.00,2.10
2015.04.22 08:44:54.034,7.81332,7.81536,1.10,2.10
2015.04.22 08:44:54.236,7.8129,7.81518,1.30,1.35
2015.04.22 08:44:54.539,7.8129,7.81518,1.30,2.10
2015.04.22 08:44:54.866,7.8129,7.81411,1.30,2.10
2015.04.22 08:44:55.090,7.81223,7.81382,1.30,1.35
2015.04.22 08:44:55.141,7.81156,7.81382,1.30,1.35
2015.04.22 08:44:55.243,7.81156,7.81373,1.30,1.75
2015.04.22 08:44:55.406,7.81096,7.8136,1.30,1.50
2015.04.22 08:44:55.508,7.81096,7.8136,1.30,1.07
2015.04.22 08:44:55.609,7.81096,7.8136,1.30,1.37
2015.04.22 08:44:55.931,7.81096,7.81312,1.30,1.00
2015.04.22 08:44:56.032,7.81021,7.81312,1.30,1.00
2015.04.22 08:44:56.083,7.81021,7.81312,1.30,1.19
2015.04.22 08:44:56.515,7.81021,7.81312,1.30,1.94
2015.04.22 08:44:56.835,7.81021,7.81238,1.30,1.00
2015.04.22 08:44:57.038,7.80959,7.81209,1.30,1.00
2015.04.22 08:44:57.139,7.80959,7.81209,1.30,1.07
2015.04.22 08:44:57.886,7.80959,7.81233,1.49,1.35
2015.04.22 08:44:58.046,7.80959,7.81235,1.49,1.60
2015.04.22 08:44:59.227,7.81,7.81252,1.00,2.32
2015.04.22 08:44:59.457,7.80972,7.81228,1.49,1.60
2015.04.22 08:44:59.669,7.80972,7.81254,1.49,1.37
2015.04.22 08:44:59.770,7.80972,7.81254,1.49,1.00
2015.04.22 08:45:00.373,7.80993,7.81265,1.00,1.30
2015.04.22 08:45:00.678,7.80977,7.81238,1.31,1.00
2015.04.22 08:45:01.228,7.80977,7.81238,1.19,1.00
2015.04.22 08:45:01.537,7.81002,7.81238,1.00,1.00
2015.04.22 08:45:02.118,7.8104,7.81238,1.00,1.00
2015.04.22 08:45:04.715,7.81027,7.81238,1.00,1.00
2015.04.22 08:45:04.819,7.80985,7.81238,1.00,1.00
2015.04.22 08:45:04.933,7.80972,7.81238,1.56,1.00
2015.04.22 08:45:05.939,7.80972,7.81217,1.56,1.00
2015.04.22 08:45:06.286,7.80972,7.81217,1.56,1.00
2015.04.22 08:45:07.215,7.80972,7.81217,1.56,1.00
2015.04.22 08:45:07.267,7.80972,7.81253,1.56,1.00
2015.04.22 08:45:07.368,7.81031,7.8128,1.30,1.07
2015.04.22 08:45:07.470,7.81031,7.8128,1.30,1.00
2015.04.22 08:45:08.047,7.81031,7.8128,1.37,1.00
2015.04.22 08:45:08.489,7.81045,7.81324,1.00,1.54
2015.04.22 08:45:08.692,7.81045,7.81324,1.75,1.49
2015.04.22 08:45:08.844,7.81045,7.81324,1.94,1.30
2015.04.22 08:45:09.082,7.81097,7.81357,1.30,1.00
2015.04.22 08:45:09.234,7.81097,7.81357,1.67,1.00
2015.04.22 08:45:09.597,7.81097,7.81332,1.30,1.25
2015.04.22 08:45:09.698,7.81046,7.81332,1.94,1.25
2015.04.22 08:45:10.367,7.81046,7.81332,1.94,1.25
2015.04.22 08:45:10.477,7.81046,7.81332,1.94,1.25
2015.04.22 08:45:10.790,7.81113,7.81391,1.00,1.56
2015.04.22 08:45:11.102,7.81113,7.81391,1.75,1.49
2015.04.22 08:45:11.876,7.81113,7.81391,1.75,1.49
2015.04.22 08:45:12.003,7.81159,7.81411,1.30,2.09
2015.04.22 08:45:12.358,7.81159,7.81433,1.30,3.04
2015.04.22 08:45:12.459,7.81159,7.81433,1.30,1.19
2015.04.22 08:45:12.510,7.81172,7.81433,1.00,1.19
2015.04.22 08:45:12.987,7.81159,7.81433,1.67,1.19
2015.04.22 08:45:13.301,7.81138,7.81364,1.67,1.00
2015.04.22 08:45:13.453,7.81096,7.81364,2.05,1.19
2015.04.22 08:45:13.870,7.81139,7.81422,1.00,1.49
2015.04.22 08:45:13.922,7.81161,7.81423,1.30,1.19
2015.04.22 08:45:14.226,7.81142,7.81369,2.05,1.19
2015.04.22 08:45:14.327,7.81099,7.81369,2.05,1.19
2015.04.22 08:45:14.428,7.81099,7.81369,1.67,1.19
2015.04.22 08:45:14.480,7.81099,7.81328,1.67,1.19
2015.04.22 08:45:14.632,7.81099,7.81328,1.30,1.19
2015.04.22 08:45:14.784,7.81099,7.81303,1.30,1.00
2015.04.22 08:45:14.835,7.8104,7.81303,2.05,1.00
2015.04.22 08:45:14.885,7.8104,7.81265,2.05,1.19
2015.04.22 08:45:14.987,7.8104,7.81265,1.37,1.19
2015.04.22 08:45:15.088,7.80983,7.81265,1.75,1.19
2015.04.22 08:45:15.320,7.80983,7.81265,1.75,1.19
2015.04.22 08:45:15.756,7.8105,7.8128,1.30,1.19
2015.04.22 08:45:16.279,7.8105,7.81306,1.37,1.19
2015.04.22 08:45:16.660,7.8105,7.81306,1.37,1.19
2015.04.22 08:45:18.690,7.81051,7.81337,1.26,1.00
2015.04.22 08:45:18.843,7.81051,7.81337,1.94,1.00
2015.04.22 08:45:19.823,7.81052,7.81337,1.94,1.00
2015.04.22 08:45:21.198,7.8105,7.81305,2.05,1.19
2015.04.22 08:45:21.249,7.8105,7.81305,1.37,1.19
2015.04.22 08:45:22.303,7.8105,7.81259,1.37,1.00
2015.04.22 08:45:22.354,7.8105,7.81259,1.30,1.00
2015.04.22 08:45:22.818,7.8105,7.81284,1.30,1.00
2015.04.22 08:45:24.408,7.8105,7.81309,1.30,1.19
2015.04.22 08:45:24.515,7.8105,7.81309,1.37,1.19
2015.04.22 08:45:24.828,7.81055,7.81341,1.26,1.37
2015.04.22 08:45:24.980,7.81062,7.81341,1.75,1.00
2015.04.22 08:45:25.305,7.81055,7.81341,1.94,1.00
2015.04.22 08:45:27.098,7.81055,7.81341,1.75,1.19
2015.04.22 08:45:27.828,7.81062,7.81341,1.75,1.19
2015.04.22 08:45:28.147,7.81072,7.81341,1.75,1.19
2015.04.22 08:45:28.248,7.81116,7.81362,1.67,1.30
2015.04.22 08:45:28.299,7.8114,7.81383,1.00,1.19
2015.04.22 08:45:29.400,7.81116,7.814,1.30,1.56
2015.04.22 08:45:29.606,7.81116,7.814,1.37,1.56
2015.04.22 08:45:29.923,7.81116,7.81369,1.30,1.26
2015.04.22 08:45:30.244,7.81096,7.81332,1.30,1.19
2015.04.22 08:45:30.296,7.81057,7.81332,1.67,1.19
2015.04.22 08:45:30.601,7.81057,7.81332,1.30,1.26
2015.04.22 08:45:31.408,7.81057,7.81272,1.30,1.00
2015.04.22 08:45:31.459,7.81037,7.81272,1.30,1.00
2015.04.22 08:45:31.510,7.80988,7.81272,2.24,1.00
2015.04.22 08:45:31.561,7.80988,7.81272,1.30,1.26
2015.04.22 08:45:31.936,7.81039,7.81281,1.37,1.30
2015.04.22 08:45:32.038,7.81054,7.81301,1.30,1.49
2015.04.22 08:45:32.113,7.81054,7.81325,1.67,1.26
2015.04.22 08:45:32.546,7.81066,7.81347,1.75,1.54
2015.04.22 08:45:32.749,7.81091,7.81347,1.37,1.35
2015.04.22 08:45:32.799,7.81091,7.81347,1.75,1.30
2015.04.22 08:45:33.028,7.81117,7.81367,1.35,1.56
2015.04.22 08:45:33.130,7.81097,7.81324,2.05,1.19
2015.04.22 08:45:33.231,7.81046,7.81293,2.05,1.19
2015.04.22 08:45:33.332,7.81026,7.81264,2.05,1.19
2015.04.22 08:45:33.383,7.80979,7.8125,2.05,2.10
2015.04.22 08:45:33.434,7.80979,7.81214,2.05,1.00
2015.04.22 08:45:33.586,7.80979,7.81214,1.30,1.00
2015.04.22 08:45:33.637,7.80979,7.81214,1.30,1.19
2015.04.22 08:45:33.941,7.80959,7.81184,1.37,1.00
2015.04.22 08:45:34.111,7.8092,7.81132,2.05,1.00
2015.04.22 08:45:34.213,7.8092,7.81132,1.30,1.19
2015.04.22 08:45:34.264,7.80901,7.81132,1.37,1.19
2015.04.22 08:45:34.315,7.80856,7.81132,2.05,1.19
2015.04.22 08:45:34.367,7.80856,7.81132,2.24,1.00
2015.04.22 08:45:34.418,7.80873,7.81149,1.75,1.30
2015.04.22 08:45:34.745,7.80856,7.81131,2.24,1.00
2015.04.22 08:45:34.847,7.80911,7.81136,1.07,1.00
2015.04.22 08:45:34.948,7.80911,7.81168,1.07,2.05
2015.04.22 08:45:34.999,7.80911,7.81176,1.75,1.00
2015.04.22 08:45:35.337,7.8096,7.81166,2.24,1.00
2015.04.22 08:45:35.438,7.8096,7.81218,2.24,1.00
2015.04.22 08:45:35.543,7.8096,7.81229,2.24,1.60
2015.04.22 08:45:36.316,7.80964,7.81223,1.31,1.35
2015.04.22 08:45:36.620,7.80952,7.81175,1.37,1.67
2015.04.22 08:45:36.927,7.80942,7.8112,1.37,1.91
2015.04.22 08:45:36.978,7.80902,7.8112,1.00,1.91
2015.04.22 08:45:37.079,7.80872,7.8112,1.87,2.29
2015.04.22 08:45:37.183,7.80872,7.8112,1.87,2.29
2015.04.22 08:45:37.489,7.80843,7.81069,1.00,1.94
2015.04.22 08:45:37.540,7.80833,7.81069,1.00,1.56
2015.04.22 08:45:37.642,7.80852,7.81085,1.00,2.24
2015.04.22 08:45:37.693,7.80852,7.81085,1.00,2.05
2015.04.22 08:45:37.744,7.80882,7.81085,1.00,1.37
2015.04.22 08:45:37.895,7.80892,7.81085,1.00,1.37
2015.04.22 08:45:38.235,7.80883,7.81085,1.37,1.30
2015.04.22 08:45:38.286,7.80883,7.81085,1.07,1.30
2015.04.22 08:45:38.489,7.80862,7.81085,1.07,1.67
2015.04.22 08:45:39.641,7.80882,7.8107,1.00,1.07
2015.04.22 08:45:39.944,7.80872,7.8107,1.75,1.00
2015.04.22 08:45:40.146,7.80832,7.81085,1.00,2.27
2015.04.22 08:45:40.248,7.80832,7.81076,1.00,1.31
2015.04.22 08:45:40.399,7.80823,7.81068,1.00,1.56
2015.04.22 08:45:40.450,7.80812,7.81068,1.50,1.56
2015.04.22 08:45:40.501,7.80812,7.81068,1.50,1.94
2015.04.22 08:45:40.894,7.80812,7.81068,1.19,1.75
2015.04.22 08:45:40.944,7.80802,7.81068,1.94,1.00
2015.04.22 08:45:41.527,7.80792,7.81036,2.24,1.00
2015.04.22 08:45:41.679,7.80792,7.81036,1.30,1.00
2015.04.22 08:45:41.729,7.80792,7.81009,1.30,1.00
2015.04.22 08:45:41.831,7.80792,7.81034,1.30,1.00
2015.04.22 08:45:42.085,7.80792,7.81034,1.30,1.79
2015.04.22 08:45:42.199,7.80772,7.80996,1.37,1.00
2015.04.22 08:45:42.300,7.80726,7.80996,2.05,1.00
2015.04.22 08:45:42.351,7.80726,7.80996,2.05,1.00
2015.04.22 08:45:42.554,7.80726,7.80996,1.67,1.00
2015.04.22 08:45:42.846,7.80754,7.81019,1.00,1.56
2015.04.22 08:45:43.159,7.80754,7.81019,1.94,1.30
2015.04.22 08:45:45.370,7.80792,7.81019,1.00,1.30
2015.04.22 08:45:45.421,7.80792,7.81068,1.19,2.47
2015.04.22 08:45:45.573,7.80792,7.81068,1.56,2.10
2015.04.22 08:45:45.775,7.80786,7.81051,1.67,1.79
2015.04.22 08:45:45.877,7.80786,7.81051,1.67,1.79
2015.04.22 08:45:45.978,7.80786,7.81051,1.30,1.86
2015.04.22 08:45:46.130,7.80786,7.81011,1.30,1.00
2015.04.22 08:45:46.433,7.80627,7.80848,1.75,2.10
2015.04.22 08:45:46.735,7.80604,7.80865,2.05,1.19
2015.04.22 08:45:47.222,7.80604,7.80865,1.72,1.56
2015.04.22 08:45:47.323,7.80604,7.80839,1.30,1.56
2015.04.22 08:45:47.424,7.80555,7.80837,1.75,1.86
2015.04.22 08:45:47.526,7.80555,7.80837,1.37,2.24
2015.04.22 08:45:47.627,7.80559,7.80837,1.12,1.56
2015.04.22 08:45:47.930,7.80593,7.80837,1.75,1.49
2015.04.22 08:45:47.981,7.80593,7.80837,1.75,1.49
2015.04.22 08:45:48.032,7.80618,7.80902,1.75,1.49
2015.04.22 08:45:48.082,7.80618,7.80902,1.75,1.49
2015.04.22 08:45:48.311,7.80618,7.80902,1.94,1.30
2015.04.22 08:45:48.513,7.80673,7.80902,1.75,1.30
2015.04.22 08:45:48.564,7.80673,7.80959,1.75,1.79
2015.04.22 08:45:48.817,7.80699,7.80884,1.07,2.10
2015.04.22 08:45:48.969,7.80672,7.80884,1.67,2.29
2015.04.22 08:45:49.121,7.80673,7.80885,1.12,1.19
2015.04.22 08:45:49.172,7.80657,7.809,1.75,1.49
2015.04.22 08:45:50.157,7.80697,7.80962,1.75,1.30
2015.04.22 08:45:50.258,7.80731,7.81004,1.75,1.19
2015.04.22 08:45:50.524,7.80731,7.81017,1.94,1.00
2015.04.22 08:45:50.625,7.80731,7.81017,1.94,1.00
2015.04.22 08:45:50.676,7.80758,7.81021,1.75,1.30
2015.04.22 08:45:50.926,7.80758,7.81021,1.37,1.30
2015.04.22 08:45:51.134,7.80758,7.81021,1.10,1.37
2015.04.22 08:45:51.797,7.80758,7.81021,1.00,2.05
2015.04.22 08:45:51.949,7.80734,7.81018,1.26,1.37
2015.04.22 08:45:52.050,7.80728,7.80974,1.86,1.00
2015.04.22 08:45:52.355,7.80666,7.80936,2.05,1.79
2015.04.22 08:45:52.456,7.80666,7.80927,2.05,1.16
2015.04.22 08:45:52.558,7.80666,7.80835,2.05,1.19
2015.04.22 08:45:52.609,7.80591,7.80835,2.05,1.19
2015.04.22 08:45:52.660,7.80591,7.80809,2.05,1.19
2015.04.22 08:45:52.711,7.80591,7.80809,1.67,1.26
2015.04.22 08:45:52.813,7.80538,7.80795,1.12,1.16
2015.04.22 08:45:53.269,7.80538,7.80781,1.12,1.31
2015.04.22 08:45:53.471,7.8053,7.80794,2.05,1.16
2015.04.22 08:45:53.674,7.8054,7.80823,1.75,1.30
2015.04.22 08:45:53.899,7.8053,7.80799,2.05,1.00
2015.04.22 08:45:54.001,7.8053,7.80799,2.05,1.00
2015.04.22 08:45:54.153,7.8054,7.80823,1.75,1.30
2015.04.22 08:45:54.356,7.80538,7.80823,1.75,1.30
2015.04.22 08:45:54.797,7.80538,7.80823,1.75,1.67
2015.04.22 08:45:54.848,7.8053,7.80798,2.05,1.00
2015.04.22 08:45:55.452,7.8053,7.80798,1.67,1.00
2015.04.22 08:45:55.554,7.8053,7.80798,1.35,1.56
2015.04.22 08:45:55.865,7.80458,7.80728,2.05,1.19
2015.04.22 08:45:56.017,7.80458,7.807,1.30,1.67
2015.04.22 08:45:56.230,7.80458,7.807,1.30,1.97
2015.04.22 08:45:56.553,7.80414,7.8069,1.75,1.86
2015.04.22 08:45:56.755,7.80414,7.8069,1.75,2.24
2015.04.22 08:45:57.109,7.80397,7.80675,2.05,1.56
2015.04.22 08:45:57.261,7.80397,7.80675,2.05,1.56
2015.04.22 08:45:57.362,7.8042,7.8069,1.07,2.24
2015.04.22 08:45:57.413,7.8042,7.8069,1.37,2.24
2015.04.22 08:45:57.716,7.80397,7.80681,2.05,1.19
2015.04.22 08:45:57.767,7.8042,7.8069,1.75,1.86
2015.04.22 08:45:58.084,7.8042,7.8069,1.75,1.49
2015.04.22 08:45:58.549,7.80457,7.80706,2.05,1.19
2015.04.22 08:45:58.770,7.80457,7.80706,2.05,1.00
2015.04.22 08:45:59.275,7.80457,7.80706,1.67,1.37
2015.04.22 08:45:59.586,7.80457,7.80706,2.05,1.00
2015.04.22 08:46:00.364,7.80457,7.80733,2.05,1.56
2015.04.22 08:46:01.558,7.80508,7.80755,1.30,2.05
2015.04.22 08:46:01.710,7.80527,7.80781,1.67,1.16
2015.04.22 08:46:01.811,7.80534,7.808,1.12,1.19
2015.04.22 08:46:01.965,7.80534,7.808,1.31,1.00
2015.04.22 08:46:02.079,7.80555,7.8082,1.12,1.54
2015.04.22 08:46:02.180,7.80575,7.8082,1.12,1.16
2015.04.22 08:46:02.580,7.80589,7.80876,1.75,1.56
2015.04.22 08:46:02.683,7.80642,7.80879,1.00,1.67
2015.04.22 08:46:02.987,7.80666,7.80926,1.67,1.94
2015.04.22 08:46:03.244,7.80666,7.80926,1.37,1.94
2015.04.22 08:46:03.587,7.80666,7.80921,1.37,1.94
2015.04.22 08:46:03.890,7.80666,7.80949,1.37,1.94
2015.04.22 08:46:03.941,7.80666,7.80949,1.67,1.94
2015.04.22 08:46:03.991,7.80689,7.80959,1.19,2.05
2015.04.22 08:46:04.042,7.80689,7.80959,1.19,2.05
2015.04.22 08:46:04.093,7.80723,7.80959,1.19,2.05
2015.04.22 08:46:04.257,7.80727,7.81009,1.24,1.75
2015.04.22 08:46:04.359,7.80727,7.81009,2.24,1.50
2015.04.22 08:46:06.101,7.80796,7.81033,1.00,2.05
2015.04.22 08:46:06.317,7.80795,7.81048,2.05,1.37
2015.04.22 08:46:06.469,7.80795,7.81048,1.37,1.75
2015.04.22 08:46:06.685,7.80795,7.81048,1.37,1.75
2015.04.22 08:46:07.000,7.80795,7.81021,1.30,1.75
2015.04.22 08:46:07.558,7.80795,7.81021,1.30,1.37
2015.04.22 08:46:07.608,7.80795,7.80996,1.30,1.00
2015.04.22 08:46:07.659,7.80736,7.80996,2.05,1.00
2015.04.22 08:46:07.761,7.80736,7.80995,2.05,1.10
2015.04.22 08:46:07.965,7.80736,7.80995,1.67,1.37
2015.04.22 08:46:08.599,7.80736,7.80989,1.67,1.26
2015.04.22 08:46:08.650,7.80736,7.80989,1.30,1.94
2015.04.22 08:46:08.751,7.80736,7.80962,1.30,1.75
2015.04.22 08:46:09.880,7.80672,7.8093,2.05,1.07
2015.04.22 08:46:09.982,7.80672,7.8093,1.67,1.37
2015.04.22 08:46:10.337,7.80675,7.80959,1.50,1.56
2015.04.22 08:46:10.640,7.807,7.80959,1.00,1.37
2015.04.22 08:46:10.691,7.80803,7.80976,1.00,2.05
2015.04.22 08:46:10.742,7.80803,7.80976,1.00,1.67
2015.04.22 08:46:10.844,7.80803,7.81087,1.37,1.94
2015.04.22 08:46:10.945,7.80803,7.81087,1.75,1.56
2015.04.22 08:46:11.854,7.80803,7.81087,1.75,1.94
2015.04.22 08:46:12.157,7.80803,7.81014,1.75,1.37
2015.04.22 08:46:12.258,7.80803,7.81014,1.37,1.37
2015.04.22 08:46:12.410,7.80803,7.81014,1.75,1.37
2015.04.22 08:46:12.461,7.80803,7.81014,1.75,1.00
2015.04.22 08:46:12.624,7.80803,7.81014,1.37,1.00
2015.04.22 08:46:12.841,7.80803,7.81014,1.07,1.07
2015.04.22 08:46:13.144,7.80748,7.81018,2.24,1.37
2015.04.22 08:46:13.505,7.80768,7.81002,1.94,1.00
2015.04.22 08:46:13.900,7.80792,7.81025,1.87,1.37
2015.04.22 08:46:14.055,7.80796,7.81038,1.75,1.12
2015.04.22 08:46:14.157,7.80796,7.81041,1.75,1.67
2015.04.22 08:46:14.425,7.80796,7.81041,1.75,2.05
2015.04.22 08:46:14.787,7.80825,7.81036,1.00,1.75
2015.04.22 08:46:14.889,7.80812,7.81041,1.12,2.05
2015.04.22 08:46:14.941,7.80812,7.81041,1.12,1.30
2015.04.22 08:46:15.042,7.80798,7.81041,1.50,1.37
2015.04.22 08:46:15.345,7.80795,7.81041,1.75,1.30
2015.04.22 08:46:16.034,7.80798,7.81041,1.75,1.30
2015.04.22 08:46:16.317,7.80807,7.8108,2.05,1.26
2015.04.22 08:46:16.368,7.80807,7.8108,2.24,1.07
2015.04.22 08:46:16.571,7.80828,7.811,1.37,1.86
2015.04.22 08:46:16.672,7.80836,7.81045,1.37,1.00
2015.04.22 08:46:16.775,7.80836,7.81045,1.00,1.00
2015.04.22 08:46:16.978,7.80853,7.81027,1.00,1.00
2015.04.22 08:46:17.325,7.80834,7.81008,1.00,1.00
2015.04.22 08:46:17.757,7.80794,7.8102,1.75,1.00
2015.04.22 08:46:17.858,7.80759,7.81027,1.94,1.00
2015.04.22 08:46:18.015,7.80759,7.81027,1.94,1.07
2015.04.22 08:46:18.763,7.80798,7.8099,1.37,1.00
2015.04.22 08:46:18.974,7.80751,7.81018,1.31,1.00
2015.04.22 08:46:19.075,7.80751,7.81018,1.31,1.37
2015.04.22 08:46:19.506,7.80771,7.80991,1.75,1.00
2015.04.22 08:46:19.665,7.80792,7.8101,1.37,1.07
2015.04.22 08:46:19.767,7.8077,7.80988,1.75,1.00
2015.04.22 08:46:19.868,7.80789,7.81009,1.75,1.00
2015.04.22 08:46:19.969,7.80799,7.81009,1.67,1.00
2015.04.22 08:46:20.180,7.80799,7.81009,1.30,1.07
2015.04.22 08:46:20.337,7.80803,7.81009,1.00,1.07
2015.04.22 08:46:20.774,7.80803,7.81009,1.75,1.00
2015.04.22 08:46:21.119,7.80832,7.8102,1.37,1.00
2015.04.22 08:46:21.283,7.8086,7.81126,1.12,1.31
2015.04.22 08:46:21.385,7.8086,7.81134,1.12,1.01
2015.04.22 08:46:21.867,7.8086,7.81146,1.31,1.87
2015.04.22 08:46:22.623,7.80887,7.81146,1.00,1.12
2015.04.22 08:46:22.775,7.80919,7.81139,1.30,1.07
2015.04.22 08:46:22.826,7.80919,7.81139,1.30,1.00
2015.04.22 08:46:23.074,7.80858,7.81139,1.54,1.75
2015.04.22 08:46:23.625,7.80884,7.81119,1.19,1.00
2015.04.22 08:46:24.045,7.80884,7.81119,1.00,1.00
2015.04.22 08:46:24.264,7.80877,7.81139,1.19,1.07
2015.04.22 08:46:24.367,7.80877,7.81139,1.26,1.00
2015.04.22 08:46:24.515,7.80879,7.81151,1.32,1.30
2015.04.22 08:46:24.836,7.80879,7.81151,2.00,1.30
2015.04.22 08:46:25.447,7.80907,7.81151,1.00,1.30
2015.04.22 08:46:25.954,7.80918,7.81153,1.30,1.00
2015.04.22 08:46:27.357,7.80898,7.81111,1.37,1.00
2015.04.22 08:46:27.661,7.80834,7.81058,1.54,1.00
2015.04.22 08:46:27.763,7.80822,7.81058,1.19,1.07
2015.04.22 08:46:27.865,7.80812,7.81058,1.75,1.07
2015.04.22 08:46:27.916,7.80812,7.81058,1.75,1.12
2015.04.22 08:46:28.304,7.80792,7.81058,2.47,1.75
2015.04.22 08:46:28.428,7.80792,7.81058,1.30,1.75
2015.04.22 08:46:28.580,7.80792,7.81035,1.30,1.75
2015.04.22 08:46:28.681,7.80749,7.80997,1.00,1.12
2015.04.22 08:46:28.783,7.80749,7.80992,1.00,1.12
2015.04.22 08:46:29.088,7.80749,7.80992,1.00,1.12
2015.04.22 08:46:29.344,7.80749,7.80978,1.00,1.75
2015.04.22 08:46:29.548,7.80751,7.80958,1.00,1.37
2015.04.22 08:46:29.750,7.80733,7.80957,1.30,1.37
2015.04.22 08:46:29.852,7.80755,7.80957,1.00,1.37
2015.04.22 08:46:30.155,7.80726,7.80888,1.00,1.00
2015.04.22 08:46:30.206,7.80695,7.80888,1.00,1.00
2015.04.22 08:46:30.307,7.80695,7.80888,1.00,2.25
2015.04.22 08:46:30.877,7.80686,7.80888,1.00,1.75
2015.04.22 08:46:31.663,7.80706,7.80868,1.00,1.37
2015.04.22 08:46:32.086,7.80751,7.80888,1.00,1.75
2015.04.22 08:46:32.421,7.80773,7.80887,1.00,1.37
2015.04.22 08:46:32.813,7.80773,7.80848,1.00,1.00
2015.04.22 08:46:32.863,7.80773,7.80857,1.00,1.00
2015.04.22 08:46:32.965,7.80773,7.80868,1.00,1.00
2015.04.22 08:46:33.066,7.80773,7.80897,1.00,1.37
2015.04.22 08:46:33.167,7.80766,7.80897,1.00,1.00
2015.04.22 08:46:33.257,7.80788,7.80897,1.00,1.00
2015.04.22 08:46:34.280,7.80788,7.80888,1.00,1.00
2015.04.22 08:46:34.733,7.80788,7.80897,1.00,1.00
2015.04.22 08:46:34.955,7.80788,7.80907,1.00,1.00
2015.04.22 08:46:35.174,7.80788,7.80917,1.00,1.00
2015.04.22 08:46:35.265,7.80788,7.80908,1.00,1.00
2015.04.22 08:46:36.258,7.80816,7.80908,1.00,1.00
2015.04.22 08:46:36.360,7.80794,7.80908,1.00,1.00
2015.04.22 08:46:36.437,7.80794,7.80917,1.00,1.00
2015.04.22 08:46:36.488,7.80751,7.80917,1.19,1.00
2015.04.22 08:46:36.841,7.80751,7.80917,1.94,1.00
2015.04.22 08:46:37.708,7.80751,7.80927,1.75,1.00
2015.04.22 08:46:37.896,7.80751,7.80921,1.75,1.00
2015.04.22 08:46:38.149,7.80764,7.80947,1.75,1.00
2015.04.22 08:46:38.200,7.80793,7.80947,2.05,1.00
2015.04.22 08:46:39.225,7.80793,7.80938,2.05,1.00
2015.04.22 08:46:39.553,7.80793,7.80927,2.05,1.00
2015.04.22 08:46:39.604,7.80793,7.80927,1.30,1.00
2015.04.22 08:46:39.705,7.80793,7.80918,1.30,1.00
2015.04.22 08:46:39.806,7.80793,7.80938,1.30,1.00
2015.04.22 08:46:39.857,7.80793,7.80948,1.30,1.00
2015.04.22 08:46:40.437,7.80793,7.80938,1.30,1.00
2015.04.22 08:46:40.782,7.80793,7.80908,2.05,1.00
2015.04.22 08:46:40.833,7.80765,7.80908,1.00,1.00
2015.04.22 08:46:40.884,7.80732,7.80908,2.05,1.00
2015.04.22 08:46:40.985,7.80732,7.80897,2.05,1.00
2015.04.22 08:46:41.112,7.80732,7.80927,2.05,1.00
2015.04.22 08:46:41.214,7.80732,7.80917,2.05,1.00
2015.04.22 08:46:41.691,7.80732,7.80917,2.05,1.00
2015.04.22 08:46:41.836,7.80747,7.80917,1.00,1.00
2015.04.22 08:46:42.318,7.80747,7.80908,1.00,1.00
2015.04.22 08:46:42.635,7.80747,7.80928,1.00,1.00
2015.04.22 08:46:43.824,7.80747,7.80928,1.75,1.00
2015.04.22 08:46:43.875,7.80747,7.80937,1.75,1.00
2015.04.22 08:46:43.926,7.80747,7.80937,1.75,1.00
2015.04.22 08:46:44.078,7.80765,7.80958,1.75,1.00
2015.04.22 08:46:44.428,7.80761,7.80958,1.75,1.00
2015.04.22 08:46:44.647,7.80794,7.80977,1.67,1.00
2015.04.22 08:46:44.834,7.80794,7.80968,1.67,1.00
2015.04.22 08:46:45.138,7.80798,7.81028,1.75,1.75
2015.04.22 08:46:45.441,7.80861,7.81008,1.30,1.00
2015.04.22 08:46:45.825,7.80861,7.80988,1.30,1.00
2015.04.22 08:46:46.376,7.80861,7.81008,1.30,1.00
2015.04.22 08:46:46.528,7.80861,7.81018,1.30,1.00
2015.04.22 08:46:46.730,7.80861,7.81008,1.30,1.00
2015.04.22 08:46:46.851,7.80861,7.81018,1.30,1.00
2015.04.22 08:46:46.953,7.80861,7.80997,1.30,1.00
2015.04.22 08:46:47.105,7.80809,7.80968,1.00,1.00
2015.04.22 08:46:47.156,7.80793,7.80928,2.05,1.00
2015.04.22 08:46:47.258,7.80793,7.80958,2.05,1.00
2015.04.22 08:46:47.575,7.80802,7.80958,1.00,1.00
2015.04.22 08:46:47.626,7.80802,7.80968,1.00,1.00
2015.04.22 08:46:48.046,7.80802,7.80958,1.00,1.00
2015.04.22 08:46:48.350,7.80793,7.80888,1.30,1.00
2015.04.22 08:46:48.401,7.80727,7.80888,2.05,1.00
2015.04.22 08:46:49.370,7.80775,7.80888,1.00,1.00
2015.04.22 08:46:49.623,7.80753,7.80888,1.00,1.00
2015.04.22 08:46:51.103,7.80753,7.80898,1.00,1.00
2015.04.22 08:46:51.682,7.80753,7.80898,1.75,1.00
2015.04.22 08:46:52.840,7.80775,7.80898,1.00,1.00
2015.04.22 08:46:52.992,7.80788,7.80927,2.05,1.00
2015.04.22 08:46:53.093,7.80788,7.80948,2.05,1.00
2015.04.22 08:46:53.245,7.80788,7.80978,2.05,1.00
2015.04.22 08:46:53.397,7.80811,7.80978,1.94,1.00
2015.04.22 08:46:53.447,7.80828,7.80988,2.05,1.00
2015.04.22 08:46:54.184,7.80847,7.80998,2.05,1.00
2015.04.22 08:46:54.437,7.80847,7.81007,2.05,1.00
2015.04.22 08:46:54.975,7.80861,7.80998,1.75,1.00
2015.04.22 08:46:55.458,7.80861,7.80998,1.94,1.00
2015.04.22 08:46:55.834,7.80863,7.81008,1.01,1.00
2015.04.22 08:46:55.986,7.80854,7.80967,1.37,1.00
2015.04.22 08:46:56.188,7.80864,7.80968,1.00,1.00
2015.04.22 08:46:56.390,7.80864,7.80948,1.00,1.00
2015.04.22 08:46:56.467,7.80854,7.80948,1.00,1.00
2015.04.22 08:46:56.742,7.80847,7.80918,1.30,1.00
2015.04.22 08:46:56.843,7.8078,7.80898,2.05,1.00
2015.04.22 08:46:56.944,7.8078,7.80898,1.30,1.00
2015.04.22 08:46:57.492,7.8078,7.80908,1.30,1.00
2015.04.22 08:46:57.644,7.8078,7.80927,1.30,1.00
2015.04.22 08:46:57.695,7.80802,7.80927,1.00,1.00
2015.04.22 08:46:57.746,7.80802,7.80938,1.00,1.00
2015.04.22 08:46:57.848,7.80802,7.80958,1.00,1.00
2015.04.22 08:46:57.898,7.80828,7.80958,1.00,1.00
2015.04.22 08:46:58.266,7.80811,7.80958,1.00,1.00
2015.04.22 08:46:58.418,7.80811,7.80968,1.00,1.00
2015.04.22 08:46:58.470,7.80808,7.80968,1.19,1.00
2015.04.22 08:46:58.628,7.80808,7.80977,1.26,1.00
2015.04.22 08:46:58.694,7.80808,7.80968,1.26,1.00
2015.04.22 08:46:59.045,7.80808,7.80947,1.26,1.00
2015.04.22 08:46:59.170,7.80808,7.80958,1.26,1.00
2015.04.22 08:46:59.221,7.80838,7.80958,1.00,1.00
2015.04.22 08:46:59.455,7.80808,7.80957,1.56,1.00
2015.04.22 08:46:59.606,7.80808,7.81026,1.19,1.37
2015.04.22 08:46:59.708,7.80824,7.81028,1.56,1.00
2015.04.22 08:46:59.809,7.80841,7.81084,1.35,1.75
2015.04.22 08:46:59.911,7.80841,7.8111,2.24,1.75
2015.04.22 08:47:00.012,7.80849,7.81114,1.01,1.37
2015.04.22 08:47:00.113,7.80866,7.81114,1.01,1.00
2015.04.22 08:47:00.215,7.80879,7.81134,1.12,1.35
2015.04.22 08:47:00.324,7.80885,7.81134,1.12,1.30
2015.04.22 08:47:00.375,7.80889,7.81134,1.01,1.30
2015.04.22 08:47:00.426,7.80915,7.81154,1.00,1.30
2015.04.22 08:47:00.477,7.80915,7.81194,1.19,1.67
2015.04.22 08:47:00.805,7.80915,7.81194,1.94,1.30
2015.04.22 08:47:00.906,7.80941,7.81194,1.00,1.30
2015.04.22 08:47:01.297,7.80969,7.81253,1.00,1.69
2015.04.22 08:47:01.922,7.80963,7.81229,1.30,1.07
2015.04.22 08:47:02.024,7.80963,7.81218,1.30,1.19
2015.04.22 08:47:02.625,7.80977,7.81247,1.19,1.75
2015.04.22 08:47:02.676,7.80977,7.81256,1.19,2.05
2015.04.22 08:47:02.777,7.80977,7.81256,1.94,1.30
2015.04.22 08:47:02.980,7.81002,7.81256,1.00,1.30
2015.04.22 08:47:03.081,7.81012,7.81256,1.30,1.30
2015.04.22 08:47:03.480,7.81031,7.81267,1.30,1.19
2015.04.22 08:47:03.829,7.81031,7.81238,1.30,1.00
2015.04.22 08:47:03.930,7.80973,7.81227,1.49,1.00
2015.04.22 08:47:04.135,7.80973,7.81208,1.49,1.00
2015.04.22 08:47:04.190,7.80973,7.81208,1.30,1.00
2015.04.22 08:47:04.241,7.80973,7.81198,1.30,1.00
2015.04.22 08:47:04.443,7.80973,7.81208,1.30,1.00
2015.04.22 08:47:04.562,7.80973,7.81198,1.30,1.00
2015.04.22 08:47:04.766,7.8093,7.81168,1.00,1.00
2015.04.22 08:47:04.918,7.80909,7.81168,1.30,1.00
2015.04.22 08:47:05.079,7.80909,7.81178,1.30,1.19
2015.04.22 08:47:05.129,7.80927,7.81178,1.19,1.00
2015.04.22 08:47:05.332,7.80927,7.812,1.19,1.30
2015.04.22 08:47:06.336,7.80955,7.812,1.00,1.30
2015.04.22 08:47:06.487,7.80972,7.81241,1.30,1.56
2015.04.22 08:47:06.643,7.80972,7.81211,1.30,1.00
2015.04.22 08:47:06.946,7.80972,7.81211,1.30,1.19
2015.04.22 08:47:07.148,7.80913,7.81187,1.30,1.19
2015.04.22 08:47:07.437,7.80913,7.81159,1.30,1.00
2015.04.22 08:47:07.639,7.80913,7.81188,1.30,1.56
2015.04.22 08:47:08.126,7.80929,7.81204,1.19,1.67
2015.04.22 08:47:08.378,7.80929,7.81204,1.19,1.30
2015.04.22 08:47:08.916,7.80954,7.81204,1.30,1.30
2015.04.22 08:47:09.231,7.80974,7.8124,1.30,1.94
2015.04.22 08:47:09.535,7.81016,7.81267,1.49,2.05
2015.04.22 08:47:09.586,7.81036,7.81287,1.49,1.00
2015.04.22 08:47:10.331,7.81036,7.81322,1.99,1.00
2015.04.22 08:47:10.948,7.81061,7.81329,1.19,1.30
2015.04.22 08:47:11.854,7.81098,7.81374,1.49,1.00
2015.04.22 08:47:12.541,7.81118,7.81391,1.19,1.30
2015.04.22 08:47:13.132,7.81098,7.81375,1.30,1.19
2015.04.22 08:47:13.756,7.81098,7.81375,1.49,1.00
2015.04.22 08:47:15.621,7.81123,7.81391,1.19,1.30
2015.04.22 08:47:15.779,7.81123,7.81391,1.19,1.30
2015.04.22 08:47:17.874,7.81123,7.81391,1.19,1.30
2015.04.22 08:47:18.102,7.81167,7.81391,1.30,1.30
2015.04.22 08:47:18.204,7.81187,7.8148,1.30,1.30
2015.04.22 08:47:18.456,7.81187,7.8148,1.49,1.30
2015.04.22 08:47:19.460,7.81187,7.81461,1.49,1.00
2015.04.22 08:47:20.428,7.812,7.8148,1.19,1.30
2015.04.22 08:47:20.656,7.812,7.8148,1.19,1.30
2015.04.22 08:47:21.189,7.81285,7.81486,1.30,1.00
2015.04.22 08:47:21.241,7.81285,7.81528,1.30,1.00
2015.04.22 08:47:21.494,7.81285,7.81528,1.30,1.19
2015.04.22 08:47:21.797,7.81285,7.81503,1.30,1.00
2015.04.22 08:47:21.898,7.81224,7.81503,2.24,1.00
2015.04.22 08:47:22.232,7.81224,7.81503,2.24,1.00
2015.04.22 08:47:22.543,7.81224,7.81467,2.24,1.00
2015.04.22 08:47:22.594,7.81224,7.81467,1.30,1.00
2015.04.22 08:47:22.697,7.81185,7.81458,1.94,1.30
2015.04.22 08:47:23.168,7.81225,7.81496,2.05,1.19
2015.04.22 08:47:23.793,7.81225,7.81496,2.05,1.19
2015.04.22 08:47:25.010,7.81225,7.81496,2.24,1.00
2015.04.22 08:47:26.543,7.81225,7.81496,1.56,1.00
2015.04.22 08:47:27.579,7.81225,7.81496,1.56,1.00
2015.04.22 08:47:28.681,7.81225,7.81488,1.56,1.00
2015.04.22 08:47:28.988,7.8123,7.81516,1.26,1.00
2015.04.22 08:47:29.090,7.81255,7.81518,1.19,1.30
2015.04.22 08:47:29.191,7.81306,7.81585,1.00,1.49
2015.04.22 08:47:29.293,7.81306,7.81585,1.19,1.30
2015.04.22 08:47:29.633,7.81306,7.81585,1.19,1.30
2015.04.22 08:47:30.205,7.81306,7.81585,1.94,1.30
2015.04.22 08:47:30.536,7.81292,7.81555,2.24,1.00
2015.04.22 08:47:30.984,7.81292,7.81529,1.72,1.00
2015.04.22 08:47:31.245,7.81292,7.81529,1.37,1.00
2015.04.22 08:47:31.346,7.81295,7.81581,1.94,1.00
2015.04.22 08:47:31.565,7.81295,7.81581,1.94,1.00
2015.04.22 08:47:31.879,7.81292,7.81384,2.05,1.00
2015.04.22 08:47:31.930,7.81149,7.81384,1.75,1.00
2015.04.22 08:47:31.980,7.81149,7.81364,1.75,1.00
2015.04.22 08:47:32.031,7.81142,7.81329,1.60,1.00
2015.04.22 08:47:32.184,7.81122,7.81347,1.00,1.30
2015.04.22 08:47:32.235,7.81122,7.81406,1.37,1.00
2015.04.22 08:47:32.336,7.81122,7.81406,1.75,1.00
2015.04.22 08:47:32.487,7.81175,7.81413,1.75,1.30
2015.04.22 08:47:32.538,7.81179,7.81459,1.72,1.19
2015.04.22 08:47:32.589,7.81179,7.81459,2.05,1.19
2015.04.22 08:47:32.848,7.81241,7.81518,2.05,1.00
2015.04.22 08:47:32.899,7.81288,7.81534,1.07,1.30
2015.04.22 08:47:33.050,7.813,7.81572,1.30,1.19
2015.04.22 08:47:33.152,7.813,7.81546,1.30,1.00
2015.04.22 08:47:33.455,7.813,7.81521,1.30,1.19
2015.04.22 08:47:33.557,7.8124,7.81521,1.67,1.19
2015.04.22 08:47:33.660,7.8124,7.81521,1.30,1.19
2015.04.22 08:47:33.844,7.8124,7.81521,1.30,1.19
2015.04.22 08:47:34.133,7.8124,7.81521,1.67,1.19
2015.04.22 08:47:34.997,7.81262,7.81533,1.00,1.49
2015.04.22 08:47:35.834,7.81262,7.81441,1.00,2.10
2015.04.22 08:47:35.985,7.81095,7.813,1.30,1.00
2015.04.22 08:47:36.187,7.81121,7.81388,1.00,1.49
2015.04.22 08:47:36.238,7.81121,7.81388,1.00,1.30
2015.04.22 08:47:36.289,7.81148,7.81388,1.00,1.30
2015.04.22 08:47:36.340,7.81157,7.81432,1.30,1.19
2015.04.22 08:47:36.391,7.81174,7.8145,1.00,1.49
2015.04.22 08:47:36.533,7.81174,7.8145,1.37,1.30
2015.04.22 08:47:36.635,7.81174,7.8145,1.37,1.49
2015.04.22 08:47:37.200,7.81198,7.8145,1.00,1.49
2015.04.22 08:47:37.351,7.81225,7.81511,1.00,1.19
2015.04.22 08:47:37.503,7.81225,7.81511,1.75,1.19
2015.04.22 08:47:37.554,7.81225,7.81511,1.75,1.19
2015.04.22 08:47:37.605,7.81309,7.81513,1.00,1.49
2015.04.22 08:47:37.656,7.81325,7.81595,1.30,1.19
2015.04.22 08:47:37.707,7.81336,7.81618,1.00,1.49
2015.04.22 08:47:38.011,7.81336,7.81618,1.37,1.49
2015.04.22 08:47:38.163,7.81336,7.81618,1.00,1.49
2015.04.22 08:47:38.785,7.81325,7.81596,1.30,1.19
2015.04.22 08:47:39.324,7.81325,7.81596,1.30,1.19
2015.04.22 08:47:39.834,7.81325,7.81593,1.30,1.00
2015.04.22 08:47:40.036,7.81325,7.81593,1.67,1.00
2015.04.22 08:47:40.191,7.81358,7.81618,1.00,1.30
2015.04.22 08:47:40.242,7.81384,7.81638,1.30,1.30
2015.04.22 08:47:40.292,7.81384,7.81644,1.30,1.00
2015.04.22 08:47:40.394,7.81384,7.81644,1.37,1.00
2015.04.22 08:47:42.250,7.81384,7.81644,1.37,1.19
2015.04.22 08:47:42.554,7.81316,7.81587,2.24,1.00
2015.04.22 08:47:42.870,7.81316,7.81362,2.05,1.00
2015.04.22 08:47:43.022,7.81134,7.81362,1.30,1.00
2015.04.22 08:47:43.072,7.81134,7.8131,1.30,1.00
2015.04.22 08:47:43.176,7.81082,7.8131,1.00,1.00
2015.04.22 08:47:43.228,7.81089,7.81358,1.75,1.30
2015.04.22 08:47:43.379,7.81115,7.81358,1.26,1.30
2015.04.22 08:47:43.481,7.81115,7.81358,1.94,1.30
2015.04.22 08:47:43.586,7.81115,7.81358,1.94,1.30
2015.04.22 08:47:43.802,7.81115,7.81358,1.94,1.30
2015.04.22 08:47:44.486,7.81136,7.81401,2.24,1.00
2015.04.22 08:47:44.589,7.81136,7.81401,2.24,1.00
2015.04.22 08:47:44.872,7.81136,7.81401,1.56,1.00
2015.04.22 08:47:45.024,7.81136,7.81401,2.24,1.00
2015.04.22 08:47:46.015,7.81136,7.81401,2.24,1.00
2015.04.22 08:47:47.002,7.81136,7.81401,2.24,1.00
2015.04.22 08:47:49.099,7.81136,7.81397,2.05,1.00
2015.04.22 08:47:49.512,7.81136,7.81397,1.67,1.00
2015.04.22 08:47:50.073,7.81136,7.81397,1.67,1.00
2015.04.22 08:47:51.434,7.81136,7.81397,1.86,1.00
2015.04.22 08:47:51.923,7.81143,7.81429,1.31,1.72
2015.04.22 08:47:52.100,7.81169,7.81429,1.00,1.30
2015.04.22 08:47:52.403,7.81198,7.81456,1.49,1.00
2015.04.22 08:47:54.196,7.81198,7.81456,1.35,1.00
2015.04.22 08:47:55.034,7.81198,7.81456,1.30,1.00
2015.04.22 08:47:55.236,7.81198,7.81461,1.30,1.00
2015.04.22 08:47:55.286,7.81198,7.81461,1.49,1.00
2015.04.22 08:47:57.975,7.81198,7.81461,1.54,1.00
2015.04.22 08:47:59.310,7.812,7.81486,1.26,1.00
2015.04.22 08:48:00.183,7.812,7.81486,1.26,1.00
2015.04.22 08:48:02.325,7.81225,7.81491,1.19,1.30
2015.04.22 08:48:02.476,7.81262,7.81537,1.30,1.00
2015.04.22 08:48:02.816,7.81262,7.81537,1.49,1.00
2015.04.22 08:48:02.968,7.81278,7.81555,1.19,1.30
2015.04.22 08:48:04.803,7.81278,7.81555,1.26,1.30
2015.04.22 08:48:05.389,7.81327,7.81564,1.49,1.00
2015.04.22 08:48:06.907,7.81327,7.81564,1.30,1.00
2015.04.22 08:48:07.347,7.81327,7.81589,1.30,1.00
2015.04.22 08:48:07.448,7.81327,7.81589,1.49,1.00
2015.04.22 08:48:07.550,7.81397,7.81639,1.30,1.72
2015.04.22 08:48:07.752,7.81412,7.8169,1.00,1.49
2015.04.22 08:48:07.802,7.81457,7.81698,1.30,1.19
2015.04.22 08:48:07.853,7.81457,7.81698,1.30,1.00
2015.04.22 08:48:08.055,7.81457,7.81726,1.30,1.19
2015.04.22 08:48:08.545,7.81465,7.8175,1.00,1.91
2015.04.22 08:48:08.827,7.81516,7.81779,1.30,1.00
2015.04.22 08:48:10.135,7.81516,7.81768,1.30,1.00
2015.04.22 08:48:10.236,7.81516,7.81795,1.30,1.00
2015.04.22 08:48:10.337,7.81516,7.81767,1.30,1.00
2015.04.22 08:48:10.439,7.81516,7.8177,1.30,1.00
2015.04.22 08:48:10.540,7.81516,7.81796,1.30,1.19
2015.04.22 08:48:10.641,7.81516,7.81796,1.30,1.00
2015.04.22 08:48:10.743,7.81546,7.81809,1.00,1.30
2015.04.22 08:48:11.046,7.81578,7.81832,1.30,1.19
2015.04.22 08:48:11.367,7.81578,7.81858,1.30,1.00
2015.04.22 08:48:11.471,7.81599,7.81871,1.00,1.30
2015.04.22 08:48:11.776,7.81661,7.8193,1.00,1.30
2015.04.22 08:48:12.105,7.81706,7.81947,1.30,1.19
2015.04.22 08:48:12.459,7.81706,7.81943,1.30,1.00
2015.04.22 08:48:12.560,7.81711,7.81997,1.00,1.00
2015.04.22 08:48:12.662,7.81706,7.81966,1.30,1.00
2015.04.22 08:48:13.012,7.81769,7.82025,1.30,1.00
2015.04.22 08:48:13.163,7.81769,7.82055,1.72,1.00
2015.04.22 08:48:13.484,7.81769,7.82027,1.30,1.00
2015.04.22 08:48:13.585,7.81773,7.82059,1.00,1.00
2015.04.22 08:48:13.686,7.81772,7.82057,1.00,1.00
2015.04.22 08:48:14.001,7.81744,7.8203,1.00,1.19
2015.04.22 08:48:14.425,7.81802,7.82081,1.30,1.94
2015.04.22 08:48:14.744,7.8177,7.82024,1.00,2.24
2015.04.22 08:48:15.164,7.81757,7.82024,1.00,2.05
2015.04.22 08:48:15.266,7.81757,7.82024,1.00,1.30
2015.04.22 08:48:15.340,7.81803,7.82043,1.30,1.00
2015.04.22 08:48:15.441,7.81803,7.82069,1.30,1.00
2015.04.22 08:48:15.658,7.81822,7.82096,1.00,1.49
2015.04.22 08:48:15.759,7.81822,7.82096,1.00,1.30
2015.04.22 08:48:15.961,7.81864,7.82106,1.30,1.00
2015.04.22 08:48:16.879,7.81864,7.82135,1.30,1.00
2015.04.22 08:48:17.186,7.81881,7.82155,1.00,1.49
2015.04.22 08:48:17.288,7.81878,7.82155,1.00,1.49
2015.04.22 08:48:17.346,7.81878,7.82155,1.00,1.30
2015.04.22 08:48:17.448,7.8187,7.82155,1.00,1.49
2015.04.22 08:48:17.845,7.81864,7.82146,1.30,1.19
2015.04.22 08:48:18.471,7.81877,7.82155,1.00,1.49
2015.04.22 08:48:18.827,7.81926,7.82182,1.30,1.19
2015.04.22 08:48:19.150,7.81926,7.82191,1.30,1.00
2015.04.22 08:48:19.252,7.81926,7.82217,1.30,1.63
2015.04.22 08:48:19.873,7.81941,7.82217,1.00,1.63
2015.04.22 08:48:19.975,7.8193,7.82217,1.00,1.44
2015.04.22 08:48:20.099,7.81926,7.82202,1.30,1.26
2015.04.22 08:48:20.150,7.81926,7.82196,1.30,1.00
2015.04.22 08:48:20.451,7.81926,7.82208,1.30,1.80
2015.04.22 08:48:21.084,7.81926,7.82194,1.30,1.00
2015.04.22 08:48:21.388,7.81928,7.82194,1.30,1.00
2015.04.22 08:48:21.755,7.81889,7.82158,1.00,1.49
2015.04.22 08:48:21.805,7.81889,7.82158,1.00,1.30
2015.04.22 08:48:22.227,7.81903,7.82158,1.30,1.30
2015.04.22 08:48:22.277,7.81923,7.82194,1.30,1.00
2015.04.22 08:48:23.129,7.81923,7.82175,1.30,1.30
2015.04.22 08:48:23.179,7.81889,7.82155,1.00,1.30
2015.04.22 08:48:23.230,7.81938,7.82155,1.30,1.30
2015.04.22 08:48:23.281,7.81958,7.8223,1.30,1.39
2015.04.22 08:48:23.800,7.81959,7.82252,1.00,2.24
2015.04.22 08:48:24.058,7.81985,7.82252,1.00,2.10
2015.04.22 08:48:24.361,7.82019,7.82289,1.30,1.80
2015.04.22 08:48:25.088,7.82019,7.82261,1.30,1.81
2015.04.22 08:48:25.589,7.82019,7.82291,1.30,1.82
2015.04.22 08:48:26.285,7.8204,7.82312,1.00,2.21
2015.04.22 08:48:26.642,7.82044,7.82312,1.00,2.21
2015.04.22 08:48:26.693,7.82019,7.82312,1.30,2.21
2015.04.22 08:48:27.163,7.82046,7.82312,1.00,2.21
2015.04.22 08:48:27.494,7.82061,7.82312,1.30,2.15
2015.04.22 08:48:27.745,7.82046,7.82301,1.00,1.96
2015.04.22 08:48:27.797,7.82048,7.82301,1.30,1.96
2015.04.22 08:48:28.121,7.82069,7.82351,1.30,1.75
2015.04.22 08:48:29.166,7.82107,7.8236,1.00,2.05
2015.04.22 08:48:29.267,7.82069,7.8236,1.30,2.24
2015.04.22 08:48:29.368,7.8209,7.8236,1.00,2.11
2015.04.22 08:48:29.671,7.82116,7.8236,1.00,2.20
2015.04.22 08:48:30.069,7.82126,7.82417,1.30,1.29
2015.04.22 08:48:30.451,7.82131,7.82417,1.00,1.29
2015.04.22 08:48:30.901,7.82126,7.8242,1.30,1.99
2015.04.22 08:48:31.002,7.82172,7.8242,1.30,1.99
2015.04.22 08:48:31.303,7.82192,7.82455,1.30,1.88
2015.04.22 08:48:31.909,7.82192,7.82483,1.30,2.33
2015.04.22 08:48:32.415,7.82192,7.82442,1.30,1.97
2015.04.22 08:48:32.544,7.82124,7.82417,1.30,1.91
2015.04.22 08:48:32.595,7.82172,7.82417,1.30,1.91
2015.04.22 08:48:32.972,7.82191,7.82442,1.30,1.65
2015.04.22 08:48:33.502,7.82191,7.82442,1.30,1.59
2015.04.22 08:48:34.233,7.82191,7.82484,1.30,1.94
2015.04.22 08:48:35.375,7.82115,7.82391,1.30,1.27
2015.04.22 08:48:35.588,7.82062,7.82326,1.00,1.82
2015.04.22 08:48:35.884,7.82033,7.82326,1.30,1.99
2015.04.22 08:48:36.491,7.82035,7.82326,1.00,1.94
2015.04.22 08:48:37.057,7.82034,7.82326,1.00,1.99
2015.04.22 08:48:37.498,7.82105,7.82328,1.30,1.69
2015.04.22 08:48:38.218,7.82105,7.82359,1.30,1.68
2015.04.22 08:48:38.914,7.82084,7.82291,1.30,1.98
2015.04.22 08:48:38.965,7.82034,7.82291,1.00,1.98
2015.04.22 08:48:39.015,7.82079,7.82312,1.30,1.98
2015.04.22 08:48:39.565,7.82079,7.82362,1.30,1.59
2015.04.22 08:48:40.072,7.82079,7.82358,1.30,1.64
2015.04.22 08:48:42.262,7.82079,7.82358,1.30,1.81
2015.04.22 08:48:42.725,7.82138,7.82389,1.30,1.81
2015.04.22 08:48:46.348,7.82138,7.82418,1.30,1.59
2015.04.22 08:48:46.662,7.82194,7.82479,1.30,1.65
2015.04.22 08:48:49.158,7.82193,7.82479,1.30,1.54
2015.04.22 08:48:50.171,7.82128,7.82409,1.30,1.61
2015.04.22 08:48:51.003,7.82128,7.82419,1.30,2.00
2015.04.22 08:48:53.006,7.82128,7.82383,1.30,1.49
2015.04.22 08:48:54.514,7.82128,7.82383,1.30,1.61
2015.04.22 08:48:55.019,7.82068,7.82359,1.30,1.91
2015.04.22 08:48:56.172,7.82106,7.82359,1.30,1.91
2015.04.22 08:48:56.494,7.82126,7.82415,1.30,1.68
2015.04.22 08:49:00.735,7.82062,7.82355,1.30,2.00
2015.04.22 08:49:02.935,7.82001,7.82294,1.30,1.93
2015.04.22 08:49:03.137,7.81942,7.82221,1.00,1.84
2015.04.22 08:49:03.447,7.81868,7.82221,1.19,2.32
2015.04.22 08:49:03.498,7.81868,7.82169,1.19,1.30
2015.04.22 08:49:03.599,7.8181,7.8215,1.19,1.49
2015.04.22 08:49:04.031,7.81822,7.82071,1.19,1.30
2015.04.22 08:49:04.372,7.81858,7.82136,1.19,1.30
2015.04.22 08:49:04.532,7.81905,7.82136,1.19,1.30
2015.04.22 08:49:04.797,7.81866,7.82136,1.19,1.30
2015.04.22 08:49:05.377,7.819,7.82136,1.00,1.30
2015.04.22 08:49:05.479,7.819,7.82196,1.19,1.30
2015.04.22 08:49:06.665,7.81943,7.82196,1.00,1.30
2015.04.22 08:49:06.766,7.8191,7.82196,1.19,1.30
2015.04.22 08:49:07.854,7.81881,7.82196,1.19,1.49
2015.04.22 08:49:09.913,7.81881,7.82196,1.19,1.49
2015.04.22 08:49:12.044,7.8187,7.82196,1.29,1.49
2015.04.22 08:49:14.035,7.81836,7.82154,1.19,1.49
2015.04.22 08:49:14.466,7.81836,7.82134,1.19,1.30
2015.04.22 08:49:17.030,7.81794,7.82093,1.26,1.30
2015.04.22 08:49:17.338,7.81794,7.82074,1.07,1.30
2015.04.22 08:49:17.896,7.81751,7.82074,1.94,1.30
2015.04.22 08:49:19.658,7.81772,7.82074,1.56,1.30
2015.04.22 08:49:20.761,7.81772,7.82074,1.37,1.49
2015.04.22 08:49:20.913,7.81772,7.82074,1.00,1.49
2015.04.22 08:49:21.393,7.81772,7.82074,1.19,1.30
2015.04.22 08:49:22.239,7.81791,7.82074,1.94,1.30
2015.04.22 08:49:23.055,7.81812,7.82074,1.26,1.30
2015.04.22 08:49:23.308,7.81832,7.82137,1.19,1.49
2015.04.22 08:49:24.791,7.81827,7.82137,1.69,1.49
2015.04.22 08:49:25.212,7.81827,7.82137,1.69,1.30
2015.04.22 08:49:26.312,7.81885,7.82137,1.00,1.30
2015.04.22 08:49:26.579,7.81909,7.82195,1.19,1.00
2015.04.22 08:49:28.121,7.81934,7.8221,1.00,1.71
2015.04.22 08:49:29.744,7.81934,7.8221,1.00,1.50
2015.04.22 08:49:31.282,7.81907,7.82191,1.19,1.00
2015.04.22 08:49:31.721,7.81895,7.8221,1.19,1.47
2015.04.22 08:49:31.823,7.81862,7.82162,1.56,1.16
2015.04.22 08:49:32.026,7.81833,7.82156,1.56,1.00
2015.04.22 08:49:32.330,7.81811,7.82089,1.19,1.30
2015.04.22 08:49:32.634,7.81764,7.82087,1.26,1.19
2015.04.22 08:49:33.892,7.81794,7.82089,1.19,1.30
2015.04.22 08:49:34.195,7.81795,7.82084,1.19,1.00
2015.04.22 08:49:34.508,7.81795,7.82051,1.19,1.00
2015.04.22 08:49:34.559,7.81795,7.82051,1.00,1.00
2015.04.22 08:49:34.610,7.81795,7.82014,1.00,1.30
2015.04.22 08:49:36.789,7.81772,7.82014,1.00,1.16
2015.04.22 08:49:36.890,7.81772,7.82008,1.00,1.00
2015.04.22 08:49:36.941,7.81685,7.82008,1.56,1.00
2015.04.22 08:49:37.092,7.81647,7.81964,1.94,1.30
2015.04.22 08:49:37.193,7.81642,7.81945,1.26,1.30
2015.04.22 08:49:37.244,7.81642,7.81945,1.07,1.49
2015.04.22 08:49:37.547,7.81611,7.81884,1.00,1.37
2015.04.22 08:49:37.930,7.81576,7.81884,1.31,1.37
2015.04.22 08:49:39.310,7.81576,7.81884,1.56,2.05
2015.04.22 08:49:39.411,7.81576,7.81884,1.56,2.24
2015.04.22 08:49:40.343,7.81605,7.81884,1.00,2.24
2015.04.22 08:49:40.647,7.81644,7.81884,1.00,1.37
2015.04.22 08:49:40.974,7.81676,7.81946,1.00,1.37
2015.04.22 08:49:41.075,7.81676,7.81946,1.00,1.30
2015.04.22 08:49:42.753,7.81676,7.81946,1.19,1.30
2015.04.22 08:49:42.803,7.81676,7.81946,1.26,1.30
2015.04.22 08:49:43.491,7.81676,7.81946,1.56,1.30
2015.04.22 08:49:43.903,7.81676,7.81946,1.26,1.30
2015.04.22 08:49:44.260,7.81676,7.81946,1.19,1.30
2015.04.22 08:49:44.726,7.81676,7.81946,1.19,1.30
2015.04.22 08:49:45.361,7.81676,7.81946,1.19,1.30
2015.04.22 08:49:48.541,7.81704,7.81946,1.37,1.49
2015.04.22 08:49:48.642,7.81704,7.81946,1.37,1.49
2015.04.22 08:49:48.945,7.81647,7.81946,1.75,1.49
2015.04.22 08:49:49.249,7.81609,7.81886,1.75,1.49
2015.04.22 08:49:49.300,7.81609,7.81886,1.50,1.49
2015.04.22 08:49:49.351,7.81609,7.81886,1.50,1.49
2015.04.22 08:49:49.402,7.81609,7.81886,1.37,1.49
2015.04.22 08:49:49.453,7.81609,7.81886,1.37,1.49
2015.04.22 08:49:49.622,7.81638,7.81886,1.00,1.49
2015.04.22 08:49:49.961,7.81638,7.81886,1.37,1.49
2015.04.22 08:49:51.600,7.81638,7.81886,1.07,1.49
2015.04.22 08:49:51.701,7.81638,7.81886,1.07,1.49
2015.04.22 08:49:51.818,7.81609,7.81886,1.37,1.49
2015.04.22 08:49:51.970,7.81609,7.81886,1.37,1.49
2015.04.22 08:49:52.072,7.81609,7.81886,1.10,1.49
2015.04.22 08:49:52.384,7.81578,7.81826,1.37,1.49
2015.04.22 08:49:52.891,7.81578,7.81826,1.37,1.49
2015.04.22 08:49:52.942,7.81578,7.81826,1.07,1.56
2015.04.22 08:49:53.134,7.81578,7.81826,1.07,1.49
2015.04.22 08:49:53.486,7.81578,7.81826,1.37,1.49
2015.04.22 08:49:53.860,7.81578,7.81826,1.37,1.49
2015.04.22 08:49:55.899,7.81578,7.81826,1.37,1.49
2015.04.22 08:49:57.017,7.81515,7.81826,1.75,1.49
2015.04.22 08:49:57.118,7.81515,7.81757,1.75,1.49
2015.04.22 08:49:57.320,7.81515,7.81757,1.75,1.49
2015.04.22 08:49:59.413,7.81506,7.81757,1.75,1.49
2015.04.22 08:49:59.715,7.81426,7.81738,2.25,1.19
2015.04.22 08:49:59.765,7.81426,7.81708,2.25,1.49
2015.04.22 08:50:00.018,7.81362,7.81682,1.75,1.19
2015.04.22 08:50:00.192,7.81361,7.81613,1.75,1.16
2015.04.22 08:50:00.293,7.8133,7.81613,1.75,1.49
2015.04.22 08:50:00.394,7.8133,7.81613,1.75,1.49
2015.04.22 08:50:00.641,7.81333,7.81613,1.75,1.49
2015.04.22 08:50:00.958,7.8133,7.81613,1.75,1.49
2015.04.22 08:50:01.009,7.8133,7.81613,1.75,1.49
2015.04.22 08:50:01.161,7.8133,7.81585,1.75,1.30
2015.04.22 08:50:01.511,7.8133,7.81565,1.75,1.30
2015.04.22 08:50:01.612,7.81322,7.81565,1.75,1.30
2015.04.22 08:50:02.081,7.81329,7.81565,1.75,1.30
2015.04.22 08:50:02.183,7.81329,7.81565,1.75,1.30
2015.04.22 08:50:04.042,7.81335,7.81565,1.75,1.30
2015.04.22 08:50:04.945,7.81312,7.81565,1.75,1.30
2015.04.22 08:50:05.277,7.81322,7.81565,1.75,1.30
2015.04.22 08:50:05.798,7.8131,7.81565,1.75,1.30
2015.04.22 08:50:06.369,7.81282,7.81563,1.94,1.00
2015.04.22 08:50:06.674,7.8128,7.81563,1.94,1.00
2015.04.22 08:50:06.724,7.8128,7.81563,1.75,1.19
2015.04.22 08:50:07.063,7.8128,7.81503,1.75,1.30
2015.04.22 08:50:07.669,7.81253,7.81503,1.75,1.16
2015.04.22 08:50:08.124,7.81253,7.81503,1.75,1.16
2015.04.22 08:50:08.276,7.81252,7.81426,1.75,1.00
2015.04.22 08:50:08.427,7.81152,7.81406,1.07,1.30
2015.04.22 08:50:08.590,7.81132,7.81331,1.75,1.30
2015.04.22 08:50:08.692,7.81142,7.81331,1.75,1.30
2015.04.22 08:50:08.793,7.81112,7.81331,1.75,1.30
2015.04.22 08:50:08.895,7.81112,7.81331,1.75,1.30
2015.04.22 08:50:09.198,7.81101,7.81331,1.75,1.30
2015.04.22 08:50:09.454,7.81112,7.81331,1.75,1.30
2015.04.22 08:50:09.758,7.81132,7.81331,1.75,1.30
2015.04.22 08:50:10.012,7.81126,7.81352,1.94,1.30
2015.04.22 08:50:10.114,7.81126,7.81397,1.94,1.30
2015.04.22 08:50:10.583,7.81112,7.81358,1.75,1.19
2015.04.22 08:50:10.635,7.81102,7.81339,1.75,1.49
2015.04.22 08:50:10.737,7.81092,7.81339,1.75,1.49
2015.04.22 08:50:11.078,7.81092,7.81339,1.37,1.49
2015.04.22 08:50:12.075,7.81092,7.81339,1.37,1.30
2015.04.22 08:50:12.176,7.81123,7.81339,1.00,1.30
2015.04.22 08:50:12.492,7.81162,7.81385,1.07,1.30
2015.04.22 08:50:13.489,7.81122,7.81385,1.75,1.49
2015.04.22 08:50:13.742,7.81056,7.81323,1.00,1.67
2015.04.22 08:50:13.793,7.81006,7.81292,1.00,1.19
2015.04.22 08:50:13.894,7.81006,7.81292,1.00,1.19
2015.04.22 08:50:14.400,7.81006,7.81253,1.00,1.49
2015.04.22 08:50:14.712,7.81006,7.81253,1.00,1.49
2015.04.22 08:50:15.211,7.81006,7.81253,1.00,1.49
2015.04.22 08:50:15.899,7.81006,7.81253,1.00,1.24
2015.04.22 08:50:16.100,7.81042,7.81253,1.00,1.24
2015.04.22 08:50:16.201,7.81042,7.81253,1.00,1.49
2015.04.22 08:50:16.303,7.81042,7.81253,1.00,1.49
2015.04.22 08:50:16.710,7.81042,7.81253,1.00,1.49
2015.04.22 08:50:16.812,7.81042,7.81253,1.00,1.49
2015.04.22 08:50:18.580,7.81042,7.81253,1.00,1.49
2015.04.22 08:50:19.112,7.81042,7.81253,1.00,1.49
2015.04.22 08:50:19.415,7.8107,7.81253,1.00,1.49
2015.04.22 08:50:19.516,7.81043,7.81311,1.00,1.49
2015.04.22 08:50:21.142,7.81069,7.81311,1.00,1.49
2015.04.22 08:50:21.192,7.81069,7.81311,1.00,1.49
2015.04.22 08:50:21.302,7.81075,7.81311,1.00,1.49
2015.04.22 08:50:21.742,7.81102,7.81311,1.00,1.49
2015.04.22 08:50:21.844,7.81102,7.81311,1.00,1.49
2015.04.22 08:50:21.895,7.81102,7.81311,1.00,1.49
2015.04.22 08:50:22.831,7.81076,7.81311,1.00,1.49
2015.04.22 08:50:23.105,7.81051,7.81311,1.00,1.49
2015.04.22 08:50:23.830,7.81051,7.81311,1.00,1.49
2015.04.22 08:50:24.655,7.81013,7.81266,1.00,1.49
2015.04.22 08:50:26.815,7.81013,7.81247,1.00,1.49
2015.04.22 08:50:27.105,7.81013,7.81159,1.00,1.00
2015.04.22 08:50:27.156,7.80776,7.81023,1.37,1.30
2015.04.22 08:50:27.207,7.80776,7.81023,1.00,2.05
2015.04.22 08:50:27.359,7.80717,7.81003,1.00,1.19
2015.04.22 08:50:27.460,7.80654,7.8094,1.00,1.29
2015.04.22 08:50:27.561,7.80623,7.80909,1.00,1.12
2015.04.22 08:50:27.876,7.80567,7.80808,1.00,1.49
2015.04.22 08:50:27.926,7.8054,7.80808,1.00,1.49
2015.04.22 08:50:28.923,7.8054,7.80808,1.00,1.49
2015.04.22 08:50:29.065,7.80512,7.80798,1.37,1.19
2015.04.22 08:50:30.000,7.80512,7.80798,1.00,1.19
2015.04.22 08:50:30.430,7.80487,7.80773,1.26,1.00
2015.04.22 08:50:31.130,7.80487,7.80773,1.07,1.19
2015.04.22 08:50:32.005,7.80487,7.80748,1.07,1.30
2015.04.22 08:50:32.858,7.80493,7.80748,1.37,1.30
2015.04.22 08:50:33.210,7.80515,7.80748,1.00,1.30
2015.04.22 08:50:33.538,7.80515,7.80748,1.19,1.30
2015.04.22 08:50:33.921,7.80515,7.80769,1.19,1.30
2015.04.22 08:50:33.972,7.80541,7.80809,1.00,1.30
2015.04.22 08:50:34.175,7.80542,7.80809,1.87,1.30
2015.04.22 08:50:36.043,7.80592,7.80809,1.07,1.30
2015.04.22 08:50:37.694,7.80592,7.80868,1.07,1.49
2015.04.22 08:50:37.796,7.80592,7.80868,1.26,1.30
2015.04.22 08:50:38.260,7.80592,7.80876,1.26,1.37
2015.04.22 08:50:39.470,7.80626,7.80876,1.00,1.37
2015.04.22 08:50:40.403,7.80626,7.80876,1.19,1.37
2015.04.22 08:50:40.801,7.80652,7.80876,1.00,1.30
2015.04.22 08:50:41.357,7.80626,7.80876,1.19,1.30
2015.04.22 08:50:41.559,7.80626,7.80876,1.19,1.37
2015.04.22 08:50:43.197,7.80626,7.80876,1.00,1.37
2015.04.22 08:50:44.167,7.80601,7.80876,1.25,1.37
2015.04.22 08:50:44.548,7.80601,7.80876,1.25,1.67
2015.04.22 08:50:46.573,7.80636,7.80876,1.00,1.86
2015.04.22 08:50:46.725,7.80636,7.80876,1.19,1.30
2015.04.22 08:50:48.061,7.80604,7.80876,1.19,1.67
2015.04.22 08:50:48.811,7.80604,7.80876,1.19,1.67
2015.04.22 08:50:49.050,7.80631,7.80876,1.00,1.67
2015.04.22 08:50:50.961,7.80602,7.80876,1.19,1.67
2015.04.22 08:50:51.291,7.80602,7.80876,1.00,1.86
2015.04.22 08:50:51.723,7.80602,7.80876,1.19,1.67
2015.04.22 08:50:51.875,7.80602,7.80876,1.19,1.30
2015.04.22 08:50:53.230,7.80602,7.80876,1.19,1.37
2015.04.22 08:50:53.897,7.80602,7.80876,1.19,1.37
2015.04.22 08:50:54.661,7.80602,7.80876,1.19,1.37
2015.04.22 08:50:55.903,7.80602,7.80876,1.19,1.37
2015.04.22 08:50:56.005,7.80596,7.80876,1.00,1.56
2015.04.22 08:50:56.312,7.80586,7.80857,1.30,1.00
2015.04.22 08:50:58.311,7.80571,7.80854,1.19,1.30
2015.04.22 08:50:59.575,7.80571,7.80854,1.19,1.67
2015.04.22 08:50:59.947,7.80571,7.80854,1.00,1.86
2015.04.22 08:50:59.998,7.80561,7.80821,1.30,1.19
2015.04.22 08:51:00.100,7.8051,7.80794,1.56,1.30
2015.04.22 08:51:00.151,7.8051,7.80794,1.19,1.30
2015.04.22 08:51:00.679,7.8051,7.80794,1.19,1.72
2015.04.22 08:51:01.193,7.80501,7.80745,1.49,1.00
2015.04.22 08:51:01.244,7.80501,7.80745,1.30,1.00
2015.04.22 08:51:01.496,7.80459,7.80734,1.26,1.30
2015.04.22 08:51:01.811,7.80459,7.80734,1.19,1.37
2015.04.22 08:51:02.114,7.80441,7.80718,1.49,1.00
2015.04.22 08:51:02.165,7.80441,7.80718,1.30,1.19
2015.04.22 08:51:02.589,7.80441,7.80718,1.30,1.56
2015.04.22 08:51:03.292,7.80421,7.80659,1.49,1.00
2015.04.22 08:51:03.343,7.80382,7.80659,1.69,1.00
2015.04.22 08:51:03.581,7.80373,7.80615,1.94,1.30
2015.04.22 08:51:03.682,7.80373,7.80615,1.76,1.30
2015.04.22 08:51:04.038,7.80373,7.80615,1.07,1.30
2015.04.22 08:51:04.343,7.80373,7.80615,1.12,1.30
2015.04.22 08:51:05.394,7.80452,7.80615,1.00,1.30
2015.04.22 08:51:05.444,7.80452,7.80672,1.00,1.37
2015.04.22 08:51:05.546,7.80452,7.80672,1.00,1.30
2015.04.22 08:51:05.597,7.80452,7.80692,1.00,1.56
2015.04.22 08:51:05.849,7.80452,7.8073,1.00,2.24
2015.04.22 08:51:06.409,7.80452,7.8073,1.00,2.24
2015.04.22 08:51:06.976,7.80452,7.8073,1.00,2.24
2015.04.22 08:51:07.423,7.80452,7.8073,1.87,2.24
2015.04.22 08:51:07.524,7.80452,7.8073,1.95,2.24
2015.04.22 08:51:07.855,7.80452,7.8073,1.87,2.24
2015.04.22 08:51:07.906,7.80462,7.8073,1.00,2.24
2015.04.22 08:51:07.965,7.80452,7.8073,1.87,2.24
2015.04.22 08:51:08.025,7.80452,7.8073,2.25,2.24
2015.04.22 08:51:08.868,7.80482,7.8073,1.00,2.24
2015.04.22 08:51:09.170,7.80473,7.8073,1.12,2.24
2015.04.22 08:51:09.370,7.80482,7.8073,1.00,2.24
2015.04.22 08:51:09.601,7.80472,7.8073,1.37,2.24
2015.04.22 08:51:09.702,7.80502,7.8073,1.00,2.24
2015.04.22 08:51:09.822,7.80502,7.8073,1.00,1.86
2015.04.22 08:51:09.873,7.80492,7.8073,1.00,1.86
2015.04.22 08:51:10.274,7.80472,7.8073,1.37,1.86
2015.04.22 08:51:10.501,7.80472,7.8073,1.37,2.24
2015.04.22 08:51:10.875,7.80482,7.8073,1.00,2.24
2015.04.22 08:51:11.177,7.80512,7.8073,1.37,2.05
2015.04.22 08:51:11.279,7.80522,7.80793,1.00,1.94
2015.04.22 08:51:11.606,7.80532,7.80793,1.00,1.94
2015.04.22 08:51:11.909,7.80564,7.80795,1.00,2.05
2015.04.22 08:51:12.112,7.80582,7.80795,1.00,2.05
2015.04.22 08:51:12.213,7.80572,7.8085,1.37,1.94
2015.04.22 08:51:12.483,7.80582,7.8085,1.00,1.94
2015.04.22 08:51:12.700,7.80582,7.8085,1.00,1.94
2015.04.22 08:51:12.960,7.80582,7.8085,1.75,1.94
2015.04.22 08:51:13.275,7.80592,7.80856,1.75,2.24
2015.04.22 08:51:13.327,7.80612,7.80856,1.00,2.24
2015.04.22 08:51:13.428,7.80622,7.80856,1.00,2.24
2015.04.22 08:51:13.748,7.80632,7.80856,1.00,2.24
2015.04.22 08:51:13.896,7.80623,7.80856,1.00,2.24
2015.04.22 08:51:13.998,7.80632,7.80856,1.00,2.24
2015.04.22 08:51:14.405,7.80642,7.80856,1.00,2.05
2015.04.22 08:51:14.748,7.80652,7.80856,1.00,2.05
2015.04.22 08:51:14.900,7.80662,7.80916,1.37,2.05
2015.04.22 08:51:15.001,7.8068,7.80916,1.00,2.05
2015.04.22 08:51:15.207,7.8068,7.80916,1.00,2.05
2015.04.22 08:51:15.431,7.80656,7.80916,1.37,2.05
2015.04.22 08:51:15.633,7.80656,7.80916,1.37,2.05
2015.04.22 08:51:15.952,7.80656,7.80916,1.00,2.05
2015.04.22 08:51:16.555,7.80656,7.80916,1.75,2.05
2015.04.22 08:51:16.856,7.80672,7.80916,1.75,2.05
2015.04.22 08:51:16.957,7.80683,7.80916,1.37,2.05
2015.04.22 08:51:17.212,7.80692,7.80916,1.00,2.05
2015.04.22 08:51:17.515,7.80722,7.80975,1.00,2.24
2015.04.22 08:51:17.768,7.80742,7.80975,1.00,2.05
2015.04.22 08:51:17.920,7.80752,7.80975,1.00,2.05
2015.04.22 08:51:18.097,7.80752,7.81018,1.00,1.94
2015.04.22 08:51:18.148,7.80762,7.81018,1.00,1.94
2015.04.22 08:51:18.249,7.80753,7.81018,1.00,2.44
2015.04.22 08:51:18.300,7.80753,7.81018,1.00,1.94
2015.04.22 08:51:18.640,7.80752,7.81018,1.00,1.94
2015.04.22 08:51:18.704,7.80758,7.81037,1.00,1.94
2015.04.22 08:51:19.007,7.80786,7.81043,1.00,2.24
2015.04.22 08:51:19.058,7.80802,7.81043,1.00,2.05
2015.04.22 08:51:19.160,7.80792,7.81043,1.00,2.05
2015.04.22 08:51:19.261,7.80786,7.81043,1.00,2.05
2015.04.22 08:51:19.313,7.80786,7.81043,1.00,2.05
2015.04.22 08:51:19.414,7.80786,7.81043,1.00,1.67
2015.04.22 08:51:19.516,7.80786,7.81043,1.00,2.05
2015.04.22 08:51:19.934,7.80786,7.81043,1.00,2.05
2015.04.22 08:51:20.035,7.80763,7.81043,1.00,2.05
2015.04.22 08:51:20.238,7.8076,7.81043,1.00,2.05
2015.04.22 08:51:20.389,7.8076,7.80967,1.00,1.00
2015.04.22 08:51:20.440,7.80737,7.80967,1.30,1.00
2015.04.22 08:51:20.592,7.80737,7.80967,1.30,1.12
2015.04.22 08:51:20.896,7.80737,7.80968,1.30,1.37
2015.04.22 08:51:21.934,7.80743,7.81017,1.00,1.94
2015.04.22 08:51:22.244,7.80756,7.81007,1.00,1.94
2015.04.22 08:51:22.346,7.80737,7.81007,1.30,1.94
2015.04.22 08:51:22.740,7.80737,7.80978,1.30,1.56
2015.04.22 08:51:22.791,7.80702,7.80948,1.00,1.19
2015.04.22 08:51:22.944,7.80684,7.80948,1.30,1.26
2015.04.22 08:51:23.046,7.80684,7.80948,1.30,1.94
2015.04.22 08:51:23.349,7.80722,7.80975,1.00,2.24
2015.04.22 08:51:23.481,7.80722,7.80975,1.00,2.24
2015.04.22 08:51:23.532,7.80732,7.80975,1.00,2.24
2015.04.22 08:51:23.690,7.80732,7.80975,1.50,1.86
2015.04.22 08:51:24.762,7.80732,7.80975,1.50,2.24
2015.04.22 08:51:25.563,7.807,7.80967,1.00,1.94
2015.04.22 08:51:25.765,7.807,7.80958,1.00,1.94
2015.04.22 08:51:26.113,7.80702,7.80967,1.00,1.94
2015.04.22 08:51:26.164,7.807,7.80967,1.00,1.94
2015.04.22 08:51:26.467,7.80684,7.80928,1.30,1.37
2015.04.22 08:51:26.568,7.80684,7.80928,1.30,1.75
2015.04.22 08:51:26.872,7.80684,7.80948,1.30,1.94
2015.04.22 08:51:27.175,7.80732,7.80975,1.00,2.24
2015.04.22 08:51:27.357,7.80732,7.80975,1.00,2.24
2015.04.22 08:51:27.409,7.80742,7.80975,1.00,2.24
2015.04.22 08:51:27.511,7.80756,7.80975,1.00,2.24
2015.04.22 08:51:27.562,7.80762,7.80975,1.00,2.24
2015.04.22 08:51:27.768,7.80783,7.81038,1.00,1.94
2015.04.22 08:51:27.870,7.80792,7.81038,1.00,1.94
2015.04.22 08:51:28.073,7.80782,7.81046,1.00,2.24
2015.04.22 08:51:28.201,7.80792,7.81046,1.00,2.24
2015.04.22 08:51:28.302,7.80782,7.81046,1.00,2.24
2015.04.22 08:51:28.462,7.80792,7.81046,1.00,2.24
2015.04.22 08:51:29.565,7.80782,7.81046,1.00,2.05
2015.04.22 08:51:29.667,7.80792,7.81046,1.00,2.05
2015.04.22 08:51:29.768,7.80782,7.81046,1.00,2.05
2015.04.22 08:51:30.329,7.80781,7.81046,1.00,2.05
2015.04.22 08:51:32.622,7.80783,7.81046,1.00,2.24
2015.04.22 08:51:32.945,7.80823,7.81046,1.00,2.05
2015.04.22 08:51:33.149,7.80851,7.81112,1.00,2.24
2015.04.22 08:51:33.351,7.80875,7.81112,1.00,1.86
2015.04.22 08:51:33.812,7.80882,7.81112,1.00,1.86
2015.04.22 08:51:34.015,7.80879,7.81161,1.30,1.94
2015.04.22 08:51:34.118,7.80882,7.81161,1.00,1.94
2015.04.22 08:51:34.332,7.80893,7.81161,1.00,1.94
2015.04.22 08:51:34.582,7.80892,7.81161,1.00,1.94
2015.04.22 08:51:34.637,7.80901,7.81172,1.00,2.24
2015.04.22 08:51:35.485,7.80879,7.81137,1.37,1.07
2015.04.22 08:51:35.586,7.80879,7.81137,1.30,1.75
2015.04.22 08:51:37.860,7.80879,7.81058,1.30,1.00
2015.04.22 08:51:38.113,7.80812,7.81037,1.07,1.00
2015.04.22 08:51:38.214,7.80808,7.81017,1.30,1.07
2015.04.22 08:51:38.265,7.80749,7.81017,1.86,1.07
2015.04.22 08:51:38.316,7.80749,7.81008,1.30,1.26
2015.04.22 08:51:38.518,7.80711,7.80964,1.00,1.49
2015.04.22 08:51:38.670,7.80711,7.80964,1.00,2.24
2015.04.22 08:51:39.214,7.80711,7.80964,1.19,2.05
2015.04.22 08:51:39.315,7.80711,7.80964,1.19,2.05
2015.04.22 08:51:41.134,7.80711,7.80964,1.00,2.05
2015.04.22 08:51:41.299,7.80711,7.80964,1.07,1.37
2015.04.22 08:51:43.053,7.8075,7.80964,1.00,1.37
2015.04.22 08:51:43.154,7.8075,7.80964,1.00,1.30
2015.04.22 08:51:43.205,7.8075,7.80964,1.75,1.30
2015.04.22 08:51:43.357,7.80778,7.81033,1.00,2.24
2015.04.22 08:51:43.509,7.80778,7.81033,1.37,1.49
2015.04.22 08:51:45.245,7.80778,7.8103,1.00,1.19
2015.04.22 08:51:45.548,7.8084,7.811,1.00,2.24
2015.04.22 08:51:45.599,7.80866,7.811,1.00,2.24
2015.04.22 08:51:45.700,7.80841,7.811,1.37,1.49
2015.04.22 08:51:45.751,7.80841,7.811,1.37,1.49
2015.04.22 08:51:45.802,7.80841,7.811,1.00,1.49
2015.04.22 08:51:47.562,7.80822,7.811,1.12,1.56
2015.04.22 08:51:47.764,7.80822,7.811,1.12,1.56
2015.04.22 08:51:48.112,7.80816,7.81078,1.07,1.56
2015.04.22 08:51:48.216,7.80816,7.81078,1.00,1.94
2015.04.22 08:51:48.660,7.80816,7.81078,1.00,1.94
2015.04.22 08:51:48.711,7.80807,7.81049,1.05,1.26
2015.04.22 08:51:48.869,7.80763,7.81038,1.00,1.86
2015.04.22 08:51:49.442,7.80763,7.81028,1.12,1.94
2015.04.22 08:51:49.544,7.80745,7.81023,1.67,1.56
2015.04.22 08:51:49.645,7.80752,7.81023,1.00,1.94
2015.04.22 08:51:49.695,7.80745,7.81023,1.37,1.94
2015.04.22 08:51:50.154,7.80745,7.81023,1.37,1.94
2015.04.22 08:51:50.759,7.80745,7.81023,1.30,1.94
2015.04.22 08:51:52.246,7.80725,7.80972,1.37,1.05
2015.04.22 08:51:52.297,7.80696,7.80972,1.75,1.24
2015.04.22 08:51:52.398,7.80696,7.80972,1.37,1.24
2015.04.22 08:51:52.499,7.80696,7.80972,1.12,2.24
2015.04.22 08:51:52.733,7.80705,7.80972,1.12,2.24
2015.04.22 08:51:52.888,7.80737,7.80972,1.07,1.67
2015.04.22 08:51:53.041,7.80737,7.80972,1.37,1.30
2015.04.22 08:51:54.042,7.80698,7.80972,1.94,1.30
2015.04.22 08:51:54.244,7.80698,7.80972,1.94,1.30
2015.04.22 08:51:54.295,7.80698,7.80972,1.75,1.49
2015.04.22 08:51:54.396,7.80698,7.8097,1.37,1.31
2015.04.22 08:51:54.610,7.80698,7.80972,1.75,2.24
2015.04.22 08:51:54.763,7.80725,7.80972,1.07,1.67
2015.04.22 08:51:54.915,7.80724,7.80972,1.50,1.30
2015.04.22 08:51:55.483,7.80732,7.80972,1.75,1.30
2015.04.22 08:51:57.099,7.80724,7.80972,1.75,1.30
2015.04.22 08:51:57.149,7.8074,7.80992,2.05,1.30
2015.04.22 08:51:57.200,7.8074,7.81008,2.05,1.19
2015.04.22 08:51:58.308,7.8074,7.81008,1.67,1.31
2015.04.22 08:51:59.098,7.8074,7.81008,1.67,1.31
2015.04.22 08:52:01.096,7.8074,7.81012,1.67,1.56
2015.04.22 08:52:02.080,7.8074,7.80977,1.67,1.00
2015.04.22 08:52:02.955,7.8074,7.80968,1.37,1.00
2015.04.22 08:52:03.129,7.8074,7.80968,1.37,1.19
2015.04.22 08:52:03.432,7.80679,7.80918,1.37,1.00
2015.04.22 08:52:03.534,7.80679,7.80918,1.30,1.00
2015.04.22 08:52:03.889,7.8067,7.8091,1.00,1.30
2015.04.22 08:52:03.940,7.80625,7.8091,1.75,1.49
2015.04.22 08:52:04.041,7.80625,7.8091,1.75,2.24
2015.04.22 08:52:05.949,7.80642,7.8091,1.07,2.24
2015.04.22 08:52:06.200,7.80652,7.8091,1.50,2.24
2015.04.22 08:52:06.503,7.80682,7.8091,1.00,1.49
2015.04.22 08:52:07.220,7.80652,7.8091,2.62,1.49
2015.04.22 08:52:07.271,7.80652,7.8091,2.62,1.30
2015.04.22 08:52:07.372,7.80663,7.8091,1.37,1.35
2015.04.22 08:52:08.799,7.80662,7.8091,1.12,1.30
2015.04.22 08:52:09.050,7.80682,7.8091,1.00,1.30
2015.04.22 08:52:09.353,7.80702,7.8091,1.00,1.30
2015.04.22 08:52:09.505,7.80712,7.80967,1.00,1.94
2015.04.22 08:52:09.606,7.80706,7.80951,1.00,1.56
2015.04.22 08:52:09.657,7.80733,7.80951,1.00,1.56
2015.04.22 08:52:09.758,7.80722,7.80973,1.07,1.37
2015.04.22 08:52:10.303,7.80722,7.80973,1.37,1.30
2015.04.22 08:52:11.328,7.80742,7.80973,1.00,1.30
2015.04.22 08:52:11.830,7.80732,7.80973,1.12,1.30
2015.04.22 08:52:12.279,7.8076,7.80973,1.00,1.30
2015.04.22 08:52:12.330,7.8076,7.81037,1.00,2.24
2015.04.22 08:52:12.381,7.80762,7.81037,1.00,2.24
2015.04.22 08:52:12.756,7.80762,7.81037,1.07,1.86
2015.04.22 08:52:12.858,7.80772,7.81037,1.75,1.86
2015.04.22 08:52:12.909,7.80787,7.81058,1.00,1.94
2015.04.22 08:52:13.060,7.80802,7.81071,1.10,1.56
2015.04.22 08:52:13.162,7.80793,7.81071,1.87,1.56
2015.04.22 08:52:13.495,7.80788,7.81071,1.12,1.69
2015.04.22 08:52:13.844,7.80763,7.81046,1.37,1.26
2015.04.22 08:52:13.996,7.80788,7.81037,1.00,1.19
2015.04.22 08:52:14.299,7.80796,7.81037,1.07,1.19
2015.04.22 08:52:14.660,7.80802,7.81071,1.00,1.94
2015.04.22 08:52:14.963,7.80813,7.81065,1.37,1.56
2015.04.22 08:52:15.601,7.80833,7.81071,1.00,1.26
2015.04.22 08:52:15.771,7.80822,7.81065,1.07,1.19
2015.04.22 08:52:16.280,7.80798,7.81065,1.75,1.19
2015.04.22 08:52:16.382,7.80792,7.81017,1.10,1.19
2015.04.22 08:52:16.483,7.80761,7.81017,1.07,1.19
2015.04.22 08:52:16.584,7.80735,7.80995,1.37,1.01
2015.04.22 08:52:16.686,7.80712,7.80996,1.75,1.56
2015.04.22 08:52:17.173,7.8071,7.80996,1.37,1.94
2015.04.22 08:52:18.008,7.80712,7.80996,1.75,1.94
2015.04.22 08:52:18.899,7.80732,7.80988,1.12,1.56
2015.04.22 08:52:20.552,7.80713,7.80978,1.12,1.19
2015.04.22 08:52:20.872,7.80713,7.80978,1.12,1.19
2015.04.22 08:52:21.211,7.80701,7.80966,1.75,1.01
2015.04.22 08:52:21.312,7.80685,7.80966,1.75,1.01
2015.04.22 08:52:21.413,7.80685,7.80947,1.37,1.26
2015.04.22 08:52:21.565,7.80685,7.80947,1.37,1.56
2015.04.22 08:52:22.784,7.80685,7.80964,1.37,1.94
2015.04.22 08:52:22.835,7.80711,7.80965,1.00,1.94
2015.04.22 08:52:22.987,7.80711,7.80965,1.07,1.94
2015.04.22 08:52:23.039,7.80723,7.80965,1.00,1.94
2015.04.22 08:52:23.347,7.80712,7.80992,1.37,1.94
2015.04.22 08:52:23.582,7.80712,7.80992,1.75,1.56
2015.04.22 08:52:24.843,7.80705,7.80971,1.75,1.64
2015.04.22 08:52:24.893,7.80705,7.80971,1.75,1.64
2015.04.22 08:52:25.048,7.80685,7.80957,1.75,1.64
2015.04.22 08:52:25.154,7.80685,7.80954,1.37,1.94
2015.04.22 08:52:26.476,7.80694,7.80954,1.12,1.26
2015.04.22 08:52:26.527,7.80712,7.80954,1.00,1.07
2015.04.22 08:52:26.629,7.80722,7.80994,1.37,1.31
2015.04.22 08:52:26.932,7.80742,7.80996,1.50,1.56
2015.04.22 08:52:28.599,7.80737,7.81008,1.75,1.94
2015.04.22 08:52:35.268,7.8073,7.81008,1.12,1.56
2015.04.22 08:52:35.520,7.80704,7.80988,1.75,2.44
2015.04.22 08:52:35.621,7.80704,7.80978,1.37,1.75
2015.04.22 08:52:36.247,7.80704,7.80965,1.37,1.01
2015.04.22 08:52:36.399,7.80678,7.80928,1.75,1.07
2015.04.22 08:52:36.808,7.80678,7.80928,1.07,1.07
2015.04.22 08:52:39.067,7.80678,7.80918,1.07,1.00
2015.04.22 08:52:40.381,7.80653,7.80928,1.75,1.26
2015.04.22 08:52:41.013,7.80668,7.80939,1.12,1.56
2015.04.22 08:52:41.359,7.80679,7.80964,1.12,1.56
2015.04.22 08:52:41.461,7.80678,7.80956,1.37,1.01
2015.04.22 08:52:41.562,7.80678,7.80937,1.75,1.64
2015.04.22 08:52:42.249,7.80678,7.80928,1.75,1.00
2015.04.22 08:52:42.350,7.80654,7.80928,1.75,1.07
2015.04.22 08:52:43.010,7.80654,7.80936,1.75,1.31
2015.04.22 08:52:43.313,7.80654,7.80918,1.37,1.87
2015.04.22 08:52:44.093,7.80654,7.80938,1.75,2.06
2015.04.22 08:52:44.296,7.80678,7.80965,1.56,1.37
2015.04.22 08:52:44.517,7.80705,7.80991,1.87,1.94
2015.04.22 08:52:44.770,7.8073,7.81016,1.00,1.94
2015.04.22 08:52:45.284,7.8073,7.81016,1.37,1.94
2015.04.22 08:52:46.784,7.80748,7.8101,1.00,1.37
2015.04.22 08:52:47.209,7.80748,7.8101,1.00,1.94
2015.04.22 08:52:47.361,7.8073,7.8101,1.37,1.94
2015.04.22 08:52:48.269,7.80722,7.80989,1.00,1.25
2015.04.22 08:52:48.320,7.80711,7.80986,1.12,1.00
2015.04.22 08:52:48.643,7.80704,7.80985,1.82,1.37
2015.04.22 08:52:50.448,7.80711,7.80985,1.12,1.56
2015.04.22 08:52:51.170,7.80711,7.80985,1.12,1.56
2015.04.22 08:52:53.200,7.80711,7.80985,1.12,1.56
2015.04.22 08:52:53.857,7.80723,7.80985,1.12,1.26
2015.04.22 08:52:55.879,7.80723,7.80998,1.12,1.31
2015.04.22 08:52:56.538,7.80744,7.81011,1.50,1.01
2015.04.22 08:52:56.691,7.80772,7.81018,1.37,1.37
2015.04.22 08:52:56.741,7.80772,7.81018,1.75,1.37
2015.04.22 08:52:56.843,7.80772,7.81044,1.87,1.19
2015.04.22 08:52:58.889,7.80775,7.81044,1.82,1.19
2015.04.22 08:53:00.752,7.80775,7.81044,1.45,1.94
2015.04.22 08:53:00.903,7.80775,7.81044,1.45,1.94
2015.04.22 08:53:01.650,7.80775,7.81044,1.07,1.94
2015.04.22 08:53:02.001,7.80764,7.81011,1.00,1.00
2015.04.22 08:53:03.109,7.80764,7.81011,1.00,1.29
2015.04.22 08:53:03.772,7.80764,7.81011,1.07,1.19
2015.04.22 08:53:04.155,7.80762,7.81033,2.32,1.29
2015.04.22 08:53:04.489,7.8078,7.81059,1.12,1.56
2015.04.22 08:53:04.641,7.8078,7.81059,1.12,1.56
2015.04.22 08:53:04.742,7.80802,7.81044,1.00,1.07
2015.04.22 08:53:04.858,7.80802,7.81044,1.07,1.07
2015.04.22 08:53:04.974,7.80795,7.81059,1.12,1.19
2015.04.22 08:53:06.361,7.80792,7.81059,1.37,1.94
2015.04.22 08:53:08.598,7.80793,7.81059,1.12,1.56
2015.04.22 08:53:08.699,7.80819,7.81059,1.75,1.37
2015.04.22 08:53:08.952,7.80872,7.81144,1.12,1.26
2015.04.22 08:53:10.876,7.80892,7.81144,1.00,1.26
2015.04.22 08:53:11.181,7.80942,7.81196,1.37,1.75
2015.04.22 08:53:11.283,7.80942,7.81226,1.37,1.31
2015.04.22 08:53:11.384,7.80942,7.81227,1.75,1.94
2015.04.22 08:53:11.677,7.80947,7.81227,1.12,1.94
2015.04.22 08:53:13.260,7.80947,7.8122,1.12,1.19
2015.04.22 08:53:13.664,7.80941,7.81227,1.75,1.56
2015.04.22 08:53:14.648,7.80941,7.81208,1.37,1.00
2015.04.22 08:53:14.800,7.80941,7.81208,1.10,1.37
2015.04.22 08:53:17.097,7.80936,7.81208,2.32,1.56
2015.04.22 08:53:17.410,7.80962,7.81208,1.00,1.19
2015.04.22 08:53:17.553,7.80942,7.81208,1.87,1.19
2015.04.22 08:53:17.656,7.80942,7.81208,1.87,1.19
2015.04.22 08:53:18.541,7.80936,7.81208,1.57,1.56
2015.04.22 08:53:19.713,7.80936,7.81204,1.57,1.01
2015.04.22 08:53:21.030,7.80936,7.81208,2.32,1.56
2015.04.22 08:53:21.357,7.80943,7.81208,1.12,1.19
2015.04.22 08:53:22.134,7.80947,7.81208,1.82,1.19
2015.04.22 08:53:22.568,7.80953,7.81208,1.82,1.19
2015.04.22 08:53:22.669,7.80953,7.81208,1.82,1.19
2015.04.22 08:53:22.858,7.80953,7.81208,1.82,1.19
2015.04.22 08:53:24.350,7.80947,7.81208,1.45,1.19
2015.04.22 08:53:24.451,7.80975,7.81211,1.00,1.19
2015.04.22 08:53:24.604,7.80975,7.81211,1.00,1.00
2015.04.22 08:53:24.654,7.80978,7.81211,1.75,1.00
2015.04.22 08:53:24.908,7.80982,7.81232,1.82,1.00
2015.04.22 08:53:25.023,7.80992,7.81264,1.12,1.26
2015.04.22 08:53:25.074,7.81004,7.8127,1.75,1.56
2015.04.22 08:53:25.125,7.81004,7.8127,1.75,1.37
2015.04.22 08:53:25.176,7.81022,7.8127,1.75,1.37
2015.04.22 08:53:25.227,7.81022,7.81315,1.75,1.94
2015.04.22 08:53:25.287,7.81029,7.81315,1.75,1.94
2015.04.22 08:53:27.074,7.81048,7.81296,1.00,1.19
2015.04.22 08:53:27.400,7.81048,7.81296,1.50,1.00
2015.04.22 08:53:27.451,7.81037,7.81315,1.75,1.37
2015.04.22 08:53:27.654,7.81054,7.81319,1.00,1.19
2015.04.22 08:53:28.095,7.81075,7.81295,1.00,1.00
2015.04.22 08:53:28.329,7.81054,7.8134,1.75,2.06
2015.04.22 08:53:28.497,7.81054,7.8134,1.94,1.87
2015.04.22 08:53:28.837,7.81105,7.81379,1.00,1.31
2015.04.22 08:53:30.842,7.81082,7.81364,1.12,1.62
2015.04.22 08:53:30.975,7.81082,7.81364,1.12,1.62
2015.04.22 08:53:33.237,7.81078,7.81364,1.85,1.94
2015.04.22 08:53:34.490,7.81081,7.81364,1.12,1.94
2015.04.22 08:53:34.815,7.81062,7.81326,1.75,1.56
2015.04.22 08:53:34.917,7.81039,7.81326,1.75,1.94
2015.04.22 08:53:35.019,7.81026,7.81299,1.12,1.25
2015.04.22 08:53:35.108,7.81013,7.81299,2.07,1.32
2015.04.22 08:53:35.293,7.81041,7.81313,1.00,1.31
2015.04.22 08:53:35.450,7.81041,7.81299,1.07,1.25
2015.04.22 08:53:36.427,7.81041,7.813,1.00,1.26
2015.04.22 08:53:36.979,7.81036,7.81276,1.00,1.00
2015.04.22 08:53:37.239,7.8098,7.8126,1.12,1.00
2015.04.22 08:53:37.351,7.80984,7.8126,1.12,1.37
2015.04.22 08:53:37.459,7.80983,7.8126,1.12,1.00
2015.04.22 08:53:37.560,7.80999,7.81283,1.37,1.31
2015.04.22 08:53:37.770,7.80999,7.81284,1.75,1.56
2015.04.22 08:53:38.455,7.81022,7.81284,1.00,1.19
2015.04.22 08:53:39.038,7.81033,7.81294,1.00,1.26
2015.04.22 08:53:39.362,7.81033,7.81298,1.00,1.26
2015.04.22 08:53:39.413,7.81033,7.81298,1.75,1.26
2015.04.22 08:53:39.751,7.81042,7.81298,1.07,1.19
2015.04.22 08:53:40.393,7.81054,7.81298,1.00,1.19
2015.04.22 08:53:41.538,7.81054,7.81298,1.00,1.25
2015.04.22 08:53:42.078,7.81031,7.81298,1.37,1.25
2015.04.22 08:53:42.194,7.81002,7.81288,2.44,1.37
2015.04.22 08:53:42.299,7.81002,7.81288,2.06,1.75
2015.04.22 08:53:42.404,7.81024,7.81288,1.00,1.37
2015.04.22 08:53:43.079,7.81028,7.81301,1.00,1.94
2015.04.22 08:53:43.247,7.81028,7.81301,1.07,1.56
2015.04.22 08:53:43.461,7.81028,7.81301,1.82,1.56
2015.04.22 08:53:43.807,7.81118,7.81392,1.00,1.31
2015.04.22 08:53:43.959,7.81118,7.81395,1.00,1.31
2015.04.22 08:53:45.154,7.81093,7.81367,1.57,1.19
2015.04.22 08:53:45.478,7.81093,7.81349,1.07,1.00
2015.04.22 08:53:45.781,7.81039,7.81308,1.37,1.19
2015.04.22 08:53:45.889,7.81039,7.81308,1.07,1.56
2015.04.22 08:53:46.040,7.81039,7.81308,1.37,1.94
2015.04.22 08:53:46.106,7.81039,7.81308,1.07,1.94
2015.04.22 08:53:46.572,7.81013,7.81278,1.75,1.00
2015.04.22 08:53:46.676,7.81013,7.81278,1.37,1.07
2015.04.22 08:53:48.456,7.81013,7.81288,1.37,1.56
2015.04.22 08:53:50.461,7.81014,7.81278,1.12,1.07
2015.04.22 08:53:51.930,7.81014,7.81298,1.87,1.56
2015.04.22 08:53:52.289,7.81046,7.81317,1.12,2.06
2015.04.22 08:53:52.468,7.81046,7.81317,1.12,2.06
2015.04.22 08:53:52.956,7.81021,7.81278,1.75,1.00
2015.04.22 08:53:53.057,7.81021,7.81278,1.37,1.00
2015.04.22 08:53:53.158,7.81021,7.81278,1.12,1.12
2015.04.22 08:53:54.909,7.81021,7.81278,1.12,1.31
2015.04.22 08:53:56.881,7.81021,7.81278,1.50,1.31
2015.04.22 08:53:58.207,7.81019,7.81267,1.75,1.94
2015.04.22 08:54:00.278,7.81019,7.81268,1.00,1.75
2015.04.22 08:54:00.330,7.81004,7.81257,1.00,1.37
2015.04.22 08:54:00.394,7.81004,7.81257,1.00,1.56
2015.04.22 08:54:00.445,7.8099,7.81238,1.12,1.19
2015.04.22 08:54:00.546,7.80983,7.81238,1.45,1.26
2015.04.22 08:54:00.679,7.80983,7.81227,1.37,1.94
2015.04.22 08:54:00.984,7.81013,7.81268,2.25,1.94
2015.04.22 08:54:01.885,7.81013,7.81248,1.50,1.50
2015.04.22 08:54:02.387,7.81013,7.81276,2.25,1.75
2015.04.22 08:54:02.760,7.81013,7.81258,2.25,1.75
2015.04.22 08:54:02.874,7.81013,7.81258,1.50,1.75
2015.04.22 08:54:03.119,7.81003,7.81247,1.00,1.37
2015.04.22 08:54:03.318,7.81003,7.81247,1.75,1.37
2015.04.22 08:54:03.630,7.81024,7.81248,1.75,1.00
2015.04.22 08:54:03.731,7.8104,7.81249,1.37,1.00
2015.04.22 08:54:03.781,7.8104,7.81249,1.75,1.00
2015.04.22 08:54:03.833,7.81024,7.81279,1.75,1.56
2015.04.22 08:54:04.497,7.81024,7.81279,1.75,1.56
2015.04.22 08:54:04.924,7.8105,7.81281,1.75,1.50
2015.04.22 08:54:05.228,7.81075,7.81361,1.75,1.94
2015.04.22 08:54:05.279,7.81075,7.81361,1.75,1.94
2015.04.22 08:54:06.217,7.81075,7.81347,1.75,1.94
2015.04.22 08:54:06.908,7.811,7.81317,1.12,1.37
2015.04.22 08:54:07.317,7.811,7.81317,1.75,1.37
2015.04.22 08:54:07.418,7.811,7.81317,1.00,1.37
2015.04.22 08:54:07.469,7.811,7.81317,1.00,1.00
2015.04.22 08:54:07.659,7.811,7.81317,1.75,1.00
2015.04.22 08:54:07.761,7.811,7.81308,1.00,1.00
2015.04.22 08:54:07.813,7.811,7.81317,1.00,1.00
2015.04.22 08:54:07.887,7.811,7.81317,1.00,1.75
2015.04.22 08:54:08.763,7.81075,7.81298,1.00,1.37
2015.04.22 08:54:09.232,7.81075,7.81308,1.50,1.69
2015.04.22 08:54:09.536,7.8109,7.81308,1.37,1.69
2015.04.22 08:54:09.935,7.8109,7.81316,1.75,1.94
2015.04.22 08:54:10.349,7.81102,7.81316,1.37,1.26
2015.04.22 08:54:10.450,7.81102,7.81316,1.75,1.07
2015.04.22 08:54:10.788,7.81114,7.81317,1.75,1.00
2015.04.22 08:54:10.990,7.81127,7.81368,1.75,1.75
2015.04.22 08:54:11.092,7.81127,7.81378,1.75,1.75
2015.04.22 08:54:11.193,7.81127,7.81378,1.75,1.75
2015.04.22 08:54:11.847,7.81127,7.81368,1.75,1.50
2015.04.22 08:54:12.552,7.81127,7.81368,1.75,1.50
2015.04.22 08:54:12.704,7.81132,7.81368,1.00,1.50
2015.04.22 08:54:12.884,7.81127,7.81338,1.37,1.00
2015.04.22 08:54:13.276,7.8111,7.81308,1.75,1.07
2015.04.22 08:54:13.586,7.81102,7.81345,1.75,1.75
2015.04.22 08:54:13.637,7.81102,7.81348,1.75,1.37
2015.04.22 08:54:13.889,7.81102,7.81348,1.75,1.37
2015.04.22 08:54:14.209,7.81152,7.81387,1.75,1.75
2015.04.22 08:54:14.267,7.81152,7.81387,1.75,1.75
2015.04.22 08:54:14.368,7.81152,7.81398,1.75,1.75
2015.04.22 08:54:14.621,7.81213,7.81457,1.75,1.94
2015.04.22 08:54:14.672,7.81213,7.81457,1.75,1.94
2015.04.22 08:54:14.774,7.81245,7.81488,1.75,1.94
2015.04.22 08:54:14.825,7.81245,7.81488,1.75,1.94
2015.04.22 08:54:14.875,7.81245,7.81488,1.75,1.94
2015.04.22 08:54:14.977,7.81245,7.81507,1.75,1.94
2015.04.22 08:54:15.078,7.81245,7.81498,1.75,1.94
2015.04.22 08:54:15.180,7.81272,7.81508,1.75,1.94
2015.04.22 08:54:15.257,7.81272,7.81508,1.75,1.94
2015.04.22 08:54:15.410,7.81272,7.81508,1.00,1.75
2015.04.22 08:54:15.601,7.81272,7.81498,1.00,1.00
2015.04.22 08:54:16.138,7.81272,7.81488,1.00,1.00
2015.04.22 08:54:16.797,7.81272,7.81498,1.00,1.00
2015.04.22 08:54:17.127,7.81272,7.81507,1.75,1.07
2015.04.22 08:54:17.380,7.81297,7.81528,1.00,1.07
2015.04.22 08:54:17.430,7.81297,7.81508,1.00,1.00
2015.04.22 08:54:17.602,7.8127,7.81508,1.00,1.37
2015.04.22 08:54:17.896,7.8127,7.81507,1.00,1.75
2015.04.22 08:54:18.222,7.8127,7.81478,1.00,1.00
2015.04.22 08:54:18.374,7.81246,7.81478,1.50,1.00
2015.04.22 08:54:19.167,7.81246,7.81487,1.50,1.07
2015.04.22 08:54:19.330,7.81246,7.81498,1.75,1.56
2015.04.22 08:54:19.634,7.813,7.81547,1.37,1.75
2015.04.22 08:54:19.767,7.813,7.81547,1.37,1.75
2015.04.22 08:54:21.013,7.813,7.81528,1.00,1.75
2015.04.22 08:54:21.087,7.813,7.81528,1.00,1.75
2015.04.22 08:54:21.440,7.8127,7.81528,1.00,1.75
2015.04.22 08:54:21.643,7.8127,7.81518,1.00,1.94
2015.04.22 08:54:21.845,7.81241,7.81498,1.37,1.56
2015.04.22 08:54:21.896,7.81241,7.81498,1.37,1.56
2015.04.22 08:54:21.947,7.81241,7.81488,1.00,1.37
2015.04.22 08:54:22.185,7.81241,7.81458,1.00,1.00
2015.04.22 08:54:22.286,7.81191,7.81458,1.75,1.19
2015.04.22 08:54:22.337,7.81191,7.81458,1.07,1.19
2015.04.22 08:54:22.388,7.81191,7.81418,1.07,1.00
2015.04.22 08:54:22.518,7.81164,7.81418,1.69,1.07
2015.04.22 08:54:24.778,7.81164,7.81448,1.75,1.94
2015.04.22 08:54:25.085,7.81222,7.81498,1.37,1.94
2015.04.22 08:54:25.186,7.81247,7.81513,1.00,1.94
2015.04.22 08:54:25.388,7.81247,7.81517,1.00,1.94
2015.04.22 08:54:26.044,7.81237,7.81479,1.00,1.26
2015.04.22 08:54:26.148,7.81237,7.81479,1.00,1.94
2015.04.22 08:54:27.378,7.81219,7.81478,1.37,1.75
2015.04.22 08:54:27.480,7.81219,7.81464,1.00,1.37
2015.04.22 08:54:27.530,7.81219,7.81464,1.00,1.56
2015.04.22 08:54:27.599,7.81194,7.81468,1.12,1.56
2015.04.22 08:54:27.650,7.81194,7.81448,1.00,1.56
2015.04.22 08:54:27.701,7.81194,7.81448,1.00,1.56
2015.04.22 08:54:28.036,7.81194,7.81448,1.00,1.94
2015.04.22 08:54:29.389,7.81194,7.81464,1.75,1.94
2015.04.22 08:54:29.708,7.8122,7.81488,1.75,2.25
2015.04.22 08:54:29.809,7.81246,7.81488,1.00,1.75
2015.04.22 08:54:29.911,7.81246,7.81518,1.00,1.94
2015.04.22 08:54:30.770,7.81246,7.81505,1.75,1.94
2015.04.22 08:54:32.812,7.81246,7.81505,1.75,1.94
2015.04.22 08:54:33.526,7.81246,7.81498,1.75,1.94
2015.04.22 08:54:35.438,7.8124,7.81488,1.12,1.62
2015.04.22 08:54:35.808,7.8124,7.81488,1.75,1.56
2015.04.22 08:54:38.128,7.8124,7.81505,1.75,2.00
2015.04.22 08:54:38.432,7.81293,7.81578,1.75,2.44
2015.04.22 08:54:38.584,7.81293,7.81578,1.75,2.44
2015.04.22 08:54:39.563,7.81293,7.81538,1.00,1.75
2015.04.22 08:54:39.614,7.81268,7.81514,1.82,1.37
2015.04.22 08:54:39.715,7.81268,7.81518,1.75,1.75
2015.04.22 08:54:39.766,7.81268,7.81497,1.00,1.07
2015.04.22 08:54:39.817,7.81247,7.81497,1.75,1.37
2015.04.22 08:54:39.868,7.81247,7.81498,1.50,1.37
2015.04.22 08:54:39.969,7.81232,7.81498,1.85,1.37
2015.04.22 08:54:40.020,7.81232,7.81498,1.75,1.75
2015.04.22 08:54:40.365,7.81232,7.81506,1.75,1.94
2015.04.22 08:54:40.567,7.81256,7.81506,1.75,1.94
2015.04.22 08:54:40.807,7.81282,7.81506,1.75,1.94
2015.04.22 08:54:41.110,7.81286,7.81529,1.75,1.75
2015.04.22 08:54:41.362,7.81317,7.81531,1.50,1.75
2015.04.22 08:54:42.994,7.81317,7.81526,1.50,1.75
2015.04.22 08:54:43.096,7.81317,7.81526,1.50,1.10
2015.04.22 08:54:43.419,7.81317,7.81526,1.75,1.10
2015.04.22 08:54:43.571,7.81317,7.81558,1.75,1.12
2015.04.22 08:54:43.677,7.81339,7.81535,1.37,1.00
2015.04.22 08:54:44.182,7.8132,7.81533,1.75,1.00
2015.04.22 08:54:44.838,7.8132,7.81533,1.75,1.00
2015.04.22 08:54:44.956,7.8132,7.81533,1.75,1.07
2015.04.22 08:54:45.571,7.8132,7.81533,1.94,1.07
2015.04.22 08:54:46.082,7.81317,7.81536,1.00,1.07
2015.04.22 08:54:46.133,7.81296,7.81536,1.00,1.07
2015.04.22 08:54:46.184,7.81276,7.81539,1.01,1.07
2015.04.22 08:54:46.285,7.81268,7.81533,1.31,1.75
2015.04.22 08:54:46.387,7.81245,7.81527,1.01,1.87
2015.04.22 08:54:46.437,7.81241,7.81527,1.94,1.87
2015.04.22 08:54:46.538,7.81241,7.81514,1.19,1.12
2015.04.22 08:54:46.741,7.81241,7.81514,1.19,1.12
2015.04.22 08:54:47.099,7.81213,7.81498,1.94,1.12
2015.04.22 08:54:47.150,7.81213,7.81481,1.19,1.12
2015.04.22 08:54:47.201,7.81254,7.81481,1.00,1.12
2015.04.22 08:54:47.504,7.81309,7.81519,1.19,1.00
2015.04.22 08:54:48.032,7.81309,7.81519,1.00,1.00
2015.04.22 08:54:48.084,7.81303,7.81519,1.00,1.00
2015.04.22 08:54:48.185,7.81269,7.81519,1.00,1.19
2015.04.22 08:54:48.286,7.81247,7.81519,1.00,1.56
2015.04.22 08:54:48.387,7.81247,7.81519,1.00,1.94
2015.04.22 08:54:48.488,7.81213,7.81499,1.25,1.94
2015.04.22 08:54:48.590,7.81213,7.81499,1.25,1.94
2015.04.22 08:54:48.915,7.81239,7.81525,1.00,1.94
2015.04.22 08:54:50.455,7.81239,7.81495,1.00,1.75
2015.04.22 08:54:50.731,7.8124,7.81496,1.75,1.94
2015.04.22 08:54:50.933,7.81302,7.81572,1.75,1.94
2015.04.22 08:54:50.984,7.81288,7.81572,1.75,1.94
2015.04.22 08:54:51.034,7.81288,7.81572,1.75,1.94
2015.04.22 08:54:51.085,7.81288,7.81572,1.00,1.94
2015.04.22 08:54:51.136,7.81263,7.81547,1.75,1.94
2015.04.22 08:54:51.187,7.81263,7.81547,1.00,1.94
2015.04.22 08:54:51.339,7.81259,7.81523,1.00,1.94
2015.04.22 08:54:51.490,7.81237,7.81523,1.00,1.94
2015.04.22 08:54:52.279,7.81237,7.81497,1.87,1.75
2015.04.22 08:54:52.330,7.81237,7.81497,1.87,1.75
2015.04.22 08:54:53.268,7.81237,7.81497,2.25,1.94
2015.04.22 08:54:53.471,7.81303,7.81589,1.75,1.94
2015.04.22 08:54:53.522,7.81331,7.81617,1.00,1.94
2015.04.22 08:54:53.674,7.81331,7.81617,1.00,1.94
2015.04.22 08:54:53.916,7.81331,7.81617,1.00,1.94
2015.04.22 08:54:55.069,7.81332,7.81565,1.00,1.62
2015.04.22 08:54:55.442,7.81341,7.81567,1.00,1.56
2015.04.22 08:54:56.496,7.81341,7.81567,1.50,1.37
2015.04.22 08:54:56.827,7.81362,7.81637,1.94,1.75
2015.04.22 08:54:57.601,7.81382,7.81637,1.00,1.75
2015.04.22 08:54:58.110,7.81382,7.81637,1.75,1.75
2015.04.22 08:54:58.161,7.81382,7.81668,2.25,1.94
2015.04.22 08:54:58.403,7.81382,7.81668,2.25,1.94
2015.04.22 08:54:59.609,7.81393,7.81653,1.00,1.75
2015.04.22 08:54:59.812,7.81382,7.81642,1.37,1.75
2015.04.22 08:55:00.129,7.81382,7.81642,1.00,1.75
2015.04.22 08:55:00.231,7.81369,7.81636,1.00,1.94
2015.04.22 08:55:00.282,7.8135,7.81627,1.00,1.56
2015.04.22 08:55:00.333,7.81335,7.81611,1.37,1.26
2015.04.22 08:55:00.384,7.81325,7.81611,1.45,1.56
2015.04.22 08:55:00.485,7.81325,7.81611,1.37,1.94
2015.04.22 08:55:00.536,7.81325,7.81611,1.00,1.94
2015.04.22 08:55:00.587,7.81325,7.81611,1.00,1.94
2015.04.22 08:55:00.688,7.81325,7.81611,1.00,1.94
2015.04.22 08:55:00.905,7.81325,7.81611,1.00,1.94
2015.04.22 08:55:01.834,7.81325,7.81601,1.00,1.31
2015.04.22 08:55:01.940,7.81275,7.81553,1.00,1.31
2015.04.22 08:55:02.143,7.81249,7.81529,1.00,1.31
2015.04.22 08:55:02.448,7.81249,7.81524,1.00,1.31
2015.04.22 08:55:02.999,7.81249,7.81535,1.37,1.19
2015.04.22 08:55:03.690,7.81257,7.81535,1.31,1.00
2015.04.22 08:55:03.741,7.81285,7.81558,1.00,1.19
2015.04.22 08:55:03.893,7.81285,7.81571,1.75,1.19
2015.04.22 08:55:04.196,7.81285,7.8156,1.75,1.19
2015.04.22 08:55:04.449,7.8126,7.81546,1.94,1.37
2015.04.22 08:55:04.539,7.8126,7.81546,1.94,1.75
2015.04.22 08:55:04.899,7.81272,7.81546,1.75,1.37
2015.04.22 08:55:07.706,7.81276,7.81542,1.75,1.01
2015.04.22 08:55:07.985,7.8121,7.81489,1.75,1.01
2015.04.22 08:55:08.086,7.8121,7.81479,1.07,1.12
2015.04.22 08:55:09.082,7.81215,7.81479,1.75,1.12
2015.04.22 08:55:09.183,7.81215,7.81499,1.87,1.94
2015.04.22 08:55:09.234,7.81249,7.81517,1.00,1.94
2015.04.22 08:55:09.284,7.81249,7.81517,1.07,1.75
2015.04.22 08:55:09.386,7.81253,7.81533,1.37,1.31
2015.04.22 08:55:13.573,7.81223,7.8151,1.75,1.56
2015.04.22 08:55:13.803,7.81223,7.8151,1.75,1.94
2015.04.22 08:55:14.548,7.81196,7.81482,1.75,2.06
2015.04.22 08:55:16.021,7.81196,7.81468,1.75,1.31
2015.04.22 08:55:17.958,7.81232,7.81468,1.00,2.06
2015.04.22 08:55:18.071,7.81222,7.81468,1.07,2.06
2015.04.22 08:55:21.924,7.81222,7.81466,1.37,1.56
2015.04.22 08:55:24.643,7.81242,7.81474,1.00,1.75
2015.04.22 08:55:24.795,7.81282,7.81516,1.07,1.07
2015.04.22 08:55:26.479,7.81262,7.81516,1.07,1.75
2015.04.22 08:55:27.160,7.81273,7.81516,1.00,1.94
2015.04.22 08:55:27.767,7.81273,7.81533,1.75,1.01
2015.04.22 08:55:28.942,7.81305,7.81529,1.10,1.94
2015.04.22 08:55:29.245,7.81305,7.81498,1.00,1.75
2015.04.22 08:55:29.542,7.81305,7.81498,1.00,1.12
2015.04.22 08:55:30.699,7.81305,7.81489,1.00,1.00
2015.04.22 08:55:30.801,7.81274,7.81489,1.00,1.00
2015.04.22 08:55:30.852,7.81274,7.81489,1.00,1.07
2015.04.22 08:55:30.902,7.81222,7.81489,1.94,1.07
2015.04.22 08:55:30.953,7.81222,7.81489,1.75,1.56
2015.04.22 08:55:31.268,7.81222,7.81463,1.75,1.00
2015.04.22 08:55:31.421,7.81211,7.81463,1.75,1.07
2015.04.22 08:55:31.522,7.81192,7.81463,1.94,1.37
2015.04.22 08:55:31.868,7.81223,7.81463,1.37,1.07
2015.04.22 08:55:34.299,7.81192,7.81427,2.25,1.00
2015.04.22 08:55:34.603,7.81142,7.81413,1.75,1.31
2015.04.22 08:55:34.705,7.81142,7.81398,1.75,1.00
2015.04.22 08:55:34.807,7.81132,7.81398,1.75,1.07
2015.04.22 08:55:35.054,7.81153,7.81398,1.12,1.37
2015.04.22 08:55:35.257,7.81172,7.81425,1.56,1.37
2015.04.22 08:55:35.491,7.81182,7.81455,1.75,1.75
2015.04.22 08:55:35.642,7.81225,7.81455,1.00,1.75
2015.04.22 08:55:35.948,7.81256,7.81482,1.12,1.19
2015.04.22 08:55:35.999,7.81251,7.81482,1.12,1.19
2015.04.22 08:55:36.642,7.81243,7.81491,1.37,1.37
2015.04.22 08:55:37.000,7.81262,7.81491,1.37,1.37
2015.04.22 08:55:37.331,7.81284,7.81462,1.00,1.00
2015.04.22 08:55:37.674,7.81292,7.81462,1.00,1.00
2015.04.22 08:55:37.724,7.81292,7.8151,1.00,1.64
2015.04.22 08:55:37.775,7.81292,7.8151,1.07,1.56
2015.04.22 08:55:37.956,7.81302,7.81524,1.00,1.45
2015.04.22 08:55:38.007,7.81312,7.81537,1.00,1.37
2015.04.22 08:55:38.159,7.81333,7.81576,1.10,1.82
2015.04.22 08:55:38.210,7.81342,7.81576,1.00,1.45
2015.04.22 08:55:38.514,7.81352,7.81576,1.37,1.37
2015.04.22 08:55:38.835,7.81372,7.81576,1.12,1.37
2015.04.22 08:55:38.936,7.81392,7.81599,1.00,1.94
2015.04.22 08:55:38.987,7.81412,7.81586,1.00,1.12
2015.04.22 08:55:39.088,7.81412,7.81616,1.00,1.12
2015.04.22 08:55:39.190,7.81412,7.8163,1.00,1.75
2015.04.22 08:55:39.342,7.81413,7.8163,1.00,1.75
2015.04.22 08:55:39.444,7.81413,7.8163,1.00,1.45
2015.04.22 08:55:39.595,7.81413,7.8163,1.00,1.82
2015.04.22 08:55:40.090,7.81412,7.81587,1.00,1.00
2015.04.22 08:55:40.394,7.81422,7.81602,1.00,1.12
2015.04.22 08:55:40.546,7.81422,7.81617,1.00,1.82
2015.04.22 08:55:40.596,7.81432,7.81617,1.00,1.82
2015.04.22 08:55:41.145,7.81432,7.81599,1.00,1.00
2015.04.22 08:55:41.600,7.81443,7.81599,1.00,1.00
2015.04.22 08:55:42.403,7.81452,7.81599,1.00,1.00
2015.04.22 08:55:42.646,7.81442,7.81599,1.00,1.00
2015.04.22 08:55:42.748,7.81442,7.81599,1.75,1.00
2015.04.22 08:55:42.896,7.81442,7.81627,1.75,1.75
2015.04.22 08:55:42.947,7.81462,7.81627,1.00,1.75
2015.04.22 08:55:43.101,7.81462,7.81599,1.00,1.00
2015.04.22 08:55:43.646,7.81472,7.81599,1.00,1.00
2015.04.22 08:55:44.965,7.81472,7.81569,1.00,1.00
2015.04.22 08:55:45.016,7.81462,7.81569,1.00,1.00
2015.04.22 08:55:45.117,7.81372,7.81566,1.50,1.75
2015.04.22 08:55:45.218,7.81365,7.81566,1.00,1.75
2015.04.22 08:55:45.319,7.81322,7.81566,1.00,1.75
2015.04.22 08:55:45.954,7.81324,7.81566,1.00,1.75
2015.04.22 08:55:47.729,7.81324,7.81566,1.00,1.94
2015.04.22 08:55:47.830,7.81316,7.81535,1.30,1.00
2015.04.22 08:55:47.931,7.81316,7.81535,1.30,1.75
2015.04.22 08:55:48.053,7.81292,7.81509,1.00,1.56
2015.04.22 08:55:48.155,7.81302,7.81509,1.00,1.56
2015.04.22 08:55:48.518,7.81302,7.81509,1.00,1.94
2015.04.22 08:55:48.569,7.81282,7.81509,1.00,1.94
2015.04.22 08:55:48.619,7.81282,7.81484,1.00,1.00
2015.04.22 08:55:48.970,7.81292,7.81484,1.00,1.00
2015.04.22 08:55:49.020,7.81302,7.81514,1.00,1.26
2015.04.22 08:55:49.071,7.81312,7.81514,1.00,1.26
2015.04.22 08:55:49.122,7.81312,7.8154,1.50,1.07
2015.04.22 08:55:49.173,7.81342,7.8154,1.00,1.07
2015.04.22 08:55:49.325,7.81343,7.81558,1.00,1.01
2015.04.22 08:55:49.376,7.81352,7.81558,1.00,1.01
2015.04.22 08:55:49.984,7.81362,7.81562,1.00,1.94
2015.04.22 08:55:50.313,7.81382,7.81562,1.00,1.94
2015.04.22 08:55:50.364,7.81362,7.81562,1.00,1.94
2015.04.22 08:55:51.816,7.81382,7.81562,1.00,1.75
2015.04.22 08:55:52.270,7.81392,7.81562,1.00,1.75
2015.04.22 08:55:53.128,7.81392,7.81562,1.00,1.75
2015.04.22 08:55:53.719,7.81403,7.81562,1.00,1.75
2015.04.22 08:55:54.077,7.81392,7.81562,1.00,1.75
2015.04.22 08:55:54.982,7.81372,7.81562,1.00,1.75
2015.04.22 08:55:55.083,7.81372,7.81554,1.00,1.75
2015.04.22 08:55:55.134,7.81363,7.81554,1.00,1.75
2015.04.22 08:55:55.411,7.81372,7.8154,1.00,1.75
2015.04.22 08:55:55.462,7.81372,7.81554,1.00,1.75
2015.04.22 08:55:56.291,7.81383,7.81554,1.00,1.75
2015.04.22 08:55:56.729,7.81392,7.81554,1.00,1.75
2015.04.22 08:55:58.573,7.81392,7.81554,1.00,1.37
2015.04.22 08:55:59.131,7.81372,7.81554,1.00,1.37
2015.04.22 08:55:59.787,7.81372,7.81554,1.00,1.50
2015.04.22 08:56:00.114,7.81402,7.81554,1.00,1.00
2015.04.22 08:56:00.165,7.81403,7.81587,1.00,1.37
2015.04.22 08:56:00.217,7.81412,7.81587,1.00,1.00
2015.04.22 08:56:00.369,7.81412,7.81574,1.00,1.00
2015.04.22 08:56:00.419,7.81362,7.81558,1.50,1.12
2015.04.22 08:56:00.520,7.81332,7.81533,1.50,1.00
2015.04.22 08:56:00.622,7.81342,7.81533,1.00,1.00
2015.04.22 08:56:00.964,7.81332,7.81533,1.00,1.07
2015.04.22 08:56:01.422,7.81342,7.81533,1.00,1.07
2015.04.22 08:56:01.523,7.81332,7.81525,1.00,1.07
2015.04.22 08:56:01.738,7.81352,7.81525,1.00,1.07
2015.04.22 08:56:01.890,7.81352,7.81533,1.00,1.00
2015.04.22 08:56:01.941,7.81362,7.81531,1.00,1.00
2015.04.22 08:56:02.244,7.81362,7.81557,1.00,1.56
2015.04.22 08:56:02.529,7.81372,7.81557,1.00,1.56
2015.04.22 08:56:03.833,7.81383,7.81557,1.00,2.06
2015.04.22 08:56:05.917,7.81383,7.81557,1.00,1.19
2015.04.22 08:56:05.968,7.81383,7.81557,1.00,1.00
2015.04.22 08:56:06.740,7.81392,7.81557,1.00,1.00
2015.04.22 08:56:07.041,7.81382,7.81557,1.00,1.07
2015.04.22 08:56:07.343,7.81372,7.81557,1.00,1.07
2015.04.22 08:56:08.153,7.81352,7.81498,1.00,1.00
2015.04.22 08:56:08.254,7.81332,7.81498,1.00,1.00
2015.04.22 08:56:08.355,7.81312,7.81498,1.00,1.75
2015.04.22 08:56:08.558,7.81302,7.81498,1.00,1.94
2015.04.22 08:56:08.609,7.81302,7.81488,1.00,1.01
2015.04.22 08:56:08.848,7.81292,7.81488,1.00,1.01
2015.04.22 08:56:09.031,7.81292,7.81471,1.00,1.00
2015.04.22 08:56:09.378,7.81302,7.81471,1.00,1.00
2015.04.22 08:56:09.701,7.81333,7.81471,1.00,1.00
2015.04.22 08:56:09.752,7.81333,7.81498,1.00,1.00
2015.04.22 08:56:09.803,7.81343,7.81498,1.00,1.00
2015.04.22 08:56:09.853,7.81343,7.81518,1.00,1.32
2015.04.22 08:56:10.355,7.81353,7.81522,1.00,1.19
2015.04.22 08:56:10.679,7.81362,7.8154,1.00,1.49
2015.04.22 08:56:11.305,7.81372,7.8154,1.00,1.49
2015.04.22 08:56:11.860,7.81372,7.8154,1.00,1.30
2015.04.22 08:56:11.911,7.81382,7.8154,1.00,1.30
2015.04.22 08:56:12.171,7.81372,7.8154,1.00,1.30
2015.04.22 08:56:12.261,7.81382,7.8154,1.00,1.30
2015.04.22 08:56:12.763,7.81392,7.8154,1.00,1.30
2015.04.22 08:56:13.065,7.81412,7.81557,1.00,1.00
2015.04.22 08:56:13.167,7.81413,7.81576,1.00,1.00
2015.04.22 08:56:13.269,7.81413,7.81602,1.00,1.00
2015.04.22 08:56:13.476,7.81422,7.81602,1.00,1.00
2015.04.22 08:56:13.780,7.81432,7.81602,1.00,1.00
2015.04.22 08:56:13.889,7.81423,7.81602,1.00,1.00
2015.04.22 08:56:14.135,7.81432,7.81602,1.00,1.12
2015.04.22 08:56:14.672,7.81442,7.81602,1.00,1.12
2015.04.22 08:56:15.119,7.81452,7.81602,1.00,1.00
2015.04.22 08:56:15.170,7.81452,7.81628,1.00,1.94
2015.04.22 08:56:15.221,7.81452,7.81628,1.00,1.19
2015.04.22 08:56:16.580,7.81453,7.81628,1.00,1.19
2015.04.22 08:56:18.061,7.81453,7.81628,1.00,1.00
2015.04.22 08:56:20.427,7.81453,7.81628,1.00,1.75
2015.04.22 08:56:20.833,7.81442,7.81615,1.00,1.12
2015.04.22 08:56:21.309,7.81432,7.81615,1.00,1.12
2015.04.22 08:56:21.894,7.81422,7.81615,1.00,1.12
2015.04.22 08:56:21.945,7.81422,7.81597,1.00,1.75
2015.04.22 08:56:21.996,7.81402,7.8158,1.00,1.75
2015.04.22 08:56:22.168,7.81392,7.8158,1.00,1.75
2015.04.22 08:56:22.219,7.81372,7.8158,1.00,1.75
2015.04.22 08:56:22.270,7.81372,7.81553,1.00,1.75
2015.04.22 08:56:22.321,7.81362,7.81553,1.00,1.94
2015.04.22 08:56:22.563,7.81362,7.81529,1.00,1.00
2015.04.22 08:56:22.910,7.81342,7.81529,1.00,1.00
2015.04.22 08:56:22.961,7.81342,7.81496,1.00,1.00
2015.04.22 08:56:23.012,7.81333,7.81496,1.00,1.00
2015.04.22 08:56:23.302,7.81342,7.81496,1.00,1.00
2015.04.22 08:56:23.504,7.81362,7.81529,1.00,1.00
2015.04.22 08:56:23.605,7.81392,7.81539,1.00,1.49
2015.04.22 08:56:23.758,7.81393,7.81558,1.00,1.00
2015.04.22 08:56:23.809,7.81402,7.81572,1.00,1.75
2015.04.22 08:56:24.708,7.81412,7.81572,1.00,1.75
2015.04.22 08:56:25.542,7.81412,7.81571,1.00,1.75
2015.04.22 08:56:26.713,7.81422,7.81571,1.00,1.75
2015.04.22 08:56:26.913,7.81412,7.81571,1.00,1.75
2015.04.22 08:56:28.039,7.81422,7.81571,1.00,1.75
2015.04.22 08:56:28.116,7.81412,7.81571,1.00,1.75
2015.04.22 08:56:31.654,7.81412,7.81568,1.00,1.75
2015.04.22 08:56:32.156,7.81412,7.81568,1.00,1.75
2015.04.22 08:56:34.680,7.81412,7.81571,1.00,1.50
2015.04.22 08:56:34.731,7.81412,7.81558,1.00,1.00
2015.04.22 08:56:41.544,7.81422,7.81558,1.00,1.00
2015.04.22 08:56:42.546,7.81412,7.81558,1.00,1.00
2015.04.22 08:56:44.949,7.81412,7.81586,1.00,2.25
2015.04.22 08:56:45.452,7.81422,7.81586,1.00,2.25
2015.04.22 08:56:46.306,7.81422,7.81586,1.00,1.75
2015.04.22 08:56:46.732,7.81422,7.81563,1.00,1.75
2015.04.22 08:56:46.834,7.81422,7.81563,1.00,1.00
2015.04.22 08:56:47.162,7.81432,7.81563,1.00,1.00
2015.04.22 08:56:47.343,7.81432,7.81584,1.00,1.00
2015.04.22 08:56:47.393,7.81462,7.81584,1.00,1.00
2015.04.22 08:56:47.697,7.81492,7.81643,1.00,1.75
2015.04.22 08:56:47.850,7.81503,7.81643,1.00,1.75
2015.04.22 08:56:47.975,7.81493,7.81643,1.00,1.75
2015.04.22 08:56:48.108,7.81502,7.81643,1.00,1.75
2015.04.22 08:56:48.261,7.81502,7.81643,1.00,1.75
2015.04.22 08:56:48.873,7.81502,7.81627,1.00,1.00
2015.04.22 08:56:49.422,7.81502,7.81627,1.00,1.75
2015.04.22 08:56:49.528,7.81472,7.81627,1.00,1.75
2015.04.22 08:56:49.687,7.81462,7.81638,1.00,1.75
2015.04.22 08:56:49.788,7.81473,7.81638,1.00,1.75
2015.04.22 08:56:49.890,7.81452,7.81638,1.00,1.75
2015.04.22 08:56:49.940,7.81452,7.81638,1.00,1.75
2015.04.22 08:56:50.457,7.81452,7.81597,1.00,1.12
2015.04.22 08:56:50.790,7.81452,7.81618,1.00,1.00
2015.04.22 08:56:50.841,7.81472,7.81624,1.00,1.00
2015.04.22 08:56:50.891,7.81472,7.81627,1.00,1.00
2015.04.22 08:56:50.942,7.81482,7.81627,1.00,1.00
2015.04.22 08:56:50.993,7.81482,7.81671,1.00,1.75
2015.04.22 08:56:51.044,7.81503,7.81711,1.00,1.19
2015.04.22 08:56:51.145,7.8151,7.81711,1.67,1.00
2015.04.22 08:56:51.246,7.81512,7.81761,1.75,1.00
2015.04.22 08:56:51.701,7.81533,7.81761,1.07,1.00
2015.04.22 08:56:52.778,7.81522,7.81761,1.94,1.00
2015.04.22 08:56:55.620,7.81512,7.81798,1.94,1.00
2015.04.22 08:56:55.822,7.81559,7.81798,1.30,1.00
2015.04.22 08:56:56.127,7.81592,7.81822,1.07,1.19
2015.04.22 08:56:56.544,7.81578,7.81822,2.05,1.19
2015.04.22 08:56:56.665,7.81578,7.81822,2.05,1.00
2015.04.22 08:56:58.639,7.81578,7.81798,2.24,1.00
2015.04.22 08:56:58.741,7.81578,7.81798,1.05,1.00
2015.04.22 08:56:58.842,7.81578,7.81832,1.05,1.00
2015.04.22 08:57:03.081,7.81578,7.81832,1.05,1.19
2015.04.22 08:57:03.496,7.81578,7.81858,2.05,1.19
2015.04.22 08:57:05.288,7.81578,7.81858,2.05,1.19
2015.04.22 08:57:05.563,7.8164,7.81883,1.30,1.19
2015.04.22 08:57:05.613,7.8164,7.81883,1.30,1.00
2015.04.22 08:57:05.664,7.8164,7.81883,1.67,1.00
2015.04.22 08:57:05.968,7.8164,7.81913,1.67,1.19
2015.04.22 08:57:06.019,7.8164,7.81913,2.05,1.19
2015.04.22 08:57:06.462,7.81718,7.81913,1.30,1.19
2015.04.22 08:57:06.716,7.81718,7.81946,1.30,1.19
2015.04.22 08:57:08.800,7.81718,7.81946,1.30,1.19
2015.04.22 08:57:09.107,7.81742,7.81946,1.00,1.19
2015.04.22 08:57:09.157,7.81742,7.81946,1.00,1.00
2015.04.22 08:57:09.208,7.8176,7.81946,1.00,1.00
2015.04.22 08:57:09.410,7.81726,7.81946,1.07,1.00
2015.04.22 08:57:09.562,7.81721,7.81946,1.00,1.00
2015.04.22 08:57:09.664,7.81722,7.81918,1.00,1.00
2015.04.22 08:57:09.882,7.81733,7.81952,1.12,1.00
2015.04.22 08:57:11.137,7.81737,7.81977,1.07,1.00
2015.04.22 08:57:11.339,7.81737,7.81977,1.26,1.00
2015.04.22 08:57:13.330,7.81737,7.81977,1.26,1.00
2015.04.22 08:57:13.381,7.8177,7.82005,1.19,1.00
2015.04.22 08:57:13.432,7.8177,7.82005,1.19,1.00
2015.04.22 08:57:13.482,7.81795,7.8203,1.19,1.00
2015.04.22 08:57:13.656,7.81795,7.82064,1.56,1.00
2015.04.22 08:57:13.757,7.81812,7.82064,1.26,1.00
2015.04.22 08:57:15.274,7.8183,7.82081,1.86,1.30
2015.04.22 08:57:15.375,7.81851,7.82096,1.49,1.00
2015.04.22 08:57:15.920,7.81851,7.82096,1.49,1.00
2015.04.22 08:57:18.325,7.81851,7.82096,1.49,1.00
2015.04.22 08:57:19.456,7.81851,7.82096,1.86,1.00
2015.04.22 08:57:19.559,7.81851,7.82123,1.86,1.75
2015.04.22 08:57:19.710,7.81917,7.82123,1.30,1.00
2015.04.22 08:57:19.761,7.81917,7.82178,1.30,1.94
2015.04.22 08:57:19.862,7.81917,7.82178,1.30,1.00
2015.04.22 08:57:19.913,7.81917,7.82078,1.30,1.00
2015.04.22 08:57:20.115,7.81917,7.82098,1.30,1.00
2015.04.22 08:57:20.913,7.81917,7.82127,1.30,1.00
2015.04.22 08:57:21.514,7.81917,7.82138,1.30,1.00
2015.04.22 08:57:21.634,7.81917,7.82118,1.30,1.00
2015.04.22 08:57:21.873,7.81853,7.82083,1.00,1.00
2015.04.22 08:57:21.925,7.81835,7.82078,1.49,1.00
2015.04.22 08:57:22.029,7.81835,7.82083,1.49,1.00
2015.04.22 08:57:23.022,7.81835,7.82078,1.49,1.00
2015.04.22 08:57:23.465,7.81835,7.82083,1.49,1.00
2015.04.22 08:57:23.891,7.81835,7.82083,1.49,1.00
2015.04.22 08:57:24.347,7.81835,7.82083,1.49,1.00
2015.04.22 08:57:24.499,7.81835,7.82108,1.56,1.00
2015.04.22 08:57:24.650,7.81835,7.82108,1.37,1.00
2015.04.22 08:57:24.701,7.81835,7.82074,1.37,1.00
2015.04.22 08:57:25.007,7.81835,7.82074,1.37,1.00
2015.04.22 08:57:25.411,7.81835,7.82074,2.05,1.00
2015.04.22 08:57:25.706,7.81835,7.82074,1.35,1.00
2015.04.22 08:57:25.958,7.81835,7.82101,1.35,1.00
2015.04.22 08:57:26.659,7.81835,7.82066,1.35,1.00
2015.04.22 08:57:26.760,7.81835,7.82091,1.35,1.00
2015.04.22 08:57:26.811,7.81835,7.82091,1.30,1.00
2015.04.22 08:57:26.862,7.81835,7.82062,1.49,1.00
2015.04.22 08:57:27.087,7.81835,7.82062,1.30,1.00
2015.04.22 08:57:27.892,7.81835,7.8203,1.05,1.00
2015.04.22 08:57:28.044,7.81776,7.8203,1.75,1.00
2015.04.22 08:57:28.196,7.81776,7.82018,1.75,1.00
2015.04.22 08:57:28.478,7.81775,7.82018,1.67,1.00
2015.04.22 08:57:28.857,7.81775,7.82028,1.67,1.00
2015.04.22 08:57:29.188,7.81775,7.8203,1.67,1.00
2015.04.22 08:57:30.165,7.81775,7.82018,1.67,1.00
2015.04.22 08:57:30.469,7.81714,7.81933,1.30,1.00
2015.04.22 08:57:30.570,7.81714,7.81908,1.30,1.00
2015.04.22 08:57:30.772,7.81652,7.81883,1.37,1.00
2015.04.22 08:57:32.431,7.81623,7.81883,1.75,1.00
2015.04.22 08:57:32.594,7.81623,7.81907,2.25,1.19
2015.04.22 08:57:32.797,7.81652,7.81907,1.94,1.00
2015.04.22 08:57:33.000,7.81652,7.81907,1.94,1.00
2015.04.22 08:57:33.173,7.81659,7.81935,1.94,1.00
2015.04.22 08:57:33.577,7.81646,7.81889,2.24,1.00
2015.04.22 08:57:33.880,7.81646,7.81889,2.05,1.00
2015.04.22 08:57:33.981,7.81646,7.81889,1.67,1.00
2015.04.22 08:57:35.296,7.81646,7.81889,2.05,1.00
2015.04.22 08:57:35.623,7.81646,7.81888,2.05,1.00
2015.04.22 08:57:35.724,7.81646,7.81889,1.30,1.00
2015.04.22 08:57:35.775,7.81627,7.81889,1.30,1.00
2015.04.22 08:57:35.876,7.81603,7.81889,1.00,1.19
2015.04.22 08:57:35.977,7.81603,7.81889,1.00,1.19
2015.04.22 08:57:36.027,7.81628,7.81907,1.00,1.49
2015.04.22 08:57:36.349,7.81653,7.81914,1.30,1.19
2015.04.22 08:57:36.997,7.81666,7.81885,1.00,1.19
2015.04.22 08:57:37.098,7.81693,7.81933,1.00,1.19
2015.04.22 08:57:37.200,7.81711,7.81977,1.30,1.19
2015.04.22 08:57:37.708,7.81711,7.81902,1.30,1.00
2015.04.22 08:57:37.916,7.8165,7.81866,1.30,1.00
2015.04.22 08:57:38.017,7.8165,7.81841,1.30,1.00
2015.04.22 08:57:38.219,7.8159,7.81841,1.49,1.00
2015.04.22 08:57:38.321,7.8159,7.81815,1.49,1.00
2015.04.22 08:57:38.431,7.8159,7.81842,1.49,1.00
2015.04.22 08:57:38.484,7.8159,7.81816,1.49,1.00
2015.04.22 08:57:38.606,7.8159,7.81845,1.49,1.00
2015.04.22 08:57:39.034,7.8159,7.8187,1.49,1.00
2015.04.22 08:57:39.136,7.8161,7.81896,1.00,1.19
2015.04.22 08:57:39.788,7.8159,7.81866,1.49,1.00
2015.04.22 08:57:40.092,7.81473,7.81715,1.00,1.00
2015.04.22 08:57:40.143,7.81463,7.81715,1.49,1.00
2015.04.22 08:57:40.245,7.81463,7.81715,1.30,1.19
2015.04.22 08:57:42.502,7.81463,7.8174,1.30,1.19
2015.04.22 08:57:43.128,7.81463,7.81711,1.30,1.00
2015.04.22 08:57:43.346,7.81431,7.81711,1.49,1.00
2015.04.22 08:57:43.606,7.81431,7.81711,1.30,1.19
2015.04.22 08:57:43.909,7.81431,7.81618,1.30,1.00
2015.04.22 08:57:44.011,7.8137,7.81618,1.30,1.19
2015.04.22 08:57:45.551,7.81332,7.81603,1.57,1.49
2015.04.22 08:57:46.016,7.81332,7.81603,1.57,1.49
2015.04.22 08:57:46.647,7.81342,7.81603,1.00,1.49
2015.04.22 08:57:47.449,7.81332,7.81603,1.57,1.49
2015.04.22 08:57:47.500,7.81332,7.81603,1.50,1.49
2015.04.22 08:57:47.662,7.81342,7.81603,1.00,1.49
2015.04.22 08:57:48.152,7.81352,7.81603,1.00,1.49
2015.04.22 08:57:48.453,7.81372,7.81603,1.00,1.30
2015.04.22 08:57:49.055,7.81392,7.81603,1.00,1.30
2015.04.22 08:57:49.308,7.81412,7.81652,1.00,1.37
2015.04.22 08:57:49.359,7.81423,7.81652,1.00,1.00
2015.04.22 08:57:49.410,7.81423,7.81667,1.00,1.56
2015.04.22 08:57:49.461,7.81433,7.81667,1.00,1.56
2015.04.22 08:57:49.882,7.81442,7.81667,1.00,1.49
2015.04.22 08:57:51.368,7.81463,7.81667,1.00,1.30
2015.04.22 08:57:51.419,7.81463,7.81681,1.00,1.19
2015.04.22 08:57:51.469,7.81472,7.81681,1.00,1.19
2015.04.22 08:57:51.659,7.81472,7.81713,1.00,1.75
2015.04.22 08:57:51.711,7.81502,7.81727,1.00,1.49
2015.04.22 08:57:51.813,7.81492,7.81727,1.00,1.49
2015.04.22 08:57:51.972,7.81502,7.81727,1.00,1.49
2015.04.22 08:57:53.546,7.81502,7.81727,1.00,1.49
2015.04.22 08:57:54.630,7.81502,7.81719,1.00,1.00
2015.04.22 08:57:55.096,7.81512,7.81719,1.00,1.00
2015.04.22 08:57:55.146,7.81512,7.81727,1.00,1.49
2015.04.22 08:57:55.197,7.81512,7.81727,1.37,1.49
2015.04.22 08:57:55.450,7.81502,7.81753,1.00,1.19
2015.04.22 08:57:55.502,7.81495,7.81753,1.30,1.19
2015.04.22 08:57:55.553,7.81495,7.81753,1.30,1.00
2015.04.22 08:57:55.604,7.81532,7.81753,1.00,1.00
2015.04.22 08:57:55.655,7.81569,7.81835,1.30,1.00
2015.04.22 08:57:55.756,7.81575,7.81861,1.00,1.19
2015.04.22 08:57:56.060,7.81637,7.81887,1.30,1.00
2015.04.22 08:58:01.048,7.81637,7.81908,1.30,1.19
2015.04.22 08:58:02.260,7.81637,7.81908,1.30,1.00
2015.04.22 08:58:03.143,7.81659,7.8193,1.00,1.49
2015.04.22 08:58:03.295,7.81659,7.8193,1.19,1.30
2015.04.22 08:58:03.446,7.81696,7.8193,1.00,1.30
2015.04.22 08:58:03.500,7.81696,7.81982,1.00,1.26
2015.04.22 08:58:04.437,7.81696,7.81982,1.00,1.94
2015.04.22 08:58:04.830,7.8167,7.81956,1.19,1.75
2015.04.22 08:58:05.102,7.81665,7.81931,1.30,1.94
2015.04.22 08:58:05.654,7.81671,7.81957,1.00,1.94
2015.04.22 08:58:05.763,7.81671,7.81957,1.00,1.94
2015.04.22 08:58:06.477,7.81709,7.81989,1.00,2.24
2015.04.22 08:58:06.528,7.81709,7.81989,1.00,2.24
2015.04.22 08:58:06.579,7.81732,7.82016,1.19,2.47
2015.04.22 08:58:06.629,7.81732,7.82016,1.19,2.10
2015.04.22 08:58:06.742,7.8179,7.82016,1.19,1.67
2015.04.22 08:58:06.894,7.8179,7.82075,1.19,2.05
2015.04.22 08:58:06.996,7.8179,7.82075,1.19,2.05
2015.04.22 08:58:07.097,7.8179,7.82075,1.00,1.56
2015.04.22 08:58:07.313,7.8179,7.82075,1.00,2.24
2015.04.22 08:58:07.515,7.8179,7.82075,1.00,1.86
2015.04.22 08:58:07.566,7.81815,7.82075,1.00,1.86
2015.04.22 08:58:08.856,7.81809,7.82076,1.30,1.19
2015.04.22 08:58:09.359,7.81814,7.82101,1.00,1.56
2015.04.22 08:58:09.624,7.81814,7.82101,1.00,1.56
2015.04.22 08:58:10.095,7.81814,7.82101,1.19,1.07
2015.04.22 08:58:10.297,7.8184,7.82126,1.00,1.31
2015.04.22 08:58:10.499,7.81852,7.82126,1.00,1.31
2015.04.22 08:58:10.812,7.81882,7.82158,1.49,1.37
2015.04.22 08:58:11.116,7.81931,7.82206,1.00,1.86
2015.04.22 08:58:11.637,7.81952,7.82217,1.30,1.26
2015.04.22 08:58:11.840,7.81955,7.82242,1.00,1.94
2015.04.22 08:58:11.991,7.81952,7.82181,1.30,1.00
2015.04.22 08:58:12.143,7.81933,7.82181,1.30,1.26
2015.04.22 08:58:12.194,7.81895,7.82181,1.00,1.26
2015.04.22 08:58:12.387,7.81895,7.82181,1.00,1.56
2015.04.22 08:58:13.595,7.81895,7.82181,1.00,1.94
2015.04.22 08:58:13.906,7.81893,7.82152,1.30,1.75
2015.04.22 08:58:17.962,7.81893,7.82152,1.30,1.26
2015.04.22 08:58:18.359,7.81899,7.82185,1.00,1.94
2015.04.22 08:58:18.461,7.81899,7.82185,1.31,1.75
2015.04.22 08:58:18.562,7.81925,7.82211,1.00,1.26
2015.04.22 08:58:19.253,7.81957,7.82211,1.30,1.26
2015.04.22 08:58:19.670,7.81937,7.82178,1.30,1.00
2015.04.22 08:58:19.721,7.81893,7.82178,1.56,1.00
2015.04.22 08:58:19.872,7.81893,7.82178,1.49,1.00
2015.04.22 08:58:20.095,7.81893,7.82178,1.49,1.07
2015.04.22 08:58:20.474,7.81933,7.82217,1.00,2.05
2015.04.22 08:58:20.707,7.81909,7.82195,1.19,1.00
2015.04.22 08:58:21.062,7.81909,7.82195,1.19,1.37
2015.04.22 08:58:21.946,7.81909,7.82195,1.19,1.00
2015.04.22 08:58:22.977,7.81909,7.82195,1.19,1.00
2015.04.22 08:58:25.141,7.81909,7.82195,1.19,1.00
2015.04.22 08:58:25.589,7.81895,7.82181,1.26,1.00
2015.04.22 08:58:28.250,7.81895,7.82181,1.26,1.00
2015.04.22 08:58:30.279,7.8192,7.82206,1.19,1.00
2015.04.22 08:58:30.483,7.81893,7.82155,1.56,1.00
2015.04.22 08:58:30.635,7.81893,7.82155,1.49,1.00
2015.04.22 08:58:30.787,7.81894,7.8218,1.19,1.00
2015.04.22 08:58:30.888,7.8192,7.82203,1.00,1.19
2015.04.22 08:58:31.197,7.81893,7.82177,1.49,1.00
2015.04.22 08:58:32.184,7.81894,7.8218,1.19,1.00
2015.04.22 08:58:32.285,7.81893,7.82155,1.49,1.00
2015.04.22 08:58:32.489,7.81897,7.82183,1.00,1.19
2015.04.22 08:58:32.590,7.81897,7.82183,1.19,1.00
2015.04.22 08:58:32.909,7.81922,7.82208,1.00,1.19
2015.04.22 08:58:33.937,7.81896,7.82182,1.19,1.00
2015.04.22 08:58:34.571,7.81896,7.82182,1.19,1.00
2015.04.22 08:58:34.915,7.81924,7.8221,1.00,1.19
2015.04.22 08:58:35.733,7.81952,7.8221,1.30,1.19
2015.04.22 08:58:35.906,7.81952,7.82237,1.30,1.19
2015.04.22 08:58:36.007,7.81952,7.82237,1.49,1.00
2015.04.22 08:58:36.108,7.81976,7.82262,1.19,1.00
2015.04.22 08:58:36.412,7.82005,7.82277,1.00,1.49
2015.04.22 08:58:36.843,7.82015,7.82289,1.30,1.19
2015.04.22 08:58:38.081,7.82015,7.82289,1.30,1.19
2015.04.22 08:58:39.033,7.82015,7.8224,1.30,1.19
2015.04.22 08:58:39.134,7.81956,7.8224,1.07,1.19
2015.04.22 08:58:39.236,7.81956,7.8224,1.00,1.19
2015.04.22 08:58:39.837,7.81949,7.82175,1.30,1.19
2015.04.22 08:58:39.938,7.81917,7.82198,1.37,1.19
2015.04.22 08:58:39.989,7.81917,7.82198,1.00,1.19
2015.04.22 08:58:40.041,7.81891,7.82177,1.00,1.19
2015.04.22 08:58:40.344,7.81917,7.82203,1.00,1.19
2015.04.22 08:58:41.773,7.81947,7.82203,1.30,1.19
2015.04.22 08:58:41.897,7.81947,7.82203,1.30,1.00
2015.04.22 08:58:42.049,7.81948,7.82234,1.00,1.19
2015.04.22 08:58:42.100,7.81948,7.82234,1.19,1.00
2015.04.22 08:58:43.644,7.81986,7.82234,1.30,1.00
2015.04.22 08:58:43.745,7.82006,7.8226,1.30,1.19
2015.04.22 08:58:44.235,7.82006,7.8226,1.30,1.19
2015.04.22 08:58:45.858,7.8196,7.82236,1.00,1.30
2015.04.22 08:58:46.311,7.8196,7.82236,1.00,1.49
2015.04.22 08:58:46.547,7.81945,7.8222,1.30,1.19
2015.04.22 08:58:46.723,7.81945,7.8218,1.30,1.19
2015.04.22 08:58:47.705,7.81894,7.82176,1.00,1.49
2015.04.22 08:58:48.151,7.81924,7.82176,1.00,1.49
2015.04.22 08:58:48.452,7.81924,7.82176,1.19,1.30
2015.04.22 08:58:48.553,7.81944,7.8221,1.30,1.00
2015.04.22 08:58:48.967,7.81944,7.82179,1.30,1.00
2015.04.22 08:58:50.048,7.81944,7.82179,1.30,1.19
2015.04.22 08:58:50.200,7.81893,7.82179,1.75,1.91
2015.04.22 08:58:51.174,7.81893,7.82179,1.00,1.91
2015.04.22 08:58:51.547,7.81955,7.82179,1.00,1.30
2015.04.22 08:58:51.598,7.81955,7.82215,1.00,1.26
2015.04.22 08:58:51.750,7.81944,7.82214,1.30,1.19
2015.04.22 08:58:51.852,7.81944,7.82214,1.67,1.19
2015.04.22 08:58:52.170,7.81922,7.82157,1.00,1.19
2015.04.22 08:58:52.294,7.81883,7.82157,1.67,1.19
2015.04.22 08:58:52.496,7.81883,7.82157,1.67,1.19
2015.04.22 08:58:52.978,7.81883,7.82157,1.67,1.19
2015.04.22 08:58:53.366,7.81883,7.82157,1.67,1.00
2015.04.22 08:58:53.521,7.81883,7.82157,1.67,1.00
2015.04.22 08:58:53.623,7.81883,7.82157,1.67,1.00
2015.04.22 08:58:53.724,7.81883,7.82157,1.30,1.00
2015.04.22 08:58:54.186,7.81883,7.82157,1.67,1.00
2015.04.22 08:58:55.040,7.81883,7.82157,2.05,1.00
2015.04.22 08:58:55.294,7.81883,7.82157,1.30,1.00
2015.04.22 08:58:55.346,7.81899,7.82177,1.00,1.30
2015.04.22 08:58:55.398,7.81947,7.82185,1.30,1.00
2015.04.22 08:58:55.449,7.81947,7.8221,1.30,1.00
2015.04.22 08:58:56.835,7.81947,7.82164,1.30,1.00
2015.04.22 08:58:56.990,7.81888,7.82138,1.30,1.00
2015.04.22 08:58:58.088,7.81888,7.82107,1.30,1.00
2015.04.22 08:58:59.856,7.81888,7.82133,1.30,1.00
2015.04.22 08:59:01.378,7.81893,7.82161,1.00,1.00
2015.04.22 08:59:01.530,7.82047,7.82161,2.10,1.00
2015.04.22 08:59:01.580,7.82096,7.82181,1.60,1.30
2015.04.22 08:59:01.631,7.82096,7.82288,1.60,1.60
2015.04.22 08:59:01.682,7.82127,7.82288,1.75,1.60
2015.04.22 08:59:01.783,7.8222,7.82473,1.00,1.30
2015.04.22 08:59:01.834,7.8225,7.82478,1.30,1.00
2015.04.22 08:59:01.885,7.8225,7.82498,1.30,1.00
2015.04.22 08:59:01.987,7.82271,7.82498,1.75,1.00
2015.04.22 08:59:02.541,7.82271,7.82488,1.37,1.00
2015.04.22 08:59:02.643,7.82271,7.82508,1.37,1.00
2015.04.22 08:59:02.744,7.82271,7.82508,1.75,1.00
2015.04.22 08:59:03.132,7.82271,7.82508,1.75,1.00
2015.04.22 08:59:03.968,7.82271,7.82527,1.75,1.00
2015.04.22 08:59:04.596,7.82271,7.82517,1.75,1.00
2015.04.22 08:59:04.907,7.82271,7.82517,1.75,1.00
2015.04.22 08:59:05.381,7.82271,7.82543,1.75,1.30
2015.04.22 08:59:05.482,7.82271,7.82543,1.00,2.05
2015.04.22 08:59:05.687,7.8225,7.8253,1.30,1.75
2015.04.22 08:59:05.738,7.8225,7.8253,1.30,1.75
2015.04.22 08:59:07.687,7.8225,7.8245,1.30,1.00
2015.04.22 08:59:07.738,7.82186,7.8245,1.30,1.00
2015.04.22 08:59:07.895,7.82186,7.8245,1.30,1.75
2015.04.22 08:59:08.386,7.82209,7.82477,1.00,2.05
2015.04.22 08:59:08.487,7.82211,7.82477,1.00,1.67
2015.04.22 08:59:08.661,7.82244,7.82495,1.30,1.75
2015.04.22 08:59:10.411,7.82174,7.82456,1.30,1.07
2015.04.22 08:59:10.563,7.82174,7.82456,1.30,1.50
2015.04.22 08:59:11.205,7.82174,7.82432,1.30,1.75
2015.04.22 08:59:15.080,7.82174,7.82432,1.30,1.00
2015.04.22 08:59:15.131,7.82145,7.82432,1.00,1.00
2015.04.22 08:59:15.182,7.82167,7.82432,1.00,1.00
2015.04.22 08:59:15.406,7.82173,7.82459,1.00,1.00
2015.04.22 08:59:15.696,7.82199,7.82485,1.00,1.07
2015.04.22 08:59:15.848,7.82199,7.82485,1.00,1.00
2015.04.22 08:59:18.519,7.82224,7.8251,1.00,1.00
2015.04.22 08:59:19.425,7.82252,7.82536,1.00,1.00
2015.04.22 08:59:21.078,7.82471,7.82603,1.35,1.37
2015.04.22 08:59:21.229,7.82498,7.82658,1.75,1.60
2015.04.22 08:59:21.330,7.82526,7.8268,1.75,1.00
2015.04.22 08:59:21.381,7.82526,7.82804,1.00,1.12
2015.04.22 08:59:21.432,7.82526,7.82799,1.00,1.12
2015.04.22 08:59:21.584,7.82346,7.82632,1.00,1.00
2015.04.22 08:59:21.686,7.82293,7.82567,1.60,1.00
2015.04.22 08:59:21.994,7.8234,7.82623,1.00,1.12
2015.04.22 08:59:22.312,7.82364,7.8265,1.00,1.75
2015.04.22 08:59:22.726,7.82339,7.82623,1.00,1.12
2015.04.22 08:59:23.579,7.82363,7.82649,1.00,1.75
2015.04.22 08:59:23.630,7.82363,7.82649,1.00,1.00
2015.04.22 08:59:24.620,7.82342,7.82622,1.00,1.00
2015.04.22 08:59:24.721,7.82363,7.82649,1.00,1.00
2015.04.22 08:59:25.150,7.82548,7.82788,1.75,2.54
2015.04.22 08:59:25.201,7.82604,7.82788,1.00,1.60
2015.04.22 08:59:25.302,7.82604,7.82888,1.00,1.75
2015.04.22 08:59:25.404,7.82574,7.8286,1.00,1.75
2015.04.22 08:59:25.506,7.82547,7.82833,1.00,1.75
2015.04.22 08:59:25.607,7.82487,7.82773,1.00,1.75
2015.04.22 08:59:25.708,7.8245,7.82736,1.00,1.07
2015.04.22 08:59:25.759,7.8245,7.82736,1.00,1.75
2015.04.22 08:59:25.934,7.8245,7.82736,1.00,1.75
2015.04.22 08:59:26.685,7.82415,7.82701,1.00,1.37
2015.04.22 08:59:26.837,7.82415,7.82701,1.00,1.75
2015.04.22 08:59:26.888,7.82389,7.82675,1.00,1.75
2015.04.22 08:59:26.939,7.82389,7.82675,1.00,1.75
2015.04.22 08:59:28.787,7.82364,7.8265,1.00,1.75
2015.04.22 08:59:28.888,7.82352,7.82625,1.00,1.07
2015.04.22 08:59:28.940,7.82342,7.82625,1.00,1.07
2015.04.22 08:59:29.041,7.82339,7.82625,1.00,1.07
2015.04.22 08:59:29.373,7.82339,7.82625,1.00,1.26
2015.04.22 08:59:29.675,7.82492,7.82779,1.75,1.82
2015.04.22 08:59:29.827,7.82529,7.82815,1.75,1.82
2015.04.22 08:59:30.334,7.82529,7.82805,1.75,1.12
2015.04.22 08:59:30.646,7.82529,7.82815,1.75,1.75
2015.04.22 08:59:31.673,7.82529,7.82815,1.75,1.75
2015.04.22 08:59:32.016,7.82604,7.82858,1.75,1.94
2015.04.22 08:59:32.117,7.82604,7.82869,1.94,1.12
2015.04.22 08:59:32.471,7.82604,7.82869,1.94,1.12
2015.04.22 08:59:32.522,7.82604,7.82881,1.94,1.12
2015.04.22 08:59:32.775,7.82604,7.8289,1.94,1.50
2015.04.22 08:59:32.826,7.82604,7.8289,1.94,1.50
2015.04.22 08:59:33.129,7.82631,7.82917,1.75,1.94
2015.04.22 08:59:33.965,7.82639,7.82917,1.12,1.56
2015.04.22 08:59:34.070,7.82642,7.82917,1.01,1.37
2015.04.22 08:59:34.581,7.82731,7.82917,1.30,1.37
2015.04.22 08:59:35.724,7.82731,7.82918,1.30,1.37
2015.04.22 08:59:35.876,7.82731,7.82927,1.30,1.45
2015.04.22 08:59:35.988,7.82731,7.82929,1.30,1.31
2015.04.22 08:59:36.187,7.82731,7.82942,1.30,1.75
2015.04.22 08:59:36.405,7.82731,7.82948,1.30,1.12
2015.04.22 08:59:38.045,7.82731,7.82968,1.30,2.44
2015.04.22 08:59:38.799,7.82731,7.82958,1.30,1.31
2015.04.22 08:59:39.103,7.82731,7.82907,1.30,1.00
2015.04.22 08:59:39.204,7.82855,7.83096,1.00,1.35
2015.04.22 08:59:39.255,7.82824,7.83096,1.07,1.30
2015.04.22 08:59:39.306,7.82868,7.83189,1.25,1.00
2015.04.22 08:59:39.356,7.82868,7.83189,1.62,1.00
2015.04.22 08:59:39.659,7.82896,7.83219,1.94,1.19
2015.04.22 08:59:40.202,7.82896,7.83219,1.75,1.19
2015.04.22 08:59:40.454,7.82915,7.83219,1.12,1.94
2015.04.22 08:59:40.606,7.82925,7.83219,1.12,1.75
2015.04.22 08:59:40.707,7.82926,7.83189,1.31,1.00
2015.04.22 08:59:40.758,7.8295,7.83248,1.31,1.00
2015.04.22 08:59:40.809,7.8298,7.8334,1.56,1.94
2015.04.22 08:59:40.860,7.8298,7.8334,1.56,1.19
2015.04.22 08:59:40.911,7.83019,7.83348,1.94,1.79
2015.04.22 08:59:41.113,7.83052,7.8345,1.94,1.19
2015.04.22 08:59:42.110,7.83052,7.8345,1.19,1.10
2015.04.22 08:59:42.261,7.83052,7.8345,1.94,1.00
2015.04.22 08:59:42.428,7.83132,7.8353,1.19,1.00
2015.04.22 08:59:42.529,7.83172,7.8357,1.00,1.00
2015.04.22 08:59:42.630,7.83172,7.83607,1.19,1.00
2015.04.22 08:59:42.732,7.83219,7.83654,1.56,1.25
2015.04.22 08:59:43.326,7.83269,7.83656,1.00,1.49
2015.04.22 08:59:45.051,7.83269,7.83656,1.19,1.30
2015.04.22 08:59:47.111,7.83269,7.83656,1.00,1.30
2015.04.22 08:59:47.443,7.83269,7.83704,1.00,1.19
2015.04.22 08:59:49.163,7.83269,7.83704,1.19,1.19
2015.04.22 08:59:49.677,7.83287,7.83722,1.00,1.19
2015.04.22 08:59:50.573,7.8333,7.83765,1.00,1.19
2015.04.22 08:59:50.880,7.8337,7.83787,1.00,1.49
2015.04.22 08:59:50.931,7.8337,7.83787,1.00,1.49
2015.04.22 08:59:51.775,7.8337,7.83787,1.19,1.49
2015.04.22 08:59:51.876,7.8341,7.83787,1.00,1.49
2015.04.22 08:59:53.731,7.8341,7.83845,1.00,1.19
2015.04.22 08:59:54.039,7.83519,7.83913,1.00,1.49
2015.04.22 08:59:55.837,7.83828,7.84148,1.00,1.94
2015.04.22 08:59:55.888,7.83828,7.84093,1.00,1.46
2015.04.22 08:59:55.939,7.84179,7.84261,1.00,4.24
2015.04.22 08:59:55.991,7.84179,7.84304,1.00,0.75
2015.04.22 08:59:56.092,7.84213,7.84587,1.94,1.00
2015.04.22 08:59:56.144,7.84213,7.84587,1.94,1.00
2015.04.22 08:59:56.195,7.84213,7.84597,1.94,1.07
2015.04.22 08:59:56.246,7.84213,7.84597,1.94,1.07
2015.04.22 08:59:56.549,7.84222,7.84608,1.50,1.75
2015.04.22 08:59:56.600,7.84222,7.84608,1.00,1.75
2015.04.22 08:59:56.701,7.84135,7.84728,1.00,1.31
2015.04.22 08:59:56.752,7.84135,7.84659,1.00,1.94
2015.04.22 08:59:56.802,7.84064,7.84659,1.00,1.94
2015.04.22 08:59:56.853,7.84064,7.84511,1.00,1.31
2015.04.22 08:59:57.105,7.8394,7.84399,1.00,1.94
2015.04.22 08:59:57.257,7.83772,7.84337,1.75,1.94
2015.04.22 08:59:57.358,7.83721,7.84283,1.01,1.19
2015.04.22 08:59:57.463,7.83721,7.84227,1.01,1.19
2015.04.22 08:59:57.879,7.83683,7.84227,1.12,1.19
2015.04.22 08:59:57.980,7.83728,7.84293,1.75,1.94
2015.04.22 08:59:58.298,7.83728,7.84293,1.75,1.94
2015.04.22 08:59:58.844,7.83728,7.84293,1.00,1.94
