2017.04.05 20:00:00.564,8.5982,8.59952,1.00,1.00
2017.04.05 20:00:03.332,8.59847,8.59973,1.00,1.00
2017.04.05 20:00:03.383,8.59847,8.59981,1.00,1.00
2017.04.05 20:00:03.485,8.59847,8.59973,1.00,1.00
2017.04.05 20:00:03.637,8.59832,8.59964,1.00,1.00
2017.04.05 20:00:04.728,8.59832,8.59947,1.00,1.00
2017.04.05 20:00:04.780,8.59799,8.59928,1.00,1.00
2017.04.05 20:00:04.831,8.59784,8.59915,1.00,1.00
2017.04.05 20:00:05.033,8.59763,8.59891,1.00,1.00
2017.04.05 20:00:05.084,8.59758,8.59891,1.00,1.00
2017.04.05 20:00:06.345,8.59743,8.59874,1.00,1.00
2017.04.05 20:00:07.459,8.59743,8.59871,1.00,1.00
2017.04.05 20:00:07.565,8.59725,8.59859,1.00,1.00
2017.04.05 20:00:07.969,8.59745,8.59878,1.00,1.00
2017.04.05 20:00:08.070,8.59761,8.59895,1.00,1.00
2017.04.05 20:00:08.615,8.59761,8.59894,1.00,1.00
2017.04.05 20:00:08.998,8.59761,8.59889,1.00,1.00
2017.04.05 20:00:09.623,8.59761,8.59894,1.00,1.00
2017.04.05 20:00:11.127,8.59761,8.59889,1.00,1.00
2017.04.05 20:00:11.242,8.59742,8.59874,1.00,1.00
2017.04.05 20:00:11.646,8.59721,8.59849,1.00,1.00
2017.04.05 20:00:11.774,8.59733,8.59867,1.00,1.00
2017.04.05 20:00:11.876,8.59718,8.59849,1.00,1.00
2017.04.05 20:00:12.199,8.59741,8.59875,1.00,1.00
2017.04.05 20:00:12.758,8.59757,8.59891,1.00,1.00
2017.04.05 20:00:14.564,8.59774,8.59906,1.00,1.00
2017.04.05 20:00:14.665,8.59755,8.59889,1.00,1.00
2017.04.05 20:00:14.766,8.59773,8.59907,1.00,1.00
2017.04.05 20:00:15.996,8.59741,8.59875,1.00,1.00
2017.04.05 20:00:18.342,8.59741,8.5987,1.00,1.00
2017.04.05 20:00:18.393,8.59717,8.5985,1.00,1.00
2017.04.05 20:00:18.610,8.59733,8.59867,1.00,1.00
2017.04.05 20:00:21.595,8.59733,8.59859,1.00,1.00
2017.04.05 20:00:21.696,8.59701,8.59834,1.00,1.00
2017.04.05 20:00:22.178,8.59685,8.59818,1.00,1.00
2017.04.05 20:00:23.823,8.59669,8.59802,1.00,1.00
2017.04.05 20:00:24.124,8.59685,8.59818,1.00,1.00
2017.04.05 20:00:25.092,8.59701,8.59834,1.00,1.00
2017.04.05 20:00:30.008,8.59677,8.5981,1.00,1.00
2017.04.05 20:00:30.703,8.59701,8.5983,1.00,1.00
2017.04.05 20:00:30.754,8.59701,8.59834,1.00,1.00
2017.04.05 20:00:32.696,8.59731,8.59854,1.00,1.00
2017.04.05 20:00:32.747,8.59731,8.59864,1.00,1.00
2017.04.05 20:00:32.798,8.59711,8.5984,1.00,1.00
2017.04.05 20:00:32.848,8.59706,8.5984,1.00,1.00
2017.04.05 20:00:33.921,8.59706,8.59836,1.00,1.00
2017.04.05 20:00:34.175,8.59674,8.59808,1.00,1.00
2017.04.05 20:00:37.931,8.5969,8.59824,1.00,1.00
2017.04.05 20:00:38.234,8.59731,8.59861,1.00,1.00
2017.04.05 20:00:38.286,8.59731,8.59872,1.00,1.00
2017.04.05 20:00:38.337,8.59747,8.59873,1.00,1.00
2017.04.05 20:00:39.272,8.59747,8.59874,1.00,1.00
2017.04.05 20:00:39.951,8.59747,8.59876,1.00,1.00
2017.04.05 20:00:40.569,8.59747,8.59865,1.00,1.00
2017.04.05 20:00:40.620,8.59731,8.59864,1.00,1.00
2017.04.05 20:00:41.025,8.59731,8.59859,1.00,1.00
2017.04.05 20:00:41.923,8.59731,8.59852,1.00,1.00
2017.04.05 20:00:43.910,8.59731,8.59859,1.00,1.00
2017.04.05 20:00:44.011,8.59731,8.59864,1.00,1.50
2017.04.05 20:00:44.878,8.59731,8.59859,1.00,1.00
2017.04.05 20:00:45.302,8.59731,8.59851,1.00,1.00
2017.04.05 20:00:45.470,8.59731,8.59862,1.00,1.00
2017.04.05 20:00:48.696,8.59731,8.5984,1.00,1.00
2017.04.05 20:00:48.747,8.59711,8.59848,1.00,1.00
2017.04.05 20:00:48.798,8.59706,8.59848,1.00,1.00
2017.04.05 20:00:49.677,8.59731,8.59864,1.00,1.00
2017.04.05 20:00:50.403,8.59731,8.59862,1.00,1.00
2017.04.05 20:00:50.709,8.59731,8.59854,1.00,1.00
2017.04.05 20:00:51.632,8.59731,8.59849,1.00,1.00
2017.04.05 20:00:51.684,8.59714,8.59846,1.00,1.00
2017.04.05 20:00:52.622,8.59714,8.59845,1.00,1.00
2017.04.05 20:00:54.936,8.59714,8.59836,1.00,1.00
2017.04.05 20:00:54.987,8.59689,8.59831,1.00,1.00
2017.04.05 20:00:55.088,8.59705,8.59839,1.00,1.00
2017.04.05 20:00:56.034,8.59705,8.59837,1.00,1.00
2017.04.05 20:00:56.085,8.59689,8.59823,1.00,1.00
2017.04.05 20:00:56.405,8.59713,8.59847,1.00,1.00
2017.04.05 20:00:59.287,8.59729,8.59863,1.00,1.00
2017.04.05 20:00:59.599,8.59714,8.59846,1.00,1.00
2017.04.05 20:01:00.905,8.59714,8.59842,1.00,1.00
2017.04.05 20:01:01.308,8.59714,8.5983,1.00,1.00
2017.04.05 20:01:02.841,8.59714,8.59837,1.00,1.00
2017.04.05 20:01:02.892,8.59689,8.59823,1.00,1.00
2017.04.05 20:01:04.974,8.59674,8.59805,1.00,1.00
2017.04.05 20:01:05.455,8.59674,8.59801,1.00,1.00
2017.04.05 20:01:05.630,8.59657,8.5979,1.00,1.00
2017.04.05 20:01:24.932,8.59633,8.59766,1.00,1.00
2017.04.05 20:01:27.529,8.59617,8.5975,1.00,1.00
2017.04.05 20:01:27.832,8.59567,8.59688,1.00,1.00
2017.04.05 20:01:27.986,8.59552,8.59684,1.00,1.00
2017.04.05 20:01:28.500,8.59552,8.59681,1.00,1.00
2017.04.05 20:01:28.602,8.59533,8.59667,1.00,1.00
2017.04.05 20:01:29.248,8.59549,8.59683,1.00,1.00
2017.04.05 20:01:29.551,8.59574,8.59707,1.00,1.00
2017.04.05 20:01:32.554,8.59574,8.59705,1.00,1.00
2017.04.05 20:01:32.656,8.59545,8.59679,1.00,1.00
2017.04.05 20:01:33.637,8.59569,8.59703,1.00,1.00
2017.04.05 20:01:34.647,8.59593,8.59727,1.00,1.00
2017.04.05 20:01:34.966,8.59577,8.5971,1.00,1.00
2017.04.05 20:01:42.143,8.59601,8.5973,1.00,1.00
2017.04.05 20:01:42.194,8.59601,8.59734,1.00,1.00
2017.04.05 20:01:42.715,8.59601,8.59715,1.00,1.00
2017.04.05 20:01:42.766,8.59568,8.59702,1.00,1.00
2017.04.05 20:01:44.784,8.59593,8.59726,1.00,1.00
2017.04.05 20:01:51.763,8.59621,8.59745,1.00,1.00
2017.04.05 20:01:51.814,8.59621,8.5975,1.00,1.00
2017.04.05 20:01:52.067,8.59621,8.59752,1.00,1.00
2017.04.05 20:01:54.859,8.59637,8.5977,1.00,1.00
2017.04.05 20:01:58.881,8.59637,8.59762,1.00,1.00
2017.04.05 20:01:59.136,8.59556,8.5969,1.00,1.00
2017.04.05 20:02:01.606,8.59573,8.59707,1.00,1.00
2017.04.05 20:02:02.386,8.59589,8.59723,1.00,1.00
2017.04.05 20:02:04.873,8.59605,8.59737,1.00,1.00
2017.04.05 20:02:04.924,8.59605,8.59739,1.00,1.00
2017.04.05 20:02:05.467,8.59605,8.59738,1.00,1.00
2017.04.05 20:02:06.269,8.59605,8.59739,1.00,1.00
2017.04.05 20:02:12.810,8.59627,8.59757,1.00,1.00
2017.04.05 20:02:13.012,8.59603,8.59736,1.00,1.00
2017.04.05 20:02:14.930,8.59619,8.59752,1.00,1.00
2017.04.05 20:02:19.931,8.59619,8.59741,1.00,1.00
2017.04.05 20:02:20.032,8.59595,8.59728,1.00,1.00
2017.04.05 20:02:22.059,8.59595,8.59722,1.00,1.00
2017.04.05 20:02:22.110,8.59575,8.59704,1.00,1.00
2017.04.05 20:02:22.161,8.59571,8.59704,1.00,1.00
2017.04.05 20:02:24.632,8.59555,8.59688,1.00,1.00
2017.04.05 20:02:25.666,8.59571,8.59704,1.00,1.00
2017.04.05 20:02:26.000,8.59604,8.59735,1.00,1.00
2017.04.05 20:02:39.358,8.59629,8.59763,1.00,1.00
2017.04.05 20:02:44.769,8.59648,8.59781,1.00,1.00
2017.04.05 20:03:05.024,8.59668,8.598,1.00,1.00
2017.04.05 20:03:09.201,8.59668,8.59776,1.00,1.00
2017.04.05 20:03:09.353,8.59628,8.5976,1.00,1.00
2017.04.05 20:03:09.454,8.59637,8.5976,1.00,1.00
2017.04.05 20:03:09.585,8.59651,8.59781,1.00,1.00
2017.04.05 20:03:09.636,8.59724,8.59857,1.00,1.00
2017.04.05 20:03:09.737,8.5974,8.59874,1.00,1.00
2017.04.05 20:03:09.838,8.59756,8.59877,1.00,1.00
2017.04.05 20:03:09.940,8.59756,8.5989,1.00,1.00
2017.04.05 20:03:13.624,8.59764,8.59898,1.00,1.50
2017.04.05 20:03:14.749,8.59789,8.59921,1.00,1.00
2017.04.05 20:03:15.570,8.59812,8.59946,1.00,1.00
2017.04.05 20:03:15.773,8.59828,8.59962,1.00,1.00
2017.04.05 20:03:25.970,8.59845,8.59978,1.00,1.00
2017.04.05 20:03:34.081,8.59885,8.60001,1.00,1.00
2017.04.05 20:03:34.182,8.59847,8.5998,1.00,1.00
2017.04.05 20:03:42.481,8.59866,8.6,1.00,1.00
2017.04.05 20:03:45.001,8.59851,8.59982,1.00,1.00
2017.04.05 20:03:48.927,8.59834,8.59967,1.00,1.00
2017.04.05 20:03:50.187,8.59872,8.59983,1.00,1.00
2017.04.05 20:03:50.237,8.59868,8.59983,1.00,1.00
2017.04.05 20:03:50.289,8.59964,8.60043,1.00,1.00
2017.04.05 20:03:50.390,8.59964,8.60062,1.00,1.00
2017.04.05 20:03:50.441,8.59964,8.60095,1.00,1.00
2017.04.05 20:03:50.593,8.59978,8.60112,1.00,1.00
2017.04.05 20:04:10.307,8.59988,8.60112,1.00,1.00
2017.04.05 20:04:10.615,8.6004,8.60129,1.00,1.00
2017.04.05 20:04:10.667,8.6004,8.60174,1.00,1.00
2017.04.05 20:04:10.773,8.60022,8.60156,1.00,1.00
2017.04.05 20:04:12.413,8.60022,8.60155,1.00,1.00
2017.04.05 20:04:12.463,8.60001,8.60135,1.00,1.00
2017.04.05 20:04:23.992,8.60009,8.60135,1.00,1.00
2017.04.05 20:04:24.043,8.60025,8.60159,1.00,1.00
2017.04.05 20:04:24.145,8.60041,8.60175,1.00,1.00
2017.04.05 20:04:41.512,8.60027,8.60161,1.00,1.00
2017.04.05 20:05:00.218,8.60011,8.60145,1.00,1.00
2017.04.05 20:05:25.050,8.59999,8.60131,1.00,1.00
2017.04.05 20:05:36.808,8.60015,8.60149,1.00,1.00
2017.04.05 20:05:44.602,8.59999,8.60133,1.00,1.00
2017.04.05 20:06:04.915,8.59996,8.60127,1.00,1.00
2017.04.05 20:06:24.944,8.59995,8.60128,1.00,1.00
2017.04.05 20:07:02.125,8.59978,8.60111,1.00,1.00
2017.04.05 20:07:18.464,8.59992,8.60124,1.00,1.00
2017.04.05 20:07:33.058,8.60008,8.60141,1.00,1.00
2017.04.05 20:07:33.977,8.60025,8.60156,1.00,1.00
2017.04.05 20:07:50.086,8.60043,8.60177,1.00,1.50
2017.04.05 20:07:55.002,8.60026,8.60157,1.00,1.00
2017.04.05 20:08:11.115,8.60031,8.60165,1.00,1.00
2017.04.05 20:08:13.363,8.60015,8.60149,1.00,1.00
2017.04.05 20:08:28.968,8.60015,8.60143,1.00,1.00
2017.04.05 20:08:29.070,8.59991,8.60124,1.00,1.00
2017.04.05 20:08:34.275,8.5997,8.60102,1.00,1.00
2017.04.05 20:08:38.279,8.5999,8.60123,1.00,1.50
2017.04.05 20:08:42.670,8.5997,8.60104,1.50,1.00
2017.04.05 20:08:46.282,8.59986,8.6012,1.00,1.00
2017.04.05 20:08:57.933,8.60011,8.60139,1.00,1.00
2017.04.05 20:08:57.984,8.60011,8.60145,1.00,1.00
2017.04.05 20:09:03.866,8.60028,8.60161,1.00,1.00
2017.04.05 20:09:04.118,8.60011,8.60145,1.00,1.00
2017.04.05 20:09:07.371,8.60032,8.60163,1.00,1.00
2017.04.05 20:09:10.650,8.60055,8.60189,1.00,1.00
2017.04.05 20:09:10.751,8.60075,8.60209,1.00,1.00
2017.04.05 20:09:11.823,8.60075,8.60207,1.00,1.00
2017.04.05 20:09:11.873,8.60059,8.60192,1.00,1.00
2017.04.05 20:09:15.557,8.60043,8.60176,1.00,1.00
2017.04.05 20:09:26.994,8.60064,8.60197,1.00,1.00
2017.04.05 20:09:33.417,8.60076,8.60201,1.00,1.00
2017.04.05 20:09:33.979,8.60076,8.60216,1.00,1.00
2017.04.05 20:09:35.483,8.60077,8.60216,1.00,1.00
2017.04.05 20:09:36.436,8.60077,8.60217,1.00,1.00
2017.04.05 20:09:37.193,8.60076,8.60217,1.00,1.00
2017.04.05 20:09:38.326,8.60077,8.60209,1.00,1.00
2017.04.05 20:09:42.113,8.60092,8.60226,1.00,1.00
2017.04.05 20:09:43.428,8.60076,8.6021,1.00,1.00
2017.04.05 20:09:54.971,8.60076,8.60206,1.00,1.00
2017.04.05 20:09:55.190,8.60061,8.60195,1.00,1.00
2017.04.05 20:09:57.756,8.60045,8.60179,1.00,1.00
2017.04.05 20:09:58.305,8.60061,8.60195,1.00,1.00
2017.04.05 20:10:07.977,8.60045,8.60179,1.00,1.00
2017.04.05 20:10:16.000,8.60074,8.60206,1.00,1.00
2017.04.05 20:10:16.196,8.60033,8.60167,1.00,1.00
2017.04.05 20:10:16.297,8.6,8.60134,1.00,1.00
2017.04.05 20:10:20.190,8.59984,8.60117,1.00,1.00
2017.04.05 20:10:29.137,8.60017,8.60149,1.00,1.00
2017.04.05 20:10:29.601,8.60041,8.60173,1.00,1.00
2017.04.05 20:10:44.918,8.60032,8.60166,1.00,1.00
2017.04.05 20:10:47.263,8.60056,8.6019,1.00,1.00
2017.04.05 20:10:47.736,8.6004,8.60174,1.00,1.00
2017.04.05 20:10:54.068,8.60056,8.6019,1.00,1.00
2017.04.05 20:11:02.058,8.60032,8.60166,1.00,1.00
2017.04.05 20:11:02.361,8.60064,8.60198,1.00,1.00
2017.04.05 20:11:05.401,8.60049,8.60181,1.00,1.00
2017.04.05 20:11:09.975,8.60064,8.60198,1.00,1.00
2017.04.05 20:11:16.211,8.6009,8.60223,1.00,1.00
2017.04.05 20:11:16.514,8.60106,8.60239,1.00,1.00
2017.04.05 20:11:22.072,8.60089,8.60223,1.00,1.00
2017.04.05 20:11:32.110,8.60093,8.60223,1.00,1.00
2017.04.05 20:11:32.160,8.60113,8.60247,1.00,1.00
2017.04.05 20:11:32.616,8.60113,8.60234,1.00,1.00
2017.04.05 20:11:32.667,8.60092,8.60224,1.00,1.00
2017.04.05 20:11:36.637,8.60108,8.60241,1.00,1.00
2017.04.05 20:11:39.464,8.60091,8.60225,1.00,1.00
2017.04.05 20:12:04.882,8.60092,8.60226,1.00,1.00
2017.04.05 20:12:10.608,8.60076,8.6021,1.00,1.00
2017.04.05 20:12:13.141,8.60057,8.60189,1.50,1.00
2017.04.05 20:12:20.567,8.60037,8.6017,1.00,1.00
2017.04.05 20:12:20.618,8.60052,8.60185,1.00,1.00
2017.04.05 20:12:31.723,8.60052,8.60181,1.00,1.00
2017.04.05 20:12:31.774,8.60032,8.60166,1.50,1.00
2017.04.05 20:12:32.477,8.60016,8.6015,1.00,1.00
2017.04.05 20:12:32.814,8.6,8.60134,1.00,1.00
2017.04.05 20:12:38.987,8.59986,8.60119,1.00,1.00
2017.04.05 20:12:56.544,8.59989,8.60121,1.00,1.00
2017.04.05 20:12:57.742,8.60004,8.60138,1.00,1.00
2017.04.05 20:13:00.157,8.59988,8.60122,1.00,1.00
2017.04.05 20:13:14.875,8.59965,8.60097,1.00,1.00
2017.04.05 20:13:14.977,8.59932,8.60066,1.00,1.00
2017.04.05 20:13:15.040,8.59936,8.60066,1.00,1.00
2017.04.05 20:13:15.092,8.59957,8.60089,1.00,1.00
2017.04.05 20:13:31.108,8.59956,8.60088,1.00,1.00
2017.04.05 20:13:46.523,8.59948,8.6008,1.00,1.00
2017.04.05 20:13:49.093,8.59948,8.60076,1.00,1.00
2017.04.05 20:13:49.144,8.59923,8.60057,1.00,1.00
2017.04.05 20:13:53.960,8.59941,8.60075,1.00,1.00
2017.04.05 20:13:56.235,8.59965,8.60095,1.00,1.50
2017.04.05 20:13:56.337,8.59948,8.60082,1.00,1.00
2017.04.05 20:14:02.135,8.59968,8.60091,1.00,1.00
2017.04.05 20:14:02.475,8.59968,8.60094,1.00,1.00
2017.04.05 20:14:03.475,8.59968,8.60091,1.00,1.00
2017.04.05 20:14:06.977,8.59968,8.60094,1.00,1.00
2017.04.05 20:14:10.472,8.59968,8.60095,1.00,1.00
2017.04.05 20:14:14.493,8.59968,8.60096,1.00,1.00
2017.04.05 20:14:14.683,8.59948,8.60078,1.00,1.00
2017.04.05 20:14:14.734,8.59944,8.60078,1.00,1.00
2017.04.05 20:14:20.301,8.59974,8.60098,1.00,1.00
2017.04.05 20:14:20.352,8.59974,8.60106,1.00,1.00
2017.04.05 20:14:23.093,8.60005,8.60127,1.00,1.00
2017.04.05 20:14:23.144,8.60005,8.60139,1.00,1.00
2017.04.05 20:14:23.398,8.60021,8.60155,1.00,1.00
2017.04.05 20:14:38.278,8.60023,8.60155,1.00,1.00
2017.04.05 20:14:38.430,8.60065,8.60199,1.00,1.00
2017.04.05 20:14:44.512,8.6005,8.60182,1.00,1.00
2017.04.05 20:15:00.348,8.60054,8.60187,1.00,1.00
2017.04.05 20:15:00.672,8.60038,8.60171,1.00,1.00
2017.04.05 20:15:01.012,8.60054,8.60187,1.00,1.00
2017.04.05 20:15:11.789,8.60079,8.60206,1.00,1.00
2017.04.05 20:15:11.840,8.60079,8.60212,1.00,1.00
2017.04.05 20:15:12.872,8.60063,8.60196,1.00,1.00
2017.04.05 20:15:13.176,8.60018,8.60148,1.00,1.00
2017.04.05 20:15:13.227,8.60014,8.60148,1.00,1.00
2017.04.05 20:15:13.278,8.6003,8.60164,1.00,1.00
2017.04.05 20:15:15.105,8.6001,8.6014,1.00,1.00
2017.04.05 20:15:15.155,8.60006,8.6014,1.00,1.00
2017.04.05 20:15:26.845,8.5999,8.60124,1.00,1.00
2017.04.05 20:15:34.651,8.59975,8.60109,1.00,1.00
2017.04.05 20:15:45.796,8.59959,8.60093,1.00,1.00
2017.04.05 20:15:54.544,8.59943,8.60074,1.00,1.00
2017.04.05 20:15:57.360,8.59966,8.60095,1.00,1.00
2017.04.05 20:15:57.411,8.59966,8.601,1.00,1.00
2017.04.05 20:16:04.896,8.59951,8.60083,1.00,1.00
2017.04.05 20:16:16.200,8.59951,8.60054,1.00,1.00
2017.04.05 20:16:16.301,8.59935,8.60054,1.00,1.00
2017.04.05 20:16:16.403,8.59902,8.60036,1.00,1.00
2017.04.05 20:16:16.605,8.59886,8.6002,1.00,1.00
2017.04.05 20:16:17.510,8.59902,8.60036,1.00,1.00
2017.04.05 20:16:22.526,8.59927,8.60056,1.00,1.00
2017.04.05 20:16:22.577,8.59927,8.6006,1.00,1.00
2017.04.05 20:16:23.044,8.59943,8.60076,1.00,1.00
2017.04.05 20:16:23.145,8.59959,8.60093,1.00,1.00
2017.04.05 20:16:23.247,8.59975,8.60109,1.00,1.00
2017.04.05 20:16:25.992,8.59975,8.60091,1.00,1.00
2017.04.05 20:16:26.244,8.59939,8.60061,1.00,1.00
2017.04.05 20:16:26.503,8.59909,8.60042,1.00,1.00
2017.04.05 20:16:28.974,8.59913,8.60042,1.00,1.00
2017.04.05 20:16:29.025,8.59934,8.60065,1.00,1.00
2017.04.05 20:16:38.047,8.5995,8.60084,1.00,1.00
2017.04.05 20:16:38.830,8.59966,8.601,1.00,1.00
2017.04.05 20:16:39.150,8.5999,8.60124,1.00,1.00
2017.04.05 20:17:04.067,8.5999,8.60104,1.00,1.00
2017.04.05 20:17:04.179,8.5995,8.60084,1.00,1.00
2017.04.05 20:17:07.110,8.5995,8.60074,1.00,1.00
2017.04.05 20:17:07.211,8.5992,8.60054,1.00,1.00
2017.04.05 20:17:07.312,8.59903,8.60037,1.00,1.00
2017.04.05 20:17:12.098,8.59922,8.60056,1.00,1.00
2017.04.05 20:17:19.476,8.59922,8.60051,1.00,1.00
2017.04.05 20:17:19.527,8.59898,8.60031,1.00,1.00
2017.04.05 20:17:21.242,8.59898,8.60018,1.00,1.00
2017.04.05 20:17:21.344,8.59867,8.59998,1.00,1.00
2017.04.05 20:17:22.229,8.59882,8.60015,1.00,1.00
2017.04.05 20:17:35.565,8.59884,8.60015,1.00,1.00
2017.04.05 20:17:35.698,8.59904,8.60038,1.00,1.00
2017.04.05 20:17:36.636,8.5992,8.60054,1.00,1.00
2017.04.05 20:17:37.327,8.59905,8.60039,1.00,1.00
2017.04.05 20:17:43.438,8.59921,8.60055,1.00,1.00
2017.04.05 20:17:43.781,8.59897,8.60031,1.00,1.00
2017.04.05 20:17:52.425,8.59898,8.60031,1.00,1.00
2017.04.05 20:17:53.764,8.59897,8.60031,1.00,1.00
2017.04.05 20:17:54.873,8.59878,8.60012,1.00,1.00
2017.04.05 20:18:08.774,8.59886,8.60012,1.00,1.00
2017.04.05 20:18:08.977,8.59913,8.60046,1.00,1.00
2017.04.05 20:18:09.797,8.59898,8.60029,1.00,1.00
2017.04.05 20:18:25.015,8.59888,8.60021,1.00,1.00
2017.04.05 20:18:37.071,8.5989,8.60021,1.00,1.00
2017.04.05 20:18:37.173,8.59904,8.60037,1.50,1.00
2017.04.05 20:18:37.274,8.59904,8.60029,1.00,1.00
2017.04.05 20:18:37.376,8.59889,8.60029,1.00,1.00
2017.04.05 20:18:37.679,8.59867,8.59994,1.00,1.00
2017.04.05 20:18:37.735,8.59874,8.60015,1.00,1.00
2017.04.05 20:18:38.111,8.59876,8.60016,1.00,1.00
2017.04.05 20:18:38.540,8.59903,8.60042,1.00,1.00
2017.04.05 20:18:39.822,8.59909,8.60042,1.00,1.00
2017.04.05 20:18:40.125,8.59918,8.60042,1.00,1.00
2017.04.05 20:18:40.774,8.59928,8.60042,1.00,1.00
2017.04.05 20:18:41.009,8.59919,8.60042,1.00,1.00
2017.04.05 20:18:43.146,8.59924,8.60042,1.00,1.00
2017.04.05 20:18:43.245,8.59924,8.60058,1.50,1.00
2017.04.05 20:18:47.360,8.59908,8.60042,1.00,1.00
2017.04.05 20:18:52.044,8.59915,8.60042,1.00,1.00
2017.04.05 20:18:52.095,8.59926,8.6006,1.00,1.00
2017.04.05 20:18:57.422,8.5991,8.60044,1.00,1.00
2017.04.05 20:19:05.674,8.59918,8.60044,1.00,1.00
2017.04.05 20:19:05.725,8.59937,8.60071,1.00,1.00
2017.04.05 20:19:24.950,8.59946,8.60077,1.00,1.00
2017.04.05 20:19:26.654,8.59928,8.60062,1.00,1.00
2017.04.05 20:19:44.976,8.59931,8.60065,1.00,1.00
2017.04.05 20:19:59.839,8.59948,8.60082,1.00,1.00
2017.04.05 20:20:24.938,8.5994,8.60074,1.00,1.00
2017.04.05 20:20:38.603,8.59964,8.60098,1.00,1.00
2017.04.05 20:20:38.906,8.59981,8.60114,1.00,1.00
2017.04.05 20:20:56.211,8.59995,8.60126,1.00,1.00
2017.04.05 20:21:11.954,8.6001,8.60143,1.00,1.00
2017.04.05 20:21:22.963,8.59994,8.60127,1.00,1.00
2017.04.05 20:21:31.036,8.59994,8.60126,1.00,1.00
2017.04.05 20:21:31.288,8.59918,8.60052,1.00,1.00
2017.04.05 20:21:31.390,8.59934,8.60068,1.00,1.00
2017.04.05 20:21:31.741,8.59918,8.60052,1.00,1.00
2017.04.05 20:21:32.071,8.59943,8.60076,1.00,1.00
2017.04.05 20:21:40.123,8.59968,8.60099,1.00,1.00
2017.04.05 20:22:05.019,8.59967,8.601,1.00,1.00
2017.04.05 20:22:24.948,8.59975,8.60108,1.00,1.00
2017.04.05 20:22:45.029,8.59967,8.601,1.00,1.00
2017.04.05 20:22:47.632,8.59984,8.60115,1.00,1.00
2017.04.05 20:23:04.954,8.59983,8.60116,1.00,1.00
2017.04.05 20:23:24.990,8.59982,8.60116,1.00,1.00
2017.04.05 20:23:28.320,8.59998,8.60132,1.00,1.00
2017.04.05 20:23:28.639,8.60023,8.60155,1.00,1.00
2017.04.05 20:23:45.029,8.60014,8.60148,1.00,1.00
2017.04.05 20:23:47.633,8.6003,8.60164,1.00,1.00
2017.04.05 20:23:51.517,8.60015,8.60149,1.00,1.00
2017.04.05 20:24:07.639,8.60031,8.60165,1.00,1.00
2017.04.05 20:24:07.969,8.60047,8.60181,1.00,1.00
2017.04.05 20:24:21.800,8.60064,8.60196,1.00,1.00
2017.04.05 20:24:22.002,8.60079,8.60213,1.00,1.00
2017.04.05 20:24:22.928,8.60104,8.60213,1.00,1.00
2017.04.05 20:24:22.979,8.60152,8.60286,1.00,1.00
2017.04.05 20:24:23.080,8.60168,8.6031,1.00,1.00
2017.04.05 20:24:23.181,8.60184,8.60318,1.00,1.00
2017.04.05 20:24:23.886,8.60184,8.60314,1.00,1.00
2017.04.05 20:24:24.088,8.60184,8.60318,1.00,1.00
2017.04.05 20:24:25.404,8.60184,8.60316,1.00,1.00
2017.04.05 20:24:26.326,8.60184,8.60318,1.00,1.00
2017.04.05 20:24:45.032,8.60173,8.60307,1.00,1.00
2017.04.05 20:25:07.655,8.60189,8.60323,1.00,1.00
2017.04.05 20:25:07.966,8.60206,8.60339,1.00,1.00
2017.04.05 20:25:08.667,8.60223,8.60354,1.00,1.00
2017.04.05 20:25:08.769,8.60239,8.60371,1.00,1.00
2017.04.05 20:25:24.995,8.60242,8.60376,1.00,1.00
2017.04.05 20:25:31.167,8.60242,8.60368,1.00,1.00
2017.04.05 20:25:31.218,8.60214,8.60348,1.00,1.00
2017.04.05 20:25:36.036,8.6023,8.60364,1.00,1.00
2017.04.05 20:25:51.182,8.60227,8.60361,1.00,1.00
2017.04.05 20:26:11.177,8.60223,8.60357,1.00,1.00
2017.04.05 20:26:26.223,8.60215,8.60349,1.00,1.00
2017.04.05 20:26:27.838,8.60232,8.60364,1.00,1.00
2017.04.05 20:26:29.805,8.60215,8.60349,1.00,1.00
2017.04.05 20:26:34.542,8.60231,8.60365,1.00,1.00
2017.04.05 20:26:34.844,8.60215,8.60334,1.00,1.00
2017.04.05 20:26:34.946,8.60191,8.60319,1.00,1.00
2017.04.05 20:26:35.114,8.60191,8.60324,1.00,1.00
2017.04.05 20:26:35.674,8.60191,8.60317,1.00,1.00
2017.04.05 20:26:35.724,8.60191,8.60324,1.00,1.00
2017.04.05 20:26:35.977,8.60191,8.60319,1.00,1.00
2017.04.05 20:26:36.626,8.60191,8.60324,1.00,1.00
2017.04.05 20:26:48.526,8.60194,8.60324,1.00,1.00
2017.04.05 20:26:48.576,8.60214,8.60348,1.00,1.00
2017.04.05 20:27:03.857,8.60233,8.60364,1.00,1.00
2017.04.05 20:27:04.059,8.6024,8.60372,1.00,1.00
2017.04.05 20:27:05.872,8.6024,8.60366,1.00,1.00
2017.04.05 20:27:05.973,8.60223,8.60357,1.00,1.00
2017.04.05 20:27:17.648,8.60224,8.60357,1.00,1.00
2017.04.05 20:27:17.699,8.60244,8.60378,1.00,1.00
2017.04.05 20:27:19.766,8.60244,8.60369,1.00,1.00
2017.04.05 20:27:19.867,8.60244,8.60378,1.00,1.00
2017.04.05 20:27:20.376,8.60244,8.60369,1.00,1.00
2017.04.05 20:27:20.477,8.60244,8.60378,1.00,1.00
2017.04.05 20:27:20.793,8.60244,8.60369,1.00,1.00
2017.04.05 20:27:20.864,8.60244,8.60378,1.00,1.00
2017.04.05 20:27:20.915,8.60244,8.60369,1.00,1.00
2017.04.05 20:27:21.016,8.60244,8.60378,1.00,1.00
2017.04.05 20:27:34.295,8.60244,8.60371,1.00,1.00
2017.04.05 20:27:34.346,8.60242,8.60373,1.00,1.00
2017.04.05 20:27:34.397,8.60242,8.60368,1.00,1.00
2017.04.05 20:27:34.448,8.60226,8.60359,1.00,1.00
2017.04.05 20:27:34.549,8.60206,8.6034,1.00,1.00
2017.04.05 20:27:38.309,8.60223,8.60356,1.00,1.50
2017.04.05 20:27:53.168,8.60223,8.60354,1.00,1.00
2017.04.05 20:27:54.114,8.60223,8.60356,1.00,1.00
2017.04.05 20:27:55.476,8.60233,8.60357,1.00,1.00
2017.04.05 20:27:55.583,8.60233,8.60362,1.00,1.00
2017.04.05 20:27:57.117,8.60233,8.60364,1.00,1.00
2017.04.05 20:27:58.381,8.60233,8.60365,1.00,1.00
2017.04.05 20:27:58.485,8.60248,8.60379,1.00,1.00
2017.04.05 20:27:58.536,8.60248,8.60382,1.00,1.00
2017.04.05 20:27:58.839,8.60264,8.60389,1.00,1.00
2017.04.05 20:27:58.890,8.60264,8.60398,1.00,1.00
2017.04.05 20:27:58.941,8.60248,8.60382,1.00,1.00
2017.04.05 20:27:59.263,8.60264,8.60398,1.00,1.00
2017.04.05 20:28:06.153,8.6028,8.60409,1.00,1.00
2017.04.05 20:28:06.408,8.60256,8.6039,1.00,1.00
2017.04.05 20:28:12.206,8.60265,8.6039,1.00,1.00
2017.04.05 20:28:12.257,8.60361,8.60495,1.00,1.00
2017.04.05 20:28:12.551,8.60361,8.60491,1.00,1.00
2017.04.05 20:28:12.602,8.60338,8.6047,1.00,1.00
2017.04.05 20:28:12.652,8.60341,8.6047,1.00,1.00
2017.04.05 20:28:12.703,8.60362,8.60494,1.00,1.00
2017.04.05 20:28:24.634,8.60362,8.60484,1.00,1.00
2017.04.05 20:28:24.867,8.60341,8.60471,1.00,1.00
2017.04.05 20:28:24.918,8.60337,8.60471,1.00,1.00
2017.04.05 20:28:31.628,8.60352,8.60486,1.00,1.00
2017.04.05 20:28:32.191,8.60337,8.60469,1.00,1.00
2017.04.05 20:28:35.027,8.6032,8.60454,1.00,1.00
2017.04.05 20:28:47.465,8.60324,8.60454,1.00,1.00
2017.04.05 20:28:47.839,8.60344,8.60478,1.00,1.00
2017.04.05 20:28:55.001,8.60349,8.60478,1.00,1.00
2017.04.05 20:28:55.052,8.60369,8.60503,1.00,1.00
2017.04.05 20:28:55.153,8.60385,8.60516,1.00,1.00
2017.04.05 20:28:57.046,8.60393,8.60516,1.00,1.00
2017.04.05 20:28:57.151,8.60393,8.60533,1.00,1.00
2017.04.05 20:28:57.202,8.60393,8.60546,1.00,1.00
2017.04.05 20:28:57.303,8.60393,8.60553,1.00,1.00
2017.04.05 20:28:57.454,8.6041,8.60553,1.00,1.00
2017.04.05 20:28:58.385,8.6041,8.6055,1.00,1.00
2017.04.05 20:28:58.836,8.60405,8.6055,1.00,1.00
2017.04.05 20:28:59.740,8.60397,8.6055,1.00,1.00
2017.04.05 20:29:00.065,8.60397,8.60543,1.00,1.00
2017.04.05 20:29:01.244,8.60405,8.60539,1.00,1.00
2017.04.05 20:29:18.321,8.60405,8.60538,1.00,1.00
2017.04.05 20:29:18.372,8.60384,8.60518,1.00,1.00
2017.04.05 20:29:18.474,8.60401,8.60533,1.00,1.00
2017.04.05 20:29:21.500,8.60385,8.60517,1.00,1.00
2017.04.05 20:29:36.391,8.60401,8.60534,1.00,1.00
2017.04.05 20:29:36.927,8.60401,8.60535,1.00,1.00
2017.04.05 20:29:39.226,8.60401,8.60534,1.00,1.00
2017.04.05 20:29:41.936,8.60401,8.60535,1.00,1.00
2017.04.05 20:29:42.502,8.60425,8.60544,1.00,1.00
2017.04.05 20:29:43.139,8.60425,8.60541,1.00,1.00
2017.04.05 20:29:43.738,8.60425,8.60547,1.00,1.00
2017.04.05 20:29:45.696,8.60425,8.60543,1.00,1.00
2017.04.05 20:29:47.999,8.60409,8.60543,1.00,1.50
2017.04.05 20:29:52.842,8.60409,8.60524,1.00,1.00
2017.04.05 20:29:52.943,8.60386,8.60518,1.00,1.00
2017.04.05 20:30:00.264,8.60329,8.60524,1.50,1.00
2017.04.05 20:30:01.073,8.60329,8.60517,1.00,1.00
2017.04.05 20:30:01.124,8.60322,8.60517,1.00,1.00
2017.04.05 20:30:04.904,8.60322,8.60516,1.00,1.00
2017.04.05 20:30:08.896,8.60324,8.60519,1.00,1.00
2017.04.05 20:30:10.744,8.6033,8.60523,1.00,1.00
2017.04.05 20:30:10.977,8.60324,8.60519,1.00,1.00
2017.04.05 20:30:12.389,8.60323,8.60515,1.00,1.00
2017.04.05 20:30:13.621,8.60329,8.60522,1.00,1.00
2017.04.05 20:30:15.195,8.60323,8.60517,1.00,1.00
2017.04.05 20:30:19.211,8.60328,8.60522,1.00,1.00
2017.04.05 20:30:22.598,8.60324,8.60516,1.00,1.00
2017.04.05 20:30:23.925,8.60325,8.6052,1.00,1.00
2017.04.05 20:30:28.623,8.60329,8.60524,1.00,1.00
2017.04.05 20:30:31.442,8.60331,8.60525,1.00,1.00
2017.04.05 20:30:34.934,8.60333,8.60527,1.00,1.00
2017.04.05 20:30:37.410,8.60329,8.60523,1.00,1.00
2017.04.05 20:30:38.955,8.60326,8.60521,1.00,1.00
2017.04.05 20:30:42.473,8.60329,8.60523,1.00,1.00
2017.04.05 20:30:46.512,8.60331,8.60525,1.00,1.00
2017.04.05 20:30:50.013,8.60332,8.60526,1.00,1.00
2017.04.05 20:30:52.441,8.60329,8.60521,1.00,1.00
2017.04.05 20:30:53.986,8.60325,8.6052,1.00,1.00
2017.04.05 20:30:59.266,8.6033,8.60524,1.00,1.00
2017.04.05 20:31:00.502,8.60337,8.60532,1.00,1.00
2017.04.05 20:31:00.629,8.60357,8.6055,1.00,1.00
2017.04.05 20:31:01.615,8.60354,8.60547,1.00,1.00
2017.04.05 20:31:04.994,8.60355,8.6055,1.00,1.00
2017.04.05 20:31:09.016,8.60358,8.60552,1.00,1.00
2017.04.05 20:31:09.377,8.60362,8.60557,1.00,1.00
2017.04.05 20:31:09.528,8.60374,8.60569,1.00,1.00
2017.04.05 20:31:10.333,8.60379,8.60574,1.00,1.00
2017.04.05 20:31:10.676,8.60372,8.60567,1.00,1.00
2017.04.05 20:31:11.335,8.60371,8.60562,1.00,1.00
2017.04.05 20:31:11.684,8.60371,8.60564,1.00,1.00
2017.04.05 20:31:12.674,8.60371,8.60562,1.00,1.00
2017.04.05 20:31:16.595,8.60371,8.6056,1.00,1.00
2017.04.05 20:31:17.533,8.60371,8.60557,1.00,1.00
2017.04.05 20:31:20.024,8.60371,8.6056,1.00,1.00
2017.04.05 20:31:22.114,8.60371,8.60555,1.00,1.00
2017.04.05 20:31:23.285,8.60371,8.60541,1.00,1.00
2017.04.05 20:31:23.336,8.6035,8.60529,1.00,1.00
2017.04.05 20:31:23.437,8.60327,8.60519,1.00,1.00
2017.04.05 20:31:24.432,8.60327,8.60517,1.00,1.00
2017.04.05 20:31:25.401,8.60327,8.60521,1.00,1.00
2017.04.05 20:31:25.525,8.60327,8.60516,1.00,1.00
2017.04.05 20:31:28.746,8.60327,8.60508,1.00,1.00
2017.04.05 20:31:28.948,8.60311,8.60502,1.00,1.00
2017.04.05 20:31:29.853,8.60311,8.60497,1.00,1.00
2017.04.05 20:31:31.561,8.60311,8.60495,1.00,1.00
2017.04.05 20:31:32.007,8.60311,8.60486,1.00,1.00
2017.04.05 20:31:32.058,8.6029,8.60479,1.00,1.00
2017.04.05 20:31:32.735,8.60291,8.60485,1.00,1.00
2017.04.05 20:31:32.836,8.60302,8.60498,1.00,1.00
2017.04.05 20:31:32.988,8.60304,8.60498,1.00,1.00
2017.04.05 20:31:33.734,8.60307,8.60504,1.00,1.00
2017.04.05 20:31:35.054,8.60309,8.60503,1.00,1.00
2017.04.05 20:31:36.067,8.60304,8.60499,1.00,1.00
2017.04.05 20:31:37.094,8.60307,8.60503,1.00,1.00
2017.04.05 20:31:37.259,8.60304,8.60514,1.00,1.00
2017.04.05 20:31:43.062,8.60304,8.60516,1.00,1.00
2017.04.05 20:31:46.592,8.60304,8.60518,1.00,1.00
2017.04.05 20:31:50.109,8.60304,8.60516,1.00,1.00
2017.04.05 20:31:50.511,8.60324,8.60521,1.00,1.00
2017.04.05 20:31:51.087,8.60304,8.60521,1.00,1.00
2017.04.05 20:31:51.206,8.60302,8.60521,1.00,1.00
2017.04.05 20:31:51.256,8.60325,8.60521,1.00,1.00
2017.04.05 20:31:53.175,8.60323,8.60538,1.00,1.00
2017.04.05 20:31:54.249,8.60323,8.60544,1.00,1.00
2017.04.05 20:31:55.349,8.60329,8.60525,1.00,1.00
2017.04.05 20:31:57.058,8.60329,8.60478,1.00,1.00
2017.04.05 20:31:57.109,8.60304,8.60478,1.00,1.00
2017.04.05 20:31:57.211,8.60271,8.60478,1.00,1.00
2017.04.05 20:31:57.881,8.60284,8.6048,1.00,1.00
2017.04.05 20:31:58.083,8.6028,8.60478,1.00,1.00
2017.04.05 20:31:58.134,8.60295,8.60478,1.00,1.00
2017.04.05 20:31:58.235,8.60248,8.60478,1.00,1.50
2017.04.05 20:31:58.286,8.6025,8.6045,1.00,1.00
2017.04.05 20:32:00.078,8.60255,8.60451,1.00,1.00
2017.04.05 20:32:01.537,8.60247,8.60444,1.00,1.00
2017.04.05 20:32:01.640,8.60235,8.60438,1.00,1.00
2017.04.05 20:32:01.851,8.60215,8.60411,1.00,1.00
2017.04.05 20:32:03.134,8.60214,8.60411,1.00,1.00
2017.04.05 20:32:05.147,8.60216,8.60412,1.00,1.00
2017.04.05 20:32:08.125,8.60203,8.60399,1.00,1.00
2017.04.05 20:32:09.136,8.60198,8.60394,1.00,1.00
2017.04.05 20:32:12.891,8.60204,8.60426,1.00,1.00
2017.04.05 20:32:12.996,8.60198,8.60426,1.00,1.00
2017.04.05 20:32:13.843,8.60204,8.60426,1.00,1.00
2017.04.05 20:32:16.652,8.60202,8.60426,1.00,1.00
2017.04.05 20:32:24.478,8.60216,8.60426,1.00,1.00
2017.04.05 20:32:24.630,8.60216,8.60446,1.00,1.00
2017.04.05 20:32:24.731,8.60225,8.60454,1.00,1.00
2017.04.05 20:32:26.522,8.60225,8.60455,1.00,1.00
2017.04.05 20:32:27.659,8.60218,8.60454,1.00,1.00
2017.04.05 20:32:29.474,8.60224,8.60455,1.00,1.00
2017.04.05 20:32:31.681,8.60222,8.60455,1.00,1.00
2017.04.05 20:32:35.823,8.60226,8.60455,1.00,1.00
2017.04.05 20:32:36.159,8.60231,8.60455,1.00,1.00
2017.04.05 20:32:38.916,8.60226,8.60455,1.00,1.00
2017.04.05 20:32:42.703,8.60226,8.60453,1.00,1.00
2017.04.05 20:32:46.712,8.60228,8.60455,1.00,1.00
2017.04.05 20:32:49.463,8.60228,8.60424,1.00,1.00
2017.04.05 20:32:50.521,8.60225,8.60421,1.00,1.00
2017.04.05 20:32:52.810,8.60224,8.60419,1.00,1.00
2017.04.05 20:32:53.976,8.60219,8.60413,1.00,1.00
2017.04.05 20:32:54.878,8.60223,8.60417,1.00,1.00
2017.04.05 20:33:01.742,8.60223,8.60416,1.00,1.00
2017.04.05 20:33:07.650,8.60226,8.60421,1.00,1.00
2017.04.05 20:33:11.767,8.60209,8.60392,1.00,1.00
2017.04.05 20:33:12.020,8.60197,8.60392,1.00,1.00
2017.04.05 20:33:12.858,8.60198,8.6039,1.00,1.00
2017.04.05 20:33:13.270,8.60192,8.60386,1.00,1.00
2017.04.05 20:33:13.736,8.60198,8.6039,1.00,1.00
2017.04.05 20:33:14.494,8.60193,8.60385,1.00,1.00
2017.04.05 20:33:14.769,8.60197,8.60391,1.00,1.00
2017.04.05 20:33:16.771,8.60196,8.60388,1.00,1.00
2017.04.05 20:33:17.793,8.60217,8.60412,1.00,1.00
2017.04.05 20:33:17.944,8.60227,8.60422,1.00,1.00
2017.04.05 20:33:18.286,8.60244,8.60439,1.50,1.00
2017.04.05 20:33:18.775,8.60253,8.60446,1.00,1.00
2017.04.05 20:33:19.112,8.60259,8.60451,1.00,1.00
2017.04.05 20:33:19.264,8.60249,8.60443,1.00,1.00
2017.04.05 20:33:19.438,8.6026,8.60453,1.00,1.00
2017.04.05 20:33:20.123,8.60244,8.60437,1.00,1.00
2017.04.05 20:33:20.643,8.60248,8.60443,1.00,1.00
2017.04.05 20:33:24.286,8.60247,8.60442,1.00,1.00
2017.04.05 20:33:29.334,8.60233,8.60428,1.00,1.00
2017.04.05 20:33:29.637,8.60228,8.6041,1.00,1.00
2017.04.05 20:33:31.478,8.60228,8.60416,1.00,1.00
2017.04.05 20:33:32.484,8.60228,8.60412,1.00,1.00
2017.04.05 20:33:32.942,8.60228,8.60418,1.00,1.00
2017.04.05 20:33:36.653,8.60228,8.60407,1.00,1.00
2017.04.05 20:33:36.878,8.60218,8.60412,1.00,1.00
2017.04.05 20:33:37.736,8.60222,8.60417,1.00,1.00
2017.04.05 20:33:39.316,8.60224,8.60417,1.00,1.00
2017.04.05 20:33:41.413,8.6023,8.60425,1.00,1.00
2017.04.05 20:33:41.464,8.60239,8.60434,1.00,1.00
2017.04.05 20:33:42.445,8.60242,8.60436,1.00,1.00
2017.04.05 20:33:43.923,8.60247,8.60442,1.00,1.00
2017.04.05 20:33:46.832,8.60248,8.60443,1.00,1.00
2017.04.05 20:33:51.777,8.60247,8.60442,1.00,1.00
2017.04.05 20:33:51.917,8.60258,8.60452,1.00,1.00
2017.04.05 20:33:54.346,8.60253,8.60448,1.00,1.00
2017.04.05 20:33:57.865,8.60257,8.60451,1.00,1.00
2017.04.05 20:34:01.542,8.60239,8.60427,1.00,1.00
2017.04.05 20:34:01.694,8.60232,8.60427,1.00,1.00
2017.04.05 20:34:02.543,8.60234,8.60429,1.00,1.00
2017.04.05 20:34:05.842,8.60229,8.60421,1.00,1.00
2017.04.05 20:34:08.184,8.60244,8.60436,1.00,1.00
2017.04.05 20:34:08.571,8.60258,8.60453,1.00,1.00
2017.04.05 20:34:09.232,8.60262,8.60457,1.00,1.00
2017.04.05 20:34:10.212,8.60261,8.60456,1.00,1.00
2017.04.05 20:34:16.892,8.60263,8.60457,1.00,1.00
2017.04.05 20:34:19.204,8.60258,8.60452,1.00,1.00
2017.04.05 20:34:20.064,8.60263,8.60457,1.00,1.00
2017.04.05 20:34:20.540,8.60257,8.60451,1.50,1.00
2017.04.05 20:34:21.504,8.60263,8.60457,1.00,1.00
2017.04.05 20:34:24.406,8.60259,8.60454,1.00,1.00
2017.04.05 20:34:26.426,8.60252,8.60447,1.50,1.00
2017.04.05 20:34:27.342,8.60259,8.60454,1.00,1.00
2017.04.05 20:34:28.159,8.60275,8.60469,1.00,1.00
2017.04.05 20:34:28.261,8.60292,8.60487,1.00,1.00
2017.04.05 20:34:29.262,8.60294,8.60489,1.00,1.00
2017.04.05 20:34:30.240,8.60294,8.6049,1.00,1.00
2017.04.05 20:34:30.549,8.60287,8.60483,1.00,1.00
2017.04.05 20:34:31.062,8.60294,8.6049,1.00,1.00
2017.04.05 20:34:39.436,8.603,8.60496,1.00,1.00
2017.04.05 20:34:42.964,8.60299,8.60495,1.00,1.00
2017.04.05 20:34:46.065,8.60286,8.60483,1.00,1.00
2017.04.05 20:34:46.116,8.60278,8.60474,1.00,1.00
2017.04.05 20:34:46.268,8.60287,8.60484,1.00,1.00
2017.04.05 20:34:47.233,8.60285,8.60481,1.00,1.00
2017.04.05 20:34:47.866,8.60292,8.60488,1.00,1.00
2017.04.05 20:34:48.817,8.60293,8.60489,1.00,1.00
2017.04.05 20:34:49.616,8.60296,8.60492,1.00,1.00
2017.04.05 20:34:49.932,8.60268,8.60459,1.00,1.00
2017.04.05 20:34:50.134,8.60274,8.60471,1.00,1.00
2017.04.05 20:34:50.771,8.6028,8.60476,1.00,1.00
2017.04.05 20:34:51.082,8.60268,8.60453,1.00,1.00
2017.04.05 20:34:51.133,8.60257,8.60453,1.00,1.00
2017.04.05 20:34:54.466,8.60258,8.60454,1.00,1.00
2017.04.05 20:35:00.665,8.60263,8.60459,1.00,1.00
2017.04.05 20:35:01.981,8.60266,8.6046,1.00,1.00
2017.04.05 20:35:06.311,8.6026,8.60457,1.00,1.00
2017.04.05 20:35:06.363,8.60255,8.60452,1.00,1.00
2017.04.05 20:35:06.997,8.60262,8.60458,1.00,1.00
2017.04.05 20:35:09.496,8.60257,8.60453,1.00,1.00
2017.04.05 20:35:11.263,8.60262,8.60458,1.00,1.00
2017.04.05 20:35:12.989,8.60267,8.60463,1.00,1.00
2017.04.05 20:35:17.012,8.60269,8.60465,1.00,1.00
2017.04.05 20:35:21.315,8.60265,8.60461,1.00,1.00
2017.04.05 20:35:22.317,8.60262,8.60457,1.00,1.00
2017.04.05 20:35:28.040,8.60266,8.60463,1.00,1.00
2017.04.05 20:35:28.879,8.60261,8.60455,1.00,1.00
2017.04.05 20:35:29.042,8.60265,8.60461,1.00,1.00
2017.04.05 20:35:32.041,8.60266,8.60462,1.00,1.00
2017.04.05 20:35:35.538,8.60267,8.60463,1.00,1.00
2017.04.05 20:35:38.814,8.60262,8.60458,1.00,1.00
2017.04.05 20:35:39.890,8.60266,8.60462,1.00,1.00
2017.04.05 20:35:47.071,8.60268,8.60465,1.00,1.00
2017.04.05 20:35:49.234,8.60263,8.6046,1.00,1.00
2017.04.05 20:35:50.237,8.60266,8.60462,1.00,1.00
2017.04.05 20:35:52.255,8.60262,8.60458,1.00,1.00
2017.04.05 20:35:52.494,8.60268,8.60465,1.00,1.00
2017.04.05 20:35:53.783,8.60264,8.60458,1.00,1.00
2017.04.05 20:35:53.833,8.60268,8.60465,1.00,1.00
2017.04.05 20:35:54.782,8.60264,8.6046,1.00,1.00
2017.04.05 20:35:58.118,8.60262,8.60459,1.00,1.00
2017.04.05 20:35:58.303,8.60254,8.6045,1.00,1.00
2017.04.05 20:35:58.687,8.60252,8.60443,1.00,1.00
2017.04.05 20:35:59.459,8.60252,8.60445,1.00,1.00
2017.04.05 20:36:00.485,8.60252,8.60448,1.00,1.00
2017.04.05 20:36:00.608,8.60252,8.6044,1.00,1.00
2017.04.05 20:36:00.760,8.60243,8.6044,1.50,1.00
2017.04.05 20:36:01.553,8.60243,8.60439,1.50,1.00
2017.04.05 20:36:01.655,8.60256,8.6045,1.00,1.00
2017.04.05 20:36:01.807,8.60264,8.6046,1.00,1.00
2017.04.05 20:36:05.595,8.60266,8.60462,1.00,1.00
2017.04.05 20:36:07.054,8.60262,8.60458,1.00,1.00
2017.04.05 20:36:07.399,8.60268,8.60464,1.00,1.00
2017.04.05 20:36:11.318,8.60264,8.6046,1.00,1.00
2017.04.05 20:36:12.620,8.60269,8.60465,1.00,1.00
2017.04.05 20:36:13.622,8.6027,8.60467,1.00,1.00
2017.04.05 20:36:19.100,8.6027,8.60465,1.00,1.00
2017.04.05 20:36:24.646,8.60269,8.60464,1.00,1.00
2017.04.05 20:36:24.949,8.60273,8.60464,1.00,1.00
2017.04.05 20:36:29.620,8.60285,8.6048,1.00,1.00
2017.04.05 20:36:29.670,8.60273,8.60464,1.00,1.00
2017.04.05 20:36:34.634,8.60279,8.60474,1.00,1.00
2017.04.05 20:36:34.735,8.6029,8.60483,1.00,1.00
2017.04.05 20:36:34.786,8.60303,8.60497,1.00,1.00
2017.04.05 20:36:34.837,8.60292,8.60486,1.00,1.00
2017.04.05 20:36:35.148,8.60308,8.60502,1.00,1.00
2017.04.05 20:36:35.781,8.60301,8.60496,1.50,1.00
2017.04.05 20:36:36.224,8.60307,8.60501,1.00,1.00
2017.04.05 20:36:36.787,8.60301,8.6049,1.00,1.00
2017.04.05 20:36:38.355,8.60301,8.60494,1.00,1.00
2017.04.05 20:36:39.356,8.60304,8.60498,1.00,1.00
2017.04.05 20:36:40.829,8.60308,8.60502,1.00,1.00
2017.04.05 20:36:43.052,8.60301,8.60496,1.50,1.00
2017.04.05 20:36:43.268,8.60307,8.60501,1.00,1.00
2017.04.05 20:36:43.594,8.60315,8.60509,1.00,1.00
2017.04.05 20:36:43.989,8.60303,8.60497,1.00,1.00
2017.04.05 20:36:44.292,8.60314,8.60508,1.00,1.00
2017.04.05 20:36:44.987,8.60309,8.60504,1.00,1.00
2017.04.05 20:36:46.168,8.60313,8.60508,1.00,1.00
2017.04.05 20:36:47.192,8.60315,8.6051,1.00,1.00
2017.04.05 20:36:50.018,8.60334,8.60528,1.00,1.00
2017.04.05 20:36:50.271,8.60323,8.60518,1.00,1.00
2017.04.05 20:36:50.847,8.60339,8.60533,1.00,1.00
2017.04.05 20:36:51.049,8.60323,8.60518,1.00,1.00
2017.04.05 20:36:51.100,8.6034,8.60534,1.00,1.00
2017.04.05 20:36:51.800,8.60327,8.6052,1.00,1.00
2017.04.05 20:36:51.850,8.6034,8.60534,1.00,1.00
2017.04.05 20:36:52.016,8.60327,8.6052,1.00,1.00
2017.04.05 20:36:53.088,8.6034,8.60534,1.00,1.00
2017.04.05 20:36:54.090,8.60327,8.6052,1.00,1.00
2017.04.05 20:36:54.732,8.60327,8.60519,1.00,1.00
2017.04.05 20:36:55.158,8.6034,8.60534,1.00,1.00
2017.04.05 20:36:56.109,8.60327,8.60519,1.00,1.00
2017.04.05 20:36:57.163,8.60327,8.60512,1.00,1.00
2017.04.05 20:37:00.066,8.60327,8.60514,1.00,1.00
2017.04.05 20:37:00.599,8.60327,8.60521,1.00,1.00
2017.04.05 20:37:00.650,8.60327,8.60514,1.00,1.00
2017.04.05 20:37:02.221,8.60327,8.60516,1.00,1.00
2017.04.05 20:37:03.475,8.60327,8.60501,1.00,1.00
2017.04.05 20:37:03.778,8.6031,8.6048,1.00,1.00
2017.04.05 20:37:03.829,8.60295,8.6048,1.00,1.00
2017.04.05 20:37:04.076,8.60295,8.6047,1.00,1.00
2017.04.05 20:37:04.430,8.60278,8.6047,1.00,1.00
2017.04.05 20:37:05.715,8.60278,8.60469,1.00,1.00
2017.04.05 20:37:09.340,8.60278,8.60448,1.00,1.00
2017.04.05 20:37:09.544,8.60229,8.60415,1.00,1.00
2017.04.05 20:37:09.594,8.60229,8.60403,1.00,1.00
2017.04.05 20:37:09.645,8.60214,8.60403,1.00,1.00
2017.04.05 20:37:11.205,8.6022,8.60416,1.00,1.00
2017.04.05 20:37:11.256,8.60214,8.60402,1.00,1.00
2017.04.05 20:37:12.331,8.60214,8.60401,1.00,1.00
2017.04.05 20:37:12.540,8.60221,8.60415,1.00,1.00
2017.04.05 20:37:19.976,8.60233,8.60429,1.00,1.00
2017.04.05 20:37:20.077,8.60256,8.60453,1.00,1.00
2017.04.05 20:37:20.279,8.60271,8.60465,1.00,1.00
2017.04.05 20:37:20.381,8.60284,8.6048,1.00,1.00
2017.04.05 20:37:21.240,8.60279,8.60475,1.00,1.00
2017.04.05 20:37:21.590,8.60272,8.60467,1.00,1.00
2017.04.05 20:37:22.460,8.60277,8.60474,1.00,1.00
2017.04.05 20:37:22.511,8.60285,8.60481,1.00,1.00
2017.04.05 20:37:22.814,8.60287,8.60481,1.00,1.00
2017.04.05 20:37:23.513,8.60287,8.6048,1.00,1.00
2017.04.05 20:37:24.759,8.6029,8.60486,1.00,1.00
2017.04.05 20:37:24.939,8.60297,8.60493,1.00,1.00
2017.04.05 20:37:25.241,8.60287,8.60475,1.00,1.00
2017.04.05 20:37:30.349,8.60287,8.60468,1.00,1.00
2017.04.05 20:37:30.501,8.60272,8.60468,1.00,1.00
2017.04.05 20:37:31.362,8.60271,8.60467,1.00,1.00
2017.04.05 20:37:32.340,8.60275,8.60469,1.00,1.00
2017.04.05 20:37:35.783,8.60274,8.60468,1.00,1.00
2017.04.05 20:37:39.486,8.60288,8.60484,1.00,1.00
2017.04.05 20:37:47.312,8.60287,8.60484,1.00,1.00
2017.04.05 20:37:50.805,8.60285,8.60482,1.00,1.00
2017.04.05 20:37:51.810,8.60283,8.60479,1.00,1.00
2017.04.05 20:37:51.860,8.60296,8.60493,1.00,1.00
2017.04.05 20:37:52.766,8.60286,8.60483,1.00,1.00
2017.04.05 20:37:53.109,8.60298,8.60494,1.00,1.00
2017.04.05 20:37:53.159,8.60286,8.60483,1.00,1.00
2017.04.05 20:37:53.271,8.60298,8.60494,1.00,1.00
2017.04.05 20:37:53.783,8.60285,8.60482,1.00,1.00
2017.04.05 20:37:53.903,8.60302,8.60498,1.00,1.00
2017.04.05 20:37:54.921,8.60302,8.60497,1.00,1.00
2017.04.05 20:37:58.319,8.60302,8.60499,1.00,1.00
2017.04.05 20:38:01.587,8.60298,8.60495,1.00,1.00
2017.04.05 20:38:02.588,8.60301,8.60497,1.00,1.00
2017.04.05 20:38:09.856,8.603,8.60496,1.00,1.00
2017.04.05 20:38:13.349,8.60301,8.60497,1.00,1.00
2017.04.05 20:38:14.571,8.60287,8.60484,1.50,1.00
2017.04.05 20:38:15.101,8.60276,8.60472,1.00,1.00
2017.04.05 20:38:15.743,8.60271,8.60468,1.00,1.00
2017.04.05 20:38:15.946,8.60263,8.60455,1.00,1.00
2017.04.05 20:38:16.048,8.60259,8.60455,1.00,1.00
2017.04.05 20:38:19.543,8.60267,8.60464,1.00,1.00
2017.04.05 20:38:19.594,8.60277,8.60473,1.00,1.00
2017.04.05 20:38:20.507,8.60272,8.60468,1.00,1.00
2017.04.05 20:38:21.506,8.60274,8.60468,1.00,1.00
2017.04.05 20:38:22.095,8.60257,8.60454,1.00,1.00
2017.04.05 20:38:22.247,8.60245,8.60439,1.00,1.00
2017.04.05 20:38:23.087,8.60237,8.60434,1.00,1.00
2017.04.05 20:38:23.242,8.6023,8.60409,1.00,1.00
2017.04.05 20:38:23.394,8.6021,8.60406,1.00,1.00
2017.04.05 20:38:24.311,8.60214,8.60411,1.00,1.00
2017.04.05 20:38:24.680,8.6021,8.60406,1.00,1.00
2017.04.05 20:38:25.717,8.60212,8.60408,1.00,1.00
2017.04.05 20:38:31.193,8.60212,8.60407,1.00,1.00
2017.04.05 20:38:31.706,8.60207,8.60401,1.00,1.00
2017.04.05 20:38:32.421,8.60205,8.60399,1.00,1.00
2017.04.05 20:38:33.457,8.60201,8.60395,1.00,1.00
2017.04.05 20:38:34.418,8.60205,8.60398,1.00,1.00
2017.04.05 20:38:34.721,8.60199,8.60394,1.00,1.00
2017.04.05 20:38:35.679,8.60183,8.60377,1.00,1.00
2017.04.05 20:38:44.267,8.60174,8.60359,1.00,1.00
2017.04.05 20:38:44.368,8.60174,8.60368,1.00,1.00
2017.04.05 20:38:44.882,8.60173,8.60368,1.00,1.00
2017.04.05 20:38:45.234,8.60182,8.60374,1.00,1.00
2017.04.05 20:38:45.851,8.60185,8.6038,1.00,1.00
2017.04.05 20:38:54.981,8.60191,8.60383,1.00,1.00
2017.04.05 20:38:57.947,8.60196,8.60391,1.00,1.00
2017.04.05 20:39:00.228,8.60185,8.60378,1.00,1.00
2017.04.05 20:39:01.180,8.60197,8.60392,1.00,1.00
2017.04.05 20:39:01.338,8.60185,8.60378,1.00,1.00
2017.04.05 20:39:01.399,8.60198,8.60393,1.00,1.00
2017.04.05 20:39:02.462,8.60201,8.60395,1.00,1.00
2017.04.05 20:39:15.628,8.60198,8.60393,1.00,1.00
2017.04.05 20:39:19.328,8.60183,8.60378,1.00,1.00
2017.04.05 20:39:19.698,8.60196,8.60388,1.00,1.00
2017.04.05 20:39:25.053,8.60198,8.60393,1.00,1.00
2017.04.05 20:39:31.070,8.60203,8.60398,1.00,1.00
2017.04.05 20:39:32.207,8.60207,8.60401,1.00,1.00
2017.04.05 20:39:33.060,8.60207,8.604,1.00,1.00
2017.04.05 20:39:34.504,8.60212,8.60405,1.00,1.00
2017.04.05 20:39:34.882,8.60217,8.6041,1.00,1.00
2017.04.05 20:39:36.039,8.60221,8.60414,1.00,1.00
2017.04.05 20:39:41.833,8.60221,8.60412,1.00,1.00
2017.04.05 20:39:47.552,8.6022,8.60411,1.00,1.00
2017.04.05 20:39:53.031,8.60254,8.60443,1.00,1.00
2017.04.05 20:39:53.183,8.60264,8.60455,1.00,1.00
2017.04.05 20:39:53.234,8.60275,8.60459,1.00,1.00
2017.04.05 20:39:53.286,8.60275,8.60466,1.00,1.00
2017.04.05 20:39:53.336,8.60288,8.60479,1.00,1.00
2017.04.05 20:39:54.131,8.60294,8.60485,1.00,1.00
2017.04.05 20:39:55.073,8.6032,8.60511,1.00,1.00
2017.04.05 20:39:55.225,8.60303,8.6052,1.00,1.00
2017.04.05 20:39:55.276,8.60329,8.6052,1.00,1.00
2017.04.05 20:39:57.482,8.60343,8.60534,1.00,1.00
2017.04.05 20:39:57.944,8.60352,8.60541,1.00,1.00
2017.04.05 20:39:58.462,8.60345,8.60536,1.00,1.00
2017.04.05 20:39:58.560,8.60336,8.60527,1.00,1.00
2017.04.05 20:40:01.539,8.6034,8.60531,1.00,1.00
2017.04.05 20:40:01.865,8.60342,8.60533,1.00,1.00
2017.04.05 20:40:02.592,8.60351,8.6054,1.00,1.00
2017.04.05 20:40:02.923,8.60339,8.60526,1.00,1.00
2017.04.05 20:40:05.120,8.6035,8.60537,1.00,1.00
2017.04.05 20:40:05.943,8.60355,8.60542,1.00,1.00
2017.04.05 20:40:07.379,8.60355,8.60544,1.00,1.00
2017.04.05 20:40:08.644,8.60346,8.60537,1.00,1.00
2017.04.05 20:40:08.695,8.60351,8.60542,1.00,1.00
2017.04.05 20:40:10.097,8.60351,8.6054,1.00,1.00
2017.04.05 20:40:17.618,8.60354,8.60543,1.00,1.00
2017.04.05 20:40:19.326,8.60366,8.60557,1.00,1.00
2017.04.05 20:40:25.126,8.60369,8.6056,1.00,1.00
2017.04.05 20:40:32.642,8.60368,8.60559,1.00,1.00
2017.04.05 20:40:34.865,8.60355,8.60544,1.00,1.00
2017.04.05 20:40:38.758,8.6035,8.60539,1.00,1.00
2017.04.05 20:40:40.156,8.60348,8.60539,1.00,1.00
2017.04.05 20:40:43.994,8.60352,8.60543,1.00,1.00
2017.04.05 20:40:52.309,8.60352,8.60545,1.00,1.00
2017.04.05 20:40:55.186,8.60348,8.60539,1.00,1.00
2017.04.05 20:40:59.404,8.60362,8.60553,1.00,1.00
2017.04.05 20:40:59.565,8.60396,8.60589,1.00,1.00
2017.04.05 20:40:59.615,8.60409,8.60602,1.00,1.00
2017.04.05 20:40:59.953,8.60397,8.60589,1.00,1.00
2017.04.05 20:41:02.369,8.6039,8.60578,1.00,1.00
2017.04.05 20:41:02.471,8.60385,8.60578,1.00,1.00
2017.04.05 20:41:02.622,8.60374,8.60567,1.50,1.00
2017.04.05 20:41:05.063,8.60358,8.60542,1.00,1.00
2017.04.05 20:41:05.266,8.60349,8.60542,1.00,1.00
2017.04.05 20:41:08.880,8.60386,8.60579,1.00,1.00
2017.04.05 20:41:09.880,8.6039,8.60583,1.00,1.00
2017.04.05 20:41:10.212,8.60367,8.60546,1.00,1.00
2017.04.05 20:41:10.396,8.60353,8.60546,1.00,1.00
2017.04.05 20:41:11.151,8.60348,8.60541,1.00,1.00
2017.04.05 20:41:12.103,8.60348,8.60543,1.00,1.00
2017.04.05 20:41:13.288,8.60371,8.60566,1.00,1.00
2017.04.05 20:41:13.599,8.6037,8.60564,1.00,1.00
2017.04.05 20:41:14.244,8.60376,8.60571,1.00,1.00
2017.04.05 20:41:17.732,8.60375,8.6057,1.00,1.00
2017.04.05 20:41:19.420,8.60384,8.60578,1.00,1.00
2017.04.05 20:41:19.471,8.60392,8.60587,1.00,1.00
2017.04.05 20:41:20.448,8.6039,8.60585,1.00,1.00
2017.04.05 20:41:29.250,8.60406,8.606,1.00,1.00
2017.04.05 20:41:32.406,8.60401,8.60596,1.00,1.00
2017.04.05 20:41:32.730,8.60408,8.60602,1.00,1.00
2017.04.05 20:41:33.049,8.60399,8.60593,1.00,1.00
2017.04.05 20:41:34.006,8.60403,8.60597,1.00,1.00
2017.04.05 20:41:40.276,8.60412,8.60606,1.00,1.00
2017.04.05 20:41:44.314,8.60407,8.60602,1.00,1.00
2017.04.05 20:41:46.767,8.60414,8.60609,1.00,1.00
2017.04.05 20:41:51.286,8.60411,8.60606,1.00,1.00
2017.04.05 20:42:01.825,8.60399,8.60593,1.00,1.00
2017.04.05 20:42:02.179,8.60393,8.60586,1.00,1.00
2017.04.05 20:42:02.846,8.60404,8.60596,1.00,1.00
2017.04.05 20:42:06.315,8.604,8.60595,1.00,1.00
2017.04.05 20:42:15.501,8.60388,8.60582,1.00,1.00
2017.04.05 20:42:15.823,8.60393,8.60586,1.00,1.00
2017.04.05 20:42:18.794,8.60398,8.60592,1.00,1.00
2017.04.05 20:42:22.391,8.60402,8.60596,1.00,1.00
2017.04.05 20:42:32.386,8.60391,8.60586,1.00,1.00
2017.04.05 20:42:43.689,8.60381,8.60567,1.00,1.00
2017.04.05 20:42:43.841,8.60367,8.60561,1.00,1.00
2017.04.05 20:42:44.132,8.60373,8.60561,1.00,1.00
2017.04.05 20:42:47.508,8.60367,8.60561,1.00,1.00
2017.04.05 20:42:47.912,8.60361,8.60563,1.00,1.00
2017.04.05 20:42:48.433,8.60374,8.60568,1.00,1.00
2017.04.05 20:42:48.484,8.60384,8.60579,1.00,1.00
2017.04.05 20:42:50.123,8.60382,8.60568,1.00,1.00
2017.04.05 20:42:50.224,8.60384,8.60579,1.00,1.00
2017.04.05 20:42:51.517,8.60383,8.60578,1.00,1.00
2017.04.05 20:42:53.276,8.60382,8.60568,1.00,1.00
2017.04.05 20:42:54.238,8.60382,8.60565,1.00,1.00
2017.04.05 20:42:55.427,8.60382,8.60573,1.00,1.00
2017.04.05 20:43:00.176,8.60386,8.6058,1.00,1.00
2017.04.05 20:43:02.492,8.60392,8.60587,1.00,1.00
2017.04.05 20:43:02.593,8.60399,8.60593,1.00,1.00
2017.04.05 20:43:03.223,8.60399,8.60595,1.00,1.00
2017.04.05 20:43:03.734,8.60397,8.60594,1.00,1.00
2017.04.05 20:43:04.376,8.60391,8.60587,1.00,1.00
2017.04.05 20:43:04.709,8.60399,8.60593,1.00,1.00
2017.04.05 20:43:10.287,8.60376,8.60572,1.00,1.00
2017.04.05 20:43:10.338,8.60386,8.60582,1.00,1.00
2017.04.05 20:43:10.758,8.60398,8.60594,1.00,1.00
2017.04.05 20:43:17.972,8.60399,8.60595,1.00,1.00
2017.04.05 20:43:30.897,8.60377,8.60574,1.00,1.00
2017.04.05 20:43:30.948,8.60387,8.60584,1.00,1.00
2017.04.05 20:43:32.648,8.60383,8.60579,1.00,1.00
2017.04.05 20:43:33.706,8.60388,8.60584,1.00,1.00
2017.04.05 20:43:37.323,8.60388,8.60582,1.00,1.00
2017.04.05 20:43:40.517,8.60391,8.60586,1.00,1.00
2017.04.05 20:43:48.070,8.6039,8.60585,1.00,1.00
2017.04.05 20:43:51.526,8.60392,8.60587,1.00,1.00
2017.04.05 20:43:55.547,8.60394,8.60589,1.00,1.00
2017.04.05 20:43:56.288,8.6037,8.60562,1.00,1.00
2017.04.05 20:43:56.339,8.60377,8.60572,1.00,1.00
2017.04.05 20:43:59.040,8.60379,8.60574,1.00,1.00
2017.04.05 20:44:03.063,8.60382,8.60575,1.00,1.00
2017.04.05 20:44:03.631,8.60382,8.60577,1.00,1.00
2017.04.05 20:44:04.256,8.6039,8.60586,1.00,1.00
2017.04.05 20:44:06.555,8.60391,8.60587,1.00,1.00
2017.04.05 20:44:11.539,8.60376,8.60572,1.00,1.00
2017.04.05 20:44:14.074,8.60382,8.60577,1.00,1.00
2017.04.05 20:44:18.092,8.60382,8.60579,1.00,1.00
2017.04.05 20:44:21.589,8.60381,8.60577,1.00,1.00
2017.04.05 20:44:25.607,8.60383,8.60578,1.00,1.00
2017.04.05 20:44:33.122,8.60384,8.6058,1.00,1.00
2017.04.05 20:44:36.400,8.60385,8.6058,1.00,1.00
2017.04.05 20:44:42.332,8.6039,8.60585,1.00,1.00
2017.04.05 20:44:48.188,8.60387,8.60582,1.00,1.00
2017.04.05 20:44:50.113,8.60386,8.60579,1.00,1.00
2017.04.05 20:44:51.141,8.60383,8.60578,1.00,1.00
2017.04.05 20:44:52.092,8.60385,8.6058,1.00,1.00
2017.04.05 20:44:58.881,8.6039,8.60584,1.00,1.00
2017.04.05 20:44:59.184,8.60404,8.60596,1.00,1.00
2017.04.05 20:44:59.235,8.60399,8.60596,1.00,1.00
2017.04.05 20:45:00.059,8.60391,8.60587,1.00,1.00
2017.04.05 20:45:00.211,8.60385,8.60582,1.00,1.00
2017.04.05 20:45:01.219,8.60387,8.60582,1.00,1.00
2017.04.05 20:45:03.226,8.60385,8.60581,1.00,1.00
2017.04.05 20:45:06.470,8.60386,8.60581,1.00,1.00
2017.04.05 20:45:11.839,8.60392,8.60586,1.00,1.00
2017.04.05 20:45:12.269,8.60396,8.60591,1.00,1.00
2017.04.05 20:45:12.821,8.60402,8.60597,1.00,1.00
2017.04.05 20:45:13.155,8.60396,8.60589,1.00,1.00
2017.04.05 20:45:16.208,8.60401,8.60595,1.00,1.00
2017.04.05 20:45:16.317,8.60407,8.60602,1.00,1.00
2017.04.05 20:45:18.211,8.60408,8.60603,1.00,1.00
2017.04.05 20:45:21.705,8.60409,8.60604,1.00,1.00
2017.04.05 20:45:23.613,8.60399,8.60593,1.00,1.00
2017.04.05 20:45:25.727,8.60401,8.60596,1.00,1.00
2017.04.05 20:45:25.778,8.60399,8.60596,1.00,1.00
2017.04.05 20:45:40.238,8.60391,8.60585,1.50,1.00
2017.04.05 20:45:40.390,8.60384,8.6058,1.00,1.00
2017.04.05 20:45:48.271,8.60384,8.60578,1.00,1.00
2017.04.05 20:45:51.765,8.60384,8.6058,1.00,1.00
2017.04.05 20:45:55.817,8.60392,8.60586,1.00,1.00
2017.04.05 20:46:03.302,8.60393,8.60587,1.00,1.00
2017.04.05 20:46:06.795,8.60394,8.60588,1.00,1.00
2017.04.05 20:46:09.757,8.60403,8.60599,1.00,1.00
2017.04.05 20:46:10.817,8.60407,8.60604,1.00,1.00
2017.04.05 20:46:11.819,8.60403,8.606,1.00,1.00
2017.04.05 20:46:14.309,8.60408,8.60602,1.00,1.00
2017.04.05 20:46:15.311,8.60411,8.60607,1.00,1.00
2017.04.05 20:46:17.442,8.60401,8.60597,1.00,1.00
2017.04.05 20:46:18.417,8.60403,8.60599,1.00,1.00
2017.04.05 20:46:21.824,8.60402,8.60597,1.00,1.00
2017.04.05 20:46:25.889,8.60397,8.60592,1.00,1.00
2017.04.05 20:46:29.356,8.60403,8.60597,1.00,1.00
2017.04.05 20:46:30.868,8.60408,8.60602,1.00,1.00
2017.04.05 20:46:31.720,8.60396,8.60593,1.00,1.00
2017.04.05 20:46:32.118,8.60388,8.60583,1.00,1.00
2017.04.05 20:46:33.362,8.60387,8.60583,1.00,1.00
2017.04.05 20:46:36.855,8.60388,8.60585,1.00,1.00
2017.04.05 20:46:38.007,8.60392,8.60588,1.00,1.00
2017.04.05 20:46:38.987,8.60399,8.60595,1.00,1.00
2017.04.05 20:46:39.437,8.60407,8.60601,1.00,1.00
2017.04.05 20:46:39.976,8.60411,8.60607,1.00,1.00
2017.04.05 20:46:40.899,8.60419,8.60613,1.00,1.00
2017.04.05 20:46:41.417,8.60422,8.60618,1.00,1.00
2017.04.05 20:46:42.466,8.60417,8.60613,1.00,1.00
2017.04.05 20:46:42.517,8.60422,8.60619,1.00,1.00
2017.04.05 20:46:44.370,8.60416,8.6061,1.00,1.00
2017.04.05 20:46:46.788,8.60419,8.60616,1.00,1.00
2017.04.05 20:46:47.202,8.60425,8.60621,1.00,1.00
2017.04.05 20:46:47.506,8.60453,8.60647,1.50,1.00
2017.04.05 20:46:48.238,8.60446,8.60642,1.00,1.00
2017.04.05 20:46:49.237,8.60437,8.60625,1.00,1.00
2017.04.05 20:46:49.540,8.6042,8.60617,1.00,1.00
2017.04.05 20:46:54.228,8.60424,8.60621,1.00,1.00
2017.04.05 20:46:54.531,8.60417,8.60612,1.00,1.00
2017.04.05 20:46:55.199,8.60413,8.60607,1.00,1.00
2017.04.05 20:46:56.024,8.60418,8.60614,1.00,1.00
2017.04.05 20:46:56.075,8.60425,8.6062,1.00,1.00
2017.04.05 20:46:57.531,8.60495,8.6066,1.00,1.00
2017.04.05 20:46:57.582,8.60502,8.60704,1.00,1.00
2017.04.05 20:46:57.634,8.60522,8.60704,1.00,1.00
2017.04.05 20:46:57.685,8.60544,8.60738,1.00,1.00
2017.04.05 20:46:58.028,8.60519,8.60716,1.00,1.00
2017.04.05 20:46:59.448,8.60522,8.60719,1.00,1.00
2017.04.05 20:46:59.858,8.60532,8.60728,1.00,1.00
2017.04.05 20:47:00.829,8.60533,8.60729,1.00,1.00
2017.04.05 20:47:01.288,8.60525,8.60719,1.00,1.00
2017.04.05 20:47:02.278,8.6052,8.60717,1.00,1.00
2017.04.05 20:47:03.422,8.60521,8.60718,1.00,1.00
2017.04.05 20:47:06.934,8.60519,8.60715,1.00,1.00
2017.04.05 20:47:10.937,8.60514,8.60711,1.00,1.00
2017.04.05 20:47:16.776,8.60502,8.60698,1.00,1.00
2017.04.05 20:47:17.107,8.60513,8.60709,1.00,1.00
2017.04.05 20:47:18.370,8.60524,8.60719,1.00,1.00
2017.04.05 20:47:18.859,8.60509,8.60695,1.00,1.00
2017.04.05 20:47:18.910,8.60509,8.60718,1.00,1.00
2017.04.05 20:47:18.961,8.60499,8.60718,1.00,1.00
2017.04.05 20:47:19.852,8.6049,8.60718,1.00,1.00
2017.04.05 20:47:21.058,8.60493,8.60719,1.00,1.00
2017.04.05 20:47:22.054,8.60493,8.60721,1.00,1.50
2017.04.05 20:47:23.688,8.60509,8.60703,1.00,1.00
2017.04.05 20:47:23.890,8.60497,8.60717,1.50,1.00
2017.04.05 20:47:25.259,8.60501,8.60722,1.00,1.00
2017.04.05 20:47:26.007,8.60528,8.60745,1.00,1.00
2017.04.05 20:47:26.393,8.60537,8.60733,1.00,1.00
2017.04.05 20:47:26.697,8.60535,8.60731,1.00,1.00
2017.04.05 20:47:27.136,8.60521,8.60717,1.00,1.00
2017.04.05 20:47:27.901,8.60521,8.60705,1.00,1.00
2017.04.05 20:47:28.634,8.60524,8.6072,1.00,1.00
2017.04.05 20:47:28.684,8.60521,8.60714,1.00,1.00
2017.04.05 20:47:28.927,8.60533,8.60729,1.00,1.00
2017.04.05 20:47:29.916,8.6053,8.60727,1.00,1.00
2017.04.05 20:47:31.210,8.60521,8.60712,1.00,1.00
2017.04.05 20:47:31.261,8.60538,8.60733,1.00,1.00
2017.04.05 20:47:31.312,8.60544,8.6074,1.00,1.00
2017.04.05 20:47:31.364,8.60523,8.60717,1.00,1.00
2017.04.05 20:47:31.667,8.60526,8.60718,1.00,1.00
2017.04.05 20:47:31.838,8.60529,8.60724,1.00,1.00
2017.04.05 20:47:32.366,8.60519,8.60713,1.00,1.00
2017.04.05 20:47:37.614,8.60543,8.60738,1.00,1.00
2017.04.05 20:47:37.917,8.60552,8.60747,1.00,1.00
2017.04.05 20:47:48.512,8.60553,8.60748,1.00,1.00
2017.04.05 20:47:56.015,8.60532,8.60727,1.00,1.00
2017.04.05 20:47:56.318,8.60553,8.60748,1.00,1.00
2017.04.05 20:47:59.520,8.60546,8.6074,1.00,1.00
2017.04.05 20:48:00.658,8.60542,8.60737,1.00,1.00
2017.04.05 20:48:00.709,8.60536,8.60729,1.00,1.00
2017.04.05 20:48:01.397,8.60546,8.6074,1.00,1.00
2017.04.05 20:48:03.569,8.60542,8.60737,1.00,1.00
2017.04.05 20:48:04.545,8.60541,8.60733,1.00,1.00
2017.04.05 20:48:07.034,8.6054,8.60735,1.00,1.00
2017.04.05 20:48:09.161,8.60546,8.6074,1.00,1.00
2017.04.05 20:48:14.883,8.60529,8.60724,1.00,1.00
2017.04.05 20:48:14.934,8.6054,8.60735,1.00,1.00
2017.04.05 20:48:15.265,8.60552,8.60744,1.00,1.00
2017.04.05 20:48:15.668,8.60567,8.60762,1.00,1.00
2017.04.05 20:48:18.572,8.60569,8.60764,1.00,1.00
2017.04.05 20:48:21.755,8.6058,8.60798,1.00,1.00
2017.04.05 20:48:21.806,8.60586,8.60798,1.37,1.00
2017.04.05 20:48:22.280,8.6061,8.60798,1.00,1.00
2017.04.05 20:48:23.088,8.6061,8.60799,1.00,1.00
2017.04.05 20:48:23.139,8.60586,8.60799,1.37,1.00
2017.04.05 20:48:23.240,8.60607,8.60799,1.00,1.00
2017.04.05 20:48:26.087,8.60607,8.60806,1.00,1.00
2017.04.05 20:48:27.707,8.60607,8.60801,1.00,1.00
2017.04.05 20:48:29.648,8.60592,8.60801,1.12,1.00
2017.04.05 20:48:30.083,8.60592,8.60806,1.12,1.00
2017.04.05 20:48:30.338,8.60592,8.608,1.12,1.00
2017.04.05 20:48:30.707,8.60592,8.60791,1.12,1.00
2017.04.05 20:48:37.137,8.60592,8.60788,1.12,1.00
2017.04.05 20:48:38.157,8.60592,8.60793,1.12,1.00
2017.04.05 20:48:39.196,8.60612,8.60801,2.14,1.00
2017.04.05 20:48:39.298,8.60592,8.6079,1.00,1.00
2017.04.05 20:48:39.349,8.60612,8.6079,1.47,1.00
2017.04.05 20:48:39.551,8.60571,8.6075,1.00,1.00
2017.04.05 20:48:39.602,8.60558,8.6075,1.00,1.00
2017.04.05 20:48:39.703,8.60555,8.6075,1.00,1.00
2017.04.05 20:48:40.500,8.6055,8.60745,1.00,1.00
2017.04.05 20:48:40.807,8.60557,8.60751,1.00,1.00
2017.04.05 20:48:41.117,8.60566,8.60759,1.00,1.00
2017.04.05 20:48:42.118,8.60566,8.60761,1.00,1.00
2017.04.05 20:48:42.839,8.60561,8.60756,1.00,1.00
2017.04.05 20:48:48.326,8.60565,8.6076,1.00,1.00
2017.04.05 20:48:48.646,8.6056,8.60755,1.00,1.00
2017.04.05 20:48:50.041,8.60563,8.60758,1.00,1.00
2017.04.05 20:48:50.357,8.60553,8.60748,1.00,1.00
2017.04.05 20:48:51.333,8.60572,8.60767,1.00,1.00
2017.04.05 20:48:52.316,8.60568,8.60763,1.00,1.00
2017.04.05 20:48:55.047,8.60562,8.60757,1.00,1.00
2017.04.05 20:48:55.406,8.60572,8.60767,1.00,1.00
2017.04.05 20:48:56.191,8.60568,8.60763,1.00,1.00
2017.04.05 20:48:58.793,8.60565,8.60758,1.00,1.00
2017.04.05 20:48:59.237,8.60559,8.60754,1.00,1.00
2017.04.05 20:49:00.096,8.60569,8.60762,1.00,1.00
2017.04.05 20:49:00.147,8.60577,8.60772,1.00,1.00
2017.04.05 20:49:00.903,8.60567,8.60762,1.00,1.00
2017.04.05 20:49:01.247,8.60556,8.60751,1.00,1.00
2017.04.05 20:49:02.785,8.60568,8.60763,1.00,1.00
2017.04.05 20:49:03.773,8.60567,8.6076,1.00,1.00
2017.04.05 20:49:05.328,8.60553,8.60746,1.00,1.00
2017.04.05 20:49:05.379,8.60551,8.6077,1.00,1.00
2017.04.05 20:49:06.286,8.60533,8.6077,1.00,1.00
2017.04.05 20:49:07.197,8.60533,8.60756,1.00,1.00
2017.04.05 20:49:07.364,8.60521,8.60756,1.00,1.00
2017.04.05 20:49:07.660,8.60521,8.6074,1.00,1.00
2017.04.05 20:49:08.182,8.60502,8.6074,1.00,1.00
2017.04.05 20:49:11.759,8.60519,8.6074,1.00,1.00
2017.04.05 20:49:11.907,8.60519,8.60759,1.00,1.00
2017.04.05 20:49:12.725,8.60514,8.60757,1.00,1.00
2017.04.05 20:49:13.004,8.60511,8.6075,1.00,1.00
2017.04.05 20:49:13.756,8.60513,8.60756,1.00,1.00
2017.04.05 20:49:14.670,8.60513,8.60751,1.00,1.00
2017.04.05 20:49:15.672,8.60517,8.60755,1.00,1.00
2017.04.05 20:49:20.710,8.60511,8.60746,1.00,1.00
2017.04.05 20:49:21.361,8.60516,8.60754,1.00,1.00
2017.04.05 20:49:22.325,8.6052,8.60757,1.00,1.00
2017.04.05 20:49:23.491,8.60511,8.60747,1.50,1.00
2017.04.05 20:49:23.815,8.60511,8.60743,1.00,1.00
2017.04.05 20:49:25.883,8.6051,8.60734,1.00,1.00
2017.04.05 20:49:28.410,8.60514,8.60709,1.00,1.00
2017.04.05 20:49:28.735,8.60524,8.60719,1.00,1.00
2017.04.05 20:49:29.700,8.60516,8.60709,1.00,1.00
2017.04.05 20:49:30.532,8.60526,8.6072,1.00,1.00
2017.04.05 20:49:30.803,8.60513,8.60708,1.00,1.00
2017.04.05 20:49:31.511,8.60524,8.60719,1.00,1.00
2017.04.05 20:49:31.858,8.60516,8.60708,1.00,1.00
2017.04.05 20:49:32.317,8.60536,8.60731,1.00,1.00
2017.04.05 20:49:32.577,8.60515,8.60709,1.00,1.00
2017.04.05 20:49:32.939,8.60526,8.6072,1.00,1.00
2017.04.05 20:49:33.373,8.60514,8.60708,1.00,1.00
2017.04.05 20:49:33.525,8.60529,8.60724,1.00,1.00
2017.04.05 20:49:33.777,8.60511,8.60705,1.00,1.00
2017.04.05 20:49:33.929,8.60526,8.60721,1.00,1.00
2017.04.05 20:49:34.404,8.60514,8.60709,1.00,1.00
2017.04.05 20:49:34.708,8.60496,8.60693,1.00,1.00
2017.04.05 20:49:35.128,8.60496,8.60716,1.00,1.00
2017.04.05 20:49:35.438,8.60497,8.60692,1.00,1.00
2017.04.05 20:49:37.215,8.60497,8.60694,1.00,1.00
2017.04.05 20:49:39.306,8.60495,8.60688,1.00,1.00
2017.04.05 20:49:39.537,8.60492,8.60688,1.00,1.00
2017.04.05 20:49:40.197,8.60486,8.60683,1.00,1.00
2017.04.05 20:49:40.349,8.60492,8.60688,1.00,1.00
2017.04.05 20:49:41.360,8.60488,8.60683,1.00,1.00
2017.04.05 20:49:48.791,8.60502,8.60698,1.00,1.00
2017.04.05 20:49:48.842,8.6049,8.60686,1.00,1.00
2017.04.05 20:50:00.130,8.60494,8.60691,1.00,1.00
2017.04.05 20:50:00.231,8.6051,8.60706,1.00,1.00
2017.04.05 20:50:01.129,8.60505,8.60701,1.00,1.00
2017.04.05 20:50:01.463,8.60527,8.60723,1.00,1.00
2017.04.05 20:50:02.278,8.60521,8.60717,1.00,1.00
2017.04.05 20:50:03.800,8.6052,8.60717,1.00,1.00
2017.04.05 20:50:04.799,8.60516,8.60713,1.00,1.00
2017.04.05 20:50:05.119,8.60527,8.60721,1.00,1.00
2017.04.05 20:50:06.055,8.60522,8.60715,1.00,1.00
2017.04.05 20:50:07.310,8.60522,8.60716,1.00,1.00
2017.04.05 20:50:08.159,8.60534,8.60731,1.00,1.00
2017.04.05 20:50:08.261,8.60545,8.60741,1.00,1.00
2017.04.05 20:50:09.229,8.60542,8.60738,1.00,1.00
2017.04.05 20:50:10.303,8.60539,8.60734,1.00,1.00
2017.04.05 20:50:11.113,8.60545,8.60741,1.00,1.00
2017.04.05 20:50:11.365,8.60536,8.6073,1.00,1.00
2017.04.05 20:50:12.163,8.60544,8.6074,1.00,1.00
2017.04.05 20:50:12.674,8.60544,8.60741,1.00,1.00
2017.04.05 20:50:12.876,8.60535,8.60731,1.00,1.00
2017.04.05 20:50:13.848,8.60538,8.60734,1.00,1.00
2017.04.05 20:50:14.151,8.6055,8.60744,1.00,1.00
2017.04.05 20:50:14.677,8.60539,8.60736,1.00,1.00
2017.04.05 20:50:15.514,8.60545,8.60742,1.00,1.00
2017.04.05 20:50:15.969,8.60535,8.60731,1.00,1.00
2017.04.05 20:50:16.523,8.60551,8.60747,1.00,1.00
2017.04.05 20:50:16.826,8.60535,8.60731,1.00,1.00
2017.04.05 20:50:17.536,8.60545,8.60741,1.00,1.00
2017.04.05 20:50:17.839,8.60536,8.60731,1.00,1.00
2017.04.05 20:50:18.825,8.6055,8.60746,1.00,1.00
2017.04.05 20:50:18.926,8.60561,8.60756,1.00,1.00
2017.04.05 20:50:19.589,8.60551,8.60745,1.00,1.00
2017.04.05 20:50:19.640,8.60559,8.60756,1.00,1.00
2017.04.05 20:50:22.305,8.6056,8.60756,1.00,1.00
2017.04.05 20:50:22.710,8.60551,8.60747,1.00,1.00
2017.04.05 20:50:23.786,8.6056,8.60756,1.00,1.00
2017.04.05 20:50:29.821,8.60554,8.60751,1.00,1.00
2017.04.05 20:50:32.036,8.60559,8.60754,1.00,1.00
2017.04.05 20:50:33.842,8.60557,8.60753,1.00,1.00
2017.04.05 20:50:37.335,8.60561,8.60755,1.00,1.00
2017.04.05 20:50:38.338,8.60556,8.60753,1.00,1.00
2017.04.05 20:50:42.596,8.6056,8.60756,1.00,1.00
2017.04.05 20:50:43.570,8.60564,8.60761,1.00,1.00
2017.04.05 20:50:46.227,8.6056,8.60756,1.00,1.00
2017.04.05 20:50:49.099,8.60575,8.60771,1.00,1.00
2017.04.05 20:50:49.446,8.60632,8.60819,1.00,1.00
2017.04.05 20:50:49.497,8.60632,8.60829,1.00,1.00
2017.04.05 20:50:49.750,8.60633,8.60826,1.00,1.00
2017.04.05 20:50:50.128,8.60619,8.60814,1.00,1.00
2017.04.05 20:50:50.746,8.60624,8.60819,1.00,1.00
2017.04.05 20:50:52.377,8.6062,8.60815,1.00,1.00
2017.04.05 20:50:52.801,8.60627,8.60822,1.00,1.00
2017.04.05 20:50:53.315,8.60617,8.60812,1.00,1.00
2017.04.05 20:50:53.636,8.60613,8.60808,1.00,1.00
2017.04.05 20:50:53.989,8.60619,8.60814,1.00,1.00
2017.04.05 20:50:57.417,8.60631,8.60823,1.00,1.00
2017.04.05 20:50:57.468,8.60617,8.60811,1.00,1.00
2017.04.05 20:50:58.637,8.60623,8.60815,1.00,1.00
2017.04.05 20:50:59.718,8.60645,8.6084,1.00,1.00
2017.04.05 20:50:59.769,8.60656,8.60848,1.00,1.00
2017.04.05 20:51:00.659,8.60669,8.60862,1.00,1.00
2017.04.05 20:51:00.760,8.60675,8.60868,1.00,1.00
2017.04.05 20:51:01.088,8.60686,8.60879,1.00,1.00
2017.04.05 20:51:01.391,8.60721,8.60914,1.00,1.00
2017.04.05 20:51:01.594,8.60723,8.60918,1.00,1.00
2017.04.05 20:51:02.596,8.60725,8.6092,1.00,1.00
2017.04.05 20:51:02.647,8.60671,8.60915,1.00,1.00
2017.04.05 20:51:02.698,8.60687,8.60882,1.00,1.00
2017.04.05 20:51:03.684,8.60684,8.60878,1.00,1.00
2017.04.05 20:51:04.634,8.60702,8.60897,1.00,1.00
2017.04.05 20:51:04.735,8.60693,8.60887,1.00,1.00
2017.04.05 20:51:05.416,8.60694,8.60888,1.00,1.00
2017.04.05 20:51:08.017,8.60699,8.60893,1.00,1.00
2017.04.05 20:51:08.925,8.60687,8.60882,1.00,1.00
2017.04.05 20:51:09.026,8.60681,8.60875,1.00,1.00
2017.04.05 20:51:10.025,8.60684,8.6088,1.00,1.00
2017.04.05 20:51:10.368,8.60678,8.60875,1.00,1.00
2017.04.05 20:51:11.472,8.60677,8.60873,1.00,1.00
2017.04.05 20:51:12.427,8.60682,8.60877,1.00,1.00
2017.04.05 20:51:14.116,8.60687,8.60884,1.00,1.00
2017.04.05 20:51:14.167,8.60692,8.60888,1.00,1.00
2017.04.05 20:51:14.268,8.60701,8.60898,1.00,1.00
2017.04.05 20:51:15.236,8.60702,8.60896,1.00,1.00
2017.04.05 20:51:15.458,8.6068,8.60876,1.00,1.00
2017.04.05 20:51:15.922,8.60697,8.60891,1.00,1.00
2017.04.05 20:51:16.101,8.60708,8.60904,1.00,1.00
2017.04.05 20:51:16.416,8.60714,8.60908,1.00,1.00
2017.04.05 20:51:17.417,8.60714,8.60909,1.00,1.00
2017.04.05 20:51:18.932,8.60711,8.60906,1.00,1.00
2017.04.05 20:51:19.731,8.60694,8.60888,1.00,1.00
2017.04.05 20:51:19.986,8.60702,8.60897,1.00,1.00
2017.04.05 20:51:20.289,8.60712,8.60913,1.00,1.00
2017.04.05 20:51:20.852,8.60711,8.60905,1.00,1.00
2017.04.05 20:51:23.436,8.60681,8.60876,1.00,1.00
2017.04.05 20:51:23.487,8.60689,8.60884,1.00,1.00
2017.04.05 20:51:24.433,8.60683,8.60878,1.00,1.00
2017.04.05 20:51:26.415,8.60679,8.60874,1.00,1.00
2017.04.05 20:51:26.764,8.60689,8.60884,1.00,1.00
2017.04.05 20:51:28.205,8.60694,8.60886,1.00,1.00
2017.04.05 20:51:28.256,8.60691,8.60887,1.00,1.00
2017.04.05 20:51:28.407,8.60689,8.60885,1.00,1.00
2017.04.05 20:51:28.731,8.60711,8.60907,1.00,1.00
2017.04.05 20:51:29.042,8.60698,8.60894,1.00,1.00
2017.04.05 20:51:29.476,8.60715,8.6091,1.00,1.00
2017.04.05 20:51:29.527,8.60706,8.60902,1.00,1.00
2017.04.05 20:51:30.377,8.60703,8.609,1.00,1.00
2017.04.05 20:51:30.942,8.60731,8.60926,1.00,1.00
2017.04.05 20:51:31.144,8.60758,8.60955,1.00,1.00
2017.04.05 20:51:31.824,8.60746,8.60943,1.00,1.00
2017.04.05 20:51:32.156,8.60742,8.60938,1.00,1.00
2017.04.05 20:51:33.949,8.60729,8.60915,1.00,1.00
2017.04.05 20:51:34.050,8.60713,8.6091,1.50,1.00
2017.04.05 20:51:34.958,8.6072,8.60916,1.00,1.00
2017.04.05 20:51:38.069,8.60742,8.60938,1.00,1.00
2017.04.05 20:51:38.386,8.60754,8.6095,1.00,1.00
2017.04.05 20:51:40.000,8.60749,8.60945,1.00,1.00
2017.04.05 20:51:40.301,8.60755,8.60949,1.00,1.00
2017.04.05 20:51:40.951,8.60749,8.60943,1.00,1.00
2017.04.05 20:51:41.433,8.60722,8.60916,1.00,1.00
2017.04.05 20:51:42.398,8.60717,8.60912,1.00,1.00
2017.04.05 20:51:43.742,8.60722,8.60916,1.00,1.00
2017.04.05 20:51:44.970,8.60718,8.60915,1.00,1.00
2017.04.05 20:51:46.785,8.60714,8.6091,1.00,1.00
2017.04.05 20:51:47.666,8.60719,8.60916,1.00,1.00
2017.04.05 20:51:47.767,8.60728,8.60925,1.00,1.00
2017.04.05 20:51:48.070,8.60739,8.60933,1.00,1.00
2017.04.05 20:51:48.641,8.60729,8.60925,1.00,1.00
2017.04.05 20:51:50.653,8.6072,8.60916,1.00,1.00
2017.04.05 20:51:51.784,8.60713,8.60909,1.00,1.00
2017.04.05 20:51:52.690,8.6071,8.60907,1.00,1.00
2017.04.05 20:51:56.525,8.60714,8.6091,1.00,1.00
2017.04.05 20:51:58.737,8.60731,8.60928,1.00,1.00
2017.04.05 20:52:00.670,8.6074,8.60937,1.00,1.00
2017.04.05 20:52:01.105,8.60736,8.60932,1.00,1.00
2017.04.05 20:52:01.547,8.60753,8.60949,1.00,1.00
2017.04.05 20:52:01.641,8.60764,8.60961,1.00,1.00
2017.04.05 20:52:02.256,8.60766,8.60961,1.00,1.00
2017.04.05 20:52:03.221,8.60771,8.60964,1.00,1.00
2017.04.05 20:52:04.235,8.60767,8.60962,1.00,1.00
2017.04.05 20:52:05.225,8.60767,8.6096,1.00,1.00
2017.04.05 20:52:05.406,8.60779,8.60973,1.00,1.00
2017.04.05 20:52:05.584,8.60785,8.60979,1.00,1.00
2017.04.05 20:52:05.811,8.60798,8.60995,1.00,1.00
2017.04.05 20:52:06.382,8.60793,8.60987,1.00,1.00
2017.04.05 20:52:07.523,8.60788,8.60984,1.00,1.00
2017.04.05 20:52:08.127,8.60779,8.60974,1.00,1.00
2017.04.05 20:52:11.186,8.60785,8.60981,1.00,1.00
2017.04.05 20:52:11.287,8.60792,8.60988,1.00,1.00
2017.04.05 20:52:12.198,8.60787,8.60984,1.00,1.00
2017.04.05 20:52:15.395,8.60772,8.60969,1.00,1.00
2017.04.05 20:52:15.773,8.60756,8.60953,1.00,1.00
2017.04.05 20:52:16.122,8.60745,8.60942,1.00,1.00
2017.04.05 20:52:19.053,8.60748,8.60942,1.00,1.00
2017.04.05 20:52:20.318,8.60729,8.60925,1.00,1.00
2017.04.05 20:52:20.419,8.60723,8.60919,1.00,1.00
2017.04.05 20:52:21.390,8.60725,8.60922,1.00,1.00
2017.04.05 20:52:22.546,8.60728,8.60923,1.00,1.00
2017.04.05 20:52:23.241,8.60753,8.6095,1.00,1.00
2017.04.05 20:52:24.110,8.60753,8.60949,1.00,1.00
2017.04.05 20:52:26.567,8.60752,8.60948,1.00,1.00
2017.04.05 20:52:33.885,8.60748,8.60943,1.00,1.00
2017.04.05 20:52:34.875,8.60744,8.60939,1.00,1.00
2017.04.05 20:52:35.226,8.60763,8.6096,1.00,1.00
2017.04.05 20:52:35.586,8.60788,8.60982,1.00,1.00
2017.04.05 20:52:35.749,8.60804,8.61001,1.00,1.00
2017.04.05 20:52:36.052,8.60791,8.60985,1.00,1.00
2017.04.05 20:52:37.028,8.60786,8.60982,1.00,1.00
2017.04.05 20:52:39.620,8.60781,8.60977,1.00,1.00
2017.04.05 20:52:39.875,8.60775,8.60972,1.00,1.00
2017.04.05 20:52:40.337,8.60784,8.60981,1.00,1.00
2017.04.05 20:52:40.840,8.60789,8.60985,1.00,1.00
2017.04.05 20:52:41.215,8.60783,8.60978,1.00,1.00
2017.04.05 20:52:41.266,8.60793,8.60989,1.00,1.00
2017.04.05 20:52:42.252,8.60791,8.60987,1.00,1.00
2017.04.05 20:52:42.557,8.60778,8.60974,1.00,1.00
2017.04.05 20:52:43.387,8.60775,8.60972,1.00,1.00
2017.04.05 20:52:44.401,8.60771,8.60968,1.00,1.00
2017.04.05 20:52:49.113,8.6077,8.60966,1.00,1.00
2017.04.05 20:52:56.330,8.60759,8.60956,1.00,1.00
2017.04.05 20:52:56.381,8.60744,8.60938,1.00,1.00
2017.04.05 20:52:57.132,8.60764,8.6096,1.00,1.00
2017.04.05 20:53:00.120,8.60754,8.60951,1.00,1.00
2017.04.05 20:53:01.025,8.60747,8.60943,1.00,1.00
2017.04.05 20:53:02.513,8.60746,8.60942,1.00,1.00
2017.04.05 20:53:03.552,8.60742,8.60938,1.00,1.00
2017.04.05 20:53:03.898,8.60734,8.6093,1.00,1.00
2017.04.05 20:53:04.227,8.60754,8.60949,1.00,1.00
2017.04.05 20:53:04.507,8.60744,8.6094,1.00,1.00
2017.04.05 20:53:04.860,8.60757,8.60953,1.00,1.00
2017.04.05 20:53:05.163,8.60744,8.60938,1.00,1.00
2017.04.05 20:53:05.863,8.60748,8.60945,1.00,1.00
2017.04.05 20:53:06.116,8.60753,8.6095,1.00,1.00
2017.04.05 20:53:06.462,8.60743,8.60939,1.00,1.00
2017.04.05 20:53:06.664,8.60753,8.6095,1.00,1.00
2017.04.05 20:53:06.796,8.60741,8.60937,1.00,1.00
2017.04.05 20:53:07.612,8.60731,8.60927,1.00,1.00
2017.04.05 20:53:08.112,8.60744,8.60938,1.00,1.00
2017.04.05 20:53:09.110,8.60733,8.60928,1.00,1.00
2017.04.05 20:53:11.323,8.60739,8.60935,1.00,1.00
2017.04.05 20:53:11.438,8.60749,8.60946,1.00,1.00
2017.04.05 20:53:11.641,8.60734,8.6093,1.00,1.00
2017.04.05 20:53:11.692,8.60726,8.60948,1.00,1.00
2017.04.05 20:53:11.843,8.60752,8.60949,1.00,1.00
2017.04.05 20:53:12.738,8.60747,8.60944,1.00,1.00
2017.04.05 20:53:13.837,8.60743,8.6094,1.00,1.00
2017.04.05 20:53:14.741,8.60742,8.60936,1.00,1.00
2017.04.05 20:53:15.151,8.60735,8.60931,1.00,1.00
2017.04.05 20:53:19.173,8.60733,8.60929,1.00,1.00
2017.04.05 20:53:19.821,8.6074,8.60936,1.00,1.00
2017.04.05 20:53:20.789,8.60736,8.60932,1.00,1.00
2017.04.05 20:53:25.126,8.60752,8.60932,1.00,1.00
2017.04.05 20:53:25.177,8.60762,8.60967,1.00,1.00
2017.04.05 20:53:25.228,8.60773,8.60975,1.00,1.00
2017.04.05 20:53:25.531,8.60762,8.60975,1.00,1.00
2017.04.05 20:53:25.582,8.60772,8.60975,1.00,1.00
2017.04.05 20:53:25.738,8.60772,8.60999,1.00,1.00
2017.04.05 20:53:26.063,8.60783,8.60966,1.00,1.00
2017.04.05 20:53:26.214,8.60783,8.60998,1.00,1.00
2017.04.05 20:53:26.437,8.60772,8.60967,1.00,1.00
2017.04.05 20:53:26.539,8.60762,8.60967,1.00,1.00
2017.04.05 20:53:26.640,8.60782,8.60989,1.00,1.00
2017.04.05 20:53:26.792,8.60772,8.60989,1.00,1.00
2017.04.05 20:53:26.893,8.60762,8.60989,1.00,1.00
2017.04.05 20:53:26.994,8.60773,8.60989,1.00,1.00
2017.04.05 20:53:30.180,8.60773,8.60988,1.00,1.00
2017.04.05 20:53:32.367,8.60773,8.61003,1.00,1.00
2017.04.05 20:53:32.418,8.60782,8.61004,1.00,1.00
2017.04.05 20:53:32.721,8.60792,8.60999,1.00,1.00
2017.04.05 20:53:33.025,8.60803,8.60999,1.00,1.00
2017.04.05 20:53:33.374,8.60812,8.60999,1.00,1.00
2017.04.05 20:53:33.759,8.60812,8.61018,1.00,1.00
2017.04.05 20:53:33.946,8.60812,8.61011,1.00,1.00
2017.04.05 20:53:35.616,8.60822,8.61011,1.00,1.00
2017.04.05 20:53:35.767,8.60813,8.61011,1.00,1.00
2017.04.05 20:53:39.714,8.60822,8.61003,1.00,1.00
2017.04.05 20:53:41.717,8.60822,8.61017,1.00,1.00
2017.04.05 20:53:43.714,8.60812,8.61017,1.00,1.00
2017.04.05 20:53:43.827,8.60802,8.61,1.00,1.00
2017.04.05 20:53:44.484,8.60803,8.61,1.00,1.00
2017.04.05 20:53:45.210,8.60803,8.61015,1.00,1.00
2017.04.05 20:53:45.415,8.60792,8.61015,1.00,1.00
2017.04.05 20:53:45.965,8.60792,8.61006,1.00,1.00
2017.04.05 20:53:46.016,8.60782,8.61006,1.00,1.00
2017.04.05 20:53:46.067,8.60772,8.61006,1.00,1.00
2017.04.05 20:53:46.684,8.60772,8.61007,1.00,1.00
2017.04.05 20:53:48.821,8.60772,8.61002,1.00,1.00
2017.04.05 20:53:50.197,8.60782,8.61002,1.00,1.00
2017.04.05 20:53:50.509,8.60782,8.60998,1.00,1.00
2017.04.05 20:53:51.082,8.60792,8.60989,1.00,1.00
2017.04.05 20:53:51.612,8.60782,8.60989,1.00,1.00
2017.04.05 20:53:51.663,8.60782,8.61005,1.00,1.00
2017.04.05 20:53:51.815,8.60792,8.61021,1.00,1.00
2017.04.05 20:53:51.916,8.60798,8.61036,1.00,1.00
2017.04.05 20:53:52.095,8.60792,8.61025,1.00,1.00
2017.04.05 20:53:53.030,8.60792,8.61023,1.00,1.00
2017.04.05 20:53:54.476,8.60795,8.6103,1.00,1.00
2017.04.05 20:53:55.280,8.60807,8.61041,1.00,1.00
2017.04.05 20:53:55.583,8.60815,8.61048,1.00,1.00
2017.04.05 20:53:56.245,8.6081,8.61045,1.00,1.00
2017.04.05 20:53:56.581,8.60795,8.61029,1.00,1.00
2017.04.05 20:53:56.884,8.60795,8.6102,1.00,1.00
2017.04.05 20:53:57.761,8.60798,8.61022,1.00,1.00
2017.04.05 20:53:58.581,8.60808,8.61004,1.00,1.00
2017.04.05 20:53:58.632,8.60802,8.6102,1.00,1.00
2017.04.05 20:53:59.550,8.60802,8.61025,1.00,1.00
2017.04.05 20:53:59.702,8.60802,8.61023,1.00,1.00
2017.04.05 20:54:00.707,8.60802,8.61028,1.50,1.00
2017.04.05 20:54:00.758,8.60816,8.61038,1.00,1.00
2017.04.05 20:54:00.910,8.6083,8.61053,1.00,1.00
2017.04.05 20:54:00.960,8.60835,8.61031,1.00,1.00
2017.04.05 20:54:01.748,8.60847,8.61044,1.00,1.00
2017.04.05 20:54:01.969,8.60825,8.61049,1.00,1.00
2017.04.05 20:54:03.500,8.60818,8.61042,1.00,1.00
2017.04.05 20:54:03.753,8.60812,8.61037,1.50,1.00
2017.04.05 20:54:03.855,8.6082,8.61044,1.00,1.00
2017.04.05 20:54:04.783,8.60845,8.61041,1.00,1.00
2017.04.05 20:54:05.103,8.60854,8.61051,1.00,1.00
2017.04.05 20:54:05.735,8.60848,8.61045,1.00,1.00
2017.04.05 20:54:07.757,8.60851,8.61045,1.00,1.00
2017.04.05 20:54:10.535,8.60844,8.61041,1.00,1.00
2017.04.05 20:54:10.740,8.60853,8.6105,1.00,1.00
2017.04.05 20:54:11.121,8.60878,8.61075,1.00,1.00
2017.04.05 20:54:11.172,8.60849,8.61073,1.00,1.00
2017.04.05 20:54:11.223,8.60882,8.61079,1.00,1.00
2017.04.05 20:54:11.534,8.60858,8.61065,1.00,1.00
2017.04.05 20:54:11.602,8.60887,8.61083,1.00,1.00
2017.04.05 20:54:12.209,8.60909,8.61105,1.00,1.00
2017.04.05 20:54:12.724,8.60891,8.61088,1.00,1.00
2017.04.05 20:54:13.233,8.60908,8.61104,1.00,1.00
2017.04.05 20:54:13.575,8.60895,8.61091,1.00,1.00
2017.04.05 20:54:14.350,8.60888,8.61085,1.00,1.00
2017.04.05 20:54:15.013,8.60893,8.61089,1.00,1.00
2017.04.05 20:54:15.599,8.60886,8.61082,1.00,1.00
2017.04.05 20:54:15.852,8.60883,8.6108,1.00,1.00
2017.04.05 20:54:16.257,8.60874,8.61068,1.00,1.00
2017.04.05 20:54:16.308,8.60884,8.61081,1.00,1.00
2017.04.05 20:54:16.511,8.60895,8.61092,1.00,1.00
2017.04.05 20:54:16.848,8.60883,8.61079,1.00,1.00
2017.04.05 20:54:17.273,8.60872,8.61068,1.50,1.00
2017.04.05 20:54:17.799,8.60878,8.61074,1.00,1.00
2017.04.05 20:54:17.901,8.60884,8.61082,1.00,1.00
2017.04.05 20:54:18.302,8.60896,8.61094,1.00,1.00
2017.04.05 20:54:19.303,8.60896,8.61092,1.00,1.00
2017.04.05 20:54:22.786,8.60894,8.61091,1.00,1.00
2017.04.05 20:54:23.830,8.6089,8.61087,1.00,1.00
2017.04.05 20:54:26.807,8.60893,8.6109,1.00,1.00
2017.04.05 20:54:28.403,8.60887,8.61083,1.00,1.00
2017.04.05 20:54:33.689,8.60896,8.61092,1.00,1.00
2017.04.05 20:54:39.005,8.60886,8.61082,1.00,1.00
2017.04.05 20:54:41.837,8.6088,8.61074,1.00,1.00
2017.04.05 20:54:43.332,8.60867,8.61063,1.00,1.00
2017.04.05 20:54:44.334,8.60872,8.61066,1.00,1.00
2017.04.05 20:54:45.535,8.60864,8.61061,1.00,1.00
2017.04.05 20:54:46.366,8.60872,8.61061,1.00,1.00
2017.04.05 20:54:46.417,8.60883,8.6108,1.00,1.00
2017.04.05 20:54:47.386,8.60878,8.61074,1.00,1.00
2017.04.05 20:54:47.759,8.60873,8.61069,1.00,1.00
2017.04.05 20:54:52.525,8.60877,8.61073,1.00,1.00
2017.04.05 20:54:56.868,8.6088,8.61076,1.00,1.00
2017.04.05 20:55:00.096,8.60883,8.6109,1.00,1.00
2017.04.05 20:55:00.262,8.60906,8.61103,1.00,1.00
2017.04.05 20:55:01.100,8.60917,8.61113,1.00,1.00
2017.04.05 20:55:01.590,8.60911,8.61108,1.00,1.00
2017.04.05 20:55:01.948,8.60926,8.61122,1.00,1.00
2017.04.05 20:55:04.382,8.60924,8.61119,1.00,1.00
2017.04.05 20:55:04.774,8.6093,8.61125,1.00,1.00
2017.04.05 20:55:05.478,8.60924,8.61122,1.00,1.00
2017.04.05 20:55:06.782,8.60931,8.61125,1.00,1.00
2017.04.05 20:55:07.552,8.60924,8.61121,1.00,1.00
2017.04.05 20:55:08.089,8.60931,8.61125,1.00,1.00
2017.04.05 20:55:10.406,8.60924,8.61121,1.00,1.00
2017.04.05 20:55:11.763,8.60931,8.61125,1.00,1.00
2017.04.05 20:55:11.815,8.60925,8.61121,1.00,1.00
2017.04.05 20:55:12.788,8.60927,8.61126,1.00,1.00
2017.04.05 20:55:13.242,8.60928,8.61132,1.00,1.00
2017.04.05 20:55:15.401,8.60928,8.61125,1.00,1.00
2017.04.05 20:55:19.753,8.60943,8.61138,1.00,1.00
2017.04.05 20:55:20.057,8.60951,8.61146,1.00,1.00
2017.04.05 20:55:20.388,8.60965,8.6116,1.00,1.00
2017.04.05 20:55:20.722,8.60977,8.61172,1.00,1.00
2017.04.05 20:55:21.959,8.60977,8.61163,1.00,1.00
2017.04.05 20:55:22.449,8.60977,8.61172,1.00,1.00
2017.04.05 20:55:22.920,8.60975,8.6117,1.00,1.00
2017.04.05 20:55:23.255,8.60971,8.61165,1.00,1.00
2017.04.05 20:55:24.956,8.60975,8.6117,1.00,1.00
2017.04.05 20:55:26.662,8.60975,8.61162,1.00,1.00
2017.04.05 20:55:26.713,8.60975,8.6117,1.00,1.00
2017.04.05 20:55:27.262,8.60976,8.61171,1.00,1.00
2017.04.05 20:55:34.289,8.60972,8.61167,1.00,1.00
2017.04.05 20:55:37.899,8.60967,8.61162,1.00,1.00
2017.04.05 20:55:38.246,8.60972,8.61166,1.00,1.00
2017.04.05 20:55:38.732,8.60972,8.61162,1.00,1.00
2017.04.05 20:55:40.392,8.60972,8.61166,1.00,1.00
2017.04.05 20:55:40.722,8.60967,8.61162,1.00,1.00
2017.04.05 20:55:42.175,8.60973,8.61166,1.00,1.00
2017.04.05 20:55:46.683,8.60967,8.61161,1.00,1.00
2017.04.05 20:55:46.784,8.60971,8.61166,1.00,1.00
2017.04.05 20:55:47.652,8.60977,8.61172,1.00,1.00
2017.04.05 20:55:48.622,8.60971,8.61166,1.00,1.00
2017.04.05 20:55:49.056,8.60978,8.61172,1.00,1.00
2017.04.05 20:55:49.604,8.60972,8.61167,1.00,1.00
2017.04.05 20:55:54.156,8.60977,8.61172,1.00,1.00
2017.04.05 20:55:54.459,8.60971,8.61166,1.00,1.00
2017.04.05 20:55:55.178,8.60989,8.61184,1.00,1.00
2017.04.05 20:55:55.481,8.61004,8.61198,1.00,1.00
2017.04.05 20:55:55.583,8.60991,8.61186,1.00,1.00
2017.04.05 20:55:56.444,8.60999,8.61193,1.00,1.00
2017.04.05 20:55:56.949,8.60999,8.61192,1.00,1.00
2017.04.05 20:55:57.404,8.61008,8.61199,1.00,1.00
2017.04.05 20:55:57.673,8.61017,8.6121,1.00,1.00
2017.04.05 20:55:58.772,8.61013,8.61205,1.00,1.00
2017.04.05 20:55:58.922,8.61017,8.6121,1.00,1.00
2017.04.05 20:55:59.962,8.61021,8.61214,1.00,1.00
2017.04.05 20:56:00.937,8.61018,8.61209,1.00,1.00
2017.04.05 20:56:01.139,8.61015,8.6121,1.00,1.00
2017.04.05 20:56:02.169,8.61014,8.61209,1.00,1.00
2017.04.05 20:56:02.429,8.61036,8.61231,1.00,1.00
2017.04.05 20:56:02.732,8.61053,8.61243,1.00,1.00
2017.04.05 20:56:03.049,8.61021,8.61211,1.00,1.00
2017.04.05 20:56:03.244,8.60972,8.61164,1.00,1.00
2017.04.05 20:56:03.648,8.60944,8.61137,1.00,1.00
2017.04.05 20:56:04.546,8.60949,8.61142,1.00,1.00
2017.04.05 20:56:05.042,8.60965,8.61158,1.00,1.00
2017.04.05 20:56:05.549,8.60968,8.61165,1.00,1.00
2017.04.05 20:56:06.841,8.60968,8.61163,1.00,1.00
2017.04.05 20:56:07.338,8.60968,8.61165,1.00,1.00
2017.04.05 20:56:07.994,8.60965,8.6116,1.00,1.00
2017.04.05 20:56:09.138,8.60965,8.61158,1.00,1.00
2017.04.05 20:56:09.604,8.60968,8.61164,1.00,1.00
2017.04.05 20:56:10.605,8.60971,8.61164,1.00,1.00
2017.04.05 20:56:10.880,8.60965,8.61161,1.00,1.00
2017.04.05 20:56:12.330,8.60965,8.61158,1.00,1.00
2017.04.05 20:56:15.293,8.60968,8.61164,1.00,1.00
2017.04.05 20:56:15.771,8.61002,8.61172,1.00,1.00
2017.04.05 20:56:15.822,8.61014,8.61208,1.00,1.00
2017.04.05 20:56:16.025,8.61033,8.61222,1.00,1.00
2017.04.05 20:56:16.328,8.61065,8.61258,1.00,1.00
2017.04.05 20:56:16.379,8.61077,8.6127,1.00,1.00
2017.04.05 20:56:16.799,8.6106,8.61256,1.00,1.00
2017.04.05 20:56:17.113,8.61055,8.61252,1.00,1.00
2017.04.05 20:56:17.536,8.61064,8.61255,1.00,1.00
2017.04.05 20:56:18.505,8.61056,8.61248,1.00,1.00
2017.04.05 20:56:18.891,8.6106,8.61252,1.00,1.00
2017.04.05 20:56:19.376,8.61056,8.61246,1.00,1.00
2017.04.05 20:56:20.424,8.6106,8.61251,1.00,1.00
2017.04.05 20:56:21.934,8.61064,8.61255,1.00,1.00
2017.04.05 20:56:22.425,8.61055,8.61254,1.00,1.00
2017.04.05 20:56:22.476,8.61064,8.61256,1.00,1.00
2017.04.05 20:56:22.926,8.61056,8.61248,1.00,1.00
2017.04.05 20:56:23.514,8.61055,8.61247,1.00,1.00
2017.04.05 20:56:24.335,8.61051,8.61242,1.00,1.00
2017.04.05 20:56:26.212,8.61059,8.61248,1.00,1.00
2017.04.05 20:56:27.274,8.61053,8.61244,1.00,1.00
2017.04.05 20:56:27.604,8.61059,8.61249,1.00,1.00
2017.04.05 20:56:28.301,8.61053,8.61245,1.00,1.00
2017.04.05 20:56:30.732,8.61053,8.61243,1.00,1.00
2017.04.05 20:56:31.108,8.61053,8.61245,1.00,1.00
2017.04.05 20:56:31.608,8.61053,8.61243,1.00,1.00
2017.04.05 20:56:32.220,8.61053,8.61242,1.00,1.00
2017.04.05 20:56:32.271,8.61053,8.61245,1.00,1.00
2017.04.05 20:56:32.373,8.61059,8.61248,1.00,1.00
2017.04.05 20:56:32.726,8.61053,8.61245,1.00,1.00
2017.04.05 20:56:34.561,8.61052,8.61241,1.00,1.00
2017.04.05 20:56:35.834,8.61049,8.6124,1.00,1.00
2017.04.05 20:56:35.949,8.61035,8.61229,1.00,1.00
2017.04.05 20:56:36.050,8.61025,8.61228,1.00,1.00
2017.04.05 20:56:37.002,8.61026,8.61224,1.00,1.00
2017.04.05 20:56:37.611,8.61026,8.61223,1.00,1.00
2017.04.05 20:56:38.056,8.61024,8.61223,1.00,1.00
2017.04.05 20:56:38.176,8.61026,8.61222,1.00,1.00
2017.04.05 20:56:43.455,8.61041,8.61232,1.00,1.00
2017.04.05 20:56:43.556,8.61021,8.61237,1.00,1.00
2017.04.05 20:56:43.607,8.61041,8.61233,1.00,1.00
2017.04.05 20:56:43.809,8.61022,8.61234,1.00,1.00
2017.04.05 20:56:43.860,8.61035,8.61234,1.00,1.00
2017.04.05 20:56:45.673,8.61025,8.61233,1.00,1.00
2017.04.05 20:56:45.724,8.61039,8.61235,1.00,1.00
2017.04.05 20:56:46.639,8.61031,8.61237,1.00,1.00
2017.04.05 20:56:48.601,8.61015,8.61219,1.00,1.00
2017.04.05 20:56:48.869,8.6103,8.61235,1.00,1.00
2017.04.05 20:56:49.710,8.61033,8.61236,1.00,1.00
2017.04.05 20:56:49.935,8.61022,8.61236,1.00,1.00
2017.04.05 20:56:50.179,8.61047,8.61238,1.00,1.00
2017.04.05 20:56:51.911,8.61051,8.61246,1.00,1.00
2017.04.05 20:56:53.084,8.61055,8.61246,1.00,1.00
2017.04.05 20:56:53.758,8.6105,8.61241,1.00,1.00
2017.04.05 20:56:54.924,8.61043,8.61256,1.00,1.00
2017.04.05 20:56:54.975,8.61046,8.61251,1.00,1.00
2017.04.05 20:56:55.886,8.61048,8.61251,1.00,1.00
2017.04.05 20:56:56.673,8.61032,8.61235,1.00,1.00
2017.04.05 20:56:57.889,8.61049,8.6125,1.00,1.00
2017.04.05 20:56:58.459,8.61047,8.61244,1.00,1.00
2017.04.05 20:57:00.599,8.61049,8.61246,1.00,1.00
2017.04.05 20:57:01.135,8.61048,8.61239,1.00,1.00
2017.04.05 20:57:03.632,8.61031,8.61222,1.00,1.00
2017.04.05 20:57:04.064,8.61046,8.61237,1.00,1.00
2017.04.05 20:57:04.634,8.61072,8.61263,1.00,1.00
2017.04.05 20:57:04.937,8.6108,8.61271,1.00,1.00
2017.04.05 20:57:06.513,8.61051,8.6125,1.00,1.00
2017.04.05 20:57:06.564,8.61057,8.61253,1.00,1.00
2017.04.05 20:57:06.899,8.61053,8.61244,1.00,1.00
2017.04.05 20:57:07.644,8.61057,8.61246,1.00,1.00
2017.04.05 20:57:08.614,8.61055,8.61248,1.00,1.00
2017.04.05 20:57:08.866,8.61055,8.61243,1.00,1.00
2017.04.05 20:57:09.991,8.61055,8.61248,1.00,1.00
2017.04.05 20:57:11.702,8.61038,8.61234,1.00,1.00
2017.04.05 20:57:11.804,8.61054,8.61249,1.00,1.00
2017.04.05 20:57:12.659,8.61051,8.61243,1.00,1.00
2017.04.05 20:57:14.805,8.61051,8.61233,1.00,1.00
2017.04.05 20:57:15.629,8.61053,8.61233,1.00,1.00
2017.04.05 20:57:15.833,8.61053,8.61243,1.00,1.00
2017.04.05 20:57:16.349,8.61053,8.61245,1.00,1.00
2017.04.05 20:57:18.661,8.61036,8.61227,1.00,1.00
2017.04.05 20:57:18.813,8.61051,8.61243,1.00,1.00
2017.04.05 20:57:19.773,8.61051,8.61242,1.00,1.00
2017.04.05 20:57:20.770,8.61053,8.61242,1.00,1.00
2017.04.05 20:57:22.165,8.61053,8.61249,1.00,1.00
2017.04.05 20:57:23.169,8.61055,8.61244,1.00,1.00
2017.04.05 20:57:26.318,8.61033,8.61245,1.50,1.00
2017.04.05 20:57:26.732,8.61033,8.6123,1.00,1.00
2017.04.05 20:57:26.834,8.61033,8.61245,1.50,1.00
2017.04.05 20:57:26.945,8.61033,8.61229,1.00,1.00
2017.04.05 20:57:26.995,8.61034,8.61244,1.00,1.00
2017.04.05 20:57:27.460,8.61033,8.61238,1.00,1.00
2017.04.05 20:57:27.833,8.6104,8.61233,1.00,1.00
2017.04.05 20:57:28.694,8.61033,8.61232,1.00,1.00
2017.04.05 20:57:29.842,8.61022,8.61232,1.00,1.00
2017.04.05 20:57:30.015,8.61015,8.61229,1.00,1.00
2017.04.05 20:57:30.931,8.61018,8.6123,1.00,1.00
2017.04.05 20:57:32.400,8.61042,8.61232,1.00,1.00
2017.04.05 20:57:32.481,8.61024,8.61236,1.00,1.00
2017.04.05 20:57:33.738,8.61012,8.61218,1.00,1.00
2017.04.05 20:57:33.801,8.61022,8.61234,1.00,1.00
2017.04.05 20:57:34.692,8.61022,8.61228,1.00,1.00
2017.04.05 20:57:36.473,8.61036,8.61233,1.00,1.00
2017.04.05 20:57:37.002,8.61019,8.61233,1.00,1.00
2017.04.05 20:57:40.694,8.61008,8.61231,1.00,1.00
2017.04.05 20:57:40.745,8.61006,8.61222,1.00,1.00
2017.04.05 20:57:41.763,8.60993,8.61206,1.00,1.00
2017.04.05 20:57:41.877,8.61006,8.61222,1.00,1.00
2017.04.05 20:57:45.690,8.61008,8.61224,1.00,1.00
2017.04.05 20:57:48.722,8.60993,8.61207,1.00,1.00
2017.04.05 20:57:48.831,8.61006,8.61222,1.00,1.00
2017.04.05 20:57:49.724,8.61006,8.61218,1.00,1.00
2017.04.05 20:57:55.675,8.61006,8.61202,1.00,1.00
2017.04.05 20:57:56.792,8.60991,8.61187,1.00,1.00
2017.04.05 20:57:57.218,8.61006,8.61202,1.00,1.00
2017.04.05 20:57:58.555,8.61012,8.61214,1.00,1.00
2017.04.05 20:58:00.236,8.61012,8.6122,1.00,1.00
2017.04.05 20:58:00.369,8.61028,8.61243,1.00,1.00
2017.04.05 20:58:01.029,8.61052,8.61253,1.00,1.00
2017.04.05 20:58:01.130,8.6105,8.61253,1.00,1.00
2017.04.05 20:58:01.283,8.6105,8.61268,1.00,1.00
2017.04.05 20:58:01.334,8.61056,8.61273,1.00,1.00
2017.04.05 20:58:01.705,8.61059,8.61265,1.00,1.00
2017.04.05 20:58:02.010,8.61061,8.61255,1.00,1.00
2017.04.05 20:58:02.118,8.61058,8.61264,1.00,1.00
2017.04.05 20:58:02.168,8.61062,8.61252,1.00,1.00
2017.04.05 20:58:02.421,8.61057,8.61268,1.00,1.00
2017.04.05 20:58:02.471,8.61061,8.61253,1.00,1.00
2017.04.05 20:58:02.674,8.61072,8.61272,1.00,1.00
2017.04.05 20:58:02.775,8.61056,8.61272,1.00,1.00
2017.04.05 20:58:02.826,8.61077,8.61271,1.00,1.00
2017.04.05 20:58:03.079,8.6106,8.61258,1.00,1.00
2017.04.05 20:58:03.506,8.61057,8.61268,1.00,1.00
2017.04.05 20:58:03.693,8.61062,8.61256,1.00,1.00
2017.04.05 20:58:03.895,8.61058,8.61262,1.00,1.00
2017.04.05 20:58:04.230,8.61031,8.61265,1.00,1.00
2017.04.05 20:58:04.280,8.61019,8.61251,1.00,1.00
2017.04.05 20:58:04.713,8.61007,8.61247,1.00,1.00
2017.04.05 20:58:04.864,8.61011,8.61236,1.00,1.00
2017.04.05 20:58:05.384,8.61012,8.61236,1.00,1.00
2017.04.05 20:58:05.751,8.61012,8.61229,1.00,1.00
2017.04.05 20:58:05.852,8.61009,8.61229,1.00,1.00
2017.04.05 20:58:06.307,8.61013,8.61229,1.00,1.00
2017.04.05 20:58:07.672,8.61009,8.61229,1.00,1.00
2017.04.05 20:58:07.773,8.61004,8.61238,1.00,1.00
2017.04.05 20:58:07.823,8.61013,8.61238,1.00,1.00
2017.04.05 20:58:08.065,8.61004,8.61238,1.00,1.00
2017.04.05 20:58:08.323,8.61008,8.6123,1.00,1.00
2017.04.05 20:58:09.241,8.61006,8.61238,1.00,1.00
2017.04.05 20:58:09.791,8.61008,8.6123,1.00,1.00
2017.04.05 20:58:11.977,8.6101,8.61232,1.00,1.00
2017.04.05 20:58:14.387,8.61014,8.61224,1.00,1.00
2017.04.05 20:58:14.691,8.61012,8.61222,1.00,1.00
2017.04.05 20:58:15.377,8.61012,8.61216,1.00,1.00
2017.04.05 20:58:16.371,8.61012,8.61218,1.50,1.00
2017.04.05 20:58:16.489,8.61012,8.61212,1.00,1.00
2017.04.05 20:58:16.742,8.61013,8.61219,1.00,1.00
2017.04.05 20:58:18.047,8.61002,8.61201,1.00,1.00
2017.04.05 20:58:18.603,8.61001,8.61193,1.00,1.00
2017.04.05 20:58:18.932,8.60999,8.61191,1.00,1.00
2017.04.05 20:58:19.202,8.60986,8.61192,1.00,1.00
2017.04.05 20:58:19.882,8.60983,8.61189,1.00,1.00
2017.04.05 20:58:20.186,8.60986,8.6118,1.00,1.00
2017.04.05 20:58:20.730,8.60988,8.61192,1.00,1.00
2017.04.05 20:58:21.035,8.60992,8.61192,1.00,1.00
2017.04.05 20:58:21.375,8.60992,8.61185,1.00,1.00
2017.04.05 20:58:22.026,8.60991,8.61185,1.00,1.00
2017.04.05 20:58:23.265,8.60992,8.61181,1.00,1.00
2017.04.05 20:58:25.808,8.6099,8.61177,1.00,1.00
2017.04.05 20:58:25.981,8.60991,8.61194,1.00,1.00
2017.04.05 20:58:26.032,8.60993,8.61194,1.00,1.00
2017.04.05 20:58:26.360,8.60993,8.61183,1.50,1.00
2017.04.05 20:58:26.411,8.60993,8.61194,1.00,1.00
2017.04.05 20:58:26.512,8.60993,8.61181,1.50,1.00
2017.04.05 20:58:26.870,8.60983,8.61165,1.00,1.00
2017.04.05 20:58:26.958,8.60991,8.6118,1.00,1.00
2017.04.05 20:58:27.510,8.60991,8.61188,1.00,1.00
2017.04.05 20:58:27.969,8.6099,8.6118,1.00,1.00
2017.04.05 20:58:28.354,8.60992,8.6118,1.00,1.00
2017.04.05 20:58:30.830,8.60992,8.61182,1.50,1.00
2017.04.05 20:58:33.858,8.60992,8.61164,1.00,1.00
2017.04.05 20:58:33.962,8.60992,8.6118,1.00,1.00
2017.04.05 20:58:34.916,8.60993,8.61182,1.00,1.00
2017.04.05 20:58:36.507,8.60992,8.61182,1.00,1.00
2017.04.05 20:58:37.060,8.60993,8.61182,1.00,1.00
2017.04.05 20:58:37.780,8.60995,8.61193,1.00,1.00
2017.04.05 20:58:37.883,8.60993,8.61194,1.00,1.00
2017.04.05 20:58:38.588,8.60992,8.61194,1.00,1.00
2017.04.05 20:58:38.741,8.60994,8.61196,1.00,1.00
2017.04.05 20:58:40.978,8.60992,8.61192,1.00,1.00
2017.04.05 20:58:41.281,8.61002,8.61192,1.00,1.00
2017.04.05 20:58:41.332,8.61002,8.61194,1.00,1.00
2017.04.05 20:58:41.910,8.61002,8.61178,1.00,1.00
2017.04.05 20:58:41.988,8.61002,8.61194,1.00,1.00
2017.04.05 20:58:45.809,8.61002,8.61196,1.00,1.00
2017.04.05 20:58:46.387,8.60996,8.61196,1.00,1.00
2017.04.05 20:58:47.194,8.60992,8.61202,1.00,1.00
2017.04.05 20:58:47.750,8.60991,8.61202,1.00,1.00
2017.04.05 20:58:48.890,8.60982,8.61184,1.00,1.00
2017.04.05 20:58:48.994,8.60989,8.612,1.00,1.00
2017.04.05 20:58:49.948,8.60993,8.61195,1.00,1.00
2017.04.05 20:58:55.783,8.60972,8.61188,1.00,1.00
2017.04.05 20:58:55.834,8.60972,8.61181,1.00,1.00
2017.04.05 20:58:55.884,8.60967,8.61181,1.00,1.00
2017.04.05 20:58:56.939,8.60962,8.61164,1.00,1.00
2017.04.05 20:58:57.040,8.60972,8.61188,1.00,1.00
2017.04.05 20:58:58.194,8.60971,8.61188,1.00,1.00
2017.04.05 20:58:59.251,8.60973,8.61188,1.00,1.00
2017.04.05 20:59:00.067,8.60967,8.61201,1.00,1.00
2017.04.05 20:59:00.168,8.60953,8.61195,1.00,1.00
2017.04.05 20:59:00.279,8.60942,8.61191,1.00,1.00
2017.04.05 20:59:00.330,8.60934,8.6116,1.00,1.00
2017.04.05 20:59:00.715,8.60932,8.61142,0.75,0.75
2017.04.05 20:59:01.128,8.60932,8.61139,0.75,0.75
2017.04.05 20:59:01.229,8.60943,8.61157,0.75,0.75
2017.04.05 20:59:02.150,8.60942,8.61148,0.75,0.75
2017.04.05 20:59:03.079,8.60942,8.61137,0.75,0.75
2017.04.05 20:59:03.130,8.60932,8.61146,0.75,0.75
2017.04.05 20:59:03.431,8.60936,8.61149,0.75,0.75
2017.04.05 20:59:04.002,8.6094,8.61152,0.75,0.75
2017.04.05 20:59:05.003,8.60939,8.61155,0.75,0.75
2017.04.05 20:59:05.711,8.60936,8.61152,0.75,0.75
2017.04.05 20:59:06.675,8.60935,8.61141,0.75,0.75
2017.04.05 20:59:08.354,8.6093,8.61139,0.75,0.75
2017.04.05 20:59:09.771,8.60928,8.61139,0.75,0.75
2017.04.05 20:59:09.967,8.60952,8.61139,0.75,0.75
2017.04.05 20:59:10.018,8.60928,8.61139,0.75,0.75
2017.04.05 20:59:10.747,8.60927,8.61133,0.75,0.75
2017.04.05 20:59:11.091,8.60932,8.61133,0.75,0.75
2017.04.05 20:59:12.750,8.60932,8.61135,0.75,0.75
2017.04.05 20:59:14.165,8.60942,8.61135,0.75,0.75
2017.04.05 20:59:16.625,8.60933,8.61135,0.75,0.75
2017.04.05 20:59:19.016,8.60926,8.61135,0.75,0.75
2017.04.05 20:59:19.117,8.60923,8.61132,0.75,0.75
2017.04.05 20:59:20.748,8.60922,8.61132,0.75,0.75
2017.04.05 20:59:21.502,8.60923,8.61132,0.75,0.75
2017.04.05 20:59:21.856,8.60933,8.61132,0.75,0.75
2017.04.05 20:59:22.846,8.60922,8.61128,0.75,0.75
2017.04.05 20:59:23.166,8.60932,8.61125,0.75,0.75
2017.04.05 20:59:27.828,8.60929,8.61124,0.75,0.75
2017.04.05 20:59:27.878,8.60928,8.61122,0.75,0.75
2017.04.05 20:59:29.030,8.60925,8.6112,0.75,0.75
2017.04.05 20:59:29.678,8.6093,8.61125,0.75,0.75
2017.04.05 20:59:30.017,8.60928,8.61122,0.75,0.75
2017.04.05 20:59:30.140,8.60918,8.61119,0.75,0.75
2017.04.05 20:59:30.687,8.60926,8.61125,0.75,0.75
2017.04.05 20:59:30.777,8.60952,8.61153,0.75,0.75
2017.04.05 20:59:31.361,8.60938,8.6115,0.75,0.75
2017.04.05 20:59:32.222,8.60942,8.61153,0.75,0.75
2017.04.05 20:59:33.449,8.60937,8.61149,0.75,0.75
2017.04.05 20:59:34.411,8.60942,8.61153,0.75,0.75
2017.04.05 20:59:37.369,8.60916,8.61126,0.75,0.75
2017.04.05 20:59:37.781,8.60943,8.61152,0.75,0.75
2017.04.05 20:59:37.832,8.60946,8.61156,0.75,0.75
2017.04.05 20:59:38.784,8.60943,8.61156,0.75,0.75
2017.04.05 20:59:39.770,8.60912,8.61139,0.75,0.75
2017.04.05 20:59:39.921,8.6091,8.61123,0.75,0.75
2017.04.05 20:59:40.456,8.60913,8.61124,0.75,0.75
2017.04.05 20:59:42.458,8.60913,8.61126,0.75,0.75
2017.04.05 20:59:43.979,8.6091,8.61123,0.75,0.75
2017.04.05 20:59:45.391,8.60895,8.61121,0.75,0.75
2017.04.05 20:59:45.442,8.60869,8.61121,0.75,0.75
2017.04.05 20:59:45.582,8.60873,8.6112,0.75,0.75
2017.04.05 20:59:45.925,8.6087,8.6112,0.75,0.75
2017.04.05 20:59:46.113,8.60885,8.61121,0.75,0.75
2017.04.05 20:59:46.824,8.60885,8.61129,0.75,0.75
2017.04.05 20:59:47.126,8.60885,8.61121,0.75,0.75
2017.04.05 20:59:48.371,8.60907,8.61142,0.75,0.75
2017.04.05 20:59:48.421,8.60857,8.61183,0.75,0.75
2017.04.05 20:59:48.472,8.60857,8.61123,0.75,0.75
2017.04.05 20:59:48.723,8.60832,8.61181,0.75,0.75
2017.04.05 20:59:48.774,8.60862,8.6118,0.75,0.75
2017.04.05 20:59:49.327,8.60814,8.61188,0.75,0.75
2017.04.05 20:59:49.378,8.6081,8.61188,0.75,0.75
2017.04.05 20:59:49.429,8.60812,8.61173,0.75,0.75
2017.04.05 20:59:49.479,8.60812,8.61192,0.75,0.75
2017.04.05 20:59:49.530,8.60815,8.61177,0.75,0.75
2017.04.05 20:59:49.631,8.60814,8.61182,0.75,0.75
2017.04.05 20:59:49.682,8.60822,8.61182,0.75,0.75
2017.04.05 20:59:49.732,8.60812,8.61175,1.50,0.75
2017.04.05 20:59:49.783,8.60822,8.61175,0.75,0.75
2017.04.05 20:59:49.834,8.60812,8.61175,0.75,0.75
2017.04.05 20:59:50.571,8.60809,8.61187,0.75,0.75
2017.04.05 20:59:51.675,8.60802,8.61195,0.75,0.75
2017.04.05 20:59:51.780,8.60802,8.61188,0.75,0.75
2017.04.05 20:59:52.439,8.60802,8.61182,0.75,0.75
2017.04.05 20:59:53.013,8.60803,8.61182,0.75,0.75
2017.04.05 20:59:53.361,8.60809,8.61183,0.75,0.75
2017.04.05 20:59:53.512,8.60809,8.61203,0.75,0.75
2017.04.05 20:59:53.868,8.60812,8.61203,0.75,0.75
2017.04.05 20:59:54.179,8.60812,8.61185,0.75,0.75
2017.04.05 20:59:54.345,8.60822,8.61202,0.75,0.75
2017.04.05 20:59:54.556,8.60822,8.61183,0.75,0.75
2017.04.05 20:59:54.743,8.60822,8.61196,0.75,0.75
2017.04.05 20:59:55.112,8.60823,8.61202,0.75,0.75
2017.04.05 20:59:55.163,8.60823,8.6118,0.75,0.75
2017.04.05 20:59:55.514,8.60843,8.6118,0.75,0.75
2017.04.05 20:59:56.106,8.60842,8.61203,0.75,0.75
2017.04.05 20:59:56.206,8.60832,8.61278,0.75,0.75
2017.04.05 20:59:56.413,8.60852,8.61298,0.75,0.75
2017.04.05 20:59:56.779,8.60842,8.61288,0.75,0.75
2017.04.05 20:59:57.171,8.60852,8.61298,0.75,0.75
2017.04.05 20:59:58.766,8.60843,8.61287,0.75,0.75
2017.04.05 20:59:59.755,8.60832,8.61278,0.75,0.75
2017.04.05 20:59:59.959,8.60842,8.61288,0.75,0.75
