2017.04.17 10:00:01.480,8.56938,8.57074,1.00,1.00
2017.04.17 10:00:02.484,8.56936,8.57074,1.00,1.00
2017.04.17 10:00:07.419,8.56942,8.57074,1.00,1.00
2017.04.17 10:00:07.470,8.56935,8.57074,1.00,1.00
2017.04.17 10:00:08.997,8.56941,8.57074,1.00,1.00
2017.04.17 10:00:13.932,8.56911,8.5706,1.00,1.00
2017.04.17 10:00:14.021,8.56911,8.57056,1.00,1.00
2017.04.17 10:00:14.072,8.56911,8.5707,1.00,1.00
2017.04.17 10:00:14.426,8.569,8.57056,1.00,1.00
2017.04.17 10:00:14.869,8.569,8.57034,1.00,1.00
2017.04.17 10:00:14.920,8.56884,8.5704,1.00,1.00
2017.04.17 10:00:15.205,8.5689,8.57049,1.00,1.00
2017.04.17 10:00:15.521,8.5689,8.57027,1.00,1.00
2017.04.17 10:00:15.782,8.56883,8.57022,1.00,1.00
2017.04.17 10:00:16.230,8.56888,8.57022,1.00,1.00
2017.04.17 10:00:16.784,8.56892,8.57022,1.00,1.00
2017.04.17 10:00:17.078,8.56883,8.57022,1.00,1.00
2017.04.17 10:00:17.403,8.56892,8.57022,1.00,1.00
2017.04.17 10:00:17.859,8.56902,8.57022,1.00,1.00
2017.04.17 10:00:18.356,8.56905,8.57022,1.00,1.00
2017.04.17 10:00:19.114,8.5691,8.57022,1.00,1.00
2017.04.17 10:00:19.651,8.56916,8.57022,1.00,1.00
2017.04.17 10:00:20.609,8.56913,8.57022,1.00,1.00
2017.04.17 10:00:21.254,8.56909,8.57022,1.00,1.00
2017.04.17 10:00:21.676,8.56913,8.57022,1.00,1.00
2017.04.17 10:00:22.304,8.56938,8.57095,1.00,1.00
2017.04.17 10:00:22.662,8.56945,8.57095,1.00,1.00
2017.04.17 10:00:23.015,8.56945,8.57067,1.00,1.00
2017.04.17 10:00:25.006,8.56951,8.57067,1.00,1.00
2017.04.17 10:00:25.108,8.56945,8.57067,1.00,1.00
2017.04.17 10:00:25.766,8.56938,8.57067,1.00,1.00
2017.04.17 10:00:26.204,8.56942,8.57067,1.00,1.00
2017.04.17 10:00:26.722,8.56947,8.57067,1.00,1.00
2017.04.17 10:00:30.003,8.56939,8.57067,1.00,1.00
2017.04.17 10:00:30.924,8.56946,8.57067,1.00,1.00
2017.04.17 10:00:31.177,8.56938,8.57067,1.00,1.00
2017.04.17 10:00:32.296,8.5694,8.57067,1.00,1.00
2017.04.17 10:00:33.013,8.56941,8.57067,1.00,1.00
2017.04.17 10:00:33.115,8.56934,8.57067,1.00,1.00
2017.04.17 10:00:34.127,8.56928,8.57067,1.00,1.00
2017.04.17 10:00:34.279,8.56921,8.57067,1.00,1.00
2017.04.17 10:00:34.330,8.56921,8.57045,1.00,1.00
2017.04.17 10:00:35.162,8.56917,8.57045,1.00,1.00
2017.04.17 10:00:35.399,8.56921,8.57045,1.00,1.00
2017.04.17 10:00:36.417,8.56908,8.57045,1.00,1.00
2017.04.17 10:00:36.468,8.56908,8.57033,1.00,1.00
2017.04.17 10:00:36.783,8.56903,8.57028,1.00,1.00
2017.04.17 10:00:38.562,8.56893,8.57028,1.00,1.00
2017.04.17 10:00:40.150,8.56888,8.57028,1.00,1.00
2017.04.17 10:00:43.020,8.56892,8.57028,1.00,1.00
2017.04.17 10:00:46.572,8.56891,8.57028,1.00,1.00
2017.04.17 10:00:54.086,8.56886,8.57028,1.00,1.00
2017.04.17 10:00:55.721,8.56877,8.57011,1.00,1.00
2017.04.17 10:00:56.158,8.56885,8.57011,1.00,1.00
2017.04.17 10:01:01.275,8.56894,8.57011,1.00,1.00
2017.04.17 10:01:02.332,8.56896,8.57011,1.00,1.00
2017.04.17 10:01:07.143,8.56906,8.57031,1.00,1.00
2017.04.17 10:01:07.244,8.56902,8.57031,1.00,1.00
2017.04.17 10:01:09.163,8.56898,8.57031,1.00,1.00
2017.04.17 10:01:13.128,8.56894,8.57031,1.00,1.00
2017.04.17 10:01:13.179,8.56889,8.57031,1.00,1.00
2017.04.17 10:01:16.254,8.56893,8.57031,1.00,1.00
2017.04.17 10:01:16.974,8.56889,8.57031,1.00,1.00
2017.04.17 10:01:17.330,8.56884,8.57031,1.00,1.00
2017.04.17 10:01:17.511,8.56884,8.57011,1.00,1.00
2017.04.17 10:01:17.924,8.56888,8.57011,1.00,1.00
2017.04.17 10:01:19.148,8.5688,8.57011,1.00,1.00
2017.04.17 10:01:19.554,8.56886,8.57011,1.00,1.00
2017.04.17 10:01:24.147,8.56879,8.57011,1.00,1.00
2017.04.17 10:01:24.876,8.56882,8.57011,1.00,1.00
2017.04.17 10:01:28.196,8.56889,8.57011,1.00,1.00
2017.04.17 10:01:31.661,8.56888,8.57011,1.00,1.00
2017.04.17 10:01:32.667,8.56887,8.57011,1.00,1.00
2017.04.17 10:01:35.022,8.56883,8.57011,1.00,1.00
2017.04.17 10:01:39.177,8.56881,8.57011,1.00,1.00
2017.04.17 10:01:40.179,8.56879,8.57011,1.00,1.00
2017.04.17 10:01:46.691,8.56878,8.57011,1.00,1.00
2017.04.17 10:01:54.206,8.5688,8.57011,1.00,1.00
2017.04.17 10:01:59.336,8.5687,8.57011,1.00,1.00
2017.04.17 10:02:01.751,8.56872,8.57011,1.00,1.00
2017.04.17 10:02:08.466,8.56879,8.57011,1.00,1.00
2017.04.17 10:02:09.354,8.56878,8.57011,1.00,1.00
2017.04.17 10:02:09.966,8.56875,8.57011,1.00,1.00
2017.04.17 10:02:16.751,8.56879,8.57011,1.00,1.00
2017.04.17 10:02:17.401,8.56879,8.57015,1.00,1.00
2017.04.17 10:02:18.567,8.56879,8.57016,1.00,1.00
2017.04.17 10:02:19.977,8.56879,8.57015,1.00,1.00
2017.04.17 10:02:21.512,8.56874,8.57015,1.00,1.00
2017.04.17 10:02:21.916,8.56871,8.57016,1.00,1.00
2017.04.17 10:02:22.017,8.56876,8.57016,1.00,1.00
2017.04.17 10:02:22.352,8.56885,8.57016,1.00,1.00
2017.04.17 10:02:22.403,8.56873,8.57015,1.00,1.00
2017.04.17 10:02:22.962,8.56875,8.57015,1.00,1.00
2017.04.17 10:02:23.582,8.56875,8.57016,1.00,1.00
2017.04.17 10:02:28.201,8.56882,8.57015,1.00,1.00
2017.04.17 10:02:28.504,8.56896,8.57016,1.00,1.00
2017.04.17 10:02:31.782,8.56894,8.57016,1.00,1.00
2017.04.17 10:02:32.111,8.56911,8.57047,1.00,1.00
2017.04.17 10:02:34.479,8.56898,8.57047,1.50,1.00
2017.04.17 10:02:44.425,8.56875,8.57047,1.00,1.00
2017.04.17 10:02:47.541,8.56888,8.57046,1.00,1.00
2017.04.17 10:02:51.111,8.56879,8.57037,1.00,1.00
2017.04.17 10:02:52.051,8.56873,8.57036,1.00,1.00
2017.04.17 10:02:52.336,8.56873,8.57028,1.00,1.00
2017.04.17 10:02:53.171,8.56873,8.57022,1.00,1.00
2017.04.17 10:02:54.352,8.56873,8.57025,1.00,1.00
2017.04.17 10:02:57.938,8.56873,8.57006,1.00,1.00
2017.04.17 10:02:58.374,8.56849,8.57006,1.37,1.00
2017.04.17 10:02:58.425,8.56849,8.57006,1.00,1.00
2017.04.17 10:02:59.075,8.5685,8.57006,1.00,1.00
2017.04.17 10:03:02.572,8.56849,8.57006,1.00,1.00
2017.04.17 10:03:09.356,8.5686,8.57006,1.00,1.00
2017.04.17 10:03:16.861,8.56853,8.57006,1.00,1.00
2017.04.17 10:03:17.633,8.56858,8.57006,1.00,1.00
2017.04.17 10:03:18.798,8.56866,8.57006,1.00,1.00
2017.04.17 10:03:19.105,8.5686,8.57006,1.00,1.00
2017.04.17 10:03:24.386,8.56857,8.57006,1.00,1.00
2017.04.17 10:03:24.663,8.56853,8.56985,1.00,1.00
2017.04.17 10:03:25.773,8.5686,8.56985,1.00,1.00
2017.04.17 10:03:29.458,8.56868,8.56985,1.00,1.00
2017.04.17 10:03:31.902,8.56864,8.56985,1.00,1.00
2017.04.17 10:03:32.795,8.56856,8.56985,1.00,1.00
2017.04.17 10:03:33.211,8.5685,8.56985,1.00,1.00
2017.04.17 10:03:34.154,8.56849,8.56985,1.00,1.00
2017.04.17 10:03:34.326,8.56846,8.56985,1.00,1.00
2017.04.17 10:03:35.881,8.5684,8.56985,1.00,1.00
2017.04.17 10:03:36.865,8.56838,8.56985,1.00,1.00
2017.04.17 10:03:39.416,8.56841,8.56985,1.00,1.00
2017.04.17 10:03:44.334,8.56833,8.56985,1.00,1.00
2017.04.17 10:03:44.536,8.56833,8.56967,1.00,1.00
2017.04.17 10:03:47.661,8.5683,8.56967,1.00,1.00
2017.04.17 10:03:49.767,8.56823,8.56967,1.50,1.00
2017.04.17 10:03:55.176,8.56825,8.56967,1.00,1.00
2017.04.17 10:04:07.499,8.56823,8.56967,1.00,1.00
2017.04.17 10:04:07.550,8.56817,8.56967,1.00,1.00
2017.04.17 10:04:09.328,8.56822,8.56967,1.00,1.00
2017.04.17 10:04:10.329,8.56819,8.56967,1.00,1.00
2017.04.17 10:04:16.451,8.56815,8.56967,1.00,1.00
2017.04.17 10:04:17.721,8.56816,8.56967,1.00,1.00
2017.04.17 10:04:20.682,8.56825,8.56967,1.00,1.00
2017.04.17 10:04:21.188,8.56833,8.56967,1.00,1.00
2017.04.17 10:04:22.183,8.56838,8.56967,1.00,1.00
2017.04.17 10:04:22.284,8.56827,8.56967,1.00,1.00
2017.04.17 10:04:24.506,8.56826,8.56967,1.00,1.00
2017.04.17 10:04:24.607,8.56843,8.56967,1.00,1.00
2017.04.17 10:04:24.915,8.56857,8.56967,1.00,1.00
2017.04.17 10:04:25.932,8.56842,8.56967,1.00,1.00
2017.04.17 10:04:26.409,8.56852,8.56967,1.00,1.00
2017.04.17 10:04:27.928,8.56843,8.56967,1.00,1.00
2017.04.17 10:04:29.627,8.56853,8.56967,1.00,1.00
2017.04.17 10:04:29.678,8.56842,8.56967,1.00,1.00
2017.04.17 10:04:30.055,8.56842,8.56984,1.00,1.00
2017.04.17 10:04:30.628,8.56838,8.56984,1.00,1.00
2017.04.17 10:04:32.021,8.56839,8.56984,1.00,1.00
2017.04.17 10:04:34.127,8.56851,8.56984,1.00,1.00
2017.04.17 10:04:34.178,8.56841,8.56984,1.00,1.00
2017.04.17 10:04:39.575,8.56839,8.56984,1.00,1.00
2017.04.17 10:04:43.759,8.56846,8.56984,1.00,1.00
2017.04.17 10:04:44.095,8.56851,8.56984,1.00,1.00
2017.04.17 10:04:44.196,8.56843,8.56984,1.00,1.00
2017.04.17 10:04:46.368,8.56855,8.56984,1.00,1.00
2017.04.17 10:04:47.332,8.56852,8.56984,1.00,1.00
2017.04.17 10:04:47.457,8.56847,8.56984,1.00,1.00
2017.04.17 10:04:47.613,8.56849,8.56984,1.00,1.00
2017.04.17 10:04:47.933,8.56859,8.56984,1.00,1.00
2017.04.17 10:04:50.758,8.5687,8.56984,1.00,1.00
2017.04.17 10:04:54.567,8.56862,8.56984,1.00,1.00
2017.04.17 10:05:01.128,8.56873,8.56984,1.00,1.00
2017.04.17 10:05:01.178,8.56864,8.56984,1.00,1.00
2017.04.17 10:05:01.229,8.56866,8.56984,1.00,1.00
2017.04.17 10:05:02.128,8.56868,8.56984,1.00,1.00
2017.04.17 10:05:02.431,8.56865,8.56984,1.00,1.00
2017.04.17 10:05:02.482,8.56868,8.56984,1.00,1.00
2017.04.17 10:05:05.391,8.56865,8.56984,1.00,1.00
2017.04.17 10:05:07.376,8.56873,8.56984,1.00,1.00
2017.04.17 10:05:07.695,8.56862,8.56984,1.00,1.00
2017.04.17 10:05:08.428,8.56873,8.56984,1.00,1.00
2017.04.17 10:05:09.125,8.56868,8.56984,1.00,1.00
2017.04.17 10:05:09.596,8.5686,8.56984,1.00,1.00
2017.04.17 10:05:10.120,8.56865,8.56984,1.00,1.00
2017.04.17 10:05:10.957,8.5686,8.56984,1.00,1.00
2017.04.17 10:05:13.595,8.5685,8.56984,1.00,1.00
2017.04.17 10:05:16.557,8.56847,8.56984,1.00,1.00
2017.04.17 10:05:30.627,8.56847,8.56989,1.00,1.00
2017.04.17 10:05:55.111,8.5685,8.56989,1.00,1.00
2017.04.17 10:05:55.162,8.56847,8.56989,1.00,1.00
2017.04.17 10:06:00.880,8.56839,8.56997,1.00,1.00
2017.04.17 10:06:02.931,8.56831,8.56989,1.00,1.00
2017.04.17 10:06:04.675,8.56825,8.56979,1.00,1.00
2017.04.17 10:06:04.979,8.56825,8.56963,1.00,1.00
2017.04.17 10:06:05.131,8.56825,8.56982,1.00,1.00
2017.04.17 10:06:05.665,8.56825,8.56954,1.00,1.00
2017.04.17 10:06:07.403,8.56808,8.56954,1.00,1.00
2017.04.17 10:06:07.757,8.56804,8.56954,1.00,1.00
2017.04.17 10:06:14.818,8.56807,8.56954,1.00,1.00
2017.04.17 10:06:23.436,8.56825,8.56974,1.00,1.00
2017.04.17 10:06:23.639,8.5682,8.56974,1.00,1.00
2017.04.17 10:06:24.754,8.56818,8.56974,1.00,1.00
2017.04.17 10:06:32.261,8.56817,8.56974,1.00,1.00
2017.04.17 10:06:34.952,8.56813,8.56971,1.00,1.00
2017.04.17 10:06:35.442,8.56815,8.56971,1.00,1.00
2017.04.17 10:06:39.776,8.56813,8.56971,1.00,1.00
2017.04.17 10:06:40.174,8.56808,8.56954,1.00,1.00
2017.04.17 10:06:44.143,8.56804,8.56954,1.00,1.00
2017.04.17 10:06:44.194,8.56807,8.56954,1.00,1.00
2017.04.17 10:06:45.162,8.56803,8.56954,1.50,1.00
2017.04.17 10:06:46.335,8.56807,8.56954,1.00,1.00
2017.04.17 10:06:46.876,8.56804,8.56954,1.00,1.00
2017.04.17 10:06:46.926,8.56815,8.56954,1.00,1.00
2017.04.17 10:06:48.162,8.56808,8.56954,1.00,1.00
2017.04.17 10:06:48.648,8.56804,8.56954,1.00,1.00
2017.04.17 10:06:48.757,8.56809,8.56954,1.00,1.00
2017.04.17 10:06:49.062,8.56813,8.56954,1.00,1.00
2017.04.17 10:06:50.114,8.56809,8.56954,1.00,1.00
2017.04.17 10:06:51.206,8.56819,8.56954,1.00,1.00
2017.04.17 10:06:51.257,8.56814,8.56954,1.00,1.00
2017.04.17 10:06:51.682,8.56816,8.56954,1.00,1.00
2017.04.17 10:06:54.807,8.56811,8.56954,1.00,1.00
2017.04.17 10:06:58.026,8.56807,8.56954,1.00,1.00
2017.04.17 10:07:09.836,8.56803,8.56954,1.00,1.00
2017.04.17 10:07:10.567,8.56805,8.56954,1.00,1.00
2017.04.17 10:07:24.866,8.56804,8.56954,1.00,1.00
2017.04.17 10:07:37.586,8.56811,8.56954,1.00,1.00
2017.04.17 10:07:37.637,8.56804,8.56954,1.00,1.00
2017.04.17 10:07:40.539,8.56804,8.56957,1.00,1.00
2017.04.17 10:07:42.538,8.56812,8.56958,1.00,1.00
2017.04.17 10:07:42.589,8.56803,8.56957,1.00,1.00
2017.04.17 10:07:44.097,8.56803,8.56953,1.00,1.00
2017.04.17 10:07:45.643,8.56795,8.56953,1.00,1.00
2017.04.17 10:07:47.411,8.56797,8.56955,1.00,1.00
2017.04.17 10:07:48.455,8.56796,8.56954,1.00,1.00
2017.04.17 10:07:55.592,8.56806,8.56959,1.00,1.00
2017.04.17 10:08:03.171,8.56798,8.56956,1.00,1.00
2017.04.17 10:08:10.686,8.56797,8.56955,1.00,1.00
2017.04.17 10:08:17.473,8.56796,8.56954,1.00,1.00
2017.04.17 10:08:24.986,8.56804,8.56959,1.00,1.00
2017.04.17 10:08:26.025,8.56809,8.56959,1.00,1.00
2017.04.17 10:08:26.491,8.56796,8.56954,1.00,1.00
2017.04.17 10:08:33.250,8.56797,8.56955,1.00,1.00
2017.04.17 10:08:34.364,8.5681,8.56959,1.00,1.00
2017.04.17 10:08:34.415,8.56801,8.56956,1.00,1.00
2017.04.17 10:08:42.246,8.56799,8.56957,1.00,1.00
2017.04.17 10:09:10.806,8.56801,8.56959,1.00,1.50
2017.04.17 10:09:17.479,8.56802,8.56959,1.00,1.50
2017.04.17 10:09:21.006,8.56779,8.56909,1.37,1.00
2017.04.17 10:09:21.107,8.56799,8.56935,1.00,1.00
2017.04.17 10:09:21.859,8.56822,8.56955,1.00,1.00
2017.04.17 10:09:22.011,8.56818,8.56955,1.00,1.00
2017.04.17 10:09:22.365,8.56819,8.56987,1.00,1.00
2017.04.17 10:09:22.647,8.56819,8.56972,1.00,1.00
2017.04.17 10:09:23.183,8.56818,8.56972,1.00,1.00
2017.04.17 10:09:26.205,8.56819,8.56972,1.00,1.00
2017.04.17 10:09:29.432,8.56818,8.56972,1.00,1.00
2017.04.17 10:09:29.962,8.56819,8.56972,1.00,1.00
2017.04.17 10:09:30.310,8.56819,8.56962,1.00,1.00
2017.04.17 10:09:30.512,8.56818,8.56972,1.00,1.00
2017.04.17 10:09:30.714,8.56818,8.56963,1.00,1.00
2017.04.17 10:09:30.816,8.56818,8.56972,1.00,1.00
2017.04.17 10:09:31.370,8.56827,8.56972,1.00,1.00
2017.04.17 10:09:31.421,8.56818,8.56972,1.00,1.00
2017.04.17 10:09:31.472,8.56828,8.56972,1.00,1.00
2017.04.17 10:09:31.573,8.56818,8.56972,1.00,1.00
2017.04.17 10:09:31.725,8.56827,8.56972,1.00,1.00
2017.04.17 10:09:31.775,8.56818,8.56972,1.00,1.00
2017.04.17 10:09:31.826,8.56823,8.56972,1.00,1.00
2017.04.17 10:09:31.999,8.56818,8.56972,1.00,1.00
2017.04.17 10:09:32.101,8.56821,8.56972,1.00,1.00
2017.04.17 10:09:32.432,8.56818,8.56972,1.00,1.00
2017.04.17 10:09:32.969,8.56819,8.56972,1.00,1.00
2017.04.17 10:09:34.259,8.56818,8.56965,1.00,1.00
2017.04.17 10:09:34.772,8.56818,8.56964,1.00,1.00
2017.04.17 10:09:35.277,8.56819,8.56964,1.00,1.00
2017.04.17 10:09:35.378,8.56819,8.56972,1.00,1.00
2017.04.17 10:09:35.942,8.56818,8.56972,1.00,1.00
2017.04.17 10:09:37.933,8.56818,8.56971,1.00,1.00
2017.04.17 10:09:37.983,8.56818,8.56962,1.00,1.00
2017.04.17 10:09:38.084,8.56818,8.56964,1.00,1.00
2017.04.17 10:09:38.135,8.56818,8.56972,1.00,1.50
2017.04.17 10:09:38.186,8.56799,8.56972,1.00,1.50
2017.04.17 10:09:48.381,8.56799,8.56969,1.00,1.00
2017.04.17 10:09:50.849,8.56799,8.56966,1.00,1.00
2017.04.17 10:09:51.851,8.56799,8.56965,1.00,1.00
2017.04.17 10:09:54.861,8.56799,8.56951,1.00,1.00
2017.04.17 10:09:54.963,8.5678,8.5696,1.37,1.00
2017.04.17 10:09:55.064,8.5678,8.5696,1.00,1.04
2017.04.17 10:09:55.368,8.56718,8.56875,1.75,1.00
2017.04.17 10:09:55.470,8.56702,8.56847,1.00,1.00
2017.04.17 10:09:55.521,8.56702,8.5682,1.00,1.00
2017.04.17 10:09:55.708,8.56636,8.56785,1.00,1.00
2017.04.17 10:09:55.759,8.56628,8.56785,1.00,1.00
2017.04.17 10:09:56.062,8.56603,8.5676,1.00,1.00
2017.04.17 10:09:56.366,8.56577,8.56734,1.00,1.00
2017.04.17 10:09:56.669,8.56565,8.56722,1.00,1.00
2017.04.17 10:09:57.361,8.56555,8.56712,1.00,1.00
2017.04.17 10:09:57.664,8.56568,8.56725,1.00,1.00
2017.04.17 10:09:59.415,8.56568,8.56705,1.00,1.00
2017.04.17 10:09:59.845,8.56568,8.56699,1.00,1.00
2017.04.17 10:10:01.136,8.56568,8.56725,1.00,1.00
2017.04.17 10:10:02.682,8.56566,8.56721,1.00,1.00
2017.04.17 10:10:10.196,8.56564,8.56719,1.00,1.00
2017.04.17 10:10:13.210,8.56568,8.56723,1.00,1.00
2017.04.17 10:10:18.441,8.56568,8.56725,1.00,1.00
2017.04.17 10:10:20.693,8.56573,8.56726,1.00,1.00
2017.04.17 10:10:21.007,8.56553,8.56701,1.00,1.00
2017.04.17 10:10:21.352,8.56561,8.56696,1.00,1.00
2017.04.17 10:10:21.453,8.56549,8.56696,1.00,1.00
2017.04.17 10:10:21.555,8.56549,8.56703,1.00,1.00
2017.04.17 10:10:22.256,8.56554,8.56703,1.00,1.00
2017.04.17 10:10:22.946,8.5655,8.56703,1.00,1.00
2017.04.17 10:10:25.254,8.56551,8.56703,1.00,1.00
2017.04.17 10:10:25.994,8.56554,8.56703,1.00,1.00
2017.04.17 10:10:26.905,8.5655,8.56703,1.00,1.00
2017.04.17 10:10:28.601,8.56549,8.56703,1.00,1.00
2017.04.17 10:10:32.755,8.56553,8.56703,1.00,1.00
2017.04.17 10:10:33.913,8.56555,8.56703,1.00,1.00
2017.04.17 10:10:36.608,8.56556,8.56703,1.00,1.00
2017.04.17 10:10:42.638,8.56547,8.56703,1.00,1.00
2017.04.17 10:10:42.690,8.5654,8.56698,1.00,1.00
2017.04.17 10:10:43.044,8.5654,8.56696,1.00,1.00
2017.04.17 10:10:45.947,8.5654,8.56684,1.00,1.00
2017.04.17 10:10:46.304,8.5654,8.5668,1.00,1.00
2017.04.17 10:10:47.773,8.56538,8.5668,1.00,1.00
2017.04.17 10:10:48.501,8.56535,8.5668,1.00,1.00
2017.04.17 10:10:50.937,8.56524,8.5668,1.00,1.00
2017.04.17 10:10:55.286,8.56523,8.5668,1.00,1.00
2017.04.17 10:11:03.531,8.56528,8.5668,1.00,1.00
2017.04.17 10:11:07.145,8.56545,8.5668,1.00,1.00
2017.04.17 10:11:10.346,8.56538,8.5668,1.00,1.00
2017.04.17 10:11:11.353,8.56536,8.5668,1.00,1.00
2017.04.17 10:11:12.829,8.56533,8.5668,1.00,1.00
2017.04.17 10:11:13.230,8.56536,8.5668,1.00,1.00
2017.04.17 10:11:14.252,8.56535,8.5668,1.00,1.00
2017.04.17 10:11:14.588,8.5654,8.5668,1.00,1.00
2017.04.17 10:11:15.250,8.56536,8.5668,1.00,1.00
2017.04.17 10:11:17.831,8.56538,8.5668,1.00,1.00
2017.04.17 10:11:18.646,8.56545,8.5668,1.00,1.00
2017.04.17 10:11:19.587,8.56547,8.5668,1.00,1.00
2017.04.17 10:11:20.809,8.56543,8.5668,1.00,1.00
2017.04.17 10:11:21.810,8.56545,8.5668,1.00,1.00
2017.04.17 10:11:25.346,8.56547,8.5668,1.00,1.00
2017.04.17 10:11:48.353,8.56547,8.56684,1.00,1.00
2017.04.17 10:11:48.620,8.56539,8.56684,1.00,1.00
2017.04.17 10:11:51.001,8.56535,8.56684,1.00,1.00
2017.04.17 10:11:51.603,8.56546,8.56684,1.00,1.00
2017.04.17 10:11:55.441,8.56537,8.56684,1.00,1.00
2017.04.17 10:11:55.758,8.56554,8.56703,1.00,1.00
2017.04.17 10:11:55.809,8.56562,8.56699,1.00,1.00
2017.04.17 10:11:55.960,8.56576,8.56734,1.00,1.00
2017.04.17 10:11:56.771,8.56571,8.56729,1.00,1.00
2017.04.17 10:11:57.120,8.56571,8.56723,1.00,1.00
2017.04.17 10:11:57.172,8.56591,8.56749,1.00,1.00
2017.04.17 10:11:57.223,8.56604,8.56765,1.00,1.00
2017.04.17 10:11:57.274,8.56617,8.56775,1.00,1.00
2017.04.17 10:11:57.599,8.56606,8.56764,1.00,1.00
2017.04.17 10:11:58.626,8.56606,8.56762,1.00,1.00
2017.04.17 10:12:04.918,8.5661,8.56762,1.00,1.00
2017.04.17 10:12:05.575,8.5662,8.56762,1.00,1.00
2017.04.17 10:12:11.166,8.56618,8.56762,1.00,1.00
2017.04.17 10:12:12.166,8.56616,8.56762,1.00,1.00
2017.04.17 10:12:18.680,8.56613,8.56762,1.00,1.00
2017.04.17 10:12:25.386,8.56613,8.56771,1.00,1.00
2017.04.17 10:12:26.238,8.56613,8.5677,1.00,1.00
2017.04.17 10:12:27.247,8.56613,8.56769,1.00,1.00
2017.04.17 10:12:27.618,8.5662,8.56769,1.00,1.00
2017.04.17 10:12:29.758,8.56612,8.56769,1.00,1.00
2017.04.17 10:12:33.710,8.56616,8.56769,1.00,1.00
2017.04.17 10:12:40.671,8.56605,8.56764,1.00,1.00
2017.04.17 10:12:40.722,8.56615,8.56769,1.00,1.00
2017.04.17 10:12:45.280,8.5661,8.56768,1.00,1.00
2017.04.17 10:12:48.011,8.56609,8.56767,1.00,1.00
2017.04.17 10:12:48.740,8.56603,8.56762,1.00,1.00
2017.04.17 10:12:56.256,8.56606,8.56764,1.00,1.00
2017.04.17 10:13:05.098,8.56597,8.56755,1.00,1.00
2017.04.17 10:13:05.403,8.56572,8.5673,1.00,1.00
2017.04.17 10:13:06.153,8.56568,8.56724,1.00,1.00
2017.04.17 10:13:10.590,8.56571,8.56724,1.00,1.00
2017.04.17 10:13:11.556,8.56572,8.56724,1.00,1.00
2017.04.17 10:13:15.072,8.56568,8.56724,1.00,1.00
2017.04.17 10:13:18.800,8.56569,8.56724,1.00,1.00
2017.04.17 10:13:27.298,8.56562,8.56724,1.00,1.00
2017.04.17 10:13:27.349,8.56569,8.56724,1.00,1.00
2017.04.17 10:13:48.860,8.56567,8.56724,1.00,1.00
2017.04.17 10:14:03.160,8.56568,8.56724,1.00,1.00
2017.04.17 10:14:06.332,8.56568,8.56726,1.00,1.00
2017.04.17 10:14:08.107,8.56562,8.5672,1.00,1.00
2017.04.17 10:14:10.675,8.56564,8.5672,1.00,1.00
2017.04.17 10:14:11.406,8.5656,8.56718,1.00,1.00
2017.04.17 10:14:12.167,8.56542,8.567,1.00,1.00
2017.04.17 10:14:12.583,8.5653,8.56688,1.00,1.00
2017.04.17 10:14:13.129,8.56534,8.56692,1.00,1.00
2017.04.17 10:14:18.191,8.56532,8.56691,1.00,1.00
2017.04.17 10:14:19.193,8.56535,8.56693,1.00,1.00
2017.04.17 10:14:25.705,8.56536,8.56694,1.00,1.00
2017.04.17 10:14:26.707,8.56535,8.56693,1.00,1.00
2017.04.17 10:14:30.348,8.56527,8.56685,1.00,1.00
2017.04.17 10:14:30.449,8.56501,8.5666,1.00,1.00
2017.04.17 10:14:30.652,8.56491,8.56647,1.00,1.00
2017.04.17 10:14:33.950,8.56488,8.56646,1.00,1.00
2017.04.17 10:14:48.987,8.5649,8.56648,1.00,1.00
2017.04.17 10:15:19.042,8.56491,8.56649,1.00,1.00
2017.04.17 10:15:25.827,8.56492,8.5665,1.00,1.00
2017.04.17 10:15:26.869,8.56494,8.56651,1.00,1.00
2017.04.17 10:15:55.146,8.5653,8.56686,1.00,1.04
2017.04.17 10:15:55.838,8.5653,8.56686,1.00,1.04
2017.04.17 10:15:56.401,8.56531,8.56689,1.00,1.04
2017.04.17 10:15:57.114,8.5653,8.56689,1.00,1.04
2017.04.17 10:16:00.679,8.56505,8.56663,1.00,1.00
2017.04.17 10:16:01.546,8.56497,8.56655,1.00,1.00
2017.04.17 10:16:02.282,8.56492,8.56648,1.00,1.00
2017.04.17 10:16:04.130,8.56493,8.56651,1.00,1.00
2017.04.17 10:16:11.645,8.56495,8.56653,1.00,1.00
2017.04.17 10:16:14.553,8.56498,8.56656,1.00,1.00
2017.04.17 10:16:15.999,8.56501,8.56659,1.00,1.00
2017.04.17 10:16:16.394,8.56496,8.56655,1.00,1.00
2017.04.17 10:16:19.170,8.56498,8.56656,1.00,1.00
2017.04.17 10:16:19.778,8.56503,8.56661,1.00,1.00
2017.04.17 10:16:25.944,8.56502,8.5666,1.00,1.00
2017.04.17 10:16:26.947,8.56502,8.56658,1.00,1.00
2017.04.17 10:16:33.588,8.56503,8.56661,1.00,1.00
2017.04.17 10:16:34.461,8.56506,8.56662,1.00,1.00
2017.04.17 10:16:48.491,8.56503,8.56661,1.00,1.00
2017.04.17 10:16:56.005,8.56504,8.56662,1.00,1.00
2017.04.17 10:16:57.041,8.56506,8.56664,1.00,1.00
2017.04.17 10:17:03.520,8.56506,8.56665,1.00,1.00
2017.04.17 10:17:11.035,8.56505,8.56663,1.00,1.00
2017.04.17 10:17:20.060,8.56516,8.56674,1.00,1.00
2017.04.17 10:17:20.400,8.56521,8.56677,1.00,1.00
2017.04.17 10:17:21.119,8.56522,8.5668,1.00,1.00
2017.04.17 10:17:22.697,8.5651,8.56668,1.00,1.00
2017.04.17 10:17:23.007,8.56508,8.56664,1.00,1.00
2017.04.17 10:17:24.012,8.56504,8.56663,1.00,1.00
2017.04.17 10:17:26.065,8.56504,8.5666,1.00,1.00
2017.04.17 10:17:27.066,8.56505,8.56661,1.00,1.00
2017.04.17 10:17:33.605,8.56506,8.56664,1.00,1.00
2017.04.17 10:17:41.885,8.56505,8.56663,1.00,1.00
2017.04.17 10:17:55.327,8.56526,8.56684,1.00,1.50
2017.04.17 10:17:55.378,8.56531,8.5669,1.00,1.00
2017.04.17 10:17:55.556,8.56545,8.56701,1.00,1.00
2017.04.17 10:17:56.285,8.5655,8.56708,1.00,1.50
2017.04.17 10:17:57.287,8.56548,8.56706,1.00,1.00
2017.04.17 10:17:57.796,8.56557,8.56708,1.00,1.00
2017.04.17 10:17:58.873,8.56554,8.56708,1.00,1.00
2017.04.17 10:18:00.315,8.5655,8.56708,1.00,1.00
2017.04.17 10:18:00.567,8.5655,8.56723,1.00,1.00
2017.04.17 10:18:00.618,8.56548,8.56749,1.00,1.00
2017.04.17 10:18:00.669,8.56567,8.56738,1.00,1.00
2017.04.17 10:18:01.174,8.5655,8.56748,1.00,1.00
2017.04.17 10:18:01.441,8.5655,8.56746,1.00,1.00
2017.04.17 10:18:03.641,8.56551,8.56746,1.00,1.00
2017.04.17 10:18:04.642,8.56552,8.56746,1.00,1.00
2017.04.17 10:18:05.111,8.5657,8.56742,1.00,1.00
2017.04.17 10:18:09.152,8.56582,8.56746,1.00,1.00
2017.04.17 10:18:11.155,8.56581,8.56746,1.00,1.00
2017.04.17 10:18:19.430,8.56584,8.56746,1.00,1.00
2017.04.17 10:18:26.916,8.56582,8.56746,1.00,1.00
2017.04.17 10:18:27.626,8.56591,8.56746,1.00,1.00
2017.04.17 10:18:27.889,8.56585,8.56746,1.00,1.00
2017.04.17 10:18:34.045,8.56597,8.5677,1.00,1.50
2017.04.17 10:18:35.046,8.566,8.5677,1.00,1.00
2017.04.17 10:18:36.047,8.56605,8.5677,1.00,1.00
2017.04.17 10:18:36.149,8.56623,8.56789,1.00,1.00
2017.04.17 10:18:37.803,8.56631,8.56789,1.00,1.00
2017.04.17 10:18:40.681,8.56623,8.56789,1.00,1.00
2017.04.17 10:18:41.022,8.56615,8.56788,1.00,1.00
2017.04.17 10:18:42.134,8.56613,8.56784,1.00,1.00
2017.04.17 10:18:49.460,8.56614,8.56785,1.00,1.00
2017.04.17 10:18:55.654,8.56584,8.56757,1.00,1.00
2017.04.17 10:18:55.705,8.56575,8.56748,1.00,1.00
2017.04.17 10:18:56.616,8.56583,8.56754,1.00,1.00
2017.04.17 10:19:03.415,8.56585,8.56756,1.00,1.00
2017.04.17 10:19:04.490,8.56575,8.56764,1.00,1.00
2017.04.17 10:19:10.723,8.5658,8.56764,1.00,1.00
2017.04.17 10:19:11.724,8.56581,8.56764,1.00,1.00
2017.04.17 10:19:12.005,8.56579,8.56764,1.00,1.00
2017.04.17 10:19:13.521,8.56577,8.56764,1.00,1.00
2017.04.17 10:19:18.828,8.56577,8.5675,1.00,1.00
2017.04.17 10:19:19.520,8.56573,8.56746,1.00,1.00
2017.04.17 10:19:20.615,8.5658,8.56753,1.00,1.00
2017.04.17 10:19:26.305,8.56577,8.5675,1.00,1.00
2017.04.17 10:19:38.825,8.56577,8.5674,1.00,1.00
2017.04.17 10:19:41.334,8.56568,8.5674,1.00,1.00
2017.04.17 10:19:46.150,8.56567,8.5674,1.00,1.50
2017.04.17 10:19:47.154,8.56575,8.5674,1.00,1.00
2017.04.17 10:19:48.656,8.56545,8.56728,1.00,1.00
2017.04.17 10:19:49.417,8.56545,8.5672,1.00,1.00
2017.04.17 10:19:49.518,8.56532,8.56715,1.00,1.00
2017.04.17 10:19:49.569,8.56532,8.56697,1.00,1.00
2017.04.17 10:19:50.032,8.56538,8.56697,1.00,1.00
2017.04.17 10:19:56.364,8.56532,8.56697,1.00,1.00
2017.04.17 10:20:11.393,8.5653,8.56697,1.00,1.00
2017.04.17 10:20:34.710,8.56526,8.56697,1.00,1.00
2017.04.17 10:20:41.453,8.56533,8.56697,1.00,1.00
2017.04.17 10:20:42.183,8.56529,8.56697,1.00,1.00
2017.04.17 10:20:47.252,8.56529,8.56697,1.00,1.03
2017.04.17 10:20:54.263,8.56529,8.56701,1.00,1.00
2017.04.17 10:20:56.483,8.56525,8.56701,1.00,1.00
2017.04.17 10:20:57.486,8.56524,8.56701,1.00,1.00
2017.04.17 10:21:01.178,8.56524,8.56702,1.00,1.00
2017.04.17 10:21:10.351,8.56504,8.5668,1.00,1.00
2017.04.17 10:21:10.402,8.56504,8.56689,1.00,1.00
2017.04.17 10:21:10.453,8.56494,8.56688,1.00,1.00
2017.04.17 10:21:11.014,8.56494,8.56661,1.00,1.00
2017.04.17 10:21:11.348,8.56489,8.56656,1.00,1.00
2017.04.17 10:21:12.437,8.5649,8.56656,1.00,1.00
2017.04.17 10:21:16.526,8.56491,8.56656,1.00,1.00
2017.04.17 10:21:34.058,8.56489,8.56656,1.00,1.00
2017.04.17 10:21:35.556,8.56487,8.56656,1.00,1.00
2017.04.17 10:21:38.862,8.56465,8.56656,1.00,1.00
2017.04.17 10:21:40.885,8.56465,8.56631,1.00,1.00
2017.04.17 10:21:41.573,8.56457,8.56631,1.00,1.00
2017.04.17 10:21:47.630,8.56436,8.56631,1.00,1.00
2017.04.17 10:21:48.417,8.56437,8.56625,1.00,1.00
2017.04.17 10:21:49.818,8.56436,8.56628,1.00,1.00
2017.04.17 10:21:52.444,8.56428,8.56631,1.00,1.00
2017.04.17 10:21:56.603,8.56426,8.56631,1.00,1.00
2017.04.17 10:21:56.795,8.56461,8.56678,1.00,1.87
2017.04.17 10:21:56.942,8.56447,8.56678,1.00,1.50
2017.04.17 10:21:57.044,8.56462,8.56678,1.00,1.00
2017.04.17 10:21:57.095,8.56462,8.56682,1.00,1.00
2017.04.17 10:21:57.246,8.56462,8.56693,1.00,1.00
2017.04.17 10:21:57.846,8.56467,8.56672,1.00,1.00
2017.04.17 10:21:58.542,8.56474,8.56652,1.00,1.00
2017.04.17 10:21:58.593,8.56465,8.56672,1.00,1.00
2017.04.17 10:22:11.678,8.56464,8.56672,1.00,1.00
2017.04.17 10:22:12.410,8.56464,8.56672,1.00,1.05
2017.04.17 10:22:12.740,8.56466,8.56672,1.00,1.05
2017.04.17 10:22:16.017,8.56466,8.56672,1.00,1.05
2017.04.17 10:22:18.893,8.56488,8.56672,1.00,1.05
2017.04.17 10:22:19.303,8.56498,8.56729,1.00,1.05
2017.04.17 10:22:19.455,8.56508,8.56738,1.00,1.00
2017.04.17 10:22:19.899,8.56506,8.56731,1.00,1.00
2017.04.17 10:22:20.206,8.56506,8.567,1.00,1.00
2017.04.17 10:22:26.662,8.56508,8.567,1.00,1.00
2017.04.17 10:22:30.006,8.56505,8.567,1.00,1.00
2017.04.17 10:22:30.056,8.56511,8.567,1.00,1.00
2017.04.17 10:22:34.907,8.56515,8.567,1.00,1.00
2017.04.17 10:22:49.937,8.56516,8.56698,1.00,1.00
2017.04.17 10:22:53.167,8.56549,8.56731,1.00,1.00
2017.04.17 10:22:53.218,8.56549,8.56734,1.00,1.00
2017.04.17 10:22:53.914,8.56549,8.56733,1.00,1.00
2017.04.17 10:22:54.622,8.56547,8.56733,1.00,1.00
2017.04.17 10:22:56.722,8.56542,8.56733,1.00,1.00
2017.04.17 10:22:57.452,8.56545,8.56733,1.00,1.00
2017.04.17 10:23:00.229,8.56548,8.56733,1.00,1.00
2017.04.17 10:23:04.237,8.56549,8.56733,1.00,1.00
2017.04.17 10:23:05.238,8.5655,8.56733,1.00,1.00
2017.04.17 10:23:11.752,8.56551,8.56733,1.00,1.50
2017.04.17 10:23:13.290,8.56551,8.56733,1.00,1.55
2017.04.17 10:23:19.268,8.56549,8.56732,1.00,1.05
2017.04.17 10:23:20.019,8.56546,8.56731,1.00,1.05
2017.04.17 10:23:20.337,8.56546,8.56731,1.00,1.00
2017.04.17 10:23:26.864,8.56562,8.56733,1.00,1.00
2017.04.17 10:23:27.039,8.56562,8.56738,1.00,1.00
2017.04.17 10:23:27.090,8.56551,8.56752,1.00,1.00
2017.04.17 10:23:27.140,8.56551,8.56733,1.00,1.00
2017.04.17 10:23:27.577,8.56564,8.56733,1.00,1.00
2017.04.17 10:23:27.678,8.56574,8.56754,1.00,1.00
2017.04.17 10:23:27.981,8.56574,8.56795,1.00,1.00
2017.04.17 10:23:28.150,8.56588,8.56779,1.00,1.00
2017.04.17 10:23:34.297,8.56589,8.5678,1.00,1.50
2017.04.17 10:23:35.027,8.56591,8.5678,1.00,1.00
2017.04.17 10:23:42.680,8.56587,8.56777,1.00,1.00
2017.04.17 10:23:45.453,8.56587,8.56776,1.00,1.00
2017.04.17 10:23:50.056,8.56589,8.56776,1.00,1.00
2017.04.17 10:23:50.788,8.566,8.5678,1.00,1.00
2017.04.17 10:23:50.839,8.566,8.56785,1.00,1.00
2017.04.17 10:23:51.041,8.56584,8.56785,1.00,1.00
2017.04.17 10:23:51.816,8.56584,8.56766,1.00,1.00
2017.04.17 10:23:52.277,8.5658,8.56766,1.00,1.00
2017.04.17 10:23:52.429,8.56573,8.56766,1.00,1.00
2017.04.17 10:23:52.530,8.5655,8.56775,1.00,1.00
2017.04.17 10:23:53.084,8.5655,8.56776,1.00,1.00
2017.04.17 10:23:53.448,8.5655,8.56753,1.00,1.00
2017.04.17 10:23:53.549,8.56548,8.56753,1.00,1.00
2017.04.17 10:23:53.717,8.56548,8.56729,1.00,1.00
2017.04.17 10:23:54.189,8.56543,8.56729,1.00,1.00
2017.04.17 10:23:54.240,8.56536,8.56729,1.00,1.00
2017.04.17 10:23:56.856,8.56551,8.56729,1.00,1.00
2017.04.17 10:23:57.191,8.56546,8.56729,1.00,1.00
2017.04.17 10:23:58.400,8.56551,8.56729,1.00,1.00
2017.04.17 10:24:04.357,8.56549,8.56729,1.00,1.00
2017.04.17 10:24:10.583,8.56549,8.56729,1.00,1.05
2017.04.17 10:24:11.872,8.56548,8.56729,1.00,1.05
2017.04.17 10:24:12.880,8.5655,8.56729,1.00,1.05
2017.04.17 10:24:14.673,8.56556,8.56742,1.00,1.05
2017.04.17 10:24:15.158,8.5655,8.56721,1.00,1.00
2017.04.17 10:24:17.754,8.5655,8.56725,1.00,1.00
2017.04.17 10:24:17.805,8.5655,8.56739,1.00,1.00
2017.04.17 10:24:19.410,8.56552,8.56739,1.00,1.00
2017.04.17 10:24:20.388,8.56553,8.56739,1.00,1.00
2017.04.17 10:24:20.710,8.56573,8.56756,1.00,1.00
2017.04.17 10:24:20.913,8.56549,8.56739,1.00,1.00
2017.04.17 10:24:21.902,8.5655,8.56739,1.00,1.00
2017.04.17 10:24:26.902,8.56549,8.56739,1.00,1.00
2017.04.17 10:24:27.896,8.56552,8.56739,1.00,1.00
2017.04.17 10:24:35.146,8.56558,8.56739,1.00,1.00
2017.04.17 10:24:42.662,8.56556,8.56739,1.00,1.00
2017.04.17 10:24:50.176,8.56553,8.56739,1.00,1.00
2017.04.17 10:24:52.948,8.56546,8.56739,1.00,1.00
2017.04.17 10:24:52.999,8.56536,8.56739,1.00,1.00
2017.04.17 10:24:55.579,8.56536,8.56739,1.00,1.04
2017.04.17 10:24:56.293,8.56536,8.56739,1.00,1.04
2017.04.17 10:24:56.955,8.56536,8.56739,1.00,1.04
2017.04.17 10:24:57.005,8.56533,8.56739,1.00,1.04
2017.04.17 10:24:57.691,8.56528,8.56739,1.00,1.04
2017.04.17 10:25:02.687,8.56528,8.56739,1.00,1.00
2017.04.17 10:25:05.208,8.5653,8.56739,1.00,1.00
2017.04.17 10:25:11.999,8.56529,8.56739,1.00,1.00
2017.04.17 10:25:14.383,8.56536,8.56723,1.00,1.00
2017.04.17 10:25:15.306,8.56539,8.56722,1.00,1.00
2017.04.17 10:25:19.509,8.56537,8.56722,1.00,1.00
2017.04.17 10:25:20.238,8.56534,8.56737,1.00,1.00
2017.04.17 10:25:27.023,8.56538,8.56716,1.00,1.00
2017.04.17 10:25:28.026,8.5654,8.56716,1.00,1.00
2017.04.17 10:25:30.575,8.56531,8.56743,1.00,1.00
2017.04.17 10:25:32.028,8.56541,8.56743,1.00,1.00
2017.04.17 10:25:32.726,8.56541,8.56744,1.00,1.00
2017.04.17 10:25:34.539,8.56542,8.56744,1.00,1.00
2017.04.17 10:25:42.053,8.56539,8.56744,1.00,1.00
2017.04.17 10:25:44.221,8.56551,8.56744,1.00,1.00
2017.04.17 10:25:44.560,8.5654,8.56744,1.00,1.00
2017.04.17 10:25:46.798,8.5654,8.56743,1.00,1.00
2017.04.17 10:25:48.389,8.56541,8.56743,1.00,1.00
2017.04.17 10:25:49.258,8.56541,8.56744,1.00,1.00
2017.04.17 10:25:49.388,8.56541,8.56744,1.00,1.04
2017.04.17 10:25:49.569,8.56539,8.56744,1.00,1.04
2017.04.17 10:25:50.081,8.56539,8.56743,1.00,1.04
2017.04.17 10:25:56.307,8.56539,8.56744,1.00,1.00
2017.04.17 10:25:57.857,8.56574,8.56744,1.00,1.00
2017.04.17 10:25:57.908,8.56574,8.56757,1.00,1.00
2017.04.17 10:25:58.313,8.56574,8.56744,1.00,1.00
2017.04.17 10:25:58.583,8.56558,8.56739,1.00,1.00
2017.04.17 10:26:04.291,8.56565,8.56739,1.00,1.00
2017.04.17 10:26:04.583,8.5656,8.56739,1.00,1.00
2017.04.17 10:26:05.295,8.56571,8.56739,1.00,1.00
2017.04.17 10:26:05.828,8.56572,8.56739,1.00,1.00
2017.04.17 10:26:06.336,8.5658,8.56739,1.00,1.00
2017.04.17 10:26:12.291,8.56548,8.56739,1.00,1.00
2017.04.17 10:26:13.289,8.56538,8.56739,1.00,1.00
2017.04.17 10:26:18.403,8.56532,8.56739,1.00,1.00
2017.04.17 10:26:20.394,8.56527,8.56739,1.00,1.00
2017.04.17 10:26:24.653,8.56507,8.56739,1.00,1.00
2017.04.17 10:26:37.491,8.56511,8.56739,1.00,1.00
2017.04.17 10:26:37.593,8.56511,8.56769,1.00,1.00
2017.04.17 10:26:37.644,8.56517,8.56747,1.00,1.00
2017.04.17 10:26:42.928,8.56519,8.56747,1.00,1.00
2017.04.17 10:26:45.141,8.56519,8.56747,1.00,1.03
2017.04.17 10:26:46.576,8.56519,8.56747,1.00,1.03
2017.04.17 10:26:50.418,8.56518,8.56747,1.00,1.03
2017.04.17 10:26:52.101,8.56518,8.56747,1.00,1.00
2017.04.17 10:26:55.764,8.56525,8.56747,1.00,1.00
2017.04.17 10:26:57.203,8.56524,8.56747,1.00,1.00
2017.04.17 10:26:57.933,8.56521,8.56747,1.00,1.00
2017.04.17 10:27:04.966,8.56523,8.56747,1.00,1.00
2017.04.17 10:27:12.233,8.56527,8.56747,1.00,1.00
2017.04.17 10:27:13.234,8.56529,8.56747,1.00,1.00
2017.04.17 10:27:21.493,8.56528,8.56747,1.00,1.00
2017.04.17 10:27:27.263,8.56529,8.56747,1.00,1.00
2017.04.17 10:27:35.508,8.5653,8.56747,1.00,1.00
2017.04.17 10:27:39.470,8.5653,8.56752,1.00,1.00
2017.04.17 10:27:40.426,8.56535,8.5674,1.00,1.00
2017.04.17 10:27:42.293,8.56533,8.56747,1.00,1.00
2017.04.17 10:27:50.538,8.56534,8.56743,1.00,1.00
2017.04.17 10:27:57.323,8.56534,8.56742,1.00,1.00
2017.04.17 10:28:12.353,8.56534,8.56744,1.00,1.06
2017.04.17 10:28:15.371,8.56525,8.56737,1.00,1.00
2017.04.17 10:28:15.422,8.56521,8.56733,1.00,1.00
2017.04.17 10:28:15.876,8.56503,8.56732,1.00,1.00
2017.04.17 10:28:16.078,8.56503,8.5673,1.00,1.00
2017.04.17 10:28:16.386,8.56523,8.5673,1.00,1.00
2017.04.17 10:28:19.868,8.56522,8.5673,1.00,1.00
2017.04.17 10:28:20.597,8.56525,8.5673,1.00,1.00
2017.04.17 10:28:27.383,8.56524,8.5673,1.00,1.00
2017.04.17 10:28:37.923,8.56529,8.5673,1.00,1.00
2017.04.17 10:28:37.974,8.56524,8.5673,1.00,1.00
2017.04.17 10:28:42.413,8.56523,8.5673,1.00,1.00
2017.04.17 10:28:44.810,8.56528,8.5673,1.00,1.00
2017.04.17 10:28:45.116,8.56498,8.5673,1.00,1.00
2017.04.17 10:28:50.500,8.56525,8.5673,1.00,1.04
2017.04.17 10:28:52.265,8.5653,8.5673,1.00,1.04
2017.04.17 10:28:54.661,8.56536,8.56721,1.00,1.04
2017.04.17 10:28:57.443,8.5653,8.5673,1.00,1.04
2017.04.17 10:28:57.530,8.5653,8.5673,1.00,1.00
2017.04.17 10:28:58.444,8.56527,8.5673,1.00,1.00
2017.04.17 10:28:59.059,8.56498,8.5673,1.00,1.00
2017.04.17 10:29:00.949,8.56519,8.5673,1.00,1.00
2017.04.17 10:29:04.958,8.56522,8.5673,1.00,1.00
2017.04.17 10:29:05.688,8.56521,8.5673,1.00,1.00
2017.04.17 10:29:11.308,8.56517,8.5673,1.00,1.00
2017.04.17 10:29:12.309,8.56511,8.5673,1.00,1.00
2017.04.17 10:29:12.410,8.56505,8.5673,1.00,1.00
2017.04.17 10:29:15.916,8.56505,8.56739,1.00,1.00
2017.04.17 10:29:16.067,8.56509,8.56738,1.00,1.00
2017.04.17 10:29:16.118,8.56511,8.56741,1.00,1.00
2017.04.17 10:29:16.270,8.56491,8.56721,1.00,1.00
2017.04.17 10:29:16.997,8.56522,8.56721,1.00,1.00
2017.04.17 10:29:17.048,8.56491,8.56721,1.50,1.00
2017.04.17 10:29:17.149,8.56523,8.56721,1.00,1.00
2017.04.17 10:29:17.262,8.56491,8.56721,1.50,1.00
2017.04.17 10:29:18.114,8.56522,8.56721,1.00,1.00
2017.04.17 10:29:18.266,8.56491,8.56721,1.50,1.00
2017.04.17 10:29:19.132,8.56522,8.56721,1.00,1.00
2017.04.17 10:29:19.310,8.56492,8.56721,1.00,1.00
2017.04.17 10:29:20.033,8.56491,8.56721,1.00,1.00
2017.04.17 10:29:20.135,8.56521,8.56721,1.00,1.00
2017.04.17 10:29:20.319,8.56491,8.56721,1.00,1.00
2017.04.17 10:29:21.135,8.56521,8.56721,1.00,1.00
2017.04.17 10:29:21.320,8.56491,8.56721,1.00,1.00
2017.04.17 10:29:22.137,8.56521,8.56721,1.00,1.00
2017.04.17 10:29:22.321,8.56491,8.56721,1.00,1.00
2017.04.17 10:29:22.989,8.56523,8.56721,1.00,1.00
2017.04.17 10:29:23.040,8.56491,8.56721,1.00,1.00
2017.04.17 10:29:23.142,8.56521,8.56721,1.00,1.00
2017.04.17 10:29:23.323,8.56491,8.56721,1.50,1.00
2017.04.17 10:29:24.145,8.56522,8.56721,1.00,1.00
2017.04.17 10:29:24.299,8.56491,8.56721,1.00,1.00
2017.04.17 10:29:25.048,8.56519,8.56721,1.00,1.00
2017.04.17 10:29:25.099,8.56491,8.56721,1.00,1.00
2017.04.17 10:29:25.150,8.5652,8.56721,1.00,1.00
2017.04.17 10:29:25.325,8.56491,8.56721,1.00,1.00
2017.04.17 10:29:26.328,8.56521,8.56715,1.00,1.00
2017.04.17 10:29:27.047,8.56491,8.56721,1.00,1.00
2017.04.17 10:29:28.050,8.5652,8.5672,1.00,1.00
2017.04.17 10:29:29.000,8.56519,8.56721,1.00,1.50
2017.04.17 10:29:29.813,8.56518,8.56719,1.00,1.00
2017.04.17 10:29:32.055,8.56519,8.56718,1.00,1.00
2017.04.17 10:29:32.619,8.56518,8.56719,1.00,1.00
2017.04.17 10:29:33.037,8.56491,8.56721,1.00,1.50
2017.04.17 10:29:33.912,8.56491,8.5672,1.00,1.00
2017.04.17 10:29:34.451,8.56491,8.56721,1.00,1.00
2017.04.17 10:29:35.179,8.56509,8.5672,1.00,1.00
2017.04.17 10:29:35.230,8.56491,8.56721,1.00,1.00
2017.04.17 10:29:36.113,8.56511,8.56721,1.00,1.00
2017.04.17 10:29:37.015,8.56491,8.56721,1.00,1.50
2017.04.17 10:29:38.065,8.56511,8.56721,1.00,1.00
2017.04.17 10:29:38.495,8.56491,8.56721,1.00,1.00
2017.04.17 10:29:44.507,8.5652,8.56721,1.00,1.00
2017.04.17 10:29:46.425,8.56521,8.56721,1.00,1.00
2017.04.17 10:29:47.427,8.5652,8.56721,1.00,1.00
2017.04.17 10:29:48.378,8.56491,8.56721,1.00,1.00
2017.04.17 10:29:48.429,8.56521,8.56721,1.00,1.00
2017.04.17 10:29:49.431,8.5652,8.56721,1.00,1.00
2017.04.17 10:29:50.383,8.56491,8.56721,1.00,1.00
2017.04.17 10:29:50.434,8.5652,8.56721,1.00,1.00
2017.04.17 10:29:54.389,8.56491,8.56721,1.00,1.00
2017.04.17 10:29:54.540,8.5652,8.56721,1.00,1.00
2017.04.17 10:29:56.392,8.56491,8.56721,1.00,1.00
2017.04.17 10:29:56.443,8.56521,8.56721,1.00,1.00
2017.04.17 10:29:57.444,8.56491,8.56721,1.00,1.00
2017.04.17 10:29:57.494,8.56491,8.56721,1.00,1.04
2017.04.17 10:29:58.445,8.56522,8.56721,1.00,1.04
2017.04.17 10:29:59.067,8.56522,8.56721,1.00,1.04
2017.04.17 10:29:59.573,8.56519,8.56721,1.00,1.54
2017.04.17 10:30:00.103,8.56519,8.56721,1.00,1.54
2017.04.17 10:30:00.410,8.56524,8.56721,1.00,1.04
2017.04.17 10:30:01.066,8.56524,8.56721,1.00,1.04
2017.04.17 10:30:01.434,8.56519,8.56721,1.00,1.54
2017.04.17 10:30:02.421,8.5652,8.5672,1.00,1.04
2017.04.17 10:30:04.388,8.5652,8.5672,1.00,1.00
2017.04.17 10:30:04.439,8.56491,8.56721,1.00,1.00
2017.04.17 10:30:05.461,8.56517,8.56718,1.00,1.00
2017.04.17 10:30:13.481,8.56518,8.56719,1.00,1.00
2017.04.17 10:30:16.480,8.56488,8.56723,1.00,1.00
2017.04.17 10:30:17.457,8.56518,8.56719,1.00,1.00
2017.04.17 10:30:18.147,8.56486,8.56723,1.00,1.00
2017.04.17 10:30:18.499,8.56488,8.56723,1.00,1.00
2017.04.17 10:30:19.150,8.56518,8.56719,1.00,1.00
2017.04.17 10:30:20.101,8.56519,8.56718,1.00,1.00
2017.04.17 10:30:20.152,8.56487,8.56722,1.00,1.00
2017.04.17 10:30:21.450,8.56486,8.56706,1.00,1.00
2017.04.17 10:30:23.453,8.56485,8.56706,1.00,1.00
2017.04.17 10:30:25.325,8.56486,8.56712,1.00,1.00
2017.04.17 10:30:26.281,8.56487,8.56713,1.00,1.00
2017.04.17 10:30:27.655,8.56486,8.56709,1.00,1.00
2017.04.17 10:30:28.625,8.56486,8.56706,1.00,1.00
2017.04.17 10:30:31.152,8.56485,8.56706,1.00,1.00
2017.04.17 10:30:32.366,8.56485,8.56703,1.00,1.00
2017.04.17 10:30:34.350,8.56485,8.567,1.00,1.00
2017.04.17 10:30:34.533,8.56467,8.567,1.37,1.00
2017.04.17 10:30:35.322,8.56471,8.56701,1.37,1.50
2017.04.17 10:30:35.936,8.56489,8.56701,1.00,1.00
2017.04.17 10:30:35.987,8.56489,8.56717,1.00,1.00
2017.04.17 10:30:36.194,8.5647,8.56702,1.37,1.00
2017.04.17 10:30:36.420,8.56487,8.56702,1.00,1.00
2017.04.17 10:30:36.470,8.56494,8.56713,1.00,1.00
2017.04.17 10:30:36.672,8.56494,8.56701,1.00,1.00
2017.04.17 10:30:45.563,8.56498,8.5669,1.00,1.00
2017.04.17 10:30:46.602,8.56498,8.5669,1.00,1.03
2017.04.17 10:30:48.510,8.56499,8.56687,1.00,1.03
2017.04.17 10:30:53.620,8.56499,8.56687,1.00,1.00
2017.04.17 10:30:57.683,8.565,8.56685,1.00,1.00
2017.04.17 10:30:57.995,8.56502,8.56685,1.00,1.00
2017.04.17 10:31:02.886,8.56496,8.56681,1.00,1.00
2017.04.17 10:31:05.963,8.56514,8.56686,1.00,1.00
2017.04.17 10:31:06.304,8.56508,8.5668,1.00,1.00
2017.04.17 10:31:09.742,8.56503,8.56701,1.00,1.00
2017.04.17 10:31:09.793,8.56509,8.56686,1.00,1.00
2017.04.17 10:31:09.844,8.56474,8.5669,1.00,1.00
2017.04.17 10:31:09.895,8.56497,8.56688,1.00,1.00
2017.04.17 10:31:12.354,8.56471,8.56688,1.50,1.00
2017.04.17 10:31:13.517,8.56471,8.56686,1.00,1.00
2017.04.17 10:31:20.958,8.56471,8.56691,1.00,1.00
2017.04.17 10:31:21.985,8.56493,8.56688,1.00,1.00
2017.04.17 10:31:22.037,8.56487,8.5671,1.00,1.00
2017.04.17 10:31:22.138,8.56487,8.56688,1.00,1.00
2017.04.17 10:31:23.989,8.56487,8.56706,1.00,1.00
2017.04.17 10:31:24.296,8.56487,8.56687,1.00,1.00
2017.04.17 10:31:26.010,8.56487,8.56688,1.00,1.00
2017.04.17 10:31:27.743,8.565,8.56688,1.00,1.00
2017.04.17 10:31:29.083,8.565,8.56705,1.00,1.00
2017.04.17 10:31:29.235,8.56506,8.56678,1.00,1.00
2017.04.17 10:31:29.650,8.56496,8.56688,1.00,1.00
2017.04.17 10:31:34.557,8.56496,8.56693,1.00,1.00
2017.04.17 10:31:34.803,8.565,8.56691,1.00,1.00
2017.04.17 10:31:35.988,8.56503,8.56691,1.00,1.00
2017.04.17 10:31:37.922,8.5651,8.56691,1.00,1.00
2017.04.17 10:31:43.561,8.56506,8.56691,1.00,1.00
2017.04.17 10:31:45.646,8.56509,8.56691,1.00,1.00
2017.04.17 10:31:45.697,8.56503,8.56691,1.00,1.00
2017.04.17 10:31:48.093,8.56503,8.56691,1.00,1.03
2017.04.17 10:31:50.288,8.56504,8.56691,1.00,1.03
2017.04.17 10:31:51.289,8.56505,8.56691,1.00,1.03
2017.04.17 10:31:51.463,8.56508,8.56691,1.00,1.03
2017.04.17 10:31:53.729,8.56503,8.56691,1.00,1.03
2017.04.17 10:31:55.153,8.56503,8.56691,1.00,1.00
2017.04.17 10:31:57.803,8.56506,8.56691,1.00,1.00
2017.04.17 10:31:58.804,8.5651,8.56691,1.00,1.00
2017.04.17 10:32:00.519,8.56514,8.56686,1.00,1.00
2017.04.17 10:32:00.721,8.5651,8.56692,1.00,1.00
2017.04.17 10:32:00.872,8.56505,8.56703,1.00,1.00
2017.04.17 10:32:01.511,8.56512,8.56697,1.00,1.00
2017.04.17 10:32:01.895,8.56505,8.56701,1.00,1.00
2017.04.17 10:32:02.529,8.56516,8.56691,1.00,1.00
2017.04.17 10:32:02.651,8.56505,8.56721,1.00,1.00
2017.04.17 10:32:02.762,8.56516,8.56691,1.00,1.00
2017.04.17 10:32:02.863,8.56505,8.56721,1.00,1.00
2017.04.17 10:32:02.983,8.56516,8.56691,1.00,1.00
2017.04.17 10:32:03.084,8.56505,8.56721,1.00,1.00
2017.04.17 10:32:03.204,8.56516,8.56691,1.00,1.00
2017.04.17 10:32:03.535,8.56505,8.56721,1.00,1.00
2017.04.17 10:32:03.868,8.56516,8.56691,1.00,1.00
2017.04.17 10:32:03.977,8.56505,8.56721,1.00,1.00
2017.04.17 10:32:04.089,8.56516,8.56691,1.00,1.00
2017.04.17 10:32:04.199,8.56505,8.56721,1.00,1.00
2017.04.17 10:32:04.310,8.56516,8.56691,1.00,1.00
2017.04.17 10:32:04.411,8.56505,8.56721,1.00,1.00
2017.04.17 10:32:04.531,8.56517,8.5669,1.00,1.00
2017.04.17 10:32:04.641,8.56505,8.56721,1.00,1.00
2017.04.17 10:32:04.752,8.56516,8.56691,1.00,1.00
2017.04.17 10:32:04.862,8.5651,8.56718,1.00,1.00
2017.04.17 10:32:04.974,8.56505,8.56694,1.00,1.00
2017.04.17 10:32:05.075,8.56511,8.56717,1.00,1.00
2017.04.17 10:32:05.397,8.56505,8.56699,1.00,1.00
2017.04.17 10:32:06.164,8.56505,8.56702,1.00,1.00
2017.04.17 10:32:08.277,8.56505,8.56705,1.00,1.00
2017.04.17 10:32:12.873,8.56505,8.5671,1.00,1.00
2017.04.17 10:32:21.078,8.56505,8.56717,1.00,1.00
2017.04.17 10:32:36.108,8.56505,8.56705,1.00,1.00
2017.04.17 10:32:39.327,8.56505,8.56724,1.00,1.00
2017.04.17 10:32:39.393,8.56505,8.56722,1.00,1.00
2017.04.17 10:32:40.058,8.56487,8.56694,1.00,1.00
2017.04.17 10:32:42.893,8.56485,8.56695,1.00,1.00
2017.04.17 10:32:43.670,8.56505,8.56695,1.00,1.00
2017.04.17 10:32:45.834,8.56505,8.56699,1.00,1.00
2017.04.17 10:32:50.408,8.56505,8.56697,1.00,1.00
2017.04.17 10:32:51.143,8.56505,8.56694,1.00,1.00
2017.04.17 10:32:51.748,8.56505,8.56705,1.50,1.00
2017.04.17 10:32:52.140,8.56505,8.56708,1.00,1.00
2017.04.17 10:32:52.757,8.56506,8.56704,1.00,1.00
2017.04.17 10:32:55.150,8.56511,8.56691,1.00,1.00
2017.04.17 10:32:56.102,8.56505,8.56695,1.00,1.00
2017.04.17 10:32:56.153,8.56512,8.56689,1.00,1.00
2017.04.17 10:32:57.154,8.56513,8.56688,1.00,1.00
2017.04.17 10:32:58.107,8.56505,8.56692,1.00,1.00
2017.04.17 10:32:58.157,8.56512,8.56689,1.00,1.00
2017.04.17 10:32:59.109,8.56505,8.56719,1.50,1.00
2017.04.17 10:33:01.377,8.56505,8.56721,1.00,1.00
2017.04.17 10:33:01.439,8.56505,8.56689,1.00,1.00
2017.04.17 10:33:02.330,8.5651,8.56699,1.00,1.00
2017.04.17 10:33:05.438,8.56511,8.567,1.00,1.00
2017.04.17 10:33:06.167,8.56508,8.56715,1.00,1.00
2017.04.17 10:33:07.139,8.56506,8.56723,1.00,1.00
2017.04.17 10:33:07.290,8.56513,8.56693,1.00,1.00
2017.04.17 10:33:07.341,8.56514,8.56698,1.00,1.00
2017.04.17 10:33:08.282,8.56514,8.56696,1.00,1.00
2017.04.17 10:33:08.810,8.56514,8.56695,1.00,1.00
2017.04.17 10:33:09.163,8.56514,8.56699,1.00,1.00
2017.04.17 10:33:09.359,8.56514,8.56702,1.00,1.00
2017.04.17 10:33:10.331,8.56514,8.56701,1.00,1.00
2017.04.17 10:33:12.952,8.56514,8.56709,1.00,1.00
2017.04.17 10:33:13.694,8.56514,8.56706,1.00,1.00
2017.04.17 10:33:15.135,8.56514,8.56683,1.00,1.00
2017.04.17 10:33:15.186,8.56491,8.56675,1.00,1.00
2017.04.17 10:33:15.287,8.56477,8.56671,1.00,1.00
2017.04.17 10:33:15.998,8.56451,8.56677,1.00,1.00
2017.04.17 10:33:16.099,8.56476,8.56674,1.00,1.00
2017.04.17 10:33:16.991,8.56473,8.56674,1.00,1.00
2017.04.17 10:33:17.042,8.56473,8.56678,1.00,1.00
2017.04.17 10:33:17.719,8.56473,8.56679,1.00,1.00
2017.04.17 10:33:17.820,8.56473,8.56681,1.00,1.00
2017.04.17 10:33:17.977,8.56473,8.56679,1.00,1.00
2017.04.17 10:33:18.719,8.56473,8.56682,1.00,1.00
2017.04.17 10:33:18.770,8.56473,8.56679,1.00,1.00
2017.04.17 10:33:19.721,8.56473,8.56682,1.00,1.00
2017.04.17 10:33:20.467,8.56473,8.56677,1.00,1.00
2017.04.17 10:33:20.722,8.56473,8.56682,1.00,1.00
2017.04.17 10:33:21.645,8.56473,8.56672,1.00,1.00
2017.04.17 10:33:21.797,8.56473,8.56689,1.00,1.00
2017.04.17 10:33:23.291,8.56473,8.56705,1.00,1.00
2017.04.17 10:33:24.317,8.56473,8.56674,1.00,1.00
2017.04.17 10:33:27.983,8.56473,8.56687,1.00,1.00
2017.04.17 10:33:29.649,8.56473,8.56695,1.00,1.00
2017.04.17 10:33:29.801,8.56473,8.56658,1.00,1.00
2017.04.17 10:33:36.227,8.56473,8.56656,1.00,1.00
2017.04.17 10:33:37.671,8.56473,8.56669,1.00,1.00
2017.04.17 10:33:37.839,8.56473,8.56672,1.00,1.00
2017.04.17 10:33:37.890,8.56473,8.5667,1.00,1.00
2017.04.17 10:33:38.659,8.56473,8.5668,1.00,1.00
2017.04.17 10:33:40.255,8.56473,8.56674,1.00,1.00
2017.04.17 10:33:43.012,8.56473,8.56677,1.00,1.00
2017.04.17 10:33:44.013,8.56473,8.56678,1.00,1.00
2017.04.17 10:33:46.995,8.56473,8.56677,1.00,1.00
2017.04.17 10:33:47.421,8.56473,8.56669,1.00,1.00
2017.04.17 10:33:48.274,8.56473,8.56676,1.00,1.00
2017.04.17 10:33:50.528,8.56473,8.56674,1.00,1.00
2017.04.17 10:33:51.028,8.56473,8.5668,1.00,1.00
2017.04.17 10:33:58.042,8.56473,8.56677,1.00,1.00
2017.04.17 10:33:59.045,8.56473,8.56676,1.00,1.00
2017.04.17 10:33:59.521,8.56473,8.56678,1.00,1.00
2017.04.17 10:34:10.356,8.56473,8.56681,1.00,1.00
2017.04.17 10:34:12.612,8.56473,8.56676,1.00,1.00
2017.04.17 10:34:12.663,8.56473,8.56678,1.00,1.00
2017.04.17 10:34:13.861,8.56473,8.5668,1.00,1.00
2017.04.17 10:34:14.524,8.56481,8.56666,1.00,1.00
2017.04.17 10:34:14.808,8.56473,8.5667,1.00,1.00
2017.04.17 10:34:15.525,8.56482,8.56665,1.00,1.00
2017.04.17 10:34:16.528,8.56481,8.56666,1.00,1.00
2017.04.17 10:34:17.495,8.56468,8.5667,1.00,1.00
2017.04.17 10:34:18.032,8.5648,8.56664,1.00,1.00
2017.04.17 10:34:18.260,8.56475,8.56688,1.00,1.05
2017.04.17 10:34:18.480,8.56468,8.56688,1.00,1.05
2017.04.17 10:34:18.808,8.56468,8.56663,1.00,1.00
2017.04.17 10:34:21.317,8.56468,8.56672,1.00,1.00
2017.04.17 10:34:28.833,8.56468,8.56673,1.00,1.00
2017.04.17 10:34:33.170,8.56468,8.56675,1.00,1.00
2017.04.17 10:34:33.271,8.56486,8.56703,1.00,1.50
2017.04.17 10:34:33.322,8.56499,8.56703,1.00,1.00
2017.04.17 10:34:33.372,8.56499,8.56716,1.00,1.00
2017.04.17 10:34:34.112,8.56504,8.56716,1.00,1.00
2017.04.17 10:34:34.722,8.56508,8.56716,1.00,1.00
2017.04.17 10:34:35.641,8.56508,8.56717,1.00,1.00
2017.04.17 10:34:36.347,8.56508,8.5672,1.00,1.00
2017.04.17 10:34:36.758,8.56508,8.56739,1.00,1.00
2017.04.17 10:34:43.147,8.56508,8.5673,1.00,1.00
2017.04.17 10:34:50.021,8.56508,8.5671,1.00,1.00
2017.04.17 10:34:50.136,8.56508,8.56733,1.00,1.00
2017.04.17 10:34:50.244,8.56508,8.5671,1.00,1.00
2017.04.17 10:34:50.345,8.56508,8.56733,1.00,1.00
2017.04.17 10:34:50.467,8.56508,8.5671,1.00,1.00
2017.04.17 10:34:50.578,8.56508,8.56734,1.00,1.00
2017.04.17 10:34:50.638,8.56508,8.5671,1.00,1.00
2017.04.17 10:34:50.749,8.56508,8.56732,1.00,1.00
2017.04.17 10:34:51.081,8.56508,8.56709,1.00,1.00
2017.04.17 10:34:51.191,8.56508,8.56733,1.00,1.00
2017.04.17 10:34:51.302,8.56508,8.56709,1.00,1.00
2017.04.17 10:34:51.413,8.56508,8.56732,1.00,1.00
2017.04.17 10:34:51.464,8.56508,8.56732,1.00,1.04
2017.04.17 10:34:51.795,8.56508,8.56709,1.00,1.00
2017.04.17 10:34:51.855,8.56508,8.56733,1.00,1.04
2017.04.17 10:34:52.227,8.56508,8.56709,1.00,1.00
2017.04.17 10:34:52.297,8.56508,8.56733,1.00,1.04
2017.04.17 10:34:52.408,8.56508,8.56709,1.00,1.00
2017.04.17 10:34:52.518,8.56508,8.56733,1.00,1.04
2017.04.17 10:34:52.677,8.56508,8.56709,1.00,1.00
2017.04.17 10:34:52.740,8.56508,8.56733,1.00,1.04
2017.04.17 10:34:58.399,8.56508,8.56736,1.00,1.00
2017.04.17 10:34:58.547,8.56508,8.56709,1.00,1.00
2017.04.17 10:34:59.550,8.56508,8.56707,1.00,1.00
2017.04.17 10:35:01.769,8.56508,8.56731,1.00,1.00
2017.04.17 10:35:04.589,8.56508,8.5674,1.00,1.00
2017.04.17 10:35:06.409,8.56508,8.56739,1.00,1.00
2017.04.17 10:35:08.667,8.56508,8.5673,1.00,1.00
2017.04.17 10:35:08.718,8.56477,8.56712,1.00,1.00
2017.04.17 10:35:08.770,8.56468,8.56702,1.00,1.00
2017.04.17 10:35:09.617,8.56471,8.56702,1.00,1.00
2017.04.17 10:35:09.951,8.56471,8.56695,1.00,1.00
2017.04.17 10:35:12.681,8.56471,8.56701,1.00,1.00
2017.04.17 10:35:12.888,8.56499,8.56719,1.00,1.00
2017.04.17 10:35:13.040,8.5651,8.56744,1.00,1.00
2017.04.17 10:35:13.293,8.56523,8.56719,1.00,1.00
2017.04.17 10:35:13.400,8.56518,8.56742,1.00,1.00
2017.04.17 10:35:14.264,8.56515,8.56738,1.00,1.00
2017.04.17 10:35:15.910,8.56512,8.56735,1.50,1.00
2017.04.17 10:35:17.535,8.56512,8.56728,1.00,1.00
2017.04.17 10:35:21.439,8.56512,8.56734,1.00,1.00
2017.04.17 10:35:50.770,8.56512,8.56736,1.00,1.00
2017.04.17 10:35:51.770,8.56512,8.56733,1.00,1.00
2017.04.17 10:35:53.787,8.56512,8.56733,1.00,1.04
2017.04.17 10:35:54.130,8.56512,8.56704,1.50,1.00
2017.04.17 10:35:54.181,8.56512,8.56728,1.00,1.04
2017.04.17 10:35:54.254,8.56512,8.56704,1.50,1.00
2017.04.17 10:35:54.583,8.56512,8.56728,1.00,1.04
2017.04.17 10:35:54.687,8.56512,8.56701,1.50,1.00
2017.04.17 10:35:54.737,8.56512,8.56728,1.00,1.04
2017.04.17 10:35:54.850,8.56512,8.56704,1.50,1.00
2017.04.17 10:35:55.691,8.56512,8.56728,1.00,1.04
2017.04.17 10:35:55.903,8.56512,8.56704,1.50,1.00
2017.04.17 10:35:56.054,8.56512,8.56728,1.00,1.04
2017.04.17 10:35:56.124,8.56512,8.56704,1.50,1.00
2017.04.17 10:35:56.596,8.56512,8.56727,1.00,1.04
2017.04.17 10:35:56.697,8.56513,8.56703,1.00,1.00
2017.04.17 10:35:56.798,8.56512,8.56731,1.00,1.04
2017.04.17 10:35:58.284,8.56512,8.56736,1.00,1.00
2017.04.17 10:36:06.531,8.56512,8.56732,1.00,1.00
2017.04.17 10:36:07.726,8.56512,8.56731,1.00,1.00
2017.04.17 10:36:07.999,8.56512,8.56733,1.00,1.00
2017.04.17 10:36:08.280,8.56512,8.56704,1.00,1.00
2017.04.17 10:36:08.330,8.56512,8.56733,1.00,1.00
2017.04.17 10:36:08.542,8.56512,8.56736,1.00,1.00
2017.04.17 10:36:08.611,8.56512,8.56706,1.00,1.00
2017.04.17 10:36:08.727,8.56512,8.56736,1.00,1.00
2017.04.17 10:36:09.054,8.56512,8.56705,1.00,1.00
2017.04.17 10:36:09.105,8.56512,8.56736,1.00,1.00
2017.04.17 10:36:09.848,8.56512,8.56702,1.00,1.00
2017.04.17 10:36:09.899,8.56512,8.56731,1.00,1.00
2017.04.17 10:36:09.959,8.56512,8.56702,1.00,1.00
2017.04.17 10:36:10.010,8.56512,8.56731,1.00,1.00
2017.04.17 10:36:10.622,8.56512,8.56696,1.00,1.00
2017.04.17 10:36:10.733,8.56512,8.56726,1.00,1.00
2017.04.17 10:36:13.351,8.56512,8.56718,1.00,1.00
2017.04.17 10:36:13.585,8.56503,8.56718,1.00,1.00
2017.04.17 10:36:17.760,8.56506,8.5669,1.00,1.00
2017.04.17 10:36:20.225,8.5649,8.56714,1.50,1.00
2017.04.17 10:36:20.496,8.56494,8.56691,1.00,1.00
2017.04.17 10:36:28.344,8.56495,8.56691,1.00,1.00
2017.04.17 10:36:43.374,8.56495,8.5669,1.00,1.00
2017.04.17 10:36:44.375,8.56494,8.56688,1.00,1.00
2017.04.17 10:36:47.855,8.56494,8.56688,1.00,1.03
2017.04.17 10:36:50.889,8.56495,8.5669,1.00,1.03
2017.04.17 10:36:51.619,8.56497,8.56679,1.00,1.00
2017.04.17 10:36:58.404,8.56498,8.56674,1.00,1.00
2017.04.17 10:37:06.626,8.56502,8.56678,1.00,1.00
2017.04.17 10:37:06.736,8.56498,8.56677,1.00,1.00
2017.04.17 10:37:13.451,8.56491,8.5667,1.00,1.00
2017.04.17 10:37:14.165,8.56495,8.56672,1.00,1.00
2017.04.17 10:37:21.678,8.56494,8.56677,1.00,1.00
2017.04.17 10:37:22.682,8.56492,8.56679,1.00,1.00
2017.04.17 10:37:44.224,8.5649,8.56674,1.00,1.00
2017.04.17 10:37:48.411,8.56487,8.56674,1.00,1.00
2017.04.17 10:37:51.010,8.56489,8.56675,1.00,1.00
2017.04.17 10:37:58.524,8.5649,8.56672,1.00,1.00
2017.04.17 10:38:28.584,8.56489,8.56675,1.00,1.00
2017.04.17 10:38:32.139,8.5649,8.56675,1.00,1.00
2017.04.17 10:38:36.972,8.56494,8.56678,1.00,1.00
2017.04.17 10:38:37.022,8.5649,8.56675,1.00,1.00
2017.04.17 10:39:22.975,8.5649,8.56669,1.00,1.00
2017.04.17 10:39:23.466,8.5649,8.56672,1.00,1.00
2017.04.17 10:39:23.649,8.5649,8.5667,1.00,1.00
2017.04.17 10:39:23.957,8.5649,8.56661,1.00,1.00
2017.04.17 10:39:24.259,8.5649,8.56658,1.00,1.00
2017.04.17 10:39:32.204,8.56485,8.56658,1.00,1.00
2017.04.17 10:39:32.837,8.56486,8.56658,1.00,1.00
2017.04.17 10:39:33.525,8.56486,8.56661,1.00,1.00
2017.04.17 10:39:33.776,8.56486,8.56658,1.00,1.00
2017.04.17 10:39:43.152,8.56485,8.5668,1.00,1.00
2017.04.17 10:39:44.107,8.56485,8.56687,1.00,1.00
2017.04.17 10:39:44.325,8.56462,8.56673,1.00,1.00
2017.04.17 10:39:45.144,8.56462,8.56669,1.00,1.00
2017.04.17 10:39:46.151,8.56462,8.56665,1.00,1.00
2017.04.17 10:39:51.249,8.56462,8.56664,1.00,1.00
2017.04.17 10:39:51.978,8.56462,8.56667,1.00,1.00
2017.04.17 10:39:53.312,8.56447,8.56667,1.00,1.00
2017.04.17 10:39:57.901,8.56459,8.56665,1.00,1.00
2017.04.17 10:40:07.008,8.56465,8.56665,1.00,1.00
2017.04.17 10:40:13.835,8.56471,8.56666,1.00,1.00
2017.04.17 10:40:18.038,8.5647,8.56676,1.00,1.00
2017.04.17 10:40:18.612,8.5647,8.56682,1.00,1.00
2017.04.17 10:40:22.038,8.56472,8.56687,1.00,1.00
2017.04.17 10:40:28.823,8.56478,8.56689,1.00,1.00
2017.04.17 10:40:35.086,8.56502,8.56683,1.00,1.00
2017.04.17 10:40:35.196,8.56501,8.56686,1.00,1.00
2017.04.17 10:40:35.831,8.56496,8.56666,1.00,1.00
2017.04.17 10:40:36.039,8.56501,8.56686,1.00,1.00
2017.04.17 10:40:36.927,8.56496,8.56666,1.00,1.00
2017.04.17 10:40:37.206,8.56501,8.56686,1.00,1.00
2017.04.17 10:40:37.529,8.56496,8.56666,1.00,1.00
2017.04.17 10:40:37.647,8.56501,8.56686,1.00,1.00
2017.04.17 10:40:39.661,8.56502,8.56685,1.00,1.00
2017.04.17 10:40:39.933,8.56495,8.56667,1.00,1.00
2017.04.17 10:40:39.984,8.56502,8.56685,1.00,1.00
2017.04.17 10:40:40.636,8.56501,8.56686,1.00,1.00
2017.04.17 10:40:41.250,8.56495,8.56667,1.00,1.00
2017.04.17 10:40:41.301,8.56502,8.56685,1.00,1.00
2017.04.17 10:40:41.967,8.56501,8.56686,1.00,1.00
2017.04.17 10:40:42.252,8.56495,8.56667,1.00,1.00
2017.04.17 10:40:42.303,8.56501,8.56686,1.00,1.00
2017.04.17 10:40:43.140,8.56496,8.56666,1.00,1.00
2017.04.17 10:40:43.254,8.56501,8.56686,1.00,1.00
2017.04.17 10:40:43.518,8.56496,8.56666,1.00,1.00
2017.04.17 10:40:43.585,8.56501,8.56686,1.00,1.00
2017.04.17 10:40:44.146,8.56495,8.56667,1.00,1.00
2017.04.17 10:40:44.277,8.56501,8.56686,1.00,1.00
2017.04.17 10:40:44.577,8.56495,8.56667,1.00,1.00
2017.04.17 10:40:44.628,8.56501,8.56686,1.00,1.00
2017.04.17 10:40:45.230,8.56495,8.56667,1.00,1.00
2017.04.17 10:40:45.281,8.56501,8.56686,1.00,1.00
2017.04.17 10:40:46.498,8.56495,8.56667,1.00,1.00
2017.04.17 10:40:46.549,8.56501,8.56686,1.00,1.00
2017.04.17 10:40:47.201,8.56502,8.56685,1.00,1.00
2017.04.17 10:40:47.805,8.56501,8.56686,1.00,1.00
2017.04.17 10:40:51.382,8.56498,8.56683,1.00,1.00
2017.04.17 10:40:52.065,8.56498,8.56683,1.00,1.04
2017.04.17 10:40:52.589,8.56499,8.56678,1.00,1.04
2017.04.17 10:40:56.236,8.56498,8.56681,1.00,1.04
2017.04.17 10:40:56.572,8.56496,8.56669,1.00,1.00
2017.04.17 10:40:57.909,8.56504,8.56687,1.00,1.04
2017.04.17 10:40:58.435,8.56496,8.56669,1.00,1.00
2017.04.17 10:40:59.613,8.56495,8.56668,1.00,1.00
2017.04.17 10:40:59.909,8.56503,8.56686,1.00,1.00
2017.04.17 10:41:00.524,8.56492,8.56665,1.00,1.00
2017.04.17 10:41:01.799,8.565,8.56683,1.00,1.00
2017.04.17 10:41:02.376,8.56501,8.56682,1.00,1.00
2017.04.17 10:41:02.927,8.565,8.56683,1.00,1.00
2017.04.17 10:41:04.092,8.56501,8.56682,1.00,1.00
2017.04.17 10:41:04.705,8.565,8.56683,1.00,1.00
2017.04.17 10:41:06.063,8.56501,8.56682,1.00,1.00
2017.04.17 10:41:06.688,8.565,8.56683,1.00,1.00
2017.04.17 10:41:07.728,8.56501,8.56682,1.00,1.00
2017.04.17 10:41:08.275,8.565,8.56683,1.00,1.00
2017.04.17 10:41:09.722,8.56501,8.56682,1.00,1.00
2017.04.17 10:41:10.232,8.56493,8.56666,1.00,1.00
2017.04.17 10:41:11.060,8.565,8.56683,1.00,1.00
2017.04.17 10:41:11.502,8.56493,8.56666,1.00,1.00
2017.04.17 10:41:13.061,8.565,8.56683,1.00,1.00
2017.04.17 10:41:13.503,8.56494,8.56665,1.00,1.00
2017.04.17 10:41:14.012,8.565,8.56683,1.00,1.00
2017.04.17 10:41:14.277,8.56494,8.56665,1.00,1.00
2017.04.17 10:41:14.393,8.565,8.56683,1.00,1.00
2017.04.17 10:41:14.941,8.56493,8.56666,1.00,1.00
2017.04.17 10:41:15.013,8.565,8.56683,1.00,1.00
2017.04.17 10:41:15.279,8.56494,8.56665,1.00,1.00
2017.04.17 10:41:15.345,8.565,8.56683,1.00,1.00
2017.04.17 10:41:15.936,8.56493,8.56666,1.00,1.00
2017.04.17 10:41:16.016,8.56501,8.56682,1.00,1.00
2017.04.17 10:41:16.235,8.56493,8.56666,1.00,1.00
2017.04.17 10:41:17.040,8.56501,8.56682,1.00,1.00
2017.04.17 10:41:17.454,8.565,8.56686,1.00,1.00
2017.04.17 10:41:17.806,8.56494,8.56667,1.00,1.00
2017.04.17 10:41:17.992,8.565,8.56686,1.00,1.00
2017.04.17 10:41:18.872,8.56495,8.56666,1.00,1.00
2017.04.17 10:41:19.027,8.565,8.56686,1.00,1.00
2017.04.17 10:41:19.180,8.56493,8.56666,1.00,1.00
2017.04.17 10:41:19.555,8.56501,8.56682,1.00,1.00
2017.04.17 10:41:20.450,8.565,8.56683,1.00,1.00
2017.04.17 10:41:21.453,8.56498,8.56681,1.00,1.00
2017.04.17 10:41:23.091,8.5649,8.56663,1.00,1.00
2017.04.17 10:41:23.141,8.56499,8.5668,1.00,1.00
2017.04.17 10:41:23.534,8.5649,8.56663,1.00,1.00
2017.04.17 10:41:23.584,8.56498,8.56681,1.00,1.00
2017.04.17 10:41:24.127,8.56499,8.5668,1.00,1.00
2017.04.17 10:41:24.391,8.56497,8.5668,1.00,1.00
2017.04.17 10:41:24.900,8.56498,8.56679,1.00,1.00
2017.04.17 10:41:25.698,8.56497,8.5668,1.00,1.00
2017.04.17 10:41:29.494,8.56504,8.56685,1.00,1.00
2017.04.17 10:41:30.021,8.56503,8.56686,1.00,1.00
2017.04.17 10:41:37.187,8.56504,8.5668,1.00,1.00
2017.04.17 10:41:43.716,8.56494,8.56667,1.00,1.00
2017.04.17 10:41:43.876,8.56504,8.5668,1.00,1.00
2017.04.17 10:41:43.986,8.56494,8.56667,1.00,1.00
2017.04.17 10:41:44.095,8.56504,8.5668,1.00,1.00
2017.04.17 10:41:44.198,8.56494,8.56667,1.00,1.00
2017.04.17 10:41:44.933,8.56502,8.56678,1.00,1.00
2017.04.17 10:41:45.043,8.56492,8.56665,1.00,1.00
2017.04.17 10:41:45.154,8.56502,8.56678,1.00,1.00
2017.04.17 10:41:45.314,8.56493,8.56664,1.00,1.00
2017.04.17 10:41:45.366,8.56502,8.56678,1.00,1.00
2017.04.17 10:41:45.978,8.56492,8.56665,1.00,1.00
2017.04.17 10:41:46.972,8.56502,8.56678,1.00,1.00
2017.04.17 10:41:47.083,8.56492,8.56665,1.00,1.00
2017.04.17 10:41:47.194,8.56502,8.56678,1.00,1.00
2017.04.17 10:41:47.304,8.56492,8.56665,1.00,1.00
2017.04.17 10:41:47.414,8.56502,8.56678,1.00,1.00
2017.04.17 10:41:47.969,8.56492,8.56665,1.00,1.00
2017.04.17 10:41:48.738,8.56502,8.56678,1.00,1.00
2017.04.17 10:41:48.892,8.56492,8.56665,1.00,1.00
2017.04.17 10:41:49.003,8.56502,8.56678,1.00,1.00
2017.04.17 10:41:49.114,8.56492,8.56665,1.00,1.00
2017.04.17 10:41:49.224,8.56502,8.56678,1.00,1.00
2017.04.17 10:41:49.859,8.56492,8.56665,1.00,1.00
2017.04.17 10:41:49.968,8.56502,8.56678,1.00,1.00
2017.04.17 10:41:50.079,8.56492,8.56665,1.00,1.00
2017.04.17 10:41:50.189,8.56503,8.56677,1.00,1.00
2017.04.17 10:41:50.300,8.56493,8.56664,1.00,1.00
2017.04.17 10:41:51.171,8.56503,8.56677,1.00,1.00
2017.04.17 10:41:51.323,8.56492,8.56665,1.00,1.00
2017.04.17 10:41:51.436,8.56502,8.56678,1.00,1.00
2017.04.17 10:41:51.547,8.56492,8.56665,1.00,1.00
2017.04.17 10:41:51.657,8.56502,8.56679,1.00,1.00
2017.04.17 10:41:52.174,8.56492,8.56665,1.00,1.00
2017.04.17 10:41:52.770,8.56502,8.56679,1.00,1.00
2017.04.17 10:41:52.884,8.56492,8.56665,1.00,1.00
2017.04.17 10:41:52.995,8.56502,8.56679,1.00,1.00
2017.04.17 10:41:53.105,8.56492,8.56665,1.00,1.00
2017.04.17 10:41:53.216,8.56502,8.56679,1.00,1.00
2017.04.17 10:41:53.768,8.56492,8.56665,1.00,1.00
2017.04.17 10:41:54.774,8.56502,8.56679,1.00,1.00
2017.04.17 10:41:54.885,8.56474,8.56647,1.00,1.00
2017.04.17 10:41:55.188,8.56472,8.56648,1.00,1.00
2017.04.17 10:41:58.889,8.56472,8.56648,1.00,1.04
2017.04.17 10:41:59.623,8.56473,8.56646,1.00,1.04
2017.04.17 10:42:00.280,8.56473,8.56644,1.00,1.00
2017.04.17 10:42:00.686,8.56471,8.56647,1.00,1.04
2017.04.17 10:42:00.787,8.56464,8.56638,1.00,1.00
2017.04.17 10:42:01.439,8.5645,8.56623,1.00,1.00
2017.04.17 10:42:01.638,8.56464,8.56638,1.00,1.00
2017.04.17 10:42:02.164,8.56463,8.56639,1.00,1.00
2017.04.17 10:42:02.575,8.5645,8.56623,1.00,1.00
2017.04.17 10:42:02.686,8.56464,8.56638,1.00,1.00
2017.04.17 10:42:03.189,8.56463,8.56639,1.00,1.00
2017.04.17 10:42:03.240,8.5645,8.56623,1.00,1.00
2017.04.17 10:42:03.443,8.56463,8.56639,1.00,1.00
2017.04.17 10:42:03.642,8.56453,8.56626,1.00,1.00
2017.04.17 10:42:03.860,8.56463,8.56639,1.00,1.00
2017.04.17 10:42:03.910,8.56453,8.56626,1.00,1.00
2017.04.17 10:42:04.229,8.56463,8.56639,1.00,1.00
2017.04.17 10:42:04.438,8.56454,8.56625,1.00,1.00
2017.04.17 10:42:04.709,8.56452,8.56624,1.00,1.00
2017.04.17 10:42:04.877,8.56463,8.56639,1.00,1.00
2017.04.17 10:42:05.130,8.56452,8.56624,1.00,1.00
2017.04.17 10:42:05.306,8.56463,8.56639,1.00,1.00
2017.04.17 10:42:05.715,8.56453,8.56626,1.00,1.00
2017.04.17 10:42:05.816,8.56463,8.56639,1.00,1.00
2017.04.17 10:42:05.933,8.56453,8.56626,1.00,1.00
2017.04.17 10:42:06.264,8.56463,8.56639,1.00,1.00
2017.04.17 10:42:06.369,8.56453,8.56626,1.00,1.00
2017.04.17 10:42:06.704,8.56463,8.56639,1.00,1.00
2017.04.17 10:42:06.809,8.56453,8.56626,1.00,1.00
2017.04.17 10:42:06.924,8.56463,8.56639,1.00,1.00
2017.04.17 10:42:07.217,8.56453,8.56626,1.00,1.00
2017.04.17 10:42:08.044,8.56463,8.56639,1.00,1.00
2017.04.17 10:42:08.149,8.56453,8.56626,1.00,1.00
2017.04.17 10:42:08.259,8.56463,8.56639,1.00,1.00
2017.04.17 10:42:08.374,8.56454,8.56625,1.00,1.00
2017.04.17 10:42:09.205,8.56464,8.56638,1.00,1.00
2017.04.17 10:42:09.310,8.56453,8.56626,1.00,1.00
2017.04.17 10:42:10.316,8.56464,8.56638,1.00,1.00
2017.04.17 10:42:10.424,8.56454,8.56625,1.00,1.00
2017.04.17 10:42:11.401,8.56453,8.56626,1.00,1.00
2017.04.17 10:42:11.452,8.56464,8.56638,1.00,1.00
2017.04.17 10:42:11.673,8.56453,8.56626,1.00,1.00
2017.04.17 10:42:11.780,8.56464,8.56638,1.00,1.00
2017.04.17 10:42:12.336,8.56452,8.56624,1.00,1.00
2017.04.17 10:42:13.130,8.56464,8.56638,1.00,1.00
2017.04.17 10:42:13.241,8.56453,8.56626,1.00,1.00
2017.04.17 10:42:13.345,8.56463,8.56639,1.00,1.00
2017.04.17 10:42:13.541,8.56453,8.56626,1.00,1.00
2017.04.17 10:42:13.593,8.56464,8.56638,1.00,1.00
2017.04.17 10:42:14.028,8.56451,8.56622,1.00,1.00
2017.04.17 10:42:14.130,8.56463,8.56639,1.00,1.00
2017.04.17 10:42:14.535,8.56464,8.56635,1.00,1.00
2017.04.17 10:42:15.092,8.56463,8.56636,1.00,1.00
2017.04.17 10:42:15.660,8.56449,8.56622,1.00,1.00
2017.04.17 10:42:15.995,8.56464,8.56635,1.00,1.00
2017.04.17 10:42:16.561,8.56463,8.56636,1.00,1.00
2017.04.17 10:42:17.253,8.56464,8.56635,1.00,1.00
2017.04.17 10:42:18.147,8.56463,8.56636,1.00,1.00
2017.04.17 10:42:19.254,8.56464,8.56635,1.00,1.00
2017.04.17 10:42:19.766,8.5645,8.56621,1.00,1.00
2017.04.17 10:42:20.100,8.56464,8.56635,1.00,1.00
2017.04.17 10:42:20.541,8.56449,8.56622,1.00,1.00
2017.04.17 10:42:20.592,8.56463,8.56636,1.00,1.00
2017.04.17 10:42:21.596,8.56464,8.56635,1.00,1.00
2017.04.17 10:42:22.099,8.56463,8.56636,1.00,1.00
2017.04.17 10:42:23.030,8.56464,8.56635,1.00,1.00
2017.04.17 10:42:23.548,8.56449,8.56622,1.00,1.00
2017.04.17 10:42:23.599,8.56463,8.56636,1.00,1.00
2017.04.17 10:42:29.889,8.5645,8.56623,1.00,1.00
2017.04.17 10:42:30.027,8.56464,8.56638,1.00,1.00
2017.04.17 10:42:30.573,8.56463,8.56639,1.00,1.00
2017.04.17 10:42:30.898,8.5645,8.56623,1.00,1.00
2017.04.17 10:42:31.453,8.56463,8.56639,1.00,1.00
2017.04.17 10:42:31.605,8.5645,8.56623,1.00,1.00
2017.04.17 10:42:31.656,8.56463,8.56639,1.00,1.00
2017.04.17 10:42:32.186,8.56464,8.56638,1.00,1.00
2017.04.17 10:42:32.276,8.5645,8.56623,1.00,1.00
2017.04.17 10:42:32.433,8.56464,8.56638,1.00,1.00
2017.04.17 10:42:33.052,8.5645,8.56623,1.00,1.00
2017.04.17 10:42:33.881,8.56463,8.56639,1.00,1.00
2017.04.17 10:42:34.816,8.56451,8.56622,1.00,1.00
2017.04.17 10:42:34.866,8.56463,8.56639,1.00,1.00
2017.04.17 10:42:38.277,8.5645,8.56623,1.00,1.00
2017.04.17 10:42:39.401,8.56463,8.56639,1.00,1.00
2017.04.17 10:42:39.833,8.5645,8.56623,1.00,1.00
2017.04.17 10:42:40.281,8.56463,8.56639,1.00,1.00
2017.04.17 10:42:40.453,8.5645,8.56623,1.00,1.00
2017.04.17 10:42:41.391,8.56464,8.56638,1.00,1.00
2017.04.17 10:42:41.893,8.56463,8.56639,1.00,1.00
2017.04.17 10:42:41.944,8.5645,8.56623,1.00,1.00
2017.04.17 10:42:42.389,8.56463,8.56639,1.00,1.00
2017.04.17 10:42:42.609,8.5645,8.56623,1.00,1.00
2017.04.17 10:42:43.613,8.56463,8.56639,1.00,1.00
2017.04.17 10:42:44.327,8.5645,8.56623,1.00,1.00
2017.04.17 10:42:44.610,8.56463,8.56639,1.00,1.00
2017.04.17 10:42:45.695,8.56463,8.56639,1.00,1.75
2017.04.17 10:42:45.796,8.56448,8.56621,1.00,1.00
2017.04.17 10:42:46.597,8.56451,8.56624,1.00,1.37
2017.04.17 10:42:52.337,8.5643,8.56627,1.00,1.37
2017.04.17 10:42:58.598,8.5643,8.56627,1.00,1.42
2017.04.17 10:42:59.163,8.56451,8.56624,1.00,1.42
2017.04.17 10:43:00.755,8.56451,8.56624,1.00,1.42
2017.04.17 10:43:01.216,8.56429,8.56626,1.00,1.42
2017.04.17 10:43:01.337,8.56452,8.56625,1.00,1.42
2017.04.17 10:43:01.438,8.5643,8.56625,1.00,1.42
2017.04.17 10:43:01.489,8.56452,8.56625,1.00,1.42
2017.04.17 10:43:02.213,8.56429,8.56626,1.00,1.42
2017.04.17 10:43:02.264,8.56452,8.56625,1.00,1.42
2017.04.17 10:43:02.615,8.56432,8.56625,1.00,1.42
2017.04.17 10:43:02.665,8.56452,8.56625,1.00,1.42
2017.04.17 10:43:03.112,8.56431,8.56626,1.00,1.42
2017.04.17 10:43:03.199,8.56452,8.56625,1.00,1.42
2017.04.17 10:43:03.610,8.56431,8.56626,1.00,1.42
2017.04.17 10:43:03.661,8.56452,8.56625,1.00,1.42
2017.04.17 10:43:04.103,8.56431,8.56626,1.00,1.42
2017.04.17 10:43:04.153,8.56452,8.56625,1.00,1.42
2017.04.17 10:43:04.605,8.56431,8.56626,1.00,1.42
2017.04.17 10:43:04.656,8.56452,8.56625,1.00,1.42
2017.04.17 10:43:05.088,8.56431,8.56626,1.00,1.42
2017.04.17 10:43:05.139,8.56452,8.56625,1.00,1.42
2017.04.17 10:43:05.709,8.56452,8.56616,1.00,1.00
2017.04.17 10:43:05.873,8.56431,8.56616,1.00,1.00
2017.04.17 10:43:05.924,8.56452,8.56616,1.00,1.00
2017.04.17 10:43:06.405,8.56431,8.56616,1.00,1.00
2017.04.17 10:43:06.456,8.56452,8.56616,1.00,1.00
2017.04.17 10:43:07.215,8.56451,8.56616,1.00,1.00
2017.04.17 10:43:07.380,8.5643,8.56616,1.00,1.00
2017.04.17 10:43:07.431,8.56451,8.56616,1.00,1.00
2017.04.17 10:43:07.883,8.5643,8.56616,1.00,1.00
2017.04.17 10:43:07.934,8.56451,8.56616,1.00,1.00
2017.04.17 10:43:08.585,8.5643,8.56616,1.00,1.00
2017.04.17 10:43:08.765,8.56452,8.56616,1.00,1.00
2017.04.17 10:43:09.924,8.5643,8.56616,1.00,1.00
2017.04.17 10:43:10.066,8.56452,8.56616,1.00,1.00
2017.04.17 10:43:10.882,8.5644,8.56613,1.00,1.00
2017.04.17 10:43:12.961,8.56457,8.56616,1.00,1.00
2017.04.17 10:43:14.275,8.56458,8.56616,1.00,1.00
2017.04.17 10:43:15.153,8.56456,8.56616,1.00,1.00
2017.04.17 10:43:21.668,8.56458,8.56616,1.00,1.00
2017.04.17 10:43:22.670,8.56455,8.56616,1.00,1.00
2017.04.17 10:43:23.192,8.56441,8.56614,1.00,1.00
2017.04.17 10:43:23.672,8.56445,8.56616,1.00,1.00
2017.04.17 10:43:27.697,8.56461,8.56633,1.00,1.00
2017.04.17 10:43:29.194,8.56463,8.56634,1.00,1.00
2017.04.17 10:43:30.183,8.56461,8.56634,1.00,1.00
2017.04.17 10:43:41.634,8.56479,8.56652,1.00,1.00
2017.04.17 10:43:42.593,8.56475,8.56648,1.00,1.00
2017.04.17 10:43:44.956,8.56471,8.56644,1.00,1.00
2017.04.17 10:43:47.804,8.5646,8.56633,1.00,1.00
2017.04.17 10:43:51.744,8.56459,8.56632,1.00,1.00
2017.04.17 10:43:52.730,8.56459,8.56635,1.00,1.00
2017.04.17 10:44:29.333,8.56461,8.56636,1.00,1.00
2017.04.17 10:44:36.817,8.56459,8.56637,1.00,1.00
2017.04.17 10:44:59.743,8.56428,8.56605,1.00,1.00
2017.04.17 10:45:00.252,8.56418,8.56595,1.00,1.00
2017.04.17 10:45:06.889,8.5642,8.56597,1.00,1.00
2017.04.17 10:45:07.608,8.56422,8.56602,1.00,1.00
2017.04.17 10:45:08.566,8.56423,8.56602,1.00,1.00
2017.04.17 10:45:09.660,8.56436,8.56615,1.00,1.00
2017.04.17 10:45:10.192,8.56432,8.5661,1.00,1.00
2017.04.17 10:45:12.963,8.56425,8.56602,1.00,1.00
2017.04.17 10:45:19.264,8.5643,8.56604,1.00,1.00
2017.04.17 10:45:21.909,8.56426,8.56601,1.00,1.00
2017.04.17 10:45:22.888,8.56438,8.56604,1.00,1.00
2017.04.17 10:45:27.240,8.56443,8.56609,1.00,1.00
2017.04.17 10:45:27.605,8.5644,8.56604,1.00,1.00
2017.04.17 10:45:29.423,8.56442,8.56605,1.00,1.00
2017.04.17 10:45:37.717,8.56413,8.56575,1.00,1.00
2017.04.17 10:45:38.333,8.56402,8.56564,1.00,1.00
2017.04.17 10:45:44.453,8.564,8.56563,1.00,1.00
2017.04.17 10:45:45.455,8.564,8.5656,1.00,1.00
2017.04.17 10:45:46.796,8.56404,8.56567,1.00,1.00
2017.04.17 10:45:46.846,8.56401,8.56562,1.00,1.00
2017.04.17 10:45:51.992,8.564,8.5656,1.00,1.00
2017.04.17 10:45:53.012,8.56398,8.5656,1.00,1.00
2017.04.17 10:45:59.483,8.56398,8.56559,1.00,1.00
2017.04.17 10:46:22.029,8.56398,8.56561,1.00,1.00
2017.04.17 10:46:23.029,8.56399,8.56562,1.00,1.00
2017.04.17 10:46:29.543,8.56396,8.56558,1.00,1.00
2017.04.17 10:46:30.424,8.56402,8.56571,1.00,1.00
2017.04.17 10:46:30.526,8.56415,8.56578,1.00,1.00
2017.04.17 10:46:30.831,8.56412,8.56575,1.00,1.00
2017.04.17 10:46:31.558,8.56419,8.56582,1.00,1.00
2017.04.17 10:46:31.914,8.56411,8.56573,1.00,1.00
2017.04.17 10:46:32.532,8.56402,8.56563,1.00,1.00
2017.04.17 10:46:37.788,8.56403,8.56566,1.00,1.00
2017.04.17 10:46:39.905,8.56398,8.56561,1.00,1.00
2017.04.17 10:46:44.573,8.56395,8.56558,1.00,1.00
2017.04.17 10:46:45.577,8.56395,8.56557,1.00,1.00
2017.04.17 10:47:00.349,8.56393,8.56556,1.00,1.00
2017.04.17 10:47:07.133,8.56394,8.56554,1.00,1.00
2017.04.17 10:47:08.121,8.56396,8.56557,1.00,1.00
2017.04.17 10:47:22.148,8.56394,8.56556,1.00,1.00
2017.04.17 10:47:23.149,8.56395,8.56557,1.00,1.00
2017.04.17 10:47:30.394,8.56396,8.56559,1.00,1.00
2017.04.17 10:47:37.352,8.56396,8.56557,1.00,1.00
2017.04.17 10:47:38.179,8.56396,8.56558,1.00,1.00
2017.04.17 10:47:44.873,8.56368,8.5656,1.07,1.00
2017.04.17 10:47:44.975,8.56349,8.5656,1.00,1.00
2017.04.17 10:47:45.025,8.56349,8.56516,1.00,1.00
2017.04.17 10:47:45.159,8.56359,8.56547,1.00,1.00
2017.04.17 10:47:45.260,8.56339,8.56516,1.00,1.00
2017.04.17 10:47:45.361,8.56329,8.56552,1.00,1.00
2017.04.17 10:47:45.858,8.56356,8.56546,1.00,1.00
2017.04.17 10:47:46.215,8.56337,8.56514,1.00,1.00
2017.04.17 10:47:46.280,8.56356,8.56546,1.00,1.00
2017.04.17 10:47:46.382,8.56334,8.56515,1.00,1.00
2017.04.17 10:47:46.876,8.5635,8.56552,1.00,1.00
2017.04.17 10:47:47.488,8.56329,8.56514,1.00,1.00
2017.04.17 10:47:47.580,8.56329,8.56556,1.00,1.00
2017.04.17 10:47:47.733,8.56329,8.56513,1.00,1.00
2017.04.17 10:47:47.843,8.56329,8.56556,1.00,1.00
2017.04.17 10:47:47.954,8.56329,8.56514,1.00,1.00
2017.04.17 10:47:48.060,8.56329,8.56556,1.00,1.00
2017.04.17 10:47:48.275,8.56329,8.56513,1.00,1.00
2017.04.17 10:47:48.381,8.56329,8.56556,1.00,1.00
2017.04.17 10:47:48.597,8.56329,8.56514,1.00,1.00
2017.04.17 10:47:48.707,8.56329,8.56556,1.00,1.03
2017.04.17 10:47:50.177,8.56302,8.56543,1.00,1.03
2017.04.17 10:47:50.229,8.56287,8.56528,1.00,1.00
2017.04.17 10:47:51.151,8.56289,8.56521,1.00,1.00
2017.04.17 10:47:59.734,8.56289,8.56512,1.00,1.00
2017.04.17 10:48:06.513,8.56289,8.56509,1.00,1.00
2017.04.17 10:48:07.968,8.56289,8.56502,1.00,1.00
2017.04.17 10:48:09.916,8.56289,8.56506,1.00,1.00
2017.04.17 10:48:13.643,8.56285,8.56501,1.50,1.00
2017.04.17 10:48:13.946,8.56264,8.56456,1.00,1.00
2017.04.17 10:48:14.098,8.56245,8.56463,1.00,1.00
2017.04.17 10:48:14.621,8.56232,8.56472,1.00,1.00
2017.04.17 10:48:14.672,8.5624,8.56441,1.00,1.00
2017.04.17 10:48:14.773,8.56249,8.56471,1.00,1.00
2017.04.17 10:48:18.515,8.56249,8.56478,1.00,1.00
2017.04.17 10:48:18.745,8.56249,8.56481,1.00,1.00
2017.04.17 10:48:19.016,8.56249,8.56446,1.00,1.00
2017.04.17 10:48:19.067,8.56249,8.56481,1.00,1.00
2017.04.17 10:48:19.269,8.56249,8.56449,1.00,1.00
2017.04.17 10:48:19.343,8.56249,8.56481,1.00,1.00
2017.04.17 10:48:19.595,8.56249,8.56449,1.00,1.00
2017.04.17 10:48:19.899,8.56271,8.56478,1.00,1.00
2017.04.17 10:48:20.000,8.56249,8.56444,1.50,1.00
2017.04.17 10:48:20.147,8.56272,8.56475,1.00,1.00
2017.04.17 10:48:20.248,8.56251,8.56444,1.00,1.00
2017.04.17 10:48:20.373,8.56271,8.56476,1.00,1.00
2017.04.17 10:48:20.479,8.56275,8.56441,1.00,1.00
2017.04.17 10:48:20.590,8.56249,8.56479,1.00,1.00
2017.04.17 10:48:20.693,8.56275,8.56441,1.00,1.00
2017.04.17 10:48:20.811,8.56271,8.56476,1.00,1.00
2017.04.17 10:48:20.945,8.56275,8.56441,1.00,1.00
2017.04.17 10:48:20.996,8.56271,8.56476,1.00,1.00
2017.04.17 10:48:21.116,8.56251,8.56444,1.00,1.00
2017.04.17 10:48:21.217,8.56271,8.56476,1.00,1.00
2017.04.17 10:48:21.363,8.56249,8.56445,1.00,1.00
2017.04.17 10:48:21.474,8.56249,8.5648,1.00,1.00
2017.04.17 10:48:21.579,8.56275,8.56441,1.00,1.00
2017.04.17 10:48:21.695,8.56249,8.56479,1.00,1.00
2017.04.17 10:48:21.796,8.56252,8.56444,1.00,1.00
2017.04.17 10:48:21.897,8.56271,8.56476,1.00,1.00
2017.04.17 10:48:22.014,8.56251,8.56444,1.00,1.00
2017.04.17 10:48:22.137,8.56271,8.56476,1.00,1.00
2017.04.17 10:48:22.248,8.56252,8.56443,1.00,1.00
2017.04.17 10:48:22.349,8.56268,8.56474,1.00,1.00
2017.04.17 10:48:22.469,8.56273,8.56439,1.00,1.00
2017.04.17 10:48:22.580,8.56249,8.56477,1.00,1.00
2017.04.17 10:48:22.681,8.56274,8.56438,1.00,1.00
2017.04.17 10:48:22.732,8.56249,8.56439,1.00,1.00
2017.04.17 10:48:22.783,8.56266,8.56471,1.00,1.00
2017.04.17 10:48:22.904,8.56249,8.56439,1.00,1.00
2017.04.17 10:48:23.022,8.56267,8.5647,1.00,1.00
2017.04.17 10:48:23.123,8.56271,8.56436,1.00,1.00
2017.04.17 10:48:23.224,8.56249,8.56474,1.00,1.00
2017.04.17 10:48:23.325,8.56272,8.56435,1.00,1.00
2017.04.17 10:48:23.427,8.56266,8.56471,1.00,1.00
2017.04.17 10:48:23.528,8.56271,8.56436,1.00,1.00
2017.04.17 10:48:23.715,8.56266,8.56471,1.00,1.00
2017.04.17 10:48:23.766,8.56271,8.56436,1.00,1.00
2017.04.17 10:48:23.867,8.56249,8.56474,1.00,1.00
2017.04.17 10:48:24.008,8.56271,8.56436,1.00,1.00
2017.04.17 10:48:24.107,8.56266,8.56471,1.00,1.00
2017.04.17 10:48:24.208,8.56249,8.56439,1.00,1.00
2017.04.17 10:48:24.314,8.56266,8.56471,1.00,1.00
2017.04.17 10:48:24.415,8.56249,8.56438,1.00,1.00
2017.04.17 10:48:24.516,8.56249,8.56474,1.00,1.00
2017.04.17 10:48:24.671,8.56271,8.56436,1.00,1.00
2017.04.17 10:48:24.722,8.56249,8.56439,1.00,1.00
2017.04.17 10:48:24.773,8.56249,8.56474,1.00,1.00
2017.04.17 10:48:24.874,8.56271,8.56436,1.00,1.00
2017.04.17 10:48:24.975,8.56266,8.56471,1.00,1.00
2017.04.17 10:48:25.109,8.56249,8.56439,1.00,1.00
2017.04.17 10:48:25.215,8.56267,8.5647,1.00,1.00
2017.04.17 10:48:25.324,8.56249,8.56439,1.00,1.00
2017.04.17 10:48:25.451,8.56266,8.56471,1.00,1.00
2017.04.17 10:48:25.564,8.56249,8.56439,1.00,1.00
2017.04.17 10:48:25.665,8.56268,8.56467,1.00,1.00
2017.04.17 10:48:25.780,8.56249,8.56471,1.00,1.00
2017.04.17 10:48:25.830,8.56269,8.5645,1.00,1.00
2017.04.17 10:48:26.114,8.56267,8.56468,1.00,1.00
2017.04.17 10:48:26.168,8.56249,8.56471,1.00,1.00
2017.04.17 10:48:26.326,8.56249,8.56453,1.00,1.00
2017.04.17 10:48:26.799,8.56249,8.56471,1.00,1.00
2017.04.17 10:48:26.951,8.56269,8.5645,1.00,1.00
2017.04.17 10:48:27.116,8.56249,8.56453,1.00,1.00
2017.04.17 10:48:27.170,8.5627,8.56449,1.00,1.00
2017.04.17 10:48:27.221,8.56249,8.56471,1.00,1.00
2017.04.17 10:48:27.330,8.56249,8.56453,1.00,1.00
2017.04.17 10:48:27.659,8.5627,8.56469,1.00,1.00
2017.04.17 10:48:27.848,8.56249,8.56473,1.00,1.00
2017.04.17 10:48:27.903,8.56269,8.5647,1.00,1.00
2017.04.17 10:48:28.240,8.5625,8.56438,1.00,1.00
2017.04.17 10:48:28.291,8.56249,8.56473,1.00,1.00
2017.04.17 10:48:28.395,8.56249,8.56438,1.00,1.00
2017.04.17 10:48:28.497,8.56249,8.56474,1.00,1.00
2017.04.17 10:48:28.615,8.56275,8.56434,1.00,1.00
2017.04.17 10:48:28.733,8.56249,8.56474,1.00,1.00
2017.04.17 10:48:28.840,8.56275,8.56434,1.00,1.00
2017.04.17 10:48:28.941,8.56249,8.56473,1.00,1.00
2017.04.17 10:48:29.065,8.56274,8.56435,1.00,1.00
2017.04.17 10:48:29.175,8.56249,8.56473,1.00,1.00
2017.04.17 10:48:29.276,8.56274,8.56435,1.00,1.00
2017.04.17 10:48:29.327,8.56249,8.56438,1.00,1.00
2017.04.17 10:48:29.378,8.56269,8.5647,1.00,1.00
2017.04.17 10:48:29.479,8.56275,8.56434,1.00,1.00
2017.04.17 10:48:29.618,8.56249,8.56473,1.00,1.00
2017.04.17 10:48:29.725,8.56275,8.56434,1.00,1.00
2017.04.17 10:48:29.826,8.56249,8.56472,1.00,1.00
2017.04.17 10:48:29.945,8.56249,8.56439,1.00,1.00
2017.04.17 10:48:30.046,8.56249,8.56474,1.00,1.00
2017.04.17 10:48:30.293,8.56267,8.56468,1.00,1.00
2017.04.17 10:48:30.589,8.56249,8.56453,1.00,1.00
2017.04.17 10:48:30.680,8.56269,8.5645,1.00,1.00
2017.04.17 10:48:30.731,8.56249,8.56472,1.00,1.00
2017.04.17 10:48:30.792,8.5627,8.56449,1.00,1.00
2017.04.17 10:48:30.957,8.56249,8.56472,1.00,1.00
2017.04.17 10:48:31.008,8.56249,8.56454,1.00,1.00
2017.04.17 10:48:31.350,8.5627,8.5645,1.00,1.00
2017.04.17 10:48:31.401,8.56249,8.56471,1.00,1.00
2017.04.17 10:48:31.572,8.56267,8.56468,1.00,1.00
2017.04.17 10:48:31.622,8.56249,8.56454,1.00,1.00
2017.04.17 10:48:31.682,8.56266,8.56469,1.00,1.00
2017.04.17 10:48:31.733,8.56249,8.56454,1.00,1.00
2017.04.17 10:48:31.793,8.56266,8.56469,1.00,1.00
2017.04.17 10:48:31.910,8.56249,8.56453,1.00,1.00
2017.04.17 10:48:32.007,8.56269,8.56451,1.00,1.00
2017.04.17 10:48:32.180,8.56249,8.56454,1.00,1.00
2017.04.17 10:48:32.231,8.56266,8.56469,1.00,1.00
2017.04.17 10:48:32.505,8.56249,8.56472,1.00,1.00
2017.04.17 10:48:32.576,8.56266,8.56469,1.00,1.00
2017.04.17 10:48:32.794,8.56249,8.56471,1.00,1.00
2017.04.17 10:48:32.845,8.5627,8.5645,1.00,1.00
2017.04.17 10:48:32.895,8.56249,8.56472,1.00,1.00
2017.04.17 10:48:33.059,8.56269,8.56451,1.00,1.00
2017.04.17 10:48:33.187,8.56249,8.56472,1.00,1.00
2017.04.17 10:48:33.238,8.56269,8.56451,1.00,1.00
2017.04.17 10:48:33.404,8.56249,8.56472,1.00,1.00
2017.04.17 10:48:33.470,8.56266,8.56469,1.00,1.00
2017.04.17 10:48:33.521,8.56249,8.56454,1.00,1.00
2017.04.17 10:48:33.798,8.56249,8.56471,1.00,1.00
2017.04.17 10:48:33.900,8.56249,8.56454,1.00,1.00
2017.04.17 10:48:34.227,8.56266,8.56469,1.00,1.00
2017.04.17 10:48:34.411,8.56249,8.56454,1.00,1.00
2017.04.17 10:48:34.473,8.56269,8.56451,1.00,1.00
2017.04.17 10:48:34.524,8.56249,8.56472,1.00,1.00
2017.04.17 10:48:34.575,8.56271,8.56438,1.00,1.00
2017.04.17 10:48:34.626,8.56249,8.56472,1.00,1.00
2017.04.17 10:48:34.824,8.56266,8.56469,1.00,1.00
2017.04.17 10:48:34.884,8.56249,8.56472,1.00,1.00
2017.04.17 10:48:34.935,8.56266,8.56469,1.00,1.00
2017.04.17 10:48:35.239,8.56249,8.56454,1.00,1.00
2017.04.17 10:48:35.413,8.56266,8.56469,1.00,1.00
2017.04.17 10:48:35.799,8.56249,8.56472,1.00,1.00
2017.04.17 10:48:35.900,8.56249,8.56454,1.00,1.00
2017.04.17 10:48:36.526,8.56266,8.56469,1.00,1.00
2017.04.17 10:48:36.577,8.56249,8.56454,1.00,1.00
2017.04.17 10:48:36.936,8.56266,8.56469,1.00,1.00
2017.04.17 10:48:37.314,8.56249,8.56453,1.00,1.00
2017.04.17 10:48:37.478,8.56266,8.56468,1.00,1.00
2017.04.17 10:48:37.529,8.56249,8.56453,1.00,1.00
2017.04.17 10:48:37.635,8.56249,8.56471,1.00,1.00
2017.04.17 10:48:37.938,8.56249,8.56452,1.00,1.00
2017.04.17 10:48:38.282,8.56267,8.56466,1.00,1.00
2017.04.17 10:48:38.419,8.56249,8.56453,1.00,1.00
2017.04.17 10:48:38.531,8.56249,8.56471,1.00,1.00
2017.04.17 10:48:38.582,8.56268,8.56449,1.00,1.00
2017.04.17 10:48:38.940,8.56266,8.56467,1.00,1.00
2017.04.17 10:48:39.020,8.56249,8.56471,1.00,1.00
2017.04.17 10:48:39.153,8.56249,8.56452,1.00,1.00
2017.04.17 10:48:39.465,8.56267,8.56466,1.00,1.00
2017.04.17 10:48:39.516,8.56249,8.56452,1.00,1.00
2017.04.17 10:48:39.892,8.56266,8.56467,1.00,1.00
2017.04.17 10:48:39.942,8.56249,8.56452,1.00,1.00
2017.04.17 10:48:40.021,8.56268,8.56449,1.00,1.00
2017.04.17 10:48:40.277,8.56266,8.56467,1.00,1.00
2017.04.17 10:48:40.415,8.56249,8.56452,1.00,1.00
2017.04.17 10:48:40.538,8.56266,8.56467,1.00,1.00
2017.04.17 10:48:40.893,8.56249,8.56452,1.00,1.00
2017.04.17 10:48:40.944,8.56268,8.56449,1.00,1.00
2017.04.17 10:48:41.023,8.56249,8.56451,1.00,1.00
2017.04.17 10:48:41.109,8.56269,8.56449,1.00,1.00
2017.04.17 10:48:41.160,8.56249,8.56452,1.00,1.00
2017.04.17 10:48:41.211,8.56249,8.5647,1.00,1.00
2017.04.17 10:48:41.417,8.56269,8.56449,1.00,1.00
2017.04.17 10:48:41.530,8.56249,8.56451,1.00,1.00
2017.04.17 10:48:41.894,8.56265,8.56446,1.00,1.00
2017.04.17 10:48:41.945,8.56263,8.56464,1.00,1.00
2017.04.17 10:48:42.113,8.56249,8.56449,1.00,1.00
2017.04.17 10:48:42.418,8.56249,8.56467,1.00,1.00
2017.04.17 10:48:42.526,8.56249,8.56449,1.00,1.00
2017.04.17 10:48:42.802,8.56249,8.56467,1.00,1.00
2017.04.17 10:48:42.943,8.56263,8.56464,1.00,1.00
2017.04.17 10:48:43.211,8.56249,8.56468,1.00,1.00
2017.04.17 10:48:43.422,8.56264,8.56463,1.00,1.00
2017.04.17 10:48:43.900,8.56249,8.56468,1.00,1.00
2017.04.17 10:48:44.215,8.56264,8.56463,1.00,1.00
2017.04.17 10:48:44.394,8.56249,8.56468,1.00,1.00
2017.04.17 10:48:44.494,8.56265,8.56446,1.00,1.00
2017.04.17 10:48:44.545,8.56249,8.56448,1.00,1.00
2017.04.17 10:48:44.596,8.56249,8.56467,1.00,1.00
2017.04.17 10:48:44.902,8.56263,8.56464,1.00,1.00
2017.04.17 10:48:45.218,8.56249,8.56468,1.00,1.00
2017.04.17 10:48:45.545,8.56249,8.56448,1.00,1.00
2017.04.17 10:48:45.595,8.56263,8.56464,1.00,1.00
2017.04.17 10:48:45.903,8.56249,8.56468,1.00,1.00
2017.04.17 10:48:46.256,8.56249,8.56448,1.00,1.00
2017.04.17 10:48:46.407,8.56263,8.56464,1.00,1.00
2017.04.17 10:48:46.546,8.56265,8.56445,1.00,1.00
2017.04.17 10:48:46.596,8.56249,8.56468,1.00,1.00
2017.04.17 10:48:47.142,8.56249,8.56467,1.00,1.00
2017.04.17 10:48:47.193,8.56269,8.5647,1.00,1.00
2017.04.17 10:48:47.544,8.5625,8.56438,1.00,1.00
2017.04.17 10:48:47.595,8.56269,8.5647,1.00,1.00
2017.04.17 10:48:47.653,8.56249,8.56473,1.00,1.00
2017.04.17 10:48:47.961,8.56273,8.56435,1.00,1.00
2017.04.17 10:48:48.012,8.56249,8.56473,1.00,1.00
2017.04.17 10:48:48.132,8.56249,8.56437,1.00,1.00
2017.04.17 10:48:48.233,8.5627,8.56469,1.00,1.00
2017.04.17 10:48:48.345,8.56249,8.56473,1.00,1.00
2017.04.17 10:48:48.396,8.56271,8.56451,1.00,1.00
2017.04.17 10:48:48.447,8.56249,8.56473,1.00,1.00
2017.04.17 10:48:48.556,8.56269,8.5647,1.00,1.00
2017.04.17 10:48:48.607,8.56249,8.56454,1.00,1.00
2017.04.17 10:48:48.659,8.56249,8.56473,1.00,1.00
2017.04.17 10:48:49.047,8.56271,8.56451,1.00,1.00
2017.04.17 10:48:49.098,8.56249,8.56473,1.00,1.00
2017.04.17 10:48:49.149,8.56269,8.5647,1.00,1.00
2017.04.17 10:48:49.438,8.56249,8.56473,1.00,1.00
2017.04.17 10:48:49.489,8.56271,8.56451,1.00,1.00
2017.04.17 10:48:49.590,8.5627,8.56469,1.00,1.00
2017.04.17 10:48:49.694,8.56271,8.56451,1.00,1.00
2017.04.17 10:48:49.795,8.56249,8.56473,1.00,1.00
2017.04.17 10:48:50.094,8.56269,8.5647,1.00,1.00
2017.04.17 10:48:50.145,8.56249,8.56455,1.00,1.00
2017.04.17 10:48:50.247,8.56269,8.5647,1.00,1.00
2017.04.17 10:48:50.494,8.56249,8.56473,1.00,1.00
2017.04.17 10:48:50.595,8.56249,8.56454,1.00,1.00
2017.04.17 10:48:50.862,8.56249,8.56473,1.00,1.00
2017.04.17 10:48:51.098,8.5627,8.56469,1.00,1.00
2017.04.17 10:48:51.249,8.56249,8.56454,1.00,1.00
2017.04.17 10:48:51.476,8.56269,8.5647,1.00,1.00
2017.04.17 10:48:51.810,8.56249,8.56472,1.00,1.00
2017.04.17 10:48:51.864,8.56269,8.5647,1.00,1.00
2017.04.17 10:48:51.915,8.56249,8.56454,1.00,1.00
2017.04.17 10:48:52.100,8.56269,8.5647,1.00,1.00
2017.04.17 10:48:52.388,8.56249,8.56451,1.00,1.00
2017.04.17 10:48:52.451,8.56266,8.56466,1.00,1.00
2017.04.17 10:48:52.552,8.56249,8.5647,1.00,1.00
2017.04.17 10:48:52.602,8.56249,8.56451,1.00,1.00
2017.04.17 10:48:52.919,8.56268,8.56448,1.00,1.00
2017.04.17 10:48:53.049,8.56249,8.5647,1.00,1.00
2017.04.17 10:48:53.391,8.56268,8.56448,1.00,1.00
2017.04.17 10:48:53.502,8.56249,8.56469,1.00,1.00
2017.04.17 10:48:53.553,8.56265,8.56467,1.00,1.00
2017.04.17 10:48:53.870,8.56267,8.56448,1.00,1.00
2017.04.17 10:48:53.921,8.56249,8.5647,1.00,1.00
2017.04.17 10:48:54.052,8.56267,8.56448,1.00,1.00
2017.04.17 10:48:54.342,8.56249,8.56451,1.00,1.00
2017.04.17 10:48:54.619,8.56266,8.56448,1.00,1.00
2017.04.17 10:48:54.945,8.56249,8.5645,1.00,1.00
2017.04.17 10:48:55.059,8.56249,8.56471,1.00,1.00
2017.04.17 10:48:55.345,8.56265,8.56467,1.00,1.00
2017.04.17 10:48:55.818,8.56249,8.56435,1.00,1.00
2017.04.17 10:48:55.868,8.56265,8.56467,1.00,1.00
2017.04.17 10:48:55.919,8.56249,8.5647,1.00,1.00
2017.04.17 10:48:56.057,8.56249,8.56435,1.00,1.00
2017.04.17 10:48:56.108,8.56249,8.5647,1.00,1.00
2017.04.17 10:48:56.308,8.5627,8.56431,1.00,1.00
2017.04.17 10:48:56.358,8.56249,8.56471,1.00,1.00
2017.04.17 10:48:56.513,8.56269,8.56432,1.00,1.00
2017.04.17 10:48:56.564,8.56239,8.56461,1.00,1.00
2017.04.17 10:48:56.614,8.56265,8.56461,1.00,1.00
2017.04.17 10:48:56.798,8.56238,8.56461,1.00,1.00
2017.04.17 10:48:56.877,8.56265,8.56461,1.00,1.00
2017.04.17 10:48:57.261,8.56266,8.56448,1.00,1.00
2017.04.17 10:48:57.504,8.56265,8.56461,1.00,1.04
2017.04.17 10:48:57.714,8.56242,8.56436,1.00,1.00
2017.04.17 10:48:57.785,8.56269,8.56432,1.00,1.00
2017.04.17 10:48:57.835,8.56265,8.56461,1.00,1.04
2017.04.17 10:48:57.898,8.56243,8.56451,1.00,1.00
2017.04.17 10:48:58.064,8.56265,8.56461,1.00,1.04
2017.04.17 10:48:58.115,8.56241,8.56461,1.00,1.04
2017.04.17 10:48:58.166,8.56246,8.56434,1.00,1.00
2017.04.17 10:48:58.468,8.56242,8.56461,1.00,1.04
2017.04.17 10:48:58.569,8.56266,8.56448,1.00,1.00
2017.04.17 10:48:58.620,8.56241,8.56461,1.00,1.04
2017.04.17 10:48:58.785,8.56245,8.56435,1.00,1.00
2017.04.17 10:48:59.012,8.56241,8.5645,1.00,1.00
2017.04.17 10:48:59.063,8.56265,8.56461,1.00,1.04
2017.04.17 10:48:59.227,8.56242,8.56461,1.00,1.04
2017.04.17 10:48:59.448,8.56269,8.56432,1.00,1.00
2017.04.17 10:48:59.569,8.56241,8.5645,1.00,1.00
2017.04.17 10:48:59.620,8.56265,8.56461,1.00,1.04
2017.04.17 10:48:59.787,8.5624,8.56451,1.00,1.00
2017.04.17 10:48:59.838,8.56265,8.56461,1.00,1.04
2017.04.17 10:49:00.001,8.56238,8.56461,1.00,1.04
2017.04.17 10:49:00.102,8.56241,8.56461,1.00,1.04
2017.04.17 10:49:00.410,8.56243,8.56451,1.00,1.00
2017.04.17 10:49:00.754,8.56264,8.56461,1.00,1.04
2017.04.17 10:49:00.855,8.56249,8.56452,1.00,1.00
2017.04.17 10:49:00.956,8.56241,8.56404,1.00,1.00
2017.04.17 10:49:01.259,8.56234,8.56395,1.00,1.00
2017.04.17 10:49:01.451,8.56209,8.56399,1.00,1.00
2017.04.17 10:49:01.572,8.56233,8.56396,1.00,1.00
2017.04.17 10:49:01.623,8.56209,8.56414,1.00,1.00
2017.04.17 10:49:01.773,8.56229,8.56411,1.00,1.00
2017.04.17 10:49:01.824,8.56209,8.56399,1.00,1.00
2017.04.17 10:49:01.925,8.56229,8.56411,1.00,1.00
2017.04.17 10:49:02.027,8.56209,8.56399,1.00,1.00
2017.04.17 10:49:02.381,8.56229,8.56411,1.00,1.00
2017.04.17 10:49:02.498,8.56209,8.56436,1.00,1.00
2017.04.17 10:49:02.605,8.56232,8.56398,1.00,1.00
2017.04.17 10:49:02.709,8.56209,8.56436,1.00,1.00
2017.04.17 10:49:02.766,8.56233,8.56396,1.00,1.00
2017.04.17 10:49:02.817,8.56209,8.56435,1.00,1.00
2017.04.17 10:49:02.918,8.56232,8.56398,1.00,1.00
2017.04.17 10:49:03.019,8.56228,8.56433,1.00,1.00
2017.04.17 10:49:03.228,8.56209,8.56401,1.50,1.00
2017.04.17 10:49:03.506,8.56228,8.56433,1.00,1.00
2017.04.17 10:49:03.610,8.56209,8.56398,1.50,1.00
2017.04.17 10:49:03.711,8.56209,8.56433,1.00,1.00
2017.04.17 10:49:03.766,8.56229,8.5643,1.00,1.00
2017.04.17 10:49:03.817,8.56209,8.56433,1.00,1.00
2017.04.17 10:49:03.928,8.56233,8.56395,1.00,1.00
2017.04.17 10:49:04.080,8.56209,8.56433,1.00,1.00
2017.04.17 10:49:04.131,8.56229,8.5643,1.00,1.00
2017.04.17 10:49:04.458,8.56233,8.56398,1.00,1.00
2017.04.17 10:49:04.562,8.56209,8.56404,1.00,1.00
2017.04.17 10:49:04.820,8.56233,8.56398,1.00,1.00
2017.04.17 10:49:04.934,8.56233,8.564,1.00,1.00
2017.04.17 10:49:05.284,8.56209,8.56403,1.50,1.00
2017.04.17 10:49:05.459,8.56233,8.56398,1.00,1.00
2017.04.17 10:49:05.509,8.56209,8.56403,1.00,1.00
2017.04.17 10:49:05.615,8.56209,8.56406,1.00,1.00
2017.04.17 10:49:07.606,8.56209,8.564,1.00,1.00
2017.04.17 10:49:07.902,8.56209,8.56404,1.00,1.00
2017.04.17 10:49:08.104,8.56209,8.56432,1.00,1.00
2017.04.17 10:49:08.155,8.56209,8.56405,1.00,1.00
2017.04.17 10:49:08.703,8.56209,8.56408,1.00,1.00
2017.04.17 10:49:08.888,8.56209,8.56406,1.00,1.00
2017.04.17 10:49:09.262,8.56225,8.56393,1.00,1.00
2017.04.17 10:49:09.723,8.56225,8.56399,1.00,1.00
2017.04.17 10:49:10.127,8.56209,8.56396,1.00,1.00
2017.04.17 10:49:10.713,8.56209,8.56399,1.00,1.00
2017.04.17 10:49:10.854,8.56222,8.56396,1.00,1.00
2017.04.17 10:49:11.287,8.56209,8.56396,1.00,1.00
2017.04.17 10:49:11.857,8.56223,8.56391,1.00,1.00
2017.04.17 10:49:12.240,8.56209,8.56391,1.00,1.00
2017.04.17 10:49:12.718,8.56223,8.56394,1.00,1.00
2017.04.17 10:49:12.859,8.56209,8.56391,1.00,1.00
2017.04.17 10:49:12.979,8.56223,8.56394,1.00,1.00
2017.04.17 10:49:13.291,8.56209,8.56391,1.00,1.00
2017.04.17 10:49:13.724,8.56223,8.56394,1.00,1.00
2017.04.17 10:49:13.775,8.56209,8.56393,1.00,1.00
2017.04.17 10:49:13.895,8.56209,8.56397,1.00,1.00
2017.04.17 10:49:14.244,8.56224,8.56385,1.00,1.00
2017.04.17 10:49:14.873,8.56209,8.56388,1.00,1.00
2017.04.17 10:49:15.184,8.56224,8.5639,1.00,1.00
2017.04.17 10:49:15.494,8.56223,8.56388,1.00,1.00
2017.04.17 10:49:16.186,8.56209,8.5639,1.00,1.00
2017.04.17 10:49:16.344,8.56225,8.5639,1.00,1.00
2017.04.17 10:49:16.488,8.56209,8.56395,1.00,1.00
2017.04.17 10:49:16.540,8.56225,8.56387,1.00,1.00
2017.04.17 10:49:16.641,8.56209,8.56395,1.00,1.00
2017.04.17 10:49:16.731,8.56225,8.56387,1.00,1.00
2017.04.17 10:49:16.849,8.56209,8.56395,1.00,1.00
2017.04.17 10:49:17.001,8.56209,8.56393,1.00,1.00
2017.04.17 10:49:17.348,8.56225,8.5639,1.00,1.00
2017.04.17 10:49:17.491,8.56209,8.5639,1.00,1.00
2017.04.17 10:49:17.592,8.56225,8.56392,1.00,1.00
2017.04.17 10:49:17.643,8.56209,8.56389,1.00,1.00
2017.04.17 10:49:17.744,8.56225,8.56392,1.00,1.00
2017.04.17 10:49:17.852,8.56209,8.5639,1.00,1.00
2017.04.17 10:49:18.004,8.56209,8.56392,1.00,1.00
2017.04.17 10:49:18.130,8.56225,8.56392,1.00,1.00
2017.04.17 10:49:18.461,8.56209,8.56398,1.00,1.00
2017.04.17 10:49:18.593,8.56225,8.5639,1.00,1.00
2017.04.17 10:49:18.644,8.56224,8.56395,1.00,1.00
2017.04.17 10:49:18.785,8.56209,8.56393,1.00,1.00
2017.04.17 10:49:18.901,8.56225,8.56392,1.00,1.00
2017.04.17 10:49:19.005,8.56224,8.56396,1.00,1.00
2017.04.17 10:49:19.082,8.56209,8.56398,1.00,1.00
2017.04.17 10:49:19.256,8.56224,8.56396,1.00,1.00
2017.04.17 10:49:19.439,8.56209,8.56399,1.00,1.00
2017.04.17 10:49:19.490,8.56225,8.56395,1.00,1.00
2017.04.17 10:49:19.677,8.56209,8.56395,1.00,1.00
2017.04.17 10:49:19.862,8.56225,8.56389,1.00,1.00
2017.04.17 10:49:20.008,8.56224,8.56396,1.00,1.00
2017.04.17 10:49:20.453,8.56209,8.56396,1.00,1.00
2017.04.17 10:49:20.684,8.56224,8.56396,1.00,1.00
2017.04.17 10:49:20.902,8.56209,8.56392,1.00,1.00
2017.04.17 10:49:21.008,8.56209,8.56399,1.00,1.00
2017.04.17 10:49:21.085,8.56225,8.56395,1.00,1.00
2017.04.17 10:49:21.683,8.56209,8.56399,1.00,1.00
2017.04.17 10:49:22.011,8.56224,8.56396,1.00,1.00
2017.04.17 10:49:22.395,8.56209,8.56396,1.00,1.00
2017.04.17 10:49:22.608,8.56224,8.56396,1.00,1.00
2017.04.17 10:49:22.963,8.56209,8.56395,1.00,1.00
2017.04.17 10:49:23.140,8.56224,8.56396,1.00,1.00
2017.04.17 10:49:23.397,8.56209,8.56396,1.00,1.00
2017.04.17 10:49:23.537,8.56224,8.56396,1.00,1.00
2017.04.17 10:49:23.910,8.56209,8.56399,1.00,1.00
2017.04.17 10:49:24.014,8.56224,8.56396,1.00,1.00
2017.04.17 10:49:24.142,8.56209,8.56399,1.00,1.00
2017.04.17 10:49:24.398,8.56224,8.56396,1.00,1.00
2017.04.17 10:49:24.544,8.56209,8.56399,1.00,1.00
2017.04.17 10:49:24.874,8.56224,8.56396,1.00,1.00
2017.04.17 10:49:24.975,8.56209,8.56398,1.00,1.00
2017.04.17 10:49:25.144,8.56225,8.56389,1.00,1.00
2017.04.17 10:49:25.424,8.56209,8.56398,1.00,1.00
2017.04.17 10:49:25.539,8.56224,8.5639,1.00,1.00
2017.04.17 10:49:25.968,8.56209,8.56398,1.00,1.00
2017.04.17 10:49:26.020,8.56224,8.56393,1.00,1.00
2017.04.17 10:49:26.121,8.56209,8.56397,1.00,1.00
2017.04.17 10:49:26.402,8.56224,8.56393,1.00,1.00
2017.04.17 10:49:26.591,8.56209,8.56396,1.00,1.00
2017.04.17 10:49:26.972,8.56225,8.56395,1.00,1.00
2017.04.17 10:49:27.022,8.56209,8.56398,1.00,1.00
2017.04.17 10:49:27.952,8.56224,8.5639,1.00,1.00
2017.04.17 10:49:28.003,8.56224,8.56396,1.00,1.00
2017.04.17 10:49:28.054,8.56209,8.56396,1.00,1.00
2017.04.17 10:49:28.123,8.56224,8.5639,1.00,1.00
2017.04.17 10:49:29.163,8.56209,8.56398,1.00,1.00
2017.04.17 10:49:29.288,8.56209,8.56396,1.00,1.00
2017.04.17 10:49:30.128,8.56224,8.5639,1.00,1.00
2017.04.17 10:49:30.289,8.56224,8.56393,1.00,1.00
2017.04.17 10:49:30.431,8.56209,8.56398,1.00,1.00
2017.04.17 10:49:30.484,8.56225,8.56389,1.00,1.00
2017.04.17 10:49:30.535,8.56209,8.56398,1.00,1.00
2017.04.17 10:49:30.644,8.56225,8.56392,1.00,1.00
2017.04.17 10:49:31.253,8.56224,8.56396,1.00,1.00
2017.04.17 10:49:31.384,8.56209,8.56394,1.00,1.00
2017.04.17 10:49:31.486,8.56209,8.564,1.00,1.00
2017.04.17 10:49:31.596,8.56224,8.56396,1.00,1.00
2017.04.17 10:49:31.646,8.56209,8.56393,1.00,1.00
2017.04.17 10:49:31.697,8.56209,8.56399,1.00,1.00
2017.04.17 10:49:32.285,8.56225,8.56391,1.00,1.00
2017.04.17 10:49:32.406,8.56209,8.56397,1.00,1.00
2017.04.17 10:49:32.537,8.56227,8.56387,1.00,1.00
2017.04.17 10:49:33.504,8.56209,8.56397,1.00,1.00
2017.04.17 10:49:33.620,8.56209,8.56394,1.00,1.00
2017.04.17 10:49:34.509,8.56225,8.56394,1.00,1.00
2017.04.17 10:49:34.573,8.56209,8.56397,1.00,1.00
2017.04.17 10:49:34.623,8.56225,8.56391,1.00,1.00
2017.04.17 10:49:34.674,8.56209,8.56397,1.00,1.00
2017.04.17 10:49:34.806,8.56227,8.56387,1.00,1.00
2017.04.17 10:49:34.895,8.56209,8.56396,1.00,1.00
2017.04.17 10:49:35.047,8.56225,8.56391,1.00,1.00
2017.04.17 10:49:35.898,8.56209,8.56396,1.00,1.00
2017.04.17 10:49:35.953,8.56226,8.56388,1.00,1.00
2017.04.17 10:49:37.008,8.56209,8.56396,1.00,1.00
2017.04.17 10:49:37.069,8.56226,8.56388,1.00,1.00
2017.04.17 10:49:37.485,8.56209,8.56397,1.00,1.00
2017.04.17 10:49:37.781,8.56226,8.56388,1.00,1.00
2017.04.17 10:49:38.774,8.56209,8.56396,1.00,1.00
2017.04.17 10:49:38.967,8.56209,8.56393,1.00,1.00
2017.04.17 10:49:39.741,8.56209,8.56394,1.00,1.00
2017.04.17 10:49:40.334,8.56225,8.56394,1.00,1.00
2017.04.17 10:49:40.899,8.56209,8.56397,1.00,1.00
2017.04.17 10:49:41.905,8.56225,8.56394,1.00,1.00
2017.04.17 10:49:42.014,8.56209,8.56394,1.00,1.00
2017.04.17 10:49:42.125,8.56209,8.56397,1.00,1.00
2017.04.17 10:49:42.908,8.56209,8.56399,1.00,1.00
2017.04.17 10:49:43.127,8.56225,8.56394,1.00,1.00
2017.04.17 10:49:43.177,8.56209,8.56399,1.00,1.00
2017.04.17 10:49:43.442,8.56225,8.56394,1.00,1.00
2017.04.17 10:49:43.859,8.56209,8.56396,1.00,1.00
2017.04.17 10:49:43.910,8.56224,8.56396,1.00,1.00
2017.04.17 10:49:44.015,8.56209,8.56402,1.00,1.00
2017.04.17 10:49:44.125,8.56224,8.56396,1.00,1.00
2017.04.17 10:49:44.226,8.56222,8.56397,1.00,1.00
2017.04.17 10:49:44.328,8.56209,8.56403,1.00,1.00
2017.04.17 10:49:44.396,8.56222,8.56397,1.00,1.00
2017.04.17 10:49:44.447,8.56209,8.564,1.00,1.00
2017.04.17 10:49:44.862,8.56222,8.56394,1.00,1.00
2017.04.17 10:49:44.913,8.56209,8.56397,1.00,1.00
2017.04.17 10:49:45.014,8.56221,8.564,1.00,1.00
2017.04.17 10:49:45.178,8.56209,8.564,1.00,1.00
2017.04.17 10:49:45.287,8.56224,8.56399,1.00,1.00
2017.04.17 10:49:45.439,8.56209,8.56405,1.00,1.00
2017.04.17 10:49:45.490,8.56163,8.56405,1.00,1.00
2017.04.17 10:49:45.698,8.56187,8.56368,1.00,1.00
2017.04.17 10:49:45.964,8.56188,8.56406,1.50,1.00
2017.04.17 10:49:46.065,8.56188,8.56376,1.00,1.00
2017.04.17 10:49:46.217,8.56199,8.56414,1.00,1.00
2017.04.17 10:49:46.324,8.56188,8.56417,1.00,1.50
2017.04.17 10:49:46.375,8.56175,8.56417,1.00,1.50
2017.04.17 10:49:46.426,8.56203,8.56381,1.00,1.00
2017.04.17 10:49:46.579,8.56156,8.56402,1.00,1.00
2017.04.17 10:49:46.630,8.56164,8.56402,1.00,1.00
2017.04.17 10:49:46.991,8.56185,8.56365,1.00,1.00
2017.04.17 10:49:47.042,8.56168,8.564,1.00,1.00
2017.04.17 10:49:47.092,8.56186,8.56363,1.00,1.00
2017.04.17 10:49:47.427,8.56168,8.56366,1.00,1.00
2017.04.17 10:49:47.640,8.56168,8.56362,1.00,1.00
2017.04.17 10:49:48.010,8.56168,8.5636,1.00,1.00
2017.04.17 10:49:48.313,8.56186,8.56363,1.00,1.00
2017.04.17 10:49:48.418,8.56168,8.56362,1.00,1.00
2017.04.17 10:49:48.614,8.56168,8.56366,1.00,1.00
2017.04.17 10:49:48.775,8.56186,8.56363,1.00,1.00
2017.04.17 10:49:49.112,8.56168,8.56366,1.00,1.00
2017.04.17 10:49:49.566,8.56186,8.56357,1.00,1.00
2017.04.17 10:49:49.617,8.56168,8.5636,1.00,1.00
2017.04.17 10:49:49.808,8.56186,8.5636,1.00,1.00
2017.04.17 10:49:49.909,8.56186,8.56363,1.00,1.00
2017.04.17 10:49:50.063,8.56168,8.56363,1.00,1.00
2017.04.17 10:49:50.293,8.56168,8.5636,1.00,1.00
2017.04.17 10:49:50.829,8.56169,8.5636,1.00,1.00
2017.04.17 10:49:50.986,8.56176,8.56381,1.00,1.00
2017.04.17 10:49:51.956,8.56172,8.56376,1.00,1.00
2017.04.17 10:49:52.259,8.5619,8.56356,1.00,1.00
2017.04.17 10:49:53.006,8.56169,8.5636,1.00,1.00
2017.04.17 10:49:55.802,8.56169,8.56358,1.00,1.00
2017.04.17 10:49:56.120,8.56182,8.56353,1.00,1.00
2017.04.17 10:49:56.221,8.56181,8.56355,1.00,1.00
2017.04.17 10:49:56.934,8.56169,8.56354,1.00,1.00
2017.04.17 10:49:57.005,8.56182,8.5635,1.00,1.00
2017.04.17 10:49:57.171,8.56169,8.56358,1.00,1.00
2017.04.17 10:49:57.376,8.56182,8.56353,1.00,1.00
2017.04.17 10:49:57.496,8.56169,8.56357,1.00,1.00
2017.04.17 10:49:57.814,8.56181,8.56355,1.00,1.00
2017.04.17 10:49:57.889,8.56169,8.56349,1.00,1.00
2017.04.17 10:49:57.990,8.56181,8.56355,1.00,1.00
2017.04.17 10:49:58.092,8.56169,8.5635,1.00,1.00
2017.04.17 10:49:58.142,8.56181,8.56355,1.00,1.00
2017.04.17 10:49:58.244,8.56169,8.56355,1.00,1.00
2017.04.17 10:49:58.345,8.56169,8.56358,1.00,1.00
2017.04.17 10:49:58.790,8.56182,8.56353,1.00,1.00
2017.04.17 10:49:58.947,8.56169,8.56357,1.00,1.00
2017.04.17 10:49:59.058,8.56182,8.56353,1.00,1.00
2017.04.17 10:49:59.169,8.56169,8.56352,1.00,1.00
2017.04.17 10:49:59.321,8.56181,8.56355,1.00,1.00
2017.04.17 10:49:59.371,8.56169,8.56355,1.00,1.00
2017.04.17 10:49:59.594,8.56169,8.56357,1.00,1.00
2017.04.17 10:49:59.819,8.56182,8.5635,1.00,1.00
2017.04.17 10:50:00.057,8.56169,8.56358,1.00,1.00
2017.04.17 10:50:00.249,8.56183,8.56352,1.00,1.00
2017.04.17 10:50:00.351,8.56181,8.56355,1.00,1.00
2017.04.17 10:50:00.806,8.56169,8.5635,1.00,1.00
2017.04.17 10:50:00.957,8.56169,8.56355,1.00,1.00
2017.04.17 10:50:01.059,8.56183,8.56349,1.00,1.00
2017.04.17 10:50:01.230,8.56169,8.56358,1.00,1.00
2017.04.17 10:50:01.331,8.56182,8.5635,1.00,1.00
2017.04.17 10:50:01.384,8.56169,8.56358,1.00,1.00
2017.04.17 10:50:01.502,8.56182,8.56353,1.00,1.00
2017.04.17 10:50:01.795,8.56169,8.56353,1.00,1.00
2017.04.17 10:50:02.013,8.56181,8.56355,1.00,1.00
2017.04.17 10:50:02.124,8.56169,8.56355,1.00,1.00
2017.04.17 10:50:02.276,8.56169,8.56358,1.00,1.00
2017.04.17 10:50:02.505,8.56183,8.56352,1.00,1.00
2017.04.17 10:50:02.664,8.56169,8.56353,1.00,1.00
2017.04.17 10:50:02.798,8.56182,8.56354,1.00,1.00
2017.04.17 10:50:03.079,8.56169,8.56355,1.00,1.00
2017.04.17 10:50:03.189,8.56182,8.56354,1.00,1.00
2017.04.17 10:50:03.300,8.56169,8.56355,1.00,1.00
2017.04.17 10:50:03.460,8.56169,8.56357,1.00,1.00
2017.04.17 10:50:03.631,8.56182,8.56353,1.00,1.00
2017.04.17 10:50:03.844,8.56169,8.56353,1.00,1.00
2017.04.17 10:50:04.104,8.56181,8.56355,1.00,1.00
2017.04.17 10:50:04.277,8.56169,8.56353,1.00,1.00
2017.04.17 10:50:04.405,8.56182,8.56347,1.00,1.00
2017.04.17 10:50:04.516,8.56169,8.56347,1.00,1.00
2017.04.17 10:50:04.618,8.56182,8.5635,1.00,1.00
2017.04.17 10:50:04.697,8.56169,8.56349,1.00,1.00
2017.04.17 10:50:04.849,8.56182,8.5635,1.00,1.00
2017.04.17 10:50:04.906,8.56169,8.5635,1.00,1.00
2017.04.17 10:50:04.957,8.56183,8.56345,1.00,1.00
2017.04.17 10:50:05.079,8.56169,8.56361,1.00,1.00
2017.04.17 10:50:05.130,8.56181,8.56343,1.00,1.00
2017.04.17 10:50:06.217,8.56182,8.56346,1.00,1.00
2017.04.17 10:50:06.956,8.56181,8.56354,1.00,1.00
2017.04.17 10:50:07.007,8.56169,8.56352,1.00,1.00
2017.04.17 10:50:07.994,8.56169,8.56351,1.00,1.00
2017.04.17 10:50:08.209,8.5618,8.56347,1.00,1.00
2017.04.17 10:50:09.212,8.56178,8.56349,1.00,1.00
2017.04.17 10:50:11.359,8.56177,8.56354,1.00,1.00
2017.04.17 10:50:12.313,8.56169,8.56357,1.00,1.00
2017.04.17 10:50:12.834,8.56173,8.5635,1.00,1.00
2017.04.17 10:50:14.868,8.56169,8.56351,1.00,1.00
2017.04.17 10:50:15.818,8.56169,8.56352,1.00,1.00
2017.04.17 10:50:18.555,8.56175,8.56343,1.00,1.00
2017.04.17 10:50:21.895,8.56169,8.56346,1.00,1.00
2017.04.17 10:50:23.285,8.56169,8.56345,1.00,1.00
2017.04.17 10:50:24.201,8.56169,8.56329,1.00,1.00
2017.04.17 10:50:24.393,8.56135,8.56326,1.00,1.00
2017.04.17 10:50:24.444,8.56126,8.56316,1.00,1.00
2017.04.17 10:50:25.166,8.56123,8.56311,1.00,1.00
2017.04.17 10:50:25.476,8.56129,8.56311,1.00,1.00
2017.04.17 10:50:25.743,8.56143,8.56331,1.00,1.00
2017.04.17 10:50:25.878,8.56161,8.56325,1.00,1.00
2017.04.17 10:50:25.929,8.56168,8.56333,1.00,1.00
2017.04.17 10:50:26.814,8.56166,8.5633,1.00,1.00
2017.04.17 10:50:28.031,8.56167,8.5633,1.00,1.00
2017.04.17 10:50:30.024,8.56169,8.56331,1.00,1.00
2017.04.17 10:50:31.025,8.56171,8.56333,1.00,1.00
2017.04.17 10:50:31.450,8.56149,8.56346,1.00,1.00
2017.04.17 10:50:31.551,8.56157,8.56356,1.00,1.00
2017.04.17 10:50:31.652,8.5617,8.56342,1.00,1.00
2017.04.17 10:50:37.583,8.56172,8.56344,1.00,1.00
2017.04.17 10:50:38.586,8.56171,8.56346,1.00,1.00
2017.04.17 10:50:44.005,8.56179,8.56354,1.00,1.00
2017.04.17 10:50:45.054,8.5618,8.56351,1.00,1.00
2017.04.17 10:50:46.057,8.56182,8.56352,1.00,1.00
2017.04.17 10:50:49.851,8.56158,8.56353,1.00,1.00
2017.04.17 10:50:52.772,8.56179,8.56353,1.00,1.00
2017.04.17 10:50:52.964,8.56158,8.56353,1.00,1.00
2017.04.17 10:50:53.927,8.56179,8.56353,1.00,1.00
2017.04.17 10:50:56.230,8.56158,8.56353,1.00,1.00
2017.04.17 10:50:59.121,8.5618,8.56352,1.00,1.00
2017.04.17 10:50:59.977,8.56158,8.56353,1.00,1.00
2017.04.17 10:51:02.048,8.56179,8.56353,1.00,1.00
2017.04.17 10:51:02.157,8.56158,8.56353,1.00,1.00
2017.04.17 10:51:03.880,8.56179,8.56353,1.00,1.06
2017.04.17 10:51:04.609,8.5618,8.56343,1.00,1.00
2017.04.17 10:51:04.756,8.56159,8.56348,1.00,1.00
2017.04.17 10:51:04.817,8.56181,8.56342,1.00,1.00
2017.04.17 10:51:04.928,8.56159,8.56343,1.00,1.00
2017.04.17 10:51:04.979,8.56181,8.56345,1.00,1.00
2017.04.17 10:51:05.030,8.56158,8.56351,1.00,1.00
2017.04.17 10:51:05.583,8.56159,8.56352,1.00,1.00
2017.04.17 10:51:06.615,8.56179,8.56347,1.00,1.00
2017.04.17 10:51:08.329,8.56159,8.56349,1.00,1.00
2017.04.17 10:51:15.114,8.56179,8.56347,1.00,1.00
2017.04.17 10:51:15.744,8.56158,8.56353,1.00,1.00
2017.04.17 10:51:19.215,8.56149,8.56344,1.50,1.00
2017.04.17 10:51:19.931,8.56172,8.56343,1.00,1.00
2017.04.17 10:51:20.775,8.5615,8.56344,1.00,1.00
2017.04.17 10:51:22.629,8.56149,8.56341,1.00,1.00
2017.04.17 10:51:23.359,8.56168,8.56339,1.00,1.00
2017.04.17 10:51:25.731,8.56149,8.56332,1.00,1.00
2017.04.17 10:51:26.041,8.56167,8.56331,1.00,1.00
2017.04.17 10:51:26.092,8.56149,8.56328,1.50,1.00
2017.04.17 10:51:26.693,8.56159,8.56341,1.00,1.00
2017.04.17 10:51:30.143,8.56161,8.56322,1.00,1.00
2017.04.17 10:51:35.808,8.56163,8.56354,1.00,1.00
2017.04.17 10:51:43.975,8.56155,8.56342,1.00,1.00
2017.04.17 10:51:51.337,8.5616,8.56345,1.00,1.00
2017.04.17 10:51:52.219,8.56167,8.56361,1.00,1.00
2017.04.17 10:51:53.080,8.56211,8.56398,1.00,1.00
2017.04.17 10:51:53.233,8.56226,8.56429,1.00,1.00
2017.04.17 10:51:53.335,8.56238,8.56452,1.00,1.00
2017.04.17 10:51:53.570,8.56247,8.56423,1.00,1.00
2017.04.17 10:51:54.424,8.56245,8.56424,1.00,1.00
2017.04.17 10:52:00.252,8.56244,8.56432,1.00,1.00
2017.04.17 10:52:01.205,8.56243,8.5643,1.00,1.00
2017.04.17 10:52:07.721,8.56241,8.56427,1.00,1.00
2017.04.17 10:52:15.235,8.56242,8.56422,1.00,1.00
2017.04.17 10:52:19.848,8.56249,8.56422,1.00,1.00
2017.04.17 10:52:19.964,8.56242,8.56422,1.00,1.00
2017.04.17 10:52:22.215,8.56244,8.56422,1.00,1.00
2017.04.17 10:52:22.266,8.56242,8.56422,1.00,1.00
2017.04.17 10:52:23.520,8.56243,8.56412,1.00,1.00
2017.04.17 10:52:30.265,8.56247,8.56422,1.00,1.00
2017.04.17 10:52:33.824,8.56249,8.56422,1.00,1.00
2017.04.17 10:52:35.079,8.56249,8.56429,1.00,1.00
2017.04.17 10:52:37.780,8.56249,8.5643,1.00,1.00
2017.04.17 10:52:38.783,8.56249,8.56432,1.00,1.00
2017.04.17 10:52:45.148,8.56249,8.56432,1.00,1.03
2017.04.17 10:52:45.199,8.5626,8.56446,1.00,1.03
2017.04.17 10:52:45.250,8.5625,8.56436,1.00,1.03
2017.04.17 10:52:45.792,8.5625,8.56436,1.00,1.03
2017.04.17 10:52:46.316,8.56249,8.56431,1.00,1.03
2017.04.17 10:52:46.367,8.56258,8.56439,1.00,1.03
2017.04.17 10:52:46.925,8.56258,8.56439,1.00,1.03
2017.04.17 10:52:47.633,8.56258,8.56439,1.00,1.03
2017.04.17 10:52:48.758,8.5625,8.56433,1.00,1.03
2017.04.17 10:52:49.421,8.5625,8.56433,1.00,1.03
2017.04.17 10:52:49.990,8.5625,8.56433,1.00,1.03
2017.04.17 10:52:52.103,8.5625,8.56433,1.00,1.00
2017.04.17 10:52:52.810,8.56249,8.56431,1.50,1.00
2017.04.17 10:52:53.540,8.56257,8.56417,1.00,1.00
2017.04.17 10:52:54.356,8.56251,8.56413,1.00,1.00
2017.04.17 10:52:54.627,8.56255,8.56417,1.00,1.00
2017.04.17 10:53:00.325,8.56259,8.56421,1.00,1.00
2017.04.17 10:53:04.689,8.56258,8.56421,1.00,1.00
2017.04.17 10:53:08.570,8.56259,8.56423,1.00,1.00
2017.04.17 10:53:12.583,8.5625,8.56435,1.00,1.00
2017.04.17 10:53:12.641,8.56264,8.56427,1.00,1.00
2017.04.17 10:53:12.692,8.5625,8.56434,1.00,1.00
2017.04.17 10:53:12.799,8.56264,8.5643,1.00,1.00
2017.04.17 10:53:12.900,8.5625,8.56436,1.00,1.00
2017.04.17 10:53:13.102,8.56264,8.5643,1.00,1.00
2017.04.17 10:53:13.209,8.5625,8.56435,1.00,1.00
2017.04.17 10:53:14.026,8.56263,8.56433,1.00,1.00
2017.04.17 10:53:14.088,8.5625,8.56433,1.00,1.00
2017.04.17 10:53:14.247,8.5625,8.56436,1.00,1.00
2017.04.17 10:53:14.768,8.5625,8.56435,1.00,1.00
2017.04.17 10:53:14.992,8.56263,8.56433,1.00,1.00
2017.04.17 10:53:15.296,8.5625,8.56433,1.00,1.00
2017.04.17 10:53:15.347,8.56267,8.56476,1.00,1.00
2017.04.17 10:53:15.415,8.5625,8.56446,1.50,1.00
2017.04.17 10:53:15.777,8.56267,8.56479,1.00,1.00
2017.04.17 10:53:15.888,8.5625,8.56446,1.50,1.00
2017.04.17 10:53:16.052,8.56267,8.56479,1.00,1.00
2017.04.17 10:53:16.102,8.5625,8.56444,1.50,1.00
2017.04.17 10:53:16.419,8.56274,8.5644,1.00,1.00
2017.04.17 10:53:16.609,8.56252,8.56446,1.00,1.00
2017.04.17 10:53:17.101,8.56254,8.56446,1.00,1.00
2017.04.17 10:53:17.525,8.56274,8.56443,1.00,1.00
2017.04.17 10:53:17.677,8.56252,8.56446,1.00,1.00
2017.04.17 10:53:18.071,8.56275,8.56442,1.00,1.00
2017.04.17 10:53:18.207,8.56254,8.5644,1.00,1.00
2017.04.17 10:53:18.309,8.56252,8.56446,1.00,1.00
2017.04.17 10:53:18.387,8.56274,8.56443,1.00,1.00
2017.04.17 10:53:18.546,8.56253,8.56443,1.00,1.00
2017.04.17 10:53:18.722,8.56275,8.56442,1.00,1.00
2017.04.17 10:53:18.773,8.56255,8.56442,1.00,1.00
2017.04.17 10:53:18.922,8.56274,8.56443,1.00,1.00
2017.04.17 10:53:19.104,8.56254,8.56442,1.00,1.00
2017.04.17 10:53:19.257,8.56275,8.56438,1.00,1.00
2017.04.17 10:53:19.308,8.56275,8.56442,1.00,1.00
2017.04.17 10:53:19.439,8.56253,8.56443,1.00,1.00
2017.04.17 10:53:19.549,8.56274,8.56443,1.00,1.00
2017.04.17 10:53:20.076,8.56275,8.56442,1.00,1.00
2017.04.17 10:53:20.127,8.56252,8.56446,1.00,1.00
2017.04.17 10:53:20.212,8.56275,8.56438,1.00,1.00
2017.04.17 10:53:20.313,8.56274,8.56443,1.00,1.00
2017.04.17 10:53:20.550,8.56254,8.56442,1.00,1.00
2017.04.17 10:53:21.083,8.56274,8.56443,1.00,1.00
2017.04.17 10:53:21.167,8.56254,8.56443,1.00,1.00
2017.04.17 10:53:21.268,8.56274,8.56443,1.00,1.00
2017.04.17 10:53:21.553,8.56252,8.56446,1.00,1.00
2017.04.17 10:53:21.814,8.56274,8.56443,1.00,1.00
2017.04.17 10:53:22.114,8.56254,8.56443,1.00,1.00
2017.04.17 10:53:22.165,8.56274,8.56443,1.00,1.00
2017.04.17 10:53:22.321,8.56255,8.56442,1.00,1.00
2017.04.17 10:53:22.450,8.56253,8.56441,1.00,1.00
2017.04.17 10:53:22.507,8.56275,8.56442,1.00,1.00
2017.04.17 10:53:22.558,8.56252,8.56446,1.00,1.00
2017.04.17 10:53:22.799,8.56275,8.56442,1.00,1.00
2017.04.17 10:53:23.150,8.56254,8.56439,1.00,1.00
2017.04.17 10:53:23.224,8.56274,8.56439,1.00,1.00
2017.04.17 10:53:23.348,8.56251,8.56445,1.00,1.00
2017.04.17 10:53:23.512,8.56274,8.56437,1.00,1.00
2017.04.17 10:53:23.562,8.56251,8.56445,1.00,1.00
2017.04.17 10:53:23.797,8.56274,8.56437,1.00,1.00
2017.04.17 10:53:24.274,8.56253,8.56445,1.00,1.00
2017.04.17 10:53:24.491,8.56273,8.5644,1.00,1.00
2017.04.17 10:53:24.601,8.56252,8.56444,1.00,1.00
2017.04.17 10:53:24.847,8.56274,8.56439,1.00,1.00
2017.04.17 10:53:25.375,8.56273,8.5644,1.00,1.00
2017.04.17 10:53:25.499,8.56253,8.56445,1.00,1.00
2017.04.17 10:53:25.606,8.56273,8.5644,1.00,1.00
2017.04.17 10:53:25.717,8.56273,8.56443,1.00,1.00
2017.04.17 10:53:25.780,8.56253,8.5644,1.00,1.00
2017.04.17 10:53:25.831,8.56273,8.56443,1.00,1.00
2017.04.17 10:53:25.938,8.56254,8.56441,1.00,1.00
2017.04.17 10:53:26.441,8.56253,8.56441,1.00,1.00
2017.04.17 10:53:26.542,8.56273,8.56443,1.00,1.00
2017.04.17 10:53:26.593,8.56254,8.56441,1.00,1.00
2017.04.17 10:53:26.723,8.56273,8.56443,1.00,1.00
2017.04.17 10:53:26.940,8.56253,8.56441,1.00,1.00
2017.04.17 10:53:26.996,8.56274,8.56437,1.00,1.00
2017.04.17 10:53:27.279,8.56252,8.56445,1.00,1.00
2017.04.17 10:53:27.385,8.56273,8.56443,1.00,1.00
2017.04.17 10:53:27.487,8.56252,8.56444,1.00,1.00
2017.04.17 10:53:27.538,8.56273,8.5644,1.00,1.00
2017.04.17 10:53:27.691,8.56253,8.56445,1.00,1.00
2017.04.17 10:53:27.940,8.56274,8.56437,1.00,1.00
2017.04.17 10:53:27.997,8.56253,8.56445,1.00,1.00
2017.04.17 10:53:28.278,8.56274,8.56437,1.00,1.00
2017.04.17 10:53:28.387,8.56254,8.56444,1.00,1.00
2017.04.17 10:53:28.715,8.56273,8.5644,1.00,1.00
2017.04.17 10:53:28.817,8.56273,8.56443,1.00,1.00
2017.04.17 10:53:28.999,8.56252,8.56444,1.00,1.00
2017.04.17 10:53:29.350,8.56274,8.56437,1.00,1.00
2017.04.17 10:53:29.498,8.56253,8.56439,1.00,1.00
2017.04.17 10:53:29.606,8.56273,8.56443,1.00,1.00
2017.04.17 10:53:29.678,8.56252,8.5644,1.00,1.00
2017.04.17 10:53:29.839,8.56253,8.56445,1.00,1.00
2017.04.17 10:53:29.902,8.56274,8.56437,1.00,1.00
2017.04.17 10:53:29.953,8.56254,8.56444,1.00,1.00
2017.04.17 10:53:30.060,8.56274,8.56439,1.00,1.00
2017.04.17 10:53:30.262,8.56253,8.56439,1.00,1.00
2017.04.17 10:53:30.465,8.56273,8.56443,1.00,1.00
2017.04.17 10:53:30.607,8.56252,8.56444,1.00,1.00
2017.04.17 10:53:30.958,8.56273,8.5644,1.00,1.00
2017.04.17 10:53:31.068,8.56253,8.56445,1.00,1.00
2017.04.17 10:53:31.394,8.56276,8.56437,1.00,1.00
2017.04.17 10:53:31.453,8.56254,8.56446,1.00,1.00
2017.04.17 10:53:31.605,8.56274,8.5644,1.00,1.00
2017.04.17 10:53:31.841,8.56253,8.56443,1.00,1.00
2017.04.17 10:53:31.892,8.56252,8.56446,1.00,1.00
2017.04.17 10:53:31.993,8.56274,8.56443,1.00,1.00
2017.04.17 10:53:32.253,8.56254,8.56443,1.00,1.00
2017.04.17 10:53:32.434,8.5627,8.56433,1.00,1.00
2017.04.17 10:53:34.183,8.56251,8.56449,1.00,1.00
2017.04.17 10:53:38.629,8.56253,8.56435,1.00,1.00
2017.04.17 10:53:44.821,8.56255,8.56422,1.00,1.00
2017.04.17 10:53:45.415,8.56262,8.56423,1.00,1.00
2017.04.17 10:53:49.116,8.56272,8.56435,1.00,1.04
2017.04.17 10:53:49.268,8.5627,8.56433,1.00,1.04
2017.04.17 10:53:49.420,8.56283,8.56447,1.00,1.04
2017.04.17 10:53:49.572,8.56263,8.56452,1.00,1.04
2017.04.17 10:53:49.623,8.56269,8.56452,1.00,1.04
2017.04.17 10:53:49.803,8.56263,8.56452,1.00,1.04
2017.04.17 10:53:50.031,8.56269,8.56452,1.00,1.04
2017.04.17 10:53:50.334,8.56284,8.56448,1.00,1.04
2017.04.17 10:53:52.930,8.56282,8.56444,1.00,1.04
2017.04.17 10:53:53.668,8.56269,8.5645,1.00,1.04
2017.04.17 10:53:56.005,8.56269,8.5645,1.00,1.00
2017.04.17 10:53:59.960,8.56282,8.56444,1.00,1.00
2017.04.17 10:54:00.061,8.56279,8.56463,1.00,1.00
2017.04.17 10:54:00.647,8.56269,8.56447,1.00,1.00
2017.04.17 10:54:01.610,8.56269,8.56442,1.00,1.00
2017.04.17 10:54:01.942,8.56252,8.56414,1.00,1.00
2017.04.17 10:54:02.761,8.56252,8.56415,1.00,1.00
2017.04.17 10:54:08.716,8.56254,8.56417,1.00,1.00
2017.04.17 10:54:10.165,8.56258,8.56421,1.00,1.00
2017.04.17 10:54:15.174,8.56241,8.56404,1.00,1.00
2017.04.17 10:54:15.226,8.56231,8.56415,1.00,1.00
2017.04.17 10:54:15.277,8.56231,8.56348,1.00,1.00
2017.04.17 10:54:15.328,8.56186,8.56349,1.00,1.00
2017.04.17 10:54:15.379,8.56177,8.56385,1.00,1.00
2017.04.17 10:54:15.480,8.56177,8.56348,1.00,1.00
2017.04.17 10:54:16.300,8.56153,8.56355,1.00,1.00
2017.04.17 10:54:16.759,8.56168,8.56355,1.00,1.00
2017.04.17 10:54:19.364,8.56168,8.56339,1.00,1.00
2017.04.17 10:54:21.914,8.56148,8.56335,1.00,1.00
2017.04.17 10:54:22.883,8.56148,8.56334,1.00,1.00
2017.04.17 10:54:23.719,8.56148,8.56338,1.00,1.00
2017.04.17 10:54:25.235,8.56141,8.56331,1.00,1.00
2017.04.17 10:54:25.336,8.56084,8.56312,1.75,1.00
2017.04.17 10:54:25.387,8.56082,8.56285,1.12,1.00
2017.04.17 10:54:25.695,8.56098,8.56273,1.00,1.00
2017.04.17 10:54:26.002,8.56079,8.56252,1.00,1.00
2017.04.17 10:54:26.204,8.56048,8.56234,1.00,1.00
2017.04.17 10:54:26.305,8.56027,8.56213,1.00,1.00
2017.04.17 10:54:26.633,8.56061,8.56223,1.00,1.00
2017.04.17 10:54:26.684,8.56038,8.56225,1.00,1.00
2017.04.17 10:54:27.584,8.56044,8.56231,1.00,1.00
2017.04.17 10:54:27.888,8.56067,8.56229,1.00,1.00
2017.04.17 10:54:28.312,8.56062,8.56223,1.00,1.00
2017.04.17 10:54:31.395,8.56058,8.56222,1.00,1.00
2017.04.17 10:54:31.861,8.56052,8.56215,1.00,1.00
2017.04.17 10:54:32.114,8.56003,8.56167,1.00,1.00
2017.04.17 10:54:32.215,8.56018,8.56181,1.00,1.00
2017.04.17 10:54:32.317,8.56017,8.56222,1.00,1.00
2017.04.17 10:54:32.468,8.56023,8.56193,1.00,1.00
2017.04.17 10:54:34.642,8.56028,8.56199,1.00,1.00
2017.04.17 10:54:34.693,8.56024,8.56195,1.00,1.00
2017.04.17 10:54:38.020,8.56023,8.56194,1.00,1.00
2017.04.17 10:54:39.021,8.56023,8.56192,1.00,1.00
2017.04.17 10:54:41.314,8.56049,8.56218,1.00,1.00
2017.04.17 10:54:41.629,8.56066,8.56234,1.00,1.00
2017.04.17 10:54:42.380,8.5606,8.56229,1.00,1.00
2017.04.17 10:54:45.535,8.56063,8.56231,1.00,1.00
2017.04.17 10:54:45.820,8.56056,8.5623,1.00,1.00
2017.04.17 10:54:45.872,8.56028,8.56193,1.00,1.00
2017.04.17 10:54:45.923,8.56025,8.56193,1.00,1.00
2017.04.17 10:54:46.831,8.56019,8.56188,1.00,1.00
2017.04.17 10:54:48.128,8.56011,8.5618,1.00,1.00
2017.04.17 10:54:48.431,8.56015,8.56184,1.00,1.00
2017.04.17 10:54:48.820,8.56006,8.56174,1.00,1.00
2017.04.17 10:54:49.495,8.56005,8.56173,1.00,1.00
2017.04.17 10:54:53.096,8.56007,8.56175,1.00,1.00
2017.04.17 10:54:53.780,8.56005,8.56168,1.00,1.00
2017.04.17 10:54:54.426,8.56015,8.56178,1.00,1.00
2017.04.17 10:54:54.734,8.56007,8.5617,1.00,1.00
2017.04.17 10:54:55.440,8.56005,8.56168,1.00,1.00
2017.04.17 10:54:58.703,8.55999,8.5616,1.00,1.00
2017.04.17 10:54:58.804,8.5599,8.56153,1.00,1.00
2017.04.17 10:54:59.274,8.55984,8.56147,1.00,1.00
2017.04.17 10:54:59.881,8.5598,8.56141,1.00,1.00
2017.04.17 10:55:00.134,8.55985,8.56148,1.00,1.00
2017.04.17 10:55:00.569,8.55989,8.56155,1.00,1.00
2017.04.17 10:55:01.158,8.55985,8.56149,1.00,1.00
2017.04.17 10:55:02.407,8.55989,8.56155,1.00,1.00
2017.04.17 10:55:03.594,8.55996,8.56162,1.00,1.00
2017.04.17 10:55:03.921,8.56026,8.56192,1.00,1.00
2017.04.17 10:55:04.900,8.56027,8.56193,1.00,1.00
2017.04.17 10:55:08.080,8.56028,8.56194,1.00,1.00
2017.04.17 10:55:09.082,8.56026,8.56191,1.00,1.00
2017.04.17 10:55:15.595,8.56023,8.56186,1.00,1.00
2017.04.17 10:55:16.596,8.56022,8.56185,1.00,1.00
2017.04.17 10:55:22.516,8.56052,8.56222,1.00,1.00
2017.04.17 10:55:22.567,8.56063,8.56222,1.00,1.00
2017.04.17 10:55:22.757,8.56063,8.56224,1.00,1.00
2017.04.17 10:55:23.858,8.5606,8.56223,1.00,1.00
2017.04.17 10:55:27.519,8.56053,8.56216,1.00,1.00
2017.04.17 10:55:27.823,8.56023,8.56186,1.00,1.00
2017.04.17 10:55:30.624,8.56027,8.56195,1.00,1.00
2017.04.17 10:55:31.666,8.56024,8.56193,1.00,1.00
2017.04.17 10:55:32.290,8.5602,8.56189,1.00,1.00
2017.04.17 10:55:33.272,8.56018,8.56187,1.00,1.00
2017.04.17 10:55:37.861,8.5604,8.56208,1.00,1.00
2017.04.17 10:55:37.912,8.56032,8.56201,1.00,1.00
2017.04.17 10:55:38.818,8.56027,8.56196,1.00,1.00
2017.04.17 10:55:38.984,8.5601,8.56198,1.00,1.00
2017.04.17 10:55:39.909,8.56006,8.56196,1.00,1.00
2017.04.17 10:55:40.704,8.56032,8.56218,1.00,1.00
2017.04.17 10:55:40.755,8.56033,8.5623,1.00,1.00
2017.04.17 10:55:40.806,8.56021,8.56211,1.00,1.00
2017.04.17 10:55:41.424,8.56022,8.56211,1.00,1.00
2017.04.17 10:55:41.800,8.56025,8.56215,1.00,1.00
2017.04.17 10:55:45.655,8.56024,8.56212,1.00,1.00
2017.04.17 10:55:45.931,8.56022,8.56207,1.00,1.00
2017.04.17 10:55:45.982,8.56005,8.56191,1.00,1.00
2017.04.17 10:55:46.185,8.56005,8.56184,1.00,1.00
2017.04.17 10:55:46.438,8.55984,8.56172,1.00,1.00
2017.04.17 10:55:46.970,8.55989,8.56176,1.00,1.00
2017.04.17 10:55:47.021,8.55998,8.56186,1.00,1.00
2017.04.17 10:55:47.444,8.55991,8.56177,1.00,1.00
2017.04.17 10:55:50.593,8.55991,8.5616,1.00,1.00
2017.04.17 10:55:51.568,8.55991,8.56156,1.00,1.00
2017.04.17 10:55:51.930,8.55991,8.56151,1.00,1.00
2017.04.17 10:55:52.677,8.55968,8.56151,1.00,1.00
2017.04.17 10:55:53.359,8.55968,8.5615,1.00,1.00
2017.04.17 10:55:53.930,8.55968,8.56155,1.00,1.00
2017.04.17 10:56:00.684,8.55968,8.56144,1.00,1.00
2017.04.17 10:56:04.036,8.55973,8.56152,1.00,1.00
2017.04.17 10:56:04.088,8.55995,8.56173,1.00,1.00
2017.04.17 10:56:04.869,8.55999,8.56173,1.00,1.00
2017.04.17 10:56:06.401,8.56004,8.56184,1.00,1.00
2017.04.17 10:56:08.206,8.56006,8.56184,1.00,1.00
2017.04.17 10:56:08.929,8.56003,8.56185,1.00,1.00
2017.04.17 10:56:12.523,8.56008,8.56189,1.00,1.00
2017.04.17 10:56:15.714,8.56009,8.56181,1.00,1.00
2017.04.17 10:56:16.716,8.5601,8.56184,1.00,1.00
2017.04.17 10:56:19.353,8.56006,8.56231,1.00,1.00
2017.04.17 10:56:20.463,8.56007,8.56231,1.00,1.00
2017.04.17 10:56:22.901,8.56011,8.562,1.00,1.00
2017.04.17 10:56:23.904,8.56012,8.56201,1.00,1.00
2017.04.17 10:56:25.192,8.56014,8.56201,1.00,1.00
2017.04.17 10:56:28.175,8.5601,8.56231,1.00,1.00
2017.04.17 10:56:30.179,8.56015,8.56195,1.00,1.00
2017.04.17 10:56:31.180,8.56013,8.56192,1.00,1.00
2017.04.17 10:56:38.260,8.56015,8.56195,1.00,1.00
2017.04.17 10:56:38.989,8.56013,8.56196,1.00,1.00
2017.04.17 10:56:44.566,8.56004,8.56189,1.00,1.00
2017.04.17 10:56:47.515,8.55999,8.56226,1.00,1.00
2017.04.17 10:56:47.666,8.56004,8.56187,1.00,1.00
2017.04.17 10:56:53.290,8.56002,8.56186,1.00,1.00
2017.04.17 10:56:54.019,8.55999,8.56176,1.00,1.00
2017.04.17 10:56:56.571,8.55999,8.56169,1.00,1.00
2017.04.17 10:57:00.242,8.55999,8.56166,1.00,1.00
2017.04.17 10:57:00.804,8.55999,8.56176,1.00,1.00
2017.04.17 10:57:02.539,8.55999,8.56159,1.00,1.00
2017.04.17 10:57:02.590,8.55988,8.5617,1.00,1.00
2017.04.17 10:57:03.098,8.55989,8.5617,1.00,1.00
2017.04.17 10:57:09.050,8.55989,8.56176,1.50,1.00
2017.04.17 10:57:10.170,8.56001,8.56186,1.00,1.00
2017.04.17 10:57:10.692,8.55997,8.56182,1.00,1.00
2017.04.17 10:57:11.151,8.55993,8.56178,1.00,1.00
2017.04.17 10:57:12.026,8.56,8.56188,1.00,1.00
2017.04.17 10:57:12.524,8.56004,8.56192,1.00,1.00
2017.04.17 10:57:15.878,8.56004,8.56197,1.00,1.00
2017.04.17 10:57:16.565,8.56,8.56193,1.00,1.00
2017.04.17 10:57:23.349,8.56004,8.56195,1.00,1.00
2017.04.17 10:57:24.079,8.5601,8.56182,1.00,1.00
2017.04.17 10:57:27.090,8.56021,8.56193,1.00,1.00
2017.04.17 10:57:27.392,8.56014,8.56186,1.00,1.00
2017.04.17 10:57:28.088,8.56013,8.56183,1.00,1.00
2017.04.17 10:57:30.826,8.56013,8.56178,1.00,1.00
2017.04.17 10:57:30.877,8.56013,8.56189,1.00,1.00
2017.04.17 10:57:39.109,8.56013,8.56178,1.00,1.00
2017.04.17 10:57:40.744,8.56013,8.56169,1.00,1.00
2017.04.17 10:57:40.795,8.55995,8.56169,1.00,1.00
2017.04.17 10:57:41.197,8.55996,8.56174,1.00,1.00
2017.04.17 10:57:41.701,8.56001,8.56179,1.00,1.00
2017.04.17 10:57:42.015,8.56004,8.562,1.00,1.00
2017.04.17 10:57:43.511,8.56008,8.56204,1.00,1.00
2017.04.17 10:57:46.624,8.5601,8.56204,1.00,1.00
2017.04.17 10:57:54.140,8.56006,8.56188,1.00,1.00
2017.04.17 10:57:54.652,8.56001,8.56183,1.00,1.00
2017.04.17 10:57:58.153,8.56,8.56183,1.00,1.00
2017.04.17 10:58:00.924,8.56002,8.56173,1.00,1.00
2017.04.17 10:58:02.677,8.55995,8.56226,1.50,1.04
2017.04.17 10:58:02.778,8.56005,8.56187,1.00,1.00
2017.04.17 10:58:05.029,8.56003,8.5617,1.00,1.00
2017.04.17 10:58:05.354,8.56005,8.56189,1.00,1.00
2017.04.17 10:58:07.752,8.55997,8.56166,1.00,1.00
2017.04.17 10:58:07.853,8.56008,8.56182,1.00,1.00
2017.04.17 10:58:09.533,8.56003,8.5622,1.00,1.00
2017.04.17 10:58:10.275,8.56007,8.56185,1.00,1.00
2017.04.17 10:58:10.427,8.56012,8.56221,1.00,1.00
2017.04.17 10:58:10.578,8.56012,8.56227,1.00,1.00
2017.04.17 10:58:15.494,8.56007,8.56227,1.00,1.50
2017.04.17 10:58:16.494,8.56008,8.56225,1.00,1.00
2017.04.17 10:58:23.469,8.56007,8.56224,1.00,1.00
2017.04.17 10:58:24.200,8.5602,8.56221,1.00,1.00
2017.04.17 10:58:30.484,8.56022,8.56184,1.00,1.00
2017.04.17 10:58:34.200,8.56019,8.56224,1.00,1.00
2017.04.17 10:58:35.161,8.56019,8.56227,1.00,1.00
2017.04.17 10:58:35.370,8.56023,8.56185,1.00,1.00
2017.04.17 10:58:36.072,8.55995,8.56193,1.50,1.00
2017.04.17 10:58:36.123,8.56015,8.56191,1.00,1.00
2017.04.17 10:58:36.174,8.55995,8.56216,1.00,1.00
2017.04.17 10:58:36.231,8.56015,8.56191,1.00,1.00
2017.04.17 10:58:36.282,8.56012,8.56219,1.00,1.00
2017.04.17 10:58:36.342,8.56014,8.56192,1.00,1.00
2017.04.17 10:58:36.392,8.56012,8.56219,1.00,1.00
2017.04.17 10:58:37.126,8.56014,8.56192,1.00,1.00
2017.04.17 10:58:37.354,8.55995,8.56217,1.00,1.00
2017.04.17 10:58:37.508,8.56012,8.56214,1.00,1.00
2017.04.17 10:58:38.281,8.56015,8.56218,1.00,1.00
2017.04.17 10:58:39.202,8.56018,8.56221,1.00,1.00
2017.04.17 10:58:39.561,8.56023,8.56221,1.00,1.00
2017.04.17 10:58:39.764,8.55996,8.56221,1.00,1.00
2017.04.17 10:58:40.767,8.55999,8.56221,1.00,1.00
2017.04.17 10:58:44.604,8.55997,8.56231,1.00,1.00
2017.04.17 10:58:44.655,8.56022,8.56228,1.00,1.00
2017.04.17 10:58:45.390,8.56028,8.56193,1.00,1.00
2017.04.17 10:58:45.561,8.5601,8.56198,1.00,1.00
2017.04.17 10:58:45.741,8.56025,8.56227,1.00,1.00
2017.04.17 10:58:45.822,8.56026,8.56196,1.00,1.00
2017.04.17 10:58:46.532,8.56025,8.56227,1.00,1.00
2017.04.17 10:58:46.583,8.56049,8.56238,1.00,1.00
2017.04.17 10:58:46.633,8.56025,8.56238,1.50,1.00
2017.04.17 10:58:46.684,8.56043,8.56212,1.00,1.00
2017.04.17 10:58:46.836,8.56038,8.56243,1.00,1.00
2017.04.17 10:58:46.937,8.56029,8.5621,1.00,1.00
2017.04.17 10:58:47.841,8.56029,8.56207,1.00,1.00
2017.04.17 10:58:48.183,8.56029,8.562,1.00,1.00
2017.04.17 10:58:48.580,8.56029,8.56238,1.00,1.00
2017.04.17 10:58:48.631,8.56029,8.56208,1.00,1.00
2017.04.17 10:58:48.778,8.56029,8.56244,1.00,1.03
2017.04.17 10:58:48.997,8.56029,8.56208,1.00,1.00
2017.04.17 10:58:49.179,8.56029,8.56244,1.00,1.03
2017.04.17 10:58:49.280,8.56029,8.56209,1.00,1.00
2017.04.17 10:58:49.578,8.56029,8.56243,1.00,1.03
2017.04.17 10:58:49.629,8.56029,8.56209,1.00,1.00
2017.04.17 10:58:50.282,8.56029,8.56241,1.00,1.03
2017.04.17 10:58:50.384,8.56029,8.56205,1.00,1.00
2017.04.17 10:58:50.528,8.56029,8.5624,1.00,1.03
2017.04.17 10:58:50.636,8.56029,8.56203,1.00,1.00
2017.04.17 10:58:50.779,8.56029,8.56239,1.00,1.03
2017.04.17 10:58:52.983,8.56029,8.56243,1.00,1.03
2017.04.17 10:58:55.731,8.56029,8.56242,1.00,1.00
2017.04.17 10:58:56.123,8.56029,8.56211,1.00,1.00
2017.04.17 10:59:08.560,8.56029,8.56214,1.00,1.00
2017.04.17 10:59:20.113,8.56047,8.5624,1.00,1.00
2017.04.17 10:59:20.971,8.56052,8.56245,1.00,1.00
2017.04.17 10:59:23.589,8.56055,8.56248,1.00,1.00
2017.04.17 10:59:24.592,8.56056,8.5625,1.00,1.00
2017.04.17 10:59:25.502,8.56047,8.56243,1.00,1.00
2017.04.17 10:59:26.455,8.56052,8.56248,1.00,1.00
2017.04.17 10:59:31.104,8.56051,8.56251,1.00,1.00
2017.04.17 10:59:31.213,8.56057,8.56254,1.00,1.00
2017.04.17 10:59:32.191,8.56054,8.56254,1.00,1.00
2017.04.17 10:59:33.831,8.56052,8.5625,1.00,1.00
2017.04.17 10:59:38.620,8.56054,8.56254,1.00,1.00
2017.04.17 10:59:41.154,8.56048,8.56246,1.00,1.00
2017.04.17 10:59:41.739,8.56043,8.5624,1.00,1.00
2017.04.17 10:59:44.842,8.56046,8.56246,1.00,1.00
2017.04.17 10:59:44.893,8.56051,8.56251,1.00,1.00
2017.04.17 10:59:46.840,8.5608,8.56271,1.00,1.00
2017.04.17 10:59:47.016,8.56089,8.56289,1.00,1.00
2017.04.17 10:59:47.067,8.56098,8.56297,1.00,1.00
2017.04.17 10:59:48.032,8.56103,8.56302,1.00,1.00
2017.04.17 10:59:51.305,8.5612,8.56319,1.00,1.00
2017.04.17 10:59:51.647,8.56126,8.56324,1.00,1.00
2017.04.17 10:59:52.407,8.56127,8.56326,1.00,1.00
2017.04.17 10:59:52.550,8.56121,8.56321,1.50,1.00
2017.04.17 10:59:53.650,8.56123,8.56322,1.00,1.00
2017.04.17 10:59:54.380,8.56121,8.56323,1.00,1.00
2017.04.17 10:59:58.113,8.56121,8.56325,1.00,1.00
