2010.06.29 14:00:00.015,6.4928,6.4992,1.00,1.00
2010.06.29 14:00:00.226,6.4927,6.4991,1.00,1.00
2010.06.29 14:00:00.765,6.495,6.50055,1.00,1.00
2010.06.29 14:00:01.329,6.49655,6.50055,1.60,1.00
2010.06.29 14:00:01.682,6.4972,6.5037,1.00,1.00
2010.06.29 14:00:02.470,6.4988,6.5101,1.00,1.00
2010.06.29 14:00:02.838,6.5005,6.5101,1.00,1.00
2010.06.29 14:00:03.192,6.4988,6.51005,1.00,1.00
2010.06.29 14:00:03.539,6.4996,6.50905,1.00,1.00
2010.06.29 14:00:03.889,6.4996,6.5093,1.00,1.00
2010.06.29 14:00:04.649,6.5004,6.5105,1.00,1.00
2010.06.29 14:00:05.346,6.5001,6.5081,1.00,1.00
2010.06.29 14:00:05.909,6.4992,6.5085,1.00,1.00
2010.06.29 14:00:06.262,6.4993,6.5093,1.00,1.00
2010.06.29 14:00:06.966,6.5014,6.5094,1.00,1.00
2010.06.29 14:00:07.320,6.5013,6.5107,1.00,1.00
2010.06.29 14:00:07.668,6.5019,6.5109,1.00,1.00
2010.06.29 14:00:08.023,6.5032,6.5118,1.00,1.00
2010.06.29 14:00:08.711,6.5035,6.5109,1.00,1.00
2010.06.29 14:00:09.364,6.5037,6.5111,1.00,1.00
2010.06.29 14:00:10.031,6.5031,6.5105,1.00,1.00
2010.06.29 14:00:10.389,6.5036,6.5107,1.00,1.00
2010.06.29 14:00:10.984,6.5039,6.5109,1.00,1.00
2010.06.29 14:00:11.581,6.5037,6.50815,1.00,1.00
2010.06.29 14:00:11.931,6.50575,6.5088,1.00,1.00
2010.06.29 14:00:12.503,6.50575,6.5091,1.00,1.00
2010.06.29 14:00:13.152,6.5059,6.50915,1.00,1.00
2010.06.29 14:00:13.229,6.50625,6.5086,1.00,1.00
2010.06.29 14:00:13.579,6.50625,6.5084,1.00,1.00
2010.06.29 14:00:14.505,6.50625,6.5085,1.00,1.00
2010.06.29 14:00:14.845,6.50625,6.50855,1.00,1.00
2010.06.29 14:00:15.210,6.506,6.50855,1.00,1.00
2010.06.29 14:00:15.567,6.5058,6.50845,1.00,1.00
2010.06.29 14:00:15.948,6.5058,6.5084,1.00,1.00
2010.06.29 14:00:16.301,6.50525,6.50815,1.00,1.00
2010.06.29 14:00:16.699,6.50545,6.5079,1.00,1.00
2010.06.29 14:00:17.335,6.5058,6.5087,1.00,1.00
2010.06.29 14:00:17.678,6.50635,6.50905,1.00,1.00
2010.06.29 14:00:18.245,6.5058,6.50885,1.00,1.00
2010.06.29 14:00:18.908,6.50635,6.5084,1.00,1.00
2010.06.29 14:00:19.260,6.5068,6.50895,1.00,1.00
2010.06.29 14:00:19.797,6.50705,6.50895,1.00,1.00
2010.06.29 14:00:20.151,6.50705,6.5102,1.00,1.00
2010.06.29 14:00:20.658,6.5066,6.5093,1.00,2.40
2010.06.29 14:00:21.010,6.50565,6.5093,1.00,2.40
2010.06.29 14:00:21.663,6.50545,6.5091,1.00,2.40
2010.06.29 14:00:22.009,6.5052,6.5091,1.00,2.40
2010.06.29 14:00:22.381,6.50545,6.5091,1.00,2.40
2010.06.29 14:00:22.731,6.50565,6.50905,1.00,1.00
2010.06.29 14:00:23.914,6.5059,6.50905,1.00,1.00
2010.06.29 14:00:24.260,6.50575,6.5088,1.00,1.00
2010.06.29 14:00:24.971,6.5044,6.5097,1.00,2.40
2010.06.29 14:00:25.646,6.50425,6.50935,1.00,1.60
2010.06.29 14:00:26.061,6.50465,6.50935,1.00,1.60
2010.06.29 14:00:26.411,6.5052,6.5097,1.00,2.40
2010.06.29 14:00:27.216,6.5056,6.5097,1.00,2.40
2010.06.29 14:00:27.917,6.50535,6.5097,1.00,2.40
2010.06.29 14:00:28.200,6.5049,6.5091,1.00,1.00
2010.06.29 14:00:28.765,6.5051,6.50795,1.00,1.60
2010.06.29 14:00:29.835,6.50505,6.5077,1.00,2.50
2010.06.29 14:00:30.523,6.50385,6.5077,1.00,2.40
2010.06.29 14:00:31.157,6.50375,6.50685,1.00,1.60
2010.06.29 14:00:31.488,6.5039,6.5074,1.00,1.60
2010.06.29 14:00:31.840,6.50405,6.5074,1.00,1.60
2010.06.29 14:00:32.161,6.50465,6.5077,1.00,2.40
2010.06.29 14:00:32.849,6.5044,6.5072,1.00,1.60
2010.06.29 14:00:33.558,6.50475,6.5077,1.00,2.40
2010.06.29 14:00:34.134,6.5049,6.5072,1.00,1.60
2010.06.29 14:00:34.485,6.5049,6.50775,1.00,1.60
2010.06.29 14:00:35.124,6.5048,6.50775,1.00,1.60
2010.06.29 14:00:35.471,6.50485,6.50775,1.00,1.60
2010.06.29 14:00:36.101,6.50415,6.5072,1.00,1.60
2010.06.29 14:00:36.433,6.5049,6.5072,1.00,1.60
2010.06.29 14:00:36.822,6.5047,6.5072,1.00,1.60
2010.06.29 14:00:37.172,6.5048,6.50775,1.00,1.60
2010.06.29 14:00:37.741,6.50495,6.5072,1.00,1.60
2010.06.29 14:00:38.451,6.50455,6.5072,1.00,1.60
2010.06.29 14:00:38.805,6.5045,6.5072,1.00,1.60
2010.06.29 14:00:39.405,6.50445,6.5072,1.00,1.60
2010.06.29 14:00:39.754,6.50445,6.50775,1.00,1.60
2010.06.29 14:00:40.160,6.50525,6.50775,1.00,1.60
2010.06.29 14:00:40.522,6.5049,6.50775,1.00,1.60
2010.06.29 14:00:41.437,6.50515,6.50775,1.00,1.60
2010.06.29 14:00:41.791,6.5049,6.5072,1.00,1.60
2010.06.29 14:00:42.148,6.5049,6.50775,1.00,1.60
2010.06.29 14:00:42.501,6.50495,6.5072,1.00,1.60
2010.06.29 14:00:43.165,6.50515,6.50775,1.00,1.60
2010.06.29 14:00:43.514,6.5044,6.50825,1.00,1.60
2010.06.29 14:00:44.253,6.5041,6.50775,1.00,1.60
2010.06.29 14:00:44.882,6.5052,6.509,2.40,1.60
2010.06.29 14:00:45.539,6.50545,6.509,1.00,1.60
2010.06.29 14:00:45.882,6.5054,6.50795,2.40,1.60
2010.06.29 14:00:46.577,6.50495,6.509,1.00,4.00
2010.06.29 14:00:47.223,6.50515,6.509,1.00,1.60
2010.06.29 14:00:47.568,6.50505,6.509,1.00,1.60
2010.06.29 14:00:48.226,6.5053,6.5088,1.00,1.60
2010.06.29 14:00:48.573,6.5052,6.5088,1.00,1.60
2010.06.29 14:00:48.919,6.50535,6.5088,1.00,1.60
2010.06.29 14:00:49.277,6.505,6.50825,2.40,1.60
2010.06.29 14:00:50.299,6.5047,6.5074,1.00,1.60
2010.06.29 14:00:50.611,6.5043,6.5074,2.40,1.60
2010.06.29 14:00:51.322,6.50365,6.5072,1.00,1.60
2010.06.29 14:00:51.667,6.50375,6.5072,1.00,1.60
2010.06.29 14:00:52.053,6.50355,6.5072,1.00,1.60
2010.06.29 14:00:52.733,6.5035,6.5072,1.00,1.60
2010.06.29 14:00:53.080,6.5038,6.50775,1.00,1.60
2010.06.29 14:00:53.683,6.5043,6.50775,2.40,1.60
2010.06.29 14:00:54.690,6.5043,6.5072,2.40,1.60
2010.06.29 14:00:55.346,6.5034,6.5072,2.40,1.60
2010.06.29 14:00:55.685,6.5044,6.5072,2.40,1.60
2010.06.29 14:00:56.188,6.5044,6.50885,2.40,1.00
2010.06.29 14:00:56.539,6.5044,6.50845,2.40,1.60
2010.06.29 14:00:56.896,6.5038,6.5074,2.40,1.60
2010.06.29 14:00:57.583,6.5025,6.5063,2.40,1.60
2010.06.29 14:00:58.299,6.5025,6.50535,2.40,1.00
2010.06.29 14:00:58.871,6.5018,6.5056,2.40,1.60
2010.06.29 14:00:59.500,6.5017,6.5061,2.40,1.60
2010.06.29 14:00:59.852,6.5017,6.5056,2.40,1.60
2010.06.29 14:01:00.551,6.5017,6.5061,2.40,1.60
2010.06.29 14:01:01.923,6.5023,6.50665,2.40,1.60
2010.06.29 14:01:03.004,6.5036,6.50845,2.40,1.60
2010.06.29 14:01:03.713,6.5043,6.50845,2.40,1.60
2010.06.29 14:01:04.821,6.504,6.50775,1.00,1.60
2010.06.29 14:01:05.396,6.5038,6.50775,2.40,1.60
2010.06.29 14:01:08.368,6.5032,6.5077,2.40,2.40
2010.06.29 14:01:09.258,6.5038,6.50775,2.40,1.60
2010.06.29 14:01:11.900,6.5038,6.5079,2.40,1.00
2010.06.29 14:01:12.210,6.5034,6.5079,1.00,1.00
2010.06.29 14:01:12.878,6.5028,6.5071,2.40,1.00
2010.06.29 14:01:13.231,6.5028,6.50745,2.40,2.40
2010.06.29 14:01:13.921,6.5028,6.50745,2.40,1.60
2010.06.29 14:01:14.630,6.5028,6.5066,2.40,1.00
2010.06.29 14:01:15.139,6.5028,6.5068,2.40,1.00
2010.06.29 14:01:15.484,6.5036,6.50605,2.40,1.00
2010.06.29 14:01:15.921,6.503,6.50585,2.40,1.00
2010.06.29 14:01:16.273,6.503,6.5066,2.40,1.00
2010.06.29 14:01:16.913,6.5036,6.50715,2.40,1.00
2010.06.29 14:01:17.881,6.5036,6.50695,2.40,1.00
2010.06.29 14:01:19.146,6.5036,6.50675,2.40,1.00
2010.06.29 14:01:19.804,6.5036,6.5064,2.40,1.00
2010.06.29 14:01:20.148,6.5036,6.5066,2.40,1.00
2010.06.29 14:01:22.014,6.5036,6.50695,3.40,1.00
2010.06.29 14:01:22.976,6.5036,6.5066,2.40,1.00
2010.06.29 14:01:23.318,6.5044,6.5066,2.40,1.00
2010.06.29 14:01:23.676,6.50445,6.5082,1.00,1.60
2010.06.29 14:01:24.021,6.5053,6.5076,2.40,1.00
2010.06.29 14:01:24.701,6.5055,6.50805,2.40,1.00
2010.06.29 14:01:25.049,6.5055,6.5079,2.40,1.00
2010.06.29 14:01:26.236,6.5055,6.50785,2.40,1.00
2010.06.29 14:01:27.040,6.5055,6.5079,2.40,1.00
2010.06.29 14:01:27.351,6.5055,6.50845,2.40,1.00
2010.06.29 14:01:27.706,6.5055,6.5086,2.40,1.60
2010.06.29 14:01:28.051,6.5055,6.5088,2.40,1.00
2010.06.29 14:01:28.737,6.5055,6.5089,2.40,1.00
2010.06.29 14:01:29.388,6.5055,6.50895,2.40,1.00
2010.06.29 14:01:29.741,6.5055,6.50875,2.40,1.00
2010.06.29 14:01:30.380,6.5055,6.50885,2.40,1.00
2010.06.29 14:01:30.730,6.5055,6.50875,2.40,1.00
2010.06.29 14:01:31.426,6.5055,6.5082,2.40,1.00
2010.06.29 14:01:31.771,6.5055,6.5085,2.40,1.60
2010.06.29 14:01:32.707,6.5055,6.50845,2.40,1.00
2010.06.29 14:01:33.058,6.5055,6.5085,2.40,1.00
2010.06.29 14:01:33.426,6.5055,6.50875,2.40,1.00
2010.06.29 14:01:33.774,6.5055,6.509,2.40,1.00
2010.06.29 14:01:34.639,6.5055,6.50905,2.40,1.60
2010.06.29 14:01:35.458,6.5055,6.50815,2.40,1.60
2010.06.29 14:01:35.809,6.5055,6.5076,2.40,1.60
2010.06.29 14:01:36.514,6.5054,6.5076,1.60,1.60
2010.06.29 14:01:36.859,6.5049,6.5076,1.60,1.60
2010.06.29 14:01:38.624,6.50495,6.50705,1.60,1.60
2010.06.29 14:01:38.965,6.50445,6.50705,1.60,1.60
2010.06.29 14:01:40.596,6.50445,6.50655,1.60,1.60
2010.06.29 14:01:41.747,6.50445,6.50705,1.60,1.60
2010.06.29 14:01:42.321,6.50445,6.50655,1.60,1.60
2010.06.29 14:01:42.671,6.504,6.50655,2.40,1.60
2010.06.29 14:01:43.981,6.50445,6.50655,1.60,1.60
2010.06.29 14:01:44.958,6.5053,6.509,2.40,1.60
2010.06.29 14:01:45.653,6.5058,6.50995,2.40,1.00
2010.06.29 14:01:46.516,6.506,6.50935,2.40,1.00
2010.06.29 14:01:47.196,6.50605,6.5091,1.60,1.00
2010.06.29 14:01:47.792,6.50605,6.50915,1.60,1.60
2010.06.29 14:01:48.050,6.506,6.50915,2.40,1.60
2010.06.29 14:01:48.742,6.5056,6.5086,2.40,1.60
2010.06.29 14:01:50.760,6.50605,6.50915,1.60,1.60
2010.06.29 14:01:51.125,6.5062,6.50965,2.40,1.60
2010.06.29 14:01:51.473,6.5062,6.5088,2.40,1.60
2010.06.29 14:01:52.451,6.5062,6.50935,2.40,1.60
2010.06.29 14:01:55.678,6.50605,6.509,1.60,1.00
2010.06.29 14:01:56.026,6.5061,6.50855,1.60,1.60
2010.06.29 14:01:58.167,6.5057,6.50825,2.40,1.60
2010.06.29 14:02:03.022,6.50555,6.50825,1.60,1.60
2010.06.29 14:02:03.668,6.5054,6.50795,1.00,1.60
2010.06.29 14:02:04.010,6.50355,6.507,1.00,1.60
2010.06.29 14:02:04.345,6.50285,6.50645,1.00,1.60
2010.06.29 14:02:04.715,6.50295,6.50645,1.00,1.60
2010.06.29 14:02:05.067,6.5029,6.50625,1.00,1.60
2010.06.29 14:02:06.007,6.5038,6.50625,1.00,1.60
2010.06.29 14:02:06.347,6.5033,6.5061,1.00,1.60
2010.06.29 14:02:06.708,6.50245,6.5061,1.00,1.60
2010.06.29 14:02:07.597,6.50265,6.5057,1.00,1.00
2010.06.29 14:02:07.916,6.50265,6.5058,1.00,1.00
2010.06.29 14:02:08.461,6.50265,6.5059,1.00,1.00
2010.06.29 14:02:08.792,6.50285,6.5059,1.00,1.00
2010.06.29 14:02:09.268,6.50285,6.5054,1.00,1.00
2010.06.29 14:02:09.624,6.5021,6.5053,1.00,1.00
2010.06.29 14:02:10.078,6.50195,6.5055,1.00,1.00
2010.06.29 14:02:10.435,6.5021,6.50495,2.40,1.00
2010.06.29 14:02:11.043,6.50155,6.5045,1.00,1.60
2010.06.29 14:02:11.392,6.5015,6.50445,2.40,1.00
2010.06.29 14:02:13.397,6.5015,6.50425,2.40,1.00
2010.06.29 14:02:14.516,6.5015,6.50395,2.40,1.60
2010.06.29 14:02:15.265,6.501,6.50395,1.10,1.60
2010.06.29 14:02:15.571,6.5006,6.5032,2.40,1.00
2010.06.29 14:02:16.243,6.5006,6.5029,2.40,1.60
2010.06.29 14:02:16.666,6.5002,6.5029,1.00,1.60
2010.06.29 14:02:17.012,6.50085,6.5037,1.60,1.00
2010.06.29 14:02:17.642,6.5009,6.50395,1.00,2.40
2010.06.29 14:02:18.969,6.5007,6.5037,1.00,1.00
2010.06.29 14:02:19.771,6.5012,6.5042,1.00,1.00
2010.06.29 14:02:20.118,6.5012,6.50425,1.00,1.00
2010.06.29 14:02:20.875,6.5012,6.50425,1.00,1.00
2010.06.29 14:02:21.481,6.50145,6.50445,1.00,1.00
2010.06.29 14:02:21.819,6.5015,6.50445,2.40,1.00
2010.06.29 14:02:22.146,6.5015,6.50445,2.50,1.00
2010.06.29 14:02:23.108,6.5018,6.5048,1.00,1.00
2010.06.29 14:02:23.805,6.5018,6.5047,1.00,1.00
2010.06.29 14:02:24.154,6.5019,6.5049,1.00,1.60
2010.06.29 14:02:24.772,6.50195,6.5049,1.60,1.00
2010.06.29 14:02:25.137,6.5018,6.5047,1.00,1.00
2010.06.29 14:02:26.482,6.50245,6.5055,1.00,1.00
2010.06.29 14:02:26.823,6.5026,6.5053,2.40,1.00
2010.06.29 14:02:27.986,6.5028,6.50585,1.00,1.00
2010.06.29 14:02:28.332,6.503,6.50585,1.60,1.00
2010.06.29 14:02:28.694,6.5033,6.5061,2.40,1.60
2010.06.29 14:02:29.805,6.50335,6.5064,1.00,1.00
2010.06.29 14:02:30.364,6.50335,6.5064,1.00,1.00
2010.06.29 14:02:30.710,6.5036,6.5066,1.00,2.40
2010.06.29 14:02:31.060,6.50335,6.5064,1.00,1.00
2010.06.29 14:02:31.746,6.50335,6.5064,1.00,1.00
2010.06.29 14:02:32.440,6.50335,6.5064,1.00,1.00
2010.06.29 14:02:32.791,6.5033,6.506,2.40,1.00
2010.06.29 14:02:34.164,6.5033,6.5058,2.40,1.00
2010.06.29 14:02:34.513,6.5026,6.50555,2.50,1.60
2010.06.29 14:02:34.863,6.5026,6.5053,2.40,1.00
2010.06.29 14:02:35.583,6.503,6.50555,1.00,1.60
2010.06.29 14:02:36.244,6.503,6.50585,1.60,1.00
2010.06.29 14:02:36.593,6.5036,6.50555,1.60,1.60
2010.06.29 14:02:37.330,6.5033,6.50555,2.40,1.60
2010.06.29 14:02:39.380,6.50415,6.5061,1.60,1.60
2010.06.29 14:02:39.726,6.5036,6.5061,1.60,1.60
2010.06.29 14:02:40.119,6.5036,6.5059,1.60,1.00
2010.06.29 14:02:40.475,6.5036,6.50555,1.60,1.60
2010.06.29 14:02:41.169,6.5033,6.50555,2.40,1.60
2010.06.29 14:02:41.835,6.504,6.5061,2.40,1.60
2010.06.29 14:02:42.183,6.504,6.5067,2.40,1.00
2010.06.29 14:02:42.684,6.504,6.50675,2.40,1.60
2010.06.29 14:02:43.050,6.5032,6.50625,1.00,1.00
2010.06.29 14:02:43.706,6.5031,6.50625,2.40,1.00
2010.06.29 14:02:44.052,6.5033,6.5066,1.00,1.00
2010.06.29 14:02:44.397,6.5034,6.5066,1.00,1.00
2010.06.29 14:02:45.091,6.5034,6.5066,1.00,1.00
2010.06.29 14:02:45.449,6.504,6.5068,2.40,1.00
2010.06.29 14:02:45.997,6.504,6.5067,2.40,1.00
2010.06.29 14:02:46.272,6.504,6.5067,2.40,1.00
2010.06.29 14:02:47.226,6.5034,6.50605,2.40,1.00
2010.06.29 14:02:47.867,6.5034,6.5062,2.40,1.60
2010.06.29 14:02:48.211,6.5034,6.5061,2.40,1.00
2010.06.29 14:02:48.941,6.5034,6.506,2.40,1.00
2010.06.29 14:02:49.292,6.5034,6.50625,2.40,1.00
2010.06.29 14:02:51.455,6.50345,6.50645,1.00,1.00
2010.06.29 14:02:52.120,6.5034,6.506,2.40,1.60
2010.06.29 14:02:52.711,6.5034,6.50535,2.40,1.60
2010.06.29 14:02:53.009,6.50475,6.5059,1.60,1.60
2010.06.29 14:02:53.368,6.50525,6.5077,1.60,1.60
2010.06.29 14:02:53.745,6.50525,6.5082,1.60,1.70
2010.06.29 14:02:54.092,6.506,6.5082,1.60,1.60
2010.06.29 14:02:54.489,6.50545,6.508,1.60,1.60
2010.06.29 14:02:54.835,6.5052,6.5079,2.40,1.00
2010.06.29 14:02:55.655,6.5052,6.508,2.40,1.70
2010.06.29 14:02:56.610,6.505,6.50715,1.00,1.60
2010.06.29 14:02:56.876,6.5044,6.50715,1.60,1.60
2010.06.29 14:02:57.561,6.50525,6.50735,1.60,1.00
2010.06.29 14:02:58.154,6.50625,6.5079,1.60,1.00
2010.06.29 14:02:58.500,6.50625,6.50815,1.60,1.60
2010.06.29 14:02:59.471,6.50695,6.5087,1.60,1.60
2010.06.29 14:03:00.171,6.506,6.5087,1.60,1.60
2010.06.29 14:03:00.521,6.506,6.50835,1.60,1.60
2010.06.29 14:03:02.424,6.5068,6.50835,1.60,1.60
2010.06.29 14:03:02.802,6.50735,6.5087,1.60,1.60
2010.06.29 14:03:03.122,6.50735,6.5092,1.60,1.60
2010.06.29 14:03:03.794,6.5068,6.5092,1.60,1.60
2010.06.29 14:03:04.136,6.50735,6.5092,1.60,1.60
2010.06.29 14:03:05.841,6.5068,6.5087,1.60,1.60
2010.06.29 14:03:06.873,6.5068,6.5092,1.60,1.60
2010.06.29 14:03:07.514,6.5068,6.5087,1.60,1.60
2010.06.29 14:03:07.903,6.5063,6.5087,2.40,1.60
2010.06.29 14:03:08.774,6.5063,6.5089,2.40,1.00
2010.06.29 14:03:09.044,6.5072,6.50915,1.00,1.60
2010.06.29 14:03:09.395,6.507,6.50915,1.00,1.60
2010.06.29 14:03:09.662,6.5074,6.5104,1.60,1.70
2010.06.29 14:03:10.541,6.5079,6.5104,1.00,1.60
2010.06.29 14:03:11.273,6.5082,6.5114,1.00,1.00
2010.06.29 14:03:11.625,6.50865,6.5114,1.60,1.00
2010.06.29 14:03:11.972,6.5087,6.51145,1.00,1.60
2010.06.29 14:03:12.681,6.5092,6.5118,1.60,1.60
2010.06.29 14:03:13.518,6.50975,6.51235,1.60,1.60
2010.06.29 14:03:15.282,6.5098,6.51235,2.40,1.60
2010.06.29 14:03:15.955,6.5098,6.51235,2.40,1.60
2010.06.29 14:03:16.936,6.5094,6.5118,1.00,1.60
2010.06.29 14:03:17.276,6.5095,6.51235,1.00,1.60
2010.06.29 14:03:17.641,6.5095,6.5118,1.00,1.60
2010.06.29 14:03:18.337,6.5092,6.5118,4.00,1.60
2010.06.29 14:03:18.691,6.50865,6.51125,1.60,1.60
2010.06.29 14:03:23.030,6.50875,6.51135,1.60,1.60
2010.06.29 14:03:23.737,6.5093,6.5119,1.60,1.60
2010.06.29 14:03:24.064,6.5095,6.5124,1.00,1.60
2010.06.29 14:03:24.755,6.5093,6.5123,1.70,1.00
2010.06.29 14:03:25.115,6.5094,6.5124,1.00,1.70
2010.06.29 14:03:25.462,6.5095,6.5119,1.00,1.60
2010.06.29 14:03:25.808,6.5092,6.5119,3.40,1.60
2010.06.29 14:03:26.169,6.5092,6.5119,2.40,1.60
2010.06.29 14:03:27.068,6.5093,6.512,1.60,1.00
2010.06.29 14:03:27.376,6.5094,6.5124,1.00,1.70
2010.06.29 14:03:28.079,6.5093,6.5119,1.60,1.60
2010.06.29 14:03:30.828,6.5093,6.5123,1.70,1.00
2010.06.29 14:03:31.349,6.5098,6.5124,1.60,1.70
2010.06.29 14:03:32.209,6.51035,6.5128,1.60,1.00
2010.06.29 14:03:32.949,6.5099,6.5128,1.00,1.00
2010.06.29 14:03:34.317,6.5099,6.5124,1.00,1.60
2010.06.29 14:03:34.674,6.5098,6.5124,2.60,1.60
2010.06.29 14:03:37.298,6.5098,6.5119,1.00,1.60
2010.06.29 14:03:37.654,6.5097,6.5124,2.40,1.70
2010.06.29 14:03:38.000,6.5097,6.5119,2.40,1.60
2010.06.29 14:03:40.928,6.5097,6.51135,2.40,1.60
2010.06.29 14:03:41.280,6.5097,6.5123,2.40,1.00
2010.06.29 14:03:41.630,6.5097,6.5124,2.40,1.70
2010.06.29 14:03:42.958,6.5097,6.5119,2.40,1.60
2010.06.29 14:03:43.673,6.5097,6.5124,2.40,1.60
2010.06.29 14:03:44.380,6.5098,6.5124,1.60,1.60
2010.06.29 14:03:45.352,6.5098,6.5124,1.70,1.60
2010.06.29 14:03:45.720,6.5106,6.51295,2.50,1.60
2010.06.29 14:03:46.052,6.5107,6.5133,1.60,1.00
2010.06.29 14:03:46.370,6.5107,6.5135,1.70,1.60
2010.06.29 14:03:47.654,6.5109,6.5135,1.60,1.60
2010.06.29 14:03:48.030,6.5109,6.5135,1.70,1.60
2010.06.29 14:03:48.381,6.5109,6.5135,1.60,1.60
2010.06.29 14:03:49.050,6.5108,6.51295,2.40,1.60
2010.06.29 14:03:49.403,6.5108,6.5133,2.40,1.00
2010.06.29 14:03:50.075,6.5108,6.51295,2.40,1.60
2010.06.29 14:03:50.428,6.5102,6.5124,1.00,1.60
2010.06.29 14:03:50.942,6.5101,6.5124,1.00,1.60
2010.06.29 14:03:51.199,6.51035,6.5128,1.60,1.00
2010.06.29 14:03:51.457,6.51,6.5128,1.00,1.00
2010.06.29 14:03:52.162,6.51035,6.5129,1.60,1.00
2010.06.29 14:03:52.931,6.5101,6.5129,1.00,1.00
2010.06.29 14:03:53.561,6.51035,6.5129,1.60,1.00
2010.06.29 14:03:53.896,6.5106,6.5134,1.00,1.00
2010.06.29 14:03:54.777,6.51035,6.51295,1.60,1.60
2010.06.29 14:03:55.123,6.5101,6.5124,1.00,1.60
2010.06.29 14:03:55.484,6.51,6.5128,1.00,1.00
2010.06.29 14:03:55.836,6.5101,6.5129,1.00,1.00
2010.06.29 14:03:56.501,6.5099,6.5126,2.40,1.00
2010.06.29 14:03:56.530,6.5099,6.5124,2.40,1.60
2010.06.29 14:03:56.889,6.5107,6.51295,1.60,1.60
2010.06.29 14:03:57.542,6.5107,6.5135,1.60,1.70
2010.06.29 14:03:58.238,6.5108,6.51295,2.40,1.60
2010.06.29 14:04:01.284,6.5108,6.5129,2.40,1.00
2010.06.29 14:04:01.845,6.5108,6.5124,2.40,1.60
2010.06.29 14:04:02.118,6.51,6.5124,1.00,1.60
2010.06.29 14:04:03.038,6.5098,6.5124,1.60,1.70
2010.06.29 14:04:04.357,6.5095,6.5119,1.00,1.60
2010.06.29 14:04:05.033,6.5093,6.5119,1.70,1.60
2010.06.29 14:04:05.381,6.5093,6.5119,1.60,1.70
2010.06.29 14:04:05.680,6.5093,6.5115,1.60,1.60
2010.06.29 14:04:06.317,6.5092,6.51095,2.40,1.60
2010.06.29 14:04:06.931,6.50865,6.51095,1.60,1.60
2010.06.29 14:04:07.979,6.5092,6.5115,1.60,1.60
2010.06.29 14:04:09.026,6.5092,6.5114,1.60,1.60
2010.06.29 14:04:11.499,6.5088,6.51045,1.60,1.60
2010.06.29 14:04:12.335,6.5088,6.5099,1.60,1.60
2010.06.29 14:04:13.299,6.50935,6.51105,1.60,1.60
2010.06.29 14:04:14.037,6.50935,6.51215,1.60,1.60
2010.06.29 14:04:14.382,6.5095,6.51235,1.00,1.00
2010.06.29 14:04:15.765,6.5094,6.51215,1.00,1.00
2010.06.29 14:04:16.139,6.5095,6.512,1.00,1.60
2010.06.29 14:04:16.788,6.5095,6.51215,1.00,1.00
2010.06.29 14:04:17.093,6.50995,6.51255,1.60,1.60
2010.06.29 14:04:17.390,6.50995,6.5129,1.60,1.00
2010.06.29 14:04:18.085,6.51,6.513,1.00,1.00
2010.06.29 14:04:18.970,6.51,6.51255,1.00,1.60
2010.06.29 14:04:19.159,6.51,6.513,1.00,1.00
2010.06.29 14:04:19.709,6.50995,6.5128,1.60,1.00
2010.06.29 14:04:20.064,6.50995,6.51255,1.60,1.60
2010.06.29 14:04:22.046,6.5099,6.512,2.40,1.60
2010.06.29 14:04:23.956,6.5099,6.512,2.40,1.70
2010.06.29 14:04:25.206,6.5099,6.512,2.40,1.60
2010.06.29 14:04:26.329,6.5099,6.512,2.40,1.70
2010.06.29 14:04:26.623,6.5094,6.5115,1.60,1.60
2010.06.29 14:04:27.354,6.5094,6.512,1.60,1.70
2010.06.29 14:04:28.070,6.5091,6.512,1.00,1.70
2010.06.29 14:04:28.427,6.50885,6.5115,1.60,1.60
2010.06.29 14:04:29.111,6.5094,6.512,1.60,1.70
2010.06.29 14:04:30.139,6.509,6.5119,1.00,1.00
2010.06.29 14:04:30.792,6.5091,6.512,1.00,1.70
2010.06.29 14:04:31.142,6.509,6.5119,1.00,1.00
2010.06.29 14:04:32.320,6.50995,6.5124,1.60,1.00
2010.06.29 14:04:32.610,6.50995,6.51255,1.60,1.60
2010.06.29 14:04:33.185,6.50995,6.5125,1.60,1.00
2010.06.29 14:04:33.751,6.5098,6.5125,2.40,1.00
2010.06.29 14:04:34.093,6.5098,6.51255,2.40,1.60
2010.06.29 14:04:34.722,6.5098,6.5125,2.40,1.00
2010.06.29 14:04:35.078,6.50995,6.51255,1.60,1.60
2010.06.29 14:04:36.226,6.51,6.51255,1.00,1.60
2010.06.29 14:04:36.916,6.5098,6.5126,2.50,1.00
2010.06.29 14:04:37.256,6.50995,6.51255,1.60,1.60
2010.06.29 14:04:37.939,6.50995,6.5125,1.60,1.00
2010.06.29 14:04:38.289,6.51,6.51255,1.00,1.60
2010.06.29 14:04:38.761,6.51,6.5128,1.00,1.00
2010.06.29 14:04:39.111,6.51,6.5127,1.00,1.00
2010.06.29 14:04:39.842,6.50995,6.51265,1.60,1.60
2010.06.29 14:04:41.477,6.50995,6.5126,1.60,1.00
2010.06.29 14:04:42.029,6.50995,6.5125,1.60,1.00
2010.06.29 14:04:42.302,6.5098,6.51215,2.40,1.60
2010.06.29 14:04:42.618,6.5094,6.5121,1.60,1.00
2010.06.29 14:04:43.250,6.5094,6.51215,1.60,1.60
2010.06.29 14:04:43.920,6.5094,6.5116,1.60,1.60
2010.06.29 14:04:49.630,6.5091,6.5116,2.40,1.60
2010.06.29 14:04:50.362,6.5091,6.5114,2.40,1.00
2010.06.29 14:04:50.718,6.50885,6.51105,1.60,1.60
2010.06.29 14:04:51.069,6.50835,6.51105,1.60,1.60
2010.06.29 14:04:52.100,6.50885,6.51105,1.60,1.60
2010.06.29 14:04:53.446,6.50835,6.51105,1.60,1.60
2010.06.29 14:04:54.772,6.5086,6.51105,1.00,1.60
2010.06.29 14:04:55.123,6.50835,6.51055,2.40,1.60
2010.06.29 14:04:55.480,6.50835,6.51055,1.60,1.60
2010.06.29 14:04:55.819,6.5078,6.51055,1.60,1.60
2010.06.29 14:04:56.528,6.50835,6.5105,1.60,1.00
2010.06.29 14:04:57.199,6.5078,6.51,1.60,1.60
2010.06.29 14:04:57.550,6.5078,6.5105,1.60,1.00
2010.06.29 14:04:57.987,6.5078,6.51,1.60,1.60
2010.06.29 14:04:58.346,6.5078,6.51,1.70,1.60
2010.06.29 14:04:58.973,6.50835,6.51055,1.60,1.60
2010.06.29 14:04:59.324,6.50835,6.51095,1.60,1.60
2010.06.29 14:05:00.164,6.5086,6.51095,1.00,1.60
2010.06.29 14:05:00.615,6.5085,6.51095,2.50,1.60
2010.06.29 14:05:00.961,6.5085,6.51095,2.40,1.60
2010.06.29 14:05:01.914,6.5085,6.5114,2.50,1.00
2010.06.29 14:05:02.605,6.5086,6.5115,1.00,1.70
2010.06.29 14:05:02.955,6.5085,6.5112,2.50,1.00
2010.06.29 14:05:03.604,6.5085,6.5113,2.50,1.00
2010.06.29 14:05:03.891,6.50885,6.5114,1.60,1.00
2010.06.29 14:05:04.437,6.50885,6.5115,1.60,1.60
2010.06.29 14:05:04.674,6.5089,6.5115,1.00,1.60
2010.06.29 14:05:05.015,6.5094,6.5119,1.60,1.00
2010.06.29 14:05:05.487,6.5094,6.512,1.60,1.70
2010.06.29 14:05:05.841,6.5094,6.512,1.60,1.60
2010.06.29 14:05:06.536,6.50945,6.512,1.00,1.60
2010.06.29 14:05:07.141,6.50995,6.51255,1.60,1.60
2010.06.29 14:05:08.507,6.5107,6.51255,1.60,1.60
2010.06.29 14:05:08.861,6.51115,6.51255,1.60,1.60
2010.06.29 14:05:09.215,6.51065,6.51255,1.60,1.60
2010.06.29 14:05:09.950,6.51115,6.51255,1.60,1.60
2010.06.29 14:05:10.794,6.5117,6.5131,1.60,1.60
2010.06.29 14:05:13.515,6.5117,6.5136,1.60,1.60
2010.06.29 14:05:14.373,6.5117,6.5131,1.60,1.60
2010.06.29 14:05:15.457,6.51115,6.51255,1.60,1.60
2010.06.29 14:05:16.277,6.5117,6.5131,1.60,1.60
2010.06.29 14:05:16.823,6.51115,6.5131,1.60,1.60
2010.06.29 14:05:17.022,6.5117,6.5131,1.60,1.60
2010.06.29 14:05:18.450,6.5117,6.5136,1.60,1.60
2010.06.29 14:05:18.801,6.51225,6.5136,1.60,1.60
2010.06.29 14:05:23.921,6.51225,6.51415,1.60,1.60
2010.06.29 14:05:24.270,6.5128,6.51415,1.60,1.60
2010.06.29 14:05:25.082,6.51335,6.5147,1.60,1.60
2010.06.29 14:05:25.859,6.51385,6.51525,1.60,1.60
2010.06.29 14:05:26.406,6.51335,6.5147,1.60,1.60
2010.06.29 14:05:27.436,6.51385,6.51525,1.60,1.60
2010.06.29 14:05:28.231,6.51335,6.5147,1.60,1.60
2010.06.29 14:05:28.634,6.51385,6.51525,1.60,2.40
2010.06.29 14:05:28.981,6.51335,6.51525,1.60,1.60
2010.06.29 14:05:29.694,6.51335,6.5147,1.60,1.60
2010.06.29 14:05:31.276,6.5128,6.51415,1.60,1.60
2010.06.29 14:05:33.026,6.5123,6.51415,2.40,1.60
2010.06.29 14:05:33.968,6.51225,6.5136,1.60,1.60
2010.06.29 14:05:34.966,6.5117,6.5131,1.60,1.60
2010.06.29 14:05:38.692,6.5126,6.5146,2.40,1.00
2010.06.29 14:05:39.277,6.5121,6.5146,1.00,1.00
2010.06.29 14:05:39.638,6.5119,6.5154,2.40,1.00
2010.06.29 14:05:40.206,6.5121,6.51495,2.40,1.00
2010.06.29 14:05:40.561,6.5119,6.51485,2.40,1.00
2010.06.29 14:05:41.140,6.5119,6.515,2.40,1.00
2010.06.29 14:05:41.385,6.5119,6.5149,2.40,1.00
2010.06.29 14:05:42.928,6.5119,6.5151,2.40,1.70
2010.06.29 14:05:43.282,6.5117,6.5151,1.70,1.00
2010.06.29 14:05:43.929,6.5114,6.5147,2.50,1.00
2010.06.29 14:05:44.282,6.5116,6.51465,1.00,1.00
2010.06.29 14:05:44.979,6.512,6.5151,1.00,1.00
2010.06.29 14:05:45.674,6.51225,6.5151,1.60,1.00
2010.06.29 14:05:46.021,6.5123,6.51565,1.00,1.00
2010.06.29 14:05:46.843,6.5122,6.51545,1.00,1.00
2010.06.29 14:05:47.391,6.5122,6.5152,1.00,2.40
2010.06.29 14:05:47.745,6.512,6.5149,2.40,1.00
2010.06.29 14:05:48.737,6.5121,6.51545,1.00,1.00
2010.06.29 14:05:49.238,6.5122,6.51545,1.00,1.00
2010.06.29 14:05:50.103,6.512,6.5154,2.50,1.00
2010.06.29 14:05:50.434,6.51265,6.5151,1.00,1.00
2010.06.29 14:05:50.782,6.51335,6.5155,1.00,1.60
2010.06.29 14:05:51.140,6.5139,6.5162,2.40,1.00
2010.06.29 14:05:52.177,6.5139,6.5168,2.40,1.60
2010.06.29 14:05:53.197,6.5148,6.51715,2.40,1.00
2010.06.29 14:05:54.001,6.5141,6.51735,2.40,1.00
2010.06.29 14:05:54.372,6.5143,6.51755,2.40,1.00
2010.06.29 14:05:54.721,6.5143,6.51755,2.50,1.00
2010.06.29 14:05:56.271,6.5145,6.518,1.00,1.00
2010.06.29 14:05:56.610,6.5162,6.51845,2.40,1.00
2010.06.29 14:05:57.186,6.5162,6.51835,2.40,1.00
2010.06.29 14:05:57.531,6.5162,6.5183,2.40,1.00
2010.06.29 14:05:58.201,6.5164,6.5198,2.40,1.00
2010.06.29 14:05:58.455,6.5164,6.5196,2.40,1.00
2010.06.29 14:05:58.717,6.5164,6.51935,2.40,1.00
2010.06.29 14:06:00.320,6.5164,6.51885,2.40,1.00
2010.06.29 14:06:00.883,6.5164,6.51905,2.40,1.60
2010.06.29 14:06:01.222,6.5162,6.52,1.00,1.00
2010.06.29 14:06:01.824,6.5168,6.52,2.40,1.00
2010.06.29 14:06:02.153,6.5168,6.51975,2.40,1.00
2010.06.29 14:06:03.068,6.5168,6.51745,2.40,1.00
2010.06.29 14:06:03.420,6.5153,6.5176,1.00,1.00
2010.06.29 14:06:04.087,6.51475,6.5172,1.00,1.00
2010.06.29 14:06:04.402,6.5149,6.5176,2.40,1.00
2010.06.29 14:06:04.718,6.5159,6.5176,2.40,1.00
2010.06.29 14:06:05.361,6.5159,6.5192,2.40,1.00
2010.06.29 14:06:05.706,6.5159,6.51955,2.40,1.00
2010.06.29 14:06:06.050,6.5159,6.5196,2.40,1.00
2010.06.29 14:06:06.408,6.5159,6.5187,2.40,1.00
2010.06.29 14:06:07.047,6.51605,6.51845,1.60,1.60
2010.06.29 14:06:07.362,6.516,6.519,2.40,1.60
2010.06.29 14:06:07.742,6.5152,6.519,1.00,4.00
2010.06.29 14:06:08.095,6.5152,6.519,1.00,1.60
2010.06.29 14:06:08.733,6.5153,6.519,1.00,1.70
2010.06.29 14:06:09.626,6.5153,6.51845,1.00,1.60
2010.06.29 14:06:09.971,6.51465,6.5183,1.60,1.00
2010.06.29 14:06:10.612,6.51435,6.5184,1.00,1.70
2010.06.29 14:06:10.961,6.51465,6.51845,1.60,1.60
2010.06.29 14:06:11.906,6.51445,6.5184,1.00,1.00
2010.06.29 14:06:12.440,6.51435,6.5183,1.00,1.00
2010.06.29 14:06:12.756,6.51305,6.5174,1.00,2.40
2010.06.29 14:06:13.485,6.51305,6.5174,1.00,2.50
2010.06.29 14:06:13.832,6.5136,6.5174,2.40,1.00
2010.06.29 14:06:14.523,6.5141,6.51815,1.00,1.00
2010.06.29 14:06:14.963,6.51395,6.518,1.00,1.00
2010.06.29 14:06:15.312,6.51395,6.51705,1.60,1.60
2010.06.29 14:06:16.020,6.51395,6.51615,2.40,1.60
2010.06.29 14:06:16.839,6.5137,6.5153,1.00,1.60
2010.06.29 14:06:17.363,6.51325,6.51585,1.00,1.60
2010.06.29 14:06:17.713,6.51345,6.51585,1.00,1.60
2010.06.29 14:06:18.351,6.5143,6.5163,1.60,1.00
2010.06.29 14:06:18.705,6.51435,6.51755,1.00,1.00
2010.06.29 14:06:19.985,6.51435,6.51695,1.00,1.60
2010.06.29 14:06:20.695,6.51395,6.5162,1.00,1.60
2010.06.29 14:06:21.422,6.51395,6.51675,1.70,1.60
2010.06.29 14:06:22.855,6.514,6.51675,1.00,1.60
2010.06.29 14:06:23.200,6.5141,6.51675,1.00,1.60
2010.06.29 14:06:23.852,6.5137,6.5167,1.00,1.00
2010.06.29 14:06:25.565,6.5137,6.5167,1.00,1.00
2010.06.29 14:06:26.036,6.5138,6.5167,1.00,1.00
2010.06.29 14:06:26.383,6.51395,6.51675,1.60,1.60
2010.06.29 14:06:26.968,6.514,6.51675,1.00,1.60
2010.06.29 14:06:27.714,6.51425,6.5168,1.00,1.60
2010.06.29 14:06:28.273,6.5141,6.5162,1.00,1.60
2010.06.29 14:06:28.623,6.51395,6.51565,1.60,1.60
2010.06.29 14:06:30.375,6.51395,6.51625,1.60,1.60
2010.06.29 14:06:30.715,6.51395,6.5161,1.60,1.60
2010.06.29 14:06:33.307,6.51395,6.51585,1.60,1.60
2010.06.29 14:06:34.698,6.5135,6.51545,1.00,1.60
2010.06.29 14:06:35.055,6.51315,6.51545,1.00,1.60
2010.06.29 14:06:35.406,6.51305,6.51525,1.60,1.60
2010.06.29 14:06:35.750,6.51305,6.51585,1.60,1.60
2010.06.29 14:06:36.335,6.51305,6.5153,1.60,1.60
2010.06.29 14:06:39.383,6.5126,6.51475,1.00,1.60
2010.06.29 14:06:39.726,6.51305,6.51555,1.60,1.00
2010.06.29 14:06:40.058,6.51305,6.5158,1.70,1.00
2010.06.29 14:06:40.415,6.51315,6.5159,1.00,1.60
2010.06.29 14:06:42.232,6.5126,6.5154,2.40,1.60
2010.06.29 14:06:42.959,6.5121,6.5151,1.00,1.00
2010.06.29 14:06:43.802,6.5123,6.51495,1.00,1.60
2010.06.29 14:06:44.522,6.5126,6.51495,1.60,1.60
2010.06.29 14:06:45.550,6.5122,6.5149,1.60,1.00
2010.06.29 14:06:45.898,6.51275,6.51485,1.60,1.00
2010.06.29 14:06:46.250,6.5119,6.51485,1.00,1.00
2010.06.29 14:06:47.259,6.512,6.5149,1.00,1.00
2010.06.29 14:06:47.609,6.5121,6.5149,1.00,1.00
2010.06.29 14:06:48.639,6.512,6.5149,1.00,1.00
2010.06.29 14:06:49.178,6.51235,6.51505,1.60,1.60
2010.06.29 14:06:49.408,6.51235,6.515,1.60,1.00
2010.06.29 14:06:49.630,6.512,6.51495,1.00,1.00
2010.06.29 14:06:50.890,6.5121,6.51495,1.00,1.00
2010.06.29 14:06:51.207,6.5122,6.51495,1.00,1.00
2010.06.29 14:06:51.526,6.51235,6.51505,1.60,1.60
2010.06.29 14:06:52.463,6.5129,6.5153,1.60,1.00
2010.06.29 14:06:53.411,6.51265,6.5156,1.00,1.70
2010.06.29 14:06:53.762,6.5129,6.5155,1.60,1.00
2010.06.29 14:06:54.400,6.5125,6.5155,1.00,1.00
2010.06.29 14:06:54.751,6.5124,6.51505,1.00,1.60
2010.06.29 14:06:55.404,6.5125,6.5154,1.00,1.00
2010.06.29 14:06:55.754,6.51245,6.5153,1.00,1.00
2010.06.29 14:06:56.103,6.51245,6.51505,1.00,1.60
2010.06.29 14:06:56.456,6.51185,6.51455,1.00,1.00
2010.06.29 14:06:57.100,6.51215,6.51305,1.00,1.60
2010.06.29 14:06:57.412,6.5117,6.5136,1.00,1.60
2010.06.29 14:06:58.116,6.5117,6.51285,1.00,1.60
2010.06.29 14:06:58.461,6.51145,6.51285,1.60,1.60
2010.06.29 14:06:59.028,6.511,6.51285,1.00,1.60
2010.06.29 14:06:59.993,6.5111,6.51285,1.00,1.60
2010.06.29 14:07:00.655,6.5111,6.51235,1.00,1.60
2010.06.29 14:07:01.002,6.51145,6.51285,2.40,1.60
2010.06.29 14:07:01.679,6.51145,6.5134,2.40,1.60
2010.06.29 14:07:02.033,6.5109,6.51365,1.60,1.00
2010.06.29 14:07:02.596,6.51095,6.51385,1.60,1.00
2010.06.29 14:07:02.940,6.5107,6.51375,1.00,1.00
2010.06.29 14:07:03.313,6.5107,6.5136,1.00,1.00
2010.06.29 14:07:03.667,6.5105,6.51335,2.50,1.60
2010.06.29 14:07:04.286,6.5105,6.51335,2.40,1.60
2010.06.29 14:07:04.634,6.51075,6.51335,1.60,1.60
2010.06.29 14:07:05.008,6.51085,6.51335,1.60,1.60
2010.06.29 14:07:05.362,6.51095,6.5139,1.00,1.00
2010.06.29 14:07:05.998,6.51115,6.51395,1.00,1.00
2010.06.29 14:07:07.258,6.51085,6.51365,1.60,1.00
2010.06.29 14:07:07.559,6.51085,6.51385,1.70,1.00
2010.06.29 14:07:08.942,6.51085,6.5139,1.70,1.00
2010.06.29 14:07:09.293,6.51095,6.514,1.00,2.50
2010.06.29 14:07:09.764,6.51085,6.5139,1.00,1.00
2010.06.29 14:07:10.115,6.5109,6.5135,1.00,1.60
2010.06.29 14:07:10.621,6.5109,6.51395,1.00,1.50
2010.06.29 14:07:10.972,6.5107,6.51345,1.00,1.60
2010.06.29 14:07:11.604,6.51035,6.512,1.60,1.60
2010.06.29 14:07:13.364,6.5111,6.51305,1.00,1.60
2010.06.29 14:07:13.710,6.51145,6.51305,1.60,1.60
2010.06.29 14:07:13.979,6.5116,6.5136,1.00,1.60
2010.06.29 14:07:14.629,6.51145,6.5134,1.60,1.60
2010.06.29 14:07:14.985,6.51125,6.51285,1.00,1.60
2010.06.29 14:07:15.506,6.51085,6.51285,1.00,1.60
2010.06.29 14:07:15.850,6.5108,6.5127,1.00,1.60
2010.06.29 14:07:16.843,6.5111,6.5127,1.60,1.60
2010.06.29 14:07:18.477,6.51065,6.51195,1.00,1.60
2010.06.29 14:07:18.809,6.5107,6.51195,1.00,1.60
2010.06.29 14:07:19.198,6.51065,6.51195,1.00,1.60
2010.06.29 14:07:19.541,6.51055,6.51195,2.40,1.60
2010.06.29 14:07:19.888,6.51065,6.51195,1.00,1.60
2010.06.29 14:07:20.501,6.5106,6.51195,1.00,1.60
2010.06.29 14:07:20.857,6.5088,6.51205,1.60,1.60
2010.06.29 14:07:21.469,6.50915,6.51205,1.00,1.60
2010.06.29 14:07:21.777,6.5093,6.51205,1.00,1.60
2010.06.29 14:07:22.121,6.5093,6.512,1.00,1.00
2010.06.29 14:07:22.483,6.5093,6.51175,1.00,1.60
2010.06.29 14:07:22.832,6.5092,6.51175,1.00,1.60
2010.06.29 14:07:23.312,6.5093,6.51175,1.00,1.60
2010.06.29 14:07:23.665,6.50955,6.512,1.60,1.00
2010.06.29 14:07:25.683,6.5088,6.51125,2.40,1.60
2010.06.29 14:07:26.391,6.5083,6.51125,1.00,1.60
2010.06.29 14:07:27.054,6.5085,6.5115,1.00,1.00
2010.06.29 14:07:27.404,6.5083,6.5113,1.00,1.00
2010.06.29 14:07:28.098,6.5087,6.51175,1.00,2.40
2010.06.29 14:07:28.795,6.5087,6.51155,1.00,1.00
2010.06.29 14:07:29.142,6.5083,6.51125,1.00,1.60
2010.06.29 14:07:31.459,6.5084,6.51125,1.00,1.60
2010.06.29 14:07:32.103,6.5083,6.51125,1.00,1.60
2010.06.29 14:07:32.417,6.5083,6.5112,1.00,1.00
2010.06.29 14:07:32.760,6.5083,6.51125,1.00,1.60
2010.06.29 14:07:33.121,6.5078,6.5107,2.40,1.60
2010.06.29 14:07:33.774,6.50775,6.5107,1.00,1.60
2010.06.29 14:07:35.134,6.5078,6.5108,1.00,1.00
2010.06.29 14:07:35.477,6.5078,6.5107,1.00,1.60
2010.06.29 14:07:36.161,6.50775,6.5107,1.00,1.60
2010.06.29 14:07:36.745,6.50795,6.511,1.00,1.00
2010.06.29 14:07:37.090,6.50795,6.5111,1.00,1.00
2010.06.29 14:07:37.724,6.5082,6.5112,1.00,1.00
2010.06.29 14:07:39.299,6.50775,6.5107,1.00,1.60
2010.06.29 14:07:41.101,6.50795,6.511,1.00,1.00
2010.06.29 14:07:41.453,6.5082,6.5112,1.00,1.00
2010.06.29 14:07:47.206,6.5082,6.5112,1.00,1.00
2010.06.29 14:07:48.231,6.50795,6.511,1.00,1.00
2010.06.29 14:07:49.911,6.5082,6.5112,1.00,1.00
2010.06.29 14:07:50.232,6.5082,6.5112,1.00,1.00
2010.06.29 14:07:50.947,6.5089,6.5115,1.00,1.00
2010.06.29 14:07:51.534,6.5092,6.5115,1.70,1.00
2010.06.29 14:07:51.882,6.5092,6.51225,1.70,1.00
2010.06.29 14:07:52.232,6.5092,6.51225,1.70,1.00
2010.06.29 14:07:52.917,6.5092,6.51225,1.70,1.00
2010.06.29 14:07:53.899,6.509,6.51175,1.00,1.60
2010.06.29 14:07:55.123,6.5089,6.51175,1.00,1.60
2010.06.29 14:07:56.042,6.50885,6.51175,1.00,1.60
2010.06.29 14:07:56.301,6.5085,6.51155,2.60,1.00
2010.06.29 14:07:56.941,6.5087,6.51175,1.00,2.40
2010.06.29 14:07:58.227,6.50905,6.51205,1.00,1.00
2010.06.29 14:07:58.608,6.50925,6.5122,1.00,1.00
2010.06.29 14:07:59.451,6.5092,6.51205,1.60,1.00
2010.06.29 14:07:59.806,6.5088,6.51175,1.00,1.60
2010.06.29 14:08:00.465,6.509,6.51175,1.00,1.60
2010.06.29 14:08:00.787,6.50905,6.51205,1.00,1.00
2010.06.29 14:08:01.317,6.5092,6.51135,1.60,1.00
2010.06.29 14:08:01.652,6.50865,6.51105,1.00,1.00
2010.06.29 14:08:02.001,6.50855,6.5108,1.00,1.00
2010.06.29 14:08:02.351,6.50855,6.5107,1.00,1.00
2010.06.29 14:08:03.351,6.5086,6.5107,1.00,1.00
2010.06.29 14:08:03.703,6.50865,6.5107,1.00,1.00
2010.06.29 14:08:04.343,6.5086,6.5107,1.00,1.00
2010.06.29 14:08:04.597,6.5082,6.51145,1.00,1.00
2010.06.29 14:08:05.145,6.50835,6.51145,1.00,1.00
2010.06.29 14:08:05.499,6.5084,6.51145,1.60,1.00
2010.06.29 14:08:06.162,6.5086,6.51145,1.00,1.00
2010.06.29 14:08:06.489,6.5087,6.51145,1.00,1.00
2010.06.29 14:08:08.239,6.5084,6.51145,1.70,1.00
2010.06.29 14:08:09.597,6.5086,6.51145,1.00,1.00
2010.06.29 14:08:09.789,6.5084,6.51145,2.50,1.00
2010.06.29 14:08:11.174,6.5086,6.51145,1.00,1.00
2010.06.29 14:08:11.746,6.5084,6.51145,2.50,1.00
2010.06.29 14:08:11.989,6.5086,6.51145,1.00,1.00
2010.06.29 14:08:12.783,6.5084,6.51145,2.40,1.00
2010.06.29 14:08:13.128,6.5087,6.51145,1.00,1.00
2010.06.29 14:08:14.895,6.5088,6.51145,1.00,1.00
2010.06.29 14:08:15.235,6.5086,6.51145,1.00,1.00
2010.06.29 14:08:15.574,6.5086,6.51145,1.00,1.00
2010.06.29 14:08:16.257,6.5084,6.51145,2.50,1.00
2010.06.29 14:08:16.494,6.5086,6.51145,1.00,1.00
2010.06.29 14:08:17.413,6.5085,6.51145,1.00,1.00
2010.06.29 14:08:17.757,6.5086,6.51145,1.00,1.00
2010.06.29 14:08:18.442,6.5088,6.51145,1.00,1.00
2010.06.29 14:08:18.670,6.50895,6.5116,1.60,1.00
2010.06.29 14:08:19.091,6.5092,6.5118,1.00,1.00
2010.06.29 14:08:19.330,6.5089,6.5116,1.00,1.00
2010.06.29 14:08:19.559,6.5088,6.5114,2.50,1.00
2010.06.29 14:08:20.871,6.5089,6.5116,1.00,1.00
2010.06.29 14:08:21.429,6.5088,6.5116,2.50,1.00
2010.06.29 14:08:22.325,6.5088,6.5114,2.40,1.00
2010.06.29 14:08:23.618,6.5088,6.5116,2.50,1.00
2010.06.29 14:08:23.966,6.5089,6.5116,1.00,1.00
2010.06.29 14:08:25.563,6.5091,6.5116,1.00,1.00
2010.06.29 14:08:25.916,6.5092,6.5118,1.00,1.00
2010.06.29 14:08:27.172,6.5096,6.5123,1.00,1.00
2010.06.29 14:08:27.956,6.5099,6.51245,1.00,1.00
2010.06.29 14:08:28.256,6.5098,6.51245,1.00,1.00
2010.06.29 14:08:28.906,6.5099,6.51265,1.00,1.00
2010.06.29 14:08:29.326,6.5099,6.51245,1.00,1.00
2010.06.29 14:08:29.676,6.51,6.51245,1.00,1.00
2010.06.29 14:08:30.312,6.5099,6.51265,1.00,1.00
2010.06.29 14:08:30.657,6.5102,6.5129,1.00,1.00
2010.06.29 14:08:31.098,6.5103,6.5129,1.00,1.00
2010.06.29 14:08:31.449,6.5101,6.5129,1.00,1.00
2010.06.29 14:08:32.433,6.51005,6.5125,1.60,1.00
2010.06.29 14:08:32.772,6.5097,6.5125,1.00,1.00
2010.06.29 14:08:33.745,6.5095,6.5125,1.60,1.00
2010.06.29 14:08:34.414,6.5093,6.51215,2.50,1.00
2010.06.29 14:08:34.761,6.509,6.5119,1.00,1.00
2010.06.29 14:08:35.430,6.5089,6.5116,1.00,1.60
2010.06.29 14:08:35.775,6.5097,6.51235,1.00,1.00
2010.06.29 14:08:36.476,6.5096,6.51235,1.00,1.00
2010.06.29 14:08:37.190,6.5095,6.51235,1.70,1.00
2010.06.29 14:08:37.545,6.5093,6.51215,1.00,1.00
2010.06.29 14:08:37.904,6.5092,6.51215,1.00,1.60
2010.06.29 14:08:38.257,6.509,6.5119,1.00,1.00
2010.06.29 14:08:38.968,6.509,6.5119,1.00,1.00
2010.06.29 14:08:39.319,6.5089,6.5116,1.00,1.00
2010.06.29 14:08:40.079,6.5094,6.5121,1.00,1.00
2010.06.29 14:08:40.421,6.5095,6.5121,1.60,1.00
2010.06.29 14:08:40.959,6.51005,6.51265,1.60,1.00
2010.06.29 14:08:41.292,6.5096,6.51215,1.00,1.00
2010.06.29 14:08:43.243,6.5096,6.51235,1.00,1.60
2010.06.29 14:08:43.879,6.5096,6.51235,1.00,1.00
2010.06.29 14:08:44.844,6.5097,6.51235,1.00,1.00
2010.06.29 14:08:45.189,6.5096,6.51235,1.00,1.00
2010.06.29 14:08:45.835,6.5096,6.51235,1.00,1.00
2010.06.29 14:08:45.886,6.5097,6.51235,1.00,1.00
2010.06.29 14:08:46.229,6.5097,6.5122,1.00,1.00
2010.06.29 14:08:46.553,6.5095,6.51215,1.00,1.00
2010.06.29 14:08:47.032,6.5095,6.5119,1.00,1.00
2010.06.29 14:08:47.361,6.509,6.5116,1.00,1.00
2010.06.29 14:08:47.957,6.5088,6.51135,2.40,1.00
2010.06.29 14:08:48.253,6.5081,6.5108,1.00,1.60
2010.06.29 14:08:48.841,6.5082,6.5108,1.00,1.60
2010.06.29 14:08:49.187,6.5082,6.5108,1.00,1.60
2010.06.29 14:08:49.535,6.5081,6.51075,1.00,1.60
2010.06.29 14:08:50.497,6.5082,6.51075,1.00,1.60
2010.06.29 14:08:51.103,6.5081,6.51075,1.00,1.60
2010.06.29 14:08:51.504,6.508,6.51075,1.60,1.60
2010.06.29 14:08:52.108,6.508,6.5102,1.60,1.60
2010.06.29 14:08:53.502,6.508,6.5102,1.70,1.60
2010.06.29 14:08:53.846,6.5082,6.51075,1.00,1.60
2010.06.29 14:08:56.001,6.50905,6.5111,1.60,1.00
2010.06.29 14:08:56.657,6.50855,6.51075,1.60,1.60
2010.06.29 14:08:57.470,6.50855,6.51125,1.60,1.60
2010.06.29 14:08:57.821,6.5086,6.51125,1.00,1.60
2010.06.29 14:08:59.493,6.50905,6.5117,1.70,1.00
2010.06.29 14:08:59.817,6.50905,6.51125,1.60,1.60
2010.06.29 14:09:01.171,6.50905,6.5118,1.70,1.70
2010.06.29 14:09:01.564,6.50905,6.5118,1.60,1.70
2010.06.29 14:09:02.031,6.50905,6.51125,1.60,1.60
2010.06.29 14:09:05.065,6.50905,6.51125,1.70,1.60
2010.06.29 14:09:05.311,6.50905,6.51125,1.60,1.60
2010.06.29 14:09:06.529,6.5085,6.5112,1.00,1.00
2010.06.29 14:09:06.876,6.50855,6.51125,1.60,1.60
2010.06.29 14:09:07.220,6.50855,6.5112,1.60,1.00
2010.06.29 14:09:07.569,6.5086,6.51125,1.00,1.60
2010.06.29 14:09:07.922,6.50905,6.51125,1.60,1.60
2010.06.29 14:09:08.946,6.5087,6.51125,1.00,1.60
2010.06.29 14:09:09.538,6.5087,6.51125,1.00,1.60
2010.06.29 14:09:10.106,6.50905,6.51125,1.60,1.60
2010.06.29 14:09:10.161,6.50905,6.5118,1.60,2.40
2010.06.29 14:09:10.510,6.50905,6.5118,1.60,2.50
2010.06.29 14:09:12.268,6.5092,6.5118,1.00,1.60
2010.06.29 14:09:12.617,6.5091,6.5118,1.00,1.60
2010.06.29 14:09:13.303,6.5096,6.5118,1.60,1.60
2010.06.29 14:09:14.279,6.5096,6.5118,1.70,1.60
2010.06.29 14:09:15.152,6.51015,6.513,1.60,1.00
2010.06.29 14:09:15.761,6.51015,6.5131,1.60,2.50
2010.06.29 14:09:16.112,6.5107,6.5131,1.60,1.60
2010.06.29 14:09:17.074,6.5104,6.5129,1.00,1.60
2010.06.29 14:09:17.791,6.5105,6.5129,1.00,1.60
2010.06.29 14:09:18.731,6.5104,6.51285,1.00,1.00
2010.06.29 14:09:19.021,6.51015,6.51235,1.60,1.60
2010.06.29 14:09:20.350,6.5107,6.5129,1.60,1.60
2010.06.29 14:09:20.649,6.5104,6.5129,1.00,1.60
2010.06.29 14:09:21.278,6.5107,6.5129,1.60,1.60
2010.06.29 14:09:22.311,6.5109,6.5134,1.00,1.60
2010.06.29 14:09:22.965,6.511,6.5134,1.00,1.60
2010.06.29 14:09:23.312,6.5112,6.5134,1.70,1.60
2010.06.29 14:09:24.143,6.5112,6.5134,1.60,1.60
2010.06.29 14:09:25.105,6.511,6.5134,1.00,1.60
2010.06.29 14:09:25.445,6.5109,6.5134,1.00,1.60
2010.06.29 14:09:27.270,6.5108,6.5134,1.00,1.60
2010.06.29 14:09:27.455,6.5107,6.5129,1.70,1.60
2010.06.29 14:09:27.795,6.5107,6.5129,1.60,1.60
2010.06.29 14:09:29.539,6.5103,6.51235,1.00,1.60
2010.06.29 14:09:30.203,6.5103,6.5129,1.00,1.60
2010.06.29 14:09:30.551,6.5107,6.5129,1.60,1.60
2010.06.29 14:09:32.951,6.5107,6.5129,1.70,1.60
2010.06.29 14:09:35.531,6.5107,6.5129,1.60,1.60
2010.06.29 14:09:36.499,6.5107,6.5129,1.60,1.60
2010.06.29 14:09:36.844,6.5103,6.51235,1.00,1.60
2010.06.29 14:09:37.369,6.51015,6.51235,1.60,1.60
2010.06.29 14:09:38.394,6.51015,6.5122,1.60,1.00
2010.06.29 14:09:39.076,6.5096,6.5118,1.60,1.60
2010.06.29 14:09:39.421,6.5096,6.5118,1.70,1.60
2010.06.29 14:09:39.900,6.5097,6.5118,1.00,1.60
2010.06.29 14:09:40.254,6.5096,6.5118,1.70,1.60
2010.06.29 14:09:40.899,6.5096,6.5118,1.60,1.60
2010.06.29 14:09:41.247,6.5096,6.5118,1.70,1.60
2010.06.29 14:09:41.567,6.5097,6.5118,1.00,1.60
2010.06.29 14:09:42.563,6.5098,6.5118,1.00,1.60
2010.06.29 14:09:44.122,6.5096,6.5118,1.70,1.60
2010.06.29 14:09:44.789,6.5095,6.5118,1.00,1.60
2010.06.29 14:09:46.435,6.5095,6.51125,1.00,1.60
2010.06.29 14:09:47.530,6.5091,6.51125,1.00,1.60
2010.06.29 14:09:47.756,6.50905,6.51125,1.60,1.60
2010.06.29 14:09:49.771,6.5091,6.51125,1.00,1.60
2010.06.29 14:09:50.408,6.5092,6.51125,1.00,1.60
2010.06.29 14:09:50.743,6.5091,6.51125,1.00,1.60
2010.06.29 14:09:51.641,6.5091,6.5117,1.00,1.00
2010.06.29 14:09:51.991,6.50915,6.5114,1.00,1.60
2010.06.29 14:09:52.492,6.50915,6.51115,1.00,1.60
2010.06.29 14:09:52.799,6.50905,6.51115,1.60,1.60
2010.06.29 14:09:54.882,6.5096,6.51115,1.60,1.60
2010.06.29 14:09:55.522,6.51015,6.5117,1.60,1.60
2010.06.29 14:09:56.181,6.5086,6.5117,2.60,1.60
2010.06.29 14:09:56.880,6.509,6.5117,1.60,1.60
2010.06.29 14:09:58.569,6.50905,6.5108,1.00,1.60
2010.06.29 14:09:59.684,6.5088,6.51025,1.60,1.60
2010.06.29 14:10:02.329,6.50845,6.5097,1.00,1.60
2010.06.29 14:10:02.907,6.5083,6.5097,1.00,1.60
2010.06.29 14:10:03.250,6.50825,6.5097,1.60,1.60
2010.06.29 14:10:03.888,6.5083,6.5097,1.00,1.60
2010.06.29 14:10:04.242,6.50745,6.5093,1.60,1.60
2010.06.29 14:10:06.406,6.5079,6.50985,1.00,1.60
2010.06.29 14:10:06.795,6.50785,6.50985,1.00,1.60
2010.06.29 14:10:07.011,6.5078,6.50985,1.00,1.60
2010.06.29 14:10:07.218,6.50795,6.50985,1.60,1.60
2010.06.29 14:10:11.193,6.5079,6.50985,1.00,1.60
2010.06.29 14:10:11.986,6.50785,6.50985,1.00,1.60
2010.06.29 14:10:13.035,6.5077,6.50985,1.00,1.60
2010.06.29 14:10:13.415,6.5079,6.50985,1.00,1.60
2010.06.29 14:10:13.761,6.5078,6.50985,1.00,1.60
2010.06.29 14:10:14.412,6.5076,6.5093,1.00,1.60
2010.06.29 14:10:14.748,6.50745,6.5093,1.60,1.60
2010.06.29 14:10:18.668,6.5071,6.50875,1.00,1.60
2010.06.29 14:10:18.997,6.5069,6.50875,1.60,1.60
2010.06.29 14:10:19.416,6.5067,6.50875,1.00,1.60
2010.06.29 14:10:19.654,6.5069,6.50875,1.60,1.60
2010.06.29 14:10:20.163,6.5066,6.50875,1.00,1.60
2010.06.29 14:10:20.515,6.5059,6.5087,1.00,1.00
2010.06.29 14:10:21.178,6.50565,6.5085,1.00,1.00
2010.06.29 14:10:21.481,6.50545,6.5081,1.00,1.00
2010.06.29 14:10:24.262,6.5057,6.5084,1.00,1.00
2010.06.29 14:10:24.510,6.5057,6.5085,1.00,1.00
2010.06.29 14:10:28.091,6.50545,6.5082,1.00,1.00
2010.06.29 14:10:28.394,6.50535,6.50825,1.00,1.60
2010.06.29 14:10:28.989,6.50535,6.5081,1.00,1.00
2010.06.29 14:10:31.968,6.50535,6.508,1.00,1.00
2010.06.29 14:10:32.845,6.50495,6.5077,1.00,1.60
2010.06.29 14:10:33.435,6.50535,6.5082,1.00,1.00
2010.06.29 14:10:34.557,6.50535,6.50825,1.00,1.60
2010.06.29 14:10:35.233,6.5057,6.5084,1.00,1.00
2010.06.29 14:10:35.887,6.5059,6.5086,1.00,1.00
2010.06.29 14:10:36.228,6.5057,6.5084,1.00,1.00
2010.06.29 14:10:36.576,6.5057,6.5083,1.00,1.00
2010.06.29 14:10:36.934,6.5057,6.5084,1.00,1.00
2010.06.29 14:10:38.884,6.5062,6.509,1.00,1.00
2010.06.29 14:10:41.360,6.5062,6.5089,1.00,1.00
2010.06.29 14:10:42.251,6.5062,6.509,1.00,1.00
2010.06.29 14:10:42.492,6.5062,6.5089,1.00,1.00
2010.06.29 14:10:42.834,6.5062,6.509,1.00,1.00
2010.06.29 14:10:43.181,6.5062,6.5089,1.00,1.00
2010.06.29 14:10:43.871,6.506,6.5086,1.00,1.00
2010.06.29 14:10:44.440,6.506,6.5085,1.00,1.00
2010.06.29 14:10:45.288,6.506,6.5086,1.00,1.00
2010.06.29 14:10:46.651,6.5057,6.5086,1.00,1.00
2010.06.29 14:10:47.005,6.5059,6.5086,1.00,1.00
2010.06.29 14:10:51.903,6.5057,6.5082,1.00,1.00
2010.06.29 14:10:52.122,6.5057,6.5086,1.00,1.00
2010.06.29 14:10:52.657,6.5054,6.50845,1.00,1.00
2010.06.29 14:10:52.971,6.5054,6.50825,1.00,1.60
2010.06.29 14:10:57.463,6.5051,6.5081,1.00,1.00
2010.06.29 14:10:58.244,6.50485,6.5077,1.00,1.60
2010.06.29 14:10:59.816,6.50485,6.5077,1.00,1.70
2010.06.29 14:11:00.515,6.50465,6.50715,1.60,1.60
2010.06.29 14:11:01.002,6.50475,6.5076,1.00,1.00
2010.06.29 14:11:01.355,6.50475,6.5077,1.00,1.60
2010.06.29 14:11:02.008,6.50455,6.50755,1.00,1.00
2010.06.29 14:11:03.660,6.5043,6.50715,1.00,1.60
2010.06.29 14:11:04.485,6.50455,6.50755,1.00,1.00
2010.06.29 14:11:06.006,6.5043,6.50715,1.00,1.60
2010.06.29 14:11:06.363,6.50455,6.5076,1.00,1.00
2010.06.29 14:11:06.713,6.5043,6.50715,1.00,1.60
2010.06.29 14:11:07.380,6.5043,6.50715,1.00,1.60
2010.06.29 14:11:07.730,6.5043,6.50715,1.00,1.60
2010.06.29 14:11:08.556,6.50455,6.50745,1.00,1.00
2010.06.29 14:11:08.901,6.50455,6.50755,1.00,1.00
2010.06.29 14:11:11.268,6.50465,6.50755,1.60,1.00
2010.06.29 14:11:11.624,6.50455,6.5076,1.00,1.00
2010.06.29 14:11:11.970,6.50455,6.50715,1.00,1.60
2010.06.29 14:11:12.652,6.50475,6.5077,1.00,1.70
2010.06.29 14:11:13.611,6.50475,6.5077,1.00,1.60
2010.06.29 14:11:13.962,6.50475,6.5076,1.00,1.00
2010.06.29 14:11:14.310,6.50455,6.5076,1.00,1.00
2010.06.29 14:11:15.655,6.50455,6.5076,1.00,1.00
2010.06.29 14:11:16.001,6.5048,6.5078,1.00,1.00
2010.06.29 14:11:16.709,6.5053,6.50825,1.00,1.60
2010.06.29 14:11:18.838,6.5053,6.5082,1.00,1.00
2010.06.29 14:11:19.110,6.5049,6.5077,1.00,1.60
2010.06.29 14:11:19.722,6.50525,6.50825,1.00,1.60
2010.06.29 14:11:20.071,6.5051,6.5081,1.00,1.00
2010.06.29 14:11:23.157,6.50485,6.5077,1.00,1.60
2010.06.29 14:11:24.818,6.5051,6.5077,1.00,1.60
2010.06.29 14:11:25.139,6.50485,6.5077,1.00,1.60
2010.06.29 14:11:25.434,6.50485,6.5077,1.00,1.60
2010.06.29 14:11:25.779,6.50525,6.5077,1.00,1.60
2010.06.29 14:11:26.134,6.5052,6.508,1.60,1.00
2010.06.29 14:11:26.483,6.5051,6.5081,1.00,1.00
2010.06.29 14:11:27.029,6.5051,6.5077,1.00,1.60
2010.06.29 14:11:27.630,6.50485,6.5077,1.00,1.60
2010.06.29 14:11:29.559,6.50485,6.5077,1.00,1.70
2010.06.29 14:11:31.098,6.50455,6.5076,1.00,1.00
2010.06.29 14:11:31.452,6.50475,6.5077,1.00,1.70
2010.06.29 14:11:32.434,6.50475,6.5076,1.00,1.00
2010.06.29 14:11:32.753,6.50475,6.50765,1.00,1.00
2010.06.29 14:11:33.082,6.50475,6.5077,1.00,1.70
2010.06.29 14:11:33.393,6.50435,6.50715,1.00,1.60
2010.06.29 14:11:34.429,6.50435,6.5071,1.00,1.00
2010.06.29 14:11:35.090,6.504,6.50705,1.00,1.00
2010.06.29 14:11:35.435,6.504,6.507,1.00,1.00
2010.06.29 14:11:37.702,6.504,6.5069,1.00,1.00
2010.06.29 14:11:38.083,6.5038,6.5066,1.00,1.60
2010.06.29 14:11:41.760,6.5036,6.5061,1.60,1.60
2010.06.29 14:11:41.978,6.5033,6.5061,1.00,1.70
2010.06.29 14:11:42.545,6.5037,6.5066,1.00,1.60
2010.06.29 14:11:43.101,6.50375,6.5066,1.00,1.60
2010.06.29 14:11:43.756,6.50415,6.507,1.60,1.00
2010.06.29 14:11:44.096,6.504,6.507,1.00,1.00
2010.06.29 14:11:45.423,6.5042,6.5071,1.00,1.00
2010.06.29 14:11:46.450,6.5042,6.50715,1.00,1.60
2010.06.29 14:11:46.803,6.5047,6.5075,1.00,1.00
2010.06.29 14:11:47.430,6.5047,6.5077,1.00,1.70
2010.06.29 14:11:47.923,6.5047,6.5076,1.00,1.00
2010.06.29 14:11:49.264,6.5047,6.5075,1.00,1.00
2010.06.29 14:11:49.610,6.5047,6.5076,1.00,1.00
2010.06.29 14:11:51.669,6.5047,6.5077,1.00,1.70
2010.06.29 14:11:52.019,6.5047,6.5075,1.00,1.00
2010.06.29 14:11:52.617,6.5047,6.5076,1.00,1.00
2010.06.29 14:11:52.876,6.5047,6.5077,1.00,1.70
2010.06.29 14:11:53.138,6.50525,6.5077,1.00,1.60
2010.06.29 14:11:53.508,6.50525,6.5082,1.00,1.00
2010.06.29 14:11:53.866,6.5051,6.5081,1.00,1.00
2010.06.29 14:11:54.513,6.50505,6.508,1.00,1.00
2010.06.29 14:11:56.220,6.5051,6.5081,1.00,1.00
2010.06.29 14:11:56.811,6.50505,6.508,1.00,1.00
2010.06.29 14:11:57.138,6.50485,6.5076,1.00,1.00
2010.06.29 14:11:57.447,6.50485,6.5077,1.00,1.70
2010.06.29 14:11:58.438,6.50485,6.5076,1.00,1.00
2010.06.29 14:11:59.243,6.50505,6.5078,1.00,1.00
2010.06.29 14:11:59.592,6.50505,6.5077,1.00,1.60
2010.06.29 14:12:00.136,6.50505,6.508,1.00,1.00
2010.06.29 14:12:00.379,6.50505,6.5077,1.00,1.60
2010.06.29 14:12:00.622,6.50485,6.5077,1.00,1.60
2010.06.29 14:12:01.224,6.50485,6.5077,1.00,1.70
2010.06.29 14:12:01.575,6.50485,6.5075,1.00,1.00
2010.06.29 14:12:01.880,6.5047,6.50755,1.00,1.00
2010.06.29 14:12:02.672,6.50505,6.508,1.00,1.00
2010.06.29 14:12:02.980,6.5051,6.5081,1.00,1.00
2010.06.29 14:12:03.619,6.5053,6.5082,1.00,1.00
2010.06.29 14:12:04.267,6.5053,6.5081,1.00,1.00
2010.06.29 14:12:04.714,6.5053,6.5082,1.00,1.00
2010.06.29 14:12:07.438,6.5053,6.5081,1.00,1.00
2010.06.29 14:12:07.696,6.5058,6.5087,1.00,1.00
2010.06.29 14:12:08.850,6.5057,6.50865,1.00,1.00
2010.06.29 14:12:09.501,6.5056,6.5084,1.00,1.00
2010.06.29 14:12:09.812,6.5056,6.50825,1.00,1.60
2010.06.29 14:12:10.445,6.5056,6.5085,1.00,1.00
2010.06.29 14:12:11.102,6.5056,6.50825,1.00,1.60
2010.06.29 14:12:11.454,6.5054,6.50825,1.00,1.60
2010.06.29 14:12:12.603,6.5055,6.50825,1.00,1.60
2010.06.29 14:12:13.227,6.5052,6.5081,1.00,1.00
2010.06.29 14:12:13.939,6.5053,6.5081,1.00,1.00
2010.06.29 14:12:14.140,6.5056,6.50825,1.00,1.60
2010.06.29 14:12:14.338,6.5056,6.5085,1.00,1.00
2010.06.29 14:12:15.277,6.50575,6.50865,1.60,1.00
2010.06.29 14:12:15.789,6.5058,6.5087,1.00,1.00
2010.06.29 14:12:16.822,6.5058,6.50875,1.00,1.60
2010.06.29 14:12:17.191,6.5058,6.5087,1.00,1.00
2010.06.29 14:12:18.749,6.5056,6.5085,1.00,1.00
2010.06.29 14:12:21.001,6.5056,6.5086,1.00,1.00
2010.06.29 14:12:21.320,6.5056,6.5085,1.00,1.00
2010.06.29 14:12:21.995,6.50575,6.5086,1.60,1.00
2010.06.29 14:12:22.414,6.5058,6.5086,1.00,1.00
2010.06.29 14:12:22.683,6.5056,6.50825,1.00,1.60
2010.06.29 14:12:22.933,6.5052,6.5081,1.00,1.00
2010.06.29 14:12:23.474,6.5051,6.5081,1.00,1.00
2010.06.29 14:12:23.820,6.5052,6.5081,1.00,1.00
2010.06.29 14:12:24.542,6.50555,6.5081,1.80,1.00
2010.06.29 14:12:24.849,6.50555,6.50825,1.80,1.60
2010.06.29 14:12:25.163,6.50565,6.50825,1.50,1.60
2010.06.29 14:12:31.259,6.50565,6.50825,1.30,1.60
2010.06.29 14:12:31.901,6.50565,6.5085,1.30,1.00
2010.06.29 14:12:32.492,6.5059,6.50865,1.00,1.00
2010.06.29 14:12:32.886,6.5059,6.50875,1.00,1.60
2010.06.29 14:12:33.166,6.50645,6.50935,1.00,1.00
2010.06.29 14:12:33.716,6.50665,6.5096,1.00,1.00
2010.06.29 14:12:35.278,6.50665,6.5093,1.00,1.60
2010.06.29 14:12:35.574,6.50655,6.5092,1.00,1.00
2010.06.29 14:12:36.246,6.50645,6.5092,1.00,1.00
2010.06.29 14:12:37.270,6.50655,6.5092,1.00,1.00
2010.06.29 14:12:37.917,6.50655,6.5093,1.00,1.70
2010.06.29 14:12:38.720,6.5067,6.5097,1.00,1.00
2010.06.29 14:12:40.054,6.5069,6.5097,1.00,1.00
2010.06.29 14:12:40.871,6.5069,6.50985,1.60,1.60
2010.06.29 14:12:41.224,6.5069,6.50985,1.70,1.60
2010.06.29 14:12:41.914,6.5067,6.5097,1.00,1.00
2010.06.29 14:12:42.558,6.5069,6.50985,1.60,1.60
2010.06.29 14:12:48.345,6.5072,6.5102,1.00,1.00
2010.06.29 14:12:48.653,6.50795,6.5109,1.60,1.60
2010.06.29 14:12:51.731,6.5076,6.5102,1.00,1.00
2010.06.29 14:12:52.710,6.5076,6.51035,1.00,1.60
2010.06.29 14:12:53.212,6.5076,6.51045,1.00,1.00
2010.06.29 14:12:53.567,6.50795,6.5109,1.70,1.60
2010.06.29 14:12:53.947,6.50795,6.5109,1.70,1.70
2010.06.29 14:12:54.298,6.50795,6.5109,1.70,1.60
2010.06.29 14:12:54.990,6.5077,6.51075,1.00,1.00
2010.06.29 14:12:55.338,6.5077,6.51075,1.00,1.00
2010.06.29 14:12:55.689,6.5077,6.51075,1.00,1.00
2010.06.29 14:12:57.228,6.5077,6.5107,1.00,1.00
2010.06.29 14:12:58.029,6.5077,6.51075,1.00,1.00
2010.06.29 14:12:58.880,6.5077,6.51075,1.00,1.00
2010.06.29 14:12:59.216,6.5077,6.5107,1.00,1.00
2010.06.29 14:12:59.828,6.5076,6.51035,2.40,1.60
2010.06.29 14:13:00.172,6.5077,6.5107,1.00,1.00
2010.06.29 14:13:00.772,6.5077,6.51075,1.00,1.00
2010.06.29 14:13:01.122,6.50795,6.5109,1.70,1.60
2010.06.29 14:13:02.430,6.50795,6.51075,1.60,1.00
2010.06.29 14:13:02.768,6.5077,6.51075,1.00,1.00
2010.06.29 14:13:03.727,6.5077,6.51075,1.00,1.00
2010.06.29 14:13:04.347,6.5076,6.51035,2.40,1.60
2010.06.29 14:13:06.963,6.5072,6.51025,1.00,1.00
2010.06.29 14:13:07.924,6.50745,6.51035,1.60,1.60
2010.06.29 14:13:08.187,6.5075,6.51035,1.00,1.60
2010.06.29 14:13:08.762,6.50795,6.51065,1.60,1.00
2010.06.29 14:13:09.052,6.50795,6.5109,1.60,1.60
2010.06.29 14:13:09.749,6.5077,6.5107,1.00,1.00
2010.06.29 14:13:10.099,6.5077,6.5106,1.00,1.00
2010.06.29 14:13:10.765,6.5076,6.5102,2.40,1.00
2010.06.29 14:13:11.117,6.5072,6.5102,1.00,1.00
2010.06.29 14:13:11.459,6.5073,6.5102,1.00,1.00
2010.06.29 14:13:12.355,6.50745,6.51035,1.60,1.60
2010.06.29 14:13:14.755,6.5071,6.5097,1.00,1.00
2010.06.29 14:13:15.100,6.5072,6.5097,1.00,1.00
2010.06.29 14:13:16.341,6.50735,6.50985,1.00,1.60
2010.06.29 14:13:16.701,6.5072,6.5102,1.00,1.00
2010.06.29 14:13:17.049,6.5072,6.5101,1.00,1.00
2010.06.29 14:13:17.403,6.507,6.5099,1.00,1.00
2010.06.29 14:13:17.751,6.507,6.5097,1.00,1.00
2010.06.29 14:13:18.407,6.5071,6.50985,1.00,1.60
2010.06.29 14:13:18.751,6.5072,6.51,1.00,1.00
2010.06.29 14:13:20.452,6.5072,6.5101,1.00,1.00
2010.06.29 14:13:20.799,6.5072,6.51,1.00,1.00
2010.06.29 14:13:22.357,6.5072,6.5102,1.00,1.00
2010.06.29 14:13:22.973,6.50745,6.5102,1.60,1.00
2010.06.29 14:13:23.259,6.5077,6.5105,1.00,1.00
2010.06.29 14:13:23.600,6.5077,6.5106,1.00,1.00
2010.06.29 14:13:23.951,6.5077,6.5105,1.00,1.00
2010.06.29 14:13:24.947,6.5072,6.5102,1.00,1.00
2010.06.29 14:13:25.239,6.5073,6.5102,1.00,1.00
2010.06.29 14:13:25.835,6.50745,6.5102,1.60,1.00
2010.06.29 14:13:26.179,6.50745,6.5104,1.60,1.00
2010.06.29 14:13:26.529,6.5077,6.51075,1.00,1.00
2010.06.29 14:13:26.881,6.50795,6.51075,1.60,1.00
2010.06.29 14:13:27.229,6.50795,6.5109,1.70,1.70
2010.06.29 14:13:27.866,6.50795,6.5108,1.70,1.00
2010.06.29 14:13:28.211,6.5077,6.5106,1.00,1.00
2010.06.29 14:13:29.874,6.5077,6.51075,1.00,1.00
2010.06.29 14:13:30.927,6.5075,6.51035,1.70,1.60
2010.06.29 14:13:33.655,6.5075,6.5102,1.60,1.00
2010.06.29 14:13:34.202,6.5074,6.51035,1.00,1.60
2010.06.29 14:13:34.537,6.50725,6.5102,1.00,1.00
2010.06.29 14:13:36.704,6.5072,6.5102,1.00,1.00
2010.06.29 14:13:37.137,6.5072,6.50985,1.00,1.60
2010.06.29 14:13:39.011,6.50685,6.5093,1.00,1.60
2010.06.29 14:13:39.598,6.50675,6.50915,1.00,1.00
2010.06.29 14:13:40.676,6.50665,6.5097,1.00,1.00
2010.06.29 14:13:41.408,6.50645,6.5093,1.70,1.60
2010.06.29 14:13:43.730,6.50665,6.5097,1.00,1.00
2010.06.29 14:13:45.027,6.50665,6.5097,1.00,1.00
2010.06.29 14:13:48.108,6.50665,6.5093,1.00,1.60
2010.06.29 14:13:48.579,6.50645,6.5093,1.70,1.60
2010.06.29 14:13:49.137,6.50665,6.5093,1.00,1.60
2010.06.29 14:13:50.022,6.50645,6.50875,1.00,1.60
2010.06.29 14:13:50.369,6.50625,6.50875,1.00,1.60
2010.06.29 14:13:52.112,6.5063,6.50875,1.00,1.60
2010.06.29 14:13:52.393,6.5061,6.50915,1.00,1.00
2010.06.29 14:13:52.991,6.50625,6.50915,1.00,1.00
2010.06.29 14:13:53.269,6.5069,6.5092,1.60,1.00
2010.06.29 14:13:54.302,6.5069,6.50875,1.60,1.60
2010.06.29 14:13:54.823,6.5069,6.50925,1.60,1.00
2010.06.29 14:13:55.020,6.5069,6.5092,1.60,1.00
2010.06.29 14:13:55.530,6.5069,6.50925,1.60,1.00
2010.06.29 14:13:55.882,6.5069,6.5092,1.60,1.00
2010.06.29 14:13:56.226,6.5069,6.5093,1.60,1.70
2010.06.29 14:13:56.878,6.5069,6.50875,1.60,1.60
2010.06.29 14:13:57.829,6.5069,6.5093,1.60,1.60
2010.06.29 14:13:58.190,6.5069,6.50875,1.60,1.60
2010.06.29 14:13:59.186,6.5069,6.5093,1.60,1.60
2010.06.29 14:13:59.528,6.5065,6.5093,1.00,1.70
2010.06.29 14:13:59.882,6.5069,6.50875,1.60,1.60
2010.06.29 14:14:00.151,6.50635,6.50875,1.60,1.60
2010.06.29 14:14:00.643,6.50635,6.50825,1.60,1.60
2010.06.29 14:14:09.849,6.5069,6.50875,1.60,1.60
2010.06.29 14:14:11.706,6.5069,6.5093,1.60,1.70
2010.06.29 14:14:12.331,6.5069,6.5093,1.60,1.60
2010.06.29 14:14:13.395,6.5069,6.5093,1.60,1.60
2010.06.29 14:14:13.959,6.5069,6.5093,1.60,1.60
2010.06.29 14:14:14.218,6.50745,6.5093,1.60,1.60
2010.06.29 14:14:15.682,6.50795,6.5094,1.60,1.00
2010.06.29 14:14:16.514,6.50745,6.5094,1.60,1.00
2010.06.29 14:14:18.223,6.50705,6.50875,1.00,1.60
2010.06.29 14:14:19.036,6.5069,6.50875,1.60,1.60
2010.06.29 14:14:21.156,6.50635,6.50825,1.60,1.60
2010.06.29 14:14:24.192,6.5058,6.5077,1.00,1.60
2010.06.29 14:14:24.541,6.5053,6.50715,1.60,1.60
2010.06.29 14:14:26.182,6.50475,6.5066,1.60,1.60
2010.06.29 14:14:26.534,6.50475,6.50705,1.60,1.60
2010.06.29 14:14:26.882,6.50475,6.5072,1.60,1.00
2010.06.29 14:14:28.012,6.50475,6.50705,1.60,1.60
2010.06.29 14:14:33.062,6.5044,6.5065,1.00,1.60
2010.06.29 14:14:33.315,6.50475,6.50705,1.60,1.60
2010.06.29 14:14:35.225,6.50485,6.50705,1.60,1.60
2010.06.29 14:14:37.595,6.50535,6.5074,1.60,1.00
2010.06.29 14:14:38.026,6.50535,6.50755,1.60,1.60
2010.06.29 14:14:38.333,6.50535,6.5081,1.60,1.60
2010.06.29 14:14:38.943,6.50535,6.50755,1.60,1.60
2010.06.29 14:14:41.275,6.50485,6.50755,1.60,1.60
2010.06.29 14:14:41.602,6.5049,6.50755,1.00,1.60
2010.06.29 14:14:42.289,6.50535,6.50755,1.60,1.60
2010.06.29 14:14:43.993,6.50485,6.50755,1.60,1.60
2010.06.29 14:14:44.605,6.5049,6.50755,1.00,1.60
2010.06.29 14:14:45.875,6.50535,6.50755,1.60,1.60
2010.06.29 14:14:46.382,6.505,6.50705,1.00,1.60
2010.06.29 14:14:46.859,6.50485,6.50705,1.60,1.60
2010.06.29 14:14:49.627,6.50485,6.50695,1.60,1.00
2010.06.29 14:14:49.819,6.5043,6.50705,1.70,1.60
2010.06.29 14:14:51.074,6.5043,6.5065,1.60,1.60
2010.06.29 14:14:51.439,6.5043,6.50605,1.60,1.00
2010.06.29 14:14:51.792,6.5035,6.50525,1.00,1.60
2010.06.29 14:14:52.414,6.50325,6.50525,1.60,1.60
2010.06.29 14:14:52.751,6.50335,6.50525,1.00,1.60
2010.06.29 14:14:53.772,6.50325,6.50525,1.60,1.60
2010.06.29 14:14:54.489,6.5028,6.50525,1.00,1.60
2010.06.29 14:14:54.836,6.50285,6.50525,1.00,1.60
2010.06.29 14:14:55.181,6.5029,6.50525,1.00,1.60
2010.06.29 14:14:55.870,6.5029,6.50475,1.00,1.60
2010.06.29 14:14:56.542,6.50255,6.50475,1.60,1.60
2010.06.29 14:14:57.857,6.50255,6.50525,1.60,1.60
2010.06.29 14:14:58.195,6.50255,6.50475,1.60,1.60
2010.06.29 14:15:00.027,6.50255,6.50525,1.60,1.60
2010.06.29 14:15:00.567,6.50245,6.5052,1.60,1.00
2010.06.29 14:15:00.909,6.50245,6.50485,1.60,1.60
2010.06.29 14:15:01.345,6.503,6.50485,1.60,1.60
2010.06.29 14:15:02.392,6.50245,6.5043,1.60,1.60
2010.06.29 14:15:03.683,6.50245,6.50485,1.60,1.60
2010.06.29 14:15:04.032,6.503,6.50485,1.60,1.60
2010.06.29 14:15:05.026,6.50245,6.50485,1.60,1.60
2010.06.29 14:15:05.331,6.503,6.50485,1.60,1.60
2010.06.29 14:15:08.648,6.503,6.5043,1.60,1.60
2010.06.29 14:15:11.797,6.503,6.50485,1.60,1.60
2010.06.29 14:15:14.435,6.503,6.50555,1.60,1.60
2010.06.29 14:15:14.753,6.503,6.505,1.60,1.60
2010.06.29 14:15:15.448,6.503,6.50555,1.60,1.60
2010.06.29 14:15:16.130,6.503,6.505,1.60,1.60
2010.06.29 14:15:18.526,6.503,6.5045,1.60,1.60
2010.06.29 14:15:19.209,6.503,6.505,1.60,1.60
2010.06.29 14:15:20.066,6.503,6.50555,1.60,1.60
2010.06.29 14:15:20.747,6.503,6.50555,1.70,1.60
2010.06.29 14:15:21.573,6.503,6.50555,1.60,1.60
2010.06.29 14:15:22.235,6.503,6.505,1.60,1.60
2010.06.29 14:15:26.233,6.503,6.50525,1.60,1.60
2010.06.29 14:15:26.581,6.503,6.5051,1.60,1.60
2010.06.29 14:15:27.184,6.50355,6.5051,1.60,1.60
2010.06.29 14:15:27.468,6.50355,6.50635,1.60,1.60
2010.06.29 14:15:28.369,6.50355,6.50585,1.60,1.60
2010.06.29 14:15:29.374,6.50405,6.50615,1.60,1.60
2010.06.29 14:15:29.726,6.5046,6.5067,1.60,1.60
2010.06.29 14:15:30.089,6.50405,6.5067,1.60,1.60
2010.06.29 14:15:30.409,6.50405,6.50615,1.60,1.60
2010.06.29 14:15:31.032,6.50405,6.5067,1.60,1.60
2010.06.29 14:15:31.720,6.50405,6.50615,1.60,1.60
2010.06.29 14:15:32.354,6.50365,6.50615,1.00,1.60
2010.06.29 14:15:32.699,6.50355,6.50615,1.60,1.60
2010.06.29 14:15:33.730,6.50405,6.50615,1.60,1.60
2010.06.29 14:15:34.081,6.50355,6.50615,1.60,1.60
2010.06.29 14:15:34.439,6.50405,6.50615,1.60,1.60
2010.06.29 14:15:35.538,6.50405,6.50635,1.60,1.60
2010.06.29 14:15:37.511,6.5046,6.50685,1.60,1.60
2010.06.29 14:15:39.252,6.5046,6.5072,1.60,1.00
2010.06.29 14:15:39.608,6.5046,6.5074,1.60,1.60
2010.06.29 14:15:40.588,6.50515,6.5074,1.60,1.60
2010.06.29 14:15:42.497,6.5047,6.5074,1.00,1.60
2010.06.29 14:15:42.861,6.5046,6.5074,1.70,1.60
2010.06.29 14:15:44.851,6.5046,6.50685,1.60,1.60
2010.06.29 14:15:45.567,6.50465,6.50685,1.60,1.60
2010.06.29 14:15:50.050,6.5052,6.5074,1.60,1.60
2010.06.29 14:15:51.630,6.50465,6.50685,1.60,1.60
2010.06.29 14:15:52.322,6.5047,6.5074,1.00,1.60
2010.06.29 14:15:52.631,6.50465,6.5074,1.60,1.60
2010.06.29 14:15:53.329,6.50465,6.50685,1.60,1.60
2010.06.29 14:15:54.944,6.5052,6.5074,1.60,1.60
2010.06.29 14:15:56.499,6.50575,6.50795,1.60,1.60
2010.06.29 14:15:57.320,6.50575,6.50825,1.60,1.00
2010.06.29 14:15:57.604,6.50575,6.50795,1.60,1.60
2010.06.29 14:15:58.249,6.5053,6.50795,1.00,1.60
2010.06.29 14:15:58.867,6.50575,6.50795,1.60,1.60
2010.06.29 14:15:59.214,6.50575,6.5079,1.60,1.00
2010.06.29 14:15:59.561,6.5052,6.50795,1.70,1.60
2010.06.29 14:16:00.877,6.50575,6.50795,1.60,1.60
2010.06.29 14:16:03.022,6.5066,6.50845,1.60,1.60
2010.06.29 14:16:03.662,6.5066,6.5091,1.70,1.00
2010.06.29 14:16:06.564,6.5069,6.5091,1.00,1.00
2010.06.29 14:16:06.907,6.5069,6.5091,1.00,1.00
2010.06.29 14:16:08.660,6.50725,6.5091,1.60,1.00
2010.06.29 14:16:10.003,6.50675,6.5091,1.60,1.00
2010.06.29 14:16:11.309,6.50675,6.50885,1.60,1.60
2010.06.29 14:16:24.757,6.50675,6.5091,1.60,1.00
2010.06.29 14:16:27.522,6.50675,6.50885,1.60,1.60
2010.06.29 14:16:31.323,6.50675,6.5088,1.60,1.00
2010.06.29 14:16:31.503,6.5058,6.50795,1.00,1.60
2010.06.29 14:16:32.135,6.5057,6.5085,1.00,1.60
2010.06.29 14:16:32.481,6.50495,6.50795,1.00,1.60
2010.06.29 14:16:33.362,6.50485,6.50775,1.00,1.60
2010.06.29 14:16:34.387,6.5052,6.508,1.00,1.00
2010.06.29 14:16:34.732,6.5052,6.5082,1.00,1.00
2010.06.29 14:16:35.324,6.50495,6.508,1.00,1.00
2010.06.29 14:16:35.611,6.50515,6.5082,1.00,1.00
2010.06.29 14:16:36.581,6.5051,6.5081,1.00,1.00
2010.06.29 14:16:36.940,6.5051,6.50775,1.00,1.60
2010.06.29 14:16:37.393,6.50465,6.50765,1.00,1.00
2010.06.29 14:16:38.142,6.50455,6.50765,1.00,1.00
2010.06.29 14:16:38.493,6.50455,6.5076,1.00,1.00
2010.06.29 14:16:39.787,6.5045,6.5075,1.00,1.00
2010.06.29 14:16:40.084,6.5047,6.50775,1.00,1.00
2010.06.29 14:16:40.699,6.50445,6.5075,1.00,1.00
2010.06.29 14:16:43.817,6.50435,6.5074,1.00,1.00
2010.06.29 14:16:50.006,6.5043,6.50735,1.00,1.00
2010.06.29 14:17:02.815,6.5043,6.5071,1.00,1.60
2010.06.29 14:17:02.996,6.50395,6.5061,1.00,1.60
2010.06.29 14:17:03.396,6.5037,6.5061,1.00,1.60
2010.06.29 14:17:03.649,6.50375,6.5061,1.00,1.60
2010.06.29 14:17:04.209,6.5036,6.5059,2.50,1.60
2010.06.29 14:17:04.463,6.5037,6.5059,1.00,1.60
2010.06.29 14:17:04.790,6.50375,6.5059,1.00,1.60
2010.06.29 14:17:05.540,6.50385,6.5059,1.00,1.60
2010.06.29 14:17:05.841,6.5038,6.5059,1.00,1.60
2010.06.29 14:17:06.199,6.5036,6.5059,1.70,1.60
2010.06.29 14:17:06.525,6.50415,6.5064,1.60,1.60
2010.06.29 14:17:09.211,6.50435,6.50695,1.00,1.60
2010.06.29 14:17:10.369,6.50465,6.50695,1.60,1.60
2010.06.29 14:17:12.854,6.50485,6.5075,1.00,1.70
2010.06.29 14:17:13.210,6.50485,6.5075,1.00,1.60
2010.06.29 14:17:17.447,6.50485,6.5074,1.00,1.00
2010.06.29 14:17:17.716,6.50465,6.50695,1.70,1.60
2010.06.29 14:17:18.321,6.50485,6.5075,1.00,1.60
2010.06.29 14:17:19.914,6.5049,6.5075,1.00,1.60
2010.06.29 14:17:20.191,6.5052,6.508,1.70,1.60
2010.06.29 14:17:20.846,6.5052,6.5075,1.70,1.60
2010.06.29 14:17:21.832,6.50495,6.5075,1.00,1.60
2010.06.29 14:17:22.163,6.50485,6.5075,1.00,1.60
2010.06.29 14:17:22.489,6.5049,6.5075,1.00,1.60
2010.06.29 14:17:23.138,6.5054,6.508,1.00,1.60
2010.06.29 14:17:24.277,6.50575,6.508,1.60,1.60
2010.06.29 14:17:25.046,6.5058,6.508,1.00,1.60
2010.06.29 14:17:25.790,6.50575,6.508,1.60,1.60
2010.06.29 14:17:26.783,6.5054,6.508,1.00,1.60
2010.06.29 14:17:28.362,6.5054,6.508,1.00,1.60
2010.06.29 14:17:28.714,6.50575,6.508,1.60,1.60
2010.06.29 14:17:29.875,6.5054,6.508,1.00,1.60
2010.06.29 14:17:30.128,6.5055,6.508,1.00,1.60
2010.06.29 14:17:30.377,6.5054,6.508,1.00,1.60
2010.06.29 14:17:30.969,6.50575,6.508,1.60,1.60
2010.06.29 14:17:34.044,6.5052,6.5075,1.80,1.60
2010.06.29 14:17:34.420,6.5058,6.5075,1.00,1.60
2010.06.29 14:17:36.255,6.5056,6.5075,1.00,1.60
2010.06.29 14:17:36.864,6.50575,6.508,1.60,1.60
2010.06.29 14:17:38.392,6.50595,6.508,1.00,1.60
2010.06.29 14:17:38.740,6.5061,6.50855,1.00,1.60
2010.06.29 14:17:39.104,6.5063,6.50855,1.60,1.60
2010.06.29 14:17:40.301,6.5068,6.50855,1.00,1.60
2010.06.29 14:17:40.650,6.5068,6.5089,1.00,1.00
2010.06.29 14:17:41.285,6.5068,6.509,1.00,1.00
2010.06.29 14:17:41.593,6.5068,6.5091,2.10,1.70
2010.06.29 14:17:42.216,6.507,6.5091,1.00,1.60
2010.06.29 14:17:42.551,6.50735,6.5091,1.60,1.60
2010.06.29 14:17:43.221,6.50735,6.5094,1.60,1.00
2010.06.29 14:17:43.296,6.5079,6.5094,1.60,1.00
2010.06.29 14:17:44.440,6.5076,6.5094,1.00,1.00
2010.06.29 14:17:45.667,6.5079,6.5094,1.60,1.00
2010.06.29 14:17:46.210,6.50805,6.5094,1.00,1.00
2010.06.29 14:17:48.614,6.5079,6.5094,1.70,1.00
2010.06.29 14:17:49.553,6.50845,6.5095,1.60,1.00
2010.06.29 14:17:51.552,6.50845,6.5094,1.60,1.00
2010.06.29 14:17:52.522,6.50785,6.5094,1.00,1.00
2010.06.29 14:17:53.048,6.5075,6.5094,1.00,1.00
2010.06.29 14:17:54.046,6.50735,6.5094,1.60,1.00
2010.06.29 14:17:55.555,6.5074,6.5094,1.00,1.00
2010.06.29 14:17:56.266,6.50755,6.5094,1.00,1.00
2010.06.29 14:17:56.612,6.50775,6.5094,1.00,1.00
2010.06.29 14:17:56.972,6.5079,6.5094,1.60,1.00
2010.06.29 14:17:57.322,6.50755,6.5094,1.00,1.00
2010.06.29 14:17:57.959,6.5076,6.5094,1.00,1.00
2010.06.29 14:17:58.311,6.5079,6.5094,1.60,1.00
2010.06.29 14:17:59.276,6.50845,6.5097,1.60,1.00
2010.06.29 14:17:59.784,6.50845,6.5094,1.60,1.00
2010.06.29 14:18:00.139,6.5088,6.51115,1.00,1.00
2010.06.29 14:18:00.493,6.5088,6.5114,1.00,1.00
2010.06.29 14:18:00.851,6.509,6.51225,1.00,1.00
2010.06.29 14:18:01.510,6.50875,6.5118,1.00,1.00
2010.06.29 14:18:01.862,6.50895,6.51165,1.00,1.00
2010.06.29 14:18:02.393,6.50895,6.512,1.00,1.60
2010.06.29 14:18:02.742,6.50875,6.5118,1.00,1.00
2010.06.29 14:18:03.083,6.50875,6.5117,1.00,1.00
2010.06.29 14:18:03.546,6.50875,6.51175,1.00,1.00
2010.06.29 14:18:05.215,6.50875,6.5118,1.00,1.60
2010.06.29 14:18:05.449,6.50875,6.5117,1.00,1.00
2010.06.29 14:18:06.341,6.50875,6.51165,1.00,1.00
2010.06.29 14:18:07.040,6.5088,6.5118,1.00,1.00
2010.06.29 14:18:08.134,6.50875,6.5118,1.00,1.00
2010.06.29 14:18:08.475,6.5091,6.51165,1.60,1.00
2010.06.29 14:18:09.023,6.50875,6.51165,1.00,1.00
2010.06.29 14:18:09.369,6.5085,6.51145,2.40,1.00
2010.06.29 14:18:09.722,6.5085,6.51145,2.50,1.00
2010.06.29 14:18:11.138,6.50865,6.5117,1.00,1.00
2010.06.29 14:18:12.138,6.50865,6.51165,1.00,1.00
2010.06.29 14:18:12.361,6.50895,6.51165,1.00,1.00
2010.06.29 14:18:12.931,6.50895,6.512,1.00,1.00
2010.06.29 14:18:13.148,6.50875,6.5118,1.00,1.00
2010.06.29 14:18:13.944,6.5085,6.5113,2.40,1.00
2010.06.29 14:18:14.445,6.5085,6.51145,2.40,1.00
2010.06.29 14:18:14.793,6.5085,6.51125,2.40,1.00
2010.06.29 14:18:15.482,6.5085,6.5111,2.40,1.00
2010.06.29 14:18:15.841,6.5085,6.51115,2.40,1.00
2010.06.29 14:18:16.190,6.5082,6.5111,1.00,1.00
2010.06.29 14:18:16.884,6.5079,6.51085,1.00,1.60
2010.06.29 14:18:17.232,6.50755,6.51055,1.00,1.60
2010.06.29 14:18:17.583,6.507,6.50995,1.00,1.00
2010.06.29 14:18:17.923,6.507,6.50995,1.70,1.00
2010.06.29 14:18:18.869,6.507,6.50995,1.60,1.00
2010.06.29 14:18:19.220,6.507,6.5097,1.60,1.00
2010.06.29 14:18:20.196,6.50665,6.5097,1.00,1.00
2010.06.29 14:18:20.657,6.50685,6.5099,1.00,1.60
2010.06.29 14:18:20.939,6.5071,6.5099,1.00,1.00
2010.06.29 14:18:21.583,6.50805,6.51,1.60,1.60
2010.06.29 14:18:22.267,6.50805,6.5099,1.60,1.60
2010.06.29 14:18:23.295,6.5075,6.5094,1.60,1.60
2010.06.29 14:18:23.968,6.507,6.50885,1.60,1.60
2010.06.29 14:18:25.006,6.5075,6.5094,1.60,1.60
2010.06.29 14:18:25.324,6.507,6.5094,1.60,1.60
2010.06.29 14:18:27.375,6.5075,6.5094,1.60,1.60
2010.06.29 14:18:27.903,6.507,6.5094,1.60,1.60
2010.06.29 14:18:29.944,6.507,6.50885,1.60,1.60
2010.06.29 14:18:30.265,6.50645,6.5083,1.60,1.60
2010.06.29 14:18:30.617,6.50645,6.50885,1.60,1.60
2010.06.29 14:18:33.477,6.5073,6.5093,1.60,1.60
2010.06.29 14:18:33.869,6.5073,6.5093,1.60,1.00
2010.06.29 14:18:34.514,6.5075,6.5098,1.60,1.60
2010.06.29 14:18:37.973,6.50695,6.5098,1.00,2.40
2010.06.29 14:18:38.210,6.50645,6.5093,1.60,1.60
2010.06.29 14:18:39.461,6.5066,6.50965,1.00,1.00
2010.06.29 14:18:39.921,6.50665,6.50965,1.00,1.00
2010.06.29 14:18:41.176,6.5066,6.50965,1.00,1.00
2010.06.29 14:18:41.961,6.507,6.50985,1.60,2.40
2010.06.29 14:18:42.942,6.50715,6.50985,1.00,1.60
2010.06.29 14:18:43.624,6.5075,6.51035,1.60,1.60
2010.06.29 14:18:43.971,6.50715,6.5102,1.00,1.00
2010.06.29 14:18:44.318,6.50715,6.5102,1.00,1.00
2010.06.29 14:18:45.169,6.507,6.50985,4.00,1.60
2010.06.29 14:18:46.031,6.50715,6.5102,1.00,1.00
2010.06.29 14:18:49.026,6.50735,6.51035,1.00,1.60
2010.06.29 14:18:49.311,6.5077,6.51035,1.00,1.60
2010.06.29 14:18:49.901,6.5077,6.51075,1.00,1.00
2010.06.29 14:18:50.251,6.5075,6.51035,1.60,1.60
2010.06.29 14:18:51.838,6.50805,6.51065,1.60,1.00
2010.06.29 14:18:52.437,6.50775,6.5107,1.00,1.00
2010.06.29 14:18:53.283,6.50775,6.5106,1.00,1.00
2010.06.29 14:18:53.626,6.50775,6.51075,1.00,1.00
2010.06.29 14:18:56.112,6.50805,6.5109,1.60,1.70
2010.06.29 14:18:57.493,6.50805,6.5108,1.60,1.00
2010.06.29 14:18:57.846,6.5075,6.51035,1.60,1.60
2010.06.29 14:18:58.194,6.5077,6.51035,1.00,1.60
2010.06.29 14:18:58.547,6.5077,6.51075,1.00,1.00
2010.06.29 14:18:58.891,6.5077,6.5107,1.00,1.00
2010.06.29 14:19:00.188,6.5077,6.5106,1.00,1.00
2010.06.29 14:19:00.509,6.5075,6.5105,1.60,1.00
2010.06.29 14:19:00.874,6.5075,6.5104,1.60,1.00
2010.06.29 14:19:01.214,6.50755,6.51035,1.00,1.60
2010.06.29 14:19:02.881,6.50805,6.5106,1.60,1.00
2010.06.29 14:19:03.122,6.50805,6.5109,1.60,1.60
2010.06.29 14:19:03.361,6.50775,6.51035,1.00,1.60
2010.06.29 14:19:03.950,6.5075,6.51035,1.70,1.60
2010.06.29 14:19:04.642,6.5075,6.51055,2.50,1.00
2010.06.29 14:19:04.992,6.50805,6.5109,1.60,1.60
2010.06.29 14:19:05.256,6.5085,6.5113,1.00,1.00
2010.06.29 14:19:05.864,6.5085,6.5109,1.00,1.60
2010.06.29 14:19:06.137,6.5079,6.51075,1.00,1.00
2010.06.29 14:19:06.784,6.50775,6.51075,1.00,1.00
2010.06.29 14:19:08.048,6.5077,6.51055,1.00,1.00
2010.06.29 14:19:08.402,6.50775,6.51035,1.00,1.60
2010.06.29 14:19:08.936,6.5075,6.51035,1.70,1.60
2010.06.29 14:19:09.142,6.5077,6.51035,1.00,1.60
2010.06.29 14:19:09.648,6.50775,6.51035,1.00,1.60
2010.06.29 14:19:09.998,6.50775,6.5107,1.00,1.00
2010.06.29 14:19:10.986,6.50805,6.5109,1.60,1.70
2010.06.29 14:19:11.336,6.50775,6.51075,1.00,1.00
2010.06.29 14:19:11.681,6.5075,6.51035,1.70,1.60
2010.06.29 14:19:12.238,6.50805,6.5105,1.60,1.00
2010.06.29 14:19:12.602,6.50825,6.5112,1.00,1.00
2010.06.29 14:19:13.417,6.5085,6.5112,1.00,1.00
2010.06.29 14:19:13.683,6.5086,6.5114,1.60,1.00
2010.06.29 14:19:14.560,6.509,6.51145,1.00,1.60
2010.06.29 14:19:15.127,6.5086,6.51145,4.10,1.60
2010.06.29 14:19:17.277,6.5088,6.51145,1.00,1.60
2010.06.29 14:19:17.616,6.5088,6.5116,1.00,1.00
2010.06.29 14:19:18.497,6.5088,6.5118,1.00,1.00
2010.06.29 14:19:18.830,6.5088,6.5117,1.00,1.00
2010.06.29 14:19:19.183,6.5086,6.51145,4.10,1.60
2010.06.29 14:19:19.531,6.5086,6.5114,4.10,1.00
2010.06.29 14:19:19.880,6.5086,6.5114,1.70,1.00
2010.06.29 14:19:20.518,6.50825,6.5113,1.00,1.00
2010.06.29 14:19:21.175,6.5083,6.5113,1.00,1.00
2010.06.29 14:19:21.649,6.5083,6.51105,1.00,1.00
2010.06.29 14:19:21.997,6.5083,6.51125,1.00,1.00
2010.06.29 14:19:22.246,6.5086,6.5114,1.60,1.00
2010.06.29 14:19:22.498,6.5086,6.51145,1.60,1.60
2010.06.29 14:19:23.060,6.5086,6.5111,1.60,1.60
2010.06.29 14:19:23.371,6.50845,6.51095,1.60,1.60
2010.06.29 14:19:24.539,6.50845,6.5109,1.60,1.00
2010.06.29 14:19:25.236,6.50845,6.51095,1.60,1.60
2010.06.29 14:19:26.095,6.50845,6.5109,1.60,1.00
2010.06.29 14:19:26.494,6.50845,6.51095,1.60,1.60
2010.06.29 14:19:29.812,6.50805,6.5109,1.00,1.00
2010.06.29 14:19:30.499,6.50805,6.5109,1.00,1.00
2010.06.29 14:19:31.240,6.508,6.5109,1.00,1.00
2010.06.29 14:19:31.560,6.508,6.5109,1.00,1.00
2010.06.29 14:19:31.880,6.508,6.5109,1.00,1.00
2010.06.29 14:19:32.198,6.50805,6.5109,1.00,1.00
2010.06.29 14:19:32.800,6.5079,6.5104,1.60,1.60
2010.06.29 14:19:33.073,6.5076,6.5104,1.00,2.50
2010.06.29 14:19:33.577,6.5076,6.5104,1.00,2.40
2010.06.29 14:19:33.807,6.5074,6.5103,1.00,1.00
2010.06.29 14:19:34.698,6.50745,6.5103,1.00,1.00
2010.06.29 14:19:35.040,6.5074,6.5103,1.00,1.00
2010.06.29 14:19:35.651,6.5079,6.5104,1.60,1.70
2010.06.29 14:19:36.545,6.5079,6.5103,1.60,1.00
2010.06.29 14:19:36.888,6.5075,6.5103,1.00,1.00
2010.06.29 14:19:37.242,6.5075,6.5104,1.00,2.50
2010.06.29 14:19:37.929,6.5074,6.5103,1.00,1.00
2010.06.29 14:19:41.527,6.50735,6.5102,1.70,1.00
2010.06.29 14:19:41.872,6.5074,6.5103,1.00,1.00
2010.06.29 14:19:42.697,6.5074,6.5099,1.00,1.60
2010.06.29 14:19:42.963,6.50735,6.5099,1.60,1.60
2010.06.29 14:19:43.729,6.5071,6.50985,1.00,1.00
2010.06.29 14:19:44.082,6.50735,6.5097,1.60,1.00
2010.06.29 14:19:45.437,6.5068,6.50935,1.70,1.60
2010.06.29 14:19:46.280,6.5068,6.50935,1.60,1.60
2010.06.29 14:19:46.973,6.5068,6.5093,1.60,1.00
2010.06.29 14:19:47.329,6.5064,6.5088,1.00,1.60
2010.06.29 14:19:47.683,6.5064,6.5092,1.00,1.00
2010.06.29 14:19:48.536,6.50645,6.5092,1.00,1.00
2010.06.29 14:19:49.627,6.5064,6.5092,1.00,1.00
2010.06.29 14:19:49.962,6.5068,6.5092,1.60,1.00
2010.06.29 14:19:50.304,6.50645,6.5092,1.00,1.00
2010.06.29 14:19:50.639,6.5064,6.5092,1.00,1.00
2010.06.29 14:19:51.937,6.50645,6.5092,1.00,1.00
2010.06.29 14:19:52.276,6.5064,6.5092,1.00,1.00
2010.06.29 14:19:53.147,6.5064,6.5088,1.00,1.60
2010.06.29 14:19:53.815,6.5063,6.5088,1.70,1.60
2010.06.29 14:19:54.048,6.5064,6.5088,1.00,1.60
2010.06.29 14:19:54.391,6.5064,6.5092,1.00,1.00
2010.06.29 14:19:54.741,6.5063,6.5088,1.70,1.60
2010.06.29 14:19:57.600,6.5063,6.5088,1.60,1.60
2010.06.29 14:19:57.615,6.5064,6.5088,1.00,1.60
2010.06.29 14:19:58.457,6.5063,6.5088,1.70,1.60
2010.06.29 14:19:59.366,6.50645,6.509,1.00,1.00
2010.06.29 14:19:59.645,6.50645,6.5091,1.00,1.00
2010.06.29 14:19:59.991,6.5068,6.5092,1.60,1.00
2010.06.29 14:20:00.273,6.5065,6.5092,1.00,1.00
2010.06.29 14:20:00.552,6.5068,6.5092,1.60,1.00
2010.06.29 14:20:01.123,6.5068,6.50935,1.60,1.60
2010.06.29 14:20:01.471,6.5068,6.5093,1.60,1.00
2010.06.29 14:20:03.712,6.5068,6.5092,1.60,1.00
2010.06.29 14:20:04.936,6.5063,6.5088,1.70,1.60
2010.06.29 14:20:05.196,6.5063,6.5088,1.60,1.60
2010.06.29 14:20:05.460,6.5064,6.5088,1.00,1.60
2010.06.29 14:20:05.727,6.5064,6.5091,1.00,1.00
2010.06.29 14:20:08.342,6.5063,6.5088,1.70,1.60
2010.06.29 14:20:09.002,6.5063,6.509,1.70,1.00
2010.06.29 14:20:09.400,6.5064,6.5091,1.00,1.00
2010.06.29 14:20:10.717,6.5068,6.5092,1.60,1.00
2010.06.29 14:20:11.041,6.5068,6.5091,1.60,1.00
2010.06.29 14:20:11.968,6.5068,6.5093,1.60,1.00
2010.06.29 14:20:12.306,6.5068,6.5092,1.60,1.00
2010.06.29 14:20:12.985,6.5068,6.5093,1.60,1.00
2010.06.29 14:20:13.516,6.5068,6.5092,1.60,1.00
2010.06.29 14:20:15.000,6.507,6.50955,1.00,1.00
2010.06.29 14:20:15.293,6.50735,6.5097,1.60,1.00
2010.06.29 14:20:15.890,6.5079,6.5103,1.60,1.00
2010.06.29 14:20:16.474,6.5079,6.5104,1.60,1.70
2010.06.29 14:20:16.820,6.5079,6.5104,1.70,1.60
2010.06.29 14:20:17.867,6.5081,6.5104,1.00,1.60
2010.06.29 14:20:18.219,6.50845,6.5107,1.60,1.00
2010.06.29 14:20:18.576,6.50845,6.5106,1.60,1.00
2010.06.29 14:20:19.239,6.50845,6.5109,1.60,1.00
2010.06.29 14:20:19.598,6.5081,6.5107,1.00,1.00
2010.06.29 14:20:20.247,6.508,6.5106,1.00,1.00
2010.06.29 14:20:20.590,6.508,6.5104,1.00,1.60
2010.06.29 14:20:20.936,6.5079,6.5104,1.70,1.60
2010.06.29 14:20:22.577,6.5079,6.5103,1.60,1.00
2010.06.29 14:20:23.234,6.5075,6.5101,1.00,1.00
2010.06.29 14:20:23.477,6.5076,6.5102,1.00,1.00
2010.06.29 14:20:24.117,6.5079,6.5101,1.60,1.00
2010.06.29 14:20:24.438,6.5074,6.5099,1.00,1.60
2010.06.29 14:20:24.938,6.50735,6.5099,1.60,1.70
2010.06.29 14:20:26.286,6.50735,6.5097,1.60,1.00
2010.06.29 14:20:26.940,6.50735,6.5098,1.60,1.00
2010.06.29 14:20:27.786,6.50735,6.5099,1.60,1.70
2010.06.29 14:20:28.612,6.50735,6.50905,1.60,1.00
2010.06.29 14:20:28.863,6.5068,6.5084,1.00,1.60
2010.06.29 14:20:29.224,6.50625,6.5087,1.00,1.60
2010.06.29 14:20:29.572,6.50615,6.5087,1.60,1.60
2010.06.29 14:20:29.923,6.5063,6.5087,1.00,1.60
2010.06.29 14:20:30.425,6.5062,6.5086,1.00,1.00
2010.06.29 14:20:30.777,6.5054,6.5085,1.00,1.00
2010.06.29 14:20:31.400,6.5053,6.5085,1.60,1.00
2010.06.29 14:20:31.752,6.5053,6.50815,1.60,1.60
2010.06.29 14:20:33.760,6.5053,6.5085,1.60,1.00
2010.06.29 14:20:34.114,6.5054,6.5086,1.00,1.00
2010.06.29 14:20:34.817,6.50585,6.5086,1.60,1.00
2010.06.29 14:20:35.160,6.5054,6.5086,1.00,1.00
2010.06.29 14:20:36.516,6.5053,6.50815,1.60,1.60
2010.06.29 14:20:36.865,6.5054,6.5085,1.00,1.00
2010.06.29 14:20:37.211,6.5054,6.5086,1.00,1.00
2010.06.29 14:20:38.082,6.5054,6.5086,1.00,1.00
2010.06.29 14:20:39.064,6.50585,6.5083,1.60,1.00
2010.06.29 14:20:39.717,6.5053,6.50815,1.60,1.60
2010.06.29 14:20:40.062,6.5053,6.5083,1.60,1.00
2010.06.29 14:20:40.760,6.50585,6.5086,1.60,1.00
2010.06.29 14:20:42.397,6.50585,6.5087,1.60,2.50
2010.06.29 14:20:42.720,6.50585,6.5087,1.60,2.40
2010.06.29 14:20:43.375,6.50635,6.5092,1.60,1.60
2010.06.29 14:20:43.799,6.50655,6.5095,1.00,1.00
2010.06.29 14:20:43.976,6.5064,6.5094,3.30,1.60
2010.06.29 14:20:44.350,6.5064,6.5094,2.50,1.60
2010.06.29 14:20:44.702,6.50665,6.50965,1.00,1.00
2010.06.29 14:20:46.034,6.5069,6.5099,1.60,2.40
2010.06.29 14:20:46.817,6.50685,6.5098,1.00,1.00
2010.06.29 14:20:47.157,6.5067,6.5097,1.00,1.00
2010.06.29 14:20:47.496,6.50675,6.5098,1.70,1.00
2010.06.29 14:20:48.038,6.50675,6.5098,1.70,1.00
2010.06.29 14:20:48.280,6.50645,6.5095,1.00,1.00
2010.06.29 14:20:50.064,6.5064,6.5093,2.40,1.00
2010.06.29 14:20:50.352,6.50645,6.5095,1.00,1.00
2010.06.29 14:20:51.622,6.50665,6.5097,1.00,1.00
2010.06.29 14:20:52.337,6.50665,6.5094,1.00,1.60
2010.06.29 14:20:52.563,6.5064,6.50925,2.40,1.00
2010.06.29 14:20:53.717,6.50625,6.50925,1.00,1.00
2010.06.29 14:20:55.049,6.5064,6.50885,1.00,1.60
2010.06.29 14:20:55.372,6.5059,6.50885,1.00,1.60
2010.06.29 14:20:55.895,6.5055,6.5085,1.00,1.00
2010.06.29 14:20:56.244,6.5056,6.5085,1.00,1.00
2010.06.29 14:20:56.931,6.5055,6.5085,1.00,1.00
2010.06.29 14:20:57.280,6.50585,6.5085,1.60,1.00
2010.06.29 14:20:57.935,6.50585,6.509,1.60,1.00
2010.06.29 14:20:58.245,6.507,6.50935,2.40,1.00
2010.06.29 14:20:59.206,6.5072,6.50935,1.00,1.00
2010.06.29 14:20:59.522,6.5073,6.5095,1.00,1.00
2010.06.29 14:20:59.830,6.5075,6.50935,1.00,1.00
2010.06.29 14:21:00.179,6.5075,6.50955,1.00,1.00
2010.06.29 14:21:00.869,6.5075,6.5095,1.00,1.00
2010.06.29 14:21:01.300,6.5072,6.5095,2.50,1.00
2010.06.29 14:21:01.815,6.5072,6.5089,2.40,1.00
2010.06.29 14:21:02.722,6.507,6.50895,1.00,1.00
2010.06.29 14:21:03.073,6.5072,6.5097,1.00,1.00
2010.06.29 14:21:03.659,6.5073,6.5099,1.00,1.00
2010.06.29 14:21:03.907,6.5072,6.5097,1.00,1.00
2010.06.29 14:21:04.419,6.5072,6.5097,1.00,1.00
2010.06.29 14:21:04.773,6.5071,6.50925,1.00,1.00
2010.06.29 14:21:05.742,6.5072,6.5092,1.00,1.00
2010.06.29 14:21:06.079,6.5071,6.5093,1.00,1.00
2010.06.29 14:21:06.416,6.5072,6.5093,1.00,1.00
2010.06.29 14:21:07.770,6.5071,6.5093,1.00,1.00
2010.06.29 14:21:08.292,6.50735,6.5093,1.60,1.00
2010.06.29 14:21:08.839,6.50735,6.50935,1.60,1.00
2010.06.29 14:21:09.760,6.50735,6.50945,1.60,1.00
2010.06.29 14:21:09.918,6.50735,6.5094,1.60,1.00
2010.06.29 14:21:10.402,6.50735,6.50945,1.60,1.00
2010.06.29 14:21:10.713,6.5071,6.5096,1.00,1.00
2010.06.29 14:21:11.295,6.5068,6.5091,1.60,1.60
2010.06.29 14:21:11.988,6.5068,6.5096,1.60,1.00
2010.06.29 14:21:12.331,6.5069,6.50965,1.00,2.40
2010.06.29 14:21:13.272,6.5068,6.5096,1.60,1.00
2010.06.29 14:21:13.626,6.5063,6.5091,1.70,2.40
2010.06.29 14:21:14.428,6.5064,6.5091,1.00,2.40
2010.06.29 14:21:15.219,6.5063,6.5091,1.70,2.40
2010.06.29 14:21:15.571,6.5064,6.5091,1.00,2.40
2010.06.29 14:21:15.919,6.5064,6.50895,1.00,1.00
2010.06.29 14:21:16.601,6.5063,6.509,1.70,1.00
2010.06.29 14:21:17.184,6.5063,6.50855,1.60,1.60
2010.06.29 14:21:18.442,6.5063,6.50895,1.70,1.00
2010.06.29 14:21:19.132,6.5063,6.50855,1.60,1.60
2010.06.29 14:21:19.808,6.5039,6.507,1.00,1.60
2010.06.29 14:21:20.151,6.5035,6.5072,2.40,1.60
2010.06.29 14:21:21.113,6.5034,6.50645,1.00,1.60
2010.06.29 14:21:21.453,6.5032,6.5064,2.40,1.00
2010.06.29 14:21:22.140,6.5032,6.5062,2.40,1.00
2010.06.29 14:21:22.796,6.50285,6.50595,2.50,1.60
2010.06.29 14:21:23.137,6.50285,6.50595,1.70,1.60
2010.06.29 14:21:24.040,6.50285,6.5059,1.70,1.00
2010.06.29 14:21:25.026,6.50315,6.5059,1.60,1.00
2010.06.29 14:21:25.083,6.50355,6.50595,1.60,1.60
2010.06.29 14:21:26.028,6.5041,6.50645,1.60,1.60
2010.06.29 14:21:26.662,6.5041,6.5068,1.60,1.70
2010.06.29 14:21:27.011,6.5041,6.50655,1.60,1.60
2010.06.29 14:21:28.992,6.50355,6.506,1.60,1.60
2010.06.29 14:21:34.064,6.50305,6.506,1.00,1.60
2010.06.29 14:21:34.713,6.50325,6.50625,1.00,1.00
2010.06.29 14:21:35.055,6.50345,6.5065,1.00,1.00
2010.06.29 14:21:36.390,6.50345,6.5065,1.00,1.00
2010.06.29 14:21:40.959,6.50345,6.5065,1.00,1.00
2010.06.29 14:21:43.466,6.50345,6.5065,1.00,1.00
2010.06.29 14:21:44.839,6.50345,6.5065,1.00,1.00
2010.06.29 14:21:46.021,6.503,6.506,1.00,1.60
2010.06.29 14:21:47.336,6.503,6.506,1.00,1.70
2010.06.29 14:21:49.087,6.503,6.506,1.00,1.60
2010.06.29 14:21:49.435,6.503,6.506,1.00,1.70
2010.06.29 14:21:49.850,6.503,6.506,1.00,1.60
2010.06.29 14:21:50.682,6.50345,6.5065,1.00,1.00
2010.06.29 14:21:51.393,6.50345,6.5065,1.00,1.00
2010.06.29 14:21:51.583,6.50345,6.5064,1.00,1.00
2010.06.29 14:21:52.069,6.50335,6.50625,1.60,1.00
2010.06.29 14:21:52.418,6.50345,6.5065,1.00,1.00
2010.06.29 14:21:53.064,6.50325,6.50625,1.00,1.00
2010.06.29 14:21:53.652,6.5031,6.50605,1.00,1.00
2010.06.29 14:21:54.105,6.50325,6.50625,1.00,1.00
2010.06.29 14:21:54.444,6.50325,6.506,1.00,1.60
2010.06.29 14:21:55.088,6.503,6.506,1.00,1.60
2010.06.29 14:21:55.428,6.503,6.50585,1.00,1.00
2010.06.29 14:21:58.048,6.503,6.506,1.00,1.60
2010.06.29 14:21:58.962,6.503,6.506,1.00,1.70
2010.06.29 14:21:59.956,6.503,6.506,1.00,1.60
2010.06.29 14:22:00.942,6.503,6.506,1.00,1.70
2010.06.29 14:22:01.200,6.503,6.50595,1.00,1.00
2010.06.29 14:22:01.462,6.5028,6.50575,1.00,1.00
2010.06.29 14:22:01.818,6.5027,6.50575,1.00,1.00
2010.06.29 14:22:02.810,6.503,6.50595,1.00,1.00
2010.06.29 14:22:04.178,6.5029,6.50595,1.00,1.00
2010.06.29 14:22:05.194,6.5029,6.50595,1.00,1.00
2010.06.29 14:22:05.900,6.503,6.50595,1.00,1.00
2010.06.29 14:22:13.446,6.5029,6.50595,1.00,1.00
2010.06.29 14:22:13.608,6.503,6.50595,1.00,1.00
2010.06.29 14:22:15.107,6.5031,6.50595,1.00,1.00
2010.06.29 14:22:16.022,6.503,6.50595,1.00,1.00
2010.06.29 14:22:16.277,6.5031,6.50595,1.00,1.00
2010.06.29 14:22:16.523,6.5029,6.50595,1.00,1.00
2010.06.29 14:22:18.469,6.5029,6.5058,1.00,1.00
2010.06.29 14:22:19.704,6.5027,6.50575,1.00,1.00
2010.06.29 14:22:21.464,6.5025,6.50545,1.00,1.60
2010.06.29 14:22:22.053,6.5025,6.5053,1.00,1.00
2010.06.29 14:22:22.374,6.5022,6.5052,1.00,1.00
2010.06.29 14:22:23.271,6.5024,6.5054,1.00,1.00
2010.06.29 14:22:23.521,6.5024,6.5054,1.00,1.00
2010.06.29 14:22:24.588,6.5022,6.50495,1.00,1.60
2010.06.29 14:22:24.928,6.5017,6.50465,1.00,1.00
2010.06.29 14:22:26.322,6.50185,6.5049,1.00,1.00
2010.06.29 14:22:26.974,6.5019,6.5049,1.00,1.00
2010.06.29 14:22:27.338,6.5019,6.5049,1.00,1.00
2010.06.29 14:22:27.678,6.5019,6.5049,1.00,1.00
2010.06.29 14:22:28.025,6.50175,6.5046,1.60,1.00
2010.06.29 14:22:28.375,6.5019,6.5049,1.00,1.00
2010.06.29 14:22:28.703,6.5015,6.5044,1.00,1.60
2010.06.29 14:22:29.359,6.5018,6.50465,1.00,1.00
2010.06.29 14:22:29.714,6.5019,6.50465,1.00,1.00
2010.06.29 14:22:30.431,6.5019,6.5047,1.00,1.00
2010.06.29 14:22:31.367,6.5019,6.50465,1.00,1.00
2010.06.29 14:22:32.681,6.5018,6.50465,1.00,1.00
2010.06.29 14:22:33.051,6.5017,6.50465,1.00,1.00
2010.06.29 14:22:33.413,6.5016,6.5044,1.00,1.60
2010.06.29 14:22:34.068,6.501,6.50385,1.00,2.40
2010.06.29 14:22:34.414,6.5005,6.5033,1.00,1.00
2010.06.29 14:22:34.767,6.5005,6.5034,1.00,1.00
2010.06.29 14:22:35.113,6.5006,6.5034,1.00,1.00
2010.06.29 14:22:35.464,6.5006,6.5034,1.00,1.00
2010.06.29 14:22:39.146,6.5007,6.50375,1.00,1.00
2010.06.29 14:22:39.843,6.5008,6.50375,1.00,1.00
2010.06.29 14:22:40.189,6.501,6.50405,1.00,1.00
2010.06.29 14:22:42.519,6.50115,6.50385,1.60,1.00
2010.06.29 14:22:42.891,6.5012,6.50425,1.00,1.00
2010.06.29 14:22:43.127,6.50175,6.5043,1.70,1.00
2010.06.29 14:22:43.662,6.5018,6.5048,1.00,1.00
2010.06.29 14:22:43.893,6.5018,6.5033,1.00,1.00
2010.06.29 14:22:44.433,6.5006,6.50305,1.00,1.00
2010.06.29 14:22:44.783,6.50005,6.5029,1.00,1.00
2010.06.29 14:22:45.141,6.5001,6.50245,1.00,1.00
2010.06.29 14:22:45.507,6.4996,6.5022,1.00,1.00
2010.06.29 14:22:46.164,6.4993,6.5021,1.00,1.00
2010.06.29 14:22:46.512,6.4993,6.5022,1.00,1.00
2010.06.29 14:22:46.859,6.4994,6.5021,1.00,1.00
2010.06.29 14:22:47.212,6.4993,6.5021,1.00,1.00
2010.06.29 14:22:47.561,6.4993,6.5022,1.00,1.00
2010.06.29 14:22:48.551,6.49915,6.5022,1.00,1.00
2010.06.29 14:22:49.138,6.4991,6.5022,1.00,1.00
2010.06.29 14:22:50.447,6.4993,6.5021,1.00,1.00
2010.06.29 14:22:51.197,6.4994,6.5021,1.00,1.00
2010.06.29 14:22:51.386,6.4993,6.5021,1.00,1.00
2010.06.29 14:22:51.576,6.4993,6.5022,1.00,1.00
2010.06.29 14:22:52.376,6.4993,6.5022,1.00,1.00
2010.06.29 14:22:52.729,6.4998,6.5026,1.00,1.00
2010.06.29 14:22:53.081,6.49975,6.5026,1.00,1.00
2010.06.29 14:22:54.109,6.50005,6.50275,1.00,1.60
2010.06.29 14:22:54.804,6.4999,6.50275,1.00,1.60
2010.06.29 14:22:55.151,6.4998,6.50275,1.00,1.60
2010.06.29 14:22:55.768,6.49975,6.50275,1.60,1.60
2010.06.29 14:22:56.116,6.49945,6.50275,1.00,1.60
2010.06.29 14:22:57.142,6.49975,6.50275,1.60,1.60
2010.06.29 14:22:57.817,6.5002,6.5032,1.00,1.00
2010.06.29 14:22:58.167,6.5002,6.50325,1.00,1.00
2010.06.29 14:22:58.559,6.5,6.50305,1.00,1.00
2010.06.29 14:22:58.912,6.5,6.50305,1.00,1.00
2010.06.29 14:22:59.911,6.4998,6.50275,1.00,1.60
2010.06.29 14:23:00.369,6.49975,6.5025,1.60,1.00
2010.06.29 14:23:00.709,6.49975,6.50275,1.60,2.40
2010.06.29 14:23:03.312,6.4998,6.50275,1.00,1.00
2010.06.29 14:23:03.496,6.5003,6.50325,1.00,1.00
2010.06.29 14:23:03.989,6.5011,6.5038,1.00,1.00
2010.06.29 14:23:04.178,6.5011,6.5041,1.00,1.00
2010.06.29 14:23:04.615,6.5015,6.50435,1.00,2.40
2010.06.29 14:23:04.958,6.5015,6.50435,1.00,1.60
2010.06.29 14:23:05.299,6.5014,6.50435,1.00,1.60
2010.06.29 14:23:05.982,6.5011,6.5041,1.00,1.00
2010.06.29 14:23:06.371,6.5011,6.5041,1.00,1.00
2010.06.29 14:23:07.060,6.5011,6.504,1.00,1.00
2010.06.29 14:23:07.412,6.5011,6.504,1.00,1.00
2010.06.29 14:23:07.721,6.5011,6.504,1.00,1.00
2010.06.29 14:23:10.294,6.501,6.504,2.40,1.00
2010.06.29 14:23:10.506,6.5011,6.504,1.00,1.00
2010.06.29 14:23:11.330,6.501,6.5038,1.00,1.00
2010.06.29 14:23:11.785,6.5011,6.504,1.00,1.00
2010.06.29 14:23:12.128,6.5011,6.504,1.00,1.00
2010.06.29 14:23:18.931,6.5008,6.5038,1.60,1.00
2010.06.29 14:23:19.184,6.5004,6.50315,2.40,1.00
2010.06.29 14:23:19.731,6.5004,6.50295,2.40,1.00
2010.06.29 14:23:20.079,6.5002,6.50295,1.00,1.00
2010.06.29 14:23:20.804,6.5003,6.50315,1.00,1.00
2010.06.29 14:23:21.160,6.5005,6.5033,1.00,1.60
2010.06.29 14:23:21.514,6.5005,6.50325,1.00,1.00
2010.06.29 14:23:21.826,6.5004,6.50345,1.00,1.00
2010.06.29 14:23:22.304,6.5007,6.50345,1.00,1.00
2010.06.29 14:23:22.602,6.5003,6.50325,1.00,1.00
2010.06.29 14:23:22.949,6.50025,6.50325,1.60,1.00
2010.06.29 14:23:23.982,6.5005,6.50345,1.00,1.00
2010.06.29 14:23:24.749,6.5006,6.50345,1.00,1.00
2010.06.29 14:23:25.104,6.5006,6.50325,1.00,1.00
2010.06.29 14:23:25.448,6.5005,6.50325,1.00,1.00
2010.06.29 14:23:28.247,6.5006,6.50345,1.00,1.00
2010.06.29 14:23:28.805,6.5005,6.50345,1.00,1.00
2010.06.29 14:23:30.424,6.5008,6.5037,1.70,1.00
2010.06.29 14:23:30.641,6.5012,6.504,1.00,1.00
2010.06.29 14:23:31.526,6.5009,6.5038,1.00,1.00
2010.06.29 14:23:32.020,6.50095,6.504,1.00,1.00
2010.06.29 14:23:32.683,6.5011,6.5038,1.00,1.00
2010.06.29 14:23:33.302,6.5011,6.504,1.00,1.00
2010.06.29 14:23:34.340,6.5012,6.504,1.00,1.00
2010.06.29 14:23:34.650,6.5012,6.504,1.00,1.00
2010.06.29 14:23:34.960,6.5011,6.504,1.00,1.60
2010.06.29 14:23:35.275,6.5011,6.5038,1.00,1.00
2010.06.29 14:23:36.582,6.501,6.5038,1.00,1.00
2010.06.29 14:23:36.976,6.5011,6.5038,1.00,1.00
2010.06.29 14:23:38.339,6.5009,6.5038,1.00,1.00
2010.06.29 14:23:38.690,6.5008,6.5038,1.60,1.00
2010.06.29 14:23:39.337,6.5008,6.5038,1.70,1.00
2010.06.29 14:23:40.456,6.5008,6.5037,1.60,1.00
2010.06.29 14:23:40.851,6.50075,6.5033,1.00,1.60
2010.06.29 14:23:41.111,6.5002,6.50295,1.00,1.00
2010.06.29 14:23:41.735,6.5001,6.50295,1.00,1.00
2010.06.29 14:23:42.065,6.4999,6.50295,1.00,1.00
2010.06.29 14:23:42.391,6.5,6.50295,1.00,1.00
2010.06.29 14:23:43.080,6.5001,6.50295,1.00,1.00
2010.06.29 14:23:44.139,6.4999,6.50295,1.00,1.00
2010.06.29 14:23:44.764,6.4999,6.50275,1.00,2.40
2010.06.29 14:23:45.448,6.49965,6.5027,1.00,1.00
2010.06.29 14:23:45.742,6.49955,6.5026,1.00,1.00
2010.06.29 14:23:46.505,6.49945,6.50245,1.00,1.00
2010.06.29 14:23:48.040,6.49935,6.5024,1.00,1.00
2010.06.29 14:23:48.296,6.49935,6.5024,1.00,3.20
2010.06.29 14:23:48.552,6.4993,6.5023,1.00,1.00
2010.06.29 14:23:49.237,6.4997,6.5028,1.00,1.00
2010.06.29 14:23:49.819,6.4997,6.5027,1.00,1.00
2010.06.29 14:23:50.179,6.4999,6.50295,1.00,1.00
2010.06.29 14:23:51.115,6.49985,6.5029,1.00,1.00
2010.06.29 14:23:51.433,6.50005,6.5031,1.00,1.00
2010.06.29 14:23:51.753,6.4998,6.50285,1.00,1.00
2010.06.29 14:23:52.076,6.4998,6.50285,1.00,1.60
2010.06.29 14:23:52.402,6.4998,6.50285,1.00,1.00
2010.06.29 14:23:53.610,6.4997,6.50275,1.00,1.00
2010.06.29 14:23:54.600,6.49945,6.5025,1.00,1.00
2010.06.29 14:23:55.382,6.49965,6.5027,1.00,1.00
2010.06.29 14:23:56.405,6.49995,6.50295,1.00,1.00
2010.06.29 14:23:57.927,6.4996,6.50265,1.00,1.00
2010.06.29 14:23:58.550,6.4998,6.50285,1.00,1.00
2010.06.29 14:23:59.570,6.49975,6.5028,1.00,1.00
2010.06.29 14:24:00.556,6.4995,6.50255,1.00,1.00
2010.06.29 14:24:01.569,6.49885,6.5016,1.00,1.00
2010.06.29 14:24:01.910,6.49855,6.5016,1.00,1.00
2010.06.29 14:24:02.611,6.4985,6.50155,1.00,1.00
2010.06.29 14:24:03.591,6.49865,6.5017,1.00,1.00
2010.06.29 14:24:04.282,6.4984,6.50145,1.00,1.00
2010.06.29 14:24:04.636,6.49815,6.5012,1.00,1.00
2010.06.29 14:24:06.909,6.4979,6.50075,1.00,1.00
2010.06.29 14:24:07.177,6.4977,6.50075,1.00,1.00
2010.06.29 14:24:09.916,6.49745,6.5004,1.00,1.00
2010.06.29 14:24:10.568,6.4972,6.50015,2.40,1.00
2010.06.29 14:24:10.897,6.4971,6.5001,1.00,1.00
2010.06.29 14:24:11.218,6.49685,6.49975,1.00,1.00
2010.06.29 14:24:11.554,6.4971,6.5001,1.00,1.00
2010.06.29 14:24:12.218,6.49685,6.49975,1.00,1.00
2010.06.29 14:24:12.912,6.4971,6.5001,1.00,1.00
2010.06.29 14:24:13.922,6.49705,6.5001,1.00,1.00
2010.06.29 14:24:14.285,6.4967,6.49975,1.00,1.00
2010.06.29 14:24:14.932,6.49725,6.5003,1.00,1.00
2010.06.29 14:24:15.568,6.4978,6.50085,1.00,1.00
2010.06.29 14:24:16.270,6.4978,6.50085,1.00,1.00
2010.06.29 14:24:16.770,6.49765,6.50065,1.00,1.00
2010.06.29 14:24:17.133,6.4978,6.50085,1.00,1.00
2010.06.29 14:24:18.272,6.49785,6.5009,1.00,1.00
2010.06.29 14:24:18.604,6.4976,6.50045,1.00,1.00
2010.06.29 14:24:19.022,6.4974,6.50045,1.00,1.00
2010.06.29 14:24:19.362,6.4976,6.50045,1.00,1.00
2010.06.29 14:24:20.005,6.49785,6.5009,1.00,1.00
2010.06.29 14:24:20.357,6.49805,6.50105,1.00,1.00
2010.06.29 14:24:21.348,6.4978,6.50085,1.00,1.00
2010.06.29 14:24:21.857,6.49805,6.50105,1.00,1.00
2010.06.29 14:24:22.115,6.4984,6.5014,1.00,1.00
2010.06.29 14:24:22.825,6.4983,6.5008,2.40,1.00
2010.06.29 14:24:23.472,6.4983,6.5012,2.40,1.00
2010.06.29 14:24:23.824,6.49785,6.5009,1.00,1.00
2010.06.29 14:24:24.770,6.49805,6.5011,1.00,1.00
2010.06.29 14:24:25.118,6.49765,6.5007,1.00,1.00
2010.06.29 14:24:25.487,6.49805,6.5011,1.00,1.00
2010.06.29 14:24:26.354,6.49805,6.5009,1.00,1.00
2010.06.29 14:24:26.631,6.49805,6.5011,1.00,1.00
2010.06.29 14:24:26.979,6.49805,6.5009,1.00,1.00
2010.06.29 14:24:27.635,6.49805,6.5011,1.00,1.00
2010.06.29 14:24:27.897,6.4984,6.5014,1.00,1.00
2010.06.29 14:24:28.155,6.49815,6.5012,1.00,1.00
2010.06.29 14:24:28.946,6.4984,6.5014,1.00,1.00
2010.06.29 14:24:29.556,6.4984,6.50125,1.00,1.00
2010.06.29 14:24:29.855,6.4984,6.5014,1.00,1.00
2010.06.29 14:24:30.203,6.4984,6.50145,1.00,1.00
2010.06.29 14:24:30.899,6.49815,6.501,1.00,1.00
2010.06.29 14:24:31.253,6.4984,6.5014,1.00,1.00
2010.06.29 14:24:31.602,6.49795,6.50095,1.00,1.00
2010.06.29 14:24:32.141,6.4984,6.50145,1.00,1.00
2010.06.29 14:24:32.454,6.49795,6.501,1.00,1.00
2010.06.29 14:24:32.777,6.4984,6.50145,1.00,1.00
2010.06.29 14:24:33.605,6.4982,6.50125,1.00,1.00
2010.06.29 14:24:34.271,6.49795,6.501,1.00,1.00
2010.06.29 14:24:34.584,6.4984,6.50145,1.00,1.00
2010.06.29 14:24:35.213,6.4984,6.5012,1.00,1.00
2010.06.29 14:24:35.569,6.4982,6.50125,1.00,1.00
2010.06.29 14:24:36.191,6.49815,6.5012,1.00,1.00
2010.06.29 14:24:37.000,6.49745,6.5004,1.00,1.00
2010.06.29 14:24:37.352,6.4973,6.50055,1.00,1.00
2010.06.29 14:24:37.710,6.4972,6.5001,2.40,1.00
2010.06.29 14:24:38.063,6.4973,6.50035,1.00,1.00
2010.06.29 14:24:38.714,6.49705,6.4999,1.00,1.00
2010.06.29 14:24:39.059,6.4973,6.5003,1.00,1.00
2010.06.29 14:24:39.392,6.49685,6.4999,1.00,1.00
2010.06.29 14:24:40.054,6.4973,6.5001,1.00,1.00
2010.06.29 14:24:40.356,6.49685,6.4999,1.00,1.00
2010.06.29 14:24:40.653,6.4972,6.4999,1.00,1.00
2010.06.29 14:24:40.977,6.49745,6.5005,1.00,1.00
2010.06.29 14:24:42.338,6.49725,6.50025,1.00,1.00
2010.06.29 14:24:44.277,6.4971,6.49975,2.40,1.00
2010.06.29 14:24:44.620,6.4969,6.49995,1.00,1.00
2010.06.29 14:24:45.315,6.497,6.49995,2.40,1.00
2010.06.29 14:24:46.258,6.4972,6.50015,1.00,1.00
2010.06.29 14:24:46.609,6.49775,6.5005,1.00,1.00
2010.06.29 14:24:46.973,6.498,6.501,1.00,1.00
2010.06.29 14:24:47.325,6.498,6.501,1.00,1.00
2010.06.29 14:24:47.818,6.4982,6.50125,1.00,1.60
2010.06.29 14:24:48.169,6.498,6.501,1.00,1.00
2010.06.29 14:24:48.864,6.49795,6.501,1.00,1.00
2010.06.29 14:24:49.549,6.4978,6.5008,1.00,1.00
2010.06.29 14:24:49.903,6.49765,6.5007,1.00,1.00
2010.06.29 14:24:51.872,6.4976,6.50025,2.40,1.00
2010.06.29 14:24:52.200,6.49745,6.5005,1.70,1.00
2010.06.29 14:24:52.558,6.49765,6.5007,1.00,1.00
2010.06.29 14:24:53.900,6.4974,6.5001,1.00,1.00
2010.06.29 14:24:54.250,6.4976,6.5006,1.00,1.00
2010.06.29 14:24:54.908,6.49705,6.5001,1.00,1.00
2010.06.29 14:24:55.546,6.4976,6.50035,1.00,1.00
2010.06.29 14:24:55.824,6.49755,6.5006,1.00,1.00
2010.06.29 14:24:57.051,6.49705,6.5001,1.00,1.00
2010.06.29 14:24:58.077,6.49755,6.5006,1.00,1.00
2010.06.29 14:24:58.416,6.4973,6.5001,1.00,1.00
2010.06.29 14:24:58.764,6.4975,6.5001,1.00,1.00
2010.06.29 14:24:58.950,6.4975,6.50055,1.00,1.00
2010.06.29 14:24:59.317,6.4975,6.50035,1.00,1.00
2010.06.29 14:24:59.762,6.49755,6.5001,1.00,1.00
2010.06.29 14:25:00.110,6.49755,6.50035,1.00,1.00
2010.06.29 14:25:00.460,6.49705,6.5001,1.00,1.00
2010.06.29 14:25:00.812,6.49755,6.5006,1.00,1.00
2010.06.29 14:25:01.266,6.49705,6.5001,1.00,1.00
2010.06.29 14:25:01.546,6.49755,6.5006,1.00,1.00
2010.06.29 14:25:01.819,6.49705,6.5001,1.00,1.00
2010.06.29 14:25:02.173,6.49755,6.5006,1.00,1.00
2010.06.29 14:25:02.524,6.49715,6.5001,1.00,1.00
2010.06.29 14:25:03.334,6.4978,6.5006,2.40,1.00
2010.06.29 14:25:03.688,6.49795,6.501,1.00,1.00
2010.06.29 14:25:04.115,6.49815,6.5012,1.00,1.60
2010.06.29 14:25:04.435,6.49815,6.5012,1.00,1.00
2010.06.29 14:25:05.374,6.4989,6.5012,2.40,1.00
2010.06.29 14:25:05.684,6.4989,6.5017,2.40,1.00
2010.06.29 14:25:06.535,6.4989,6.50155,2.40,1.00
2010.06.29 14:25:07.571,6.4989,6.50175,2.40,1.00
2010.06.29 14:25:08.247,6.4992,6.50225,1.00,1.00
2010.06.29 14:25:08.595,6.49935,6.50235,1.00,1.00
2010.06.29 14:25:09.250,6.4995,6.50225,2.40,1.00
2010.06.29 14:25:10.145,6.49955,6.5026,1.00,1.00
2010.06.29 14:25:10.917,6.49975,6.5028,1.00,1.00
2010.06.29 14:25:11.940,6.49985,6.5036,1.00,1.00
2010.06.29 14:25:15.046,6.5002,6.5038,1.00,1.00
2010.06.29 14:25:15.698,6.5002,6.5036,1.00,1.00
2010.06.29 14:25:16.038,6.5004,6.5036,1.00,1.00
2010.06.29 14:25:16.713,6.50065,6.5038,1.00,1.00
2010.06.29 14:25:18.482,6.5007,6.5038,1.00,1.00
2010.06.29 14:25:18.749,6.50095,6.50415,1.00,1.00
2010.06.29 14:25:19.557,6.50165,6.50485,1.00,1.00
2010.06.29 14:25:21.619,6.5022,6.50535,1.00,1.00
2010.06.29 14:25:25.351,6.50195,6.505,1.00,1.00
2010.06.29 14:25:26.345,6.50145,6.5045,1.00,1.00
2010.06.29 14:25:33.559,6.5009,6.50395,1.00,1.00
2010.06.29 14:25:34.233,6.50035,6.5034,1.00,1.00
2010.06.29 14:25:34.580,6.5003,6.50305,2.40,1.00
2010.06.29 14:25:35.250,6.5003,6.50285,2.40,1.00
2010.06.29 14:25:35.600,6.4998,6.50285,1.00,1.00
2010.06.29 14:25:36.321,6.5,6.50305,1.00,1.00
2010.06.29 14:25:37.991,6.5,6.50305,1.00,1.00
2010.06.29 14:25:38.351,6.50025,6.50325,1.00,1.00
2010.06.29 14:25:41.130,6.5019,6.5045,2.40,1.00
2010.06.29 14:25:41.481,6.5019,6.5051,2.40,1.00
2010.06.29 14:25:41.818,6.5019,6.5047,2.40,1.00
2010.06.29 14:25:42.155,6.5021,6.5046,2.40,1.00
2010.06.29 14:25:42.496,6.5021,6.5045,2.40,1.00
2010.06.29 14:25:43.112,6.5021,6.5051,2.50,1.00
2010.06.29 14:25:43.430,6.5024,6.50525,1.00,1.00
2010.06.29 14:25:43.888,6.5023,6.5051,1.00,1.00
2010.06.29 14:25:44.232,6.5024,6.50495,1.00,1.00
2010.06.29 14:25:44.899,6.5025,6.50505,1.00,1.00
2010.06.29 14:25:45.241,6.5025,6.50495,1.00,1.00
2010.06.29 14:25:47.908,6.5021,6.50495,2.40,1.00
2010.06.29 14:25:48.376,6.5021,6.50535,2.40,1.00
2010.06.29 14:25:48.736,6.5025,6.50555,1.70,1.00
2010.06.29 14:25:49.310,6.50305,6.5061,1.00,1.00
2010.06.29 14:25:49.577,6.50305,6.5058,1.00,1.00
2010.06.29 14:25:50.090,6.50305,6.5061,1.00,1.00
2010.06.29 14:25:51.311,6.50305,6.50555,1.00,1.00
2010.06.29 14:25:51.754,6.50355,6.5063,1.00,1.00
2010.06.29 14:25:52.106,6.50285,6.5059,1.00,1.00
2010.06.29 14:25:53.093,6.50305,6.5061,1.00,1.00
2010.06.29 14:25:53.787,6.50305,6.5061,1.00,1.60
2010.06.29 14:25:54.129,6.50285,6.5059,1.00,1.00
2010.06.29 14:25:55.119,6.50265,6.5057,1.00,1.00
2010.06.29 14:25:57.638,6.50285,6.5059,1.00,1.00
2010.06.29 14:25:58.890,6.50305,6.5061,1.00,1.00
2010.06.29 14:25:59.236,6.5036,6.50665,1.00,1.00
2010.06.29 14:26:00.268,6.5034,6.50645,1.00,1.00
2010.06.29 14:26:00.968,6.5036,6.50665,1.00,1.00
2010.06.29 14:26:01.316,6.5041,6.50715,1.00,1.00
2010.06.29 14:26:01.705,6.50395,6.50695,1.00,1.00
2010.06.29 14:26:02.057,6.5037,6.50675,2.50,1.00
2010.06.29 14:26:04.743,6.5037,6.50675,3.30,1.00
2010.06.29 14:26:05.092,6.50395,6.50695,1.00,1.00
2010.06.29 14:26:06.754,6.50415,6.5072,1.00,1.00
2010.06.29 14:26:07.779,6.50425,6.50735,1.00,1.00
2010.06.29 14:26:08.778,6.50445,6.5075,1.00,1.00
2010.06.29 14:26:09.809,6.50425,6.5073,1.00,1.00
2010.06.29 14:26:11.281,6.5037,6.50675,2.50,1.00
2010.06.29 14:26:11.563,6.50435,6.507,1.00,1.00
2010.06.29 14:26:12.159,6.5046,6.50765,1.00,1.00
2010.06.29 14:26:12.504,6.5049,6.50795,1.00,1.00
2010.06.29 14:26:13.136,6.5049,6.50795,1.00,1.60
2010.06.29 14:26:13.474,6.5047,6.50775,1.00,1.00
2010.06.29 14:26:14.249,6.5045,6.5074,2.40,1.00
2010.06.29 14:26:14.584,6.5038,6.5067,2.40,1.00
2010.06.29 14:26:15.245,6.50385,6.5069,1.00,1.00
2010.06.29 14:26:15.594,6.5038,6.50665,2.40,1.00
2010.06.29 14:26:17.581,6.50405,6.5071,1.00,1.00
2010.06.29 14:26:18.417,6.50385,6.50685,1.00,1.00
2010.06.29 14:26:20.967,6.50405,6.5071,1.00,1.00
2010.06.29 14:26:21.230,6.5038,6.5067,2.40,1.00
2010.06.29 14:26:21.826,6.50385,6.50685,1.00,1.00
2010.06.29 14:26:22.171,6.50405,6.5071,1.00,1.00
2010.06.29 14:26:22.866,6.50385,6.50685,1.00,1.00
2010.06.29 14:26:25.759,6.50405,6.5071,1.00,1.00
2010.06.29 14:26:27.110,6.50385,6.50685,1.00,1.00
2010.06.29 14:26:27.464,6.5036,6.5064,1.00,1.00
2010.06.29 14:26:27.814,6.50335,6.5064,1.00,1.00
2010.06.29 14:26:28.484,6.5036,6.50645,1.00,1.00
2010.06.29 14:26:28.812,6.5032,6.5062,1.00,1.00
2010.06.29 14:26:29.479,6.50285,6.5059,1.00,1.00
2010.06.29 14:26:29.838,6.50335,6.5064,1.00,1.00
2010.06.29 14:26:30.474,6.50335,6.5064,1.00,1.00
2010.06.29 14:26:30.825,6.5027,6.5057,2.50,1.00
2010.06.29 14:26:31.172,6.50285,6.5059,1.00,1.00
2010.06.29 14:26:31.526,6.5026,6.5054,1.00,1.00
2010.06.29 14:26:31.872,6.50235,6.5054,1.00,1.00
2010.06.29 14:26:32.581,6.5023,6.50535,1.00,1.00
2010.06.29 14:26:33.289,6.50255,6.50555,1.00,1.00
2010.06.29 14:26:34.336,6.5021,6.50515,2.50,1.00
2010.06.29 14:26:37.580,6.50195,6.505,1.00,1.00
2010.06.29 14:26:37.890,6.50195,6.5047,1.00,1.00
2010.06.29 14:26:38.243,6.5015,6.5045,2.40,1.00
2010.06.29 14:26:41.499,6.5015,6.5041,2.40,1.00
2010.06.29 14:26:41.800,6.5011,6.5041,1.00,1.00
2010.06.29 14:26:44.006,6.5013,6.5043,1.00,1.00
2010.06.29 14:26:44.351,6.5011,6.5041,1.00,1.00
2010.06.29 14:26:44.834,6.50085,6.5039,1.00,1.00
2010.06.29 14:26:44.997,6.5011,6.5041,1.00,1.00
2010.06.29 14:26:46.071,6.50085,6.5039,1.00,1.00
2010.06.29 14:26:46.321,6.5011,6.5041,1.00,1.00
2010.06.29 14:26:47.855,6.50105,6.50405,1.00,1.00
2010.06.29 14:26:51.125,6.5007,6.50375,1.00,1.00
2010.06.29 14:26:51.357,6.5002,6.50325,1.00,1.00
2010.06.29 14:26:55.485,6.5004,6.50345,1.00,1.00
2010.06.29 14:26:57.209,6.5009,6.50365,1.00,1.00
2010.06.29 14:26:57.520,6.5009,6.50395,1.00,1.00
2010.06.29 14:26:57.830,6.5007,6.50375,1.00,1.00
2010.06.29 14:26:58.472,6.5005,6.50355,1.00,1.00
2010.06.29 14:27:00.462,6.5007,6.50375,1.00,1.00
2010.06.29 14:27:01.472,6.50055,6.50355,1.00,1.00
2010.06.29 14:27:05.352,6.5001,6.50305,2.40,1.00
2010.06.29 14:27:05.706,6.49965,6.5027,1.00,1.00
2010.06.29 14:27:06.319,6.49945,6.5025,1.00,1.00
2010.06.29 14:27:08.509,6.49965,6.5027,1.00,1.00
2010.06.29 14:27:09.330,6.49945,6.5025,1.00,1.00
2010.06.29 14:27:13.039,6.49965,6.5027,1.00,1.00
2010.06.29 14:27:15.217,6.49945,6.5025,1.00,1.00
2010.06.29 14:27:17.026,6.49965,6.5027,1.00,1.00
2010.06.29 14:27:17.710,6.49945,6.5025,1.00,1.00
2010.06.29 14:27:18.738,6.49985,6.50285,1.00,1.00
2010.06.29 14:27:19.383,6.49965,6.5027,1.00,1.00
2010.06.29 14:27:22.517,6.49945,6.5025,1.00,1.00
2010.06.29 14:27:23.116,6.49935,6.50235,1.00,1.00
2010.06.29 14:27:33.844,6.4991,6.50215,3.30,1.00
2010.06.29 14:27:34.045,6.4991,6.50215,1.00,1.00
2010.06.29 14:27:34.671,6.4986,6.50165,1.00,1.00
2010.06.29 14:27:36.766,6.4986,6.50165,1.00,1.60
2010.06.29 14:27:37.451,6.4986,6.50165,1.00,1.00
2010.06.29 14:27:38.824,6.4985,6.5014,2.40,1.00
2010.06.29 14:27:39.450,6.49835,6.5014,1.00,1.00
2010.06.29 14:27:42.681,6.4979,6.5009,2.40,1.00
2010.06.29 14:27:43.036,6.49825,6.5013,1.00,1.00
2010.06.29 14:27:43.384,6.49805,6.5011,1.00,1.00
2010.06.29 14:27:43.795,6.49825,6.5013,1.00,1.00
2010.06.29 14:27:44.143,6.49805,6.5011,1.00,1.00
2010.06.29 14:27:45.449,6.49825,6.5013,1.00,1.00
2010.06.29 14:27:46.423,6.4988,6.50045,1.00,1.00
2010.06.29 14:27:47.525,6.4979,6.50045,2.40,1.00
2010.06.29 14:27:47.731,6.49785,6.5001,1.00,1.00
2010.06.29 14:27:48.180,6.49775,6.5001,1.00,1.00
2010.06.29 14:27:48.596,6.49795,6.5001,1.00,1.00
2010.06.29 14:27:49.125,6.49785,6.5002,1.00,1.00
2010.06.29 14:27:49.827,6.49835,6.5003,1.00,1.00
2010.06.29 14:27:50.174,6.4983,6.5,1.00,1.00
2010.06.29 14:27:50.767,6.4964,6.4997,2.40,1.00
2010.06.29 14:27:51.112,6.49615,6.4994,1.00,2.40
2010.06.29 14:27:51.769,6.49655,6.4994,1.00,2.40
2010.06.29 14:27:52.123,6.4963,6.4994,1.00,2.40
2010.06.29 14:27:52.472,6.4966,6.4994,1.00,2.40
2010.06.29 14:27:53.045,6.49625,6.4994,1.00,2.40
2010.06.29 14:27:53.392,6.4964,6.4994,1.00,2.40
2010.06.29 14:27:53.740,6.4964,6.4999,1.00,1.00
2010.06.29 14:27:54.107,6.49625,6.4999,1.00,1.00
2010.06.29 14:27:54.405,6.49645,6.5001,1.00,3.20
2010.06.29 14:27:54.999,6.4966,6.5001,1.00,2.40
2010.06.29 14:27:55.293,6.49705,6.5001,1.00,2.40
2010.06.29 14:27:55.958,6.4969,6.5003,1.00,1.00
2010.06.29 14:27:56.311,6.49695,6.4999,1.00,1.60
2010.06.29 14:27:56.769,6.49695,6.5002,1.00,1.00
2010.06.29 14:27:57.135,6.4969,6.5002,1.00,1.00
2010.06.29 14:27:57.804,6.49685,6.5002,1.00,1.00
2010.06.29 14:27:58.164,6.497,6.5003,1.00,1.00
2010.06.29 14:27:58.819,6.4968,6.5002,3.20,1.00
2010.06.29 14:27:59.126,6.497,6.5002,1.00,1.00
2010.06.29 14:27:59.747,6.4969,6.4999,1.00,1.70
2010.06.29 14:28:00.122,6.4968,6.4999,2.40,1.70
2010.06.29 14:28:00.453,6.49635,6.4994,1.00,1.60
2010.06.29 14:28:01.137,6.49635,6.49945,1.00,1.00
2010.06.29 14:28:01.483,6.4966,6.49945,1.00,1.00
2010.06.29 14:28:02.179,6.4965,6.49945,1.00,1.00
2010.06.29 14:28:02.520,6.49655,6.49945,1.00,1.00
2010.06.29 14:28:02.871,6.4966,6.49945,1.00,1.00
2010.06.29 14:28:03.221,6.49645,6.49945,1.00,1.00
2010.06.29 14:28:03.568,6.4966,6.49945,1.00,1.00
2010.06.29 14:28:04.850,6.49655,6.49945,1.00,1.00
2010.06.29 14:28:05.539,6.49655,6.4991,1.00,1.00
2010.06.29 14:28:05.787,6.4966,6.49965,1.00,1.00
2010.06.29 14:28:06.039,6.4968,6.49945,1.00,1.00
2010.06.29 14:28:06.617,6.4965,6.49945,1.00,1.00
2010.06.29 14:28:06.867,6.49675,6.49945,1.00,1.00
2010.06.29 14:28:07.676,6.4965,6.49945,1.00,1.00
2010.06.29 14:28:08.702,6.4966,6.4991,1.00,1.00
2010.06.29 14:28:09.055,6.4966,6.4989,1.00,1.00
2010.06.29 14:28:09.760,6.4965,6.4991,1.00,1.00
2010.06.29 14:28:10.415,6.4966,6.4991,1.00,1.00
2010.06.29 14:28:12.479,6.4966,6.4989,1.00,1.00
2010.06.29 14:28:13.087,6.4957,6.4987,2.40,1.00
2010.06.29 14:28:13.616,6.4957,6.4987,2.40,1.60
2010.06.29 14:28:14.004,6.4957,6.4985,2.40,1.00
2010.06.29 14:28:14.263,6.49545,6.4985,1.00,1.00
2010.06.29 14:28:16.099,6.49565,6.4987,1.00,1.00
2010.06.29 14:28:17.707,6.49565,6.4987,1.00,1.60
2010.06.29 14:28:18.053,6.49545,6.4985,1.00,1.00
2010.06.29 14:28:19.337,6.49565,6.4987,1.00,1.00
2010.06.29 14:28:20.753,6.49545,6.4985,1.00,1.00
2010.06.29 14:28:24.880,6.4953,6.49835,1.00,1.00
2010.06.29 14:28:27.141,6.49575,6.4988,1.00,1.00
2010.06.29 14:28:28.313,6.4957,6.49855,2.40,1.00
2010.06.29 14:28:28.643,6.49575,6.4988,1.00,1.00
2010.06.29 14:28:30.217,6.4961,6.4991,1.00,1.00
2010.06.29 14:28:30.571,6.4963,6.4993,1.00,1.00
2010.06.29 14:28:36.242,6.4966,6.49965,1.00,1.00
2010.06.29 14:28:36.787,6.4968,6.49985,1.00,1.00
2010.06.29 14:28:37.809,6.4966,6.49965,1.00,1.00
2010.06.29 14:28:38.152,6.4968,6.49985,1.00,1.00
2010.06.29 14:28:38.511,6.49715,6.5002,1.70,1.00
2010.06.29 14:28:38.867,6.49735,6.5004,1.00,1.00
2010.06.29 14:28:39.502,6.4972,6.5002,2.50,1.00
2010.06.29 14:28:39.858,6.4973,6.5002,1.00,1.00
2010.06.29 14:28:40.199,6.49765,6.5007,1.00,1.00
2010.06.29 14:28:40.543,6.4977,6.5007,1.60,1.00
2010.06.29 14:28:40.893,6.4979,6.5009,1.00,1.00
2010.06.29 14:28:41.540,6.4978,6.50075,1.00,1.00
2010.06.29 14:28:41.877,6.4977,6.50075,1.00,1.00
2010.06.29 14:28:42.538,6.49725,6.5,1.00,1.00
2010.06.29 14:28:43.215,6.4972,6.5002,2.50,1.00
2010.06.29 14:28:48.086,6.4972,6.5002,2.40,1.00
2010.06.29 14:28:48.896,6.4973,6.5002,1.00,1.00
2010.06.29 14:28:49.426,6.4972,6.5002,2.40,1.00
2010.06.29 14:28:50.072,6.4973,6.5002,1.00,1.00
2010.06.29 14:28:50.825,6.49765,6.5007,1.00,1.00
2010.06.29 14:28:51.841,6.4976,6.5005,1.00,1.00
2010.06.29 14:28:52.538,6.4977,6.5007,1.70,1.00
2010.06.29 14:28:52.886,6.49785,6.5009,1.00,1.00
2010.06.29 14:28:53.591,6.498,6.50105,1.00,1.00
2010.06.29 14:28:55.419,6.4979,6.5007,2.40,1.00
2010.06.29 14:28:55.775,6.4976,6.5005,1.00,1.00
2010.06.29 14:28:56.120,6.4977,6.5007,1.00,1.60
2010.06.29 14:28:56.452,6.4977,6.5007,1.00,1.00
2010.06.29 14:28:57.291,6.4976,6.5004,1.00,1.00
2010.06.29 14:28:57.647,6.4972,6.5002,2.50,1.00
2010.06.29 14:28:58.283,6.4972,6.5002,2.40,1.00
2010.06.29 14:28:58.631,6.4967,6.49975,1.00,1.00
2010.06.29 14:29:01.186,6.4962,6.49925,2.50,1.00
2010.06.29 14:29:01.739,6.49665,6.49965,1.00,1.00
2010.06.29 14:29:04.638,6.49685,6.49985,1.00,1.00
2010.06.29 14:29:07.807,6.4966,6.49965,1.00,1.00
2010.06.29 14:29:09.190,6.49685,6.49985,1.00,1.00
2010.06.29 14:29:09.518,6.49665,6.49965,1.00,1.00
2010.06.29 14:29:16.324,6.4964,6.49945,1.10,1.00
2010.06.29 14:29:20.650,6.49665,6.49965,1.00,1.00
2010.06.29 14:29:21.848,6.49685,6.4999,1.00,1.00
2010.06.29 14:29:22.955,6.497,6.4999,1.00,1.00
2010.06.29 14:29:23.295,6.4974,6.5004,1.00,1.00
2010.06.29 14:29:24.286,6.4979,6.50095,1.00,1.00
2010.06.29 14:29:25.745,6.4981,6.50095,1.00,1.00
2010.06.29 14:29:26.095,6.49845,6.5015,1.00,1.00
2010.06.29 14:29:28.103,6.49875,6.5018,1.00,1.00
2010.06.29 14:29:29.136,6.49965,6.5026,1.00,1.60
2010.06.29 14:29:29.524,6.49965,6.5028,1.00,1.00
2010.06.29 14:29:29.855,6.49965,6.5029,1.00,1.00
2010.06.29 14:29:30.474,6.4998,6.50265,1.00,1.00
2010.06.29 14:29:30.823,6.4996,6.50265,1.00,1.00
2010.06.29 14:29:31.525,6.49985,6.5029,1.00,1.00
2010.06.29 14:29:32.183,6.4999,6.5029,1.00,1.00
2010.06.29 14:29:32.807,6.49985,6.5029,1.00,1.00
2010.06.29 14:29:33.146,6.4999,6.5029,1.00,1.00
2010.06.29 14:29:35.008,6.49995,6.503,1.00,1.00
2010.06.29 14:29:35.352,6.4994,6.50245,2.50,1.00
2010.06.29 14:29:37.398,6.4996,6.50265,1.00,1.00
2010.06.29 14:29:38.864,6.49995,6.503,1.00,1.00
2010.06.29 14:29:40.194,6.50015,6.5032,1.00,1.00
2010.06.29 14:29:42.159,6.50045,6.5034,1.00,1.00
2010.06.29 14:29:42.498,6.50045,6.5035,1.00,1.00
2010.06.29 14:29:42.844,6.50025,6.5033,1.00,1.00
2010.06.29 14:29:43.199,6.50025,6.5034,1.00,1.00
2010.06.29 14:29:43.717,6.50025,6.5033,1.00,1.00
2010.06.29 14:29:44.073,6.5,6.503,2.40,1.00
2010.06.29 14:29:46.757,6.5003,6.5032,1.00,1.00
2010.06.29 14:29:47.019,6.5003,6.5033,1.00,1.00
2010.06.29 14:29:47.575,6.5,6.50275,2.40,1.00
2010.06.29 14:29:47.834,6.49995,6.50295,1.00,1.00
2010.06.29 14:29:48.450,6.5,6.50295,1.00,1.00
2010.06.29 14:29:48.810,6.5004,6.5033,1.00,1.00
2010.06.29 14:29:49.461,6.5006,6.50365,1.00,1.00
2010.06.29 14:29:49.814,6.5008,6.50385,1.00,1.00
2010.06.29 14:29:51.276,6.50075,6.50345,1.60,1.00
2010.06.29 14:29:51.624,6.5004,6.50345,1.00,1.00
2010.06.29 14:29:53.629,6.5006,6.50365,1.00,1.00
2010.06.29 14:29:54.555,6.5005,6.5034,1.00,1.00
2010.06.29 14:29:55.435,6.5006,6.50365,1.00,2.40
2010.06.29 14:29:55.782,6.5006,6.50365,1.00,1.00
2010.06.29 14:29:56.133,6.50075,6.50365,1.60,1.00
2010.06.29 14:29:56.485,6.5008,6.50385,1.00,1.00
2010.06.29 14:29:57.748,6.5006,6.50365,1.00,1.00
2010.06.29 14:29:58.447,6.5008,6.50385,1.00,1.00
2010.06.29 14:29:58.788,6.50105,6.50405,1.00,1.00
2010.06.29 14:29:59.408,6.5016,6.5041,1.60,1.00
2010.06.29 14:30:00.012,6.5016,6.5042,1.60,2.50
2010.06.29 14:30:00.836,6.5012,6.50405,1.00,1.00
2010.06.29 14:30:01.885,6.5011,6.50405,1.00,1.00
2010.06.29 14:30:02.517,6.5012,6.50365,1.00,1.60
2010.06.29 14:30:02.860,6.5016,6.5042,1.60,2.40
2010.06.29 14:30:03.938,6.5016,6.5044,1.60,1.00
2010.06.29 14:30:04.669,6.5016,6.5045,2.40,1.00
2010.06.29 14:30:05.308,6.5025,6.5053,2.40,1.00
2010.06.29 14:30:05.665,6.5035,6.50715,2.40,1.00
2010.06.29 14:30:06.654,6.5035,6.50735,2.40,1.00
2010.06.29 14:30:06.963,6.5037,6.50735,2.40,1.00
2010.06.29 14:30:07.392,6.5037,6.5074,2.40,1.00
2010.06.29 14:30:07.744,6.50325,6.50655,1.60,1.60
2010.06.29 14:30:08.093,6.50325,6.506,1.60,1.60
2010.06.29 14:30:08.709,6.50305,6.5058,1.00,1.00
2010.06.29 14:30:08.988,6.5027,6.50545,1.60,1.60
2010.06.29 14:30:09.342,6.50265,6.50545,1.00,1.60
2010.06.29 14:30:09.693,6.50265,6.50495,1.00,1.60
2010.06.29 14:30:10.288,6.5024,6.5048,1.00,1.00
2010.06.29 14:30:10.638,6.50205,6.5047,1.00,1.00
2010.06.29 14:30:11.421,6.50205,6.5046,1.00,1.00
2010.06.29 14:30:13.023,6.50225,6.50495,1.00,1.60
2010.06.29 14:30:13.319,6.5024,6.50495,1.00,1.60
2010.06.29 14:30:14.997,6.5026,6.50495,1.00,1.60
2010.06.29 14:30:15.325,6.5024,6.50495,1.00,1.60
2010.06.29 14:30:15.641,6.5024,6.5049,1.00,1.00
2010.06.29 14:30:16.320,6.5026,6.505,1.00,1.00
2010.06.29 14:30:17.416,6.5028,6.50545,1.00,1.60
2010.06.29 14:30:19.182,6.5026,6.5054,1.00,1.00
2010.06.29 14:30:19.538,6.5026,6.50495,1.00,1.60
2010.06.29 14:30:20.222,6.5027,6.5054,1.60,1.00
2010.06.29 14:30:20.573,6.5028,6.50545,1.00,1.60
2010.06.29 14:30:22.742,6.5028,6.5054,1.00,1.00
2010.06.29 14:30:23.371,6.5026,6.5054,1.00,1.00
2010.06.29 14:30:23.847,6.5026,6.5053,1.00,1.00
2010.06.29 14:30:24.039,6.5026,6.5052,1.00,1.00
2010.06.29 14:30:25.978,6.5026,6.50495,1.00,1.60
2010.06.29 14:30:27.910,6.5038,6.50495,1.00,1.60
2010.06.29 14:30:28.116,6.5038,6.5067,1.00,1.00
2010.06.29 14:30:28.803,6.5038,6.5066,1.00,1.00
2010.06.29 14:30:29.156,6.504,6.5065,1.00,1.00
2010.06.29 14:30:29.786,6.504,6.5064,1.00,1.00
2010.06.29 14:30:30.142,6.5039,6.5068,1.00,1.00
2010.06.29 14:30:30.796,6.5039,6.5071,1.00,1.00
2010.06.29 14:30:32.075,6.5038,6.50685,2.50,1.00
2010.06.29 14:30:32.709,6.5039,6.5071,1.00,1.00
2010.06.29 14:30:33.821,6.5034,6.5062,1.00,1.60
2010.06.29 14:30:34.577,6.5035,6.5062,1.00,1.60
2010.06.29 14:30:35.616,6.50355,6.5062,1.00,1.60
2010.06.29 14:30:36.260,6.5038,6.5062,1.00,1.60
2010.06.29 14:30:36.315,6.5035,6.50655,1.00,1.00
2010.06.29 14:30:36.662,6.5034,6.50655,1.00,1.00
2010.06.29 14:30:37.486,6.5034,6.50645,1.00,1.00
2010.06.29 14:30:39.220,6.50295,6.50595,1.00,1.00
2010.06.29 14:30:39.626,6.5029,6.50595,1.00,1.00
2010.06.29 14:30:39.856,6.5016,6.50505,2.40,1.00
2010.06.29 14:30:40.202,6.5008,6.5047,1.00,1.00
2010.06.29 14:30:40.891,6.501,6.5041,1.00,1.60
2010.06.29 14:30:41.324,6.501,6.5039,1.00,1.00
2010.06.29 14:30:41.677,6.501,6.5041,1.00,1.70
2010.06.29 14:30:43.309,6.501,6.5041,1.00,1.60
2010.06.29 14:30:43.648,6.50115,6.5041,1.00,1.60
2010.06.29 14:30:45.029,6.50115,6.5041,1.00,1.60
2010.06.29 14:30:45.378,6.50075,6.5036,1.00,1.60
2010.06.29 14:30:45.765,6.5007,6.5036,2.40,1.60
2010.06.29 14:30:46.787,6.50075,6.5039,1.00,1.00
2010.06.29 14:30:47.138,6.50075,6.50395,1.00,1.00
2010.06.29 14:30:48.546,6.50185,6.50395,1.00,1.00
2010.06.29 14:30:49.201,6.5018,6.5048,3.20,1.00
2010.06.29 14:30:49.369,6.50185,6.5048,1.00,1.00
2010.06.29 14:30:50.055,6.5021,6.5053,1.00,1.00
2010.06.29 14:30:50.405,6.502,6.5049,2.40,1.00
2010.06.29 14:30:51.047,6.5022,6.50485,1.00,1.00
2010.06.29 14:30:51.678,6.5022,6.5049,1.00,2.40
2010.06.29 14:30:52.657,6.5025,6.50545,1.00,3.20
2010.06.29 14:30:52.991,6.5022,6.50515,1.00,1.00
2010.06.29 14:30:53.345,6.5022,6.5051,1.00,1.00
2010.06.29 14:30:53.683,6.5021,6.50525,1.00,1.60
2010.06.29 14:30:54.343,6.502,6.50505,2.40,1.00
2010.06.29 14:30:54.700,6.5017,6.50475,1.00,1.00
2010.06.29 14:30:56.860,6.5017,6.50475,1.00,1.00
2010.06.29 14:30:58.348,6.5017,6.5047,1.00,1.00
2010.06.29 14:30:58.683,6.5017,6.50425,1.00,1.60
2010.06.29 14:30:59.045,6.50155,6.50425,1.60,1.60
2010.06.29 14:30:59.397,6.50155,6.5042,1.60,1.00
2010.06.29 14:31:00.179,6.50155,6.5041,1.60,1.00
2010.06.29 14:31:00.518,6.50145,6.5041,1.00,1.00
2010.06.29 14:31:00.862,6.5012,6.5041,1.00,1.00
2010.06.29 14:31:01.214,6.50055,6.5037,1.00,1.00
2010.06.29 14:31:01.900,6.50055,6.5036,1.00,1.00
2010.06.29 14:31:02.567,6.5,6.50305,1.00,1.00
2010.06.29 14:31:02.931,6.4998,6.50285,1.00,1.00
2010.06.29 14:31:03.626,6.5,6.50305,1.00,1.00
2010.06.29 14:31:04.661,6.4998,6.50285,1.00,1.00
2010.06.29 14:31:05.640,6.49895,6.502,1.00,1.00
2010.06.29 14:31:07.373,6.49915,6.5022,1.00,1.00
2010.06.29 14:31:07.724,6.4988,6.50175,2.40,1.00
2010.06.29 14:31:08.371,6.4986,6.50165,1.00,1.00
2010.06.29 14:31:08.727,6.49815,6.5012,1.00,1.00
2010.06.29 14:31:09.726,6.49855,6.5016,1.00,1.00
2010.06.29 14:31:13.976,6.4991,6.50215,1.00,1.60
2010.06.29 14:31:14.234,6.4991,6.50215,1.00,1.00
2010.06.29 14:31:14.494,6.4989,6.50195,1.00,1.00
2010.06.29 14:31:15.202,6.4987,6.5017,2.40,1.00
2010.06.29 14:31:17.062,6.49865,6.5017,1.00,1.00
2010.06.29 14:31:17.903,6.49865,6.5015,1.00,1.00
2010.06.29 14:31:18.262,6.49865,6.5014,1.00,1.00
2010.06.29 14:31:18.613,6.4981,6.50115,1.00,1.00
2010.06.29 14:31:19.570,6.4981,6.501,1.00,1.00
2010.06.29 14:31:20.244,6.49755,6.5006,1.00,1.00
2010.06.29 14:31:20.592,6.49715,6.4999,1.60,1.60
2010.06.29 14:31:21.033,6.49685,6.4996,1.60,1.60
2010.06.29 14:31:21.386,6.49705,6.4996,1.00,1.60
2010.06.29 14:31:22.043,6.49705,6.49985,1.00,1.00
2010.06.29 14:31:22.398,6.49725,6.5,1.00,1.00
2010.06.29 14:31:23.012,6.49735,6.4999,1.60,1.00
2010.06.29 14:31:23.352,6.4979,6.5004,1.60,1.00
2010.06.29 14:31:24.059,6.49845,6.5012,1.60,1.60
2010.06.29 14:31:24.777,6.49925,6.50145,1.60,1.60
2010.06.29 14:31:25.472,6.49925,6.5015,1.60,1.60
2010.06.29 14:31:26.505,6.4987,6.5015,1.60,1.60
2010.06.29 14:31:26.852,6.4987,6.5015,1.60,1.70
2010.06.29 14:31:27.544,6.4987,6.501,1.60,1.60
2010.06.29 14:31:27.899,6.4982,6.501,1.60,1.60
2010.06.29 14:31:28.581,6.4982,6.501,1.60,1.70
2010.06.29 14:31:28.929,6.4982,6.5008,1.60,1.00
2010.06.29 14:31:29.273,6.4976,6.5007,1.00,1.00
2010.06.29 14:31:29.603,6.4976,6.50065,1.00,1.00
2010.06.29 14:31:29.935,6.49735,6.5002,1.70,1.60
2010.06.29 14:31:30.271,6.49735,6.49965,1.00,1.60
2010.06.29 14:31:30.615,6.497,6.50005,1.00,1.00
2010.06.29 14:31:31.588,6.4971,6.50015,1.00,1.00
2010.06.29 14:31:31.980,6.4974,6.5004,1.60,1.70
2010.06.29 14:31:32.326,6.4969,6.4999,2.40,2.40
2010.06.29 14:31:33.013,6.4969,6.4999,2.50,2.50
2010.06.29 14:31:33.366,6.4974,6.5004,1.70,1.00
2010.06.29 14:31:34.371,6.49715,6.5003,1.70,1.00
2010.06.29 14:31:34.648,6.49725,6.5002,1.00,1.00
2010.06.29 14:31:35.871,6.4977,6.5002,1.60,1.00
2010.06.29 14:31:36.212,6.4977,6.5004,1.60,1.00
2010.06.29 14:31:37.070,6.4977,6.50045,1.60,1.60
2010.06.29 14:31:37.416,6.4978,6.50045,1.00,1.60
2010.06.29 14:31:37.695,6.4977,6.50045,4.10,1.60
2010.06.29 14:31:38.280,6.49825,6.5007,1.60,1.00
2010.06.29 14:31:38.619,6.49835,6.5013,1.00,1.00
2010.06.29 14:31:39.360,6.49875,6.5013,1.60,1.00
2010.06.29 14:31:40.030,6.49875,6.5015,1.60,1.60
2010.06.29 14:31:40.370,6.49875,6.5014,1.60,1.00
2010.06.29 14:31:41.470,6.49875,6.5015,2.40,1.60
2010.06.29 14:31:41.825,6.49955,6.501,1.60,1.60
2010.06.29 14:31:43.325,6.49965,6.50245,1.60,1.00
2010.06.29 14:31:46.280,6.49965,6.50275,1.60,1.00
2010.06.29 14:31:46.962,6.49965,6.50265,1.60,1.60
2010.06.29 14:31:47.305,6.49965,6.50245,1.60,1.00
2010.06.29 14:31:47.650,6.49965,6.50225,1.60,1.00
2010.06.29 14:31:49.629,6.49965,6.5023,1.60,1.00
2010.06.29 14:31:50.381,6.49965,6.50245,1.60,1.00
2010.06.29 14:31:50.728,6.49965,6.5025,1.60,1.00
2010.06.29 14:31:51.069,6.49965,6.50255,1.60,1.00
2010.06.29 14:31:51.730,6.49965,6.5026,1.60,1.00
2010.06.29 14:31:52.786,6.49965,6.50265,1.60,2.40
2010.06.29 14:31:53.621,6.4988,6.5018,2.50,1.00
2010.06.29 14:31:54.518,6.4988,6.50155,2.40,1.60
2010.06.29 14:31:55.455,6.4988,6.5018,2.40,1.00
2010.06.29 14:31:56.152,6.4997,6.50205,1.60,1.00
2010.06.29 14:31:56.839,6.4997,6.50195,1.60,1.00
2010.06.29 14:31:57.187,6.4997,6.50205,1.70,1.00
2010.06.29 14:31:57.534,6.50025,6.5023,1.60,1.00
2010.06.29 14:31:58.511,6.50025,6.50255,1.60,1.00
2010.06.29 14:31:59.235,6.50025,6.50185,1.60,1.00
2010.06.29 14:31:59.581,6.50025,6.5018,1.60,1.00
2010.06.29 14:31:59.933,6.50025,6.5019,1.60,1.00
2010.06.29 14:32:00.283,6.50025,6.50175,1.60,1.60
2010.06.29 14:32:02.971,6.4989,6.5013,1.60,1.60
2010.06.29 14:32:03.274,6.4984,6.5012,1.00,1.60
2010.06.29 14:32:03.621,6.49825,6.5012,1.60,1.60
2010.06.29 14:32:03.976,6.4986,6.5016,1.00,1.00
2010.06.29 14:32:04.328,6.49895,6.5018,1.60,2.40
2010.06.29 14:32:05.012,6.4986,6.5013,1.00,1.60
2010.06.29 14:32:05.544,6.49845,6.5013,1.60,1.70
2010.06.29 14:32:06.231,6.49825,6.501,1.00,1.00
2010.06.29 14:32:06.586,6.4974,6.50035,1.00,1.60
2010.06.29 14:32:07.143,6.49765,6.5007,1.00,1.00
2010.06.29 14:32:07.494,6.4974,6.5004,1.00,1.00
2010.06.29 14:32:07.854,6.4976,6.5005,1.00,1.60
2010.06.29 14:32:08.203,6.4976,6.50065,1.00,1.00
2010.06.29 14:32:09.233,6.4975,6.50055,1.00,1.00
2010.06.29 14:32:11.283,6.49775,6.5006,1.70,1.00
2010.06.29 14:32:11.625,6.49775,6.5008,1.70,1.00
2010.06.29 14:32:11.943,6.49775,6.5007,1.70,1.00
2010.06.29 14:32:12.678,6.49775,6.50055,1.60,1.00
2010.06.29 14:32:12.988,6.4975,6.50055,1.00,1.00
2010.06.29 14:32:13.888,6.4973,6.5003,1.00,1.00
2010.06.29 14:32:14.227,6.4973,6.5003,1.00,1.00
2010.06.29 14:32:14.583,6.4973,6.5003,1.00,1.00
2010.06.29 14:32:15.565,6.49765,6.50035,1.00,1.60
2010.06.29 14:32:15.903,6.49775,6.5007,1.60,1.00
2010.06.29 14:32:16.252,6.4975,6.50055,1.00,1.00
2010.06.29 14:32:16.943,6.4973,6.50035,1.00,2.40
2010.06.29 14:32:17.293,6.4975,6.5005,1.00,1.00
2010.06.29 14:32:17.978,6.4975,6.50055,1.00,1.00
2010.06.29 14:32:19.130,6.49725,6.4989,1.60,1.60
2010.06.29 14:32:19.412,6.49765,6.50035,1.60,1.00
2010.06.29 14:32:20.024,6.49765,6.5005,1.60,1.00
2010.06.29 14:32:20.939,6.49705,6.4989,1.00,1.60
2010.06.29 14:32:21.277,6.49765,6.50055,1.60,1.00
2010.06.29 14:32:22.001,6.4972,6.50015,2.40,1.60
2010.06.29 14:32:22.672,6.4972,6.50015,2.40,1.00
2010.06.29 14:32:26.979,6.4971,6.4995,1.60,1.60
2010.06.29 14:32:27.444,6.497,6.4995,1.60,1.60
2010.06.29 14:32:27.618,6.497,6.5,1.60,1.00
2010.06.29 14:32:34.171,6.4966,6.4996,1.00,1.00
2010.06.29 14:32:35.925,6.4967,6.4996,1.00,1.00
2010.06.29 14:32:36.273,6.4967,6.49975,1.00,1.00
2010.06.29 14:32:37.308,6.497,6.49955,1.60,1.00
2010.06.29 14:32:37.534,6.497,6.49995,1.60,1.00
2010.06.29 14:32:38.270,6.497,6.5,1.60,1.00
2010.06.29 14:32:38.489,6.4967,6.49955,1.00,1.00
2010.06.29 14:32:39.209,6.4967,6.49975,1.00,1.00
2010.06.29 14:32:39.550,6.4968,6.49975,1.00,1.00
2010.06.29 14:32:40.582,6.4968,6.49975,1.00,1.00
2010.06.29 14:32:41.035,6.4967,6.49975,1.00,1.00
2010.06.29 14:32:41.263,6.4968,6.49975,1.00,1.00
2010.06.29 14:32:41.490,6.4967,6.49975,1.00,1.00
2010.06.29 14:32:41.717,6.4967,6.49975,1.00,1.00
2010.06.29 14:32:42.215,6.4967,6.4995,1.00,1.00
2010.06.29 14:32:42.586,6.49665,6.49835,1.00,1.60
2010.06.29 14:32:43.247,6.49655,6.49835,1.00,1.60
2010.06.29 14:32:43.874,6.4963,6.49815,2.40,1.60
2010.06.29 14:32:44.495,6.4963,6.49815,1.60,1.60
2010.06.29 14:32:47.223,6.4963,6.4987,1.60,1.60
2010.06.29 14:32:48.220,6.4963,6.49815,1.60,1.60
2010.06.29 14:32:48.538,6.4963,6.4987,1.60,1.60
2010.06.29 14:32:49.489,6.4963,6.49815,1.60,1.60
2010.06.29 14:32:57.447,6.4963,6.4987,1.60,1.60
2010.06.29 14:32:59.669,6.49685,6.4987,1.60,1.60
2010.06.29 14:33:03.680,6.49395,6.4973,1.00,1.60
2010.06.29 14:33:04.681,6.49475,6.4978,1.00,2.40
2010.06.29 14:33:04.908,6.4944,6.498,1.00,1.00
2010.06.29 14:33:05.812,6.4946,6.4979,1.00,1.00
2010.06.29 14:33:06.416,6.49485,6.498,1.00,1.00
2010.06.29 14:33:06.684,6.4945,6.4976,1.00,1.00
2010.06.29 14:33:07.052,6.4945,6.4974,1.00,1.00
2010.06.29 14:33:07.320,6.4943,6.4974,2.40,1.00
2010.06.29 14:33:08.562,6.49435,6.4974,1.00,1.00
2010.06.29 14:33:10.153,6.4943,6.4971,2.40,1.00
2010.06.29 14:33:10.782,6.49415,6.4971,1.00,1.00
2010.06.29 14:33:11.133,6.49415,6.49715,1.00,1.00
2010.06.29 14:33:12.271,6.494,6.49695,1.00,1.00
2010.06.29 14:33:13.049,6.49395,6.49695,1.00,1.00
2010.06.29 14:33:16.273,6.49395,6.49695,1.00,1.00
2010.06.29 14:33:16.625,6.4944,6.4965,1.60,1.60
2010.06.29 14:33:19.591,6.4944,6.49625,1.60,1.60
2010.06.29 14:33:20.338,6.49385,6.49575,1.60,1.60
2010.06.29 14:33:21.606,6.49385,6.49625,1.60,1.60
2010.06.29 14:33:22.166,6.4947,6.4968,1.00,1.00
2010.06.29 14:33:22.414,6.4947,6.49805,1.00,1.00
2010.06.29 14:33:22.768,6.4947,6.498,1.00,1.00
2010.06.29 14:33:23.120,6.495,6.49785,1.00,1.00
2010.06.29 14:33:23.477,6.4952,6.49825,1.00,1.00
2010.06.29 14:33:24.133,6.49535,6.4984,1.00,1.00
2010.06.29 14:33:24.486,6.4954,6.49845,1.00,2.40
2010.06.29 14:33:25.162,6.49585,6.49845,1.60,1.60
2010.06.29 14:33:26.140,6.4954,6.4984,1.00,1.00
2010.06.29 14:33:26.485,6.4953,6.4979,1.70,1.60
2010.06.29 14:33:27.236,6.4954,6.4983,1.00,1.00
2010.06.29 14:33:30.217,6.4954,6.4983,1.00,1.00
2010.06.29 14:33:31.268,6.4954,6.4983,1.00,1.00
2010.06.29 14:33:32.163,6.4953,6.4979,1.60,1.60
2010.06.29 14:33:34.541,6.4953,6.4971,1.60,1.60
2010.06.29 14:33:35.246,6.49405,6.4971,1.00,2.40
2010.06.29 14:33:35.589,6.4941,6.4971,1.00,2.40
2010.06.29 14:33:36.621,6.4942,6.4971,1.70,2.40
2010.06.29 14:33:37.310,6.4942,6.4971,1.60,2.50
2010.06.29 14:33:37.651,6.4942,6.4971,2.40,2.50
2010.06.29 14:33:38.630,6.4951,6.49655,1.60,1.60
2010.06.29 14:33:39.624,6.49565,6.4971,1.60,1.60
2010.06.29 14:33:41.218,6.49565,6.4976,1.60,1.60
2010.06.29 14:33:42.538,6.49565,6.4971,1.60,1.60
2010.06.29 14:33:44.300,6.49565,6.4976,1.60,1.60
2010.06.29 14:33:46.388,6.49565,6.4971,1.60,1.60
2010.06.29 14:33:48.681,6.49565,6.4976,1.60,1.60
2010.06.29 14:33:49.820,6.49615,6.4976,1.60,1.60
2010.06.29 14:33:50.798,6.49565,6.4976,1.60,1.60
2010.06.29 14:33:51.782,6.49565,6.4971,1.60,1.60
2010.06.29 14:33:53.542,6.4951,6.4971,1.60,1.60
2010.06.29 14:33:57.302,6.49565,6.49765,1.60,1.00
2010.06.29 14:33:57.582,6.49565,6.4979,1.60,1.60
2010.06.29 14:33:57.996,6.49565,6.49805,1.60,1.00
2010.06.29 14:33:58.273,6.4958,6.4984,1.60,1.00
2010.06.29 14:33:59.729,6.4958,6.49845,1.60,1.00
2010.06.29 14:33:59.957,6.4958,6.4985,1.60,1.70
2010.06.29 14:34:00.854,6.49565,6.4983,1.60,1.60
2010.06.29 14:34:01.534,6.49565,6.49805,1.60,1.60
2010.06.29 14:34:01.808,6.49615,6.49835,1.60,1.00
2010.06.29 14:34:02.347,6.49615,6.4986,1.60,1.70
2010.06.29 14:34:02.612,6.49565,6.49805,1.60,1.60
2010.06.29 14:34:03.680,6.4953,6.4982,1.00,1.00
2010.06.29 14:34:05.180,6.4953,6.498,1.00,1.00
2010.06.29 14:34:05.451,6.4953,6.4976,1.00,1.60
2010.06.29 14:34:05.823,6.49465,6.4976,1.00,1.60
2010.06.29 14:34:06.175,6.495,6.4976,1.60,1.60
2010.06.29 14:34:06.522,6.49455,6.4975,1.00,1.00
2010.06.29 14:34:07.208,6.49435,6.4971,1.00,1.70
2010.06.29 14:34:07.863,6.4941,6.49705,1.00,1.00
2010.06.29 14:34:08.652,6.494,6.497,1.00,1.70
2010.06.29 14:34:09.708,6.4942,6.497,1.00,1.60
2010.06.29 14:34:09.939,6.4945,6.497,1.60,1.60
2010.06.29 14:34:10.655,6.4945,6.497,1.60,1.70
2010.06.29 14:34:12.148,6.49395,6.4969,1.70,1.00
2010.06.29 14:34:13.009,6.49395,6.49645,1.60,1.60
2010.06.29 14:34:13.279,6.49395,6.49645,1.70,1.60
2010.06.29 14:34:13.626,6.49395,6.49645,1.60,1.60
2010.06.29 14:34:16.147,6.4941,6.497,1.00,2.50
2010.06.29 14:34:17.214,6.494,6.4969,1.00,1.00
2010.06.29 14:34:18.405,6.494,6.49645,1.00,1.60
2010.06.29 14:34:18.647,6.49395,6.49645,1.60,1.60
2010.06.29 14:34:20.663,6.494,6.49645,1.00,1.60
2010.06.29 14:34:23.328,6.49395,6.49645,1.60,1.60
2010.06.29 14:34:23.828,6.4939,6.49645,2.40,1.60
2010.06.29 14:34:24.180,6.4934,6.49595,1.60,1.60
2010.06.29 14:34:26.608,6.4934,6.49595,1.70,1.60
2010.06.29 14:34:27.278,6.4935,6.4964,1.00,1.00
2010.06.29 14:34:28.019,6.49395,6.49645,1.60,1.60
2010.06.29 14:34:32.106,6.49395,6.49575,1.60,1.60
2010.06.29 14:34:32.457,6.4937,6.49575,1.00,1.60
2010.06.29 14:34:32.708,6.49355,6.49575,1.00,1.60
2010.06.29 14:34:33.307,6.49395,6.49575,1.60,1.60
2010.06.29 14:34:34.270,6.4945,6.49625,1.60,1.60
2010.06.29 14:34:36.010,6.49395,6.49625,1.60,1.60
2010.06.29 14:34:36.699,6.4941,6.49625,1.00,1.60
2010.06.29 14:34:37.647,6.4945,6.49625,1.60,1.60
2010.06.29 14:34:37.987,6.49395,6.49625,1.60,1.60
2010.06.29 14:34:38.482,6.49395,6.49575,1.60,1.60
2010.06.29 14:34:38.732,6.4941,6.49625,1.00,1.60
2010.06.29 14:34:39.032,6.49405,6.49625,1.00,1.60
2010.06.29 14:34:39.638,6.49405,6.49575,1.00,1.60
2010.06.29 14:34:39.945,6.49405,6.49625,1.00,1.60
2010.06.29 14:34:40.600,6.49395,6.49575,2.40,1.60
2010.06.29 14:34:41.286,6.49395,6.49575,1.60,1.60
2010.06.29 14:34:41.930,6.49395,6.49575,2.40,1.60
2010.06.29 14:34:41.975,6.49395,6.49575,1.60,1.60
2010.06.29 14:34:42.200,6.4934,6.49575,2.40,1.60
2010.06.29 14:34:42.730,6.4936,6.49575,1.00,1.60
2010.06.29 14:34:42.950,6.49345,6.49575,1.00,1.60
2010.06.29 14:34:43.514,6.49395,6.49575,1.60,1.60
2010.06.29 14:34:44.716,6.49395,6.49575,2.40,1.60
2010.06.29 14:34:45.352,6.49395,6.49575,1.60,1.60
2010.06.29 14:34:46.459,6.494,6.49575,1.00,1.60
2010.06.29 14:34:46.807,6.49405,6.49575,1.00,1.60
2010.06.29 14:34:47.317,6.494,6.49575,1.00,1.60
2010.06.29 14:34:47.639,6.49395,6.49575,2.40,1.60
2010.06.29 14:34:49.388,6.4942,6.49575,1.00,1.60
2010.06.29 14:34:49.731,6.494,6.49625,1.00,1.60
2010.06.29 14:34:50.119,6.49395,6.49625,2.40,1.60
2010.06.29 14:34:50.476,6.4945,6.49625,1.60,1.60
2010.06.29 14:34:51.185,6.49395,6.49575,3.20,1.60
2010.06.29 14:34:51.533,6.49385,6.49625,1.00,1.60
2010.06.29 14:34:52.200,6.4924,6.4956,1.10,1.00
2010.06.29 14:34:52.552,6.49255,6.4958,1.00,1.00
2010.06.29 14:34:53.554,6.49255,6.4955,1.00,1.00
2010.06.29 14:34:54.467,6.49275,6.4958,1.00,1.70
2010.06.29 14:34:54.815,6.49275,6.4958,1.00,1.00
2010.06.29 14:34:55.464,6.4933,6.4963,1.00,1.00
2010.06.29 14:34:56.406,6.4933,6.4962,1.00,1.00
2010.06.29 14:34:57.119,6.4931,6.4961,1.00,1.00
2010.06.29 14:34:57.469,6.4931,6.49615,1.00,1.00
2010.06.29 14:35:01.814,6.4933,6.4962,1.00,1.00
2010.06.29 14:35:02.427,6.4933,6.49635,1.00,1.00
2010.06.29 14:35:02.779,6.4931,6.49615,1.00,1.00
2010.06.29 14:35:03.335,6.4931,6.49615,1.00,1.00
2010.06.29 14:35:03.682,6.4933,6.4963,1.00,1.00
2010.06.29 14:35:04.033,6.4931,6.49595,1.00,2.40
2010.06.29 14:35:04.381,6.4929,6.49595,1.00,2.40
2010.06.29 14:35:05.753,6.4931,6.49615,1.00,1.00
2010.06.29 14:35:09.056,6.4932,6.49615,1.00,1.00
2010.06.29 14:35:09.294,6.4936,6.49645,1.00,1.60
2010.06.29 14:35:09.827,6.4936,6.4966,1.00,1.00
2010.06.29 14:35:10.169,6.4936,6.49665,1.00,1.00
2010.06.29 14:35:10.507,6.49385,6.4967,1.00,1.00
2010.06.29 14:35:11.222,6.49365,6.4966,1.00,1.00
2010.06.29 14:35:14.976,6.49365,6.4967,1.00,1.00
2010.06.29 14:35:16.150,6.49365,6.4966,1.00,1.00
2010.06.29 14:35:17.489,6.49385,6.4968,1.00,1.00
2010.06.29 14:35:17.863,6.49365,6.4967,1.00,1.00
2010.06.29 14:35:18.182,6.49365,6.4966,1.00,1.00
2010.06.29 14:35:19.147,6.49365,6.4966,1.00,1.00
2010.06.29 14:35:20.361,6.49345,6.4965,1.00,1.00
2010.06.29 14:35:20.584,6.4931,6.49615,1.00,1.00
2010.06.29 14:35:21.174,6.4931,6.4961,1.00,1.00
2010.06.29 14:35:23.103,6.4933,6.4961,1.00,1.00
2010.06.29 14:35:25.858,6.4933,6.4962,1.00,1.00
2010.06.29 14:35:26.616,6.4933,6.496,1.00,1.00
2010.06.29 14:35:27.134,6.4931,6.4961,1.00,1.00
2010.06.29 14:35:28.478,6.4929,6.4958,1.00,1.00
2010.06.29 14:35:28.828,6.4927,6.4954,2.40,1.00
2010.06.29 14:35:29.190,6.4926,6.4954,1.00,1.00
2010.06.29 14:35:29.504,6.49205,6.495,1.00,1.00
2010.06.29 14:35:30.174,6.49205,6.49505,1.00,1.00
2010.06.29 14:35:31.518,6.492,6.4949,1.00,1.00
2010.06.29 14:35:31.876,6.492,6.49485,1.00,1.60
2010.06.29 14:35:32.220,6.49205,6.495,1.00,1.00
2010.06.29 14:35:33.179,6.49225,6.4953,1.00,1.00
2010.06.29 14:35:34.156,6.49225,6.4953,1.00,1.00
2010.06.29 14:35:34.495,6.49225,6.4953,1.00,1.00
2010.06.29 14:35:39.166,6.4918,6.49485,1.00,1.00
2010.06.29 14:35:42.418,6.4916,6.4945,2.40,1.00
2010.06.29 14:35:43.106,6.49145,6.4945,1.00,1.00
2010.06.29 14:35:44.647,6.49155,6.4946,1.00,1.00
2010.06.29 14:35:44.944,6.49135,6.49435,1.00,1.00
2010.06.29 14:35:45.569,6.49175,6.4948,1.00,1.00
2010.06.29 14:35:45.825,6.4914,6.4944,1.00,1.00
2010.06.29 14:35:47.781,6.49165,6.49465,1.00,1.60
2010.06.29 14:35:48.144,6.49165,6.49465,1.00,1.00
2010.06.29 14:35:48.843,6.49185,6.4949,1.00,1.00
2010.06.29 14:35:50.405,6.4927,6.49515,1.00,1.00
2010.06.29 14:35:50.704,6.49285,6.49585,1.00,1.00
2010.06.29 14:35:51.388,6.4933,6.49585,1.00,1.00
2010.06.29 14:35:51.730,6.4935,6.496,1.00,1.60
2010.06.29 14:35:52.166,6.4937,6.496,1.00,1.60
2010.06.29 14:35:52.444,6.4938,6.49645,1.00,1.00
2010.06.29 14:35:53.043,6.4941,6.4963,2.40,1.00
2010.06.29 14:35:53.393,6.4944,6.49765,1.00,1.00
2010.06.29 14:35:54.026,6.4946,6.49755,1.00,1.00
2010.06.29 14:35:54.381,6.4941,6.49705,2.40,1.00
2010.06.29 14:35:55.040,6.4941,6.4969,2.40,1.00
2010.06.29 14:35:56.000,6.4941,6.4971,2.60,1.00
2010.06.29 14:35:57.016,6.4941,6.4969,2.40,1.00
2010.06.29 14:35:58.790,6.49425,6.4973,1.00,1.60
2010.06.29 14:35:59.447,6.4941,6.4971,2.50,1.00
2010.06.29 14:36:02.666,6.4941,6.4969,2.40,1.00
2010.06.29 14:36:03.619,6.4941,6.4971,2.40,1.00
2010.06.29 14:36:08.805,6.4941,6.4969,2.40,1.00
2010.06.29 14:36:09.902,6.4941,6.49655,2.40,1.00
2010.06.29 14:36:10.498,6.49355,6.49655,1.00,1.00
2010.06.29 14:36:11.834,6.49375,6.49675,1.00,1.00
2010.06.29 14:36:12.126,6.49355,6.49655,1.00,1.00
2010.06.29 14:36:13.042,6.49375,6.4968,1.00,1.70
2010.06.29 14:36:13.341,6.4939,6.4968,1.00,1.00
2010.06.29 14:36:13.628,6.49375,6.49675,1.00,1.00
2010.06.29 14:36:14.138,6.4936,6.49655,1.00,1.00
2010.06.29 14:36:15.479,6.4938,6.4968,1.00,1.00
2010.06.29 14:36:15.757,6.49405,6.4971,1.00,1.00
2010.06.29 14:36:17.189,6.4943,6.49725,1.00,1.00
2010.06.29 14:36:17.494,6.4943,6.4973,1.00,1.00
2010.06.29 14:36:18.161,6.4945,6.4973,1.00,1.00
2010.06.29 14:36:18.514,6.4946,6.49765,1.00,1.00
2010.06.29 14:36:18.860,6.4944,6.4973,1.00,1.00
2010.06.29 14:36:19.554,6.4942,6.4971,1.00,1.00
2010.06.29 14:36:20.180,6.4941,6.4971,2.50,1.00
2010.06.29 14:36:21.490,6.49425,6.4973,1.00,1.70
2010.06.29 14:36:21.840,6.4941,6.4971,2.50,1.00
2010.06.29 14:36:22.954,6.4941,6.4969,2.40,1.00
2010.06.29 14:36:26.114,6.4943,6.4973,1.00,1.00
2010.06.29 14:36:26.461,6.4945,6.4973,1.00,1.00
2010.06.29 14:36:27.450,6.4944,6.4973,1.00,1.00
2010.06.29 14:36:29.736,6.4948,6.49755,1.00,1.00
2010.06.29 14:36:29.992,6.4948,6.4978,1.00,1.00
2010.06.29 14:36:30.258,6.4948,6.49785,1.00,1.60
2010.06.29 14:36:30.959,6.4949,6.4978,1.00,1.00
2010.06.29 14:36:31.798,6.4949,6.4978,1.00,1.00
2010.06.29 14:36:32.377,6.4948,6.4978,1.00,1.00
2010.06.29 14:36:32.667,6.4949,6.4978,1.00,1.00
2010.06.29 14:36:34.250,6.4948,6.49785,1.00,1.60
2010.06.29 14:36:34.597,6.4948,6.4978,1.00,1.00
2010.06.29 14:36:34.854,6.4948,6.49735,1.00,1.00
2010.06.29 14:36:35.113,6.4942,6.4971,1.60,1.00
2010.06.29 14:36:36.200,6.4942,6.497,1.60,1.00
2010.06.29 14:36:36.894,6.4944,6.4973,1.00,1.00
2010.06.29 14:36:37.247,6.4945,6.4972,1.00,1.00
2010.06.29 14:36:37.665,6.4945,6.4972,1.00,1.60
2010.06.29 14:36:38.014,6.4952,6.49735,1.60,1.00
2010.06.29 14:36:38.363,6.4957,6.49735,1.60,1.00
2010.06.29 14:36:38.995,6.4957,6.4981,1.60,1.00
2010.06.29 14:36:39.581,6.4957,6.49815,1.60,1.00
2010.06.29 14:36:39.881,6.4957,6.4981,1.60,1.00
2010.06.29 14:36:40.224,6.4957,6.49815,1.60,1.00
2010.06.29 14:36:40.489,6.4952,6.49815,1.70,1.00
2010.06.29 14:36:40.997,6.4952,6.4979,1.60,1.00
2010.06.29 14:36:41.616,6.4952,6.4977,1.60,1.00
2010.06.29 14:36:41.958,6.4952,6.49755,1.60,1.00
2010.06.29 14:36:42.701,6.4952,6.49715,1.60,1.00
2010.06.29 14:36:43.044,6.4952,6.49765,1.60,1.00
2010.06.29 14:36:43.668,6.4952,6.4976,1.60,1.00
2010.06.29 14:36:43.961,6.4952,6.4973,1.60,1.00
2010.06.29 14:36:45.129,6.4952,6.4975,1.60,1.00
2010.06.29 14:36:45.482,6.4952,6.49765,1.60,1.00
2010.06.29 14:36:46.118,6.4952,6.4979,1.60,1.00
2010.06.29 14:36:46.818,6.4957,6.4979,1.60,1.00
2010.06.29 14:36:47.175,6.4952,6.4976,1.60,1.00
2010.06.29 14:36:47.874,6.4952,6.4977,1.60,1.00
2010.06.29 14:36:48.130,6.4952,6.4978,1.60,1.00
2010.06.29 14:36:48.674,6.4952,6.49765,1.60,1.00
2010.06.29 14:36:49.023,6.4952,6.4971,1.60,1.60
2010.06.29 14:36:49.670,6.4952,6.49655,1.60,1.60
2010.06.29 14:36:50.657,6.4957,6.4971,1.60,1.60
2010.06.29 14:36:51.000,6.4952,6.4971,1.60,1.60
2010.06.29 14:36:51.668,6.4952,6.49655,1.60,1.60
2010.06.29 14:36:53.663,6.4952,6.4971,1.60,1.60
2010.06.29 14:36:57.010,6.4952,6.49655,1.60,1.60
2010.06.29 14:36:58.164,6.4952,6.4971,1.60,1.60
2010.06.29 14:37:02.847,6.4957,6.4971,1.60,1.60
2010.06.29 14:37:04.177,6.4957,6.4985,1.60,1.60
2010.06.29 14:37:05.089,6.4957,6.4986,1.60,1.00
2010.06.29 14:37:05.800,6.4957,6.4983,1.60,1.00
2010.06.29 14:37:06.801,6.4957,6.4985,1.60,1.00
2010.06.29 14:37:07.796,6.4957,6.4984,1.60,1.00
2010.06.29 14:37:08.447,6.4957,6.4985,1.60,1.00
2010.06.29 14:37:08.969,6.4957,6.4984,1.60,1.00
2010.06.29 14:37:09.778,6.4957,6.4985,1.60,1.00
2010.06.29 14:37:10.604,6.4957,6.4985,1.60,1.00
2010.06.29 14:37:11.634,6.4957,6.4985,1.70,1.00
2010.06.29 14:37:11.970,6.4957,6.4984,1.60,1.00
2010.06.29 14:37:12.326,6.49565,6.4981,1.60,1.00
2010.06.29 14:37:12.665,6.49565,6.498,1.60,1.00
2010.06.29 14:37:13.229,6.49565,6.498,1.60,1.00
2010.06.29 14:37:14.620,6.49565,6.4979,1.60,1.00
2010.06.29 14:37:14.895,6.49565,6.4978,1.60,1.00
2010.06.29 14:37:15.176,6.49565,6.4979,1.60,1.00
2010.06.29 14:37:15.754,6.49565,6.4971,1.60,1.60
2010.06.29 14:37:24.360,6.49565,6.4976,1.60,1.60
2010.06.29 14:37:30.148,6.49565,6.4983,1.70,1.00
2010.06.29 14:37:30.356,6.49565,6.4988,1.70,1.00
2010.06.29 14:37:30.566,6.4957,6.4988,1.60,1.00
2010.06.29 14:37:30.816,6.49575,6.4988,1.00,1.00
2010.06.29 14:37:31.405,6.49595,6.4989,1.00,1.00
2010.06.29 14:37:32.298,6.49595,6.4988,1.00,1.00
2010.06.29 14:37:32.917,6.4958,6.49875,1.00,1.00
2010.06.29 14:37:33.285,6.4957,6.4987,1.00,1.00
2010.06.29 14:37:33.622,6.4957,6.4987,1.00,1.00
2010.06.29 14:37:38.106,6.4958,6.49875,1.00,1.00
2010.06.29 14:37:38.346,6.4958,6.4987,1.00,1.00
2010.06.29 14:37:39.061,6.4959,6.49875,1.00,1.00
2010.06.29 14:37:39.371,6.4958,6.4987,1.00,1.00
2010.06.29 14:37:47.522,6.49615,6.4987,1.60,1.00
2010.06.29 14:37:47.849,6.4958,6.49825,1.00,1.60
2010.06.29 14:37:48.470,6.4957,6.49825,1.80,1.60
2010.06.29 14:37:48.826,6.4957,6.49825,1.60,2.40
2010.06.29 14:37:49.562,6.4957,6.49825,1.60,1.60
2010.06.29 14:37:50.208,6.4954,6.4977,1.00,1.60
2010.06.29 14:37:50.549,6.4953,6.49825,1.00,2.40
2010.06.29 14:37:51.387,6.4957,6.49825,1.60,1.60
2010.06.29 14:37:59.046,6.4957,6.4977,1.60,1.60
2010.06.29 14:37:59.434,6.4952,6.4977,2.40,1.60
2010.06.29 14:37:59.612,6.4951,6.4977,1.60,1.60
2010.06.29 14:38:02.042,6.4948,6.49765,1.00,1.00
2010.06.29 14:38:02.518,6.4949,6.49765,1.00,1.00
2010.06.29 14:38:03.698,6.4948,6.49765,1.00,1.00
2010.06.29 14:38:04.573,6.4951,6.4977,1.60,1.60
2010.06.29 14:38:06.397,6.4951,6.4977,1.70,1.60
2010.06.29 14:38:07.038,6.4951,6.4977,1.60,1.60
2010.06.29 14:38:09.305,6.4948,6.4976,1.00,2.40
2010.06.29 14:38:09.582,6.4951,6.4976,1.60,2.40
2010.06.29 14:38:09.858,6.4951,6.4976,1.60,1.60
2010.06.29 14:38:10.453,6.4951,6.4976,1.60,2.40
2010.06.29 14:38:10.592,6.4951,6.4974,1.60,1.00
2010.06.29 14:38:10.736,6.4946,6.4971,2.40,1.60
2010.06.29 14:38:11.156,6.49455,6.4971,1.60,1.60
2010.06.29 14:38:17.982,6.49455,6.4969,1.60,1.00
2010.06.29 14:38:18.263,6.49405,6.49655,1.60,1.60
2010.06.29 14:38:19.931,6.4941,6.497,1.00,1.00
2010.06.29 14:38:20.281,6.4953,6.4971,1.60,1.00
2010.06.29 14:38:20.633,6.4953,6.49715,1.60,1.60
2010.06.29 14:38:22.602,6.49605,6.49715,1.60,1.60
2010.06.29 14:38:25.001,6.4946,6.49715,1.00,1.60
2010.06.29 14:38:25.218,6.4946,6.49715,1.60,1.60
2010.06.29 14:38:26.757,6.4948,6.4977,2.50,1.60
2010.06.29 14:38:27.368,6.4948,6.4977,1.70,1.60
2010.06.29 14:38:27.849,6.4948,6.49715,1.70,1.60
2010.06.29 14:38:28.094,6.4948,6.4977,1.60,1.70
2010.06.29 14:38:28.664,6.4948,6.49715,1.60,1.60
2010.06.29 14:38:32.058,6.4948,6.4977,1.70,1.60
2010.06.29 14:38:32.398,6.49595,6.49815,1.60,1.00
2010.06.29 14:38:33.715,6.49615,6.49855,1.60,1.00
2010.06.29 14:38:34.958,6.49615,6.49875,1.60,1.00
2010.06.29 14:38:35.117,6.49615,6.4988,1.60,1.00
2010.06.29 14:38:35.436,6.49695,6.4992,1.00,1.00
2010.06.29 14:38:35.833,6.49765,6.4992,1.00,1.00
2010.06.29 14:38:36.014,6.4977,6.5008,1.00,1.00
2010.06.29 14:38:37.762,6.4977,6.5008,1.00,1.00
2010.06.29 14:38:38.082,6.4979,6.5006,1.00,1.00
2010.06.29 14:38:38.677,6.4979,6.5008,1.00,1.00
2010.06.29 14:38:39.563,6.4979,6.50085,1.00,1.00
2010.06.29 14:38:40.263,6.4978,6.50085,1.00,1.60
2010.06.29 14:38:40.611,6.4977,6.5006,1.00,1.00
2010.06.29 14:38:41.456,6.49765,6.5006,1.00,1.00
2010.06.29 14:38:41.799,6.49765,6.5003,1.00,1.00
2010.06.29 14:38:45.131,6.4972,6.5003,1.00,1.60
2010.06.29 14:38:45.440,6.4972,6.5001,1.00,1.00
2010.06.29 14:38:46.120,6.4973,6.5001,1.00,1.00
2010.06.29 14:38:47.497,6.4974,6.5003,1.00,1.00
2010.06.29 14:38:47.805,6.4976,6.5003,1.60,1.00
2010.06.29 14:38:48.374,6.4976,6.5005,1.70,1.00
2010.06.29 14:38:51.618,6.4978,6.5005,1.00,1.00
2010.06.29 14:38:52.194,6.4977,6.50065,1.00,1.00
2010.06.29 14:38:52.541,6.4979,6.50065,1.00,1.00
2010.06.29 14:38:52.690,6.498,6.50105,1.00,1.00
2010.06.29 14:38:53.459,6.49825,6.50105,1.00,1.00
2010.06.29 14:38:53.607,6.4985,6.50155,1.00,1.00
2010.06.29 14:38:54.305,6.4984,6.50135,1.00,1.00
2010.06.29 14:38:54.648,6.49835,6.50135,1.00,1.00
2010.06.29 14:38:54.993,6.4986,6.50135,1.00,1.00
2010.06.29 14:38:55.342,6.49915,6.50185,1.00,1.00
2010.06.29 14:38:55.690,6.4994,6.50255,1.60,1.00
2010.06.29 14:38:56.305,6.4994,6.50285,1.60,1.00
2010.06.29 14:38:56.637,6.4996,6.50305,1.00,1.00
2010.06.29 14:38:56.977,6.4997,6.50305,1.00,1.00
2010.06.29 14:38:57.320,6.4997,6.5028,1.00,1.00
2010.06.29 14:38:57.683,6.4996,6.5028,1.00,1.00
2010.06.29 14:38:58.120,6.4997,6.5028,1.00,1.00
2010.06.29 14:38:58.683,6.4996,6.5028,1.00,1.00
2010.06.29 14:38:59.342,6.4996,6.5028,1.00,1.00
2010.06.29 14:39:00.030,6.5004,6.50295,1.00,1.00
2010.06.29 14:39:00.382,6.5004,6.5033,1.00,1.00
2010.06.29 14:39:01.006,6.4986,6.5025,1.00,2.40
2010.06.29 14:39:02.035,6.4988,6.502,1.00,1.60
2010.06.29 14:39:03.389,6.4992,6.50225,1.00,1.00
2010.06.29 14:39:04.396,6.4997,6.50225,1.00,1.00
2010.06.29 14:39:04.746,6.49955,6.5026,1.00,1.00
2010.06.29 14:39:05.096,6.49935,6.5025,1.00,1.00
2010.06.29 14:39:05.445,6.499,6.5025,1.00,1.00
2010.06.29 14:39:05.799,6.499,6.5022,1.00,1.00
2010.06.29 14:39:06.850,6.499,6.5023,1.00,1.00
2010.06.29 14:39:07.790,6.4992,6.5024,1.00,1.00
2010.06.29 14:39:08.608,6.49915,6.50245,1.00,1.00
2010.06.29 14:39:08.888,6.49935,6.50245,1.70,1.00
2010.06.29 14:39:11.237,6.49945,6.50245,1.00,1.00
2010.06.29 14:39:11.490,6.49945,6.5025,1.00,1.00
2010.06.29 14:39:13.084,6.4995,6.5025,1.00,1.00
2010.06.29 14:39:13.588,6.4997,6.5027,1.00,1.00
2010.06.29 14:39:15.570,6.4993,6.5022,1.00,1.00
2010.06.29 14:39:15.855,6.49965,6.5024,1.00,1.00
2010.06.29 14:39:16.224,6.49985,6.50255,1.00,1.60
2010.06.29 14:39:16.513,6.4997,6.50255,1.00,1.60
2010.06.29 14:39:16.791,6.4997,6.5027,1.00,1.00
2010.06.29 14:39:18.256,6.4999,6.5027,1.60,1.00
2010.06.29 14:39:18.777,6.4999,6.5029,1.70,1.00
2010.06.29 14:39:19.053,6.4999,6.5027,1.80,1.00
2010.06.29 14:39:19.319,6.4999,6.5027,1.70,1.00
2010.06.29 14:39:20.207,6.4999,6.5029,1.70,1.00
2010.06.29 14:39:21.327,6.4999,6.5029,1.70,1.00
2010.06.29 14:39:22.128,6.4999,6.5029,1.80,1.00
2010.06.29 14:39:23.525,6.4999,6.50295,1.80,1.00
2010.06.29 14:39:25.827,6.5,6.50295,1.00,1.00
2010.06.29 14:39:26.070,6.50045,6.50305,1.60,1.00
2010.06.29 14:39:26.632,6.5002,6.50325,1.00,1.00
2010.06.29 14:39:26.979,6.5002,6.5032,1.00,1.00
2010.06.29 14:39:27.968,6.50045,6.5032,1.70,1.00
2010.06.29 14:39:28.662,6.5005,6.5032,1.00,1.00
2010.06.29 14:39:29.348,6.5005,6.50325,1.00,1.00
2010.06.29 14:39:30.310,6.50045,6.50335,1.70,1.00
2010.06.29 14:39:31.048,6.5002,6.50315,1.00,1.00
2010.06.29 14:39:32.478,6.5002,6.50325,1.00,1.60
2010.06.29 14:39:33.728,6.50055,6.50355,1.60,1.60
2010.06.29 14:39:34.050,6.50055,6.5034,1.60,1.00
2010.06.29 14:39:34.419,6.50055,6.50245,1.60,1.60
2010.06.29 14:39:34.768,6.50025,6.50245,1.00,1.60
2010.06.29 14:39:35.424,6.5004,6.50245,1.00,1.60
2010.06.29 14:39:36.922,6.50055,6.50245,1.60,1.60
2010.06.29 14:39:41.502,6.4992,6.50195,1.60,1.60
2010.06.29 14:39:42.448,6.4992,6.50195,1.70,1.60
2010.06.29 14:39:43.125,6.4994,6.50195,2.50,1.60
2010.06.29 14:39:43.472,6.4994,6.50195,2.40,1.60
2010.06.29 14:39:43.823,6.4994,6.50185,1.60,1.60
2010.06.29 14:39:44.173,6.4994,6.5016,1.60,1.60
2010.06.29 14:39:48.159,6.4994,6.50145,1.60,1.60
2010.06.29 14:40:01.918,6.49935,6.50145,1.60,1.60
2010.06.29 14:40:02.799,6.49935,6.5014,1.60,1.00
2010.06.29 14:40:03.293,6.49885,6.5014,1.00,1.00
2010.06.29 14:40:03.504,6.4988,6.50115,1.60,1.00
2010.06.29 14:40:05.516,6.4988,6.50145,1.60,1.60
2010.06.29 14:40:09.615,6.4988,6.5009,1.60,1.60
2010.06.29 14:40:14.700,6.49825,6.50035,1.60,1.60
2010.06.29 14:40:19.853,6.4988,6.5009,1.60,2.50
2010.06.29 14:40:20.389,6.4988,6.5008,1.60,1.00
2010.06.29 14:40:20.626,6.49935,6.5008,1.60,1.00
2010.06.29 14:40:20.968,6.49935,6.5006,1.60,1.00
2010.06.29 14:40:21.658,6.4988,6.50145,1.60,1.60
2010.06.29 14:40:22.469,6.4988,6.5014,1.60,1.00
2010.06.29 14:40:23.134,6.4988,6.50145,1.60,1.60
2010.06.29 14:40:23.481,6.4988,6.50145,1.60,2.40
2010.06.29 14:40:23.859,6.4988,6.5009,1.60,1.60
2010.06.29 14:40:24.192,6.4988,6.5014,1.60,1.00
2010.06.29 14:40:25.155,6.4988,6.5009,1.60,1.60
2010.06.29 14:40:30.740,6.49825,6.5009,1.60,1.60
2010.06.29 14:40:31.623,6.4988,6.5009,1.60,1.60
2010.06.29 14:40:33.519,6.49815,6.50005,1.60,1.60
2010.06.29 14:40:33.757,6.49785,6.4996,1.00,2.40
2010.06.29 14:40:33.999,6.4969,6.4991,1.00,1.00
2010.06.29 14:40:34.383,6.4966,6.4991,1.00,1.00
2010.06.29 14:40:34.478,6.4965,6.4991,1.00,1.00
2010.06.29 14:40:35.427,6.49685,6.49885,1.00,1.00
2010.06.29 14:40:36.117,6.49435,6.498,1.00,1.00
2010.06.29 14:40:36.465,6.4943,6.498,1.00,1.00
2010.06.29 14:40:37.387,6.49465,6.4972,1.00,1.00
2010.06.29 14:40:38.513,6.4947,6.497,1.00,1.00
2010.06.29 14:40:38.862,6.494,6.4967,1.00,1.00
2010.06.29 14:40:39.363,6.4942,6.4967,1.00,1.00
2010.06.29 14:40:39.718,6.4936,6.496,1.00,1.00
2010.06.29 14:40:40.356,6.4924,6.49555,1.10,1.00
2010.06.29 14:40:40.702,6.4924,6.49555,1.00,1.00
2010.06.29 14:40:41.048,6.4924,6.4957,1.00,1.00
2010.06.29 14:40:41.998,6.49235,6.4957,1.00,1.00
2010.06.29 14:40:42.347,6.4921,6.4953,2.50,1.00
2010.06.29 14:40:42.521,6.49205,6.4953,1.60,1.00
2010.06.29 14:40:42.692,6.492,6.495,1.00,1.00
2010.06.29 14:40:43.164,6.49175,6.495,1.00,1.00
2010.06.29 14:40:44.336,6.49175,6.4948,1.00,1.00
2010.06.29 14:40:45.048,6.49165,6.4946,1.00,1.00
2010.06.29 14:40:45.327,6.4915,6.4946,1.70,1.00
2010.06.29 14:40:45.469,6.4915,6.4944,1.00,1.00
2010.06.29 14:40:46.009,6.4911,6.4943,2.40,1.00
2010.06.29 14:40:46.299,6.4905,6.4938,1.00,1.70
2010.06.29 14:40:46.583,6.4905,6.49345,1.00,1.60
2010.06.29 14:40:46.942,6.49085,6.4948,1.00,1.00
2010.06.29 14:40:47.634,6.49085,6.4947,1.00,1.00
2010.06.29 14:40:48.342,6.4909,6.4946,1.00,1.00
2010.06.29 14:40:49.624,6.4909,6.4948,1.00,2.50
2010.06.29 14:40:49.944,6.49065,6.4946,1.00,1.00
2010.06.29 14:40:50.950,6.49085,6.4946,1.00,1.00
2010.06.29 14:40:51.297,6.49065,6.4937,1.00,1.00
2010.06.29 14:40:52.103,6.4937,6.495,2.40,1.00
2010.06.29 14:40:52.338,6.4937,6.4972,2.40,1.00
2010.06.29 14:40:52.581,6.4937,6.4969,2.40,1.00
2010.06.29 14:40:53.608,6.4947,6.4965,2.40,1.00
2010.06.29 14:40:53.884,6.4947,6.498,2.40,1.00
2010.06.29 14:40:54.159,6.4947,6.4981,2.40,1.00
2010.06.29 14:40:54.681,6.4947,6.49825,2.40,1.00
2010.06.29 14:40:55.265,6.4947,6.498,2.40,1.00
2010.06.29 14:40:55.524,6.4947,6.4982,2.40,1.00
2010.06.29 14:40:56.090,6.4947,6.49825,2.40,1.00
2010.06.29 14:40:56.451,6.4942,6.49775,1.00,1.00
2010.06.29 14:40:56.820,6.4941,6.4976,2.40,1.00
2010.06.29 14:40:57.175,6.4941,6.4977,2.40,1.00
2010.06.29 14:40:57.885,6.4941,6.49735,2.40,1.00
2010.06.29 14:40:59.596,6.4934,6.49695,2.40,1.00
2010.06.29 14:40:59.954,6.4934,6.4968,2.40,1.00
2010.06.29 14:41:00.588,6.4934,6.49695,2.40,1.00
2010.06.29 14:41:01.609,6.4934,6.49685,2.40,1.00
2010.06.29 14:41:02.294,6.49385,6.497,1.00,1.00
2010.06.29 14:41:02.682,6.4941,6.497,2.40,1.00
2010.06.29 14:41:02.949,6.4941,6.49715,2.40,1.00
2010.06.29 14:41:03.208,6.49385,6.4969,1.00,1.00
2010.06.29 14:41:03.546,6.49415,6.4969,1.00,1.00
2010.06.29 14:41:03.896,6.4946,6.49735,1.60,1.00
2010.06.29 14:41:04.543,6.4947,6.49735,1.60,1.00
2010.06.29 14:41:07.583,6.4947,6.4976,1.60,1.60
2010.06.29 14:41:10.350,6.49505,6.4976,1.60,1.60
2010.06.29 14:41:10.528,6.4951,6.49755,1.60,1.00
2010.06.29 14:41:13.048,6.4951,6.4976,1.60,1.00
2010.06.29 14:41:13.383,6.49455,6.49745,2.40,1.00
2010.06.29 14:41:13.727,6.49455,6.49745,1.60,1.00
2010.06.29 14:41:14.062,6.49455,6.49715,1.60,1.60
2010.06.29 14:41:15.057,6.49455,6.4971,1.60,1.00
2010.06.29 14:41:15.741,6.49455,6.49715,1.60,1.60
2010.06.29 14:41:20.161,6.49455,6.497,1.60,1.00
2010.06.29 14:41:20.368,6.49455,6.4971,1.60,1.00
2010.06.29 14:41:21.356,6.49455,6.497,1.60,1.00
2010.06.29 14:41:21.559,6.49455,6.4971,1.60,1.00
2010.06.29 14:41:21.756,6.49455,6.49715,1.60,1.60
2010.06.29 14:41:22.627,6.49555,6.49715,1.60,1.60
2010.06.29 14:41:23.307,6.49435,6.49715,1.60,1.60
2010.06.29 14:41:24.808,6.4946,6.4975,1.00,1.00
2010.06.29 14:41:25.074,6.49455,6.49715,1.60,1.60
2010.06.29 14:41:25.928,6.4953,6.49725,1.60,1.00
2010.06.29 14:41:26.607,6.4953,6.4975,1.60,1.00
2010.06.29 14:41:26.956,6.4953,6.4975,1.60,1.60
2010.06.29 14:41:27.268,6.49585,6.4975,1.60,1.00
2010.06.29 14:41:28.219,6.49585,6.4977,1.60,1.60
2010.06.29 14:41:28.558,6.4953,6.4977,1.60,2.40
2010.06.29 14:41:29.894,6.49585,6.4977,1.60,1.60
2010.06.29 14:41:35.726,6.4951,6.4977,1.60,1.60
2010.06.29 14:41:37.040,6.4951,6.4977,1.60,1.70
2010.06.29 14:41:41.236,6.4951,6.4977,1.60,1.60
2010.06.29 14:41:42.650,6.4951,6.4977,1.60,1.70
2010.06.29 14:41:42.880,6.4951,6.4976,1.60,1.00
2010.06.29 14:41:45.209,6.4951,6.4977,1.60,1.60
2010.06.29 14:41:45.411,6.49575,6.49825,1.00,2.40
2010.06.29 14:41:45.612,6.49615,6.49825,1.60,1.00
2010.06.29 14:41:46.153,6.49615,6.4987,1.60,1.00
2010.06.29 14:41:46.505,6.49575,6.4986,1.00,1.00
2010.06.29 14:41:46.861,6.49575,6.4985,1.00,1.00
2010.06.29 14:41:47.215,6.49575,6.4986,1.00,1.00
2010.06.29 14:41:53.402,6.49575,6.4985,1.00,1.00
2010.06.29 14:41:55.641,6.49575,6.4986,1.00,1.00
2010.06.29 14:41:55.911,6.49615,6.4986,1.60,1.00
2010.06.29 14:41:56.663,6.49575,6.4985,1.00,1.00
2010.06.29 14:41:57.016,6.49575,6.4985,1.00,1.00
2010.06.29 14:41:57.667,6.49615,6.4985,1.60,1.00
2010.06.29 14:41:58.004,6.49615,6.4986,1.60,1.00
2010.06.29 14:41:58.904,6.49595,6.4986,1.00,1.00
2010.06.29 14:41:59.242,6.49615,6.4986,1.60,1.00
2010.06.29 14:42:07.125,6.49615,6.49875,1.60,1.60
2010.06.29 14:42:07.471,6.49615,6.4986,1.60,1.00
2010.06.29 14:42:09.205,6.49615,6.4986,1.60,1.00
2010.06.29 14:42:10.490,6.49615,6.4986,1.60,1.00
2010.06.29 14:42:12.343,6.49615,6.4987,1.60,1.00
2010.06.29 14:42:12.560,6.49615,6.4986,1.60,1.00
2010.06.29 14:42:13.476,6.49615,6.4987,1.60,1.00
2010.06.29 14:42:14.774,6.49615,6.49875,1.60,1.60
2010.06.29 14:42:16.367,6.4962,6.49875,1.00,1.60
2010.06.29 14:42:16.925,6.4963,6.499,1.00,1.00
2010.06.29 14:42:17.182,6.4964,6.4991,1.00,1.00
2010.06.29 14:42:20.559,6.4963,6.499,1.00,1.00
2010.06.29 14:42:20.987,6.4963,6.49875,1.00,1.60
2010.06.29 14:42:21.630,6.49615,6.49875,1.60,1.60
2010.06.29 14:42:21.890,6.4961,6.4985,2.40,1.00
2010.06.29 14:42:22.278,6.4958,6.4985,1.00,1.00
2010.06.29 14:42:22.623,6.4958,6.49825,1.00,1.60
2010.06.29 14:42:23.295,6.4959,6.4985,1.00,1.00
2010.06.29 14:42:23.971,6.4957,6.49825,1.00,1.60
2010.06.29 14:42:30.259,6.49565,6.498,1.60,1.00
2010.06.29 14:42:30.765,6.49555,6.498,1.00,1.00
2010.06.29 14:42:31.063,6.4953,6.4977,1.00,1.60
2010.06.29 14:42:31.600,6.4954,6.498,1.00,1.00
2010.06.29 14:42:33.993,6.49565,6.498,1.60,1.00
2010.06.29 14:42:34.993,6.4954,6.4977,1.00,1.60
2010.06.29 14:42:35.604,6.4949,6.4975,1.00,1.00
2010.06.29 14:42:35.871,6.4948,6.4974,1.00,1.00
2010.06.29 14:42:36.554,6.4949,6.4975,1.00,1.00
2010.06.29 14:42:38.266,6.4947,6.49715,1.00,1.60
2010.06.29 14:42:38.800,6.4947,6.4973,1.00,1.00
2010.06.29 14:42:39.034,6.4949,6.4974,1.00,1.00
2010.06.29 14:42:39.727,6.4949,6.4975,1.00,1.00
2010.06.29 14:42:40.407,6.4948,6.4974,1.00,1.00
2010.06.29 14:42:40.792,6.4948,6.4974,1.00,1.00
2010.06.29 14:42:41.115,6.4949,6.4974,1.00,1.00
2010.06.29 14:42:44.466,6.4949,6.4975,1.00,1.00
2010.06.29 14:42:49.606,6.4951,6.4975,1.60,1.00
2010.06.29 14:42:50.121,6.4951,6.4975,1.60,1.00
2010.06.29 14:42:53.197,6.4951,6.4974,1.60,1.00
2010.06.29 14:42:53.639,6.4951,6.4976,1.60,1.00
2010.06.29 14:42:54.215,6.4951,6.4975,1.60,1.00
2010.06.29 14:42:54.949,6.4951,6.49765,1.70,1.00
2010.06.29 14:42:55.287,6.4953,6.49765,1.00,1.00
2010.06.29 14:42:55.538,6.4954,6.49765,1.00,1.00
2010.06.29 14:42:57.369,6.4954,6.4977,1.00,1.00
2010.06.29 14:43:00.304,6.4953,6.4976,1.00,1.00
2010.06.29 14:43:00.865,6.4951,6.4976,1.60,1.00
2010.06.29 14:43:01.048,6.4951,6.4975,1.60,1.00
2010.06.29 14:43:01.921,6.4951,6.4976,1.60,1.00
2010.06.29 14:43:02.608,6.4951,6.4975,1.60,1.00
2010.06.29 14:43:04.013,6.4952,6.4977,1.60,1.60
2010.06.29 14:43:07.638,6.49465,6.49715,1.60,1.60
2010.06.29 14:43:08.748,6.4952,6.49715,1.60,1.60
2010.06.29 14:43:09.683,6.4952,6.4977,1.60,1.60
2010.06.29 14:43:21.053,6.4952,6.4979,1.70,1.00
2010.06.29 14:43:21.402,6.4952,6.4981,1.80,1.00
2010.06.29 14:43:23.751,6.4952,6.49805,1.80,1.00
2010.06.29 14:43:24.046,6.4953,6.49805,1.00,1.00
2010.06.29 14:43:24.337,6.4953,6.49805,1.00,1.00
2010.06.29 14:43:28.715,6.4953,6.49815,1.00,1.00
2010.06.29 14:43:29.716,6.49525,6.49815,1.60,1.00
2010.06.29 14:43:30.245,6.49525,6.49815,1.60,2.40
2010.06.29 14:43:30.489,6.4952,6.49805,1.80,1.00
2010.06.29 14:43:32.048,6.4952,6.49805,1.70,1.00
2010.06.29 14:43:32.358,6.4952,6.4976,1.60,1.60
2010.06.29 14:43:33.233,6.4952,6.49815,1.80,1.60
2010.06.29 14:43:35.254,6.49575,6.49815,1.60,1.60
2010.06.29 14:43:35.952,6.4958,6.49815,1.60,1.60
2010.06.29 14:43:41.171,6.49635,6.4984,1.60,1.00
2010.06.29 14:43:41.374,6.49635,6.4987,1.60,1.60
2010.06.29 14:43:42.255,6.49685,6.4987,1.60,1.60
2010.06.29 14:43:42.916,6.49685,6.4988,1.60,1.00
2010.06.29 14:43:43.253,6.49635,6.4991,1.60,1.00
2010.06.29 14:43:43.898,6.49635,6.4991,1.60,1.00
2010.06.29 14:43:44.241,6.49635,6.4992,1.60,1.70
2010.06.29 14:43:45.494,6.4964,6.4992,1.00,1.60
2010.06.29 14:43:46.061,6.49635,6.4992,1.60,1.70
2010.06.29 14:43:46.648,6.4964,6.4992,1.00,1.60
2010.06.29 14:43:46.898,6.49685,6.4992,1.60,1.60
2010.06.29 14:43:47.267,6.49685,6.4992,1.60,1.70
2010.06.29 14:43:47.613,6.4961,6.4986,2.40,1.00
2010.06.29 14:43:48.297,6.4961,6.4987,2.40,1.60
2010.06.29 14:43:48.644,6.4961,6.4987,2.40,1.70
2010.06.29 14:43:50.297,6.4961,6.4987,2.40,1.60
2010.06.29 14:43:50.637,6.4961,6.4987,2.40,1.70
2010.06.29 14:43:51.176,6.49635,6.499,1.60,1.00
2010.06.29 14:43:51.395,6.49635,6.4992,1.60,1.70
2010.06.29 14:43:52.382,6.4964,6.4992,1.00,1.60
2010.06.29 14:43:55.122,6.49635,6.4987,1.60,1.60
2010.06.29 14:43:55.624,6.4961,6.4987,2.40,1.60
2010.06.29 14:43:55.838,6.4961,6.4987,2.40,1.70
2010.06.29 14:43:56.338,6.4961,6.4987,2.40,1.60
2010.06.29 14:43:57.361,6.4961,6.4987,2.40,1.70
2010.06.29 14:43:58.016,6.4961,6.4986,2.40,1.00
2010.06.29 14:43:58.215,6.4961,6.4987,2.40,1.70
2010.06.29 14:43:59.175,6.49635,6.4987,1.60,1.60
2010.06.29 14:44:01.573,6.4965,6.499,1.00,1.00
2010.06.29 14:44:02.224,6.49685,6.4992,1.60,1.60
2010.06.29 14:44:02.554,6.49685,6.4992,1.60,2.50
2010.06.29 14:44:03.167,6.49685,6.4992,1.60,2.40
2010.06.29 14:44:10.337,6.4974,6.49915,1.60,1.00
2010.06.29 14:44:11.380,6.4972,6.4996,2.40,1.00
2010.06.29 14:44:12.750,6.4972,6.4992,2.40,1.60
2010.06.29 14:44:13.347,6.4972,6.4992,2.40,1.70
2010.06.29 14:44:13.603,6.49685,6.4987,1.60,1.60
2010.06.29 14:44:14.183,6.4964,6.4987,2.40,1.60
2010.06.29 14:44:15.083,6.4964,6.4986,2.40,1.00
2010.06.29 14:44:15.754,6.49645,6.4987,1.00,1.60
2010.06.29 14:44:16.394,6.49685,6.4992,1.60,1.70
2010.06.29 14:44:17.035,6.4969,6.4996,1.00,1.00
2010.06.29 14:44:17.390,6.4974,6.4997,1.60,1.00
2010.06.29 14:44:18.047,6.4972,6.4997,2.40,1.00
2010.06.29 14:44:19.068,6.4972,6.4996,2.40,1.00
2010.06.29 14:44:20.120,6.4972,6.4997,2.40,1.00
2010.06.29 14:44:21.667,6.4972,6.4992,2.40,1.60
2010.06.29 14:44:21.923,6.4972,6.4992,2.40,1.70
2010.06.29 14:44:23.238,6.4972,6.4992,2.40,1.60
2010.06.29 14:44:24.093,6.4968,6.49905,1.60,1.60
2010.06.29 14:44:24.453,6.49735,6.4996,1.60,1.60
2010.06.29 14:44:25.156,6.49685,6.4996,1.60,1.70
2010.06.29 14:44:25.461,6.4966,6.49955,1.60,1.00
2010.06.29 14:44:27.769,6.4965,6.49935,2.40,1.00
2010.06.29 14:44:29.161,6.4961,6.49905,1.00,1.60
2010.06.29 14:44:33.544,6.4957,6.49865,2.40,1.00
2010.06.29 14:44:33.784,6.4957,6.4985,2.40,1.60
2010.06.29 14:44:34.354,6.4958,6.49885,1.00,1.00
2010.06.29 14:44:40.432,6.4957,6.4985,2.40,1.60
2010.06.29 14:44:40.960,6.4958,6.4985,1.00,1.60
2010.06.29 14:44:41.075,6.4958,6.4987,1.00,1.00
2010.06.29 14:44:42.246,6.4958,6.49885,1.00,1.00
2010.06.29 14:44:43.348,6.4957,6.49865,2.40,1.00
2010.06.29 14:44:43.628,6.4957,6.4985,2.40,1.60
2010.06.29 14:44:44.226,6.4957,6.49865,2.40,1.00
2010.06.29 14:44:44.530,6.4958,6.49885,1.00,1.00
2010.06.29 14:44:45.555,6.4961,6.4985,1.60,1.60
2010.06.29 14:44:46.040,6.4961,6.49875,1.60,1.60
2010.06.29 14:44:47.433,6.49615,6.49875,1.60,1.60
2010.06.29 14:44:48.326,6.49615,6.4987,1.60,1.00
2010.06.29 14:44:48.529,6.4957,6.4984,2.40,1.00
2010.06.29 14:44:49.026,6.49535,6.4984,1.00,1.00
2010.06.29 14:44:49.359,6.4956,6.4986,1.00,1.00
2010.06.29 14:44:49.698,6.4956,6.49865,1.00,1.00
2010.06.29 14:44:50.195,6.49565,6.49865,1.00,1.00
2010.06.29 14:44:50.465,6.49555,6.49795,1.60,1.60
2010.06.29 14:44:52.234,6.49555,6.4974,1.60,1.60
2010.06.29 14:44:52.443,6.4961,6.49795,1.60,1.60
2010.06.29 14:44:53.389,6.49555,6.49795,1.60,1.60
2010.06.29 14:44:54.087,6.495,6.49795,1.70,1.60
2010.06.29 14:44:54.516,6.4955,6.49795,1.60,1.60
2010.06.29 14:44:57.059,6.4955,6.49715,1.60,1.60
2010.06.29 14:45:00.603,6.49605,6.49765,1.60,1.60
2010.06.29 14:45:01.246,6.4956,6.49765,1.00,1.60
2010.06.29 14:45:02.022,6.4958,6.49765,1.00,1.60
2010.06.29 14:45:02.975,6.49575,6.49765,1.00,1.60
2010.06.29 14:45:03.650,6.4957,6.49765,1.00,1.60
2010.06.29 14:45:04.672,6.4955,6.49765,2.40,1.60
2010.06.29 14:45:05.364,6.49555,6.49765,1.00,1.60
2010.06.29 14:45:05.521,6.49605,6.49765,1.60,1.60
2010.06.29 14:45:07.420,6.49605,6.49765,2.40,1.60
2010.06.29 14:45:07.691,6.49605,6.49765,1.60,1.60
2010.06.29 14:45:15.161,6.4966,6.4982,1.60,1.60
2010.06.29 14:45:16.883,6.49605,6.4982,2.40,1.60
2010.06.29 14:45:17.251,6.49605,6.4982,1.60,1.60
2010.06.29 14:45:17.605,6.49615,6.4982,1.00,1.60
2010.06.29 14:45:17.952,6.4966,6.4982,1.60,1.60
2010.06.29 14:45:19.647,6.49605,6.4982,1.60,1.60
2010.06.29 14:45:22.691,6.4966,6.4982,1.60,1.60
2010.06.29 14:45:26.557,6.4971,6.49875,1.60,1.60
2010.06.29 14:45:27.236,6.4971,6.49955,1.60,1.60
2010.06.29 14:45:27.572,6.4972,6.49955,1.60,1.60
2010.06.29 14:45:29.512,6.4972,6.49955,1.70,1.60
2010.06.29 14:45:29.801,6.49775,6.5001,1.60,1.60
2010.06.29 14:45:31.049,6.4978,6.5001,1.00,1.60
2010.06.29 14:45:31.397,6.49825,6.5006,1.60,1.60
2010.06.29 14:45:32.435,6.4978,6.5006,1.00,1.60
2010.06.29 14:45:32.779,6.49825,6.5006,1.60,1.60
2010.06.29 14:45:36.450,6.4983,6.50085,1.00,1.60
2010.06.29 14:45:39.340,6.4988,6.5013,1.60,1.00
2010.06.29 14:45:39.476,6.4988,6.5014,1.60,1.70
2010.06.29 14:45:39.845,6.4985,6.5014,1.00,1.70
2010.06.29 14:45:40.196,6.4985,6.50135,1.00,1.00
2010.06.29 14:45:42.549,6.4985,6.50135,1.00,1.00
2010.06.29 14:45:43.429,6.4985,6.50085,1.00,1.60
2010.06.29 14:45:43.711,6.4983,6.50085,1.00,1.60
2010.06.29 14:45:44.571,6.4984,6.50085,1.00,1.60
2010.06.29 14:45:45.152,6.4985,6.50085,1.00,1.60
2010.06.29 14:45:45.458,6.4984,6.50085,1.00,1.60
2010.06.29 14:45:46.068,6.4983,6.50085,1.00,1.60
2010.06.29 14:45:47.846,6.49825,6.50085,1.60,1.60
2010.06.29 14:45:50.783,6.4981,6.50035,1.00,1.60
2010.06.29 14:45:51.138,6.4978,6.50035,2.40,1.60
2010.06.29 14:45:51.487,6.4979,6.50035,1.00,1.60
2010.06.29 14:45:51.834,6.4978,6.50035,2.50,1.60
2010.06.29 14:45:52.179,6.4979,6.50035,1.00,1.60
2010.06.29 14:45:52.866,6.498,6.50085,1.00,2.40
2010.06.29 14:45:54.581,6.49825,6.50085,1.60,1.60
2010.06.29 14:45:56.980,6.4978,6.50035,2.40,1.60
2010.06.29 14:45:57.737,6.4975,6.4998,1.00,1.60
2010.06.29 14:45:58.354,6.4972,6.49955,1.70,1.60
2010.06.29 14:45:58.689,6.49775,6.5001,1.60,1.60
2010.06.29 14:45:59.713,6.49735,6.5001,1.00,1.70
2010.06.29 14:46:00.061,6.4972,6.49955,1.60,1.60
2010.06.29 14:46:00.817,6.4974,6.5001,1.00,1.60
2010.06.29 14:46:01.751,6.49775,6.5001,1.60,1.60
2010.06.29 14:46:03.162,6.4972,6.49955,1.60,1.60
2010.06.29 14:46:04.065,6.4974,6.5001,1.00,1.60
2010.06.29 14:46:05.349,6.4974,6.5001,1.00,1.60
2010.06.29 14:46:05.536,6.4974,6.5001,1.00,1.60
2010.06.29 14:46:05.729,6.4972,6.49955,1.70,1.60
2010.06.29 14:46:06.303,6.4974,6.5001,1.00,1.60
2010.06.29 14:46:08.670,6.4972,6.5001,1.70,1.70
2010.06.29 14:46:09.230,6.4968,6.49955,1.00,1.60
2010.06.29 14:46:11.990,6.4969,6.49955,1.00,1.60
2010.06.29 14:46:13.741,6.49665,6.49945,1.60,1.00
2010.06.29 14:46:13.929,6.49665,6.499,1.60,1.60
2010.06.29 14:46:14.944,6.49665,6.49895,1.60,1.00
2010.06.29 14:46:15.300,6.4962,6.499,1.00,1.60
2010.06.29 14:46:15.593,6.4963,6.499,1.00,1.60
2010.06.29 14:46:16.207,6.49665,6.499,1.60,1.60
2010.06.29 14:46:20.502,6.49665,6.4988,1.60,1.00
2010.06.29 14:46:20.799,6.4961,6.49885,1.00,1.60
2010.06.29 14:46:22.111,6.4966,6.49885,1.60,1.60
2010.06.29 14:46:31.752,6.4962,6.49885,1.00,1.60
2010.06.29 14:46:33.157,6.4966,6.49885,1.60,1.60
2010.06.29 14:46:35.625,6.4967,6.4994,1.00,1.60
2010.06.29 14:46:35.890,6.4968,6.4994,1.00,1.60
2010.06.29 14:46:40.250,6.4966,6.49885,1.70,1.60
2010.06.29 14:46:40.842,6.4967,6.49885,1.00,1.60
2010.06.29 14:46:41.488,6.4968,6.49885,1.00,1.60
2010.06.29 14:46:42.014,6.4962,6.498,1.00,1.00
2010.06.29 14:46:42.282,6.49465,6.4975,1.00,1.60
2010.06.29 14:46:42.550,6.4944,6.4975,1.00,1.60
2010.06.29 14:46:43.133,6.4942,6.4973,1.00,1.60
2010.06.29 14:46:44.170,6.4944,6.4972,1.00,1.00
2010.06.29 14:46:47.228,6.4944,6.4973,1.00,1.60
2010.06.29 14:46:51.940,6.4944,6.4976,1.00,1.00
2010.06.29 14:46:52.384,6.4946,6.4976,1.00,1.00
2010.06.29 14:46:55.234,6.4946,6.4975,1.00,1.00
2010.06.29 14:46:55.679,6.4948,6.49785,1.00,1.60
2010.06.29 14:46:57.285,6.4948,6.49785,1.00,2.40
2010.06.29 14:46:58.678,6.4948,6.4978,1.00,1.00
2010.06.29 14:46:58.912,6.4948,6.49785,1.00,2.40
2010.06.29 14:47:02.124,6.49515,6.4981,1.00,1.00
2010.06.29 14:47:02.414,6.49515,6.4982,1.00,1.00
2010.06.29 14:47:04.884,6.49515,6.4977,1.00,1.60
2010.06.29 14:47:04.963,6.49455,6.49755,1.00,1.00
2010.06.29 14:47:05.027,6.49455,6.49735,1.00,1.00
2010.06.29 14:47:05.097,6.4942,6.49715,1.00,1.00
2010.06.29 14:47:05.611,6.4941,6.49715,1.00,1.00
2010.06.29 14:47:06.561,6.4939,6.4969,1.00,2.40
2010.06.29 14:47:06.915,6.49385,6.4969,1.00,2.40
2010.06.29 14:47:07.866,6.4938,6.49645,1.00,1.60
2010.06.29 14:47:08.181,6.4933,6.4962,1.00,1.60
2010.06.29 14:47:08.843,6.49335,6.496,1.00,1.60
2010.06.29 14:47:09.187,6.4932,6.496,1.00,1.60
2010.06.29 14:47:09.909,6.4933,6.496,1.00,1.60
2010.06.29 14:47:10.865,6.49335,6.4964,1.00,1.00
2010.06.29 14:47:11.716,6.4937,6.49655,1.60,1.60
2010.06.29 14:47:12.910,6.49425,6.4966,1.60,1.00
2010.06.29 14:47:13.535,6.4939,6.49695,1.00,1.60
2010.06.29 14:47:13.880,6.49385,6.49655,1.00,1.60
2010.06.29 14:47:14.217,6.4938,6.49655,2.50,1.60
2010.06.29 14:47:14.559,6.4939,6.49655,1.00,1.60
2010.06.29 14:47:14.903,6.4939,6.49665,1.00,1.00
2010.06.29 14:47:15.253,6.4939,6.4962,1.00,1.60
2010.06.29 14:47:17.319,6.49425,6.49655,1.60,1.00
2010.06.29 14:47:17.894,6.49425,6.49675,1.60,1.60
2010.06.29 14:47:18.920,6.4943,6.49675,1.00,1.60
2010.06.29 14:47:19.182,6.49425,6.49675,1.60,1.60
2010.06.29 14:47:22.630,6.494,6.4966,1.00,1.00
2010.06.29 14:47:22.897,6.494,6.49675,1.00,2.40
2010.06.29 14:47:24.259,6.4938,6.4966,2.50,1.60
2010.06.29 14:47:25.438,6.49425,6.4966,1.60,1.60
2010.06.29 14:47:26.116,6.49425,6.4965,1.60,1.60
2010.06.29 14:47:26.848,6.49475,6.4965,1.60,1.60
2010.06.29 14:47:27.205,6.4943,6.4965,1.00,1.60
2010.06.29 14:47:27.547,6.49425,6.4965,1.60,1.60
2010.06.29 14:47:36.045,6.49395,6.496,1.00,1.60
2010.06.29 14:47:36.363,6.4937,6.496,1.60,1.60
2010.06.29 14:47:38.601,6.4937,6.49565,1.60,1.60
2010.06.29 14:47:45.775,6.49315,6.4951,1.60,1.60
2010.06.29 14:47:48.854,6.49315,6.49565,1.60,1.60
2010.06.29 14:47:49.530,6.4932,6.49565,1.00,1.60
2010.06.29 14:47:49.880,6.49315,6.49565,1.60,1.60
2010.06.29 14:47:51.178,6.49315,6.4951,1.60,1.60
2010.06.29 14:47:51.474,6.4927,6.4946,1.00,1.60
2010.06.29 14:47:51.832,6.49315,6.4951,1.60,1.60
2010.06.29 14:47:56.942,6.49315,6.49565,1.60,1.60
2010.06.29 14:47:59.490,6.49315,6.4951,1.60,1.60
2010.06.29 14:48:00.183,6.493,6.4951,1.00,1.60
2010.06.29 14:48:00.545,6.4928,6.4951,1.00,1.60
2010.06.29 14:48:01.288,6.4932,6.49565,1.00,1.60
2010.06.29 14:48:04.778,6.4937,6.49565,1.60,1.60
2010.06.29 14:48:04.969,6.4937,6.49615,1.60,1.00
2010.06.29 14:48:05.536,6.4937,6.4962,1.70,1.60
2010.06.29 14:48:06.681,6.4937,6.49565,1.60,1.60
2010.06.29 14:48:08.481,6.49315,6.49565,1.60,1.60
2010.06.29 14:48:09.737,6.4932,6.49565,1.00,1.60
2010.06.29 14:48:12.012,6.4937,6.49565,1.60,1.60
2010.06.29 14:48:16.235,6.49425,6.4962,1.60,1.60
2010.06.29 14:48:18.153,6.49425,6.4967,1.60,1.60
2010.06.29 14:48:19.522,6.4938,6.4962,1.00,1.60
2010.06.29 14:48:20.156,6.49475,6.4962,1.60,1.60
2010.06.29 14:48:20.767,6.49425,6.4962,1.60,1.60
2010.06.29 14:48:21.452,6.49425,6.4967,1.60,1.60
2010.06.29 14:48:22.410,6.4943,6.4967,1.00,1.60
2010.06.29 14:48:22.713,6.49475,6.4967,1.60,1.60
2010.06.29 14:48:23.660,6.49475,6.49725,1.60,1.60
2010.06.29 14:48:25.618,6.49475,6.4967,1.60,1.60
2010.06.29 14:48:26.435,6.4948,6.4967,1.00,1.60
2010.06.29 14:48:26.572,6.49475,6.4967,1.60,1.60
2010.06.29 14:48:26.839,6.4948,6.4967,1.00,1.60
2010.06.29 14:48:30.017,6.4948,6.49725,1.00,1.60
2010.06.29 14:48:30.845,6.49475,6.4967,1.60,1.60
2010.06.29 14:48:41.453,6.49475,6.49725,1.60,1.60
2010.06.29 14:48:41.709,6.4948,6.49725,1.00,1.60
2010.06.29 14:48:43.724,6.4953,6.49725,1.60,1.60
2010.06.29 14:48:44.875,6.49475,6.4967,1.60,1.60
2010.06.29 14:48:45.203,6.49475,6.49725,1.60,1.60
2010.06.29 14:48:46.861,6.4948,6.49725,1.00,1.60
2010.06.29 14:48:50.399,6.4948,6.49725,1.00,1.60
2010.06.29 14:48:50.631,6.4948,6.4967,1.00,1.60
2010.06.29 14:48:54.832,6.49475,6.4967,1.60,1.60
2010.06.29 14:48:56.138,6.4948,6.4967,1.00,1.60
2010.06.29 14:48:57.102,6.4948,6.49725,1.00,1.60
2010.06.29 14:48:57.391,6.4948,6.4967,1.00,1.60
2010.06.29 14:48:58.667,6.49475,6.4967,1.60,1.60
2010.06.29 14:48:59.292,6.4943,6.4962,1.00,1.60
2010.06.29 14:48:59.612,6.49425,6.4967,1.60,1.60
2010.06.29 14:49:01.896,6.49425,6.4962,1.60,1.60
2010.06.29 14:49:05.283,6.4937,6.49565,1.70,1.60
2010.06.29 14:49:06.242,6.4938,6.4962,1.00,1.60
2010.06.29 14:49:08.230,6.4938,6.4962,1.00,1.60
2010.06.29 14:49:08.893,6.4937,6.49565,1.60,1.60
2010.06.29 14:49:09.411,6.4933,6.4951,1.00,1.60
2010.06.29 14:49:09.756,6.4927,6.4951,1.00,1.60
2010.06.29 14:49:10.381,6.49265,6.4945,1.60,1.60
2010.06.29 14:49:10.725,6.49315,6.49505,1.60,1.60
2010.06.29 14:49:19.113,6.4941,6.4958,2.40,1.60
2010.06.29 14:49:19.458,6.4941,6.4958,2.40,1.00
2010.06.29 14:49:22.828,6.4943,6.49555,2.40,1.00
2010.06.29 14:49:23.177,6.4943,6.4958,2.40,1.00
2010.06.29 14:49:28.312,6.4943,6.4961,2.40,1.00
2010.06.29 14:49:31.740,6.4943,6.4959,2.40,1.00
2010.06.29 14:49:33.817,6.4943,6.4961,2.40,1.00
2010.06.29 14:49:35.866,6.4946,6.4963,1.00,1.00
2010.06.29 14:49:36.586,6.4943,6.49615,2.40,1.00
2010.06.29 14:49:37.103,6.4943,6.49555,2.40,1.00
2010.06.29 14:49:38.688,6.4943,6.4958,2.40,1.00
2010.06.29 14:49:39.272,6.4946,6.4963,1.00,1.00
2010.06.29 14:49:40.227,6.4946,6.4961,1.00,1.00
2010.06.29 14:49:40.577,6.4943,6.49535,2.40,1.00
2010.06.29 14:49:41.504,6.4943,6.49475,2.40,1.00
2010.06.29 14:49:42.016,6.4943,6.4945,2.40,1.00
2010.06.29 14:49:42.365,6.4931,6.4969,2.40,1.00
2010.06.29 14:49:43.056,6.4931,6.4949,2.40,1.00
2010.06.29 14:49:44.741,6.4933,6.4947,2.40,1.00
2010.06.29 14:49:45.774,6.4933,6.49525,2.40,1.60
2010.06.29 14:49:46.118,6.4933,6.49505,2.40,1.00
2010.06.29 14:49:47.783,6.4933,6.49505,2.40,1.60
2010.06.29 14:49:48.109,6.4933,6.4943,2.40,1.00
2010.06.29 14:49:49.133,6.4933,6.4945,2.40,1.00
2010.06.29 14:49:53.302,6.4933,6.4947,2.40,1.00
2010.06.29 14:49:53.596,6.4933,6.4952,2.40,1.00
2010.06.29 14:49:55.803,6.4933,6.49505,2.40,1.00
2010.06.29 14:49:58.249,6.4933,6.49505,2.40,1.60
2010.06.29 14:49:58.654,6.4933,6.4948,2.40,1.00
2010.06.29 14:49:58.921,6.4933,6.4943,2.40,1.00
2010.06.29 14:50:10.266,6.4933,6.49395,2.40,1.00
2010.06.29 14:50:10.509,6.4921,6.49375,1.00,1.00
2010.06.29 14:50:12.094,6.4923,6.494,1.00,1.00
2010.06.29 14:50:12.441,6.4923,6.49395,1.00,1.00
2010.06.29 14:50:13.138,6.4923,6.49375,1.00,1.00
2010.06.29 14:50:13.484,6.4923,6.49415,1.00,1.00
2010.06.29 14:50:16.001,6.4923,6.4945,1.00,1.00
2010.06.29 14:50:16.962,6.4923,6.4945,1.20,1.00
2010.06.29 14:50:17.302,6.4923,6.4947,1.20,1.00
2010.06.29 14:50:17.964,6.4932,6.49505,2.40,1.00
2010.06.29 14:50:20.511,6.4932,6.4948,2.40,1.00
2010.06.29 14:50:20.866,6.4932,6.4945,2.40,1.00
2010.06.29 14:50:21.164,6.4932,6.4947,2.40,1.00
2010.06.29 14:50:22.614,6.4932,6.4945,2.40,1.00
2010.06.29 14:50:23.531,6.4932,6.4947,2.40,1.00
2010.06.29 14:50:27.004,6.4933,6.49525,1.00,1.00
2010.06.29 14:50:27.662,6.4932,6.49525,2.50,1.00
2010.06.29 14:50:28.773,6.4933,6.49525,1.00,1.00
2010.06.29 14:50:28.965,6.4932,6.49525,2.50,1.00
2010.06.29 14:50:29.786,6.4932,6.49525,2.40,1.00
2010.06.29 14:50:30.807,6.4932,6.49525,2.50,1.00
2010.06.29 14:50:30.956,6.4932,6.49525,2.40,1.00
2010.06.29 14:50:33.753,6.4933,6.49525,1.00,1.00
2010.06.29 14:50:33.973,6.4935,6.49525,1.00,1.00
2010.06.29 14:50:34.405,6.4935,6.4958,1.00,1.60
2010.06.29 14:50:34.744,6.4938,6.4958,2.40,1.00
2010.06.29 14:50:35.427,6.494,6.4961,1.00,1.00
2010.06.29 14:50:35.773,6.4941,6.4961,1.00,1.00
2010.06.29 14:50:36.459,6.4951,6.4961,2.40,1.00
2010.06.29 14:50:36.805,6.4951,6.4977,2.40,1.00
2010.06.29 14:50:38.821,6.4954,6.4977,1.00,1.00
2010.06.29 14:50:39.172,6.4953,6.4977,2.50,1.00
2010.06.29 14:50:39.521,6.4954,6.4977,1.00,1.00
2010.06.29 14:50:40.212,6.4953,6.4977,2.50,1.00
2010.06.29 14:50:40.812,6.4954,6.4977,1.00,1.00
2010.06.29 14:50:41.123,6.4955,6.4977,1.00,1.00
2010.06.29 14:50:41.432,6.4955,6.49785,1.00,1.00
2010.06.29 14:50:42.600,6.4953,6.4978,2.40,1.00
2010.06.29 14:50:43.394,6.4953,6.4977,2.40,1.00
2010.06.29 14:50:44.034,6.4953,6.4975,2.40,1.00
2010.06.29 14:50:45.291,6.4953,6.49725,2.40,1.00
2010.06.29 14:50:45.649,6.4953,6.49695,2.40,1.00
2010.06.29 14:50:47.628,6.4951,6.49695,1.00,1.00
2010.06.29 14:50:47.974,6.4947,6.49675,2.40,1.00
2010.06.29 14:50:48.975,6.4947,6.49695,2.40,1.00
2010.06.29 14:50:49.739,6.495,6.49715,1.00,1.00
2010.06.29 14:50:50.080,6.4949,6.49715,1.00,1.00
2010.06.29 14:50:51.113,6.4953,6.4975,2.40,1.00
2010.06.29 14:50:53.443,6.4953,6.4977,2.40,1.00
2010.06.29 14:50:54.398,6.4953,6.4977,2.50,1.00
2010.06.29 14:50:55.218,6.4953,6.4977,2.40,1.00
2010.06.29 14:50:55.558,6.4955,6.4977,1.00,1.00
2010.06.29 14:50:55.899,6.4955,6.4977,1.00,1.00
2010.06.29 14:50:56.590,6.4955,6.4977,1.00,1.00
2010.06.29 14:50:58.525,6.4954,6.4977,1.00,1.00
2010.06.29 14:50:59.073,6.4955,6.4977,1.00,1.00
2010.06.29 14:50:59.760,6.4956,6.4977,1.00,1.00
2010.06.29 14:51:00.687,6.4957,6.4977,1.00,1.00
2010.06.29 14:51:00.734,6.4957,6.49795,1.00,1.00
2010.06.29 14:51:01.082,6.4957,6.498,1.00,1.00
2010.06.29 14:51:02.837,6.4963,6.49825,2.40,1.00
2010.06.29 14:51:10.849,6.4963,6.49805,2.40,1.00
2010.06.29 14:51:11.713,6.4963,6.49825,2.40,1.00
2010.06.29 14:51:28.686,6.4963,6.49805,2.40,1.00
2010.06.29 14:51:32.547,6.4963,6.4978,2.40,1.00
2010.06.29 14:51:36.243,6.4963,6.498,2.40,1.00
2010.06.29 14:51:37.737,6.4963,6.4978,2.40,1.00
2010.06.29 14:51:48.366,6.495,6.4973,2.40,1.00
2010.06.29 14:51:49.309,6.495,6.49695,2.40,1.00
2010.06.29 14:51:50.326,6.4952,6.49715,2.50,1.00
2010.06.29 14:51:51.063,6.4953,6.49715,1.00,1.00
2010.06.29 14:51:51.423,6.4953,6.4975,1.00,1.00
2010.06.29 14:51:55.460,6.4957,6.4975,2.40,1.00
2010.06.29 14:51:55.787,6.4957,6.4987,2.40,1.00
2010.06.29 14:51:56.757,6.4958,6.4987,1.00,1.00
2010.06.29 14:51:57.523,6.4961,6.49935,1.00,1.00
2010.06.29 14:51:57.914,6.4961,6.4994,1.00,1.00
2010.06.29 14:51:58.194,6.4961,6.49935,1.00,1.00
2010.06.29 14:51:58.462,6.4966,6.49935,1.00,1.00
2010.06.29 14:51:59.078,6.4966,6.4994,1.00,1.60
2010.06.29 14:52:01.507,6.4966,6.4994,1.00,1.00
2010.06.29 14:52:01.998,6.4966,6.4993,1.00,1.00
2010.06.29 14:52:02.649,6.4967,6.49925,1.00,1.00
2010.06.29 14:52:02.844,6.4967,6.4994,1.00,1.00
2010.06.29 14:52:03.463,6.4966,6.4994,4.00,1.00
2010.06.29 14:52:03.785,6.4966,6.4993,2.50,1.00
2010.06.29 14:52:04.130,6.4966,6.49925,2.50,1.00
2010.06.29 14:52:04.470,6.4966,6.4992,2.50,1.00
2010.06.29 14:52:04.819,6.4966,6.4992,2.40,1.00
2010.06.29 14:52:05.632,6.4966,6.4994,2.50,1.00
2010.06.29 14:52:06.268,6.4966,6.4994,2.40,1.00
2010.06.29 14:52:07.389,6.4971,6.4996,1.70,1.00
2010.06.29 14:52:08.067,6.4972,6.49995,1.00,1.00
2010.06.29 14:52:08.460,6.4971,6.49995,1.00,1.60
2010.06.29 14:52:08.802,6.4971,6.4998,1.00,1.00
2010.06.29 14:52:09.832,6.4971,6.49985,1.00,1.00
2010.06.29 14:52:10.177,6.4971,6.4999,1.00,1.00
2010.06.29 14:52:10.518,6.4971,6.49985,1.00,1.00
2010.06.29 14:52:10.858,6.4971,6.4999,1.00,1.00
2010.06.29 14:52:11.750,6.4972,6.4999,1.00,1.00
2010.06.29 14:52:12.990,6.4972,6.49985,1.00,1.00
2010.06.29 14:52:13.595,6.4972,6.49975,1.00,1.00
2010.06.29 14:52:14.188,6.4972,6.49985,1.00,1.00
2010.06.29 14:52:15.080,6.4972,6.4999,1.00,1.00
2010.06.29 14:52:16.721,6.4971,6.4997,1.00,1.00
2010.06.29 14:52:17.208,6.497,6.4997,1.00,1.00
2010.06.29 14:52:17.507,6.4971,6.4997,1.00,1.00
2010.06.29 14:52:18.118,6.497,6.4997,1.00,1.00
2010.06.29 14:52:19.239,6.4971,6.4997,1.00,1.00
2010.06.29 14:52:19.881,6.497,6.4997,1.00,1.00
2010.06.29 14:52:20.197,6.4972,6.49995,1.00,1.60
2010.06.29 14:52:20.545,6.4972,6.4998,1.00,1.00
2010.06.29 14:52:20.893,6.4972,6.49985,1.00,1.00
2010.06.29 14:52:21.245,6.4973,6.49975,1.00,1.00
2010.06.29 14:52:21.897,6.4973,6.49975,1.00,1.00
2010.06.29 14:52:22.555,6.4972,6.4998,1.00,1.00
2010.06.29 14:52:22.902,6.4975,6.49995,1.00,1.00
2010.06.29 14:52:24.156,6.4973,6.49995,1.00,1.00
2010.06.29 14:52:24.472,6.4973,6.5,1.00,1.00
2010.06.29 14:52:25.106,6.4973,6.49995,1.00,1.00
2010.06.29 14:52:25.527,6.4973,6.50005,1.00,1.00
2010.06.29 14:52:26.038,6.4973,6.5,1.00,1.00
2010.06.29 14:52:28.357,6.4976,6.50005,1.00,1.00
2010.06.29 14:52:28.922,6.49835,6.50005,1.60,1.00
2010.06.29 14:52:29.091,6.49835,6.4999,1.60,1.00
2010.06.29 14:52:29.683,6.4989,6.50015,1.60,1.00
2010.06.29 14:52:30.152,6.4987,6.50045,1.00,1.00
2010.06.29 14:52:30.501,6.4986,6.5003,1.00,1.00
2010.06.29 14:52:31.195,6.4986,6.5005,1.00,1.00
2010.06.29 14:52:32.558,6.4977,6.5005,2.40,1.00
2010.06.29 14:52:33.002,6.4976,6.5012,1.00,1.00
2010.06.29 14:52:33.450,6.4976,6.5011,1.00,1.00
2010.06.29 14:52:36.539,6.49735,6.50075,1.00,1.60
2010.06.29 14:52:37.380,6.49735,6.5002,1.00,1.60
2010.06.29 14:52:37.585,6.49665,6.49965,1.00,1.60
2010.06.29 14:52:38.213,6.4964,6.49965,1.00,1.60
2010.06.29 14:52:38.565,6.4963,6.4996,1.00,1.00
2010.06.29 14:52:39.290,6.4963,6.49965,1.00,1.60
2010.06.29 14:52:41.358,6.4963,6.4996,1.00,1.00
2010.06.29 14:52:42.730,6.4963,6.4996,1.00,1.00
2010.06.29 14:52:43.920,6.4963,6.4999,1.00,1.00
2010.06.29 14:52:44.190,6.49675,6.4999,1.00,1.00
2010.06.29 14:52:44.753,6.497,6.50005,1.00,1.00
2010.06.29 14:52:45.910,6.4961,6.49915,1.00,1.00
2010.06.29 14:52:48.403,6.49555,6.4986,1.00,1.00
2010.06.29 14:52:50.251,6.49575,6.49875,1.00,1.00
2010.06.29 14:52:51.501,6.4955,6.49855,1.00,1.00
2010.06.29 14:52:51.781,6.49575,6.49875,1.00,1.00
2010.06.29 14:52:52.564,6.4955,6.49855,1.00,1.00
2010.06.29 14:52:52.916,6.4952,6.49825,1.00,1.00
2010.06.29 14:52:54.623,6.4954,6.49845,1.00,1.00
2010.06.29 14:53:12.043,6.4959,6.4987,1.00,1.00
2010.06.29 14:53:12.670,6.4959,6.49895,1.00,1.00
2010.06.29 14:53:14.647,6.49595,6.499,1.00,1.60
2010.06.29 14:53:14.994,6.49595,6.499,1.00,1.00
2010.06.29 14:53:18.578,6.4957,6.49855,1.00,1.00
2010.06.29 14:53:19.125,6.4955,6.49855,1.00,1.00
2010.06.29 14:53:22.070,6.49595,6.49895,1.00,1.00
2010.06.29 14:53:22.658,6.49575,6.49875,1.00,1.00
2010.06.29 14:53:23.202,6.49595,6.499,1.00,1.00
2010.06.29 14:53:23.849,6.49575,6.49875,1.00,1.00
2010.06.29 14:53:25.703,6.495,6.49805,1.00,1.00
2010.06.29 14:53:26.722,6.4952,6.49825,1.00,1.00
2010.06.29 14:53:27.455,6.4954,6.49845,1.00,1.00
2010.06.29 14:53:29.224,6.4952,6.49825,1.00,1.00
2010.06.29 14:53:31.247,6.4952,6.49825,1.00,1.60
2010.06.29 14:53:31.574,6.495,6.49805,1.00,1.00
2010.06.29 14:53:35.358,6.4952,6.49825,1.00,1.00
2010.06.29 14:53:35.914,6.4954,6.49845,1.00,1.00
2010.06.29 14:53:36.925,6.4952,6.49825,1.00,1.00
2010.06.29 14:53:42.033,6.4954,6.49845,1.00,1.00
2010.06.29 14:53:42.699,6.49595,6.499,1.00,1.60
2010.06.29 14:53:42.733,6.49595,6.499,1.00,1.00
2010.06.29 14:53:45.366,6.49575,6.49875,1.00,1.00
2010.06.29 14:53:50.343,6.49595,6.499,1.00,1.00
2010.06.29 14:53:53.219,6.49575,6.49875,1.00,1.00
2010.06.29 14:53:58.792,6.49595,6.499,1.00,1.00
2010.06.29 14:53:59.636,6.49575,6.49875,1.00,1.00
2010.06.29 14:54:00.319,6.4955,6.49855,1.00,1.00
2010.06.29 14:54:01.073,6.495,6.49805,1.00,1.00
2010.06.29 14:54:02.251,6.4952,6.49825,1.00,1.00
2010.06.29 14:54:04.418,6.4952,6.49825,1.00,1.00
2010.06.29 14:54:04.765,6.4952,6.49825,1.00,1.00
2010.06.29 14:54:05.620,6.495,6.49805,1.00,1.00
2010.06.29 14:54:05.968,6.4952,6.49825,1.00,1.00
2010.06.29 14:54:07.299,6.4952,6.49825,1.00,1.60
2010.06.29 14:54:07.968,6.49475,6.49755,1.00,1.00
2010.06.29 14:54:08.302,6.4945,6.49755,1.00,1.00
2010.06.29 14:54:08.924,6.49465,6.4977,1.00,1.00
2010.06.29 14:54:16.994,6.49445,6.4975,1.00,1.00
2010.06.29 14:54:17.265,6.49445,6.4975,1.00,1.00
2010.06.29 14:54:19.228,6.49465,6.4977,1.00,1.60
2010.06.29 14:54:19.532,6.4949,6.4968,1.00,1.00
2010.06.29 14:54:20.053,6.49465,6.4968,1.00,1.00
2010.06.29 14:54:21.914,6.4949,6.4968,1.00,1.00
2010.06.29 14:54:24.220,6.4952,6.4968,1.00,1.00
2010.06.29 14:54:30.153,6.495,6.4968,1.00,1.00
2010.06.29 14:54:31.495,6.4945,6.4968,1.00,1.00
2010.06.29 14:54:32.402,6.49415,6.4968,1.00,1.00
2010.06.29 14:54:34.808,6.4939,6.4968,1.00,1.00
2010.06.29 14:54:35.153,6.49415,6.4968,1.00,1.00
2010.06.29 14:54:35.526,6.49435,6.4968,1.00,1.00
2010.06.29 14:54:35.877,6.4949,6.4968,1.00,1.00
2010.06.29 14:54:36.642,6.49445,6.4968,1.00,1.00
2010.06.29 14:54:37.558,6.495,6.4968,1.00,1.00
2010.06.29 14:54:39.316,6.4952,6.49825,1.00,1.00
2010.06.29 14:54:39.671,6.4951,6.49825,1.00,1.00
2010.06.29 14:54:40.021,6.4952,6.49825,1.00,1.00
2010.06.29 14:54:41.667,6.4953,6.49805,1.00,1.00
2010.06.29 14:54:42.013,6.4952,6.49805,1.00,1.00
2010.06.29 14:54:45.520,6.495,6.49805,1.00,1.00
2010.06.29 14:54:46.840,6.4949,6.49775,1.00,1.00
2010.06.29 14:54:51.456,6.4954,6.49775,2.40,1.00
2010.06.29 14:54:51.737,6.4954,6.4981,2.40,1.00
2010.06.29 14:54:52.331,6.4954,6.4983,2.40,1.00
2010.06.29 14:54:54.080,6.4954,6.4983,2.40,1.60
2010.06.29 14:54:54.598,6.4954,6.49805,2.40,1.00
2010.06.29 14:54:54.980,6.496,6.49805,2.40,1.00
2010.06.29 14:54:55.324,6.49615,6.49805,1.00,1.00
2010.06.29 14:55:00.919,6.49615,6.49835,1.00,1.00
2010.06.29 14:55:04.323,6.49615,6.4981,1.00,1.00
2010.06.29 14:55:04.851,6.496,6.4979,2.40,1.00
2010.06.29 14:55:05.517,6.496,6.49755,2.40,1.00
2010.06.29 14:55:05.865,6.4947,6.49755,2.40,1.00
2010.06.29 14:55:10.884,6.4947,6.49755,2.40,1.00
2010.06.29 14:55:13.067,6.4947,6.4974,2.40,1.00
2010.06.29 14:55:13.420,6.4944,6.49755,1.00,1.00
2010.06.29 14:55:13.979,6.4939,6.49755,1.00,1.00
2010.06.29 14:55:14.789,6.4941,6.49755,1.00,1.00
2010.06.29 14:55:15.274,6.49435,6.4978,1.00,1.00
2010.06.29 14:55:15.956,6.4947,6.498,1.00,1.00
2010.06.29 14:55:16.423,6.4948,6.4982,1.00,1.00
2010.06.29 14:55:17.228,6.4947,6.4981,1.00,1.00
2010.06.29 14:55:18.319,6.4946,6.498,1.60,1.20
2010.06.29 14:55:18.578,6.49445,6.4978,1.00,2.40
2010.06.29 14:55:19.874,6.495,6.4984,1.00,1.00
2010.06.29 14:55:21.804,6.495,6.4985,1.00,2.40
2010.06.29 14:55:22.160,6.495,6.4984,1.00,1.00
2010.06.29 14:55:23.041,6.49495,6.4985,1.00,2.50
2010.06.29 14:55:23.755,6.49495,6.4985,1.00,2.40
2010.06.29 14:55:24.119,6.49475,6.4981,1.00,1.00
2010.06.29 14:55:24.579,6.4944,6.4977,1.00,1.60
2010.06.29 14:55:24.928,6.4944,6.4978,1.00,2.40
2010.06.29 14:55:25.559,6.49495,6.4978,1.00,2.40
2010.06.29 14:55:25.905,6.49495,6.4985,1.00,1.00
2010.06.29 14:55:28.711,6.4947,6.49825,1.00,1.60
2010.06.29 14:55:29.366,6.49495,6.4985,1.00,1.00
2010.06.29 14:55:30.576,6.49495,6.49855,1.00,1.00
2010.06.29 14:55:31.160,6.49515,6.4986,1.00,1.00
2010.06.29 14:55:33.169,6.49515,6.4985,1.00,1.00
2010.06.29 14:55:33.797,6.49495,6.4985,1.00,1.00
2010.06.29 14:55:34.104,6.4944,6.4979,1.00,1.00
2010.06.29 14:55:40.849,6.4944,6.4976,1.00,1.00
2010.06.29 14:55:41.276,6.49385,6.4975,1.00,1.00
2010.06.29 14:55:41.621,6.49365,6.4971,1.00,1.00
2010.06.29 14:55:42.277,6.49335,6.4969,1.00,1.00
2010.06.29 14:55:42.624,6.4931,6.49665,1.00,1.60
2010.06.29 14:55:45.218,6.49335,6.4969,1.00,1.00
2010.06.29 14:55:46.563,6.49335,6.4969,1.00,1.00
2010.06.29 14:55:47.663,6.49335,6.49695,1.00,1.00
2010.06.29 14:55:48.048,6.49355,6.497,1.00,1.00
2010.06.29 14:55:48.399,6.49355,6.4971,1.00,2.50
2010.06.29 14:55:50.068,6.49355,6.497,1.00,1.00
2010.06.29 14:55:53.137,6.49355,6.4969,1.00,1.00
2010.06.29 14:55:53.469,6.49355,6.49665,1.00,1.60
2010.06.29 14:55:54.040,6.49315,6.49665,1.00,1.60
2010.06.29 14:55:57.103,6.49315,6.4966,1.00,1.00
2010.06.29 14:55:59.997,6.49295,6.4964,1.00,1.00
2010.06.29 14:56:00.346,6.4928,6.4962,1.00,2.40
2010.06.29 14:56:01.034,6.493,6.4962,1.00,2.40
2010.06.29 14:56:02.034,6.4928,6.4962,1.00,2.40
2010.06.29 14:56:05.890,6.4928,6.4961,1.00,1.60
2010.06.29 14:56:06.139,6.4928,6.4962,1.00,2.40
2010.06.29 14:56:08.110,6.493,6.4962,1.00,2.40
2010.06.29 14:56:09.755,6.4931,6.49665,1.00,1.60
2010.06.29 14:56:10.082,6.4931,6.4966,1.00,1.00
2010.06.29 14:56:10.718,6.49335,6.4966,1.00,1.00
2010.06.29 14:56:11.067,6.49335,6.4966,1.00,1.00
2010.06.29 14:56:11.736,6.4927,6.49635,2.50,1.00
2010.06.29 14:56:12.003,6.4925,6.4961,1.00,1.00
2010.06.29 14:56:14.161,6.4929,6.4965,1.00,2.40
2010.06.29 14:56:24.503,6.4932,6.4965,1.00,2.40
2010.06.29 14:56:24.892,6.49325,6.4969,1.00,1.00
2010.06.29 14:56:25.246,6.4932,6.49665,1.00,1.00
2010.06.29 14:56:25.948,6.49345,6.49705,1.00,1.00
2010.06.29 14:56:30.366,6.4937,6.49705,1.00,1.00
2010.06.29 14:56:30.721,6.49375,6.4971,1.00,1.00
2010.06.29 14:56:31.238,6.4937,6.49665,2.40,1.00
2010.06.29 14:56:31.587,6.49325,6.4969,1.00,1.00
2010.06.29 14:56:35.888,6.49325,6.4969,1.00,1.00
2010.06.29 14:56:36.788,6.49305,6.49665,1.00,1.00
2010.06.29 14:56:39.595,6.49305,6.4963,1.00,1.00
2010.06.29 14:56:39.683,6.4928,6.4958,1.00,1.00
2010.06.29 14:56:39.765,6.4927,6.4958,2.40,1.00
2010.06.29 14:56:40.450,6.4922,6.4958,1.00,1.00
2010.06.29 14:56:41.466,6.4924,6.49605,1.00,1.00
2010.06.29 14:56:44.850,6.4927,6.4963,1.00,1.00
2010.06.29 14:56:45.172,6.4927,6.49635,1.00,1.00
2010.06.29 14:56:45.698,6.4927,6.4963,1.00,1.00
2010.06.29 14:56:46.040,6.4927,6.49635,1.00,1.00
2010.06.29 14:56:46.380,6.4929,6.4964,1.00,1.00
2010.06.29 14:56:47.284,6.4929,6.4965,1.00,1.00
2010.06.29 14:56:47.535,6.4931,6.4965,1.00,1.00
2010.06.29 14:56:48.468,6.493,6.4964,1.00,1.00
2010.06.29 14:56:49.121,6.4931,6.4965,1.00,1.00
2010.06.29 14:56:49.421,6.4928,6.4962,1.00,1.00
2010.06.29 14:56:50.821,6.4929,6.49625,1.00,1.60
2010.06.29 14:56:51.504,6.4929,6.4965,1.00,1.00
2010.06.29 14:56:51.833,6.4929,6.4965,1.00,1.00
2010.06.29 14:56:54.869,6.4926,6.4962,2.50,1.00
2010.06.29 14:56:55.549,6.4926,6.496,2.40,1.00
2010.06.29 14:56:58.549,6.4926,6.49565,2.40,1.00
2010.06.29 14:56:58.893,6.4922,6.4955,1.60,1.00
2010.06.29 14:56:59.526,6.49205,6.4956,1.00,1.00
2010.06.29 14:56:59.816,6.4922,6.4957,1.60,1.70
2010.06.29 14:57:00.653,6.4925,6.4957,1.00,1.60
2010.06.29 14:57:02.914,6.493,6.49625,1.00,2.40
2010.06.29 14:57:03.150,6.4931,6.4965,1.00,1.00
2010.06.29 14:57:06.642,6.49325,6.4966,1.60,1.00
2010.06.29 14:57:07.563,6.4933,6.4967,1.00,1.00
2010.06.29 14:57:07.882,6.49325,6.4966,1.60,1.00
2010.06.29 14:57:08.866,6.4938,6.4969,1.60,1.00
2010.06.29 14:57:09.274,6.4938,6.4971,1.60,2.50
2010.06.29 14:57:09.627,6.4934,6.49675,1.00,1.60
2010.06.29 14:57:11.370,6.4935,6.49675,1.00,1.60
2010.06.29 14:57:13.044,6.4935,6.49675,1.00,1.60
2010.06.29 14:57:13.266,6.4933,6.4966,1.00,1.00
2010.06.29 14:57:13.777,6.49325,6.4965,1.70,1.00
2010.06.29 14:57:14.063,6.4935,6.49675,1.00,1.60
2010.06.29 14:57:14.678,6.4938,6.497,1.60,1.00
2010.06.29 14:57:14.966,6.4941,6.4974,1.00,1.00
2010.06.29 14:57:15.952,6.4939,6.4972,1.00,1.00
2010.06.29 14:57:16.266,6.4938,6.4971,1.00,1.00
2010.06.29 14:57:16.627,6.4937,6.497,1.00,1.00
2010.06.29 14:57:17.280,6.4938,6.4971,1.70,1.00
2010.06.29 14:57:17.625,6.494,6.4973,1.00,1.00
2010.06.29 14:57:17.973,6.4941,6.4974,1.00,1.00
2010.06.29 14:57:20.121,6.4942,6.4975,1.00,1.00
2010.06.29 14:57:21.450,6.4941,6.4974,1.00,1.00
2010.06.29 14:57:21.789,6.4941,6.4973,1.00,1.60
2010.06.29 14:57:22.188,6.4941,6.4973,2.50,1.60
2010.06.29 14:57:22.533,6.4941,6.4974,2.50,1.00
2010.06.29 14:57:24.600,6.4941,6.49765,2.50,1.00
2010.06.29 14:57:24.932,6.49415,6.4978,1.00,1.00
2010.06.29 14:57:28.455,6.49505,6.4981,1.60,1.00
2010.06.29 14:57:28.689,6.49505,6.498,1.60,1.00
2010.06.29 14:57:28.917,6.49505,6.4981,1.60,1.00
2010.06.29 14:57:29.468,6.49505,6.4977,1.60,1.60
2010.06.29 14:57:30.432,6.49505,6.4977,1.60,1.70
2010.06.29 14:57:30.761,6.49505,6.4977,1.60,1.60
2010.06.29 14:57:31.101,6.4957,6.49785,2.40,1.00
2010.06.29 14:57:31.721,6.4957,6.49865,2.40,1.00
2010.06.29 14:57:32.414,6.4957,6.4984,2.40,1.00
2010.06.29 14:57:34.457,6.4957,6.4979,2.40,1.00
2010.06.29 14:57:34.714,6.4957,6.4981,2.40,1.00
2010.06.29 14:57:38.033,6.4957,6.49865,2.40,1.00
2010.06.29 14:57:40.860,6.4957,6.49885,2.40,1.00
2010.06.29 14:57:41.491,6.4951,6.49845,2.40,1.00
2010.06.29 14:57:44.795,6.4951,6.49865,2.40,1.00
2010.06.29 14:57:46.386,6.49525,6.49885,1.00,1.00
2010.06.29 14:57:54.847,6.49615,6.4992,1.60,1.00
2010.06.29 14:57:55.002,6.49615,6.49895,1.60,1.00
2010.06.29 14:57:55.352,6.49615,6.4993,1.60,1.00
2010.06.29 14:57:56.041,6.4962,6.4993,1.00,1.00
2010.06.29 14:57:57.021,6.4962,6.4992,1.00,1.00
2010.06.29 14:57:57.568,6.4962,6.4988,1.00,1.60
2010.06.29 14:57:58.313,6.49615,6.4988,1.60,2.40
2010.06.29 14:57:58.563,6.49615,6.4988,1.60,1.60
2010.06.29 14:57:59.188,6.4948,6.4986,1.00,1.00
2010.06.29 14:57:59.536,6.4945,6.4983,2.50,1.60
2010.06.29 14:58:00.233,6.4947,6.4981,2.40,1.00
2010.06.29 14:58:02.775,6.49415,6.4978,1.00,1.00
2010.06.29 14:58:05.750,6.49435,6.498,1.00,1.00
2010.06.29 14:58:06.710,6.4947,6.49835,1.00,1.00
2010.06.29 14:58:07.651,6.49445,6.4981,1.00,1.00
2010.06.29 14:58:09.545,6.4949,6.4983,1.00,1.60
2010.06.29 14:58:09.915,6.4949,6.4985,1.00,1.00
2010.06.29 14:58:11.535,6.49595,6.49855,1.60,1.00
2010.06.29 14:58:12.227,6.4954,6.4987,1.60,1.00
2010.06.29 14:58:13.188,6.4958,6.4988,1.00,1.60
2010.06.29 14:58:13.528,6.4958,6.4993,1.00,1.00
2010.06.29 14:58:14.529,6.4959,6.4993,1.00,1.00
2010.06.29 14:58:17.424,6.4957,6.4991,1.00,2.50
2010.06.29 14:58:17.758,6.49575,6.4991,1.00,2.50
2010.06.29 14:58:17.925,6.4959,6.4993,1.00,1.00
2010.06.29 14:58:19.241,6.4958,6.4991,1.00,1.60
2010.06.29 14:58:20.083,6.4956,6.499,1.70,1.00
2010.06.29 14:58:20.407,6.4956,6.4989,1.60,1.00
2010.06.29 14:58:21.590,6.4956,6.4988,1.60,1.00
2010.06.29 14:58:22.561,6.4957,6.4991,1.00,2.50
2010.06.29 14:58:23.263,6.4955,6.4985,2.40,1.00
2010.06.29 14:58:23.613,6.4951,6.4985,1.00,1.00
2010.06.29 14:58:26.634,6.4951,6.4984,1.00,1.00
2010.06.29 14:58:29.047,6.4953,6.49855,1.00,1.60
2010.06.29 14:58:29.339,6.49545,6.49855,1.60,1.60
2010.06.29 14:58:30.530,6.49545,6.4985,1.60,1.00
2010.06.29 14:58:31.157,6.49545,6.49855,1.60,1.60
2010.06.29 14:58:34.919,6.49545,6.49805,1.60,1.00
2010.06.29 14:58:35.253,6.49545,6.4985,1.60,1.00
2010.06.29 14:58:35.920,6.49545,6.4984,1.60,1.00
2010.06.29 14:58:36.608,6.495,6.4984,1.00,1.00
2010.06.29 14:58:36.952,6.495,6.4983,1.00,1.00
2010.06.29 14:58:38.247,6.495,6.4984,1.00,1.00
2010.06.29 14:58:38.551,6.495,6.49835,1.00,1.00
2010.06.29 14:58:40.167,6.49495,6.49775,1.60,1.60
2010.06.29 14:58:42.259,6.49495,6.4972,1.60,1.60
2010.06.29 14:58:42.541,6.4944,6.4972,1.70,1.60
2010.06.29 14:58:43.409,6.49505,6.4986,1.00,1.00
2010.06.29 14:58:43.751,6.4951,6.4987,1.00,1.00
2010.06.29 14:58:44.455,6.495,6.4984,1.00,1.00
2010.06.29 14:58:45.460,6.495,6.49835,1.00,1.00
2010.06.29 14:58:45.764,6.4951,6.4985,1.00,1.00
2010.06.29 14:58:46.066,6.49545,6.49855,1.60,1.60
2010.06.29 14:58:47.413,6.49545,6.4985,1.60,1.00
2010.06.29 14:58:47.766,6.49545,6.49775,1.60,1.60
2010.06.29 14:58:54.445,6.49545,6.4983,1.60,1.00
2010.06.29 14:58:55.363,6.49545,6.49845,1.60,1.00
2010.06.29 14:58:59.025,6.49545,6.49855,1.60,1.60
2010.06.29 14:58:59.928,6.4955,6.49855,1.00,1.60
2010.06.29 14:59:00.228,6.496,6.4991,1.60,2.50
2010.06.29 14:59:01.327,6.4964,6.4989,1.60,1.00
2010.06.29 14:59:01.674,6.4965,6.4989,2.40,1.00
2010.06.29 14:59:02.388,6.4965,6.499,2.40,1.00
2010.06.29 14:59:03.360,6.4965,6.49975,2.40,1.00
2010.06.29 14:59:03.406,6.4959,6.4993,1.60,1.00
2010.06.29 14:59:03.754,6.4958,6.49925,1.00,1.00
2010.06.29 14:59:04.402,6.4957,6.49925,1.00,1.00
2010.06.29 14:59:04.756,6.4966,6.49915,1.60,1.00
2010.06.29 14:59:05.100,6.4966,6.4992,1.60,1.00
2010.06.29 14:59:05.819,6.4966,6.49915,1.60,1.00
2010.06.29 14:59:06.390,6.4967,6.49915,1.00,1.00
2010.06.29 14:59:07.197,6.4966,6.4991,1.60,1.00
2010.06.29 14:59:07.471,6.4966,6.4992,1.60,1.00
2010.06.29 14:59:08.098,6.4975,6.4999,2.40,1.00
2010.06.29 14:59:08.384,6.4975,6.50035,2.40,1.00
2010.06.29 14:59:09.049,6.4975,6.50005,2.40,1.00
2010.06.29 14:59:10.700,6.4975,6.50025,2.40,1.00
2010.06.29 14:59:11.959,6.4975,6.49985,2.40,1.00
2010.06.29 14:59:12.900,6.4975,6.50045,3.20,1.00
2010.06.29 14:59:13.245,6.4975,6.49995,2.40,1.00
2010.06.29 14:59:13.624,6.4975,6.4997,2.40,1.00
2010.06.29 14:59:13.974,6.4975,6.49985,2.40,1.00
2010.06.29 14:59:14.633,6.4975,6.49965,2.40,1.00
2010.06.29 14:59:14.987,6.4972,6.5002,1.00,1.00
2010.06.29 14:59:15.690,6.4973,6.5003,1.00,1.00
2010.06.29 14:59:16.738,6.4974,6.5003,1.00,1.00
2010.06.29 14:59:17.081,6.4973,6.5003,1.00,1.00
2010.06.29 14:59:18.047,6.4974,6.5003,1.00,1.00
2010.06.29 14:59:18.389,6.4975,6.5003,1.00,1.00
2010.06.29 14:59:18.996,6.4975,6.50035,1.00,1.60
2010.06.29 14:59:19.232,6.4975,6.5002,1.00,1.00
2010.06.29 14:59:20.485,6.4976,6.5002,1.00,1.00
2010.06.29 14:59:20.836,6.4975,6.5002,1.00,1.00
2010.06.29 14:59:21.524,6.4976,6.5002,1.00,1.00
2010.06.29 14:59:21.872,6.4977,6.5002,1.00,1.00
2010.06.29 14:59:22.538,6.4977,6.5002,1.00,1.00
2010.06.29 14:59:22.887,6.4977,6.5003,1.00,1.00
2010.06.29 14:59:23.802,6.4981,6.5004,1.60,1.00
2010.06.29 14:59:24.114,6.4981,6.50085,1.60,1.60
2010.06.29 14:59:24.775,6.4982,6.50055,1.00,1.00
2010.06.29 14:59:25.126,6.4985,6.5006,1.00,1.00
2010.06.29 14:59:26.160,6.49785,6.5002,1.60,1.00
2010.06.29 14:59:27.276,6.4979,6.5001,1.00,1.00
2010.06.29 14:59:27.582,6.49785,6.50085,1.60,1.00
2010.06.29 14:59:27.925,6.4978,6.50085,1.00,1.00
2010.06.29 14:59:28.232,6.4978,6.5005,1.00,1.00
2010.06.29 14:59:29.848,6.4978,6.50115,1.00,1.00
2010.06.29 14:59:30.917,6.4972,6.5007,2.80,1.00
2010.06.29 14:59:31.268,6.49765,6.50105,1.00,1.60
2010.06.29 14:59:31.953,6.4974,6.5005,1.60,1.60
2010.06.29 14:59:32.898,6.49845,6.5005,1.60,1.60
2010.06.29 14:59:33.163,6.49845,6.5004,1.60,1.00
2010.06.29 14:59:33.423,6.49845,6.5005,1.60,1.60
2010.06.29 14:59:35.423,6.49865,6.50085,1.60,1.00
2010.06.29 14:59:35.773,6.49865,6.50125,1.60,1.60
2010.06.29 14:59:36.824,6.49915,6.50175,1.60,1.60
2010.06.29 14:59:37.532,6.49915,6.5015,1.60,1.00
2010.06.29 14:59:37.895,6.49915,6.50105,1.60,1.60
2010.06.29 14:59:39.264,6.4985,6.50105,1.00,1.60
2010.06.29 14:59:39.940,6.4983,6.5005,1.00,1.60
2010.06.29 14:59:40.285,6.4979,6.5005,1.00,1.60
2010.06.29 14:59:41.055,6.4978,6.5005,1.70,1.60
2010.06.29 14:59:41.740,6.498,6.501,1.00,1.00
2010.06.29 14:59:42.955,6.49835,6.5002,1.60,1.60
2010.06.29 14:59:47.211,6.49795,6.5002,1.60,1.60
2010.06.29 14:59:49.300,6.49845,6.5002,1.60,1.60
2010.06.29 14:59:50.007,6.4972,6.5002,2.40,1.60
2010.06.29 14:59:50.350,6.49745,6.4997,1.00,1.60
2010.06.29 14:59:51.051,6.4974,6.4997,1.60,1.60
2010.06.29 14:59:54.615,6.4974,6.49925,1.60,1.60
2010.06.29 14:59:55.441,6.4974,6.49925,2.40,1.60
2010.06.29 14:59:56.114,6.4974,6.49925,1.60,1.60
2010.06.29 14:59:56.482,6.4974,6.49925,2.40,1.60
2010.06.29 14:59:57.501,6.4974,6.4998,2.40,1.60
2010.06.29 14:59:57.835,6.49795,6.4998,1.60,1.60
