2009.09.08 07:00:01.603,5.9576,5.9597,1.00,1.00
2009.09.08 07:00:01.963,5.9574,5.9595,1.00,1.00
2009.09.08 07:00:02.302,5.9575,5.9595,2.40,1.60
2009.09.08 07:00:02.652,5.957,5.9591,1.00,1.00
2009.09.08 07:00:03.002,5.9568,5.9589,1.00,1.00
2009.09.08 07:00:03.352,5.957,5.9589,1.00,1.00
2009.09.08 07:00:03.712,5.9571,5.9591,2.40,1.00
2009.09.08 07:00:04.752,5.9567,5.9587,2.40,1.00
2009.09.08 07:00:06.362,5.957,5.9591,1.00,1.00
2009.09.08 07:00:06.701,5.9571,5.9591,2.40,1.00
2009.09.08 07:00:08.811,5.9572,5.9593,1.00,1.00
2009.09.08 07:00:09.151,5.9568,5.9589,1.00,1.00
2009.09.08 07:00:10.211,5.9566,5.9587,1.00,1.00
2009.09.08 07:00:10.570,5.9565,5.9584,2.40,1.00
2009.09.08 07:00:11.770,5.9565,5.9582,2.40,1.00
2009.09.08 07:00:12.120,5.9563,5.9582,2.40,1.00
2009.09.08 07:00:12.810,5.9563,5.958,2.40,1.00
2009.09.08 07:00:13.160,5.9559,5.958,2.00,1.00
2009.09.08 07:00:14.370,5.9563,5.9584,1.60,1.00
2009.09.08 07:00:14.710,5.9564,5.9582,1.00,1.00
2009.09.08 07:00:15.050,5.9563,5.9582,2.40,1.00
2009.09.08 07:00:15.400,5.9563,5.958,2.40,1.00
2009.09.08 07:00:15.739,5.9561,5.9582,1.00,1.00
2009.09.08 07:00:16.029,5.9564,5.9584,1.00,1.00
2009.09.08 07:00:16.499,5.9564,5.9584,3.20,1.00
2009.09.08 07:00:19.868,5.9564,5.9582,2.40,1.00
2009.09.08 07:00:19.988,5.9564,5.9584,1.00,1.00
2009.09.08 07:00:20.639,5.95685,5.9584,1.00,1.00
2009.09.08 07:00:20.808,5.95685,5.9587,1.00,1.00
2009.09.08 07:00:21.498,5.9567,5.9587,2.40,1.00
2009.09.08 07:00:22.168,5.95685,5.9587,1.00,1.00
2009.09.08 07:00:22.738,5.95685,5.9584,1.00,1.00
2009.09.08 07:00:23.088,5.95685,5.9587,1.00,1.00
2009.09.08 07:00:24.127,5.95685,5.9584,1.00,1.00
2009.09.08 07:00:24.527,5.9564,5.9584,1.00,1.00
2009.09.08 07:00:24.817,5.9569,5.9587,1.00,1.00
2009.09.08 07:00:25.407,5.95685,5.9587,1.00,1.00
2009.09.08 07:00:27.087,5.95685,5.9587,1.00,1.60
2009.09.08 07:00:27.417,5.95685,5.9582,1.00,1.00
2009.09.08 07:00:29.716,5.9563,5.9582,1.00,1.00
2009.09.08 07:00:30.796,5.9561,5.9582,1.00,1.00
2009.09.08 07:00:32.006,5.9564,5.9584,3.20,1.00
2009.09.08 07:00:36.065,5.9564,5.958,2.40,1.00
2009.09.08 07:00:36.235,5.9562,5.958,1.20,1.00
2009.09.08 07:00:36.345,5.9561,5.958,2.40,1.00
2009.09.08 07:00:39.634,5.9557,5.9576,2.40,1.00
2009.09.08 07:00:39.983,5.95505,5.9572,4.80,1.00
2009.09.08 07:00:40.333,5.9552,5.9572,1.00,1.00
2009.09.08 07:00:40.613,5.9552,5.9574,1.00,1.00
2009.09.08 07:00:41.304,5.9554,5.9574,2.40,1.00
2009.09.08 07:00:41.593,5.9552,5.9572,2.40,1.00
2009.09.08 07:00:41.934,5.95545,5.9574,1.60,1.00
2009.09.08 07:00:42.233,5.9552,5.9574,1.00,1.00
2009.09.08 07:00:44.202,5.95505,5.9572,1.60,1.00
2009.09.08 07:00:44.525,5.9552,5.9572,2.40,1.00
2009.09.08 07:00:46.682,5.9551,5.9572,2.40,1.00
2009.09.08 07:00:47.015,5.9549,5.9571,2.40,1.00
2009.09.08 07:00:47.352,5.9551,5.9573,1.00,1.00
2009.09.08 07:00:47.752,5.95505,5.9573,1.60,1.00
2009.09.08 07:00:48.082,5.9551,5.9572,2.40,1.00
2009.09.08 07:00:49.261,5.956,5.958,1.00,1.00
2009.09.08 07:00:49.911,5.9551,5.9574,1.00,1.00
2009.09.08 07:00:51.921,5.9549,5.9572,1.00,1.00
2009.09.08 07:00:52.281,5.9551,5.9574,2.80,1.60
2009.09.08 07:00:52.911,5.9558,5.9578,1.00,1.00
2009.09.08 07:00:53.820,5.9558,5.9579,1.00,1.00
2009.09.08 07:00:54.500,5.9559,5.9579,1.60,1.00
2009.09.08 07:00:54.850,5.9562,5.9582,1.00,1.00
2009.09.08 07:00:55.240,5.9564,5.9584,1.00,1.00
2009.09.08 07:00:57.009,5.9564,5.9585,1.00,1.00
2009.09.08 07:00:57.300,5.9562,5.9585,1.00,1.20
2009.09.08 07:00:57.649,5.9562,5.9583,1.00,1.00
2009.09.08 07:00:57.989,5.9565,5.9586,1.00,1.00
2009.09.08 07:00:58.329,5.9568,5.9586,1.00,1.00
2009.09.08 07:01:00.879,5.9566,5.9584,1.00,1.00
2009.09.08 07:01:02.068,5.9564,5.9582,1.00,1.00
2009.09.08 07:01:02.418,5.95705,5.9589,1.60,2.40
2009.09.08 07:01:02.758,5.95705,5.9601,1.60,3.20
2009.09.08 07:01:03.678,5.9579,5.9611,3.20,4.00
2009.09.08 07:01:04.398,5.9584,5.9611,1.00,4.00
2009.09.08 07:01:04.748,5.9584,5.9604,1.00,2.40
2009.09.08 07:01:05.027,5.958,5.9604,1.00,3.20
2009.09.08 07:01:06.787,5.9576,5.96,1.00,1.00
2009.09.08 07:01:07.137,5.9576,5.96,1.00,2.80
2009.09.08 07:01:07.487,5.9575,5.9599,1.00,1.00
2009.09.08 07:01:07.837,5.9571,5.9595,1.00,1.00
2009.09.08 07:01:08.187,5.9575,5.9598,1.00,1.00
2009.09.08 07:01:08.527,5.9575,5.9596,1.00,1.00
2009.09.08 07:01:08.916,5.9575,5.9597,1.00,1.00
2009.09.08 07:01:09.756,5.9571,5.9593,1.00,1.00
2009.09.08 07:01:10.077,5.9573,5.9594,1.00,1.00
2009.09.08 07:01:11.186,5.9573,5.9595,1.00,1.00
2009.09.08 07:01:11.926,5.9575,5.9597,1.00,1.00
2009.09.08 07:01:14.545,5.9573,5.9595,1.00,1.00
2009.09.08 07:01:15.525,5.9571,5.9592,1.00,1.00
2009.09.08 07:01:15.745,5.9573,5.9592,1.00,1.00
2009.09.08 07:01:15.915,5.9573,5.9594,1.00,1.00
2009.09.08 07:01:16.305,5.9578,5.9598,1.00,1.00
2009.09.08 07:01:17.005,5.958,5.9598,1.00,1.00
2009.09.08 07:01:17.364,5.9577,5.9598,1.00,1.00
2009.09.08 07:01:18.034,5.9573,5.9594,1.00,1.00
2009.09.08 07:01:19.444,5.9575,5.9596,1.00,1.00
2009.09.08 07:01:19.834,5.9575,5.9597,1.00,1.00
2009.09.08 07:01:21.684,5.9573,5.9595,1.00,1.00
2009.09.08 07:01:23.003,5.95725,5.9593,1.00,1.00
2009.09.08 07:01:24.083,5.9573,5.9595,1.00,1.00
2009.09.08 07:01:24.433,5.9575,5.9597,1.00,1.00
2009.09.08 07:01:24.773,5.9573,5.9595,1.00,1.00
2009.09.08 07:01:25.123,5.9573,5.9594,1.00,1.00
2009.09.08 07:01:25.743,5.9575,5.9594,1.00,1.00
2009.09.08 07:01:25.973,5.9575,5.9596,1.00,1.00
2009.09.08 07:01:28.842,5.9573,5.9594,1.00,1.00
2009.09.08 07:01:29.232,5.9573,5.9596,1.00,1.00
2009.09.08 07:01:29.562,5.9573,5.9594,1.00,1.00
2009.09.08 07:01:29.911,5.9575,5.9596,1.00,1.00
2009.09.08 07:01:30.302,5.9573,5.9594,1.00,1.00
2009.09.08 07:01:32.121,5.9571,5.9591,1.00,1.00
2009.09.08 07:01:32.481,5.9573,5.9591,1.00,1.00
2009.09.08 07:01:33.161,5.9573,5.9594,1.00,1.00
2009.09.08 07:01:33.501,5.9573,5.9595,1.00,1.00
2009.09.08 07:01:36.040,5.9573,5.9595,1.00,1.00
2009.09.08 07:01:36.280,5.9573,5.9595,1.00,1.00
2009.09.08 07:01:45.788,5.9571,5.9593,1.00,1.00
2009.09.08 07:01:46.248,5.9573,5.9593,1.00,1.00
2009.09.08 07:01:46.358,5.9573,5.9595,1.00,1.00
2009.09.08 07:01:51.326,5.95715,5.9591,1.00,1.00
2009.09.08 07:01:52.016,5.95705,5.9593,1.00,1.00
2009.09.08 07:01:52.366,5.9571,5.9593,1.00,1.00
2009.09.08 07:01:52.696,5.9571,5.9595,1.00,1.00
2009.09.08 07:01:53.046,5.9573,5.9595,1.00,1.00
2009.09.08 07:01:53.386,5.9567,5.9595,2.40,1.00
2009.09.08 07:01:54.326,5.9566,5.9595,2.40,1.00
2009.09.08 07:01:55.025,5.95675,5.9595,1.60,1.00
2009.09.08 07:01:55.376,5.9568,5.9593,2.40,1.00
2009.09.08 07:01:55.725,5.95645,5.9593,3.20,1.00
2009.09.08 07:01:57.215,5.95675,5.9593,1.60,1.00
2009.09.08 07:01:57.505,5.95675,5.9595,1.60,1.00
2009.09.08 07:01:57.785,5.9569,5.9595,2.40,1.00
2009.09.08 07:01:58.694,5.9569,5.9593,2.40,1.00
2009.09.08 07:01:59.384,5.9566,5.9593,2.40,1.00
2009.09.08 07:02:01.254,5.9575,5.9595,1.00,1.00
2009.09.08 07:02:02.644,5.9577,5.9598,1.00,1.00
2009.09.08 07:02:02.994,5.958,5.9598,1.00,1.00
2009.09.08 07:02:03.344,5.958,5.96,1.00,1.00
2009.09.08 07:02:10.502,5.958,5.9598,1.00,1.00
2009.09.08 07:02:10.802,5.9573,5.9596,2.40,1.00
2009.09.08 07:02:11.512,5.95585,5.9594,1.00,1.00
2009.09.08 07:02:12.222,5.95585,5.9595,1.00,1.00
2009.09.08 07:02:12.571,5.95605,5.9592,1.00,1.60
2009.09.08 07:02:12.901,5.95605,5.9595,1.00,1.00
2009.09.08 07:02:14.211,5.9557,5.9583,1.00,1.00
2009.09.08 07:02:15.141,5.95645,5.959,1.00,1.00
2009.09.08 07:02:16.230,5.9564,5.9588,1.00,1.00
2009.09.08 07:02:16.510,5.95645,5.9588,1.00,1.00
2009.09.08 07:02:16.870,5.95645,5.9586,1.00,1.00
2009.09.08 07:02:17.280,5.9561,5.9582,2.40,1.00
2009.09.08 07:02:17.630,5.9562,5.9586,1.00,1.00
2009.09.08 07:02:17.990,5.95585,5.9582,1.00,1.00
2009.09.08 07:02:18.690,5.95585,5.9577,1.00,1.00
2009.09.08 07:02:19.030,5.95585,5.9577,1.00,1.30
2009.09.08 07:02:20.829,5.95585,5.9576,1.00,1.00
2009.09.08 07:02:20.999,5.95585,5.9572,1.00,1.00
2009.09.08 07:02:22.309,5.95585,5.9567,1.00,1.00
2009.09.08 07:02:23.289,5.95585,5.9567,1.00,1.00
2009.09.08 07:02:24.358,5.956,5.9567,1.00,1.00
2009.09.08 07:02:24.698,5.95585,5.9567,1.00,1.00
2009.09.08 07:02:26.088,5.9561,5.9567,1.00,1.00
2009.09.08 07:02:26.718,5.95615,5.9567,1.00,1.00
2009.09.08 07:02:28.228,5.95585,5.9592,1.60,2.40
2009.09.08 07:02:28.578,5.95615,5.9597,3.20,2.40
2009.09.08 07:02:29.218,5.95615,5.95995,3.20,2.40
2009.09.08 07:02:29.497,5.9565,5.9593,3.20,2.40
2009.09.08 07:02:30.277,5.9563,5.9593,3.20,2.40
2009.09.08 07:02:30.627,5.95615,5.95995,3.20,4.00
2009.09.08 07:02:31.327,5.956,5.95995,3.20,4.00
2009.09.08 07:02:31.677,5.956,5.9597,3.20,1.60
2009.09.08 07:02:33.176,5.95615,5.9596,3.20,2.40
2009.09.08 07:02:35.536,5.9561,5.9596,2.40,2.40
2009.09.08 07:02:38.125,5.9561,5.9596,5.60,2.40
2009.09.08 07:02:38.785,5.95615,5.9596,3.20,2.40
2009.09.08 07:02:39.984,5.95625,5.9601,3.20,4.00
2009.09.08 07:02:41.924,5.9563,5.9601,1.60,2.40
2009.09.08 07:02:42.334,5.95645,5.9601,3.20,2.40
2009.09.08 07:02:42.724,5.9565,5.96,2.40,2.40
2009.09.08 07:02:43.024,5.95615,5.9601,3.20,1.60
2009.09.08 07:02:44.173,5.9565,5.96015,2.40,2.40
2009.09.08 07:02:44.513,5.9565,5.9603,2.40,4.00
2009.09.08 07:02:44.853,5.9574,5.9596,1.00,1.00
2009.09.08 07:02:45.993,5.9575,5.9596,1.00,1.00
2009.09.08 07:02:46.443,5.9573,5.9594,1.00,1.00
2009.09.08 07:02:46.673,5.957,5.9592,1.00,1.00
2009.09.08 07:02:49.702,5.9572,5.9594,1.00,1.00
2009.09.08 07:02:50.855,5.9572,5.9596,1.00,1.60
2009.09.08 07:02:51.152,5.9572,5.9594,1.00,1.00
2009.09.08 07:02:51.802,5.9567,5.9594,1.00,1.00
2009.09.08 07:02:52.542,5.956,5.9586,1.00,1.00
2009.09.08 07:02:52.832,5.9556,5.9582,1.00,1.00
2009.09.08 07:02:53.591,5.9558,5.9582,1.00,1.00
2009.09.08 07:02:53.931,5.956,5.9584,1.00,1.00
2009.09.08 07:02:55.001,5.9562,5.9583,1.00,1.00
2009.09.08 07:02:55.341,5.956,5.9581,1.00,1.00
2009.09.08 07:02:57.081,5.956,5.958,1.00,1.00
2009.09.08 07:02:57.810,5.956,5.9578,1.00,1.00
2009.09.08 07:02:59.490,5.9556,5.9579,1.00,1.00
2009.09.08 07:03:00.410,5.9556,5.9574,1.00,1.00
2009.09.08 07:03:01.289,5.95565,5.9574,1.00,1.00
2009.09.08 07:03:01.750,5.95565,5.9573,1.00,1.00
2009.09.08 07:03:02.090,5.9556,5.9569,1.00,1.60
2009.09.08 07:03:02.379,5.9539,5.9565,3.20,1.00
2009.09.08 07:03:04.459,5.9549,5.9567,1.00,1.00
2009.09.08 07:03:05.848,5.9543,5.9566,1.00,1.00
2009.09.08 07:03:06.009,5.9543,5.9562,1.00,1.00
2009.09.08 07:03:06.349,5.9544,5.9561,1.00,1.00
2009.09.08 07:03:07.518,5.9544,5.956,1.00,1.00
2009.09.08 07:03:09.707,5.9545,5.9562,1.00,1.00
2009.09.08 07:03:09.947,5.9545,5.9562,1.00,1.00
2009.09.08 07:03:10.238,5.9548,5.9566,1.00,1.00
2009.09.08 07:03:10.977,5.9548,5.9566,1.00,1.00
2009.09.08 07:03:11.887,5.9558,5.958,1.20,1.00
2009.09.08 07:03:13.167,5.95545,5.9576,1.00,1.00
2009.09.08 07:03:13.397,5.9555,5.9576,1.00,1.00
2009.09.08 07:03:13.676,5.9557,5.9578,1.00,1.00
2009.09.08 07:03:15.006,5.9557,5.9577,1.00,1.00
2009.09.08 07:03:17.026,5.95515,5.9576,1.00,1.00
2009.09.08 07:03:18.445,5.9552,5.957,1.00,1.00
2009.09.08 07:03:19.585,5.9554,5.9568,1.00,1.00
2009.09.08 07:03:19.925,5.9554,5.9568,1.20,1.00
2009.09.08 07:03:20.345,5.9554,5.9571,1.20,1.00
2009.09.08 07:03:20.965,5.9556,5.9572,1.00,1.00
2009.09.08 07:03:21.265,5.9556,5.957,1.00,1.00
2009.09.08 07:03:21.615,5.95515,5.9568,1.00,1.00
2009.09.08 07:03:22.694,5.95515,5.957,1.00,1.00
2009.09.08 07:03:23.045,5.95515,5.9568,1.00,1.00
2009.09.08 07:03:23.954,5.95515,5.9569,1.00,1.00
2009.09.08 07:03:24.414,5.95515,5.9567,1.00,1.00
2009.09.08 07:03:27.653,5.9553,5.957,1.00,1.00
2009.09.08 07:03:28.353,5.9557,5.9573,1.00,1.00
2009.09.08 07:03:28.703,5.95575,5.9573,1.00,1.00
2009.09.08 07:03:29.033,5.95645,5.9575,1.60,1.00
2009.09.08 07:03:29.423,5.9567,5.9588,1.00,1.00
2009.09.08 07:03:30.432,5.9567,5.9586,1.00,1.00
2009.09.08 07:03:31.392,5.9563,5.9585,1.00,1.00
2009.09.08 07:03:32.972,5.9563,5.9583,1.00,1.00
2009.09.08 07:03:34.062,5.9563,5.9582,1.00,1.00
2009.09.08 07:03:35.691,5.9563,5.9581,1.00,1.00
2009.09.08 07:03:39.700,5.9565,5.9581,1.00,1.00
2009.09.08 07:03:40.050,5.9565,5.9583,1.00,1.00
2009.09.08 07:03:40.390,5.9564,5.9581,1.00,1.00
2009.09.08 07:03:44.729,5.9564,5.9581,1.00,1.00
2009.09.08 07:03:48.458,5.9565,5.9583,1.00,1.00
2009.09.08 07:03:49.018,5.9565,5.9583,1.00,1.00
2009.09.08 07:03:49.478,5.9567,5.9585,1.00,1.00
2009.09.08 07:03:52.927,5.95765,5.9597,1.00,2.40
2009.09.08 07:03:53.227,5.95765,5.9606,1.00,2.40
2009.09.08 07:03:54.317,5.95805,5.9604,1.00,2.40
2009.09.08 07:03:56.346,5.95805,5.96065,1.00,1.60
2009.09.08 07:04:02.435,5.95805,5.96055,1.00,1.60
2009.09.08 07:04:03.135,5.95805,5.9605,1.00,1.60
2009.09.08 07:04:03.364,5.95805,5.96095,1.00,1.60
2009.09.08 07:04:03.765,5.95805,5.961,1.00,5.60
2009.09.08 07:04:04.235,5.95805,5.9609,1.00,1.00
2009.09.08 07:04:07.034,5.95805,5.9607,1.00,1.00
2009.09.08 07:04:07.194,5.95805,5.9607,1.00,3.20
2009.09.08 07:04:08.094,5.9572,5.9604,1.00,1.00
2009.09.08 07:04:09.144,5.9572,5.9607,1.00,3.20
2009.09.08 07:04:13.122,5.9576,5.9611,1.00,6.40
2009.09.08 07:04:13.393,5.9574,5.961,1.00,1.00
2009.09.08 07:04:13.902,5.9572,5.9607,1.00,1.00
2009.09.08 07:04:14.172,5.9572,5.9607,1.00,3.20
2009.09.08 07:04:16.302,5.9574,5.9607,1.00,2.40
2009.09.08 07:04:16.591,5.9574,5.961,1.00,4.80
2009.09.08 07:04:16.872,5.9572,5.9608,1.00,1.20
2009.09.08 07:04:17.341,5.9574,5.9608,1.00,1.60
2009.09.08 07:04:17.681,5.9576,5.9611,1.00,1.00
2009.09.08 07:04:18.031,5.9574,5.9609,1.00,1.00
2009.09.08 07:04:18.371,5.9572,5.9607,1.00,1.00
2009.09.08 07:04:21.410,5.9572,5.9607,1.00,3.20
2009.09.08 07:04:21.530,5.9572,5.9607,1.00,1.00
2009.09.08 07:04:21.870,5.9576,5.9611,1.00,4.80
2009.09.08 07:04:23.360,5.9576,5.9611,1.00,4.00
2009.09.08 07:04:24.989,5.95825,5.9611,1.00,4.80
2009.09.08 07:04:27.639,5.9579,5.9607,1.00,1.00
2009.09.08 07:04:27.979,5.9579,5.9608,1.00,2.40
2009.09.08 07:04:28.329,5.9579,5.9609,1.00,1.00
2009.09.08 07:04:28.969,5.9579,5.9607,1.00,1.00
2009.09.08 07:04:29.319,5.9579,5.9609,1.00,1.00
2009.09.08 07:04:30.068,5.9579,5.9611,1.00,1.60
2009.09.08 07:04:30.399,5.9579,5.9609,1.00,1.60
2009.09.08 07:04:30.738,5.9579,5.96105,1.00,3.20
2009.09.08 07:04:31.598,5.9579,5.9609,1.00,3.20
2009.09.08 07:04:31.878,5.9579,5.9607,1.00,1.60
2009.09.08 07:04:35.227,5.9579,5.9605,1.00,2.40
2009.09.08 07:04:35.607,5.9579,5.9602,1.00,1.00
2009.09.08 07:04:39.096,5.95725,5.96,1.00,1.00
2009.09.08 07:04:40.776,5.9563,5.9598,1.00,1.00
2009.09.08 07:04:49.654,5.9565,5.96,1.00,1.00
2009.09.08 07:04:50.294,5.9567,5.96005,1.00,2.40
2009.09.08 07:04:50.643,5.9563,5.9598,1.00,1.00
2009.09.08 07:04:50.993,5.9565,5.96,1.00,1.00
2009.09.08 07:04:51.364,5.9563,5.9598,1.00,1.00
2009.09.08 07:04:52.063,5.9565,5.96,1.00,4.80
2009.09.08 07:04:52.413,5.9565,5.96,1.00,1.00
2009.09.08 07:04:52.753,5.9565,5.9601,1.00,1.00
2009.09.08 07:04:53.093,5.9567,5.9602,1.00,1.00
2009.09.08 07:04:56.742,5.9569,5.96045,1.00,3.20
2009.09.08 07:04:57.192,5.9569,5.9605,1.00,1.60
2009.09.08 07:04:59.001,5.9569,5.96045,1.00,2.40
2009.09.08 07:04:59.351,5.9567,5.9602,1.00,1.00
2009.09.08 07:05:00.041,5.9568,5.9602,1.00,1.00
2009.09.08 07:05:02.081,5.957,5.9602,1.00,1.00
2009.09.08 07:05:02.421,5.9566,5.96,1.00,1.00
2009.09.08 07:05:04.520,5.9565,5.96,1.00,1.00
2009.09.08 07:05:04.870,5.9559,5.96,3.20,1.00
2009.09.08 07:05:05.210,5.956,5.96,1.00,1.00
2009.09.08 07:05:05.560,5.9558,5.95995,4.00,3.20
2009.09.08 07:05:05.900,5.95585,5.96,3.20,4.80
2009.09.08 07:05:06.259,5.9559,5.96005,3.20,3.20
2009.09.08 07:05:06.989,5.95585,5.96,3.20,4.80
2009.09.08 07:05:07.339,5.95585,5.9599,3.20,1.00
2009.09.08 07:05:07.669,5.956,5.9601,1.00,4.00
2009.09.08 07:05:08.009,5.956,5.96005,1.00,3.20
2009.09.08 07:05:08.349,5.956,5.96,1.00,1.00
2009.09.08 07:05:09.669,5.956,5.96,1.00,1.60
2009.09.08 07:05:10.238,5.956,5.9599,1.00,1.00
2009.09.08 07:05:11.188,5.9564,5.9599,1.00,1.00
2009.09.08 07:05:14.457,5.9562,5.9601,1.00,4.00
2009.09.08 07:05:14.797,5.9566,5.9601,1.00,4.00
2009.09.08 07:05:15.437,5.9566,5.9601,1.00,1.00
2009.09.08 07:05:15.787,5.9566,5.9602,1.00,1.60
2009.09.08 07:05:16.177,5.9567,5.9603,1.00,3.20
2009.09.08 07:05:16.467,5.9566,5.9602,1.00,1.00
2009.09.08 07:05:16.927,5.9566,5.96035,1.00,3.20
2009.09.08 07:05:17.277,5.9566,5.9605,1.00,4.00
2009.09.08 07:05:17.617,5.9567,5.9605,1.00,4.80
2009.09.08 07:05:17.897,5.9567,5.9605,1.00,4.00
2009.09.08 07:05:18.187,5.9567,5.9605,1.00,1.00
2009.09.08 07:05:18.707,5.9567,5.9605,1.00,4.80
2009.09.08 07:05:19.986,5.9567,5.9604,1.00,1.00
2009.09.08 07:05:20.266,5.9566,5.9604,1.00,1.00
2009.09.08 07:05:21.136,5.9566,5.9604,1.00,1.60
2009.09.08 07:05:21.496,5.9566,5.9604,1.00,4.80
2009.09.08 07:05:22.196,5.9566,5.9603,1.00,1.60
2009.09.08 07:05:22.536,5.9566,5.9602,1.00,1.00
2009.09.08 07:05:23.595,5.9566,5.9602,1.00,1.60
2009.09.08 07:05:24.335,5.9566,5.9602,1.00,1.60
2009.09.08 07:05:25.315,5.9566,5.9601,1.00,1.00
2009.09.08 07:05:27.754,5.9564,5.9601,1.00,1.00
2009.09.08 07:05:28.084,5.9564,5.9599,1.00,1.00
2009.09.08 07:05:31.583,5.9566,5.9601,1.00,1.00
2009.09.08 07:05:31.924,5.9566,5.9602,1.00,1.60
2009.09.08 07:05:32.683,5.9566,5.9601,1.00,1.60
2009.09.08 07:05:33.843,5.9564,5.9597,1.00,1.00
2009.09.08 07:05:34.123,5.9562,5.9597,1.00,1.60
2009.09.08 07:05:34.403,5.956,5.9595,1.00,1.60
2009.09.08 07:05:34.982,5.9562,5.9601,1.00,1.00
2009.09.08 07:05:35.393,5.9562,5.9597,1.00,1.00
2009.09.08 07:05:35.682,5.9562,5.9601,1.00,1.00
2009.09.08 07:05:36.612,5.9562,5.96,1.00,1.60
2009.09.08 07:05:38.512,5.9562,5.9599,1.00,1.00
2009.09.08 07:05:39.262,5.9562,5.9599,1.00,1.60
2009.09.08 07:05:39.892,5.9564,5.9601,1.00,4.80
2009.09.08 07:05:40.181,5.9562,5.9601,1.00,1.00
2009.09.08 07:05:40.521,5.9564,5.96,1.00,1.00
2009.09.08 07:05:40.821,5.9564,5.96,1.00,4.00
2009.09.08 07:05:41.151,5.9564,5.96,1.00,1.00
2009.09.08 07:05:41.781,5.95625,5.96,3.20,1.00
2009.09.08 07:05:42.931,5.9566,5.9601,1.00,1.00
2009.09.08 07:05:44.750,5.9566,5.9601,1.00,1.60
2009.09.08 07:05:45.130,5.9568,5.9603,1.00,1.60
2009.09.08 07:05:45.470,5.9566,5.9601,1.00,1.60
2009.09.08 07:05:45.820,5.9566,5.96,1.00,1.00
2009.09.08 07:05:48.419,5.9568,5.9602,1.00,1.00
2009.09.08 07:05:48.949,5.9568,5.96,1.00,1.00
2009.09.08 07:05:49.289,5.9566,5.96,1.00,1.00
2009.09.08 07:05:51.209,5.9568,5.9602,1.00,1.00
2009.09.08 07:05:52.708,5.9569,5.9602,1.00,1.00
2009.09.08 07:05:53.068,5.9569,5.9603,1.00,1.00
2009.09.08 07:05:53.408,5.9569,5.9604,1.00,1.60
2009.09.08 07:05:54.138,5.9569,5.9607,1.00,1.60
2009.09.08 07:05:54.378,5.9569,5.9607,1.00,4.80
2009.09.08 07:05:55.358,5.9584,5.9605,1.00,1.00
2009.09.08 07:05:55.647,5.9584,5.9606,1.00,1.00
2009.09.08 07:05:57.337,5.9585,5.9606,1.00,1.00
2009.09.08 07:05:59.007,5.9585,5.9605,1.00,1.00
2009.09.08 07:05:59.817,5.9583,5.9604,1.00,1.00
2009.09.08 07:06:00.327,5.9581,5.96,1.00,1.00
2009.09.08 07:06:00.936,5.9583,5.9602,1.00,1.00
2009.09.08 07:06:02.526,5.95705,5.9601,3.20,1.00
2009.09.08 07:06:03.096,5.9565,5.96035,1.00,3.20
2009.09.08 07:06:03.436,5.9564,5.9605,1.00,1.60
2009.09.08 07:06:03.786,5.9566,5.9605,1.00,1.00
2009.09.08 07:06:06.355,5.9577,5.9604,1.00,1.00
2009.09.08 07:06:06.475,5.9577,5.9605,1.00,1.60
2009.09.08 07:06:06.985,5.9579,5.9605,1.00,1.00
2009.09.08 07:06:07.095,5.9579,5.9607,1.00,1.60
2009.09.08 07:06:07.795,5.9579,5.9604,1.00,1.00
2009.09.08 07:06:08.205,5.9579,5.9602,1.00,1.00
2009.09.08 07:06:08.555,5.958,5.9606,1.00,1.00
2009.09.08 07:06:08.905,5.9586,5.9609,1.00,1.00
2009.09.08 07:06:09.265,5.9581,5.9607,1.00,1.00
2009.09.08 07:06:09.964,5.9581,5.9608,1.00,1.20
2009.09.08 07:06:12.373,5.9585,5.9612,1.00,1.60
2009.09.08 07:06:13.583,5.9584,5.9611,1.00,1.00
2009.09.08 07:06:15.203,5.9582,5.9609,1.00,1.00
2009.09.08 07:06:15.553,5.9585,5.9608,1.00,1.00
2009.09.08 07:06:15.893,5.9585,5.9604,1.00,1.00
2009.09.08 07:06:16.223,5.95815,5.9603,1.00,1.00
2009.09.08 07:06:16.572,5.9578,5.9603,1.00,1.70
2009.09.08 07:06:17.262,5.9578,5.9603,1.00,1.60
2009.09.08 07:06:17.672,5.95775,5.9602,1.00,1.00
2009.09.08 07:06:18.342,5.9578,5.9603,1.00,1.60
2009.09.08 07:06:19.102,5.9576,5.96,1.00,1.00
2009.09.08 07:06:19.452,5.9578,5.9603,1.00,1.60
2009.09.08 07:06:19.802,5.958,5.9605,1.00,1.60
2009.09.08 07:06:20.492,5.9582,5.9607,1.00,1.60
2009.09.08 07:06:21.891,5.9582,5.9605,1.00,1.00
2009.09.08 07:06:22.181,5.9582,5.9605,1.00,1.60
2009.09.08 07:06:22.481,5.958,5.9605,1.00,1.60
2009.09.08 07:06:23.541,5.9581,5.9607,1.00,1.60
2009.09.08 07:06:24.151,5.958,5.9604,1.00,1.00
2009.09.08 07:06:24.561,5.9584,5.9607,1.00,1.60
2009.09.08 07:06:24.900,5.9582,5.9606,1.20,1.00
2009.09.08 07:06:25.651,5.9584,5.961,1.00,1.60
2009.09.08 07:06:26.000,5.9582,5.9608,1.00,1.60
2009.09.08 07:06:26.520,5.9588,5.9607,1.00,1.00
2009.09.08 07:06:27.350,5.959,5.9609,1.00,1.00
2009.09.08 07:06:28.470,5.959,5.961,1.00,1.00
2009.09.08 07:06:28.820,5.9592,5.9612,1.00,1.00
2009.09.08 07:06:29.399,5.9592,5.9608,1.00,1.00
2009.09.08 07:06:29.780,5.9588,5.9608,1.20,1.00
2009.09.08 07:06:30.719,5.9582,5.9608,1.00,1.60
2009.09.08 07:06:33.758,5.95825,5.9608,1.00,1.20
2009.09.08 07:06:34.099,5.9574,5.9607,2.40,1.20
2009.09.08 07:06:34.438,5.95725,5.9607,1.00,1.20
2009.09.08 07:06:36.858,5.95815,5.9605,1.00,1.00
2009.09.08 07:06:37.188,5.95815,5.9606,1.00,1.00
2009.09.08 07:06:37.888,5.95835,5.9607,1.00,1.00
2009.09.08 07:06:39.647,5.95835,5.9608,1.00,1.20
2009.09.08 07:06:40.867,5.9582,5.9608,1.00,1.20
2009.09.08 07:06:43.246,5.958,5.9605,1.00,1.00
2009.09.08 07:06:44.166,5.9582,5.9605,1.00,1.00
2009.09.08 07:06:44.496,5.9582,5.9608,1.00,1.60
2009.09.08 07:06:45.196,5.958,5.9605,1.00,1.00
2009.09.08 07:06:47.085,5.9582,5.9608,1.00,1.60
2009.09.08 07:06:47.425,5.958,5.9605,1.00,1.00
2009.09.08 07:06:47.755,5.9578,5.9603,1.00,1.00
2009.09.08 07:06:52.324,5.958,5.9605,1.00,1.00
2009.09.08 07:07:01.672,5.9582,5.9607,1.00,1.00
2009.09.08 07:07:01.792,5.9582,5.9606,1.00,1.00
2009.09.08 07:07:02.191,5.9581,5.9606,1.00,1.00
2009.09.08 07:07:03.831,5.9581,5.9608,1.00,1.60
2009.09.08 07:07:05.261,5.9583,5.961,1.00,1.60
2009.09.08 07:07:05.561,5.9587,5.9609,1.00,1.00
2009.09.08 07:07:06.021,5.9587,5.961,1.00,1.60
2009.09.08 07:07:07.410,5.9589,5.9611,1.00,1.00
2009.09.08 07:07:12.769,5.9589,5.9612,1.00,1.60
2009.09.08 07:07:16.208,5.9591,5.9614,1.00,1.60
2009.09.08 07:07:17.088,5.9589,5.9612,1.00,1.60
2009.09.08 07:07:20.277,5.95905,5.9612,1.00,1.60
2009.09.08 07:07:21.377,5.95905,5.9611,1.00,1.00
2009.09.08 07:07:23.047,5.95905,5.9611,1.00,1.60
2009.09.08 07:07:23.346,5.9586,5.9609,1.00,1.60
2009.09.08 07:07:23.696,5.9584,5.9607,1.00,1.20
2009.09.08 07:07:24.046,5.9587,5.9609,1.00,1.00
2009.09.08 07:07:24.436,5.9586,5.9609,1.00,1.60
2009.09.08 07:07:25.076,5.9586,5.9607,1.00,1.00
2009.09.08 07:07:25.406,5.9588,5.9611,1.00,1.60
2009.09.08 07:07:25.766,5.9588,5.961,1.00,1.00
2009.09.08 07:07:32.544,5.95885,5.961,1.00,1.00
2009.09.08 07:07:32.824,5.95885,5.9611,1.00,1.60
2009.09.08 07:07:33.984,5.95885,5.961,1.00,1.00
2009.09.08 07:07:34.334,5.95885,5.961,1.00,1.60
2009.09.08 07:07:35.404,5.95885,5.9608,1.00,1.60
2009.09.08 07:07:35.814,5.9589,5.9612,1.00,1.60
2009.09.08 07:07:36.033,5.95885,5.9611,1.00,1.60
2009.09.08 07:07:36.944,5.95885,5.9609,1.00,1.00
2009.09.08 07:07:37.353,5.9584,5.9607,1.00,1.60
2009.09.08 07:07:37.693,5.95835,5.9606,1.00,1.60
2009.09.08 07:07:38.043,5.95835,5.9608,1.00,1.00
2009.09.08 07:07:38.393,5.9589,5.9611,1.00,1.00
2009.09.08 07:07:39.813,5.9589,5.961,1.00,1.00
2009.09.08 07:07:41.123,5.9591,5.9611,1.00,1.00
2009.09.08 07:07:41.402,5.959,5.9611,1.20,1.00
2009.09.08 07:07:42.722,5.9592,5.9613,1.00,1.00
2009.09.08 07:07:43.102,5.959,5.9609,1.00,1.00
2009.09.08 07:07:43.462,5.959,5.9608,1.00,1.00
2009.09.08 07:07:44.162,5.9592,5.9612,1.00,1.00
2009.09.08 07:07:45.331,5.959,5.961,1.00,1.00
2009.09.08 07:07:47.091,5.9588,5.9608,1.20,1.00
2009.09.08 07:07:47.371,5.959,5.961,1.00,1.00
2009.09.08 07:07:49.900,5.9585,5.9606,2.40,1.00
2009.09.08 07:07:50.260,5.9589,5.9612,1.00,1.00
2009.09.08 07:07:50.610,5.959,5.9612,2.40,1.00
2009.09.08 07:07:51.350,5.959,5.9607,2.40,1.00
2009.09.08 07:07:51.580,5.9589,5.9607,3.20,1.00
2009.09.08 07:07:52.390,5.9591,5.9607,1.00,1.00
2009.09.08 07:07:52.749,5.9589,5.9604,1.00,1.00
2009.09.08 07:07:53.130,5.9588,5.9605,2.40,1.00
2009.09.08 07:07:53.459,5.9591,5.9609,1.00,1.00
2009.09.08 07:07:54.549,5.9591,5.9606,1.00,1.00
2009.09.08 07:07:55.259,5.9591,5.9603,1.00,1.00
2009.09.08 07:07:55.599,5.9591,5.9605,1.00,1.00
2009.09.08 07:07:55.959,5.9587,5.9605,1.00,1.00
2009.09.08 07:07:56.309,5.9587,5.9605,1.20,1.00
2009.09.08 07:07:57.009,5.9587,5.9605,1.00,1.00
2009.09.08 07:07:57.358,5.9587,5.9603,1.00,1.00
2009.09.08 07:07:58.738,5.9596,5.9616,1.00,2.40
2009.09.08 07:07:59.088,5.9594,5.9621,1.00,1.00
2009.09.08 07:07:59.428,5.95935,5.9621,1.00,1.60
2009.09.08 07:07:59.758,5.9597,5.9621,1.00,3.20
2009.09.08 07:08:00.158,5.9597,5.9621,1.00,1.60
2009.09.08 07:08:00.807,5.9598,5.9621,1.00,1.00
2009.09.08 07:08:01.157,5.96,5.9624,1.00,1.60
2009.09.08 07:08:02.717,5.96,5.9622,1.00,1.00
2009.09.08 07:08:03.397,5.9605,5.9628,1.00,1.00
2009.09.08 07:08:03.737,5.9603,5.9626,1.00,1.00
2009.09.08 07:08:04.027,5.9602,5.9624,1.00,1.20
2009.09.08 07:08:05.037,5.9603,5.9626,1.00,1.60
2009.09.08 07:08:05.736,5.9605,5.9628,1.00,1.00
2009.09.08 07:08:07.846,5.9604,5.9628,1.00,1.60
2009.09.08 07:08:09.155,5.9604,5.9627,1.00,1.00
2009.09.08 07:08:09.555,5.9605,5.9628,1.00,1.00
2009.09.08 07:08:09.856,5.9604,5.9628,1.00,1.60
2009.09.08 07:08:10.195,5.9602,5.9626,1.00,1.60
2009.09.08 07:08:10.485,5.9603,5.9626,1.00,1.60
2009.09.08 07:08:10.835,5.9602,5.9626,1.00,1.00
2009.09.08 07:08:11.115,5.9603,5.9626,1.00,1.00
2009.09.08 07:08:12.505,5.9601,5.9624,1.00,1.00
2009.09.08 07:08:12.775,5.96055,5.9628,1.00,1.00
2009.09.08 07:08:13.115,5.9605,5.9629,1.00,1.60
2009.09.08 07:08:13.445,5.9604,5.9628,1.00,1.00
2009.09.08 07:08:13.794,5.9603,5.9626,1.00,1.60
2009.09.08 07:08:14.144,5.96035,5.9626,1.00,1.00
2009.09.08 07:08:15.664,5.96035,5.9626,1.00,1.60
2009.09.08 07:08:16.334,5.9605,5.9628,1.00,1.60
2009.09.08 07:08:16.673,5.9601,5.9625,1.00,1.00
2009.09.08 07:08:17.014,5.9606,5.9629,1.00,1.60
2009.09.08 07:08:17.363,5.9605,5.9628,1.00,1.00
2009.09.08 07:08:17.713,5.9603,5.9626,1.00,1.00
2009.09.08 07:08:18.733,5.9603,5.9626,1.00,1.60
2009.09.08 07:08:19.423,5.9605,5.9628,1.00,1.60
2009.09.08 07:08:19.763,5.9603,5.9626,1.00,1.60
2009.09.08 07:08:20.123,5.9606,5.9629,1.00,1.60
2009.09.08 07:08:20.473,5.9603,5.9626,1.00,1.60
2009.09.08 07:08:20.812,5.9604,5.9627,1.00,1.60
2009.09.08 07:08:21.763,5.9603,5.9626,1.00,1.60
2009.09.08 07:08:22.112,5.9604,5.9627,1.00,1.60
2009.09.08 07:08:22.332,5.9603,5.9626,1.00,1.00
2009.09.08 07:08:23.512,5.9603,5.9626,1.00,1.60
2009.09.08 07:08:24.202,5.9602,5.9625,1.00,1.00
2009.09.08 07:08:24.562,5.9604,5.9628,1.00,1.60
2009.09.08 07:08:24.952,5.9608,5.9628,1.00,1.00
2009.09.08 07:08:25.302,5.9608,5.9631,1.00,1.00
2009.09.08 07:08:25.651,5.9607,5.9631,1.00,1.00
2009.09.08 07:08:26.331,5.9609,5.9633,1.00,1.60
2009.09.08 07:08:26.621,5.9607,5.9631,1.00,1.00
2009.09.08 07:08:27.471,5.9611,5.9633,1.00,1.00
2009.09.08 07:08:27.861,5.9613,5.9637,1.00,1.60
2009.09.08 07:08:28.161,5.9609,5.9633,1.00,1.60
2009.09.08 07:08:28.521,5.9611,5.9634,1.00,1.00
2009.09.08 07:08:28.911,5.9609,5.9632,1.00,1.00
2009.09.08 07:08:29.261,5.961,5.9633,1.00,1.00
2009.09.08 07:08:29.601,5.9608,5.9631,1.00,1.00
2009.09.08 07:08:30.280,5.9607,5.9631,1.00,1.00
2009.09.08 07:08:30.630,5.9605,5.9629,1.00,1.60
2009.09.08 07:08:30.970,5.961,5.963,1.00,1.00
2009.09.08 07:08:32.410,5.9612,5.963,1.00,1.00
2009.09.08 07:08:32.800,5.961,5.9628,1.00,1.00
2009.09.08 07:08:33.080,5.9612,5.963,1.00,1.00
2009.09.08 07:08:33.370,5.9614,5.9632,1.00,1.00
2009.09.08 07:08:33.960,5.9614,5.9631,1.00,1.00
2009.09.08 07:08:34.300,5.961,5.9627,1.00,1.00
2009.09.08 07:08:35.329,5.961,5.9628,1.00,1.00
2009.09.08 07:08:36.199,5.961,5.9626,1.00,1.00
2009.09.08 07:08:36.829,5.9613,5.9628,1.00,1.00
2009.09.08 07:08:37.009,5.9615,5.9631,1.00,1.00
2009.09.08 07:08:37.129,5.9615,5.9632,1.00,1.00
2009.09.08 07:08:37.308,5.9617,5.9634,1.00,1.00
2009.09.08 07:08:42.347,5.9613,5.963,1.00,1.00
2009.09.08 07:08:42.817,5.96125,5.963,1.00,1.00
2009.09.08 07:08:43.168,5.9616,5.9634,1.00,1.00
2009.09.08 07:08:43.507,5.9614,5.9632,1.00,1.00
2009.09.08 07:08:43.907,5.9612,5.963,1.00,1.00
2009.09.08 07:08:44.957,5.9612,5.9629,1.00,1.00
2009.09.08 07:08:45.297,5.9614,5.9631,1.00,1.00
2009.09.08 07:08:46.506,5.9612,5.9629,1.00,1.00
2009.09.08 07:08:46.846,5.96,5.9627,1.00,1.60
2009.09.08 07:08:47.486,5.96,5.9626,1.00,1.00
2009.09.08 07:08:48.216,5.9603,5.9627,1.00,1.00
2009.09.08 07:08:48.546,5.9603,5.9628,1.00,1.00
2009.09.08 07:08:48.896,5.9604,5.9628,1.00,1.00
2009.09.08 07:08:49.246,5.9602,5.9626,1.00,1.00
2009.09.08 07:08:49.596,5.96,5.9626,1.00,1.60
2009.09.08 07:08:49.935,5.9602,5.9628,1.00,1.00
2009.09.08 07:08:50.326,5.96,5.9626,1.00,1.60
2009.09.08 07:08:51.005,5.96,5.9625,1.00,1.00
2009.09.08 07:08:51.655,5.9608,5.9633,1.00,1.00
2009.09.08 07:08:51.945,5.9609,5.9633,1.00,1.00
2009.09.08 07:08:52.585,5.9608,5.9632,1.00,1.00
2009.09.08 07:08:52.975,5.9611,5.9634,1.00,1.60
2009.09.08 07:08:53.325,5.961,5.9633,1.00,1.00
2009.09.08 07:08:53.665,5.9612,5.9634,1.00,1.00
2009.09.08 07:08:53.985,5.9613,5.9636,1.00,1.00
2009.09.08 07:08:54.325,5.9611,5.9635,1.00,1.00
2009.09.08 07:08:54.665,5.9611,5.9635,1.00,1.60
2009.09.08 07:08:55.024,5.9616,5.9636,1.00,1.00
2009.09.08 07:08:55.364,5.9615,5.9635,1.00,1.00
2009.09.08 07:08:57.714,5.9613,5.9633,1.00,1.00
2009.09.08 07:08:58.764,5.9613,5.9634,1.00,1.00
2009.09.08 07:08:59.114,5.9613,5.9632,1.00,1.00
2009.09.08 07:08:59.464,5.9615,5.9634,1.00,1.00
2009.09.08 07:09:00.213,5.9613,5.9632,1.00,1.00
2009.09.08 07:09:00.993,5.9615,5.9634,1.00,1.00
2009.09.08 07:09:05.072,5.9619,5.9638,1.00,1.00
2009.09.08 07:09:08.701,5.9617,5.9636,1.00,1.00
2009.09.08 07:09:10.311,5.9615,5.9633,1.00,1.00
2009.09.08 07:09:13.260,5.9611,5.9629,1.00,1.00
2009.09.08 07:09:14.190,5.9613,5.9632,1.00,1.00
2009.09.08 07:09:15.670,5.9615,5.9633,1.00,1.00
2009.09.08 07:09:17.619,5.9615,5.9632,1.00,1.00
2009.09.08 07:09:17.969,5.9615,5.9634,1.00,1.00
2009.09.08 07:09:18.309,5.9615,5.9632,1.00,1.00
2009.09.08 07:09:21.508,5.9613,5.9632,1.00,1.00
2009.09.08 07:09:21.738,5.9613,5.9632,1.00,1.00
2009.09.08 07:09:23.968,5.9617,5.9638,1.00,1.00
2009.09.08 07:09:24.317,5.9619,5.9638,1.00,1.00
2009.09.08 07:09:24.607,5.9619,5.9636,1.00,1.00
2009.09.08 07:09:32.876,5.9616,5.9638,1.00,1.00
2009.09.08 07:09:33.166,5.9614,5.9635,1.00,1.00
2009.09.08 07:09:33.895,5.9614,5.9634,1.00,1.00
2009.09.08 07:09:34.595,5.9614,5.9635,1.00,1.00
2009.09.08 07:09:35.295,5.9613,5.9634,1.00,1.00
2009.09.08 07:09:36.664,5.9615,5.9634,1.00,1.00
2009.09.08 07:09:37.644,5.9615,5.9633,1.00,1.00
2009.09.08 07:09:39.024,5.9616,5.9635,1.00,1.00
2009.09.08 07:09:40.454,5.962,5.964,1.00,1.00
2009.09.08 07:09:42.443,5.9624,5.9644,1.00,1.00
2009.09.08 07:09:43.473,5.9622,5.9642,1.00,1.00
2009.09.08 07:09:44.163,5.9622,5.964,1.00,1.00
2009.09.08 07:09:44.513,5.9624,5.9644,1.00,1.00
2009.09.08 07:09:44.862,5.9622,5.9642,1.00,1.00
2009.09.08 07:09:45.552,5.962,5.964,1.00,1.00
2009.09.08 07:09:46.442,5.9622,5.9642,1.00,1.00
2009.09.08 07:09:47.352,5.9622,5.964,1.00,1.00
2009.09.08 07:09:47.642,5.9624,5.9644,1.00,1.00
2009.09.08 07:09:50.511,5.9622,5.9642,1.00,1.00
2009.09.08 07:09:50.971,5.9621,5.9642,1.00,1.00
2009.09.08 07:09:51.251,5.9624,5.9643,1.00,1.00
2009.09.08 07:09:52.310,5.9623,5.9643,1.00,1.00
2009.09.08 07:09:53.930,5.9623,5.9642,1.00,1.00
2009.09.08 07:09:54.750,5.9621,5.964,1.00,1.00
2009.09.08 07:09:55.200,5.96195,5.9638,1.00,1.00
2009.09.08 07:10:04.378,5.96195,5.9637,1.00,1.00
2009.09.08 07:10:06.228,5.96195,5.9638,1.00,1.00
2009.09.08 07:10:06.588,5.9623,5.9643,1.00,1.00
2009.09.08 07:10:07.617,5.9623,5.9642,1.00,1.00
2009.09.08 07:10:09.787,5.9624,5.9642,1.00,1.00
2009.09.08 07:10:13.926,5.9621,5.964,1.00,1.00
2009.09.08 07:10:14.156,5.9621,5.9641,1.00,1.00
2009.09.08 07:10:14.386,5.9621,5.964,1.00,1.00
2009.09.08 07:10:14.685,5.9624,5.964,1.00,1.00
2009.09.08 07:10:15.045,5.9621,5.9644,1.00,1.60
2009.09.08 07:10:15.375,5.9623,5.9642,1.00,1.00
2009.09.08 07:10:16.005,5.9619,5.9642,1.00,1.60
2009.09.08 07:10:16.345,5.9621,5.9642,1.00,1.00
2009.09.08 07:10:16.925,5.962,5.964,1.00,1.00
2009.09.08 07:10:17.715,5.962,5.9639,1.00,1.00
2009.09.08 07:10:18.385,5.962,5.9636,1.00,1.00
2009.09.08 07:10:18.675,5.962,5.9639,1.00,1.00
2009.09.08 07:10:18.904,5.962,5.9638,1.00,1.00
2009.09.08 07:10:19.664,5.9623,5.964,1.00,1.00
2009.09.08 07:10:20.404,5.9623,5.9639,1.00,1.00
2009.09.08 07:10:23.624,5.962,5.9636,1.00,1.00
2009.09.08 07:10:23.904,5.9621,5.9635,1.00,1.00
2009.09.08 07:10:24.133,5.9621,5.9638,1.00,1.00
2009.09.08 07:10:28.662,5.9623,5.9638,1.00,1.00
2009.09.08 07:10:28.962,5.9621,5.9638,1.00,1.00
2009.09.08 07:10:30.582,5.9623,5.9639,1.00,1.00
2009.09.08 07:10:31.161,5.9621,5.9638,1.00,1.00
2009.09.08 07:10:34.791,5.9622,5.9638,1.00,1.00
2009.09.08 07:10:38.610,5.9622,5.9638,1.00,1.00
2009.09.08 07:10:38.840,5.9624,5.9638,1.00,1.00
2009.09.08 07:10:39.069,5.9624,5.9638,1.00,1.00
2009.09.08 07:10:39.360,5.9626,5.9642,1.00,1.00
2009.09.08 07:10:39.711,5.9628,5.9643,1.00,1.00
2009.09.08 07:10:40.132,5.9623,5.964,1.00,1.00
2009.09.08 07:10:40.470,5.9623,5.9638,1.00,1.00
2009.09.08 07:10:45.868,5.9623,5.964,1.00,1.00
2009.09.08 07:10:46.198,5.9626,5.9645,1.00,1.00
2009.09.08 07:10:46.528,5.9625,5.9646,1.00,1.00
2009.09.08 07:10:47.597,5.9625,5.9645,1.00,1.00
2009.09.08 07:10:48.457,5.9624,5.9645,1.00,1.00
2009.09.08 07:10:50.127,5.9621,5.9641,2.40,1.00
2009.09.08 07:10:50.397,5.962,5.9641,1.00,1.00
2009.09.08 07:10:50.677,5.962,5.964,1.00,1.00
2009.09.08 07:10:56.085,5.9619,5.9639,1.00,1.00
2009.09.08 07:10:56.945,5.962,5.9642,1.00,1.00
2009.09.08 07:10:57.305,5.962,5.9641,1.00,1.00
2009.09.08 07:10:57.585,5.962,5.9642,1.00,1.00
2009.09.08 07:10:58.225,5.9621,5.9641,1.00,1.00
2009.09.08 07:10:58.525,5.962,5.9642,1.00,1.00
2009.09.08 07:10:58.805,5.962,5.9641,1.00,1.00
2009.09.08 07:10:59.335,5.962,5.9642,1.00,1.00
2009.09.08 07:11:00.684,5.962,5.9641,1.00,1.00
2009.09.08 07:11:01.724,5.962,5.964,1.00,1.00
2009.09.08 07:11:04.633,5.9617,5.9633,2.40,1.00
2009.09.08 07:11:05.033,5.9616,5.9635,1.00,1.00
2009.09.08 07:11:05.663,5.9619,5.9637,1.00,1.00
2009.09.08 07:11:05.963,5.9619,5.9636,1.00,1.00
2009.09.08 07:11:07.613,5.9616,5.9636,1.00,1.00
2009.09.08 07:11:08.252,5.9615,5.9636,1.00,1.00
2009.09.08 07:11:08.533,5.9617,5.9638,1.00,1.00
2009.09.08 07:11:09.122,5.9619,5.964,1.00,1.00
2009.09.08 07:11:09.533,5.9619,5.9639,1.00,1.00
2009.09.08 07:11:10.682,5.9619,5.9638,1.00,1.00
2009.09.08 07:11:13.411,5.9617,5.9636,1.00,1.00
2009.09.08 07:11:18.320,5.9615,5.9634,1.00,1.00
2009.09.08 07:11:20.320,5.9612,5.963,2.40,1.00
2009.09.08 07:11:20.680,5.9611,5.963,1.00,1.00
2009.09.08 07:11:21.042,5.961,5.963,1.00,1.00
2009.09.08 07:11:21.380,5.961,5.9628,1.00,1.00
2009.09.08 07:11:23.039,5.9609,5.963,2.40,1.00
2009.09.08 07:11:23.379,5.9608,5.9627,1.00,1.00
2009.09.08 07:11:24.988,5.9608,5.963,1.00,1.00
2009.09.08 07:11:25.338,5.9608,5.9628,1.00,1.00
2009.09.08 07:11:25.678,5.961,5.9628,1.00,1.00
2009.09.08 07:11:25.968,5.9608,5.963,3.20,1.00
2009.09.08 07:11:26.468,5.9608,5.963,1.00,1.00
2009.09.08 07:11:26.748,5.9608,5.9627,1.00,1.00
2009.09.08 07:11:27.388,5.961,5.9628,1.00,1.00
2009.09.08 07:11:27.728,5.9608,5.9627,1.00,1.00
2009.09.08 07:11:28.408,5.9608,5.9624,1.00,1.00
2009.09.08 07:11:28.808,5.9608,5.9627,1.00,1.00
2009.09.08 07:11:29.388,5.9608,5.9624,1.00,1.00
2009.09.08 07:11:29.727,5.96075,5.9624,1.00,1.00
2009.09.08 07:11:31.507,5.9606,5.9624,1.00,1.00
2009.09.08 07:11:34.106,5.961,5.9624,1.00,1.00
2009.09.08 07:11:34.456,5.961,5.9628,1.00,1.00
2009.09.08 07:11:35.456,5.9608,5.9627,1.00,1.00
2009.09.08 07:11:36.106,5.961,5.9628,1.00,1.00
2009.09.08 07:11:38.345,5.9609,5.9628,1.00,1.00
2009.09.08 07:11:38.565,5.9608,5.9627,3.20,1.00
2009.09.08 07:11:38.845,5.9608,5.9627,1.00,1.00
2009.09.08 07:11:40.025,5.961,5.9628,1.00,1.00
2009.09.08 07:11:46.663,5.9608,5.9627,3.20,1.00
2009.09.08 07:11:46.963,5.9608,5.9627,1.00,1.00
2009.09.08 07:11:54.441,5.9606,5.9625,1.00,1.00
2009.09.08 07:11:54.781,5.9606,5.9624,1.00,1.00
2009.09.08 07:11:55.921,5.9601,5.9624,1.00,1.00
2009.09.08 07:12:01.960,5.9605,5.9628,1.00,1.00
2009.09.08 07:12:02.320,5.9605,5.9631,1.00,1.00
2009.09.08 07:12:02.670,5.9605,5.963,1.00,1.00
2009.09.08 07:12:06.049,5.9608,5.9631,1.00,1.60
2009.09.08 07:12:06.749,5.9607,5.963,1.00,1.00
2009.09.08 07:12:06.988,5.9611,5.9632,1.00,1.00
2009.09.08 07:12:07.688,5.9611,5.9635,1.00,1.60
2009.09.08 07:12:12.867,5.9611,5.9634,1.00,1.60
2009.09.08 07:12:14.896,5.9611,5.9634,1.00,1.60
2009.09.08 07:12:20.795,5.9618,5.9641,1.00,1.60
2009.09.08 07:12:21.605,5.9616,5.9639,1.00,1.60
2009.09.08 07:12:21.945,5.9611,5.9637,1.00,1.00
2009.09.08 07:12:23.795,5.9616,5.9637,1.00,1.00
2009.09.08 07:12:24.094,5.9616,5.9639,1.00,1.60
2009.09.08 07:12:28.293,5.9611,5.9635,1.00,1.60
2009.09.08 07:12:28.753,5.9613,5.9637,1.00,1.60
2009.09.08 07:12:30.113,5.9613,5.9636,1.00,1.00
2009.09.08 07:12:32.552,5.9611,5.9634,1.00,1.00
2009.09.08 07:12:36.881,5.961,5.9633,1.00,1.00
2009.09.08 07:12:39.191,5.9614,5.9637,1.00,1.00
2009.09.08 07:12:39.711,5.9614,5.9637,1.00,1.60
2009.09.08 07:12:40.341,5.9612,5.9635,1.00,1.60
2009.09.08 07:12:41.790,5.9608,5.9631,1.00,1.60
2009.09.08 07:12:45.289,5.961,5.9633,1.00,1.60
2009.09.08 07:12:45.679,5.9611,5.9633,1.00,1.00
2009.09.08 07:12:46.719,5.9611,5.9634,1.00,1.00
2009.09.08 07:12:47.049,5.9613,5.9635,1.00,1.00
2009.09.08 07:12:50.938,5.9611,5.9633,1.00,1.00
2009.09.08 07:12:52.847,5.9609,5.9633,1.00,1.20
2009.09.08 07:12:53.187,5.9613,5.9632,1.00,1.00
2009.09.08 07:12:53.877,5.9613,5.9633,1.00,1.00
2009.09.08 07:12:55.757,5.9609,5.9633,3.20,1.20
2009.09.08 07:12:55.977,5.9607,5.9631,1.00,1.20
2009.09.08 07:12:56.377,5.9609,5.9628,1.00,1.00
2009.09.08 07:12:56.547,5.9605,5.9629,1.00,1.00
2009.09.08 07:12:57.067,5.9605,5.9628,1.00,1.00
2009.09.08 07:12:58.176,5.9602,5.9628,1.00,1.20
2009.09.08 07:12:59.576,5.9602,5.9628,1.00,1.00
2009.09.08 07:13:00.146,5.9604,5.963,1.00,1.00
2009.09.08 07:13:00.846,5.9604,5.963,1.00,1.60
2009.09.08 07:13:01.955,5.9602,5.9628,1.00,1.20
2009.09.08 07:13:02.345,5.96,5.9626,1.00,1.20
2009.09.08 07:13:03.555,5.9601,5.9626,1.00,1.20
2009.09.08 07:13:03.905,5.9602,5.9626,1.00,1.20
2009.09.08 07:13:04.865,5.96,5.9626,1.00,1.20
2009.09.08 07:13:06.024,5.9598,5.9624,1.00,1.00
2009.09.08 07:13:06.314,5.9598,5.9624,1.00,1.60
2009.09.08 07:13:07.014,5.96,5.9626,1.00,1.00
2009.09.08 07:13:07.364,5.96,5.9626,1.00,1.20
2009.09.08 07:13:08.803,5.96,5.9626,1.00,1.00
2009.09.08 07:13:09.193,5.9602,5.9628,1.00,1.00
2009.09.08 07:13:09.533,5.96,5.9626,1.00,1.00
2009.09.08 07:13:09.883,5.96,5.9626,1.00,1.20
2009.09.08 07:13:10.903,5.9602,5.9625,1.00,1.00
2009.09.08 07:13:11.493,5.9603,5.9626,1.00,1.20
2009.09.08 07:13:12.293,5.9609,5.9628,1.00,1.00
2009.09.08 07:13:12.643,5.9603,5.9628,1.00,1.00
2009.09.08 07:13:13.332,5.9607,5.963,1.00,1.60
2009.09.08 07:13:14.032,5.9607,5.9632,1.00,1.00
2009.09.08 07:13:15.462,5.9611,5.9634,1.00,1.00
2009.09.08 07:13:16.112,5.9611,5.9634,1.00,1.60
2009.09.08 07:13:17.591,5.961,5.9633,1.00,1.60
2009.09.08 07:13:18.341,5.9609,5.9633,1.00,1.60
2009.09.08 07:13:19.001,5.9607,5.9631,1.00,1.20
2009.09.08 07:13:19.351,5.9607,5.963,1.00,1.00
2009.09.08 07:13:21.951,5.9609,5.9633,1.00,1.20
2009.09.08 07:13:25.820,5.9611,5.9635,1.00,1.60
2009.09.08 07:13:27.399,5.961,5.9633,1.00,1.00
2009.09.08 07:13:28.039,5.9612,5.9635,1.00,1.00
2009.09.08 07:13:28.619,5.961,5.9633,1.00,1.60
2009.09.08 07:13:29.249,5.9612,5.9635,1.00,1.00
2009.09.08 07:13:29.708,5.9612,5.9635,1.00,1.60
2009.09.08 07:13:30.978,5.9612,5.9634,1.00,1.00
2009.09.08 07:13:31.368,5.9612,5.9635,1.00,1.00
2009.09.08 07:13:31.718,5.9614,5.9636,1.00,1.00
2009.09.08 07:13:32.068,5.961,5.9634,1.00,1.00
2009.09.08 07:13:32.628,5.9614,5.9636,1.00,1.00
2009.09.08 07:13:34.807,5.9613,5.9636,1.00,1.00
2009.09.08 07:13:35.677,5.9611,5.9634,1.00,1.00
2009.09.08 07:13:36.007,5.9611,5.9633,1.00,1.00
2009.09.08 07:13:36.337,5.9613,5.9637,1.00,1.20
2009.09.08 07:13:36.627,5.9613,5.9636,1.00,1.00
2009.09.08 07:13:37.767,5.9613,5.9636,1.00,1.20
2009.09.08 07:13:47.784,5.9613,5.9636,1.00,1.60
2009.09.08 07:13:48.544,5.962,5.9637,1.00,1.00
2009.09.08 07:13:49.174,5.962,5.9638,1.00,1.00
2009.09.08 07:13:49.534,5.962,5.9637,1.00,1.00
2009.09.08 07:13:50.333,5.962,5.9638,1.00,1.00
2009.09.08 07:13:50.854,5.9626,5.9642,1.00,1.00
2009.09.08 07:13:51.214,5.962,5.964,1.00,1.00
2009.09.08 07:13:51.553,5.9611,5.9638,1.00,1.00
2009.09.08 07:13:52.523,5.9611,5.9637,1.00,1.00
2009.09.08 07:13:53.563,5.9616,5.9639,1.00,1.60
2009.09.08 07:13:54.493,5.9618,5.964,1.00,1.00
2009.09.08 07:13:54.853,5.9616,5.9638,1.00,1.00
2009.09.08 07:14:02.980,5.9616,5.9639,1.00,1.60
2009.09.08 07:14:04.810,5.9616,5.9638,1.00,1.00
2009.09.08 07:14:05.720,5.9618,5.9641,1.00,1.60
2009.09.08 07:14:06.400,5.962,5.9643,1.00,1.60
2009.09.08 07:14:07.900,5.962,5.9644,1.00,1.00
2009.09.08 07:14:08.769,5.9618,5.964,1.00,1.00
2009.09.08 07:14:15.727,5.9622,5.9645,1.00,1.00
2009.09.08 07:14:17.527,5.9622,5.9644,1.00,1.00
2009.09.08 07:14:20.327,5.9621,5.9644,1.00,1.00
2009.09.08 07:14:20.676,5.9625,5.9649,1.00,1.60
2009.09.08 07:14:21.076,5.9619,5.9641,2.40,1.00
2009.09.08 07:14:21.426,5.9617,5.9639,2.40,1.00
2009.09.08 07:14:22.966,5.9617,5.9637,2.40,1.00
2009.09.08 07:14:23.205,5.9619,5.9639,2.40,1.00
2009.09.08 07:14:23.576,5.9619,5.9636,2.40,1.00
2009.09.08 07:14:24.475,5.9619,5.9634,2.40,1.00
2009.09.08 07:14:24.815,5.9619,5.9638,3.20,1.00
2009.09.08 07:14:25.165,5.9621,5.9638,2.40,1.00
2009.09.08 07:14:25.505,5.962,5.9638,2.40,1.00
2009.09.08 07:14:25.855,5.9619,5.9635,1.00,1.00
2009.09.08 07:14:26.265,5.9617,5.9633,2.40,1.00
2009.09.08 07:14:26.605,5.962,5.9639,1.00,1.00
2009.09.08 07:14:27.295,5.9619,5.9639,1.00,1.00
2009.09.08 07:14:28.984,5.9619,5.9637,1.00,1.00
2009.09.08 07:14:29.384,5.9618,5.9635,1.00,1.00
2009.09.08 07:14:29.734,5.9615,5.9639,1.00,1.00
2009.09.08 07:14:30.374,5.9616,5.9639,1.00,1.00
2009.09.08 07:14:31.574,5.9618,5.9639,1.00,1.00
2009.09.08 07:14:31.863,5.9616,5.9637,1.00,1.00
2009.09.08 07:14:32.143,5.9618,5.9639,1.00,1.00
2009.09.08 07:14:32.743,5.9618,5.9637,1.00,1.00
2009.09.08 07:14:33.083,5.9616,5.9635,1.00,1.00
2009.09.08 07:14:33.833,5.9617,5.9635,1.00,1.00
2009.09.08 07:14:35.412,5.9617,5.9635,1.00,1.00
2009.09.08 07:14:44.401,5.9617,5.9634,1.00,1.00
2009.09.08 07:14:48.930,5.9619,5.9637,1.00,1.00
2009.09.08 07:14:49.849,5.9617,5.9634,1.00,1.00
2009.09.08 07:14:50.209,5.9619,5.9634,1.00,1.00
2009.09.08 07:14:50.539,5.9617,5.9634,1.00,1.00
2009.09.08 07:14:52.178,5.9619,5.9637,1.00,1.00
2009.09.08 07:15:04.276,5.961,5.9626,1.00,1.00
2009.09.08 07:15:06.635,5.9613,5.9629,1.00,1.00
2009.09.08 07:15:06.965,5.9617,5.9633,1.00,1.00
2009.09.08 07:15:07.265,5.9619,5.9637,1.00,1.00
2009.09.08 07:15:07.625,5.96185,5.9635,1.00,1.00
2009.09.08 07:15:09.385,5.96185,5.9633,1.00,1.00
2009.09.08 07:15:09.734,5.96185,5.9631,1.00,1.00
2009.09.08 07:15:10.055,5.9613,5.9631,1.00,1.00
2009.09.08 07:15:13.764,5.9613,5.9628,1.00,1.00
2009.09.08 07:15:14.064,5.9613,5.9631,1.00,1.00
2009.09.08 07:15:14.684,5.9613,5.9628,1.00,1.00
2009.09.08 07:15:15.323,5.9613,5.9626,1.00,1.00
2009.09.08 07:15:15.663,5.9613,5.9628,1.00,1.00
2009.09.08 07:15:16.023,5.9613,5.9628,1.00,1.00
2009.09.08 07:15:16.373,5.9613,5.9626,1.00,1.00
2009.09.08 07:15:16.763,5.9613,5.9625,1.00,1.00
2009.09.08 07:15:17.113,5.9613,5.9626,1.00,1.00
2009.09.08 07:15:17.463,5.9613,5.9627,1.00,1.00
2009.09.08 07:15:17.813,5.9613,5.9629,1.00,1.00
2009.09.08 07:15:18.162,5.9613,5.9626,1.00,1.00
2009.09.08 07:15:18.503,5.9613,5.9626,1.00,1.00
2009.09.08 07:15:19.082,5.9609,5.9626,1.00,1.00
2009.09.08 07:15:19.313,5.9611,5.9626,1.00,1.00
2009.09.08 07:15:19.552,5.9611,5.9628,1.00,1.00
2009.09.08 07:15:19.722,5.9611,5.9629,1.00,1.00
2009.09.08 07:15:20.992,5.9613,5.9631,1.00,1.00
2009.09.08 07:15:21.322,5.9613,5.9631,1.00,1.00
2009.09.08 07:15:22.022,5.9611,5.9631,1.00,1.00
2009.09.08 07:15:22.372,5.9612,5.9629,1.00,1.00
2009.09.08 07:15:23.841,5.961,5.9627,1.00,1.00
2009.09.08 07:15:24.181,5.9612,5.9629,1.00,1.00
2009.09.08 07:15:28.560,5.9614,5.9631,1.00,1.00
2009.09.08 07:15:28.900,5.9613,5.9627,1.00,1.00
2009.09.08 07:15:29.280,5.9611,5.9626,1.00,1.00
2009.09.08 07:15:29.590,5.9614,5.9626,1.00,1.00
2009.09.08 07:15:29.980,5.9614,5.9631,1.00,1.00
2009.09.08 07:15:30.369,5.9614,5.9632,1.00,1.00
2009.09.08 07:15:31.259,5.9614,5.9631,1.00,1.00
2009.09.08 07:15:31.489,5.9616,5.9631,1.00,1.00
2009.09.08 07:15:31.669,5.9616,5.9632,1.00,1.00
2009.09.08 07:15:32.369,5.9616,5.9634,1.00,1.00
2009.09.08 07:15:32.719,5.9617,5.9634,1.00,1.00
2009.09.08 07:15:33.069,5.9617,5.9633,1.60,1.00
2009.09.08 07:15:33.399,5.9618,5.9635,1.00,1.00
2009.09.08 07:15:34.399,5.96165,5.9633,1.00,1.00
2009.09.08 07:15:35.139,5.96165,5.9631,1.00,1.00
2009.09.08 07:15:35.478,5.96165,5.9633,1.00,1.00
2009.09.08 07:15:37.648,5.96165,5.9631,1.00,1.00
2009.09.08 07:15:37.887,5.96165,5.9633,1.00,1.00
2009.09.08 07:15:39.607,5.96165,5.9631,1.00,1.00
2009.09.08 07:15:40.987,5.9613,5.963,4.00,1.00
2009.09.08 07:15:41.267,5.9612,5.9632,1.00,1.00
2009.09.08 07:15:42.137,5.9612,5.963,1.00,1.00
2009.09.08 07:15:44.396,5.9612,5.9629,1.00,1.00
2009.09.08 07:15:45.546,5.9612,5.963,1.00,1.00
2009.09.08 07:15:45.776,5.96145,5.9634,1.00,1.00
2009.09.08 07:15:46.006,5.9617,5.9634,1.00,1.00
2009.09.08 07:15:46.236,5.9619,5.9636,1.00,1.00
2009.09.08 07:15:47.036,5.9617,5.9634,1.00,1.00
2009.09.08 07:15:47.385,5.9615,5.9633,1.00,1.00
2009.09.08 07:15:47.736,5.9616,5.9634,1.00,1.00
2009.09.08 07:15:48.425,5.9617,5.9634,1.00,1.00
2009.09.08 07:15:48.765,5.9617,5.9635,1.00,1.00
2009.09.08 07:15:49.045,5.9617,5.9635,1.00,1.00
2009.09.08 07:15:49.325,5.9618,5.9635,1.00,1.00
2009.09.08 07:15:50.655,5.9618,5.9635,1.00,1.00
2009.09.08 07:15:50.995,5.962,5.9637,1.00,1.00
2009.09.08 07:15:51.674,5.9622,5.9639,1.00,1.00
2009.09.08 07:15:51.904,5.9622,5.9639,1.00,1.00
2009.09.08 07:15:53.234,5.9622,5.9639,1.00,1.00
2009.09.08 07:15:54.283,5.96215,5.9637,1.00,1.00
2009.09.08 07:15:54.633,5.96215,5.9639,1.00,1.00
2009.09.08 07:15:56.303,5.9619,5.9639,1.00,1.00
2009.09.08 07:15:56.753,5.9619,5.9634,1.00,1.00
2009.09.08 07:15:56.973,5.9619,5.9636,1.00,1.00
2009.09.08 07:15:57.423,5.9618,5.9634,1.00,1.00
2009.09.08 07:15:58.413,5.9619,5.9636,1.00,1.00
2009.09.08 07:15:59.692,5.9621,5.9638,1.00,1.00
2009.09.08 07:16:02.002,5.9623,5.9638,1.00,1.00
2009.09.08 07:16:02.232,5.9623,5.9641,1.00,1.00
2009.09.08 07:16:03.681,5.9622,5.9639,1.00,1.00
2009.09.08 07:16:04.151,5.9622,5.964,1.00,1.00
2009.09.08 07:16:05.141,5.9624,5.9641,1.00,1.00
2009.09.08 07:16:05.611,5.9624,5.9642,1.00,1.00
2009.09.08 07:16:06.421,5.9626,5.9644,1.00,1.00
2009.09.08 07:16:06.651,5.9626,5.9643,1.00,1.00
2009.09.08 07:16:06.931,5.96245,5.9642,1.00,1.00
2009.09.08 07:16:07.900,5.9624,5.9642,1.00,1.00
2009.09.08 07:16:09.980,5.9626,5.9643,1.00,1.00
2009.09.08 07:16:12.110,5.9624,5.9642,1.00,1.00
2009.09.08 07:16:12.450,5.96225,5.964,1.00,1.00
2009.09.08 07:16:12.749,5.9624,5.9642,1.00,1.00
2009.09.08 07:16:13.039,5.9624,5.9642,1.00,1.00
2009.09.08 07:16:13.329,5.96225,5.9642,1.00,1.00
2009.09.08 07:16:13.899,5.9624,5.9642,1.00,1.00
2009.09.08 07:16:14.639,5.96255,5.9642,1.00,1.00
2009.09.08 07:16:14.999,5.9624,5.9642,1.00,1.00
2009.09.08 07:16:15.329,5.9631,5.9655,1.00,1.00
2009.09.08 07:16:15.689,5.9623,5.9648,1.00,1.00
2009.09.08 07:16:16.038,5.9624,5.9649,1.00,1.00
2009.09.08 07:16:17.088,5.9631,5.9653,1.00,1.00
2009.09.08 07:16:17.438,5.963,5.9653,1.00,1.00
2009.09.08 07:16:17.958,5.963,5.9653,1.00,1.20
2009.09.08 07:16:20.657,5.9629,5.9653,1.00,1.20
2009.09.08 07:16:22.347,5.9635,5.9653,1.00,1.00
2009.09.08 07:16:22.897,5.9636,5.9653,1.00,1.00
2009.09.08 07:16:24.667,5.9636,5.9654,1.00,1.00
2009.09.08 07:16:26.336,5.9638,5.9656,1.00,1.00
2009.09.08 07:16:26.636,5.964,5.9658,1.00,1.00
2009.09.08 07:16:26.876,5.9643,5.966,1.00,1.00
2009.09.08 07:16:27.226,5.9643,5.966,1.00,1.00
2009.09.08 07:16:31.395,5.9641,5.9656,1.00,1.00
2009.09.08 07:16:31.685,5.9643,5.966,1.00,1.00
2009.09.08 07:16:32.205,5.9642,5.966,1.00,1.00
2009.09.08 07:16:32.505,5.9642,5.966,1.00,1.00
2009.09.08 07:16:32.844,5.9645,5.9664,1.00,1.00
2009.09.08 07:16:33.235,5.9643,5.9664,1.00,1.00
2009.09.08 07:16:33.584,5.9643,5.9662,1.00,1.00
2009.09.08 07:16:35.374,5.9645,5.9664,1.00,1.00
2009.09.08 07:16:35.714,5.9643,5.9662,1.00,1.00
2009.09.08 07:16:36.464,5.9645,5.9663,1.00,1.00
2009.09.08 07:16:36.854,5.9645,5.9664,1.00,1.00
2009.09.08 07:16:37.143,5.96415,5.9664,1.00,1.00
2009.09.08 07:16:37.484,5.96415,5.9659,1.00,1.00
2009.09.08 07:16:37.883,5.96415,5.9662,1.00,1.20
2009.09.08 07:16:38.283,5.96415,5.9662,1.00,1.00
2009.09.08 07:16:38.973,5.9641,5.9662,1.20,1.00
2009.09.08 07:16:39.503,5.9641,5.966,1.20,1.00
2009.09.08 07:16:40.183,5.9641,5.966,1.20,1.00
2009.09.08 07:16:40.472,5.9641,5.9659,1.20,1.00
2009.09.08 07:16:40.822,5.9641,5.966,1.30,1.00
2009.09.08 07:16:43.042,5.9646,5.966,1.00,1.00
2009.09.08 07:16:43.322,5.9645,5.9666,1.00,1.00
2009.09.08 07:16:43.662,5.9647,5.9666,1.00,1.00
2009.09.08 07:16:45.053,5.9645,5.9663,1.00,1.00
2009.09.08 07:16:50.520,5.9645,5.9663,1.00,1.00
2009.09.08 07:16:54.979,5.96445,5.9661,1.00,1.00
2009.09.08 07:16:55.429,5.9643,5.9661,1.00,1.00
2009.09.08 07:16:55.669,5.96405,5.9659,1.00,1.00
2009.09.08 07:16:55.899,5.96445,5.9659,1.00,1.00
2009.09.08 07:16:56.239,5.96445,5.9659,1.00,1.00
2009.09.08 07:16:56.579,5.96445,5.9661,1.00,1.00
2009.09.08 07:16:58.718,5.9643,5.9661,1.00,1.00
2009.09.08 07:17:02.367,5.9643,5.9659,1.00,1.00
2009.09.08 07:17:02.597,5.9642,5.9659,1.00,1.00
2009.09.08 07:17:02.827,5.9643,5.9661,1.00,1.00
2009.09.08 07:17:04.967,5.9642,5.9659,1.00,1.00
2009.09.08 07:17:05.646,5.9642,5.9659,1.00,1.00
2009.09.08 07:17:05.917,5.9643,5.9661,1.00,1.00
2009.09.08 07:17:07.536,5.9642,5.9659,1.00,1.00
2009.09.08 07:17:07.806,5.9642,5.9659,1.00,1.00
2009.09.08 07:17:08.086,5.9642,5.9661,1.00,1.00
2009.09.08 07:17:08.426,5.9643,5.9661,1.00,1.00
2009.09.08 07:17:12.595,5.9642,5.9659,1.00,1.00
2009.09.08 07:17:12.775,5.9642,5.9658,1.00,1.00
2009.09.08 07:17:12.945,5.9643,5.9658,1.00,1.00
2009.09.08 07:17:13.065,5.9642,5.9658,1.00,1.00
2009.09.08 07:17:13.175,5.9643,5.9658,1.00,1.00
2009.09.08 07:17:13.295,5.9643,5.9661,1.00,1.00
2009.09.08 07:17:13.675,5.9642,5.9654,1.00,1.00
2009.09.08 07:17:14.075,5.9642,5.9657,1.00,1.00
2009.09.08 07:17:14.415,5.9636,5.9654,1.00,1.00
2009.09.08 07:17:14.764,5.9638,5.9657,1.00,1.00
2009.09.08 07:17:16.094,5.9636,5.9654,1.00,1.00
2009.09.08 07:17:17.704,5.9636,5.9655,1.00,1.00
2009.09.08 07:17:18.004,5.96355,5.9651,1.00,1.00
2009.09.08 07:17:18.344,5.9619,5.9648,1.00,1.00
2009.09.08 07:17:18.693,5.9619,5.9647,1.00,1.00
2009.09.08 07:17:21.473,5.9621,5.9649,1.00,1.00
2009.09.08 07:17:23.532,5.9621,5.9647,1.00,1.00
2009.09.08 07:17:25.242,5.9621,5.965,1.00,1.00
2009.09.08 07:17:25.582,5.9622,5.9652,4.00,1.00
2009.09.08 07:17:25.932,5.9621,5.965,1.00,1.00
2009.09.08 07:17:28.071,5.9622,5.9651,4.00,1.00
2009.09.08 07:17:28.301,5.9622,5.9652,4.00,1.00
2009.09.08 07:17:32.850,5.9622,5.9652,4.00,1.00
2009.09.08 07:17:33.540,5.96215,5.9648,1.60,1.00
2009.09.08 07:17:33.900,5.96185,5.9648,1.00,1.00
2009.09.08 07:17:34.600,5.96185,5.965,1.00,1.00
2009.09.08 07:17:34.949,5.9621,5.9651,1.00,1.00
2009.09.08 07:17:35.309,5.9619,5.965,1.00,1.00
2009.09.08 07:17:35.649,5.96185,5.9648,1.00,1.00
2009.09.08 07:17:39.548,5.9623,5.9654,1.00,1.00
2009.09.08 07:17:39.898,5.9625,5.9651,1.00,1.00
2009.09.08 07:17:40.298,5.9625,5.9652,1.00,1.00
2009.09.08 07:17:40.648,5.9632,5.9655,1.00,1.00
2009.09.08 07:17:42.447,5.9632,5.9652,1.00,1.00
2009.09.08 07:17:42.797,5.9628,5.965,1.00,1.00
2009.09.08 07:17:43.618,5.963,5.965,1.00,1.00
2009.09.08 07:17:43.967,5.9632,5.9655,1.00,1.00
2009.09.08 07:17:44.347,5.9632,5.9653,1.00,1.00
2009.09.08 07:17:45.037,5.9631,5.9653,1.00,1.00
2009.09.08 07:17:45.737,5.9629,5.9651,1.00,1.00
2009.09.08 07:17:46.087,5.9631,5.9653,1.00,1.00
2009.09.08 07:17:46.477,5.9632,5.9657,1.00,1.00
2009.09.08 07:17:46.827,5.963,5.9653,1.00,1.00
2009.09.08 07:17:47.166,5.9632,5.9656,1.00,1.60
2009.09.08 07:17:47.857,5.9632,5.9655,1.00,1.00
2009.09.08 07:17:54.595,5.963,5.9653,1.00,1.20
2009.09.08 07:18:02.793,5.9632,5.9655,1.00,1.00
2009.09.08 07:18:03.882,5.963,5.9653,1.00,1.60
2009.09.08 07:18:04.052,5.9632,5.9655,1.00,1.00
2009.09.08 07:18:04.212,5.9634,5.9657,1.00,1.00
2009.09.08 07:18:13.290,5.9636,5.9657,1.00,1.00
2009.09.08 07:18:13.571,5.9634,5.9657,1.00,1.00
2009.09.08 07:18:14.550,5.9636,5.9657,1.00,1.00
2009.09.08 07:18:14.900,5.9634,5.9657,1.00,1.00
2009.09.08 07:18:18.879,5.9638,5.9661,1.00,1.00
2009.09.08 07:18:19.219,5.9638,5.9661,1.00,1.00
2009.09.08 07:18:19.919,5.9636,5.9659,1.00,1.00
2009.09.08 07:18:31.416,5.9636,5.9657,1.00,1.00
2009.09.08 07:18:34.165,5.9638,5.9657,1.00,1.00
2009.09.08 07:18:37.554,5.9638,5.9659,1.00,1.00
2009.09.08 07:18:39.104,5.9636,5.9657,1.00,1.00
2009.09.08 07:18:39.924,5.9636,5.9655,1.00,1.00
2009.09.08 07:18:40.444,5.9636,5.9657,1.00,1.00
2009.09.08 07:18:40.774,5.9634,5.9655,1.00,1.00
2009.09.08 07:18:41.044,5.9631,5.9653,1.00,1.00
2009.09.08 07:18:41.394,5.9629,5.9651,1.00,1.00
2009.09.08 07:18:41.744,5.9631,5.9652,1.00,1.00
2009.09.08 07:18:42.133,5.9631,5.965,1.00,1.00
2009.09.08 07:18:42.533,5.9632,5.9654,1.00,1.00
2009.09.08 07:18:42.884,5.963,5.9652,1.00,1.00
2009.09.08 07:18:43.733,5.963,5.9651,1.00,1.00
2009.09.08 07:18:44.023,5.9632,5.9653,1.00,1.00
2009.09.08 07:18:48.012,5.9627,5.9651,2.80,1.00
2009.09.08 07:18:48.252,5.9627,5.9651,1.00,1.00
2009.09.08 07:18:48.532,5.9627,5.965,1.00,1.00
2009.09.08 07:18:49.391,5.9627,5.9645,1.00,1.00
2009.09.08 07:18:50.731,5.9627,5.9644,1.00,1.00
2009.09.08 07:18:52.281,5.9627,5.9645,1.00,1.00
2009.09.08 07:18:54.330,5.9626,5.9645,1.00,1.00
2009.09.08 07:18:54.500,5.9625,5.9646,1.00,1.00
2009.09.08 07:18:55.760,5.9625,5.9645,1.00,1.00
2009.09.08 07:18:57.770,5.9625,5.9644,1.00,1.00
2009.09.08 07:19:27.112,5.9627,5.9646,1.00,1.00
2009.09.08 07:19:27.462,5.9625,5.9644,1.00,1.00
2009.09.08 07:19:28.032,5.9627,5.9645,1.00,1.00
2009.09.08 07:19:28.372,5.9627,5.9646,1.00,1.00
2009.09.08 07:19:28.723,5.9625,5.9644,1.20,1.00
2009.09.08 07:19:29.082,5.9628,5.9646,1.00,1.00
2009.09.08 07:19:29.472,5.9627,5.9644,1.00,1.00
2009.09.08 07:19:29.812,5.9627,5.9645,1.00,1.00
2009.09.08 07:19:30.172,5.9628,5.9646,1.00,1.00
2009.09.08 07:19:30.512,5.9628,5.9646,1.30,1.00
2009.09.08 07:19:31.551,5.963,5.9646,1.00,1.00
2009.09.08 07:19:32.021,5.963,5.9649,1.00,1.00
2009.09.08 07:19:33.411,5.963,5.9649,1.00,1.00
2009.09.08 07:19:33.771,5.963,5.9649,1.00,1.00
2009.09.08 07:19:34.101,5.963,5.9649,1.00,1.00
2009.09.08 07:19:35.251,5.963,5.9649,1.00,1.00
2009.09.08 07:19:35.550,5.9635,5.9654,1.00,1.00
2009.09.08 07:19:35.891,5.9641,5.966,1.00,1.00
2009.09.08 07:19:36.520,5.9641,5.966,1.00,1.00
2009.09.08 07:19:36.880,5.9643,5.966,1.00,1.00
2009.09.08 07:19:38.820,5.9642,5.966,1.00,1.00
2009.09.08 07:19:39.040,5.9641,5.966,1.00,1.00
2009.09.08 07:19:39.449,5.9641,5.966,1.00,1.00
2009.09.08 07:19:40.160,5.9643,5.966,1.00,1.00
2009.09.08 07:19:40.499,5.9644,5.966,1.00,1.00
2009.09.08 07:19:42.639,5.9644,5.9658,1.00,1.00
2009.09.08 07:19:42.869,5.9637,5.9654,1.00,1.00
2009.09.08 07:19:43.169,5.964,5.9658,1.00,1.00
2009.09.08 07:19:43.288,5.964,5.9659,1.00,1.00
2009.09.08 07:19:43.399,5.9642,5.9659,1.00,1.00
2009.09.08 07:19:43.678,5.9642,5.966,1.00,1.00
2009.09.08 07:19:44.428,5.9643,5.9661,1.00,1.00
2009.09.08 07:19:44.718,5.9643,5.9661,2.40,1.00
2009.09.08 07:19:45.238,5.9643,5.9661,1.00,1.00
2009.09.08 07:19:45.538,5.964,5.9655,2.40,1.00
2009.09.08 07:19:45.818,5.9633,5.9655,2.40,1.00
2009.09.08 07:19:46.098,5.9634,5.9658,1.00,1.00
2009.09.08 07:19:46.388,5.9635,5.9658,1.00,1.00
2009.09.08 07:19:46.618,5.9637,5.966,1.00,1.60
2009.09.08 07:19:47.588,5.9642,5.9661,1.00,1.00
2009.09.08 07:19:49.017,5.9635,5.9658,1.00,1.00
2009.09.08 07:19:49.477,5.9641,5.9659,1.00,1.00
2009.09.08 07:19:49.947,5.9641,5.966,1.00,1.00
2009.09.08 07:19:50.747,5.9644,5.9663,1.00,1.00
2009.09.08 07:19:51.396,5.9645,5.9665,1.00,1.00
2009.09.08 07:19:51.897,5.9644,5.9661,1.00,1.00
2009.09.08 07:19:52.126,5.9646,5.9665,1.00,1.00
2009.09.08 07:19:52.357,5.9644,5.9661,1.00,1.00
2009.09.08 07:19:52.696,5.9646,5.9665,1.00,1.00
2009.09.08 07:19:53.036,5.9644,5.9661,1.00,1.00
2009.09.08 07:19:53.336,5.9655,5.9677,1.00,1.60
2009.09.08 07:19:53.686,5.9661,5.96845,1.00,1.60
2009.09.08 07:19:54.026,5.9661,5.96895,1.00,1.60
2009.09.08 07:19:54.386,5.96645,5.969,1.00,1.60
2009.09.08 07:19:54.676,5.9667,5.969,1.60,1.60
2009.09.08 07:19:54.966,5.9675,5.9696,1.00,1.00
2009.09.08 07:19:55.246,5.9675,5.9697,1.00,1.00
2009.09.08 07:19:55.895,5.9677,5.9699,1.00,1.00
2009.09.08 07:19:56.595,5.967,5.9693,3.20,1.00
2009.09.08 07:19:56.885,5.96575,5.96925,1.00,3.20
2009.09.08 07:19:57.115,5.96525,5.96925,1.00,3.20
2009.09.08 07:19:57.645,5.9663,5.96925,1.00,3.20
2009.09.08 07:19:57.875,5.9663,5.9693,1.00,1.00
2009.09.08 07:19:58.105,5.9663,5.9692,1.00,1.00
2009.09.08 07:19:58.795,5.9662,5.9692,1.00,1.00
2009.09.08 07:19:59.615,5.9655,5.9691,3.20,1.00
2009.09.08 07:19:59.955,5.9651,5.9691,1.00,4.00
2009.09.08 07:20:00.304,5.9649,5.9688,1.00,1.00
2009.09.08 07:20:00.575,5.9657,5.9687,1.00,1.00
2009.09.08 07:20:01.664,5.9659,5.9686,1.00,1.00
2009.09.08 07:20:01.904,5.9657,5.9684,1.00,1.00
2009.09.08 07:20:07.793,5.9657,5.96825,1.00,1.00
2009.09.08 07:20:08.082,5.9642,5.9669,4.00,1.00
2009.09.08 07:20:08.544,5.9648,5.9676,1.00,1.00
2009.09.08 07:20:08.932,5.96565,5.9691,1.00,1.20
2009.09.08 07:20:09.273,5.9671,5.9692,1.00,1.00
2009.09.08 07:20:09.612,5.9666,5.969,1.00,1.00
2009.09.08 07:20:09.962,5.9668,5.9691,1.00,1.00
2009.09.08 07:20:10.652,5.9655,5.9688,1.00,1.00
2009.09.08 07:20:11.052,5.9655,5.9687,1.00,1.00
2009.09.08 07:20:11.752,5.9648,5.9671,2.40,1.00
2009.09.08 07:20:12.092,5.9643,5.9671,1.00,1.00
2009.09.08 07:20:12.751,5.965,5.9674,1.00,1.00
2009.09.08 07:20:13.262,5.965,5.9674,1.20,1.00
2009.09.08 07:20:13.381,5.965,5.9674,1.00,1.00
2009.09.08 07:20:13.551,5.965,5.9674,1.00,1.60
2009.09.08 07:20:14.161,5.9643,5.9667,1.00,1.00
2009.09.08 07:20:14.511,5.9643,5.9667,1.00,1.00
2009.09.08 07:20:14.871,5.9648,5.9669,1.00,1.00
2009.09.08 07:20:15.481,5.9646,5.9667,1.00,1.00
2009.09.08 07:20:15.831,5.9647,5.9667,1.00,1.00
2009.09.08 07:20:16.171,5.9648,5.9666,1.00,1.00
2009.09.08 07:20:16.791,5.965,5.9667,1.00,1.00
2009.09.08 07:20:17.141,5.965,5.9668,1.00,1.00
2009.09.08 07:20:17.780,5.96495,5.9667,1.00,1.00
2009.09.08 07:20:18.111,5.965,5.9668,1.00,1.00
2009.09.08 07:20:18.400,5.9651,5.9668,1.00,1.00
2009.09.08 07:20:18.740,5.96495,5.9667,1.00,1.00
2009.09.08 07:20:19.080,5.965,5.9667,1.00,1.00
2009.09.08 07:20:19.370,5.9651,5.9667,1.00,1.00
2009.09.08 07:20:19.720,5.965,5.9668,1.00,1.00
2009.09.08 07:20:20.050,5.9655,5.9674,1.20,1.00
2009.09.08 07:20:20.400,5.9663,5.969,1.00,1.60
2009.09.08 07:20:21.489,5.9665,5.96805,1.00,1.00
2009.09.08 07:20:21.710,5.9634,5.9671,1.00,3.20
2009.09.08 07:20:24.069,5.9645,5.9664,1.00,1.00
2009.09.08 07:20:24.359,5.9645,5.9663,1.00,1.00
2009.09.08 07:20:24.699,5.9646,5.9663,1.00,1.00
2009.09.08 07:20:25.758,5.9646,5.9665,1.00,1.00
2009.09.08 07:20:26.048,5.964,5.9661,2.40,1.00
2009.09.08 07:20:27.018,5.9637,5.9657,2.40,1.00
2009.09.08 07:20:27.358,5.9632,5.9655,1.00,1.00
2009.09.08 07:20:27.698,5.9638,5.9661,1.00,1.60
2009.09.08 07:20:28.568,5.9638,5.9659,1.00,1.00
2009.09.08 07:20:28.838,5.9638,5.966,1.00,1.00
2009.09.08 07:20:29.347,5.9629,5.9653,1.60,1.00
2009.09.08 07:20:29.627,5.9628,5.9653,1.00,1.00
2009.09.08 07:20:29.917,5.9636,5.9656,1.00,1.00
2009.09.08 07:20:31.127,5.9637,5.9657,1.00,1.00
2009.09.08 07:20:31.417,5.9635,5.9657,1.00,1.00
2009.09.08 07:20:32.047,5.9633,5.9657,2.80,1.60
2009.09.08 07:20:32.427,5.9635,5.9653,1.00,1.00
2009.09.08 07:20:33.346,5.9635,5.9652,1.00,1.00
2009.09.08 07:20:34.377,5.9636,5.9652,1.00,1.00
2009.09.08 07:20:35.226,5.9636,5.9654,1.00,1.00
2009.09.08 07:20:35.466,5.9633,5.9655,2.80,1.00
2009.09.08 07:20:35.746,5.9621,5.965,2.80,1.00
2009.09.08 07:20:36.016,5.9621,5.9649,2.80,1.00
2009.09.08 07:20:38.435,5.9623,5.96475,2.80,1.60
2009.09.08 07:20:38.665,5.9616,5.964,1.00,1.00
2009.09.08 07:20:38.835,5.9616,5.9639,1.00,1.00
2009.09.08 07:20:41.204,5.9616,5.9639,1.00,1.60
2009.09.08 07:20:41.444,5.9614,5.9639,1.00,1.60
2009.09.08 07:20:42.814,5.9614,5.9637,1.00,1.00
2009.09.08 07:20:43.644,5.9614,5.9636,1.00,1.00
2009.09.08 07:20:44.984,5.9614,5.9634,1.00,1.00
2009.09.08 07:20:45.154,5.9614,5.9632,1.00,1.00
2009.09.08 07:20:45.324,5.9614,5.9631,1.00,1.00
2009.09.08 07:20:48.393,5.9614,5.9631,1.00,1.00
2009.09.08 07:20:48.843,5.9614,5.9631,1.00,1.00
2009.09.08 07:20:49.013,5.9614,5.9633,1.00,1.00
2009.09.08 07:20:54.081,5.9612,5.9633,1.00,1.00
2009.09.08 07:20:54.311,5.9612,5.9634,1.00,1.00
2009.09.08 07:20:54.531,5.9612,5.9634,2.40,1.00
2009.09.08 07:21:01.260,5.9612,5.9632,2.40,1.00
2009.09.08 07:21:01.890,5.961,5.9632,2.40,1.00
2009.09.08 07:21:05.189,5.9609,5.9632,2.40,1.00
2009.09.08 07:21:05.409,5.9609,5.963,2.40,1.00
2009.09.08 07:21:05.579,5.9607,5.9628,2.80,1.00
2009.09.08 07:21:05.809,5.9607,5.9628,1.00,1.00
2009.09.08 07:21:10.838,5.9607,5.9628,1.00,1.00
2009.09.08 07:21:11.238,5.9605,5.9625,1.00,1.00
2009.09.08 07:21:13.997,5.9605,5.9625,3.20,1.00
2009.09.08 07:21:14.347,5.9606,5.9625,1.00,1.00
2009.09.08 07:21:15.487,5.9604,5.9623,1.00,1.00
2009.09.08 07:21:17.336,5.9588,5.9612,2.40,1.00
2009.09.08 07:21:17.686,5.9596,5.9623,1.00,1.00
2009.09.08 07:21:18.696,5.9602,5.9626,1.00,1.60
2009.09.08 07:21:18.976,5.96,5.9624,1.00,1.60
2009.09.08 07:21:22.795,5.9601,5.9624,1.00,1.00
2009.09.08 07:21:25.374,5.9599,5.9622,1.00,1.00
2009.09.08 07:21:27.663,5.9598,5.9621,1.00,1.00
2009.09.08 07:21:30.593,5.9597,5.9621,1.00,1.00
2009.09.08 07:21:33.032,5.9597,5.9621,1.00,1.60
2009.09.08 07:21:40.330,5.9595,5.9619,1.00,1.00
2009.09.08 07:21:40.560,5.9593,5.9616,1.00,1.00
2009.09.08 07:21:40.800,5.9589,5.9612,1.00,1.60
2009.09.08 07:21:41.490,5.9591,5.9615,1.00,1.60
2009.09.08 07:21:42.450,5.9589,5.9611,1.00,1.00
2009.09.08 07:21:44.560,5.9585,5.9607,12.80,1.00
2009.09.08 07:21:44.919,5.9586,5.9607,1.00,1.00
2009.09.08 07:21:47.539,5.959,5.9611,1.00,1.00
2009.09.08 07:21:47.999,5.9586,5.9607,1.00,1.00
2009.09.08 07:21:49.718,5.9587,5.961,1.00,1.00
2009.09.08 07:21:50.588,5.9587,5.961,1.00,1.00
2009.09.08 07:21:51.118,5.9589,5.9612,1.00,1.00
2009.09.08 07:21:52.617,5.9587,5.961,1.00,1.00
2009.09.08 07:21:53.537,5.9585,5.9608,12.40,1.00
2009.09.08 07:21:56.786,5.9585,5.9608,12.40,1.60
2009.09.08 07:22:02.045,5.9585,5.9606,12.00,1.60
2009.09.08 07:22:02.385,5.9585,5.9608,12.40,1.60
2009.09.08 07:22:02.775,5.9585,5.9606,12.00,1.60
2009.09.08 07:22:03.405,5.9585,5.9608,12.40,1.60
2009.09.08 07:22:03.635,5.9585,5.9606,12.00,1.00
2009.09.08 07:22:03.865,5.9585,5.9608,12.40,1.60
2009.09.08 07:22:04.385,5.9585,5.9608,12.80,1.60
2009.09.08 07:22:05.584,5.9588,5.961,1.00,1.00
2009.09.08 07:22:06.214,5.9592,5.961,1.00,1.00
2009.09.08 07:22:06.544,5.9596,5.9616,1.00,3.20
2009.09.08 07:22:07.004,5.96,5.962,1.00,3.20
2009.09.08 07:22:07.354,5.9598,5.9621,1.00,1.00
2009.09.08 07:22:07.704,5.96,5.9624,1.00,1.00
2009.09.08 07:22:08.114,5.96,5.9622,1.00,1.00
2009.09.08 07:22:10.113,5.9599,5.9623,1.00,1.00
2009.09.08 07:22:10.803,5.9597,5.9621,1.00,1.00
2009.09.08 07:22:12.243,5.9597,5.9617,1.00,1.60
2009.09.08 07:22:12.593,5.9585,5.961,1.00,1.00
2009.09.08 07:22:14.362,5.9589,5.9607,1.00,1.00
2009.09.08 07:22:15.452,5.9589,5.9605,1.00,1.00
2009.09.08 07:22:19.031,5.9589,5.96,1.00,1.00
2009.09.08 07:22:19.381,5.9585,5.9598,12.10,1.00
2009.09.08 07:22:19.731,5.9585,5.96,12.10,1.00
2009.09.08 07:22:20.081,5.9585,5.9601,12.10,1.00
2009.09.08 07:22:20.421,5.9585,5.96,12.40,1.00
2009.09.08 07:22:20.751,5.9585,5.96,12.00,1.00
2009.09.08 07:22:21.091,5.9585,5.9603,12.00,1.00
2009.09.08 07:22:21.450,5.9585,5.96,12.00,1.00
2009.09.08 07:22:22.160,5.9585,5.9605,12.00,1.00
2009.09.08 07:22:22.511,5.9585,5.9605,12.80,1.00
2009.09.08 07:22:23.160,5.9592,5.9617,1.00,1.00
2009.09.08 07:22:24.240,5.9594,5.9617,1.00,1.00
2009.09.08 07:22:24.930,5.9594,5.9617,1.00,1.00
2009.09.08 07:22:26.169,5.9598,5.9621,1.00,1.00
2009.09.08 07:22:26.509,5.9597,5.9621,1.00,1.00
2009.09.08 07:22:27.219,5.9597,5.962,1.00,1.00
2009.09.08 07:22:27.569,5.9598,5.9621,1.00,1.00
2009.09.08 07:22:29.769,5.9598,5.9621,1.00,1.00
2009.09.08 07:22:31.448,5.9598,5.9621,1.00,1.00
2009.09.08 07:22:33.278,5.9597,5.9621,1.00,1.00
2009.09.08 07:22:37.637,5.9595,5.9619,1.00,1.00
2009.09.08 07:22:37.977,5.9597,5.9621,1.00,1.00
2009.09.08 07:22:38.256,5.9598,5.9621,1.00,1.00
2009.09.08 07:22:40.356,5.96,5.9623,1.00,1.00
2009.09.08 07:22:40.996,5.9602,5.9625,1.00,1.00
2009.09.08 07:22:41.706,5.96,5.9623,1.00,1.00
2009.09.08 07:22:42.496,5.9599,5.9623,1.00,1.00
2009.09.08 07:22:43.315,5.96,5.9623,1.00,1.00
2009.09.08 07:22:44.596,5.9602,5.9625,1.00,1.00
2009.09.08 07:22:45.105,5.96,5.9623,1.00,1.00
2009.09.08 07:22:45.395,5.9595,5.9623,1.00,1.60
2009.09.08 07:22:45.725,5.9599,5.9623,1.00,1.00
2009.09.08 07:22:46.414,5.96,5.9623,1.00,1.00
2009.09.08 07:22:47.954,5.9594,5.9617,1.00,1.00
2009.09.08 07:22:48.244,5.9598,5.9621,1.00,1.00
2009.09.08 07:22:48.464,5.9597,5.9621,1.00,1.00
2009.09.08 07:22:48.824,5.9597,5.9621,1.00,1.00
2009.09.08 07:22:49.534,5.9598,5.9621,1.00,1.00
2009.09.08 07:22:50.224,5.9602,5.9625,1.00,1.00
2009.09.08 07:22:51.783,5.9601,5.9625,1.00,1.00
2009.09.08 07:22:52.493,5.9601,5.9625,1.00,1.00
2009.09.08 07:22:52.843,5.96,5.9623,1.00,1.00
2009.09.08 07:22:53.193,5.9602,5.9625,1.00,1.00
2009.09.08 07:22:53.583,5.9604,5.9628,1.00,1.00
2009.09.08 07:22:53.933,5.9602,5.9625,1.00,1.00
2009.09.08 07:22:55.872,5.9602,5.9625,1.00,1.00
2009.09.08 07:23:13.848,5.9604,5.9627,1.00,1.00
2009.09.08 07:23:22.126,5.9599,5.9623,1.00,1.00
2009.09.08 07:23:22.536,5.9597,5.9621,1.00,1.00
2009.09.08 07:23:22.886,5.9597,5.9621,1.00,1.00
2009.09.08 07:23:23.726,5.9595,5.9619,1.00,1.00
2009.09.08 07:23:24.715,5.9597,5.9624,1.00,1.00
2009.09.08 07:23:25.065,5.9601,5.9625,1.00,1.00
2009.09.08 07:23:25.295,5.9599,5.9623,1.00,1.00
2009.09.08 07:23:26.925,5.9597,5.9621,1.00,1.00
2009.09.08 07:23:27.265,5.9597,5.9621,1.00,1.00
2009.09.08 07:23:28.884,5.9597,5.9624,1.00,1.00
2009.09.08 07:23:30.664,5.9595,5.9619,1.00,1.00
2009.09.08 07:23:31.044,5.9599,5.9623,1.00,1.00
2009.09.08 07:23:31.394,5.9601,5.9625,1.00,1.00
2009.09.08 07:23:32.033,5.9601,5.9624,1.00,1.00
2009.09.08 07:23:32.423,5.9599,5.9623,1.00,1.00
2009.09.08 07:23:35.613,5.9597,5.9621,1.00,1.00
2009.09.08 07:23:36.082,5.9599,5.9623,1.00,1.00
2009.09.08 07:23:36.533,5.9597,5.9621,1.00,1.00
2009.09.08 07:23:37.482,5.9595,5.9619,1.00,1.00
2009.09.08 07:23:37.822,5.9593,5.9616,1.00,1.00
2009.09.08 07:23:38.172,5.9595,5.9619,1.00,1.00
2009.09.08 07:23:38.852,5.9599,5.9623,1.00,1.00
2009.09.08 07:23:43.341,5.9597,5.9621,1.00,1.00
2009.09.08 07:23:44.031,5.9599,5.9623,1.00,1.00
2009.09.08 07:23:44.151,5.9595,5.9619,1.00,1.00
2009.09.08 07:23:44.501,5.9597,5.9621,1.00,1.00
2009.09.08 07:23:45.390,5.9597,5.9621,1.00,1.60
2009.09.08 07:23:46.720,5.9597,5.962,1.00,1.00
2009.09.08 07:23:48.109,5.9597,5.962,1.00,1.60
2009.09.08 07:23:49.089,5.9595,5.9618,1.00,1.20
2009.09.08 07:23:49.379,5.9594,5.9617,1.00,1.20
2009.09.08 07:23:52.789,5.9593,5.9616,1.00,1.20
2009.09.08 07:23:54.908,5.9593,5.9616,1.00,1.60
2009.09.08 07:23:55.598,5.9593,5.9616,1.00,1.20
2009.09.08 07:23:55.938,5.9595,5.9617,1.00,1.00
2009.09.08 07:23:56.268,5.9595,5.9616,1.00,1.00
2009.09.08 07:23:57.557,5.9594,5.9616,1.00,1.00
2009.09.08 07:23:58.258,5.9592,5.9614,1.00,1.00
2009.09.08 07:23:58.837,5.9593,5.9614,1.00,1.00
2009.09.08 07:23:59.057,5.9593,5.9611,1.00,1.00
2009.09.08 07:23:59.417,5.9593,5.9613,1.00,1.00
2009.09.08 07:23:59.807,5.9597,5.9615,1.00,1.00
2009.09.08 07:24:00.407,5.9596,5.9615,1.00,1.00
2009.09.08 07:24:01.317,5.9595,5.9615,1.00,1.00
2009.09.08 07:24:02.896,5.9593,5.9613,1.00,1.00
2009.09.08 07:24:06.295,5.9594,5.9613,1.60,1.00
2009.09.08 07:24:06.405,5.9598,5.9618,1.00,1.00
2009.09.08 07:24:08.375,5.9599,5.9618,1.00,1.00
2009.09.08 07:24:09.045,5.9598,5.9618,1.00,1.00
2009.09.08 07:24:10.304,5.9601,5.9618,1.00,1.00
2009.09.08 07:24:13.883,5.96,5.9617,1.00,1.00
2009.09.08 07:24:14.733,5.9597,5.9616,1.00,1.00
2009.09.08 07:24:15.413,5.96,5.9617,1.00,1.00
2009.09.08 07:24:17.083,5.96,5.9619,1.00,1.00
2009.09.08 07:24:17.433,5.96,5.9617,1.00,1.00
2009.09.08 07:24:20.522,5.96,5.9616,1.00,1.00
2009.09.08 07:24:22.791,5.9601,5.9618,1.00,1.00
2009.09.08 07:24:23.532,5.96,5.9617,1.00,1.00
2009.09.08 07:24:26.951,5.9599,5.9616,1.00,1.00
2009.09.08 07:24:29.870,5.96,5.9616,1.00,1.00
2009.09.08 07:24:30.190,5.96,5.962,1.00,1.00
2009.09.08 07:24:31.769,5.9604,5.962,1.00,1.00
2009.09.08 07:24:34.129,5.9603,5.962,1.00,1.00
2009.09.08 07:24:34.638,5.9601,5.9621,1.00,1.00
2009.09.08 07:24:35.968,5.9603,5.962,1.00,1.00
2009.09.08 07:24:36.378,5.9601,5.9621,1.00,1.00
2009.09.08 07:24:38.417,5.9599,5.9621,2.40,1.00
2009.09.08 07:24:38.698,5.9597,5.962,1.00,1.00
2009.09.08 07:24:39.437,5.9596,5.9619,1.00,1.20
2009.09.08 07:24:39.727,5.9597,5.9616,1.00,1.00
2009.09.08 07:24:40.317,5.9597,5.9619,1.00,1.00
2009.09.08 07:24:40.667,5.9593,5.9617,1.00,1.00
2009.09.08 07:24:41.027,5.9595,5.9613,1.00,1.00
2009.09.08 07:24:41.477,5.9591,5.9609,2.50,1.00
2009.09.08 07:24:41.817,5.9591,5.9608,1.00,1.00
2009.09.08 07:24:43.456,5.959,5.9607,1.00,1.00
2009.09.08 07:24:45.936,5.9588,5.9607,1.00,1.00
2009.09.08 07:24:46.116,5.9587,5.9603,2.50,1.00
2009.09.08 07:24:46.456,5.9587,5.9603,1.00,1.00
2009.09.08 07:24:46.796,5.9588,5.9605,1.00,1.00
2009.09.08 07:24:47.195,5.9591,5.9607,1.00,1.00
2009.09.08 07:24:48.415,5.9592,5.9609,1.00,1.00
2009.09.08 07:24:48.715,5.9592,5.9611,1.00,1.00
2009.09.08 07:24:49.185,5.9592,5.961,1.00,1.00
2009.09.08 07:24:49.465,5.959,5.9609,1.00,1.00
2009.09.08 07:24:50.035,5.959,5.9609,1.00,1.00
2009.09.08 07:24:50.385,5.959,5.9608,1.00,1.00
2009.09.08 07:24:50.935,5.9589,5.9608,1.00,1.00
2009.09.08 07:24:51.055,5.959,5.9608,1.00,1.00
2009.09.08 07:24:51.165,5.959,5.9608,1.00,1.00
2009.09.08 07:24:51.615,5.959,5.9607,1.00,1.00
2009.09.08 07:24:53.474,5.959,5.9606,1.00,1.00
2009.09.08 07:24:54.984,5.9591,5.9608,1.00,1.00
2009.09.08 07:24:55.344,5.9591,5.9606,1.00,1.00
2009.09.08 07:24:55.683,5.9591,5.961,1.00,1.00
2009.09.08 07:24:56.733,5.9595,5.9611,1.00,1.00
2009.09.08 07:24:57.953,5.9591,5.961,1.00,1.00
2009.09.08 07:24:58.423,5.959,5.9606,1.00,1.00
2009.09.08 07:24:58.753,5.9591,5.961,1.00,1.00
2009.09.08 07:25:01.392,5.9595,5.9611,1.00,1.00
2009.09.08 07:25:01.572,5.9595,5.961,1.00,1.00
2009.09.08 07:25:01.802,5.9591,5.961,1.00,1.00
2009.09.08 07:25:02.372,5.9592,5.961,1.00,1.00
2009.09.08 07:25:03.942,5.9593,5.961,1.00,1.00
2009.09.08 07:25:04.171,5.9592,5.961,1.00,1.00
2009.09.08 07:25:05.321,5.9593,5.961,1.00,1.00
2009.09.08 07:25:05.541,5.9592,5.961,1.00,1.00
2009.09.08 07:25:11.360,5.9592,5.9609,1.00,1.00
2009.09.08 07:25:13.959,5.9592,5.9608,1.00,1.00
2009.09.08 07:25:14.299,5.9591,5.9605,1.00,1.00
2009.09.08 07:25:15.909,5.9592,5.9608,1.00,1.00
2009.09.08 07:25:16.948,5.9589,5.9601,1.00,1.00
2009.09.08 07:25:17.358,5.9591,5.9605,1.00,1.00
2009.09.08 07:25:17.698,5.9588,5.9605,1.00,1.00
2009.09.08 07:25:18.858,5.9589,5.9606,1.00,1.00
2009.09.08 07:25:19.368,5.9588,5.9605,1.00,1.00
2009.09.08 07:25:21.447,5.9587,5.9601,1.00,1.00
2009.09.08 07:25:21.947,5.9587,5.9601,1.00,1.00
2009.09.08 07:25:22.067,5.9588,5.9605,1.00,1.00
2009.09.08 07:25:22.237,5.9587,5.9601,1.00,1.00
2009.09.08 07:25:25.446,5.9588,5.9604,1.00,1.00
2009.09.08 07:25:25.906,5.9587,5.9601,1.00,1.00
2009.09.08 07:25:27.416,5.9588,5.9605,1.00,1.00
2009.09.08 07:25:28.556,5.9589,5.9606,1.00,1.00
2009.09.08 07:25:31.075,5.9588,5.9605,1.00,1.00
2009.09.08 07:25:32.395,5.9589,5.9606,1.00,1.00
2009.09.08 07:25:32.924,5.9588,5.9605,1.00,1.00
2009.09.08 07:25:35.394,5.9589,5.9606,1.00,1.00
2009.09.08 07:25:37.073,5.9588,5.9605,1.00,1.00
2009.09.08 07:25:37.413,5.9589,5.9606,1.00,1.00
2009.09.08 07:25:37.893,5.9588,5.9605,1.00,1.00
2009.09.08 07:25:39.153,5.959,5.9605,1.00,1.00
2009.09.08 07:25:39.443,5.9592,5.9608,1.00,1.00
2009.09.08 07:25:40.033,5.9591,5.9605,1.00,1.00
2009.09.08 07:25:40.433,5.9592,5.9608,1.00,1.00
2009.09.08 07:25:43.002,5.9591,5.9605,1.00,1.00
2009.09.08 07:25:43.352,5.9588,5.9605,1.00,1.00
2009.09.08 07:25:43.632,5.9591,5.9605,1.00,1.00
2009.09.08 07:25:43.932,5.9592,5.9608,1.00,1.00
2009.09.08 07:25:44.172,5.9591,5.9605,1.00,1.00
2009.09.08 07:25:47.901,5.9592,5.9608,1.00,1.00
2009.09.08 07:25:49.430,5.9591,5.9605,1.00,1.00
2009.09.08 07:25:53.010,5.9589,5.9605,1.00,1.00
2009.09.08 07:25:53.240,5.9588,5.9605,1.00,1.00
2009.09.08 07:25:53.419,5.9589,5.9606,1.00,1.00
2009.09.08 07:25:54.849,5.9588,5.9605,1.00,1.00
2009.09.08 07:25:55.999,5.9589,5.9606,1.00,1.00
2009.09.08 07:25:56.479,5.9588,5.9605,1.00,1.00
2009.09.08 07:25:57.389,5.9589,5.9606,1.00,1.00
2009.09.08 07:25:58.018,5.9588,5.9605,1.00,1.00
2009.09.08 07:26:02.257,5.9589,5.9606,1.00,1.00
2009.09.08 07:26:04.547,5.9588,5.9605,1.00,1.00
2009.09.08 07:26:04.897,5.9592,5.9606,1.00,1.00
2009.09.08 07:26:05.237,5.9592,5.9608,1.00,1.00
2009.09.08 07:26:05.867,5.9593,5.9609,1.00,1.00
2009.09.08 07:26:06.196,5.9596,5.9613,1.00,1.00
2009.09.08 07:26:06.936,5.9595,5.9612,1.00,1.00
2009.09.08 07:26:08.446,5.9599,5.9616,1.00,1.00
2009.09.08 07:26:08.796,5.9592,5.9614,3.20,1.00
2009.09.08 07:26:09.186,5.9592,5.9611,1.00,1.00
2009.09.08 07:26:09.526,5.959,5.9607,1.00,1.00
2009.09.08 07:26:10.575,5.9591,5.9607,1.00,1.00
2009.09.08 07:26:10.915,5.9591,5.9611,1.00,1.00
2009.09.08 07:26:11.496,5.9593,5.9611,1.00,1.00
2009.09.08 07:26:11.896,5.9595,5.9612,1.00,1.00
2009.09.08 07:26:12.235,5.9595,5.9612,1.00,1.00
2009.09.08 07:26:12.525,5.9596,5.9613,1.00,1.00
2009.09.08 07:26:13.894,5.9596,5.9614,1.00,1.00
2009.09.08 07:26:14.224,5.9597,5.9616,1.00,1.00
2009.09.08 07:26:14.564,5.9595,5.9612,1.00,1.00
2009.09.08 07:26:15.664,5.959,5.9612,3.20,1.00
2009.09.08 07:26:15.894,5.959,5.9612,1.00,1.00
2009.09.08 07:26:16.194,5.9591,5.961,1.00,1.00
2009.09.08 07:26:16.484,5.9592,5.9611,1.00,1.00
2009.09.08 07:26:16.834,5.9592,5.961,1.00,1.00
2009.09.08 07:26:17.174,5.9591,5.961,1.00,1.00
2009.09.08 07:26:18.603,5.9591,5.961,1.00,1.00
2009.09.08 07:26:21.643,5.9593,5.9612,1.00,1.00
2009.09.08 07:26:23.122,5.9595,5.9612,1.00,1.00
2009.09.08 07:26:24.652,5.9595,5.9612,1.00,1.00
2009.09.08 07:26:26.532,5.9595,5.9611,1.00,1.00
2009.09.08 07:26:27.891,5.9596,5.9612,1.00,1.00
2009.09.08 07:26:28.351,5.9595,5.9611,1.00,1.00
2009.09.08 07:26:31.890,5.9596,5.9612,1.00,1.00
2009.09.08 07:26:34.469,5.9593,5.9611,1.00,1.00
2009.09.08 07:26:35.319,5.9593,5.9611,1.00,1.00
2009.09.08 07:26:43.627,5.9593,5.961,1.00,1.00
2009.09.08 07:26:46.097,5.9597,5.9611,1.00,1.00
2009.09.08 07:26:49.016,5.9597,5.9609,1.00,1.00
2009.09.08 07:26:49.246,5.9592,5.9606,1.00,1.00
2009.09.08 07:26:51.276,5.9592,5.9609,1.00,1.00
2009.09.08 07:26:51.515,5.9592,5.9609,1.00,1.00
2009.09.08 07:26:52.265,5.9591,5.9608,1.00,1.00
2009.09.08 07:26:55.364,5.9591,5.9607,1.00,1.00
2009.09.08 07:26:56.464,5.9591,5.9608,1.00,1.00
2009.09.08 07:26:59.614,5.9591,5.9607,1.00,1.00
2009.09.08 07:27:00.563,5.9593,5.9607,1.00,1.00
2009.09.08 07:27:00.843,5.9593,5.9611,1.00,1.00
2009.09.08 07:27:01.903,5.9595,5.9611,1.00,1.00
2009.09.08 07:27:02.253,5.9595,5.9612,1.00,1.00
2009.09.08 07:27:02.543,5.9595,5.9611,1.00,1.00
2009.09.08 07:27:02.833,5.9594,5.9611,1.00,1.00
2009.09.08 07:27:03.123,5.9595,5.9612,1.00,1.00
2009.09.08 07:27:04.762,5.9595,5.9611,1.00,1.00
2009.09.08 07:27:05.352,5.9592,5.9611,1.00,1.00
2009.09.08 07:27:06.672,5.9595,5.9612,1.00,1.00
2009.09.08 07:27:06.832,5.9595,5.9612,1.00,1.00
2009.09.08 07:27:07.292,5.9596,5.9613,1.00,1.00
2009.09.08 07:27:10.551,5.9595,5.9612,1.00,1.00
2009.09.08 07:27:11.191,5.9596,5.9613,1.00,1.00
2009.09.08 07:27:12.860,5.9596,5.9612,1.00,1.00
2009.09.08 07:27:13.650,5.9593,5.9612,1.00,1.00
2009.09.08 07:27:14.690,5.9596,5.9612,1.00,1.00
2009.09.08 07:27:20.969,5.9593,5.9612,1.00,1.00
2009.09.08 07:27:23.138,5.9592,5.9608,1.00,1.00
2009.09.08 07:27:23.488,5.9592,5.9608,1.00,1.00
2009.09.08 07:27:23.778,5.9592,5.9608,1.00,1.00
2009.09.08 07:27:25.327,5.9593,5.9608,1.00,1.00
2009.09.08 07:27:25.668,5.9591,5.9608,1.00,1.00
2009.09.08 07:27:26.177,5.9591,5.9608,1.00,1.00
2009.09.08 07:27:27.057,5.9592,5.961,1.00,1.00
2009.09.08 07:27:27.397,5.9593,5.9612,1.00,1.00
2009.09.08 07:27:28.477,5.9593,5.9611,1.00,1.00
2009.09.08 07:27:34.496,5.9595,5.9611,1.00,1.00
2009.09.08 07:27:34.785,5.9596,5.9612,1.00,1.00
2009.09.08 07:27:35.615,5.9595,5.9611,1.00,1.00
2009.09.08 07:27:35.895,5.9596,5.9612,1.00,1.00
2009.09.08 07:27:36.415,5.9595,5.9611,1.00,1.00
2009.09.08 07:27:36.645,5.9596,5.9612,1.00,1.00
2009.09.08 07:27:37.874,5.9596,5.9611,1.00,1.00
2009.09.08 07:27:47.532,5.9597,5.9611,1.00,1.00
2009.09.08 07:27:51.291,5.9598,5.9615,1.00,1.00
2009.09.08 07:27:53.591,5.9598,5.9614,1.00,1.00
2009.09.08 07:27:53.820,5.9597,5.9611,1.00,1.00
2009.09.08 07:27:54.171,5.9598,5.9614,1.00,1.00
2009.09.08 07:27:54.521,5.9598,5.9615,1.00,1.00
2009.09.08 07:27:58.959,5.9598,5.9616,1.00,1.00
2009.09.08 07:27:59.129,5.9599,5.9618,1.00,1.00
2009.09.08 07:27:59.309,5.9599,5.9618,1.00,1.00
2009.09.08 07:27:59.769,5.9608,5.9627,1.00,2.40
2009.09.08 07:28:00.009,5.9608,5.963,1.00,1.00
2009.09.08 07:28:00.639,5.9608,5.9631,1.00,1.00
2009.09.08 07:28:01.959,5.9609,5.9631,1.00,1.00
2009.09.08 07:28:02.229,5.9607,5.9633,1.00,1.00
2009.09.08 07:28:02.569,5.9607,5.9629,1.00,1.00
2009.09.08 07:28:03.209,5.9609,5.9631,1.00,1.00
2009.09.08 07:28:05.968,5.9607,5.9627,1.00,2.40
2009.09.08 07:28:06.667,5.9607,5.9629,1.00,1.00
2009.09.08 07:28:06.957,5.9609,5.9631,1.00,2.40
2009.09.08 07:28:07.187,5.9609,5.9631,1.00,3.20
2009.09.08 07:28:07.867,5.9608,5.9631,1.00,3.20
2009.09.08 07:28:08.607,5.9605,5.9627,1.00,2.40
2009.09.08 07:28:08.837,5.9607,5.9627,1.00,2.40
2009.09.08 07:28:09.067,5.9607,5.9628,1.00,2.40
2009.09.08 07:28:09.537,5.9607,5.9629,1.00,2.40
2009.09.08 07:28:09.887,5.9606,5.9629,1.00,3.20
2009.09.08 07:28:10.237,5.9606,5.9629,1.00,2.40
2009.09.08 07:28:10.587,5.9605,5.9629,1.00,3.20
2009.09.08 07:28:10.877,5.9606,5.9629,1.00,3.20
2009.09.08 07:28:11.746,5.9605,5.9629,1.00,3.20
2009.09.08 07:28:12.036,5.9607,5.963,1.00,3.20
2009.09.08 07:28:13.016,5.9606,5.9629,1.00,1.00
2009.09.08 07:28:15.066,5.9605,5.9629,1.00,1.00
2009.09.08 07:28:16.105,5.9605,5.9627,1.00,1.00
2009.09.08 07:28:16.676,5.9605,5.9628,1.00,1.00
2009.09.08 07:28:17.605,5.9605,5.9627,1.00,1.00
2009.09.08 07:28:18.245,5.9604,5.9627,1.00,1.00
2009.09.08 07:28:19.644,5.9604,5.9625,1.00,1.00
2009.09.08 07:28:21.424,5.9603,5.9624,1.00,1.00
2009.09.08 07:28:22.004,5.9605,5.9626,1.00,1.00
2009.09.08 07:28:22.344,5.9603,5.9624,1.00,1.00
2009.09.08 07:28:22.694,5.9605,5.9626,1.00,1.00
2009.09.08 07:28:23.043,5.9605,5.9625,1.00,1.00
2009.09.08 07:28:24.173,5.9607,5.9627,1.00,1.00
2009.09.08 07:28:24.853,5.9607,5.9628,1.00,1.00
2009.09.08 07:28:25.893,5.9607,5.9627,1.00,1.00
2009.09.08 07:28:32.451,5.96035,5.9623,1.00,1.00
2009.09.08 07:28:33.511,5.9605,5.9625,1.00,1.00
2009.09.08 07:28:34.901,5.9606,5.9625,1.00,1.00
2009.09.08 07:28:36.311,5.96035,5.9621,1.00,1.00
2009.09.08 07:28:36.601,5.96035,5.9623,1.00,1.00
2009.09.08 07:28:37.240,5.96035,5.9624,1.00,1.00
2009.09.08 07:28:37.590,5.96,5.9622,1.00,1.00
2009.09.08 07:28:37.930,5.96,5.9621,1.00,1.00
2009.09.08 07:28:38.280,5.9602,5.9623,1.00,1.00
2009.09.08 07:28:38.900,5.9599,5.9621,1.00,1.00
2009.09.08 07:28:40.889,5.9599,5.962,1.00,1.00
2009.09.08 07:28:41.759,5.9599,5.9619,1.00,1.00
2009.09.08 07:28:43.449,5.9597,5.9617,1.00,1.00
2009.09.08 07:28:43.609,5.9595,5.9614,2.80,1.00
2009.09.08 07:28:44.108,5.9595,5.9616,1.00,1.00
2009.09.08 07:28:44.448,5.9595,5.9617,1.00,1.60
2009.09.08 07:28:44.849,5.9595,5.9614,1.00,1.00
2009.09.08 07:28:45.428,5.9591,5.9612,1.00,1.00
2009.09.08 07:28:46.008,5.959,5.9611,1.00,1.00
2009.09.08 07:28:48.118,5.959,5.961,1.00,1.00
2009.09.08 07:28:48.408,5.959,5.9609,1.00,1.00
2009.09.08 07:28:48.688,5.959,5.9611,1.00,1.00
2009.09.08 07:28:49.827,5.9592,5.9612,1.00,1.00
2009.09.08 07:28:50.667,5.959,5.961,1.00,1.00
2009.09.08 07:28:51.177,5.9587,5.9601,2.40,1.00
2009.09.08 07:28:51.477,5.9585,5.9601,12.00,1.00
2009.09.08 07:28:51.827,5.9586,5.9606,1.00,1.00
2009.09.08 07:28:52.906,5.9585,5.9606,12.00,1.00
2009.09.08 07:28:53.856,5.9587,5.9608,1.00,1.00
2009.09.08 07:28:54.416,5.9587,5.9607,1.00,1.00
2009.09.08 07:28:55.336,5.9585,5.9608,12.40,1.20
2009.09.08 07:28:56.036,5.9587,5.961,1.00,1.60
2009.09.08 07:28:56.376,5.9587,5.9609,1.00,1.00
2009.09.08 07:28:56.716,5.9588,5.9609,1.00,1.00
2009.09.08 07:28:57.455,5.959,5.9609,1.00,1.00
2009.09.08 07:28:57.785,5.9589,5.9607,1.00,1.00
2009.09.08 07:28:58.125,5.9586,5.96075,1.00,1.60
2009.09.08 07:28:58.475,5.9585,5.9605,12.00,1.60
2009.09.08 07:28:58.855,5.9585,5.9604,12.00,1.00
2009.09.08 07:28:59.545,5.9585,5.9601,12.00,1.00
2009.09.08 07:29:00.225,5.9585,5.96,12.00,1.00
2009.09.08 07:29:00.575,5.9585,5.9604,12.00,1.00
2009.09.08 07:29:01.895,5.9585,5.9602,12.00,1.00
2009.09.08 07:29:02.184,5.9585,5.9604,12.00,1.00
2009.09.08 07:29:02.454,5.9585,5.9603,12.00,1.60
2009.09.08 07:29:02.854,5.9585,5.96,12.00,1.00
2009.09.08 07:29:03.184,5.9585,5.9603,12.00,1.00
2009.09.08 07:29:04.454,5.9585,5.9604,12.00,1.00
2009.09.08 07:29:04.794,5.9585,5.9605,12.00,1.00
2009.09.08 07:29:05.613,5.9585,5.9603,12.00,1.00
2009.09.08 07:29:06.713,5.9585,5.9605,12.00,1.00
2009.09.08 07:29:08.213,5.95895,5.9611,1.00,2.40
2009.09.08 07:29:09.352,5.95895,5.9611,1.00,3.20
2009.09.08 07:29:09.942,5.95895,5.9611,1.00,1.00
2009.09.08 07:29:10.292,5.95895,5.9611,1.00,1.60
2009.09.08 07:29:11.262,5.95895,5.961,1.00,1.60
2009.09.08 07:29:12.652,5.95895,5.9609,1.00,1.60
2009.09.08 07:29:13.171,5.95895,5.9608,1.00,1.00
2009.09.08 07:29:13.451,5.9589,5.9608,1.00,1.60
2009.09.08 07:29:13.782,5.9585,5.9606,12.00,1.60
2009.09.08 07:29:14.121,5.9585,5.9608,12.80,1.60
2009.09.08 07:29:14.401,5.9586,5.9607,1.00,1.00
2009.09.08 07:29:14.741,5.9586,5.9608,1.00,1.00
2009.09.08 07:29:15.091,5.9585,5.9607,12.80,1.00
2009.09.08 07:29:16.461,5.9585,5.9605,12.80,1.00
2009.09.08 07:29:16.751,5.9585,5.9603,12.00,1.00
2009.09.08 07:29:17.281,5.9585,5.9607,12.00,1.00
2009.09.08 07:29:19.000,5.9585,5.9603,12.00,1.00
2009.09.08 07:29:20.140,5.9585,5.9604,12.00,1.00
2009.09.08 07:29:20.410,5.9585,5.9605,12.00,1.60
2009.09.08 07:29:21.100,5.9585,5.9607,12.00,1.60
2009.09.08 07:29:22.149,5.9586,5.9608,1.00,1.00
2009.09.08 07:29:22.769,5.9585,5.9606,12.00,1.00
2009.09.08 07:29:23.329,5.9586,5.9608,1.00,1.00
2009.09.08 07:29:33.207,5.9588,5.961,1.00,1.00
2009.09.08 07:29:35.046,5.959,5.9612,1.00,1.00
2009.09.08 07:29:35.566,5.9588,5.961,1.00,1.00
2009.09.08 07:29:36.176,5.959,5.9612,1.00,1.00
2009.09.08 07:29:37.686,5.95895,5.9608,1.00,1.00
2009.09.08 07:29:39.545,5.9585,5.9606,12.00,1.60
2009.09.08 07:29:40.285,5.9585,5.9606,12.00,1.00
2009.09.08 07:29:40.965,5.9587,5.961,1.00,3.20
2009.09.08 07:29:41.245,5.9585,5.9608,12.40,1.00
2009.09.08 07:29:41.545,5.9588,5.9611,1.00,1.00
2009.09.08 07:29:42.114,5.9587,5.9611,1.00,1.00
2009.09.08 07:29:43.195,5.9591,5.9614,1.00,1.00
2009.09.08 07:29:43.474,5.9591,5.9614,1.00,1.00
2009.09.08 07:29:43.764,5.9591,5.9614,1.00,1.00
2009.09.08 07:29:45.114,5.9591,5.9613,1.00,1.00
2009.09.08 07:29:46.474,5.9591,5.9611,1.00,1.00
2009.09.08 07:29:48.073,5.9589,5.9612,1.00,1.00
2009.09.08 07:29:48.413,5.95895,5.9612,1.00,1.00
2009.09.08 07:29:49.103,5.95895,5.9612,1.00,1.00
2009.09.08 07:29:49.463,5.9591,5.9614,1.00,1.00
2009.09.08 07:29:49.753,5.9595,5.9618,1.00,1.00
2009.09.08 07:29:49.993,5.9593,5.9616,1.00,1.00
2009.09.08 07:29:50.273,5.95955,5.9618,1.00,1.00
2009.09.08 07:29:50.553,5.9595,5.9618,1.00,1.00
2009.09.08 07:29:52.482,5.9595,5.9617,1.00,1.00
2009.09.08 07:29:52.772,5.9595,5.9618,1.00,1.00
2009.09.08 07:29:53.762,5.9597,5.962,1.00,1.00
2009.09.08 07:29:54.571,5.95955,5.9618,1.00,1.00
2009.09.08 07:29:54.861,5.9597,5.962,1.00,1.00
2009.09.08 07:29:58.411,5.9597,5.9616,1.00,1.00
2009.09.08 07:30:06.838,5.95935,5.9616,1.00,1.00
2009.09.08 07:30:15.717,5.9595,5.9618,1.00,1.00
2009.09.08 07:30:29.004,5.95955,5.9618,1.00,1.00
2009.09.08 07:30:31.952,5.9597,5.962,1.00,1.00
2009.09.08 07:30:47.439,5.9597,5.962,1.00,1.00
2009.09.08 07:30:47.779,5.9601,5.9624,1.00,3.20
2009.09.08 07:30:48.119,5.9599,5.9622,1.00,1.00
2009.09.08 07:30:48.809,5.9597,5.962,1.00,1.00
2009.09.08 07:30:49.169,5.9597,5.962,1.00,1.00
2009.09.08 07:30:52.148,5.961,5.962,3.20,1.00
2009.09.08 07:30:52.368,5.9627,5.9656,1.00,1.00
2009.09.08 07:30:52.588,5.9627,5.9655,1.00,1.00
2009.09.08 07:30:53.797,5.9629,5.9652,1.00,1.00
2009.09.08 07:30:57.976,5.9629,5.9648,1.00,1.00
2009.09.08 07:30:58.316,5.9629,5.9647,1.00,1.00
2009.09.08 07:30:58.666,5.962,5.9643,1.00,1.00
2009.09.08 07:30:59.448,5.9622,5.9645,1.00,1.00
2009.09.08 07:31:01.236,5.9624,5.9647,1.00,1.00
2009.09.08 07:31:01.576,5.9622,5.9645,1.00,1.00
2009.09.08 07:31:08.284,5.9622,5.9645,1.00,1.00
2009.09.08 07:31:08.574,5.962,5.9643,1.00,1.00
2009.09.08 07:31:08.924,5.9622,5.9645,1.00,1.00
2009.09.08 07:31:11.463,5.9624,5.9647,1.00,1.00
2009.09.08 07:31:16.162,5.9624,5.9647,1.00,2.40
2009.09.08 07:31:16.452,5.9619,5.9641,1.00,1.00
2009.09.08 07:31:16.812,5.9617,5.964,1.00,1.00
2009.09.08 07:31:18.221,5.9614,5.9636,2.40,1.00
2009.09.08 07:31:18.511,5.9613,5.9636,1.00,1.00
2009.09.08 07:31:19.131,5.9615,5.9638,1.00,1.00
2009.09.08 07:31:19.841,5.9617,5.964,1.00,1.60
2009.09.08 07:31:20.871,5.96165,5.964,3.20,1.00
2009.09.08 07:31:21.601,5.9617,5.9639,1.00,1.00
2009.09.08 07:31:22.301,5.9626,5.9651,1.00,1.00
2009.09.08 07:31:23.100,5.9628,5.9654,1.00,1.00
2009.09.08 07:31:23.491,5.9628,5.9652,1.00,1.00
2009.09.08 07:31:23.770,5.9626,5.9649,1.00,1.00
2009.09.08 07:31:30.009,5.9624,5.9647,1.00,1.00
2009.09.08 07:31:32.068,5.9622,5.9645,1.00,1.00
2009.09.08 07:31:32.698,5.962,5.9643,1.00,1.00
2009.09.08 07:31:39.047,5.9622,5.9645,1.00,1.00
2009.09.08 07:31:39.626,5.962,5.9643,1.00,1.00
2009.09.08 07:31:45.165,5.9622,5.9645,1.00,1.00
2009.09.08 07:31:47.115,5.962,5.9643,1.00,1.00
2009.09.08 07:31:52.054,5.9616,5.9639,1.00,1.00
2009.09.08 07:31:52.633,5.962,5.9643,1.00,1.60
2009.09.08 07:31:52.923,5.96075,5.9642,3.20,1.00
2009.09.08 07:31:53.253,5.9609,5.9642,3.20,1.00
2009.09.08 07:31:53.593,5.95955,5.9639,3.20,3.20
2009.09.08 07:31:54.293,5.9596,5.9639,3.20,3.20
2009.09.08 07:31:58.062,5.96005,5.96415,3.20,3.20
2009.09.08 07:31:58.352,5.96005,5.9642,3.20,3.20
2009.09.08 07:31:58.642,5.9602,5.96435,3.20,3.20
2009.09.08 07:31:58.882,5.96025,5.96435,3.20,3.20
2009.09.08 07:31:59.582,5.96025,5.9644,3.20,3.20
2009.09.08 07:31:59.931,5.9603,5.96445,3.20,3.20
2009.09.08 07:32:00.551,5.96035,5.96445,3.20,3.20
2009.09.08 07:32:01.701,5.96035,5.9645,3.20,3.20
2009.09.08 07:32:02.291,5.9604,5.96455,3.20,3.20
2009.09.08 07:32:02.621,5.96045,5.9646,3.20,3.20
2009.09.08 07:32:04.390,5.96045,5.9646,3.60,3.20
2009.09.08 07:32:05.200,5.9605,5.9646,1.00,3.20
2009.09.08 07:32:05.500,5.96055,5.9646,1.00,3.20
2009.09.08 07:32:05.890,5.9606,5.9646,1.00,3.20
2009.09.08 07:32:06.300,5.96065,5.9646,1.00,3.20
2009.09.08 07:32:06.760,5.9609,5.9646,1.00,3.20
2009.09.08 07:32:07.050,5.96095,5.9646,1.00,3.20
2009.09.08 07:32:07.750,5.9616,5.9646,1.00,3.20
2009.09.08 07:32:08.099,5.9616,5.9643,1.00,3.20
2009.09.08 07:32:08.440,5.9616,5.9644,1.00,3.20
2009.09.08 07:32:08.779,5.9616,5.96435,1.00,3.20
2009.09.08 07:32:09.119,5.9616,5.9647,1.00,3.20
2009.09.08 07:32:09.829,5.9616,5.9649,1.00,3.20
2009.09.08 07:32:11.169,5.9616,5.9647,1.00,3.20
2009.09.08 07:32:11.679,5.9616,5.96465,1.00,3.20
2009.09.08 07:32:12.258,5.9616,5.9646,1.00,3.20
2009.09.08 07:32:13.298,5.96025,5.9646,3.20,3.20
2009.09.08 07:32:14.018,5.9607,5.96505,3.20,3.20
2009.09.08 07:32:14.698,5.961,5.96515,3.20,3.20
2009.09.08 07:32:16.208,5.9609,5.96505,3.20,3.20
2009.09.08 07:32:17.027,5.96095,5.9651,3.20,3.20
2009.09.08 07:32:17.308,5.96185,5.9651,1.00,3.20
2009.09.08 07:32:17.657,5.9616,5.9651,1.00,3.20
2009.09.08 07:32:18.867,5.9616,5.9649,1.00,3.20
2009.09.08 07:32:19.317,5.96185,5.9649,1.00,3.20
2009.09.08 07:32:19.996,5.9606,5.9649,3.20,3.20
2009.09.08 07:32:20.457,5.9606,5.9644,3.20,1.00
2009.09.08 07:32:21.616,5.961,5.96465,3.20,1.00
2009.09.08 07:32:24.426,5.9608,5.96465,3.20,1.00
2009.09.08 07:32:24.876,5.9606,5.96465,3.20,1.00
2009.09.08 07:32:25.215,5.9606,5.96395,3.20,1.00
2009.09.08 07:32:25.515,5.96055,5.96395,3.20,1.00
2009.09.08 07:32:26.375,5.96055,5.9647,3.20,3.20
2009.09.08 07:32:26.905,5.96075,5.9649,3.20,3.20
2009.09.08 07:32:32.913,5.961,5.96515,3.20,3.20
2009.09.08 07:32:34.103,5.961,5.9651,3.20,1.00
2009.09.08 07:32:34.453,5.96055,5.9647,3.20,3.20
2009.09.08 07:32:35.103,5.96035,5.9645,3.20,3.20
2009.09.08 07:32:35.543,5.9603,5.9644,3.20,3.20
2009.09.08 07:32:36.982,5.96025,5.9644,3.20,3.20
2009.09.08 07:32:38.023,5.96035,5.9645,3.20,3.20
2009.09.08 07:32:39.972,5.96015,5.96405,3.20,1.00
2009.09.08 07:32:41.002,5.9601,5.96405,3.20,1.00
2009.09.08 07:32:41.521,5.96015,5.96405,3.20,1.00
2009.09.08 07:32:41.871,5.96015,5.96425,3.20,3.20
2009.09.08 07:32:42.601,5.9599,5.96405,3.20,3.20
2009.09.08 07:32:43.331,5.96015,5.96425,3.20,3.20
2009.09.08 07:32:45.490,5.96015,5.9643,3.20,3.20
2009.09.08 07:32:46.060,5.9603,5.9644,3.20,3.20
2009.09.08 07:32:46.710,5.96035,5.9645,3.20,3.20
2009.09.08 07:32:49.120,5.9602,5.96445,3.20,3.20
2009.09.08 07:32:53.069,5.96,5.964,4.00,1.00
2009.09.08 07:32:53.768,5.9602,5.964,3.20,1.00
2009.09.08 07:32:54.108,5.96035,5.96345,3.20,1.00
2009.09.08 07:32:54.458,5.9604,5.96345,3.20,1.00
2009.09.08 07:32:57.368,5.9604,5.9641,3.20,1.00
2009.09.08 07:32:57.658,5.9604,5.9635,3.20,1.00
2009.09.08 07:32:57.947,5.96035,5.9635,3.20,1.00
2009.09.08 07:32:59.357,5.96055,5.9635,3.20,1.00
2009.09.08 07:32:59.697,5.96055,5.96425,3.20,1.00
2009.09.08 07:33:02.007,5.96065,5.96425,3.20,1.00
2009.09.08 07:33:02.286,5.96065,5.96415,3.20,1.00
2009.09.08 07:33:02.626,5.9608,5.96415,3.20,1.00
2009.09.08 07:33:04.736,5.96075,5.96415,3.20,1.00
2009.09.08 07:33:06.316,5.96075,5.9644,3.20,1.00
2009.09.08 07:33:09.954,5.96055,5.9644,3.20,1.00
2009.09.08 07:33:10.935,5.96055,5.96365,3.20,1.00
2009.09.08 07:33:12.564,5.96045,5.96425,3.20,1.00
2009.09.08 07:33:12.914,5.96045,5.9642,3.20,1.00
2009.09.08 07:33:13.254,5.9603,5.964,3.20,1.00
2009.09.08 07:33:13.944,5.9603,5.96345,3.20,1.00
2009.09.08 07:33:14.803,5.96035,5.96405,3.20,1.00
2009.09.08 07:33:15.493,5.96055,5.96405,3.20,1.00
2009.09.08 07:33:18.473,5.96035,5.96405,3.20,1.00
2009.09.08 07:33:18.753,5.9604,5.96405,3.20,1.00
2009.09.08 07:33:19.443,5.96035,5.96405,3.20,1.00
2009.09.08 07:33:19.732,5.9606,5.96445,1.00,3.20
2009.09.08 07:33:20.092,5.96085,5.9642,3.20,1.00
2009.09.08 07:33:20.422,5.96085,5.9636,3.20,1.00
2009.09.08 07:33:20.712,5.96055,5.9636,3.20,1.00
2009.09.08 07:33:21.392,5.96055,5.9642,3.20,1.00
2009.09.08 07:33:21.732,5.96055,5.9636,3.20,1.00
2009.09.08 07:33:22.201,5.96055,5.9627,3.20,1.00
2009.09.08 07:33:22.431,5.9601,5.9627,1.00,1.00
2009.09.08 07:33:22.721,5.9599,5.9627,1.00,1.00
2009.09.08 07:33:23.321,5.9605,5.9635,1.00,1.00
2009.09.08 07:33:23.671,5.9599,5.9632,1.00,1.00
2009.09.08 07:33:24.601,5.9603,5.9633,1.00,1.00
2009.09.08 07:33:28.790,5.9601,5.9631,1.00,1.00
2009.09.08 07:33:38.788,5.9605,5.9635,1.00,1.00
2009.09.08 07:33:40.747,5.9603,5.9633,1.00,1.00
2009.09.08 07:33:42.467,5.9601,5.9631,1.00,1.00
2009.09.08 07:33:45.136,5.9597,5.9626,1.00,1.00
2009.09.08 07:33:52.824,5.9599,5.9628,1.00,1.00
2009.09.08 07:33:53.164,5.9597,5.9626,1.00,1.00
2009.09.08 07:33:53.504,5.9599,5.9628,1.00,1.00
2009.09.08 07:33:59.933,5.9597,5.9626,1.00,1.00
2009.09.08 07:34:00.453,5.9593,5.9622,1.00,1.00
2009.09.08 07:34:00.962,5.9595,5.9624,1.00,1.00
2009.09.08 07:34:12.020,5.9601,5.9624,1.00,1.00
2009.09.08 07:34:13.309,5.9599,5.9622,1.00,1.00
2009.09.08 07:34:13.659,5.9597,5.962,1.00,1.00
2009.09.08 07:34:13.999,5.9595,5.9618,1.00,1.00
2009.09.08 07:34:14.350,5.9597,5.962,1.00,1.00
2009.09.08 07:34:15.719,5.9592,5.9619,1.00,1.00
2009.09.08 07:34:16.419,5.9592,5.9624,1.00,1.00
2009.09.08 07:34:16.708,5.9594,5.9622,1.00,1.00
2009.09.08 07:34:16.939,5.9596,5.9624,1.00,1.00
2009.09.08 07:34:17.459,5.9595,5.9623,1.00,1.00
2009.09.08 07:34:20.637,5.9598,5.9623,1.00,1.00
2009.09.08 07:34:23.147,5.9598,5.9622,1.00,1.00
2009.09.08 07:34:23.947,5.9596,5.9622,1.00,1.00
2009.09.08 07:34:25.276,5.9594,5.962,1.00,1.00
2009.09.08 07:34:26.037,5.9594,5.9624,1.00,1.60
2009.09.08 07:34:26.396,5.9592,5.9617,1.00,1.00
2009.09.08 07:34:26.746,5.9596,5.9622,1.00,1.60
2009.09.08 07:34:27.096,5.9592,5.9617,1.00,1.00
2009.09.08 07:34:27.736,5.9594,5.962,1.00,1.60
2009.09.08 07:34:28.126,5.9594,5.9624,1.00,1.00
2009.09.08 07:34:28.766,5.9596,5.9622,1.00,1.00
2009.09.08 07:34:29.446,5.96,5.9626,1.00,1.00
2009.09.08 07:34:30.145,5.9596,5.9622,1.00,1.00
2009.09.08 07:34:30.495,5.9598,5.9624,1.00,1.00
2009.09.08 07:34:31.175,5.96,5.9626,1.00,1.00
2009.09.08 07:34:32.895,5.9601,5.9626,1.00,1.00
2009.09.08 07:34:33.245,5.96,5.9625,1.00,1.00
2009.09.08 07:34:34.684,5.9596,5.9621,1.00,1.00
2009.09.08 07:34:35.074,5.9598,5.9623,1.00,1.00
2009.09.08 07:34:35.424,5.96,5.9625,1.00,1.00
2009.09.08 07:34:36.114,5.9598,5.9623,1.00,1.00
2009.09.08 07:34:37.204,5.9596,5.9621,1.00,1.00
2009.09.08 07:34:37.544,5.9598,5.9623,1.00,1.00
2009.09.08 07:34:37.864,5.96,5.9625,1.00,1.00
2009.09.08 07:34:38.223,5.9598,5.9623,1.00,1.00
2009.09.08 07:34:39.613,5.9602,5.9623,1.00,1.00
2009.09.08 07:34:39.913,5.9602,5.9624,1.00,1.00
2009.09.08 07:34:40.193,5.9606,5.9627,1.00,2.40
2009.09.08 07:34:40.433,5.9605,5.9627,1.00,1.00
2009.09.08 07:34:41.303,5.9603,5.9625,1.00,1.00
2009.09.08 07:34:41.703,5.9601,5.9623,1.00,1.00
2009.09.08 07:34:42.572,5.9605,5.9627,1.00,1.00
2009.09.08 07:34:43.922,5.9605,5.9626,1.00,1.00
2009.09.08 07:34:44.252,5.9605,5.9627,1.00,1.00
2009.09.08 07:34:46.551,5.9605,5.9624,1.00,1.00
2009.09.08 07:34:46.901,5.9604,5.9624,1.00,1.00
2009.09.08 07:34:47.191,5.9604,5.9625,1.00,1.00
2009.09.08 07:34:49.231,5.9608,5.9624,1.00,1.00
2009.09.08 07:34:49.581,5.9608,5.9628,1.00,1.00
2009.09.08 07:34:51.400,5.9609,5.9628,1.00,1.00
2009.09.08 07:34:51.570,5.961,5.9628,1.00,1.00
2009.09.08 07:34:51.730,5.961,5.963,1.00,1.00
2009.09.08 07:34:51.960,5.9612,5.9632,1.00,1.00
2009.09.08 07:34:52.070,5.9613,5.9632,1.00,1.00
2009.09.08 07:34:52.240,5.9613,5.963,1.00,1.00
2009.09.08 07:34:52.750,5.9609,5.9628,1.00,1.00
2009.09.08 07:34:56.299,5.9609,5.9626,1.00,1.00
2009.09.08 07:34:56.629,5.9606,5.9626,1.00,1.00
2009.09.08 07:34:58.628,5.9605,5.9624,1.00,1.00
2009.09.08 07:34:58.858,5.9604,5.9625,1.00,1.00
2009.09.08 07:34:59.678,5.9604,5.9623,1.00,1.00
2009.09.08 07:34:59.968,5.9604,5.9624,1.00,1.00
2009.09.08 07:35:00.378,5.9606,5.9626,1.00,1.00
2009.09.08 07:35:06.996,5.9605,5.9626,1.00,1.00
2009.09.08 07:35:08.566,5.9609,5.9632,1.00,1.60
2009.09.08 07:35:09.326,5.9607,5.9631,1.00,1.60
2009.09.08 07:35:12.675,5.9607,5.963,1.00,1.00
2009.09.08 07:35:12.955,5.9606,5.963,1.00,1.60
2009.09.08 07:35:15.024,5.9604,5.9628,1.00,1.60
2009.09.08 07:35:16.034,5.9604,5.9627,1.00,1.00
2009.09.08 07:35:16.384,5.9602,5.9625,1.00,1.00
2009.09.08 07:35:18.084,5.9602,5.9625,3.20,1.00
2009.09.08 07:35:18.434,5.9604,5.9627,1.00,1.00
2009.09.08 07:35:19.114,5.9602,5.9625,1.00,1.00
2009.09.08 07:35:21.393,5.9602,5.9626,1.00,1.60
2009.09.08 07:35:21.743,5.96,5.9624,1.00,1.60
2009.09.08 07:35:22.732,5.9598,5.9619,2.40,1.00
2009.09.08 07:35:23.123,5.9596,5.9619,1.00,1.00
2009.09.08 07:35:23.802,5.9598,5.9622,1.00,1.00
2009.09.08 07:35:24.142,5.96,5.9624,1.00,1.60
2009.09.08 07:35:26.912,5.9598,5.962,2.40,1.60
2009.09.08 07:35:27.242,5.9597,5.962,1.00,1.60
2009.09.08 07:35:28.911,5.9599,5.9622,1.00,1.60
2009.09.08 07:35:29.541,5.9601,5.9624,1.00,1.60
2009.09.08 07:35:32.340,5.9603,5.9626,1.00,1.00
2009.09.08 07:35:32.570,5.9605,5.9628,1.00,1.00
2009.09.08 07:35:36.759,5.9605,5.9627,1.00,1.00
2009.09.08 07:35:37.209,5.9605,5.9628,1.00,1.00
2009.09.08 07:35:45.397,5.9607,5.9629,1.00,1.00
2009.09.08 07:35:45.797,5.9607,5.963,1.00,1.20
2009.09.08 07:35:46.137,5.9606,5.9629,1.00,1.20
2009.09.08 07:35:46.827,5.9604,5.9627,1.00,1.60
2009.09.08 07:35:47.497,5.9606,5.9629,1.00,1.60
2009.09.08 07:35:48.136,5.9606,5.9628,1.00,1.00
2009.09.08 07:35:48.486,5.9604,5.9626,1.00,1.00
2009.09.08 07:35:50.166,5.961,5.963,1.00,1.00
2009.09.08 07:35:50.516,5.961,5.9632,1.00,1.00
2009.09.08 07:35:53.895,5.9612,5.9634,1.00,1.00
2009.09.08 07:35:54.355,5.9608,5.9632,1.00,1.00
2009.09.08 07:35:55.445,5.96195,5.964,1.60,1.00
2009.09.08 07:35:55.785,5.9621,5.9643,1.00,1.00
2009.09.08 07:35:56.115,5.9617,5.964,1.60,1.00
2009.09.08 07:35:56.474,5.9621,5.9641,1.00,1.00
2009.09.08 07:35:56.824,5.9619,5.9639,1.00,1.00
2009.09.08 07:35:57.174,5.9621,5.9639,1.00,1.00
2009.09.08 07:35:57.595,5.9619,5.9639,1.00,1.00
2009.09.08 07:35:58.804,5.9621,5.9639,1.00,1.00
2009.09.08 07:35:59.154,5.9619,5.9639,1.00,1.00
2009.09.08 07:36:01.533,5.962,5.9639,1.00,1.00
2009.09.08 07:36:02.173,5.9621,5.9635,1.00,1.00
2009.09.08 07:36:02.563,5.9623,5.9639,1.00,1.00
2009.09.08 07:36:02.903,5.962,5.9639,1.00,1.00
2009.09.08 07:36:03.823,5.962,5.9637,1.00,1.00
2009.09.08 07:36:04.153,5.962,5.9639,1.00,1.00
2009.09.08 07:36:04.493,5.962,5.9639,1.00,1.00
2009.09.08 07:36:04.883,5.962,5.9637,1.00,1.00
2009.09.08 07:36:05.242,5.962,5.9639,1.00,1.00
2009.09.08 07:36:05.583,5.9623,5.9639,1.00,1.00
2009.09.08 07:36:10.001,5.9625,5.9642,1.00,1.00
2009.09.08 07:36:10.351,5.9627,5.9642,1.00,1.00
2009.09.08 07:36:10.701,5.9626,5.9646,1.00,1.00
2009.09.08 07:36:11.161,5.9626,5.9646,1.00,1.00
2009.09.08 07:36:11.852,5.96275,5.9646,1.60,1.00
2009.09.08 07:36:12.241,5.9628,5.9646,1.00,1.00
2009.09.08 07:36:12.581,5.963,5.9644,1.00,1.00
2009.09.08 07:36:13.320,5.9626,5.9646,1.00,1.00
2009.09.08 07:36:14.020,5.9628,5.9646,1.00,1.00
2009.09.08 07:36:14.700,5.96315,5.9646,1.60,1.00
2009.09.08 07:36:15.040,5.9634,5.965,1.00,1.00
2009.09.08 07:36:15.380,5.9634,5.965,1.00,1.00
2009.09.08 07:36:18.299,5.9634,5.965,1.00,1.00
2009.09.08 07:36:18.649,5.9634,5.9648,1.00,1.00
2009.09.08 07:36:19.349,5.9634,5.9646,1.00,1.00
2009.09.08 07:36:19.519,5.9634,5.9648,1.00,1.00
2009.09.08 07:36:19.869,5.9634,5.9646,1.00,1.00
2009.09.08 07:36:20.229,5.9634,5.9648,1.00,1.00
2009.09.08 07:36:20.579,5.9634,5.9646,1.00,1.00
2009.09.08 07:36:24.458,5.9634,5.9648,1.00,1.00
2009.09.08 07:36:29.407,5.9634,5.965,1.00,1.00
2009.09.08 07:36:30.446,5.9634,5.9647,1.00,1.00
2009.09.08 07:36:32.236,5.9634,5.9649,1.00,2.00
2009.09.08 07:36:32.586,5.9634,5.965,1.00,1.00
2009.09.08 07:36:33.945,5.9634,5.965,1.00,1.00
2009.09.08 07:36:34.515,5.9636,5.965,1.00,1.00
2009.09.08 07:36:34.866,5.9634,5.965,1.00,1.00
2009.09.08 07:36:35.195,5.9636,5.965,1.00,1.00
2009.09.08 07:36:35.895,5.9636,5.9658,1.00,1.00
2009.09.08 07:36:36.415,5.963,5.9657,1.60,1.00
2009.09.08 07:36:36.805,5.9636,5.9648,1.00,1.00
2009.09.08 07:36:37.105,5.9632,5.9648,1.00,1.00
2009.09.08 07:36:37.505,5.9633,5.9657,1.00,1.00
2009.09.08 07:36:37.845,5.9635,5.9658,1.00,1.00
2009.09.08 07:36:38.194,5.9637,5.9658,1.00,1.00
2009.09.08 07:36:38.524,5.9636,5.9658,1.00,1.00
2009.09.08 07:36:38.864,5.9639,5.966,1.00,1.00
2009.09.08 07:36:42.823,5.9635,5.9658,1.00,1.00
2009.09.08 07:36:45.643,5.9639,5.966,1.00,1.00
2009.09.08 07:36:47.022,5.9637,5.9658,1.00,1.00
2009.09.08 07:36:48.632,5.9636,5.9658,1.00,1.00
2009.09.08 07:36:49.252,5.9634,5.9656,1.00,1.00
2009.09.08 07:36:53.301,5.9634,5.9655,1.00,1.00
2009.09.08 07:36:53.631,5.9632,5.9654,1.00,1.00
2009.09.08 07:36:56.820,5.96295,5.965,1.00,1.00
2009.09.08 07:36:57.230,5.96295,5.9651,1.00,1.00
2009.09.08 07:36:57.410,5.96295,5.965,1.00,1.00
2009.09.08 07:36:59.119,5.9621,5.9644,1.00,1.60
2009.09.08 07:36:59.789,5.96185,5.9642,1.00,1.00
2009.09.08 07:37:00.179,5.9617,5.9642,1.00,1.00
2009.09.08 07:37:00.519,5.96175,5.9642,1.00,1.00
2009.09.08 07:37:01.929,5.9621,5.9644,1.00,1.20
2009.09.08 07:37:02.289,5.9621,5.9646,1.00,1.00
2009.09.08 07:37:02.979,5.9621,5.9644,1.00,1.00
2009.09.08 07:37:03.328,5.9623,5.9646,1.00,1.00
2009.09.08 07:37:05.018,5.9627,5.9648,1.00,1.00
2009.09.08 07:37:05.358,5.9627,5.965,1.00,1.00
2009.09.08 07:37:06.048,5.9625,5.9649,1.00,1.00
2009.09.08 07:37:06.398,5.9624,5.9648,1.00,1.60
2009.09.08 07:37:06.757,5.9625,5.9648,1.00,1.00
2009.09.08 07:37:11.127,5.9623,5.9646,1.00,1.00
2009.09.08 07:37:16.055,5.9621,5.9642,1.00,1.00
2009.09.08 07:37:16.285,5.9621,5.9642,1.00,1.20
2009.09.08 07:37:18.945,5.9619,5.9642,1.00,1.20
2009.09.08 07:37:20.944,5.9623,5.9642,1.00,1.00
2009.09.08 07:37:21.294,5.9623,5.9646,1.00,1.00
2009.09.08 07:37:26.603,5.9621,5.9644,1.00,1.20
2009.09.08 07:37:26.903,5.9623,5.9646,1.00,1.00
2009.09.08 07:37:37.130,5.9623,5.9644,1.00,1.00
2009.09.08 07:37:37.460,5.9625,5.9648,1.00,1.00
2009.09.08 07:37:37.630,5.9623,5.9646,1.00,1.00
2009.09.08 07:37:37.970,5.9625,5.9648,1.00,1.00
2009.09.08 07:37:43.999,5.9623,5.9646,1.00,1.00
2009.09.08 07:37:44.348,5.9623,5.9647,1.00,1.00
2009.09.08 07:37:44.679,5.9623,5.9646,1.00,1.00
2009.09.08 07:37:45.779,5.9625,5.9646,1.00,1.00
2009.09.08 07:37:46.138,5.9625,5.9648,1.00,1.00
2009.09.08 07:37:47.518,5.9623,5.9646,1.00,1.00
2009.09.08 07:37:47.808,5.9625,5.9648,1.00,1.00
2009.09.08 07:37:49.517,5.9627,5.965,1.00,1.00
2009.09.08 07:37:50.457,5.9625,5.965,1.00,1.00
2009.09.08 07:37:50.807,5.9627,5.9651,1.00,1.00
2009.09.08 07:37:51.107,5.9629,5.9652,1.00,1.00
2009.09.08 07:37:51.797,5.9623,5.9646,1.00,1.00
2009.09.08 07:37:53.636,5.9625,5.9648,1.00,1.00
2009.09.08 07:37:55.166,5.9627,5.965,1.00,1.00
2009.09.08 07:37:56.815,5.96295,5.965,1.00,1.00
2009.09.08 07:37:58.125,5.96295,5.9652,1.00,1.00
2009.09.08 07:38:02.434,5.96385,5.967,1.00,2.40
2009.09.08 07:38:06.743,5.965,5.9673,1.00,1.00
2009.09.08 07:38:07.893,5.9652,5.9675,1.00,1.60
2009.09.08 07:38:09.793,5.9652,5.9674,1.00,1.00
2009.09.08 07:38:11.562,5.9656,5.9675,1.00,1.00
2009.09.08 07:38:11.902,5.9654,5.9677,1.00,1.60
2009.09.08 07:38:12.192,5.96515,5.9675,1.00,1.00
2009.09.08 07:38:13.332,5.965,5.9675,1.20,1.00
2009.09.08 07:38:13.912,5.9651,5.9675,1.00,1.00
2009.09.08 07:38:14.701,5.965,5.9676,1.20,1.00
2009.09.08 07:38:16.141,5.965,5.9673,1.20,1.20
2009.09.08 07:38:16.821,5.965,5.9675,1.20,1.00
2009.09.08 07:38:17.890,5.965,5.9673,1.20,1.20
2009.09.08 07:38:19.580,5.9657,5.9677,1.00,1.00
2009.09.08 07:38:21.289,5.9657,5.9677,1.00,1.00
2009.09.08 07:38:22.269,5.9658,5.9677,1.00,1.00
2009.09.08 07:38:23.879,5.9658,5.9677,1.00,1.00
2009.09.08 07:38:24.289,5.9658,5.9677,1.00,1.00
2009.09.08 07:38:25.529,5.9657,5.9677,1.00,1.00
2009.09.08 07:38:26.428,5.9658,5.9677,1.00,1.00
2009.09.08 07:38:26.758,5.9657,5.9674,1.00,1.00
2009.09.08 07:38:27.108,5.9657,5.9674,1.00,1.00
2009.09.08 07:38:27.448,5.9657,5.9677,1.00,1.00
2009.09.08 07:38:27.838,5.9671,5.96895,1.00,1.60
2009.09.08 07:38:28.008,5.9655,5.9682,1.00,1.00
2009.09.08 07:38:28.238,5.9669,5.9689,1.00,2.40
2009.09.08 07:38:28.638,5.9669,5.9706,1.00,1.00
2009.09.08 07:38:28.938,5.9669,5.97035,1.00,1.60
2009.09.08 07:38:29.288,5.9671,5.9704,1.00,4.40
2009.09.08 07:38:29.988,5.9671,5.9702,1.00,6.80
2009.09.08 07:38:30.677,5.9662,5.9697,1.00,3.20
2009.09.08 07:38:32.537,5.9662,5.9693,1.00,3.20
2009.09.08 07:38:32.718,5.96555,5.9693,1.00,3.20
2009.09.08 07:38:33.057,5.96555,5.96885,1.00,3.20
2009.09.08 07:38:34.097,5.96555,5.9689,1.00,3.20
2009.09.08 07:38:34.737,5.96555,5.96895,1.00,3.20
2009.09.08 07:38:35.086,5.9639,5.96835,3.60,3.20
2009.09.08 07:38:35.486,5.9639,5.9681,1.00,3.20
2009.09.08 07:38:35.786,5.9639,5.96795,1.00,3.20
2009.09.08 07:38:36.656,5.9641,5.9678,1.00,3.20
2009.09.08 07:38:37.786,5.9633,5.96745,3.20,3.20
2009.09.08 07:38:38.006,5.9633,5.9669,3.20,1.00
2009.09.08 07:38:38.396,5.9632,5.9669,3.20,1.00
2009.09.08 07:38:38.735,5.96305,5.967,3.20,1.00
2009.09.08 07:38:39.026,5.963,5.967,3.20,1.00
2009.09.08 07:38:40.905,5.963,5.9671,3.20,3.20
2009.09.08 07:38:41.265,5.96285,5.967,3.20,3.20
2009.09.08 07:38:41.835,5.9633,5.9664,8.00,1.00
2009.09.08 07:38:42.115,5.9657,5.96905,1.00,1.60
2009.09.08 07:38:42.445,5.9657,5.96895,1.00,1.00
2009.09.08 07:38:42.784,5.9655,5.969,1.00,1.00
2009.09.08 07:38:43.184,5.9654,5.9684,4.00,1.00
2009.09.08 07:38:43.534,5.9654,5.9684,1.00,1.00
2009.09.08 07:38:43.874,5.9654,5.9686,1.00,1.00
2009.09.08 07:38:45.964,5.9653,5.9686,1.00,1.00
2009.09.08 07:38:47.103,5.9653,5.9683,1.00,2.40
2009.09.08 07:38:47.434,5.9653,5.9683,1.00,4.80
2009.09.08 07:38:47.793,5.9655,5.9682,1.00,2.40
2009.09.08 07:38:48.074,5.9653,5.9682,1.00,2.80
2009.09.08 07:38:48.663,5.9653,5.96815,1.00,1.00
2009.09.08 07:38:52.062,5.9653,5.9682,1.00,2.40
2009.09.08 07:38:52.452,5.9649,5.9678,4.00,1.00
2009.09.08 07:38:53.312,5.9649,5.9678,1.00,1.00
2009.09.08 07:38:53.882,5.9648,5.9677,1.00,1.00
2009.09.08 07:38:54.052,5.9642,5.9667,1.00,1.00
2009.09.08 07:38:55.691,5.9641,5.9665,1.00,1.00
2009.09.08 07:38:56.911,5.9639,5.966,2.40,1.00
2009.09.08 07:38:57.261,5.9637,5.966,1.00,1.00
2009.09.08 07:38:58.781,5.9637,5.966,1.00,1.60
2009.09.08 07:38:59.681,5.9635,5.9658,1.00,1.60
2009.09.08 07:39:00.081,5.9637,5.9659,1.00,1.00
2009.09.08 07:39:00.420,5.9633,5.9655,1.00,1.00
2009.09.08 07:39:00.710,5.9635,5.9657,1.00,1.00
2009.09.08 07:39:01.060,5.9637,5.9659,1.00,1.00
2009.09.08 07:39:01.400,5.9635,5.9657,1.00,1.00
2009.09.08 07:39:03.520,5.9633,5.9655,1.00,1.00
2009.09.08 07:39:03.879,5.9638,5.9657,1.00,1.00
2009.09.08 07:39:04.229,5.9638,5.9658,1.00,1.00
2009.09.08 07:39:04.969,5.9638,5.9657,1.00,1.00
2009.09.08 07:39:05.539,5.9638,5.9658,1.00,1.00
2009.09.08 07:39:05.949,5.9637,5.9659,1.00,1.00
2009.09.08 07:39:06.639,5.9635,5.9657,1.00,1.00
2009.09.08 07:39:07.269,5.9633,5.965,1.00,1.00
2009.09.08 07:39:07.689,5.9634,5.9654,1.00,1.00
2009.09.08 07:39:08.029,5.9634,5.9653,1.00,1.00
2009.09.08 07:39:09.729,5.9631,5.9653,1.00,1.00
2009.09.08 07:39:10.908,5.9629,5.9651,1.00,1.00
2009.09.08 07:39:11.538,5.9631,5.9651,1.00,1.00
2009.09.08 07:39:11.888,5.9631,5.9653,1.00,1.00
2009.09.08 07:39:12.277,5.9631,5.9654,1.00,1.00
2009.09.08 07:39:12.607,5.9633,5.965,1.00,1.00
2009.09.08 07:39:12.997,5.9632,5.9651,1.00,1.00
2009.09.08 07:39:13.327,5.9632,5.9651,1.00,1.00
2009.09.08 07:39:13.677,5.963,5.9649,1.00,1.00
2009.09.08 07:39:16.596,5.9635,5.9656,1.00,2.40
2009.09.08 07:39:16.996,5.9633,5.9662,1.00,1.00
2009.09.08 07:39:17.346,5.9635,5.9663,1.00,1.00
2009.09.08 07:39:17.696,5.9635,5.9664,1.00,1.00
2009.09.08 07:39:20.355,5.9635,5.9664,1.00,1.60
2009.09.08 07:39:20.755,5.9627,5.9653,1.00,1.00
2009.09.08 07:39:21.045,5.963,5.9655,1.00,1.00
2009.09.08 07:39:21.335,5.9629,5.9654,1.00,1.00
2009.09.08 07:39:21.845,5.9631,5.9654,1.00,1.00
2009.09.08 07:39:22.825,5.9634,5.9657,1.00,1.00
2009.09.08 07:39:23.165,5.9636,5.9659,1.00,1.00
2009.09.08 07:39:23.515,5.9634,5.9657,1.00,1.00
2009.09.08 07:39:25.004,5.9634,5.9656,1.00,1.00
2009.09.08 07:39:26.114,5.9634,5.9655,1.00,1.00
2009.09.08 07:39:26.765,5.9632,5.9652,1.00,1.00
2009.09.08 07:39:27.044,5.9635,5.9656,1.00,1.00
2009.09.08 07:39:29.413,5.9635,5.9656,1.00,1.00
2009.09.08 07:39:29.753,5.9635,5.9656,1.00,1.00
2009.09.08 07:39:30.113,5.9633,5.9654,1.00,1.00
2009.09.08 07:39:31.093,5.9633,5.96495,1.00,3.20
2009.09.08 07:39:31.373,5.9603,5.9649,3.20,1.00
2009.09.08 07:39:31.913,5.9606,5.9645,2.40,3.20
2009.09.08 07:39:32.823,5.96095,5.9643,2.40,3.20
2009.09.08 07:39:33.162,5.961,5.9643,2.40,3.20
2009.09.08 07:39:34.032,5.9607,5.9641,2.40,3.20
2009.09.08 07:39:34.362,5.96065,5.9641,2.40,3.20
2009.09.08 07:39:34.752,5.96065,5.96365,2.40,1.00
2009.09.08 07:39:36.782,5.96095,5.96365,2.40,1.00
2009.09.08 07:39:37.122,5.961,5.96365,2.40,1.00
2009.09.08 07:39:37.342,5.9606,5.96365,2.40,1.00
2009.09.08 07:39:38.041,5.9624,5.96515,1.00,3.20
2009.09.08 07:39:38.721,5.962,5.9649,1.00,1.00
2009.09.08 07:39:40.141,5.9626,5.9649,1.00,1.00
2009.09.08 07:39:40.471,5.9628,5.965,1.00,1.00
2009.09.08 07:39:42.850,5.9629,5.965,1.00,1.00
2009.09.08 07:39:45.010,5.9631,5.9654,1.00,1.00
2009.09.08 07:39:45.579,5.9631,5.9654,1.00,1.00
2009.09.08 07:39:46.679,5.9633,5.9656,1.00,1.00
2009.09.08 07:39:46.969,5.9637,5.9658,1.00,1.00
2009.09.08 07:39:47.260,5.9633,5.9656,1.00,1.00
2009.09.08 07:39:47.489,5.9635,5.9658,1.00,1.00
2009.09.08 07:39:47.719,5.9634,5.9658,1.00,1.00
2009.09.08 07:39:50.678,5.9636,5.966,1.00,1.00
2009.09.08 07:39:51.358,5.9634,5.9658,1.00,1.00
2009.09.08 07:39:51.708,5.9632,5.9656,1.00,1.00
2009.09.08 07:40:09.414,5.963,5.9654,1.00,1.00
2009.09.08 07:40:10.394,5.9628,5.9651,1.00,1.00
2009.09.08 07:40:15.702,5.9632,5.9656,1.00,1.00
2009.09.08 07:40:19.332,5.9632,5.96535,1.00,1.00
2009.09.08 07:40:21.241,5.963,5.96535,1.00,1.00
2009.09.08 07:40:22.251,5.963,5.9654,1.00,1.00
2009.09.08 07:40:22.540,5.9628,5.9651,1.00,1.00
2009.09.08 07:40:24.160,5.963,5.9654,1.00,1.00
2009.09.08 07:40:25.720,5.9632,5.9656,1.00,1.00
2009.09.08 07:40:26.800,5.9634,5.9658,1.00,1.00
2009.09.08 07:40:29.969,5.9632,5.9656,1.00,1.00
2009.09.08 07:40:31.339,5.96285,5.9651,3.20,1.00
2009.09.08 07:40:31.688,5.9628,5.9651,1.00,1.00
2009.09.08 07:40:33.278,5.9629,5.9652,1.00,1.00
2009.09.08 07:40:34.328,5.9625,5.9648,1.00,1.00
2009.09.08 07:40:37.167,5.9627,5.965,1.00,1.00
2009.09.08 07:40:37.447,5.9625,5.9648,1.00,1.00
2009.09.08 07:40:39.526,5.9621,5.9644,1.00,1.00
2009.09.08 07:40:39.856,5.9623,5.96455,1.00,1.00
2009.09.08 07:40:41.756,5.9625,5.96455,1.00,1.00
2009.09.08 07:40:43.746,5.9625,5.9648,1.00,1.00
2009.09.08 07:40:58.382,5.9623,5.9646,1.00,1.00
2009.09.08 07:40:58.732,5.9621,5.9644,1.00,1.00
2009.09.08 07:41:01.301,5.9621,5.9644,1.00,1.00
2009.09.08 07:41:04.240,5.9621,5.9644,1.00,1.00
2009.09.08 07:41:05.690,5.962,5.9643,1.00,1.00
2009.09.08 07:41:06.030,5.9618,5.9641,1.00,1.00
2009.09.08 07:41:06.330,5.9624,5.9647,1.00,1.00
2009.09.08 07:41:09.829,5.9618,5.9645,3.20,1.00
2009.09.08 07:41:10.189,5.9618,5.9645,1.00,1.00
2009.09.08 07:41:10.539,5.9621,5.9639,1.00,1.00
2009.09.08 07:41:10.929,5.96185,5.9639,1.00,1.00
2009.09.08 07:41:12.868,5.9616,5.9639,1.00,1.00
2009.09.08 07:41:14.148,5.9617,5.964,1.00,1.00
2009.09.08 07:41:19.817,5.9616,5.9639,1.00,1.00
2009.09.08 07:41:25.155,5.9618,5.9642,1.00,1.00
2009.09.08 07:41:27.045,5.962,5.9644,1.00,1.00
2009.09.08 07:41:27.385,5.9622,5.9646,1.00,1.00
2009.09.08 07:41:28.994,5.962,5.9644,1.00,1.00
2009.09.08 07:41:35.613,5.9622,5.9646,1.00,1.00
2009.09.08 07:41:36.943,5.9624,5.9648,1.00,1.00
2009.09.08 07:41:37.293,5.962,5.9644,1.00,1.00
2009.09.08 07:41:37.633,5.9618,5.9642,1.00,1.00
2009.09.08 07:41:38.143,5.962,5.9644,1.00,1.00
2009.09.08 07:41:40.622,5.9625,5.9644,5.60,1.00
2009.09.08 07:41:40.911,5.962,5.9643,1.00,1.00
2009.09.08 07:41:41.891,5.9618,5.9641,1.00,1.00
2009.09.08 07:41:42.421,5.962,5.9643,1.00,1.00
2009.09.08 07:41:42.691,5.96225,5.9643,3.20,1.00
2009.09.08 07:41:42.931,5.963,5.9652,1.00,1.00
2009.09.08 07:41:45.420,5.9631,5.965,1.00,1.00
2009.09.08 07:41:46.500,5.9633,5.965,1.00,1.00
2009.09.08 07:41:47.610,5.9634,5.965,1.00,1.00
2009.09.08 07:41:49.190,5.9634,5.9652,1.00,1.00
2009.09.08 07:41:49.809,5.9634,5.9653,1.00,1.00
2009.09.08 07:41:51.239,5.9634,5.965,1.00,1.00
2009.09.08 07:41:55.568,5.9634,5.9649,1.00,1.00
2009.09.08 07:42:05.386,5.9635,5.9649,1.00,1.00
2009.09.08 07:42:05.736,5.9631,5.9648,1.00,1.00
2009.09.08 07:42:14.124,5.9635,5.9649,1.00,1.00
2009.09.08 07:42:19.872,5.9635,5.9648,1.00,1.00
2009.09.08 07:42:20.102,5.9631,5.9648,1.00,1.00
2009.09.08 07:42:20.272,5.9631,5.9648,1.00,1.00
2009.09.08 07:42:21.292,5.9631,5.9648,1.00,1.00
2009.09.08 07:42:23.901,5.9635,5.9649,1.00,1.00
2009.09.08 07:42:26.071,5.9635,5.9648,1.00,1.00
2009.09.08 07:42:26.411,5.9635,5.9643,1.00,1.00
2009.09.08 07:42:27.111,5.9635,5.9648,1.00,1.00
2009.09.08 07:42:27.760,5.9635,5.9645,1.00,1.00
2009.09.08 07:42:28.860,5.9635,5.9639,1.00,1.00
2009.09.08 07:42:29.490,5.9635,5.9637,1.00,1.00
2009.09.08 07:42:30.590,5.9594,5.96755,1.00,1.00
2009.09.08 07:42:30.930,5.9629,5.9635,1.00,1.00
2009.09.08 07:42:31.280,5.9617,5.9633,1.00,1.00
2009.09.08 07:42:31.630,5.9612,5.9628,1.00,1.00
2009.09.08 07:42:32.039,5.9612,5.9627,1.00,1.00
2009.09.08 07:42:32.389,5.961,5.9623,1.00,1.00
2009.09.08 07:42:33.119,5.9606,5.962,1.00,1.00
2009.09.08 07:42:33.479,5.9606,5.9619,1.00,1.00
2009.09.08 07:42:33.829,5.9606,5.962,1.00,1.00
2009.09.08 07:42:34.179,5.9606,5.9619,1.00,1.00
2009.09.08 07:42:34.889,5.9606,5.9619,1.00,1.60
2009.09.08 07:42:35.239,5.9606,5.9616,1.00,1.00
2009.09.08 07:42:35.579,5.9606,5.962,1.00,1.00
2009.09.08 07:42:38.358,5.9602,5.9616,1.00,1.00
2009.09.08 07:42:38.758,5.9602,5.9616,1.00,1.00
2009.09.08 07:42:39.807,5.9602,5.9619,1.00,1.00
2009.09.08 07:42:40.327,5.9604,5.9619,1.00,1.00
2009.09.08 07:42:40.629,5.9605,5.9622,1.00,1.00
2009.09.08 07:42:40.917,5.9606,5.9623,1.00,1.00
2009.09.08 07:42:41.207,5.9604,5.9624,1.00,1.00
2009.09.08 07:42:41.827,5.9602,5.9622,1.00,1.00
2009.09.08 07:42:42.177,5.9604,5.9624,1.00,1.00
2009.09.08 07:42:42.527,5.9607,5.9628,1.00,1.00
2009.09.08 07:42:44.996,5.9608,5.9628,1.00,1.00
2009.09.08 07:42:45.576,5.9612,5.9632,1.00,1.00
2009.09.08 07:42:45.966,5.961,5.963,1.00,1.00
2009.09.08 07:42:46.656,5.961,5.9628,1.00,1.00
2009.09.08 07:42:47.006,5.9608,5.9628,1.00,1.00
2009.09.08 07:42:51.055,5.9604,5.9624,1.00,1.00
2009.09.08 07:42:52.255,5.9588,5.9615,1.00,1.00
2009.09.08 07:42:52.595,5.9586,5.9613,1.00,1.00
2009.09.08 07:42:52.994,5.9586,5.9613,1.00,1.00
2009.09.08 07:42:54.644,5.9586,5.9611,1.00,1.00
2009.09.08 07:42:54.934,5.9592,5.9617,1.00,1.00
2009.09.08 07:42:55.603,5.9588,5.9613,1.00,1.00
2009.09.08 07:42:55.984,5.959,5.9615,1.00,1.00
2009.09.08 07:42:56.324,5.9588,5.9613,1.00,1.00
2009.09.08 07:42:57.733,5.9592,5.9617,1.00,1.00
2009.09.08 07:42:58.823,5.959,5.9615,1.00,1.00
2009.09.08 07:42:59.513,5.9592,5.9617,1.00,1.00
2009.09.08 07:42:59.793,5.9596,5.962,1.00,1.00
2009.09.08 07:43:00.083,5.9592,5.9617,1.00,1.00
2009.09.08 07:43:00.602,5.959,5.9615,1.00,1.00
2009.09.08 07:43:00.933,5.9592,5.9617,1.00,1.00
2009.09.08 07:43:01.742,5.9592,5.9616,1.00,1.00
2009.09.08 07:43:02.422,5.9592,5.9617,1.00,1.00
2009.09.08 07:43:02.782,5.9596,5.962,1.00,1.00
2009.09.08 07:43:03.482,5.9596,5.962,1.00,1.00
2009.09.08 07:43:03.822,5.9594,5.9619,1.00,1.00
2009.09.08 07:43:04.162,5.9592,5.9617,1.00,1.00
2009.09.08 07:43:06.251,5.9594,5.9619,1.00,1.00
2009.09.08 07:43:06.551,5.9592,5.9617,1.00,1.00
2009.09.08 07:43:07.811,5.9594,5.9619,1.00,1.00
2009.09.08 07:43:08.151,5.9592,5.9617,1.00,1.00
2009.09.08 07:43:08.551,5.9594,5.96165,1.00,1.00
2009.09.08 07:43:08.850,5.9594,5.9619,1.00,1.00
2009.09.08 07:43:09.260,5.9592,5.9616,1.00,1.00
2009.09.08 07:43:09.950,5.9594,5.9619,1.00,1.00
2009.09.08 07:43:10.250,5.9596,5.9621,1.00,1.00
2009.09.08 07:43:10.960,5.9594,5.9619,1.00,1.00
2009.09.08 07:43:11.300,5.9592,5.9617,1.00,1.00
2009.09.08 07:43:12.050,5.9594,5.9618,1.00,1.00
2009.09.08 07:43:12.340,5.9596,5.962,1.00,1.00
2009.09.08 07:43:12.620,5.9596,5.9621,1.00,1.00
2009.09.08 07:43:13.189,5.9592,5.9617,3.20,1.00
2009.09.08 07:43:13.479,5.9592,5.9617,1.00,1.00
2009.09.08 07:43:17.808,5.9608,5.9618,1.00,1.00
2009.09.08 07:43:18.378,5.9591,5.9618,1.00,1.00
2009.09.08 07:43:20.418,5.9593,5.9619,1.00,1.00
2009.09.08 07:43:21.487,5.9597,5.9623,1.00,1.00
2009.09.08 07:43:23.127,5.9593,5.9619,1.00,1.00
2009.09.08 07:43:23.747,5.9592,5.9618,1.00,1.00
2009.09.08 07:43:24.037,5.9593,5.9618,1.00,1.00
2009.09.08 07:43:24.317,5.9597,5.9622,1.00,1.00
2009.09.08 07:43:24.657,5.9597,5.9622,1.00,1.60
2009.09.08 07:43:25.367,5.9597,5.9622,1.00,1.00
2009.09.08 07:43:26.126,5.9593,5.9618,1.00,1.00
2009.09.08 07:43:28.956,5.9595,5.962,1.00,1.00
2009.09.08 07:43:29.656,5.9593,5.9618,1.00,1.00
2009.09.08 07:43:30.326,5.9595,5.962,1.00,1.00
2009.09.08 07:43:32.005,5.9593,5.9618,1.00,1.00
2009.09.08 07:43:34.455,5.9595,5.962,1.00,1.00
2009.09.08 07:43:35.184,5.9593,5.9618,1.00,1.00
2009.09.08 07:43:37.853,5.9593,5.9626,1.00,3.20
2009.09.08 07:43:38.203,5.9594,5.96355,3.20,3.20
2009.09.08 07:43:38.553,5.95935,5.9635,3.20,3.20
2009.09.08 07:43:39.943,5.9593,5.96345,4.00,3.20
2009.09.08 07:43:41.213,5.95925,5.96335,3.20,3.20
2009.09.08 07:43:41.552,5.95925,5.9632,3.20,1.00
2009.09.08 07:43:41.952,5.95925,5.9627,3.20,1.00
2009.09.08 07:43:42.422,5.95895,5.9631,3.20,3.20
2009.09.08 07:43:44.042,5.95895,5.96225,3.20,1.00
2009.09.08 07:43:44.342,5.959,5.96225,3.20,1.00
2009.09.08 07:43:45.502,5.959,5.962,3.20,1.00
2009.09.08 07:43:46.081,5.959,5.96205,3.20,1.00
2009.09.08 07:43:46.381,5.959,5.9627,3.20,1.00
2009.09.08 07:43:47.881,5.959,5.96205,3.20,1.00
2009.09.08 07:43:48.581,5.9589,5.96205,1.00,1.00
2009.09.08 07:43:49.471,5.9589,5.96205,3.20,1.00
2009.09.08 07:43:49.821,5.9589,5.96205,1.00,1.00
2009.09.08 07:43:52.230,5.9589,5.96205,1.00,1.00
2009.09.08 07:43:52.820,5.95875,5.96205,3.20,1.00
2009.09.08 07:43:53.450,5.9589,5.96205,1.00,1.00
2009.09.08 07:43:54.099,5.9588,5.96205,3.20,1.00
2009.09.08 07:43:54.449,5.9589,5.96205,1.00,1.00
2009.09.08 07:43:54.849,5.95885,5.96205,3.20,1.00
2009.09.08 07:43:55.179,5.9589,5.96205,1.00,1.00
2009.09.08 07:43:55.459,5.9589,5.96205,1.00,1.00
2009.09.08 07:43:55.749,5.95875,5.96205,3.20,1.00
2009.09.08 07:43:56.049,5.9588,5.96205,3.20,1.00
2009.09.08 07:43:57.029,5.9589,5.96205,4.00,1.00
2009.09.08 07:43:58.639,5.95905,5.96205,3.20,1.00
2009.09.08 07:43:59.658,5.959,5.96205,3.20,1.00
2009.09.08 07:44:01.738,5.95895,5.96205,3.20,1.00
2009.09.08 07:44:02.727,5.9587,5.96205,3.60,1.00
2009.09.08 07:44:03.087,5.9588,5.96205,3.20,1.00
2009.09.08 07:44:03.737,5.9588,5.9629,3.20,3.60
2009.09.08 07:44:04.557,5.9587,5.96275,1.00,3.20
2009.09.08 07:44:05.157,5.9588,5.9629,3.20,4.00
2009.09.08 07:44:06.137,5.9588,5.9628,3.20,1.00
2009.09.08 07:44:06.687,5.9588,5.9626,3.20,1.00
2009.09.08 07:44:07.207,5.95885,5.963,3.20,4.00
2009.09.08 07:44:09.106,5.9589,5.963,3.20,1.00
2009.09.08 07:44:09.446,5.9589,5.96305,3.60,3.20
2009.09.08 07:44:11.585,5.9585,5.9609,12.00,1.00
2009.09.08 07:44:12.488,5.9585,5.9611,12.00,1.00
2009.09.08 07:44:12.835,5.9585,5.9605,12.00,1.00
2009.09.08 07:44:14.435,5.9585,5.9605,12.00,1.20
2009.09.08 07:44:14.784,5.9585,5.9605,12.00,1.00
2009.09.08 07:44:15.074,5.9585,5.9604,12.00,1.00
2009.09.08 07:44:15.645,5.9585,5.9608,12.80,1.60
2009.09.08 07:44:16.344,5.9585,5.9607,12.80,1.00
2009.09.08 07:44:17.554,5.9585,5.9604,12.00,1.00
2009.09.08 07:44:17.844,5.9585,5.9606,12.40,1.00
2009.09.08 07:44:18.194,5.9585,5.9605,12.40,1.00
2009.09.08 07:44:20.623,5.9585,5.9601,12.00,1.00
2009.09.08 07:44:24.792,5.9585,5.9601,12.00,1.00
2009.09.08 07:44:32.050,5.9585,5.9601,12.00,1.00
2009.09.08 07:44:32.230,5.9585,5.9601,12.00,1.00
2009.09.08 07:44:34.310,5.9585,5.96,12.00,1.60
2009.09.08 07:44:34.650,5.9585,5.9603,12.00,1.00
2009.09.08 07:44:34.990,5.9585,5.9602,12.00,1.00
2009.09.08 07:44:35.380,5.9585,5.96,12.00,1.00
2009.09.08 07:44:36.069,5.9585,5.9604,12.90,1.00
2009.09.08 07:44:36.699,5.9585,5.96,12.10,1.00
2009.09.08 07:44:36.989,5.9585,5.9604,13.70,1.00
2009.09.08 07:44:37.979,5.9585,5.9603,12.90,1.00
2009.09.08 07:44:39.089,5.9585,5.9604,12.90,1.00
2009.09.08 07:44:39.448,5.9585,5.9603,12.10,1.00
2009.09.08 07:44:39.748,5.9585,5.9605,12.80,1.00
2009.09.08 07:44:40.378,5.9585,5.9599,12.00,1.00
2009.09.08 07:44:41.418,5.9585,5.9601,12.00,1.00
2009.09.08 07:44:41.988,5.9587,5.9601,3.20,1.00
2009.09.08 07:44:42.148,5.95965,5.9632,1.00,1.60
2009.09.08 07:44:42.318,5.95965,5.96325,1.00,3.20
2009.09.08 07:44:42.428,5.95945,5.96325,1.00,3.20
2009.09.08 07:44:42.828,5.95945,5.9632,1.00,3.20
2009.09.08 07:44:43.517,5.9592,5.9628,1.00,3.20
2009.09.08 07:44:45.187,5.9592,5.9627,1.00,1.00
2009.09.08 07:44:45.367,5.9585,5.9605,12.00,1.00
2009.09.08 07:44:47.217,5.9585,5.9599,12.00,1.00
2009.09.08 07:44:49.366,5.9585,5.9602,12.00,1.00
2009.09.08 07:44:51.916,5.9585,5.9604,12.00,1.00
2009.09.08 07:44:52.186,5.9585,5.9606,12.00,1.00
2009.09.08 07:44:53.435,5.9587,5.961,1.00,1.00
2009.09.08 07:44:54.135,5.9585,5.9606,12.00,1.00
2009.09.08 07:44:54.835,5.9585,5.9604,12.00,1.00
2009.09.08 07:44:55.175,5.9585,5.96,12.00,1.00
2009.09.08 07:44:56.155,5.9585,5.9602,12.00,1.00
2009.09.08 07:44:56.504,5.9585,5.9605,12.00,1.00
2009.09.08 07:44:56.685,5.9585,5.96,12.00,1.00
2009.09.08 07:44:57.044,5.9585,5.9602,12.00,1.00
2009.09.08 07:44:58.124,5.9585,5.9598,12.00,1.00
2009.09.08 07:45:00.873,5.9585,5.9599,12.00,1.60
2009.09.08 07:45:04.482,5.9585,5.9599,12.00,1.00
2009.09.08 07:45:05.143,5.9591,5.9603,1.00,2.40
2009.09.08 07:45:05.532,5.9597,5.9631,1.00,3.20
2009.09.08 07:45:06.222,5.9597,5.96325,1.00,3.20
2009.09.08 07:45:07.732,5.9597,5.9629,1.00,3.20
2009.09.08 07:45:09.421,5.9597,5.96295,1.00,3.20
2009.09.08 07:45:09.771,5.9597,5.963,1.00,3.20
2009.09.08 07:45:11.321,5.9597,5.96305,1.00,3.20
2009.09.08 07:45:12.411,5.9597,5.96285,1.00,3.20
2009.09.08 07:45:12.691,5.9597,5.96305,1.00,3.20
2009.09.08 07:45:13.570,5.959,5.9631,3.20,3.20
2009.09.08 07:45:13.910,5.959,5.96315,3.20,3.20
2009.09.08 07:45:14.250,5.95905,5.9632,3.20,3.20
2009.09.08 07:45:14.610,5.9591,5.96325,3.20,3.20
2009.09.08 07:45:15.970,5.95915,5.9633,3.20,3.20
2009.09.08 07:45:16.250,5.9592,5.9633,3.20,3.20
2009.09.08 07:45:16.530,5.9593,5.96335,1.00,3.20
2009.09.08 07:45:16.820,5.9596,5.9637,3.20,3.20
2009.09.08 07:45:17.170,5.96035,5.96375,1.00,3.20
2009.09.08 07:45:17.749,5.96035,5.9638,1.00,3.20
2009.09.08 07:45:18.149,5.9606,5.9638,1.00,3.20
2009.09.08 07:45:18.489,5.9605,5.96385,1.00,3.20
2009.09.08 07:45:19.599,5.9603,5.9637,1.00,3.20
2009.09.08 07:45:19.949,5.9603,5.96375,1.00,3.20
2009.09.08 07:45:21.899,5.9603,5.96385,1.00,3.20
2009.09.08 07:45:22.648,5.9603,5.9638,1.00,3.20
2009.09.08 07:45:22.928,5.9606,5.9638,1.00,3.20
2009.09.08 07:45:23.288,5.96035,5.9638,1.00,3.20
2009.09.08 07:45:23.628,5.96005,5.9636,1.00,1.00
2009.09.08 07:45:23.958,5.96005,5.96355,1.00,3.20
2009.09.08 07:45:25.547,5.9601,5.96355,1.00,3.20
2009.09.08 07:45:26.687,5.96,5.96355,1.00,3.20
2009.09.08 07:45:27.657,5.96005,5.96375,1.00,3.20
2009.09.08 07:45:29.627,5.9605,5.96375,1.00,3.20
2009.09.08 07:45:30.716,5.9604,5.96375,1.00,3.20
2009.09.08 07:45:34.165,5.9604,5.9638,1.00,3.20
2009.09.08 07:45:37.595,5.9617,5.9642,1.00,1.60
2009.09.08 07:45:38.744,5.9619,5.9642,1.00,1.00
2009.09.08 07:45:39.084,5.9618,5.9641,1.00,1.00
2009.09.08 07:45:39.305,5.9618,5.9641,1.00,1.00
2009.09.08 07:45:40.214,5.9605,5.9633,1.00,1.00
2009.09.08 07:45:40.504,5.9607,5.9635,1.00,1.00
2009.09.08 07:45:42.474,5.9603,5.9627,1.00,1.00
2009.09.08 07:45:42.824,5.9607,5.9631,1.00,1.00
2009.09.08 07:45:43.174,5.9603,5.9627,1.00,1.00
2009.09.08 07:45:43.523,5.9601,5.9625,1.00,1.00
2009.09.08 07:45:43.863,5.9601,5.9624,1.00,1.00
2009.09.08 07:45:45.253,5.9601,5.9624,1.00,1.00
2009.09.08 07:45:45.603,5.9597,5.962,1.00,1.00
2009.09.08 07:45:47.682,5.9595,5.9618,1.00,1.00
2009.09.08 07:45:47.802,5.9597,5.962,1.00,1.00
2009.09.08 07:45:47.972,5.9595,5.9618,1.00,1.00
2009.09.08 07:45:48.142,5.9593,5.9616,1.00,1.00
2009.09.08 07:45:48.642,5.9593,5.9612,1.00,3.20
2009.09.08 07:45:49.102,5.9585,5.9609,12.00,3.20
2009.09.08 07:45:49.492,5.9585,5.96025,12.00,3.20
2009.09.08 07:45:50.182,5.9585,5.9605,12.00,3.20
2009.09.08 07:45:50.811,5.9585,5.9608,12.00,3.20
2009.09.08 07:45:51.162,5.9585,5.9601,12.00,3.20
2009.09.08 07:45:51.522,5.9585,5.96005,12.00,3.20
2009.09.08 07:45:51.861,5.9585,5.9609,12.00,3.20
2009.09.08 07:45:52.551,5.9585,5.9611,12.00,1.00
2009.09.08 07:45:52.951,5.9585,5.96095,12.00,3.20
2009.09.08 07:45:53.171,5.9585,5.9611,12.00,1.00
2009.09.08 07:45:53.641,5.9585,5.9605,12.00,3.20
2009.09.08 07:45:54.561,5.9585,5.96065,12.00,3.20
2009.09.08 07:45:54.910,5.9585,5.9607,12.00,1.00
2009.09.08 07:45:55.601,5.9585,5.9603,12.00,3.20
2009.09.08 07:45:55.960,5.9585,5.9604,12.00,3.20
2009.09.08 07:45:56.650,5.9585,5.9603,12.00,3.20
2009.09.08 07:45:57.350,5.9585,5.9606,12.00,3.20
2009.09.08 07:45:58.090,5.9585,5.9605,12.00,3.20
2009.09.08 07:45:58.440,5.9585,5.9603,12.00,1.00
2009.09.08 07:45:59.079,5.9585,5.9596,12.00,3.20
2009.09.08 07:46:00.839,5.9585,5.95955,12.00,3.20
2009.09.08 07:46:01.239,5.9585,5.9595,12.00,3.20
2009.09.08 07:46:01.589,5.9585,5.95955,12.00,3.20
2009.09.08 07:46:01.929,5.9585,5.9596,12.00,3.20
2009.09.08 07:46:03.298,5.9585,5.95955,12.00,3.20
2009.09.08 07:46:03.978,5.9585,5.95975,12.00,3.20
2009.09.08 07:46:05.028,5.9585,5.9598,12.00,3.20
2009.09.08 07:46:05.728,5.9585,5.95985,12.00,3.20
2009.09.08 07:46:06.079,5.9585,5.9599,12.00,3.20
2009.09.08 07:46:06.468,5.9585,5.95995,12.00,3.20
2009.09.08 07:46:06.748,5.9585,5.9599,12.00,3.20
2009.09.08 07:46:07.038,5.9585,5.96015,12.00,3.20
2009.09.08 07:46:07.388,5.9585,5.9602,12.00,3.20
2009.09.08 07:46:08.027,5.9585,5.95995,12.00,3.20
2009.09.08 07:46:08.377,5.9585,5.96005,12.00,3.20
2009.09.08 07:46:09.067,5.9585,5.9594,10.40,1.00
2009.09.08 07:46:10.107,5.9585,5.9592,10.40,1.00
2009.09.08 07:46:10.497,5.9585,5.9592,10.40,3.20
2009.09.08 07:46:11.131,5.9585,5.9593,10.40,1.00
2009.09.08 07:46:11.486,5.9585,5.9591,10.40,1.00
2009.09.08 07:46:11.897,5.9585,5.9593,10.40,1.00
2009.09.08 07:46:12.536,5.9585,5.9591,10.40,1.00
2009.09.08 07:46:13.386,5.9585,5.9589,10.40,1.00
2009.09.08 07:46:13.916,5.9585,5.9591,10.40,1.00
2009.09.08 07:46:14.256,5.9585,5.9593,10.40,1.00
2009.09.08 07:46:14.656,5.9585,5.9594,10.40,1.00
2009.09.08 07:46:15.666,5.9585,5.9592,10.40,1.00
2009.09.08 07:46:16.066,5.9573,5.9594,39.90,1.00
2009.09.08 07:46:16.415,5.9552,5.9582,42.00,1.00
2009.09.08 07:46:18.945,5.9576,5.9595,10.40,1.00
2009.09.08 07:46:19.945,5.9585,5.9588,10.40,1.00
2009.09.08 07:46:20.294,5.9585,5.959,10.40,1.00
2009.09.08 07:46:20.684,5.9585,5.9588,10.40,1.00
2009.09.08 07:46:21.034,5.95627,5.96043,39.90,1.00
2009.09.08 07:46:21.504,5.95485,5.9582,3.20,1.00
2009.09.08 07:46:21.854,5.9581,5.95895,10.40,1.60
2009.09.08 07:46:22.194,5.95717,5.95913,10.40,1.00
2009.09.08 07:46:22.554,5.9555,5.9582,30.80,1.00
2009.09.08 07:46:22.974,5.9581,5.9584,9.60,1.00
2009.09.08 07:46:23.324,5.95545,5.9579,41.10,1.00
2009.09.08 07:46:23.664,5.95545,5.9578,1.00,1.00
2009.09.08 07:46:24.014,5.9551,5.9578,1.00,1.00
2009.09.08 07:46:24.364,5.9552,5.9579,1.00,1.00
2009.09.08 07:46:24.713,5.9581,5.95865,8.80,3.20
2009.09.08 07:46:25.094,5.9552,5.9579,41.90,1.00
2009.09.08 07:46:25.453,5.95545,5.96045,39.90,1.00
2009.09.08 07:46:25.793,5.95745,5.95965,8.00,4.00
2009.09.08 07:46:26.473,5.9548,5.9587,1.00,1.60
2009.09.08 07:46:26.813,5.955,5.9578,1.00,1.00
2009.09.08 07:46:27.153,5.955,5.9577,1.00,1.00
2009.09.08 07:46:27.783,5.9551,5.9575,1.00,1.00
2009.09.08 07:46:28.183,5.9551,5.9582,1.00,1.00
2009.09.08 07:46:28.522,5.9549,5.9573,1.00,1.00
2009.09.08 07:46:28.852,5.9547,5.9571,1.00,1.00
2009.09.08 07:46:29.192,5.9547,5.9571,1.00,1.00
2009.09.08 07:46:29.522,5.9545,5.9569,1.00,1.00
2009.09.08 07:46:29.922,5.9547,5.957,1.00,1.00
2009.09.08 07:46:30.602,5.9547,5.957,1.00,1.00
2009.09.08 07:46:30.932,5.9543,5.9566,1.00,1.00
2009.09.08 07:46:31.732,5.9547,5.9568,1.00,2.40
2009.09.08 07:46:31.951,5.9547,5.957,1.00,1.00
2009.09.08 07:46:32.171,5.9538,5.9561,1.00,1.00
2009.09.08 07:46:32.801,5.9539,5.9563,1.00,1.00
2009.09.08 07:46:33.491,5.954,5.9563,1.00,1.00
2009.09.08 07:46:33.891,5.9543,5.9566,1.00,1.00
2009.09.08 07:46:34.181,5.9542,5.9565,1.00,1.00
2009.09.08 07:46:34.931,5.9544,5.9567,1.00,1.00
2009.09.08 07:46:35.261,5.9546,5.9568,1.00,1.00
2009.09.08 07:46:35.591,5.9544,5.9567,1.00,1.00
2009.09.08 07:46:35.991,5.9544,5.95635,1.00,1.00
2009.09.08 07:46:36.331,5.9543,5.95635,1.00,1.00
2009.09.08 07:46:36.731,5.9543,5.9563,1.00,1.00
2009.09.08 07:46:37.080,5.9541,5.9563,1.00,1.00
2009.09.08 07:46:37.771,5.9542,5.9563,1.00,1.00
2009.09.08 07:46:38.160,5.9541,5.9563,1.00,1.00
2009.09.08 07:46:38.490,5.9541,5.9562,1.00,1.00
2009.09.08 07:46:38.840,5.9545,5.9562,1.00,1.00
2009.09.08 07:46:39.230,5.9545,5.9567,1.00,1.00
2009.09.08 07:46:39.910,5.9546,5.9567,1.00,1.00
2009.09.08 07:46:40.960,5.9547,5.9567,1.00,1.00
2009.09.08 07:46:41.799,5.9546,5.9567,1.00,1.00
2009.09.08 07:46:42.129,5.9544,5.95665,1.00,1.00
2009.09.08 07:46:42.409,5.9544,5.95645,1.00,1.00
2009.09.08 07:46:43.149,5.9545,5.95645,1.00,1.00
2009.09.08 07:46:43.479,5.9546,5.95685,1.00,1.00
2009.09.08 07:46:43.829,5.9546,5.95645,1.00,1.00
2009.09.08 07:46:44.519,5.955,5.9571,1.00,1.00
2009.09.08 07:46:44.869,5.9549,5.9571,1.00,1.00
2009.09.08 07:46:45.269,5.9547,5.957,1.00,1.00
2009.09.08 07:46:45.978,5.9542,5.9564,2.40,1.00
2009.09.08 07:46:46.548,5.9547,5.957,1.00,1.00
2009.09.08 07:46:46.838,5.9545,5.9568,1.00,1.00
2009.09.08 07:46:47.068,5.9543,5.95645,1.00,1.00
2009.09.08 07:46:47.368,5.9541,5.9564,1.00,1.00
2009.09.08 07:46:48.638,5.9548,5.95645,1.00,1.00
2009.09.08 07:46:49.687,5.9546,5.9564,1.00,1.00
2009.09.08 07:46:50.027,5.9544,5.95585,1.00,1.00
2009.09.08 07:46:50.377,5.9543,5.95585,1.00,1.00
2009.09.08 07:46:50.717,5.9545,5.95585,1.00,1.00
2009.09.08 07:46:51.117,5.9544,5.95585,1.00,1.00
2009.09.08 07:46:53.146,5.9548,5.95585,1.00,1.00
2009.09.08 07:46:54.676,5.9546,5.95585,1.00,1.00
2009.09.08 07:46:55.026,5.9548,5.95625,1.00,1.00
2009.09.08 07:46:55.366,5.9552,5.95625,1.00,1.00
2009.09.08 07:46:56.395,5.955,5.95625,1.00,1.00
2009.09.08 07:46:57.856,5.9544,5.95565,1.00,1.00
2009.09.08 07:46:58.905,5.9543,5.95565,1.00,1.00
2009.09.08 07:46:59.255,5.9545,5.95565,1.00,1.00
2009.09.08 07:47:00.275,5.9541,5.95565,1.00,1.00
2009.09.08 07:47:00.975,5.9541,5.9559,1.00,1.00
2009.09.08 07:47:01.274,5.954,5.9559,1.00,1.00
2009.09.08 07:47:01.614,5.954,5.95615,1.00,3.20
2009.09.08 07:47:05.014,5.954,5.9559,1.00,1.00
2009.09.08 07:47:05.543,5.9535,5.9557,1.00,1.00
2009.09.08 07:47:06.833,5.9533,5.9555,1.00,1.00
2009.09.08 07:47:07.063,5.9531,5.9553,1.00,1.00
2009.09.08 07:47:08.103,5.9529,5.95445,1.00,1.00
2009.09.08 07:47:08.463,5.9533,5.9543,1.00,1.00
2009.09.08 07:47:08.853,5.9527,5.9543,1.00,1.00
2009.09.08 07:47:09.203,5.953,5.95425,1.00,1.00
2009.09.08 07:47:09.543,5.9528,5.9543,1.00,1.00
2009.09.08 07:47:09.952,5.9532,5.95445,1.00,1.00
2009.09.08 07:47:11.692,5.9527,5.95445,1.00,1.00
2009.09.08 07:47:15.111,5.9528,5.95445,1.00,1.00
2009.09.08 07:47:15.501,5.953,5.95445,1.00,1.00
2009.09.08 07:47:15.791,5.9533,5.95475,1.00,1.00
2009.09.08 07:47:16.081,5.9533,5.9547,1.00,1.00
2009.09.08 07:47:16.371,5.953,5.9544,1.00,1.00
2009.09.08 07:47:16.711,5.9529,5.9544,1.00,1.00
2009.09.08 07:47:17.061,5.9529,5.9544,1.00,1.00
2009.09.08 07:47:17.401,5.9527,5.9544,1.00,1.00
2009.09.08 07:47:17.761,5.9526,5.95385,1.00,1.00
2009.09.08 07:47:19.570,5.9528,5.95385,1.00,1.00
2009.09.08 07:47:20.150,5.953,5.95425,1.00,1.00
2009.09.08 07:47:20.910,5.953,5.95445,1.00,1.00
2009.09.08 07:47:21.260,5.9528,5.95445,1.00,1.00
2009.09.08 07:47:21.590,5.953,5.95445,1.00,1.00
2009.09.08 07:47:21.930,5.9538,5.955,1.00,3.20
2009.09.08 07:47:22.280,5.9536,5.9551,1.00,1.00
2009.09.08 07:47:22.619,5.953,5.95465,1.00,1.00
2009.09.08 07:47:22.969,5.9528,5.95465,1.00,1.00
2009.09.08 07:47:23.319,5.9528,5.95465,1.00,1.00
2009.09.08 07:47:23.659,5.953,5.95465,1.00,1.00
2009.09.08 07:47:24.359,5.9526,5.95465,1.00,1.00
2009.09.08 07:47:24.759,5.9526,5.9542,1.00,1.00
2009.09.08 07:47:25.099,5.9526,5.954,1.00,1.00
2009.09.08 07:47:25.839,5.953,5.9547,1.00,1.20
2009.09.08 07:47:26.858,5.9534,5.9548,1.00,2.40
2009.09.08 07:47:27.078,5.953,5.9549,1.00,1.00
2009.09.08 07:47:27.308,5.9534,5.9549,1.00,1.00
2009.09.08 07:47:27.888,5.9534,5.95505,1.00,1.00
2009.09.08 07:47:28.618,5.9536,5.95505,1.00,1.00
2009.09.08 07:47:29.611,5.954,5.9552,1.00,2.40
2009.09.08 07:47:29.958,5.9541,5.9555,1.00,2.40
2009.09.08 07:47:31.467,5.9539,5.9555,1.00,2.40
2009.09.08 07:47:31.837,5.9537,5.9553,1.00,3.20
2009.09.08 07:47:32.187,5.9535,5.9551,1.00,1.00
2009.09.08 07:47:32.537,5.9533,5.9549,1.00,1.00
2009.09.08 07:47:33.457,5.9535,5.9551,1.00,1.00
2009.09.08 07:47:33.977,5.953,5.9551,1.00,4.00
2009.09.08 07:47:34.197,5.953,5.9551,1.00,8.00
2009.09.08 07:47:34.917,5.953,5.955,1.00,2.40
2009.09.08 07:47:35.276,5.9533,5.9552,1.00,3.20
2009.09.08 07:47:35.617,5.953,5.9551,1.00,1.00
2009.09.08 07:47:35.966,5.953,5.9549,1.00,1.00
2009.09.08 07:47:36.317,5.9522,5.95455,1.00,4.00
2009.09.08 07:47:36.706,5.9522,5.9543,1.00,1.00
2009.09.08 07:47:37.046,5.9524,5.9544,1.00,4.00
2009.09.08 07:47:37.396,5.9524,5.9544,1.00,2.40
2009.09.08 07:47:37.746,5.9526,5.9544,1.00,3.20
2009.09.08 07:47:38.156,5.953,5.9546,1.00,1.00
2009.09.08 07:47:38.495,5.9532,5.95505,1.00,5.60
2009.09.08 07:47:38.855,5.9528,5.95435,1.00,1.00
2009.09.08 07:47:40.565,5.9528,5.95375,1.00,1.00
2009.09.08 07:47:41.255,5.9526,5.95375,1.00,1.00
2009.09.08 07:47:41.595,5.9532,5.9544,1.00,1.00
2009.09.08 07:47:41.945,5.9533,5.9544,1.00,1.00
2009.09.08 07:47:44.084,5.9531,5.9544,1.00,1.00
2009.09.08 07:47:45.184,5.9529,5.95445,1.00,1.00
2009.09.08 07:47:45.524,5.9527,5.95425,1.00,1.00
2009.09.08 07:47:45.854,5.9527,5.9543,1.00,1.00
2009.09.08 07:47:46.354,5.9531,5.9543,1.00,1.00
2009.09.08 07:47:46.684,5.9527,5.955,1.00,1.00
2009.09.08 07:47:47.034,5.9531,5.9553,1.00,1.60
2009.09.08 07:47:47.734,5.9532,5.9553,1.00,1.60
2009.09.08 07:47:48.073,5.9532,5.9552,1.00,3.20
2009.09.08 07:47:48.413,5.9529,5.9552,1.00,4.00
2009.09.08 07:47:49.123,5.9531,5.955,1.00,1.60
2009.09.08 07:47:49.463,5.9527,5.9549,1.00,2.40
2009.09.08 07:47:49.863,5.9525,5.9548,1.00,1.60
2009.09.08 07:47:50.523,5.9527,5.95485,1.00,1.60
2009.09.08 07:47:50.913,5.9527,5.9548,1.00,2.40
2009.09.08 07:47:51.263,5.9528,5.9548,1.00,2.40
2009.09.08 07:47:51.782,5.9526,5.9548,1.00,3.20
2009.09.08 07:47:52.132,5.9524,5.9545,1.00,2.40
2009.09.08 07:47:52.882,5.9526,5.9545,1.00,5.60
2009.09.08 07:47:53.222,5.9526,5.9545,1.00,2.40
2009.09.08 07:47:53.572,5.9526,5.9543,1.00,2.40
2009.09.08 07:47:54.632,5.9528,5.9548,1.00,5.60
2009.09.08 07:47:54.982,5.9524,5.9545,1.00,2.40
2009.09.08 07:47:56.801,5.9526,5.9548,1.00,3.20
2009.09.08 07:47:57.421,5.9522,5.9546,1.00,1.00
2009.09.08 07:47:57.651,5.9526,5.9541,1.00,2.40
2009.09.08 07:47:57.951,5.9526,5.9543,1.00,3.20
2009.09.08 07:47:58.191,5.9526,5.9546,1.00,3.20
2009.09.08 07:47:58.481,5.9526,5.9546,1.00,3.20
2009.09.08 07:47:58.831,5.952,5.9536,1.00,1.00
2009.09.08 07:48:00.211,5.952,5.9541,1.00,1.00
2009.09.08 07:48:00.560,5.952,5.95315,1.00,3.20
2009.09.08 07:48:00.900,5.952,5.95335,1.00,3.20
2009.09.08 07:48:01.180,5.9525,5.9533,1.00,3.20
2009.09.08 07:48:01.520,5.9525,5.9547,1.00,6.40
2009.09.08 07:48:01.870,5.9518,5.95405,1.00,3.20
2009.09.08 07:48:02.940,5.9516,5.9537,1.00,3.20
2009.09.08 07:48:03.630,5.9511,5.9533,1.00,1.00
2009.09.08 07:48:04.019,5.9512,5.9533,1.00,3.20
2009.09.08 07:48:05.959,5.9513,5.9533,1.00,3.20
2009.09.08 07:48:06.299,5.9514,5.9533,1.00,2.40
2009.09.08 07:48:06.689,5.9518,5.9536,1.00,2.40
2009.09.08 07:48:07.019,5.9518,5.9539,1.00,1.00
2009.09.08 07:48:08.338,5.952,5.95405,1.00,1.60
2009.09.08 07:48:08.678,5.9518,5.9537,1.00,2.40
2009.09.08 07:48:09.038,5.952,5.95405,1.00,1.60
2009.09.08 07:48:09.379,5.9522,5.95405,1.00,1.60
2009.09.08 07:48:09.668,5.9522,5.9543,1.00,1.00
2009.09.08 07:48:10.348,5.9524,5.9542,1.00,1.60
2009.09.08 07:48:10.678,5.9524,5.9544,1.00,2.40
2009.09.08 07:48:11.068,5.9522,5.95425,1.00,2.40
2009.09.08 07:48:11.398,5.952,5.9541,1.00,1.00
2009.09.08 07:48:11.798,5.9521,5.9541,1.00,3.20
2009.09.08 07:48:12.158,5.9519,5.9538,1.00,4.00
2009.09.08 07:48:12.498,5.9516,5.9537,1.00,1.00
2009.09.08 07:48:13.131,5.9514,5.9535,1.00,1.00
2009.09.08 07:48:13.367,5.9518,5.9537,1.00,3.20
2009.09.08 07:48:13.637,5.952,5.9539,1.00,1.00
2009.09.08 07:48:13.857,5.952,5.954,1.00,2.40
2009.09.08 07:48:14.647,5.9518,5.9539,1.00,1.00
2009.09.08 07:48:15.337,5.952,5.954,1.00,2.40
2009.09.08 07:48:15.686,5.9518,5.9539,1.00,1.00
2009.09.08 07:48:16.086,5.9518,5.953,1.00,1.00
2009.09.08 07:48:16.766,5.952,5.953,1.00,1.00
2009.09.08 07:48:17.116,5.9518,5.953,1.00,1.00
2009.09.08 07:48:19.046,5.9516,5.953,1.00,1.00
2009.09.08 07:48:20.525,5.9521,5.953,1.00,1.00
2009.09.08 07:48:20.868,5.9519,5.953,1.00,1.00
2009.09.08 07:48:21.575,5.9513,5.9526,1.00,1.00
2009.09.08 07:48:22.785,5.9508,5.95215,1.00,1.00
2009.09.08 07:48:23.145,5.9508,5.9522,1.00,1.00
2009.09.08 07:48:23.495,5.951,5.9525,1.00,1.00
2009.09.08 07:48:23.715,5.9508,5.9525,1.00,1.00
2009.09.08 07:48:24.115,5.9508,5.9518,1.00,1.00
2009.09.08 07:48:24.405,5.9501,5.9518,1.00,1.00
2009.09.08 07:48:24.974,5.9503,5.9518,1.00,1.00
2009.09.08 07:48:25.374,5.9505,5.9522,1.00,1.00
2009.09.08 07:48:25.714,5.95,5.9522,1.00,1.00
2009.09.08 07:48:26.054,5.9504,5.95285,1.00,3.20
2009.09.08 07:48:26.404,5.9504,5.9528,1.00,3.20
2009.09.08 07:48:26.814,5.9504,5.95285,1.00,3.20
2009.09.08 07:48:27.514,5.9504,5.9528,1.00,3.20
2009.09.08 07:48:27.854,5.9504,5.9529,1.00,4.00
2009.09.08 07:48:28.184,5.9505,5.953,1.00,3.20
2009.09.08 07:48:28.524,5.9504,5.95295,1.00,3.20
2009.09.08 07:48:29.423,5.9504,5.9529,1.00,3.20
2009.09.08 07:48:30.023,5.95,5.9528,1.00,1.00
2009.09.08 07:48:30.253,5.95,5.9527,1.00,6.40
2009.09.08 07:48:31.793,5.95,5.95245,1.00,3.20
2009.09.08 07:48:32.342,5.95,5.9525,1.00,3.20
2009.09.08 07:48:33.502,5.9504,5.9525,1.00,3.20
2009.09.08 07:48:33.862,5.9504,5.9529,1.00,3.20
2009.09.08 07:48:34.562,5.9504,5.953,1.00,6.40
2009.09.08 07:48:37.001,5.9508,5.9529,1.00,2.40
2009.09.08 07:48:37.331,5.951,5.95315,1.00,3.20
2009.09.08 07:48:37.671,5.9512,5.95335,1.00,3.20
2009.09.08 07:48:38.731,5.9514,5.9536,1.00,4.00
2009.09.08 07:48:38.901,5.9514,5.9536,1.00,2.40
2009.09.08 07:48:39.071,5.9514,5.95365,1.00,3.20
2009.09.08 07:48:39.401,5.9514,5.95385,1.00,3.20
2009.09.08 07:48:39.631,5.9516,5.95385,1.00,3.20
2009.09.08 07:48:39.971,5.9514,5.9538,1.00,3.20
2009.09.08 07:48:40.311,5.9516,5.9538,1.00,3.20
2009.09.08 07:48:40.671,5.9512,5.9538,1.00,1.00
2009.09.08 07:48:41.021,5.9514,5.95375,1.00,3.20
2009.09.08 07:48:41.991,5.9516,5.95375,1.00,3.20
2009.09.08 07:48:42.340,5.9512,5.9536,1.00,6.40
2009.09.08 07:48:42.720,5.9514,5.9537,1.00,3.20
2009.09.08 07:48:44.180,5.9516,5.95385,1.00,3.20
2009.09.08 07:48:44.459,5.9515,5.95385,1.00,3.20
2009.09.08 07:48:45.089,5.9516,5.9539,1.00,3.20
2009.09.08 07:48:45.679,5.9514,5.95395,1.00,3.20
2009.09.08 07:48:46.019,5.9514,5.9538,1.00,1.00
2009.09.08 07:48:46.349,5.9518,5.95385,1.00,3.20
2009.09.08 07:48:46.689,5.9518,5.95405,1.00,3.20
2009.09.08 07:48:47.039,5.952,5.95405,1.00,3.20
2009.09.08 07:48:47.339,5.9514,5.9538,1.00,1.00
2009.09.08 07:48:47.579,5.9516,5.954,1.00,2.40
2009.09.08 07:48:47.849,5.9518,5.9536,1.00,3.20
2009.09.08 07:48:48.409,5.9516,5.9536,1.00,3.20
2009.09.08 07:48:48.749,5.9518,5.9536,1.00,3.20
2009.09.08 07:48:49.099,5.9518,5.9536,1.00,3.20
2009.09.08 07:48:49.499,5.9518,5.95415,1.00,3.20
2009.09.08 07:48:50.188,5.9518,5.95395,1.00,3.20
2009.09.08 07:48:50.518,5.9516,5.95395,1.00,3.20
2009.09.08 07:48:50.918,5.9516,5.95385,1.00,3.20
2009.09.08 07:48:51.258,5.9516,5.95395,1.00,3.20
2009.09.08 07:48:52.408,5.952,5.954,1.00,2.40
2009.09.08 07:48:52.738,5.9518,5.954,1.00,2.40
2009.09.08 07:48:53.377,5.9518,5.95415,1.00,3.20
2009.09.08 07:48:54.107,5.9518,5.95405,1.00,3.20
2009.09.08 07:48:54.907,5.952,5.95405,1.00,3.20
2009.09.08 07:48:55.257,5.952,5.95415,1.00,3.20
2009.09.08 07:48:55.947,5.952,5.95425,1.00,3.20
2009.09.08 07:48:57.236,5.9518,5.95425,1.00,3.20
2009.09.08 07:48:58.536,5.9518,5.95405,1.00,3.20
2009.09.08 07:48:59.176,5.952,5.95405,1.00,3.20
2009.09.08 07:48:59.636,5.9516,5.95395,1.00,3.20
2009.09.08 07:49:00.377,5.9518,5.95395,1.00,3.20
2009.09.08 07:49:00.676,5.952,5.9536,1.00,1.00
2009.09.08 07:49:01.826,5.952,5.9536,1.00,1.00
2009.09.08 07:49:02.236,5.9519,5.95345,1.00,1.00
2009.09.08 07:49:02.535,5.9519,5.9534,1.00,1.00
2009.09.08 07:49:03.245,5.9516,5.9534,1.00,1.00
2009.09.08 07:49:03.595,5.9519,5.9534,1.00,1.00
2009.09.08 07:49:03.985,5.9517,5.9534,1.00,1.00
2009.09.08 07:49:04.285,5.9516,5.9534,1.00,1.00
2009.09.08 07:49:04.695,5.9516,5.953,1.00,1.00
2009.09.08 07:49:05.045,5.9516,5.9532,1.00,1.00
2009.09.08 07:49:05.385,5.9514,5.9532,1.00,1.00
2009.09.08 07:49:05.735,5.9512,5.953,1.00,1.00
2009.09.08 07:49:06.255,5.9515,5.953,1.00,1.00
2009.09.08 07:49:06.614,5.9517,5.953,1.00,1.00
2009.09.08 07:49:06.964,5.9517,5.9534,1.00,1.00
2009.09.08 07:49:07.304,5.9519,5.95355,1.00,1.00
2009.09.08 07:49:07.634,5.9519,5.9535,1.00,1.00
2009.09.08 07:49:08.374,5.9521,5.95335,1.00,1.60
2009.09.08 07:49:08.724,5.9515,5.95305,1.00,1.00
2009.09.08 07:49:09.064,5.9506,5.9522,1.00,1.00
2009.09.08 07:49:09.793,5.9508,5.95265,1.00,1.20
2009.09.08 07:49:10.133,5.9508,5.9524,1.00,1.20
2009.09.08 07:49:10.463,5.9507,5.9525,1.00,2.40
2009.09.08 07:49:11.053,5.9512,5.953,1.00,2.80
2009.09.08 07:49:12.173,5.9512,5.953,1.00,1.60
2009.09.08 07:49:12.523,5.9512,5.9525,1.00,1.00
2009.09.08 07:49:12.863,5.9508,5.952,1.00,1.00
2009.09.08 07:49:13.263,5.9509,5.952,1.00,1.00
2009.09.08 07:49:14.003,5.9508,5.952,1.00,1.00
2009.09.08 07:49:15.353,5.9511,5.9526,1.00,3.20
2009.09.08 07:49:16.412,5.9512,5.9526,1.00,3.20
2009.09.08 07:49:17.372,5.951,5.9525,1.00,1.00
2009.09.08 07:49:18.171,5.9511,5.9526,1.00,3.20
2009.09.08 07:49:19.911,5.9515,5.9529,1.00,2.40
2009.09.08 07:49:20.271,5.9515,5.9528,1.00,1.00
2009.09.08 07:49:20.621,5.9507,5.9523,1.00,1.00
2009.09.08 07:49:20.961,5.9513,5.9528,1.00,6.40
2009.09.08 07:49:21.311,5.9508,5.9526,1.00,1.00
2009.09.08 07:49:22.321,5.9512,5.9528,1.00,1.00
2009.09.08 07:49:22.901,5.9513,5.9526,1.00,1.00
2009.09.08 07:49:23.170,5.9511,5.9526,1.00,1.00
2009.09.08 07:49:23.411,5.9511,5.9526,1.00,3.20
2009.09.08 07:49:24.101,5.9511,5.9524,1.00,1.00
2009.09.08 07:49:24.450,5.9511,5.9526,1.00,2.40
2009.09.08 07:49:24.800,5.9511,5.9524,1.00,1.00
2009.09.08 07:49:25.820,5.9513,5.9528,1.00,2.40
2009.09.08 07:49:26.180,5.9515,5.9528,1.00,2.40
2009.09.08 07:49:26.469,5.9515,5.953,1.00,2.40
2009.09.08 07:49:26.860,5.9515,5.9528,1.00,1.00
2009.09.08 07:49:27.199,5.9514,5.953,1.00,3.20
2009.09.08 07:49:27.879,5.9514,5.953,1.00,2.40
2009.09.08 07:49:28.269,5.9515,5.953,1.00,2.40
2009.09.08 07:49:28.899,5.9515,5.953,1.00,3.20
2009.09.08 07:49:32.778,5.9522,5.9531,1.00,2.40
2009.09.08 07:49:33.128,5.9521,5.9532,1.00,2.40
2009.09.08 07:49:35.308,5.9522,5.9532,1.00,2.40
2009.09.08 07:49:35.648,5.9524,5.9532,1.00,2.40
2009.09.08 07:49:35.987,5.9524,5.9535,1.00,2.40
2009.09.08 07:49:36.397,5.9524,5.9535,1.00,2.50
2009.09.08 07:49:37.087,5.9522,5.9535,1.00,2.50
2009.09.08 07:49:37.437,5.9522,5.9531,1.00,1.00
2009.09.08 07:49:37.787,5.9522,5.9532,1.00,1.00
2009.09.08 07:49:38.137,5.9517,5.95325,1.00,1.60
2009.09.08 07:49:38.837,5.9517,5.9528,1.00,1.00
2009.09.08 07:49:39.356,5.9517,5.9527,1.00,1.00
2009.09.08 07:49:41.316,5.9519,5.9527,1.00,1.00
2009.09.08 07:49:41.606,5.9521,5.9527,1.00,1.00
2009.09.08 07:49:42.236,5.9519,5.9527,1.00,1.00
2009.09.08 07:49:42.566,5.9521,5.9527,1.00,1.00
2009.09.08 07:49:42.866,5.9517,5.9527,1.00,1.00
2009.09.08 07:49:43.156,5.9521,5.9527,1.00,1.00
2009.09.08 07:49:45.155,5.9525,5.9527,1.00,1.00
2009.09.08 07:49:45.505,5.9524,5.9527,1.00,1.00
2009.09.08 07:49:46.575,5.9525,5.9527,1.00,1.00
2009.09.08 07:49:47.975,5.9521,5.9527,1.00,1.00
2009.09.08 07:49:50.464,5.9521,5.9532,1.00,1.00
2009.09.08 07:49:50.804,5.9521,5.9535,1.00,1.00
2009.09.08 07:49:51.153,5.9521,5.9532,1.00,1.00
2009.09.08 07:49:52.063,5.9525,5.9532,1.00,1.00
2009.09.08 07:49:52.533,5.9523,5.9532,1.00,1.00
2009.09.08 07:49:52.693,5.9523,5.9535,1.00,1.00
2009.09.08 07:49:52.863,5.9523,5.9532,1.00,1.00
2009.09.08 07:49:53.023,5.9523,5.9537,1.00,1.00
2009.09.08 07:49:53.653,5.9525,5.9537,1.00,1.00
2009.09.08 07:49:54.053,5.9527,5.9535,1.00,1.00
2009.09.08 07:49:54.733,5.9529,5.9535,1.00,1.00
2009.09.08 07:49:55.113,5.953,5.9535,1.00,1.00
2009.09.08 07:49:55.792,5.9529,5.9535,1.00,1.00
2009.09.08 07:49:56.472,5.9525,5.9535,1.00,1.00
2009.09.08 07:49:58.692,5.9521,5.9535,1.00,1.00
2009.09.08 07:49:59.032,5.9523,5.9535,1.00,1.00
2009.09.08 07:49:59.372,5.9523,5.9537,1.00,1.00
2009.09.08 07:50:00.212,5.9521,5.9532,1.00,1.00
2009.09.08 07:50:00.952,5.9526,5.9532,1.00,1.00
2009.09.08 07:50:01.301,5.9526,5.9536,1.00,1.00
2009.09.08 07:50:01.641,5.9526,5.954,1.00,1.00
2009.09.08 07:50:01.991,5.9528,5.954,1.00,1.00
2009.09.08 07:50:03.141,5.9522,5.9537,1.00,1.00
2009.09.08 07:50:03.361,5.9521,5.9537,1.00,3.20
2009.09.08 07:50:03.711,5.9521,5.9536,1.00,1.00
2009.09.08 07:50:04.710,5.9521,5.9535,1.00,1.00
2009.09.08 07:50:05.121,5.9523,5.9532,1.00,1.00
2009.09.08 07:50:05.450,5.9523,5.954,1.00,2.40
2009.09.08 07:50:05.790,5.9529,5.9544,1.00,1.00
2009.09.08 07:50:06.190,5.9522,5.9538,1.00,1.00
2009.09.08 07:50:08.250,5.9524,5.954,1.00,1.00
2009.09.08 07:50:08.650,5.9524,5.9541,1.00,4.00
2009.09.08 07:50:08.830,5.9526,5.9541,1.00,1.60
2009.09.08 07:50:08.999,5.9524,5.954,1.00,1.00
2009.09.08 07:50:09.229,5.9526,5.954,1.00,2.40
2009.09.08 07:50:09.989,5.9526,5.9542,1.00,3.20
2009.09.08 07:50:10.719,5.9524,5.954,1.00,1.00
2009.09.08 07:50:12.099,5.9524,5.9536,1.00,1.00
2009.09.08 07:50:12.449,5.9528,5.9536,1.00,1.00
2009.09.08 07:50:13.878,5.9526,5.954,1.00,2.50
2009.09.08 07:50:14.228,5.9528,5.954,1.00,1.00
2009.09.08 07:50:15.228,5.9526,5.9536,1.00,1.00
2009.09.08 07:50:15.628,5.9526,5.9539,1.00,1.00
2009.09.08 07:50:16.667,5.9528,5.9543,1.00,1.00
2009.09.08 07:50:17.008,5.9532,5.9543,1.00,1.00
2009.09.08 07:50:19.067,5.9534,5.9543,1.00,1.00
2009.09.08 07:50:19.417,5.9536,5.9543,1.00,1.00
2009.09.08 07:50:19.877,5.9534,5.9543,1.00,1.00
2009.09.08 07:50:20.227,5.953,5.9543,1.00,1.00
2009.09.08 07:50:20.617,5.9532,5.9543,1.00,1.00
2009.09.08 07:50:21.646,5.953,5.9543,1.00,1.00
2009.09.08 07:50:22.336,5.9532,5.9543,1.00,1.00
2009.09.08 07:50:22.726,5.953,5.9543,1.00,1.00
2009.09.08 07:50:23.066,5.9528,5.9543,1.00,1.00
2009.09.08 07:50:24.456,5.9528,5.9539,1.00,1.00
2009.09.08 07:50:26.955,5.9525,5.9539,1.00,1.00
2009.09.08 07:50:27.595,5.9523,5.9539,1.00,1.00
2009.09.08 07:50:27.985,5.9525,5.9539,1.00,1.00
2009.09.08 07:50:28.315,5.9523,5.9538,1.00,3.20
2009.09.08 07:50:29.025,5.9525,5.9538,1.00,2.40
2009.09.08 07:50:29.364,5.9525,5.9539,1.00,2.50
2009.09.08 07:50:30.254,5.9525,5.9539,1.00,3.30
2009.09.08 07:50:30.954,5.9528,5.9539,1.00,1.00
2009.09.08 07:50:31.964,5.9526,5.9539,1.00,1.00
2009.09.08 07:50:32.304,5.9524,5.9539,1.00,1.00
2009.09.08 07:50:32.644,5.9523,5.9539,1.00,1.00
2009.09.08 07:50:35.823,5.9523,5.9539,1.00,1.00
2009.09.08 07:50:36.543,5.9523,5.95335,1.00,1.60
2009.09.08 07:50:38.042,5.9523,5.95355,1.00,1.60
2009.09.08 07:50:38.512,5.9523,5.95335,1.00,1.60
2009.09.08 07:50:39.252,5.9523,5.95325,1.00,1.60
2009.09.08 07:50:39.602,5.9523,5.95305,1.00,1.60
2009.09.08 07:50:39.932,5.9523,5.95325,1.00,1.60
2009.09.08 07:50:40.332,5.9523,5.95335,1.00,1.60
2009.09.08 07:50:40.682,5.9523,5.95365,1.00,1.60
2009.09.08 07:50:41.362,5.9523,5.9537,1.00,1.00
2009.09.08 07:50:41.762,5.9523,5.95355,1.00,1.60
2009.09.08 07:50:42.102,5.9523,5.95345,1.00,1.60
2009.09.08 07:50:42.731,5.9523,5.95335,1.00,1.00
2009.09.08 07:50:43.491,5.9523,5.9535,1.00,1.00
2009.09.08 07:50:43.831,5.9519,5.9535,1.00,1.00
2009.09.08 07:50:44.571,5.9516,5.9535,1.00,1.00
2009.09.08 07:50:44.901,5.9516,5.9526,1.00,1.00
2009.09.08 07:50:45.231,5.9521,5.9533,1.00,1.00
2009.09.08 07:50:45.621,5.9525,5.95395,1.00,1.00
2009.09.08 07:50:45.960,5.9496,5.95355,1.00,3.20
2009.09.08 07:50:46.310,5.9494,5.9525,2.40,1.00
2009.09.08 07:50:46.760,5.9494,5.9525,1.60,1.00
2009.09.08 07:50:47.110,5.9498,5.9525,1.00,1.00
2009.09.08 07:50:47.460,5.9495,5.95195,1.00,1.00
2009.09.08 07:50:47.870,5.9493,5.95195,1.00,1.00
2009.09.08 07:50:48.570,5.951,5.9535,1.00,1.00
2009.09.08 07:50:50.010,5.951,5.9533,1.00,1.00
2009.09.08 07:50:50.309,5.9514,5.9533,1.00,1.00
2009.09.08 07:50:52.349,5.9517,5.9533,1.00,1.00
2009.09.08 07:50:52.579,5.9513,5.9533,1.00,1.00
2009.09.08 07:50:52.859,5.9511,5.95285,1.00,1.00
2009.09.08 07:50:53.549,5.9517,5.95285,1.00,1.00
2009.09.08 07:50:53.848,5.9514,5.95285,1.00,1.00
2009.09.08 07:50:54.189,5.9515,5.95285,1.00,1.00
2009.09.08 07:50:55.878,5.9515,5.9531,1.00,1.00
2009.09.08 07:50:56.288,5.9502,5.95215,2.40,1.00
2009.09.08 07:50:56.458,5.9495,5.95215,1.00,1.00
2009.09.08 07:50:56.698,5.9493,5.95215,3.20,1.00
2009.09.08 07:50:56.988,5.9493,5.95215,5.60,1.00
2009.09.08 07:50:57.278,5.94935,5.95215,1.60,1.00
2009.09.08 07:50:58.037,5.9493,5.95195,1.00,1.00
2009.09.08 07:50:58.727,5.9493,5.952,1.00,1.00
2009.09.08 07:50:59.007,5.9491,5.952,2.40,1.00
2009.09.08 07:50:59.298,5.9492,5.95155,2.40,1.00
2009.09.08 07:50:59.477,5.9489,5.95155,1.00,1.00
2009.09.08 07:51:00.057,5.9503,5.9524,1.00,3.20
2009.09.08 07:51:00.347,5.9487,5.9515,1.00,1.00
2009.09.08 07:51:02.437,5.9491,5.9517,1.00,1.00
2009.09.08 07:51:03.576,5.9493,5.9517,1.00,1.00
2009.09.08 07:51:03.916,5.9493,5.95195,1.00,1.00
2009.09.08 07:51:04.656,5.9491,5.9517,1.00,1.00
2009.09.08 07:51:05.796,5.9501,5.95245,1.00,1.00
2009.09.08 07:51:07.495,5.9503,5.95225,1.00,1.00
2009.09.08 07:51:09.115,5.9503,5.9531,1.00,4.00
2009.09.08 07:51:09.455,5.9503,5.95305,1.00,3.20
2009.09.08 07:51:09.815,5.9503,5.953,1.00,4.00
2009.09.08 07:51:12.274,5.9503,5.953,1.00,1.00
2009.09.08 07:51:13.554,5.9503,5.953,1.00,4.00
2009.09.08 07:51:14.913,5.9503,5.953,1.00,1.00
2009.09.08 07:51:16.613,5.9501,5.9528,1.00,1.00
2009.09.08 07:51:17.183,5.9501,5.9527,1.00,1.00
2009.09.08 07:51:17.523,5.9501,5.9527,1.00,1.00
2009.09.08 07:51:17.873,5.9499,5.9524,1.00,1.00
2009.09.08 07:51:20.592,5.9499,5.95175,1.00,1.00
2009.09.08 07:51:22.192,5.9501,5.95175,1.00,1.00
2009.09.08 07:51:22.422,5.9503,5.95175,1.00,1.00
2009.09.08 07:51:22.542,5.9501,5.95175,1.00,1.00
2009.09.08 07:51:22.942,5.9503,5.95175,1.00,1.00
2009.09.08 07:51:23.971,5.9501,5.95175,1.00,1.00
2009.09.08 07:51:24.321,5.9503,5.9531,1.00,1.00
2009.09.08 07:51:31.670,5.9505,5.953,1.00,1.00
2009.09.08 07:51:32.069,5.9505,5.9529,1.00,1.00
2009.09.08 07:51:32.419,5.9507,5.9531,1.00,1.00
2009.09.08 07:51:33.109,5.9505,5.9529,1.00,1.00
2009.09.08 07:51:33.779,5.9496,5.9527,1.00,1.00
2009.09.08 07:51:34.349,5.9495,5.9525,1.00,1.00
2009.09.08 07:51:34.629,5.9497,5.9526,1.00,1.00
2009.09.08 07:51:34.899,5.9493,5.9521,1.00,1.00
2009.09.08 07:51:35.299,5.9497,5.9524,1.00,1.00
2009.09.08 07:51:35.979,5.9498,5.9522,1.00,1.00
2009.09.08 07:51:36.318,5.9498,5.9521,1.00,1.00
2009.09.08 07:51:37.008,5.9497,5.952,1.00,1.00
2009.09.08 07:51:37.408,5.9495,5.9518,1.00,1.00
2009.09.08 07:51:37.768,5.948,5.9515,1.00,1.00
2009.09.08 07:51:38.058,5.948,5.9514,1.00,3.20
2009.09.08 07:51:38.448,5.948,5.95135,1.00,3.20
2009.09.08 07:51:38.798,5.9482,5.9513,1.00,1.00
2009.09.08 07:51:39.138,5.948,5.9509,1.00,1.00
2009.09.08 07:51:39.488,5.9484,5.95115,1.00,3.20
2009.09.08 07:51:39.838,5.9484,5.9512,1.00,1.00
2009.09.08 07:51:40.197,5.9482,5.9509,1.00,1.00
2009.09.08 07:51:42.867,5.9484,5.9511,1.00,4.00
2009.09.08 07:51:43.286,5.9482,5.9509,1.00,1.00
2009.09.08 07:51:43.976,5.9485,5.95255,1.00,3.20
2009.09.08 07:51:44.326,5.9487,5.9532,3.20,3.20
2009.09.08 07:51:44.707,5.9491,5.95355,3.20,5.60
2009.09.08 07:51:45.056,5.94925,5.9535,3.20,5.60
2009.09.08 07:51:45.396,5.94925,5.9535,3.20,3.20
2009.09.08 07:51:46.036,5.9491,5.9534,3.20,3.20
2009.09.08 07:51:46.386,5.9491,5.95335,3.20,3.20
2009.09.08 07:51:46.686,5.94905,5.9533,3.20,3.20
2009.09.08 07:51:47.076,5.94895,5.9532,3.20,3.20
2009.09.08 07:51:47.646,5.94885,5.953,3.20,3.20
2009.09.08 07:51:47.756,5.94875,5.95285,3.20,3.20
2009.09.08 07:51:47.985,5.9488,5.95295,3.20,3.20
2009.09.08 07:51:48.345,5.9488,5.9529,3.20,3.20
2009.09.08 07:51:48.935,5.94875,5.9529,3.20,3.20
2009.09.08 07:51:49.285,5.94875,5.95285,3.20,3.20
2009.09.08 07:51:50.035,5.9489,5.953,1.00,3.20
2009.09.08 07:51:50.735,5.9485,5.95265,4.00,3.20
2009.09.08 07:51:51.075,5.9485,5.9526,4.00,3.20
2009.09.08 07:51:51.465,5.9487,5.95265,1.00,3.20
2009.09.08 07:51:51.795,5.9487,5.9526,1.00,3.20
2009.09.08 07:51:52.154,5.9487,5.95255,1.00,3.20
2009.09.08 07:51:52.485,5.9487,5.9525,1.00,3.20
2009.09.08 07:51:52.845,5.9487,5.95245,1.00,3.20
2009.09.08 07:51:53.014,5.9487,5.9524,1.00,3.20
2009.09.08 07:51:53.584,5.9487,5.95235,1.00,3.20
2009.09.08 07:51:53.944,5.9487,5.9523,1.00,3.20
2009.09.08 07:51:54.564,5.9487,5.9522,1.00,3.20
2009.09.08 07:51:55.244,5.9485,5.95205,1.00,3.20
2009.09.08 07:51:55.594,5.9484,5.95205,1.00,3.20
2009.09.08 07:51:55.944,5.9487,5.95205,1.00,3.20
2009.09.08 07:51:56.303,5.9487,5.9521,1.00,3.20
2009.09.08 07:51:56.644,5.9487,5.95215,1.00,3.20
2009.09.08 07:51:56.983,5.9486,5.95165,1.00,3.20
2009.09.08 07:51:57.373,5.9488,5.95175,1.00,3.20
2009.09.08 07:51:58.503,5.9488,5.9517,1.00,3.20
2009.09.08 07:51:58.863,5.9488,5.95165,1.00,3.20
2009.09.08 07:51:59.203,5.9488,5.9516,1.00,3.20
2009.09.08 07:52:00.542,5.9488,5.95165,1.00,3.20
2009.09.08 07:52:00.882,5.9487,5.9505,1.00,3.20
2009.09.08 07:52:01.243,5.9486,5.9511,1.00,1.00
2009.09.08 07:52:03.192,5.9483,5.9507,1.00,4.00
2009.09.08 07:52:03.772,5.9481,5.95035,1.00,1.60
2009.09.08 07:52:04.012,5.9483,5.95065,1.00,3.20
2009.09.08 07:52:04.312,5.9483,5.9507,1.00,5.60
2009.09.08 07:52:04.532,5.9483,5.9506,1.00,1.00
2009.09.08 07:52:05.161,5.9483,5.9505,1.00,1.00
2009.09.08 07:52:06.341,5.9482,5.9498,1.00,1.00
2009.09.08 07:52:07.291,5.9481,5.9498,1.00,1.00
2009.09.08 07:52:07.631,5.948,5.9498,1.00,1.00
2009.09.08 07:52:08.271,5.9481,5.9498,1.00,1.00
2009.09.08 07:52:09.550,5.948,5.9498,1.00,1.00
2009.09.08 07:52:09.830,5.9481,5.9498,1.00,1.00
2009.09.08 07:52:10.800,5.9483,5.9498,1.00,1.00
2009.09.08 07:52:11.150,5.948,5.9498,1.00,1.00
2009.09.08 07:52:11.500,5.9479,5.9498,1.00,1.00
2009.09.08 07:52:12.140,5.9473,5.9496,1.00,1.00
2009.09.08 07:52:14.479,5.9475,5.9497,1.00,3.20
2009.09.08 07:52:14.819,5.9478,5.9497,1.00,2.40
2009.09.08 07:52:15.169,5.9478,5.95065,1.00,3.20
2009.09.08 07:52:15.809,5.9478,5.9506,1.00,4.00
2009.09.08 07:52:16.089,5.9478,5.9505,1.00,1.00
2009.09.08 07:52:17.078,5.9478,5.9498,1.00,3.20
2009.09.08 07:52:17.428,5.9478,5.9506,1.00,1.00
2009.09.08 07:52:17.759,5.9477,5.9506,1.00,1.00
2009.09.08 07:52:17.938,5.9483,5.9506,1.00,1.00
2009.09.08 07:52:18.048,5.9487,5.95085,1.00,1.60
2009.09.08 07:52:18.228,5.9484,5.9508,1.00,1.00
2009.09.08 07:52:18.518,5.9487,5.951,1.00,1.60
2009.09.08 07:52:18.868,5.9484,5.9507,1.00,1.00
2009.09.08 07:52:19.568,5.9483,5.9506,1.00,1.00
2009.09.08 07:52:20.278,5.9482,5.9506,1.00,1.00
2009.09.08 07:52:20.658,5.9485,5.9509,1.00,1.00
2009.09.08 07:52:21.008,5.948,5.95075,1.00,3.20
2009.09.08 07:52:21.398,5.9478,5.9506,1.00,1.00
2009.09.08 07:52:21.737,5.948,5.9508,1.00,1.00
2009.09.08 07:52:22.087,5.948,5.9506,1.00,1.00
2009.09.08 07:52:22.427,5.9479,5.9506,1.00,1.00
2009.09.08 07:52:22.767,5.9479,5.95025,1.00,3.20
2009.09.08 07:52:23.057,5.9479,5.9508,1.00,1.00
2009.09.08 07:52:23.857,5.9477,5.9506,1.00,1.00
2009.09.08 07:52:24.037,5.9477,5.9505,1.00,1.00
2009.09.08 07:52:24.257,5.9477,5.9504,1.00,1.00
2009.09.08 07:52:24.877,5.9477,5.95005,1.00,3.20
2009.09.08 07:52:25.217,5.9473,5.9497,1.00,1.00
2009.09.08 07:52:27.906,5.9474,5.9498,1.00,1.00
2009.09.08 07:52:28.966,5.9474,5.9497,1.00,1.00
2009.09.08 07:52:29.616,5.9472,5.9495,1.00,1.60
2009.09.08 07:52:29.955,5.9472,5.9495,1.00,4.00
2009.09.08 07:52:30.315,5.9474,5.9496,1.00,2.40
2009.09.08 07:52:30.875,5.9474,5.9496,1.00,3.20
2009.09.08 07:52:31.266,5.9472,5.9495,1.00,1.00
2009.09.08 07:52:31.665,5.9472,5.9494,1.00,1.00
2009.09.08 07:52:32.375,5.947,5.9492,1.00,1.00
2009.09.08 07:52:33.684,5.9466,5.9488,1.00,1.00
2009.09.08 07:52:36.084,5.9464,5.9487,1.00,1.00
2009.09.08 07:52:36.304,5.9464,5.9486,1.00,1.00
2009.09.08 07:52:36.484,5.9462,5.9484,1.00,1.00
2009.09.08 07:52:36.844,5.9461,5.9484,1.00,1.60
2009.09.08 07:52:40.163,5.9461,5.94835,1.00,1.60
2009.09.08 07:52:40.513,5.9461,5.9481,1.00,1.00
2009.09.08 07:52:40.853,5.9461,5.9484,1.00,4.00
2009.09.08 07:52:41.203,5.9457,5.9479,1.00,1.00
2009.09.08 07:52:43.642,5.9455,5.9477,1.00,1.00
2009.09.08 07:52:44.442,5.9455,5.9478,1.00,1.60
2009.09.08 07:52:45.312,5.9457,5.9479,1.00,2.40
2009.09.08 07:52:45.662,5.9459,5.9482,1.00,1.60
2009.09.08 07:52:46.022,5.9459,5.9481,1.00,1.00
2009.09.08 07:52:47.851,5.9461,5.9483,1.00,2.40
2009.09.08 07:52:48.141,5.9459,5.9482,1.00,1.00
2009.09.08 07:52:48.481,5.9459,5.9482,1.00,1.60
2009.09.08 07:52:48.841,5.946,5.9482,1.00,1.00
2009.09.08 07:52:50.111,5.946,5.9479,1.00,2.40
2009.09.08 07:52:50.500,5.9457,5.948,1.00,1.00
2009.09.08 07:52:51.001,5.9458,5.9481,1.00,1.00
2009.09.08 07:52:51.170,5.9458,5.9479,1.00,2.40
2009.09.08 07:52:51.330,5.946,5.9479,1.00,2.40
2009.09.08 07:52:51.500,5.946,5.9482,1.00,1.00
2009.09.08 07:52:51.840,5.946,5.9481,1.00,1.00
2009.09.08 07:52:52.180,5.9458,5.9479,1.00,3.20
2009.09.08 07:52:53.450,5.9456,5.9479,1.00,1.60
2009.09.08 07:52:53.800,5.9464,5.94815,1.00,3.20
2009.09.08 07:52:54.149,5.946,5.9483,1.00,2.40
2009.09.08 07:52:55.079,5.946,5.9481,1.00,1.00
2009.09.08 07:52:56.129,5.9462,5.9483,1.00,2.40
2009.09.08 07:52:57.149,5.9462,5.9483,1.00,2.40
2009.09.08 07:52:57.499,5.9464,5.9486,1.00,1.00
2009.09.08 07:52:57.829,5.9464,5.9487,1.00,3.20
2009.09.08 07:52:58.239,5.9466,5.9487,1.00,2.40
2009.09.08 07:53:00.028,5.947,5.9491,1.00,2.40
2009.09.08 07:53:01.008,5.9474,5.9491,1.00,2.40
2009.09.08 07:53:02.988,5.9476,5.9494,1.00,2.40
2009.09.08 07:53:03.287,5.9469,5.9489,1.00,1.00
2009.09.08 07:53:08.536,5.9466,5.9487,1.00,2.40
2009.09.08 07:53:08.876,5.9465,5.9487,1.00,2.40
2009.09.08 07:53:10.366,5.9464,5.9486,1.00,1.00
2009.09.08 07:53:11.516,5.9464,5.9481,1.00,1.00
2009.09.08 07:53:11.865,5.9462,5.9481,1.00,2.40
2009.09.08 07:53:12.195,5.9462,5.9483,1.00,2.40
2009.09.08 07:53:13.575,5.9461,5.9483,1.00,2.40
2009.09.08 07:53:14.195,5.9461,5.9484,1.00,1.60
2009.09.08 07:53:14.535,5.9461,5.9483,1.00,2.40
2009.09.08 07:53:14.885,5.9461,5.9481,1.00,1.00
2009.09.08 07:53:15.234,5.9455,5.9478,1.00,1.00
2009.09.08 07:53:15.584,5.9454,5.9477,1.00,1.00
2009.09.08 07:53:15.925,5.9458,5.9476,1.00,2.40
2009.09.08 07:53:16.264,5.946,5.94815,1.00,3.20
2009.09.08 07:53:16.614,5.946,5.9481,1.00,3.20
2009.09.08 07:53:16.914,5.9458,5.9481,1.00,2.40
2009.09.08 07:53:17.264,5.946,5.9481,1.00,2.40
2009.09.08 07:53:17.614,5.946,5.948,1.00,2.40
2009.09.08 07:53:18.304,5.9458,5.948,1.00,3.20
2009.09.08 07:53:18.424,5.9458,5.9478,1.00,2.40
2009.09.08 07:53:19.374,5.9455,5.9478,1.00,3.20
2009.09.08 07:53:19.724,5.9455,5.9476,1.00,2.40
2009.09.08 07:53:21.003,5.9455,5.9476,1.00,3.20
2009.09.08 07:53:21.323,5.9455,5.9474,1.00,2.40
2009.09.08 07:53:21.613,5.9455,5.9476,1.00,3.20
2009.09.08 07:53:21.903,5.9453,5.9473,1.00,1.00
2009.09.08 07:53:22.693,5.9455,5.9476,1.00,1.00
2009.09.08 07:53:23.033,5.9455,5.9476,1.00,3.20
2009.09.08 07:53:25.572,5.9458,5.9476,1.00,2.40
2009.09.08 07:53:25.692,5.9458,5.9478,1.00,3.20
2009.09.08 07:53:25.932,5.9455,5.9476,1.00,1.00
2009.09.08 07:53:26.212,5.9458,5.9476,1.00,2.40
2009.09.08 07:53:26.432,5.9458,5.9478,1.00,1.00
2009.09.08 07:53:26.792,5.9455,5.9476,1.00,1.00
2009.09.08 07:53:27.632,5.9458,5.94765,1.00,1.60
2009.09.08 07:53:27.811,5.9458,5.9478,1.00,3.20
2009.09.08 07:53:27.922,5.9455,5.9476,1.00,1.00
2009.09.08 07:53:28.092,5.9458,5.9478,1.00,1.00
2009.09.08 07:53:28.441,5.9455,5.9476,1.00,1.00
2009.09.08 07:53:28.621,5.9455,5.9476,1.00,3.20
2009.09.08 07:53:30.141,5.9462,5.9476,1.00,2.40
2009.09.08 07:53:30.531,5.9462,5.9481,1.00,2.40
2009.09.08 07:53:31.521,5.946,5.948,1.00,1.00
2009.09.08 07:53:31.910,5.946,5.948,1.00,3.20
2009.09.08 07:53:37.349,5.9456,5.9478,1.00,1.00
2009.09.08 07:53:37.979,5.9458,5.9478,1.00,1.00
2009.09.08 07:53:38.269,5.9458,5.9475,1.00,1.00
2009.09.08 07:53:38.609,5.9455,5.9475,1.00,1.00
2009.09.08 07:53:39.849,5.9455,5.9473,1.00,1.00
2009.09.08 07:53:40.119,5.9455,5.9475,1.00,1.00
2009.09.08 07:53:40.468,5.9455,5.9475,1.70,1.00
2009.09.08 07:53:40.809,5.9455,5.9475,1.00,1.00
2009.09.08 07:53:41.208,5.9458,5.9478,1.00,3.20
2009.09.08 07:53:41.608,5.9458,5.9475,1.00,1.00
2009.09.08 07:53:41.958,5.9458,5.9474,1.00,1.00
2009.09.08 07:53:44.387,5.946,5.9474,1.00,1.00
2009.09.08 07:53:45.077,5.946,5.948,1.00,3.20
2009.09.08 07:53:55.466,5.9462,5.9478,1.00,1.00
2009.09.08 07:53:55.805,5.946,5.9478,1.00,1.00
2009.09.08 07:53:56.155,5.946,5.948,1.00,3.20
2009.09.08 07:54:01.753,5.9456,5.9478,1.00,1.00
2009.09.08 07:54:02.943,5.9458,5.94765,1.00,1.00
2009.09.08 07:54:03.683,5.9456,5.9476,1.00,3.20
2009.09.08 07:54:04.023,5.9456,5.9474,1.00,3.20
2009.09.08 07:54:04.362,5.9456,5.9479,1.00,1.00
2009.09.08 07:54:04.643,5.9456,5.9476,1.00,1.00
2009.09.08 07:54:04.922,5.9458,5.9476,1.00,2.40
2009.09.08 07:54:05.212,5.9458,5.9474,1.00,1.00
2009.09.08 07:54:05.552,5.9457,5.9474,1.00,1.00
2009.09.08 07:54:06.822,5.9459,5.9474,1.00,1.00
2009.09.08 07:54:07.152,5.9461,5.9474,1.00,1.00
2009.09.08 07:54:08.092,5.9459,5.9478,1.00,1.00
2009.09.08 07:54:08.442,5.9459,5.9474,1.00,1.00
2009.09.08 07:54:08.792,5.9457,5.9474,1.00,1.00
2009.09.08 07:54:09.141,5.9459,5.9479,1.00,1.00
2009.09.08 07:54:09.481,5.9457,5.9477,1.00,1.00
2009.09.08 07:54:09.831,5.9459,5.9479,1.00,1.00
2009.09.08 07:54:10.531,5.9459,5.9473,1.00,1.00
2009.09.08 07:54:11.181,5.9459,5.9479,1.00,1.00
2009.09.08 07:54:12.141,5.9458,5.9479,1.00,1.00
2009.09.08 07:54:14.780,5.9463,5.948,1.00,2.40
2009.09.08 07:54:15.070,5.9465,5.9479,1.00,1.00
2009.09.08 07:54:15.360,5.9465,5.9481,1.00,1.00
2009.09.08 07:54:19.279,5.9467,5.9481,1.00,1.00
2009.09.08 07:54:20.429,5.9465,5.9481,1.00,1.00
2009.09.08 07:54:21.099,5.9467,5.9481,1.00,1.00
2009.09.08 07:54:21.323,5.9469,5.9481,1.00,1.00
2009.09.08 07:54:21.828,5.9468,5.9481,1.00,1.00
2009.09.08 07:54:22.539,5.9467,5.9481,1.00,1.00
2009.09.08 07:54:22.888,5.9465,5.9481,1.00,1.00
2009.09.08 07:54:23.178,5.9463,5.9481,1.00,1.00
2009.09.08 07:54:23.338,5.9465,5.9481,1.00,1.00
2009.09.08 07:54:23.748,5.9463,5.9481,1.00,1.00
2009.09.08 07:54:24.938,5.9466,5.9481,1.00,1.00
2009.09.08 07:54:25.288,5.9464,5.9481,1.00,1.00
2009.09.08 07:54:27.317,5.9466,5.9481,1.00,1.00
2009.09.08 07:54:27.547,5.9465,5.9481,1.00,1.00
2009.09.08 07:54:30.027,5.9466,5.9481,1.00,1.00
2009.09.08 07:54:33.186,5.9462,5.9481,1.00,1.00
2009.09.08 07:54:33.296,5.9466,5.9481,1.00,1.00
2009.09.08 07:54:34.376,5.9465,5.9481,1.00,1.00
2009.09.08 07:54:34.726,5.9464,5.9481,1.00,1.00
2009.09.08 07:54:35.945,5.9465,5.9481,1.00,1.00
2009.09.08 07:54:43.803,5.9465,5.9481,1.00,1.00
2009.09.08 07:54:44.653,5.9467,5.9481,1.00,1.00
2009.09.08 07:54:44.983,5.9465,5.9481,1.00,1.00
2009.09.08 07:54:45.623,5.9464,5.9481,1.00,1.00
2009.09.08 07:54:48.242,5.9473,5.9481,1.00,1.00
2009.09.08 07:54:48.472,5.9464,5.9481,1.00,1.00
2009.09.08 07:54:49.942,5.9465,5.9481,1.00,1.00
2009.09.08 07:54:52.471,5.9462,5.9483,1.00,3.20
2009.09.08 07:54:52.591,5.9463,5.9481,1.00,1.00
2009.09.08 07:54:53.341,5.9471,5.9481,1.00,1.00
2009.09.08 07:54:53.521,5.9465,5.9481,1.00,1.00
2009.09.08 07:54:53.631,5.9465,5.94825,1.00,3.20
2009.09.08 07:54:54.271,5.9467,5.9488,1.00,2.40
2009.09.08 07:54:54.611,5.9467,5.9481,1.00,1.00
2009.09.08 07:54:54.781,5.9467,5.9488,1.00,2.40
2009.09.08 07:54:56.040,5.9467,5.9488,1.00,3.20
2009.09.08 07:54:56.730,5.9467,5.9488,1.00,1.00
2009.09.08 07:54:57.720,5.9469,5.949,1.00,1.00
2009.09.08 07:54:58.120,5.9467,5.9487,1.00,1.00
2009.09.08 07:55:00.049,5.9467,5.9488,1.00,2.40
2009.09.08 07:55:00.339,5.9467,5.9487,1.00,1.00
2009.09.08 07:55:01.669,5.9467,5.9479,1.00,1.00
2009.09.08 07:55:03.179,5.9469,5.9479,1.00,1.00
2009.09.08 07:55:03.748,5.9477,5.9479,1.00,1.00
2009.09.08 07:55:04.318,5.9467,5.9479,1.00,1.00
2009.09.08 07:55:06.318,5.9477,5.9479,1.00,1.00
2009.09.08 07:55:06.658,5.9465,5.9479,1.00,1.00
2009.09.08 07:55:07.008,5.9468,5.9479,1.00,1.00
2009.09.08 07:55:07.977,5.9472,5.9479,1.00,1.00
2009.09.08 07:55:08.547,5.9468,5.9479,1.00,1.00
2009.09.08 07:55:08.887,5.9472,5.9479,1.00,1.00
2009.09.08 07:55:10.337,5.947,5.9479,1.00,1.00
2009.09.08 07:55:10.517,5.9469,5.9479,1.00,1.00
2009.09.08 07:55:11.767,5.9471,5.9483,1.00,1.00
2009.09.08 07:55:12.747,5.9471,5.9491,1.00,3.20
2009.09.08 07:55:12.866,5.9473,5.9491,1.00,2.40
2009.09.08 07:55:13.036,5.9473,5.9492,1.00,2.40
2009.09.08 07:55:13.426,5.9471,5.9491,1.00,1.00
2009.09.08 07:55:13.716,5.9471,5.9491,1.00,3.20
2009.09.08 07:55:14.406,5.9475,5.9493,1.00,2.40
2009.09.08 07:55:15.866,5.9473,5.9493,1.00,3.20
2009.09.08 07:55:16.265,5.9473,5.9493,1.00,2.40
2009.09.08 07:55:16.565,5.9477,5.9496,1.00,2.40
2009.09.08 07:55:17.645,5.9477,5.9493,1.00,1.00
2009.09.08 07:55:17.985,5.94905,5.9493,3.20,1.00
2009.09.08 07:55:18.225,5.94905,5.9507,3.20,2.40
2009.09.08 07:55:18.405,5.9489,5.9511,1.00,4.00
2009.09.08 07:55:19.395,5.9491,5.9509,1.00,4.00
2009.09.08 07:55:20.064,5.9491,5.95075,1.00,1.60
2009.09.08 07:55:20.654,5.9491,5.9505,1.00,1.00
2009.09.08 07:55:23.674,5.9489,5.9505,1.00,1.00
2009.09.08 07:55:23.964,5.9489,5.9502,1.00,2.40
2009.09.08 07:55:24.643,5.9491,5.9502,1.00,2.40
2009.09.08 07:55:24.813,5.9491,5.9504,1.00,2.40
2009.09.08 07:55:25.033,5.9491,5.9502,1.00,2.40
2009.09.08 07:55:25.213,5.9489,5.9505,1.00,1.00
2009.09.08 07:55:25.733,5.9495,5.9505,1.00,1.00
2009.09.08 07:55:26.813,5.9493,5.9505,1.00,1.00
2009.09.08 07:55:27.733,5.9489,5.9505,1.00,2.50
2009.09.08 07:55:28.073,5.9489,5.95045,1.00,1.60
2009.09.08 07:55:28.482,5.9493,5.9505,1.00,1.60
2009.09.08 07:55:28.822,5.9489,5.9504,1.00,1.00
2009.09.08 07:55:29.172,5.9489,5.9502,1.00,2.40
2009.09.08 07:55:29.512,5.9489,5.9502,1.00,2.40
2009.09.08 07:55:29.802,5.9491,5.9504,1.00,2.40
2009.09.08 07:55:30.092,5.9491,5.9505,1.00,1.00
2009.09.08 07:55:30.322,5.9491,5.9508,1.00,1.00
2009.09.08 07:55:30.612,5.9493,5.9508,1.00,1.00
2009.09.08 07:55:31.312,5.9495,5.9508,1.00,1.00
2009.09.08 07:55:31.652,5.9495,5.9508,1.00,2.50
2009.09.08 07:55:32.052,5.949,5.9501,1.00,1.00
2009.09.08 07:55:32.401,5.9475,5.9501,1.00,1.00
2009.09.08 07:55:33.551,5.9482,5.9505,1.00,1.00
2009.09.08 07:55:36.331,5.9482,5.9505,1.00,1.60
2009.09.08 07:55:36.621,5.9486,5.9509,1.00,4.00
2009.09.08 07:55:36.910,5.9486,5.9509,1.00,1.60
2009.09.08 07:55:38.350,5.9484,5.9507,1.00,1.60
2009.09.08 07:55:39.850,5.948,5.9503,1.00,1.00
2009.09.08 07:55:40.599,5.9482,5.9505,1.00,1.00
2009.09.08 07:55:41.280,5.9488,5.9508,1.00,1.00
2009.09.08 07:55:41.630,5.9486,5.9505,1.00,1.00
2009.09.08 07:55:45.558,5.9489,5.9507,1.00,2.40
2009.09.08 07:55:45.918,5.9488,5.9508,1.00,3.20
2009.09.08 07:55:47.298,5.9486,5.9508,1.00,3.20
2009.09.08 07:55:47.568,5.9488,5.9508,1.00,3.20
2009.09.08 07:55:48.138,5.9488,5.951,1.00,1.00
2009.09.08 07:55:48.368,5.949,5.9508,1.00,3.20
2009.09.08 07:55:48.778,5.9488,5.9508,1.00,3.20
2009.09.08 07:55:49.137,5.9488,5.9508,1.00,1.00
2009.09.08 07:55:49.477,5.9486,5.9505,1.00,1.00
2009.09.08 07:55:50.287,5.9484,5.9503,1.00,1.00
2009.09.08 07:55:52.367,5.9486,5.9504,1.00,2.40
2009.09.08 07:55:52.717,5.9486,5.9505,1.00,1.00
2009.09.08 07:55:55.016,5.9484,5.9505,1.00,1.00
2009.09.08 07:55:55.186,5.9484,5.9503,1.00,1.00
2009.09.08 07:55:55.706,5.9482,5.9501,1.00,1.00
2009.09.08 07:55:58.795,5.9486,5.9504,1.00,2.40
2009.09.08 07:55:59.085,5.9484,5.9503,1.00,1.00
2009.09.08 07:55:59.845,5.9484,5.9504,1.00,1.00
2009.09.08 07:56:00.075,5.9484,5.9503,1.00,1.00
2009.09.08 07:56:00.725,5.9486,5.9505,1.00,1.00
2009.09.08 07:56:02.195,5.9482,5.9501,1.00,1.00
2009.09.08 07:56:02.724,5.9484,5.9503,1.00,1.00
2009.09.08 07:56:06.703,5.9484,5.9505,1.00,1.00
2009.09.08 07:56:07.053,5.9484,5.9503,1.00,1.00
2009.09.08 07:56:08.843,5.9486,5.9504,1.00,2.40
2009.09.08 07:56:08.903,5.9486,5.9505,1.00,1.00
2009.09.08 07:56:09.822,5.9482,5.9501,1.00,1.00
2009.09.08 07:56:10.152,5.9484,5.9503,1.00,1.00
2009.09.08 07:56:11.832,5.948,5.9499,1.00,1.00
2009.09.08 07:56:12.182,5.948,5.9501,1.00,1.00
2009.09.08 07:56:12.532,5.9476,5.9497,1.00,1.00
2009.09.08 07:56:12.882,5.948,5.9499,1.00,1.00
2009.09.08 07:56:13.232,5.9488,5.9504,1.00,3.20
2009.09.08 07:56:13.512,5.9486,5.9505,1.00,1.00
2009.09.08 07:56:13.842,5.9488,5.9508,1.00,1.00
2009.09.08 07:56:15.911,5.949,5.951,1.00,1.00
2009.09.08 07:56:16.311,5.949,5.951,1.00,3.20
2009.09.08 07:56:16.541,5.949,5.9508,1.00,1.00
2009.09.08 07:56:16.821,5.9488,5.9508,1.00,3.20
2009.09.08 07:56:17.940,5.9489,5.9508,1.00,3.20
2009.09.08 07:56:20.090,5.9485,5.9508,1.60,3.20
2009.09.08 07:56:20.380,5.9485,5.9506,1.00,1.00
2009.09.08 07:56:21.400,5.9489,5.9508,1.00,3.20
2009.09.08 07:56:21.740,5.9487,5.9506,1.00,1.00
2009.09.08 07:56:22.770,5.9489,5.9508,1.00,3.20
2009.09.08 07:56:23.659,5.9487,5.9506,1.00,1.00
2009.09.08 07:56:23.829,5.9485,5.9504,1.00,1.00
2009.09.08 07:56:23.999,5.9485,5.9504,1.00,3.20
2009.09.08 07:56:25.789,5.9487,5.9504,1.00,3.20
2009.09.08 07:56:26.128,5.9487,5.9504,1.00,2.40
2009.09.08 07:56:26.408,5.9484,5.9504,1.00,1.00
2009.09.08 07:56:26.738,5.9484,5.9504,1.00,3.20
2009.09.08 07:56:28.588,5.948,5.95,1.00,1.00
2009.09.08 07:56:28.918,5.9482,5.9502,1.00,1.00
2009.09.08 07:56:29.278,5.948,5.9502,1.00,1.00
2009.09.08 07:56:29.868,5.9477,5.95,1.00,1.00
2009.09.08 07:56:30.908,5.9484,5.9504,1.00,1.00
2009.09.08 07:56:32.217,5.9482,5.9502,1.00,1.00
2009.09.08 07:56:33.777,5.9482,5.9499,1.00,1.00
2009.09.08 07:56:39.905,5.9482,5.9502,1.00,1.00
2009.09.08 07:56:40.006,5.9482,5.9499,1.00,1.00
2009.09.08 07:56:40.065,5.9482,5.9498,1.00,1.00
2009.09.08 07:56:40.665,5.9478,5.9494,1.00,1.00
2009.09.08 07:56:42.485,5.9483,5.9498,1.00,1.00
2009.09.08 07:56:43.065,5.9483,5.9501,1.00,2.40
2009.09.08 07:56:43.414,5.9483,5.95005,1.00,1.60
2009.09.08 07:56:43.635,5.9478,5.9494,1.00,1.00
2009.09.08 07:56:43.974,5.948,5.9494,1.00,1.00
2009.09.08 07:56:44.204,5.948,5.95,1.00,3.20
2009.09.08 07:56:45.574,5.9483,5.9502,1.00,3.20
2009.09.08 07:56:48.173,5.9483,5.9498,1.00,1.00
2009.09.08 07:57:07.059,5.948,5.9498,1.00,1.00
2009.09.08 07:57:08.048,5.9485,5.9498,1.00,1.00
2009.09.08 07:57:08.318,5.9484,5.9498,1.00,1.00
2009.09.08 07:57:09.928,5.9486,5.9498,1.00,1.00
2009.09.08 07:57:10.978,5.9484,5.9498,1.00,1.00
2009.09.08 07:57:11.318,5.9484,5.9502,1.00,1.00
2009.09.08 07:57:11.658,5.948,5.95,1.00,1.00
2009.09.08 07:57:14.087,5.9478,5.9498,1.00,1.00
2009.09.08 07:57:14.437,5.9478,5.9498,1.00,3.20
2009.09.08 07:57:15.437,5.9478,5.9494,1.00,1.00
2009.09.08 07:57:22.505,5.948,5.9494,1.00,1.00
2009.09.08 07:57:23.085,5.9485,5.9494,1.00,1.00
2009.09.08 07:57:29.533,5.9485,5.9506,1.00,1.00
2009.09.08 07:57:30.265,5.9485,5.9496,1.00,1.00
2009.09.08 07:57:30.663,5.9485,5.9506,1.00,1.00
2009.09.08 07:57:46.709,5.9483,5.9502,1.00,1.00
2009.09.08 07:57:50.259,5.948,5.95,1.00,3.20
2009.09.08 07:57:52.528,5.9483,5.95,1.00,2.40
2009.09.08 07:57:52.888,5.9483,5.95,1.00,1.00
2009.09.08 07:57:53.228,5.948,5.95,1.00,3.20
2009.09.08 07:57:53.638,5.9478,5.9498,1.00,1.00
2009.09.08 07:57:54.148,5.9483,5.95,1.00,2.40
2009.09.08 07:57:54.367,5.9483,5.9502,1.00,1.00
2009.09.08 07:57:54.548,5.948,5.95,1.00,1.00
2009.09.08 07:57:54.777,5.948,5.95,1.00,3.20
2009.09.08 07:57:57.707,5.9483,5.95,1.00,2.40
2009.09.08 07:57:57.937,5.9483,5.9502,1.00,3.20
2009.09.08 07:57:59.216,5.948,5.9499,1.00,1.00
2009.09.08 07:58:01.125,5.948,5.95,1.00,3.20
2009.09.08 07:58:06.994,5.948,5.95,1.00,1.00
2009.09.08 07:58:07.294,5.948,5.95,1.00,3.20
2009.09.08 07:58:07.934,5.948,5.95,1.00,2.40
2009.09.08 07:58:09.324,5.948,5.9498,1.00,1.00
2009.09.08 07:58:10.373,5.948,5.95,1.00,2.40
2009.09.08 07:58:11.263,5.948,5.95,1.60,2.40
2009.09.08 07:58:11.603,5.9478,5.95,1.00,1.20
2009.09.08 07:58:11.893,5.948,5.9499,1.00,2.40
2009.09.08 07:58:12.233,5.948,5.9502,1.00,1.20
2009.09.08 07:58:14.673,5.948,5.95005,1.00,1.60
2009.09.08 07:58:14.733,5.9478,5.95,1.00,1.20
2009.09.08 07:58:14.852,5.9478,5.9498,1.00,2.40
2009.09.08 07:58:16.832,5.9478,5.9496,1.00,1.00
2009.09.08 07:58:17.122,5.9478,5.9498,1.00,2.40
2009.09.08 07:58:27.309,5.9476,5.9498,1.00,3.60
2009.09.08 07:58:27.669,5.9476,5.9496,1.00,2.40
2009.09.08 07:58:30.798,5.9474,5.94955,1.00,1.20
2009.09.08 07:58:31.079,5.9474,5.9492,1.00,1.00
2009.09.08 07:58:35.988,5.9476,5.9494,1.00,2.40
2009.09.08 07:58:36.267,5.9478,5.9496,1.00,1.00
2009.09.08 07:58:37.267,5.9476,5.9496,1.00,2.40
2009.09.08 07:58:38.487,5.9478,5.9496,1.00,2.40
2009.09.08 07:58:38.647,5.9478,5.9498,1.00,2.40
2009.09.08 07:58:39.637,5.9476,5.9498,1.00,3.60
2009.09.08 07:58:39.927,5.9476,5.9496,1.00,2.40
2009.09.08 07:58:40.616,5.9477,5.9496,1.00,2.40
2009.09.08 07:58:42.556,5.9479,5.9495,1.00,1.00
2009.09.08 07:58:45.395,5.9479,5.95,1.00,1.20
2009.09.08 07:58:45.795,5.9478,5.94995,1.00,1.20
2009.09.08 07:58:46.755,5.9478,5.94975,1.00,1.20
2009.09.08 07:58:46.984,5.9476,5.9496,1.00,2.40
2009.09.08 07:58:47.255,5.9477,5.9496,1.00,2.40
2009.09.08 07:58:47.824,5.9481,5.9499,1.00,2.40
2009.09.08 07:58:48.164,5.9483,5.9502,1.00,2.40
2009.09.08 07:58:52.333,5.948,5.9502,1.00,3.60
2009.09.08 07:58:52.513,5.948,5.95,1.00,2.40
2009.09.08 07:58:53.383,5.948,5.95,1.60,2.40
2009.09.08 07:58:53.723,5.9483,5.9502,1.00,2.40
2009.09.08 07:58:54.063,5.9479,5.95,1.00,1.20
2009.09.08 07:58:54.293,5.9479,5.9499,1.00,2.40
2009.09.08 07:58:54.803,5.9483,5.9499,1.00,2.40
2009.09.08 07:58:55.033,5.9481,5.9501,1.00,2.40
2009.09.08 07:58:55.712,5.9481,5.95,1.00,2.40
2009.09.08 07:59:00.472,5.9483,5.95,1.00,2.50
2009.09.08 07:59:00.651,5.9483,5.9502,1.00,2.40
2009.09.08 07:59:01.001,5.9481,5.95,1.00,2.40
2009.09.08 07:59:03.331,5.9483,5.95,1.00,2.40
2009.09.08 07:59:03.560,5.9483,5.9502,1.00,2.40
2009.09.08 07:59:05.080,5.9483,5.95,1.00,1.00
2009.09.08 07:59:06.290,5.9485,5.95,1.00,1.00
2009.09.08 07:59:06.530,5.9487,5.95,1.00,1.00
2009.09.08 07:59:08.280,5.9491,5.95,1.00,1.00
2009.09.08 07:59:08.629,5.9487,5.95,1.00,1.00
2009.09.08 07:59:08.899,5.9487,5.9504,1.00,1.00
2009.09.08 07:59:09.019,5.9488,5.9504,1.00,1.00
2009.09.08 07:59:09.659,5.9489,5.9511,1.00,1.20
2009.09.08 07:59:09.999,5.9489,5.9508,1.00,2.40
2009.09.08 07:59:10.359,5.9487,5.9508,1.00,2.40
2009.09.08 07:59:10.709,5.9487,5.9507,1.00,2.40
2009.09.08 07:59:11.979,5.9488,5.9507,1.00,2.40
2009.09.08 07:59:12.539,5.9488,5.9504,1.00,1.00
2009.09.08 07:59:13.618,5.9485,5.9504,1.00,2.40
2009.09.08 07:59:13.788,5.9487,5.9504,1.00,2.40
2009.09.08 07:59:13.968,5.9487,5.9506,1.00,2.40
2009.09.08 07:59:15.258,5.9486,5.9506,1.00,2.40
2009.09.08 07:59:16.158,5.9485,5.9506,1.00,2.40
2009.09.08 07:59:16.497,5.9485,5.9504,1.00,2.40
2009.09.08 07:59:16.888,5.9483,5.9504,1.00,2.40
2009.09.08 07:59:17.217,5.9483,5.95045,1.00,1.60
2009.09.08 07:59:17.567,5.9484,5.95045,1.00,1.60
2009.09.08 07:59:17.897,5.9484,5.9501,1.00,1.00
2009.09.08 07:59:18.237,5.9486,5.9501,1.00,1.00
2009.09.08 07:59:18.577,5.9488,5.9506,1.00,2.40
2009.09.08 07:59:19.147,5.9488,5.9509,1.00,1.60
2009.09.08 07:59:19.377,5.9488,5.9505,1.00,1.00
2009.09.08 07:59:20.137,5.9495,5.9509,1.00,1.60
2009.09.08 07:59:20.306,5.9495,5.9511,1.00,2.40
2009.09.08 07:59:27.245,5.9497,5.9511,1.00,2.40
2009.09.08 07:59:27.645,5.9497,5.9518,1.00,2.40
2009.09.08 07:59:28.005,5.9498,5.9518,1.00,2.40
2009.09.08 07:59:28.645,5.95,5.9518,1.00,2.40
2009.09.08 07:59:30.005,5.9497,5.9518,1.00,2.40
2009.09.08 07:59:30.334,5.9498,5.9521,1.00,3.20
2009.09.08 07:59:31.044,5.9498,5.9521,1.00,2.40
2009.09.08 07:59:31.384,5.9499,5.952,1.00,2.40
2009.09.08 07:59:32.704,5.95,5.952,1.00,2.40
2009.09.08 07:59:33.233,5.95,5.9519,1.00,2.40
2009.09.08 07:59:33.403,5.95,5.9524,1.00,2.40
2009.09.08 07:59:36.973,5.9503,5.9525,1.00,2.40
2009.09.08 07:59:38.152,5.9505,5.9525,1.00,2.40
2009.09.08 07:59:39.512,5.9506,5.9525,1.00,2.40
2009.09.08 07:59:44.301,5.9511,5.9525,1.00,2.40
2009.09.08 07:59:44.531,5.9511,5.9538,1.00,2.40
2009.09.08 07:59:44.641,5.9512,5.9538,1.00,2.40
2009.09.08 07:59:44.991,5.95,5.95365,1.00,3.20
2009.09.08 07:59:45.391,5.9501,5.95365,1.00,3.20
2009.09.08 07:59:45.750,5.9502,5.9535,1.00,3.20
2009.09.08 07:59:46.100,5.95,5.9535,1.00,3.20
2009.09.08 07:59:46.501,5.95,5.9533,1.00,3.20
2009.09.08 07:59:51.099,5.9498,5.95325,1.00,3.20
2009.09.08 07:59:51.319,5.94995,5.95325,1.00,3.20
2009.09.08 07:59:52.849,5.94995,5.95305,1.00,3.20
2009.09.08 07:59:53.538,5.94995,5.9531,1.00,3.20
2009.09.08 07:59:53.988,5.94995,5.95315,1.00,3.20
2009.09.08 07:59:54.968,5.94995,5.95325,1.00,3.20
2009.09.08 07:59:56.088,5.9519,5.95325,1.00,3.20
2009.09.08 07:59:56.368,5.9519,5.9539,1.00,2.40
2009.09.08 07:59:57.758,5.95355,5.9568,1.00,4.00
2009.09.08 07:59:58.098,5.9534,5.9568,1.00,4.00
2009.09.08 07:59:58.457,5.9534,5.9572,1.00,2.40
2009.09.08 07:59:58.627,5.9536,5.9572,1.00,2.40
2009.09.08 07:59:59.488,5.9538,5.9565,1.00,2.40
2009.09.08 07:59:59.607,5.9538,5.95645,1.00,1.60
2009.09.08 07:59:59.887,5.95355,5.95645,1.00,1.60
