2009.09.03 01:00:20.884,6.0862,6.0909,1.20,1.00
2009.09.03 01:00:21.124,6.08605,6.0909,1.60,1.00
2009.09.03 01:00:21.354,6.0859,6.0909,2.40,1.00
2009.09.03 01:00:21.574,6.0858,6.0907,3.60,1.00
2009.09.03 01:00:38.230,6.0858,6.08985,2.40,1.60
2009.09.03 01:00:40.229,6.0858,6.0894,2.40,1.00
2009.09.03 01:00:41.019,6.0858,6.0892,2.40,1.00
2009.09.03 01:00:42.239,6.0858,6.0891,2.40,1.00
2009.09.03 01:00:42.899,6.0862,6.0895,2.40,1.00
2009.09.03 01:00:43.189,6.0862,6.0897,2.40,1.00
2009.09.03 01:00:43.729,6.08645,6.0899,1.60,1.00
2009.09.03 01:00:44.349,6.08645,6.0898,1.60,1.00
2009.09.03 01:00:47.048,6.08645,6.0901,1.60,1.00
2009.09.03 01:00:47.378,6.0869,6.0901,1.60,1.00
2009.09.03 01:00:47.768,6.0871,6.0909,1.00,1.00
2009.09.03 01:00:48.118,6.08775,6.0911,1.60,1.00
2009.09.03 01:00:48.468,6.08775,6.0913,1.60,1.00
2009.09.03 01:00:48.708,6.0878,6.0916,1.00,1.00
2009.09.03 01:00:48.988,6.0883,6.0918,2.40,1.00
2009.09.03 01:00:50.257,6.0883,6.0916,2.40,1.00
2009.09.03 01:00:50.557,6.088,6.0916,2.40,1.00
2009.09.03 01:00:50.847,6.088,6.0913,2.40,1.00
2009.09.03 01:00:53.786,6.088,6.0916,2.40,1.00
2009.09.03 01:00:54.076,6.0883,6.0916,2.40,1.00
2009.09.03 01:00:54.316,6.088,6.0913,2.40,1.00
2009.09.03 01:00:54.616,6.0882,6.0916,1.60,1.00
2009.09.03 01:00:54.966,6.0884,6.0916,2.40,1.00
2009.09.03 01:00:55.996,6.0879,6.0913,2.40,1.00
2009.09.03 01:01:06.833,6.0879,6.0909,2.40,1.00
2009.09.03 01:01:07.183,6.0875,6.0907,2.40,1.00
2009.09.03 01:01:08.113,6.0871,6.0905,2.40,1.00
2009.09.03 01:01:09.523,6.0868,6.0905,2.40,1.00
2009.09.03 01:01:09.853,6.0869,6.0905,1.60,1.00
2009.09.03 01:01:16.911,6.0869,6.0907,2.40,1.00
2009.09.03 01:01:32.877,6.08735,6.0907,1.60,1.00
2009.09.03 01:01:33.057,6.0875,6.0909,2.40,1.00
2009.09.03 01:01:38.036,6.0875,6.0903,2.40,1.00
2009.09.03 01:01:38.426,6.0872,6.0901,2.40,1.00
2009.09.03 01:01:38.586,6.0867,6.0901,2.40,1.00
2009.09.03 01:01:38.756,6.08605,6.0898,1.60,1.00
2009.09.03 01:01:39.916,6.08605,6.0896,1.60,1.00
2009.09.03 01:01:41.005,6.0862,6.0898,2.40,1.00
2009.09.03 01:01:43.164,6.0865,6.0903,1.00,1.00
2009.09.03 01:01:43.554,6.08645,6.0896,1.60,1.00
2009.09.03 01:01:43.774,6.08645,6.0901,1.60,1.00
2009.09.03 01:01:44.054,6.08605,6.0898,1.60,1.00
2009.09.03 01:01:46.304,6.0861,6.0899,1.00,1.00
2009.09.03 01:01:46.823,6.08605,6.0897,1.60,1.00
2009.09.03 01:01:47.163,6.0862,6.0899,2.40,1.00
2009.09.03 01:01:47.523,6.0862,6.0897,2.40,1.00
2009.09.03 01:01:50.543,6.0862,6.0893,2.40,1.00
2009.09.03 01:01:50.703,6.0858,6.0893,2.40,1.00
2009.09.03 01:01:51.213,6.0858,6.0891,2.40,1.00
2009.09.03 01:01:51.563,6.0854,6.0891,2.40,1.00
2009.09.03 01:01:53.252,6.0854,6.0889,2.40,1.00
2009.09.03 01:01:53.902,6.0849,6.0884,2.40,1.00
2009.09.03 01:01:56.002,6.085,6.0884,2.40,1.00
2009.09.03 01:01:57.131,6.085,6.0887,2.40,1.00
2009.09.03 01:01:57.461,6.0849,6.0887,3.20,1.00
2009.09.03 01:01:58.911,6.0857,6.0889,2.40,1.00
2009.09.03 01:01:59.241,6.0853,6.0891,3.20,1.00
2009.09.03 01:01:59.581,6.0853,6.0889,2.40,1.00
2009.09.03 01:01:59.931,6.0849,6.0887,1.00,1.00
2009.09.03 01:02:02.290,6.0854,6.0887,2.40,1.00
2009.09.03 01:02:02.630,6.0854,6.0889,2.40,1.00
2009.09.03 01:02:05.060,6.0854,6.0891,2.40,1.00
2009.09.03 01:02:05.409,6.0854,6.0889,2.40,1.00
2009.09.03 01:02:06.209,6.0854,6.0891,2.40,1.00
2009.09.03 01:02:07.009,6.0854,6.0889,2.40,1.00
2009.09.03 01:02:14.127,6.0854,6.0891,2.40,1.00
2009.09.03 01:02:14.467,6.0858,6.0893,2.40,1.00
2009.09.03 01:02:19.446,6.0858,6.0895,2.40,1.00
2009.09.03 01:02:22.935,6.08605,6.0897,1.60,1.00
2009.09.03 01:02:23.275,6.0862,6.0897,2.40,1.00
2009.09.03 01:02:25.634,6.08715,6.0901,1.60,1.00
2009.09.03 01:02:25.924,6.08715,6.091,1.60,1.00
2009.09.03 01:02:26.154,6.08755,6.0912,1.60,1.00
2009.09.03 01:02:26.794,6.0878,6.0916,1.00,1.00
2009.09.03 01:02:27.134,6.0882,6.0916,1.60,1.00
2009.09.03 01:02:27.494,6.0884,6.0916,2.40,1.00
2009.09.03 01:02:27.844,6.088,6.0916,2.40,1.00
2009.09.03 01:02:28.554,6.0884,6.0916,2.40,1.00
2009.09.03 01:02:28.913,6.0884,6.0914,2.40,1.00
2009.09.03 01:02:29.304,6.0882,6.0916,1.60,1.00
2009.09.03 01:02:29.523,6.0884,6.0916,2.40,1.00
2009.09.03 01:02:29.693,6.088,6.0914,2.40,1.00
2009.09.03 01:02:32.263,6.0876,6.0912,2.40,1.00
2009.09.03 01:02:39.051,6.0876,6.091,2.40,1.00
2009.09.03 01:02:39.411,6.0875,6.091,2.40,1.00
2009.09.03 01:02:48.109,6.0875,6.0912,2.40,1.00
2009.09.03 01:02:55.747,6.0875,6.091,2.40,1.00
2009.09.03 01:02:57.827,6.0875,6.0908,2.40,1.00
2009.09.03 01:03:00.656,6.0875,6.0906,2.40,1.00
2009.09.03 01:03:01.066,6.0871,6.0906,2.40,1.00
2009.09.03 01:03:08.164,6.0866,6.0901,2.40,1.00
2009.09.03 01:03:08.524,6.0862,6.0897,2.40,1.00
2009.09.03 01:03:10.583,6.0862,6.0895,2.40,1.00
2009.09.03 01:03:14.832,6.0862,6.0897,2.40,1.00
2009.09.03 01:03:50.524,6.0862,6.0893,2.40,1.00
2009.09.03 01:03:50.764,6.0858,6.0893,2.40,1.00
2009.09.03 01:04:01.501,6.0858,6.0895,2.40,1.00
2009.09.03 01:04:07.500,6.0858,6.0893,2.40,1.00
2009.09.03 01:04:33.364,6.0858,6.0891,2.40,1.00
2009.09.03 01:04:56.118,6.08605,6.0895,1.60,1.00
2009.09.03 01:04:56.418,6.0862,6.0895,2.40,1.00
2009.09.03 01:04:56.649,6.0862,6.0897,2.40,1.00
2009.09.03 01:04:57.128,6.0862,6.0899,2.40,1.00
2009.09.03 01:04:58.517,6.0862,6.0897,2.40,1.00
2009.09.03 01:05:03.796,6.0862,6.0899,2.40,1.00
2009.09.03 01:05:09.685,6.0862,6.0897,2.40,1.00
2009.09.03 01:05:09.915,6.08645,6.0897,1.60,1.00
2009.09.03 01:05:10.215,6.08645,6.0899,1.60,1.00
2009.09.03 01:05:10.394,6.0866,6.0899,2.40,1.00
2009.09.03 01:05:11.704,6.0862,6.0899,2.40,1.00
2009.09.03 01:05:46.176,6.0862,6.0897,2.40,1.00
2009.09.03 01:05:53.034,6.0862,6.0899,2.40,1.00
2009.09.03 01:05:54.024,6.0866,6.0901,2.40,1.00
2009.09.03 01:05:54.324,6.0866,6.0899,2.40,1.00
2009.09.03 01:05:54.614,6.0867,6.0899,2.40,1.00
2009.09.03 01:06:01.182,6.0867,6.0901,2.40,1.00
2009.09.03 01:06:01.412,6.0867,6.0899,2.40,1.00
2009.09.03 01:06:01.642,6.0863,6.0899,2.40,1.00
2009.09.03 01:06:01.942,6.0863,6.0897,2.40,1.00
2009.09.03 01:06:02.182,6.0866,6.0899,2.40,1.00
2009.09.03 01:06:02.472,6.0862,6.0897,2.40,1.00
2009.09.03 01:06:02.822,6.0858,6.0895,2.40,1.00
2009.09.03 01:06:05.751,6.0858,6.0893,2.40,1.00
2009.09.03 01:06:13.759,6.0858,6.0891,2.40,1.00
2009.09.03 01:06:14.809,6.0854,6.0887,2.40,1.00
2009.09.03 01:06:14.969,6.0854,6.0889,2.40,1.00
2009.09.03 01:06:15.089,6.0854,6.0887,2.40,1.00
2009.09.03 01:06:18.248,6.0854,6.0889,2.40,1.00
2009.09.03 01:06:20.578,6.08565,6.0891,1.60,1.00
2009.09.03 01:06:20.848,6.0857,6.0891,2.40,1.00
2009.09.03 01:06:22.187,6.0857,6.0893,2.40,1.00
2009.09.03 01:06:22.537,6.0858,6.0891,2.40,1.00
2009.09.03 01:06:37.094,6.0858,6.0887,2.40,1.00
2009.09.03 01:06:37.274,6.0854,6.0887,2.40,1.00
2009.09.03 01:07:11.875,6.0854,6.0884,2.40,1.00
2009.09.03 01:07:12.235,6.085,6.0884,2.40,1.00
2009.09.03 01:07:12.915,6.085,6.0882,2.40,1.00
2009.09.03 01:07:43.198,6.0845,6.088,2.40,1.00
2009.09.03 01:07:43.528,6.0845,6.0878,2.40,1.00
2009.09.03 01:07:45.457,6.08475,6.0882,1.60,1.00
2009.09.03 01:07:45.817,6.0849,6.0882,2.40,1.00
2009.09.03 01:07:48.227,6.0845,6.088,2.40,1.00
2009.09.03 01:07:59.544,6.08475,6.0882,1.60,1.00
2009.09.03 01:07:59.784,6.0849,6.0882,2.40,1.00
2009.09.03 01:08:04.063,6.0852,6.0882,1.60,1.00
2009.09.03 01:08:04.183,6.0853,6.0887,2.40,1.00
2009.09.03 01:08:05.442,6.0853,6.0884,2.40,1.00
2009.09.03 01:08:05.783,6.0852,6.0884,1.60,1.00
2009.09.03 01:08:06.132,6.0853,6.0887,2.40,1.00
2009.09.03 01:08:25.218,6.0853,6.0889,2.40,1.00
2009.09.03 01:08:25.458,6.0853,6.0891,3.20,1.00
2009.09.03 01:08:26.308,6.08565,6.0893,1.60,1.00
2009.09.03 01:08:26.657,6.0858,6.0895,2.40,1.00
2009.09.03 01:08:28.057,6.0858,6.0893,2.40,1.00
2009.09.03 01:08:28.397,6.08605,6.0895,1.60,1.00
2009.09.03 01:08:28.737,6.0854,6.0891,2.40,1.00
2009.09.03 01:08:29.097,6.0854,6.0889,2.40,1.00
2009.09.03 01:08:29.277,6.085,6.0887,2.40,1.00
2009.09.03 01:08:29.507,6.0849,6.0887,1.00,1.00
2009.09.03 01:08:30.476,6.0853,6.0891,1.00,1.00
2009.09.03 01:08:30.816,6.0854,6.0891,2.40,1.00
2009.09.03 01:08:34.006,6.0854,6.0887,2.40,1.00
2009.09.03 01:08:34.365,6.0853,6.0891,3.20,1.00
2009.09.03 01:09:22.184,6.0858,6.0893,2.40,1.00
2009.09.03 01:09:22.414,6.0858,6.0895,2.40,1.00
2009.09.03 01:09:45.619,6.0862,6.0897,2.40,1.00
2009.09.03 01:09:45.919,6.0862,6.0899,2.40,1.00
2009.09.03 01:09:50.698,6.0862,6.0897,2.40,1.00
2009.09.03 01:09:51.228,6.0866,6.0899,2.40,1.00
2009.09.03 01:09:51.567,6.08645,6.0899,1.60,1.00
2009.09.03 01:09:58.106,6.08605,6.0897,1.60,1.00
2009.09.03 01:09:58.386,6.0862,6.0897,2.40,1.00
2009.09.03 01:10:03.125,6.0862,6.0899,2.40,1.00
2009.09.03 01:10:03.364,6.0866,6.0899,2.40,1.00
2009.09.03 01:10:04.004,6.0866,6.0901,2.40,1.00
2009.09.03 01:11:04.600,6.08645,6.0901,1.60,1.00
2009.09.03 01:11:42.551,6.08645,6.0899,1.60,1.00
2009.09.03 01:11:42.670,6.0867,6.0899,2.40,1.00
2009.09.03 01:11:43.131,6.0867,6.0897,2.40,1.00
2009.09.03 01:11:43.361,6.0862,6.0897,2.40,1.00
2009.09.03 01:11:44.320,6.0866,6.0899,2.40,1.00
2009.09.03 01:11:44.680,6.0862,6.0897,2.40,1.00
2009.09.03 01:11:45.600,6.08645,6.0897,1.60,1.00
2009.09.03 01:11:45.900,6.0866,6.0899,2.40,1.00
2009.09.03 01:11:55.187,6.0866,6.0901,2.40,1.00
2009.09.03 01:12:08.424,6.0869,6.0904,1.60,1.00
2009.09.03 01:12:08.774,6.087,6.0904,2.40,1.00
2009.09.03 01:12:29.139,6.087,6.0901,2.40,1.00
2009.09.03 01:12:29.419,6.0866,6.0901,2.40,1.00
2009.09.03 01:12:39.967,6.087,6.0904,2.40,1.00
2009.09.03 01:12:40.717,6.0871,6.0906,2.40,1.00
2009.09.03 01:12:41.506,6.0871,6.0904,2.40,1.00
2009.09.03 01:13:00.452,6.0871,6.0899,2.40,1.00
2009.09.03 01:13:00.922,6.0866,6.0899,2.40,1.00
2009.09.03 01:13:01.322,6.0867,6.0899,2.40,1.00
2009.09.03 01:13:03.871,6.0862,6.0895,2.40,1.00
2009.09.03 01:13:04.331,6.0862,6.0893,2.40,1.00
2009.09.03 01:13:04.451,6.0858,6.0893,2.40,1.00
2009.09.03 01:13:05.011,6.0858,6.0895,2.40,1.00
2009.09.03 01:13:10.640,6.08605,6.0897,1.60,1.00
2009.09.03 01:13:11.030,6.0862,6.0899,2.40,1.00
2009.09.03 01:13:12.849,6.0862,6.0897,2.40,1.00
2009.09.03 01:14:13.444,6.08605,6.0897,1.60,1.00
2009.09.03 01:14:33.959,6.0858,6.0895,2.40,1.00
2009.09.03 01:15:04.492,6.08715,6.0895,1.60,1.00
2009.09.03 01:15:04.662,6.08715,6.0903,1.60,1.00
2009.09.03 01:15:08.221,6.08735,6.0904,1.60,1.00
2009.09.03 01:15:59.189,6.08735,6.0901,1.60,1.60
2009.09.03 01:15:59.529,6.08735,6.0902,1.60,1.00
2009.09.03 01:15:59.819,6.08735,6.0904,1.60,1.00
2009.09.03 01:16:00.109,6.08735,6.0902,1.60,1.00
2009.09.03 01:16:00.409,6.08735,6.0901,1.60,1.60
2009.09.03 01:16:00.699,6.08695,6.09,1.60,1.00
2009.09.03 01:16:03.608,6.08695,6.08965,1.60,1.60
2009.09.03 01:16:08.117,6.08695,6.0895,1.60,1.00
2009.09.03 01:16:08.227,6.08695,6.08925,1.60,1.60
2009.09.03 01:16:08.637,6.08655,6.0893,1.60,1.00
2009.09.03 01:16:08.747,6.08655,6.0895,1.60,1.00
2009.09.03 01:16:11.356,6.08655,6.08925,1.60,1.60
2009.09.03 01:16:13.115,6.0847,6.08925,2.40,1.60
2009.09.03 01:16:14.275,6.0849,6.0888,2.40,1.00
2009.09.03 01:16:15.265,6.0849,6.0886,2.40,1.00
2009.09.03 01:16:15.845,6.0849,6.0884,2.40,1.00
2009.09.03 01:16:16.015,6.0849,6.0881,2.40,1.00
2009.09.03 01:16:16.195,6.0849,6.0879,2.40,1.00
2009.09.03 01:16:16.475,6.0845,6.0879,2.40,1.00
2009.09.03 01:16:16.825,6.0845,6.0881,2.40,1.00
2009.09.03 01:16:18.035,6.0845,6.088,2.40,1.00
2009.09.03 01:16:19.194,6.0845,6.0878,2.40,1.00
2009.09.03 01:16:19.544,6.0845,6.088,2.40,1.00
2009.09.03 01:16:21.943,6.0848,6.0882,2.40,1.00
2009.09.03 01:16:22.293,6.0848,6.0884,2.40,1.00
2009.09.03 01:16:22.953,6.0849,6.0884,2.40,1.00
2009.09.03 01:16:25.142,6.0849,6.0882,2.40,1.00
2009.09.03 01:16:25.363,6.0849,6.0884,2.40,1.00
2009.09.03 01:16:30.931,6.0849,6.0882,2.40,1.00
2009.09.03 01:16:37.880,6.0845,6.088,2.40,1.00
2009.09.03 01:16:43.178,6.0849,6.0882,2.40,1.00
2009.09.03 01:16:52.246,6.0849,6.0884,2.40,1.00
2009.09.03 01:16:53.596,6.0849,6.0882,2.40,1.00
2009.09.03 01:16:58.145,6.0849,6.0884,2.40,1.00
2009.09.03 01:17:09.392,6.0849,6.0882,2.40,1.00
2009.09.03 01:17:23.889,6.0845,6.0882,2.40,1.00
2009.09.03 01:17:27.547,6.0849,6.0884,2.40,1.00
2009.09.03 01:18:28.863,6.0849,6.0887,3.20,1.00
2009.09.03 01:18:29.183,6.0852,6.0887,1.60,1.00
2009.09.03 01:18:29.483,6.0853,6.0884,2.40,1.00
2009.09.03 01:18:29.773,6.085,6.0884,2.40,1.00
2009.09.03 01:18:46.818,6.0845,6.0882,2.40,1.00
2009.09.03 01:18:49.438,6.08475,6.0882,1.60,1.00
2009.09.03 01:18:49.678,6.0849,6.0882,2.40,1.00
2009.09.03 01:18:57.936,6.0849,6.0882,2.40,1.00
2009.09.03 01:19:11.643,6.0845,6.0878,2.40,1.00
2009.09.03 01:19:22.030,6.08475,6.088,1.60,1.00
2009.09.03 01:19:22.380,6.0848,6.0882,2.40,1.00
2009.09.03 01:19:22.780,6.0849,6.0882,2.40,1.00
2009.09.03 01:19:23.120,6.0849,6.0884,2.40,1.00
2009.09.03 01:19:23.800,6.0853,6.0887,2.40,1.00
2009.09.03 01:19:24.500,6.0853,6.0889,2.40,1.00
2009.09.03 01:19:24.839,6.0853,6.0891,1.00,1.00
2009.09.03 01:19:25.189,6.0852,6.0889,1.60,1.00
2009.09.03 01:19:25.469,6.0853,6.0891,1.00,1.00
2009.09.03 01:19:29.948,6.0852,6.0889,1.60,1.00
2009.09.03 01:19:30.518,6.0853,6.0891,1.00,1.00
2009.09.03 01:19:33.288,6.0852,6.0889,1.60,1.00
2009.09.03 01:19:39.226,6.0851,6.0889,1.00,1.00
2009.09.03 01:19:39.526,6.0849,6.0884,2.40,1.00
2009.09.03 01:19:39.866,6.0849,6.0887,3.20,1.00
2009.09.03 01:19:40.226,6.0849,6.0884,2.40,1.00
2009.09.03 01:19:42.115,6.0849,6.0887,3.20,1.00
2009.09.03 01:19:49.384,6.0849,6.0884,2.40,1.00
2009.09.03 01:19:49.923,6.0849,6.0887,3.20,1.00
2009.09.03 01:19:50.213,6.0849,6.0884,2.40,1.00
2009.09.03 01:19:52.343,6.0849,6.0882,2.40,1.00
2009.09.03 01:19:52.682,6.0849,6.0884,2.40,1.00
2009.09.03 01:19:53.382,6.0849,6.0882,2.40,1.00
2009.09.03 01:19:54.082,6.0849,6.0884,2.40,1.00
2009.09.03 01:20:04.490,6.0845,6.0882,2.40,1.00
2009.09.03 01:20:05.190,6.0845,6.088,2.40,1.00
2009.09.03 01:20:57.357,6.0845,6.0876,2.40,1.00
2009.09.03 01:20:57.767,6.0845,6.0874,2.40,1.00
2009.09.03 01:20:58.097,6.084,6.0874,2.40,1.00
2009.09.03 01:20:58.437,6.0841,6.0874,2.40,1.00
2009.09.03 01:20:58.787,6.0841,6.0876,2.40,1.00
2009.09.03 01:20:59.127,6.0844,6.0878,2.40,1.00
2009.09.03 01:20:59.476,6.084,6.0876,2.40,1.00
2009.09.03 01:21:01.706,6.084,6.0874,2.40,1.00
2009.09.03 01:21:01.986,6.0841,6.0874,2.40,1.00
2009.09.03 01:21:08.984,6.0841,6.0872,2.40,1.00
2009.09.03 01:21:09.264,6.0836,6.0872,2.40,1.00
2009.09.03 01:21:11.833,6.0836,6.0874,3.20,1.00
2009.09.03 01:21:17.192,6.0837,6.0869,2.40,1.00
2009.09.03 01:21:17.532,6.0839,6.0872,1.60,1.00
2009.09.03 01:21:17.882,6.0837,6.0869,2.40,1.00
2009.09.03 01:21:18.572,6.0836,6.0874,3.20,1.00
2009.09.03 01:21:18.902,6.0836,6.0872,2.40,1.00
2009.09.03 01:21:19.242,6.084,6.0876,2.40,1.00
2009.09.03 01:21:19.882,6.0836,6.0874,3.20,1.00
2009.09.03 01:21:21.381,6.0839,6.0876,1.60,1.00
2009.09.03 01:21:21.741,6.084,6.0876,2.40,1.00
2009.09.03 01:21:27.740,6.0841,6.0874,2.40,1.00
2009.09.03 01:21:33.728,6.0841,6.0876,2.40,1.00
2009.09.03 01:21:34.418,6.084,6.0878,3.20,1.00
2009.09.03 01:21:36.428,6.08435,6.088,1.60,1.00
2009.09.03 01:21:36.717,6.0844,6.088,2.40,1.00
2009.09.03 01:21:51.005,6.0841,6.0878,2.40,1.00
2009.09.03 01:21:57.463,6.08435,6.0878,1.60,1.00
2009.09.03 01:21:57.812,6.0844,6.088,2.40,1.00
2009.09.03 01:22:44.569,6.0826,6.0864,2.40,2.40
2009.09.03 01:22:53.426,6.08277,6.08647,2.40,2.40
2009.09.03 01:22:55.976,6.0828,6.0866,2.40,2.40
2009.09.03 01:23:03.017,6.0845,6.088,2.40,1.00
2009.09.03 01:23:17.334,6.0841,6.0874,2.40,1.00
2009.09.03 01:23:21.462,6.0836,6.0874,3.20,1.00
2009.09.03 01:23:21.693,6.0836,6.0872,2.40,1.00
2009.09.03 01:23:22.312,6.0836,6.0874,3.20,1.00
2009.09.03 01:23:41.558,6.0836,6.0872,2.40,1.00
2009.09.03 01:24:04.932,6.0839,6.0874,1.60,1.00
2009.09.03 01:24:05.102,6.084,6.0874,2.40,1.00
2009.09.03 01:24:10.131,6.084,6.0876,2.40,1.00
2009.09.03 01:24:12.620,6.08435,6.0878,1.60,1.00
2009.09.03 01:24:12.970,6.0844,6.0878,2.40,1.00
2009.09.03 01:24:25.727,6.08475,6.0882,1.60,1.00
2009.09.03 01:24:26.177,6.0848,6.0882,2.40,1.00
2009.09.03 01:24:31.726,6.0845,6.088,2.40,1.00
2009.09.03 01:25:22.203,6.08475,6.088,1.60,1.00
2009.09.03 01:25:22.383,6.08475,6.0882,1.60,1.00
2009.09.03 01:25:22.543,6.0849,6.0882,2.40,1.00
2009.09.03 01:26:08.372,6.08475,6.0882,1.60,1.00
2009.09.03 01:26:08.662,6.0849,6.0882,2.40,1.00
2009.09.03 01:26:15.601,6.0849,6.0884,2.40,1.00
2009.09.03 01:26:17.510,6.0849,6.0887,3.20,1.00
2009.09.03 01:26:17.860,6.0853,6.0889,2.40,1.00
2009.09.03 01:26:18.220,6.0854,6.0891,2.40,1.00
2009.09.03 01:26:18.570,6.0854,6.0889,2.40,1.00
2009.09.03 01:26:22.879,6.0854,6.0887,2.40,1.00
2009.09.03 01:26:23.468,6.0854,6.0889,2.40,1.00
2009.09.03 01:26:23.809,6.0853,6.0889,2.40,1.00
2009.09.03 01:26:38.095,6.0857,6.0891,2.40,1.00
2009.09.03 01:26:43.334,6.0853,6.0887,2.40,1.00
2009.09.03 01:26:43.684,6.0853,6.0884,2.40,1.00
2009.09.03 01:26:43.974,6.0849,6.0882,2.40,1.00
2009.09.03 01:26:44.304,6.08435,6.088,1.60,1.00
2009.09.03 01:26:44.874,6.0844,6.0882,1.00,1.00
2009.09.03 01:26:45.174,6.08435,6.088,1.60,1.00
2009.09.03 01:26:46.363,6.08475,6.0882,1.60,1.00
2009.09.03 01:26:46.593,6.0848,6.0882,2.40,1.00
2009.09.03 01:26:55.401,6.0845,6.0878,2.40,1.00
2009.09.03 01:26:55.741,6.0841,6.0878,2.40,1.00
2009.09.03 01:26:56.081,6.0839,6.0874,1.60,1.00
2009.09.03 01:26:59.990,6.0839,6.0876,1.60,1.00
2009.09.03 01:27:00.840,6.0839,6.0874,1.60,1.00
2009.09.03 01:27:01.690,6.0839,6.0876,1.60,1.00
2009.09.03 01:27:39.431,6.0839,6.0874,1.60,1.00
2009.09.03 01:27:42.860,6.0839,6.0876,1.60,1.00
2009.09.03 01:27:51.118,6.0841,6.0876,2.40,1.00
2009.09.03 01:28:03.715,6.08435,6.0878,1.60,1.00
2009.09.03 01:28:03.935,6.0844,6.0878,2.40,1.00
2009.09.03 01:28:42.825,6.0848,6.0882,2.40,1.00
2009.09.03 01:28:44.395,6.0849,6.0884,2.40,1.00
2009.09.03 01:28:49.804,6.0845,6.0882,2.40,1.00
2009.09.03 01:28:52.633,6.0848,6.0882,2.40,1.00
2009.09.03 01:28:53.273,6.0849,6.0887,1.00,1.00
2009.09.03 01:28:53.663,6.0852,6.0884,2.40,1.00
2009.09.03 01:28:54.013,6.0849,6.0884,2.40,1.00
2009.09.03 01:28:54.352,6.0849,6.0887,3.20,1.00
2009.09.03 01:28:56.802,6.0849,6.0884,2.40,1.00
2009.09.03 01:29:01.401,6.0849,6.0882,2.40,1.00
2009.09.03 01:29:01.461,6.08475,6.0882,1.60,1.00
2009.09.03 01:29:01.521,6.08475,6.0884,1.60,1.00
2009.09.03 01:29:01.681,6.0849,6.0884,2.40,1.00
2009.09.03 01:29:09.539,6.0846,6.0884,1.00,1.00
2009.09.03 01:29:09.769,6.0849,6.0884,2.40,1.00
2009.09.03 01:29:24.575,6.0849,6.0882,2.40,1.00
2009.09.03 01:29:24.925,6.0845,6.0882,2.40,1.00
2009.09.03 01:29:25.615,6.0845,6.088,2.40,1.00
2009.09.03 01:30:05.685,6.08475,6.088,1.60,1.00
2009.09.03 01:30:05.905,6.08475,6.0882,1.60,1.00
2009.09.03 01:30:06.125,6.0849,6.0882,2.40,1.00
2009.09.03 01:30:06.735,6.0852,6.0887,1.60,1.00
2009.09.03 01:30:07.075,6.0852,6.0889,1.60,1.00
2009.09.03 01:30:08.505,6.08565,6.0891,1.60,1.00
2009.09.03 01:30:08.855,6.08605,6.0895,1.60,1.00
2009.09.03 01:30:09.214,6.08645,6.0897,1.60,1.00
2009.09.03 01:30:09.595,6.08645,6.0901,1.60,1.00
2009.09.03 01:30:10.824,6.087,6.0904,2.40,1.00
2009.09.03 01:30:11.184,6.087,6.0906,2.40,1.00
2009.09.03 01:30:11.534,6.0871,6.0906,2.40,1.00
2009.09.03 01:30:12.044,6.0875,6.0908,2.40,1.00
2009.09.03 01:30:13.254,6.0879,6.0914,2.40,1.00
2009.09.03 01:30:14.474,6.0882,6.0916,1.60,1.00
2009.09.03 01:30:14.823,6.0883,6.0916,2.40,1.00
2009.09.03 01:30:17.972,6.088,6.0912,2.40,1.00
2009.09.03 01:30:18.372,6.0875,6.091,2.40,1.00
2009.09.03 01:30:18.712,6.0872,6.091,1.00,1.00
2009.09.03 01:30:19.742,6.0871,6.0908,2.40,1.00
2009.09.03 01:30:20.092,6.0868,6.0906,1.00,1.00
2009.09.03 01:30:22.241,6.0874,6.091,2.40,1.00
2009.09.03 01:30:22.521,6.0875,6.0908,2.40,1.00
2009.09.03 01:30:22.861,6.0875,6.091,2.40,1.00
2009.09.03 01:30:24.641,6.08775,6.0912,1.60,1.00
2009.09.03 01:30:24.981,6.0875,6.091,2.40,1.00
2009.09.03 01:30:27.450,6.0875,6.0908,2.40,1.00
2009.09.03 01:30:32.019,6.0875,6.0906,2.40,1.00
2009.09.03 01:30:32.299,6.087,6.0906,2.40,1.00
2009.09.03 01:30:32.529,6.087,6.0904,2.40,1.00
2009.09.03 01:30:32.879,6.0871,6.0904,2.40,1.00
2009.09.03 01:30:33.979,6.0867,6.0899,2.40,1.00
2009.09.03 01:30:36.578,6.0862,6.0897,2.40,1.00
2009.09.03 01:30:37.088,6.0858,6.0895,2.40,1.00
2009.09.03 01:30:39.167,6.0862,6.0897,2.40,1.00
2009.09.03 01:30:49.085,6.0862,6.0895,2.40,1.00
2009.09.03 01:30:57.043,6.0858,6.0891,2.40,1.00
2009.09.03 01:31:01.272,6.08605,6.0895,1.60,1.00
2009.09.03 01:31:01.572,6.0861,6.0895,2.40,1.00
2009.09.03 01:31:06.520,6.0861,6.0899,3.20,1.00
2009.09.03 01:31:06.641,6.0861,6.0897,2.40,1.00
2009.09.03 01:31:06.821,6.08645,6.0899,1.60,1.00
2009.09.03 01:31:07.001,6.0865,6.0899,2.40,1.00
2009.09.03 01:31:19.607,6.0865,6.0901,2.40,1.00
2009.09.03 01:31:19.847,6.0866,6.0901,2.40,1.00
2009.09.03 01:31:20.717,6.087,6.0904,2.40,1.00
2009.09.03 01:31:30.235,6.087,6.0899,2.40,1.00
2009.09.03 01:31:30.585,6.0867,6.0901,2.40,1.00
2009.09.03 01:31:30.925,6.0866,6.0901,2.40,1.00
2009.09.03 01:31:31.225,6.08645,6.0901,1.60,1.00
2009.09.03 01:31:43.422,6.0869,6.0904,1.60,1.00
2009.09.03 01:31:43.642,6.087,6.0904,2.40,1.00
2009.09.03 01:31:44.052,6.087,6.0901,2.40,1.00
2009.09.03 01:31:44.411,6.087,6.0904,2.40,1.00
2009.09.03 01:31:46.561,6.087,6.0906,2.40,1.00
2009.09.03 01:31:53.139,6.0869,6.0906,1.60,1.00
2009.09.03 01:31:53.489,6.087,6.0906,2.40,1.00
2009.09.03 01:31:56.579,6.08735,6.0906,1.60,1.00
2009.09.03 01:31:56.638,6.08735,6.0908,1.60,1.00
2009.09.03 01:31:56.749,6.0874,6.0908,2.40,1.00
2009.09.03 01:31:58.168,6.0874,6.091,2.40,1.00
2009.09.03 01:32:04.467,6.0875,6.091,2.40,1.00
2009.09.03 01:32:06.796,6.0871,6.0908,2.40,1.00
2009.09.03 01:32:07.386,6.0872,6.091,1.00,1.00
2009.09.03 01:32:07.786,6.0874,6.091,2.40,1.00
2009.09.03 01:32:09.685,6.0878,6.0912,2.40,1.00
2009.09.03 01:32:47.886,6.0882,6.0914,1.60,1.00
2009.09.03 01:32:48.056,6.0883,6.0916,2.40,1.00
2009.09.03 01:32:50.186,6.0883,6.0914,2.40,1.00
2009.09.03 01:32:50.536,6.0879,6.0914,2.40,1.00
2009.09.03 01:32:50.865,6.0879,6.0912,2.40,1.00
2009.09.03 01:32:53.675,6.0879,6.0914,2.40,1.00
2009.09.03 01:33:28.516,6.0883,6.0916,2.40,1.00
2009.09.03 01:33:33.265,6.0884,6.0916,2.40,1.00
2009.09.03 01:33:33.606,6.0882,6.0919,1.60,1.00
2009.09.03 01:33:34.135,6.0882,6.0916,1.60,1.00
2009.09.03 01:33:36.205,6.0879,6.0914,2.40,1.00
2009.09.03 01:33:39.824,6.0883,6.0916,2.40,1.00
2009.09.03 01:33:46.282,6.0879,6.0914,2.40,1.00
2009.09.03 01:33:54.690,6.0883,6.0916,2.40,1.00
2009.09.03 01:33:58.129,6.0883,6.0919,2.40,1.00
2009.09.03 01:33:58.949,6.0887,6.0921,2.40,1.00
2009.09.03 01:33:59.949,6.0887,6.0919,2.40,1.00
2009.09.03 01:34:00.289,6.0883,6.0919,2.40,1.00
2009.09.03 01:34:00.569,6.0882,6.0919,1.60,1.00
2009.09.03 01:34:03.948,6.0882,6.0916,1.60,1.00
2009.09.03 01:34:04.978,6.0882,6.0919,1.60,1.00
2009.09.03 01:34:05.547,6.0882,6.0916,1.60,1.00
2009.09.03 01:34:19.064,6.0882,6.0919,1.60,1.00
2009.09.03 01:34:26.132,6.0887,6.0919,2.40,1.00
2009.09.03 01:34:26.363,6.0883,6.0919,2.40,1.00
2009.09.03 01:34:26.722,6.0883,6.0916,2.40,1.00
2009.09.03 01:34:34.940,6.0879,6.0914,2.40,1.00
2009.09.03 01:34:37.990,6.0879,6.0912,2.40,1.00
2009.09.03 01:34:41.379,6.0875,6.091,2.40,1.00
2009.09.03 01:34:42.069,6.0874,6.0912,3.20,1.00
2009.09.03 01:34:42.529,6.08775,6.0914,1.60,1.00
2009.09.03 01:34:42.988,6.0879,6.0914,2.40,1.00
2009.09.03 01:34:45.528,6.0879,6.0916,2.40,1.00
2009.09.03 01:34:45.888,6.0882,6.0916,1.60,1.00
2009.09.03 01:34:46.118,6.0883,6.0919,2.40,1.00
2009.09.03 01:34:47.737,6.0887,6.0921,2.40,1.00
2009.09.03 01:34:48.077,6.0887,6.0919,2.40,1.00
2009.09.03 01:34:48.417,6.0883,6.0919,2.40,1.00
2009.09.03 01:34:54.796,6.0883,6.0916,2.40,1.00
2009.09.03 01:34:56.735,6.0883,6.0919,2.40,1.00
2009.09.03 01:34:56.795,6.0886,6.0919,1.60,1.00
2009.09.03 01:34:56.905,6.0887,6.0921,2.40,1.00
2009.09.03 01:34:57.495,6.0883,6.0919,2.40,1.00
2009.09.03 01:35:01.254,6.0883,6.0916,2.40,1.00
2009.09.03 01:35:03.364,6.0883,6.0914,2.40,1.00
2009.09.03 01:35:03.894,6.0879,6.0914,2.40,1.00
2009.09.03 01:35:10.183,6.0882,6.0914,1.60,1.00
2009.09.03 01:35:10.352,6.0882,6.0916,1.60,1.00
2009.09.03 01:35:10.462,6.0883,6.0916,2.40,1.00
2009.09.03 01:35:11.142,6.0883,6.0919,2.40,1.00
2009.09.03 01:35:13.281,6.0886,6.0919,1.60,1.00
2009.09.03 01:35:13.621,6.0887,6.0921,2.40,1.00
2009.09.03 01:35:15.181,6.0887,6.0923,2.40,1.00
2009.09.03 01:35:18.820,6.08905,6.0923,1.60,1.00
2009.09.03 01:35:19.170,6.0891,6.0925,2.40,1.00
2009.09.03 01:35:20.459,6.0887,6.0923,2.40,1.00
2009.09.03 01:35:21.049,6.08945,6.0925,1.60,1.00
2009.09.03 01:35:21.379,6.0896,6.0929,2.40,1.00
2009.09.03 01:35:21.719,6.0895,6.0929,2.40,1.00
2009.09.03 01:35:22.509,6.0895,6.0931,2.40,1.00
2009.09.03 01:35:22.689,6.0896,6.0931,2.40,1.00
2009.09.03 01:35:24.689,6.0896,6.0933,2.40,1.00
2009.09.03 01:35:25.039,6.09,6.0933,2.40,1.00
2009.09.03 01:35:26.018,6.09,6.0936,2.40,1.00
2009.09.03 01:35:26.368,6.09,6.0933,2.40,1.00
2009.09.03 01:35:32.576,6.09,6.0936,2.40,1.00
2009.09.03 01:35:34.356,6.09,6.0933,2.40,1.00
2009.09.03 01:35:37.765,6.09,6.0936,2.40,1.00
2009.09.03 01:35:39.965,6.09,6.0933,2.40,1.00
2009.09.03 01:35:43.394,6.09,6.0931,2.40,1.00
2009.09.03 01:35:46.753,6.09,6.0933,2.40,1.00
2009.09.03 01:35:51.752,6.09,6.0931,2.40,1.00
2009.09.03 01:35:51.992,6.0896,6.0931,2.40,1.00
2009.09.03 01:36:07.718,6.0897,6.0929,2.40,1.00
2009.09.03 01:36:07.948,6.0892,6.0927,2.40,1.00
2009.09.03 01:36:21.035,6.0892,6.0925,2.40,1.00
2009.09.03 01:36:26.473,6.0892,6.0927,2.40,1.00
2009.09.03 01:36:32.932,6.0893,6.09455,1.00,1.60
2009.09.03 01:36:33.102,6.0893,6.0946,1.00,1.00
2009.09.03 01:36:34.122,6.08905,6.0942,1.60,1.00
2009.09.03 01:36:34.362,6.089,6.0942,2.40,1.00
2009.09.03 01:36:34.602,6.0889,6.0942,1.20,1.00
2009.09.03 01:36:40.590,6.0889,6.094,1.20,1.00
2009.09.03 01:36:41.400,6.0891,6.0942,1.20,1.00
2009.09.03 01:36:45.679,6.0887,6.094,1.20,1.00
2009.09.03 01:36:45.899,6.0887,6.0937,1.20,1.00
2009.09.03 01:36:46.129,6.0886,6.0933,2.40,1.00
2009.09.03 01:36:46.419,6.0883,6.0933,1.20,1.00
2009.09.03 01:36:46.649,6.0884,6.0935,1.20,1.00
2009.09.03 01:36:48.098,6.0887,6.0937,1.00,1.00
2009.09.03 01:36:48.788,6.0884,6.0935,1.20,1.00
2009.09.03 01:36:50.058,6.0887,6.0937,1.00,1.00
2009.09.03 01:36:54.517,6.0884,6.0935,1.20,1.00
2009.09.03 01:36:56.337,6.0887,6.0937,1.00,1.00
2009.09.03 01:36:56.756,6.0884,6.0935,1.20,1.00
2009.09.03 01:36:59.446,6.0886,6.0935,1.60,1.00
2009.09.03 01:36:59.666,6.0887,6.0937,1.00,1.00
2009.09.03 01:37:00.185,6.0885,6.0935,2.40,1.00
2009.09.03 01:37:00.546,6.0884,6.0935,1.20,1.00
2009.09.03 01:37:06.684,6.0883,6.0933,1.20,1.00
2009.09.03 01:37:08.233,6.0882,6.0931,2.40,1.00
2009.09.03 01:37:08.583,6.088,6.0931,1.20,1.00
2009.09.03 01:37:11.743,6.0879,6.0929,1.20,1.00
2009.09.03 01:37:13.782,6.088,6.0931,1.20,1.00
2009.09.03 01:37:16.352,6.0879,6.0929,1.20,1.00
2009.09.03 01:37:16.592,6.088,6.0931,1.20,1.00
2009.09.03 01:37:20.461,6.0882,6.0931,1.60,1.00
2009.09.03 01:37:20.842,6.0883,6.0933,1.00,1.00
2009.09.03 01:37:26.099,6.0882,6.0931,2.40,1.00
2009.09.03 01:37:26.389,6.088,6.0931,1.20,1.00
2009.09.03 01:37:32.168,6.0879,6.0929,1.20,1.00
2009.09.03 01:37:32.288,6.0879,6.0933,2.00,1.20
2009.09.03 01:37:32.408,6.0879,6.0931,1.20,1.00
2009.09.03 01:37:32.578,6.088,6.0933,1.20,1.00
2009.09.03 01:37:32.698,6.088,6.0931,1.20,1.00
2009.09.03 01:37:33.307,6.088,6.0933,1.20,1.00
2009.09.03 01:37:33.648,6.0881,6.0933,2.40,1.00
2009.09.03 01:37:34.037,6.088,6.0931,1.20,1.00
2009.09.03 01:37:59.701,6.0879,6.0929,3.60,1.00
2009.09.03 01:38:01.491,6.0882,6.0929,1.60,1.00
2009.09.03 01:38:01.831,6.0883,6.0933,1.00,1.00
2009.09.03 01:38:09.429,6.0881,6.0929,2.40,1.00
2009.09.03 01:38:09.779,6.0879,6.0929,1.20,1.00
2009.09.03 01:38:15.237,6.0876,6.0927,1.20,1.00
2009.09.03 01:38:17.677,6.0874,6.0925,1.20,1.00
2009.09.03 01:38:28.054,6.0874,6.0922,1.00,1.00
2009.09.03 01:38:28.564,6.0871,6.0922,1.20,1.00
2009.09.03 01:38:31.624,6.0872,6.0925,1.20,1.00
2009.09.03 01:38:32.833,6.0871,6.0922,1.20,1.00
2009.09.03 01:38:34.793,6.0873,6.0922,1.20,1.00
2009.09.03 01:38:36.232,6.0873,6.0925,1.20,1.00
2009.09.03 01:38:36.512,6.0877,6.0927,1.00,1.00
2009.09.03 01:38:36.792,6.0877,6.0925,1.00,1.00
2009.09.03 01:38:37.132,6.0877,6.0927,1.00,1.00
2009.09.03 01:38:37.482,6.0877,6.0927,1.20,1.00
2009.09.03 01:38:37.832,6.0876,6.0927,1.20,1.00
2009.09.03 01:38:42.621,6.0873,6.0925,2.40,1.00
2009.09.03 01:38:42.851,6.0872,6.0925,1.20,1.00
2009.09.03 01:38:44.370,6.0871,6.092,1.20,1.00
2009.09.03 01:38:44.710,6.0872,6.0922,1.20,1.00
2009.09.03 01:38:45.060,6.0872,6.0925,1.20,1.00
2009.09.03 01:38:45.400,6.0872,6.0922,1.20,1.00
2009.09.03 01:38:46.060,6.0871,6.092,1.20,1.00
2009.09.03 01:38:51.329,6.0872,6.0922,1.20,1.00
2009.09.03 01:38:51.968,6.0872,6.0925,1.20,1.00
2009.09.03 01:38:52.308,6.0872,6.0922,1.20,1.00
2009.09.03 01:38:52.548,6.0872,6.0925,1.20,1.00
2009.09.03 01:38:52.778,6.0872,6.0922,1.20,1.00
2009.09.03 01:38:52.958,6.0871,6.092,1.20,1.00
2009.09.03 01:38:56.867,6.0872,6.0922,1.20,1.00
2009.09.03 01:38:57.487,6.0872,6.0925,1.20,1.00
2009.09.03 01:38:57.717,6.0871,6.092,1.20,1.00
2009.09.03 01:39:01.126,6.0872,6.0925,1.20,1.00
2009.09.03 01:39:01.416,6.0875,6.0925,1.20,1.00
2009.09.03 01:39:03.566,6.0877,6.0927,1.20,1.00
2009.09.03 01:39:10.014,6.088,6.0929,1.00,1.00
2009.09.03 01:39:11.224,6.0877,6.0927,1.00,1.00
2009.09.03 01:39:12.204,6.0877,6.0927,1.00,1.00
2009.09.03 01:39:20.922,6.0878,6.0927,1.20,1.00
2009.09.03 01:39:27.570,6.0873,6.0925,1.20,1.00
2009.09.03 01:39:30.689,6.08735,6.0925,1.60,1.00
2009.09.03 01:39:30.969,6.0877,6.0927,1.20,1.00
2009.09.03 01:39:35.089,6.0872,6.0925,1.20,1.00
2009.09.03 01:39:36.178,6.0872,6.0922,1.20,1.00
2009.09.03 01:39:36.858,6.0872,6.0925,1.20,1.00
2009.09.03 01:39:37.488,6.0872,6.0922,1.20,1.00
2009.09.03 01:39:37.658,6.0875,6.0925,1.00,1.00
2009.09.03 01:39:40.197,6.0872,6.0922,1.20,1.00
2009.09.03 01:39:40.257,6.0872,6.0925,1.20,1.00
2009.09.03 01:39:40.367,6.0872,6.0922,1.20,1.00
2009.09.03 01:39:53.044,6.0877,6.0927,1.20,1.00
2009.09.03 01:39:53.154,6.0877,6.0925,1.20,1.00
2009.09.03 01:39:53.264,6.0875,6.0925,1.20,1.00
2009.09.03 01:39:56.563,6.0877,6.0927,1.00,1.00
2009.09.03 01:39:57.493,6.0872,6.0925,1.20,1.00
2009.09.03 01:40:00.542,6.0872,6.0922,1.20,1.00
2009.09.03 01:40:11.470,6.0873,6.092,1.20,1.00
2009.09.03 01:40:11.819,6.0872,6.092,1.20,1.00
2009.09.03 01:40:15.728,6.0871,6.092,1.20,1.00
2009.09.03 01:40:25.196,6.0871,6.0922,1.20,1.00
2009.09.03 01:40:25.496,6.0871,6.092,1.20,1.00
2009.09.03 01:40:48.031,6.0871,6.0918,1.20,1.00
2009.09.03 01:40:48.601,6.0871,6.092,1.20,1.00
2009.09.03 01:41:16.644,6.0868,6.0916,2.40,1.00
2009.09.03 01:41:16.874,6.0867,6.0916,1.20,1.00
2009.09.03 01:41:20.533,6.0865,6.0914,2.40,1.00
2009.09.03 01:41:20.923,6.0864,6.0914,1.20,1.00
2009.09.03 01:41:22.063,6.0862,6.0912,1.20,1.00
2009.09.03 01:41:22.733,6.0864,6.0914,1.20,1.00
2009.09.03 01:41:25.502,6.0863,6.0914,1.20,1.00
2009.09.03 01:41:26.021,6.0863,6.0911,1.20,1.00
2009.09.03 01:41:26.601,6.0862,6.0909,1.20,1.00
2009.09.03 01:41:27.071,6.0859,6.0909,1.20,1.00
2009.09.03 01:41:27.411,6.0859,6.0907,1.20,1.00
2009.09.03 01:41:29.971,6.0862,6.0909,1.00,1.00
2009.09.03 01:41:31.670,6.0859,6.0907,1.20,1.00
2009.09.03 01:41:32.001,6.0859,6.0909,1.20,1.00
2009.09.03 01:41:32.330,6.0858,6.0905,1.20,1.00
2009.09.03 01:41:33.410,6.0859,6.0907,1.20,1.00
2009.09.03 01:41:34.049,6.0859,6.0909,1.20,1.00
2009.09.03 01:41:34.329,6.0859,6.0907,1.20,1.00
2009.09.03 01:41:36.639,6.0857,6.0905,1.20,1.00
2009.09.03 01:41:38.979,6.0857,6.0908,1.20,1.00
2009.09.03 01:41:40.658,6.0857,6.0905,1.20,1.00
2009.09.03 01:41:41.298,6.0859,6.0907,1.20,1.00
2009.09.03 01:41:41.868,6.0859,6.0909,1.20,1.00
2009.09.03 01:41:42.778,6.0859,6.0912,1.20,1.00
2009.09.03 01:41:43.177,6.08605,6.0912,1.60,1.00
2009.09.03 01:41:43.527,6.0862,6.0912,1.20,1.00
2009.09.03 01:41:44.687,6.0862,6.0909,1.20,1.00
2009.09.03 01:41:47.546,6.086,6.0907,2.40,1.00
2009.09.03 01:41:47.606,6.0859,6.0907,1.20,1.00
2009.09.03 01:42:03.493,6.08605,6.0907,1.60,1.00
2009.09.03 01:42:03.612,6.0862,6.0909,1.00,1.00
2009.09.03 01:42:05.732,6.0859,6.0907,1.20,1.00
2009.09.03 01:42:09.771,6.0859,6.091,1.20,1.00
2009.09.03 01:42:11.610,6.0859,6.0912,1.20,1.00
2009.09.03 01:42:11.790,6.0859,6.091,1.20,1.00
2009.09.03 01:42:12.141,6.0862,6.0912,1.00,1.00
2009.09.03 01:42:15.150,6.0863,6.0914,1.20,1.00
2009.09.03 01:42:17.389,6.0863,6.0911,1.20,1.00
2009.09.03 01:42:18.449,6.0866,6.0911,1.00,1.00
2009.09.03 01:42:18.619,6.0863,6.0911,1.20,1.00
2009.09.03 01:42:22.288,6.0866,6.0914,1.00,1.00
2009.09.03 01:42:24.278,6.0864,6.0911,2.40,1.00
2009.09.03 01:42:24.508,6.0863,6.0911,1.20,1.00
2009.09.03 01:42:27.447,6.0866,6.0914,1.00,1.00
2009.09.03 01:42:27.797,6.0863,6.0911,1.20,1.00
2009.09.03 01:42:31.236,6.08645,6.0911,1.60,1.00
2009.09.03 01:42:31.526,6.0866,6.0914,1.00,1.00
2009.09.03 01:42:43.213,6.0868,6.092,1.00,1.00
2009.09.03 01:42:43.333,6.0868,6.092,1.20,1.00
2009.09.03 01:42:43.743,6.0872,6.0922,1.20,1.00
2009.09.03 01:42:43.983,6.0868,6.092,2.80,1.00
2009.09.03 01:42:44.143,6.0872,6.092,1.00,1.00
2009.09.03 01:42:44.253,6.0868,6.092,1.20,1.00
2009.09.03 01:42:44.722,6.0868,6.0916,1.20,1.00
2009.09.03 01:42:45.062,6.0868,6.0918,1.20,1.00
2009.09.03 01:42:45.413,6.0868,6.092,1.20,1.00
2009.09.03 01:42:46.472,6.0866,6.0916,1.20,1.00
2009.09.03 01:42:58.809,6.0866,6.0916,1.00,1.00
2009.09.03 01:42:58.969,6.0865,6.0914,2.40,1.00
2009.09.03 01:42:59.199,6.0863,6.0914,1.20,1.00
2009.09.03 01:43:27.562,6.0863,6.0912,1.20,1.00
2009.09.03 01:43:27.792,6.0862,6.0912,1.20,1.00
2009.09.03 01:43:33.011,6.0863,6.0914,1.20,1.00
2009.09.03 01:43:33.911,6.0863,6.0916,1.20,1.00
2009.09.03 01:43:44.338,6.0863,6.0916,1.20,1.00
2009.09.03 01:43:44.958,6.0863,6.0914,1.20,1.00
2009.09.03 01:43:45.648,6.0866,6.0916,1.00,1.00
2009.09.03 01:43:48.217,6.0863,6.0914,1.20,1.00
2009.09.03 01:44:00.724,6.0862,6.0912,1.00,1.00
2009.09.03 01:44:05.743,6.0862,6.091,1.00,1.00
2009.09.03 01:44:06.093,6.0859,6.091,1.20,1.00
2009.09.03 01:44:11.572,6.0859,6.0908,1.20,1.00
2009.09.03 01:44:11.851,6.0858,6.0908,1.20,1.00
2009.09.03 01:44:21.009,6.0855,6.0905,1.20,1.00
2009.09.03 01:44:21.869,6.0858,6.0905,1.20,1.00
2009.09.03 01:44:22.229,6.0855,6.0905,1.20,1.00
2009.09.03 01:44:25.068,6.08565,6.0908,1.60,1.00
2009.09.03 01:44:25.418,6.0858,6.0908,1.00,1.00
2009.09.03 01:44:39.125,6.086,6.091,1.00,1.00
2009.09.03 01:44:40.814,6.0855,6.0905,1.20,1.00
2009.09.03 01:44:41.144,6.0858,6.0908,1.00,1.00
2009.09.03 01:44:45.853,6.0859,6.091,1.20,1.00
2009.09.03 01:45:08.967,6.0858,6.091,1.20,1.00
2009.09.03 01:45:09.187,6.0859,6.091,1.20,1.00
2009.09.03 01:45:09.427,6.0856,6.0905,2.40,1.00
2009.09.03 01:45:09.717,6.0855,6.0905,1.20,1.00
2009.09.03 01:45:38.330,6.0855,6.0908,1.20,1.00
2009.09.03 01:45:41.380,6.08565,6.0908,1.60,1.00
2009.09.03 01:45:41.500,6.086,6.091,1.00,1.00
2009.09.03 01:46:28.798,6.0862,6.0912,1.20,1.00
2009.09.03 01:46:29.148,6.0864,6.0912,1.20,1.00
2009.09.03 01:46:29.498,6.0862,6.0914,1.20,1.00
2009.09.03 01:46:29.888,6.0864,6.0914,1.20,1.00
2009.09.03 01:46:30.238,6.0864,6.0916,1.20,1.00
2009.09.03 01:46:31.978,6.0864,6.0914,1.20,1.00
2009.09.03 01:46:40.656,6.0864,6.0916,1.20,1.00
2009.09.03 01:46:42.005,6.0868,6.0918,1.20,1.00
2009.09.03 01:46:54.842,6.0867,6.0916,1.20,1.00
2009.09.03 01:46:56.052,6.0871,6.092,1.00,1.00
2009.09.03 01:46:57.971,6.0868,6.0918,3.60,1.00
2009.09.03 01:46:58.201,6.0868,6.0918,1.20,1.00
2009.09.03 01:46:58.681,6.0871,6.092,1.00,1.00
2009.09.03 01:47:00.611,6.0868,6.0918,3.60,1.00
2009.09.03 01:47:00.791,6.0868,6.0918,1.20,1.00
2009.09.03 01:47:01.021,6.0867,6.0916,1.20,1.00
2009.09.03 01:47:22.025,6.0871,6.092,1.00,1.00
2009.09.03 01:47:22.255,6.0868,6.092,1.20,1.00
2009.09.03 01:47:22.485,6.0869,6.0918,2.40,1.00
2009.09.03 01:47:22.715,6.0868,6.0918,1.20,1.00
2009.09.03 01:47:35.732,6.0867,6.0916,1.20,1.00
2009.09.03 01:47:37.412,6.0868,6.0918,1.20,1.00
2009.09.03 01:47:42.930,6.0871,6.092,1.00,1.00
2009.09.03 01:47:46.390,6.0867,6.0916,1.20,1.00
2009.09.03 01:47:46.900,6.0865,6.0916,2.40,1.00
2009.09.03 01:47:47.080,6.0864,6.0914,1.20,1.00
2009.09.03 01:47:50.389,6.0864,6.0916,1.20,1.00
2009.09.03 01:47:50.559,6.0867,6.0916,1.00,1.00
2009.09.03 01:48:22.361,6.0864,6.0914,3.60,1.00
2009.09.03 01:48:22.601,6.0864,6.0914,1.20,1.00
2009.09.03 01:48:23.641,6.0867,6.0916,1.00,1.00
2009.09.03 01:48:31.649,6.0869,6.092,1.20,1.00
2009.09.03 01:48:31.869,6.0871,6.092,1.20,1.00
2009.09.03 01:48:34.788,6.0868,6.0918,1.20,1.00
2009.09.03 01:48:35.018,6.0867,6.0916,1.20,1.00
2009.09.03 01:48:35.468,6.0866,6.0916,1.00,1.00
2009.09.03 01:48:40.357,6.0868,6.0918,1.20,1.00
2009.09.03 01:48:40.707,6.0868,6.092,1.20,1.00
2009.09.03 01:48:42.526,6.0872,6.0922,1.00,1.00
2009.09.03 01:48:49.994,6.0875,6.0925,1.20,1.00
2009.09.03 01:48:52.794,6.0872,6.0922,1.20,1.00
2009.09.03 01:48:57.022,6.0872,6.0925,1.20,1.00
2009.09.03 01:48:57.313,6.0875,6.0925,1.00,1.00
2009.09.03 01:49:30.284,6.0872,6.092,2.40,1.00
2009.09.03 01:49:30.575,6.0871,6.092,1.20,1.00
2009.09.03 01:49:31.164,6.0872,6.0922,1.20,1.00
2009.09.03 01:50:14.684,6.0871,6.092,1.20,1.00
2009.09.03 01:50:22.242,6.0867,6.0916,1.20,1.00
2009.09.03 01:50:23.202,6.0863,6.0916,1.20,1.00
2009.09.03 01:50:23.482,6.0868,6.0918,1.00,1.00
2009.09.03 01:50:23.782,6.0867,6.0916,1.00,1.00
2009.09.03 01:50:24.731,6.0864,6.0916,4.00,1.00
2009.09.03 01:50:25.071,6.0863,6.0916,1.20,1.00
2009.09.03 01:50:25.751,6.0863,6.0914,1.20,1.00
2009.09.03 01:50:28.321,6.0864,6.0914,2.40,1.00
2009.09.03 01:50:28.951,6.0863,6.0914,1.20,1.00
2009.09.03 01:50:29.570,6.0867,6.0916,1.20,1.00
2009.09.03 01:50:40.508,6.0867,6.0914,1.20,1.00
2009.09.03 01:50:40.628,6.0867,6.0914,1.00,1.00
2009.09.03 01:50:40.798,6.0863,6.0914,1.20,1.00
2009.09.03 01:51:10.620,6.0862,6.0912,1.20,1.00
2009.09.03 01:51:12.860,6.0862,6.0914,1.20,1.00
2009.09.03 01:51:13.030,6.0867,6.0916,1.00,1.00
2009.09.03 01:51:13.200,6.0867,6.0916,1.00,3.20
2009.09.03 01:51:13.360,6.0867,6.0916,1.00,1.00
2009.09.03 01:51:29.056,6.0863,6.0914,1.20,1.00
2009.09.03 01:51:51.381,6.0862,6.0914,1.20,1.00
2009.09.03 01:52:38.649,6.0861,6.0912,1.20,1.00
2009.09.03 01:52:40.959,6.0858,6.091,1.20,1.00
2009.09.03 01:52:41.259,6.0857,6.0908,1.00,1.00
2009.09.03 01:52:41.609,6.0854,6.0905,1.20,1.00
2009.09.03 01:52:45.148,6.0857,6.0908,1.20,1.00
2009.09.03 01:52:46.997,6.0855,6.0905,2.40,1.00
2009.09.03 01:52:47.327,6.0854,6.0905,1.20,1.00
2009.09.03 01:52:47.977,6.0857,6.0908,1.00,1.00
2009.09.03 01:52:48.327,6.0855,6.0905,2.40,1.00
2009.09.03 01:52:48.657,6.0854,6.0905,1.20,1.00
2009.09.03 01:52:52.366,6.0853,6.0903,1.20,1.00
2009.09.03 01:52:56.495,6.0852,6.0903,2.40,1.00
2009.09.03 01:52:56.605,6.0853,6.0901,1.00,1.00
2009.09.03 01:52:56.775,6.0849,6.0901,1.20,1.00
2009.09.03 01:52:57.125,6.0849,6.0899,1.20,1.00
2009.09.03 01:52:57.525,6.0848,6.0899,1.20,1.00
2009.09.03 01:53:06.953,6.0849,6.0899,1.20,1.00
2009.09.03 01:53:10.022,6.0853,6.0903,1.00,1.00
2009.09.03 01:53:10.142,6.0853,6.0905,1.00,1.00
2009.09.03 01:53:10.311,6.0854,6.0905,1.00,1.00
2009.09.03 01:53:11.042,6.0853,6.0903,1.00,1.00
2009.09.03 01:53:12.371,6.0854,6.0903,1.00,1.00
2009.09.03 01:53:19.479,6.0855,6.0905,1.00,1.00
2009.09.03 01:53:25.248,6.0855,6.0903,1.00,1.00
2009.09.03 01:53:25.548,6.0854,6.0903,1.20,1.00
2009.09.03 01:53:26.768,6.0855,6.0905,1.20,1.00
2009.09.03 01:53:40.814,6.0855,6.0905,1.20,1.00
2009.09.03 01:53:40.984,6.0858,6.0905,1.00,1.00
2009.09.03 01:53:41.104,6.0855,6.0905,1.20,1.00
2009.09.03 01:53:59.530,6.0854,6.0903,1.20,1.00
2009.09.03 01:54:10.637,6.0853,6.0903,1.00,1.00
2009.09.03 01:54:21.205,6.085,6.0901,1.20,1.00
2009.09.03 01:54:21.435,6.085,6.0899,1.00,1.00
2009.09.03 01:54:21.895,6.0846,6.0897,1.20,1.00
2009.09.03 01:54:30.233,6.0849,6.0899,1.00,1.00
2009.09.03 01:54:30.412,6.0847,6.0897,2.40,1.00
2009.09.03 01:54:30.592,6.0846,6.0897,1.20,1.00
2009.09.03 01:54:34.271,6.0845,6.0895,1.20,1.00
2009.09.03 01:54:54.907,6.0842,6.0893,1.20,1.00
2009.09.03 01:55:02.695,6.0841,6.0893,1.20,1.00
2009.09.03 01:55:02.974,6.0842,6.089,1.20,1.00
2009.09.03 01:55:03.314,6.0841,6.089,1.20,1.00
2009.09.03 01:55:04.764,6.0837,6.0888,1.20,1.00
2009.09.03 01:55:05.404,6.0837,6.089,1.20,1.00
2009.09.03 01:55:07.633,6.0841,6.089,1.00,1.00
2009.09.03 01:55:15.371,6.0841,6.089,1.20,1.00
2009.09.03 01:55:17.771,6.0839,6.089,2.40,1.00
2009.09.03 01:55:18.051,6.0839,6.0888,2.40,1.00
2009.09.03 01:55:18.401,6.0837,6.0888,1.20,1.00
2009.09.03 01:55:24.339,6.0836,6.0886,1.20,1.00
2009.09.03 01:55:24.910,6.0836,6.0888,1.20,1.00
2009.09.03 01:55:25.140,6.0837,6.0888,1.20,1.00
2009.09.03 01:55:27.799,6.0813,6.0887,1.20,1.00
2009.09.03 01:55:48.034,6.0825,6.0893,1.20,1.00
2009.09.03 01:55:48.604,6.0826,6.0896,1.20,1.00
2009.09.03 01:55:48.934,6.0823,6.0893,4.00,1.00
2009.09.03 01:55:49.273,6.0826,6.0893,1.00,1.00
2009.09.03 01:55:49.633,6.0826,6.0896,1.00,1.00
2009.09.03 01:55:56.122,6.08235,6.0893,1.60,1.00
2009.09.03 01:55:56.302,6.0822,6.0893,1.20,1.00
2009.09.03 01:55:59.931,6.0824,6.0893,2.40,1.00
2009.09.03 01:56:00.411,6.0826,6.0896,1.00,1.00
2009.09.03 01:56:05.030,6.0829,6.0896,1.00,1.00
2009.09.03 01:56:05.200,6.0826,6.0896,1.20,1.00
2009.09.03 01:56:13.717,6.0825,6.0893,1.20,1.00
2009.09.03 01:56:21.925,6.0825,6.0891,1.20,1.00
2009.09.03 01:56:22.086,6.0824,6.0891,2.40,1.00
2009.09.03 01:56:22.266,6.0821,6.0889,1.20,1.00
2009.09.03 01:56:22.565,6.0821,6.0887,1.00,1.00
2009.09.03 01:56:22.735,6.0819,6.0887,2.40,1.00
2009.09.03 01:56:23.025,6.0817,6.0887,1.20,1.00
2009.09.03 01:56:25.644,6.08185,6.0887,2.40,1.00
2009.09.03 01:56:25.815,6.082,6.0889,1.00,1.00
2009.09.03 01:56:26.335,6.0819,6.0885,4.00,1.00
2009.09.03 01:56:26.625,6.0817,6.0889,1.20,1.00
2009.09.03 01:56:27.025,6.0816,6.0886,1.20,1.00
2009.09.03 01:56:27.314,6.0817,6.0889,1.20,1.00
2009.09.03 01:56:28.804,6.0817,6.0887,1.20,1.00
2009.09.03 01:56:30.053,6.082,6.0889,1.00,1.00
2009.09.03 01:56:31.993,6.0817,6.0887,1.20,1.00
2009.09.03 01:56:33.993,6.0816,6.0885,1.20,1.00
2009.09.03 01:56:42.111,6.0817,6.0887,1.20,1.00
2009.09.03 01:56:47.120,6.0816,6.0885,1.20,1.00
2009.09.03 01:56:50.119,6.0817,6.0887,1.20,1.00
2009.09.03 01:56:54.048,6.0816,6.0885,1.20,1.00
2009.09.03 01:57:08.304,6.081,6.0879,2.40,1.00
2009.09.03 01:57:08.654,6.08085,6.0881,4.00,1.00
2009.09.03 01:57:08.984,6.0812,6.0883,1.00,1.00
2009.09.03 01:57:15.393,6.0811,6.0881,2.40,1.00
2009.09.03 01:57:16.133,6.0812,6.0883,1.00,1.00
2009.09.03 01:57:18.002,6.0813,6.0883,1.00,1.00
2009.09.03 01:57:18.182,6.081,6.0881,1.60,1.00
2009.09.03 01:57:18.362,6.0809,6.0881,1.20,1.00
2009.09.03 01:57:29.759,6.0813,6.0883,1.00,1.00
2009.09.03 01:57:32.439,6.0809,6.0881,1.20,1.00
2009.09.03 01:57:32.829,6.0813,6.0883,1.00,1.00
2009.09.03 01:57:34.878,6.08105,6.0881,1.60,1.00
2009.09.03 01:57:35.098,6.0809,6.0881,1.20,1.00
2009.09.03 01:57:43.806,6.0809,6.0879,1.20,1.00
2009.09.03 01:57:48.615,6.0812,6.0881,1.00,1.00
2009.09.03 01:57:48.965,6.0813,6.0883,1.20,1.00
2009.09.03 01:57:49.994,6.0812,6.0882,1.00,1.20
2009.09.03 01:57:50.344,6.0813,6.0883,1.00,1.00
2009.09.03 01:57:51.024,6.08105,6.0881,1.60,1.00
2009.09.03 01:57:51.374,6.0809,6.0881,1.20,1.00
2009.09.03 01:57:53.833,6.0809,6.0879,1.20,1.00
2009.09.03 01:57:56.073,6.0809,6.0879,3.60,1.00
2009.09.03 01:57:56.123,6.081,6.0879,2.40,1.00
2009.09.03 01:57:56.233,6.0812,6.0881,1.00,1.00
2009.09.03 01:57:57.373,6.0813,6.0881,4.00,1.00
2009.09.03 01:57:57.722,6.0814,6.0883,1.00,1.00
2009.09.03 01:57:58.062,6.0812,6.0881,1.20,1.00
2009.09.03 01:57:58.792,6.0809,6.0879,1.20,1.00
2009.09.03 01:58:16.738,6.0812,6.0881,1.00,1.00
2009.09.03 01:58:19.107,6.081,6.0879,2.40,1.00
2009.09.03 01:58:19.337,6.0809,6.0879,1.20,1.00
2009.09.03 01:58:34.844,6.0808,6.0876,1.20,1.00
2009.09.03 01:58:49.620,6.0809,6.0879,1.20,1.00
2009.09.03 01:58:50.890,6.0812,6.0879,1.00,1.00
2009.09.03 01:58:51.180,6.0809,6.0879,1.20,1.00
2009.09.03 01:58:56.838,6.0812,6.0881,1.00,1.00
2009.09.03 01:59:10.285,6.0813,6.0883,1.20,1.00
2009.09.03 01:59:11.695,6.0812,6.0881,1.20,1.00
2009.09.03 01:59:13.265,6.0813,6.0883,1.20,1.00
2009.09.03 01:59:17.433,6.0812,6.0881,1.20,1.00
2009.09.03 01:59:18.643,6.0813,6.0881,1.20,1.00
2009.09.03 01:59:21.712,6.0814,6.0883,1.20,1.00
2009.09.03 01:59:24.641,6.0817,6.0885,1.00,1.00
2009.09.03 01:59:26.761,6.0821,6.0889,1.20,1.00
2009.09.03 01:59:27.111,6.0818,6.0887,5.20,1.00
2009.09.03 01:59:27.401,6.0819,6.0889,1.20,1.00
2009.09.03 01:59:27.731,6.0823,6.0891,1.00,1.00
2009.09.03 01:59:28.510,6.0819,6.0889,1.20,1.00
2009.09.03 01:59:28.851,6.0823,6.0891,1.00,1.00
2009.09.03 01:59:29.490,6.0819,6.0889,1.20,1.00
2009.09.03 01:59:30.680,6.0823,6.0891,1.00,1.00
2009.09.03 01:59:30.790,6.0819,6.0891,5.20,1.00
2009.09.03 01:59:30.910,6.0823,6.0891,1.00,1.00
2009.09.03 01:59:36.849,6.0826,6.0893,1.00,1.00
2009.09.03 01:59:37.329,6.0827,6.0896,1.20,1.00
2009.09.03 01:59:40.158,6.083,6.0898,1.00,1.00
2009.09.03 01:59:55.605,6.0827,6.0896,1.20,1.00
