2017.11.07 09:00:00.264,8.16567,8.16679,1.00,1.00
2017.11.07 09:00:00.681,8.16584,8.16697,1.00,1.00
2017.11.07 09:00:01.287,8.16567,8.16682,1.00,1.00
2017.11.07 09:00:03.315,8.16579,8.16687,1.00,1.00
2017.11.07 09:00:03.467,8.16565,8.1668,1.00,1.00
2017.11.07 09:00:03.855,8.16582,8.16687,1.00,1.00
2017.11.07 09:00:05.371,8.16568,8.16683,1.00,1.00
2017.11.07 09:00:05.423,8.16568,8.16654,1.00,1.00
2017.11.07 09:00:05.474,8.1654,8.16654,1.00,1.00
2017.11.07 09:00:06.004,8.1654,8.16653,1.00,1.00
2017.11.07 09:00:07.663,8.1654,8.16654,1.00,1.50
2017.11.07 09:00:07.715,8.1654,8.16647,1.00,1.00
2017.11.07 09:00:07.971,8.16511,8.16626,1.00,1.00
2017.11.07 09:00:08.712,8.16511,8.16624,1.00,1.00
2017.11.07 09:00:09.185,8.16511,8.1662,1.00,1.00
2017.11.07 09:00:10.150,8.16497,8.16608,1.00,1.00
2017.11.07 09:00:10.201,8.16497,8.16604,1.00,1.00
2017.11.07 09:00:10.253,8.16476,8.16591,1.00,1.00
2017.11.07 09:00:10.405,8.16497,8.16612,1.00,1.00
2017.11.07 09:00:11.880,8.16511,8.16626,1.00,1.00
2017.11.07 09:00:12.345,8.16526,8.16639,1.00,1.00
2017.11.07 09:00:12.649,8.16526,8.16634,1.00,1.00
2017.11.07 09:00:12.700,8.16513,8.16628,1.00,1.00
2017.11.07 09:00:15.642,8.16513,8.16627,1.00,1.00
2017.11.07 09:00:15.693,8.16513,8.16623,1.00,1.00
2017.11.07 09:00:15.744,8.16498,8.16612,1.00,1.00
2017.11.07 09:00:15.846,8.16512,8.16627,1.00,1.50
2017.11.07 09:00:16.115,8.16498,8.16589,1.00,1.00
2017.11.07 09:00:16.217,8.16456,8.16565,1.00,1.00
2017.11.07 09:00:16.269,8.16456,8.1655,1.00,1.00
2017.11.07 09:00:16.320,8.16431,8.16546,1.00,1.00
2017.11.07 09:00:16.523,8.16452,8.16567,1.00,1.00
2017.11.07 09:00:16.857,8.16439,8.16552,1.00,1.00
2017.11.07 09:00:18.302,8.16439,8.16551,1.00,1.00
2017.11.07 09:00:18.354,8.16425,8.16538,1.00,1.00
2017.11.07 09:00:19.860,8.16406,8.16521,1.00,1.00
2017.11.07 09:00:20.866,8.16399,8.16506,1.00,1.00
2017.11.07 09:00:21.324,8.16404,8.16506,1.00,1.00
2017.11.07 09:00:22.303,8.16403,8.16506,1.00,1.00
2017.11.07 09:00:23.652,8.16399,8.16506,1.00,1.00
2017.11.07 09:00:23.704,8.16378,8.16485,1.00,1.00
2017.11.07 09:00:23.755,8.1637,8.16485,1.00,1.00
2017.11.07 09:00:23.807,8.16372,8.16485,1.00,1.00
2017.11.07 09:00:25.959,8.1637,8.16485,1.00,1.00
2017.11.07 09:00:26.185,8.16372,8.16485,1.00,1.00
2017.11.07 09:00:26.237,8.1637,8.16485,1.00,1.00
2017.11.07 09:00:26.567,8.16353,8.16467,1.00,1.00
2017.11.07 09:00:27.077,8.16332,8.16445,1.00,1.00
2017.11.07 09:00:27.210,8.16345,8.1646,1.00,1.00
2017.11.07 09:00:27.312,8.16338,8.16446,1.00,1.00
2017.11.07 09:00:27.363,8.16331,8.16446,1.50,1.00
2017.11.07 09:00:27.885,8.16345,8.1646,1.00,1.00
2017.11.07 09:00:28.328,8.1636,8.16473,1.00,1.00
2017.11.07 09:00:28.504,8.16345,8.1646,1.00,1.00
2017.11.07 09:00:28.606,8.16332,8.16446,1.00,1.00
2017.11.07 09:00:28.919,8.16332,8.16426,1.00,1.00
2017.11.07 09:00:28.973,8.16296,8.16404,1.00,1.00
2017.11.07 09:00:29.025,8.16296,8.16399,1.00,1.00
2017.11.07 09:00:29.127,8.16275,8.1639,1.00,1.00
2017.11.07 09:00:29.500,8.16275,8.16385,1.00,1.00
2017.11.07 09:00:29.602,8.16261,8.16376,1.00,1.00
2017.11.07 09:00:30.478,8.16282,8.16394,1.00,1.00
2017.11.07 09:00:30.530,8.16282,8.16396,1.00,1.00
2017.11.07 09:00:30.733,8.16315,8.16397,1.00,1.00
2017.11.07 09:00:30.784,8.16325,8.16437,1.00,1.00
2017.11.07 09:00:30.835,8.16325,8.16433,1.00,1.00
2017.11.07 09:00:30.989,8.16296,8.16411,1.00,1.00
2017.11.07 09:00:32.648,8.16296,8.16406,1.00,1.00
2017.11.07 09:00:32.700,8.16296,8.16411,1.00,1.00
2017.11.07 09:00:33.369,8.16324,8.16436,1.00,1.00
2017.11.07 09:00:33.471,8.1631,8.16424,1.00,1.00
2017.11.07 09:00:34.013,8.16296,8.16409,1.00,1.00
2017.11.07 09:00:34.114,8.1631,8.16424,1.00,1.00
2017.11.07 09:00:34.166,8.16316,8.16424,1.00,1.00
2017.11.07 09:00:34.320,8.16331,8.16445,1.00,1.00
2017.11.07 09:00:34.812,8.16318,8.1643,1.00,1.00
2017.11.07 09:00:35.146,8.16304,8.16416,1.00,1.00
2017.11.07 09:00:35.960,8.16317,8.16431,1.00,1.00
2017.11.07 09:00:36.232,8.16317,8.16429,1.00,1.00
2017.11.07 09:00:36.384,8.16283,8.16398,1.00,1.00
2017.11.07 09:00:36.435,8.16291,8.16398,1.00,1.00
2017.11.07 09:00:36.487,8.16286,8.16398,1.00,1.00
2017.11.07 09:00:36.540,8.16293,8.16398,1.00,1.00
2017.11.07 09:00:36.591,8.16304,8.16419,1.00,1.00
2017.11.07 09:00:40.094,8.1629,8.16405,1.00,1.00
2017.11.07 09:00:40.414,8.16276,8.16391,1.00,1.00
2017.11.07 09:00:42.036,8.16276,8.16387,1.00,1.00
2017.11.07 09:00:42.087,8.16263,8.16375,1.00,1.00
2017.11.07 09:00:42.205,8.16277,8.16391,1.00,1.00
2017.11.07 09:00:42.725,8.16291,8.16404,1.00,1.00
2017.11.07 09:00:43.030,8.16291,8.16399,1.00,1.00
2017.11.07 09:00:43.287,8.16261,8.16374,1.00,1.00
2017.11.07 09:00:44.056,8.16276,8.16374,1.00,1.00
2017.11.07 09:00:44.158,8.16289,8.16397,1.00,1.00
2017.11.07 09:00:44.721,8.16303,8.16397,1.00,1.00
2017.11.07 09:00:44.873,8.16324,8.16429,1.00,1.00
2017.11.07 09:00:44.924,8.16324,8.16436,1.00,1.00
2017.11.07 09:00:44.975,8.16324,8.16439,1.00,1.00
2017.11.07 09:00:45.027,8.16339,8.16441,1.00,1.00
2017.11.07 09:00:45.267,8.16339,8.16445,1.00,1.00
2017.11.07 09:00:45.369,8.16339,8.16437,1.00,1.00
2017.11.07 09:00:45.471,8.16339,8.16443,1.00,1.00
2017.11.07 09:00:45.774,8.16339,8.16448,1.00,1.00
2017.11.07 09:00:45.825,8.16339,8.16452,1.00,1.00
2017.11.07 09:00:45.876,8.16339,8.16449,1.00,1.00
2017.11.07 09:00:45.978,8.16339,8.16452,1.00,1.00
2017.11.07 09:00:46.974,8.16359,8.16471,1.00,1.00
2017.11.07 09:00:47.297,8.16345,8.16445,1.00,1.00
2017.11.07 09:00:47.585,8.16358,8.16472,1.00,1.00
2017.11.07 09:00:47.737,8.16379,8.16459,1.00,1.00
2017.11.07 09:00:47.839,8.16337,8.16444,1.00,1.00
2017.11.07 09:00:47.890,8.16337,8.16451,1.00,1.50
2017.11.07 09:00:48.042,8.16351,8.16456,1.00,1.00
2017.11.07 09:00:48.273,8.16351,8.16462,1.00,1.00
2017.11.07 09:00:48.375,8.16365,8.16462,1.00,1.00
2017.11.07 09:00:48.631,8.16365,8.16479,1.00,1.00
2017.11.07 09:00:48.784,8.16365,8.16473,1.00,1.00
2017.11.07 09:00:51.190,8.16385,8.16489,1.00,1.00
2017.11.07 09:00:51.393,8.16337,8.16444,1.00,1.00
2017.11.07 09:00:51.496,8.16323,8.16437,1.00,1.00
2017.11.07 09:00:51.612,8.16323,8.16419,1.00,1.00
2017.11.07 09:00:51.715,8.16301,8.16416,1.00,1.50
2017.11.07 09:00:51.901,8.16323,8.16437,1.00,1.50
2017.11.07 09:00:52.233,8.16323,8.16433,1.00,1.00
2017.11.07 09:00:53.190,8.16323,8.16431,1.00,1.00
2017.11.07 09:00:53.241,8.16323,8.16433,1.00,1.00
2017.11.07 09:00:53.641,8.16323,8.16422,1.00,1.00
2017.11.07 09:00:53.743,8.163,8.16412,1.00,1.00
2017.11.07 09:00:54.917,8.1632,8.16416,1.00,1.00
2017.11.07 09:00:55.532,8.16299,8.16413,1.00,1.00
2017.11.07 09:00:58.532,8.16324,8.16439,1.00,1.00
2017.11.07 09:00:58.633,8.16344,8.16456,1.00,1.00
2017.11.07 09:00:59.681,8.16367,8.16481,1.00,1.00
2017.11.07 09:00:59.884,8.16394,8.16501,1.00,1.00
2017.11.07 09:00:59.935,8.16394,8.16509,1.00,1.00
2017.11.07 09:01:00.087,8.16411,8.16525,1.00,1.00
2017.11.07 09:01:00.391,8.16425,8.16539,1.00,1.00
2017.11.07 09:01:00.493,8.16441,8.16556,1.00,1.00
2017.11.07 09:01:01.358,8.16461,8.16576,1.00,1.00
2017.11.07 09:01:02.177,8.16486,8.16596,1.00,1.00
2017.11.07 09:01:02.228,8.16486,8.16599,1.00,1.00
2017.11.07 09:01:02.280,8.16501,8.16608,1.00,1.00
2017.11.07 09:01:02.432,8.16501,8.16613,1.00,1.50
2017.11.07 09:01:05.192,8.16515,8.16627,1.00,1.00
2017.11.07 09:01:05.345,8.16528,8.16642,1.00,1.00
2017.11.07 09:01:05.560,8.16556,8.16671,1.00,1.00
2017.11.07 09:01:05.714,8.16556,8.16667,1.00,1.00
2017.11.07 09:01:06.155,8.16556,8.16671,1.00,1.50
2017.11.07 09:01:06.207,8.16556,8.16665,1.00,1.00
2017.11.07 09:01:09.948,8.16542,8.16657,1.00,1.00
2017.11.07 09:01:11.408,8.16542,8.16646,1.00,1.00
2017.11.07 09:01:11.459,8.16521,8.16635,1.00,1.00
2017.11.07 09:01:11.510,8.16521,8.16629,1.00,1.00
2017.11.07 09:01:11.562,8.16507,8.16621,1.00,1.00
2017.11.07 09:01:13.229,8.16507,8.16616,1.00,1.00
2017.11.07 09:01:13.831,8.16507,8.16611,1.00,1.00
2017.11.07 09:01:15.718,8.16522,8.16632,1.00,1.00
2017.11.07 09:01:18.063,8.16522,8.16636,1.00,1.00
2017.11.07 09:01:18.424,8.16506,8.16621,1.00,1.00
2017.11.07 09:01:19.378,8.16506,8.1662,1.00,1.00
2017.11.07 09:01:19.925,8.16506,8.16617,1.00,1.00
2017.11.07 09:01:20.027,8.16491,8.16603,1.00,1.00
2017.11.07 09:01:20.128,8.16504,8.16611,1.00,1.00
2017.11.07 09:01:20.448,8.16482,8.16597,1.00,1.00
2017.11.07 09:01:21.990,8.16504,8.16609,1.00,1.00
2017.11.07 09:01:22.244,8.16504,8.16618,1.00,1.00
2017.11.07 09:01:22.295,8.16518,8.16618,1.00,1.00
2017.11.07 09:01:22.397,8.16518,8.16623,1.00,1.00
2017.11.07 09:01:22.456,8.16518,8.16621,1.00,1.00
2017.11.07 09:01:22.703,8.16518,8.16623,1.00,1.00
2017.11.07 09:01:23.592,8.16518,8.16628,1.00,1.00
2017.11.07 09:01:24.369,8.16518,8.16631,1.00,1.00
2017.11.07 09:01:24.420,8.16518,8.16627,1.00,1.00
2017.11.07 09:01:24.977,8.16518,8.16629,1.00,1.00
2017.11.07 09:01:25.038,8.16518,8.16632,1.00,1.50
2017.11.07 09:01:25.243,8.1653,8.16642,1.00,1.00
2017.11.07 09:01:25.979,8.1653,8.16645,1.00,1.00
2017.11.07 09:01:26.030,8.16544,8.16655,1.00,1.00
2017.11.07 09:01:26.551,8.16544,8.16658,1.00,1.00
2017.11.07 09:01:27.440,8.16544,8.16652,1.00,1.00
2017.11.07 09:01:27.593,8.1651,8.16623,1.00,1.00
2017.11.07 09:01:27.644,8.1651,8.1662,1.00,1.00
2017.11.07 09:01:28.378,8.16496,8.16609,1.00,1.00
2017.11.07 09:01:28.429,8.16496,8.16596,1.00,1.00
2017.11.07 09:01:28.531,8.16474,8.16575,1.00,1.00
2017.11.07 09:01:28.582,8.16474,8.16571,1.00,1.00
2017.11.07 09:01:28.633,8.16453,8.16567,1.00,1.00
2017.11.07 09:01:29.208,8.16481,8.16593,1.00,1.00
2017.11.07 09:01:29.259,8.16481,8.16595,1.00,1.00
2017.11.07 09:01:29.310,8.16495,8.16604,1.00,1.00
2017.11.07 09:01:30.511,8.16509,8.16613,1.00,1.00
2017.11.07 09:01:30.648,8.16509,8.16618,1.00,1.00
2017.11.07 09:01:30.699,8.16509,8.16624,1.00,1.00
2017.11.07 09:01:30.750,8.16523,8.16629,1.00,1.00
2017.11.07 09:01:30.891,8.16523,8.16632,1.00,1.00
2017.11.07 09:01:30.942,8.16523,8.16638,1.00,1.00
2017.11.07 09:01:30.993,8.16537,8.16632,1.00,1.00
2017.11.07 09:01:31.095,8.16537,8.16641,1.00,1.00
2017.11.07 09:01:31.146,8.16537,8.16633,1.00,1.00
2017.11.07 09:01:31.197,8.16537,8.16639,1.00,1.00
2017.11.07 09:01:31.248,8.16537,8.16644,1.00,1.00
2017.11.07 09:01:31.300,8.16556,8.16653,1.00,1.00
2017.11.07 09:01:31.658,8.16556,8.16642,1.00,1.00
2017.11.07 09:01:31.709,8.16556,8.16655,1.00,1.00
2017.11.07 09:01:31.888,8.16556,8.16663,1.00,1.00
2017.11.07 09:01:31.990,8.16556,8.16658,1.00,1.00
2017.11.07 09:01:32.183,8.16556,8.16664,1.00,1.00
2017.11.07 09:01:32.332,8.16543,8.16657,1.00,1.00
2017.11.07 09:01:32.878,8.16543,8.16655,1.00,1.00
2017.11.07 09:01:33.181,8.16543,8.16651,1.00,1.00
2017.11.07 09:01:33.337,8.16543,8.16654,1.00,1.00
2017.11.07 09:01:33.388,8.16543,8.16651,1.00,1.00
2017.11.07 09:01:33.477,8.16543,8.16655,1.00,1.00
2017.11.07 09:01:34.318,8.16543,8.16653,1.00,1.00
2017.11.07 09:01:34.633,8.16546,8.16656,1.00,1.00
2017.11.07 09:01:35.153,8.1656,8.16661,1.00,1.00
2017.11.07 09:01:35.382,8.16545,8.16659,1.00,1.50
2017.11.07 09:01:35.483,8.16545,8.16655,1.00,1.00
2017.11.07 09:01:35.794,8.1656,8.16657,1.00,1.00
2017.11.07 09:01:35.854,8.1656,8.16661,1.00,1.00
2017.11.07 09:01:35.905,8.1656,8.16658,1.00,1.00
2017.11.07 09:01:36.238,8.1656,8.16655,1.00,1.00
2017.11.07 09:01:36.699,8.1656,8.16649,1.00,1.00
2017.11.07 09:01:36.869,8.16548,8.1664,1.00,1.00
2017.11.07 09:01:37.687,8.16548,8.16649,1.00,1.00
2017.11.07 09:01:37.738,8.16548,8.16654,1.00,1.00
2017.11.07 09:01:37.789,8.16548,8.16652,1.00,1.00
2017.11.07 09:01:41.272,8.16548,8.16653,1.00,1.00
2017.11.07 09:01:41.696,8.16548,8.1665,1.00,1.00
2017.11.07 09:01:46.507,8.16548,8.16662,1.00,1.00
2017.11.07 09:01:46.690,8.16531,8.16637,1.00,1.00
2017.11.07 09:01:47.134,8.16545,8.16637,1.00,1.00
2017.11.07 09:01:47.438,8.16545,8.16631,1.00,1.00
2017.11.07 09:01:48.737,8.16545,8.1663,1.00,1.00
2017.11.07 09:01:49.599,8.16545,8.16635,1.00,1.00
2017.11.07 09:01:49.650,8.16545,8.16647,1.00,1.00
2017.11.07 09:01:49.703,8.16545,8.16636,1.00,1.00
2017.11.07 09:01:49.755,8.16533,8.16626,1.00,1.00
2017.11.07 09:01:50.019,8.16547,8.16642,1.00,1.00
2017.11.07 09:01:50.996,8.16547,8.16643,1.00,1.00
2017.11.07 09:01:52.968,8.16547,8.16633,1.00,1.00
2017.11.07 09:01:53.312,8.1653,8.16627,1.00,1.00
2017.11.07 09:01:53.363,8.1653,8.16637,1.00,1.00
2017.11.07 09:01:53.416,8.1653,8.16619,1.00,1.00
2017.11.07 09:01:53.467,8.16517,8.1661,1.00,1.00
2017.11.07 09:01:54.144,8.16517,8.16621,1.00,1.00
2017.11.07 09:01:54.195,8.16517,8.16591,1.00,1.00
2017.11.07 09:01:54.399,8.16477,8.1657,1.00,1.00
2017.11.07 09:01:54.451,8.16477,8.16581,1.00,1.00
2017.11.07 09:01:54.502,8.16477,8.1659,1.00,1.00
2017.11.07 09:01:54.565,8.165,8.1659,1.00,1.00
2017.11.07 09:01:55.001,8.165,8.166,1.00,1.00
2017.11.07 09:01:55.053,8.16513,8.16605,1.00,1.00
2017.11.07 09:01:55.156,8.16513,8.16609,1.00,1.00
2017.11.07 09:01:55.592,8.16513,8.16614,1.00,1.00
2017.11.07 09:01:56.252,8.16513,8.16619,1.00,1.00
2017.11.07 09:01:56.453,8.16513,8.16627,1.00,1.00
2017.11.07 09:01:56.605,8.16513,8.16623,1.00,1.00
2017.11.07 09:01:56.911,8.16513,8.16618,1.00,1.00
2017.11.07 09:01:57.216,8.16542,8.16621,1.00,1.00
2017.11.07 09:01:57.267,8.16529,8.16621,1.00,1.00
2017.11.07 09:01:57.635,8.16529,8.16628,1.00,1.00
2017.11.07 09:01:57.686,8.1655,8.16628,1.00,1.50
2017.11.07 09:01:57.940,8.16528,8.16623,1.00,1.00
2017.11.07 09:01:59.870,8.16528,8.16618,1.00,1.00
2017.11.07 09:02:01.726,8.16506,8.16618,1.00,1.00
2017.11.07 09:02:02.010,8.1652,8.16618,1.00,1.00
2017.11.07 09:02:04.249,8.1652,8.16628,1.00,1.00
2017.11.07 09:02:05.543,8.1652,8.16635,1.00,1.00
2017.11.07 09:02:05.644,8.16536,8.16637,1.00,1.00
2017.11.07 09:02:05.948,8.1655,8.1664,1.00,1.00
2017.11.07 09:02:06.705,8.1655,8.16645,1.00,1.00
2017.11.07 09:02:09.407,8.1655,8.16655,1.00,1.00
2017.11.07 09:02:09.509,8.16564,8.16664,1.00,1.00
2017.11.07 09:02:09.611,8.1655,8.16665,1.00,1.00
2017.11.07 09:02:09.763,8.1655,8.16645,1.00,1.00
2017.11.07 09:02:09.814,8.16536,8.16651,1.00,1.50
2017.11.07 09:02:09.865,8.16536,8.16643,1.00,1.00
2017.11.07 09:02:10.169,8.16517,8.16609,1.00,1.00
2017.11.07 09:02:10.221,8.16517,8.16616,1.00,1.00
2017.11.07 09:02:10.272,8.16501,8.16605,1.00,1.00
2017.11.07 09:02:10.323,8.16501,8.16611,1.00,1.00
2017.11.07 09:02:10.374,8.16501,8.16614,1.00,1.00
2017.11.07 09:02:10.561,8.16501,8.16616,1.00,1.50
2017.11.07 09:02:10.613,8.16514,8.1662,1.00,1.00
2017.11.07 09:02:11.326,8.16514,8.16626,1.00,1.00
2017.11.07 09:02:11.757,8.16514,8.16628,1.00,1.00
2017.11.07 09:02:11.808,8.16526,8.16635,1.00,1.00
2017.11.07 09:02:11.937,8.16526,8.16639,1.00,1.00
2017.11.07 09:02:11.988,8.16526,8.16637,1.00,1.00
2017.11.07 09:02:13.412,8.16526,8.1664,1.00,1.00
2017.11.07 09:02:19.634,8.16543,8.16652,1.00,1.00
2017.11.07 09:02:20.021,8.16543,8.16658,1.00,1.00
2017.11.07 09:02:20.072,8.16556,8.16671,1.00,1.50
2017.11.07 09:02:20.377,8.16556,8.16667,1.00,1.00
2017.11.07 09:02:20.877,8.16556,8.16671,1.00,1.00
2017.11.07 09:02:21.382,8.16556,8.1667,1.00,1.00
2017.11.07 09:02:21.433,8.16576,8.1667,1.00,1.00
2017.11.07 09:02:21.484,8.16576,8.1668,1.00,1.00
2017.11.07 09:02:21.715,8.16593,8.16684,1.00,1.00
2017.11.07 09:02:21.970,8.16579,8.16683,1.00,1.00
2017.11.07 09:02:22.021,8.16579,8.16665,1.00,1.00
2017.11.07 09:02:22.072,8.16552,8.16666,1.00,1.00
2017.11.07 09:02:22.124,8.16552,8.16647,1.00,1.00
2017.11.07 09:02:22.175,8.16535,8.16639,1.00,1.00
2017.11.07 09:02:22.277,8.16535,8.16648,1.00,1.00
2017.11.07 09:02:22.328,8.16535,8.1662,1.00,1.00
2017.11.07 09:02:22.429,8.16479,8.16594,1.00,1.00
2017.11.07 09:02:22.650,8.16464,8.16576,1.00,1.00
2017.11.07 09:02:22.955,8.16448,8.16539,1.00,1.00
2017.11.07 09:02:23.056,8.16422,8.16529,1.00,1.00
2017.11.07 09:02:25.036,8.16422,8.16535,1.00,1.00
2017.11.07 09:02:25.138,8.16441,8.16544,1.00,1.00
2017.11.07 09:02:25.298,8.16441,8.16556,1.00,1.50
2017.11.07 09:02:25.349,8.16441,8.1655,1.00,1.00
2017.11.07 09:02:26.326,8.16441,8.16551,1.00,1.00
2017.11.07 09:02:26.632,8.16456,8.16551,1.00,1.00
2017.11.07 09:02:27.049,8.16456,8.16549,1.00,1.00
2017.11.07 09:02:28.001,8.16456,8.16556,1.00,1.00
2017.11.07 09:02:28.550,8.16456,8.16557,1.00,1.00
2017.11.07 09:02:28.950,8.16456,8.16539,1.00,1.00
2017.11.07 09:02:29.001,8.16427,8.16511,1.00,1.00
2017.11.07 09:02:29.154,8.16427,8.16508,1.00,1.00
2017.11.07 09:02:29.915,8.16427,8.16486,1.00,1.00
2017.11.07 09:02:30.229,8.16408,8.16486,1.00,1.00
2017.11.07 09:02:30.425,8.16391,8.16477,1.00,1.00
2017.11.07 09:02:30.530,8.16374,8.16476,1.00,1.00
2017.11.07 09:02:30.581,8.16374,8.16473,1.00,1.00
2017.11.07 09:02:31.928,8.16374,8.16424,1.00,1.00
2017.11.07 09:02:33.196,8.16374,8.16432,1.00,1.00
2017.11.07 09:02:33.671,8.16374,8.16403,1.00,1.00
2017.11.07 09:02:34.288,8.16363,8.16403,1.00,1.00
2017.11.07 09:02:37.273,8.16346,8.16403,1.00,1.00
2017.11.07 09:02:38.275,8.16346,8.16422,1.00,1.00
2017.11.07 09:02:38.833,8.16346,8.16404,1.00,1.00
2017.11.07 09:02:39.544,8.16346,8.16403,1.00,1.00
2017.11.07 09:02:39.595,8.16327,8.16403,1.00,1.00
2017.11.07 09:02:39.920,8.16327,8.16377,1.00,1.00
2017.11.07 09:02:40.609,8.16313,8.16377,1.00,1.00
2017.11.07 09:02:40.660,8.16313,8.16388,1.00,1.00
2017.11.07 09:02:40.711,8.16313,8.16375,1.00,1.00
2017.11.07 09:02:41.779,8.16313,8.16381,1.00,1.00
2017.11.07 09:02:41.900,8.16313,8.16359,1.00,1.00
2017.11.07 09:02:42.512,8.16294,8.16359,1.00,1.00
2017.11.07 09:02:44.131,8.1628,8.16359,1.00,1.00
2017.11.07 09:02:44.449,8.1628,8.16335,1.00,1.00
2017.11.07 09:02:44.634,8.1628,8.16353,1.00,1.00
2017.11.07 09:02:44.783,8.1628,8.16331,1.00,1.00
2017.11.07 09:02:45.087,8.16264,8.16331,1.00,1.00
2017.11.07 09:02:46.647,8.16264,8.16335,1.00,1.00
2017.11.07 09:02:46.793,8.16243,8.16335,1.00,1.00
2017.11.07 09:02:47.259,8.16243,8.16303,1.00,1.00
2017.11.07 09:02:48.403,8.16227,8.16303,1.00,1.00
2017.11.07 09:02:48.859,8.16227,8.16306,1.00,1.00
2017.11.07 09:02:48.961,8.16212,8.16306,1.00,1.00
2017.11.07 09:02:49.063,8.16212,8.16303,1.00,1.00
2017.11.07 09:02:49.180,8.16197,8.16303,1.00,1.00
2017.11.07 09:02:49.333,8.16185,8.163,1.00,1.00
2017.11.07 09:02:49.384,8.16185,8.16287,1.00,1.00
2017.11.07 09:02:49.487,8.16171,8.16286,1.00,1.00
2017.11.07 09:02:49.538,8.16158,8.16271,1.00,1.00
2017.11.07 09:02:49.793,8.16143,8.16258,1.00,1.00
2017.11.07 09:02:49.845,8.16124,8.1623,1.00,1.00
2017.11.07 09:02:50.016,8.16124,8.16239,1.00,1.00
2017.11.07 09:02:50.890,8.16124,8.16226,1.00,1.00
2017.11.07 09:02:50.941,8.16111,8.16226,1.00,1.50
2017.11.07 09:02:51.736,8.16111,8.16206,1.00,1.00
2017.11.07 09:02:52.102,8.16111,8.16179,1.00,1.00
2017.11.07 09:02:54.009,8.16088,8.16179,1.00,1.00
2017.11.07 09:02:57.235,8.16088,8.16158,1.00,1.00
2017.11.07 09:02:57.288,8.16073,8.16158,1.00,1.00
2017.11.07 09:02:57.920,8.16073,8.16162,1.00,1.00
2017.11.07 09:02:58.023,8.16052,8.16162,1.00,1.00
2017.11.07 09:02:58.787,8.16052,8.16125,1.00,1.00
2017.11.07 09:03:00.377,8.16052,8.16132,1.00,1.00
2017.11.07 09:03:00.428,8.16052,8.16113,1.00,1.00
2017.11.07 09:03:00.651,8.16038,8.16113,1.00,1.00
2017.11.07 09:03:01.999,8.16059,8.16113,1.00,1.00
2017.11.07 09:03:02.050,8.16059,8.16134,1.00,1.00
2017.11.07 09:03:03.244,8.16032,8.16116,1.00,1.00
2017.11.07 09:03:03.295,8.16032,8.16104,1.00,1.00
2017.11.07 09:03:03.346,8.16032,8.16122,1.00,1.00
2017.11.07 09:03:03.400,8.16016,8.16122,1.00,1.00
2017.11.07 09:03:03.551,8.16022,8.16121,1.00,1.00
2017.11.07 09:03:03.885,8.16036,8.16128,1.00,1.00
2017.11.07 09:03:04.419,8.16037,8.16128,1.00,1.00
2017.11.07 09:03:04.737,8.16052,8.16128,1.00,1.00
2017.11.07 09:03:06.291,8.16073,8.16128,1.00,1.00
2017.11.07 09:03:06.342,8.16073,8.16175,1.00,1.00
2017.11.07 09:03:06.494,8.16087,8.16175,1.00,1.00
2017.11.07 09:03:06.798,8.16073,8.16142,1.00,1.00
2017.11.07 09:03:07.020,8.16073,8.16187,1.00,1.37
2017.11.07 09:03:07.223,8.16074,8.16187,1.00,1.00
2017.11.07 09:03:07.274,8.16074,8.16162,1.00,1.00
2017.11.07 09:03:07.837,8.16073,8.16162,1.50,1.00
2017.11.07 09:03:09.509,8.16073,8.16138,1.00,1.00
2017.11.07 09:03:12.602,8.16058,8.16138,1.00,1.00
2017.11.07 09:03:12.653,8.16044,8.16138,1.50,1.00
2017.11.07 09:03:14.097,8.16058,8.16138,1.00,1.00
2017.11.07 09:03:14.336,8.16043,8.16138,1.00,1.00
2017.11.07 09:03:14.592,8.16061,8.16138,1.00,1.00
2017.11.07 09:03:15.667,8.16047,8.16138,1.00,1.00
2017.11.07 09:03:20.936,8.16033,8.16117,1.00,1.00
2017.11.07 09:03:20.987,8.16033,8.16128,1.00,1.00
2017.11.07 09:03:21.038,8.16021,8.16127,1.00,1.00
2017.11.07 09:03:21.090,8.16017,8.16127,1.00,1.00
2017.11.07 09:03:21.141,8.16026,8.16128,1.00,1.00
2017.11.07 09:03:21.446,8.16026,8.16105,1.00,1.00
2017.11.07 09:03:21.666,8.16012,8.16105,1.00,1.00
2017.11.07 09:03:29.159,8.16012,8.16078,1.00,1.00
2017.11.07 09:03:29.210,8.16012,8.16096,1.00,1.00
2017.11.07 09:03:29.261,8.15993,8.16082,1.00,1.00
2017.11.07 09:03:29.313,8.15995,8.16082,1.00,1.00
2017.11.07 09:03:29.624,8.15999,8.16082,1.00,1.00
2017.11.07 09:03:30.642,8.15984,8.16082,1.00,1.00
2017.11.07 09:03:30.693,8.15984,8.16086,1.00,1.00
2017.11.07 09:03:30.796,8.15984,8.16064,1.00,1.00
2017.11.07 09:03:30.898,8.15984,8.16083,1.00,1.00
2017.11.07 09:03:31.393,8.15989,8.16055,1.00,1.00
2017.11.07 09:03:31.596,8.15984,8.16072,1.00,1.00
2017.11.07 09:03:31.799,8.15988,8.16072,1.00,1.00
2017.11.07 09:03:33.109,8.15994,8.16072,1.00,1.00
2017.11.07 09:03:33.794,8.15991,8.16072,1.00,1.00
2017.11.07 09:03:33.918,8.15985,8.16072,1.00,1.00
2017.11.07 09:03:34.061,8.15989,8.16072,1.00,1.00
2017.11.07 09:03:34.632,8.15993,8.16072,1.00,1.00
2017.11.07 09:03:36.991,8.15998,8.16078,1.00,1.00
2017.11.07 09:03:37.044,8.15964,8.16076,1.00,1.00
2017.11.07 09:03:37.247,8.15984,8.16078,1.00,1.00
2017.11.07 09:03:37.348,8.15971,8.16078,1.00,1.00
2017.11.07 09:03:37.451,8.15971,8.16051,1.00,1.00
2017.11.07 09:03:38.275,8.15984,8.16051,1.00,1.00
2017.11.07 09:03:38.478,8.1597,8.16051,1.00,1.00
2017.11.07 09:03:39.629,8.15972,8.16051,1.00,1.00
2017.11.07 09:03:40.060,8.1597,8.16051,1.00,1.00
2017.11.07 09:03:42.656,8.15972,8.16051,1.00,1.00
2017.11.07 09:03:43.397,8.15992,8.16051,1.00,1.00
2017.11.07 09:03:43.499,8.15992,8.1607,1.00,1.00
2017.11.07 09:03:43.552,8.15998,8.1607,1.00,1.00
2017.11.07 09:03:43.603,8.16012,8.16098,1.50,1.00
2017.11.07 09:03:43.654,8.16026,8.16098,1.00,1.00
2017.11.07 09:03:43.756,8.16015,8.16098,1.00,1.00
2017.11.07 09:03:43.807,8.16034,8.16146,1.00,1.00
2017.11.07 09:03:44.320,8.16012,8.16097,1.00,1.00
2017.11.07 09:03:44.371,8.16015,8.16122,1.00,1.00
2017.11.07 09:03:44.422,8.16015,8.161,1.00,1.00
2017.11.07 09:03:44.726,8.16026,8.161,1.00,1.00
2017.11.07 09:03:47.364,8.16014,8.161,1.00,1.00
2017.11.07 09:03:56.111,8.16014,8.16127,1.00,1.00
2017.11.07 09:03:56.162,8.16014,8.16114,1.00,1.00
2017.11.07 09:03:56.522,8.15996,8.1609,1.00,1.00
2017.11.07 09:03:59.559,8.15996,8.16097,1.00,1.00
2017.11.07 09:03:59.662,8.15975,8.1609,1.00,1.00
2017.11.07 09:03:59.713,8.15962,8.16075,1.00,1.00
2017.11.07 09:04:00.037,8.15907,8.16021,1.19,1.00
2017.11.07 09:04:00.344,8.15886,8.16001,1.00,1.50
2017.11.07 09:04:00.395,8.15899,8.1599,1.00,1.00
2017.11.07 09:04:00.498,8.15863,8.15977,1.00,1.00
2017.11.07 09:04:00.702,8.15849,8.15964,1.00,1.00
2017.11.07 09:04:00.753,8.15849,8.15961,1.00,1.00
2017.11.07 09:04:01.048,8.15811,8.15925,1.00,1.00
2017.11.07 09:04:01.100,8.15796,8.15911,1.00,1.00
2017.11.07 09:04:01.407,8.15809,8.15923,1.00,1.75
2017.11.07 09:04:01.712,8.15809,8.1591,1.00,1.00
2017.11.07 09:04:01.813,8.1578,8.15895,1.00,1.00
2017.11.07 09:04:02.018,8.15782,8.15895,1.00,1.00
2017.11.07 09:04:02.350,8.15829,8.1594,1.00,1.00
2017.11.07 09:04:02.862,8.15829,8.15941,1.00,1.00
2017.11.07 09:04:03.199,8.15842,8.15904,1.00,1.00
2017.11.07 09:04:03.444,8.15842,8.15927,1.00,1.00
2017.11.07 09:04:03.748,8.15827,8.15935,1.00,1.00
2017.11.07 09:04:03.850,8.15806,8.1592,1.00,1.00
2017.11.07 09:04:04.201,8.15806,8.15907,1.00,1.00
2017.11.07 09:04:04.549,8.15834,8.15907,1.00,1.00
2017.11.07 09:04:05.854,8.15812,8.15907,1.00,1.00
2017.11.07 09:04:05.905,8.15812,8.15913,1.00,1.00
2017.11.07 09:04:05.957,8.15791,8.15905,1.00,1.00
2017.11.07 09:04:06.008,8.15791,8.15899,1.50,1.00
2017.11.07 09:04:06.459,8.15812,8.15899,1.00,1.00
2017.11.07 09:04:07.007,8.15812,8.15918,1.00,1.00
2017.11.07 09:04:10.455,8.15812,8.1589,1.00,1.00
2017.11.07 09:04:10.608,8.15788,8.1589,1.00,1.00
2017.11.07 09:04:12.671,8.1581,8.15912,1.00,1.00
2017.11.07 09:04:13.295,8.1581,8.15885,1.00,1.00
2017.11.07 09:04:13.346,8.15789,8.15885,1.00,1.00
2017.11.07 09:04:13.397,8.15763,8.15876,1.00,1.00
2017.11.07 09:04:13.912,8.15776,8.15876,1.00,1.00
2017.11.07 09:04:14.141,8.15776,8.1589,1.00,1.00
2017.11.07 09:04:14.409,8.1579,8.15898,1.00,1.00
2017.11.07 09:04:14.511,8.15775,8.1589,1.00,1.00
2017.11.07 09:04:16.703,8.15782,8.1589,1.00,1.00
2017.11.07 09:04:16.754,8.15775,8.1589,1.50,1.00
2017.11.07 09:04:16.958,8.15761,8.15875,1.00,1.00
2017.11.07 09:04:20.471,8.15768,8.15875,1.00,1.00
2017.11.07 09:04:20.836,8.15782,8.15875,1.00,1.00
2017.11.07 09:04:21.886,8.15773,8.15875,1.00,1.00
2017.11.07 09:04:21.937,8.1576,8.15875,1.50,1.50
2017.11.07 09:04:22.039,8.15761,8.15875,1.38,1.50
2017.11.07 09:04:22.623,8.15775,8.15875,1.00,1.00
2017.11.07 09:04:27.116,8.15762,8.15875,1.00,1.00
2017.11.07 09:04:30.233,8.15762,8.15857,1.50,1.00
2017.11.07 09:04:31.910,8.15767,8.15857,1.00,1.00
2017.11.07 09:04:32.597,8.15779,8.15857,1.00,1.00
2017.11.07 09:04:32.648,8.15779,8.15879,1.00,1.00
2017.11.07 09:04:34.067,8.1578,8.15879,1.00,1.00
2017.11.07 09:04:34.831,8.15778,8.15879,1.00,1.00
2017.11.07 09:04:36.171,8.15775,8.15876,1.00,1.00
2017.11.07 09:04:36.274,8.15736,8.15851,1.00,1.00
2017.11.07 09:04:36.376,8.15722,8.15836,1.00,1.00
2017.11.07 09:04:36.714,8.15652,8.15766,1.00,1.00
2017.11.07 09:04:37.022,8.15649,8.15761,1.00,1.00
2017.11.07 09:04:37.124,8.15631,8.15746,1.00,1.00
2017.11.07 09:04:37.459,8.15617,8.15732,1.00,1.00
2017.11.07 09:04:38.294,8.15617,8.15731,1.00,1.00
2017.11.07 09:04:38.345,8.15602,8.15717,1.00,1.00
2017.11.07 09:04:38.447,8.15589,8.15704,1.00,1.00
2017.11.07 09:04:38.751,8.15576,8.15689,1.00,1.00
2017.11.07 09:04:39.264,8.15564,8.15676,1.00,1.00
2017.11.07 09:04:39.481,8.15561,8.15676,1.50,1.00
2017.11.07 09:04:40.081,8.15537,8.15651,1.00,1.00
2017.11.07 09:04:40.394,8.15557,8.15671,1.00,1.38
2017.11.07 09:04:40.445,8.15558,8.15657,1.00,1.00
2017.11.07 09:04:40.497,8.15578,8.15657,1.00,1.00
2017.11.07 09:04:40.548,8.15565,8.15676,1.00,1.00
2017.11.07 09:04:41.107,8.15565,8.15646,1.00,1.00
2017.11.07 09:04:41.376,8.15546,8.15646,1.00,1.00
2017.11.07 09:04:42.573,8.15529,8.15643,1.00,1.00
2017.11.07 09:04:42.777,8.15529,8.15627,1.50,1.00
2017.11.07 09:04:43.379,8.15545,8.15627,1.00,1.00
2017.11.07 09:04:45.061,8.1553,8.15632,1.00,1.00
2017.11.07 09:04:45.163,8.1553,8.15609,1.00,1.00
2017.11.07 09:04:45.265,8.15525,8.15609,1.00,1.00
2017.11.07 09:04:45.413,8.15538,8.15609,1.00,1.00
2017.11.07 09:04:46.633,8.15512,8.15622,1.00,1.00
2017.11.07 09:04:46.684,8.15512,8.15613,1.00,1.00
2017.11.07 09:04:46.735,8.15485,8.1559,1.00,1.00
2017.11.07 09:04:46.787,8.15485,8.15581,1.00,1.00
2017.11.07 09:04:46.838,8.15467,8.15572,1.00,1.00
2017.11.07 09:04:46.889,8.15467,8.15558,1.00,1.00
2017.11.07 09:04:46.940,8.15443,8.15549,1.00,1.00
2017.11.07 09:04:46.992,8.15443,8.15538,1.00,1.00
2017.11.07 09:04:47.043,8.15443,8.15547,1.00,1.00
2017.11.07 09:04:47.146,8.15443,8.15545,1.00,1.00
2017.11.07 09:04:47.349,8.15443,8.15552,1.00,1.00
2017.11.07 09:04:47.643,8.15443,8.15544,1.00,1.00
2017.11.07 09:04:47.707,8.15443,8.15552,1.00,1.00
2017.11.07 09:04:47.759,8.15443,8.15557,1.00,1.00
2017.11.07 09:04:47.810,8.15454,8.15562,1.00,1.00
2017.11.07 09:04:48.147,8.15467,8.1556,1.00,1.00
2017.11.07 09:04:48.198,8.15478,8.15582,1.00,1.00
2017.11.07 09:04:48.249,8.15499,8.15582,1.00,1.00
2017.11.07 09:04:48.301,8.15524,8.15633,1.00,1.00
2017.11.07 09:04:48.352,8.15524,8.15637,1.00,1.00
2017.11.07 09:04:48.403,8.15545,8.15659,1.00,1.00
2017.11.07 09:04:48.675,8.15545,8.15656,1.00,1.00
2017.11.07 09:04:48.817,8.15531,8.15645,1.00,1.00
2017.11.07 09:04:49.029,8.15531,8.15622,1.00,1.00
2017.11.07 09:04:49.877,8.15506,8.156,1.00,1.00
2017.11.07 09:04:49.979,8.15483,8.15598,1.00,1.00
2017.11.07 09:04:51.634,8.15483,8.15582,1.00,1.00
2017.11.07 09:04:52.226,8.15466,8.15577,1.00,1.00
2017.11.07 09:04:52.328,8.15452,8.1556,1.00,1.00
2017.11.07 09:04:52.379,8.1543,8.15544,1.00,1.00
2017.11.07 09:04:52.481,8.1543,8.1554,1.00,1.00
2017.11.07 09:04:52.812,8.1543,8.1553,1.00,1.00
2017.11.07 09:04:53.108,8.15408,8.15523,1.00,1.00
2017.11.07 09:04:53.895,8.15416,8.15523,1.00,1.00
2017.11.07 09:04:53.997,8.15445,8.15557,1.00,1.00
2017.11.07 09:04:54.048,8.15468,8.15557,1.00,1.00
2017.11.07 09:04:54.099,8.15477,8.15583,1.00,1.00
2017.11.07 09:04:54.201,8.15495,8.1561,1.00,1.00
2017.11.07 09:04:54.303,8.15501,8.1561,1.00,1.00
2017.11.07 09:04:54.404,8.1552,8.15635,1.00,1.00
2017.11.07 09:04:55.558,8.15543,8.15654,1.00,1.00
2017.11.07 09:04:55.761,8.15522,8.15637,1.00,1.00
2017.11.07 09:04:55.937,8.15522,8.15603,1.00,1.00
2017.11.07 09:04:55.989,8.15506,8.15603,1.00,1.00
2017.11.07 09:04:56.271,8.15508,8.15603,1.00,1.00
2017.11.07 09:04:56.374,8.1552,8.15635,1.00,1.00
2017.11.07 09:04:56.785,8.1552,8.1562,1.00,1.00
2017.11.07 09:04:57.174,8.15523,8.15635,1.00,1.00
2017.11.07 09:04:57.226,8.15563,8.15658,1.00,1.00
2017.11.07 09:04:57.328,8.15589,8.15703,1.00,1.00
2017.11.07 09:04:57.379,8.15591,8.15703,1.00,1.00
2017.11.07 09:04:57.481,8.15618,8.15733,1.00,1.00
2017.11.07 09:04:57.532,8.15634,8.15748,1.00,1.00
2017.11.07 09:04:57.887,8.15655,8.15769,1.00,1.00
2017.11.07 09:04:58.205,8.15685,8.15799,1.00,1.00
2017.11.07 09:04:58.357,8.15656,8.15771,1.00,1.00
2017.11.07 09:04:58.409,8.15656,8.15762,1.00,1.00
2017.11.07 09:04:58.460,8.15628,8.15738,1.00,1.00
2017.11.07 09:04:58.856,8.15628,8.15711,1.00,1.00
2017.11.07 09:05:00.702,8.15595,8.15699,1.00,1.00
2017.11.07 09:05:00.753,8.15581,8.15696,1.00,1.00
2017.11.07 09:05:00.970,8.15581,8.15679,1.00,1.00
2017.11.07 09:05:01.174,8.15637,8.15752,1.00,1.00
2017.11.07 09:05:01.275,8.15651,8.15756,1.00,1.00
2017.11.07 09:05:01.633,8.15651,8.15765,1.00,1.00
2017.11.07 09:05:02.044,8.15651,8.15762,1.00,1.00
2017.11.07 09:05:02.349,8.15606,8.15707,1.00,1.00
2017.11.07 09:05:02.451,8.15595,8.15707,1.00,1.00
2017.11.07 09:05:02.592,8.15595,8.15693,1.00,1.00
2017.11.07 09:05:03.357,8.1558,8.15695,1.00,1.00
2017.11.07 09:05:03.411,8.15581,8.15686,1.00,1.00
2017.11.07 09:05:03.890,8.15593,8.15686,1.00,1.00
2017.11.07 09:05:04.232,8.15607,8.15686,1.00,1.00
2017.11.07 09:05:04.669,8.15589,8.15692,1.00,1.00
2017.11.07 09:05:04.720,8.15589,8.15674,1.00,1.00
2017.11.07 09:05:04.771,8.15556,8.15664,1.00,1.00
2017.11.07 09:05:04.822,8.15556,8.15655,1.00,1.00
2017.11.07 09:05:04.874,8.15539,8.15652,1.00,1.00
2017.11.07 09:05:04.925,8.15539,8.15643,1.00,1.00
2017.11.07 09:05:05.026,8.15496,8.15609,1.00,1.00
2017.11.07 09:05:06.166,8.15513,8.15627,1.00,1.50
2017.11.07 09:05:06.592,8.15513,8.15625,1.00,1.00
2017.11.07 09:05:06.746,8.15498,8.15613,1.00,1.00
2017.11.07 09:05:07.176,8.15498,8.15606,1.00,1.00
2017.11.07 09:05:07.278,8.15498,8.15611,1.00,1.00
2017.11.07 09:05:07.451,8.15498,8.15588,1.00,1.00
2017.11.07 09:05:07.837,8.15519,8.15588,1.00,1.00
2017.11.07 09:05:09.701,8.15519,8.15598,1.00,1.00
2017.11.07 09:05:09.762,8.15519,8.15577,1.00,1.00
2017.11.07 09:05:10.352,8.15504,8.15577,1.00,1.00
2017.11.07 09:05:11.737,8.15492,8.15577,1.00,1.00
2017.11.07 09:05:12.476,8.15475,8.15577,1.00,1.00
2017.11.07 09:05:13.125,8.15489,8.15577,1.00,1.00
2017.11.07 09:05:14.676,8.15478,8.15577,1.00,1.00
2017.11.07 09:05:17.285,8.15492,8.15577,1.00,1.00
2017.11.07 09:05:19.620,8.15477,8.15577,1.00,1.00
2017.11.07 09:05:25.295,8.15477,8.15592,1.00,1.00
2017.11.07 09:05:25.346,8.1549,8.1557,1.00,1.00
2017.11.07 09:05:25.615,8.1549,8.15603,1.00,1.00
2017.11.07 09:05:25.923,8.1549,8.15592,1.00,1.00
2017.11.07 09:05:26.229,8.15505,8.15592,1.00,1.00
2017.11.07 09:05:26.280,8.15505,8.15612,1.00,1.00
2017.11.07 09:05:26.473,8.15505,8.156,1.00,1.00
2017.11.07 09:05:26.672,8.15505,8.15619,1.00,1.00
2017.11.07 09:05:26.833,8.15505,8.15605,1.00,1.00
2017.11.07 09:05:33.613,8.15521,8.15605,1.00,1.00
2017.11.07 09:05:33.715,8.15521,8.15625,1.00,1.00
2017.11.07 09:05:33.818,8.15542,8.15656,1.00,1.00
2017.11.07 09:05:34.022,8.15556,8.15671,1.00,1.00
2017.11.07 09:05:35.134,8.15556,8.15658,1.00,1.00
2017.11.07 09:05:36.652,8.15542,8.15657,1.00,1.00
2017.11.07 09:05:37.618,8.15542,8.15655,1.00,1.00
2017.11.07 09:05:38.709,8.15542,8.1564,1.00,1.00
2017.11.07 09:05:39.169,8.15528,8.1564,1.00,1.00
2017.11.07 09:05:44.159,8.15514,8.15623,1.00,1.00
2017.11.07 09:05:44.404,8.155,8.15614,1.00,1.00
2017.11.07 09:05:44.709,8.155,8.15601,1.00,1.00
2017.11.07 09:05:46.392,8.15503,8.15601,1.00,1.00
2017.11.07 09:05:46.802,8.15528,8.1562,1.00,1.00
2017.11.07 09:05:59.959,8.15516,8.1562,1.00,1.00
2017.11.07 09:06:00.011,8.15516,8.15628,1.00,1.00
2017.11.07 09:06:00.062,8.15495,8.1561,1.00,1.00
2017.11.07 09:06:00.267,8.15495,8.15602,1.00,1.00
2017.11.07 09:06:02.217,8.1551,8.15602,1.00,1.00
2017.11.07 09:06:11.520,8.1549,8.15582,1.00,1.00
2017.11.07 09:06:11.622,8.15458,8.15571,1.00,1.00
2017.11.07 09:06:12.490,8.15458,8.15565,1.00,1.00
2017.11.07 09:06:13.247,8.15458,8.15562,1.00,1.00
2017.11.07 09:06:13.936,8.15458,8.1555,1.00,1.00
2017.11.07 09:06:15.175,8.1544,8.1554,1.00,1.00
2017.11.07 09:06:15.226,8.1544,8.15537,1.00,1.00
2017.11.07 09:06:15.278,8.15427,8.15537,1.00,1.00
2017.11.07 09:06:15.861,8.15427,8.15524,1.00,1.00
2017.11.07 09:06:16.279,8.15445,8.15524,1.00,1.00
2017.11.07 09:06:16.694,8.1545,8.15524,1.00,1.00
2017.11.07 09:06:16.745,8.15459,8.15542,1.50,1.00
2017.11.07 09:06:16.796,8.15464,8.15542,1.00,1.00
2017.11.07 09:06:17.059,8.15481,8.15596,1.00,1.00
2017.11.07 09:06:17.534,8.15481,8.15571,1.00,1.00
2017.11.07 09:06:19.101,8.15499,8.15571,1.00,1.00
2017.11.07 09:06:20.646,8.1551,8.15571,1.00,1.00
2017.11.07 09:06:22.021,8.15493,8.15571,1.00,1.00
2017.11.07 09:06:22.150,8.15479,8.15571,1.00,1.00
2017.11.07 09:06:23.706,8.15482,8.15571,1.00,1.00
2017.11.07 09:06:24.626,8.15486,8.15571,1.00,1.00
2017.11.07 09:06:25.505,8.15479,8.15571,1.00,1.00
2017.11.07 09:06:26.165,8.15473,8.15571,1.00,1.00
2017.11.07 09:06:26.521,8.15469,8.15571,1.00,1.00
2017.11.07 09:06:26.840,8.15464,8.15571,1.00,1.00
2017.11.07 09:06:27.537,8.15464,8.15554,1.00,1.00
2017.11.07 09:06:27.641,8.1545,8.15554,1.00,1.00
2017.11.07 09:06:27.743,8.15461,8.15554,1.00,1.00
2017.11.07 09:06:28.098,8.15471,8.15554,1.00,1.00
2017.11.07 09:06:28.720,8.15471,8.15573,1.00,1.00
2017.11.07 09:06:28.874,8.15443,8.15552,1.00,1.00
2017.11.07 09:06:34.245,8.15458,8.15557,1.00,1.00
2017.11.07 09:06:34.347,8.15474,8.15589,1.60,1.00
2017.11.07 09:06:34.398,8.15502,8.15589,1.00,1.00
2017.11.07 09:06:34.449,8.15506,8.15621,1.00,1.00
2017.11.07 09:06:34.669,8.15506,8.15617,1.00,1.00
2017.11.07 09:06:34.879,8.15463,8.15576,1.00,1.00
2017.11.07 09:06:35.234,8.1545,8.15562,1.00,1.00
2017.11.07 09:06:51.205,8.15445,8.15558,1.00,1.00
2017.11.07 09:06:56.096,8.15465,8.15569,1.00,1.00
2017.11.07 09:06:56.403,8.15471,8.15578,1.00,1.00
2017.11.07 09:06:56.505,8.15458,8.15573,1.00,1.00
2017.11.07 09:07:04.530,8.15473,8.15581,1.00,1.00
2017.11.07 09:07:04.581,8.15473,8.15584,1.00,1.00
2017.11.07 09:07:05.419,8.15473,8.1558,1.00,1.00
2017.11.07 09:07:06.110,8.15473,8.15588,1.50,1.00
2017.11.07 09:07:06.162,8.15473,8.15584,1.00,1.00
2017.11.07 09:07:06.214,8.15473,8.15587,1.00,1.00
2017.11.07 09:07:06.266,8.15473,8.15582,1.00,1.00
2017.11.07 09:07:06.724,8.15459,8.15574,1.00,1.00
2017.11.07 09:07:10.950,8.15473,8.15582,1.00,1.00
2017.11.07 09:07:11.831,8.15473,8.15577,1.00,1.00
2017.11.07 09:07:11.882,8.15473,8.15579,1.00,1.00
2017.11.07 09:07:13.868,8.15485,8.15584,1.00,1.00
2017.11.07 09:07:18.272,8.15485,8.1559,1.00,1.00
2017.11.07 09:07:18.456,8.15499,8.1559,1.00,1.00
2017.11.07 09:07:18.884,8.15499,8.15612,1.00,1.00
2017.11.07 09:07:19.399,8.15499,8.15614,1.00,1.00
2017.11.07 09:07:21.740,8.15521,8.15617,1.00,1.00
2017.11.07 09:07:23.836,8.15536,8.15639,1.00,1.00
2017.11.07 09:07:23.887,8.15536,8.15625,1.00,1.00
2017.11.07 09:07:24.040,8.15514,8.1562,1.00,1.00
2017.11.07 09:07:25.430,8.15514,8.15625,1.00,1.00
2017.11.07 09:07:25.481,8.15514,8.15628,1.00,1.00
2017.11.07 09:07:25.657,8.15528,8.15629,1.00,1.00
2017.11.07 09:07:25.709,8.15528,8.15637,1.00,1.00
2017.11.07 09:07:25.811,8.15528,8.15641,1.00,1.00
2017.11.07 09:07:25.913,8.15549,8.15652,1.00,1.00
2017.11.07 09:07:27.595,8.15549,8.1565,1.00,1.00
2017.11.07 09:07:28.744,8.15549,8.15656,1.00,1.00
2017.11.07 09:07:28.904,8.15549,8.15652,1.00,1.00
2017.11.07 09:07:30.516,8.15536,8.15648,1.00,1.00
2017.11.07 09:07:30.668,8.15536,8.15646,1.00,1.00
2017.11.07 09:07:31.719,8.15536,8.15644,1.00,1.00
2017.11.07 09:07:32.792,8.15536,8.15643,1.00,1.00
2017.11.07 09:07:34.501,8.15536,8.15648,1.00,1.00
2017.11.07 09:07:34.608,8.15549,8.15654,1.00,1.00
2017.11.07 09:07:34.919,8.15564,8.15659,1.00,1.00
2017.11.07 09:07:35.838,8.15564,8.1566,1.00,1.00
2017.11.07 09:07:36.749,8.15564,8.15646,1.00,1.00
2017.11.07 09:07:36.851,8.15564,8.1566,1.00,1.00
2017.11.07 09:07:38.847,8.15564,8.15643,1.00,1.00
2017.11.07 09:07:38.950,8.15564,8.1566,1.00,1.00
2017.11.07 09:07:40.745,8.15564,8.15678,1.00,1.00
2017.11.07 09:07:40.847,8.15585,8.15683,1.00,1.50
2017.11.07 09:07:42.415,8.1559,8.15699,1.00,1.00
2017.11.07 09:07:42.466,8.15608,8.15699,1.00,1.00
2017.11.07 09:07:42.569,8.15634,8.15743,1.00,1.00
2017.11.07 09:07:42.620,8.15634,8.15702,1.00,1.00
2017.11.07 09:07:42.671,8.15612,8.15687,1.00,1.00
2017.11.07 09:07:42.722,8.15575,8.15682,1.00,1.00
2017.11.07 09:07:43.856,8.15567,8.15682,1.00,1.00
2017.11.07 09:07:48.789,8.1557,8.15682,1.00,1.00
2017.11.07 09:07:48.942,8.15599,8.15713,1.00,1.00
2017.11.07 09:07:49.607,8.15598,8.15713,1.00,1.00
2017.11.07 09:07:49.726,8.15587,8.15699,1.00,1.00
2017.11.07 09:07:49.777,8.1557,8.15685,1.00,1.00
2017.11.07 09:07:50.509,8.15573,8.15685,1.00,1.00
2017.11.07 09:07:50.899,8.1559,8.15685,1.00,1.00
2017.11.07 09:07:50.950,8.1559,8.15699,1.00,1.00
2017.11.07 09:07:51.102,8.15578,8.15684,1.00,1.00
2017.11.07 09:07:52.749,8.15589,8.15684,1.00,1.00
2017.11.07 09:07:52.851,8.15599,8.15703,1.00,1.00
2017.11.07 09:07:52.953,8.15604,8.15703,1.00,1.00
2017.11.07 09:07:53.643,8.15614,8.15717,1.00,1.00
2017.11.07 09:07:53.694,8.15619,8.15717,1.00,1.00
2017.11.07 09:07:53.898,8.1561,8.15717,1.00,1.00
2017.11.07 09:07:53.950,8.15606,8.15717,1.00,1.00
2017.11.07 09:07:54.052,8.15611,8.15703,1.00,1.00
2017.11.07 09:07:54.370,8.15606,8.15703,1.00,1.00
2017.11.07 09:07:54.422,8.1561,8.15703,1.00,1.00
2017.11.07 09:07:55.242,8.15608,8.15703,1.00,1.00
2017.11.07 09:07:55.432,8.15612,8.15703,1.00,1.00
2017.11.07 09:07:55.769,8.15626,8.1572,1.00,1.00
2017.11.07 09:07:55.820,8.15649,8.1572,1.00,1.00
2017.11.07 09:07:55.871,8.15653,8.15756,1.00,1.00
2017.11.07 09:07:55.922,8.15641,8.15752,1.00,1.00
2017.11.07 09:07:55.973,8.15641,8.15728,1.00,1.00
2017.11.07 09:07:56.075,8.15601,8.15706,1.00,1.00
2017.11.07 09:07:56.749,8.15613,8.15721,1.00,1.00
2017.11.07 09:07:57.290,8.15614,8.15721,1.00,1.00
2017.11.07 09:07:57.655,8.15611,8.15721,1.00,1.00
2017.11.07 09:07:58.616,8.15624,8.15735,1.00,1.00
2017.11.07 09:07:58.668,8.1562,8.15735,1.00,1.00
2017.11.07 09:07:59.445,8.1561,8.15721,1.00,1.00
2017.11.07 09:07:59.496,8.15606,8.15721,1.00,1.00
2017.11.07 09:07:59.653,8.15603,8.15707,1.00,1.00
2017.11.07 09:07:59.707,8.15599,8.15707,1.00,1.00
2017.11.07 09:08:00.720,8.15592,8.15707,1.00,1.00
2017.11.07 09:08:00.771,8.15592,8.15705,1.00,1.00
2017.11.07 09:08:00.822,8.15592,8.15707,1.00,1.00
2017.11.07 09:08:01.156,8.15594,8.15707,1.00,1.00
2017.11.07 09:08:02.023,8.15592,8.15707,1.00,1.00
2017.11.07 09:08:05.219,8.15594,8.15707,1.00,1.00
2017.11.07 09:08:05.534,8.15604,8.15708,1.00,1.00
2017.11.07 09:08:08.414,8.15601,8.15708,1.00,1.00
2017.11.07 09:08:08.465,8.15622,8.15737,1.00,1.00
2017.11.07 09:08:08.516,8.15625,8.15737,1.00,1.00
2017.11.07 09:08:08.617,8.15622,8.15737,1.00,1.00
2017.11.07 09:08:08.668,8.15609,8.15723,1.00,1.00
2017.11.07 09:08:09.665,8.15608,8.15723,1.00,1.00
2017.11.07 09:08:11.721,8.15609,8.15723,1.00,1.00
2017.11.07 09:08:12.153,8.15594,8.15708,1.00,1.00
2017.11.07 09:08:14.673,8.15597,8.15708,1.00,1.00
2017.11.07 09:08:14.724,8.15608,8.15722,1.00,1.00
2017.11.07 09:08:14.932,8.15608,8.15719,1.00,1.00
2017.11.07 09:08:15.034,8.15594,8.15708,1.00,1.00
2017.11.07 09:08:17.849,8.15596,8.15708,1.00,1.00
2017.11.07 09:08:18.183,8.156,8.15708,1.00,1.00
2017.11.07 09:08:18.447,8.15622,8.15734,1.00,1.00
2017.11.07 09:08:18.499,8.15622,8.15732,1.00,1.00
2017.11.07 09:08:18.628,8.15608,8.1572,1.00,1.00
2017.11.07 09:08:19.040,8.15606,8.1572,1.00,1.00
2017.11.07 09:08:19.566,8.15605,8.1572,1.00,1.00
2017.11.07 09:08:21.637,8.15614,8.1572,1.00,1.00
2017.11.07 09:08:21.688,8.15626,8.15739,1.00,1.00
2017.11.07 09:08:21.739,8.15626,8.15732,1.00,1.00
2017.11.07 09:08:21.892,8.15615,8.15725,1.00,1.00
2017.11.07 09:08:22.355,8.1561,8.15725,1.00,1.00
2017.11.07 09:08:24.817,8.15608,8.15709,1.00,1.00
2017.11.07 09:08:26.274,8.15608,8.15723,1.50,1.00
2017.11.07 09:08:28.841,8.15594,8.15708,1.00,1.00
2017.11.07 09:08:29.440,8.1558,8.15694,1.00,1.00
2017.11.07 09:08:29.746,8.15573,8.15679,1.00,1.00
2017.11.07 09:08:34.437,8.15581,8.15696,1.00,1.00
2017.11.07 09:08:37.961,8.15567,8.15681,1.00,1.00
2017.11.07 09:08:38.262,8.1555,8.1566,1.00,1.00
2017.11.07 09:08:38.429,8.15546,8.1566,2.25,1.00
2017.11.07 09:08:38.695,8.15546,8.15658,1.00,1.00
2017.11.07 09:08:39.106,8.15546,8.15654,1.00,1.00
2017.11.07 09:08:40.974,8.15546,8.15659,1.00,1.00
2017.11.07 09:08:41.177,8.15548,8.1566,1.00,1.00
2017.11.07 09:08:41.228,8.15563,8.15678,1.00,1.00
2017.11.07 09:08:41.280,8.15566,8.15678,1.00,1.00
2017.11.07 09:08:42.596,8.15554,8.15661,1.00,1.00
2017.11.07 09:08:42.698,8.1554,8.15648,1.00,1.00
2017.11.07 09:08:45.153,8.15552,8.15648,1.00,1.00
2017.11.07 09:08:45.947,8.15539,8.15648,1.00,1.00
2017.11.07 09:08:47.190,8.15557,8.15664,1.00,1.00
2017.11.07 09:08:47.391,8.15564,8.15679,1.00,1.00
2017.11.07 09:08:48.434,8.15564,8.15678,1.00,1.00
2017.11.07 09:08:49.626,8.15564,8.15676,1.00,1.00
2017.11.07 09:08:50.260,8.15564,8.15678,1.00,1.00
2017.11.07 09:08:50.709,8.15564,8.15668,1.00,1.00
2017.11.07 09:08:50.761,8.15554,8.15666,1.00,1.00
2017.11.07 09:08:51.248,8.15551,8.15666,1.00,1.00
2017.11.07 09:08:51.427,8.15551,8.15662,1.00,1.00
2017.11.07 09:08:57.140,8.15551,8.15666,1.00,1.50
2017.11.07 09:08:57.860,8.15551,8.15665,1.00,1.00
2017.11.07 09:09:02.649,8.15551,8.15666,1.00,1.00
2017.11.07 09:09:05.339,8.15551,8.15665,1.00,1.00
2017.11.07 09:09:06.164,8.1554,8.15653,1.00,1.00
2017.11.07 09:09:06.266,8.15553,8.15668,1.00,1.00
2017.11.07 09:09:06.317,8.1556,8.15668,1.00,1.00
2017.11.07 09:09:06.580,8.1557,8.15682,1.00,1.00
2017.11.07 09:09:07.082,8.15582,8.15697,1.00,1.00
2017.11.07 09:09:08.566,8.15582,8.15694,1.00,1.00
2017.11.07 09:09:09.113,8.15591,8.15694,1.00,1.00
2017.11.07 09:09:11.171,8.15609,8.15705,1.00,1.00
2017.11.07 09:09:11.222,8.1562,8.15732,1.00,1.00
2017.11.07 09:09:12.856,8.1562,8.15733,1.00,1.00
2017.11.07 09:09:15.420,8.1562,8.15703,1.00,1.00
2017.11.07 09:09:15.471,8.1558,8.15694,1.00,1.00
2017.11.07 09:09:15.623,8.15564,8.15677,1.50,1.00
2017.11.07 09:09:22.833,8.15574,8.15677,1.00,1.00
2017.11.07 09:09:22.884,8.15579,8.15694,1.00,1.00
2017.11.07 09:09:22.986,8.15574,8.1568,1.00,1.00
2017.11.07 09:09:26.612,8.15565,8.1568,1.00,1.00
2017.11.07 09:09:29.119,8.15578,8.15693,1.00,1.00
2017.11.07 09:09:29.692,8.15564,8.15679,1.00,1.00
2017.11.07 09:09:31.512,8.1555,8.15665,1.00,1.00
2017.11.07 09:09:33.946,8.1555,8.15664,1.00,1.00
2017.11.07 09:09:35.350,8.1555,8.15658,1.00,1.00
2017.11.07 09:09:39.961,8.1555,8.15663,1.00,1.00
2017.11.07 09:09:40.214,8.1555,8.15657,1.00,1.00
2017.11.07 09:09:41.542,8.1555,8.15658,1.00,1.00
2017.11.07 09:09:41.593,8.1555,8.15665,1.00,1.00
2017.11.07 09:09:42.886,8.1555,8.15663,1.00,1.00
2017.11.07 09:09:43.113,8.1555,8.15665,1.00,1.00
2017.11.07 09:09:43.584,8.15535,8.1565,1.00,1.00
2017.11.07 09:09:43.913,8.15549,8.15664,1.00,1.00
2017.11.07 09:09:45.701,8.15549,8.15658,1.00,1.00
2017.11.07 09:09:45.752,8.15549,8.15664,1.00,1.60
2017.11.07 09:09:45.803,8.15549,8.15662,1.00,1.60
2017.11.07 09:09:45.854,8.1552,8.15635,1.00,1.60
2017.11.07 09:09:45.960,8.15477,8.15592,1.00,1.00
2017.11.07 09:09:46.308,8.15448,8.15563,1.14,1.00
2017.11.07 09:09:46.381,8.15462,8.15577,1.00,1.00
2017.11.07 09:09:49.572,8.15446,8.1556,1.00,1.00
2017.11.07 09:09:50.027,8.1544,8.15546,1.00,1.00
2017.11.07 09:09:52.810,8.15447,8.15561,1.00,1.00
2017.11.07 09:09:53.144,8.15461,8.15575,1.00,1.00
2017.11.07 09:09:54.559,8.15475,8.1559,1.00,1.00
2017.11.07 09:09:54.661,8.15489,8.15604,1.00,1.00
2017.11.07 09:09:55.901,8.15511,8.15626,1.00,1.00
2017.11.07 09:09:57.141,8.15524,8.15639,1.00,1.00
2017.11.07 09:09:58.524,8.15539,8.15654,1.00,1.00
2017.11.07 09:09:58.959,8.1556,8.15675,1.00,1.00
2017.11.07 09:09:59.534,8.15539,8.15654,1.00,1.00
2017.11.07 09:09:59.856,8.1549,8.15605,1.00,1.00
2017.11.07 09:10:00.577,8.15504,8.15619,1.00,1.00
2017.11.07 09:10:00.905,8.15518,8.15633,1.00,1.00
2017.11.07 09:10:01.422,8.15504,8.15619,1.00,1.00
2017.11.07 09:10:01.767,8.15522,8.15634,1.00,1.00
2017.11.07 09:10:01.869,8.1554,8.15654,1.00,1.50
2017.11.07 09:10:02.424,8.15527,8.15633,1.00,1.00
2017.11.07 09:10:02.526,8.15525,8.15633,1.00,1.00
2017.11.07 09:10:03.003,8.15518,8.15633,1.00,1.00
2017.11.07 09:10:04.559,8.15533,8.15647,1.00,1.00
2017.11.07 09:10:10.354,8.15537,8.15647,1.00,1.00
2017.11.07 09:10:10.405,8.1557,8.15684,1.00,1.00
2017.11.07 09:10:10.612,8.15586,8.15701,1.00,1.00
2017.11.07 09:10:11.028,8.15571,8.15686,1.00,1.00
2017.11.07 09:10:13.940,8.15571,8.1568,1.00,1.00
2017.11.07 09:10:14.213,8.15517,8.15631,1.00,1.00
2017.11.07 09:10:14.264,8.15517,8.15629,1.00,1.00
2017.11.07 09:10:14.592,8.15504,8.15616,1.00,1.00
2017.11.07 09:10:18.068,8.15517,8.15631,1.00,1.00
2017.11.07 09:10:18.698,8.15517,8.15626,1.00,1.00
2017.11.07 09:10:19.021,8.15555,8.15631,1.00,1.00
2017.11.07 09:10:19.122,8.15577,8.15678,1.00,1.00
2017.11.07 09:10:19.174,8.15577,8.15627,1.00,1.00
2017.11.07 09:10:19.225,8.15553,8.15629,1.00,1.00
2017.11.07 09:10:19.328,8.15519,8.15629,1.00,1.00
2017.11.07 09:10:19.531,8.15519,8.15621,1.00,1.00
2017.11.07 09:10:19.974,8.15504,8.15619,1.00,1.00
2017.11.07 09:10:20.438,8.15504,8.15617,1.00,1.00
2017.11.07 09:10:20.842,8.15504,8.15609,1.00,1.00
2017.11.07 09:10:26.744,8.15525,8.15631,1.00,1.00
2017.11.07 09:10:26.795,8.15534,8.15631,1.00,1.00
2017.11.07 09:10:26.846,8.15558,8.15657,1.00,1.00
2017.11.07 09:10:26.897,8.15569,8.15657,1.00,1.00
2017.11.07 09:10:26.949,8.15569,8.15683,1.00,1.00
2017.11.07 09:10:27.000,8.15579,8.15683,1.00,1.00
2017.11.07 09:10:27.134,8.15593,8.15708,1.00,1.00
2017.11.07 09:10:27.236,8.15596,8.15708,1.00,1.00
2017.11.07 09:10:27.338,8.15612,8.15727,1.00,1.00
2017.11.07 09:10:27.875,8.15624,8.15727,1.00,1.00
2017.11.07 09:10:27.977,8.15645,8.15758,1.00,1.00
2017.11.07 09:10:28.259,8.1563,8.15744,1.00,1.00
2017.11.07 09:10:28.312,8.15616,8.1573,1.00,1.50
2017.11.07 09:10:28.727,8.15642,8.15744,1.00,1.00
2017.11.07 09:10:34.784,8.15639,8.15744,1.00,1.00
2017.11.07 09:10:35.512,8.15637,8.15744,1.00,1.00
2017.11.07 09:10:38.206,8.15654,8.15759,1.00,1.00
2017.11.07 09:10:38.308,8.15658,8.15773,1.00,1.00
2017.11.07 09:10:38.359,8.15661,8.15773,1.00,1.00
2017.11.07 09:10:38.512,8.15651,8.15766,1.00,1.00
2017.11.07 09:10:38.614,8.15637,8.15745,1.00,1.00
2017.11.07 09:10:38.980,8.15642,8.15745,1.00,1.00
2017.11.07 09:10:39.558,8.15641,8.15745,1.00,1.00
2017.11.07 09:10:42.348,8.15642,8.15745,1.00,1.00
2017.11.07 09:10:42.983,8.1564,8.15745,1.00,1.00
2017.11.07 09:10:47.174,8.1563,8.15742,1.00,1.00
2017.11.07 09:10:47.304,8.1563,8.15745,1.00,1.50
2017.11.07 09:10:47.355,8.15616,8.15731,1.00,1.00
2017.11.07 09:10:50.126,8.15602,8.15716,1.50,1.00
2017.11.07 09:10:50.459,8.15588,8.15702,1.00,1.00
2017.11.07 09:10:50.766,8.15593,8.157,1.00,1.00
2017.11.07 09:10:51.158,8.15588,8.157,1.00,1.00
2017.11.07 09:10:51.361,8.15594,8.157,1.00,1.00
2017.11.07 09:10:52.575,8.15599,8.157,1.00,1.00
2017.11.07 09:10:53.045,8.15603,8.157,1.00,1.00
2017.11.07 09:10:53.397,8.15604,8.15717,1.00,1.00
2017.11.07 09:10:53.767,8.15618,8.15717,1.00,1.00
2017.11.07 09:10:53.869,8.15625,8.15739,1.00,1.00
2017.11.07 09:10:54.690,8.15625,8.15737,1.00,1.00
2017.11.07 09:10:54.741,8.1561,8.15725,1.50,1.00
2017.11.07 09:10:55.075,8.1561,8.15714,1.00,1.00
2017.11.07 09:10:55.126,8.15587,8.15696,1.00,1.00
2017.11.07 09:10:55.279,8.15581,8.15696,1.00,1.00
2017.11.07 09:10:55.330,8.15579,8.15678,1.00,1.00
2017.11.07 09:10:56.231,8.15552,8.15656,1.00,1.00
2017.11.07 09:10:56.282,8.15547,8.15656,1.00,1.00
2017.11.07 09:10:56.333,8.15543,8.15656,1.00,1.00
2017.11.07 09:10:56.384,8.15548,8.15656,1.00,1.00
2017.11.07 09:10:56.435,8.15542,8.15656,1.00,1.00
2017.11.07 09:10:57.030,8.15546,8.15656,1.00,1.00
2017.11.07 09:10:57.220,8.15542,8.15656,1.00,1.00
2017.11.07 09:11:01.010,8.15558,8.1566,1.00,1.00
2017.11.07 09:11:03.205,8.15572,8.1566,1.00,1.00
2017.11.07 09:11:03.307,8.15559,8.1566,1.00,1.00
2017.11.07 09:11:03.663,8.15567,8.15659,1.00,1.00
2017.11.07 09:11:03.814,8.15572,8.15682,1.00,1.00
2017.11.07 09:11:04.886,8.15572,8.1568,1.00,1.00
2017.11.07 09:11:05.529,8.15572,8.15681,1.00,1.00
2017.11.07 09:11:06.360,8.15572,8.15682,1.00,1.00
2017.11.07 09:11:07.133,8.1555,8.15664,1.00,1.00
2017.11.07 09:11:07.441,8.1555,8.15661,1.00,1.00
2017.11.07 09:11:14.855,8.1555,8.15655,1.00,1.00
2017.11.07 09:11:15.009,8.15536,8.15645,1.00,1.00
2017.11.07 09:11:15.060,8.15536,8.15648,1.00,1.00
2017.11.07 09:11:15.244,8.15536,8.15643,1.00,1.00
2017.11.07 09:11:15.499,8.15521,8.15636,1.00,1.00
2017.11.07 09:11:17.211,8.15521,8.15632,1.00,1.00
2017.11.07 09:11:18.769,8.15536,8.15632,1.00,1.00
2017.11.07 09:11:18.901,8.15536,8.1564,1.00,1.00
2017.11.07 09:11:18.952,8.15558,8.15671,1.00,1.00
2017.11.07 09:11:20.084,8.15558,8.15668,1.00,1.00
2017.11.07 09:11:20.608,8.15558,8.15671,1.00,1.00
2017.11.07 09:11:21.512,8.15571,8.15682,1.00,1.00
2017.11.07 09:11:21.734,8.15557,8.15671,1.00,1.00
2017.11.07 09:11:23.672,8.15568,8.15682,1.00,1.00
2017.11.07 09:11:24.190,8.15568,8.15683,1.00,1.00
2017.11.07 09:11:24.596,8.1556,8.15665,1.00,1.00
2017.11.07 09:11:25.428,8.15568,8.15678,1.00,1.00
2017.11.07 09:11:26.949,8.15568,8.15683,1.00,1.00
2017.11.07 09:11:27.340,8.15583,8.15697,1.50,1.00
2017.11.07 09:11:28.948,8.15598,8.1571,1.00,1.00
2017.11.07 09:11:29.051,8.15584,8.15697,1.00,1.00
2017.11.07 09:11:29.571,8.15583,8.15697,1.00,1.00
2017.11.07 09:11:29.879,8.15585,8.15697,1.00,1.00
2017.11.07 09:11:30.163,8.15583,8.15697,1.00,1.00
2017.11.07 09:11:30.869,8.15598,8.15697,1.00,1.00
2017.11.07 09:11:30.920,8.15592,8.15697,1.50,1.00
2017.11.07 09:11:31.093,8.15599,8.15702,1.00,1.00
2017.11.07 09:11:31.430,8.15611,8.15702,1.00,1.00
2017.11.07 09:11:31.666,8.15625,8.15724,1.00,1.00
2017.11.07 09:11:31.717,8.15625,8.15737,1.00,1.00
2017.11.07 09:11:32.071,8.15639,8.15731,1.00,1.00
2017.11.07 09:11:33.906,8.15622,8.15731,1.00,1.00
2017.11.07 09:11:34.232,8.15636,8.15731,1.00,1.00
2017.11.07 09:11:34.552,8.15636,8.15751,1.00,1.00
2017.11.07 09:11:39.368,8.15636,8.1575,1.00,1.00
2017.11.07 09:11:39.419,8.15636,8.15741,1.00,1.00
2017.11.07 09:11:39.520,8.15614,8.15725,1.00,1.00
2017.11.07 09:11:40.190,8.15612,8.15725,1.00,1.00
2017.11.07 09:11:40.292,8.15612,8.15723,1.00,1.00
2017.11.07 09:11:42.465,8.15612,8.15718,1.00,1.00
2017.11.07 09:11:44.470,8.15612,8.15721,1.00,1.00
2017.11.07 09:11:44.521,8.15612,8.15724,1.00,1.00
2017.11.07 09:11:45.244,8.15612,8.15725,1.00,1.00
2017.11.07 09:11:45.396,8.15612,8.15722,1.00,1.00
2017.11.07 09:11:45.447,8.15593,8.15707,1.50,1.00
2017.11.07 09:11:45.650,8.15589,8.15693,1.00,1.00
2017.11.07 09:11:49.940,8.15593,8.15693,1.00,1.00
2017.11.07 09:11:50.403,8.15604,8.15707,1.00,1.00
2017.11.07 09:11:50.454,8.15611,8.15707,1.00,1.00
2017.11.07 09:11:50.591,8.15616,8.15721,1.00,1.00
2017.11.07 09:11:50.643,8.15637,8.15735,1.00,1.00
2017.11.07 09:11:50.697,8.15644,8.15749,1.00,1.00
2017.11.07 09:11:50.749,8.15657,8.15749,1.00,1.00
2017.11.07 09:11:50.904,8.15663,8.15778,1.00,1.00
2017.11.07 09:11:51.415,8.15664,8.15778,1.00,1.00
2017.11.07 09:11:51.898,8.15675,8.15778,1.00,1.00
2017.11.07 09:11:51.950,8.1567,8.15778,1.00,1.00
2017.11.07 09:11:53.998,8.15667,8.15778,1.00,1.00
2017.11.07 09:11:55.744,8.15662,8.15761,1.00,1.00
2017.11.07 09:11:55.795,8.15651,8.15761,1.00,1.00
2017.11.07 09:11:56.351,8.1565,8.15761,1.00,1.00
2017.11.07 09:11:56.888,8.15649,8.15761,1.00,1.00
2017.11.07 09:11:57.149,8.15646,8.15761,1.00,1.00
2017.11.07 09:11:58.660,8.15648,8.15761,1.00,1.00
2017.11.07 09:11:59.027,8.15654,8.15761,1.00,1.00
2017.11.07 09:12:03.397,8.15661,8.15761,1.00,1.00
2017.11.07 09:12:03.499,8.15656,8.15761,1.00,1.00
2017.11.07 09:12:05.011,8.15655,8.15761,1.00,1.00
2017.11.07 09:12:05.683,8.15653,8.15761,1.00,1.00
2017.11.07 09:12:05.933,8.15657,8.15761,1.00,1.00
2017.11.07 09:12:06.115,8.15653,8.15761,1.00,1.00
2017.11.07 09:12:08.195,8.15648,8.15761,1.00,1.00
2017.11.07 09:12:08.324,8.15653,8.15761,1.00,1.00
2017.11.07 09:12:12.400,8.15653,8.15758,1.00,1.00
2017.11.07 09:12:12.478,8.15651,8.15758,1.00,1.00
2017.11.07 09:12:13.210,8.1565,8.15758,1.00,1.00
2017.11.07 09:12:24.821,8.1566,8.15758,1.00,1.00
2017.11.07 09:12:24.872,8.1566,8.15772,1.00,1.00
2017.11.07 09:12:29.059,8.15665,8.15772,1.00,1.00
2017.11.07 09:12:29.161,8.1568,8.15794,1.00,1.00
2017.11.07 09:12:29.212,8.1568,8.15792,1.00,1.00
2017.11.07 09:12:29.558,8.15667,8.15773,1.00,1.00
2017.11.07 09:12:30.541,8.15662,8.15773,1.00,1.00
2017.11.07 09:12:30.643,8.15659,8.15773,1.50,1.00
2017.11.07 09:12:31.144,8.15654,8.15758,1.00,1.00
2017.11.07 09:12:31.195,8.1565,8.15758,1.00,1.00
2017.11.07 09:12:31.307,8.1565,8.15744,1.00,1.00
2017.11.07 09:12:31.663,8.15646,8.15744,1.00,1.00
2017.11.07 09:12:33.118,8.15646,8.15758,1.00,1.00
2017.11.07 09:12:34.513,8.15652,8.15758,1.00,1.00
2017.11.07 09:12:35.502,8.15656,8.15758,1.00,1.00
2017.11.07 09:12:35.706,8.15684,8.15794,1.00,1.00
2017.11.07 09:12:35.757,8.15679,8.15794,1.00,1.00
2017.11.07 09:12:37.754,8.15689,8.15794,1.00,1.00
2017.11.07 09:12:37.806,8.15707,8.15822,1.00,1.00
2017.11.07 09:12:38.111,8.15736,8.15849,1.00,1.00
2017.11.07 09:12:38.661,8.15722,8.15835,1.00,1.00
2017.11.07 09:12:39.799,8.15707,8.15822,1.00,1.00
2017.11.07 09:12:39.850,8.15707,8.15818,1.00,1.00
2017.11.07 09:12:39.902,8.15693,8.15808,1.00,1.00
2017.11.07 09:12:40.213,8.15714,8.15829,1.00,1.00
2017.11.07 09:12:44.914,8.15734,8.15848,1.00,1.00
2017.11.07 09:12:46.289,8.15721,8.15833,1.00,1.00
2017.11.07 09:12:52.719,8.15737,8.15846,1.00,1.00
2017.11.07 09:12:52.770,8.15737,8.15851,1.00,1.00
2017.11.07 09:12:52.872,8.15741,8.15851,1.00,1.00
2017.11.07 09:12:53.025,8.1578,8.15892,1.00,1.00
2017.11.07 09:12:53.431,8.15795,8.15901,1.00,1.00
2017.11.07 09:12:53.482,8.15795,8.15909,1.00,1.00
2017.11.07 09:12:55.021,8.15817,8.15927,1.00,1.00
2017.11.07 09:12:55.372,8.15817,8.15922,1.00,1.50
2017.11.07 09:12:57.160,8.15817,8.15918,1.00,1.00
2017.11.07 09:12:57.323,8.15803,8.15917,1.00,1.00
2017.11.07 09:13:00.173,8.15831,8.15934,1.00,1.00
2017.11.07 09:13:00.339,8.15835,8.15949,1.00,1.00
2017.11.07 09:13:01.028,8.1585,8.15958,1.00,1.00
2017.11.07 09:13:01.346,8.15836,8.15926,1.00,1.00
2017.11.07 09:13:01.397,8.15815,8.15926,1.00,1.00
2017.11.07 09:13:01.610,8.15836,8.15933,1.00,1.00
2017.11.07 09:13:01.662,8.15809,8.15921,1.00,1.00
2017.11.07 09:13:03.720,8.15822,8.15936,1.00,1.00
2017.11.07 09:13:03.771,8.15826,8.15936,1.00,1.00
2017.11.07 09:13:04.199,8.15844,8.15952,1.00,1.00
2017.11.07 09:13:04.250,8.15844,8.15957,1.00,1.00
2017.11.07 09:13:07.125,8.15846,8.15957,1.00,1.00
2017.11.07 09:13:07.176,8.15857,8.15972,1.00,1.00
2017.11.07 09:13:07.381,8.15857,8.1597,1.00,1.00
2017.11.07 09:13:08.128,8.15857,8.15972,1.00,1.00
2017.11.07 09:13:08.179,8.15857,8.15963,1.00,1.00
2017.11.07 09:13:08.667,8.15857,8.1597,1.00,1.00
2017.11.07 09:13:09.209,8.15857,8.15958,1.00,1.00
2017.11.07 09:13:09.311,8.15844,8.15954,1.00,1.00
2017.11.07 09:13:09.413,8.15844,8.1593,1.00,1.00
2017.11.07 09:13:09.465,8.15829,8.1593,1.00,1.00
2017.11.07 09:13:09.516,8.15808,8.15922,1.00,1.00
2017.11.07 09:13:09.567,8.15808,8.1592,1.00,1.00
2017.11.07 09:13:11.856,8.15808,8.15922,1.00,1.00
2017.11.07 09:13:12.479,8.15819,8.15934,1.00,1.00
2017.11.07 09:13:12.530,8.15822,8.15934,1.00,1.00
2017.11.07 09:13:12.834,8.1584,8.15937,1.00,1.00
2017.11.07 09:13:13.116,8.1584,8.15949,1.00,1.00
2017.11.07 09:13:13.173,8.1584,8.15955,1.00,1.00
2017.11.07 09:13:14.059,8.1584,8.15945,1.00,1.00
2017.11.07 09:13:14.110,8.15828,8.1594,1.00,1.00
2017.11.07 09:13:14.162,8.15847,8.15958,1.00,1.00
2017.11.07 09:13:14.979,8.15847,8.1596,1.00,1.00
2017.11.07 09:13:17.524,8.15847,8.15958,1.00,1.00
2017.11.07 09:13:17.984,8.15847,8.15956,1.00,1.00
2017.11.07 09:13:19.960,8.15847,8.15954,1.00,1.00
2017.11.07 09:13:20.011,8.15833,8.15947,1.00,1.00
2017.11.07 09:13:20.062,8.15833,8.15933,1.00,1.00
2017.11.07 09:13:20.164,8.15821,8.15924,1.00,1.00
2017.11.07 09:13:20.266,8.15821,8.15928,1.00,1.00
2017.11.07 09:13:20.815,8.15821,8.15931,1.00,1.50
2017.11.07 09:13:20.917,8.15821,8.15927,1.00,1.00
2017.11.07 09:13:23.976,8.15821,8.15931,1.00,1.50
2017.11.07 09:13:25.457,8.15825,8.15931,1.00,1.00
2017.11.07 09:13:25.662,8.15856,8.15963,1.00,1.00
2017.11.07 09:13:25.983,8.15856,8.15961,1.00,1.00
2017.11.07 09:13:26.035,8.15856,8.15964,1.00,1.00
2017.11.07 09:13:26.086,8.15856,8.15968,1.00,1.00
2017.11.07 09:13:26.138,8.15856,8.15962,1.00,1.00
2017.11.07 09:13:26.897,8.15856,8.15967,1.00,1.00
2017.11.07 09:13:28.364,8.15856,8.15966,1.00,1.00
2017.11.07 09:13:31.642,8.15856,8.15956,1.00,1.00
2017.11.07 09:13:31.800,8.15835,8.1595,1.00,1.00
2017.11.07 09:13:31.852,8.15835,8.15944,1.00,1.00
2017.11.07 09:13:32.040,8.15835,8.1595,1.00,1.00
2017.11.07 09:13:32.596,8.15835,8.15945,1.00,1.00
2017.11.07 09:13:34.306,8.15835,8.15949,1.00,1.00
2017.11.07 09:13:34.862,8.15835,8.1595,1.00,1.00
2017.11.07 09:13:34.967,8.15852,8.15953,1.00,1.00
2017.11.07 09:13:35.069,8.15852,8.15959,1.00,1.00
2017.11.07 09:13:36.408,8.15852,8.15955,1.00,1.00
2017.11.07 09:13:37.662,8.15852,8.15948,1.00,1.00
2017.11.07 09:13:37.714,8.15837,8.15948,1.00,1.00
2017.11.07 09:13:37.932,8.15837,8.15951,1.00,1.00
2017.11.07 09:13:47.153,8.15823,8.15937,1.00,1.00
2017.11.07 09:13:47.531,8.15823,8.1593,1.00,1.00
2017.11.07 09:13:48.511,8.15823,8.15928,1.00,1.00
2017.11.07 09:13:49.116,8.15823,8.15926,1.00,1.00
2017.11.07 09:13:49.218,8.15823,8.15931,1.00,1.00
2017.11.07 09:13:50.212,8.15823,8.15933,1.00,1.00
2017.11.07 09:13:50.263,8.15823,8.15937,1.00,1.00
2017.11.07 09:13:50.442,8.15845,8.15952,1.00,1.00
2017.11.07 09:13:52.550,8.15845,8.15951,1.00,1.00
2017.11.07 09:13:52.838,8.15811,8.15926,1.00,1.00
2017.11.07 09:13:55.159,8.15826,8.15939,1.00,1.00
2017.11.07 09:13:55.523,8.15847,8.15959,1.00,1.00
2017.11.07 09:13:56.561,8.15861,8.15974,1.00,1.00
2017.11.07 09:13:56.612,8.15861,8.15976,1.00,1.00
2017.11.07 09:13:57.008,8.15861,8.15968,1.00,1.00
2017.11.07 09:13:57.234,8.15861,8.15972,1.00,1.00
2017.11.07 09:13:57.387,8.15861,8.15968,1.00,1.00
2017.11.07 09:13:57.653,8.15861,8.15973,1.00,1.00
2017.11.07 09:13:57.856,8.15861,8.15969,1.00,1.00
2017.11.07 09:13:58.398,8.15861,8.15966,1.00,1.00
2017.11.07 09:13:59.106,8.15861,8.15961,1.00,1.00
2017.11.07 09:13:59.647,8.15861,8.15976,1.00,1.00
2017.11.07 09:13:59.749,8.15875,8.15985,1.00,1.00
2017.11.07 09:14:02.350,8.15875,8.15986,1.00,1.00
2017.11.07 09:14:03.015,8.15875,8.15987,1.00,1.00
2017.11.07 09:14:05.307,8.15887,8.16002,1.00,1.00
2017.11.07 09:14:05.410,8.15895,8.16002,1.00,1.00
2017.11.07 09:14:05.461,8.15887,8.16002,1.00,1.00
2017.11.07 09:14:05.614,8.15908,8.16023,1.00,1.50
2017.11.07 09:14:05.918,8.15901,8.16009,1.00,1.00
2017.11.07 09:14:06.078,8.15896,8.16009,1.00,1.00
2017.11.07 09:14:06.180,8.15894,8.16009,1.00,1.00
2017.11.07 09:14:06.282,8.15875,8.15988,1.00,1.00
2017.11.07 09:14:07.487,8.15873,8.15988,1.00,1.00
2017.11.07 09:14:15.634,8.15859,8.15974,1.00,1.00
2017.11.07 09:14:15.961,8.15844,8.15952,1.00,1.00
2017.11.07 09:14:16.012,8.15853,8.15966,1.00,1.00
2017.11.07 09:14:16.291,8.15859,8.15966,1.00,1.00
2017.11.07 09:14:16.603,8.15868,8.15966,1.00,1.00
2017.11.07 09:14:17.102,8.15881,8.15975,1.00,1.00
2017.11.07 09:14:19.549,8.15851,8.1596,1.00,1.00
2017.11.07 09:14:20.233,8.1585,8.1596,1.00,1.00
2017.11.07 09:14:21.052,8.15846,8.1596,1.00,1.00
2017.11.07 09:14:22.256,8.15845,8.1596,1.00,1.00
2017.11.07 09:14:22.806,8.15845,8.15959,1.00,1.00
2017.11.07 09:14:27.799,8.15845,8.15958,1.00,1.00
2017.11.07 09:14:28.450,8.15834,8.15947,1.25,1.00
2017.11.07 09:14:46.214,8.15839,8.15947,1.00,1.00
2017.11.07 09:14:48.029,8.15853,8.15949,1.00,1.00
2017.11.07 09:14:48.234,8.15874,8.15976,1.00,1.00
2017.11.07 09:14:50.344,8.15874,8.15977,1.00,1.00
2017.11.07 09:14:51.029,8.15874,8.15981,1.00,1.00
2017.11.07 09:14:51.354,8.15854,8.15966,1.00,1.00
2017.11.07 09:14:51.539,8.1584,8.15952,1.00,1.00
2017.11.07 09:14:53.103,8.1586,8.15957,1.00,1.00
2017.11.07 09:14:54.493,8.1586,8.15955,1.00,1.00
2017.11.07 09:14:54.595,8.15846,8.15955,1.00,1.00
2017.11.07 09:14:55.353,8.15846,8.15948,1.00,1.00
2017.11.07 09:14:58.544,8.15846,8.15946,1.00,1.00
2017.11.07 09:15:01.553,8.15846,8.1595,1.00,1.00
2017.11.07 09:15:03.510,8.15832,8.15946,1.00,1.00
2017.11.07 09:15:03.948,8.15832,8.15936,1.00,1.00
2017.11.07 09:15:04.051,8.15803,8.15918,1.00,1.00
2017.11.07 09:15:06.500,8.15803,8.15915,1.00,1.00
2017.11.07 09:15:06.844,8.15791,8.15901,1.00,1.00
2017.11.07 09:15:08.106,8.15789,8.15901,1.00,1.00
2017.11.07 09:15:09.992,8.15789,8.15899,1.00,1.00
2017.11.07 09:15:11.409,8.15789,8.15901,1.00,1.00
2017.11.07 09:15:19.136,8.15809,8.15918,1.00,1.00
2017.11.07 09:15:19.302,8.15795,8.15909,1.00,1.00
2017.11.07 09:15:28.548,8.15795,8.15903,1.00,1.00
2017.11.07 09:15:28.853,8.15782,8.15878,1.00,1.00
2017.11.07 09:15:29.091,8.15763,8.15874,1.00,1.00
2017.11.07 09:15:29.250,8.15763,8.15867,1.00,1.00
2017.11.07 09:15:29.352,8.15746,8.1586,1.00,1.00
2017.11.07 09:15:31.684,8.1576,8.15874,1.00,1.00
2017.11.07 09:15:32.670,8.1576,8.15873,1.00,1.00
2017.11.07 09:15:33.411,8.15736,8.1585,1.00,1.00
2017.11.07 09:15:33.675,8.15744,8.1585,1.00,1.00
2017.11.07 09:15:34.209,8.15735,8.1585,1.00,1.00
2017.11.07 09:15:34.311,8.15724,8.15836,1.50,1.00
2017.11.07 09:15:36.847,8.15731,8.15836,1.00,1.00
2017.11.07 09:15:36.950,8.15744,8.15858,1.00,1.00
2017.11.07 09:15:37.534,8.15723,8.15835,1.00,1.00
2017.11.07 09:15:37.984,8.15718,8.15819,1.00,1.00
2017.11.07 09:15:41.750,8.15717,8.15797,1.00,1.00
2017.11.07 09:15:41.801,8.15696,8.15797,1.19,1.00
2017.11.07 09:15:41.954,8.15713,8.15812,1.19,1.00
2017.11.07 09:15:42.160,8.15723,8.15827,1.00,1.00
2017.11.07 09:15:43.845,8.1573,8.15845,1.00,1.00
2017.11.07 09:15:44.447,8.15731,8.15845,1.00,1.00
2017.11.07 09:15:45.878,8.15751,8.1586,1.00,1.00
2017.11.07 09:15:45.929,8.15751,8.15866,1.00,1.00
2017.11.07 09:15:45.981,8.15765,8.1588,1.00,1.00
2017.11.07 09:15:46.806,8.15779,8.15893,1.00,1.00
2017.11.07 09:15:49.889,8.1578,8.15893,1.00,1.00
2017.11.07 09:15:50.143,8.15864,8.15979,1.00,1.00
2017.11.07 09:15:51.532,8.15865,8.15979,1.00,1.00
2017.11.07 09:15:52.021,8.15865,8.15974,1.00,1.00
2017.11.07 09:15:54.982,8.15865,8.15962,1.00,1.00
2017.11.07 09:15:56.763,8.15864,8.15962,1.00,1.00
2017.11.07 09:15:56.814,8.15857,8.15962,1.00,1.00
2017.11.07 09:15:56.865,8.15847,8.15955,1.00,1.00
2017.11.07 09:15:56.916,8.15829,8.15934,1.00,1.00
2017.11.07 09:15:59.861,8.15824,8.15934,1.00,1.00
2017.11.07 09:15:59.963,8.1582,8.15934,1.00,1.00
2017.11.07 09:16:00.168,8.15815,8.1592,1.00,1.00
2017.11.07 09:16:00.524,8.15805,8.15919,1.00,1.00
2017.11.07 09:16:00.626,8.15798,8.15905,1.00,1.00
2017.11.07 09:16:01.200,8.15797,8.15892,1.00,1.00
2017.11.07 09:16:01.251,8.15793,8.15892,1.00,1.00
2017.11.07 09:16:01.708,8.15789,8.15892,1.00,1.00
2017.11.07 09:16:04.073,8.15804,8.15906,1.00,1.00
2017.11.07 09:16:04.176,8.15799,8.15906,1.00,1.00
2017.11.07 09:16:04.277,8.15796,8.15906,1.00,1.00
2017.11.07 09:16:04.329,8.15791,8.15906,1.00,1.00
2017.11.07 09:16:05.372,8.15791,8.15898,1.00,1.00
2017.11.07 09:16:06.021,8.15771,8.15847,1.00,1.00
2017.11.07 09:16:06.073,8.15771,8.1585,1.00,1.00
2017.11.07 09:16:06.124,8.15771,8.1582,1.00,1.00
2017.11.07 09:16:06.226,8.15719,8.1582,1.00,1.00
2017.11.07 09:16:06.379,8.15727,8.15841,1.00,1.00
2017.11.07 09:16:06.531,8.1573,8.15841,1.00,1.00
2017.11.07 09:16:06.739,8.15741,8.15855,1.00,1.00
2017.11.07 09:16:07.174,8.15727,8.15841,1.00,1.00
2017.11.07 09:16:07.534,8.15749,8.1585,1.00,1.00
2017.11.07 09:16:08.345,8.15749,8.15847,1.00,1.00
2017.11.07 09:16:08.396,8.15736,8.1584,1.00,1.00
2017.11.07 09:16:08.448,8.15741,8.1584,1.00,1.00
2017.11.07 09:16:08.499,8.15741,8.1585,1.50,1.00
2017.11.07 09:16:08.601,8.15756,8.1585,1.00,1.00
2017.11.07 09:16:13.695,8.15735,8.15846,1.00,1.50
2017.11.07 09:16:13.898,8.15731,8.15843,1.00,1.00
2017.11.07 09:16:15.859,8.15716,8.15825,1.00,1.00
2017.11.07 09:16:16.585,8.15726,8.15825,1.00,1.00
2017.11.07 09:16:20.165,8.15735,8.15825,1.00,1.00
2017.11.07 09:16:20.318,8.15787,8.15898,1.00,1.00
2017.11.07 09:16:20.369,8.15798,8.15898,1.00,1.00
2017.11.07 09:16:20.472,8.15794,8.15898,1.00,1.00
2017.11.07 09:16:21.182,8.15793,8.15898,1.00,1.00
2017.11.07 09:16:23.914,8.15802,8.15898,1.00,1.00
2017.11.07 09:16:24.067,8.15892,8.15993,1.00,1.00
2017.11.07 09:16:24.118,8.15912,8.15993,1.00,1.00
2017.11.07 09:16:24.169,8.15912,8.16021,2.10,1.00
2017.11.07 09:16:24.220,8.15921,8.16021,1.00,1.00
2017.11.07 09:16:24.271,8.15927,8.16041,1.00,1.00
2017.11.07 09:16:24.987,8.15931,8.16041,1.00,1.00
2017.11.07 09:16:25.291,8.15972,8.16081,1.00,1.00
2017.11.07 09:16:26.755,8.15981,8.16081,1.00,1.00
2017.11.07 09:16:27.425,8.15982,8.16097,1.00,1.00
2017.11.07 09:16:27.476,8.15991,8.16097,1.00,1.00
2017.11.07 09:16:27.679,8.15998,8.16112,1.00,1.00
2017.11.07 09:16:27.730,8.16,8.16112,1.00,1.00
2017.11.07 09:16:28.175,8.16,8.16099,1.00,1.00
2017.11.07 09:16:28.798,8.16007,8.16116,1.00,1.00
2017.11.07 09:16:29.141,8.16004,8.16116,1.00,1.00
2017.11.07 09:16:29.786,8.16008,8.16116,1.00,1.00
2017.11.07 09:16:31.006,8.16001,8.16116,1.00,1.00
2017.11.07 09:16:32.259,8.16002,8.16116,1.00,1.00
2017.11.07 09:16:32.745,8.15994,8.16096,1.00,1.00
2017.11.07 09:16:34.016,8.15992,8.16096,1.00,1.00
2017.11.07 09:16:34.067,8.15998,8.16111,1.00,1.00
2017.11.07 09:16:34.118,8.15996,8.16111,1.00,1.00
2017.11.07 09:16:34.169,8.15988,8.16097,1.00,1.00
2017.11.07 09:16:35.099,8.15989,8.16097,1.00,1.00
2017.11.07 09:16:35.150,8.16011,8.16126,1.00,1.50
2017.11.07 09:16:35.202,8.16011,8.16124,1.00,1.00
2017.11.07 09:16:35.538,8.15992,8.16105,1.00,1.00
2017.11.07 09:16:36.764,8.16023,8.16105,1.00,1.00
2017.11.07 09:16:36.815,8.16022,8.1612,1.60,1.00
2017.11.07 09:16:36.866,8.16047,8.1612,1.00,1.00
2017.11.07 09:16:36.917,8.16053,8.16165,1.00,1.00
2017.11.07 09:16:36.968,8.16062,8.16165,1.00,1.00
2017.11.07 09:16:37.019,8.1608,8.16189,1.00,1.00
2017.11.07 09:16:37.171,8.1608,8.16194,1.00,1.00
2017.11.07 09:16:37.824,8.16099,8.16208,1.00,1.00
2017.11.07 09:16:39.075,8.16099,8.16213,1.00,1.00
2017.11.07 09:16:39.126,8.16086,8.16161,1.00,1.00
2017.11.07 09:16:39.177,8.16032,8.16145,1.00,1.00
2017.11.07 09:16:39.228,8.16049,8.16145,1.00,1.00
2017.11.07 09:16:39.279,8.16057,8.16172,1.00,1.00
2017.11.07 09:16:39.639,8.16057,8.16166,1.00,1.00
2017.11.07 09:16:42.282,8.16039,8.16154,1.00,1.00
2017.11.07 09:16:42.333,8.16025,8.16108,1.00,1.00
2017.11.07 09:16:42.435,8.15982,8.16089,1.00,1.00
2017.11.07 09:16:42.486,8.15997,8.16097,1.00,1.00
2017.11.07 09:16:42.537,8.16011,8.16123,1.00,1.00
2017.11.07 09:16:42.689,8.16011,8.16092,1.00,1.00
2017.11.07 09:16:42.740,8.15974,8.16085,1.00,1.00
2017.11.07 09:16:42.791,8.15988,8.16085,1.00,1.00
2017.11.07 09:16:42.843,8.16001,8.16116,1.00,1.00
2017.11.07 09:16:42.894,8.16004,8.16116,1.00,1.00
2017.11.07 09:16:43.218,8.15991,8.16085,1.00,1.00
2017.11.07 09:16:43.270,8.15993,8.16105,1.00,1.00
2017.11.07 09:16:43.423,8.16,8.16105,1.00,1.00
2017.11.07 09:16:43.677,8.16074,8.16184,1.00,1.00
2017.11.07 09:16:43.728,8.1609,8.16188,1.00,1.00
2017.11.07 09:16:43.830,8.16093,8.16207,1.00,1.00
2017.11.07 09:16:43.982,8.161,8.16207,1.00,1.00
2017.11.07 09:16:44.186,8.16144,8.16257,1.00,1.00
2017.11.07 09:16:44.237,8.16147,8.16257,1.00,1.00
2017.11.07 09:16:44.532,8.16159,8.16271,1.00,1.00
2017.11.07 09:16:44.966,8.16159,8.16274,1.00,1.00
2017.11.07 09:16:46.203,8.16165,8.16274,1.00,1.00
2017.11.07 09:16:46.406,8.16175,8.16289,1.00,1.00
2017.11.07 09:16:46.508,8.16189,8.16296,1.00,1.00
2017.11.07 09:16:46.661,8.16189,8.16304,1.00,1.00
2017.11.07 09:16:49.565,8.16212,8.16323,1.00,1.00
2017.11.07 09:16:49.891,8.16226,8.16335,1.00,1.00
2017.11.07 09:16:50.532,8.16226,8.16333,1.00,1.00
2017.11.07 09:16:51.239,8.16226,8.16339,1.00,1.00
2017.11.07 09:16:51.566,8.16243,8.16349,1.00,1.00
2017.11.07 09:16:53.355,8.1622,8.16335,1.00,1.00
2017.11.07 09:16:53.458,8.16241,8.16336,1.00,1.00
2017.11.07 09:16:53.560,8.1622,8.16324,1.00,1.00
2017.11.07 09:16:57.276,8.1622,8.1633,1.00,1.00
2017.11.07 09:16:57.428,8.1622,8.16322,1.00,1.00
2017.11.07 09:16:57.479,8.1622,8.16325,1.00,1.00
2017.11.07 09:16:57.530,8.1622,8.1632,1.00,1.00
2017.11.07 09:16:57.914,8.16228,8.1633,1.00,1.00
2017.11.07 09:16:58.016,8.16228,8.16342,1.00,1.00
2017.11.07 09:16:58.223,8.16242,8.16342,1.00,1.00
2017.11.07 09:16:58.375,8.16242,8.16354,1.00,1.00
2017.11.07 09:16:59.374,8.16242,8.16355,1.00,1.00
2017.11.07 09:17:03.345,8.16257,8.16367,1.00,1.00
2017.11.07 09:17:03.650,8.16257,8.16357,1.00,1.00
2017.11.07 09:17:04.847,8.16257,8.16361,1.00,1.00
2017.11.07 09:17:05.055,8.16257,8.16369,1.00,1.00
2017.11.07 09:17:05.107,8.16267,8.16382,1.00,1.00
2017.11.07 09:17:05.621,8.16267,8.16381,1.00,1.00
2017.11.07 09:17:06.295,8.16267,8.16373,1.00,1.00
2017.11.07 09:17:06.801,8.16267,8.16371,1.00,1.00
2017.11.07 09:17:06.902,8.16267,8.16381,1.00,1.00
2017.11.07 09:17:06.954,8.16267,8.16375,1.00,1.00
2017.11.07 09:17:07.350,8.16267,8.16364,1.00,1.00
2017.11.07 09:17:09.618,8.16267,8.16382,1.00,1.00
2017.11.07 09:17:09.720,8.16284,8.16389,1.00,1.00
2017.11.07 09:17:10.027,8.16284,8.16377,1.00,1.00
2017.11.07 09:17:10.129,8.16269,8.16377,1.00,1.00
2017.11.07 09:17:10.817,8.16269,8.16367,1.00,1.00
2017.11.07 09:17:13.805,8.16269,8.16369,1.00,1.00
2017.11.07 09:17:13.856,8.16269,8.16382,1.00,1.00
2017.11.07 09:17:14.110,8.1628,8.16385,1.00,1.00
2017.11.07 09:17:14.161,8.1628,8.1639,1.00,1.00
2017.11.07 09:17:15.187,8.1628,8.16387,1.00,1.00
2017.11.07 09:17:16.284,8.1628,8.16377,1.00,1.00
2017.11.07 09:17:16.409,8.16266,8.16377,1.50,1.00
2017.11.07 09:17:16.461,8.16266,8.16373,1.50,1.00
2017.11.07 09:17:16.765,8.16266,8.16359,1.00,1.00
2017.11.07 09:17:22.005,8.16244,8.16359,1.00,1.00
2017.11.07 09:17:32.399,8.16248,8.16363,1.00,1.00
2017.11.07 09:17:36.305,8.16248,8.1636,1.00,1.00
2017.11.07 09:17:39.053,8.16268,8.16379,1.00,1.00
2017.11.07 09:17:39.378,8.16268,8.16373,1.00,1.00
2017.11.07 09:17:41.668,8.16268,8.16377,1.00,1.00
2017.11.07 09:17:42.650,8.16268,8.16382,1.00,1.00
2017.11.07 09:17:42.849,8.16268,8.16377,1.00,1.00
2017.11.07 09:17:43.280,8.16268,8.16369,1.00,1.00
2017.11.07 09:17:43.821,8.16268,8.16368,1.00,1.00
2017.11.07 09:17:44.254,8.16268,8.16374,1.00,1.00
2017.11.07 09:17:45.333,8.16268,8.16383,1.00,1.00
2017.11.07 09:17:46.329,8.16283,8.1639,1.00,1.00
2017.11.07 09:17:46.431,8.1627,8.16383,1.00,1.00
2017.11.07 09:17:46.482,8.1627,8.16375,1.00,1.00
2017.11.07 09:17:47.258,8.1627,8.16378,1.00,1.00
2017.11.07 09:17:47.808,8.1627,8.16369,1.00,1.00
2017.11.07 09:17:50.701,8.1627,8.16372,1.00,1.00
2017.11.07 09:17:51.335,8.1627,8.16377,1.00,1.00
2017.11.07 09:17:51.757,8.16253,8.16368,1.50,1.00
2017.11.07 09:18:00.751,8.16253,8.16365,1.00,1.00
2017.11.07 09:18:01.654,8.16253,8.16364,1.00,1.00
2017.11.07 09:18:03.710,8.16253,8.16368,1.00,1.50
2017.11.07 09:18:05.858,8.16254,8.16368,1.00,1.00
2017.11.07 09:18:06.062,8.16268,8.16378,1.00,1.00
2017.11.07 09:18:06.113,8.16268,8.16382,1.00,1.00
2017.11.07 09:18:06.215,8.16271,8.16382,1.00,1.00
2017.11.07 09:18:06.557,8.16288,8.16402,1.00,1.00
2017.11.07 09:18:06.659,8.16302,8.16411,1.00,1.00
2017.11.07 09:18:06.967,8.16302,8.16416,1.00,1.00
2017.11.07 09:18:07.119,8.16306,8.16416,1.00,1.00
2017.11.07 09:18:07.171,8.16321,8.16433,1.00,1.50
2017.11.07 09:18:07.374,8.16325,8.16433,1.00,1.50
2017.11.07 09:18:07.916,8.16325,8.16429,1.00,1.00
2017.11.07 09:18:10.930,8.16335,8.16437,1.00,1.00
2017.11.07 09:18:11.032,8.16336,8.16447,1.00,1.00
2017.11.07 09:18:11.083,8.16353,8.16447,1.00,1.00
2017.11.07 09:18:11.426,8.16353,8.16444,1.00,1.00
2017.11.07 09:18:12.073,8.16353,8.16454,1.00,1.00
2017.11.07 09:18:12.402,8.16353,8.16463,1.00,1.00
2017.11.07 09:18:13.041,8.16365,8.16463,1.00,1.00
2017.11.07 09:18:13.244,8.16365,8.16467,1.00,1.00
2017.11.07 09:18:13.882,8.16365,8.16464,1.00,1.00
2017.11.07 09:18:16.602,8.16365,8.1647,1.00,1.00
2017.11.07 09:18:18.673,8.16365,8.16469,1.00,1.00
2017.11.07 09:18:18.724,8.16351,8.1645,1.00,1.00
2017.11.07 09:18:19.027,8.16351,8.16445,1.00,1.00
2017.11.07 09:18:19.129,8.16351,8.1645,1.00,1.00
2017.11.07 09:18:19.490,8.16339,8.16444,1.00,1.00
2017.11.07 09:18:19.744,8.1633,8.16444,1.00,1.00
2017.11.07 09:18:20.209,8.16336,8.16444,1.00,1.00
2017.11.07 09:18:20.628,8.16318,8.16402,1.00,1.00
2017.11.07 09:18:20.729,8.1626,8.16365,1.00,1.00
2017.11.07 09:18:20.781,8.1626,8.16374,1.50,1.00
2017.11.07 09:18:20.833,8.16277,8.1639,1.00,1.00
2017.11.07 09:18:21.137,8.16277,8.16378,1.00,1.00
2017.11.07 09:18:21.444,8.16277,8.16381,1.00,1.00
2017.11.07 09:18:21.495,8.16277,8.16385,1.00,1.00
2017.11.07 09:18:21.546,8.16277,8.1639,1.00,1.00
2017.11.07 09:18:21.698,8.16279,8.1639,1.00,1.00
2017.11.07 09:18:22.003,8.16303,8.164,1.00,1.00
2017.11.07 09:18:22.054,8.16307,8.16419,1.00,1.00
2017.11.07 09:18:22.156,8.16307,8.16421,1.00,1.00
2017.11.07 09:18:22.258,8.16315,8.16421,1.00,1.00
2017.11.07 09:18:22.587,8.16321,8.16421,1.00,1.00
2017.11.07 09:18:22.915,8.16328,8.16421,1.00,1.00
2017.11.07 09:18:22.967,8.16328,8.16434,1.00,1.00
2017.11.07 09:18:23.068,8.16343,8.16434,1.00,1.00
2017.11.07 09:18:23.170,8.16361,8.16467,1.00,1.00
2017.11.07 09:18:23.221,8.16361,8.16472,1.00,1.00
2017.11.07 09:18:23.323,8.16379,8.16472,1.00,1.00
2017.11.07 09:18:23.590,8.1639,8.16489,1.00,1.00
2017.11.07 09:18:23.940,8.16413,8.16508,1.00,1.00
2017.11.07 09:18:24.248,8.16425,8.16518,1.00,1.00
2017.11.07 09:18:24.568,8.16411,8.16515,1.00,1.00
2017.11.07 09:18:24.670,8.16411,8.16503,1.00,1.00
2017.11.07 09:18:24.721,8.164,8.16495,1.00,1.00
2017.11.07 09:18:24.772,8.164,8.16493,1.00,1.00
2017.11.07 09:18:24.823,8.16372,8.16487,1.00,1.00
2017.11.07 09:18:25.127,8.16376,8.16487,1.00,1.00
2017.11.07 09:18:25.718,8.16392,8.16487,1.00,1.00
2017.11.07 09:18:25.871,8.16392,8.16501,1.00,1.00
2017.11.07 09:18:26.558,8.16392,8.16499,1.00,1.00
2017.11.07 09:18:26.710,8.16392,8.16501,1.00,1.00
2017.11.07 09:18:27.217,8.16404,8.16501,1.00,1.00
2017.11.07 09:18:27.562,8.1642,8.16517,1.00,1.00
2017.11.07 09:18:27.847,8.16406,8.16517,1.00,1.00
2017.11.07 09:18:27.949,8.16403,8.16517,1.50,1.00
2017.11.07 09:18:29.044,8.16406,8.16517,1.00,1.00
2017.11.07 09:18:29.187,8.16403,8.16517,1.00,1.00
2017.11.07 09:18:30.117,8.16392,8.16499,1.00,1.00
2017.11.07 09:18:30.323,8.16384,8.16499,1.00,1.50
2017.11.07 09:18:30.426,8.16372,8.16476,1.00,1.00
2017.11.07 09:18:30.477,8.16362,8.16476,1.00,1.00
2017.11.07 09:18:30.941,8.16336,8.16451,1.00,1.00
2017.11.07 09:18:31.043,8.16331,8.16433,1.50,1.00
2017.11.07 09:18:31.596,8.16333,8.16447,1.00,1.00
2017.11.07 09:18:32.265,8.16333,8.16438,1.00,1.00
2017.11.07 09:18:32.366,8.16319,8.16434,1.00,1.00
2017.11.07 09:18:33.509,8.1632,8.16434,1.00,1.00
2017.11.07 09:18:33.560,8.16339,8.16449,1.00,1.00
2017.11.07 09:18:34.256,8.16316,8.16391,1.00,1.00
2017.11.07 09:18:34.358,8.16272,8.16386,1.00,1.00
2017.11.07 09:18:34.634,8.16291,8.1639,1.00,1.00
2017.11.07 09:18:34.685,8.16291,8.16406,1.00,1.00
2017.11.07 09:18:34.736,8.16316,8.1643,1.00,1.00
2017.11.07 09:18:35.041,8.16333,8.16445,1.00,1.00
2017.11.07 09:18:35.265,8.16321,8.16435,1.00,1.00
2017.11.07 09:18:39.264,8.1633,8.16435,1.00,1.00
2017.11.07 09:18:39.315,8.16327,8.16435,1.00,1.00
2017.11.07 09:18:39.366,8.16336,8.16448,1.00,1.00
2017.11.07 09:18:40.244,8.16336,8.16444,1.00,1.00
2017.11.07 09:18:40.564,8.16321,8.16427,1.00,1.00
2017.11.07 09:18:43.256,8.16323,8.16427,1.00,1.00
2017.11.07 09:18:43.565,8.16329,8.16444,1.00,1.00
2017.11.07 09:18:46.471,8.16331,8.16444,1.00,1.00
2017.11.07 09:18:46.776,8.16351,8.16456,1.00,1.00
2017.11.07 09:18:46.986,8.16349,8.16456,1.00,1.00
2017.11.07 09:18:47.037,8.16344,8.16456,1.50,1.00
2017.11.07 09:18:47.088,8.16338,8.16443,1.00,1.00
2017.11.07 09:18:49.789,8.16335,8.16443,1.00,1.00
2017.11.07 09:18:50.094,8.16331,8.16443,1.00,1.00
2017.11.07 09:18:50.297,8.16329,8.16443,1.00,1.00
2017.11.07 09:18:50.830,8.16327,8.16429,1.00,1.00
2017.11.07 09:18:50.881,8.16322,8.16429,1.00,1.00
2017.11.07 09:18:50.933,8.16318,8.16429,1.00,1.00
2017.11.07 09:18:51.225,8.16315,8.16429,1.00,1.00
2017.11.07 09:18:51.278,8.16306,8.16415,1.00,1.00
2017.11.07 09:18:51.329,8.163,8.16415,1.00,1.00
2017.11.07 09:18:51.443,8.16297,8.16401,1.00,1.00
2017.11.07 09:18:52.317,8.16298,8.16401,1.00,1.00
2017.11.07 09:18:52.470,8.16336,8.16448,1.00,1.00
2017.11.07 09:18:53.421,8.16353,8.16462,1.00,1.00
2017.11.07 09:18:53.523,8.16367,8.1648,1.00,1.00
2017.11.07 09:18:53.676,8.16381,8.16487,1.00,1.00
2017.11.07 09:18:53.955,8.16364,8.16479,1.00,1.00
2017.11.07 09:18:56.092,8.16358,8.16464,1.00,1.00
2017.11.07 09:18:56.144,8.16353,8.16464,1.00,1.00
2017.11.07 09:18:56.195,8.16351,8.16464,1.00,1.00
2017.11.07 09:18:56.245,8.16353,8.16464,1.00,1.00
2017.11.07 09:18:56.638,8.16359,8.16464,1.00,1.00
2017.11.07 09:18:58.335,8.16363,8.16464,1.00,1.00
2017.11.07 09:18:58.981,8.16364,8.16464,1.00,1.00
2017.11.07 09:19:02.184,8.16375,8.16464,1.00,1.00
2017.11.07 09:19:02.359,8.16399,8.16507,1.00,1.00
2017.11.07 09:19:02.461,8.16392,8.16507,1.00,1.00
2017.11.07 09:19:02.512,8.16378,8.16493,1.00,1.00
2017.11.07 09:19:02.817,8.1637,8.16478,1.00,1.00
2017.11.07 09:19:03.648,8.16381,8.16478,1.00,1.00
2017.11.07 09:19:03.699,8.16371,8.16478,1.00,1.00
2017.11.07 09:19:04.313,8.1637,8.16478,1.00,1.00
2017.11.07 09:19:05.451,8.16372,8.16478,1.00,1.00
2017.11.07 09:19:05.786,8.1637,8.16478,1.00,1.00
2017.11.07 09:19:06.326,8.16364,8.16478,1.00,1.00
2017.11.07 09:19:07.915,8.16387,8.16478,1.00,1.00
2017.11.07 09:19:10.080,8.16387,8.16493,1.00,1.00
2017.11.07 09:19:11.060,8.16387,8.16492,1.00,1.00
2017.11.07 09:19:12.480,8.16387,8.16493,1.00,1.00
2017.11.07 09:19:12.632,8.16408,8.16493,1.00,1.00
2017.11.07 09:19:18.732,8.16409,8.16523,1.00,1.00
2017.11.07 09:19:20.012,8.16409,8.16522,1.00,1.00
2017.11.07 09:19:20.064,8.16408,8.16508,1.00,1.00
2017.11.07 09:19:20.452,8.16408,8.16471,1.00,1.00
2017.11.07 09:19:26.095,8.16408,8.16484,1.00,1.00
2017.11.07 09:19:26.333,8.16408,8.16498,1.00,1.00
2017.11.07 09:19:26.549,8.1641,8.16498,1.00,1.00
2017.11.07 09:19:26.601,8.16427,8.16539,1.00,1.00
2017.11.07 09:19:26.907,8.16439,8.16554,1.00,1.00
2017.11.07 09:19:27.374,8.16447,8.16554,1.00,1.00
2017.11.07 09:19:27.689,8.1646,8.16573,1.00,1.00
2017.11.07 09:19:28.196,8.1646,8.16574,1.00,1.00
2017.11.07 09:19:28.248,8.16475,8.1659,1.00,1.00
2017.11.07 09:19:28.801,8.16475,8.16589,1.00,1.00
2017.11.07 09:19:29.423,8.16475,8.1659,1.00,1.00
2017.11.07 09:19:29.474,8.16499,8.1659,1.00,1.00
2017.11.07 09:19:31.863,8.16499,8.16605,1.00,1.00
2017.11.07 09:19:32.699,8.16499,8.16602,1.00,1.00
2017.11.07 09:19:33.022,8.16499,8.16588,1.00,1.00
2017.11.07 09:19:37.362,8.16499,8.16601,1.00,1.00
2017.11.07 09:19:38.562,8.16513,8.16622,1.00,1.00
2017.11.07 09:19:38.613,8.16523,8.16622,1.00,1.00
2017.11.07 09:19:43.011,8.16525,8.16636,1.00,1.00
2017.11.07 09:19:43.693,8.16524,8.16636,1.00,1.00
2017.11.07 09:19:48.575,8.16524,8.16635,1.00,1.00
2017.11.07 09:19:48.677,8.16523,8.16616,1.00,1.00
2017.11.07 09:19:49.025,8.16523,8.16601,1.00,1.00
2017.11.07 09:19:49.771,8.16489,8.16601,1.00,1.00
2017.11.07 09:19:49.873,8.16489,8.16598,1.00,1.00
2017.11.07 09:19:50.278,8.16489,8.16596,1.00,1.00
2017.11.07 09:19:50.856,8.16492,8.16596,1.00,1.00
2017.11.07 09:19:51.575,8.16492,8.16598,1.00,1.00
2017.11.07 09:19:52.406,8.16492,8.16588,1.00,1.00
2017.11.07 09:19:52.507,8.16492,8.1659,1.00,1.00
2017.11.07 09:19:54.058,8.16492,8.16605,1.00,1.50
2017.11.07 09:19:54.160,8.16516,8.16619,1.00,1.00
2017.11.07 09:19:55.769,8.16516,8.16614,1.00,1.00
2017.11.07 09:19:58.405,8.16516,8.16613,1.00,1.00
2017.11.07 09:19:58.745,8.16516,8.16619,1.00,1.00
2017.11.07 09:19:58.999,8.16516,8.16614,1.00,1.00
2017.11.07 09:19:59.952,8.16516,8.16618,1.00,1.00
2017.11.07 09:20:00.004,8.16516,8.16615,1.00,1.00
2017.11.07 09:20:00.322,8.16516,8.16609,1.00,1.00
2017.11.07 09:20:01.050,8.16516,8.16613,1.00,1.00
2017.11.07 09:20:03.325,8.16516,8.16606,1.00,1.00
2017.11.07 09:20:04.645,8.16516,8.166,1.00,1.00
2017.11.07 09:20:05.299,8.16516,8.16587,1.00,1.00
2017.11.07 09:20:06.024,8.16498,8.16587,1.00,1.00
2017.11.07 09:20:12.195,8.16498,8.16602,1.00,1.00
2017.11.07 09:20:12.811,8.16498,8.166,1.00,1.00
2017.11.07 09:20:13.454,8.16498,8.16602,1.00,1.50
2017.11.07 09:20:14.119,8.16498,8.16601,1.00,1.00
2017.11.07 09:20:15.957,8.16498,8.16579,1.00,1.00
2017.11.07 09:20:18.211,8.16498,8.16591,1.00,1.00
2017.11.07 09:20:18.313,8.16498,8.16571,1.00,1.00
2017.11.07 09:20:18.364,8.16478,8.16571,1.00,1.00
2017.11.07 09:20:18.732,8.16458,8.16571,1.00,1.00
2017.11.07 09:20:18.986,8.16461,8.16571,1.00,1.00
2017.11.07 09:20:20.549,8.16469,8.16582,1.00,1.00
2017.11.07 09:20:21.128,8.16461,8.16569,1.00,1.00
2017.11.07 09:20:21.542,8.16461,8.16563,1.00,1.00
2017.11.07 09:20:21.949,8.16461,8.16561,1.00,1.00
2017.11.07 09:20:22.152,8.16438,8.1655,1.00,1.00
2017.11.07 09:20:22.595,8.16447,8.1655,1.00,1.00
2017.11.07 09:20:36.363,8.16453,8.16568,1.00,1.00
2017.11.07 09:20:37.064,8.16479,8.16572,1.00,1.00
2017.11.07 09:20:37.203,8.16479,8.16591,1.00,1.00
2017.11.07 09:20:37.254,8.16496,8.16602,1.00,1.00
2017.11.07 09:20:37.515,8.16496,8.16606,1.00,1.00
2017.11.07 09:20:37.684,8.16496,8.16601,1.00,1.00
2017.11.07 09:20:38.215,8.16487,8.16591,1.00,1.00
2017.11.07 09:20:42.374,8.16487,8.16586,1.00,1.00
2017.11.07 09:20:44.230,8.16487,8.16585,1.00,1.00
2017.11.07 09:20:46.178,8.16487,8.16579,1.00,1.00
2017.11.07 09:20:47.551,8.16464,8.16579,1.00,1.00
2017.11.07 09:20:47.602,8.16464,8.16568,1.00,1.00
2017.11.07 09:20:47.704,8.16443,8.16557,1.00,1.00
2017.11.07 09:20:47.845,8.16446,8.16557,1.00,1.00
2017.11.07 09:20:49.468,8.16446,8.16543,1.00,1.00
2017.11.07 09:20:51.167,8.16446,8.16528,1.00,1.00
2017.11.07 09:20:51.218,8.16413,8.16525,1.00,1.00
2017.11.07 09:20:51.269,8.16396,8.16511,1.00,1.00
2017.11.07 09:20:51.422,8.16396,8.16506,1.00,1.00
2017.11.07 09:20:52.560,8.16396,8.1651,1.00,1.00
2017.11.07 09:20:58.207,8.16396,8.16511,1.00,1.00
2017.11.07 09:20:58.360,8.16415,8.16519,1.00,1.00
2017.11.07 09:20:58.673,8.16415,8.16516,1.00,1.50
2017.11.07 09:20:59.210,8.16415,8.16514,1.00,1.00
2017.11.07 09:20:59.524,8.16415,8.16497,1.00,1.00
2017.11.07 09:21:00.308,8.16415,8.16512,1.00,1.00
2017.11.07 09:21:00.510,8.16415,8.16519,1.00,1.00
2017.11.07 09:21:00.643,8.16415,8.16512,1.00,1.00
2017.11.07 09:21:01.470,8.16415,8.1651,1.00,1.00
2017.11.07 09:21:01.521,8.16398,8.1651,1.00,1.00
2017.11.07 09:21:01.863,8.16379,8.16493,1.00,1.00
2017.11.07 09:21:01.965,8.16379,8.16491,1.00,1.00
2017.11.07 09:21:02.168,8.16357,8.16471,1.00,1.00
2017.11.07 09:21:06.089,8.16357,8.16472,1.00,1.00
2017.11.07 09:21:09.228,8.16357,8.16471,1.00,1.00
2017.11.07 09:21:09.280,8.16347,8.16448,1.00,1.00
2017.11.07 09:21:09.331,8.16348,8.16463,1.00,1.00
2017.11.07 09:21:09.674,8.16347,8.16449,1.00,1.00
2017.11.07 09:21:11.166,8.16351,8.16466,1.00,1.00
2017.11.07 09:21:11.268,8.16366,8.16478,1.00,1.00
2017.11.07 09:21:11.573,8.16378,8.16491,1.00,1.00
2017.11.07 09:21:12.085,8.16385,8.16491,1.00,1.00
2017.11.07 09:21:12.529,8.16385,8.16493,1.00,1.00
2017.11.07 09:21:13.217,8.16392,8.16499,1.00,1.00
2017.11.07 09:21:17.107,8.16392,8.16504,1.00,1.00
2017.11.07 09:21:18.387,8.16392,8.16507,1.00,1.00
2017.11.07 09:21:18.438,8.16406,8.16518,1.00,1.00
2017.11.07 09:21:19.298,8.16406,8.16521,1.00,1.50
2017.11.07 09:21:19.451,8.1642,8.16526,1.00,1.00
2017.11.07 09:21:20.142,8.1642,8.16535,1.00,1.00
2017.11.07 09:21:20.341,8.16434,8.16545,1.00,1.00
2017.11.07 09:21:20.443,8.16434,8.16549,1.00,1.00
2017.11.07 09:21:20.494,8.16434,8.16545,1.00,1.00
2017.11.07 09:21:21.070,8.16434,8.16543,1.00,1.00
2017.11.07 09:21:21.754,8.16434,8.16546,1.00,1.00
2017.11.07 09:21:22.695,8.16434,8.16544,1.00,1.00
2017.11.07 09:21:22.930,8.16422,8.16535,1.00,1.00
2017.11.07 09:21:29.079,8.16422,8.16534,1.00,1.00
2017.11.07 09:21:29.604,8.16422,8.16535,1.00,1.00
2017.11.07 09:21:31.312,8.16429,8.16535,1.00,1.00
2017.11.07 09:21:31.520,8.16422,8.16535,1.50,1.00
2017.11.07 09:21:33.318,8.16425,8.16535,1.00,1.00
2017.11.07 09:21:33.530,8.16422,8.16535,1.00,1.00
2017.11.07 09:21:33.719,8.16424,8.16535,1.00,1.00
2017.11.07 09:21:36.100,8.16422,8.16535,1.00,1.00
2017.11.07 09:21:44.137,8.16427,8.16535,1.00,1.00
2017.11.07 09:21:44.240,8.1644,8.16551,1.00,1.00
2017.11.07 09:21:44.291,8.16449,8.16551,1.00,1.00
2017.11.07 09:21:44.342,8.16457,8.16572,1.00,1.50
2017.11.07 09:21:45.107,8.16474,8.16572,1.00,1.00
2017.11.07 09:21:45.273,8.16479,8.16593,1.50,1.00
2017.11.07 09:21:46.039,8.16479,8.16587,1.00,1.00
2017.11.07 09:21:46.342,8.16475,8.16579,1.00,1.00
2017.11.07 09:21:46.600,8.16479,8.16593,1.00,1.00
2017.11.07 09:21:47.235,8.16494,8.16606,1.00,1.00
2017.11.07 09:21:47.742,8.16495,8.16606,1.00,1.00
2017.11.07 09:21:48.196,8.16506,8.16606,1.00,1.00
2017.11.07 09:21:50.466,8.16494,8.16605,1.00,1.00
2017.11.07 09:21:50.726,8.16475,8.1659,1.50,1.00
2017.11.07 09:21:53.140,8.16475,8.16576,1.50,1.00
2017.11.07 09:21:53.470,8.16475,8.16573,1.50,1.00
2017.11.07 09:21:58.694,8.16475,8.16572,1.50,1.00
2017.11.07 09:21:59.342,8.16475,8.16573,1.50,1.00
2017.11.07 09:22:05.652,8.16475,8.16566,1.50,1.00
2017.11.07 09:22:06.160,8.16475,8.16565,1.00,1.00
2017.11.07 09:22:06.683,8.16475,8.16563,1.00,1.00
2017.11.07 09:22:06.835,8.1645,8.16555,1.00,1.00
2017.11.07 09:22:07.577,8.1645,8.1656,1.00,1.00
2017.11.07 09:22:07.781,8.16462,8.16566,1.00,1.00
2017.11.07 09:22:07.934,8.1647,8.16577,1.00,1.00
2017.11.07 09:22:08.036,8.16491,8.16597,1.00,1.00
2017.11.07 09:22:08.278,8.16491,8.166,1.00,1.00
2017.11.07 09:22:08.532,8.16505,8.16615,1.00,1.00
2017.11.07 09:22:08.584,8.16505,8.16619,1.00,1.00
2017.11.07 09:22:08.636,8.16526,8.16626,1.00,1.00
2017.11.07 09:22:08.788,8.16513,8.16621,1.00,1.00
2017.11.07 09:22:09.898,8.16518,8.16621,1.00,1.00
2017.11.07 09:22:10.159,8.16518,8.16625,1.00,1.50
2017.11.07 09:22:10.212,8.16518,8.16622,1.00,1.00
2017.11.07 09:22:10.519,8.16518,8.16604,1.00,1.00
2017.11.07 09:22:10.570,8.16498,8.16604,1.00,1.00
2017.11.07 09:22:10.671,8.16496,8.16598,1.00,1.00
2017.11.07 09:22:10.875,8.16462,8.16573,1.00,1.00
2017.11.07 09:22:11.062,8.16462,8.16564,1.00,1.00
2017.11.07 09:22:11.115,8.16462,8.16569,1.00,1.00
2017.11.07 09:22:11.604,8.16466,8.16569,1.00,1.00
2017.11.07 09:22:11.841,8.16449,8.16555,1.00,1.00
2017.11.07 09:22:11.944,8.16427,8.16536,1.00,1.00
2017.11.07 09:22:12.105,8.16427,8.16542,1.00,1.00
2017.11.07 09:22:13.163,8.16427,8.1654,1.00,1.00
2017.11.07 09:22:13.510,8.16417,8.16522,1.00,1.00
2017.11.07 09:22:13.561,8.16417,8.16527,1.00,1.00
2017.11.07 09:22:13.612,8.16417,8.16529,1.00,1.00
2017.11.07 09:22:13.917,8.16417,8.16525,1.00,1.00
2017.11.07 09:22:14.083,8.16417,8.16529,1.00,1.00
2017.11.07 09:22:14.451,8.16417,8.16527,1.00,1.00
2017.11.07 09:22:14.770,8.16417,8.16522,1.00,1.00
2017.11.07 09:22:14.821,8.16382,8.16495,1.00,1.00
2017.11.07 09:22:14.872,8.1638,8.16495,1.50,1.00
2017.11.07 09:22:15.735,8.1638,8.16476,1.00,1.00
2017.11.07 09:22:15.837,8.16352,8.16467,1.00,1.00
2017.11.07 09:22:16.708,8.16371,8.16467,1.00,1.00
2017.11.07 09:22:16.759,8.16373,8.16481,1.00,1.00
2017.11.07 09:22:16.962,8.16368,8.16481,1.00,1.00
2017.11.07 09:22:17.087,8.16366,8.16481,1.00,1.00
2017.11.07 09:22:17.706,8.16366,8.1648,1.00,1.00
2017.11.07 09:22:18.247,8.16366,8.16479,1.00,1.00
2017.11.07 09:22:18.959,8.16366,8.16481,1.00,1.00
2017.11.07 09:22:19.111,8.16365,8.16467,1.00,1.00
2017.11.07 09:22:21.916,8.16365,8.16466,1.00,1.00
2017.11.07 09:22:22.846,8.16365,8.1646,1.00,1.00
2017.11.07 09:22:24.261,8.16365,8.16467,1.00,1.00
2017.11.07 09:22:26.160,8.16369,8.16478,1.00,1.00
2017.11.07 09:22:26.758,8.16369,8.16481,1.00,1.00
2017.11.07 09:22:27.062,8.16369,8.16484,1.00,1.00
2017.11.07 09:22:27.215,8.16384,8.16488,1.00,1.00
2017.11.07 09:22:27.266,8.16384,8.16492,1.00,1.00
2017.11.07 09:22:27.317,8.16369,8.16484,1.00,1.00
2017.11.07 09:22:30.048,8.16383,8.16498,1.00,1.00
2017.11.07 09:22:31.183,8.16384,8.16498,1.00,1.00
2017.11.07 09:22:35.486,8.16384,8.16483,1.00,1.00
2017.11.07 09:22:36.511,8.16391,8.16503,1.00,1.00
2017.11.07 09:22:36.714,8.16384,8.16489,1.00,1.00
2017.11.07 09:22:41.162,8.16385,8.16489,1.00,1.00
2017.11.07 09:22:41.213,8.16393,8.16508,1.00,1.00
2017.11.07 09:22:42.326,8.16394,8.16508,1.00,1.00
2017.11.07 09:22:43.320,8.16408,8.16508,1.00,1.00
2017.11.07 09:22:43.658,8.16414,8.16527,1.00,1.00
2017.11.07 09:22:43.799,8.16414,8.16521,1.00,1.00
2017.11.07 09:22:44.133,8.16408,8.16514,1.00,1.00
2017.11.07 09:22:44.794,8.1642,8.16514,1.00,1.00
2017.11.07 09:22:44.896,8.16425,8.16535,1.00,1.00
2017.11.07 09:22:44.997,8.16423,8.16535,1.00,1.00
2017.11.07 09:22:45.319,8.16436,8.16535,1.00,1.00
2017.11.07 09:22:46.091,8.16436,8.16523,1.00,1.00
2017.11.07 09:22:46.530,8.16436,8.16537,1.00,1.00
2017.11.07 09:22:49.910,8.16436,8.16535,1.00,1.00
2017.11.07 09:22:50.113,8.16405,8.16516,1.00,1.00
2017.11.07 09:22:50.164,8.16401,8.16516,1.00,1.00
2017.11.07 09:22:50.463,8.16409,8.16516,1.00,1.00
2017.11.07 09:22:54.231,8.16409,8.16511,1.00,1.00
2017.11.07 09:22:54.588,8.16409,8.165,1.00,1.00
2017.11.07 09:22:54.640,8.16388,8.165,1.00,1.00
2017.11.07 09:23:02.737,8.16393,8.165,1.00,1.00
2017.11.07 09:23:02.789,8.16408,8.16518,1.00,1.00
2017.11.07 09:23:02.840,8.16426,8.16518,1.00,1.00
2017.11.07 09:23:02.943,8.16431,8.16537,1.00,1.00
2017.11.07 09:23:03.626,8.16425,8.16537,1.00,1.00
2017.11.07 09:23:03.677,8.16428,8.16537,1.00,1.00
2017.11.07 09:23:04.202,8.16433,8.16537,1.00,1.00
2017.11.07 09:23:04.254,8.16451,8.16565,1.00,1.00
2017.11.07 09:23:05.069,8.16453,8.16565,1.00,1.00
2017.11.07 09:23:05.172,8.16472,8.16586,1.00,1.00
2017.11.07 09:23:06.013,8.16476,8.16586,1.00,1.00
2017.11.07 09:23:06.735,8.16474,8.16586,1.00,1.00
2017.11.07 09:23:06.837,8.16486,8.16586,1.00,1.00
2017.11.07 09:23:07.941,8.16487,8.16599,1.00,1.00
2017.11.07 09:23:07.992,8.16494,8.16599,1.00,1.00
2017.11.07 09:23:08.289,8.1651,8.16622,1.00,1.00
2017.11.07 09:23:09.049,8.16516,8.16622,1.00,1.00
2017.11.07 09:23:09.459,8.16493,8.16601,1.00,1.00
2017.11.07 09:23:12.414,8.16493,8.16607,1.00,1.00
2017.11.07 09:23:16.285,8.1651,8.16624,1.00,1.00
2017.11.07 09:23:16.676,8.16523,8.16638,1.00,1.00
2017.11.07 09:23:17.225,8.16538,8.16638,1.00,1.00
2017.11.07 09:23:18.055,8.16538,8.16624,1.00,1.00
2017.11.07 09:23:18.158,8.16517,8.16624,1.00,1.00
2017.11.07 09:23:19.054,8.16483,8.16582,1.00,1.00
2017.11.07 09:23:19.264,8.16488,8.16603,1.00,1.00
2017.11.07 09:23:19.776,8.16489,8.16603,1.00,1.00
2017.11.07 09:23:19.878,8.16488,8.16601,1.00,1.00
2017.11.07 09:23:21.309,8.16488,8.16603,1.00,1.50
2017.11.07 09:23:22.020,8.1653,8.16603,1.00,1.00
2017.11.07 09:23:22.122,8.16531,8.16644,1.00,1.00
2017.11.07 09:23:22.446,8.16534,8.16644,1.00,1.00
2017.11.07 09:23:22.597,8.16531,8.16644,1.00,1.00
2017.11.07 09:23:22.699,8.16535,8.16644,1.50,1.00
2017.11.07 09:23:22.750,8.1657,8.16684,1.00,1.00
2017.11.07 09:23:22.801,8.1657,8.16674,1.00,1.00
2017.11.07 09:23:23.040,8.16535,8.16646,1.00,1.00
2017.11.07 09:23:23.093,8.16535,8.16637,1.00,1.00
2017.11.07 09:23:23.911,8.16535,8.16643,1.00,1.00
2017.11.07 09:23:27.090,8.16535,8.16638,1.00,1.00
2017.11.07 09:23:28.825,8.16535,8.16641,1.00,1.00
2017.11.07 09:23:28.926,8.16535,8.1665,1.00,1.00
2017.11.07 09:23:28.977,8.16537,8.1665,1.00,1.00
2017.11.07 09:23:29.509,8.16557,8.16662,1.00,1.00
2017.11.07 09:23:29.560,8.16557,8.16664,1.00,1.00
2017.11.07 09:23:30.655,8.16557,8.16667,1.00,1.00
2017.11.07 09:23:31.170,8.16557,8.16668,1.00,1.00
2017.11.07 09:23:32.764,8.16557,8.1667,1.00,1.00
2017.11.07 09:23:46.160,8.16555,8.16669,1.00,1.00
2017.11.07 09:23:46.460,8.16577,8.16689,1.00,1.00
2017.11.07 09:23:46.773,8.16607,8.16718,1.00,1.00
2017.11.07 09:23:47.124,8.16607,8.16712,1.00,1.00
2017.11.07 09:23:47.225,8.16607,8.16716,1.00,1.00
2017.11.07 09:23:51.369,8.16607,8.16718,1.00,1.00
2017.11.07 09:23:52.099,8.16607,8.16722,1.00,1.00
2017.11.07 09:23:52.253,8.16609,8.16722,1.00,1.00
2017.11.07 09:23:54.125,8.16622,8.16736,1.00,1.00
2017.11.07 09:23:56.532,8.16636,8.16747,1.00,1.00
2017.11.07 09:23:56.979,8.16636,8.16749,1.00,1.00
2017.11.07 09:23:58.387,8.16636,8.1675,1.00,1.50
2017.11.07 09:23:59.614,8.16636,8.16749,1.00,1.00
2017.11.07 09:24:00.627,8.16636,8.1674,1.00,1.00
2017.11.07 09:24:00.679,8.16615,8.16729,1.00,1.00
2017.11.07 09:24:02.093,8.16609,8.16712,1.00,1.00
2017.11.07 09:24:02.246,8.16599,8.16712,1.00,1.50
2017.11.07 09:24:02.297,8.1659,8.1669,1.00,1.00
2017.11.07 09:24:02.399,8.16578,8.1669,1.00,1.00
2017.11.07 09:24:02.574,8.16582,8.1669,1.00,1.00
2017.11.07 09:24:06.210,8.16591,8.16706,1.00,1.00
2017.11.07 09:24:08.190,8.16605,8.16717,1.00,1.00
2017.11.07 09:24:08.241,8.16605,8.1672,1.00,1.00
2017.11.07 09:24:13.904,8.16605,8.16717,1.00,1.00
2017.11.07 09:24:13.955,8.16605,8.1672,1.00,1.50
2017.11.07 09:24:14.375,8.16605,8.16718,1.00,1.00
2017.11.07 09:24:14.740,8.16642,8.16732,1.00,1.00
2017.11.07 09:24:14.842,8.16675,8.16788,1.50,1.00
2017.11.07 09:24:14.893,8.16684,8.16788,1.00,1.00
2017.11.07 09:24:15.020,8.16704,8.16811,1.00,1.00
2017.11.07 09:24:18.613,8.16711,8.16814,1.00,1.00
2017.11.07 09:24:18.766,8.16775,8.1689,1.00,1.00
2017.11.07 09:24:19.021,8.16821,8.16927,1.00,1.00
2017.11.07 09:24:19.614,8.16821,8.16936,1.00,1.00
2017.11.07 09:24:20.526,8.16821,8.16929,1.00,1.00
2017.11.07 09:24:20.924,8.16821,8.16924,1.00,1.00
2017.11.07 09:24:21.455,8.16821,8.16926,1.00,1.00
2017.11.07 09:24:22.124,8.16821,8.16921,1.00,1.00
2017.11.07 09:24:26.332,8.16821,8.1693,1.00,1.00
2017.11.07 09:24:26.434,8.16824,8.1693,1.00,1.00
2017.11.07 09:24:26.658,8.16824,8.16932,1.00,1.00
2017.11.07 09:24:28.994,8.16824,8.1693,1.00,1.00
2017.11.07 09:24:31.150,8.1684,8.16946,1.00,1.00
2017.11.07 09:24:31.201,8.1684,8.16955,1.00,1.00
2017.11.07 09:24:31.252,8.16862,8.16965,1.00,1.00
2017.11.07 09:24:35.185,8.16862,8.16961,1.00,1.00
2017.11.07 09:24:35.512,8.16862,8.16957,1.00,1.00
2017.11.07 09:24:35.614,8.16862,8.1696,1.00,1.00
2017.11.07 09:24:35.665,8.16862,8.16965,1.00,1.00
2017.11.07 09:24:35.818,8.16878,8.16989,1.00,1.00
2017.11.07 09:24:35.870,8.16878,8.16982,1.00,1.00
2017.11.07 09:24:35.922,8.16878,8.16987,1.00,1.00
2017.11.07 09:24:36.024,8.16899,8.16998,1.00,1.00
2017.11.07 09:24:36.489,8.16899,8.17003,1.00,1.00
2017.11.07 09:24:36.961,8.16921,8.17017,1.00,1.00
2017.11.07 09:24:38.161,8.16911,8.17017,1.00,1.00
2017.11.07 09:24:38.262,8.16905,8.17017,1.00,1.00
2017.11.07 09:24:38.313,8.16905,8.17008,1.00,1.00
2017.11.07 09:24:38.364,8.16892,8.17006,1.00,1.00
2017.11.07 09:24:39.855,8.16906,8.17021,1.00,1.00
2017.11.07 09:24:40.123,8.16906,8.17016,1.00,1.00
2017.11.07 09:24:43.390,8.16906,8.1702,1.00,1.00
2017.11.07 09:24:43.974,8.16906,8.17017,1.00,1.00
2017.11.07 09:24:44.705,8.16906,8.17016,1.00,1.00
2017.11.07 09:24:45.439,8.1692,8.17028,1.00,1.00
2017.11.07 09:24:46.678,8.1692,8.17033,1.00,1.00
2017.11.07 09:24:46.851,8.16934,8.17047,1.00,1.00
2017.11.07 09:24:47.234,8.16935,8.17035,1.00,1.00
2017.11.07 09:24:47.479,8.1692,8.17024,1.00,1.00
2017.11.07 09:24:47.531,8.1692,8.17021,1.00,1.00
2017.11.07 09:24:47.633,8.16914,8.1702,1.00,1.00
2017.11.07 09:24:50.297,8.16914,8.17016,1.00,1.00
2017.11.07 09:24:50.601,8.16906,8.17008,1.00,1.00
2017.11.07 09:24:50.942,8.16906,8.17006,1.00,1.00
2017.11.07 09:24:50.993,8.16893,8.16999,1.00,1.00
2017.11.07 09:24:51.095,8.16893,8.16996,1.00,1.00
2017.11.07 09:24:51.423,8.16893,8.16992,1.00,1.00
2017.11.07 09:24:52.341,8.16893,8.16991,1.00,1.00
2017.11.07 09:24:52.711,8.16893,8.16982,1.00,1.00
2017.11.07 09:24:53.079,8.16893,8.16973,1.00,1.00
2017.11.07 09:24:58.619,8.16893,8.16981,1.00,1.00
2017.11.07 09:24:58.670,8.16893,8.16987,1.00,1.00
2017.11.07 09:25:05.050,8.16873,8.16987,1.00,1.00
2017.11.07 09:25:05.152,8.16873,8.16985,1.00,1.00
2017.11.07 09:25:05.872,8.16866,8.16973,1.00,1.00
2017.11.07 09:25:05.924,8.1688,8.16988,1.00,1.00
2017.11.07 09:25:05.975,8.1688,8.16994,1.00,1.00
2017.11.07 09:25:06.026,8.16895,8.16997,1.00,1.00
2017.11.07 09:25:06.298,8.16874,8.16977,1.00,1.00
2017.11.07 09:25:06.350,8.16874,8.16981,1.00,1.00
2017.11.07 09:25:07.382,8.16874,8.16978,1.00,1.00
2017.11.07 09:25:08.767,8.16874,8.16976,1.00,1.00
2017.11.07 09:25:08.940,8.16874,8.16982,1.00,1.00
2017.11.07 09:25:09.292,8.16874,8.16986,1.00,1.50
2017.11.07 09:25:10.096,8.16874,8.16897,1.00,1.00
2017.11.07 09:25:10.198,8.16768,8.16871,1.50,1.00
2017.11.07 09:25:10.250,8.16757,8.16852,1.37,1.00
2017.11.07 09:25:10.302,8.16757,8.16852,1.00,1.00
2017.11.07 09:25:10.404,8.16742,8.16852,1.37,1.00
2017.11.07 09:25:10.505,8.16742,8.16831,1.00,1.00
2017.11.07 09:25:10.608,8.16725,8.1684,1.00,1.60
2017.11.07 09:25:10.660,8.16725,8.1684,1.00,1.00
2017.11.07 09:25:10.711,8.1674,8.16847,1.00,1.00
2017.11.07 09:25:10.984,8.1674,8.1685,1.00,1.00
2017.11.07 09:25:11.198,8.1674,8.16854,1.00,1.00
2017.11.07 09:25:12.457,8.1674,8.16853,1.50,1.00
2017.11.07 09:25:12.631,8.1674,8.16849,1.50,1.00
2017.11.07 09:25:14.610,8.16728,8.16843,1.00,1.00
2017.11.07 09:25:14.711,8.16707,8.1682,1.00,1.00
2017.11.07 09:25:15.017,8.16707,8.16812,1.00,1.00
2017.11.07 09:25:15.295,8.16707,8.16822,1.00,1.00
2017.11.07 09:25:16.254,8.16718,8.16822,1.00,1.00
2017.11.07 09:25:18.494,8.16725,8.1684,1.00,1.00
2017.11.07 09:25:18.545,8.16725,8.16833,1.00,1.00
2017.11.07 09:25:18.596,8.16725,8.16839,1.00,1.00
2017.11.07 09:25:18.750,8.16718,8.16826,1.00,1.00
2017.11.07 09:25:19.090,8.16718,8.16816,1.00,1.00
2017.11.07 09:25:21.031,8.16718,8.16826,1.00,1.00
2017.11.07 09:25:21.133,8.16732,8.16838,1.00,1.00
2017.11.07 09:25:21.351,8.16732,8.16842,1.00,1.00
2017.11.07 09:25:21.716,8.16732,8.16847,1.00,1.50
2017.11.07 09:25:22.027,8.16746,8.16861,1.00,1.00
2017.11.07 09:25:22.332,8.1676,8.16857,1.00,1.00
2017.11.07 09:25:22.434,8.1676,8.1686,1.00,1.00
2017.11.07 09:25:22.484,8.1676,8.16852,1.00,1.00
2017.11.07 09:25:23.515,8.1676,8.16828,1.00,1.00
2017.11.07 09:25:23.668,8.1668,8.16773,1.00,1.00
2017.11.07 09:25:23.719,8.16658,8.16773,1.00,1.50
2017.11.07 09:25:23.821,8.16658,8.1676,1.00,1.00
2017.11.07 09:25:25.066,8.16658,8.16772,1.00,1.00
2017.11.07 09:25:25.167,8.16683,8.1678,1.00,1.00
2017.11.07 09:25:25.320,8.16683,8.1679,1.00,1.00
2017.11.07 09:25:26.556,8.16683,8.16798,1.00,1.00
2017.11.07 09:25:26.607,8.16702,8.16809,1.00,1.00
2017.11.07 09:25:26.709,8.16702,8.16814,1.00,1.00
2017.11.07 09:25:28.190,8.16716,8.16822,1.00,1.00
2017.11.07 09:25:28.393,8.16649,8.16764,1.00,1.00
2017.11.07 09:25:28.657,8.16657,8.16764,1.00,1.00
2017.11.07 09:25:28.713,8.16668,8.16778,1.00,1.00
2017.11.07 09:25:28.916,8.16677,8.1679,1.00,1.00
2017.11.07 09:25:29.014,8.16677,8.16786,1.00,1.00
2017.11.07 09:25:29.218,8.16677,8.16792,1.00,1.00
2017.11.07 09:25:29.735,8.16677,8.16781,1.00,1.00
2017.11.07 09:25:29.837,8.16654,8.16769,1.00,1.00
2017.11.07 09:25:29.889,8.16654,8.16739,1.00,1.00
2017.11.07 09:25:30.041,8.16624,8.16713,1.00,1.00
2017.11.07 09:25:30.143,8.1661,8.16713,1.00,1.00
2017.11.07 09:25:30.194,8.1661,8.16725,1.00,1.00
2017.11.07 09:25:30.452,8.1661,8.16718,1.00,1.00
2017.11.07 09:25:30.772,8.16634,8.16725,1.00,1.00
2017.11.07 09:25:30.824,8.16639,8.16752,1.00,1.00
2017.11.07 09:25:30.926,8.16652,8.16767,1.00,1.00
2017.11.07 09:25:31.202,8.16657,8.16767,1.00,1.00
2017.11.07 09:25:31.344,8.16669,8.16784,1.00,1.00
2017.11.07 09:25:33.173,8.16679,8.16784,1.00,1.00
2017.11.07 09:25:33.366,8.16657,8.16772,1.50,1.50
2017.11.07 09:25:33.417,8.16657,8.16754,1.50,1.00
2017.11.07 09:25:33.732,8.16657,8.16739,1.00,1.00
2017.11.07 09:25:34.152,8.16657,8.16753,1.00,1.00
2017.11.07 09:25:34.356,8.16657,8.16767,1.00,1.00
2017.11.07 09:25:34.541,8.16657,8.16765,1.00,1.00
2017.11.07 09:25:34.744,8.16657,8.16767,1.00,1.00
2017.11.07 09:25:34.861,8.16657,8.16764,1.00,1.00
2017.11.07 09:25:35.352,8.16657,8.1676,1.00,1.00
2017.11.07 09:25:35.827,8.16657,8.16755,1.00,1.00
2017.11.07 09:25:36.171,8.16657,8.16745,1.00,1.00
2017.11.07 09:25:36.359,8.16657,8.1676,1.00,1.00
2017.11.07 09:25:36.663,8.16659,8.16774,1.00,1.00
2017.11.07 09:25:37.341,8.16678,8.16774,1.00,1.00
2017.11.07 09:25:37.443,8.16694,8.16802,1.00,1.00
2017.11.07 09:25:38.040,8.16683,8.16795,1.00,1.00
2017.11.07 09:25:38.092,8.16683,8.16788,1.00,1.00
2017.11.07 09:25:38.143,8.1667,8.16777,1.00,1.00
2017.11.07 09:25:39.095,8.1667,8.16757,1.00,1.00
2017.11.07 09:25:39.147,8.16644,8.16757,1.00,1.00
2017.11.07 09:25:39.878,8.16644,8.16748,1.00,1.00
2017.11.07 09:25:39.930,8.16644,8.16751,1.00,1.00
2017.11.07 09:25:40.147,8.16651,8.16764,1.00,1.00
2017.11.07 09:25:40.456,8.16656,8.16764,1.00,1.00
2017.11.07 09:25:40.558,8.16697,8.16808,1.00,1.00
2017.11.07 09:25:40.660,8.16697,8.1681,1.00,1.00
2017.11.07 09:25:40.762,8.16722,8.16818,1.00,1.00
2017.11.07 09:25:41.304,8.16722,8.16823,1.00,1.00
2017.11.07 09:25:41.358,8.16722,8.1683,1.00,1.00
2017.11.07 09:25:41.410,8.16722,8.16834,1.00,1.00
2017.11.07 09:25:41.461,8.16722,8.16837,1.00,1.00
2017.11.07 09:25:41.665,8.16736,8.16842,1.00,1.00
2017.11.07 09:25:42.267,8.16715,8.16827,1.00,1.00
2017.11.07 09:25:42.406,8.16712,8.16799,1.00,1.00
2017.11.07 09:25:42.458,8.16678,8.1678,1.00,1.00
2017.11.07 09:25:43.937,8.16666,8.16775,1.00,1.00
2017.11.07 09:25:44.089,8.16676,8.16775,1.00,1.00
2017.11.07 09:25:44.140,8.16703,8.16818,1.00,1.00
2017.11.07 09:25:44.242,8.16716,8.16822,1.00,1.00
2017.11.07 09:25:44.546,8.16716,8.16817,1.00,1.00
2017.11.07 09:25:44.805,8.16716,8.16827,1.00,1.00
2017.11.07 09:25:44.907,8.16716,8.1682,1.00,1.00
2017.11.07 09:25:45.640,8.16686,8.168,1.00,1.00
2017.11.07 09:25:45.691,8.16686,8.16772,1.00,1.00
2017.11.07 09:25:45.742,8.16655,8.1677,1.00,1.00
2017.11.07 09:25:45.793,8.16655,8.1676,1.00,1.00
2017.11.07 09:25:45.946,8.16639,8.16754,1.00,1.00
2017.11.07 09:25:47.442,8.1666,8.16754,1.00,1.00
2017.11.07 09:25:47.545,8.16673,8.16785,1.00,1.00
2017.11.07 09:25:47.646,8.16685,8.16799,1.00,1.50
2017.11.07 09:25:47.799,8.16698,8.16799,1.00,1.00
2017.11.07 09:25:47.900,8.16698,8.16809,1.00,1.00
2017.11.07 09:25:49.178,8.16679,8.16785,1.00,1.00
2017.11.07 09:25:49.331,8.16646,8.16756,1.00,1.00
2017.11.07 09:25:49.382,8.16646,8.16746,1.00,1.00
2017.11.07 09:25:49.433,8.16627,8.16741,1.00,1.00
2017.11.07 09:25:52.246,8.16624,8.16727,1.00,1.00
2017.11.07 09:25:52.455,8.16626,8.16739,1.00,1.00
2017.11.07 09:25:52.710,8.16639,8.16739,1.00,1.00
2017.11.07 09:25:52.811,8.1666,8.16773,1.00,1.00
2017.11.07 09:25:53.019,8.16681,8.16791,1.00,1.00
2017.11.07 09:25:53.121,8.16681,8.16795,1.00,1.00
2017.11.07 09:25:53.223,8.16681,8.1679,1.00,1.00
2017.11.07 09:25:53.376,8.16681,8.16792,1.00,1.00
2017.11.07 09:25:54.415,8.16681,8.1678,1.00,1.00
2017.11.07 09:25:54.568,8.16637,8.16739,1.00,1.00
2017.11.07 09:25:54.619,8.16618,8.16733,1.00,1.50
2017.11.07 09:25:54.670,8.16618,8.16721,1.00,1.00
2017.11.07 09:25:54.721,8.16606,8.16721,1.00,1.50
2017.11.07 09:25:59.176,8.16606,8.16718,1.00,1.00
2017.11.07 09:25:59.650,8.16606,8.16714,1.00,1.00
2017.11.07 09:25:59.966,8.16596,8.1669,1.00,1.00
2017.11.07 09:26:00.017,8.16577,8.1669,1.00,1.00
2017.11.07 09:26:00.068,8.16575,8.16677,1.00,1.00
2017.11.07 09:26:01.231,8.16591,8.16675,1.00,1.00
2017.11.07 09:26:01.536,8.16591,8.16663,1.00,1.00
2017.11.07 09:26:02.134,8.16591,8.16684,1.00,1.00
2017.11.07 09:26:02.322,8.16591,8.16682,1.00,1.00
2017.11.07 09:26:05.704,8.16591,8.16677,1.00,1.00
2017.11.07 09:26:06.212,8.16591,8.16669,1.00,1.00
2017.11.07 09:26:06.514,8.16559,8.16669,1.00,1.00
2017.11.07 09:26:09.840,8.16559,8.16649,1.00,1.00
2017.11.07 09:26:11.513,8.16559,8.16671,1.00,1.00
2017.11.07 09:26:13.980,8.16587,8.16671,1.00,1.00
2017.11.07 09:26:14.031,8.16587,8.16691,1.00,1.00
2017.11.07 09:26:14.133,8.16579,8.16691,1.00,1.00
2017.11.07 09:26:14.285,8.16593,8.16691,1.00,1.00
2017.11.07 09:26:15.707,8.16577,8.16691,1.00,1.00
2017.11.07 09:26:15.859,8.16577,8.16685,1.00,1.00
2017.11.07 09:26:16.017,8.16565,8.16677,1.00,1.00
2017.11.07 09:26:17.715,8.16563,8.16677,1.00,1.00
2017.11.07 09:26:17.767,8.16534,8.1664,1.00,1.00
2017.11.07 09:26:17.869,8.16544,8.16658,1.50,1.00
2017.11.07 09:26:17.981,8.16552,8.16658,1.00,1.00
2017.11.07 09:26:18.031,8.1656,8.16673,1.00,1.00
2017.11.07 09:26:19.449,8.16581,8.16695,1.00,1.00
2017.11.07 09:26:19.622,8.16568,8.16674,1.00,1.00
2017.11.07 09:26:19.725,8.1654,8.16647,1.00,1.00
2017.11.07 09:26:21.895,8.16524,8.16639,1.00,1.00
2017.11.07 09:26:22.099,8.16523,8.16625,1.00,1.00
2017.11.07 09:26:24.624,8.16526,8.16641,1.00,1.00
2017.11.07 09:26:24.778,8.16529,8.16641,1.00,1.00
2017.11.07 09:26:25.303,8.16536,8.16641,1.00,1.00
2017.11.07 09:26:26.160,8.1654,8.16655,1.00,1.00
2017.11.07 09:26:29.113,8.16555,8.16661,1.00,1.00
2017.11.07 09:26:29.695,8.16555,8.16662,1.00,1.00
2017.11.07 09:26:29.900,8.16526,8.16637,1.00,1.00
2017.11.07 09:26:29.951,8.16526,8.16631,1.00,1.00
2017.11.07 09:26:30.002,8.16505,8.16619,1.00,1.00
2017.11.07 09:26:33.792,8.16495,8.16591,1.00,1.00
2017.11.07 09:26:33.843,8.16482,8.16591,1.00,1.00
2017.11.07 09:26:33.987,8.16494,8.16606,1.00,1.00
2017.11.07 09:26:34.452,8.16498,8.16606,1.00,1.00
2017.11.07 09:26:35.499,8.16494,8.16606,1.00,1.00
2017.11.07 09:26:37.482,8.16495,8.16606,1.00,1.00
2017.11.07 09:26:38.286,8.16494,8.16606,1.00,1.00
2017.11.07 09:26:38.674,8.16499,8.16606,1.00,1.00
2017.11.07 09:26:38.725,8.16474,8.16586,1.00,1.00
2017.11.07 09:26:39.934,8.16474,8.16583,1.00,1.00
2017.11.07 09:26:41.211,8.16474,8.16586,1.00,1.00
2017.11.07 09:26:41.462,8.16485,8.166,1.00,1.00
2017.11.07 09:26:41.513,8.16485,8.16596,1.00,1.00
2017.11.07 09:26:41.564,8.16485,8.166,1.00,1.00
2017.11.07 09:26:41.615,8.16485,8.16598,1.00,1.00
2017.11.07 09:26:41.919,8.16485,8.1659,1.00,1.00
2017.11.07 09:26:42.091,8.16474,8.16585,1.00,1.00
2017.11.07 09:26:42.803,8.16474,8.16583,1.00,1.00
2017.11.07 09:26:42.855,8.16474,8.16585,1.00,1.00
2017.11.07 09:26:42.957,8.16474,8.16581,1.00,1.00
2017.11.07 09:26:43.059,8.16458,8.16571,1.00,1.00
2017.11.07 09:26:44.235,8.16459,8.16571,1.00,1.00
2017.11.07 09:26:45.069,8.16458,8.16571,1.50,1.00
2017.11.07 09:26:47.791,8.16458,8.16561,1.00,1.00
2017.11.07 09:26:47.842,8.16458,8.16571,1.00,1.00
2017.11.07 09:26:52.418,8.16461,8.16571,1.00,1.00
2017.11.07 09:26:53.378,8.16462,8.16571,1.00,1.00
2017.11.07 09:26:53.704,8.16464,8.16571,1.00,1.00
2017.11.07 09:26:54.942,8.16463,8.16571,1.00,1.00
2017.11.07 09:27:00.365,8.16462,8.16571,1.00,1.00
2017.11.07 09:27:00.585,8.16458,8.16571,1.00,1.00
2017.11.07 09:27:04.802,8.1645,8.16565,1.00,1.00
2017.11.07 09:27:04.903,8.16436,8.16551,1.00,1.00
2017.11.07 09:27:07.827,8.16428,8.16535,1.00,1.00
2017.11.07 09:27:12.778,8.1644,8.16555,1.00,1.00
2017.11.07 09:27:12.879,8.16445,8.16555,1.00,1.00
2017.11.07 09:27:12.981,8.16454,8.16569,1.00,1.00
2017.11.07 09:27:13.230,8.16458,8.16569,1.00,1.00
2017.11.07 09:27:13.281,8.16476,8.1659,1.00,1.00
2017.11.07 09:27:20.669,8.16481,8.1659,1.00,1.00
2017.11.07 09:27:20.720,8.16497,8.16611,1.00,1.00
2017.11.07 09:27:32.248,8.16497,8.16602,1.00,1.00
2017.11.07 09:27:32.349,8.16484,8.1659,1.00,1.00
2017.11.07 09:27:32.400,8.16476,8.1659,1.00,1.00
2017.11.07 09:27:32.583,8.16476,8.16587,1.00,1.00
2017.11.07 09:27:37.557,8.16476,8.16589,1.00,1.00
2017.11.07 09:27:39.372,8.16462,8.16577,1.00,1.00
2017.11.07 09:27:39.423,8.16465,8.16577,1.00,1.00
2017.11.07 09:27:39.474,8.16476,8.16589,1.00,1.00
2017.11.07 09:27:39.526,8.16476,8.16591,1.00,1.00
2017.11.07 09:27:40.372,8.1649,8.16605,1.00,1.00
2017.11.07 09:27:40.968,8.1649,8.16597,1.00,1.00
2017.11.07 09:27:45.022,8.1649,8.16595,1.00,1.00
2017.11.07 09:27:45.174,8.1649,8.16604,1.00,1.00
2017.11.07 09:27:45.362,8.16507,8.16605,1.00,1.00
2017.11.07 09:27:45.414,8.16537,8.16652,1.00,1.00
2017.11.07 09:27:45.465,8.16541,8.16652,1.00,1.00
2017.11.07 09:27:45.871,8.16556,8.16667,1.00,1.00
2017.11.07 09:27:47.786,8.16556,8.16671,1.00,1.00
2017.11.07 09:27:47.839,8.16558,8.16671,1.00,1.00
2017.11.07 09:27:47.890,8.1657,8.16685,1.00,1.00
2017.11.07 09:27:48.095,8.16558,8.16671,1.00,1.00
2017.11.07 09:27:48.440,8.16558,8.16668,1.00,1.00
2017.11.07 09:27:49.453,8.16558,8.16665,1.00,1.00
2017.11.07 09:27:50.205,8.16558,8.16671,1.00,1.00
2017.11.07 09:27:52.875,8.16558,8.16656,1.00,1.00
2017.11.07 09:27:52.976,8.16541,8.16656,1.00,1.00
2017.11.07 09:27:53.078,8.16521,8.16634,1.00,1.00
2017.11.07 09:27:54.628,8.16528,8.16634,1.00,1.00
2017.11.07 09:27:54.731,8.16541,8.16656,1.00,1.00
2017.11.07 09:27:55.616,8.16542,8.16656,1.00,1.00
2017.11.07 09:27:56.394,8.16541,8.16656,1.00,1.00
2017.11.07 09:27:56.547,8.16534,8.16642,1.00,1.00
2017.11.07 09:27:57.052,8.16537,8.16642,1.00,1.00
2017.11.07 09:27:57.430,8.16541,8.16642,1.00,1.00
2017.11.07 09:27:57.481,8.16534,8.16642,1.00,1.00
2017.11.07 09:27:57.532,8.16516,8.1663,1.00,1.00
2017.11.07 09:27:57.635,8.16498,8.16612,1.00,1.00
2017.11.07 09:27:58.311,8.16502,8.16612,1.00,1.00
2017.11.07 09:28:03.641,8.16512,8.16626,1.00,1.00
2017.11.07 09:28:04.151,8.16513,8.16626,1.00,1.00
2017.11.07 09:28:06.001,8.16512,8.16626,1.00,1.00
2017.11.07 09:28:07.786,8.16498,8.16598,1.00,1.00
2017.11.07 09:28:07.888,8.16476,8.16591,1.00,1.00
2017.11.07 09:28:13.036,8.16476,8.16579,1.00,1.00
2017.11.07 09:28:13.087,8.16476,8.16581,1.00,1.00
2017.11.07 09:28:13.397,8.16461,8.16576,1.00,1.00
2017.11.07 09:28:15.313,8.16461,8.16573,1.00,1.00
2017.11.07 09:28:15.644,8.16461,8.16567,1.00,1.00
2017.11.07 09:28:15.982,8.16461,8.16558,1.00,1.00
2017.11.07 09:28:16.033,8.16461,8.16561,1.00,1.00
2017.11.07 09:28:16.084,8.16461,8.16567,1.00,1.00
2017.11.07 09:28:17.676,8.16461,8.16563,1.00,1.00
2017.11.07 09:28:19.329,8.16461,8.16568,1.00,1.00
2017.11.07 09:28:19.846,8.16432,8.16491,1.00,1.00
2017.11.07 09:28:19.898,8.16399,8.16491,1.00,1.00
2017.11.07 09:28:20.070,8.16371,8.16483,1.00,1.00
2017.11.07 09:28:20.946,8.16349,8.16463,1.50,1.00
2017.11.07 09:28:20.997,8.16353,8.16463,1.00,1.00
2017.11.07 09:28:21.101,8.16371,8.16482,1.00,1.00
2017.11.07 09:28:21.561,8.16371,8.16486,1.00,1.50
2017.11.07 09:28:21.923,8.16385,8.165,1.00,1.00
2017.11.07 09:28:22.276,8.16371,8.16486,1.00,1.00
2017.11.07 09:28:22.581,8.16371,8.1648,1.00,1.00
2017.11.07 09:28:22.632,8.16371,8.16484,1.00,1.00
2017.11.07 09:28:22.811,8.16371,8.1648,1.00,1.00
2017.11.07 09:28:23.117,8.16359,8.16472,1.00,1.00
2017.11.07 09:28:23.168,8.16357,8.16458,1.00,1.00
2017.11.07 09:28:23.271,8.16337,8.1645,1.00,1.00
2017.11.07 09:28:33.665,8.16337,8.16447,1.00,1.00
2017.11.07 09:28:33.716,8.16337,8.1645,1.00,1.00
2017.11.07 09:28:35.344,8.16337,8.16446,1.00,1.00
2017.11.07 09:28:35.685,8.16294,8.16403,1.00,1.00
2017.11.07 09:28:35.736,8.16303,8.16418,1.00,1.00
2017.11.07 09:28:36.527,8.1629,8.16399,1.00,1.00
2017.11.07 09:28:36.973,8.163,8.16399,1.00,1.00
2017.11.07 09:28:37.332,8.16284,8.16399,1.00,1.00
2017.11.07 09:28:37.522,8.16263,8.16378,1.00,1.00
2017.11.07 09:28:37.840,8.16249,8.16363,1.00,1.00
2017.11.07 09:28:38.407,8.16235,8.16349,1.00,1.00
2017.11.07 09:28:38.725,8.16221,8.16335,1.00,1.00
2017.11.07 09:28:39.030,8.16221,8.16328,1.00,1.00
2017.11.07 09:28:39.604,8.16216,8.16328,1.00,1.50
2017.11.07 09:28:39.656,8.16195,8.16274,1.00,1.00
2017.11.07 09:28:39.707,8.16136,8.1625,1.00,1.00
2017.11.07 09:28:39.859,8.16127,8.16236,1.00,1.00
2017.11.07 09:28:39.910,8.16121,8.16236,1.00,1.00
2017.11.07 09:28:39.961,8.16109,8.16219,1.00,1.00
2017.11.07 09:28:41.030,8.16122,8.16235,1.00,1.00
2017.11.07 09:28:41.081,8.16133,8.16245,1.00,1.00
2017.11.07 09:28:42.251,8.16133,8.16248,1.00,1.00
2017.11.07 09:28:44.054,8.16154,8.16266,1.00,1.00
2017.11.07 09:28:44.368,8.16154,8.16264,1.00,1.00
2017.11.07 09:28:44.506,8.16154,8.16266,1.00,1.00
2017.11.07 09:28:45.006,8.16154,8.16269,1.00,1.00
2017.11.07 09:28:45.159,8.16167,8.1628,1.00,1.00
2017.11.07 09:28:45.668,8.16167,8.16273,1.00,1.00
2017.11.07 09:28:46.195,8.16167,8.16278,1.00,1.00
2017.11.07 09:28:46.246,8.16167,8.16281,1.00,1.00
2017.11.07 09:28:46.348,8.16171,8.16281,1.00,1.00
2017.11.07 09:28:46.399,8.16167,8.16281,1.00,1.00
2017.11.07 09:28:46.992,8.16176,8.16281,1.00,1.00
2017.11.07 09:28:48.241,8.16182,8.16294,1.00,1.00
2017.11.07 09:28:51.306,8.16203,8.16317,1.00,1.00
2017.11.07 09:28:51.407,8.16208,8.16317,1.00,1.00
2017.11.07 09:28:51.509,8.16224,8.16335,1.00,1.00
2017.11.07 09:28:52.081,8.16224,8.16334,1.00,1.00
2017.11.07 09:28:52.132,8.16224,8.16331,1.00,1.00
2017.11.07 09:28:52.356,8.16224,8.16335,1.00,1.00
2017.11.07 09:28:52.622,8.16217,8.16326,1.00,1.00
2017.11.07 09:28:52.991,8.16217,8.16324,1.00,1.00
2017.11.07 09:28:53.360,8.16217,8.1632,1.00,1.00
2017.11.07 09:28:53.681,8.16217,8.16318,1.00,1.00
2017.11.07 09:28:54.018,8.16217,8.16316,1.00,1.00
2017.11.07 09:28:54.340,8.16211,8.16316,1.00,1.00
2017.11.07 09:28:54.848,8.16198,8.16305,1.00,1.00
2017.11.07 09:29:00.914,8.16205,8.16319,1.00,1.00
2017.11.07 09:29:01.222,8.16205,8.16315,1.00,1.00
2017.11.07 09:29:05.756,8.16191,8.16292,1.00,1.00
2017.11.07 09:29:06.979,8.16191,8.16291,1.00,1.00
2017.11.07 09:29:07.321,8.16178,8.16275,1.00,1.00
2017.11.07 09:29:07.523,8.16156,8.16269,1.00,1.00
2017.11.07 09:29:07.676,8.16156,8.16265,1.00,1.00
2017.11.07 09:29:07.727,8.16156,8.16267,1.00,1.00
2017.11.07 09:29:07.912,8.16156,8.16262,1.00,1.00
2017.11.07 09:29:07.963,8.16156,8.16268,1.00,1.00
2017.11.07 09:29:08.351,8.16156,8.16259,1.00,1.00
2017.11.07 09:29:08.402,8.16156,8.16264,1.00,1.00
2017.11.07 09:29:08.453,8.16148,8.16248,1.00,1.00
2017.11.07 09:29:09.482,8.16149,8.16248,1.00,1.00
2017.11.07 09:29:09.533,8.1617,8.1628,1.00,1.00
2017.11.07 09:29:13.583,8.1617,8.16276,1.00,1.00
2017.11.07 09:29:13.634,8.16155,8.16266,1.00,1.00
2017.11.07 09:29:13.736,8.16155,8.16261,1.00,1.00
2017.11.07 09:29:14.075,8.16148,8.16241,1.00,1.00
2017.11.07 09:29:15.252,8.16148,8.16255,1.00,1.00
2017.11.07 09:29:15.397,8.16148,8.16241,1.00,1.00
2017.11.07 09:29:18.100,8.16126,8.16241,1.50,1.00
2017.11.07 09:29:18.151,8.16126,8.16219,1.00,1.00
2017.11.07 09:29:18.202,8.16106,8.16219,1.00,1.00
2017.11.07 09:29:18.253,8.16118,8.16219,1.00,1.00
2017.11.07 09:29:18.355,8.16119,8.16234,1.00,1.00
2017.11.07 09:29:19.227,8.1612,8.16234,1.00,1.00
2017.11.07 09:29:19.871,8.16125,8.16234,1.00,1.00
2017.11.07 09:29:20.054,8.16133,8.16248,1.00,1.00
2017.11.07 09:29:20.156,8.16138,8.16248,1.00,1.00
2017.11.07 09:29:20.309,8.16148,8.16261,1.00,1.00
2017.11.07 09:29:20.411,8.1614,8.16248,1.00,1.00
2017.11.07 09:29:23.230,8.16149,8.16262,1.00,1.00
2017.11.07 09:29:23.281,8.16153,8.16262,1.00,1.00
2017.11.07 09:29:23.332,8.16162,8.16276,1.00,1.00
2017.11.07 09:29:23.383,8.16162,8.16274,1.00,1.00
2017.11.07 09:29:23.708,8.16142,8.16255,1.00,1.00
2017.11.07 09:29:23.759,8.1614,8.16255,1.50,1.00
2017.11.07 09:29:30.347,8.16126,8.16238,1.00,1.00
2017.11.07 09:29:30.398,8.16126,8.16241,1.00,1.00
2017.11.07 09:29:31.894,8.16126,8.16235,1.00,1.00
2017.11.07 09:29:31.948,8.16113,8.16226,1.50,1.50
2017.11.07 09:29:32.008,8.16099,8.16212,1.50,1.00
2017.11.07 09:29:33.173,8.16114,8.16229,1.00,1.50
2017.11.07 09:29:33.669,8.16116,8.16229,1.00,1.00
2017.11.07 09:29:33.804,8.16114,8.16229,1.00,1.00
2017.11.07 09:29:33.957,8.161,8.16214,1.00,1.00
2017.11.07 09:29:38.751,8.16102,8.16214,1.00,1.00
2017.11.07 09:29:38.802,8.16114,8.16229,1.50,1.00
2017.11.07 09:29:38.904,8.16128,8.16243,1.00,1.00
2017.11.07 09:29:40.053,8.16142,8.16257,1.00,1.00
2017.11.07 09:29:44.039,8.16142,8.16254,1.00,1.00
2017.11.07 09:29:44.576,8.1613,8.1624,1.00,1.00
2017.11.07 09:29:48.640,8.16134,8.1624,1.00,1.00
2017.11.07 09:29:48.742,8.16153,8.16268,1.00,1.50
2017.11.07 09:29:49.037,8.16153,8.16266,1.00,1.00
2017.11.07 09:29:50.206,8.16168,8.16282,1.50,1.00
2017.11.07 09:29:50.259,8.16176,8.16282,1.00,1.00
2017.11.07 09:29:50.383,8.16182,8.16296,1.00,1.00
2017.11.07 09:29:57.203,8.16198,8.1631,1.00,1.00
2017.11.07 09:29:57.660,8.16198,8.16313,1.00,1.00
2017.11.07 09:29:57.712,8.162,8.16313,1.00,1.00
2017.11.07 09:29:59.306,8.16215,8.16322,1.00,1.00
2017.11.07 09:29:59.606,8.16215,8.16326,1.00,1.00
2017.11.07 09:30:00.293,8.16215,8.16327,1.00,1.00
2017.11.07 09:30:00.344,8.16215,8.16329,1.00,1.00
2017.11.07 09:30:00.446,8.1623,8.16339,1.00,1.00
2017.11.07 09:30:02.421,8.1622,8.1633,1.00,1.00
2017.11.07 09:30:03.684,8.16217,8.1633,1.00,1.00
2017.11.07 09:30:03.735,8.16217,8.16322,1.00,1.00
2017.11.07 09:30:03.865,8.16206,8.16317,1.00,1.00
2017.11.07 09:30:03.916,8.16216,8.16331,1.00,1.00
2017.11.07 09:30:05.064,8.16216,8.16323,1.00,1.00
2017.11.07 09:30:05.165,8.16203,8.16314,1.00,1.00
2017.11.07 09:30:07.818,8.16203,8.16316,1.00,1.00
2017.11.07 09:30:12.369,8.16217,8.16316,1.00,1.00
2017.11.07 09:30:12.470,8.16224,8.16337,1.00,1.00
2017.11.07 09:30:14.085,8.16235,8.16345,1.00,1.00
2017.11.07 09:30:14.698,8.16235,8.1635,1.00,1.50
2017.11.07 09:30:20.340,8.16227,8.16336,1.00,1.00
2017.11.07 09:30:22.498,8.16243,8.16356,1.00,1.00
2017.11.07 09:30:28.689,8.16261,8.16371,1.00,1.00
2017.11.07 09:30:28.740,8.16262,8.16376,1.00,1.00
2017.11.07 09:30:28.791,8.1628,8.1639,1.00,1.00
2017.11.07 09:30:28.842,8.1628,8.16395,1.00,1.00
2017.11.07 09:30:28.944,8.1629,8.16395,1.00,1.00
2017.11.07 09:30:28.995,8.16304,8.16418,1.00,1.00
2017.11.07 09:30:29.046,8.16308,8.16418,1.00,1.00
2017.11.07 09:30:29.726,8.16307,8.16418,1.00,1.00
2017.11.07 09:30:29.879,8.16318,8.16433,1.00,1.00
2017.11.07 09:30:29.930,8.16327,8.16433,1.00,1.00
2017.11.07 09:30:30.442,8.16326,8.16433,1.00,1.00
2017.11.07 09:30:31.525,8.16321,8.16433,1.00,1.00
2017.11.07 09:30:31.576,8.16319,8.16433,1.00,1.00
2017.11.07 09:30:31.738,8.16306,8.16414,1.00,1.00
2017.11.07 09:30:31.891,8.16262,8.16372,1.50,1.00
2017.11.07 09:30:32.044,8.16258,8.16372,1.00,1.00
2017.11.07 09:30:32.375,8.16243,8.16344,1.00,1.00
2017.11.07 09:30:32.688,8.16243,8.16329,1.00,1.00
2017.11.07 09:30:32.990,8.16236,8.16329,1.00,1.00
2017.11.07 09:30:33.391,8.16248,8.16347,1.00,1.00
2017.11.07 09:30:33.442,8.1625,8.16365,1.00,1.00
2017.11.07 09:30:33.609,8.16271,8.16379,1.00,1.00
2017.11.07 09:30:33.660,8.16273,8.16386,1.00,1.00
2017.11.07 09:30:33.762,8.16277,8.16386,1.00,1.00
2017.11.07 09:30:33.864,8.1629,8.16404,1.00,1.00
2017.11.07 09:30:34.507,8.1629,8.16405,1.00,1.00
2017.11.07 09:30:37.015,8.16295,8.16405,1.00,1.00
2017.11.07 09:30:37.405,8.1632,8.16428,1.00,1.00
2017.11.07 09:30:37.903,8.16322,8.16428,1.00,1.00
2017.11.07 09:30:39.370,8.16328,8.16428,1.00,1.00
2017.11.07 09:30:39.422,8.16332,8.16443,1.00,1.00
2017.11.07 09:30:39.575,8.1634,8.16455,1.00,1.00
2017.11.07 09:30:39.627,8.1635,8.16455,1.00,1.00
2017.11.07 09:30:39.679,8.16359,8.16467,1.00,1.00
2017.11.07 09:30:40.423,8.16355,8.16467,1.00,1.00
2017.11.07 09:30:41.141,8.16359,8.16467,1.00,1.00
2017.11.07 09:30:42.362,8.1636,8.16467,1.00,1.00
2017.11.07 09:30:43.609,8.16359,8.16467,1.00,1.00
2017.11.07 09:30:46.024,8.16366,8.16467,1.00,1.00
2017.11.07 09:30:46.177,8.16389,8.16504,1.00,1.00
2017.11.07 09:30:46.941,8.1639,8.16504,1.00,1.00
2017.11.07 09:30:47.062,8.16403,8.16517,1.00,1.00
2017.11.07 09:30:47.396,8.16406,8.16518,1.00,1.00
2017.11.07 09:30:48.778,8.16406,8.16504,1.00,1.00
2017.11.07 09:30:53.050,8.16407,8.16504,1.00,1.00
2017.11.07 09:30:56.135,8.16407,8.16517,1.00,1.00
2017.11.07 09:30:56.743,8.16412,8.16517,1.00,1.00
2017.11.07 09:30:59.738,8.16415,8.16517,1.00,1.00
2017.11.07 09:31:00.299,8.16413,8.16517,1.00,1.00
2017.11.07 09:31:07.267,8.16412,8.16517,1.00,1.00
2017.11.07 09:31:12.376,8.16412,8.16522,1.00,1.00
2017.11.07 09:31:12.852,8.16416,8.16522,1.00,1.00
2017.11.07 09:31:13.005,8.16424,8.16536,1.00,1.00
2017.11.07 09:31:14.153,8.16433,8.16536,1.00,1.00
2017.11.07 09:31:14.777,8.16439,8.16536,1.00,1.00
2017.11.07 09:31:17.198,8.16436,8.16536,1.00,1.00
2017.11.07 09:31:19.345,8.16432,8.16536,1.00,1.00
2017.11.07 09:31:19.396,8.16439,8.16553,1.00,1.00
2017.11.07 09:31:22.289,8.16454,8.16569,1.00,1.00
2017.11.07 09:31:23.707,8.16444,8.16554,1.00,1.00
2017.11.07 09:31:26.148,8.1644,8.16554,1.00,1.00
2017.11.07 09:31:26.198,8.16455,8.16566,1.00,1.00
2017.11.07 09:31:29.798,8.16455,8.1656,1.00,1.00
2017.11.07 09:31:30.400,8.16455,8.16547,1.00,1.00
2017.11.07 09:31:30.452,8.16428,8.1654,1.00,1.00
2017.11.07 09:31:30.553,8.16415,8.1653,1.00,1.00
2017.11.07 09:31:31.470,8.16403,8.16516,1.00,1.00
2017.11.07 09:31:31.572,8.16388,8.16502,1.00,1.00
2017.11.07 09:31:31.695,8.16388,8.16499,1.00,1.00
2017.11.07 09:31:31.797,8.16333,8.16448,1.50,1.00
2017.11.07 09:31:32.582,8.16321,8.16436,1.50,1.00
2017.11.07 09:31:33.855,8.16328,8.16436,1.00,1.00
2017.11.07 09:31:35.359,8.16331,8.16436,1.00,1.00
2017.11.07 09:31:35.462,8.1635,8.16464,1.00,1.00
2017.11.07 09:31:35.563,8.1635,8.16449,1.00,1.00
2017.11.07 09:31:40.543,8.16356,8.16449,1.00,1.00
2017.11.07 09:31:40.661,8.16352,8.16465,1.00,1.00
2017.11.07 09:31:44.841,8.16329,8.16434,1.00,1.00
2017.11.07 09:31:44.892,8.16319,8.16434,1.50,1.00
2017.11.07 09:31:44.943,8.16319,8.16432,1.00,1.00
2017.11.07 09:31:45.614,8.16319,8.16434,1.00,1.00
2017.11.07 09:31:45.919,8.16307,8.1642,1.00,1.00
2017.11.07 09:31:49.969,8.16305,8.1642,1.00,1.00
2017.11.07 09:31:51.003,8.16296,8.16405,1.00,1.00
2017.11.07 09:31:51.926,8.16306,8.16419,1.00,1.00
2017.11.07 09:31:52.666,8.16306,8.16416,1.00,1.00
2017.11.07 09:31:53.052,8.16291,8.16403,1.00,1.00
2017.11.07 09:31:53.158,8.16288,8.16403,1.00,1.00
2017.11.07 09:31:53.209,8.16291,8.16403,1.00,1.00
2017.11.07 09:31:53.516,8.16295,8.16403,1.00,1.00
2017.11.07 09:31:53.567,8.16302,8.16417,1.00,1.00
2017.11.07 09:31:54.382,8.16303,8.16417,1.00,1.00
2017.11.07 09:31:55.689,8.16302,8.16417,1.00,1.00
2017.11.07 09:31:59.258,8.16302,8.16413,1.00,1.00
2017.11.07 09:31:59.410,8.16295,8.1641,1.00,1.00
2017.11.07 09:32:00.482,8.16309,8.16424,1.00,2.25
2017.11.07 09:32:06.205,8.16316,8.16424,1.00,1.50
2017.11.07 09:32:06.257,8.16312,8.16424,1.00,1.00
2017.11.07 09:32:06.409,8.16309,8.16424,1.00,1.00
2017.11.07 09:32:13.388,8.16292,8.16402,1.00,1.00
2017.11.07 09:32:13.490,8.16279,8.16391,1.00,1.00
2017.11.07 09:32:14.913,8.1628,8.16391,1.00,1.00
2017.11.07 09:32:15.259,8.16294,8.16405,1.00,1.00
2017.11.07 09:32:15.589,8.16294,8.16409,1.00,1.00
2017.11.07 09:32:17.093,8.16295,8.16409,1.00,1.00
2017.11.07 09:32:17.820,8.16294,8.16409,1.00,1.00
2017.11.07 09:32:18.583,8.16306,8.1642,1.00,1.00
2017.11.07 09:32:20.577,8.16306,8.16421,1.00,1.00
2017.11.07 09:32:22.237,8.16293,8.16403,1.00,1.00
2017.11.07 09:32:22.448,8.16271,8.16385,1.00,1.00
2017.11.07 09:32:25.144,8.16257,8.16369,1.00,1.00
2017.11.07 09:32:25.631,8.16262,8.16369,1.00,1.00
2017.11.07 09:32:25.784,8.16303,8.16417,1.00,1.00
2017.11.07 09:32:25.971,8.16353,8.16432,1.00,1.00
2017.11.07 09:32:26.026,8.16353,8.16447,1.60,1.00
2017.11.07 09:32:26.077,8.16375,8.16477,1.00,1.00
2017.11.07 09:32:26.128,8.16385,8.16477,1.00,1.00
2017.11.07 09:32:26.179,8.16395,8.16496,1.60,1.00
2017.11.07 09:32:26.230,8.16416,8.16496,1.00,1.00
2017.11.07 09:32:26.281,8.16436,8.1655,1.00,1.00
2017.11.07 09:32:26.966,8.1642,8.16535,1.00,1.00
2017.11.07 09:32:28.259,8.1642,8.16534,1.00,1.00
2017.11.07 09:32:28.311,8.1642,8.16527,1.00,1.00
2017.11.07 09:32:28.463,8.16414,8.16527,1.00,1.00
2017.11.07 09:32:28.638,8.16416,8.16527,1.00,1.00
2017.11.07 09:32:29.068,8.16414,8.16527,1.00,1.00
2017.11.07 09:32:29.448,8.16418,8.16527,1.00,1.00
2017.11.07 09:32:30.466,8.16427,8.16542,1.00,1.00
2017.11.07 09:32:30.859,8.16427,8.16523,1.00,1.00
2017.11.07 09:32:30.961,8.16392,8.16506,1.00,1.00
2017.11.07 09:32:32.412,8.16393,8.16506,1.00,1.00
2017.11.07 09:32:32.933,8.16392,8.16506,1.00,1.00
2017.11.07 09:32:35.200,8.16406,8.16518,1.00,1.00
2017.11.07 09:32:35.302,8.16417,8.16532,1.00,1.00
2017.11.07 09:32:36.800,8.16406,8.16508,1.00,1.00
2017.11.07 09:32:36.851,8.16394,8.16508,1.00,1.00
2017.11.07 09:32:36.902,8.16408,8.16523,1.50,1.00
2017.11.07 09:32:37.314,8.16428,8.16542,1.00,1.00
2017.11.07 09:32:37.618,8.16459,8.16563,1.00,1.00
2017.11.07 09:32:37.721,8.16436,8.16551,1.00,1.00
2017.11.07 09:32:45.684,8.16436,8.16549,1.00,1.00
2017.11.07 09:32:46.806,8.16436,8.16551,1.00,1.00
2017.11.07 09:32:52.811,8.16437,8.16551,1.00,1.00
2017.11.07 09:33:02.932,8.16452,8.16567,1.00,1.00
2017.11.07 09:33:03.918,8.16466,8.16567,1.00,1.00
2017.11.07 09:33:04.031,8.16458,8.16567,1.00,1.00
2017.11.07 09:33:04.230,8.16452,8.16567,1.00,1.00
2017.11.07 09:33:05.035,8.16453,8.16567,1.00,1.00
2017.11.07 09:33:05.113,8.16461,8.16567,1.00,1.00
2017.11.07 09:33:05.421,8.16473,8.16567,1.00,1.00
2017.11.07 09:33:05.523,8.16463,8.16567,1.00,1.00
2017.11.07 09:33:06.831,8.16478,8.16593,1.00,1.00
2017.11.07 09:33:07.752,8.16463,8.16577,1.00,1.00
2017.11.07 09:33:08.088,8.16468,8.16577,1.00,1.00
2017.11.07 09:33:08.178,8.16463,8.16577,1.00,1.00
2017.11.07 09:33:08.528,8.16467,8.16577,1.00,1.00
2017.11.07 09:33:08.730,8.16478,8.1659,1.00,1.00
2017.11.07 09:33:11.870,8.16519,8.16634,1.00,1.00
2017.11.07 09:33:11.921,8.16542,8.16634,1.00,1.00
2017.11.07 09:33:12.074,8.16545,8.1666,1.00,1.00
2017.11.07 09:33:12.125,8.16551,8.1666,1.00,1.00
2017.11.07 09:33:15.058,8.16547,8.1666,1.00,1.00
2017.11.07 09:33:15.377,8.16575,8.16689,1.00,1.00
2017.11.07 09:33:15.428,8.16598,8.16689,1.00,1.00
2017.11.07 09:33:15.479,8.16587,8.16702,1.50,1.00
2017.11.07 09:33:23.153,8.16576,8.16686,1.00,1.00
2017.11.07 09:33:23.204,8.16571,8.16686,1.00,1.00
2017.11.07 09:33:23.255,8.16552,8.16657,1.00,1.00
2017.11.07 09:33:24.171,8.16551,8.16657,1.00,1.00
2017.11.07 09:33:27.135,8.16543,8.16657,1.00,1.00
2017.11.07 09:33:27.187,8.16535,8.16643,1.00,1.00
2017.11.07 09:33:27.525,8.16544,8.16643,1.00,1.00
2017.11.07 09:33:29.925,8.16541,8.16643,1.00,1.00
2017.11.07 09:33:29.976,8.16532,8.16643,1.00,1.00
2017.11.07 09:33:30.164,8.16529,8.16643,1.00,1.00
2017.11.07 09:33:30.216,8.1652,8.16621,1.00,1.00
2017.11.07 09:33:30.272,8.16515,8.16621,1.00,1.00
2017.11.07 09:33:30.757,8.16512,8.16621,1.00,1.00
2017.11.07 09:33:31.346,8.16511,8.16621,1.00,1.00
2017.11.07 09:33:31.664,8.16515,8.16621,1.00,1.00
2017.11.07 09:33:32.472,8.16516,8.16621,1.00,1.00
2017.11.07 09:33:32.626,8.16533,8.16648,1.00,1.00
2017.11.07 09:33:33.124,8.16527,8.16634,1.00,1.00
2017.11.07 09:33:33.430,8.16537,8.16634,1.00,1.00
2017.11.07 09:33:33.711,8.16543,8.16655,1.00,1.00
2017.11.07 09:33:38.238,8.16544,8.16655,1.00,1.00
2017.11.07 09:33:38.658,8.1654,8.16655,1.50,1.00
2017.11.07 09:33:40.746,8.1652,8.16633,1.00,1.00
2017.11.07 09:33:41.978,8.16542,8.16633,1.00,1.00
2017.11.07 09:33:42.080,8.16554,8.16668,1.00,1.00
2017.11.07 09:33:42.181,8.16572,8.16668,1.35,1.00
2017.11.07 09:33:42.334,8.16609,8.1671,1.60,1.00
2017.11.07 09:33:42.385,8.16617,8.16732,1.00,1.00
2017.11.07 09:33:43.157,8.16647,8.16732,1.00,1.00
2017.11.07 09:33:43.259,8.16666,8.1677,1.00,1.00
2017.11.07 09:33:43.310,8.16655,8.1677,1.00,1.00
2017.11.07 09:33:43.361,8.16676,8.16791,1.00,1.00
2017.11.07 09:33:44.490,8.16664,8.16778,1.00,1.00
2017.11.07 09:33:44.833,8.16673,8.16778,1.00,1.00
2017.11.07 09:33:44.934,8.16676,8.16788,1.50,1.00
2017.11.07 09:33:45.100,8.16685,8.16788,1.00,1.00
2017.11.07 09:33:45.833,8.16677,8.16788,1.00,1.00
2017.11.07 09:33:47.662,8.16676,8.16788,1.00,1.00
2017.11.07 09:33:48.169,8.16688,8.16803,1.00,1.00
2017.11.07 09:33:50.555,8.16696,8.16803,1.00,1.00
2017.11.07 09:33:50.952,8.16688,8.16803,1.00,1.00
2017.11.07 09:33:51.003,8.16674,8.16785,1.00,1.00
2017.11.07 09:33:51.105,8.16637,8.16749,1.00,1.00
2017.11.07 09:33:51.156,8.16637,8.16746,1.00,1.00
2017.11.07 09:33:51.208,8.16601,8.16715,1.00,1.00
2017.11.07 09:33:51.614,8.16606,8.16715,1.00,1.00
2017.11.07 09:33:51.716,8.16603,8.16715,1.00,1.00
2017.11.07 09:33:52.607,8.16606,8.16715,1.00,1.00
2017.11.07 09:33:53.318,8.16601,8.16715,1.00,1.00
2017.11.07 09:33:54.085,8.166,8.16715,1.00,1.00
2017.11.07 09:33:54.136,8.166,8.16705,1.00,1.00
2017.11.07 09:33:54.188,8.166,8.16709,1.00,1.00
2017.11.07 09:33:54.239,8.1659,8.16695,1.00,1.00
2017.11.07 09:33:54.340,8.16608,8.16723,1.00,1.00
2017.11.07 09:33:54.391,8.16608,8.16713,1.00,1.00
2017.11.07 09:33:54.443,8.16587,8.16702,1.00,1.00
2017.11.07 09:33:59.923,8.16569,8.16683,1.00,1.00
2017.11.07 09:34:00.867,8.16569,8.1668,1.00,1.00
2017.11.07 09:34:01.171,8.16554,8.16663,1.00,1.00
2017.11.07 09:34:01.221,8.16531,8.16643,1.00,1.00
2017.11.07 09:34:01.372,8.16528,8.16643,1.00,1.00
2017.11.07 09:34:03.992,8.16515,8.16627,1.00,1.00
2017.11.07 09:34:09.336,8.16504,8.16614,1.00,1.00
2017.11.07 09:34:14.401,8.165,8.16614,1.00,1.00
2017.11.07 09:34:14.503,8.16488,8.16592,1.00,1.00
2017.11.07 09:34:15.128,8.16485,8.16592,1.00,1.00
2017.11.07 09:34:16.928,8.16478,8.16592,1.00,1.00
2017.11.07 09:34:16.980,8.16455,8.16565,1.00,1.00
2017.11.07 09:34:17.082,8.16392,8.16507,1.00,1.00
2017.11.07 09:34:17.184,8.16419,8.16482,1.00,1.00
2017.11.07 09:34:17.235,8.1642,8.16535,1.00,1.00
2017.11.07 09:34:17.337,8.16407,8.16517,1.00,1.00
2017.11.07 09:34:17.388,8.16403,8.16517,1.00,1.00
2017.11.07 09:34:18.408,8.1642,8.16517,1.00,1.00
2017.11.07 09:34:18.510,8.16442,8.16556,1.00,1.00
2017.11.07 09:34:18.897,8.16444,8.16556,1.00,1.00
2017.11.07 09:34:19.204,8.16454,8.16556,1.00,1.00
2017.11.07 09:34:19.357,8.16475,8.1658,1.00,1.00
2017.11.07 09:34:19.408,8.16491,8.1658,1.00,1.00
2017.11.07 09:34:19.459,8.16495,8.1661,1.00,1.00
2017.11.07 09:34:20.365,8.16512,8.16626,1.00,1.00
2017.11.07 09:34:20.675,8.16533,8.16626,1.00,1.00
2017.11.07 09:34:21.317,8.16533,8.16645,1.00,1.00
2017.11.07 09:34:22.253,8.16546,8.16661,1.50,1.00
2017.11.07 09:34:22.851,8.16547,8.16661,1.00,1.00
2017.11.07 09:34:22.917,8.16558,8.16661,1.00,1.00
2017.11.07 09:34:23.120,8.16563,8.16677,1.00,1.00
2017.11.07 09:34:23.171,8.16576,8.16677,1.00,1.00
2017.11.07 09:34:23.411,8.16582,8.16697,1.00,1.00
2017.11.07 09:34:27.490,8.16598,8.16713,1.00,1.00
2017.11.07 09:34:27.794,8.16617,8.1673,1.00,1.00
2017.11.07 09:34:28.100,8.16589,8.167,1.00,1.00
2017.11.07 09:34:28.618,8.16589,8.16697,1.00,1.00
2017.11.07 09:34:29.007,8.16589,8.16704,1.00,1.00
2017.11.07 09:34:33.402,8.16612,8.16704,1.00,1.00
2017.11.07 09:34:33.504,8.16637,8.16752,1.00,1.00
2017.11.07 09:34:33.709,8.16651,8.16766,1.00,1.00
2017.11.07 09:34:34.243,8.16658,8.16766,1.00,1.00
2017.11.07 09:34:35.488,8.1664,8.16751,1.00,1.00
2017.11.07 09:34:35.542,8.16629,8.16736,1.00,1.00
2017.11.07 09:34:35.594,8.16626,8.16736,1.00,1.00
2017.11.07 09:34:35.646,8.16647,8.16736,1.00,1.00
2017.11.07 09:34:35.748,8.16669,8.16774,1.00,1.00
2017.11.07 09:34:35.800,8.16669,8.16774,1.60,1.00
2017.11.07 09:34:36.107,8.1668,8.16774,1.00,1.00
2017.11.07 09:34:36.158,8.16683,8.16798,1.00,1.00
2017.11.07 09:34:38.561,8.16697,8.16812,1.00,1.00
2017.11.07 09:34:38.866,8.1668,8.1679,1.00,1.00
2017.11.07 09:34:39.451,8.16698,8.1679,1.00,1.00
2017.11.07 09:34:39.553,8.16709,8.16823,1.60,1.00
2017.11.07 09:34:39.655,8.16727,8.16841,2.29,1.00
2017.11.07 09:34:39.808,8.16742,8.16857,1.00,1.00
2017.11.07 09:34:41.112,8.16728,8.16829,1.00,1.00
2017.11.07 09:34:41.214,8.16697,8.16807,1.56,1.00
2017.11.07 09:34:41.853,8.16698,8.16807,1.00,1.00
2017.11.07 09:34:41.904,8.16692,8.16807,1.00,1.00
2017.11.07 09:34:42.327,8.16692,8.16778,1.00,1.00
2017.11.07 09:34:42.378,8.1663,8.16734,1.00,1.00
2017.11.07 09:34:42.429,8.16619,8.16734,1.00,1.00
2017.11.07 09:34:42.481,8.16615,8.16706,1.00,1.00
2017.11.07 09:34:42.532,8.16603,8.16706,1.00,1.00
2017.11.07 09:34:43.077,8.16592,8.16706,1.00,1.00
2017.11.07 09:34:43.381,8.16595,8.16706,1.00,1.00
2017.11.07 09:34:43.432,8.16603,8.16717,1.00,1.00
2017.11.07 09:34:43.534,8.16612,8.16717,1.50,1.00
2017.11.07 09:34:45.323,8.16623,8.16717,1.00,1.00
2017.11.07 09:34:45.738,8.16625,8.16736,1.00,1.00
2017.11.07 09:34:45.874,8.16625,8.16738,1.00,1.00
2017.11.07 09:34:45.986,8.16625,8.1674,1.00,1.00
2017.11.07 09:34:46.464,8.16634,8.1674,1.00,1.00
2017.11.07 09:34:46.515,8.16629,8.1674,1.00,1.00
2017.11.07 09:34:47.024,8.16625,8.1674,1.00,1.00
2017.11.07 09:34:47.740,8.16628,8.1674,1.00,1.00
2017.11.07 09:34:49.140,8.16629,8.1674,1.00,1.00
2017.11.07 09:34:49.191,8.16637,8.16752,1.00,1.00
2017.11.07 09:34:49.418,8.16637,8.16747,1.00,1.00
2017.11.07 09:34:49.555,8.16637,8.16752,1.00,1.00
2017.11.07 09:34:49.657,8.16637,8.16743,1.00,1.00
2017.11.07 09:34:49.709,8.16625,8.16732,1.00,1.00
2017.11.07 09:34:50.369,8.16625,8.16731,1.00,1.00
2017.11.07 09:34:50.723,8.16618,8.16731,1.00,1.00
2017.11.07 09:34:50.978,8.16618,8.16721,1.00,1.00
2017.11.07 09:34:51.169,8.16598,8.16711,1.00,1.00
2017.11.07 09:34:51.272,8.16593,8.1669,1.00,1.00
2017.11.07 09:34:51.323,8.16588,8.1669,1.25,1.00
2017.11.07 09:34:51.546,8.1658,8.1669,1.00,1.00
2017.11.07 09:34:51.677,8.16582,8.1669,1.00,1.00
2017.11.07 09:34:51.786,8.16606,8.16718,1.00,1.50
2017.11.07 09:34:51.888,8.16593,8.16704,1.00,1.00
2017.11.07 09:34:52.269,8.1658,8.1669,1.50,1.00
2017.11.07 09:34:56.147,8.16601,8.1669,1.00,1.00
2017.11.07 09:34:56.199,8.16607,8.16721,1.00,1.00
2017.11.07 09:34:56.573,8.16607,8.16704,1.00,1.00
2017.11.07 09:34:56.842,8.1658,8.16686,1.00,1.00
2017.11.07 09:34:59.683,8.16586,8.167,1.00,1.00
2017.11.07 09:35:00.082,8.16581,8.16686,1.00,1.00
2017.11.07 09:35:00.189,8.16577,8.16686,1.00,1.00
2017.11.07 09:35:00.290,8.16583,8.16686,1.56,1.00
2017.11.07 09:35:00.392,8.16618,8.16731,1.00,1.00
2017.11.07 09:35:00.443,8.16618,8.16733,1.00,1.00
2017.11.07 09:35:00.495,8.16634,8.16735,1.00,1.00
2017.11.07 09:35:00.545,8.16634,8.16741,1.00,1.00
2017.11.07 09:35:00.734,8.16634,8.16747,1.00,1.50
2017.11.07 09:35:03.650,8.16634,8.16746,1.00,1.00
2017.11.07 09:35:03.855,8.16621,8.16736,1.00,1.00
2017.11.07 09:35:03.907,8.16621,8.16725,1.00,1.00
2017.11.07 09:35:03.958,8.16621,8.16736,1.00,1.00
2017.11.07 09:35:04.346,8.16631,8.16736,1.60,1.00
2017.11.07 09:35:04.553,8.16681,8.16789,1.60,1.00
2017.11.07 09:35:04.655,8.16692,8.16807,1.50,1.00
2017.11.07 09:35:04.807,8.16694,8.16807,1.00,1.00
2017.11.07 09:35:05.352,8.16692,8.16807,1.00,1.00
2017.11.07 09:35:05.606,8.16684,8.16781,1.00,1.00
2017.11.07 09:35:05.657,8.1667,8.16781,1.00,1.00
2017.11.07 09:35:05.708,8.16666,8.16773,1.00,1.00
2017.11.07 09:35:06.115,8.16637,8.16739,1.00,1.00
2017.11.07 09:35:06.166,8.16626,8.16739,1.00,1.00
2017.11.07 09:35:06.423,8.16633,8.16739,1.00,1.00
2017.11.07 09:35:06.821,8.16637,8.16739,1.00,1.00
2017.11.07 09:35:07.466,8.16639,8.16753,1.00,1.00
2017.11.07 09:35:07.777,8.16641,8.16753,1.00,1.00
2017.11.07 09:35:08.411,8.16643,8.16753,1.00,1.00
2017.11.07 09:35:08.948,8.16654,8.16753,1.00,1.00
2017.11.07 09:35:09.446,8.16639,8.16747,1.00,1.00
2017.11.07 09:35:09.547,8.16615,8.16724,1.00,1.00
2017.11.07 09:35:09.598,8.16609,8.16724,1.00,1.00
2017.11.07 09:35:10.038,8.16597,8.16712,1.50,1.00
2017.11.07 09:35:10.373,8.16612,8.16725,1.00,1.00
2017.11.07 09:35:11.705,8.166,8.16709,1.00,1.00
2017.11.07 09:35:14.612,8.16594,8.16709,1.00,1.00
2017.11.07 09:35:18.041,8.16616,8.16709,1.00,1.00
2017.11.07 09:35:18.093,8.16612,8.16709,1.00,1.00
2017.11.07 09:35:18.144,8.16611,8.16722,1.00,1.00
2017.11.07 09:35:18.196,8.16611,8.16724,1.00,1.00
2017.11.07 09:35:18.330,8.16598,8.16705,1.50,1.00
2017.11.07 09:35:18.443,8.16607,8.16719,1.00,1.50
2017.11.07 09:35:18.776,8.16607,8.16714,1.00,1.00
2017.11.07 09:35:19.448,8.16607,8.16719,1.00,1.00
2017.11.07 09:35:19.708,8.16592,8.16706,1.00,1.00
2017.11.07 09:35:19.761,8.16594,8.16706,1.00,1.00
2017.11.07 09:35:19.812,8.16592,8.16706,1.00,1.00
2017.11.07 09:35:22.196,8.16592,8.16699,1.00,1.00
2017.11.07 09:35:22.544,8.16572,8.16676,1.00,1.00
2017.11.07 09:35:22.595,8.16576,8.16691,1.00,1.00
2017.11.07 09:35:24.218,8.16577,8.16691,1.00,1.00
2017.11.07 09:35:25.021,8.16597,8.16711,1.00,1.00
2017.11.07 09:35:25.984,8.16597,8.16706,1.00,1.00
2017.11.07 09:35:26.266,8.16597,8.16712,1.00,1.00
2017.11.07 09:35:26.539,8.16589,8.16698,1.00,1.00
2017.11.07 09:35:26.887,8.16594,8.16698,1.00,1.00
2017.11.07 09:35:27.062,8.16591,8.16705,1.00,1.00
2017.11.07 09:35:28.172,8.16573,8.16676,1.00,1.00
2017.11.07 09:35:28.223,8.16541,8.16655,1.00,1.00
2017.11.07 09:35:28.418,8.16546,8.16655,1.00,1.00
2017.11.07 09:35:28.470,8.16541,8.16655,1.00,1.00
2017.11.07 09:35:28.572,8.16529,8.16643,1.00,1.50
2017.11.07 09:35:28.876,8.16517,8.16631,1.00,1.00
2017.11.07 09:35:29.079,8.16501,8.16616,1.00,1.00
2017.11.07 09:35:29.694,8.16453,8.16567,1.00,1.00
2017.11.07 09:35:29.999,8.16395,8.16509,1.00,1.00
2017.11.07 09:35:30.750,8.16402,8.16509,1.00,1.00
2017.11.07 09:35:30.925,8.16417,8.16531,1.00,1.00
2017.11.07 09:35:31.941,8.16435,8.1655,1.00,1.00
2017.11.07 09:35:32.645,8.16415,8.16513,1.00,1.00
2017.11.07 09:35:32.747,8.16356,8.16468,1.00,1.00
2017.11.07 09:35:34.117,8.16361,8.16468,1.00,1.00
2017.11.07 09:35:34.169,8.16366,8.16481,1.00,1.00
2017.11.07 09:35:34.220,8.1638,8.16495,1.00,1.00
2017.11.07 09:35:34.650,8.16359,8.16474,1.00,1.00
2017.11.07 09:35:35.513,8.16373,8.16487,1.00,1.00
2017.11.07 09:35:35.832,8.1636,8.16473,1.00,1.00
2017.11.07 09:35:36.371,8.16371,8.16473,1.00,1.00
2017.11.07 09:35:36.473,8.16399,8.16513,1.00,1.00
2017.11.07 09:35:36.524,8.16416,8.16513,1.00,1.00
2017.11.07 09:35:36.575,8.16423,8.16525,1.00,1.00
2017.11.07 09:35:36.626,8.16432,8.16525,1.00,1.00
2017.11.07 09:35:36.677,8.16456,8.1657,1.00,1.00
2017.11.07 09:35:37.050,8.16462,8.1657,1.00,1.00
2017.11.07 09:35:37.608,8.16472,8.16587,1.00,1.00
2017.11.07 09:35:37.777,8.1649,8.16589,1.00,1.00
2017.11.07 09:35:37.828,8.1649,8.16594,1.00,1.00
2017.11.07 09:35:38.336,8.1649,8.16604,1.00,1.50
2017.11.07 09:35:38.944,8.16422,8.16536,1.00,1.00
2017.11.07 09:35:39.268,8.1641,8.16521,1.00,1.00
2017.11.07 09:35:39.369,8.16424,8.16536,1.00,1.00
2017.11.07 09:35:39.471,8.16424,8.16538,1.00,1.00
2017.11.07 09:35:40.466,8.16424,8.16527,1.00,1.00
2017.11.07 09:35:40.744,8.16362,8.16474,1.00,1.00
2017.11.07 09:35:42.006,8.16362,8.16465,1.00,1.00
2017.11.07 09:35:42.058,8.16346,8.16461,1.00,1.00
2017.11.07 09:35:42.109,8.16346,8.16437,1.00,1.00
2017.11.07 09:35:42.160,8.16315,8.16427,1.00,1.00
2017.11.07 09:35:42.710,8.16315,8.16428,1.00,1.00
2017.11.07 09:35:44.314,8.16331,8.16446,1.00,1.00
2017.11.07 09:35:45.106,8.16346,8.16457,1.00,1.00
2017.11.07 09:35:45.311,8.16346,8.16459,1.00,1.00
2017.11.07 09:35:53.021,8.16349,8.16459,1.00,1.00
2017.11.07 09:35:53.275,8.16405,8.16517,1.00,1.00
2017.11.07 09:35:54.177,8.16408,8.16519,1.00,1.00
2017.11.07 09:35:54.431,8.16425,8.1654,1.00,1.00
2017.11.07 09:35:54.482,8.16428,8.1654,1.00,1.00
2017.11.07 09:35:54.747,8.16382,8.16495,1.00,1.00
2017.11.07 09:35:56.278,8.16401,8.16507,1.00,1.00
2017.11.07 09:35:57.308,8.16385,8.16499,1.00,1.00
2017.11.07 09:35:59.068,8.164,8.16507,1.00,1.00
2017.11.07 09:35:59.119,8.164,8.16514,1.00,1.00
2017.11.07 09:35:59.725,8.16406,8.16516,1.00,1.00
2017.11.07 09:35:59.827,8.16392,8.16507,1.00,1.00
2017.11.07 09:36:00.870,8.16382,8.16494,1.00,1.00
2017.11.07 09:36:01.175,8.16322,8.16436,1.00,1.00
2017.11.07 09:36:01.277,8.16322,8.1642,1.00,1.00
2017.11.07 09:36:01.683,8.16319,8.16418,1.00,1.00
2017.11.07 09:36:01.836,8.16319,8.1641,1.00,1.00
2017.11.07 09:36:01.887,8.16305,8.1641,1.00,1.00
2017.11.07 09:36:02.054,8.16305,8.16403,1.00,1.00
2017.11.07 09:36:02.544,8.16305,8.16399,1.00,1.00
2017.11.07 09:36:02.747,8.16305,8.1641,1.00,1.00
2017.11.07 09:36:04.496,8.16291,8.16405,1.00,1.00
2017.11.07 09:36:05.203,8.16284,8.16391,1.00,1.00
2017.11.07 09:36:05.254,8.16292,8.16407,1.00,1.00
2017.11.07 09:36:06.031,8.16306,8.16421,1.00,1.00
2017.11.07 09:36:06.761,8.1632,8.16429,1.00,1.00
2017.11.07 09:36:07.065,8.16335,8.16429,1.00,1.00
2017.11.07 09:36:07.274,8.16335,8.16444,1.00,1.00
2017.11.07 09:36:07.325,8.16335,8.16448,1.00,1.00
2017.11.07 09:36:07.376,8.16335,8.16444,1.00,1.00
2017.11.07 09:36:07.427,8.16322,8.16436,1.00,1.00
2017.11.07 09:36:10.515,8.16323,8.16436,1.00,1.00
2017.11.07 09:36:11.244,8.16325,8.16436,1.00,1.00
2017.11.07 09:36:12.353,8.16337,8.1645,1.00,1.00
2017.11.07 09:36:13.345,8.16337,8.16452,1.00,1.00
2017.11.07 09:36:13.396,8.16356,8.1647,1.00,1.00
2017.11.07 09:36:13.701,8.16373,8.16482,1.00,1.00
2017.11.07 09:36:13.960,8.16373,8.16486,1.00,1.00
2017.11.07 09:36:14.224,8.16388,8.165,1.00,1.00
2017.11.07 09:36:14.976,8.16402,8.16505,1.00,1.00
2017.11.07 09:36:15.465,8.16416,8.16521,1.00,1.00
2017.11.07 09:36:15.718,8.16416,8.16524,1.00,1.00
2017.11.07 09:36:15.870,8.16395,8.16499,1.00,1.00
2017.11.07 09:36:15.972,8.16374,8.16487,1.00,1.00
2017.11.07 09:36:17.277,8.16377,8.16487,1.00,1.00
2017.11.07 09:36:17.379,8.16402,8.16516,1.00,1.00
2017.11.07 09:36:19.364,8.16415,8.16528,1.00,1.00
2017.11.07 09:36:20.307,8.16401,8.16515,1.00,1.00
2017.11.07 09:36:21.935,8.16422,8.16529,1.00,1.00
2017.11.07 09:36:22.246,8.16408,8.16523,1.00,1.00
2017.11.07 09:36:23.382,8.16408,8.16522,1.00,1.00
2017.11.07 09:36:23.607,8.16408,8.1652,1.00,1.00
2017.11.07 09:36:23.778,8.16408,8.16523,1.00,1.50
2017.11.07 09:36:23.830,8.16408,8.1652,1.00,1.00
2017.11.07 09:36:24.446,8.16393,8.16499,1.00,1.00
2017.11.07 09:36:24.548,8.16368,8.16483,1.00,1.00
2017.11.07 09:36:24.650,8.16368,8.16476,1.00,1.00
2017.11.07 09:36:24.935,8.1635,8.16465,1.00,1.00
2017.11.07 09:36:25.502,8.1637,8.16472,1.00,1.00
2017.11.07 09:36:27.108,8.16349,8.16462,1.00,1.00
2017.11.07 09:36:27.159,8.16349,8.16449,1.00,1.00
2017.11.07 09:36:27.261,8.16349,8.16459,1.00,1.00
2017.11.07 09:36:27.362,8.16349,8.16463,1.00,1.00
2017.11.07 09:36:27.567,8.16363,8.16464,1.00,1.00
2017.11.07 09:36:28.017,8.16363,8.16473,1.00,1.00
2017.11.07 09:36:28.372,8.16363,8.16477,1.00,1.50
2017.11.07 09:36:28.524,8.16382,8.16496,1.00,1.00
2017.11.07 09:36:29.313,8.16382,8.16495,1.00,1.00
2017.11.07 09:36:30.180,8.16382,8.16482,1.00,1.00
2017.11.07 09:36:30.234,8.16358,8.16472,1.00,1.00
2017.11.07 09:36:30.286,8.16358,8.1646,1.00,1.00
2017.11.07 09:36:30.337,8.16341,8.16444,1.00,1.00
2017.11.07 09:36:30.388,8.16341,8.16433,1.00,1.00
2017.11.07 09:36:30.440,8.16319,8.16433,1.00,1.00
2017.11.07 09:36:30.492,8.16319,8.16422,1.00,1.00
2017.11.07 09:36:30.594,8.16319,8.16426,1.00,1.00
2017.11.07 09:36:30.645,8.16319,8.1643,1.00,1.00
2017.11.07 09:36:30.696,8.16319,8.16434,1.00,1.00
2017.11.07 09:36:30.883,8.16319,8.16425,1.00,1.00
2017.11.07 09:36:31.240,8.16306,8.1642,1.00,1.00
2017.11.07 09:36:31.626,8.16309,8.1642,1.00,1.00
2017.11.07 09:36:31.728,8.16324,8.16436,1.00,1.00
2017.11.07 09:36:32.002,8.16324,8.16438,1.00,1.00
2017.11.07 09:36:32.879,8.16347,8.16452,1.00,1.00
2017.11.07 09:36:34.816,8.16347,8.16421,1.00,1.00
2017.11.07 09:36:34.918,8.16295,8.16409,1.00,1.00
2017.11.07 09:36:34.969,8.16295,8.16403,1.00,1.00
2017.11.07 09:36:35.486,8.16295,8.16406,1.00,1.00
2017.11.07 09:36:35.638,8.16295,8.16398,1.00,1.00
2017.11.07 09:36:36.768,8.16295,8.16395,1.00,1.00
2017.11.07 09:36:37.692,8.16274,8.16388,1.00,1.50
2017.11.07 09:36:37.743,8.16274,8.16383,1.00,1.00
2017.11.07 09:36:38.048,8.16233,8.16339,1.00,1.00
2017.11.07 09:36:38.099,8.16219,8.16333,1.00,1.50
2017.11.07 09:36:38.334,8.16219,8.1633,1.00,1.00
2017.11.07 09:36:38.385,8.16221,8.16333,1.00,1.00
2017.11.07 09:36:38.436,8.16232,8.16345,1.00,1.00
2017.11.07 09:36:38.768,8.16247,8.16351,1.00,1.00
2017.11.07 09:36:39.381,8.16247,8.16355,1.00,1.19
2017.11.07 09:36:39.432,8.1626,8.16359,1.00,1.00
2017.11.07 09:36:39.637,8.1626,8.16364,1.00,1.00
2017.11.07 09:36:40.028,8.1626,8.16368,1.00,1.00
2017.11.07 09:36:42.145,8.1626,8.1637,1.00,1.00
2017.11.07 09:36:42.201,8.16276,8.1637,1.00,1.00
2017.11.07 09:36:45.127,8.16276,8.16377,1.00,1.00
2017.11.07 09:36:45.434,8.16276,8.16384,1.00,1.00
2017.11.07 09:36:46.106,8.16276,8.16385,1.00,1.00
2017.11.07 09:36:46.208,8.16276,8.16388,1.00,1.00
2017.11.07 09:36:47.473,8.16276,8.16389,1.00,1.00
2017.11.07 09:36:47.524,8.16298,8.16408,1.00,1.00
2017.11.07 09:36:47.575,8.16298,8.1641,1.00,1.00
2017.11.07 09:36:47.677,8.16312,8.16416,1.00,1.00
2017.11.07 09:36:47.728,8.16312,8.1642,1.00,1.00
2017.11.07 09:36:47.931,8.16312,8.16416,1.00,1.00
2017.11.07 09:36:49.153,8.16312,8.16424,1.00,1.00
2017.11.07 09:36:49.255,8.16326,8.16434,1.00,1.00
2017.11.07 09:36:50.177,8.16326,8.1643,1.00,1.00
2017.11.07 09:36:50.431,8.16326,8.16434,1.00,1.00
2017.11.07 09:36:50.873,8.16326,8.16429,1.00,1.00
2017.11.07 09:36:51.515,8.16326,8.16425,1.00,1.00
2017.11.07 09:36:51.566,8.16312,8.16421,1.00,1.00
2017.11.07 09:36:51.617,8.16312,8.16416,1.00,1.00
2017.11.07 09:36:51.919,8.16312,8.1641,1.00,1.00
2017.11.07 09:36:52.938,8.16312,8.16413,1.00,1.00
2017.11.07 09:36:53.111,8.16299,8.16399,1.00,1.00
2017.11.07 09:36:53.162,8.16299,8.16403,1.00,1.00
2017.11.07 09:36:53.213,8.16299,8.16398,1.00,1.00
2017.11.07 09:36:53.453,8.16285,8.16386,1.00,1.00
2017.11.07 09:36:53.505,8.16285,8.16399,1.00,1.00
2017.11.07 09:36:53.809,8.16299,8.16409,1.00,1.00
2017.11.07 09:36:54.150,8.16299,8.16406,1.00,1.00
2017.11.07 09:36:54.633,8.16313,8.16413,1.00,1.00
2017.11.07 09:36:56.585,8.16313,8.16425,1.00,1.00
2017.11.07 09:36:56.636,8.16328,8.16436,1.00,1.00
2017.11.07 09:36:58.384,8.16328,8.16431,1.00,1.00
2017.11.07 09:37:00.451,8.16328,8.16429,1.00,1.00
2017.11.07 09:37:01.785,8.16328,8.16426,1.00,1.00
2017.11.07 09:37:01.841,8.16306,8.16411,1.00,1.00
2017.11.07 09:37:01.895,8.1628,8.16407,1.50,1.00
2017.11.07 09:37:01.997,8.16284,8.16411,1.00,1.00
2017.11.07 09:37:02.303,8.16291,8.16418,1.00,1.00
2017.11.07 09:37:02.677,8.16294,8.16419,1.00,1.00
2017.11.07 09:37:03.046,8.1629,8.16417,1.00,1.00
2017.11.07 09:37:03.710,8.16281,8.16407,1.00,1.00
2017.11.07 09:37:04.173,8.16278,8.16403,1.00,1.00
2017.11.07 09:37:04.224,8.16273,8.164,1.00,1.00
2017.11.07 09:37:05.438,8.1627,8.16394,1.00,1.00
2017.11.07 09:37:05.750,8.16262,8.16376,1.00,1.50
2017.11.07 09:37:06.088,8.16262,8.16372,1.00,1.00
2017.11.07 09:37:06.384,8.16241,8.16355,1.00,1.00
2017.11.07 09:37:06.435,8.16244,8.16355,1.00,1.00
2017.11.07 09:37:06.741,8.16262,8.16371,1.00,1.00
2017.11.07 09:37:07.147,8.16262,8.16369,1.00,1.00
2017.11.07 09:37:08.702,8.16262,8.16366,1.00,1.00
2017.11.07 09:37:09.695,8.16262,8.16365,1.00,1.00
2017.11.07 09:37:12.595,8.16262,8.16358,1.00,1.00
2017.11.07 09:37:12.683,8.16244,8.16352,1.00,1.00
2017.11.07 09:37:12.735,8.16244,8.16359,1.00,1.00
2017.11.07 09:37:12.837,8.16258,8.16364,1.00,1.00
2017.11.07 09:37:12.911,8.16258,8.16369,1.00,1.50
2017.11.07 09:37:15.176,8.16258,8.16373,1.00,1.50
2017.11.07 09:37:15.380,8.16258,8.16368,1.00,1.00
2017.11.07 09:37:15.764,8.16258,8.16366,1.00,1.00
2017.11.07 09:37:16.254,8.16258,8.16362,1.00,1.00
2017.11.07 09:37:18.136,8.16258,8.16357,1.00,1.00
2017.11.07 09:37:18.187,8.16215,8.16316,1.00,1.00
2017.11.07 09:37:18.238,8.16215,8.16308,1.00,1.00
2017.11.07 09:37:18.289,8.16198,8.16308,1.00,1.00
2017.11.07 09:37:18.340,8.16198,8.16295,1.00,1.00
2017.11.07 09:37:18.391,8.1618,8.16294,1.00,1.00
2017.11.07 09:37:18.443,8.1618,8.16284,1.00,1.00
2017.11.07 09:37:18.647,8.16156,8.16261,1.00,1.00
2017.11.07 09:37:18.749,8.16141,8.16251,1.00,1.00
2017.11.07 09:37:21.296,8.16141,8.16241,1.00,1.00
2017.11.07 09:37:21.449,8.16124,8.16239,1.00,1.00
2017.11.07 09:37:21.551,8.16105,8.1621,1.00,1.00
2017.11.07 09:37:21.754,8.16075,8.1619,1.00,1.00
2017.11.07 09:37:21.805,8.16075,8.16183,1.00,1.00
2017.11.07 09:37:21.856,8.16063,8.16174,1.00,1.00
2017.11.07 09:37:21.969,8.16063,8.16162,1.00,1.00
2017.11.07 09:37:22.300,8.16063,8.16174,1.00,1.00
2017.11.07 09:37:22.498,8.16078,8.16192,1.00,1.50
2017.11.07 09:37:24.338,8.16092,8.16206,1.00,1.00
2017.11.07 09:37:24.945,8.16106,8.16215,1.00,1.00
2017.11.07 09:37:25.191,8.16106,8.16221,1.00,1.00
2017.11.07 09:37:25.674,8.1612,8.16231,1.00,1.00
2017.11.07 09:37:26.307,8.16135,8.16236,1.00,1.00
2017.11.07 09:37:28.154,8.16135,8.16248,1.00,1.00
2017.11.07 09:37:28.312,8.16149,8.16257,1.00,1.00
2017.11.07 09:37:29.121,8.16149,8.16262,1.00,1.00
2017.11.07 09:37:29.890,8.16162,8.16266,1.00,1.00
2017.11.07 09:37:30.481,8.16162,8.16273,1.00,1.00
2017.11.07 09:37:30.532,8.16162,8.16271,1.00,1.00
2017.11.07 09:37:31.372,8.16162,8.16257,1.00,1.00
2017.11.07 09:37:31.525,8.16139,8.16243,1.00,1.00
2017.11.07 09:37:31.642,8.16139,8.16246,1.00,1.00
2017.11.07 09:37:31.746,8.16151,8.16242,1.00,1.00
2017.11.07 09:37:32.110,8.16151,8.16246,1.00,1.00
2017.11.07 09:37:32.731,8.16151,8.16252,1.00,1.00
2017.11.07 09:37:32.985,8.16151,8.16259,1.00,1.00
2017.11.07 09:37:33.491,8.16169,8.16254,1.00,1.00
2017.11.07 09:37:33.899,8.16169,8.1625,1.00,1.00
2017.11.07 09:37:36.814,8.16169,8.16256,1.00,1.00
2017.11.07 09:37:36.916,8.16169,8.16262,1.00,1.00
2017.11.07 09:37:36.968,8.16169,8.16276,1.00,1.00
2017.11.07 09:37:37.019,8.16184,8.16276,1.00,1.00
2017.11.07 09:37:37.121,8.16184,8.16279,1.00,1.00
2017.11.07 09:37:37.273,8.16184,8.16281,1.00,1.00
2017.11.07 09:37:38.164,8.16184,8.16287,1.00,1.00
2017.11.07 09:37:38.762,8.16184,8.16288,1.00,1.00
2017.11.07 09:37:38.959,8.16184,8.16281,1.00,1.00
2017.11.07 09:37:40.300,8.16184,8.16287,1.00,1.00
2017.11.07 09:37:40.351,8.16184,8.16294,1.00,1.00
2017.11.07 09:37:40.605,8.162,8.16294,1.00,1.00
2017.11.07 09:37:40.707,8.16181,8.16286,1.00,1.00
2017.11.07 09:37:40.990,8.16181,8.16278,1.00,1.00
2017.11.07 09:37:41.753,8.16181,8.16293,1.00,1.00
2017.11.07 09:37:41.854,8.16168,8.16282,1.00,1.00
2017.11.07 09:37:41.956,8.16184,8.16282,1.00,1.00
2017.11.07 09:37:43.013,8.16184,8.16293,1.00,1.00
2017.11.07 09:37:43.368,8.16184,8.16288,1.00,1.00
2017.11.07 09:37:45.582,8.16184,8.16285,1.00,1.00
2017.11.07 09:37:46.179,8.16219,8.16323,1.00,1.00
2017.11.07 09:37:46.230,8.16219,8.16333,1.00,1.00
2017.11.07 09:37:46.383,8.16248,8.16347,1.00,1.00
2017.11.07 09:37:46.485,8.16248,8.16351,1.00,1.00
2017.11.07 09:37:47.185,8.16248,8.16347,1.00,1.00
2017.11.07 09:37:47.921,8.16232,8.16347,1.00,1.50
2017.11.07 09:37:48.023,8.16232,8.16338,1.00,1.00
2017.11.07 09:37:48.746,8.16232,8.16347,1.00,1.00
2017.11.07 09:37:48.797,8.1625,8.16347,1.00,1.00
2017.11.07 09:37:48.848,8.16266,8.1638,1.00,1.00
2017.11.07 09:37:48.899,8.16282,8.1638,1.00,1.00
2017.11.07 09:37:48.950,8.16305,8.16409,1.00,1.00
2017.11.07 09:37:49.001,8.16305,8.16417,1.00,1.00
2017.11.07 09:37:49.052,8.16331,8.16417,1.00,1.00
2017.11.07 09:37:49.204,8.16331,8.16428,1.00,1.00
2017.11.07 09:37:49.255,8.16331,8.16443,1.00,1.00
2017.11.07 09:37:49.358,8.16349,8.16444,1.00,1.00
2017.11.07 09:37:50.208,8.16349,8.16462,1.00,1.00
2017.11.07 09:37:50.261,8.16363,8.16462,1.00,1.00
2017.11.07 09:37:50.312,8.16363,8.16467,1.00,1.00
2017.11.07 09:37:50.821,8.16363,8.16463,1.00,1.00
2017.11.07 09:37:50.872,8.16363,8.16468,1.00,1.00
2017.11.07 09:37:50.923,8.16363,8.16472,1.00,1.00
2017.11.07 09:37:51.295,8.16363,8.16463,1.00,1.00
2017.11.07 09:37:51.461,8.16329,8.16436,1.00,1.00
2017.11.07 09:37:51.874,8.1635,8.16436,1.00,1.00
2017.11.07 09:37:53.203,8.1635,8.16447,1.00,1.00
2017.11.07 09:37:53.254,8.16376,8.16484,1.00,1.00
2017.11.07 09:37:53.305,8.16376,8.16476,1.00,1.00
2017.11.07 09:37:53.711,8.16376,8.16469,1.00,1.00
2017.11.07 09:37:53.864,8.16357,8.16457,1.00,1.00
2017.11.07 09:37:53.915,8.16357,8.16452,1.00,1.00
2017.11.07 09:37:54.803,8.16357,8.16462,1.00,1.00
2017.11.07 09:37:54.905,8.16374,8.16462,1.00,1.00
2017.11.07 09:37:54.956,8.16374,8.16472,1.00,1.00
2017.11.07 09:37:55.007,8.16374,8.16481,1.00,1.00
2017.11.07 09:37:55.058,8.16374,8.16487,1.00,1.00
2017.11.07 09:37:55.109,8.16388,8.16492,1.00,1.00
2017.11.07 09:37:55.160,8.16388,8.16503,1.00,1.00
2017.11.07 09:37:55.211,8.16402,8.16485,1.00,1.00
2017.11.07 09:37:55.262,8.16402,8.1649,1.00,1.00
2017.11.07 09:37:55.314,8.16389,8.16485,1.00,1.00
2017.11.07 09:37:55.365,8.16389,8.16466,1.00,1.00
2017.11.07 09:37:55.416,8.16344,8.16449,1.00,1.00
2017.11.07 09:37:55.823,8.16344,8.16455,1.00,1.00
2017.11.07 09:37:56.078,8.16344,8.16446,1.00,1.00
2017.11.07 09:37:56.231,8.16299,8.16406,1.00,1.00
2017.11.07 09:37:56.332,8.16299,8.16395,1.00,1.00
2017.11.07 09:37:56.434,8.16283,8.16395,1.00,1.00
2017.11.07 09:37:56.720,8.16283,8.16397,1.00,1.00
2017.11.07 09:37:56.998,8.16302,8.16404,1.00,1.00
2017.11.07 09:37:57.763,8.16283,8.16373,1.00,1.00
2017.11.07 09:37:57.865,8.16256,8.16363,1.00,1.00
2017.11.07 09:37:58.017,8.16256,8.16354,1.00,1.00
2017.11.07 09:37:58.271,8.16241,8.16345,1.00,1.00
2017.11.07 09:37:58.536,8.16241,8.16349,1.00,1.00
2017.11.07 09:38:00.273,8.16241,8.16352,1.00,1.00
2017.11.07 09:38:00.375,8.16255,8.16352,1.00,1.00
2017.11.07 09:38:00.426,8.16255,8.16354,1.00,1.00
2017.11.07 09:38:00.571,8.16255,8.16352,1.00,1.00
2017.11.07 09:38:01.257,8.16255,8.16351,1.00,1.00
2017.11.07 09:38:03.596,8.16255,8.16356,1.00,1.00
2017.11.07 09:38:05.443,8.16242,8.16349,1.00,1.00
2017.11.07 09:38:05.619,8.16255,8.16349,1.00,1.00
2017.11.07 09:38:06.967,8.16255,8.16354,1.00,1.00
2017.11.07 09:38:11.634,8.16255,8.16351,1.00,1.00
2017.11.07 09:38:15.997,8.16243,8.16351,1.00,1.00
2017.11.07 09:38:20.103,8.16243,8.16333,1.00,1.00
2017.11.07 09:38:20.154,8.16222,8.16333,1.00,1.00
2017.11.07 09:38:20.256,8.16222,8.16323,1.00,1.00
2017.11.07 09:38:20.459,8.16193,8.16306,1.00,1.00
2017.11.07 09:38:20.847,8.16193,8.16301,1.00,1.00
2017.11.07 09:38:21.269,8.16193,8.16296,1.00,1.00
2017.11.07 09:38:21.524,8.16193,8.16302,1.00,1.00
2017.11.07 09:38:21.577,8.16193,8.16306,1.00,1.00
2017.11.07 09:38:22.168,8.16193,8.16307,1.00,1.00
2017.11.07 09:38:22.372,8.16208,8.1631,1.00,1.00
2017.11.07 09:38:23.167,8.16208,8.16312,1.00,1.00
2017.11.07 09:38:23.852,8.16208,8.16314,1.00,1.00
2017.11.07 09:38:25.497,8.16208,8.16322,1.35,1.00
2017.11.07 09:38:25.548,8.16242,8.16322,1.60,1.00
2017.11.07 09:38:25.649,8.16261,8.16362,1.00,1.00
2017.11.07 09:38:25.751,8.16281,8.16396,1.00,1.50
2017.11.07 09:38:25.853,8.16299,8.16396,1.00,1.00
2017.11.07 09:38:25.954,8.16299,8.1641,1.00,1.00
2017.11.07 09:38:26.316,8.1632,8.16424,1.00,1.00
2017.11.07 09:38:26.367,8.1632,8.16429,1.00,1.00
2017.11.07 09:38:26.571,8.1632,8.16432,1.00,1.00
2017.11.07 09:38:26.723,8.1632,8.1642,1.00,1.00
2017.11.07 09:38:27.073,8.16301,8.16401,1.00,1.00
2017.11.07 09:38:28.823,8.16331,8.16431,1.00,1.00
2017.11.07 09:38:29.345,8.16331,8.16438,1.00,1.00
2017.11.07 09:38:30.414,8.16331,8.16434,1.00,1.00
2017.11.07 09:38:30.668,8.16331,8.16444,1.00,1.00
2017.11.07 09:38:30.719,8.16345,8.16446,1.00,1.00
2017.11.07 09:38:31.316,8.16345,8.16447,1.00,1.00
2017.11.07 09:38:31.469,8.16333,8.16448,1.00,1.50
2017.11.07 09:38:31.521,8.16333,8.16438,1.00,1.00
2017.11.07 09:38:31.825,8.16333,8.16425,1.00,1.00
2017.11.07 09:38:32.028,8.16333,8.16432,1.00,1.00
2017.11.07 09:38:32.079,8.16333,8.16426,1.00,1.00
2017.11.07 09:38:32.398,8.16333,8.16422,1.00,1.00
2017.11.07 09:38:33.165,8.16333,8.16431,1.00,1.00
2017.11.07 09:38:33.389,8.1635,8.16426,1.00,1.00
2017.11.07 09:38:33.719,8.1635,8.16423,1.00,1.00
2017.11.07 09:38:34.700,8.1635,8.16441,1.00,1.00
2017.11.07 09:38:34.751,8.1635,8.16447,1.00,1.00
2017.11.07 09:38:34.802,8.1635,8.16443,1.00,1.00
2017.11.07 09:38:34.860,8.1635,8.16447,1.00,1.00
2017.11.07 09:38:34.911,8.1635,8.16444,1.00,1.00
2017.11.07 09:38:38.147,8.1635,8.16446,1.00,1.00
2017.11.07 09:38:38.882,8.1635,8.16451,1.00,1.00
2017.11.07 09:38:38.933,8.1635,8.16453,1.00,1.00
2017.11.07 09:38:38.984,8.16364,8.16451,1.00,1.00
2017.11.07 09:38:39.142,8.16339,8.16442,1.00,1.00
2017.11.07 09:38:39.194,8.16353,8.16442,1.00,1.00
2017.11.07 09:38:39.499,8.1628,8.16375,1.00,1.00
2017.11.07 09:38:39.702,8.1628,8.16364,1.00,1.00
2017.11.07 09:38:39.906,8.16259,8.16357,1.00,1.00
2017.11.07 09:38:39.957,8.16259,8.16345,1.00,1.00
2017.11.07 09:38:40.009,8.16259,8.16351,1.00,1.00
2017.11.07 09:38:40.060,8.16259,8.16337,1.00,1.00
2017.11.07 09:38:40.112,8.16239,8.16337,1.00,1.00
2017.11.07 09:38:40.215,8.16239,8.16328,1.00,1.00
2017.11.07 09:38:40.316,8.16239,8.16338,1.00,1.00
2017.11.07 09:38:40.367,8.16239,8.16311,1.00,1.00
2017.11.07 09:38:40.419,8.16221,8.16319,1.00,1.00
2017.11.07 09:38:40.530,8.16221,8.1631,1.00,1.00
2017.11.07 09:38:40.733,8.16209,8.16324,1.00,1.19
2017.11.07 09:38:40.784,8.16209,8.16324,1.00,1.00
2017.11.07 09:38:40.835,8.16234,8.16323,1.00,1.00
2017.11.07 09:38:41.088,8.16234,8.16326,1.00,1.00
2017.11.07 09:38:41.139,8.16234,8.16303,1.00,1.00
2017.11.07 09:38:41.191,8.16201,8.163,1.00,1.00
2017.11.07 09:38:41.344,8.16201,8.16282,1.00,1.00
2017.11.07 09:38:41.395,8.16179,8.16282,1.00,1.00
2017.11.07 09:38:41.496,8.16179,8.16286,1.00,1.00
2017.11.07 09:38:41.627,8.16179,8.16291,1.00,1.50
2017.11.07 09:38:41.678,8.162,8.16291,1.00,1.00
2017.11.07 09:38:42.238,8.162,8.16288,1.00,1.00
2017.11.07 09:38:42.289,8.16187,8.16288,1.00,1.50
2017.11.07 09:38:42.441,8.16187,8.16293,1.00,1.00
2017.11.07 09:38:42.542,8.16202,8.16293,1.00,1.00
2017.11.07 09:38:43.535,8.16202,8.16314,1.00,1.00
2017.11.07 09:38:43.636,8.16221,8.16318,1.00,1.00
2017.11.07 09:38:43.840,8.16216,8.16324,1.00,1.00
2017.11.07 09:38:43.942,8.16216,8.16322,1.00,1.00
2017.11.07 09:38:44.094,8.16216,8.1633,1.00,1.00
2017.11.07 09:38:44.145,8.16241,8.16339,1.00,1.00
2017.11.07 09:38:44.196,8.16241,8.16345,1.00,1.00
2017.11.07 09:38:46.398,8.16241,8.16343,1.00,1.00
2017.11.07 09:38:46.706,8.16241,8.16332,1.00,1.00
2017.11.07 09:38:46.757,8.1622,8.16332,1.00,1.00
2017.11.07 09:38:47.170,8.1622,8.16335,1.00,1.00
2017.11.07 09:38:47.530,8.16222,8.16335,1.00,1.00
2017.11.07 09:38:47.965,8.16242,8.1634,1.00,1.00
2017.11.07 09:38:51.520,8.16242,8.16343,1.00,1.00
2017.11.07 09:38:51.571,8.16265,8.1638,1.00,1.00
2017.11.07 09:38:51.622,8.16286,8.1638,1.00,1.00
2017.11.07 09:38:51.926,8.16332,8.16432,1.00,1.00
2017.11.07 09:38:51.977,8.16316,8.1643,1.00,1.00
2017.11.07 09:38:52.029,8.16316,8.16421,1.00,1.00
2017.11.07 09:38:52.079,8.16316,8.16423,1.00,1.00
2017.11.07 09:38:52.131,8.16316,8.16426,1.00,1.00
2017.11.07 09:38:52.182,8.1633,8.16434,1.00,1.00
2017.11.07 09:38:52.284,8.16308,8.16422,1.00,1.00
2017.11.07 09:38:52.335,8.16308,8.16417,1.00,1.00
2017.11.07 09:38:52.639,8.16308,8.16412,1.00,1.00
2017.11.07 09:38:52.998,8.16308,8.16408,1.00,1.00
2017.11.07 09:38:53.176,8.16308,8.16411,1.00,1.00
2017.11.07 09:38:53.278,8.16291,8.16404,1.00,1.00
2017.11.07 09:38:53.333,8.16305,8.16404,1.00,1.00
2017.11.07 09:38:53.863,8.16305,8.16403,1.00,1.00
2017.11.07 09:38:54.146,8.16305,8.16407,1.00,1.00
2017.11.07 09:38:54.249,8.16305,8.1641,1.00,1.00
2017.11.07 09:38:54.685,8.16305,8.16413,1.00,1.00
2017.11.07 09:38:58.995,8.16305,8.16419,1.00,1.00
2017.11.07 09:38:59.046,8.16319,8.16433,1.00,1.00
2017.11.07 09:38:59.420,8.16347,8.16454,1.00,1.00
2017.11.07 09:38:59.624,8.16313,8.16424,1.00,1.00
2017.11.07 09:39:00.639,8.16313,8.16425,1.00,1.00
2017.11.07 09:39:00.692,8.16313,8.16423,1.00,1.00
2017.11.07 09:39:05.963,8.16313,8.16417,1.00,1.00
2017.11.07 09:39:06.119,8.16276,8.16382,1.00,1.00
2017.11.07 09:39:06.170,8.16276,8.16385,1.00,1.00
2017.11.07 09:39:06.221,8.16276,8.16381,1.00,1.00
2017.11.07 09:39:08.258,8.16276,8.16378,1.00,1.00
2017.11.07 09:39:10.564,8.16276,8.16382,1.00,1.00
2017.11.07 09:39:11.132,8.16276,8.16386,1.00,1.00
2017.11.07 09:39:12.095,8.16276,8.16378,1.00,1.00
2017.11.07 09:39:12.248,8.16207,8.1632,1.00,1.00
2017.11.07 09:39:12.349,8.16224,8.1632,1.00,1.00
2017.11.07 09:39:12.451,8.16247,8.16359,1.00,1.00
2017.11.07 09:39:12.762,8.16247,8.16361,1.00,1.00
2017.11.07 09:39:13.026,8.16263,8.16378,1.00,1.00
2017.11.07 09:39:13.458,8.16263,8.16372,1.00,1.00
2017.11.07 09:39:13.718,8.16243,8.16357,1.00,1.00
2017.11.07 09:39:13.769,8.16243,8.16354,1.00,1.00
2017.11.07 09:39:14.081,8.16257,8.16354,1.00,1.00
2017.11.07 09:39:15.418,8.16257,8.1637,1.00,1.00
2017.11.07 09:39:15.469,8.16257,8.16372,1.00,1.00
2017.11.07 09:39:15.521,8.16271,8.16376,1.00,1.00
2017.11.07 09:39:15.721,8.16271,8.16378,1.00,1.00
2017.11.07 09:39:16.172,8.16285,8.16386,1.00,1.00
2017.11.07 09:39:16.223,8.16285,8.16398,1.00,1.00
2017.11.07 09:39:16.471,8.16299,8.16398,1.00,1.00
2017.11.07 09:39:16.819,8.16299,8.16407,1.00,1.00
2017.11.07 09:39:17.073,8.16299,8.164,1.00,1.00
2017.11.07 09:39:17.186,8.16299,8.16406,1.00,1.00
2017.11.07 09:39:17.816,8.16299,8.16395,1.00,1.00
2017.11.07 09:39:17.968,8.16286,8.16395,1.00,1.00
2017.11.07 09:39:18.020,8.16286,8.16386,1.00,1.00
2017.11.07 09:39:19.822,8.16286,8.16393,1.00,1.00
2017.11.07 09:39:19.874,8.16285,8.16383,1.00,1.00
2017.11.07 09:39:19.977,8.16265,8.16378,1.00,1.00
2017.11.07 09:39:20.381,8.16278,8.1638,1.00,1.00
2017.11.07 09:39:21.423,8.16278,8.16385,1.00,1.00
2017.11.07 09:39:22.183,8.16292,8.16387,1.00,1.00
2017.11.07 09:39:22.234,8.16292,8.16393,1.00,1.00
2017.11.07 09:39:22.357,8.16292,8.16404,1.00,1.00
2017.11.07 09:39:22.409,8.16292,8.16332,1.00,1.00
2017.11.07 09:39:22.460,8.16221,8.16332,1.00,1.00
2017.11.07 09:39:22.664,8.16221,8.16321,1.00,1.00
2017.11.07 09:39:23.236,8.16221,8.16323,1.00,1.00
2017.11.07 09:39:23.596,8.16221,8.16333,1.00,1.00
2017.11.07 09:39:23.647,8.16229,8.16336,1.00,1.00
2017.11.07 09:39:24.057,8.1625,8.16352,1.00,1.00
2017.11.07 09:39:26.153,8.1625,8.16365,1.00,1.00
2017.11.07 09:39:26.204,8.16254,8.16365,1.00,1.00
2017.11.07 09:39:26.561,8.16288,8.16381,1.00,1.00
2017.11.07 09:39:26.612,8.16288,8.16385,1.00,1.00
2017.11.07 09:39:26.816,8.16305,8.16396,1.00,1.00
2017.11.07 09:39:27.130,8.16305,8.16405,1.00,1.00
2017.11.07 09:39:27.843,8.16305,8.16406,1.00,1.00
2017.11.07 09:39:29.084,8.16305,8.16401,1.00,1.00
2017.11.07 09:39:29.186,8.16291,8.16394,1.00,1.00
2017.11.07 09:39:29.238,8.16291,8.16389,1.00,1.00
2017.11.07 09:39:29.689,8.16291,8.16387,1.00,1.00
2017.11.07 09:39:30.379,8.16277,8.16387,1.50,1.00
2017.11.07 09:39:30.697,8.16277,8.16391,1.50,1.00
2017.11.07 09:39:31.202,8.16277,8.16392,1.50,1.50
2017.11.07 09:39:36.021,8.16294,8.16401,1.00,1.00
2017.11.07 09:39:36.072,8.16294,8.16408,1.00,1.00
2017.11.07 09:39:36.123,8.16311,8.16423,1.00,1.00
2017.11.07 09:39:37.189,8.16311,8.16417,1.00,1.00
2017.11.07 09:39:37.521,8.16318,8.16426,1.00,1.00
2017.11.07 09:39:37.572,8.16331,8.16445,1.00,1.00
2017.11.07 09:39:37.881,8.16346,8.16445,1.00,1.00
2017.11.07 09:39:37.933,8.16346,8.16455,1.00,1.00
2017.11.07 09:39:38.179,8.16366,8.16455,1.00,1.00
2017.11.07 09:39:38.772,8.16366,8.16454,1.00,1.00
2017.11.07 09:39:38.982,8.16366,8.16457,1.00,1.00
2017.11.07 09:39:40.971,8.16379,8.16479,1.00,1.00
2017.11.07 09:39:41.022,8.16379,8.16489,1.00,1.00
2017.11.07 09:39:41.073,8.16391,8.16489,1.00,1.00
2017.11.07 09:39:43.544,8.16391,8.16492,1.00,1.00
2017.11.07 09:39:43.595,8.16391,8.16494,1.00,1.00
2017.11.07 09:39:44.586,8.1641,8.16502,1.00,1.00
2017.11.07 09:39:45.451,8.16397,8.16492,1.00,1.00
2017.11.07 09:39:45.603,8.16397,8.16495,1.00,1.00
2017.11.07 09:39:45.705,8.16382,8.1649,1.00,1.00
2017.11.07 09:39:45.807,8.16382,8.16486,1.00,1.00
2017.11.07 09:39:45.908,8.16382,8.16488,1.00,1.00
2017.11.07 09:39:46.977,8.16382,8.16492,1.00,1.00
2017.11.07 09:39:47.028,8.16396,8.16499,1.00,1.00
2017.11.07 09:39:47.949,8.16396,8.16495,1.00,1.00
2017.11.07 09:39:49.871,8.16396,8.165,1.00,1.00
2017.11.07 09:39:50.302,8.16396,8.16497,1.00,1.00
2017.11.07 09:39:53.297,8.16396,8.16496,1.00,1.00
2017.11.07 09:39:53.988,8.16396,8.16493,1.00,1.00
2017.11.07 09:39:56.900,8.16379,8.16459,1.00,1.00
2017.11.07 09:39:57.002,8.16353,8.16455,1.00,1.00
2017.11.07 09:39:57.053,8.16353,8.16446,1.00,1.00
2017.11.07 09:39:57.104,8.16335,8.16446,1.00,1.00
2017.11.07 09:39:57.155,8.16335,8.16432,1.00,1.00
2017.11.07 09:39:57.206,8.16296,8.16411,1.00,1.00
2017.11.07 09:39:57.257,8.16296,8.16394,1.00,1.00
2017.11.07 09:39:57.308,8.16296,8.16411,1.00,1.00
2017.11.07 09:39:57.359,8.16296,8.16408,1.00,1.00
2017.11.07 09:39:57.410,8.16296,8.16411,1.00,1.00
2017.11.07 09:39:57.461,8.16296,8.16393,1.00,1.50
2017.11.07 09:39:57.512,8.16281,8.16393,1.00,2.25
2017.11.07 09:39:57.631,8.16295,8.16379,1.00,1.00
2017.11.07 09:39:57.733,8.16276,8.16371,1.00,1.50
2017.11.07 09:39:57.784,8.16276,8.16391,1.00,1.00
2017.11.07 09:39:57.835,8.16288,8.16385,1.00,1.00
2017.11.07 09:39:59.281,8.16288,8.16403,1.00,1.00
2017.11.07 09:39:59.332,8.16288,8.16371,1.00,1.00
2017.11.07 09:39:59.383,8.16273,8.16371,1.00,1.00
2017.11.07 09:39:59.535,8.16273,8.16381,1.00,1.00
2017.11.07 09:40:00.861,8.16273,8.16384,1.00,1.00
2017.11.07 09:40:01.376,8.16273,8.16381,1.00,1.00
2017.11.07 09:40:01.969,8.16273,8.16375,1.00,1.00
2017.11.07 09:40:02.021,8.16273,8.16383,1.00,1.00
2017.11.07 09:40:02.072,8.16273,8.16378,1.00,1.00
2017.11.07 09:40:02.456,8.16273,8.16369,1.00,1.00
2017.11.07 09:40:03.195,8.16285,8.16367,1.00,1.00
2017.11.07 09:40:03.398,8.16242,8.16325,1.00,1.00
2017.11.07 09:40:03.450,8.16242,8.16304,1.00,1.00
2017.11.07 09:40:03.501,8.16222,8.16304,1.00,1.00
2017.11.07 09:40:03.603,8.16222,8.16319,1.00,1.00
2017.11.07 09:40:03.832,8.16242,8.16319,1.00,1.00
2017.11.07 09:40:04.552,8.16227,8.16319,1.00,1.00
2017.11.07 09:40:05.360,8.16227,8.16329,1.00,1.00
2017.11.07 09:40:05.486,8.16227,8.16319,1.00,1.00
2017.11.07 09:40:05.588,8.16239,8.16339,1.00,1.00
2017.11.07 09:40:05.639,8.16239,8.16317,1.00,1.00
2017.11.07 09:40:05.689,8.16211,8.16317,1.00,1.00
2017.11.07 09:40:05.889,8.16211,8.1632,1.00,1.00
2017.11.07 09:40:05.940,8.16223,8.16318,1.00,1.00
2017.11.07 09:40:06.505,8.16223,8.16324,1.00,1.00
2017.11.07 09:40:06.606,8.16238,8.16324,1.00,1.00
2017.11.07 09:40:08.372,8.16238,8.16321,1.00,1.00
2017.11.07 09:40:09.006,8.16238,8.16329,1.00,1.00
2017.11.07 09:40:09.708,8.16238,8.16334,1.00,1.00
2017.11.07 09:40:09.920,8.16238,8.16325,1.00,1.00
2017.11.07 09:40:11.747,8.16238,8.16319,1.00,1.00
2017.11.07 09:40:13.106,8.16238,8.16314,1.00,1.00
2017.11.07 09:40:13.158,8.16238,8.16317,1.00,1.00
2017.11.07 09:40:13.439,8.16238,8.16322,1.00,1.00
2017.11.07 09:40:13.490,8.16238,8.16335,1.00,1.00
2017.11.07 09:40:13.541,8.16251,8.16329,1.00,1.00
2017.11.07 09:40:13.592,8.16251,8.16333,1.00,1.00
2017.11.07 09:40:15.161,8.16237,8.16333,1.00,1.00
2017.11.07 09:40:15.212,8.16237,8.16325,1.00,1.00
2017.11.07 09:40:15.836,8.16237,8.16326,1.00,1.00
2017.11.07 09:40:16.522,8.16237,8.16324,1.00,1.00
2017.11.07 09:40:16.842,8.16237,8.16341,1.00,1.00
2017.11.07 09:40:16.894,8.16237,8.16315,1.00,1.00
2017.11.07 09:40:16.945,8.16216,8.16315,1.00,1.00
2017.11.07 09:40:24.036,8.16216,8.16309,1.00,1.00
2017.11.07 09:40:32.364,8.1621,8.16309,1.00,1.00
2017.11.07 09:40:33.240,8.1621,8.16305,1.00,1.00
2017.11.07 09:40:33.291,8.1621,8.16316,1.00,1.00
2017.11.07 09:40:34.852,8.1621,8.16317,1.00,1.50
2017.11.07 09:40:35.213,8.1621,8.16323,1.00,1.50
2017.11.07 09:40:36.133,8.16232,8.16331,1.00,1.00
2017.11.07 09:40:36.184,8.16217,8.16332,1.00,2.25
2017.11.07 09:40:36.413,8.16231,8.16332,1.00,1.50
2017.11.07 09:40:36.464,8.16231,8.16338,1.00,1.50
2017.11.07 09:40:39.067,8.16231,8.16337,1.00,1.00
2017.11.07 09:40:42.110,8.16231,8.16338,1.00,1.50
2017.11.07 09:40:46.980,8.16231,8.1634,1.00,1.50
2017.11.07 09:40:48.259,8.16231,8.16346,1.00,1.00
2017.11.07 09:40:48.310,8.16253,8.16347,1.00,1.00
2017.11.07 09:40:48.575,8.16253,8.16357,1.00,1.00
2017.11.07 09:40:49.329,8.16238,8.16353,1.00,1.00
2017.11.07 09:40:49.431,8.16253,8.16365,1.00,1.00
2017.11.07 09:40:49.696,8.16253,8.16367,1.00,1.00
2017.11.07 09:40:49.747,8.16203,8.16318,1.00,1.00
2017.11.07 09:40:49.799,8.16208,8.16318,1.00,1.00
2017.11.07 09:40:49.851,8.16231,8.16346,1.00,1.00
2017.11.07 09:40:52.990,8.16254,8.16348,1.00,1.00
2017.11.07 09:40:53.041,8.16254,8.16365,1.00,1.00
2017.11.07 09:40:53.195,8.16226,8.16341,1.00,1.00
2017.11.07 09:40:53.306,8.1624,8.16349,1.00,1.00
2017.11.07 09:40:54.027,8.1624,8.1635,1.00,1.50
2017.11.07 09:40:54.833,8.1624,8.16349,1.00,1.00
2017.11.07 09:40:55.431,8.1624,8.1635,1.00,1.50
2017.11.07 09:40:55.482,8.1624,8.16355,1.00,1.50
2017.11.07 09:40:56.173,8.16254,8.16359,1.00,1.00
2017.11.07 09:40:56.224,8.16254,8.16363,1.00,1.00
2017.11.07 09:40:56.749,8.16247,8.16359,1.00,1.00
2017.11.07 09:40:56.801,8.16247,8.16362,1.00,1.00
2017.11.07 09:40:56.852,8.1627,8.1637,1.00,1.00
2017.11.07 09:40:57.055,8.16253,8.16368,1.00,1.00
2017.11.07 09:40:57.931,8.1626,8.16368,1.00,1.00
2017.11.07 09:40:58.033,8.16276,8.16387,1.00,1.00
2017.11.07 09:40:59.687,8.16276,8.16389,1.00,1.00
2017.11.07 09:41:00.184,8.16276,8.16386,1.00,1.00
2017.11.07 09:41:00.235,8.16276,8.16389,1.00,1.00
2017.11.07 09:41:00.388,8.16276,8.16385,1.00,1.00
2017.11.07 09:41:00.440,8.16276,8.16389,1.00,1.00
2017.11.07 09:41:00.542,8.16276,8.16379,1.00,1.00
2017.11.07 09:41:00.644,8.16266,8.16371,1.00,1.00
2017.11.07 09:41:00.746,8.16261,8.16371,1.00,1.00
2017.11.07 09:41:00.926,8.16261,8.16373,1.00,1.00
2017.11.07 09:41:01.286,8.16261,8.16361,1.00,1.00
2017.11.07 09:41:01.603,8.16261,8.1637,1.00,1.00
2017.11.07 09:41:01.654,8.16261,8.16368,1.00,1.00
2017.11.07 09:41:01.716,8.16261,8.16376,1.00,1.00
2017.11.07 09:41:04.509,8.16276,8.1638,1.00,1.00
2017.11.07 09:41:04.744,8.16255,8.16366,1.00,1.00
2017.11.07 09:41:06.386,8.16255,8.1636,1.00,1.00
2017.11.07 09:41:06.755,8.16255,8.16356,1.00,1.00
2017.11.07 09:41:07.290,8.16248,8.16355,1.00,1.00
2017.11.07 09:41:08.461,8.16248,8.16353,1.00,1.00
2017.11.07 09:41:11.157,8.16248,8.16355,1.00,1.00
2017.11.07 09:41:11.794,8.16248,8.16354,1.00,1.00
2017.11.07 09:41:12.594,8.16248,8.16352,1.00,1.00
2017.11.07 09:41:14.902,8.16248,8.16349,1.00,1.00
2017.11.07 09:41:16.007,8.16248,8.1635,1.00,1.00
2017.11.07 09:41:16.330,8.16248,8.16347,1.00,1.00
2017.11.07 09:41:17.451,8.16248,8.16355,1.00,1.00
2017.11.07 09:41:17.554,8.16229,8.16343,1.00,1.00
2017.11.07 09:41:17.757,8.16216,8.16324,1.00,1.00
2017.11.07 09:41:17.909,8.1621,8.16324,1.00,1.00
2017.11.07 09:41:18.476,8.16225,8.16324,1.00,1.00
2017.11.07 09:41:18.528,8.16241,8.16354,1.00,1.00
2017.11.07 09:41:18.631,8.16255,8.16357,1.00,1.00
2017.11.07 09:41:18.889,8.16255,8.16368,1.00,1.00
2017.11.07 09:41:25.986,8.16233,8.16347,1.00,1.00
2017.11.07 09:41:26.189,8.16211,8.16326,1.00,1.00
2017.11.07 09:41:33.478,8.16231,8.16345,1.00,1.00
2017.11.07 09:41:38.561,8.16245,8.16359,1.00,1.00
2017.11.07 09:41:44.004,8.16245,8.16354,1.00,1.00
2017.11.07 09:41:46.066,8.16245,8.16359,1.00,1.00
2017.11.07 09:41:48.072,8.1626,8.16373,1.00,1.00
2017.11.07 09:41:48.174,8.1628,8.16395,1.00,1.00
2017.11.07 09:41:49.259,8.1628,8.1639,1.00,1.00
2017.11.07 09:41:50.071,8.1628,8.16394,1.00,1.00
2017.11.07 09:41:50.232,8.16301,8.164,1.00,1.00
2017.11.07 09:41:50.385,8.16301,8.16407,1.00,1.00
2017.11.07 09:41:50.688,8.16301,8.1641,1.00,1.00
2017.11.07 09:41:51.918,8.1632,8.16416,1.00,1.00
2017.11.07 09:41:52.304,8.1632,8.16425,1.00,1.00
2017.11.07 09:41:52.558,8.1632,8.16429,1.00,1.00
2017.11.07 09:41:53.485,8.16337,8.16429,1.00,1.00
2017.11.07 09:41:53.588,8.16337,8.16432,1.00,1.00
2017.11.07 09:41:53.691,8.16337,8.16448,1.00,1.00
2017.11.07 09:41:53.742,8.1635,8.16448,1.00,1.00
2017.11.07 09:41:54.336,8.1635,8.16454,1.00,1.00
2017.11.07 09:41:54.965,8.1635,8.16457,1.00,1.00
2017.11.07 09:41:56.230,8.1635,8.16462,1.00,1.00
2017.11.07 09:41:56.495,8.1635,8.16464,1.00,1.00
2017.11.07 09:42:02.568,8.16352,8.16464,1.00,1.00
2017.11.07 09:42:02.620,8.16372,8.16485,1.00,1.50
2017.11.07 09:42:02.672,8.16372,8.16473,1.00,1.00
2017.11.07 09:42:02.825,8.16357,8.16467,1.00,1.00
2017.11.07 09:42:08.564,8.16357,8.16464,1.00,1.00
2017.11.07 09:42:13.364,8.16357,8.16462,1.00,1.00
2017.11.07 09:42:13.667,8.16352,8.16445,1.00,1.00
2017.11.07 09:42:14.249,8.16352,8.16444,1.00,1.00
2017.11.07 09:42:14.503,8.16332,8.16445,1.00,1.00
2017.11.07 09:42:14.606,8.16323,8.16399,1.00,1.00
2017.11.07 09:42:14.657,8.16293,8.16388,1.00,1.00
2017.11.07 09:42:14.708,8.16284,8.16361,1.00,1.00
2017.11.07 09:42:14.810,8.16221,8.16335,1.00,1.00
2017.11.07 09:42:14.860,8.16221,8.1633,1.00,1.00
2017.11.07 09:42:14.912,8.16209,8.16322,1.00,1.00
2017.11.07 09:42:15.116,8.16221,8.16327,1.00,1.00
2017.11.07 09:42:15.326,8.16293,8.16408,1.00,1.00
2017.11.07 09:42:15.377,8.163,8.16408,1.00,1.00
2017.11.07 09:42:15.530,8.16386,8.16496,1.00,1.00
2017.11.07 09:42:15.581,8.16386,8.16487,1.00,1.00
2017.11.07 09:42:15.632,8.16372,8.16486,1.00,1.00
2017.11.07 09:42:15.734,8.16372,8.16479,1.00,1.00
2017.11.07 09:42:15.785,8.16372,8.16482,1.00,1.00
2017.11.07 09:42:16.103,8.16372,8.16476,1.00,1.00
2017.11.07 09:42:16.897,8.16358,8.16472,1.00,1.00
2017.11.07 09:42:17.055,8.1636,8.16472,1.00,1.00
2017.11.07 09:42:18.451,8.16345,8.16457,1.00,1.00
2017.11.07 09:42:19.048,8.16345,8.16451,1.00,1.00
2017.11.07 09:42:19.150,8.16322,8.16437,1.50,1.00
2017.11.07 09:42:38.345,8.16321,8.16421,1.00,1.00
2017.11.07 09:42:38.396,8.16321,8.16433,1.00,1.50
2017.11.07 09:42:38.447,8.16321,8.16415,1.00,1.00
2017.11.07 09:42:38.618,8.16304,8.16412,1.00,1.00
2017.11.07 09:42:41.657,8.16299,8.16384,1.00,1.00
2017.11.07 09:42:41.758,8.16265,8.16375,1.00,1.00
2017.11.07 09:42:41.911,8.16265,8.16361,1.00,1.00
2017.11.07 09:42:41.963,8.16248,8.16361,1.00,1.00
2017.11.07 09:42:42.116,8.16216,8.16322,1.00,1.00
2017.11.07 09:42:42.428,8.16228,8.16321,1.00,1.00
2017.11.07 09:42:42.479,8.16212,8.16321,1.00,1.00
2017.11.07 09:42:42.632,8.16212,8.16309,1.00,1.00
2017.11.07 09:42:42.733,8.16196,8.163,1.00,1.00
2017.11.07 09:42:42.835,8.16196,8.16283,1.00,1.00
2017.11.07 09:42:42.937,8.16171,8.16283,1.00,1.00
2017.11.07 09:42:43.039,8.16171,8.16257,1.00,1.00
2017.11.07 09:42:43.141,8.16152,8.16256,1.00,1.00
2017.11.07 09:42:43.293,8.16152,8.16245,1.00,1.00
2017.11.07 09:42:43.345,8.16135,8.16245,1.00,1.00
2017.11.07 09:42:43.448,8.16135,8.16234,1.00,1.00
2017.11.07 09:42:43.554,8.16122,8.16233,1.00,1.00
2017.11.07 09:42:43.606,8.16122,8.16222,1.00,1.00
2017.11.07 09:42:43.657,8.16119,8.16222,1.00,1.00
2017.11.07 09:42:43.708,8.16119,8.16214,1.00,1.00
2017.11.07 09:42:43.906,8.16093,8.1619,1.00,1.00
2017.11.07 09:42:44.783,8.16093,8.16194,1.00,1.00
2017.11.07 09:42:45.860,8.16077,8.16192,1.00,1.00
2017.11.07 09:42:45.911,8.16077,8.16185,1.00,1.00
2017.11.07 09:42:46.063,8.1606,8.16169,1.00,1.00
2017.11.07 09:42:46.114,8.1606,8.16174,1.00,1.00
2017.11.07 09:42:46.165,8.16044,8.16158,1.00,1.00
2017.11.07 09:42:46.473,8.16031,8.16145,1.00,1.00
2017.11.07 09:42:46.920,8.16043,8.16152,1.00,1.00
2017.11.07 09:42:47.126,8.16025,8.16137,1.00,1.00
2017.11.07 09:42:47.177,8.16025,8.1613,1.00,1.00
2017.11.07 09:42:47.228,8.16006,8.16117,1.00,1.00
2017.11.07 09:42:47.431,8.16006,8.16108,1.00,1.00
2017.11.07 09:42:49.413,8.16006,8.16116,1.00,1.00
2017.11.07 09:42:50.162,8.16022,8.16125,1.00,1.00
2017.11.07 09:42:52.499,8.16022,8.16137,1.00,1.00
2017.11.07 09:42:52.550,8.16026,8.16137,1.00,1.00
2017.11.07 09:42:52.601,8.16048,8.16161,1.00,1.00
2017.11.07 09:42:52.652,8.16048,8.16163,1.00,1.00
2017.11.07 09:42:52.703,8.16062,8.1617,1.00,1.00
2017.11.07 09:42:53.682,8.16062,8.16173,1.00,1.00
2017.11.07 09:42:54.143,8.16062,8.16164,1.00,1.00
2017.11.07 09:43:00.200,8.16078,8.16186,1.00,1.00
2017.11.07 09:43:00.301,8.16095,8.16186,1.00,1.00
2017.11.07 09:43:01.216,8.16095,8.16189,1.00,1.00
2017.11.07 09:43:03.165,8.16095,8.16178,1.00,1.00
2017.11.07 09:43:03.560,8.16095,8.16173,1.00,1.00
2017.11.07 09:43:03.997,8.16095,8.16178,1.00,1.00
2017.11.07 09:43:04.099,8.16095,8.16193,1.00,1.00
2017.11.07 09:43:04.822,8.16108,8.16213,1.00,1.00
2017.11.07 09:43:04.873,8.16108,8.16217,1.00,1.00
2017.11.07 09:43:04.924,8.16122,8.16217,1.00,1.00
2017.11.07 09:43:04.975,8.16122,8.16221,1.00,1.00
2017.11.07 09:43:09.340,8.16146,8.16241,1.00,1.00
2017.11.07 09:43:09.391,8.16156,8.16261,1.00,1.00
2017.11.07 09:43:09.442,8.16184,8.16284,1.00,1.00
2017.11.07 09:43:09.493,8.16184,8.16299,1.00,1.00
2017.11.07 09:43:09.544,8.16215,8.16317,1.00,1.00
2017.11.07 09:43:09.748,8.16232,8.16345,1.00,1.50
2017.11.07 09:43:09.849,8.16251,8.1635,1.00,1.00
2017.11.07 09:43:10.586,8.16235,8.16349,1.00,1.00
2017.11.07 09:43:10.837,8.16235,8.16341,1.00,1.00
2017.11.07 09:43:11.754,8.16235,8.1633,1.00,1.00
2017.11.07 09:43:12.393,8.16221,8.1633,1.00,1.00
2017.11.07 09:43:14.136,8.16221,8.16328,1.00,1.00
2017.11.07 09:43:14.975,8.16221,8.16318,1.00,1.00
2017.11.07 09:43:15.690,8.16221,8.16317,1.00,1.37
2017.11.07 09:43:15.842,8.16133,8.16238,1.00,1.00
2017.11.07 09:43:15.893,8.16133,8.16248,1.00,1.00
2017.11.07 09:43:15.944,8.1615,8.16256,1.00,1.00
2017.11.07 09:43:16.198,8.16179,8.16288,1.00,1.00
2017.11.07 09:43:16.304,8.16196,8.16288,1.00,1.00
2017.11.07 09:43:18.352,8.16196,8.16298,1.00,1.00
2017.11.07 09:43:18.504,8.16196,8.16288,1.00,1.00
2017.11.07 09:43:18.905,8.16196,8.16279,1.00,1.00
2017.11.07 09:43:19.007,8.16179,8.16279,1.00,1.00
2017.11.07 09:43:19.710,8.16166,8.16279,1.00,1.00
2017.11.07 09:43:20.814,8.16123,8.16238,1.00,1.00
2017.11.07 09:43:22.183,8.16123,8.16236,1.00,1.00
2017.11.07 09:43:22.399,8.16108,8.16223,1.00,1.00
2017.11.07 09:43:24.396,8.16108,8.1622,1.00,1.00
2017.11.07 09:43:31.276,8.16108,8.16223,1.00,1.00
2017.11.07 09:43:39.331,8.16115,8.1623,1.00,1.00
2017.11.07 09:43:39.701,8.16137,8.16251,1.00,1.00
2017.11.07 09:43:48.316,8.1614,8.16251,1.00,1.00
2017.11.07 09:43:48.715,8.16154,8.16265,1.00,1.00
2017.11.07 09:43:52.842,8.16154,8.16267,1.00,1.00
2017.11.07 09:43:54.456,8.16154,8.16262,1.00,1.00
2017.11.07 09:43:55.459,8.16154,8.16261,1.00,1.00
2017.11.07 09:43:55.767,8.16131,8.16243,1.00,1.00
2017.11.07 09:43:55.818,8.16131,8.16227,1.00,1.00
2017.11.07 09:43:56.405,8.16131,8.16214,1.00,1.00
2017.11.07 09:43:56.711,8.16087,8.16161,1.00,1.00
2017.11.07 09:43:56.873,8.16066,8.16161,1.00,1.00
2017.11.07 09:43:57.229,8.16066,8.16156,1.00,1.00
2017.11.07 09:43:58.926,8.16051,8.16156,1.00,1.00
2017.11.07 09:43:58.977,8.16051,8.16143,1.00,1.00
2017.11.07 09:43:59.282,8.15985,8.1606,1.60,1.00
2017.11.07 09:43:59.589,8.15946,8.1604,2.10,1.00
2017.11.07 09:43:59.641,8.15944,8.16032,1.00,1.00
2017.11.07 09:43:59.692,8.15925,8.16032,1.00,1.00
2017.11.07 09:43:59.744,8.15925,8.16022,1.00,1.00
2017.11.07 09:44:00.177,8.15925,8.16016,1.00,1.00
2017.11.07 09:44:00.281,8.15902,8.16013,1.00,1.00
2017.11.07 09:44:00.502,8.15918,8.16013,1.00,1.00
2017.11.07 09:44:01.291,8.15918,8.16009,1.00,1.00
2017.11.07 09:44:01.647,8.15918,8.16013,1.00,1.00
2017.11.07 09:44:03.336,8.15887,8.15993,1.00,1.00
2017.11.07 09:44:03.390,8.15887,8.15985,1.00,1.00
2017.11.07 09:44:03.495,8.15872,8.15979,1.00,1.00
2017.11.07 09:44:05.320,8.15872,8.15975,1.00,1.00
2017.11.07 09:44:08.182,8.15872,8.15978,1.00,1.00
2017.11.07 09:44:08.285,8.15872,8.15987,1.00,1.00
2017.11.07 09:44:08.488,8.15886,8.15994,1.00,1.00
2017.11.07 09:44:08.851,8.15886,8.1599,1.00,1.00
2017.11.07 09:44:09.536,8.15886,8.15988,1.00,1.00
2017.11.07 09:44:09.910,8.15886,8.15993,1.00,1.00
2017.11.07 09:44:10.466,8.15886,8.15987,1.00,1.00
2017.11.07 09:44:10.851,8.15874,8.15987,1.00,1.00
2017.11.07 09:44:10.901,8.15872,8.15987,1.00,1.50
2017.11.07 09:44:10.952,8.15886,8.15983,1.00,1.00
2017.11.07 09:44:11.054,8.15873,8.15979,1.00,1.00
2017.11.07 09:44:12.123,8.15873,8.15975,1.00,1.00
2017.11.07 09:44:13.787,8.15873,8.15979,1.00,1.00
2017.11.07 09:44:16.338,8.15873,8.15977,1.00,1.00
2017.11.07 09:44:17.051,8.15873,8.15975,1.00,1.00
2017.11.07 09:44:17.405,8.15853,8.15949,1.00,1.00
2017.11.07 09:44:17.890,8.15851,8.15946,1.00,1.00
2017.11.07 09:44:18.342,8.15837,8.15946,1.00,1.00
2017.11.07 09:44:19.270,8.15837,8.15951,1.00,1.00
2017.11.07 09:44:19.372,8.15851,8.1596,1.00,1.00
2017.11.07 09:44:19.423,8.15851,8.15964,1.00,1.00
2017.11.07 09:44:20.838,8.15851,8.15956,1.00,1.00
2017.11.07 09:44:21.041,8.15804,8.15914,1.00,1.00
2017.11.07 09:44:21.092,8.15804,8.15864,1.00,1.00
2017.11.07 09:44:21.301,8.15761,8.15829,1.00,1.00
2017.11.07 09:44:21.352,8.15761,8.1582,1.00,1.00
2017.11.07 09:44:21.453,8.15759,8.15831,1.00,1.00
2017.11.07 09:44:21.504,8.15759,8.15829,1.00,1.00
2017.11.07 09:44:21.555,8.15707,8.15822,1.00,1.00
2017.11.07 09:44:21.657,8.15729,8.1583,1.00,1.00
2017.11.07 09:44:21.861,8.15715,8.15817,1.00,1.00
2017.11.07 09:44:21.913,8.15715,8.15815,1.00,1.00
2017.11.07 09:44:21.964,8.15715,8.15817,1.00,1.00
2017.11.07 09:44:22.016,8.15715,8.15828,1.00,2.25
2017.11.07 09:44:22.169,8.1573,8.15828,1.00,1.00
2017.11.07 09:44:23.032,8.15716,8.15822,1.00,1.00
2017.11.07 09:44:23.316,8.15732,8.15841,1.00,1.00
2017.11.07 09:44:23.367,8.15732,8.15845,1.00,1.00
2017.11.07 09:44:24.516,8.15734,8.15845,1.00,1.00
2017.11.07 09:44:24.714,8.15732,8.15845,1.00,1.00
2017.11.07 09:44:25.130,8.15748,8.15859,1.00,1.00
2017.11.07 09:44:25.181,8.15748,8.15862,1.00,1.00
2017.11.07 09:44:25.283,8.15762,8.15869,1.00,1.00
2017.11.07 09:44:25.334,8.15762,8.15876,1.00,1.50
2017.11.07 09:44:25.385,8.15762,8.15871,1.00,1.00
2017.11.07 09:44:25.436,8.15762,8.15876,1.00,1.00
2017.11.07 09:44:25.487,8.15789,8.15883,1.00,1.00
2017.11.07 09:44:25.539,8.15789,8.1589,1.00,1.00
2017.11.07 09:44:25.813,8.15789,8.15898,1.00,1.00
2017.11.07 09:44:25.865,8.15802,8.15892,1.00,1.00
2017.11.07 09:44:25.988,8.15802,8.15896,1.00,1.00
2017.11.07 09:44:26.040,8.15802,8.15891,1.00,1.00
2017.11.07 09:44:26.721,8.15802,8.15898,1.00,1.00
2017.11.07 09:44:26.772,8.15802,8.15908,1.00,1.00
2017.11.07 09:44:27.963,8.15802,8.1591,1.00,1.00
2017.11.07 09:44:28.721,8.15802,8.15913,1.00,1.00
2017.11.07 09:44:28.772,8.15812,8.15912,1.00,1.00
2017.11.07 09:44:28.924,8.15871,8.15972,1.00,1.00
2017.11.07 09:44:29.047,8.15871,8.15981,1.00,1.00
2017.11.07 09:44:29.099,8.15886,8.15997,1.00,1.00
2017.11.07 09:44:29.201,8.15886,8.16,1.00,1.00
2017.11.07 09:44:29.252,8.15904,8.16014,1.00,1.00
2017.11.07 09:44:29.557,8.15916,8.16023,1.00,1.00
2017.11.07 09:44:29.927,8.15916,8.16031,1.00,1.00
2017.11.07 09:44:32.097,8.15935,8.16044,1.00,1.00
2017.11.07 09:44:32.148,8.15935,8.1605,1.00,1.00
2017.11.07 09:44:33.285,8.15965,8.16073,1.00,1.00
2017.11.07 09:44:34.297,8.15965,8.16074,1.00,1.00
2017.11.07 09:44:34.649,8.15965,8.16067,1.00,1.00
2017.11.07 09:44:34.961,8.15965,8.16053,1.00,1.00
2017.11.07 09:44:38.671,8.15965,8.16061,1.00,1.00
2017.11.07 09:44:38.861,8.15965,8.16063,1.00,1.00
2017.11.07 09:44:39.416,8.15965,8.16064,1.00,1.00
2017.11.07 09:44:41.056,8.1594,8.16055,1.00,1.00
2017.11.07 09:44:41.662,8.1594,8.16053,1.00,1.00
2017.11.07 09:44:41.764,8.15926,8.1604,1.00,1.50
2017.11.07 09:44:41.866,8.15926,8.16038,1.00,1.00
2017.11.07 09:44:42.081,8.15926,8.1604,1.00,1.00
2017.11.07 09:44:42.268,8.15926,8.16037,1.00,1.00
2017.11.07 09:44:43.449,8.15926,8.1604,1.00,1.00
2017.11.07 09:44:44.032,8.15932,8.1604,1.00,1.00
2017.11.07 09:44:44.083,8.15947,8.16059,1.00,1.00
2017.11.07 09:44:46.204,8.15947,8.16061,1.00,1.00
2017.11.07 09:44:46.376,8.15947,8.16057,1.00,1.00
2017.11.07 09:44:49.746,8.15947,8.16062,1.00,1.50
2017.11.07 09:44:50.504,8.15947,8.16058,1.00,1.00
2017.11.07 09:44:50.830,8.15926,8.16039,1.00,1.00
2017.11.07 09:44:50.932,8.15931,8.16039,1.00,1.00
2017.11.07 09:44:51.289,8.15926,8.16039,1.00,1.00
2017.11.07 09:44:51.829,8.15926,8.16034,1.00,1.00
2017.11.07 09:44:52.134,8.15912,8.16026,1.00,1.00
2017.11.07 09:44:53.061,8.15911,8.16026,1.00,1.50
2017.11.07 09:44:54.577,8.15926,8.16039,1.00,1.00
2017.11.07 09:44:54.931,8.15939,8.16053,1.00,1.00
2017.11.07 09:44:55.964,8.15939,8.16054,1.50,1.00
2017.11.07 09:44:56.268,8.15939,8.16052,1.00,1.00
2017.11.07 09:44:56.320,8.15939,8.16054,1.00,1.00
2017.11.07 09:44:57.497,8.15939,8.16053,1.00,1.00
2017.11.07 09:44:58.026,8.15939,8.16054,1.00,1.00
2017.11.07 09:44:58.731,8.15927,8.16038,1.00,1.00
2017.11.07 09:45:01.377,8.15938,8.16049,1.00,1.00
2017.11.07 09:45:01.756,8.15938,8.16044,1.00,1.00
2017.11.07 09:45:01.857,8.1592,8.16034,1.00,1.00
2017.11.07 09:45:05.712,8.15906,8.1602,1.00,1.00
2017.11.07 09:45:09.729,8.15906,8.16015,1.00,1.00
2017.11.07 09:45:09.780,8.15906,8.1602,1.00,1.00
2017.11.07 09:45:15.500,8.15906,8.16011,1.00,1.00
2017.11.07 09:45:15.551,8.15893,8.16006,1.00,1.00
2017.11.07 09:45:16.354,8.15878,8.1599,1.00,1.00
2017.11.07 09:45:16.608,8.15843,8.15958,1.00,1.00
2017.11.07 09:45:16.659,8.15843,8.15952,1.00,1.00
2017.11.07 09:45:16.972,8.15815,8.15903,1.00,1.00
2017.11.07 09:45:17.023,8.15797,8.15892,1.00,1.00
2017.11.07 09:45:17.125,8.15774,8.15886,1.00,1.00
2017.11.07 09:45:17.177,8.15771,8.15882,1.00,1.00
2017.11.07 09:45:17.482,8.15758,8.15859,1.00,1.00
2017.11.07 09:45:17.533,8.15758,8.15864,1.00,1.00
2017.11.07 09:45:17.738,8.15742,8.15854,1.00,1.00
2017.11.07 09:45:21.040,8.15742,8.15856,1.00,1.00
2017.11.07 09:45:22.021,8.15742,8.15857,1.00,1.00
2017.11.07 09:45:26.875,8.15742,8.15853,1.00,1.00
2017.11.07 09:45:27.338,8.15742,8.15857,1.00,1.00
2017.11.07 09:45:27.440,8.1575,8.15857,1.50,1.00
2017.11.07 09:45:27.643,8.15761,8.15874,1.00,1.00
2017.11.07 09:45:27.897,8.15766,8.15874,1.00,1.00
2017.11.07 09:45:31.526,8.15764,8.15874,1.00,1.00
2017.11.07 09:45:33.258,8.15777,8.1589,1.00,1.00
2017.11.07 09:45:33.878,8.15777,8.15881,1.00,1.00
2017.11.07 09:45:33.929,8.15756,8.15868,1.00,1.00
2017.11.07 09:45:36.261,8.15741,8.15855,1.00,1.00
2017.11.07 09:45:36.924,8.1574,8.15855,1.00,1.00
2017.11.07 09:45:37.380,8.15746,8.15855,1.00,1.00
2017.11.07 09:45:39.035,8.15749,8.15855,1.00,1.00
2017.11.07 09:45:39.554,8.15754,8.15869,1.00,1.00
2017.11.07 09:45:41.100,8.15756,8.15869,1.00,1.00
2017.11.07 09:45:41.306,8.15786,8.15901,1.00,1.00
2017.11.07 09:45:43.311,8.15786,8.15897,1.00,1.00
2017.11.07 09:45:46.556,8.15786,8.15895,1.00,1.00
2017.11.07 09:45:47.190,8.15786,8.15896,1.00,1.00
2017.11.07 09:45:48.600,8.15786,8.15898,1.00,1.00
2017.11.07 09:45:49.265,8.15786,8.15899,1.00,1.00
2017.11.07 09:45:51.572,8.15777,8.15878,1.00,1.00
2017.11.07 09:45:57.067,8.15766,8.15878,1.00,1.00
2017.11.07 09:45:58.467,8.15755,8.15868,1.00,1.00
2017.11.07 09:46:13.609,8.15763,8.15868,1.00,1.00
2017.11.07 09:46:13.660,8.15772,8.15883,1.00,1.00
2017.11.07 09:46:15.154,8.15771,8.15883,1.00,1.00
2017.11.07 09:46:15.256,8.15769,8.15883,1.00,1.00
2017.11.07 09:46:16.330,8.15771,8.15883,1.00,1.00
2017.11.07 09:46:17.251,8.15769,8.15883,1.50,1.00
2017.11.07 09:46:19.501,8.15777,8.15883,1.00,1.00
2017.11.07 09:46:19.675,8.15773,8.15883,1.00,1.00
2017.11.07 09:46:20.165,8.15771,8.15883,1.00,1.00
2017.11.07 09:46:20.268,8.15769,8.1588,1.00,1.00
2017.11.07 09:46:20.602,8.15749,8.1586,1.00,1.00
2017.11.07 09:46:20.654,8.15761,8.15876,1.00,1.00
2017.11.07 09:46:20.848,8.15783,8.1589,1.00,1.00
2017.11.07 09:46:22.464,8.15783,8.15896,1.00,1.00
2017.11.07 09:46:22.646,8.15797,8.159,1.00,1.00
2017.11.07 09:46:23.355,8.15812,8.15925,1.00,1.00
2017.11.07 09:46:24.815,8.15815,8.15925,1.00,1.00
2017.11.07 09:46:26.351,8.15815,8.15912,1.00,1.00
2017.11.07 09:46:27.353,8.15798,8.15912,1.00,1.00
2017.11.07 09:46:29.337,8.15801,8.15912,1.00,1.00
2017.11.07 09:46:31.595,8.15798,8.15912,1.00,1.00
2017.11.07 09:46:33.005,8.15814,8.15919,1.00,1.50
2017.11.07 09:46:34.125,8.15814,8.15922,1.00,1.00
2017.11.07 09:46:34.176,8.15814,8.15924,1.00,1.00
2017.11.07 09:46:35.204,8.15814,8.15909,1.00,1.00
2017.11.07 09:46:35.306,8.15794,8.15909,1.00,1.50
2017.11.07 09:46:36.200,8.15783,8.15895,1.00,1.00
2017.11.07 09:46:38.868,8.15783,8.15894,1.00,1.00
2017.11.07 09:46:39.845,8.15783,8.15877,1.00,1.00
2017.11.07 09:46:40.078,8.1578,8.15877,1.00,1.00
2017.11.07 09:46:40.751,8.15758,8.15872,1.00,1.00
2017.11.07 09:46:40.802,8.15758,8.15859,1.00,1.00
2017.11.07 09:46:40.954,8.1573,8.15843,1.00,1.00
2017.11.07 09:46:46.371,8.1573,8.15842,1.00,1.00
2017.11.07 09:46:46.625,8.1573,8.15838,1.00,1.00
2017.11.07 09:46:47.063,8.15724,8.1583,1.00,1.00
2017.11.07 09:46:49.130,8.15715,8.15825,1.00,1.00
2017.11.07 09:46:49.181,8.15715,8.1582,1.00,1.00
2017.11.07 09:46:49.334,8.15715,8.15824,1.00,1.00
2017.11.07 09:46:49.385,8.15715,8.15829,1.00,1.00
2017.11.07 09:46:49.585,8.15721,8.1583,1.00,1.00
2017.11.07 09:46:49.637,8.15729,8.15844,1.00,1.00
2017.11.07 09:46:52.912,8.15729,8.15842,1.00,1.00
2017.11.07 09:46:54.191,8.15729,8.1584,1.00,1.00
2017.11.07 09:46:54.876,8.15729,8.15842,1.00,1.00
2017.11.07 09:46:55.880,8.15729,8.15829,1.00,1.00
2017.11.07 09:46:55.931,8.15695,8.1581,1.00,1.00
2017.11.07 09:46:56.033,8.15679,8.15793,1.00,1.00
2017.11.07 09:46:56.383,8.15651,8.15735,1.00,1.00
2017.11.07 09:46:56.434,8.15614,8.15728,1.00,1.00
2017.11.07 09:46:56.587,8.15614,8.15717,1.00,1.00
2017.11.07 09:46:56.739,8.15597,8.1571,1.00,1.00
2017.11.07 09:46:57.044,8.15597,8.15705,1.00,1.00
2017.11.07 09:46:58.571,8.15609,8.15715,1.00,1.00
2017.11.07 09:46:58.622,8.15609,8.15724,1.00,1.50
2017.11.07 09:46:58.673,8.15626,8.15735,1.00,1.00
2017.11.07 09:46:58.724,8.15626,8.1574,1.00,1.00
2017.11.07 09:46:58.978,8.1565,8.15763,1.00,1.00
2017.11.07 09:46:59.029,8.1565,8.15765,1.00,1.00
2017.11.07 09:46:59.647,8.15679,8.15783,1.00,1.00
2017.11.07 09:47:00.891,8.15686,8.15794,1.00,1.00
2017.11.07 09:47:00.993,8.15698,8.15812,1.00,1.00
2017.11.07 09:47:01.500,8.15709,8.15813,1.00,1.00
2017.11.07 09:47:01.671,8.15729,8.15843,1.00,1.37
2017.11.07 09:47:01.722,8.15729,8.15843,1.00,1.00
2017.11.07 09:47:01.773,8.15751,8.15851,1.00,1.00
2017.11.07 09:47:01.875,8.15726,8.15841,1.00,1.00
2017.11.07 09:47:02.028,8.15738,8.15841,1.00,1.00
2017.11.07 09:47:02.231,8.15775,8.15883,1.00,1.00
2017.11.07 09:47:02.333,8.15788,8.15899,1.00,1.00
2017.11.07 09:47:02.434,8.15807,8.15899,1.00,1.00
2017.11.07 09:47:02.536,8.15827,8.15926,1.00,1.00
2017.11.07 09:47:02.587,8.15827,8.15942,1.00,1.00
2017.11.07 09:47:02.638,8.15816,8.15928,1.00,1.00
2017.11.07 09:47:02.740,8.15828,8.15941,1.00,1.00
2017.11.07 09:47:02.892,8.15844,8.15951,1.00,1.00
2017.11.07 09:47:02.994,8.15869,8.15981,1.00,1.00
2017.11.07 09:47:04.350,8.15883,8.15991,1.00,1.00
2017.11.07 09:47:04.452,8.15883,8.15995,1.00,1.00
2017.11.07 09:47:06.633,8.15899,8.16013,1.00,1.00
2017.11.07 09:47:06.735,8.15899,8.16005,1.00,1.00
2017.11.07 09:47:06.787,8.15899,8.16013,1.00,1.00
2017.11.07 09:47:07.479,8.15905,8.16013,1.00,1.00
2017.11.07 09:47:07.800,8.15916,8.16031,1.00,1.00
2017.11.07 09:47:08.343,8.15922,8.16031,1.00,1.00
2017.11.07 09:47:08.547,8.15944,8.16058,1.00,1.00
2017.11.07 09:47:10.733,8.15944,8.15979,1.00,1.00
2017.11.07 09:47:10.784,8.1589,8.15978,1.00,1.00
2017.11.07 09:47:10.835,8.15887,8.15958,1.00,1.00
2017.11.07 09:47:10.886,8.15864,8.15958,1.00,1.00
2017.11.07 09:47:10.988,8.15848,8.15958,1.00,1.00
2017.11.07 09:47:11.090,8.15848,8.15954,1.00,1.00
2017.11.07 09:47:11.477,8.15848,8.15944,1.00,1.00
2017.11.07 09:47:11.528,8.15813,8.15925,1.00,1.00
2017.11.07 09:47:16.736,8.15813,8.15921,1.00,1.00
2017.11.07 09:47:17.225,8.15813,8.15918,1.00,1.00
2017.11.07 09:47:17.377,8.15745,8.1586,1.00,1.00
2017.11.07 09:47:17.529,8.15745,8.15856,1.00,1.00
2017.11.07 09:47:17.631,8.1573,8.15845,1.00,1.50
2017.11.07 09:47:20.423,8.1573,8.15841,1.00,1.00
2017.11.07 09:47:23.552,8.15717,8.15824,1.00,1.00
2017.11.07 09:47:23.604,8.15717,8.15832,1.00,1.50
2017.11.07 09:47:23.655,8.15717,8.15828,1.00,1.00
2017.11.07 09:47:24.201,8.15717,8.15829,1.00,1.00
2017.11.07 09:47:24.885,8.15717,8.15824,1.00,1.00
2017.11.07 09:47:27.561,8.15717,8.15809,1.00,1.00
2017.11.07 09:47:30.259,8.15717,8.15814,1.00,1.00
2017.11.07 09:47:31.607,8.15717,8.15831,1.00,1.00
2017.11.07 09:47:31.709,8.15731,8.15841,1.00,1.00
2017.11.07 09:47:31.811,8.15731,8.15843,1.00,1.00
2017.11.07 09:47:31.970,8.15731,8.15846,1.00,1.00
2017.11.07 09:47:32.236,8.15745,8.1586,1.00,1.00
2017.11.07 09:47:33.092,8.15745,8.15857,1.00,1.00
2017.11.07 09:47:33.398,8.15745,8.15853,1.00,1.00
2017.11.07 09:47:33.449,8.15745,8.15859,1.00,1.00
2017.11.07 09:47:33.620,8.15745,8.15854,1.00,1.00
2017.11.07 09:47:36.122,8.15745,8.15847,1.00,1.00
2017.11.07 09:47:36.173,8.15732,8.15842,1.00,1.00
2017.11.07 09:47:36.224,8.15732,8.15838,1.00,1.00
2017.11.07 09:47:36.763,8.1573,8.15838,1.00,1.00
2017.11.07 09:47:38.872,8.15711,8.15826,1.00,1.00
2017.11.07 09:47:40.017,8.15698,8.15811,1.00,1.00
2017.11.07 09:47:40.814,8.15676,8.15783,1.00,1.00
2017.11.07 09:47:40.916,8.15649,8.15761,1.00,1.00
2017.11.07 09:47:44.721,8.15662,8.15776,1.00,1.00
2017.11.07 09:47:44.773,8.15665,8.15776,1.00,1.00
2017.11.07 09:47:44.968,8.15662,8.15776,1.00,1.00
2017.11.07 09:47:55.478,8.15662,8.15766,1.00,1.00
2017.11.07 09:47:55.530,8.15614,8.15729,1.00,1.00
2017.11.07 09:48:01.444,8.15614,8.15707,1.00,1.50
2017.11.07 09:48:01.547,8.15583,8.15684,1.00,1.00
2017.11.07 09:48:01.598,8.15583,8.15695,1.00,1.50
2017.11.07 09:48:01.752,8.15583,8.15669,1.00,1.00
2017.11.07 09:48:01.804,8.15554,8.15659,1.00,1.00
2017.11.07 09:48:01.957,8.15554,8.15615,1.00,1.00
2017.11.07 09:48:02.009,8.1552,8.15622,1.00,1.00
2017.11.07 09:48:02.105,8.15507,8.15622,1.00,1.50
2017.11.07 09:48:02.156,8.15507,8.1559,1.00,1.00
2017.11.07 09:48:02.207,8.15477,8.15583,1.00,1.00
2017.11.07 09:48:02.360,8.15463,8.15578,1.50,1.00
2017.11.07 09:48:02.411,8.15463,8.15571,1.00,1.00
2017.11.07 09:48:02.564,8.15444,8.15557,1.00,1.00
2017.11.07 09:48:02.947,8.15444,8.1554,1.00,1.00
2017.11.07 09:48:02.998,8.15424,8.15539,1.00,1.00
2017.11.07 09:48:03.350,8.15424,8.15519,1.00,1.00
2017.11.07 09:48:03.557,8.15404,8.15507,1.00,1.00
2017.11.07 09:48:03.710,8.15404,8.15517,1.00,1.00
2017.11.07 09:48:03.863,8.15404,8.15513,1.00,1.00
2017.11.07 09:48:04.168,8.15387,8.15489,1.00,1.00
2017.11.07 09:48:04.219,8.15375,8.15489,1.00,1.00
2017.11.07 09:48:04.271,8.15375,8.15479,1.00,1.00
2017.11.07 09:48:04.322,8.15405,8.15517,1.00,1.00
2017.11.07 09:48:04.424,8.15406,8.15498,1.00,1.00
2017.11.07 09:48:04.475,8.15406,8.15508,1.00,1.00
2017.11.07 09:48:04.628,8.15382,8.15497,1.37,1.00
2017.11.07 09:48:04.679,8.15382,8.15497,1.00,1.00
2017.11.07 09:48:04.860,8.15382,8.15494,1.00,1.00
2017.11.07 09:48:06.032,8.15397,8.15482,1.00,1.00
2017.11.07 09:48:06.134,8.15373,8.15487,1.00,1.00
2017.11.07 09:48:06.185,8.15373,8.15477,1.00,1.00
2017.11.07 09:48:07.160,8.1538,8.15487,1.00,1.00
2017.11.07 09:48:07.211,8.15394,8.15487,1.00,1.00
2017.11.07 09:48:07.263,8.15412,8.15521,1.00,1.00
2017.11.07 09:48:07.365,8.15412,8.15524,1.00,1.00
2017.11.07 09:48:07.417,8.15426,8.15524,1.00,1.00
2017.11.07 09:48:07.468,8.15447,8.15551,1.00,1.00
2017.11.07 09:48:07.519,8.1546,8.15551,1.00,1.00
2017.11.07 09:48:07.571,8.15472,8.15586,1.00,1.50
2017.11.07 09:48:07.622,8.15472,8.15582,1.00,1.00
2017.11.07 09:48:07.851,8.1546,8.15574,1.00,1.00
2017.11.07 09:48:07.902,8.1546,8.15547,1.00,1.00
2017.11.07 09:48:07.953,8.15447,8.15547,1.00,1.00
2017.11.07 09:48:08.055,8.15428,8.15536,1.00,1.00
2017.11.07 09:48:08.157,8.15428,8.15526,1.00,1.00
2017.11.07 09:48:08.511,8.15428,8.15534,1.00,1.00
2017.11.07 09:48:09.319,8.15428,8.15538,1.00,1.00
2017.11.07 09:48:10.026,8.15428,8.15531,1.00,1.00
2017.11.07 09:48:10.147,8.15428,8.15542,1.00,1.00
2017.11.07 09:48:10.249,8.15454,8.15537,1.00,1.00
2017.11.07 09:48:10.351,8.15433,8.1553,1.00,1.00
2017.11.07 09:48:11.666,8.15433,8.15524,1.00,1.00
2017.11.07 09:48:12.438,8.15433,8.15533,1.00,1.00
2017.11.07 09:48:12.540,8.15433,8.15544,1.00,1.00
2017.11.07 09:48:12.591,8.15454,8.15549,1.00,1.00
2017.11.07 09:48:14.404,8.15454,8.15553,1.00,1.00
2017.11.07 09:48:14.557,8.15454,8.15566,1.00,1.00
2017.11.07 09:48:14.875,8.15473,8.15575,1.00,1.00
2017.11.07 09:48:14.926,8.1548,8.15586,1.00,1.00
2017.11.07 09:48:14.977,8.1551,8.15607,1.00,1.00
2017.11.07 09:48:16.179,8.15488,8.15595,1.00,1.00
2017.11.07 09:48:16.231,8.15488,8.15591,1.00,1.00
2017.11.07 09:48:16.333,8.15488,8.15597,1.00,1.00
2017.11.07 09:48:16.384,8.15488,8.156,1.00,1.00
2017.11.07 09:48:17.609,8.15499,8.15603,1.00,1.00
2017.11.07 09:48:23.111,8.15499,8.15614,1.00,1.50
2017.11.07 09:48:23.162,8.15501,8.15614,1.00,1.00
2017.11.07 09:48:23.264,8.15542,8.15657,1.00,1.00
2017.11.07 09:48:23.366,8.1556,8.15667,1.00,1.00
2017.11.07 09:48:23.468,8.1556,8.15672,1.00,1.00
2017.11.07 09:48:23.647,8.1558,8.15686,1.00,1.00
2017.11.07 09:48:24.208,8.1558,8.15687,1.00,1.00
2017.11.07 09:48:24.577,8.1558,8.15694,1.00,1.50
2017.11.07 09:48:25.366,8.15596,8.15694,1.00,1.00
2017.11.07 09:48:25.469,8.15615,8.15729,1.00,1.00
2017.11.07 09:48:25.673,8.15631,8.15735,1.00,1.00
2017.11.07 09:48:25.724,8.15631,8.15741,1.00,1.00
2017.11.07 09:48:27.490,8.15631,8.15734,1.00,1.00
2017.11.07 09:48:27.541,8.15618,8.15727,1.00,1.00
2017.11.07 09:48:27.795,8.15618,8.15729,1.00,1.00
2017.11.07 09:48:27.947,8.15618,8.15731,1.00,1.00
2017.11.07 09:48:31.103,8.15631,8.15743,1.00,1.00
2017.11.07 09:48:31.416,8.15631,8.15741,1.00,1.00
2017.11.07 09:48:31.886,8.15631,8.15739,1.00,1.00
2017.11.07 09:48:32.708,8.15647,8.15756,1.00,1.00
2017.11.07 09:48:35.417,8.15647,8.1576,1.00,1.00
2017.11.07 09:48:36.012,8.15664,8.15767,1.00,1.00
2017.11.07 09:48:36.316,8.15664,8.15777,1.00,1.00
2017.11.07 09:48:36.530,8.15691,8.15778,1.00,1.00
2017.11.07 09:48:36.631,8.15691,8.15789,1.00,1.00
2017.11.07 09:48:37.003,8.15691,8.15803,1.00,1.00
2017.11.07 09:48:37.105,8.15707,8.15813,1.00,1.00
2017.11.07 09:48:38.052,8.15707,8.15822,1.00,1.50
2017.11.07 09:48:38.153,8.15722,8.15822,1.00,1.00
2017.11.07 09:48:38.205,8.15722,8.15832,1.00,1.00
2017.11.07 09:48:38.374,8.15708,8.15823,1.00,1.00
2017.11.07 09:48:38.527,8.15708,8.15818,1.00,1.00
2017.11.07 09:48:38.578,8.15708,8.15823,1.00,1.00
2017.11.07 09:48:38.629,8.15698,8.15809,1.00,1.00
2017.11.07 09:48:39.088,8.15694,8.15809,1.00,1.00
2017.11.07 09:48:39.630,8.15696,8.15809,1.00,1.00
2017.11.07 09:48:39.732,8.15715,8.15829,1.00,1.00
2017.11.07 09:48:39.935,8.15733,8.15841,1.00,1.00
2017.11.07 09:48:40.252,8.15733,8.15832,1.00,1.00
2017.11.07 09:48:43.541,8.15733,8.15845,1.00,1.50
2017.11.07 09:48:46.197,8.15737,8.15845,1.00,1.00
2017.11.07 09:48:46.655,8.15739,8.15845,1.00,1.00
2017.11.07 09:48:47.555,8.1574,8.15845,1.00,1.00
2017.11.07 09:48:49.633,8.15733,8.15845,1.00,1.00
2017.11.07 09:48:49.836,8.15722,8.15831,1.00,1.00
2017.11.07 09:48:50.399,8.1572,8.15831,1.00,1.00
2017.11.07 09:48:51.627,8.15731,8.15846,1.00,1.00
2017.11.07 09:48:52.639,8.15711,8.15824,1.00,1.00
2017.11.07 09:48:52.945,8.15663,8.15776,1.00,1.00
2017.11.07 09:48:53.251,8.15663,8.1577,1.00,1.00
2017.11.07 09:48:53.352,8.15647,8.15761,1.00,1.00
2017.11.07 09:48:53.404,8.15647,8.15759,1.00,1.00
2017.11.07 09:48:55.093,8.15647,8.15761,1.00,1.50
2017.11.07 09:48:56.473,8.15647,8.15759,1.00,1.00
2017.11.07 09:48:57.424,8.15647,8.15758,1.00,1.00
2017.11.07 09:48:57.770,8.15647,8.15755,1.00,1.00
2017.11.07 09:48:57.872,8.15624,8.15738,1.00,1.00
2017.11.07 09:48:57.923,8.15624,8.15731,1.00,1.00
2017.11.07 09:48:57.974,8.15624,8.15735,1.00,1.00
2017.11.07 09:48:58.025,8.15624,8.15738,1.00,1.50
2017.11.07 09:49:00.858,8.15624,8.15734,1.00,1.00
2017.11.07 09:49:01.860,8.15624,8.15735,1.00,1.00
2017.11.07 09:49:01.910,8.15624,8.15737,1.00,1.00
2017.11.07 09:49:02.631,8.15624,8.15735,1.00,1.00
2017.11.07 09:49:04.378,8.15624,8.15733,1.00,1.00
2017.11.07 09:49:04.530,8.1561,8.15724,1.00,1.00
2017.11.07 09:49:10.146,8.1561,8.15716,1.00,1.00
2017.11.07 09:49:14.373,8.15596,8.15682,1.00,1.00
2017.11.07 09:49:14.475,8.15569,8.15663,1.00,1.00
2017.11.07 09:49:14.577,8.15554,8.15648,1.00,1.00
2017.11.07 09:49:14.749,8.15528,8.15637,1.00,1.00
2017.11.07 09:49:14.800,8.15528,8.1562,1.00,1.00
2017.11.07 09:49:14.851,8.1551,8.1561,1.00,1.00
2017.11.07 09:49:14.902,8.1551,8.15596,1.00,1.00
2017.11.07 09:49:14.953,8.15492,8.15586,1.00,1.00
2017.11.07 09:49:15.056,8.15475,8.15577,1.00,1.00
2017.11.07 09:49:15.107,8.15475,8.15564,1.00,1.00
2017.11.07 09:49:15.259,8.15458,8.15564,1.00,1.00
2017.11.07 09:49:15.310,8.15458,8.15544,1.00,1.00
2017.11.07 09:49:15.361,8.15439,8.15544,1.00,1.00
2017.11.07 09:49:15.564,8.15439,8.15533,1.00,1.00
2017.11.07 09:49:15.717,8.15427,8.15533,1.00,1.00
2017.11.07 09:49:17.143,8.15427,8.15532,1.00,1.00
2017.11.07 09:49:17.194,8.15427,8.15525,1.00,1.00
2017.11.07 09:49:17.398,8.15399,8.15498,1.00,1.00
2017.11.07 09:49:17.703,8.15399,8.15488,1.00,1.00
2017.11.07 09:49:17.805,8.15381,8.15486,1.00,1.00
2017.11.07 09:49:17.907,8.15381,8.15495,1.00,1.00
2017.11.07 09:49:17.958,8.15381,8.15473,1.00,2.25
2017.11.07 09:49:18.110,8.15335,8.15444,1.00,1.00
2017.11.07 09:49:18.161,8.15335,8.15449,1.00,1.50
2017.11.07 09:49:18.212,8.15335,8.15445,1.00,1.00
2017.11.07 09:49:18.628,8.15335,8.15432,1.00,1.00
2017.11.07 09:49:19.677,8.15335,8.15426,1.00,1.00
2017.11.07 09:49:23.294,8.15335,8.15435,1.00,1.00
2017.11.07 09:49:23.345,8.15335,8.15443,1.00,1.50
2017.11.07 09:49:23.397,8.15335,8.1544,1.00,1.00
2017.11.07 09:49:23.449,8.15335,8.15443,1.00,1.50
2017.11.07 09:49:23.500,8.15335,8.15439,1.00,1.00
2017.11.07 09:49:23.817,8.15335,8.15434,1.00,1.00
2017.11.07 09:49:24.341,8.15355,8.15443,1.00,1.00
2017.11.07 09:49:24.392,8.15355,8.15463,1.00,1.00
2017.11.07 09:49:24.444,8.15357,8.15467,1.00,1.00
2017.11.07 09:49:24.495,8.15355,8.15467,1.50,1.00
2017.11.07 09:49:24.546,8.15383,8.15492,1.00,1.00
2017.11.07 09:49:24.698,8.15383,8.15498,1.00,1.00
2017.11.07 09:49:24.750,8.15404,8.155,1.00,1.00
2017.11.07 09:49:24.852,8.15404,8.15509,1.00,1.00
2017.11.07 09:49:24.954,8.15419,8.15509,1.00,1.00
2017.11.07 09:49:26.019,8.15419,8.15527,1.00,1.00
2017.11.07 09:49:26.070,8.15441,8.15539,1.00,1.00
2017.11.07 09:49:26.325,8.15441,8.15546,1.00,1.00
2017.11.07 09:49:26.664,8.15456,8.15554,1.00,1.00
2017.11.07 09:49:26.715,8.15456,8.15557,1.00,1.00
2017.11.07 09:49:27.374,8.15456,8.15564,1.00,1.00
2017.11.07 09:49:27.425,8.15472,8.15587,1.00,1.00
2017.11.07 09:49:27.476,8.15476,8.15587,1.00,1.00
2017.11.07 09:49:27.578,8.15508,8.15621,1.00,1.00
2017.11.07 09:49:27.629,8.15531,8.15627,1.00,1.00
2017.11.07 09:49:27.731,8.15531,8.15637,1.00,1.00
2017.11.07 09:49:27.833,8.15531,8.15645,1.00,1.00
2017.11.07 09:49:28.690,8.15557,8.15656,1.00,1.00
2017.11.07 09:49:29.819,8.15557,8.15665,1.00,1.00
2017.11.07 09:49:30.394,8.15557,8.15658,1.00,1.00
2017.11.07 09:49:32.006,8.15557,8.15651,1.00,1.00
2017.11.07 09:49:32.500,8.15557,8.15628,1.00,1.00
2017.11.07 09:49:32.551,8.15538,8.15623,1.00,1.00
2017.11.07 09:49:32.602,8.15538,8.15587,1.00,1.00
2017.11.07 09:49:32.654,8.15488,8.1557,1.00,1.00
2017.11.07 09:49:32.755,8.15455,8.1557,1.00,1.50
2017.11.07 09:49:32.925,8.15444,8.15554,1.00,1.00
2017.11.07 09:49:32.977,8.15439,8.15554,1.00,1.00
2017.11.07 09:49:33.130,8.15439,8.15549,1.00,1.00
2017.11.07 09:49:33.901,8.15439,8.15554,1.00,1.00
2017.11.07 09:49:33.952,8.15442,8.15554,1.00,1.00
2017.11.07 09:49:34.055,8.15469,8.15582,1.00,1.00
2017.11.07 09:49:34.106,8.15486,8.15587,1.00,1.00
2017.11.07 09:49:34.258,8.15486,8.15596,1.00,1.00
2017.11.07 09:49:34.361,8.15486,8.15598,1.00,1.00
2017.11.07 09:49:35.013,8.15502,8.156,1.00,1.00
2017.11.07 09:49:35.064,8.15502,8.15608,1.00,1.00
2017.11.07 09:49:35.525,8.15518,8.15618,1.00,1.00
2017.11.07 09:49:35.576,8.15518,8.15627,1.00,1.00
2017.11.07 09:49:37.250,8.15494,8.15578,1.00,1.00
2017.11.07 09:49:37.352,8.15437,8.15552,1.00,1.50
2017.11.07 09:49:37.403,8.15437,8.15542,1.00,1.00
2017.11.07 09:49:37.719,8.15437,8.15532,1.00,1.00
2017.11.07 09:49:37.864,8.15421,8.15532,1.00,1.00
2017.11.07 09:49:37.915,8.15421,8.15523,1.00,1.00
2017.11.07 09:49:38.068,8.15403,8.15517,1.00,1.00
2017.11.07 09:49:38.171,8.15403,8.15514,1.00,1.00
2017.11.07 09:49:39.205,8.15418,8.15514,1.00,1.00
2017.11.07 09:49:39.256,8.15418,8.15522,1.00,1.00
2017.11.07 09:49:40.249,8.15418,8.15521,1.00,1.00
2017.11.07 09:49:40.973,8.15418,8.15526,1.00,1.00
2017.11.07 09:49:41.126,8.15418,8.15519,1.00,1.00
2017.11.07 09:49:41.454,8.15418,8.15515,1.00,1.00
2017.11.07 09:49:41.950,8.15392,8.15505,1.00,1.00
2017.11.07 09:49:42.001,8.15392,8.15461,1.00,1.00
2017.11.07 09:49:42.052,8.15365,8.15461,1.00,1.00
2017.11.07 09:49:42.103,8.15365,8.15479,1.00,1.00
2017.11.07 09:49:42.256,8.15404,8.15496,1.00,1.00
2017.11.07 09:49:42.307,8.15404,8.15506,1.00,1.00
2017.11.07 09:49:42.358,8.15404,8.15508,1.00,1.00
2017.11.07 09:49:42.409,8.15404,8.15515,1.00,1.00
2017.11.07 09:49:42.561,8.15404,8.15506,1.00,1.00
2017.11.07 09:49:42.663,8.15381,8.15494,1.00,1.50
2017.11.07 09:49:42.714,8.15381,8.15441,1.00,1.00
2017.11.07 09:49:42.765,8.15353,8.15441,1.00,1.00
2017.11.07 09:49:42.867,8.15353,8.15437,1.00,1.00
2017.11.07 09:49:42.970,8.15335,8.15437,1.00,1.00
2017.11.07 09:49:43.927,8.15335,8.1545,1.00,1.00
2017.11.07 09:49:43.978,8.1535,8.1545,1.00,1.00
2017.11.07 09:49:44.283,8.15387,8.15482,1.00,1.00
2017.11.07 09:49:45.655,8.15387,8.15494,1.00,1.00
2017.11.07 09:49:45.706,8.15403,8.15503,1.00,1.00
2017.11.07 09:49:45.821,8.15403,8.15513,1.00,1.00
2017.11.07 09:49:45.872,8.15418,8.15513,1.00,1.00
2017.11.07 09:49:45.923,8.15418,8.15522,1.00,1.00
2017.11.07 09:49:45.975,8.15418,8.15531,1.00,1.00
2017.11.07 09:49:46.077,8.15437,8.15531,1.00,1.00
2017.11.07 09:49:46.128,8.15437,8.15549,1.00,1.00
2017.11.07 09:49:46.382,8.15454,8.15562,1.00,1.00
2017.11.07 09:49:46.583,8.15454,8.15568,1.00,1.00
2017.11.07 09:49:47.024,8.15472,8.15574,1.00,1.00
2017.11.07 09:49:47.328,8.15472,8.15571,1.00,1.00
2017.11.07 09:49:47.430,8.15472,8.15574,1.00,1.00
2017.11.07 09:49:47.830,8.15472,8.15581,1.00,1.00
2017.11.07 09:49:48.475,8.15472,8.1556,1.00,1.00
2017.11.07 09:49:48.627,8.15417,8.15522,1.00,1.00
2017.11.07 09:49:49.000,8.15405,8.1552,1.00,1.00
2017.11.07 09:49:49.052,8.15405,8.15512,1.00,1.00
2017.11.07 09:49:49.260,8.15387,8.15501,1.00,1.00
2017.11.07 09:49:49.722,8.154,8.15515,1.00,1.00
2017.11.07 09:49:49.773,8.154,8.15509,1.00,1.00
2017.11.07 09:49:50.131,8.154,8.15515,1.00,1.00
2017.11.07 09:49:50.233,8.15413,8.15519,1.00,1.00
2017.11.07 09:49:50.468,8.15398,8.1551,1.00,1.00
2017.11.07 09:49:51.397,8.15412,8.15514,1.00,1.00
2017.11.07 09:49:52.220,8.15412,8.1551,1.00,1.00
2017.11.07 09:49:53.526,8.15412,8.15506,1.00,1.00
2017.11.07 09:49:54.016,8.15412,8.15501,1.00,1.00
2017.11.07 09:49:54.358,8.15412,8.15506,1.00,1.00
2017.11.07 09:49:55.200,8.15412,8.1551,1.00,1.00
2017.11.07 09:49:59.416,8.15412,8.15485,1.00,1.00
2017.11.07 09:49:59.518,8.15381,8.15481,1.00,1.00
2017.11.07 09:49:59.570,8.15381,8.15477,1.00,1.00
2017.11.07 09:50:02.166,8.15381,8.15476,1.00,1.00
2017.11.07 09:50:02.699,8.15381,8.15478,1.00,1.00
2017.11.07 09:50:03.198,8.15381,8.1548,1.00,1.00
2017.11.07 09:50:03.250,8.15381,8.15494,1.00,1.00
2017.11.07 09:50:03.352,8.15409,8.15501,1.00,1.00
2017.11.07 09:50:04.062,8.15409,8.15499,1.00,1.00
2017.11.07 09:50:04.343,8.15409,8.15505,1.00,1.00
2017.11.07 09:50:06.576,8.15409,8.1551,1.00,1.00
2017.11.07 09:50:09.268,8.15409,8.15514,1.00,1.00
2017.11.07 09:50:10.258,8.15409,8.15522,1.00,1.00
2017.11.07 09:50:10.548,8.15423,8.15526,1.00,1.00
2017.11.07 09:50:13.154,8.15423,8.15537,1.00,1.00
2017.11.07 09:50:14.371,8.15442,8.15551,1.00,1.00
2017.11.07 09:50:14.685,8.15442,8.15557,1.00,1.00
2017.11.07 09:50:14.736,8.15456,8.15561,1.00,1.00
2017.11.07 09:50:14.787,8.15456,8.15565,1.00,1.00
2017.11.07 09:50:15.311,8.15456,8.15561,1.00,1.00
2017.11.07 09:50:17.530,8.15443,8.15556,1.00,1.50
2017.11.07 09:50:17.581,8.15443,8.15554,1.00,1.00
2017.11.07 09:50:17.749,8.15443,8.15556,1.00,1.00
2017.11.07 09:50:17.851,8.15456,8.15559,1.00,1.00
2017.11.07 09:50:18.576,8.15456,8.15564,1.00,1.00
2017.11.07 09:50:18.628,8.15456,8.15571,1.00,1.00
2017.11.07 09:50:18.679,8.15471,8.15575,1.00,1.00
2017.11.07 09:50:19.535,8.15471,8.15584,1.00,1.00
2017.11.07 09:50:25.787,8.15471,8.15583,1.00,1.00
2017.11.07 09:50:26.290,8.15471,8.15584,1.00,1.00
2017.11.07 09:50:28.797,8.15471,8.15582,1.00,1.00
2017.11.07 09:50:29.630,8.15471,8.15584,1.00,1.00
2017.11.07 09:50:30.073,8.15482,8.15588,1.00,1.00
2017.11.07 09:50:30.447,8.15482,8.15595,1.00,1.00
2017.11.07 09:50:32.092,8.15482,8.15593,1.00,1.00
2017.11.07 09:50:32.758,8.15482,8.15591,1.00,1.00
2017.11.07 09:50:33.296,8.1547,8.15582,1.00,1.00
2017.11.07 09:50:33.401,8.1547,8.15575,1.00,1.00
2017.11.07 09:50:35.438,8.1547,8.15571,1.00,1.00
2017.11.07 09:50:35.744,8.1547,8.15542,1.00,1.00
2017.11.07 09:50:35.795,8.15436,8.15528,1.00,1.00
2017.11.07 09:50:37.474,8.15436,8.15532,1.00,1.00
2017.11.07 09:50:39.588,8.15436,8.15529,1.00,1.00
2017.11.07 09:50:40.323,8.15436,8.15527,1.00,1.00
2017.11.07 09:50:50.999,8.15414,8.15521,1.00,1.00
2017.11.07 09:50:51.050,8.15414,8.15508,1.00,1.00
2017.11.07 09:50:51.101,8.15414,8.1551,1.00,1.00
2017.11.07 09:50:51.304,8.15397,8.15497,1.00,1.00
2017.11.07 09:50:51.406,8.15397,8.15486,1.00,1.00
2017.11.07 09:50:52.224,8.15368,8.15473,1.00,1.00
2017.11.07 09:50:52.484,8.15368,8.15463,1.00,1.00
2017.11.07 09:50:52.801,8.15368,8.15452,1.00,1.00
2017.11.07 09:50:53.354,8.15344,8.15452,1.00,1.00
2017.11.07 09:50:53.405,8.15344,8.15442,1.00,1.00
2017.11.07 09:50:53.659,8.1533,8.1543,1.00,1.00
2017.11.07 09:50:53.761,8.1533,8.15421,1.00,1.00
2017.11.07 09:50:53.915,8.15298,8.15397,1.00,1.00
2017.11.07 09:50:53.967,8.15298,8.15402,1.00,1.00
2017.11.07 09:50:54.120,8.15298,8.15372,1.00,1.00
2017.11.07 09:50:54.221,8.15298,8.15396,1.00,1.00
2017.11.07 09:50:54.323,8.15298,8.15388,1.00,1.00
2017.11.07 09:50:54.374,8.15283,8.15375,1.00,1.00
2017.11.07 09:50:54.638,8.15283,8.15392,1.00,1.00
2017.11.07 09:50:54.689,8.15283,8.15381,1.00,1.00
2017.11.07 09:50:55.351,8.15283,8.15379,1.00,1.00
2017.11.07 09:50:57.113,8.15283,8.15398,1.00,1.00
2017.11.07 09:50:57.214,8.15305,8.15406,1.00,1.00
2017.11.07 09:50:57.549,8.15326,8.15422,1.00,1.00
2017.11.07 09:50:57.919,8.15326,8.1543,1.00,1.00
2017.11.07 09:50:58.059,8.15326,8.1542,1.00,1.00
2017.11.07 09:50:58.412,8.15326,8.15409,1.00,1.00
2017.11.07 09:50:58.877,8.15307,8.15409,1.00,1.00
2017.11.07 09:50:59.529,8.15307,8.15411,1.00,1.00
2017.11.07 09:51:00.018,8.15307,8.15422,1.00,1.00
2017.11.07 09:51:00.192,8.15328,8.15439,1.00,1.00
2017.11.07 09:51:00.327,8.15328,8.15443,1.00,1.50
2017.11.07 09:51:04.502,8.15348,8.15454,1.00,1.00
2017.11.07 09:51:08.827,8.15351,8.1546,1.00,1.00
2017.11.07 09:51:08.878,8.15362,8.1546,1.00,1.00
2017.11.07 09:51:08.929,8.1538,8.15489,1.00,1.00
2017.11.07 09:51:09.031,8.15398,8.15513,1.00,1.00
2017.11.07 09:51:09.133,8.15411,8.15504,1.00,1.00
2017.11.07 09:51:09.185,8.15411,8.15523,1.00,1.00
2017.11.07 09:51:09.237,8.15427,8.1554,1.00,1.00
2017.11.07 09:51:09.339,8.15447,8.1555,1.00,1.00
2017.11.07 09:51:09.441,8.15447,8.1556,1.00,1.00
2017.11.07 09:51:09.594,8.15464,8.15569,1.00,1.00
2017.11.07 09:51:09.645,8.15464,8.15579,1.00,1.50
2017.11.07 09:51:09.848,8.15464,8.15577,1.00,1.00
2017.11.07 09:51:09.899,8.15464,8.15579,1.00,1.00
2017.11.07 09:51:10.107,8.15476,8.15591,1.00,1.00
2017.11.07 09:51:10.663,8.15495,8.15597,1.00,1.00
2017.11.07 09:51:11.037,8.15495,8.15606,1.00,1.00
2017.11.07 09:51:12.190,8.15513,8.15606,1.00,1.00
2017.11.07 09:51:12.761,8.15513,8.15615,1.00,1.00
2017.11.07 09:51:12.996,8.15513,8.15627,1.00,1.00
2017.11.07 09:51:13.098,8.15519,8.15628,1.00,1.00
2017.11.07 09:51:13.251,8.15539,8.15654,1.00,1.00
2017.11.07 09:51:13.352,8.15553,8.15658,1.00,1.00
2017.11.07 09:51:13.454,8.15553,8.15666,1.00,1.00
2017.11.07 09:51:13.505,8.15553,8.15668,1.00,1.00
2017.11.07 09:51:13.607,8.15573,8.15676,1.00,1.00
2017.11.07 09:51:14.970,8.15573,8.15686,1.00,1.50
2017.11.07 09:51:15.139,8.15587,8.15686,1.00,1.00
2017.11.07 09:51:16.201,8.15587,8.15695,1.00,1.00
2017.11.07 09:51:16.667,8.15587,8.15693,1.00,1.00
2017.11.07 09:51:18.947,8.15604,8.15715,1.00,1.00
2017.11.07 09:51:19.049,8.15604,8.15717,1.00,1.00
2017.11.07 09:51:19.560,8.15621,8.15723,1.00,1.00
2017.11.07 09:51:20.277,8.15621,8.15733,1.00,1.00
2017.11.07 09:51:20.997,8.15637,8.15742,1.00,1.00
2017.11.07 09:51:25.412,8.15637,8.15747,1.00,1.00
2017.11.07 09:51:29.327,8.15652,8.15758,1.00,1.00
2017.11.07 09:51:29.379,8.15652,8.15763,1.00,1.00
2017.11.07 09:51:29.532,8.15666,8.15764,1.00,1.00
2017.11.07 09:51:30.502,8.15666,8.15773,1.00,1.00
2017.11.07 09:51:30.553,8.15666,8.15778,1.00,1.00
2017.11.07 09:51:30.771,8.15666,8.15781,1.00,1.00
2017.11.07 09:51:30.822,8.15694,8.15781,1.00,1.00
2017.11.07 09:51:30.924,8.15727,8.15842,1.00,1.00
2017.11.07 09:51:31.026,8.1573,8.15842,1.00,1.00
2017.11.07 09:51:31.127,8.15753,8.15866,1.00,1.50
2017.11.07 09:51:31.428,8.15766,8.15867,1.00,1.00
2017.11.07 09:51:32.242,8.15766,8.15876,1.00,1.00
2017.11.07 09:51:45.311,8.15755,8.15868,1.00,1.00
2017.11.07 09:51:48.009,8.1577,8.15872,1.00,1.00
2017.11.07 09:51:48.442,8.1577,8.15882,1.00,1.00
2017.11.07 09:51:49.741,8.15784,8.15884,1.00,1.00
2017.11.07 09:51:49.843,8.15798,8.15913,1.00,1.00
2017.11.07 09:51:50.830,8.15813,8.15926,1.00,1.00
2017.11.07 09:51:50.931,8.15826,8.15941,1.00,1.00
2017.11.07 09:51:51.121,8.1584,8.1595,1.00,1.00
2017.11.07 09:51:52.269,8.1584,8.15954,1.00,1.00
2017.11.07 09:51:54.035,8.1584,8.15955,1.00,1.00
2017.11.07 09:51:54.137,8.15845,8.15955,1.00,1.00
2017.11.07 09:51:54.369,8.15859,8.15972,1.00,1.50
2017.11.07 09:51:54.420,8.15859,8.15961,1.00,1.00
2017.11.07 09:51:54.879,8.15859,8.1597,1.00,1.00
2017.11.07 09:51:54.930,8.15859,8.15966,1.00,1.00
2017.11.07 09:51:55.236,8.15859,8.15962,1.00,1.00
2017.11.07 09:51:55.538,8.15859,8.15957,1.00,1.00
2017.11.07 09:51:58.260,8.15839,8.15935,1.00,1.00
2017.11.07 09:51:58.362,8.15823,8.15935,1.00,1.00
2017.11.07 09:51:58.413,8.15823,8.15904,1.00,1.00
2017.11.07 09:51:58.566,8.15805,8.15904,1.00,1.00
2017.11.07 09:51:58.668,8.15789,8.15903,1.00,1.00
2017.11.07 09:51:58.769,8.15778,8.15876,1.00,1.00
2017.11.07 09:51:58.871,8.15764,8.15866,1.00,1.00
2017.11.07 09:51:58.923,8.1575,8.15863,1.00,1.00
2017.11.07 09:51:58.974,8.1575,8.15833,1.00,1.00
2017.11.07 09:51:59.025,8.15733,8.15833,1.00,1.00
2017.11.07 09:51:59.128,8.15733,8.15821,1.00,1.00
2017.11.07 09:51:59.229,8.15702,8.15791,1.00,1.00
2017.11.07 09:51:59.347,8.15702,8.15803,1.00,1.00
2017.11.07 09:51:59.398,8.15702,8.15801,1.00,1.00
2017.11.07 09:51:59.551,8.15684,8.15787,1.00,1.00
2017.11.07 09:51:59.704,8.15684,8.15799,1.00,1.50
2017.11.07 09:51:59.755,8.15704,8.15775,1.00,1.00
2017.11.07 09:51:59.892,8.15661,8.15757,1.00,1.00
2017.11.07 09:52:01.882,8.15661,8.15763,1.00,1.00
2017.11.07 09:52:01.934,8.15661,8.15775,1.00,1.00
2017.11.07 09:52:02.038,8.15681,8.1578,1.00,1.00
2017.11.07 09:52:02.295,8.15653,8.15754,1.00,1.00
2017.11.07 09:52:03.920,8.15653,8.15753,1.00,1.00
2017.11.07 09:52:04.096,8.15653,8.15751,1.00,1.00
2017.11.07 09:52:04.587,8.15653,8.15744,1.00,1.00
2017.11.07 09:52:04.690,8.15627,8.15738,1.50,1.00
2017.11.07 09:52:04.839,8.15661,8.15739,1.00,1.00
2017.11.07 09:52:04.890,8.15661,8.15746,1.00,1.00
2017.11.07 09:52:04.942,8.15661,8.15741,1.00,1.00
2017.11.07 09:52:05.322,8.15661,8.15737,1.00,1.00
2017.11.07 09:52:05.423,8.15661,8.15741,1.00,1.00
2017.11.07 09:52:08.802,8.15661,8.15751,1.00,1.00
2017.11.07 09:52:09.431,8.15661,8.15752,1.00,1.00
2017.11.07 09:52:09.533,8.15661,8.15766,1.00,1.50
2017.11.07 09:52:09.584,8.15654,8.15766,1.00,1.00
2017.11.07 09:52:09.635,8.15667,8.15775,1.00,1.00
2017.11.07 09:52:10.028,8.15673,8.15775,1.00,1.00
2017.11.07 09:52:10.452,8.15673,8.15771,1.00,1.00
2017.11.07 09:52:17.333,8.15673,8.15773,1.00,1.00
2017.11.07 09:52:17.968,8.15673,8.15776,1.00,1.00
2017.11.07 09:52:19.122,8.15673,8.15757,1.00,1.00
2017.11.07 09:52:20.108,8.15673,8.15748,1.00,1.00
2017.11.07 09:52:20.631,8.15673,8.15745,1.00,1.00
2017.11.07 09:52:20.682,8.15625,8.15736,1.00,1.00
2017.11.07 09:52:20.834,8.15648,8.15736,1.00,1.00
2017.11.07 09:52:20.885,8.15648,8.1574,1.00,1.00
2017.11.07 09:52:20.987,8.15648,8.15745,1.00,1.00
2017.11.07 09:52:21.474,8.15659,8.15745,1.00,1.00
2017.11.07 09:52:24.629,8.15659,8.15751,1.00,1.00
2017.11.07 09:52:24.680,8.15659,8.15747,1.00,1.00
2017.11.07 09:52:25.532,8.15659,8.15754,1.00,1.00
2017.11.07 09:52:32.362,8.15659,8.15753,1.00,1.00
2017.11.07 09:52:34.997,8.15659,8.1577,1.00,1.00
2017.11.07 09:52:38.822,8.15664,8.1577,1.00,1.00
2017.11.07 09:52:39.127,8.15636,8.15729,1.00,1.00
2017.11.07 09:52:39.382,8.15632,8.15731,1.00,1.00
2017.11.07 09:52:39.658,8.15635,8.15731,1.00,1.00
2017.11.07 09:52:40.563,8.15635,8.1573,1.00,1.00
2017.11.07 09:52:43.080,8.15635,8.15726,1.00,1.00
2017.11.07 09:52:45.519,8.15632,8.15714,1.00,1.00
2017.11.07 09:52:45.571,8.15614,8.15706,1.00,1.00
2017.11.07 09:52:45.785,8.15614,8.15701,1.00,1.00
2017.11.07 09:52:46.100,8.15614,8.15697,1.00,1.00
2017.11.07 09:52:47.393,8.15614,8.15698,1.00,1.00
2017.11.07 09:52:48.957,8.15614,8.1572,1.00,1.00
2017.11.07 09:52:51.645,8.15614,8.15715,1.00,1.00
2017.11.07 09:52:52.303,8.15599,8.15714,1.00,1.00
2017.11.07 09:52:52.985,8.15599,8.15712,1.00,1.00
2017.11.07 09:52:54.025,8.15598,8.15679,1.00,1.00
2017.11.07 09:52:54.127,8.15586,8.15668,1.00,1.00
2017.11.07 09:52:54.229,8.15586,8.15675,1.00,1.00
2017.11.07 09:52:54.330,8.15586,8.15698,1.00,1.00
2017.11.07 09:52:54.432,8.15601,8.15711,1.00,1.00
2017.11.07 09:52:55.574,8.15601,8.15688,1.00,1.00
2017.11.07 09:52:55.726,8.1558,8.15688,1.00,1.00
2017.11.07 09:52:55.849,8.15597,8.15669,1.00,1.00
2017.11.07 09:52:55.950,8.15571,8.15669,1.00,1.00
2017.11.07 09:52:56.052,8.15571,8.15644,1.00,1.00
2017.11.07 09:52:56.103,8.15571,8.15653,1.00,1.00
2017.11.07 09:52:56.255,8.15557,8.15653,1.00,1.00
2017.11.07 09:52:56.306,8.15548,8.15628,1.00,1.00
2017.11.07 09:52:56.408,8.15548,8.15639,1.00,1.00
2017.11.07 09:52:56.460,8.15534,8.15636,1.00,1.00
2017.11.07 09:52:56.714,8.15534,8.15648,1.00,1.00
2017.11.07 09:52:56.765,8.15561,8.15654,1.00,1.00
2017.11.07 09:52:57.619,8.15561,8.15664,1.00,1.00
2017.11.07 09:52:57.731,8.15577,8.15664,1.00,1.00
2017.11.07 09:52:58.118,8.15577,8.15673,1.00,1.00
2017.11.07 09:53:00.571,8.15563,8.15652,1.00,1.00
2017.11.07 09:53:00.622,8.15563,8.15657,1.00,1.00
2017.11.07 09:53:00.673,8.15563,8.1567,1.00,1.00
2017.11.07 09:53:00.775,8.1558,8.15665,1.00,1.00
2017.11.07 09:53:00.826,8.1558,8.15667,1.00,1.00
2017.11.07 09:53:02.396,8.1558,8.15674,1.00,1.00
2017.11.07 09:53:03.058,8.1558,8.15673,1.00,1.00
2017.11.07 09:53:03.917,8.1558,8.15676,1.00,1.00
2017.11.07 09:53:04.171,8.1558,8.15673,1.00,1.00
2017.11.07 09:53:05.821,8.1558,8.15672,1.00,1.00
2017.11.07 09:53:07.662,8.1558,8.15674,1.00,1.00
2017.11.07 09:53:10.604,8.1558,8.15672,1.00,1.00
2017.11.07 09:53:15.134,8.1558,8.1568,1.00,1.00
2017.11.07 09:53:15.185,8.1558,8.15642,1.00,1.00
2017.11.07 09:53:15.236,8.15537,8.15642,1.00,1.50
2017.11.07 09:53:15.287,8.15537,8.15632,1.00,1.00
2017.11.07 09:53:15.338,8.15518,8.15623,1.00,1.00
2017.11.07 09:53:15.389,8.15518,8.15612,1.00,1.00
2017.11.07 09:53:15.440,8.15505,8.15604,1.00,1.00
2017.11.07 09:53:15.737,8.15505,8.1559,1.00,1.00
2017.11.07 09:53:15.838,8.15485,8.1558,1.00,1.00
2017.11.07 09:53:15.889,8.15485,8.1559,1.00,1.00
2017.11.07 09:53:15.941,8.15485,8.15574,1.00,1.00
2017.11.07 09:53:16.042,8.15468,8.15575,1.00,1.00
2017.11.07 09:53:16.169,8.15468,8.15551,1.00,2.25
2017.11.07 09:53:16.220,8.15445,8.15538,1.00,1.00
2017.11.07 09:53:16.373,8.15445,8.15527,1.00,1.00
2017.11.07 09:53:16.424,8.15421,8.15515,1.00,1.00
2017.11.07 09:53:16.526,8.15409,8.15515,1.00,1.00
2017.11.07 09:53:16.628,8.15409,8.15523,1.00,1.00
2017.11.07 09:53:16.730,8.1544,8.1553,1.00,1.00
2017.11.07 09:53:17.402,8.1544,8.15533,1.00,1.00
2017.11.07 09:53:18.089,8.1544,8.15531,1.00,1.00
2017.11.07 09:53:23.860,8.1544,8.1553,1.00,1.00
2017.11.07 09:53:25.602,8.1544,8.15532,1.00,1.00
2017.11.07 09:53:25.813,8.1544,8.15542,1.00,1.00
2017.11.07 09:53:25.969,8.15454,8.15555,1.00,1.00
2017.11.07 09:53:26.306,8.15468,8.15555,1.00,1.00
2017.11.07 09:53:26.612,8.15454,8.15532,1.00,1.00
2017.11.07 09:53:28.867,8.15431,8.15511,1.00,1.00
2017.11.07 09:53:28.918,8.15431,8.15508,1.00,1.00
2017.11.07 09:53:28.970,8.1541,8.15506,1.00,1.00
2017.11.07 09:53:32.433,8.1541,8.15507,1.00,1.00
2017.11.07 09:53:32.971,8.1541,8.1549,1.00,1.00
2017.11.07 09:53:33.022,8.15379,8.1549,1.00,1.00
2017.11.07 09:53:33.123,8.15379,8.1547,1.00,1.00
2017.11.07 09:53:33.276,8.15325,8.15437,1.00,1.00
2017.11.07 09:53:33.427,8.15325,8.15421,1.00,1.00
2017.11.07 09:53:33.579,8.15301,8.15416,1.00,1.00
2017.11.07 09:53:33.681,8.15301,8.15409,1.00,1.00
2017.11.07 09:53:33.833,8.15281,8.15395,1.00,1.00
2017.11.07 09:53:33.986,8.15283,8.15395,1.00,1.00
2017.11.07 09:53:35.352,8.15281,8.15395,1.00,1.00
2017.11.07 09:53:35.504,8.15309,8.15394,1.00,1.00
2017.11.07 09:53:35.605,8.15264,8.15367,1.00,1.00
2017.11.07 09:53:35.766,8.15264,8.15363,1.00,1.00
2017.11.07 09:53:35.818,8.15247,8.15361,1.00,1.00
2017.11.07 09:53:36.021,8.15247,8.15334,1.00,1.00
2017.11.07 09:53:36.123,8.15232,8.15336,1.00,1.00
2017.11.07 09:53:36.225,8.15234,8.15341,1.00,1.00
2017.11.07 09:53:36.329,8.15234,8.15315,1.00,1.00
2017.11.07 09:53:36.431,8.15201,8.15314,1.00,1.50
2017.11.07 09:53:36.544,8.15214,8.15323,1.00,1.00
2017.11.07 09:53:36.645,8.15214,8.15329,1.00,1.50
2017.11.07 09:53:37.427,8.15234,8.15336,1.00,1.00
2017.11.07 09:53:37.529,8.15199,8.1531,1.00,1.00
2017.11.07 09:53:38.566,8.15212,8.1531,1.00,1.00
2017.11.07 09:53:38.842,8.15215,8.15316,1.00,1.00
2017.11.07 09:53:39.329,8.15231,8.15339,1.00,1.00
2017.11.07 09:53:39.380,8.15231,8.15345,1.00,1.00
2017.11.07 09:53:39.431,8.15258,8.15363,1.00,1.00
2017.11.07 09:53:39.482,8.15258,8.15373,1.00,1.00
2017.11.07 09:53:39.533,8.15258,8.15365,1.00,1.00
2017.11.07 09:53:39.796,8.15258,8.15373,1.00,1.00
2017.11.07 09:53:39.847,8.15276,8.15391,1.50,1.00
2017.11.07 09:53:40.152,8.15364,8.15478,1.00,1.00
2017.11.07 09:53:40.494,8.15381,8.15479,1.00,1.00
2017.11.07 09:53:40.939,8.15381,8.15491,1.00,1.00
2017.11.07 09:53:41.041,8.15384,8.15496,1.00,1.00
2017.11.07 09:53:41.092,8.1541,8.1551,1.00,1.00
2017.11.07 09:53:42.123,8.1541,8.15521,1.00,1.00
2017.11.07 09:53:42.225,8.15429,8.15532,1.00,1.00
2017.11.07 09:53:42.702,8.15429,8.15541,1.00,1.00
2017.11.07 09:53:43.518,8.15443,8.15551,1.00,1.00
2017.11.07 09:53:44.125,8.15443,8.15556,1.00,1.00
2017.11.07 09:53:44.277,8.15461,8.1557,1.00,1.00
2017.11.07 09:53:47.462,8.15461,8.15576,1.50,1.00
2017.11.07 09:53:48.700,8.15463,8.15576,1.00,1.00
2017.11.07 09:53:48.802,8.15479,8.15594,1.00,1.00
2017.11.07 09:53:48.853,8.15492,8.15594,1.00,1.00
2017.11.07 09:53:48.904,8.1551,8.15618,1.00,1.00
2017.11.07 09:53:48.956,8.1551,8.15621,1.00,1.00
2017.11.07 09:53:49.453,8.1551,8.15612,1.00,1.00
2017.11.07 09:53:49.504,8.15493,8.15606,1.00,1.00
2017.11.07 09:53:50.094,8.15509,8.15606,1.00,1.00
2017.11.07 09:53:51.569,8.15509,8.15594,1.00,1.00
2017.11.07 09:53:51.621,8.15456,8.15562,1.00,1.00
2017.11.07 09:53:51.673,8.15456,8.15559,1.00,1.00
2017.11.07 09:53:51.826,8.15442,8.15549,1.00,1.00
2017.11.07 09:53:51.877,8.15436,8.15543,1.00,1.00
2017.11.07 09:53:52.080,8.15436,8.15545,1.00,1.00
2017.11.07 09:53:52.134,8.15436,8.15549,1.00,1.00
2017.11.07 09:53:52.490,8.15436,8.15545,1.00,1.00
2017.11.07 09:53:52.796,8.15436,8.15539,1.00,1.00
2017.11.07 09:53:53.151,8.15436,8.15533,1.00,1.00
2017.11.07 09:53:53.495,8.15445,8.15534,1.00,1.00
2017.11.07 09:53:54.517,8.15445,8.15543,1.00,1.00
2017.11.07 09:53:55.101,8.15445,8.15541,1.00,1.00
2017.11.07 09:53:55.699,8.15445,8.15542,1.00,1.00
2017.11.07 09:53:55.952,8.15445,8.15547,1.00,1.00
2017.11.07 09:54:00.645,8.15456,8.1555,1.00,1.00
2017.11.07 09:54:00.829,8.15445,8.15546,1.00,1.00
2017.11.07 09:54:00.880,8.15445,8.1555,1.00,1.00
2017.11.07 09:54:00.992,8.15445,8.15554,1.00,1.00
2017.11.07 09:54:01.818,8.15445,8.15553,1.00,1.00
2017.11.07 09:54:02.037,8.15456,8.15559,1.00,1.00
2017.11.07 09:54:02.193,8.15456,8.1557,1.00,1.00
2017.11.07 09:54:02.349,8.15467,8.1557,1.00,1.00
2017.11.07 09:54:02.751,8.15467,8.15561,1.00,1.00
2017.11.07 09:54:03.299,8.15467,8.15562,1.00,1.00
2017.11.07 09:54:09.307,8.15467,8.15551,1.00,1.00
2017.11.07 09:54:10.712,8.15467,8.15552,1.00,1.00
2017.11.07 09:54:12.811,8.15467,8.15554,1.00,1.00
2017.11.07 09:54:12.960,8.15456,8.15543,1.00,1.00
2017.11.07 09:54:13.012,8.15445,8.15539,1.00,1.00
2017.11.07 09:54:13.113,8.15445,8.15543,1.00,1.00
2017.11.07 09:54:13.164,8.15449,8.15548,1.00,1.00
2017.11.07 09:54:13.216,8.15449,8.15551,1.00,1.00
2017.11.07 09:54:13.840,8.15449,8.15535,1.00,1.00
2017.11.07 09:54:14.191,8.15445,8.15528,1.00,1.00
2017.11.07 09:54:17.572,8.15445,8.15532,1.00,1.00
2017.11.07 09:54:17.750,8.15445,8.1553,1.00,1.00
2017.11.07 09:54:21.039,8.15445,8.15525,1.00,1.00
2017.11.07 09:54:21.090,8.15445,8.15527,1.00,1.00
2017.11.07 09:54:21.192,8.15445,8.15517,1.00,1.00
2017.11.07 09:54:21.572,8.15445,8.15526,1.00,1.00
2017.11.07 09:54:22.445,8.15445,8.15514,1.00,1.00
2017.11.07 09:54:22.496,8.15445,8.15524,1.00,1.00
2017.11.07 09:54:22.674,8.15445,8.15519,1.00,1.00
2017.11.07 09:54:23.181,8.15445,8.15523,1.00,1.00
2017.11.07 09:54:23.763,8.15445,8.15519,1.00,1.00
2017.11.07 09:54:23.814,8.15445,8.15527,1.00,1.00
2017.11.07 09:54:23.923,8.15445,8.15522,1.00,1.00
2017.11.07 09:54:24.231,8.15445,8.15519,1.00,1.00
2017.11.07 09:54:24.431,8.15445,8.15527,1.00,1.50
2017.11.07 09:54:28.861,8.15445,8.15541,1.00,1.00
2017.11.07 09:54:34.624,8.15445,8.15539,1.00,1.00
2017.11.07 09:54:34.983,8.15445,8.15536,1.00,1.00
2017.11.07 09:54:35.034,8.15445,8.1554,1.00,1.00
2017.11.07 09:54:36.757,8.15428,8.15532,1.00,1.00
2017.11.07 09:54:36.859,8.15418,8.15524,1.00,1.00
2017.11.07 09:54:36.910,8.15418,8.15522,1.00,1.00
2017.11.07 09:54:37.012,8.15418,8.15524,1.00,1.00
2017.11.07 09:54:37.063,8.15409,8.1548,1.00,1.00
2017.11.07 09:54:37.114,8.15376,8.15474,1.00,1.00
2017.11.07 09:54:37.281,8.15361,8.15475,1.00,1.00
2017.11.07 09:54:37.485,8.15361,8.15472,1.00,1.00
2017.11.07 09:54:37.790,8.15339,8.15439,1.00,1.00
2017.11.07 09:54:37.841,8.15327,8.15439,1.00,1.00
2017.11.07 09:54:39.267,8.15351,8.15439,1.00,1.00
2017.11.07 09:54:39.889,8.15351,8.15434,1.00,1.00
2017.11.07 09:54:40.753,8.15351,8.1544,1.00,1.00
2017.11.07 09:54:43.461,8.15351,8.15437,1.00,1.00
2017.11.07 09:54:47.280,8.15351,8.15431,1.00,1.00
2017.11.07 09:54:48.268,8.15351,8.1543,1.00,1.00
2017.11.07 09:54:48.319,8.15351,8.15435,1.00,1.00
2017.11.07 09:54:50.852,8.15351,8.15431,1.00,1.00
2017.11.07 09:54:51.820,8.15351,8.15425,1.00,1.00
2017.11.07 09:54:51.973,8.15351,8.15427,1.00,1.00
2017.11.07 09:54:53.457,8.15351,8.15416,1.00,1.00
2017.11.07 09:54:55.128,8.15351,8.15418,1.00,1.00
2017.11.07 09:54:55.179,8.15351,8.15424,1.00,1.00
2017.11.07 09:54:55.331,8.15351,8.15428,1.00,1.00
2017.11.07 09:54:55.823,8.15351,8.15434,1.00,1.00
2017.11.07 09:54:59.743,8.15351,8.15429,1.00,1.00
2017.11.07 09:54:59.794,8.15326,8.15414,1.00,1.00
2017.11.07 09:54:59.846,8.15326,8.15427,1.00,1.00
2017.11.07 09:55:02.758,8.15313,8.15427,1.00,1.00
2017.11.07 09:55:03.114,8.15339,8.15436,1.00,1.50
2017.11.07 09:55:03.215,8.15339,8.15442,1.00,1.00
2017.11.07 09:55:06.300,8.15318,8.15426,1.00,1.00
2017.11.07 09:55:06.402,8.15318,8.15424,1.00,1.50
2017.11.07 09:55:06.751,8.15318,8.1543,1.00,1.00
2017.11.07 09:55:06.904,8.15318,8.15425,1.00,1.50
2017.11.07 09:55:07.532,8.15318,8.15424,1.00,1.00
2017.11.07 09:55:07.843,8.15318,8.15414,1.00,1.00
2017.11.07 09:55:09.971,8.15318,8.15425,1.00,1.50
2017.11.07 09:55:10.023,8.15318,8.15429,1.00,1.00
2017.11.07 09:55:10.075,8.15328,8.15433,1.00,1.00
2017.11.07 09:55:10.591,8.15338,8.15443,1.00,1.00
2017.11.07 09:55:12.166,8.15336,8.15443,1.00,1.00
2017.11.07 09:55:12.217,8.1535,8.15461,1.00,1.50
2017.11.07 09:55:12.268,8.1535,8.15464,1.00,1.00
2017.11.07 09:55:12.423,8.15355,8.15464,1.00,1.00
2017.11.07 09:55:14.345,8.15355,8.15451,1.00,1.00
2017.11.07 09:55:14.562,8.15352,8.15451,1.00,1.00
2017.11.07 09:55:14.666,8.15373,8.1547,1.00,1.00
2017.11.07 09:55:14.718,8.15373,8.15473,1.00,1.00
2017.11.07 09:55:14.820,8.15373,8.15458,1.00,1.00
2017.11.07 09:55:15.877,8.15373,8.15471,1.00,1.00
2017.11.07 09:55:16.030,8.15373,8.15481,1.00,1.00
2017.11.07 09:55:16.081,8.15373,8.15471,1.00,1.00
2017.11.07 09:55:16.575,8.15359,8.15464,1.00,1.50
2017.11.07 09:55:16.627,8.15352,8.15443,1.00,1.00
2017.11.07 09:55:18.923,8.15352,8.15457,1.00,1.00
2017.11.07 09:55:18.975,8.15352,8.15465,1.00,1.00
2017.11.07 09:55:19.027,8.15376,8.15465,1.00,1.00
2017.11.07 09:55:19.335,8.15376,8.15478,1.00,1.00
2017.11.07 09:55:19.908,8.15406,8.15496,1.60,1.00
2017.11.07 09:55:20.011,8.15475,8.15576,1.00,1.00
2017.11.07 09:55:20.062,8.15488,8.15581,1.00,1.00
2017.11.07 09:55:20.215,8.15513,8.15628,1.00,1.00
2017.11.07 09:55:20.266,8.15517,8.15628,1.00,1.00
2017.11.07 09:55:20.570,8.15555,8.15658,1.00,1.00
2017.11.07 09:55:20.723,8.15555,8.15661,1.00,1.00
2017.11.07 09:55:20.775,8.15555,8.15654,1.00,1.00
2017.11.07 09:55:20.927,8.15555,8.15664,1.00,1.00
2017.11.07 09:55:21.026,8.15565,8.1567,1.00,1.00
2017.11.07 09:55:21.179,8.15614,8.15726,1.00,1.00
2017.11.07 09:55:21.231,8.15623,8.15726,1.00,1.00
2017.11.07 09:55:21.567,8.15666,8.15762,1.00,1.00
2017.11.07 09:55:21.700,8.15666,8.15768,1.00,1.00
2017.11.07 09:55:21.903,8.15666,8.15772,1.00,1.00
2017.11.07 09:55:21.954,8.15666,8.15761,1.00,1.00
2017.11.07 09:55:22.259,8.15666,8.15755,1.00,1.00
2017.11.07 09:55:22.310,8.15666,8.15763,1.00,1.00
2017.11.07 09:55:22.469,8.15666,8.15758,1.00,1.00
2017.11.07 09:55:22.572,8.15666,8.15763,1.00,1.00
2017.11.07 09:55:22.625,8.15666,8.15757,1.00,1.00
2017.11.07 09:55:22.727,8.15666,8.15762,1.00,1.00
2017.11.07 09:55:22.879,8.15666,8.15778,1.00,1.00
2017.11.07 09:55:22.931,8.15681,8.15782,1.00,1.00
2017.11.07 09:55:23.910,8.15681,8.15792,1.00,1.00
2017.11.07 09:55:23.964,8.15694,8.15791,1.00,1.00
2017.11.07 09:55:24.066,8.15694,8.15795,1.00,1.00
2017.11.07 09:55:24.408,8.15694,8.15804,1.00,1.00
2017.11.07 09:55:24.510,8.15694,8.15794,1.00,1.00
2017.11.07 09:55:24.561,8.15694,8.15803,1.00,1.00
2017.11.07 09:55:24.735,8.1571,8.15803,1.00,1.00
2017.11.07 09:55:25.297,8.15725,8.15822,1.00,1.00
2017.11.07 09:55:25.726,8.15725,8.15827,1.00,1.00
2017.11.07 09:55:25.828,8.15725,8.15822,1.00,1.00
2017.11.07 09:55:25.879,8.15725,8.15836,1.00,1.00
2017.11.07 09:55:26.082,8.15741,8.15841,1.00,1.00
2017.11.07 09:55:26.133,8.15751,8.15856,1.00,1.00
2017.11.07 09:55:26.184,8.15741,8.15856,1.00,1.00
2017.11.07 09:55:26.535,8.15765,8.15867,1.00,1.00
2017.11.07 09:55:26.840,8.15765,8.1586,1.00,1.00
2017.11.07 09:55:26.983,8.15765,8.15873,1.00,1.00
2017.11.07 09:55:27.085,8.15765,8.15866,1.00,1.00
2017.11.07 09:55:27.136,8.15765,8.15873,1.00,1.00
2017.11.07 09:55:27.187,8.15765,8.15868,1.00,1.00
2017.11.07 09:55:27.238,8.15765,8.15872,1.00,1.00
2017.11.07 09:55:27.340,8.15765,8.15866,1.00,1.00
2017.11.07 09:55:27.503,8.15765,8.15871,1.00,1.00
2017.11.07 09:55:27.653,8.15765,8.15865,1.00,1.00
2017.11.07 09:55:27.755,8.15765,8.15873,1.00,1.00
2017.11.07 09:55:27.806,8.15765,8.15867,1.00,1.00
2017.11.07 09:55:28.191,8.15765,8.15879,1.00,1.00
2017.11.07 09:55:28.243,8.15783,8.15886,1.00,1.00
2017.11.07 09:55:28.294,8.15783,8.15897,1.00,1.00
2017.11.07 09:55:28.345,8.15799,8.15903,1.00,1.00
2017.11.07 09:55:28.847,8.15799,8.15904,1.00,1.00
2017.11.07 09:55:29.652,8.15799,8.15914,1.00,1.00
2017.11.07 09:55:29.804,8.15799,8.15912,1.00,1.00
2017.11.07 09:55:30.049,8.15799,8.15914,1.00,1.50
2017.11.07 09:55:30.255,8.15815,8.15914,1.00,1.00
2017.11.07 09:55:30.914,8.15815,8.15923,1.00,1.00
2017.11.07 09:55:31.364,8.15815,8.1593,1.00,1.00
2017.11.07 09:55:31.575,8.15834,8.15943,1.00,1.00
2017.11.07 09:55:32.058,8.15834,8.15939,1.00,1.00
2017.11.07 09:55:32.666,8.15834,8.15944,1.00,1.00
2017.11.07 09:55:33.128,8.15846,8.1595,1.00,1.00
2017.11.07 09:55:33.722,8.15846,8.15951,1.00,1.00
2017.11.07 09:55:34.085,8.15846,8.15946,1.00,1.00
2017.11.07 09:55:34.171,8.15846,8.15949,1.00,1.00
2017.11.07 09:55:34.843,8.15846,8.15948,1.00,1.00
2017.11.07 09:55:35.921,8.15846,8.15953,1.00,1.00
2017.11.07 09:55:36.023,8.15846,8.15944,1.00,1.00
2017.11.07 09:55:36.124,8.15826,8.15935,1.00,1.00
2017.11.07 09:55:36.557,8.15811,8.15925,1.50,1.50
2017.11.07 09:55:37.562,8.15811,8.15922,1.50,1.00
2017.11.07 09:55:40.181,8.15811,8.15921,1.00,1.00
2017.11.07 09:55:40.916,8.15811,8.15918,1.00,1.00
2017.11.07 09:55:41.387,8.15811,8.15906,1.00,1.00
2017.11.07 09:55:41.438,8.15796,8.15906,1.00,1.00
2017.11.07 09:55:41.692,8.15796,8.15889,1.00,1.00
2017.11.07 09:55:41.794,8.15772,8.15867,1.00,1.00
2017.11.07 09:55:41.846,8.15772,8.15857,1.00,1.00
2017.11.07 09:55:41.999,8.15749,8.1585,1.00,1.00
2017.11.07 09:55:42.392,8.15749,8.15857,1.00,1.00
2017.11.07 09:55:42.492,8.15758,8.15857,1.00,1.00
2017.11.07 09:55:42.594,8.15784,8.15899,1.00,1.00
2017.11.07 09:55:42.696,8.1581,8.15913,1.00,1.00
2017.11.07 09:55:42.747,8.1581,8.15923,1.00,1.00
2017.11.07 09:55:42.900,8.15826,8.15928,1.00,1.00
2017.11.07 09:55:43.052,8.1584,8.15951,1.00,1.00
2017.11.07 09:55:43.492,8.1584,8.15943,1.00,1.00
2017.11.07 09:55:43.797,8.15764,8.15868,1.00,1.00
2017.11.07 09:55:43.863,8.15764,8.15865,1.00,1.00
2017.11.07 09:55:44.016,8.15764,8.15871,1.00,1.00
2017.11.07 09:55:44.118,8.15764,8.15865,1.00,1.00
2017.11.07 09:55:44.220,8.15764,8.15871,1.00,1.00
2017.11.07 09:55:44.783,8.15764,8.15872,1.00,1.00
2017.11.07 09:55:44.985,8.15764,8.15863,1.00,1.00
2017.11.07 09:55:45.946,8.15742,8.15839,1.00,1.00
2017.11.07 09:55:45.997,8.15742,8.15843,1.00,1.00
2017.11.07 09:55:46.048,8.15726,8.15837,1.00,1.00
2017.11.07 09:55:46.099,8.15726,8.1584,1.00,1.00
2017.11.07 09:55:46.200,8.15726,8.15828,1.00,1.00
2017.11.07 09:55:46.591,8.15737,8.1584,1.00,1.00
2017.11.07 09:55:46.692,8.15749,8.15859,1.00,1.00
2017.11.07 09:55:46.794,8.15749,8.15861,1.00,1.00
2017.11.07 09:55:46.845,8.15758,8.15861,1.00,1.00
2017.11.07 09:55:47.198,8.15758,8.15859,1.00,1.00
2017.11.07 09:55:47.525,8.15758,8.15861,1.00,1.00
2017.11.07 09:55:47.708,8.15758,8.15864,1.00,1.00
2017.11.07 09:55:48.001,8.15758,8.15862,1.00,1.00
2017.11.07 09:55:48.307,8.15719,8.15813,1.00,1.00
2017.11.07 09:55:48.612,8.15689,8.15782,1.00,1.00
2017.11.07 09:55:48.847,8.15689,8.15794,1.00,1.00
2017.11.07 09:55:48.949,8.15692,8.15804,1.00,1.00
2017.11.07 09:55:49.000,8.15701,8.15804,1.00,1.00
2017.11.07 09:55:49.051,8.15718,8.15832,1.00,1.00
2017.11.07 09:55:49.102,8.15733,8.15832,1.00,1.00
2017.11.07 09:55:49.153,8.15741,8.15853,1.00,1.00
2017.11.07 09:55:49.204,8.15741,8.15856,1.00,1.00
2017.11.07 09:55:49.860,8.15751,8.15856,1.00,1.00
2017.11.07 09:55:50.073,8.15759,8.15867,1.00,1.00
2017.11.07 09:55:50.124,8.15759,8.15863,1.00,1.00
2017.11.07 09:55:50.414,8.15759,8.15868,1.00,1.00
2017.11.07 09:55:50.731,8.15759,8.15866,1.00,1.00
2017.11.07 09:55:51.037,8.15759,8.15854,1.00,1.00
2017.11.07 09:55:51.138,8.15742,8.15854,1.00,1.00
2017.11.07 09:55:51.241,8.15742,8.15857,1.00,1.50
2017.11.07 09:55:51.667,8.15756,8.15856,1.00,1.00
2017.11.07 09:55:51.718,8.15742,8.15856,1.00,1.00
2017.11.07 09:55:52.185,8.15763,8.15859,1.00,1.00
2017.11.07 09:55:52.387,8.1575,8.15859,1.00,1.00
2017.11.07 09:55:54.966,8.1575,8.15842,1.00,1.00
2017.11.07 09:55:55.017,8.15722,8.15836,1.00,1.00
2017.11.07 09:55:55.119,8.15722,8.15832,1.00,1.00
2017.11.07 09:55:55.951,8.1571,8.15819,1.00,1.00
2017.11.07 09:55:56.002,8.1571,8.15825,1.00,1.00
2017.11.07 09:55:56.332,8.15717,8.15825,1.00,1.00
2017.11.07 09:55:56.739,8.1571,8.1579,1.00,1.50
2017.11.07 09:55:56.841,8.15679,8.15791,1.00,1.50
2017.11.07 09:55:57.044,8.15679,8.15772,1.00,1.00
2017.11.07 09:55:57.201,8.15655,8.1577,1.00,2.25
2017.11.07 09:55:57.304,8.15656,8.15748,1.00,1.00
2017.11.07 09:55:57.456,8.15637,8.15745,1.00,1.00
2017.11.07 09:55:57.507,8.15647,8.15752,1.00,1.00
2017.11.07 09:55:57.558,8.15637,8.15752,1.00,1.00
2017.11.07 09:55:57.660,8.15637,8.15749,1.00,1.00
2017.11.07 09:55:58.849,8.1564,8.15749,1.00,1.00
2017.11.07 09:56:00.718,8.1564,8.15746,1.00,1.00
2017.11.07 09:56:01.717,8.1564,8.15737,1.00,1.00
2017.11.07 09:56:02.521,8.1564,8.15741,1.00,1.00
2017.11.07 09:56:02.713,8.1564,8.15752,1.00,1.00
2017.11.07 09:56:02.876,8.15662,8.15762,1.00,1.00
2017.11.07 09:56:02.928,8.15662,8.15766,1.00,1.00
2017.11.07 09:56:03.031,8.15662,8.15761,1.00,1.00
2017.11.07 09:56:03.133,8.15662,8.15767,1.00,1.00
2017.11.07 09:56:03.185,8.15662,8.15762,1.00,1.00
2017.11.07 09:56:03.524,8.15662,8.15766,1.00,1.00
2017.11.07 09:56:04.520,8.15662,8.15762,1.00,1.00
2017.11.07 09:56:04.723,8.15615,8.15728,1.00,1.00
2017.11.07 09:56:04.774,8.15643,8.15738,1.00,1.00
2017.11.07 09:56:04.831,8.15643,8.15742,1.00,1.00
2017.11.07 09:56:05.344,8.15643,8.15743,1.00,1.00
2017.11.07 09:56:05.395,8.15644,8.15757,1.00,1.00
2017.11.07 09:56:05.604,8.15657,8.15765,1.00,1.00
2017.11.07 09:56:07.767,8.15657,8.1576,1.00,1.00
2017.11.07 09:56:07.891,8.15657,8.15765,1.00,1.00
2017.11.07 09:56:08.088,8.15657,8.15759,1.00,1.00
2017.11.07 09:56:08.400,8.15657,8.15766,1.00,1.00
2017.11.07 09:56:08.731,8.15644,8.15756,1.00,1.00
2017.11.07 09:56:14.953,8.15644,8.15734,1.00,1.00
2017.11.07 09:56:15.187,8.15606,8.15721,1.00,1.00
2017.11.07 09:56:15.238,8.15619,8.15721,1.00,1.00
2017.11.07 09:56:20.806,8.1562,8.15733,1.00,1.00
2017.11.07 09:56:20.930,8.1562,8.15735,1.00,1.00
2017.11.07 09:56:21.086,8.1562,8.15733,1.00,1.00
2017.11.07 09:56:21.138,8.1562,8.15735,1.00,1.00
2017.11.07 09:56:21.682,8.15634,8.15749,1.50,1.00
2017.11.07 09:56:22.026,8.15657,8.15767,1.00,1.00
2017.11.07 09:56:22.332,8.15644,8.15744,1.00,1.00
2017.11.07 09:56:22.536,8.15581,8.15683,1.00,1.00
2017.11.07 09:56:22.735,8.15554,8.15658,1.00,1.00
2017.11.07 09:56:22.787,8.15544,8.15658,1.00,1.00
2017.11.07 09:56:22.941,8.15561,8.15658,1.00,1.00
2017.11.07 09:56:22.992,8.1558,8.15695,1.00,1.00
2017.11.07 09:56:23.195,8.15603,8.15706,1.00,1.00
2017.11.07 09:56:23.297,8.15618,8.15732,1.00,1.00
2017.11.07 09:56:23.450,8.15618,8.15728,1.00,1.00
2017.11.07 09:56:23.794,8.15632,8.15728,1.00,1.00
2017.11.07 09:56:24.031,8.15632,8.15737,1.00,1.00
2017.11.07 09:56:24.690,8.15632,8.15743,1.00,1.00
2017.11.07 09:56:25.378,8.15632,8.1574,1.00,1.00
2017.11.07 09:56:25.432,8.15632,8.15743,1.00,1.00
2017.11.07 09:56:25.757,8.15632,8.15746,1.00,1.00
2017.11.07 09:56:25.956,8.15632,8.15743,1.00,1.00
2017.11.07 09:56:27.915,8.15643,8.15743,1.00,1.00
2017.11.07 09:56:28.446,8.15643,8.15751,1.00,1.00
2017.11.07 09:56:28.548,8.15665,8.15754,1.00,1.00
2017.11.07 09:56:28.650,8.15665,8.15759,1.00,1.00
2017.11.07 09:56:28.701,8.15665,8.15754,1.00,1.00
2017.11.07 09:56:29.005,8.15665,8.15758,1.00,1.00
2017.11.07 09:56:29.218,8.15665,8.15779,1.00,1.00
2017.11.07 09:56:31.996,8.1568,8.15774,1.00,1.00
2017.11.07 09:56:32.047,8.1568,8.15793,1.00,1.00
2017.11.07 09:56:32.251,8.15693,8.15808,1.00,1.00
2017.11.07 09:56:32.970,8.15696,8.1581,1.00,1.00
2017.11.07 09:56:33.309,8.1571,8.15824,1.00,1.00
2017.11.07 09:56:33.617,8.15715,8.15824,1.00,1.00
2017.11.07 09:56:33.719,8.1571,8.15825,1.00,1.00
2017.11.07 09:56:33.822,8.15758,8.15858,1.00,1.00
2017.11.07 09:56:33.923,8.15758,8.1587,1.00,1.00
2017.11.07 09:56:33.975,8.15762,8.15871,1.00,1.00
2017.11.07 09:56:34.228,8.158,8.15911,1.00,1.00
2017.11.07 09:56:34.280,8.15818,8.15927,1.00,1.00
2017.11.07 09:56:34.446,8.15823,8.15933,1.00,1.00
2017.11.07 09:56:34.497,8.15837,8.15948,1.00,1.00
2017.11.07 09:56:34.548,8.15843,8.15949,1.00,1.00
2017.11.07 09:56:34.599,8.15853,8.15968,1.00,1.00
2017.11.07 09:56:34.701,8.15871,8.15974,1.00,1.00
2017.11.07 09:56:35.005,8.15856,8.15958,1.00,1.00
2017.11.07 09:56:35.790,8.15856,8.15947,1.00,1.00
2017.11.07 09:56:35.999,8.15856,8.15958,1.00,1.00
2017.11.07 09:56:36.304,8.15871,8.15982,1.00,1.00
2017.11.07 09:56:36.508,8.15887,8.15982,1.00,1.00
2017.11.07 09:56:36.559,8.15887,8.15996,1.00,1.00
2017.11.07 09:56:36.610,8.15887,8.16001,1.00,1.00
2017.11.07 09:56:36.712,8.15901,8.16003,1.00,1.00
2017.11.07 09:56:36.916,8.15901,8.16013,1.00,1.00
2017.11.07 09:56:37.120,8.15901,8.1601,1.00,1.00
2017.11.07 09:56:37.171,8.15901,8.16014,1.00,1.00
2017.11.07 09:56:40.352,8.15901,8.16015,1.00,1.00
2017.11.07 09:56:41.339,8.15901,8.16013,1.00,1.00
2017.11.07 09:56:41.728,8.15913,8.16013,1.00,1.00
2017.11.07 09:56:42.066,8.15913,8.16007,1.00,1.00
2017.11.07 09:56:42.167,8.15913,8.16012,1.00,1.00
2017.11.07 09:56:42.219,8.15913,8.16019,1.00,1.00
2017.11.07 09:56:42.320,8.15913,8.16025,1.00,1.00
2017.11.07 09:56:42.371,8.15913,8.16027,1.00,1.00
2017.11.07 09:56:43.011,8.15947,8.16048,1.00,1.00
2017.11.07 09:56:43.164,8.15931,8.16039,1.00,1.00
2017.11.07 09:56:43.812,8.15931,8.16041,1.00,1.00
2017.11.07 09:56:44.015,8.15933,8.16041,1.00,1.00
2017.11.07 09:56:44.218,8.15933,8.16043,1.00,1.00
2017.11.07 09:56:44.269,8.15947,8.16052,1.00,1.00
2017.11.07 09:56:44.463,8.15947,8.16056,1.00,1.00
2017.11.07 09:56:44.565,8.15947,8.16061,1.00,1.00
2017.11.07 09:56:45.083,8.15961,8.16068,1.00,1.00
2017.11.07 09:56:45.745,8.15977,8.16068,1.00,1.00
2017.11.07 09:56:46.017,8.15977,8.16075,1.00,1.00
2017.11.07 09:56:46.286,8.15977,8.16079,1.00,1.00
2017.11.07 09:56:46.337,8.15977,8.16073,1.00,1.00
2017.11.07 09:56:46.440,8.15975,8.1609,1.00,1.00
2017.11.07 09:56:46.493,8.15994,8.16098,1.00,1.00
2017.11.07 09:56:46.545,8.15994,8.16104,1.00,1.00
2017.11.07 09:56:46.596,8.15994,8.16102,1.00,1.00
2017.11.07 09:56:46.652,8.15996,8.16109,1.00,1.50
2017.11.07 09:56:46.704,8.16017,8.16118,1.00,1.00
2017.11.07 09:56:46.857,8.16017,8.16122,1.00,1.00
2017.11.07 09:56:46.960,8.16042,8.16133,1.00,1.00
2017.11.07 09:56:47.063,8.16042,8.16135,1.00,1.00
2017.11.07 09:56:47.266,8.16042,8.16131,1.00,1.00
2017.11.07 09:56:47.470,8.1602,8.16116,1.00,1.00
2017.11.07 09:56:47.521,8.1602,8.16106,1.00,1.00
2017.11.07 09:56:47.825,8.1602,8.16119,1.00,1.00
2017.11.07 09:56:47.876,8.16032,8.16119,1.00,1.00
2017.11.07 09:56:47.927,8.16032,8.16128,1.00,1.00
2017.11.07 09:56:47.978,8.16032,8.16132,1.00,1.00
2017.11.07 09:56:48.315,8.16032,8.16135,1.00,1.50
2017.11.07 09:56:48.596,8.16035,8.1615,1.00,1.00
2017.11.07 09:56:48.763,8.1607,8.16157,1.00,1.00
2017.11.07 09:56:48.865,8.16049,8.1615,1.00,1.00
2017.11.07 09:56:48.917,8.16049,8.16154,1.00,1.00
2017.11.07 09:56:49.019,8.16049,8.16163,1.00,1.00
2017.11.07 09:56:49.122,8.16064,8.16163,1.00,1.00
2017.11.07 09:56:49.326,8.16064,8.16168,1.00,1.00
2017.11.07 09:56:49.478,8.16064,8.16174,1.00,1.00
2017.11.07 09:56:49.529,8.16079,8.16177,1.00,1.00
2017.11.07 09:56:49.867,8.16079,8.16184,1.00,1.00
2017.11.07 09:56:50.020,8.16079,8.16189,1.00,1.00
2017.11.07 09:56:50.071,8.16079,8.16193,1.00,1.00
2017.11.07 09:56:50.122,8.1609,8.16193,1.00,1.00
2017.11.07 09:56:50.428,8.16104,8.16202,1.00,1.00
2017.11.07 09:56:50.581,8.16104,8.16204,1.00,1.00
2017.11.07 09:56:51.035,8.16104,8.162,1.00,1.00
2017.11.07 09:56:51.191,8.16104,8.1621,1.00,1.00
2017.11.07 09:56:52.121,8.16099,8.16203,1.00,1.00
2017.11.07 09:56:56.579,8.16109,8.16217,1.00,1.00
2017.11.07 09:56:58.286,8.16109,8.16224,1.00,1.00
2017.11.07 09:56:58.388,8.16125,8.16227,1.00,1.00
2017.11.07 09:56:58.490,8.16125,8.16238,1.00,1.00
2017.11.07 09:56:59.076,8.16126,8.16238,1.00,1.00
2017.11.07 09:56:59.285,8.16131,8.16238,1.00,1.00
2017.11.07 09:56:59.755,8.16159,8.16238,1.00,1.00
2017.11.07 09:57:01.301,8.16137,8.16229,1.00,1.00
2017.11.07 09:57:01.354,8.16137,8.16226,1.00,1.00
2017.11.07 09:57:01.914,8.16137,8.16232,1.00,1.00
2017.11.07 09:57:02.879,8.16137,8.16231,1.00,1.00
2017.11.07 09:57:03.535,8.16137,8.1623,1.00,1.00
2017.11.07 09:57:03.637,8.16137,8.16227,1.00,1.00
2017.11.07 09:57:04.404,8.16137,8.16233,1.00,1.00
2017.11.07 09:57:05.967,8.16137,8.16229,1.00,1.00
2017.11.07 09:57:06.221,8.16137,8.16235,1.00,1.00
2017.11.07 09:57:06.525,8.16137,8.16231,1.00,1.00
2017.11.07 09:57:07.224,8.16137,8.16241,1.00,1.00
2017.11.07 09:57:07.276,8.16141,8.16254,1.00,1.00
2017.11.07 09:57:07.428,8.16156,8.16254,1.00,1.00
2017.11.07 09:57:11.631,8.16156,8.16259,1.50,1.00
2017.11.07 09:57:12.242,8.16173,8.16239,1.00,1.00
2017.11.07 09:57:12.446,8.16153,8.16234,1.00,1.00
2017.11.07 09:57:12.497,8.16153,8.16231,1.00,1.00
2017.11.07 09:57:13.133,8.16153,8.1624,1.00,1.00
2017.11.07 09:57:15.457,8.16153,8.16231,1.00,1.00
2017.11.07 09:57:15.559,8.16107,8.1621,1.00,1.50
2017.11.07 09:57:15.711,8.16107,8.16195,1.00,1.00
2017.11.07 09:57:15.762,8.16082,8.16192,1.00,1.00
2017.11.07 09:57:15.965,8.16081,8.16195,1.00,1.00
2017.11.07 09:57:16.067,8.16081,8.16182,1.00,1.00
2017.11.07 09:57:16.322,8.16046,8.16151,1.00,1.00
2017.11.07 09:57:16.442,8.16046,8.16145,1.00,1.00
2017.11.07 09:57:16.595,8.16008,8.16117,1.00,1.00
2017.11.07 09:57:16.747,8.16008,8.1611,1.00,1.00
2017.11.07 09:57:16.952,8.15983,8.16092,1.00,1.00
2017.11.07 09:57:17.055,8.15983,8.16073,1.00,1.00
2017.11.07 09:57:17.106,8.15983,8.16082,1.00,1.00
2017.11.07 09:57:17.209,8.15965,8.1608,1.00,1.00
2017.11.07 09:57:17.260,8.15965,8.1606,1.00,1.00
2017.11.07 09:57:17.311,8.15949,8.1606,1.00,1.00
2017.11.07 09:57:17.882,8.15949,8.16056,1.00,1.00
2017.11.07 09:57:18.245,8.15949,8.16052,1.00,1.00
2017.11.07 09:57:18.561,8.15949,8.16054,1.00,1.00
2017.11.07 09:57:18.923,8.15963,8.16065,1.00,1.00
2017.11.07 09:57:18.975,8.15963,8.16073,1.00,1.00
2017.11.07 09:57:19.027,8.15978,8.16073,1.00,1.00
2017.11.07 09:57:19.079,8.15978,8.16082,1.00,1.00
2017.11.07 09:57:23.858,8.15978,8.16074,1.00,1.00
2017.11.07 09:57:24.356,8.15994,8.16074,1.00,1.00
2017.11.07 09:57:25.039,8.15994,8.16071,1.00,1.00
2017.11.07 09:57:26.126,8.15994,8.16069,1.00,1.00
2017.11.07 09:57:26.227,8.15994,8.16074,1.00,1.00
2017.11.07 09:57:27.461,8.15994,8.16075,1.00,1.00
2017.11.07 09:57:29.867,8.15994,8.1607,1.00,1.00
2017.11.07 09:57:30.481,8.15994,8.16067,1.00,1.00
2017.11.07 09:57:30.867,8.15963,8.16067,1.00,1.00
2017.11.07 09:57:30.919,8.15963,8.16062,1.00,1.00
2017.11.07 09:57:31.230,8.15969,8.16062,1.00,1.00
2017.11.07 09:57:31.433,8.15949,8.16045,1.00,1.00
2017.11.07 09:57:31.637,8.15949,8.1604,1.00,1.00
2017.11.07 09:57:31.942,8.15957,8.16034,1.00,1.00
2017.11.07 09:57:32.146,8.15935,8.16034,1.00,1.00
2017.11.07 09:57:32.493,8.15948,8.16034,1.00,1.00
2017.11.07 09:57:32.956,8.15948,8.16039,1.00,1.00
2017.11.07 09:57:33.591,8.15948,8.16036,1.00,1.00
2017.11.07 09:57:34.544,8.15948,8.16035,1.00,1.00
2017.11.07 09:57:35.306,8.15948,8.16043,1.00,1.00
2017.11.07 09:57:35.931,8.15948,8.16046,1.00,1.00
2017.11.07 09:57:37.904,8.15948,8.16049,1.00,1.00
2017.11.07 09:57:41.169,8.15969,8.16074,1.00,1.00
2017.11.07 09:57:54.481,8.15976,8.16079,1.00,1.50
2017.11.07 09:57:54.860,8.15976,8.1607,1.00,1.00
2017.11.07 09:57:57.617,8.15953,8.16065,1.00,1.00
2017.11.07 09:57:57.718,8.15953,8.16059,1.00,1.00
2017.11.07 09:57:58.048,8.15952,8.16054,1.00,1.00
2017.11.07 09:57:58.451,8.15952,8.16052,1.00,1.00
2017.11.07 09:57:58.841,8.15952,8.16048,1.00,1.00
2017.11.07 09:58:00.338,8.15952,8.16036,1.00,1.00
2017.11.07 09:58:00.938,8.15953,8.16045,1.00,1.00
2017.11.07 09:58:01.455,8.15952,8.16045,1.00,1.00
2017.11.07 09:58:01.506,8.15952,8.16041,1.00,1.00
2017.11.07 09:58:02.395,8.15952,8.16037,1.00,1.00
2017.11.07 09:58:02.967,8.15952,8.16042,1.00,1.00
2017.11.07 09:58:03.100,8.15952,8.16047,1.00,1.00
2017.11.07 09:58:03.252,8.15952,8.16051,1.00,1.00
2017.11.07 09:58:03.303,8.15952,8.16047,1.00,1.00
2017.11.07 09:58:04.955,8.15952,8.16048,1.00,1.00
2017.11.07 09:58:06.136,8.15952,8.1604,1.00,1.00
2017.11.07 09:58:06.341,8.15952,8.16047,1.00,1.00
2017.11.07 09:58:06.443,8.15952,8.16042,1.00,1.00
2017.11.07 09:58:07.081,8.15952,8.16048,1.00,1.00
2017.11.07 09:58:07.133,8.15952,8.16045,1.00,1.00
2017.11.07 09:58:07.285,8.15952,8.1605,1.00,1.00
2017.11.07 09:58:10.070,8.15952,8.16052,1.00,1.00
2017.11.07 09:58:10.121,8.15954,8.1606,1.00,1.00
2017.11.07 09:58:10.296,8.15968,8.16068,1.00,1.00
2017.11.07 09:58:10.347,8.15968,8.16077,1.00,1.25
2017.11.07 09:58:11.071,8.15968,8.16082,1.50,1.56
2017.11.07 09:58:11.338,8.15968,8.16053,1.50,1.19
2017.11.07 09:58:11.440,8.15929,8.16022,1.00,1.00
2017.11.07 09:58:11.643,8.15911,8.16022,1.00,1.00
2017.11.07 09:58:11.745,8.15911,8.16025,1.00,1.50
2017.11.07 09:58:11.849,8.15938,8.16025,1.00,1.00
2017.11.07 09:58:12.153,8.15956,8.16025,1.00,1.00
2017.11.07 09:58:12.435,8.15933,8.16025,1.00,1.00
2017.11.07 09:58:13.054,8.15933,8.16034,1.00,1.00
2017.11.07 09:58:13.156,8.15933,8.16039,1.00,1.00
2017.11.07 09:58:13.533,8.15944,8.16041,1.00,1.00
2017.11.07 09:58:13.898,8.15944,8.16034,1.00,1.00
2017.11.07 09:58:14.050,8.15933,8.16034,1.00,1.00
2017.11.07 09:58:14.102,8.15933,8.16037,1.00,1.00
2017.11.07 09:58:14.204,8.15948,8.1605,1.00,1.00
2017.11.07 09:58:14.329,8.15934,8.16046,1.00,1.00
2017.11.07 09:58:14.381,8.15933,8.16035,1.00,1.00
2017.11.07 09:58:14.483,8.15934,8.16047,1.00,1.00
2017.11.07 09:58:14.534,8.15934,8.16049,1.00,1.00
2017.11.07 09:58:14.788,8.1595,8.16051,1.00,1.00
2017.11.07 09:58:15.092,8.15954,8.16055,1.00,1.00
2017.11.07 09:58:16.648,8.15954,8.1605,1.00,1.00
2017.11.07 09:58:16.933,8.15954,8.16057,1.00,1.00
2017.11.07 09:58:18.093,8.15954,8.16064,1.00,1.00
2017.11.07 09:58:18.852,8.15974,8.16064,1.00,1.00
2017.11.07 09:58:19.444,8.15974,8.16065,1.00,1.50
2017.11.07 09:58:19.898,8.15998,8.16065,1.00,1.00
2017.11.07 09:58:20.202,8.15998,8.16062,1.00,1.00
2017.11.07 09:58:21.621,8.15998,8.16065,1.00,1.00
2017.11.07 09:58:22.339,8.15998,8.16066,1.00,1.00
2017.11.07 09:58:22.441,8.15998,8.16058,1.00,1.00
2017.11.07 09:58:22.781,8.15977,8.16053,1.00,1.00
2017.11.07 09:58:23.288,8.15977,8.16058,1.00,1.00
2017.11.07 09:58:23.390,8.15997,8.16058,1.00,1.00
2017.11.07 09:58:24.453,8.15947,8.16056,1.00,1.00
2017.11.07 09:58:24.504,8.15922,8.16023,1.00,1.00
2017.11.07 09:58:24.555,8.15909,8.16023,1.00,1.00
2017.11.07 09:58:24.608,8.15932,8.1604,1.00,1.00
2017.11.07 09:58:25.137,8.15965,8.1604,1.00,1.00
2017.11.07 09:58:25.487,8.15965,8.16054,1.00,1.00
2017.11.07 09:58:25.589,8.15965,8.16052,1.00,1.00
2017.11.07 09:58:26.544,8.15965,8.16051,1.00,1.00
2017.11.07 09:58:27.371,8.15965,8.16048,1.00,1.00
2017.11.07 09:58:27.931,8.15965,8.16046,1.00,1.00
2017.11.07 09:58:28.060,8.15965,8.1605,1.00,1.00
2017.11.07 09:58:33.588,8.15965,8.16017,1.00,1.00
2017.11.07 09:58:33.934,8.15965,8.16005,1.00,1.00
2017.11.07 09:58:35.760,8.15965,8.16002,1.00,1.00
2017.11.07 09:58:35.811,8.15903,8.15986,1.00,1.00
2017.11.07 09:58:35.863,8.15903,8.15974,1.00,1.00
2017.11.07 09:58:36.167,8.15928,8.15974,1.00,1.00
2017.11.07 09:58:36.563,8.15928,8.15978,1.00,1.00
2017.11.07 09:58:39.073,8.15928,8.15973,1.00,1.00
2017.11.07 09:58:39.276,8.1588,8.15958,1.00,1.00
2017.11.07 09:58:39.328,8.1588,8.1595,1.00,1.00
2017.11.07 09:58:39.548,8.15843,8.15939,1.00,1.00
2017.11.07 09:58:39.599,8.15843,8.15934,1.00,1.00
2017.11.07 09:58:39.700,8.15843,8.15939,1.00,1.00
2017.11.07 09:58:39.802,8.15843,8.15942,1.00,1.00
2017.11.07 09:58:40.028,8.15843,8.15951,1.00,1.00
2017.11.07 09:58:40.290,8.15863,8.15951,1.00,1.00
2017.11.07 09:58:40.603,8.15885,8.15949,1.00,1.00
2017.11.07 09:58:41.033,8.15885,8.15954,1.00,1.00
2017.11.07 09:58:43.597,8.15885,8.15947,1.00,1.00
2017.11.07 09:58:43.648,8.15885,8.15951,1.00,1.00
2017.11.07 09:58:43.699,8.15885,8.15948,1.00,1.00
2017.11.07 09:58:43.750,8.15885,8.15952,1.00,1.00
2017.11.07 09:58:43.802,8.15885,8.15948,1.00,1.00
2017.11.07 09:58:45.274,8.15885,8.15946,1.00,1.00
2017.11.07 09:58:45.796,8.15885,8.15945,1.00,1.00
2017.11.07 09:58:46.089,8.15885,8.15949,1.00,1.00
2017.11.07 09:58:48.106,8.15885,8.15956,1.00,1.50
2017.11.07 09:58:48.791,8.15885,8.15954,1.00,1.00
2017.11.07 09:58:49.656,8.15885,8.15956,1.00,1.00
2017.11.07 09:58:55.673,8.15885,8.15954,1.00,1.00
2017.11.07 09:58:56.256,8.15885,8.15951,1.00,1.00
2017.11.07 09:58:58.998,8.15885,8.15955,1.00,1.00
2017.11.07 09:58:59.099,8.15885,8.1596,1.00,1.00
2017.11.07 09:58:59.263,8.15885,8.15963,1.00,1.00
2017.11.07 09:58:59.548,8.15886,8.15975,1.00,1.00
2017.11.07 09:58:59.840,8.15913,8.15975,1.00,1.00
2017.11.07 09:59:03.469,8.15913,8.15986,1.00,1.00
2017.11.07 09:59:03.773,8.15913,8.15984,1.00,1.00
2017.11.07 09:59:06.922,8.15913,8.1599,1.00,1.00
2017.11.07 09:59:07.023,8.15913,8.15994,1.00,1.00
2017.11.07 09:59:09.360,8.15913,8.16012,1.00,1.00
2017.11.07 09:59:09.412,8.15925,8.16023,1.00,1.00
2017.11.07 09:59:09.716,8.15951,8.16023,1.00,1.00
2017.11.07 09:59:11.286,8.15951,8.16026,1.00,1.50
2017.11.07 09:59:12.292,8.15951,8.1601,1.00,1.00
2017.11.07 09:59:12.596,8.15951,8.15997,1.00,1.00
2017.11.07 09:59:12.917,8.15951,8.16009,1.00,1.00
2017.11.07 09:59:13.470,8.15951,8.16011,1.00,1.00
2017.11.07 09:59:16.036,8.15951,8.16004,1.00,1.00
2017.11.07 09:59:18.125,8.15924,8.16002,1.00,1.00
2017.11.07 09:59:18.278,8.15924,8.16012,1.00,1.00
2017.11.07 09:59:18.329,8.15897,8.15982,1.00,1.00
2017.11.07 09:59:18.380,8.15872,8.15971,1.00,1.00
2017.11.07 09:59:18.533,8.15872,8.15962,1.00,1.00
2017.11.07 09:59:18.635,8.15848,8.1594,1.00,1.00
2017.11.07 09:59:18.889,8.15848,8.15928,1.00,1.00
2017.11.07 09:59:19.491,8.15848,8.15929,1.00,1.00
2017.11.07 09:59:19.594,8.15832,8.15929,1.00,1.00
2017.11.07 09:59:19.848,8.15836,8.15929,1.00,1.00
2017.11.07 09:59:20.343,8.15865,8.15929,1.00,1.00
2017.11.07 09:59:20.977,8.15865,8.15943,1.00,1.00
2017.11.07 09:59:21.029,8.15865,8.15937,1.00,1.00
2017.11.07 09:59:21.080,8.15865,8.15945,1.00,1.00
2017.11.07 09:59:21.132,8.15865,8.15941,1.00,1.00
2017.11.07 09:59:21.911,8.15865,8.1594,1.00,1.00
2017.11.07 09:59:25.705,8.15865,8.15943,1.00,1.00
2017.11.07 09:59:26.126,8.15865,8.15954,1.00,1.00
2017.11.07 09:59:26.177,8.15885,8.15959,1.00,1.00
2017.11.07 09:59:26.279,8.15885,8.15968,1.00,1.00
2017.11.07 09:59:26.330,8.15885,8.15966,1.00,1.00
2017.11.07 09:59:26.636,8.15885,8.15956,1.00,1.00
2017.11.07 09:59:27.427,8.15885,8.15948,1.00,1.00
2017.11.07 09:59:27.479,8.15867,8.15938,1.00,1.00
2017.11.07 09:59:29.534,8.15867,8.15947,1.00,1.00
2017.11.07 09:59:30.100,8.15867,8.1594,1.00,1.00
2017.11.07 09:59:30.429,8.15867,8.15937,1.00,1.00
2017.11.07 09:59:31.328,8.15867,8.15932,1.00,1.00
2017.11.07 09:59:31.513,8.15867,8.1594,1.00,1.00
2017.11.07 09:59:34.942,8.15867,8.15954,1.00,1.00
2017.11.07 09:59:36.560,8.15888,8.15972,1.00,1.00
2017.11.07 09:59:38.156,8.15888,8.15982,1.00,1.00
2017.11.07 09:59:38.309,8.15888,8.15977,1.00,1.00
2017.11.07 09:59:38.562,8.15888,8.15981,1.00,1.00
2017.11.07 09:59:39.080,8.15888,8.15982,1.00,1.00
2017.11.07 09:59:40.674,8.15888,8.15985,1.00,1.00
2017.11.07 09:59:40.959,8.15888,8.15988,1.00,1.00
2017.11.07 09:59:41.062,8.15888,8.15993,1.00,1.00
2017.11.07 09:59:41.780,8.15888,8.15994,1.00,1.00
2017.11.07 09:59:41.882,8.15888,8.15991,1.00,1.00
2017.11.07 09:59:41.941,8.15888,8.15994,1.00,1.00
2017.11.07 09:59:46.021,8.15909,8.15994,1.00,1.00
2017.11.07 09:59:46.072,8.15907,8.16006,1.00,1.00
2017.11.07 09:59:46.123,8.15916,8.1601,1.00,1.00
2017.11.07 09:59:46.932,8.15916,8.16008,1.00,1.00
2017.11.07 09:59:47.551,8.15916,8.16021,1.00,1.00
2017.11.07 09:59:47.789,8.15916,8.16017,1.00,1.00
2017.11.07 09:59:48.863,8.15916,8.1602,1.00,1.00
2017.11.07 09:59:50.028,8.15916,8.16019,1.00,1.00
2017.11.07 09:59:50.227,8.15916,8.16022,1.00,1.00
2017.11.07 09:59:52.327,8.15916,8.16007,1.00,1.00
2017.11.07 09:59:52.378,8.15892,8.16007,1.00,1.00
2017.11.07 09:59:52.531,8.15881,8.15994,1.00,1.00
2017.11.07 09:59:52.634,8.15893,8.16008,1.00,1.00
2017.11.07 09:59:53.117,8.15879,8.15993,1.00,1.00
2017.11.07 09:59:53.639,8.1588,8.15993,1.00,1.00
2017.11.07 09:59:54.528,8.15879,8.15993,1.00,1.00
2017.11.07 09:59:55.262,8.15893,8.16008,1.00,1.00
2017.11.07 09:59:59.497,8.1589,8.15989,1.00,1.00
2017.11.07 09:59:59.548,8.15874,8.15989,1.00,1.50
2017.11.07 09:59:59.599,8.15841,8.15956,1.00,1.00
2017.11.07 09:59:59.915,8.1582,8.15914,1.00,1.00
2017.11.07 09:59:59.966,8.158,8.15909,1.00,1.00
