2015.11.25 15:00:00.044,8.67922,8.68352,1.00,1.00
2015.11.25 15:00:00.094,8.67922,8.68332,1.00,1.00
2015.11.25 15:00:00.499,8.67932,8.68332,1.00,1.00
2015.11.25 15:00:00.873,8.67932,8.68275,1.00,1.00
2015.11.25 15:00:01.176,8.67963,8.68243,1.00,1.00
2015.11.25 15:00:01.679,8.67963,8.68206,1.00,1.00
2015.11.25 15:00:01.785,8.67952,8.6823,1.00,1.00
2015.11.25 15:00:01.886,8.67903,8.6823,1.00,1.00
2015.11.25 15:00:01.988,8.67882,8.68296,1.00,1.00
2015.11.25 15:00:02.089,8.67872,8.68296,1.00,1.00
2015.11.25 15:00:02.139,8.67872,8.68228,1.00,1.00
2015.11.25 15:00:02.754,8.67943,8.68229,1.00,1.00
2015.11.25 15:00:02.806,8.67943,8.6832,1.00,1.00
2015.11.25 15:00:02.872,8.67952,8.6832,1.00,1.00
2015.11.25 15:00:03.023,8.67972,8.68353,1.00,1.00
2015.11.25 15:00:03.074,8.68002,8.68353,1.00,1.00
2015.11.25 15:00:03.125,8.68002,8.68386,1.00,1.00
2015.11.25 15:00:03.176,8.68032,8.68386,1.00,1.00
2015.11.25 15:00:03.730,8.68042,8.68386,1.00,1.00
2015.11.25 15:00:03.782,8.68133,8.68543,1.00,1.00
2015.11.25 15:00:03.883,8.68092,8.68543,1.00,1.00
2015.11.25 15:00:03.985,8.68242,8.68576,1.00,1.00
2015.11.25 15:00:04.086,8.68132,8.68542,1.00,1.00
2015.11.25 15:00:04.187,8.68262,8.68542,1.00,1.00
2015.11.25 15:00:05.111,8.68352,8.68542,1.50,1.00
2015.11.25 15:00:05.166,8.68421,8.68783,1.00,2.07
2015.11.25 15:00:05.218,8.68441,8.68773,1.00,1.08
2015.11.25 15:00:05.320,8.68407,8.68772,1.00,1.53
2015.11.25 15:00:05.371,8.68453,8.68772,1.00,1.53
2015.11.25 15:00:05.422,8.68474,8.68974,1.00,1.00
2015.11.25 15:00:05.806,8.68474,8.68968,1.00,1.00
2015.11.25 15:00:06.111,8.68503,8.68988,1.00,1.00
2015.11.25 15:00:06.589,8.68544,8.6892,1.00,1.00
2015.11.25 15:00:06.640,8.6846,8.68897,1.00,1.00
2015.11.25 15:00:06.741,8.6846,8.68954,1.00,1.00
2015.11.25 15:00:06.943,8.68462,8.68932,1.00,1.00
2015.11.25 15:00:07.360,8.68433,8.68761,1.00,1.00
2015.11.25 15:00:07.411,8.68402,8.68761,1.00,1.00
2015.11.25 15:00:07.513,8.68352,8.68761,1.00,1.00
2015.11.25 15:00:07.614,8.68372,8.68761,1.00,1.00
2015.11.25 15:00:07.816,8.68266,8.6872,1.00,1.00
2015.11.25 15:00:07.867,8.683,8.6869,1.00,1.00
2015.11.25 15:00:08.291,8.68322,8.6869,1.00,1.00
2015.11.25 15:00:08.342,8.68332,8.68728,1.00,1.00
2015.11.25 15:00:08.444,8.68332,8.68731,1.00,1.00
2015.11.25 15:00:08.545,8.68322,8.68742,1.00,1.00
2015.11.25 15:00:08.697,8.68322,8.6872,1.00,1.00
2015.11.25 15:00:08.748,8.68312,8.68753,1.00,1.00
2015.11.25 15:00:08.799,8.68312,8.68715,1.00,1.00
2015.11.25 15:00:09.289,8.68312,8.68695,1.00,1.00
2015.11.25 15:00:09.592,8.68352,8.68657,1.00,1.00
2015.11.25 15:00:09.643,8.68362,8.68695,1.00,1.00
2015.11.25 15:00:09.745,8.68352,8.68695,1.00,1.00
2015.11.25 15:00:09.947,8.68322,8.68689,1.00,1.00
2015.11.25 15:00:10.387,8.68362,8.68689,1.00,1.00
2015.11.25 15:00:10.692,8.68362,8.68651,1.00,1.00
2015.11.25 15:00:10.843,8.68282,8.6865,1.00,1.00
2015.11.25 15:00:10.945,8.68272,8.68633,1.00,1.00
2015.11.25 15:00:11.520,8.68282,8.68645,1.00,1.00
2015.11.25 15:00:11.594,8.68296,8.68526,1.00,1.00
2015.11.25 15:00:12.099,8.68296,8.68479,1.00,1.00
2015.11.25 15:00:12.150,8.68232,8.6846,1.00,1.00
2015.11.25 15:00:12.607,8.68243,8.6846,1.00,1.00
2015.11.25 15:00:12.860,8.68272,8.68498,1.00,1.00
2015.11.25 15:00:12.961,8.68268,8.68498,1.00,1.00
2015.11.25 15:00:13.163,8.68282,8.68498,1.00,1.00
2015.11.25 15:00:13.264,8.68301,8.68531,1.00,1.00
2015.11.25 15:00:13.723,8.68342,8.68551,1.00,1.00
2015.11.25 15:00:13.774,8.68342,8.68572,1.00,1.00
2015.11.25 15:00:14.286,8.68397,8.68572,1.00,1.00
2015.11.25 15:00:14.337,8.68416,8.68637,1.00,1.00
2015.11.25 15:00:14.390,8.68416,8.6861,1.00,1.00
2015.11.25 15:00:14.441,8.68383,8.68614,1.00,1.00
2015.11.25 15:00:15.250,8.68346,8.68576,1.00,1.00
2015.11.25 15:00:15.612,8.68346,8.68565,1.00,1.00
2015.11.25 15:00:15.690,8.68346,8.68576,1.00,1.00
2015.11.25 15:00:16.479,8.68346,8.68576,1.75,1.00
2015.11.25 15:00:17.001,8.68346,8.68576,1.75,1.00
2015.11.25 15:00:17.111,8.68346,8.68576,1.37,1.00
2015.11.25 15:00:17.664,8.68262,8.68477,1.75,1.00
2015.11.25 15:00:18.024,8.68255,8.68465,1.75,1.00
2015.11.25 15:00:18.226,8.68242,8.68445,1.37,1.00
2015.11.25 15:00:18.327,8.68252,8.68445,1.37,1.00
2015.11.25 15:00:18.832,8.68252,8.68445,1.75,1.00
2015.11.25 15:00:18.883,8.68263,8.68445,1.37,1.00
2015.11.25 15:00:19.651,8.68265,8.68485,1.37,1.00
2015.11.25 15:00:20.080,8.6831,8.68485,1.00,1.00
2015.11.25 15:00:20.134,8.68331,8.68551,1.37,1.00
2015.11.25 15:00:20.388,8.68331,8.68551,1.07,1.00
2015.11.25 15:00:20.444,8.68331,8.68551,1.75,1.00
2015.11.25 15:00:21.211,8.68331,8.68551,1.75,1.00
2015.11.25 15:00:21.263,8.68371,8.68593,1.75,1.00
2015.11.25 15:00:21.314,8.68392,8.68593,1.75,1.00
2015.11.25 15:00:21.365,8.68412,8.68634,1.07,1.00
2015.11.25 15:00:21.518,8.68412,8.68634,1.75,1.00
2015.11.25 15:00:21.834,8.68412,8.68634,2.25,1.00
2015.11.25 15:00:22.274,8.68527,8.68749,1.00,1.00
2015.11.25 15:00:22.328,8.68527,8.68749,1.07,1.00
2015.11.25 15:00:22.644,8.68527,8.68749,1.75,1.00
2015.11.25 15:00:22.897,8.6856,8.68782,1.07,1.00
2015.11.25 15:00:23.336,8.68642,8.68864,1.75,1.00
2015.11.25 15:00:23.601,8.68642,8.68864,1.07,1.00
2015.11.25 15:00:23.803,8.68642,8.68851,1.07,1.00
2015.11.25 15:00:24.740,8.68642,8.68864,1.75,1.00
2015.11.25 15:00:24.795,8.68759,8.68981,1.75,1.00
2015.11.25 15:00:24.846,8.68759,8.68959,1.00,1.00
2015.11.25 15:00:24.897,8.68718,8.68938,1.37,1.00
2015.11.25 15:00:25.184,8.68758,8.6898,1.00,1.00
2015.11.25 15:00:25.623,8.68758,8.6898,1.37,1.00
2015.11.25 15:00:25.725,8.68758,8.6898,1.07,1.00
2015.11.25 15:00:26.031,8.68758,8.68971,1.00,1.00
2015.11.25 15:00:26.083,8.68729,8.68951,1.00,1.00
2015.11.25 15:00:26.135,8.68742,8.68951,1.00,1.00
2015.11.25 15:00:26.186,8.68762,8.68984,1.00,1.00
2015.11.25 15:00:26.539,8.68811,8.68988,1.00,1.00
2015.11.25 15:00:27.591,8.68854,8.68988,1.07,1.00
2015.11.25 15:00:27.844,8.68854,8.69048,1.37,1.00
2015.11.25 15:00:27.996,8.68854,8.69048,1.75,1.00
2015.11.25 15:00:28.047,8.68854,8.68998,1.75,1.27
2015.11.25 15:00:28.249,8.68854,8.68998,1.37,2.17
2015.11.25 15:00:28.620,8.68854,8.68988,1.00,1.00
2015.11.25 15:00:28.678,8.68803,8.68988,1.37,1.00
2015.11.25 15:00:28.779,8.68793,8.68987,2.25,1.00
2015.11.25 15:00:28.882,8.68792,8.69014,1.75,1.00
2015.11.25 15:00:29.085,8.68792,8.68998,3.15,1.20
2015.11.25 15:00:29.650,8.68792,8.68988,1.37,1.00
2015.11.25 15:00:29.752,8.68777,8.68987,1.75,1.50
2015.11.25 15:00:29.904,8.68762,8.68967,1.75,1.00
2015.11.25 15:00:29.955,8.68762,8.68948,1.75,1.00
2015.11.25 15:00:30.258,8.68772,8.68928,1.07,1.00
2015.11.25 15:00:30.309,8.68772,8.68928,1.07,1.00
2015.11.25 15:00:30.870,8.68782,8.68928,1.37,1.00
2015.11.25 15:00:31.227,8.68792,8.68996,1.50,1.00
2015.11.25 15:00:31.329,8.68792,8.68996,1.42,1.00
2015.11.25 15:00:31.380,8.68792,8.68969,1.42,1.00
2015.11.25 15:00:31.809,8.68792,8.68988,1.00,1.00
2015.11.25 15:00:31.961,8.68782,8.68948,1.00,1.00
2015.11.25 15:00:32.012,8.68774,8.68964,1.00,1.00
2015.11.25 15:00:32.063,8.68774,8.68959,1.00,1.00
2015.11.25 15:00:32.215,8.68752,8.68938,1.00,1.00
2015.11.25 15:00:32.266,8.68752,8.68915,1.00,1.00
2015.11.25 15:00:32.368,8.68722,8.68896,1.00,1.00
2015.11.25 15:00:32.770,8.68722,8.68847,1.00,1.00
2015.11.25 15:00:32.821,8.68662,8.68847,1.37,1.00
2015.11.25 15:00:32.973,8.68632,8.68847,1.37,1.00
2015.11.25 15:00:33.085,8.68652,8.68834,1.07,1.00
2015.11.25 15:00:33.340,8.68643,8.68862,1.75,1.00
2015.11.25 15:00:33.493,8.68643,8.68862,1.75,1.00
2015.11.25 15:00:34.257,8.68642,8.68862,1.07,1.00
2015.11.25 15:00:34.309,8.68608,8.68822,1.75,1.00
2015.11.25 15:00:34.744,8.68607,8.68809,1.75,1.00
2015.11.25 15:00:35.313,8.68604,8.68756,1.07,1.00
2015.11.25 15:00:35.364,8.68571,8.68744,1.37,1.00
2015.11.25 15:00:35.466,8.68547,8.68723,1.75,1.00
2015.11.25 15:00:35.618,8.68523,8.68723,1.75,1.00
2015.11.25 15:00:36.431,8.68508,8.68723,1.75,1.00
2015.11.25 15:00:36.483,8.68503,8.68723,1.75,1.00
2015.11.25 15:00:37.597,8.68528,8.68723,1.37,1.00
2015.11.25 15:00:38.151,8.68532,8.68754,1.37,1.00
2015.11.25 15:00:39.953,8.68527,8.68712,1.37,1.00
2015.11.25 15:00:40.105,8.68477,8.6868,1.75,1.00
2015.11.25 15:00:41.029,8.68472,8.68649,1.37,1.00
2015.11.25 15:00:42.302,8.6851,8.68649,1.00,1.00
2015.11.25 15:00:43.898,8.68491,8.68649,1.00,1.00
2015.11.25 15:00:44.214,8.68454,8.68649,1.37,1.00
2015.11.25 15:00:44.265,8.68485,8.68649,1.00,1.00
2015.11.25 15:00:44.316,8.68451,8.68649,1.37,1.00
2015.11.25 15:00:44.367,8.68451,8.68611,1.37,1.00
2015.11.25 15:00:44.418,8.68451,8.68611,1.00,1.00
2015.11.25 15:00:44.519,8.68411,8.68611,1.00,1.00
2015.11.25 15:00:44.920,8.68411,8.68555,1.00,1.00
2015.11.25 15:00:44.970,8.68413,8.68575,1.00,1.00
2015.11.25 15:00:45.021,8.68413,8.68635,1.00,1.00
2015.11.25 15:00:45.382,8.68446,8.68655,1.00,1.00
2015.11.25 15:00:45.433,8.68446,8.68668,1.00,1.00
2015.11.25 15:00:46.502,8.68446,8.68647,1.00,1.00
2015.11.25 15:00:46.603,8.68446,8.68668,1.00,1.07
2015.11.25 15:00:46.704,8.68388,8.6861,1.00,1.00
2015.11.25 15:00:47.225,8.68368,8.68577,1.00,1.00
2015.11.25 15:00:47.276,8.68355,8.68577,1.00,1.00
2015.11.25 15:00:47.378,8.68335,8.68544,1.00,1.00
2015.11.25 15:00:47.430,8.68323,8.68544,1.00,1.00
2015.11.25 15:00:47.582,8.68304,8.68495,1.00,1.00
2015.11.25 15:00:47.633,8.68273,8.68495,1.00,1.00
2015.11.25 15:00:49.016,8.68356,8.68564,1.00,1.00
2015.11.25 15:00:49.219,8.68356,8.68576,1.00,1.00
2015.11.25 15:00:49.864,8.68356,8.68557,1.00,1.00
2015.11.25 15:00:50.217,8.68356,8.68576,1.00,1.00
2015.11.25 15:00:51.411,8.68356,8.68561,1.00,1.00
2015.11.25 15:00:51.512,8.68356,8.68576,1.00,1.00
2015.11.25 15:00:51.563,8.68356,8.68576,1.00,1.75
2015.11.25 15:00:51.614,8.68335,8.68535,1.00,1.00
2015.11.25 15:00:51.999,8.68315,8.68514,1.00,1.00
2015.11.25 15:00:52.051,8.68273,8.68495,1.00,1.00
2015.11.25 15:00:52.647,8.68273,8.68482,1.00,1.00
2015.11.25 15:00:52.698,8.6824,8.68462,1.07,1.00
2015.11.25 15:00:53.539,8.6824,8.68392,1.00,1.00
2015.11.25 15:00:53.594,8.68151,8.68371,1.00,1.00
2015.11.25 15:00:55.298,8.68208,8.68381,1.00,1.00
2015.11.25 15:00:55.733,8.68208,8.68367,1.00,1.00
2015.11.25 15:00:55.784,8.68125,8.68347,1.00,1.07
2015.11.25 15:00:55.836,8.68175,8.68367,1.00,1.00
2015.11.25 15:00:55.887,8.68175,8.68396,1.00,1.37
2015.11.25 15:00:55.938,8.68207,8.68407,1.00,1.75
2015.11.25 15:00:56.090,8.68207,8.68429,1.00,1.00
2015.11.25 15:00:56.855,8.68207,8.68388,1.00,1.00
2015.11.25 15:00:56.906,8.68146,8.68368,1.75,1.00
2015.11.25 15:00:56.957,8.68151,8.68368,1.00,1.00
2015.11.25 15:00:57.008,8.68146,8.68368,1.07,1.00
2015.11.25 15:00:57.059,8.68168,8.68368,1.00,1.00
2015.11.25 15:00:57.161,8.68187,8.68409,1.00,1.00
2015.11.25 15:00:57.815,8.68265,8.68409,1.00,1.00
2015.11.25 15:00:57.866,8.68285,8.68507,1.00,1.00
2015.11.25 15:00:59.022,8.68236,8.68458,1.00,1.00
2015.11.25 15:01:00.398,8.68245,8.68458,1.00,1.00
2015.11.25 15:01:00.701,8.68298,8.68507,1.00,1.00
2015.11.25 15:01:00.752,8.68266,8.68486,1.00,1.00
2015.11.25 15:01:00.954,8.68266,8.68474,1.00,1.00
2015.11.25 15:01:01.358,8.68266,8.68486,1.00,1.00
2015.11.25 15:01:01.886,8.68266,8.68473,1.00,1.00
2015.11.25 15:01:01.937,8.68232,8.68454,1.00,1.00
2015.11.25 15:01:01.988,8.68232,8.68454,1.00,1.07
2015.11.25 15:01:04.661,8.68232,8.68454,1.00,1.75
2015.11.25 15:01:05.136,8.68225,8.68446,1.00,1.75
2015.11.25 15:01:05.291,8.68225,8.68446,1.00,1.75
2015.11.25 15:01:05.544,8.68205,8.68412,1.00,1.07
2015.11.25 15:01:05.595,8.68193,8.68412,1.00,1.07
2015.11.25 15:01:05.646,8.68193,8.68412,1.00,1.37
2015.11.25 15:01:05.798,8.68143,8.68364,1.00,1.37
2015.11.25 15:01:06.210,8.68143,8.68364,1.00,1.00
2015.11.25 15:01:07.513,8.68143,8.68364,1.00,1.37
2015.11.25 15:01:07.935,8.68143,8.68364,1.00,1.75
2015.11.25 15:01:07.987,8.68108,8.6833,1.00,1.07
2015.11.25 15:01:08.038,8.68108,8.6833,1.00,1.00
2015.11.25 15:01:08.089,8.68108,8.68316,1.00,1.00
2015.11.25 15:01:08.191,8.68076,8.68297,1.00,1.00
2015.11.25 15:01:08.557,8.68092,8.68297,1.00,1.00
2015.11.25 15:01:08.711,8.68076,8.68297,1.00,1.00
2015.11.25 15:01:08.913,8.68076,8.68297,1.00,1.37
2015.11.25 15:01:09.737,8.68076,8.68284,1.00,1.07
2015.11.25 15:01:09.790,8.68038,8.68276,1.00,1.07
2015.11.25 15:01:09.975,8.68047,8.68276,1.00,1.07
2015.11.25 15:01:10.127,8.68067,8.68304,1.00,1.07
2015.11.25 15:01:10.265,8.68111,8.68304,1.00,1.07
2015.11.25 15:01:10.901,8.68156,8.68349,1.00,1.75
2015.11.25 15:01:10.953,8.68177,8.68359,1.00,1.37
2015.11.25 15:01:11.003,8.6821,8.68383,1.00,1.37
2015.11.25 15:01:11.357,8.6821,8.68375,1.00,1.75
2015.11.25 15:01:11.458,8.6821,8.68375,1.00,1.75
2015.11.25 15:01:11.900,8.6821,8.68367,1.00,1.75
2015.11.25 15:01:11.951,8.68168,8.68367,1.00,1.75
2015.11.25 15:01:12.103,8.68168,8.68322,1.00,1.37
2015.11.25 15:01:12.305,8.68094,8.68309,1.00,1.37
2015.11.25 15:01:12.355,8.68094,8.68309,1.00,1.75
2015.11.25 15:01:12.701,8.68105,8.68316,1.00,1.75
2015.11.25 15:01:13.483,8.68193,8.68335,1.00,1.00
2015.11.25 15:01:13.538,8.68193,8.684,1.00,1.75
2015.11.25 15:01:13.909,8.68173,8.68373,1.00,1.07
2015.11.25 15:01:13.960,8.68173,8.6834,1.00,1.00
2015.11.25 15:01:14.586,8.6816,8.6834,1.00,1.07
2015.11.25 15:01:14.638,8.6816,8.6834,1.00,1.50
2015.11.25 15:01:14.951,8.6816,8.68307,1.00,1.00
2015.11.25 15:01:15.002,8.68123,8.68307,1.00,1.00
2015.11.25 15:01:15.053,8.68102,8.68307,1.00,1.00
2015.11.25 15:01:15.104,8.68102,8.68307,1.00,1.37
2015.11.25 15:01:15.666,8.68102,8.68297,1.00,1.75
2015.11.25 15:01:16.040,8.68069,8.68255,1.00,1.12
2015.11.25 15:01:16.192,8.68069,8.68255,1.00,1.75
2015.11.25 15:01:16.344,8.68,8.68221,1.00,1.07
2015.11.25 15:01:16.750,8.68,8.68203,1.00,1.37
2015.11.25 15:01:16.902,8.67967,8.68188,1.00,1.07
2015.11.25 15:01:17.004,8.68007,8.68229,1.00,1.75
2015.11.25 15:01:17.055,8.68007,8.68229,1.00,1.07
2015.11.25 15:01:17.106,8.68098,8.68263,1.00,1.75
2015.11.25 15:01:17.308,8.6817,8.68347,1.00,2.44
2015.11.25 15:01:17.410,8.6817,8.68347,1.00,1.69
2015.11.25 15:01:17.511,8.6817,8.68392,1.00,1.00
2015.11.25 15:01:17.966,8.68317,8.68456,1.37,1.00
2015.11.25 15:01:18.017,8.68337,8.68558,1.07,1.00
2015.11.25 15:01:18.068,8.68355,8.68558,1.75,1.00
2015.11.25 15:01:18.119,8.68404,8.68578,2.25,1.00
2015.11.25 15:01:18.170,8.68404,8.68578,2.25,1.00
2015.11.25 15:01:18.221,8.68455,8.68695,1.75,1.00
2015.11.25 15:01:18.272,8.68455,8.68695,1.00,1.00
2015.11.25 15:01:19.100,8.68455,8.68684,1.00,1.00
2015.11.25 15:01:19.419,8.68455,8.68654,1.00,1.00
2015.11.25 15:01:19.670,8.68455,8.68681,1.00,1.37
2015.11.25 15:01:20.363,8.68455,8.68681,1.00,1.37
2015.11.25 15:01:20.675,8.68411,8.68616,1.00,1.00
2015.11.25 15:01:20.978,8.68351,8.68435,1.00,1.00
2015.11.25 15:01:21.436,8.68322,8.68366,1.69,1.00
2015.11.25 15:01:21.487,8.68188,8.68366,1.00,1.00
2015.11.25 15:01:21.538,8.68162,8.68366,1.00,1.00
2015.11.25 15:01:21.753,8.68162,8.6835,1.00,1.00
2015.11.25 15:01:22.056,8.68162,8.68336,1.00,1.00
2015.11.25 15:01:22.959,8.68113,8.68286,1.00,1.00
2015.11.25 15:01:23.010,8.68113,8.68326,1.00,1.00
2015.11.25 15:01:23.116,8.68113,8.6828,1.00,1.00
2015.11.25 15:01:23.167,8.68081,8.6828,1.00,1.00
2015.11.25 15:01:23.521,8.68061,8.68258,1.00,1.00
2015.11.25 15:01:23.991,8.6804,8.68217,1.00,1.00
2015.11.25 15:01:24.095,8.6804,8.68232,1.00,1.00
2015.11.25 15:01:24.146,8.68082,8.68232,1.00,1.00
2015.11.25 15:01:24.197,8.68082,8.68303,1.00,1.00
2015.11.25 15:01:24.248,8.68118,8.68339,1.00,1.00
2015.11.25 15:01:24.551,8.68158,8.68368,1.00,1.00
2015.11.25 15:01:24.969,8.68104,8.68325,1.00,1.00
2015.11.25 15:01:26.077,8.68095,8.68302,1.00,1.00
2015.11.25 15:01:26.381,8.68095,8.68257,1.00,1.00
2015.11.25 15:01:26.651,8.68053,8.68257,1.00,1.00
2015.11.25 15:01:26.702,8.68053,8.6824,1.00,1.00
2015.11.25 15:01:27.147,8.68,8.68182,1.00,1.00
2015.11.25 15:01:27.199,8.68,8.68199,1.00,1.00
2015.11.25 15:01:27.603,8.68,8.68222,1.00,1.00
2015.11.25 15:01:28.320,8.68034,8.6825,1.50,1.00
2015.11.25 15:01:28.579,8.68034,8.68256,1.00,1.00
2015.11.25 15:01:28.906,8.68034,8.68248,1.00,1.00
2015.11.25 15:01:29.759,8.68034,8.68218,1.50,1.00
2015.11.25 15:01:29.860,8.68034,8.68256,1.50,1.00
2015.11.25 15:01:29.962,8.68034,8.68238,1.00,1.00
2015.11.25 15:01:30.113,8.68034,8.68248,1.00,1.50
2015.11.25 15:01:30.753,8.67997,8.68207,1.00,1.00
2015.11.25 15:01:31.011,8.67997,8.68216,1.00,1.00
2015.11.25 15:01:31.061,8.67977,8.68186,1.00,1.00
2015.11.25 15:01:31.264,8.67965,8.68186,1.00,1.00
2015.11.25 15:01:31.868,8.67985,8.68186,1.00,1.00
2015.11.25 15:01:31.918,8.67965,8.68186,1.00,1.00
2015.11.25 15:01:31.970,8.67982,8.68186,1.00,1.00
2015.11.25 15:01:32.242,8.67965,8.68186,1.00,1.00
2015.11.25 15:01:32.330,8.67975,8.68186,1.00,1.00
2015.11.25 15:01:32.571,8.67968,8.68186,1.00,1.00
2015.11.25 15:01:33.533,8.68041,8.68206,1.00,1.12
2015.11.25 15:01:33.584,8.68009,8.68206,1.00,1.12
2015.11.25 15:01:33.686,8.68009,8.68197,1.00,1.00
2015.11.25 15:01:33.737,8.68009,8.68178,1.00,1.00
2015.11.25 15:01:33.991,8.67844,8.68065,1.00,1.00
2015.11.25 15:01:34.093,8.67877,8.68098,1.00,1.00
2015.11.25 15:01:34.546,8.67934,8.68146,1.00,1.00
2015.11.25 15:01:34.648,8.67934,8.68148,1.00,1.00
2015.11.25 15:01:34.749,8.6798,8.68153,1.00,1.00
2015.11.25 15:01:35.054,8.68061,8.68258,1.00,1.00
2015.11.25 15:01:35.557,8.68041,8.6822,1.00,1.37
2015.11.25 15:01:35.608,8.67999,8.68218,1.00,1.37
2015.11.25 15:01:35.659,8.68013,8.68218,1.00,1.37
2015.11.25 15:01:35.864,8.68102,8.68311,1.00,1.37
2015.11.25 15:01:35.918,8.68123,8.68325,1.00,1.37
2015.11.25 15:01:36.021,8.68123,8.68342,1.07,1.00
2015.11.25 15:01:36.072,8.68151,8.68372,1.00,1.00
2015.11.25 15:01:36.582,8.68063,8.68249,1.75,1.00
2015.11.25 15:01:36.634,8.68028,8.68249,1.75,1.00
2015.11.25 15:01:36.786,8.68028,8.68238,1.37,1.00
2015.11.25 15:01:36.888,8.68028,8.68238,1.37,1.00
2015.11.25 15:01:36.989,8.68028,8.68234,1.00,1.00
2015.11.25 15:01:37.040,8.68028,8.68209,1.00,1.00
2015.11.25 15:01:37.645,8.68028,8.6823,1.00,1.00
2015.11.25 15:01:38.101,8.68028,8.6823,1.00,1.37
2015.11.25 15:01:38.828,8.67994,8.68175,1.00,1.00
2015.11.25 15:01:38.880,8.67994,8.68175,1.00,1.07
2015.11.25 15:01:39.127,8.67994,8.68201,1.00,1.37
2015.11.25 15:01:39.279,8.68035,8.68176,1.00,1.00
2015.11.25 15:01:39.381,8.68035,8.68219,1.00,1.00
2015.11.25 15:01:39.482,8.68035,8.68244,1.00,1.12
2015.11.25 15:01:40.132,8.68068,8.68238,1.00,1.07
2015.11.25 15:01:40.183,8.68068,8.68238,1.00,1.07
2015.11.25 15:01:40.514,8.68068,8.68238,1.00,1.07
2015.11.25 15:01:40.867,8.68068,8.68247,1.00,1.00
2015.11.25 15:01:40.958,8.68068,8.68258,1.00,1.07
2015.11.25 15:01:41.477,8.68118,8.68323,1.00,1.00
2015.11.25 15:01:41.528,8.68139,8.68347,1.00,1.00
2015.11.25 15:01:41.883,8.68139,8.68359,1.00,1.00
2015.11.25 15:01:41.984,8.68083,8.68288,1.00,1.00
2015.11.25 15:01:42.035,8.68066,8.68288,1.07,1.00
2015.11.25 15:01:42.136,8.68066,8.68287,1.00,1.07
2015.11.25 15:01:42.509,8.68066,8.68269,1.00,1.00
2015.11.25 15:01:42.772,8.68066,8.68288,1.00,1.50
2015.11.25 15:01:42.979,8.68074,8.68288,1.00,1.00
2015.11.25 15:01:43.232,8.68094,8.68311,1.00,1.00
2015.11.25 15:01:43.282,8.68094,8.68308,1.00,1.00
2015.11.25 15:01:44.221,8.68094,8.68288,1.00,1.00
2015.11.25 15:01:44.272,8.68094,8.68315,1.50,1.07
2015.11.25 15:01:44.424,8.68127,8.68338,1.00,1.75
2015.11.25 15:01:44.475,8.68127,8.68338,1.00,1.07
2015.11.25 15:01:44.787,8.68127,8.68348,1.00,1.07
2015.11.25 15:01:45.474,8.68127,8.68348,1.00,1.00
2015.11.25 15:01:45.525,8.68159,8.68357,1.00,1.00
2015.11.25 15:01:45.829,8.68159,8.68338,1.00,1.00
2015.11.25 15:01:45.930,8.68159,8.68347,1.00,1.00
2015.11.25 15:01:46.032,8.68192,8.68357,1.00,1.00
2015.11.25 15:01:46.134,8.68192,8.68378,1.00,1.07
2015.11.25 15:01:46.199,8.68192,8.68378,1.00,1.00
2015.11.25 15:01:46.801,8.68242,8.68378,1.00,1.00
2015.11.25 15:01:46.852,8.68242,8.68428,1.00,1.00
2015.11.25 15:01:47.084,8.68242,8.68438,1.00,1.50
2015.11.25 15:01:47.135,8.68242,8.68418,1.00,1.00
2015.11.25 15:01:47.338,8.68242,8.68438,1.00,1.00
2015.11.25 15:01:47.389,8.68242,8.68448,1.00,1.00
2015.11.25 15:01:47.490,8.68242,8.68458,1.00,1.00
2015.11.25 15:01:47.558,8.68242,8.68438,1.00,1.00
2015.11.25 15:01:47.968,8.68242,8.68448,1.00,1.50
2015.11.25 15:01:48.020,8.68242,8.68432,1.00,1.00
2015.11.25 15:01:48.122,8.6821,8.68418,1.00,1.00
2015.11.25 15:01:48.223,8.6821,8.68397,1.00,1.00
2015.11.25 15:01:48.375,8.6821,8.68418,1.00,1.00
2015.11.25 15:01:48.528,8.68242,8.68418,1.00,1.00
2015.11.25 15:01:49.534,8.68242,8.68428,1.00,1.00
2015.11.25 15:01:49.635,8.68242,8.68448,1.00,1.07
2015.11.25 15:01:49.737,8.68242,8.68457,1.00,1.00
2015.11.25 15:01:49.889,8.68242,8.68428,1.00,1.00
2015.11.25 15:01:50.217,8.68242,8.68418,1.00,1.00
2015.11.25 15:01:50.594,8.68242,8.68453,1.00,1.00
2015.11.25 15:01:50.910,8.68242,8.68456,1.00,1.00
2015.11.25 15:01:51.297,8.68242,8.68459,1.00,1.00
2015.11.25 15:01:51.348,8.68242,8.68438,1.00,1.00
2015.11.25 15:01:51.890,8.68177,8.68399,1.00,1.37
2015.11.25 15:01:51.941,8.68177,8.68399,1.00,1.07
2015.11.25 15:01:52.043,8.68177,8.68399,1.00,1.00
2015.11.25 15:01:52.295,8.68177,8.68388,1.00,1.00
2015.11.25 15:01:52.640,8.68177,8.68368,1.00,1.00
2015.11.25 15:01:53.067,8.68135,8.68357,1.00,1.00
2015.11.25 15:01:53.118,8.68135,8.68328,1.00,1.00
2015.11.25 15:01:53.280,8.68135,8.68357,1.00,1.00
2015.11.25 15:01:53.487,8.68135,8.68357,1.12,1.00
2015.11.25 15:01:53.790,8.68168,8.68367,1.07,1.00
2015.11.25 15:01:54.608,8.68209,8.68388,1.00,1.00
2015.11.25 15:01:54.659,8.68209,8.68397,1.00,1.00
2015.11.25 15:01:54.760,8.68209,8.68408,1.00,1.00
2015.11.25 15:01:54.962,8.68209,8.68431,1.00,1.00
2015.11.25 15:01:55.064,8.68209,8.68418,1.00,1.00
2015.11.25 15:01:55.165,8.68213,8.68429,1.00,1.00
2015.11.25 15:01:55.216,8.68209,8.68429,1.00,1.00
2015.11.25 15:01:55.267,8.68242,8.68429,1.00,1.00
2015.11.25 15:01:55.317,8.68242,8.68445,1.00,1.07
2015.11.25 15:01:55.714,8.68242,8.68438,1.00,1.00
2015.11.25 15:01:56.187,8.68242,8.68448,1.00,1.00
2015.11.25 15:01:56.238,8.68285,8.68448,1.00,1.00
2015.11.25 15:01:56.289,8.68285,8.68488,1.00,1.37
2015.11.25 15:01:56.340,8.68314,8.68498,1.00,1.50
2015.11.25 15:01:56.391,8.68314,8.68535,1.00,1.37
2015.11.25 15:01:56.812,8.68265,8.68486,1.00,1.00
2015.11.25 15:01:56.967,8.68265,8.68479,1.00,1.00
2015.11.25 15:01:57.379,8.68265,8.68458,1.00,1.00
2015.11.25 15:01:57.938,8.68265,8.68479,1.00,1.00
2015.11.25 15:01:58.040,8.68265,8.68486,1.00,1.00
2015.11.25 15:01:58.141,8.68315,8.68497,1.00,1.00
2015.11.25 15:01:58.192,8.68315,8.68508,1.00,1.00
2015.11.25 15:01:58.445,8.68315,8.68487,1.00,1.00
2015.11.25 15:01:58.916,8.68164,8.68361,1.00,1.00
2015.11.25 15:01:58.967,8.68162,8.68361,1.69,1.00
2015.11.25 15:01:59.018,8.68141,8.68361,1.00,1.00
2015.11.25 15:01:59.271,8.68208,8.68408,1.00,1.12
2015.11.25 15:01:59.322,8.68208,8.68408,1.00,1.00
2015.11.25 15:01:59.373,8.68208,8.68398,1.00,1.00
2015.11.25 15:01:59.950,8.68167,8.68388,1.00,1.00
2015.11.25 15:02:00.001,8.68167,8.68368,1.00,1.00
2015.11.25 15:02:00.350,8.68167,8.68358,1.00,1.00
2015.11.25 15:02:00.401,8.68167,8.68388,1.00,2.32
2015.11.25 15:02:00.452,8.682,8.68388,1.00,1.57
2015.11.25 15:02:00.553,8.682,8.68388,1.00,1.00
2015.11.25 15:02:00.654,8.682,8.68407,1.00,1.00
2015.11.25 15:02:01.117,8.68232,8.68377,1.00,1.00
2015.11.25 15:02:01.168,8.68183,8.68377,1.00,1.00
2015.11.25 15:02:01.219,8.68183,8.68358,1.00,1.00
2015.11.25 15:02:01.320,8.68183,8.68368,1.00,1.07
2015.11.25 15:02:01.740,8.68183,8.68388,1.00,1.00
2015.11.25 15:02:02.237,8.68183,8.68368,1.00,1.00
2015.11.25 15:02:02.560,8.68183,8.68347,1.00,1.00
2015.11.25 15:02:03.068,8.68183,8.68348,1.00,1.00
2015.11.25 15:02:03.661,8.68142,8.68348,1.00,1.00
2015.11.25 15:02:03.769,8.68142,8.68358,1.00,1.50
2015.11.25 15:02:03.871,8.68142,8.68328,1.00,1.00
2015.11.25 15:02:03.983,8.68142,8.68358,1.00,1.00
2015.11.25 15:02:04.085,8.68182,8.6837,1.00,1.00
2015.11.25 15:02:04.187,8.68182,8.68378,1.00,1.00
2015.11.25 15:02:05.170,8.68154,8.68375,1.00,1.07
2015.11.25 15:02:05.980,8.68189,8.68382,1.00,1.07
2015.11.25 15:02:06.031,8.68189,8.68382,1.00,1.00
2015.11.25 15:02:06.445,8.68172,8.68382,1.00,1.00
2015.11.25 15:02:06.896,8.6816,8.68382,1.00,1.00
2015.11.25 15:02:07.149,8.6816,8.68382,1.37,1.00
2015.11.25 15:02:07.200,8.68201,8.68423,1.00,1.00
2015.11.25 15:02:08.269,8.68203,8.68423,1.00,1.00
2015.11.25 15:02:08.421,8.68201,8.68423,1.00,1.00
2015.11.25 15:02:08.550,8.68216,8.68423,1.00,1.00
2015.11.25 15:02:09.072,8.68216,8.68418,1.00,1.00
2015.11.25 15:02:09.340,8.68216,8.68423,1.00,1.00
2015.11.25 15:02:09.391,8.68232,8.68428,1.00,1.00
2015.11.25 15:02:09.796,8.68232,8.68448,1.00,1.50
2015.11.25 15:02:10.413,8.68232,8.68428,1.50,1.00
2015.11.25 15:02:11.041,8.68232,8.68418,1.50,1.00
2015.11.25 15:02:11.836,8.68232,8.68438,1.00,1.00
2015.11.25 15:02:11.997,8.68232,8.68438,1.00,1.07
2015.11.25 15:02:12.218,8.68232,8.68438,1.00,1.00
2015.11.25 15:02:12.406,8.68232,8.68442,1.00,1.00
2015.11.25 15:02:12.609,8.68232,8.68451,1.00,1.00
2015.11.25 15:02:13.501,8.68267,8.68476,1.00,1.07
2015.11.25 15:02:13.653,8.68267,8.68488,1.00,1.07
2015.11.25 15:02:14.752,8.68301,8.6852,1.00,1.37
2015.11.25 15:02:15.188,8.68301,8.6852,1.00,1.07
2015.11.25 15:02:16.094,8.68301,8.68508,1.00,1.00
2015.11.25 15:02:16.267,8.68301,8.6852,1.00,1.07
2015.11.25 15:02:16.318,8.68332,8.68538,1.00,1.37
2015.11.25 15:02:17.486,8.68332,8.68518,1.00,1.07
2015.11.25 15:02:17.718,8.68332,8.68518,1.00,1.00
2015.11.25 15:02:17.938,8.68332,8.68518,1.00,1.37
2015.11.25 15:02:18.191,8.68332,8.68528,1.00,1.07
2015.11.25 15:02:18.862,8.68374,8.68538,1.00,1.00
2015.11.25 15:02:18.913,8.68374,8.68557,1.00,1.07
2015.11.25 15:02:19.071,8.68374,8.68588,1.00,1.57
2015.11.25 15:02:19.129,8.68374,8.68573,1.00,1.00
2015.11.25 15:02:19.529,8.68353,8.68556,1.00,1.37
2015.11.25 15:02:19.586,8.68341,8.68557,1.50,1.37
2015.11.25 15:02:20.211,8.68389,8.68555,1.00,1.37
2015.11.25 15:02:20.262,8.68389,8.68574,1.00,1.37
2015.11.25 15:02:20.364,8.68389,8.68608,1.00,1.75
2015.11.25 15:02:20.516,8.68426,8.68628,1.00,1.37
2015.11.25 15:02:20.843,8.68377,8.68598,1.00,1.57
2015.11.25 15:02:20.894,8.68377,8.68587,1.00,1.00
2015.11.25 15:02:21.333,8.68377,8.68568,1.00,1.00
2015.11.25 15:02:21.485,8.68377,8.68588,1.00,1.00
2015.11.25 15:02:21.695,8.68377,8.68588,1.00,1.37
2015.11.25 15:02:22.673,8.68404,8.68612,1.00,1.75
2015.11.25 15:02:22.724,8.68404,8.68607,1.00,1.37
2015.11.25 15:02:24.581,8.68437,8.68607,1.00,1.37
2015.11.25 15:02:25.926,8.68437,8.68657,1.00,1.37
2015.11.25 15:02:25.977,8.68437,8.68657,1.00,1.00
2015.11.25 15:02:26.508,8.68437,8.68648,1.00,1.00
2015.11.25 15:02:27.138,8.68437,8.68638,1.00,1.00
2015.11.25 15:02:27.519,8.6845,8.68648,1.00,1.50
2015.11.25 15:02:27.671,8.68469,8.68688,1.00,1.57
2015.11.25 15:02:27.772,8.68469,8.68688,1.00,1.50
2015.11.25 15:02:27.958,8.68469,8.68688,1.00,1.87
2015.11.25 15:02:28.466,8.68469,8.68673,1.00,1.00
2015.11.25 15:02:28.813,8.68517,8.68708,1.00,1.00
2015.11.25 15:02:29.015,8.68517,8.68728,1.00,1.07
2015.11.25 15:02:29.117,8.68517,8.68718,1.00,1.00
2015.11.25 15:02:29.218,8.68517,8.68728,1.00,1.07
2015.11.25 15:02:29.578,8.68469,8.68689,1.00,1.00
2015.11.25 15:02:29.633,8.68454,8.68638,1.00,1.00
2015.11.25 15:02:29.955,8.68461,8.68648,1.00,1.37
2015.11.25 15:02:30.056,8.68461,8.68648,1.00,1.00
2015.11.25 15:02:30.158,8.68461,8.68658,1.00,1.00
2015.11.25 15:02:30.209,8.68461,8.68668,1.00,1.00
2015.11.25 15:02:30.411,8.68461,8.68638,1.00,1.00
2015.11.25 15:02:30.814,8.68449,8.68568,1.00,1.00
2015.11.25 15:02:30.865,8.68404,8.68568,1.00,1.00
2015.11.25 15:02:30.916,8.68404,8.68588,1.00,1.00
2015.11.25 15:02:31.118,8.68404,8.68558,1.00,1.00
2015.11.25 15:02:31.338,8.68404,8.68587,1.00,1.00
2015.11.25 15:02:31.521,8.68404,8.68587,1.00,1.07
2015.11.25 15:02:32.080,8.68431,8.68623,1.00,1.07
2015.11.25 15:02:32.131,8.68439,8.68638,1.00,1.37
2015.11.25 15:02:32.293,8.68459,8.68648,1.00,1.00
2015.11.25 15:02:32.344,8.68459,8.68627,1.00,1.00
2015.11.25 15:02:32.597,8.68488,8.68658,1.00,1.50
2015.11.25 15:02:32.647,8.68488,8.68627,1.00,1.00
2015.11.25 15:02:32.900,8.68488,8.68638,1.00,1.00
2015.11.25 15:02:33.726,8.6851,8.68668,1.00,1.00
2015.11.25 15:02:33.777,8.6853,8.68668,1.00,1.00
2015.11.25 15:02:33.828,8.6853,8.68678,1.00,1.00
2015.11.25 15:02:33.942,8.6853,8.68668,1.00,1.00
2015.11.25 15:02:34.043,8.6853,8.68677,1.00,1.00
2015.11.25 15:02:34.930,8.68502,8.68638,1.00,1.07
2015.11.25 15:02:34.981,8.68461,8.68638,1.00,1.57
2015.11.25 15:02:35.032,8.68461,8.68618,1.00,1.00
2015.11.25 15:02:35.083,8.68428,8.68608,1.00,1.00
2015.11.25 15:02:35.235,8.68428,8.68598,1.00,1.50
2015.11.25 15:02:35.439,8.68428,8.68608,1.00,1.07
2015.11.25 15:02:35.564,8.68428,8.68598,1.00,1.00
2015.11.25 15:02:36.028,8.68435,8.68597,1.00,1.00
2015.11.25 15:02:36.180,8.68378,8.68568,1.00,1.00
2015.11.25 15:02:36.231,8.68378,8.68588,1.00,1.07
2015.11.25 15:02:36.333,8.68403,8.68598,1.00,1.00
2015.11.25 15:02:36.638,8.68455,8.68653,1.00,1.75
2015.11.25 15:02:36.689,8.68455,8.68643,1.00,1.37
2015.11.25 15:02:37.060,8.68455,8.68643,1.00,1.00
2015.11.25 15:02:37.278,8.68455,8.68638,1.00,1.00
2015.11.25 15:02:37.518,8.68455,8.68643,1.00,1.00
2015.11.25 15:02:37.620,8.68455,8.68661,1.00,1.07
2015.11.25 15:02:37.773,8.68455,8.68676,1.00,1.75
2015.11.25 15:02:38.137,8.68488,8.68678,1.00,1.00
2015.11.25 15:02:38.188,8.68467,8.68643,1.00,1.00
2015.11.25 15:02:38.239,8.6844,8.68643,1.00,1.00
2015.11.25 15:02:38.290,8.68422,8.68643,1.50,1.00
2015.11.25 15:02:38.341,8.68422,8.68638,1.50,1.37
2015.11.25 15:02:38.659,8.68422,8.68638,1.00,1.37
2015.11.25 15:02:38.761,8.68422,8.68625,1.00,1.00
2015.11.25 15:02:39.309,8.68422,8.68625,1.00,1.37
2015.11.25 15:02:39.566,8.68402,8.68591,1.00,1.00
2015.11.25 15:02:39.667,8.68371,8.68591,1.00,1.00
2015.11.25 15:02:39.870,8.68371,8.68591,1.00,1.07
2015.11.25 15:02:40.586,8.68371,8.68591,1.50,1.07
2015.11.25 15:02:40.848,8.68371,8.68591,1.50,1.00
2015.11.25 15:02:40.899,8.68398,8.68603,1.00,1.07
2015.11.25 15:02:41.317,8.68398,8.68603,1.00,1.37
2015.11.25 15:02:41.487,8.68398,8.68603,1.00,1.07
2015.11.25 15:02:41.948,8.68398,8.68603,1.00,1.37
2015.11.25 15:02:42.477,8.68398,8.68603,1.00,1.07
2015.11.25 15:02:43.280,8.68398,8.6861,1.00,1.00
2015.11.25 15:02:43.331,8.68452,8.6861,1.00,1.00
2015.11.25 15:02:43.382,8.68452,8.6862,1.00,1.00
2015.11.25 15:02:43.433,8.68452,8.68638,1.00,1.00
2015.11.25 15:02:43.484,8.68453,8.68672,1.00,1.07
2015.11.25 15:02:43.585,8.68481,8.68693,1.00,1.37
2015.11.25 15:02:43.737,8.68481,8.68701,1.00,1.75
2015.11.25 15:02:44.886,8.6846,8.68653,1.00,1.00
2015.11.25 15:02:44.937,8.68436,8.68653,1.00,1.37
2015.11.25 15:02:45.139,8.68436,8.68653,1.00,1.00
2015.11.25 15:02:45.190,8.68466,8.68668,1.00,1.00
2015.11.25 15:02:45.241,8.68466,8.68688,1.00,1.00
2015.11.25 15:02:45.494,8.68501,8.68707,1.00,1.00
2015.11.25 15:02:45.545,8.68501,8.68722,1.00,1.00
2015.11.25 15:02:45.595,8.6856,8.68741,1.00,1.00
2015.11.25 15:02:45.646,8.6856,8.68781,1.00,1.37
2015.11.25 15:02:45.697,8.6856,8.68781,1.00,1.00
2015.11.25 15:02:46.219,8.68597,8.688,1.00,1.00
2015.11.25 15:02:46.269,8.68597,8.68817,1.00,1.07
2015.11.25 15:02:46.371,8.68597,8.68817,1.00,1.00
2015.11.25 15:02:47.269,8.68597,8.68807,1.00,1.00
2015.11.25 15:02:47.320,8.68597,8.68817,1.00,1.50
2015.11.25 15:02:47.725,8.68625,8.68838,1.00,1.00
2015.11.25 15:02:47.776,8.68625,8.68847,1.00,1.07
2015.11.25 15:02:47.827,8.68681,8.68867,1.00,1.37
2015.11.25 15:02:47.878,8.68681,8.68903,1.00,1.37
2015.11.25 15:02:47.979,8.68681,8.68898,1.00,1.00
2015.11.25 15:02:48.695,8.68681,8.68897,1.00,1.00
2015.11.25 15:02:48.796,8.6871,8.68907,1.00,1.07
2015.11.25 15:02:49.458,8.68652,8.68865,1.00,1.07
2015.11.25 15:02:49.610,8.68657,8.68865,1.00,1.07
2015.11.25 15:02:49.762,8.68645,8.68865,1.00,1.07
2015.11.25 15:02:49.958,8.68662,8.68865,1.00,1.07
2015.11.25 15:02:50.773,8.68662,8.68865,1.00,1.00
2015.11.25 15:02:51.093,8.68706,8.68918,1.00,1.00
2015.11.25 15:02:51.295,8.68706,8.68888,1.00,1.00
2015.11.25 15:02:51.742,8.68682,8.68868,1.00,1.00
2015.11.25 15:02:51.793,8.68659,8.68868,1.00,1.00
2015.11.25 15:02:51.843,8.68659,8.68838,1.00,1.00
2015.11.25 15:02:52.146,8.68659,8.68796,1.00,1.00
2015.11.25 15:02:52.322,8.68639,8.68796,1.00,1.00
2015.11.25 15:02:52.859,8.68652,8.68867,1.00,1.00
2015.11.25 15:02:53.376,8.68652,8.68868,1.00,1.00
2015.11.25 15:02:53.528,8.68679,8.68876,1.00,1.07
2015.11.25 15:02:53.629,8.68679,8.68876,1.00,1.00
2015.11.25 15:02:54.381,8.68659,8.68868,1.00,1.00
2015.11.25 15:02:54.435,8.68647,8.68868,1.00,1.00
2015.11.25 15:02:54.681,8.68647,8.68847,1.00,1.00
2015.11.25 15:02:54.783,8.68647,8.68868,1.00,2.25
2015.11.25 15:02:55.149,8.68679,8.68868,1.00,1.00
2015.11.25 15:02:55.548,8.68679,8.68876,1.00,1.00
2015.11.25 15:02:56.418,8.68679,8.68858,1.00,1.00
2015.11.25 15:02:56.903,8.68679,8.68848,1.00,1.00
2015.11.25 15:02:58.391,8.68679,8.68857,1.00,1.00
2015.11.25 15:02:58.442,8.68659,8.68848,1.00,1.00
2015.11.25 15:02:58.493,8.68644,8.68848,1.00,1.00
2015.11.25 15:02:59.241,8.68644,8.68838,1.00,1.00
2015.11.25 15:02:59.342,8.68644,8.68858,1.00,1.57
2015.11.25 15:02:59.799,8.68644,8.68858,1.00,1.00
2015.11.25 15:03:01.059,8.68644,8.68848,1.00,1.00
2015.11.25 15:03:01.351,8.68593,8.68815,1.00,1.00
2015.11.25 15:03:01.502,8.68622,8.68815,1.00,1.00
2015.11.25 15:03:03.924,8.68673,8.68876,1.00,1.00
2015.11.25 15:03:03.975,8.68711,8.68915,1.00,1.00
2015.11.25 15:03:04.027,8.68711,8.68933,1.00,1.00
2015.11.25 15:03:05.281,8.68711,8.68917,1.00,1.00
2015.11.25 15:03:05.535,8.68673,8.68893,1.00,1.00
2015.11.25 15:03:06.258,8.68702,8.68893,1.00,1.00
2015.11.25 15:03:06.411,8.68732,8.68932,1.00,1.00
2015.11.25 15:03:06.462,8.68772,8.68932,1.00,1.00
2015.11.25 15:03:06.563,8.68793,8.68968,1.00,1.00
2015.11.25 15:03:06.665,8.68782,8.68968,1.00,1.00
2015.11.25 15:03:06.859,8.68782,8.68978,1.00,1.00
2015.11.25 15:03:07.391,8.68777,8.68935,1.00,1.00
2015.11.25 15:03:07.699,8.68777,8.68973,1.00,1.00
2015.11.25 15:03:07.888,8.68782,8.68973,1.00,1.00
2015.11.25 15:03:07.939,8.68782,8.68978,1.00,1.00
2015.11.25 15:03:07.998,8.68782,8.68944,1.00,1.00
2015.11.25 15:03:08.522,8.68792,8.68944,1.00,1.00
2015.11.25 15:03:08.573,8.68777,8.6893,1.00,1.00
2015.11.25 15:03:08.675,8.68772,8.6893,1.00,1.00
2015.11.25 15:03:08.738,8.68762,8.6893,1.00,1.00
2015.11.25 15:03:08.894,8.68745,8.6893,1.07,1.00
2015.11.25 15:03:11.253,8.68807,8.68978,1.00,1.00
2015.11.25 15:03:11.574,8.68807,8.68961,1.00,1.00
2015.11.25 15:03:12.079,8.68807,8.68966,1.00,1.00
2015.11.25 15:03:12.454,8.68807,8.68977,1.07,1.00
2015.11.25 15:03:12.505,8.68823,8.68978,1.00,1.00
2015.11.25 15:03:12.657,8.68836,8.69057,1.00,1.00
2015.11.25 15:03:12.859,8.68836,8.69057,1.75,1.00
2015.11.25 15:03:13.063,8.68836,8.69057,1.75,1.00
2015.11.25 15:03:13.215,8.68836,8.69057,1.00,1.00
2015.11.25 15:03:14.039,8.68836,8.69009,1.00,1.00
2015.11.25 15:03:14.191,8.68836,8.69012,1.00,1.00
2015.11.25 15:03:14.418,8.68836,8.69048,1.00,1.00
2015.11.25 15:03:14.520,8.68836,8.69014,1.00,1.00
2015.11.25 15:03:15.162,8.68797,8.68988,1.00,1.00
2015.11.25 15:03:15.364,8.68762,8.68984,1.00,1.00
2015.11.25 15:03:15.465,8.68762,8.68978,1.00,1.00
2015.11.25 15:03:15.669,8.68717,8.68938,1.00,1.00
2015.11.25 15:03:15.720,8.68717,8.68928,1.00,1.00
2015.11.25 15:03:15.821,8.68717,8.68938,1.00,2.25
2015.11.25 15:03:16.263,8.68685,8.68904,1.00,1.00
2015.11.25 15:03:16.571,8.68749,8.68966,1.00,1.00
2015.11.25 15:03:16.672,8.68752,8.68971,1.00,1.00
2015.11.25 15:03:17.803,8.68752,8.68968,1.00,1.00
2015.11.25 15:03:18.469,8.68679,8.689,1.00,1.00
2015.11.25 15:03:18.900,8.68679,8.689,1.07,1.00
2015.11.25 15:03:19.818,8.68693,8.689,1.07,1.00
2015.11.25 15:03:20.020,8.68688,8.689,1.00,1.00
2015.11.25 15:03:20.418,8.68679,8.68898,1.00,1.00
2015.11.25 15:03:20.469,8.68679,8.68891,1.00,1.00
2015.11.25 15:03:20.902,8.68649,8.68871,1.00,1.00
2015.11.25 15:03:20.956,8.68649,8.68867,1.00,1.00
2015.11.25 15:03:21.259,8.68678,8.68878,1.00,1.00
2015.11.25 15:03:21.518,8.68692,8.68899,1.00,1.00
2015.11.25 15:03:21.619,8.68711,8.68932,1.00,1.00
2015.11.25 15:03:22.023,8.68752,8.68952,1.00,1.00
2015.11.25 15:03:22.075,8.68752,8.68973,1.00,1.00
2015.11.25 15:03:22.791,8.68793,8.69008,1.00,1.00
2015.11.25 15:03:23.620,8.68793,8.68958,1.00,1.00
2015.11.25 15:03:23.671,8.6876,8.68958,1.50,1.00
2015.11.25 15:03:23.823,8.6876,8.68969,1.00,1.00
2015.11.25 15:03:23.932,8.6876,8.68938,1.00,1.00
2015.11.25 15:03:24.711,8.6876,8.68948,1.00,1.00
2015.11.25 15:03:25.137,8.6876,8.68928,1.00,1.00
2015.11.25 15:03:25.976,8.6876,8.6895,1.00,1.00
2015.11.25 15:03:26.208,8.6876,8.68947,1.00,1.00
2015.11.25 15:03:26.309,8.6876,8.6895,1.00,1.00
2015.11.25 15:03:26.837,8.6876,8.68948,1.00,1.00
2015.11.25 15:03:27.200,8.6874,8.68918,1.00,1.00
2015.11.25 15:03:27.252,8.68732,8.68918,1.00,1.00
2015.11.25 15:03:27.658,8.68732,8.68931,1.00,1.00
2015.11.25 15:03:27.709,8.68732,8.68951,1.00,1.00
2015.11.25 15:03:28.157,8.68732,8.68947,1.00,1.00
2015.11.25 15:03:28.560,8.6874,8.68947,1.00,1.00
2015.11.25 15:03:28.858,8.6874,8.68952,1.00,1.00
2015.11.25 15:03:28.960,8.68761,8.68981,1.00,1.00
2015.11.25 15:03:29.314,8.68773,8.68981,1.00,1.00
2015.11.25 15:03:29.365,8.68794,8.69014,1.00,1.00
2015.11.25 15:03:30.159,8.68794,8.69009,1.00,1.00
2015.11.25 15:03:30.497,8.68794,8.68988,1.00,1.00
2015.11.25 15:03:31.107,8.68825,8.68998,1.00,1.00
2015.11.25 15:03:31.158,8.68825,8.69008,1.00,1.00
2015.11.25 15:03:31.309,8.68825,8.69028,1.00,1.00
2015.11.25 15:03:31.360,8.68825,8.68968,1.00,1.00
2015.11.25 15:03:31.663,8.68825,8.68906,1.00,1.00
2015.11.25 15:03:31.764,8.68752,8.68906,1.00,1.00
2015.11.25 15:03:31.815,8.68752,8.68944,1.00,1.07
2015.11.25 15:03:32.229,8.68703,8.68924,1.00,1.00
2015.11.25 15:03:35.330,8.68717,8.68924,1.00,1.00
2015.11.25 15:03:35.431,8.68703,8.68924,1.00,1.00
2015.11.25 15:03:35.815,8.68703,8.68912,1.00,1.00
2015.11.25 15:03:35.865,8.68673,8.68892,1.07,1.00
2015.11.25 15:03:35.967,8.68673,8.68892,1.00,1.00
2015.11.25 15:03:36.018,8.68686,8.68892,1.00,1.00
2015.11.25 15:03:36.462,8.68697,8.68892,1.00,1.00
2015.11.25 15:03:36.512,8.68717,8.68937,1.00,1.50
2015.11.25 15:03:36.898,8.68717,8.68928,1.00,1.00
2015.11.25 15:03:37.203,8.68705,8.68907,1.00,1.00
2015.11.25 15:03:37.640,8.68723,8.68918,1.00,1.00
2015.11.25 15:03:37.691,8.68714,8.68918,1.00,1.00
2015.11.25 15:03:37.792,8.68725,8.68918,1.00,1.00
2015.11.25 15:03:37.898,8.68725,8.68928,1.00,1.00
2015.11.25 15:03:38.050,8.68732,8.68928,1.00,1.00
2015.11.25 15:03:38.179,8.68714,8.68928,1.00,1.00
2015.11.25 15:03:38.338,8.68714,8.68936,1.00,1.00
2015.11.25 15:03:38.558,8.68731,8.68936,1.00,1.00
2015.11.25 15:03:39.111,8.68779,8.68938,1.00,1.00
2015.11.25 15:03:39.162,8.68779,8.69,1.00,1.00
2015.11.25 15:03:40.218,8.68812,8.69034,1.00,1.00
2015.11.25 15:03:40.687,8.68812,8.69022,1.00,1.00
2015.11.25 15:03:40.938,8.68812,8.69027,1.00,1.00
2015.11.25 15:03:41.188,8.68812,8.69034,1.00,1.00
2015.11.25 15:03:41.238,8.68812,8.69031,1.00,1.00
2015.11.25 15:03:41.602,8.68812,8.69034,1.00,1.00
2015.11.25 15:03:44.884,8.68812,8.69016,1.00,1.00
2015.11.25 15:03:44.937,8.68812,8.69034,1.00,1.00
2015.11.25 15:03:46.267,8.68812,8.69034,1.00,1.07
2015.11.25 15:03:46.608,8.68812,8.69017,1.00,1.00
2015.11.25 15:03:46.861,8.68763,8.68985,1.00,1.00
2015.11.25 15:03:47.470,8.68792,8.69004,1.00,1.00
2015.11.25 15:03:47.521,8.68797,8.69012,1.00,1.00
2015.11.25 15:03:47.707,8.68792,8.6901,1.00,1.00
2015.11.25 15:03:48.645,8.68778,8.68979,1.07,1.00
2015.11.25 15:03:48.696,8.68786,8.68999,1.00,1.00
2015.11.25 15:03:48.747,8.68797,8.69007,1.00,1.00
2015.11.25 15:03:48.848,8.68816,8.69029,1.00,1.00
2015.11.25 15:03:53.377,8.68816,8.69037,1.50,1.00
2015.11.25 15:03:53.428,8.68816,8.69018,1.50,1.00
2015.11.25 15:03:53.889,8.68816,8.69001,1.00,1.00
2015.11.25 15:03:53.940,8.68792,8.69001,1.00,1.00
2015.11.25 15:03:54.456,8.68792,8.69001,1.00,1.07
2015.11.25 15:03:55.978,8.68792,8.69001,1.00,1.10
2015.11.25 15:03:56.030,8.68781,8.69001,1.00,1.10
2015.11.25 15:03:56.181,8.68781,8.69001,1.00,1.37
2015.11.25 15:03:56.621,8.68767,8.68974,1.00,1.00
2015.11.25 15:03:56.975,8.68782,8.68974,1.00,1.00
2015.11.25 15:03:57.790,8.68825,8.69014,1.00,1.00
2015.11.25 15:03:57.842,8.68825,8.69035,1.00,1.00
2015.11.25 15:03:57.893,8.68825,8.69045,1.00,1.00
2015.11.25 15:03:57.995,8.68825,8.69035,1.00,1.00
2015.11.25 15:03:58.147,8.68825,8.69045,1.00,1.00
2015.11.25 15:03:58.198,8.68839,8.69045,1.00,1.00
2015.11.25 15:03:58.249,8.68859,8.69081,1.00,1.07
2015.11.25 15:03:58.300,8.68859,8.69042,1.00,1.00
2015.11.25 15:03:58.856,8.68812,8.69031,1.00,1.00
2015.11.25 15:03:59.178,8.68809,8.69024,1.00,1.00
2015.11.25 15:04:03.410,8.68809,8.69021,1.00,1.00
2015.11.25 15:04:03.821,8.68792,8.69,1.00,1.00
2015.11.25 15:04:13.748,8.68801,8.69,1.00,1.00
2015.11.25 15:04:13.799,8.68821,8.69024,1.00,1.00
2015.11.25 15:04:22.797,8.68821,8.69043,1.00,1.00
2015.11.25 15:04:23.277,8.68851,8.69046,1.00,1.00
2015.11.25 15:04:23.429,8.68819,8.69025,1.00,1.00
2015.11.25 15:04:23.967,8.68827,8.69025,1.00,1.00
2015.11.25 15:04:24.758,8.68848,8.69025,1.00,1.00
2015.11.25 15:04:24.818,8.68848,8.69046,1.07,1.00
2015.11.25 15:04:24.930,8.68848,8.69025,1.00,1.00
2015.11.25 15:04:25.446,8.68812,8.69025,1.75,1.00
2015.11.25 15:04:25.940,8.68822,8.69034,1.75,1.00
2015.11.25 15:04:26.266,8.68822,8.69034,1.37,1.00
2015.11.25 15:04:27.258,8.68822,8.69034,1.75,1.00
2015.11.25 15:04:32.647,8.6885,8.69034,1.00,1.00
2015.11.25 15:04:32.698,8.68814,8.69034,1.00,1.00
2015.11.25 15:04:33.058,8.68814,8.69034,1.07,1.00
2015.11.25 15:04:33.376,8.68814,8.69034,1.75,1.00
2015.11.25 15:04:34.171,8.68828,8.69036,1.75,1.00
2015.11.25 15:04:34.223,8.68848,8.6907,1.07,1.00
2015.11.25 15:04:34.274,8.68848,8.6907,1.75,1.00
2015.11.25 15:04:34.831,8.68848,8.6907,1.07,1.00
2015.11.25 15:04:36.560,8.68892,8.6909,1.00,1.00
2015.11.25 15:04:36.611,8.68892,8.69114,1.00,1.00
2015.11.25 15:04:36.763,8.68872,8.69081,1.00,1.00
2015.11.25 15:04:36.814,8.68859,8.69081,1.00,1.00
2015.11.25 15:04:38.011,8.68874,8.69081,1.00,1.00
2015.11.25 15:04:38.113,8.68868,8.69081,1.00,1.00
2015.11.25 15:04:38.567,8.68862,8.69081,1.00,1.00
2015.11.25 15:04:39.063,8.68914,8.69081,1.00,1.00
2015.11.25 15:04:39.371,8.68864,8.69081,1.00,1.00
2015.11.25 15:04:40.028,8.68897,8.69081,1.00,1.00
2015.11.25 15:04:40.418,8.68839,8.69043,1.00,1.00
2015.11.25 15:04:40.469,8.6885,8.69056,1.00,1.00
2015.11.25 15:04:40.570,8.6885,8.69072,1.00,1.00
2015.11.25 15:04:40.620,8.68855,8.69072,1.00,1.00
2015.11.25 15:04:40.772,8.6885,8.69072,1.00,1.00
2015.11.25 15:04:41.183,8.68891,8.69087,1.00,1.00
2015.11.25 15:04:41.632,8.68891,8.69078,1.00,1.00
2015.11.25 15:04:41.684,8.68836,8.69058,1.00,1.00
2015.11.25 15:04:42.046,8.68847,8.69058,1.00,1.00
2015.11.25 15:04:42.166,8.68836,8.69058,1.00,1.00
2015.11.25 15:04:42.318,8.6884,8.69058,1.00,1.00
2015.11.25 15:04:42.526,8.68837,8.69058,1.00,1.00
2015.11.25 15:04:43.069,8.68836,8.69058,1.00,1.00
2015.11.25 15:04:43.177,8.68836,8.69051,1.00,1.00
2015.11.25 15:04:43.945,8.68836,8.69058,1.00,1.00
2015.11.25 15:04:45.346,8.68816,8.69027,1.50,1.00
2015.11.25 15:04:45.550,8.68785,8.68998,1.00,1.00
2015.11.25 15:04:45.601,8.68778,8.68998,1.00,1.00
2015.11.25 15:04:46.031,8.68757,8.68969,1.00,1.00
2015.11.25 15:04:46.082,8.68747,8.68969,1.00,1.00
2015.11.25 15:04:47.218,8.68795,8.68988,1.00,1.00
2015.11.25 15:04:47.269,8.68795,8.69016,1.00,1.00
2015.11.25 15:04:47.557,8.68827,8.69036,1.00,1.00
2015.11.25 15:04:47.608,8.68827,8.69049,1.00,1.00
2015.11.25 15:04:49.210,8.68831,8.69049,1.00,1.00
2015.11.25 15:04:49.312,8.68827,8.69049,1.00,1.00
2015.11.25 15:04:49.665,8.68839,8.69049,1.50,1.00
2015.11.25 15:04:49.721,8.68859,8.69081,1.00,1.00
2015.11.25 15:04:50.971,8.68889,8.69101,1.00,1.00
2015.11.25 15:04:51.026,8.68889,8.69103,1.00,1.00
2015.11.25 15:04:51.127,8.68889,8.691,1.00,1.00
2015.11.25 15:04:51.279,8.68889,8.69111,1.00,1.00
2015.11.25 15:04:52.071,8.68889,8.69111,1.37,1.00
2015.11.25 15:04:52.504,8.6894,8.69159,1.00,1.00
2015.11.25 15:04:53.285,8.6894,8.69115,1.00,1.00
2015.11.25 15:04:53.336,8.68874,8.69094,1.00,1.00
2015.11.25 15:04:53.490,8.68903,8.69115,1.00,1.00
2015.11.25 15:04:53.541,8.68903,8.69123,1.00,1.00
2015.11.25 15:04:53.996,8.68882,8.69095,1.00,1.00
2015.11.25 15:04:54.047,8.68873,8.69095,1.00,1.00
2015.11.25 15:04:55.118,8.68916,8.69115,1.00,1.00
2015.11.25 15:04:55.422,8.68916,8.69073,1.00,1.00
2015.11.25 15:04:55.855,8.68916,8.69097,1.00,1.00
2015.11.25 15:04:56.065,8.68916,8.69092,1.00,1.00
2015.11.25 15:04:56.394,8.68897,8.69059,1.00,1.00
2015.11.25 15:04:56.445,8.68869,8.69087,1.00,1.00
2015.11.25 15:04:57.057,8.68869,8.69053,1.00,1.00
2015.11.25 15:04:58.334,8.68869,8.69072,1.00,1.00
2015.11.25 15:04:58.805,8.68869,8.69072,1.07,1.00
2015.11.25 15:05:00.260,8.68869,8.69053,1.07,1.00
2015.11.25 15:05:01.004,8.68869,8.69053,1.00,1.00
2015.11.25 15:05:01.334,8.68869,8.69072,1.00,1.00
2015.11.25 15:05:01.486,8.68869,8.69077,1.00,1.00
2015.11.25 15:05:01.587,8.68869,8.69048,1.00,1.00
2015.11.25 15:05:02.457,8.68869,8.69067,1.00,1.00
2015.11.25 15:05:02.877,8.68895,8.69067,1.00,1.00
2015.11.25 15:05:03.093,8.68915,8.69118,1.00,1.00
2015.11.25 15:05:03.144,8.68915,8.69083,1.00,1.00
2015.11.25 15:05:03.621,8.68925,8.69087,1.00,1.00
2015.11.25 15:05:03.955,8.68944,8.69066,1.00,1.00
2015.11.25 15:05:04.107,8.68903,8.69066,1.00,1.00
2015.11.25 15:05:05.150,8.68916,8.69066,1.00,1.00
2015.11.25 15:05:05.252,8.68936,8.69091,1.00,1.00
2015.11.25 15:05:05.618,8.68936,8.69087,1.00,1.00
2015.11.25 15:05:06.149,8.68936,8.69063,1.00,1.00
2015.11.25 15:05:06.510,8.68896,8.69063,1.00,1.00
2015.11.25 15:05:07.418,8.68858,8.69063,1.00,1.00
2015.11.25 15:05:07.707,8.68858,8.69057,1.00,1.00
2015.11.25 15:05:07.826,8.68858,8.69075,1.00,1.00
2015.11.25 15:05:07.937,8.68858,8.69047,1.00,1.00
2015.11.25 15:05:08.528,8.68858,8.69057,1.00,1.00
2015.11.25 15:05:08.580,8.68858,8.69038,1.00,1.00
2015.11.25 15:05:08.707,8.68858,8.69065,1.00,1.00
2015.11.25 15:05:08.758,8.68858,8.69038,1.00,1.00
2015.11.25 15:05:08.871,8.68858,8.69056,1.00,1.00
2015.11.25 15:05:08.972,8.68858,8.69035,1.00,1.00
2015.11.25 15:05:09.197,8.68858,8.69055,1.00,1.00
2015.11.25 15:05:09.741,8.68858,8.69035,1.00,1.00
2015.11.25 15:05:10.368,8.68858,8.69056,1.00,1.00
2015.11.25 15:05:10.419,8.68858,8.69032,1.00,1.00
2015.11.25 15:05:10.636,8.68838,8.69032,1.00,1.00
2015.11.25 15:05:10.687,8.68826,8.69032,1.00,1.00
2015.11.25 15:05:11.113,8.688,8.69014,1.00,1.00
2015.11.25 15:05:11.164,8.68794,8.69014,1.00,1.00
2015.11.25 15:05:16.318,8.68773,8.68985,1.00,1.00
2015.11.25 15:05:16.371,8.68765,8.68985,1.00,1.00
2015.11.25 15:05:17.186,8.68765,8.68982,1.00,1.00
2015.11.25 15:05:17.643,8.68765,8.68969,1.00,1.00
2015.11.25 15:05:18.015,8.68765,8.68935,1.00,1.00
2015.11.25 15:05:18.167,8.68744,8.68935,1.00,1.00
2015.11.25 15:05:18.218,8.68735,8.68957,1.00,1.00
2015.11.25 15:05:18.370,8.68735,8.68932,1.00,1.00
2015.11.25 15:05:18.421,8.68735,8.68957,1.00,1.00
2015.11.25 15:05:18.817,8.68747,8.68943,1.00,1.00
2015.11.25 15:05:19.139,8.68767,8.68943,1.00,1.00
2015.11.25 15:05:21.250,8.688,8.68943,1.00,1.00
2015.11.25 15:05:21.463,8.688,8.68964,1.00,1.00
2015.11.25 15:05:21.515,8.68815,8.68964,1.00,1.00
2015.11.25 15:05:21.825,8.68835,8.68964,1.00,1.00
2015.11.25 15:05:22.261,8.68792,8.68945,1.00,1.00
2015.11.25 15:05:23.577,8.68762,8.68945,1.00,1.00
2015.11.25 15:05:31.791,8.68732,8.68945,1.00,1.00
2015.11.25 15:05:31.944,8.68745,8.68945,1.00,1.00
2015.11.25 15:05:32.264,8.68765,8.68945,1.00,1.00
2015.11.25 15:05:33.232,8.68765,8.68963,1.00,1.00
2015.11.25 15:05:34.735,8.68735,8.68944,1.10,1.00
2015.11.25 15:05:37.321,8.68735,8.68926,1.00,1.00
2015.11.25 15:05:37.524,8.68735,8.68957,1.00,1.00
2015.11.25 15:05:37.575,8.68735,8.68942,1.00,1.00
2015.11.25 15:05:37.626,8.68701,8.68922,1.00,1.00
2015.11.25 15:05:37.727,8.68701,8.68918,1.00,1.00
2015.11.25 15:05:37.778,8.68701,8.68922,1.00,1.00
2015.11.25 15:05:38.967,8.68701,8.68919,1.00,1.00
2015.11.25 15:05:39.359,8.68701,8.68917,1.00,1.00
2015.11.25 15:05:39.941,8.68707,8.68922,1.00,1.00
2015.11.25 15:05:40.217,8.68701,8.68918,1.00,1.00
2015.11.25 15:05:41.876,8.68686,8.6889,1.00,1.00
2015.11.25 15:05:42.376,8.6867,8.6889,1.00,1.00
2015.11.25 15:05:42.478,8.68678,8.6889,1.00,1.00
2015.11.25 15:05:44.029,8.68775,8.68996,1.00,1.00
2015.11.25 15:05:44.130,8.68775,8.68989,1.00,1.00
2015.11.25 15:05:44.445,8.68746,8.68951,1.75,1.00
2015.11.25 15:05:44.565,8.68746,8.68951,1.07,1.00
2015.11.25 15:05:45.012,8.68746,8.68931,1.00,1.00
2015.11.25 15:05:45.267,8.68746,8.68949,1.00,1.07
2015.11.25 15:05:45.318,8.68746,8.68917,1.00,1.00
2015.11.25 15:05:46.131,8.68746,8.6894,1.00,1.00
2015.11.25 15:05:46.494,8.68746,8.6892,1.00,1.00
2015.11.25 15:05:46.705,8.68746,8.68939,1.00,1.00
2015.11.25 15:05:47.405,8.68746,8.6894,1.00,1.00
2015.11.25 15:05:47.456,8.68746,8.68915,1.00,1.00
2015.11.25 15:05:47.748,8.68707,8.68915,1.00,1.00
2015.11.25 15:05:47.950,8.68675,8.68896,1.00,1.00
2015.11.25 15:05:48.494,8.68674,8.68896,1.00,1.00
2015.11.25 15:05:49.949,8.68674,8.68896,1.00,1.37
2015.11.25 15:05:50.100,8.68641,8.68863,1.00,1.00
2015.11.25 15:05:50.252,8.68679,8.68901,1.00,1.00
2015.11.25 15:05:51.238,8.68686,8.68901,1.00,1.00
2015.11.25 15:05:52.350,8.68686,8.68871,1.00,1.00
2015.11.25 15:05:52.401,8.68649,8.68871,1.50,1.00
2015.11.25 15:05:52.557,8.68619,8.68841,1.00,1.00
2015.11.25 15:05:52.861,8.68621,8.68841,1.00,1.00
2015.11.25 15:05:52.962,8.68619,8.68841,1.00,1.00
2015.11.25 15:05:54.578,8.68589,8.68809,1.00,1.00
2015.11.25 15:05:55.215,8.68556,8.68776,1.00,1.00
2015.11.25 15:05:56.460,8.68613,8.68835,1.00,1.00
2015.11.25 15:05:56.511,8.68613,8.68829,1.00,1.00
2015.11.25 15:05:56.613,8.68613,8.68835,1.00,1.00
2015.11.25 15:05:56.664,8.68613,8.68817,1.00,1.00
2015.11.25 15:05:56.715,8.68575,8.68797,1.07,1.00
2015.11.25 15:05:56.868,8.68575,8.68797,1.00,1.00
2015.11.25 15:05:57.070,8.68542,8.68764,1.37,1.00
2015.11.25 15:05:57.172,8.68575,8.68796,1.00,1.00
2015.11.25 15:05:57.586,8.68575,8.68796,1.75,1.00
2015.11.25 15:05:57.808,8.68604,8.68826,1.10,1.00
2015.11.25 15:05:57.959,8.68604,8.68826,1.75,1.00
2015.11.25 15:05:58.212,8.68647,8.68869,1.00,1.00
2015.11.25 15:05:58.899,8.68647,8.68838,1.00,1.00
2015.11.25 15:05:59.236,8.68647,8.68809,1.00,1.00
2015.11.25 15:05:59.924,8.68615,8.68809,1.37,1.00
2015.11.25 15:06:00.053,8.68615,8.68809,1.00,1.00
2015.11.25 15:06:00.405,8.68643,8.68809,1.00,1.00
2015.11.25 15:06:01.910,8.68674,8.68832,1.00,1.00
2015.11.25 15:06:02.356,8.68674,8.68883,1.00,1.00
2015.11.25 15:06:02.407,8.68674,8.68883,1.75,1.00
2015.11.25 15:06:02.458,8.68674,8.68883,1.00,1.00
2015.11.25 15:06:02.618,8.68674,8.68887,1.00,1.00
2015.11.25 15:06:02.778,8.68674,8.68805,1.00,1.00
2015.11.25 15:06:02.930,8.68642,8.68861,1.75,1.00
2015.11.25 15:06:03.031,8.68642,8.68864,1.75,1.00
2015.11.25 15:06:03.921,8.68642,8.68864,1.50,1.50
2015.11.25 15:06:03.993,8.68642,8.68864,2.25,1.50
2015.11.25 15:06:04.315,8.68642,8.68821,1.00,1.00
2015.11.25 15:06:06.560,8.68612,8.68821,1.37,1.00
2015.11.25 15:06:06.726,8.68592,8.68778,1.75,1.00
2015.11.25 15:06:06.879,8.68557,8.68778,1.00,1.00
2015.11.25 15:06:06.930,8.68571,8.68778,1.00,1.00
2015.11.25 15:06:07.031,8.68557,8.68778,1.00,1.00
2015.11.25 15:06:07.083,8.68566,8.68778,1.00,1.00
2015.11.25 15:06:07.648,8.68567,8.68778,1.00,1.00
2015.11.25 15:06:08.002,8.68587,8.68809,1.00,1.00
2015.11.25 15:06:08.053,8.68587,8.68791,1.00,1.00
2015.11.25 15:06:09.121,8.68587,8.68809,1.00,1.00
2015.11.25 15:06:10.063,8.68579,8.68778,1.00,1.00
2015.11.25 15:06:10.115,8.68556,8.68778,1.00,1.00
2015.11.25 15:06:11.186,8.68596,8.68782,1.00,1.00
2015.11.25 15:06:11.447,8.68596,8.688,1.00,1.00
2015.11.25 15:06:11.998,8.68596,8.68781,1.00,1.00
2015.11.25 15:06:12.450,8.68596,8.688,1.00,1.00
2015.11.25 15:06:12.654,8.68551,8.68772,1.00,1.00
2015.11.25 15:06:12.755,8.68579,8.68779,1.00,1.00
2015.11.25 15:06:13.058,8.68596,8.68779,1.00,1.00
2015.11.25 15:06:13.919,8.68617,8.68856,1.00,1.00
2015.11.25 15:06:14.149,8.68617,8.68814,1.00,1.00
2015.11.25 15:06:14.200,8.68617,8.6885,1.00,1.00
2015.11.25 15:06:14.302,8.68617,8.6882,1.00,1.00
2015.11.25 15:06:14.353,8.68662,8.68867,1.00,1.00
2015.11.25 15:06:14.505,8.68662,8.68859,1.00,1.00
2015.11.25 15:06:14.960,8.68662,8.6883,1.00,1.00
2015.11.25 15:06:15.062,8.68662,8.68873,1.00,1.00
2015.11.25 15:06:15.113,8.68662,8.68821,1.00,1.00
2015.11.25 15:06:15.215,8.68662,8.68825,1.00,1.00
2015.11.25 15:06:16.633,8.68662,8.68826,1.00,1.00
2015.11.25 15:06:16.735,8.6869,8.68826,1.00,1.00
2015.11.25 15:06:16.786,8.6869,8.68845,1.00,1.00
2015.11.25 15:06:17.278,8.6869,8.6888,1.00,1.00
2015.11.25 15:06:17.329,8.68724,8.68851,1.00,1.00
2015.11.25 15:06:17.532,8.68705,8.68851,1.00,1.00
2015.11.25 15:06:17.583,8.68696,8.68851,1.00,1.00
2015.11.25 15:06:17.634,8.68696,8.68886,1.00,1.00
2015.11.25 15:06:17.685,8.68696,8.68845,1.00,1.00
2015.11.25 15:06:19.802,8.68696,8.68827,1.00,1.00
2015.11.25 15:06:20.108,8.68696,8.68846,1.00,1.00
2015.11.25 15:06:20.439,8.68675,8.68846,1.00,1.00
2015.11.25 15:06:20.490,8.68668,8.68846,1.00,1.00
2015.11.25 15:06:20.592,8.68668,8.68827,1.00,1.00
2015.11.25 15:06:21.117,8.68636,8.68827,1.00,1.00
2015.11.25 15:06:26.059,8.68667,8.68827,1.00,1.00
2015.11.25 15:06:33.119,8.68638,8.68827,1.00,1.00
2015.11.25 15:06:34.073,8.68612,8.68806,1.69,1.00
2015.11.25 15:06:34.175,8.68612,8.6883,1.69,1.00
2015.11.25 15:06:34.227,8.6864,8.6883,1.00,1.00
2015.11.25 15:06:34.564,8.6864,8.68796,1.00,1.00
2015.11.25 15:06:35.203,8.6862,8.68796,1.00,1.00
2015.11.25 15:06:35.255,8.68612,8.68796,1.69,1.00
2015.11.25 15:06:35.683,8.68637,8.68796,1.00,1.00
2015.11.25 15:06:36.426,8.68637,8.68816,1.00,1.00
2015.11.25 15:06:40.635,8.68637,8.68798,1.37,1.00
2015.11.25 15:06:40.786,8.68637,8.68798,1.00,1.00
2015.11.25 15:06:48.652,8.68612,8.68798,1.69,1.00
2015.11.25 15:06:48.703,8.68606,8.68798,1.00,1.00
2015.11.25 15:06:49.356,8.68634,8.68798,1.00,1.00
2015.11.25 15:06:49.833,8.68634,8.68795,1.00,1.00
2015.11.25 15:06:51.045,8.68634,8.68813,1.00,1.00
2015.11.25 15:06:52.065,8.68634,8.68792,1.00,1.00
2015.11.25 15:06:52.265,8.68597,8.68792,1.07,1.00
2015.11.25 15:06:53.332,8.68597,8.68792,1.00,1.00
2015.11.25 15:06:53.959,8.68597,8.68792,1.75,1.00
2015.11.25 15:06:54.286,8.68597,8.6881,1.75,1.00
2015.11.25 15:06:54.672,8.68597,8.68791,1.75,1.00
2015.11.25 15:06:55.483,8.68597,8.68791,1.07,1.00
2015.11.25 15:06:56.669,8.68569,8.6879,1.75,1.00
2015.11.25 15:06:56.720,8.68569,8.6879,1.00,1.00
2015.11.25 15:06:59.938,8.68586,8.68808,1.00,1.00
2015.11.25 15:06:59.989,8.68631,8.68811,1.00,1.00
2015.11.25 15:07:00.329,8.68631,8.68851,1.00,1.00
2015.11.25 15:07:00.380,8.68631,8.68818,1.00,1.00
2015.11.25 15:07:00.482,8.68602,8.68797,1.00,1.00
2015.11.25 15:07:01.252,8.68573,8.68795,1.00,1.00
2015.11.25 15:07:01.935,8.68573,8.68785,1.00,1.00
2015.11.25 15:07:02.763,8.68565,8.68765,1.00,1.00
2015.11.25 15:07:02.814,8.68544,8.68765,1.00,1.00
2015.11.25 15:07:03.209,8.68544,8.68765,1.00,1.75
2015.11.25 15:07:03.402,8.68544,8.68765,1.00,1.00
2015.11.25 15:07:03.644,8.68544,8.68751,1.00,1.00
2015.11.25 15:07:04.206,8.68544,8.68765,1.00,1.00
2015.11.25 15:07:04.325,8.68544,8.68746,1.00,1.00
2015.11.25 15:07:04.376,8.68511,8.68731,1.00,1.00
2015.11.25 15:07:04.893,8.6851,8.68731,1.00,1.00
2015.11.25 15:07:04.944,8.6851,8.68722,1.00,1.00
2015.11.25 15:07:05.572,8.68502,8.68703,1.69,1.00
2015.11.25 15:07:05.624,8.68492,8.68703,1.69,1.00
2015.11.25 15:07:05.743,8.68492,8.68703,1.69,1.75
2015.11.25 15:07:05.946,8.68481,8.68703,1.00,1.75
2015.11.25 15:07:06.048,8.68481,8.68703,1.00,1.00
2015.11.25 15:07:06.794,8.68484,8.68703,1.00,1.00
2015.11.25 15:07:06.845,8.68481,8.68703,1.00,1.00
2015.11.25 15:07:13.302,8.68471,8.68669,1.00,1.00
2015.11.25 15:07:13.404,8.68455,8.68669,1.00,1.00
2015.11.25 15:07:13.691,8.68461,8.68669,1.00,1.00
2015.11.25 15:07:14.598,8.68448,8.68669,1.00,1.00
2015.11.25 15:07:15.078,8.68479,8.68689,1.00,1.07
2015.11.25 15:07:16.129,8.68479,8.68701,1.00,1.00
2015.11.25 15:07:22.867,8.68479,8.68695,1.00,1.00
2015.11.25 15:07:23.672,8.6846,8.68662,1.00,1.00
2015.11.25 15:07:23.723,8.6844,8.68662,1.00,1.00
2015.11.25 15:07:25.001,8.68432,8.68632,1.69,1.00
2015.11.25 15:07:25.335,8.68444,8.68644,1.00,1.00
2015.11.25 15:07:25.672,8.68444,8.68614,1.00,1.00
2015.11.25 15:07:25.723,8.68415,8.68614,1.00,1.00
2015.11.25 15:07:31.251,8.68415,8.68614,1.37,1.00
2015.11.25 15:07:32.651,8.68415,8.68614,1.00,1.00
2015.11.25 15:07:33.390,8.68415,8.68613,1.00,1.00
2015.11.25 15:07:33.441,8.68382,8.68593,1.00,1.00
2015.11.25 15:07:34.201,8.68382,8.68586,1.00,1.00
2015.11.25 15:07:34.526,8.68382,8.68586,1.00,1.37
2015.11.25 15:07:35.427,8.68382,8.68586,1.00,1.00
2015.11.25 15:07:39.199,8.68402,8.68614,1.07,1.00
2015.11.25 15:07:39.532,8.68402,8.68614,1.37,1.00
2015.11.25 15:07:40.741,8.68402,8.68614,1.75,1.00
2015.11.25 15:07:41.292,8.68402,8.68614,1.37,1.00
2015.11.25 15:07:41.899,8.68402,8.68614,1.00,1.00
2015.11.25 15:07:42.501,8.68402,8.68614,1.75,1.00
2015.11.25 15:07:43.268,8.68382,8.68594,1.37,1.00
2015.11.25 15:07:43.319,8.68382,8.68594,1.00,1.00
2015.11.25 15:07:46.310,8.68372,8.68594,1.00,1.00
2015.11.25 15:07:46.362,8.68372,8.68589,1.00,1.00
2015.11.25 15:07:46.667,8.68343,8.6854,1.00,1.00
2015.11.25 15:07:46.818,8.68343,8.68559,1.00,1.07
2015.11.25 15:07:46.869,8.68368,8.68559,1.00,1.07
2015.11.25 15:07:47.807,8.68368,8.68562,1.00,1.10
2015.11.25 15:07:48.456,8.68401,8.68583,1.00,1.37
2015.11.25 15:07:48.507,8.68401,8.686,1.00,1.37
2015.11.25 15:07:49.083,8.68381,8.68588,1.00,1.07
2015.11.25 15:07:49.134,8.68369,8.68588,1.00,1.07
2015.11.25 15:07:49.211,8.68369,8.68588,1.00,1.75
2015.11.25 15:07:49.762,8.68369,8.68588,1.00,1.00
2015.11.25 15:07:50.098,8.68368,8.68561,1.00,1.00
2015.11.25 15:07:52.732,8.68368,8.68561,1.00,1.07
2015.11.25 15:07:52.990,8.68371,8.68582,1.00,1.00
2015.11.25 15:07:53.041,8.68371,8.68592,1.00,1.07
2015.11.25 15:07:53.659,8.68371,8.68592,1.00,1.50
2015.11.25 15:07:53.863,8.68371,8.68592,1.00,1.37
2015.11.25 15:07:54.142,8.68371,8.68588,1.00,1.07
2015.11.25 15:07:54.298,8.68371,8.68588,1.00,1.37
2015.11.25 15:07:55.197,8.68371,8.68578,1.00,1.10
2015.11.25 15:07:55.504,8.68371,8.68587,1.00,1.50
2015.11.25 15:07:55.844,8.68371,8.68592,1.00,1.00
2015.11.25 15:07:56.841,8.68371,8.68588,1.00,1.00
2015.11.25 15:07:57.072,8.68371,8.68592,1.00,1.00
2015.11.25 15:07:57.449,8.68371,8.68588,1.00,1.00
2015.11.25 15:07:58.435,8.6841,8.686,1.00,1.00
2015.11.25 15:07:59.102,8.6841,8.686,1.07,1.00
2015.11.25 15:07:59.254,8.6841,8.686,1.00,1.00
2015.11.25 15:08:00.368,8.6841,8.686,1.00,1.07
2015.11.25 15:08:05.794,8.6841,8.68581,1.00,1.00
2015.11.25 15:08:06.875,8.68372,8.68581,1.00,1.00
2015.11.25 15:08:07.183,8.68372,8.68581,2.25,1.00
2015.11.25 15:08:07.487,8.68418,8.68581,1.37,1.00
2015.11.25 15:08:07.967,8.68388,8.68548,1.07,1.00
2015.11.25 15:08:08.375,8.68388,8.68548,1.00,1.00
2015.11.25 15:08:10.869,8.68368,8.68548,1.00,1.00
2015.11.25 15:08:10.920,8.68354,8.68548,1.00,1.00
2015.11.25 15:08:15.053,8.68334,8.68543,1.00,1.00
2015.11.25 15:08:15.104,8.68324,8.68543,1.00,1.00
2015.11.25 15:08:16.915,8.68371,8.68548,1.00,1.00
2015.11.25 15:08:18.181,8.68352,8.68548,1.00,1.00
2015.11.25 15:08:18.232,8.68339,8.68548,1.00,1.00
2015.11.25 15:08:20.826,8.68316,8.68521,1.00,1.00
2015.11.25 15:08:21.237,8.68316,8.68521,1.00,1.37
2015.11.25 15:08:21.730,8.68316,8.68483,1.00,1.10
2015.11.25 15:08:22.096,8.68264,8.68483,1.00,1.10
2015.11.25 15:08:22.147,8.68264,8.68483,1.00,1.75
2015.11.25 15:08:22.464,8.68264,8.68478,1.00,1.75
2015.11.25 15:08:23.332,8.68264,8.68483,1.00,1.75
2015.11.25 15:08:25.153,8.68262,8.68477,2.44,1.75
2015.11.25 15:08:25.686,8.6827,8.68483,1.00,1.75
2015.11.25 15:08:27.411,8.6827,8.68464,1.00,1.75
2015.11.25 15:08:27.462,8.68252,8.68418,1.00,1.75
2015.11.25 15:08:27.513,8.68252,8.68418,1.00,1.07
2015.11.25 15:08:27.875,8.68222,8.68438,1.00,1.75
2015.11.25 15:08:27.977,8.68194,8.68416,1.00,1.07
2015.11.25 15:08:28.538,8.68232,8.68441,1.00,1.75
2015.11.25 15:08:28.639,8.68232,8.68453,1.00,1.75
2015.11.25 15:08:28.741,8.68232,8.68453,1.00,1.07
2015.11.25 15:08:28.947,8.68191,8.68411,1.00,1.00
2015.11.25 15:08:29.692,8.68095,8.68314,1.75,1.00
2015.11.25 15:08:30.242,8.68092,8.68314,1.07,1.00
2015.11.25 15:08:30.461,8.68058,8.68279,1.37,1.00
2015.11.25 15:08:30.806,8.68058,8.68279,1.00,1.00
2015.11.25 15:08:31.083,8.68078,8.68279,1.00,1.00
2015.11.25 15:08:32.247,8.68114,8.68279,1.00,1.00
2015.11.25 15:08:33.842,8.68101,8.68208,1.00,1.00
2015.11.25 15:08:33.893,8.68066,8.68208,1.00,1.00
2015.11.25 15:08:33.945,8.68062,8.68208,1.00,1.50
2015.11.25 15:08:33.995,8.68062,8.68118,1.00,1.00
2015.11.25 15:08:34.046,8.68004,8.68118,1.00,1.00
2015.11.25 15:08:34.097,8.68004,8.68078,1.00,1.00
2015.11.25 15:08:34.249,8.67969,8.68078,1.00,1.00
2015.11.25 15:08:34.300,8.67923,8.68045,1.69,1.00
2015.11.25 15:08:34.720,8.67923,8.68026,1.69,1.00
2015.11.25 15:08:34.771,8.67875,8.68112,1.00,1.00
2015.11.25 15:08:36.487,8.67852,8.68078,1.77,1.00
2015.11.25 15:08:37.312,8.67947,8.68169,1.00,1.00
2015.11.25 15:08:37.768,8.67947,8.68132,1.00,1.00
2015.11.25 15:08:37.819,8.67929,8.68132,1.00,1.00
2015.11.25 15:08:37.870,8.67913,8.68091,1.69,1.00
2015.11.25 15:08:38.285,8.67912,8.68078,1.00,1.00
2015.11.25 15:08:38.336,8.67853,8.68058,1.69,1.00
2015.11.25 15:08:38.912,8.67837,8.68058,1.00,1.00
2015.11.25 15:08:39.405,8.67802,8.68021,1.69,1.00
2015.11.25 15:08:39.507,8.67845,8.68066,1.00,1.00
2015.11.25 15:08:39.608,8.67845,8.68066,1.00,1.75
2015.11.25 15:08:39.710,8.67845,8.68066,1.00,1.00
2015.11.25 15:08:39.761,8.67845,8.68062,1.00,1.00
2015.11.25 15:08:39.813,8.67845,8.68066,1.00,1.00
2015.11.25 15:08:40.551,8.67845,8.68065,1.00,1.00
2015.11.25 15:08:40.983,8.67845,8.68047,1.00,1.00
2015.11.25 15:08:41.946,8.6781,8.68031,1.00,1.00
2015.11.25 15:08:42.050,8.6781,8.68031,1.00,1.50
2015.11.25 15:08:42.202,8.6776,8.67982,1.00,1.00
2015.11.25 15:08:43.113,8.67793,8.68001,1.00,1.00
2015.11.25 15:08:43.164,8.67793,8.68014,1.00,1.00
2015.11.25 15:08:43.417,8.67822,8.68016,1.00,1.00
2015.11.25 15:08:44.318,8.67822,8.68037,1.00,1.00
2015.11.25 15:08:45.966,8.67822,8.68043,1.00,1.00
2015.11.25 15:08:46.619,8.67793,8.68014,1.00,1.00
2015.11.25 15:08:48.126,8.67826,8.68035,1.00,1.00
2015.11.25 15:08:48.559,8.67859,8.68067,1.00,1.00
2015.11.25 15:08:48.610,8.679,8.68121,1.00,1.00
2015.11.25 15:08:48.661,8.679,8.68121,1.00,1.37
2015.11.25 15:08:48.831,8.679,8.68121,1.00,1.00
2015.11.25 15:08:48.984,8.679,8.68121,1.00,1.75
2015.11.25 15:08:49.035,8.67859,8.6808,1.00,1.00
2015.11.25 15:08:49.669,8.6783,8.68051,1.00,1.00
2015.11.25 15:08:50.292,8.6783,8.6805,1.00,1.00
2015.11.25 15:08:50.853,8.6786,8.6805,1.00,1.00
2015.11.25 15:08:53.971,8.67863,8.6805,1.69,1.00
2015.11.25 15:08:54.671,8.6786,8.68079,1.37,1.00
2015.11.25 15:08:54.722,8.67908,8.68079,1.00,1.00
2015.11.25 15:08:54.774,8.67866,8.68079,1.07,1.00
2015.11.25 15:08:54.889,8.67866,8.68079,1.00,1.00
2015.11.25 15:08:54.940,8.67834,8.68055,1.75,1.00
2015.11.25 15:08:55.041,8.67834,8.68055,1.07,1.00
2015.11.25 15:08:55.708,8.67866,8.68074,1.10,1.00
2015.11.25 15:08:55.760,8.67866,8.68079,1.10,1.00
2015.11.25 15:08:55.982,8.67866,8.68079,1.07,1.00
2015.11.25 15:08:56.235,8.67853,8.68074,1.00,1.00
2015.11.25 15:08:58.848,8.67853,8.68074,1.00,1.37
2015.11.25 15:08:59.275,8.67801,8.68022,1.00,1.00
2015.11.25 15:08:59.751,8.67831,8.6805,1.00,1.00
2015.11.25 15:09:00.442,8.67831,8.68035,1.00,1.00
2015.11.25 15:09:01.649,8.67866,8.68035,1.00,1.00
2015.11.25 15:09:01.962,8.67894,8.68035,1.00,1.00
2015.11.25 15:09:02.340,8.67865,8.68035,1.00,1.00
2015.11.25 15:09:04.310,8.67844,8.68035,1.00,1.00
2015.11.25 15:09:04.361,8.67832,8.68035,1.00,1.00
2015.11.25 15:09:04.719,8.67832,8.68042,1.00,1.00
2015.11.25 15:09:04.862,8.67832,8.68015,1.00,1.00
2015.11.25 15:09:05.770,8.67799,8.68015,1.00,1.00
2015.11.25 15:09:05.922,8.67799,8.6802,1.00,1.00
2015.11.25 15:09:06.124,8.67799,8.68,1.00,1.00
2015.11.25 15:09:07.581,8.67838,8.68,1.00,1.00
2015.11.25 15:09:07.783,8.67805,8.68,1.00,1.00
2015.11.25 15:09:08.357,8.67782,8.67997,2.44,1.00
2015.11.25 15:09:08.411,8.67776,8.67997,1.00,1.00
2015.11.25 15:09:08.991,8.67776,8.67997,1.37,1.00
2015.11.25 15:09:09.576,8.67776,8.67997,1.07,1.00
2015.11.25 15:09:09.678,8.67789,8.67997,1.00,1.00
2015.11.25 15:09:09.805,8.67776,8.67997,1.07,1.00
2015.11.25 15:09:09.907,8.67806,8.68004,1.00,1.00
2015.11.25 15:09:10.994,8.67772,8.67971,1.37,1.00
2015.11.25 15:09:11.096,8.67754,8.67971,1.07,1.00
2015.11.25 15:09:11.198,8.67754,8.67971,1.00,1.00
2015.11.25 15:09:11.350,8.67749,8.67971,1.00,1.00
2015.11.25 15:09:11.839,8.67717,8.67938,1.00,1.00
2015.11.25 15:09:13.918,8.67754,8.67961,1.00,1.00
2015.11.25 15:09:14.534,8.67754,8.67975,1.00,1.00
2015.11.25 15:09:14.657,8.67754,8.67951,1.00,1.00
2015.11.25 15:09:14.708,8.67734,8.67941,1.00,1.00
2015.11.25 15:09:14.759,8.67722,8.67941,1.00,1.00
2015.11.25 15:09:15.062,8.67722,8.67932,1.00,1.00
2015.11.25 15:09:15.583,8.67642,8.6786,1.69,1.00
2015.11.25 15:09:15.736,8.67639,8.6786,1.00,1.00
2015.11.25 15:09:15.837,8.67605,8.67826,1.00,1.00
2015.11.25 15:09:16.273,8.67605,8.67816,1.00,1.00
2015.11.25 15:09:17.075,8.67585,8.6777,1.00,1.00
2015.11.25 15:09:17.127,8.67549,8.6777,1.00,1.00
2015.11.25 15:09:18.500,8.67552,8.6777,1.00,1.00
2015.11.25 15:09:18.665,8.67549,8.6777,1.00,1.00
2015.11.25 15:09:22.323,8.67553,8.6777,1.00,1.00
2015.11.25 15:09:22.570,8.67549,8.6777,1.00,1.00
2015.11.25 15:09:22.838,8.6753,8.67742,1.00,1.00
2015.11.25 15:09:22.889,8.67523,8.67742,1.00,1.00
2015.11.25 15:09:22.940,8.67521,8.67742,1.00,1.00
2015.11.25 15:09:23.625,8.67502,8.67697,1.00,1.00
2015.11.25 15:09:23.676,8.67482,8.67697,1.69,1.00
2015.11.25 15:09:23.780,8.67476,8.67697,1.00,1.00
2015.11.25 15:09:24.470,8.67435,8.67656,1.37,1.00
2015.11.25 15:09:24.521,8.67435,8.67656,1.00,1.00
2015.11.25 15:09:24.975,8.67482,8.67656,1.00,1.00
2015.11.25 15:09:25.026,8.67484,8.67676,1.00,1.00
2015.11.25 15:09:25.077,8.67484,8.67705,1.00,1.00
2015.11.25 15:09:26.050,8.67491,8.67705,1.00,1.00
2015.11.25 15:09:27.270,8.67453,8.67672,1.00,1.00
2015.11.25 15:09:27.670,8.67463,8.67672,1.00,1.00
2015.11.25 15:09:29.075,8.67453,8.67672,1.00,1.00
2015.11.25 15:09:29.177,8.67453,8.67632,1.00,1.00
2015.11.25 15:09:29.328,8.67412,8.67632,1.37,1.00
2015.11.25 15:09:29.819,8.67411,8.67632,1.00,1.00
2015.11.25 15:09:30.296,8.67428,8.67632,1.00,1.00
2015.11.25 15:09:30.347,8.67411,8.67632,1.00,1.00
2015.11.25 15:09:30.398,8.67426,8.67632,1.00,1.00
2015.11.25 15:09:30.854,8.67468,8.67632,1.00,1.00
2015.11.25 15:09:30.905,8.67489,8.67702,1.00,1.00
2015.11.25 15:09:31.009,8.67489,8.67709,1.00,1.00
2015.11.25 15:09:31.290,8.67489,8.67707,1.00,1.00
2015.11.25 15:09:31.593,8.67457,8.67635,1.00,1.00
2015.11.25 15:09:31.643,8.67431,8.67635,1.00,1.00
2015.11.25 15:09:32.084,8.67431,8.67635,1.37,1.00
2015.11.25 15:09:32.488,8.67464,8.67663,1.00,1.00
2015.11.25 15:09:32.639,8.67464,8.67663,1.12,1.00
2015.11.25 15:09:33.181,8.67464,8.67663,1.00,1.00
2015.11.25 15:09:34.342,8.67479,8.67663,1.00,1.00
2015.11.25 15:09:34.666,8.67499,8.67663,1.00,1.00
2015.11.25 15:09:36.484,8.67467,8.67663,1.00,1.00
2015.11.25 15:09:40.241,8.67496,8.67663,1.00,1.00
2015.11.25 15:09:46.131,8.6753,8.67663,1.00,1.00
2015.11.25 15:09:46.182,8.6753,8.67682,1.00,1.00
2015.11.25 15:09:47.271,8.67498,8.67682,1.00,1.00
2015.11.25 15:09:47.474,8.67498,8.67682,1.37,1.00
2015.11.25 15:09:47.786,8.67498,8.67682,1.75,1.00
2015.11.25 15:09:47.938,8.67498,8.67682,1.75,1.00
2015.11.25 15:09:48.379,8.67526,8.67682,1.00,1.00
2015.11.25 15:09:48.430,8.67481,8.67682,1.00,1.00
2015.11.25 15:09:48.481,8.67481,8.67682,1.75,1.00
2015.11.25 15:09:49.595,8.67512,8.67733,1.00,1.00
2015.11.25 15:09:49.798,8.6754,8.67753,1.00,1.00
2015.11.25 15:09:49.849,8.6754,8.67762,1.00,1.00
2015.11.25 15:09:50.253,8.6754,8.67762,1.75,1.00
2015.11.25 15:09:50.839,8.67573,8.67762,1.00,1.00
2015.11.25 15:09:50.893,8.67594,8.67813,1.00,1.00
2015.11.25 15:09:51.000,8.6763,8.67834,1.00,1.00
2015.11.25 15:09:51.051,8.6763,8.67851,1.00,1.00
2015.11.25 15:09:52.161,8.67666,8.67888,1.00,1.00
2015.11.25 15:09:52.547,8.67634,8.67855,1.00,1.00
2015.11.25 15:09:53.283,8.67614,8.67822,1.00,1.00
2015.11.25 15:09:53.385,8.67601,8.67822,1.00,1.00
2015.11.25 15:09:53.809,8.67631,8.67842,1.00,1.00
2015.11.25 15:09:53.860,8.67631,8.67852,1.00,1.00
2015.11.25 15:09:54.368,8.67639,8.67852,1.00,1.00
2015.11.25 15:09:54.419,8.67659,8.67881,1.00,1.00
2015.11.25 15:09:56.731,8.67693,8.67901,1.00,1.00
2015.11.25 15:09:56.782,8.67693,8.67906,1.00,1.00
2015.11.25 15:09:57.191,8.67693,8.67904,1.00,1.00
2015.11.25 15:09:57.698,8.67693,8.67912,1.00,1.00
2015.11.25 15:09:58.520,8.67661,8.67883,1.12,1.00
2015.11.25 15:09:58.824,8.67711,8.67863,1.00,1.00
2015.11.25 15:09:59.077,8.67711,8.67932,1.37,1.00
2015.11.25 15:10:00.340,8.67758,8.67952,1.00,1.00
2015.11.25 15:10:00.391,8.67758,8.67979,1.00,1.00
2015.11.25 15:10:00.889,8.67738,8.67946,1.00,1.00
2015.11.25 15:10:00.950,8.67725,8.67941,1.00,1.00
2015.11.25 15:10:01.170,8.67725,8.67933,1.00,1.00
2015.11.25 15:10:01.271,8.67686,8.67905,1.00,1.07
2015.11.25 15:10:01.524,8.67686,8.67905,1.00,1.37
2015.11.25 15:10:02.098,8.67665,8.67844,1.00,1.00
2015.11.25 15:10:02.149,8.67636,8.67826,1.00,1.00
2015.11.25 15:10:02.200,8.67607,8.67826,1.00,1.00
2015.11.25 15:10:02.638,8.6765,8.67846,1.00,1.00
2015.11.25 15:10:02.689,8.6765,8.6787,1.00,1.75
2015.11.25 15:10:02.841,8.6765,8.67871,1.00,1.37
2015.11.25 15:10:03.247,8.67679,8.67891,1.00,1.00
2015.11.25 15:10:03.298,8.67679,8.679,1.00,1.00
2015.11.25 15:10:04.076,8.6771,8.67919,1.00,1.00
2015.11.25 15:10:04.127,8.6771,8.67931,1.00,1.12
2015.11.25 15:10:05.581,8.6771,8.67925,1.00,1.00
2015.11.25 15:10:06.684,8.6771,8.679,1.00,1.00
2015.11.25 15:10:06.887,8.6771,8.67926,1.00,1.00
2015.11.25 15:10:06.938,8.6771,8.67917,1.00,1.00
2015.11.25 15:10:06.989,8.67676,8.67895,1.00,1.00
2015.11.25 15:10:07.687,8.67676,8.67897,1.00,1.00
2015.11.25 15:10:07.839,8.6768,8.67897,1.00,1.00
2015.11.25 15:10:09.017,8.67705,8.67927,1.00,1.00
2015.11.25 15:10:10.504,8.67705,8.67915,1.00,1.00
2015.11.25 15:10:11.919,8.67726,8.67927,1.00,1.00
2015.11.25 15:10:12.251,8.67746,8.67943,1.00,1.37
2015.11.25 15:10:12.602,8.67746,8.67913,1.00,1.00
2015.11.25 15:10:13.612,8.67726,8.67913,1.00,1.00
2015.11.25 15:10:13.713,8.67705,8.67913,1.00,1.00
2015.11.25 15:10:14.790,8.67745,8.67913,1.00,1.00
2015.11.25 15:10:14.891,8.67745,8.67966,1.00,1.37
2015.11.25 15:10:14.993,8.67745,8.67949,1.00,1.00
2015.11.25 15:10:15.094,8.67745,8.67966,1.00,1.37
2015.11.25 15:10:16.015,8.6778,8.68002,1.00,1.75
2015.11.25 15:10:16.133,8.6778,8.68002,1.00,1.00
2015.11.25 15:10:17.186,8.67846,8.68054,1.00,1.00
2015.11.25 15:10:17.240,8.67846,8.68067,1.00,1.00
2015.11.25 15:10:17.688,8.67846,8.68067,1.00,1.12
2015.11.25 15:10:18.409,8.67846,8.68067,1.00,1.75
2015.11.25 15:10:18.460,8.67846,8.68067,1.00,1.00
2015.11.25 15:10:18.660,8.67846,8.68067,1.00,1.75
2015.11.25 15:10:19.438,8.67846,8.68042,1.00,1.75
2015.11.25 15:10:19.828,8.67811,8.68033,1.00,1.75
2015.11.25 15:10:19.880,8.67811,8.68033,1.00,2.25
2015.11.25 15:10:20.082,8.67792,8.67976,1.00,1.00
2015.11.25 15:10:20.133,8.67755,8.67976,1.00,1.00
2015.11.25 15:10:20.489,8.67755,8.67965,1.00,1.00
2015.11.25 15:10:20.784,8.67706,8.67927,1.00,1.07
2015.11.25 15:10:20.835,8.67665,8.67886,1.00,1.00
2015.11.25 15:10:22.574,8.67637,8.67858,1.00,1.00
2015.11.25 15:10:22.901,8.67618,8.67829,1.00,1.00
2015.11.25 15:10:22.951,8.67608,8.67829,1.00,1.00
2015.11.25 15:10:23.902,8.67612,8.67829,1.00,1.00
2015.11.25 15:10:25.794,8.67637,8.67849,1.00,1.00
2015.11.25 15:10:25.846,8.67637,8.67857,1.00,1.00
2015.11.25 15:10:26.313,8.6767,8.67868,1.00,1.00
2015.11.25 15:10:29.211,8.6765,8.67862,1.00,1.00
2015.11.25 15:10:29.262,8.67641,8.67862,1.00,1.00
2015.11.25 15:10:29.751,8.67641,8.67845,1.00,1.00
2015.11.25 15:10:29.803,8.67605,8.67824,1.00,1.00
2015.11.25 15:10:31.270,8.67605,8.67816,1.00,1.00
2015.11.25 15:10:32.183,8.67605,8.67824,1.00,1.00
2015.11.25 15:10:33.578,8.67624,8.67824,1.00,1.00
2015.11.25 15:10:33.730,8.67632,8.67845,1.00,1.00
2015.11.25 15:10:33.781,8.67632,8.67854,1.00,1.10
2015.11.25 15:10:40.066,8.67612,8.67819,1.00,1.00
2015.11.25 15:10:40.117,8.67599,8.67819,1.00,1.00
2015.11.25 15:10:40.741,8.67631,8.67831,1.00,1.00
2015.11.25 15:10:40.895,8.67631,8.67852,1.00,1.00
2015.11.25 15:10:40.946,8.67664,8.67871,1.00,1.00
2015.11.25 15:10:40.997,8.67664,8.67884,1.00,1.00
2015.11.25 15:10:43.841,8.67664,8.67878,1.00,1.00
2015.11.25 15:10:44.195,8.67646,8.67852,1.00,1.00
2015.11.25 15:10:44.998,8.67631,8.67852,1.00,1.00
2015.11.25 15:10:45.553,8.67631,8.6785,1.00,1.00
2015.11.25 15:10:46.455,8.67631,8.67844,1.00,1.00
2015.11.25 15:10:46.971,8.67631,8.67852,1.00,1.00
2015.11.25 15:10:47.123,8.67643,8.67852,1.00,1.00
2015.11.25 15:10:47.725,8.67673,8.67879,1.00,1.00
2015.11.25 15:10:48.133,8.67673,8.67892,1.00,1.00
2015.11.25 15:10:48.409,8.67673,8.67887,1.00,1.75
2015.11.25 15:10:48.662,8.67652,8.67858,1.00,1.00
2015.11.25 15:10:48.713,8.67637,8.67858,1.00,1.00
2015.11.25 15:10:48.765,8.67618,8.67829,1.00,1.00
2015.11.25 15:10:49.173,8.67607,8.67829,1.00,1.00
2015.11.25 15:10:50.487,8.67607,8.67818,1.00,1.00
2015.11.25 15:10:50.791,8.6765,8.67829,1.00,1.00
2015.11.25 15:10:50.842,8.6765,8.67871,1.00,1.00
2015.11.25 15:10:53.959,8.67678,8.67873,1.00,1.00
2015.11.25 15:10:54.711,8.67658,8.67849,1.00,1.00
2015.11.25 15:10:54.763,8.67641,8.67849,1.00,1.00
2015.11.25 15:10:54.915,8.6763,8.67849,1.00,1.00
2015.11.25 15:10:56.484,8.67674,8.67852,1.00,1.00
2015.11.25 15:10:56.546,8.67674,8.67895,1.00,1.00
2015.11.25 15:10:56.597,8.67705,8.67915,1.00,1.00
2015.11.25 15:10:56.648,8.67705,8.67926,1.00,1.00
2015.11.25 15:10:57.095,8.67737,8.67945,1.00,1.00
2015.11.25 15:10:57.146,8.67737,8.67957,1.00,1.07
2015.11.25 15:10:57.749,8.67737,8.67957,1.00,1.00
2015.11.25 15:10:58.179,8.67737,8.67958,1.07,1.00
2015.11.25 15:10:59.179,8.67737,8.67958,1.00,1.37
2015.11.25 15:10:59.482,8.67774,8.67978,1.00,1.00
2015.11.25 15:10:59.583,8.67774,8.67995,1.00,1.00
2015.11.25 15:11:01.336,8.67794,8.67995,1.00,1.00
2015.11.25 15:11:02.303,8.67807,8.68015,1.00,1.00
2015.11.25 15:11:02.354,8.67807,8.68018,1.00,1.00
2015.11.25 15:11:02.576,8.67807,8.68008,1.00,1.00
2015.11.25 15:11:03.202,8.67807,8.68028,1.00,2.32
2015.11.25 15:11:03.430,8.67807,8.68008,1.00,1.00
2015.11.25 15:11:03.781,8.67807,8.67978,1.00,1.00
2015.11.25 15:11:03.832,8.67788,8.67978,1.00,1.00
2015.11.25 15:11:03.883,8.6777,8.67968,1.00,1.00
2015.11.25 15:11:04.021,8.67764,8.67968,1.00,1.00
2015.11.25 15:11:04.475,8.67757,8.67958,1.00,1.07
2015.11.25 15:11:04.776,8.67757,8.67937,1.00,1.00
2015.11.25 15:11:04.877,8.67757,8.67958,1.00,1.07
2015.11.25 15:11:06.452,8.67763,8.67958,1.00,1.07
2015.11.25 15:11:06.509,8.67763,8.67958,1.00,1.00
2015.11.25 15:11:06.610,8.6779,8.67958,1.00,1.00
2015.11.25 15:11:06.661,8.6779,8.67978,1.00,1.07
2015.11.25 15:11:07.632,8.6779,8.67998,1.37,1.00
2015.11.25 15:11:07.935,8.67824,8.67998,1.00,1.00
2015.11.25 15:11:08.694,8.67824,8.67988,1.00,1.00
2015.11.25 15:11:08.846,8.67824,8.67998,1.00,1.07
2015.11.25 15:11:09.199,8.67824,8.68043,1.00,1.07
2015.11.25 15:11:09.301,8.67864,8.68058,1.00,1.37
2015.11.25 15:11:09.829,8.67864,8.68068,1.00,1.75
2015.11.25 15:11:09.882,8.67864,8.68058,1.00,1.00
2015.11.25 15:11:10.361,8.67864,8.68068,1.00,1.12
2015.11.25 15:11:11.174,8.67864,8.68078,1.00,1.07
2015.11.25 15:11:11.506,8.67864,8.68058,1.00,1.00
2015.11.25 15:11:11.809,8.67864,8.68048,1.00,1.00
2015.11.25 15:11:12.524,8.67864,8.68047,1.00,1.00
2015.11.25 15:11:12.575,8.67864,8.68058,1.00,1.10
2015.11.25 15:11:13.376,8.67864,8.68078,1.00,1.07
2015.11.25 15:11:14.017,8.67897,8.68088,1.00,1.37
2015.11.25 15:11:16.204,8.67897,8.68111,1.00,1.00
2015.11.25 15:11:16.255,8.67897,8.68118,1.00,1.57
2015.11.25 15:11:17.055,8.67897,8.68118,1.50,1.57
2015.11.25 15:11:17.437,8.67897,8.68117,1.50,1.75
2015.11.25 15:11:18.325,8.67843,8.68047,1.00,1.07
2015.11.25 15:11:18.542,8.67843,8.68064,1.00,1.00
2015.11.25 15:11:18.761,8.67843,8.68058,1.00,1.00
2015.11.25 15:11:19.079,8.67843,8.68064,1.00,1.75
2015.11.25 15:11:19.445,8.67843,8.68064,1.00,1.75
2015.11.25 15:11:19.496,8.67851,8.68064,1.00,1.75
2015.11.25 15:11:19.599,8.67876,8.68068,1.00,1.00
2015.11.25 15:11:19.821,8.67876,8.68083,1.00,1.37
2015.11.25 15:11:20.750,8.67876,8.68097,1.07,1.00
2015.11.25 15:11:20.805,8.6789,8.68097,1.00,1.00
2015.11.25 15:11:21.126,8.67876,8.68097,1.50,1.00
2015.11.25 15:11:22.182,8.67905,8.68097,1.00,1.00
2015.11.25 15:11:23.287,8.67905,8.67988,1.00,1.00
2015.11.25 15:11:23.338,8.67795,8.67988,1.00,1.00
2015.11.25 15:11:23.389,8.67795,8.67967,1.00,1.00
2015.11.25 15:11:23.440,8.67769,8.67967,1.00,1.00
2015.11.25 15:11:23.491,8.67802,8.68007,1.00,1.00
2015.11.25 15:11:23.794,8.67802,8.68023,1.00,1.00
2015.11.25 15:11:23.895,8.67852,8.68018,1.00,1.00
2015.11.25 15:11:24.290,8.67852,8.68028,1.00,1.00
2015.11.25 15:11:24.344,8.6781,8.67978,1.00,1.00
2015.11.25 15:11:24.652,8.6781,8.67968,1.00,1.00
2015.11.25 15:11:24.854,8.6779,8.67968,1.00,1.00
2015.11.25 15:11:24.963,8.67762,8.67968,1.00,1.00
2015.11.25 15:11:25.014,8.67762,8.67968,1.00,1.07
2015.11.25 15:11:25.446,8.67762,8.67958,1.00,1.00
2015.11.25 15:11:25.499,8.67762,8.67968,1.00,1.00
2015.11.25 15:11:25.550,8.67762,8.67937,1.00,1.00
2015.11.25 15:11:25.989,8.67741,8.67937,1.00,1.00
2015.11.25 15:11:26.040,8.67717,8.67937,1.37,1.00
2015.11.25 15:11:26.091,8.67717,8.67928,1.37,1.00
2015.11.25 15:11:26.242,8.67717,8.67928,1.00,1.37
2015.11.25 15:11:27.096,8.67717,8.67938,1.00,1.57
2015.11.25 15:11:27.332,8.67741,8.67938,1.00,1.57
2015.11.25 15:11:27.980,8.67752,8.67958,1.00,1.75
2015.11.25 15:11:28.423,8.67765,8.67968,1.00,1.75
2015.11.25 15:11:28.474,8.67785,8.67978,1.00,1.12
2015.11.25 15:11:28.619,8.67785,8.67968,1.00,1.00
2015.11.25 15:11:29.155,8.67786,8.67968,1.00,1.00
2015.11.25 15:11:29.715,8.67786,8.67977,1.00,1.07
2015.11.25 15:11:29.766,8.67786,8.67987,1.00,1.00
2015.11.25 15:11:29.830,8.67786,8.67968,1.00,1.00
2015.11.25 15:11:30.293,8.67786,8.67958,1.00,1.00
2015.11.25 15:11:30.933,8.67785,8.67958,1.00,1.00
2015.11.25 15:11:30.990,8.67785,8.67968,1.00,1.00
2015.11.25 15:11:31.391,8.67785,8.67978,1.00,1.07
2015.11.25 15:11:32.679,8.67786,8.67988,1.00,1.37
2015.11.25 15:11:33.369,8.67786,8.67968,1.00,1.00
2015.11.25 15:11:34.129,8.67786,8.67977,1.00,1.10
2015.11.25 15:11:37.920,8.67785,8.67948,1.00,1.75
2015.11.25 15:11:38.022,8.67749,8.67948,1.00,1.75
2015.11.25 15:11:38.124,8.6772,8.67938,1.00,1.37
2015.11.25 15:11:38.188,8.6772,8.67938,1.00,1.75
2015.11.25 15:11:38.340,8.67692,8.67911,1.00,1.37
2015.11.25 15:11:38.848,8.67692,8.67911,1.00,1.00
2015.11.25 15:11:39.992,8.67692,8.67911,1.00,1.12
2015.11.25 15:11:40.516,8.67692,8.679,1.00,1.00
2015.11.25 15:11:40.567,8.67659,8.6788,1.00,1.00
2015.11.25 15:11:40.652,8.67661,8.6788,1.00,1.00
2015.11.25 15:11:42.032,8.67662,8.6788,1.00,1.00
2015.11.25 15:11:43.292,8.6766,8.6788,1.00,1.00
2015.11.25 15:11:43.793,8.6768,8.6788,1.00,1.00
2015.11.25 15:11:44.289,8.67659,8.6788,1.00,1.00
2015.11.25 15:11:44.575,8.67674,8.6788,1.00,1.00
2015.11.25 15:11:44.626,8.67694,8.67916,1.00,1.00
2015.11.25 15:11:45.089,8.67701,8.67922,1.00,1.00
2015.11.25 15:11:45.392,8.67708,8.67913,1.00,1.00
2015.11.25 15:11:45.493,8.67672,8.67893,1.00,1.00
2015.11.25 15:11:53.211,8.67672,8.67876,1.00,1.00
2015.11.25 15:11:53.262,8.67636,8.67855,1.00,1.00
2015.11.25 15:11:53.570,8.6764,8.67855,1.00,1.00
2015.11.25 15:11:53.671,8.67664,8.67886,1.00,1.00
2015.11.25 15:11:53.722,8.67688,8.67886,1.00,1.00
2015.11.25 15:11:53.772,8.67708,8.67929,1.00,1.00
2015.11.25 15:11:53.924,8.67727,8.67929,1.00,1.00
2015.11.25 15:11:54.076,8.67717,8.6793,1.00,1.00
2015.11.25 15:11:54.453,8.67696,8.67907,1.00,1.00
2015.11.25 15:11:54.504,8.67686,8.67907,1.00,1.00
2015.11.25 15:11:55.314,8.677,8.67907,1.00,1.00
2015.11.25 15:11:55.724,8.6772,8.67939,1.00,1.00
2015.11.25 15:12:02.327,8.67733,8.67939,1.00,1.00
2015.11.25 15:12:02.378,8.67753,8.67965,1.00,1.00
2015.11.25 15:12:02.719,8.67753,8.67972,1.00,1.00
2015.11.25 15:12:10.342,8.67753,8.6796,1.00,1.00
2015.11.25 15:12:10.393,8.67719,8.6794,1.00,1.00
2015.11.25 15:12:10.790,8.67731,8.6794,1.00,1.00
2015.11.25 15:12:10.892,8.67719,8.6794,1.00,1.00
2015.11.25 15:12:10.944,8.67719,8.67916,1.00,1.00
2015.11.25 15:12:10.995,8.67675,8.67896,1.00,1.00
2015.11.25 15:12:11.349,8.67672,8.67843,1.00,1.00
2015.11.25 15:12:11.421,8.67621,8.67843,1.00,1.00
2015.11.25 15:12:13.358,8.67621,8.67834,1.00,1.00
2015.11.25 15:12:13.409,8.67593,8.67814,1.00,1.00
2015.11.25 15:12:14.064,8.67618,8.67814,1.00,1.00
2015.11.25 15:12:14.701,8.67593,8.67814,1.00,1.00
2015.11.25 15:12:18.993,8.67607,8.67814,1.00,1.00
2015.11.25 15:12:19.044,8.67602,8.67814,1.00,1.00
2015.11.25 15:12:19.095,8.67593,8.67814,1.00,1.00
2015.11.25 15:12:19.311,8.67622,8.67834,1.00,1.00
2015.11.25 15:12:19.361,8.67622,8.67844,1.00,1.00
2015.11.25 15:12:19.870,8.67624,8.67844,1.00,1.00
2015.11.25 15:12:21.610,8.67622,8.67844,1.00,1.00
2015.11.25 15:12:22.527,8.67626,8.67844,1.00,1.00
2015.11.25 15:12:22.844,8.67655,8.67864,1.00,1.00
2015.11.25 15:12:22.895,8.67655,8.67876,1.00,1.00
2015.11.25 15:12:28.869,8.67685,8.67896,1.00,1.00
2015.11.25 15:12:28.920,8.67685,8.67904,1.00,1.00
2015.11.25 15:12:31.125,8.67717,8.67938,1.00,1.00
2015.11.25 15:12:31.301,8.67684,8.67905,1.00,1.00
2015.11.25 15:12:32.361,8.67718,8.67937,1.00,1.00
2015.11.25 15:12:34.273,8.67749,8.67958,1.00,1.00
2015.11.25 15:12:34.324,8.67749,8.67971,1.00,1.00
2015.11.25 15:12:39.892,8.67729,8.67935,1.00,1.00
2015.11.25 15:12:39.943,8.67714,8.67935,1.00,1.00
2015.11.25 15:12:41.221,8.67725,8.67935,1.00,1.00
2015.11.25 15:12:41.463,8.67714,8.67935,1.00,1.00
2015.11.25 15:12:42.639,8.67724,8.67935,1.00,1.00
2015.11.25 15:12:42.740,8.67744,8.67965,1.00,1.00
2015.11.25 15:12:44.115,8.67744,8.67957,1.00,1.00
2015.11.25 15:12:44.217,8.67716,8.67937,1.00,1.00
2015.11.25 15:12:47.541,8.67725,8.67937,1.00,1.00
2015.11.25 15:12:47.643,8.67716,8.67937,1.00,1.00
2015.11.25 15:12:51.518,8.67745,8.67957,1.00,1.00
2015.11.25 15:12:51.569,8.67745,8.67966,1.00,1.00
2015.11.25 15:12:53.269,8.67715,8.67937,1.00,1.00
2015.11.25 15:12:54.325,8.67695,8.67896,1.00,1.00
2015.11.25 15:12:54.376,8.67674,8.67896,1.00,1.00
2015.11.25 15:12:55.653,8.67806,8.67984,1.00,1.00
2015.11.25 15:12:55.703,8.67806,8.67986,1.00,1.00
2015.11.25 15:12:55.754,8.67806,8.68023,1.00,1.00
2015.11.25 15:12:55.805,8.67806,8.67991,1.00,1.00
2015.11.25 15:12:55.856,8.67806,8.68024,1.00,1.00
2015.11.25 15:12:55.907,8.67806,8.68027,1.00,1.00
2015.11.25 15:12:55.958,8.67769,8.6799,1.00,1.00
2015.11.25 15:12:56.412,8.67736,8.67958,1.00,1.00
2015.11.25 15:12:57.804,8.67718,8.67929,1.00,1.00
2015.11.25 15:12:58.006,8.67708,8.67929,1.00,1.00
2015.11.25 15:12:59.124,8.67729,8.67929,1.00,1.00
2015.11.25 15:12:59.177,8.67768,8.6799,1.00,1.00
2015.11.25 15:12:59.279,8.67809,8.68031,1.00,1.00
2015.11.25 15:12:59.588,8.67777,8.67998,1.00,1.00
2015.11.25 15:13:03.141,8.67736,8.67933,1.00,1.00
2015.11.25 15:13:03.193,8.67712,8.67933,1.00,1.00
2015.11.25 15:13:03.446,8.67712,8.67933,1.00,1.07
2015.11.25 15:13:03.757,8.67712,8.67928,1.00,1.75
2015.11.25 15:13:04.376,8.67712,8.67933,1.00,1.00
2015.11.25 15:13:04.479,8.67747,8.67968,1.00,1.00
2015.11.25 15:13:16.143,8.67747,8.67947,1.00,1.00
2015.11.25 15:13:16.461,8.67617,8.67839,1.75,1.00
2015.11.25 15:13:16.562,8.67617,8.67839,1.12,1.00
2015.11.25 15:13:16.866,8.67617,8.67839,1.00,1.00
2015.11.25 15:13:19.172,8.67643,8.67839,1.00,1.00
2015.11.25 15:13:20.281,8.67645,8.67839,1.00,1.00
2015.11.25 15:13:20.680,8.67647,8.67859,1.00,1.00
2015.11.25 15:13:20.789,8.67647,8.67869,1.00,1.00
2015.11.25 15:13:22.532,8.67647,8.6786,1.00,1.00
2015.11.25 15:13:22.837,8.67599,8.67799,1.00,1.00
2015.11.25 15:13:22.939,8.67582,8.67799,1.00,1.00
2015.11.25 15:13:23.142,8.67578,8.67799,1.00,1.00
2015.11.25 15:13:25.151,8.67585,8.67799,1.00,1.00
2015.11.25 15:13:25.438,8.67578,8.67799,1.00,1.00
2015.11.25 15:13:27.235,8.67607,8.67799,1.00,1.00
2015.11.25 15:13:27.286,8.67626,8.67847,1.00,1.00
2015.11.25 15:13:29.447,8.67656,8.67877,1.00,1.00
2015.11.25 15:13:33.379,8.67694,8.679,1.00,1.00
2015.11.25 15:13:33.690,8.67694,8.67904,1.00,1.00
2015.11.25 15:13:33.893,8.67694,8.67915,1.00,1.00
2015.11.25 15:13:34.959,8.67732,8.67948,1.00,1.07
2015.11.25 15:13:38.743,8.67692,8.67911,1.00,1.00
2015.11.25 15:13:38.996,8.67692,8.67911,1.00,1.37
2015.11.25 15:13:41.475,8.67692,8.67911,1.00,1.00
2015.11.25 15:13:41.639,8.67724,8.67945,1.00,1.75
2015.11.25 15:13:42.055,8.67695,8.67916,1.00,1.00
2015.11.25 15:13:45.895,8.67726,8.67947,1.00,1.75
2015.11.25 15:13:47.366,8.67686,8.67907,1.00,1.00
2015.11.25 15:13:47.467,8.67727,8.67938,1.00,1.00
2015.11.25 15:13:47.518,8.67727,8.67948,1.00,1.00
2015.11.25 15:13:47.569,8.67759,8.67976,1.00,1.12
2015.11.25 15:13:47.942,8.67759,8.67981,1.00,1.07
2015.11.25 15:13:48.596,8.67768,8.67981,1.00,1.07
2015.11.25 15:13:48.902,8.67788,8.68009,1.00,1.75
2015.11.25 15:13:49.436,8.67788,8.68009,1.00,1.75
2015.11.25 15:13:49.968,8.67748,8.67942,1.00,1.37
2015.11.25 15:13:50.019,8.67748,8.67942,1.00,1.75
2015.11.25 15:13:50.170,8.6772,8.67922,1.00,1.75
2015.11.25 15:13:50.221,8.6772,8.67922,1.00,1.75
2015.11.25 15:13:51.557,8.67688,8.67895,1.00,1.37
2015.11.25 15:13:51.764,8.67688,8.6787,1.00,1.00
2015.11.25 15:13:52.067,8.67652,8.67854,1.69,1.37
2015.11.25 15:13:52.168,8.67646,8.67868,1.00,1.75
2015.11.25 15:13:52.920,8.67646,8.67856,1.00,1.75
2015.11.25 15:13:53.532,8.67646,8.67856,1.00,1.75
2015.11.25 15:13:53.705,8.67646,8.67856,1.00,1.07
2015.11.25 15:13:54.224,8.67646,8.67839,1.00,1.00
2015.11.25 15:13:54.380,8.67606,8.67824,1.00,1.50
2015.11.25 15:13:54.481,8.67605,8.67824,1.00,2.25
2015.11.25 15:13:54.848,8.67638,8.67845,1.00,1.75
2015.11.25 15:13:55.383,8.67638,8.6783,1.00,1.00
2015.11.25 15:13:55.438,8.67608,8.67829,1.00,1.00
2015.11.25 15:13:56.017,8.67608,8.67813,1.00,1.00
2015.11.25 15:13:56.631,8.67608,8.67814,1.00,1.07
2015.11.25 15:13:57.749,8.67608,8.67829,1.00,1.75
2015.11.25 15:13:58.195,8.6764,8.67844,1.00,1.75
2015.11.25 15:13:58.599,8.67606,8.67827,1.00,1.75
2015.11.25 15:13:58.773,8.67606,8.6782,1.00,1.00
2015.11.25 15:13:58.975,8.67606,8.67827,1.00,1.07
2015.11.25 15:13:59.392,8.6764,8.67859,1.00,1.00
2015.11.25 15:13:59.690,8.6764,8.6785,1.00,1.00
2015.11.25 15:14:00.721,8.67606,8.67828,1.00,1.10
2015.11.25 15:14:01.453,8.67606,8.67828,1.00,2.25
2015.11.25 15:14:02.390,8.67606,8.67828,1.00,1.75
2015.11.25 15:14:03.170,8.67606,8.67828,1.00,1.12
2015.11.25 15:14:03.825,8.67606,8.67828,1.00,1.00
2015.11.25 15:14:04.962,8.67678,8.67868,1.00,1.00
2015.11.25 15:14:05.013,8.67678,8.67899,1.00,1.10
2015.11.25 15:14:05.118,8.67711,8.67929,1.00,1.75
2015.11.25 15:14:07.375,8.67711,8.67932,1.00,1.37
2015.11.25 15:14:07.719,8.67711,8.67932,1.00,1.00
2015.11.25 15:14:09.105,8.67697,8.67904,1.00,1.00
2015.11.25 15:14:09.257,8.67683,8.67904,1.00,1.00
2015.11.25 15:14:09.459,8.67683,8.67904,1.00,1.37
2015.11.25 15:14:09.610,8.67648,8.67869,1.00,1.00
2015.11.25 15:14:09.765,8.67648,8.67869,1.00,1.07
2015.11.25 15:14:10.279,8.67648,8.67869,1.00,1.75
2015.11.25 15:14:10.536,8.67648,8.67869,1.00,1.07
2015.11.25 15:14:10.587,8.67651,8.67869,1.00,1.07
2015.11.25 15:14:10.890,8.6772,8.67941,1.00,1.75
2015.11.25 15:14:11.865,8.67686,8.67904,1.00,1.00
2015.11.25 15:14:11.941,8.67683,8.67904,1.00,1.00
2015.11.25 15:14:12.144,8.67683,8.67888,1.00,1.00
2015.11.25 15:14:12.461,8.67683,8.67904,1.00,2.25
2015.11.25 15:14:14.685,8.67683,8.67904,1.00,1.37
2015.11.25 15:14:16.112,8.67653,8.67874,1.00,1.00
2015.11.25 15:14:16.163,8.67653,8.67805,1.00,1.00
2015.11.25 15:14:16.315,8.67592,8.6778,1.69,2.62
2015.11.25 15:14:16.417,8.67592,8.678,1.69,1.00
2015.11.25 15:14:16.640,8.6761,8.67829,1.00,1.00
2015.11.25 15:14:16.793,8.67589,8.67795,1.00,1.00
2015.11.25 15:14:16.844,8.67573,8.67795,1.00,1.00
2015.11.25 15:14:17.586,8.67546,8.67767,1.00,1.00
2015.11.25 15:14:17.909,8.67522,8.67727,1.69,1.00
2015.11.25 15:14:18.212,8.67535,8.67756,1.00,1.00
2015.11.25 15:14:19.207,8.67497,8.67716,1.75,1.00
2015.11.25 15:14:19.510,8.67456,8.67657,1.00,1.74
2015.11.25 15:14:19.611,8.67427,8.67638,1.00,1.00
2015.11.25 15:14:19.664,8.67416,8.67638,1.00,1.00
2015.11.25 15:14:20.137,8.67409,8.67607,1.00,1.00
2015.11.25 15:14:20.188,8.67388,8.67607,1.00,1.00
2015.11.25 15:14:20.239,8.67348,8.67569,1.00,1.00
2015.11.25 15:14:20.441,8.67319,8.6754,1.00,1.00
2015.11.25 15:14:22.870,8.67319,8.67512,1.00,1.00
2015.11.25 15:14:24.437,8.6728,8.67502,1.50,1.00
2015.11.25 15:14:24.928,8.6731,8.67512,1.00,1.00
2015.11.25 15:14:26.519,8.6731,8.67512,1.37,1.00
2015.11.25 15:14:26.570,8.6731,8.67531,1.37,1.00
2015.11.25 15:14:26.819,8.67345,8.67565,1.00,1.00
2015.11.25 15:14:31.107,8.67354,8.67565,1.00,1.00
2015.11.25 15:14:33.459,8.67356,8.67565,1.07,1.00
2015.11.25 15:14:33.561,8.67376,8.67586,1.00,1.00
2015.11.25 15:14:33.897,8.67376,8.67597,1.00,1.00
2015.11.25 15:14:34.399,8.67376,8.67591,1.00,1.00
2015.11.25 15:14:35.928,8.67377,8.67588,1.00,1.00
2015.11.25 15:14:36.398,8.67377,8.67599,1.00,1.00
2015.11.25 15:14:36.450,8.67377,8.67593,1.00,1.00
2015.11.25 15:14:36.501,8.67377,8.67599,1.00,1.00
2015.11.25 15:14:36.654,8.67377,8.67594,1.00,1.00
2015.11.25 15:14:38.638,8.67377,8.67599,1.00,1.00
2015.11.25 15:14:38.739,8.67357,8.67538,1.07,1.00
2015.11.25 15:14:38.941,8.67298,8.67506,1.37,1.00
2015.11.25 15:14:38.992,8.67335,8.67506,1.00,1.00
2015.11.25 15:14:39.043,8.67335,8.67526,1.00,1.00
2015.11.25 15:14:39.094,8.67354,8.67538,1.00,1.00
2015.11.25 15:14:39.144,8.67354,8.67558,1.00,1.00
2015.11.25 15:14:39.195,8.67354,8.67566,1.00,1.00
2015.11.25 15:14:39.246,8.67354,8.67566,1.75,1.00
2015.11.25 15:14:39.347,8.67389,8.67585,1.00,1.00
2015.11.25 15:14:39.398,8.67389,8.67608,1.00,1.00
2015.11.25 15:14:40.481,8.67342,8.67563,1.75,1.00
2015.11.25 15:14:40.784,8.67367,8.6755,1.75,1.00
2015.11.25 15:14:40.939,8.67374,8.6757,1.75,1.00
2015.11.25 15:14:40.990,8.67374,8.67596,1.75,1.00
2015.11.25 15:14:41.041,8.67374,8.67596,1.75,1.00
2015.11.25 15:14:41.482,8.67394,8.67615,1.00,1.00
2015.11.25 15:14:41.532,8.67394,8.67599,1.00,1.00
2015.11.25 15:14:43.589,8.67394,8.67578,1.00,1.00
2015.11.25 15:14:43.690,8.67362,8.67578,1.00,1.00
2015.11.25 15:14:44.060,8.67362,8.67582,1.00,1.00
2015.11.25 15:14:44.474,8.67362,8.67553,1.00,1.00
2015.11.25 15:14:44.526,8.67322,8.67533,1.77,1.00
2015.11.25 15:14:44.678,8.67322,8.67503,1.77,1.00
2015.11.25 15:14:44.779,8.67284,8.67503,1.37,1.00
2015.11.25 15:14:44.982,8.67284,8.67503,1.00,1.37
2015.11.25 15:14:45.195,8.67241,8.67462,1.75,1.00
2015.11.25 15:14:46.081,8.67203,8.67421,1.00,1.00
2015.11.25 15:14:46.132,8.672,8.67421,1.00,1.00
2015.11.25 15:14:46.504,8.672,8.67421,1.00,1.75
2015.11.25 15:14:47.431,8.67183,8.67378,1.69,1.00
2015.11.25 15:14:48.038,8.67183,8.67378,1.69,1.07
2015.11.25 15:14:48.395,8.67156,8.67378,1.00,1.07
2015.11.25 15:14:49.203,8.67119,8.67338,1.75,1.00
2015.11.25 15:14:49.630,8.67119,8.67338,1.00,1.00
2015.11.25 15:14:50.726,8.67119,8.6733,1.00,1.00
2015.11.25 15:14:50.928,8.67119,8.67338,1.00,1.00
2015.11.25 15:14:52.365,8.67121,8.67338,1.00,1.00
2015.11.25 15:14:52.517,8.67157,8.67379,1.00,1.00
2015.11.25 15:14:52.971,8.67198,8.67386,1.00,1.00
2015.11.25 15:14:53.862,8.67198,8.67384,1.00,1.00
2015.11.25 15:14:53.915,8.67171,8.67384,1.00,1.00
2015.11.25 15:14:54.425,8.67171,8.67366,1.00,1.00
2015.11.25 15:14:55.230,8.67171,8.67366,1.75,1.00
2015.11.25 15:14:55.281,8.67171,8.67385,1.75,1.00
2015.11.25 15:14:56.005,8.67171,8.6739,2.25,1.00
2015.11.25 15:14:56.832,8.67206,8.67427,1.75,1.00
2015.11.25 15:14:56.884,8.67234,8.67447,1.07,1.00
2015.11.25 15:14:56.935,8.67234,8.67456,1.07,1.00
2015.11.25 15:14:57.734,8.67234,8.67456,1.00,1.00
2015.11.25 15:14:58.205,8.67268,8.67487,1.00,1.00
2015.11.25 15:14:59.290,8.67268,8.67476,1.00,1.00
2015.11.25 15:15:01.197,8.67222,8.6744,1.69,1.00
2015.11.25 15:15:01.258,8.67218,8.6744,1.00,1.07
2015.11.25 15:15:02.704,8.67218,8.6744,1.00,1.00
2015.11.25 15:15:02.807,8.67247,8.6746,1.00,1.00
2015.11.25 15:15:02.858,8.67247,8.67469,1.00,1.00
2015.11.25 15:15:04.011,8.67258,8.67469,1.00,1.00
2015.11.25 15:15:05.364,8.67278,8.6749,1.00,1.00
2015.11.25 15:15:06.962,8.67278,8.67499,1.00,1.07
2015.11.25 15:15:07.013,8.67314,8.67519,1.00,1.37
2015.11.25 15:15:07.115,8.67314,8.67535,1.00,1.00
2015.11.25 15:15:07.226,8.67342,8.67548,1.00,1.00
2015.11.25 15:15:07.346,8.67342,8.67564,1.00,1.00
2015.11.25 15:15:07.516,8.67342,8.67564,1.75,1.00
2015.11.25 15:15:08.712,8.67375,8.67596,1.00,1.00
2015.11.25 15:15:08.763,8.67375,8.67566,1.00,1.00
2015.11.25 15:15:09.034,8.67344,8.67563,1.07,1.00
2015.11.25 15:15:09.677,8.67344,8.67563,1.00,1.00
2015.11.25 15:15:10.502,8.67344,8.67563,1.75,1.00
2015.11.25 15:15:10.553,8.67383,8.67604,1.07,1.00
2015.11.25 15:15:11.271,8.67423,8.67644,1.00,1.00
2015.11.25 15:15:12.948,8.67438,8.67644,1.00,1.00
2015.11.25 15:15:13.922,8.6739,8.67611,1.00,1.00
2015.11.25 15:15:13.975,8.67331,8.67553,1.75,1.00
2015.11.25 15:15:14.026,8.67331,8.67553,1.37,1.00
2015.11.25 15:15:14.178,8.67299,8.6752,1.75,1.00
2015.11.25 15:15:14.229,8.67299,8.6752,1.75,1.00
2015.11.25 15:15:14.732,8.67299,8.6752,1.75,1.00
2015.11.25 15:15:15.239,8.67335,8.67554,1.75,1.00
2015.11.25 15:15:15.767,8.67335,8.67554,1.75,1.00
2015.11.25 15:15:16.600,8.67335,8.67554,1.75,1.00
2015.11.25 15:15:16.758,8.67335,8.67554,1.75,1.00
2015.11.25 15:15:18.033,8.67335,8.67554,1.75,1.00
2015.11.25 15:15:24.112,8.67334,8.6752,1.75,1.00
2015.11.25 15:15:35.345,8.67313,8.6752,1.75,1.00
2015.11.25 15:15:37.846,8.67412,8.67633,1.37,1.00
2015.11.25 15:15:37.998,8.67442,8.67648,1.75,1.00
2015.11.25 15:15:38.049,8.67442,8.67663,1.75,1.00
2015.11.25 15:15:39.097,8.67442,8.67663,1.75,1.00
2015.11.25 15:15:39.415,8.67442,8.67663,1.75,1.00
2015.11.25 15:15:43.387,8.67431,8.67614,1.75,1.00
2015.11.25 15:15:43.438,8.67431,8.67614,1.00,1.00
2015.11.25 15:15:43.489,8.67431,8.67634,1.37,1.00
2015.11.25 15:15:43.540,8.67431,8.67643,1.37,1.00
2015.11.25 15:15:43.847,8.67422,8.67643,1.07,1.00
2015.11.25 15:15:44.701,8.67422,8.67638,1.07,1.00
2015.11.25 15:15:45.130,8.67422,8.67625,1.07,1.00
2015.11.25 15:15:46.540,8.67422,8.67638,1.07,1.07
2015.11.25 15:15:46.591,8.6739,8.67609,1.37,1.00
2015.11.25 15:15:46.693,8.6739,8.67609,1.00,1.00
2015.11.25 15:15:47.114,8.6739,8.67609,1.12,1.00
2015.11.25 15:15:47.807,8.67422,8.67643,1.37,1.00
2015.11.25 15:15:48.110,8.67422,8.67643,1.75,1.00
2015.11.25 15:15:48.211,8.67451,8.67663,1.00,1.00
2015.11.25 15:15:48.262,8.67451,8.67667,1.00,1.00
2015.11.25 15:15:49.080,8.67451,8.67672,1.00,1.00
2015.11.25 15:15:49.132,8.67484,8.67698,1.00,1.75
2015.11.25 15:15:49.234,8.67484,8.67698,1.00,1.00
2015.11.25 15:15:49.285,8.67484,8.67705,1.00,1.00
2015.11.25 15:15:49.438,8.67484,8.67705,1.07,1.00
2015.11.25 15:15:49.749,8.67516,8.67737,1.00,1.12
2015.11.25 15:15:51.412,8.6752,8.67737,1.00,1.12
2015.11.25 15:15:51.973,8.6752,8.67718,1.00,1.00
2015.11.25 15:15:52.023,8.6752,8.67727,1.00,1.00
2015.11.25 15:15:52.129,8.6752,8.67678,1.00,1.00
2015.11.25 15:15:52.331,8.6749,8.67658,1.00,1.00
2015.11.25 15:15:52.382,8.6749,8.67678,1.00,1.00
2015.11.25 15:15:52.483,8.67477,8.67668,1.00,1.00
2015.11.25 15:15:52.584,8.67477,8.67698,1.00,1.50
2015.11.25 15:15:52.797,8.67481,8.67698,1.00,1.50
2015.11.25 15:15:53.172,8.67479,8.67697,1.00,1.00
2015.11.25 15:15:53.223,8.67479,8.67697,1.37,1.00
2015.11.25 15:15:53.324,8.67479,8.67687,1.07,1.00
2015.11.25 15:15:54.000,8.67479,8.67698,1.07,1.50
2015.11.25 15:15:54.108,8.67479,8.67688,1.07,1.00
2015.11.25 15:15:54.598,8.67505,8.67688,1.00,1.00
2015.11.25 15:15:55.234,8.67484,8.67678,1.00,1.00
2015.11.25 15:15:55.336,8.67484,8.67668,1.00,1.00
2015.11.25 15:15:56.359,8.67444,8.67665,1.07,1.00
2015.11.25 15:15:56.562,8.67494,8.67695,1.00,1.75
2015.11.25 15:15:56.613,8.67494,8.67698,1.00,1.07
2015.11.25 15:15:56.816,8.67494,8.67698,1.07,1.00
2015.11.25 15:15:57.111,8.67494,8.67713,1.07,1.00
2015.11.25 15:15:57.560,8.6751,8.67713,1.00,1.00
2015.11.25 15:15:57.611,8.67494,8.67713,1.07,1.00
2015.11.25 15:15:57.713,8.67494,8.67713,1.00,1.07
2015.11.25 15:15:58.101,8.67455,8.67676,1.37,1.37
2015.11.25 15:16:00.346,8.67425,8.67647,1.75,1.00
2015.11.25 15:16:01.153,8.67425,8.67647,1.75,1.00
2015.11.25 15:16:01.204,8.67425,8.67647,1.75,1.00
2015.11.25 15:16:02.610,8.67425,8.67621,2.25,1.00
2015.11.25 15:16:03.193,8.67454,8.6762,1.75,1.00
2015.11.25 15:16:03.294,8.6751,8.6762,1.00,1.00
2015.11.25 15:16:03.345,8.6751,8.67618,1.00,1.00
2015.11.25 15:16:03.548,8.6751,8.6762,1.00,1.00
2015.11.25 15:16:03.599,8.67451,8.6762,1.75,1.00
2015.11.25 15:16:03.751,8.67454,8.67616,1.75,1.00
2015.11.25 15:16:03.953,8.67451,8.6762,1.75,1.00
2015.11.25 15:16:04.358,8.67484,8.67616,1.75,1.00
2015.11.25 15:16:04.473,8.67484,8.67618,1.75,1.00
2015.11.25 15:16:04.947,8.67484,8.67613,1.75,1.00
2015.11.25 15:16:05.048,8.67484,8.67617,1.75,1.00
2015.11.25 15:16:05.936,8.67451,8.67617,1.75,1.00
2015.11.25 15:16:08.134,8.67451,8.67617,1.37,1.00
2015.11.25 15:16:08.936,8.67442,8.6762,2.07,1.00
2015.11.25 15:16:09.142,8.67442,8.67623,2.07,1.00
2015.11.25 15:16:09.293,8.67392,8.67607,2.44,1.00
2015.11.25 15:16:09.344,8.67392,8.67607,2.44,1.00
2015.11.25 15:16:10.974,8.67436,8.67621,1.10,1.00
2015.11.25 15:16:11.126,8.67436,8.67621,1.75,1.00
2015.11.25 15:16:11.500,8.67436,8.67624,1.75,1.00
2015.11.25 15:16:11.553,8.67436,8.67624,1.75,1.00
2015.11.25 15:16:11.764,8.6744,8.67618,1.75,1.00
2015.11.25 15:16:13.744,8.6744,8.67618,1.75,1.00
2015.11.25 15:16:16.202,8.67476,8.67618,1.75,1.00
2015.11.25 15:16:16.303,8.67454,8.67616,1.75,1.00
2015.11.25 15:16:16.405,8.67479,8.67612,1.50,1.00
2015.11.25 15:16:16.507,8.67458,8.67615,1.75,1.00
2015.11.25 15:16:17.522,8.67489,8.67615,1.75,1.00
2015.11.25 15:16:17.974,8.67489,8.67615,1.50,1.00
2015.11.25 15:16:18.718,8.67489,8.6761,1.50,1.00
2015.11.25 15:16:18.768,8.67489,8.6761,1.07,1.00
2015.11.25 15:16:18.821,8.67489,8.67617,1.07,1.00
2015.11.25 15:16:27.526,8.6745,8.67617,1.75,1.00
2015.11.25 15:16:27.632,8.6745,8.67617,1.75,1.00
2015.11.25 15:16:27.947,8.6745,8.67617,1.75,1.00
2015.11.25 15:16:29.260,8.67482,8.67617,1.75,1.00
2015.11.25 15:16:29.607,8.67482,8.67614,1.75,1.00
2015.11.25 15:16:30.702,8.67482,8.67619,1.00,1.00
2015.11.25 15:16:30.854,8.67454,8.67618,1.00,1.00
2015.11.25 15:16:30.911,8.67454,8.67625,1.00,1.00
2015.11.25 15:16:31.166,8.67454,8.6762,1.00,1.00
2015.11.25 15:16:34.577,8.67431,8.6762,1.07,1.00
2015.11.25 15:16:35.736,8.67454,8.6762,1.00,1.00
2015.11.25 15:16:36.069,8.67474,8.6762,1.00,1.00
2015.11.25 15:16:39.086,8.67447,8.6762,1.00,1.00
2015.11.25 15:16:42.634,8.67595,8.6762,1.00,1.00
2015.11.25 15:16:42.736,8.67616,8.67657,1.00,1.00
2015.11.25 15:16:42.787,8.67564,8.67657,1.00,1.00
2015.11.25 15:16:42.838,8.67564,8.67655,1.00,1.00
2015.11.25 15:16:42.939,8.67564,8.67705,1.00,1.00
2015.11.25 15:16:43.124,8.67617,8.67705,1.00,1.00
2015.11.25 15:16:43.178,8.67617,8.67838,1.00,1.75
2015.11.25 15:16:43.279,8.67563,8.67781,1.69,1.50
2015.11.25 15:16:43.380,8.67563,8.67781,1.69,1.75
2015.11.25 15:16:43.431,8.6756,8.67781,1.00,1.75
2015.11.25 15:16:43.583,8.67522,8.67741,1.00,1.75
2015.11.25 15:16:44.132,8.67522,8.677,1.00,1.37
2015.11.25 15:16:44.393,8.67528,8.67705,1.00,1.37
2015.11.25 15:16:46.083,8.67528,8.67736,1.00,1.75
2015.11.25 15:16:46.549,8.67528,8.67736,1.00,1.00
2015.11.25 15:16:47.014,8.67567,8.67729,1.00,1.00
2015.11.25 15:16:48.961,8.67567,8.67786,1.00,1.37
2015.11.25 15:16:49.305,8.67567,8.67769,1.00,1.37
2015.11.25 15:16:49.857,8.67567,8.67747,1.00,1.00
2015.11.25 15:16:50.526,8.67567,8.67768,1.00,1.07
2015.11.25 15:16:51.360,8.67583,8.67786,1.00,1.37
2015.11.25 15:16:51.692,8.67602,8.67793,1.00,1.37
2015.11.25 15:16:51.838,8.67602,8.67793,1.00,1.00
2015.11.25 15:16:52.244,8.67602,8.67823,1.00,1.75
2015.11.25 15:16:54.446,8.67631,8.67805,1.00,1.00
2015.11.25 15:16:54.767,8.67645,8.67805,1.00,1.00
2015.11.25 15:16:54.817,8.67645,8.67827,1.00,1.00
2015.11.25 15:16:54.868,8.67645,8.67852,1.50,1.00
2015.11.25 15:16:54.919,8.67665,8.67887,1.00,1.37
2015.11.25 15:16:55.223,8.67765,8.67968,1.37,1.00
2015.11.25 15:16:55.657,8.67817,8.67967,1.00,1.00
2015.11.25 15:16:55.966,8.67817,8.67948,1.75,1.00
2015.11.25 15:16:56.067,8.67817,8.67958,1.75,1.00
2015.11.25 15:16:56.371,8.67817,8.67977,1.75,1.00
2015.11.25 15:16:56.524,8.67845,8.67977,1.00,1.00
2015.11.25 15:16:57.008,8.67845,8.67997,1.75,1.00
2015.11.25 15:16:57.226,8.67845,8.67978,1.00,1.00
2015.11.25 15:16:57.397,8.67845,8.67988,1.00,1.00
2015.11.25 15:16:58.810,8.67814,8.68028,1.00,1.00
2015.11.25 15:16:59.131,8.67814,8.68017,1.00,1.00
2015.11.25 15:16:59.479,8.67814,8.67997,1.00,1.00
2015.11.25 15:17:00.113,8.67826,8.68028,1.00,1.00
2015.11.25 15:17:00.164,8.67846,8.68028,1.00,1.00
2015.11.25 15:17:00.316,8.67826,8.68022,1.00,1.07
2015.11.25 15:17:00.367,8.67826,8.67998,1.00,1.00
2015.11.25 15:17:00.418,8.67803,8.67998,1.00,1.00
2015.11.25 15:17:00.571,8.67803,8.67988,1.07,1.00
2015.11.25 15:17:00.875,8.67803,8.67978,1.00,1.00
2015.11.25 15:17:01.044,8.67782,8.67978,1.00,1.00
2015.11.25 15:17:01.095,8.6777,8.67978,1.00,1.00
2015.11.25 15:17:01.448,8.6777,8.67968,1.00,1.07
2015.11.25 15:17:01.754,8.6777,8.67968,1.00,1.00
2015.11.25 15:17:02.340,8.6777,8.67958,1.00,1.00
2015.11.25 15:17:03.097,8.6777,8.67948,1.00,1.07
2015.11.25 15:17:03.357,8.67751,8.67961,1.00,1.75
2015.11.25 15:17:03.566,8.67742,8.67961,1.00,1.07
2015.11.25 15:17:03.770,8.67742,8.67958,1.00,1.00
2015.11.25 15:17:03.893,8.67742,8.67961,1.00,1.07
2015.11.25 15:17:03.944,8.67742,8.67961,1.00,1.75
2015.11.25 15:17:04.717,8.67742,8.67956,1.00,1.07
2015.11.25 15:17:05.233,8.67742,8.67961,1.00,1.00
2015.11.25 15:17:08.442,8.67722,8.67899,1.07,1.00
2015.11.25 15:17:08.546,8.67678,8.67899,1.75,1.00
2015.11.25 15:17:08.698,8.67786,8.67899,1.00,1.00
2015.11.25 15:17:08.799,8.67875,8.68096,1.00,1.75
2015.11.25 15:17:08.850,8.67911,8.6808,1.00,1.75
2015.11.25 15:17:09.797,8.67792,8.67936,1.69,1.00
2015.11.25 15:17:09.848,8.67715,8.67936,1.00,1.00
2015.11.25 15:17:09.899,8.67715,8.67927,1.00,1.00
2015.11.25 15:17:09.950,8.67687,8.67908,1.00,1.00
2015.11.25 15:17:10.496,8.67687,8.67899,1.00,1.00
2015.11.25 15:17:10.547,8.67657,8.67879,1.00,1.00
2015.11.25 15:17:12.509,8.67669,8.67879,1.00,1.00
2015.11.25 15:17:13.022,8.67689,8.67877,1.00,1.00
2015.11.25 15:17:16.788,8.67741,8.67877,1.00,1.00
2015.11.25 15:17:16.839,8.67775,8.68018,1.00,3.19
2015.11.25 15:17:17.041,8.67775,8.68024,1.00,1.00
2015.11.25 15:17:17.142,8.67894,8.68028,1.00,1.00
2015.11.25 15:17:17.676,8.67781,8.68002,1.00,1.00
2015.11.25 15:17:18.135,8.67781,8.67983,1.00,1.00
2015.11.25 15:17:18.185,8.67741,8.67963,1.00,1.00
2015.11.25 15:17:19.616,8.67648,8.67857,1.00,1.00
2015.11.25 15:17:19.667,8.67668,8.67889,1.00,1.00
2015.11.25 15:17:19.920,8.67668,8.67872,1.00,1.00
2015.11.25 15:17:19.971,8.67631,8.67853,1.37,1.00
2015.11.25 15:17:20.324,8.67631,8.67853,1.75,1.00
2015.11.25 15:17:21.001,8.67665,8.67853,1.00,1.00
2015.11.25 15:17:21.254,8.67664,8.67883,1.37,1.00
2015.11.25 15:17:21.567,8.6769,8.67911,1.00,1.00
2015.11.25 15:17:22.109,8.67699,8.67911,1.00,1.00
2015.11.25 15:17:22.764,8.67699,8.67882,1.00,1.00
2015.11.25 15:17:22.815,8.67665,8.67882,1.00,1.00
2015.11.25 15:17:23.222,8.67671,8.67882,1.00,1.00
2015.11.25 15:17:23.273,8.6769,8.67911,1.00,1.00
2015.11.25 15:17:28.525,8.67714,8.67911,1.00,1.00
2015.11.25 15:17:28.851,8.67714,8.67911,1.37,1.00
2015.11.25 15:17:29.868,8.67714,8.67911,1.00,1.00
2015.11.25 15:17:29.920,8.67678,8.67838,1.00,1.00
2015.11.25 15:17:30.033,8.67678,8.67858,1.00,1.07
2015.11.25 15:17:30.134,8.67678,8.67858,1.00,1.00
2015.11.25 15:17:30.286,8.67678,8.67868,1.00,1.00
2015.11.25 15:17:30.387,8.67678,8.67827,1.00,1.00
2015.11.25 15:17:30.983,8.6755,8.67758,1.00,1.00
2015.11.25 15:17:31.034,8.6755,8.67771,1.00,1.00
2015.11.25 15:17:31.143,8.6755,8.67757,1.00,1.00
2015.11.25 15:17:31.677,8.6755,8.67768,1.00,1.00
2015.11.25 15:17:32.185,8.6755,8.67771,1.00,1.00
2015.11.25 15:17:32.237,8.67604,8.67778,1.00,1.00
2015.11.25 15:17:32.815,8.67604,8.67792,1.00,1.00
2015.11.25 15:17:32.866,8.67604,8.67798,1.00,1.50
2015.11.25 15:17:32.917,8.67604,8.67788,1.00,1.50
2015.11.25 15:17:33.421,8.67604,8.67778,1.00,1.00
2015.11.25 15:17:33.748,8.67604,8.67758,1.00,1.00
2015.11.25 15:17:34.990,8.67571,8.67758,1.00,1.00
2015.11.25 15:17:35.048,8.67571,8.67728,1.00,1.00
2015.11.25 15:17:35.200,8.6753,8.67728,1.00,1.00
2015.11.25 15:17:35.322,8.6753,8.67737,1.00,1.00
2015.11.25 15:17:35.571,8.67639,8.67748,1.00,1.00
2015.11.25 15:17:35.672,8.67663,8.67856,1.00,1.75
2015.11.25 15:17:36.080,8.67632,8.67823,1.69,1.75
2015.11.25 15:17:36.283,8.67632,8.67818,1.69,1.75
2015.11.25 15:17:36.435,8.67602,8.6781,1.00,1.75
2015.11.25 15:17:36.693,8.67602,8.6781,1.00,1.00
2015.11.25 15:17:37.146,8.67602,8.67776,1.00,1.00
2015.11.25 15:17:37.205,8.67602,8.67807,1.00,1.00
2015.11.25 15:17:37.256,8.67602,8.67789,1.00,1.00
2015.11.25 15:17:37.357,8.67602,8.6782,1.00,1.07
2015.11.25 15:17:37.458,8.67602,8.67796,1.00,1.00
2015.11.25 15:17:37.762,8.67637,8.67774,1.00,1.00
2015.11.25 15:17:37.813,8.67622,8.67774,1.69,1.00
2015.11.25 15:17:38.015,8.67582,8.67774,1.75,1.00
2015.11.25 15:17:38.908,8.67561,8.67737,1.00,1.00
2015.11.25 15:17:38.962,8.67516,8.67737,1.07,1.00
2015.11.25 15:17:39.013,8.67516,8.67737,1.00,1.75
2015.11.25 15:17:39.333,8.67544,8.67748,1.00,1.75
2015.11.25 15:17:40.074,8.67544,8.67736,1.00,1.00
2015.11.25 15:17:40.696,8.67544,8.67728,1.00,1.00
2015.11.25 15:17:41.829,8.67544,8.67736,1.00,1.00
2015.11.25 15:17:42.989,8.67544,8.67736,1.00,1.37
2015.11.25 15:17:43.213,8.67544,8.67736,1.00,1.00
2015.11.25 15:17:43.866,8.67544,8.67735,1.00,1.00
2015.11.25 15:17:44.305,8.67544,8.67754,1.00,1.07
2015.11.25 15:17:45.666,8.6752,8.67736,1.00,1.00
2015.11.25 15:17:45.769,8.67515,8.67736,1.10,1.00
2015.11.25 15:17:46.240,8.67515,8.67723,1.00,1.00
2015.11.25 15:17:46.363,8.67515,8.67736,1.00,1.00
2015.11.25 15:17:46.509,8.67515,8.67716,1.00,1.00
2015.11.25 15:17:47.209,8.67551,8.67716,1.00,1.00
2015.11.25 15:17:47.325,8.67551,8.67758,1.00,1.37
2015.11.25 15:17:47.484,8.67551,8.67772,1.37,1.00
2015.11.25 15:17:47.536,8.67587,8.67792,1.00,1.37
2015.11.25 15:17:47.839,8.67587,8.67806,1.75,1.37
2015.11.25 15:17:49.169,8.67587,8.67785,1.75,1.37
2015.11.25 15:17:49.321,8.67528,8.67747,1.37,1.07
2015.11.25 15:17:49.372,8.67528,8.67747,1.07,1.75
2015.11.25 15:17:49.935,8.67555,8.67776,1.00,1.75
2015.11.25 15:17:49.986,8.67555,8.67776,1.87,1.75
2015.11.25 15:17:50.087,8.67555,8.67776,2.25,1.00
2015.11.25 15:17:50.341,8.67567,8.67776,1.75,1.00
2015.11.25 15:17:50.493,8.67567,8.67776,1.37,1.00
2015.11.25 15:17:50.594,8.67555,8.67776,1.75,1.07
2015.11.25 15:17:51.905,8.67555,8.67776,1.37,1.75
2015.11.25 15:17:53.333,8.67593,8.67814,1.00,1.75
2015.11.25 15:17:53.521,8.67593,8.67814,1.00,1.75
2015.11.25 15:17:53.574,8.67593,8.67814,1.75,1.75
2015.11.25 15:17:53.962,8.67612,8.67814,1.75,1.75
2015.11.25 15:17:54.283,8.67632,8.67827,1.00,1.75
2015.11.25 15:17:54.334,8.67632,8.67827,1.00,1.75
2015.11.25 15:17:54.467,8.67602,8.67824,1.37,1.75
2015.11.25 15:17:55.271,8.67611,8.67824,1.00,1.75
2015.11.25 15:17:55.322,8.67602,8.67824,1.75,1.37
2015.11.25 15:17:55.524,8.6762,8.67824,1.07,1.75
2015.11.25 15:17:56.636,8.67602,8.67824,1.37,1.75
2015.11.25 15:17:56.932,8.67602,8.67824,1.75,1.75
2015.11.25 15:17:58.501,8.67602,8.67824,1.75,1.37
2015.11.25 15:17:58.756,8.67647,8.67866,1.00,1.75
2015.11.25 15:17:58.807,8.67647,8.67866,1.50,1.75
2015.11.25 15:17:58.913,8.67647,8.67866,1.75,1.37
2015.11.25 15:17:59.166,8.67647,8.67866,1.75,1.37
2015.11.25 15:18:00.452,8.67679,8.679,1.07,1.75
2015.11.25 15:18:00.563,8.67679,8.679,1.75,1.75
2015.11.25 15:18:00.969,8.67679,8.679,1.75,1.37
2015.11.25 15:18:01.071,8.67736,8.67957,1.00,1.75
2015.11.25 15:18:01.122,8.67736,8.67957,1.00,1.75
2015.11.25 15:18:01.224,8.67736,8.67957,1.00,1.75
2015.11.25 15:18:01.275,8.67769,8.6799,1.00,1.75
2015.11.25 15:18:01.376,8.67769,8.6799,1.00,1.75
2015.11.25 15:18:01.580,8.67769,8.6799,1.00,1.75
2015.11.25 15:18:02.072,8.67803,8.6801,1.00,1.75
2015.11.25 15:18:02.123,8.67803,8.68022,1.00,1.75
2015.11.25 15:18:02.433,8.67803,8.68022,1.75,1.00
2015.11.25 15:18:02.484,8.67844,8.68066,1.12,1.00
2015.11.25 15:18:02.587,8.67882,8.68101,1.00,1.00
2015.11.25 15:18:02.639,8.67897,8.68101,1.00,1.00
2015.11.25 15:18:02.690,8.67918,8.68128,1.07,1.00
2015.11.25 15:18:02.791,8.67918,8.68138,1.07,1.50
2015.11.25 15:18:03.299,8.67918,8.68138,1.00,1.50
2015.11.25 15:18:04.553,8.67918,8.68127,1.00,1.00
2015.11.25 15:18:04.901,8.67918,8.68138,1.00,1.00
2015.11.25 15:18:05.122,8.67918,8.68127,1.00,1.00
2015.11.25 15:18:05.375,8.6788,8.68101,1.07,1.00
2015.11.25 15:18:05.426,8.6788,8.68088,1.07,1.00
2015.11.25 15:18:05.828,8.67802,8.67938,1.69,1.00
2015.11.25 15:18:05.879,8.67782,8.67938,1.69,1.07
2015.11.25 15:18:06.209,8.67782,8.67948,1.69,1.07
2015.11.25 15:18:06.512,8.6774,8.67957,1.00,1.00
2015.11.25 15:18:06.563,8.6774,8.67961,1.00,1.00
2015.11.25 15:18:07.781,8.67806,8.67993,1.00,1.75
2015.11.25 15:18:08.735,8.67867,8.68068,1.00,1.75
2015.11.25 15:18:08.966,8.67867,8.68068,1.00,1.75
2015.11.25 15:18:09.481,8.67898,8.68088,1.00,1.75
2015.11.25 15:18:09.532,8.67898,8.68097,1.00,1.00
2015.11.25 15:18:10.142,8.67898,8.68097,1.00,1.75
2015.11.25 15:18:11.242,8.67898,8.68095,1.00,1.00
2015.11.25 15:18:11.684,8.67898,8.68095,1.00,1.75
2015.11.25 15:18:12.693,8.67898,8.68095,1.00,1.00
2015.11.25 15:18:13.440,8.67898,8.68095,1.00,1.75
2015.11.25 15:18:13.962,8.67915,8.68095,1.00,1.75
2015.11.25 15:18:14.113,8.67883,8.68104,1.00,1.75
2015.11.25 15:18:14.164,8.6793,8.68104,1.00,1.75
2015.11.25 15:18:14.215,8.6795,8.68171,1.00,1.75
2015.11.25 15:18:14.467,8.6795,8.68171,1.00,1.00
2015.11.25 15:18:15.017,8.68001,8.6822,1.00,1.07
2015.11.25 15:18:15.368,8.68001,8.6822,1.07,1.07
2015.11.25 15:18:15.671,8.68001,8.68218,1.00,1.75
2015.11.25 15:18:15.772,8.68001,8.68218,1.00,1.00
2015.11.25 15:18:16.320,8.68057,8.68258,1.00,1.00
2015.11.25 15:18:16.372,8.68057,8.68279,1.00,1.00
2015.11.25 15:18:16.423,8.68057,8.68279,1.37,1.00
2015.11.25 15:18:17.896,8.68057,8.68279,1.75,1.00
2015.11.25 15:18:18.291,8.68057,8.68279,1.37,1.00
2015.11.25 15:18:18.741,8.68073,8.68279,1.00,1.00
2015.11.25 15:18:20.841,8.68073,8.68193,1.00,1.00
2015.11.25 15:18:20.893,8.67952,8.68173,1.00,1.07
2015.11.25 15:18:21.043,8.67952,8.68173,1.07,1.07
2015.11.25 15:18:22.270,8.67984,8.68203,1.00,1.75
2015.11.25 15:18:22.324,8.67984,8.68203,1.00,1.00
2015.11.25 15:18:22.488,8.67984,8.68203,1.00,1.75
2015.11.25 15:18:23.465,8.67984,8.68171,1.00,1.75
2015.11.25 15:18:23.515,8.67963,8.68144,1.00,1.75
2015.11.25 15:18:23.894,8.6789,8.68111,1.00,1.00
2015.11.25 15:18:23.945,8.6789,8.68111,1.12,1.00
2015.11.25 15:18:24.268,8.6789,8.68111,1.37,1.00
2015.11.25 15:18:24.606,8.67858,8.68079,1.75,1.00
2015.11.25 15:18:25.149,8.67858,8.68054,1.00,1.07
2015.11.25 15:18:25.200,8.67777,8.67996,1.00,1.00
2015.11.25 15:18:25.402,8.67743,8.67962,1.75,1.00
2015.11.25 15:18:28.352,8.67743,8.67947,1.75,1.00
2015.11.25 15:18:28.644,8.67743,8.67962,1.75,1.00
2015.11.25 15:18:28.745,8.67743,8.67944,1.00,1.00
2015.11.25 15:18:28.796,8.67743,8.67954,1.00,1.00
2015.11.25 15:18:28.847,8.67713,8.67934,1.75,1.00
2015.11.25 15:18:29.617,8.67741,8.67938,1.00,1.00
2015.11.25 15:18:29.668,8.67741,8.67956,1.00,1.00
2015.11.25 15:18:29.769,8.67741,8.67962,1.75,1.00
2015.11.25 15:18:29.972,8.67741,8.67962,1.75,1.00
2015.11.25 15:18:30.180,8.67741,8.67962,1.75,1.00
2015.11.25 15:18:30.622,8.67744,8.67962,1.75,1.00
2015.11.25 15:18:30.972,8.67744,8.67962,1.75,1.00
2015.11.25 15:18:31.812,8.67744,8.67962,1.75,1.00
2015.11.25 15:18:31.922,8.67744,8.67962,1.75,1.00
2015.11.25 15:18:32.469,8.67744,8.67962,1.75,1.00
2015.11.25 15:18:33.258,8.67744,8.67962,1.75,1.00
2015.11.25 15:18:33.622,8.67744,8.67962,1.37,1.00
2015.11.25 15:18:34.268,8.67744,8.67962,1.37,1.00
2015.11.25 15:18:34.803,8.67744,8.67962,1.37,1.00
2015.11.25 15:18:35.221,8.67744,8.67962,1.07,1.00
2015.11.25 15:18:35.272,8.67775,8.67962,1.00,1.00
2015.11.25 15:18:35.701,8.67914,8.68068,1.00,1.00
2015.11.25 15:18:35.752,8.67914,8.68136,1.00,1.75
2015.11.25 15:18:36.321,8.67914,8.68136,1.00,1.75
2015.11.25 15:18:36.431,8.67914,8.68136,1.00,1.37
2015.11.25 15:18:37.490,8.67914,8.68136,1.00,1.37
2015.11.25 15:18:37.843,8.67948,8.68167,1.00,1.75
2015.11.25 15:18:39.122,8.67948,8.68148,1.00,1.75
2015.11.25 15:18:39.683,8.67918,8.68139,1.00,1.75
2015.11.25 15:18:42.326,8.67938,8.68139,1.00,1.75
2015.11.25 15:18:42.529,8.67958,8.6818,1.00,1.75
2015.11.25 15:18:42.732,8.67958,8.6818,1.37,1.00
2015.11.25 15:18:42.932,8.67958,8.6818,1.75,1.00
2015.11.25 15:18:43.251,8.67958,8.6818,1.37,1.07
2015.11.25 15:18:44.058,8.67986,8.6818,1.00,1.07
2015.11.25 15:18:44.322,8.6796,8.6818,1.37,1.07
2015.11.25 15:18:44.418,8.67988,8.6818,1.00,1.07
2015.11.25 15:18:44.932,8.67988,8.6818,1.00,1.00
2015.11.25 15:18:44.983,8.67967,8.6818,1.37,1.00
2015.11.25 15:18:45.428,8.68001,8.6818,1.00,1.00
2015.11.25 15:18:45.681,8.68021,8.68243,1.37,1.00
2015.11.25 15:18:45.782,8.68021,8.68243,1.75,1.00
2015.11.25 15:18:45.884,8.6806,8.68281,1.07,1.00
2015.11.25 15:18:46.035,8.6806,8.68281,1.75,1.00
2015.11.25 15:18:46.398,8.6806,8.68281,1.75,1.00
2015.11.25 15:18:46.838,8.68168,8.68281,1.00,1.00
2015.11.25 15:18:46.889,8.68188,8.68308,1.00,1.69
2015.11.25 15:18:47.282,8.68188,8.68407,1.00,1.75
2015.11.25 15:18:47.335,8.68188,8.68407,1.37,1.37
2015.11.25 15:18:47.541,8.68188,8.68407,1.00,1.37
2015.11.25 15:18:49.795,8.68201,8.68378,1.00,1.00
2015.11.25 15:18:49.846,8.68157,8.68367,1.75,1.00
2015.11.25 15:18:49.897,8.68143,8.68347,1.37,1.00
2015.11.25 15:18:49.998,8.68143,8.68347,1.00,1.12
2015.11.25 15:18:50.101,8.68132,8.68347,1.00,1.12
2015.11.25 15:18:51.091,8.68126,8.68347,1.00,1.12
2015.11.25 15:18:51.147,8.68133,8.68347,1.00,1.12
2015.11.25 15:18:51.552,8.68143,8.68347,1.00,1.12
2015.11.25 15:18:51.611,8.68143,8.68347,1.00,1.00
2015.11.25 15:18:51.662,8.68131,8.68347,1.00,1.00
2015.11.25 15:18:51.713,8.68126,8.68347,1.00,1.00
2015.11.25 15:18:51.872,8.68126,8.68317,1.00,1.00
2015.11.25 15:18:52.350,8.68036,8.68257,1.00,1.00
2015.11.25 15:18:52.556,8.68001,8.68222,1.00,1.00
2015.11.25 15:18:53.437,8.68001,8.68214,1.00,1.00
2015.11.25 15:18:53.836,8.67973,8.68194,1.00,1.00
2015.11.25 15:18:54.340,8.6803,8.68194,1.00,1.00
2015.11.25 15:18:54.390,8.68049,8.68249,1.00,1.75
2015.11.25 15:18:54.491,8.67986,8.68194,1.00,1.00
2015.11.25 15:18:54.542,8.68045,8.68194,1.00,1.00
2015.11.25 15:18:54.593,8.68064,8.68283,1.00,1.75
2015.11.25 15:18:54.694,8.68064,8.68272,1.00,1.75
2015.11.25 15:18:54.947,8.68064,8.68283,1.00,1.00
2015.11.25 15:18:55.048,8.68083,8.68283,1.00,1.00
2015.11.25 15:18:55.549,8.68136,8.68328,1.00,1.00
2015.11.25 15:18:55.869,8.68136,8.68328,1.00,2.25
2015.11.25 15:18:57.001,8.68136,8.68338,1.00,1.75
2015.11.25 15:18:58.029,8.68136,8.68328,1.00,1.75
2015.11.25 15:18:58.466,8.67991,8.68212,1.07,1.00
2015.11.25 15:19:00.160,8.68039,8.6826,1.00,1.00
2015.11.25 15:19:00.213,8.6805,8.6826,1.00,1.00
2015.11.25 15:19:00.551,8.6805,8.6826,1.00,1.07
2015.11.25 15:19:00.741,8.6805,8.6826,1.00,1.00
2015.11.25 15:19:00.951,8.68056,8.6826,1.00,1.00
2015.11.25 15:19:01.002,8.68076,8.68282,1.00,1.07
2015.11.25 15:19:01.476,8.68076,8.68277,1.00,1.00
2015.11.25 15:19:01.778,8.68076,8.68277,1.00,1.07
2015.11.25 15:19:02.180,8.68076,8.68277,1.00,1.00
2015.11.25 15:19:02.431,8.68076,8.68282,1.00,1.00
2015.11.25 15:19:02.651,8.68076,8.68278,1.00,1.00
2015.11.25 15:19:03.072,8.6805,8.6826,1.00,1.00
2015.11.25 15:19:03.123,8.6805,8.68238,1.00,1.00
2015.11.25 15:19:03.260,8.68041,8.68238,1.00,1.00
2015.11.25 15:19:03.311,8.68041,8.68217,1.00,1.00
2015.11.25 15:19:03.413,8.68001,8.68217,1.00,1.00
2015.11.25 15:19:03.532,8.68031,8.68222,1.00,1.00
2015.11.25 15:19:03.583,8.68034,8.68227,1.00,1.00
2015.11.25 15:19:03.836,8.68034,8.68248,1.00,1.00
2015.11.25 15:19:04.293,8.68051,8.68248,1.00,1.00
2015.11.25 15:19:04.347,8.68034,8.68248,1.00,1.00
2015.11.25 15:19:04.449,8.68034,8.68228,1.00,1.00
2015.11.25 15:19:04.760,8.68041,8.68228,1.00,1.00
2015.11.25 15:19:05.117,8.68041,8.68248,1.00,1.00
2015.11.25 15:19:05.907,8.68041,8.68255,1.00,1.07
2015.11.25 15:19:06.432,8.68075,8.68268,1.00,1.37
2015.11.25 15:19:06.483,8.68075,8.68268,1.00,1.00
2015.11.25 15:19:06.642,8.68075,8.68273,1.00,1.00
2015.11.25 15:19:06.821,8.68075,8.68287,1.00,1.00
2015.11.25 15:19:07.941,8.68075,8.68277,1.00,1.00
2015.11.25 15:19:08.246,8.68075,8.68295,1.00,1.00
2015.11.25 15:19:08.448,8.68075,8.68295,1.00,1.07
2015.11.25 15:19:09.455,8.68076,8.68296,1.00,1.07
2015.11.25 15:19:09.779,8.68089,8.68288,1.00,1.00
2015.11.25 15:19:10.740,8.68075,8.68278,1.00,1.00
2015.11.25 15:19:11.652,8.68075,8.68296,1.00,1.07
2015.11.25 15:19:12.126,8.68075,8.68288,1.00,1.37
2015.11.25 15:19:12.470,8.68075,8.68267,1.00,1.00
2015.11.25 15:19:13.645,8.68075,8.68268,1.00,1.00
2015.11.25 15:19:15.610,8.68075,8.68258,1.00,1.00
2015.11.25 15:19:15.661,8.68055,8.68248,1.00,1.00
2015.11.25 15:19:15.712,8.68045,8.68248,1.00,1.07
2015.11.25 15:19:15.914,8.68024,8.68232,1.00,1.00
2015.11.25 15:19:16.015,8.68011,8.68232,1.00,1.00
2015.11.25 15:19:16.066,8.68011,8.68232,1.00,1.12
2015.11.25 15:19:16.638,8.68014,8.68232,1.00,1.12
2015.11.25 15:19:16.962,8.68025,8.68218,1.00,1.75
2015.11.25 15:19:17.012,8.68005,8.68218,1.00,1.75
2015.11.25 15:19:17.063,8.67985,8.68178,1.00,1.00
2015.11.25 15:19:17.114,8.67957,8.68178,1.00,1.00
2015.11.25 15:19:18.526,8.67937,8.68144,1.00,1.00
2015.11.25 15:19:18.597,8.67923,8.68144,1.00,1.00
2015.11.25 15:19:19.281,8.67986,8.68164,1.00,1.00
2015.11.25 15:19:19.332,8.67986,8.68176,1.00,1.00
2015.11.25 15:19:19.383,8.67986,8.682,1.00,1.00
2015.11.25 15:19:21.989,8.67986,8.682,1.00,1.37
2015.11.25 15:19:22.445,8.67986,8.682,1.00,1.75
2015.11.25 15:19:23.777,8.67986,8.68202,1.00,1.10
2015.11.25 15:19:24.170,8.67986,8.68202,1.00,1.75
2015.11.25 15:19:24.738,8.67986,8.68178,1.00,1.00
2015.11.25 15:19:25.354,8.67986,8.68199,1.00,1.00
2015.11.25 15:19:25.871,8.67986,8.68199,1.00,1.07
2015.11.25 15:19:26.716,8.67986,8.68199,1.00,1.00
2015.11.25 15:19:30.324,8.67986,8.68179,1.00,1.00
2015.11.25 15:19:31.407,8.67986,8.68179,1.00,1.37
2015.11.25 15:19:31.783,8.67952,8.68159,1.00,1.00
2015.11.25 15:19:33.050,8.67952,8.68159,1.00,1.12
2015.11.25 15:19:34.130,8.6792,8.68139,1.00,1.00
2015.11.25 15:19:34.257,8.6792,8.68129,1.00,1.00
2015.11.25 15:19:34.424,8.6792,8.68139,1.00,1.00
2015.11.25 15:19:34.475,8.6792,8.68128,1.00,1.00
2015.11.25 15:19:38.937,8.6792,8.68139,1.00,1.00
2015.11.25 15:19:39.487,8.67921,8.68139,1.00,1.00
2015.11.25 15:19:40.139,8.6792,8.68139,1.00,1.00
2015.11.25 15:19:40.191,8.67961,8.6818,1.00,1.75
2015.11.25 15:19:40.597,8.67992,8.68214,1.00,1.75
2015.11.25 15:19:41.832,8.6796,8.68181,1.00,1.37
2015.11.25 15:19:42.976,8.67973,8.68181,1.00,1.37
2015.11.25 15:19:43.297,8.67992,8.68189,1.00,1.75
2015.11.25 15:19:44.514,8.67992,8.68189,1.00,1.50
2015.11.25 15:19:45.101,8.67992,8.68189,1.00,1.00
2015.11.25 15:19:45.304,8.67992,8.68214,1.00,1.37
2015.11.25 15:19:47.575,8.67992,8.68214,1.07,1.37
2015.11.25 15:19:49.104,8.67992,8.68214,1.00,1.37
2015.11.25 15:19:49.507,8.67992,8.68183,1.00,1.00
2015.11.25 15:19:49.772,8.67992,8.68202,1.00,1.07
2015.11.25 15:19:49.974,8.67992,8.68202,1.00,1.37
2015.11.25 15:19:50.381,8.68025,8.68202,1.00,1.37
2015.11.25 15:19:50.436,8.68032,8.68246,1.00,1.00
2015.11.25 15:19:50.537,8.68032,8.68246,1.12,1.00
2015.11.25 15:19:50.638,8.68077,8.68298,1.00,1.07
2015.11.25 15:19:50.739,8.68077,8.68298,1.10,1.00
2015.11.25 15:19:51.940,8.68114,8.68318,1.00,1.00
2015.11.25 15:19:52.449,8.68114,8.683,1.00,1.00
2015.11.25 15:19:54.041,8.68085,8.683,1.00,1.00
2015.11.25 15:19:54.123,8.68085,8.68288,1.00,1.00
2015.11.25 15:19:54.641,8.68085,8.6828,1.00,1.00
2015.11.25 15:19:54.692,8.68085,8.68288,1.00,1.00
2015.11.25 15:19:54.793,8.68085,8.68269,1.00,1.00
2015.11.25 15:19:54.844,8.68053,8.68269,1.00,1.00
2015.11.25 15:19:56.319,8.68053,8.68267,1.00,1.00
2015.11.25 15:19:57.338,8.68053,8.68269,1.00,1.00
2015.11.25 15:19:57.940,8.68053,8.68258,1.00,1.00
2015.11.25 15:19:58.342,8.68053,8.6825,1.00,1.00
2015.11.25 15:20:00.060,8.68053,8.68248,1.00,1.00
2015.11.25 15:20:01.211,8.68053,8.68238,1.00,1.00
2015.11.25 15:20:01.375,8.68024,8.68238,1.07,1.00
2015.11.25 15:20:01.449,8.68024,8.68229,1.07,1.00
2015.11.25 15:20:02.544,8.68024,8.68228,1.07,1.00
2015.11.25 15:20:04.019,8.68024,8.68228,1.00,1.00
2015.11.25 15:20:05.725,8.68024,8.68207,1.00,1.00
2015.11.25 15:20:06.168,8.68024,8.68227,1.00,1.00
2015.11.25 15:20:06.589,8.68024,8.68218,1.00,1.00
2015.11.25 15:20:07.204,8.68024,8.68198,1.00,1.00
2015.11.25 15:20:07.637,8.68024,8.68207,1.00,1.00
2015.11.25 15:20:08.641,8.68024,8.68218,1.00,1.00
2015.11.25 15:20:09.542,8.68024,8.68208,1.00,1.00
2015.11.25 15:20:10.228,8.68024,8.68198,1.00,1.00
2015.11.25 15:20:10.279,8.68082,8.68287,1.00,1.00
2015.11.25 15:20:10.380,8.68082,8.68298,1.00,1.00
2015.11.25 15:20:10.481,8.68127,8.68298,1.00,1.00
2015.11.25 15:20:10.684,8.68127,8.68318,1.00,1.07
2015.11.25 15:20:11.653,8.68135,8.68328,1.00,1.37
2015.11.25 15:20:12.003,8.68155,8.68328,1.00,1.37
2015.11.25 15:20:12.496,8.68126,8.68318,1.00,1.07
2015.11.25 15:20:13.691,8.68126,8.68308,1.00,1.00
2015.11.25 15:20:15.103,8.68126,8.68317,1.00,1.10
2015.11.25 15:20:16.093,8.68126,8.68308,1.00,1.00
2015.11.25 15:20:21.264,8.68126,8.68317,1.00,1.10
2015.11.25 15:20:29.755,8.68146,8.68333,1.00,1.37
2015.11.25 15:20:31.110,8.68146,8.68333,1.00,1.07
2015.11.25 15:20:34.527,8.68146,8.68333,1.00,1.75
2015.11.25 15:20:35.742,8.68097,8.68318,1.00,2.25
2015.11.25 15:20:37.070,8.68138,8.68328,1.00,1.75
2015.11.25 15:20:37.611,8.6815,8.68338,1.00,1.75
2015.11.25 15:20:37.662,8.6817,8.68338,1.00,1.75
2015.11.25 15:20:37.814,8.6817,8.68358,1.00,1.75
2015.11.25 15:20:38.615,8.68102,8.68333,1.87,1.75
2015.11.25 15:20:38.717,8.68092,8.6831,1.00,1.12
2015.11.25 15:20:38.818,8.68092,8.68313,1.00,1.75
2015.11.25 15:20:39.714,8.68072,8.68278,1.00,1.00
2015.11.25 15:20:39.765,8.68057,8.68278,1.00,1.37
2015.11.25 15:20:40.283,8.68029,8.6825,1.00,1.00
2015.11.25 15:20:41.228,8.68029,8.68228,1.00,1.00
2015.11.25 15:20:50.971,8.68001,8.68222,1.00,1.00
2015.11.25 15:20:51.376,8.68001,8.68199,1.00,1.00
2015.11.25 15:20:51.841,8.68012,8.68199,1.00,1.00
2015.11.25 15:20:52.353,8.68031,8.68199,1.00,1.00
2015.11.25 15:20:56.179,8.68031,8.68219,1.00,1.00
2015.11.25 15:20:59.487,8.68031,8.68252,1.37,1.07
2015.11.25 15:21:01.225,8.68031,8.68252,1.00,1.37
2015.11.25 15:21:01.329,8.68031,8.68252,1.00,1.75
2015.11.25 15:21:01.663,8.68031,8.68252,1.00,1.37
2015.11.25 15:21:01.714,8.68072,8.68259,1.00,1.75
2015.11.25 15:21:01.815,8.68072,8.68288,1.00,1.75
2015.11.25 15:21:02.530,8.68072,8.68273,1.00,1.75
2015.11.25 15:21:02.582,8.68072,8.68273,1.00,1.37
2015.11.25 15:21:03.393,8.68102,8.68284,1.00,1.75
2015.11.25 15:21:04.080,8.68102,8.68284,1.00,1.00
2015.11.25 15:21:07.622,8.68082,8.68281,1.00,1.10
2015.11.25 15:21:07.673,8.68082,8.68265,1.00,1.00
2015.11.25 15:21:07.724,8.68062,8.68265,1.00,1.00
2015.11.25 15:21:07.840,8.68062,8.68265,1.00,1.07
2015.11.25 15:21:08.511,8.68041,8.68236,1.00,1.00
2015.11.25 15:21:08.613,8.68015,8.68236,1.00,1.00
2015.11.25 15:21:08.940,8.68015,8.68236,1.00,1.37
2015.11.25 15:21:10.318,8.67995,8.68206,1.00,1.00
2015.11.25 15:21:10.369,8.67993,8.68206,1.00,1.00
2015.11.25 15:21:17.516,8.68018,8.68225,1.00,1.37
2015.11.25 15:21:18.143,8.68018,8.68225,1.00,1.00
2015.11.25 15:21:18.194,8.68018,8.68238,1.37,1.00
2015.11.25 15:21:18.346,8.68058,8.68248,1.00,1.12
2015.11.25 15:21:18.549,8.68058,8.68247,1.00,1.00
2015.11.25 15:21:19.490,8.68058,8.68279,1.00,1.75
2015.11.25 15:21:19.541,8.68058,8.68279,1.50,1.37
2015.11.25 15:21:19.853,8.68101,8.68318,1.37,1.75
2015.11.25 15:21:20.056,8.68067,8.68288,1.75,1.00
2015.11.25 15:21:20.673,8.68067,8.68288,1.37,1.50
2015.11.25 15:21:22.170,8.68062,8.68255,1.37,1.00
2015.11.25 15:21:22.372,8.68037,8.68255,1.75,1.00
2015.11.25 15:21:24.010,8.68037,8.68255,1.75,1.00
2015.11.25 15:21:27.686,8.68037,8.68255,1.75,1.00
2015.11.25 15:21:27.891,8.68073,8.68289,1.00,1.37
2015.11.25 15:21:28.190,8.68073,8.68289,1.07,1.07
2015.11.25 15:21:29.509,8.68073,8.68289,1.07,1.37
2015.11.25 15:21:30.306,8.68073,8.68289,1.07,1.07
2015.11.25 15:21:31.930,8.68073,8.68289,1.87,1.00
2015.11.25 15:21:32.449,8.68082,8.68294,1.12,1.00
2015.11.25 15:21:32.501,8.68129,8.68351,1.00,1.37
2015.11.25 15:21:32.603,8.68129,8.68351,1.00,1.07
2015.11.25 15:21:32.781,8.68092,8.68313,1.75,1.00
2015.11.25 15:21:33.202,8.68092,8.68313,1.00,1.07
2015.11.25 15:21:33.360,8.68092,8.68313,1.00,1.37
2015.11.25 15:21:33.806,8.68092,8.68313,1.00,1.07
2015.11.25 15:21:35.010,8.68092,8.68313,1.07,1.07
2015.11.25 15:21:36.344,8.68092,8.68313,1.00,1.37
2015.11.25 15:21:43.479,8.68092,8.68313,1.07,1.37
2015.11.25 15:21:46.450,8.68092,8.68313,1.37,1.00
2015.11.25 15:21:46.876,8.68145,8.68321,1.00,1.00
2015.11.25 15:21:46.927,8.68145,8.68364,1.00,1.75
2015.11.25 15:21:49.500,8.68117,8.68336,1.00,1.07
2015.11.25 15:21:49.753,8.68117,8.68336,1.37,1.07
2015.11.25 15:21:50.411,8.68151,8.68347,1.00,1.37
2015.11.25 15:21:50.718,8.68183,8.68347,1.00,1.07
2015.11.25 15:21:51.470,8.68183,8.68402,1.07,1.37
2015.11.25 15:21:51.698,8.68198,8.68404,1.00,1.37
2015.11.25 15:21:52.001,8.68219,8.68438,1.00,1.75
2015.11.25 15:21:52.103,8.68219,8.68438,1.00,1.75
2015.11.25 15:21:52.204,8.68219,8.68438,1.00,1.75
2015.11.25 15:21:53.063,8.68219,8.68438,1.00,1.75
2015.11.25 15:21:56.359,8.68219,8.68417,1.00,1.75
2015.11.25 15:21:57.389,8.68219,8.68417,1.00,1.37
2015.11.25 15:21:57.530,8.68247,8.68417,1.00,1.37
2015.11.25 15:22:02.435,8.68205,8.68424,1.00,1.75
2015.11.25 15:22:06.799,8.68205,8.68394,1.00,1.37
2015.11.25 15:22:09.673,8.68162,8.68367,1.00,1.07
2015.11.25 15:22:09.724,8.68148,8.68367,1.07,1.07
2015.11.25 15:22:09.775,8.68148,8.68367,1.00,1.75
2015.11.25 15:22:11.868,8.68115,8.68337,1.00,1.12
2015.11.25 15:22:12.188,8.68115,8.68337,1.37,1.07
2015.11.25 15:22:12.862,8.68115,8.68337,1.37,1.00
2015.11.25 15:22:13.342,8.68115,8.68337,1.10,1.00
2015.11.25 15:22:13.444,8.68153,8.68343,1.00,1.07
2015.11.25 15:22:13.929,8.68153,8.68343,1.00,1.12
2015.11.25 15:22:14.411,8.68153,8.68343,1.00,1.00
2015.11.25 15:22:15.596,8.68182,8.68361,1.00,1.12
2015.11.25 15:22:15.748,8.68182,8.68403,1.00,1.75
2015.11.25 15:22:15.850,8.68182,8.68403,1.00,1.75
2015.11.25 15:22:16.530,8.6815,8.68369,1.07,1.00
2015.11.25 15:22:16.581,8.68159,8.68369,1.00,1.00
2015.11.25 15:22:16.633,8.6815,8.68369,1.00,1.07
2015.11.25 15:22:16.734,8.6815,8.68369,1.00,1.37
2015.11.25 15:22:21.470,8.68138,8.68339,1.00,1.07
2015.11.25 15:22:25.364,8.68147,8.68359,1.00,1.75
2015.11.25 15:22:25.608,8.68147,8.68368,1.00,1.75
2015.11.25 15:22:25.765,8.68235,8.6837,1.00,1.75
2015.11.25 15:22:25.967,8.68235,8.68454,1.37,1.00
2015.11.25 15:22:26.068,8.68318,8.68468,1.00,1.69
2015.11.25 15:22:26.119,8.68318,8.68478,1.00,1.00
2015.11.25 15:22:26.678,8.68318,8.68527,1.00,1.75
2015.11.25 15:22:26.880,8.68347,8.68559,1.00,1.75
2015.11.25 15:22:26.931,8.68347,8.68568,1.07,2.25
2015.11.25 15:22:27.083,8.68347,8.68568,1.37,2.25
2015.11.25 15:22:27.390,8.68347,8.68558,1.75,1.75
2015.11.25 15:22:28.399,8.68347,8.68568,1.75,2.25
2015.11.25 15:22:28.805,8.68355,8.68568,1.75,1.75
2015.11.25 15:22:29.371,8.68375,8.68588,1.37,1.75
2015.11.25 15:22:30.243,8.684,8.68612,1.75,1.07
2015.11.25 15:22:30.345,8.6842,8.68638,1.75,1.07
2015.11.25 15:22:30.691,8.68459,8.68678,1.07,1.75
2015.11.25 15:22:31.579,8.68459,8.68678,1.75,1.00
2015.11.25 15:22:31.781,8.68459,8.68678,1.75,1.00
2015.11.25 15:22:32.097,8.68459,8.68678,1.75,1.00
2015.11.25 15:22:32.198,8.68503,8.68713,1.00,1.00
2015.11.25 15:22:32.249,8.68507,8.68713,1.00,1.00
2015.11.25 15:22:32.300,8.68528,8.68747,1.00,1.00
2015.11.25 15:22:32.351,8.68528,8.68747,1.37,1.00
2015.11.25 15:22:32.503,8.68557,8.68776,1.00,1.00
2015.11.25 15:22:32.608,8.68557,8.68768,1.00,1.00
2015.11.25 15:22:33.528,8.68557,8.68768,1.00,1.37
2015.11.25 15:22:33.832,8.68584,8.68805,1.00,1.75
2015.11.25 15:22:34.278,8.68597,8.68805,1.00,1.75
2015.11.25 15:22:34.335,8.68656,8.68838,1.00,1.37
2015.11.25 15:22:34.386,8.68676,8.68897,1.00,3.19
2015.11.25 15:22:34.690,8.68714,8.68897,1.00,2.44
2015.11.25 15:22:34.740,8.68714,8.68897,1.00,2.44
2015.11.25 15:22:35.101,8.68714,8.68918,1.00,1.75
2015.11.25 15:22:35.595,8.68754,8.68947,1.00,1.75
2015.11.25 15:22:35.646,8.68754,8.68947,1.00,1.75
2015.11.25 15:22:35.749,8.68754,8.68948,1.00,1.75
2015.11.25 15:22:35.970,8.68754,8.68948,1.00,1.75
2015.11.25 15:22:36.977,8.68682,8.68903,1.00,1.75
2015.11.25 15:22:37.237,8.68695,8.68903,1.00,1.75
2015.11.25 15:22:37.288,8.68695,8.68903,1.00,1.37
2015.11.25 15:22:37.421,8.68697,8.68903,1.00,1.37
2015.11.25 15:22:37.722,8.68695,8.68903,1.00,1.75
2015.11.25 15:22:38.281,8.68695,8.68903,1.00,1.75
2015.11.25 15:22:38.383,8.68705,8.68903,1.00,1.75
2015.11.25 15:22:38.535,8.68687,8.68903,1.00,1.75
2015.11.25 15:22:38.737,8.687,8.68903,1.00,1.75
2015.11.25 15:22:38.787,8.68682,8.68903,1.00,1.75
2015.11.25 15:22:39.041,8.68682,8.68903,1.00,1.75
2015.11.25 15:22:39.092,8.68699,8.68903,1.00,1.75
2015.11.25 15:22:40.089,8.687,8.68903,1.00,1.75
2015.11.25 15:22:40.379,8.68682,8.68903,1.00,1.75
2015.11.25 15:22:40.712,8.68682,8.68903,1.00,1.75
2015.11.25 15:22:41.015,8.68682,8.68903,1.00,1.75
2015.11.25 15:22:41.117,8.6868,8.68867,1.00,1.07
2015.11.25 15:22:41.626,8.6868,8.68867,1.00,1.37
2015.11.25 15:22:41.778,8.68646,8.68867,1.00,1.37
2015.11.25 15:22:42.248,8.68646,8.68867,1.00,1.75
2015.11.25 15:22:42.451,8.68646,8.68867,1.00,1.75
2015.11.25 15:22:43.151,8.68678,8.68867,1.00,1.75
2015.11.25 15:22:43.252,8.68678,8.6887,1.00,1.00
2015.11.25 15:22:43.717,8.68678,8.68878,1.00,1.10
2015.11.25 15:22:44.009,8.68678,8.68878,1.00,1.75
2015.11.25 15:22:45.305,8.6865,8.68867,1.75,1.37
2015.11.25 15:22:46.519,8.6865,8.68867,1.75,1.00
2015.11.25 15:22:46.873,8.6867,8.68867,1.00,1.87
2015.11.25 15:22:46.974,8.6867,8.68867,1.00,1.57
2015.11.25 15:22:47.069,8.6867,8.68858,1.00,1.00
2015.11.25 15:22:47.170,8.68651,8.68858,1.37,1.00
2015.11.25 15:22:48.874,8.68651,8.68867,1.37,1.57
2015.11.25 15:22:49.176,8.68651,8.68858,1.37,1.00
2015.11.25 15:22:49.386,8.68651,8.68867,1.37,1.57
2015.11.25 15:22:51.935,8.6865,8.68867,1.37,1.75
2015.11.25 15:22:52.749,8.68678,8.68889,1.00,1.75
2015.11.25 15:22:52.800,8.68678,8.68889,1.10,1.75
2015.11.25 15:22:54.146,8.68678,8.68898,1.50,2.25
2015.11.25 15:22:54.247,8.68678,8.68898,1.57,2.25
2015.11.25 15:22:55.128,8.68678,8.68887,1.50,1.75
2015.11.25 15:22:56.459,8.68678,8.68899,1.57,1.75
2015.11.25 15:22:56.863,8.68678,8.68899,2.25,1.07
2015.11.25 15:22:57.268,8.68715,8.68928,1.00,1.75
2015.11.25 15:22:57.778,8.68743,8.68964,1.37,1.37
2015.11.25 15:22:57.930,8.68781,8.69,1.00,1.75
2015.11.25 15:22:57.980,8.68781,8.69,1.00,1.75
2015.11.25 15:22:58.081,8.68781,8.69,1.00,1.75
2015.11.25 15:22:59.975,8.68781,8.68998,1.00,1.75
2015.11.25 15:23:00.077,8.68775,8.68972,1.07,1.12
2015.11.25 15:23:00.750,8.68772,8.68972,1.75,1.00
2015.11.25 15:23:00.807,8.68826,8.69045,1.75,1.00
2015.11.25 15:23:01.060,8.68826,8.69045,1.75,1.00
2015.11.25 15:23:02.101,8.68826,8.69038,1.75,1.00
2015.11.25 15:23:02.152,8.68826,8.69038,1.75,1.00
2015.11.25 15:23:02.254,8.68823,8.69011,1.00,1.12
2015.11.25 15:23:02.557,8.68794,8.68953,1.37,1.00
2015.11.25 15:23:02.608,8.68732,8.68953,1.75,1.00
2015.11.25 15:23:03.358,8.68763,8.68973,1.37,1.37
2015.11.25 15:23:06.573,8.68742,8.6895,1.07,1.37
2015.11.25 15:23:06.775,8.68729,8.6895,1.00,1.75
2015.11.25 15:23:07.080,8.68729,8.68947,1.00,1.75
2015.11.25 15:23:07.383,8.68729,8.68947,1.00,1.75
2015.11.25 15:23:07.785,8.68729,8.68948,1.00,1.75
2015.11.25 15:23:08.190,8.68729,8.6895,1.00,1.75
2015.11.25 15:23:08.291,8.68729,8.6895,1.37,1.37
2015.11.25 15:23:08.393,8.68742,8.6895,1.00,1.37
2015.11.25 15:23:09.526,8.68762,8.6895,1.00,1.12
2015.11.25 15:23:09.578,8.68736,8.6895,1.37,1.12
2015.11.25 15:23:09.730,8.68736,8.6895,1.75,1.00
2015.11.25 15:23:09.781,8.68763,8.6897,1.07,1.37
2015.11.25 15:23:10.143,8.68778,8.68978,1.00,1.75
2015.11.25 15:23:10.409,8.68763,8.68977,1.07,1.75
2015.11.25 15:23:10.921,8.68786,8.68984,1.00,1.75
2015.11.25 15:23:12.325,8.68786,8.68984,1.00,1.75
2015.11.25 15:23:12.376,8.68796,8.68988,1.00,1.75
2015.11.25 15:23:12.478,8.68796,8.69015,1.00,1.75
2015.11.25 15:23:12.598,8.68796,8.69015,1.00,1.75
2015.11.25 15:23:12.801,8.68796,8.69008,1.00,1.75
2015.11.25 15:23:13.607,8.68796,8.68998,1.00,1.75
2015.11.25 15:23:14.910,8.68796,8.68995,1.00,1.75
2015.11.25 15:23:16.921,8.68786,8.6898,1.00,1.07
2015.11.25 15:23:16.972,8.68786,8.68951,1.00,1.00
2015.11.25 15:23:17.199,8.68763,8.68951,1.00,1.00
2015.11.25 15:23:17.300,8.6873,8.68951,1.07,1.00
2015.11.25 15:23:17.350,8.6873,8.68951,1.00,1.50
2015.11.25 15:23:17.552,8.6873,8.68951,1.00,1.07
2015.11.25 15:23:17.726,8.68748,8.68951,1.00,1.07
2015.11.25 15:23:18.000,8.68748,8.68951,1.00,1.00
2015.11.25 15:23:20.309,8.68725,8.68914,1.00,1.00
2015.11.25 15:23:20.410,8.68725,8.68935,1.00,1.00
2015.11.25 15:23:20.461,8.68725,8.68938,1.00,1.07
2015.11.25 15:23:20.722,8.68725,8.68938,1.00,1.75
2015.11.25 15:23:21.710,8.68725,8.68938,1.00,1.07
2015.11.25 15:23:23.542,8.68725,8.68915,1.00,1.37
2015.11.25 15:23:24.243,8.68725,8.68915,1.00,1.75
2015.11.25 15:23:24.293,8.68705,8.68915,1.00,1.75
2015.11.25 15:23:24.496,8.68705,8.68915,1.00,1.37
2015.11.25 15:23:25.117,8.68723,8.68937,1.00,1.75
2015.11.25 15:23:25.600,8.68705,8.68915,1.00,1.37
2015.11.25 15:23:26.698,8.68705,8.68915,1.00,1.00
2015.11.25 15:23:26.749,8.68725,8.68915,1.00,1.00
2015.11.25 15:23:26.965,8.68707,8.68915,1.00,1.00
2015.11.25 15:23:28.247,8.68707,8.68915,1.00,1.12
2015.11.25 15:23:29.192,8.68707,8.68915,1.00,1.75
2015.11.25 15:23:30.168,8.68707,8.68915,1.00,1.37
2015.11.25 15:23:30.320,8.68707,8.68915,1.00,1.00
2015.11.25 15:23:31.551,8.68731,8.68935,1.00,1.00
2015.11.25 15:23:31.602,8.68731,8.68943,1.00,1.00
2015.11.25 15:23:31.755,8.68722,8.68943,1.37,1.00
2015.11.25 15:23:32.010,8.68753,8.68972,1.00,1.00
2015.11.25 15:23:33.254,8.68764,8.68972,1.00,1.00
2015.11.25 15:23:33.306,8.68784,8.68998,1.00,1.00
2015.11.25 15:23:33.711,8.68784,8.69005,1.00,1.00
2015.11.25 15:23:33.959,8.68805,8.69005,1.00,1.00
2015.11.25 15:23:34.010,8.68825,8.69028,1.00,1.00
2015.11.25 15:23:34.376,8.68825,8.69038,1.00,1.00
2015.11.25 15:23:35.905,8.68829,8.69038,1.00,1.00
2015.11.25 15:23:36.588,8.68825,8.69037,1.00,1.00
2015.11.25 15:23:36.639,8.6881,8.69018,1.00,1.00
2015.11.25 15:23:39.086,8.68797,8.69018,1.37,1.00
2015.11.25 15:23:39.917,8.68832,8.69047,1.00,1.00
2015.11.25 15:23:39.968,8.68826,8.6903,1.00,1.00
2015.11.25 15:23:40.019,8.68801,8.69016,1.00,1.00
2015.11.25 15:23:40.070,8.68797,8.69016,1.00,1.00
2015.11.25 15:23:40.323,8.68819,8.69016,1.00,1.00
2015.11.25 15:23:40.466,8.68797,8.69016,1.50,1.00
2015.11.25 15:23:40.838,8.68817,8.69016,1.00,1.00
2015.11.25 15:23:40.939,8.68829,8.69038,1.00,1.00
2015.11.25 15:23:41.333,8.68829,8.69048,1.00,1.00
2015.11.25 15:23:41.486,8.6884,8.69048,1.00,1.00
2015.11.25 15:23:42.108,8.6884,8.6905,1.00,1.00
2015.11.25 15:23:42.975,8.68883,8.6905,1.00,1.00
2015.11.25 15:23:43.026,8.68959,8.69181,1.00,1.37
2015.11.25 15:23:43.077,8.68959,8.69181,1.00,1.00
2015.11.25 15:23:46.181,8.68973,8.69181,1.00,1.00
2015.11.25 15:23:46.517,8.69005,8.69181,1.00,1.00
2015.11.25 15:23:47.027,8.68981,8.69181,1.00,1.00
2015.11.25 15:23:47.713,8.69008,8.69229,1.00,1.00
2015.11.25 15:23:47.815,8.69036,8.69229,1.00,1.00
2015.11.25 15:23:47.865,8.69056,8.69277,1.00,1.00
2015.11.25 15:23:48.017,8.69079,8.69277,1.00,1.00
2015.11.25 15:23:48.068,8.69098,8.69319,1.00,1.00
2015.11.25 15:23:48.119,8.69139,8.69319,1.00,1.00
2015.11.25 15:23:48.372,8.6918,8.69399,1.75,1.00
2015.11.25 15:23:48.473,8.6918,8.69399,1.75,1.00
2015.11.25 15:23:48.910,8.69217,8.69438,1.75,1.00
2015.11.25 15:23:49.466,8.69247,8.69466,1.07,1.00
2015.11.25 15:23:50.560,8.69247,8.69466,1.37,1.00
2015.11.25 15:23:50.864,8.69255,8.69466,1.00,1.00
2015.11.25 15:23:50.915,8.69258,8.69466,1.00,1.00
2015.11.25 15:23:50.966,8.69278,8.695,1.00,1.00
2015.11.25 15:23:51.118,8.6929,8.695,1.00,1.00
2015.11.25 15:23:51.169,8.69309,8.6953,1.00,1.00
2015.11.25 15:23:51.829,8.69309,8.69511,1.00,1.00
2015.11.25 15:23:51.885,8.6927,8.69491,1.00,1.00
2015.11.25 15:23:52.088,8.6927,8.69465,1.00,1.00
2015.11.25 15:23:52.492,8.6927,8.69449,1.00,1.00
2015.11.25 15:23:53.119,8.6927,8.69463,1.00,1.00
2015.11.25 15:23:53.170,8.6927,8.69491,1.00,1.10
2015.11.25 15:23:54.211,8.6925,8.69426,1.07,1.00
2015.11.25 15:23:54.313,8.69241,8.69428,1.00,1.00
2015.11.25 15:23:54.364,8.69203,8.69424,1.75,1.00
2015.11.25 15:23:54.415,8.69203,8.69415,1.75,1.00
2015.11.25 15:23:54.517,8.69203,8.69416,1.00,1.00
2015.11.25 15:23:54.935,8.69203,8.69416,1.00,1.07
2015.11.25 15:23:55.645,8.69168,8.69389,1.00,1.00
2015.11.25 15:23:55.747,8.69168,8.69389,1.07,1.00
2015.11.25 15:23:57.055,8.69168,8.69365,1.00,1.00
2015.11.25 15:23:57.409,8.69168,8.69352,1.00,1.00
2015.11.25 15:23:57.460,8.6914,8.69352,1.00,1.00
2015.11.25 15:23:57.977,8.6914,8.69354,1.00,1.07
2015.11.25 15:23:58.180,8.69111,8.69332,1.00,1.00
2015.11.25 15:24:01.236,8.69126,8.69332,1.00,1.00
2015.11.25 15:24:04.388,8.6912,8.69332,1.00,1.00
2015.11.25 15:24:04.465,8.69151,8.69332,1.00,1.00
2015.11.25 15:24:05.158,8.6913,8.69332,1.00,1.00
2015.11.25 15:24:07.250,8.69149,8.69332,1.00,1.00
2015.11.25 15:24:07.555,8.69131,8.69332,1.00,1.00
2015.11.25 15:24:08.274,8.69124,8.69332,1.75,1.00
2015.11.25 15:24:08.375,8.69145,8.69366,1.37,1.00
2015.11.25 15:24:08.864,8.69167,8.69366,1.00,1.00
2015.11.25 15:24:09.156,8.69145,8.69366,1.37,1.00
2015.11.25 15:24:10.188,8.69185,8.69366,1.00,1.00
2015.11.25 15:24:11.221,8.69157,8.69366,1.75,1.00
2015.11.25 15:24:11.856,8.69173,8.69394,1.75,1.00
2015.11.25 15:24:11.976,8.69173,8.69394,1.75,1.00
2015.11.25 15:24:12.306,8.69173,8.69394,1.75,1.00
2015.11.25 15:24:13.090,8.69224,8.69423,1.07,1.00
2015.11.25 15:24:15.466,8.69205,8.69379,1.75,1.00
2015.11.25 15:24:15.719,8.69205,8.69379,1.50,1.00
2015.11.25 15:24:16.907,8.69187,8.69379,1.75,1.00
2015.11.25 15:24:17.295,8.69187,8.69379,1.75,1.00
2015.11.25 15:24:20.711,8.69164,8.69379,1.75,1.00
2015.11.25 15:24:20.913,8.69164,8.69379,1.07,1.00
2015.11.25 15:24:21.494,8.69153,8.69348,1.37,1.00
2015.11.25 15:24:23.128,8.69136,8.69348,1.75,1.00
2015.11.25 15:24:23.433,8.69136,8.69319,1.75,1.00
2015.11.25 15:24:24.204,8.69136,8.69285,1.75,1.00
2015.11.25 15:24:24.610,8.69136,8.69319,1.75,1.00
2015.11.25 15:24:24.660,8.69136,8.69319,1.75,1.00
2015.11.25 15:24:24.711,8.69137,8.69356,1.75,1.00
2015.11.25 15:24:25.007,8.69137,8.69356,1.75,1.00
2015.11.25 15:24:25.516,8.69137,8.69356,1.75,1.00
2015.11.25 15:24:25.955,8.69172,8.69356,1.00,1.00
2015.11.25 15:24:26.158,8.69144,8.69356,1.37,1.00
2015.11.25 15:24:26.323,8.69144,8.69356,1.75,1.00
2015.11.25 15:24:26.497,8.69144,8.69356,1.37,1.00
2015.11.25 15:24:26.874,8.69183,8.69356,1.00,1.00
2015.11.25 15:24:27.314,8.69155,8.69356,1.00,1.00
2015.11.25 15:24:27.426,8.69137,8.69356,1.00,1.00
2015.11.25 15:24:27.729,8.69137,8.69356,1.00,1.37
2015.11.25 15:24:28.586,8.69137,8.69356,1.00,1.00
2015.11.25 15:24:30.093,8.69137,8.69356,1.00,1.07
2015.11.25 15:24:30.397,8.69154,8.69356,1.00,1.00
2015.11.25 15:24:30.447,8.69171,8.69386,1.00,1.00
2015.11.25 15:24:30.498,8.69171,8.69378,1.00,1.00
2015.11.25 15:24:30.809,8.69154,8.69358,1.00,1.00
2015.11.25 15:24:31.275,8.6913,8.69329,1.10,1.00
2015.11.25 15:24:31.792,8.69108,8.69329,1.00,1.00
2015.11.25 15:24:31.944,8.6912,8.69287,1.00,1.00
2015.11.25 15:24:31.995,8.69073,8.69287,1.00,1.00
2015.11.25 15:24:32.354,8.69073,8.69287,1.07,1.00
2015.11.25 15:24:32.456,8.69068,8.69287,1.00,1.00
2015.11.25 15:24:33.825,8.69033,8.69254,1.00,1.00
2015.11.25 15:24:35.256,8.69051,8.69254,1.75,1.00
2015.11.25 15:24:35.956,8.69043,8.69254,1.37,1.00
2015.11.25 15:24:36.687,8.69084,8.69281,1.00,1.00
2015.11.25 15:24:37.009,8.69089,8.69281,1.00,1.00
2015.11.25 15:24:38.291,8.69093,8.69312,1.00,1.37
2015.11.25 15:24:38.544,8.69089,8.69273,1.07,1.00
2015.11.25 15:24:39.150,8.69089,8.69302,1.07,1.10
2015.11.25 15:24:39.301,8.69089,8.69302,1.75,1.00
2015.11.25 15:24:40.155,8.69089,8.6927,1.37,1.00
2015.11.25 15:24:43.011,8.69089,8.6927,1.00,1.00
2015.11.25 15:24:43.267,8.69089,8.6927,1.12,1.00
2015.11.25 15:24:44.337,8.69089,8.6927,1.75,1.00
2015.11.25 15:24:45.740,8.6909,8.6929,1.75,1.00
2015.11.25 15:24:45.841,8.6909,8.69311,1.75,1.00
2015.11.25 15:24:51.036,8.69119,8.69311,1.50,1.00
2015.11.25 15:24:51.391,8.69119,8.69311,1.75,1.00
2015.11.25 15:24:51.492,8.69119,8.69311,1.75,1.00
2015.11.25 15:24:51.742,8.69119,8.69311,1.37,1.00
2015.11.25 15:24:54.376,8.69119,8.69276,1.37,1.00
2015.11.25 15:24:54.680,8.691,8.69276,1.75,1.00
2015.11.25 15:24:54.781,8.691,8.69276,1.37,1.00
2015.11.25 15:24:54.882,8.691,8.69244,1.37,1.00
2015.11.25 15:24:55.300,8.69035,8.69231,1.75,1.00
2015.11.25 15:24:55.352,8.68997,8.69211,1.75,1.00
2015.11.25 15:24:56.888,8.68992,8.69211,1.75,1.00
2015.11.25 15:24:57.286,8.69022,8.69244,1.75,1.00
2015.11.25 15:24:57.416,8.69022,8.69244,1.75,1.00
2015.11.25 15:24:59.961,8.69044,8.69244,1.75,1.00
2015.11.25 15:25:00.012,8.69044,8.69214,1.75,1.00
2015.11.25 15:25:02.160,8.69024,8.69214,1.75,1.00
2015.11.25 15:25:03.003,8.69025,8.69246,1.75,1.00
2015.11.25 15:25:03.276,8.69025,8.69228,1.75,1.00
2015.11.25 15:25:03.577,8.69024,8.69208,1.75,1.00
2015.11.25 15:25:03.941,8.69024,8.69208,1.75,1.00
2015.11.25 15:25:04.418,8.69024,8.69208,1.37,1.00
2015.11.25 15:25:04.469,8.68986,8.69208,1.75,1.07
2015.11.25 15:25:04.679,8.68986,8.69195,1.75,1.00
2015.11.25 15:25:04.997,8.68954,8.69175,1.75,1.00
2015.11.25 15:25:06.368,8.68971,8.69175,1.75,1.00
2015.11.25 15:25:06.877,8.68971,8.69175,1.75,1.00
2015.11.25 15:25:07.477,8.68971,8.69175,1.75,1.00
2015.11.25 15:25:07.799,8.68971,8.69175,1.75,1.00
2015.11.25 15:25:08.001,8.68971,8.69175,1.00,1.00
2015.11.25 15:25:08.102,8.68954,8.69175,1.37,1.00
2015.11.25 15:25:08.203,8.68912,8.69131,3.19,1.00
2015.11.25 15:25:08.307,8.68912,8.69131,3.19,1.00
2015.11.25 15:25:08.819,8.68911,8.69132,1.75,1.07
2015.11.25 15:25:08.975,8.68929,8.69132,1.75,1.00
2015.11.25 15:25:10.218,8.68929,8.69118,1.75,1.00
2015.11.25 15:25:11.078,8.68929,8.69128,1.75,1.00
2015.11.25 15:25:11.129,8.68929,8.69143,1.75,1.00
2015.11.25 15:25:11.180,8.68929,8.69143,1.75,1.00
2015.11.25 15:25:11.496,8.6895,8.69143,1.75,1.00
2015.11.25 15:25:11.648,8.68966,8.69176,1.75,1.00
2015.11.25 15:25:12.442,8.68972,8.69188,1.75,1.00
2015.11.25 15:25:12.965,8.68966,8.69188,1.75,1.00
2015.11.25 15:25:13.247,8.68998,8.69217,1.75,1.00
2015.11.25 15:25:13.508,8.68963,8.69181,1.00,1.00
2015.11.25 15:25:13.711,8.68964,8.69153,1.00,1.00
2015.11.25 15:25:14.669,8.68943,8.69153,1.37,1.00
2015.11.25 15:25:14.720,8.68943,8.69153,1.00,1.00
2015.11.25 15:25:14.771,8.68931,8.69153,1.07,1.00
2015.11.25 15:25:14.924,8.68899,8.6912,1.37,1.00
2015.11.25 15:25:15.127,8.68899,8.6912,1.37,1.00
2015.11.25 15:25:16.302,8.68911,8.6912,1.00,1.00
2015.11.25 15:25:16.353,8.6893,8.69151,1.00,1.00
2015.11.25 15:25:16.838,8.68879,8.691,1.75,1.00
2015.11.25 15:25:17.693,8.68917,8.691,1.12,1.00
2015.11.25 15:25:17.938,8.68917,8.6912,1.12,1.00
2015.11.25 15:25:18.005,8.68917,8.69137,1.12,1.00
2015.11.25 15:25:18.239,8.68917,8.69137,1.00,1.00
2015.11.25 15:25:20.191,8.68916,8.6913,1.00,1.00
2015.11.25 15:25:20.648,8.68916,8.69122,1.00,1.00
2015.11.25 15:25:20.988,8.689,8.69102,1.75,1.00
2015.11.25 15:25:21.262,8.6891,8.69131,1.37,1.00
2015.11.25 15:25:21.437,8.6891,8.69131,1.37,1.00
2015.11.25 15:25:21.640,8.68937,8.6915,1.00,1.00
2015.11.25 15:25:22.845,8.68918,8.69123,1.00,1.00
2015.11.25 15:25:23.152,8.68918,8.69123,1.75,1.00
2015.11.25 15:25:23.418,8.68918,8.69123,1.37,1.00
2015.11.25 15:25:23.926,8.68901,8.69123,2.25,1.00
2015.11.25 15:25:24.138,8.6893,8.69133,1.50,1.00
2015.11.25 15:25:24.189,8.6893,8.69133,1.75,1.00
2015.11.25 15:25:24.240,8.6893,8.69149,1.75,1.00
2015.11.25 15:25:24.768,8.68937,8.69149,1.75,1.00
2015.11.25 15:25:25.480,8.68937,8.69149,1.37,1.00
2015.11.25 15:25:26.457,8.68937,8.69149,1.12,1.00
2015.11.25 15:25:27.229,8.68937,8.69149,1.75,1.00
2015.11.25 15:25:27.548,8.6893,8.69149,1.75,1.00
2015.11.25 15:25:28.025,8.6893,8.69149,1.37,1.00
2015.11.25 15:25:28.177,8.68953,8.69149,1.00,1.00
2015.11.25 15:25:28.567,8.68953,8.69149,1.75,1.00
2015.11.25 15:25:29.210,8.68953,8.69149,1.37,1.00
2015.11.25 15:25:29.653,8.68931,8.69149,1.75,1.00
2015.11.25 15:25:30.059,8.68966,8.69163,1.00,1.00
2015.11.25 15:25:30.211,8.68966,8.69181,1.37,1.00
2015.11.25 15:25:30.363,8.68949,8.6915,1.75,1.00
2015.11.25 15:25:30.647,8.68949,8.6915,1.75,1.00
2015.11.25 15:25:31.330,8.68949,8.6915,1.07,1.00
2015.11.25 15:25:31.633,8.68949,8.6915,1.75,1.00
2015.11.25 15:25:31.735,8.68964,8.69181,1.37,1.00
2015.11.25 15:25:31.988,8.68964,8.69181,1.75,1.00
2015.11.25 15:25:32.907,8.68964,8.69181,1.75,1.00
2015.11.25 15:25:33.732,8.68964,8.69181,1.37,1.00
2015.11.25 15:25:33.937,8.68964,8.69181,1.00,1.00
2015.11.25 15:25:34.375,8.68949,8.69155,1.00,1.00
2015.11.25 15:25:34.704,8.68949,8.69155,1.07,1.00
2015.11.25 15:25:35.835,8.68934,8.69155,1.00,1.00
2015.11.25 15:25:35.886,8.68934,8.69149,1.00,1.00
2015.11.25 15:25:36.466,8.68934,8.69149,1.75,1.00
2015.11.25 15:25:36.784,8.68964,8.69149,1.00,1.00
2015.11.25 15:25:37.428,8.68928,8.69149,1.10,1.50
2015.11.25 15:25:37.688,8.68917,8.6912,1.75,1.00
2015.11.25 15:25:37.992,8.68917,8.6912,1.75,1.00
2015.11.25 15:25:38.093,8.68929,8.69149,1.75,1.00
2015.11.25 15:25:38.244,8.68929,8.69149,1.00,1.00
2015.11.25 15:25:38.447,8.68929,8.69149,1.75,1.00
2015.11.25 15:25:39.917,8.68929,8.69149,1.37,1.00
2015.11.25 15:25:40.466,8.68929,8.69149,1.07,1.00
2015.11.25 15:25:41.196,8.68929,8.69149,1.75,1.00
2015.11.25 15:25:41.458,8.68929,8.69149,1.75,1.00
2015.11.25 15:25:42.412,8.68929,8.69149,1.75,1.00
2015.11.25 15:25:42.957,8.68929,8.6915,1.75,1.00
2015.11.25 15:25:43.841,8.68932,8.6915,1.75,1.00
2015.11.25 15:25:44.386,8.68932,8.6915,1.37,1.00
2015.11.25 15:25:44.717,8.68932,8.6915,1.07,1.00
2015.11.25 15:25:44.768,8.68929,8.69144,1.12,1.00
2015.11.25 15:25:46.146,8.68929,8.69144,1.75,1.00
2015.11.25 15:25:47.066,8.68912,8.69116,1.75,1.00
2015.11.25 15:25:47.407,8.68929,8.69144,1.75,1.00
2015.11.25 15:25:47.458,8.68932,8.69151,1.75,1.00
2015.11.25 15:25:47.509,8.68932,8.69151,1.00,1.00
2015.11.25 15:25:48.556,8.68932,8.69151,1.37,1.00
2015.11.25 15:25:49.459,8.68932,8.69151,1.12,1.00
2015.11.25 15:25:50.168,8.68932,8.69146,2.07,1.00
2015.11.25 15:25:50.687,8.68932,8.69146,1.77,1.00
2015.11.25 15:25:51.116,8.68932,8.69146,2.07,1.00
2015.11.25 15:25:51.990,8.68932,8.69151,3.19,1.00
2015.11.25 15:25:52.091,8.68969,8.69164,1.07,1.00
2015.11.25 15:25:52.193,8.68969,8.6919,1.07,1.00
2015.11.25 15:25:52.243,8.68969,8.6919,1.75,1.00
2015.11.25 15:25:52.998,8.68969,8.6919,1.75,1.00
2015.11.25 15:25:54.176,8.68979,8.6919,1.75,1.00
2015.11.25 15:25:54.946,8.68979,8.6919,1.75,1.00
2015.11.25 15:25:55.275,8.68979,8.6919,1.75,1.00
2015.11.25 15:25:55.427,8.68979,8.6919,1.75,1.00
2015.11.25 15:25:55.578,8.69007,8.69209,1.75,1.00
2015.11.25 15:25:56.595,8.69007,8.69209,1.75,1.00
2015.11.25 15:25:57.036,8.69007,8.69209,1.75,1.00
2015.11.25 15:25:57.902,8.69007,8.69226,1.75,1.00
2015.11.25 15:25:57.953,8.69007,8.69226,1.75,1.00
2015.11.25 15:25:58.501,8.69016,8.69226,1.75,1.00
2015.11.25 15:25:59.147,8.69016,8.69226,1.75,1.00
2015.11.25 15:25:59.823,8.69007,8.69226,1.75,1.00
2015.11.25 15:26:00.487,8.69007,8.69226,1.00,1.10
2015.11.25 15:26:00.877,8.6904,8.69248,1.75,1.00
2015.11.25 15:26:01.195,8.6904,8.69262,2.25,1.00
2015.11.25 15:26:01.297,8.69076,8.69297,1.75,1.00
2015.11.25 15:26:01.746,8.69076,8.69297,1.75,1.00
2015.11.25 15:26:01.797,8.69076,8.69297,1.75,1.00
2015.11.25 15:26:02.445,8.69076,8.69297,1.75,1.00
2015.11.25 15:26:03.256,8.69076,8.69297,1.75,1.00
2015.11.25 15:26:03.676,8.69076,8.69297,1.75,1.00
2015.11.25 15:26:03.835,8.69115,8.69306,1.00,1.00
2015.11.25 15:26:04.456,8.69115,8.69322,1.12,1.00
2015.11.25 15:26:04.586,8.69115,8.69336,1.12,1.00
2015.11.25 15:26:04.645,8.69115,8.69336,1.10,1.10
2015.11.25 15:26:05.448,8.69115,8.69336,1.00,1.87
2015.11.25 15:26:06.387,8.69115,8.69317,1.00,1.07
2015.11.25 15:26:07.199,8.69115,8.69317,1.00,1.00
2015.11.25 15:26:07.607,8.69115,8.69317,1.00,1.07
2015.11.25 15:26:07.760,8.69115,8.69336,1.07,1.57
2015.11.25 15:26:07.978,8.69115,8.69336,1.75,1.50
2015.11.25 15:26:08.185,8.69115,8.69336,1.75,1.00
2015.11.25 15:26:08.319,8.69144,8.69364,1.37,1.00
2015.11.25 15:26:08.421,8.69144,8.69364,1.75,1.00
2015.11.25 15:26:08.789,8.69144,8.69364,1.37,1.00
2015.11.25 15:26:09.204,8.69144,8.69364,1.37,1.07
2015.11.25 15:26:09.508,8.69144,8.69364,1.75,1.10
2015.11.25 15:26:10.194,8.69172,8.69371,1.75,1.00
2015.11.25 15:26:10.463,8.69172,8.69394,1.75,1.07
2015.11.25 15:26:10.514,8.69172,8.69394,1.75,1.00
2015.11.25 15:26:10.706,8.69172,8.69394,1.75,1.00
2015.11.25 15:26:10.937,8.69172,8.69394,1.75,1.00
2015.11.25 15:26:11.711,8.69172,8.69394,1.07,1.37
2015.11.25 15:26:11.915,8.69172,8.69394,1.37,1.00
2015.11.25 15:26:12.492,8.69172,8.69394,1.00,1.37
2015.11.25 15:26:12.795,8.69172,8.69381,1.00,1.00
2015.11.25 15:26:13.195,8.69152,8.69344,1.37,1.00
2015.11.25 15:26:13.245,8.69149,8.69344,1.00,1.00
2015.11.25 15:26:13.466,8.69149,8.69344,1.37,1.00
2015.11.25 15:26:13.516,8.69156,8.69375,1.07,1.00
2015.11.25 15:26:13.698,8.69156,8.69375,1.07,1.00
2015.11.25 15:26:14.005,8.69156,8.69375,1.00,1.37
2015.11.25 15:26:14.569,8.69156,8.69375,1.07,1.00
2015.11.25 15:26:15.446,8.69156,8.69375,1.07,1.50
2015.11.25 15:26:16.360,8.69161,8.69381,1.07,1.07
2015.11.25 15:26:16.767,8.69161,8.69381,1.37,1.00
2015.11.25 15:26:17.196,8.69161,8.69381,1.37,1.00
2015.11.25 15:26:18.072,8.69161,8.69381,1.10,1.37
2015.11.25 15:26:18.636,8.69149,8.69353,1.37,1.00
2015.11.25 15:26:19.168,8.69142,8.69353,2.07,1.00
2015.11.25 15:26:19.669,8.69142,8.69353,2.44,1.00
2015.11.25 15:26:19.946,8.69167,8.69387,1.75,1.00
2015.11.25 15:26:20.200,8.69167,8.69388,1.75,1.00
2015.11.25 15:26:20.352,8.69208,8.69429,1.00,1.12
2015.11.25 15:26:20.403,8.69208,8.69429,1.07,1.00
2015.11.25 15:26:21.518,8.69208,8.69429,1.07,1.07
2015.11.25 15:26:21.882,8.69208,8.69429,1.00,1.75
2015.11.25 15:26:24.135,8.69208,8.69425,1.37,1.00
2015.11.25 15:26:24.236,8.69208,8.69425,1.75,1.00
2015.11.25 15:26:24.395,8.69208,8.69425,1.37,1.00
2015.11.25 15:26:24.496,8.69208,8.69425,1.00,1.37
2015.11.25 15:26:25.901,8.69195,8.69395,1.07,1.10
2015.11.25 15:26:28.766,8.69175,8.69395,1.37,1.00
2015.11.25 15:26:28.969,8.69175,8.69395,1.75,1.00
2015.11.25 15:26:29.185,8.69175,8.69395,1.75,1.00
2015.11.25 15:26:29.537,8.69212,8.69407,1.00,1.00
2015.11.25 15:26:30.078,8.69192,8.69403,1.37,1.00
2015.11.25 15:26:30.256,8.69192,8.69403,1.07,1.00
2015.11.25 15:26:30.947,8.69182,8.69403,1.12,1.37
2015.11.25 15:26:31.517,8.69172,8.69371,2.07,1.00
2015.11.25 15:26:31.567,8.6918,8.69391,1.07,1.00
2015.11.25 15:26:31.669,8.6918,8.69401,1.07,1.00
2015.11.25 15:26:31.938,8.6918,8.69372,1.75,1.00
2015.11.25 15:26:32.063,8.6918,8.69395,1.75,1.00
2015.11.25 15:26:32.164,8.6918,8.69401,1.75,1.00
2015.11.25 15:26:32.735,8.69184,8.69401,1.37,1.00
2015.11.25 15:26:33.477,8.69184,8.69401,1.07,1.00
2015.11.25 15:26:34.142,8.6918,8.69391,1.07,1.00
2015.11.25 15:26:34.477,8.6918,8.69391,1.37,1.00
2015.11.25 15:26:35.237,8.6918,8.69391,1.75,1.00
2015.11.25 15:26:35.315,8.6918,8.69401,1.75,1.00
2015.11.25 15:26:36.125,8.69216,8.69437,1.12,1.00
2015.11.25 15:26:36.230,8.69216,8.69428,1.12,1.00
2015.11.25 15:26:36.995,8.69216,8.69428,1.75,1.00
2015.11.25 15:26:37.599,8.69216,8.69428,1.07,1.37
2015.11.25 15:26:38.239,8.69216,8.69428,1.75,1.00
2015.11.25 15:26:38.425,8.69216,8.69428,1.75,1.00
2015.11.25 15:26:38.529,8.69216,8.69437,1.75,1.00
2015.11.25 15:26:38.755,8.69216,8.69437,1.75,1.00
2015.11.25 15:26:39.415,8.69227,8.69437,1.75,1.00
2015.11.25 15:26:40.187,8.69227,8.69437,1.37,1.00
2015.11.25 15:26:40.405,8.69227,8.69437,1.07,1.00
2015.11.25 15:26:41.737,8.69216,8.69437,1.07,1.37
2015.11.25 15:26:41.958,8.69216,8.69437,1.50,1.00
2015.11.25 15:26:42.725,8.69216,8.69437,1.75,1.00
2015.11.25 15:26:43.045,8.69216,8.69437,1.75,1.00
2015.11.25 15:26:43.202,8.69216,8.69437,1.75,1.00
2015.11.25 15:26:43.497,8.69216,8.69437,1.75,1.00
2015.11.25 15:26:44.195,8.69255,8.69437,1.00,1.00
2015.11.25 15:26:44.541,8.69255,8.69437,1.37,1.00
2015.11.25 15:26:44.844,8.69259,8.69456,1.75,1.00
2015.11.25 15:26:44.895,8.69259,8.69476,1.75,1.00
2015.11.25 15:26:44.946,8.69259,8.69476,1.75,1.00
2015.11.25 15:26:45.494,8.69299,8.69491,1.00,1.00
2015.11.25 15:26:45.618,8.69299,8.69501,1.37,1.00
2015.11.25 15:26:45.719,8.69299,8.6952,1.37,1.00
2015.11.25 15:26:45.770,8.69299,8.69508,1.37,1.00
2015.11.25 15:26:45.821,8.69299,8.6952,1.37,1.00
2015.11.25 15:26:45.922,8.69299,8.6952,1.75,1.00
2015.11.25 15:26:46.238,8.69299,8.69511,1.75,1.00
2015.11.25 15:26:46.992,8.69299,8.6952,1.75,1.00
2015.11.25 15:26:47.043,8.69299,8.6952,1.07,1.00
2015.11.25 15:26:47.225,8.69299,8.6952,1.75,1.00
2015.11.25 15:26:47.677,8.69299,8.6952,1.75,1.00
2015.11.25 15:26:48.427,8.69299,8.6952,1.37,1.00
2015.11.25 15:26:48.837,8.69331,8.69521,1.00,1.00
2015.11.25 15:26:49.141,8.69331,8.69521,1.37,1.00
2015.11.25 15:26:49.205,8.69331,8.69521,1.37,1.00
2015.11.25 15:26:49.800,8.69331,8.69546,1.75,1.00
2015.11.25 15:26:49.856,8.69331,8.69552,1.75,1.00
2015.11.25 15:26:49.974,8.69331,8.69552,1.75,1.00
2015.11.25 15:26:50.197,8.69331,8.69552,1.75,1.00
2015.11.25 15:26:50.443,8.69331,8.69552,1.75,1.00
2015.11.25 15:26:50.744,8.69331,8.69552,1.75,1.00
2015.11.25 15:26:51.321,8.6936,8.69557,1.75,1.00
2015.11.25 15:26:51.371,8.6936,8.69582,1.75,1.00
2015.11.25 15:26:51.422,8.6936,8.69582,1.75,1.00
2015.11.25 15:26:51.473,8.6936,8.69566,1.75,1.00
2015.11.25 15:26:51.783,8.6936,8.69582,1.75,1.00
2015.11.25 15:26:51.835,8.6936,8.69582,1.75,1.00
2015.11.25 15:26:51.886,8.6936,8.69582,1.50,1.00
2015.11.25 15:26:52.657,8.6936,8.69568,1.37,1.00
2015.11.25 15:26:52.708,8.69356,8.69577,1.37,1.00
2015.11.25 15:26:52.809,8.69356,8.69571,1.37,1.00
2015.11.25 15:26:52.961,8.69356,8.69571,1.07,1.00
2015.11.25 15:26:53.114,8.69336,8.69532,1.37,1.00
2015.11.25 15:26:53.557,8.69348,8.69551,1.37,1.50
2015.11.25 15:26:54.079,8.69348,8.69551,1.37,1.00
2015.11.25 15:26:54.130,8.69327,8.69532,1.75,1.00
2015.11.25 15:26:54.720,8.69357,8.69551,1.07,1.00
2015.11.25 15:26:54.822,8.69357,8.69551,1.75,1.00
2015.11.25 15:26:54.924,8.69357,8.69579,1.75,1.00
2015.11.25 15:26:55.317,8.69357,8.69575,1.75,1.00
2015.11.25 15:26:55.519,8.69357,8.69575,1.75,1.00
2015.11.25 15:26:55.658,8.69357,8.69556,1.75,1.00
2015.11.25 15:26:55.709,8.69357,8.69556,1.37,1.00
2015.11.25 15:26:55.759,8.69324,8.69545,2.25,1.00
2015.11.25 15:26:55.915,8.69324,8.69545,1.87,1.00
2015.11.25 15:26:56.018,8.69324,8.69512,1.37,1.00
2015.11.25 15:26:56.945,8.69291,8.69512,1.75,1.00
2015.11.25 15:26:57.272,8.69291,8.69512,1.75,1.00
2015.11.25 15:26:58.411,8.69291,8.69498,1.75,1.00
2015.11.25 15:26:58.462,8.69291,8.69498,1.07,1.00
2015.11.25 15:26:58.690,8.69291,8.69498,1.75,1.00
2015.11.25 15:26:58.995,8.69291,8.69498,1.00,1.00
2015.11.25 15:26:59.163,8.69266,8.69479,1.37,1.00
2015.11.25 15:26:59.758,8.6929,8.69498,1.00,1.00
2015.11.25 15:26:59.810,8.6929,8.69512,1.00,1.37
2015.11.25 15:26:59.985,8.6929,8.69512,1.37,1.00
2015.11.25 15:27:00.315,8.69284,8.69484,1.37,1.00
2015.11.25 15:27:01.155,8.69302,8.69512,1.37,1.00
2015.11.25 15:27:01.206,8.69302,8.69512,1.12,1.00
2015.11.25 15:27:02.735,8.69302,8.69512,1.07,1.00
2015.11.25 15:27:02.938,8.69302,8.69506,1.07,1.00
2015.11.25 15:27:02.988,8.6928,8.69487,1.00,1.00
2015.11.25 15:27:04.195,8.6928,8.69487,1.07,1.00
2015.11.25 15:27:04.721,8.6928,8.69487,1.75,1.00
2015.11.25 15:27:05.046,8.69288,8.69487,1.75,1.00
2015.11.25 15:27:05.198,8.69296,8.69512,1.75,1.00
2015.11.25 15:27:05.630,8.69296,8.69512,1.75,1.00
2015.11.25 15:27:05.682,8.69296,8.69515,1.75,1.00
2015.11.25 15:27:06.520,8.69296,8.69515,1.75,1.00
2015.11.25 15:27:07.390,8.692,8.69419,1.00,1.00
2015.11.25 15:27:07.643,8.692,8.69412,1.00,1.00
2015.11.25 15:27:07.694,8.69172,8.69391,1.07,1.00
2015.11.25 15:27:08.056,8.69172,8.69391,1.75,1.00
2015.11.25 15:27:08.542,8.69163,8.69359,1.77,1.00
2015.11.25 15:27:08.694,8.69163,8.69359,1.69,1.00
2015.11.25 15:27:08.746,8.69137,8.69359,1.07,1.00
2015.11.25 15:27:09.058,8.69137,8.69341,1.07,1.00
2015.11.25 15:27:09.260,8.691,8.69321,1.07,1.00
2015.11.25 15:27:09.722,8.69102,8.69321,1.75,1.00
2015.11.25 15:27:10.045,8.691,8.69321,1.75,1.00
2015.11.25 15:27:10.384,8.69149,8.69321,1.00,1.00
2015.11.25 15:27:10.872,8.69152,8.6937,1.37,1.00
2015.11.25 15:27:10.923,8.6917,8.6937,1.00,1.00
2015.11.25 15:27:11.386,8.6919,8.6937,1.00,1.00
2015.11.25 15:27:11.576,8.69167,8.6937,1.00,1.00
2015.11.25 15:27:11.812,8.69199,8.6937,1.00,1.00
2015.11.25 15:27:14.895,8.69152,8.6937,1.37,1.00
2015.11.25 15:27:14.946,8.69171,8.6937,1.00,1.00
2015.11.25 15:27:15.404,8.69189,8.69331,1.00,1.00
2015.11.25 15:27:15.707,8.69189,8.69364,1.00,1.00
2015.11.25 15:27:16.600,8.69182,8.69384,1.00,1.00
2015.11.25 15:27:16.651,8.69182,8.69394,1.00,1.00
2015.11.25 15:27:16.928,8.69185,8.69394,1.07,1.00
2015.11.25 15:27:17.130,8.69203,8.69414,1.00,1.00
2015.11.25 15:27:17.181,8.69203,8.69424,1.00,1.00
2015.11.25 15:27:18.308,8.6923,8.69424,1.00,1.00
2015.11.25 15:27:18.647,8.69259,8.69424,1.00,1.00
2015.11.25 15:27:19.954,8.69234,8.69424,1.00,1.00
2015.11.25 15:27:20.237,8.69234,8.69388,1.00,1.00
2015.11.25 15:27:20.819,8.69234,8.69408,1.00,1.00
2015.11.25 15:27:21.239,8.69234,8.69422,1.00,1.00
2015.11.25 15:27:24.281,8.69234,8.69389,1.00,1.00
2015.11.25 15:27:24.331,8.69172,8.69389,1.00,1.00
2015.11.25 15:27:24.382,8.69167,8.69389,1.00,1.00
2015.11.25 15:27:24.534,8.69167,8.69389,1.00,1.37
2015.11.25 15:27:24.635,8.69147,8.6936,1.00,1.00
2015.11.25 15:27:24.686,8.69142,8.6936,1.77,1.00
2015.11.25 15:27:24.737,8.69142,8.6936,1.69,1.07
2015.11.25 15:27:25.040,8.69142,8.69317,1.69,1.00
2015.11.25 15:27:25.488,8.69142,8.69346,1.69,1.00
2015.11.25 15:27:25.589,8.69125,8.69346,1.00,1.00
2015.11.25 15:27:26.029,8.69161,8.69346,1.00,1.00
2015.11.25 15:27:29.056,8.69159,8.69346,1.00,1.00
2015.11.25 15:27:29.158,8.69159,8.69312,1.00,1.00
2015.11.25 15:27:29.360,8.69112,8.69312,1.00,1.00
2015.11.25 15:27:29.564,8.69145,8.69312,1.00,1.00
2015.11.25 15:27:34.497,8.69125,8.69312,1.00,1.00
2015.11.25 15:27:34.548,8.69125,8.69333,1.00,1.00
2015.11.25 15:27:34.795,8.69125,8.69341,1.00,1.00
2015.11.25 15:27:35.504,8.69142,8.69341,1.00,1.00
2015.11.25 15:27:38.461,8.69142,8.69299,1.00,1.00
2015.11.25 15:27:38.514,8.69123,8.69299,1.00,1.00
2015.11.25 15:27:38.657,8.69089,8.69299,1.37,1.00
2015.11.25 15:27:38.808,8.6912,8.69299,1.00,1.00
2015.11.25 15:27:39.635,8.69078,8.69299,1.75,1.00
2015.11.25 15:27:40.452,8.69053,8.69265,1.69,1.00
2015.11.25 15:27:40.503,8.69066,8.69265,1.00,1.00
2015.11.25 15:27:41.014,8.69068,8.69265,1.00,1.00
2015.11.25 15:27:41.166,8.69053,8.69265,1.69,1.00
2015.11.25 15:27:41.368,8.6907,8.69265,1.00,1.00
2015.11.25 15:27:41.714,8.69053,8.69265,1.69,1.00
2015.11.25 15:27:41.816,8.69072,8.69265,1.00,1.00
2015.11.25 15:27:42.529,8.69067,8.69265,1.00,1.00
2015.11.25 15:27:42.581,8.69073,8.69265,1.00,1.00
2015.11.25 15:27:42.683,8.69085,8.69286,1.00,1.00
2015.11.25 15:27:43.086,8.69085,8.69306,1.00,1.00
2015.11.25 15:27:43.188,8.69114,8.69326,1.00,1.00
2015.11.25 15:27:43.238,8.69114,8.69334,1.00,1.00
2015.11.25 15:27:43.289,8.69142,8.69354,1.00,1.07
2015.11.25 15:27:44.004,8.69123,8.69333,2.44,1.00
2015.11.25 15:27:44.455,8.69144,8.69333,1.00,1.00
2015.11.25 15:27:45.824,8.69144,8.69205,1.00,1.00
2015.11.25 15:27:46.178,8.69085,8.69111,1.00,1.00
2015.11.25 15:27:46.229,8.68981,8.69111,1.00,1.00
2015.11.25 15:27:46.280,8.68981,8.69131,1.00,1.00
2015.11.25 15:27:46.331,8.68981,8.69157,1.75,1.00
2015.11.25 15:27:46.583,8.69002,8.69178,2.44,1.00
2015.11.25 15:27:46.634,8.69004,8.69211,1.50,1.00
2015.11.25 15:27:46.685,8.69031,8.6923,1.00,1.00
2015.11.25 15:27:46.736,8.69069,8.69253,1.00,1.00
2015.11.25 15:27:47.013,8.69069,8.69273,1.00,1.00
2015.11.25 15:27:47.064,8.69069,8.6928,1.00,1.00
2015.11.25 15:27:47.216,8.69088,8.6928,1.00,1.00
2015.11.25 15:27:47.317,8.69059,8.6928,1.00,1.00
2015.11.25 15:27:48.002,8.6904,8.69251,1.00,1.00
2015.11.25 15:27:48.053,8.69029,8.69251,1.00,1.00
2015.11.25 15:27:51.248,8.6906,8.69271,1.00,1.00
2015.11.25 15:27:51.304,8.6906,8.69281,1.00,1.00
2015.11.25 15:27:52.566,8.69088,8.693,1.00,1.00
2015.11.25 15:27:52.617,8.69088,8.6931,1.00,1.00
2015.11.25 15:27:52.935,8.69088,8.6931,1.50,1.00
2015.11.25 15:27:54.223,8.69084,8.69278,1.37,1.00
2015.11.25 15:27:55.409,8.69088,8.69308,1.37,1.00
2015.11.25 15:27:55.665,8.69088,8.69308,1.00,1.75
2015.11.25 15:27:55.716,8.69084,8.69266,1.00,1.00
2015.11.25 15:27:56.057,8.69084,8.69266,1.37,1.00
2015.11.25 15:27:56.108,8.69084,8.69266,1.00,1.00
2015.11.25 15:27:56.244,8.69063,8.69266,1.07,1.00
2015.11.25 15:27:56.446,8.69063,8.69266,1.75,1.00
2015.11.25 15:27:56.879,8.69077,8.69286,1.37,1.00
2015.11.25 15:27:56.930,8.69087,8.69296,1.37,1.00
2015.11.25 15:27:56.982,8.69087,8.69296,1.37,1.00
2015.11.25 15:27:57.656,8.69087,8.69296,1.75,1.00
2015.11.25 15:27:58.754,8.69087,8.69296,1.75,1.00
2015.11.25 15:27:58.973,8.69087,8.69296,1.00,1.37
2015.11.25 15:27:59.184,8.69087,8.69296,1.75,1.00
2015.11.25 15:27:59.235,8.69104,8.69317,1.12,1.12
2015.11.25 15:27:59.765,8.69087,8.69288,1.75,1.00
2015.11.25 15:27:59.917,8.69104,8.69308,1.75,1.00
2015.11.25 15:27:59.968,8.69104,8.69326,1.75,1.00
2015.11.25 15:28:00.074,8.69117,8.69326,1.75,1.00
2015.11.25 15:28:00.175,8.69117,8.69326,1.00,1.00
2015.11.25 15:28:00.606,8.69117,8.69292,1.00,1.00
2015.11.25 15:28:00.657,8.69088,8.69292,1.00,1.00
2015.11.25 15:28:01.856,8.69088,8.69262,1.00,1.00
2015.11.25 15:28:02.232,8.69042,8.69262,1.37,1.00
2015.11.25 15:28:03.255,8.69042,8.69262,1.37,1.00
2015.11.25 15:28:03.474,8.69048,8.69262,1.07,1.00
2015.11.25 15:28:04.134,8.69073,8.69278,1.00,1.37
2015.11.25 15:28:04.520,8.69073,8.69292,1.00,1.00
2015.11.25 15:28:04.571,8.69073,8.69292,1.75,1.00
2015.11.25 15:28:04.672,8.69073,8.69292,1.37,1.00
2015.11.25 15:28:05.125,8.69088,8.69236,1.07,1.00
2015.11.25 15:28:05.227,8.69015,8.69236,1.75,1.75
2015.11.25 15:28:05.279,8.69057,8.69236,1.00,1.75
2015.11.25 15:28:05.782,8.69063,8.69256,1.00,1.75
2015.11.25 15:28:05.833,8.69081,8.69281,1.00,1.75
2015.11.25 15:28:06.003,8.69081,8.69281,1.37,1.75
2015.11.25 15:28:06.399,8.69081,8.69281,1.00,1.75
2015.11.25 15:28:06.702,8.69081,8.69281,1.00,1.75
2015.11.25 15:28:06.803,8.69081,8.69281,1.00,1.75
2015.11.25 15:28:07.202,8.69081,8.69281,1.00,1.75
2015.11.25 15:28:07.816,8.69108,8.69281,1.00,1.75
2015.11.25 15:28:07.968,8.69108,8.69281,1.00,1.00
2015.11.25 15:28:08.120,8.69108,8.69281,1.75,1.00
2015.11.25 15:28:08.171,8.69121,8.69301,1.75,1.00
2015.11.25 15:28:08.272,8.69121,8.69342,1.75,1.00
2015.11.25 15:28:08.911,8.69121,8.69342,1.75,1.00
2015.11.25 15:28:09.214,8.69121,8.69338,1.75,1.00
2015.11.25 15:28:09.315,8.69121,8.69328,1.75,1.00
2015.11.25 15:28:09.416,8.69133,8.69328,1.37,1.00
2015.11.25 15:28:09.618,8.69133,8.69342,1.37,1.00
2015.11.25 15:28:09.753,8.69133,8.69342,1.37,1.00
2015.11.25 15:28:10.206,8.69121,8.69342,1.00,1.12
2015.11.25 15:28:10.257,8.69111,8.69303,1.00,1.00
2015.11.25 15:28:10.308,8.69093,8.69303,1.69,1.00
2015.11.25 15:28:10.813,8.69082,8.69303,1.07,1.00
2015.11.25 15:28:10.864,8.69063,8.69264,1.00,1.00
2015.11.25 15:28:10.915,8.69044,8.69264,1.00,1.00
2015.11.25 15:28:10.966,8.69042,8.69236,1.69,1.00
2015.11.25 15:28:11.968,8.68972,8.69163,1.69,1.00
2015.11.25 15:28:12.796,8.68979,8.692,1.00,1.00
2015.11.25 15:28:13.507,8.68984,8.692,1.00,1.00
2015.11.25 15:28:14.038,8.68993,8.692,1.00,1.00
2015.11.25 15:28:14.566,8.69009,8.6923,1.00,1.00
2015.11.25 15:28:14.768,8.6902,8.6923,1.00,1.00
2015.11.25 15:28:14.874,8.69009,8.6923,1.00,1.00
2015.11.25 15:28:15.054,8.69012,8.6923,1.00,1.00
2015.11.25 15:28:15.164,8.69009,8.6923,1.00,1.00
2015.11.25 15:28:15.316,8.69013,8.6923,1.00,1.00
2015.11.25 15:28:15.965,8.69029,8.6923,1.00,1.00
2015.11.25 15:28:16.017,8.69045,8.69261,1.00,1.37
2015.11.25 15:28:16.233,8.69045,8.69261,1.00,1.00
2015.11.25 15:28:16.284,8.69045,8.69267,1.00,1.00
2015.11.25 15:28:16.487,8.69025,8.69236,1.07,1.00
2015.11.25 15:28:16.875,8.69044,8.69236,1.00,1.00
2015.11.25 15:28:16.926,8.69023,8.69236,1.00,1.00
2015.11.25 15:28:17.475,8.69054,8.69236,1.00,1.00
2015.11.25 15:28:17.526,8.69022,8.69236,1.00,1.00
2015.11.25 15:28:17.577,8.69053,8.69236,1.00,1.00
2015.11.25 15:28:17.678,8.69029,8.69236,1.00,1.00
2015.11.25 15:28:17.913,8.69062,8.69236,1.00,1.00
2015.11.25 15:28:18.124,8.69022,8.69201,1.07,1.00
2015.11.25 15:28:18.745,8.69022,8.69201,1.00,1.00
2015.11.25 15:28:18.897,8.69069,8.69221,1.00,1.00
2015.11.25 15:28:18.947,8.69069,8.6929,1.00,1.00
2015.11.25 15:28:19.317,8.69042,8.69252,1.69,1.00
2015.11.25 15:28:19.675,8.69076,8.69252,1.00,1.00
2015.11.25 15:28:20.287,8.69049,8.69252,1.00,1.00
2015.11.25 15:28:20.340,8.69061,8.69281,1.00,1.00
2015.11.25 15:28:20.453,8.69088,8.69281,1.00,1.00
2015.11.25 15:28:20.816,8.69074,8.69281,1.00,1.00
2015.11.25 15:28:20.967,8.69074,8.69281,1.00,1.75
2015.11.25 15:28:21.275,8.69082,8.69252,1.00,1.10
2015.11.25 15:28:21.326,8.69074,8.69252,1.00,1.10
2015.11.25 15:28:21.435,8.69112,8.69252,1.00,1.10
2015.11.25 15:28:22.239,8.69142,8.69252,1.00,1.00
2015.11.25 15:28:22.290,8.69142,8.69339,1.00,1.00
2015.11.25 15:28:22.574,8.69122,8.69339,1.37,1.00
2015.11.25 15:28:23.075,8.69142,8.69339,1.00,1.00
2015.11.25 15:28:23.613,8.69131,8.69339,1.07,1.00
2015.11.25 15:28:24.325,8.69131,8.69305,1.07,1.00
2015.11.25 15:28:24.493,8.69131,8.69305,1.00,1.00
2015.11.25 15:28:25.991,8.69112,8.69305,2.52,1.00
2015.11.25 15:28:26.409,8.69112,8.69272,2.52,1.00
2015.11.25 15:28:26.460,8.69072,8.69239,1.69,1.00
2015.11.25 15:28:29.776,8.69072,8.69217,1.69,1.00
2015.11.25 15:28:29.978,8.69013,8.69198,2.07,1.00
2015.11.25 15:28:30.029,8.69013,8.69198,1.77,1.00
2015.11.25 15:28:30.231,8.69013,8.69198,2.07,1.00
2015.11.25 15:28:30.796,8.6903,8.69198,1.00,1.00
2015.11.25 15:28:30.847,8.6903,8.6924,1.00,1.00
2015.11.25 15:28:30.897,8.6903,8.6924,1.37,1.00
2015.11.25 15:28:32.528,8.69136,8.6926,1.07,1.00
2015.11.25 15:28:32.579,8.69136,8.69357,1.07,1.00
2015.11.25 15:28:32.732,8.69136,8.69357,1.75,1.00
2015.11.25 15:28:33.046,8.69173,8.69395,1.07,1.00
2015.11.25 15:28:33.399,8.69173,8.69363,1.07,1.00
2015.11.25 15:28:33.851,8.69143,8.69364,1.75,1.00
2015.11.25 15:28:33.953,8.69152,8.69364,2.44,1.00
2015.11.25 15:28:34.227,8.69183,8.69404,1.07,1.00
2015.11.25 15:28:34.935,8.69183,8.69404,1.00,1.00
2015.11.25 15:28:35.622,8.69183,8.69393,1.00,1.00
2015.11.25 15:28:35.944,8.69152,8.69337,1.69,1.00
2015.11.25 15:28:36.182,8.69123,8.69337,1.37,1.00
2015.11.25 15:28:36.515,8.69116,8.69337,1.00,1.75
2015.11.25 15:28:36.852,8.69123,8.69312,1.69,1.37
2015.11.25 15:28:37.194,8.69123,8.69292,1.69,1.00
2015.11.25 15:28:37.851,8.69123,8.6932,1.69,1.75
2015.11.25 15:28:38.431,8.69123,8.6932,1.69,1.12
2015.11.25 15:28:38.610,8.69123,8.6932,1.69,1.75
2015.11.25 15:28:38.711,8.69123,8.6932,1.69,1.37
2015.11.25 15:28:39.444,8.69123,8.6932,2.07,1.00
2015.11.25 15:28:41.414,8.69126,8.69344,1.07,1.37
2015.11.25 15:28:41.822,8.69126,8.69328,1.07,1.00
2015.11.25 15:28:42.125,8.69123,8.6928,1.77,1.00
2015.11.25 15:28:42.430,8.69119,8.6928,1.00,1.00
2015.11.25 15:28:43.513,8.69119,8.6928,1.37,1.00
2015.11.25 15:28:43.676,8.69119,8.69314,1.37,1.00
2015.11.25 15:28:44.036,8.69152,8.69314,1.00,1.00
2015.11.25 15:28:44.190,8.69162,8.69347,1.37,1.00
2015.11.25 15:28:44.661,8.69143,8.69306,1.12,1.00
2015.11.25 15:28:44.764,8.69124,8.69306,1.00,1.00
2015.11.25 15:28:45.035,8.69085,8.69306,1.37,1.00
2015.11.25 15:28:45.086,8.69085,8.69306,1.37,1.07
2015.11.25 15:28:45.453,8.69096,8.69277,1.00,1.00
2015.11.25 15:28:45.513,8.69082,8.69277,1.07,1.00
2015.11.25 15:28:45.886,8.69095,8.69277,1.00,1.00
2015.11.25 15:28:46.637,8.69095,8.69277,1.37,1.00
2015.11.25 15:28:46.942,8.69095,8.69277,1.00,1.00
2015.11.25 15:28:50.526,8.69113,8.69277,1.00,1.00
2015.11.25 15:28:50.678,8.69113,8.69326,1.37,1.07
2015.11.25 15:28:51.117,8.69114,8.69293,1.00,1.00
2015.11.25 15:28:52.091,8.69114,8.69326,1.00,1.75
2015.11.25 15:28:52.192,8.69114,8.69326,1.00,1.37
2015.11.25 15:28:52.243,8.69114,8.69326,1.75,1.37
2015.11.25 15:28:52.344,8.69114,8.69326,1.75,1.07
2015.11.25 15:28:52.445,8.69114,8.69326,1.75,1.07
2015.11.25 15:28:53.894,8.69114,8.69326,1.00,1.75
2015.11.25 15:28:54.614,8.69114,8.69326,1.12,1.37
2015.11.25 15:28:55.457,8.69133,8.69326,1.00,1.37
2015.11.25 15:28:56.016,8.69114,8.69326,1.00,1.75
2015.11.25 15:28:56.067,8.69098,8.69293,1.00,1.37
2015.11.25 15:28:56.118,8.69072,8.69293,3.57,1.37
2015.11.25 15:28:56.729,8.69072,8.69293,2.52,1.07
2015.11.25 15:28:56.906,8.69105,8.69325,1.00,1.75
2015.11.25 15:28:57.493,8.69093,8.69293,1.00,1.37
2015.11.25 15:28:59.154,8.69074,8.69293,1.37,1.00
2015.11.25 15:28:59.255,8.69072,8.69293,1.00,1.75
2015.11.25 15:28:59.357,8.69042,8.69257,3.57,1.00
2015.11.25 15:29:00.389,8.69052,8.69257,1.00,1.00
2015.11.25 15:29:00.440,8.69042,8.69257,1.69,1.00
2015.11.25 15:29:00.964,8.69042,8.69257,1.69,1.07
2015.11.25 15:29:01.299,8.69042,8.69221,1.69,1.00
2015.11.25 15:29:02.521,8.69042,8.69238,1.69,1.07
2015.11.25 15:29:03.458,8.69042,8.69238,1.69,1.00
2015.11.25 15:29:03.982,8.69042,8.69238,1.69,1.75
2015.11.25 15:29:04.152,8.69006,8.69209,1.00,1.75
2015.11.25 15:29:04.203,8.68988,8.69209,1.00,1.75
2015.11.25 15:29:04.764,8.68988,8.69209,1.00,1.10
2015.11.25 15:29:04.978,8.68988,8.69209,1.00,1.37
2015.11.25 15:29:05.281,8.68988,8.69209,1.00,1.75
2015.11.25 15:29:06.011,8.6896,8.69179,1.00,1.37
2015.11.25 15:29:06.114,8.68958,8.69179,1.00,1.37
2015.11.25 15:29:06.215,8.68958,8.69179,1.00,1.75
2015.11.25 15:29:07.765,8.68913,8.69129,1.00,1.00
2015.11.25 15:29:07.940,8.68933,8.69129,1.00,1.00
2015.11.25 15:29:09.255,8.68953,8.69129,1.00,1.00
2015.11.25 15:29:09.357,8.68953,8.69169,1.00,1.37
2015.11.25 15:29:09.408,8.68953,8.69169,1.00,1.37
2015.11.25 15:29:10.090,8.68948,8.69164,1.00,1.07
2015.11.25 15:29:10.252,8.68948,8.69164,1.00,1.37
2015.11.25 15:29:10.689,8.68948,8.69164,1.00,1.75
2015.11.25 15:29:11.242,8.68948,8.69145,1.00,1.50
2015.11.25 15:29:11.695,8.68948,8.69169,1.00,1.75
2015.11.25 15:29:12.205,8.68948,8.69169,1.00,1.75
2015.11.25 15:29:12.702,8.68948,8.69169,1.00,1.07
2015.11.25 15:29:13.950,8.69148,8.69369,1.00,1.75
2015.11.25 15:29:14.001,8.69148,8.69369,1.00,1.75
2015.11.25 15:29:14.102,8.69148,8.69369,1.00,1.75
2015.11.25 15:29:14.631,8.69148,8.69369,1.00,1.75
2015.11.25 15:29:14.937,8.69148,8.69299,1.00,1.37
2015.11.25 15:29:15.038,8.69114,8.69299,1.00,1.37
2015.11.25 15:29:15.380,8.69147,8.69299,1.00,1.37
2015.11.25 15:29:15.432,8.69147,8.69335,1.00,1.07
2015.11.25 15:29:15.534,8.69144,8.69365,1.00,1.37
2015.11.25 15:29:15.636,8.69144,8.69333,1.00,1.00
2015.11.25 15:29:15.687,8.69105,8.69313,1.00,1.00
2015.11.25 15:29:15.739,8.69146,8.69367,1.00,1.75
2015.11.25 15:29:15.791,8.69146,8.69367,1.00,1.00
2015.11.25 15:29:15.944,8.69132,8.69316,1.00,1.00
2015.11.25 15:29:16.247,8.69094,8.69316,1.00,1.00
2015.11.25 15:29:16.910,8.69102,8.69316,1.00,1.00
2015.11.25 15:29:16.961,8.6914,8.69361,1.00,1.00
2015.11.25 15:29:17.012,8.69147,8.69361,1.00,1.00
2015.11.25 15:29:17.360,8.69184,8.69403,1.00,1.37
2015.11.25 15:29:17.811,8.69184,8.69371,1.00,1.00
2015.11.25 15:29:17.963,8.69147,8.69359,1.00,1.00
2015.11.25 15:29:18.352,8.69166,8.69388,1.00,1.00
2015.11.25 15:29:18.511,8.69166,8.69372,1.00,1.00
2015.11.25 15:29:18.674,8.69166,8.69388,1.00,1.00
2015.11.25 15:29:18.775,8.69166,8.6938,1.00,1.00
2015.11.25 15:29:18.876,8.69166,8.69388,1.00,1.00
2015.11.25 15:29:19.180,8.69166,8.69386,1.00,1.00
2015.11.25 15:29:20.220,8.69166,8.69388,1.00,1.00
2015.11.25 15:29:20.683,8.69164,8.69359,1.00,1.00
2015.11.25 15:29:20.733,8.69143,8.69359,1.00,1.00
2015.11.25 15:29:20.870,8.69162,8.69359,1.00,1.00
2015.11.25 15:29:21.424,8.69179,8.69379,1.00,1.00
2015.11.25 15:29:21.997,8.69149,8.69371,1.50,1.00
2015.11.25 15:29:23.616,8.69149,8.69368,1.50,1.00
2015.11.25 15:29:23.977,8.69123,8.69333,1.00,1.00
2015.11.25 15:29:24.992,8.69117,8.69333,1.00,1.00
2015.11.25 15:29:27.868,8.69117,8.69304,1.00,1.00
2015.11.25 15:29:27.919,8.69082,8.69304,1.00,1.00
2015.11.25 15:29:28.325,8.69082,8.69304,1.00,1.75
2015.11.25 15:29:29.012,8.69062,8.69267,1.69,1.00
2015.11.25 15:29:29.422,8.69062,8.69267,1.69,1.50
2015.11.25 15:29:30.026,8.69006,8.69227,1.00,1.75
2015.11.25 15:29:30.079,8.68978,8.69199,1.00,1.75
2015.11.25 15:29:30.181,8.68952,8.69169,1.69,1.00
2015.11.25 15:29:30.283,8.68952,8.69169,1.69,1.75
2015.11.25 15:29:30.334,8.68948,8.69169,1.00,1.75
2015.11.25 15:29:30.385,8.6892,8.6913,1.00,1.00
2015.11.25 15:29:30.592,8.68909,8.6913,1.00,1.07
2015.11.25 15:29:30.854,8.68909,8.6913,1.00,1.07
2015.11.25 15:29:31.294,8.68909,8.69123,1.00,1.00
2015.11.25 15:29:31.398,8.68914,8.69134,1.00,1.00
2015.11.25 15:29:31.735,8.6895,8.69134,1.00,1.00
2015.11.25 15:29:33.653,8.68914,8.69134,1.00,1.10
2015.11.25 15:29:34.438,8.68897,8.6909,1.00,1.00
2015.11.25 15:29:34.491,8.68892,8.6909,1.69,1.00
2015.11.25 15:29:34.542,8.68915,8.6909,1.00,1.00
2015.11.25 15:29:34.892,8.68892,8.6909,1.69,1.00
2015.11.25 15:29:34.993,8.68909,8.6909,1.00,1.00
2015.11.25 15:29:35.102,8.68892,8.6909,1.69,1.00
2015.11.25 15:29:35.322,8.68892,8.6909,1.69,1.37
2015.11.25 15:29:35.753,8.68892,8.69046,1.69,1.00
2015.11.25 15:29:36.007,8.68892,8.69083,1.69,1.37
2015.11.25 15:29:36.212,8.68907,8.69083,1.00,1.37
2015.11.25 15:29:36.314,8.68907,8.69083,1.00,1.07
2015.11.25 15:29:36.517,8.68907,8.69116,1.00,1.75
2015.11.25 15:29:37.059,8.68944,8.69139,1.00,1.00
2015.11.25 15:29:37.110,8.68976,8.69166,1.00,1.00
2015.11.25 15:29:37.211,8.69011,8.69233,1.00,1.12
2015.11.25 15:29:37.632,8.68976,8.69196,1.00,1.00
2015.11.25 15:29:37.920,8.68991,8.69196,1.00,1.00
2015.11.25 15:29:38.533,8.68991,8.69209,1.00,1.00
2015.11.25 15:29:38.585,8.6903,8.69209,1.00,1.00
2015.11.25 15:29:38.636,8.69077,8.69298,1.00,1.75
2015.11.25 15:29:38.891,8.69077,8.69298,1.00,1.37
2015.11.25 15:29:38.992,8.69077,8.69298,1.00,1.50
2015.11.25 15:29:39.187,8.69042,8.69243,1.69,1.00
2015.11.25 15:29:39.724,8.69042,8.6921,1.69,1.00
2015.11.25 15:29:39.779,8.68992,8.6921,1.69,1.00
2015.11.25 15:29:39.829,8.69013,8.6921,1.00,1.00
2015.11.25 15:29:40.032,8.69019,8.6924,1.00,1.00
2015.11.25 15:29:40.234,8.69013,8.69212,1.00,1.00
2015.11.25 15:29:40.552,8.69065,8.69212,1.00,1.00
2015.11.25 15:29:41.514,8.69065,8.69246,1.00,1.00
2015.11.25 15:29:42.024,8.69033,8.69246,1.00,1.00
2015.11.25 15:29:42.500,8.69072,8.69246,1.00,1.00
2015.11.25 15:29:42.552,8.69051,8.69246,1.00,1.00
2015.11.25 15:29:42.763,8.69073,8.69246,1.00,1.00
2015.11.25 15:29:42.972,8.6906,8.69246,1.00,1.00
2015.11.25 15:29:48.665,8.6906,8.69217,1.00,1.00
2015.11.25 15:29:49.101,8.6906,8.69245,1.00,1.00
2015.11.25 15:29:49.273,8.69037,8.69245,1.00,1.00
2015.11.25 15:29:49.588,8.69072,8.69245,1.00,1.00
2015.11.25 15:29:49.638,8.69049,8.69245,1.00,1.00
2015.11.25 15:29:49.815,8.69053,8.69245,1.00,1.00
2015.11.25 15:29:50.197,8.69083,8.69245,1.00,1.00
2015.11.25 15:29:50.703,8.69064,8.69245,1.00,1.00
2015.11.25 15:29:50.905,8.69023,8.69245,1.00,1.00
2015.11.25 15:29:50.956,8.68992,8.69195,1.69,1.00
2015.11.25 15:29:51.672,8.68974,8.69195,1.00,1.00
2015.11.25 15:29:51.997,8.69004,8.69195,1.00,1.00
2015.11.25 15:29:52.554,8.69013,8.69233,1.00,1.12
2015.11.25 15:29:52.605,8.69034,8.69233,1.00,1.12
2015.11.25 15:29:52.811,8.69034,8.69233,1.00,1.00
2015.11.25 15:29:53.388,8.69034,8.69233,1.00,1.37
2015.11.25 15:29:53.693,8.69018,8.69233,1.00,1.37
2015.11.25 15:29:53.807,8.69013,8.69233,1.00,1.50
2015.11.25 15:29:53.909,8.69015,8.69233,1.00,1.50
2015.11.25 15:29:54.014,8.69013,8.69233,1.00,1.50
2015.11.25 15:29:54.116,8.6901,8.69115,1.00,1.00
2015.11.25 15:29:54.166,8.68962,8.69115,1.69,1.00
2015.11.25 15:29:54.318,8.68908,8.69115,1.07,1.00
2015.11.25 15:29:54.369,8.68923,8.69115,1.00,1.00
2015.11.25 15:29:55.223,8.69024,8.6925,1.00,1.75
2015.11.25 15:29:55.375,8.6903,8.6925,1.00,1.75
2015.11.25 15:29:55.476,8.6903,8.6925,1.00,1.75
2015.11.25 15:29:55.628,8.6903,8.69224,1.00,1.00
2015.11.25 15:29:55.791,8.69001,8.69224,1.00,1.07
2015.11.25 15:29:56.644,8.69005,8.69255,1.00,1.75
2015.11.25 15:29:56.965,8.69038,8.69268,1.00,1.37
2015.11.25 15:29:57.268,8.69015,8.69258,1.00,1.07
2015.11.25 15:29:57.319,8.69005,8.69268,1.00,1.37
2015.11.25 15:29:57.370,8.69005,8.69268,1.00,1.75
2015.11.25 15:29:57.678,8.69005,8.69267,1.00,1.75
2015.11.25 15:29:57.729,8.68996,8.69229,1.00,1.07
2015.11.25 15:29:58.229,8.68994,8.69229,1.00,1.07
2015.11.25 15:29:58.569,8.68972,8.69229,1.69,1.75
2015.11.25 15:29:58.822,8.68922,8.69185,2.44,1.00
2015.11.25 15:29:58.873,8.68922,8.69185,2.44,1.50
2015.11.25 15:29:59.358,8.68922,8.69185,3.19,1.75
2015.11.25 15:29:59.673,8.68985,8.69185,1.00,1.75
2015.11.25 15:29:59.724,8.68962,8.69185,1.00,1.75
2015.11.25 15:30:00.060,8.68962,8.69185,1.00,1.12
2015.11.25 15:30:00.212,8.68951,8.69185,1.00,1.12
2015.11.25 15:30:00.664,8.68945,8.69185,1.00,1.75
2015.11.25 15:30:01.370,8.68922,8.69181,2.44,1.75
2015.11.25 15:30:01.791,8.68922,8.69181,2.44,1.75
2015.11.25 15:30:02.114,8.68922,8.69185,2.44,1.75
2015.11.25 15:30:02.275,8.68922,8.69185,2.44,1.75
2015.11.25 15:30:02.605,8.68928,8.69185,1.00,1.75
2015.11.25 15:30:02.983,8.68922,8.69185,2.44,1.75
2015.11.25 15:30:03.085,8.68941,8.69185,1.00,1.75
2015.11.25 15:30:03.354,8.68922,8.69177,2.44,1.75
2015.11.25 15:30:04.603,8.68922,8.69185,2.44,1.75
2015.11.25 15:30:05.804,8.68922,8.69185,2.44,1.75
2015.11.25 15:30:06.020,8.68944,8.69185,1.00,1.75
2015.11.25 15:30:06.328,8.68922,8.69185,2.44,1.75
2015.11.25 15:30:06.379,8.68922,8.69185,2.44,1.75
2015.11.25 15:30:06.480,8.68933,8.69185,1.00,1.75
2015.11.25 15:30:06.925,8.68973,8.6922,1.69,1.75
2015.11.25 15:30:07.229,8.69014,8.69249,1.00,1.07
2015.11.25 15:30:07.280,8.69049,8.69281,1.00,1.75
2015.11.25 15:30:07.382,8.69052,8.69281,1.69,1.00
2015.11.25 15:30:07.483,8.69054,8.69281,1.00,1.00
2015.11.25 15:30:08.033,8.69052,8.69228,2.44,1.00
2015.11.25 15:30:08.088,8.69017,8.69208,1.00,1.07
2015.11.25 15:30:08.240,8.69017,8.69208,1.00,1.75
2015.11.25 15:30:08.509,8.69017,8.69208,1.00,1.00
2015.11.25 15:30:08.695,8.69013,8.69208,1.00,1.00
2015.11.25 15:30:08.796,8.68992,8.69241,1.69,1.00
2015.11.25 15:30:09.224,8.69019,8.69261,1.75,1.00
2015.11.25 15:30:09.280,8.69019,8.69282,1.75,1.00
2015.11.25 15:30:09.482,8.69025,8.69282,1.00,1.00
2015.11.25 15:30:09.901,8.69028,8.69282,1.00,1.00
2015.11.25 15:30:10.410,8.69059,8.6928,1.00,1.00
2015.11.25 15:30:11.118,8.69072,8.6928,1.00,1.00
2015.11.25 15:30:11.169,8.69092,8.69313,1.00,1.00
2015.11.25 15:30:13.244,8.69097,8.69313,1.00,1.00
2015.11.25 15:30:13.305,8.69092,8.69313,1.00,1.00
2015.11.25 15:30:13.507,8.69105,8.69313,1.00,1.00
2015.11.25 15:30:13.608,8.69126,8.69345,1.00,1.00
2015.11.25 15:30:18.371,8.69112,8.69315,1.69,1.00
2015.11.25 15:30:18.625,8.69101,8.69315,1.00,1.00
2015.11.25 15:30:19.763,8.69104,8.69315,1.00,1.00
2015.11.25 15:30:20.144,8.69093,8.69315,1.00,1.00
2015.11.25 15:30:20.923,8.69107,8.69315,1.00,1.00
2015.11.25 15:30:21.225,8.69131,8.69315,1.00,1.00
2015.11.25 15:30:21.725,8.69108,8.69315,1.75,1.00
2015.11.25 15:30:22.240,8.69113,8.69315,1.75,1.00
2015.11.25 15:30:22.392,8.6915,8.69334,1.00,1.00
2015.11.25 15:30:22.443,8.6915,8.69346,1.00,1.00
2015.11.25 15:30:22.663,8.6915,8.69346,1.00,1.07
2015.11.25 15:30:22.926,8.69098,8.69318,1.00,1.00
2015.11.25 15:30:23.646,8.69104,8.69318,1.00,1.00
2015.11.25 15:30:24.006,8.69127,8.69318,1.00,1.00
2015.11.25 15:30:30.319,8.69134,8.69339,1.00,1.00
2015.11.25 15:30:30.370,8.69134,8.69355,1.00,1.00
2015.11.25 15:30:30.692,8.69146,8.69355,1.00,1.00
2015.11.25 15:30:31.000,8.69173,8.69394,1.00,1.75
2015.11.25 15:30:31.051,8.69173,8.69394,1.00,1.37
2015.11.25 15:30:31.477,8.69173,8.69394,1.00,1.75
2015.11.25 15:30:31.798,8.69173,8.69394,1.00,1.37
2015.11.25 15:30:32.002,8.69153,8.69365,1.00,1.00
2015.11.25 15:30:32.053,8.69151,8.69365,1.00,1.00
2015.11.25 15:30:32.840,8.69143,8.69365,1.00,1.07
2015.11.25 15:30:33.674,8.69153,8.69365,1.00,1.07
2015.11.25 15:30:34.044,8.69153,8.69365,1.00,1.00
2015.11.25 15:30:34.208,8.69153,8.69336,1.00,1.00
2015.11.25 15:30:34.524,8.69183,8.69356,1.00,1.00
2015.11.25 15:30:34.575,8.69183,8.69363,1.00,1.00
2015.11.25 15:30:34.626,8.69252,8.69384,1.00,1.00
2015.11.25 15:30:34.677,8.69252,8.69473,1.75,1.00
2015.11.25 15:30:34.778,8.69283,8.69473,2.44,1.00
2015.11.25 15:30:35.581,8.69278,8.69499,1.75,1.37
2015.11.25 15:30:35.690,8.69278,8.69488,1.00,1.75
2015.11.25 15:30:35.741,8.69258,8.69457,1.00,1.00
2015.11.25 15:30:35.792,8.69256,8.69457,1.00,1.07
2015.11.25 15:30:36.093,8.69256,8.69457,1.37,1.00
2015.11.25 15:30:37.248,8.69271,8.69457,1.00,1.00
2015.11.25 15:30:37.891,8.69271,8.69486,1.00,1.00
2015.11.25 15:30:38.123,8.69266,8.69486,1.07,1.00
2015.11.25 15:30:38.174,8.69266,8.69486,1.00,1.00
2015.11.25 15:30:38.326,8.69253,8.69455,1.69,1.00
2015.11.25 15:30:39.151,8.69263,8.69455,1.00,1.00
2015.11.25 15:30:39.303,8.69283,8.69504,1.00,1.37
2015.11.25 15:30:39.354,8.69263,8.69469,1.00,1.00
2015.11.25 15:30:39.405,8.69248,8.69469,1.00,1.00
2015.11.25 15:30:40.354,8.69248,8.69455,1.00,1.00
2015.11.25 15:30:40.806,8.69215,8.69436,1.00,1.75
2015.11.25 15:30:41.162,8.69215,8.69436,1.00,1.00
2015.11.25 15:30:41.774,8.69215,8.69436,1.00,1.75
2015.11.25 15:30:41.977,8.69196,8.69406,1.00,1.07
2015.11.25 15:30:42.028,8.69185,8.69406,1.00,1.07
2015.11.25 15:30:42.234,8.69214,8.69426,1.00,1.75
2015.11.25 15:30:42.955,8.69214,8.69435,1.00,1.00
2015.11.25 15:30:43.285,8.69211,8.69406,1.00,1.00
2015.11.25 15:30:44.213,8.69225,8.69446,1.00,1.00
2015.11.25 15:30:44.344,8.69248,8.69446,1.00,1.00
2015.11.25 15:30:45.945,8.69253,8.69465,1.00,1.00
2015.11.25 15:30:45.996,8.69253,8.69474,1.75,1.00
2015.11.25 15:30:46.249,8.69253,8.69474,1.37,1.00
2015.11.25 15:30:46.382,8.69284,8.69494,1.00,1.00
2015.11.25 15:30:46.433,8.69284,8.69504,1.00,1.00
2015.11.25 15:30:50.324,8.69294,8.69504,1.00,1.00
2015.11.25 15:30:50.375,8.69314,8.69535,1.00,1.00
2015.11.25 15:30:50.642,8.69342,8.69564,1.00,1.07
2015.11.25 15:30:50.846,8.69342,8.69564,1.00,1.00
2015.11.25 15:30:50.948,8.69342,8.69564,1.07,1.00
2015.11.25 15:30:51.751,8.69342,8.69564,1.00,1.00
2015.11.25 15:30:54.966,8.69312,8.69533,1.00,1.00
2015.11.25 15:30:55.749,8.69312,8.69518,1.00,1.75
2015.11.25 15:30:55.801,8.69277,8.69498,1.00,1.37
2015.11.25 15:30:56.056,8.69277,8.69451,1.00,1.00
2015.11.25 15:30:56.107,8.6921,8.69431,1.75,1.00
2015.11.25 15:30:56.260,8.6921,8.6942,1.75,1.00
2015.11.25 15:30:56.464,8.69178,8.694,1.00,1.00
2015.11.25 15:30:57.125,8.69178,8.694,1.75,1.00
2015.11.25 15:30:57.250,8.69178,8.694,1.00,1.00
2015.11.25 15:30:58.627,8.69178,8.694,1.00,1.75
2015.11.25 15:30:58.780,8.69151,8.6937,1.00,1.00
2015.11.25 15:31:00.721,8.69151,8.6937,1.00,1.37
2015.11.25 15:31:03.702,8.69151,8.6937,1.00,1.75
2015.11.25 15:31:06.346,8.69151,8.6937,1.00,1.75
2015.11.25 15:31:07.716,8.69151,8.6937,1.00,1.75
2015.11.25 15:31:08.606,8.69142,8.69331,1.00,1.37
2015.11.25 15:31:09.503,8.69126,8.69331,1.00,1.37
2015.11.25 15:31:11.395,8.69126,8.69331,1.00,1.00
2015.11.25 15:31:11.546,8.69145,8.69362,1.00,1.00
2015.11.25 15:31:11.922,8.69166,8.69364,1.00,1.00
2015.11.25 15:31:11.973,8.69186,8.69407,1.00,1.00
2015.11.25 15:31:15.912,8.69157,8.69376,1.00,1.00
2015.11.25 15:31:17.010,8.69189,8.69397,1.00,1.00
2015.11.25 15:31:17.064,8.69189,8.6941,1.00,1.00
2015.11.25 15:31:17.773,8.69205,8.6941,1.00,1.00
2015.11.25 15:31:17.824,8.69225,8.69446,1.00,1.00
2015.11.25 15:31:19.445,8.69225,8.69446,1.00,1.12
2015.11.25 15:31:19.858,8.69189,8.6941,1.00,1.00
2015.11.25 15:31:21.494,8.69198,8.6941,1.00,1.00
2015.11.25 15:31:21.545,8.69218,8.6944,1.00,1.00
2015.11.25 15:31:26.275,8.69218,8.6944,1.00,1.07
2015.11.25 15:31:27.133,8.69218,8.6944,1.10,1.00
2015.11.25 15:31:28.006,8.69218,8.6944,1.75,1.00
2015.11.25 15:31:29.652,8.69218,8.6944,1.00,1.00
2015.11.25 15:31:29.921,8.69218,8.6944,1.00,1.75
2015.11.25 15:31:30.201,8.69218,8.6944,1.00,1.07
2015.11.25 15:31:31.675,8.69218,8.6944,1.00,1.75
2015.11.25 15:31:32.031,8.69198,8.69409,1.00,1.75
2015.11.25 15:31:32.081,8.69188,8.69409,1.00,1.75
2015.11.25 15:31:32.183,8.69188,8.69409,1.00,1.00
2015.11.25 15:31:41.645,8.69188,8.69409,1.00,1.75
2015.11.25 15:31:41.797,8.69149,8.69371,1.00,1.00
2015.11.25 15:31:43.206,8.69149,8.69371,1.00,1.75
2015.11.25 15:31:43.766,8.69146,8.69338,1.00,1.07
2015.11.25 15:31:43.867,8.69146,8.69304,1.00,1.00
2015.11.25 15:31:43.918,8.69086,8.69304,1.37,1.00
2015.11.25 15:31:44.171,8.69124,8.69344,1.00,1.37
2015.11.25 15:31:44.222,8.69143,8.69344,1.00,1.07
2015.11.25 15:31:44.752,8.69146,8.69366,1.00,1.00
2015.11.25 15:31:44.958,8.69146,8.69358,1.00,1.00
2015.11.25 15:31:45.173,8.69124,8.69338,1.00,1.00
2015.11.25 15:31:45.873,8.69124,8.69309,1.00,1.00
2015.11.25 15:31:46.192,8.69068,8.6929,1.00,1.00
2015.11.25 15:31:46.675,8.69068,8.69257,1.00,1.00
2015.11.25 15:31:46.877,8.69068,8.6929,1.00,1.37
2015.11.25 15:31:47.685,8.69068,8.69288,1.00,1.00
2015.11.25 15:31:47.793,8.6907,8.69288,1.00,1.00
2015.11.25 15:31:47.945,8.69068,8.69288,1.00,1.00
2015.11.25 15:31:48.097,8.69068,8.6929,1.00,1.00
2015.11.25 15:31:48.198,8.69085,8.6929,1.00,1.00
2015.11.25 15:31:49.096,8.69085,8.69288,1.00,1.00
2015.11.25 15:31:49.147,8.69068,8.69288,1.00,1.00
2015.11.25 15:31:49.299,8.69068,8.69278,1.00,1.00
2015.11.25 15:31:49.627,8.69031,8.69253,1.00,1.00
2015.11.25 15:31:49.678,8.69056,8.69253,1.00,1.00
2015.11.25 15:31:50.333,8.69074,8.69253,1.00,1.00
2015.11.25 15:31:50.843,8.69055,8.69253,1.00,1.00
2015.11.25 15:31:51.722,8.69055,8.69248,1.00,1.00
2015.11.25 15:31:52.134,8.69055,8.6922,1.00,1.00
2015.11.25 15:31:52.543,8.68953,8.69168,2.44,1.00
2015.11.25 15:31:52.594,8.68946,8.69168,1.00,1.00
2015.11.25 15:31:52.788,8.68946,8.69168,1.12,1.00
2015.11.25 15:31:52.980,8.68946,8.69168,1.00,1.00
2015.11.25 15:31:53.086,8.68949,8.69168,1.00,1.00
2015.11.25 15:31:53.430,8.68933,8.69132,1.00,1.75
2015.11.25 15:31:53.634,8.6891,8.69132,1.00,1.75
2015.11.25 15:31:54.023,8.6891,8.69111,1.00,1.75
2015.11.25 15:31:54.075,8.6887,8.69091,1.00,1.07
2015.11.25 15:31:54.126,8.68834,8.69055,1.75,1.00
2015.11.25 15:31:54.238,8.68834,8.69055,1.00,1.75
2015.11.25 15:31:54.339,8.68834,8.69055,1.00,1.75
2015.11.25 15:31:54.440,8.68798,8.69019,1.00,1.37
2015.11.25 15:31:54.642,8.68798,8.69019,1.00,1.75
2015.11.25 15:31:54.902,8.68766,8.68985,1.37,1.37
2015.11.25 15:31:55.451,8.68766,8.68985,1.75,1.00
2015.11.25 15:31:56.171,8.68766,8.68985,1.75,1.00
2015.11.25 15:31:56.892,8.68766,8.68971,1.75,1.00
2015.11.25 15:31:57.161,8.68731,8.6895,1.75,1.00
2015.11.25 15:31:58.307,8.68699,8.6892,1.75,1.00
2015.11.25 15:31:58.518,8.68699,8.6892,1.07,1.00
2015.11.25 15:31:58.921,8.68699,8.6892,1.00,1.07
2015.11.25 15:31:59.564,8.68699,8.6892,1.00,1.37
2015.11.25 15:31:59.859,8.6866,8.68881,1.00,1.00
2015.11.25 15:32:00.867,8.6866,8.68833,1.00,1.00
2015.11.25 15:32:00.919,8.68592,8.68813,1.37,1.00
2015.11.25 15:32:01.020,8.68592,8.68813,1.37,1.00
2015.11.25 15:32:01.573,8.68592,8.68813,1.75,1.00
2015.11.25 15:32:02.085,8.68592,8.68813,1.00,1.75
2015.11.25 15:32:02.221,8.68592,8.68813,1.00,1.00
2015.11.25 15:32:02.322,8.68592,8.688,1.00,1.00
2015.11.25 15:32:02.373,8.68559,8.6878,1.00,1.00
2015.11.25 15:32:02.474,8.68559,8.6878,1.00,1.75
2015.11.25 15:32:02.525,8.68513,8.68728,2.07,1.00
2015.11.25 15:32:03.242,8.68507,8.68728,1.00,1.75
2015.11.25 15:32:03.293,8.68479,8.68699,1.75,1.37
2015.11.25 15:32:03.344,8.68479,8.68699,1.07,1.75
2015.11.25 15:32:04.775,8.68514,8.68735,1.07,1.75
2015.11.25 15:32:05.999,8.68514,8.68735,1.07,1.00
2015.11.25 15:32:06.101,8.68522,8.68735,1.00,1.00
2015.11.25 15:32:06.404,8.6853,8.68735,1.75,1.00
2015.11.25 15:32:06.454,8.68574,8.68793,1.75,1.00
2015.11.25 15:32:06.556,8.68613,8.68835,1.00,1.37
2015.11.25 15:32:06.657,8.68692,8.68858,1.00,1.75
2015.11.25 15:32:07.149,8.68722,8.68848,1.00,1.00
2015.11.25 15:32:07.460,8.68722,8.68827,1.00,1.00
2015.11.25 15:32:07.648,8.68722,8.68838,1.00,1.00
2015.11.25 15:32:07.851,8.68722,8.68868,1.00,1.00
2015.11.25 15:32:07.952,8.68722,8.68888,1.75,1.00
2015.11.25 15:32:08.733,8.68725,8.68878,1.37,1.00
2015.11.25 15:32:09.038,8.68689,8.68868,1.75,1.00
2015.11.25 15:32:09.089,8.68689,8.68848,1.75,1.00
2015.11.25 15:32:09.391,8.68689,8.68847,1.75,1.00
2015.11.25 15:32:09.849,8.68721,8.68868,1.00,1.00
2015.11.25 15:32:09.951,8.68721,8.68877,1.07,1.00
2015.11.25 15:32:10.373,8.68721,8.68888,1.07,1.00
2015.11.25 15:32:10.525,8.68721,8.68897,1.07,1.00
2015.11.25 15:32:10.989,8.68721,8.68898,1.75,1.00
2015.11.25 15:32:11.312,8.68721,8.68888,1.75,1.00
2015.11.25 15:32:12.324,8.68721,8.68898,1.75,1.00
2015.11.25 15:32:13.821,8.68721,8.68898,1.75,1.00
2015.11.25 15:32:13.993,8.68721,8.68887,1.07,1.00
2015.11.25 15:32:14.043,8.68748,8.68898,1.00,1.00
2015.11.25 15:32:14.145,8.68748,8.68908,1.00,1.00
2015.11.25 15:32:14.374,8.68748,8.68898,1.00,1.00
2015.11.25 15:32:14.818,8.68748,8.68908,1.00,1.00
2015.11.25 15:32:15.257,8.68748,8.68908,1.07,1.00
2015.11.25 15:32:15.421,8.68748,8.68908,1.00,1.00
2015.11.25 15:32:16.091,8.68748,8.68918,1.00,1.00
2015.11.25 15:32:16.571,8.68748,8.68907,1.00,1.00
2015.11.25 15:32:16.692,8.68716,8.68888,1.10,1.00
2015.11.25 15:32:17.866,8.68716,8.68878,1.00,1.00
2015.11.25 15:32:18.342,8.68716,8.68868,1.00,1.00
2015.11.25 15:32:22.285,8.68716,8.68878,1.00,1.00
2015.11.25 15:32:22.851,8.68716,8.68877,1.00,1.00
2015.11.25 15:32:23.069,8.68716,8.68868,1.00,1.00
2015.11.25 15:32:23.399,8.68716,8.68847,1.00,1.00
2015.11.25 15:32:24.124,8.68716,8.68868,1.00,1.00
2015.11.25 15:32:24.345,8.68716,8.68878,1.00,1.00
2015.11.25 15:32:24.396,8.68716,8.68887,1.00,1.00
2015.11.25 15:32:25.262,8.68716,8.68868,1.00,1.00
2015.11.25 15:32:25.922,8.68716,8.68888,1.00,1.00
2015.11.25 15:32:26.101,8.68716,8.68868,1.00,1.00
2015.11.25 15:32:26.572,8.68716,8.68847,1.00,1.00
2015.11.25 15:32:26.622,8.68685,8.68847,1.75,1.00
2015.11.25 15:32:27.100,8.68685,8.68858,1.75,1.00
2015.11.25 15:32:27.242,8.68685,8.68868,1.75,1.00
2015.11.25 15:32:27.344,8.68685,8.68906,1.75,1.00
2015.11.25 15:32:27.445,8.68685,8.68906,1.00,1.00
2015.11.25 15:32:27.547,8.68685,8.68906,1.00,1.07
2015.11.25 15:32:27.947,8.68685,8.68906,1.00,1.07
2015.11.25 15:32:28.496,8.68685,8.68906,1.00,1.00
2015.11.25 15:32:28.749,8.68685,8.68906,1.00,1.07
2015.11.25 15:32:29.879,8.68685,8.68898,1.00,1.00
2015.11.25 15:32:30.102,8.68685,8.68906,1.00,1.07
2015.11.25 15:32:30.866,8.68685,8.68857,1.00,1.00
2015.11.25 15:32:30.917,8.68645,8.68857,1.37,1.00
2015.11.25 15:32:31.350,8.68645,8.68857,1.00,1.75
2015.11.25 15:32:31.540,8.68615,8.68836,1.50,1.37
2015.11.25 15:32:33.626,8.68649,8.6885,1.00,1.75
2015.11.25 15:32:33.727,8.68649,8.68871,1.37,1.00
2015.11.25 15:32:33.794,8.68661,8.68871,1.00,1.00
2015.11.25 15:32:34.332,8.68681,8.68848,1.00,1.00
2015.11.25 15:32:34.383,8.68644,8.68838,1.00,1.00
2015.11.25 15:32:35.850,8.68644,8.68828,1.00,1.00
2015.11.25 15:32:36.380,8.68644,8.68838,1.00,1.00
2015.11.25 15:32:36.582,8.68644,8.68858,1.00,1.00
2015.11.25 15:32:37.379,8.68644,8.68865,1.00,1.07
2015.11.25 15:32:37.736,8.68684,8.68887,1.00,1.75
2015.11.25 15:32:37.786,8.68684,8.68887,1.00,1.37
2015.11.25 15:32:37.887,8.68684,8.68898,1.00,1.37
2015.11.25 15:32:38.733,8.68684,8.68905,1.00,1.07
2015.11.25 15:32:40.687,8.68692,8.68905,1.00,1.07
2015.11.25 15:32:40.990,8.68723,8.68868,1.00,1.00
2015.11.25 15:32:41.041,8.68682,8.68868,1.00,1.00
2015.11.25 15:32:41.193,8.68682,8.68847,1.00,1.00
2015.11.25 15:32:41.337,8.68649,8.68847,1.00,1.00
2015.11.25 15:32:41.941,8.68649,8.68848,1.00,1.00
2015.11.25 15:32:42.844,8.68649,8.6887,1.00,1.00
2015.11.25 15:32:43.218,8.68692,8.68908,1.00,1.00
2015.11.25 15:32:43.269,8.68692,8.68911,1.00,1.00
2015.11.25 15:32:44.020,8.68724,8.6892,1.00,1.00
2015.11.25 15:32:45.022,8.68724,8.68927,1.00,1.00
2015.11.25 15:32:45.224,8.68761,8.68939,1.00,1.37
2015.11.25 15:32:45.409,8.68761,8.68939,1.00,1.00
2015.11.25 15:32:45.611,8.68761,8.68963,1.00,1.00
2015.11.25 15:32:46.431,8.68789,8.68963,1.00,1.00
2015.11.25 15:32:46.591,8.68789,8.68979,1.00,1.07
2015.11.25 15:32:46.693,8.68789,8.68982,1.00,1.00
2015.11.25 15:32:47.742,8.68789,8.6898,1.00,1.00
2015.11.25 15:32:47.793,8.68818,8.6902,1.00,1.00
2015.11.25 15:32:47.944,8.68852,8.6902,1.00,1.00
2015.11.25 15:32:48.050,8.68813,8.6902,1.00,1.00
2015.11.25 15:32:48.158,8.68813,8.69034,1.00,1.00
2015.11.25 15:32:51.074,8.68842,8.69034,1.00,1.00
2015.11.25 15:32:53.948,8.68842,8.69034,1.37,1.00
2015.11.25 15:32:54.369,8.68842,8.69027,1.37,1.00
2015.11.25 15:32:54.420,8.68842,8.69027,1.07,1.00
2015.11.25 15:32:54.489,8.68842,8.69027,1.75,1.00
2015.11.25 15:32:54.709,8.68842,8.69027,1.12,1.00
2015.11.25 15:32:54.929,8.68842,8.69027,1.10,1.00
2015.11.25 15:32:55.471,8.68842,8.69034,1.10,1.00
2015.11.25 15:32:55.630,8.68842,8.69034,1.37,1.00
2015.11.25 15:32:56.021,8.68842,8.69028,1.37,1.00
2015.11.25 15:32:56.240,8.68842,8.69034,1.37,1.00
2015.11.25 15:32:56.720,8.68813,8.69034,1.75,1.00
2015.11.25 15:32:56.771,8.68849,8.6907,1.75,1.50
2015.11.25 15:32:56.923,8.68849,8.6907,1.37,1.00
2015.11.25 15:32:56.974,8.68886,8.69107,1.00,1.00
2015.11.25 15:32:57.187,8.68928,8.6915,1.00,1.37
2015.11.25 15:32:57.689,8.68928,8.6915,1.00,1.00
2015.11.25 15:32:58.119,8.6896,8.69179,1.07,1.00
2015.11.25 15:32:58.271,8.6896,8.69179,1.00,1.00
2015.11.25 15:33:06.156,8.6896,8.69171,1.00,1.00
2015.11.25 15:33:06.207,8.6893,8.69151,1.37,1.00
2015.11.25 15:33:06.781,8.6893,8.69151,1.00,1.00
2015.11.25 15:33:12.714,8.68902,8.69121,1.37,1.00
2015.11.25 15:33:13.133,8.68902,8.69121,1.00,1.00
2015.11.25 15:33:17.849,8.68943,8.69163,1.00,1.00
2015.11.25 15:33:34.161,8.68923,8.69143,1.00,1.00
2015.11.25 15:33:39.856,8.68923,8.69143,1.37,1.00
2015.11.25 15:33:40.060,8.68972,8.69193,1.00,1.00
2015.11.25 15:33:40.161,8.68972,8.69193,1.07,1.00
2015.11.25 15:33:40.384,8.69,8.69221,1.00,1.00
2015.11.25 15:33:42.913,8.69,8.69221,1.75,1.00
2015.11.25 15:33:43.859,8.69,8.69221,1.37,1.00
2015.11.25 15:33:44.103,8.6903,8.69252,1.00,1.00
2015.11.25 15:33:45.911,8.68989,8.69211,1.07,1.00
2015.11.25 15:33:46.012,8.68989,8.69211,1.00,1.00
2015.11.25 15:33:46.417,8.6896,8.69182,1.00,1.00
2015.11.25 15:33:48.101,8.69011,8.69232,1.00,1.00
2015.11.25 15:33:52.534,8.69045,8.69267,1.00,1.00
2015.11.25 15:33:52.635,8.69045,8.69267,1.00,1.07
2015.11.25 15:33:54.425,8.69045,8.69256,1.00,1.00
2015.11.25 15:33:54.918,8.69016,8.69235,1.00,1.00
2015.11.25 15:33:58.958,8.69016,8.69225,1.00,1.00
2015.11.25 15:33:59.009,8.68981,8.69203,1.00,1.00
2015.11.25 15:33:59.304,8.68981,8.69193,1.00,1.00
2015.11.25 15:33:59.355,8.68954,8.69173,1.00,1.00
2015.11.25 15:33:59.687,8.68967,8.69173,1.00,1.00
2015.11.25 15:33:59.738,8.68987,8.69202,1.00,1.00
2015.11.25 15:34:01.005,8.68987,8.69194,1.00,1.00
2015.11.25 15:34:01.056,8.68954,8.69175,1.00,1.00
2015.11.25 15:34:08.262,8.68911,8.69132,1.00,1.10
2015.11.25 15:34:08.598,8.68911,8.69129,1.00,1.75
2015.11.25 15:34:08.851,8.68849,8.69071,1.00,1.00
2015.11.25 15:34:08.902,8.68849,8.69071,1.00,1.75
2015.11.25 15:34:09.452,8.68849,8.69071,1.00,1.37
2015.11.25 15:34:11.536,8.68849,8.69071,1.00,1.00
2015.11.25 15:34:12.459,8.689,8.69121,1.00,1.75
2015.11.25 15:34:12.611,8.689,8.69121,1.00,1.00
2015.11.25 15:34:16.310,8.68881,8.69092,1.00,1.00
2015.11.25 15:34:16.361,8.68873,8.69092,1.00,1.00
2015.11.25 15:34:19.370,8.68852,8.69065,1.00,1.00
2015.11.25 15:34:19.472,8.68843,8.69065,1.00,1.00
2015.11.25 15:34:20.389,8.6881,8.69032,1.07,1.00
2015.11.25 15:34:20.714,8.6879,8.68997,1.00,1.00
2015.11.25 15:34:20.765,8.68775,8.68997,1.07,1.00
2015.11.25 15:34:24.170,8.6876,8.68966,1.37,1.00
2015.11.25 15:34:25.255,8.68795,8.68966,1.07,1.00
2015.11.25 15:34:25.313,8.68814,8.69036,1.00,1.00
2015.11.25 15:34:25.465,8.68814,8.6901,1.00,1.56
2015.11.25 15:34:25.910,8.68814,8.69036,1.00,1.00
2015.11.25 15:34:30.411,8.68843,8.69055,1.00,1.00
2015.11.25 15:34:30.462,8.68843,8.69065,1.00,1.00
2015.11.25 15:34:31.669,8.68843,8.69057,1.00,1.07
2015.11.25 15:34:34.529,8.68843,8.69047,1.00,1.00
2015.11.25 15:34:34.781,8.68793,8.69014,1.00,1.00
2015.11.25 15:34:36.255,8.68764,8.68986,1.75,1.00
2015.11.25 15:34:36.760,8.68764,8.68986,1.00,1.00
2015.11.25 15:34:37.013,8.68744,8.68945,1.00,1.00
2015.11.25 15:34:37.438,8.68726,8.68945,1.37,1.00
2015.11.25 15:34:37.490,8.68726,8.68945,1.00,1.00
2015.11.25 15:34:39.085,8.68726,8.68945,1.75,1.00
2015.11.25 15:34:39.136,8.68761,8.68966,1.00,1.00
2015.11.25 15:34:39.187,8.68761,8.6898,1.00,1.00
2015.11.25 15:34:40.159,8.68794,8.69001,1.00,1.00
2015.11.25 15:34:40.210,8.68794,8.69013,1.00,1.00
2015.11.25 15:34:40.635,8.68794,8.68994,1.00,1.00
2015.11.25 15:34:40.686,8.68754,8.68973,1.00,1.00
2015.11.25 15:34:42.899,8.68777,8.68973,1.00,1.00
2015.11.25 15:34:42.950,8.68797,8.69018,1.00,1.00
2015.11.25 15:34:44.175,8.68834,8.69038,1.00,1.07
2015.11.25 15:34:48.772,8.68863,8.69058,1.00,1.75
2015.11.25 15:34:56.459,8.68842,8.69035,1.00,1.37
2015.11.25 15:34:56.510,8.68834,8.69053,1.00,1.75
2015.11.25 15:34:56.561,8.68834,8.69053,1.00,1.75
2015.11.25 15:35:02.529,8.68814,8.69011,1.00,1.07
2015.11.25 15:35:02.580,8.68791,8.69008,1.00,1.07
2015.11.25 15:35:03.118,8.68791,8.68989,1.00,1.00
2015.11.25 15:35:04.023,8.68819,8.69013,1.00,1.07
2015.11.25 15:35:04.124,8.68819,8.69013,1.00,1.00
2015.11.25 15:35:04.355,8.68819,8.69011,1.00,1.00
2015.11.25 15:35:05.210,8.68819,8.69014,1.00,1.00
2015.11.25 15:35:06.537,8.68819,8.69024,1.00,1.00
2015.11.25 15:35:06.702,8.68799,8.69009,1.00,1.00
2015.11.25 15:35:06.753,8.68787,8.69009,1.00,1.00
2015.11.25 15:35:06.804,8.68787,8.68998,1.00,1.00
2015.11.25 15:35:07.331,8.68787,8.69009,1.00,1.00
2015.11.25 15:35:07.432,8.68787,8.68999,1.00,1.00
2015.11.25 15:35:07.584,8.68787,8.69009,1.00,1.00
2015.11.25 15:35:08.358,8.68818,8.69021,1.00,1.00
2015.11.25 15:35:10.749,8.68798,8.69011,1.00,1.00
2015.11.25 15:35:10.800,8.6879,8.6899,1.00,1.00
2015.11.25 15:35:11.211,8.6879,8.69011,1.00,1.00
2015.11.25 15:35:12.658,8.6879,8.69008,1.00,1.00
2015.11.25 15:35:13.209,8.6879,8.69007,1.00,1.00
2015.11.25 15:35:14.185,8.68819,8.69007,1.00,1.00
2015.11.25 15:35:14.488,8.68819,8.69002,1.00,1.00
2015.11.25 15:35:14.539,8.68819,8.69031,1.00,1.07
2015.11.25 15:35:14.889,8.68819,8.6901,1.00,1.00
2015.11.25 15:35:15.051,8.68819,8.69026,1.00,1.00
2015.11.25 15:35:15.564,8.68819,8.69024,1.00,1.00
2015.11.25 15:35:15.615,8.68819,8.69029,1.00,1.07
2015.11.25 15:35:16.070,8.68799,8.68993,1.00,1.00
2015.11.25 15:35:16.121,8.68774,8.68993,1.00,1.00
2015.11.25 15:35:17.497,8.68774,8.68989,1.00,1.00
2015.11.25 15:35:17.599,8.68774,8.68993,1.00,1.00
2015.11.25 15:35:17.650,8.68753,8.68965,1.00,1.00
2015.11.25 15:35:17.701,8.68744,8.68965,1.00,1.00
2015.11.25 15:35:18.771,8.68744,8.68957,1.00,1.00
2015.11.25 15:35:19.251,8.68744,8.68965,1.00,1.00
2015.11.25 15:35:19.944,8.68777,8.68985,1.00,1.00
2015.11.25 15:35:19.995,8.68777,8.68998,1.00,1.00
2015.11.25 15:35:20.306,8.68777,8.68993,1.00,1.00
2015.11.25 15:35:21.772,8.68777,8.68998,1.00,1.00
2015.11.25 15:35:21.923,8.68777,8.68984,1.00,1.00
2015.11.25 15:35:21.974,8.68777,8.68998,1.00,1.00
2015.11.25 15:35:22.536,8.68777,8.68967,1.00,1.00
2015.11.25 15:35:22.589,8.68777,8.68998,1.00,1.00
2015.11.25 15:35:33.814,8.68809,8.69018,1.00,1.07
2015.11.25 15:35:35.301,8.68788,8.68996,1.00,1.00
2015.11.25 15:35:35.352,8.68775,8.68996,1.00,1.07
2015.11.25 15:35:44.658,8.68809,8.69001,1.00,1.12
2015.11.25 15:35:45.099,8.68809,8.69009,1.00,1.00
2015.11.25 15:35:45.418,8.68809,8.69031,1.00,1.00
2015.11.25 15:35:46.670,8.68809,8.6903,1.00,1.00
2015.11.25 15:35:48.082,8.68809,8.69031,1.00,1.00
2015.11.25 15:35:49.435,8.68809,8.69023,1.00,1.00
2015.11.25 15:35:49.684,8.68782,8.69003,1.00,1.00
2015.11.25 15:35:52.069,8.68782,8.69,1.00,1.00
2015.11.25 15:35:57.929,8.68782,8.69003,1.00,1.00
2015.11.25 15:35:58.883,8.68748,8.68969,1.00,1.00
2015.11.25 15:36:13.596,8.68763,8.6898,1.00,1.00
2015.11.25 15:36:20.876,8.68802,8.69003,1.00,1.37
2015.11.25 15:36:23.943,8.68802,8.69024,1.00,1.75
2015.11.25 15:36:24.921,8.6884,8.69042,1.00,1.75
2015.11.25 15:36:25.558,8.6884,8.69042,1.00,1.75
2015.11.25 15:36:36.465,8.68853,8.69039,1.00,1.00
2015.11.25 15:36:36.516,8.68844,8.69035,1.00,1.00
2015.11.25 15:36:38.534,8.68844,8.69031,1.00,1.00
2015.11.25 15:36:39.621,8.68844,8.69035,1.00,1.00
2015.11.25 15:36:40.058,8.68884,8.69035,1.00,1.00
2015.11.25 15:36:40.159,8.68884,8.69098,1.00,1.75
2015.11.25 15:36:40.210,8.68884,8.69105,1.00,1.75
2015.11.25 15:36:40.412,8.68884,8.69105,1.00,1.75
2015.11.25 15:36:41.506,8.68884,8.69102,1.00,1.75
2015.11.25 15:36:42.089,8.68884,8.69102,1.00,1.75
2015.11.25 15:36:50.441,8.68897,8.69105,1.00,1.75
2015.11.25 15:36:50.787,8.68916,8.69119,1.00,1.75
2015.11.25 15:36:51.349,8.68916,8.69116,1.00,1.75
2015.11.25 15:36:51.400,8.68916,8.69116,1.00,1.75
2015.11.25 15:36:51.512,8.68927,8.69116,1.00,1.75
2015.11.25 15:36:51.765,8.68947,8.69169,1.00,1.00
2015.11.25 15:36:51.868,8.68947,8.69151,1.00,1.00
2015.11.25 15:36:52.418,8.68919,8.69111,1.00,1.75
2015.11.25 15:36:52.520,8.68869,8.69069,1.00,1.07
2015.11.25 15:36:52.571,8.68893,8.69069,1.00,1.07
2015.11.25 15:36:52.824,8.68929,8.6915,1.00,1.75
2015.11.25 15:36:53.159,8.68929,8.6915,1.07,1.75
2015.11.25 15:36:53.690,8.6896,8.69168,1.00,1.75
2015.11.25 15:36:53.953,8.68911,8.6913,1.00,1.07
2015.11.25 15:36:54.686,8.68911,8.6913,1.00,1.00
2015.11.25 15:36:55.357,8.68911,8.6913,1.00,1.37
2015.11.25 15:36:55.940,8.68911,8.6913,1.00,1.00
2015.11.25 15:36:56.342,8.68926,8.6913,1.00,1.07
2015.11.25 15:36:56.693,8.68946,8.69143,1.00,1.37
2015.11.25 15:36:56.810,8.68946,8.69138,1.00,1.00
2015.11.25 15:36:57.129,8.68946,8.69167,1.00,1.75
2015.11.25 15:36:57.639,8.68979,8.69156,1.00,1.37
2015.11.25 15:36:57.689,8.68979,8.69156,1.00,1.00
2015.11.25 15:36:58.237,8.68979,8.692,1.00,1.75
2015.11.25 15:36:59.221,8.68979,8.69139,1.00,1.75
2015.11.25 15:36:59.273,8.68932,8.69147,1.00,2.25
2015.11.25 15:36:59.324,8.68932,8.6911,1.00,1.00
2015.11.25 15:36:59.646,8.68932,8.6911,1.00,1.75
2015.11.25 15:36:59.848,8.68922,8.6911,1.00,1.75
2015.11.25 15:37:00.004,8.68922,8.6911,1.00,2.25
2015.11.25 15:37:00.537,8.68965,8.69151,1.00,1.75
2015.11.25 15:37:00.588,8.6893,8.69151,1.00,2.25
2015.11.25 15:37:00.949,8.68919,8.69121,1.00,1.37
2015.11.25 15:37:01.000,8.68919,8.69121,1.00,1.00
2015.11.25 15:37:01.840,8.68928,8.69121,1.00,1.00
2015.11.25 15:37:02.551,8.68922,8.69121,1.00,1.00
2015.11.25 15:37:03.294,8.68936,8.69142,1.00,1.00
2015.11.25 15:37:04.698,8.68936,8.69126,1.00,1.00
2015.11.25 15:37:04.749,8.68936,8.69147,1.00,1.37
2015.11.25 15:37:04.850,8.689,8.69121,1.00,1.00
2015.11.25 15:37:05.422,8.68881,8.69065,1.00,1.00
2015.11.25 15:37:05.473,8.68852,8.69065,1.37,1.00
2015.11.25 15:37:05.880,8.68852,8.69065,1.00,1.75
2015.11.25 15:37:06.199,8.68882,8.69073,1.00,1.75
2015.11.25 15:37:06.300,8.68872,8.69073,1.00,1.75
2015.11.25 15:37:06.517,8.68852,8.69073,1.50,1.75
2015.11.25 15:37:06.718,8.68852,8.69073,2.62,1.37
2015.11.25 15:37:07.250,8.68853,8.69039,1.00,1.00
2015.11.25 15:37:07.303,8.68842,8.69039,1.07,1.00
2015.11.25 15:37:07.488,8.68833,8.69039,1.00,1.00
2015.11.25 15:37:07.673,8.68819,8.69039,1.07,1.00
2015.11.25 15:37:07.724,8.68819,8.69039,1.00,1.00
2015.11.25 15:37:08.078,8.68832,8.69039,1.00,1.00
2015.11.25 15:37:08.179,8.68862,8.69084,1.00,1.00
2015.11.25 15:37:09.192,8.68862,8.69084,1.00,1.07
2015.11.25 15:37:09.344,8.68862,8.69084,1.00,1.00
2015.11.25 15:37:09.446,8.68862,8.69084,1.37,1.00
2015.11.25 15:37:10.005,8.68862,8.69084,1.37,1.00
2015.11.25 15:37:10.220,8.68862,8.69084,1.00,1.00
2015.11.25 15:37:10.674,8.68862,8.69084,1.75,1.00
2015.11.25 15:37:10.976,8.68862,8.69084,1.00,1.00
2015.11.25 15:37:11.449,8.68862,8.69084,1.00,1.37
2015.11.25 15:37:12.076,8.68839,8.69061,1.00,1.00
2015.11.25 15:37:12.127,8.68839,8.69061,1.00,1.75
2015.11.25 15:37:12.781,8.68812,8.69027,1.87,1.00
2015.11.25 15:37:12.958,8.68812,8.69027,1.75,1.00
2015.11.25 15:37:13.733,8.68812,8.69027,1.00,1.00
2015.11.25 15:37:13.784,8.68805,8.69027,1.07,1.00
2015.11.25 15:37:14.007,8.68805,8.69027,1.00,1.07
2015.11.25 15:37:14.108,8.68805,8.69022,1.00,1.00
2015.11.25 15:37:14.310,8.68839,8.6906,1.00,1.00
2015.11.25 15:37:14.361,8.6887,8.69092,1.00,1.00
2015.11.25 15:37:14.412,8.6887,8.69037,1.00,1.00
2015.11.25 15:37:14.544,8.6885,8.69037,1.00,1.00
2015.11.25 15:37:14.595,8.68832,8.69037,1.00,1.00
2015.11.25 15:37:15.334,8.68831,8.69037,1.00,1.00
2015.11.25 15:37:15.711,8.68831,8.69037,1.37,1.00
2015.11.25 15:37:15.913,8.68831,8.69053,1.37,1.10
2015.11.25 15:37:15.964,8.68831,8.69053,1.50,1.00
2015.11.25 15:37:16.065,8.68873,8.69092,1.37,1.00
2015.11.25 15:37:16.439,8.68873,8.69081,1.37,1.00
2015.11.25 15:37:16.540,8.68873,8.69092,1.37,1.00
2015.11.25 15:37:16.591,8.68873,8.69054,1.37,1.00
2015.11.25 15:37:17.017,8.68836,8.69054,1.50,1.00
2015.11.25 15:37:17.071,8.68836,8.69028,1.00,1.00
2015.11.25 15:37:17.173,8.68798,8.6902,1.50,1.00
2015.11.25 15:37:17.275,8.68798,8.6902,1.07,1.00
2015.11.25 15:37:17.326,8.68802,8.6902,1.00,1.00
2015.11.25 15:37:17.560,8.68798,8.6902,1.07,1.00
2015.11.25 15:37:17.712,8.68798,8.6902,1.75,1.00
2015.11.25 15:37:18.297,8.6882,8.69019,1.00,1.00
2015.11.25 15:37:18.348,8.68813,8.69019,1.00,1.00
2015.11.25 15:37:18.500,8.68813,8.69019,1.07,1.00
2015.11.25 15:37:19.984,8.68812,8.69022,1.75,1.00
2015.11.25 15:37:21.281,8.68823,8.69022,1.00,1.00
2015.11.25 15:37:21.622,8.68843,8.69022,1.00,1.00
2015.11.25 15:37:21.774,8.68874,8.69078,1.00,1.69
2015.11.25 15:37:21.977,8.68874,8.69057,1.00,1.07
2015.11.25 15:37:22.172,8.68872,8.69057,1.00,1.07
2015.11.25 15:37:22.642,8.68852,8.69057,1.00,1.07
2015.11.25 15:37:22.746,8.68852,8.69057,1.37,1.00
2015.11.25 15:37:23.063,8.68852,8.69057,1.75,1.00
2015.11.25 15:37:23.528,8.6884,8.69039,1.75,1.00
2015.11.25 15:37:23.909,8.6884,8.69039,1.00,1.37
2015.11.25 15:37:23.960,8.6884,8.6905,1.00,1.75
2015.11.25 15:37:24.419,8.6884,8.69017,1.00,1.07
2015.11.25 15:37:25.205,8.6882,8.69016,1.00,1.10
2015.11.25 15:37:25.306,8.68794,8.69016,1.75,1.10
2015.11.25 15:37:25.407,8.68794,8.69016,1.00,1.50
2015.11.25 15:37:25.716,8.68794,8.69016,1.00,1.37
2015.11.25 15:37:25.968,8.68794,8.69016,1.37,1.07
2015.11.25 15:37:26.316,8.68794,8.69001,1.37,1.00
2015.11.25 15:37:27.068,8.68794,8.69001,1.00,1.07
2015.11.25 15:37:27.169,8.68794,8.69001,1.37,1.00
2015.11.25 15:37:27.479,8.68794,8.69016,1.37,1.37
2015.11.25 15:37:28.163,8.68794,8.69003,1.75,1.00
2015.11.25 15:37:28.264,8.68794,8.6901,1.37,1.00
2015.11.25 15:37:28.795,8.68794,8.6901,1.75,1.00
2015.11.25 15:37:29.116,8.68824,8.6901,1.75,1.00
2015.11.25 15:37:29.219,8.68824,8.69045,1.75,1.00
2015.11.25 15:37:29.270,8.68824,8.69045,1.75,1.37
2015.11.25 15:37:30.151,8.68824,8.69045,1.10,1.75
2015.11.25 15:37:30.252,8.68824,8.69045,1.75,1.00
2015.11.25 15:37:30.303,8.68875,8.69097,1.07,1.37
2015.11.25 15:37:30.354,8.68875,8.69097,1.37,1.37
2015.11.25 15:37:30.656,8.68875,8.69066,1.00,1.37
2015.11.25 15:37:30.707,8.68836,8.69057,1.37,1.07
2015.11.25 15:37:30.809,8.68836,8.69057,1.00,1.75
2015.11.25 15:37:31.128,8.68836,8.69057,1.75,1.37
2015.11.25 15:37:31.229,8.68836,8.69057,1.00,1.75
2015.11.25 15:37:31.733,8.68836,8.69057,1.00,1.75
2015.11.25 15:37:31.986,8.68836,8.69042,1.00,1.75
2015.11.25 15:37:32.239,8.68838,8.69057,1.07,1.00
2015.11.25 15:37:32.290,8.68879,8.69077,1.00,1.00
2015.11.25 15:37:32.341,8.68879,8.69101,1.00,1.07
2015.11.25 15:37:32.392,8.68908,8.69109,1.00,1.37
2015.11.25 15:37:32.720,8.68908,8.69125,1.00,1.75
2015.11.25 15:37:33.254,8.68877,8.69078,1.00,1.37
2015.11.25 15:37:33.356,8.68877,8.69078,1.00,1.75
2015.11.25 15:37:33.746,8.68877,8.69078,1.00,1.75
2015.11.25 15:37:33.999,8.68877,8.69085,1.00,1.75
2015.11.25 15:37:34.591,8.68877,8.69099,1.00,1.75
2015.11.25 15:37:35.320,8.68877,8.69079,1.12,1.37
2015.11.25 15:37:35.662,8.68877,8.69079,1.75,1.00
2015.11.25 15:37:36.107,8.68877,8.69085,1.75,1.00
2015.11.25 15:37:36.165,8.68877,8.69085,1.75,1.07
2015.11.25 15:37:37.155,8.68877,8.69085,1.75,1.00
2015.11.25 15:37:38.047,8.68877,8.69085,1.37,1.07
2015.11.25 15:37:40.883,8.68855,8.69068,1.00,1.37
2015.11.25 15:37:41.116,8.68855,8.69068,1.00,1.75
2015.11.25 15:37:41.667,8.68855,8.69068,1.37,1.00
2015.11.25 15:37:41.775,8.68855,8.69068,1.00,1.75
2015.11.25 15:37:42.141,8.68855,8.69068,1.75,1.00
2015.11.25 15:37:42.765,8.68855,8.69068,1.75,1.00
2015.11.25 15:37:42.816,8.68894,8.69085,1.75,1.07
2015.11.25 15:37:43.018,8.68937,8.69159,1.75,1.75
2015.11.25 15:37:43.120,8.68937,8.69158,1.75,1.75
2015.11.25 15:37:43.221,8.68937,8.69158,1.75,1.75
2015.11.25 15:37:44.022,8.6889,8.69107,1.37,1.00
2015.11.25 15:37:44.224,8.6889,8.69107,1.75,1.12
2015.11.25 15:37:44.345,8.6889,8.69107,1.75,1.00
2015.11.25 15:37:44.635,8.6889,8.69107,1.75,1.00
2015.11.25 15:37:44.997,8.6889,8.69107,1.75,1.00
2015.11.25 15:37:46.505,8.6889,8.69107,1.75,1.00
2015.11.25 15:37:47.342,8.6889,8.69107,1.37,1.00
2015.11.25 15:37:47.495,8.6889,8.69107,1.75,1.00
2015.11.25 15:37:47.876,8.6889,8.69107,1.75,1.00
2015.11.25 15:37:48.215,8.68914,8.6912,1.37,1.07
2015.11.25 15:37:49.176,8.68914,8.6912,1.37,1.00
2015.11.25 15:37:49.561,8.6889,8.69104,1.75,1.00
2015.11.25 15:37:50.135,8.6889,8.69104,1.75,1.00
2015.11.25 15:37:50.508,8.6889,8.69104,1.37,1.00
2015.11.25 15:37:51.015,8.6889,8.69104,1.75,1.00
2015.11.25 15:37:51.316,8.6889,8.69104,1.75,1.00
2015.11.25 15:37:52.519,8.6889,8.69104,1.37,1.00
2015.11.25 15:37:52.570,8.6889,8.69104,1.75,1.00
2015.11.25 15:37:52.895,8.6889,8.69104,1.75,1.00
2015.11.25 15:37:53.436,8.6889,8.69104,1.75,1.07
2015.11.25 15:37:53.545,8.6889,8.69104,1.75,1.10
2015.11.25 15:37:54.082,8.6889,8.69104,1.75,1.00
2015.11.25 15:37:54.315,8.6889,8.69104,1.75,1.00
2015.11.25 15:37:54.730,8.68914,8.6912,1.12,1.00
2015.11.25 15:37:55.601,8.68914,8.6912,1.00,1.37
2015.11.25 15:37:56.045,8.68914,8.6912,1.37,1.50
2015.11.25 15:37:56.515,8.68914,8.6912,1.75,1.07
2015.11.25 15:37:56.625,8.68914,8.6912,1.75,1.00
2015.11.25 15:37:57.225,8.68914,8.6912,1.37,1.00
2015.11.25 15:37:57.326,8.68914,8.6912,1.75,1.00
2015.11.25 15:37:57.505,8.68914,8.6912,1.75,1.00
2015.11.25 15:37:58.286,8.68914,8.6912,1.00,1.07
2015.11.25 15:37:59.273,8.68914,8.6912,1.00,1.12
2015.11.25 15:38:00.052,8.68914,8.6912,1.37,1.07
2015.11.25 15:38:00.508,8.6889,8.69097,1.75,1.00
2015.11.25 15:38:00.643,8.68904,8.69117,1.37,1.07
2015.11.25 15:38:00.845,8.68904,8.6912,1.75,1.12
2015.11.25 15:38:01.163,8.68904,8.6912,1.75,1.00
2015.11.25 15:38:02.596,8.68904,8.6912,1.75,1.00
2015.11.25 15:38:02.647,8.68904,8.6912,1.37,1.37
2015.11.25 15:38:02.799,8.68904,8.6912,1.75,1.12
2015.11.25 15:38:03.954,8.68904,8.6912,1.37,1.37
2015.11.25 15:38:04.005,8.68904,8.6912,1.00,1.75
2015.11.25 15:38:04.308,8.6889,8.69095,1.00,1.37
2015.11.25 15:38:05.492,8.6889,8.69095,1.07,1.37
2015.11.25 15:38:05.975,8.6889,8.69095,1.50,1.07
2015.11.25 15:38:06.329,8.68901,8.6912,1.75,1.75
2015.11.25 15:38:06.415,8.68901,8.6912,1.75,1.37
2015.11.25 15:38:07.440,8.68901,8.69123,1.00,1.07
2015.11.25 15:38:07.542,8.68901,8.69123,1.37,1.00
2015.11.25 15:38:07.845,8.68965,8.69186,1.00,1.75
2015.11.25 15:38:08.402,8.68965,8.69186,1.00,1.75
2015.11.25 15:38:08.453,8.68932,8.69154,1.37,1.00
2015.11.25 15:38:09.177,8.68932,8.69154,1.00,1.37
2015.11.25 15:38:10.045,8.68932,8.69154,1.00,1.75
2015.11.25 15:38:10.394,8.68932,8.69154,1.00,1.75
2015.11.25 15:38:11.474,8.68932,8.69154,1.00,1.75
2015.11.25 15:38:13.217,8.68891,8.6911,1.00,1.75
2015.11.25 15:38:18.186,8.68891,8.69089,1.07,1.00
2015.11.25 15:38:18.237,8.68891,8.6911,1.07,1.50
2015.11.25 15:38:19.561,8.68891,8.6911,1.07,1.75
2015.11.25 15:38:19.617,8.68859,8.6908,1.00,1.75
2015.11.25 15:38:19.770,8.68859,8.6908,1.00,1.75
2015.11.25 15:38:19.820,8.688,8.6902,1.00,1.75
2015.11.25 15:38:19.922,8.68771,8.68992,1.00,1.00
2015.11.25 15:38:19.973,8.68771,8.68992,1.00,1.75
2015.11.25 15:38:20.124,8.68737,8.68958,1.00,1.75
2015.11.25 15:38:20.276,8.68737,8.68955,1.00,1.37
2015.11.25 15:38:20.717,8.68704,8.68923,1.00,1.00
2015.11.25 15:38:21.237,8.68662,8.68884,1.00,1.00
2015.11.25 15:38:23.962,8.68662,8.68854,1.00,1.00
2015.11.25 15:38:26.909,8.68662,8.68832,1.00,1.00
2015.11.25 15:38:28.123,8.68634,8.68832,1.00,1.00
2015.11.25 15:38:29.180,8.68634,8.6883,1.00,1.00
2015.11.25 15:38:29.331,8.68601,8.68822,1.00,1.00
2015.11.25 15:38:29.985,8.68601,8.68822,1.00,1.07
2015.11.25 15:38:30.409,8.68581,8.68777,1.00,1.00
2015.11.25 15:38:30.460,8.68556,8.68777,1.00,1.00
2015.11.25 15:38:30.996,8.68605,8.68824,1.00,1.00
2015.11.25 15:38:31.325,8.68605,8.68778,1.00,1.00
2015.11.25 15:38:31.642,8.68605,8.68773,1.00,1.00
2015.11.25 15:38:34.196,8.68572,8.68773,1.00,1.00
2015.11.25 15:38:34.306,8.68572,8.6876,1.00,1.00
2015.11.25 15:38:35.515,8.68572,8.68783,1.00,1.00
2015.11.25 15:38:35.667,8.68572,8.68779,1.00,1.00
2015.11.25 15:38:35.718,8.68572,8.68783,1.00,1.00
2015.11.25 15:38:38.417,8.68572,8.68793,1.00,1.00
2015.11.25 15:38:38.648,8.68572,8.68778,1.00,1.00
2015.11.25 15:38:39.601,8.68572,8.68753,1.00,1.00
2015.11.25 15:38:40.537,8.68552,8.68753,1.00,1.00
2015.11.25 15:38:40.588,8.68541,8.68753,1.00,1.00
2015.11.25 15:38:43.694,8.68541,8.68729,1.00,1.00
2015.11.25 15:38:46.388,8.68541,8.68751,1.00,1.00
2015.11.25 15:38:47.905,8.68541,8.68754,1.00,1.00
2015.11.25 15:38:48.077,8.68541,8.68746,1.00,1.00
2015.11.25 15:38:48.129,8.68541,8.68762,1.00,1.00
2015.11.25 15:38:48.256,8.68541,8.68751,1.00,1.00
2015.11.25 15:38:49.100,8.68541,8.68745,1.00,1.00
2015.11.25 15:38:49.151,8.68541,8.68762,1.00,1.00
2015.11.25 15:38:49.651,8.68541,8.68716,1.00,1.00
2015.11.25 15:38:50.081,8.68541,8.68736,1.00,1.00
2015.11.25 15:38:50.183,8.6851,8.6873,1.00,1.00
2015.11.25 15:38:50.233,8.6851,8.68723,1.00,1.00
2015.11.25 15:38:50.284,8.68482,8.68703,1.00,1.00
2015.11.25 15:38:51.766,8.68482,8.68673,1.00,1.00
2015.11.25 15:38:54.542,8.68482,8.68648,1.00,1.00
2015.11.25 15:38:54.593,8.68443,8.68648,1.00,1.00
2015.11.25 15:38:54.644,8.68443,8.68607,1.00,1.00
2015.11.25 15:38:54.695,8.68403,8.68607,1.00,1.00
2015.11.25 15:38:54.746,8.68403,8.68599,1.00,1.00
2015.11.25 15:38:54.999,8.68372,8.68589,1.69,1.00
2015.11.25 15:38:55.050,8.68372,8.68589,1.69,1.75
2015.11.25 15:38:55.101,8.68368,8.68589,1.00,1.75
2015.11.25 15:38:55.203,8.68332,8.68553,1.00,1.75
2015.11.25 15:38:55.507,8.68332,8.68553,1.00,1.75
2015.11.25 15:38:55.905,8.68332,8.68553,1.00,1.75
2015.11.25 15:38:58.123,8.68332,8.6853,1.00,1.07
2015.11.25 15:38:58.566,8.68332,8.68517,1.00,1.37
2015.11.25 15:38:59.513,8.683,8.68517,1.00,1.37
2015.11.25 15:38:59.614,8.683,8.68517,1.00,1.00
2015.11.25 15:39:00.575,8.683,8.68517,1.00,1.37
2015.11.25 15:39:00.900,8.68285,8.68493,1.00,1.00
2015.11.25 15:39:01.246,8.68271,8.68493,1.00,1.00
2015.11.25 15:39:01.304,8.68271,8.68493,1.00,1.07
2015.11.25 15:39:02.470,8.68271,8.68485,1.00,1.00
2015.11.25 15:39:04.586,8.68305,8.68485,1.00,1.00
2015.11.25 15:39:06.135,8.68305,8.68514,1.00,1.12
2015.11.25 15:39:06.236,8.68305,8.68495,1.00,1.00
2015.11.25 15:39:06.891,8.68276,8.68495,1.00,1.50
2015.11.25 15:39:08.233,8.68276,8.68495,1.00,1.75
2015.11.25 15:39:08.611,8.68276,8.68495,1.00,1.37
2015.11.25 15:39:09.005,8.68276,8.6846,1.00,1.00
2015.11.25 15:39:10.638,8.6824,8.6846,1.00,1.00
2015.11.25 15:39:10.689,8.6824,8.68452,1.00,1.00
2015.11.25 15:39:29.034,8.68228,8.68449,1.07,1.00
2015.11.25 15:39:29.462,8.68195,8.68416,1.10,1.00
2015.11.25 15:39:30.244,8.68195,8.68412,1.00,1.00
2015.11.25 15:39:33.957,8.68175,8.68375,1.00,1.00
2015.11.25 15:39:34.058,8.68154,8.68375,1.07,1.00
2015.11.25 15:39:34.326,8.68154,8.68375,1.00,1.00
2015.11.25 15:39:35.269,8.68154,8.68366,1.00,1.00
2015.11.25 15:39:36.329,8.68154,8.68375,1.00,1.00
2015.11.25 15:39:36.997,8.68154,8.68366,1.00,1.00
2015.11.25 15:39:38.937,8.68154,8.68375,1.00,1.00
2015.11.25 15:39:39.254,8.68154,8.68375,1.07,1.00
2015.11.25 15:39:39.774,8.68183,8.68391,1.00,1.00
2015.11.25 15:39:40.224,8.68183,8.68404,1.00,1.00
2015.11.25 15:39:40.376,8.68183,8.68404,1.37,1.00
2015.11.25 15:39:41.377,8.68183,8.68404,1.00,1.00
2015.11.25 15:39:42.195,8.68183,8.68403,1.00,1.00
2015.11.25 15:39:43.434,8.68183,8.68404,1.00,1.00
2015.11.25 15:39:43.586,8.68147,8.68367,1.37,1.00
2015.11.25 15:39:45.271,8.68115,8.68336,1.75,1.00
2015.11.25 15:39:45.322,8.68115,8.68336,1.00,1.00
2015.11.25 15:39:45.373,8.68122,8.68336,1.00,1.00
2015.11.25 15:39:45.793,8.68122,8.68336,1.37,1.00
2015.11.25 15:39:46.115,8.68122,8.68336,1.75,1.00
2015.11.25 15:39:48.272,8.68115,8.68336,1.37,1.00
2015.11.25 15:39:50.188,8.68115,8.68327,1.37,1.00
2015.11.25 15:39:50.289,8.68115,8.68327,1.00,1.00
2015.11.25 15:39:50.441,8.68115,8.68336,1.00,1.00
2015.11.25 15:39:51.295,8.68115,8.68308,1.00,1.00
2015.11.25 15:39:51.868,8.68122,8.68308,1.00,1.00
2015.11.25 15:39:52.171,8.68143,8.68331,1.75,1.00
2015.11.25 15:39:52.222,8.68143,8.68365,1.75,1.00
2015.11.25 15:39:52.324,8.68196,8.68418,1.00,1.00
2015.11.25 15:39:53.188,8.6823,8.68448,1.00,1.69
2015.11.25 15:39:53.524,8.68266,8.68487,1.00,1.00
2015.11.25 15:39:55.582,8.68266,8.68487,1.37,1.00
2015.11.25 15:39:56.071,8.68266,8.68487,1.00,1.00
2015.11.25 15:39:56.588,8.68266,8.68484,1.00,1.00
2015.11.25 15:39:56.790,8.68234,8.68453,1.00,1.00
2015.11.25 15:39:57.947,8.68234,8.68426,1.00,1.00
2015.11.25 15:39:58.477,8.68234,8.6845,1.00,1.00
2015.11.25 15:39:59.302,8.68234,8.68419,1.00,1.00
2015.11.25 15:39:59.635,8.68262,8.6844,1.00,1.00
2015.11.25 15:40:00.666,8.68262,8.68483,1.00,1.00
2015.11.25 15:40:00.717,8.68298,8.68507,1.00,1.00
2015.11.25 15:40:00.768,8.68298,8.6852,1.00,1.00
2015.11.25 15:40:01.198,8.68298,8.68505,1.00,1.00
2015.11.25 15:40:01.538,8.68264,8.68469,1.00,1.00
2015.11.25 15:40:01.701,8.68264,8.68485,1.00,1.00
2015.11.25 15:40:02.143,8.68264,8.68474,1.00,1.00
2015.11.25 15:40:04.023,8.68244,8.68415,1.00,1.00
2015.11.25 15:40:04.074,8.68194,8.68415,1.00,1.00
2015.11.25 15:40:04.426,8.68199,8.68415,1.00,1.00
2015.11.25 15:40:05.978,8.68194,8.68415,1.00,1.00
2015.11.25 15:40:06.939,8.68194,8.68398,1.00,1.00
2015.11.25 15:40:07.923,8.68225,8.68398,1.00,1.00
2015.11.25 15:40:07.974,8.68225,8.68444,1.00,1.00
2015.11.25 15:40:08.076,8.68225,8.68444,1.07,1.00
2015.11.25 15:40:10.213,8.68234,8.68444,1.00,1.00
2015.11.25 15:40:10.716,8.68254,8.68458,1.00,1.00
2015.11.25 15:40:10.867,8.6822,8.68439,1.00,1.00
2015.11.25 15:40:13.155,8.68182,8.68404,1.00,1.00
2015.11.25 15:40:13.994,8.68291,8.68399,1.00,1.00
2015.11.25 15:40:14.050,8.68311,8.68464,1.00,1.00
2015.11.25 15:40:14.152,8.68231,8.68452,1.00,1.00
2015.11.25 15:40:14.557,8.68189,8.68411,1.00,1.00
2015.11.25 15:40:15.255,8.68247,8.68468,1.00,1.00
2015.11.25 15:40:15.769,8.68216,8.68437,1.00,1.00
2015.11.25 15:40:16.645,8.68216,8.68427,1.00,1.00
2015.11.25 15:40:16.696,8.68186,8.68407,1.00,1.00
2015.11.25 15:40:16.966,8.68224,8.68443,1.00,1.00
2015.11.25 15:40:17.270,8.68252,8.68473,1.00,1.00
2015.11.25 15:40:18.051,8.6826,8.68473,1.00,1.00
2015.11.25 15:40:18.102,8.6828,8.68501,1.00,1.00
2015.11.25 15:40:18.360,8.6828,8.68488,1.00,1.00
2015.11.25 15:40:18.412,8.68247,8.68468,1.00,1.00
2015.11.25 15:40:18.529,8.68247,8.68468,1.07,1.00
2015.11.25 15:40:18.904,8.68247,8.68468,1.37,1.00
2015.11.25 15:40:19.368,8.68247,8.68468,1.37,1.00
2015.11.25 15:40:19.766,8.68264,8.68468,1.75,1.00
2015.11.25 15:40:19.817,8.68285,8.68504,1.07,1.00
2015.11.25 15:40:20.515,8.68285,8.68504,1.00,1.00
2015.11.25 15:40:20.955,8.68285,8.68504,1.07,1.00
2015.11.25 15:40:21.282,8.68285,8.68504,1.37,1.00
2015.11.25 15:40:21.535,8.68285,8.68504,1.00,1.00
2015.11.25 15:40:22.326,8.68285,8.68481,1.00,1.10
2015.11.25 15:40:22.381,8.682,8.68419,1.00,1.00
2015.11.25 15:40:24.037,8.682,8.68419,1.37,1.00
2015.11.25 15:40:25.079,8.68233,8.68419,1.00,1.00
2015.11.25 15:40:25.509,8.682,8.68419,1.00,1.00
2015.11.25 15:40:27.277,8.68208,8.68419,1.00,1.00
2015.11.25 15:40:27.328,8.68228,8.68449,1.00,1.00
2015.11.25 15:40:28.643,8.68228,8.68449,1.07,1.00
2015.11.25 15:40:28.812,8.68228,8.68449,1.00,1.00
2015.11.25 15:40:29.515,8.68208,8.68419,1.00,1.00
2015.11.25 15:40:29.565,8.68198,8.68419,1.00,1.00
2015.11.25 15:40:29.616,8.68178,8.6839,1.00,1.00
2015.11.25 15:40:29.667,8.68169,8.6839,1.00,1.00
2015.11.25 15:40:30.799,8.68208,8.6841,1.00,1.00
2015.11.25 15:40:30.853,8.68208,8.68429,1.00,1.00
2015.11.25 15:40:32.726,8.68188,8.68395,1.00,1.00
2015.11.25 15:40:32.777,8.68174,8.68395,1.00,1.00
2015.11.25 15:40:33.903,8.68213,8.68434,1.00,1.00
2015.11.25 15:40:35.561,8.68178,8.68399,1.00,1.00
2015.11.25 15:40:38.993,8.68178,8.68399,1.07,1.00
2015.11.25 15:40:39.245,8.68178,8.68399,1.00,1.00
2015.11.25 15:40:40.522,8.68158,8.68366,1.00,1.00
2015.11.25 15:40:40.573,8.68145,8.68366,1.00,1.00
2015.11.25 15:40:42.164,8.68173,8.68386,1.00,1.00
2015.11.25 15:40:42.215,8.68173,8.68395,1.00,1.00
2015.11.25 15:40:42.655,8.68173,8.68395,1.37,1.00
2015.11.25 15:40:43.124,8.68173,8.68395,1.37,1.00
2015.11.25 15:40:43.323,8.68173,8.68395,1.00,1.00
2015.11.25 15:40:45.053,8.68223,8.68443,1.00,1.00
2015.11.25 15:40:46.818,8.68223,8.68443,1.37,1.00
2015.11.25 15:40:47.020,8.6826,8.68479,1.12,1.00
2015.11.25 15:40:47.562,8.6826,8.68479,1.00,1.00
2015.11.25 15:40:48.476,8.6826,8.68479,1.75,1.00
2015.11.25 15:40:48.785,8.6826,8.68479,1.75,1.00
2015.11.25 15:40:49.325,8.6826,8.68479,1.75,1.00
2015.11.25 15:40:49.806,8.68279,8.68479,1.07,1.00
2015.11.25 15:40:50.781,8.6826,8.68479,1.50,1.00
2015.11.25 15:40:50.983,8.68239,8.6843,1.00,1.00
2015.11.25 15:40:51.034,8.68209,8.6843,1.00,1.00
2015.11.25 15:40:52.144,8.68219,8.6843,1.00,1.00
2015.11.25 15:40:52.442,8.68248,8.68469,1.00,1.00
2015.11.25 15:40:53.278,8.68251,8.68469,1.00,1.00
2015.11.25 15:40:53.739,8.68248,8.68469,1.12,1.00
2015.11.25 15:40:54.702,8.68219,8.68441,1.75,1.00
2015.11.25 15:40:54.753,8.68219,8.68441,1.00,1.00
2015.11.25 15:40:55.499,8.68253,8.6846,1.00,1.00
2015.11.25 15:40:55.551,8.68253,8.68472,1.00,1.00
2015.11.25 15:40:57.151,8.68279,8.68493,1.00,1.00
2015.11.25 15:40:57.207,8.68279,8.68501,1.00,1.00
2015.11.25 15:40:57.258,8.68279,8.68501,1.07,1.00
2015.11.25 15:40:57.513,8.68279,8.68501,1.00,1.00
2015.11.25 15:40:59.494,8.68279,8.68498,1.00,1.00
2015.11.25 15:41:00.089,8.68279,8.68478,1.00,1.00
2015.11.25 15:41:00.263,8.68279,8.68501,1.00,1.07
2015.11.25 15:41:00.467,8.68279,8.68461,1.00,1.00
2015.11.25 15:41:00.518,8.6825,8.68461,1.00,1.00
2015.11.25 15:41:00.569,8.6825,8.68461,1.00,1.07
2015.11.25 15:41:00.916,8.6825,8.68461,1.00,1.75
2015.11.25 15:41:01.985,8.6825,8.68461,1.00,1.37
2015.11.25 15:41:02.573,8.6825,8.68471,1.00,1.00
2015.11.25 15:41:07.176,8.68261,8.68471,1.00,1.00
2015.11.25 15:41:07.448,8.6825,8.68471,1.00,1.00
2015.11.25 15:41:07.868,8.68265,8.68471,1.00,1.00
2015.11.25 15:41:08.910,8.6825,8.68471,1.00,1.00
2015.11.25 15:41:09.453,8.6825,8.68471,1.75,1.00
2015.11.25 15:41:09.814,8.6825,8.68471,1.00,1.00
2015.11.25 15:41:11.772,8.68282,8.68503,1.00,1.00
2015.11.25 15:41:13.491,8.68249,8.6847,1.07,1.00
2015.11.25 15:41:14.006,8.68249,8.6847,1.00,1.00
2015.11.25 15:41:14.351,8.6822,8.68441,1.00,1.00
2015.11.25 15:41:15.963,8.68252,8.68471,1.00,1.07
2015.11.25 15:41:16.065,8.68252,8.68471,1.00,1.00
2015.11.25 15:41:20.335,8.68215,8.68435,1.00,1.00
2015.11.25 15:41:27.635,8.68215,8.68435,1.00,1.07
2015.11.25 15:41:28.280,8.68215,8.68435,1.00,1.00
2015.11.25 15:41:28.381,8.68172,8.68393,1.00,1.00
2015.11.25 15:41:29.176,8.68135,8.68356,1.00,1.00
2015.11.25 15:41:31.480,8.68135,8.68356,1.37,1.00
2015.11.25 15:41:32.435,8.68135,8.68356,1.00,1.00
2015.11.25 15:41:33.197,8.68153,8.68356,1.00,1.00
2015.11.25 15:41:34.439,8.68135,8.68356,1.00,1.00
2015.11.25 15:41:36.880,8.68135,8.68356,1.07,1.00
2015.11.25 15:41:37.959,8.68135,8.68356,1.00,1.00
2015.11.25 15:41:40.438,8.68135,8.68356,1.75,1.00
2015.11.25 15:41:40.712,8.68135,8.68356,1.00,1.00
2015.11.25 15:41:42.539,8.68135,8.68344,1.00,1.00
2015.11.25 15:41:42.872,8.68104,8.68325,1.75,1.00
2015.11.25 15:41:43.117,8.68139,8.68344,1.37,1.00
2015.11.25 15:41:43.218,8.68139,8.6836,1.37,1.00
2015.11.25 15:41:43.712,8.68139,8.6836,1.75,1.00
2015.11.25 15:41:44.171,8.68139,8.6836,1.00,1.00
2015.11.25 15:41:54.429,8.68139,8.68336,1.00,1.00
2015.11.25 15:41:54.734,8.68096,8.68317,1.75,1.00
2015.11.25 15:41:54.785,8.68096,8.68317,1.50,1.00
2015.11.25 15:41:54.992,8.68096,8.68317,1.75,1.00
2015.11.25 15:41:55.400,8.68096,8.68302,1.75,1.00
2015.11.25 15:41:55.562,8.68061,8.68282,1.75,1.00
2015.11.25 15:41:55.777,8.68061,8.68282,1.07,1.00
2015.11.25 15:41:55.999,8.68061,8.68282,1.75,1.00
2015.11.25 15:41:57.098,8.68061,8.68282,1.75,1.00
2015.11.25 15:41:57.767,8.68061,8.68282,1.37,1.00
2015.11.25 15:41:57.969,8.68061,8.68282,1.75,1.00
2015.11.25 15:41:59.293,8.68061,8.68282,1.75,1.00
2015.11.25 15:41:59.572,8.68097,8.68318,1.50,1.00
2015.11.25 15:42:00.277,8.68077,8.68271,1.07,1.00
2015.11.25 15:42:00.509,8.6805,8.68271,1.00,1.00
2015.11.25 15:42:00.761,8.6805,8.68271,1.07,1.00
2015.11.25 15:42:02.963,8.6805,8.68271,1.75,1.00
2015.11.25 15:42:03.241,8.6805,8.68271,1.37,1.00
2015.11.25 15:42:03.500,8.68042,8.68241,1.69,1.00
2015.11.25 15:42:03.551,8.6802,8.68241,1.00,1.00
2015.11.25 15:42:03.814,8.6802,8.68241,1.37,1.00
2015.11.25 15:42:04.407,8.68048,8.68261,1.00,1.00
2015.11.25 15:42:04.458,8.68048,8.68269,1.00,1.00
2015.11.25 15:42:13.421,8.6801,8.68232,1.37,1.00
2015.11.25 15:42:16.545,8.67982,8.68203,1.75,1.00
2015.11.25 15:42:18.352,8.67982,8.68203,1.37,1.00
2015.11.25 15:42:18.454,8.67982,8.68203,1.00,1.00
2015.11.25 15:42:18.555,8.67963,8.68164,2.82,1.00
2015.11.25 15:42:25.195,8.67985,8.68184,1.00,1.00
2015.11.25 15:42:25.246,8.67985,8.68206,1.00,1.00
2015.11.25 15:42:25.297,8.67965,8.68178,1.37,1.00
2015.11.25 15:42:28.001,8.67963,8.68178,2.44,1.00
2015.11.25 15:42:33.673,8.67942,8.68127,2.44,1.00
2015.11.25 15:42:34.639,8.67942,8.68127,2.44,1.00
2015.11.25 15:42:34.841,8.67942,8.68127,1.69,1.00
2015.11.25 15:42:35.732,8.67942,8.68127,2.07,1.00
2015.11.25 15:42:35.884,8.67942,8.68147,2.07,1.00
2015.11.25 15:42:35.936,8.67942,8.68157,2.07,1.00
2015.11.25 15:42:36.351,8.67942,8.68157,1.69,1.00
2015.11.25 15:42:37.022,8.67949,8.68133,1.00,1.00
2015.11.25 15:42:37.073,8.67942,8.68133,1.69,1.00
2015.11.25 15:42:37.175,8.67912,8.68133,1.37,1.00
2015.11.25 15:42:40.281,8.67892,8.68102,1.75,1.00
2015.11.25 15:42:42.818,8.67861,8.68061,1.75,1.00
2015.11.25 15:42:42.970,8.67847,8.68061,1.75,1.00
2015.11.25 15:42:43.021,8.67881,8.68081,1.75,1.00
2015.11.25 15:42:43.072,8.67881,8.68102,1.37,1.00
2015.11.25 15:42:43.722,8.67881,8.68102,1.75,1.00
2015.11.25 15:42:46.741,8.67881,8.68102,1.75,1.00
2015.11.25 15:42:48.614,8.67861,8.68065,1.75,1.00
2015.11.25 15:42:48.716,8.67854,8.68065,1.75,1.00
2015.11.25 15:42:48.818,8.67878,8.68085,1.37,1.00
2015.11.25 15:42:48.919,8.67878,8.68097,1.75,1.00
2015.11.25 15:42:50.063,8.67878,8.68097,1.37,1.00
2015.11.25 15:42:50.733,8.67878,8.6809,1.37,1.00
2015.11.25 15:42:51.053,8.67848,8.6807,1.75,1.00
2015.11.25 15:42:51.204,8.67848,8.6807,1.37,1.00
2015.11.25 15:42:52.053,8.67848,8.68056,1.37,1.00
2015.11.25 15:42:52.374,8.67816,8.68037,1.75,1.00
2015.11.25 15:42:52.526,8.67783,8.68004,1.75,1.00
2015.11.25 15:42:53.235,8.67783,8.68004,1.50,1.00
2015.11.25 15:42:53.437,8.67751,8.67969,1.75,1.00
2015.11.25 15:42:53.539,8.67751,8.67969,1.75,1.00
2015.11.25 15:42:54.822,8.67716,8.67937,1.75,1.00
2015.11.25 15:42:54.974,8.67716,8.67937,1.75,1.00
2015.11.25 15:42:56.521,8.67716,8.67937,1.75,1.00
2015.11.25 15:43:00.371,8.67716,8.67937,1.37,1.00
2015.11.25 15:43:02.950,8.67689,8.67906,1.75,1.00
2015.11.25 15:43:03.101,8.67687,8.67906,1.37,1.00
2015.11.25 15:43:04.530,8.67692,8.67906,1.00,1.00
2015.11.25 15:43:04.632,8.67687,8.67906,1.00,1.00
2015.11.25 15:43:04.733,8.67687,8.67906,1.75,1.00
2015.11.25 15:43:04.784,8.6772,8.67939,1.00,1.00
2015.11.25 15:43:05.700,8.67752,8.67973,1.00,1.00
2015.11.25 15:43:07.589,8.67791,8.68012,1.00,1.12
2015.11.25 15:43:08.162,8.67791,8.68012,1.00,1.00
2015.11.25 15:43:09.993,8.67763,8.67982,1.00,1.00
2015.11.25 15:43:10.988,8.67793,8.68014,1.00,1.00
2015.11.25 15:43:13.473,8.6773,8.67951,1.00,1.00
2015.11.25 15:43:13.877,8.6777,8.67991,1.00,1.00
2015.11.25 15:43:15.487,8.67802,8.68021,1.00,1.00
2015.11.25 15:43:16.585,8.67802,8.68018,1.00,1.00
2015.11.25 15:43:16.929,8.67802,8.68021,1.00,1.37
2015.11.25 15:43:17.237,8.67802,8.68021,1.00,1.75
2015.11.25 15:43:17.287,8.67802,8.68021,1.00,1.37
2015.11.25 15:43:17.946,8.67802,8.68021,1.00,1.07
2015.11.25 15:43:18.320,8.67758,8.67979,1.00,1.00
2015.11.25 15:43:19.119,8.67786,8.68007,1.00,1.00
2015.11.25 15:43:19.983,8.67814,8.68035,1.00,1.37
2015.11.25 15:43:20.489,8.67814,8.68035,1.00,1.00
2015.11.25 15:43:21.247,8.67814,8.68008,1.00,1.00
2015.11.25 15:43:21.759,8.67779,8.67978,1.37,1.00
2015.11.25 15:43:21.811,8.67779,8.67998,1.00,1.00
2015.11.25 15:43:22.013,8.67779,8.67998,1.00,1.07
2015.11.25 15:43:22.339,8.67807,8.68028,1.00,1.37
2015.11.25 15:43:22.454,8.67807,8.68028,1.00,1.37
2015.11.25 15:43:23.352,8.67807,8.68008,1.00,1.00
2015.11.25 15:43:23.583,8.67807,8.68028,1.00,1.87
2015.11.25 15:43:23.760,8.67807,8.68028,1.00,1.57
2015.11.25 15:43:24.646,8.67807,8.67988,1.00,1.00
2015.11.25 15:43:24.859,8.67807,8.68018,1.00,1.07
2015.11.25 15:43:24.911,8.67774,8.67993,1.00,1.00
2015.11.25 15:43:25.012,8.67774,8.67993,1.00,1.37
2015.11.25 15:43:25.215,8.67774,8.67987,1.00,1.00
2015.11.25 15:43:25.829,8.67746,8.67965,1.00,1.07
2015.11.25 15:43:25.879,8.67746,8.67958,1.00,1.00
2015.11.25 15:43:26.215,8.67746,8.67948,1.00,1.00
2015.11.25 15:43:26.519,8.67746,8.67928,1.00,1.00
2015.11.25 15:43:27.197,8.67746,8.67938,1.07,1.00
2015.11.25 15:43:27.610,8.67746,8.67928,1.07,1.00
2015.11.25 15:43:27.858,8.67746,8.67948,1.07,1.00
2015.11.25 15:43:27.960,8.67746,8.67948,1.00,1.00
2015.11.25 15:43:28.061,8.67746,8.67958,1.00,1.37
2015.11.25 15:43:28.647,8.67746,8.67958,1.00,1.00
2015.11.25 15:43:28.856,8.67746,8.67965,1.00,1.07
2015.11.25 15:43:28.972,8.67746,8.67958,1.00,1.00
2015.11.25 15:43:29.438,8.67746,8.67948,1.00,1.00
2015.11.25 15:43:30.059,8.67746,8.67965,1.00,1.75
2015.11.25 15:43:30.469,8.67746,8.67965,1.00,1.12
2015.11.25 15:43:31.380,8.67746,8.67948,1.00,1.00
2015.11.25 15:43:31.582,8.67746,8.67965,1.00,1.37
2015.11.25 15:43:31.693,8.67746,8.67965,1.00,1.75
2015.11.25 15:43:31.794,8.67746,8.67965,1.00,1.50
2015.11.25 15:43:32.574,8.67779,8.68,1.00,1.75
2015.11.25 15:43:32.917,8.67779,8.67978,1.00,1.00
2015.11.25 15:43:33.332,8.67779,8.67968,1.00,1.00
2015.11.25 15:43:34.405,8.67779,8.67958,1.00,1.00
2015.11.25 15:43:34.456,8.67779,8.67978,1.00,1.00
2015.11.25 15:43:34.558,8.67779,8.67988,1.00,1.07
2015.11.25 15:43:35.140,8.67779,8.67957,1.00,1.00
2015.11.25 15:43:35.779,8.67779,8.68,1.00,1.75
2015.11.25 15:43:36.235,8.67779,8.67977,1.00,1.37
2015.11.25 15:43:37.202,8.67779,8.67958,1.00,1.00
2015.11.25 15:43:37.289,8.67779,8.67968,1.00,1.07
2015.11.25 15:43:37.822,8.67779,8.67967,1.00,1.07
2015.11.25 15:43:37.974,8.67779,8.67968,1.00,1.00
2015.11.25 15:43:38.279,8.67779,8.67948,1.00,1.00
2015.11.25 15:43:38.880,8.67779,8.67973,1.00,1.12
2015.11.25 15:43:38.981,8.67779,8.67978,1.00,1.75
2015.11.25 15:43:39.320,8.67779,8.68,1.00,1.75
2015.11.25 15:43:39.490,8.67779,8.68,1.00,1.37
2015.11.25 15:43:40.313,8.67779,8.67978,1.00,1.00
2015.11.25 15:43:40.641,8.67779,8.67958,1.00,1.00
2015.11.25 15:43:41.080,8.67779,8.67948,1.00,1.00
2015.11.25 15:43:41.711,8.67779,8.67958,1.00,1.00
2015.11.25 15:43:41.813,8.67779,8.68,1.00,1.75
2015.11.25 15:43:41.914,8.67779,8.68,1.00,1.00
2015.11.25 15:43:41.966,8.6782,8.68041,1.00,1.75
2015.11.25 15:43:42.021,8.6782,8.68041,1.00,1.75
2015.11.25 15:43:42.273,8.6782,8.68041,1.00,1.00
2015.11.25 15:43:43.229,8.6782,8.68041,1.00,1.07
2015.11.25 15:43:43.604,8.6782,8.68018,1.00,1.00
2015.11.25 15:43:44.515,8.6785,8.68018,1.00,1.00
2015.11.25 15:43:44.971,8.67805,8.68018,1.00,1.00
2015.11.25 15:43:45.022,8.67805,8.67997,1.00,1.00
2015.11.25 15:43:45.124,8.67805,8.68026,1.00,1.37
2015.11.25 15:43:45.225,8.67805,8.68026,1.00,1.75
2015.11.25 15:43:45.577,8.67805,8.68026,1.00,1.75
2015.11.25 15:43:45.679,8.67776,8.67997,1.00,1.07
2015.11.25 15:43:45.999,8.67776,8.67997,1.00,1.75
2015.11.25 15:43:46.201,8.67776,8.67997,1.00,1.50
2015.11.25 15:43:46.751,8.67776,8.67978,1.00,1.00
2015.11.25 15:43:47.098,8.67776,8.67958,1.00,1.00
2015.11.25 15:43:47.891,8.67776,8.67938,1.00,1.00
2015.11.25 15:43:47.943,8.67744,8.67938,1.00,1.00
2015.11.25 15:43:48.291,8.67744,8.67928,1.00,1.00
2015.11.25 15:43:48.668,8.67744,8.67958,1.00,1.00
2015.11.25 15:43:49.115,8.67744,8.67948,1.00,1.00
2015.11.25 15:43:49.392,8.67744,8.67957,1.00,1.00
2015.11.25 15:43:49.787,8.67744,8.67965,1.00,1.07
2015.11.25 15:43:49.838,8.67744,8.67957,1.00,1.00
2015.11.25 15:43:50.534,8.67744,8.67948,1.00,1.00
2015.11.25 15:43:50.635,8.67744,8.67965,1.00,1.07
2015.11.25 15:43:50.737,8.67744,8.67965,1.00,1.37
2015.11.25 15:43:50.939,8.67744,8.67965,1.00,1.07
2015.11.25 15:43:51.261,8.67775,8.67984,1.00,1.75
2015.11.25 15:43:51.870,8.67775,8.67987,1.00,1.37
2015.11.25 15:43:53.360,8.67775,8.67978,1.00,1.00
2015.11.25 15:43:53.613,8.67775,8.67968,1.00,1.00
2015.11.25 15:43:53.663,8.67755,8.67962,1.00,1.00
2015.11.25 15:43:53.765,8.67741,8.67962,1.00,1.00
2015.11.25 15:43:54.018,8.67741,8.67962,1.00,1.37
2015.11.25 15:43:54.229,8.67741,8.67962,1.00,1.07
2015.11.25 15:43:55.474,8.67741,8.67962,1.00,1.00
2015.11.25 15:43:56.322,8.67741,8.67958,1.00,1.00
2015.11.25 15:43:56.625,8.67741,8.67958,1.37,1.00
2015.11.25 15:43:57.119,8.67741,8.67948,1.37,1.00
2015.11.25 15:43:57.220,8.67741,8.67948,1.00,1.00
2015.11.25 15:43:57.322,8.67741,8.67962,1.00,1.00
2015.11.25 15:43:57.579,8.67741,8.67962,1.00,1.07
2015.11.25 15:43:57.931,8.67776,8.67978,1.00,1.75
2015.11.25 15:43:58.107,8.67776,8.67978,1.00,1.37
2015.11.25 15:43:58.746,8.67776,8.67988,1.00,1.37
2015.11.25 15:43:59.203,8.67776,8.67987,1.00,1.75
2015.11.25 15:43:59.516,8.67776,8.67968,1.00,1.00
2015.11.25 15:44:00.308,8.67776,8.67988,1.00,1.07
2015.11.25 15:44:00.390,8.67776,8.67978,1.00,1.00
2015.11.25 15:44:00.701,8.67776,8.67988,1.00,1.37
2015.11.25 15:44:01.489,8.67776,8.67985,1.00,1.75
2015.11.25 15:44:02.259,8.67776,8.67985,1.00,1.37
2015.11.25 15:44:02.479,8.67776,8.67985,1.00,1.07
2015.11.25 15:44:03.518,8.67776,8.67985,1.00,1.37
2015.11.25 15:44:03.732,8.67776,8.67978,1.00,1.10
2015.11.25 15:44:05.451,8.67755,8.67962,1.00,1.00
2015.11.25 15:44:05.502,8.67741,8.67962,1.00,1.00
2015.11.25 15:44:06.808,8.67782,8.67982,1.00,1.37
2015.11.25 15:44:06.988,8.67782,8.68003,1.00,1.75
2015.11.25 15:44:07.652,8.67782,8.67978,1.00,1.00
2015.11.25 15:44:08.103,8.67782,8.67998,1.00,1.75
2015.11.25 15:44:08.205,8.67782,8.67998,1.00,1.75
2015.11.25 15:44:08.412,8.67762,8.67973,1.00,1.07
2015.11.25 15:44:08.513,8.67752,8.67973,1.00,1.07
2015.11.25 15:44:09.361,8.67752,8.67938,1.00,1.00
2015.11.25 15:44:09.563,8.67752,8.67958,1.00,1.37
2015.11.25 15:44:09.743,8.67752,8.67958,1.00,1.00
2015.11.25 15:44:09.850,8.67752,8.67973,1.00,1.37
2015.11.25 15:44:10.002,8.67752,8.67973,1.00,1.75
2015.11.25 15:44:11.524,8.67752,8.67966,1.00,1.37
2015.11.25 15:44:12.101,8.67722,8.67943,1.00,1.00
2015.11.25 15:44:13.496,8.67755,8.67962,1.00,1.07
2015.11.25 15:44:13.699,8.67755,8.67974,1.00,1.00
2015.11.25 15:44:13.750,8.67786,8.67978,1.00,1.00
2015.11.25 15:44:14.153,8.67786,8.67968,1.00,1.00
2015.11.25 15:44:14.483,8.67786,8.67957,1.00,1.00
2015.11.25 15:44:15.389,8.67786,8.67998,1.37,1.00
2015.11.25 15:44:15.825,8.67786,8.68007,1.37,1.10
2015.11.25 15:44:16.679,8.67816,8.67998,1.00,1.00
2015.11.25 15:44:17.243,8.67816,8.68007,1.00,1.10
2015.11.25 15:44:18.132,8.67816,8.68028,1.00,1.07
2015.11.25 15:44:21.858,8.67852,8.68038,1.00,1.37
2015.11.25 15:44:21.961,8.67852,8.68039,1.00,1.07
2015.11.25 15:44:22.063,8.67852,8.68073,1.00,1.07
2015.11.25 15:44:22.558,8.67852,8.68068,1.00,1.07
2015.11.25 15:44:22.871,8.67852,8.68028,1.00,1.00
2015.11.25 15:44:23.023,8.67811,8.68008,1.00,1.00
2015.11.25 15:44:23.300,8.67811,8.68018,1.00,1.00
2015.11.25 15:44:24.064,8.67811,8.68032,1.00,1.10
2015.11.25 15:44:24.266,8.67855,8.68048,1.00,1.37
2015.11.25 15:44:24.747,8.67855,8.68058,1.00,1.07
2015.11.25 15:44:24.949,8.67855,8.68068,1.00,1.37
2015.11.25 15:44:25.923,8.67855,8.68048,1.00,1.00
2015.11.25 15:44:26.171,8.67855,8.68058,1.00,1.00
2015.11.25 15:44:26.349,8.67855,8.68068,1.00,1.50
2015.11.25 15:44:26.572,8.67855,8.68057,1.00,1.00
2015.11.25 15:44:27.219,8.67855,8.68048,1.00,1.00
2015.11.25 15:44:27.552,8.67855,8.68038,1.00,1.00
2015.11.25 15:44:27.603,8.67855,8.68048,1.00,1.00
2015.11.25 15:44:27.778,8.67855,8.68068,1.00,1.50
2015.11.25 15:44:27.998,8.67855,8.68068,1.37,1.50
2015.11.25 15:44:28.326,8.67855,8.68058,1.75,1.00
2015.11.25 15:44:28.988,8.67855,8.68058,1.07,1.00
2015.11.25 15:44:29.039,8.67855,8.68067,1.07,1.00
2015.11.25 15:44:29.199,8.67888,8.68067,1.00,1.00
2015.11.25 15:44:29.758,8.67888,8.68068,1.00,1.00
2015.11.25 15:44:29.868,8.67888,8.68078,1.00,1.00
2015.11.25 15:44:30.356,8.67888,8.68068,1.00,1.00
2015.11.25 15:44:30.697,8.67937,8.68088,1.00,1.07
2015.11.25 15:44:30.808,8.67937,8.68108,1.00,1.00
2015.11.25 15:44:30.909,8.67937,8.68128,1.00,1.00
2015.11.25 15:44:31.010,8.67937,8.68138,1.00,1.00
2015.11.25 15:44:31.299,8.67937,8.68158,1.00,1.07
2015.11.25 15:44:31.690,8.67937,8.68135,1.00,1.00
2015.11.25 15:44:31.998,8.67937,8.68135,1.00,1.07
2015.11.25 15:44:32.200,8.67937,8.68131,1.00,1.00
2015.11.25 15:44:32.251,8.67937,8.68158,1.00,1.37
2015.11.25 15:44:32.538,8.67937,8.68148,1.00,1.07
2015.11.25 15:44:33.275,8.67968,8.68148,1.00,1.07
2015.11.25 15:44:33.527,8.68001,8.68221,1.00,1.00
2015.11.25 15:44:34.534,8.68001,8.68218,1.00,1.00
2015.11.25 15:44:35.056,8.68001,8.68221,1.00,1.00
2015.11.25 15:44:36.037,8.68032,8.68253,1.00,1.37
2015.11.25 15:44:37.019,8.68032,8.68238,1.00,1.00
2015.11.25 15:44:37.434,8.68032,8.68253,1.00,1.37
2015.11.25 15:44:37.703,8.68032,8.68238,1.00,1.00
2015.11.25 15:44:38.010,8.68032,8.68247,1.00,1.07
2015.11.25 15:44:38.483,8.68032,8.68253,1.00,1.00
2015.11.25 15:44:40.841,8.68041,8.68253,1.00,1.00
2015.11.25 15:44:41.098,8.68028,8.68249,1.00,1.00
2015.11.25 15:44:41.528,8.68028,8.68249,1.00,1.07
2015.11.25 15:44:41.900,8.68065,8.68268,1.00,1.75
2015.11.25 15:44:42.001,8.68065,8.68278,1.00,1.07
2015.11.25 15:44:42.203,8.68065,8.68286,1.00,1.00
2015.11.25 15:44:42.558,8.68065,8.68286,1.00,1.12
2015.11.25 15:44:43.119,8.6803,8.68248,1.00,1.00
2015.11.25 15:44:43.223,8.68062,8.68238,1.00,1.00
2015.11.25 15:44:43.324,8.68062,8.68268,1.00,1.00
2015.11.25 15:44:43.872,8.68062,8.68258,1.00,1.00
2015.11.25 15:44:44.523,8.68062,8.68279,1.00,1.37
2015.11.25 15:44:44.624,8.68122,8.68288,1.00,1.00
2015.11.25 15:44:44.725,8.68122,8.68307,1.00,1.00
2015.11.25 15:44:44.876,8.68122,8.68317,1.00,1.00
2015.11.25 15:44:45.028,8.68162,8.68317,1.00,1.00
2015.11.25 15:44:45.930,8.68162,8.68318,1.00,1.00
2015.11.25 15:44:46.086,8.68162,8.68328,1.00,1.00
2015.11.25 15:44:46.301,8.68162,8.68318,1.00,1.00
2015.11.25 15:44:46.373,8.68162,8.68337,1.00,1.00
2015.11.25 15:44:46.631,8.68162,8.68328,1.00,1.00
2015.11.25 15:44:47.195,8.68162,8.68338,1.00,1.00
2015.11.25 15:44:47.408,8.68162,8.68328,1.00,1.00
2015.11.25 15:44:47.459,8.68142,8.68328,1.00,1.00
2015.11.25 15:44:47.511,8.68113,8.68278,1.00,1.00
2015.11.25 15:44:47.814,8.68064,8.68258,1.00,1.00
2015.11.25 15:44:48.317,8.68035,8.68256,1.00,1.00
2015.11.25 15:44:49.626,8.68035,8.68248,1.00,1.00
2015.11.25 15:44:49.971,8.68035,8.68238,1.00,1.07
2015.11.25 15:44:50.825,8.68035,8.68256,1.00,1.00
2015.11.25 15:44:50.877,8.68074,8.68276,1.00,1.00
2015.11.25 15:44:50.928,8.68074,8.68295,1.00,1.37
2015.11.25 15:44:51.111,8.68115,8.68318,1.00,1.00
2015.11.25 15:44:52.232,8.68115,8.68308,1.00,1.00
2015.11.25 15:44:53.574,8.6808,8.68277,1.00,1.00
2015.11.25 15:44:53.849,8.6808,8.68268,1.00,1.00
2015.11.25 15:44:54.170,8.6806,8.6826,1.00,1.00
2015.11.25 15:44:54.221,8.68039,8.68257,1.00,1.00
2015.11.25 15:44:54.324,8.68039,8.6826,1.00,1.00
2015.11.25 15:45:00.269,8.68039,8.68258,1.00,1.00
2015.11.25 15:45:00.703,8.68039,8.68248,1.00,1.00
2015.11.25 15:45:01.085,8.68039,8.6826,1.00,1.10
2015.11.25 15:45:03.952,8.68039,8.68258,1.00,1.00
2015.11.25 15:45:04.320,8.68039,8.6826,1.00,1.00
2015.11.25 15:45:05.487,8.68077,8.68288,1.00,1.37
2015.11.25 15:45:07.146,8.68045,8.68253,1.00,1.00
2015.11.25 15:45:07.197,8.68012,8.68233,1.00,1.00
2015.11.25 15:45:07.560,8.68022,8.68233,1.00,1.00
2015.11.25 15:45:08.244,8.68041,8.68248,1.00,1.00
2015.11.25 15:45:08.552,8.68041,8.68218,1.00,1.00
2015.11.25 15:45:09.537,8.68011,8.68232,1.00,1.00
2015.11.25 15:45:10.853,8.68011,8.68208,1.00,1.00
2015.11.25 15:45:12.248,8.67991,8.68195,1.00,1.00
2015.11.25 15:45:12.300,8.67974,8.68177,1.00,1.00
2015.11.25 15:45:12.351,8.67974,8.68188,1.00,1.00
2015.11.25 15:45:12.553,8.67974,8.68168,1.00,1.00
2015.11.25 15:45:13.681,8.67974,8.68178,1.00,1.00
2015.11.25 15:45:14.141,8.67974,8.68168,1.00,1.00
2015.11.25 15:45:15.035,8.67974,8.68177,1.00,1.00
2015.11.25 15:45:15.193,8.67974,8.68187,1.00,1.00
2015.11.25 15:45:17.172,8.67974,8.68168,1.00,1.00
2015.11.25 15:45:19.808,8.67974,8.68153,1.00,1.00
2015.11.25 15:45:20.206,8.67974,8.68138,1.00,1.00
2015.11.25 15:45:20.257,8.67917,8.68138,1.00,1.50
2015.11.25 15:45:20.362,8.67917,8.68128,1.00,1.00
2015.11.25 15:45:20.474,8.67917,8.68138,1.00,1.00
2015.11.25 15:45:21.013,8.67917,8.68137,1.00,1.00
2015.11.25 15:45:21.507,8.67917,8.68127,1.00,1.00
2015.11.25 15:45:22.172,8.67917,8.68115,1.00,1.00
2015.11.25 15:45:23.108,8.67917,8.68107,1.00,1.00
2015.11.25 15:45:25.570,8.67917,8.68137,1.00,1.00
2015.11.25 15:45:26.224,8.67917,8.68138,1.00,1.50
2015.11.25 15:45:26.410,8.67917,8.68128,1.00,1.00
2015.11.25 15:45:26.881,8.67917,8.68138,1.00,1.50
2015.11.25 15:45:27.435,8.67917,8.68112,1.00,1.00
2015.11.25 15:45:30.130,8.67917,8.68128,1.00,1.00
2015.11.25 15:45:30.384,8.67917,8.68098,1.00,1.00
2015.11.25 15:45:30.435,8.6788,8.68098,1.00,1.00
2015.11.25 15:45:30.486,8.6788,8.68048,1.00,1.00
2015.11.25 15:45:31.165,8.6788,8.68047,1.00,1.00
2015.11.25 15:45:32.505,8.67839,8.68048,1.00,1.00
2015.11.25 15:45:32.708,8.67839,8.68041,1.00,1.00
2015.11.25 15:45:34.111,8.67839,8.6806,1.00,1.00
2015.11.25 15:45:34.223,8.67839,8.68058,1.00,1.00
2015.11.25 15:45:34.528,8.67872,8.68058,1.00,1.00
2015.11.25 15:45:34.770,8.67872,8.68078,1.00,1.00
2015.11.25 15:45:35.011,8.67872,8.68093,1.00,1.00
2015.11.25 15:45:35.490,8.67872,8.68088,1.00,1.00
2015.11.25 15:45:35.812,8.67872,8.68078,1.00,1.00
2015.11.25 15:45:36.114,8.67872,8.68058,1.00,1.00
2015.11.25 15:45:38.824,8.67872,8.68078,1.00,1.00
2015.11.25 15:45:39.072,8.67872,8.68067,1.00,1.00
2015.11.25 15:45:41.151,8.67872,8.68057,1.00,1.00
2015.11.25 15:45:41.981,8.67887,8.68057,1.00,1.00
2015.11.25 15:45:42.331,8.67907,8.68057,1.00,1.00
2015.11.25 15:45:42.833,8.67907,8.68068,1.00,1.00
2015.11.25 15:45:43.331,8.67874,8.68068,1.00,1.00
2015.11.25 15:45:43.791,8.67874,8.68058,1.00,1.00
2015.11.25 15:45:45.037,8.67874,8.68048,1.00,1.00
2015.11.25 15:45:45.110,8.67874,8.68058,1.00,1.00
2015.11.25 15:45:45.882,8.67874,8.68048,1.00,1.00
2015.11.25 15:45:46.762,8.67874,8.68058,1.00,1.00
2015.11.25 15:45:47.393,8.67874,8.68057,1.00,1.00
2015.11.25 15:45:48.852,8.67874,8.68058,1.00,1.00
2015.11.25 15:45:50.383,8.67874,8.68068,1.00,1.00
2015.11.25 15:45:51.051,8.67874,8.68074,1.00,1.00
2015.11.25 15:45:51.315,8.67843,8.68058,1.00,1.00
2015.11.25 15:45:51.755,8.67843,8.68058,1.00,1.07
2015.11.25 15:45:52.074,8.67843,8.68037,1.00,1.00
2015.11.25 15:45:58.977,8.67843,8.68058,1.00,1.37
2015.11.25 15:46:06.546,8.67824,8.68044,1.00,1.07
2015.11.25 15:46:07.320,8.67873,8.68061,1.00,1.00
2015.11.25 15:46:07.371,8.67873,8.68092,1.00,1.00
2015.11.25 15:46:07.800,8.67891,8.68092,1.00,1.00
2015.11.25 15:46:07.851,8.67911,8.68132,1.00,1.37
2015.11.25 15:46:08.628,8.67911,8.68109,1.00,1.00
2015.11.25 15:46:09.157,8.67911,8.68132,1.00,1.37
2015.11.25 15:46:09.288,8.67911,8.68103,1.00,1.00
2015.11.25 15:46:10.657,8.67911,8.68127,1.00,1.07
2015.11.25 15:46:11.967,8.67911,8.68127,1.00,1.00
2015.11.25 15:46:13.335,8.67911,8.68127,1.00,1.12
2015.11.25 15:46:16.301,8.67911,8.68104,1.00,1.00
2015.11.25 15:46:16.707,8.67891,8.68092,1.00,1.75
2015.11.25 15:46:16.758,8.67873,8.68092,1.00,1.75
2015.11.25 15:46:16.809,8.67873,8.68048,1.00,1.00
2015.11.25 15:46:16.911,8.67873,8.68058,1.00,1.00
2015.11.25 15:46:17.122,8.67873,8.68048,1.00,1.00
2015.11.25 15:46:17.970,8.67873,8.68028,1.00,1.00
2015.11.25 15:46:18.110,8.67873,8.68057,1.00,1.00
2015.11.25 15:46:18.550,8.67873,8.68068,1.00,1.00
2015.11.25 15:46:18.762,8.67873,8.68068,1.00,1.12
2015.11.25 15:46:19.762,8.67873,8.68007,1.00,1.00
2015.11.25 15:46:19.914,8.67873,8.68028,1.00,1.00
2015.11.25 15:46:20.230,8.67873,8.68007,1.00,1.00
2015.11.25 15:46:21.095,8.67873,8.68028,1.00,1.00
2015.11.25 15:46:21.300,8.67873,8.68047,1.00,1.00
2015.11.25 15:46:21.931,8.67873,8.68058,1.00,1.57
2015.11.25 15:46:22.070,8.67873,8.68047,1.00,1.00
2015.11.25 15:46:22.570,8.67873,8.68018,1.00,1.00
2015.11.25 15:46:22.621,8.67873,8.68038,1.00,1.00
2015.11.25 15:46:22.885,8.67873,8.68068,1.00,1.00
2015.11.25 15:46:22.986,8.67901,8.68068,1.00,1.00
2015.11.25 15:46:23.391,8.67901,8.68038,1.00,1.00
2015.11.25 15:46:23.732,8.67901,8.68017,1.00,1.00
2015.11.25 15:46:24.274,8.67901,8.68028,1.00,1.00
2015.11.25 15:46:24.484,8.67901,8.68078,1.00,1.00
2015.11.25 15:46:24.535,8.67901,8.68088,1.00,1.07
2015.11.25 15:46:24.637,8.67901,8.68058,1.00,1.00
2015.11.25 15:46:24.789,8.67881,8.68058,1.00,1.00
2015.11.25 15:46:24.840,8.67852,8.68073,1.00,1.00
2015.11.25 15:46:25.749,8.67852,8.68068,1.00,1.00
2015.11.25 15:46:26.191,8.6789,8.68084,1.00,1.07
2015.11.25 15:46:26.343,8.6789,8.68088,1.00,1.00
2015.11.25 15:46:26.394,8.6789,8.68078,1.00,1.00
2015.11.25 15:46:27.022,8.6789,8.68068,1.00,1.00
2015.11.25 15:46:27.349,8.6789,8.68077,1.00,1.00
2015.11.25 15:46:27.572,8.6789,8.68068,1.00,1.00
2015.11.25 15:46:27.906,8.6789,8.68088,1.00,1.00
2015.11.25 15:46:28.289,8.6789,8.68067,1.00,1.00
2015.11.25 15:46:29.128,8.6789,8.68078,1.00,1.00
2015.11.25 15:46:30.553,8.6789,8.68068,1.00,1.00
2015.11.25 15:46:30.662,8.6789,8.68077,1.00,1.00
2015.11.25 15:46:32.301,8.6789,8.68087,1.00,1.00
2015.11.25 15:46:34.642,8.6789,8.68088,1.00,1.00
2015.11.25 15:46:35.880,8.6789,8.68091,1.00,1.00
2015.11.25 15:46:40.774,8.6789,8.68068,1.00,1.00
2015.11.25 15:46:40.831,8.67858,8.68068,1.00,1.00
2015.11.25 15:46:41.017,8.67858,8.68065,1.00,1.00
2015.11.25 15:46:41.640,8.67858,8.68065,1.00,1.07
2015.11.25 15:46:42.109,8.67858,8.68058,1.00,1.00
2015.11.25 15:46:42.758,8.67902,8.68062,1.00,1.00
2015.11.25 15:46:42.859,8.67902,8.68087,1.00,1.75
2015.11.25 15:46:43.070,8.67902,8.68098,1.00,1.07
2015.11.25 15:46:43.565,8.67902,8.68108,1.00,1.00
2015.11.25 15:46:43.770,8.67902,8.68097,1.00,1.00
2015.11.25 15:46:44.074,8.67902,8.68107,1.00,1.00
2015.11.25 15:46:45.626,8.67902,8.68107,1.00,1.07
2015.11.25 15:46:46.820,8.67902,8.68098,1.00,1.00
2015.11.25 15:46:48.248,8.67902,8.68107,1.00,1.57
2015.11.25 15:46:50.816,8.67902,8.68103,1.00,1.00
2015.11.25 15:46:51.916,8.67902,8.68098,1.00,1.00
2015.11.25 15:46:52.538,8.67902,8.68098,1.00,1.87
2015.11.25 15:46:55.170,8.67902,8.68098,1.00,1.00
2015.11.25 15:46:55.420,8.67916,8.68098,1.00,1.00
2015.11.25 15:46:55.724,8.67936,8.68157,1.00,1.12
2015.11.25 15:46:55.825,8.67947,8.68157,1.00,1.12
2015.11.25 15:46:56.238,8.67967,8.68167,1.00,1.37
2015.11.25 15:46:57.750,8.67967,8.68168,1.00,1.75
2015.11.25 15:46:57.809,8.67967,8.68168,1.00,1.37
2015.11.25 15:47:02.441,8.67967,8.68158,1.00,1.75
2015.11.25 15:47:03.020,8.67967,8.68171,1.00,1.50
2015.11.25 15:47:10.531,8.68001,8.68164,1.00,1.37
2015.11.25 15:47:11.474,8.68001,8.68168,1.00,1.37
2015.11.25 15:47:11.831,8.68001,8.68208,1.00,1.75
2015.11.25 15:47:11.977,8.68001,8.68191,1.00,1.75
2015.11.25 15:47:12.280,8.68001,8.68191,1.00,1.75
2015.11.25 15:47:12.516,8.68001,8.68191,1.00,1.75
2015.11.25 15:47:13.589,8.68001,8.68191,1.00,1.50
2015.11.25 15:47:13.944,8.68001,8.68191,1.00,1.37
2015.11.25 15:47:14.053,8.68001,8.68191,1.07,1.37
2015.11.25 15:47:14.249,8.68001,8.68191,1.37,1.00
2015.11.25 15:47:15.279,8.68001,8.68191,1.50,1.00
2015.11.25 15:47:15.545,8.68029,8.68219,1.07,1.00
2015.11.25 15:47:16.500,8.68029,8.68193,1.00,1.00
2015.11.25 15:47:17.929,8.68029,8.68215,1.00,1.00
2015.11.25 15:47:18.538,8.68029,8.68215,1.37,1.00
2015.11.25 15:47:18.749,8.68029,8.68237,1.37,1.10
2015.11.25 15:47:18.946,8.68029,8.68234,1.37,1.00
2015.11.25 15:47:19.255,8.68029,8.6821,1.00,1.00
2015.11.25 15:47:19.368,8.68029,8.68225,1.00,1.07
2015.11.25 15:47:19.830,8.68029,8.6821,1.00,1.00
2015.11.25 15:47:20.446,8.68029,8.68228,1.00,1.00
2015.11.25 15:47:20.729,8.68029,8.68193,1.00,1.00
2015.11.25 15:47:21.269,8.68029,8.68193,1.00,1.07
2015.11.25 15:47:21.320,8.68029,8.68193,1.00,1.00
2015.11.25 15:47:23.061,8.68038,8.68193,1.10,1.00
2015.11.25 15:47:23.114,8.68057,8.68225,1.00,1.00
2015.11.25 15:47:23.943,8.68038,8.68225,1.00,1.00
2015.11.25 15:47:23.994,8.68029,8.68225,1.00,1.00
2015.11.25 15:47:24.045,8.68029,8.68225,1.00,1.37
2015.11.25 15:47:24.548,8.68029,8.68198,1.00,1.00
2015.11.25 15:47:25.149,8.68029,8.68224,1.00,1.37
2015.11.25 15:47:25.251,8.68029,8.68224,1.00,1.00
2015.11.25 15:47:25.510,8.68029,8.68224,1.00,1.07
2015.11.25 15:47:26.056,8.68029,8.68238,1.07,1.00
2015.11.25 15:47:27.050,8.68029,8.68238,1.07,1.12
2015.11.25 15:47:27.695,8.68029,8.68232,1.00,1.75
2015.11.25 15:47:28.110,8.68029,8.68211,1.00,1.75
2015.11.25 15:47:28.619,8.68029,8.68211,1.00,1.75
2015.11.25 15:47:28.769,8.68029,8.68211,1.00,1.00
2015.11.25 15:47:30.785,8.68029,8.68221,1.00,1.75
2015.11.25 15:47:31.107,8.68029,8.68191,1.00,1.00
2015.11.25 15:47:34.911,8.68029,8.68207,1.00,1.00
2015.11.25 15:47:35.038,8.68029,8.68207,1.00,1.37
2015.11.25 15:47:35.342,8.68029,8.68186,1.00,1.00
2015.11.25 15:47:36.105,8.68029,8.68194,1.00,1.00
2015.11.25 15:47:36.156,8.68029,8.68194,1.00,1.37
2015.11.25 15:47:36.526,8.68029,8.68182,1.00,1.00
2015.11.25 15:47:36.577,8.67995,8.68182,1.00,1.00
2015.11.25 15:47:36.678,8.67995,8.68203,1.00,1.37
2015.11.25 15:47:37.452,8.67995,8.68203,1.00,1.37
2015.11.25 15:47:37.503,8.67995,8.68179,1.00,1.00
2015.11.25 15:47:37.838,8.67995,8.68157,1.00,1.00
2015.11.25 15:47:38.349,8.67995,8.68177,1.00,1.07
2015.11.25 15:47:38.480,8.67995,8.68177,1.00,1.75
2015.11.25 15:47:39.438,8.67995,8.68177,1.00,1.00
2015.11.25 15:47:40.493,8.67995,8.68158,1.00,1.00
2015.11.25 15:47:40.809,8.67995,8.68168,1.00,1.75
2015.11.25 15:47:41.113,8.67995,8.68186,1.00,1.75
2015.11.25 15:47:41.214,8.67995,8.68137,1.00,1.00
2015.11.25 15:47:43.401,8.67995,8.68163,1.00,1.75
2015.11.25 15:47:43.553,8.67995,8.68168,1.00,1.75
2015.11.25 15:47:43.899,8.67962,8.68138,1.00,1.37
2015.11.25 15:47:45.086,8.67962,8.68138,1.00,1.12
2015.11.25 15:47:45.289,8.67962,8.68138,1.00,1.07
2015.11.25 15:47:45.391,8.67962,8.68148,1.00,1.75
2015.11.25 15:47:45.599,8.67933,8.68148,1.00,1.75
2015.11.25 15:47:46.479,8.67933,8.68116,1.00,1.75
2015.11.25 15:47:47.069,8.67933,8.68116,1.00,1.75
2015.11.25 15:47:47.827,8.67933,8.68116,1.00,1.07
2015.11.25 15:47:48.537,8.67933,8.68108,1.00,1.00
2015.11.25 15:47:48.707,8.67905,8.68107,1.00,1.00
2015.11.25 15:47:48.809,8.67905,8.68098,1.00,1.00
2015.11.25 15:47:49.385,8.67905,8.68098,1.00,1.07
2015.11.25 15:47:49.886,8.67905,8.68098,1.00,1.37
2015.11.25 15:47:50.038,8.67905,8.68098,1.00,1.37
2015.11.25 15:47:50.792,8.67905,8.68062,1.00,1.00
2015.11.25 15:47:50.850,8.67875,8.68062,1.00,1.00
2015.11.25 15:47:52.190,8.67875,8.68074,1.37,1.00
2015.11.25 15:47:52.691,8.67908,8.68074,1.00,1.00
2015.11.25 15:47:53.479,8.67873,8.68086,1.00,1.75
2015.11.25 15:47:53.740,8.67873,8.68086,1.00,1.75
2015.11.25 15:47:54.333,8.67873,8.6805,1.00,1.00
2015.11.25 15:47:55.201,8.67873,8.68058,1.00,1.00
2015.11.25 15:47:55.303,8.67873,8.68058,1.07,1.00
2015.11.25 15:47:56.422,8.67912,8.68058,1.00,1.00
2015.11.25 15:47:57.248,8.67912,8.68111,1.00,1.37
2015.11.25 15:47:57.299,8.67912,8.68111,1.00,1.00
2015.11.25 15:47:57.350,8.67912,8.68077,1.00,1.00
2015.11.25 15:47:58.017,8.67912,8.68047,1.00,1.00
2015.11.25 15:47:58.349,8.67912,8.68065,1.00,1.00
2015.11.25 15:47:58.450,8.67912,8.68114,1.00,1.75
2015.11.25 15:47:58.501,8.67912,8.68114,1.00,1.75
2015.11.25 15:47:58.602,8.67912,8.68114,1.00,1.12
2015.11.25 15:47:58.758,8.67912,8.68081,1.00,1.00
2015.11.25 15:47:59.496,8.67912,8.68075,1.00,1.00
2015.11.25 15:48:00.022,8.67912,8.68075,1.00,1.07
2015.11.25 15:48:00.344,8.67912,8.68031,1.00,1.00
2015.11.25 15:48:00.905,8.67873,8.68031,1.00,1.00
2015.11.25 15:48:04.107,8.67873,8.68052,1.00,1.00
2015.11.25 15:48:04.310,8.67873,8.68052,1.07,1.00
2015.11.25 15:48:04.979,8.67873,8.68052,1.00,1.00
2015.11.25 15:48:05.809,8.67873,8.68064,1.00,1.00
2015.11.25 15:48:05.861,8.67873,8.68064,1.00,1.37
2015.11.25 15:48:06.248,8.67873,8.68019,1.00,1.00
2015.11.25 15:48:06.551,8.6784,8.68019,1.00,1.00
2015.11.25 15:48:07.511,8.6784,8.68026,1.00,1.00
2015.11.25 15:48:09.483,8.67879,8.68026,1.00,1.00
2015.11.25 15:48:10.699,8.67879,8.68046,1.00,1.00
2015.11.25 15:48:12.047,8.67879,8.68046,1.00,1.07
2015.11.25 15:48:12.158,8.67879,8.68046,1.00,1.00
2015.11.25 15:48:12.466,8.67879,8.68019,1.00,1.00
2015.11.25 15:48:12.888,8.67879,8.68045,1.00,1.00
2015.11.25 15:48:13.394,8.67879,8.681,1.00,1.37
2015.11.25 15:48:13.908,8.67879,8.68049,1.00,1.00
2015.11.25 15:48:15.897,8.67879,8.68049,1.37,1.00
2015.11.25 15:48:15.948,8.67879,8.68067,1.37,1.00
2015.11.25 15:48:16.227,8.67879,8.68067,1.75,1.00
2015.11.25 15:48:17.341,8.67879,8.68067,1.00,1.07
2015.11.25 15:48:17.443,8.67879,8.68073,1.00,1.37
2015.11.25 15:48:17.978,8.67879,8.68059,1.00,1.07
2015.11.25 15:48:18.219,8.67879,8.68059,1.00,1.00
2015.11.25 15:48:18.270,8.67879,8.6803,1.00,1.00
2015.11.25 15:48:18.426,8.67879,8.68054,1.00,1.00
2015.11.25 15:48:18.477,8.67909,8.68054,1.00,1.00
2015.11.25 15:48:19.006,8.67909,8.68097,1.00,1.37
2015.11.25 15:48:19.146,8.67909,8.68054,1.00,1.00
2015.11.25 15:48:19.982,8.67876,8.68054,1.00,1.00
2015.11.25 15:48:20.490,8.67876,8.68097,1.00,1.75
2015.11.25 15:48:20.541,8.67876,8.68097,1.37,1.00
2015.11.25 15:48:20.592,8.67913,8.6811,1.00,1.00
2015.11.25 15:48:20.744,8.67913,8.68134,1.00,1.37
2015.11.25 15:48:20.896,8.67946,8.68167,1.00,1.75
2015.11.25 15:48:20.997,8.67946,8.68167,1.00,1.75
2015.11.25 15:48:21.177,8.67946,8.68167,1.00,1.75
2015.11.25 15:48:21.652,8.67946,8.68167,1.37,1.75
2015.11.25 15:48:21.977,8.67946,8.68167,1.00,1.75
2015.11.25 15:48:22.180,8.67946,8.68167,1.00,1.75
2015.11.25 15:48:22.282,8.67919,8.68095,1.00,1.00
2015.11.25 15:48:24.285,8.67919,8.68095,1.00,1.75
2015.11.25 15:48:24.682,8.67889,8.68107,1.00,1.75
2015.11.25 15:48:25.485,8.67889,8.68057,1.00,1.00
2015.11.25 15:48:26.278,8.67889,8.68079,1.00,1.00
2015.11.25 15:48:26.618,8.67928,8.68079,1.00,1.00
2015.11.25 15:48:26.719,8.67928,8.68143,1.00,1.37
2015.11.25 15:48:27.105,8.67928,8.68106,1.00,1.00
2015.11.25 15:48:28.269,8.67928,8.68117,1.00,1.07
2015.11.25 15:48:29.019,8.67928,8.68116,1.00,1.37
2015.11.25 15:48:29.337,8.67928,8.68096,1.00,1.00
2015.11.25 15:48:29.912,8.67928,8.68096,1.00,1.37
2015.11.25 15:48:30.442,8.67899,8.68096,1.00,1.37
2015.11.25 15:48:30.543,8.67899,8.68088,1.00,1.37
2015.11.25 15:48:30.924,8.67864,8.68085,1.00,1.37
2015.11.25 15:48:31.320,8.67864,8.68085,1.07,1.75
2015.11.25 15:48:32.713,8.67864,8.6805,1.07,1.00
2015.11.25 15:48:33.176,8.67864,8.6805,1.00,1.00
2015.11.25 15:48:34.605,8.67864,8.68046,1.00,1.00
2015.11.25 15:48:36.118,8.67864,8.68073,1.00,1.75
2015.11.25 15:48:36.445,8.67864,8.68034,1.00,1.00
2015.11.25 15:48:38.188,8.67864,8.68058,1.00,1.37
2015.11.25 15:48:38.239,8.67864,8.68058,1.00,1.07
2015.11.25 15:48:38.462,8.67864,8.68058,1.07,1.07
2015.11.25 15:48:39.713,8.67864,8.68056,1.00,1.37
2015.11.25 15:48:40.097,8.67864,8.68056,1.00,1.00
2015.11.25 15:48:40.457,8.6783,8.68051,1.12,1.00
2015.11.25 15:48:40.558,8.6783,8.68051,1.12,1.07
2015.11.25 15:48:40.761,8.6783,8.68051,1.00,1.37
2015.11.25 15:48:41.417,8.6783,8.68051,1.37,1.07
2015.11.25 15:48:41.721,8.6783,8.68051,1.75,1.07
2015.11.25 15:48:42.024,8.67868,8.68088,1.75,1.37
2015.11.25 15:48:42.465,8.67901,8.68088,1.00,1.37
2015.11.25 15:48:45.350,8.67901,8.68086,1.00,1.00
2015.11.25 15:48:45.927,8.67901,8.68086,1.00,1.07
2015.11.25 15:48:46.331,8.67901,8.68086,1.00,1.37
2015.11.25 15:48:47.849,8.67901,8.68086,1.00,1.00
2015.11.25 15:48:49.264,8.67901,8.68086,1.00,1.07
2015.11.25 15:48:50.035,8.67901,8.68086,1.00,1.00
2015.11.25 15:48:50.095,8.67901,8.68095,1.00,1.00
2015.11.25 15:48:50.149,8.67912,8.68095,1.00,1.00
2015.11.25 15:48:50.488,8.67932,8.68095,1.00,1.00
2015.11.25 15:48:51.507,8.67932,8.68118,1.00,1.10
2015.11.25 15:48:51.757,8.67932,8.68118,1.37,1.00
2015.11.25 15:48:51.858,8.67932,8.68151,1.37,1.75
2015.11.25 15:48:52.527,8.67932,8.68123,1.00,1.50
2015.11.25 15:48:52.747,8.67932,8.68123,1.00,1.00
2015.11.25 15:48:53.176,8.67932,8.68101,1.00,1.00
2015.11.25 15:48:54.124,8.67932,8.68094,1.00,1.00
2015.11.25 15:48:54.865,8.67932,8.68104,1.00,1.00
2015.11.25 15:48:55.510,8.67932,8.68104,1.00,1.37
2015.11.25 15:48:55.712,8.679,8.68092,1.00,1.00
2015.11.25 15:48:55.763,8.679,8.68092,1.00,1.07
2015.11.25 15:48:56.077,8.679,8.68092,1.37,1.00
2015.11.25 15:48:56.447,8.679,8.68102,1.37,1.07
2015.11.25 15:48:56.929,8.679,8.68102,1.00,1.00
2015.11.25 15:48:57.184,8.679,8.68102,1.00,1.37
2015.11.25 15:48:57.580,8.679,8.68102,1.00,1.75
2015.11.25 15:48:57.732,8.67902,8.68102,1.12,1.37
2015.11.25 15:48:58.310,8.67923,8.6808,1.00,1.00
2015.11.25 15:48:58.637,8.67913,8.6808,1.07,1.00
2015.11.25 15:48:59.024,8.679,8.6808,1.75,1.07
2015.11.25 15:48:59.366,8.679,8.6808,1.75,1.00
2015.11.25 15:48:59.468,8.679,8.6808,1.00,1.00
2015.11.25 15:49:00.421,8.6788,8.68054,1.37,1.00
2015.11.25 15:49:00.476,8.67853,8.68054,1.00,1.07
2015.11.25 15:49:00.578,8.67872,8.68054,1.00,1.07
2015.11.25 15:49:00.798,8.67862,8.68054,1.00,1.07
2015.11.25 15:49:00.899,8.67862,8.68054,1.00,1.50
2015.11.25 15:49:01.489,8.67862,8.68032,1.00,1.00
2015.11.25 15:49:01.965,8.67835,8.68054,1.37,1.50
2015.11.25 15:49:02.016,8.67835,8.68054,1.07,1.75
2015.11.25 15:49:02.348,8.67892,8.68042,1.00,1.00
2015.11.25 15:49:02.769,8.67852,8.68042,1.75,1.00
2015.11.25 15:49:03.215,8.67852,8.68054,1.75,1.00
2015.11.25 15:49:03.317,8.67869,8.68063,1.75,1.00
2015.11.25 15:49:03.977,8.67882,8.68063,1.75,1.00
2015.11.25 15:49:07.944,8.67869,8.68063,1.37,1.00
2015.11.25 15:49:08.197,8.67869,8.68063,1.07,1.12
2015.11.25 15:49:08.321,8.67869,8.68044,1.07,1.00
2015.11.25 15:49:08.708,8.67869,8.68044,1.37,1.00
2015.11.25 15:49:09.508,8.67869,8.68067,1.75,1.07
2015.11.25 15:49:09.817,8.67869,8.68067,1.75,1.00
2015.11.25 15:49:11.478,8.67869,8.68067,1.75,1.12
2015.11.25 15:49:11.698,8.67869,8.68048,1.75,1.00
2015.11.25 15:49:13.337,8.67892,8.68048,1.00,1.00
2015.11.25 15:49:13.682,8.67902,8.68048,1.00,1.00
2015.11.25 15:49:13.842,8.67902,8.68068,1.00,1.37
2015.11.25 15:49:13.893,8.67902,8.68068,1.00,1.07
2015.11.25 15:49:14.670,8.67872,8.68068,1.37,1.07
2015.11.25 15:49:14.772,8.67902,8.68068,1.00,1.37
2015.11.25 15:49:15.007,8.67902,8.68068,1.00,1.07
2015.11.25 15:49:15.109,8.67892,8.68068,1.07,1.07
2015.11.25 15:49:15.186,8.67892,8.68068,1.37,1.00
2015.11.25 15:49:16.507,8.67872,8.68068,1.75,1.07
2015.11.25 15:49:16.750,8.67883,8.68068,1.07,1.75
2015.11.25 15:49:18.199,8.67869,8.68068,1.75,1.00
2015.11.25 15:49:18.300,8.67869,8.6809,1.75,1.00
2015.11.25 15:49:18.351,8.67908,8.68129,1.37,1.07
2015.11.25 15:49:18.705,8.67908,8.68096,1.37,1.00
2015.11.25 15:49:19.593,8.67945,8.68145,1.00,1.07
2015.11.25 15:49:20.055,8.67945,8.68113,1.00,1.00
2015.11.25 15:49:20.175,8.67945,8.68166,1.00,1.75
2015.11.25 15:49:23.657,8.67945,8.68151,1.37,1.00
2015.11.25 15:49:23.930,8.67976,8.68197,1.00,1.75
2015.11.25 15:49:24.206,8.67976,8.68197,1.00,1.37
2015.11.25 15:49:24.699,8.67976,8.68179,1.00,1.07
2015.11.25 15:49:25.026,8.67976,8.68179,1.07,1.37
2015.11.25 15:49:25.356,8.67976,8.68179,1.37,1.07
2015.11.25 15:49:26.568,8.67976,8.68179,1.00,1.75
2015.11.25 15:49:26.618,8.67944,8.68163,1.00,1.75
2015.11.25 15:49:27.408,8.67944,8.6815,1.00,1.75
2015.11.25 15:49:28.073,8.67944,8.68135,1.00,1.00
2015.11.25 15:49:28.826,8.67944,8.68135,1.00,1.37
2015.11.25 15:49:28.977,8.67944,8.68135,1.12,1.07
2015.11.25 15:49:29.206,8.67944,8.68135,1.75,1.00
2015.11.25 15:49:29.835,8.67944,8.68157,1.75,1.37
2015.11.25 15:49:30.512,8.67944,8.68157,1.00,1.75
2015.11.25 15:49:30.725,8.67944,8.68158,1.00,1.75
2015.11.25 15:49:31.578,8.67912,8.68103,1.00,1.00
2015.11.25 15:49:31.631,8.67862,8.68083,1.75,1.00
2015.11.25 15:49:31.935,8.67875,8.68055,1.75,1.00
2015.11.25 15:49:31.986,8.67933,8.68148,1.00,1.75
2015.11.25 15:49:32.038,8.67933,8.68154,1.75,1.75
2015.11.25 15:49:32.140,8.67962,8.68183,1.37,1.75
2015.11.25 15:49:32.887,8.67962,8.68148,1.37,1.00
2015.11.25 15:49:33.191,8.67925,8.68138,1.00,1.75
2015.11.25 15:49:33.292,8.67872,8.68093,1.00,1.75
2015.11.25 15:49:33.494,8.67872,8.68093,1.07,1.00
2015.11.25 15:49:34.321,8.67872,8.6809,1.07,1.00
2015.11.25 15:49:34.525,8.67835,8.68056,1.00,1.07
2015.11.25 15:49:35.660,8.67835,8.68047,1.00,1.75
2015.11.25 15:49:36.221,8.67807,8.68028,1.00,1.07
2015.11.25 15:49:36.771,8.67807,8.68012,1.00,1.00
2015.11.25 15:49:37.917,8.67807,8.68028,1.00,1.07
2015.11.25 15:49:37.968,8.67807,8.68028,1.00,1.00
2015.11.25 15:49:38.076,8.67828,8.68028,1.00,1.00
2015.11.25 15:49:38.379,8.67877,8.68045,1.00,1.00
2015.11.25 15:49:39.267,8.67877,8.68096,1.00,1.07
2015.11.25 15:49:40.224,8.67877,8.68096,1.00,1.00
2015.11.25 15:49:40.376,8.67877,8.68096,1.00,1.07
2015.11.25 15:49:40.937,8.67877,8.68096,1.00,1.00
2015.11.25 15:49:42.394,8.67877,8.68095,1.00,1.00
2015.11.25 15:49:44.238,8.67843,8.68064,1.12,1.00
2015.11.25 15:49:44.542,8.67875,8.68095,1.00,1.00
2015.11.25 15:49:46.469,8.67875,8.68095,1.00,1.50
2015.11.25 15:49:46.979,8.67875,8.68095,1.00,1.07
2015.11.25 15:49:48.066,8.67875,8.6809,1.00,1.00
2015.11.25 15:49:48.167,8.67838,8.68059,1.00,1.00
2015.11.25 15:49:48.218,8.6785,8.68059,1.00,1.75
2015.11.25 15:49:48.369,8.67839,8.68058,1.00,1.75
2015.11.25 15:49:48.420,8.67839,8.68058,1.00,1.12
2015.11.25 15:49:48.676,8.67839,8.68058,1.00,1.00
2015.11.25 15:49:48.735,8.67839,8.68058,1.00,1.50
2015.11.25 15:49:49.979,8.67839,8.68058,1.00,1.10
2015.11.25 15:49:50.983,8.67839,8.68043,1.00,1.00
2015.11.25 15:49:51.034,8.67839,8.68058,1.00,1.10
2015.11.25 15:49:51.085,8.67839,8.68032,1.00,1.00
2015.11.25 15:49:52.147,8.67839,8.68046,1.00,1.75
2015.11.25 15:49:52.198,8.67828,8.68049,1.00,1.00
2015.11.25 15:49:52.249,8.67841,8.68049,1.00,1.00
2015.11.25 15:49:52.299,8.67861,8.68082,1.00,1.37
2015.11.25 15:49:52.739,8.67861,8.68082,1.00,1.37
2015.11.25 15:49:53.459,8.67861,8.68082,1.00,1.00
2015.11.25 15:49:54.835,8.67903,8.68124,1.00,1.00
2015.11.25 15:49:55.597,8.67867,8.68086,1.00,1.00
2015.11.25 15:49:56.491,8.67838,8.68059,1.00,1.00
2015.11.25 15:50:00.198,8.6781,8.68032,1.00,1.00
2015.11.25 15:50:00.518,8.67848,8.68069,1.00,1.00
2015.11.25 15:50:02.526,8.6782,8.68039,1.00,1.00
2015.11.25 15:50:04.687,8.67799,8.68002,1.37,1.00
2015.11.25 15:50:05.092,8.67762,8.6797,1.75,1.00
2015.11.25 15:50:06.196,8.67772,8.6797,1.37,1.00
2015.11.25 15:50:06.247,8.67772,8.67941,1.37,1.00
2015.11.25 15:50:07.722,8.67772,8.67941,1.37,1.00
2015.11.25 15:50:09.760,8.67767,8.67941,1.75,1.00
2015.11.25 15:50:16.149,8.67754,8.67976,1.75,1.00
2015.11.25 15:50:17.617,8.67775,8.67976,1.12,1.00
2015.11.25 15:50:18.435,8.67775,8.67976,1.00,1.00
2015.11.25 15:50:18.830,8.67769,8.67976,1.07,1.00
2015.11.25 15:50:20.191,8.67769,8.67976,1.37,1.00
2015.11.25 15:50:21.945,8.67767,8.67976,1.00,1.00
2015.11.25 15:50:21.996,8.67762,8.67976,1.00,1.00
2015.11.25 15:50:22.149,8.67754,8.67976,1.07,1.00
2015.11.25 15:50:22.250,8.67762,8.67976,1.00,1.00
2015.11.25 15:50:22.786,8.67769,8.67976,1.00,1.00
2015.11.25 15:50:23.208,8.67789,8.68011,1.00,1.00
2015.11.25 15:50:23.978,8.67789,8.68011,1.37,1.00
2015.11.25 15:50:24.915,8.67802,8.68011,1.00,1.00
2015.11.25 15:50:24.966,8.67822,8.68043,1.00,1.00
2015.11.25 15:50:25.076,8.67822,8.68043,1.37,1.00
2015.11.25 15:50:27.916,8.67829,8.68043,1.75,1.00
2015.11.25 15:50:37.537,8.67855,8.68076,1.00,1.00
2015.11.25 15:50:47.144,8.67855,8.68076,1.75,1.00
2015.11.25 15:50:47.495,8.67855,8.68076,1.75,1.00
2015.11.25 15:50:56.104,8.67868,8.68076,1.75,1.00
2015.11.25 15:51:00.922,8.67864,8.68076,1.75,1.00
2015.11.25 15:51:01.224,8.67864,8.68076,1.75,1.00
2015.11.25 15:51:07.124,8.67913,8.68096,1.75,1.00
2015.11.25 15:51:07.176,8.67913,8.68096,1.75,1.00
2015.11.25 15:51:07.227,8.67913,8.68134,1.75,1.00
2015.11.25 15:51:07.329,8.67968,8.68154,1.75,1.00
2015.11.25 15:51:07.383,8.67968,8.68154,1.75,1.00
2015.11.25 15:51:07.434,8.67968,8.68187,1.75,1.00
2015.11.25 15:51:12.516,8.67968,8.68179,1.75,1.00
2015.11.25 15:51:13.409,8.6794,8.68159,1.75,1.00
2015.11.25 15:51:20.896,8.67973,8.68194,1.75,1.00
2015.11.25 15:51:21.112,8.67973,8.68194,1.75,1.00
2015.11.25 15:51:21.757,8.67973,8.68194,1.75,1.00
2015.11.25 15:51:24.564,8.67941,8.68162,1.75,1.00
2015.11.25 15:51:24.615,8.67941,8.68162,1.75,1.00
2015.11.25 15:51:30.880,8.67941,8.68162,1.75,1.00
2015.11.25 15:51:36.494,8.67941,8.68162,1.75,1.00
2015.11.25 15:51:36.851,8.67941,8.68162,1.75,1.00
2015.11.25 15:51:38.182,8.67967,8.68162,1.75,1.00
2015.11.25 15:51:38.236,8.67987,8.68208,1.75,1.00
2015.11.25 15:51:39.950,8.67987,8.68207,1.75,1.00
2015.11.25 15:51:40.282,8.67967,8.68175,1.75,1.00
2015.11.25 15:51:56.325,8.67993,8.68208,1.75,1.00
2015.11.25 15:51:59.183,8.67993,8.68208,1.75,1.00
2015.11.25 15:51:59.500,8.67993,8.68208,1.75,1.00
2015.11.25 15:52:04.008,8.67993,8.68208,1.75,1.00
2015.11.25 15:52:05.183,8.67993,8.68208,1.75,1.00
2015.11.25 15:52:07.756,8.67993,8.68208,1.75,1.00
2015.11.25 15:52:11.466,8.67993,8.68179,1.75,1.00
2015.11.25 15:52:15.875,8.67993,8.68209,1.75,1.00
2015.11.25 15:52:19.255,8.67993,8.6818,1.75,1.00
2015.11.25 15:52:19.727,8.67993,8.6818,1.50,1.00
2015.11.25 15:52:21.022,8.67973,8.6818,1.50,1.00
2015.11.25 15:52:21.395,8.67973,8.6818,1.07,1.00
2015.11.25 15:52:21.496,8.6793,8.68151,1.75,1.00
2015.11.25 15:52:22.232,8.6793,8.68151,1.75,1.00
2015.11.25 15:52:22.485,8.6793,8.68151,1.75,1.00
2015.11.25 15:52:23.677,8.6793,8.68134,1.75,1.00
2015.11.25 15:52:24.025,8.67926,8.68115,1.75,1.00
2015.11.25 15:52:25.342,8.6792,8.68115,1.37,1.00
2015.11.25 15:52:25.445,8.6792,8.68115,1.75,1.00
2015.11.25 15:52:25.953,8.67953,8.68115,1.00,1.00
2015.11.25 15:52:28.568,8.67862,8.68083,1.37,1.00
2015.11.25 15:52:28.771,8.67862,8.68083,1.75,1.07
2015.11.25 15:52:29.103,8.67816,8.68035,1.75,1.00
2015.11.25 15:52:29.492,8.67816,8.68035,1.75,1.00
2015.11.25 15:52:31.133,8.67854,8.68072,1.75,1.00
2015.11.25 15:52:31.292,8.67885,8.68072,1.75,1.00
2015.11.25 15:52:31.343,8.67894,8.68115,1.75,1.00
2015.11.25 15:52:31.444,8.67932,8.68151,1.07,1.00
2015.11.25 15:52:31.974,8.67932,8.68151,1.00,1.00
2015.11.25 15:52:32.504,8.67959,8.6818,1.37,1.00
2015.11.25 15:52:32.605,8.67989,8.6821,1.00,1.00
2015.11.25 15:52:34.015,8.67989,8.6821,1.37,1.00
2015.11.25 15:52:34.268,8.67989,8.68207,1.00,1.00
2015.11.25 15:52:34.419,8.67953,8.68174,1.75,1.00
2015.11.25 15:52:37.197,8.67953,8.68169,1.75,1.00
2015.11.25 15:52:39.879,8.67953,8.68169,1.07,1.00
2015.11.25 15:52:40.443,8.67953,8.68174,1.07,1.00
2015.11.25 15:52:42.702,8.67953,8.68174,1.75,1.00
2015.11.25 15:52:43.914,8.67953,8.68125,1.75,1.00
2015.11.25 15:52:44.217,8.67893,8.68074,2.44,1.00
2015.11.25 15:52:44.268,8.67854,8.68074,1.75,1.00
2015.11.25 15:52:44.319,8.67842,8.68038,1.75,1.00
2015.11.25 15:52:45.180,8.67832,8.68038,1.75,1.00
2015.11.25 15:52:45.332,8.67776,8.67997,1.75,1.00
2015.11.25 15:52:45.484,8.67776,8.67997,1.75,1.00
2015.11.25 15:52:45.585,8.67776,8.67997,1.75,1.00
2015.11.25 15:52:45.636,8.67743,8.67965,1.75,1.00
2015.11.25 15:52:45.789,8.67743,8.67965,1.75,1.00
2015.11.25 15:52:46.776,8.67743,8.67965,1.75,1.00
2015.11.25 15:52:46.878,8.67743,8.67965,1.75,1.00
2015.11.25 15:52:47.336,8.67743,8.67965,1.75,1.00
2015.11.25 15:52:47.539,8.67782,8.67995,1.75,1.00
2015.11.25 15:52:47.932,8.67782,8.68003,1.75,1.00
2015.11.25 15:52:47.983,8.67782,8.68003,1.37,1.00
2015.11.25 15:52:48.085,8.67782,8.68003,1.75,1.00
2015.11.25 15:52:48.671,8.67847,8.68068,1.00,1.37
2015.11.25 15:52:48.773,8.67847,8.68068,1.37,1.00
2015.11.25 15:52:49.228,8.67847,8.68068,1.75,1.00
2015.11.25 15:52:50.172,8.67847,8.68068,1.37,1.00
2015.11.25 15:52:51.070,8.67847,8.68068,1.87,1.00
2015.11.25 15:52:51.642,8.67847,8.68035,1.37,1.00
2015.11.25 15:52:51.963,8.67773,8.67994,1.75,1.00
2015.11.25 15:52:52.420,8.67773,8.67994,1.75,1.00
2015.11.25 15:52:54.021,8.67773,8.67994,2.25,1.00
2015.11.25 15:52:54.727,8.67773,8.67994,1.37,1.00
2015.11.25 15:52:54.828,8.67773,8.67994,1.07,1.00
2015.11.25 15:52:54.879,8.67741,8.67962,1.75,1.00
2015.11.25 15:52:55.293,8.67741,8.67962,1.75,1.00
2015.11.25 15:52:56.951,8.67741,8.67962,1.75,1.00
2015.11.25 15:52:57.753,8.67726,8.67933,1.75,1.00
2015.11.25 15:52:59.008,8.67712,8.67933,1.75,1.00
2015.11.25 15:53:01.302,8.67725,8.67933,1.75,1.00
2015.11.25 15:53:01.678,8.67725,8.67919,1.75,1.00
2015.11.25 15:53:02.012,8.67679,8.67898,1.75,1.00
2015.11.25 15:53:03.292,8.67679,8.67898,1.75,1.00
2015.11.25 15:53:04.692,8.67679,8.67898,1.75,1.00
2015.11.25 15:53:05.566,8.67679,8.67898,1.75,1.00
2015.11.25 15:53:06.462,8.67679,8.67898,1.75,1.00
2015.11.25 15:53:09.160,8.67658,8.67867,1.75,1.00
2015.11.25 15:53:10.895,8.67628,8.67817,1.75,1.00
2015.11.25 15:53:11.000,8.67596,8.67817,1.75,1.00
2015.11.25 15:53:11.101,8.67596,8.67809,1.75,1.00
2015.11.25 15:53:11.221,8.67569,8.67788,2.25,1.00
2015.11.25 15:53:11.323,8.67582,8.67788,1.00,1.00
2015.11.25 15:53:11.626,8.67592,8.67788,1.00,1.00
2015.11.25 15:53:11.948,8.67602,8.67788,1.00,1.00
2015.11.25 15:53:12.603,8.67592,8.67788,1.07,1.00
2015.11.25 15:53:12.901,8.67606,8.67827,1.00,1.50
2015.11.25 15:53:13.032,8.67606,8.67817,1.00,1.00
2015.11.25 15:53:13.746,8.67584,8.67788,1.37,1.00
2015.11.25 15:53:13.822,8.67584,8.67788,1.00,1.00
2015.11.25 15:53:13.991,8.67569,8.67788,1.57,1.00
2015.11.25 15:53:14.544,8.67569,8.67772,1.10,1.00
2015.11.25 15:53:15.076,8.67558,8.67753,1.37,1.00
2015.11.25 15:53:15.843,8.67551,8.67753,1.07,1.00
2015.11.25 15:53:16.978,8.67458,8.67679,1.07,1.00
2015.11.25 15:53:17.029,8.67435,8.67642,1.00,1.00
2015.11.25 15:53:17.080,8.67421,8.67642,1.07,1.00
2015.11.25 15:53:17.232,8.67413,8.676,1.69,1.00
2015.11.25 15:53:18.175,8.67387,8.676,1.00,1.00
2015.11.25 15:53:18.302,8.67387,8.67562,1.00,1.00
2015.11.25 15:53:18.462,8.67359,8.67562,1.07,1.00
2015.11.25 15:53:19.792,8.67353,8.67562,1.69,1.00
2015.11.25 15:53:20.196,8.67341,8.67562,1.00,1.00
2015.11.25 15:53:20.664,8.67321,8.67527,1.00,1.00
2015.11.25 15:53:21.174,8.6732,8.67527,1.00,1.00
2015.11.25 15:53:21.831,8.67332,8.67527,1.00,1.00
2015.11.25 15:53:22.269,8.67306,8.67527,1.00,1.00
2015.11.25 15:53:22.392,8.67323,8.67527,1.00,1.00
2015.11.25 15:53:23.028,8.67323,8.67498,1.00,1.00
2015.11.25 15:53:23.903,8.67292,8.67498,1.00,1.00
2015.11.25 15:53:24.132,8.673,8.67498,1.00,1.00
2015.11.25 15:53:25.022,8.67342,8.67544,1.00,1.00
2015.11.25 15:53:25.124,8.67373,8.67544,1.00,1.00
2015.11.25 15:53:25.662,8.67372,8.67544,1.00,1.00
2015.11.25 15:53:26.737,8.67362,8.67544,1.00,1.00
2015.11.25 15:53:26.790,8.67364,8.67544,1.00,1.00
2015.11.25 15:53:27.072,8.67362,8.67544,1.00,1.00
2015.11.25 15:53:27.327,8.67352,8.67544,1.00,1.00
2015.11.25 15:53:28.050,8.67362,8.67544,1.00,1.00
2015.11.25 15:53:28.101,8.67353,8.67544,1.00,1.00
2015.11.25 15:53:28.429,8.67362,8.67544,1.00,1.00
2015.11.25 15:53:28.581,8.67336,8.67544,1.00,1.00
2015.11.25 15:53:28.734,8.67336,8.67513,1.00,1.00
2015.11.25 15:53:29.283,8.67342,8.67513,1.00,1.00
2015.11.25 15:53:29.334,8.67332,8.67513,1.00,1.00
2015.11.25 15:53:29.548,8.67322,8.67513,1.00,1.00
2015.11.25 15:53:29.985,8.67332,8.67513,1.00,1.00
2015.11.25 15:53:30.598,8.67312,8.67513,1.00,1.00
2015.11.25 15:53:30.841,8.67307,8.67513,1.00,1.00
2015.11.25 15:53:31.062,8.67313,8.67513,1.00,1.00
2015.11.25 15:53:31.613,8.67307,8.67513,1.00,1.00
2015.11.25 15:53:32.232,8.67307,8.67479,1.00,1.00
2015.11.25 15:53:32.439,8.6729,8.67499,1.37,1.00
2015.11.25 15:53:32.490,8.6729,8.67511,1.37,1.00
2015.11.25 15:53:32.540,8.67273,8.67478,2.07,1.00
2015.11.25 15:53:33.424,8.67257,8.67478,1.75,1.00
2015.11.25 15:53:33.525,8.67225,8.67441,1.37,1.00
2015.11.25 15:53:33.576,8.67223,8.67405,2.07,1.00
2015.11.25 15:53:33.626,8.67184,8.67405,1.75,1.00
2015.11.25 15:53:33.731,8.67184,8.67405,1.12,1.00
2015.11.25 15:53:34.053,8.67169,8.67375,1.75,1.00
2015.11.25 15:53:34.744,8.67155,8.67375,1.75,1.00
2015.11.25 15:53:34.846,8.67182,8.67375,1.00,1.00
2015.11.25 15:53:35.049,8.67202,8.67394,1.00,1.00
2015.11.25 15:53:35.100,8.67202,8.67407,1.00,1.00
2015.11.25 15:53:35.242,8.67188,8.67407,1.00,1.00
2015.11.25 15:53:35.573,8.67192,8.67407,1.00,1.00
2015.11.25 15:53:36.454,8.67232,8.67407,1.00,1.00
2015.11.25 15:53:36.555,8.67232,8.67427,1.00,1.00
2015.11.25 15:53:36.606,8.67222,8.67439,1.37,1.00
2015.11.25 15:53:37.783,8.67218,8.67428,1.00,1.00
2015.11.25 15:53:37.834,8.67187,8.67408,1.00,1.00
2015.11.25 15:53:39.011,8.67193,8.67408,1.00,1.00
2015.11.25 15:53:39.342,8.67212,8.67408,1.00,1.00
2015.11.25 15:53:39.882,8.67187,8.67408,1.07,1.00
2015.11.25 15:53:40.418,8.67187,8.67408,1.00,1.00
2015.11.25 15:53:41.071,8.67192,8.67408,1.00,1.00
2015.11.25 15:53:41.349,8.67187,8.67408,1.00,1.00
2015.11.25 15:53:41.753,8.67162,8.67368,1.07,1.00
2015.11.25 15:53:44.731,8.67149,8.67368,1.07,1.00
2015.11.25 15:53:45.184,8.67128,8.67328,1.75,1.00
2015.11.25 15:53:45.285,8.67112,8.67328,1.50,1.00
2015.11.25 15:53:46.221,8.67142,8.67357,1.12,1.00
2015.11.25 15:53:46.545,8.67142,8.67357,1.75,1.00
2015.11.25 15:53:47.543,8.67136,8.67357,1.37,1.00
2015.11.25 15:53:47.749,8.67153,8.67357,1.37,1.00
2015.11.25 15:53:48.167,8.67162,8.67357,1.75,1.00
2015.11.25 15:53:49.570,8.67173,8.67357,1.00,1.00
2015.11.25 15:53:51.093,8.67173,8.67357,2.25,1.00
2015.11.25 15:53:51.144,8.67173,8.67357,1.00,1.00
2015.11.25 15:53:51.742,8.67173,8.67357,1.12,1.00
2015.11.25 15:53:51.994,8.67136,8.67357,1.75,1.00
2015.11.25 15:53:52.096,8.67122,8.67323,1.75,1.00
2015.11.25 15:53:52.147,8.67112,8.67323,1.75,1.00
2015.11.25 15:53:52.198,8.67152,8.67323,1.00,1.00
2015.11.25 15:53:52.299,8.67155,8.67343,1.00,1.00
2015.11.25 15:53:52.350,8.67155,8.67375,1.37,1.00
2015.11.25 15:53:52.456,8.67155,8.67375,1.37,1.00
2015.11.25 15:53:52.916,8.67155,8.67375,1.75,1.00
2015.11.25 15:53:53.245,8.67155,8.67375,1.75,1.00
2015.11.25 15:53:53.352,8.67155,8.67375,1.75,1.00
2015.11.25 15:53:53.453,8.67155,8.67375,1.07,1.00
2015.11.25 15:53:54.210,8.67155,8.67375,1.00,1.00
2015.11.25 15:53:56.236,8.67128,8.67347,1.75,1.00
2015.11.25 15:53:57.980,8.67162,8.67347,1.00,1.00
2015.11.25 15:53:58.032,8.67162,8.67368,1.00,1.00
2015.11.25 15:53:58.083,8.67162,8.6738,1.00,1.00
2015.11.25 15:53:58.141,8.67162,8.67371,1.00,1.00
2015.11.25 15:53:58.515,8.67162,8.67371,1.37,1.00
2015.11.25 15:53:59.034,8.67161,8.67369,1.37,1.00
2015.11.25 15:53:59.362,8.67132,8.67349,1.75,1.00
2015.11.25 15:54:00.351,8.67128,8.67349,1.37,1.00
2015.11.25 15:54:00.570,8.67128,8.67349,1.00,1.00
2015.11.25 15:54:00.621,8.67133,8.67349,1.00,1.00
2015.11.25 15:54:00.976,8.67153,8.67349,1.00,1.00
2015.11.25 15:54:01.392,8.67162,8.67349,1.00,1.00
2015.11.25 15:54:01.443,8.67162,8.67356,1.00,1.00
2015.11.25 15:54:01.835,8.67156,8.67356,1.00,1.00
2015.11.25 15:54:01.980,8.67156,8.67369,1.00,1.00
2015.11.25 15:54:03.357,8.67156,8.67369,1.00,1.07
2015.11.25 15:54:03.679,8.67156,8.67369,1.00,1.00
2015.11.25 15:54:04.009,8.67156,8.67369,1.12,1.00
2015.11.25 15:54:04.819,8.67172,8.67369,1.00,1.00
2015.11.25 15:54:04.870,8.67156,8.67369,1.12,1.00
2015.11.25 15:54:04.998,8.67156,8.67369,1.00,1.00
2015.11.25 15:54:05.392,8.67156,8.67358,1.00,1.00
2015.11.25 15:54:05.442,8.67156,8.67375,1.00,1.00
2015.11.25 15:54:05.544,8.67136,8.67342,1.00,1.00
2015.11.25 15:54:05.595,8.67121,8.67342,1.07,1.00
2015.11.25 15:54:06.497,8.67156,8.67361,1.00,1.00
2015.11.25 15:54:06.820,8.67156,8.67327,1.00,1.00
2015.11.25 15:54:07.200,8.67156,8.6735,1.00,1.00
2015.11.25 15:54:07.942,8.67162,8.6735,1.00,1.00
2015.11.25 15:54:08.258,8.67188,8.67355,1.00,1.00
2015.11.25 15:54:10.135,8.67167,8.67355,1.00,1.00
2015.11.25 15:54:10.186,8.67145,8.67355,1.12,1.00
2015.11.25 15:54:10.237,8.67145,8.67364,1.12,1.00
2015.11.25 15:54:10.513,8.67145,8.67345,1.12,1.00
2015.11.25 15:54:10.665,8.67145,8.67357,1.12,1.00
2015.11.25 15:54:11.398,8.67162,8.67355,1.00,1.00
2015.11.25 15:54:11.499,8.67162,8.67364,1.00,1.00
2015.11.25 15:54:11.550,8.67195,8.67369,1.00,1.00
2015.11.25 15:54:12.070,8.67195,8.67405,1.00,1.00
2015.11.25 15:54:12.190,8.67195,8.67374,1.00,1.00
2015.11.25 15:54:14.985,8.67195,8.67393,1.00,1.00
2015.11.25 15:54:16.012,8.67195,8.67416,1.00,1.00
2015.11.25 15:54:17.095,8.67195,8.67414,1.00,1.00
2015.11.25 15:54:17.747,8.67195,8.67406,1.00,1.00
2015.11.25 15:54:17.798,8.67195,8.67416,1.00,1.00
2015.11.25 15:54:17.929,8.67195,8.67416,1.12,1.00
2015.11.25 15:54:18.606,8.67239,8.67423,1.00,1.00
2015.11.25 15:54:18.656,8.67239,8.67459,1.00,1.00
2015.11.25 15:54:19.154,8.67239,8.67411,1.00,1.00
2015.11.25 15:54:19.205,8.67239,8.67459,1.00,1.00
2015.11.25 15:54:20.172,8.67267,8.67477,1.00,1.00
2015.11.25 15:54:20.481,8.67267,8.67485,1.00,1.75
2015.11.25 15:54:21.271,8.67267,8.67454,1.00,1.00
2015.11.25 15:54:21.533,8.67267,8.67488,1.00,1.00
2015.11.25 15:54:21.942,8.67267,8.67471,1.00,1.00
2015.11.25 15:54:22.256,8.67267,8.67471,1.00,1.37
2015.11.25 15:54:22.580,8.67267,8.67471,1.00,1.75
2015.11.25 15:54:23.059,8.67267,8.67471,1.00,1.37
2015.11.25 15:54:23.716,8.67267,8.67471,1.00,1.00
2015.11.25 15:54:24.550,8.67267,8.67471,1.37,1.00
2015.11.25 15:54:24.651,8.67267,8.67488,1.37,1.00
2015.11.25 15:54:25.030,8.67267,8.67488,1.75,1.00
2015.11.25 15:54:25.081,8.67301,8.67508,1.00,1.00
2015.11.25 15:54:25.182,8.67301,8.67522,1.00,1.00
2015.11.25 15:54:25.233,8.67301,8.67487,1.00,1.00
2015.11.25 15:54:27.207,8.67301,8.67505,1.00,1.75
2015.11.25 15:54:27.445,8.67301,8.67485,1.00,1.00
2015.11.25 15:54:28.846,8.67267,8.67478,1.00,1.00
2015.11.25 15:54:29.620,8.67267,8.67488,1.00,1.07
2015.11.25 15:54:30.042,8.67267,8.67462,1.00,1.00
2015.11.25 15:54:30.463,8.67267,8.67479,1.00,1.00
2015.11.25 15:54:31.732,8.67304,8.67479,1.00,1.00
2015.11.25 15:54:32.797,8.67304,8.67486,1.00,1.00
2015.11.25 15:54:32.849,8.67304,8.67486,1.00,1.37
2015.11.25 15:54:33.240,8.67304,8.67451,1.00,1.00
2015.11.25 15:54:33.549,8.67304,8.67484,1.00,1.00
2015.11.25 15:54:33.754,8.67304,8.6747,1.00,1.00
2015.11.25 15:54:34.354,8.67304,8.67451,1.00,1.00
2015.11.25 15:54:34.771,8.67304,8.67478,1.00,1.75
2015.11.25 15:54:35.591,8.67304,8.67478,1.00,1.00
2015.11.25 15:54:35.692,8.67304,8.67478,1.00,1.07
2015.11.25 15:54:36.222,8.67304,8.67478,1.00,1.00
2015.11.25 15:54:37.132,8.67304,8.67492,1.00,1.07
2015.11.25 15:54:37.998,8.67284,8.67453,1.00,1.00
2015.11.25 15:54:38.049,8.67266,8.67453,1.00,1.00
2015.11.25 15:54:40.823,8.67223,8.67442,1.00,1.37
2015.11.25 15:54:40.975,8.67223,8.67442,1.00,1.75
2015.11.25 15:54:41.550,8.6719,8.67411,1.00,1.37
2015.11.25 15:54:42.173,8.6719,8.67411,1.00,1.07
2015.11.25 15:54:42.399,8.6719,8.674,1.00,1.00
2015.11.25 15:54:42.451,8.6716,8.67381,1.10,1.00
2015.11.25 15:54:42.502,8.67168,8.67381,1.00,1.00
2015.11.25 15:54:42.552,8.67188,8.67409,1.00,1.07
2015.11.25 15:54:44.540,8.67188,8.67402,1.00,1.00
2015.11.25 15:54:44.591,8.67188,8.67409,1.00,1.00
2015.11.25 15:54:44.642,8.6727,8.67452,1.00,1.12
2015.11.25 15:54:44.693,8.6727,8.67491,1.00,1.75
2015.11.25 15:54:44.794,8.6727,8.67491,1.00,1.00
2015.11.25 15:54:45.410,8.6727,8.67491,1.37,1.00
2015.11.25 15:54:45.762,8.673,8.67519,1.00,1.37
2015.11.25 15:54:45.813,8.673,8.67519,1.00,1.00
2015.11.25 15:54:46.810,8.673,8.67499,1.00,1.00
2015.11.25 15:54:46.911,8.67258,8.67479,1.37,1.00
2015.11.25 15:54:48.820,8.67258,8.67461,1.37,1.00
2015.11.25 15:54:48.871,8.67222,8.67441,1.75,1.00
2015.11.25 15:54:48.981,8.67222,8.67441,1.37,1.00
2015.11.25 15:54:51.735,8.67222,8.67441,1.75,1.00
2015.11.25 15:54:51.858,8.67253,8.67474,1.50,1.00
2015.11.25 15:54:51.988,8.67253,8.67474,1.75,1.00
2015.11.25 15:54:52.190,8.67286,8.67507,1.50,1.00
2015.11.25 15:54:54.172,8.67286,8.67507,1.75,1.00
2015.11.25 15:54:54.278,8.67319,8.6754,1.00,1.00
2015.11.25 15:54:54.632,8.67319,8.67509,1.00,1.00
2015.11.25 15:54:56.016,8.67319,8.6754,1.00,1.00
2015.11.25 15:54:56.511,8.67319,8.6754,1.37,1.00
2015.11.25 15:54:56.767,8.67347,8.67568,1.00,1.00
2015.11.25 15:54:56.818,8.67347,8.67568,1.75,1.00
2015.11.25 15:54:56.868,8.67381,8.676,1.00,1.00
2015.11.25 15:54:57.921,8.67381,8.67585,1.00,1.00
2015.11.25 15:54:58.226,8.67344,8.67565,1.75,1.00
2015.11.25 15:54:58.479,8.67344,8.67545,1.00,1.00
2015.11.25 15:54:58.923,8.67253,8.67379,1.00,1.00
2015.11.25 15:54:58.974,8.67223,8.67443,1.00,1.37
2015.11.25 15:54:59.025,8.67223,8.67443,1.00,1.00
2015.11.25 15:54:59.228,8.67223,8.67443,1.37,1.00
2015.11.25 15:55:00.306,8.67255,8.67476,1.00,1.00
2015.11.25 15:55:00.459,8.67255,8.67455,1.00,1.00
2015.11.25 15:55:01.021,8.67216,8.67435,1.37,1.00
2015.11.25 15:55:04.985,8.67229,8.67435,1.50,1.00
2015.11.25 15:55:05.319,8.67229,8.67435,1.75,1.00
2015.11.25 15:55:05.801,8.67216,8.67435,1.75,1.00
2015.11.25 15:55:06.200,8.67216,8.67435,1.37,1.00
2015.11.25 15:55:10.836,8.67237,8.67435,1.00,1.00
2015.11.25 15:55:11.183,8.67216,8.67435,1.75,1.00
2015.11.25 15:55:12.081,8.67216,8.67435,1.37,1.00
2015.11.25 15:55:17.185,8.67229,8.67445,1.10,1.00
2015.11.25 15:55:18.321,8.67229,8.6745,1.10,1.00
2015.11.25 15:55:18.424,8.6719,8.67411,1.75,1.00
2015.11.25 15:55:18.475,8.6719,8.67411,1.00,1.00
2015.11.25 15:55:19.706,8.6719,8.67397,1.00,1.00
2015.11.25 15:55:19.757,8.6719,8.67411,1.00,1.00
2015.11.25 15:55:19.851,8.67223,8.67444,1.00,1.00
2015.11.25 15:55:20.435,8.67223,8.67444,1.00,1.75
2015.11.25 15:55:20.504,8.67166,8.67387,1.00,1.00
2015.11.25 15:55:21.473,8.67166,8.67374,1.00,1.00
2015.11.25 15:55:21.723,8.67166,8.67387,1.00,1.00
2015.11.25 15:55:23.123,8.67183,8.67385,1.00,1.00
2015.11.25 15:55:23.947,8.67183,8.67387,1.00,1.00
2015.11.25 15:55:24.557,8.67182,8.67387,1.00,1.00
2015.11.25 15:55:25.504,8.67172,8.67387,1.07,1.00
2015.11.25 15:55:28.582,8.67182,8.67387,1.00,1.00
2015.11.25 15:55:29.273,8.67192,8.67387,1.00,1.00
2015.11.25 15:55:29.681,8.67202,8.67387,1.00,1.00
2015.11.25 15:55:29.783,8.67202,8.67404,1.00,1.00
2015.11.25 15:55:30.298,8.67199,8.67404,1.00,1.00
2015.11.25 15:55:30.732,8.67199,8.67399,1.00,1.00
2015.11.25 15:55:31.037,8.67202,8.67378,1.00,1.00
2015.11.25 15:55:32.002,8.67202,8.67404,1.00,1.00
2015.11.25 15:55:32.235,8.67202,8.67412,1.00,1.07
2015.11.25 15:55:32.772,8.67225,8.67444,1.00,1.75
2015.11.25 15:55:32.823,8.67225,8.67444,1.00,1.75
2015.11.25 15:55:33.227,8.67233,8.67444,1.07,1.12
2015.11.25 15:55:33.278,8.67262,8.6748,1.00,1.75
2015.11.25 15:55:33.329,8.67262,8.6748,1.00,1.00
2015.11.25 15:55:33.799,8.67262,8.6748,1.00,1.07
2015.11.25 15:55:34.334,8.67262,8.6748,1.00,1.75
2015.11.25 15:55:34.933,8.67228,8.67446,1.00,1.37
2015.11.25 15:55:37.291,8.67228,8.67424,1.00,1.07
2015.11.25 15:55:38.021,8.67186,8.67407,1.75,1.00
2015.11.25 15:55:38.072,8.67186,8.67407,1.37,1.00
2015.11.25 15:55:39.820,8.67186,8.67407,1.37,1.00
2015.11.25 15:55:43.659,8.67186,8.67396,1.37,1.00
2015.11.25 15:55:44.090,8.67186,8.67396,1.00,1.00
2015.11.25 15:55:44.663,8.67186,8.67396,1.00,1.07
2015.11.25 15:55:45.411,8.67186,8.67396,1.07,1.37
2015.11.25 15:55:49.717,8.67186,8.67396,1.00,1.75
2015.11.25 15:55:49.819,8.67136,8.67357,1.75,1.00
2015.11.25 15:55:49.930,8.67136,8.67357,1.00,1.37
2015.11.25 15:55:51.030,8.67136,8.6734,1.00,1.00
2015.11.25 15:55:52.201,8.67108,8.67328,2.25,1.00
2015.11.25 15:55:53.513,8.67139,8.6734,1.00,1.00
2015.11.25 15:55:53.564,8.67139,8.6734,1.07,1.00
2015.11.25 15:55:53.871,8.67139,8.6734,1.07,1.07
2015.11.25 15:55:54.031,8.67139,8.6734,1.00,1.07
2015.11.25 15:55:54.997,8.67139,8.6734,1.10,1.12
2015.11.25 15:55:55.231,8.67152,8.6736,1.00,1.75
2015.11.25 15:55:56.099,8.67139,8.67337,1.10,1.07
2015.11.25 15:55:57.799,8.67139,8.67316,1.10,1.00
2015.11.25 15:56:01.102,8.67139,8.67344,1.10,1.37
2015.11.25 15:56:02.632,8.67161,8.6736,1.00,1.75
2015.11.25 15:56:02.950,8.67181,8.67402,1.00,1.75
2015.11.25 15:56:03.177,8.67149,8.67368,1.00,1.75
2015.11.25 15:56:04.409,8.67182,8.67368,1.00,1.75
2015.11.25 15:56:04.459,8.67182,8.67368,1.00,1.75
2015.11.25 15:56:04.581,8.67192,8.67368,1.00,1.75
2015.11.25 15:56:04.682,8.67192,8.67399,1.00,1.75
2015.11.25 15:56:05.037,8.67222,8.67419,1.75,1.00
2015.11.25 15:56:05.162,8.67274,8.67493,1.75,1.00
2015.11.25 15:56:05.263,8.67274,8.67493,1.75,1.00
2015.11.25 15:56:06.726,8.67305,8.67526,1.07,1.00
2015.11.25 15:56:09.132,8.67305,8.67504,1.07,1.00
2015.11.25 15:56:09.183,8.67235,8.67456,1.00,1.00
2015.11.25 15:56:09.559,8.67192,8.67392,1.37,1.00
2015.11.25 15:56:09.762,8.67192,8.67392,1.07,1.00
2015.11.25 15:56:09.931,8.67202,8.67392,1.00,1.00
2015.11.25 15:56:10.310,8.67202,8.67392,1.00,1.75
2015.11.25 15:56:10.646,8.67212,8.67392,1.00,1.75
2015.11.25 15:56:11.054,8.67222,8.67392,1.00,1.00
2015.11.25 15:56:11.105,8.67202,8.67392,1.00,1.00
2015.11.25 15:56:11.268,8.67203,8.67392,1.00,1.07
2015.11.25 15:56:11.737,8.67202,8.67392,1.00,1.37
2015.11.25 15:56:12.503,8.67212,8.67392,1.00,1.07
2015.11.25 15:56:12.604,8.67212,8.67392,1.07,1.00
2015.11.25 15:56:13.655,8.67203,8.67392,1.00,1.00
2015.11.25 15:56:14.014,8.67213,8.67409,1.07,1.00
2015.11.25 15:56:15.098,8.67193,8.67395,1.00,1.00
2015.11.25 15:56:15.175,8.67183,8.67388,1.07,1.00
2015.11.25 15:56:15.516,8.67193,8.67388,1.75,1.00
2015.11.25 15:56:16.850,8.67204,8.67425,1.00,1.00
2015.11.25 15:56:18.057,8.67204,8.6739,1.00,1.00
2015.11.25 15:56:18.425,8.67204,8.6739,1.37,1.00
2015.11.25 15:56:18.476,8.67204,8.67415,1.37,1.00
2015.11.25 15:56:19.497,8.67204,8.67397,1.37,1.00
2015.11.25 15:56:19.547,8.67204,8.67397,1.00,1.00
2015.11.25 15:56:19.971,8.67204,8.67397,1.37,1.00
2015.11.25 15:56:21.079,8.67222,8.67397,1.00,1.00
2015.11.25 15:56:21.130,8.67222,8.67422,1.00,1.00
2015.11.25 15:56:21.333,8.67204,8.67422,1.37,1.00
2015.11.25 15:56:21.442,8.67204,8.67425,1.37,1.00
2015.11.25 15:56:21.493,8.67204,8.67425,1.75,1.00
2015.11.25 15:56:22.709,8.67204,8.67425,1.12,1.00
2015.11.25 15:56:22.884,8.67232,8.67425,1.00,1.00
2015.11.25 15:56:23.231,8.67204,8.67425,1.75,1.00
2015.11.25 15:56:23.282,8.67204,8.67425,1.75,1.00
2015.11.25 15:56:23.814,8.67204,8.67425,1.75,1.00
2015.11.25 15:56:24.151,8.67204,8.67425,1.75,1.00
2015.11.25 15:56:25.323,8.67239,8.67431,1.12,1.00
2015.11.25 15:56:25.374,8.67239,8.67431,1.07,1.00
2015.11.25 15:56:25.425,8.67202,8.6742,1.75,1.00
2015.11.25 15:56:26.040,8.67201,8.6742,1.75,1.00
2015.11.25 15:56:26.859,8.67201,8.6742,1.75,1.00
2015.11.25 15:56:27.160,8.67199,8.67414,1.75,1.00
2015.11.25 15:56:27.211,8.67199,8.6742,1.75,1.00
2015.11.25 15:56:27.262,8.67199,8.6742,1.75,1.00
2015.11.25 15:56:27.471,8.67199,8.6742,1.75,1.07
2015.11.25 15:56:27.886,8.67199,8.674,1.75,1.00
2015.11.25 15:56:28.224,8.67199,8.674,1.75,1.00
2015.11.25 15:56:28.786,8.67199,8.674,1.75,1.00
2015.11.25 15:56:28.988,8.67199,8.67418,1.75,1.00
2015.11.25 15:56:29.210,8.67199,8.67418,1.00,1.00
2015.11.25 15:56:29.412,8.67199,8.67418,1.75,1.00
2015.11.25 15:56:29.621,8.67241,8.6746,1.00,1.07
2015.11.25 15:56:29.672,8.67241,8.6746,1.75,1.00
2015.11.25 15:56:30.066,8.67241,8.67443,1.75,1.00
2015.11.25 15:56:30.550,8.67241,8.67443,1.75,1.00
2015.11.25 15:56:30.753,8.67241,8.67437,1.00,1.00
2015.11.25 15:56:31.006,8.67241,8.67407,1.00,1.00
2015.11.25 15:56:31.381,8.67241,8.67426,1.00,1.00
2015.11.25 15:56:31.760,8.67241,8.67426,1.12,1.00
2015.11.25 15:56:33.277,8.67241,8.67426,1.75,1.00
2015.11.25 15:56:36.603,8.67195,8.67416,1.37,1.37
2015.11.25 15:56:36.932,8.67162,8.67383,1.75,1.00
2015.11.25 15:56:37.033,8.67162,8.67383,1.75,1.00
2015.11.25 15:56:37.140,8.67162,8.67383,1.75,1.07
2015.11.25 15:56:37.606,8.67162,8.67383,1.75,1.00
2015.11.25 15:56:37.955,8.67197,8.67386,1.75,1.00
2015.11.25 15:56:39.020,8.67197,8.67386,1.00,1.00
2015.11.25 15:56:39.172,8.67197,8.67408,1.00,1.37
2015.11.25 15:56:39.569,8.67197,8.67408,1.00,1.75
2015.11.25 15:56:40.088,8.67197,8.67375,1.00,1.00
2015.11.25 15:56:42.919,8.67197,8.67399,1.00,1.07
2015.11.25 15:56:43.034,8.67197,8.67399,1.37,1.00
2015.11.25 15:56:43.710,8.67202,8.67399,1.07,1.00
2015.11.25 15:56:44.022,8.67197,8.67399,1.75,1.00
2015.11.25 15:56:44.685,8.67197,8.67399,1.75,1.00
2015.11.25 15:56:44.809,8.67197,8.67399,1.75,1.00
2015.11.25 15:56:45.201,8.67197,8.67417,1.75,1.00
2015.11.25 15:56:45.302,8.67207,8.67417,1.75,1.00
2015.11.25 15:56:45.353,8.67289,8.6746,1.00,1.75
2015.11.25 15:56:45.403,8.67289,8.6746,1.00,1.07
2015.11.25 15:56:46.213,8.67242,8.6746,1.37,1.07
2015.11.25 15:56:46.264,8.67242,8.6746,1.75,1.00
2015.11.25 15:56:46.592,8.67282,8.67501,1.75,1.00
2015.11.25 15:56:46.743,8.67282,8.67501,1.75,1.00
2015.11.25 15:56:47.477,8.67282,8.67436,1.12,1.00
2015.11.25 15:56:47.700,8.67235,8.67455,1.75,1.00
2015.11.25 15:56:47.853,8.67235,8.67425,1.75,1.00
2015.11.25 15:56:47.909,8.67235,8.67425,1.75,1.00
2015.11.25 15:56:48.040,8.67235,8.67425,1.75,1.00
2015.11.25 15:56:49.135,8.67201,8.6742,1.75,1.00
2015.11.25 15:56:49.237,8.67241,8.67462,1.75,1.00
2015.11.25 15:56:49.389,8.67241,8.67462,1.75,1.00
2015.11.25 15:56:49.490,8.67241,8.67462,1.75,1.00
2015.11.25 15:56:50.128,8.67241,8.67462,1.75,1.00
2015.11.25 15:56:50.230,8.67241,8.67462,1.75,1.00
2015.11.25 15:56:50.449,8.67241,8.67436,1.75,1.00
2015.11.25 15:56:50.551,8.67241,8.67462,1.75,1.57
2015.11.25 15:56:50.659,8.67241,8.67462,1.75,1.87
2015.11.25 15:56:51.256,8.67241,8.67462,1.37,2.25
2015.11.25 15:56:51.763,8.67241,8.67409,1.37,1.00
2015.11.25 15:56:51.864,8.67241,8.67437,1.37,1.07
2015.11.25 15:56:52.129,8.67241,8.67415,1.37,1.00
2015.11.25 15:56:52.230,8.67196,8.67415,1.75,1.00
2015.11.25 15:56:52.645,8.67196,8.67406,1.75,1.00
2015.11.25 15:56:52.798,8.67196,8.67406,1.75,1.00
2015.11.25 15:56:52.909,8.67196,8.67416,1.75,1.00
2015.11.25 15:56:53.011,8.67196,8.67416,1.37,1.37
2015.11.25 15:56:53.113,8.67196,8.67416,1.07,1.75
2015.11.25 15:56:53.482,8.67196,8.67389,1.07,1.00
2015.11.25 15:56:54.029,8.6716,8.67381,1.37,1.37
2015.11.25 15:56:54.288,8.67133,8.67352,1.75,1.00
2015.11.25 15:56:54.339,8.67133,8.67352,1.00,1.37
2015.11.25 15:56:54.390,8.67089,8.6731,1.00,1.00
2015.11.25 15:56:55.345,8.67092,8.6731,1.00,1.00
2015.11.25 15:56:55.649,8.67131,8.67352,1.00,1.37
2015.11.25 15:56:55.960,8.67131,8.67331,1.00,1.00
2015.11.25 15:56:56.130,8.67131,8.67343,1.00,1.00
2015.11.25 15:56:56.181,8.6716,8.67381,1.00,1.75
2015.11.25 15:56:56.992,8.6716,8.67381,1.00,1.00
2015.11.25 15:56:57.089,8.67151,8.67368,1.37,1.00
2015.11.25 15:56:58.034,8.67162,8.67368,1.37,1.00
2015.11.25 15:56:58.459,8.67151,8.67368,1.75,1.00
2015.11.25 15:56:58.830,8.67152,8.67368,1.75,1.00
2015.11.25 15:56:59.304,8.67151,8.67368,1.00,1.00
2015.11.25 15:56:59.430,8.67151,8.67348,1.00,1.00
2015.11.25 15:56:59.756,8.67185,8.67348,1.00,1.00
2015.11.25 15:56:59.883,8.67185,8.67368,1.00,1.00
2015.11.25 15:56:59.984,8.67185,8.67404,1.00,1.37
2015.11.25 15:57:00.035,8.67185,8.67404,1.75,1.00
2015.11.25 15:57:00.492,8.67185,8.67404,1.00,1.00
2015.11.25 15:57:00.594,8.67185,8.67404,1.00,1.12
2015.11.25 15:57:00.901,8.67146,8.67367,1.37,1.00
2015.11.25 15:57:01.610,8.67146,8.67367,1.37,1.00
2015.11.25 15:57:01.802,8.67146,8.6736,1.00,1.00
2015.11.25 15:57:01.970,8.67146,8.67362,1.00,1.00
2015.11.25 15:57:02.274,8.6719,8.67362,1.00,1.00
2015.11.25 15:57:02.925,8.6719,8.67388,1.00,1.07
2015.11.25 15:57:02.979,8.6719,8.67388,1.00,1.00
2015.11.25 15:57:03.030,8.6719,8.6741,1.00,1.37
2015.11.25 15:57:03.956,8.6719,8.67399,1.00,1.00
2015.11.25 15:57:04.007,8.6719,8.67404,1.00,1.00
2015.11.25 15:57:04.119,8.6719,8.67404,1.00,1.07
2015.11.25 15:57:04.559,8.6719,8.67404,1.00,1.07
2015.11.25 15:57:05.116,8.6719,8.6741,1.00,1.00
2015.11.25 15:57:05.301,8.67224,8.67422,1.00,1.07
2015.11.25 15:57:05.520,8.67224,8.67422,1.00,1.00
2015.11.25 15:57:05.770,8.67224,8.67422,1.37,1.00
2015.11.25 15:57:06.611,8.67224,8.67436,1.37,1.00
2015.11.25 15:57:06.681,8.67195,8.67416,1.75,1.00
2015.11.25 15:57:06.732,8.67195,8.67416,1.00,1.07
2015.11.25 15:57:06.921,8.67173,8.67387,1.00,1.00
2015.11.25 15:57:07.130,8.67166,8.67387,1.00,1.00
2015.11.25 15:57:07.534,8.67166,8.67387,1.00,1.37
2015.11.25 15:57:07.711,8.67166,8.67386,1.00,1.00
2015.11.25 15:57:08.577,8.67166,8.67387,1.00,1.00
2015.11.25 15:57:08.730,8.67166,8.67387,1.00,1.37
2015.11.25 15:57:08.992,8.67133,8.67354,1.00,1.00
2015.11.25 15:57:09.828,8.67162,8.67382,1.00,1.37
2015.11.25 15:57:10.198,8.67162,8.67382,1.00,1.00
2015.11.25 15:57:10.725,8.67163,8.67382,1.00,1.00
2015.11.25 15:57:11.247,8.67162,8.67382,1.00,1.00
2015.11.25 15:57:11.298,8.67162,8.67382,1.00,1.75
2015.11.25 15:57:11.752,8.67162,8.67358,1.00,1.00
2015.11.25 15:57:12.021,8.67162,8.67382,1.00,1.37
2015.11.25 15:57:12.447,8.67162,8.67382,1.00,1.75
2015.11.25 15:57:12.975,8.67162,8.67382,1.00,1.75
2015.11.25 15:57:14.174,8.6713,8.67348,1.00,1.07
2015.11.25 15:57:15.231,8.6713,8.67328,1.00,1.00
2015.11.25 15:57:15.759,8.6713,8.67328,1.00,1.07
2015.11.25 15:57:18.177,8.67088,8.67309,1.00,1.00
2015.11.25 15:57:18.517,8.67059,8.67279,1.00,1.00
2015.11.25 15:57:19.352,8.67032,8.67251,1.00,1.00
2015.11.25 15:57:19.454,8.67002,8.67223,1.10,1.00
2015.11.25 15:57:19.960,8.67003,8.67223,1.00,1.00
2015.11.25 15:57:20.494,8.67002,8.67223,1.10,1.00
2015.11.25 15:57:21.490,8.67002,8.67202,1.10,1.00
2015.11.25 15:57:22.214,8.67002,8.67222,1.10,1.00
2015.11.25 15:57:23.480,8.67002,8.67189,1.00,1.00
2015.11.25 15:57:23.964,8.67002,8.67222,1.00,1.00
2015.11.25 15:57:24.404,8.67002,8.67177,1.00,1.00
2015.11.25 15:57:25.643,8.67002,8.67223,1.00,1.00
2015.11.25 15:57:26.501,8.67002,8.67207,1.00,1.00
2015.11.25 15:57:27.350,8.67032,8.67207,1.00,1.00
2015.11.25 15:57:27.690,8.67032,8.67204,1.00,1.00
2015.11.25 15:57:27.970,8.67042,8.67223,1.00,1.00
2015.11.25 15:57:28.122,8.67052,8.67223,1.00,1.00
2015.11.25 15:57:28.561,8.67043,8.67223,1.00,1.00
2015.11.25 15:57:28.662,8.67044,8.67263,1.00,1.00
2015.11.25 15:57:29.897,8.67044,8.67263,1.00,1.75
2015.11.25 15:57:30.071,8.67012,8.6722,1.00,1.75
2015.11.25 15:57:30.172,8.66993,8.672,1.00,1.07
2015.11.25 15:57:30.223,8.66993,8.672,1.00,1.00
2015.11.25 15:57:30.325,8.67012,8.672,1.00,1.00
2015.11.25 15:57:30.426,8.67002,8.672,1.50,1.00
2015.11.25 15:57:30.578,8.66993,8.672,1.00,1.00
2015.11.25 15:57:30.999,8.67022,8.67234,1.00,1.00
2015.11.25 15:57:31.050,8.67032,8.67234,1.00,1.00
2015.11.25 15:57:31.355,8.67032,8.67186,1.00,1.00
2015.11.25 15:57:31.457,8.67033,8.67233,1.00,1.00
2015.11.25 15:57:31.610,8.67033,8.67241,1.00,1.37
2015.11.25 15:57:32.032,8.67064,8.67285,1.00,1.75
2015.11.25 15:57:32.184,8.67064,8.67285,1.00,1.75
2015.11.25 15:57:32.750,8.67111,8.67305,1.00,1.37
2015.11.25 15:57:33.521,8.67111,8.67331,1.00,1.75
2015.11.25 15:57:34.228,8.67139,8.6735,1.00,1.00
2015.11.25 15:57:34.280,8.67139,8.67358,1.00,1.00
2015.11.25 15:57:34.791,8.67139,8.67358,1.00,1.07
2015.11.25 15:57:34.909,8.67105,8.67326,1.37,1.00
2015.11.25 15:57:35.307,8.67105,8.67326,1.00,1.75
2015.11.25 15:57:35.362,8.67052,8.67266,1.00,1.12
2015.11.25 15:57:35.692,8.67052,8.67266,1.00,1.00
2015.11.25 15:57:35.793,8.67052,8.67232,1.00,1.00
2015.11.25 15:57:36.763,8.67052,8.67178,1.00,1.00
2015.11.25 15:57:36.816,8.66982,8.67158,1.00,1.00
2015.11.25 15:57:36.917,8.66982,8.67158,1.00,1.75
2015.11.25 15:57:37.125,8.66982,8.67158,1.00,1.00
2015.11.25 15:57:37.496,8.66992,8.67158,1.00,1.00
2015.11.25 15:57:37.710,8.66983,8.67158,1.00,1.07
2015.11.25 15:57:37.912,8.66982,8.67158,1.00,1.07
2015.11.25 15:57:38.031,8.66982,8.67158,1.00,1.00
2015.11.25 15:57:38.551,8.66999,8.67178,1.00,1.00
2015.11.25 15:57:38.602,8.66999,8.67219,1.00,1.37
2015.11.25 15:57:38.653,8.66999,8.67219,1.07,1.00
2015.11.25 15:57:39.194,8.66999,8.67219,1.00,1.00
2015.11.25 15:57:39.828,8.66999,8.67208,1.00,1.00
2015.11.25 15:57:41.017,8.66999,8.67219,1.00,1.00
2015.11.25 15:57:41.068,8.66982,8.67189,1.12,1.00
2015.11.25 15:57:41.634,8.67002,8.67189,1.00,1.00
2015.11.25 15:57:41.955,8.67052,8.67189,1.00,1.00
2015.11.25 15:57:42.109,8.67042,8.67193,1.00,1.00
2015.11.25 15:57:42.211,8.67032,8.67193,1.00,1.00
2015.11.25 15:57:42.602,8.67052,8.67193,1.00,1.00
2015.11.25 15:57:42.653,8.67052,8.67231,1.00,1.00
2015.11.25 15:57:42.856,8.67042,8.67231,1.00,1.00
2015.11.25 15:57:43.077,8.67022,8.67231,1.00,1.00
2015.11.25 15:57:43.178,8.67032,8.67219,1.00,1.00
2015.11.25 15:57:43.682,8.67066,8.67251,1.00,1.00
2015.11.25 15:57:43.733,8.67066,8.67285,1.00,1.75
2015.11.25 15:57:43.885,8.67045,8.67255,1.07,1.00
2015.11.25 15:57:44.087,8.67036,8.67255,1.00,1.00
2015.11.25 15:57:44.188,8.67036,8.67255,1.00,1.37
2015.11.25 15:57:44.663,8.67043,8.67255,1.00,1.37
2015.11.25 15:57:44.714,8.67036,8.67255,1.00,1.07
2015.11.25 15:57:45.680,8.67016,8.67219,1.00,1.00
2015.11.25 15:57:45.731,8.66998,8.67219,1.00,1.00
2015.11.25 15:57:47.133,8.66998,8.67203,1.00,1.00
2015.11.25 15:57:47.444,8.67012,8.67219,1.00,1.00
2015.11.25 15:57:47.597,8.67022,8.67219,1.37,1.00
2015.11.25 15:57:48.053,8.67022,8.67219,1.37,1.10
2015.11.25 15:57:48.371,8.67035,8.67205,1.00,1.00
2015.11.25 15:57:48.421,8.67035,8.67237,1.00,1.75
2015.11.25 15:57:48.573,8.67052,8.67241,1.00,1.75
2015.11.25 15:57:48.675,8.67052,8.67256,1.00,1.75
2015.11.25 15:57:49.146,8.67052,8.67226,1.00,1.00
2015.11.25 15:57:49.197,8.67013,8.67223,1.10,1.00
2015.11.25 15:57:49.349,8.67032,8.67223,1.00,1.00
2015.11.25 15:57:50.344,8.67002,8.67223,1.07,1.00
2015.11.25 15:57:50.394,8.67014,8.67223,1.00,1.00
2015.11.25 15:57:50.496,8.67036,8.67257,1.10,1.00
2015.11.25 15:57:50.547,8.67036,8.67257,1.37,1.00
2015.11.25 15:57:51.434,8.67036,8.67257,1.00,1.00
2015.11.25 15:57:51.762,8.67036,8.6724,1.00,1.00
2015.11.25 15:57:52.718,8.67057,8.6724,1.00,1.00
2015.11.25 15:57:52.769,8.67057,8.67257,1.00,1.00
2015.11.25 15:57:53.003,8.67045,8.67264,1.00,1.00
2015.11.25 15:57:53.560,8.67062,8.67245,1.00,1.00
2015.11.25 15:57:53.611,8.67077,8.67297,1.00,1.75
2015.11.25 15:57:53.865,8.67077,8.67297,1.00,1.75
2015.11.25 15:57:54.070,8.67082,8.67285,1.00,1.75
2015.11.25 15:57:54.172,8.67072,8.67265,1.00,1.00
2015.11.25 15:57:54.223,8.67072,8.67259,1.00,1.00
2015.11.25 15:57:54.828,8.67063,8.67259,1.00,1.00
2015.11.25 15:57:55.168,8.67082,8.67259,1.00,1.10
2015.11.25 15:57:55.556,8.67052,8.67259,1.37,1.00
2015.11.25 15:57:55.607,8.67083,8.67259,1.00,1.00
2015.11.25 15:57:55.920,8.67092,8.67259,1.00,1.00
2015.11.25 15:57:56.982,8.67112,8.67259,1.00,1.00
2015.11.25 15:57:57.067,8.67102,8.67259,1.00,1.00
2015.11.25 15:57:57.182,8.67082,8.67259,1.00,1.00
2015.11.25 15:57:57.290,8.67093,8.67259,1.00,1.00
2015.11.25 15:57:57.392,8.67082,8.67259,1.00,1.00
2015.11.25 15:57:57.881,8.67102,8.67259,1.00,1.00
2015.11.25 15:57:58.984,8.67092,8.67259,1.00,1.00
2015.11.25 15:57:59.260,8.67102,8.67259,1.00,1.00
2015.11.25 15:57:59.362,8.67092,8.67259,1.00,1.00
2015.11.25 15:57:59.560,8.67103,8.67259,1.00,1.00
2015.11.25 15:58:00.010,8.67092,8.67259,1.00,1.00
2015.11.25 15:58:00.124,8.67102,8.67259,1.00,1.00
2015.11.25 15:58:00.219,8.67082,8.67259,1.00,1.00
2015.11.25 15:58:00.371,8.67077,8.67259,1.00,1.00
2015.11.25 15:58:01.093,8.67077,8.67259,1.37,1.00
2015.11.25 15:58:02.922,8.67082,8.67278,1.07,1.00
2015.11.25 15:58:02.973,8.67082,8.67278,1.07,1.00
2015.11.25 15:58:03.310,8.67077,8.67278,1.75,1.00
2015.11.25 15:58:03.647,8.67077,8.67259,1.00,1.75
2015.11.25 15:58:04.102,8.67022,8.67145,1.00,1.75
2015.11.25 15:58:04.153,8.66962,8.67145,1.00,1.75
2015.11.25 15:58:04.204,8.66962,8.67145,1.00,1.75
2015.11.25 15:58:04.406,8.66962,8.67145,1.00,1.75
2015.11.25 15:58:04.751,8.66972,8.67145,1.00,1.75
2015.11.25 15:58:05.292,8.66962,8.67145,1.00,1.75
2015.11.25 15:58:06.230,8.66925,8.67145,1.00,1.75
2015.11.25 15:58:06.536,8.66896,8.67087,1.00,1.75
2015.11.25 15:58:06.586,8.66863,8.67056,1.00,1.37
2015.11.25 15:58:06.637,8.66872,8.67056,1.00,1.37
2015.11.25 15:58:06.738,8.66862,8.67036,1.00,1.00
2015.11.25 15:58:06.859,8.66872,8.67036,1.00,1.00
2015.11.25 15:58:07.717,8.66872,8.67036,1.00,1.75
2015.11.25 15:58:08.018,8.66872,8.67036,1.00,1.75
2015.11.25 15:58:08.271,8.66872,8.67036,1.00,1.75
2015.11.25 15:58:08.373,8.66832,8.67036,1.00,1.75
2015.11.25 15:58:08.771,8.66832,8.67036,1.00,1.75
2015.11.25 15:58:08.822,8.66822,8.67036,1.00,1.75
2015.11.25 15:58:08.974,8.66822,8.67036,1.00,1.75
2015.11.25 15:58:09.178,8.66823,8.67036,1.00,1.75
2015.11.25 15:58:09.848,8.66802,8.67001,1.00,1.75
2015.11.25 15:58:09.994,8.66802,8.67001,1.00,1.75
2015.11.25 15:58:10.314,8.66802,8.67001,1.00,1.75
2015.11.25 15:58:10.365,8.6678,8.67001,1.00,1.75
2015.11.25 15:58:10.520,8.6678,8.67001,1.00,1.75
2015.11.25 15:58:11.031,8.66712,8.66903,1.00,1.75
2015.11.25 15:58:11.086,8.66742,8.66932,1.00,1.75
2015.11.25 15:58:11.138,8.66732,8.66932,1.00,1.75
2015.11.25 15:58:11.189,8.66732,8.66932,1.00,1.75
2015.11.25 15:58:11.240,8.66752,8.66932,1.00,1.75
2015.11.25 15:58:11.291,8.66752,8.66932,1.00,1.37
2015.11.25 15:58:11.342,8.66762,8.66932,1.00,1.37
2015.11.25 15:58:11.499,8.66762,8.66966,1.00,1.00
2015.11.25 15:58:11.550,8.66763,8.66939,1.00,1.00
2015.11.25 15:58:12.150,8.66826,8.66993,1.00,1.75
2015.11.25 15:58:12.290,8.66826,8.67047,1.00,1.75
2015.11.25 15:58:13.544,8.6687,8.67074,1.00,1.75
2015.11.25 15:58:13.985,8.6687,8.67028,1.00,1.00
2015.11.25 15:58:14.086,8.66842,8.67028,1.00,1.00
2015.11.25 15:58:14.150,8.66842,8.67063,1.00,1.75
2015.11.25 15:58:14.251,8.66842,8.67063,1.00,1.00
2015.11.25 15:58:14.669,8.66851,8.67029,1.37,1.00
2015.11.25 15:58:14.720,8.6687,8.67091,1.00,1.00
2015.11.25 15:58:14.821,8.66882,8.67091,1.00,1.00
2015.11.25 15:58:15.140,8.66932,8.67151,1.00,1.75
2015.11.25 15:58:15.757,8.66911,8.67118,1.00,1.75
2015.11.25 15:58:15.807,8.66897,8.67118,1.00,1.75
2015.11.25 15:58:16.375,8.66897,8.67118,1.00,1.75
2015.11.25 15:58:17.286,8.66864,8.67084,1.75,1.07
2015.11.25 15:58:17.551,8.66864,8.67084,1.75,1.00
2015.11.25 15:58:17.653,8.66872,8.67084,1.75,1.00
2015.11.25 15:58:17.755,8.66872,8.67084,1.75,1.00
2015.11.25 15:58:18.624,8.66864,8.67084,1.75,1.07
2015.11.25 15:58:18.759,8.66864,8.67084,1.75,1.00
2015.11.25 15:58:19.315,8.66862,8.67049,1.75,1.00
2015.11.25 15:58:19.417,8.6687,8.67089,1.75,1.00
2015.11.25 15:58:19.619,8.6687,8.67089,1.75,1.12
2015.11.25 15:58:20.332,8.66883,8.67089,1.75,1.00
2015.11.25 15:58:20.723,8.6687,8.67089,1.75,1.75
2015.11.25 15:58:20.848,8.6687,8.67089,1.75,1.75
2015.11.25 15:58:21.426,8.6684,8.67059,2.25,1.00
2015.11.25 15:58:21.527,8.6684,8.67059,1.00,1.75
2015.11.25 15:58:21.745,8.66813,8.6698,1.00,1.12
2015.11.25 15:58:21.846,8.66739,8.66934,1.00,1.00
2015.11.25 15:58:21.948,8.66702,8.66914,1.75,1.00
2015.11.25 15:58:22.500,8.66761,8.66981,1.75,1.00
2015.11.25 15:58:24.037,8.66761,8.66981,1.75,1.00
2015.11.25 15:58:27.373,8.6679,8.67011,1.75,1.00
2015.11.25 15:58:27.554,8.66823,8.67044,1.07,1.00
2015.11.25 15:58:27.655,8.66823,8.67044,1.75,1.00
2015.11.25 15:58:28.632,8.66862,8.67044,1.00,1.00
2015.11.25 15:58:28.838,8.66852,8.67044,1.00,1.00
2015.11.25 15:58:29.341,8.66854,8.67064,1.37,1.00
2015.11.25 15:58:29.392,8.66854,8.67072,1.37,1.00
2015.11.25 15:58:29.960,8.66854,8.67072,1.00,1.00
2015.11.25 15:58:32.529,8.66857,8.67072,1.00,1.00
2015.11.25 15:58:32.848,8.66881,8.67102,1.00,1.07
2015.11.25 15:58:33.185,8.66881,8.67083,1.00,1.00
2015.11.25 15:58:35.031,8.66892,8.67102,1.00,1.00
2015.11.25 15:58:35.189,8.66881,8.67102,1.00,1.00
2015.11.25 15:58:35.351,8.66883,8.67102,1.00,1.00
2015.11.25 15:58:35.592,8.66881,8.67102,1.00,1.00
2015.11.25 15:58:38.198,8.66881,8.67102,1.00,1.75
2015.11.25 15:58:38.783,8.66816,8.67035,1.00,1.75
2015.11.25 15:58:38.885,8.66816,8.6698,1.00,1.00
2015.11.25 15:58:39.038,8.66709,8.6693,1.00,1.75
2015.11.25 15:58:39.090,8.66709,8.6693,1.00,1.75
2015.11.25 15:58:39.407,8.66702,8.66897,1.69,1.75
2015.11.25 15:58:39.458,8.66676,8.66897,1.00,1.75
2015.11.25 15:58:39.896,8.66676,8.66897,1.00,1.75
2015.11.25 15:58:39.947,8.66676,8.66887,1.00,1.00
2015.11.25 15:58:40.122,8.66709,8.66917,1.00,1.07
2015.11.25 15:58:40.806,8.66709,8.6693,1.00,1.75
2015.11.25 15:58:40.858,8.66709,8.6693,1.00,1.75
2015.11.25 15:58:41.199,8.66709,8.6693,1.00,1.75
2015.11.25 15:58:41.411,8.66709,8.6693,1.00,1.00
2015.11.25 15:58:41.886,8.6674,8.66949,1.00,1.50
2015.11.25 15:58:41.987,8.6674,8.6696,1.00,1.00
2015.11.25 15:58:42.169,8.6674,8.6696,1.75,1.00
2015.11.25 15:58:42.803,8.6674,8.6696,1.75,1.00
2015.11.25 15:58:43.939,8.6677,8.66991,1.75,1.00
2015.11.25 15:58:44.170,8.6677,8.66991,1.07,1.07
2015.11.25 15:58:44.327,8.66804,8.67011,1.00,1.75
2015.11.25 15:58:44.840,8.66804,8.66982,1.00,1.00
2015.11.25 15:58:44.992,8.66783,8.66982,1.00,1.37
2015.11.25 15:58:45.043,8.66783,8.66982,1.00,1.75
2015.11.25 15:58:45.346,8.66782,8.66964,1.37,1.07
2015.11.25 15:58:45.699,8.66767,8.66964,1.75,1.00
2015.11.25 15:58:45.750,8.66767,8.66986,1.75,1.00
2015.11.25 15:58:45.801,8.66837,8.67007,1.00,1.00
2015.11.25 15:58:45.852,8.66837,8.67058,1.00,1.00
2015.11.25 15:58:46.003,8.66875,8.67078,1.00,1.00
2015.11.25 15:58:46.054,8.66875,8.67095,1.00,1.00
2015.11.25 15:58:47.342,8.66882,8.67095,1.00,1.00
2015.11.25 15:58:47.510,8.66903,8.67122,1.00,1.00
2015.11.25 15:58:48.323,8.66903,8.67102,1.00,1.00
2015.11.25 15:58:48.374,8.66871,8.67092,1.00,1.00
2015.11.25 15:58:48.426,8.66851,8.67055,1.12,1.00
2015.11.25 15:58:48.477,8.66835,8.67055,1.00,1.00
2015.11.25 15:58:48.628,8.66815,8.67022,1.07,1.00
2015.11.25 15:58:48.780,8.66803,8.67022,1.37,1.00
2015.11.25 15:58:49.437,8.66803,8.67022,1.75,1.00
2015.11.25 15:58:49.742,8.6682,8.67022,1.75,1.00
2015.11.25 15:58:50.324,8.66803,8.67022,1.75,1.00
2015.11.25 15:58:50.737,8.66803,8.67022,1.75,1.00
2015.11.25 15:58:51.959,8.66803,8.67022,1.75,1.00
2015.11.25 15:58:52.631,8.66803,8.67022,1.37,1.00
2015.11.25 15:58:53.174,8.66803,8.67022,1.75,1.00
2015.11.25 15:58:54.187,8.66803,8.67013,1.37,1.00
2015.11.25 15:58:54.238,8.66773,8.66993,2.25,1.00
2015.11.25 15:58:54.478,8.66773,8.66993,2.25,1.00
2015.11.25 15:58:57.582,8.66773,8.66993,1.37,1.00
2015.11.25 15:58:57.752,8.66773,8.66993,1.00,1.00
2015.11.25 15:58:57.803,8.66773,8.66993,1.00,1.75
2015.11.25 15:58:57.907,8.66773,8.66978,1.00,1.00
2015.11.25 15:58:58.470,8.66773,8.66988,1.00,1.00
2015.11.25 15:58:58.875,8.66773,8.66978,1.00,1.00
2015.11.25 15:58:59.027,8.66737,8.66957,1.37,1.00
2015.11.25 15:58:59.570,8.66737,8.66945,1.37,1.00
2015.11.25 15:58:59.621,8.66707,8.66925,1.12,1.00
2015.11.25 15:58:59.672,8.66707,8.66925,1.00,1.00
2015.11.25 15:59:00.127,8.66734,8.66955,1.00,1.50
2015.11.25 15:59:00.727,8.66699,8.6692,1.87,1.00
2015.11.25 15:59:02.830,8.66724,8.6692,1.00,1.00
2015.11.25 15:59:06.951,8.66722,8.6692,1.00,1.00
2015.11.25 15:59:07.852,8.66729,8.66949,1.00,1.00
2015.11.25 15:59:08.164,8.66657,8.66875,1.75,1.00
2015.11.25 15:59:09.053,8.66632,8.66842,1.75,1.00
2015.11.25 15:59:09.243,8.66621,8.66842,1.75,1.00
2015.11.25 15:59:10.272,8.66621,8.66842,1.75,1.50
2015.11.25 15:59:11.472,8.66621,8.66842,1.75,1.75
2015.11.25 15:59:11.658,8.66614,8.66814,1.00,1.07
2015.11.25 15:59:11.729,8.66593,8.66814,1.07,1.07
2015.11.25 15:59:11.881,8.66593,8.66814,1.07,1.75
2015.11.25 15:59:11.983,8.66554,8.66775,1.00,1.75
2015.11.25 15:59:12.566,8.66554,8.66748,1.00,1.75
2015.11.25 15:59:12.617,8.66484,8.66705,1.00,1.37
2015.11.25 15:59:12.770,8.66484,8.66705,1.07,1.37
2015.11.25 15:59:13.299,8.66484,8.66705,1.00,1.75
2015.11.25 15:59:14.222,8.66457,8.66676,1.75,1.75
2015.11.25 15:59:14.529,8.66457,8.66676,1.75,1.75
2015.11.25 15:59:15.107,8.66427,8.66646,1.75,1.10
2015.11.25 15:59:15.626,8.66427,8.66646,1.75,1.37
2015.11.25 15:59:15.727,8.66427,8.66646,1.75,1.75
2015.11.25 15:59:16.237,8.66427,8.66646,1.75,1.75
2015.11.25 15:59:16.490,8.66427,8.66646,1.75,1.75
2015.11.25 15:59:16.605,8.66427,8.66646,1.75,1.75
2015.11.25 15:59:16.707,8.66427,8.66646,1.75,1.75
2015.11.25 15:59:16.917,8.66427,8.66646,1.75,2.25
2015.11.25 15:59:17.026,8.66427,8.66646,1.75,2.25
2015.11.25 15:59:17.840,8.66432,8.66646,1.75,1.87
2015.11.25 15:59:18.258,8.66458,8.66677,1.75,1.00
2015.11.25 15:59:19.072,8.66492,8.66677,1.75,1.00
2015.11.25 15:59:19.331,8.66458,8.66666,1.75,1.00
2015.11.25 15:59:19.382,8.66458,8.66666,1.75,1.00
2015.11.25 15:59:19.484,8.66458,8.66666,1.75,1.00
2015.11.25 15:59:19.534,8.66458,8.66677,1.75,1.00
2015.11.25 15:59:20.914,8.66469,8.66677,1.75,1.00
2015.11.25 15:59:21.997,8.66492,8.66677,1.75,1.00
2015.11.25 15:59:22.426,8.66492,8.66677,1.75,1.00
2015.11.25 15:59:22.737,8.66495,8.66677,1.75,1.00
2015.11.25 15:59:22.890,8.66502,8.66709,1.75,1.00
2015.11.25 15:59:22.992,8.66502,8.66709,1.75,1.00
2015.11.25 15:59:23.328,8.66517,8.66709,1.75,1.00
2015.11.25 15:59:23.888,8.66516,8.66709,1.75,1.00
2015.11.25 15:59:23.996,8.66527,8.66736,1.75,1.00
2015.11.25 15:59:24.198,8.66527,8.66736,1.75,1.75
2015.11.25 15:59:24.300,8.66527,8.66736,1.75,1.75
2015.11.25 15:59:25.415,8.66529,8.6675,1.75,1.75
2015.11.25 15:59:25.716,8.66529,8.6675,1.07,1.75
2015.11.25 15:59:25.969,8.66529,8.6675,1.00,1.75
2015.11.25 15:59:26.357,8.66528,8.6672,1.00,1.75
2015.11.25 15:59:26.410,8.66499,8.6672,1.00,1.75
2015.11.25 15:59:26.511,8.66486,8.6667,1.00,1.75
2015.11.25 15:59:26.562,8.66468,8.6667,1.00,1.75
2015.11.25 15:59:26.613,8.66468,8.6667,1.00,1.75
2015.11.25 15:59:26.928,8.66449,8.6667,1.00,1.75
2015.11.25 15:59:27.914,8.66423,8.66642,1.00,1.07
2015.11.25 15:59:28.093,8.66461,8.66681,1.00,1.75
2015.11.25 15:59:29.241,8.66461,8.66681,1.00,1.75
2015.11.25 15:59:29.388,8.66461,8.66681,1.00,1.75
2015.11.25 15:59:29.607,8.66461,8.66681,1.00,1.07
2015.11.25 15:59:30.537,8.6648,8.66681,1.37,1.00
2015.11.25 15:59:30.887,8.66482,8.66681,1.75,1.00
2015.11.25 15:59:30.938,8.66492,8.66701,1.50,1.00
2015.11.25 15:59:31.305,8.66492,8.66701,1.75,1.00
2015.11.25 15:59:31.356,8.66497,8.66713,1.75,1.00
2015.11.25 15:59:31.508,8.66523,8.66733,1.37,1.00
2015.11.25 15:59:31.609,8.66523,8.66731,1.37,1.00
2015.11.25 15:59:31.914,8.6648,8.66688,1.75,1.00
2015.11.25 15:59:32.015,8.66469,8.66688,1.75,1.00
2015.11.25 15:59:32.494,8.66469,8.66688,1.75,1.00
2015.11.25 15:59:32.670,8.66469,8.66681,1.07,1.00
2015.11.25 15:59:32.976,8.66469,8.66681,1.00,1.75
2015.11.25 15:59:33.027,8.66449,8.66644,1.00,1.00
2015.11.25 15:59:33.788,8.66473,8.66692,1.00,1.75
2015.11.25 15:59:34.108,8.66486,8.66692,1.00,1.75
2015.11.25 15:59:34.414,8.66486,8.66692,1.00,1.75
2015.11.25 15:59:34.841,8.66486,8.66692,1.00,1.00
2015.11.25 15:59:34.979,8.66486,8.66692,1.00,1.50
2015.11.25 15:59:35.306,8.66501,8.66721,1.00,1.75
2015.11.25 15:59:35.993,8.66501,8.66721,1.75,1.00
2015.11.25 15:59:36.386,8.66501,8.66721,1.37,1.00
2015.11.25 15:59:36.931,8.66486,8.6669,1.75,1.00
2015.11.25 15:59:37.768,8.66486,8.6669,1.75,1.00
2015.11.25 15:59:37.941,8.66486,8.6669,1.75,1.00
2015.11.25 15:59:39.229,8.66486,8.66662,1.75,1.00
2015.11.25 15:59:39.280,8.66475,8.66662,1.75,1.00
2015.11.25 15:59:41.172,8.66473,8.66662,1.75,1.00
2015.11.25 15:59:41.477,8.66462,8.66662,1.75,1.00
2015.11.25 15:59:41.679,8.66462,8.66662,1.75,1.00
2015.11.25 15:59:42.557,8.6646,8.66662,1.75,1.00
2015.11.25 15:59:43.261,8.66475,8.6669,1.75,1.00
2015.11.25 15:59:43.312,8.6648,8.66695,1.75,1.00
2015.11.25 15:59:43.675,8.66492,8.66695,1.75,1.00
2015.11.25 15:59:43.979,8.66483,8.66695,1.75,1.00
2015.11.25 15:59:44.855,8.66492,8.66662,1.75,1.00
2015.11.25 15:59:45.014,8.66463,8.66662,1.75,1.00
2015.11.25 15:59:45.116,8.66463,8.66662,1.75,1.00
2015.11.25 15:59:45.789,8.66472,8.66662,1.75,1.00
2015.11.25 15:59:45.890,8.66453,8.66662,1.75,1.00
2015.11.25 15:59:46.226,8.66444,8.66662,1.75,1.00
2015.11.25 15:59:46.395,8.66444,8.66662,1.75,1.00
2015.11.25 15:59:47.385,8.66478,8.66672,1.75,1.75
2015.11.25 15:59:47.704,8.6645,8.6667,1.75,1.75
2015.11.25 15:59:47.755,8.6645,8.6667,1.75,1.75
2015.11.25 15:59:47.856,8.6645,8.6667,1.75,1.75
2015.11.25 15:59:47.959,8.66494,8.66698,1.00,1.75
2015.11.25 15:59:48.438,8.66494,8.66715,1.75,1.75
2015.11.25 15:59:48.489,8.66494,8.66715,1.75,1.75
2015.11.25 15:59:48.823,8.665,8.66708,1.75,1.75
2015.11.25 15:59:49.138,8.66494,8.66698,1.75,1.75
2015.11.25 15:59:49.189,8.66464,8.66685,1.75,1.75
2015.11.25 15:59:49.611,8.66464,8.66677,1.00,2.25
2015.11.25 15:59:49.662,8.66464,8.66677,1.00,2.25
2015.11.25 15:59:49.712,8.66464,8.66677,1.00,1.75
2015.11.25 15:59:49.763,8.66453,8.6664,1.00,1.75
2015.11.25 15:59:49.966,8.66434,8.66611,1.00,1.50
2015.11.25 15:59:50.607,8.66429,8.66646,1.00,1.75
2015.11.25 15:59:50.662,8.66441,8.66646,1.75,1.75
2015.11.25 15:59:51.164,8.66425,8.66646,1.37,1.75
2015.11.25 15:59:51.266,8.66416,8.6661,1.00,1.00
2015.11.25 15:59:51.317,8.66409,8.6661,1.07,1.00
2015.11.25 15:59:51.368,8.66409,8.6661,1.37,1.07
2015.11.25 15:59:52.359,8.6639,8.66605,1.75,1.37
2015.11.25 15:59:53.352,8.66371,8.66582,1.75,1.37
2015.11.25 15:59:53.453,8.66367,8.66582,1.00,1.75
2015.11.25 15:59:53.693,8.66364,8.66582,1.00,1.75
2015.11.25 15:59:54.291,8.66361,8.66582,1.00,1.75
2015.11.25 15:59:55.422,8.66361,8.66578,1.00,1.75
2015.11.25 15:59:56.202,8.6633,8.66549,1.00,1.75
2015.11.25 15:59:56.675,8.6633,8.66549,1.00,1.75
2015.11.25 15:59:56.987,8.66361,8.6657,1.00,1.75
2015.11.25 15:59:57.088,8.66361,8.66582,1.00,1.37
2015.11.25 15:59:58.184,8.66378,8.66582,1.00,1.75
2015.11.25 15:59:58.314,8.66379,8.66582,1.07,1.75
2015.11.25 15:59:58.714,8.66378,8.66582,1.37,1.75
2015.11.25 15:59:59.357,8.66375,8.66582,1.37,1.75
