2010.03.16 15:00:01.192,5.824,5.826,1.70,1.00
2010.03.16 15:00:01.551,5.8241,5.8261,1.00,1.70
2010.03.16 15:00:02.176,5.8241,5.82605,1.00,1.60
2010.03.16 15:00:02.592,5.8242,5.826,1.60,1.00
2010.03.16 15:00:02.946,5.8242,5.8257,1.60,1.00
2010.03.16 15:00:03.645,5.8243,5.8261,1.00,1.70
2010.03.16 15:00:03.993,5.8242,5.826,1.60,1.00
2010.03.16 15:00:04.923,5.8243,5.826,1.00,1.00
2010.03.16 15:00:05.274,5.8242,5.8256,1.60,1.00
2010.03.16 15:00:06.326,5.8235,5.8252,1.70,1.00
2010.03.16 15:00:06.954,5.8236,5.8255,1.00,1.70
2010.03.16 15:00:07.658,5.8239,5.8255,1.00,1.60
2010.03.16 15:00:08.690,5.8236,5.8255,1.00,1.70
2010.03.16 15:00:10.097,5.8235,5.8252,1.70,1.00
2010.03.16 15:00:11.991,5.8235,5.82515,1.70,1.60
2010.03.16 15:00:12.325,5.8231,5.8248,1.00,1.70
2010.03.16 15:00:13.628,5.8231,5.8247,1.00,1.00
2010.03.16 15:00:13.900,5.823,5.8246,1.60,1.00
2010.03.16 15:00:14.460,5.823,5.8243,1.60,1.00
2010.03.16 15:00:16.447,5.823,5.8242,1.60,1.00
2010.03.16 15:00:18.319,5.823,5.8246,1.70,1.00
2010.03.16 15:00:19.793,5.8234,5.8248,1.00,1.60
2010.03.16 15:00:20.392,5.8231,5.8248,1.00,1.60
2010.03.16 15:00:21.940,5.823,5.8246,1.70,1.00
2010.03.16 15:00:23.498,5.8231,5.8247,1.00,1.00
2010.03.16 15:00:25.036,5.8235,5.8248,1.00,1.60
2010.03.16 15:00:26.249,5.8236,5.8251,1.60,1.00
2010.03.16 15:00:28.218,5.8236,5.82485,1.60,1.60
2010.03.16 15:00:28.569,5.823,5.8246,1.60,1.00
2010.03.16 15:00:28.922,5.823,5.82485,1.60,1.60
2010.03.16 15:00:29.622,5.823,5.82475,1.60,1.60
2010.03.16 15:00:29.971,5.823,5.8248,1.60,1.00
2010.03.16 15:00:30.929,5.823,5.8248,1.60,1.00
2010.03.16 15:00:31.453,5.823,5.82475,1.60,1.60
2010.03.16 15:00:32.075,5.823,5.82475,1.70,1.60
2010.03.16 15:00:32.421,5.823,5.82475,1.60,1.60
2010.03.16 15:00:32.798,5.823,5.8248,1.60,1.00
2010.03.16 15:00:33.149,5.823,5.8245,1.60,1.00
2010.03.16 15:00:35.790,5.823,5.82465,1.60,1.60
2010.03.16 15:00:36.003,5.823,5.8245,1.60,1.00
2010.03.16 15:00:36.206,5.823,5.8244,1.60,1.00
2010.03.16 15:00:36.816,5.8222,5.824,1.00,1.70
2010.03.16 15:00:37.169,5.8221,5.8239,1.60,1.80
2010.03.16 15:00:37.433,5.8221,5.82385,1.60,1.60
2010.03.16 15:00:38.261,5.8221,5.824,1.60,1.60
2010.03.16 15:00:38.612,5.8221,5.8239,1.60,1.00
2010.03.16 15:00:38.986,5.8221,5.824,1.60,1.60
2010.03.16 15:00:39.337,5.8221,5.8239,1.60,1.00
2010.03.16 15:00:41.306,5.8221,5.8236,1.60,1.00
2010.03.16 15:00:43.389,5.8221,5.8239,1.60,3.20
2010.03.16 15:00:43.941,5.8221,5.82395,1.60,1.60
2010.03.16 15:00:44.647,5.8221,5.82395,1.70,1.60
2010.03.16 15:00:44.871,5.8221,5.8236,1.60,1.00
2010.03.16 15:00:45.391,5.8217,5.8233,1.00,1.60
2010.03.16 15:00:49.001,5.8218,5.8233,1.00,1.60
2010.03.16 15:00:49.318,5.8215,5.8233,1.70,1.60
2010.03.16 15:00:49.625,5.8218,5.8233,1.00,1.60
2010.03.16 15:00:50.207,5.8221,5.8233,1.00,1.60
2010.03.16 15:00:50.545,5.8218,5.8233,1.00,1.60
2010.03.16 15:00:51.460,5.8221,5.8233,1.00,1.60
2010.03.16 15:00:54.650,5.8217,5.8233,1.00,1.60
2010.03.16 15:00:55.697,5.8215,5.8233,1.60,1.70
2010.03.16 15:00:56.046,5.8217,5.82315,1.00,1.60
2010.03.16 15:00:56.541,5.8215,5.82325,1.60,1.60
2010.03.16 15:00:56.893,5.8215,5.8233,1.60,1.70
2010.03.16 15:00:57.245,5.8215,5.8232,1.60,1.00
2010.03.16 15:00:57.848,5.8212,5.8227,1.00,1.60
2010.03.16 15:00:58.538,5.8209,5.8227,1.70,1.60
2010.03.16 15:00:58.897,5.8209,5.8227,1.60,1.70
2010.03.16 15:00:59.254,5.8209,5.8227,1.70,1.60
2010.03.16 15:00:59.608,5.8212,5.8227,1.00,1.60
2010.03.16 15:00:59.961,5.821,5.8227,1.00,1.60
2010.03.16 15:01:00.309,5.8212,5.8227,1.00,1.60
2010.03.16 15:01:00.661,5.8209,5.82265,1.70,1.60
2010.03.16 15:01:01.011,5.8209,5.8225,1.60,1.00
2010.03.16 15:01:01.338,5.8209,5.82255,1.60,1.60
2010.03.16 15:01:02.299,5.8211,5.82255,1.00,1.60
2010.03.16 15:01:02.641,5.8209,5.8221,1.60,1.00
2010.03.16 15:01:03.232,5.8202,5.8218,1.00,1.60
2010.03.16 15:01:03.567,5.8194,5.8212,1.00,1.60
2010.03.16 15:01:04.184,5.8198,5.8212,1.00,1.60
2010.03.16 15:01:04.279,5.8194,5.8212,1.00,1.60
2010.03.16 15:01:04.630,5.8195,5.8212,1.00,1.60
2010.03.16 15:01:05.254,5.8192,5.8205,1.00,1.60
2010.03.16 15:01:05.608,5.8195,5.8212,1.00,1.60
2010.03.16 15:01:06.310,5.8198,5.8212,1.00,1.60
2010.03.16 15:01:07.009,5.8194,5.8212,1.00,1.60
2010.03.16 15:01:07.990,5.819,5.8204,1.00,1.60
2010.03.16 15:01:08.801,5.8191,5.8204,1.00,1.60
2010.03.16 15:01:09.858,5.8194,5.8204,1.00,1.60
2010.03.16 15:01:10.831,5.8198,5.821,1.00,1.60
2010.03.16 15:01:11.186,5.8203,5.8217,1.00,1.60
2010.03.16 15:01:12.576,5.82,5.8217,1.00,1.60
2010.03.16 15:01:12.887,5.8199,5.8217,1.70,1.60
2010.03.16 15:01:14.705,5.8203,5.8217,1.00,1.60
2010.03.16 15:01:16.302,5.8202,5.8217,1.00,1.60
2010.03.16 15:01:16.653,5.8203,5.8217,1.00,1.60
2010.03.16 15:01:18.969,5.8199,5.8217,1.60,1.70
2010.03.16 15:01:19.333,5.8199,5.8216,1.60,1.00
2010.03.16 15:01:19.714,5.8201,5.8217,1.00,1.60
2010.03.16 15:01:20.726,5.8199,5.8217,1.60,1.60
2010.03.16 15:01:21.396,5.8201,5.8217,1.00,1.60
2010.03.16 15:01:21.719,5.8203,5.8217,1.00,1.60
2010.03.16 15:01:24.330,5.8204,5.8217,1.00,1.60
2010.03.16 15:01:24.804,5.8203,5.8217,1.00,1.60
2010.03.16 15:01:28.808,5.8201,5.8217,1.00,1.60
2010.03.16 15:01:29.499,5.8202,5.8217,1.00,1.60
2010.03.16 15:01:30.537,5.8203,5.8217,1.00,1.60
2010.03.16 15:01:30.890,5.8203,5.8217,1.00,1.60
2010.03.16 15:01:32.059,5.8206,5.8217,1.00,1.60
2010.03.16 15:01:32.794,5.8203,5.8217,1.00,1.60
2010.03.16 15:01:33.129,5.8206,5.8217,1.00,1.60
2010.03.16 15:01:36.884,5.8207,5.8217,1.00,1.60
2010.03.16 15:01:37.232,5.8203,5.8217,1.00,1.60
2010.03.16 15:01:37.580,5.8207,5.8217,1.00,1.60
2010.03.16 15:01:44.061,5.8208,5.8217,1.00,1.60
2010.03.16 15:01:44.809,5.8204,5.8217,1.00,1.60
2010.03.16 15:01:45.942,5.8208,5.8217,1.00,1.60
2010.03.16 15:01:47.247,5.8204,5.8217,1.00,1.60
2010.03.16 15:01:47.738,5.8205,5.8217,1.00,1.60
2010.03.16 15:01:47.923,5.8208,5.8217,1.00,1.60
2010.03.16 15:01:49.261,5.8205,5.8217,1.00,1.60
2010.03.16 15:01:49.850,5.8208,5.8217,1.00,1.60
2010.03.16 15:01:56.448,5.821,5.8217,1.00,1.60
2010.03.16 15:01:56.804,5.8208,5.8224,1.00,1.60
2010.03.16 15:01:58.494,5.8209,5.8224,1.00,1.60
2010.03.16 15:01:59.710,5.8208,5.8224,1.00,1.60
2010.03.16 15:02:00.530,5.8209,5.8224,1.00,1.60
2010.03.16 15:02:06.222,5.821,5.8224,1.00,1.60
2010.03.16 15:02:07.921,5.8213,5.8224,1.00,1.60
2010.03.16 15:02:08.465,5.821,5.8224,1.00,1.60
2010.03.16 15:02:08.719,5.821,5.8224,1.00,1.60
2010.03.16 15:02:10.828,5.8213,5.8224,1.00,1.60
2010.03.16 15:02:11.817,5.8209,5.8224,1.00,1.60
2010.03.16 15:02:13.619,5.8213,5.8224,1.00,1.60
2010.03.16 15:02:15.278,5.8215,5.8224,1.00,1.60
2010.03.16 15:02:15.639,5.8217,5.8231,1.00,1.60
2010.03.16 15:02:16.844,5.8218,5.8231,1.00,1.60
2010.03.16 15:02:17.175,5.8217,5.8231,1.00,1.60
2010.03.16 15:02:19.403,5.8221,5.8231,1.00,1.60
2010.03.16 15:02:19.837,5.8222,5.8231,1.00,1.60
2010.03.16 15:02:20.364,5.8223,5.8231,1.00,1.60
2010.03.16 15:02:20.599,5.8227,5.8238,1.00,1.60
2010.03.16 15:02:21.303,5.823,5.8238,1.00,1.60
2010.03.16 15:02:21.654,5.823,5.824,1.00,1.00
2010.03.16 15:02:22.315,5.8235,5.824,1.00,1.00
2010.03.16 15:02:22.679,5.8235,5.8254,1.00,1.60
2010.03.16 15:02:24.632,5.8235,5.8245,1.00,1.60
2010.03.16 15:02:24.934,5.8232,5.8251,1.60,1.00
2010.03.16 15:02:25.221,5.8239,5.8252,1.00,1.60
2010.03.16 15:02:26.160,5.8236,5.8252,1.00,1.60
2010.03.16 15:02:26.505,5.8235,5.8252,1.00,1.60
2010.03.16 15:02:27.206,5.823,5.8246,1.00,1.60
2010.03.16 15:02:28.237,5.8227,5.8244,1.60,1.00
2010.03.16 15:02:29.549,5.8227,5.8243,1.60,1.00
2010.03.16 15:02:29.901,5.8223,5.824,1.00,1.60
2010.03.16 15:02:31.917,5.8227,5.824,1.00,1.60
2010.03.16 15:02:33.208,5.8231,5.8246,1.00,1.60
2010.03.16 15:02:36.480,5.8232,5.8246,1.00,1.60
2010.03.16 15:02:37.784,5.8236,5.8253,1.00,1.60
2010.03.16 15:02:38.144,5.8239,5.8253,1.00,1.60
2010.03.16 15:02:38.499,5.8235,5.8252,1.00,1.00
2010.03.16 15:02:39.140,5.8236,5.8253,1.00,1.60
2010.03.16 15:02:39.489,5.8239,5.8253,1.00,1.60
2010.03.16 15:02:39.849,5.8236,5.8253,1.00,1.60
2010.03.16 15:02:41.032,5.8236,5.8252,1.00,1.00
2010.03.16 15:02:41.668,5.8233,5.8251,1.60,1.00
2010.03.16 15:02:42.363,5.8236,5.8252,1.00,1.00
2010.03.16 15:02:43.229,5.8233,5.825,1.60,1.00
2010.03.16 15:02:43.560,5.8236,5.8252,1.00,1.00
2010.03.16 15:02:43.892,5.8232,5.8245,1.00,1.60
2010.03.16 15:02:44.238,5.8231,5.8245,1.00,1.60
2010.03.16 15:02:47.676,5.8236,5.8245,1.00,1.60
2010.03.16 15:02:48.003,5.8232,5.8245,1.00,1.60
2010.03.16 15:02:48.616,5.8231,5.8245,1.00,1.60
2010.03.16 15:02:48.938,5.8236,5.8245,1.00,1.60
2010.03.16 15:02:50.590,5.8232,5.8245,1.00,1.60
2010.03.16 15:02:51.237,5.8236,5.8245,1.00,1.60
2010.03.16 15:02:52.791,5.8232,5.8245,1.00,1.60
2010.03.16 15:02:53.011,5.8231,5.8245,1.00,1.60
2010.03.16 15:02:55.685,5.8236,5.8245,1.00,1.60
2010.03.16 15:02:56.259,5.8237,5.8253,1.00,1.60
2010.03.16 15:02:57.868,5.8236,5.8252,1.00,1.00
2010.03.16 15:02:58.686,5.8241,5.8253,1.00,1.60
2010.03.16 15:02:59.045,5.8237,5.8253,1.00,1.60
2010.03.16 15:02:59.400,5.824,5.8253,1.00,1.60
2010.03.16 15:03:00.835,5.8236,5.8252,1.00,1.00
2010.03.16 15:03:05.074,5.8237,5.8253,1.00,1.60
2010.03.16 15:03:05.658,5.8233,5.8251,1.70,1.00
2010.03.16 15:03:06.706,5.8232,5.8246,1.00,1.60
2010.03.16 15:03:07.052,5.8233,5.8246,1.00,1.60
2010.03.16 15:03:07.744,5.8232,5.8246,1.00,1.60
2010.03.16 15:03:09.032,5.8228,5.8242,1.60,1.00
2010.03.16 15:03:09.347,5.8224,5.8241,1.00,1.60
2010.03.16 15:03:10.298,5.8224,5.824,1.00,1.00
2010.03.16 15:03:10.593,5.822,5.8234,1.00,1.60
2010.03.16 15:03:11.456,5.8223,5.8234,1.00,1.60
2010.03.16 15:03:11.805,5.8223,5.8234,1.00,1.60
2010.03.16 15:03:12.496,5.822,5.8234,1.00,1.60
2010.03.16 15:03:13.937,5.8219,5.8234,1.00,1.60
2010.03.16 15:03:14.905,5.822,5.8234,1.00,1.60
2010.03.16 15:03:15.242,5.8223,5.8234,1.00,1.60
2010.03.16 15:03:17.920,5.8224,5.8234,1.00,1.60
2010.03.16 15:03:19.441,5.8224,5.824,1.00,1.00
2010.03.16 15:03:20.286,5.8223,5.8239,1.00,1.00
2010.03.16 15:03:21.068,5.8223,5.82385,1.00,1.60
2010.03.16 15:03:21.426,5.8222,5.8237,1.60,1.00
2010.03.16 15:03:21.845,5.8219,5.8233,1.00,1.60
2010.03.16 15:03:22.200,5.8215,5.8233,1.70,1.70
2010.03.16 15:03:23.326,5.8215,5.823,1.60,1.00
2010.03.16 15:03:24.198,5.8215,5.8233,1.70,1.70
2010.03.16 15:03:25.204,5.8219,5.8233,1.00,1.60
2010.03.16 15:03:25.858,5.8223,5.8233,1.00,1.60
2010.03.16 15:03:28.553,5.8224,5.824,1.60,1.00
2010.03.16 15:03:28.907,5.8224,5.824,1.70,1.00
2010.03.16 15:03:29.265,5.8227,5.824,1.00,1.00
2010.03.16 15:03:29.891,5.8228,5.824,1.00,1.00
2010.03.16 15:03:30.231,5.8231,5.824,1.00,1.00
2010.03.16 15:03:30.579,5.8228,5.8242,1.00,1.60
2010.03.16 15:03:36.857,5.8231,5.8242,1.00,1.60
2010.03.16 15:03:37.156,5.8227,5.8242,1.00,1.60
2010.03.16 15:03:37.993,5.8228,5.8242,1.00,1.60
2010.03.16 15:03:40.160,5.8227,5.8242,1.00,1.60
2010.03.16 15:03:40.734,5.8228,5.8242,1.00,1.60
2010.03.16 15:03:41.033,5.8227,5.8242,1.00,1.60
2010.03.16 15:03:41.341,5.8228,5.8242,1.00,1.60
2010.03.16 15:03:42.957,5.8231,5.8242,1.00,1.60
2010.03.16 15:03:44.603,5.8236,5.8249,1.00,1.60
2010.03.16 15:03:45.570,5.8237,5.8249,1.00,1.60
2010.03.16 15:03:46.540,5.824,5.8254,1.00,1.60
2010.03.16 15:03:47.619,5.8237,5.8254,1.00,1.60
2010.03.16 15:03:48.058,5.8236,5.8252,1.70,1.00
2010.03.16 15:03:48.349,5.8237,5.8254,1.00,1.60
2010.03.16 15:03:49.581,5.8236,5.8252,1.70,1.00
2010.03.16 15:03:53.104,5.8232,5.8249,1.00,1.60
2010.03.16 15:03:53.587,5.8231,5.8247,1.00,1.00
2010.03.16 15:03:53.666,5.8236,5.8249,1.00,1.60
2010.03.16 15:03:54.377,5.8232,5.8249,1.00,1.60
2010.03.16 15:03:56.102,5.8233,5.8249,1.00,1.60
2010.03.16 15:03:56.634,5.8236,5.8249,1.00,1.60
2010.03.16 15:03:58.088,5.8233,5.8249,1.00,1.60
2010.03.16 15:03:58.587,5.8236,5.8249,1.00,1.60
2010.03.16 15:03:59.688,5.8233,5.8249,1.00,1.60
2010.03.16 15:04:01.457,5.8236,5.8249,1.00,1.60
2010.03.16 15:04:01.790,5.8233,5.8249,1.00,1.60
2010.03.16 15:04:05.198,5.8232,5.8248,1.00,1.00
2010.03.16 15:04:05.359,5.8233,5.8249,1.00,1.60
2010.03.16 15:04:05.523,5.8232,5.8248,1.00,1.00
2010.03.16 15:04:05.984,5.8233,5.8249,1.00,1.60
2010.03.16 15:04:07.947,5.8232,5.8248,1.00,1.00
2010.03.16 15:04:08.381,5.8229,5.8243,1.00,1.60
2010.03.16 15:04:09.385,5.822,5.8235,1.00,1.60
2010.03.16 15:04:10.558,5.8219,5.8235,1.00,1.60
2010.03.16 15:04:11.241,5.8218,5.8235,1.00,1.60
2010.03.16 15:04:12.315,5.8214,5.8227,1.00,1.60
2010.03.16 15:04:12.661,5.8209,5.8227,1.00,1.60
2010.03.16 15:04:15.636,5.8212,5.8225,1.00,1.60
2010.03.16 15:04:16.456,5.8207,5.8225,1.70,1.60
2010.03.16 15:04:17.686,5.8207,5.8225,1.60,1.60
2010.03.16 15:04:18.095,5.8206,5.8219,1.00,1.60
2010.03.16 15:04:18.901,5.82,5.8219,1.60,1.60
2010.03.16 15:04:19.458,5.8203,5.8213,1.00,1.60
2010.03.16 15:04:19.784,5.82,5.8213,1.00,1.60
2010.03.16 15:04:22.612,5.8203,5.8213,1.00,1.60
2010.03.16 15:04:22.779,5.82,5.8213,1.00,1.60
2010.03.16 15:04:24.017,5.8203,5.8213,1.00,1.60
2010.03.16 15:04:24.374,5.8208,5.8219,1.00,1.60
2010.03.16 15:04:25.598,5.8207,5.8219,1.00,1.60
2010.03.16 15:04:26.202,5.8208,5.8219,1.00,1.60
2010.03.16 15:04:26.572,5.8204,5.8219,1.00,1.60
2010.03.16 15:04:26.923,5.8208,5.8219,1.00,1.60
2010.03.16 15:04:27.303,5.8203,5.8219,1.00,1.60
2010.03.16 15:04:27.655,5.8204,5.8219,1.00,1.60
2010.03.16 15:04:28.966,5.8205,5.8219,1.00,1.60
2010.03.16 15:04:30.899,5.8209,5.8219,1.00,1.60
2010.03.16 15:04:32.354,5.8206,5.8219,1.00,1.60
2010.03.16 15:04:33.854,5.8209,5.8219,1.00,1.60
2010.03.16 15:04:35.095,5.8206,5.8219,1.00,1.60
2010.03.16 15:04:35.810,5.8209,5.8219,1.00,1.60
2010.03.16 15:04:36.547,5.8206,5.8219,1.00,1.60
2010.03.16 15:04:37.970,5.821,5.8219,1.00,1.60
2010.03.16 15:04:38.285,5.8206,5.8219,1.00,1.60
2010.03.16 15:04:38.594,5.821,5.8219,1.00,1.60
2010.03.16 15:04:38.781,5.8206,5.8219,1.00,1.60
2010.03.16 15:04:39.233,5.821,5.8219,1.00,1.60
2010.03.16 15:04:41.936,5.8207,5.8219,1.00,1.60
2010.03.16 15:04:43.372,5.8206,5.8219,1.00,1.60
2010.03.16 15:04:43.610,5.8207,5.8219,1.00,1.60
2010.03.16 15:04:44.642,5.821,5.8219,1.00,1.60
2010.03.16 15:04:51.167,5.8211,5.8227,1.00,1.60
2010.03.16 15:04:52.235,5.821,5.8227,1.00,1.70
2010.03.16 15:04:53.498,5.8214,5.8227,1.00,1.60
2010.03.16 15:04:54.091,5.8215,5.8227,1.00,1.60
2010.03.16 15:04:54.455,5.8214,5.8227,1.00,1.60
2010.03.16 15:04:56.646,5.8215,5.8227,1.00,1.60
2010.03.16 15:04:58.326,5.8219,5.8227,1.00,1.60
2010.03.16 15:04:59.197,5.8216,5.8227,1.00,1.60
2010.03.16 15:04:59.505,5.8219,5.8227,1.00,1.60
2010.03.16 15:05:00.055,5.8216,5.8227,1.00,1.60
2010.03.16 15:05:00.364,5.8219,5.8227,1.00,1.60
2010.03.16 15:05:02.307,5.8215,5.8227,1.00,1.60
2010.03.16 15:05:02.690,5.8212,5.8227,1.00,1.60
2010.03.16 15:05:03.004,5.8215,5.8227,1.00,1.60
2010.03.16 15:05:03.634,5.8219,5.8227,1.00,1.60
2010.03.16 15:05:07.232,5.8216,5.8227,1.00,1.60
2010.03.16 15:05:07.817,5.822,5.8227,1.00,1.60
2010.03.16 15:05:08.074,5.822,5.8234,1.00,1.60
2010.03.16 15:05:09.201,5.8219,5.8235,1.00,1.80
2010.03.16 15:05:12.785,5.8216,5.8234,1.00,1.70
2010.03.16 15:05:13.150,5.8215,5.8227,1.00,1.60
2010.03.16 15:05:13.500,5.8212,5.8227,1.00,1.60
2010.03.16 15:05:14.549,5.8215,5.8227,1.00,1.60
2010.03.16 15:05:14.901,5.8216,5.8227,1.00,1.60
2010.03.16 15:05:16.302,5.8219,5.8227,1.00,1.60
2010.03.16 15:05:16.651,5.8219,5.8234,1.00,1.60
2010.03.16 15:05:17.949,5.822,5.8234,1.00,1.60
2010.03.16 15:05:18.273,5.8223,5.8234,1.00,1.60
2010.03.16 15:05:20.054,5.8224,5.8234,1.00,1.60
2010.03.16 15:05:20.407,5.8227,5.824,1.00,1.60
2010.03.16 15:05:22.008,5.8227,5.824,1.00,1.60
2010.03.16 15:05:22.617,5.8227,5.824,1.00,1.60
2010.03.16 15:05:22.961,5.8229,5.824,1.00,1.60
2010.03.16 15:05:24.106,5.8227,5.824,1.00,1.60
2010.03.16 15:05:24.429,5.8229,5.824,1.00,1.60
2010.03.16 15:05:25.306,5.8227,5.824,1.00,1.60
2010.03.16 15:05:27.752,5.8224,5.824,1.00,1.60
2010.03.16 15:05:28.456,5.8227,5.824,1.00,1.60
2010.03.16 15:05:30.398,5.8224,5.824,1.00,1.60
2010.03.16 15:05:32.074,5.8227,5.824,1.00,1.60
2010.03.16 15:05:34.105,5.8229,5.824,1.00,1.60
2010.03.16 15:05:34.697,5.8227,5.824,1.00,1.60
2010.03.16 15:05:42.011,5.8223,5.8239,1.00,1.00
2010.03.16 15:05:44.821,5.8224,5.824,1.00,1.60
2010.03.16 15:05:47.557,5.8225,5.824,1.00,1.60
2010.03.16 15:05:48.067,5.8224,5.824,1.00,1.60
2010.03.16 15:05:48.801,5.823,5.8248,1.60,1.60
2010.03.16 15:05:50.091,5.823,5.8248,1.70,1.60
2010.03.16 15:05:52.911,5.8231,5.8248,1.00,1.60
2010.03.16 15:05:53.176,5.823,5.8248,1.70,1.60
2010.03.16 15:05:55.724,5.823,5.8248,1.60,1.60
2010.03.16 15:05:56.787,5.823,5.8247,1.60,1.00
2010.03.16 15:05:57.137,5.823,5.8248,1.60,1.60
2010.03.16 15:06:01.416,5.823,5.8247,1.60,1.00
2010.03.16 15:06:02.775,5.8222,5.824,1.70,1.60
2010.03.16 15:06:05.337,5.8222,5.8238,1.60,1.00
2010.03.16 15:06:05.444,5.8218,5.8234,1.00,1.60
2010.03.16 15:06:11.620,5.8219,5.8234,1.00,1.60
2010.03.16 15:06:20.259,5.8218,5.8234,1.00,1.60
2010.03.16 15:06:21.742,5.8219,5.8234,1.00,1.60
2010.03.16 15:06:22.207,5.822,5.8234,1.00,1.60
2010.03.16 15:06:23.032,5.8224,5.8241,1.00,1.60
2010.03.16 15:06:28.051,5.8223,5.8241,1.00,1.60
2010.03.16 15:06:28.329,5.8222,5.8241,1.60,1.70
2010.03.16 15:06:28.983,5.8222,5.8241,1.60,4.90
2010.03.16 15:06:29.901,5.8223,5.8241,1.00,1.60
2010.03.16 15:06:30.860,5.8222,5.82415,1.60,1.90
2010.03.16 15:06:31.176,5.8224,5.8241,1.00,1.60
2010.03.16 15:06:32.167,5.8225,5.8241,1.00,1.60
2010.03.16 15:06:32.522,5.823,5.8248,1.60,1.60
2010.03.16 15:06:35.156,5.823,5.8247,1.60,1.40
2010.03.16 15:06:35.829,5.823,5.8248,1.60,1.60
2010.03.16 15:06:37.980,5.823,5.824,1.60,1.00
2010.03.16 15:06:44.284,5.823,5.8248,1.60,1.60
2010.03.16 15:06:44.639,5.823,5.8247,1.60,1.40
2010.03.16 15:06:45.616,5.823,5.8248,1.60,1.60
2010.03.16 15:06:47.414,5.823,5.8248,1.70,1.60
2010.03.16 15:06:48.676,5.823,5.8248,1.60,1.60
2010.03.16 15:06:50.558,5.823,5.8247,1.60,1.40
2010.03.16 15:06:50.758,5.823,5.8248,1.70,1.60
2010.03.16 15:06:51.318,5.823,5.8248,1.60,1.60
2010.03.16 15:06:52.854,5.823,5.8247,1.60,1.40
2010.03.16 15:06:53.466,5.823,5.8248,1.60,1.60
2010.03.16 15:07:02.351,5.823,5.8248,1.70,1.60
2010.03.16 15:07:02.620,5.823,5.8248,1.60,1.60
2010.03.16 15:07:06.670,5.823,5.8248,1.60,3.00
2010.03.16 15:07:09.822,5.8223,5.8243,1.60,1.60
2010.03.16 15:07:11.736,5.8224,5.8243,1.00,1.60
2010.03.16 15:07:12.725,5.8225,5.8243,1.00,1.60
2010.03.16 15:07:17.652,5.823,5.8248,1.70,1.60
2010.03.16 15:07:23.709,5.823,5.8248,1.60,1.60
2010.03.16 15:07:24.237,5.823,5.8248,1.60,3.00
2010.03.16 15:07:26.249,5.823,5.8248,1.60,1.60
2010.03.16 15:07:28.930,5.823,5.8248,1.60,3.00
2010.03.16 15:07:30.813,5.823,5.8248,1.70,1.60
2010.03.16 15:07:31.155,5.823,5.8248,1.60,1.60
2010.03.16 15:07:32.509,5.823,5.8248,1.70,1.60
2010.03.16 15:07:32.861,5.823,5.8248,1.60,1.60
2010.03.16 15:07:34.885,5.823,5.8248,1.60,3.00
2010.03.16 15:07:37.524,5.823,5.8248,1.60,1.60
2010.03.16 15:07:38.697,5.8231,5.8248,1.00,1.60
2010.03.16 15:07:39.902,5.823,5.8248,1.70,1.60
2010.03.16 15:07:41.685,5.8231,5.8248,1.00,1.60
2010.03.16 15:07:42.587,5.823,5.8248,1.70,1.60
2010.03.16 15:07:50.475,5.8231,5.8248,1.00,1.60
2010.03.16 15:07:54.373,5.823,5.8248,1.70,1.60
2010.03.16 15:07:57.640,5.8231,5.8248,1.00,1.60
2010.03.16 15:07:58.233,5.823,5.8248,1.70,1.60
2010.03.16 15:08:03.015,5.8231,5.8248,1.00,1.60
2010.03.16 15:08:03.633,5.8234,5.8248,1.00,1.60
2010.03.16 15:08:05.336,5.8231,5.8248,1.00,1.60
2010.03.16 15:08:05.653,5.8231,5.8248,1.00,1.60
2010.03.16 15:08:06.952,5.8234,5.8248,1.00,1.60
2010.03.16 15:08:08.409,5.8235,5.8248,1.00,1.60
2010.03.16 15:08:08.682,5.8237,5.8256,1.60,1.40
2010.03.16 15:08:09.261,5.8237,5.82555,1.60,1.40
2010.03.16 15:08:09.621,5.82385,5.8257,1.00,1.60
2010.03.16 15:08:09.975,5.8238,5.8257,1.00,1.60
2010.03.16 15:08:10.328,5.8237,5.8257,1.60,1.60
2010.03.16 15:08:12.305,5.8238,5.8257,1.00,1.60
2010.03.16 15:08:13.424,5.8237,5.8257,1.60,1.60
2010.03.16 15:08:13.723,5.8237,5.82565,1.60,1.40
2010.03.16 15:08:14.423,5.8238,5.8257,1.00,1.60
2010.03.16 15:08:19.360,5.8243,5.8257,1.00,1.60
2010.03.16 15:08:19.477,5.8247,5.8262,1.00,1.60
2010.03.16 15:08:20.785,5.825,5.8269,1.60,1.60
2010.03.16 15:08:21.462,5.8251,5.8269,1.00,1.60
2010.03.16 15:08:21.811,5.825,5.8269,1.60,1.60
2010.03.16 15:08:22.696,5.825,5.8269,1.60,3.00
2010.03.16 15:08:27.167,5.825,5.82705,1.60,3.00
2010.03.16 15:08:28.171,5.8251,5.8269,1.00,1.60
2010.03.16 15:08:29.147,5.825,5.8269,1.60,1.60
2010.03.16 15:08:29.846,5.8251,5.8269,1.00,1.60
2010.03.16 15:08:30.809,5.825,5.8269,1.60,3.00
2010.03.16 15:08:33.667,5.825,5.8269,1.60,1.60
2010.03.16 15:08:33.874,5.8251,5.8269,1.00,1.60
2010.03.16 15:08:39.778,5.8255,5.8269,1.00,1.60
2010.03.16 15:08:42.066,5.8252,5.8269,1.00,1.60
2010.03.16 15:08:42.554,5.8251,5.8269,1.00,1.60
2010.03.16 15:08:44.049,5.8252,5.8269,1.00,1.60
2010.03.16 15:08:44.375,5.8251,5.8269,1.00,1.60
2010.03.16 15:08:48.220,5.825,5.8269,1.60,1.60
2010.03.16 15:08:48.468,5.825,5.8269,1.60,3.00
2010.03.16 15:08:50.878,5.8243,5.8261,1.00,1.60
2010.03.16 15:08:52.597,5.8247,5.8261,1.00,1.60
2010.03.16 15:08:56.157,5.8251,5.8269,1.00,3.00
2010.03.16 15:08:56.375,5.825,5.8269,1.60,3.00
2010.03.16 15:08:58.039,5.825,5.8269,1.60,1.60
2010.03.16 15:08:59.513,5.825,5.8269,1.60,3.00
2010.03.16 15:08:59.769,5.8244,5.8264,1.60,1.60
2010.03.16 15:09:02.448,5.8248,5.8264,1.00,1.60
2010.03.16 15:09:04.676,5.8247,5.8264,1.00,1.60
2010.03.16 15:09:05.918,5.825,5.8269,1.60,1.60
2010.03.16 15:09:06.565,5.8251,5.8269,1.00,1.60
2010.03.16 15:09:07.271,5.8256,5.8275,1.60,1.60
2010.03.16 15:09:08.838,5.8258,5.8275,1.00,1.60
2010.03.16 15:09:11.805,5.8256,5.8275,1.60,1.60
2010.03.16 15:09:13.458,5.8256,5.8275,1.60,1.70
2010.03.16 15:09:16.086,5.8251,5.8269,1.00,1.60
2010.03.16 15:09:16.357,5.825,5.8269,1.00,1.60
2010.03.16 15:09:16.714,5.8251,5.8269,1.00,1.60
2010.03.16 15:09:18.908,5.8254,5.8269,1.00,1.60
2010.03.16 15:09:19.380,5.8251,5.8269,1.00,1.60
2010.03.16 15:09:20.768,5.825,5.8269,1.00,1.60
2010.03.16 15:09:21.116,5.8255,5.8269,1.00,1.60
2010.03.16 15:09:21.467,5.8251,5.8269,1.00,1.60
2010.03.16 15:09:23.755,5.8255,5.8269,1.00,1.60
2010.03.16 15:09:25.552,5.8251,5.8269,1.00,1.60
2010.03.16 15:09:27.778,5.8255,5.8269,1.00,1.60
2010.03.16 15:09:28.722,5.8251,5.8269,1.00,1.60
2010.03.16 15:09:30.487,5.8252,5.8269,1.00,1.60
2010.03.16 15:09:30.838,5.8251,5.8269,1.00,1.60
2010.03.16 15:09:34.874,5.8247,5.8262,1.00,1.60
2010.03.16 15:09:35.215,5.8248,5.8262,1.00,1.60
2010.03.16 15:09:36.755,5.8247,5.8262,1.00,1.60
2010.03.16 15:09:41.667,5.8248,5.8262,1.00,1.60
2010.03.16 15:09:42.122,5.8247,5.8262,1.00,1.60
2010.03.16 15:09:42.314,5.8248,5.8262,1.00,1.60
2010.03.16 15:09:42.994,5.8251,5.8262,1.00,1.60
2010.03.16 15:09:43.882,5.8248,5.8262,1.00,1.60
2010.03.16 15:09:44.230,5.8251,5.8262,1.00,1.60
2010.03.16 15:09:48.766,5.8255,5.8271,1.00,1.60
2010.03.16 15:09:49.785,5.8252,5.8271,1.70,1.60
2010.03.16 15:09:50.492,5.8252,5.8271,1.60,1.60
2010.03.16 15:09:51.854,5.8252,5.8269,1.60,1.00
2010.03.16 15:09:52.161,5.8255,5.8271,1.00,1.60
2010.03.16 15:09:52.749,5.8252,5.8271,1.60,1.60
2010.03.16 15:09:53.572,5.8252,5.8269,1.60,1.00
2010.03.16 15:09:53.925,5.8255,5.8271,1.00,1.60
2010.03.16 15:09:54.693,5.8252,5.8271,1.60,1.60
2010.03.16 15:09:57.744,5.8252,5.8269,1.60,1.00
2010.03.16 15:10:00.010,5.8255,5.8271,1.00,1.60
2010.03.16 15:10:00.485,5.8252,5.8271,1.60,1.60
2010.03.16 15:10:00.837,5.8256,5.8271,1.00,1.60
2010.03.16 15:10:04.729,5.8255,5.8271,1.00,1.60
2010.03.16 15:10:05.199,5.8256,5.8271,1.00,1.60
2010.03.16 15:10:06.578,5.8255,5.8271,1.00,1.60
2010.03.16 15:10:07.961,5.8259,5.8271,1.00,1.60
2010.03.16 15:10:10.374,5.8256,5.8271,1.00,1.60
2010.03.16 15:10:10.725,5.8264,5.8278,1.60,1.00
2010.03.16 15:10:13.413,5.8264,5.8277,1.60,1.00
2010.03.16 15:10:16.621,5.8264,5.8274,1.60,1.00
2010.03.16 15:10:17.504,5.8264,5.8277,1.60,1.00
2010.03.16 15:10:19.035,5.8264,5.8274,1.60,1.00
2010.03.16 15:10:19.167,5.8264,5.8269,1.60,1.00
2010.03.16 15:10:19.304,5.8256,5.8269,1.60,1.00
2010.03.16 15:10:20.427,5.8256,5.827,1.60,1.00
2010.03.16 15:10:21.390,5.8256,5.8269,1.60,3.30
2010.03.16 15:10:21.737,5.8256,5.8269,1.60,1.00
2010.03.16 15:10:22.357,5.8256,5.82695,1.60,3.20
2010.03.16 15:10:22.672,5.8256,5.827,1.60,1.00
2010.03.16 15:10:25.639,5.8256,5.827,1.60,1.00
2010.03.16 15:10:27.711,5.8256,5.8269,1.60,1.00
2010.03.16 15:10:27.978,5.8256,5.8266,1.60,1.00
2010.03.16 15:10:28.250,5.825,5.8266,1.60,1.00
2010.03.16 15:10:31.101,5.825,5.82675,1.60,3.20
2010.03.16 15:10:31.310,5.825,5.8269,1.60,1.00
2010.03.16 15:10:34.417,5.825,5.8269,1.70,1.00
2010.03.16 15:10:38.591,5.8256,5.827,1.60,1.00
2010.03.16 15:10:45.232,5.8256,5.827,1.70,1.00
2010.03.16 15:10:45.990,5.8264,5.8272,1.60,1.20
2010.03.16 15:10:47.167,5.8257,5.8272,1.60,1.30
2010.03.16 15:10:47.439,5.8257,5.827,1.60,1.00
2010.03.16 15:10:48.625,5.8257,5.8268,1.60,1.00
2010.03.16 15:10:49.236,5.8257,5.827,1.60,1.00
2010.03.16 15:10:51.091,5.8257,5.8279,1.60,1.70
2010.03.16 15:10:51.446,5.8264,5.8279,1.60,1.00
2010.03.16 15:10:51.799,5.8264,5.8282,1.60,1.00
2010.03.16 15:10:52.042,5.8264,5.8279,1.60,1.00
2010.03.16 15:10:52.282,5.8264,5.8282,1.60,1.00
2010.03.16 15:10:52.751,5.8264,5.82835,1.60,4.60
2010.03.16 15:10:53.107,5.8264,5.8284,1.60,1.70
2010.03.16 15:10:53.453,5.8264,5.8279,1.60,1.00
2010.03.16 15:10:57.139,5.8264,5.8277,1.60,1.00
2010.03.16 15:10:58.650,5.8264,5.8276,1.60,1.00
2010.03.16 15:11:03.915,5.8264,5.82785,1.60,3.20
2010.03.16 15:11:04.456,5.8264,5.828,1.60,1.00
2010.03.16 15:11:11.942,5.8264,5.8282,1.60,3.20
2010.03.16 15:11:12.338,5.8264,5.8283,1.60,3.20
2010.03.16 15:11:12.593,5.8264,5.8284,1.60,1.00
2010.03.16 15:11:12.847,5.8264,5.8282,1.60,1.00
2010.03.16 15:11:13.101,5.8264,5.8281,1.60,3.20
2010.03.16 15:11:13.603,5.8264,5.8283,1.60,3.30
2010.03.16 15:11:14.122,5.8264,5.82825,1.60,3.20
2010.03.16 15:11:14.417,5.8264,5.8281,1.60,1.00
2010.03.16 15:11:15.343,5.8264,5.8276,1.60,1.00
2010.03.16 15:11:16.380,5.8264,5.828,1.60,1.00
2010.03.16 15:11:17.412,5.8264,5.828,1.60,3.30
2010.03.16 15:11:17.762,5.8264,5.8276,1.60,1.00
2010.03.16 15:11:25.892,5.8264,5.8275,1.60,1.00
2010.03.16 15:11:27.743,5.8264,5.8277,1.60,3.20
2010.03.16 15:11:28.077,5.8264,5.8284,1.60,1.00
2010.03.16 15:11:28.404,5.8264,5.8285,1.60,1.00
2010.03.16 15:11:29.460,5.8264,5.8281,1.60,1.00
2010.03.16 15:11:30.506,5.8264,5.8277,1.60,1.00
2010.03.16 15:11:31.880,5.8264,5.8279,1.60,3.20
2010.03.16 15:11:32.236,5.8264,5.828,1.60,1.00
2010.03.16 15:11:34.661,5.8264,5.8276,1.60,1.00
2010.03.16 15:11:35.570,5.8264,5.8279,1.60,1.00
2010.03.16 15:11:36.217,5.8264,5.8276,1.60,1.00
2010.03.16 15:11:37.423,5.8264,5.8278,1.60,1.00
2010.03.16 15:11:39.641,5.8264,5.8281,1.60,1.00
2010.03.16 15:11:39.989,5.8264,5.8282,1.60,1.00
2010.03.16 15:11:45.628,5.8268,5.8286,1.00,1.00
2010.03.16 15:11:46.390,5.8264,5.8285,1.70,1.00
2010.03.16 15:11:48.767,5.8265,5.8285,1.00,1.00
2010.03.16 15:11:49.290,5.8268,5.8286,1.00,1.00
2010.03.16 15:11:55.326,5.8274,5.829,1.60,1.00
2010.03.16 15:11:56.423,5.8274,5.8293,1.60,3.30
2010.03.16 15:11:56.752,5.8274,5.8293,1.60,1.00
2010.03.16 15:11:57.734,5.8274,5.829,1.60,1.00
2010.03.16 15:11:59.731,5.8274,5.8289,1.60,1.00
2010.03.16 15:12:02.613,5.8274,5.829,1.60,1.00
2010.03.16 15:12:03.836,5.8274,5.82895,1.60,1.00
2010.03.16 15:12:06.564,5.8274,5.8288,1.60,1.00
2010.03.16 15:12:07.629,5.8274,5.829,1.60,1.00
2010.03.16 15:12:10.930,5.8261,5.82825,1.60,3.20
2010.03.16 15:12:11.443,5.8261,5.8283,1.60,3.20
2010.03.16 15:12:11.890,5.8261,5.82835,1.60,3.20
2010.03.16 15:12:11.993,5.8263,5.8284,1.60,3.30
2010.03.16 15:12:12.470,5.8263,5.8283,1.60,1.00
2010.03.16 15:12:12.702,5.8263,5.8284,1.60,3.20
2010.03.16 15:12:13.104,5.8263,5.8284,1.60,3.30
2010.03.16 15:12:13.458,5.8263,5.82855,1.60,3.20
2010.03.16 15:12:13.805,5.8263,5.8286,1.60,4.90
2010.03.16 15:12:15.017,5.8263,5.8286,1.70,1.60
2010.03.16 15:12:15.988,5.8265,5.8286,1.00,1.70
2010.03.16 15:12:16.990,5.8265,5.8286,1.00,1.60
2010.03.16 15:12:18.581,5.8269,5.8286,1.00,1.60
2010.03.16 15:12:18.769,5.8273,5.8291,1.60,1.00
2010.03.16 15:12:19.306,5.8273,5.8287,1.60,1.00
2010.03.16 15:12:19.832,5.8273,5.82895,1.60,3.20
2010.03.16 15:12:20.184,5.8273,5.8287,1.60,1.00
2010.03.16 15:12:20.531,5.8273,5.82875,1.60,3.20
2010.03.16 15:12:20.891,5.8273,5.82895,1.60,3.20
2010.03.16 15:12:22.549,5.8273,5.829,1.60,1.00
2010.03.16 15:12:24.724,5.8273,5.82895,1.60,3.20
2010.03.16 15:12:25.070,5.8273,5.8289,1.60,3.20
2010.03.16 15:12:25.760,5.8273,5.8289,1.60,1.00
2010.03.16 15:12:26.106,5.8273,5.8289,1.60,3.30
2010.03.16 15:12:26.717,5.8273,5.8289,1.60,1.00
2010.03.16 15:12:27.128,5.8273,5.8286,1.60,1.00
2010.03.16 15:12:29.789,5.8273,5.8289,1.60,1.00
2010.03.16 15:12:30.255,5.8273,5.8286,1.60,1.00
2010.03.16 15:12:30.484,5.8273,5.8289,1.60,1.00
2010.03.16 15:12:30.708,5.8273,5.82885,1.60,3.20
2010.03.16 15:12:31.748,5.8273,5.8289,1.60,3.30
2010.03.16 15:12:33.538,5.8273,5.8286,1.60,1.00
2010.03.16 15:12:34.830,5.8266,5.82835,1.00,3.20
2010.03.16 15:12:35.489,5.8267,5.8287,1.00,1.60
2010.03.16 15:12:37.472,5.8273,5.8289,1.60,1.00
2010.03.16 15:12:37.703,5.8273,5.8286,1.60,1.00
2010.03.16 15:12:39.693,5.8273,5.8289,1.60,1.00
2010.03.16 15:12:40.048,5.8273,5.8285,1.60,1.00
2010.03.16 15:12:41.329,5.8273,5.8286,1.60,1.00
2010.03.16 15:12:45.756,5.8273,5.8289,1.60,1.00
2010.03.16 15:12:45.968,5.8273,5.82885,1.60,3.20
2010.03.16 15:12:46.428,5.8273,5.829,1.60,1.00
2010.03.16 15:12:47.514,5.8275,5.8294,1.00,1.00
2010.03.16 15:12:48.273,5.8273,5.829,1.60,1.00
2010.03.16 15:12:51.516,5.8273,5.8293,1.60,1.00
2010.03.16 15:12:51.961,5.8273,5.8293,1.60,3.30
2010.03.16 15:12:53.002,5.8273,5.8293,1.60,1.00
2010.03.16 15:12:54.145,5.8275,5.8294,1.00,1.00
2010.03.16 15:12:54.447,5.8282,5.8297,1.60,1.00
2010.03.16 15:12:56.671,5.8282,5.82965,1.60,3.20
2010.03.16 15:12:57.034,5.8282,5.8298,1.60,1.00
2010.03.16 15:12:57.820,5.8282,5.83,1.60,1.00
2010.03.16 15:12:59.402,5.8282,5.8295,1.60,1.00
2010.03.16 15:12:59.808,5.8282,5.8298,1.60,1.00
2010.03.16 15:13:00.526,5.8282,5.83,1.60,1.00
2010.03.16 15:13:01.711,5.8282,5.8298,1.60,1.00
2010.03.16 15:13:05.208,5.8282,5.8295,1.60,1.00
2010.03.16 15:13:05.566,5.8282,5.82915,1.60,3.20
2010.03.16 15:13:06.607,5.8282,5.8292,1.60,3.20
2010.03.16 15:13:06.952,5.8274,5.8291,1.60,1.00
2010.03.16 15:13:07.717,5.8274,5.8295,1.60,1.00
2010.03.16 15:13:08.424,5.8274,5.8294,1.60,1.00
2010.03.16 15:13:08.774,5.8274,5.8291,1.60,1.00
2010.03.16 15:13:09.056,5.8274,5.829,1.60,1.00
2010.03.16 15:13:10.163,5.8274,5.8291,1.60,1.00
2010.03.16 15:13:10.504,5.8274,5.829,1.60,1.00
2010.03.16 15:13:11.815,5.8274,5.82895,1.60,3.20
2010.03.16 15:13:12.906,5.8274,5.829,1.60,3.20
2010.03.16 15:13:13.254,5.8274,5.8294,1.60,1.00
2010.03.16 15:13:15.571,5.8274,5.8291,1.60,1.00
2010.03.16 15:13:15.847,5.8274,5.8289,1.60,1.00
2010.03.16 15:13:16.689,5.8274,5.829,1.60,3.20
2010.03.16 15:13:17.026,5.8274,5.8293,1.60,1.00
2010.03.16 15:13:17.332,5.8274,5.82925,1.60,3.20
2010.03.16 15:13:18.128,5.8274,5.8296,1.60,1.60
2010.03.16 15:13:27.284,5.8274,5.82945,1.60,3.20
2010.03.16 15:13:28.517,5.8274,5.8292,1.60,1.00
2010.03.16 15:13:28.940,5.8274,5.82905,1.60,3.20
2010.03.16 15:13:29.070,5.8274,5.8292,1.60,1.00
2010.03.16 15:13:29.790,5.8274,5.829,1.60,3.20
2010.03.16 15:13:30.917,5.8274,5.8286,1.60,3.20
2010.03.16 15:13:31.924,5.8265,5.8284,1.60,3.20
2010.03.16 15:13:32.485,5.8265,5.8284,1.70,3.20
2010.03.16 15:13:32.943,5.8265,5.8284,1.60,3.20
2010.03.16 15:13:33.202,5.8265,5.8285,1.60,3.20
2010.03.16 15:13:34.060,5.8265,5.82865,1.60,3.20
2010.03.16 15:13:34.420,5.8265,5.8287,1.70,1.60
2010.03.16 15:13:35.789,5.8265,5.8287,1.60,1.70
2010.03.16 15:13:38.219,5.8265,5.8283,1.60,1.00
2010.03.16 15:13:42.587,5.8265,5.8283,1.60,3.30
2010.03.16 15:13:43.111,5.8265,5.8283,1.60,1.00
2010.03.16 15:13:43.628,5.8265,5.8282,1.60,1.00
2010.03.16 15:13:52.212,5.8265,5.8277,1.60,1.00
2010.03.16 15:13:53.115,5.8265,5.828,1.60,3.20
2010.03.16 15:13:53.463,5.8265,5.8281,1.60,1.00
2010.03.16 15:13:54.163,5.8265,5.8282,1.60,3.20
2010.03.16 15:13:54.514,5.8265,5.8285,1.60,1.00
2010.03.16 15:13:55.120,5.8265,5.8284,1.60,1.00
2010.03.16 15:13:56.399,5.8265,5.82845,1.60,3.20
2010.03.16 15:13:56.738,5.8265,5.8285,1.60,1.00
2010.03.16 15:13:59.974,5.8265,5.82865,1.60,3.20
2010.03.16 15:14:00.305,5.8265,5.8287,1.60,1.60
2010.03.16 15:14:00.909,5.8273,5.8289,1.60,1.00
2010.03.16 15:14:02.798,5.8273,5.829,1.60,1.00
2010.03.16 15:14:03.602,5.8273,5.8289,1.60,1.00
2010.03.16 15:14:04.076,5.8273,5.8286,1.60,1.00
2010.03.16 15:14:12.905,5.8273,5.8289,1.60,1.00
2010.03.16 15:14:13.685,5.8273,5.8286,1.60,1.00
2010.03.16 15:14:18.989,5.8273,5.8286,1.60,1.00
2010.03.16 15:14:19.143,5.8274,5.82905,1.00,3.20
2010.03.16 15:14:19.561,5.8273,5.829,1.60,1.00
2010.03.16 15:14:20.277,5.8274,5.8291,1.00,1.00
2010.03.16 15:14:20.626,5.8274,5.8294,1.00,1.00
2010.03.16 15:14:21.579,5.8274,5.8293,1.00,1.00
2010.03.16 15:14:22.268,5.8275,5.8294,1.00,1.00
2010.03.16 15:14:25.865,5.8274,5.8291,1.00,1.00
2010.03.16 15:14:25.999,5.8275,5.8294,1.00,1.00
2010.03.16 15:14:28.528,5.8278,5.8294,1.00,1.00
2010.03.16 15:14:29.547,5.8279,5.8296,1.00,1.60
2010.03.16 15:14:29.796,5.8282,5.8298,1.60,1.00
2010.03.16 15:14:31.463,5.8282,5.8294,1.60,1.00
2010.03.16 15:14:31.722,5.8282,5.8297,1.60,1.00
2010.03.16 15:14:31.986,5.8282,5.8297,1.60,1.00
2010.03.16 15:14:33.724,5.8282,5.8294,1.60,1.00
2010.03.16 15:14:33.892,5.8282,5.8294,1.60,1.00
2010.03.16 15:14:35.604,5.8282,5.8298,1.70,1.00
2010.03.16 15:14:41.828,5.8284,5.8302,1.00,1.00
2010.03.16 15:14:43.197,5.8287,5.8303,1.00,1.00
2010.03.16 15:14:46.048,5.8284,5.8302,1.00,1.00
2010.03.16 15:14:46.672,5.8282,5.8298,1.60,1.00
2010.03.16 15:14:46.903,5.8284,5.8302,1.00,1.00
2010.03.16 15:14:49.661,5.8287,5.8303,1.00,1.00
2010.03.16 15:14:51.238,5.8284,5.8302,1.00,1.00
2010.03.16 15:14:51.647,5.8287,5.8303,1.00,1.00
2010.03.16 15:14:52.196,5.8284,5.8302,1.00,1.00
2010.03.16 15:14:52.744,5.8287,5.8303,1.00,1.00
2010.03.16 15:14:54.381,5.8286,5.8302,1.00,1.00
2010.03.16 15:15:00.088,5.8282,5.8302,1.60,1.00
2010.03.16 15:15:01.447,5.8282,5.83,1.60,1.00
2010.03.16 15:15:02.489,5.8282,5.8299,1.60,1.00
2010.03.16 15:15:02.954,5.8282,5.8296,1.60,1.00
2010.03.16 15:15:09.660,5.8282,5.8291,1.60,1.00
2010.03.16 15:15:10.835,5.8273,5.8287,1.60,1.00
2010.03.16 15:15:11.807,5.8273,5.8291,1.70,1.00
2010.03.16 15:15:12.163,5.8273,5.829,1.60,1.00
2010.03.16 15:15:13.217,5.8273,5.8287,1.60,1.00
2010.03.16 15:15:13.575,5.8273,5.829,1.60,1.00
2010.03.16 15:15:13.809,5.8273,5.829,1.60,1.00
2010.03.16 15:15:14.619,5.8273,5.8287,1.60,1.00
2010.03.16 15:15:17.131,5.8273,5.8286,1.60,1.00
2010.03.16 15:15:18.143,5.8273,5.8283,1.60,1.00
2010.03.16 15:15:18.492,5.8273,5.8286,1.60,1.00
2010.03.16 15:15:20.515,5.8273,5.8285,1.60,1.00
2010.03.16 15:15:22.176,5.8273,5.8286,1.60,1.00
2010.03.16 15:15:28.026,5.8273,5.829,1.60,1.00
2010.03.16 15:15:29.546,5.8273,5.8286,1.60,1.00
2010.03.16 15:15:38.039,5.8274,5.829,1.00,1.00
2010.03.16 15:15:42.832,5.8273,5.8286,1.60,1.00
2010.03.16 15:15:44.832,5.8273,5.8289,1.60,1.00
2010.03.16 15:15:45.042,5.8273,5.8286,1.60,1.00
2010.03.16 15:15:45.399,5.8273,5.8286,1.60,1.00
2010.03.16 15:15:46.170,5.8273,5.8284,1.60,1.00
2010.03.16 15:15:46.428,5.8273,5.8286,1.60,1.00
2010.03.16 15:15:46.689,5.8273,5.8289,1.60,1.00
2010.03.16 15:15:47.173,5.8274,5.829,1.00,1.00
2010.03.16 15:15:47.872,5.8273,5.8289,1.60,1.00
2010.03.16 15:15:48.863,5.8273,5.8286,1.60,1.00
2010.03.16 15:15:50.760,5.8273,5.8284,1.60,1.00
2010.03.16 15:15:51.028,5.8273,5.8286,1.60,1.00
2010.03.16 15:15:51.571,5.8273,5.8284,1.60,1.00
2010.03.16 15:15:51.867,5.8273,5.8286,1.60,1.00
2010.03.16 15:15:52.708,5.8273,5.8281,1.60,1.00
2010.03.16 15:15:54.813,5.8273,5.8284,1.60,1.00
2010.03.16 15:15:54.913,5.8273,5.8286,1.60,1.00
2010.03.16 15:15:55.011,5.8273,5.8286,1.60,1.00
2010.03.16 15:15:57.040,5.8273,5.8284,1.60,1.00
2010.03.16 15:15:57.181,5.8265,5.8281,1.80,1.00
2010.03.16 15:15:57.447,5.8273,5.8284,1.60,1.00
2010.03.16 15:15:57.780,5.8273,5.8284,1.60,1.00
2010.03.16 15:15:57.926,5.8273,5.8286,1.60,1.00
2010.03.16 15:15:58.411,5.8273,5.8284,1.60,1.00
2010.03.16 15:15:59.771,5.8273,5.8281,1.60,1.00
2010.03.16 15:16:03.440,5.8273,5.8284,1.60,1.00
2010.03.16 15:16:04.036,5.8273,5.8286,1.60,1.00
2010.03.16 15:16:04.288,5.8273,5.8284,1.60,1.00
2010.03.16 15:16:04.854,5.8273,5.8286,1.60,1.00
2010.03.16 15:16:05.214,5.8273,5.8284,1.60,1.00
2010.03.16 15:16:05.770,5.8273,5.8286,1.60,1.00
2010.03.16 15:16:07.842,5.8273,5.829,1.60,1.00
2010.03.16 15:16:11.395,5.8273,5.8293,1.60,1.00
2010.03.16 15:16:11.756,5.8273,5.8294,1.60,1.00
2010.03.16 15:16:12.429,5.8273,5.8295,1.70,1.00
2010.03.16 15:16:12.778,5.8273,5.8291,1.60,1.00
2010.03.16 15:16:17.791,5.8273,5.829,1.60,1.00
2010.03.16 15:16:18.623,5.8273,5.8291,1.60,1.00
2010.03.16 15:16:18.967,5.8273,5.829,1.60,1.00
2010.03.16 15:16:20.647,5.8273,5.8287,1.60,1.00
2010.03.16 15:16:21.330,5.8273,5.8286,1.60,1.00
2010.03.16 15:16:22.031,5.8273,5.829,1.60,1.00
2010.03.16 15:16:22.385,5.8273,5.8291,1.70,3.30
2010.03.16 15:16:22.736,5.8273,5.829,1.60,1.00
2010.03.16 15:16:23.692,5.8273,5.8293,1.60,1.00
2010.03.16 15:16:24.043,5.8273,5.8291,1.70,1.00
2010.03.16 15:16:24.556,5.8277,5.8295,1.00,1.00
2010.03.16 15:16:26.837,5.8281,5.8295,1.60,1.00
2010.03.16 15:16:30.576,5.8281,5.8294,1.60,1.00
2010.03.16 15:16:36.988,5.8281,5.829,1.60,1.00
2010.03.16 15:16:38.139,5.8281,5.8293,1.60,1.00
2010.03.16 15:16:38.494,5.8281,5.8294,1.60,1.00
2010.03.16 15:16:40.600,5.8281,5.8293,1.60,1.00
2010.03.16 15:16:40.880,5.8281,5.8294,1.60,1.00
2010.03.16 15:16:41.560,5.8281,5.8293,1.60,1.00
2010.03.16 15:16:45.045,5.8281,5.829,1.60,1.00
2010.03.16 15:16:45.825,5.8281,5.8288,1.60,1.00
2010.03.16 15:16:46.311,5.8281,5.8288,1.60,1.00
2010.03.16 15:16:46.571,5.8274,5.8293,1.00,1.00
2010.03.16 15:16:52.172,5.8275,5.8294,1.00,1.60
2010.03.16 15:16:52.328,5.828,5.8296,1.60,3.30
2010.03.16 15:16:52.952,5.828,5.8296,1.60,1.00
2010.03.16 15:16:53.307,5.828,5.8293,1.60,1.00
2010.03.16 15:16:55.836,5.828,5.8292,1.60,1.00
2010.03.16 15:16:59.636,5.828,5.8288,1.60,1.00
2010.03.16 15:17:01.290,5.828,5.8294,1.60,1.60
2010.03.16 15:17:01.645,5.828,5.8296,1.60,1.00
2010.03.16 15:17:03.377,5.828,5.82945,1.60,1.00
2010.03.16 15:17:03.725,5.828,5.8296,1.60,1.00
2010.03.16 15:17:04.411,5.828,5.8295,1.60,1.00
2010.03.16 15:17:04.600,5.828,5.8296,1.60,1.00
2010.03.16 15:17:08.010,5.8281,5.83,1.00,3.30
2010.03.16 15:17:08.271,5.8281,5.83,1.00,1.00
2010.03.16 15:17:10.453,5.8282,5.83,1.00,1.00
2010.03.16 15:17:11.524,5.828,5.8299,1.60,1.00
2010.03.16 15:17:12.429,5.828,5.8298,1.60,1.00
2010.03.16 15:17:13.070,5.828,5.8295,1.60,1.00
2010.03.16 15:17:14.350,5.8281,5.8299,1.00,1.00
2010.03.16 15:17:16.311,5.828,5.8298,1.60,1.00
2010.03.16 15:17:17.552,5.828,5.8295,1.60,1.00
2010.03.16 15:17:18.691,5.8281,5.8299,1.00,1.00
2010.03.16 15:17:19.377,5.828,5.8298,1.60,1.00
2010.03.16 15:17:20.354,5.8271,5.8294,1.60,1.60
2010.03.16 15:17:21.325,5.8271,5.82925,1.60,3.20
2010.03.16 15:17:21.667,5.8271,5.8288,1.60,1.00
2010.03.16 15:17:23.210,5.8274,5.8293,1.00,1.00
2010.03.16 15:17:29.492,5.8274,5.8292,1.00,1.00
2010.03.16 15:17:36.989,5.8275,5.8294,1.00,1.60
2010.03.16 15:17:38.617,5.8279,5.8294,1.00,1.60
2010.03.16 15:17:43.830,5.8278,5.8294,1.00,1.60
2010.03.16 15:17:47.399,5.8275,5.8294,1.00,1.70
2010.03.16 15:17:47.927,5.8279,5.8294,1.00,1.60
2010.03.16 15:17:50.004,5.8275,5.8291,1.00,1.00
2010.03.16 15:17:50.426,5.8276,5.8294,1.00,1.70
2010.03.16 15:17:50.470,5.8275,5.8291,1.00,1.00
2010.03.16 15:17:50.919,5.8276,5.8294,1.00,1.70
2010.03.16 15:17:52.512,5.8275,5.8291,1.00,1.00
2010.03.16 15:17:56.674,5.8276,5.8294,1.00,1.70
2010.03.16 15:17:58.010,5.8275,5.8291,1.00,1.00
2010.03.16 15:17:58.584,5.8271,5.8287,1.60,1.00
2010.03.16 15:17:59.158,5.8271,5.8287,1.70,1.00
2010.03.16 15:18:00.838,5.8272,5.829,1.00,1.00
2010.03.16 15:18:01.478,5.8275,5.8291,1.00,1.00
2010.03.16 15:18:04.190,5.8272,5.829,1.00,1.00
2010.03.16 15:18:05.280,5.8271,5.8287,1.70,1.00
2010.03.16 15:18:08.346,5.8271,5.8285,1.60,1.00
2010.03.16 15:18:08.578,5.8271,5.8287,1.70,1.00
2010.03.16 15:18:08.926,5.8271,5.82865,1.60,1.00
2010.03.16 15:18:09.706,5.8271,5.8287,1.70,1.00
2010.03.16 15:18:15.244,5.8272,5.829,1.00,1.00
2010.03.16 15:18:17.491,5.8271,5.8287,1.70,1.00
2010.03.16 15:18:27.297,5.8271,5.829,1.70,1.00
2010.03.16 15:18:36.644,5.8272,5.829,1.00,1.00
2010.03.16 15:18:39.499,5.8276,5.8294,1.00,1.70
2010.03.16 15:18:40.103,5.8272,5.829,1.00,1.00
2010.03.16 15:18:41.289,5.8276,5.8294,1.00,1.70
2010.03.16 15:18:45.459,5.8277,5.8294,1.00,1.70
2010.03.16 15:18:47.381,5.8276,5.8293,1.00,1.00
2010.03.16 15:18:47.671,5.8276,5.8293,1.00,1.00
2010.03.16 15:18:54.494,5.8277,5.8293,1.00,1.00
2010.03.16 15:18:58.943,5.8281,5.8297,1.00,1.00
2010.03.16 15:18:59.156,5.8279,5.8296,1.60,1.00
2010.03.16 15:18:59.761,5.8279,5.8293,1.60,1.00
2010.03.16 15:19:04.143,5.8279,5.8292,1.60,1.00
2010.03.16 15:19:05.431,5.8279,5.8293,1.60,1.00
2010.03.16 15:19:08.525,5.8279,5.8296,1.60,1.00
2010.03.16 15:19:11.561,5.8279,5.8293,1.60,1.00
2010.03.16 15:19:17.894,5.8279,5.8289,1.60,1.00
2010.03.16 15:19:18.029,5.8279,5.8293,1.60,1.00
2010.03.16 15:19:18.558,5.8279,5.8292,1.60,1.00
2010.03.16 15:19:19.919,5.8279,5.8293,1.60,1.00
2010.03.16 15:19:22.383,5.8279,5.8296,1.60,1.00
2010.03.16 15:19:22.543,5.8281,5.8297,1.00,1.00
2010.03.16 15:19:23.441,5.8279,5.8293,1.60,1.00
2010.03.16 15:19:26.178,5.8279,5.8296,1.60,1.00
2010.03.16 15:19:27.821,5.8279,5.8293,1.60,1.00
2010.03.16 15:19:28.482,5.8279,5.8296,1.60,1.00
2010.03.16 15:19:29.686,5.8279,5.8293,1.60,1.00
2010.03.16 15:19:34.738,5.8279,5.8296,1.60,1.00
2010.03.16 15:19:35.275,5.8279,5.8293,1.60,1.00
2010.03.16 15:19:37.844,5.8279,5.8288,1.60,1.00
2010.03.16 15:19:38.484,5.8279,5.8291,1.60,1.00
2010.03.16 15:19:39.285,5.8279,5.8292,1.60,1.00
2010.03.16 15:19:41.562,5.8279,5.8291,1.60,1.00
2010.03.16 15:19:45.041,5.8271,5.8291,1.60,1.00
2010.03.16 15:19:49.673,5.8271,5.8287,1.60,1.00
2010.03.16 15:19:51.787,5.8274,5.8292,1.00,1.70
2010.03.16 15:19:54.628,5.8275,5.8292,1.00,1.60
2010.03.16 15:20:02.247,5.8271,5.829,1.70,1.00
2010.03.16 15:20:03.977,5.8271,5.8285,1.60,1.00
2010.03.16 15:20:04.258,5.8271,5.8289,1.70,1.00
2010.03.16 15:20:05.052,5.8271,5.8287,1.60,1.00
2010.03.16 15:20:05.736,5.8271,5.8285,1.60,1.00
2010.03.16 15:20:06.092,5.8271,5.8287,1.60,1.00
2010.03.16 15:20:06.720,5.8271,5.8285,1.60,1.00
2010.03.16 15:20:08.875,5.8271,5.8285,1.60,1.00
2010.03.16 15:20:09.108,5.8271,5.8287,1.60,1.00
2010.03.16 15:20:09.796,5.8271,5.8285,1.60,1.00
2010.03.16 15:20:11.157,5.8271,5.8287,1.60,1.00
2010.03.16 15:20:11.875,5.8271,5.8285,1.60,1.00
2010.03.16 15:20:11.963,5.8271,5.8287,1.60,1.00
2010.03.16 15:20:12.347,5.8271,5.8285,1.60,1.00
2010.03.16 15:20:12.659,5.8271,5.8287,1.60,1.00
2010.03.16 15:20:13.247,5.8271,5.828,1.60,1.00
2010.03.16 15:20:17.251,5.8271,5.8283,1.60,1.00
2010.03.16 15:20:17.365,5.8271,5.8284,1.60,1.00
2010.03.16 15:20:21.323,5.8271,5.828,1.60,1.00
2010.03.16 15:20:22.381,5.8271,5.8284,1.60,1.00
2010.03.16 15:20:22.739,5.8271,5.8283,1.60,1.00
2010.03.16 15:20:26.030,5.8271,5.828,1.60,1.00
2010.03.16 15:20:32.839,5.8262,5.8279,1.60,1.00
2010.03.16 15:20:33.972,5.8262,5.8276,1.60,1.00
2010.03.16 15:20:34.327,5.8268,5.8284,1.00,1.00
2010.03.16 15:20:35.817,5.8265,5.8283,1.00,1.00
2010.03.16 15:20:38.053,5.8268,5.8284,1.00,1.00
2010.03.16 15:20:40.878,5.8264,5.828,1.00,1.00
2010.03.16 15:20:40.994,5.8268,5.8284,1.00,1.00
2010.03.16 15:20:41.487,5.8265,5.8283,1.00,1.00
2010.03.16 15:20:42.547,5.8268,5.8284,1.00,1.00
2010.03.16 15:20:42.833,5.8265,5.8283,1.00,1.00
2010.03.16 15:20:43.123,5.8264,5.828,1.00,1.00
2010.03.16 15:20:43.723,5.8265,5.8283,1.00,1.00
2010.03.16 15:20:45.539,5.8264,5.828,1.00,1.00
2010.03.16 15:20:45.801,5.8265,5.8283,1.00,1.00
2010.03.16 15:20:46.034,5.8268,5.8284,1.00,1.00
2010.03.16 15:20:48.847,5.8265,5.8283,1.00,1.00
2010.03.16 15:20:49.125,5.8268,5.8284,1.00,1.00
2010.03.16 15:20:49.347,5.8265,5.8283,1.00,1.00
2010.03.16 15:20:50.851,5.8268,5.8284,1.00,1.00
2010.03.16 15:20:56.661,5.8264,5.828,1.00,1.00
2010.03.16 15:20:57.654,5.8265,5.8283,1.00,1.00
2010.03.16 15:20:58.264,5.8268,5.8284,1.00,1.00
2010.03.16 15:20:58.589,5.8265,5.8283,1.00,1.00
2010.03.16 15:21:01.633,5.8266,5.8285,1.00,1.60
2010.03.16 15:21:01.982,5.8274,5.82925,1.60,1.40
2010.03.16 15:21:02.216,5.8274,5.82945,1.60,1.40
2010.03.16 15:21:02.437,5.8274,5.82925,1.60,1.40
2010.03.16 15:21:05.177,5.8274,5.82945,1.60,1.40
2010.03.16 15:21:07.451,5.8274,5.8297,1.70,1.60
2010.03.16 15:21:07.664,5.8282,5.82985,1.60,1.40
2010.03.16 15:21:08.383,5.8282,5.82975,1.60,1.40
2010.03.16 15:21:10.322,5.8282,5.8298,1.60,1.40
2010.03.16 15:21:12.618,5.8282,5.82965,1.60,1.40
2010.03.16 15:21:14.079,5.8282,5.8299,1.60,3.20
2010.03.16 15:21:14.330,5.8282,5.8303,1.60,1.60
2010.03.16 15:21:16.151,5.8283,5.8303,1.00,1.60
2010.03.16 15:21:16.571,5.8282,5.8303,1.60,1.70
2010.03.16 15:21:16.926,5.8283,5.8303,1.00,1.60
2010.03.16 15:21:18.096,5.8282,5.8303,1.60,1.60
2010.03.16 15:21:20.696,5.8283,5.8303,1.00,1.60
2010.03.16 15:21:21.048,5.8283,5.8303,1.00,1.60
2010.03.16 15:21:22.640,5.8282,5.8303,1.60,1.60
2010.03.16 15:21:22.990,5.8282,5.8303,1.60,1.70
2010.03.16 15:21:23.715,5.8282,5.8303,1.60,1.60
2010.03.16 15:21:24.049,5.8283,5.8303,1.00,1.60
2010.03.16 15:21:25.697,5.8282,5.8303,1.60,1.60
2010.03.16 15:21:28.419,5.8282,5.8303,1.60,1.70
2010.03.16 15:21:30.239,5.8282,5.8302,1.60,3.30
2010.03.16 15:21:30.442,5.8282,5.8302,1.60,3.20
2010.03.16 15:21:30.940,5.8282,5.8303,1.60,1.70
2010.03.16 15:21:31.694,5.8282,5.8302,1.60,1.00
2010.03.16 15:21:32.700,5.8282,5.8298,1.60,1.00
2010.03.16 15:21:32.862,5.8282,5.8302,1.60,1.00
2010.03.16 15:21:33.020,5.8282,5.8303,1.60,1.60
2010.03.16 15:21:33.629,5.8284,5.8303,1.00,1.60
2010.03.16 15:21:34.129,5.8285,5.8303,1.00,1.60
2010.03.16 15:21:34.486,5.8289,5.831,1.60,1.00
2010.03.16 15:21:34.844,5.8289,5.8311,1.60,1.00
2010.03.16 15:21:35.352,5.8289,5.831,1.60,1.00
2010.03.16 15:21:35.613,5.8289,5.831,1.60,1.50
2010.03.16 15:21:35.884,5.8289,5.8307,1.60,1.00
2010.03.16 15:21:40.651,5.8289,5.8306,1.60,1.00
2010.03.16 15:21:42.154,5.8289,5.8306,1.60,1.00
2010.03.16 15:21:42.700,5.8289,5.8306,1.60,1.00
2010.03.16 15:21:42.980,5.8289,5.8309,1.60,1.00
2010.03.16 15:21:43.078,5.8289,5.831,1.60,1.00
2010.03.16 15:21:43.499,5.8289,5.8309,1.60,1.00
2010.03.16 15:21:44.504,5.8289,5.8306,1.60,1.00
2010.03.16 15:21:47.675,5.8289,5.8301,1.60,1.00
2010.03.16 15:21:47.845,5.8276,5.8299,1.60,4.80
2010.03.16 15:21:48.303,5.8276,5.8299,1.60,4.80
2010.03.16 15:21:52.397,5.8278,5.8299,1.60,1.60
2010.03.16 15:21:59.740,5.82785,5.8299,3.20,1.60
2010.03.16 15:22:00.260,5.8278,5.8299,1.60,1.60
2010.03.16 15:22:00.617,5.82785,5.8299,3.20,1.60
2010.03.16 15:22:02.232,5.828,5.8299,3.20,1.60
2010.03.16 15:22:05.582,5.8278,5.8299,1.60,1.60
2010.03.16 15:22:09.487,5.8278,5.8299,1.60,7.20
2010.03.16 15:22:10.696,5.8278,5.8294,1.60,1.00
2010.03.16 15:22:11.325,5.8278,5.8297,1.60,1.00
2010.03.16 15:22:11.528,5.8278,5.8296,1.60,1.00
2010.03.16 15:22:12.477,5.8278,5.8297,1.60,1.00
2010.03.16 15:22:13.128,5.8278,5.8296,1.60,1.00
2010.03.16 15:22:13.453,5.8278,5.8297,1.60,1.00
2010.03.16 15:22:17.726,5.8278,5.8296,1.60,1.00
2010.03.16 15:22:19.471,5.8269,5.8295,1.70,1.00
2010.03.16 15:22:19.816,5.8278,5.8295,1.60,1.00
2010.03.16 15:22:21.486,5.8278,5.8292,1.60,1.00
2010.03.16 15:22:22.965,5.8278,5.8295,1.60,1.00
2010.03.16 15:22:24.428,5.8278,5.8292,1.60,1.00
2010.03.16 15:22:25.695,5.8278,5.82935,1.60,3.20
2010.03.16 15:22:25.940,5.8278,5.8295,1.60,1.00
2010.03.16 15:22:26.796,5.8278,5.82935,1.60,3.20
2010.03.16 15:22:27.156,5.8278,5.8292,1.60,1.00
2010.03.16 15:22:27.583,5.8278,5.82935,1.60,3.20
2010.03.16 15:22:28.153,5.8278,5.8296,1.60,1.00
2010.03.16 15:22:28.776,5.8278,5.8295,1.60,1.00
2010.03.16 15:22:29.475,5.8278,5.8296,1.60,1.00
2010.03.16 15:22:33.246,5.8278,5.8295,1.60,1.00
2010.03.16 15:22:34.700,5.8278,5.8296,1.60,1.00
2010.03.16 15:22:35.062,5.8278,5.82955,1.60,3.20
2010.03.16 15:22:35.523,5.8278,5.8296,1.60,3.30
2010.03.16 15:22:36.779,5.8278,5.8294,1.60,1.00
2010.03.16 15:22:40.627,5.8278,5.8293,1.60,1.00
2010.03.16 15:22:44.732,5.8278,5.8295,1.60,1.00
2010.03.16 15:22:47.648,5.8278,5.8298,1.60,1.00
2010.03.16 15:22:49.778,5.8278,5.8294,1.60,1.00
2010.03.16 15:22:50.371,5.8278,5.8298,1.60,1.00
2010.03.16 15:22:50.932,5.8278,5.8294,1.60,1.00
2010.03.16 15:22:51.284,5.8278,5.8298,1.60,1.00
2010.03.16 15:22:52.537,5.8278,5.8294,1.60,1.00
2010.03.16 15:22:52.827,5.8278,5.8297,1.60,1.00
2010.03.16 15:22:54.917,5.8278,5.8299,1.60,1.60
2010.03.16 15:22:55.388,5.82785,5.8299,1.00,1.60
2010.03.16 15:22:55.454,5.8283,5.8299,1.00,1.60
2010.03.16 15:22:56.541,5.8279,5.8299,1.00,1.60
2010.03.16 15:22:58.132,5.8283,5.8299,1.00,1.60
2010.03.16 15:22:58.363,5.8279,5.8299,3.30,1.60
2010.03.16 15:22:58.870,5.8279,5.8298,1.00,1.00
2010.03.16 15:22:59.100,5.8279,5.8299,1.00,1.60
2010.03.16 15:22:59.452,5.8283,5.8299,1.00,1.60
2010.03.16 15:23:09.820,5.8278,5.8297,1.60,1.00
2010.03.16 15:23:10.158,5.8278,5.82965,1.60,1.60
2010.03.16 15:23:10.745,5.8278,5.8294,1.60,1.00
2010.03.16 15:23:11.701,5.8278,5.8297,1.60,1.00
2010.03.16 15:23:12.639,5.8278,5.8299,1.60,1.60
2010.03.16 15:23:12.894,5.8278,5.8299,1.60,4.80
2010.03.16 15:23:13.154,5.8278,5.8299,1.70,1.60
2010.03.16 15:23:15.702,5.8282,5.8299,1.00,1.60
2010.03.16 15:23:16.508,5.8278,5.8299,1.60,1.70
2010.03.16 15:23:18.789,5.8278,5.8299,1.70,1.70
2010.03.16 15:23:27.642,5.8278,5.8298,1.70,1.00
2010.03.16 15:23:36.496,5.8279,5.8298,1.00,1.00
2010.03.16 15:23:43.232,5.8278,5.8297,1.60,1.00
2010.03.16 15:23:45.826,5.8279,5.8298,1.00,3.30
2010.03.16 15:23:46.158,5.8278,5.8297,1.60,1.00
2010.03.16 15:23:48.266,5.8278,5.8294,1.60,1.00
2010.03.16 15:23:50.852,5.8278,5.82965,1.60,3.20
2010.03.16 15:23:51.116,5.8278,5.8297,1.60,1.00
2010.03.16 15:23:56.008,5.8279,5.8298,1.00,1.00
2010.03.16 15:23:56.557,5.8279,5.8298,1.00,1.00
2010.03.16 15:24:00.238,5.8279,5.8297,1.00,1.60
2010.03.16 15:24:00.332,5.8278,5.8297,1.60,4.90
2010.03.16 15:24:00.419,5.8278,5.8295,1.60,4.80
2010.03.16 15:24:00.770,5.8278,5.8295,1.60,8.00
2010.03.16 15:24:01.119,5.8278,5.8293,1.60,3.20
2010.03.16 15:24:01.813,5.8278,5.8292,1.60,1.00
2010.03.16 15:24:02.768,5.8278,5.8291,1.60,1.00
2010.03.16 15:24:06.860,5.8269,5.829,1.60,1.00
2010.03.16 15:24:07.199,5.827,5.8293,1.00,1.60
2010.03.16 15:24:08.560,5.8271,5.8293,1.00,1.60
2010.03.16 15:24:08.687,5.8271,5.8293,1.00,1.60
2010.03.16 15:24:09.208,5.8277,5.8297,1.60,3.20
2010.03.16 15:24:09.469,5.8277,5.8298,1.60,1.00
2010.03.16 15:24:19.672,5.8277,5.8297,1.60,1.00
2010.03.16 15:24:20.541,5.8277,5.8298,1.70,1.00
2010.03.16 15:24:20.665,5.8277,5.8297,1.60,1.00
2010.03.16 15:24:28.813,5.8278,5.8298,1.00,1.00
2010.03.16 15:24:29.036,5.8277,5.8297,1.60,1.00
2010.03.16 15:24:29.799,5.8277,5.8294,1.60,1.00
2010.03.16 15:24:31.710,5.8277,5.8297,1.60,1.00
2010.03.16 15:24:34.083,5.8277,5.8293,1.60,1.00
2010.03.16 15:24:34.383,5.8277,5.8297,1.60,1.00
2010.03.16 15:24:34.676,5.8277,5.8293,1.60,1.00
2010.03.16 15:24:37.145,5.8277,5.8289,1.60,1.00
2010.03.16 15:24:37.366,5.8277,5.8292,1.60,1.00
2010.03.16 15:24:38.616,5.8277,5.8293,1.60,1.00
2010.03.16 15:24:38.884,5.8277,5.8292,1.60,1.00
2010.03.16 15:24:54.337,5.8277,5.8289,1.60,1.00
2010.03.16 15:24:56.985,5.8277,5.8285,1.60,1.00
2010.03.16 15:24:57.265,5.8265,5.8285,1.60,1.00
2010.03.16 15:25:00.950,5.827,5.8288,1.00,1.60
2010.03.16 15:25:01.338,5.8271,5.8288,1.00,1.60
2010.03.16 15:25:03.498,5.827,5.8288,1.00,1.60
2010.03.16 15:25:03.800,5.827,5.8288,1.00,1.60
2010.03.16 15:25:04.610,5.827,5.8288,1.00,1.60
2010.03.16 15:25:06.516,5.8267,5.8288,4.90,1.70
2010.03.16 15:25:06.807,5.8267,5.8288,1.70,1.70
2010.03.16 15:25:16.258,5.8267,5.8285,1.60,1.00
2010.03.16 15:25:16.871,5.8267,5.828,1.60,1.00
2010.03.16 15:25:17.198,5.8267,5.8284,1.60,1.00
2010.03.16 15:25:22.081,5.8267,5.828,1.60,1.00
2010.03.16 15:25:22.193,5.8267,5.8284,1.60,1.00
2010.03.16 15:25:25.165,5.8267,5.8285,1.60,1.00
2010.03.16 15:25:25.361,5.8267,5.8285,1.60,1.00
2010.03.16 15:25:25.559,5.8267,5.8288,1.70,1.70
2010.03.16 15:25:27.561,5.827,5.8288,1.00,1.60
2010.03.16 15:25:28.268,5.8267,5.8288,4.90,1.70
2010.03.16 15:25:28.667,5.8267,5.8288,1.70,1.70
2010.03.16 15:25:30.146,5.8267,5.8285,1.60,1.00
2010.03.16 15:25:33.251,5.8267,5.8288,1.70,1.70
2010.03.16 15:25:42.957,5.827,5.8288,1.00,1.60
2010.03.16 15:25:44.886,5.8267,5.8288,1.70,1.70
2010.03.16 15:25:45.337,5.827,5.8288,1.00,1.60
2010.03.16 15:25:48.629,5.8267,5.8288,1.70,1.70
2010.03.16 15:25:50.087,5.8267,5.8285,1.60,1.00
2010.03.16 15:25:57.040,5.8267,5.8284,1.60,1.00
2010.03.16 15:26:06.003,5.8267,5.828,1.60,1.00
2010.03.16 15:26:06.223,5.8267,5.828,1.60,1.00
2010.03.16 15:26:06.654,5.8267,5.8284,1.60,1.00
2010.03.16 15:26:09.185,5.8267,5.828,1.60,1.00
2010.03.16 15:26:10.058,5.8267,5.8284,1.60,1.00
2010.03.16 15:26:12.158,5.8267,5.8285,1.60,1.00
2010.03.16 15:26:16.144,5.8267,5.8288,1.70,1.70
2010.03.16 15:26:16.661,5.8274,5.8288,3.20,1.70
2010.03.16 15:26:16.942,5.8275,5.82925,1.60,1.40
2010.03.16 15:26:17.174,5.8275,5.82945,1.60,1.40
2010.03.16 15:26:18.067,5.8276,5.82945,3.20,1.40
2010.03.16 15:26:18.421,5.8275,5.82945,1.60,1.40
2010.03.16 15:26:23.620,5.8275,5.8293,1.60,1.40
2010.03.16 15:26:24.546,5.8275,5.82905,1.60,1.40
2010.03.16 15:26:26.449,5.8275,5.8292,1.60,1.40
2010.03.16 15:26:30.614,5.8275,5.8291,1.60,1.40
2010.03.16 15:26:34.307,5.8275,5.8292,1.60,1.40
2010.03.16 15:26:37.854,5.8275,5.82935,1.60,1.40
2010.03.16 15:26:40.599,5.8275,5.8292,1.60,1.40
2010.03.16 15:26:41.173,5.8275,5.82925,1.60,1.40
2010.03.16 15:26:48.062,5.8275,5.82945,1.60,1.40
2010.03.16 15:26:48.317,5.8275,5.82925,1.60,1.40
2010.03.16 15:26:50.509,5.8275,5.8291,1.60,1.40
2010.03.16 15:26:50.940,5.8275,5.82925,1.60,1.40
2010.03.16 15:26:54.177,5.8275,5.8291,1.60,1.40
2010.03.16 15:26:54.398,5.8275,5.82925,1.60,1.40
2010.03.16 15:26:55.422,5.8275,5.82945,1.60,1.40
2010.03.16 15:26:57.848,5.82785,5.8295,3.20,1.40
2010.03.16 15:26:58.146,5.8277,5.8295,3.20,1.40
2010.03.16 15:27:05.049,5.8275,5.82935,1.60,1.40
2010.03.16 15:27:05.788,5.8275,5.82915,1.60,1.40
2010.03.16 15:27:27.793,5.8275,5.8288,1.60,1.40
2010.03.16 15:27:28.426,5.8266,5.8288,4.80,1.40
2010.03.16 15:27:28.643,5.8266,5.8288,1.60,1.40
2010.03.16 15:27:39.256,5.8266,5.82895,1.60,1.40
2010.03.16 15:27:39.923,5.82685,5.82895,3.20,1.40
2010.03.16 15:27:40.216,5.82695,5.82915,3.20,1.40
2010.03.16 15:27:41.544,5.8275,5.82955,1.60,1.40
2010.03.16 15:27:42.356,5.82755,5.8298,3.20,1.40
2010.03.16 15:27:43.258,5.8275,5.82965,1.60,1.40
2010.03.16 15:27:43.616,5.8275,5.8294,1.60,1.40
2010.03.16 15:27:45.794,5.8275,5.8292,1.60,1.40
2010.03.16 15:27:49.762,5.8275,5.8292,1.60,3.00
2010.03.16 15:27:50.314,5.8275,5.82895,1.60,1.40
2010.03.16 15:27:50.696,5.8275,5.82915,1.60,1.40
2010.03.16 15:27:57.869,5.8275,5.8294,1.60,1.40
2010.03.16 15:28:00.533,5.8275,5.82955,1.60,1.40
2010.03.16 15:28:02.162,5.8275,5.8294,1.60,1.40
2010.03.16 15:28:05.945,5.8272,5.8292,3.20,1.40
2010.03.16 15:28:06.092,5.8271,5.8292,1.60,1.40
2010.03.16 15:28:06.225,5.8271,5.8293,1.60,1.40
2010.03.16 15:28:07.167,5.8271,5.82945,1.60,1.40
2010.03.16 15:28:07.810,5.8271,5.82945,4.80,1.40
2010.03.16 15:28:08.420,5.8271,5.82945,1.60,1.40
2010.03.16 15:28:10.826,5.8271,5.82945,4.80,1.40
2010.03.16 15:28:11.671,5.8271,5.8296,4.80,3.00
2010.03.16 15:28:12.023,5.82725,5.8296,3.20,3.00
2010.03.16 15:28:15.594,5.82745,5.8296,3.20,1.60
2010.03.16 15:28:15.692,5.82735,5.8296,3.20,1.60
2010.03.16 15:28:17.368,5.82745,5.8296,3.20,1.60
2010.03.16 15:28:18.778,5.8273,5.8296,3.20,1.60
2010.03.16 15:28:19.447,5.82725,5.8296,3.20,1.60
2010.03.16 15:28:19.586,5.82745,5.8296,3.20,1.60
2010.03.16 15:28:19.943,5.8275,5.8296,3.20,1.60
2010.03.16 15:28:20.289,5.82745,5.8296,3.20,1.60
2010.03.16 15:28:20.906,5.82765,5.8296,3.20,1.60
2010.03.16 15:28:21.407,5.828,5.8303,1.60,1.40
2010.03.16 15:28:27.999,5.828,5.83015,1.60,1.40
2010.03.16 15:28:28.691,5.828,5.82975,1.60,1.40
2010.03.16 15:28:29.698,5.828,5.82985,1.60,1.40
2010.03.16 15:28:36.383,5.828,5.83005,1.60,1.40
2010.03.16 15:28:37.974,5.828,5.82985,1.60,1.40
2010.03.16 15:28:46.391,5.828,5.83005,1.60,1.40
2010.03.16 15:28:52.526,5.828,5.82985,1.60,1.40
2010.03.16 15:28:57.438,5.828,5.83005,1.60,1.40
2010.03.16 15:29:01.988,5.828,5.8303,1.60,1.40
2010.03.16 15:29:02.339,5.82805,5.83045,3.20,1.40
2010.03.16 15:29:02.687,5.8281,5.83045,3.20,1.40
2010.03.16 15:29:05.447,5.8283,5.8307,3.20,1.40
2010.03.16 15:29:08.421,5.8291,5.8313,1.60,1.40
2010.03.16 15:29:09.206,5.82935,5.8316,3.20,1.60
2010.03.16 15:29:09.897,5.82915,5.8314,3.20,1.40
2010.03.16 15:29:10.253,5.8291,5.8314,1.60,1.40
2010.03.16 15:29:14.341,5.82915,5.83155,3.20,1.40
2010.03.16 15:29:15.205,5.8291,5.83155,4.80,1.40
2010.03.16 15:29:17.014,5.8291,5.8314,1.60,1.40
2010.03.16 15:29:22.112,5.8291,5.83155,1.60,1.40
2010.03.16 15:29:26.484,5.8291,5.8314,1.60,1.40
2010.03.16 15:29:36.398,5.8291,5.83155,1.60,1.40
2010.03.16 15:29:36.667,5.8292,5.83155,3.20,1.40
2010.03.16 15:29:37.222,5.8293,5.8316,3.20,1.60
2010.03.16 15:29:37.919,5.82935,5.8316,3.20,1.60
2010.03.16 15:29:40.429,5.8295,5.8316,1.00,1.60
2010.03.16 15:29:40.781,5.8297,5.8316,3.20,1.60
2010.03.16 15:29:41.362,5.8298,5.8316,3.20,1.60
2010.03.16 15:29:44.621,5.8301,5.8323,1.60,1.40
2010.03.16 15:29:50.931,5.8301,5.8324,1.60,1.40
2010.03.16 15:29:51.301,5.8301,5.8326,1.60,3.00
2010.03.16 15:29:51.491,5.8302,5.8326,3.20,3.00
2010.03.16 15:29:56.110,5.8302,5.8326,3.20,1.60
2010.03.16 15:29:56.557,5.83015,5.8326,3.20,1.60
2010.03.16 15:29:57.753,5.8307,5.8326,1.00,1.60
2010.03.16 15:29:58.107,5.8308,5.8331,1.70,1.00
2010.03.16 15:29:58.771,5.8312,5.8334,1.00,1.60
2010.03.16 15:29:59.082,5.8311,5.8334,1.60,1.70
2010.03.16 15:29:59.621,5.8311,5.8334,1.60,4.90
2010.03.16 15:29:59.962,5.8311,5.8334,1.60,1.70
2010.03.16 15:30:00.661,5.8311,5.8334,1.60,1.60
2010.03.16 15:30:00.981,5.8313,5.8334,1.00,1.60
2010.03.16 15:30:01.299,5.8313,5.8334,1.00,1.60
2010.03.16 15:30:03.136,5.8312,5.8334,1.00,1.60
2010.03.16 15:30:03.337,5.8313,5.8334,1.00,1.60
2010.03.16 15:30:04.745,5.8314,5.8334,1.00,1.60
2010.03.16 15:30:05.853,5.8317,5.8334,1.00,1.60
2010.03.16 15:30:06.068,5.8314,5.8334,1.00,1.60
2010.03.16 15:30:07.337,5.8313,5.8334,1.00,1.60
2010.03.16 15:30:08.296,5.8314,5.8334,1.00,1.60
2010.03.16 15:30:08.642,5.8313,5.8334,1.00,1.60
2010.03.16 15:30:08.992,5.8314,5.8334,1.00,1.60
2010.03.16 15:30:09.706,5.8317,5.8334,1.00,1.60
2010.03.16 15:30:09.987,5.8314,5.8334,1.00,1.60
2010.03.16 15:30:12.254,5.8315,5.8334,1.00,1.60
2010.03.16 15:30:14.578,5.8314,5.8334,1.00,1.60
2010.03.16 15:30:15.490,5.8311,5.833,1.60,1.00
2010.03.16 15:30:15.832,5.8311,5.833,1.60,3.30
2010.03.16 15:30:16.467,5.8311,5.833,1.60,1.00
2010.03.16 15:30:20.661,5.8311,5.8334,1.70,1.70
2010.03.16 15:30:21.218,5.8311,5.833,1.60,1.00
2010.03.16 15:30:21.476,5.8311,5.8334,1.70,1.70
2010.03.16 15:30:21.823,5.8314,5.8334,1.00,4.80
2010.03.16 15:30:22.173,5.8311,5.8334,1.70,4.90
2010.03.16 15:30:23.947,5.8311,5.833,1.60,1.00
2010.03.16 15:30:25.033,5.8311,5.8329,1.60,1.00
2010.03.16 15:30:26.979,5.8311,5.833,1.60,3.30
2010.03.16 15:30:27.205,5.8311,5.833,1.60,1.00
2010.03.16 15:30:34.036,5.8307,5.8329,1.00,1.00
2010.03.16 15:30:40.405,5.831,5.833,1.00,3.30
2010.03.16 15:30:40.971,5.831,5.833,1.00,1.00
2010.03.16 15:30:41.334,5.8311,5.8331,1.00,1.60
2010.03.16 15:30:42.629,5.8314,5.8331,1.00,1.60
2010.03.16 15:30:44.223,5.8311,5.8331,1.00,1.60
2010.03.16 15:30:44.706,5.831,5.833,1.00,1.00
2010.03.16 15:30:45.592,5.8311,5.8331,1.00,1.60
2010.03.16 15:30:45.914,5.8314,5.8331,1.00,1.60
2010.03.16 15:30:46.363,5.8315,5.8331,1.00,1.60
2010.03.16 15:30:46.707,5.8318,5.8338,1.00,1.00
2010.03.16 15:30:48.110,5.8315,5.8337,1.00,1.00
2010.03.16 15:30:48.731,5.8314,5.8334,1.00,1.00
2010.03.16 15:30:49.042,5.8315,5.8337,1.00,1.00
2010.03.16 15:30:49.349,5.8314,5.8334,1.00,1.00
2010.03.16 15:30:54.204,5.831,5.833,1.00,1.00
2010.03.16 15:30:54.389,5.8307,5.8329,1.70,1.00
2010.03.16 15:30:54.786,5.8307,5.8326,1.60,1.00
2010.03.16 15:30:54.969,5.8306,5.8326,1.00,1.00
2010.03.16 15:30:57.172,5.8307,5.8329,1.00,1.70
2010.03.16 15:30:57.293,5.831,5.8329,1.00,1.60
2010.03.16 15:30:57.648,5.8311,5.8329,1.00,1.60
2010.03.16 15:30:59.921,5.831,5.8329,1.00,1.60
2010.03.16 15:31:00.156,5.8311,5.8329,1.00,1.60
2010.03.16 15:31:00.675,5.831,5.8329,1.00,1.60
2010.03.16 15:31:01.660,5.8311,5.8329,1.00,1.60
2010.03.16 15:31:02.263,5.831,5.8329,1.00,1.60
2010.03.16 15:31:03.658,5.8314,5.8329,1.00,1.60
2010.03.16 15:31:05.371,5.8311,5.8329,1.00,1.60
2010.03.16 15:31:06.208,5.8312,5.8329,1.00,1.60
2010.03.16 15:31:06.499,5.8314,5.8329,1.00,1.60
2010.03.16 15:31:06.801,5.8315,5.8337,1.00,1.00
2010.03.16 15:31:09.311,5.8315,5.8336,1.00,3.20
2010.03.16 15:31:09.436,5.8321,5.8336,1.00,3.20
2010.03.16 15:31:09.576,5.8321,5.8341,1.00,1.70
2010.03.16 15:31:09.928,5.832,5.8341,1.00,1.60
2010.03.16 15:31:10.012,5.8318,5.8338,1.00,1.00
2010.03.16 15:31:11.439,5.8323,5.83405,1.00,3.20
2010.03.16 15:31:11.552,5.8323,5.8341,1.00,1.60
2010.03.16 15:31:13.350,5.832,5.8341,1.00,1.60
2010.03.16 15:31:14.376,5.8323,5.8341,1.00,1.60
2010.03.16 15:31:15.764,5.8327,5.8347,1.00,1.00
2010.03.16 15:31:17.226,5.8324,5.8346,1.00,3.30
2010.03.16 15:31:17.867,5.8324,5.8346,1.00,1.00
2010.03.16 15:31:19.561,5.8324,5.83445,1.00,3.20
2010.03.16 15:31:19.829,5.8324,5.8346,1.00,3.20
2010.03.16 15:31:20.097,5.8324,5.8346,1.00,3.30
2010.03.16 15:31:21.006,5.8324,5.8346,1.00,1.00
2010.03.16 15:31:22.174,5.8323,5.8343,1.00,1.00
2010.03.16 15:31:22.943,5.832,5.8342,1.00,1.00
2010.03.16 15:31:25.449,5.8318,5.8338,1.70,1.00
2010.03.16 15:31:25.741,5.832,5.8342,1.00,1.00
2010.03.16 15:31:26.625,5.8323,5.8343,1.00,1.00
2010.03.16 15:31:32.761,5.832,5.83405,1.00,3.20
2010.03.16 15:31:33.166,5.832,5.8342,1.00,1.00
2010.03.16 15:31:33.725,5.8323,5.8343,1.00,3.20
2010.03.16 15:31:34.276,5.832,5.8342,1.00,1.00
2010.03.16 15:31:36.930,5.8323,5.8343,1.00,1.00
2010.03.16 15:31:37.894,5.832,5.8342,1.00,1.00
2010.03.16 15:31:39.146,5.8323,5.8343,1.00,3.30
2010.03.16 15:31:39.380,5.8323,5.8343,1.00,1.00
2010.03.16 15:31:42.607,5.8318,5.8338,1.70,1.00
2010.03.16 15:31:43.753,5.8323,5.8341,1.00,3.20
2010.03.16 15:31:44.079,5.83225,5.8343,1.00,1.00
2010.03.16 15:31:45.107,5.8324,5.8346,1.00,1.00
2010.03.16 15:31:45.463,5.8324,5.83455,1.00,3.20
2010.03.16 15:31:45.808,5.8324,5.8346,1.00,1.00
2010.03.16 15:31:46.855,5.8327,5.8347,1.00,1.00
2010.03.16 15:31:47.208,5.8326,5.83495,1.00,3.20
2010.03.16 15:31:47.576,5.8329,5.835,1.00,1.60
2010.03.16 15:31:47.891,5.8325,5.8347,1.00,1.00
2010.03.16 15:31:48.494,5.8326,5.835,1.00,1.70
2010.03.16 15:31:49.429,5.8329,5.835,1.00,1.60
2010.03.16 15:31:51.798,5.8332,5.835,1.00,1.60
2010.03.16 15:31:52.100,5.8329,5.835,1.00,1.60
2010.03.16 15:31:52.380,5.8332,5.835,1.00,1.60
2010.03.16 15:31:53.049,5.833,5.835,1.00,1.60
2010.03.16 15:31:53.331,5.8334,5.8355,1.00,1.00
2010.03.16 15:31:53.974,5.8338,5.8357,1.00,3.20
2010.03.16 15:31:54.339,5.8339,5.8361,1.00,1.60
2010.03.16 15:31:54.899,5.8343,5.8361,1.00,1.60
2010.03.16 15:31:55.202,5.8348,5.8374,1.00,3.30
2010.03.16 15:31:55.497,5.8348,5.8374,1.00,1.00
2010.03.16 15:31:55.858,5.8348,5.8373,1.00,1.00
2010.03.16 15:31:56.214,5.8347,5.8368,1.00,1.00
2010.03.16 15:31:56.842,5.8344,5.8367,1.00,1.00
2010.03.16 15:31:57.134,5.8343,5.8364,1.70,1.00
2010.03.16 15:31:57.411,5.8343,5.8359,1.60,1.00
2010.03.16 15:31:58.568,5.8343,5.8364,1.70,1.00
2010.03.16 15:31:59.162,5.8343,5.8363,1.60,1.00
2010.03.16 15:31:59.517,5.8343,5.8364,1.70,1.00
2010.03.16 15:32:00.914,5.8343,5.8363,1.60,1.00
2010.03.16 15:32:01.699,5.8343,5.8359,1.60,1.00
2010.03.16 15:32:01.996,5.8343,5.8363,1.60,1.00
2010.03.16 15:32:02.409,5.8343,5.8363,1.70,1.00
2010.03.16 15:32:04.011,5.8343,5.8363,1.60,1.00
2010.03.16 15:32:04.547,5.8343,5.8362,1.60,1.00
2010.03.16 15:32:05.190,5.8343,5.8363,1.70,1.00
2010.03.16 15:32:05.705,5.8343,5.8359,1.60,1.00
2010.03.16 15:32:06.061,5.8343,5.8359,1.60,1.00
2010.03.16 15:32:06.424,5.8343,5.8363,1.70,1.00
2010.03.16 15:32:08.951,5.8344,5.8365,1.00,3.20
2010.03.16 15:32:09.174,5.8347,5.8367,1.00,1.00
2010.03.16 15:32:10.589,5.8344,5.8366,1.00,1.00
2010.03.16 15:32:12.569,5.8344,5.8363,1.00,1.00
2010.03.16 15:32:14.257,5.8343,5.8362,1.60,1.00
2010.03.16 15:32:15.030,5.8344,5.8363,1.00,1.00
2010.03.16 15:32:15.391,5.8343,5.8362,1.60,1.00
2010.03.16 15:32:15.738,5.8343,5.8358,1.60,1.00
2010.03.16 15:32:16.095,5.8343,5.8362,1.60,1.00
2010.03.16 15:32:17.373,5.8343,5.8358,1.60,1.00
2010.03.16 15:32:19.349,5.8344,5.8363,1.00,1.00
2010.03.16 15:32:22.819,5.8345,5.8366,1.00,1.00
2010.03.16 15:32:23.403,5.8344,5.8363,1.00,1.00
2010.03.16 15:32:25.506,5.8348,5.8365,1.00,3.20
2010.03.16 15:32:25.845,5.8352,5.8371,1.00,1.00
2010.03.16 15:32:26.869,5.8356,5.8374,1.00,1.60
2010.03.16 15:32:28.264,5.8352,5.8371,1.00,1.00
2010.03.16 15:32:29.060,5.8349,5.837,1.00,1.00
2010.03.16 15:32:29.421,5.8352,5.8371,1.00,1.00
2010.03.16 15:32:30.980,5.8349,5.837,1.00,1.00
2010.03.16 15:32:31.247,5.8356,5.8373,1.00,3.20
2010.03.16 15:32:31.826,5.8356,5.8374,1.00,1.60
2010.03.16 15:32:33.854,5.8353,5.8374,1.00,1.70
2010.03.16 15:32:34.111,5.8352,5.8371,1.00,1.00
2010.03.16 15:32:34.562,5.8353,5.8374,1.00,1.70
2010.03.16 15:32:34.725,5.8356,5.8374,1.00,1.60
2010.03.16 15:32:35.031,5.8352,5.8371,1.00,1.00
2010.03.16 15:32:35.475,5.8356,5.8374,1.00,1.60
2010.03.16 15:32:36.180,5.8353,5.8374,1.00,1.70
2010.03.16 15:32:36.644,5.8352,5.8371,1.00,1.00
2010.03.16 15:32:36.953,5.8353,5.8374,1.00,1.70
2010.03.16 15:32:39.388,5.8352,5.8371,1.00,1.00
2010.03.16 15:32:40.241,5.8354,5.8373,1.00,1.00
2010.03.16 15:32:40.606,5.8356,5.8374,1.00,1.60
2010.03.16 15:32:41.565,5.8353,5.83735,1.00,3.20
2010.03.16 15:32:41.882,5.8356,5.8374,1.00,1.60
2010.03.16 15:32:54.143,5.8356,5.8374,1.00,1.60
2010.03.16 15:32:54.301,5.8356,5.8374,1.00,1.60
2010.03.16 15:32:55.448,5.8352,5.8371,1.00,1.00
2010.03.16 15:32:57.473,5.8353,5.8374,1.00,1.70
2010.03.16 15:32:58.140,5.8352,5.8371,1.00,1.00
2010.03.16 15:33:06.067,5.8353,5.8374,1.00,1.70
2010.03.16 15:33:07.959,5.8356,5.8374,1.00,1.60
2010.03.16 15:33:09.422,5.8352,5.8371,1.00,1.00
2010.03.16 15:33:09.653,5.8356,5.8374,1.00,1.60
2010.03.16 15:33:10.896,5.8353,5.8374,1.00,1.70
2010.03.16 15:33:15.156,5.8352,5.8371,1.00,1.00
2010.03.16 15:33:16.145,5.8349,5.837,1.00,1.00
2010.03.16 15:33:16.480,5.8352,5.8371,1.00,1.00
2010.03.16 15:33:17.279,5.835,5.8371,1.00,1.00
2010.03.16 15:33:17.789,5.8351,5.8374,1.00,1.60
2010.03.16 15:33:18.339,5.8355,5.8374,1.00,1.60
2010.03.16 15:33:18.693,5.8351,5.8374,1.00,1.60
2010.03.16 15:33:19.568,5.8351,5.8374,1.00,1.70
2010.03.16 15:33:19.820,5.8355,5.8374,1.00,1.60
2010.03.16 15:33:20.756,5.8351,5.8374,1.00,1.60
2010.03.16 15:33:22.064,5.835,5.8372,1.00,1.00
2010.03.16 15:33:24.622,5.8351,5.83735,1.00,3.20
2010.03.16 15:33:24.808,5.8351,5.8374,1.00,1.60
2010.03.16 15:33:27.125,5.835,5.8371,1.00,1.00
2010.03.16 15:33:29.114,5.8347,5.8371,1.00,3.30
2010.03.16 15:33:29.232,5.8347,5.8371,1.00,1.00
2010.03.16 15:33:29.352,5.835,5.8371,1.00,1.00
2010.03.16 15:33:29.943,5.8347,5.837,1.00,1.00
2010.03.16 15:33:30.063,5.835,5.8371,1.00,1.00
2010.03.16 15:33:31.874,5.8355,5.8374,1.00,1.60
2010.03.16 15:33:32.320,5.8355,5.8374,1.00,1.60
2010.03.16 15:33:32.524,5.8352,5.8374,1.00,1.60
2010.03.16 15:33:32.723,5.8355,5.8374,1.00,1.60
2010.03.16 15:33:33.121,5.8355,5.8374,1.00,1.60
2010.03.16 15:33:33.765,5.8352,5.8374,1.00,1.60
2010.03.16 15:33:34.113,5.8355,5.8374,1.00,1.60
2010.03.16 15:33:35.237,5.8356,5.8374,1.00,1.60
2010.03.16 15:33:35.446,5.8355,5.8374,1.00,1.60
2010.03.16 15:33:36.480,5.8352,5.8374,1.00,1.60
2010.03.16 15:33:37.080,5.8355,5.8374,1.00,1.60
2010.03.16 15:33:37.874,5.8356,5.8379,1.00,1.00
2010.03.16 15:33:38.170,5.8356,5.83785,1.00,3.20
2010.03.16 15:33:38.750,5.8356,5.8378,1.00,1.00
2010.03.16 15:33:43.826,5.8359,5.8379,1.00,1.00
2010.03.16 15:33:44.899,5.8363,5.83805,1.00,3.20
2010.03.16 15:33:45.122,5.8363,5.8381,1.00,1.60
2010.03.16 15:33:45.351,5.8364,5.8381,1.00,1.60
2010.03.16 15:33:47.361,5.836,5.8381,1.00,1.60
2010.03.16 15:33:47.639,5.8364,5.8381,1.00,1.60
2010.03.16 15:33:47.908,5.8365,5.8381,1.00,1.60
2010.03.16 15:33:48.485,5.8368,5.8381,1.00,1.60
2010.03.16 15:33:48.830,5.8368,5.8387,1.00,1.00
2010.03.16 15:33:49.185,5.8367,5.8386,1.60,1.00
2010.03.16 15:33:51.709,5.8367,5.8382,1.60,1.00
2010.03.16 15:33:52.183,5.8367,5.8383,1.60,1.00
2010.03.16 15:33:53.347,5.8367,5.8382,1.60,1.00
2010.03.16 15:33:54.171,5.8367,5.8383,1.60,1.00
2010.03.16 15:33:54.650,5.8367,5.83855,1.60,3.20
2010.03.16 15:33:54.969,5.8367,5.8383,1.60,1.00
2010.03.16 15:33:55.245,5.8367,5.8386,1.60,1.00
2010.03.16 15:33:55.510,5.8367,5.8383,1.60,1.00
2010.03.16 15:33:56.431,5.8367,5.8386,1.60,1.00
2010.03.16 15:33:57.025,5.8367,5.8385,1.70,1.00
2010.03.16 15:33:57.351,5.8367,5.8383,1.60,1.00
2010.03.16 15:33:57.696,5.8367,5.8386,1.60,1.00
2010.03.16 15:33:58.045,5.8367,5.8385,1.70,1.00
2010.03.16 15:33:58.397,5.8367,5.8383,1.60,1.00
2010.03.16 15:33:59.929,5.8369,5.8386,1.00,3.20
2010.03.16 15:34:00.131,5.8369,5.8387,1.00,1.00
2010.03.16 15:34:02.635,5.8367,5.8386,1.60,1.00
2010.03.16 15:34:02.900,5.8367,5.8383,1.60,1.00
2010.03.16 15:34:03.156,5.8367,5.8378,1.60,1.00
2010.03.16 15:34:03.510,5.836,5.8378,1.00,1.00
2010.03.16 15:34:06.934,5.8365,5.8382,1.00,1.60
2010.03.16 15:34:07.829,5.836,5.8378,1.00,1.00
2010.03.16 15:34:08.176,5.8365,5.8382,1.00,1.60
2010.03.16 15:34:08.523,5.8362,5.8382,1.00,1.70
2010.03.16 15:34:08.882,5.836,5.8378,1.00,1.00
2010.03.16 15:34:11.253,5.8362,5.8382,1.00,1.70
2010.03.16 15:34:11.612,5.8365,5.8382,1.00,1.60
2010.03.16 15:34:12.904,5.836,5.8378,1.00,1.00
2010.03.16 15:34:14.793,5.8362,5.8382,1.00,1.70
2010.03.16 15:34:17.119,5.836,5.8378,1.00,1.00
2010.03.16 15:34:18.401,5.8358,5.8377,1.60,1.00
2010.03.16 15:34:20.591,5.836,5.8378,1.00,1.00
2010.03.16 15:34:22.013,5.8365,5.8382,1.00,4.80
2010.03.16 15:34:22.731,5.8365,5.8382,1.00,1.60
2010.03.16 15:34:23.091,5.8362,5.8382,1.00,4.90
2010.03.16 15:34:23.692,5.8362,5.8382,1.00,1.70
2010.03.16 15:34:24.387,5.8358,5.8374,1.60,1.00
2010.03.16 15:34:24.749,5.8358,5.8377,1.60,1.00
2010.03.16 15:34:26.419,5.836,5.8378,1.00,1.00
2010.03.16 15:34:28.370,5.8358,5.8377,1.60,1.00
2010.03.16 15:34:29.128,5.8358,5.838,1.60,1.00
2010.03.16 15:34:29.389,5.8358,5.8379,1.60,1.00
2010.03.16 15:34:31.068,5.8359,5.838,1.00,3.30
2010.03.16 15:34:31.289,5.8359,5.838,1.00,1.00
2010.03.16 15:34:36.095,5.836,5.8382,1.00,1.60
2010.03.16 15:34:37.947,5.8359,5.8379,1.00,1.00
2010.03.16 15:34:39.857,5.8364,5.8382,1.00,1.60
2010.03.16 15:34:40.586,5.836,5.8382,1.00,1.70
2010.03.16 15:34:41.201,5.8359,5.8379,1.00,1.00
2010.03.16 15:34:44.362,5.8364,5.8382,1.00,1.60
2010.03.16 15:34:44.631,5.836,5.8382,1.00,1.70
2010.03.16 15:34:45.885,5.8359,5.8379,1.00,1.00
2010.03.16 15:34:46.256,5.836,5.8382,1.00,1.70
2010.03.16 15:34:46.964,5.836,5.8379,1.00,1.00
2010.03.16 15:34:47.322,5.836,5.8382,1.00,4.90
2010.03.16 15:34:47.676,5.836,5.8382,1.00,1.70
2010.03.16 15:34:48.653,5.836,5.8379,1.00,1.00
2010.03.16 15:34:48.966,5.8361,5.8382,1.00,1.70
2010.03.16 15:34:50.341,5.8364,5.8382,1.00,1.60
2010.03.16 15:34:51.544,5.8361,5.8382,1.00,1.70
2010.03.16 15:34:52.709,5.836,5.8379,1.00,1.00
2010.03.16 15:34:53.685,5.8358,5.8375,1.60,1.00
2010.03.16 15:34:55.444,5.8358,5.8374,1.60,1.00
2010.03.16 15:34:57.075,5.8358,5.8377,1.60,1.00
2010.03.16 15:34:58.350,5.8358,5.8374,1.60,1.00
2010.03.16 15:35:00.858,5.8352,5.837,1.00,1.00
2010.03.16 15:35:02.032,5.8349,5.8366,1.60,1.00
2010.03.16 15:35:02.383,5.8349,5.8369,1.70,1.00
2010.03.16 15:35:04.374,5.8349,5.8365,1.60,1.00
2010.03.16 15:35:05.059,5.8349,5.8364,1.60,1.00
2010.03.16 15:35:07.072,5.8343,5.836,1.00,1.00
2010.03.16 15:35:07.312,5.8343,5.8363,1.00,1.00
2010.03.16 15:35:07.561,5.8343,5.836,1.00,1.00
2010.03.16 15:35:08.582,5.8343,5.8363,1.00,1.00
2010.03.16 15:35:08.933,5.8343,5.8363,1.00,1.00
2010.03.16 15:35:12.781,5.8343,5.836,1.00,1.00
2010.03.16 15:35:13.161,5.8343,5.8363,1.00,1.00
2010.03.16 15:35:14.033,5.8343,5.836,1.00,1.00
2010.03.16 15:35:14.637,5.834,5.8361,1.70,1.00
2010.03.16 15:35:16.164,5.834,5.8361,1.60,1.00
2010.03.16 15:35:16.984,5.834,5.836,1.60,1.00
2010.03.16 15:35:17.333,5.834,5.8361,1.70,1.00
2010.03.16 15:35:19.136,5.834,5.836,1.60,1.00
2010.03.16 15:35:20.936,5.834,5.8357,1.60,1.00
2010.03.16 15:35:22.526,5.834,5.8356,1.60,1.00
2010.03.16 15:35:25.130,5.8341,5.8361,1.00,1.00
2010.03.16 15:35:25.454,5.834,5.836,1.60,1.00
2010.03.16 15:35:28.317,5.8341,5.8361,1.00,1.00
2010.03.16 15:35:28.727,5.834,5.836,1.60,1.00
2010.03.16 15:35:29.719,5.8341,5.8361,1.00,1.00
2010.03.16 15:35:30.632,5.834,5.836,1.70,1.00
2010.03.16 15:35:31.661,5.8341,5.836,1.00,1.00
2010.03.16 15:35:33.866,5.834,5.8359,1.60,1.00
2010.03.16 15:35:35.788,5.834,5.8356,1.60,1.00
2010.03.16 15:35:36.134,5.834,5.8359,1.60,1.00
2010.03.16 15:35:36.992,5.8341,5.836,1.00,1.00
2010.03.16 15:35:41.454,5.8341,5.8359,1.00,1.00
2010.03.16 15:35:49.867,5.834,5.8355,1.60,1.00
2010.03.16 15:35:50.044,5.834,5.8358,1.60,1.00
2010.03.16 15:35:51.914,5.8341,5.8359,1.00,1.00
2010.03.16 15:35:54.619,5.834,5.8358,1.60,1.00
2010.03.16 15:35:56.360,5.834,5.8359,1.60,1.00
2010.03.16 15:35:57.807,5.834,5.8358,1.60,1.00
2010.03.16 15:35:58.448,5.834,5.8357,1.60,1.00
2010.03.16 15:36:04.230,5.834,5.8358,1.60,1.00
2010.03.16 15:36:05.577,5.834,5.8358,1.70,1.00
2010.03.16 15:36:06.716,5.834,5.8357,1.60,1.00
2010.03.16 15:36:07.847,5.834,5.8356,1.60,1.00
2010.03.16 15:36:08.638,5.834,5.8357,1.60,1.00
2010.03.16 15:36:10.647,5.834,5.8356,1.60,1.00
2010.03.16 15:36:11.295,5.834,5.8354,1.60,1.00
2010.03.16 15:36:11.544,5.8333,5.8352,1.00,1.00
2010.03.16 15:36:20.113,5.8332,5.8351,1.60,1.00
2010.03.16 15:36:21.545,5.8332,5.8348,1.60,1.00
2010.03.16 15:36:22.055,5.8332,5.8343,1.60,1.00
2010.03.16 15:36:22.534,5.8326,5.8347,1.00,1.00
2010.03.16 15:36:22.900,5.8326,5.8346,1.00,1.00
2010.03.16 15:36:25.211,5.833,5.8348,1.00,1.70
2010.03.16 15:36:25.634,5.8326,5.8346,1.00,1.00
2010.03.16 15:36:25.878,5.833,5.8348,1.00,1.70
2010.03.16 15:36:27.562,5.8326,5.8346,1.00,1.00
2010.03.16 15:36:28.194,5.8325,5.8343,1.00,1.00
2010.03.16 15:36:28.509,5.8326,5.8346,1.00,1.00
2010.03.16 15:36:30.038,5.8326,5.8346,1.00,1.00
2010.03.16 15:36:30.635,5.8326,5.8346,1.00,1.00
2010.03.16 15:36:30.945,5.833,5.8347,1.00,1.00
2010.03.16 15:36:32.184,5.8326,5.8343,1.00,1.00
2010.03.16 15:36:34.725,5.8324,5.8339,1.60,1.00
2010.03.16 15:36:36.223,5.8324,5.8342,1.60,1.00
2010.03.16 15:36:38.011,5.8326,5.8343,1.00,1.00
2010.03.16 15:36:38.937,5.8327,5.8343,1.00,1.00
2010.03.16 15:36:39.526,5.8324,5.8338,1.60,1.00
2010.03.16 15:36:44.688,5.8324,5.8342,1.60,1.00
2010.03.16 15:36:47.094,5.8324,5.8345,1.70,1.00
2010.03.16 15:36:47.349,5.8324,5.8348,1.70,4.90
2010.03.16 15:36:47.597,5.8325,5.8348,1.00,1.70
2010.03.16 15:36:48.085,5.8328,5.8348,1.00,1.60
2010.03.16 15:36:48.668,5.8324,5.8345,1.70,1.00
2010.03.16 15:36:49.723,5.8324,5.8344,1.70,1.00
2010.03.16 15:36:50.153,5.8325,5.8348,1.00,4.90
2010.03.16 15:36:50.353,5.8325,5.8348,1.00,1.70
2010.03.16 15:36:51.137,5.8324,5.8344,1.70,1.00
2010.03.16 15:36:52.078,5.8328,5.8348,1.00,4.90
2010.03.16 15:36:52.693,5.8324,5.8344,1.70,1.00
2010.03.16 15:36:54.121,5.8328,5.8348,1.00,4.90
2010.03.16 15:36:54.472,5.8325,5.8345,1.00,1.00
2010.03.16 15:36:55.202,5.8326,5.8348,1.00,4.90
2010.03.16 15:36:55.451,5.8326,5.8348,1.00,1.70
2010.03.16 15:36:56.485,5.8329,5.8348,1.00,1.60
2010.03.16 15:36:56.944,5.8326,5.8348,1.00,1.70
2010.03.16 15:36:57.537,5.8325,5.8345,1.00,1.00
2010.03.16 15:36:58.804,5.8325,5.8344,1.00,1.00
2010.03.16 15:37:01.769,5.8326,5.8347,1.00,1.00
2010.03.16 15:37:02.121,5.8329,5.8348,1.00,1.70
2010.03.16 15:37:02.574,5.833,5.8348,1.00,1.60
2010.03.16 15:37:04.233,5.8329,5.8348,1.00,1.70
2010.03.16 15:37:05.485,5.833,5.8348,1.00,1.60
2010.03.16 15:37:06.846,5.8329,5.8348,1.00,1.70
2010.03.16 15:37:07.639,5.8326,5.8347,1.00,1.00
2010.03.16 15:37:07.953,5.8329,5.8348,1.00,1.70
2010.03.16 15:37:08.603,5.8329,5.8347,1.00,1.00
2010.03.16 15:37:09.219,5.8327,5.8346,1.00,1.00
2010.03.16 15:37:10.960,5.8324,5.8345,1.60,1.00
2010.03.16 15:37:11.841,5.8324,5.8345,1.70,1.00
2010.03.16 15:37:12.718,5.8327,5.8346,1.00,1.00
2010.03.16 15:37:12.928,5.8324,5.8345,1.70,1.00
2010.03.16 15:37:16.356,5.8324,5.8342,1.60,1.00
2010.03.16 15:37:17.825,5.8324,5.8343,1.70,1.00
2010.03.16 15:37:18.646,5.8324,5.8342,1.70,1.00
2010.03.16 15:37:20.766,5.8324,5.8341,1.60,1.00
2010.03.16 15:37:21.014,5.8319,5.8335,1.00,1.60
2010.03.16 15:37:21.330,5.832,5.8335,1.00,1.60
2010.03.16 15:37:22.471,5.8318,5.8334,1.60,1.00
2010.03.16 15:37:24.163,5.8318,5.8335,1.60,1.60
2010.03.16 15:37:24.513,5.8318,5.8334,1.60,1.00
2010.03.16 15:37:25.745,5.8318,5.8335,1.60,1.60
2010.03.16 15:37:27.025,5.8318,5.8334,1.60,1.00
2010.03.16 15:37:27.352,5.8318,5.8335,1.60,1.60
2010.03.16 15:37:28.666,5.8321,5.8335,1.00,1.60
2010.03.16 15:37:28.955,5.8318,5.8335,1.60,1.60
2010.03.16 15:37:29.318,5.8318,5.8334,1.60,1.00
2010.03.16 15:37:31.300,5.8318,5.8335,1.70,1.60
2010.03.16 15:37:31.652,5.8318,5.8334,1.60,1.00
2010.03.16 15:37:32.799,5.8318,5.8333,1.60,1.00
2010.03.16 15:37:33.803,5.832,5.8335,1.00,1.60
2010.03.16 15:37:34.162,5.8318,5.8335,1.60,1.60
2010.03.16 15:37:34.524,5.832,5.8335,1.00,1.60
2010.03.16 15:37:35.183,5.8318,5.8333,1.60,1.00
2010.03.16 15:37:35.490,5.8318,5.8335,1.60,1.60
2010.03.16 15:37:39.572,5.8318,5.8335,1.60,1.70
2010.03.16 15:37:40.446,5.8325,5.8335,1.00,1.60
2010.03.16 15:37:41.954,5.8322,5.8335,1.00,1.60
2010.03.16 15:37:44.227,5.8325,5.8335,1.00,1.60
2010.03.16 15:37:44.469,5.8322,5.8335,1.00,1.60
2010.03.16 15:37:45.028,5.8321,5.8335,1.00,1.60
2010.03.16 15:37:48.795,5.8322,5.8335,1.00,1.60
2010.03.16 15:37:49.908,5.8326,5.8335,1.00,1.60
2010.03.16 15:37:56.292,5.833,5.8335,1.00,1.60
2010.03.16 15:37:56.607,5.833,5.8344,1.00,1.60
2010.03.16 15:38:00.306,5.8327,5.8344,1.70,1.60
2010.03.16 15:38:14.049,5.8327,5.8342,1.60,1.00
2010.03.16 15:38:15.361,5.8327,5.8344,1.70,1.60
2010.03.16 15:38:20.482,5.8327,5.8342,1.60,1.00
2010.03.16 15:38:23.085,5.8327,5.834,1.60,1.00
2010.03.16 15:38:23.243,5.8322,5.8338,1.00,1.60
2010.03.16 15:38:23.886,5.8321,5.8337,1.00,1.00
2010.03.16 15:38:24.090,5.8321,5.8337,1.00,1.00
2010.03.16 15:38:25.271,5.8322,5.8338,1.00,1.60
2010.03.16 15:38:25.815,5.8326,5.8338,1.00,1.60
2010.03.16 15:38:26.602,5.8321,5.8337,1.00,1.00
2010.03.16 15:38:27.634,5.8326,5.8338,1.00,1.60
2010.03.16 15:38:28.962,5.8322,5.8338,1.00,1.60
2010.03.16 15:38:30.668,5.8321,5.8337,1.00,1.00
2010.03.16 15:38:31.236,5.8322,5.8338,1.00,1.60
2010.03.16 15:38:31.764,5.8326,5.8338,1.00,1.60
2010.03.16 15:38:35.404,5.8323,5.8338,1.00,1.60
2010.03.16 15:38:35.468,5.8322,5.8338,1.00,1.70
2010.03.16 15:38:40.868,5.8319,5.8337,1.00,1.00
2010.03.16 15:38:43.462,5.8317,5.833,1.00,1.60
2010.03.16 15:38:45.616,5.8319,5.833,1.00,1.60
2010.03.16 15:38:46.814,5.8322,5.833,1.00,1.60
2010.03.16 15:38:47.596,5.8319,5.833,1.00,1.60
2010.03.16 15:38:47.875,5.8317,5.8333,1.00,1.80
2010.03.16 15:38:55.542,5.8319,5.833,1.00,1.60
2010.03.16 15:38:59.889,5.8317,5.833,1.00,1.60
2010.03.16 15:39:00.502,5.8322,5.833,1.00,1.60
2010.03.16 15:39:02.041,5.8319,5.833,1.00,1.60
2010.03.16 15:39:02.557,5.8317,5.833,1.00,1.60
2010.03.16 15:39:02.742,5.8322,5.833,1.00,1.60
2010.03.16 15:39:06.285,5.8326,5.8337,1.00,1.60
2010.03.16 15:39:06.642,5.8322,5.8337,1.00,1.60
2010.03.16 15:39:07.346,5.8323,5.8337,1.00,1.60
2010.03.16 15:39:12.814,5.8326,5.8337,1.00,1.60
2010.03.16 15:39:12.962,5.8323,5.8337,1.00,1.60
2010.03.16 15:39:20.539,5.8321,5.8337,1.00,1.60
2010.03.16 15:39:22.587,5.8325,5.8337,1.00,1.60
2010.03.16 15:39:38.462,5.8326,5.8337,1.00,1.60
2010.03.16 15:39:45.514,5.8321,5.8337,1.00,1.60
2010.03.16 15:39:47.452,5.8322,5.8337,1.00,1.60
2010.03.16 15:39:54.270,5.832,5.8336,1.70,1.00
2010.03.16 15:39:58.526,5.832,5.8332,1.60,1.00
2010.03.16 15:39:58.711,5.8317,5.833,1.00,1.60
2010.03.16 15:40:00.755,5.832,5.833,1.00,1.60
2010.03.16 15:40:10.241,5.8317,5.833,1.00,1.60
2010.03.16 15:40:11.714,5.832,5.833,1.00,1.60
2010.03.16 15:40:11.929,5.832,5.833,1.00,1.60
2010.03.16 15:40:13.568,5.8317,5.833,1.00,1.60
2010.03.16 15:40:15.377,5.8316,5.833,1.00,1.60
2010.03.16 15:40:15.526,5.8317,5.833,1.00,1.60
2010.03.16 15:40:24.346,5.832,5.833,1.00,1.60
2010.03.16 15:40:25.545,5.8317,5.833,1.00,1.60
2010.03.16 15:40:25.932,5.8313,5.833,1.60,1.60
2010.03.16 15:40:26.435,5.83045,5.8322,3.20,1.60
2010.03.16 15:40:29.598,5.8303,5.8322,1.60,1.60
2010.03.16 15:40:33.272,5.8295,5.8317,4.80,1.60
2010.03.16 15:40:33.858,5.82955,5.8317,3.20,1.60
2010.03.16 15:40:34.102,5.8295,5.8317,4.80,1.60
2010.03.16 15:40:35.342,5.82955,5.8317,3.20,1.60
2010.03.16 15:40:40.215,5.8295,5.8317,4.80,1.60
2010.03.16 15:40:40.877,5.8291,5.831,3.20,1.60
2010.03.16 15:40:41.236,5.829,5.831,1.60,1.60
2010.03.16 15:40:45.729,5.82905,5.831,3.20,1.60
2010.03.16 15:40:46.623,5.829,5.831,1.60,1.60
2010.03.16 15:40:50.590,5.8284,5.8305,3.20,1.60
2010.03.16 15:40:50.866,5.8285,5.8305,3.20,1.60
2010.03.16 15:40:51.154,5.82845,5.8305,3.20,1.60
2010.03.16 15:40:52.069,5.82865,5.8305,3.20,1.60
2010.03.16 15:40:52.421,5.82845,5.8305,3.20,1.60
2010.03.16 15:40:52.608,5.8285,5.8305,3.20,1.60
2010.03.16 15:40:53.100,5.8283,5.8309,3.20,1.80
2010.03.16 15:40:53.288,5.82825,5.8305,3.20,1.60
2010.03.16 15:40:53.477,5.82825,5.8305,6.40,1.60
2010.03.16 15:40:53.992,5.8284,5.8305,3.20,1.60
2010.03.16 15:40:54.343,5.8284,5.8305,3.20,1.60
2010.03.16 15:40:54.702,5.82825,5.8305,3.20,1.60
2010.03.16 15:41:02.447,5.8284,5.8305,1.00,1.60
2010.03.16 15:41:02.776,5.8287,5.8305,3.20,1.60
2010.03.16 15:41:04.741,5.82865,5.8305,3.20,1.60
2010.03.16 15:41:07.010,5.8289,5.8305,1.00,1.60
2010.03.16 15:41:07.370,5.8291,5.831,3.20,1.60
2010.03.16 15:41:08.278,5.829,5.831,1.60,1.60
2010.03.16 15:41:10.006,5.8291,5.831,3.20,1.60
2010.03.16 15:41:11.993,5.829,5.831,1.60,1.60
2010.03.16 15:41:13.415,5.8291,5.831,3.20,1.60
2010.03.16 15:41:18.142,5.829,5.831,1.60,1.60
2010.03.16 15:41:19.180,5.8291,5.831,3.20,1.60
2010.03.16 15:41:21.453,5.8293,5.831,3.20,1.60
2010.03.16 15:41:21.959,5.8291,5.831,3.20,1.60
2010.03.16 15:41:23.066,5.8293,5.831,3.20,1.60
2010.03.16 15:41:23.304,5.82955,5.831,3.20,1.60
2010.03.16 15:41:25.085,5.8291,5.831,3.20,1.60
2010.03.16 15:41:27.054,5.8293,5.831,3.20,1.60
2010.03.16 15:41:28.182,5.82955,5.831,3.20,1.60
2010.03.16 15:41:28.533,5.8293,5.831,3.20,1.60
2010.03.16 15:41:29.356,5.8295,5.831,3.20,1.60
2010.03.16 15:41:29.708,5.82955,5.831,3.20,1.60
2010.03.16 15:41:30.543,5.8293,5.831,3.20,1.60
2010.03.16 15:41:30.975,5.8291,5.831,3.20,1.60
2010.03.16 15:41:31.829,5.8293,5.831,3.20,1.60
2010.03.16 15:41:33.418,5.8291,5.831,3.20,1.60
2010.03.16 15:41:35.055,5.8293,5.831,3.20,1.60
2010.03.16 15:41:43.425,5.8293,5.831,3.30,1.60
2010.03.16 15:41:43.713,5.82955,5.831,3.20,1.60
2010.03.16 15:41:47.462,5.82995,5.8319,3.20,1.60
2010.03.16 15:41:47.684,5.8298,5.8319,1.60,1.60
2010.03.16 15:41:47.899,5.82995,5.8319,3.20,1.60
2010.03.16 15:42:00.164,5.8298,5.8319,1.60,1.60
2010.03.16 15:42:02.922,5.8293,5.8314,3.30,1.60
2010.03.16 15:42:03.577,5.82975,5.832,3.20,2.40
2010.03.16 15:42:05.658,5.82955,5.8314,3.20,1.60
2010.03.16 15:42:07.092,5.82975,5.8314,3.20,1.60
2010.03.16 15:42:11.208,5.82995,5.832,3.20,1.60
2010.03.16 15:42:16.319,5.8299,5.832,1.60,1.60
2010.03.16 15:42:20.278,5.829,5.8309,1.60,1.60
2010.03.16 15:42:30.573,5.8293,5.8307,1.00,1.60
2010.03.16 15:42:31.622,5.82925,5.8307,3.20,1.60
2010.03.16 15:42:31.972,5.829,5.8307,4.90,1.60
2010.03.16 15:42:32.775,5.8289,5.8307,1.80,1.60
2010.03.16 15:42:34.521,5.829,5.8307,1.70,1.60
2010.03.16 15:42:36.634,5.8294,5.8307,1.00,1.60
2010.03.16 15:42:37.157,5.8298,5.8315,1.70,1.60
2010.03.16 15:42:38.144,5.8298,5.8315,1.60,1.60
2010.03.16 15:42:45.192,5.8299,5.8315,1.00,1.60
2010.03.16 15:42:47.939,5.83,5.8315,1.00,1.60
2010.03.16 15:42:48.996,5.8299,5.8315,1.00,1.60
2010.03.16 15:42:50.781,5.8298,5.8315,1.70,1.60
2010.03.16 15:42:50.982,5.8298,5.8313,1.60,1.00
2010.03.16 15:42:51.760,5.8298,5.8315,1.70,1.60
2010.03.16 15:42:52.112,5.8302,5.8315,1.00,1.60
2010.03.16 15:42:52.811,5.8301,5.8315,3.20,1.60
2010.03.16 15:42:53.162,5.8298,5.8315,1.70,1.60
2010.03.16 15:42:53.792,5.8298,5.8315,1.60,1.60
2010.03.16 15:42:55.626,5.8298,5.8315,1.70,1.60
2010.03.16 15:42:57.770,5.8299,5.8315,1.00,1.60
2010.03.16 15:42:58.342,5.8299,5.8315,3.30,1.60
2010.03.16 15:42:58.693,5.8298,5.8315,1.70,1.60
2010.03.16 15:43:09.421,5.8298,5.8315,1.60,1.60
2010.03.16 15:43:10.189,5.8298,5.8313,1.60,1.00
2010.03.16 15:43:10.399,5.8298,5.8315,1.60,1.60
2010.03.16 15:43:10.954,5.8298,5.8312,1.60,1.00
2010.03.16 15:43:11.193,5.829,5.8303,1.60,1.00
2010.03.16 15:43:11.549,5.8285,5.8303,1.60,1.70
2010.03.16 15:43:11.936,5.8293,5.8309,1.60,1.00
2010.03.16 15:43:12.291,5.8293,5.831,1.60,1.60
2010.03.16 15:43:12.946,5.82935,5.831,1.00,1.60
2010.03.16 15:43:13.649,5.8293,5.831,1.60,1.60
2010.03.16 15:43:15.882,5.8293,5.8309,1.60,1.00
2010.03.16 15:43:19.738,5.8293,5.831,1.60,1.60
2010.03.16 15:43:20.225,5.8293,5.8309,1.60,1.00
2010.03.16 15:43:20.464,5.8293,5.831,1.60,1.60
2010.03.16 15:43:22.046,5.8294,5.831,1.00,1.60
2010.03.16 15:43:33.456,5.8298,5.831,1.00,1.60
2010.03.16 15:43:33.738,5.8302,5.8319,1.70,1.60
2010.03.16 15:43:34.518,5.8307,5.8325,1.60,1.00
2010.03.16 15:43:35.171,5.8307,5.8321,1.60,1.00
2010.03.16 15:43:35.523,5.8307,5.8325,1.60,1.00
2010.03.16 15:43:36.820,5.8307,5.8321,1.60,1.00
2010.03.16 15:43:40.303,5.8307,5.8322,1.60,1.00
2010.03.16 15:43:41.316,5.8303,5.8322,1.00,1.80
2010.03.16 15:43:41.623,5.8302,5.8319,1.60,1.60
2010.03.16 15:43:42.861,5.8302,5.8316,1.60,1.00
2010.03.16 15:43:45.593,5.8302,5.8318,1.60,1.00
2010.03.16 15:43:47.970,5.8302,5.8319,1.60,1.60
2010.03.16 15:43:50.119,5.8302,5.8318,1.60,1.00
2010.03.16 15:44:00.699,5.8302,5.8313,1.60,1.00
2010.03.16 15:44:12.377,5.8302,5.8316,1.60,1.00
2010.03.16 15:44:14.292,5.8302,5.8313,1.60,1.00
2010.03.16 15:44:14.610,5.8295,5.8316,4.90,1.00
2010.03.16 15:44:14.931,5.8302,5.8318,1.60,1.00
2010.03.16 15:44:15.927,5.8303,5.8319,1.00,1.60
2010.03.16 15:44:16.941,5.8302,5.8319,1.60,1.60
2010.03.16 15:44:19.475,5.8302,5.8318,1.60,1.00
2010.03.16 15:44:21.154,5.8302,5.8319,1.60,1.60
2010.03.16 15:44:29.149,5.8302,5.8318,1.60,1.00
2010.03.16 15:44:45.949,5.8302,5.8316,1.60,1.00
2010.03.16 15:44:46.047,5.8296,5.8314,3.20,1.60
2010.03.16 15:44:46.148,5.8295,5.8314,3.30,1.60
2010.03.16 15:44:46.250,5.8295,5.8314,3.20,1.60
2010.03.16 15:44:46.935,5.8294,5.8313,1.70,1.00
2010.03.16 15:44:51.418,5.8295,5.8314,1.00,1.60
2010.03.16 15:44:51.455,5.8295,5.8314,3.20,1.60
2010.03.16 15:44:51.518,5.8295,5.8314,3.30,1.60
2010.03.16 15:44:52.243,5.8299,5.8314,1.00,1.60
2010.03.16 15:45:01.222,5.82965,5.8314,3.20,1.60
2010.03.16 15:45:01.339,5.8294,5.8313,1.70,1.00
2010.03.16 15:45:02.570,5.8295,5.8314,1.00,1.60
2010.03.16 15:45:05.234,5.8294,5.8313,1.70,1.00
2010.03.16 15:45:12.798,5.8294,5.8309,1.60,1.00
2010.03.16 15:45:13.014,5.8294,5.8309,1.60,1.00
2010.03.16 15:45:13.398,5.829,5.8306,1.00,1.60
2010.03.16 15:45:21.679,5.8294,5.8315,1.60,1.60
2010.03.16 15:45:22.117,5.8295,5.8315,3.20,1.60
2010.03.16 15:45:22.305,5.82955,5.8315,3.20,1.60
2010.03.16 15:45:34.719,5.8294,5.8315,1.60,1.60
2010.03.16 15:45:51.144,5.8294,5.8315,1.60,1.70
2010.03.16 15:45:51.273,5.8289,5.831,6.40,1.60
2010.03.16 15:45:51.402,5.8289,5.831,3.20,1.60
2010.03.16 15:45:52.027,5.829,5.831,3.20,1.60
2010.03.16 15:45:52.104,5.8291,5.831,3.20,1.60
2010.03.16 15:45:57.162,5.8289,5.831,6.40,1.60
2010.03.16 15:45:57.481,5.8291,5.831,3.20,1.60
2010.03.16 15:45:58.056,5.8293,5.831,1.00,1.60
2010.03.16 15:45:58.599,5.8295,5.8315,1.60,1.60
2010.03.16 15:45:59.217,5.82975,5.8315,3.20,1.60
2010.03.16 15:46:00.693,5.82955,5.8315,3.20,1.60
2010.03.16 15:46:03.152,5.8295,5.8313,1.60,1.40
2010.03.16 15:46:03.628,5.8289,5.8309,3.20,1.60
2010.03.16 15:46:03.950,5.8287,5.8309,3.20,1.60
2010.03.16 15:46:05.733,5.82825,5.8302,3.20,1.60
2010.03.16 15:46:06.312,5.8287,5.8302,3.20,1.60
2010.03.16 15:46:06.665,5.82855,5.8302,3.20,1.60
2010.03.16 15:46:07.050,5.8287,5.8302,3.20,1.60
2010.03.16 15:46:07.402,5.82875,5.8302,3.20,1.60
2010.03.16 15:46:08.375,5.8287,5.8302,3.20,1.60
2010.03.16 15:46:08.625,5.8286,5.8302,3.20,1.60
2010.03.16 15:46:09.788,5.8284,5.8302,3.20,1.60
2010.03.16 15:46:10.146,5.8285,5.8302,3.20,1.60
2010.03.16 15:46:10.985,5.8284,5.8302,3.20,1.60
2010.03.16 15:46:11.212,5.8285,5.8302,3.20,1.60
2010.03.16 15:46:12.793,5.8284,5.8302,3.20,1.60
2010.03.16 15:46:13.018,5.8286,5.8302,3.20,1.60
2010.03.16 15:46:13.248,5.8285,5.8302,3.20,1.60
2010.03.16 15:46:13.972,5.8284,5.8302,4.00,1.60
2010.03.16 15:46:14.313,5.8292,5.8315,1.60,1.60
2010.03.16 15:46:14.656,5.8286,5.8307,1.60,1.60
2010.03.16 15:46:15.696,5.8288,5.8305,1.70,1.60
2010.03.16 15:46:18.018,5.829,5.8305,1.00,1.60
2010.03.16 15:46:19.835,5.8294,5.8305,1.00,1.60
2010.03.16 15:46:24.876,5.8295,5.8305,1.00,1.60
2010.03.16 15:46:25.168,5.8298,5.8313,1.00,1.60
2010.03.16 15:46:27.340,5.8294,5.8312,1.70,1.00
2010.03.16 15:46:29.777,5.8295,5.8313,1.00,1.60
2010.03.16 15:46:32.349,5.8294,5.8312,1.70,1.00
2010.03.16 15:46:34.730,5.8295,5.8313,1.00,1.60
2010.03.16 15:46:34.993,5.8294,5.8312,1.70,1.00
2010.03.16 15:46:36.525,5.8295,5.8312,1.00,1.00
2010.03.16 15:46:37.758,5.8295,5.8313,1.00,1.60
2010.03.16 15:46:38.230,5.8296,5.8313,1.00,1.60
2010.03.16 15:46:38.730,5.8299,5.8313,1.00,1.60
2010.03.16 15:46:45.397,5.8294,5.83095,1.60,1.00
2010.03.16 15:46:45.553,5.8282,5.83,1.00,1.60
2010.03.16 15:46:45.709,5.8279,5.83,1.60,1.60
2010.03.16 15:46:49.218,5.8281,5.8298,1.70,1.60
2010.03.16 15:46:49.401,5.8284,5.8298,1.00,1.60
2010.03.16 15:46:49.570,5.8284,5.8298,3.30,1.60
2010.03.16 15:46:50.531,5.8287,5.8298,1.00,1.60
2010.03.16 15:46:50.668,5.82925,5.831,3.20,1.00
2010.03.16 15:46:50.811,5.8291,5.8316,1.60,1.60
2010.03.16 15:46:54.583,5.8286,5.8305,1.60,1.60
2010.03.16 15:46:59.366,5.8286,5.8301,1.60,1.00
2010.03.16 15:46:59.920,5.8278,5.8295,1.60,1.60
2010.03.16 15:47:00.492,5.82795,5.8295,3.20,1.60
2010.03.16 15:47:00.786,5.8279,5.8295,3.20,1.60
2010.03.16 15:47:01.086,5.82795,5.8295,3.20,1.60
2010.03.16 15:47:01.676,5.8278,5.8295,1.60,1.60
2010.03.16 15:47:16.733,5.8278,5.8292,1.60,1.00
2010.03.16 15:47:17.697,5.827,5.8287,1.60,1.60
2010.03.16 15:47:18.661,5.827,5.8287,1.70,1.60
2010.03.16 15:47:21.186,5.8271,5.8287,1.00,1.60
2010.03.16 15:47:21.448,5.827,5.8287,1.60,1.60
2010.03.16 15:47:22.036,5.82725,5.8287,1.00,1.60
2010.03.16 15:47:23.732,5.827,5.8287,1.70,1.60
2010.03.16 15:47:29.961,5.8273,5.8287,1.00,1.60
2010.03.16 15:47:30.319,5.827,5.8287,1.70,1.60
2010.03.16 15:47:37.580,5.8273,5.8287,1.00,1.60
2010.03.16 15:47:44.899,5.827,5.8287,1.70,1.60
2010.03.16 15:47:46.844,5.8273,5.8287,1.00,1.60
2010.03.16 15:47:47.725,5.8281,5.8302,1.60,1.60
2010.03.16 15:47:48.469,5.8281,5.8302,1.70,1.60
2010.03.16 15:47:49.514,5.8283,5.83,1.60,1.60
2010.03.16 15:47:51.263,5.8283,5.83,1.60,1.70
2010.03.16 15:47:55.230,5.8283,5.83,1.60,1.60
2010.03.16 15:48:01.562,5.8283,5.83,1.60,1.70
2010.03.16 15:48:01.736,5.8283,5.83,1.60,1.60
2010.03.16 15:48:04.562,5.8286,5.83,1.00,1.60
2010.03.16 15:48:06.961,5.8289,5.8306,1.60,1.60
2010.03.16 15:48:12.531,5.829,5.8306,1.00,1.60
2010.03.16 15:48:14.504,5.8295,5.8306,1.00,1.60
2010.03.16 15:48:14.786,5.8295,5.8312,1.70,1.60
2010.03.16 15:48:15.062,5.8295,5.8312,1.60,1.60
2010.03.16 15:48:15.896,5.8287,5.8311,1.70,1.80
2010.03.16 15:48:16.220,5.8287,5.8307,1.60,1.60
2010.03.16 15:48:17.642,5.8287,5.8307,1.70,1.60
2010.03.16 15:48:20.187,5.8283,5.83,1.60,1.60
2010.03.16 15:48:21.070,5.8283,5.83,1.60,1.70
2010.03.16 15:48:21.865,5.8283,5.83,1.60,1.60
2010.03.16 15:48:23.918,5.8283,5.83,1.70,1.60
2010.03.16 15:48:27.108,5.8283,5.83,1.60,1.60
2010.03.16 15:48:27.377,5.8279,5.8291,1.00,1.60
2010.03.16 15:48:28.010,5.8275,5.8291,1.00,1.60
2010.03.16 15:48:28.700,5.8279,5.8291,1.00,1.60
2010.03.16 15:48:29.738,5.8275,5.8291,1.00,1.60
2010.03.16 15:48:32.007,5.8276,5.8291,1.00,1.60
2010.03.16 15:48:32.354,5.8275,5.8291,1.00,1.60
2010.03.16 15:48:33.000,5.8274,5.8291,1.60,1.60
2010.03.16 15:48:34.247,5.8276,5.8291,1.00,1.60
2010.03.16 15:48:35.198,5.8275,5.8291,1.00,1.60
2010.03.16 15:48:35.896,5.8276,5.8291,1.00,1.60
2010.03.16 15:48:36.726,5.8279,5.8291,1.00,1.60
2010.03.16 15:48:37.038,5.828,5.8299,1.00,1.60
2010.03.16 15:48:38.266,5.8279,5.8299,1.70,1.60
2010.03.16 15:48:51.796,5.8275,5.8297,1.00,1.80
2010.03.16 15:48:55.236,5.8279,5.8291,1.00,1.60
2010.03.16 15:48:56.421,5.8284,5.83,1.00,1.60
2010.03.16 15:48:58.278,5.8283,5.83,1.70,1.60
2010.03.16 15:49:13.341,5.8283,5.83,1.60,1.60
2010.03.16 15:49:15.207,5.8283,5.83,1.60,1.70
2010.03.16 15:49:16.018,5.8283,5.83,1.60,1.60
2010.03.16 15:49:24.870,5.8283,5.83,1.70,1.60
2010.03.16 15:49:25.539,5.8286,5.83,1.00,1.60
2010.03.16 15:49:28.448,5.829,5.83,1.00,1.60
2010.03.16 15:49:28.964,5.8291,5.8308,1.60,1.60
2010.03.16 15:49:33.313,5.8284,5.8304,1.70,1.60
2010.03.16 15:49:35.712,5.8285,5.8304,1.00,1.60
2010.03.16 15:49:37.413,5.8288,5.8304,1.00,1.60
2010.03.16 15:49:39.612,5.8286,5.8304,1.00,1.60
2010.03.16 15:49:39.871,5.8288,5.8304,1.00,1.60
2010.03.16 15:49:40.129,5.8284,5.8303,1.70,1.00
2010.03.16 15:49:41.382,5.8284,5.8298,1.60,1.00
2010.03.16 15:49:41.920,5.8279,5.8296,1.70,1.60
2010.03.16 15:49:42.186,5.828,5.8296,1.00,1.60
2010.03.16 15:49:43.135,5.8284,5.8296,1.00,1.60
2010.03.16 15:49:43.485,5.828,5.8296,1.00,1.60
2010.03.16 15:49:44.770,5.8281,5.8296,1.00,1.60
2010.03.16 15:49:45.768,5.8284,5.8296,1.00,1.60
2010.03.16 15:49:46.332,5.8285,5.8296,1.00,1.60
2010.03.16 15:49:46.515,5.8284,5.8302,1.70,1.00
2010.03.16 15:49:46.704,5.8285,5.8304,1.00,1.60
2010.03.16 15:49:48.370,5.8288,5.8304,1.00,1.60
2010.03.16 15:49:51.484,5.8289,5.8304,1.00,1.60
2010.03.16 15:49:57.077,5.829,5.8304,1.00,1.60
2010.03.16 15:49:57.288,5.8292,5.8309,1.60,1.60
2010.03.16 15:50:03.572,5.8299,5.8316,1.70,1.60
2010.03.16 15:50:05.567,5.83,5.8316,1.00,1.60
2010.03.16 15:50:07.007,5.83,5.8316,1.00,1.60
2010.03.16 15:50:07.360,5.8304,5.8316,1.00,1.60
2010.03.16 15:50:10.425,5.8307,5.8324,1.60,1.60
2010.03.16 15:50:15.131,5.8307,5.8323,1.60,1.00
2010.03.16 15:50:17.554,5.831,5.8324,1.00,1.60
2010.03.16 15:50:20.562,5.8316,5.8331,1.60,1.00
2010.03.16 15:50:20.663,5.8316,5.8327,1.60,1.00
2010.03.16 15:50:21.945,5.8316,5.8332,1.60,1.00
2010.03.16 15:50:22.562,5.8316,5.8331,1.60,1.00
2010.03.16 15:50:23.545,5.8316,5.8332,1.60,1.00
2010.03.16 15:50:24.651,5.8316,5.8331,1.60,1.00
2010.03.16 15:50:26.489,5.8316,5.8333,1.70,1.60
2010.03.16 15:50:28.818,5.8316,5.833,1.60,1.00
2010.03.16 15:50:31.759,5.8316,5.8327,1.60,1.00
2010.03.16 15:50:33.147,5.8316,5.8326,1.60,1.00
2010.03.16 15:50:33.649,5.8308,5.8323,1.60,1.00
2010.03.16 15:50:34.004,5.8308,5.8326,1.70,1.00
2010.03.16 15:50:34.364,5.8311,5.8327,1.00,1.00
2010.03.16 15:50:36.624,5.8312,5.8328,1.00,1.60
2010.03.16 15:50:37.184,5.8311,5.8327,1.00,1.00
2010.03.16 15:50:37.909,5.8308,5.8326,1.70,1.00
2010.03.16 15:50:39.293,5.8311,5.8327,1.00,1.00
2010.03.16 15:50:45.134,5.8311,5.8328,1.00,1.60
2010.03.16 15:50:45.851,5.831,5.8326,1.00,1.00
2010.03.16 15:50:49.985,5.8306,5.832,1.00,1.60
2010.03.16 15:50:55.389,5.8297,5.8313,1.00,1.00
2010.03.16 15:50:55.565,5.8297,5.8313,1.00,1.00
2010.03.16 15:50:55.996,5.8295,5.8312,1.60,1.00
2010.03.16 15:50:56.171,5.829,5.8307,1.60,1.60
2010.03.16 15:50:56.351,5.829,5.8307,1.70,1.60
2010.03.16 15:50:57.397,5.8298,5.8313,1.00,1.60
2010.03.16 15:50:59.555,5.8296,5.8312,1.60,1.00
2010.03.16 15:50:59.908,5.8296,5.8313,1.70,1.60
2010.03.16 15:51:01.731,5.8296,5.8313,1.60,1.60
2010.03.16 15:51:02.240,5.8296,5.8313,1.70,1.60
2010.03.16 15:51:02.931,5.8299,5.8313,1.00,1.60
2010.03.16 15:51:04.298,5.8299,5.8313,1.00,1.60
2010.03.16 15:51:04.883,5.8299,5.8313,1.00,1.60
2010.03.16 15:51:05.851,5.83,5.8313,1.00,1.60
2010.03.16 15:51:06.019,5.8304,5.8319,1.00,1.60
2010.03.16 15:51:06.932,5.8303,5.8319,1.00,1.60
2010.03.16 15:51:08.051,5.8306,5.8319,1.00,1.60
2010.03.16 15:51:08.580,5.831,5.8332,1.60,6.40
2010.03.16 15:51:08.939,5.831,5.8332,1.60,1.60
2010.03.16 15:51:10.221,5.8308,5.8323,1.00,1.60
2010.03.16 15:51:10.571,5.8305,5.8323,1.70,1.60
2010.03.16 15:51:11.058,5.8309,5.83285,1.00,3.20
2010.03.16 15:51:11.251,5.8308,5.83285,1.60,3.20
2010.03.16 15:51:11.667,5.8309,5.83285,1.00,3.20
2010.03.16 15:51:12.018,5.8309,5.83285,1.00,3.20
2010.03.16 15:51:12.367,5.8309,5.8331,1.00,4.80
2010.03.16 15:51:12.717,5.8308,5.833,1.60,1.00
2010.03.16 15:51:13.067,5.8309,5.8331,1.00,1.60
2010.03.16 15:51:13.419,5.8308,5.833,1.60,1.00
2010.03.16 15:51:14.625,5.8304,5.8323,1.60,1.60
2010.03.16 15:51:19.848,5.8306,5.8323,1.00,1.60
2010.03.16 15:51:20.196,5.8304,5.8323,1.60,1.60
2010.03.16 15:51:23.744,5.8296,5.8314,3.30,1.60
2010.03.16 15:51:23.974,5.8296,5.8314,1.00,1.60
2010.03.16 15:51:25.683,5.8297,5.8312,1.00,1.60
2010.03.16 15:51:26.139,5.8298,5.8312,1.00,1.60
2010.03.16 15:51:31.180,5.8295,5.8317,1.60,1.80
2010.03.16 15:51:32.640,5.8295,5.831,1.60,1.00
2010.03.16 15:51:33.265,5.8295,5.8312,1.60,1.60
2010.03.16 15:51:33.607,5.8295,5.831,1.60,1.00
2010.03.16 15:51:33.956,5.8295,5.8312,1.60,1.60
2010.03.16 15:51:35.359,5.8295,5.83115,1.60,3.20
2010.03.16 15:51:35.718,5.8287,5.8306,1.60,1.60
2010.03.16 15:51:36.714,5.8283,5.8299,1.00,1.60
2010.03.16 15:51:37.754,5.8284,5.8299,1.00,1.60
2010.03.16 15:51:42.561,5.8288,5.8308,1.60,1.60
2010.03.16 15:51:43.473,5.8289,5.8308,1.00,1.60
2010.03.16 15:51:44.433,5.8293,5.8308,1.00,1.60
2010.03.16 15:51:45.671,5.8289,5.8308,1.00,1.70
2010.03.16 15:51:47.964,5.8291,5.8308,1.00,1.60
2010.03.16 15:51:48.431,5.8293,5.8308,1.00,1.60
2010.03.16 15:51:49.473,5.8294,5.8308,1.00,1.60
2010.03.16 15:51:49.986,5.8297,5.8308,1.00,1.60
2010.03.16 15:51:50.337,5.8298,5.8313,1.00,1.60
2010.03.16 15:51:54.433,5.8296,5.8313,1.60,1.60
2010.03.16 15:51:55.380,5.8298,5.8313,1.00,1.60
2010.03.16 15:51:56.835,5.8296,5.8313,1.60,1.60
2010.03.16 15:52:06.092,5.8296,5.8311,1.60,1.00
2010.03.16 15:52:07.757,5.8296,5.8312,1.60,1.00
2010.03.16 15:52:09.663,5.8296,5.8313,1.60,1.60
2010.03.16 15:52:10.945,5.8297,5.8313,1.00,1.60
2010.03.16 15:52:11.198,5.8296,5.8313,1.60,1.60
2010.03.16 15:52:12.100,5.8296,5.8312,1.60,1.00
2010.03.16 15:52:16.165,5.8296,5.8313,1.60,1.60
2010.03.16 15:52:17.832,5.8296,5.8311,1.60,1.00
2010.03.16 15:52:18.145,5.8296,5.8311,1.60,1.00
2010.03.16 15:52:18.466,5.8289,5.8305,1.00,1.60
2010.03.16 15:52:19.213,5.8288,5.8303,1.60,1.00
2010.03.16 15:52:20.272,5.8289,5.8305,1.00,1.60
2010.03.16 15:52:21.362,5.8288,5.8303,1.60,1.00
2010.03.16 15:52:22.312,5.8281,5.83,1.00,1.60
2010.03.16 15:52:23.358,5.8285,5.83,1.00,1.60
2010.03.16 15:52:35.476,5.8286,5.83,1.00,1.60
2010.03.16 15:52:36.448,5.829,5.8305,1.00,1.60
2010.03.16 15:52:38.616,5.8288,5.8302,1.60,1.00
2010.03.16 15:52:42.187,5.8288,5.8305,1.60,1.70
2010.03.16 15:52:43.322,5.8288,5.8302,1.60,1.00
2010.03.16 15:52:43.972,5.8288,5.8305,1.60,1.70
2010.03.16 15:52:44.225,5.8288,5.8302,1.60,1.00
2010.03.16 15:52:44.477,5.8288,5.8305,1.60,1.70
2010.03.16 15:52:46.601,5.829,5.8305,1.00,1.60
2010.03.16 15:53:00.693,5.8288,5.8302,1.60,1.00
2010.03.16 15:53:07.436,5.8288,5.8304,1.60,1.00
2010.03.16 15:53:08.033,5.8281,5.83,1.00,1.60
2010.03.16 15:53:09.008,5.8281,5.83,1.00,1.70
2010.03.16 15:53:11.349,5.8282,5.83,1.00,1.60
2010.03.16 15:53:11.735,5.8285,5.83,1.00,1.60
2010.03.16 15:53:13.337,5.8286,5.83,1.00,1.60
2010.03.16 15:53:15.024,5.8285,5.83,1.00,1.60
2010.03.16 15:53:16.261,5.8281,5.83,1.00,1.70
2010.03.16 15:53:24.590,5.8281,5.8299,1.00,1.00
2010.03.16 15:53:32.703,5.82825,5.83,1.00,1.60
2010.03.16 15:53:35.565,5.8282,5.8299,1.00,1.00
2010.03.16 15:53:36.099,5.828,5.8298,1.60,1.00
2010.03.16 15:53:36.351,5.8278,5.8293,1.00,1.60
2010.03.16 15:53:40.675,5.8279,5.8293,1.00,1.60
2010.03.16 15:53:46.709,5.8282,5.8293,1.00,1.60
2010.03.16 15:53:57.779,5.8278,5.8293,1.00,1.60
2010.03.16 15:54:09.602,5.8279,5.8293,1.00,1.60
2010.03.16 15:54:17.227,5.8282,5.8293,1.00,1.60
2010.03.16 15:54:24.502,5.8284,5.8301,1.00,1.60
2010.03.16 15:54:28.020,5.8287,5.8301,1.00,1.60
2010.03.16 15:54:32.377,5.8282,5.8298,1.00,1.00
2010.03.16 15:54:37.010,5.8284,5.8301,1.00,1.60
2010.03.16 15:54:42.745,5.8281,5.8297,1.60,1.00
2010.03.16 15:54:43.056,5.8281,5.8297,1.60,1.00
2010.03.16 15:54:43.683,5.8282,5.8298,1.00,1.00
2010.03.16 15:54:47.297,5.8281,5.8297,1.60,1.00
2010.03.16 15:54:53.568,5.8282,5.8298,1.00,1.00
2010.03.16 15:54:53.779,5.8282,5.8298,1.00,1.00
2010.03.16 15:54:55.033,5.8281,5.8294,1.60,1.00
2010.03.16 15:54:55.539,5.8277,5.8293,1.00,1.60
2010.03.16 15:54:55.900,5.8276,5.8291,1.60,1.00
2010.03.16 15:54:58.274,5.8268,5.8287,1.70,1.00
2010.03.16 15:54:58.510,5.8264,5.828,1.00,1.60
2010.03.16 15:54:59.244,5.8265,5.828,1.00,1.60
2010.03.16 15:55:02.570,5.8268,5.828,1.00,1.60
2010.03.16 15:55:04.542,5.8269,5.828,1.00,1.60
2010.03.16 15:55:05.493,5.8269,5.8289,1.70,1.60
2010.03.16 15:55:06.831,5.827,5.8289,1.00,1.60
2010.03.16 15:55:07.428,5.8273,5.8289,1.00,1.60
2010.03.16 15:55:08.785,5.827,5.8289,1.00,1.60
2010.03.16 15:55:09.136,5.8269,5.8287,1.70,1.00
2010.03.16 15:55:10.175,5.8269,5.8286,1.60,1.00
2010.03.16 15:55:11.580,5.8269,5.8282,1.60,1.00
2010.03.16 15:55:11.744,5.8264,5.8281,1.70,1.60
2010.03.16 15:55:12.128,5.8264,5.8278,1.60,1.00
2010.03.16 15:55:12.872,5.8264,5.8281,1.60,1.70
2010.03.16 15:55:16.145,5.8265,5.8281,1.00,1.60
2010.03.16 15:55:17.836,5.8266,5.8281,1.00,1.60
2010.03.16 15:55:18.365,5.8265,5.8281,1.00,1.60
2010.03.16 15:55:18.686,5.8266,5.8285,1.00,1.80
2010.03.16 15:55:22.544,5.8269,5.8281,1.00,1.60
2010.03.16 15:55:27.699,5.8266,5.8281,1.00,1.60
2010.03.16 15:55:27.985,5.8265,5.8281,1.00,1.70
2010.03.16 15:55:28.686,5.8264,5.828,1.60,1.00
2010.03.16 15:55:30.398,5.8265,5.8281,1.00,1.70
2010.03.16 15:55:30.586,5.8266,5.8281,1.00,1.60
2010.03.16 15:55:32.832,5.8265,5.8281,1.00,1.70
2010.03.16 15:55:33.192,5.8266,5.8281,1.00,1.60
2010.03.16 15:55:34.585,5.8274,5.8288,1.00,1.60
2010.03.16 15:55:34.891,5.8271,5.8288,1.60,1.70
2010.03.16 15:55:36.377,5.8271,5.8285,1.60,1.00
2010.03.16 15:55:36.806,5.8265,5.8281,1.00,1.00
2010.03.16 15:55:38.255,5.8266,5.8283,1.00,1.60
2010.03.16 15:55:39.527,5.8261,5.8276,1.00,1.60
2010.03.16 15:55:40.711,5.8262,5.8276,1.00,1.60
2010.03.16 15:55:42.352,5.8265,5.8276,1.00,1.60
2010.03.16 15:55:44.300,5.8262,5.8276,1.00,1.60
2010.03.16 15:55:45.181,5.8261,5.8276,1.00,1.60
2010.03.16 15:55:50.382,5.8259,5.8273,1.60,1.00
2010.03.16 15:55:52.160,5.8261,5.8276,1.00,1.60
2010.03.16 15:55:53.222,5.8259,5.8276,1.60,1.70
2010.03.16 15:55:54.248,5.8259,5.8273,1.60,1.00
2010.03.16 15:55:58.379,5.8252,5.8267,1.00,1.60
2010.03.16 15:56:00.860,5.8253,5.8267,1.00,1.60
2010.03.16 15:56:01.383,5.8257,5.8267,1.00,1.60
2010.03.16 15:56:03.606,5.8258,5.8275,1.00,1.60
2010.03.16 15:56:04.482,5.8261,5.8275,1.00,1.60
2010.03.16 15:56:06.104,5.8257,5.8273,1.00,1.00
2010.03.16 15:56:07.871,5.8258,5.8275,1.00,1.60
2010.03.16 15:56:08.052,5.8261,5.8275,1.00,1.60
2010.03.16 15:56:08.400,5.8258,5.8275,1.00,1.60
2010.03.16 15:56:09.659,5.8257,5.8273,1.00,1.00
2010.03.16 15:56:10.484,5.8255,5.8271,1.60,1.00
2010.03.16 15:56:12.696,5.8255,5.8268,1.60,1.00
2010.03.16 15:56:12.954,5.8252,5.8267,1.00,1.60
2010.03.16 15:56:13.212,5.8257,5.8267,1.00,1.60
2010.03.16 15:56:13.921,5.8253,5.8267,1.00,1.60
2010.03.16 15:56:14.625,5.8257,5.8267,1.00,1.60
2010.03.16 15:56:14.977,5.825,5.8267,1.60,1.60
2010.03.16 15:56:16.541,5.825,5.8267,1.60,1.70
2010.03.16 15:56:18.286,5.825,5.8267,1.70,1.60
2010.03.16 15:56:19.585,5.8254,5.8267,1.00,1.60
2010.03.16 15:56:20.659,5.8255,5.8267,1.00,1.60
2010.03.16 15:56:23.341,5.8254,5.8267,1.00,1.60
2010.03.16 15:56:26.732,5.8258,5.8275,1.60,1.60
2010.03.16 15:56:29.104,5.8259,5.8275,1.00,1.60
2010.03.16 15:56:30.004,5.826,5.8275,1.00,1.60
2010.03.16 15:56:32.401,5.8263,5.8275,1.00,1.60
2010.03.16 15:56:35.381,5.8258,5.8275,1.60,1.60
2010.03.16 15:56:36.056,5.8252,5.827,1.00,1.60
2010.03.16 15:56:37.917,5.8255,5.827,1.00,1.60
2010.03.16 15:56:41.755,5.8251,5.8268,1.00,1.00
2010.03.16 15:56:44.614,5.8247,5.8262,1.00,1.60
2010.03.16 15:56:45.326,5.8248,5.8262,1.00,1.60
2010.03.16 15:56:45.526,5.8245,5.8262,1.60,1.60
2010.03.16 15:56:47.066,5.8248,5.8262,1.00,1.60
2010.03.16 15:56:47.404,5.8252,5.8262,1.00,1.60
2010.03.16 15:56:47.726,5.8249,5.8262,1.00,1.60
2010.03.16 15:56:48.986,5.8248,5.8262,1.00,1.60
2010.03.16 15:56:49.286,5.8249,5.8262,1.00,1.60
2010.03.16 15:56:50.501,5.8252,5.8262,1.00,1.60
2010.03.16 15:56:51.997,5.8249,5.8262,1.00,1.60
2010.03.16 15:56:52.198,5.8248,5.8262,1.00,1.60
2010.03.16 15:56:55.711,5.8252,5.8262,1.00,1.60
2010.03.16 15:57:00.594,5.8253,5.827,1.00,1.60
2010.03.16 15:57:00.943,5.8252,5.8268,1.00,1.00
2010.03.16 15:57:09.535,5.8257,5.827,1.00,1.60
2010.03.16 15:57:13.043,5.8261,5.827,1.00,1.60
2010.03.16 15:57:13.330,5.8261,5.8275,1.00,1.60
2010.03.16 15:57:15.480,5.8258,5.8275,1.70,1.60
2010.03.16 15:57:16.264,5.8258,5.8275,1.60,1.60
2010.03.16 15:57:22.522,5.8258,5.8274,1.60,1.00
2010.03.16 15:57:22.858,5.8251,5.8268,1.60,1.60
2010.03.16 15:57:24.753,5.8253,5.8268,1.00,1.60
2010.03.16 15:57:33.090,5.8255,5.8268,1.00,1.60
2010.03.16 15:57:33.352,5.8259,5.8284,1.60,1.60
2010.03.16 15:57:33.613,5.8259,5.8284,1.60,3.00
2010.03.16 15:57:34.519,5.8259,5.828,1.60,3.20
2010.03.16 15:57:34.864,5.8259,5.82805,1.60,3.20
2010.03.16 15:57:36.386,5.8259,5.8282,1.60,1.60
2010.03.16 15:57:36.877,5.8259,5.82815,1.60,1.40
2010.03.16 15:57:37.177,5.8259,5.82805,1.60,3.20
2010.03.16 15:57:40.894,5.825,5.8274,1.60,1.60
2010.03.16 15:57:53.655,5.8251,5.8274,1.00,1.60
2010.03.16 15:57:54.977,5.825,5.8274,1.60,1.60
2010.03.16 15:57:55.205,5.825,5.8274,1.60,4.80
2010.03.16 15:57:55.651,5.825,5.8274,1.60,1.60
2010.03.16 15:57:56.415,5.825,5.8274,1.60,1.70
2010.03.16 15:57:57.348,5.825,5.827,1.60,1.00
2010.03.16 15:57:58.465,5.825,5.8266,1.60,1.00
2010.03.16 15:57:59.083,5.8245,5.8262,1.60,1.60
2010.03.16 15:57:59.433,5.8248,5.8262,1.00,1.60
2010.03.16 15:58:01.740,5.8249,5.8262,1.00,1.60
2010.03.16 15:58:04.684,5.8255,5.8274,1.60,3.20
2010.03.16 15:58:05.034,5.8255,5.8275,1.60,1.00
2010.03.16 15:58:05.384,5.8255,5.8277,1.60,1.60
2010.03.16 15:58:09.252,5.8255,5.8275,1.70,1.60
2010.03.16 15:58:10.863,5.8255,5.8275,1.60,1.60
2010.03.16 15:58:12.764,5.8255,5.8275,1.60,1.60
2010.03.16 15:58:12.949,5.8255,5.8275,1.70,1.60
2010.03.16 15:58:14.446,5.8255,5.8275,1.60,1.60
2010.03.16 15:58:19.133,5.8255,5.8275,1.70,1.60
2010.03.16 15:58:19.337,5.8255,5.8275,1.60,1.60
2010.03.16 15:58:27.374,5.8255,5.8274,1.60,1.00
2010.03.16 15:58:27.838,5.8255,5.8275,1.60,1.60
2010.03.16 15:58:40.440,5.8255,5.8274,1.60,3.20
2010.03.16 15:58:41.706,5.8255,5.8274,1.60,3.30
2010.03.16 15:58:42.010,5.8249,5.8268,1.00,1.60
2010.03.16 15:58:42.223,5.8248,5.8268,1.60,1.60
2010.03.16 15:58:45.558,5.8248,5.8268,1.60,1.70
2010.03.16 15:58:45.767,5.8244,5.8261,1.70,1.60
2010.03.16 15:58:46.287,5.82435,5.8259,3.20,1.60
2010.03.16 15:58:46.495,5.8242,5.8259,1.60,1.60
2010.03.16 15:58:47.218,5.8247,5.8272,1.60,1.60
2010.03.16 15:58:48.462,5.8247,5.827,1.70,1.60
2010.03.16 15:58:50.265,5.8252,5.82765,1.60,1.40
2010.03.16 15:58:50.904,5.8252,5.82705,1.60,1.00
2010.03.16 15:58:51.257,5.8239,5.8261,1.70,1.60
2010.03.16 15:58:52.647,5.8244,5.8261,1.00,1.60
2010.03.16 15:58:53.688,5.8245,5.8261,1.00,1.60
2010.03.16 15:58:59.791,5.8241,5.8259,1.70,1.00
2010.03.16 15:59:01.260,5.8245,5.8261,1.00,1.60
2010.03.16 15:59:05.268,5.8241,5.8259,1.70,1.00
2010.03.16 15:59:09.391,5.8241,5.8258,1.70,1.00
2010.03.16 15:59:12.274,5.8246,5.8261,1.00,1.60
2010.03.16 15:59:23.397,5.8247,5.8261,1.00,1.60
2010.03.16 15:59:24.869,5.8246,5.8261,1.00,1.60
2010.03.16 15:59:28.487,5.8247,5.8261,1.00,1.60
2010.03.16 15:59:28.835,5.8246,5.8261,1.00,1.60
2010.03.16 15:59:29.944,5.8243,5.8261,1.00,1.70
2010.03.16 15:59:31.352,5.8246,5.8261,1.00,1.60
2010.03.16 15:59:34.285,5.825,5.8266,1.00,1.70
2010.03.16 15:59:35.250,5.8249,5.8265,1.60,1.00
2010.03.16 15:59:35.603,5.825,5.8266,1.00,1.70
2010.03.16 15:59:36.310,5.8251,5.8266,1.00,1.60
2010.03.16 15:59:37.023,5.8249,5.8266,1.70,1.60
2010.03.16 15:59:39.341,5.8249,5.8264,1.60,1.00
2010.03.16 15:59:39.691,5.8249,5.8264,1.60,1.00
2010.03.16 15:59:40.386,5.8249,5.8266,1.60,1.60
2010.03.16 15:59:43.923,5.8249,5.8266,1.60,1.70
2010.03.16 15:59:44.230,5.8249,5.8265,1.60,1.00
2010.03.16 15:59:45.143,5.8249,5.8266,1.60,1.60
2010.03.16 15:59:46.463,5.8249,5.8266,1.60,1.60
2010.03.16 15:59:46.814,5.8249,5.8266,1.60,1.60
2010.03.16 15:59:47.512,5.8252,5.8266,1.00,1.60
2010.03.16 15:59:47.693,5.8251,5.8266,1.00,1.60
2010.03.16 15:59:48.498,5.8252,5.8266,1.00,1.60
2010.03.16 15:59:48.844,5.8251,5.8266,1.00,1.60
2010.03.16 15:59:49.872,5.8252,5.8266,1.00,1.60
2010.03.16 15:59:50.800,5.8251,5.8266,1.00,1.60
2010.03.16 15:59:53.527,5.825,5.8266,1.00,1.60
2010.03.16 15:59:53.874,5.8251,5.8266,1.00,1.60
2010.03.16 15:59:58.998,5.8253,5.8266,1.00,1.60
2010.03.16 15:59:59.333,5.8255,5.8272,1.70,1.60
2010.03.16 15:59:59.690,5.8255,5.8272,1.60,1.70
