2013.04.09 10:00:04.103,5.74035,5.74135,1.13,2.33
2013.04.09 10:00:04.531,5.74028,5.74135,1.35,2.33
2013.04.09 10:00:04.659,5.74035,5.74135,1.13,2.33
2013.04.09 10:00:04.981,5.74035,5.74135,1.13,2.33
2013.04.09 10:00:05.171,5.74035,5.74135,1.13,2.33
2013.04.09 10:00:06.683,5.74035,5.74135,1.13,2.33
2013.04.09 10:00:06.775,5.74056,5.742,1.73,3.38
2013.04.09 10:00:10.449,5.74056,5.742,1.73,3.38
2013.04.09 10:00:10.509,5.74056,5.742,1.73,3.38
2013.04.09 10:00:11.623,5.74056,5.742,1.73,3.38
2013.04.09 10:00:13.869,5.74056,5.742,1.73,3.38
2013.04.09 10:00:14.040,5.74056,5.742,1.73,3.38
2013.04.09 10:00:14.463,5.74067,5.7423,1.73,1.35
2013.04.09 10:00:14.690,5.74078,5.74221,1.73,3.00
2013.04.09 10:00:15.572,5.74078,5.74206,1.73,1.58
2013.04.09 10:00:15.771,5.74051,5.74196,1.13,1.73
2013.04.09 10:00:16.809,5.74048,5.74196,1.13,1.73
2013.04.09 10:00:17.673,5.74051,5.74196,1.13,1.73
2013.04.09 10:00:18.167,5.74048,5.74196,1.13,1.73
2013.04.09 10:00:19.758,5.74016,5.7418,1.73,2.93
2013.04.09 10:00:23.452,5.74016,5.74163,1.73,1.73
2013.04.09 10:00:23.771,5.74044,5.74182,1.73,1.73
2013.04.09 10:00:24.050,5.74044,5.74186,1.73,1.73
2013.04.09 10:00:25.382,5.74044,5.74186,1.73,1.73
2013.04.09 10:00:26.576,5.7403,5.74182,1.73,1.50
2013.04.09 10:00:26.714,5.74018,5.7418,1.73,1.73
2013.04.09 10:00:26.982,5.74018,5.74165,1.73,1.73
2013.04.09 10:00:28.800,5.74018,5.74165,1.73,1.73
2013.04.09 10:00:28.921,5.74006,5.74161,1.13,1.73
2013.04.09 10:00:29.230,5.73997,5.74141,1.73,1.13
2013.04.09 10:00:29.611,5.74001,5.74142,1.73,1.73
2013.04.09 10:00:30.042,5.74001,5.74142,1.73,1.73
2013.04.09 10:00:30.171,5.74008,5.74155,1.50,1.73
2013.04.09 10:00:33.066,5.74008,5.74155,1.50,1.73
2013.04.09 10:00:33.730,5.74008,5.74155,1.50,1.73
2013.04.09 10:00:34.733,5.74007,5.74155,1.50,1.73
2013.04.09 10:00:36.812,5.74008,5.74155,1.50,1.73
2013.04.09 10:00:37.360,5.74008,5.74155,1.50,1.73
2013.04.09 10:00:38.241,5.74008,5.74155,1.50,1.73
2013.04.09 10:00:40.850,5.74025,5.74163,1.50,2.93
2013.04.09 10:00:40.911,5.74025,5.74174,1.50,1.73
2013.04.09 10:00:41.112,5.74025,5.74174,1.50,1.73
2013.04.09 10:00:41.671,5.74047,5.74195,1.73,1.73
2013.04.09 10:00:41.921,5.74047,5.74184,1.73,1.50
2013.04.09 10:00:42.170,5.74041,5.74184,1.35,1.50
2013.04.09 10:00:43.770,5.74047,5.74192,1.73,1.73
2013.04.09 10:00:43.900,5.74047,5.74192,1.73,1.73
2013.04.09 10:00:44.319,5.74047,5.74192,1.73,1.73
2013.04.09 10:00:45.110,5.74047,5.74192,1.73,1.73
2013.04.09 10:00:45.770,5.74047,5.74192,1.73,1.73
2013.04.09 10:00:46.560,5.74068,5.74202,1.73,1.50
2013.04.09 10:00:47.589,5.74046,5.74192,1.73,1.73
2013.04.09 10:00:48.832,5.74046,5.74192,1.73,1.73
2013.04.09 10:00:49.139,5.74058,5.74202,1.73,1.50
2013.04.09 10:00:50.571,5.74069,5.74218,1.73,1.35
2013.04.09 10:00:50.701,5.74077,5.74233,1.73,1.13
2013.04.09 10:00:51.374,5.74092,5.74218,1.73,1.13
2013.04.09 10:00:54.244,5.74092,5.74235,1.73,1.35
2013.04.09 10:00:54.309,5.74092,5.74235,1.73,1.35
2013.04.09 10:00:54.369,5.74108,5.74256,1.13,2.93
2013.04.09 10:00:54.825,5.74108,5.74256,1.13,2.93
2013.04.09 10:00:55.010,5.74092,5.74256,1.73,2.93
2013.04.09 10:00:55.071,5.74092,5.74235,1.73,1.73
2013.04.09 10:00:56.702,5.74092,5.74235,1.73,1.73
2013.04.09 10:00:58.350,5.74092,5.74235,1.73,1.73
2013.04.09 10:00:59.450,5.74092,5.74235,1.73,1.73
2013.04.09 10:00:59.691,5.74092,5.74256,1.58,2.93
2013.04.09 10:00:59.760,5.74112,5.74258,1.58,1.95
2013.04.09 10:00:59.821,5.74117,5.74279,1.73,2.93
2013.04.09 10:00:59.889,5.74142,5.74285,1.35,1.95
2013.04.09 10:00:59.950,5.74142,5.74306,1.35,2.93
2013.04.09 10:01:01.503,5.74158,5.74307,1.35,1.95
2013.04.09 10:01:05.170,5.74164,5.74328,1.35,2.93
2013.04.09 10:01:05.529,5.74175,5.74328,1.13,2.93
2013.04.09 10:01:05.590,5.74183,5.74334,1.73,1.73
2013.04.09 10:01:07.993,5.74141,5.74325,2.93,2.93
2013.04.09 10:01:14.663,5.74144,5.74304,1.73,1.73
2013.04.09 10:01:16.280,5.74141,5.74304,2.93,1.73
2013.04.09 10:01:16.485,5.74138,5.74295,1.95,1.73
2013.04.09 10:01:23.669,5.7414,5.74302,1.73,2.93
2013.04.09 10:01:24.081,5.74149,5.74321,1.73,1.73
2013.04.09 10:01:25.109,5.74163,5.74325,1.73,1.73
2013.04.09 10:01:25.420,5.74169,5.74325,1.13,1.73
2013.04.09 10:01:25.601,5.74175,5.74329,1.35,1.73
2013.04.09 10:01:26.470,5.74186,5.74342,1.35,1.35
2013.04.09 10:01:26.903,5.74196,5.74351,1.35,1.35
2013.04.09 10:01:27.521,5.7421,5.74372,1.73,2.93
2013.04.09 10:01:27.595,5.74234,5.7439,1.35,1.35
2013.04.09 10:01:29.791,5.7423,5.74396,1.35,2.93
2013.04.09 10:01:30.050,5.74236,5.74396,2.85,2.93
2013.04.09 10:01:30.181,5.74246,5.74404,1.73,1.35
2013.04.09 10:01:30.432,5.74256,5.74418,1.35,2.93
2013.04.09 10:01:33.093,5.74269,5.74419,1.35,1.73
2013.04.09 10:01:33.956,5.74278,5.74432,1.73,1.73
2013.04.09 10:01:35.451,5.74269,5.74419,1.35,1.73
2013.04.09 10:01:46.661,5.74278,5.74416,1.35,1.50
2013.04.09 10:01:46.969,5.74257,5.74398,2.93,1.13
2013.04.09 10:01:47.069,5.7424,5.74393,1.73,1.73
2013.04.09 10:01:56.910,5.7424,5.74389,1.73,1.50
2013.04.09 10:01:57.029,5.74204,5.74363,2.93,2.30
2013.04.09 10:01:57.150,5.74211,5.74346,1.13,2.93
2013.04.09 10:01:57.389,5.74223,5.74369,1.35,1.73
2013.04.09 10:01:58.089,5.74223,5.7439,1.35,2.93
2013.04.09 10:01:58.397,5.74226,5.74384,1.73,1.73
2013.04.09 10:01:59.641,5.74223,5.74369,1.35,1.73
2013.04.09 10:01:59.851,5.74223,5.74373,1.35,1.73
2013.04.09 10:01:59.982,5.74223,5.74369,1.35,1.73
2013.04.09 10:02:01.515,5.74205,5.74347,1.35,1.73
2013.04.09 10:02:02.873,5.742,5.74347,1.73,1.73
2013.04.09 10:02:20.069,5.74201,5.74355,1.35,1.73
2013.04.09 10:02:23.130,5.742,5.74347,1.13,1.73
2013.04.09 10:02:24.063,5.74174,5.74321,1.73,1.13
2013.04.09 10:02:24.134,5.74168,5.74314,1.73,1.35
2013.04.09 10:02:24.201,5.74152,5.74311,1.35,1.73
2013.04.09 10:02:24.512,5.74152,5.74311,1.35,2.70
2013.04.09 10:02:24.830,5.74145,5.74288,1.35,1.73
2013.04.09 10:02:25.130,5.74145,5.74288,1.35,1.73
2013.04.09 10:02:25.191,5.74124,5.74273,1.13,1.73
2013.04.09 10:02:26.142,5.74124,5.74273,1.13,1.73
2013.04.09 10:02:28.454,5.74124,5.74267,1.13,1.73
2013.04.09 10:02:29.418,5.74124,5.74267,1.13,1.73
2013.04.09 10:02:31.870,5.74124,5.74272,1.13,1.73
2013.04.09 10:02:32.640,5.74156,5.74272,1.88,1.73
2013.04.09 10:02:33.092,5.74148,5.74293,1.73,1.73
2013.04.09 10:02:33.291,5.74163,5.74293,1.95,1.73
2013.04.09 10:02:33.640,5.74163,5.74282,1.95,1.73
2013.04.09 10:02:34.109,5.74163,5.74268,1.95,1.73
2013.04.09 10:02:34.820,5.74163,5.74273,1.95,1.73
2013.04.09 10:02:35.441,5.74163,5.74268,1.95,1.73
2013.04.09 10:02:35.624,5.74163,5.74272,1.95,1.73
2013.04.09 10:02:36.123,5.74163,5.74268,1.95,1.73
2013.04.09 10:02:36.725,5.74163,5.74273,1.95,1.73
2013.04.09 10:02:37.911,5.74153,5.74284,2.18,1.35
2013.04.09 10:02:38.226,5.74155,5.74289,2.40,2.93
2013.04.09 10:02:38.301,5.74155,5.74303,2.40,1.73
2013.04.09 10:02:38.480,5.74167,5.74303,2.93,1.73
2013.04.09 10:02:38.915,5.74186,5.74311,1.95,2.93
2013.04.09 10:02:39.295,5.74223,5.74311,1.88,2.93
2013.04.09 10:02:42.420,5.74223,5.74313,1.88,1.35
2013.04.09 10:02:43.193,5.74125,5.74277,1.35,1.73
2013.04.09 10:02:43.262,5.74134,5.74277,1.35,1.73
2013.04.09 10:02:43.570,5.74134,5.74277,1.35,1.73
2013.04.09 10:02:44.201,5.74154,5.74277,1.88,1.73
2013.04.09 10:02:44.960,5.74154,5.74277,1.88,1.73
2013.04.09 10:02:48.050,5.74154,5.74277,1.88,1.73
2013.04.09 10:02:48.469,5.74154,5.74277,1.88,1.73
2013.04.09 10:02:50.290,5.74154,5.74277,1.88,1.73
2013.04.09 10:02:52.501,5.74154,5.74277,1.88,1.73
2013.04.09 10:02:53.502,5.74154,5.74277,1.88,1.73
2013.04.09 10:02:53.831,5.74154,5.74277,1.88,1.73
2013.04.09 10:02:54.440,5.74154,5.74277,1.88,1.73
2013.04.09 10:02:56.360,5.74154,5.74277,1.88,1.73
2013.04.09 10:02:56.709,5.74154,5.74277,1.88,1.73
2013.04.09 10:02:57.901,5.74154,5.74277,1.88,1.73
2013.04.09 10:02:58.140,5.74154,5.74277,1.88,1.73
2013.04.09 10:03:00.430,5.74155,5.74299,1.73,1.73
2013.04.09 10:03:02.221,5.74157,5.743,1.73,1.73
2013.04.09 10:03:02.631,5.74157,5.743,1.73,1.73
2013.04.09 10:03:04.094,5.74157,5.743,1.73,1.73
2013.04.09 10:03:11.473,5.74154,5.74276,1.88,1.73
2013.04.09 10:03:11.782,5.74154,5.74257,1.88,1.73
2013.04.09 10:03:12.590,5.74154,5.74262,1.88,1.73
2013.04.09 10:03:12.970,5.74154,5.74271,1.88,1.13
2013.04.09 10:03:13.140,5.74154,5.74271,1.88,1.13
2013.04.09 10:03:13.501,5.74154,5.74263,1.88,1.73
2013.04.09 10:03:13.622,5.74154,5.74257,1.88,1.73
2013.04.09 10:03:14.601,5.74135,5.74243,2.78,1.13
2013.04.09 10:03:14.731,5.74135,5.74227,2.78,1.13
2013.04.09 10:03:14.801,5.74117,5.74227,1.50,1.13
2013.04.09 10:03:14.931,5.74108,5.74233,3.51,1.13
2013.04.09 10:03:15.061,5.74108,5.74227,3.51,1.35
2013.04.09 10:03:15.882,5.74039,5.74203,1.35,1.73
2013.04.09 10:03:16.202,5.7406,5.74205,1.35,1.73
2013.04.09 10:03:16.383,5.7406,5.74212,1.35,1.73
2013.04.09 10:03:16.455,5.7406,5.74205,1.35,2.93
2013.04.09 10:03:18.464,5.7406,5.74195,1.35,1.50
2013.04.09 10:03:19.085,5.7406,5.74205,1.35,2.93
2013.04.09 10:03:19.211,5.7406,5.74205,1.35,2.93
2013.04.09 10:03:19.282,5.74065,5.74212,1.13,1.73
2013.04.09 10:03:19.351,5.7406,5.74212,1.73,1.73
2013.04.09 10:03:20.594,5.74065,5.74212,1.13,1.73
2013.04.09 10:03:20.951,5.7406,5.74212,2.10,1.73
2013.04.09 10:03:21.710,5.7406,5.74206,1.13,2.93
2013.04.09 10:03:23.670,5.74065,5.74206,1.13,2.93
2013.04.09 10:03:23.882,5.74065,5.74212,1.13,2.48
2013.04.09 10:03:25.870,5.74065,5.74207,1.13,1.73
2013.04.09 10:03:26.392,5.74065,5.74207,1.13,1.73
2013.04.09 10:03:26.810,5.74065,5.74207,1.13,1.73
2013.04.09 10:03:26.872,5.74062,5.74207,1.73,1.73
2013.04.09 10:03:28.101,5.74062,5.74207,1.73,1.73
2013.04.09 10:03:29.142,5.74062,5.74212,1.73,2.48
2013.04.09 10:03:34.702,5.74065,5.74212,1.50,1.73
2013.04.09 10:03:35.793,5.74062,5.74212,1.73,2.48
2013.04.09 10:03:41.631,5.74065,5.74212,1.50,1.73
2013.04.09 10:03:41.901,5.74062,5.74212,1.73,1.73
2013.04.09 10:03:42.174,5.74065,5.74212,1.50,1.73
2013.04.09 10:03:42.401,5.74062,5.74212,1.73,1.73
2013.04.09 10:03:42.512,5.74065,5.74212,1.50,1.73
2013.04.09 10:03:43.863,5.74068,5.74214,1.73,1.73
2013.04.09 10:03:44.392,5.74071,5.74214,1.73,1.73
2013.04.09 10:03:46.570,5.74084,5.74235,1.13,2.93
2013.04.09 10:03:46.633,5.74098,5.74242,1.73,1.95
2013.04.09 10:03:46.710,5.74098,5.74259,1.73,1.35
2013.04.09 10:03:46.786,5.74099,5.74259,1.73,1.35
2013.04.09 10:03:46.857,5.74098,5.74259,1.73,1.35
2013.04.09 10:03:47.161,5.74108,5.74263,2.48,2.93
2013.04.09 10:03:47.221,5.74127,5.74272,1.95,1.73
2013.04.09 10:03:47.280,5.74127,5.74273,1.95,1.73
2013.04.09 10:03:47.340,5.74132,5.74282,2.93,1.95
2013.04.09 10:03:47.642,5.74132,5.74261,2.93,1.50
2013.04.09 10:03:48.131,5.74132,5.74294,2.93,1.73
2013.04.09 10:03:48.374,5.74158,5.74303,2.93,2.40
2013.04.09 10:03:48.690,5.74179,5.7429,1.35,2.10
2013.04.09 10:03:52.852,5.74197,5.7429,1.35,2.10
2013.04.09 10:03:54.009,5.74202,5.7429,1.35,2.10
2013.04.09 10:03:56.492,5.74202,5.74308,1.35,1.88
2013.04.09 10:03:57.556,5.74207,5.74308,1.73,1.88
2013.04.09 10:03:57.632,5.74207,5.74332,1.73,2.10
2013.04.09 10:04:01.492,5.74204,5.74333,2.93,1.50
2013.04.09 10:04:01.744,5.74204,5.74336,2.93,1.73
2013.04.09 10:04:01.812,5.74177,5.74336,2.93,1.73
2013.04.09 10:04:01.881,5.74175,5.74326,1.95,1.73
2013.04.09 10:04:02.151,5.74155,5.74317,2.93,1.73
2013.04.09 10:04:02.652,5.74155,5.74284,2.93,1.65
2013.04.09 10:04:21.804,5.74159,5.74284,2.93,1.65
2013.04.09 10:04:30.834,5.74212,5.74284,2.10,1.65
2013.04.09 10:04:31.021,5.74241,5.74342,1.35,2.93
2013.04.09 10:04:31.737,5.74197,5.74382,2.93,2.93
2013.04.09 10:04:32.601,5.74218,5.74382,1.95,2.93
2013.04.09 10:04:32.671,5.74222,5.74407,2.93,2.93
2013.04.09 10:04:32.911,5.74243,5.74407,1.95,2.93
2013.04.09 10:04:32.983,5.74253,5.74436,2.93,2.93
2013.04.09 10:04:33.761,5.74274,5.74436,1.95,2.93
2013.04.09 10:04:33.831,5.74279,5.74462,2.93,2.93
2013.04.09 10:04:33.950,5.74299,5.74485,2.93,2.93
2013.04.09 10:04:34.191,5.7432,5.74485,1.95,2.93
2013.04.09 10:04:34.522,5.74324,5.74507,2.93,2.93
2013.04.09 10:04:35.006,5.74347,5.74507,1.92,2.93
2013.04.09 10:04:35.130,5.74361,5.74545,2.93,2.93
2013.04.09 10:04:35.250,5.74384,5.74569,2.93,2.93
2013.04.09 10:04:35.310,5.74405,5.74569,1.95,2.93
2013.04.09 10:04:35.430,5.74425,5.74608,2.93,2.93
2013.04.09 10:04:36.251,5.74452,5.74635,2.93,2.93
2013.04.09 10:04:38.554,5.7445,5.74615,1.95,2.93
2013.04.09 10:04:38.641,5.74382,5.74565,2.93,2.93
2013.04.09 10:04:39.621,5.7436,5.74543,2.93,2.93
2013.04.09 10:04:42.096,5.7436,5.74518,2.93,2.70
2013.04.09 10:04:45.072,5.7436,5.74543,2.93,2.93
2013.04.09 10:04:47.242,5.7436,5.74503,2.93,2.48
2013.04.09 10:04:47.301,5.7432,5.74493,2.93,1.73
2013.04.09 10:04:47.361,5.7432,5.74482,2.93,1.95
2013.04.09 10:04:47.422,5.74293,5.74478,2.93,2.93
2013.04.09 10:04:47.843,5.7427,5.74453,2.93,2.93
2013.04.09 10:04:57.161,5.74295,5.74457,2.93,1.95
2013.04.09 10:04:57.232,5.74295,5.74478,2.93,2.93
2013.04.09 10:04:57.361,5.74316,5.74478,1.95,2.93
2013.04.09 10:04:57.524,5.74297,5.74478,1.95,2.93
2013.04.09 10:04:57.713,5.74299,5.74484,2.93,2.93
2013.04.09 10:04:59.343,5.74321,5.74486,2.93,1.95
2013.04.09 10:04:59.593,5.74351,5.74513,2.93,1.95
2013.04.09 10:04:59.664,5.74351,5.74534,2.93,2.93
2013.04.09 10:05:03.282,5.74375,5.74537,2.93,1.95
2013.04.09 10:05:03.543,5.74401,5.74584,2.93,2.93
2013.04.09 10:05:04.748,5.74466,5.74652,2.93,2.93
2013.04.09 10:05:05.653,5.74464,5.74627,1.95,2.93
2013.04.09 10:05:05.902,5.7444,5.74603,1.95,2.93
2013.04.09 10:05:08.496,5.74387,5.74573,2.93,2.93
2013.04.09 10:05:08.742,5.74385,5.7455,1.95,2.93
2013.04.09 10:05:10.582,5.74398,5.74581,2.93,2.93
2013.04.09 10:05:11.025,5.74425,5.74608,2.93,2.93
2013.04.09 10:05:11.453,5.744,5.74585,2.93,2.93
2013.04.09 10:05:12.601,5.74378,5.74563,2.93,2.93
2013.04.09 10:05:17.952,5.74399,5.74563,1.95,2.93
2013.04.09 10:05:18.021,5.74407,5.74592,2.93,2.93
2013.04.09 10:05:20.518,5.74363,5.74546,2.93,2.93
2013.04.09 10:05:21.131,5.74384,5.74546,1.95,2.93
2013.04.09 10:05:21.194,5.7439,5.74574,2.93,2.93
2013.04.09 10:05:22.412,5.74361,5.74544,2.93,2.93
2013.04.09 10:05:24.221,5.74339,5.74522,2.93,2.93
2013.04.09 10:05:33.581,5.74316,5.74502,2.93,2.93
2013.04.09 10:05:34.661,5.74295,5.74478,2.93,2.93
2013.04.09 10:05:48.174,5.74272,5.74458,2.93,2.93
2013.04.09 10:05:52.678,5.7427,5.74434,1.95,2.93
2013.04.09 10:05:53.342,5.74249,5.74434,2.93,2.93
2013.04.09 10:06:04.231,5.74273,5.74456,2.93,2.93
2013.04.09 10:06:10.653,5.74295,5.74464,2.93,1.73
2013.04.09 10:06:10.841,5.74316,5.7448,1.95,2.93
2013.04.09 10:06:10.902,5.74319,5.74504,2.93,2.93
2013.04.09 10:06:16.901,5.74297,5.74483,2.93,2.93
2013.04.09 10:06:30.722,5.74291,5.74465,2.48,2.93
2013.04.09 10:06:31.551,5.74273,5.74444,1.95,2.93
2013.04.09 10:06:35.171,5.74254,5.74423,1.95,2.93
2013.04.09 10:06:35.832,5.74213,5.744,1.58,2.93
2013.04.09 10:06:36.804,5.74231,5.744,1.95,2.93
2013.04.09 10:06:37.282,5.74235,5.74418,2.93,2.93
2013.04.09 10:06:39.563,5.74256,5.74421,2.93,1.95
2013.04.09 10:06:40.101,5.74256,5.74438,2.93,1.73
2013.04.09 10:06:40.342,5.74255,5.74423,1.95,2.93
2013.04.09 10:06:40.651,5.74256,5.74426,2.93,1.95
2013.04.09 10:06:45.043,5.7428,5.74468,2.93,2.93
2013.04.09 10:06:45.472,5.74301,5.7449,2.93,2.93
2013.04.09 10:06:45.614,5.74324,5.74511,2.93,2.93
2013.04.09 10:06:47.639,5.74306,5.74489,2.93,2.93
2013.04.09 10:06:48.788,5.74284,5.74467,2.93,2.93
2013.04.09 10:06:51.692,5.74281,5.74445,1.95,2.93
2013.04.09 10:06:51.991,5.74236,5.74421,2.93,2.93
2013.04.09 10:06:53.241,5.74213,5.74396,2.93,2.93
2013.04.09 10:06:53.542,5.74207,5.74371,1.95,2.93
2013.04.09 10:06:53.612,5.74186,5.74371,2.93,2.93
2013.04.09 10:06:55.604,5.74185,5.74348,1.95,2.93
2013.04.09 10:06:57.312,5.74147,5.74326,2.90,2.93
2013.04.09 10:06:57.573,5.7414,5.74304,1.95,2.93
2013.04.09 10:06:57.943,5.74107,5.7428,2.90,2.93
2013.04.09 10:07:00.245,5.74051,5.74252,2.93,1.73
2013.04.09 10:07:00.312,5.74049,5.74232,1.95,2.93
2013.04.09 10:07:00.874,5.74028,5.74211,2.90,2.93
2013.04.09 10:07:01.474,5.73968,5.74203,2.93,2.90
2013.04.09 10:07:01.546,5.73989,5.74194,1.73,1.73
2013.04.09 10:07:01.862,5.73999,5.74194,2.93,1.73
2013.04.09 10:07:02.734,5.74025,5.74204,2.93,2.78
2013.04.09 10:07:02.804,5.74025,5.74228,2.93,2.93
2013.04.09 10:07:03.293,5.74057,5.74228,1.92,2.93
2013.04.09 10:07:03.613,5.74079,5.74262,2.93,2.93
2013.04.09 10:07:04.223,5.74105,5.74275,2.93,1.73
2013.04.09 10:07:05.643,5.74076,5.74261,2.93,2.93
2013.04.09 10:07:12.053,5.74055,5.74238,2.93,2.93
2013.04.09 10:07:12.458,5.74076,5.7424,2.93,1.73
2013.04.09 10:07:12.935,5.74076,5.74261,2.93,2.93
2013.04.09 10:07:13.361,5.74098,5.74275,2.93,1.73
2013.04.09 10:07:13.912,5.74097,5.74261,1.95,2.93
2013.04.09 10:07:18.582,5.74073,5.74237,1.95,2.93
2013.04.09 10:07:19.816,5.74052,5.74237,2.93,2.93
2013.04.09 10:07:20.861,5.74079,5.74263,2.93,3.68
2013.04.09 10:07:21.283,5.74101,5.74266,2.93,1.73
2013.04.09 10:07:25.906,5.74125,5.74289,2.93,1.95
2013.04.09 10:07:25.972,5.74125,5.7431,2.93,2.93
2013.04.09 10:07:26.624,5.74125,5.74289,2.93,1.95
2013.04.09 10:07:26.908,5.74089,5.74274,2.93,2.93
2013.04.09 10:07:27.452,5.74119,5.74281,2.93,1.95
2013.04.09 10:07:27.521,5.74119,5.74302,2.93,2.93
2013.04.09 10:07:28.141,5.74141,5.74305,2.93,1.95
2013.04.09 10:07:28.503,5.74137,5.74299,1.95,2.93
2013.04.09 10:07:28.573,5.74116,5.74299,2.93,2.93
2013.04.09 10:07:29.003,5.74113,5.74277,1.95,2.93
2013.04.09 10:07:32.072,5.74094,5.74256,2.93,1.95
2013.04.09 10:07:32.134,5.74067,5.74251,2.93,2.93
2013.04.09 10:07:32.804,5.74089,5.74272,2.93,2.93
2013.04.09 10:07:35.837,5.7411,5.74272,1.73,2.93
2013.04.09 10:07:36.201,5.74143,5.74306,1.95,2.93
2013.04.09 10:07:36.261,5.74159,5.74318,1.35,1.73
2013.04.09 10:07:36.983,5.74181,5.74341,2.93,1.73
2013.04.09 10:07:37.051,5.74181,5.74345,2.93,1.73
2013.04.09 10:07:38.142,5.74195,5.74344,1.73,1.50
2013.04.09 10:07:38.866,5.74195,5.74344,1.73,1.50
2013.04.09 10:07:39.854,5.74195,5.74344,1.73,1.50
2013.04.09 10:07:40.363,5.74185,5.74322,1.50,1.73
2013.04.09 10:07:40.871,5.74177,5.74322,1.73,1.73
2013.04.09 10:07:42.457,5.74177,5.74322,1.73,1.73
2013.04.09 10:07:42.781,5.74205,5.74362,1.35,1.73
2013.04.09 10:07:42.841,5.74224,5.7437,1.35,2.70
2013.04.09 10:07:42.963,5.74242,5.74393,1.35,1.73
2013.04.09 10:07:43.313,5.74242,5.744,1.35,1.73
2013.04.09 10:07:43.441,5.74242,5.744,1.35,1.73
2013.04.09 10:07:43.654,5.74242,5.74416,1.35,1.35
2013.04.09 10:07:43.723,5.74253,5.74421,1.35,2.93
2013.04.09 10:07:43.912,5.74282,5.74423,1.35,1.73
2013.04.09 10:07:44.162,5.74282,5.74441,1.35,1.73
2013.04.09 10:07:45.301,5.74282,5.74435,1.35,1.50
2013.04.09 10:07:46.039,5.74282,5.74435,1.35,1.50
2013.04.09 10:07:46.192,5.74282,5.74441,1.35,1.73
2013.04.09 10:07:46.262,5.743,5.74443,1.73,1.73
2013.04.09 10:07:46.744,5.743,5.74443,1.73,1.73
2013.04.09 10:07:48.932,5.743,5.74441,1.73,1.73
2013.04.09 10:07:49.225,5.74293,5.74441,1.73,1.73
2013.04.09 10:07:49.493,5.74293,5.74441,1.73,1.73
2013.04.09 10:07:49.991,5.74282,5.74436,1.35,1.50
2013.04.09 10:07:50.232,5.74277,5.7442,1.35,1.73
2013.04.09 10:07:50.423,5.74277,5.7442,1.35,1.73
2013.04.09 10:07:50.632,5.74277,5.7442,1.35,1.73
2013.04.09 10:07:50.691,5.74256,5.74438,3.68,1.73
2013.04.09 10:07:57.351,5.74286,5.74471,2.93,2.93
2013.04.09 10:07:57.662,5.7433,5.74493,1.95,2.93
2013.04.09 10:07:58.021,5.74332,5.74501,2.93,1.80
2013.04.09 10:07:58.353,5.74353,5.74511,2.93,2.08
2013.04.09 10:07:59.363,5.74353,5.745,2.93,1.72
2013.04.09 10:08:05.932,5.74353,5.74532,2.93,1.73
2013.04.09 10:08:06.783,5.74353,5.74517,2.93,1.73
2013.04.09 10:08:06.853,5.74328,5.74503,2.93,1.73
2013.04.09 10:08:07.327,5.74328,5.74492,2.93,1.73
2013.04.09 10:08:07.581,5.74304,5.74483,2.93,1.73
2013.04.09 10:08:07.825,5.74325,5.74483,1.73,1.73
2013.04.09 10:08:08.167,5.74349,5.74493,1.35,1.73
2013.04.09 10:08:08.372,5.74369,5.74513,1.35,1.73
2013.04.09 10:08:08.531,5.74369,5.74513,1.35,1.73
2013.04.09 10:08:08.942,5.74382,5.74513,2.40,1.73
2013.04.09 10:08:09.262,5.74382,5.74513,2.40,1.73
2013.04.09 10:08:10.036,5.74372,5.74513,1.73,1.73
2013.04.09 10:08:10.483,5.74372,5.74513,1.73,1.73
2013.04.09 10:08:10.672,5.74338,5.74488,1.73,1.73
2013.04.09 10:08:10.745,5.74338,5.74488,1.73,1.73
2013.04.09 10:08:10.932,5.74326,5.74488,2.93,1.73
2013.04.09 10:08:11.302,5.74333,5.74463,1.50,1.73
2013.04.09 10:08:11.787,5.74333,5.74463,1.50,1.73
2013.04.09 10:08:12.102,5.74302,5.74463,1.73,1.73
2013.04.09 10:08:12.233,5.74298,5.74453,2.70,1.73
2013.04.09 10:08:12.422,5.74316,5.74452,1.95,1.73
2013.04.09 10:08:12.742,5.74332,5.74464,1.88,1.73
2013.04.09 10:08:12.803,5.74332,5.74473,1.88,1.73
2013.04.09 10:08:17.201,5.74331,5.74485,2.18,2.93
2013.04.09 10:08:17.321,5.74341,5.74487,1.73,1.95
2013.04.09 10:08:17.823,5.74347,5.74511,4.05,1.95
2013.04.09 10:08:18.213,5.74369,5.74509,2.55,1.73
2013.04.09 10:08:18.905,5.74369,5.74509,2.55,1.73
2013.04.09 10:08:19.104,5.74379,5.74509,1.13,1.73
2013.04.09 10:08:19.292,5.74387,5.74524,1.92,1.73
2013.04.09 10:08:19.422,5.74387,5.74558,2.90,2.93
2013.04.09 10:08:19.602,5.74398,5.74581,2.93,2.93
2013.04.09 10:08:20.451,5.74419,5.74593,2.93,1.73
2013.04.09 10:08:23.701,5.74449,5.74602,1.95,1.73
2013.04.09 10:08:24.971,5.74459,5.74607,1.73,1.95
2013.04.09 10:08:25.048,5.74459,5.74626,1.73,1.73
2013.04.09 10:08:25.242,5.74466,5.74626,1.35,1.73
2013.04.09 10:08:25.423,5.74514,5.74697,2.93,2.93
2013.04.09 10:08:25.552,5.74538,5.747,2.93,1.95
2013.04.09 10:08:26.076,5.74538,5.74721,2.93,2.93
2013.04.09 10:08:29.862,5.74516,5.74699,2.93,2.93
2013.04.09 10:08:30.172,5.74514,5.74677,1.95,2.93
2013.04.09 10:08:33.969,5.7454,5.74721,2.93,1.73
2013.04.09 10:08:35.143,5.7454,5.74703,2.93,1.58
2013.04.09 10:08:35.331,5.7449,5.74625,2.93,1.35
2013.04.09 10:08:35.391,5.74463,5.74625,2.93,1.35
2013.04.09 10:08:36.485,5.74479,5.74628,1.73,1.73
2013.04.09 10:08:36.554,5.7449,5.74646,2.70,2.93
2013.04.09 10:08:36.862,5.745,5.74646,1.50,2.93
2013.04.09 10:08:37.044,5.74505,5.74662,2.48,1.35
2013.04.09 10:08:37.292,5.74516,5.74662,1.50,1.35
2013.04.09 10:08:37.684,5.745,5.74648,1.73,1.73
2013.04.09 10:08:40.881,5.7449,5.74647,1.65,3.68
2013.04.09 10:08:41.232,5.74481,5.7463,1.73,1.73
2013.04.09 10:08:41.422,5.74478,5.74625,1.50,2.93
2013.04.09 10:08:42.272,5.74437,5.74601,1.73,2.93
2013.04.09 10:08:42.793,5.74443,5.74592,1.50,1.73
2013.04.09 10:08:46.123,5.74439,5.74592,1.73,1.73
2013.04.09 10:08:48.153,5.74443,5.74592,1.50,1.73
2013.04.09 10:08:55.140,5.74439,5.74592,1.73,1.73
2013.04.09 10:08:55.592,5.74439,5.74601,1.73,2.93
2013.04.09 10:08:55.652,5.74445,5.74603,1.73,1.73
2013.04.09 10:08:55.781,5.7446,5.74612,1.73,1.73
2013.04.09 10:09:05.765,5.7446,5.74603,1.73,1.73
2013.04.09 10:09:06.072,5.74439,5.74575,2.93,1.13
2013.04.09 10:09:06.192,5.74416,5.74575,2.93,1.13
2013.04.09 10:09:06.311,5.74416,5.74573,2.93,1.73
2013.04.09 10:09:06.372,5.74398,5.74562,1.73,1.73
2013.04.09 10:09:06.835,5.74407,5.74553,2.18,1.73
2013.04.09 10:09:07.222,5.74387,5.74553,1.73,1.73
2013.04.09 10:09:08.175,5.74406,5.74552,1.73,1.73
2013.04.09 10:09:08.246,5.74405,5.74552,1.73,1.73
2013.04.09 10:09:08.834,5.74406,5.74552,1.73,1.73
2013.04.09 10:09:10.234,5.7443,5.74562,1.73,2.85
2013.04.09 10:09:10.303,5.7443,5.74575,1.73,1.35
2013.04.09 10:09:11.165,5.74448,5.74596,1.73,1.95
2013.04.09 10:09:11.256,5.74451,5.74602,1.73,1.73
2013.04.09 10:09:13.673,5.74453,5.74602,1.50,1.73
2013.04.09 10:09:17.204,5.74457,5.74612,1.73,1.88
2013.04.09 10:09:17.274,5.74476,5.74623,1.73,1.35
2013.04.09 10:09:17.404,5.74461,5.74623,1.73,2.10
2013.04.09 10:09:17.534,5.74477,5.74623,1.50,1.35
2013.04.09 10:09:17.782,5.74477,5.74639,1.73,2.93
2013.04.09 10:09:17.922,5.7448,5.74643,2.93,1.73
2013.04.09 10:09:18.163,5.74501,5.74651,1.73,1.73
2013.04.09 10:09:21.891,5.74481,5.74638,1.73,2.78
2013.04.09 10:09:22.132,5.74474,5.74623,1.73,1.73
2013.04.09 10:09:22.191,5.74457,5.74616,1.73,1.35
2013.04.09 10:09:23.553,5.74468,5.74615,1.73,1.73
2013.04.09 10:09:23.882,5.74458,5.74592,2.03,1.73
2013.04.09 10:09:24.204,5.74459,5.74613,1.20,2.93
2013.04.09 10:09:24.333,5.74487,5.74617,2.90,1.95
2013.04.09 10:09:24.403,5.74487,5.74638,2.90,2.93
2013.04.09 10:09:24.472,5.74509,5.74691,2.93,1.73
2013.04.09 10:09:24.782,5.74509,5.74673,2.93,1.73
2013.04.09 10:09:25.123,5.74541,5.74643,2.93,2.40
2013.04.09 10:09:25.193,5.74541,5.74703,2.93,1.50
2013.04.09 10:09:25.561,5.74541,5.74705,2.93,1.73
2013.04.09 10:09:26.045,5.74541,5.74682,2.93,1.50
2013.04.09 10:09:26.622,5.74541,5.74675,2.93,1.50
2013.04.09 10:09:26.812,5.74541,5.74683,2.93,1.50
2013.04.09 10:09:27.585,5.74564,5.74685,2.93,2.10
2013.04.09 10:09:28.272,5.74564,5.74727,2.93,1.73
2013.04.09 10:09:28.342,5.74585,5.74727,1.95,1.73
2013.04.09 10:09:28.692,5.74589,5.74712,2.93,1.50
2013.04.09 10:09:29.023,5.74589,5.74708,2.93,1.50
2013.04.09 10:09:29.591,5.74589,5.74713,2.93,1.50
2013.04.09 10:09:30.113,5.74589,5.74723,2.93,1.50
2013.04.09 10:09:32.371,5.74589,5.74723,2.93,1.50
2013.04.09 10:09:33.264,5.74589,5.74709,2.93,1.50
2013.04.09 10:09:33.393,5.74586,5.74709,1.95,1.50
2013.04.09 10:09:33.582,5.74565,5.7472,2.93,1.50
2013.04.09 10:09:34.342,5.74565,5.74692,2.93,1.50
2013.04.09 10:09:35.771,5.74565,5.74693,2.93,1.50
2013.04.09 10:09:36.461,5.74565,5.74692,2.93,1.50
2013.04.09 10:09:36.522,5.74565,5.74692,2.93,1.50
2013.04.09 10:09:36.842,5.7458,5.74692,2.93,1.50
2013.04.09 10:09:37.067,5.7458,5.74716,2.93,1.50
2013.04.09 10:09:37.216,5.7458,5.74726,2.93,1.73
2013.04.09 10:09:37.285,5.74603,5.74746,2.93,1.13
2013.04.09 10:09:37.682,5.74603,5.74732,2.93,1.50
2013.04.09 10:09:45.431,5.74603,5.74729,2.93,1.50
2013.04.09 10:09:46.772,5.74603,5.74729,2.93,1.50
2013.04.09 10:09:49.522,5.74603,5.74729,2.93,1.50
2013.04.09 10:09:50.371,5.74622,5.74729,2.93,1.50
2013.04.09 10:09:50.574,5.74622,5.74739,2.93,2.25
2013.04.09 10:09:51.022,5.74622,5.74763,2.93,3.68
2013.04.09 10:09:51.712,5.74622,5.74753,2.93,1.50
2013.04.09 10:09:52.421,5.74622,5.74763,2.93,2.93
2013.04.09 10:09:52.600,5.74599,5.74763,2.93,4.70
2013.04.09 10:09:52.900,5.74599,5.74732,2.93,1.50
2013.04.09 10:09:53.436,5.74599,5.74754,2.93,2.03
2013.04.09 10:09:53.502,5.74626,5.74754,2.93,2.03
2013.04.09 10:09:54.285,5.74624,5.74754,1.95,2.03
2013.04.09 10:09:54.473,5.74603,5.74736,2.93,2.55
2013.04.09 10:09:58.776,5.74624,5.74736,1.73,2.55
2013.04.09 10:09:58.902,5.74626,5.74788,1.13,2.93
2013.04.09 10:09:59.033,5.74628,5.74792,3.68,1.73
2013.04.09 10:09:59.243,5.74628,5.7479,2.93,1.73
2013.04.09 10:10:00.233,5.74628,5.74781,2.93,2.25
2013.04.09 10:10:01.952,5.74628,5.74771,2.93,1.50
2013.04.09 10:10:03.603,5.74628,5.74772,2.93,1.50
2013.04.09 10:10:04.167,5.74628,5.74771,2.93,1.50
2013.04.09 10:10:08.741,5.74628,5.74772,2.93,1.50
2013.04.09 10:10:09.207,5.74628,5.74753,2.93,1.50
2013.04.09 10:10:09.412,5.74604,5.74731,2.93,1.35
2013.04.09 10:10:09.481,5.74588,5.74731,1.73,1.35
2013.04.09 10:10:09.542,5.74578,5.74708,1.92,2.93
2013.04.09 10:10:09.612,5.74528,5.74708,1.73,2.93
2013.04.09 10:10:10.542,5.74546,5.74708,1.73,2.93
2013.04.09 10:10:10.674,5.74567,5.7471,1.73,1.73
2013.04.09 10:10:10.746,5.7457,5.74718,2.93,1.88
2013.04.09 10:10:10.954,5.74592,5.74757,2.93,1.95
2013.04.09 10:10:11.083,5.74627,5.74769,2.93,2.63
2013.04.09 10:10:11.413,5.74627,5.7474,2.93,1.88
2013.04.09 10:10:11.621,5.74625,5.7474,1.95,1.88
2013.04.09 10:10:11.881,5.74606,5.7473,2.93,1.50
2013.04.09 10:10:12.269,5.74606,5.7473,2.93,1.50
2013.04.09 10:10:12.713,5.74606,5.7473,2.93,1.50
2013.04.09 10:10:13.644,5.74606,5.7473,2.93,1.50
2013.04.09 10:10:14.061,5.74583,5.7473,1.73,1.50
2013.04.09 10:10:15.122,5.74543,5.74643,2.93,1.92
2013.04.09 10:10:15.193,5.74535,5.74643,1.35,1.92
2013.04.09 10:10:15.261,5.74537,5.74689,1.92,2.63
2013.04.09 10:10:15.323,5.74538,5.74722,2.93,2.55
2013.04.09 10:10:15.391,5.74571,5.74722,2.93,1.35
2013.04.09 10:10:16.381,5.74571,5.74693,2.93,1.73
2013.04.09 10:10:16.562,5.74549,5.7469,2.93,1.35
2013.04.09 10:10:16.631,5.74526,5.7469,2.93,1.35
2013.04.09 10:10:16.691,5.7452,5.74662,1.95,1.35
2013.04.09 10:10:16.751,5.74499,5.74662,2.93,1.35
2013.04.09 10:10:17.061,5.7452,5.74662,1.95,1.35
2013.04.09 10:10:17.363,5.74523,5.7468,2.93,1.13
2013.04.09 10:10:17.933,5.74523,5.74661,2.93,1.13
2013.04.09 10:10:18.342,5.74523,5.74632,2.93,2.10
2013.04.09 10:10:18.871,5.74523,5.74672,2.93,1.50
2013.04.09 10:10:18.931,5.74523,5.74682,2.93,3.23
2013.04.09 10:10:19.052,5.74546,5.74682,2.93,3.23
2013.04.09 10:10:19.181,5.74546,5.74708,2.93,1.73
2013.04.09 10:10:19.662,5.74546,5.74681,2.93,1.95
2013.04.09 10:10:26.869,5.74574,5.74708,1.95,1.73
2013.04.09 10:10:27.432,5.74567,5.74708,1.73,1.73
2013.04.09 10:10:27.832,5.74579,5.74708,1.73,1.73
2013.04.09 10:10:29.210,5.74579,5.74708,1.73,1.73
2013.04.09 10:10:32.122,5.74579,5.74729,1.73,2.93
2013.04.09 10:10:32.181,5.74579,5.74702,1.73,2.10
2013.04.09 10:10:32.361,5.74499,5.74662,2.93,1.92
2013.04.09 10:10:32.612,5.74453,5.74624,1.73,2.93
2013.04.09 10:10:33.405,5.7446,5.74624,1.73,2.93
2013.04.09 10:10:33.662,5.74514,5.74656,1.73,1.73
2013.04.09 10:10:33.782,5.74514,5.74656,1.73,1.73
2013.04.09 10:10:33.851,5.74503,5.74656,1.58,1.73
2013.04.09 10:10:33.973,5.74503,5.74656,1.58,1.73
2013.04.09 10:10:34.304,5.74481,5.74622,1.73,1.73
2013.04.09 10:10:34.671,5.7446,5.74622,2.93,1.73
2013.04.09 10:10:34.884,5.7446,5.74622,2.93,1.73
2013.04.09 10:10:36.131,5.74468,5.74617,1.73,1.50
2013.04.09 10:10:36.523,5.74468,5.74617,1.73,1.50
2013.04.09 10:10:37.935,5.74468,5.74617,1.73,1.50
2013.04.09 10:10:38.371,5.74481,5.74622,1.73,1.73
2013.04.09 10:10:38.623,5.74481,5.74622,1.73,1.73
2013.04.09 10:10:38.693,5.74476,5.74622,1.73,1.73
2013.04.09 10:10:38.761,5.74481,5.74635,2.93,1.13
2013.04.09 10:10:39.432,5.74497,5.74645,1.73,1.73
2013.04.09 10:10:40.242,5.74508,5.74668,2.93,1.73
2013.04.09 10:10:40.314,5.74508,5.74669,2.93,1.13
2013.04.09 10:10:40.812,5.74528,5.74669,1.73,1.13
2013.04.09 10:10:41.132,5.74528,5.74669,1.73,1.13
2013.04.09 10:10:41.743,5.74508,5.74655,3.68,1.50
2013.04.09 10:10:41.931,5.74507,5.74648,1.73,1.73
2013.04.09 10:10:43.813,5.74507,5.74648,1.73,1.73
2013.04.09 10:10:44.404,5.74507,5.74648,1.73,1.73
2013.04.09 10:10:44.532,5.74463,5.74628,2.93,1.73
2013.04.09 10:10:45.034,5.7447,5.74617,1.73,1.50
2013.04.09 10:10:45.233,5.74479,5.74628,1.73,1.73
2013.04.09 10:10:45.304,5.74508,5.74662,2.93,3.05
2013.04.09 10:10:45.491,5.74508,5.74662,2.93,1.13
2013.04.09 10:10:46.058,5.74529,5.74662,1.73,1.13
2013.04.09 10:10:47.337,5.74529,5.74662,1.73,1.13
2013.04.09 10:10:47.613,5.74529,5.74662,1.73,1.13
2013.04.09 10:10:48.162,5.74529,5.74662,1.73,1.13
2013.04.09 10:10:48.641,5.74529,5.74662,1.73,1.13
2013.04.09 10:10:49.142,5.74529,5.74662,1.73,1.13
2013.04.09 10:10:50.603,5.74515,5.74662,1.73,1.13
2013.04.09 10:10:50.753,5.74515,5.74662,1.73,1.13
2013.04.09 10:10:51.174,5.74529,5.74662,1.73,1.13
2013.04.09 10:10:51.371,5.74529,5.74662,1.73,1.13
2013.04.09 10:10:51.432,5.74532,5.74662,1.73,1.13
2013.04.09 10:10:51.754,5.74535,5.74662,2.93,1.13
2013.04.09 10:10:52.820,5.74535,5.74662,2.93,1.13
2013.04.09 10:10:54.401,5.74534,5.74662,1.95,1.13
2013.04.09 10:10:54.702,5.74532,5.74662,1.73,1.13
2013.04.09 10:10:55.221,5.74514,5.74661,3.68,1.50
2013.04.09 10:10:55.462,5.74514,5.74661,3.68,1.50
2013.04.09 10:10:56.451,5.74514,5.74661,3.68,1.50
2013.04.09 10:10:56.573,5.74512,5.74655,1.73,1.73
2013.04.09 10:10:56.715,5.74512,5.74655,1.73,1.73
2013.04.09 10:10:57.304,5.74512,5.74655,1.73,1.73
2013.04.09 10:10:57.623,5.74514,5.74661,3.68,1.50
2013.04.09 10:10:57.812,5.74514,5.74661,3.68,1.50
2013.04.09 10:10:58.202,5.74514,5.74661,3.68,1.50
2013.04.09 10:10:59.003,5.74514,5.74661,3.68,1.50
2013.04.09 10:10:59.074,5.74514,5.74661,3.68,1.50
2013.04.09 10:11:01.713,5.74512,5.74655,1.73,1.73
2013.04.09 10:11:02.183,5.74512,5.74655,1.73,1.73
2013.04.09 10:11:02.634,5.74514,5.74661,3.68,1.50
2013.04.09 10:11:03.242,5.74514,5.74661,3.68,1.50
2013.04.09 10:11:03.357,5.74514,5.74661,3.68,1.50
2013.04.09 10:11:04.124,5.74532,5.74663,1.73,1.35
2013.04.09 10:11:04.396,5.74532,5.74663,1.73,1.35
2013.04.09 10:11:04.732,5.74532,5.74663,1.73,1.35
2013.04.09 10:11:05.163,5.74514,5.74637,2.93,1.35
2013.04.09 10:11:05.293,5.74494,5.74637,1.35,1.35
2013.04.09 10:11:06.495,5.74504,5.74637,1.73,1.35
2013.04.09 10:11:06.653,5.74504,5.74637,1.73,1.35
2013.04.09 10:11:06.976,5.74504,5.74637,1.73,1.35
2013.04.09 10:11:07.912,5.74504,5.74637,1.73,1.35
2013.04.09 10:11:08.132,5.74504,5.74637,1.73,1.35
2013.04.09 10:11:08.472,5.74503,5.74654,1.73,1.73
2013.04.09 10:11:08.842,5.74528,5.74654,2.25,1.73
2013.04.09 10:11:09.455,5.74534,5.74677,1.73,1.73
2013.04.09 10:11:09.903,5.74534,5.74677,1.73,1.73
2013.04.09 10:11:09.972,5.74538,5.74682,1.73,1.13
2013.04.09 10:11:10.405,5.74538,5.74687,1.73,1.50
2013.04.09 10:11:10.883,5.74554,5.74699,1.73,1.73
2013.04.09 10:11:11.461,5.74554,5.74699,1.73,1.73
2013.04.09 10:11:12.873,5.74554,5.74699,1.73,1.73
2013.04.09 10:11:15.092,5.74554,5.74699,1.73,1.73
2013.04.09 10:11:16.412,5.74554,5.74699,1.73,1.73
2013.04.09 10:11:17.561,5.74554,5.74699,1.73,1.73
2013.04.09 10:11:17.873,5.74554,5.74699,1.73,1.73
2013.04.09 10:11:19.124,5.74563,5.74683,2.93,1.50
2013.04.09 10:11:19.208,5.74563,5.74706,2.93,1.50
2013.04.09 10:11:19.553,5.74563,5.74713,2.93,1.50
2013.04.09 10:11:20.153,5.74563,5.74706,2.93,1.50
2013.04.09 10:11:24.711,5.74563,5.74712,2.93,1.50
2013.04.09 10:11:29.484,5.74588,5.74716,2.93,1.95
2013.04.09 10:11:29.552,5.74588,5.74732,2.93,2.07
2013.04.09 10:11:29.803,5.74588,5.74736,2.93,1.32
2013.04.09 10:11:29.863,5.7461,5.74736,2.93,1.32
2013.04.09 10:11:30.502,5.7461,5.74736,2.93,1.32
2013.04.09 10:11:33.971,5.74588,5.74733,2.93,1.32
2013.04.09 10:11:36.388,5.74588,5.74732,2.93,1.32
2013.04.09 10:11:36.642,5.74572,5.74723,1.35,1.35
2013.04.09 10:11:36.763,5.74562,5.74723,2.93,1.35
2013.04.09 10:11:36.833,5.74562,5.74702,2.93,1.35
2013.04.09 10:11:36.964,5.74538,5.74702,1.73,1.73
2013.04.09 10:11:37.730,5.74559,5.74712,2.93,2.25
2013.04.09 10:11:43.637,5.74559,5.74702,2.93,1.50
2013.04.09 10:11:44.171,5.74553,5.74702,1.73,1.50
2013.04.09 10:11:44.351,5.74553,5.74702,1.73,1.50
2013.04.09 10:11:49.684,5.74553,5.74702,1.73,1.50
2013.04.09 10:11:52.956,5.74553,5.74702,1.73,1.50
2013.04.09 10:11:53.092,5.74553,5.74702,1.73,1.50
2013.04.09 10:11:53.587,5.74553,5.74702,1.73,1.50
2013.04.09 10:11:56.556,5.74553,5.74702,1.73,1.50
2013.04.09 10:12:01.233,5.74553,5.74702,1.73,1.50
2013.04.09 10:12:03.631,5.74553,5.74694,1.73,1.35
2013.04.09 10:12:03.871,5.7455,5.74694,1.35,1.35
2013.04.09 10:12:04.171,5.7455,5.74692,1.35,1.50
2013.04.09 10:12:05.356,5.7455,5.74692,1.35,1.50
2013.04.09 10:12:06.126,5.7455,5.74692,1.35,1.50
2013.04.09 10:12:06.352,5.74557,5.74694,1.95,1.35
2013.04.09 10:12:07.117,5.74557,5.747,1.95,1.58
2013.04.09 10:12:07.182,5.7455,5.74694,1.35,1.35
2013.04.09 10:12:08.281,5.74547,5.747,1.35,1.58
2013.04.09 10:12:08.342,5.74556,5.747,1.65,1.58
2013.04.09 10:12:09.382,5.74547,5.747,1.35,1.58
2013.04.09 10:12:09.702,5.74547,5.74694,1.35,1.35
2013.04.09 10:12:16.136,5.74547,5.74692,1.35,1.50
2013.04.09 10:12:16.921,5.74556,5.74694,2.78,1.35
2013.04.09 10:12:22.462,5.7454,5.74687,1.73,1.50
2013.04.09 10:12:22.581,5.7454,5.74687,1.73,1.50
2013.04.09 10:12:22.643,5.74534,5.74675,1.73,1.73
2013.04.09 10:12:23.072,5.74534,5.74675,1.73,1.73
2013.04.09 10:12:23.411,5.74534,5.74675,1.73,1.73
2013.04.09 10:12:24.323,5.74534,5.74675,1.73,1.73
2013.04.09 10:12:24.432,5.74534,5.74675,1.73,1.73
2013.04.09 10:12:27.361,5.74534,5.74675,1.73,1.73
2013.04.09 10:12:29.151,5.74534,5.74675,1.73,1.73
2013.04.09 10:12:29.211,5.74534,5.74675,1.73,1.73
2013.04.09 10:12:29.551,5.74555,5.74692,1.73,1.13
2013.04.09 10:12:29.717,5.74555,5.74692,1.73,1.13
2013.04.09 10:12:30.201,5.74558,5.74698,1.13,1.73
2013.04.09 10:12:30.261,5.74559,5.74719,1.35,1.73
2013.04.09 10:12:30.461,5.74577,5.74719,1.73,1.73
2013.04.09 10:12:31.393,5.74577,5.74719,1.73,1.73
2013.04.09 10:12:40.561,5.74577,5.74719,1.73,1.73
2013.04.09 10:12:41.546,5.74577,5.74719,1.73,1.73
2013.04.09 10:12:41.732,5.74577,5.74719,1.73,1.73
2013.04.09 10:12:41.971,5.74591,5.74719,1.88,1.73
2013.04.09 10:12:44.296,5.74591,5.74719,1.88,1.73
2013.04.09 10:12:46.827,5.74591,5.74728,1.88,1.58
2013.04.09 10:12:46.951,5.74572,5.74728,1.35,1.58
2013.04.09 10:12:48.064,5.74577,5.74727,1.73,1.73
2013.04.09 10:12:48.807,5.74577,5.74719,1.73,1.73
2013.04.09 10:12:49.357,5.74577,5.74719,1.73,1.73
2013.04.09 10:12:50.128,5.74578,5.74722,1.73,1.73
2013.04.09 10:12:50.571,5.74578,5.74722,1.73,1.73
2013.04.09 10:12:52.548,5.74578,5.74722,1.73,1.73
2013.04.09 10:12:55.881,5.74581,5.74722,1.73,1.73
2013.04.09 10:12:55.941,5.74581,5.74727,1.73,1.73
2013.04.09 10:12:56.062,5.74603,5.74746,1.35,1.95
2013.04.09 10:12:56.182,5.74619,5.74768,1.35,1.73
2013.04.09 10:12:56.902,5.7463,5.74771,1.73,1.73
2013.04.09 10:12:57.851,5.7463,5.74773,1.73,1.73
2013.04.09 10:12:58.265,5.7463,5.74771,1.73,1.73
2013.04.09 10:12:59.197,5.7463,5.74773,1.73,1.73
2013.04.09 10:12:59.590,5.7463,5.74771,1.73,1.73
2013.04.09 10:13:04.953,5.7463,5.74771,1.73,1.73
2013.04.09 10:13:05.942,5.7463,5.74771,1.73,1.73
2013.04.09 10:13:06.876,5.7463,5.74773,1.73,1.73
2013.04.09 10:13:11.935,5.7463,5.74771,1.73,1.73
2013.04.09 10:13:13.783,5.7463,5.74766,1.73,1.35
2013.04.09 10:13:13.852,5.7462,5.74766,1.35,1.35
2013.04.09 10:13:13.978,5.7462,5.74766,1.35,1.35
2013.04.09 10:13:14.424,5.74605,5.74748,1.73,1.73
2013.04.09 10:13:15.346,5.74605,5.74748,1.73,1.73
2013.04.09 10:13:15.942,5.74605,5.74748,1.73,1.73
2013.04.09 10:13:18.125,5.74598,5.74723,2.18,1.73
2013.04.09 10:13:25.323,5.746,5.74743,1.73,1.73
2013.04.09 10:13:29.162,5.74602,5.74755,1.13,1.73
2013.04.09 10:13:29.533,5.74627,5.74763,1.58,1.73
2013.04.09 10:13:29.835,5.74628,5.74766,1.73,1.73
2013.04.09 10:13:30.154,5.74616,5.74765,1.73,1.50
2013.04.09 10:13:30.224,5.74616,5.74765,1.73,1.50
2013.04.09 10:13:30.652,5.74607,5.74749,1.73,1.73
2013.04.09 10:13:31.194,5.74607,5.74749,1.73,1.73
2013.04.09 10:13:31.580,5.74607,5.74749,1.73,1.73
2013.04.09 10:13:32.185,5.74611,5.74753,1.13,1.73
2013.04.09 10:13:32.982,5.74611,5.74749,1.13,1.73
2013.04.09 10:13:33.283,5.74607,5.74735,1.35,1.35
2013.04.09 10:13:33.352,5.74583,5.74727,1.95,1.73
2013.04.09 10:13:33.533,5.74588,5.74727,1.50,1.73
2013.04.09 10:13:34.711,5.74588,5.74727,1.50,1.73
2013.04.09 10:13:36.355,5.74588,5.74727,1.50,1.73
2013.04.09 10:13:38.336,5.74588,5.74727,1.50,1.73
2013.04.09 10:13:38.993,5.74588,5.74712,1.50,1.73
2013.04.09 10:13:39.531,5.74588,5.74705,1.50,1.73
2013.04.09 10:13:40.262,5.74588,5.74705,1.50,1.73
2013.04.09 10:13:40.323,5.74572,5.74705,2.33,1.73
2013.04.09 10:13:40.394,5.74572,5.74713,2.33,1.73
2013.04.09 10:13:40.583,5.74559,5.74708,1.35,1.95
2013.04.09 10:13:40.652,5.74538,5.74706,1.13,2.93
2013.04.09 10:13:41.041,5.74563,5.74702,1.13,1.73
2013.04.09 10:13:45.102,5.74563,5.74685,1.13,1.73
2013.04.09 10:13:45.266,5.74563,5.74692,1.13,1.73
2013.04.09 10:13:45.412,5.74559,5.74672,1.80,1.73
2013.04.09 10:13:45.754,5.74512,5.74672,1.73,1.73
2013.04.09 10:13:45.822,5.74512,5.74663,1.73,3.08
2013.04.09 10:13:46.601,5.7447,5.74634,1.13,2.93
2013.04.09 10:13:46.733,5.74487,5.74635,1.35,1.95
2013.04.09 10:13:46.794,5.74494,5.74644,1.73,1.35
2013.04.09 10:13:47.101,5.74508,5.74644,2.78,1.35
2013.04.09 10:13:47.352,5.74516,5.74659,1.73,2.93
2013.04.09 10:13:50.782,5.74507,5.74659,1.73,1.95
2013.04.09 10:13:51.086,5.74519,5.74659,2.78,1.95
2013.04.09 10:13:51.704,5.74519,5.74659,2.78,1.35
2013.04.09 10:13:51.894,5.74519,5.74672,2.78,1.73
2013.04.09 10:13:53.342,5.74519,5.74652,2.78,1.73
2013.04.09 10:13:53.472,5.745,5.74652,1.88,1.73
2013.04.09 10:13:56.053,5.745,5.74632,1.88,1.73
2013.04.09 10:13:57.070,5.74426,5.74572,1.35,2.33
2013.04.09 10:13:57.191,5.744,5.74548,1.35,1.73
2013.04.09 10:13:57.253,5.744,5.74548,1.35,1.73
2013.04.09 10:13:57.773,5.74405,5.74548,1.73,1.73
2013.04.09 10:13:58.682,5.74405,5.74548,1.73,1.73
2013.04.09 10:13:59.891,5.74405,5.74548,1.73,1.73
2013.04.09 10:14:00.013,5.74405,5.74548,1.73,1.73
2013.04.09 10:14:00.264,5.74365,5.74526,1.73,1.73
2013.04.09 10:14:00.335,5.74365,5.74503,1.73,1.35
2013.04.09 10:14:00.927,5.7431,5.74454,1.35,1.73
2013.04.09 10:14:01.113,5.7431,5.74463,1.35,1.73
2013.04.09 10:14:01.533,5.74321,5.74463,2.48,1.73
2013.04.09 10:14:01.934,5.74321,5.74454,2.48,1.73
2013.04.09 10:14:02.035,5.74321,5.74454,2.48,1.73
2013.04.09 10:14:02.102,5.74321,5.74463,2.48,1.73
2013.04.09 10:14:03.637,5.74321,5.74454,2.85,1.73
2013.04.09 10:14:04.643,5.74321,5.74464,2.85,1.58
2013.04.09 10:14:04.717,5.74316,5.74463,1.13,1.73
2013.04.09 10:14:04.786,5.74316,5.74454,1.13,1.73
2013.04.09 10:14:05.103,5.74288,5.74452,1.73,3.68
2013.04.09 10:14:05.514,5.74302,5.74433,1.13,1.73
2013.04.09 10:14:06.575,5.74302,5.74449,1.13,1.50
2013.04.09 10:14:07.365,5.74302,5.74449,1.13,1.50
2013.04.09 10:14:07.585,5.74302,5.74449,1.13,1.50
2013.04.09 10:14:07.920,5.74302,5.74449,1.13,1.50
2013.04.09 10:14:09.021,5.74302,5.74449,1.13,1.50
2013.04.09 10:14:09.337,5.74313,5.74453,1.80,1.73
2013.04.09 10:14:09.523,5.74317,5.74458,1.73,1.73
2013.04.09 10:14:10.788,5.74317,5.74463,1.73,1.73
2013.04.09 10:14:11.131,5.74317,5.74463,1.73,1.73
2013.04.09 10:14:11.311,5.74324,5.74463,2.55,1.73
2013.04.09 10:14:12.175,5.74324,5.74458,2.55,1.73
2013.04.09 10:14:12.242,5.74324,5.74462,2.55,1.73
2013.04.09 10:14:12.823,5.74321,5.74473,1.73,1.73
2013.04.09 10:14:12.894,5.74331,5.74484,1.73,1.73
2013.04.09 10:14:13.084,5.74343,5.74505,2.93,2.33
2013.04.09 10:14:13.285,5.74343,5.74505,2.93,1.73
2013.04.09 10:14:13.358,5.74364,5.74505,1.73,1.73
2013.04.09 10:14:13.484,5.74364,5.74505,1.73,1.73
2013.04.09 10:14:13.633,5.74364,5.74505,1.73,1.73
2013.04.09 10:14:13.702,5.74354,5.74505,1.73,1.73
2013.04.09 10:14:13.868,5.74377,5.74505,2.63,1.73
2013.04.09 10:14:14.231,5.74377,5.74505,2.63,1.73
2013.04.09 10:14:14.891,5.74377,5.74513,2.63,1.73
2013.04.09 10:14:17.215,5.74386,5.74528,1.73,1.73
2013.04.09 10:14:17.344,5.74397,5.74529,2.40,1.73
2013.04.09 10:14:17.732,5.74397,5.74529,2.40,1.73
2013.04.09 10:14:17.987,5.74391,5.74529,1.80,1.73
2013.04.09 10:14:18.253,5.74417,5.74529,2.03,1.73
2013.04.09 10:14:19.603,5.74417,5.7455,2.03,1.73
2013.04.09 10:14:20.606,5.74417,5.74553,2.03,1.73
2013.04.09 10:14:21.596,5.74417,5.7455,2.03,1.73
2013.04.09 10:14:22.203,5.74417,5.7455,2.03,1.73
2013.04.09 10:14:22.264,5.74427,5.74562,1.73,1.13
2013.04.09 10:14:22.576,5.74438,5.74574,2.40,1.73
2013.04.09 10:14:22.704,5.74432,5.74582,1.73,1.73
2013.04.09 10:14:22.774,5.74433,5.74582,1.35,1.73
2013.04.09 10:14:22.903,5.74443,5.74601,1.35,1.35
2013.04.09 10:14:23.154,5.74443,5.74606,1.35,1.73
2013.04.09 10:14:23.481,5.74452,5.74599,1.13,1.50
2013.04.09 10:14:23.542,5.74443,5.74598,1.73,1.13
2013.04.09 10:14:23.663,5.74442,5.7458,2.85,1.73
2013.04.09 10:14:23.925,5.74417,5.7458,1.35,1.73
2013.04.09 10:14:24.113,5.74426,5.7458,2.48,1.73
2013.04.09 10:14:24.614,5.74426,5.74558,2.48,1.73
2013.04.09 10:14:25.122,5.74426,5.74558,2.48,1.73
2013.04.09 10:14:25.244,5.74417,5.74555,1.13,1.35
2013.04.09 10:14:25.373,5.74411,5.74537,1.95,1.73
2013.04.09 10:14:25.443,5.74371,5.74514,1.35,1.73
2013.04.09 10:14:25.987,5.74384,5.74514,2.33,1.73
2013.04.09 10:14:26.875,5.74384,5.74514,2.33,1.73
2013.04.09 10:14:26.992,5.74384,5.74514,2.33,1.73
2013.04.09 10:14:27.334,5.74336,5.7449,1.73,1.73
2013.04.09 10:14:28.007,5.74347,5.7449,1.73,1.73
2013.04.09 10:14:32.465,5.7436,5.74489,2.63,1.73
2013.04.09 10:14:32.532,5.7436,5.74492,2.63,1.73
2013.04.09 10:14:32.715,5.74383,5.74492,2.85,1.73
2013.04.09 10:14:32.903,5.74383,5.74508,2.85,1.13
2013.04.09 10:14:33.202,5.74383,5.74508,2.85,1.13
2013.04.09 10:14:33.383,5.74386,5.74511,1.13,1.73
2013.04.09 10:14:33.522,5.74386,5.7454,2.10,1.73
2013.04.09 10:14:33.661,5.74402,5.7454,2.48,1.73
2013.04.09 10:14:35.159,5.74402,5.7454,2.48,1.73
2013.04.09 10:14:35.283,5.74402,5.7454,2.48,1.73
2013.04.09 10:14:35.473,5.74387,5.74522,1.65,1.73
2013.04.09 10:14:35.697,5.74387,5.74513,1.65,1.73
2013.04.09 10:14:36.324,5.74387,5.74513,1.65,1.73
2013.04.09 10:14:36.604,5.74387,5.74513,1.65,1.73
2013.04.09 10:14:38.332,5.74387,5.74513,1.65,1.73
2013.04.09 10:14:40.930,5.74372,5.74513,1.73,1.73
2013.04.09 10:14:41.162,5.74371,5.74493,2.63,1.73
2013.04.09 10:14:41.544,5.74371,5.7449,2.63,1.73
2013.04.09 10:14:45.293,5.74371,5.74492,2.63,1.73
2013.04.09 10:14:49.002,5.74373,5.74516,1.73,1.95
2013.04.09 10:14:49.063,5.74373,5.74523,1.73,1.73
2013.04.09 10:14:49.139,5.74373,5.74523,1.73,1.73
2013.04.09 10:14:49.343,5.74387,5.74553,1.73,1.73
2013.04.09 10:14:49.725,5.74397,5.74559,2.93,1.73
2013.04.09 10:14:50.083,5.74418,5.74559,1.73,1.73
2013.04.09 10:14:52.604,5.74418,5.74559,1.73,1.73
2013.04.09 10:14:54.993,5.74418,5.74559,1.73,1.73
2013.04.09 10:14:55.473,5.74418,5.74559,1.73,1.73
2013.04.09 10:14:55.603,5.74418,5.74559,1.73,1.73
2013.04.09 10:14:58.632,5.74404,5.74551,1.73,1.50
2013.04.09 10:14:58.692,5.74394,5.74534,1.58,1.73
2013.04.09 10:14:58.871,5.74373,5.74534,1.73,1.73
2013.04.09 10:14:59.073,5.74393,5.74534,1.73,1.73
2013.04.09 10:15:00.364,5.74393,5.74533,1.73,1.35
2013.04.09 10:15:00.672,5.74369,5.74495,1.50,1.73
2013.04.09 10:15:00.972,5.74354,5.74495,1.35,1.73
2013.04.09 10:15:01.162,5.74354,5.74495,1.35,1.73
2013.04.09 10:15:01.611,5.74358,5.74495,1.13,1.73
2013.04.09 10:15:01.671,5.74333,5.74482,2.93,1.35
2013.04.09 10:15:01.852,5.74322,5.74472,1.73,1.73
2013.04.09 10:15:02.652,5.74323,5.74477,1.73,1.58
2013.04.09 10:15:03.633,5.74341,5.74485,2.10,2.93
2013.04.09 10:15:03.822,5.74346,5.74506,1.73,1.73
2013.04.09 10:15:05.862,5.74346,5.74511,1.73,2.93
2013.04.09 10:15:06.102,5.7435,5.74512,3.68,1.95
2013.04.09 10:15:06.623,5.74384,5.74533,2.93,2.93
2013.04.09 10:15:07.526,5.74392,5.74541,1.73,1.73
2013.04.09 10:15:08.074,5.744,5.74572,1.73,1.73
2013.04.09 10:15:08.514,5.74428,5.74572,2.33,1.73
2013.04.09 10:15:10.843,5.74426,5.7458,2.63,3.53
2013.04.09 10:15:10.974,5.74436,5.74583,1.73,1.95
2013.04.09 10:15:11.103,5.7444,5.74604,1.95,2.93
2013.04.09 10:15:11.415,5.74447,5.74602,2.40,3.68
2013.04.09 10:15:12.002,5.74472,5.74602,2.10,3.68
2013.04.09 10:15:13.372,5.74472,5.74607,2.10,1.73
2013.04.09 10:15:15.462,5.74472,5.74613,2.10,1.73
2013.04.09 10:15:16.044,5.74472,5.74607,2.10,1.35
2013.04.09 10:15:16.351,5.74426,5.74586,1.73,1.58
2013.04.09 10:15:17.112,5.74421,5.74573,1.95,1.58
2013.04.09 10:15:17.231,5.74399,5.74562,1.35,2.93
2013.04.09 10:15:18.652,5.74408,5.74541,1.13,1.73
2013.04.09 10:15:19.352,5.74408,5.74542,1.13,1.73
2013.04.09 10:15:19.542,5.7441,5.74557,1.35,1.50
2013.04.09 10:15:19.922,5.7441,5.74557,1.35,1.50
2013.04.09 10:15:20.673,5.7441,5.74557,1.35,1.50
2013.04.09 10:15:24.357,5.7441,5.74557,1.35,1.50
2013.04.09 10:15:24.762,5.74415,5.74562,1.73,1.73
2013.04.09 10:15:24.884,5.74415,5.74562,1.73,1.73
2013.04.09 10:15:25.013,5.7441,5.74572,2.10,1.73
2013.04.09 10:15:25.202,5.74415,5.74572,1.73,1.73
2013.04.09 10:15:25.522,5.74443,5.74593,1.35,1.73
2013.04.09 10:15:25.672,5.7445,5.74593,1.13,1.73
2013.04.09 10:15:26.455,5.7445,5.7459,1.13,1.73
2013.04.09 10:15:27.222,5.7445,5.7459,1.13,1.73
2013.04.09 10:15:28.603,5.7445,5.7459,1.13,1.73
2013.04.09 10:15:28.815,5.7445,5.7459,1.13,1.73
2013.04.09 10:15:29.114,5.74443,5.74583,1.35,1.35
2013.04.09 10:15:29.183,5.74422,5.74583,2.93,1.35
2013.04.09 10:15:29.363,5.74422,5.74583,2.93,1.35
2013.04.09 10:15:29.552,5.74431,5.74583,1.73,2.10
2013.04.09 10:15:30.574,5.74431,5.74578,1.73,1.50
2013.04.09 10:15:31.343,5.74431,5.74578,1.73,1.50
2013.04.09 10:15:32.722,5.74431,5.74578,1.73,1.50
2013.04.09 10:15:33.703,5.74431,5.74578,1.73,1.50
2013.04.09 10:15:33.873,5.74431,5.74578,1.73,1.50
2013.04.09 10:15:34.872,5.74431,5.74578,1.73,1.50
2013.04.09 10:15:37.070,5.74431,5.74578,1.73,1.50
2013.04.09 10:15:38.202,5.74431,5.74578,1.73,1.50
2013.04.09 10:15:39.663,5.74431,5.74578,1.73,1.50
2013.04.09 10:15:39.733,5.74425,5.74568,1.73,1.73
2013.04.09 10:15:40.363,5.74425,5.74568,1.73,1.73
2013.04.09 10:15:40.492,5.74425,5.74573,1.73,1.73
2013.04.09 10:15:41.142,5.74425,5.74568,1.73,1.73
2013.04.09 10:15:41.261,5.74425,5.74573,1.73,1.73
2013.04.09 10:15:41.393,5.74444,5.74573,2.03,1.73
2013.04.09 10:15:41.454,5.74451,5.74583,1.73,1.35
2013.04.09 10:15:41.524,5.74451,5.74592,1.73,1.58
2013.04.09 10:15:41.592,5.74454,5.74601,1.13,1.73
2013.04.09 10:15:41.723,5.74472,5.7462,1.35,1.73
2013.04.09 10:15:42.040,5.74472,5.7462,1.35,1.73
2013.04.09 10:15:42.886,5.74474,5.7462,1.73,1.73
2013.04.09 10:15:43.103,5.74474,5.7462,1.73,1.73
2013.04.09 10:15:43.323,5.74474,5.7462,1.73,1.73
2013.04.09 10:15:44.093,5.74474,5.7462,1.73,1.73
2013.04.09 10:15:50.045,5.74474,5.7462,1.73,1.73
2013.04.09 10:15:51.841,5.74474,5.74619,1.73,1.73
2013.04.09 10:15:51.902,5.74472,5.74597,1.13,1.73
2013.04.09 10:15:51.961,5.74454,5.74597,1.35,1.73
2013.04.09 10:15:52.132,5.74454,5.74597,1.35,1.73
2013.04.09 10:15:54.323,5.74454,5.74591,1.35,1.50
2013.04.09 10:15:55.092,5.74442,5.74591,1.73,1.50
2013.04.09 10:15:55.151,5.74442,5.74591,1.73,1.50
2013.04.09 10:15:56.695,5.74442,5.74591,1.73,1.50
2013.04.09 10:15:57.682,5.74442,5.74591,1.73,1.50
2013.04.09 10:15:58.621,5.74442,5.74591,1.73,1.50
2013.04.09 10:15:58.921,5.74428,5.74571,2.10,1.73
2013.04.09 10:16:04.062,5.74428,5.74571,2.10,1.73
2013.04.09 10:16:05.602,5.74428,5.74571,2.10,1.73
2013.04.09 10:16:07.743,5.74428,5.74571,2.10,1.73
2013.04.09 10:16:10.613,5.74428,5.74565,1.73,1.35
2013.04.09 10:16:11.623,5.74428,5.74565,1.73,1.35
2013.04.09 10:16:11.755,5.74428,5.74565,1.73,1.35
2013.04.09 10:16:12.214,5.74418,5.74546,1.50,1.73
2013.04.09 10:16:12.284,5.74402,5.74546,1.35,1.73
2013.04.09 10:16:12.352,5.74383,5.74525,1.35,1.73
2013.04.09 10:16:12.534,5.74362,5.74525,2.93,1.73
2013.04.09 10:16:12.723,5.74382,5.74525,1.73,1.73
2013.04.09 10:16:13.741,5.74382,5.74525,1.73,1.73
2013.04.09 10:16:16.712,5.74382,5.74525,1.73,1.73
2013.04.09 10:16:18.110,5.74382,5.74525,1.73,1.73
2013.04.09 10:16:18.862,5.74382,5.74525,1.73,1.73
2013.04.09 10:16:19.902,5.74382,5.74525,1.73,1.73
2013.04.09 10:16:25.206,5.74372,5.74504,2.70,1.73
2013.04.09 10:16:27.053,5.74372,5.74504,2.70,1.73
2013.04.09 10:16:27.112,5.74359,5.74504,1.73,1.73
2013.04.09 10:16:27.232,5.74359,5.74504,1.73,1.73
2013.04.09 10:16:28.118,5.74319,5.74453,2.55,1.73
2013.04.09 10:16:28.650,5.74319,5.74453,2.55,1.73
2013.04.09 10:16:29.303,5.74342,5.74474,2.55,2.93
2013.04.09 10:16:29.375,5.74342,5.74477,2.55,1.58
2013.04.09 10:16:29.804,5.74352,5.74495,1.73,1.13
2013.04.09 10:16:30.623,5.74352,5.74495,1.73,1.13
2013.04.09 10:16:36.083,5.74352,5.74495,1.73,1.13
2013.04.09 10:16:36.352,5.74342,5.74476,2.55,1.73
2013.04.09 10:16:40.412,5.74342,5.74483,2.55,1.73
2013.04.09 10:16:42.972,5.74352,5.74499,1.73,2.48
2013.04.09 10:16:43.093,5.74352,5.74499,1.73,2.48
2013.04.09 10:16:43.213,5.74352,5.74499,1.73,2.48
2013.04.09 10:16:43.452,5.74352,5.74499,1.73,1.73
2013.04.09 10:16:44.662,5.74352,5.74499,1.73,2.48
2013.04.09 10:16:53.202,5.74342,5.74478,2.55,1.58
2013.04.09 10:16:53.635,5.74342,5.74473,2.55,1.73
2013.04.09 10:16:53.932,5.74311,5.74471,2.93,1.35
2013.04.09 10:16:53.993,5.74285,5.74436,2.93,2.10
2013.04.09 10:16:54.061,5.74278,5.74421,1.73,1.58
2013.04.09 10:16:54.122,5.74274,5.74421,1.50,1.58
2013.04.09 10:16:54.184,5.74252,5.74421,2.93,1.58
2013.04.09 10:16:54.552,5.7425,5.74415,1.95,2.93
2013.04.09 10:16:55.412,5.74247,5.74394,1.73,1.58
2013.04.09 10:16:58.299,5.74237,5.74387,1.50,1.58
2013.04.09 10:16:59.782,5.7424,5.74387,1.50,1.58
2013.04.09 10:17:00.115,5.74257,5.74394,1.50,1.58
2013.04.09 10:17:00.188,5.74248,5.74418,1.73,2.93
2013.04.09 10:17:00.474,5.74248,5.74418,1.73,2.93
2013.04.09 10:17:00.543,5.74264,5.74418,2.55,2.93
2013.04.09 10:17:00.822,5.74248,5.74405,2.93,1.73
2013.04.09 10:17:02.521,5.74247,5.74418,2.90,2.93
2013.04.09 10:17:02.761,5.74271,5.74412,1.50,1.73
2013.04.09 10:17:04.435,5.74271,5.74413,1.50,1.73
2013.04.09 10:17:05.563,5.74271,5.74413,1.50,1.73
2013.04.09 10:17:10.623,5.74271,5.74421,1.50,1.58
2013.04.09 10:17:13.728,5.74271,5.74413,1.50,1.73
2013.04.09 10:17:14.043,5.74271,5.74413,1.50,1.73
2013.04.09 10:17:15.693,5.74249,5.74386,2.93,2.10
2013.04.09 10:17:15.752,5.74245,5.74386,1.95,2.10
2013.04.09 10:17:15.812,5.74224,5.74386,2.93,2.10
2013.04.09 10:17:16.173,5.74224,5.74345,2.93,2.10
2013.04.09 10:17:16.293,5.74218,5.74345,1.95,2.10
2013.04.09 10:17:16.352,5.74197,5.74345,2.93,2.10
2013.04.09 10:17:16.925,5.74202,5.74338,2.18,1.58
2013.04.09 10:17:18.012,5.74178,5.74338,1.73,1.58
2013.04.09 10:17:18.709,5.74177,5.74321,1.73,1.88
2013.04.09 10:17:19.214,5.74197,5.74321,1.73,1.88
2013.04.09 10:17:20.326,5.74197,5.74321,1.73,1.88
2013.04.09 10:17:20.963,5.74176,5.74302,2.93,2.10
2013.04.09 10:17:21.033,5.74173,5.74302,1.95,2.10
2013.04.09 10:17:21.402,5.74158,5.74317,1.73,1.73
2013.04.09 10:17:21.462,5.74154,5.74262,2.93,1.50
2013.04.09 10:17:21.522,5.74134,5.74262,1.95,1.50
2013.04.09 10:17:21.582,5.74113,5.74261,2.93,1.50
2013.04.09 10:17:21.644,5.7409,5.74226,2.93,2.93
2013.04.09 10:17:21.713,5.74062,5.74224,1.73,1.17
2013.04.09 10:17:21.772,5.74052,5.74217,1.73,1.58
2013.04.09 10:17:22.552,5.74062,5.74217,1.73,1.58
2013.04.09 10:17:22.612,5.74052,5.74217,1.73,1.58
2013.04.09 10:17:22.813,5.74069,5.74217,2.55,1.58
2013.04.09 10:17:23.754,5.74083,5.74226,2.10,2.93
2013.04.09 10:17:23.822,5.74088,5.74246,1.73,2.33
2013.04.09 10:17:23.943,5.74095,5.74246,2.33,1.58
2013.04.09 10:17:24.325,5.74104,5.7425,2.70,2.93
2013.04.09 10:17:24.394,5.74114,5.74261,1.73,1.73
2013.04.09 10:17:24.523,5.74114,5.74276,1.35,3.53
2013.04.09 10:17:24.993,5.74135,5.74276,2.78,3.53
2013.04.09 10:17:25.112,5.74135,5.74278,3.75,1.58
2013.04.09 10:17:25.682,5.74135,5.74278,1.73,1.58
2013.04.09 10:17:25.742,5.74135,5.74299,1.73,2.93
2013.04.09 10:17:25.962,5.74147,5.74299,2.48,2.93
2013.04.09 10:17:26.382,5.74147,5.74262,2.48,2.10
2013.04.09 10:17:26.443,5.74114,5.74262,2.93,2.10
2013.04.09 10:17:26.572,5.74114,5.74278,2.93,1.35
2013.04.09 10:17:26.631,5.74113,5.74277,1.35,2.93
2013.04.09 10:17:26.932,5.74124,5.74262,1.73,2.10
2013.04.09 10:17:27.232,5.74091,5.74253,2.93,1.58
2013.04.09 10:17:28.132,5.74105,5.74272,1.73,1.73
2013.04.09 10:17:28.192,5.7412,5.74274,2.40,2.93
2013.04.09 10:17:31.171,5.74139,5.74274,1.95,2.93
2013.04.09 10:17:31.401,5.74139,5.74292,1.95,1.35
2013.04.09 10:17:32.113,5.74139,5.74275,1.95,1.58
2013.04.09 10:17:32.352,5.74134,5.74275,1.73,1.58
2013.04.09 10:17:32.412,5.74124,5.74263,2.55,1.58
2013.04.09 10:17:32.472,5.74091,5.74263,3.68,1.58
2013.04.09 10:17:33.657,5.74071,5.7425,1.73,2.93
2013.04.09 10:17:34.089,5.74086,5.7425,1.73,2.93
2013.04.09 10:17:35.112,5.74105,5.7425,2.55,2.93
2013.04.09 10:17:36.685,5.74065,5.74239,2.93,1.58
2013.04.09 10:17:38.413,5.74086,5.7425,1.73,2.93
2013.04.09 10:17:38.830,5.74114,5.74264,2.63,1.58
2013.04.09 10:17:41.232,5.7411,5.74264,2.85,1.58
2013.04.09 10:17:41.293,5.7412,5.74273,1.73,2.55
2013.04.09 10:17:41.422,5.74122,5.74294,1.73,2.93
2013.04.09 10:17:41.688,5.7413,5.74294,2.63,2.93
2013.04.09 10:17:41.753,5.7414,5.74295,1.73,1.95
2013.04.09 10:17:41.908,5.74152,5.74303,1.73,1.73
2013.04.09 10:17:42.713,5.74131,5.74299,2.93,1.35
2013.04.09 10:17:42.772,5.74131,5.74291,2.93,2.10
2013.04.09 10:17:42.849,5.74109,5.74272,2.93,1.58
2013.04.09 10:17:43.152,5.74109,5.74272,2.93,2.33
2013.04.09 10:17:44.252,5.74109,5.74258,2.93,2.40
2013.04.09 10:17:45.922,5.74109,5.74236,2.93,2.18
2013.04.09 10:17:46.544,5.74105,5.74236,1.95,2.18
2013.04.09 10:17:46.613,5.74084,5.74248,2.93,1.73
2013.04.09 10:17:46.934,5.74084,5.74223,2.93,2.10
2013.04.09 10:17:49.194,5.74105,5.74223,1.73,2.10
2013.04.09 10:17:50.013,5.74105,5.74223,1.73,2.10
2013.04.09 10:17:50.107,5.74167,5.74314,1.13,2.93
2013.04.09 10:17:50.341,5.74172,5.74322,1.35,1.58
2013.04.09 10:17:50.583,5.74174,5.7432,1.73,1.73
2013.04.09 10:17:51.559,5.74174,5.74282,1.73,2.40
2013.04.09 10:17:51.743,5.74172,5.74282,1.35,2.40
2013.04.09 10:17:51.932,5.74174,5.74282,1.73,2.40
2013.04.09 10:17:52.842,5.74188,5.74282,1.73,2.40
2013.04.09 10:17:53.222,5.74188,5.74326,1.73,1.50
2013.04.09 10:17:53.343,5.74188,5.74306,1.73,2.63
2013.04.09 10:17:53.604,5.74194,5.74355,1.73,1.35
2013.04.09 10:17:53.674,5.74194,5.74355,1.73,1.35
2013.04.09 10:17:53.743,5.74208,5.74361,1.73,2.70
2013.04.09 10:17:54.138,5.74208,5.74333,1.73,2.85
2013.04.09 10:17:54.364,5.74208,5.74361,1.73,1.58
2013.04.09 10:17:54.434,5.74228,5.74363,1.13,1.73
2013.04.09 10:17:54.745,5.74235,5.74382,1.13,2.93
2013.04.09 10:17:54.994,5.74245,5.74388,1.73,1.73
2013.04.09 10:17:55.063,5.74245,5.74388,1.73,1.73
2013.04.09 10:17:55.193,5.74245,5.74409,1.73,2.93
2013.04.09 10:17:55.313,5.74248,5.7441,1.73,1.95
2013.04.09 10:17:55.443,5.74248,5.74351,1.73,1.35
2013.04.09 10:17:55.503,5.74217,5.74351,1.92,2.33
2013.04.09 10:17:55.634,5.74192,5.74336,1.65,2.93
2013.04.09 10:17:55.763,5.74175,5.74336,1.50,2.93
2013.04.09 10:17:55.824,5.74167,5.74336,1.73,2.93
2013.04.09 10:17:56.042,5.74174,5.74334,1.73,1.73
2013.04.09 10:17:56.444,5.74174,5.74303,1.73,2.33
2013.04.09 10:17:56.762,5.74174,5.74303,1.73,2.33
2013.04.09 10:17:57.615,5.74174,5.74303,1.73,2.33
2013.04.09 10:17:57.803,5.74174,5.74308,1.73,2.55
2013.04.09 10:17:58.128,5.74174,5.74286,1.73,2.25
2013.04.09 10:17:59.237,5.74197,5.74334,1.73,2.40
2013.04.09 10:17:59.424,5.74201,5.74334,1.73,2.40
2013.04.09 10:17:59.493,5.74197,5.74334,1.73,2.40
2013.04.09 10:17:59.554,5.74197,5.74304,1.73,1.95
2013.04.09 10:17:59.873,5.74201,5.74321,1.73,1.50
2013.04.09 10:18:00.385,5.74198,5.74281,1.73,1.50
2013.04.09 10:18:00.633,5.74176,5.74281,1.73,1.50
2013.04.09 10:18:00.703,5.74176,5.74288,1.73,1.35
2013.04.09 10:18:00.773,5.74155,5.74288,1.73,1.35
2013.04.09 10:18:00.902,5.74155,5.74288,1.73,1.35
2013.04.09 10:18:01.073,5.74155,5.74278,1.73,1.88
2013.04.09 10:18:01.434,5.74155,5.74257,1.73,2.55
2013.04.09 10:18:02.304,5.74155,5.74257,1.73,2.55
2013.04.09 10:18:02.842,5.74148,5.74257,1.73,2.55
2013.04.09 10:18:07.844,5.74155,5.74257,1.73,2.55
2013.04.09 10:18:08.944,5.74148,5.74257,1.73,2.55
2013.04.09 10:18:09.238,5.74132,5.74257,1.73,2.55
2013.04.09 10:18:10.504,5.74132,5.74257,1.73,2.55
2013.04.09 10:18:10.573,5.74132,5.74257,1.73,2.55
2013.04.09 10:18:11.693,5.74132,5.74257,1.73,2.55
2013.04.09 10:18:15.045,5.74132,5.74257,1.73,2.55
2013.04.09 10:18:15.483,5.74132,5.74257,1.73,2.55
2013.04.09 10:18:16.433,5.74132,5.74257,1.73,2.55
2013.04.09 10:18:21.323,5.74127,5.74257,1.73,2.55
2013.04.09 10:18:21.693,5.74132,5.74257,1.73,2.55
2013.04.09 10:18:23.573,5.74132,5.74257,1.73,2.55
2013.04.09 10:18:24.188,5.74132,5.74257,1.73,2.55
2013.04.09 10:18:28.635,5.74132,5.74257,1.73,2.55
2013.04.09 10:18:30.165,5.74127,5.74257,1.73,2.55
2013.04.09 10:18:30.695,5.74117,5.74228,1.73,2.55
2013.04.09 10:18:32.513,5.74103,5.74211,1.73,2.33
2013.04.09 10:18:37.064,5.74103,5.74211,1.73,2.33
2013.04.09 10:18:37.381,5.74103,5.74211,1.73,2.33
2013.04.09 10:18:37.692,5.74103,5.74211,1.73,2.33
2013.04.09 10:18:37.752,5.74103,5.74211,1.73,2.33
2013.04.09 10:18:39.672,5.74103,5.74211,1.73,2.33
2013.04.09 10:18:41.442,5.74103,5.74211,1.73,2.33
2013.04.09 10:18:53.453,5.74081,5.74211,1.73,2.33
2013.04.09 10:18:53.611,5.74081,5.74211,1.73,2.33
2013.04.09 10:18:55.159,5.74081,5.74211,1.73,2.33
2013.04.09 10:18:55.705,5.74103,5.74211,1.73,2.33
2013.04.09 10:18:55.775,5.74103,5.74211,1.73,2.33
2013.04.09 10:18:57.843,5.74097,5.74211,1.73,2.33
2013.04.09 10:18:57.916,5.74097,5.74216,1.73,2.33
2013.04.09 10:18:57.987,5.74079,5.74216,1.73,2.33
2013.04.09 10:18:58.323,5.74054,5.7421,1.13,2.93
2013.04.09 10:18:58.642,5.74054,5.74187,1.13,1.73
2013.04.09 10:18:58.724,5.74054,5.74187,1.13,1.73
2013.04.09 10:18:58.854,5.74054,5.74194,1.13,1.73
2013.04.09 10:18:59.084,5.74026,5.74169,1.13,1.73
2013.04.09 10:19:00.068,5.74026,5.74169,1.13,1.73
2013.04.09 10:19:00.214,5.74067,5.7419,1.13,2.93
2013.04.09 10:19:00.284,5.74067,5.7421,1.13,1.73
2013.04.09 10:19:01.443,5.74057,5.74205,1.13,2.40
2013.04.09 10:19:02.212,5.74072,5.74205,1.13,2.40
2013.04.09 10:19:02.273,5.74072,5.74233,1.13,2.93
2013.04.09 10:19:02.463,5.74075,5.74247,1.73,1.73
2013.04.09 10:19:02.532,5.74075,5.74234,2.48,3.08
2013.04.09 10:19:03.343,5.74075,5.74234,2.48,3.08
2013.04.09 10:19:04.091,5.74097,5.74234,1.50,3.08
2013.04.09 10:19:04.152,5.74088,5.74255,1.50,2.93
2013.04.09 10:19:04.355,5.74098,5.74276,3.65,2.93
2013.04.09 10:19:04.423,5.74098,5.74255,4.40,1.73
2013.04.09 10:19:04.673,5.74098,5.74245,1.73,1.35
2013.04.09 10:19:04.852,5.74074,5.74242,1.73,1.73
2013.04.09 10:19:05.242,5.74074,5.74224,1.73,2.48
2013.04.09 10:19:05.641,5.74064,5.74214,1.13,1.73
2013.04.09 10:19:05.973,5.74064,5.74197,1.13,2.55
2013.04.09 10:19:06.035,5.74064,5.74209,1.13,1.73
2013.04.09 10:19:06.102,5.74064,5.74184,1.13,2.03
2013.04.09 10:19:06.893,5.74027,5.74183,1.73,1.73
2013.04.09 10:19:07.083,5.74027,5.74183,1.73,1.73
2013.04.09 10:19:07.154,5.74027,5.74183,1.73,1.73
2013.04.09 10:19:07.330,5.74027,5.74166,1.73,2.48
2013.04.09 10:19:07.693,5.74027,5.74204,1.73,2.93
2013.04.09 10:19:07.812,5.74048,5.74204,1.13,2.93
2013.04.09 10:19:08.897,5.74049,5.74204,1.13,1.73
2013.04.09 10:19:10.331,5.74079,5.74204,1.13,1.73
2013.04.09 10:19:12.102,5.74079,5.74208,1.13,1.80
2013.04.09 10:19:12.562,5.74079,5.74208,1.13,1.80
2013.04.09 10:19:12.640,5.74079,5.74208,1.13,1.80
2013.04.09 10:19:14.077,5.74079,5.74208,1.13,1.80
2013.04.09 10:19:20.363,5.74079,5.74208,1.13,1.80
2013.04.09 10:19:22.345,5.74079,5.74208,1.13,1.80
2013.04.09 10:19:23.281,5.74073,5.74208,1.13,1.80
2013.04.09 10:19:25.483,5.74073,5.74208,1.13,1.80
2013.04.09 10:19:25.812,5.74073,5.74208,1.13,1.80
2013.04.09 10:19:26.799,5.74073,5.74208,1.13,1.80
2013.04.09 10:19:32.417,5.74077,5.74208,1.73,1.80
2013.04.09 10:19:32.788,5.74077,5.74241,1.73,2.93
2013.04.09 10:19:32.914,5.74107,5.74258,1.73,1.73
2013.04.09 10:19:33.125,5.74107,5.74235,1.73,2.63
2013.04.09 10:19:34.073,5.74107,5.74235,1.73,2.63
2013.04.09 10:19:34.153,5.74107,5.74218,1.73,2.48
2013.04.09 10:19:35.232,5.74097,5.74218,1.73,2.48
2013.04.09 10:19:36.093,5.74107,5.74218,1.73,2.48
2013.04.09 10:19:37.060,5.74098,5.74218,1.73,2.48
2013.04.09 10:19:38.688,5.74107,5.74218,1.73,2.48
2013.04.09 10:19:39.284,5.74107,5.74218,1.73,2.48
2013.04.09 10:19:43.102,5.74107,5.74218,1.73,2.48
2013.04.09 10:19:43.342,5.74107,5.74218,1.73,2.48
2013.04.09 10:19:43.583,5.74107,5.74218,1.73,2.48
2013.04.09 10:19:43.936,5.74107,5.74252,1.73,1.73
2013.04.09 10:19:44.064,5.74107,5.74252,1.73,1.73
2013.04.09 10:19:44.351,5.74124,5.74273,1.73,1.73
2013.04.09 10:19:44.594,5.74124,5.74255,1.73,2.85
2013.04.09 10:19:46.718,5.74124,5.74255,1.73,2.85
2013.04.09 10:19:46.984,5.74124,5.74255,1.73,2.85
2013.04.09 10:19:47.359,5.74103,5.74226,1.73,2.78
2013.04.09 10:19:47.973,5.74103,5.74226,1.73,2.78
2013.04.09 10:19:48.473,5.74103,5.74226,1.73,2.78
2013.04.09 10:19:49.515,5.74103,5.74226,1.73,2.78
2013.04.09 10:19:50.063,5.74103,5.74226,1.73,2.78
2013.04.09 10:19:51.383,5.74103,5.74226,1.73,2.78
2013.04.09 10:19:52.434,5.74103,5.74226,1.73,2.78
2013.04.09 10:19:54.169,5.74061,5.74193,1.73,2.70
2013.04.09 10:19:55.095,5.74061,5.74198,1.73,2.55
2013.04.09 10:19:55.223,5.74052,5.74188,1.13,1.73
2013.04.09 10:19:55.566,5.74052,5.74175,1.13,2.63
2013.04.09 10:20:01.253,5.7406,5.74157,1.13,2.33
2013.04.09 10:20:02.364,5.74053,5.74157,1.73,2.33
2013.04.09 10:20:02.432,5.74053,5.74157,1.73,2.33
2013.04.09 10:20:08.633,5.74053,5.74157,1.73,2.33
2013.04.09 10:20:09.090,5.74053,5.74157,1.73,2.33
2013.04.09 10:20:10.002,5.74053,5.74157,1.73,2.33
2013.04.09 10:20:10.062,5.74053,5.74157,1.73,2.33
2013.04.09 10:20:11.120,5.74053,5.74157,1.73,2.33
2013.04.09 10:20:13.493,5.74053,5.74157,1.73,2.33
2013.04.09 10:20:13.694,5.74053,5.74157,1.73,2.33
2013.04.09 10:20:15.684,5.74053,5.74157,1.73,2.33
2013.04.09 10:20:18.943,5.7403,5.74157,1.73,2.33
2013.04.09 10:20:19.014,5.74029,5.74169,1.73,1.65
2013.04.09 10:20:19.214,5.74029,5.74156,1.73,2.25
2013.04.09 10:20:20.058,5.74029,5.74159,1.73,1.88
2013.04.09 10:20:20.222,5.74027,5.74159,1.73,1.88
2013.04.09 10:20:20.390,5.74027,5.74139,1.73,2.25
2013.04.09 10:20:21.354,5.74029,5.74139,1.73,2.25
2013.04.09 10:20:22.064,5.74029,5.74139,1.73,2.25
2013.04.09 10:20:22.455,5.74029,5.74139,1.73,2.25
2013.04.09 10:20:26.683,5.74029,5.74139,1.73,2.25
2013.04.09 10:20:29.611,5.74029,5.74139,1.73,2.25
2013.04.09 10:20:29.792,5.74029,5.74185,2.70,1.73
2013.04.09 10:20:29.915,5.74051,5.74215,1.35,2.93
2013.04.09 10:20:30.408,5.74051,5.74194,1.35,1.73
2013.04.09 10:20:30.942,5.74063,5.74198,1.35,2.25
2013.04.09 10:20:32.411,5.74056,5.742,2.93,2.10
2013.04.09 10:20:32.592,5.74049,5.74193,1.95,1.73
2013.04.09 10:20:32.651,5.74028,5.74193,2.93,1.73
2013.04.09 10:20:32.712,5.74024,5.74188,1.95,3.68
2013.04.09 10:20:32.771,5.74008,5.74188,1.73,3.68
2013.04.09 10:20:33.314,5.74008,5.74165,1.73,2.48
2013.04.09 10:20:33.443,5.74024,5.74167,1.73,1.73
2013.04.09 10:20:33.512,5.74027,5.74172,1.73,2.40
2013.04.09 10:20:36.522,5.74026,5.74148,2.93,2.25
2013.04.09 10:20:36.582,5.74024,5.74148,1.73,2.25
2013.04.09 10:20:36.721,5.74024,5.74148,1.73,2.25
2013.04.09 10:20:38.119,5.74024,5.74148,1.73,2.25
2013.04.09 10:20:38.338,5.74024,5.74148,1.73,2.25
2013.04.09 10:20:38.922,5.74024,5.74155,1.73,1.50
2013.04.09 10:20:39.103,5.74024,5.74145,1.73,1.13
2013.04.09 10:20:39.163,5.74024,5.74145,1.73,1.13
2013.04.09 10:20:39.295,5.74,5.74141,2.70,2.10
2013.04.09 10:20:39.364,5.74,5.74136,1.73,2.18
2013.04.09 10:20:39.672,5.73979,5.74103,2.93,2.90
2013.04.09 10:20:39.853,5.73977,5.74085,1.73,1.58
2013.04.09 10:20:39.973,5.73934,5.74078,1.73,1.35
2013.04.09 10:20:40.207,5.73934,5.74077,1.73,1.13
2013.04.09 10:20:40.644,5.73934,5.74075,1.73,1.73
2013.04.09 10:20:40.714,5.73909,5.74053,1.73,1.73
2013.04.09 10:20:40.902,5.73909,5.74039,1.73,1.73
2013.04.09 10:20:41.902,5.73909,5.74039,1.73,1.73
2013.04.09 10:20:42.864,5.73909,5.74039,1.73,1.73
2013.04.09 10:20:43.352,5.73909,5.74039,1.73,1.73
2013.04.09 10:20:43.732,5.73897,5.74039,1.73,1.73
2013.04.09 10:20:44.014,5.73897,5.74029,1.73,1.13
2013.04.09 10:20:44.404,5.73877,5.74018,1.73,1.35
2013.04.09 10:20:44.474,5.73877,5.74016,1.73,1.13
2013.04.09 10:20:44.722,5.73877,5.74016,1.73,1.13
2013.04.09 10:20:45.475,5.73877,5.74016,1.73,1.13
2013.04.09 10:20:45.676,5.73877,5.74016,1.73,1.13
2013.04.09 10:20:45.992,5.73877,5.74018,1.73,1.35
2013.04.09 10:20:46.052,5.73877,5.74039,1.73,2.93
2013.04.09 10:20:46.112,5.73881,5.74043,2.93,1.95
2013.04.09 10:20:46.491,5.73906,5.74057,1.13,1.73
2013.04.09 10:20:46.807,5.73917,5.74084,1.73,1.35
2013.04.09 10:20:46.993,5.73921,5.7407,1.73,1.73
2013.04.09 10:20:47.304,5.7395,5.74078,1.73,1.73
2013.04.09 10:20:47.373,5.73947,5.74087,1.73,2.70
2013.04.09 10:20:47.444,5.7395,5.74087,1.73,2.70
2013.04.09 10:20:47.573,5.7395,5.74114,1.73,2.93
2013.04.09 10:20:47.823,5.7395,5.74089,1.73,1.80
2013.04.09 10:20:48.193,5.73953,5.74089,1.73,1.80
2013.04.09 10:20:48.433,5.73967,5.74089,1.73,1.80
2013.04.09 10:20:48.585,5.73975,5.74089,1.73,1.80
2013.04.09 10:20:49.464,5.73975,5.74089,1.73,1.80
2013.04.09 10:20:50.062,5.73958,5.74089,1.73,1.80
2013.04.09 10:20:50.183,5.73975,5.74122,1.73,1.35
2013.04.09 10:20:50.375,5.73975,5.74115,1.73,2.85
2013.04.09 10:20:50.724,5.73975,5.74139,1.35,2.93
2013.04.09 10:20:50.904,5.73997,5.74161,1.35,2.93
2013.04.09 10:20:51.163,5.74005,5.74138,1.35,2.55
2013.04.09 10:20:53.308,5.7402,5.74138,1.73,2.55
2013.04.09 10:20:53.932,5.74005,5.74138,1.35,2.55
2013.04.09 10:20:54.292,5.73999,5.74138,2.93,1.13
2013.04.09 10:20:54.412,5.73997,5.74138,1.73,1.13
2013.04.09 10:20:54.532,5.73997,5.74113,1.73,1.95
2013.04.09 10:20:55.124,5.73997,5.74113,1.73,1.95
2013.04.09 10:20:55.467,5.73997,5.74113,1.73,1.95
2013.04.09 10:20:56.572,5.74007,5.74113,1.13,1.95
2013.04.09 10:20:56.724,5.73997,5.74161,1.73,2.93
2013.04.09 10:20:56.852,5.74021,5.74164,1.35,1.73
2013.04.09 10:20:57.282,5.74021,5.7416,1.35,2.70
2013.04.09 10:20:57.341,5.74003,5.7415,1.73,1.13
2013.04.09 10:20:57.463,5.74028,5.7415,1.73,1.13
2013.04.09 10:20:57.522,5.74016,5.7415,1.73,1.13
2013.04.09 10:20:57.642,5.74016,5.74143,1.73,1.13
2013.04.09 10:20:57.952,5.74007,5.74106,1.73,1.50
2013.04.09 10:20:58.192,5.74016,5.7413,1.73,2.18
2013.04.09 10:21:00.315,5.74018,5.74157,1.13,1.50
2013.04.09 10:21:00.391,5.74036,5.74157,1.35,1.50
2013.04.09 10:21:00.513,5.74036,5.74192,1.35,1.73
2013.04.09 10:21:03.812,5.74021,5.74185,2.93,1.73
2013.04.09 10:21:04.318,5.74021,5.74181,2.93,1.58
2013.04.09 10:21:05.643,5.74027,5.74206,1.73,2.93
2013.04.09 10:21:05.944,5.74049,5.74226,2.93,1.73
2013.04.09 10:21:06.251,5.74049,5.74211,2.93,1.73
2013.04.09 10:21:06.633,5.74049,5.74232,2.93,2.93
2013.04.09 10:21:07.193,5.7407,5.74232,1.73,2.93
2013.04.09 10:21:07.383,5.74118,5.74255,1.35,2.93
2013.04.09 10:21:07.454,5.74118,5.74277,1.35,1.73
2013.04.09 10:21:08.062,5.74118,5.74263,1.35,2.40
2013.04.09 10:21:09.432,5.74118,5.74247,1.35,2.85
2013.04.09 10:21:12.923,5.74132,5.74247,1.73,2.85
2013.04.09 10:21:13.274,5.74138,5.74247,1.13,2.85
2013.04.09 10:21:17.942,5.74145,5.74291,1.35,2.78
2013.04.09 10:21:22.463,5.74133,5.74281,1.35,1.73
2013.04.09 10:21:28.493,5.74133,5.74281,1.73,1.73
2013.04.09 10:21:28.638,5.74132,5.74281,1.73,1.73
2013.04.09 10:21:31.213,5.74089,5.74276,2.93,2.93
2013.04.09 10:21:31.273,5.74066,5.74249,1.73,2.93
2013.04.09 10:21:35.012,5.74083,5.74239,1.73,1.73
2013.04.09 10:21:36.343,5.74061,5.74226,1.95,2.93
2013.04.09 10:21:38.592,5.74041,5.74192,2.93,2.33
2013.04.09 10:21:40.894,5.74038,5.74182,1.95,1.73
2013.04.09 10:21:43.602,5.74039,5.74204,2.93,1.95
2013.04.09 10:21:47.571,5.74061,5.74223,2.93,2.40
2013.04.09 10:21:49.356,5.74082,5.74223,1.73,2.40
2013.04.09 10:21:50.962,5.74082,5.74225,1.73,1.73
2013.04.09 10:21:51.337,5.74082,5.74225,1.73,1.73
2013.04.09 10:21:51.675,5.74082,5.74225,1.73,1.73
2013.04.09 10:21:53.371,5.74106,5.7423,1.73,2.85
2013.04.09 10:21:54.483,5.74106,5.7423,1.73,2.85
2013.04.09 10:21:56.232,5.74106,5.7423,1.73,2.85
2013.04.09 10:21:59.392,5.74106,5.74247,1.73,1.73
2013.04.09 10:21:59.451,5.74106,5.74247,1.73,1.73
2013.04.09 10:21:59.632,5.74108,5.74247,1.13,1.73
2013.04.09 10:21:59.931,5.7412,5.74278,1.35,1.73
2013.04.09 10:22:00.201,5.7412,5.74265,1.35,2.70
2013.04.09 10:22:01.101,5.7412,5.74247,1.35,2.48
2013.04.09 10:22:01.164,5.74107,5.74245,1.13,1.73
2013.04.09 10:22:01.293,5.74107,5.74239,1.13,2.18
2013.04.09 10:22:02.713,5.74107,5.74243,1.13,1.50
2013.04.09 10:22:02.926,5.74107,5.74215,1.13,1.73
2013.04.09 10:22:12.062,5.7412,5.74215,1.13,1.73
2013.04.09 10:22:14.409,5.7412,5.74215,1.13,1.73
2013.04.09 10:22:14.831,5.74103,5.74215,1.73,1.73
2013.04.09 10:22:15.711,5.74103,5.74215,1.73,1.73
2013.04.09 10:22:15.891,5.74103,5.74215,1.73,1.73
2013.04.09 10:22:16.354,5.74097,5.74215,1.73,1.73
2013.04.09 10:22:17.018,5.74103,5.74215,1.73,1.73
2013.04.09 10:22:18.576,5.74103,5.74233,1.73,2.70
2013.04.09 10:22:19.611,5.74103,5.74233,1.73,2.70
2013.04.09 10:22:20.152,5.74082,5.74233,2.93,2.70
2013.04.09 10:22:20.212,5.74079,5.74224,1.95,1.73
2013.04.09 10:22:20.452,5.74081,5.74224,1.73,1.73
2013.04.09 10:22:20.791,5.74078,5.74201,1.73,1.58
2013.04.09 10:22:21.289,5.74059,5.74198,1.13,1.73
2013.04.09 10:22:21.412,5.74059,5.74198,1.13,1.73
2013.04.09 10:22:22.343,5.74059,5.74198,1.13,1.73
2013.04.09 10:22:22.413,5.74057,5.74198,1.35,1.73
2013.04.09 10:22:22.616,5.74047,5.74193,1.73,1.13
2013.04.09 10:22:22.744,5.74033,5.7418,1.73,1.35
2013.04.09 10:22:23.181,5.74029,5.74173,1.73,1.73
2013.04.09 10:22:23.515,5.74029,5.74168,1.73,1.50
2013.04.09 10:22:23.582,5.74029,5.74168,1.73,1.50
2013.04.09 10:22:23.761,5.74029,5.74173,1.73,1.73
2013.04.09 10:22:24.582,5.74037,5.74173,1.13,1.73
2013.04.09 10:22:24.896,5.74053,5.74183,1.73,2.55
2013.04.09 10:22:24.969,5.74053,5.74215,1.73,1.35
2013.04.09 10:22:25.625,5.74055,5.74204,1.50,1.73
2013.04.09 10:22:26.759,5.74055,5.74204,1.50,1.73
2013.04.09 10:22:27.172,5.74078,5.74214,1.73,2.48
2013.04.09 10:22:28.402,5.74078,5.74214,1.73,2.48
2013.04.09 10:22:31.043,5.74078,5.74214,1.73,2.48
2013.04.09 10:22:31.373,5.74078,5.74214,1.73,2.48
2013.04.09 10:22:33.296,5.74077,5.74214,1.35,2.48
2013.04.09 10:22:33.812,5.74057,5.74204,2.93,1.13
2013.04.09 10:22:33.931,5.74056,5.742,1.73,1.73
2013.04.09 10:22:34.181,5.74056,5.74188,1.73,2.85
2013.04.09 10:22:34.616,5.74056,5.74188,1.73,2.85
2013.04.09 10:22:34.851,5.74047,5.74188,1.73,2.85
2013.04.09 10:22:35.589,5.74056,5.74188,1.73,2.85
2013.04.09 10:22:36.266,5.74056,5.74188,1.73,2.85
2013.04.09 10:22:36.597,5.74056,5.74188,1.73,2.85
2013.04.09 10:22:37.289,5.74056,5.74188,1.73,2.85
2013.04.09 10:22:37.641,5.74056,5.74188,1.73,2.85
2013.04.09 10:22:38.191,5.74056,5.74188,1.73,2.85
2013.04.09 10:22:38.796,5.74056,5.74188,1.73,2.85
2013.04.09 10:22:39.171,5.74056,5.74188,1.73,2.85
2013.04.09 10:22:39.442,5.74056,5.74199,1.73,1.73
2013.04.09 10:22:39.621,5.74061,5.74199,1.13,1.73
2013.04.09 10:22:40.014,5.74061,5.74199,1.13,1.73
2013.04.09 10:22:40.212,5.74061,5.7422,1.13,2.93
2013.04.09 10:22:40.282,5.74079,5.74236,2.48,1.35
2013.04.09 10:22:40.341,5.74079,5.74236,2.48,1.35
2013.04.09 10:22:40.481,5.74079,5.74223,2.48,1.73
2013.04.09 10:22:40.787,5.74095,5.74223,1.13,1.73
2013.04.09 10:22:40.852,5.74095,5.74244,1.13,2.93
2013.04.09 10:22:41.351,5.74105,5.74243,1.73,2.48
2013.04.09 10:22:41.973,5.74105,5.74243,1.73,2.48
2013.04.09 10:22:43.142,5.74105,5.74243,1.73,2.48
2013.04.09 10:22:43.911,5.74105,5.74243,1.73,2.48
2013.04.09 10:22:44.903,5.74095,5.74243,1.35,2.48
2013.04.09 10:22:45.321,5.74074,5.74234,1.95,1.73
2013.04.09 10:22:45.381,5.74057,5.74216,1.73,1.35
2013.04.09 10:22:45.441,5.7405,5.74197,1.73,1.35
2013.04.09 10:22:46.544,5.74045,5.74188,1.73,1.73
2013.04.09 10:22:46.883,5.74045,5.74188,1.73,1.73
2013.04.09 10:22:48.367,5.74045,5.74188,1.73,1.73
2013.04.09 10:22:50.315,5.74045,5.74182,1.73,1.73
2013.04.09 10:22:54.605,5.74045,5.74197,1.73,1.35
2013.04.09 10:22:54.736,5.74045,5.74197,1.73,1.35
2013.04.09 10:22:55.043,5.74068,5.7423,1.73,2.93
2013.04.09 10:22:55.172,5.74102,5.74237,1.13,1.95
2013.04.09 10:22:55.232,5.74102,5.74241,1.13,1.73
2013.04.09 10:22:55.523,5.74102,5.74225,1.13,1.80
2013.04.09 10:22:55.913,5.74102,5.74225,1.13,1.80
2013.04.09 10:22:56.295,5.74102,5.74225,1.13,1.80
2013.04.09 10:22:57.641,5.74102,5.74225,1.13,1.80
2013.04.09 10:22:59.634,5.74069,5.74215,1.73,1.73
2013.04.09 10:22:59.873,5.74069,5.74215,1.73,1.73
2013.04.09 10:23:00.581,5.74069,5.74212,1.73,1.35
2013.04.09 10:23:00.643,5.74068,5.74212,1.73,1.35
2013.04.09 10:23:00.916,5.74044,5.74196,1.73,1.35
2013.04.09 10:23:01.461,5.74044,5.7418,1.73,2.03
2013.04.09 10:23:02.728,5.74022,5.7417,1.13,1.73
2013.04.09 10:23:03.071,5.74022,5.74162,1.13,3.00
2013.04.09 10:23:03.325,5.74022,5.74169,1.13,1.73
2013.04.09 10:23:03.391,5.74022,5.74169,1.13,1.73
2013.04.09 10:23:03.591,5.74022,5.74169,1.13,1.73
2013.04.09 10:23:04.122,5.74022,5.74159,1.13,1.50
2013.04.09 10:23:04.192,5.74022,5.74159,1.13,1.50
2013.04.09 10:23:08.013,5.74022,5.74159,1.13,1.50
2013.04.09 10:23:10.601,5.74022,5.74159,1.13,1.50
2013.04.09 10:23:11.204,5.74022,5.74159,1.13,1.50
2013.04.09 10:23:12.413,5.74022,5.74159,1.13,1.50
2013.04.09 10:23:12.995,5.74022,5.74183,1.13,2.93
2013.04.09 10:23:13.813,5.74038,5.74196,1.73,1.35
2013.04.09 10:23:13.897,5.74046,5.74185,1.73,2.25
2013.04.09 10:23:14.682,5.74046,5.74185,1.73,2.25
2013.04.09 10:23:14.743,5.74046,5.74185,1.73,2.25
2013.04.09 10:23:15.243,5.74046,5.74185,1.73,2.25
2013.04.09 10:23:15.453,5.74046,5.74189,1.73,1.73
2013.04.09 10:23:15.933,5.74046,5.74189,1.73,1.73
2013.04.09 10:23:16.345,5.74046,5.74189,1.73,1.73
2013.04.09 10:23:17.272,5.74046,5.74189,1.73,1.73
2013.04.09 10:23:17.674,5.74046,5.74189,1.73,1.73
2013.04.09 10:23:19.361,5.7404,5.74189,1.35,1.73
2013.04.09 10:23:19.912,5.74025,5.74185,2.93,1.13
2013.04.09 10:23:20.232,5.74025,5.74162,2.93,1.73
2013.04.09 10:23:20.293,5.74024,5.74162,1.95,1.73
2013.04.09 10:23:22.844,5.74024,5.74162,1.73,1.73
2013.04.09 10:23:23.292,5.74024,5.74143,1.73,2.93
2013.04.09 10:23:31.591,5.74024,5.74133,1.73,1.13
2013.04.09 10:23:31.713,5.74003,5.74135,2.93,1.13
2013.04.09 10:23:31.772,5.73993,5.74134,1.73,1.35
2013.04.09 10:23:31.892,5.73983,5.7413,1.13,2.93
2013.04.09 10:23:31.951,5.73968,5.7413,1.13,2.93
2013.04.09 10:23:32.072,5.73983,5.74123,1.35,1.58
2013.04.09 10:23:33.051,5.73973,5.74115,1.95,1.73
2013.04.09 10:23:34.430,5.73966,5.74113,1.73,1.13
2013.04.09 10:23:36.382,5.73974,5.74113,1.73,1.13
2013.04.09 10:23:36.710,5.73974,5.74113,1.73,1.13
2013.04.09 10:23:36.785,5.73974,5.74115,1.73,1.73
2013.04.09 10:23:36.853,5.73974,5.74115,1.73,1.73
2013.04.09 10:23:37.185,5.73974,5.74136,1.73,2.93
2013.04.09 10:23:37.253,5.73974,5.74136,1.73,2.93
2013.04.09 10:23:38.162,5.73995,5.7413,1.73,1.13
2013.04.09 10:23:38.384,5.73983,5.7413,1.73,1.13
2013.04.09 10:23:38.632,5.73987,5.74122,1.73,1.73
2013.04.09 10:23:40.164,5.73995,5.74122,1.73,1.73
2013.04.09 10:23:42.085,5.73973,5.74116,1.73,1.73
2013.04.09 10:23:43.295,5.73973,5.74116,1.73,1.73
2013.04.09 10:23:46.551,5.7398,5.74129,1.50,1.73
2013.04.09 10:23:46.673,5.73977,5.74129,1.50,1.73
2013.04.09 10:23:46.852,5.73973,5.74137,1.73,2.93
2013.04.09 10:23:46.912,5.73987,5.74158,1.73,2.93
2013.04.09 10:23:47.387,5.73995,5.74161,2.93,1.95
2013.04.09 10:23:49.362,5.74016,5.74181,1.73,2.93
2013.04.09 10:23:49.422,5.74017,5.74181,1.13,2.93
2013.04.09 10:23:49.811,5.7402,5.74183,1.35,1.95
2013.04.09 10:23:50.616,5.74038,5.74195,1.73,1.73
2013.04.09 10:23:51.079,5.74038,5.74195,1.73,1.73
2013.04.09 10:23:52.182,5.74038,5.74195,1.73,1.73
2013.04.09 10:23:53.075,5.74038,5.74195,1.73,1.73
2013.04.09 10:23:54.345,5.74048,5.74196,1.73,1.13
2013.04.09 10:23:57.069,5.7401,5.74153,1.73,1.35
2013.04.09 10:23:58.144,5.7401,5.74152,1.73,1.13
2013.04.09 10:23:58.242,5.7401,5.74152,1.73,1.13
2013.04.09 10:24:00.492,5.74017,5.74152,1.73,1.13
2013.04.09 10:24:00.922,5.74027,5.74152,1.73,1.13
2013.04.09 10:24:01.044,5.74038,5.74196,1.73,1.73
2013.04.09 10:24:01.302,5.74048,5.74185,1.73,1.73
2013.04.09 10:24:01.484,5.74048,5.74206,1.73,1.35
2013.04.09 10:24:02.012,5.74051,5.74203,2.93,2.93
2013.04.09 10:24:06.337,5.74067,5.74214,1.73,1.73
2013.04.09 10:24:10.312,5.74072,5.74214,1.73,1.73
2013.04.09 10:24:19.364,5.74072,5.74214,1.73,1.73
2013.04.09 10:24:21.551,5.74088,5.74222,1.73,2.78
2013.04.09 10:24:23.322,5.74055,5.7421,2.93,2.93
2013.04.09 10:24:40.710,5.74065,5.7421,1.50,2.93
2013.04.09 10:24:40.896,5.74068,5.74212,1.73,1.73
2013.04.09 10:24:40.966,5.7407,5.74212,1.73,1.73
2013.04.09 10:24:42.523,5.7407,5.74212,1.73,1.73
2013.04.09 10:24:42.833,5.74065,5.74212,1.73,1.73
2013.04.09 10:24:43.374,5.7405,5.74209,1.73,1.50
2013.04.09 10:24:43.504,5.74044,5.74199,2.10,1.73
2013.04.09 10:24:44.592,5.74044,5.74186,1.13,2.93
2013.04.09 10:24:44.993,5.7405,5.74186,1.13,2.93
2013.04.09 10:24:53.642,5.7404,5.74186,1.50,2.93
2013.04.09 10:24:54.462,5.7405,5.74186,1.13,2.93
2013.04.09 10:24:54.653,5.74051,5.74199,1.35,1.73
2013.04.09 10:24:54.722,5.74051,5.74199,1.35,1.73
2013.04.09 10:25:02.203,5.7405,5.74199,1.73,1.73
2013.04.09 10:25:02.633,5.74008,5.74189,1.73,2.93
2013.04.09 10:25:07.153,5.74025,5.74182,3.90,1.73
2013.04.09 10:25:15.864,5.74019,5.74168,1.73,1.73
2013.04.09 10:25:18.184,5.74011,5.74167,1.13,2.93
2013.04.09 10:25:18.625,5.74003,5.7415,1.35,1.73
2013.04.09 10:25:23.103,5.73991,5.74145,2.78,2.93
2013.04.09 10:25:25.133,5.74001,5.7415,1.73,1.73
2013.04.09 10:25:43.144,5.73998,5.74146,1.13,2.93
2013.04.09 10:25:58.635,5.73978,5.74125,1.73,3.45
2013.04.09 10:26:00.751,5.73982,5.74125,1.73,3.45
2013.04.09 10:26:01.054,5.73987,5.74125,1.73,2.48
2013.04.09 10:26:05.584,5.73998,5.74161,1.73,1.35
2013.04.09 10:26:05.654,5.74004,5.74161,1.73,1.35
2013.04.09 10:26:05.963,5.74004,5.74148,1.73,1.73
2013.04.09 10:26:06.422,5.74018,5.74169,1.73,1.73
2013.04.09 10:26:11.693,5.74028,5.74169,1.73,1.73
2013.04.09 10:26:14.504,5.74027,5.74169,1.73,1.73
2013.04.09 10:26:25.782,5.74018,5.74175,1.73,2.48
2013.04.09 10:26:27.297,5.74017,5.7416,1.73,1.65
2013.04.09 10:26:32.733,5.74009,5.7415,1.95,1.73
2013.04.09 10:26:32.792,5.74001,5.7415,2.10,1.73
2013.04.09 10:26:39.424,5.74009,5.7415,1.73,1.73
2013.04.09 10:26:40.464,5.74001,5.7415,2.10,1.73
2013.04.09 10:26:42.251,5.74009,5.7415,1.35,1.73
2013.04.09 10:26:42.598,5.74011,5.7416,1.35,1.65
2013.04.09 10:26:50.462,5.74017,5.74172,2.48,1.73
2013.04.09 10:26:51.901,5.74031,5.74172,1.73,1.73
2013.04.09 10:26:52.472,5.74022,5.74172,1.73,1.73
2013.04.09 10:26:54.342,5.74031,5.74172,1.35,1.73
2013.04.09 10:26:54.462,5.74034,5.74181,1.13,1.73
2013.04.09 10:26:54.523,5.74055,5.74191,1.35,1.65
2013.04.09 10:27:13.712,5.74044,5.74172,1.35,1.88
2013.04.09 10:27:13.771,5.74034,5.74172,1.35,1.88
2013.04.09 10:27:13.893,5.74013,5.74172,1.73,1.88
2013.04.09 10:27:14.084,5.74011,5.74175,2.93,1.73
2013.04.09 10:27:14.154,5.73987,5.74166,1.73,1.73
2013.04.09 10:27:14.404,5.73987,5.74143,1.73,2.85
2013.04.09 10:27:18.994,5.73986,5.74133,1.50,1.73
2013.04.09 10:27:19.303,5.73986,5.74133,1.13,1.73
2013.04.09 10:27:19.613,5.73968,5.74122,1.13,2.93
2013.04.09 10:27:21.571,5.73958,5.74101,1.73,1.73
2013.04.09 10:27:25.414,5.73958,5.74101,1.73,1.73
2013.04.09 10:27:25.723,5.73988,5.74124,1.13,1.73
2013.04.09 10:27:27.514,5.73979,5.74124,1.35,1.73
2013.04.09 10:27:35.576,5.73971,5.7412,1.13,1.73
2013.04.09 10:27:39.872,5.73947,5.74102,1.73,1.35
2013.04.09 10:27:40.712,5.73959,5.741,1.35,1.73
2013.04.09 10:27:57.074,5.73946,5.74105,1.73,2.63
2013.04.09 10:27:59.454,5.73961,5.74105,2.93,2.63
2013.04.09 10:28:11.417,5.73946,5.74101,1.73,1.73
2013.04.09 10:28:17.386,5.73962,5.74105,2.93,2.63
2013.04.09 10:28:37.443,5.73969,5.74105,1.35,2.63
2013.04.09 10:28:41.333,5.73969,5.74143,1.35,1.35
2013.04.09 10:28:50.624,5.73978,5.74124,1.73,2.33
2013.04.09 10:28:50.873,5.73967,5.74136,1.73,1.35
2013.04.09 10:28:50.934,5.73991,5.74152,2.93,1.13
2013.04.09 10:28:51.004,5.73998,5.74161,1.35,1.73
2013.04.09 10:28:51.074,5.73998,5.74139,1.35,2.25
2013.04.09 10:29:06.434,5.74008,5.74161,1.73,1.73
2013.04.09 10:29:06.576,5.74016,5.74167,2.93,2.70
2013.04.09 10:29:06.772,5.74016,5.74178,2.93,1.35
2013.04.09 10:29:06.833,5.74021,5.74172,1.73,1.13
2013.04.09 10:29:14.395,5.74037,5.74178,1.73,1.73
2013.04.09 10:29:15.384,5.74037,5.74178,1.73,1.73
2013.04.09 10:29:16.215,5.74037,5.74178,1.73,1.73
2013.04.09 10:29:16.552,5.74047,5.7418,1.73,1.58
2013.04.09 10:29:20.393,5.74035,5.7418,2.10,1.58
2013.04.09 10:29:20.483,5.74035,5.7418,2.10,1.58
2013.04.09 10:29:21.416,5.74035,5.7418,1.35,1.58
2013.04.09 10:29:33.233,5.74035,5.7418,1.73,1.58
2013.04.09 10:29:34.944,5.74028,5.7418,1.73,1.58
2013.04.09 10:29:40.432,5.74021,5.74179,1.73,1.73
2013.04.09 10:29:46.540,5.74037,5.74201,2.93,2.33
2013.04.09 10:29:46.904,5.7406,5.74196,2.93,1.50
2013.04.09 10:29:57.443,5.74058,5.74196,1.95,1.50
2013.04.09 10:29:59.913,5.74038,5.74188,2.93,1.13
2013.04.09 10:30:00.092,5.74032,5.74188,1.73,1.73
2013.04.09 10:30:00.153,5.74011,5.74176,2.93,1.73
2013.04.09 10:30:00.273,5.74011,5.74173,2.93,2.90
2013.04.09 10:30:00.332,5.73986,5.74169,2.93,2.93
2013.04.09 10:30:00.395,5.73986,5.74148,2.93,1.35
2013.04.09 10:30:00.462,5.73983,5.74144,1.73,1.35
2013.04.09 10:30:00.963,5.73978,5.74144,1.73,1.35
2013.04.09 10:30:01.315,5.73978,5.74125,1.73,2.33
2013.04.09 10:30:03.396,5.73983,5.74125,1.73,2.33
2013.04.09 10:30:03.713,5.73983,5.74126,1.73,1.73
2013.04.09 10:30:03.783,5.73962,5.74117,1.73,1.73
2013.04.09 10:30:04.093,5.73962,5.74097,1.73,1.50
2013.04.09 10:30:04.703,5.73958,5.74097,3.68,1.50
2013.04.09 10:30:17.163,5.73975,5.74097,2.93,1.50
2013.04.09 10:30:17.643,5.73988,5.74134,1.73,1.13
2013.04.09 10:30:17.975,5.73996,5.74134,1.73,1.13
2013.04.09 10:30:18.304,5.73987,5.74123,1.73,2.93
2013.04.09 10:30:18.892,5.73996,5.74123,1.73,2.93
2013.04.09 10:30:19.564,5.73988,5.74123,1.73,2.93
2013.04.09 10:30:20.432,5.73996,5.74123,1.73,2.93
2013.04.09 10:30:21.422,5.73987,5.74123,1.73,2.93
2013.04.09 10:30:24.293,5.73974,5.74123,1.95,2.93
2013.04.09 10:30:24.412,5.73981,5.74123,1.73,2.93
2013.04.09 10:30:24.713,5.73998,5.74123,1.73,2.93
2013.04.09 10:30:25.082,5.74006,5.74123,1.73,2.93
2013.04.09 10:30:25.626,5.73997,5.74123,1.73,2.93
2013.04.09 10:30:26.632,5.74006,5.74123,1.73,2.93
2013.04.09 10:30:26.703,5.74006,5.74166,1.73,1.35
2013.04.09 10:30:26.783,5.7401,5.74167,2.93,1.13
2013.04.09 10:30:27.093,5.74027,5.74154,1.73,1.88
2013.04.09 10:30:29.122,5.74031,5.74154,1.73,1.88
2013.04.09 10:30:29.432,5.74031,5.74154,1.73,1.88
2013.04.09 10:30:29.492,5.74031,5.74174,1.73,2.25
2013.04.09 10:30:30.362,5.74028,5.74174,1.73,2.25
2013.04.09 10:30:30.422,5.74028,5.74158,1.73,1.65
2013.04.09 10:30:31.319,5.74031,5.74158,1.73,1.65
2013.04.09 10:30:31.892,5.7402,5.74158,1.35,1.65
2013.04.09 10:30:46.842,5.74017,5.74158,1.73,1.65
2013.04.09 10:30:48.345,5.74013,5.7414,2.93,2.55
2013.04.09 10:30:48.653,5.73985,5.7414,2.93,2.55
2013.04.09 10:30:48.712,5.73985,5.74147,2.93,1.73
2013.04.09 10:30:48.832,5.73985,5.74128,2.93,1.58
2013.04.09 10:30:49.824,5.74006,5.74128,1.73,1.58
2013.04.09 10:30:50.662,5.73985,5.74128,2.93,1.58
2013.04.09 10:31:08.563,5.73978,5.74128,2.10,1.58
2013.04.09 10:31:10.353,5.73989,5.74128,1.73,1.58
2013.04.09 10:31:10.683,5.73989,5.74128,1.73,1.58
2013.04.09 10:31:11.733,5.73978,5.74128,1.35,1.58
2013.04.09 10:31:15.269,5.73989,5.74128,1.73,1.58
2013.04.09 10:31:15.383,5.73987,5.74128,1.73,1.58
2013.04.09 10:31:18.905,5.73989,5.74128,1.73,1.58
2013.04.09 10:31:19.212,5.73989,5.74128,1.73,1.58
2013.04.09 10:31:20.183,5.74007,5.74128,1.73,1.58
2013.04.09 10:31:35.671,5.73988,5.74128,2.70,1.58
2013.04.09 10:31:39.164,5.73988,5.74128,1.73,1.58
2013.04.09 10:31:39.483,5.73987,5.74128,1.35,1.58
2013.04.09 10:31:44.327,5.73988,5.74128,1.73,1.58
2013.04.09 10:31:44.548,5.73987,5.74128,1.35,1.58
2013.04.09 10:31:46.896,5.73988,5.74128,1.73,1.58
2013.04.09 10:31:46.979,5.73983,5.74128,1.35,1.58
2013.04.09 10:31:48.844,5.73983,5.7415,1.35,2.93
2013.04.09 10:31:49.606,5.73988,5.7415,1.73,2.93
2013.04.09 10:31:51.367,5.73988,5.7415,1.73,2.93
2013.04.09 10:31:51.587,5.73983,5.7415,1.35,2.93
2013.04.09 10:31:54.272,5.73988,5.74127,1.73,1.88
2013.04.09 10:31:54.696,5.73988,5.74092,1.73,1.73
2013.04.09 10:31:54.882,5.73983,5.74105,1.35,2.78
2013.04.09 10:31:55.122,5.73983,5.74085,1.35,1.50
2013.04.09 10:31:55.703,5.73983,5.74085,1.13,1.50
2013.04.09 10:31:56.412,5.73978,5.74085,1.13,1.50
2013.04.09 10:31:56.632,5.73983,5.74085,1.13,1.50
2013.04.09 10:31:56.862,5.73978,5.74085,1.13,1.50
2013.04.09 10:31:58.632,5.73983,5.74085,1.13,1.50
2013.04.09 10:31:58.797,5.73978,5.74085,1.13,1.50
2013.04.09 10:32:00.557,5.73983,5.74085,1.13,1.50
2013.04.09 10:32:00.922,5.73978,5.74085,1.13,1.50
2013.04.09 10:32:01.933,5.73983,5.74085,1.13,1.50
2013.04.09 10:32:02.097,5.73977,5.74085,1.13,1.50
2013.04.09 10:32:02.871,5.73983,5.74085,1.13,1.50
2013.04.09 10:32:03.133,5.73962,5.74085,1.13,1.50
2013.04.09 10:32:03.432,5.73948,5.74085,1.50,1.50
2013.04.09 10:32:03.552,5.73945,5.74085,1.13,1.50
2013.04.09 10:32:03.703,5.73937,5.74085,1.13,1.50
2013.04.09 10:32:03.952,5.73945,5.74085,1.13,1.50
2013.04.09 10:32:04.354,5.73945,5.74085,1.13,1.50
2013.04.09 10:32:05.402,5.73945,5.74085,1.13,1.50
2013.04.09 10:32:05.844,5.73945,5.74085,1.13,1.50
2013.04.09 10:32:06.616,5.73945,5.74085,1.13,1.50
2013.04.09 10:32:06.948,5.73945,5.74085,1.13,1.50
2013.04.09 10:32:07.144,5.73945,5.7409,1.13,1.73
2013.04.09 10:32:07.272,5.73945,5.7409,1.13,1.73
2013.04.09 10:32:07.984,5.73945,5.7409,1.13,1.73
2013.04.09 10:32:08.373,5.73945,5.7409,1.13,1.73
2013.04.09 10:32:08.745,5.73945,5.7409,1.13,1.73
2013.04.09 10:32:08.812,5.73945,5.7409,1.13,1.73
2013.04.09 10:32:08.932,5.73945,5.74086,1.13,2.93
2013.04.09 10:32:10.182,5.73945,5.74086,1.13,2.93
2013.04.09 10:32:11.873,5.73945,5.74086,1.13,2.93
2013.04.09 10:32:12.372,5.73945,5.74086,1.13,2.93
2013.04.09 10:32:12.922,5.73941,5.74086,1.13,2.93
2013.04.09 10:32:18.093,5.73945,5.74086,1.13,2.93
2013.04.09 10:32:18.463,5.73946,5.74086,1.13,2.93
2013.04.09 10:32:19.423,5.73941,5.74086,1.13,2.93
2013.04.09 10:32:19.602,5.73946,5.74086,1.13,2.93
2013.04.09 10:32:19.843,5.73946,5.74086,1.13,2.93
2013.04.09 10:32:20.745,5.73946,5.74086,1.13,2.93
2013.04.09 10:32:21.172,5.73946,5.74086,1.13,2.93
2013.04.09 10:32:22.602,5.73946,5.74086,1.13,2.93
2013.04.09 10:32:23.152,5.73946,5.74086,1.13,2.93
2013.04.09 10:32:23.387,5.73946,5.74086,1.13,2.93
2013.04.09 10:32:24.362,5.73946,5.74086,1.13,2.93
2013.04.09 10:32:24.693,5.73946,5.74086,1.13,2.93
2013.04.09 10:32:24.873,5.73946,5.74086,1.13,2.93
2013.04.09 10:32:26.354,5.73946,5.74086,1.13,2.93
2013.04.09 10:32:26.423,5.73946,5.74086,1.13,2.93
2013.04.09 10:32:26.952,5.73946,5.74086,1.13,2.93
2013.04.09 10:32:28.276,5.73946,5.74086,1.13,2.93
2013.04.09 10:32:28.403,5.73946,5.74086,1.13,2.93
2013.04.09 10:32:28.612,5.73946,5.74086,1.13,2.93
2013.04.09 10:32:28.941,5.73946,5.74087,1.13,1.95
2013.04.09 10:32:30.372,5.73946,5.7409,1.13,1.73
2013.04.09 10:32:32.353,5.73946,5.7409,1.13,1.73
2013.04.09 10:32:33.683,5.73941,5.7409,1.50,1.73
2013.04.09 10:32:36.933,5.73941,5.7409,1.50,1.73
2013.04.09 10:32:37.332,5.73941,5.7409,1.50,1.73
2013.04.09 10:32:39.826,5.73941,5.7409,1.50,1.73
2013.04.09 10:32:40.092,5.73941,5.7409,1.50,1.73
2013.04.09 10:32:41.307,5.73941,5.7409,1.50,1.73
2013.04.09 10:32:41.371,5.73941,5.7409,1.50,1.73
2013.04.09 10:32:41.611,5.73941,5.7409,1.50,1.73
2013.04.09 10:32:43.287,5.73941,5.7409,1.50,1.73
2013.04.09 10:32:43.412,5.73941,5.7409,1.50,1.73
2013.04.09 10:32:45.062,5.73941,5.7409,1.50,1.73
2013.04.09 10:32:45.426,5.73941,5.7409,1.50,1.73
2013.04.09 10:32:46.194,5.73941,5.7409,1.50,1.73
2013.04.09 10:32:47.184,5.73941,5.7409,1.50,1.73
2013.04.09 10:32:48.954,5.73941,5.7409,1.50,1.73
2013.04.09 10:32:55.376,5.73947,5.7409,1.13,1.73
2013.04.09 10:32:56.425,5.73947,5.7409,1.13,1.73
2013.04.09 10:33:09.222,5.73961,5.74114,1.13,2.93
2013.04.09 10:33:17.589,5.73961,5.74114,1.13,2.93
2013.04.09 10:33:27.385,5.73961,5.74114,1.13,2.93
2013.04.09 10:33:29.032,5.73961,5.7411,1.13,2.93
2013.04.09 10:33:32.335,5.73961,5.7411,1.13,2.93
2013.04.09 10:33:41.464,5.73957,5.74112,1.13,1.95
2013.04.09 10:33:41.954,5.73993,5.74118,1.13,1.73
2013.04.09 10:33:43.263,5.73993,5.74128,1.13,2.18
2013.04.09 10:33:43.353,5.73993,5.74153,1.13,2.93
2013.04.09 10:33:43.475,5.73993,5.74153,1.13,2.93
2013.04.09 10:33:43.946,5.73993,5.74138,1.13,1.73
2013.04.09 10:33:48.432,5.73993,5.74138,1.13,1.73
2013.04.09 10:33:59.732,5.74,5.74138,1.13,1.73
2013.04.09 10:34:02.154,5.74,5.74138,1.13,1.73
2013.04.09 10:34:02.232,5.74006,5.74157,1.50,1.73
2013.04.09 10:34:04.433,5.74035,5.74157,1.13,1.73
2013.04.09 10:34:04.955,5.74035,5.74165,1.13,1.50
2013.04.09 10:34:05.623,5.74035,5.74178,1.13,1.73
2013.04.09 10:34:05.684,5.74035,5.74178,1.13,1.73
2013.04.09 10:34:05.935,5.74048,5.74215,1.35,1.35
2013.04.09 10:34:06.124,5.74081,5.74227,1.13,1.73
2013.04.09 10:34:06.196,5.74081,5.74248,1.13,2.93
2013.04.09 10:34:06.326,5.74081,5.74248,1.13,2.93
2013.04.09 10:34:06.666,5.74081,5.74248,1.13,2.93
2013.04.09 10:34:07.059,5.74081,5.74227,1.13,1.73
2013.04.09 10:34:07.127,5.74081,5.74227,1.13,1.73
2013.04.09 10:34:07.393,5.74081,5.74227,1.13,1.73
2013.04.09 10:34:08.094,5.74081,5.74227,1.13,1.73
2013.04.09 10:34:10.242,5.7409,5.74227,1.13,1.73
2013.04.09 10:34:12.591,5.74088,5.74227,1.13,1.73
2013.04.09 10:34:12.925,5.74077,5.74227,1.13,1.73
2013.04.09 10:34:15.443,5.74081,5.74227,1.13,1.73
2013.04.09 10:34:15.794,5.74081,5.74221,1.13,1.73
2013.04.09 10:34:16.794,5.74081,5.74221,1.13,1.73
2013.04.09 10:34:18.283,5.74081,5.74221,1.13,1.73
2013.04.09 10:34:20.373,5.74077,5.74221,1.13,1.73
2013.04.09 10:34:21.064,5.74058,5.7421,1.13,1.73
2013.04.09 10:34:21.814,5.74045,5.74192,1.50,1.73
2013.04.09 10:34:25.534,5.74081,5.74192,1.13,1.73
2013.04.09 10:34:25.611,5.74081,5.74192,1.13,1.73
2013.04.09 10:34:26.033,5.74078,5.74192,1.13,1.73
2013.04.09 10:34:28.988,5.74068,5.74192,1.13,1.73
2013.04.09 10:34:29.934,5.7408,5.74192,1.13,1.73
2013.04.09 10:34:30.375,5.74078,5.74192,1.13,1.73
2013.04.09 10:34:36.352,5.74058,5.74192,1.13,1.73
2013.04.09 10:34:37.144,5.74058,5.74205,1.13,2.93
2013.04.09 10:34:37.334,5.74058,5.74231,1.13,2.93
2013.04.09 10:34:38.118,5.74058,5.74208,1.13,1.58
2013.04.09 10:34:38.244,5.74058,5.74208,1.13,1.58
2013.04.09 10:34:42.314,5.74074,5.74221,1.50,1.73
2013.04.09 10:34:42.445,5.74084,5.74221,1.13,1.73
2013.04.09 10:34:43.334,5.74084,5.74221,1.13,1.73
2013.04.09 10:34:43.523,5.74084,5.74252,1.13,2.93
2013.04.09 10:34:43.653,5.74092,5.74239,1.50,1.73
2013.04.09 10:34:44.015,5.74092,5.7428,1.50,2.93
2013.04.09 10:34:44.333,5.74157,5.7428,1.13,2.93
2013.04.09 10:34:44.594,5.74157,5.74297,1.13,1.73
2013.04.09 10:34:44.844,5.74197,5.74305,1.13,2.93
2013.04.09 10:34:45.093,5.74178,5.74324,1.13,2.93
2013.04.09 10:34:45.594,5.74168,5.74303,1.13,1.73
2013.04.09 10:34:45.946,5.74168,5.74297,1.13,1.73
2013.04.09 10:34:47.414,5.7415,5.74297,1.50,1.73
2013.04.09 10:34:47.834,5.74147,5.74297,1.50,1.73
2013.04.09 10:34:48.405,5.7415,5.74297,1.50,1.73
2013.04.09 10:34:48.930,5.74147,5.74297,1.50,1.73
2013.04.09 10:34:49.265,5.7414,5.7428,1.13,2.63
2013.04.09 10:34:49.333,5.74128,5.7428,1.13,2.63
2013.04.09 10:34:49.518,5.74128,5.7427,1.13,3.68
2013.04.09 10:34:49.824,5.74103,5.7427,1.13,2.93
2013.04.09 10:34:51.165,5.74121,5.74268,1.50,1.73
2013.04.09 10:34:52.135,5.74121,5.74268,1.50,1.73
2013.04.09 10:34:52.204,5.74147,5.74271,1.13,1.73
2013.04.09 10:34:52.277,5.74147,5.74271,1.13,1.73
2013.04.09 10:34:52.405,5.74147,5.74271,1.13,1.73
2013.04.09 10:34:52.724,5.74147,5.74317,1.13,2.93
2013.04.09 10:34:53.712,5.74148,5.74297,1.50,1.73
2013.04.09 10:34:54.093,5.74148,5.74297,1.50,1.73
2013.04.09 10:34:54.496,5.74148,5.74297,1.13,1.73
2013.04.09 10:34:54.774,5.74148,5.74295,1.13,2.93
2013.04.09 10:34:56.312,5.74147,5.74295,1.13,2.93
2013.04.09 10:34:58.257,5.74148,5.74295,1.50,2.93
2013.04.09 10:34:58.447,5.74147,5.74319,1.13,2.93
2013.04.09 10:34:59.863,5.74147,5.74294,1.13,2.93
2013.04.09 10:34:59.984,5.74147,5.74294,1.13,2.93
2013.04.09 10:35:00.053,5.74147,5.74294,1.13,2.93
2013.04.09 10:35:01.662,5.74147,5.74297,1.13,2.78
2013.04.09 10:35:01.842,5.74129,5.74297,1.73,2.78
2013.04.09 10:35:01.903,5.74123,5.74269,2.85,2.63
2013.04.09 10:35:01.963,5.74118,5.74269,1.50,2.63
2013.04.09 10:35:02.083,5.74105,5.74259,1.50,1.73
2013.04.09 10:35:02.225,5.74095,5.74263,2.78,2.93
2013.04.09 10:35:02.845,5.74105,5.74243,1.13,1.73
2013.04.09 10:35:03.642,5.74106,5.74263,1.13,3.68
2013.04.09 10:35:03.943,5.74097,5.74244,1.13,1.73
2013.04.09 10:35:04.432,5.74094,5.74244,1.13,1.73
2013.04.09 10:35:05.422,5.74097,5.74237,1.13,2.93
2013.04.09 10:35:14.222,5.74088,5.74263,1.13,2.93
2013.04.09 10:35:16.334,5.74114,5.74263,1.13,2.93
2013.04.09 10:35:16.403,5.74114,5.74285,1.13,1.35
2013.04.09 10:35:17.418,5.74121,5.7427,1.50,1.73
2013.04.09 10:35:17.641,5.74121,5.7427,1.50,1.73
2013.04.09 10:35:18.186,5.74128,5.7427,1.13,1.73
2013.04.09 10:35:18.527,5.74133,5.74286,1.13,1.73
2013.04.09 10:35:18.714,5.74139,5.74292,1.50,1.73
2013.04.09 10:35:19.143,5.74148,5.74292,1.50,1.73
2013.04.09 10:35:20.423,5.74139,5.74292,1.50,1.73
2013.04.09 10:35:20.655,5.74139,5.74292,1.50,1.73
2013.04.09 10:35:21.473,5.74139,5.74286,1.50,1.73
2013.04.09 10:35:24.455,5.74138,5.74286,1.50,1.73
2013.04.09 10:35:24.643,5.74139,5.74286,1.50,1.73
2013.04.09 10:35:25.005,5.74138,5.74286,1.50,1.73
2013.04.09 10:35:25.913,5.74133,5.7428,1.13,2.63
2013.04.09 10:35:25.973,5.74134,5.7428,1.50,2.63
2013.04.09 10:35:28.356,5.74144,5.74291,1.50,1.73
2013.04.09 10:35:28.703,5.74143,5.74329,1.73,1.35
2013.04.09 10:35:29.539,5.74177,5.74318,2.30,1.65
2013.04.09 10:35:30.443,5.74187,5.74318,1.35,1.65
2013.04.09 10:35:31.339,5.74187,5.74334,1.35,2.48
2013.04.09 10:35:35.733,5.74175,5.74324,1.13,1.73
2013.04.09 10:35:38.574,5.74175,5.74324,1.13,2.48
2013.04.09 10:35:49.643,5.74175,5.74322,1.13,2.93
2013.04.09 10:35:49.953,5.74148,5.74301,1.50,1.73
2013.04.09 10:35:50.014,5.74144,5.74301,1.73,1.73
2013.04.09 10:35:50.144,5.7414,5.74301,1.73,1.73
2013.04.09 10:35:50.204,5.7413,5.74293,1.95,1.73
2013.04.09 10:35:50.263,5.74127,5.74293,1.50,1.73
2013.04.09 10:35:50.354,5.74127,5.74283,2.25,1.73
2013.04.09 10:35:50.885,5.74123,5.74283,1.73,1.73
2013.04.09 10:35:50.954,5.74123,5.74277,1.73,1.73
2013.04.09 10:35:51.384,5.74123,5.74272,1.73,1.50
2013.04.09 10:35:54.085,5.74122,5.74266,1.13,1.73
2013.04.09 10:35:54.393,5.74122,5.74259,1.13,1.73
2013.04.09 10:35:54.453,5.74118,5.74259,1.13,1.73
2013.04.09 10:35:59.464,5.74102,5.74251,1.13,1.73
2013.04.09 10:35:59.697,5.74089,5.74246,2.10,1.73
2013.04.09 10:35:59.764,5.74087,5.74246,2.67,1.73
2013.04.09 10:35:59.834,5.74087,5.7423,2.67,2.93
2013.04.09 10:35:59.955,5.74073,5.7423,2.55,2.93
2013.04.09 10:36:00.025,5.74053,5.7423,1.50,2.93
2013.04.09 10:36:00.298,5.74061,5.74209,1.13,1.73
2013.04.09 10:36:00.604,5.74058,5.74192,1.50,1.58
2013.04.09 10:36:00.906,5.74018,5.74183,1.73,1.35
2013.04.09 10:36:01.036,5.73998,5.74161,1.73,1.35
2013.04.09 10:36:01.104,5.73981,5.74158,1.13,2.93
2013.04.09 10:36:01.649,5.73981,5.74158,1.13,2.93
2013.04.09 10:36:02.003,5.73981,5.74127,1.13,2.70
2013.04.09 10:36:02.793,5.73981,5.74127,1.13,2.70
2013.04.09 10:36:04.284,5.73981,5.74127,1.13,2.70
2013.04.09 10:36:07.413,5.73981,5.74127,1.13,2.70
2013.04.09 10:36:07.803,5.73981,5.74127,1.13,2.70
2013.04.09 10:36:09.591,5.73994,5.74143,1.50,1.73
2013.04.09 10:36:09.686,5.73994,5.74143,1.50,1.73
2013.04.09 10:36:10.504,5.7401,5.74157,1.50,1.73
2013.04.09 10:36:11.203,5.7401,5.74157,1.50,1.73
2013.04.09 10:36:11.934,5.7401,5.74157,1.50,1.73
2013.04.09 10:36:13.704,5.74028,5.74158,1.88,2.93
2013.04.09 10:36:13.833,5.74028,5.74177,1.88,1.73
2013.04.09 10:36:14.204,5.74056,5.74184,1.13,1.95
2013.04.09 10:36:14.705,5.74053,5.74202,1.13,3.68
2013.04.09 10:36:15.283,5.74056,5.74202,1.13,3.68
2013.04.09 10:36:15.676,5.74053,5.74202,1.13,3.68
2013.04.09 10:36:16.334,5.74056,5.74202,1.13,3.68
2013.04.09 10:36:18.955,5.74059,5.74202,1.58,2.93
2013.04.09 10:36:19.263,5.74069,5.74202,1.50,2.93
2013.04.09 10:36:19.323,5.74069,5.74204,1.50,1.95
2013.04.09 10:36:19.846,5.74078,5.74223,1.50,2.93
2013.04.09 10:36:21.174,5.74086,5.74223,1.50,2.93
2013.04.09 10:36:21.770,5.74107,5.74223,1.50,2.93
2013.04.09 10:36:22.115,5.74107,5.7423,1.50,1.35
2013.04.09 10:36:22.183,5.74116,5.7423,1.88,1.35
2013.04.09 10:36:22.585,5.74106,5.74217,1.50,2.93
2013.04.09 10:36:22.964,5.74093,5.74217,1.50,2.93
2013.04.09 10:36:23.022,5.74056,5.74217,1.13,2.93
2013.04.09 10:36:23.707,5.7408,5.74217,1.50,2.93
2013.04.09 10:36:24.639,5.7408,5.74217,1.50,2.93
2013.04.09 10:36:24.824,5.7408,5.74217,1.50,2.93
2013.04.09 10:36:25.184,5.74065,5.74195,1.50,2.93
2013.04.09 10:36:25.303,5.74065,5.74195,1.50,2.93
2013.04.09 10:36:28.168,5.74065,5.74195,1.50,2.93
2013.04.09 10:36:28.423,5.74065,5.74199,1.50,1.95
2013.04.09 10:36:28.973,5.74065,5.74212,1.50,1.73
2013.04.09 10:36:31.564,5.74065,5.74222,1.50,2.40
2013.04.09 10:36:32.284,5.74065,5.74222,1.50,2.40
2013.04.09 10:36:32.354,5.74065,5.74222,1.50,2.40
2013.04.09 10:36:32.473,5.74059,5.74245,1.73,2.93
2013.04.09 10:36:32.605,5.74088,5.74258,1.73,2.93
2013.04.09 10:36:34.093,5.74092,5.74258,1.50,2.93
2013.04.09 10:36:34.394,5.74092,5.74258,1.50,2.93
2013.04.09 10:36:34.923,5.74092,5.74258,1.50,2.93
2013.04.09 10:36:36.354,5.74092,5.74258,1.50,2.93
2013.04.09 10:36:36.653,5.74092,5.74258,1.50,2.93
2013.04.09 10:36:37.784,5.74092,5.74258,1.50,2.93
2013.04.09 10:36:38.832,5.74092,5.74258,1.50,2.93
2013.04.09 10:36:40.144,5.74088,5.74258,1.73,2.93
2013.04.09 10:36:41.123,5.74092,5.74258,1.50,2.93
2013.04.09 10:36:42.374,5.74088,5.74258,2.48,2.93
2013.04.09 10:36:42.636,5.74095,5.74254,1.50,1.73
2013.04.09 10:36:43.614,5.74088,5.74254,1.73,1.73
2013.04.09 10:36:44.013,5.74087,5.74258,1.73,2.93
2013.04.09 10:36:44.387,5.74088,5.74258,1.73,2.93
2013.04.09 10:36:45.343,5.74087,5.74258,1.73,2.93
2013.04.09 10:36:45.674,5.74088,5.74258,1.73,2.93
2013.04.09 10:36:45.883,5.74087,5.74258,1.73,2.93
2013.04.09 10:36:49.414,5.74089,5.74243,1.50,1.35
2013.04.09 10:36:50.323,5.74088,5.74243,1.73,1.35
2013.04.09 10:36:50.885,5.74087,5.74258,2.48,2.93
2013.04.09 10:36:51.864,5.74087,5.74237,1.73,1.95
2013.04.09 10:36:51.935,5.74077,5.74234,2.78,2.93
2013.04.09 10:36:53.934,5.7408,5.74234,2.85,2.93
2013.04.09 10:37:01.275,5.74087,5.74236,1.50,1.95
2013.04.09 10:37:02.363,5.7409,5.74256,1.50,2.93
2013.04.09 10:37:03.144,5.7409,5.74256,1.50,2.93
2013.04.09 10:37:04.101,5.74126,5.74281,1.50,2.93
2013.04.09 10:37:05.123,5.74107,5.74259,1.50,2.93
2013.04.09 10:37:05.195,5.74081,5.74259,1.73,2.93
2013.04.09 10:37:05.394,5.74081,5.74259,1.73,2.93
2013.04.09 10:37:05.834,5.74088,5.74238,1.50,1.73
2013.04.09 10:37:07.075,5.74088,5.74235,1.50,1.73
2013.04.09 10:37:07.687,5.74087,5.74237,1.50,2.93
2013.04.09 10:37:16.964,5.74063,5.74218,1.50,2.93
2013.04.09 10:37:18.214,5.74063,5.74218,1.50,2.93
2013.04.09 10:37:20.644,5.74063,5.74218,1.50,2.93
2013.04.09 10:37:21.185,5.74063,5.74218,1.50,2.93
2013.04.09 10:37:21.845,5.74063,5.74218,1.50,2.93
2013.04.09 10:37:22.593,5.74063,5.74218,1.50,2.93
2013.04.09 10:37:22.654,5.74078,5.74218,1.50,2.93
2013.04.09 10:37:23.014,5.74081,5.74218,1.50,2.93
2013.04.09 10:37:23.073,5.74081,5.74237,1.50,2.93
2013.04.09 10:37:24.103,5.74081,5.74237,1.50,2.93
2013.04.09 10:37:25.644,5.74081,5.74237,1.50,2.93
2013.04.09 10:37:26.206,5.74081,5.74237,1.50,2.93
2013.04.09 10:37:28.362,5.74097,5.74237,1.50,2.93
2013.04.09 10:37:28.925,5.74097,5.74237,1.50,2.93
2013.04.09 10:37:29.574,5.74097,5.74237,1.50,2.93
2013.04.09 10:37:30.726,5.74097,5.74237,1.50,2.93
2013.04.09 10:37:34.422,5.74097,5.74237,1.50,2.93
2013.04.09 10:37:36.661,5.74097,5.74237,1.50,2.93
2013.04.09 10:37:38.264,5.74097,5.74237,1.50,2.93
2013.04.09 10:37:43.024,5.74097,5.7425,1.50,2.93
2013.04.09 10:37:44.915,5.74097,5.7425,1.50,2.93
2013.04.09 10:37:48.224,5.74117,5.7425,1.50,2.93
2013.04.09 10:38:00.923,5.74119,5.7425,1.50,2.93
2013.04.09 10:38:01.209,5.74117,5.7425,1.50,2.93
2013.04.09 10:38:02.352,5.74119,5.7425,1.50,2.93
2013.04.09 10:38:03.137,5.74119,5.74261,1.50,2.93
2013.04.09 10:38:03.341,5.74119,5.74261,1.50,2.93
2013.04.09 10:38:08.409,5.74119,5.74261,1.50,2.93
2013.04.09 10:38:08.813,5.74125,5.74263,1.50,1.95
2013.04.09 10:38:09.075,5.74138,5.74268,1.50,1.35
2013.04.09 10:38:14.061,5.74147,5.74268,1.50,1.35
2013.04.09 10:38:15.337,5.74157,5.74268,1.50,1.35
2013.04.09 10:38:21.554,5.74126,5.7428,1.13,2.93
2013.04.09 10:38:22.155,5.74118,5.7428,1.13,2.93
2013.04.09 10:38:25.665,5.74126,5.74274,1.13,1.73
2013.04.09 10:38:25.973,5.74126,5.74274,1.13,1.73
2013.04.09 10:38:26.276,5.74126,5.74274,1.13,1.73
2013.04.09 10:38:28.761,5.74126,5.74267,1.13,2.93
2013.04.09 10:38:29.245,5.74125,5.74267,1.13,2.93
2013.04.09 10:38:30.209,5.74125,5.74257,1.50,1.35
2013.04.09 10:38:30.615,5.74118,5.74257,1.50,1.35
2013.04.09 10:38:30.684,5.74125,5.74257,1.50,1.35
2013.04.09 10:38:31.004,5.74125,5.74257,1.50,1.35
2013.04.09 10:38:31.194,5.74117,5.74257,1.50,1.35
2013.04.09 10:38:31.446,5.74127,5.74257,1.50,1.35
2013.04.09 10:38:31.513,5.74123,5.74269,2.18,2.33
2013.04.09 10:38:31.869,5.74157,5.74269,2.18,1.35
2013.04.09 10:38:32.293,5.74133,5.74269,1.58,1.35
2013.04.09 10:38:32.379,5.74133,5.74257,1.58,1.35
2013.04.09 10:38:32.513,5.74114,5.74257,1.50,1.35
2013.04.09 10:38:32.646,5.74114,5.74257,1.50,1.35
2013.04.09 10:38:32.963,5.74127,5.74257,1.50,1.35
2013.04.09 10:38:33.564,5.74132,5.74257,1.50,1.35
2013.04.09 10:38:37.941,5.74117,5.74244,1.50,2.93
2013.04.09 10:38:38.205,5.74117,5.74244,1.50,2.93
2013.04.09 10:38:38.764,5.74107,5.74244,3.45,2.93
2013.04.09 10:38:43.074,5.74098,5.74244,1.50,2.93
2013.04.09 10:38:47.020,5.74099,5.74244,1.50,2.93
2013.04.09 10:38:48.255,5.74089,5.74222,2.33,2.93
2013.04.09 10:38:49.194,5.74099,5.74222,1.50,2.93
2013.04.09 10:38:49.644,5.74099,5.74222,1.50,2.93
2013.04.09 10:38:50.397,5.74099,5.74222,1.50,2.93
2013.04.09 10:38:50.714,5.74099,5.74222,1.50,2.93
2013.04.09 10:38:51.074,5.74099,5.74222,1.50,2.93
2013.04.09 10:38:51.145,5.74099,5.74246,1.50,1.73
2013.04.09 10:38:53.244,5.74099,5.74224,1.50,2.93
2013.04.09 10:38:53.303,5.74099,5.74224,1.50,2.93
2013.04.09 10:38:56.196,5.74089,5.74224,2.33,2.93
2013.04.09 10:38:56.265,5.74089,5.74204,2.33,2.93
2013.04.09 10:38:56.334,5.7408,5.74204,1.13,2.93
2013.04.09 10:38:56.933,5.74072,5.74183,1.50,2.93
2013.04.09 10:39:08.176,5.74072,5.74183,1.50,2.93
2013.04.09 10:39:09.274,5.74072,5.74183,1.50,2.93
2013.04.09 10:39:12.307,5.74072,5.74185,1.50,1.95
2013.04.09 10:39:15.425,5.74072,5.74204,1.50,2.93
2013.04.09 10:39:16.844,5.74072,5.74204,1.50,2.93
2013.04.09 10:39:17.404,5.7409,5.74204,1.50,2.93
2013.04.09 10:39:17.748,5.7409,5.74207,1.50,1.95
2013.04.09 10:39:17.823,5.74079,5.74242,1.50,1.35
2013.04.09 10:39:18.453,5.74086,5.74242,1.50,1.35
2013.04.09 10:39:18.705,5.74117,5.74242,1.50,1.35
2013.04.09 10:39:20.384,5.74126,5.74242,1.50,1.35
2013.04.09 10:39:21.154,5.74126,5.74242,1.50,1.35
2013.04.09 10:39:23.684,5.74126,5.74242,1.50,1.35
2013.04.09 10:39:23.907,5.74126,5.74242,1.50,1.35
2013.04.09 10:39:28.854,5.74126,5.74233,1.50,1.35
2013.04.09 10:39:29.074,5.74118,5.74233,1.50,1.35
2013.04.09 10:39:29.653,5.74126,5.74233,1.50,1.35
2013.04.09 10:39:32.964,5.74117,5.74246,1.50,2.93
2013.04.09 10:39:37.843,5.74116,5.74254,2.10,2.93
2013.04.09 10:39:54.361,5.74114,5.74254,1.73,2.93
2013.04.09 10:39:54.424,5.74114,5.74262,1.73,1.73
2013.04.09 10:39:54.605,5.74138,5.74262,1.65,1.73
2013.04.09 10:40:13.194,5.74166,5.74295,1.88,1.35
2013.04.09 10:40:15.624,5.74181,5.74295,1.58,1.35
2013.04.09 10:40:15.755,5.74182,5.74319,1.13,2.93
2013.04.09 10:40:15.955,5.74178,5.74319,1.13,2.93
2013.04.09 10:40:16.213,5.74193,5.74319,2.18,2.93
2013.04.09 10:40:28.846,5.74193,5.74304,2.18,2.93
2013.04.09 10:40:34.734,5.74177,5.74304,2.55,2.93
2013.04.09 10:40:35.675,5.74177,5.74283,2.55,1.73
2013.04.09 10:40:35.745,5.74145,5.74283,1.13,1.73
2013.04.09 10:40:35.814,5.74137,5.74283,1.50,1.73
2013.04.09 10:40:35.874,5.74135,5.74281,2.03,2.93
2013.04.09 10:40:36.006,5.74118,5.74281,1.88,2.93
2013.04.09 10:40:36.504,5.74144,5.74281,1.95,2.93
2013.04.09 10:40:55.893,5.74148,5.74289,1.50,2.93
2013.04.09 10:41:00.530,5.7414,5.74269,1.13,1.95
2013.04.09 10:41:00.604,5.7414,5.74263,1.13,1.73
2013.04.09 10:41:10.653,5.74151,5.74266,1.73,2.93
2013.04.09 10:41:10.953,5.74137,5.74266,3.15,2.93
2013.04.09 10:41:11.145,5.74137,5.74292,3.15,2.93
2013.04.09 10:41:11.213,5.74166,5.74292,2.55,2.93
2013.04.09 10:41:19.082,5.74166,5.74294,2.55,1.73
2013.04.09 10:41:20.885,5.74166,5.74302,2.55,1.73
2013.04.09 10:41:21.014,5.74191,5.74302,2.33,1.73
2013.04.09 10:41:31.893,5.74201,5.74315,1.50,2.93
2013.04.09 10:41:32.074,5.74209,5.74347,2.10,2.93
2013.04.09 10:41:32.263,5.74207,5.74347,1.13,2.93
2013.04.09 10:41:33.197,5.74226,5.74347,2.48,2.93
2013.04.09 10:41:35.254,5.74227,5.74365,1.50,2.93
2013.04.09 10:41:38.210,5.74236,5.74365,1.50,2.93
2013.04.09 10:41:41.094,5.74228,5.74365,1.50,2.93
2013.04.09 10:41:42.847,5.74235,5.74365,1.50,2.93
2013.04.09 10:41:43.157,5.74244,5.74365,2.18,2.93
2013.04.09 10:41:53.687,5.74244,5.74343,2.18,2.93
2013.04.09 10:41:59.685,5.74224,5.74343,1.13,2.93
2013.04.09 10:42:07.483,5.74167,5.74322,1.50,2.93
2013.04.09 10:42:07.603,5.74167,5.74299,1.50,2.93
2013.04.09 10:42:07.783,5.74121,5.74278,1.73,1.35
2013.04.09 10:42:07.843,5.74097,5.7427,2.70,1.35
2013.04.09 10:42:07.904,5.74097,5.7427,1.73,1.35
2013.04.09 10:42:08.736,5.74096,5.74226,1.13,2.93
2013.04.09 10:42:09.193,5.74096,5.74226,1.13,2.93
2013.04.09 10:42:11.289,5.74096,5.74226,1.13,2.93
2013.04.09 10:42:13.385,5.74096,5.74226,1.13,2.93
2013.04.09 10:42:14.316,5.74096,5.74226,1.13,2.93
2013.04.09 10:42:14.575,5.74096,5.74234,1.13,1.73
2013.04.09 10:42:19.154,5.74114,5.74248,1.50,2.93
2013.04.09 10:42:22.406,5.74114,5.74248,1.50,2.93
2013.04.09 10:42:22.664,5.74123,5.74276,1.13,2.93
2013.04.09 10:42:22.903,5.74133,5.74276,1.50,2.93
2013.04.09 10:42:26.453,5.74144,5.74276,1.50,2.93
2013.04.09 10:42:32.175,5.74144,5.74277,1.50,1.95
2013.04.09 10:42:32.514,5.7416,5.74296,1.50,2.93
2013.04.09 10:42:33.404,5.74178,5.74296,1.50,2.93
2013.04.09 10:42:40.335,5.74178,5.74296,1.50,2.93
2013.04.09 10:42:44.223,5.74178,5.74296,1.50,2.93
2013.04.09 10:42:45.619,5.74178,5.74296,1.50,2.93
2013.04.09 10:42:51.833,5.74159,5.74296,1.13,2.93
2013.04.09 10:42:52.324,5.74159,5.74283,1.13,2.93
2013.04.09 10:42:52.445,5.74159,5.74283,1.13,2.93
2013.04.09 10:42:53.537,5.74138,5.74283,1.50,2.93
2013.04.09 10:42:55.574,5.74124,5.74262,1.13,1.95
2013.04.09 10:42:56.105,5.74124,5.74252,1.13,1.73
2013.04.09 10:42:56.414,5.74125,5.74259,1.50,2.93
2013.04.09 10:42:58.180,5.74125,5.74259,1.50,2.93
2013.04.09 10:43:00.134,5.74125,5.74259,1.50,2.93
2013.04.09 10:43:03.120,5.74094,5.74238,1.50,1.35
2013.04.09 10:43:03.245,5.74094,5.74238,1.50,1.35
2013.04.09 10:43:03.316,5.74094,5.74227,1.50,1.35
2013.04.09 10:43:03.634,5.74033,5.74193,1.73,1.35
2013.04.09 10:43:03.694,5.74033,5.74193,1.73,1.35
2013.04.09 10:43:04.333,5.7402,5.74187,1.73,2.93
2013.04.09 10:43:05.434,5.74038,5.74177,2.67,1.73
2013.04.09 10:43:05.494,5.74057,5.742,1.73,1.73
2013.04.09 10:43:05.614,5.74057,5.74221,1.73,2.93
2013.04.09 10:43:06.043,5.74121,5.74221,1.35,2.93
2013.04.09 10:43:06.284,5.74128,5.74264,2.30,2.93
2013.04.09 10:43:06.404,5.74159,5.74321,1.35,2.93
2013.04.09 10:43:06.813,5.74159,5.74321,1.73,2.93
2013.04.09 10:43:07.055,5.7418,5.74344,1.35,2.93
2013.04.09 10:43:07.355,5.74207,5.74369,1.35,2.93
2013.04.09 10:43:08.226,5.74212,5.74362,1.13,1.73
2013.04.09 10:43:13.164,5.74215,5.74362,1.50,1.73
2013.04.09 10:43:14.204,5.74215,5.74362,1.50,1.73
2013.04.09 10:43:16.823,5.74215,5.74362,1.50,1.73
2013.04.09 10:43:22.404,5.74215,5.74362,1.50,1.73
2013.04.09 10:43:23.115,5.74215,5.74362,1.50,1.73
2013.04.09 10:43:24.214,5.74215,5.74362,1.50,1.73
2013.04.09 10:43:24.435,5.74215,5.74362,1.50,1.73
2013.04.09 10:43:26.854,5.74212,5.74362,1.13,1.73
2013.04.09 10:43:26.974,5.74188,5.74369,1.73,2.93
2013.04.09 10:43:27.034,5.74181,5.74349,1.73,2.93
2013.04.09 10:43:27.343,5.74167,5.74326,1.13,2.93
2013.04.09 10:43:27.906,5.74167,5.74326,1.13,2.93
2013.04.09 10:43:28.308,5.74171,5.74326,1.50,2.93
2013.04.09 10:43:28.614,5.74171,5.74326,1.50,2.93
2013.04.09 10:43:28.973,5.74171,5.74326,1.50,2.93
2013.04.09 10:43:32.166,5.7419,5.74326,1.50,2.93
2013.04.09 10:43:32.295,5.74188,5.74329,1.73,1.95
2013.04.09 10:43:32.825,5.74211,5.7435,1.50,2.93
2013.04.09 10:43:33.625,5.74211,5.7435,1.50,2.93
2013.04.09 10:43:38.258,5.74211,5.7435,1.50,2.93
2013.04.09 10:43:39.394,5.74211,5.7435,1.50,2.93
2013.04.09 10:43:43.354,5.7421,5.7435,1.13,2.93
2013.04.09 10:43:44.234,5.74211,5.7435,1.50,2.93
2013.04.09 10:43:45.336,5.74211,5.7435,1.50,2.93
2013.04.09 10:43:45.613,5.74213,5.74358,1.73,1.73
2013.04.09 10:43:46.398,5.74213,5.74358,1.73,1.73
2013.04.09 10:43:46.496,5.74211,5.74358,1.73,1.73
2013.04.09 10:43:46.639,5.7421,5.74353,1.35,2.63
2013.04.09 10:43:47.094,5.74197,5.74343,1.13,1.73
2013.04.09 10:43:49.193,5.74194,5.74343,1.50,1.73
2013.04.09 10:43:49.299,5.74194,5.74343,1.50,1.73
2013.04.09 10:43:52.007,5.74194,5.74343,1.50,1.73
2013.04.09 10:43:53.044,5.74194,5.74343,1.50,1.73
2013.04.09 10:43:53.614,5.74217,5.74352,1.50,3.30
2013.04.09 10:44:01.715,5.74217,5.74352,1.50,3.30
2013.04.09 10:44:06.205,5.7421,5.74352,1.13,2.93
2013.04.09 10:44:06.896,5.7421,5.7435,1.13,2.93
2013.04.09 10:44:09.107,5.74212,5.74353,1.73,1.95
2013.04.09 10:44:09.174,5.74212,5.74374,1.73,2.93
2013.04.09 10:44:09.769,5.74238,5.74374,1.50,2.93
2013.04.09 10:44:18.402,5.74244,5.74374,1.50,2.93
2013.04.09 10:44:18.746,5.7425,5.74399,2.33,2.93
2013.04.09 10:44:18.947,5.74258,5.7442,1.73,2.93
2013.04.09 10:44:19.075,5.7426,5.7442,1.50,2.93
2013.04.09 10:44:19.147,5.74275,5.74443,1.73,2.93
2013.04.09 10:44:19.474,5.74282,5.74465,2.93,2.93
2013.04.09 10:44:19.875,5.74304,5.74487,2.93,2.93
2013.04.09 10:44:20.876,5.74325,5.74487,1.73,2.93
2013.04.09 10:44:21.703,5.74312,5.74487,1.73,2.93
2013.04.09 10:44:22.796,5.74325,5.74487,1.73,2.93
2013.04.09 10:44:24.418,5.74333,5.74509,1.73,2.93
2013.04.09 10:44:24.555,5.74331,5.74488,1.88,2.93
2013.04.09 10:44:24.855,5.74307,5.74488,1.73,2.93
2013.04.09 10:44:27.764,5.74324,5.74488,1.73,2.93
2013.04.09 10:44:28.372,5.74329,5.74488,1.95,2.93
2013.04.09 10:44:29.343,5.74346,5.74488,2.03,2.93
2013.04.09 10:44:44.526,5.74346,5.74478,2.03,2.93
2013.04.09 10:44:50.815,5.74324,5.74475,1.13,1.73
2013.04.09 10:44:52.402,5.74361,5.74503,1.13,2.93
2013.04.09 10:44:52.474,5.74386,5.74543,1.35,1.73
2013.04.09 10:44:52.774,5.744,5.74543,2.93,1.73
2013.04.09 10:44:56.696,5.744,5.74539,2.93,1.73
2013.04.09 10:44:57.084,5.744,5.74539,2.93,1.73
2013.04.09 10:44:57.217,5.74375,5.74523,1.35,1.73
2013.04.09 10:44:57.645,5.74386,5.74531,1.13,1.73
2013.04.09 10:44:58.236,5.74401,5.7454,1.50,2.93
2013.04.09 10:44:58.678,5.74397,5.7454,1.50,2.93
2013.04.09 10:45:01.090,5.74386,5.74527,1.13,1.73
2013.04.09 10:45:06.155,5.74386,5.74527,1.13,1.73
2013.04.09 10:45:06.514,5.74386,5.74527,1.13,1.73
2013.04.09 10:45:06.574,5.74398,5.74537,1.73,1.88
2013.04.09 10:45:07.047,5.74401,5.74537,1.13,1.88
2013.04.09 10:45:08.614,5.74401,5.74537,1.13,1.88
2013.04.09 10:45:10.553,5.74401,5.74495,1.13,2.40
2013.04.09 10:45:10.721,5.74398,5.74495,1.35,2.40
2013.04.09 10:45:10.845,5.74397,5.74495,1.13,2.40
2013.04.09 10:45:10.969,5.74388,5.74535,1.50,1.73
2013.04.09 10:45:11.036,5.74388,5.7452,1.50,2.93
2013.04.09 10:45:11.349,5.74367,5.74478,1.50,1.35
2013.04.09 10:45:11.418,5.74345,5.74475,2.85,1.73
2013.04.09 10:45:11.486,5.74306,5.7445,1.73,1.35
2013.04.09 10:45:11.556,5.74295,5.7444,1.50,1.35
2013.04.09 10:45:11.683,5.74284,5.7444,1.88,1.35
2013.04.09 10:45:11.864,5.74284,5.7444,1.13,1.35
2013.04.09 10:45:11.994,5.74284,5.74425,1.13,2.93
2013.04.09 10:45:12.333,5.74278,5.74402,1.13,2.93
2013.04.09 10:45:12.393,5.7427,5.74382,1.50,1.05
2013.04.09 10:45:12.454,5.7426,5.74381,2.18,1.58
2013.04.09 10:45:12.515,5.74237,5.74372,2.55,2.52
2013.04.09 10:45:12.644,5.74237,5.7436,2.55,1.58
2013.04.09 10:45:13.003,5.74212,5.74339,2.85,2.93
2013.04.09 10:45:13.303,5.74192,5.74339,2.55,2.93
2013.04.09 10:45:13.723,5.74188,5.74339,1.50,2.93
2013.04.09 10:45:14.174,5.74195,5.74331,1.50,1.73
2013.04.09 10:45:14.484,5.74195,5.74339,1.50,2.93
2013.04.09 10:45:14.784,5.74271,5.7439,1.13,2.93
2013.04.09 10:45:14.905,5.74271,5.74429,1.13,2.93
2013.04.09 10:45:15.995,5.74299,5.74429,2.85,2.93
2013.04.09 10:45:17.303,5.74281,5.74429,1.13,2.93
2013.04.09 10:45:17.363,5.74277,5.74429,1.50,2.93
2013.04.09 10:45:17.423,5.74258,5.74429,2.25,2.93
2013.04.09 10:45:17.906,5.7424,5.74406,1.50,2.93
2013.04.09 10:45:18.545,5.74258,5.74405,1.50,1.73
2013.04.09 10:45:18.725,5.74258,5.74405,1.50,1.73
2013.04.09 10:45:19.694,5.74258,5.74405,1.50,1.73
2013.04.09 10:45:28.385,5.74241,5.74388,1.50,1.73
2013.04.09 10:45:28.456,5.74239,5.74388,1.50,1.73
2013.04.09 10:45:28.589,5.74239,5.74382,1.50,2.93
2013.04.09 10:45:28.655,5.74237,5.7438,1.50,1.35
2013.04.09 10:45:28.725,5.74224,5.7438,1.13,1.35
2013.04.09 10:45:29.414,5.74225,5.74374,1.50,1.73
2013.04.09 10:45:29.593,5.74225,5.74374,1.50,1.73
2013.04.09 10:45:31.654,5.74247,5.74374,1.50,1.73
2013.04.09 10:45:31.833,5.74272,5.74421,1.13,2.93
2013.04.09 10:45:31.954,5.74268,5.74421,2.30,2.93
2013.04.09 10:45:32.087,5.74272,5.74447,1.13,1.35
2013.04.09 10:45:32.154,5.74272,5.74426,1.13,2.93
2013.04.09 10:45:32.894,5.74272,5.74414,1.13,1.73
2013.04.09 10:45:35.155,5.74272,5.74414,1.13,1.73
2013.04.09 10:45:36.745,5.74283,5.74426,1.50,2.93
2013.04.09 10:45:36.936,5.74283,5.74432,1.50,1.73
2013.04.09 10:45:37.245,5.74314,5.74472,1.13,2.93
2013.04.09 10:45:37.305,5.74314,5.74472,1.13,2.93
2013.04.09 10:45:37.626,5.74314,5.74451,1.13,1.73
2013.04.09 10:45:37.855,5.74314,5.74451,1.13,1.73
2013.04.09 10:45:39.057,5.74314,5.74451,1.13,1.73
2013.04.09 10:45:41.147,5.74314,5.74451,1.13,1.73
2013.04.09 10:45:42.974,5.74314,5.74451,1.13,1.73
2013.04.09 10:45:43.354,5.74314,5.74451,1.13,1.73
2013.04.09 10:45:54.373,5.74308,5.74443,1.88,2.48
2013.04.09 10:45:55.522,5.74308,5.74443,1.13,2.48
2013.04.09 10:45:56.334,5.74308,5.74433,1.13,1.73
2013.04.09 10:46:00.704,5.74308,5.74453,1.13,1.73
2013.04.09 10:46:01.124,5.74308,5.74453,1.13,1.73
2013.04.09 10:46:02.274,5.74308,5.74453,1.13,1.73
2013.04.09 10:46:02.593,5.74338,5.74453,1.50,1.73
2013.04.09 10:46:02.805,5.74348,5.74495,2.67,2.93
2013.04.09 10:46:02.875,5.74348,5.74516,2.67,1.35
2013.04.09 10:46:02.945,5.74348,5.7449,2.67,1.58
2013.04.09 10:46:03.073,5.74336,5.7448,1.13,1.73
2013.04.09 10:46:03.863,5.74333,5.74463,1.50,2.48
2013.04.09 10:46:03.924,5.74326,5.7445,1.50,1.95
2013.04.09 10:46:04.044,5.74283,5.7445,1.73,1.95
2013.04.09 10:46:04.104,5.7426,5.74424,1.73,2.93
2013.04.09 10:46:04.227,5.74253,5.74424,1.13,2.93
2013.04.09 10:46:05.104,5.74253,5.74421,1.13,1.73
2013.04.09 10:46:05.404,5.74253,5.74403,1.88,1.73
2013.04.09 10:46:06.735,5.74253,5.74403,1.88,1.73
2013.04.09 10:46:07.780,5.74256,5.7441,1.73,2.18
2013.04.09 10:46:09.394,5.74256,5.7441,1.73,2.18
2013.04.09 10:46:09.705,5.74276,5.74433,1.73,1.35
2013.04.09 10:46:09.774,5.74297,5.74454,1.13,2.93
2013.04.09 10:46:10.075,5.74297,5.74433,1.13,1.73
2013.04.09 10:46:10.216,5.74297,5.74454,1.13,2.93
2013.04.09 10:46:10.283,5.74299,5.74454,1.13,2.93
2013.04.09 10:46:10.494,5.74299,5.74452,1.13,1.73
2013.04.09 10:46:12.584,5.74298,5.74452,2.10,1.73
2013.04.09 10:46:14.513,5.74298,5.74473,1.35,3.68
2013.04.09 10:46:14.693,5.74298,5.7445,1.35,1.88
2013.04.09 10:46:17.074,5.74299,5.7445,1.13,1.88
2013.04.09 10:46:17.794,5.74298,5.7445,2.10,1.88
2013.04.09 10:46:17.944,5.74298,5.74472,2.10,1.73
2013.04.09 10:46:18.184,5.74306,5.74455,1.50,1.73
2013.04.09 10:46:21.354,5.74306,5.74423,1.50,2.10
2013.04.09 10:46:21.414,5.74298,5.74423,1.35,2.10
2013.04.09 10:46:21.475,5.74277,5.74422,2.93,1.35
2013.04.09 10:46:21.534,5.74268,5.74419,2.90,1.95
2013.04.09 10:46:21.595,5.74238,5.74388,1.73,1.35
2013.04.09 10:46:21.668,5.74226,5.74388,1.73,1.35
2013.04.09 10:46:22.224,5.74226,5.74388,1.73,1.35
2013.04.09 10:46:22.554,5.74229,5.74382,1.50,1.73
2013.04.09 10:46:23.294,5.74229,5.74382,1.50,1.73
2013.04.09 10:46:23.729,5.74248,5.74388,1.50,1.35
2013.04.09 10:46:23.799,5.74248,5.74388,1.50,1.35
2013.04.09 10:46:23.996,5.74248,5.74388,1.50,1.35
2013.04.09 10:46:24.066,5.74232,5.74382,1.50,1.73
2013.04.09 10:46:25.152,5.74232,5.74382,1.50,1.73
2013.04.09 10:46:25.684,5.74232,5.74382,1.50,1.73
2013.04.09 10:46:27.195,5.74232,5.74382,1.50,1.73
2013.04.09 10:46:27.702,5.74226,5.74374,1.73,1.73
2013.04.09 10:46:28.046,5.74218,5.74364,1.50,1.73
2013.04.09 10:46:30.457,5.74218,5.74364,1.50,1.73
2013.04.09 10:46:30.790,5.7424,5.74383,1.50,1.73
2013.04.09 10:46:31.151,5.74228,5.74383,1.73,1.73
2013.04.09 10:46:31.218,5.74227,5.74382,1.50,2.93
2013.04.09 10:46:31.734,5.74234,5.74382,1.50,2.93
2013.04.09 10:46:34.643,5.74234,5.74382,1.50,2.93
2013.04.09 10:46:35.095,5.74239,5.74383,1.50,1.73
2013.04.09 10:46:35.755,5.74239,5.74383,1.50,1.73
2013.04.09 10:46:36.267,5.74239,5.74383,1.50,1.73
2013.04.09 10:46:37.794,5.74239,5.74383,1.50,1.73
2013.04.09 10:46:38.073,5.74227,5.74373,1.73,1.50
2013.04.09 10:46:38.194,5.74226,5.74353,1.73,2.48
2013.04.09 10:46:38.373,5.74195,5.74352,1.95,2.90
2013.04.09 10:46:38.434,5.74184,5.74325,2.18,1.35
2013.04.09 10:46:38.554,5.74173,5.74325,1.50,1.35
2013.04.09 10:46:38.674,5.74167,5.74325,1.50,1.35
2013.04.09 10:46:38.807,5.74167,5.74325,1.50,1.35
2013.04.09 10:46:39.114,5.74176,5.74353,1.73,2.93
2013.04.09 10:46:39.234,5.7419,5.74353,1.73,2.93
2013.04.09 10:46:39.293,5.74203,5.74376,2.93,1.73
2013.04.09 10:46:39.413,5.74203,5.7435,2.93,2.63
2013.04.09 10:46:39.723,5.74203,5.74386,2.93,2.93
2013.04.09 10:46:41.935,5.74208,5.74365,1.73,1.73
2013.04.09 10:46:43.527,5.74217,5.74352,1.73,1.50
2013.04.09 10:46:43.715,5.74201,5.74342,1.73,1.73
2013.04.09 10:46:45.611,5.742,5.74342,1.35,1.73
2013.04.09 10:46:45.888,5.742,5.74336,1.35,2.48
2013.04.09 10:46:46.096,5.7418,5.74342,2.93,1.35
2013.04.09 10:46:46.165,5.74175,5.74331,1.73,1.35
2013.04.09 10:46:46.411,5.74175,5.74317,1.73,2.18
2013.04.09 10:46:46.474,5.74167,5.74317,1.73,2.18
2013.04.09 10:46:47.152,5.74175,5.74317,1.73,2.18
2013.04.09 10:46:47.435,5.74175,5.74318,1.73,1.73
2013.04.09 10:46:47.615,5.74157,5.74315,1.13,2.93
2013.04.09 10:46:47.855,5.74157,5.74296,1.13,1.73
2013.04.09 10:46:47.921,5.74157,5.74296,1.13,1.73
2013.04.09 10:46:48.065,5.74157,5.7428,1.13,1.80
2013.04.09 10:46:49.131,5.74157,5.7428,1.13,1.80
2013.04.09 10:46:49.744,5.74157,5.7428,1.13,1.80
2013.04.09 10:46:50.236,5.74157,5.7428,1.13,1.80
2013.04.09 10:46:50.305,5.74157,5.74312,1.13,1.73
2013.04.09 10:46:51.167,5.7416,5.74309,1.50,1.73
2013.04.09 10:46:51.605,5.7416,5.74309,1.50,1.73
2013.04.09 10:46:52.114,5.7416,5.74309,1.50,1.73
2013.04.09 10:46:55.516,5.7416,5.74309,1.50,1.73
2013.04.09 10:46:55.763,5.74173,5.74317,1.73,2.70
2013.04.09 10:46:57.562,5.74173,5.74317,1.73,1.73
2013.04.09 10:46:58.845,5.74173,5.74317,1.73,1.73
2013.04.09 10:46:59.578,5.74173,5.74317,1.73,1.73
2013.04.09 10:46:59.704,5.74173,5.74317,1.73,1.73
2013.04.09 10:46:59.788,5.74173,5.74312,1.73,2.18
2013.04.09 10:47:00.093,5.74157,5.74291,1.13,2.10
2013.04.09 10:47:00.436,5.74157,5.74291,1.13,2.10
2013.04.09 10:47:02.204,5.74153,5.74291,1.73,2.10
2013.04.09 10:47:02.271,5.74168,5.74291,1.73,2.10
2013.04.09 10:47:02.394,5.74168,5.74321,1.73,1.58
2013.04.09 10:47:02.698,5.74168,5.74319,1.73,1.73
2013.04.09 10:47:03.035,5.74178,5.74302,1.73,2.10
2013.04.09 10:47:03.294,5.74177,5.74302,1.73,2.10
2013.04.09 10:47:06.374,5.74178,5.74302,1.35,2.10
2013.04.09 10:47:06.554,5.74178,5.7434,1.35,2.93
2013.04.09 10:47:06.984,5.74178,5.74319,1.35,1.73
2013.04.09 10:47:07.103,5.74178,5.7434,1.35,2.93
2013.04.09 10:47:07.655,5.74178,5.74327,1.73,1.73
2013.04.09 10:47:07.784,5.74178,5.74327,2.70,1.73
2013.04.09 10:47:08.095,5.74214,5.74374,2.93,2.93
2013.04.09 10:47:08.164,5.74236,5.7442,2.93,1.73
2013.04.09 10:47:09.564,5.74236,5.744,2.93,1.73
2013.04.09 10:47:11.148,5.74236,5.744,2.93,2.55
2013.04.09 10:47:12.034,5.74257,5.744,1.73,2.55
2013.04.09 10:47:12.171,5.74257,5.74421,1.73,2.93
2013.04.09 10:47:12.237,5.7427,5.74421,1.50,2.93
2013.04.09 10:47:12.544,5.74279,5.74421,1.13,2.93
2013.04.09 10:47:12.665,5.74279,5.74443,2.10,2.93
2013.04.09 10:47:12.736,5.74284,5.74446,2.93,1.95
2013.04.09 10:47:12.805,5.74284,5.74467,2.93,2.93
2013.04.09 10:47:12.984,5.74308,5.7447,2.93,1.95
2013.04.09 10:47:16.865,5.74281,5.74464,2.93,2.93
2013.04.09 10:47:18.234,5.74258,5.74443,2.93,2.93
2013.04.09 10:47:18.767,5.74256,5.7442,1.95,2.93
2013.04.09 10:47:21.346,5.74257,5.74422,2.93,1.95
2013.04.09 10:47:22.466,5.74281,5.74444,2.93,1.95
2013.04.09 10:47:22.854,5.74303,5.74468,2.93,1.95
2013.04.09 10:47:23.594,5.74292,5.74456,1.95,2.93
2013.04.09 10:47:23.664,5.74271,5.74456,2.93,2.93
2013.04.09 10:47:26.123,5.74293,5.74478,2.93,2.93
2013.04.09 10:47:30.323,5.74315,5.74494,2.93,1.73
2013.04.09 10:47:34.785,5.74337,5.74499,2.93,1.73
2013.04.09 10:47:40.364,5.74347,5.74506,1.73,1.73
2013.04.09 10:47:41.554,5.74357,5.74522,2.93,1.35
2013.04.09 10:47:41.927,5.74357,5.74516,2.93,1.50
2013.04.09 10:47:44.254,5.74357,5.74496,3.68,2.40
2013.04.09 10:47:44.555,5.74349,5.74499,1.35,1.73
2013.04.09 10:47:44.734,5.74349,5.74497,1.35,2.78
2013.04.09 10:47:45.115,5.74333,5.74473,1.35,1.73
2013.04.09 10:47:46.067,5.74331,5.74461,1.35,1.95
2013.04.09 10:47:57.090,5.74321,5.74461,1.35,1.95
2013.04.09 10:47:57.943,5.74321,5.74464,1.35,1.95
2013.04.09 10:47:58.143,5.74321,5.74445,1.35,2.85
2013.04.09 10:47:59.395,5.74327,5.74483,1.73,1.73
2013.04.09 10:47:59.585,5.74331,5.74471,1.95,2.93
2013.04.09 10:48:00.185,5.74335,5.74471,2.93,2.93
2013.04.09 10:48:01.505,5.74335,5.74438,2.93,2.85
2013.04.09 10:48:01.568,5.74332,5.74438,1.95,2.85
2013.04.09 10:48:01.695,5.74321,5.74449,1.35,1.65
2013.04.09 10:48:02.116,5.74311,5.74449,1.95,1.50
2013.04.09 10:48:03.437,5.74286,5.74429,1.95,1.73
2013.04.09 10:48:03.508,5.74275,5.74406,1.35,2.03
2013.04.09 10:48:04.176,5.74286,5.74406,1.73,2.03
2013.04.09 10:48:04.485,5.74289,5.74406,2.93,2.03
2013.04.09 10:48:04.675,5.74289,5.74424,2.93,2.10
2013.04.09 10:48:08.504,5.74289,5.74442,2.93,1.35
2013.04.09 10:48:08.564,5.74267,5.74438,2.93,1.73
2013.04.09 10:48:08.684,5.74246,5.74408,2.48,2.93
2013.04.09 10:48:08.744,5.74225,5.74408,1.73,2.93
2013.04.09 10:48:09.834,5.74223,5.74387,2.93,1.73
2013.04.09 10:48:11.604,5.74223,5.74385,2.93,1.95
2013.04.09 10:48:12.359,5.74244,5.74385,1.35,1.95
2013.04.09 10:48:13.772,5.74244,5.74407,1.35,1.73
2013.04.09 10:48:13.936,5.74244,5.74368,1.35,2.25
2013.04.09 10:48:21.436,5.74248,5.74364,1.13,1.73
2013.04.09 10:48:22.342,5.74248,5.74364,1.13,1.73
2013.04.09 10:48:22.425,5.74248,5.74364,1.13,1.73
2013.04.09 10:48:22.594,5.74248,5.74364,1.13,1.73
2013.04.09 10:48:23.803,5.74248,5.74368,1.13,2.25
2013.04.09 10:48:25.232,5.74248,5.74368,1.13,2.25
2013.04.09 10:48:29.702,5.74248,5.74407,1.13,2.93
2013.04.09 10:48:30.347,5.74248,5.74406,1.13,1.73
2013.04.09 10:48:30.624,5.74248,5.74406,1.13,1.73
2013.04.09 10:48:32.985,5.74248,5.74406,1.13,1.73
2013.04.09 10:48:34.475,5.74243,5.74406,1.73,1.73
2013.04.09 10:48:34.535,5.74268,5.74409,1.73,2.70
2013.04.09 10:48:34.605,5.74293,5.74409,1.13,1.73
2013.04.09 10:48:36.066,5.74294,5.74416,1.73,1.65
2013.04.09 10:48:37.466,5.74294,5.74416,1.73,1.65
2013.04.09 10:48:38.350,5.74294,5.74406,1.73,1.50
2013.04.09 10:48:38.415,5.74273,5.74397,2.93,2.48
2013.04.09 10:48:38.596,5.7426,5.74397,1.73,2.48
2013.04.09 10:48:38.665,5.74221,5.74375,1.73,1.58
2013.04.09 10:48:38.864,5.74267,5.74386,2.67,1.73
2013.04.09 10:48:38.984,5.74302,5.74377,1.35,2.25
2013.04.09 10:48:39.105,5.74302,5.74406,1.35,2.78
2013.04.09 10:48:39.603,5.74302,5.74456,1.35,2.48
2013.04.09 10:48:39.985,5.74302,5.74425,1.35,2.10
2013.04.09 10:48:42.385,5.74298,5.74415,3.68,1.73
2013.04.09 10:48:42.465,5.7429,5.74421,1.95,1.73
2013.04.09 10:48:43.261,5.74318,5.74413,1.35,2.25
2013.04.09 10:48:43.567,5.74318,5.74453,1.35,2.78
2013.04.09 10:48:43.953,5.74318,5.74469,1.35,1.73
2013.04.09 10:48:44.230,5.74318,5.74441,1.35,2.78
2013.04.09 10:48:45.937,5.74297,5.74459,2.93,1.73
2013.04.09 10:48:46.065,5.74268,5.74453,2.93,2.93
2013.04.09 10:48:46.188,5.74244,5.74426,1.73,2.93
2013.04.09 10:48:47.303,5.74243,5.74401,2.93,1.65
2013.04.09 10:48:53.567,5.7424,5.74391,1.95,1.73
2013.04.09 10:48:53.697,5.74219,5.74381,2.93,1.35
2013.04.09 10:48:53.825,5.74217,5.74369,1.73,1.35
2013.04.09 10:48:54.273,5.74198,5.74341,1.73,1.50
2013.04.09 10:48:55.236,5.74196,5.7436,2.93,1.73
2013.04.09 10:48:56.026,5.74194,5.74352,1.95,1.73
2013.04.09 10:48:57.650,5.74195,5.74352,1.73,1.73
2013.04.09 10:48:57.974,5.74198,5.74352,2.93,2.03
2013.04.09 10:48:58.215,5.74198,5.7437,2.93,1.73
2013.04.09 10:49:00.394,5.74219,5.74365,1.73,1.73
2013.04.09 10:49:01.646,5.74207,5.74365,1.73,1.73
2013.04.09 10:49:01.886,5.74219,5.74365,1.73,1.73
2013.04.09 10:49:03.376,5.74219,5.74365,1.73,1.73
2013.04.09 10:49:04.365,5.74208,5.74365,1.73,1.73
2013.04.09 10:49:06.395,5.74217,5.74353,1.73,2.40
2013.04.09 10:49:08.914,5.74219,5.74353,1.35,2.40
2013.04.09 10:49:14.871,5.74209,5.74353,1.35,2.40
2013.04.09 10:49:14.936,5.74207,5.74343,1.13,1.73
2013.04.09 10:49:15.125,5.74193,5.74336,1.35,3.68
2013.04.09 10:49:15.314,5.74187,5.74336,1.73,3.68
2013.04.09 10:49:15.497,5.74187,5.74326,1.13,1.73
2013.04.09 10:49:15.807,5.74168,5.74314,1.73,1.73
2013.04.09 10:49:15.936,5.74171,5.74314,1.73,1.73
2013.04.09 10:49:16.126,5.74175,5.74335,1.50,2.93
2013.04.09 10:49:16.196,5.74177,5.74359,1.73,2.93
2013.04.09 10:49:17.656,5.74197,5.74345,1.35,1.73
2013.04.09 10:49:18.005,5.74198,5.74338,1.13,1.73
2013.04.09 10:49:19.234,5.74202,5.74346,1.35,2.25
2013.04.09 10:49:22.725,5.74202,5.74362,1.35,1.73
2013.04.09 10:49:23.384,5.74218,5.74362,1.73,1.73
2013.04.09 10:49:23.694,5.74227,5.74364,1.13,1.73
2013.04.09 10:49:24.695,5.74218,5.74357,1.35,2.48
2013.04.09 10:49:25.014,5.74218,5.74362,2.10,1.73
2013.04.09 10:49:28.975,5.74235,5.74372,1.35,1.58
2013.04.09 10:49:29.435,5.74237,5.74379,1.73,2.78
2013.04.09 10:49:29.674,5.74235,5.74369,1.13,1.73
2013.04.09 10:49:29.794,5.74235,5.74352,1.13,1.65
2013.04.09 10:49:30.885,5.74235,5.74352,1.13,1.65
2013.04.09 10:49:32.371,5.74235,5.74352,1.13,1.65
2013.04.09 10:49:37.705,5.74235,5.74352,1.13,1.65
2013.04.09 10:49:39.747,5.74223,5.74352,1.73,1.65
2013.04.09 10:49:40.895,5.74223,5.74352,1.73,1.65
2013.04.09 10:49:41.396,5.74223,5.74352,1.73,1.65
2013.04.09 10:49:46.395,5.74227,5.74352,1.13,1.65
2013.04.09 10:49:49.311,5.74227,5.74334,1.13,2.63
2013.04.09 10:49:49.374,5.74223,5.74334,1.73,2.63
2013.04.09 10:49:50.306,5.74209,5.74334,1.73,2.63
2013.04.09 10:49:52.624,5.74209,5.74334,1.73,2.63
2013.04.09 10:49:53.178,5.74209,5.74334,1.73,2.63
2013.04.09 10:50:00.546,5.74209,5.74334,1.73,2.63
2013.04.09 10:50:01.044,5.74209,5.74334,1.73,2.63
2013.04.09 10:50:03.960,5.74184,5.74325,1.73,1.73
2013.04.09 10:50:05.158,5.74184,5.74325,1.73,1.73
2013.04.09 10:50:05.485,5.74184,5.74325,1.73,1.73
2013.04.09 10:50:06.384,5.74184,5.74308,1.73,1.58
2013.04.09 10:50:06.708,5.74184,5.74319,1.73,2.63
2013.04.09 10:50:06.970,5.74184,5.74313,1.73,2.10
2013.04.09 10:50:07.039,5.74157,5.74303,1.73,1.73
2013.04.09 10:50:07.109,5.74157,5.74303,1.73,1.73
2013.04.09 10:50:07.394,5.74157,5.74274,1.73,2.70
2013.04.09 10:50:08.165,5.74157,5.74274,1.73,2.70
2013.04.09 10:50:08.607,5.74157,5.74274,1.73,2.70
2013.04.09 10:50:09.215,5.74157,5.74307,1.73,1.73
2013.04.09 10:50:09.286,5.74179,5.74307,1.73,1.13
2013.04.09 10:50:09.665,5.74179,5.7432,1.73,1.35
2013.04.09 10:50:10.697,5.74179,5.74303,1.73,1.13
2013.04.09 10:50:18.176,5.74204,5.74312,1.73,2.55
2013.04.09 10:50:19.107,5.74204,5.74312,1.73,2.55
2013.04.09 10:50:21.664,5.74204,5.74336,1.73,2.33
2013.04.09 10:50:22.134,5.74204,5.74349,1.73,1.35
2013.04.09 10:50:22.302,5.74204,5.74345,1.73,1.73
2013.04.09 10:50:23.316,5.74204,5.74343,1.73,1.13
2013.04.09 10:50:25.953,5.74204,5.74345,1.73,1.73
2013.04.09 10:50:26.806,5.74204,5.74345,1.73,1.73
2013.04.09 10:50:27.124,5.74226,5.74353,1.73,2.55
2013.04.09 10:50:30.655,5.74226,5.74353,1.73,2.55
2013.04.09 10:50:31.484,5.74218,5.74353,1.73,2.55
2013.04.09 10:50:35.550,5.74226,5.74353,1.73,2.55
2013.04.09 10:50:37.144,5.74207,5.74353,1.73,2.55
2013.04.09 10:50:38.973,5.74226,5.74353,1.73,2.55
2013.04.09 10:50:40.396,5.74226,5.74353,1.73,2.55
2013.04.09 10:50:43.415,5.74218,5.74353,1.73,2.55
2013.04.09 10:50:43.580,5.74226,5.74353,1.73,2.55
2013.04.09 10:50:48.495,5.74224,5.74367,1.73,1.73
2013.04.09 10:50:52.915,5.74224,5.74367,1.73,1.73
2013.04.09 10:50:54.704,5.74224,5.74367,1.73,1.73
2013.04.09 10:50:55.135,5.74224,5.74367,1.73,1.73
2013.04.09 10:50:58.365,5.74238,5.74367,1.13,1.73
2013.04.09 10:50:58.723,5.74249,5.74411,1.35,2.93
2013.04.09 10:51:04.494,5.74269,5.7441,1.35,1.65
2013.04.09 10:51:04.934,5.7427,5.7441,1.73,1.65
2013.04.09 10:51:05.204,5.74269,5.7441,1.35,1.65
2013.04.09 10:51:05.444,5.74273,5.7441,2.93,1.65
2013.04.09 10:51:05.803,5.74269,5.7441,1.35,1.65
2013.04.09 10:51:09.433,5.74272,5.7441,1.73,1.65
2013.04.09 10:51:09.940,5.74269,5.7441,1.35,1.65
2013.04.09 10:51:13.401,5.74272,5.7441,1.35,1.65
2013.04.09 10:51:14.464,5.74272,5.74419,1.35,1.73
2013.04.09 10:51:14.652,5.7427,5.74414,1.73,1.58
2013.04.09 10:51:14.774,5.74251,5.74401,2.93,1.80
2013.04.09 10:51:14.895,5.74244,5.74391,1.73,1.73
2013.04.09 10:51:15.320,5.74234,5.74387,1.73,1.73
2013.04.09 10:51:23.334,5.74239,5.74386,1.35,2.10
2013.04.09 10:51:24.057,5.74239,5.74354,1.35,2.93
2013.04.09 10:51:25.705,5.74224,5.74354,1.73,2.93
2013.04.09 10:51:26.057,5.74218,5.74354,1.73,2.93
2013.04.09 10:51:30.289,5.74224,5.74354,1.73,2.93
2013.04.09 10:51:32.379,5.74224,5.74354,1.73,2.93
2013.04.09 10:51:33.093,5.74224,5.74354,1.73,2.93
2013.04.09 10:51:34.404,5.74224,5.74354,1.73,2.93
2013.04.09 10:51:35.406,5.74218,5.74354,1.73,2.93
2013.04.09 10:51:37.885,5.74224,5.74354,1.35,2.93
2013.04.09 10:51:37.955,5.74224,5.74386,1.35,2.93
2013.04.09 10:51:38.075,5.74239,5.7439,1.35,1.95
2013.04.09 10:51:38.145,5.74239,5.74402,1.35,1.73
2013.04.09 10:51:38.536,5.74239,5.7439,1.35,1.73
2013.04.09 10:51:40.350,5.74247,5.7439,1.73,1.73
2013.04.09 10:51:41.344,5.74239,5.7439,1.35,1.73
2013.04.09 10:51:44.847,5.74282,5.74426,1.35,2.25
2013.04.09 10:51:44.974,5.74282,5.74435,1.35,1.73
2013.04.09 10:51:45.954,5.74293,5.74442,2.93,3.68
2013.04.09 10:51:50.335,5.74291,5.74436,1.95,1.73
2013.04.09 10:51:50.408,5.74282,5.74427,1.35,1.95
2013.04.09 10:51:50.716,5.74271,5.74417,2.93,1.13
2013.04.09 10:51:50.786,5.7427,5.74414,1.95,1.73
2013.04.09 10:51:50.976,5.7425,5.74408,2.93,2.48
2013.04.09 10:51:56.030,5.7425,5.74397,2.93,2.10
2013.04.09 10:51:56.344,5.74237,5.7438,1.95,1.95
2013.04.09 10:51:56.404,5.74212,5.74368,1.95,1.35
2013.04.09 10:51:56.464,5.74191,5.74368,2.93,1.35
2013.04.09 10:51:57.194,5.74198,5.74355,1.73,2.78
2013.04.09 10:51:57.554,5.74212,5.74331,1.73,2.33
2013.04.09 10:51:58.839,5.74212,5.74331,1.73,2.33
2013.04.09 10:51:59.445,5.74207,5.74331,1.73,2.33
2013.04.09 10:52:03.198,5.74212,5.74331,1.73,2.33
2013.04.09 10:52:08.846,5.74212,5.74331,1.73,2.33
2013.04.09 10:52:09.158,5.74212,5.74368,1.73,1.35
2013.04.09 10:52:09.465,5.74212,5.74355,1.73,1.73
2013.04.09 10:52:18.394,5.74227,5.74361,1.73,1.58
2013.04.09 10:52:18.644,5.74227,5.74361,1.73,1.58
2013.04.09 10:52:23.207,5.74227,5.74361,1.73,1.58
2013.04.09 10:52:27.836,5.74227,5.74361,1.73,1.58
2013.04.09 10:52:29.358,5.74227,5.74361,1.73,1.58
2013.04.09 10:52:31.955,5.74208,5.74351,1.13,1.73
2013.04.09 10:52:32.284,5.74208,5.74329,1.13,2.18
2013.04.09 10:52:33.044,5.74203,5.74329,1.73,2.18
2013.04.09 10:52:34.430,5.74188,5.74329,1.73,2.18
2013.04.09 10:52:36.955,5.74203,5.74329,1.73,2.18
2013.04.09 10:52:37.176,5.74198,5.74329,1.73,2.18
2013.04.09 10:52:38.453,5.74203,5.74329,1.73,2.18
2013.04.09 10:52:38.827,5.74203,5.74329,1.73,2.18
2013.04.09 10:52:39.075,5.74198,5.74329,1.73,2.18
2013.04.09 10:52:39.860,5.74203,5.74329,1.73,2.18
2013.04.09 10:52:40.105,5.74222,5.74368,1.13,2.93
2013.04.09 10:52:40.518,5.74226,5.74388,1.73,2.93
2013.04.09 10:52:40.585,5.74226,5.74366,1.73,2.48
2013.04.09 10:52:42.815,5.74238,5.74366,1.73,2.48
2013.04.09 10:52:50.067,5.74248,5.74366,1.73,2.48
2013.04.09 10:52:50.436,5.74248,5.74389,1.73,1.73
2013.04.09 10:52:50.505,5.74237,5.74389,1.73,1.73
2013.04.09 10:52:50.725,5.74248,5.74375,1.73,2.33
2013.04.09 10:52:59.848,5.74248,5.74375,1.73,2.33
2013.04.09 10:53:00.048,5.74282,5.74419,1.13,1.95
2013.04.09 10:53:00.118,5.74282,5.74429,1.13,1.73
2013.04.09 10:53:00.426,5.74282,5.7444,1.13,2.93
2013.04.09 10:53:00.866,5.74298,5.74459,1.73,1.35
2013.04.09 10:53:00.996,5.74302,5.74459,1.73,1.35
2013.04.09 10:53:01.318,5.74302,5.74437,1.73,1.65
2013.04.09 10:53:01.648,5.74302,5.74437,1.73,1.65
2013.04.09 10:53:01.715,5.74302,5.74459,1.73,1.35
2013.04.09 10:53:01.835,5.74328,5.74479,1.13,1.73
2013.04.09 10:53:02.026,5.74328,5.74457,1.13,2.33
2013.04.09 10:53:03.197,5.74328,5.74442,1.13,2.78
2013.04.09 10:53:03.445,5.74318,5.74442,1.73,2.78
2013.04.09 10:53:03.636,5.74298,5.74442,1.73,2.78
2013.04.09 10:53:04.066,5.74301,5.74442,1.73,2.78
2013.04.09 10:53:04.955,5.74301,5.74442,1.73,2.78
2013.04.09 10:53:06.364,5.74298,5.74442,1.73,2.78
2013.04.09 10:53:07.998,5.74301,5.74442,1.73,2.78
2013.04.09 10:53:08.644,5.74298,5.74442,1.73,2.78
2013.04.09 10:53:08.705,5.74298,5.74443,1.73,1.73
2013.04.09 10:53:08.824,5.74298,5.74419,1.73,2.48
2013.04.09 10:53:12.114,5.7428,5.74419,1.73,2.48
2013.04.09 10:53:15.096,5.7428,5.74419,1.73,2.48
2013.04.09 10:53:15.555,5.7428,5.74419,1.73,2.48
2013.04.09 10:53:16.013,5.7428,5.74419,1.73,2.48
2013.04.09 10:53:16.075,5.7428,5.74427,1.73,1.73
2013.04.09 10:53:16.205,5.74304,5.74437,1.73,2.78
2013.04.09 10:53:17.356,5.74304,5.74437,1.73,2.78
2013.04.09 10:53:19.075,5.74297,5.74437,1.73,2.78
2013.04.09 10:53:29.513,5.74304,5.74437,1.73,2.78
2013.04.09 10:53:36.274,5.74317,5.74437,1.73,2.78
2013.04.09 10:53:37.734,5.74317,5.7448,1.73,1.35
2013.04.09 10:53:37.949,5.74317,5.74461,1.73,1.80
2013.04.09 10:53:42.317,5.74319,5.74461,1.35,1.80
2013.04.09 10:53:42.635,5.74338,5.74461,1.35,1.80
2013.04.09 10:53:50.817,5.7432,5.74457,2.93,1.35
2013.04.09 10:53:51.127,5.74314,5.74431,1.95,1.65
2013.04.09 10:53:51.194,5.74297,5.74431,2.10,1.65
2013.04.09 10:53:53.337,5.74292,5.74431,2.33,1.65
2013.04.09 10:53:57.730,5.74257,5.74406,1.35,1.65
2013.04.09 10:54:02.255,5.74273,5.74406,2.93,1.65
2013.04.09 10:54:02.854,5.74273,5.74425,2.93,2.63
2013.04.09 10:54:05.714,5.74277,5.7441,1.73,2.85
2013.04.09 10:54:14.764,5.74273,5.74427,2.93,1.50
2013.04.09 10:54:15.003,5.74273,5.74392,2.93,2.25
2013.04.09 10:54:15.064,5.74258,5.74392,2.10,2.25
2013.04.09 10:54:17.032,5.74271,5.74392,1.73,2.25
2013.04.09 10:54:17.921,5.74268,5.74392,1.73,2.25
2013.04.09 10:54:19.818,5.74258,5.74397,1.35,1.35
2013.04.09 10:54:19.947,5.74258,5.74397,1.35,1.35
2013.04.09 10:54:20.021,5.74248,5.74394,1.35,1.73
2013.04.09 10:54:20.275,5.74248,5.74368,1.35,2.70
2013.04.09 10:54:21.435,5.74237,5.74368,1.73,2.70
2013.04.09 10:54:22.768,5.74248,5.74368,1.73,2.70
2013.04.09 10:54:22.999,5.74247,5.74368,1.73,2.70
2013.04.09 10:54:23.066,5.74247,5.74385,1.73,1.88
2013.04.09 10:54:25.348,5.74248,5.74385,1.73,1.88
2013.04.09 10:54:25.597,5.74248,5.74393,1.73,1.73
2013.04.09 10:54:26.379,5.74258,5.74403,1.73,2.10
2013.04.09 10:54:26.886,5.7427,5.74403,1.73,2.10
2013.04.09 10:54:27.877,5.74267,5.74403,1.73,2.10
2013.04.09 10:54:30.134,5.7427,5.74403,1.73,2.10
2013.04.09 10:54:30.455,5.74277,5.74403,1.73,2.10
2013.04.09 10:54:32.785,5.74275,5.74387,2.93,2.10
2013.04.09 10:54:33.045,5.74247,5.74387,2.93,2.18
2013.04.09 10:54:33.166,5.74209,5.7436,1.73,1.58
2013.04.09 10:54:34.005,5.74209,5.74356,1.73,1.95
2013.04.09 10:54:34.308,5.74187,5.74341,2.63,1.73
2013.04.09 10:54:34.508,5.7418,5.74341,1.58,1.73
2013.04.09 10:54:34.578,5.74179,5.74326,1.73,1.73
2013.04.09 10:54:34.826,5.74156,5.74318,1.73,2.93
2013.04.09 10:54:37.786,5.74152,5.74306,1.73,1.73
2013.04.09 10:54:37.914,5.74152,5.74297,1.73,1.73
2013.04.09 10:54:41.646,5.74135,5.74277,2.93,2.33
2013.04.09 10:54:41.894,5.74132,5.74277,1.95,3.30
2013.04.09 10:54:44.865,5.74113,5.74267,1.73,1.73
2013.04.09 10:54:47.347,5.7407,5.74253,1.23,2.93
2013.04.09 10:54:47.860,5.74075,5.74232,1.73,1.73
2013.04.09 10:54:53.635,5.74069,5.74239,2.93,1.73
2013.04.09 10:54:53.896,5.74071,5.74228,1.73,2.48
2013.04.09 10:54:56.604,5.74069,5.74211,2.93,2.55
2013.04.09 10:54:58.894,5.74068,5.7421,1.35,1.73
2013.04.09 10:55:09.375,5.74069,5.7421,1.35,1.73
2013.04.09 10:55:09.434,5.74068,5.7421,1.09,1.73
2013.04.09 10:55:11.118,5.74068,5.7419,1.09,2.10
2013.04.09 10:55:11.484,5.74048,5.74195,2.93,1.50
2013.04.09 10:55:12.396,5.74048,5.74192,2.93,1.35
2013.04.09 10:55:12.574,5.74048,5.74191,2.93,1.35
2013.04.09 10:55:12.802,5.74045,5.74188,1.95,1.73
2013.04.09 10:55:17.071,5.74037,5.74182,1.47,1.13
2013.04.09 10:55:17.406,5.74037,5.74175,1.47,1.73
2013.04.09 10:55:18.455,5.74027,5.74167,1.98,1.73
2013.04.09 10:55:18.726,5.74027,5.74165,1.98,1.50
2013.04.09 10:55:19.719,5.74027,5.74165,1.27,1.50
2013.04.09 10:55:19.785,5.74016,5.74165,1.73,1.50
2013.04.09 10:55:19.844,5.74025,5.74162,1.23,1.50
2013.04.09 10:55:20.267,5.74025,5.74159,1.47,2.18
2013.04.09 10:55:20.664,5.74004,5.74149,2.93,1.13
2013.04.09 10:55:20.905,5.73998,5.74145,1.73,2.10
2013.04.09 10:55:21.304,5.73998,5.74123,1.73,2.18
2013.04.09 10:55:25.575,5.73988,5.741,1.73,1.50
2013.04.09 10:55:25.695,5.73966,5.74098,1.73,1.35
2013.04.09 10:55:25.815,5.7395,5.74097,1.73,1.13
2013.04.09 10:55:26.305,5.73957,5.74081,1.73,3.30
2013.04.09 10:55:28.371,5.73957,5.74081,1.73,3.30
2013.04.09 10:55:29.396,5.73957,5.74081,1.73,3.30
2013.04.09 10:55:29.946,5.73947,5.74081,1.73,3.30
2013.04.09 10:55:30.565,5.73957,5.74081,1.73,3.30
2013.04.09 10:55:32.065,5.73957,5.74081,1.73,3.30
2013.04.09 10:55:32.126,5.73957,5.74081,1.73,3.30
2013.04.09 10:55:32.201,5.73957,5.74081,1.73,3.30
2013.04.09 10:55:32.416,5.73957,5.74114,1.73,1.35
2013.04.09 10:55:32.485,5.73957,5.74114,1.73,1.35
2013.04.09 10:55:32.725,5.73967,5.74114,1.73,1.13
2013.04.09 10:55:32.985,5.73982,5.74147,1.35,2.93
2013.04.09 10:55:33.165,5.73988,5.74156,1.73,1.35
2013.04.09 10:55:33.972,5.73988,5.74136,1.73,1.80
2013.04.09 10:55:36.934,5.73987,5.74126,3.68,1.13
2013.04.09 10:55:37.055,5.73984,5.74126,2.70,1.35
2013.04.09 10:55:37.234,5.73984,5.74126,1.73,1.35
2013.04.09 10:55:37.564,5.73984,5.74088,1.73,2.63
2013.04.09 10:55:39.885,5.73984,5.74088,1.73,2.63
2013.04.09 10:55:41.346,5.73984,5.74088,1.73,2.63
2013.04.09 10:55:42.416,5.73978,5.74088,1.73,2.63
2013.04.09 10:55:43.886,5.73984,5.74088,1.73,2.63
2013.04.09 10:55:45.634,5.73977,5.74088,1.73,2.63
2013.04.09 10:55:46.644,5.73955,5.74088,1.73,2.63
2013.04.09 10:55:47.405,5.73955,5.74088,1.73,2.63
2013.04.09 10:55:49.451,5.73957,5.7412,1.50,2.93
2013.04.09 10:55:49.585,5.73978,5.74121,2.90,1.95
2013.04.09 10:55:49.905,5.73996,5.74179,2.93,2.93
2013.04.09 10:55:50.624,5.74017,5.74166,1.95,1.73
2013.04.09 10:55:51.381,5.7402,5.74176,2.93,2.10
2013.04.09 10:55:51.956,5.7402,5.74185,2.93,1.73
2013.04.09 10:55:52.306,5.74045,5.74195,2.93,1.95
2013.04.09 10:55:53.804,5.74045,5.74202,2.93,1.80
2013.04.09 10:55:56.916,5.74045,5.74192,2.93,1.13
2013.04.09 10:55:56.985,5.7402,5.74178,1.73,1.35
2013.04.09 10:55:57.326,5.74016,5.74169,2.93,2.18
2013.04.09 10:55:57.758,5.74016,5.74139,2.93,2.55
2013.04.09 10:55:58.424,5.74014,5.74139,1.95,2.55
2013.04.09 10:55:59.298,5.74014,5.74139,1.73,2.55
2013.04.09 10:56:00.386,5.74014,5.74139,1.73,2.55
2013.04.09 10:56:02.366,5.74007,5.74139,1.73,2.55
2013.04.09 10:56:07.016,5.73993,5.74134,2.93,2.85
2013.04.09 10:56:07.347,5.73988,5.74109,1.95,2.63
2013.04.09 10:56:07.426,5.73978,5.74109,1.73,2.63
2013.04.09 10:56:09.097,5.73978,5.74125,1.73,2.63
2013.04.09 10:56:10.538,5.73988,5.74125,1.73,2.63
2013.04.09 10:56:11.224,5.73988,5.74125,1.73,2.63
2013.04.09 10:56:13.399,5.73988,5.74127,1.73,1.95
2013.04.09 10:56:13.645,5.73988,5.74123,1.73,2.40
2013.04.09 10:56:14.206,5.73988,5.74097,1.73,2.18
2013.04.09 10:56:21.557,5.73988,5.74097,1.73,2.18
2013.04.09 10:56:21.745,5.73988,5.74097,1.73,2.18
2013.04.09 10:56:25.725,5.73987,5.74097,1.73,2.18
2013.04.09 10:56:27.465,5.73986,5.74097,1.73,2.18
2013.04.09 10:56:27.867,5.73986,5.74116,1.73,2.48
2013.04.09 10:56:28.126,5.73986,5.74116,1.73,2.48
2013.04.09 10:56:29.117,5.73986,5.74116,1.73,2.48
2013.04.09 10:56:29.426,5.74007,5.74116,1.73,2.48
2013.04.09 10:56:30.594,5.74011,5.74116,1.73,2.48
2013.04.09 10:56:32.367,5.74011,5.74134,1.73,1.80
2013.04.09 10:56:32.439,5.73997,5.74134,1.73,1.80
2013.04.09 10:56:36.706,5.74011,5.74134,1.73,1.80
2013.04.09 10:56:39.235,5.74007,5.74134,1.73,1.80
2013.04.09 10:56:49.434,5.73979,5.74134,2.93,1.80
2013.04.09 10:56:49.495,5.73979,5.74108,2.93,2.55
2013.04.09 10:56:51.945,5.73978,5.74108,1.73,2.55
2013.04.09 10:56:53.914,5.73978,5.74108,1.73,2.55
2013.04.09 10:56:56.375,5.73978,5.74098,1.73,1.13
2013.04.09 10:56:56.495,5.73951,5.74098,1.73,2.10
2013.04.09 10:56:56.615,5.73941,5.74089,1.80,1.35
2013.04.09 10:56:58.794,5.73941,5.74073,1.80,1.95
2013.04.09 10:56:59.197,5.73941,5.7407,1.80,2.93
2013.04.09 10:57:00.804,5.73918,5.74052,2.18,2.90
2013.04.09 10:57:05.054,5.73908,5.74058,1.73,1.73
2013.04.09 10:57:08.135,5.73911,5.74058,1.13,1.73
2013.04.09 10:57:08.376,5.73928,5.74093,1.35,2.93
2013.04.09 10:57:08.435,5.7393,5.74099,2.93,1.73
2013.04.09 10:57:09.134,5.73951,5.74099,1.73,1.35
2013.04.09 10:57:11.645,5.73971,5.74101,1.13,1.73
2013.04.09 10:57:11.766,5.73976,5.74141,1.35,2.93
2013.04.09 10:57:11.885,5.73999,5.74147,1.35,1.73
2013.04.09 10:57:12.244,5.73999,5.74142,1.35,1.73
2013.04.09 10:57:15.886,5.74,5.74142,1.13,1.73
2013.04.09 10:57:17.677,5.7399,5.74142,1.73,1.73
2013.04.09 10:57:17.805,5.73989,5.74138,1.73,1.73
2013.04.09 10:57:18.025,5.73965,5.74134,1.73,2.93
2013.04.09 10:57:18.544,5.7397,5.7412,1.73,1.73
2013.04.09 10:57:22.717,5.73971,5.7412,1.50,1.73
2013.04.09 10:57:23.097,5.7397,5.7412,1.73,1.73
2013.04.09 10:57:23.464,5.73979,5.74134,2.40,2.93
2013.04.09 10:57:23.865,5.73989,5.74134,1.13,2.93
2013.04.09 10:57:24.044,5.73998,5.74138,1.35,1.73
2013.04.09 10:57:24.105,5.73998,5.74139,1.35,1.73
2013.04.09 10:57:33.947,5.74006,5.74148,1.35,2.10
2013.04.09 10:57:38.196,5.73996,5.74138,1.35,1.73
2013.04.09 10:57:38.256,5.73989,5.74138,1.73,1.73
2013.04.09 10:57:39.373,5.73989,5.74137,1.73,1.73
2013.04.09 10:57:40.414,5.73973,5.74123,2.93,1.65
2013.04.09 10:57:40.627,5.73985,5.74137,1.73,1.73
2013.04.09 10:57:42.822,5.73994,5.74137,1.35,1.73
2013.04.09 10:57:42.911,5.74002,5.7415,1.13,1.73
2013.04.09 10:57:45.519,5.74003,5.7416,3.68,3.90
2013.04.09 10:57:59.465,5.74024,5.7416,1.73,2.93
2013.04.09 10:57:59.967,5.74041,5.7416,1.35,2.93
2013.04.09 10:58:00.416,5.74011,5.7416,2.93,2.93
2013.04.09 10:58:01.782,5.74011,5.74162,2.93,1.50
2013.04.09 10:58:01.986,5.74011,5.74141,2.93,2.78
2013.04.09 10:58:02.218,5.74009,5.74141,1.35,2.78
2013.04.09 10:58:02.645,5.73988,5.74139,2.93,1.13
2013.04.09 10:58:02.945,5.73967,5.74139,2.93,1.73
2013.04.09 10:58:03.007,5.73944,5.74123,1.73,2.93
2013.04.09 10:58:03.607,5.73961,5.74115,1.73,1.73
2013.04.09 10:58:04.636,5.73958,5.741,1.95,2.93
2013.04.09 10:58:11.394,5.73961,5.74115,1.73,1.73
2013.04.09 10:58:12.465,5.73961,5.74123,1.73,2.93
2013.04.09 10:58:12.645,5.73978,5.74123,2.10,2.93
2013.04.09 10:58:14.035,5.73985,5.74126,1.73,1.95
2013.04.09 10:58:46.576,5.73988,5.74137,1.50,1.73
2013.04.09 10:58:48.447,5.73988,5.74137,1.50,1.73
2013.04.09 10:58:54.318,5.74014,5.74147,1.73,2.03
2013.04.09 10:58:55.815,5.73988,5.74137,1.73,1.73
2013.04.09 10:59:05.597,5.73987,5.74136,1.73,1.73
2013.04.09 10:59:06.348,5.73995,5.74149,1.73,1.73
2013.04.09 10:59:07.877,5.74,5.74149,1.50,1.73
2013.04.09 10:59:08.485,5.73998,5.74157,1.50,2.93
2013.04.09 10:59:08.606,5.74025,5.74157,1.35,2.93
2013.04.09 10:59:08.666,5.74025,5.74187,2.33,2.93
2013.04.09 10:59:08.866,5.7405,5.74214,1.35,2.93
2013.04.09 10:59:09.706,5.74059,5.74214,2.85,2.93
2013.04.09 10:59:10.234,5.74069,5.74216,1.73,1.95
2013.04.09 10:59:10.375,5.74072,5.74218,1.35,1.73
2013.04.09 10:59:10.495,5.74095,5.74238,1.35,1.95
2013.04.09 10:59:10.676,5.74095,5.74232,1.35,2.10
2013.04.09 10:59:10.926,5.74095,5.74259,1.35,2.93
2013.04.09 10:59:11.197,5.74099,5.74255,1.13,1.73
2013.04.09 10:59:11.696,5.74106,5.74261,1.73,1.73
2013.04.09 10:59:16.075,5.74104,5.74273,1.73,1.73
2013.04.09 10:59:19.366,5.74118,5.74267,2.10,1.73
2013.04.09 10:59:19.676,5.74138,5.74282,1.13,2.93
2013.04.09 10:59:19.796,5.74142,5.74291,1.73,1.73
2013.04.09 10:59:19.855,5.74138,5.74282,1.35,2.70
2013.04.09 10:59:20.176,5.74142,5.74283,1.73,1.73
2013.04.09 10:59:20.776,5.74142,5.7429,1.73,1.73
2013.04.09 10:59:22.917,5.74143,5.7429,1.50,1.73
2013.04.09 10:59:24.072,5.74142,5.7429,1.73,1.73
2013.04.09 10:59:24.376,5.74144,5.74315,2.93,1.35
2013.04.09 10:59:24.445,5.74165,5.74315,1.73,1.35
2013.04.09 10:59:28.416,5.74165,5.74315,1.73,1.35
2013.04.09 10:59:28.478,5.74166,5.74327,1.13,2.93
2013.04.09 10:59:28.605,5.74187,5.7433,1.35,1.95
2013.04.09 10:59:28.912,5.74194,5.74349,1.13,2.93
2013.04.09 10:59:32.185,5.74207,5.74349,2.48,2.93
2013.04.09 10:59:33.608,5.74209,5.74351,1.73,1.95
2013.04.09 10:59:50.836,5.74209,5.74353,1.35,1.73
2013.04.09 10:59:50.968,5.74185,5.74343,1.35,1.73
2013.04.09 10:59:51.108,5.74177,5.74343,1.73,1.73
2013.04.09 10:59:51.177,5.74182,5.74323,1.73,1.73
2013.04.09 10:59:51.479,5.74182,5.74323,1.73,1.73
2013.04.09 10:59:51.547,5.74171,5.74323,1.35,1.73
2013.04.09 10:59:51.683,5.74156,5.74303,1.35,1.73
2013.04.09 10:59:52.266,5.74171,5.74312,1.13,1.73
2013.04.09 10:59:53.465,5.7418,5.7432,2.55,2.93
2013.04.09 10:59:54.277,5.74171,5.7432,1.13,2.93
2013.04.09 10:59:54.616,5.74171,5.7432,1.13,2.93
2013.04.09 10:59:54.805,5.74173,5.74321,1.73,1.95
2013.04.09 10:59:54.925,5.74184,5.74333,2.40,1.73
2013.04.09 10:59:55.835,5.74194,5.74341,1.50,1.73
2013.04.09 10:59:56.075,5.74207,5.74351,1.73,1.95
2013.04.09 10:59:56.136,5.74207,5.74372,1.73,2.93
2013.04.09 10:59:56.197,5.74232,5.74374,1.35,1.95
2013.04.09 10:59:56.716,5.74242,5.74391,1.13,1.73
2013.04.09 10:59:57.557,5.74244,5.74391,1.13,1.73
2013.04.09 10:59:57.685,5.74235,5.74382,1.13,1.73
2013.04.09 10:59:57.866,5.74235,5.74373,1.13,1.73
2013.04.09 10:59:58.368,5.74232,5.74362,1.73,1.50
2013.04.09 10:59:58.439,5.74211,5.74332,2.93,2.48
2013.04.09 10:59:58.518,5.74163,5.74322,1.73,1.35
2013.04.09 10:59:58.662,5.74134,5.74298,1.73,2.93
2013.04.09 10:59:58.860,5.74173,5.74298,2.18,2.93
2013.04.09 10:59:59.166,5.74183,5.74298,1.13,2.93
2013.04.09 10:59:59.346,5.74183,5.7433,1.13,3.68
2013.04.09 10:59:59.555,5.74191,5.74332,1.35,1.73
2013.04.09 10:59:59.736,5.74191,5.74353,1.35,2.93
