2009.04.30 19:00:01.574,6.5424,6.5478,1.20,2.00
2009.04.30 19:00:04.164,6.5421,6.5476,1.20,2.00
2009.04.30 19:00:06.713,6.5419,6.5473,1.20,2.00
2009.04.30 19:00:07.693,6.5416,6.5471,1.20,2.00
2009.04.30 19:00:07.976,6.5419,6.5473,1.20,2.00
2009.04.30 19:00:13.012,6.5421,6.5476,1.20,2.00
2009.04.30 19:00:20.390,6.5424,6.5478,1.20,2.00
2009.04.30 19:00:21.409,6.5426,6.5481,1.20,2.00
2009.04.30 19:00:27.808,6.5424,6.5478,1.20,2.00
2009.04.30 19:00:30.617,6.5426,6.5481,1.20,2.00
2009.04.30 19:00:39.875,6.5426,6.5481,1.20,2.00
2009.04.30 19:00:40.155,6.5431,6.5486,1.20,2.00
2009.04.30 19:00:40.565,6.5429,6.5483,1.20,2.00
2009.04.30 19:00:48.813,6.5431,6.5486,1.20,2.00
2009.04.30 19:00:49.393,6.5436,6.549,1.20,2.00
2009.04.30 19:00:49.455,6.5434,6.5488,1.20,2.00
2009.04.30 19:00:50.722,6.5436,6.549,1.20,2.00
2009.04.30 19:00:51.762,6.5434,6.5488,1.20,2.00
2009.04.30 19:00:52.972,6.5431,6.5486,1.20,2.00
2009.04.30 19:00:55.851,6.5429,6.5483,1.20,2.00
2009.04.30 19:01:06.488,6.5434,6.5488,1.20,2.00
2009.04.30 19:01:07.648,6.5429,6.5487,1.20,2.00
2009.04.30 19:01:09.708,6.5434,6.5488,1.20,2.00
2009.04.30 19:01:17.626,6.5432,6.5486,1.20,2.00
2009.04.30 19:01:20.635,6.5434,6.5488,1.20,2.00
2009.04.30 19:01:23.914,6.5436,6.5491,1.20,2.00
2009.04.30 19:01:35.022,6.5443,6.5498,1.20,2.00
2009.04.30 19:01:36.491,6.5446,6.55,1.20,2.00
2009.04.30 19:01:37.791,6.5443,6.5498,1.20,2.00
2009.04.30 19:01:38.121,6.5441,6.5495,1.20,2.00
2009.04.30 19:01:38.341,6.5438,6.5493,1.20,2.00
2009.04.30 19:01:39.481,6.5439,6.5493,1.20,2.00
2009.04.30 19:01:45.120,6.5431,6.5486,1.20,2.00
2009.04.30 19:01:45.639,6.5434,6.5488,1.20,2.00
2009.04.30 19:01:46.169,6.5431,6.5486,1.20,2.00
2009.04.30 19:01:46.689,6.5426,6.5481,1.20,2.00
2009.04.30 19:01:47.009,6.5429,6.5483,1.20,2.00
2009.04.30 19:01:53.577,6.5431,6.5486,1.20,2.00
2009.04.30 19:01:54.077,6.5434,6.5488,1.20,2.00
2009.04.30 19:01:56.706,6.5436,6.549,1.20,2.00
2009.04.30 19:02:01.735,6.5436,6.5491,1.20,2.00
2009.04.30 19:02:18.221,6.5436,6.549,1.20,2.00
2009.04.30 19:02:18.681,6.5438,6.5493,1.20,2.00
2009.04.30 19:02:20.271,6.5441,6.5495,1.20,2.00
2009.04.30 19:02:20.900,6.5438,6.5493,1.20,2.00
2009.04.30 19:02:21.071,6.5436,6.549,1.20,2.00
2009.04.30 19:02:26.699,6.5438,6.5493,1.20,2.00
2009.04.30 19:02:29.149,6.5441,6.5495,1.20,2.00
2009.04.30 19:02:34.887,6.5443,6.5498,1.20,2.00
2009.04.30 19:02:37.806,6.5444,6.5498,1.20,2.00
2009.04.30 19:02:46.964,6.5451,6.5506,1.20,2.00
2009.04.30 19:02:47.024,6.5449,6.5503,1.20,2.00
2009.04.30 19:02:51.893,6.5454,6.5508,1.20,2.00
2009.04.30 19:02:52.513,6.5454,6.5513,1.20,2.00
2009.04.30 19:02:54.412,6.5459,6.5513,1.20,2.00
2009.04.30 19:02:55.242,6.5456,6.5511,1.20,2.00
2009.04.30 19:02:55.522,6.5459,6.5513,1.20,2.00
2009.04.30 19:02:55.802,6.5466,6.5521,1.20,2.00
2009.04.30 19:02:58.382,6.5471,6.5526,1.20,2.00
2009.04.30 19:02:58.671,6.5474,6.5532,1.20,2.00
2009.04.30 19:02:59.292,6.5481,6.5535,1.20,2.00
2009.04.30 19:03:00.461,6.5478,6.5533,1.20,2.00
2009.04.30 19:03:00.861,6.5474,6.5528,1.20,2.00
2009.04.30 19:03:01.201,6.5476,6.553,1.20,2.00
2009.04.30 19:03:01.651,6.5474,6.5528,1.20,2.00
2009.04.30 19:03:02.060,6.5471,6.5526,1.20,2.00
2009.04.30 19:03:02.631,6.5469,6.5523,1.20,2.00
2009.04.30 19:03:03.500,6.5471,6.5526,1.20,2.00
2009.04.30 19:03:03.800,6.5473,6.5528,1.20,2.00
2009.04.30 19:03:04.261,6.5469,6.5527,1.20,2.00
2009.04.30 19:03:04.560,6.5473,6.5528,1.20,2.00
2009.04.30 19:03:06.160,6.5471,6.5525,1.20,2.00
2009.04.30 19:03:08.639,6.5466,6.552,1.20,2.00
2009.04.30 19:03:08.869,6.5468,6.5523,1.20,2.00
2009.04.30 19:03:10.099,6.5471,6.5525,1.20,2.00
2009.04.30 19:03:10.319,6.5466,6.552,1.20,2.00
2009.04.30 19:03:10.619,6.5471,6.5525,1.20,2.00
2009.04.30 19:03:10.849,6.5468,6.5523,1.20,2.00
2009.04.30 19:03:16.687,6.5463,6.5518,1.20,2.00
2009.04.30 19:03:17.157,6.5459,6.5517,1.20,2.00
2009.04.30 19:03:18.027,6.5466,6.552,1.20,2.00
2009.04.30 19:03:18.667,6.5459,6.5517,1.20,2.00
2009.04.30 19:03:19.836,6.5463,6.5518,1.20,2.00
2009.04.30 19:03:22.625,6.5461,6.5515,1.20,2.00
2009.04.30 19:03:22.986,6.5458,6.5513,1.20,2.00
2009.04.30 19:03:25.845,6.5456,6.551,1.20,2.00
2009.04.30 19:03:26.945,6.5465,6.551,1.20,2.00
2009.04.30 19:03:28.404,6.5462,6.5505,1.20,2.00
2009.04.30 19:03:28.574,6.5465,6.5508,1.20,2.00
2009.04.30 19:03:28.865,6.5462,6.5505,1.20,2.00
2009.04.30 19:03:35.293,6.5467,6.551,1.20,2.00
2009.04.30 19:03:38.642,6.547,6.5513,1.20,2.00
2009.04.30 19:03:39.371,6.5472,6.5515,1.20,2.00
2009.04.30 19:03:40.852,6.547,6.5513,1.20,2.00
2009.04.30 19:03:42.441,6.5472,6.5515,1.20,2.00
2009.04.30 19:03:46.140,6.5462,6.5505,1.20,2.00
2009.04.30 19:03:46.910,6.546,6.5507,1.20,2.00
2009.04.30 19:03:47.380,6.5452,6.5497,1.20,2.00
2009.04.30 19:03:47.680,6.545,6.5495,1.20,2.00
2009.04.30 19:03:49.189,6.5455,6.5498,1.20,2.00
2009.04.30 19:03:49.749,6.5455,6.5502,1.20,2.00
2009.04.30 19:03:59.057,6.546,6.5503,1.20,2.00
2009.04.30 19:04:01.396,6.5455,6.5502,1.20,2.00
2009.04.30 19:04:01.976,6.5452,6.5495,1.20,2.00
2009.04.30 19:04:02.246,6.5447,6.549,1.20,2.00
2009.04.30 19:04:02.766,6.545,6.5493,1.20,2.00
2009.04.30 19:04:09.534,6.5447,6.549,1.20,2.00
2009.04.30 19:04:32.468,6.5447,6.549,1.20,2.00
2009.04.30 19:04:33.388,6.5455,6.5498,1.20,2.00
2009.04.30 19:04:35.448,6.5447,6.549,1.20,2.00
2009.04.30 19:04:35.838,6.545,6.5493,1.20,2.00
2009.04.30 19:04:36.128,6.5447,6.549,1.20,2.00
2009.04.30 19:04:38.987,6.545,6.5493,1.20,2.00
2009.04.30 19:04:40.497,6.5455,6.5498,1.20,2.00
2009.04.30 19:05:00.442,6.546,6.5503,1.20,2.00
2009.04.30 19:05:02.941,6.5462,6.5505,1.20,2.00
2009.04.30 19:05:03.771,6.5457,6.55,1.20,2.00
2009.04.30 19:05:04.341,6.546,6.5503,1.20,2.00
2009.04.30 19:05:09.940,6.5462,6.5505,1.20,2.00
2009.04.30 19:05:12.129,6.5457,6.55,1.20,2.00
2009.04.30 19:05:12.479,6.546,6.5503,1.20,2.00
2009.04.30 19:05:18.358,6.5457,6.55,1.20,2.00
2009.04.30 19:05:19.207,6.5462,6.5505,1.20,2.00
2009.04.30 19:05:20.467,6.546,6.5503,1.20,2.00
2009.04.30 19:05:22.576,6.5462,6.5505,1.20,2.00
2009.04.30 19:05:25.136,6.5457,6.55,1.20,2.00
2009.04.30 19:05:25.716,6.5465,6.5514,1.20,2.00
2009.04.30 19:05:25.996,6.547,6.5519,1.20,2.00
2009.04.30 19:05:26.286,6.547,6.5515,1.20,2.00
2009.04.30 19:05:27.036,6.547,6.5517,1.20,2.00
2009.04.30 19:05:28.785,6.5474,6.5518,1.20,2.00
2009.04.30 19:05:29.185,6.5467,6.551,1.20,2.00
2009.04.30 19:05:29.415,6.5474,6.5518,1.20,2.00
2009.04.30 19:05:29.535,6.547,6.5513,1.20,2.00
2009.04.30 19:05:29.775,6.547,6.5517,1.20,2.00
2009.04.30 19:05:30.485,6.547,6.5522,1.20,2.00
2009.04.30 19:05:30.825,6.5475,6.5522,1.20,2.00
2009.04.30 19:05:32.964,6.5474,6.5518,1.20,2.00
2009.04.30 19:05:33.424,6.547,6.5517,1.20,2.00
2009.04.30 19:05:34.663,6.5474,6.5518,1.20,2.00
2009.04.30 19:05:34.954,6.547,6.5517,1.20,2.00
2009.04.30 19:05:35.184,6.5474,6.5518,1.20,2.00
2009.04.30 19:05:36.353,6.5472,6.5515,1.20,2.00
2009.04.30 19:05:36.693,6.547,6.5513,1.20,2.00
2009.04.30 19:05:43.221,6.5472,6.5515,1.20,2.00
2009.04.30 19:05:44.181,6.5474,6.5518,1.20,2.00
2009.04.30 19:05:44.462,6.5477,6.552,1.20,2.00
2009.04.30 19:05:45.271,6.5462,6.551,1.20,2.00
2009.04.30 19:05:45.331,6.5467,6.5515,1.20,2.00
2009.04.30 19:05:47.311,6.547,6.5513,1.20,2.00
2009.04.30 19:05:50.930,6.5472,6.5516,1.20,2.00
2009.04.30 19:05:51.740,6.5475,6.5518,1.20,2.00
2009.04.30 19:05:58.078,6.5472,6.5516,1.20,2.00
2009.04.30 19:05:59.628,6.547,6.5513,1.20,2.00
2009.04.30 19:06:01.427,6.5472,6.5516,1.20,2.00
2009.04.30 19:06:01.917,6.5475,6.5518,1.20,2.00
2009.04.30 19:06:04.086,6.5472,6.5516,1.20,2.00
2009.04.30 19:06:04.946,6.5475,6.5518,1.20,2.00
2009.04.30 19:06:23.802,6.5472,6.5516,1.20,2.00
2009.04.30 19:06:28.981,6.547,6.5513,1.20,2.00
2009.04.30 19:06:29.220,6.5479,6.5513,1.20,2.00
2009.04.30 19:06:29.390,6.5482,6.5516,1.20,2.00
2009.04.30 19:06:31.600,6.5486,6.5518,1.20,2.00
2009.04.30 19:06:37.959,6.5489,6.552,1.20,2.00
2009.04.30 19:06:46.276,6.5491,6.5523,1.20,2.00
2009.04.30 19:06:55.054,6.5479,6.5515,1.20,2.00
2009.04.30 19:06:55.914,6.5482,6.5518,1.20,2.00
2009.04.30 19:06:56.734,6.5483,6.5515,1.20,2.00
2009.04.30 19:06:57.653,6.5486,6.5517,1.20,2.00
2009.04.30 19:06:57.933,6.5488,6.552,1.20,2.00
2009.04.30 19:07:08.231,6.5491,6.5522,1.20,2.00
2009.04.30 19:07:16.519,6.5493,6.5525,1.20,2.00
2009.04.30 19:07:23.187,6.5496,6.5527,1.20,2.00
2009.04.30 19:07:23.547,6.5493,6.5525,1.20,2.00
2009.04.30 19:07:27.906,6.5491,6.5522,1.20,2.00
2009.04.30 19:07:29.076,6.5486,6.5517,1.20,2.00
2009.04.30 19:07:29.706,6.5488,6.552,1.20,2.00
2009.04.30 19:07:37.924,6.5488,6.5528,1.20,2.00
2009.04.30 19:07:40.333,6.5491,6.553,1.20,2.00
2009.04.30 19:07:41.143,6.5486,6.5525,1.20,2.00
2009.04.30 19:07:41.613,6.5488,6.5528,1.20,2.00
2009.04.30 19:07:43.722,6.5481,6.552,1.20,2.00
2009.04.30 19:07:44.303,6.5476,6.5515,1.20,2.00
2009.04.30 19:07:44.523,6.5478,6.5518,1.20,2.00
2009.04.30 19:07:46.252,6.5479,6.5527,1.20,2.00
2009.04.30 19:07:46.842,6.5486,6.5525,1.20,2.00
2009.04.30 19:07:52.680,6.5481,6.552,1.20,2.00
2009.04.30 19:07:54.010,6.5481,6.5554,1.20,10.00
2009.04.30 19:07:55.180,6.5481,6.555,1.20,2.00
2009.04.30 19:07:59.419,6.5491,6.556,1.20,2.00
2009.04.30 19:08:09.146,6.5491,6.5565,1.20,2.00
2009.04.30 19:08:10.126,6.5491,6.556,1.20,2.00
2009.04.30 19:08:12.945,6.5488,6.5558,1.20,2.00
2009.04.30 19:08:13.535,6.5505,6.5558,1.20,2.00
2009.04.30 19:08:36.010,6.55,6.555,1.20,2.00
2009.04.30 19:08:40.129,6.5502,6.5553,1.20,2.00
2009.04.30 19:08:43.118,6.5505,6.5555,1.20,2.00
2009.04.30 19:08:45.108,6.5502,6.5553,1.20,2.00
2009.04.30 19:09:04.333,6.5522,6.5579,1.20,2.00
2009.04.30 19:09:04.923,6.5525,6.5586,1.20,2.00
2009.04.30 19:09:05.663,6.5532,6.5587,1.20,2.00
2009.04.30 19:09:05.943,6.5532,6.5592,1.20,2.00
2009.04.30 19:09:07.162,6.5537,6.5592,1.20,2.00
2009.04.30 19:09:10.182,6.5534,6.5585,1.20,2.00
2009.04.30 19:09:12.371,6.5521,6.5585,8.00,2.00
2009.04.30 19:09:12.911,6.5513,6.5585,1.20,2.00
2009.04.30 19:09:13.381,6.5518,6.5587,1.20,2.00
2009.04.30 19:09:14.131,6.5515,6.5585,1.20,2.00
2009.04.30 19:09:17.560,6.551,6.558,1.20,2.00
2009.04.30 19:09:17.850,6.55095,6.5587,1.60,2.00
2009.04.30 19:09:18.320,6.5513,6.5587,1.20,2.00
2009.04.30 19:09:20.479,6.5515,6.5585,1.20,2.00
2009.04.30 19:09:21.339,6.5508,6.5577,1.20,2.00
2009.04.30 19:09:23.188,6.551,6.5546,1.20,2.00
2009.04.30 19:09:24.698,6.5513,6.5545,1.20,2.00
2009.04.30 19:09:37.155,6.552,6.5552,1.20,2.00
2009.04.30 19:09:37.325,6.5518,6.555,1.20,2.00
2009.04.30 19:09:38.994,6.5523,6.5555,1.20,2.00
2009.04.30 19:09:47.583,6.5525,6.5557,1.20,2.00
2009.04.30 19:09:49.432,6.5523,6.5555,1.20,2.00
2009.04.30 19:09:49.942,6.5523,6.5575,1.20,2.00
2009.04.30 19:09:52.571,6.5518,6.5573,1.20,2.00
2009.04.30 19:09:53.031,6.5523,6.5573,1.20,2.00
2009.04.30 19:09:53.601,6.552,6.5571,1.20,2.00
2009.04.30 19:09:54.071,6.5518,6.5569,1.20,2.00
2009.04.30 19:09:54.421,6.552,6.5571,1.20,2.00
2009.04.30 19:09:54.721,6.5528,6.5578,1.20,2.00
2009.04.30 19:09:55.880,6.5523,6.5578,1.20,2.00
2009.04.30 19:09:57.120,6.5523,6.5573,1.20,2.00
2009.04.30 19:09:58.320,6.5515,6.5566,1.20,2.00
2009.04.30 19:10:01.359,6.551,6.5561,1.20,2.00
2009.04.30 19:10:01.709,6.5513,6.5564,1.20,2.00
2009.04.30 19:10:02.109,6.5515,6.5566,1.20,2.00
2009.04.30 19:10:02.389,6.5518,6.5573,1.20,2.00
2009.04.30 19:10:02.619,6.5523,6.5573,1.20,2.00
2009.04.30 19:10:02.909,6.5523,6.5578,1.20,2.00
2009.04.30 19:10:03.629,6.5528,6.5578,1.20,2.00
2009.04.30 19:10:05.508,6.5523,6.5578,1.20,2.00
2009.04.30 19:10:07.208,6.5528,6.5578,1.20,2.00
2009.04.30 19:10:08.027,6.5525,6.5576,1.20,2.00
2009.04.30 19:10:08.887,6.5523,6.5573,1.20,2.00
2009.04.30 19:10:09.237,6.552,6.5571,1.20,2.00
2009.04.30 19:10:09.647,6.5518,6.5569,1.20,2.00
2009.04.30 19:10:14.706,6.5515,6.5566,1.20,2.00
2009.04.30 19:10:18.365,6.552,6.5571,1.20,2.00
2009.04.30 19:10:18.815,6.5523,6.5573,1.20,2.00
2009.04.30 19:10:21.774,6.552,6.5571,1.20,2.00
2009.04.30 19:10:30.622,6.552,6.5571,1.20,2.00
2009.04.30 19:10:32.982,6.5525,6.5576,1.20,2.00
2009.04.30 19:10:44.659,6.5515,6.5566,1.20,2.00
2009.04.30 19:10:46.668,6.5508,6.5563,1.20,2.00
2009.04.30 19:10:47.548,6.5508,6.5559,1.20,2.00
2009.04.30 19:10:48.718,6.5515,6.5566,1.20,2.00
2009.04.30 19:10:49.188,6.5508,6.5563,1.20,2.00
2009.04.30 19:10:49.488,6.5516,6.5569,1.20,2.00
2009.04.30 19:10:50.597,6.5515,6.5566,1.20,2.00
2009.04.30 19:10:54.646,6.5513,6.5564,1.20,2.00
2009.04.30 19:10:55.056,6.551,6.5561,1.20,2.00
2009.04.30 19:10:58.225,6.5505,6.5551,1.20,2.00
2009.04.30 19:11:08.863,6.5508,6.5551,1.20,2.00
2009.04.30 19:11:11.402,6.551,6.5554,1.20,2.00
2009.04.30 19:11:12.703,6.5513,6.5556,1.20,2.00
2009.04.30 19:11:13.502,6.5515,6.5558,1.20,2.00
2009.04.30 19:11:15.531,6.5513,6.5547,1.20,2.00
2009.04.30 19:11:15.751,6.5515,6.5549,1.20,2.00
2009.04.30 19:11:15.911,6.5513,6.5547,1.20,2.00
2009.04.30 19:11:18.490,6.5508,6.5544,1.20,2.00
2009.04.30 19:11:19.000,6.5513,6.5545,1.20,2.00
2009.04.30 19:11:24.579,6.5515,6.5547,1.20,2.00
2009.04.30 19:11:25.049,6.5513,6.5545,1.20,2.00
2009.04.30 19:11:25.808,6.5508,6.5544,1.20,2.00
2009.04.30 19:11:26.269,6.5513,6.5545,1.20,2.00
2009.04.30 19:11:30.417,6.5508,6.5544,1.20,2.00
2009.04.30 19:11:30.937,6.5513,6.5545,1.20,2.00
2009.04.30 19:11:32.807,6.5515,6.5547,1.20,2.00
2009.04.30 19:11:36.046,6.5513,6.5545,1.20,2.00
2009.04.30 19:11:44.744,6.5508,6.5544,1.20,2.00
2009.04.30 19:11:45.034,6.5513,6.5545,1.20,2.00
2009.04.30 19:11:46.794,6.5513,6.5549,1.20,2.00
2009.04.30 19:11:50.263,6.5518,6.555,1.20,2.00
2009.04.30 19:11:54.762,6.552,6.5552,1.20,2.00
2009.04.30 19:11:58.951,6.5523,6.5555,1.20,2.00
2009.04.30 19:12:00.550,6.5523,6.5545,1.20,2.00
2009.04.30 19:12:02.060,6.5528,6.5548,1.20,2.00
2009.04.30 19:12:07.748,6.553,6.5551,1.20,2.00
2009.04.30 19:12:11.188,6.553,6.5585,1.20,2.00
2009.04.30 19:12:11.828,6.5533,6.5587,1.20,2.00
2009.04.30 19:12:18.186,6.5538,6.5588,1.20,2.00
2009.04.30 19:12:20.955,6.5538,6.5593,1.20,2.00
2009.04.30 19:12:22.985,6.5538,6.5588,1.20,2.00
2009.04.30 19:12:25.624,6.5533,6.5588,1.20,2.00
2009.04.30 19:12:26.124,6.5533,6.5593,1.20,2.00
2009.04.30 19:12:26.294,6.5538,6.5588,1.20,2.00
2009.04.30 19:12:27.434,6.5535,6.5586,1.20,2.00
2009.04.30 19:12:29.113,6.5538,6.5588,1.20,2.00
2009.04.30 19:12:35.583,6.5538,6.5588,1.20,2.00
2009.04.30 19:12:35.692,6.5526,6.5583,1.20,2.00
2009.04.30 19:12:37.931,6.5533,6.5583,1.20,2.00
2009.04.30 19:12:39.191,6.5535,6.5586,1.20,2.00
2009.04.30 19:12:41.140,6.5533,6.5583,1.20,2.00
2009.04.30 19:12:43.020,6.5535,6.5586,1.20,2.00
2009.04.30 19:12:44.619,6.554,6.5591,1.20,2.00
2009.04.30 19:12:45.700,6.5538,6.5588,1.20,2.00
2009.04.30 19:12:46.169,6.554,6.5591,1.20,2.00
2009.04.30 19:12:46.389,6.5543,6.5593,1.20,2.00
2009.04.30 19:12:47.899,6.5538,6.5588,1.20,2.00
2009.04.30 19:12:48.989,6.5535,6.5586,1.20,2.00
2009.04.30 19:12:51.828,6.5533,6.5583,1.20,2.00
2009.04.30 19:12:54.637,6.5533,6.5588,1.20,2.00
2009.04.30 19:12:55.037,6.5538,6.5588,1.20,2.00
2009.04.30 19:12:55.507,6.5535,6.5586,1.20,2.00
2009.04.30 19:12:58.996,6.5538,6.5588,1.20,2.00
2009.04.30 19:13:04.475,6.5538,6.5588,1.20,2.00
2009.04.30 19:13:08.754,6.5551,6.5588,1.20,2.00
2009.04.30 19:13:16.993,6.5558,6.5598,1.20,2.00
2009.04.30 19:13:19.392,6.5565,6.5601,1.20,2.00
2009.04.30 19:13:21.051,6.5568,6.5603,1.20,2.00
2009.04.30 19:13:22.161,6.557,6.5606,1.20,2.00
2009.04.30 19:13:22.960,6.5577,6.5613,1.20,2.00
2009.04.30 19:13:23.250,6.5573,6.5613,1.20,2.00
2009.04.30 19:13:23.870,6.5577,6.5613,1.20,2.00
2009.04.30 19:13:25.890,6.5573,6.5613,1.20,2.00
2009.04.30 19:13:26.729,6.5572,6.5608,1.20,2.00
2009.04.30 19:13:30.119,6.5575,6.5611,1.20,2.00
2009.04.30 19:13:31.678,6.5577,6.5613,1.20,2.00
2009.04.30 19:13:31.968,6.5573,6.5613,1.20,2.00
2009.04.30 19:13:34.848,6.5577,6.5613,1.20,2.00
2009.04.30 19:13:44.565,6.5575,6.5611,1.20,2.00
2009.04.30 19:13:54.103,6.5575,6.5611,1.20,2.00
2009.04.30 19:13:58.462,6.5577,6.5613,1.20,2.00
2009.04.30 19:14:04.650,6.5573,6.5613,1.20,2.00
2009.04.30 19:14:05.060,6.5572,6.5608,1.20,2.00
2009.04.30 19:14:05.710,6.55585,6.56,8.00,2.00
2009.04.30 19:14:06.010,6.5564,6.56,8.00,2.00
2009.04.30 19:14:06.290,6.5553,6.5593,1.20,2.00
2009.04.30 19:14:07.939,6.5558,6.5593,1.20,2.00
2009.04.30 19:14:09.300,6.556,6.5596,1.20,2.00
2009.04.30 19:14:09.589,6.5563,6.5598,1.20,2.00
2009.04.30 19:14:10.199,6.5565,6.5601,1.20,2.00
2009.04.30 19:14:10.479,6.5568,6.5603,1.20,2.00
2009.04.30 19:14:11.009,6.5568,6.5608,1.20,2.00
2009.04.30 19:14:15.158,6.5572,6.5608,1.20,2.00
2009.04.30 19:14:23.436,6.557,6.5606,1.20,2.00
2009.04.30 19:14:23.956,6.5563,6.5603,1.20,2.00
2009.04.30 19:14:25.875,6.5563,6.5598,1.20,2.00
2009.04.30 19:14:32.084,6.556,6.5596,1.20,2.00
2009.04.30 19:14:32.534,6.5558,6.5593,1.20,2.00
2009.04.30 19:14:38.392,6.5565,6.5601,1.20,2.00
2009.04.30 19:14:39.162,6.5563,6.5603,1.20,2.00
2009.04.30 19:14:39.502,6.5558,6.5598,1.20,2.00
2009.04.30 19:14:40.642,6.5563,6.5598,1.20,2.00
2009.04.30 19:14:40.992,6.5558,6.5598,1.20,2.00
2009.04.30 19:14:41.452,6.5558,6.5593,1.20,2.00
2009.04.30 19:14:43.461,6.5558,6.5598,1.20,2.00
2009.04.30 19:14:44.651,6.5563,6.5598,1.20,2.00
2009.04.30 19:14:46.680,6.556,6.5596,1.20,2.00
2009.04.30 19:14:46.840,6.5565,6.5601,1.20,2.00
2009.04.30 19:14:47.350,6.5563,6.5603,1.20,2.00
2009.04.30 19:14:57.937,6.5563,6.5598,1.20,2.00
2009.04.30 19:14:59.487,6.5565,6.5601,1.20,2.00
2009.04.30 19:15:02.016,6.557,6.5606,1.20,2.00
2009.04.30 19:15:02.237,6.5568,6.5603,1.20,2.00
2009.04.30 19:15:02.416,6.5568,6.5624,1.20,2.00
2009.04.30 19:15:04.646,6.557,6.5625,1.20,2.00
2009.04.30 19:15:05.115,6.5585,6.5644,1.20,2.00
2009.04.30 19:15:06.435,6.5585,6.564,1.20,2.00
2009.04.30 19:15:10.734,6.5587,6.5642,1.20,2.00
2009.04.30 19:15:11.074,6.5581,6.5639,1.20,2.00
2009.04.30 19:15:11.794,6.5587,6.5642,1.20,2.00
2009.04.30 19:15:15.543,6.5606,6.5642,1.20,2.00
2009.04.30 19:15:33.749,6.5608,6.5647,1.20,2.00
2009.04.30 19:15:35.239,6.55825,6.5647,8.00,2.00
2009.04.30 19:15:35.938,6.5566,6.5647,1.20,2.00
2009.04.30 19:15:37.048,6.5565,6.5647,2.60,2.00
2009.04.30 19:15:37.268,6.557,6.5647,1.20,2.00
2009.04.30 19:15:51.174,6.5572,6.565,1.20,2.00
2009.04.30 19:15:55.214,6.55735,6.565,1.60,2.00
2009.04.30 19:15:55.554,6.5577,6.5655,1.20,2.00
2009.04.30 19:15:57.383,6.558,6.5657,1.20,2.00
2009.04.30 19:15:57.613,6.5577,6.5655,1.20,2.00
2009.04.30 19:15:57.963,6.55785,6.5652,1.60,2.00
2009.04.30 19:15:58.193,6.5582,6.5659,1.20,2.00
2009.04.30 19:15:59.353,6.55835,6.5659,1.60,2.00
2009.04.30 19:15:59.693,6.5587,6.5664,1.20,2.00
2009.04.30 19:16:00.113,6.5585,6.5662,1.20,2.00
2009.04.30 19:16:00.512,6.5587,6.5664,1.20,2.00
2009.04.30 19:16:02.882,6.5584,6.5661,1.60,2.00
2009.04.30 19:16:03.122,6.558,6.5661,2.60,2.00
2009.04.30 19:16:03.403,6.558,6.5657,1.20,2.00
2009.04.30 19:16:03.642,6.5575,6.5657,2.60,2.00
2009.04.30 19:16:07.331,6.5575,6.567,2.60,1.60
2009.04.30 19:16:07.561,6.5575,6.5681,1.20,2.00
2009.04.30 19:16:09.330,6.5575,6.5672,1.20,2.00
2009.04.30 19:16:11.680,6.5575,6.5677,2.60,2.00
2009.04.30 19:16:11.850,6.558,6.5677,1.20,2.00
2009.04.30 19:16:27.316,6.558,6.5672,1.20,2.00
2009.04.30 19:16:31.725,6.5577,6.567,1.20,2.00
2009.04.30 19:16:34.874,6.558,6.5672,1.20,2.00
2009.04.30 19:16:46.631,6.558,6.5677,1.20,2.00
2009.04.30 19:16:48.131,6.5585,6.5677,1.20,2.00
2009.04.30 19:16:49.451,6.5587,6.568,1.20,2.00
2009.04.30 19:16:52.850,6.5587,6.568,1.20,2.00
2009.04.30 19:16:53.250,6.559,6.5682,1.20,2.00
2009.04.30 19:16:53.770,6.5587,6.568,1.20,2.00
2009.04.30 19:16:54.829,6.55885,6.568,1.60,2.00
2009.04.30 19:16:55.229,6.5592,6.5685,1.20,2.00
2009.04.30 19:16:56.559,6.559,6.5682,1.20,2.00
2009.04.30 19:16:57.009,6.5587,6.568,1.20,2.00
2009.04.30 19:17:05.587,6.5582,6.5675,1.20,2.00
2009.04.30 19:17:05.817,6.5585,6.5677,1.20,2.00
2009.04.30 19:17:06.486,6.5582,6.5675,1.20,2.00
2009.04.30 19:17:06.776,6.5585,6.5677,1.20,2.00
2009.04.30 19:17:33.080,6.5592,6.5685,1.20,2.00
2009.04.30 19:17:40.348,6.5585,6.5677,1.20,2.00
2009.04.30 19:17:42.378,6.5582,6.5675,1.20,2.00
2009.04.30 19:17:45.197,6.558,6.5672,1.20,2.00
2009.04.30 19:17:46.937,6.5582,6.5675,1.20,2.00
2009.04.30 19:17:50.876,6.5583,6.5675,1.60,2.00
2009.04.30 19:17:51.456,6.5585,6.5689,1.20,2.00
2009.04.30 19:17:51.756,6.559,6.5689,1.20,2.00
2009.04.30 19:17:53.495,6.559,6.5682,1.20,2.00
2009.04.30 19:18:00.473,6.5595,6.5687,1.20,2.00
2009.04.30 19:18:07.631,6.55975,6.5689,1.60,2.00
2009.04.30 19:18:07.732,6.5602,6.5694,1.20,2.00
2009.04.30 19:18:08.242,6.56,6.5692,1.20,2.00
2009.04.30 19:18:11.661,6.5597,6.5689,1.20,2.00
2009.04.30 19:18:11.781,6.56,6.5692,1.20,2.00
2009.04.30 19:18:12.171,6.5597,6.5689,1.20,2.00
2009.04.30 19:18:32.446,6.559,6.5682,1.20,2.00
2009.04.30 19:18:34.975,6.559,6.5687,1.20,2.00
2009.04.30 19:18:55.900,6.559,6.5682,1.20,2.00
2009.04.30 19:19:01.988,6.559,6.5687,1.20,2.00
2009.04.30 19:19:02.548,6.55985,6.5687,1.60,2.00
2009.04.30 19:19:03.079,6.5595,6.5691,1.20,2.00
2009.04.30 19:19:05.728,6.56085,6.5691,1.60,2.00
2009.04.30 19:19:06.488,6.5612,6.5677,1.20,1.00
2009.04.30 19:19:07.457,6.5617,6.5677,1.20,1.00
2009.04.30 19:19:09.237,6.5614,6.5675,1.20,1.00
2009.04.30 19:19:10.087,6.5615,6.5675,1.20,1.00
2009.04.30 19:19:13.096,6.5614,6.5675,1.20,1.00
2009.04.30 19:19:13.686,6.5617,6.5675,1.20,1.00
2009.04.30 19:19:15.558,6.5614,6.5675,1.20,1.00
2009.04.30 19:19:18.784,6.5619,6.5675,1.20,1.00
2009.04.30 19:19:22.844,6.5615,6.5675,1.20,1.00
2009.04.30 19:19:23.174,6.5614,6.5675,1.20,1.00
2009.04.30 19:19:25.043,6.5615,6.5675,1.20,1.00
2009.04.30 19:19:25.513,6.5614,6.5675,1.20,1.00
2009.04.30 19:19:30.362,6.5612,6.5675,1.20,1.00
2009.04.30 19:19:36.310,6.5614,6.5675,1.20,1.00
2009.04.30 19:19:41.949,6.5612,6.5675,1.20,1.00
2009.04.30 19:19:45.938,6.561,6.5675,1.20,1.00
2009.04.30 19:19:46.218,6.5607,6.5675,1.20,1.00
2009.04.30 19:19:46.499,6.5605,6.5675,1.20,1.00
2009.04.30 19:19:46.958,6.56,6.5675,1.20,1.00
2009.04.30 19:19:48.057,6.5601,6.5675,1.60,1.00
2009.04.30 19:19:48.457,6.5605,6.5675,1.20,1.00
2009.04.30 19:19:48.639,6.5612,6.5675,1.20,1.00
2009.04.30 19:19:48.927,6.5614,6.5675,1.20,1.00
2009.04.30 19:19:51.337,6.5612,6.5675,1.20,1.00
2009.04.30 19:20:00.155,6.5614,6.5675,1.20,1.00
2009.04.30 19:20:17.540,6.561,6.5675,1.20,1.00
2009.04.30 19:20:18.080,6.5612,6.5675,1.20,1.00
2009.04.30 19:20:18.420,6.5614,6.5675,1.20,1.00
2009.04.30 19:20:38.316,6.5607,6.5675,1.20,1.00
2009.04.30 19:20:38.545,6.5608,6.5675,1.60,1.00
2009.04.30 19:20:38.895,6.5612,6.5675,1.20,1.00
2009.04.30 19:20:46.004,6.561,6.5675,1.20,1.00
2009.04.30 19:20:47.113,6.5605,6.5675,1.20,1.00
2009.04.30 19:20:50.422,6.561,6.5675,1.20,1.00
2009.04.30 19:20:54.921,6.5602,6.5696,1.20,2.00
2009.04.30 19:20:56.391,6.56035,6.5694,1.60,2.00
2009.04.30 19:20:56.971,6.5605,6.5677,1.20,1.00
2009.04.30 19:21:04.949,6.5602,6.5696,1.20,2.00
2009.04.30 19:21:05.949,6.56,6.5694,1.20,2.00
2009.04.30 19:21:06.288,6.5597,6.5689,1.20,2.00
2009.04.30 19:21:06.988,6.56,6.5692,1.20,2.00
2009.04.30 19:21:11.887,6.5597,6.5689,1.20,2.00
2009.04.30 19:21:14.277,6.5592,6.5685,1.20,2.00
2009.04.30 19:21:16.606,6.5593,6.5685,1.60,2.00
2009.04.30 19:21:17.066,6.5597,6.5689,1.20,2.00
2009.04.30 19:21:18.895,6.5592,6.5685,1.20,2.00
2009.04.30 19:21:19.676,6.5595,6.5687,1.20,2.00
2009.04.30 19:21:20.255,6.5597,6.5689,1.20,2.00
2009.04.30 19:21:20.585,6.5595,6.5687,1.20,2.00
2009.04.30 19:21:20.865,6.5597,6.5689,1.20,2.00
2009.04.30 19:21:21.625,6.5592,6.5685,1.20,2.00
2009.04.30 19:21:22.895,6.5595,6.5687,1.20,2.00
2009.04.30 19:21:23.134,6.56,6.5692,1.20,2.00
2009.04.30 19:21:23.934,6.56,6.5692,1.20,3.60
2009.04.30 19:21:24.334,6.56,6.5692,1.20,2.00
2009.04.30 19:21:24.974,6.5597,6.5689,1.20,2.00
2009.04.30 19:21:35.611,6.5601,6.5675,1.60,1.00
2009.04.30 19:21:35.722,6.5605,6.5675,1.20,1.00
2009.04.30 19:21:38.251,6.5606,6.5675,1.60,1.00
2009.04.30 19:21:38.421,6.561,6.5675,1.20,1.00
2009.04.30 19:21:39.810,6.5614,6.5675,1.20,1.00
2009.04.30 19:21:40.960,6.5617,6.5675,1.20,1.00
2009.04.30 19:21:42.160,6.5619,6.5675,1.20,1.00
2009.04.30 19:21:50.358,6.5615,6.5675,1.20,1.00
2009.04.30 19:21:50.648,6.56155,6.5675,3.20,1.00
2009.04.30 19:21:50.828,6.5619,6.5675,1.20,1.00
2009.04.30 19:22:10.623,6.5619,6.5691,1.20,2.00
2009.04.30 19:22:18.121,6.5619,6.5689,1.20,2.00
2009.04.30 19:22:27.529,6.561,6.5679,1.20,2.00
2009.04.30 19:22:35.707,6.561,6.5684,1.20,2.00
2009.04.30 19:22:40.126,6.561,6.5679,1.20,2.00
2009.04.30 19:22:45.064,6.561,6.5684,1.20,2.00
2009.04.30 19:22:46.584,6.561,6.5679,1.20,2.00
2009.04.30 19:22:59.051,6.5595,6.5669,1.20,2.00
2009.04.30 19:22:59.811,6.5602,6.5672,1.20,2.00
2009.04.30 19:22:59.991,6.5595,6.5669,1.20,2.00
2009.04.30 19:23:00.351,6.5602,6.5672,1.20,2.00
2009.04.30 19:23:01.701,6.5597,6.5667,1.20,2.00
2009.04.30 19:23:02.830,6.5592,6.5662,1.20,2.00
2009.04.30 19:23:04.160,6.5597,6.5667,1.20,2.00
2009.04.30 19:23:05.090,6.56,6.5669,1.20,2.00
2009.04.30 19:23:10.648,6.5597,6.5667,1.20,2.00
2009.04.30 19:23:15.078,6.5605,6.5679,1.20,2.00
2009.04.30 19:23:15.497,6.5605,6.5674,1.20,2.00
2009.04.30 19:23:23.065,6.56,6.5674,1.20,2.00
2009.04.30 19:23:23.405,6.56,6.5669,1.20,2.00
2009.04.30 19:23:26.644,6.5607,6.5677,1.20,2.00
2009.04.30 19:23:27.515,6.561,6.5679,1.20,2.00
2009.04.30 19:23:29.224,6.5607,6.5677,1.20,2.00
2009.04.30 19:23:42.391,6.5605,6.5674,1.20,2.00
2009.04.30 19:23:42.931,6.56,6.5674,1.20,2.00
2009.04.30 19:23:49.879,6.5595,6.5674,1.20,2.00
2009.04.30 19:23:53.278,6.56,6.5674,1.20,2.00
2009.04.30 19:23:55.558,6.5595,6.5674,1.20,2.00
2009.04.30 19:23:55.898,6.5595,6.5669,1.20,2.00
2009.04.30 19:23:56.188,6.559,6.5669,1.20,2.00
2009.04.30 19:23:56.697,6.5597,6.5667,1.20,2.00
2009.04.30 19:23:57.107,6.56,6.5669,1.20,2.00
2009.04.30 19:23:57.467,6.5588,6.5664,1.20,2.00
2009.04.30 19:23:58.907,6.5592,6.5662,1.20,2.00
2009.04.30 19:23:59.777,6.559,6.5659,1.20,2.00
2009.04.30 19:24:02.166,6.5582,6.5652,1.20,2.00
2009.04.30 19:24:03.596,6.5587,6.5657,1.20,2.00
2009.04.30 19:24:05.295,6.5582,6.5652,1.20,2.00
2009.04.30 19:24:06.895,6.559,6.5659,1.20,2.00
2009.04.30 19:24:08.994,6.5592,6.5662,1.20,2.00
2009.04.30 19:24:10.664,6.5597,6.5667,1.20,2.00
2009.04.30 19:24:11.004,6.56,6.5674,1.20,2.00
2009.04.30 19:24:11.294,6.5605,6.5679,1.20,2.00
2009.04.30 19:24:11.644,6.56,6.5679,1.20,2.00
2009.04.30 19:24:12.094,6.56,6.5674,1.20,2.00
2009.04.30 19:24:12.333,6.56,6.5679,1.20,2.00
2009.04.30 19:24:14.433,6.56,6.5671,1.20,2.00
2009.04.30 19:24:15.563,6.5595,6.5669,1.20,2.00
2009.04.30 19:24:16.753,6.56,6.5674,1.20,2.00
2009.04.30 19:24:17.313,6.5595,6.5674,1.20,2.00
2009.04.30 19:24:18.132,6.56,6.5674,1.20,2.00
2009.04.30 19:24:18.642,6.56,6.5669,1.20,2.00
2009.04.30 19:24:18.882,6.5595,6.5669,1.20,2.00
2009.04.30 19:24:19.562,6.5595,6.5664,1.20,2.00
2009.04.30 19:24:20.551,6.559,6.5664,1.20,2.00
2009.04.30 19:24:21.511,6.559,6.5635,1.20,2.00
2009.04.30 19:24:22.301,6.5595,6.5635,1.20,2.00
2009.04.30 19:24:22.531,6.559,6.5635,1.20,2.00
2009.04.30 19:24:22.691,6.5595,6.5631,1.20,2.00
2009.04.30 19:24:31.719,6.559,6.5631,1.20,2.00
2009.04.30 19:24:32.299,6.5595,6.5631,1.20,2.00
2009.04.30 19:24:34.188,6.5592,6.5624,1.20,2.00
2009.04.30 19:24:34.598,6.5597,6.5629,1.20,2.00
2009.04.30 19:24:34.998,6.5595,6.5627,1.20,2.00
2009.04.30 19:24:37.697,6.5592,6.5624,1.20,2.00
2009.04.30 19:24:38.027,6.5595,6.5627,1.20,2.00
2009.04.30 19:24:39.247,6.5597,6.5629,1.20,2.00
2009.04.30 19:24:45.166,6.5597,6.5616,1.20,2.00
2009.04.30 19:24:49.605,6.5595,6.5611,1.20,2.00
2009.04.30 19:24:49.825,6.5592,6.5609,1.20,2.00
2009.04.30 19:24:51.764,6.5595,6.5611,1.20,2.00
2009.04.30 19:24:51.984,6.56,6.5616,1.20,2.00
2009.04.30 19:24:56.833,6.5597,6.5614,1.20,2.00
2009.04.30 19:24:57.293,6.5595,6.5611,1.20,2.00
2009.04.30 19:24:59.002,6.56,6.5616,1.20,2.00
2009.04.30 19:25:00.272,6.5595,6.5616,1.20,2.00
2009.04.30 19:25:00.612,6.56,6.5616,1.20,2.00
2009.04.30 19:25:00.902,6.5595,6.5616,1.20,2.00
2009.04.30 19:25:07.091,6.56,6.5616,1.20,2.00
2009.04.30 19:25:09.410,6.5605,6.5621,1.20,2.00
2009.04.30 19:25:10.810,6.56,6.56395,1.20,8.00
2009.04.30 19:25:11.379,6.56,6.5679,1.20,1.00
2009.04.30 19:25:12.209,6.5602,6.5679,1.20,1.00
2009.04.30 19:25:13.809,6.56,6.5675,1.20,1.00
2009.04.30 19:25:15.988,6.5602,6.5675,1.20,1.00
2009.04.30 19:25:22.437,6.5602,6.5689,1.20,2.00
2009.04.30 19:25:27.645,6.5602,6.5644,1.20,2.00
2009.04.30 19:25:28.695,6.56,6.5632,1.20,2.00
2009.04.30 19:25:28.755,6.5595,6.5631,1.20,2.00
2009.04.30 19:25:32.504,6.5602,6.5634,1.20,2.00
2009.04.30 19:25:32.624,6.5597,6.5629,1.20,2.00
2009.04.30 19:25:32.964,6.56,6.5632,1.20,2.00
2009.04.30 19:25:33.704,6.5602,6.5634,1.20,2.00
2009.04.30 19:25:33.924,6.56,6.5632,1.20,2.00
2009.04.30 19:25:34.844,6.5602,6.5634,1.20,2.00
2009.04.30 19:25:35.374,6.56,6.5632,1.20,2.00
2009.04.30 19:25:36.603,6.5602,6.5697,1.20,2.00
2009.04.30 19:25:40.082,6.56,6.5684,1.20,2.00
2009.04.30 19:25:40.492,6.5597,6.5682,1.20,2.00
2009.04.30 19:25:40.772,6.56,6.5684,1.20,2.00
2009.04.30 19:25:41.382,6.5597,6.5682,1.20,2.00
2009.04.30 19:25:43.292,6.56,6.5684,1.20,2.00
2009.04.30 19:25:44.741,6.5602,6.5687,1.20,2.00
2009.04.30 19:25:45.151,6.5602,6.56415,1.20,1.60
2009.04.30 19:25:45.492,6.55815,6.56415,8.00,1.60
2009.04.30 19:25:45.771,6.557,6.561,1.20,8.00
2009.04.30 19:25:46.341,6.55735,6.56,1.60,8.00
2009.04.30 19:25:46.691,6.5577,6.56,1.20,8.00
2009.04.30 19:25:47.091,6.5579,6.5707,1.20,2.00
2009.04.30 19:25:49.590,6.5579,6.5687,1.20,3.60
2009.04.30 19:25:49.870,6.5577,6.5684,1.20,2.00
2009.04.30 19:25:51.720,6.5579,6.5687,1.20,3.60
2009.04.30 19:25:55.539,6.55755,6.5687,1.60,3.60
2009.04.30 19:25:55.719,6.55585,6.5687,8.00,3.60
2009.04.30 19:25:55.838,6.55585,6.5687,8.00,2.00
2009.04.30 19:25:56.339,6.55335,6.5687,8.00,2.00
2009.04.30 19:25:59.738,6.5537,6.5687,8.00,2.00
2009.04.30 19:26:08.985,6.55375,6.5689,8.00,2.00
2009.04.30 19:26:09.105,6.5538,6.5689,8.00,2.00
2009.04.30 19:26:09.225,6.554,6.5689,8.00,2.00
2009.04.30 19:26:09.635,6.5539,6.5694,8.00,2.00
2009.04.30 19:26:09.935,6.55415,6.5694,8.00,2.00
2009.04.30 19:26:10.115,6.5542,6.5694,8.00,2.00
2009.04.30 19:26:19.443,6.55475,6.5694,8.00,2.00
2009.04.30 19:26:19.673,6.5555,6.5677,8.00,1.00
2009.04.30 19:26:19.903,6.55515,6.5677,8.00,1.00
2009.04.30 19:26:21.672,6.5551,6.5675,8.00,1.00
2009.04.30 19:26:21.902,6.5549,6.5675,8.00,1.00
2009.04.30 19:26:22.312,6.55475,6.5696,8.00,2.00
2009.04.30 19:26:22.582,6.5545,6.5696,8.00,2.00
2009.04.30 19:26:22.752,6.55465,6.5696,8.00,2.00
2009.04.30 19:26:24.242,6.55475,6.5694,8.00,2.00
2009.04.30 19:26:25.991,6.55475,6.5692,8.00,2.00
2009.04.30 19:26:26.162,6.55505,6.5677,8.00,1.00
2009.04.30 19:26:26.451,6.55475,6.5696,8.00,2.00
2009.04.30 19:26:28.271,6.55505,6.5677,8.00,1.00
2009.04.30 19:26:28.331,6.5585,6.5677,1.20,1.00
2009.04.30 19:26:31.600,6.55685,6.5675,8.00,1.00
2009.04.30 19:26:32.080,6.55465,6.5675,8.00,1.00
2009.04.30 19:26:32.360,6.55465,6.5691,8.00,2.00
2009.04.30 19:26:32.650,6.55435,6.5691,8.00,2.00
2009.04.30 19:26:32.870,6.55395,6.5691,8.00,2.00
2009.04.30 19:26:34.339,6.55435,6.5692,8.00,2.00
2009.04.30 19:26:34.979,6.5545,6.5692,8.00,2.00
2009.04.30 19:26:37.978,6.5545,6.5689,8.00,2.00
2009.04.30 19:26:38.418,6.55435,6.5689,8.00,2.00
2009.04.30 19:26:43.067,6.55435,6.5692,8.00,2.00
2009.04.30 19:26:43.347,6.55455,6.5692,8.00,2.00
2009.04.30 19:26:45.236,6.5597,6.5692,1.20,2.00
2009.04.30 19:26:47.486,6.561,6.5694,1.20,2.00
2009.04.30 19:27:04.702,6.561,6.5651,1.20,2.00
2009.04.30 19:27:07.731,6.5612,6.5644,1.20,2.00
2009.04.30 19:27:13.760,6.561,6.5641,1.20,2.00
2009.04.30 19:27:16.659,6.5607,6.5639,1.20,2.00
2009.04.30 19:27:17.819,6.561,6.5641,1.20,2.00
2009.04.30 19:27:19.418,6.5607,6.5639,1.20,2.00
2009.04.30 19:27:20.088,6.5605,6.5636,1.20,2.00
2009.04.30 19:27:25.447,6.5607,6.5639,1.20,2.00
2009.04.30 19:27:27.186,6.5605,6.5636,1.20,2.00
2009.04.30 19:27:27.646,6.5607,6.5639,1.20,2.00
2009.04.30 19:27:28.236,6.5605,6.5636,1.20,2.00
2009.04.30 19:27:30.756,6.5605,6.5661,1.20,8.00
2009.04.30 19:27:31.095,6.5605,6.56655,1.20,8.00
2009.04.30 19:27:31.385,6.5605,6.5693,1.20,2.00
2009.04.30 19:27:34.585,6.5618,6.5689,1.20,2.00
2009.04.30 19:27:35.584,6.5603,6.5689,1.20,2.00
2009.04.30 19:27:36.905,6.5602,6.5687,1.20,2.00
2009.04.30 19:27:42.653,6.5602,6.5672,1.20,1.60
2009.04.30 19:27:42.823,6.5602,6.5638,1.20,2.00
2009.04.30 19:27:51.051,6.5602,6.56605,1.20,8.00
2009.04.30 19:27:51.271,6.5602,6.5691,1.20,2.00
2009.04.30 19:27:53.910,6.56035,6.5687,1.60,2.00
2009.04.30 19:27:54.190,6.5615,6.5687,1.20,2.00
2009.04.30 19:27:57.129,6.5603,6.5689,1.20,2.00
2009.04.30 19:28:04.037,6.56155,6.5689,1.60,2.00
2009.04.30 19:28:04.318,6.5638,6.5689,1.20,2.00
2009.04.30 19:28:09.986,6.56,6.5687,1.20,2.00
2009.04.30 19:28:15.365,6.5638,6.5687,8.00,2.00
2009.04.30 19:28:15.955,6.5598,6.5687,1.20,2.00
2009.04.30 19:28:22.293,6.56,6.5684,1.20,2.00
2009.04.30 19:28:22.993,6.5597,6.5682,1.20,2.00
2009.04.30 19:28:37.880,6.5597,6.5682,1.20,2.00
2009.04.30 19:28:38.979,6.56,6.5684,1.20,2.00
2009.04.30 19:28:40.179,6.5605,6.5689,1.20,2.00
2009.04.30 19:28:46.207,6.5647,6.5689,1.20,2.00
2009.04.30 19:28:47.937,6.565,6.5682,1.20,2.00
2009.04.30 19:28:48.647,6.5634,6.5682,8.00,2.00
2009.04.30 19:28:48.817,6.5639,6.5682,8.00,2.00
2009.04.30 19:28:48.937,6.55535,6.5682,1.60,2.00
2009.04.30 19:28:49.636,6.5587,6.5682,1.20,2.00
2009.04.30 19:28:58.564,6.5597,6.5663,1.20,2.00
2009.04.30 19:29:05.853,6.55815,6.5677,8.00,1.00
2009.04.30 19:29:06.192,6.55815,6.56555,8.00,1.20
2009.04.30 19:29:06.603,6.55815,6.5655,8.00,1.20
2009.04.30 19:29:06.843,6.5523,6.562,1.60,8.00
2009.04.30 19:29:07.083,6.5523,6.5663,1.60,2.00
2009.04.30 19:29:21.849,6.5533,6.56475,1.60,1.40
2009.04.30 19:29:31.506,6.5533,6.5645,1.60,1.40
2009.04.30 19:29:34.006,6.5533,6.5631,1.60,2.00
2009.04.30 19:29:36.465,6.5533,6.5631,1.60,2.00
2009.04.30 19:29:36.705,6.5533,6.5629,1.60,2.00
2009.04.30 19:29:44.964,6.5533,6.5631,1.60,2.00
2009.04.30 19:29:45.423,6.5533,6.5629,1.60,2.00
2009.04.30 19:29:51.592,6.55355,6.5631,1.60,2.00
2009.04.30 19:29:56.700,6.5533,6.5631,1.60,2.00
2009.04.30 19:29:56.880,6.5533,6.5629,1.60,2.00
2009.04.30 19:29:58.920,6.5533,6.5631,1.60,2.00
2009.04.30 19:29:59.040,6.55355,6.5631,1.60,2.00
2009.04.30 19:30:01.239,6.5533,6.5629,1.60,2.00
2009.04.30 19:30:02.239,6.55355,6.5631,1.60,2.00
2009.04.30 19:30:03.659,6.55355,6.5629,1.60,2.00
2009.04.30 19:30:07.048,6.5533,6.5629,1.60,2.00
2009.04.30 19:30:09.487,6.5533,6.5631,1.60,2.00
2009.04.30 19:30:10.068,6.55355,6.5631,1.60,2.00
2009.04.30 19:30:16.126,6.55305,6.5626,1.60,2.00
2009.04.30 19:30:16.476,6.5533,6.5626,1.60,2.00
2009.04.30 19:30:16.636,6.5533,6.5628,1.60,2.00
2009.04.30 19:30:18.145,6.55305,6.5626,1.60,2.00
2009.04.30 19:30:20.085,6.5528,6.5623,1.60,2.00
2009.04.30 19:30:29.663,6.55255,6.5623,1.60,2.00
2009.04.30 19:30:29.893,6.55255,6.5621,1.60,2.00
2009.04.30 19:30:31.452,6.5528,6.5623,1.60,2.00
2009.04.30 19:30:34.831,6.55255,6.5623,1.60,2.00
2009.04.30 19:30:35.001,6.55255,6.5621,1.60,2.00
2009.04.30 19:30:38.450,6.55255,6.5623,1.60,2.00
2009.04.30 19:30:38.561,6.5528,6.5623,1.60,2.00
2009.04.30 19:30:38.850,6.55255,6.5621,1.60,2.00
2009.04.30 19:30:42.629,6.55255,6.5618,1.60,2.00
2009.04.30 19:30:42.790,6.55255,6.5621,1.60,2.00
2009.04.30 19:30:43.019,6.5523,6.5618,1.60,2.00
2009.04.30 19:30:43.869,6.55205,6.5616,1.60,2.00
2009.04.30 19:30:46.819,6.55255,6.5616,1.60,2.00
2009.04.30 19:30:47.098,6.55255,6.5591,1.60,2.00
2009.04.30 19:30:47.438,6.55205,6.5586,1.60,2.00
2009.04.30 19:30:49.458,6.5517,6.5582,1.20,2.00
2009.04.30 19:30:49.750,6.55155,6.5577,1.60,2.00
2009.04.30 19:30:51.867,6.5518,6.5577,1.60,2.00
2009.04.30 19:30:52.047,6.5518,6.558,1.60,2.00
2009.04.30 19:30:52.277,6.55205,6.558,1.60,2.00
2009.04.30 19:30:52.617,6.55205,6.5582,1.60,2.00
2009.04.30 19:30:56.686,6.5518,6.558,1.60,2.00
2009.04.30 19:31:00.265,6.5513,6.5574,1.60,2.00
2009.04.30 19:31:01.515,6.5514,6.5579,1.20,2.00
2009.04.30 19:31:02.425,6.5517,6.5582,1.20,2.00
2009.04.30 19:31:02.724,6.5519,6.5584,1.20,2.00
2009.04.30 19:31:03.304,6.5522,6.5587,1.20,2.00
2009.04.30 19:31:05.924,6.5517,6.5586,1.20,2.00
2009.04.30 19:31:06.714,6.5522,6.5587,1.20,2.00
2009.04.30 19:31:07.703,6.5519,6.5584,1.20,2.00
2009.04.30 19:31:08.713,6.5522,6.5587,1.20,2.00
2009.04.30 19:31:09.233,6.5524,6.5589,1.20,2.00
2009.04.30 19:31:10.253,6.5522,6.5587,1.20,2.00
2009.04.30 19:31:12.562,6.5519,6.5584,1.20,2.00
2009.04.30 19:31:16.841,6.5517,6.5582,1.20,2.00
2009.04.30 19:31:17.411,6.5514,6.5579,1.20,2.00
2009.04.30 19:31:19.391,6.5517,6.5582,1.20,2.00
2009.04.30 19:31:22.380,6.5514,6.5579,1.20,2.00
2009.04.30 19:31:22.900,6.5512,6.5577,1.20,2.00
2009.04.30 19:31:23.060,6.5514,6.5579,1.20,2.00
2009.04.30 19:31:23.229,6.5512,6.5577,1.20,2.00
2009.04.30 19:31:23.790,6.5509,6.5574,1.20,2.00
2009.04.30 19:31:23.969,6.551,6.5575,1.20,2.00
2009.04.30 19:31:25.959,6.5512,6.5577,1.20,2.00
2009.04.30 19:31:26.189,6.5515,6.558,1.20,2.00
2009.04.30 19:31:32.507,6.5512,6.5577,1.20,2.00
2009.04.30 19:31:35.017,6.5515,6.558,1.20,2.00
2009.04.30 19:31:35.526,6.551,6.5575,1.20,2.00
2009.04.30 19:31:36.866,6.5505,6.557,1.20,2.00
2009.04.30 19:31:37.596,6.5507,6.5572,1.20,2.00
2009.04.30 19:31:39.546,6.551,6.5575,1.20,2.00
2009.04.30 19:31:42.185,6.5515,6.558,1.20,2.00
2009.04.30 19:31:48.124,6.5512,6.5577,1.20,2.00
2009.04.30 19:31:48.694,6.5507,6.5577,1.20,2.00
2009.04.30 19:31:48.873,6.5502,6.5577,1.20,2.00
2009.04.30 19:31:50.063,6.5507,6.5572,1.20,2.00
2009.04.30 19:31:50.703,6.551,6.5575,1.20,2.00
2009.04.30 19:31:50.973,6.5512,6.5577,1.20,2.00
2009.04.30 19:31:59.981,6.5515,6.558,1.20,2.00
2009.04.30 19:32:01.010,6.5512,6.5577,1.20,2.00
2009.04.30 19:32:01.400,6.551,6.5575,1.20,2.00
2009.04.30 19:32:08.489,6.5507,6.5572,1.20,2.00
2009.04.30 19:32:09.408,6.5505,6.557,1.20,2.00
2009.04.30 19:32:12.218,6.5504,6.5569,1.20,2.00
2009.04.30 19:32:12.838,6.5499,6.5564,1.20,2.00
2009.04.30 19:32:13.238,6.5502,6.5567,1.20,2.00
2009.04.30 19:32:16.087,6.5504,6.5569,1.20,2.00
2009.04.30 19:32:31.133,6.5502,6.5567,1.20,2.00
2009.04.30 19:32:34.792,6.5499,6.5564,1.20,2.00
2009.04.30 19:32:40.481,6.5494,6.5559,1.20,2.00
2009.04.30 19:32:42.381,6.549,6.5554,1.20,2.00
2009.04.30 19:32:42.961,6.5494,6.5559,1.20,2.00
2009.04.30 19:32:46.879,6.549,6.5554,1.20,2.00
2009.04.30 19:32:48.189,6.5494,6.5559,1.20,2.00
2009.04.30 19:32:49.769,6.5492,6.5557,1.20,2.00
2009.04.30 19:32:59.686,6.5487,6.5552,1.20,2.00
2009.04.30 19:33:01.276,6.5482,6.5547,1.20,2.00
2009.04.30 19:33:02.325,6.5477,6.5542,1.20,2.00
2009.04.30 19:33:06.125,6.548,6.5544,1.20,2.00
2009.04.30 19:33:07.175,6.5482,6.5547,1.20,2.00
2009.04.30 19:33:10.874,6.5485,6.5549,1.20,2.00
2009.04.30 19:33:13.853,6.5482,6.5547,1.20,2.00
2009.04.30 19:33:14.283,6.5483,6.5547,1.20,2.00
2009.04.30 19:33:22.511,6.5478,6.5547,1.20,2.00
2009.04.30 19:33:23.471,6.5486,6.5547,1.60,2.00
2009.04.30 19:33:23.871,6.549,6.5578,1.20,8.00
2009.04.30 19:33:24.400,6.5496,6.5634,8.00,1.60
2009.04.30 19:33:24.510,6.5498,6.56405,8.00,3.00
2009.04.30 19:33:25.020,6.54985,6.56405,8.00,3.00
2009.04.30 19:33:25.420,6.5498,6.56305,8.00,3.00
2009.04.30 19:33:26.120,6.5498,6.56305,8.00,1.60
2009.04.30 19:33:26.350,6.54905,6.5626,8.00,1.40
2009.04.30 19:33:26.730,6.54895,6.5626,8.00,3.00
2009.04.30 19:33:27.080,6.54895,6.5621,8.00,1.40
2009.04.30 19:33:27.380,6.54875,6.5621,8.00,3.00
2009.04.30 19:33:28.889,6.54875,6.5616,8.00,1.40
2009.04.30 19:33:29.009,6.54835,6.5616,8.00,3.00
2009.04.30 19:33:29.369,6.5484,6.5616,8.00,3.00
2009.04.30 19:33:29.709,6.54825,6.5616,8.00,3.00
2009.04.30 19:33:33.198,6.5481,6.56115,8.00,1.40
2009.04.30 19:33:33.688,6.5481,6.56115,8.00,3.00
2009.04.30 19:33:34.038,6.54805,6.56115,8.00,3.00
2009.04.30 19:33:35.468,6.54805,6.56105,8.00,1.40
2009.04.30 19:33:35.708,6.5479,6.56105,8.00,3.00
2009.04.30 19:33:36.467,6.54785,6.56105,8.00,3.00
2009.04.30 19:33:36.697,6.54775,6.56105,8.00,3.00
2009.04.30 19:33:37.217,6.54785,6.56105,8.00,3.00
2009.04.30 19:33:37.507,6.5478,6.56105,8.00,3.00
2009.04.30 19:33:43.835,6.5479,6.56105,8.00,3.00
2009.04.30 19:33:44.935,6.54745,6.56105,8.00,3.00
2009.04.30 19:33:45.105,6.54745,6.561,8.00,1.40
2009.04.30 19:33:45.225,6.54745,6.561,8.00,3.00
2009.04.30 19:33:47.115,6.54745,6.56055,8.00,3.00
2009.04.30 19:33:47.285,6.5472,6.56055,9.00,1.60
2009.04.30 19:33:47.515,6.5472,6.561,9.00,3.00
2009.04.30 19:33:47.685,6.5472,6.561,1.20,3.00
2009.04.30 19:33:51.254,6.5472,6.56095,1.20,1.40
2009.04.30 19:33:51.554,6.5475,6.56095,1.20,1.40
2009.04.30 19:33:53.363,6.5474,6.561,8.00,3.00
2009.04.30 19:33:53.533,6.5472,6.561,9.00,3.00
2009.04.30 19:33:53.713,6.54725,6.561,8.00,3.00
2009.04.30 19:33:54.163,6.54725,6.5609,8.00,1.40
2009.04.30 19:33:54.503,6.5475,6.5609,1.20,1.40
2009.04.30 19:33:54.923,6.5475,6.561,1.20,1.60
2009.04.30 19:33:55.273,6.548,6.561,1.20,1.60
2009.04.30 19:33:55.743,6.548,6.56145,1.20,1.40
2009.04.30 19:33:57.402,6.5482,6.56145,1.20,1.40
2009.04.30 19:33:57.792,6.5482,6.56205,1.20,3.00
2009.04.30 19:34:01.231,6.5485,6.56195,1.20,1.40
2009.04.30 19:34:01.521,6.54885,6.56155,8.00,1.40
2009.04.30 19:34:01.881,6.5482,6.56155,8.00,1.60
2009.04.30 19:34:02.242,6.54835,6.562,8.00,3.00
2009.04.30 19:34:02.651,6.54825,6.562,8.00,3.00
2009.04.30 19:34:04.851,6.5486,6.562,8.00,3.00
2009.04.30 19:34:05.501,6.54855,6.562,8.00,3.00
2009.04.30 19:34:12.499,6.5482,6.562,1.20,3.00
2009.04.30 19:34:12.679,6.54855,6.562,8.00,3.00
2009.04.30 19:34:28.865,6.54855,6.5616,8.00,1.40
2009.04.30 19:34:29.155,6.54835,6.5616,8.00,3.00
2009.04.30 19:34:37.143,6.54805,6.56065,8.00,1.40
2009.04.30 19:34:37.543,6.54765,6.5606,8.00,1.40
2009.04.30 19:34:37.903,6.54765,6.5606,8.00,1.60
2009.04.30 19:34:38.183,6.5474,6.56105,8.00,3.00
2009.04.30 19:34:38.522,6.5474,6.56105,8.00,1.60
2009.04.30 19:34:38.962,6.5475,6.56105,8.00,1.60
2009.04.30 19:34:41.851,6.54765,6.56105,8.00,3.00
2009.04.30 19:34:42.082,6.5474,6.56105,8.00,1.60
2009.04.30 19:34:42.912,6.54745,6.56105,8.00,1.60
2009.04.30 19:34:43.621,6.54765,6.56105,8.00,3.00
2009.04.30 19:34:43.791,6.54755,6.56105,8.00,3.00
2009.04.30 19:34:44.131,6.54755,6.56105,8.00,1.60
2009.04.30 19:34:44.251,6.5475,6.56105,8.00,1.60
2009.04.30 19:34:44.931,6.54745,6.56105,8.00,1.60
2009.04.30 19:34:45.861,6.54745,6.56105,8.00,3.00
2009.04.30 19:34:46.381,6.54755,6.56105,8.00,3.00
2009.04.30 19:34:50.120,6.5477,6.56105,8.00,3.00
2009.04.30 19:35:00.787,6.54765,6.56105,8.00,3.00
2009.04.30 19:35:01.067,6.54765,6.56105,8.00,1.60
2009.04.30 19:35:01.127,6.5475,6.56105,8.00,1.60
2009.04.30 19:35:02.277,6.5472,6.5606,8.00,3.00
2009.04.30 19:35:02.927,6.54715,6.56,8.00,1.40
2009.04.30 19:35:03.106,6.5469,6.56,8.00,1.40
2009.04.30 19:35:06.646,6.5469,6.56015,8.00,3.00
2009.04.30 19:35:08.525,6.5469,6.56015,8.00,1.60
2009.04.30 19:35:08.745,6.5474,6.5605,8.00,1.60
2009.04.30 19:35:08.805,6.5474,6.56105,8.00,3.00
2009.04.30 19:35:09.165,6.5474,6.5606,8.00,1.40
2009.04.30 19:35:09.215,6.5474,6.56105,8.00,3.00
2009.04.30 19:35:09.625,6.5474,6.5606,8.00,1.60
2009.04.30 19:35:10.035,6.5477,6.56105,8.00,3.00
2009.04.30 19:35:14.214,6.5477,6.561,8.00,1.40
2009.04.30 19:35:14.554,6.54785,6.561,8.00,1.40
2009.04.30 19:35:19.442,6.54785,6.56105,8.00,1.60
2009.04.30 19:35:19.732,6.54785,6.56155,8.00,3.00
2009.04.30 19:35:19.962,6.54805,6.5611,8.00,1.40
2009.04.30 19:35:20.072,6.54785,6.5611,8.00,3.00
2009.04.30 19:35:32.409,6.54785,6.56105,8.00,1.40
2009.04.30 19:35:32.879,6.5477,6.56105,8.00,1.40
2009.04.30 19:35:44.946,6.5477,6.561,8.00,1.40
2009.04.30 19:35:45.126,6.54785,6.561,8.00,1.40
2009.04.30 19:35:45.236,6.54785,6.561,8.00,3.00
2009.04.30 19:35:51.955,6.54785,6.56065,8.00,1.40
2009.04.30 19:35:52.185,6.5474,6.56065,8.00,3.00
2009.04.30 19:35:52.745,6.54735,6.56065,8.00,3.00
2009.04.30 19:35:58.303,6.5474,6.56065,8.00,3.00
2009.04.30 19:36:01.382,6.5474,6.56055,8.00,1.40
2009.04.30 19:36:01.442,6.54715,6.56055,8.00,3.00
2009.04.30 19:36:01.962,6.54705,6.56055,8.00,3.00
2009.04.30 19:36:02.312,6.54705,6.56055,8.00,1.60
2009.04.30 19:36:02.652,6.5469,6.56055,8.00,1.60
2009.04.30 19:36:02.992,6.54675,6.56055,8.00,1.60
2009.04.30 19:36:03.822,6.54715,6.56055,8.00,3.00
2009.04.30 19:36:04.272,6.54705,6.56055,8.00,3.00
2009.04.30 19:36:06.931,6.54705,6.5605,8.00,1.40
2009.04.30 19:36:07.111,6.54735,6.5605,8.00,1.40
2009.04.30 19:36:07.741,6.5474,6.5605,8.00,1.40
2009.04.30 19:36:12.160,6.54735,6.5605,8.00,1.40
2009.04.30 19:36:12.510,6.54715,6.56025,8.00,1.40
2009.04.30 19:36:14.919,6.54715,6.56015,8.00,3.00
2009.04.30 19:36:15.099,6.5469,6.56015,8.00,3.00
2009.04.30 19:36:15.269,6.54685,6.55965,8.00,1.60
2009.04.30 19:36:15.609,6.5464,6.55965,8.00,3.00
2009.04.30 19:36:15.939,6.54635,6.55965,8.00,3.00
2009.04.30 19:36:19.798,6.54665,6.55965,8.00,1.60
2009.04.30 19:36:20.258,6.54665,6.56,8.00,1.40
2009.04.30 19:36:20.498,6.54685,6.56,8.00,1.40
2009.04.30 19:36:26.326,6.54685,6.56005,8.00,3.00
2009.04.30 19:36:26.556,6.54665,6.56005,8.00,3.00
2009.04.30 19:36:26.726,6.54655,6.56005,8.00,3.00
2009.04.30 19:36:42.343,6.5469,6.56,8.00,1.40
2009.04.30 19:36:42.682,6.54685,6.56,8.00,1.40
2009.04.30 19:36:44.192,6.5469,6.56,8.00,1.40
2009.04.30 19:36:44.432,6.5469,6.56005,8.00,1.60
2009.04.30 19:36:44.832,6.54705,6.56055,8.00,3.00
2009.04.30 19:36:47.371,6.54705,6.5597,8.00,1.40
2009.04.30 19:36:47.601,6.5464,6.5597,8.00,3.00
2009.04.30 19:36:47.951,6.547,6.56045,1.20,3.00
2009.04.30 19:36:52.310,6.5474,6.56045,8.00,1.60
2009.04.30 19:36:52.530,6.54765,6.56105,8.00,3.00
2009.04.30 19:36:52.710,6.54755,6.56105,8.00,3.00
2009.04.30 19:36:53.720,6.54765,6.56105,8.00,3.00
2009.04.30 19:36:54.300,6.5477,6.56105,8.00,3.00
2009.04.30 19:37:08.316,6.5477,6.5606,8.00,1.40
2009.04.30 19:37:08.486,6.5477,6.5606,8.00,3.00
2009.04.30 19:37:08.596,6.5474,6.5606,8.00,3.00
2009.04.30 19:37:12.465,6.5474,6.5606,8.00,1.60
2009.04.30 19:37:12.745,6.54765,6.56105,8.00,3.00
2009.04.30 19:37:13.175,6.5477,6.56105,8.00,3.00
2009.04.30 19:37:13.905,6.5477,6.56105,8.00,1.60
2009.04.30 19:37:13.965,6.5479,6.56105,8.00,1.60
2009.04.30 19:37:14.085,6.5473,6.5614,1.20,3.00
2009.04.30 19:37:15.334,6.5479,6.5614,8.00,3.00
2009.04.30 19:37:15.454,6.5485,6.5614,8.00,1.60
2009.04.30 19:37:15.735,6.5485,6.56235,8.00,3.00
2009.04.30 19:37:18.654,6.5487,6.5623,8.00,1.40
2009.04.30 19:37:18.934,6.54875,6.5623,8.00,1.40
2009.04.30 19:37:25.272,6.54875,6.56195,8.00,1.40
2009.04.30 19:37:25.492,6.5482,6.56195,8.00,3.00
2009.04.30 19:37:25.732,6.54835,6.56195,8.00,1.60
2009.04.30 19:37:25.852,6.54835,6.56235,8.00,3.00
2009.04.30 19:37:26.052,6.5483,6.56235,8.00,3.00
2009.04.30 19:37:26.642,6.54775,6.56235,8.00,3.00
2009.04.30 19:37:26.982,6.5478,6.56235,8.00,3.00
2009.04.30 19:37:27.681,6.54775,6.56235,8.00,3.00
2009.04.30 19:37:38.269,6.5476,6.5619,8.00,1.60
2009.04.30 19:37:38.389,6.54755,6.56235,8.00,3.00
2009.04.30 19:37:38.709,6.54775,6.56235,8.00,3.00
2009.04.30 19:37:39.189,6.5477,6.56235,8.00,3.00
2009.04.30 19:37:39.489,6.54775,6.56235,8.00,3.00
2009.04.30 19:37:45.997,6.5481,6.5623,8.00,1.40
2009.04.30 19:37:54.605,6.54815,6.56285,8.00,3.00
2009.04.30 19:37:56.374,6.54825,6.56285,8.00,3.00
2009.04.30 19:37:58.534,6.54825,6.5628,8.00,1.40
2009.04.30 19:37:58.874,6.5485,6.5628,8.00,1.40
2009.04.30 19:38:08.202,6.54895,6.56285,8.00,1.60
2009.04.30 19:38:08.382,6.54905,6.56325,8.00,3.00
2009.04.30 19:38:15.280,6.54985,6.56325,8.00,3.00
2009.04.30 19:38:16.850,6.54985,6.5629,8.00,1.40
2009.04.30 19:38:17.250,6.5492,6.56325,8.00,1.60
2009.04.30 19:38:17.470,6.5493,6.56335,8.00,3.00
2009.04.30 19:38:17.829,6.54925,6.56335,8.00,3.00
2009.04.30 19:38:18.939,6.54935,6.56335,8.00,3.00
2009.04.30 19:38:19.399,6.54945,6.56335,8.00,3.00
2009.04.30 19:38:24.668,6.5493,6.56335,8.00,3.00
2009.04.30 19:38:39.474,6.5492,6.56335,8.00,3.00
2009.04.30 19:38:39.534,6.5492,6.5629,8.00,1.40
2009.04.30 19:38:39.704,6.5492,6.5629,8.00,3.00
2009.04.30 19:38:46.453,6.5492,6.56285,8.00,1.40
2009.04.30 19:38:46.632,6.5488,6.56285,8.00,1.40
2009.04.30 19:38:47.032,6.54895,6.56285,8.00,1.40
2009.04.30 19:38:50.212,6.5489,6.56285,8.00,1.40
2009.04.30 19:38:53.861,6.5488,6.56285,8.00,1.40
2009.04.30 19:38:54.731,6.5488,6.5624,8.00,1.40
2009.04.30 19:38:54.850,6.5488,6.5624,8.00,3.00
2009.04.30 19:38:54.960,6.5487,6.5624,8.00,3.00
2009.04.30 19:38:55.200,6.54875,6.5624,8.00,3.00
2009.04.30 19:38:58.489,6.5488,6.5624,8.00,1.60
2009.04.30 19:38:58.729,6.5488,6.56285,8.00,3.00
2009.04.30 19:38:59.130,6.54895,6.56285,8.00,3.00
2009.04.30 19:38:59.899,6.5492,6.5628,8.00,1.40
2009.04.30 19:39:00.249,6.5493,6.5628,8.00,1.40
2009.04.30 19:39:02.209,6.54925,6.5628,8.00,1.40
2009.04.30 19:39:03.678,6.54925,6.56285,8.00,3.00
2009.04.30 19:39:03.788,6.54895,6.56285,8.00,3.00
2009.04.30 19:39:04.298,6.5489,6.56285,8.00,3.00
2009.04.30 19:39:05.988,6.54895,6.56285,8.00,3.00
2009.04.30 19:39:14.006,6.5489,6.56285,8.00,3.00
2009.04.30 19:39:14.756,6.54895,6.56285,8.00,3.00
2009.04.30 19:39:22.495,6.54895,6.5628,8.00,1.40
2009.04.30 19:39:22.664,6.5493,6.5628,8.00,1.40
2009.04.30 19:39:22.924,6.5497,6.56285,8.00,1.60
2009.04.30 19:39:23.214,6.5497,6.56335,8.00,3.00
2009.04.30 19:39:23.644,6.5497,6.5633,8.00,1.40
2009.04.30 19:39:26.373,6.5543,6.5633,1.20,1.40
2009.04.30 19:39:26.433,6.5543,6.56335,1.20,1.60
2009.04.30 19:39:26.493,6.5543,6.566,1.20,2.00
2009.04.30 19:39:27.953,6.5532,6.5656,8.00,2.00
2009.04.30 19:39:28.193,6.5532,6.5653,8.00,2.00
2009.04.30 19:39:28.602,6.54845,6.5653,1.80,2.00
2009.04.30 19:39:29.052,6.5483,6.5652,8.00,1.20
2009.04.30 19:39:29.642,6.54855,6.56495,8.00,1.20
2009.04.30 19:39:32.711,6.5486,6.56495,8.00,1.20
2009.04.30 19:39:34.551,6.54855,6.56495,8.00,1.20
2009.04.30 19:39:41.369,6.54995,6.56495,1.60,1.20
2009.04.30 19:39:46.888,6.5506,6.56495,1.60,1.20
2009.04.30 19:39:47.348,6.5549,6.5656,1.20,2.00
2009.04.30 19:39:52.097,6.55065,6.5653,1.60,2.00
2009.04.30 19:39:52.317,6.55065,6.56495,1.60,1.20
2009.04.30 19:39:53.406,6.55065,6.5653,1.60,3.40
2009.04.30 19:39:53.966,6.55065,6.5653,1.60,2.00
2009.04.30 19:39:55.236,6.55065,6.5653,1.60,3.40
2009.04.30 19:39:57.465,6.55065,6.5653,1.60,2.00
2009.04.30 19:40:12.582,6.55065,6.5653,1.60,3.40
2009.04.30 19:40:14.031,6.55065,6.5653,1.60,2.00
2009.04.30 19:40:16.281,6.5511,6.5653,1.60,2.00
2009.04.30 19:40:16.341,6.5511,6.56555,1.60,1.20
2009.04.30 19:40:19.461,6.55155,6.566,1.60,1.20
2009.04.30 19:40:20.490,6.55165,6.566,1.60,1.20
2009.04.30 19:40:20.790,6.55165,6.5662,1.60,1.20
2009.04.30 19:40:21.140,6.5521,6.5662,1.60,1.20
2009.04.30 19:40:21.540,6.5521,6.5665,1.60,1.20
2009.04.30 19:40:23.599,6.55165,6.56625,1.60,1.20
2009.04.30 19:40:36.526,6.5516,6.56625,1.60,1.20
2009.04.30 19:40:41.994,6.5516,6.566,1.60,1.20
2009.04.30 19:40:42.224,6.5516,6.56625,1.60,1.20
2009.04.30 19:40:42.944,6.55165,6.56625,1.60,1.20
2009.04.30 19:40:49.513,6.55165,6.566,1.60,1.20
2009.04.30 19:40:53.932,6.55205,6.566,1.60,1.20
2009.04.30 19:40:54.052,6.55205,6.5665,1.60,1.20
2009.04.30 19:40:54.392,6.55165,6.5663,1.60,2.00
2009.04.30 19:40:54.792,6.55165,6.56625,1.60,1.20
2009.04.30 19:40:55.321,6.5516,6.56625,1.60,1.20
2009.04.30 19:40:57.051,6.5516,6.5668,1.60,2.00
2009.04.30 19:40:57.402,6.55195,6.567,1.60,1.20
2009.04.30 19:40:57.741,6.55195,6.5668,1.60,2.00
2009.04.30 19:40:58.081,6.5518,6.5668,1.60,2.00
2009.04.30 19:41:02.839,6.5527,6.5668,1.60,2.00
2009.04.30 19:41:03.189,6.5527,6.56675,1.60,1.20
2009.04.30 19:41:05.259,6.5527,6.5675,1.60,1.60
2009.04.30 19:41:06.529,6.55235,6.5675,1.60,2.80
2009.04.30 19:41:06.809,6.55235,6.5671,1.60,2.00
2009.04.30 19:41:09.378,6.5518,6.5668,1.60,2.00
2009.04.30 19:41:09.498,6.5518,6.5668,1.60,3.40
2009.04.30 19:41:10.058,6.5518,6.56675,1.60,1.20
2009.04.30 19:41:10.928,6.5518,6.5665,1.60,1.60
2009.04.30 19:41:11.038,6.5514,6.5665,1.60,1.60
2009.04.30 19:41:11.358,6.5514,6.5661,1.60,2.00
2009.04.30 19:41:15.237,6.5513,6.5663,1.60,2.00
2009.04.30 19:41:22.065,6.5523,6.5675,1.60,3.40
2009.04.30 19:41:46.049,6.55125,6.5662,1.60,1.20
2009.04.30 19:41:46.599,6.5513,6.5662,1.60,1.20
2009.04.30 19:41:51.968,6.55175,6.56645,1.60,1.20
2009.04.30 19:41:53.427,6.55175,6.5667,1.60,1.20
2009.04.30 19:41:56.047,6.55215,6.5667,1.60,1.20
2009.04.30 19:41:56.287,6.55215,6.56695,1.60,1.20
2009.04.30 19:41:57.336,6.5525,6.56695,1.60,1.20
2009.04.30 19:42:09.084,6.55295,6.56695,1.60,1.20
2009.04.30 19:42:09.364,6.55245,6.5674,1.60,1.20
2009.04.30 19:42:09.823,6.5526,6.5674,1.60,1.20
2009.04.30 19:42:10.163,6.5526,6.5672,1.60,1.20
2009.04.30 19:42:11.533,6.5526,6.56725,1.60,1.20
2009.04.30 19:42:15.622,6.5526,6.5673,1.60,1.20
2009.04.30 19:42:21.092,6.5531,6.5673,1.60,1.20
2009.04.30 19:42:21.151,6.5531,6.5675,1.60,1.60
2009.04.30 19:42:24.810,6.5531,6.5675,1.60,1.00
2009.04.30 19:42:27.259,6.5531,6.5678,1.60,3.40
2009.04.30 19:42:27.889,6.5531,6.5678,1.60,2.00
2009.04.30 19:42:32.778,6.55355,6.5678,1.60,2.00
2009.04.30 19:42:33.418,6.5536,6.568,1.60,3.40
2009.04.30 19:42:33.698,6.5536,6.5675,1.60,1.00
2009.04.30 19:43:08.229,6.55365,6.5675,1.60,1.00
2009.04.30 19:43:12.779,6.55355,6.5675,1.60,1.00
2009.04.30 19:43:17.827,6.55365,6.5675,1.60,1.00
2009.04.30 19:43:21.706,6.55355,6.5675,1.60,1.00
2009.04.30 19:43:22.856,6.55365,6.5675,1.60,1.00
2009.04.30 19:43:29.354,6.55315,6.5675,1.60,1.00
2009.04.30 19:43:30.034,6.55315,6.5675,1.60,1.60
2009.04.30 19:43:31.244,6.55265,6.5675,1.60,1.60
2009.04.30 19:43:31.654,6.55265,6.56725,1.60,1.20
2009.04.30 19:43:35.123,6.55265,6.56695,1.60,1.20
2009.04.30 19:43:38.712,6.55305,6.5672,1.60,1.20
2009.04.30 19:43:38.892,6.55305,6.56745,1.60,1.20
2009.04.30 19:43:43.161,6.5531,6.56745,1.60,1.20
2009.04.30 19:43:45.261,6.5531,6.5675,1.60,1.00
2009.04.30 19:43:46.260,6.55315,6.5676,1.60,2.00
2009.04.30 19:43:48.120,6.55315,6.5675,1.60,1.60
2009.04.30 19:43:48.340,6.5527,6.5671,1.60,2.00
2009.04.30 19:43:48.680,6.5526,6.56705,1.60,1.20
2009.04.30 19:43:50.429,6.55305,6.56705,1.60,1.20
2009.04.30 19:43:57.677,6.55355,6.5675,1.60,1.00
2009.04.30 19:43:58.068,6.5536,6.5675,1.60,1.00
2009.04.30 19:43:58.627,6.55315,6.5675,1.60,1.00
2009.04.30 19:44:02.316,6.5536,6.5675,1.60,1.00
2009.04.30 19:44:12.814,6.55365,6.5675,1.60,1.00
2009.04.30 19:44:15.413,6.55365,6.568,1.60,3.40
2009.04.30 19:44:18.233,6.5536,6.5675,1.60,1.00
2009.04.30 19:44:27.770,6.55365,6.568,1.60,3.40
2009.04.30 19:44:50.315,6.55405,6.5675,1.60,1.00
2009.04.30 19:44:56.023,6.5532,6.56745,1.60,1.20
2009.04.30 19:44:56.723,6.55275,6.5672,1.60,1.20
2009.04.30 19:44:57.063,6.55265,6.5672,1.60,1.20
2009.04.30 19:45:01.222,6.55265,6.56695,1.60,1.20
2009.04.30 19:45:06.401,6.55265,6.5672,1.60,1.20
2009.04.30 19:45:06.701,6.55265,6.56695,1.60,1.20
2009.04.30 19:45:08.280,6.5566,6.5677,1.20,2.00
2009.04.30 19:45:12.539,6.55345,6.5668,8.00,2.00
2009.04.30 19:45:12.889,6.55345,6.5664,8.00,1.20
2009.04.30 19:45:13.119,6.5513,6.5664,1.60,1.20
2009.04.30 19:45:13.969,6.55085,6.56595,1.60,1.20
2009.04.30 19:45:14.309,6.5512,6.56595,1.60,1.20
2009.04.30 19:45:15.279,6.5512,6.56545,1.60,1.20
2009.04.30 19:45:16.738,6.5516,6.56545,1.60,1.20
2009.04.30 19:45:16.908,6.5516,6.56595,1.60,1.20
2009.04.30 19:45:17.258,6.5511,6.56575,1.60,1.20
2009.04.30 19:45:18.108,6.55165,6.56575,1.60,1.20
2009.04.30 19:45:18.468,6.55165,6.5662,1.60,1.20
2009.04.30 19:45:20.017,6.5566,6.5662,1.20,1.20
2009.04.30 19:45:20.077,6.5566,6.5668,1.20,2.00
2009.04.30 19:45:23.207,6.555,6.5668,8.00,2.00
2009.04.30 19:45:23.787,6.555,6.5662,8.00,1.20
2009.04.30 19:45:24.256,6.55025,6.5662,1.60,1.20
2009.04.30 19:45:25.356,6.55065,6.56595,1.60,1.20
2009.04.30 19:45:28.116,6.5507,6.56595,1.60,1.20
2009.04.30 19:45:30.575,6.5507,6.5657,1.60,1.20
2009.04.30 19:45:37.153,6.5508,6.5657,1.60,1.20
2009.04.30 19:45:37.605,6.5508,6.56545,1.60,1.20
2009.04.30 19:45:39.043,6.5502,6.56545,1.60,1.20
2009.04.30 19:45:40.513,6.5497,6.56545,1.60,1.20
2009.04.30 19:45:40.752,6.5497,6.5652,1.60,1.20
2009.04.30 19:45:41.822,6.5497,6.5645,1.60,1.20
2009.04.30 19:45:42.682,6.5497,6.56445,1.60,1.20
2009.04.30 19:45:43.292,6.5492,6.56445,1.60,1.20
2009.04.30 19:45:46.591,6.5563,6.5648,1.20,2.00
2009.04.30 19:45:48.461,6.5559,6.5648,1.00,2.00
2009.04.30 19:45:48.741,6.55575,6.5648,8.00,2.00
2009.04.30 19:45:48.921,6.55575,6.56455,8.00,1.20
2009.04.30 19:45:49.091,6.54805,6.56455,1.60,1.20
2009.04.30 19:45:55.909,6.54905,6.56435,1.60,1.20
2009.04.30 19:45:58.768,6.54905,6.56405,1.60,1.20
2009.04.30 19:45:59.318,6.54905,6.56435,1.60,1.20
2009.04.30 19:46:01.747,6.54905,6.56455,1.60,1.20
2009.04.30 19:46:02.257,6.54945,6.56455,1.60,1.20
2009.04.30 19:46:02.837,6.54945,6.565,1.60,1.20
2009.04.30 19:46:04.287,6.54945,6.5647,1.60,1.20
2009.04.30 19:46:06.316,6.54945,6.56455,1.60,1.20
2009.04.30 19:46:06.476,6.5495,6.56455,1.60,1.20
2009.04.30 19:46:06.876,6.5495,6.56505,1.60,1.20
2009.04.30 19:46:07.446,6.54905,6.5648,1.60,1.20
2009.04.30 19:46:19.283,6.5491,6.5648,8.00,1.20
2009.04.30 19:46:22.702,6.54905,6.5648,1.60,1.20
2009.04.30 19:46:23.802,6.54905,6.5648,1.60,3.40
2009.04.30 19:46:24.032,6.549,6.5648,1.60,1.20
2009.04.30 19:46:29.321,6.54905,6.5648,1.60,3.40
2009.04.30 19:46:37.479,6.5563,6.5648,1.20,3.40
2009.04.30 19:46:37.649,6.5563,6.5648,1.20,2.00
2009.04.30 19:46:39.408,6.55575,6.5648,8.00,2.00
2009.04.30 19:46:39.868,6.54795,6.5648,8.00,2.00
2009.04.30 19:46:44.397,6.54895,6.56475,8.00,1.20
2009.04.30 19:46:44.637,6.54885,6.56475,9.60,1.20
2009.04.30 19:46:44.817,6.54895,6.56475,8.00,1.20
2009.04.30 19:46:49.946,6.54895,6.56465,8.00,1.20
2009.04.30 19:46:53.325,6.54965,6.56465,1.60,1.20
2009.04.30 19:46:53.995,6.54965,6.5646,1.60,1.20
2009.04.30 19:46:55.925,6.54895,6.5646,8.00,1.20
2009.04.30 19:46:56.424,6.54885,6.56465,1.60,1.20
2009.04.30 19:47:11.531,6.5489,6.56465,1.60,1.20
2009.04.30 19:47:11.641,6.5489,6.56455,1.60,1.20
2009.04.30 19:47:11.941,6.54875,6.56455,1.60,1.20
2009.04.30 19:47:15.320,6.5536,6.56455,1.20,1.20
2009.04.30 19:47:15.490,6.5536,6.5653,1.20,2.00
2009.04.30 19:47:32.755,6.5546,6.5648,1.20,2.00
2009.04.30 19:47:43.313,6.5543,6.5646,1.20,2.00
2009.04.30 19:47:43.953,6.5546,6.5648,1.20,2.00
2009.04.30 19:48:11.966,6.5546,6.5653,1.20,2.00
2009.04.30 19:48:22.103,6.5546,6.56525,1.20,1.60
2009.04.30 19:48:22.214,6.5546,6.5648,1.20,2.00
2009.04.30 19:48:48.887,6.5546,6.5644,1.20,8.00
2009.04.30 19:48:49.217,6.5546,6.5622,1.20,2.00
2009.04.30 19:48:49.837,6.5546,6.5627,1.20,2.00
2009.04.30 19:48:59.835,6.5551,6.56485,1.20,8.00
2009.04.30 19:49:00.364,6.5551,6.5657,1.20,2.00
2009.04.30 19:49:06.103,6.5553,6.5656,1.20,2.00
2009.04.30 19:49:14.411,6.5551,6.5653,1.20,2.00
2009.04.30 19:49:24.368,6.5548,6.5651,1.20,2.00
2009.04.30 19:49:27.118,6.5546,6.5648,1.20,2.00
2009.04.30 19:50:09.458,6.5543,6.5646,1.20,2.00
2009.04.30 19:50:21.045,6.5543,6.56425,1.20,1.60
2009.04.30 19:50:21.165,6.5543,6.5638,1.20,2.00
2009.04.30 19:50:28.173,6.5536,6.5631,1.20,2.00
2009.04.30 19:50:28.573,6.5531,6.563,1.20,2.00
2009.04.30 19:50:29.283,6.5526,6.563,1.20,2.00
2009.04.30 19:50:37.201,6.5531,6.563,1.20,2.00
2009.04.30 19:50:37.481,6.5531,6.563,1.20,3.60
2009.04.30 19:50:37.641,6.5531,6.5626,1.20,2.00
2009.04.30 19:50:42.190,6.5531,6.563,1.20,3.60
2009.04.30 19:50:42.590,6.5531,6.5626,1.20,2.00
2009.04.30 19:50:43.509,6.5528,6.5623,1.20,2.00
2009.04.30 19:50:43.730,6.5531,6.5626,1.20,2.00
2009.04.30 19:50:50.298,6.5531,6.563,1.20,2.00
2009.04.30 19:51:18.451,6.5536,6.5647,1.20,2.00
2009.04.30 19:51:18.961,6.5536,6.5643,1.20,2.00
2009.04.30 19:51:19.141,6.5541,6.5642,1.20,3.60
2009.04.30 19:51:19.371,6.5541,6.5638,1.20,2.00
2009.04.30 19:51:56.322,6.5536,6.5636,1.20,2.00
2009.04.30 19:51:59.631,6.55365,6.5636,1.60,2.00
2009.04.30 19:51:59.801,6.5541,6.5636,1.20,2.00
2009.04.30 19:52:03.050,6.55365,6.5636,1.60,2.00
2009.04.30 19:52:03.220,6.5536,6.5636,1.20,2.00
2009.04.30 19:53:04.145,6.5548,6.5643,1.20,2.00
2009.04.30 19:53:04.695,6.5551,6.565,1.20,2.00
2009.04.30 19:53:04.992,6.5551,6.5655,1.20,2.00
2009.04.30 19:53:05.505,6.5556,6.5655,1.20,2.00
2009.04.30 19:53:05.855,6.5556,6.5655,1.20,3.60
2009.04.30 19:53:06.145,6.5556,6.5651,1.20,2.00
2009.04.30 19:53:07.675,6.55515,6.5643,1.60,2.00
2009.04.30 19:53:07.925,6.5546,6.5641,1.20,2.00
2009.04.30 19:53:17.742,6.5548,6.5643,1.20,2.00
2009.04.30 19:53:18.082,6.5556,6.5651,1.20,2.00
2009.04.30 19:53:18.812,6.5556,6.5655,1.20,3.60
2009.04.30 19:53:19.102,6.5558,6.5653,1.20,2.00
2009.04.30 19:53:19.332,6.556,6.5656,1.20,2.00
2009.04.30 19:53:19.672,6.556,6.566,1.20,2.00
2009.04.30 19:53:19.912,6.556,6.5656,1.20,2.00
2009.04.30 19:53:22.021,6.5563,6.56575,1.20,1.60
2009.04.30 19:53:22.181,6.5563,6.5658,1.20,2.00
2009.04.30 19:53:22.541,6.557,6.5665,1.20,2.00
2009.04.30 19:53:22.821,6.5566,6.5665,1.20,2.00
2009.04.30 19:53:23.391,6.5565,6.567,1.20,2.00
2009.04.30 19:53:23.911,6.557,6.567,1.20,2.00
2009.04.30 19:53:44.056,6.5575,6.567,1.20,2.00
2009.04.30 19:53:46.045,6.558,6.5675,1.20,2.00
2009.04.30 19:53:48.165,6.5576,6.5675,1.20,2.00
2009.04.30 19:53:48.575,6.5571,6.5675,1.20,2.00
2009.04.30 19:53:48.805,6.557,6.567,1.20,2.00
2009.04.30 19:53:50.914,6.557,6.5675,1.20,2.00
2009.04.30 19:53:53.244,6.5575,6.5675,1.20,2.00
2009.04.30 19:53:59.632,6.5575,6.56745,1.20,1.60
2009.04.30 19:53:59.972,6.5575,6.567,1.20,2.00
2009.04.30 19:54:14.179,6.5571,6.5675,1.20,2.00
2009.04.30 19:54:16.248,6.5571,6.567,1.20,2.00
2009.04.30 19:54:16.588,6.5571,6.5675,1.20,2.00
2009.04.30 19:54:16.708,6.5571,6.567,1.20,2.00
2009.04.30 19:54:17.048,6.5571,6.5675,1.20,2.00
2009.04.30 19:54:17.878,6.5571,6.567,1.20,2.00
2009.04.30 19:54:18.098,6.5571,6.5675,1.20,2.00
2009.04.30 19:54:18.327,6.5571,6.567,1.20,2.00
2009.04.30 19:54:18.568,6.5571,6.5675,1.20,2.00
2009.04.30 19:54:19.367,6.5571,6.5667,1.20,1.60
2009.04.30 19:54:19.657,6.5568,6.5663,1.20,2.00
2009.04.30 19:54:20.467,6.5565,6.5661,1.20,2.00
2009.04.30 19:54:24.096,6.5563,6.5658,1.20,2.00
2009.04.30 19:54:28.175,6.55635,6.5658,1.60,2.00
2009.04.30 19:54:28.346,6.5568,6.5663,1.20,2.00
2009.04.30 19:54:39.803,6.5565,6.5661,1.20,2.00
2009.04.30 19:55:18.483,6.5563,6.5658,1.20,2.00
2009.04.30 19:55:20.932,6.5561,6.5661,1.20,2.00
2009.04.30 19:55:30.350,6.5561,6.5661,2.60,2.00
2009.04.30 19:55:30.470,6.5565,6.5661,1.20,2.00
2009.04.30 19:55:34.169,6.5563,6.5658,1.20,2.00
2009.04.30 19:55:47.876,6.5558,6.5653,1.20,2.00
2009.04.30 19:55:49.066,6.556,6.5656,1.20,2.00
2009.04.30 19:56:00.603,6.5563,6.5658,1.20,2.00
2009.04.30 19:56:31.355,6.5566,6.5672,1.20,2.00
2009.04.30 19:56:31.576,6.5571,6.5672,1.20,2.00
2009.04.30 19:56:31.806,6.5571,6.5672,1.60,2.00
2009.04.30 19:56:32.095,6.5575,6.5672,1.20,2.00
2009.04.30 19:56:32.415,6.5578,6.5673,1.20,2.00
2009.04.30 19:56:33.065,6.558,6.5675,1.20,2.00
2009.04.30 19:56:36.754,6.558,6.5652,1.20,1.60
2009.04.30 19:56:36.874,6.558,6.5619,1.20,2.00
2009.04.30 19:56:48.811,6.5578,6.5612,1.20,2.00
2009.04.30 19:57:01.778,6.5575,6.567,1.20,2.00
2009.04.30 19:57:02.838,6.5571,6.567,1.20,2.00
2009.04.30 19:57:09.946,6.5571,6.562,1.20,2.00
2009.04.30 19:57:22.873,6.5575,6.561,1.20,2.00
2009.04.30 19:57:24.782,6.5573,6.5608,1.20,2.00
2009.04.30 19:57:25.462,6.5573,6.5629,1.20,8.00
2009.04.30 19:57:25.852,6.5573,6.5627,1.20,8.00
2009.04.30 19:57:26.032,6.5573,6.5672,1.20,2.00
2009.04.30 19:57:31.931,6.5573,6.5668,1.20,2.00
2009.04.30 19:58:02.353,6.5575,6.567,1.20,2.00
2009.04.30 19:58:31.496,6.5575,6.567,1.20,2.00
2009.04.30 19:58:31.716,6.55785,6.5673,1.60,2.00
2009.04.30 19:58:32.296,6.5583,6.5678,1.20,2.00
2009.04.30 19:58:35.156,6.558,6.5675,1.20,2.00
2009.04.30 19:58:43.174,6.5583,6.5678,1.20,2.00
2009.04.30 19:58:43.573,6.558,6.5675,1.20,2.00
2009.04.30 19:58:44.493,6.5583,6.5678,1.20,2.00
2009.04.30 19:58:44.833,6.558,6.5675,1.20,2.00
2009.04.30 19:58:51.222,6.5581,6.56795,1.20,1.60
2009.04.30 19:58:51.572,6.5581,6.568,1.20,2.00
2009.04.30 19:58:52.391,6.5581,6.56795,1.20,1.60
2009.04.30 19:58:52.911,6.558,6.5675,1.20,2.00
2009.04.30 19:58:53.591,6.5578,6.5673,1.20,2.00
2009.04.30 19:58:56.250,6.558,6.5675,1.20,2.00
2009.04.30 19:58:56.890,6.5583,6.5678,1.20,2.00
2009.04.30 19:59:00.610,6.558,6.5675,1.20,2.00
2009.04.30 19:59:00.949,6.5583,6.5678,1.20,2.00
2009.04.30 19:59:01.649,6.5585,6.568,1.20,2.00
2009.04.30 19:59:02.970,6.5583,6.5678,1.20,2.00
2009.04.30 19:59:03.130,6.558,6.5675,1.20,2.00
2009.04.30 19:59:03.419,6.5583,6.5678,1.20,2.00
2009.04.30 19:59:04.778,6.5585,6.568,1.20,2.00
2009.04.30 19:59:15.446,6.5585,6.5685,1.20,2.00
2009.04.30 19:59:15.846,6.559,6.5697,1.20,2.40
2009.04.30 19:59:16.556,6.5585,6.5692,1.20,2.00
2009.04.30 19:59:16.905,6.5581,6.569,1.20,2.00
2009.04.30 19:59:17.176,6.558,6.569,1.20,2.00
2009.04.30 19:59:18.625,6.558,6.5687,1.20,1.60
2009.04.30 19:59:18.985,6.558,6.568,1.20,2.00
2009.04.30 19:59:19.895,6.5583,6.5678,1.20,2.00
2009.04.30 19:59:20.544,6.55885,6.5678,1.60,2.00
2009.04.30 19:59:20.885,6.5595,6.5697,1.20,2.40
2009.04.30 19:59:23.064,6.559,6.569,1.20,2.00
2009.04.30 19:59:23.404,6.559,6.5695,1.20,2.40
2009.04.30 19:59:24.724,6.5595,6.5695,1.20,2.40
2009.04.30 19:59:24.954,6.5595,6.569,1.20,2.00
2009.04.30 19:59:26.463,6.5591,6.5685,1.60,2.00
2009.04.30 19:59:26.823,6.559,6.5685,1.20,2.00
2009.04.30 19:59:33.691,6.559,6.569,1.20,2.00
2009.04.30 19:59:34.251,6.5595,6.569,1.20,2.00
2009.04.30 19:59:35.951,6.559,6.569,1.20,2.00
2009.04.30 19:59:37.661,6.5595,6.569,1.20,2.00
2009.04.30 19:59:45.339,6.5603,6.5677,1.20,1.00
2009.04.30 19:59:46.798,6.56,6.5699,1.20,2.40
2009.04.30 19:59:48.048,6.5603,6.5679,1.20,1.00
2009.04.30 19:59:49.677,6.5605,6.5675,1.20,1.00
2009.04.30 19:59:51.628,6.5601,6.5675,1.20,1.00
2009.04.30 19:59:52.307,6.5605,6.5675,1.20,1.00
