2010.05.18 21:00:00.084,6.354,6.3615,1.00,1.00
2010.05.18 21:00:00.702,6.3539,6.3636,1.00,1.00
2010.05.18 21:00:01.154,6.3555,6.3636,1.00,1.00
2010.05.18 21:00:01.371,6.355,6.3636,1.00,1.00
2010.05.18 21:00:01.810,6.3561,6.3632,1.00,1.00
2010.05.18 21:00:03.027,6.3565,6.3633,1.00,1.00
2010.05.18 21:00:03.292,6.3567,6.3632,1.00,1.00
2010.05.18 21:00:03.550,6.3568,6.3633,1.00,1.00
2010.05.18 21:00:06.334,6.3567,6.3632,1.00,1.00
2010.05.18 21:00:08.446,6.3543,6.3632,1.00,1.00
2010.05.18 21:00:09.143,6.3543,6.3619,1.00,1.00
2010.05.18 21:00:10.080,6.3547,6.3616,1.00,1.00
2010.05.18 21:00:11.066,6.3547,6.3613,1.00,1.00
2010.05.18 21:00:11.576,6.3547,6.3614,1.00,1.00
2010.05.18 21:00:11.680,6.3547,6.3614,1.00,1.00
2010.05.18 21:00:12.547,6.3548,6.3615,1.00,1.00
2010.05.18 21:00:14.091,6.3547,6.3613,1.00,1.00
2010.05.18 21:00:16.481,6.3547,6.3614,1.00,1.00
2010.05.18 21:00:18.270,6.3547,6.3613,1.00,1.00
2010.05.18 21:00:20.352,6.3547,6.3614,1.00,1.00
2010.05.18 21:00:21.591,6.3548,6.3615,1.00,1.00
2010.05.18 21:00:30.352,6.3546,6.3613,1.00,1.00
2010.05.18 21:00:30.520,6.3547,6.3614,1.00,1.00
2010.05.18 21:00:30.681,6.3547,6.3614,1.00,1.00
2010.05.18 21:00:31.854,6.3546,6.3613,1.00,1.00
2010.05.18 21:00:32.110,6.3546,6.3613,1.00,1.00
2010.05.18 21:00:32.959,6.3545,6.3612,1.00,1.00
2010.05.18 21:00:33.641,6.3548,6.3614,1.00,1.00
2010.05.18 21:00:33.864,6.355,6.3616,1.00,1.00
2010.05.18 21:00:34.080,6.3549,6.3615,1.00,1.00
2010.05.18 21:00:39.213,6.3552,6.3618,1.00,1.00
2010.05.18 21:00:40.150,6.3549,6.3615,1.00,1.00
2010.05.18 21:00:40.391,6.355,6.3616,1.00,1.00
2010.05.18 21:00:40.631,6.355,6.364,1.00,1.00
2010.05.18 21:00:42.000,6.3558,6.3636,1.00,1.00
2010.05.18 21:00:42.200,6.3564,6.3634,1.00,1.00
2010.05.18 21:00:42.681,6.3558,6.36345,1.00,1.60
2010.05.18 21:00:42.921,6.3536,6.3632,1.00,1.60
2010.05.18 21:00:44.400,6.354,6.3616,1.00,1.00
2010.05.18 21:00:44.680,6.354,6.3617,1.00,1.00
2010.05.18 21:00:45.241,6.3534,6.3612,1.00,1.00
2010.05.18 21:00:46.230,6.3534,6.3602,1.00,1.00
2010.05.18 21:00:46.980,6.3535,6.3603,1.00,1.00
2010.05.18 21:00:47.070,6.3532,6.3599,1.00,1.00
2010.05.18 21:00:47.160,6.3532,6.3598,1.00,1.00
2010.05.18 21:00:47.644,6.3537,6.3604,1.00,1.00
2010.05.18 21:00:47.981,6.3534,6.3609,1.00,1.00
2010.05.18 21:00:48.783,6.3532,6.36,1.00,1.00
2010.05.18 21:00:49.047,6.3536,6.3602,1.00,1.00
2010.05.18 21:00:49.560,6.3536,6.3606,1.00,1.00
2010.05.18 21:00:50.358,6.3536,6.3622,1.00,1.00
2010.05.18 21:00:50.652,6.3541,6.3619,1.00,1.00
2010.05.18 21:00:50.941,6.354,6.3618,1.00,1.00
2010.05.18 21:00:51.230,6.3538,6.3621,1.00,1.00
2010.05.18 21:00:51.979,6.3533,6.3619,1.00,1.00
2010.05.18 21:00:52.256,6.3535,6.3616,1.00,1.00
2010.05.18 21:00:52.494,6.3532,6.3618,1.00,1.00
2010.05.18 21:00:52.728,6.3538,6.3619,1.00,1.00
2010.05.18 21:00:53.188,6.3538,6.3614,1.00,1.00
2010.05.18 21:00:53.908,6.3538,6.3615,1.00,1.00
2010.05.18 21:00:55.360,6.3543,6.3609,1.00,1.00
2010.05.18 21:00:57.089,6.3547,6.3614,1.00,1.00
2010.05.18 21:00:57.734,6.3546,6.3612,1.00,1.00
2010.05.18 21:00:58.236,6.3547,6.3614,1.00,1.00
2010.05.18 21:00:58.800,6.3543,6.3609,1.00,1.00
2010.05.18 21:01:01.331,6.3546,6.3612,1.00,1.00
2010.05.18 21:01:03.849,6.3543,6.3611,1.00,1.00
2010.05.18 21:01:04.529,6.3541,6.361,1.00,1.00
2010.05.18 21:01:06.128,6.3541,6.3608,1.00,1.00
2010.05.18 21:01:07.009,6.3541,6.3607,1.00,1.00
2010.05.18 21:01:18.401,6.3544,6.361,1.00,1.00
2010.05.18 21:01:18.969,6.3541,6.3607,1.00,1.00
2010.05.18 21:01:20.863,6.3542,6.3608,1.00,1.00
2010.05.18 21:01:24.659,6.3544,6.3611,1.00,1.00
2010.05.18 21:01:32.568,6.3547,6.3613,1.00,1.00
2010.05.18 21:01:32.790,6.3547,6.3646,1.00,1.60
2010.05.18 21:01:33.009,6.3547,6.3655,1.00,1.00
2010.05.18 21:01:33.509,6.3555,6.3663,1.00,1.00
2010.05.18 21:01:34.058,6.3554,6.3658,1.00,1.00
2010.05.18 21:01:34.404,6.3568,6.3658,1.00,1.00
2010.05.18 21:01:34.922,6.3571,6.3658,1.00,1.00
2010.05.18 21:01:36.178,6.3574,6.3658,1.00,1.00
2010.05.18 21:01:39.006,6.3578,6.3673,1.00,1.00
2010.05.18 21:01:41.413,6.3569,6.3671,1.00,1.00
2010.05.18 21:01:41.553,6.3569,6.3662,1.00,1.60
2010.05.18 21:01:42.177,6.3569,6.36595,1.00,1.60
2010.05.18 21:01:43.159,6.3569,6.3643,1.00,1.00
2010.05.18 21:01:44.198,6.3569,6.3635,1.00,1.00
2010.05.18 21:01:45.188,6.3569,6.3633,1.00,1.00
2010.05.18 21:01:54.806,6.3556,6.3633,1.00,1.00
2010.05.18 21:02:03.470,6.3559,6.3626,1.00,1.00
2010.05.18 21:02:10.662,6.3564,6.3626,1.00,1.00
2010.05.18 21:02:11.109,6.357,6.3638,1.00,1.00
2010.05.18 21:02:15.209,6.3575,6.3663,1.00,2.40
2010.05.18 21:02:15.459,6.3575,6.3666,1.00,1.10
2010.05.18 21:02:16.271,6.3575,6.3659,1.00,2.40
2010.05.18 21:02:16.612,6.357,6.364,1.00,1.00
2010.05.18 21:02:17.027,6.3575,6.3646,1.00,1.00
2010.05.18 21:02:18.340,6.3562,6.3633,1.00,1.00
2010.05.18 21:02:19.081,6.3561,6.3645,1.00,1.00
2010.05.18 21:02:20.765,6.3564,6.3633,1.00,1.00
2010.05.18 21:02:20.945,6.3563,6.3645,1.00,1.00
2010.05.18 21:02:21.120,6.3563,6.3645,1.00,1.00
2010.05.18 21:02:24.712,6.3564,6.3633,1.00,1.00
2010.05.18 21:02:24.989,6.3563,6.3645,1.00,1.00
2010.05.18 21:02:25.269,6.3567,6.3635,1.00,1.00
2010.05.18 21:02:25.999,6.3565,6.3633,1.00,1.00
2010.05.18 21:02:26.229,6.3567,6.3635,1.00,1.00
2010.05.18 21:02:27.317,6.3576,6.3646,1.00,1.00
2010.05.18 21:02:28.186,6.3565,6.3635,1.00,1.00
2010.05.18 21:02:28.539,6.3565,6.3635,1.00,1.00
2010.05.18 21:02:28.880,6.3566,6.3645,1.00,1.00
2010.05.18 21:02:29.220,6.3567,6.3635,1.00,1.00
2010.05.18 21:02:32.134,6.3565,6.3631,1.00,1.00
2010.05.18 21:02:32.560,6.357,6.3636,1.00,1.00
2010.05.18 21:02:32.769,6.357,6.3636,1.00,1.00
2010.05.18 21:02:35.549,6.3567,6.3633,1.00,1.00
2010.05.18 21:02:56.224,6.3579,6.3649,1.00,1.00
2010.05.18 21:02:58.820,6.3578,6.3644,1.00,1.00
2010.05.18 21:02:59.762,6.3575,6.3641,1.00,1.00
2010.05.18 21:03:01.700,6.3568,6.3643,1.00,1.00
2010.05.18 21:03:01.922,6.3574,6.3643,1.00,1.00
2010.05.18 21:03:02.831,6.358,6.3646,1.00,1.00
2010.05.18 21:03:03.710,6.3575,6.3642,1.00,1.00
2010.05.18 21:03:06.001,6.3587,6.3657,1.00,1.00
2010.05.18 21:03:06.779,6.3583,6.3654,1.00,1.00
2010.05.18 21:03:11.515,6.358,6.3647,1.00,1.00
2010.05.18 21:03:12.930,6.3578,6.3653,1.00,1.00
2010.05.18 21:03:20.063,6.3578,6.3654,1.00,1.00
2010.05.18 21:03:25.383,6.3564,6.3653,1.00,1.00
2010.05.18 21:03:26.434,6.3566,6.3662,1.00,2.40
2010.05.18 21:03:26.613,6.3575,6.3662,1.60,2.40
2010.05.18 21:03:26.711,6.3579,6.3695,2.40,1.00
2010.05.18 21:03:28.166,6.3588,6.3691,1.00,1.00
2010.05.18 21:03:29.086,6.3593,6.3691,1.00,1.00
2010.05.18 21:03:30.078,6.3594,6.3691,1.00,1.00
2010.05.18 21:03:37.162,6.3577,6.3691,2.40,1.00
2010.05.18 21:03:37.300,6.3575,6.3675,1.10,2.40
2010.05.18 21:03:37.724,6.3574,6.3675,1.00,2.40
2010.05.18 21:03:39.033,6.3576,6.3662,1.00,1.00
2010.05.18 21:03:40.023,6.3576,6.3656,1.00,1.00
2010.05.18 21:03:41.090,6.3576,6.3652,1.00,1.00
2010.05.18 21:03:47.001,6.3578,6.3645,1.00,1.00
2010.05.18 21:04:06.145,6.3573,6.3639,1.00,1.00
2010.05.18 21:04:06.727,6.3578,6.3645,1.00,1.00
2010.05.18 21:04:07.367,6.3573,6.3639,1.00,1.00
2010.05.18 21:04:08.480,6.3573,6.3639,1.00,1.00
2010.05.18 21:04:08.865,6.3576,6.3642,1.00,1.00
2010.05.18 21:04:14.761,6.3573,6.364,1.00,1.00
2010.05.18 21:04:14.871,6.3571,6.3637,1.00,1.00
2010.05.18 21:04:14.972,6.3567,6.3634,1.00,1.00
2010.05.18 21:04:16.056,6.3571,6.3637,1.00,1.00
2010.05.18 21:04:16.405,6.357,6.3636,1.00,1.00
2010.05.18 21:04:16.744,6.3573,6.3665,1.00,1.00
2010.05.18 21:04:17.021,6.3571,6.3655,1.00,1.00
2010.05.18 21:04:20.933,6.3581,6.365,1.00,1.00
2010.05.18 21:04:21.324,6.3581,6.365,1.00,1.00
2010.05.18 21:04:21.511,6.358,6.3664,1.00,1.00
2010.05.18 21:04:26.807,6.3578,6.366,1.00,1.00
2010.05.18 21:04:27.034,6.3578,6.3647,1.00,1.00
2010.05.18 21:04:30.969,6.3572,6.3646,1.00,1.00
2010.05.18 21:04:31.043,6.3566,6.3646,1.00,1.00
2010.05.18 21:04:31.116,6.3566,6.3646,1.00,1.00
2010.05.18 21:04:31.434,6.3571,6.3646,1.00,1.00
2010.05.18 21:04:33.096,6.3579,6.3647,1.00,1.00
2010.05.18 21:04:33.514,6.3569,6.3646,1.00,1.00
2010.05.18 21:04:35.092,6.3573,6.369,2.40,1.00
2010.05.18 21:04:36.105,6.3583,6.3686,1.00,1.00
2010.05.18 21:04:37.073,6.3586,6.3686,1.00,1.00
2010.05.18 21:04:37.511,6.3589,6.3686,1.00,1.00
2010.05.18 21:04:39.162,6.3605,6.3695,1.00,1.00
2010.05.18 21:04:40.459,6.3611,6.3696,1.00,2.40
2010.05.18 21:04:41.907,6.3606,6.3694,1.00,1.00
2010.05.18 21:04:42.040,6.3611,6.3696,1.00,2.40
2010.05.18 21:04:44.888,6.3606,6.3694,1.00,1.00
2010.05.18 21:04:45.090,6.3611,6.3696,1.00,2.40
2010.05.18 21:04:47.772,6.3606,6.3694,1.00,1.00
2010.05.18 21:04:47.941,6.3611,6.3696,1.00,2.40
2010.05.18 21:04:48.505,6.3607,6.3695,1.00,1.00
2010.05.18 21:04:48.736,6.3611,6.3701,1.00,1.00
2010.05.18 21:04:48.960,6.3607,6.3695,1.00,1.00
2010.05.18 21:04:51.292,6.3611,6.3701,1.00,1.00
2010.05.18 21:04:51.444,6.3612,6.37,1.00,1.00
2010.05.18 21:04:51.591,6.3614,6.3702,1.00,1.00
2010.05.18 21:04:52.140,6.3612,6.37,1.00,1.00
2010.05.18 21:04:54.517,6.3612,6.37,1.00,1.00
2010.05.18 21:04:54.720,6.3617,6.3705,1.00,1.00
2010.05.18 21:04:55.867,6.3614,6.3702,1.00,1.00
2010.05.18 21:04:57.304,6.3616,6.3706,1.00,1.00
2010.05.18 21:04:57.610,6.3612,6.37,1.00,1.00
2010.05.18 21:04:59.412,6.3606,6.37,1.00,1.00
2010.05.18 21:04:59.701,6.3594,6.3687,1.00,2.40
2010.05.18 21:05:01.123,6.3596,6.3672,1.00,1.00
2010.05.18 21:05:01.611,6.3596,6.3672,1.00,1.00
2010.05.18 21:05:02.201,6.3598,6.3666,1.00,1.00
2010.05.18 21:05:02.750,6.3598,6.3662,1.00,1.00
2010.05.18 21:05:02.890,6.3582,6.3662,1.00,1.00
2010.05.18 21:05:04.075,6.3584,6.3659,1.00,1.00
2010.05.18 21:05:04.755,6.3585,6.3652,1.00,1.00
2010.05.18 21:05:05.661,6.3584,6.3659,1.00,1.00
2010.05.18 21:05:06.296,6.3579,6.3657,1.00,1.00
2010.05.18 21:05:06.633,6.3571,6.36515,1.00,1.00
2010.05.18 21:05:07.614,6.3579,6.3657,1.00,1.00
2010.05.18 21:05:07.843,6.3584,6.3659,1.00,1.00
2010.05.18 21:05:09.347,6.3584,6.36565,1.00,1.00
2010.05.18 21:05:09.503,6.3585,6.3652,1.00,1.00
2010.05.18 21:05:09.963,6.3584,6.3664,1.00,1.00
2010.05.18 21:05:12.993,6.3584,6.3659,1.00,1.00
2010.05.18 21:05:13.151,6.3584,6.3659,1.00,1.00
2010.05.18 21:05:13.811,6.3584,6.3659,1.00,1.00
2010.05.18 21:05:14.023,6.3584,6.3659,1.00,1.00
2010.05.18 21:05:15.713,6.3584,6.36565,1.00,1.00
2010.05.18 21:05:17.103,6.3585,6.3652,1.00,1.00
2010.05.18 21:05:47.832,6.3583,6.3649,1.00,1.00
2010.05.18 21:05:53.724,6.358,6.3646,1.00,1.00
2010.05.18 21:05:55.240,6.3584,6.3664,1.00,1.00
2010.05.18 21:05:59.479,6.3584,6.3659,1.00,1.00
2010.05.18 21:05:59.684,6.3584,6.3659,1.00,1.00
2010.05.18 21:06:09.842,6.3583,6.3651,1.00,1.00
2010.05.18 21:06:15.876,6.358,6.3646,1.00,1.00
2010.05.18 21:06:22.362,6.3575,6.3641,1.00,1.00
2010.05.18 21:06:23.693,6.358,6.3646,1.00,1.00
2010.05.18 21:06:24.661,6.3578,6.3644,1.00,1.00
2010.05.18 21:06:25.442,6.358,6.3646,1.00,1.00
2010.05.18 21:06:27.401,6.358,6.3646,1.00,1.00
2010.05.18 21:06:27.748,6.3585,6.3652,1.00,1.00
2010.05.18 21:06:33.980,6.358,6.3646,1.00,1.00
2010.05.18 21:06:34.942,6.3575,6.3641,1.00,1.00
2010.05.18 21:06:37.921,6.358,6.3646,1.00,1.00
2010.05.18 21:06:38.052,6.358,6.3646,1.00,1.00
2010.05.18 21:06:40.372,6.3584,6.36615,1.00,1.00
2010.05.18 21:06:40.562,6.3584,6.3664,1.00,1.00
2010.05.18 21:06:42.886,6.3584,6.3659,1.00,1.00
2010.05.18 21:06:43.104,6.3584,6.3659,1.00,1.00
2010.05.18 21:06:50.776,6.3586,6.3653,1.00,1.00
2010.05.18 21:06:51.043,6.3584,6.36565,1.00,1.00
2010.05.18 21:06:53.692,6.3586,6.3653,1.00,1.00
2010.05.18 21:06:55.422,6.3591,6.36565,1.00,1.00
2010.05.18 21:06:55.752,6.3586,6.3653,1.00,1.00
2010.05.18 21:06:57.855,6.3589,6.3655,1.00,1.00
2010.05.18 21:06:58.126,6.3591,6.3658,1.00,1.00
2010.05.18 21:07:00.815,6.3589,6.3655,1.00,1.00
2010.05.18 21:07:00.941,6.3591,6.3658,1.00,1.00
2010.05.18 21:07:02.491,6.3591,6.3657,1.00,1.00
2010.05.18 21:07:02.759,6.3589,6.3655,1.00,1.00
2010.05.18 21:07:03.023,6.3591,6.3658,1.00,1.00
2010.05.18 21:07:05.443,6.3594,6.366,1.00,1.00
2010.05.18 21:07:05.612,6.3594,6.366,1.00,1.00
2010.05.18 21:07:25.516,6.3597,6.3663,1.00,1.00
2010.05.18 21:07:28.041,6.3594,6.366,1.00,1.00
2010.05.18 21:07:28.381,6.3596,6.3662,1.00,1.00
2010.05.18 21:07:29.208,6.3599,6.3665,1.00,1.00
2010.05.18 21:07:32.764,6.3602,6.3668,1.00,1.00
2010.05.18 21:07:33.311,6.3599,6.3665,1.00,1.00
2010.05.18 21:07:33.592,6.3597,6.3663,1.00,1.00
2010.05.18 21:07:37.583,6.3602,6.3668,1.00,1.00
2010.05.18 21:07:37.860,6.3599,6.3665,1.00,1.00
2010.05.18 21:07:39.194,6.3596,6.3662,1.00,1.00
2010.05.18 21:07:40.114,6.3599,6.3665,1.00,1.00
2010.05.18 21:07:40.764,6.3596,6.3662,1.00,1.00
2010.05.18 21:07:40.971,6.3599,6.3665,1.00,1.00
2010.05.18 21:07:41.638,6.3596,6.3662,1.00,1.00
2010.05.18 21:07:41.953,6.3599,6.3665,1.00,1.00
2010.05.18 21:07:42.205,6.3595,6.3661,1.00,1.00
2010.05.18 21:07:42.701,6.3596,6.3662,1.00,1.00
2010.05.18 21:07:45.203,6.3599,6.3665,1.00,1.00
2010.05.18 21:07:45.370,6.3596,6.3662,1.00,1.00
2010.05.18 21:07:47.038,6.3601,6.3667,1.00,1.00
2010.05.18 21:07:48.300,6.36115,6.36795,1.00,1.00
2010.05.18 21:07:49.050,6.36115,6.3703,1.00,1.00
2010.05.18 21:07:51.461,6.3614,6.3699,1.00,1.00
2010.05.18 21:07:54.104,6.3621,6.3706,1.00,1.00
2010.05.18 21:07:54.975,6.3628,6.3712,1.00,1.00
2010.05.18 21:07:55.164,6.36265,6.3712,1.00,1.00
2010.05.18 21:07:56.322,6.3628,6.3712,1.00,1.00
2010.05.18 21:07:57.122,6.3627,6.3712,1.00,1.00
2010.05.18 21:07:57.533,6.3627,6.3713,1.00,1.00
2010.05.18 21:07:58.260,6.3613,6.3712,1.00,1.00
2010.05.18 21:07:58.544,6.36195,6.37075,1.00,1.00
2010.05.18 21:07:58.860,6.362,6.37075,1.00,1.00
2010.05.18 21:07:59.468,6.36215,6.37075,1.00,1.00
2010.05.18 21:08:00.687,6.3619,6.37045,1.00,1.00
2010.05.18 21:08:00.844,6.3622,6.37075,1.00,1.00
2010.05.18 21:08:02.725,6.3627,6.37125,1.00,1.00
2010.05.18 21:08:02.951,6.3627,6.37125,1.00,1.00
2010.05.18 21:08:03.624,6.3611,6.36885,1.00,1.00
2010.05.18 21:08:05.177,6.3614,6.36845,1.00,1.00
2010.05.18 21:08:05.451,6.3614,6.3682,1.00,1.00
2010.05.18 21:08:05.724,6.3611,6.3682,1.00,1.00
2010.05.18 21:08:06.282,6.3611,6.3678,1.00,1.00
2010.05.18 21:08:06.571,6.3611,6.3677,1.00,1.00
2010.05.18 21:08:07.329,6.3616,6.3682,1.00,1.00
2010.05.18 21:08:07.615,6.361,6.3679,1.00,1.00
2010.05.18 21:08:08.508,6.3616,6.3679,1.00,1.00
2010.05.18 21:08:09.468,6.36,6.3679,1.00,1.00
2010.05.18 21:08:10.942,6.3602,6.36765,1.00,1.00
2010.05.18 21:08:11.629,6.361,6.3677,1.00,1.00
2010.05.18 21:08:12.482,6.3611,6.3678,1.00,1.00
2010.05.18 21:08:13.364,6.3613,6.368,1.00,1.00
2010.05.18 21:08:15.562,6.3611,6.3678,1.00,1.00
2010.05.18 21:08:16.370,6.3611,6.3678,1.00,1.00
2010.05.18 21:08:16.559,6.3613,6.368,1.00,1.00
2010.05.18 21:08:17.234,6.3605,6.36815,1.00,1.00
2010.05.18 21:08:17.602,6.3608,6.3684,1.00,1.00
2010.05.18 21:08:17.943,6.361,6.3686,1.00,1.00
2010.05.18 21:08:18.758,6.3608,6.3684,1.00,1.00
2010.05.18 21:08:20.561,6.3608,6.3684,1.00,1.00
2010.05.18 21:08:20.840,6.3607,6.3684,1.00,1.00
2010.05.18 21:08:20.993,6.3607,6.3685,1.00,1.00
2010.05.18 21:08:21.281,6.361,6.36865,1.00,1.00
2010.05.18 21:08:27.733,6.3618,6.36945,1.00,1.00
2010.05.18 21:08:28.670,6.3615,6.3692,1.00,1.00
2010.05.18 21:08:29.171,6.3615,6.3692,1.00,1.00
2010.05.18 21:08:29.639,6.3615,6.3692,1.00,1.00
2010.05.18 21:08:30.520,6.3613,6.36895,1.00,1.00
2010.05.18 21:08:31.175,6.3614,6.36895,1.00,1.00
2010.05.18 21:08:31.584,6.3613,6.36895,1.00,1.00
2010.05.18 21:08:37.633,6.3613,6.3688,1.00,1.00
2010.05.18 21:08:37.978,6.3608,6.3684,1.00,1.00
2010.05.18 21:08:51.794,6.3608,6.3684,1.00,1.00
2010.05.18 21:08:51.973,6.3605,6.36815,1.00,1.00
2010.05.18 21:08:54.334,6.3605,6.3683,1.00,1.00
2010.05.18 21:08:54.673,6.36035,6.3684,1.00,1.00
2010.05.18 21:08:56.676,6.361,6.3684,1.00,1.00
2010.05.18 21:08:56.744,6.361,6.36865,1.00,1.00
2010.05.18 21:08:56.871,6.361,6.36865,1.00,1.00
2010.05.18 21:08:58.941,6.361,6.3688,1.00,1.00
2010.05.18 21:08:59.134,6.36065,6.3687,1.00,1.00
2010.05.18 21:08:59.514,6.36,6.36785,1.00,1.00
2010.05.18 21:08:59.703,6.36065,6.3689,1.00,1.00
2010.05.18 21:09:03.195,6.3609,6.36895,1.00,1.00
2010.05.18 21:09:04.246,6.3615,6.36895,1.00,1.00
2010.05.18 21:09:04.486,6.3615,6.3692,1.00,1.00
2010.05.18 21:09:04.982,6.3616,6.3692,1.00,1.00
2010.05.18 21:09:10.001,6.3615,6.3692,1.00,1.00
2010.05.18 21:09:11.565,6.3615,6.36895,1.00,1.00
2010.05.18 21:09:11.694,6.3615,6.36895,1.00,1.00
2010.05.18 21:09:11.821,6.3613,6.36895,1.00,1.00
2010.05.18 21:09:12.521,6.3613,6.36895,1.00,1.00
2010.05.18 21:09:29.986,6.3617,6.369,1.00,1.00
2010.05.18 21:09:30.153,6.3621,6.3697,1.00,1.00
2010.05.18 21:09:30.493,6.3615,6.3692,1.00,1.00
2010.05.18 21:09:31.647,6.3615,6.3692,1.00,1.00
2010.05.18 21:09:33.150,6.3613,6.36895,1.00,1.00
2010.05.18 21:09:34.034,6.3613,6.36865,1.00,1.00
2010.05.18 21:09:34.344,6.3611,6.36865,1.00,1.00
2010.05.18 21:09:43.578,6.36245,6.3688,1.00,1.00
2010.05.18 21:09:43.752,6.36245,6.36945,1.00,1.00
2010.05.18 21:09:44.097,6.36245,6.3714,1.00,1.00
2010.05.18 21:09:44.654,6.3621,6.37085,1.00,1.00
2010.05.18 21:09:46.054,6.36235,6.37095,1.00,1.00
2010.05.18 21:09:49.483,6.3632,6.37175,1.00,1.00
2010.05.18 21:09:49.625,6.3632,6.372,1.00,1.00
2010.05.18 21:09:53.525,6.3608,6.36925,1.00,1.00
2010.05.18 21:09:56.494,6.3612,6.36885,1.00,1.00
2010.05.18 21:09:56.591,6.3613,6.36885,1.00,1.00
2010.05.18 21:09:56.863,6.3615,6.3691,1.00,1.00
2010.05.18 21:09:57.910,6.3618,6.3691,1.00,1.00
2010.05.18 21:09:58.254,6.3613,6.36885,1.00,1.00
2010.05.18 21:10:00.892,6.3616,6.3691,1.00,1.00
2010.05.18 21:10:02.008,6.3616,6.3686,1.00,1.00
2010.05.18 21:10:02.252,6.3611,6.3686,1.00,1.00
2010.05.18 21:10:08.091,6.3611,6.36855,1.00,1.00
2010.05.18 21:10:10.223,6.3613,6.36885,1.00,1.00
2010.05.18 21:10:15.244,6.3611,6.36855,1.00,1.00
2010.05.18 21:10:16.488,6.361,6.36855,1.00,1.00
2010.05.18 21:10:16.838,6.361,6.36855,1.00,1.00
2010.05.18 21:10:17.827,6.3613,6.36885,1.00,1.00
2010.05.18 21:10:20.697,6.3613,6.369,1.00,1.00
2010.05.18 21:10:20.942,6.3615,6.3691,1.00,1.00
2010.05.18 21:10:21.191,6.3615,6.3691,1.00,1.00
2010.05.18 21:10:22.648,6.3615,6.3691,1.00,1.00
2010.05.18 21:10:23.351,6.3615,6.3691,1.00,1.00
2010.05.18 21:10:23.752,6.3615,6.3691,1.00,1.20
2010.05.18 21:10:23.953,6.361,6.3683,1.00,1.00
2010.05.18 21:10:24.942,6.361,6.3683,1.00,1.00
2010.05.18 21:10:25.244,6.3608,6.3683,1.00,1.00
2010.05.18 21:10:25.819,6.361,6.3683,1.00,1.00
2010.05.18 21:10:26.082,6.361,6.36855,1.00,1.00
2010.05.18 21:10:26.764,6.3608,6.3683,1.00,1.00
2010.05.18 21:10:33.484,6.3605,6.36805,1.00,1.00
2010.05.18 21:10:36.124,6.3605,6.3678,1.00,1.00
2010.05.18 21:10:36.302,6.3605,6.3678,1.00,1.00
2010.05.18 21:10:36.481,6.3603,6.3678,1.00,1.00
2010.05.18 21:10:40.825,6.3603,6.36755,1.00,1.00
2010.05.18 21:10:41.123,6.36,6.36755,1.00,1.00
2010.05.18 21:10:46.415,6.36,6.36755,1.00,1.00
2010.05.18 21:10:49.895,6.36,6.3677,1.00,1.00
2010.05.18 21:10:50.102,6.3603,6.3678,1.00,1.00
2010.05.18 21:10:55.314,6.3595,6.367,1.00,1.00
2010.05.18 21:10:55.654,6.3599,6.367,1.00,1.00
2010.05.18 21:10:56.189,6.3595,6.367,1.00,1.00
2010.05.18 21:10:56.667,6.3599,6.367,1.00,1.00
2010.05.18 21:10:58.404,6.3595,6.367,1.00,1.00
2010.05.18 21:10:59.118,6.3598,6.367,1.00,1.00
2010.05.18 21:10:59.633,6.3603,6.3678,1.00,1.00
2010.05.18 21:10:59.793,6.3603,6.3683,1.00,1.00
2010.05.18 21:10:59.953,6.359,6.36695,1.00,1.00
2010.05.18 21:11:00.112,6.3601,6.3685,1.00,1.00
2010.05.18 21:11:01.105,6.3598,6.36825,1.00,1.00
2010.05.18 21:11:01.637,6.3593,6.3673,1.00,1.00
2010.05.18 21:11:01.903,6.35925,6.3673,1.00,1.00
2010.05.18 21:11:03.028,6.3572,6.3656,1.00,1.00
2010.05.18 21:11:03.307,6.3588,6.3674,1.00,1.00
2010.05.18 21:11:05.621,6.3587,6.36675,1.00,1.00
2010.05.18 21:11:06.454,6.3587,6.3665,1.00,1.00
2010.05.18 21:11:07.122,6.3589,6.3665,1.00,1.00
2010.05.18 21:11:07.602,6.3589,6.3661,1.00,1.00
2010.05.18 21:11:07.844,6.3584,6.36595,1.00,1.00
2010.05.18 21:11:10.333,6.3584,6.36545,1.00,1.00
2010.05.18 21:11:10.674,6.3579,6.36545,1.00,1.00
2010.05.18 21:11:11.692,6.3579,6.36545,1.00,1.00
2010.05.18 21:11:15.004,6.3581,6.36545,1.00,1.00
2010.05.18 21:11:15.807,6.3581,6.3657,1.00,1.00
2010.05.18 21:11:16.161,6.3581,6.3649,1.00,1.00
2010.05.18 21:11:16.417,6.3574,6.3649,1.00,1.00
2010.05.18 21:11:16.925,6.3578,6.36545,1.00,1.00
2010.05.18 21:11:35.751,6.3583,6.3656,1.00,1.00
2010.05.18 21:11:35.994,6.3584,6.36595,1.00,1.00
2010.05.18 21:11:36.231,6.3584,6.36595,1.00,1.00
2010.05.18 21:11:39.201,6.3584,6.36595,1.00,1.00
2010.05.18 21:11:42.915,6.3584,6.36595,1.00,1.00
2010.05.18 21:11:47.861,6.3586,6.3661,1.00,1.00
2010.05.18 21:11:48.056,6.3589,6.3665,1.00,1.00
2010.05.18 21:11:48.242,6.3589,6.3665,1.00,1.20
2010.05.18 21:11:49.078,6.3577,6.36595,1.00,1.00
2010.05.18 21:11:51.242,6.35765,6.3657,1.00,1.00
2010.05.18 21:11:51.814,6.3572,6.3652,1.00,1.00
2010.05.18 21:11:52.143,6.3579,6.3652,1.00,1.00
2010.05.18 21:11:52.957,6.3579,6.36545,1.00,1.00
2010.05.18 21:11:56.907,6.3582,6.36575,1.00,1.00
2010.05.18 21:12:03.175,6.359,6.367,1.00,1.00
2010.05.18 21:12:04.741,6.36005,6.3669,1.00,1.00
2010.05.18 21:12:05.508,6.36005,6.3683,1.00,1.00
2010.05.18 21:12:05.748,6.36035,6.36855,1.00,1.00
2010.05.18 21:12:06.213,6.3598,6.36755,1.00,1.00
2010.05.18 21:12:06.544,6.3597,6.36755,1.00,1.00
2010.05.18 21:12:13.911,6.3598,6.3674,1.00,1.00
2010.05.18 21:12:14.167,6.3598,6.36785,1.00,1.00
2010.05.18 21:12:24.948,6.36,6.3676,1.00,1.00
2010.05.18 21:12:25.104,6.36,6.3676,1.00,1.00
2010.05.18 21:12:31.231,6.3599,6.3676,1.00,1.00
2010.05.18 21:12:37.773,6.3599,6.3676,1.00,1.00
2010.05.18 21:12:38.057,6.3598,6.3678,1.00,1.00
2010.05.18 21:12:38.337,6.36,6.36805,1.00,1.00
2010.05.18 21:12:40.622,6.3608,6.3683,1.00,1.00
2010.05.18 21:12:45.037,6.3607,6.3682,1.00,1.00
2010.05.18 21:12:45.212,6.3605,6.3681,1.00,1.00
2010.05.18 21:12:45.562,6.3608,6.3681,1.00,1.00
2010.05.18 21:12:45.743,6.3602,6.36785,1.00,1.00
2010.05.18 21:12:46.437,6.3605,6.36785,1.00,1.00
2010.05.18 21:12:48.992,6.3603,6.36785,1.00,1.00
2010.05.18 21:12:49.242,6.3603,6.36785,1.00,1.00
2010.05.18 21:12:50.924,6.3602,6.36785,1.00,1.00
2010.05.18 21:12:51.061,6.3602,6.3681,1.00,1.00
2010.05.18 21:12:51.204,6.3605,6.3681,1.00,1.00
2010.05.18 21:12:51.343,6.3605,6.36785,1.00,1.00
2010.05.18 21:12:51.486,6.3608,6.3681,1.00,1.00
2010.05.18 21:12:52.185,6.3605,6.368,1.00,1.00
2010.05.18 21:12:52.514,6.3605,6.36785,1.00,1.00
2010.05.18 21:12:52.844,6.3603,6.36785,1.00,1.00
2010.05.18 21:12:53.172,6.3602,6.36785,1.00,1.00
2010.05.18 21:12:56.106,6.3602,6.3681,1.00,1.00
2010.05.18 21:12:56.327,6.3605,6.36785,1.00,1.00
2010.05.18 21:12:57.033,6.3608,6.3681,1.00,1.00
2010.05.18 21:12:57.275,6.3605,6.368,1.00,1.00
2010.05.18 21:12:57.537,6.3608,6.36785,1.00,1.00
2010.05.18 21:12:57.808,6.36085,6.3691,1.00,1.00
2010.05.18 21:12:58.521,6.3606,6.36885,1.00,1.00
2010.05.18 21:12:58.829,6.36065,6.3687,1.00,1.00
2010.05.18 21:13:01.086,6.3609,6.36895,1.00,1.00
2010.05.18 21:13:01.212,6.3615,6.3692,1.00,1.00
2010.05.18 21:13:01.974,6.3615,6.3692,1.00,1.00
2010.05.18 21:13:11.223,6.3615,6.369,1.00,1.00
2010.05.18 21:13:11.363,6.36155,6.36805,1.00,1.00
2010.05.18 21:13:15.035,6.36125,6.3678,1.00,1.00
2010.05.18 21:13:17.383,6.361,6.3675,1.00,1.00
2010.05.18 21:13:17.473,6.361,6.3675,1.00,1.00
2010.05.18 21:13:18.585,6.36075,6.36725,1.00,1.00
2010.05.18 21:13:19.415,6.36025,6.36675,1.00,1.00
2010.05.18 21:13:29.066,6.35995,6.3665,1.00,1.00
2010.05.18 21:13:29.204,6.36,6.3665,1.00,1.00
2010.05.18 21:13:29.961,6.35945,6.36595,1.00,1.00
2010.05.18 21:13:38.574,6.3582,6.3651,1.70,1.00
2010.05.18 21:13:38.778,6.3582,6.3651,1.00,1.00
2010.05.18 21:13:38.983,6.35795,6.36485,1.00,1.00
2010.05.18 21:13:39.845,6.3598,6.36715,1.00,1.00
2010.05.18 21:13:42.489,6.3597,6.36675,1.00,1.00
2010.05.18 21:13:42.792,6.3597,6.3665,1.00,1.00
2010.05.18 21:13:42.946,6.3597,6.3665,1.00,1.00
2010.05.18 21:13:43.093,6.3594,6.3662,1.00,1.00
2010.05.18 21:13:46.246,6.3589,6.3657,1.00,1.00
2010.05.18 21:13:48.683,6.3589,6.3657,1.70,1.00
2010.05.18 21:13:48.892,6.359,6.3657,1.00,1.00
2010.05.18 21:13:49.248,6.35905,6.3657,1.00,1.00
2010.05.18 21:13:49.762,6.3592,6.3657,1.60,1.00
2010.05.18 21:13:50.026,6.35945,6.36595,1.00,1.00
2010.05.18 21:13:51.199,6.3592,6.3657,1.00,1.00
2010.05.18 21:13:55.324,6.3597,6.3662,1.00,1.00
2010.05.18 21:14:09.973,6.3594,6.36525,1.00,1.00
2010.05.18 21:14:10.164,6.35875,6.36525,1.00,1.00
2010.05.18 21:14:12.413,6.36075,6.36655,1.00,1.00
2010.05.18 21:14:12.478,6.36075,6.37015,1.00,1.00
2010.05.18 21:14:14.684,6.36035,6.36975,1.00,1.00
2010.05.18 21:14:14.814,6.36035,6.3632,1.00,2.40
2010.05.18 21:14:14.943,6.3496,6.3632,1.00,2.40
2010.05.18 21:14:16.225,6.3521,6.3622,1.00,2.40
2010.05.18 21:14:20.434,6.35195,6.3622,1.00,2.40
2010.05.18 21:14:29.703,6.3531,6.3622,1.00,2.40
2010.05.18 21:14:29.949,6.35375,6.3646,1.00,3.50
2010.05.18 21:14:30.189,6.35355,6.3646,1.80,3.50
2010.05.18 21:14:31.005,6.35395,6.3642,1.00,3.50
2010.05.18 21:14:31.280,6.35375,6.3642,1.00,3.50
2010.05.18 21:14:31.570,6.35375,6.3634,1.00,1.00
2010.05.18 21:14:31.847,6.353,6.3634,1.00,1.00
2010.05.18 21:14:32.116,6.35275,6.3634,1.00,1.00
2010.05.18 21:14:35.286,6.35295,6.3634,1.00,1.00
2010.05.18 21:14:36.157,6.3527,6.3634,1.00,1.00
2010.05.18 21:14:37.769,6.3527,6.3629,1.00,1.00
2010.05.18 21:14:37.960,6.35245,6.3629,1.00,1.00
2010.05.18 21:14:43.709,6.35235,6.3629,1.00,1.00
2010.05.18 21:14:48.463,6.35295,6.3634,1.00,1.00
2010.05.18 21:14:49.310,6.3526,6.3634,1.00,1.00
2010.05.18 21:14:49.576,6.35195,6.3631,1.60,1.00
2010.05.18 21:14:49.847,6.3518,6.36235,1.00,1.00
2010.05.18 21:14:52.234,6.352,6.36235,1.00,1.00
2010.05.18 21:14:54.177,6.352,6.36185,1.00,1.00
2010.05.18 21:14:54.819,6.3517,6.36185,2.40,1.00
2010.05.18 21:15:00.313,6.352,6.36235,1.00,1.00
2010.05.18 21:15:02.014,6.3517,6.36235,2.40,1.00
2010.05.18 21:15:02.358,6.3511,6.3615,1.00,1.00
2010.05.18 21:15:03.105,6.35145,6.3621,1.00,2.40
2010.05.18 21:15:06.506,6.3515,6.3619,1.00,2.40
2010.05.18 21:15:06.666,6.352,6.3619,1.00,2.40
2010.05.18 21:15:07.315,6.3518,6.3619,1.00,2.40
2010.05.18 21:15:07.655,6.352,6.3619,1.00,2.40
2010.05.18 21:15:07.997,6.3518,6.3619,1.00,2.40
2010.05.18 21:15:09.531,6.35245,6.3619,1.00,2.40
2010.05.18 21:15:12.704,6.3525,6.3619,1.00,2.40
2010.05.18 21:15:12.955,6.35235,6.3619,1.00,2.40
2010.05.18 21:15:13.745,6.3525,6.3619,1.00,2.40
2010.05.18 21:15:14.370,6.35235,6.3619,1.00,2.40
2010.05.18 21:15:15.174,6.3526,6.3619,1.00,2.40
2010.05.18 21:15:15.439,6.35275,6.3619,1.60,2.40
2010.05.18 21:15:15.705,6.353,6.3636,1.00,1.00
2010.05.18 21:15:19.822,6.3538,6.3634,4.00,1.00
2010.05.18 21:15:21.473,6.3554,6.3634,1.00,1.00
2010.05.18 21:15:21.690,6.356,6.3634,1.00,1.00
2010.05.18 21:15:22.758,6.3563,6.3634,1.00,1.00
2010.05.18 21:15:24.224,6.3567,6.3639,1.00,1.00
2010.05.18 21:15:24.787,6.3568,6.3639,1.00,1.00
2010.05.18 21:15:27.370,6.3566,6.3639,1.00,1.00
2010.05.18 21:15:30.704,6.3567,6.36445,1.00,1.00
2010.05.18 21:15:31.045,6.3568,6.36445,1.00,1.00
2010.05.18 21:15:34.459,6.357,6.36445,1.00,1.00
2010.05.18 21:15:34.553,6.357,6.36445,1.00,1.00
2010.05.18 21:15:36.193,6.3568,6.3639,1.00,1.00
2010.05.18 21:15:38.289,6.357,6.3639,1.00,1.00
2010.05.18 21:15:38.485,6.357,6.36445,1.00,1.00
2010.05.18 21:15:39.483,6.3568,6.36445,1.00,1.00
2010.05.18 21:15:41.410,6.3562,6.36445,1.00,1.00
2010.05.18 21:15:41.760,6.356,6.36445,1.00,1.00
2010.05.18 21:15:44.084,6.3563,6.3639,1.00,1.00
2010.05.18 21:15:49.836,6.3562,6.3634,1.00,1.00
2010.05.18 21:15:53.805,6.356,6.3634,1.00,1.00
2010.05.18 21:15:53.993,6.356,6.3634,1.00,1.00
2010.05.18 21:15:54.234,6.3557,6.3634,1.00,1.00
2010.05.18 21:15:55.374,6.3565,6.3634,1.00,1.00
2010.05.18 21:15:55.588,6.3569,6.36465,1.00,1.00
2010.05.18 21:15:57.510,6.3578,6.36445,1.00,1.00
2010.05.18 21:15:58.268,6.3578,6.36495,1.60,1.00
2010.05.18 21:15:58.452,6.3585,6.36495,1.00,1.00
2010.05.18 21:15:58.630,6.3586,6.36495,1.00,1.00
2010.05.18 21:15:58.954,6.3586,6.3662,1.00,1.00
2010.05.18 21:15:59.771,6.3581,6.3657,1.00,1.00
2010.05.18 21:16:00.315,6.358,6.3655,1.00,1.00
2010.05.18 21:16:00.595,6.3578,6.3655,1.00,1.00
2010.05.18 21:16:01.716,6.3576,6.36495,1.00,1.00
2010.05.18 21:16:02.057,6.3577,6.36495,1.00,1.00
2010.05.18 21:16:03.240,6.3584,6.3655,1.00,1.00
2010.05.18 21:16:05.953,6.3591,6.3655,1.00,1.00
2010.05.18 21:16:06.593,6.35935,6.366,1.00,1.00
2010.05.18 21:16:06.956,6.3596,6.366,1.00,1.00
2010.05.18 21:16:07.248,6.3596,6.36905,1.00,1.00
2010.05.18 21:16:07.996,6.3607,6.36905,1.00,1.00
2010.05.18 21:16:08.230,6.3597,6.368,1.00,1.00
2010.05.18 21:16:10.746,6.3599,6.3675,1.00,1.00
2010.05.18 21:16:10.896,6.3597,6.36705,1.00,1.00
2010.05.18 21:16:11.045,6.3598,6.36705,1.00,1.00
2010.05.18 21:16:12.358,6.3597,6.36705,1.00,1.00
2010.05.18 21:16:14.352,6.3596,6.36705,1.00,1.00
2010.05.18 21:16:14.612,6.3597,6.36705,1.00,1.00
2010.05.18 21:16:14.873,6.3596,6.36705,1.00,1.00
2010.05.18 21:16:15.394,6.3594,6.36705,1.00,1.00
2010.05.18 21:16:15.653,6.3594,6.36655,1.00,1.00
2010.05.18 21:16:17.743,6.35935,6.36655,1.00,1.00
2010.05.18 21:16:17.864,6.3591,6.366,1.00,1.00
2010.05.18 21:16:18.453,6.3589,6.366,1.00,1.00
2010.05.18 21:16:19.980,6.3586,6.366,1.00,1.00
2010.05.18 21:16:21.041,6.3583,6.3655,1.70,1.00
2010.05.18 21:16:23.384,6.3583,6.3655,1.00,1.00
2010.05.18 21:16:23.475,6.3581,6.3655,1.00,1.00
2010.05.18 21:16:27.084,6.3578,6.36495,1.70,1.00
2010.05.18 21:16:27.511,6.358,6.36495,1.00,1.00
2010.05.18 21:16:30.931,6.358,6.36495,1.00,1.00
2010.05.18 21:16:31.122,6.358,6.36495,1.00,1.00
2010.05.18 21:16:32.025,6.3578,6.36495,1.60,1.00
2010.05.18 21:16:32.215,6.3576,6.36495,1.00,1.00
2010.05.18 21:16:40.047,6.3577,6.36495,1.00,1.00
2010.05.18 21:16:40.285,6.3576,6.36495,1.00,1.00
2010.05.18 21:16:40.445,6.3577,6.36495,1.00,1.00
2010.05.18 21:16:41.884,6.3576,6.36495,1.00,1.00
2010.05.18 21:16:47.964,6.3577,6.36495,1.00,1.00
2010.05.18 21:16:48.787,6.3581,6.3655,1.00,1.00
2010.05.18 21:17:00.043,6.3583,6.3655,1.00,1.00
2010.05.18 21:17:13.055,6.3587,6.36675,1.00,1.00
2010.05.18 21:17:13.722,6.3591,6.36675,1.00,1.00
2010.05.18 21:17:16.098,6.359,6.366,1.00,1.00
2010.05.18 21:17:17.381,6.35885,6.366,1.00,1.00
2010.05.18 21:17:18.191,6.359,6.366,1.00,1.00
2010.05.18 21:17:19.156,6.35885,6.366,1.00,1.00
2010.05.18 21:17:19.528,6.359,6.366,1.00,1.00
2010.05.18 21:17:20.713,6.35885,6.366,1.00,1.00
2010.05.18 21:17:21.047,6.359,6.366,1.00,1.00
2010.05.18 21:17:22.872,6.35935,6.36655,1.00,1.00
2010.05.18 21:17:29.194,6.3588,6.36655,1.00,1.00
2010.05.18 21:17:32.776,6.359,6.36655,1.00,1.00
2010.05.18 21:17:32.843,6.3591,6.36655,1.00,1.00
2010.05.18 21:17:35.783,6.3591,6.366,1.00,1.00
2010.05.18 21:17:35.884,6.35885,6.366,1.00,1.00
2010.05.18 21:17:38.500,6.35935,6.36655,1.00,1.00
2010.05.18 21:17:46.684,6.3591,6.36655,1.00,1.00
2010.05.18 21:17:49.671,6.35885,6.366,1.00,1.00
2010.05.18 21:17:50.938,6.3589,6.366,1.00,1.00
2010.05.18 21:17:52.547,6.35885,6.366,1.00,1.00
2010.05.18 21:17:53.804,6.3594,6.36655,1.00,1.00
2010.05.18 21:17:54.823,6.35935,6.36655,1.00,1.00
2010.05.18 21:17:56.084,6.3591,6.36655,1.00,1.00
2010.05.18 21:17:59.294,6.35885,6.366,1.00,1.00
2010.05.18 21:18:01.699,6.3594,6.366,1.00,1.00
2010.05.18 21:18:01.778,6.3594,6.36655,1.00,1.00
2010.05.18 21:18:06.103,6.35935,6.36655,1.00,1.00
2010.05.18 21:18:09.134,6.3594,6.36655,1.00,1.00
2010.05.18 21:18:12.755,6.35985,6.36705,1.00,1.00
2010.05.18 21:18:12.816,6.3599,6.36705,1.00,1.00
2010.05.18 21:18:13.045,6.3599,6.36705,1.00,1.00
2010.05.18 21:18:13.384,6.3599,6.36705,1.00,1.00
2010.05.18 21:18:14.794,6.3599,6.36705,1.00,1.00
2010.05.18 21:18:15.573,6.3599,6.36705,1.00,1.00
2010.05.18 21:18:16.814,6.3599,6.36705,1.00,1.00
2010.05.18 21:18:17.144,6.3599,6.36705,1.00,1.00
2010.05.18 21:18:19.505,6.35985,6.36705,1.00,1.00
2010.05.18 21:18:19.674,6.3596,6.36705,1.00,1.00
2010.05.18 21:18:20.678,6.3597,6.36705,1.00,1.00
2010.05.18 21:18:20.973,6.3597,6.36705,1.00,1.00
2010.05.18 21:18:27.029,6.3595,6.36655,1.00,1.00
2010.05.18 21:18:27.356,6.35985,6.36655,1.00,1.00
2010.05.18 21:18:31.896,6.3599,6.36705,1.00,1.00
2010.05.18 21:18:34.897,6.3599,6.36705,1.00,1.00
2010.05.18 21:18:35.233,6.3599,6.36705,1.00,1.00
2010.05.18 21:18:39.281,6.3608,6.3683,1.00,1.00
2010.05.18 21:18:41.085,6.3607,6.3681,1.00,1.00
2010.05.18 21:18:41.733,6.3607,6.3681,1.00,1.00
2010.05.18 21:18:43.085,6.3607,6.3681,1.00,1.00
2010.05.18 21:18:43.232,6.3605,6.3676,1.00,1.00
2010.05.18 21:18:46.336,6.3604,6.3676,1.70,1.00
2010.05.18 21:18:47.497,6.3605,6.3676,1.00,1.00
2010.05.18 21:18:50.947,6.3604,6.3676,1.70,1.00
2010.05.18 21:18:56.686,6.3604,6.3676,1.60,1.00
2010.05.18 21:18:57.214,6.3604,6.3676,1.00,1.00
2010.05.18 21:18:57.435,6.3602,6.3676,1.00,1.00
2010.05.18 21:18:59.228,6.3599,6.36705,1.00,1.00
2010.05.18 21:19:12.893,6.35985,6.36705,1.00,1.00
2010.05.18 21:19:15.013,6.35985,6.36655,1.00,1.00
2010.05.18 21:19:19.688,6.3599,6.36705,1.00,1.00
2010.05.18 21:19:19.963,6.35985,6.36705,1.00,1.00
2010.05.18 21:19:46.567,6.3599,6.36705,1.00,1.00
2010.05.18 21:19:55.193,6.3603,6.36705,1.00,1.00
2010.05.18 21:19:55.285,6.3604,6.36705,1.00,1.00
2010.05.18 21:19:55.376,6.3604,6.3676,1.60,1.00
2010.05.18 21:19:59.132,6.3598,6.36705,1.00,1.00
2010.05.18 21:19:59.285,6.3598,6.3676,1.00,1.00
2010.05.18 21:19:59.435,6.36,6.3676,1.00,1.00
2010.05.18 21:20:00.864,6.3609,6.3681,1.60,1.00
2010.05.18 21:20:01.211,6.3609,6.3681,1.00,1.00
2010.05.18 21:20:01.434,6.3604,6.3681,1.00,1.00
2010.05.18 21:20:02.898,6.3591,6.3668,1.00,1.00
2010.05.18 21:20:10.898,6.3593,6.3666,1.00,1.60
2010.05.18 21:20:11.215,6.3593,6.36645,1.00,1.00
2010.05.18 21:20:11.586,6.3593,6.36625,1.00,1.00
2010.05.18 21:20:12.104,6.3593,6.366,1.00,1.00
2010.05.18 21:20:13.045,6.3593,6.3658,1.00,1.00
2010.05.18 21:20:15.798,6.35905,6.36555,1.00,1.00
2010.05.18 21:20:17.273,6.3592,6.3657,1.00,1.00
2010.05.18 21:20:24.446,6.35915,6.36565,1.00,1.00
2010.05.18 21:20:28.582,6.35915,6.3628,1.00,1.00
2010.05.18 21:20:28.694,6.3552,6.3628,1.00,1.00
2010.05.18 21:20:28.924,6.3552,6.3633,1.00,1.00
2010.05.18 21:20:29.483,6.35495,6.3625,1.00,1.00
2010.05.18 21:20:29.671,6.35495,6.3624,1.00,1.00
2010.05.18 21:20:30.024,6.3556,6.3624,1.00,1.00
2010.05.18 21:20:31.959,6.3556,6.36265,1.00,1.00
2010.05.18 21:20:33.540,6.3556,6.3624,1.00,1.00
2010.05.18 21:20:38.846,6.35585,6.36235,1.00,1.00
2010.05.18 21:20:39.162,6.3563,6.36185,1.00,1.00
2010.05.18 21:20:40.601,6.3556,6.3621,1.00,1.00
2010.05.18 21:20:48.705,6.3551,6.3616,1.00,1.00
2010.05.18 21:20:49.986,6.35535,6.36185,1.00,1.00
2010.05.18 21:20:51.044,6.3551,6.3616,1.00,1.00
2010.05.18 21:20:53.344,6.356,6.3616,1.00,1.00
2010.05.18 21:20:53.694,6.356,6.3634,1.00,1.00
2010.05.18 21:20:54.056,6.356,6.3642,1.00,1.00
2010.05.18 21:20:59.695,6.3558,6.36235,1.00,1.00
2010.05.18 21:21:00.014,6.35575,6.36235,1.00,1.00
2010.05.18 21:21:04.133,6.35495,6.36225,1.00,1.00
2010.05.18 21:21:08.803,6.3564,6.36265,1.00,1.00
2010.05.18 21:21:20.601,6.3566,6.36245,1.00,1.00
2010.05.18 21:21:21.026,6.3566,6.36215,1.00,1.00
2010.05.18 21:21:21.533,6.3566,6.362,1.00,1.00
2010.05.18 21:21:22.224,6.3566,6.3618,1.00,1.00
2010.05.18 21:21:23.031,6.3566,6.3616,1.00,1.00
2010.05.18 21:21:23.038,6.3566,6.3614,1.00,1.00
2010.05.18 21:21:23.547,6.3566,6.36115,1.00,1.00
2010.05.18 21:21:23.751,6.35605,6.36115,1.00,1.00
2010.05.18 21:21:23.975,6.35605,6.3609,1.00,1.00
2010.05.18 21:21:24.448,6.35605,6.36065,1.00,1.00
2010.05.18 21:21:25.447,6.35605,6.36035,1.00,1.00
2010.05.18 21:21:25.463,6.35605,6.3601,1.00,1.00
2010.05.18 21:21:26.596,6.35605,6.35955,1.00,1.00
2010.05.18 21:21:36.494,6.3547,6.3602,1.00,1.00
2010.05.18 21:21:43.751,6.3549,6.36015,1.00,1.00
2010.05.18 21:21:44.895,6.3549,6.35965,1.00,1.00
2010.05.18 21:21:45.170,6.35515,6.35935,1.00,1.00
2010.05.18 21:21:45.433,6.35515,6.3588,1.00,1.00
2010.05.18 21:21:45.973,6.35515,6.35825,1.00,1.00
2010.05.18 21:21:46.314,6.35515,6.3577,1.00,1.00
2010.05.18 21:21:47.303,6.3549,6.3574,1.00,1.00
2010.05.18 21:21:49.301,6.3557,6.36475,1.00,1.00
2010.05.18 21:21:59.558,6.356,6.364,1.00,1.00
2010.05.18 21:22:06.854,6.35605,6.3641,1.00,1.00
2010.05.18 21:22:12.737,6.3558,6.3638,1.00,1.00
2010.05.18 21:22:20.506,6.35605,6.3641,1.00,1.00
2010.05.18 21:22:23.922,6.3563,6.36435,1.00,1.00
2010.05.18 21:22:34.160,6.3568,6.36435,1.00,1.00
2010.05.18 21:22:34.351,6.3571,6.3651,1.00,1.00
2010.05.18 21:22:36.757,6.3559,6.3651,1.00,1.00
2010.05.18 21:22:42.286,6.3561,6.36435,1.00,1.00
2010.05.18 21:22:42.445,6.3555,6.36355,1.00,1.00
2010.05.18 21:22:45.314,6.3558,6.36365,1.00,1.00
2010.05.18 21:22:45.950,6.3561,6.3653,1.00,1.00
2010.05.18 21:22:46.297,6.3561,6.3643,1.00,1.00
2010.05.18 21:22:46.636,6.35605,6.3643,1.00,1.00
2010.05.18 21:22:47.934,6.3561,6.3653,1.00,1.00
2010.05.18 21:22:51.864,6.3561,6.3643,1.00,1.00
2010.05.18 21:22:52.024,6.35605,6.3643,1.00,1.00
2010.05.18 21:22:52.637,6.35555,6.3653,1.00,1.00
2010.05.18 21:22:55.048,6.3555,6.36375,1.00,1.00
2010.05.18 21:22:55.763,6.35635,6.36385,1.00,1.00
2010.05.18 21:22:56.089,6.3556,6.36365,1.00,1.00
2010.05.18 21:22:57.055,6.3559,6.36365,1.00,1.00
2010.05.18 21:22:57.235,6.3563,6.36365,1.00,1.00
2010.05.18 21:22:57.888,6.3563,6.36435,1.00,1.00
2010.05.18 21:23:14.456,6.35605,6.3641,1.00,1.00
2010.05.18 21:23:24.397,6.3558,6.36355,1.00,1.00
2010.05.18 21:23:24.780,6.3555,6.36355,1.00,1.00
2010.05.18 21:23:27.434,6.3558,6.36365,1.00,1.00
2010.05.18 21:23:27.574,6.3558,6.3638,1.00,1.00
2010.05.18 21:23:29.554,6.3557,6.36355,1.00,1.00
2010.05.18 21:23:29.695,6.3555,6.36355,1.00,1.00
2010.05.18 21:23:47.848,6.35605,6.36365,1.00,1.00
2010.05.18 21:23:50.144,6.3562,6.36365,1.00,1.00
2010.05.18 21:23:52.023,6.3564,6.3642,1.00,1.00
2010.05.18 21:23:54.794,6.3565,6.3642,1.00,1.00
2010.05.18 21:24:03.265,6.3562,6.36365,1.00,1.00
2010.05.18 21:24:03.515,6.3563,6.36365,1.00,1.00
2010.05.18 21:24:04.118,6.3562,6.36365,1.00,1.00
2010.05.18 21:24:06.459,6.3563,6.36365,1.00,1.00
2010.05.18 21:24:06.584,6.3563,6.36365,1.00,1.00
2010.05.18 21:24:07.154,6.3564,6.3642,1.00,1.00
2010.05.18 21:24:11.556,6.3565,6.3642,1.00,1.00
2010.05.18 21:24:16.777,6.3565,6.36365,1.00,1.00
2010.05.18 21:24:17.005,6.3562,6.36365,1.00,1.00
2010.05.18 21:24:19.539,6.3565,6.3642,1.00,1.00
2010.05.18 21:24:20.775,6.3566,6.3642,1.00,1.00
2010.05.18 21:24:21.421,6.3566,6.3642,1.60,1.00
2010.05.18 21:24:25.449,6.3565,6.3642,1.00,1.00
2010.05.18 21:24:27.402,6.3564,6.3642,1.00,1.00
2010.05.18 21:24:39.800,6.3564,6.3642,1.00,1.00
2010.05.18 21:24:39.895,6.3566,6.3642,1.00,1.00
2010.05.18 21:24:40.456,6.3566,6.3642,1.60,1.00
2010.05.18 21:24:43.261,6.357,6.3642,1.00,1.00
2010.05.18 21:24:43.469,6.3571,6.3647,1.60,1.00
2010.05.18 21:24:44.354,6.3571,6.3647,1.00,1.00
2010.05.18 21:24:45.032,6.3567,6.3645,1.00,1.00
2010.05.18 21:24:45.197,6.3567,6.36395,1.00,1.00
2010.05.18 21:24:45.368,6.3562,6.36365,1.00,1.00
2010.05.18 21:24:48.694,6.35645,6.36365,1.00,1.00
2010.05.18 21:24:48.817,6.3565,6.3645,1.00,1.00
2010.05.18 21:24:49.485,6.3567,6.3645,1.00,1.00
2010.05.18 21:24:49.907,6.3568,6.3645,1.00,1.00
2010.05.18 21:24:50.119,6.3568,6.3647,1.00,1.00
2010.05.18 21:24:51.135,6.3567,6.3645,1.00,1.00
2010.05.18 21:24:51.478,6.3569,6.3647,1.00,1.00
2010.05.18 21:24:53.529,6.3575,6.3647,1.00,1.00
2010.05.18 21:24:53.655,6.3577,6.3647,1.00,1.00
2010.05.18 21:24:53.780,6.3577,6.36525,1.00,1.00
2010.05.18 21:24:54.499,6.35765,6.36525,1.00,1.00
2010.05.18 21:25:16.548,6.358,6.36525,1.00,1.00
2010.05.18 21:25:16.784,6.358,6.36525,1.60,1.00
2010.05.18 21:25:17.026,6.35815,6.36575,1.00,1.00
2010.05.18 21:25:20.387,6.35765,6.36525,1.00,1.00
2010.05.18 21:25:21.230,6.35775,6.36525,1.00,1.00
2010.05.18 21:25:21.477,6.35775,6.36575,1.00,1.00
2010.05.18 21:25:23.835,6.3577,6.36555,1.00,1.00
2010.05.18 21:25:24.546,6.35765,6.36525,1.00,1.00
2010.05.18 21:25:25.665,6.35795,6.36525,1.00,1.00
2010.05.18 21:25:26.416,6.3588,6.367,1.00,1.00
2010.05.18 21:25:26.491,6.35855,6.3668,1.00,1.00
2010.05.18 21:25:28.265,6.3588,6.3668,1.60,1.00
2010.05.18 21:25:28.906,6.3588,6.36685,1.60,1.00
2010.05.18 21:25:28.997,6.3592,6.36725,1.00,1.00
2010.05.18 21:25:34.795,6.3588,6.3652,1.00,1.00
2010.05.18 21:25:34.974,6.35865,6.3652,1.00,1.00
2010.05.18 21:25:38.153,6.35865,6.3648,1.00,1.00
2010.05.18 21:25:38.534,6.35865,6.3647,1.00,1.00
2010.05.18 21:25:40.225,6.35745,6.36425,1.00,1.00
2010.05.18 21:25:43.450,6.35765,6.36405,1.00,1.00
2010.05.18 21:25:43.792,6.35765,6.3636,1.00,1.00
2010.05.18 21:25:44.333,6.35765,6.36315,1.00,1.00
2010.05.18 21:25:45.414,6.35845,6.36235,1.00,1.00
2010.05.18 21:25:50.254,6.35865,6.36165,1.00,1.00
2010.05.18 21:26:10.984,6.3562,6.36165,1.00,1.00
2010.05.18 21:26:15.899,6.3567,6.36215,1.00,1.00
2010.05.18 21:26:16.449,6.3567,6.36215,1.00,1.00
2010.05.18 21:26:18.472,6.3567,6.36215,1.70,1.00
2010.05.18 21:26:18.731,6.35675,6.36215,1.00,1.00
2010.05.18 21:26:19.127,6.35685,6.36215,1.00,1.00
2010.05.18 21:26:19.905,6.3569,6.36215,1.00,1.00
2010.05.18 21:26:20.400,6.357,6.36215,1.00,1.00
2010.05.18 21:26:20.923,6.3571,6.36215,1.00,1.00
2010.05.18 21:26:21.443,6.3572,6.36215,1.00,1.00
2010.05.18 21:26:21.827,6.35735,6.36215,1.00,1.00
2010.05.18 21:26:22.373,6.35745,6.36215,1.00,1.00
2010.05.18 21:26:22.617,6.3576,6.36215,1.00,1.00
2010.05.18 21:26:23.766,6.35775,6.36215,1.00,1.00
2010.05.18 21:26:24.014,6.3579,6.36215,1.00,1.00
2010.05.18 21:26:24.264,6.3581,6.36215,1.00,1.00
2010.05.18 21:26:24.889,6.35825,6.36215,1.00,1.00
2010.05.18 21:26:25.288,6.35845,6.36215,1.00,1.00
2010.05.18 21:26:26.103,6.35865,6.36215,1.00,1.00
2010.05.18 21:26:30.766,6.35865,6.3627,1.00,1.00
2010.05.18 21:26:44.418,6.35955,6.36445,1.00,1.00
2010.05.18 21:27:09.580,6.36055,6.36425,1.00,1.00
2010.05.18 21:27:17.444,6.3613,6.36425,1.00,1.00
2010.05.18 21:27:17.636,6.36075,6.3655,1.00,1.00
2010.05.18 21:27:19.546,6.36215,6.36585,1.00,1.00
2010.05.18 21:27:19.885,6.36055,6.36585,1.00,1.00
2010.05.18 21:27:22.297,6.36075,6.36635,1.00,1.00
2010.05.18 21:27:23.408,6.36075,6.3655,1.00,1.00
2010.05.18 21:27:30.338,6.36075,6.3648,1.00,1.00
2010.05.18 21:27:34.615,6.36075,6.36655,1.00,1.00
2010.05.18 21:27:34.833,6.3613,6.36655,1.00,1.00
2010.05.18 21:27:35.052,6.36075,6.36655,1.00,1.00
2010.05.18 21:27:40.183,6.36075,6.366,1.00,1.00
2010.05.18 21:27:40.515,6.35995,6.366,1.00,1.00
2010.05.18 21:27:42.050,6.36045,6.3663,1.00,1.60
2010.05.18 21:27:42.414,6.36045,6.36625,1.00,1.00
2010.05.18 21:27:42.778,6.36045,6.3662,1.00,1.00
2010.05.18 21:27:43.484,6.36045,6.3661,1.00,1.00
2010.05.18 21:27:44.424,6.36045,6.36605,1.00,1.00
2010.05.18 21:27:44.560,6.36045,6.36595,1.00,1.00
2010.05.18 21:27:45.147,6.36045,6.36585,1.00,1.00
2010.05.18 21:27:45.418,6.36045,6.36575,1.00,1.00
2010.05.18 21:27:46.306,6.36045,6.3656,1.00,1.00
2010.05.18 21:27:46.644,6.36045,6.36545,1.00,1.00
2010.05.18 21:27:47.349,6.35995,6.3653,1.00,1.00
2010.05.18 21:27:47.504,6.35995,6.36515,1.00,1.00
2010.05.18 21:27:47.890,6.35995,6.36495,1.00,1.00
2010.05.18 21:27:48.484,6.35995,6.36475,1.00,1.00
2010.05.18 21:27:49.482,6.35995,6.36435,1.00,1.00
2010.05.18 21:27:50.114,6.36045,6.36365,1.00,1.00
2010.05.18 21:27:50.409,6.36045,6.36335,1.00,1.00
2010.05.18 21:27:51.908,6.36045,6.36625,1.00,1.00
2010.05.18 21:27:53.957,6.36045,6.36635,1.00,1.00
2010.05.18 21:27:55.599,6.36185,6.36635,1.00,1.00
2010.05.18 21:27:57.102,6.36025,6.36635,1.00,1.00
2010.05.18 21:28:01.336,6.36185,6.36635,1.00,1.00
2010.05.18 21:28:03.965,6.36205,6.3669,1.00,1.00
2010.05.18 21:28:05.736,6.3629,6.3681,1.00,1.00
2010.05.18 21:28:19.127,6.3631,6.36845,1.00,1.00
2010.05.18 21:28:22.942,6.3619,6.36845,1.00,1.00
2010.05.18 21:28:23.257,6.36185,6.36845,1.00,1.00
2010.05.18 21:28:24.020,6.36165,6.3675,1.00,1.00
2010.05.18 21:28:24.349,6.36205,6.36845,1.00,1.00
2010.05.18 21:28:25.036,6.36205,6.3679,1.00,1.00
2010.05.18 21:28:26.130,6.36205,6.3671,1.00,1.00
2010.05.18 21:28:26.616,6.36205,6.3676,1.00,1.00
2010.05.18 21:28:26.857,6.36205,6.3671,1.00,1.00
2010.05.18 21:28:27.738,6.36265,6.3681,1.00,1.00
2010.05.18 21:28:28.081,6.36145,6.3681,1.00,1.00
2010.05.18 21:28:29.658,6.36165,6.36655,1.00,1.00
2010.05.18 21:28:32.015,6.36165,6.3669,1.00,1.00
2010.05.18 21:28:32.267,6.36165,6.3674,1.00,1.00
2010.05.18 21:28:33.704,6.3611,6.36605,1.00,1.00
2010.05.18 21:28:35.339,6.3611,6.36585,1.60,1.00
2010.05.18 21:28:35.681,6.3611,6.3671,1.00,1.00
2010.05.18 21:28:39.169,6.3611,6.36635,1.00,1.00
2010.05.18 21:28:48.863,6.36195,6.3669,1.00,1.00
2010.05.18 21:28:51.800,6.3609,6.3669,1.00,1.00
2010.05.18 21:28:52.227,6.36145,6.3669,1.00,1.00
2010.05.18 21:28:55.502,6.36245,6.3674,1.00,1.00
2010.05.18 21:28:56.525,6.36145,6.3674,1.00,1.00
2010.05.18 21:29:00.398,6.36165,6.3669,1.00,1.00
2010.05.18 21:29:02.132,6.36165,6.3674,1.00,1.00
2010.05.18 21:29:02.626,6.36165,6.3669,1.00,1.00
2010.05.18 21:29:04.639,6.36165,6.36635,1.00,1.00
2010.05.18 21:29:05.440,6.36245,6.3676,1.00,1.00
2010.05.18 21:29:09.301,6.3632,6.3679,1.00,1.00
2010.05.18 21:29:09.493,6.36145,6.3671,1.00,1.00
2010.05.18 21:29:16.055,6.36245,6.3674,1.00,1.00
2010.05.18 21:29:17.840,6.36265,6.3679,1.00,1.00
2010.05.18 21:29:24.096,6.3635,6.36845,1.00,1.00
2010.05.18 21:29:26.354,6.36245,6.36845,1.00,1.00
2010.05.18 21:29:26.507,6.36245,6.3679,1.00,1.00
2010.05.18 21:29:27.809,6.36265,6.36845,1.00,1.00
2010.05.18 21:29:29.135,6.36265,6.3679,1.00,1.00
2010.05.18 21:29:29.486,6.36265,6.36845,1.00,1.00
2010.05.18 21:29:29.829,6.36265,6.3679,1.00,1.00
2010.05.18 21:29:39.701,6.3635,6.36845,1.00,1.00
2010.05.18 21:29:40.913,6.36245,6.36845,1.00,1.00
2010.05.18 21:29:41.263,6.36245,6.36915,1.00,1.00
2010.05.18 21:29:42.696,6.36265,6.3695,1.00,1.00
2010.05.18 21:29:47.486,6.36265,6.36865,1.00,1.00
2010.05.18 21:29:49.547,6.36265,6.3679,1.00,1.00
2010.05.18 21:29:52.612,6.3635,6.3697,1.00,1.00
2010.05.18 21:29:53.328,6.36245,6.3697,1.00,1.00
2010.05.18 21:29:53.629,6.35995,6.36935,1.00,1.00
2010.05.18 21:29:54.431,6.362,6.3695,1.00,1.00
2010.05.18 21:29:54.740,6.3624,6.3695,1.00,1.00
2010.05.18 21:29:55.049,6.362,6.3695,1.00,1.00
2010.05.18 21:29:56.819,6.364,6.37045,1.00,1.00
2010.05.18 21:29:56.976,6.364,6.37055,1.00,1.00
2010.05.18 21:29:58.089,6.3645,6.37055,1.00,1.00
2010.05.18 21:29:58.392,6.3642,6.37055,1.00,1.00
2010.05.18 21:29:58.688,6.364,6.37,1.00,1.00
2010.05.18 21:29:59.809,6.3642,6.37055,1.00,1.00
2010.05.18 21:30:00.758,6.3639,6.37055,1.00,1.00
2010.05.18 21:30:01.571,6.3637,6.37,1.00,1.00
2010.05.18 21:30:01.867,6.3635,6.37,1.00,1.00
2010.05.18 21:30:02.167,6.3632,6.3695,1.00,1.00
2010.05.18 21:30:03.200,6.3631,6.3695,1.00,1.00
2010.05.18 21:30:03.553,6.36345,6.3695,1.00,1.00
2010.05.18 21:30:04.116,6.3637,6.3695,1.00,1.00
2010.05.18 21:30:05.247,6.36425,6.3695,1.00,1.00
2010.05.18 21:30:05.875,6.3637,6.36895,1.00,1.00
2010.05.18 21:30:07.957,6.3632,6.36895,1.00,1.00
2010.05.18 21:30:08.166,6.3632,6.36845,1.00,1.00
2010.05.18 21:30:10.766,6.3632,6.3679,1.00,1.00
2010.05.18 21:30:14.793,6.3632,6.3674,1.00,1.00
2010.05.18 21:30:16.965,6.35965,6.3674,1.00,1.00
2010.05.18 21:30:20.750,6.36005,6.3669,1.00,1.00
2010.05.18 21:30:20.911,6.36005,6.36605,1.00,1.00
2010.05.18 21:30:21.556,6.3609,6.36605,1.00,1.00
2010.05.18 21:30:22.306,6.35985,6.36585,1.00,1.00
2010.05.18 21:30:24.167,6.36005,6.36715,1.00,1.00
2010.05.18 21:30:26.998,6.36005,6.3674,1.00,1.00
2010.05.18 21:30:27.645,6.36005,6.3674,1.00,1.60
2010.05.18 21:30:27.978,6.36005,6.3669,1.00,1.00
2010.05.18 21:30:28.832,6.3609,6.3669,1.00,1.00
2010.05.18 21:30:31.881,6.3602,6.3669,1.00,1.00
2010.05.18 21:30:32.045,6.36005,6.3669,1.00,1.00
2010.05.18 21:30:32.747,6.3608,6.3669,1.00,1.00
2010.05.18 21:30:36.251,6.36005,6.3669,1.00,1.00
2010.05.18 21:30:38.106,6.36035,6.36975,1.00,1.00
2010.05.18 21:30:39.017,6.36005,6.36745,1.00,1.00
2010.05.18 21:30:42.463,6.36145,6.3688,1.00,1.00
2010.05.18 21:30:42.576,6.36145,6.36855,1.00,1.00
2010.05.18 21:30:45.699,6.36165,6.3684,1.00,1.00
2010.05.18 21:30:46.303,6.36165,6.3697,1.00,1.00
2010.05.18 21:30:47.732,6.36165,6.36855,1.00,1.00
2010.05.18 21:30:48.477,6.3611,6.3683,1.00,1.00
2010.05.18 21:30:50.119,6.36135,6.3682,1.00,1.00
2010.05.18 21:30:50.310,6.3616,6.3696,1.00,1.00
2010.05.18 21:30:50.409,6.36245,6.3696,1.00,1.00
2010.05.18 21:30:51.576,6.36265,6.36935,1.00,1.00
2010.05.18 21:30:51.917,6.36145,6.3695,1.00,1.00
2010.05.18 21:30:54.976,6.36165,6.36915,1.00,1.00
2010.05.18 21:30:55.176,6.36165,6.36845,1.00,1.00
2010.05.18 21:31:02.795,6.36165,6.3679,1.00,1.00
2010.05.18 21:31:03.800,6.3611,6.3679,1.00,1.00
2010.05.18 21:31:04.154,6.35985,6.3679,1.60,1.00
2010.05.18 21:31:04.610,6.36015,6.3679,1.00,1.00
2010.05.18 21:31:04.765,6.3604,6.3727,1.60,1.00
2010.05.18 21:31:08.715,6.3606,6.37205,1.60,1.00
2010.05.18 21:31:08.839,6.36035,6.37125,1.00,1.00
2010.05.18 21:31:11.561,6.36035,6.3707,1.00,1.00
2010.05.18 21:31:23.858,6.35875,6.3707,1.60,1.00
2010.05.18 21:31:24.030,6.3585,6.3707,4.00,1.00
2010.05.18 21:31:27.105,6.36015,6.3707,1.00,1.00
2010.05.18 21:31:28.210,6.36045,6.36925,1.00,1.00
2010.05.18 21:31:28.761,6.36035,6.3703,1.00,1.00
2010.05.18 21:31:29.491,6.36035,6.3709,1.00,1.00
2010.05.18 21:31:30.178,6.359,6.3707,1.60,1.00
2010.05.18 21:31:31.035,6.3611,6.3701,1.00,1.00
2010.05.18 21:31:34.469,6.361,6.36795,1.00,1.00
2010.05.18 21:31:34.814,6.3607,6.36795,1.00,1.00
2010.05.18 21:31:34.994,6.3598,6.36795,1.00,1.00
2010.05.18 21:31:36.590,6.35995,6.36755,1.00,1.00
2010.05.18 21:31:36.727,6.36025,6.36755,1.00,1.00
2010.05.18 21:31:37.075,6.36025,6.36705,1.00,1.00
2010.05.18 21:31:37.345,6.36055,6.36705,1.00,1.00
2010.05.18 21:31:40.722,6.36055,6.3669,1.00,1.00
2010.05.18 21:31:40.914,6.36005,6.36675,1.00,1.00
2010.05.18 21:31:41.756,6.36005,6.36705,1.00,1.00
2010.05.18 21:31:43.772,6.36005,6.3668,1.00,1.00
2010.05.18 21:31:44.041,6.36005,6.3663,1.00,1.00
2010.05.18 21:31:44.638,6.36005,6.36585,1.00,1.00
2010.05.18 21:31:45.738,6.35755,6.36445,1.00,1.00
2010.05.18 21:31:50.815,6.35845,6.36425,1.00,1.00
2010.05.18 21:31:51.004,6.3592,6.3655,1.00,1.00
2010.05.18 21:31:51.173,6.3607,6.3671,1.00,1.00
2010.05.18 21:31:51.341,6.36015,6.3693,1.00,2.40
2010.05.18 21:31:52.010,6.36015,6.36975,1.00,1.00
2010.05.18 21:31:54.270,6.3595,6.36775,1.00,1.00
2010.05.18 21:31:55.146,6.3588,6.36695,1.00,1.00
2010.05.18 21:31:56.007,6.35795,6.3654,1.00,1.00
2010.05.18 21:31:56.346,6.3585,6.3662,1.00,1.00
2010.05.18 21:31:56.586,6.35875,6.3669,1.00,1.00
2010.05.18 21:31:57.095,6.35955,6.3667,1.00,1.00
2010.05.18 21:31:57.342,6.36005,6.36675,1.00,1.00
2010.05.18 21:32:02.689,6.36005,6.36645,1.00,1.00
2010.05.18 21:32:03.094,6.36005,6.3661,1.00,1.00
2010.05.18 21:32:03.488,6.36005,6.3657,1.00,1.00
2010.05.18 21:32:04.234,6.36005,6.3653,1.00,1.00
2010.05.18 21:32:05.867,6.36005,6.3671,1.00,1.00
2010.05.18 21:32:07.665,6.36005,6.36635,1.00,1.00
2010.05.18 21:32:08.013,6.3609,6.36635,1.00,1.00
2010.05.18 21:32:13.182,6.3611,6.36585,1.00,1.00
2010.05.18 21:32:14.429,6.36055,6.36585,1.00,1.00
2010.05.18 21:32:14.671,6.36055,6.3653,1.00,1.00
2010.05.18 21:32:17.768,6.35935,6.3653,1.00,1.00
2010.05.18 21:32:20.122,6.36005,6.3653,1.00,1.00
2010.05.18 21:32:22.146,6.3609,6.36585,1.00,1.00
2010.05.18 21:32:23.490,6.35985,6.36585,1.00,1.00
2010.05.18 21:32:24.466,6.35985,6.3653,1.00,1.00
2010.05.18 21:32:44.156,6.36005,6.36385,1.00,1.00
2010.05.18 21:32:45.916,6.3609,6.3642,1.00,1.00
2010.05.18 21:32:49.621,6.35985,6.3642,1.00,1.00
2010.05.18 21:32:51.225,6.35865,6.3642,1.00,1.00
2010.05.18 21:33:01.449,6.359,6.3642,1.00,1.00
2010.05.18 21:33:01.780,6.3602,6.36545,1.00,1.00
2010.05.18 21:33:03.358,6.35865,6.36385,1.00,1.00
2010.05.18 21:33:04.540,6.35885,6.36545,1.00,1.00
2010.05.18 21:33:06.154,6.3589,6.36525,1.00,1.00
2010.05.18 21:33:06.755,6.3589,6.3671,1.00,1.20
2010.05.18 21:33:06.947,6.35885,6.3659,1.00,1.00
2010.05.18 21:33:08.076,6.35885,6.3652,1.00,1.00
2010.05.18 21:33:12.201,6.35885,6.3657,1.00,1.00
2010.05.18 21:33:13.530,6.35885,6.36565,1.00,1.00
2010.05.18 21:33:13.971,6.35885,6.3655,1.00,1.00
2010.05.18 21:33:14.674,6.35885,6.3653,1.00,1.00
2010.05.18 21:33:15.223,6.35885,6.3652,1.00,1.00
2010.05.18 21:33:15.783,6.35885,6.36465,1.00,1.00
2010.05.18 21:33:15.871,6.35885,6.3634,1.00,1.00
2010.05.18 21:33:16.065,6.35885,6.36295,1.00,1.00
2010.05.18 21:33:16.824,6.35885,6.3646,1.00,1.00
2010.05.18 21:33:17.696,6.3583,6.36435,1.00,1.00
2010.05.18 21:33:18.637,6.3583,6.3644,1.00,1.00
2010.05.18 21:33:20.767,6.3583,6.36305,1.00,1.00
2010.05.18 21:33:21.421,6.35885,6.36305,1.00,1.00
2010.05.18 21:33:23.234,6.3583,6.36285,1.00,1.00
2010.05.18 21:33:25.596,6.35885,6.36285,1.00,1.00
2010.05.18 21:33:28.731,6.3583,6.3623,1.00,1.00
2010.05.18 21:33:30.711,6.35885,6.3623,1.00,1.00
2010.05.18 21:33:40.755,6.3583,6.3623,1.00,1.00
2010.05.18 21:33:45.092,6.35885,6.3623,1.00,1.00
2010.05.18 21:33:46.372,6.35935,6.36285,1.00,1.00
2010.05.18 21:33:47.391,6.35885,6.36285,1.00,1.00
2010.05.18 21:33:48.381,6.35885,6.3623,1.00,1.00
2010.05.18 21:33:51.587,6.3583,6.3623,1.00,1.00
2010.05.18 21:33:55.523,6.35705,6.36145,1.00,1.00
2010.05.18 21:33:59.087,6.35775,6.36125,1.00,1.00
2010.05.18 21:34:00.356,6.35725,6.36125,1.00,1.00
2010.05.18 21:34:02.279,6.35775,6.36125,1.00,1.00
2010.05.18 21:34:04.336,6.35865,6.3625,1.00,1.00
2010.05.18 21:34:08.941,6.35935,6.36285,1.00,1.00
2010.05.18 21:34:09.632,6.35935,6.36335,1.00,1.00
2010.05.18 21:34:09.859,6.35935,6.3646,1.00,1.00
2010.05.18 21:34:11.998,6.35935,6.36355,1.00,1.00
2010.05.18 21:34:18.365,6.35935,6.36625,1.00,1.00
2010.05.18 21:34:18.517,6.35935,6.36505,1.00,1.00
2010.05.18 21:34:18.805,6.35935,6.36585,1.00,1.00
2010.05.18 21:34:19.335,6.35935,6.36625,1.00,1.00
2010.05.18 21:34:24.255,6.35935,6.3653,1.00,1.00
2010.05.18 21:34:28.177,6.35885,6.3653,1.00,1.00
2010.05.18 21:34:34.813,6.359,6.3653,1.00,1.00
2010.05.18 21:34:34.996,6.35985,6.36585,1.00,1.00
2010.05.18 21:34:37.445,6.3589,6.36585,1.00,1.00
2010.05.18 21:34:37.974,6.3589,6.3653,1.00,1.00
2010.05.18 21:34:38.192,6.35885,6.3653,1.00,1.00
2010.05.18 21:34:38.618,6.35885,6.36435,1.00,1.00
2010.05.18 21:34:38.898,6.35885,6.36515,1.00,1.00
2010.05.18 21:34:39.178,6.35885,6.36585,1.00,1.00
2010.05.18 21:34:42.708,6.35885,6.3653,1.00,1.00
2010.05.18 21:34:44.152,6.35885,6.36585,1.00,1.00
2010.05.18 21:34:45.067,6.35965,6.3653,1.00,1.00
2010.05.18 21:34:46.398,6.36015,6.3653,1.00,1.00
2010.05.18 21:35:09.353,6.3607,6.36585,1.00,1.00
2010.05.18 21:35:09.636,6.3607,6.36635,1.00,1.00
2010.05.18 21:35:11.671,6.35945,6.36635,1.00,1.00
2010.05.18 21:35:14.364,6.3602,6.36635,1.00,1.00
2010.05.18 21:35:14.508,6.3602,6.3676,1.00,1.00
2010.05.18 21:35:14.693,6.3615,6.3699,1.00,1.00
2010.05.18 21:35:17.140,6.3611,6.36895,1.00,1.00
2010.05.18 21:35:17.969,6.3612,6.3681,1.00,1.00
2010.05.18 21:35:18.135,6.3611,6.3681,1.00,1.00
2010.05.18 21:35:22.042,6.3612,6.3679,1.00,1.00
2010.05.18 21:35:22.180,6.3612,6.36845,1.00,1.00
2010.05.18 21:35:23.106,6.36115,6.3676,1.00,1.00
2010.05.18 21:35:23.877,6.36135,6.3676,1.00,1.00
2010.05.18 21:35:24.177,6.36155,6.3674,1.00,1.00
2010.05.18 21:35:24.646,6.36175,6.3674,1.00,1.00
2010.05.18 21:35:27.319,6.3597,6.3674,1.00,1.00
2010.05.18 21:35:27.537,6.35995,6.3674,1.00,1.00
2010.05.18 21:35:29.599,6.36015,6.3674,1.60,1.00
2010.05.18 21:35:29.765,6.36015,6.3679,1.60,1.00
2010.05.18 21:35:31.527,6.36015,6.3671,1.60,1.00
2010.05.18 21:35:31.606,6.36015,6.3671,1.00,1.00
2010.05.18 21:35:37.064,6.3605,6.3669,1.00,1.00
2010.05.18 21:35:37.194,6.3605,6.36865,1.00,1.00
2010.05.18 21:35:37.555,6.3605,6.371,1.00,2.40
2010.05.18 21:35:41.512,6.36015,6.36805,1.00,1.00
2010.05.18 21:35:50.724,6.36015,6.36765,1.00,1.60
2010.05.18 21:35:51.323,6.36015,6.3673,1.00,1.00
2010.05.18 21:35:51.709,6.36015,6.3669,1.00,1.00
2010.05.18 21:35:54.634,6.36015,6.36635,1.00,1.00
2010.05.18 21:35:55.979,6.361,6.36635,1.00,1.00
2010.05.18 21:35:58.455,6.36175,6.3669,1.00,1.00
2010.05.18 21:36:00.337,6.3612,6.36635,1.00,1.00
2010.05.18 21:36:00.628,6.35995,6.36635,1.00,1.00
2010.05.18 21:36:04.979,6.36015,6.36585,1.00,1.00
2010.05.18 21:36:09.702,6.36015,6.3653,1.00,1.00
2010.05.18 21:36:13.841,6.3607,6.36585,1.00,1.00
2010.05.18 21:36:16.827,6.36015,6.36585,1.00,1.00
2010.05.18 21:36:24.278,6.36015,6.3653,1.00,1.00
2010.05.18 21:36:26.057,6.35965,6.3653,1.00,1.00
2010.05.18 21:36:33.937,6.35965,6.36585,1.00,1.00
2010.05.18 21:36:34.205,6.35965,6.3653,1.00,1.00
2010.05.18 21:36:53.691,6.35965,6.3648,1.00,1.00
2010.05.18 21:36:56.737,6.35965,6.3653,1.00,1.00
2010.05.18 21:37:03.843,6.35965,6.3648,1.00,1.00
2010.05.18 21:37:10.914,6.36015,6.3653,1.00,1.00
2010.05.18 21:37:11.312,6.35965,6.3653,1.00,1.00
2010.05.18 21:37:17.967,6.35915,6.36445,1.00,1.00
2010.05.18 21:37:18.487,6.35915,6.365,1.00,1.00
2010.05.18 21:37:20.409,6.35915,6.36425,1.00,1.00
2010.05.18 21:37:25.786,6.3586,6.36375,1.00,1.00
2010.05.18 21:37:25.976,6.3586,6.36425,1.00,1.00
2010.05.18 21:37:27.531,6.3586,6.3648,1.00,1.00
2010.05.18 21:37:28.156,6.3586,6.36425,1.00,1.00
2010.05.18 21:37:28.958,6.3586,6.3648,1.00,1.00
2010.05.18 21:37:30.974,6.3586,6.36425,1.00,1.00
2010.05.18 21:37:31.126,6.3586,6.3648,1.00,1.00
2010.05.18 21:37:32.226,6.3586,6.36425,1.00,1.00
2010.05.18 21:37:32.884,6.3586,6.3648,1.00,1.00
2010.05.18 21:37:33.105,6.3586,6.36425,1.00,1.00
2010.05.18 21:37:34.049,6.3586,6.3648,1.00,1.00
2010.05.18 21:37:35.965,6.3586,6.36425,1.00,1.00
2010.05.18 21:37:36.156,6.3586,6.3648,1.00,1.00
2010.05.18 21:37:37.158,6.3586,6.36425,1.00,1.00
2010.05.18 21:37:37.377,6.3586,6.3648,1.00,1.00
2010.05.18 21:37:37.597,6.3586,6.36425,1.00,1.00
2010.05.18 21:37:37.815,6.3586,6.3648,1.00,1.00
2010.05.18 21:37:38.038,6.3586,6.36425,1.00,1.00
2010.05.18 21:37:38.456,6.3586,6.3648,1.00,1.00
2010.05.18 21:37:42.107,6.3586,6.36425,1.00,1.00
2010.05.18 21:37:42.398,6.3586,6.3648,1.00,1.00
2010.05.18 21:37:42.686,6.3586,6.36425,1.00,1.00
2010.05.18 21:37:43.879,6.3586,6.3648,1.00,1.00
2010.05.18 21:37:44.605,6.3586,6.36425,1.00,1.00
2010.05.18 21:37:56.946,6.35805,6.36425,1.00,1.00
2010.05.18 21:38:00.906,6.35805,6.3634,1.00,1.00
2010.05.18 21:38:22.453,6.35755,6.3627,1.00,1.00
2010.05.18 21:38:28.016,6.35755,6.3632,1.00,1.00
2010.05.18 21:38:45.939,6.35805,6.3632,1.00,1.00
2010.05.18 21:38:46.959,6.3586,6.36375,1.00,1.00
2010.05.18 21:38:49.157,6.35805,6.36375,1.00,1.00
2010.05.18 21:38:49.334,6.35755,6.36375,1.00,1.00
2010.05.18 21:38:54.644,6.35805,6.36375,1.00,1.00
2010.05.18 21:38:57.483,6.3586,6.36375,1.00,1.00
2010.05.18 21:39:03.077,6.35915,6.36375,1.00,1.00
2010.05.18 21:39:03.816,6.35915,6.36425,1.00,1.00
2010.05.18 21:39:08.016,6.35915,6.3648,1.00,1.00
2010.05.18 21:39:09.678,6.35915,6.36425,1.00,1.00
2010.05.18 21:39:21.044,6.3592,6.36425,1.00,1.00
2010.05.18 21:39:21.521,6.35925,6.36425,1.00,1.00
2010.05.18 21:39:21.846,6.3593,6.3648,1.60,1.00
2010.05.18 21:39:22.007,6.3593,6.3648,1.00,1.00
2010.05.18 21:39:22.642,6.35925,6.3648,1.00,1.00
2010.05.18 21:39:22.908,6.3593,6.36605,1.60,1.00
2010.05.18 21:39:23.174,6.35935,6.36605,1.00,1.00
2010.05.18 21:39:23.517,6.35945,6.36605,1.00,1.00
2010.05.18 21:39:24.568,6.3596,6.3653,1.00,1.00
2010.05.18 21:39:24.754,6.35965,6.3653,1.00,1.00
2010.05.18 21:39:25.279,6.35975,6.3653,1.00,1.00
2010.05.18 21:39:26.094,6.35985,6.3653,1.00,1.00
2010.05.18 21:39:26.394,6.36,6.3653,1.00,1.00
2010.05.18 21:39:27.176,6.3601,6.3653,1.00,1.00
2010.05.18 21:39:27.429,6.36025,6.3653,1.00,1.00
2010.05.18 21:39:27.858,6.36035,6.3648,1.00,1.00
2010.05.18 21:39:28.258,6.3605,6.3648,1.00,1.00
2010.05.18 21:39:29.580,6.36065,6.36425,1.00,1.00
2010.05.18 21:39:29.786,6.36065,6.3648,1.00,1.00
2010.05.18 21:39:31.466,6.36085,6.3648,1.00,1.00
2010.05.18 21:39:32.142,6.3616,6.37115,1.00,1.00
2010.05.18 21:39:40.698,6.36165,6.3702,1.00,1.00
2010.05.18 21:39:40.890,6.361,6.3708,1.00,2.40
2010.05.18 21:39:44.205,6.36165,6.3702,1.00,1.00
2010.05.18 21:39:46.795,6.3619,6.37045,1.00,1.00
2010.05.18 21:40:00.379,6.36185,6.3704,1.00,1.00
2010.05.18 21:40:03.068,6.3619,6.37045,1.00,1.00
2010.05.18 21:40:13.575,6.36115,6.37045,1.00,1.00
2010.05.18 21:40:13.854,6.36065,6.37045,1.00,1.00
2010.05.18 21:40:18.235,6.35995,6.3708,1.00,2.40
2010.05.18 21:40:18.306,6.3598,6.3708,1.00,2.40
2010.05.18 21:40:21.887,6.35945,6.3669,1.00,1.00
2010.05.18 21:40:31.344,6.35945,6.3665,1.00,1.60
2010.05.18 21:40:31.579,6.35945,6.3659,1.00,1.00
2010.05.18 21:40:31.968,6.35945,6.3653,1.00,1.00
2010.05.18 21:40:32.414,6.36025,6.3653,1.00,1.00
2010.05.18 21:41:02.439,6.36025,6.36585,1.00,1.00
2010.05.18 21:41:06.126,6.36025,6.3653,1.00,1.00
2010.05.18 21:41:23.277,6.36025,6.3648,1.00,1.00
2010.05.18 21:41:29.380,6.36075,6.3648,1.00,1.00
2010.05.18 21:42:20.031,6.36075,6.36425,1.00,1.00
2010.05.18 21:42:25.968,6.3613,6.3648,1.00,1.00
2010.05.18 21:42:28.006,6.36075,6.3648,1.00,1.00
2010.05.18 21:42:48.051,6.36025,6.3648,1.00,1.00
2010.05.18 21:43:22.589,6.36025,6.36425,1.00,1.00
2010.05.18 21:43:25.655,6.35985,6.36425,1.00,1.00
2010.05.18 21:43:29.004,6.3593,6.36425,1.00,1.00
2010.05.18 21:43:30.129,6.3593,6.36375,1.00,1.00
2010.05.18 21:43:52.199,6.3593,6.3632,1.00,1.00
2010.05.18 21:43:53.098,6.3588,6.3627,1.00,1.00
2010.05.18 21:43:53.337,6.3588,6.3632,1.00,1.00
2010.05.18 21:43:54.169,6.3588,6.3627,1.00,1.00
2010.05.18 21:43:54.939,6.3588,6.3632,1.00,1.00
2010.05.18 21:44:11.667,6.3588,6.3627,1.00,1.00
2010.05.18 21:44:31.436,6.35825,6.36215,1.00,1.00
2010.05.18 21:44:38.466,6.35825,6.3627,1.00,1.00
2010.05.18 21:44:39.636,6.3588,6.3627,1.00,1.00
2010.05.18 21:44:41.299,6.3588,6.3632,1.00,1.00
2010.05.18 21:44:41.598,6.3593,6.3632,1.00,1.00
2010.05.18 21:44:43.990,6.3593,6.36375,1.00,1.00
2010.05.18 21:44:44.649,6.3593,6.36425,1.00,1.00
2010.05.18 21:44:47.723,6.35985,6.36425,1.00,1.00
2010.05.18 21:45:02.205,6.35945,6.36425,1.00,1.00
2010.05.18 21:45:05.437,6.3589,6.36425,1.00,1.00
2010.05.18 21:45:18.876,6.3589,6.36375,1.00,1.00
2010.05.18 21:45:19.476,6.3591,6.36375,1.00,1.00
2010.05.18 21:45:19.662,6.3589,6.36375,1.00,1.00
2010.05.18 21:45:23.976,6.35975,6.36375,1.00,1.00
2010.05.18 21:45:35.684,6.35845,6.36375,1.00,1.00
2010.05.18 21:45:35.800,6.35845,6.3632,1.00,1.00
2010.05.18 21:45:35.909,6.35845,6.3627,1.00,1.00
2010.05.18 21:45:36.871,6.35865,6.36215,1.00,1.00
2010.05.18 21:45:39.583,6.35865,6.3627,1.00,1.00
2010.05.18 21:45:41.564,6.3592,6.3632,1.00,1.00
2010.05.18 21:45:42.898,6.35865,6.3632,1.00,1.00
2010.05.18 21:45:43.239,6.35865,6.3627,1.00,1.00
2010.05.18 21:45:54.839,6.35865,6.3632,1.00,1.00
2010.05.18 21:45:55.247,6.35865,6.3627,1.00,1.00
2010.05.18 21:46:06.358,6.35865,6.3632,1.00,1.00
2010.05.18 21:46:06.538,6.35865,6.3627,1.00,1.00
2010.05.18 21:46:06.898,6.35865,6.3632,1.00,1.00
2010.05.18 21:46:07.076,6.35865,6.3627,1.00,1.00
2010.05.18 21:46:07.257,6.35865,6.3632,1.00,1.00
2010.05.18 21:46:09.608,6.35565,6.363,1.00,1.00
2010.05.18 21:46:10.261,6.35565,6.3631,1.00,1.00
2010.05.18 21:46:11.120,6.35605,6.3624,1.00,1.00
2010.05.18 21:46:11.966,6.35605,6.3621,1.00,1.00
2010.05.18 21:46:12.221,6.35605,6.3629,1.00,1.00
2010.05.18 21:46:12.466,6.3566,6.3629,1.00,1.00
2010.05.18 21:46:13.959,6.3566,6.36295,1.00,1.00
2010.05.18 21:46:14.085,6.3566,6.3628,1.00,1.00
2010.05.18 21:46:14.361,6.3566,6.3627,1.00,1.00
2010.05.18 21:46:14.959,6.3566,6.36255,1.00,1.00
2010.05.18 21:46:15.626,6.3566,6.36245,1.00,1.00
2010.05.18 21:46:16.455,6.3566,6.3623,1.00,1.00
2010.05.18 21:46:16.588,6.3566,6.3622,1.00,1.00
2010.05.18 21:46:16.979,6.3566,6.36205,1.00,1.00
2010.05.18 21:46:17.470,6.3566,6.36185,1.00,1.00
2010.05.18 21:46:18.127,6.3566,6.3617,1.00,1.00
2010.05.18 21:46:18.539,6.3566,6.3615,1.00,1.00
2010.05.18 21:46:19.069,6.3566,6.3613,1.00,1.00
2010.05.18 21:46:19.470,6.3566,6.3611,1.00,1.00
2010.05.18 21:46:44.516,6.3571,6.3611,1.00,1.00
2010.05.18 21:46:44.936,6.3571,6.36165,1.00,1.00
2010.05.18 21:46:47.255,6.3571,6.3611,1.00,1.00
2010.05.18 21:46:54.182,6.3571,6.3606,1.00,1.00
2010.05.18 21:46:54.367,6.3571,6.3611,1.00,1.00
2010.05.18 21:47:13.726,6.35585,6.3611,1.00,1.00
2010.05.18 21:47:15.106,6.3566,6.3611,1.00,1.00
2010.05.18 21:47:19.235,6.3566,6.3606,1.00,1.00
2010.05.18 21:47:21.219,6.3566,6.3601,1.00,1.00
2010.05.18 21:47:21.521,6.35605,6.3601,1.00,1.00
2010.05.18 21:47:22.149,6.35605,6.35955,1.00,1.00
2010.05.18 21:47:22.620,6.35605,6.3601,1.00,1.00
2010.05.18 21:47:23.711,6.3566,6.3601,1.00,1.00
2010.05.18 21:47:25.038,6.3566,6.3613,1.00,1.00
2010.05.18 21:47:26.777,6.3566,6.3603,1.00,1.00
2010.05.18 21:47:30.230,6.35605,6.3601,1.00,1.00
2010.05.18 21:47:31.348,6.35605,6.3613,1.00,1.00
2010.05.18 21:47:40.797,6.35605,6.36165,1.00,1.00
2010.05.18 21:47:41.386,6.35605,6.3611,1.00,1.00
2010.05.18 21:47:45.345,6.35605,6.3606,1.00,1.00
2010.05.18 21:48:13.709,6.35605,6.3601,1.00,1.00
2010.05.18 21:48:17.366,6.35605,6.3606,1.00,1.00
2010.05.18 21:48:23.893,6.35605,6.35975,1.00,1.00
2010.05.18 21:48:26.412,6.35605,6.3608,1.00,1.00
2010.05.18 21:48:28.323,6.35555,6.3606,1.00,1.00
2010.05.18 21:48:29.676,6.35305,6.3606,1.00,1.00
2010.05.18 21:48:30.915,6.35345,6.35925,1.00,1.00
2010.05.18 21:48:36.831,6.35345,6.3585,1.00,1.00
2010.05.18 21:48:50.466,6.3543,6.3585,1.00,1.00
2010.05.18 21:48:50.687,6.35535,6.35905,1.00,1.00
2010.05.18 21:48:50.909,6.35535,6.3615,1.00,1.00
2010.05.18 21:48:52.930,6.35555,6.3606,1.00,1.00
2010.05.18 21:48:53.798,6.35605,6.3606,1.00,1.00
2010.05.18 21:48:56.177,6.3543,6.3606,1.00,1.00
2010.05.18 21:48:56.389,6.3543,6.3606,1.00,1.00
2010.05.18 21:48:56.599,6.3543,6.3606,1.00,1.00
2010.05.18 21:48:56.818,6.3543,6.3606,1.00,1.00
2010.05.18 21:48:57.026,6.3543,6.36055,1.00,1.00
2010.05.18 21:48:57.701,6.3545,6.3605,1.00,1.00
2010.05.18 21:48:58.281,6.3545,6.36045,1.00,1.00
2010.05.18 21:48:58.845,6.3545,6.3604,1.00,1.00
2010.05.18 21:48:59.049,6.35325,6.3604,1.00,1.00
2010.05.18 21:48:59.885,6.35325,6.36035,1.00,1.00
2010.05.18 21:49:00.586,6.35345,6.3603,1.00,1.00
2010.05.18 21:49:00.846,6.35345,6.3602,1.00,1.00
2010.05.18 21:49:01.356,6.35345,6.3601,1.00,1.00
2010.05.18 21:49:02.082,6.35345,6.36005,1.00,1.00
2010.05.18 21:49:02.370,6.35345,6.35995,1.00,1.00
2010.05.18 21:49:02.769,6.35345,6.35985,1.00,1.00
2010.05.18 21:49:03.359,6.35345,6.3597,1.00,1.00
2010.05.18 21:49:03.885,6.35345,6.3596,1.00,1.00
2010.05.18 21:49:04.350,6.35345,6.35945,1.00,1.00
2010.05.18 21:49:04.749,6.35345,6.3593,1.00,1.00
2010.05.18 21:49:05.219,6.35345,6.3592,1.00,1.00
2010.05.18 21:49:05.869,6.35345,6.35905,1.00,1.00
2010.05.18 21:49:06.501,6.354,6.35905,1.00,1.00
2010.05.18 21:49:07.807,6.354,6.3582,1.00,1.00
2010.05.18 21:49:08.910,6.3545,6.358,1.00,1.00
2010.05.18 21:49:13.876,6.354,6.358,1.00,1.00
2010.05.18 21:49:29.655,6.354,6.35745,1.00,1.00
2010.05.18 21:49:32.333,6.35345,6.358,1.00,1.00
2010.05.18 21:49:34.685,6.35345,6.3585,1.00,1.00
2010.05.18 21:49:35.967,6.35345,6.358,1.00,1.00
2010.05.18 21:49:41.148,6.35345,6.35745,1.00,1.00
2010.05.18 21:49:41.377,6.354,6.35745,1.00,1.00
2010.05.18 21:49:50.129,6.354,6.358,1.00,1.00
2010.05.18 21:49:51.777,6.354,6.35745,1.00,1.00
2010.05.18 21:49:53.619,6.35345,6.35745,1.00,1.00
2010.05.18 21:49:57.089,6.354,6.35745,1.00,1.00
2010.05.18 21:49:59.638,6.35345,6.35745,1.00,1.00
2010.05.18 21:50:00.781,6.35345,6.358,1.00,1.00
2010.05.18 21:50:15.846,6.354,6.358,1.00,1.00
2010.05.18 21:50:43.619,6.35485,6.3585,1.00,1.00
2010.05.18 21:51:00.707,6.35325,6.3585,1.00,1.00
2010.05.18 21:51:02.170,6.35345,6.358,1.00,1.00
2010.05.18 21:51:02.598,6.3522,6.358,1.00,1.00
2010.05.18 21:51:03.363,6.3522,6.3585,1.00,1.00
2010.05.18 21:51:04.747,6.35325,6.3585,1.00,1.00
2010.05.18 21:51:07.836,6.35345,6.358,1.00,1.00
2010.05.18 21:51:09.659,6.35345,6.3585,1.00,1.00
2010.05.18 21:51:10.229,6.3517,6.3585,1.00,1.00
2010.05.18 21:51:11.127,6.3517,6.358,1.00,1.00
2010.05.18 21:51:13.316,6.35275,6.358,1.00,1.00
2010.05.18 21:51:15.600,6.35345,6.358,1.00,1.00
2010.05.18 21:51:18.372,6.35295,6.358,1.00,1.00
2010.05.18 21:51:26.676,6.35345,6.358,1.00,1.00
2010.05.18 21:51:28.047,6.35225,6.3592,1.00,1.00
2010.05.18 21:51:29.906,6.3522,6.3587,1.00,1.00
2010.05.18 21:51:32.835,6.35195,6.35845,1.00,1.00
2010.05.18 21:51:34.401,6.3522,6.3587,1.00,1.00
2010.05.18 21:51:35.620,6.35245,6.359,1.00,1.00
2010.05.18 21:51:37.066,6.3522,6.3587,1.00,1.00
2010.05.18 21:51:39.217,6.35195,6.35845,1.00,1.00
2010.05.18 21:51:41.149,6.3522,6.3587,1.00,1.00
2010.05.18 21:51:42.732,6.35195,6.35845,1.00,1.00
2010.05.18 21:51:43.557,6.35245,6.359,1.00,1.00
2010.05.18 21:51:45.377,6.35195,6.35845,1.00,1.00
2010.05.18 21:51:45.496,6.3522,6.3587,1.00,1.00
2010.05.18 21:51:47.878,6.35195,6.35845,1.00,1.00
2010.05.18 21:51:53.456,6.3517,6.3582,1.00,1.00
2010.05.18 21:51:56.126,6.35195,6.35845,1.00,1.00
2010.05.18 21:52:03.807,6.3522,6.3587,1.00,1.00
2010.05.18 21:52:09.872,6.35245,6.359,1.00,1.00
2010.05.18 21:52:12.133,6.3522,6.3587,1.00,1.00
2010.05.18 21:52:14.157,6.35195,6.35845,1.00,1.00
2010.05.18 21:52:25.815,6.3522,6.3587,1.00,1.00
2010.05.18 21:52:30.195,6.35245,6.359,1.00,1.00
2010.05.18 21:52:31.372,6.35275,6.35925,1.00,1.00
2010.05.18 21:52:31.916,6.353,6.3595,1.00,1.00
2010.05.18 21:52:39.130,6.35435,6.36125,1.00,1.00
2010.05.18 21:52:39.197,6.3544,6.36125,1.00,1.00
2010.05.18 21:52:39.388,6.3549,6.3618,1.00,1.00
2010.05.18 21:52:40.360,6.35535,6.36185,1.00,1.00
2010.05.18 21:52:41.174,6.35385,6.36075,1.00,1.00
2010.05.18 21:52:41.540,6.35435,6.36125,1.00,1.00
2010.05.18 21:52:44.025,6.3551,6.3612,1.00,1.00
2010.05.18 21:52:44.248,6.35355,6.3603,1.00,1.00
2010.05.18 21:52:44.897,6.35435,6.36105,1.00,1.00
2010.05.18 21:52:45.428,6.35375,6.3603,1.00,1.00
2010.05.18 21:52:46.408,6.35455,6.36105,1.00,1.00
2010.05.18 21:52:46.747,6.35375,6.3603,1.00,1.00
2010.05.18 21:52:49.780,6.35325,6.35975,1.00,1.00
2010.05.18 21:53:06.846,6.3535,6.36,1.00,1.00
2010.05.18 21:53:07.608,6.35325,6.35975,1.00,1.00
2010.05.18 21:53:09.019,6.35405,6.36055,1.00,1.00
2010.05.18 21:53:11.839,6.3535,6.36,1.00,1.00
2010.05.18 21:53:13.047,6.3549,6.3618,1.00,1.00
2010.05.18 21:53:15.992,6.35455,6.36105,1.00,1.00
2010.05.18 21:53:17.357,6.3551,6.3616,1.00,1.00
2010.05.18 21:53:18.873,6.35485,6.36135,1.00,1.00
2010.05.18 21:53:22.457,6.3544,6.36055,1.00,1.00
2010.05.18 21:53:22.518,6.35405,6.36055,1.00,1.00
2010.05.18 21:53:25.741,6.3543,6.3608,1.00,1.00
2010.05.18 21:53:39.588,6.35455,6.36105,1.00,1.00
2010.05.18 21:53:53.439,6.35485,6.36135,1.00,1.00
2010.05.18 21:53:57.660,6.35455,6.36105,1.00,1.00
2010.05.18 21:53:58.629,6.35485,6.36135,1.00,1.00
2010.05.18 21:54:16.046,6.3551,6.36135,1.00,1.00
2010.05.18 21:54:16.253,6.3551,6.3616,1.00,1.00
2010.05.18 21:54:16.939,6.3556,6.3621,1.00,1.00
2010.05.18 21:54:17.144,6.3551,6.3616,1.00,1.00
2010.05.18 21:54:19.194,6.35455,6.36105,1.00,1.00
2010.05.18 21:54:26.065,6.3551,6.3616,1.00,1.00
2010.05.18 21:54:28.650,6.3557,6.3616,1.00,1.00
2010.05.18 21:54:29.392,6.3569,6.36465,1.00,1.00
2010.05.18 21:54:30.569,6.3571,6.363,1.00,1.00
2010.05.18 21:54:31.105,6.35445,6.3624,1.00,1.00
2010.05.18 21:54:31.426,6.35445,6.363,1.00,1.00
2010.05.18 21:54:31.874,6.35445,6.3622,1.00,1.00
2010.05.18 21:54:37.388,6.35485,6.3628,1.00,1.00
2010.05.18 21:54:38.018,6.3556,6.3628,1.00,1.00
2010.05.18 21:54:38.188,6.3556,6.363,1.00,1.00
2010.05.18 21:54:38.519,6.3557,6.363,1.00,1.00
2010.05.18 21:54:38.688,6.35615,6.363,1.00,1.00
2010.05.18 21:54:39.883,6.35615,6.36295,1.00,1.00
2010.05.18 21:54:40.395,6.35615,6.3628,1.00,1.00
2010.05.18 21:54:40.755,6.35615,6.36265,1.00,1.00
2010.05.18 21:54:40.927,6.3556,6.3621,1.00,1.00
2010.05.18 21:54:46.199,6.35585,6.36235,1.00,1.00
2010.05.18 21:54:49.089,6.35615,6.36265,1.00,1.00
2010.05.18 21:54:49.942,6.35585,6.36235,1.00,1.00
2010.05.18 21:54:51.248,6.3564,6.3629,1.00,1.00
2010.05.18 21:54:52.641,6.35725,6.36415,1.00,1.00
2010.05.18 21:54:54.191,6.3582,6.3647,1.00,1.00
2010.05.18 21:54:57.125,6.35795,6.36445,1.00,1.00
2010.05.18 21:55:02.483,6.3582,6.3647,1.00,1.00
2010.05.18 21:55:05.086,6.3577,6.3642,1.00,1.00
2010.05.18 21:55:09.487,6.35745,6.36395,1.00,1.00
2010.05.18 21:55:12.206,6.35715,6.3637,1.00,1.00
2010.05.18 21:55:16.885,6.35765,6.36425,1.00,1.00
2010.05.18 21:55:17.048,6.3569,6.3634,1.00,1.00
2010.05.18 21:55:20.791,6.3564,6.3629,1.00,1.00
2010.05.18 21:55:21.278,6.3569,6.3634,1.00,1.00
2010.05.18 21:55:22.195,6.35745,6.36395,1.00,1.00
2010.05.18 21:55:23.168,6.3582,6.3647,1.00,1.00
2010.05.18 21:55:23.874,6.3582,6.3646,1.00,1.00
2010.05.18 21:55:24.203,6.3582,6.3647,1.00,1.00
2010.05.18 21:55:26.210,6.35845,6.365,1.00,1.00
2010.05.18 21:55:31.287,6.3592,6.36655,1.00,1.00
2010.05.18 21:55:32.929,6.35845,6.3652,1.00,1.00
2010.05.18 21:55:53.231,6.3582,6.3647,1.00,1.00
2010.05.18 21:56:06.110,6.3577,6.36375,1.00,1.00
2010.05.18 21:56:06.243,6.3571,6.36375,1.00,1.00
2010.05.18 21:56:10.862,6.3564,6.3629,1.00,1.00
2010.05.18 21:56:38.639,6.35615,6.36265,1.00,1.00
2010.05.18 21:56:50.096,6.3564,6.3629,1.00,1.00
2010.05.18 21:57:10.957,6.35665,6.36315,1.00,1.00
2010.05.18 21:57:46.799,6.3574,6.36675,1.00,1.00
2010.05.18 21:57:46.917,6.3574,6.36675,1.00,1.00
2010.05.18 21:57:47.037,6.3572,6.36675,1.00,1.00
2010.05.18 21:57:47.953,6.3574,6.36635,1.00,1.00
2010.05.18 21:57:50.159,6.3568,6.3658,1.00,1.00
2010.05.18 21:57:51.985,6.35685,6.3658,1.00,1.00
2010.05.18 21:57:52.887,6.35685,6.3654,1.00,1.00
2010.05.18 21:57:53.990,6.3569,6.3654,1.00,1.00
2010.05.18 21:57:54.277,6.3569,6.3648,1.00,1.00
2010.05.18 21:57:54.449,6.3569,6.3649,1.00,1.00
2010.05.18 21:57:54.936,6.3569,6.3648,1.00,1.00
2010.05.18 21:57:57.425,6.3569,6.3646,1.00,1.00
2010.05.18 21:57:57.697,6.35715,6.3646,1.00,1.00
2010.05.18 21:57:58.656,6.35715,6.3644,1.00,1.00
2010.05.18 21:57:59.130,6.35715,6.3642,1.00,1.00
2010.05.18 21:57:59.530,6.35715,6.36395,1.00,1.00
2010.05.18 21:57:59.732,6.3577,6.3642,1.00,1.00
2010.05.18 21:58:03.943,6.35855,6.36545,1.00,1.00
2010.05.18 21:58:10.670,6.3582,6.3647,1.00,1.00
2010.05.18 21:58:13.559,6.35795,6.36445,1.00,1.00
2010.05.18 21:58:16.357,6.35715,6.3637,1.00,1.00
2010.05.18 21:58:17.002,6.35745,6.36395,1.00,1.00
2010.05.18 21:58:23.073,6.35715,6.3637,1.00,1.00
2010.05.18 21:58:24.979,6.3577,6.3642,1.00,1.00
2010.05.18 21:58:29.082,6.3588,6.3651,1.00,1.00
2010.05.18 21:58:29.299,6.358,6.3647,1.00,1.00
2010.05.18 21:58:31.468,6.359,6.3655,1.00,1.00
2010.05.18 21:58:32.442,6.3582,6.3647,1.00,1.00
2010.05.18 21:58:34.368,6.35795,6.36445,1.00,1.00
2010.05.18 21:58:35.507,6.358,6.36445,1.00,1.00
2010.05.18 21:58:35.718,6.35795,6.36445,1.00,1.00
2010.05.18 21:58:36.399,6.35745,6.36395,1.00,1.00
2010.05.18 21:58:40.147,6.3569,6.3634,1.00,1.00
2010.05.18 21:58:43.948,6.35715,6.3637,1.00,1.00
2010.05.18 21:58:46.997,6.35745,6.36395,1.00,1.00
2010.05.18 21:59:02.314,6.3577,6.3642,1.00,1.00
2010.05.18 21:59:03.997,6.35745,6.36395,1.00,1.00
2010.05.18 21:59:06.348,6.35715,6.3637,1.00,1.00
2010.05.18 21:59:08.152,6.35745,6.36395,1.00,1.00
2010.05.18 21:59:33.250,6.35715,6.3637,1.00,1.00
2010.05.18 21:59:49.780,6.35745,6.36395,1.00,1.00
2010.05.18 21:59:51.730,6.35855,6.36545,1.00,1.00
2010.05.18 21:59:55.180,6.3575,6.3644,1.00,1.00
