2012.06.27 20:00:01.532,6.03768,6.03934,1.62,2.78
2012.06.27 20:00:05.642,6.03768,6.03915,1.62,2.78
2012.06.27 20:00:07.058,6.03768,6.03915,1.62,2.78
2012.06.27 20:00:10.139,6.03717,6.03915,2.37,2.78
2012.06.27 20:00:10.211,6.03717,6.03915,1.62,2.78
2012.06.27 20:00:18.502,6.03717,6.03887,1.62,2.78
2012.06.27 20:00:22.720,6.03717,6.03887,1.62,2.78
2012.06.27 20:00:24.424,6.03738,6.03937,1.62,1.50
2012.06.27 20:00:30.120,6.03738,6.03942,2.37,2.78
2012.06.27 20:00:33.408,6.03738,6.03937,1.62,1.50
2012.06.27 20:00:39.092,6.03738,6.03873,1.62,2.03
2012.06.27 20:00:39.439,6.03687,6.03873,2.37,2.78
2012.06.27 20:00:39.510,6.03687,6.03873,2.37,2.78
2012.06.27 20:01:09.222,6.03687,6.03875,2.37,2.78
2012.06.27 20:01:25.378,6.03687,6.03885,2.37,2.78
2012.06.27 20:01:30.620,6.03688,6.03903,1.50,2.67
2012.06.27 20:01:32.420,6.03688,6.03903,1.50,2.67
2012.06.27 20:01:39.188,6.03688,6.03913,1.50,2.78
2012.06.27 20:01:39.711,6.03718,6.03922,2.37,2.67
2012.06.27 20:01:40.512,6.03718,6.03922,1.62,2.67
2012.06.27 20:01:40.804,6.03718,6.0391,1.62,2.78
2012.06.27 20:01:45.657,6.03718,6.0391,2.37,2.78
2012.06.27 20:01:48.060,6.03718,6.0391,2.37,2.78
2012.06.27 20:01:51.217,6.03718,6.0391,1.62,2.78
2012.06.27 20:02:02.234,6.03718,6.03878,1.62,2.78
2012.06.27 20:02:08.357,6.03718,6.03903,1.62,2.78
2012.06.27 20:02:36.962,6.03718,6.03902,2.37,2.78
2012.06.27 20:02:37.508,6.03718,6.03922,2.37,2.67
2012.06.27 20:03:01.305,6.03705,6.03932,1.50,2.78
2012.06.27 20:03:06.916,6.03705,6.03932,1.50,2.78
2012.06.27 20:03:07.047,6.03705,6.03932,1.50,2.78
2012.06.27 20:03:10.200,6.03705,6.03907,1.50,2.78
2012.06.27 20:03:10.328,6.03705,6.03932,1.50,2.78
2012.06.27 20:03:12.981,6.03713,6.03932,1.50,2.78
2012.06.27 20:03:23.609,6.03705,6.03932,1.50,2.78
2012.06.27 20:03:32.398,6.03704,6.03932,1.50,2.78
2012.06.27 20:03:32.800,6.03737,6.03953,2.37,4.70
2012.06.27 20:03:40.120,6.03737,6.0393,1.62,2.78
2012.06.27 20:03:40.429,6.037,6.03902,1.50,2.67
2012.06.27 20:03:40.499,6.037,6.03902,1.50,2.67
2012.06.27 20:03:41.031,6.03688,6.03902,2.37,2.67
2012.06.27 20:03:53.721,6.03688,6.03902,2.37,2.67
2012.06.27 20:03:54.149,6.03718,6.03904,1.62,2.78
2012.06.27 20:04:11.438,6.03718,6.03911,2.37,2.78
2012.06.27 20:04:14.581,6.03718,6.03911,2.37,2.78
2012.06.27 20:04:20.773,6.03737,6.0394,2.37,2.78
2012.06.27 20:04:38.318,6.03737,6.0394,2.37,2.78
2012.06.27 20:04:41.295,6.03737,6.0395,2.37,2.78
2012.06.27 20:05:08.299,6.03737,6.03949,2.37,2.78
2012.06.27 20:05:35.288,6.03724,6.03949,1.50,2.78
2012.06.27 20:05:40.963,6.03728,6.03949,1.50,2.78
2012.06.27 20:05:41.188,6.03712,6.03952,1.50,2.78
2012.06.27 20:05:42.063,6.03712,6.03952,1.50,2.78
2012.06.27 20:06:05.220,6.03712,6.03953,1.50,2.78
2012.06.27 20:06:06.042,6.03712,6.03953,1.50,2.78
2012.06.27 20:06:36.182,6.03711,6.03941,1.50,2.78
2012.06.27 20:06:41.087,6.03725,6.03941,1.50,2.78
2012.06.27 20:06:41.157,6.03711,6.03941,1.50,2.78
2012.06.27 20:06:51.420,6.03711,6.03852,1.50,1.92
2012.06.27 20:06:51.551,6.03698,6.03852,2.03,2.67
2012.06.27 20:06:51.619,6.03653,6.03852,1.50,2.67
2012.06.27 20:06:51.819,6.03653,6.03852,1.50,2.67
2012.06.27 20:06:52.344,6.03653,6.03852,1.50,2.67
2012.06.27 20:06:53.950,6.03727,6.03864,2.37,2.78
2012.06.27 20:06:54.020,6.03727,6.03864,2.37,2.03
2012.06.27 20:06:54.329,6.03727,6.03864,2.37,2.03
2012.06.27 20:06:54.540,6.03727,6.03933,2.37,2.67
2012.06.27 20:07:02.189,6.03697,6.03913,2.37,2.67
2012.06.27 20:07:07.228,6.03704,6.03913,1.50,2.67
2012.06.27 20:07:07.299,6.03704,6.03913,1.50,2.67
2012.06.27 20:07:37.272,6.03705,6.03913,1.50,2.67
2012.06.27 20:07:48.858,6.03705,6.03913,1.50,2.67
2012.06.27 20:07:48.989,6.03767,6.03934,2.37,2.78
2012.06.27 20:07:51.670,6.03767,6.03958,2.37,2.78
2012.06.27 20:07:55.588,6.03767,6.03942,1.62,2.78
2012.06.27 20:07:55.658,6.03767,6.03942,1.62,2.78
2012.06.27 20:08:20.529,6.03767,6.03937,1.62,2.78
2012.06.27 20:08:21.110,6.03767,6.03915,1.62,2.78
2012.06.27 20:08:22.764,6.03738,6.03915,1.62,2.78
2012.06.27 20:08:33.088,6.03738,6.03891,1.62,2.78
2012.06.27 20:09:15.601,6.03738,6.03903,2.37,2.78
2012.06.27 20:09:20.331,6.03738,6.03903,1.62,2.78
2012.06.27 20:09:20.579,6.03677,6.03877,1.62,1.50
2012.06.27 20:10:01.741,6.03677,6.03867,1.62,2.78
2012.06.27 20:10:03.210,6.03638,6.03837,1.62,1.50
2012.06.27 20:10:03.280,6.03638,6.03837,1.62,1.50
2012.06.27 20:10:04.005,6.03638,6.03842,2.37,2.67
2012.06.27 20:10:12.227,6.03638,6.03837,1.62,1.50
2012.06.27 20:10:18.597,6.03638,6.03842,2.37,2.67
2012.06.27 20:10:18.793,6.03638,6.03842,2.37,2.67
2012.06.27 20:10:18.929,6.03688,6.03874,1.62,2.78
2012.06.27 20:10:19.059,6.03688,6.03874,1.62,2.78
2012.06.27 20:10:47.427,6.03688,6.03848,1.62,1.50
2012.06.27 20:11:12.259,6.03688,6.03848,1.62,1.50
2012.06.27 20:11:18.126,6.03688,6.03848,1.62,1.50
2012.06.27 20:11:19.583,6.03647,6.03858,1.50,2.78
2012.06.27 20:11:21.975,6.03647,6.03858,1.50,2.78
2012.06.27 20:11:40.565,6.03627,6.03897,1.50,1.50
2012.06.27 20:11:41.503,6.03627,6.03845,1.50,2.03
2012.06.27 20:11:44.658,6.03631,6.03869,2.78,2.78
2012.06.27 20:11:44.730,6.03637,6.03869,1.50,2.78
2012.06.27 20:11:45.038,6.03655,6.03859,1.50,1.50
2012.06.27 20:11:49.859,6.03655,6.03866,1.50,1.50
2012.06.27 20:11:50.337,6.03671,6.03873,1.50,1.50
2012.06.27 20:11:54.719,6.03657,6.03866,1.50,1.50
2012.06.27 20:11:57.137,6.03673,6.03884,1.50,2.78
2012.06.27 20:11:57.327,6.03687,6.03884,1.50,2.03
2012.06.27 20:11:59.030,6.03687,6.03889,1.50,1.50
2012.06.27 20:12:10.139,6.03687,6.03886,1.50,2.78
2012.06.27 20:12:16.198,6.03671,6.03875,1.50,1.50
2012.06.27 20:12:16.506,6.03664,6.03864,1.50,1.50
2012.06.27 20:12:29.831,6.03676,6.0388,1.50,1.50
2012.06.27 20:12:55.812,6.03647,6.03851,1.50,1.50
2012.06.27 20:13:00.376,6.0366,6.03861,1.50,2.78
2012.06.27 20:13:04.088,6.0366,6.03862,1.50,1.50
2012.06.27 20:13:05.455,6.03648,6.0385,1.50,1.50
2012.06.27 20:13:10.616,6.03648,6.0385,1.50,1.50
2012.06.27 20:13:10.817,6.03648,6.0385,1.50,1.50
2012.06.27 20:13:13.247,6.03648,6.0385,1.50,1.50
2012.06.27 20:13:13.920,6.03648,6.03843,1.50,2.67
2012.06.27 20:13:14.239,6.03553,6.03752,1.50,2.67
2012.06.27 20:13:14.371,6.03518,6.03736,2.37,1.50
2012.06.27 20:13:14.438,6.03518,6.03736,2.37,1.50
2012.06.27 20:13:15.079,6.03518,6.03736,2.37,1.50
2012.06.27 20:13:15.410,6.03478,6.03683,2.78,1.92
2012.06.27 20:13:15.870,6.03478,6.03683,2.78,3.42
2012.06.27 20:13:16.168,6.03467,6.03683,2.37,3.42
2012.06.27 20:13:17.469,6.03455,6.03653,2.78,1.92
2012.06.27 20:13:22.139,6.03437,6.03653,2.37,1.92
2012.06.27 20:13:24.227,6.03437,6.03653,2.37,1.92
2012.06.27 20:13:30.612,6.03439,6.03653,2.78,1.92
2012.06.27 20:13:33.690,6.03439,6.03693,2.78,2.78
2012.06.27 20:13:35.188,6.03578,6.03697,1.62,1.50
2012.06.27 20:13:35.262,6.03578,6.03791,1.62,2.78
2012.06.27 20:13:36.019,6.03578,6.03797,2.37,1.50
2012.06.27 20:13:36.148,6.03583,6.03806,1.50,1.50
2012.06.27 20:13:37.545,6.03604,6.03806,1.50,1.50
2012.06.27 20:13:37.857,6.03594,6.03722,2.78,1.92
2012.06.27 20:13:38.946,6.03528,6.03722,2.78,1.92
2012.06.27 20:13:39.022,6.03528,6.03759,2.78,1.50
2012.06.27 20:13:43.927,6.03477,6.03729,2.78,2.03
2012.06.27 20:13:46.035,6.03477,6.03729,2.78,2.03
2012.06.27 20:13:46.298,6.03477,6.03729,2.78,2.03
2012.06.27 20:13:46.498,6.03477,6.03729,2.78,2.03
2012.06.27 20:13:51.899,6.03506,6.03753,2.78,2.03
2012.06.27 20:13:51.968,6.03506,6.0376,2.78,2.03
2012.06.27 20:13:52.097,6.03506,6.0376,2.78,2.03
2012.06.27 20:13:54.640,6.03527,6.03743,2.37,1.92
2012.06.27 20:13:54.709,6.03527,6.03743,2.37,1.92
2012.06.27 20:13:55.310,6.03527,6.03743,2.37,1.92
2012.06.27 20:13:56.857,6.03527,6.03739,2.37,2.03
2012.06.27 20:14:05.968,6.03527,6.03743,2.37,1.92
2012.06.27 20:14:24.772,6.03527,6.03739,2.37,2.03
2012.06.27 20:14:44.638,6.03527,6.03743,2.37,1.92
2012.06.27 20:14:46.498,6.03527,6.03743,2.37,1.92
2012.06.27 20:14:47.138,6.03527,6.03743,2.37,1.92
2012.06.27 20:14:54.668,6.03497,6.03749,2.78,2.03
2012.06.27 20:15:04.039,6.03497,6.03749,2.78,2.03
2012.06.27 20:15:04.589,6.03497,6.03749,2.78,2.03
2012.06.27 20:15:04.868,6.03518,6.03771,2.78,2.03
2012.06.27 20:15:25.675,6.03506,6.0376,2.78,2.03
2012.06.27 20:15:41.938,6.03506,6.0376,2.78,2.03
2012.06.27 20:15:45.554,6.03504,6.03756,2.78,2.03
2012.06.27 20:16:26.502,6.03505,6.03757,2.78,2.03
2012.06.27 20:16:53.979,6.03505,6.03757,2.78,2.03
2012.06.27 20:16:57.336,6.03505,6.03757,2.78,2.03
2012.06.27 20:17:03.879,6.03505,6.03757,2.78,2.03
2012.06.27 20:17:45.508,6.0346,6.03713,2.78,2.03
2012.06.27 20:17:45.700,6.0346,6.03713,2.78,2.03
2012.06.27 20:17:46.012,6.0346,6.03713,2.78,2.03
2012.06.27 20:17:46.642,6.0346,6.03713,2.78,2.03
2012.06.27 20:17:46.721,6.03447,6.03701,2.78,2.03
2012.06.27 20:17:47.550,6.03475,6.03724,2.78,2.03
2012.06.27 20:17:47.619,6.03475,6.0373,2.78,2.03
2012.06.27 20:17:47.688,6.035,6.03755,2.78,2.03
2012.06.27 20:18:07.667,6.03499,6.03753,2.78,2.03
2012.06.27 20:18:13.188,6.03499,6.03753,2.78,2.03
2012.06.27 20:18:27.515,6.03497,6.03751,2.78,2.03
2012.06.27 20:18:31.049,6.03557,6.03811,2.03,2.78
2012.06.27 20:18:31.128,6.03557,6.03811,2.78,2.78
2012.06.27 20:18:31.541,6.03578,6.03792,1.62,1.92
2012.06.27 20:18:35.183,6.03647,6.03844,1.62,1.50
2012.06.27 20:18:35.331,6.03647,6.03863,1.62,1.92
2012.06.27 20:18:55.820,6.03647,6.03839,1.62,2.03
2012.06.27 20:18:56.365,6.03608,6.03812,2.37,1.92
2012.06.27 20:18:56.548,6.03608,6.03812,2.37,1.92
2012.06.27 20:19:02.490,6.03608,6.03812,2.37,1.92
2012.06.27 20:19:04.439,6.03587,6.03839,2.78,2.03
2012.06.27 20:19:08.758,6.03564,6.03819,2.78,2.03
2012.06.27 20:19:09.579,6.03543,6.03795,2.78,2.03
2012.06.27 20:19:10.000,6.03543,6.03795,2.78,2.03
2012.06.27 20:19:14.169,6.03564,6.03819,2.78,2.03
2012.06.27 20:19:14.359,6.03564,6.03819,2.78,2.03
2012.06.27 20:19:26.678,6.03564,6.03817,2.78,2.03
2012.06.27 20:19:26.999,6.0354,6.03794,2.78,2.03
2012.06.27 20:19:47.647,6.03552,6.03806,2.78,2.03
2012.06.27 20:20:01.169,6.03552,6.03806,2.78,2.03
2012.06.27 20:20:03.682,6.03552,6.038,2.78,2.03
2012.06.27 20:20:04.039,6.03522,6.03776,2.78,2.03
2012.06.27 20:20:24.498,6.03535,6.03787,2.78,2.03
2012.06.27 20:20:29.008,6.03535,6.03787,2.78,2.03
2012.06.27 20:20:31.887,6.03535,6.03787,2.78,2.03
2012.06.27 20:20:36.620,6.0351,6.03765,4.80,2.03
2012.06.27 20:20:36.868,6.0351,6.03765,4.80,2.03
2012.06.27 20:20:39.568,6.0351,6.03765,2.78,2.03
2012.06.27 20:20:57.743,6.03525,6.03777,2.78,2.03
2012.06.27 20:21:17.576,6.03543,6.03798,2.78,2.03
2012.06.27 20:21:22.908,6.03543,6.03798,2.78,2.03
2012.06.27 20:21:31.710,6.03543,6.03798,2.78,2.03
2012.06.27 20:21:33.931,6.03565,6.03819,2.78,2.03
2012.06.27 20:21:43.939,6.03565,6.03819,2.78,2.03
2012.06.27 20:21:49.259,6.03565,6.03819,2.78,2.03
2012.06.27 20:21:49.571,6.03594,6.03846,2.78,2.03
2012.06.27 20:21:49.640,6.03614,6.03869,2.78,2.03
2012.06.27 20:21:49.713,6.03614,6.03869,2.78,2.03
2012.06.27 20:21:49.779,6.03637,6.03891,2.78,2.03
2012.06.27 20:21:50.451,6.03637,6.03891,2.78,2.03
2012.06.27 20:21:53.902,6.03637,6.0384,2.78,2.03
2012.06.27 20:21:53.969,6.03637,6.0384,2.78,2.03
2012.06.27 20:21:54.160,6.03563,6.03815,2.78,2.03
2012.06.27 20:21:54.230,6.03563,6.03815,2.78,2.03
2012.06.27 20:21:54.300,6.03576,6.0383,2.78,2.03
2012.06.27 20:21:55.470,6.03531,6.03783,2.78,2.03
2012.06.27 20:21:55.600,6.03549,6.03802,2.78,2.03
2012.06.27 20:21:55.791,6.03555,6.03809,2.78,2.03
2012.06.27 20:21:55.859,6.03555,6.03809,2.78,2.03
2012.06.27 20:21:56.050,6.03544,6.03799,2.78,2.03
2012.06.27 20:21:56.240,6.03565,6.03819,2.78,2.03
2012.06.27 20:22:04.750,6.03542,6.03768,2.78,2.03
2012.06.27 20:22:04.820,6.03532,6.03785,2.78,2.03
2012.06.27 20:22:05.008,6.03532,6.03785,2.78,2.03
2012.06.27 20:22:05.080,6.03532,6.03785,2.78,2.03
2012.06.27 20:22:05.211,6.03532,6.03785,2.78,2.03
2012.06.27 20:22:05.522,6.03532,6.03785,2.78,2.03
2012.06.27 20:22:06.019,6.03507,6.03733,2.78,2.03
2012.06.27 20:22:06.209,6.03519,6.03756,2.78,2.03
2012.06.27 20:22:06.279,6.03519,6.03771,2.78,2.03
2012.06.27 20:22:06.663,6.03494,6.03732,2.78,2.03
2012.06.27 20:22:07.428,6.03528,6.0378,2.78,2.03
2012.06.27 20:22:07.680,6.03505,6.0376,2.78,2.03
2012.06.27 20:22:07.751,6.03505,6.0376,2.78,2.03
2012.06.27 20:22:07.819,6.03505,6.0376,2.78,2.03
2012.06.27 20:22:10.871,6.03533,6.03785,2.78,2.03
2012.06.27 20:22:11.122,6.03533,6.03785,2.78,2.03
2012.06.27 20:22:31.593,6.03538,6.03793,2.78,2.03
2012.06.27 20:22:36.830,6.03511,6.03764,2.78,2.03
2012.06.27 20:22:37.371,6.03455,6.03709,2.78,2.03
2012.06.27 20:22:37.440,6.03507,6.03759,2.78,2.03
2012.06.27 20:22:37.809,6.03482,6.03708,2.78,2.03
2012.06.27 20:22:37.878,6.0348,6.03732,2.78,4.05
2012.06.27 20:22:38.320,6.03485,6.03737,2.78,2.03
2012.06.27 20:22:38.390,6.03517,6.03756,2.78,2.03
2012.06.27 20:22:38.459,6.03519,6.03772,2.78,2.03
2012.06.27 20:22:38.979,6.0348,6.03734,2.78,2.03
2012.06.27 20:22:39.637,6.03521,6.03776,2.78,2.03
2012.06.27 20:22:40.908,6.03469,6.03723,2.78,2.03
2012.06.27 20:22:41.230,6.03498,6.0375,2.78,2.03
2012.06.27 20:22:41.299,6.03527,6.03779,2.78,2.03
2012.06.27 20:22:41.430,6.03516,6.0377,2.78,2.03
2012.06.27 20:22:41.739,6.0347,6.03722,2.78,2.03
2012.06.27 20:22:41.869,6.0347,6.03724,2.78,2.03
2012.06.27 20:22:41.938,6.03521,6.03776,2.78,2.03
2012.06.27 20:22:42.047,6.03497,6.03724,2.78,2.03
2012.06.27 20:22:42.610,6.03509,6.03725,2.78,2.03
2012.06.27 20:22:42.679,6.03534,6.03786,2.78,2.03
2012.06.27 20:22:42.749,6.03528,6.03782,2.78,2.03
2012.06.27 20:22:43.060,6.03505,6.03756,2.78,2.03
2012.06.27 20:22:43.130,6.03528,6.03782,2.78,2.03
2012.06.27 20:22:43.258,6.03528,6.03779,2.78,2.03
2012.06.27 20:22:43.508,6.03531,6.03785,2.78,2.03
2012.06.27 20:22:44.033,6.03531,6.03775,2.78,2.03
2012.06.27 20:22:44.349,6.03498,6.03751,2.78,2.03
2012.06.27 20:22:44.423,6.03521,6.03775,2.78,4.05
2012.06.27 20:22:44.645,6.03474,6.03695,2.78,2.03
2012.06.27 20:22:44.789,6.03517,6.03771,2.78,2.03
2012.06.27 20:22:44.979,6.03493,6.03725,2.78,2.03
2012.06.27 20:22:45.289,6.03523,6.03749,2.78,2.03
2012.06.27 20:22:45.359,6.03523,6.03776,2.78,2.03
2012.06.27 20:22:45.690,6.03523,6.0375,2.78,2.03
2012.06.27 20:22:45.938,6.0353,6.03782,2.78,2.03
2012.06.27 20:22:46.068,6.03472,6.03726,2.78,2.03
2012.06.27 20:22:46.198,6.03504,6.0375,2.78,2.03
2012.06.27 20:22:46.268,6.03505,6.03757,2.78,2.03
2012.06.27 20:22:46.530,6.03535,6.03781,2.78,2.03
2012.06.27 20:22:47.023,6.0353,6.03784,2.78,2.03
2012.06.27 20:22:47.392,6.03493,6.03748,2.78,2.03
2012.06.27 20:22:47.459,6.03519,6.03773,2.78,2.03
2012.06.27 20:22:48.070,6.03498,6.03752,2.78,2.03
2012.06.27 20:22:48.199,6.03523,6.03777,2.78,2.03
2012.06.27 20:22:48.270,6.03528,6.03782,2.78,2.03
2012.06.27 20:22:48.531,6.03523,6.03777,2.78,2.03
2012.06.27 20:22:48.994,6.03499,6.03753,4.80,2.03
2012.06.27 20:22:49.269,6.03525,6.03779,2.78,2.03
2012.06.27 20:22:49.399,6.03499,6.03753,2.78,2.03
2012.06.27 20:22:49.870,6.03499,6.03751,2.78,2.03
2012.06.27 20:22:50.188,6.03472,6.03726,2.78,2.03
2012.06.27 20:22:50.379,6.03472,6.03726,2.78,2.03
2012.06.27 20:22:50.939,6.03472,6.03727,2.78,2.03
2012.06.27 20:22:51.510,6.03498,6.0375,2.78,2.03
2012.06.27 20:22:51.580,6.03498,6.03752,2.78,2.03
2012.06.27 20:22:51.649,6.03496,6.0375,2.78,2.03
2012.06.27 20:22:52.044,6.03496,6.0375,2.78,2.03
2012.06.27 20:22:56.420,6.03526,6.03773,2.78,2.03
2012.06.27 20:22:56.489,6.03526,6.03781,2.78,2.03
2012.06.27 20:22:56.749,6.03526,6.03781,2.78,2.03
2012.06.27 20:22:57.149,6.03493,6.03745,2.78,2.03
2012.06.27 20:22:57.221,6.03521,6.0377,2.78,2.03
2012.06.27 20:22:57.288,6.03521,6.03775,2.78,2.03
2012.06.27 20:22:57.480,6.03498,6.0375,2.78,2.03
2012.06.27 20:22:57.842,6.03527,6.03779,2.78,2.03
2012.06.27 20:22:57.913,6.03492,6.03746,2.78,2.03
2012.06.27 20:22:58.688,6.03527,6.03769,2.78,2.03
2012.06.27 20:22:58.759,6.03527,6.03781,2.78,2.03
2012.06.27 20:22:59.680,6.03503,6.03733,2.78,2.03
2012.06.27 20:23:00.468,6.03527,6.03757,2.78,2.03
2012.06.27 20:23:00.538,6.03527,6.0378,2.78,2.03
2012.06.27 20:23:00.681,6.03503,6.03726,2.78,2.03
2012.06.27 20:23:00.808,6.03503,6.03755,2.78,2.03
2012.06.27 20:23:01.080,6.03502,6.03751,2.78,2.03
2012.06.27 20:23:01.147,6.03502,6.03755,2.78,2.03
2012.06.27 20:23:11.829,6.03502,6.03755,2.78,2.03
2012.06.27 20:23:14.391,6.03478,6.03718,2.78,2.03
2012.06.27 20:23:14.458,6.035,6.03754,2.78,2.03
2012.06.27 20:23:18.638,6.035,6.03754,2.78,2.03
2012.06.27 20:23:20.549,6.035,6.03741,2.78,2.03
2012.06.27 20:23:20.618,6.03506,6.03758,2.78,2.03
2012.06.27 20:23:28.473,6.03506,6.03742,2.78,2.03
2012.06.27 20:23:28.789,6.03505,6.03759,2.78,2.03
2012.06.27 20:23:45.838,6.03514,6.03769,2.78,2.03
2012.06.27 20:23:46.239,6.03487,6.03739,2.78,2.03
2012.06.27 20:23:46.374,6.03514,6.03769,2.78,2.03
2012.06.27 20:24:01.298,6.03513,6.03767,2.78,2.03
2012.06.27 20:24:01.979,6.03486,6.0374,2.78,2.03
2012.06.27 20:24:02.157,6.03516,6.03768,2.78,2.03
2012.06.27 20:24:13.798,6.03516,6.03768,2.78,2.03
2012.06.27 20:24:18.558,6.03516,6.03768,2.78,2.03
2012.06.27 20:24:19.080,6.03516,6.03768,2.78,2.03
2012.06.27 20:24:22.524,6.03524,6.03778,2.78,2.03
2012.06.27 20:24:23.197,6.03524,6.03778,2.78,2.03
2012.06.27 20:24:37.800,6.03547,6.03799,2.78,2.03
2012.06.27 20:24:37.929,6.03547,6.03799,2.78,2.03
2012.06.27 20:24:41.378,6.03522,6.03774,2.78,2.03
2012.06.27 20:24:41.459,6.03547,6.03799,2.78,2.03
2012.06.27 20:24:51.032,6.03535,6.03787,2.78,2.03
2012.06.27 20:24:51.280,6.03535,6.03787,2.78,2.03
2012.06.27 20:25:07.697,6.03507,6.03761,2.78,2.03
2012.06.27 20:25:14.680,6.03547,6.03785,2.78,2.03
2012.06.27 20:25:14.880,6.03547,6.03785,2.78,2.03
2012.06.27 20:25:15.010,6.03547,6.03802,2.78,2.03
2012.06.27 20:25:21.329,6.03569,6.03823,2.78,2.03
2012.06.27 20:25:25.631,6.03631,6.03886,2.03,2.03
2012.06.27 20:25:25.761,6.03608,6.03823,2.78,2.03
2012.06.27 20:25:26.113,6.03608,6.03823,2.78,2.03
2012.06.27 20:25:31.239,6.03549,6.03802,2.78,2.03
2012.06.27 20:25:31.309,6.03549,6.03802,2.78,2.03
2012.06.27 20:25:31.440,6.03525,6.03778,2.78,2.03
2012.06.27 20:25:31.650,6.03524,6.03778,2.78,2.03
2012.06.27 20:25:37.639,6.03524,6.03778,2.78,2.03
2012.06.27 20:25:51.517,6.03531,6.03786,2.78,2.03
2012.06.27 20:25:59.179,6.03531,6.03722,2.78,1.92
2012.06.27 20:25:59.310,6.03538,6.03752,2.37,1.92
2012.06.27 20:25:59.380,6.03518,6.03722,2.37,1.92
2012.06.27 20:25:59.569,6.03518,6.03722,2.37,1.92
2012.06.27 20:26:00.090,6.03518,6.03722,2.37,1.92
2012.06.27 20:26:01.183,6.03518,6.03722,1.62,1.92
2012.06.27 20:26:25.512,6.03518,6.03706,1.62,2.03
2012.06.27 20:26:28.472,6.03518,6.03699,1.62,2.03
2012.06.27 20:26:28.801,6.03397,6.03633,2.37,1.92
2012.06.27 20:26:47.719,6.03417,6.03633,2.37,1.92
2012.06.27 20:26:50.592,6.03445,6.03633,2.03,1.92
2012.06.27 20:26:50.720,6.03417,6.03633,2.37,1.92
2012.06.27 20:26:50.850,6.03417,6.03633,2.37,1.92
2012.06.27 20:26:50.922,6.03417,6.03633,2.37,1.92
2012.06.27 20:27:07.848,6.03417,6.03633,2.37,1.92
2012.06.27 20:27:08.501,6.03417,6.03633,2.37,1.92
2012.06.27 20:27:30.202,6.03412,6.03666,2.78,2.03
2012.06.27 20:27:31.646,6.03412,6.03665,2.78,2.03
2012.06.27 20:28:00.695,6.03384,6.03646,1.50,2.03
2012.06.27 20:28:15.615,6.03383,6.03646,2.78,2.03
2012.06.27 20:28:21.484,6.03403,6.03659,2.78,2.03
2012.06.27 20:28:42.546,6.03393,6.03654,2.78,2.03
2012.06.27 20:29:03.637,6.03402,6.0366,2.78,2.03
2012.06.27 20:30:03.666,6.03374,6.03726,1.50,1.50
2012.06.27 20:30:05.580,6.03407,6.0366,2.78,2.03
2012.06.27 20:30:25.625,6.03417,6.03669,2.78,2.03
2012.06.27 20:30:46.508,6.03407,6.0366,2.78,2.03
2012.06.27 20:30:52.778,6.03407,6.03643,2.78,2.03
2012.06.27 20:30:52.909,6.03395,6.03648,2.78,2.03
2012.06.27 20:30:52.978,6.03395,6.03648,2.78,2.03
2012.06.27 20:30:53.621,6.03395,6.03648,2.78,2.03
2012.06.27 20:30:54.050,6.03395,6.03648,2.78,2.03
2012.06.27 20:31:13.177,6.03401,6.03655,2.78,2.03
2012.06.27 20:31:13.248,6.03401,6.03655,2.78,2.03
2012.06.27 20:31:18.958,6.03401,6.03655,2.78,2.03
2012.06.27 20:31:27.237,6.03401,6.03655,2.03,2.78
2012.06.27 20:31:27.307,6.03378,6.03636,2.03,2.78
2012.06.27 20:31:32.788,6.03357,6.03612,1.50,2.03
2012.06.27 20:31:32.976,6.03357,6.03612,1.50,2.03
2012.06.27 20:31:35.108,6.03358,6.03572,2.37,1.92
2012.06.27 20:31:35.238,6.03358,6.03572,1.62,1.92
2012.06.27 20:31:42.377,6.03358,6.03572,2.37,1.92
2012.06.27 20:31:42.686,6.03418,6.03613,1.62,1.50
2012.06.27 20:31:51.296,6.03418,6.03613,1.62,1.50
2012.06.27 20:32:42.592,6.03369,6.03632,2.03,2.78
2012.06.27 20:32:43.525,6.03378,6.03633,2.03,2.78
2012.06.27 20:33:04.377,6.03379,6.03637,2.03,2.78
2012.06.27 20:33:11.207,6.03358,6.03614,2.03,2.78
2012.06.27 20:33:15.350,6.03375,6.03636,2.03,2.78
2012.06.27 20:33:19.340,6.03351,6.03608,2.78,2.78
2012.06.27 20:33:19.467,6.03375,6.03632,2.03,2.78
2012.06.27 20:33:39.615,6.0337,6.03631,2.03,2.78
2012.06.27 20:33:43.266,6.0335,6.03608,2.78,2.78
2012.06.27 20:33:44.416,6.03377,6.03638,2.03,2.78
2012.06.27 20:33:52.307,6.0337,6.03628,2.03,2.78
2012.06.27 20:34:12.158,6.03468,6.03608,1.62,1.50
2012.06.27 20:34:12.287,6.03468,6.03655,1.62,2.03
2012.06.27 20:34:12.419,6.03468,6.03676,1.62,2.78
2012.06.27 20:34:18.957,6.03488,6.03676,1.62,2.78
2012.06.27 20:34:48.892,6.03488,6.03692,1.62,2.78
2012.06.27 20:34:49.395,6.03488,6.03692,1.62,2.78
2012.06.27 20:35:05.908,6.03488,6.03692,1.62,2.78
2012.06.27 20:35:08.769,6.03488,6.03702,1.62,2.67
2012.06.27 20:35:14.136,6.03462,6.03716,2.03,2.78
2012.06.27 20:35:26.557,6.03459,6.03714,3.53,2.78
2012.06.27 20:35:38.817,6.03459,6.03714,3.53,2.78
2012.06.27 20:35:39.091,6.03459,6.03714,3.53,2.78
2012.06.27 20:35:41.183,6.03459,6.03667,2.78,1.50
2012.06.27 20:35:41.377,6.03459,6.03714,3.53,2.78
2012.06.27 20:35:41.507,6.03459,6.03667,2.03,1.50
2012.06.27 20:35:42.344,6.03459,6.03712,2.03,1.50
2012.06.27 20:35:47.556,6.03457,6.03711,2.03,2.78
2012.06.27 20:36:04.677,6.03457,6.03711,2.03,2.78
2012.06.27 20:36:07.537,6.03456,6.0371,2.03,2.78
2012.06.27 20:36:28.535,6.03458,6.0371,2.03,2.78
2012.06.27 20:36:31.328,6.03458,6.03682,2.03,1.50
2012.06.27 20:36:31.467,6.03439,6.03682,1.50,3.53
2012.06.27 20:36:31.657,6.0343,6.03672,2.78,1.50
2012.06.27 20:36:39.907,6.0343,6.03682,2.78,2.78
2012.06.27 20:36:40.038,6.03456,6.03694,2.03,1.50
2012.06.27 20:37:00.609,6.03464,6.03697,2.03,1.50
2012.06.27 20:37:10.116,6.03464,6.03697,2.03,1.50
2012.06.27 20:37:40.240,6.03464,6.03704,2.03,1.50
2012.06.27 20:38:00.887,6.03436,6.03704,1.50,1.50
2012.06.27 20:38:10.268,6.03436,6.03704,1.50,1.50
2012.06.27 20:38:11.480,6.03398,6.03706,3.00,1.50
2012.06.27 20:38:21.427,6.03368,6.03666,1.13,1.35
2012.06.27 20:38:21.734,6.03305,6.03503,2.78,2.67
2012.06.27 20:38:22.219,6.03307,6.03503,1.36,2.67
2012.06.27 20:38:22.290,6.03305,6.03503,2.78,2.67
2012.06.27 20:38:22.748,6.03305,6.03483,2.03,2.67
2012.06.27 20:38:22.818,6.03317,6.03523,1.62,2.67
2012.06.27 20:38:43.709,6.03408,6.03554,1.62,2.78
2012.06.27 20:38:43.781,6.03408,6.03616,1.62,2.78
2012.06.27 20:38:43.848,6.03408,6.03618,2.37,2.78
2012.06.27 20:38:44.038,6.03408,6.03618,1.62,2.03
2012.06.27 20:38:44.889,6.03428,6.03641,1.62,3.53
2012.06.27 20:38:44.961,6.03498,6.03657,1.62,1.50
2012.06.27 20:38:45.032,6.03498,6.03665,1.62,2.03
2012.06.27 20:38:45.098,6.03498,6.03702,1.62,2.78
2012.06.27 20:39:23.559,6.03498,6.03712,1.62,2.67
2012.06.27 20:39:23.687,6.03498,6.03712,1.62,2.67
2012.06.27 20:39:34.889,6.03498,6.03712,1.62,2.67
2012.06.27 20:39:45.299,6.03473,6.03727,2.03,2.78
2012.06.27 20:39:54.719,6.03496,6.03751,2.03,2.78
2012.06.27 20:39:55.040,6.03496,6.03751,2.78,2.78
2012.06.27 20:40:14.029,6.03521,6.03775,2.03,2.78
2012.06.27 20:40:14.098,6.03521,6.03775,2.03,2.78
2012.06.27 20:40:14.169,6.03521,6.03775,2.03,2.78
2012.06.27 20:40:28.470,6.03517,6.03771,2.03,2.78
2012.06.27 20:40:28.779,6.03517,6.03771,2.03,2.78
2012.06.27 20:40:48.439,6.03517,6.03771,2.03,2.78
2012.06.27 20:40:48.507,6.03512,6.03765,2.78,2.78
2012.06.27 20:40:48.637,6.03512,6.03765,2.78,2.03
2012.06.27 20:41:08.658,6.03528,6.03782,2.03,2.03
2012.06.27 20:41:27.018,6.03523,6.03775,2.03,2.03
2012.06.27 20:41:27.997,6.03523,6.03775,2.03,2.78
2012.06.27 20:41:47.539,6.03533,6.03785,2.03,2.78
2012.06.27 20:42:07.577,6.03523,6.03775,2.03,2.78
2012.06.27 20:42:08.559,6.03504,6.03754,1.50,2.03
2012.06.27 20:42:10.488,6.03507,6.03754,1.50,2.03
2012.06.27 20:42:18.442,6.03528,6.0378,2.03,1.50
2012.06.27 20:42:18.511,6.03547,6.03763,1.62,1.92
2012.06.27 20:42:18.828,6.03528,6.03732,2.03,1.92
2012.06.27 20:42:19.139,6.03548,6.03762,1.62,1.92
2012.06.27 20:42:19.358,6.03555,6.03762,2.03,1.92
2012.06.27 20:42:19.830,6.03555,6.03732,2.03,1.92
2012.06.27 20:42:20.158,6.03555,6.03762,2.03,1.92
2012.06.27 20:42:22.258,6.03555,6.03713,2.03,1.92
2012.06.27 20:42:22.641,6.03504,6.03713,2.78,1.92
2012.06.27 20:42:26.880,6.03547,6.03763,1.62,1.92
2012.06.27 20:42:31.927,6.0355,6.03763,2.03,1.92
2012.06.27 20:42:32.589,6.03526,6.03713,1.50,1.92
2012.06.27 20:42:33.070,6.03504,6.03713,2.78,1.92
2012.06.27 20:42:36.338,6.03547,6.03758,1.62,2.03
2012.06.27 20:42:36.414,6.03547,6.03763,1.62,1.92
2012.06.27 20:42:41.378,6.03554,6.03763,2.03,1.92
2012.06.27 20:42:49.750,6.03588,6.03802,1.62,1.92
2012.06.27 20:43:50.156,6.03513,6.03837,1.50,1.50
2012.06.27 20:43:59.790,6.03513,6.03815,1.50,2.03
2012.06.27 20:44:00.098,6.03567,6.03773,1.62,1.92
2012.06.27 20:44:18.739,6.03608,6.03817,1.62,1.50
2012.06.27 20:44:18.809,6.03588,6.03802,1.62,1.92
2012.06.27 20:44:37.569,6.03537,6.03753,2.37,1.92
2012.06.27 20:44:37.698,6.03537,6.03753,1.62,1.92
2012.06.27 20:44:49.333,6.03667,6.03807,1.62,1.50
2012.06.27 20:44:49.580,6.03667,6.03842,2.37,1.50
2012.06.27 20:44:49.649,6.03667,6.03834,1.62,1.50
2012.06.27 20:44:49.780,6.03558,6.03773,3.00,1.92
2012.06.27 20:44:50.798,6.03559,6.03773,1.50,1.92
2012.06.27 20:44:50.869,6.03557,6.03773,2.37,1.92
2012.06.27 20:45:04.041,6.03559,6.03773,1.50,1.92
2012.06.27 20:45:50.401,6.03559,6.03825,1.50,1.50
2012.06.27 20:45:51.752,6.03559,6.03825,1.50,1.50
2012.06.27 20:46:05.425,6.03493,6.03829,1.50,1.50
2012.06.27 20:46:12.098,6.03487,6.03829,1.50,1.50
2012.06.27 20:46:12.360,6.03487,6.03821,1.50,1.50
2012.06.27 20:46:23.629,6.03503,6.03821,1.50,1.50
2012.06.27 20:46:23.958,6.03503,6.03833,1.50,1.50
2012.06.27 20:46:24.270,6.03587,6.03803,1.62,1.92
2012.06.27 20:46:24.620,6.03557,6.03773,2.37,1.92
2012.06.27 20:46:25.801,6.03557,6.03773,1.62,1.92
2012.06.27 20:46:42.848,6.03557,6.03773,2.37,1.92
2012.06.27 20:46:45.049,6.03557,6.03773,1.62,1.92
2012.06.27 20:46:54.160,6.03587,6.03803,1.62,1.92
2012.06.27 20:46:54.468,6.03558,6.03772,1.62,1.92
2012.06.27 20:47:22.191,6.03537,6.03753,2.37,1.92
2012.06.27 20:47:22.380,6.03537,6.03753,1.62,1.92
2012.06.27 20:47:31.359,6.03517,6.03723,2.37,1.92
2012.06.27 20:47:33.638,6.03517,6.03723,1.62,1.92
2012.06.27 20:47:37.991,6.03497,6.03702,1.50,1.92
2012.06.27 20:47:38.389,6.03467,6.03683,2.37,1.92
2012.06.27 20:47:38.464,6.03467,6.03683,1.62,1.92
2012.06.27 20:47:38.539,6.03467,6.03683,1.62,2.67
2012.06.27 20:47:39.070,6.03467,6.03683,1.62,2.67
2012.06.27 20:47:45.369,6.03431,6.03632,1.50,1.92
2012.06.27 20:47:45.439,6.03431,6.03632,1.50,1.92
2012.06.27 20:47:45.509,6.03431,6.03632,1.50,2.67
2012.06.27 20:47:58.316,6.03428,6.03632,2.37,2.67
2012.06.27 20:47:58.390,6.03428,6.03632,1.62,2.67
2012.06.27 20:48:00.091,6.03428,6.03632,1.62,2.67
2012.06.27 20:48:00.661,6.03428,6.03632,1.62,2.67
2012.06.27 20:48:04.678,6.03428,6.03632,1.62,1.92
2012.06.27 20:48:05.008,6.03428,6.03632,2.37,1.92
2012.06.27 20:48:05.549,6.03428,6.03632,2.37,1.92
2012.06.27 20:48:08.429,6.03448,6.03662,1.62,1.92
2012.06.27 20:48:08.758,6.03448,6.03662,2.37,1.92
2012.06.27 20:48:09.068,6.03453,6.03662,1.50,1.92
2012.06.27 20:48:29.290,6.03457,6.03662,1.50,1.92
2012.06.27 20:48:41.629,6.03462,6.03662,1.50,1.92
2012.06.27 20:49:00.532,6.03468,6.03662,1.50,1.92
2012.06.27 20:49:00.600,6.03478,6.03682,2.37,1.92
2012.06.27 20:49:00.669,6.03498,6.03712,1.62,1.92
2012.06.27 20:49:00.800,6.03498,6.03712,2.37,1.92
2012.06.27 20:49:15.739,6.03489,6.03682,1.50,1.92
2012.06.27 20:49:16.049,6.03489,6.03682,1.50,1.92
2012.06.27 20:49:22.381,6.03497,6.03713,2.37,1.92
2012.06.27 20:49:22.510,6.03499,6.03713,1.50,1.92
2012.06.27 20:49:22.811,6.03505,6.03713,1.50,1.92
2012.06.27 20:49:30.898,6.03503,6.03713,1.50,1.92
2012.06.27 20:49:33.950,6.03503,6.03683,1.50,1.92
2012.06.27 20:49:34.198,6.03495,6.03683,1.50,1.92
2012.06.27 20:49:34.329,6.03495,6.03683,1.50,1.92
2012.06.27 20:50:31.691,6.03495,6.03683,1.50,1.92
2012.06.27 20:50:34.290,6.03503,6.03775,1.50,1.50
2012.06.27 20:50:36.368,6.03503,6.03775,1.50,1.50
2012.06.27 20:50:36.498,6.03458,6.03775,1.50,1.50
2012.06.27 20:50:36.570,6.03458,6.03743,1.50,1.92
2012.06.27 20:50:36.901,6.03458,6.03743,1.50,1.92
2012.06.27 20:50:37.209,6.03524,6.03723,1.50,1.92
2012.06.27 20:50:41.129,6.03524,6.03743,1.50,1.92
2012.06.27 20:50:41.260,6.03457,6.03743,1.50,1.92
2012.06.27 20:50:41.334,6.03457,6.03743,1.50,1.92
2012.06.27 20:50:41.580,6.03455,6.03653,1.50,1.92
2012.06.27 20:50:41.771,6.03548,6.03783,1.50,2.67
2012.06.27 20:50:41.841,6.03548,6.03783,1.50,1.92
2012.06.27 20:50:41.911,6.03524,6.03672,1.50,1.92
2012.06.27 20:50:41.981,6.03514,6.03672,1.50,1.92
2012.06.27 20:50:42.050,6.03488,6.03672,1.50,1.92
2012.06.27 20:50:42.120,6.03466,6.03672,1.50,1.92
2012.06.27 20:50:42.438,6.0343,6.03672,1.50,1.92
2012.06.27 20:50:42.600,6.03488,6.03672,2.25,1.92
2012.06.27 20:50:42.851,6.03588,6.03823,1.50,1.92
2012.06.27 20:50:43.549,6.03567,6.03823,2.37,2.67
2012.06.27 20:50:43.860,6.03574,6.03763,1.50,1.92
2012.06.27 20:50:44.099,6.03574,6.03743,1.50,1.92
2012.06.27 20:50:44.291,6.03488,6.03743,1.50,1.92
2012.06.27 20:50:44.421,6.03421,6.03743,1.50,1.92
2012.06.27 20:50:44.701,6.03517,6.03743,2.25,1.92
2012.06.27 20:50:45.010,6.03597,6.03803,2.37,1.92
2012.06.27 20:50:45.551,6.03563,6.03733,1.50,1.92
2012.06.27 20:50:45.680,6.03536,6.03733,1.50,1.92
2012.06.27 20:50:45.872,6.03618,6.03806,1.62,1.50
2012.06.27 20:50:46.180,6.03618,6.03842,2.37,1.92
2012.06.27 20:50:54.970,6.03638,6.03842,2.37,1.92
2012.06.27 20:50:55.041,6.03638,6.03842,2.37,2.67
2012.06.27 20:51:20.071,6.03638,6.03837,1.62,1.50
2012.06.27 20:51:20.321,6.03638,6.03837,1.62,1.50
2012.06.27 20:51:20.633,6.03638,6.03831,2.37,1.50
2012.06.27 20:51:20.881,6.03638,6.03842,2.37,1.92
2012.06.27 20:51:20.951,6.03707,6.03891,1.62,1.50
2012.06.27 20:51:24.909,6.03707,6.0389,1.62,1.50
2012.06.27 20:51:24.980,6.03707,6.03891,1.62,1.50
2012.06.27 20:51:25.052,6.03658,6.03872,2.37,2.67
2012.06.27 20:51:25.122,6.03658,6.0387,2.37,1.50
2012.06.27 20:51:25.250,6.03658,6.03872,2.37,2.67
2012.06.27 20:51:25.380,6.03658,6.0387,2.37,1.50
2012.06.27 20:51:25.450,6.03658,6.03867,2.37,1.50
2012.06.27 20:51:25.581,6.03638,6.03842,2.37,1.92
2012.06.27 20:51:26.231,6.03638,6.03842,2.37,2.67
2012.06.27 20:51:27.350,6.03638,6.03842,2.37,2.67
2012.06.27 20:51:29.321,6.03638,6.03842,2.37,2.67
2012.06.27 20:51:29.629,6.03707,6.03894,2.37,1.50
2012.06.27 20:51:33.352,6.03687,6.03893,2.37,2.67
2012.06.27 20:51:33.605,6.03687,6.03893,2.37,2.67
2012.06.27 20:51:34.021,6.03687,6.03875,2.37,1.50
2012.06.27 20:51:35.891,6.03687,6.03887,2.37,1.50
2012.06.27 20:51:36.140,6.03687,6.03893,2.37,2.67
2012.06.27 20:51:46.412,6.03687,6.03893,2.37,2.67
2012.06.27 20:51:48.168,6.03687,6.03893,2.37,1.92
2012.06.27 20:51:49.082,6.03687,6.03893,1.62,2.67
2012.06.27 20:51:49.331,6.03687,6.03886,1.62,1.50
2012.06.27 20:51:49.648,6.03687,6.03893,2.37,2.67
2012.06.27 20:51:52.500,6.03687,6.03893,2.37,2.67
2012.06.27 20:51:52.749,6.03687,6.03893,2.37,2.67
2012.06.27 20:51:54.280,6.03687,6.03876,1.62,1.50
2012.06.27 20:51:54.351,6.0359,6.03793,1.50,1.92
2012.06.27 20:51:54.541,6.03627,6.03843,2.37,1.92
2012.06.27 20:51:56.243,6.03627,6.03843,1.62,2.67
2012.06.27 20:51:59.338,6.03627,6.03843,2.37,1.92
2012.06.27 20:51:59.471,6.03657,6.03873,1.62,2.67
2012.06.27 20:52:00.703,6.03657,6.03873,2.37,1.92
2012.06.27 20:52:02.201,6.03657,6.03873,1.62,2.67
2012.06.27 20:52:02.570,6.03657,6.03873,2.37,1.92
2012.06.27 20:52:06.444,6.03657,6.03873,1.62,2.67
2012.06.27 20:52:06.782,6.03657,6.03873,1.62,2.67
2012.06.27 20:52:07.151,6.03657,6.03873,1.62,2.67
2012.06.27 20:52:09.011,6.03657,6.03873,2.37,1.92
2012.06.27 20:52:12.321,6.03657,6.03873,2.37,2.67
2012.06.27 20:52:12.392,6.03657,6.03873,2.37,1.92
2012.06.27 20:52:17.120,6.03657,6.03873,2.37,2.67
2012.06.27 20:52:17.511,6.03657,6.03873,2.37,1.92
2012.06.27 20:52:25.134,6.03657,6.03873,1.62,2.67
2012.06.27 20:52:25.332,6.03638,6.03842,2.37,1.92
2012.06.27 20:52:26.432,6.03688,6.0387,1.62,1.50
2012.06.27 20:52:26.501,6.03688,6.03876,1.62,1.50
2012.06.27 20:52:26.571,6.03688,6.03887,1.62,1.50
2012.06.27 20:52:26.885,6.03688,6.03876,1.62,1.50
2012.06.27 20:52:28.322,6.03688,6.03892,1.62,3.42
2012.06.27 20:52:38.193,6.03688,6.03892,1.62,2.67
2012.06.27 20:52:38.261,6.03657,6.03873,1.62,2.67
2012.06.27 20:52:38.751,6.03657,6.03873,1.62,2.67
2012.06.27 20:52:38.821,6.03637,6.03843,1.62,2.67
2012.06.27 20:52:42.119,6.03657,6.03864,1.62,1.50
2012.06.27 20:52:42.502,6.03657,6.03867,1.62,1.50
2012.06.27 20:52:44.242,6.03657,6.03849,1.62,2.78
2012.06.27 20:52:46.153,6.03657,6.03873,2.37,2.67
2012.06.27 20:52:46.622,6.03657,6.03873,2.37,2.67
2012.06.27 20:52:46.696,6.03657,6.03872,1.62,1.50
2012.06.27 20:52:51.991,6.03657,6.03872,1.62,1.50
2012.06.27 20:52:52.301,6.03657,6.0387,1.62,1.50
2012.06.27 20:53:06.321,6.03657,6.0387,1.62,1.50
2012.06.27 20:53:14.050,6.03657,6.0387,1.62,1.50
2012.06.27 20:53:22.909,6.03708,6.03889,1.62,1.50
2012.06.27 20:53:22.981,6.03708,6.03889,1.62,1.50
2012.06.27 20:53:28.320,6.03687,6.03889,1.62,1.50
2012.06.27 20:53:31.389,6.03687,6.03889,1.62,1.50
2012.06.27 20:53:31.460,6.03708,6.03889,1.62,1.50
2012.06.27 20:53:47.499,6.03708,6.03889,1.62,1.50
2012.06.27 20:54:06.829,6.03708,6.03917,1.62,1.50
2012.06.27 20:54:07.030,6.03708,6.03917,1.62,1.50
2012.06.27 20:54:07.162,6.03708,6.03922,1.62,2.67
2012.06.27 20:54:29.671,6.03708,6.03918,1.62,1.50
2012.06.27 20:54:31.480,6.03627,6.03937,1.50,1.50
2012.06.27 20:54:31.721,6.03627,6.03937,1.50,1.50
2012.06.27 20:54:36.249,6.03627,6.03937,1.50,1.50
2012.06.27 20:54:52.580,6.03627,6.03937,1.50,1.50
2012.06.27 20:55:04.830,6.03648,6.03956,1.50,1.50
2012.06.27 20:55:17.579,6.03637,6.03938,1.50,1.50
2012.06.27 20:55:20.239,6.03628,6.03938,1.50,1.50
2012.06.27 20:55:23.589,6.03648,6.03938,1.50,1.50
2012.06.27 20:55:27.300,6.03628,6.03938,1.50,1.50
2012.06.27 20:55:37.088,6.03617,6.03918,1.50,1.50
2012.06.27 20:55:39.759,6.03611,6.03918,1.50,1.50
2012.06.27 20:55:52.849,6.0361,6.03918,1.50,1.50
2012.06.27 20:55:54.628,6.0361,6.03918,1.50,1.50
2012.06.27 20:56:54.089,6.03597,6.039,1.50,1.50
2012.06.27 20:56:59.421,6.03613,6.03923,1.50,1.50
2012.06.27 20:57:02.429,6.03613,6.03923,1.50,1.50
2012.06.27 20:57:09.789,6.03596,6.03903,1.50,1.50
2012.06.27 20:57:09.919,6.03688,6.03892,1.62,2.67
2012.06.27 20:57:11.653,6.03688,6.03892,1.62,2.67
2012.06.27 20:57:12.870,6.03688,6.03892,1.62,2.67
2012.06.27 20:57:24.862,6.03688,6.03892,1.62,2.67
2012.06.27 20:57:27.402,6.03688,6.03892,1.62,2.67
2012.06.27 20:57:39.749,6.03688,6.03892,1.62,2.67
2012.06.27 20:57:40.715,6.03688,6.03892,1.62,2.67
2012.06.27 20:57:49.771,6.03688,6.03892,1.62,2.67
2012.06.27 20:58:08.359,6.03688,6.03892,1.62,2.67
2012.06.27 20:58:10.256,6.03618,6.03926,1.50,1.50
2012.06.27 20:58:10.330,6.03618,6.03923,1.50,1.50
2012.06.27 20:58:20.109,6.03618,6.03912,1.50,1.50
2012.06.27 20:58:23.249,6.03618,6.03882,1.50,1.50
2012.06.27 20:58:38.479,6.03618,6.03913,1.50,1.50
2012.06.27 20:58:43.329,6.03618,6.03912,1.50,1.50
2012.06.27 20:58:47.109,6.03707,6.03912,2.25,1.50
2012.06.27 20:58:47.240,6.03707,6.04186,2.25,1.50
2012.06.27 20:58:47.309,6.03707,6.04186,3.00,1.50
2012.06.27 20:58:49.890,6.03727,6.04146,3.00,1.50
2012.06.27 20:58:50.080,6.03727,6.04126,3.00,1.50
2012.06.27 20:58:50.532,6.03727,6.04126,3.00,1.50
2012.06.27 20:58:53.108,6.03727,6.04123,3.00,1.50
2012.06.27 20:58:53.180,6.03708,6.04123,2.37,1.50
2012.06.27 20:58:53.369,6.03708,6.04106,2.37,1.50
2012.06.27 20:58:54.990,6.03708,6.04106,2.37,1.50
2012.06.27 20:58:56.963,6.03708,6.04106,2.37,1.50
2012.06.27 20:59:00.804,6.03708,6.04073,1.62,0.75
2012.06.27 20:59:03.787,6.03708,6.04082,1.62,0.75
2012.06.27 20:59:12.308,6.03708,6.04072,1.62,0.75
2012.06.27 20:59:30.470,6.03708,6.04093,1.62,0.75
2012.06.27 20:59:30.658,6.03713,6.04093,0.75,0.75
2012.06.27 20:59:30.989,6.03713,6.04083,0.75,0.75
2012.06.27 20:59:41.117,6.03713,6.04093,0.75,0.75
2012.06.27 20:59:41.178,6.03724,6.04093,0.75,0.75
2012.06.27 20:59:41.490,6.03738,6.04093,2.25,0.75
2012.06.27 20:59:44.968,6.03738,6.04052,2.25,0.75
2012.06.27 20:59:45.027,6.03687,6.04052,1.62,0.75
2012.06.27 20:59:47.922,6.03687,6.04042,1.62,0.75
