2009.12.03 09:00:03.596,5.5746,5.5778,1.60,1.60
2009.12.03 09:00:03.986,5.5747,5.5779,1.60,1.60
2009.12.03 09:00:05.855,5.5746,5.5777,1.60,1.60
2009.12.03 09:00:06.905,5.5744,5.5779,1.60,1.60
2009.12.03 09:00:07.245,5.5749,5.578,1.60,1.60
2009.12.03 09:00:07.595,5.5745,5.578,1.60,1.60
2009.12.03 09:00:11.764,5.5749,5.578,1.60,1.60
2009.12.03 09:00:15.173,5.5747,5.5779,1.60,1.60
2009.12.03 09:00:22.251,5.5749,5.578,1.60,1.60
2009.12.03 09:00:28.550,5.57525,5.578,1.60,1.60
2009.12.03 09:00:28.660,5.57525,5.5777,1.60,1.60
2009.12.03 09:00:29.210,5.57525,5.578,1.60,1.60
2009.12.03 09:00:29.510,5.57525,5.5779,1.60,1.60
2009.12.03 09:00:30.520,5.57535,5.5779,1.60,1.60
2009.12.03 09:00:31.049,5.57515,5.5779,1.60,1.60
2009.12.03 09:00:31.399,5.57515,5.5775,1.60,1.60
2009.12.03 09:00:31.739,5.57515,5.5777,1.60,1.60
2009.12.03 09:00:32.429,5.57505,5.5777,1.60,1.60
2009.12.03 09:00:32.779,5.57505,5.5775,1.60,1.60
2009.12.03 09:00:33.709,5.57505,5.5773,1.60,1.60
2009.12.03 09:00:36.208,5.57485,5.5773,1.60,1.60
2009.12.03 09:00:36.378,5.57485,5.577,1.60,1.60
2009.12.03 09:00:38.847,5.57495,5.577,1.60,1.60
2009.12.03 09:00:39.147,5.57485,5.577,1.60,1.60
2009.12.03 09:00:39.437,5.5746,5.5769,3.20,1.60
2009.12.03 09:00:40.878,5.57485,5.5766,1.60,1.60
2009.12.03 09:00:41.647,5.57485,5.577,1.60,1.60
2009.12.03 09:00:42.617,5.57465,5.5769,1.60,1.60
2009.12.03 09:00:42.896,5.57485,5.5769,1.60,1.60
2009.12.03 09:00:45.866,5.57495,5.5769,1.60,1.60
2009.12.03 09:00:46.845,5.57485,5.5769,1.60,1.60
2009.12.03 09:00:47.125,5.57475,5.5769,1.60,1.60
2009.12.03 09:00:47.695,5.57475,5.5766,1.60,1.60
2009.12.03 09:00:47.995,5.57485,5.577,1.60,1.60
2009.12.03 09:00:48.945,5.5748,5.577,1.60,1.60
2009.12.03 09:00:49.405,5.57485,5.577,1.60,1.60
2009.12.03 09:00:49.745,5.57495,5.577,1.60,1.60
2009.12.03 09:00:51.184,5.57495,5.5769,1.60,1.60
2009.12.03 09:00:52.484,5.57475,5.5768,1.60,1.60
2009.12.03 09:00:53.214,5.57465,5.5768,1.60,1.60
2009.12.03 09:00:54.933,5.57485,5.5768,1.60,1.60
2009.12.03 09:00:56.203,5.57475,5.5766,1.60,1.60
2009.12.03 09:01:00.262,5.57465,5.5766,1.60,1.60
2009.12.03 09:01:00.852,5.57475,5.5766,1.60,1.60
2009.12.03 09:01:05.412,5.57465,5.5766,1.60,1.60
2009.12.03 09:01:13.839,5.57475,5.5766,1.60,1.60
2009.12.03 09:01:14.059,5.57475,5.5768,1.60,1.60
2009.12.03 09:01:14.349,5.57465,5.5768,1.60,1.60
2009.12.03 09:01:18.278,5.57475,5.5768,1.60,1.60
2009.12.03 09:01:20.557,5.5748,5.5769,1.60,1.60
2009.12.03 09:01:20.718,5.57485,5.5769,1.60,1.60
2009.12.03 09:01:25.236,5.5748,5.5769,1.60,1.60
2009.12.03 09:01:25.356,5.57485,5.5769,1.60,1.60
2009.12.03 09:01:25.477,5.57485,5.5766,1.60,1.60
2009.12.03 09:01:25.596,5.57485,5.5769,1.60,1.60
2009.12.03 09:01:25.716,5.57485,5.577,1.60,1.60
2009.12.03 09:01:30.895,5.5748,5.577,1.60,1.60
2009.12.03 09:01:31.005,5.57475,5.5766,1.60,1.60
2009.12.03 09:01:31.125,5.57495,5.5766,1.60,1.60
2009.12.03 09:01:31.235,5.57495,5.577,1.60,1.60
2009.12.03 09:01:31.585,5.57475,5.5769,1.60,1.60
2009.12.03 09:01:33.874,5.57495,5.5769,1.60,1.60
2009.12.03 09:01:37.913,5.57485,5.5769,1.60,1.60
2009.12.03 09:01:46.211,5.57515,5.577,1.60,1.60
2009.12.03 09:01:46.681,5.5752,5.5773,1.60,1.60
2009.12.03 09:01:48.431,5.5755,5.5777,1.60,1.60
2009.12.03 09:01:48.771,5.5754,5.5775,1.60,1.60
2009.12.03 09:01:48.941,5.57555,5.5777,1.60,1.60
2009.12.03 09:01:49.280,5.5757,5.5779,1.60,1.60
2009.12.03 09:01:52.750,5.57555,5.5777,1.60,1.60
2009.12.03 09:01:57.378,5.5755,5.5777,1.60,1.60
2009.12.03 09:01:58.938,5.57535,5.5773,1.60,1.60
2009.12.03 09:01:59.118,5.57525,5.5773,1.60,1.60
2009.12.03 09:01:59.468,5.5753,5.5776,1.60,1.60
2009.12.03 09:02:04.067,5.5752,5.5773,1.60,1.60
2009.12.03 09:02:09.435,5.5752,5.5773,1.60,1.60
2009.12.03 09:02:11.855,5.5752,5.5773,1.60,1.60
2009.12.03 09:02:12.435,5.5752,5.5773,1.60,1.60
2009.12.03 09:02:12.655,5.5752,5.5773,1.60,1.60
2009.12.03 09:02:12.835,5.5752,5.5773,1.60,1.60
2009.12.03 09:02:15.704,5.5752,5.5773,1.60,1.60
2009.12.03 09:02:15.824,5.5752,5.5773,1.70,1.60
2009.12.03 09:02:15.884,5.5752,5.5773,1.60,1.60
2009.12.03 09:02:16.234,5.5752,5.5773,1.60,1.60
2009.12.03 09:02:16.914,5.5752,5.5773,1.60,1.60
2009.12.03 09:02:17.264,5.57505,5.5773,3.20,1.60
2009.12.03 09:02:17.624,5.5752,5.5773,1.60,1.60
2009.12.03 09:02:18.663,5.5752,5.5773,1.60,1.60
2009.12.03 09:02:18.883,5.5753,5.5776,1.60,1.60
2009.12.03 09:02:22.292,5.5755,5.5777,1.60,1.60
2009.12.03 09:02:32.190,5.5755,5.5777,1.60,1.60
2009.12.03 09:02:32.540,5.5755,5.5776,1.00,1.60
2009.12.03 09:02:32.770,5.5753,5.5776,1.60,1.60
2009.12.03 09:02:39.208,5.5755,5.5776,1.00,1.60
2009.12.03 09:02:39.498,5.5755,5.5777,1.60,1.60
2009.12.03 09:03:05.392,5.5755,5.5777,1.60,1.60
2009.12.03 09:03:05.452,5.5757,5.5779,1.60,1.60
2009.12.03 09:03:05.672,5.5759,5.5779,1.00,1.60
2009.12.03 09:03:06.062,5.5759,5.578,1.60,1.60
2009.12.03 09:03:09.981,5.5759,5.5779,1.00,1.60
2009.12.03 09:03:10.141,5.5757,5.5779,1.60,1.60
2009.12.03 09:03:10.611,5.57595,5.5779,1.60,1.60
2009.12.03 09:03:11.591,5.57655,5.5777,1.60,1.60
2009.12.03 09:03:11.991,5.57645,5.5779,1.60,1.60
2009.12.03 09:03:12.351,5.5765,5.578,1.60,1.60
2009.12.03 09:03:12.700,5.57635,5.578,1.60,1.60
2009.12.03 09:03:13.050,5.57615,5.578,1.60,1.60
2009.12.03 09:03:13.720,5.5763,5.578,1.00,1.60
2009.12.03 09:03:14.110,5.5761,5.578,1.60,1.60
2009.12.03 09:03:17.089,5.5759,5.578,1.60,1.60
2009.12.03 09:03:17.369,5.57605,5.578,1.60,1.60
2009.12.03 09:03:17.600,5.5761,5.578,1.60,1.60
2009.12.03 09:03:20.129,5.57605,5.578,1.60,1.60
2009.12.03 09:03:20.778,5.57625,5.578,1.60,1.60
2009.12.03 09:03:22.178,5.57615,5.578,1.60,1.60
2009.12.03 09:03:27.397,5.57625,5.578,1.60,1.60
2009.12.03 09:03:28.137,5.57615,5.578,1.60,1.60
2009.12.03 09:03:30.846,5.57615,5.5779,1.60,1.60
2009.12.03 09:03:34.205,5.57625,5.5779,1.60,1.60
2009.12.03 09:03:35.535,5.57625,5.578,1.60,1.60
2009.12.03 09:03:36.155,5.57625,5.5779,1.60,1.60
2009.12.03 09:03:37.005,5.57635,5.578,1.60,1.60
2009.12.03 09:03:37.395,5.57645,5.578,1.60,1.60
2009.12.03 09:03:43.513,5.57655,5.578,1.60,1.60
2009.12.03 09:03:48.462,5.57645,5.578,1.60,1.60
2009.12.03 09:03:50.831,5.57625,5.578,1.60,1.60
2009.12.03 09:04:02.059,5.57635,5.578,1.60,1.60
2009.12.03 09:04:02.408,5.57625,5.578,1.60,1.60
2009.12.03 09:04:02.968,5.57625,5.5779,1.60,1.60
2009.12.03 09:04:05.518,5.57625,5.578,1.60,1.60
2009.12.03 09:04:05.759,5.57645,5.578,1.60,1.60
2009.12.03 09:04:10.746,5.57625,5.578,1.60,1.60
2009.12.03 09:04:13.216,5.57645,5.578,1.60,1.60
2009.12.03 09:04:13.895,5.57635,5.578,1.60,1.60
2009.12.03 09:04:16.375,5.5764,5.5781,1.00,3.30
2009.12.03 09:04:16.605,5.57645,5.578,1.60,1.60
2009.12.03 09:04:20.454,5.57645,5.578,1.60,1.60
2009.12.03 09:04:21.264,5.5764,5.578,1.00,1.60
2009.12.03 09:04:21.604,5.57635,5.578,1.60,1.60
2009.12.03 09:04:22.574,5.57615,5.578,1.60,1.60
2009.12.03 09:04:25.653,5.57625,5.578,1.60,1.60
2009.12.03 09:04:26.113,5.57635,5.578,1.60,1.60
2009.12.03 09:04:27.082,5.5762,5.578,1.60,1.60
2009.12.03 09:04:33.441,5.5763,5.578,1.00,1.60
2009.12.03 09:04:40.869,5.5766,5.578,1.60,1.60
2009.12.03 09:04:42.429,5.5766,5.578,1.60,1.60
2009.12.03 09:04:42.778,5.5766,5.5786,1.60,1.00
2009.12.03 09:04:43.398,5.5768,5.5786,1.00,1.00
2009.12.03 09:04:43.738,5.5766,5.5785,1.60,1.00
2009.12.03 09:04:43.919,5.5765,5.5785,1.00,1.00
2009.12.03 09:04:44.958,5.5768,5.5786,1.00,1.00
2009.12.03 09:04:46.588,5.5769,5.5786,1.00,1.00
2009.12.03 09:04:50.147,5.5768,5.5785,1.00,1.00
2009.12.03 09:04:55.256,5.5765,5.5784,1.00,1.00
2009.12.03 09:04:57.105,5.57655,5.5784,1.60,1.00
2009.12.03 09:04:57.435,5.5765,5.5781,1.00,1.00
2009.12.03 09:04:59.615,5.57625,5.578,1.60,1.00
2009.12.03 09:04:59.974,5.576,5.578,1.00,1.60
2009.12.03 09:05:02.514,5.5762,5.578,1.00,1.60
2009.12.03 09:05:02.864,5.5762,5.5782,1.60,1.00
2009.12.03 09:05:04.813,5.5764,5.5782,1.00,1.00
2009.12.03 09:05:08.282,5.5764,5.5781,1.00,1.00
2009.12.03 09:05:18.310,5.5765,5.5781,1.00,1.00
2009.12.03 09:05:25.768,5.5762,5.5781,1.60,1.00
2009.12.03 09:05:25.948,5.5759,5.578,1.60,1.60
2009.12.03 09:05:29.437,5.5759,5.578,1.60,1.60
2009.12.03 09:05:29.777,5.5762,5.5781,1.60,1.00
2009.12.03 09:05:31.687,5.5762,5.5782,1.60,1.00
2009.12.03 09:05:32.017,5.5762,5.5781,1.60,1.00
2009.12.03 09:05:32.357,5.5759,5.578,1.60,1.60
2009.12.03 09:05:34.056,5.5755,5.5777,1.60,1.60
2009.12.03 09:05:34.176,5.5757,5.5779,1.60,1.60
2009.12.03 09:05:35.496,5.5755,5.5777,1.60,1.60
2009.12.03 09:05:35.846,5.5757,5.5779,1.60,1.60
2009.12.03 09:05:36.686,5.5753,5.5776,1.60,1.60
2009.12.03 09:05:36.965,5.5754,5.5776,1.00,1.60
2009.12.03 09:05:37.635,5.5754,5.5775,1.00,1.00
2009.12.03 09:05:39.165,5.5755,5.5775,1.60,1.00
2009.12.03 09:05:39.335,5.5757,5.5775,1.00,1.00
2009.12.03 09:05:43.324,5.5757,5.5774,1.00,1.00
2009.12.03 09:05:52.122,5.5754,5.57735,1.00,1.00
2009.12.03 09:05:55.022,5.5758,5.5774,1.00,1.00
2009.12.03 09:06:03.079,5.5757,5.5775,1.00,1.00
2009.12.03 09:06:06.659,5.5758,5.5777,1.00,1.60
2009.12.03 09:06:06.948,5.5758,5.5778,1.00,1.00
2009.12.03 09:06:07.298,5.5759,5.5779,1.00,1.60
2009.12.03 09:06:07.648,5.5761,5.5779,1.00,1.00
2009.12.03 09:06:10.477,5.5759,5.5774,1.60,1.00
2009.12.03 09:06:10.657,5.5757,5.5774,1.00,1.00
2009.12.03 09:06:14.667,5.5758,5.5777,1.00,1.60
2009.12.03 09:06:15.246,5.5759,5.5777,1.60,1.00
2009.12.03 09:06:15.416,5.5761,5.5778,1.00,1.00
2009.12.03 09:06:15.706,5.5759,5.5777,1.60,1.00
2009.12.03 09:06:15.886,5.5761,5.5778,1.00,1.00
2009.12.03 09:06:16.727,5.5759,5.5777,1.60,1.00
2009.12.03 09:06:17.066,5.5761,5.5778,1.00,1.00
2009.12.03 09:06:18.146,5.5759,5.5777,1.60,1.00
2009.12.03 09:06:18.496,5.5762,5.5778,1.00,1.00
2009.12.03 09:06:18.735,5.5759,5.5777,1.60,1.00
2009.12.03 09:06:19.026,5.5762,5.5778,1.00,1.00
2009.12.03 09:06:20.185,5.5759,5.5777,1.60,1.00
2009.12.03 09:06:20.545,5.5762,5.5778,1.00,1.00
2009.12.03 09:06:20.725,5.5759,5.5777,1.60,1.00
2009.12.03 09:06:21.355,5.5762,5.5778,1.00,1.00
2009.12.03 09:06:21.875,5.5759,5.5777,1.60,1.00
2009.12.03 09:06:22.215,5.5762,5.5778,1.00,1.00
2009.12.03 09:06:28.303,5.5759,5.5777,1.00,1.60
2009.12.03 09:06:28.653,5.5759,5.5777,1.00,1.00
2009.12.03 09:06:29.053,5.5762,5.5777,1.00,1.00
2009.12.03 09:06:29.223,5.5762,5.5777,1.00,1.00
2009.12.03 09:06:32.492,5.5763,5.5781,1.00,1.00
2009.12.03 09:06:32.842,5.5766,5.5781,1.00,1.00
2009.12.03 09:06:33.192,5.5762,5.5777,1.00,1.00
2009.12.03 09:06:43.429,5.576,5.5778,1.00,1.00
2009.12.03 09:06:49.528,5.5761,5.5778,1.00,1.00
2009.12.03 09:06:59.396,5.5761,5.5777,1.00,1.00
2009.12.03 09:07:03.245,5.5761,5.5779,1.00,1.00
2009.12.03 09:07:08.434,5.5761,5.5778,1.00,1.00
2009.12.03 09:07:11.253,5.5762,5.5779,1.00,1.00
2009.12.03 09:07:18.321,5.5763,5.5779,1.00,1.00
2009.12.03 09:07:28.349,5.5763,5.5778,1.00,1.00
2009.12.03 09:07:39.086,5.5763,5.5781,1.00,1.00
2009.12.03 09:07:44.685,5.5767,5.5782,1.00,1.00
2009.12.03 09:08:01.711,5.5766,5.5784,1.00,1.60
2009.12.03 09:08:01.891,5.5766,5.5788,1.60,1.60
2009.12.03 09:08:04.940,5.5766,5.5788,1.60,1.60
2009.12.03 09:08:05.110,5.5764,5.5786,1.60,1.60
2009.12.03 09:08:05.520,5.5762,5.5784,1.60,1.60
2009.12.03 09:08:06.879,5.5764,5.5786,1.60,1.60
2009.12.03 09:08:08.609,5.5762,5.5784,1.60,1.60
2009.12.03 09:08:09.059,5.5764,5.5785,1.60,1.00
2009.12.03 09:08:09.229,5.5764,5.5786,1.60,1.60
2009.12.03 09:08:10.169,5.5767,5.5788,1.00,1.60
2009.12.03 09:08:18.597,5.5763,5.5784,1.00,1.60
2009.12.03 09:08:19.106,5.5764,5.5786,1.60,1.60
2009.12.03 09:08:24.306,5.5771,5.5786,1.00,1.60
2009.12.03 09:08:24.655,5.577,5.5791,1.60,1.60
2009.12.03 09:08:25.905,5.577,5.5788,1.60,1.00
2009.12.03 09:08:26.195,5.5767,5.5788,1.00,1.60
2009.12.03 09:08:30.384,5.5767,5.5787,1.00,1.00
2009.12.03 09:08:31.783,5.5768,5.5788,1.00,1.60
2009.12.03 09:08:38.462,5.5767,5.5787,1.00,1.00
2009.12.03 09:08:40.752,5.5768,5.579,1.60,1.60
2009.12.03 09:08:41.162,5.5771,5.5791,1.00,1.00
2009.12.03 09:08:42.771,5.57715,5.5791,1.60,1.00
2009.12.03 09:08:43.111,5.5771,5.5791,1.00,1.00
2009.12.03 09:08:54.128,5.5771,5.5791,1.00,1.60
2009.12.03 09:08:54.238,5.57675,5.5787,1.60,1.00
2009.12.03 09:08:54.519,5.57675,5.5788,1.60,1.60
2009.12.03 09:08:54.638,5.5768,5.579,1.60,1.60
2009.12.03 09:08:57.318,5.5771,5.579,1.00,1.60
2009.12.03 09:08:57.718,5.5771,5.5791,1.00,1.00
2009.12.03 09:09:09.924,5.5768,5.579,1.60,1.60
2009.12.03 09:09:10.164,5.5767,5.5787,1.00,1.00
2009.12.03 09:09:16.473,5.5764,5.5787,1.60,1.60
2009.12.03 09:09:16.693,5.5763,5.5783,1.60,1.00
2009.12.03 09:09:17.222,5.57635,5.5783,1.60,1.00
2009.12.03 09:09:17.573,5.5765,5.5786,1.60,1.00
2009.12.03 09:09:18.662,5.57665,5.5787,1.00,1.60
2009.12.03 09:09:19.022,5.5765,5.5786,1.60,1.00
2009.12.03 09:09:20.422,5.5765,5.5787,1.60,1.60
2009.12.03 09:09:20.912,5.5767,5.5787,1.00,1.60
2009.12.03 09:09:21.142,5.5767,5.5787,1.60,1.00
2009.12.03 09:09:21.362,5.5765,5.5787,1.60,1.60
2009.12.03 09:09:21.862,5.5767,5.5787,1.60,1.00
2009.12.03 09:09:28.390,5.5768,5.5788,1.00,1.00
2009.12.03 09:09:33.459,5.5771,5.5791,1.60,1.00
2009.12.03 09:09:37.018,5.5771,5.5791,1.60,1.00
2009.12.03 09:09:37.138,5.5768,5.5791,1.60,1.60
2009.12.03 09:09:39.547,5.5768,5.5788,1.60,1.00
2009.12.03 09:09:39.837,5.5768,5.5788,1.00,1.00
2009.12.03 09:09:44.266,5.5768,5.5789,1.00,1.60
2009.12.03 09:09:44.496,5.5768,5.5791,1.60,1.60
2009.12.03 09:09:47.255,5.5768,5.5788,1.60,1.00
2009.12.03 09:09:47.525,5.5768,5.5788,1.00,1.00
2009.12.03 09:09:47.935,5.5768,5.5789,1.00,1.60
2009.12.03 09:09:48.275,5.5771,5.5791,1.60,1.00
2009.12.03 09:09:48.675,5.5772,5.5792,1.00,1.60
2009.12.03 09:10:07.810,5.5768,5.5791,1.60,1.60
2009.12.03 09:10:08.750,5.5771,5.57915,1.60,1.00
2009.12.03 09:10:09.140,5.5772,5.5792,1.00,1.60
2009.12.03 09:10:12.439,5.5773,5.5792,1.00,1.60
2009.12.03 09:10:12.959,5.5772,5.5792,1.60,1.00
2009.12.03 09:10:13.299,5.5772,5.5792,1.00,1.60
2009.12.03 09:10:13.989,5.5772,5.5792,1.00,1.60
2009.12.03 09:10:14.269,5.5772,5.5794,1.60,1.60
2009.12.03 09:10:14.799,5.5775,5.5795,1.00,1.00
2009.12.03 09:10:19.577,5.5776,5.5796,1.00,1.60
2009.12.03 09:10:23.167,5.5775,5.5795,1.00,1.00
2009.12.03 09:10:26.616,5.5777,5.5796,1.00,1.60
2009.12.03 09:10:26.956,5.5779,5.5799,1.00,1.00
2009.12.03 09:10:29.265,5.5779,5.5798,1.00,1.60
2009.12.03 09:10:29.385,5.57765,5.5798,1.60,1.60
2009.12.03 09:10:31.165,5.57755,5.5795,1.60,1.00
2009.12.03 09:10:31.225,5.5776,5.5796,1.00,1.60
2009.12.03 09:10:31.385,5.5776,5.5798,1.60,1.60
2009.12.03 09:10:31.685,5.57765,5.5798,1.60,1.60
2009.12.03 09:10:33.294,5.5779,5.5799,1.00,1.00
2009.12.03 09:10:33.634,5.57795,5.5799,1.60,1.00
2009.12.03 09:10:33.984,5.5779,5.5799,1.00,1.00
2009.12.03 09:10:34.374,5.5778,5.5799,1.60,1.00
2009.12.03 09:10:34.714,5.5779,5.5799,1.00,1.00
2009.12.03 09:10:35.074,5.5777,5.5797,1.00,1.00
2009.12.03 09:10:35.414,5.5779,5.5799,1.00,1.00
2009.12.03 09:10:38.643,5.57765,5.5795,1.60,1.00
2009.12.03 09:10:39.903,5.57755,5.5795,1.60,1.00
2009.12.03 09:10:42.962,5.57735,5.5792,1.60,1.60
2009.12.03 09:10:43.312,5.5775,5.5795,1.00,1.00
2009.12.03 09:10:43.642,5.57745,5.5794,1.60,1.60
2009.12.03 09:10:44.732,5.5775,5.5794,1.00,1.60
2009.12.03 09:10:45.011,5.5775,5.5795,1.00,1.00
2009.12.03 09:10:46.341,5.57755,5.5795,1.60,1.00
2009.12.03 09:10:49.380,5.5776,5.5795,1.60,1.00
2009.12.03 09:10:49.491,5.57765,5.5798,1.60,1.60
2009.12.03 09:10:49.730,5.5778,5.5799,1.60,1.00
2009.12.03 09:10:49.850,5.5779,5.5798,1.00,1.60
2009.12.03 09:10:54.869,5.5778,5.5795,1.60,1.00
2009.12.03 09:10:55.089,5.5779,5.5799,1.00,1.00
2009.12.03 09:10:55.209,5.5779,5.5796,1.00,1.60
2009.12.03 09:10:55.319,5.5779,5.5799,1.00,1.00
2009.12.03 09:10:55.659,5.57765,5.5798,1.60,1.60
2009.12.03 09:10:57.329,5.57775,5.5798,1.60,1.60
2009.12.03 09:10:59.248,5.57685,5.5791,1.60,1.60
2009.12.03 09:11:01.148,5.57675,5.5791,1.60,1.60
2009.12.03 09:11:04.097,5.57685,5.5791,1.60,1.60
2009.12.03 09:11:08.696,5.57685,5.5789,1.60,1.60
2009.12.03 09:11:09.036,5.57665,5.5789,1.60,1.60
2009.12.03 09:11:09.565,5.57665,5.5791,1.60,1.60
2009.12.03 09:11:11.145,5.57665,5.5789,1.60,1.60
2009.12.03 09:11:13.125,5.57655,5.5789,1.60,1.60
2009.12.03 09:11:13.465,5.57645,5.5789,1.60,1.60
2009.12.03 09:11:13.815,5.57635,5.5785,1.60,1.60
2009.12.03 09:11:14.154,5.57645,5.5789,1.60,1.60
2009.12.03 09:11:14.494,5.57655,5.5789,1.60,1.60
2009.12.03 09:11:14.854,5.57645,5.5788,1.60,1.60
2009.12.03 09:11:16.914,5.57645,5.5785,1.60,1.60
2009.12.03 09:11:18.234,5.57645,5.5787,1.60,1.60
2009.12.03 09:11:18.923,5.57635,5.5785,1.60,1.60
2009.12.03 09:11:19.203,5.57655,5.5785,1.60,1.60
2009.12.03 09:11:19.553,5.57645,5.5789,1.60,1.60
2009.12.03 09:11:19.673,5.57645,5.5787,1.60,1.60
2009.12.03 09:11:20.733,5.57655,5.5787,1.60,1.60
2009.12.03 09:11:21.063,5.57665,5.5787,1.60,1.60
2009.12.03 09:11:25.892,5.57655,5.5787,1.60,1.60
2009.12.03 09:11:28.201,5.57665,5.5789,1.60,1.60
2009.12.03 09:11:29.641,5.57675,5.5789,1.60,1.60
2009.12.03 09:11:31.410,5.57665,5.5789,1.60,1.60
2009.12.03 09:11:37.789,5.57685,5.5789,1.60,1.60
2009.12.03 09:11:38.139,5.57675,5.5789,1.60,1.60
2009.12.03 09:11:38.479,5.57675,5.5791,1.60,1.60
2009.12.03 09:11:40.708,5.57685,5.5791,1.60,1.60
2009.12.03 09:11:42.138,5.57675,5.5791,1.60,1.60
2009.12.03 09:11:42.488,5.57685,5.5791,1.60,1.60
2009.12.03 09:11:43.558,5.57695,5.5791,1.60,1.60
2009.12.03 09:11:45.267,5.57695,5.5789,1.60,1.60
2009.12.03 09:11:46.687,5.57695,5.5791,1.60,1.60
2009.12.03 09:11:48.296,5.5769,5.5791,1.60,1.60
2009.12.03 09:11:52.016,5.57675,5.5789,1.60,1.60
2009.12.03 09:11:52.585,5.5769,5.5791,1.60,1.60
2009.12.03 09:11:52.935,5.5769,5.5792,1.60,1.60
2009.12.03 09:11:54.365,5.5768,5.579,1.60,1.60
2009.12.03 09:11:59.424,5.5772,5.5793,1.60,1.60
2009.12.03 09:12:02.353,5.5771,5.5793,1.60,1.60
2009.12.03 09:12:02.653,5.5769,5.5791,1.60,1.60
2009.12.03 09:12:04.772,5.5768,5.5789,1.60,1.60
2009.12.03 09:12:10.631,5.57685,5.5789,1.60,1.60
2009.12.03 09:12:10.981,5.5769,5.5791,1.60,1.60
2009.12.03 09:12:11.321,5.5771,5.5793,1.60,1.60
2009.12.03 09:12:13.040,5.5769,5.5791,1.60,1.60
2009.12.03 09:12:13.400,5.5771,5.5793,1.60,1.60
2009.12.03 09:12:13.750,5.5769,5.5791,1.60,1.60
2009.12.03 09:12:18.589,5.5768,5.5789,1.60,1.60
2009.12.03 09:12:21.608,5.57675,5.5789,1.60,1.60
2009.12.03 09:12:21.709,5.5771,5.5793,1.60,1.60
2009.12.03 09:12:27.837,5.5771,5.5792,1.60,1.60
2009.12.03 09:12:28.596,5.5772,5.5794,1.60,1.60
2009.12.03 09:12:30.516,5.5776,5.5798,1.60,1.60
2009.12.03 09:12:56.120,5.5774,5.5796,1.60,1.60
2009.12.03 09:12:57.030,5.5772,5.5794,1.60,1.60
2009.12.03 09:12:57.320,5.5774,5.5796,1.60,1.60
2009.12.03 09:13:06.227,5.5772,5.5794,1.60,1.60
2009.12.03 09:13:06.517,5.5774,5.5796,1.60,1.60
2009.12.03 09:13:08.577,5.5776,5.5798,1.60,1.60
2009.12.03 09:13:19.664,5.5776,5.5797,1.60,1.60
2009.12.03 09:13:22.494,5.5776,5.5798,1.60,1.60
2009.12.03 09:13:23.483,5.5772,5.5794,1.60,1.60
2009.12.03 09:13:24.113,5.5774,5.5796,1.60,1.60
2009.12.03 09:13:24.233,5.5772,5.5794,1.60,1.60
2009.12.03 09:13:24.803,5.5774,5.5796,1.60,1.60
2009.12.03 09:13:26.633,5.5776,5.5798,1.60,1.60
2009.12.03 09:13:28.422,5.5776,5.5797,1.60,1.60
2009.12.03 09:13:28.762,5.5776,5.5798,1.60,1.60
2009.12.03 09:13:32.961,5.5773,5.5794,1.60,1.60
2009.12.03 09:13:33.361,5.5776,5.5798,1.60,1.60
2009.12.03 09:13:35.590,5.5774,5.5796,1.60,1.60
2009.12.03 09:13:37.100,5.5773,5.5794,1.60,1.60
2009.12.03 09:13:37.390,5.5776,5.5798,1.60,1.60
2009.12.03 09:13:38.020,5.5774,5.5796,1.60,1.60
2009.12.03 09:13:43.768,5.5776,5.5798,1.60,1.60
2009.12.03 09:13:49.597,5.5772,5.5794,1.60,1.60
2009.12.03 09:13:51.687,5.577,5.5792,1.60,1.60
2009.12.03 09:13:53.436,5.5772,5.5794,1.60,1.60
2009.12.03 09:13:55.236,5.5769,5.579,1.60,1.60
2009.12.03 09:14:00.435,5.577,5.5792,1.60,1.60
2009.12.03 09:14:00.765,5.5769,5.579,1.60,1.60
2009.12.03 09:14:03.894,5.5768,5.579,1.60,1.60
2009.12.03 09:14:06.993,5.5766,5.5788,1.60,1.60
2009.12.03 09:14:07.553,5.5764,5.5786,1.60,1.60
2009.12.03 09:14:11.382,5.5762,5.5785,1.60,1.60
2009.12.03 09:14:11.782,5.5761,5.5782,1.60,1.60
2009.12.03 09:14:14.571,5.5759,5.5781,1.60,1.60
2009.12.03 09:14:14.681,5.5757,5.5779,1.60,1.60
2009.12.03 09:14:15.044,5.5759,5.5785,1.60,1.60
2009.12.03 09:14:15.561,5.5762,5.5785,1.60,1.60
2009.12.03 09:14:16.271,5.5764,5.5786,1.60,1.60
2009.12.03 09:14:18.170,5.5762,5.5785,1.60,1.60
2009.12.03 09:14:18.520,5.5764,5.5786,1.60,1.60
2009.12.03 09:14:22.089,5.5766,5.5788,1.60,1.60
2009.12.03 09:14:22.209,5.5768,5.579,1.60,1.60
2009.12.03 09:14:24.509,5.577,5.5792,1.60,1.60
2009.12.03 09:14:24.799,5.5772,5.5794,1.60,1.60
2009.12.03 09:14:26.998,5.5773,5.5796,1.60,1.60
2009.12.03 09:14:28.238,5.5772,5.5794,1.60,1.60
2009.12.03 09:14:29.278,5.577,5.5792,1.60,1.60
2009.12.03 09:14:29.508,5.5772,5.5794,1.60,1.60
2009.12.03 09:14:29.687,5.5769,5.579,1.60,1.60
2009.12.03 09:14:30.667,5.577,5.5792,1.60,1.60
2009.12.03 09:14:31.577,5.5769,5.579,1.60,1.60
2009.12.03 09:14:32.587,5.5765,5.5787,1.60,1.60
2009.12.03 09:14:40.435,5.5767,5.5789,1.60,1.60
2009.12.03 09:14:40.605,5.5769,5.5791,1.60,1.60
2009.12.03 09:14:43.214,5.5767,5.5789,1.60,1.60
2009.12.03 09:14:43.784,5.5766,5.5789,1.60,1.60
2009.12.03 09:14:43.954,5.5765,5.5787,1.60,1.60
2009.12.03 09:14:54.661,5.5765,5.57855,1.60,1.00
2009.12.03 09:14:55.001,5.5753,5.5777,1.60,1.60
2009.12.03 09:14:55.351,5.5773,5.5802,1.60,1.60
2009.12.03 09:14:58.630,5.5778,5.5799,1.60,1.00
2009.12.03 09:14:59.380,5.5779,5.5799,1.00,1.00
2009.12.03 09:15:03.539,5.578,5.5799,1.60,1.00
2009.12.03 09:15:04.109,5.5783,5.58,1.00,1.00
2009.12.03 09:15:04.779,5.578,5.5796,1.60,1.00
2009.12.03 09:15:05.069,5.5779,5.5796,1.00,1.00
2009.12.03 09:15:06.688,5.578,5.5798,1.00,1.60
2009.12.03 09:15:06.859,5.578,5.5799,1.00,1.00
2009.12.03 09:15:08.258,5.5783,5.58,1.00,1.00
2009.12.03 09:15:08.658,5.5785,5.5806,1.00,1.00
2009.12.03 09:15:10.878,5.5788,5.5807,1.00,1.00
2009.12.03 09:15:11.107,5.5787,5.5803,1.00,1.00
2009.12.03 09:15:11.347,5.5784,5.58,1.00,1.00
2009.12.03 09:15:11.587,5.5787,5.5803,1.00,1.00
2009.12.03 09:15:11.877,5.5784,5.5803,1.00,1.00
2009.12.03 09:15:14.057,5.5784,5.5802,1.00,1.60
2009.12.03 09:15:14.347,5.5784,5.58005,1.00,1.00
2009.12.03 09:15:15.246,5.578,5.57995,1.60,1.60
2009.12.03 09:15:15.426,5.5772,5.5791,1.00,1.60
2009.12.03 09:15:15.586,5.578,5.5804,1.60,1.60
2009.12.03 09:15:17.386,5.578,5.58,1.60,1.00
2009.12.03 09:15:18.426,5.578,5.58,1.60,1.00
2009.12.03 09:15:19.336,5.5782,5.5801,1.00,1.00
2009.12.03 09:15:20.435,5.5783,5.5801,1.00,1.00
2009.12.03 09:15:21.175,5.5783,5.5803,1.00,1.00
2009.12.03 09:15:22.295,5.5783,5.58,1.00,1.00
2009.12.03 09:15:22.465,5.5783,5.58,1.00,1.00
2009.12.03 09:15:30.273,5.578,5.5799,1.00,1.00
2009.12.03 09:15:31.313,5.5779,5.5795,1.00,1.00
2009.12.03 09:15:50.948,5.578,5.5798,1.00,1.00
2009.12.03 09:15:55.167,5.5779,5.5801,1.60,1.60
2009.12.03 09:15:55.277,5.5785,5.5808,1.60,2.20
2009.12.03 09:15:55.327,5.5785,5.5808,1.60,1.60
2009.12.03 09:16:01.265,5.5786,5.5808,1.00,1.60
2009.12.03 09:16:01.785,5.5787,5.5809,1.60,1.60
2009.12.03 09:16:03.295,5.5787,5.5809,1.60,1.60
2009.12.03 09:16:03.645,5.5787,5.5808,1.60,1.00
2009.12.03 09:16:04.175,5.5785,5.5808,1.60,1.60
2009.12.03 09:16:05.844,5.5787,5.5808,1.60,1.00
2009.12.03 09:16:06.184,5.5785,5.5811,1.60,1.60
2009.12.03 09:16:06.364,5.5785,5.5808,1.60,1.60
2009.12.03 09:16:10.893,5.5785,5.5807,1.60,1.00
2009.12.03 09:16:11.243,5.5785,5.5807,1.60,1.00
2009.12.03 09:16:11.573,5.5785,5.5807,1.60,1.60
2009.12.03 09:16:12.243,5.5785,5.5807,1.60,1.60
2009.12.03 09:16:13.033,5.5785,5.5807,1.60,1.60
2009.12.03 09:16:13.743,5.5785,5.5807,1.60,1.60
2009.12.03 09:16:14.312,5.5785,5.5807,1.60,1.60
2009.12.03 09:16:14.762,5.5785,5.5807,1.60,1.60
2009.12.03 09:16:15.222,5.5785,5.5807,1.60,1.60
2009.12.03 09:16:16.652,5.5785,5.5807,1.60,1.60
2009.12.03 09:16:17.032,5.5785,5.5807,1.60,1.60
2009.12.03 09:16:17.151,5.5785,5.5807,1.60,1.60
2009.12.03 09:16:17.262,5.5785,5.5807,1.60,1.60
2009.12.03 09:16:19.231,5.5787,5.5807,1.60,1.00
2009.12.03 09:16:19.461,5.5787,5.5808,1.60,1.00
2009.12.03 09:16:21.950,5.5788,5.5809,1.00,1.60
2009.12.03 09:16:22.111,5.5789,5.5811,1.60,1.60
2009.12.03 09:16:22.290,5.5791,5.5812,1.60,1.60
2009.12.03 09:16:22.640,5.5791,5.5811,1.60,1.00
2009.12.03 09:16:23.960,5.5791,5.5811,1.60,1.00
2009.12.03 09:16:24.120,5.5791,5.5811,1.60,1.00
2009.12.03 09:16:24.240,5.5791,5.5811,1.60,1.00
2009.12.03 09:16:24.420,5.5791,5.5811,1.00,1.60
2009.12.03 09:16:24.530,5.5789,5.5811,1.60,1.60
2009.12.03 09:16:24.650,5.5788,5.5809,1.00,1.60
2009.12.03 09:16:24.760,5.5789,5.5811,1.60,1.60
2009.12.03 09:16:24.880,5.5787,5.5807,1.60,1.00
2009.12.03 09:16:29.539,5.5789,5.5811,1.60,1.60
2009.12.03 09:16:40.816,5.5791,5.5811,1.60,1.00
2009.12.03 09:16:48.994,5.5789,5.5811,1.60,1.60
2009.12.03 09:16:49.504,5.5789,5.5811,1.60,1.60
2009.12.03 09:16:49.664,5.5789,5.5811,1.60,1.70
2009.12.03 09:16:49.774,5.5789,5.5811,1.60,1.60
2009.12.03 09:16:50.113,5.5789,5.5811,1.60,1.60
2009.12.03 09:16:50.523,5.5789,5.5811,1.60,1.60
2009.12.03 09:16:50.864,5.5791,5.5811,1.60,1.00
2009.12.03 09:16:52.184,5.5791,5.5812,1.60,1.60
2009.12.03 09:16:52.413,5.5791,5.5811,1.60,1.00
2009.12.03 09:16:53.723,5.5795,5.5812,1.00,1.60
2009.12.03 09:16:54.073,5.5791,5.5811,1.60,1.00
2009.12.03 09:17:00.741,5.5791,5.5811,1.00,1.00
2009.12.03 09:17:06.230,5.5791,5.5811,1.60,1.00
2009.12.03 09:17:15.517,5.5791,5.5811,1.00,1.00
2009.12.03 09:17:17.177,5.579,5.5807,1.60,1.00
2009.12.03 09:17:17.407,5.5791,5.581,1.00,1.60
2009.12.03 09:17:17.577,5.5791,5.5811,1.00,1.00
2009.12.03 09:17:18.027,5.5791,5.5811,1.60,1.00
2009.12.03 09:17:21.026,5.5792,5.5811,1.60,1.00
2009.12.03 09:17:21.416,5.5792,5.5814,1.60,1.60
2009.12.03 09:17:23.226,5.5798,5.5818,1.60,1.00
2009.12.03 09:17:24.985,5.5798,5.5818,1.60,1.00
2009.12.03 09:17:25.545,5.5798,5.5818,1.60,1.00
2009.12.03 09:17:26.205,5.5796,5.5818,1.60,1.60
2009.12.03 09:17:29.014,5.5795,5.5816,1.00,1.60
2009.12.03 09:17:29.354,5.5794,5.5814,1.60,1.00
2009.12.03 09:17:30.684,5.5796,5.5818,1.60,1.60
2009.12.03 09:17:32.233,5.5798,5.5818,1.00,1.60
2009.12.03 09:17:32.654,5.5798,5.5818,1.60,1.00
2009.12.03 09:18:01.047,5.5796,5.5814,1.60,1.00
2009.12.03 09:18:01.447,5.5792,5.5811,1.60,1.00
2009.12.03 09:18:01.836,5.5791,5.5811,1.00,1.00
2009.12.03 09:18:04.536,5.579,5.581,1.60,1.00
2009.12.03 09:18:06.315,5.5788,5.581,1.60,1.00
2009.12.03 09:18:06.885,5.579,5.581,1.60,1.00
2009.12.03 09:18:07.965,5.5788,5.581,1.60,1.00
2009.12.03 09:18:08.245,5.5787,5.5807,1.60,1.00
2009.12.03 09:18:09.704,5.5787,5.5808,1.60,1.60
2009.12.03 09:18:10.005,5.5788,5.581,1.60,1.00
2009.12.03 09:18:14.093,5.5788,5.5811,1.60,1.60
2009.12.03 09:18:14.474,5.5788,5.5808,1.60,1.00
2009.12.03 09:18:15.153,5.5788,5.581,1.60,1.60
2009.12.03 09:18:15.273,5.579,5.5812,1.60,1.60
2009.12.03 09:18:15.443,5.579,5.5805,1.60,1.00
2009.12.03 09:18:15.793,5.5788,5.5808,1.60,1.00
2009.12.03 09:18:16.723,5.5789,5.5809,1.00,1.00
2009.12.03 09:18:17.183,5.5786,5.5808,1.60,1.00
2009.12.03 09:18:17.413,5.579,5.5812,1.60,1.60
2009.12.03 09:18:17.743,5.5789,5.5809,1.00,1.00
2009.12.03 09:18:19.315,5.5785,5.5805,1.00,1.00
2009.12.03 09:18:19.662,5.5786,5.5805,1.60,1.00
2009.12.03 09:18:20.002,5.5792,5.581,1.00,1.60
2009.12.03 09:18:20.282,5.5792,5.5812,1.60,1.00
2009.12.03 09:18:22.562,5.579,5.5811,1.60,1.00
2009.12.03 09:18:24.061,5.5793,5.5812,1.00,1.00
2009.12.03 09:18:25.761,5.5792,5.5811,1.60,1.00
2009.12.03 09:18:28.250,5.579,5.5811,1.60,1.00
2009.12.03 09:18:29.220,5.5793,5.5812,1.00,1.00
2009.12.03 09:18:30.120,5.5789,5.5808,1.00,1.00
2009.12.03 09:18:30.290,5.5791,5.5814,1.00,1.00
2009.12.03 09:18:31.929,5.579,5.5811,1.60,1.00
2009.12.03 09:18:32.269,5.5793,5.5812,1.00,1.00
2009.12.03 09:18:33.419,5.5793,5.5811,1.00,1.00
2009.12.03 09:18:35.188,5.5792,5.5808,1.60,1.00
2009.12.03 09:18:35.488,5.579,5.5808,1.60,1.00
2009.12.03 09:18:35.598,5.5793,5.5811,1.00,1.00
2009.12.03 09:18:35.948,5.579,5.5811,1.60,1.00
2009.12.03 09:18:37.338,5.5793,5.5811,1.00,1.00
2009.12.03 09:18:37.558,5.579,5.5811,1.60,1.00
2009.12.03 09:18:38.188,5.5791,5.5812,1.00,1.60
2009.12.03 09:18:38.827,5.5791,5.5813,1.00,1.00
2009.12.03 09:18:40.087,5.5794,5.5814,1.00,1.00
2009.12.03 09:18:40.557,5.5797,5.5815,1.00,1.00
2009.12.03 09:18:40.947,5.5794,5.5814,1.00,1.00
2009.12.03 09:18:41.687,5.5794,5.5813,1.00,1.60
2009.12.03 09:18:41.987,5.5794,5.5814,1.00,1.00
2009.12.03 09:18:42.616,5.5797,5.5815,1.00,1.00
2009.12.03 09:18:43.376,5.5798,5.5815,1.00,1.00
2009.12.03 09:18:50.605,5.5794,5.5814,1.00,1.00
2009.12.03 09:18:53.004,5.5794,5.5811,1.00,1.00
2009.12.03 09:18:55.693,5.5798,5.5815,1.00,1.00
2009.12.03 09:18:55.983,5.5792,5.581,1.60,1.00
2009.12.03 09:18:56.793,5.579,5.581,1.60,1.00
2009.12.03 09:18:58.872,5.5792,5.581,1.60,1.00
2009.12.03 09:18:59.263,5.5794,5.5811,1.00,1.00
2009.12.03 09:18:59.723,5.5792,5.581,1.60,1.00
2009.12.03 09:18:59.892,5.5794,5.5811,1.00,1.00
2009.12.03 09:19:02.812,5.579,5.581,1.60,1.00
2009.12.03 09:19:03.541,5.579,5.5807,1.60,1.00
2009.12.03 09:19:03.881,5.579,5.5807,1.00,1.00
2009.12.03 09:19:05.221,5.5788,5.5803,1.60,1.00
2009.12.03 09:19:05.451,5.579,5.5807,1.00,1.00
2009.12.03 09:19:06.031,5.5788,5.5805,1.60,1.00
2009.12.03 09:19:06.371,5.5785,5.5807,1.60,1.60
2009.12.03 09:19:08.470,5.5778,5.58,1.60,1.60
2009.12.03 09:19:09.570,5.5776,5.5798,1.60,1.60
2009.12.03 09:19:10.080,5.5778,5.58,1.60,1.60
2009.12.03 09:19:13.809,5.578,5.5802,1.60,1.60
2009.12.03 09:19:15.699,5.5787,5.5808,1.60,1.60
2009.12.03 09:19:16.878,5.5788,5.5811,1.60,1.60
2009.12.03 09:19:21.057,5.5788,5.5808,1.60,1.00
2009.12.03 09:19:21.397,5.5786,5.5808,1.60,1.60
2009.12.03 09:19:21.737,5.5786,5.5808,1.60,1.60
2009.12.03 09:19:22.008,5.5786,5.5808,1.60,1.60
2009.12.03 09:19:22.307,5.579,5.5812,1.60,1.60
2009.12.03 09:19:24.146,5.579,5.58085,1.60,1.00
2009.12.03 09:19:24.496,5.5787,5.5808,1.60,1.60
2009.12.03 09:19:28.456,5.5787,5.5808,1.60,1.60
2009.12.03 09:19:28.805,5.5787,5.5808,1.60,1.60
2009.12.03 09:19:29.475,5.5786,5.5807,1.00,1.60
2009.12.03 09:19:32.384,5.5786,5.5805,1.00,1.00
2009.12.03 09:19:36.864,5.5783,5.5805,1.60,1.00
2009.12.03 09:19:37.214,5.57855,5.5805,1.00,1.00
2009.12.03 09:19:39.493,5.5783,5.5804,1.60,1.00
2009.12.03 09:19:39.773,5.5783,5.5801,1.60,1.00
2009.12.03 09:19:39.883,5.5782,5.5801,1.60,1.00
2009.12.03 09:19:43.282,5.5783,5.5801,1.00,1.00
2009.12.03 09:19:50.610,5.5787,5.5803,1.00,1.60
2009.12.03 09:19:50.790,5.5787,5.5805,1.00,1.00
2009.12.03 09:19:53.230,5.5784,5.5804,1.00,1.00
2009.12.03 09:19:56.429,5.5785,5.5806,1.00,1.00
2009.12.03 09:19:56.769,5.5784,5.5801,1.00,1.00
2009.12.03 09:19:56.929,5.5784,5.5804,1.00,1.00
2009.12.03 09:19:59.688,5.5785,5.5804,1.00,1.00
2009.12.03 09:20:11.945,5.5781,5.58,1.60,1.00
2009.12.03 09:20:12.235,5.5781,5.58,1.00,1.00
2009.12.03 09:20:16.024,5.5784,5.5801,1.00,1.00
2009.12.03 09:20:33.110,5.5784,5.5803,1.00,1.60
2009.12.03 09:20:33.380,5.5784,5.5803,1.00,1.00
2009.12.03 09:20:33.670,5.5785,5.5803,1.00,1.00
2009.12.03 09:20:40.079,5.5783,5.5802,1.60,1.00
2009.12.03 09:20:40.198,5.5782,5.5802,1.00,1.00
2009.12.03 09:20:40.718,5.5785,5.5802,1.00,1.00
2009.12.03 09:20:42.988,5.5782,5.5802,1.00,1.00
2009.12.03 09:20:44.337,5.5785,5.5802,1.00,1.00
2009.12.03 09:20:47.576,5.5783,5.5802,1.00,1.00
2009.12.03 09:20:47.746,5.5783,5.5802,1.00,1.60
2009.12.03 09:20:49.476,5.5786,5.58025,1.00,1.00
2009.12.03 09:20:54.835,5.5782,5.5798,1.00,1.00
2009.12.03 09:20:59.293,5.5782,5.5797,1.00,1.00
2009.12.03 09:21:08.961,5.5779,5.5797,1.00,1.00
2009.12.03 09:21:10.041,5.5779,5.5794,1.00,1.00
2009.12.03 09:21:14.170,5.5776,5.5794,1.00,1.00
2009.12.03 09:21:15.500,5.5775,5.579,1.00,1.00
2009.12.03 09:21:17.489,5.5779,5.5793,1.00,1.60
2009.12.03 09:21:17.890,5.5776,5.5794,1.00,1.00
2009.12.03 09:21:19.229,5.5779,5.5794,1.00,1.00
2009.12.03 09:21:19.609,5.5776,5.5794,1.00,1.00
2009.12.03 09:21:20.349,5.5775,5.579,1.00,1.00
2009.12.03 09:21:21.218,5.5774,5.5792,1.00,1.00
2009.12.03 09:21:28.177,5.5773,5.5791,1.00,1.00
2009.12.03 09:21:30.296,5.5774,5.5791,1.00,1.00
2009.12.03 09:21:42.213,5.5775,5.5794,1.00,1.00
2009.12.03 09:21:46.142,5.5778,5.5794,1.00,1.00
2009.12.03 09:21:49.322,5.5779,5.5797,1.00,1.00
2009.12.03 09:21:51.461,5.5779,5.5794,1.00,1.00
2009.12.03 09:21:55.620,5.5779,5.5797,1.00,1.60
2009.12.03 09:21:55.960,5.5779,5.5797,1.00,1.00
2009.12.03 09:21:58.490,5.5779,5.5797,1.60,1.00
2009.12.03 09:21:58.599,5.5779,5.5794,1.00,1.00
2009.12.03 09:22:00.079,5.5779,5.5797,1.00,1.60
2009.12.03 09:22:00.199,5.5779,5.5794,1.00,1.00
2009.12.03 09:22:01.429,5.5779,5.5797,1.00,1.00
2009.12.03 09:22:02.098,5.5782,5.5797,1.00,1.00
2009.12.03 09:22:03.648,5.5781,5.5799,1.00,1.00
2009.12.03 09:22:08.497,5.5781,5.5798,1.00,1.00
2009.12.03 09:22:09.007,5.5778,5.5798,1.00,1.00
2009.12.03 09:22:10.437,5.5781,5.5798,1.00,1.00
2009.12.03 09:22:13.646,5.5779,5.5794,1.60,1.00
2009.12.03 09:22:13.996,5.5778,5.5797,1.00,1.60
2009.12.03 09:22:14.396,5.5778,5.5797,1.00,1.00
2009.12.03 09:22:23.113,5.5778,5.5797,1.00,1.60
2009.12.03 09:22:23.344,5.5778,5.5794,1.00,1.00
2009.12.03 09:22:28.252,5.5778,5.5793,1.00,1.00
2009.12.03 09:22:33.031,5.5779,5.5794,1.00,1.00
2009.12.03 09:22:33.191,5.5779,5.5794,1.00,1.00
2009.12.03 09:22:33.871,5.5779,5.5797,1.00,1.60
2009.12.03 09:22:34.041,5.5779,5.5797,1.00,1.00
2009.12.03 09:22:41.699,5.5781,5.5799,1.00,1.00
2009.12.03 09:22:47.318,5.5782,5.5799,1.00,1.00
2009.12.03 09:22:57.305,5.5782,5.5798,1.00,1.00
2009.12.03 09:23:07.343,5.5783,5.5798,1.00,1.00
2009.12.03 09:23:18.500,5.5781,5.5799,1.00,1.00
2009.12.03 09:23:22.119,5.5782,5.5802,1.00,1.00
2009.12.03 09:23:26.128,5.5785,5.5802,1.00,1.00
2009.12.03 09:23:27.508,5.5782,5.5802,1.00,1.00
2009.12.03 09:23:30.267,5.5782,5.5801,1.00,1.00
2009.12.03 09:23:33.337,5.5785,5.5802,1.00,1.00
2009.12.03 09:23:34.316,5.5786,5.5802,1.00,1.00
2009.12.03 09:23:39.996,5.5783,5.5798,1.60,1.00
2009.12.03 09:23:40.235,5.5782,5.5798,1.00,1.00
2009.12.03 09:23:43.404,5.5781,5.5799,1.00,1.00
2009.12.03 09:23:49.262,5.5782,5.5799,1.00,1.00
2009.12.03 09:23:52.992,5.5783,5.5801,1.00,1.60
2009.12.03 09:23:53.102,5.5783,5.5801,1.00,1.00
2009.12.03 09:23:59.430,5.5783,5.58,1.00,1.00
2009.12.03 09:23:59.820,5.5783,5.5803,1.00,1.60
2009.12.03 09:24:00.000,5.5783,5.58,1.00,1.00
2009.12.03 09:24:00.180,5.5783,5.5803,1.00,1.60
2009.12.03 09:24:00.350,5.5783,5.58,1.00,1.00
2009.12.03 09:24:00.680,5.5783,5.5803,1.00,1.60
2009.12.03 09:24:01.030,5.5783,5.58,1.00,1.00
2009.12.03 09:24:02.679,5.5783,5.5803,1.00,1.60
2009.12.03 09:24:02.840,5.5783,5.58,1.00,1.00
2009.12.03 09:24:03.120,5.5783,5.5803,1.00,1.60
2009.12.03 09:24:03.300,5.5783,5.58,1.00,1.00
2009.12.03 09:24:03.699,5.5783,5.5803,1.00,1.60
2009.12.03 09:24:04.090,5.5783,5.58,1.00,1.00
2009.12.03 09:24:04.779,5.5784,5.5803,1.00,1.60
2009.12.03 09:24:04.939,5.5783,5.58,1.00,1.00
2009.12.03 09:24:09.258,5.5784,5.58,1.00,1.00
2009.12.03 09:24:10.708,5.5784,5.5803,1.00,1.60
2009.12.03 09:24:10.868,5.5784,5.58,1.00,1.00
2009.12.03 09:24:11.157,5.5784,5.5803,1.00,1.60
2009.12.03 09:24:11.667,5.5784,5.58,1.00,1.00
2009.12.03 09:24:12.177,5.5784,5.5803,1.00,1.60
2009.12.03 09:24:12.507,5.5784,5.58,1.00,1.00
2009.12.03 09:24:13.767,5.5784,5.5803,1.00,1.60
2009.12.03 09:24:14.157,5.5784,5.5803,1.00,1.00
2009.12.03 09:24:15.366,5.5784,5.5802,1.00,1.00
2009.12.03 09:24:20.915,5.5785,5.5805,1.00,1.00
2009.12.03 09:24:26.953,5.5788,5.5805,1.00,1.00
2009.12.03 09:24:28.623,5.5785,5.5805,1.00,1.00
2009.12.03 09:24:28.913,5.5785,5.5805,1.00,1.00
2009.12.03 09:24:30.863,5.5785,5.5802,1.00,1.00
2009.12.03 09:24:32.292,5.5786,5.5805,1.00,1.00
2009.12.03 09:24:34.782,5.5786,5.5805,1.60,1.00
2009.12.03 09:24:34.842,5.5788,5.5805,1.00,1.00
2009.12.03 09:24:35.252,5.5786,5.5805,1.60,1.00
2009.12.03 09:24:35.362,5.5788,5.5805,1.00,1.00
2009.12.03 09:24:35.712,5.5786,5.5805,1.60,1.00
2009.12.03 09:24:36.061,5.5789,5.5805,1.00,1.00
2009.12.03 09:24:36.751,5.5786,5.5805,1.60,1.00
2009.12.03 09:24:36.991,5.5789,5.5805,1.00,1.00
2009.12.03 09:24:37.221,5.5786,5.5805,1.60,1.00
2009.12.03 09:24:37.491,5.5789,5.5805,1.00,1.00
2009.12.03 09:24:38.151,5.5786,5.5805,1.60,1.00
2009.12.03 09:24:38.421,5.5789,5.5805,1.00,1.00
2009.12.03 09:24:39.241,5.5786,5.5805,1.60,1.00
2009.12.03 09:24:39.581,5.5789,5.5805,1.00,1.00
2009.12.03 09:24:44.829,5.5786,5.5807,1.60,1.60
2009.12.03 09:24:45.009,5.5794,5.5816,1.60,1.60
2009.12.03 09:24:45.179,5.5794,5.5822,1.60,1.00
2009.12.03 09:24:45.649,5.5795,5.5822,1.60,1.00
2009.12.03 09:24:45.869,5.5795,5.5826,1.60,1.00
2009.12.03 09:24:45.989,5.5796,5.5826,1.60,1.00
2009.12.03 09:24:47.689,5.5796,5.58225,1.60,1.00
2009.12.03 09:24:49.228,5.5807,5.58225,1.60,1.00
2009.12.03 09:24:49.568,5.5811,5.5836,1.60,1.00
2009.12.03 09:24:52.268,5.5813,5.5833,1.60,1.00
2009.12.03 09:24:52.428,5.5809,5.5831,1.60,1.60
2009.12.03 09:24:53.287,5.5806,5.5828,1.60,1.60
2009.12.03 09:24:55.397,5.5802,5.5824,1.60,1.60
2009.12.03 09:24:55.627,5.5804,5.5826,1.60,1.60
2009.12.03 09:25:04.325,5.5803,5.5826,1.60,1.60
2009.12.03 09:25:05.924,5.5802,5.5823,1.60,1.60
2009.12.03 09:25:06.224,5.5805,5.5823,1.00,1.60
2009.12.03 09:25:06.334,5.5805,5.5826,1.00,1.60
2009.12.03 09:25:06.504,5.5805,5.5827,1.60,1.60
2009.12.03 09:25:10.233,5.5803,5.5826,1.60,1.60
2009.12.03 09:25:12.213,5.5805,5.5827,1.60,1.60
2009.12.03 09:25:22.460,5.5806,5.5828,1.60,1.60
2009.12.03 09:25:26.639,5.5806,5.5828,1.60,1.60
2009.12.03 09:25:27.109,5.5809,5.5828,1.00,1.60
2009.12.03 09:25:27.519,5.581,5.5832,1.60,1.60
2009.12.03 09:25:32.558,5.5811,5.5834,1.60,1.60
2009.12.03 09:25:32.798,5.5811,5.5832,1.60,1.00
2009.12.03 09:25:33.138,5.581,5.5831,1.60,1.60
2009.12.03 09:25:38.137,5.5809,5.583,1.00,1.60
2009.12.03 09:25:38.417,5.581,5.5831,1.60,1.60
2009.12.03 09:25:39.266,5.5807,5.583,1.60,1.60
2009.12.03 09:25:40.236,5.5806,5.5828,1.60,1.60
2009.12.03 09:25:40.516,5.5806,5.5828,1.60,1.60
2009.12.03 09:25:56.362,5.5806,5.5828,1.60,1.60
2009.12.03 09:26:00.741,5.5806,5.5828,1.60,1.60
2009.12.03 09:26:00.861,5.581,5.5831,1.60,1.60
2009.12.03 09:26:04.610,5.5809,5.583,1.00,1.60
2009.12.03 09:26:04.970,5.5807,5.583,1.60,1.60
2009.12.03 09:26:08.089,5.581,5.5831,1.60,1.60
2009.12.03 09:26:08.249,5.5807,5.583,1.60,1.60
2009.12.03 09:26:09.739,5.5806,5.5828,1.60,1.60
2009.12.03 09:26:40.282,5.5807,5.5828,1.60,1.00
2009.12.03 09:26:40.332,5.5807,5.583,1.60,1.60
2009.12.03 09:26:51.889,5.5808,5.583,1.60,1.60
2009.12.03 09:26:57.557,5.5813,5.5835,1.60,1.60
2009.12.03 09:26:59.457,5.5813,5.5835,1.60,1.60
2009.12.03 09:27:07.345,5.5813,5.5835,1.60,1.60
2009.12.03 09:27:07.675,5.5813,5.5833,1.60,1.00
2009.12.03 09:27:07.965,5.5809,5.5831,1.60,1.60
2009.12.03 09:27:14.533,5.5811,5.5831,1.60,1.00
2009.12.03 09:27:14.923,5.5811,5.5833,1.60,1.60
2009.12.03 09:27:16.303,5.5813,5.5833,1.00,1.60
2009.12.03 09:27:16.593,5.5813,5.5835,1.60,1.60
2009.12.03 09:27:17.343,5.5813,5.5834,1.60,1.00
2009.12.03 09:27:27.610,5.5814,5.5834,1.00,1.00
2009.12.03 09:27:33.019,5.5813,5.5833,1.60,1.00
2009.12.03 09:27:33.299,5.5811,5.5833,1.60,1.60
2009.12.03 09:27:34.928,5.5814,5.5833,1.00,1.60
2009.12.03 09:27:35.278,5.5814,5.5834,1.00,1.00
2009.12.03 09:27:44.536,5.5813,5.5833,1.60,1.00
2009.12.03 09:27:48.025,5.5817,5.5835,1.00,1.60
2009.12.03 09:27:48.085,5.5817,5.5837,1.60,1.00
2009.12.03 09:27:50.515,5.58155,5.5837,1.60,1.60
2009.12.03 09:27:51.764,5.5815,5.5837,1.60,1.60
2009.12.03 09:27:58.263,5.58175,5.5837,1.60,1.60
2009.12.03 09:27:58.383,5.58175,5.5837,1.60,1.00
2009.12.03 09:27:58.703,5.58155,5.5837,1.60,1.60
2009.12.03 09:28:03.011,5.58185,5.5837,1.60,1.60
2009.12.03 09:28:03.242,5.58185,5.5833,1.60,1.00
2009.12.03 09:28:03.522,5.58175,5.5833,1.60,1.00
2009.12.03 09:28:03.752,5.58175,5.5835,1.60,1.60
2009.12.03 09:28:03.921,5.58175,5.5833,1.60,1.00
2009.12.03 09:28:04.591,5.58175,5.5835,1.60,1.60
2009.12.03 09:28:05.001,5.58165,5.5833,1.60,1.00
2009.12.03 09:28:05.351,5.58165,5.5835,1.60,1.60
2009.12.03 09:28:05.691,5.58175,5.5835,1.60,1.60
2009.12.03 09:28:05.861,5.58165,5.5834,1.60,1.00
2009.12.03 09:28:06.951,5.58165,5.5835,1.60,1.60
2009.12.03 09:28:09.100,5.58175,5.5835,1.60,1.60
2009.12.03 09:28:09.270,5.58175,5.5835,1.60,1.60
2009.12.03 09:28:14.089,5.58165,5.5835,1.60,1.60
2009.12.03 09:28:14.599,5.58155,5.5835,1.60,1.60
2009.12.03 09:28:24.876,5.58145,5.5835,1.60,1.60
2009.12.03 09:28:25.217,5.58145,5.5833,1.60,1.60
2009.12.03 09:28:27.056,5.58135,5.5833,1.60,1.60
2009.12.03 09:28:31.575,5.58125,5.5833,1.60,1.60
2009.12.03 09:28:34.414,5.58135,5.5833,1.60,1.60
2009.12.03 09:28:37.143,5.58125,5.5831,1.60,1.60
2009.12.03 09:28:37.484,5.58115,5.5831,1.60,1.60
2009.12.03 09:28:37.773,5.58125,5.5833,1.60,1.60
2009.12.03 09:28:38.583,5.58135,5.5833,1.60,1.60
2009.12.03 09:28:41.572,5.58145,5.5833,1.60,1.60
2009.12.03 09:28:41.963,5.58145,5.5834,1.60,1.00
2009.12.03 09:28:42.132,5.58135,5.5833,1.60,1.60
2009.12.03 09:28:43.402,5.58135,5.5833,1.60,1.60
2009.12.03 09:28:44.392,5.58135,5.5833,1.60,1.00
2009.12.03 09:28:44.681,5.58145,5.5834,1.60,1.00
2009.12.03 09:28:45.201,5.58145,5.5835,1.60,1.60
2009.12.03 09:28:45.491,5.58145,5.5834,1.60,1.00
2009.12.03 09:28:46.641,5.58145,5.5834,1.60,1.00
2009.12.03 09:28:46.931,5.5814,5.5834,1.00,1.00
2009.12.03 09:28:48.151,5.58135,5.5833,1.60,1.00
2009.12.03 09:28:48.791,5.58145,5.5833,1.60,1.00
2009.12.03 09:28:48.951,5.58135,5.5833,1.60,1.00
2009.12.03 09:28:50.450,5.5813,5.58335,1.60,1.00
2009.12.03 09:28:50.790,5.58125,5.583,1.60,1.00
2009.12.03 09:28:53.180,5.58135,5.5833,1.60,1.60
2009.12.03 09:28:55.829,5.58135,5.5833,1.60,1.00
2009.12.03 09:28:56.389,5.58135,5.5833,1.60,1.60
2009.12.03 09:28:56.679,5.58145,5.5833,1.60,1.00
2009.12.03 09:28:57.029,5.58135,5.5833,1.60,1.60
2009.12.03 09:28:57.319,5.58145,5.5833,1.60,1.60
2009.12.03 09:28:57.649,5.58135,5.5833,1.60,1.60
2009.12.03 09:29:00.068,5.58125,5.5833,1.60,1.60
2009.12.03 09:29:00.358,5.58135,5.5833,1.60,1.00
2009.12.03 09:29:01.958,5.58125,5.5833,1.60,1.60
2009.12.03 09:29:03.387,5.5811,5.5833,1.60,1.60
2009.12.03 09:29:03.567,5.5811,5.583,1.60,1.00
2009.12.03 09:29:03.737,5.58105,5.583,1.60,1.00
2009.12.03 09:29:04.327,5.5811,5.5833,1.60,1.60
2009.12.03 09:29:05.467,5.58115,5.5833,1.60,1.60
2009.12.03 09:29:11.035,5.5811,5.5833,1.60,1.60
2009.12.03 09:29:11.895,5.5813,5.5833,1.60,1.00
2009.12.03 09:29:13.185,5.5813,5.5833,1.60,1.00
2009.12.03 09:29:13.355,5.5813,5.5833,1.70,1.00
2009.12.03 09:29:13.475,5.5813,5.5833,1.60,1.00
2009.12.03 09:29:13.645,5.5813,5.5833,1.60,1.00
2009.12.03 09:29:13.824,5.5813,5.5833,1.60,1.00
2009.12.03 09:29:24.942,5.581,5.583,1.60,1.00
2009.12.03 09:29:25.652,5.581,5.5831,1.60,1.60
2009.12.03 09:29:25.872,5.5811,5.5833,1.60,1.60
2009.12.03 09:29:30.780,5.5813,5.5833,1.60,1.00
2009.12.03 09:29:35.679,5.5813,5.5835,1.60,1.60
2009.12.03 09:29:36.369,5.5813,5.5833,1.60,1.00
2009.12.03 09:29:38.699,5.5813,5.5835,1.60,1.60
2009.12.03 09:29:38.819,5.5813,5.5833,1.60,1.00
2009.12.03 09:29:39.149,5.5813,5.5835,1.60,1.60
2009.12.03 09:29:39.498,5.5813,5.5833,1.60,1.00
2009.12.03 09:29:40.178,5.5813,5.5835,1.70,1.60
2009.12.03 09:29:40.528,5.5813,5.5833,1.60,1.00
2009.12.03 09:29:50.896,5.58135,5.5833,1.60,1.00
2009.12.03 09:29:51.066,5.58135,5.5835,1.60,1.60
2009.12.03 09:29:51.126,5.58145,5.5835,1.60,1.60
2009.12.03 09:29:51.526,5.5815,5.5836,1.60,1.00
2009.12.03 09:29:51.885,5.5815,5.5837,1.60,1.60
2009.12.03 09:29:53.635,5.5817,5.5837,1.00,1.60
2009.12.03 09:29:53.965,5.5817,5.5837,1.60,1.00
2009.12.03 09:29:59.134,5.5817,5.5833,1.60,1.00
2009.12.03 09:29:59.365,5.58145,5.5833,1.60,1.00
2009.12.03 09:29:59.993,5.58185,5.5837,1.60,1.60
2009.12.03 09:30:00.344,5.5817,5.5837,1.60,1.00
2009.12.03 09:30:00.703,5.58175,5.5837,1.60,1.00
2009.12.03 09:30:01.043,5.58175,5.5833,1.60,1.00
2009.12.03 09:30:01.393,5.58165,5.5833,1.60,1.00
2009.12.03 09:30:04.152,5.58155,5.5833,1.60,1.00
2009.12.03 09:30:07.582,5.58165,5.5833,1.60,1.00
2009.12.03 09:30:11.941,5.58155,5.5833,1.60,1.60
2009.12.03 09:30:13.160,5.58145,5.5833,1.60,1.60
2009.12.03 09:30:13.910,5.58145,5.583,1.60,1.00
2009.12.03 09:30:14.090,5.58135,5.5831,1.60,1.60
2009.12.03 09:30:14.330,5.58135,5.5833,1.60,1.60
2009.12.03 09:30:14.610,5.58145,5.5833,1.60,1.60
2009.12.03 09:30:16.860,5.58145,5.5834,1.60,1.00
2009.12.03 09:30:17.729,5.58145,5.5833,1.60,1.00
2009.12.03 09:30:18.079,5.58145,5.5834,1.60,1.00
2009.12.03 09:30:18.199,5.58135,5.583,1.60,1.00
2009.12.03 09:30:18.780,5.58125,5.583,1.60,1.00
2009.12.03 09:30:19.299,5.58115,5.583,1.60,1.00
2009.12.03 09:30:21.839,5.58125,5.5831,1.60,1.60
2009.12.03 09:30:22.008,5.58125,5.583,1.60,1.00
2009.12.03 09:30:24.208,5.58135,5.583,1.60,1.00
2009.12.03 09:30:24.888,5.58135,5.5833,1.60,1.60
2009.12.03 09:30:25.567,5.58145,5.5833,1.60,1.60
2009.12.03 09:30:27.147,5.58145,5.583,1.60,1.00
2009.12.03 09:30:27.487,5.58135,5.583,1.60,1.00
2009.12.03 09:30:27.847,5.58105,5.583,1.60,1.00
2009.12.03 09:30:28.706,5.58115,5.583,1.60,1.00
2009.12.03 09:30:28.936,5.58135,5.583,1.60,1.00
2009.12.03 09:30:29.386,5.58125,5.583,1.60,1.00
2009.12.03 09:30:30.656,5.58135,5.583,1.60,1.00
2009.12.03 09:30:30.886,5.58125,5.583,1.60,1.00
2009.12.03 09:30:33.245,5.58105,5.58305,1.60,1.00
2009.12.03 09:30:33.695,5.581,5.583,1.60,1.00
2009.12.03 09:30:34.096,5.58105,5.583,1.60,1.00
2009.12.03 09:30:36.685,5.58115,5.5833,1.60,1.60
2009.12.03 09:30:37.264,5.5811,5.5833,1.60,1.60
2009.12.03 09:30:41.173,5.58115,5.5833,1.60,1.60
2009.12.03 09:30:43.533,5.5814,5.5833,1.00,1.60
2009.12.03 09:30:43.643,5.5814,5.5834,1.00,1.00
2009.12.03 09:30:43.703,5.58125,5.583,1.60,1.00
2009.12.03 09:30:43.873,5.58115,5.583,1.60,1.00
2009.12.03 09:30:44.383,5.58115,5.5833,1.60,1.60
2009.12.03 09:30:48.082,5.58125,5.5833,1.60,1.60
2009.12.03 09:30:48.652,5.58145,5.5833,1.60,1.60
2009.12.03 09:30:48.822,5.58145,5.5834,1.60,1.00
2009.12.03 09:30:48.932,5.5814,5.5834,1.00,1.00
2009.12.03 09:30:51.581,5.58115,5.583,1.60,1.00
2009.12.03 09:30:52.211,5.58105,5.583,1.60,1.00
2009.12.03 09:30:53.421,5.5811,5.583,1.60,1.00
2009.12.03 09:30:53.651,5.58115,5.5833,1.60,1.60
2009.12.03 09:30:53.941,5.5811,5.5833,1.60,1.60
2009.12.03 09:30:59.549,5.581,5.583,1.60,1.00
2009.12.03 09:31:00.909,5.581,5.583,1.60,1.00
2009.12.03 09:31:01.189,5.581,5.583,1.60,1.00
2009.12.03 09:31:01.429,5.581,5.583,1.60,1.00
2009.12.03 09:31:09.527,5.5814,5.5831,1.00,1.60
2009.12.03 09:31:09.877,5.5811,5.5833,1.60,1.60
2009.12.03 09:31:10.227,5.5811,5.5833,1.60,1.60
2009.12.03 09:31:10.617,5.5811,5.5833,1.60,1.60
2009.12.03 09:31:10.797,5.5811,5.5833,1.60,1.60
2009.12.03 09:31:11.026,5.581,5.5833,1.70,1.60
2009.12.03 09:31:15.615,5.5811,5.5833,1.60,1.60
2009.12.03 09:31:16.005,5.5811,5.5833,1.60,1.60
2009.12.03 09:31:18.205,5.5811,5.5833,1.60,1.60
2009.12.03 09:31:18.444,5.5813,5.5833,1.00,1.60
2009.12.03 09:31:18.675,5.5811,5.5833,1.60,1.60
2009.12.03 09:31:18.895,5.5813,5.5833,1.60,1.00
2009.12.03 09:31:19.065,5.5813,5.5833,1.00,1.70
2009.12.03 09:31:19.355,5.5813,5.5833,1.60,1.00
2009.12.03 09:31:19.535,5.5811,5.5833,1.60,1.60
2009.12.03 09:31:19.884,5.581,5.583,1.60,1.00
2009.12.03 09:31:20.234,5.5813,5.5833,1.60,1.00
2009.12.03 09:31:20.644,5.5813,5.5833,1.60,1.00
2009.12.03 09:31:22.394,5.581,5.5831,1.60,1.60
2009.12.03 09:31:22.744,5.5811,5.5833,1.60,1.60
2009.12.03 09:31:23.503,5.5813,5.5833,1.60,1.00
2009.12.03 09:31:24.803,5.5813,5.583,1.60,1.00
2009.12.03 09:31:25.153,5.5813,5.5833,1.00,1.60
2009.12.03 09:31:25.503,5.5813,5.5833,1.60,1.00
2009.12.03 09:31:26.313,5.581,5.583,1.60,1.00
2009.12.03 09:31:30.781,5.5806,5.5828,1.60,1.60
2009.12.03 09:31:31.171,5.5808,5.5829,1.60,1.00
2009.12.03 09:31:31.891,5.5814,5.5833,1.60,1.00
2009.12.03 09:31:32.222,5.5814,5.5833,1.60,1.00
2009.12.03 09:31:34.680,5.5811,5.5833,1.60,1.00
2009.12.03 09:31:34.900,5.5813,5.5833,1.00,1.00
2009.12.03 09:31:35.180,5.5811,5.5833,1.60,1.00
2009.12.03 09:31:38.519,5.5813,5.5833,1.00,1.00
2009.12.03 09:31:38.700,5.5814,5.5833,1.60,1.00
2009.12.03 09:31:40.839,5.5813,5.5833,1.60,1.00
2009.12.03 09:31:41.928,5.5813,5.583,1.60,1.00
2009.12.03 09:31:42.159,5.5813,5.5833,1.60,1.00
2009.12.03 09:31:42.389,5.5813,5.583,1.60,1.00
2009.12.03 09:31:42.678,5.5811,5.5833,1.60,1.70
2009.12.03 09:31:43.248,5.5811,5.5833,1.60,1.60
2009.12.03 09:31:44.138,5.5811,5.5833,1.60,1.60
2009.12.03 09:31:44.318,5.5811,5.5833,1.60,1.60
2009.12.03 09:31:44.718,5.5811,5.5833,1.60,1.60
2009.12.03 09:31:45.068,5.5811,5.5833,1.60,1.60
2009.12.03 09:31:46.268,5.5811,5.5833,1.60,1.60
2009.12.03 09:31:46.797,5.5811,5.5833,1.60,1.60
2009.12.03 09:31:54.026,5.581,5.583,1.60,1.00
2009.12.03 09:32:01.364,5.5807,5.5829,1.60,1.00
2009.12.03 09:32:03.924,5.5807,5.5826,1.60,1.00
2009.12.03 09:32:04.044,5.5806,5.5826,1.60,1.00
2009.12.03 09:32:04.333,5.581,5.5826,1.60,1.00
2009.12.03 09:32:04.503,5.581,5.583,1.60,1.00
2009.12.03 09:32:12.781,5.581,5.5826,1.60,1.00
2009.12.03 09:32:13.411,5.5807,5.5829,1.60,1.00
2009.12.03 09:32:15.881,5.5806,5.5829,1.00,1.00
2009.12.03 09:32:16.161,5.5804,5.5822,1.60,1.00
2009.12.03 09:32:16.220,5.5802,5.5822,1.60,1.00
2009.12.03 09:32:16.621,5.5799,5.5819,1.00,1.00
2009.12.03 09:32:16.850,5.5802,5.582,1.00,1.60
2009.12.03 09:32:17.070,5.5802,5.5822,1.60,1.00
2009.12.03 09:32:17.530,5.58,5.5822,1.60,1.60
2009.12.03 09:32:20.519,5.5802,5.5822,1.00,1.60
2009.12.03 09:32:20.799,5.5802,5.5822,1.60,1.00
2009.12.03 09:32:21.019,5.5802,5.58215,1.60,1.60
2009.12.03 09:32:21.179,5.58,5.58215,1.60,1.60
2009.12.03 09:32:21.809,5.58,5.5822,1.60,1.60
2009.12.03 09:32:23.829,5.5802,5.5822,1.60,1.00
2009.12.03 09:32:25.118,5.58095,5.5824,1.00,1.60
2009.12.03 09:32:25.338,5.5817,5.58405,1.60,1.60
2009.12.03 09:32:25.618,5.5817,5.5841,1.60,1.60
2009.12.03 09:32:27.168,5.5814,5.5834,1.60,1.00
2009.12.03 09:32:27.457,5.5814,5.5834,1.60,1.00
2009.12.03 09:32:28.087,5.5815,5.5834,1.60,1.00
2009.12.03 09:32:28.387,5.5816,5.5834,1.00,1.00
2009.12.03 09:32:30.197,5.5815,5.5831,1.60,1.00
2009.12.03 09:32:30.487,5.5813,5.5831,1.00,1.00
2009.12.03 09:32:31.407,5.5813,5.583,1.00,1.00
2009.12.03 09:32:35.256,5.5812,5.583,1.60,1.00
2009.12.03 09:32:35.596,5.5812,5.58305,1.00,1.00
2009.12.03 09:32:36.505,5.5811,5.5829,1.00,1.00
2009.12.03 09:32:37.625,5.5807,5.5825,1.60,1.00
2009.12.03 09:32:40.565,5.5811,5.5829,1.00,1.00
2009.12.03 09:32:40.734,5.58015,5.5821,1.60,1.60
2009.12.03 09:32:40.964,5.5798,5.5821,1.60,1.60
2009.12.03 09:32:43.444,5.5797,5.5818,1.60,1.60
2009.12.03 09:32:43.674,5.5798,5.5821,1.60,1.60
2009.12.03 09:32:46.513,5.58015,5.5821,1.60,1.60
2009.12.03 09:32:47.003,5.581,5.5833,1.60,1.60
2009.12.03 09:32:48.283,5.581,5.5829,1.60,1.00
2009.12.03 09:32:50.322,5.581,5.5828,1.60,1.00
2009.12.03 09:32:50.552,5.5808,5.5828,1.00,1.00
2009.12.03 09:32:51.452,5.581,5.5828,1.60,1.00
2009.12.03 09:32:51.622,5.5811,5.5829,1.00,1.00
2009.12.03 09:32:52.252,5.581,5.5828,1.60,1.00
2009.12.03 09:32:52.602,5.5808,5.5828,1.00,1.00
2009.12.03 09:32:53.301,5.5807,5.5824,1.60,1.00
2009.12.03 09:32:53.481,5.5807,5.5824,1.00,1.00
2009.12.03 09:32:54.401,5.581,5.5828,1.60,1.00
2009.12.03 09:32:54.681,5.581,5.5827,1.60,1.00
2009.12.03 09:32:56.281,5.5796,5.582,1.60,1.60
2009.12.03 09:32:58.490,5.5798,5.5819,1.60,1.00
2009.12.03 09:32:59.600,5.5798,5.5818,1.60,1.00
2009.12.03 09:33:02.489,5.5798,5.582,1.60,1.60
2009.12.03 09:33:02.709,5.5805,5.5827,1.60,1.60
2009.12.03 09:33:06.198,5.5798,5.5817,1.60,1.00
2009.12.03 09:33:11.117,5.5795,5.5815,1.60,1.00
2009.12.03 09:33:11.457,5.5795,5.5814,1.60,1.00
2009.12.03 09:33:12.547,5.5795,5.5812,1.60,1.00
2009.12.03 09:33:18.555,5.5795,5.5812,1.60,1.00
2009.12.03 09:33:18.965,5.5795,5.5811,1.60,1.00
2009.12.03 09:33:19.125,5.5793,5.5811,1.60,1.00
2009.12.03 09:33:19.695,5.5793,5.5808,1.60,1.00
2009.12.03 09:33:19.865,5.5795,5.5812,1.00,1.00
2009.12.03 09:33:20.215,5.5795,5.5812,1.60,1.00
2009.12.03 09:33:26.293,5.5796,5.5812,1.00,1.00
2009.12.03 09:33:34.631,5.5795,5.5812,1.60,1.00
2009.12.03 09:33:34.861,5.5792,5.5812,1.60,1.00
2009.12.03 09:33:43.629,5.5792,5.5811,1.60,1.00
2009.12.03 09:34:00.276,5.5792,5.5812,1.60,1.00
2009.12.03 09:34:02.785,5.57885,5.581,1.60,1.60
2009.12.03 09:34:03.124,5.5788,5.581,1.60,1.60
2009.12.03 09:34:04.374,5.5788,5.5808,1.60,1.00
2009.12.03 09:34:05.234,5.5788,5.5806,1.60,1.00
2009.12.03 09:34:08.283,5.5788,5.5805,1.60,1.00
2009.12.03 09:34:28.408,5.5788,5.5804,1.60,1.00
2009.12.03 09:34:28.768,5.5786,5.5801,1.00,1.00
2009.12.03 09:34:30.648,5.5783,5.5797,1.60,1.00
2009.12.03 09:34:30.988,5.5782,5.5797,1.00,1.00
2009.12.03 09:34:32.607,5.5785,5.5797,1.60,1.00
2009.12.03 09:34:32.987,5.5782,5.5797,1.00,1.00
2009.12.03 09:34:40.615,5.5783,5.58,1.60,1.00
2009.12.03 09:34:41.235,5.5786,5.5801,1.00,1.00
2009.12.03 09:34:45.165,5.5783,5.58,1.60,1.00
2009.12.03 09:34:45.515,5.5786,5.5801,1.00,1.00
2009.12.03 09:34:45.914,5.5783,5.5799,1.60,1.00
2009.12.03 09:34:46.274,5.5781,5.5799,1.60,1.00
2009.12.03 09:34:46.614,5.5781,5.58,1.60,1.00
2009.12.03 09:34:47.304,5.5781,5.5798,1.60,1.00
2009.12.03 09:34:49.544,5.578,5.5797,1.60,1.00
2009.12.03 09:34:49.663,5.5779,5.5801,1.60,1.00
2009.12.03 09:34:49.833,5.5783,5.5801,1.60,1.00
2009.12.03 09:34:51.563,5.5783,5.58,1.60,1.00
2009.12.03 09:34:53.423,5.5785,5.5801,1.60,1.00
2009.12.03 09:34:55.262,5.5783,5.58005,1.60,1.00
2009.12.03 09:34:55.602,5.5779,5.5802,1.60,1.60
2009.12.03 09:34:59.131,5.5773,5.5795,1.60,1.60
2009.12.03 09:35:02.610,5.5771,5.5793,1.60,1.60
2009.12.03 09:35:04.000,5.5769,5.5791,1.60,1.60
2009.12.03 09:35:04.180,5.5767,5.5789,1.60,1.60
2009.12.03 09:35:06.199,5.5765,5.5788,1.60,1.60
2009.12.03 09:35:06.549,5.5764,5.5785,1.60,1.60
2009.12.03 09:35:06.729,5.5763,5.5785,1.60,1.60
2009.12.03 09:35:07.019,5.5767,5.5789,1.60,1.60
2009.12.03 09:35:08.809,5.5765,5.5787,1.60,1.60
2009.12.03 09:35:10.118,5.5763,5.5785,1.60,1.60
2009.12.03 09:35:13.198,5.5761,5.5784,1.60,1.60
2009.12.03 09:35:13.428,5.5764,5.5785,1.60,1.60
2009.12.03 09:35:14.177,5.5764,5.57845,1.60,1.60
2009.12.03 09:35:14.467,5.576,5.5782,1.60,1.60
2009.12.03 09:35:15.987,5.57585,5.5778,1.00,1.60
2009.12.03 09:35:16.227,5.5756,5.5778,1.60,1.60
2009.12.03 09:35:16.407,5.5758,5.578,1.60,1.60
2009.12.03 09:35:17.057,5.576,5.5781,1.60,1.60
2009.12.03 09:35:19.756,5.5756,5.5778,1.60,1.60
2009.12.03 09:35:19.877,5.5758,5.578,1.60,1.60
2009.12.03 09:35:21.116,5.5756,5.5778,1.60,1.60
2009.12.03 09:35:21.166,5.5758,5.578,1.60,1.60
2009.12.03 09:35:21.626,5.5756,5.5778,2.50,1.60
2009.12.03 09:35:21.796,5.5756,5.5778,1.60,1.60
2009.12.03 09:35:25.295,5.576,5.5781,1.60,1.60
2009.12.03 09:35:26.365,5.5758,5.578,1.60,1.60
2009.12.03 09:35:28.304,5.5756,5.5778,1.60,1.60
2009.12.03 09:35:28.864,5.576,5.5782,1.60,1.60
2009.12.03 09:35:42.091,5.5754,5.5775,1.60,1.60
2009.12.03 09:35:44.350,5.5754,5.5774,1.60,1.00
2009.12.03 09:35:45.330,5.5751,5.5769,1.60,1.00
2009.12.03 09:35:45.620,5.575,5.5769,1.60,1.00
2009.12.03 09:35:46.191,5.5748,5.577,1.60,1.60
2009.12.03 09:35:46.810,5.5747,5.577,1.60,1.60
2009.12.03 09:35:47.190,5.5747,5.5765,1.60,1.00
2009.12.03 09:35:47.360,5.5746,5.5765,1.60,1.00
2009.12.03 09:35:47.740,5.5745,5.5765,1.60,1.00
2009.12.03 09:35:54.128,5.5745,5.5767,1.60,1.60
2009.12.03 09:35:54.188,5.5745,5.5765,1.60,1.00
2009.12.03 09:35:54.708,5.5745,5.5767,1.60,1.60
2009.12.03 09:35:55.798,5.5743,5.5765,1.70,1.00
2009.12.03 09:35:56.017,5.5745,5.5767,1.60,1.60
2009.12.03 09:35:56.437,5.5745,5.5765,1.60,1.00
2009.12.03 09:35:56.548,5.5745,5.5767,1.60,1.60
2009.12.03 09:35:57.227,5.5749,5.5769,1.60,1.00
2009.12.03 09:36:00.116,5.5749,5.57685,1.60,1.00
2009.12.03 09:36:02.086,5.5747,5.5768,1.60,1.00
2009.12.03 09:36:02.306,5.5747,5.5767,1.60,1.00
2009.12.03 09:36:05.455,5.5745,5.5764,1.60,1.00
2009.12.03 09:36:05.745,5.5745,5.5767,1.60,1.60
2009.12.03 09:36:06.035,5.5747,5.5767,1.60,1.00
2009.12.03 09:36:06.365,5.5749,5.5768,1.60,1.00
2009.12.03 09:36:10.314,5.5749,5.5767,1.60,1.00
2009.12.03 09:36:12.234,5.5749,5.5764,1.60,1.00
2009.12.03 09:36:12.473,5.5745,5.5767,1.60,1.60
2009.12.03 09:36:12.713,5.5745,5.5764,1.60,1.00
2009.12.03 09:36:20.172,5.5747,5.5767,1.60,1.00
2009.12.03 09:36:20.891,5.5749,5.5767,1.60,1.00
2009.12.03 09:36:21.691,5.5747,5.5767,1.60,1.00
2009.12.03 09:36:21.921,5.5747,5.5767,1.60,1.00
2009.12.03 09:36:22.901,5.5749,5.5767,1.60,1.00
2009.12.03 09:36:23.241,5.5747,5.5767,1.60,1.00
2009.12.03 09:36:23.581,5.5747,5.5764,1.60,1.00
2009.12.03 09:36:23.971,5.5749,5.5764,1.60,1.00
2009.12.03 09:36:24.471,5.5747,5.5764,1.60,1.00
2009.12.03 09:36:24.750,5.5745,5.5764,1.60,1.00
2009.12.03 09:36:26.560,5.5743,5.57635,1.60,1.00
2009.12.03 09:36:27.180,5.5743,5.576,1.60,1.00
2009.12.03 09:36:27.740,5.5743,5.5763,1.60,1.00
2009.12.03 09:36:28.100,5.574,5.5761,1.00,1.60
2009.12.03 09:36:28.970,5.5743,5.5763,1.60,1.00
2009.12.03 09:36:29.199,5.5743,5.576,1.60,1.00
2009.12.03 09:36:29.480,5.5742,5.576,1.60,1.00
2009.12.03 09:36:31.449,5.5743,5.5763,1.60,1.00
2009.12.03 09:36:32.059,5.5744,5.5764,1.60,1.00
2009.12.03 09:36:32.389,5.5746,5.5764,1.60,1.00
2009.12.03 09:36:32.728,5.5744,5.5763,1.60,1.00
2009.12.03 09:36:35.648,5.5743,5.5763,1.60,1.00
2009.12.03 09:36:37.727,5.5744,5.5764,1.00,1.00
2009.12.03 09:36:38.077,5.5745,5.5764,1.60,1.00
2009.12.03 09:36:38.467,5.5745,5.5763,1.60,1.00
2009.12.03 09:36:38.757,5.5743,5.5763,1.60,1.00
2009.12.03 09:36:39.917,5.5744,5.5764,1.00,1.00
2009.12.03 09:36:40.147,5.5745,5.5764,1.60,1.00
2009.12.03 09:36:41.557,5.5745,5.5763,1.60,1.00
2009.12.03 09:36:41.717,5.5743,5.5763,1.60,1.00
2009.12.03 09:36:41.886,5.5742,5.576,1.60,1.00
2009.12.03 09:36:44.576,5.5742,5.5762,1.60,1.00
2009.12.03 09:36:44.637,5.5742,5.576,1.60,1.00
2009.12.03 09:36:45.036,5.5743,5.5764,1.60,1.00
2009.12.03 09:36:46.335,5.5744,5.5764,1.00,1.00
2009.12.03 09:36:46.905,5.5745,5.5764,1.60,1.00
2009.12.03 09:36:48.285,5.57455,5.5764,1.60,1.00
2009.12.03 09:36:49.444,5.57445,5.5764,1.60,1.00
2009.12.03 09:36:49.715,5.57435,5.576,1.60,1.00
2009.12.03 09:36:50.864,5.57445,5.5764,1.60,1.00
2009.12.03 09:36:51.524,5.57455,5.5764,1.60,1.00
2009.12.03 09:36:52.714,5.57465,5.5764,1.60,1.00
2009.12.03 09:36:53.074,5.57455,5.5764,1.60,1.00
2009.12.03 09:36:53.984,5.5745,5.5764,1.60,1.00
2009.12.03 09:36:54.493,5.57445,5.5764,1.60,1.00
2009.12.03 09:36:56.923,5.57455,5.57645,1.60,1.00
2009.12.03 09:36:57.383,5.5745,5.5764,1.60,1.00
2009.12.03 09:36:58.403,5.57455,5.5764,1.60,1.00
2009.12.03 09:36:58.762,5.57465,5.5764,1.60,1.00
2009.12.03 09:37:00.552,5.57475,5.5764,1.60,1.00
2009.12.03 09:37:00.902,5.5749,5.5768,1.60,1.00
2009.12.03 09:37:01.242,5.57495,5.5768,1.60,1.00
2009.12.03 09:37:02.151,5.57505,5.5768,1.60,1.00
2009.12.03 09:37:03.471,5.57515,5.5768,1.60,1.00
2009.12.03 09:37:03.881,5.57505,5.5768,1.60,1.00
2009.12.03 09:37:05.101,5.57505,5.5767,1.60,1.00
2009.12.03 09:37:05.671,5.57495,5.5764,1.60,1.00
2009.12.03 09:37:06.240,5.57485,5.5764,1.60,1.00
2009.12.03 09:37:07.430,5.57495,5.5764,1.60,1.00
2009.12.03 09:37:07.820,5.57495,5.5768,1.60,1.00
2009.12.03 09:37:08.760,5.5749,5.5768,1.60,1.00
2009.12.03 09:37:09.120,5.57505,5.5768,1.60,1.00
2009.12.03 09:37:10.359,5.5749,5.5768,1.60,1.00
2009.12.03 09:37:10.829,5.57495,5.5768,1.60,1.00
2009.12.03 09:37:12.009,5.57495,5.5767,1.60,1.00
2009.12.03 09:37:12.519,5.57485,5.5767,1.60,1.00
2009.12.03 09:37:13.678,5.57495,5.5767,1.60,1.00
2009.12.03 09:37:14.139,5.57485,5.5767,1.60,1.00
2009.12.03 09:37:15.988,5.57495,5.5767,1.60,1.00
2009.12.03 09:37:16.218,5.57495,5.5768,1.60,1.00
2009.12.03 09:37:16.448,5.5749,5.5768,1.60,1.00
2009.12.03 09:37:16.808,5.5748,5.5768,1.00,1.00
2009.12.03 09:37:17.488,5.5748,5.5767,1.00,1.60
2009.12.03 09:37:20.337,5.57455,5.5767,1.60,1.60
2009.12.03 09:37:20.697,5.57455,5.5764,1.60,1.00
2009.12.03 09:37:21.057,5.57475,5.5764,1.60,1.00
2009.12.03 09:37:21.927,5.57485,5.5764,1.60,1.00
2009.12.03 09:37:22.166,5.57475,5.5764,1.60,1.00
2009.12.03 09:37:22.677,5.57465,5.5764,1.60,1.00
2009.12.03 09:37:24.916,5.57455,5.5764,1.60,1.00
2009.12.03 09:37:25.616,5.57465,5.5764,1.60,1.00
2009.12.03 09:37:26.526,5.57455,5.5764,1.60,1.00
2009.12.03 09:37:26.995,5.57465,5.5764,1.60,1.00
2009.12.03 09:37:28.665,5.57455,5.5764,1.60,1.00
2009.12.03 09:37:28.955,5.5733,5.576,1.00,1.60
2009.12.03 09:37:29.295,5.5737,5.576,1.60,1.60
2009.12.03 09:37:30.225,5.57385,5.5759,1.60,1.60
2009.12.03 09:37:30.735,5.5738,5.5759,1.60,1.60
2009.12.03 09:37:32.274,5.5739,5.5762,1.60,1.60
2009.12.03 09:37:35.893,5.57305,5.5754,1.60,1.60
2009.12.03 09:37:38.253,5.57315,5.5752,1.60,1.60
2009.12.03 09:37:38.593,5.57315,5.5751,1.60,1.00
2009.12.03 09:37:39.372,5.57315,5.575,1.60,1.00
2009.12.03 09:37:39.882,5.57305,5.575,1.60,1.00
2009.12.03 09:37:40.172,5.57305,5.5747,1.60,1.00
2009.12.03 09:37:41.092,5.57295,5.5747,1.60,1.00
2009.12.03 09:37:41.442,5.573,5.5747,1.00,1.00
2009.12.03 09:37:44.291,5.5738,5.5761,1.60,1.60
2009.12.03 09:37:44.912,5.5739,5.5764,1.60,1.60
2009.12.03 09:37:45.201,5.5741,5.5765,1.60,1.60
2009.12.03 09:37:47.041,5.5738,5.5759,1.60,1.60
2009.12.03 09:37:47.400,5.5739,5.5762,1.60,1.60
2009.12.03 09:37:47.740,5.574,5.5762,1.60,1.60
2009.12.03 09:37:49.750,5.5742,5.5763,1.60,1.60
2009.12.03 09:37:56.408,5.5745,5.5767,1.60,1.60
2009.12.03 09:37:56.759,5.5746,5.5767,1.60,1.60
2009.12.03 09:38:02.737,5.57465,5.5767,1.60,1.60
2009.12.03 09:38:03.097,5.5749,5.5771,1.60,1.60
2009.12.03 09:38:15.874,5.5753,5.57735,1.60,1.00
2009.12.03 09:38:17.114,5.5756,5.5777,1.60,1.00
2009.12.03 09:38:17.343,5.5757,5.5777,1.60,1.00
2009.12.03 09:38:17.613,5.5755,5.5776,1.60,1.00
2009.12.03 09:38:17.893,5.5755,5.57745,1.60,1.00
2009.12.03 09:38:18.233,5.5755,5.5776,1.60,1.00
2009.12.03 09:38:18.573,5.5753,5.57745,1.60,1.00
2009.12.03 09:38:20.702,5.5755,5.57765,1.60,1.00
2009.12.03 09:38:21.022,5.5755,5.5777,1.60,2.20
2009.12.03 09:38:22.412,5.5754,5.5777,1.60,2.20
2009.12.03 09:38:22.742,5.5756,5.5778,1.60,1.60
2009.12.03 09:38:23.142,5.5755,5.5777,1.60,2.20
2009.12.03 09:38:24.532,5.5755,5.57755,1.60,1.00
2009.12.03 09:38:25.112,5.5755,5.5777,1.60,2.20
2009.12.03 09:38:27.441,5.5755,5.5777,1.60,1.60
2009.12.03 09:38:27.561,5.5757,5.5778,1.60,1.60
2009.12.03 09:38:28.830,5.5757,5.57785,1.60,1.00
2009.12.03 09:38:29.351,5.5758,5.57785,1.60,1.00
2009.12.03 09:38:29.690,5.5756,5.5778,1.60,1.60
2009.12.03 09:38:29.741,5.5756,5.5777,1.60,1.00
2009.12.03 09:38:30.220,5.5755,5.5777,1.60,2.20
2009.12.03 09:38:30.570,5.5755,5.5777,1.60,1.60
2009.12.03 09:38:32.170,5.5755,5.57765,1.60,1.00
2009.12.03 09:38:32.580,5.5754,5.5775,1.60,1.60
2009.12.03 09:38:34.109,5.5755,5.57765,1.60,1.00
2009.12.03 09:38:34.219,5.5755,5.5777,1.60,1.60
2009.12.03 09:39:14.220,5.5753,5.5776,1.60,1.60
2009.12.03 09:39:15.799,5.5752,5.5773,1.60,1.60
2009.12.03 09:39:18.089,5.5752,5.5774,1.60,1.60
2009.12.03 09:39:23.587,5.5752,5.5773,1.60,1.60
2009.12.03 09:39:33.345,5.5752,5.5774,1.60,1.60
2009.12.03 09:39:33.685,5.5752,5.5773,1.60,1.60
2009.12.03 09:39:50.301,5.5748,5.577,1.60,1.60
2009.12.03 09:39:50.452,5.575,5.5772,1.60,1.60
2009.12.03 09:39:51.571,5.5752,5.5773,1.60,1.60
2009.12.03 09:39:52.741,5.575,5.5772,1.60,1.60
2009.12.03 09:39:53.890,5.5752,5.5773,1.60,1.60
2009.12.03 09:39:55.320,5.575,5.5772,1.60,1.60
2009.12.03 09:40:01.038,5.5748,5.577,1.60,1.60
2009.12.03 09:40:01.428,5.575,5.5772,1.60,1.60
2009.12.03 09:40:02.438,5.5752,5.5773,1.60,1.60
2009.12.03 09:40:12.466,5.5752,5.5773,1.60,1.60
2009.12.03 09:40:18.024,5.5753,5.5776,1.60,1.60
2009.12.03 09:40:20.094,5.5755,5.5777,1.60,1.60
2009.12.03 09:40:32.221,5.5755,5.5777,1.60,1.60
2009.12.03 09:40:34.010,5.5757,5.5779,1.60,1.60
2009.12.03 09:40:36.340,5.5755,5.5777,1.60,1.60
2009.12.03 09:40:38.050,5.5753,5.5776,1.60,1.60
2009.12.03 09:40:39.309,5.5752,5.5773,1.60,1.60
2009.12.03 09:40:39.469,5.5753,5.5776,1.60,1.60
2009.12.03 09:40:41.149,5.5752,5.5773,1.60,1.60
2009.12.03 09:40:44.798,5.5753,5.5776,1.60,1.60
2009.12.03 09:40:48.227,5.5752,5.5773,1.60,1.60
2009.12.03 09:40:49.487,5.5753,5.5776,1.60,1.60
2009.12.03 09:40:54.646,5.5755,5.5777,1.60,1.60
2009.12.03 09:40:56.695,5.5753,5.5776,1.60,1.60
2009.12.03 09:40:57.805,5.5753,5.5775,1.60,1.60
2009.12.03 09:41:01.494,5.5755,5.5777,1.60,1.60
2009.12.03 09:41:23.149,5.5753,5.5775,1.60,1.60
2009.12.03 09:41:23.388,5.5753,5.57785,1.60,1.00
2009.12.03 09:41:23.569,5.5753,5.5779,1.60,1.60
2009.12.03 09:41:25.378,5.5753,5.5775,1.60,1.60
2009.12.03 09:41:33.366,5.5753,5.5775,1.60,1.60
2009.12.03 09:41:34.036,5.5751,5.5773,1.60,1.60
2009.12.03 09:41:37.836,5.5753,5.5775,1.60,1.60
2009.12.03 09:41:45.713,5.5755,5.5777,1.60,1.60
2009.12.03 09:41:49.172,5.5759,5.578,1.60,1.60
2009.12.03 09:41:53.581,5.5755,5.5777,1.60,1.60
2009.12.03 09:41:57.141,5.5753,5.5775,1.60,1.60
2009.12.03 09:41:57.541,5.5751,5.5773,1.60,1.60
2009.12.03 09:41:58.161,5.5753,5.5775,1.60,1.60
2009.12.03 09:41:59.130,5.5755,5.5777,1.60,1.60
2009.12.03 09:41:59.480,5.5753,5.5775,1.60,1.60
2009.12.03 09:42:02.349,5.5755,5.5777,1.60,1.60
2009.12.03 09:42:06.758,5.5757,5.5779,1.60,1.60
2009.12.03 09:42:12.217,5.5761,5.5783,1.60,1.60
2009.12.03 09:42:13.636,5.576,5.5781,1.60,1.60
2009.12.03 09:42:14.646,5.5761,5.5783,1.60,1.60
2009.12.03 09:42:17.416,5.5763,5.5785,1.60,1.60
2009.12.03 09:42:17.646,5.5761,5.5783,1.60,1.60
2009.12.03 09:42:18.805,5.5763,5.5785,1.60,1.60
2009.12.03 09:42:19.255,5.5761,5.5783,1.60,1.60
2009.12.03 09:42:20.065,5.576,5.5781,1.60,1.60
2009.12.03 09:42:21.385,5.5761,5.5783,1.60,1.60
2009.12.03 09:42:22.235,5.576,5.5781,1.60,1.60
2009.12.03 09:42:24.834,5.5756,5.5778,1.60,1.60
2009.12.03 09:42:25.124,5.576,5.5781,1.60,1.60
2009.12.03 09:42:28.053,5.5757,5.578,1.60,1.60
2009.12.03 09:42:31.412,5.576,5.5781,1.60,1.60
2009.12.03 09:42:35.871,5.5763,5.5785,1.60,1.60
2009.12.03 09:42:38.721,5.5761,5.5783,1.60,1.60
2009.12.03 09:42:39.050,5.576,5.5781,1.60,1.60
2009.12.03 09:42:39.750,5.5761,5.5783,1.60,1.60
2009.12.03 09:42:40.391,5.5763,5.5785,1.60,1.60
2009.12.03 09:42:46.269,5.576,5.5781,1.60,1.60
2009.12.03 09:43:01.755,5.57525,5.5783,3.20,1.60
2009.12.03 09:43:19.541,5.5763,5.5785,1.60,1.60
2009.12.03 09:43:25.680,5.5765,5.5787,1.60,1.60
2009.12.03 09:43:26.779,5.5767,5.5789,1.60,1.60
2009.12.03 09:43:29.268,5.5765,5.5787,1.60,1.60
2009.12.03 09:43:30.058,5.5767,5.5789,1.60,1.60
2009.12.03 09:43:34.137,5.5768,5.5789,1.60,1.60
2009.12.03 09:43:35.547,5.5765,5.5788,1.60,1.60
2009.12.03 09:43:35.777,5.5768,5.5789,1.60,1.60
2009.12.03 09:43:38.486,5.5767,5.5789,1.60,1.60
2009.12.03 09:43:41.676,5.5765,5.5787,1.60,1.60
2009.12.03 09:43:42.355,5.5767,5.5789,1.60,1.60
2009.12.03 09:43:55.493,5.5765,5.5787,1.60,1.60
2009.12.03 09:43:55.722,5.5763,5.5785,1.60,1.60
2009.12.03 09:43:55.952,5.5765,5.5787,1.60,1.60
2009.12.03 09:43:56.592,5.5767,5.5789,1.60,1.60
2009.12.03 09:44:18.707,5.576,5.5782,1.60,1.60
2009.12.03 09:44:19.046,5.5761,5.5782,1.60,1.60
2009.12.03 09:44:20.258,5.5761,5.5777,1.60,1.00
2009.12.03 09:44:21.436,5.5764,5.5786,1.60,1.60
2009.12.03 09:44:21.786,5.5763,5.5785,1.60,1.60
2009.12.03 09:44:27.244,5.5765,5.5787,1.60,1.60
2009.12.03 09:44:28.724,5.5763,5.5785,1.60,1.60
2009.12.03 09:44:29.454,5.5767,5.5789,1.60,2.20
2009.12.03 09:44:29.804,5.5767,5.5789,1.60,1.60
2009.12.03 09:44:38.811,5.5765,5.5787,1.60,1.60
2009.12.03 09:44:44.740,5.5763,5.5785,1.60,1.60
2009.12.03 09:44:46.030,5.5765,5.5787,1.60,1.60
2009.12.03 09:44:48.939,5.5763,5.5785,1.60,1.60
2009.12.03 09:44:50.699,5.5764,5.5786,1.60,1.60
2009.12.03 09:44:51.388,5.5763,5.5785,1.60,1.60
2009.12.03 09:44:53.758,5.576,5.5782,1.60,1.60
2009.12.03 09:44:55.387,5.576,5.5778,1.60,1.00
2009.12.03 09:44:56.297,5.576,5.5777,1.60,1.00
2009.12.03 09:45:00.326,5.576,5.5776,1.60,1.00
2009.12.03 09:45:01.536,5.5757,5.5775,1.60,1.00
2009.12.03 09:45:09.044,5.5756,5.5772,1.60,1.00
2009.12.03 09:45:10.064,5.5756,5.5775,1.60,1.00
2009.12.03 09:45:10.184,5.5757,5.5775,1.60,1.00
2009.12.03 09:45:10.364,5.5757,5.5771,1.60,1.00
2009.12.03 09:45:10.544,5.5756,5.5771,1.60,1.00
2009.12.03 09:45:32.109,5.5758,5.5775,1.60,1.00
2009.12.03 09:45:34.638,5.5761,5.5776,1.60,1.00
2009.12.03 09:45:34.818,5.5758,5.5775,1.60,1.00
2009.12.03 09:45:35.318,5.5758,5.5772,1.60,1.00
2009.12.03 09:45:35.668,5.5758,5.5775,1.60,1.00
2009.12.03 09:45:36.747,5.5758,5.5772,1.60,1.00
2009.12.03 09:45:37.088,5.5758,5.5775,1.60,1.00
2009.12.03 09:45:37.578,5.5757,5.5772,1.60,1.00
2009.12.03 09:45:40.607,5.5757,5.5771,1.60,1.00
2009.12.03 09:45:51.344,5.5757,5.577,1.60,1.00
2009.12.03 09:46:02.912,5.5761,5.5774,1.60,1.00
2009.12.03 09:46:03.262,5.5757,5.5774,1.60,1.00
2009.12.03 09:46:04.632,5.5753,5.577,1.60,1.00
2009.12.03 09:46:11.919,5.5755,5.5773,1.60,1.00
2009.12.03 09:46:15.118,5.5753,5.57705,1.60,1.00
2009.12.03 09:46:22.027,5.5753,5.5771,1.60,1.00
2009.12.03 09:46:35.394,5.5751,5.577,1.60,1.00
2009.12.03 09:46:35.613,5.5749,5.5767,1.60,1.00
2009.12.03 09:46:37.293,5.5747,5.5765,1.60,1.00
2009.12.03 09:46:37.513,5.5747,5.5764,1.60,1.00
2009.12.03 09:46:37.683,5.5746,5.5764,1.60,1.00
2009.12.03 09:46:38.563,5.5746,5.5763,1.60,1.00
2009.12.03 09:46:52.189,5.5746,5.5759,1.60,1.00
2009.12.03 09:46:52.419,5.5742,5.5763,1.60,1.00
2009.12.03 09:46:52.639,5.5743,5.5763,1.60,1.00
2009.12.03 09:46:53.159,5.5743,5.5759,1.60,1.00
2009.12.03 09:46:53.559,5.5742,5.5759,1.60,1.00
2009.12.03 09:46:54.119,5.5743,5.5763,1.60,1.00
2009.12.03 09:46:55.769,5.5743,5.5761,1.60,1.00
2009.12.03 09:46:56.009,5.574,5.5761,1.60,1.00
2009.12.03 09:46:57.468,5.574,5.5759,1.60,1.00
2009.12.03 09:46:59.518,5.5742,5.5759,1.60,1.00
2009.12.03 09:47:03.896,5.574,5.5756,1.60,1.00
2009.12.03 09:47:04.246,5.5738,5.5759,1.60,1.00
2009.12.03 09:47:04.646,5.5738,5.5756,1.60,1.00
2009.12.03 09:47:05.286,5.5738,5.5755,1.60,1.00
2009.12.03 09:47:05.467,5.5736,5.5755,1.60,1.00
2009.12.03 09:47:17.773,5.5738,5.5756,1.60,1.00
2009.12.03 09:47:26.161,5.574,5.5759,1.60,1.00
2009.12.03 09:47:26.712,5.5742,5.5761,1.60,1.00
2009.12.03 09:47:27.041,5.5742,5.5759,1.60,1.00
2009.12.03 09:47:28.071,5.5742,5.576,1.60,1.00
2009.12.03 09:47:33.509,5.5742,5.5759,1.60,1.00
2009.12.03 09:47:35.659,5.5742,5.5763,1.60,1.00
2009.12.03 09:47:35.829,5.5743,5.5763,1.60,1.00
2009.12.03 09:47:40.828,5.5744,5.5763,1.00,1.00
2009.12.03 09:47:41.048,5.5746,5.5759,1.60,1.00
2009.12.03 09:47:41.268,5.5742,5.5759,1.60,1.00
2009.12.03 09:47:41.488,5.5743,5.5763,1.60,1.00
2009.12.03 09:47:46.217,5.5744,5.5763,1.00,1.00
2009.12.03 09:47:46.446,5.5746,5.5763,1.60,1.00
2009.12.03 09:47:46.676,5.5743,5.5763,1.60,1.00
2009.12.03 09:47:49.616,5.5742,5.5759,1.60,1.00
2009.12.03 09:47:50.305,5.5743,5.5763,1.60,1.00
2009.12.03 09:47:51.615,5.5742,5.5759,1.60,1.00
2009.12.03 09:47:51.965,5.5742,5.5763,1.60,1.00
2009.12.03 09:47:52.305,5.5742,5.5759,1.60,1.00
2009.12.03 09:47:52.535,5.5743,5.5759,1.60,1.00
2009.12.03 09:47:52.655,5.5743,5.5763,1.60,1.00
2009.12.03 09:47:57.934,5.5742,5.576,1.60,1.00
2009.12.03 09:47:58.104,5.5742,5.576,1.60,1.00
2009.12.03 09:48:00.373,5.574,5.5759,1.60,1.00
2009.12.03 09:48:12.450,5.5738,5.5756,1.60,1.00
2009.12.03 09:48:14.690,5.5738,5.5759,1.60,1.00
2009.12.03 09:48:14.910,5.574,5.5759,1.60,1.00
2009.12.03 09:48:21.908,5.5739,5.5759,1.60,1.00
2009.12.03 09:48:25.237,5.574,5.5759,1.00,1.00
2009.12.03 09:48:25.348,5.5742,5.5759,1.60,1.00
2009.12.03 09:48:35.224,5.57425,5.5759,1.60,1.00
2009.12.03 09:48:36.554,5.5742,5.5759,1.60,1.00
2009.12.03 09:48:36.784,5.57415,5.5759,1.60,1.00
2009.12.03 09:48:44.533,5.57405,5.5756,1.60,1.00
2009.12.03 09:48:45.722,5.57395,5.5756,1.60,1.00
2009.12.03 09:48:46.512,5.57405,5.5756,1.60,1.00
2009.12.03 09:48:48.991,5.57395,5.5756,1.60,1.00
2009.12.03 09:48:49.791,5.57385,5.5756,1.60,1.00
2009.12.03 09:48:52.221,5.57385,5.5756,1.60,1.60
2009.12.03 09:48:52.570,5.57375,5.5752,1.60,1.00
2009.12.03 09:48:53.090,5.57375,5.5756,1.60,1.00
2009.12.03 09:48:54.690,5.57375,5.5758,1.60,1.60
2009.12.03 09:48:55.319,5.57385,5.5758,1.60,1.60
2009.12.03 09:48:55.430,5.57385,5.5756,1.60,1.00
2009.12.03 09:48:56.020,5.57385,5.5758,1.60,1.60
2009.12.03 09:48:56.420,5.57385,5.5756,1.60,1.00
2009.12.03 09:48:56.769,5.57385,5.5758,1.60,1.60
2009.12.03 09:48:57.629,5.57385,5.5756,1.60,1.00
2009.12.03 09:48:57.919,5.57385,5.5756,1.60,1.00
2009.12.03 09:48:58.689,5.5736,5.5756,1.60,1.00
2009.12.03 09:49:04.777,5.5738,5.5756,1.60,1.00
2009.12.03 09:49:15.755,5.5738,5.5759,1.60,1.60
2009.12.03 09:49:16.105,5.5738,5.5756,1.60,1.00
2009.12.03 09:49:16.904,5.5739,5.5759,1.60,1.00
2009.12.03 09:49:30.431,5.5744,5.5763,1.00,1.70
2009.12.03 09:49:30.611,5.5742,5.5763,1.60,1.60
2009.12.03 09:49:30.721,5.5743,5.5763,1.60,1.00
2009.12.03 09:49:31.411,5.5746,5.5763,1.60,1.00
2009.12.03 09:49:31.814,5.5741,5.5763,1.60,1.60
2009.12.03 09:49:33.380,5.5741,5.576,1.60,1.00
2009.12.03 09:49:34.370,5.5741,5.5758,1.60,1.00
2009.12.03 09:49:37.669,5.5741,5.5757,1.60,1.00
2009.12.03 09:49:47.357,5.5741,5.5757,1.60,1.00
2009.12.03 09:49:57.384,5.5741,5.5756,1.60,1.00
2009.12.03 09:50:27.388,5.5742,5.5757,1.00,1.00
2009.12.03 09:50:30.037,5.5746,5.5765,1.60,1.00
2009.12.03 09:50:31.017,5.5745,5.5765,1.60,1.00
2009.12.03 09:50:31.196,5.5745,5.5765,1.60,1.00
2009.12.03 09:50:31.306,5.5746,5.5765,1.60,1.00
2009.12.03 09:50:31.416,5.5746,5.5765,1.60,1.00
2009.12.03 09:50:34.855,5.5745,5.5765,1.60,1.00
2009.12.03 09:50:35.315,5.5746,5.5765,1.60,1.00
2009.12.03 09:50:37.265,5.5745,5.5765,1.60,1.00
2009.12.03 09:50:37.605,5.5746,5.5765,1.60,1.00
2009.12.03 09:50:43.123,5.5746,5.5764,1.60,1.00
2009.12.03 09:50:48.012,5.5745,5.5764,1.60,1.00
2009.12.03 09:50:50.472,5.5743,5.576,1.60,1.00
2009.12.03 09:50:50.823,5.5739,5.576,1.60,1.00
2009.12.03 09:50:51.462,5.5734,5.5758,1.70,1.00
2009.12.03 09:50:51.682,5.5738,5.5756,1.60,1.00
2009.12.03 09:50:52.911,5.5738,5.5757,1.60,1.00
2009.12.03 09:50:54.471,5.574,5.576,1.60,1.00
2009.12.03 09:50:58.750,5.5741,5.5763,1.60,1.60
2009.12.03 09:50:59.040,5.574,5.576,1.60,1.00
2009.12.03 09:51:02.789,5.574,5.5758,1.60,1.00
2009.12.03 09:51:02.949,5.574,5.5758,1.60,1.00
2009.12.03 09:51:03.119,5.5738,5.5758,1.60,1.00
2009.12.03 09:51:08.378,5.574,5.5761,1.60,1.00
2009.12.03 09:51:15.296,5.574,5.576,1.60,1.00
2009.12.03 09:51:15.636,5.5738,5.576,1.60,1.60
2009.12.03 09:51:15.876,5.574,5.5761,1.60,1.00
2009.12.03 09:51:16.336,5.574,5.576,1.60,1.00
2009.12.03 09:51:17.727,5.5742,5.5761,1.60,1.00
2009.12.03 09:51:19.415,5.5742,5.576,1.60,1.00
2009.12.03 09:51:21.345,5.5736,5.5758,1.60,1.60
2009.12.03 09:51:21.994,5.573,5.5752,1.60,1.60
2009.12.03 09:51:22.994,5.5728,5.575,1.60,1.60
2009.12.03 09:51:24.534,5.5728,5.5749,1.60,1.00
2009.12.03 09:51:25.264,5.573,5.5748,1.60,1.00
2009.12.03 09:51:26.063,5.5728,5.5747,1.60,1.00
2009.12.03 09:51:26.173,5.5733,5.575,1.00,1.60
2009.12.03 09:51:26.623,5.5734,5.5751,1.60,1.00
2009.12.03 09:51:28.383,5.5734,5.5751,1.60,1.00
2009.12.03 09:51:30.002,5.573,5.5747,1.60,1.00
2009.12.03 09:51:31.032,5.573,5.5748,1.60,1.00
2009.12.03 09:51:36.211,5.573,5.5747,1.60,1.00
2009.12.03 09:51:39.900,5.5734,5.5751,1.00,1.00
2009.12.03 09:51:40.290,5.5734,5.5751,1.60,1.00
2009.12.03 09:51:41.820,5.5731,5.5751,1.60,1.00
2009.12.03 09:51:43.340,5.5734,5.5751,1.60,1.00
2009.12.03 09:51:46.058,5.5738,5.5756,1.60,1.00
2009.12.03 09:51:53.306,5.5734,5.5756,1.60,1.60
2009.12.03 09:51:54.057,5.5734,5.5756,1.60,1.60
2009.12.03 09:51:54.116,5.5743,5.5765,1.60,1.60
2009.12.03 09:52:01.695,5.5744,5.5765,1.60,1.60
2009.12.03 09:52:05.784,5.5747,5.5769,1.60,1.60
2009.12.03 09:52:06.253,5.5747,5.5768,1.60,1.00
2009.12.03 09:52:11.712,5.5747,5.5769,1.60,1.60
2009.12.03 09:52:11.882,5.5748,5.577,1.60,1.60
2009.12.03 09:52:18.230,5.5748,5.5768,1.60,1.00
2009.12.03 09:52:22.510,5.5748,5.577,1.60,1.60
2009.12.03 09:52:22.849,5.5746,5.5768,1.60,1.60
2009.12.03 09:52:27.559,5.5744,5.5764,1.60,1.00
2009.12.03 09:52:27.908,5.5744,5.5766,1.60,1.60
2009.12.03 09:52:28.328,5.5744,5.5764,1.60,1.00
2009.12.03 09:52:33.698,5.5744,5.5766,1.60,1.60
2009.12.03 09:52:33.937,5.5744,5.5764,1.60,1.00
2009.12.03 09:52:34.437,5.5746,5.5768,1.60,1.60
2009.12.03 09:52:37.439,5.5746,5.5764,1.60,1.00
2009.12.03 09:52:37.776,5.5744,5.5764,1.60,1.00
2009.12.03 09:52:38.326,5.5744,5.5763,1.60,1.00
2009.12.03 09:52:44.404,5.5741,5.5764,1.60,1.60
2009.12.03 09:52:44.745,5.5742,5.5764,1.60,1.60
2009.12.03 09:52:45.074,5.5744,5.5766,1.60,1.60
2009.12.03 09:52:51.283,5.5744,5.5764,1.60,1.00
2009.12.03 09:52:52.273,5.5744,5.5765,1.60,1.60
2009.12.03 09:53:00.080,5.5747,5.5769,1.60,1.60
2009.12.03 09:53:04.250,5.5747,5.5768,1.60,1.00
2009.12.03 09:53:14.687,5.5746,5.5768,1.60,1.60
2009.12.03 09:53:16.477,5.57385,5.577,3.20,1.60
2009.12.03 09:53:18.176,5.5746,5.5768,1.60,1.60
2009.12.03 09:53:18.856,5.5744,5.5766,1.60,1.60
2009.12.03 09:53:21.805,5.5746,5.5768,1.60,1.60
2009.12.03 09:53:44.340,5.5746,5.5767,1.60,1.00
2009.12.03 09:53:56.117,5.5746,5.5766,1.60,1.00
2009.12.03 09:54:00.576,5.5746,5.5767,1.60,1.00
2009.12.03 09:54:08.145,5.5746,5.5764,1.60,1.00
2009.12.03 09:54:08.495,5.5742,5.5764,1.60,1.60
2009.12.03 09:54:08.954,5.5748,5.5768,1.60,1.00
2009.12.03 09:54:09.184,5.5746,5.5768,1.60,1.60
2009.12.03 09:54:09.464,5.5748,5.5768,1.60,1.00
2009.12.03 09:54:11.034,5.5748,5.577,1.60,1.60
2009.12.03 09:54:11.253,5.5746,5.5768,1.60,1.60
2009.12.03 09:54:11.773,5.5744,5.5764,1.60,1.00
2009.12.03 09:54:16.202,5.5744,5.5766,1.60,1.60
2009.12.03 09:54:16.372,5.5744,5.5764,1.60,1.00
2009.12.03 09:54:17.132,5.5744,5.5766,1.60,1.60
2009.12.03 09:54:17.432,5.5744,5.5764,1.60,1.00
2009.12.03 09:54:17.922,5.5744,5.5766,1.60,1.60
2009.12.03 09:54:18.622,5.5744,5.5764,1.60,1.00
2009.12.03 09:54:18.792,5.5744,5.5764,1.60,1.00
2009.12.03 09:54:20.062,5.5742,5.5764,1.60,1.60
2009.12.03 09:54:20.451,5.5741,5.5762,1.60,1.60
2009.12.03 09:54:20.791,5.5741,5.576,1.60,1.00
2009.12.03 09:54:42.816,5.5738,5.576,1.60,1.00
2009.12.03 09:54:43.046,5.5741,5.576,1.60,1.00
2009.12.03 09:54:47.425,5.5744,5.5766,1.60,1.60
2009.12.03 09:54:47.835,5.5744,5.5764,1.60,1.00
2009.12.03 09:54:48.455,5.5742,5.5764,1.60,1.60
2009.12.03 09:54:53.283,5.5742,5.576,1.60,1.00
2009.12.03 09:54:53.463,5.5741,5.576,1.60,1.00
2009.12.03 09:54:53.693,5.5741,5.5762,1.60,1.60
2009.12.03 09:54:53.865,5.5738,5.5761,1.60,1.60
2009.12.03 09:55:00.162,5.5738,5.5756,1.60,1.00
2009.12.03 09:55:00.432,5.5737,5.5756,1.60,1.00
2009.12.03 09:55:02.392,5.5737,5.5759,1.60,1.60
2009.12.03 09:55:02.621,5.5735,5.5761,1.60,1.60
2009.12.03 09:55:04.571,5.5738,5.5761,1.60,1.60
2009.12.03 09:55:04.971,5.5744,5.57625,1.60,1.60
2009.12.03 09:55:05.321,5.5745,5.5767,1.60,1.60
2009.12.03 09:55:06.320,5.5745,5.5764,1.60,1.00
2009.12.03 09:55:07.081,5.5745,5.5761,1.60,1.00
2009.12.03 09:55:07.300,5.5743,5.5761,1.60,1.00
2009.12.03 09:55:07.710,5.5743,5.5764,1.60,1.00
2009.12.03 09:55:08.070,5.5743,5.5761,1.60,1.00
2009.12.03 09:55:08.310,5.5744,5.5764,1.00,1.00
2009.12.03 09:55:08.600,5.5743,5.5761,1.60,1.00
2009.12.03 09:55:10.579,5.5744,5.5761,1.00,1.00
2009.12.03 09:55:13.559,5.5745,5.5764,1.60,1.00
2009.12.03 09:55:15.168,5.5745,5.5761,1.60,1.00
2009.12.03 09:55:15.568,5.5744,5.5761,1.00,1.00
2009.12.03 09:55:20.107,5.5745,5.5761,1.60,1.00
2009.12.03 09:55:20.447,5.5745,5.5763,1.60,1.00
2009.12.03 09:55:23.166,5.5744,5.576,1.00,1.00
2009.12.03 09:55:24.816,5.5748,5.5764,1.00,1.00
2009.12.03 09:55:25.166,5.5748,5.5767,1.00,1.00
2009.12.03 09:55:25.336,5.5749,5.5767,1.60,1.00
2009.12.03 09:55:25.916,5.5751,5.5767,1.60,1.00
2009.12.03 09:55:28.565,5.5749,5.5767,1.60,1.00
2009.12.03 09:55:31.344,5.5748,5.5763,1.00,1.00
2009.12.03 09:55:42.911,5.5751,5.5763,1.60,1.00
2009.12.03 09:55:43.272,5.5751,5.5767,1.60,1.00
2009.12.03 09:55:43.331,5.5749,5.5767,1.60,1.00
2009.12.03 09:55:43.801,5.5749,5.5767,1.00,1.00
2009.12.03 09:55:44.091,5.5749,5.5767,1.60,1.00
2009.12.03 09:55:44.311,5.5752,5.5767,1.00,1.00
2009.12.03 09:55:44.711,5.5749,5.5767,1.60,1.00
2009.12.03 09:55:50.060,5.5749,5.5766,1.60,1.00
2009.12.03 09:55:50.409,5.5745,5.5766,1.60,1.00
2009.12.03 09:55:51.099,5.5744,5.5763,1.60,1.00
2009.12.03 09:55:51.619,5.5744,5.5761,1.60,1.00
2009.12.03 09:55:53.499,5.5745,5.5765,1.00,1.00
2009.12.03 09:55:53.659,5.5747,5.5765,1.60,1.00
2009.12.03 09:55:59.277,5.5747,5.5764,1.60,1.00
2009.12.03 09:56:08.645,5.5747,5.5763,1.60,1.00
2009.12.03 09:56:08.825,5.57455,5.5763,1.60,1.00
2009.12.03 09:56:10.055,5.5745,5.5763,1.60,1.00
2009.12.03 09:56:10.415,5.57455,5.5763,1.60,1.00
2009.12.03 09:56:11.365,5.57465,5.5763,1.60,1.00
2009.12.03 09:56:11.585,5.57505,5.5763,1.60,1.00
2009.12.03 09:56:11.694,5.57525,5.5763,1.60,1.00
2009.12.03 09:56:12.095,5.57505,5.5763,1.60,1.00
2009.12.03 09:56:12.214,5.57505,5.576,1.60,1.00
2009.12.03 09:56:13.934,5.57505,5.5763,1.60,1.00
2009.12.03 09:56:14.404,5.57505,5.576,1.60,1.00
2009.12.03 09:56:14.984,5.57505,5.5763,1.60,1.00
2009.12.03 09:56:15.574,5.57505,5.576,1.60,1.00
2009.12.03 09:56:15.854,5.57575,5.5774,1.60,1.00
2009.12.03 09:56:16.093,5.57595,5.5777,1.60,1.60
2009.12.03 09:56:17.093,5.57605,5.5775,1.60,1.60
2009.12.03 09:56:18.883,5.57615,5.5775,1.60,1.60
2009.12.03 09:56:19.123,5.57625,5.5775,1.60,1.60
2009.12.03 09:56:21.282,5.57615,5.5775,1.60,1.60
2009.12.03 09:56:25.561,5.57625,5.5775,1.60,1.60
2009.12.03 09:56:27.511,5.57615,5.5775,1.60,1.60
2009.12.03 09:56:28.260,5.57615,5.5774,1.60,1.00
2009.12.03 09:56:29.780,5.57625,5.5775,1.60,1.60
2009.12.03 09:56:29.900,5.57625,5.5775,1.60,1.00
2009.12.03 09:56:30.710,5.57625,5.5777,1.60,1.60
2009.12.03 09:56:31.040,5.57625,5.5775,1.60,1.60
2009.12.03 09:56:33.011,5.57605,5.5771,1.60,1.00
2009.12.03 09:56:35.359,5.57615,5.5771,1.60,1.00
2009.12.03 09:56:35.709,5.57615,5.5774,1.60,1.00
2009.12.03 09:56:37.118,5.57605,5.5774,1.60,1.00
2009.12.03 09:56:38.478,5.57605,5.5771,1.60,1.00
2009.12.03 09:56:44.700,5.57595,5.5771,1.60,1.00
2009.12.03 09:56:45.456,5.57605,5.5771,1.60,1.00
2009.12.03 09:56:46.206,5.57605,5.5774,1.60,1.00
2009.12.03 09:56:51.545,5.57615,5.5774,1.60,1.00
2009.12.03 09:56:53.234,5.57615,5.577,1.60,1.00
2009.12.03 09:56:53.584,5.57595,5.577,1.60,1.00
2009.12.03 09:56:56.994,5.57615,5.577,1.60,1.00
2009.12.03 09:56:57.413,5.57595,5.577,1.60,1.00
2009.12.03 09:56:58.523,5.57585,5.577,1.60,1.00
2009.12.03 09:56:59.103,5.57575,5.5766,1.60,1.00
2009.12.03 09:56:59.343,5.57575,5.5769,1.60,1.60
2009.12.03 09:56:59.453,5.57575,5.5769,1.60,1.00
2009.12.03 09:56:59.623,5.57585,5.5769,1.60,1.00
2009.12.03 09:57:00.873,5.57575,5.5769,1.60,1.60
2009.12.03 09:57:01.112,5.57575,5.5769,1.60,1.00
2009.12.03 09:57:01.343,5.57585,5.5769,1.60,1.00
2009.12.03 09:57:04.732,5.57595,5.5772,1.60,1.60
2009.12.03 09:57:04.842,5.57595,5.5773,1.60,1.00
2009.12.03 09:57:05.172,5.57615,5.5774,1.60,1.00
2009.12.03 09:57:05.522,5.57595,5.577,1.60,1.00
2009.12.03 09:57:08.271,5.57585,5.577,1.60,1.00
2009.12.03 09:57:09.171,5.57585,5.5766,1.60,1.00
2009.12.03 09:57:09.451,5.57575,5.5766,1.60,1.00
2009.12.03 09:57:09.730,5.57565,5.5766,1.60,1.00
2009.12.03 09:57:13.520,5.57585,5.5769,1.60,1.60
2009.12.03 09:57:13.699,5.57585,5.577,1.60,1.00
2009.12.03 09:57:13.859,5.57595,5.577,1.60,1.00
2009.12.03 09:57:14.539,5.57585,5.577,1.60,1.00
2009.12.03 09:57:15.759,5.57585,5.5769,1.60,1.00
2009.12.03 09:57:16.049,5.57575,5.5769,1.60,1.00
2009.12.03 09:57:16.689,5.57585,5.5769,1.60,1.00
2009.12.03 09:57:16.859,5.57585,5.5766,1.60,1.00
2009.12.03 09:57:17.039,5.57575,5.5766,1.60,1.00
2009.12.03 09:57:17.269,5.57575,5.5769,1.60,1.00
2009.12.03 09:57:17.799,5.57555,5.5769,1.60,1.00
2009.12.03 09:57:18.559,5.57555,5.5766,1.60,1.00
2009.12.03 09:57:18.678,5.57545,5.5769,1.60,1.00
2009.12.03 09:57:18.839,5.57545,5.5769,1.60,1.00
2009.12.03 09:57:19.399,5.57555,5.577,1.60,1.00
2009.12.03 09:57:21.258,5.57555,5.5769,1.60,1.60
2009.12.03 09:57:21.668,5.57545,5.5766,1.60,1.00
2009.12.03 09:57:22.258,5.57555,5.5769,1.60,1.60
2009.12.03 09:57:22.428,5.57555,5.577,1.60,1.00
2009.12.03 09:57:23.707,5.57565,5.577,1.60,1.00
2009.12.03 09:57:27.306,5.57555,5.577,1.60,1.00
2009.12.03 09:57:35.534,5.57565,5.577,1.60,1.00
2009.12.03 09:57:36.044,5.57575,5.577,1.60,1.00
2009.12.03 09:57:39.224,5.57565,5.577,1.60,1.00
2009.12.03 09:57:41.923,5.57565,5.5769,1.60,1.00
2009.12.03 09:57:42.083,5.57555,5.5769,1.60,1.00
2009.12.03 09:57:43.143,5.57555,5.577,1.60,1.00
2009.12.03 09:57:44.762,5.57565,5.577,1.60,1.00
2009.12.03 09:57:50.491,5.57555,5.577,1.60,1.00
2009.12.03 09:57:50.720,5.57565,5.577,1.60,1.00
2009.12.03 09:57:54.670,5.57585,5.577,1.60,1.00
2009.12.03 09:57:54.780,5.57575,5.577,1.60,1.00
2009.12.03 09:57:54.890,5.57555,5.577,1.60,1.00
2009.12.03 09:57:55.230,5.57565,5.577,1.60,1.00
2009.12.03 09:57:56.310,5.57555,5.577,1.60,1.00
2009.12.03 09:57:57.419,5.57545,5.577,1.60,1.00
2009.12.03 09:57:58.519,5.57535,5.577,1.60,1.00
2009.12.03 09:57:58.869,5.57545,5.577,1.60,1.00
2009.12.03 09:58:00.028,5.57545,5.5773,1.60,1.60
2009.12.03 09:58:00.088,5.57545,5.5771,1.60,1.60
2009.12.03 09:58:00.558,5.57545,5.5772,1.60,1.60
2009.12.03 09:58:05.827,5.57535,5.5772,1.60,1.60
2009.12.03 09:58:06.507,5.57515,5.5772,1.60,1.60
2009.12.03 09:58:07.417,5.57525,5.5772,1.60,1.60
2009.12.03 09:58:07.857,5.57535,5.5774,1.60,1.60
2009.12.03 09:58:08.257,5.57545,5.5775,1.60,1.60
2009.12.03 09:58:11.675,5.57525,5.5774,1.60,1.60
2009.12.03 09:58:12.306,5.57535,5.5774,1.60,1.60
2009.12.03 09:58:14.275,5.57545,5.5774,1.60,1.60
2009.12.03 09:58:14.385,5.57545,5.5775,1.60,1.60
2009.12.03 09:58:14.775,5.5754,5.5775,1.60,1.60
2009.12.03 09:58:15.135,5.5756,5.5777,1.60,1.60
2009.12.03 09:58:15.535,5.5757,5.5779,1.60,1.60
2009.12.03 09:58:17.504,5.5754,5.5775,1.60,1.60
2009.12.03 09:58:21.613,5.5752,5.5774,1.60,1.60
2009.12.03 09:58:36.320,5.575,5.5772,1.60,1.60
2009.12.03 09:58:36.489,5.5748,5.577,1.60,1.60
2009.12.03 09:58:39.379,5.575,5.5772,1.60,1.60
2009.12.03 09:58:39.499,5.5752,5.5774,1.60,1.60
2009.12.03 09:58:41.688,5.575,5.5772,1.60,1.60
2009.12.03 09:58:42.188,5.5752,5.5774,1.60,1.60
2009.12.03 09:58:50.686,5.5746,5.5768,1.60,1.60
2009.12.03 09:58:50.916,5.5752,5.5774,1.60,1.60
2009.12.03 09:58:51.146,5.5748,5.577,1.60,1.60
2009.12.03 09:58:52.946,5.5748,5.5771,1.60,1.60
2009.12.03 09:58:54.805,5.5748,5.577,1.60,1.60
2009.12.03 09:59:01.314,5.5744,5.577,1.60,1.60
2009.12.03 09:59:01.664,5.5743,5.5765,1.60,1.60
2009.12.03 09:59:02.064,5.5745,5.5771,1.60,1.60
2009.12.03 09:59:02.233,5.5747,5.5768,1.60,1.60
2009.12.03 09:59:02.473,5.5748,5.5771,1.60,1.60
2009.12.03 09:59:02.703,5.5747,5.5768,1.60,1.60
2009.12.03 09:59:05.932,5.5749,5.5771,1.60,1.60
2009.12.03 09:59:10.341,5.5746,5.5774,1.60,1.60
2009.12.03 09:59:12.861,5.5745,5.5776,1.60,1.60
2009.12.03 09:59:15.970,5.5748,5.578,1.60,1.60
2009.12.03 09:59:16.850,5.5746,5.5778,1.60,1.60
2009.12.03 09:59:19.519,5.5745,5.5776,1.60,1.60
2009.12.03 09:59:21.569,5.5746,5.5778,1.60,1.60
2009.12.03 09:59:22.659,5.5744,5.5776,1.60,1.60
2009.12.03 09:59:26.957,5.5745,5.5776,1.60,1.60
2009.12.03 09:59:28.477,5.5746,5.5778,1.60,1.60
2009.12.03 09:59:30.207,5.5745,5.5776,1.60,1.60
2009.12.03 09:59:34.426,5.5744,5.5776,1.60,1.60
2009.12.03 09:59:39.775,5.5746,5.5778,1.60,1.60
2009.12.03 09:59:48.093,5.5746,5.5778,1.60,1.60
2009.12.03 09:59:50.982,5.5744,5.5776,1.60,1.60
2009.12.03 09:59:51.212,5.5746,5.5778,1.60,1.60
2009.12.03 09:59:51.432,5.5742,5.5774,1.60,1.60
2009.12.03 09:59:52.741,5.5743,5.5775,1.60,1.60
2009.12.03 09:59:53.411,5.5742,5.5773,1.60,1.60
2009.12.03 09:59:55.391,5.5743,5.5775,1.60,1.60
2009.12.03 09:59:55.671,5.5745,5.5777,1.60,1.60
2009.12.03 09:59:56.010,5.5743,5.5775,1.60,1.60
2009.12.03 09:59:57.870,5.5746,5.5778,1.60,1.60
2009.12.03 09:59:58.400,5.5745,5.5777,1.60,1.60
2009.12.03 09:59:59.370,5.5741,5.5772,1.60,1.60
