2013.09.03 20:00:03.652,6.07006,6.0722,2.78,1.65
2013.09.03 20:00:23.754,6.07013,6.07217,1.80,1.65
2013.09.03 20:00:43.819,6.06998,6.07215,1.80,1.65
2013.09.03 20:00:51.342,6.06996,6.07235,2.55,1.80
2013.09.03 20:00:51.424,6.07016,6.07235,1.65,1.80
2013.09.03 20:00:51.781,6.07137,6.07268,2.81,1.80
2013.09.03 20:00:51.907,6.07062,6.07268,1.65,1.80
2013.09.03 20:00:51.971,6.07062,6.07268,1.65,1.80
2013.09.03 20:00:52.091,6.07091,6.07268,1.50,1.80
2013.09.03 20:00:52.211,6.07042,6.07268,1.80,1.80
2013.09.03 20:00:53.081,6.07006,6.07233,1.80,1.80
2013.09.03 20:00:53.871,6.07088,6.07233,1.97,1.80
2013.09.03 20:00:54.052,6.07088,6.07261,1.63,2.78
2013.09.03 20:00:54.171,6.07088,6.07262,1.63,1.97
2013.09.03 20:00:54.231,6.07088,6.0729,1.63,1.80
2013.09.03 20:00:56.653,6.07098,6.0729,1.50,1.80
2013.09.03 20:01:10.942,6.07107,6.07313,1.65,3.77
2013.09.03 20:01:16.992,6.07107,6.07293,1.65,1.80
2013.09.03 20:01:17.052,6.07097,6.07282,1.50,1.65
2013.09.03 20:01:17.921,6.0711,6.07298,1.65,1.80
2013.09.03 20:01:18.012,6.0711,6.07302,1.65,2.87
2013.09.03 20:01:38.267,6.07112,6.07302,1.65,2.87
2013.09.03 20:01:49.881,6.07112,6.07302,1.65,2.87
2013.09.03 20:01:58.721,6.0711,6.07302,1.65,2.87
2013.09.03 20:02:18.966,6.07109,6.07313,1.65,1.65
2013.09.03 20:02:20.572,6.07109,6.07295,1.65,1.65
2013.09.03 20:02:22.942,6.07109,6.07295,1.65,1.65
2013.09.03 20:02:23.982,6.07109,6.07295,1.65,1.65
2013.09.03 20:02:49.936,6.07097,6.07298,1.65,1.65
2013.09.03 20:02:59.806,6.07097,6.07297,1.65,1.65
2013.09.03 20:03:03.284,6.07088,6.073,2.85,1.80
2013.09.03 20:03:03.474,6.07098,6.07303,1.65,1.65
2013.09.03 20:03:08.051,6.07098,6.07313,1.65,1.65
2013.09.03 20:03:23.151,6.07104,6.07332,1.80,1.65
2013.09.03 20:03:41.393,6.07104,6.07317,1.80,1.65
2013.09.03 20:03:41.453,6.07104,6.07322,1.80,1.65
2013.09.03 20:03:41.573,6.07123,6.07322,1.65,1.65
2013.09.03 20:03:43.612,6.07124,6.07322,1.65,1.65
2013.09.03 20:04:23.885,6.07126,6.07322,1.65,1.65
2013.09.03 20:04:41.612,6.07107,6.07322,1.80,1.65
2013.09.03 20:04:45.431,6.07097,6.07322,1.65,1.65
2013.09.03 20:04:46.633,6.07112,6.07322,1.80,1.65
2013.09.03 20:04:46.983,6.07116,6.07323,1.80,1.65
2013.09.03 20:05:05.371,6.07097,6.07322,1.65,1.65
2013.09.03 20:05:06.265,6.07098,6.07322,1.65,1.65
2013.09.03 20:05:21.012,6.07119,6.07341,1.80,2.78
2013.09.03 20:05:21.409,6.0712,6.07343,1.80,1.65
2013.09.03 20:05:41.381,6.07115,6.07343,1.80,1.65
2013.09.03 20:06:01.251,6.07115,6.07347,3.68,1.80
2013.09.03 20:06:08.292,6.07143,6.07355,1.65,1.80
2013.09.03 20:06:08.472,6.07138,6.07367,1.65,1.65
2013.09.03 20:06:08.592,6.07138,6.07333,1.65,1.97
2013.09.03 20:06:08.992,6.07129,6.07333,1.65,2.87
2013.09.03 20:06:14.212,6.07129,6.07336,1.65,1.80
2013.09.03 20:06:14.615,6.07153,6.0734,1.65,1.80
2013.09.03 20:06:14.672,6.07153,6.07359,1.65,1.80
2013.09.03 20:06:34.852,6.07141,6.07348,1.65,1.80
2013.09.03 20:06:55.148,6.07147,6.07348,1.65,1.80
2013.09.03 20:07:04.562,6.07172,6.07357,1.65,1.80
2013.09.03 20:07:04.622,6.07172,6.07378,1.65,1.80
2013.09.03 20:07:04.862,6.07172,6.07378,1.65,1.80
2013.09.03 20:07:24.872,6.07163,6.0738,1.65,1.80
2013.09.03 20:07:39.052,6.07163,6.0738,1.65,1.80
2013.09.03 20:07:39.234,6.07163,6.0738,1.65,1.80
2013.09.03 20:07:41.323,6.07137,6.07355,1.65,1.80
2013.09.03 20:07:41.652,6.07137,6.07355,1.65,1.80
2013.09.03 20:07:41.712,6.07137,6.07355,1.65,1.80
2013.09.03 20:07:50.463,6.07137,6.07355,1.65,1.80
2013.09.03 20:07:51.016,6.07137,6.07355,1.65,1.80
2013.09.03 20:08:01.432,6.07144,6.07355,1.65,1.80
2013.09.03 20:08:21.737,6.07152,6.07361,1.65,1.80
2013.09.03 20:08:41.942,6.07159,6.07376,1.65,1.80
2013.09.03 20:08:50.738,6.07138,6.07376,1.80,1.80
2013.09.03 20:08:53.091,6.07159,6.07376,1.65,1.80
2013.09.03 20:08:53.596,6.07159,6.07376,1.65,1.80
2013.09.03 20:08:55.131,6.07278,6.07383,2.68,1.88
2013.09.03 20:08:55.492,6.07191,6.07383,1.50,1.88
2013.09.03 20:08:55.552,6.07191,6.07403,1.65,3.77
2013.09.03 20:08:55.672,6.07194,6.07401,1.65,1.80
2013.09.03 20:08:56.992,6.07139,6.07347,1.65,1.80
2013.09.03 20:08:58.026,6.07139,6.07347,1.65,1.80
2013.09.03 20:08:58.153,6.07118,6.07329,1.65,2.78
2013.09.03 20:08:58.274,6.07096,6.07322,1.65,1.80
2013.09.03 20:09:00.073,6.07108,6.07322,1.65,1.80
2013.09.03 20:09:18.128,6.0712,6.07322,1.65,1.80
2013.09.03 20:09:38.773,6.07125,6.07334,1.65,1.80
2013.09.03 20:09:58.883,6.0711,6.07337,1.65,1.65
2013.09.03 20:10:00.112,6.07089,6.07345,1.80,1.80
2013.09.03 20:10:01.912,6.07089,6.07324,1.80,1.50
2013.09.03 20:10:02.263,6.07003,6.07253,1.80,2.87
2013.09.03 20:10:03.406,6.07038,6.07257,1.97,1.80
2013.09.03 20:10:03.743,6.0708,6.07314,1.80,1.65
2013.09.03 20:10:15.663,6.0708,6.0729,1.80,1.35
2013.09.03 20:10:15.782,6.07052,6.07264,2.78,1.50
2013.09.03 20:10:15.842,6.07023,6.07212,1.65,1.97
2013.09.03 20:10:15.902,6.07001,6.07212,1.65,2.87
2013.09.03 20:10:16.082,6.07018,6.07212,1.97,1.80
2013.09.03 20:10:16.142,6.07047,6.0724,2.78,2.78
2013.09.03 20:10:16.202,6.07055,6.0729,1.80,1.65
2013.09.03 20:10:16.262,6.07055,6.0729,1.80,1.65
2013.09.03 20:10:36.394,6.07063,6.07307,2.78,1.65
2013.09.03 20:10:56.683,6.07067,6.07302,1.80,1.65
2013.09.03 20:11:16.245,6.07067,6.07323,1.80,1.80
2013.09.03 20:11:16.773,6.07067,6.07323,1.80,1.80
2013.09.03 20:11:37.252,6.07063,6.07316,1.80,1.80
2013.09.03 20:11:57.764,6.07063,6.07316,1.80,1.80
2013.09.03 20:12:18.718,6.07068,6.07323,1.80,1.80
2013.09.03 20:12:39.747,6.07066,6.07322,1.80,1.80
2013.09.03 20:12:59.838,6.07068,6.07322,1.80,1.80
2013.09.03 20:13:20.752,6.07068,6.07322,1.80,1.80
2013.09.03 20:13:41.183,6.07069,6.07322,1.80,1.80
2013.09.03 20:14:01.892,6.07067,6.0732,1.80,1.80
2013.09.03 20:14:42.172,6.07068,6.07324,1.80,1.80
2013.09.03 20:15:02.622,6.07064,6.0732,1.80,1.80
2013.09.03 20:15:43.818,6.07065,6.0732,1.80,1.80
2013.09.03 20:16:03.762,6.07065,6.07309,1.80,2.78
2013.09.03 20:16:12.164,6.07044,6.07287,1.80,2.78
2013.09.03 20:16:12.283,6.07024,6.07279,1.80,1.80
2013.09.03 20:16:32.783,6.0703,6.07279,2.78,1.80
2013.09.03 20:16:47.287,6.0703,6.07271,2.78,1.80
2013.09.03 20:16:47.352,6.07012,6.07265,1.80,1.80
2013.09.03 20:17:07.293,6.07021,6.07277,1.80,1.80
2013.09.03 20:17:27.482,6.07028,6.07282,1.80,1.80
2013.09.03 20:17:47.482,6.0703,6.07284,1.80,1.80
2013.09.03 20:18:07.472,6.07034,6.07284,2.78,1.80
2013.09.03 20:18:27.833,6.07032,6.07288,1.80,1.80
2013.09.03 20:18:48.872,6.07033,6.07288,1.80,1.80
2013.09.03 20:19:09.444,6.07034,6.07289,1.80,1.80
2013.09.03 20:19:29.372,6.0703,6.07285,1.80,1.80
2013.09.03 20:19:49.267,6.0703,6.07285,1.80,1.80
2013.09.03 20:20:09.312,6.0703,6.07283,1.80,1.80
2013.09.03 20:20:16.662,6.07031,6.07265,1.80,1.65
2013.09.03 20:20:16.953,6.07048,6.07286,1.65,1.80
2013.09.03 20:20:29.812,6.07048,6.07289,1.65,1.65
2013.09.03 20:20:50.663,6.07048,6.07289,1.65,1.65
2013.09.03 20:21:30.682,6.07037,6.07293,1.80,1.80
2013.09.03 20:21:51.756,6.07046,6.07293,2.78,1.80
2013.09.03 20:22:11.853,6.0707,6.07323,1.80,1.80
2013.09.03 20:22:15.174,6.07072,6.07304,1.65,1.65
2013.09.03 20:22:26.432,6.0707,6.07304,1.80,1.65
2013.09.03 20:22:26.612,6.07068,6.07282,1.80,1.65
2013.09.03 20:22:26.672,6.07047,6.07282,1.80,1.65
2013.09.03 20:22:27.484,6.07047,6.07282,1.80,1.65
2013.09.03 20:22:28.474,6.07047,6.07282,1.80,1.65
2013.09.03 20:22:46.722,6.0705,6.07286,1.80,1.65
2013.09.03 20:23:07.643,6.0705,6.07286,1.80,1.65
2013.09.03 20:23:07.823,6.07039,6.07204,2.78,1.50
2013.09.03 20:23:07.943,6.0701,6.07204,1.80,1.50
2013.09.03 20:23:08.003,6.0701,6.07202,1.80,1.50
2013.09.03 20:23:08.574,6.0701,6.07202,1.80,1.50
2013.09.03 20:23:19.343,6.06982,6.07203,1.80,1.50
2013.09.03 20:23:19.555,6.07005,6.07203,1.80,1.50
2013.09.03 20:23:39.324,6.06993,6.07203,1.80,1.50
2013.09.03 20:24:08.721,6.06997,6.07213,1.65,1.58
2013.09.03 20:24:19.673,6.06997,6.07213,1.65,1.58
2013.09.03 20:24:26.673,6.06997,6.07224,1.65,1.65
2013.09.03 20:24:26.793,6.07014,6.07248,1.80,1.65
2013.09.03 20:24:26.853,6.07014,6.07266,1.80,1.65
2013.09.03 20:24:27.033,6.07077,6.07333,1.80,2.70
2013.09.03 20:24:30.063,6.07097,6.07333,1.65,1.80
2013.09.03 20:24:47.462,6.07096,6.07339,1.80,1.65
2013.09.03 20:24:47.522,6.07096,6.07339,1.80,1.65
2013.09.03 20:24:47.872,6.07071,6.07252,1.65,2.78
2013.09.03 20:24:48.284,6.06998,6.07166,1.97,1.79
2013.09.03 20:24:48.463,6.06998,6.07191,1.97,1.80
2013.09.03 20:24:48.643,6.06998,6.07112,1.97,1.08
2013.09.03 20:24:49.004,6.06998,6.07113,1.97,2.08
2013.09.03 20:24:49.124,6.06972,6.07113,1.80,2.08
2013.09.03 20:24:49.243,6.06998,6.07113,1.97,2.08
2013.09.03 20:24:49.406,6.06998,6.07206,1.97,1.65
2013.09.03 20:24:49.463,6.07048,6.07256,1.80,1.50
2013.09.03 20:24:49.734,6.07027,6.07232,1.80,1.50
2013.09.03 20:24:49.853,6.07003,6.07159,1.80,1.50
2013.09.03 20:24:49.972,6.07003,6.07238,1.80,1.65
2013.09.03 20:24:50.723,6.07024,6.07238,1.80,1.65
2013.09.03 20:24:50.843,6.07025,6.07259,1.80,1.65
2013.09.03 20:24:51.429,6.0705,6.07285,1.80,1.65
2013.09.03 20:25:11.025,6.0705,6.07279,1.80,1.65
2013.09.03 20:25:50.078,6.07045,6.07298,1.80,1.80
2013.09.03 20:25:52.313,6.07035,6.07288,1.80,1.80
2013.09.03 20:26:12.862,6.07039,6.07295,1.80,1.80
2013.09.03 20:26:33.154,6.07048,6.07299,1.80,1.65
2013.09.03 20:26:53.803,6.07045,6.07299,1.80,2.55
2013.09.03 20:27:14.793,6.07052,6.073,1.80,1.65
2013.09.03 20:27:34.863,6.07054,6.073,1.80,1.65
2013.09.03 20:27:39.393,6.07046,6.07288,2.78,1.80
2013.09.03 20:27:39.453,6.07029,6.07282,1.80,1.80
2013.09.03 20:27:59.873,6.07018,6.07272,1.80,1.80
2013.09.03 20:28:12.924,6.07033,6.07277,2.78,1.80
2013.09.03 20:28:13.043,6.07041,6.07297,1.80,1.80
2013.09.03 20:28:13.163,6.07041,6.07282,1.80,2.78
2013.09.03 20:28:21.165,6.07041,6.07282,1.80,2.78
2013.09.03 20:28:21.224,6.07043,6.07296,1.80,1.80
2013.09.03 20:28:21.713,6.07043,6.07276,1.80,1.65
2013.09.03 20:28:41.754,6.07043,6.07281,1.80,1.65
2013.09.03 20:29:21.739,6.07048,6.07299,1.80,1.65
2013.09.03 20:29:22.745,6.07057,6.07299,1.80,1.65
2013.09.03 20:29:42.722,6.07052,6.073,1.80,1.65
2013.09.03 20:30:00.186,6.07052,6.07287,1.80,1.65
2013.09.03 20:30:00.483,6.07052,6.07307,1.80,1.80
2013.09.03 20:30:00.543,6.07027,6.07333,1.65,1.65
2013.09.03 20:30:00.604,6.07028,6.07312,1.97,1.97
2013.09.03 20:30:01.683,6.07027,6.07363,2.72,3.62
2013.09.03 20:30:02.283,6.07027,6.07363,2.72,3.47
2013.09.03 20:30:02.873,6.07027,6.07363,3.47,3.47
2013.09.03 20:30:03.223,6.07027,6.07363,3.47,3.47
2013.09.03 20:30:03.745,6.0703,6.07363,1.50,3.47
2013.09.03 20:30:45.743,6.0703,6.07363,1.50,2.72
2013.09.03 20:31:03.167,6.06995,6.07396,1.65,1.65
2013.09.03 20:31:46.014,6.06983,6.07425,1.80,1.80
2013.09.03 20:32:04.843,6.06985,6.07428,1.80,1.80
2013.09.03 20:32:06.984,6.07006,6.07407,1.65,1.65
2013.09.03 20:32:12.344,6.07057,6.07403,2.72,1.97
2013.09.03 20:32:14.454,6.07057,6.07303,2.72,2.45
2013.09.03 20:32:17.348,6.07057,6.07403,2.72,2.03
2013.09.03 20:32:17.452,6.07057,6.07403,2.72,1.97
2013.09.03 20:33:07.381,6.0704,6.07429,1.65,1.50
2013.09.03 20:33:10.323,6.07053,6.07412,1.50,1.50
2013.09.03 20:33:12.404,6.0704,6.07441,1.65,1.65
2013.09.03 20:33:14.726,6.07053,6.07402,1.50,1.50
2013.09.03 20:33:40.844,6.07053,6.07442,1.50,1.50
2013.09.03 20:33:41.025,6.07079,6.07446,1.50,1.65
2013.09.03 20:33:41.854,6.07079,6.07446,1.50,1.65
2013.09.03 20:33:41.914,6.07073,6.07446,1.50,1.65
2013.09.03 20:33:42.154,6.07147,6.07472,1.97,1.65
2013.09.03 20:33:42.215,6.07147,6.07493,1.97,2.72
2013.09.03 20:33:42.274,6.07093,6.07492,1.65,2.72
2013.09.03 20:33:43.173,6.07121,6.07472,1.50,1.50
2013.09.03 20:33:43.533,6.07108,6.07463,1.50,1.50
2013.09.03 20:33:43.933,6.07108,6.07452,1.50,1.50
2013.09.03 20:33:44.345,6.07108,6.07452,1.50,1.50
2013.09.03 20:33:48.633,6.07107,6.07452,1.50,1.50
2013.09.03 20:33:49.183,6.07093,6.07443,1.65,1.50
2013.09.03 20:34:06.334,6.07084,6.07432,1.50,1.50
2013.09.03 20:34:06.893,6.07056,6.07432,1.65,1.50
2013.09.03 20:34:07.084,6.07071,6.07432,1.50,1.50
2013.09.03 20:34:08.125,6.07056,6.07432,1.65,1.50
2013.09.03 20:34:08.486,6.07056,6.07442,1.65,1.50
2013.09.03 20:34:08.815,6.07056,6.07428,1.65,1.50
2013.09.03 20:34:09.003,6.07056,6.07442,1.65,1.50
2013.09.03 20:34:09.063,6.07056,6.07442,1.65,1.50
2013.09.03 20:34:09.503,6.07056,6.07442,1.65,1.50
2013.09.03 20:34:09.623,6.07056,6.07426,1.65,1.50
2013.09.03 20:34:41.813,6.0705,6.07423,1.65,1.50
2013.09.03 20:35:09.635,6.07097,6.07426,2.72,1.50
2013.09.03 20:35:13.233,6.07097,6.07425,1.97,1.50
2013.09.03 20:35:25.303,6.07097,6.07402,1.97,1.50
2013.09.03 20:35:42.087,6.07039,6.07402,1.65,1.50
2013.09.03 20:36:13.287,6.07015,6.07405,1.80,1.50
2013.09.03 20:36:25.293,6.07015,6.07415,1.80,2.40
2013.09.03 20:36:26.114,6.07015,6.07416,1.80,1.95
2013.09.03 20:36:26.781,6.07015,6.07416,1.80,1.95
2013.09.03 20:36:27.333,6.07017,6.07415,1.80,2.55
2013.09.03 20:36:31.095,6.07038,6.07413,1.65,1.50
2013.09.03 20:36:31.643,6.07038,6.07415,1.65,2.18
2013.09.03 20:36:34.075,6.07038,6.07415,1.65,2.18
2013.09.03 20:36:34.597,6.07038,6.07416,1.65,1.88
2013.09.03 20:36:40.215,6.07038,6.07415,1.65,1.65
2013.09.03 20:36:40.567,6.07038,6.07405,1.65,1.50
2013.09.03 20:36:43.623,6.07038,6.07405,1.65,1.50
2013.09.03 20:36:57.645,6.07071,6.07406,1.65,1.50
2013.09.03 20:37:40.337,6.07074,6.07416,1.65,2.55
2013.09.03 20:37:57.926,6.07053,6.07416,1.80,2.55
2013.09.03 20:38:09.795,6.07053,6.07416,1.80,2.55
2013.09.03 20:38:29.784,6.0706,6.07416,1.80,2.55
2013.09.03 20:39:03.854,6.07138,6.07416,2.72,1.95
2013.09.03 20:39:27.494,6.07138,6.07415,2.72,2.70
2013.09.03 20:39:27.615,6.07078,6.07406,3.62,1.50
2013.09.03 20:39:27.854,6.07078,6.07392,3.62,1.50
2013.09.03 20:39:27.915,6.07078,6.07392,2.72,1.50
2013.09.03 20:39:35.074,6.07078,6.07402,2.72,1.50
2013.09.03 20:39:37.457,6.07078,6.07406,2.72,1.50
2013.09.03 20:39:38.726,6.07078,6.07406,2.72,1.50
2013.09.03 20:39:42.364,6.07078,6.07405,2.72,1.50
2013.09.03 20:39:46.174,6.07097,6.07406,2.72,1.50
2013.09.03 20:39:46.235,6.07097,6.07406,2.72,1.50
2013.09.03 20:39:51.064,6.07097,6.07405,2.72,1.50
2013.09.03 20:40:04.904,6.07097,6.07406,2.72,1.50
2013.09.03 20:40:27.858,6.07097,6.07415,2.72,2.93
2013.09.03 20:41:04.986,6.07041,6.07415,1.80,2.93
2013.09.03 20:41:16.934,6.0706,6.07415,1.65,1.58
2013.09.03 20:41:18.705,6.0706,6.07416,1.65,2.10
2013.09.03 20:41:19.074,6.0706,6.07406,1.65,1.50
2013.09.03 20:41:40.896,6.0707,6.07405,1.65,1.50
2013.09.03 20:41:46.483,6.0707,6.07405,1.65,1.50
2013.09.03 20:42:18.946,6.07138,6.07415,2.72,2.25
2013.09.03 20:42:19.484,6.07138,6.07416,2.72,2.48
2013.09.03 20:42:46.634,6.07056,6.07416,1.80,2.48
2013.09.03 20:42:50.145,6.07056,6.07416,1.80,2.48
2013.09.03 20:42:59.246,6.07075,6.07416,1.65,2.48
2013.09.03 20:43:27.184,6.07077,6.07415,1.65,1.65
2013.09.03 20:43:56.994,6.07077,6.07415,1.65,1.65
2013.09.03 20:43:57.234,6.07077,6.07435,1.65,2.48
2013.09.03 20:43:57.294,6.07167,6.07425,1.97,1.50
2013.09.03 20:43:57.534,6.07127,6.07449,2.72,1.20
2013.09.03 20:43:57.655,6.07127,6.07473,2.72,2.72
2013.09.03 20:43:57.715,6.07127,6.07468,2.72,1.13
2013.09.03 20:43:58.014,6.07127,6.07473,2.72,2.72
2013.09.03 20:43:58.404,6.07127,6.07473,2.72,1.97
2013.09.03 20:43:59.085,6.07127,6.07473,2.72,1.97
2013.09.03 20:43:59.335,6.07127,6.07473,2.72,2.72
2013.09.03 20:44:00.084,6.07146,6.07473,1.50,2.72
2013.09.03 20:44:00.394,6.07127,6.07473,2.72,2.72
2013.09.03 20:44:00.634,6.07127,6.07473,2.72,2.72
2013.09.03 20:44:00.845,6.07127,6.07473,2.72,2.72
2013.09.03 20:44:01.074,6.07127,6.07473,2.72,2.72
2013.09.03 20:44:01.404,6.07127,6.07473,2.72,2.72
2013.09.03 20:44:08.844,6.07127,6.07473,2.72,2.72
2013.09.03 20:44:10.574,6.07127,6.07473,2.72,2.72
2013.09.03 20:44:11.349,6.07127,6.07473,2.72,2.72
2013.09.03 20:44:11.656,6.07137,6.07483,2.72,2.72
2013.09.03 20:44:12.015,6.07137,6.07483,2.72,2.72
2013.09.03 20:44:18.804,6.07137,6.07483,2.72,2.72
2013.09.03 20:44:21.560,6.07137,6.07483,2.72,2.72
2013.09.03 20:44:40.514,6.07137,6.07483,2.72,2.72
2013.09.03 20:44:45.675,6.07137,6.07483,2.72,2.72
2013.09.03 20:44:50.006,6.07137,6.07483,2.72,2.72
2013.09.03 20:44:50.365,6.07137,6.07483,2.72,2.72
2013.09.03 20:44:52.014,6.07137,6.07483,2.72,2.72
2013.09.03 20:44:54.670,6.07137,6.07483,2.72,2.72
2013.09.03 20:44:57.696,6.07137,6.07483,2.72,2.72
2013.09.03 20:45:01.416,6.07137,6.07483,2.72,1.97
2013.09.03 20:45:11.565,6.07103,6.07504,1.65,1.65
2013.09.03 20:45:12.275,6.07103,6.07503,1.65,1.50
2013.09.03 20:45:57.194,6.07067,6.07503,1.50,1.50
2013.09.03 20:45:57.255,6.07098,6.07442,2.72,1.97
2013.09.03 20:45:57.614,6.07098,6.07442,2.72,1.97
2013.09.03 20:45:58.516,6.07098,6.07442,2.72,1.97
2013.09.03 20:45:59.115,6.07098,6.07442,2.72,1.97
2013.09.03 20:46:09.088,6.07148,6.07492,2.72,1.97
2013.09.03 20:47:09.082,6.07078,6.07503,1.50,1.50
2013.09.03 20:47:11.395,6.07072,6.07502,1.50,1.50
2013.09.03 20:47:42.916,6.07067,6.07502,1.13,1.50
2013.09.03 20:47:42.976,6.07097,6.07443,2.72,1.97
2013.09.03 20:47:43.335,6.07097,6.07443,2.72,2.72
2013.09.03 20:47:43.635,6.07097,6.07443,2.72,2.72
2013.09.03 20:47:43.815,6.07097,6.07443,2.72,2.72
2013.09.03 20:47:44.175,6.07097,6.07443,2.72,2.72
2013.09.03 20:47:44.346,6.07097,6.07443,2.72,2.72
2013.09.03 20:48:18.677,6.07097,6.07443,2.72,2.72
2013.09.03 20:48:18.975,6.07097,6.07443,2.72,2.72
2013.09.03 20:48:19.414,6.07097,6.07443,2.72,2.72
2013.09.03 20:48:23.065,6.07097,6.07443,2.72,3.47
2013.09.03 20:48:55.137,6.07051,6.07449,1.50,1.50
2013.09.03 20:49:07.425,6.07051,6.0745,1.50,1.50
2013.09.03 20:49:09.716,6.07051,6.0745,1.50,1.50
2013.09.03 20:49:11.226,6.07051,6.07443,1.50,1.50
2013.09.03 20:49:19.390,6.07031,6.0745,1.50,1.50
2013.09.03 20:49:24.498,6.07031,6.07452,1.50,1.50
2013.09.03 20:49:25.096,6.07036,6.07452,1.50,1.50
2013.09.03 20:49:26.595,6.0704,6.07452,1.50,1.50
2013.09.03 20:49:30.791,6.07036,6.07452,1.50,1.50
2013.09.03 20:49:55.036,6.0704,6.07452,1.50,1.50
2013.09.03 20:50:24.720,6.0703,6.0746,1.50,1.50
2013.09.03 20:50:51.495,6.07025,6.0746,2.55,2.63
2013.09.03 20:51:02.448,6.07035,6.0745,1.50,1.50
2013.09.03 20:51:09.656,6.07036,6.07452,1.50,1.50
2013.09.03 20:51:11.755,6.07036,6.07449,1.50,1.50
2013.09.03 20:51:12.077,6.07032,6.07453,1.50,1.50
2013.09.03 20:51:15.434,6.07032,6.07449,1.50,1.50
2013.09.03 20:51:24.176,6.07022,6.07443,1.50,1.50
2013.09.03 20:51:24.236,6.07022,6.07443,1.50,1.50
2013.09.03 20:51:25.109,6.07022,6.07443,1.50,1.50
2013.09.03 20:51:26.157,6.07022,6.07464,1.50,1.50
2013.09.03 20:52:15.475,6.07017,6.07499,1.13,1.65
2013.09.03 20:52:15.535,6.07017,6.07499,1.13,1.65
2013.09.03 20:52:21.278,6.07017,6.07499,3.23,1.65
2013.09.03 20:52:21.635,6.07026,6.07495,2.18,1.65
2013.09.03 20:52:21.947,6.07036,6.07494,1.50,1.50
2013.09.03 20:52:35.477,6.07031,6.07494,1.50,1.50
2013.09.03 20:52:36.126,6.07018,6.07494,2.25,1.50
2013.09.03 20:52:41.119,6.07027,6.07453,2.72,1.97
2013.09.03 20:52:41.425,6.07098,6.07442,2.72,1.97
2013.09.03 20:53:19.455,6.07098,6.07442,2.72,1.97
2013.09.03 20:53:41.197,6.07035,6.07506,1.50,1.65
2013.09.03 20:53:44.305,6.07027,6.0751,1.50,1.65
2013.09.03 20:53:51.856,6.07057,6.07403,2.72,1.97
2013.09.03 20:53:52.090,6.07057,6.07403,2.72,1.97
2013.09.03 20:54:20.417,6.07057,6.07403,2.72,1.97
2013.09.03 20:54:35.126,6.07057,6.07403,2.72,1.97
2013.09.03 20:54:35.186,6.07088,6.07432,2.72,1.97
2013.09.03 20:55:35.385,6.07018,6.07504,1.13,1.80
2013.09.03 20:55:35.880,6.0702,6.07504,2.48,1.80
2013.09.03 20:55:36.298,6.0703,6.07485,1.50,1.65
2013.09.03 20:55:36.656,6.07128,6.07472,2.72,1.97
2013.09.03 20:55:37.159,6.07128,6.07472,2.72,1.97
2013.09.03 20:55:40.177,6.07128,6.07472,2.72,1.97
2013.09.03 20:55:42.377,6.07128,6.07472,2.72,1.97
2013.09.03 20:55:42.437,6.07167,6.07513,2.72,1.97
2013.09.03 20:55:43.536,6.07167,6.07513,2.72,1.97
2013.09.03 20:55:46.337,6.07167,6.07513,2.72,2.72
2013.09.03 20:55:46.456,6.07138,6.07482,2.72,1.97
2013.09.03 20:56:42.116,6.07138,6.07482,2.72,2.72
2013.09.03 20:57:42.186,6.07058,6.07549,3.46,1.80
2013.09.03 20:57:43.275,6.07057,6.07549,2.73,1.80
2013.09.03 20:57:44.345,6.07067,6.0753,1.50,1.65
2013.09.03 20:57:44.646,6.07097,6.07373,2.72,1.97
2013.09.03 20:57:46.046,6.07097,6.07373,2.72,1.97
2013.09.03 20:57:47.566,6.07097,6.07373,2.72,2.72
2013.09.03 20:57:52.469,6.07097,6.07373,2.72,1.97
2013.09.03 20:57:52.836,6.07097,6.07373,3.47,1.97
2013.09.03 20:57:52.895,6.07128,6.07402,2.72,1.97
2013.09.03 20:58:00.558,6.07128,6.07402,2.72,1.97
2013.09.03 20:58:04.829,6.07129,6.07402,1.50,1.97
2013.09.03 20:58:09.731,6.07128,6.07402,2.72,1.97
2013.09.03 20:58:14.087,6.07128,6.07402,2.72,1.97
2013.09.03 20:58:19.908,6.07128,6.07402,1.97,1.97
2013.09.03 20:58:19.969,6.07157,6.07443,1.97,2.72
2013.09.03 20:58:20.156,6.07117,6.07432,1.13,1.97
2013.09.03 20:58:21.166,6.07118,6.07432,1.13,1.97
2013.09.03 20:58:21.229,6.07118,6.07412,1.13,1.97
2013.09.03 20:58:22.406,6.07117,6.07412,1.13,1.97
2013.09.03 20:58:22.767,6.07127,6.07403,1.97,1.97
2013.09.03 20:58:23.477,6.07127,6.07403,1.97,2.72
2013.09.03 20:58:24.578,6.07127,6.07403,1.97,2.72
2013.09.03 20:58:25.618,6.07127,6.07403,1.97,2.72
2013.09.03 20:58:26.381,6.07127,6.07403,1.97,1.97
2013.09.03 20:58:27.597,6.07127,6.07403,1.97,2.72
2013.09.03 20:58:28.536,6.07127,6.07403,2.72,2.72
2013.09.03 20:58:31.557,6.07127,6.07403,2.72,2.72
2013.09.03 20:59:04.106,6.07138,6.07422,0.75,1.97
2013.09.03 20:59:04.165,6.07157,6.07462,1.97,0.75
2013.09.03 20:59:05.365,6.07188,6.07462,1.97,0.75
2013.09.03 20:59:05.426,6.07188,6.07542,1.97,0.90
2013.09.03 20:59:06.536,6.07207,6.07542,0.75,0.90
2013.09.03 20:59:11.925,6.07188,6.07542,1.97,0.90
2013.09.03 20:59:11.985,6.07127,6.07402,0.75,1.97
2013.09.03 20:59:14.290,6.07137,6.07402,0.75,1.97
2013.09.03 20:59:14.417,6.07187,6.07482,1.97,0.38
2013.09.03 20:59:14.475,6.07187,6.07491,1.97,0.90
2013.09.03 20:59:14.596,6.07187,6.07543,1.97,0.75
2013.09.03 20:59:14.655,6.07187,6.07562,1.97,0.75
2013.09.03 20:59:16.490,6.07187,6.07563,2.72,2.72
2013.09.03 20:59:17.040,6.07187,6.07542,1.97,0.75
2013.09.03 20:59:17.155,6.07079,6.07542,0.90,0.75
2013.09.03 20:59:17.215,6.07079,6.07535,0.90,0.90
2013.09.03 20:59:17.608,6.07018,6.07448,0.38,0.90
2013.09.03 20:59:22.283,6.07017,6.07448,0.75,0.90
2013.09.03 20:59:22.625,6.07088,6.07502,0.75,0.90
2013.09.03 20:59:32.768,6.07067,6.07502,0.75,0.90
2013.09.03 20:59:32.825,6.07047,6.07502,1.97,0.90
2013.09.03 20:59:33.069,6.07018,6.07502,0.38,0.90
2013.09.03 20:59:33.185,6.07018,6.07456,0.75,0.90
2013.09.03 20:59:33.546,6.07018,6.07435,0.75,0.90
2013.09.03 20:59:34.155,6.07058,6.07435,0.75,0.90
2013.09.03 20:59:37.417,6.07057,6.07435,0.75,0.90
2013.09.03 20:59:47.596,6.07057,6.07433,0.75,0.75
2013.09.03 20:59:52.826,6.07018,6.07433,0.75,0.75
2013.09.03 20:59:53.865,6.07018,6.0742,0.75,0.90
2013.09.03 20:59:54.978,6.07018,6.07343,0.75,1.97
2013.09.03 20:59:56.531,6.0693,6.07343,0.90,1.97
2013.09.03 20:59:57.597,6.06886,6.07343,0.90,1.97
2013.09.03 20:59:57.657,6.06845,6.07343,0.90,1.97
