2014.03.17 16:00:00.511,5.94615,5.94745,1.19,1.18
2014.03.17 16:00:00.908,5.94615,5.94745,1.00,1.18
2014.03.17 16:00:01.203,5.94617,5.94745,1.00,1.18
2014.03.17 16:00:01.606,5.94668,5.94802,1.00,1.18
2014.03.17 16:00:01.670,5.9469,5.94823,1.00,1.18
2014.03.17 16:00:01.874,5.94678,5.94823,1.65,1.18
2014.03.17 16:00:02.077,5.94688,5.94823,1.00,1.18
2014.03.17 16:00:02.380,5.94678,5.94823,1.18,1.18
2014.03.17 16:00:03.237,5.9466,5.94804,1.37,1.18
2014.03.17 16:00:03.541,5.94652,5.94783,1.19,1.18
2014.03.17 16:00:03.846,5.94644,5.94787,1.18,1.18
2014.03.17 16:00:04.099,5.94634,5.94768,1.19,1.18
2014.03.17 16:00:04.200,5.94647,5.94791,1.18,1.18
2014.03.17 16:00:04.781,5.94682,5.94791,1.00,1.18
2014.03.17 16:00:04.842,5.94682,5.94814,1.69,1.18
2014.03.17 16:00:05.097,5.94695,5.94835,1.27,1.18
2014.03.17 16:00:05.638,5.94707,5.94835,1.00,1.18
2014.03.17 16:00:06.176,5.94711,5.94853,1.18,1.25
2014.03.17 16:00:06.804,5.94699,5.94837,1.00,1.18
2014.03.17 16:00:06.956,5.94708,5.94837,1.00,1.18
2014.03.17 16:00:07.165,5.94704,5.94837,1.00,1.18
2014.03.17 16:00:07.527,5.94695,5.94837,1.27,1.18
2014.03.17 16:00:07.578,5.94695,5.94799,1.27,1.80
2014.03.17 16:00:07.831,5.94682,5.94799,1.19,1.80
2014.03.17 16:00:08.087,5.94672,5.94799,1.18,1.80
2014.03.17 16:00:08.188,5.94681,5.94799,1.00,1.80
2014.03.17 16:00:08.491,5.94693,5.94799,1.18,1.80
2014.03.17 16:00:08.794,5.94693,5.94759,1.18,1.00
2014.03.17 16:00:08.845,5.94612,5.94752,1.08,1.18
2014.03.17 16:00:08.896,5.94627,5.94742,1.50,1.00
2014.03.17 16:00:09.199,5.9465,5.94742,1.18,1.00
2014.03.17 16:00:09.351,5.9465,5.94753,1.18,1.00
2014.03.17 16:00:09.655,5.9465,5.94743,1.18,1.00
2014.03.17 16:00:09.808,5.9465,5.94753,1.18,1.00
2014.03.17 16:00:10.135,5.9465,5.94762,1.18,1.00
2014.03.17 16:00:10.895,5.9465,5.94774,1.18,1.00
2014.03.17 16:00:10.946,5.94632,5.94774,1.37,1.65
2014.03.17 16:00:11.047,5.9463,5.94755,1.00,1.18
2014.03.17 16:00:11.250,5.94613,5.94755,1.37,1.18
2014.03.17 16:00:11.915,5.94635,5.94777,1.18,1.18
2014.03.17 16:00:11.966,5.94635,5.94753,1.18,1.00
2014.03.17 16:00:12.303,5.94635,5.94743,1.18,1.00
2014.03.17 16:00:12.556,5.9464,5.94763,1.08,1.00
2014.03.17 16:00:12.864,5.94635,5.94752,1.65,1.00
2014.03.17 16:00:13.082,5.94635,5.94762,1.18,1.00
2014.03.17 16:00:13.233,5.94653,5.94762,1.00,1.00
2014.03.17 16:00:13.534,5.9466,5.94752,1.00,1.00
2014.03.17 16:00:15.078,5.94653,5.94772,1.18,1.00
2014.03.17 16:00:15.281,5.94638,5.94769,1.00,1.18
2014.03.17 16:00:15.332,5.94632,5.94769,1.29,1.18
2014.03.17 16:00:15.383,5.94632,5.94742,1.29,1.00
2014.03.17 16:00:15.700,5.94661,5.94742,1.00,1.00
2014.03.17 16:00:15.970,5.94669,5.94752,1.00,1.00
2014.03.17 16:00:16.127,5.94669,5.94752,1.08,1.00
2014.03.17 16:00:16.382,5.94682,5.94782,1.00,1.00
2014.03.17 16:00:16.433,5.94668,5.94782,1.58,1.00
2014.03.17 16:00:16.663,5.94655,5.94782,1.00,1.00
2014.03.17 16:00:16.816,5.94655,5.94773,1.00,1.00
2014.03.17 16:00:16.968,5.94646,5.94773,1.09,1.00
2014.03.17 16:00:17.369,5.94646,5.94762,1.18,1.00
2014.03.17 16:00:17.841,5.94646,5.94753,1.18,1.00
2014.03.17 16:00:18.163,5.94627,5.94743,1.25,1.00
2014.03.17 16:00:18.523,5.94614,5.94743,1.10,1.00
2014.03.17 16:00:18.973,5.94595,5.94733,1.00,1.18
2014.03.17 16:00:19.378,5.9462,5.94752,1.08,1.18
2014.03.17 16:00:19.430,5.9462,5.94759,1.08,1.18
2014.03.17 16:00:19.701,5.94607,5.94743,1.00,1.18
2014.03.17 16:00:19.853,5.94603,5.94743,1.27,1.18
2014.03.17 16:00:20.112,5.94603,5.94722,1.08,1.00
2014.03.17 16:00:20.552,5.94599,5.94743,1.08,1.18
2014.03.17 16:00:20.805,5.94596,5.94724,1.00,1.18
2014.03.17 16:00:20.908,5.94581,5.94724,1.08,1.18
2014.03.17 16:00:21.110,5.94581,5.94703,1.08,1.00
2014.03.17 16:00:21.414,5.94579,5.94702,1.18,1.60
2014.03.17 16:00:21.465,5.94562,5.94702,1.25,1.68
2014.03.17 16:00:21.616,5.94542,5.94666,1.18,1.18
2014.03.17 16:00:21.717,5.94546,5.94686,1.25,1.27
2014.03.17 16:00:21.819,5.94546,5.94689,1.25,1.18
2014.03.17 16:00:21.920,5.94562,5.94686,1.00,1.25
2014.03.17 16:00:22.022,5.94562,5.94689,1.00,1.18
2014.03.17 16:00:22.694,5.9457,5.94702,1.18,1.19
2014.03.17 16:00:22.745,5.9457,5.94702,1.18,1.00
2014.03.17 16:00:23.344,5.94573,5.94712,1.08,1.18
2014.03.17 16:00:24.198,5.94568,5.94695,1.00,1.18
2014.03.17 16:00:24.249,5.94566,5.94695,1.00,1.18
2014.03.17 16:00:24.401,5.94574,5.94703,1.18,1.00
2014.03.17 16:00:24.553,5.94559,5.94692,1.08,1.08
2014.03.17 16:00:25.208,5.94559,5.94692,1.00,1.08
2014.03.17 16:00:25.714,5.94552,5.94696,1.37,1.18
2014.03.17 16:00:26.643,5.94552,5.94696,1.37,1.18
2014.03.17 16:00:27.592,5.94552,5.94683,1.37,1.00
2014.03.17 16:00:28.583,5.94552,5.94696,1.37,1.18
2014.03.17 16:00:28.900,5.94547,5.94676,1.19,1.18
2014.03.17 16:00:29.003,5.94529,5.94659,1.19,1.18
2014.03.17 16:00:30.403,5.94524,5.94659,1.19,1.18
2014.03.17 16:00:31.106,5.9452,5.94641,1.19,1.18
2014.03.17 16:00:31.258,5.9452,5.94652,1.19,1.00
2014.03.17 16:00:31.783,5.9452,5.94641,1.19,1.18
2014.03.17 16:00:33.322,5.9452,5.94632,1.19,1.00
2014.03.17 16:00:33.789,5.9452,5.94641,1.19,1.18
2014.03.17 16:00:34.000,5.94517,5.94641,1.19,1.18
2014.03.17 16:00:35.917,5.94521,5.9466,1.19,1.18
2014.03.17 16:00:36.376,5.94521,5.94641,1.19,1.18
2014.03.17 16:00:36.714,5.94511,5.94629,1.19,1.18
2014.03.17 16:00:37.113,5.94502,5.9461,1.19,1.18
2014.03.17 16:00:41.125,5.94502,5.94592,1.19,1.00
2014.03.17 16:00:41.278,5.9448,5.94592,1.19,1.00
2014.03.17 16:00:41.582,5.94484,5.94572,1.19,1.00
2014.03.17 16:00:41.784,5.94475,5.94572,1.00,1.00
2014.03.17 16:00:41.885,5.94465,5.94572,1.84,1.00
2014.03.17 16:00:41.936,5.94465,5.9461,1.84,1.18
2014.03.17 16:00:42.037,5.94465,5.94607,1.84,1.25
2014.03.17 16:00:42.290,5.9442,5.9456,1.08,1.18
2014.03.17 16:00:43.644,5.94454,5.94563,1.00,1.00
2014.03.17 16:00:43.745,5.94469,5.94603,1.19,1.65
2014.03.17 16:00:43.998,5.94478,5.94626,1.37,1.18
2014.03.17 16:00:44.100,5.94498,5.94626,1.19,1.18
2014.03.17 16:00:44.201,5.94458,5.94602,1.92,1.18
2014.03.17 16:00:44.302,5.94458,5.94566,1.84,1.18
2014.03.17 16:00:44.505,5.94442,5.94566,1.19,1.18
2014.03.17 16:00:45.404,5.94436,5.94566,1.19,1.18
2014.03.17 16:00:46.082,5.94468,5.94566,1.00,1.18
2014.03.17 16:00:46.285,5.94468,5.946,1.00,1.18
2014.03.17 16:00:46.386,5.94473,5.94593,1.00,1.00
2014.03.17 16:00:46.734,5.9448,5.94593,1.79,1.00
2014.03.17 16:00:47.038,5.9454,5.94627,1.19,1.18
2014.03.17 16:00:47.139,5.9454,5.94643,1.69,1.00
2014.03.17 16:00:47.291,5.9454,5.94632,1.69,1.00
2014.03.17 16:00:48.083,5.9454,5.94642,1.19,1.00
2014.03.17 16:00:48.419,5.94548,5.94642,1.19,1.00
2014.03.17 16:00:50.260,5.94548,5.94652,1.19,1.00
2014.03.17 16:00:51.172,5.94541,5.9467,1.00,1.18
2014.03.17 16:00:51.223,5.9453,5.94654,1.29,1.00
2014.03.17 16:00:51.527,5.94514,5.94622,1.00,1.18
2014.03.17 16:00:51.578,5.94514,5.94653,1.10,1.18
2014.03.17 16:00:53.433,5.94503,5.9463,1.19,1.18
2014.03.17 16:00:53.737,5.94497,5.9463,1.19,1.18
2014.03.17 16:00:59.646,5.9451,5.94654,1.18,1.18
2014.03.17 16:01:00.212,5.94511,5.94654,1.27,1.18
2014.03.17 16:01:02.244,5.94521,5.94654,1.00,1.18
2014.03.17 16:01:02.669,5.94516,5.94654,1.29,1.18
2014.03.17 16:01:04.690,5.94507,5.94626,1.19,1.18
2014.03.17 16:01:05.201,5.94506,5.94626,1.19,1.18
2014.03.17 16:01:06.924,5.9451,5.94626,1.19,1.18
2014.03.17 16:01:07.142,5.94488,5.94626,1.27,1.18
2014.03.17 16:01:07.811,5.94488,5.94606,1.19,1.18
2014.03.17 16:01:11.592,5.94483,5.94565,1.19,1.00
2014.03.17 16:01:11.643,5.94463,5.94565,1.00,1.08
2014.03.17 16:01:11.744,5.94437,5.94528,1.00,1.18
2014.03.17 16:01:11.846,5.9441,5.94528,1.19,1.18
2014.03.17 16:01:14.058,5.94411,5.94528,1.19,1.18
2014.03.17 16:01:14.290,5.9444,5.94528,2.10,1.18
2014.03.17 16:01:14.594,5.94511,5.94618,1.19,1.00
2014.03.17 16:01:14.733,5.94511,5.94637,1.19,1.18
2014.03.17 16:01:15.530,5.9452,5.94637,1.00,1.18
2014.03.17 16:01:15.935,5.94531,5.94657,1.19,1.18
2014.03.17 16:01:17.490,5.94553,5.94657,1.19,1.18
2014.03.17 16:01:17.592,5.94553,5.94682,1.19,1.18
2014.03.17 16:01:22.106,5.94553,5.94657,1.19,1.00
2014.03.17 16:01:22.208,5.94532,5.94654,1.19,1.18
2014.03.17 16:01:22.549,5.94512,5.94654,1.18,1.18
2014.03.17 16:01:22.701,5.94492,5.94636,1.92,1.18
2014.03.17 16:01:23.811,5.94497,5.94636,1.27,1.18
2014.03.17 16:01:25.119,5.94495,5.94636,1.27,1.18
2014.03.17 16:01:29.431,5.94529,5.94636,1.00,1.18
2014.03.17 16:01:30.031,5.94532,5.94636,1.00,1.18
2014.03.17 16:01:30.233,5.94495,5.94619,1.19,1.18
2014.03.17 16:01:30.284,5.9449,5.94619,1.00,1.18
2014.03.17 16:01:30.334,5.9449,5.94589,1.00,1.18
2014.03.17 16:01:31.418,5.94486,5.94589,1.00,1.18
2014.03.17 16:01:32.754,5.94484,5.94589,1.00,1.18
2014.03.17 16:01:33.502,5.94494,5.94589,1.00,1.18
2014.03.17 16:01:33.974,5.94497,5.94589,1.00,1.18
2014.03.17 16:01:34.420,5.94493,5.94589,1.00,1.18
2014.03.17 16:01:34.622,5.94481,5.94589,1.00,1.18
2014.03.17 16:01:35.071,5.94469,5.94568,1.19,1.18
2014.03.17 16:01:35.223,5.94446,5.94539,1.00,1.18
2014.03.17 16:01:37.392,5.94451,5.94539,1.00,1.18
2014.03.17 16:01:39.565,5.94469,5.94558,1.00,1.25
2014.03.17 16:01:39.814,5.94464,5.94558,1.00,1.18
2014.03.17 16:01:41.446,5.94455,5.94558,1.00,1.18
2014.03.17 16:01:42.331,5.94422,5.94558,1.69,1.78
2014.03.17 16:01:42.381,5.94422,5.94521,1.69,1.18
2014.03.17 16:01:42.432,5.94422,5.94521,1.00,1.18
2014.03.17 16:01:42.484,5.94422,5.94503,1.00,1.18
2014.03.17 16:01:42.586,5.94422,5.94537,1.00,1.18
2014.03.17 16:01:42.637,5.94487,5.94537,1.00,1.18
2014.03.17 16:01:42.688,5.94487,5.94576,1.00,1.10
2014.03.17 16:01:43.651,5.94466,5.94563,1.00,1.18
2014.03.17 16:01:44.653,5.94461,5.94563,1.00,1.18
2014.03.17 16:01:45.492,5.94452,5.94563,1.00,1.65
2014.03.17 16:01:45.644,5.94452,5.94545,1.00,1.18
2014.03.17 16:01:45.745,5.94469,5.94564,1.00,1.25
2014.03.17 16:01:45.847,5.94469,5.94569,1.00,1.18
2014.03.17 16:01:47.284,5.94482,5.94586,1.00,1.25
2014.03.17 16:01:48.570,5.94482,5.94564,1.00,1.18
2014.03.17 16:01:48.621,5.94479,5.94564,1.00,1.18
2014.03.17 16:01:48.823,5.94466,5.94564,1.00,1.18
2014.03.17 16:01:49.040,5.94469,5.94564,1.00,1.18
2014.03.17 16:01:49.261,5.94466,5.94564,1.00,1.18
2014.03.17 16:01:49.950,5.94458,5.94564,1.00,1.18
2014.03.17 16:01:51.387,5.94465,5.94564,1.00,1.18
2014.03.17 16:01:52.277,5.9447,5.94564,1.00,1.18
2014.03.17 16:01:57.143,5.94491,5.94597,1.18,1.00
2014.03.17 16:01:57.193,5.94559,5.94597,1.00,1.00
2014.03.17 16:01:57.294,5.94559,5.94662,1.25,1.00
2014.03.17 16:01:57.446,5.94577,5.94662,1.00,1.00
2014.03.17 16:01:58.246,5.94577,5.94652,1.00,1.00
2014.03.17 16:01:59.450,5.94577,5.94653,1.00,1.00
2014.03.17 16:02:00.235,5.94577,5.94643,1.00,1.00
2014.03.17 16:02:00.286,5.94569,5.94643,1.00,1.00
2014.03.17 16:02:01.140,5.94573,5.94643,1.00,1.00
2014.03.17 16:02:01.539,5.94573,5.94672,1.00,1.18
2014.03.17 16:02:01.590,5.94549,5.94668,1.19,2.18
2014.03.17 16:02:01.641,5.94527,5.94632,1.18,1.50
2014.03.17 16:02:01.793,5.94512,5.94632,1.08,1.58
2014.03.17 16:02:01.894,5.94512,5.94598,1.00,1.18
2014.03.17 16:02:01.945,5.94507,5.94598,1.00,1.18
2014.03.17 16:02:03.940,5.94503,5.9458,1.00,1.18
2014.03.17 16:02:04.927,5.94495,5.9458,1.00,1.18
2014.03.17 16:02:08.626,5.94491,5.9458,1.00,1.18
2014.03.17 16:02:08.778,5.94486,5.9458,1.00,1.18
2014.03.17 16:02:10.501,5.9449,5.9458,1.00,1.18
2014.03.17 16:02:13.387,5.94462,5.94579,1.00,1.85
2014.03.17 16:02:13.437,5.94462,5.9456,1.00,1.18
2014.03.17 16:02:13.741,5.94472,5.9456,1.00,1.18
2014.03.17 16:02:14.044,5.94503,5.94578,1.00,1.18
2014.03.17 16:02:14.779,5.94504,5.94578,1.00,1.18
2014.03.17 16:02:15.549,5.94495,5.94578,1.00,1.18
2014.03.17 16:02:16.430,5.94499,5.94578,1.00,1.18
2014.03.17 16:02:17.865,5.94546,5.94599,1.00,1.18
2014.03.17 16:02:17.915,5.94554,5.94607,1.00,1.00
2014.03.17 16:02:18.211,5.94554,5.94653,1.00,1.08
2014.03.17 16:02:20.747,5.94547,5.94653,1.00,1.08
2014.03.17 16:02:20.848,5.94513,5.94654,1.27,1.18
2014.03.17 16:02:20.899,5.94513,5.9465,1.27,2.18
2014.03.17 16:02:21.202,5.94513,5.94601,1.19,1.18
2014.03.17 16:02:21.490,5.94502,5.94601,1.00,1.18
2014.03.17 16:02:25.914,5.94498,5.94601,1.00,1.18
2014.03.17 16:02:31.940,5.94498,5.94583,1.00,1.18
2014.03.17 16:02:34.389,5.94494,5.94583,1.00,1.18
2014.03.17 16:02:49.571,5.94496,5.94583,1.00,1.18
2014.03.17 16:02:51.930,5.94491,5.94583,1.00,1.18
2014.03.17 16:02:52.091,5.94491,5.9459,1.00,1.18
2014.03.17 16:02:54.408,5.94489,5.9459,1.00,1.18
2014.03.17 16:02:57.086,5.9449,5.9459,1.00,1.18
2014.03.17 16:02:57.254,5.9449,5.94582,1.00,1.00
2014.03.17 16:02:57.829,5.94493,5.94582,1.00,1.00
2014.03.17 16:03:00.220,5.94493,5.9459,1.00,1.18
2014.03.17 16:03:00.271,5.94501,5.9459,1.00,1.18
2014.03.17 16:03:01.042,5.94501,5.94602,1.00,1.00
2014.03.17 16:03:01.143,5.9451,5.94602,1.00,1.00
2014.03.17 16:03:03.362,5.94519,5.94602,1.00,1.00
2014.03.17 16:03:05.881,5.94514,5.94602,1.00,1.00
2014.03.17 16:03:06.180,5.94519,5.94602,1.00,1.00
2014.03.17 16:03:06.620,5.94519,5.94612,1.00,1.08
2014.03.17 16:03:09.243,5.94519,5.94602,1.00,1.00
2014.03.17 16:03:12.620,5.94515,5.94596,1.00,1.18
2014.03.17 16:03:12.823,5.94507,5.94592,1.00,1.08
2014.03.17 16:03:13.094,5.94507,5.94602,1.00,1.00
2014.03.17 16:03:13.144,5.94519,5.94602,1.00,1.00
2014.03.17 16:03:13.702,5.94511,5.94602,1.00,1.00
2014.03.17 16:03:13.910,5.94519,5.94602,1.00,1.00
2014.03.17 16:03:14.123,5.94519,5.94612,1.00,1.10
2014.03.17 16:03:15.116,5.94519,5.94613,1.00,1.00
2014.03.17 16:03:17.430,5.94527,5.94613,1.00,1.00
2014.03.17 16:03:20.639,5.94532,5.94613,1.00,1.00
2014.03.17 16:03:21.059,5.94528,5.94613,1.00,1.00
2014.03.17 16:03:23.084,5.94537,5.94613,1.00,1.00
2014.03.17 16:03:26.694,5.94541,5.94632,1.00,1.08
2014.03.17 16:03:26.795,5.94561,5.94632,1.00,1.00
2014.03.17 16:03:26.949,5.94561,5.94655,1.00,1.18
2014.03.17 16:03:27.596,5.9457,5.94655,1.00,1.18
2014.03.17 16:03:27.647,5.9457,5.94663,1.00,1.00
2014.03.17 16:03:27.927,5.94567,5.94663,1.00,1.00
2014.03.17 16:03:30.189,5.94565,5.94663,1.00,1.00
2014.03.17 16:03:31.900,5.94565,5.94652,1.00,1.00
2014.03.17 16:03:32.548,5.94549,5.94652,1.00,1.08
2014.03.17 16:03:32.600,5.94549,5.94633,1.00,1.00
2014.03.17 16:03:33.381,5.94549,5.94633,1.00,1.08
2014.03.17 16:03:34.271,5.9455,5.94633,1.00,1.00
2014.03.17 16:03:34.322,5.9455,5.94641,1.00,1.00
2014.03.17 16:03:34.626,5.94569,5.94642,1.00,1.00
2014.03.17 16:03:34.789,5.94569,5.94656,1.00,1.18
2014.03.17 16:03:34.839,5.94571,5.94656,1.00,1.18
2014.03.17 16:03:35.472,5.94578,5.94658,1.00,1.00
2014.03.17 16:03:35.523,5.94578,5.94663,1.00,1.00
2014.03.17 16:03:35.575,5.94578,5.94673,1.00,1.08
2014.03.17 16:03:36.792,5.94587,5.94674,1.00,1.18
2014.03.17 16:03:37.166,5.94592,5.94673,1.00,1.08
2014.03.17 16:03:37.370,5.94577,5.94663,1.00,1.00
2014.03.17 16:03:38.548,5.94573,5.94663,1.00,1.00
2014.03.17 16:03:39.672,5.94568,5.94663,1.00,1.00
2014.03.17 16:03:40.092,5.94572,5.94662,1.00,1.00
2014.03.17 16:03:41.222,5.94572,5.94651,1.00,1.18
2014.03.17 16:03:41.564,5.94572,5.94643,1.00,1.00
2014.03.17 16:03:41.615,5.94569,5.94643,1.00,1.00
2014.03.17 16:03:41.741,5.94555,5.94643,1.00,1.00
2014.03.17 16:03:41.944,5.94547,5.94643,1.00,1.00
2014.03.17 16:03:41.995,5.94547,5.94631,1.00,1.18
2014.03.17 16:03:45.791,5.94551,5.94638,1.00,1.00
2014.03.17 16:03:46.123,5.94564,5.94638,1.00,1.00
2014.03.17 16:03:46.225,5.94564,5.94653,1.00,1.18
2014.03.17 16:03:46.376,5.94573,5.94653,1.00,1.18
2014.03.17 16:03:48.120,5.94568,5.94652,1.00,1.08
2014.03.17 16:03:48.308,5.9456,5.94652,1.00,1.08
2014.03.17 16:03:48.667,5.94565,5.94652,1.00,1.08
2014.03.17 16:03:48.883,5.9456,5.94652,1.00,1.08
2014.03.17 16:03:49.085,5.94555,5.94652,1.00,1.08
2014.03.17 16:03:49.186,5.94555,5.94643,1.00,1.00
2014.03.17 16:03:49.299,5.94548,5.94643,1.00,1.00
2014.03.17 16:03:49.400,5.94548,5.94638,1.00,1.00
2014.03.17 16:03:49.777,5.94542,5.94638,1.00,1.00
2014.03.17 16:03:51.746,5.94551,5.94638,1.00,1.00
2014.03.17 16:03:52.071,5.94547,5.94622,1.00,1.00
2014.03.17 16:03:52.250,5.94561,5.94638,1.00,1.00
2014.03.17 16:03:52.351,5.94561,5.94642,1.00,1.00
2014.03.17 16:03:52.453,5.94561,5.94651,1.00,1.18
2014.03.17 16:03:52.938,5.94564,5.94651,1.00,1.18
2014.03.17 16:03:56.322,5.94564,5.94643,1.00,1.00
2014.03.17 16:03:56.477,5.94551,5.94643,1.00,1.00
2014.03.17 16:03:57.289,5.94551,5.94633,1.00,1.00
2014.03.17 16:03:57.689,5.94547,5.94633,1.00,1.00
2014.03.17 16:04:00.149,5.94547,5.94643,1.00,1.00
2014.03.17 16:04:00.200,5.94551,5.94643,1.00,1.00
2014.03.17 16:04:00.567,5.9456,5.94643,1.00,1.00
2014.03.17 16:04:01.178,5.94555,5.94633,1.00,1.18
2014.03.17 16:04:02.543,5.94545,5.94633,1.00,1.18
2014.03.17 16:04:02.983,5.94549,5.94633,1.00,1.18
2014.03.17 16:04:03.929,5.94545,5.94633,1.00,1.18
2014.03.17 16:04:06.347,5.94547,5.94633,1.00,1.18
2014.03.17 16:04:18.587,5.94549,5.94633,1.00,1.18
2014.03.17 16:04:20.789,5.94549,5.94642,1.00,1.08
2014.03.17 16:04:23.149,5.94556,5.94642,1.00,1.08
2014.03.17 16:04:23.352,5.94549,5.94642,1.00,1.08
2014.03.17 16:04:28.709,5.94552,5.94642,1.00,1.08
2014.03.17 16:04:29.029,5.94555,5.94642,1.00,1.08
2014.03.17 16:04:29.437,5.94564,5.94646,1.00,1.65
2014.03.17 16:04:29.768,5.94564,5.94646,1.00,1.00
2014.03.17 16:04:30.043,5.94568,5.94646,1.00,1.00
2014.03.17 16:04:30.358,5.94576,5.94646,1.00,1.00
2014.03.17 16:04:30.612,5.94572,5.94646,1.00,1.00
2014.03.17 16:04:30.663,5.94572,5.94664,1.00,1.18
2014.03.17 16:04:33.039,5.94577,5.94664,1.00,1.18
2014.03.17 16:04:33.548,5.94574,5.94664,1.00,1.18
2014.03.17 16:04:35.308,5.94572,5.94662,1.00,1.08
2014.03.17 16:04:36.298,5.94575,5.94662,1.00,1.08
2014.03.17 16:04:39.157,5.94577,5.94664,1.00,1.18
2014.03.17 16:04:46.747,5.94579,5.94664,1.00,1.18
2014.03.17 16:04:47.440,5.94585,5.94672,1.00,1.50
2014.03.17 16:04:47.643,5.94596,5.94672,1.00,1.00
2014.03.17 16:04:48.006,5.94601,5.94672,1.00,1.00
2014.03.17 16:04:48.108,5.94601,5.94683,1.00,1.65
2014.03.17 16:04:48.209,5.94616,5.94691,1.00,1.00
2014.03.17 16:04:48.260,5.94616,5.94702,1.00,1.18
2014.03.17 16:04:48.771,5.94616,5.94693,1.00,1.00
2014.03.17 16:04:49.080,5.94621,5.94693,1.00,1.00
2014.03.17 16:04:49.131,5.94621,5.94702,1.00,1.18
2014.03.17 16:04:49.182,5.94621,5.94711,1.00,1.00
2014.03.17 16:04:49.344,5.94621,5.94713,1.00,1.00
2014.03.17 16:04:49.626,5.94628,5.94713,1.00,1.00
2014.03.17 16:04:50.863,5.94628,5.94702,1.00,1.00
2014.03.17 16:04:51.094,5.94619,5.94702,1.00,1.08
2014.03.17 16:04:54.346,5.94611,5.94702,1.00,1.08
2014.03.17 16:04:54.928,5.94611,5.94698,1.00,1.00
2014.03.17 16:04:54.979,5.94603,5.94698,1.00,1.00
2014.03.17 16:04:56.367,5.94607,5.94698,1.00,1.00
2014.03.17 16:04:57.716,5.94607,5.94692,1.00,1.00
2014.03.17 16:04:58.062,5.94607,5.94684,1.00,1.18
2014.03.17 16:05:00.246,5.94607,5.94693,1.00,1.00
2014.03.17 16:05:00.347,5.94611,5.94693,1.00,1.00
2014.03.17 16:05:00.547,5.94606,5.94693,1.00,1.00
2014.03.17 16:05:00.817,5.94606,5.94684,1.00,1.18
2014.03.17 16:05:02.337,5.94606,5.94693,1.00,1.00
2014.03.17 16:05:02.438,5.94612,5.94693,1.00,1.00
2014.03.17 16:05:02.959,5.94612,5.94683,1.00,1.00
2014.03.17 16:05:03.322,5.94615,5.94683,1.00,1.00
2014.03.17 16:05:04.287,5.94608,5.94683,1.00,1.00
2014.03.17 16:05:04.439,5.94608,5.94692,1.00,1.00
2014.03.17 16:05:04.641,5.94617,5.94692,1.00,1.00
2014.03.17 16:05:06.592,5.94617,5.94682,1.00,1.00
2014.03.17 16:05:06.819,5.94609,5.94682,1.00,1.00
2014.03.17 16:05:08.300,5.94609,5.94682,1.00,1.65
2014.03.17 16:05:09.608,5.94631,5.94682,1.00,1.18
2014.03.17 16:05:09.709,5.94632,5.94692,1.00,1.00
2014.03.17 16:05:09.925,5.94637,5.94693,1.00,1.00
2014.03.17 16:05:11.178,5.94641,5.9472,1.00,1.18
2014.03.17 16:05:11.234,5.94641,5.94732,1.00,1.00
2014.03.17 16:05:11.336,5.94662,5.94732,1.00,1.00
2014.03.17 16:05:11.428,5.94662,5.94741,1.00,1.18
2014.03.17 16:05:12.100,5.94662,5.94743,1.00,1.00
2014.03.17 16:05:13.226,5.94672,5.94753,1.00,1.10
2014.03.17 16:05:13.538,5.94691,5.94772,1.00,1.00
2014.03.17 16:05:13.942,5.94701,5.94772,1.00,1.00
2014.03.17 16:05:15.058,5.94701,5.94782,1.00,1.08
2014.03.17 16:05:15.210,5.94706,5.94782,1.00,1.08
2014.03.17 16:05:16.939,5.94704,5.94785,1.00,1.18
2014.03.17 16:05:17.942,5.94699,5.94752,1.00,1.00
2014.03.17 16:05:18.152,5.94684,5.94752,1.00,1.00
2014.03.17 16:05:18.798,5.94683,5.94752,1.00,1.00
2014.03.17 16:05:20.371,5.94675,5.94752,1.00,1.00
2014.03.17 16:05:22.797,5.94674,5.94762,1.00,1.08
2014.03.17 16:05:22.949,5.94674,5.94762,1.00,1.00
2014.03.17 16:05:23.000,5.94686,5.94773,1.00,1.50
2014.03.17 16:05:23.331,5.94696,5.94762,1.00,1.00
2014.03.17 16:05:23.587,5.94687,5.94762,1.00,1.00
2014.03.17 16:05:26.197,5.94687,5.94762,1.00,1.08
2014.03.17 16:05:26.640,5.94674,5.94752,1.00,1.00
2014.03.17 16:05:27.050,5.94674,5.94743,1.00,1.00
2014.03.17 16:05:27.202,5.94671,5.94743,1.00,1.00
2014.03.17 16:05:32.262,5.94661,5.94743,1.00,1.00
2014.03.17 16:05:35.385,5.94661,5.94743,1.00,1.08
2014.03.17 16:05:37.415,5.94666,5.94748,1.00,1.18
2014.03.17 16:05:37.465,5.94666,5.94753,1.00,1.00
2014.03.17 16:05:37.659,5.94675,5.94743,1.00,1.00
2014.03.17 16:05:37.863,5.94667,5.94743,1.00,1.00
2014.03.17 16:05:38.206,5.94663,5.94743,1.00,1.00
2014.03.17 16:05:40.738,5.94658,5.94743,1.00,1.00
2014.03.17 16:05:41.240,5.94658,5.94733,1.00,1.00
2014.03.17 16:05:41.970,5.94659,5.94733,1.00,1.00
2014.03.17 16:05:44.919,5.94654,5.94733,1.00,1.00
2014.03.17 16:05:49.639,5.94654,5.94722,1.00,1.00
2014.03.17 16:05:49.868,5.94632,5.94722,1.00,1.00
2014.03.17 16:05:50.035,5.94632,5.9472,1.00,1.18
2014.03.17 16:05:50.222,5.94629,5.94713,1.00,1.00
2014.03.17 16:05:50.426,5.94625,5.94713,1.00,1.00
2014.03.17 16:05:50.527,5.94625,5.94701,1.00,1.18
2014.03.17 16:05:51.188,5.94624,5.94701,1.00,1.18
2014.03.17 16:05:51.289,5.94624,5.94713,1.00,1.00
2014.03.17 16:05:51.391,5.94624,5.94723,1.00,1.65
2014.03.17 16:05:51.442,5.94642,5.94723,1.00,1.65
2014.03.17 16:05:53.761,5.94641,5.94723,1.00,1.18
2014.03.17 16:06:02.277,5.94641,5.94733,1.00,1.00
2014.03.17 16:06:03.273,5.94641,5.94742,1.00,1.18
2014.03.17 16:06:03.324,5.94655,5.94742,1.00,1.18
2014.03.17 16:06:04.328,5.94658,5.94742,1.00,1.18
2014.03.17 16:06:04.871,5.94654,5.94742,1.00,1.18
2014.03.17 16:06:05.167,5.94649,5.94742,1.00,1.18
2014.03.17 16:06:07.637,5.94635,5.94742,1.00,1.65
2014.03.17 16:06:07.789,5.94635,5.94733,1.00,1.00
2014.03.17 16:06:08.114,5.94644,5.94733,1.00,1.00
2014.03.17 16:06:09.271,5.94639,5.94733,1.00,1.50
2014.03.17 16:06:09.587,5.94636,5.94733,1.00,1.50
2014.03.17 16:06:09.638,5.94636,5.94722,1.00,1.00
2014.03.17 16:06:10.798,5.94632,5.94722,1.00,1.00
2014.03.17 16:06:10.849,5.94632,5.94717,1.00,1.18
2014.03.17 16:06:11.153,5.94624,5.94693,1.00,1.00
2014.03.17 16:06:11.203,5.94624,5.94713,1.00,1.08
2014.03.17 16:06:15.528,5.94628,5.94712,1.00,1.08
2014.03.17 16:06:18.611,5.94628,5.94699,1.00,1.18
2014.03.17 16:06:19.455,5.94628,5.94692,1.00,1.00
2014.03.17 16:06:19.506,5.94615,5.94692,1.00,1.00
2014.03.17 16:06:19.716,5.9462,5.94692,1.00,1.00
2014.03.17 16:06:19.927,5.94616,5.94692,1.00,1.00
2014.03.17 16:06:20.429,5.94616,5.94699,1.00,1.18
2014.03.17 16:06:20.480,5.94624,5.94699,1.00,1.18
2014.03.17 16:06:28.631,5.94633,5.94713,1.00,1.00
2014.03.17 16:06:28.683,5.94633,5.94715,1.00,1.00
2014.03.17 16:06:28.885,5.94653,5.94723,1.00,1.08
2014.03.17 16:06:29.748,5.94649,5.94728,1.00,1.18
2014.03.17 16:06:33.396,5.94649,5.94705,1.00,1.18
2014.03.17 16:06:33.497,5.94642,5.94705,1.00,1.18
2014.03.17 16:06:41.276,5.94654,5.94705,1.00,1.18
2014.03.17 16:06:42.285,5.94654,5.94727,1.00,1.18
2014.03.17 16:06:44.616,5.94653,5.94727,1.00,1.18
2014.03.17 16:06:44.819,5.94667,5.94727,1.00,1.18
2014.03.17 16:06:46.264,5.94676,5.94727,1.00,1.18
2014.03.17 16:06:46.314,5.94676,5.94745,1.00,1.18
2014.03.17 16:06:51.456,5.94678,5.94753,1.00,1.00
2014.03.17 16:06:51.557,5.94678,5.94747,1.00,1.18
2014.03.17 16:06:51.659,5.9469,5.94763,1.00,1.08
2014.03.17 16:06:51.883,5.9469,5.94763,1.00,1.00
2014.03.17 16:06:51.965,5.94692,5.94763,1.00,1.00
2014.03.17 16:06:52.016,5.94692,5.94771,1.00,1.18
2014.03.17 16:06:52.316,5.94697,5.94771,1.00,1.18
2014.03.17 16:06:52.407,5.94692,5.94771,1.00,1.18
2014.03.17 16:06:52.559,5.94692,5.94763,1.00,1.00
2014.03.17 16:06:53.165,5.94681,5.94752,1.00,1.18
2014.03.17 16:06:53.836,5.94679,5.94752,1.00,1.18
2014.03.17 16:06:56.634,5.94679,5.94752,1.00,1.00
2014.03.17 16:06:56.735,5.94682,5.94752,1.00,1.00
2014.03.17 16:06:56.836,5.94682,5.9477,1.00,1.18
2014.03.17 16:06:56.887,5.94682,5.94768,1.00,1.18
2014.03.17 16:06:57.265,5.94693,5.94768,1.00,1.18
2014.03.17 16:06:57.730,5.94684,5.9475,1.00,1.18
2014.03.17 16:06:57.907,5.94671,5.9475,1.00,1.18
2014.03.17 16:06:59.161,5.94673,5.9475,1.00,1.18
2014.03.17 16:06:59.556,5.9467,5.9475,1.00,1.18
2014.03.17 16:06:59.776,5.94666,5.9475,1.00,1.18
2014.03.17 16:07:00.511,5.94666,5.94731,1.00,1.18
2014.03.17 16:07:00.562,5.94649,5.94722,1.00,1.00
2014.03.17 16:07:00.612,5.94649,5.94717,1.00,1.18
2014.03.17 16:07:00.950,5.94669,5.94717,1.00,1.18
2014.03.17 16:07:01.001,5.94654,5.94717,1.00,1.18
2014.03.17 16:07:01.458,5.94647,5.94717,1.00,1.18
2014.03.17 16:07:01.985,5.94646,5.94717,1.00,1.18
2014.03.17 16:07:02.306,5.94641,5.94717,1.00,1.18
2014.03.17 16:07:02.884,5.94642,5.94717,1.00,1.18
2014.03.17 16:07:03.125,5.94662,5.94717,1.00,1.18
2014.03.17 16:07:03.229,5.94662,5.94731,1.00,1.25
2014.03.17 16:07:03.516,5.94665,5.94731,1.00,1.18
2014.03.17 16:07:03.825,5.94665,5.94711,1.00,1.18
2014.03.17 16:07:03.876,5.94654,5.94711,1.00,1.18
2014.03.17 16:07:04.078,5.94651,5.94711,1.00,1.18
2014.03.17 16:07:04.974,5.94651,5.94731,1.00,1.25
2014.03.17 16:07:05.025,5.94651,5.94733,1.00,1.18
2014.03.17 16:07:05.216,5.94659,5.94733,1.00,1.18
2014.03.17 16:07:18.310,5.94659,5.94743,1.00,1.00
2014.03.17 16:07:18.411,5.94664,5.94743,1.00,1.00
2014.03.17 16:07:18.512,5.94664,5.94752,1.00,1.08
2014.03.17 16:07:18.664,5.94664,5.94739,1.00,1.18
2014.03.17 16:07:19.008,5.94673,5.94739,1.00,1.18
2014.03.17 16:07:19.507,5.94671,5.94722,1.00,1.00
2014.03.17 16:07:19.558,5.9466,5.9472,1.00,1.18
2014.03.17 16:07:19.786,5.94647,5.9472,1.00,1.18
2014.03.17 16:07:20.085,5.94655,5.9472,1.00,1.18
2014.03.17 16:07:20.965,5.94663,5.9472,1.00,1.18
2014.03.17 16:07:21.117,5.94635,5.9472,1.00,1.18
2014.03.17 16:07:21.168,5.94635,5.94697,1.00,1.18
2014.03.17 16:07:21.319,5.94626,5.94697,1.00,1.18
2014.03.17 16:07:22.068,5.94612,5.94697,1.00,1.18
2014.03.17 16:07:22.643,5.94624,5.94697,1.00,1.18
2014.03.17 16:07:23.294,5.94623,5.94697,1.00,1.18
2014.03.17 16:07:23.636,5.94613,5.94697,1.00,1.18
2014.03.17 16:07:23.687,5.94613,5.94678,1.00,1.18
2014.03.17 16:07:24.626,5.9462,5.94678,1.00,1.18
2014.03.17 16:07:25.474,5.94602,5.9466,1.00,1.18
2014.03.17 16:07:26.031,5.94589,5.9466,1.00,1.18
2014.03.17 16:07:26.183,5.94581,5.9466,1.00,1.18
2014.03.17 16:07:26.235,5.94581,5.94641,1.00,1.18
2014.03.17 16:07:26.468,5.94591,5.9466,1.00,1.25
2014.03.17 16:07:27.245,5.94588,5.9466,1.00,1.18
2014.03.17 16:07:27.459,5.94576,5.9466,1.00,1.18
2014.03.17 16:07:28.490,5.94576,5.94652,1.00,1.00
2014.03.17 16:07:28.635,5.94576,5.9466,1.00,1.18
2014.03.17 16:07:32.955,5.94577,5.9466,1.00,1.18
2014.03.17 16:07:33.488,5.94576,5.94653,1.00,1.00
2014.03.17 16:07:33.945,5.94567,5.94653,1.00,1.00
2014.03.17 16:07:37.069,5.94569,5.94653,1.00,1.00
2014.03.17 16:07:37.321,5.94581,5.94672,1.00,1.08
2014.03.17 16:07:37.423,5.94581,5.94657,1.00,1.18
2014.03.17 16:07:37.726,5.94589,5.94657,1.00,1.18
2014.03.17 16:07:37.828,5.94585,5.94657,1.00,1.18
2014.03.17 16:07:38.045,5.94564,5.94657,1.00,1.18
2014.03.17 16:07:38.707,5.94568,5.94657,1.00,1.18
2014.03.17 16:07:45.965,5.94577,5.94657,1.00,1.18
2014.03.17 16:07:47.177,5.94576,5.94657,1.00,1.18
2014.03.17 16:07:51.465,5.94577,5.94657,1.00,1.18
2014.03.17 16:07:52.273,5.94576,5.94657,1.00,1.18
2014.03.17 16:07:57.537,5.94576,5.94663,1.00,1.08
2014.03.17 16:07:58.397,5.94576,5.94653,1.00,1.00
2014.03.17 16:07:58.549,5.94568,5.94653,1.00,1.00
2014.03.17 16:07:58.748,5.94559,5.94653,1.00,1.00
2014.03.17 16:07:58.957,5.94561,5.94653,1.00,1.00
2014.03.17 16:07:59.044,5.94561,5.94664,1.00,1.18
2014.03.17 16:07:59.196,5.94589,5.94682,1.00,1.18
2014.03.17 16:07:59.499,5.94563,5.94656,1.00,1.18
2014.03.17 16:07:59.651,5.94556,5.94656,1.00,1.18
2014.03.17 16:08:02.820,5.9456,5.94653,1.00,1.08
2014.03.17 16:08:04.114,5.94581,5.94656,1.00,1.18
2014.03.17 16:08:07.214,5.94581,5.94672,1.00,1.08
2014.03.17 16:08:11.388,5.94597,5.94683,1.35,1.00
2014.03.17 16:08:11.591,5.94597,5.94692,1.35,1.00
2014.03.17 16:08:11.843,5.94623,5.94725,1.00,1.18
2014.03.17 16:08:11.945,5.94623,5.94733,1.00,1.00
2014.03.17 16:08:14.444,5.94623,5.94722,1.00,1.00
2014.03.17 16:08:18.438,5.94623,5.94722,1.19,1.00
2014.03.17 16:08:19.964,5.94629,5.94722,1.00,1.00
2014.03.17 16:08:21.717,5.94624,5.94722,1.19,1.00
2014.03.17 16:08:30.992,5.94624,5.94722,1.00,1.00
2014.03.17 16:08:31.285,5.94618,5.94722,1.19,1.00
2014.03.17 16:08:34.204,5.94618,5.94722,1.00,1.00
2014.03.17 16:08:34.365,5.94624,5.94722,1.00,1.00
2014.03.17 16:08:37.663,5.94626,5.94722,1.00,1.00
2014.03.17 16:08:43.037,5.94625,5.94722,1.00,1.00
2014.03.17 16:08:43.806,5.94627,5.94722,1.00,1.00
2014.03.17 16:08:44.013,5.94625,5.94722,1.00,1.00
2014.03.17 16:08:44.402,5.94624,5.94712,1.00,1.00
2014.03.17 16:08:44.912,5.94625,5.94712,1.00,1.00
2014.03.17 16:08:45.364,5.94625,5.94723,1.00,1.00
2014.03.17 16:08:47.974,5.94624,5.94723,1.00,1.00
2014.03.17 16:08:48.814,5.94624,5.94713,1.00,1.00
2014.03.17 16:08:48.865,5.94619,5.94713,1.00,1.00
2014.03.17 16:08:49.843,5.94623,5.94713,1.00,1.00
2014.03.17 16:08:53.481,5.94614,5.94713,1.00,1.00
2014.03.17 16:08:54.733,5.94615,5.94713,1.00,1.00
2014.03.17 16:08:55.640,5.94615,5.94702,1.00,1.00
2014.03.17 16:09:00.984,5.94615,5.94712,1.00,1.00
2014.03.17 16:09:02.445,5.94615,5.94703,1.00,1.00
2014.03.17 16:09:02.496,5.94611,5.94703,1.00,1.00
2014.03.17 16:09:02.823,5.94609,5.94703,1.00,1.00
2014.03.17 16:09:18.134,5.94567,5.94681,1.69,1.18
2014.03.17 16:09:18.236,5.94567,5.94681,1.00,1.18
2014.03.17 16:09:18.444,5.94605,5.94681,1.00,1.18
2014.03.17 16:09:18.545,5.94605,5.947,1.00,1.18
2014.03.17 16:09:18.596,5.94605,5.94701,1.00,1.00
2014.03.17 16:09:19.462,5.94605,5.94708,1.00,1.00
2014.03.17 16:09:20.452,5.94605,5.94703,1.00,1.00
2014.03.17 16:09:25.735,5.94605,5.94708,1.00,1.00
2014.03.17 16:09:27.404,5.94608,5.94708,1.00,1.00
2014.03.17 16:09:28.968,5.94608,5.94702,1.00,1.00
2014.03.17 16:09:29.141,5.94602,5.94702,1.00,1.00
2014.03.17 16:09:29.197,5.94611,5.94702,1.00,1.00
2014.03.17 16:09:29.365,5.94611,5.94708,1.00,1.00
2014.03.17 16:09:29.804,5.94611,5.94702,1.00,1.00
2014.03.17 16:09:36.423,5.9461,5.94702,1.00,1.00
2014.03.17 16:09:42.393,5.9462,5.94702,1.00,1.00
2014.03.17 16:09:42.494,5.9462,5.94708,1.00,1.00
2014.03.17 16:09:43.133,5.94623,5.94708,1.00,1.00
2014.03.17 16:09:49.291,5.9462,5.94708,1.00,1.00
2014.03.17 16:09:57.256,5.94616,5.94708,1.00,1.00
2014.03.17 16:10:00.307,5.94614,5.94708,1.00,1.00
2014.03.17 16:10:00.512,5.94616,5.94708,1.00,1.00
2014.03.17 16:10:19.933,5.94616,5.94712,1.00,1.00
2014.03.17 16:10:28.527,5.94612,5.94712,1.00,1.00
2014.03.17 16:10:29.543,5.94612,5.94702,1.00,1.00
2014.03.17 16:10:29.873,5.94612,5.94713,1.00,1.00
2014.03.17 16:10:30.178,5.94617,5.94713,1.00,1.00
2014.03.17 16:10:30.985,5.94619,5.94713,1.00,1.00
2014.03.17 16:10:39.237,5.94619,5.94723,1.00,1.00
2014.03.17 16:10:40.703,5.9462,5.94723,1.00,1.00
2014.03.17 16:10:43.043,5.94618,5.94723,1.00,1.00
2014.03.17 16:10:43.843,5.94618,5.94713,1.00,1.00
2014.03.17 16:11:03.095,5.94618,5.94702,1.00,1.00
2014.03.17 16:11:03.146,5.94613,5.94702,1.00,1.00
2014.03.17 16:11:03.348,5.94613,5.94693,1.00,1.00
2014.03.17 16:11:03.399,5.94601,5.94693,1.00,1.00
2014.03.17 16:11:03.836,5.94592,5.94693,1.00,1.00
2014.03.17 16:11:04.133,5.94589,5.94693,1.00,1.00
2014.03.17 16:11:04.524,5.94589,5.94683,1.00,1.00
2014.03.17 16:11:04.854,5.94589,5.94692,1.00,1.00
2014.03.17 16:11:16.289,5.94589,5.94692,1.08,1.00
2014.03.17 16:11:16.508,5.94589,5.94692,1.00,1.00
2014.03.17 16:11:23.052,5.94588,5.94692,1.00,1.00
2014.03.17 16:11:28.622,5.94588,5.94683,1.00,1.00
2014.03.17 16:11:32.986,5.94584,5.94683,1.00,1.00
2014.03.17 16:11:38.262,5.94585,5.94683,1.00,1.00
2014.03.17 16:11:38.924,5.94584,5.94683,1.00,1.00
2014.03.17 16:11:41.932,5.94584,5.94693,1.00,1.00
2014.03.17 16:11:59.954,5.94572,5.94693,1.37,1.00
2014.03.17 16:12:00.005,5.94572,5.94662,1.37,1.00
2014.03.17 16:12:00.107,5.94568,5.94662,1.00,1.00
2014.03.17 16:12:00.262,5.94563,5.94662,1.00,1.00
2014.03.17 16:12:01.073,5.94563,5.94653,1.00,1.00
2014.03.17 16:12:01.402,5.94563,5.94662,1.00,1.00
2014.03.17 16:12:02.913,5.94563,5.94667,1.00,1.00
2014.03.17 16:12:06.274,5.94572,5.94667,1.00,1.00
2014.03.17 16:12:06.924,5.94576,5.94667,1.00,1.00
2014.03.17 16:12:34.020,5.94576,5.94672,1.00,1.00
2014.03.17 16:12:34.341,5.94578,5.94683,1.00,1.00
2014.03.17 16:12:55.309,5.94578,5.94673,1.00,1.00
2014.03.17 16:12:57.334,5.94574,5.94673,1.00,1.00
2014.03.17 16:13:02.900,5.94578,5.94673,1.00,1.00
2014.03.17 16:13:14.525,5.94588,5.94673,1.00,1.00
2014.03.17 16:13:15.295,5.9458,5.94673,1.00,1.00
2014.03.17 16:13:15.599,5.94583,5.94673,1.00,1.00
2014.03.17 16:13:17.529,5.94583,5.94663,1.00,1.00
2014.03.17 16:13:23.854,5.94578,5.94663,1.00,1.00
2014.03.17 16:13:24.157,5.94578,5.94643,1.00,1.00
2014.03.17 16:13:24.208,5.94567,5.94643,1.00,1.00
2014.03.17 16:13:24.402,5.94558,5.94643,1.00,1.00
2014.03.17 16:13:24.504,5.94558,5.94633,1.00,1.00
2014.03.17 16:13:24.996,5.94558,5.94642,1.00,1.00
2014.03.17 16:13:25.613,5.94562,5.94642,1.00,1.00
2014.03.17 16:13:26.810,5.94557,5.94642,1.00,1.00
2014.03.17 16:13:27.805,5.94557,5.94652,1.00,1.00
2014.03.17 16:13:30.784,5.94575,5.94652,1.00,1.00
2014.03.17 16:13:31.004,5.94583,5.94672,1.00,1.00
2014.03.17 16:13:32.545,5.94587,5.94672,1.00,1.00
2014.03.17 16:13:33.149,5.94588,5.94672,1.00,1.00
2014.03.17 16:13:34.392,5.94588,5.94683,1.00,1.00
2014.03.17 16:13:37.232,5.94588,5.94673,1.00,1.00
2014.03.17 16:13:37.283,5.9458,5.94673,1.00,1.00
2014.03.17 16:13:37.481,5.94571,5.94673,1.00,1.00
2014.03.17 16:13:37.903,5.94571,5.94652,1.00,1.00
2014.03.17 16:13:37.954,5.94567,5.94652,1.00,1.00
2014.03.17 16:13:39.905,5.94566,5.94662,1.00,1.08
2014.03.17 16:13:40.224,5.94566,5.94674,1.00,1.00
2014.03.17 16:13:40.275,5.94583,5.94674,1.00,1.00
2014.03.17 16:13:42.340,5.9458,5.94674,1.00,1.00
2014.03.17 16:13:43.543,5.9458,5.94682,1.00,1.08
2014.03.17 16:13:48.160,5.9458,5.94685,1.19,1.18
2014.03.17 16:13:48.312,5.9458,5.94693,1.19,1.00
2014.03.17 16:13:48.413,5.9461,5.94693,1.00,1.00
2014.03.17 16:13:48.515,5.9461,5.94713,1.00,1.00
2014.03.17 16:13:48.743,5.94622,5.94728,1.00,1.18
2014.03.17 16:13:49.389,5.94621,5.94723,1.00,1.08
2014.03.17 16:13:50.179,5.94624,5.94723,1.00,1.08
2014.03.17 16:13:51.711,5.94621,5.94723,1.00,1.08
2014.03.17 16:13:51.913,5.94617,5.94722,1.00,1.10
2014.03.17 16:13:52.116,5.94617,5.94709,1.00,1.18
2014.03.17 16:13:52.461,5.94608,5.94709,1.00,1.18
2014.03.17 16:13:54.281,5.94608,5.94702,1.00,1.00
2014.03.17 16:13:55.500,5.94608,5.94709,1.00,1.18
2014.03.17 16:13:56.224,5.94605,5.94703,1.00,1.58
2014.03.17 16:13:57.099,5.94608,5.94703,1.00,1.58
2014.03.17 16:14:00.243,5.94608,5.94693,1.00,1.00
2014.03.17 16:14:00.294,5.94601,5.94693,1.00,1.00
2014.03.17 16:14:01.700,5.94596,5.94693,1.00,1.00
2014.03.17 16:14:11.306,5.94598,5.94693,1.00,1.00
2014.03.17 16:14:12.026,5.94598,5.94689,1.00,1.18
2014.03.17 16:14:13.980,5.94598,5.94682,1.00,1.00
2014.03.17 16:14:14.793,5.94586,5.94673,1.00,1.00
2014.03.17 16:14:14.898,5.94586,5.94662,1.00,1.00
2014.03.17 16:14:14.970,5.94586,5.94681,1.00,1.00
2014.03.17 16:14:15.265,5.9459,5.94681,1.00,1.00
2014.03.17 16:14:40.862,5.94602,5.94681,1.00,1.00
2014.03.17 16:14:41.907,5.94599,5.94681,1.00,1.00
2014.03.17 16:14:42.414,5.946,5.94681,1.00,1.00
2014.03.17 16:14:43.660,5.94597,5.94681,1.00,1.00
2014.03.17 16:14:43.894,5.94615,5.94681,1.00,1.00
2014.03.17 16:14:44.046,5.94615,5.94704,1.00,1.00
2014.03.17 16:14:44.097,5.94615,5.94704,1.00,1.65
2014.03.17 16:14:44.148,5.94608,5.94702,1.00,1.08
2014.03.17 16:14:44.440,5.946,5.94702,1.00,1.08
2014.03.17 16:14:44.610,5.946,5.94692,1.00,1.00
2014.03.17 16:14:45.883,5.946,5.94683,1.00,1.00
2014.03.17 16:14:46.653,5.9459,5.94683,1.00,1.00
2014.03.17 16:14:46.769,5.9459,5.94673,1.00,1.00
2014.03.17 16:14:46.872,5.94583,5.94673,1.00,1.00
2014.03.17 16:14:50.370,5.94589,5.94673,1.00,1.00
2014.03.17 16:14:51.643,5.94588,5.94673,1.00,1.00
2014.03.17 16:14:51.694,5.94571,5.94673,1.00,1.00
2014.03.17 16:14:51.745,5.94571,5.94663,1.00,1.00
2014.03.17 16:14:52.048,5.94575,5.94663,1.00,1.00
2014.03.17 16:14:52.280,5.94566,5.94662,1.00,1.00
2014.03.17 16:14:55.237,5.94579,5.94662,1.00,1.00
2014.03.17 16:14:55.769,5.94579,5.94669,1.00,1.18
2014.03.17 16:14:57.205,5.94567,5.94669,1.00,1.18
2014.03.17 16:14:58.861,5.94558,5.94663,1.00,1.10
2014.03.17 16:14:58.912,5.94558,5.94653,1.00,1.00
2014.03.17 16:15:00.190,5.94558,5.94642,1.00,1.00
2014.03.17 16:15:00.291,5.94553,5.94642,1.00,1.00
2014.03.17 16:15:03.710,5.94507,5.94642,1.37,1.00
2014.03.17 16:15:03.761,5.94507,5.94642,1.18,1.00
2014.03.17 16:15:04.417,5.94507,5.94646,1.18,1.08
2014.03.17 16:15:24.157,5.94505,5.94646,1.18,1.08
2014.03.17 16:15:25.613,5.94524,5.94646,1.18,1.00
2014.03.17 16:15:25.765,5.94527,5.94667,1.58,1.18
2014.03.17 16:15:25.816,5.9453,5.94667,1.29,1.18
2014.03.17 16:15:25.989,5.94542,5.94686,1.37,1.18
2014.03.17 16:15:29.468,5.94542,5.94673,1.37,1.00
2014.03.17 16:15:30.349,5.94542,5.94682,1.37,1.08
2014.03.17 16:15:46.211,5.94547,5.94683,1.65,1.10
2014.03.17 16:15:50.191,5.94535,5.94663,1.00,1.00
2014.03.17 16:15:50.494,5.94528,5.94652,1.18,1.00
2014.03.17 16:15:50.646,5.94522,5.94652,1.00,1.08
2014.03.17 16:15:50.710,5.94514,5.94652,1.08,1.08
2014.03.17 16:15:50.987,5.94514,5.94643,1.08,1.00
2014.03.17 16:16:09.149,5.9451,5.94633,1.18,1.00
2014.03.17 16:16:10.014,5.94492,5.9463,1.10,1.18
2014.03.17 16:16:10.540,5.94486,5.94619,1.18,1.00
2014.03.17 16:16:10.842,5.94486,5.94613,1.18,1.00
2014.03.17 16:16:10.994,5.94474,5.94612,1.10,1.18
2014.03.17 16:16:20.409,5.94486,5.94619,1.18,1.00
2014.03.17 16:16:20.561,5.94486,5.9463,1.18,1.18
2014.03.17 16:16:22.147,5.94486,5.94622,1.18,1.00
2014.03.17 16:16:22.358,5.9449,5.9463,1.08,1.18
2014.03.17 16:16:28.178,5.94492,5.94623,1.10,1.00
2014.03.17 16:16:29.560,5.94492,5.9463,1.10,1.18
2014.03.17 16:16:32.110,5.94487,5.94527,1.00,2.10
2014.03.17 16:16:32.312,5.94466,5.94512,1.19,1.50
2014.03.17 16:16:32.414,5.94378,5.94507,1.18,1.19
2014.03.17 16:16:32.904,5.94378,5.94512,1.18,1.50
2014.03.17 16:16:34.038,5.94378,5.94521,1.18,1.18
2014.03.17 16:16:34.447,5.94378,5.94503,1.18,1.00
2014.03.17 16:16:35.437,5.94378,5.94493,1.18,1.00
2014.03.17 16:16:45.009,5.94378,5.94502,1.18,1.00
2014.03.17 16:16:47.977,5.94378,5.94492,1.18,1.00
2014.03.17 16:16:52.244,5.94373,5.94492,1.18,1.00
2014.03.17 16:16:53.036,5.94373,5.94502,1.18,1.00
2014.03.17 16:16:53.147,5.94355,5.94499,1.73,1.18
2014.03.17 16:16:55.347,5.94355,5.94482,1.18,1.00
2014.03.17 16:16:58.557,5.94355,5.94473,1.18,1.00
2014.03.17 16:16:58.767,5.94336,5.94462,1.25,1.00
2014.03.17 16:17:01.396,5.94336,5.94452,1.18,1.00
2014.03.17 16:17:03.818,5.94336,5.94462,1.18,1.00
2014.03.17 16:17:14.147,5.94336,5.94432,1.18,1.00
2014.03.17 16:17:14.198,5.94315,5.94423,1.28,1.50
2014.03.17 16:17:14.249,5.94309,5.94423,1.18,1.50
2014.03.17 16:17:14.300,5.9429,5.94395,1.18,1.18
2014.03.17 16:17:14.351,5.94262,5.94379,1.00,1.00
2014.03.17 16:17:14.402,5.94262,5.94373,1.00,1.00
2014.03.17 16:17:14.454,5.94254,5.94372,1.00,1.09
2014.03.17 16:17:14.555,5.94169,5.94372,1.00,1.09
2014.03.17 16:17:14.656,5.9419,5.94334,1.18,1.18
2014.03.17 16:17:14.980,5.9419,5.94332,1.18,1.25
2014.03.17 16:17:15.082,5.94171,5.94311,1.08,1.18
2014.03.17 16:17:15.410,5.94163,5.94331,1.00,1.00
2014.03.17 16:17:15.685,5.94166,5.94334,1.00,1.00
2014.03.17 16:17:16.126,5.94143,5.94311,1.00,1.00
2014.03.17 16:17:16.429,5.94164,5.94332,1.00,1.00
2014.03.17 16:17:16.737,5.94163,5.94329,1.00,1.00
2014.03.17 16:17:17.379,5.94167,5.94332,1.00,1.00
2014.03.17 16:17:18.397,5.94167,5.94309,1.00,1.00
2014.03.17 16:17:24.886,5.94163,5.94303,1.00,1.18
2014.03.17 16:17:25.189,5.94155,5.94283,1.00,1.18
2014.03.17 16:17:25.296,5.94152,5.94283,1.00,1.18
2014.03.17 16:17:25.849,5.94149,5.94283,1.00,1.18
2014.03.17 16:17:26.397,5.94151,5.94283,1.00,1.18
2014.03.17 16:17:26.719,5.94156,5.94289,1.18,1.00
2014.03.17 16:17:41.390,5.9414,5.94284,1.65,1.18
2014.03.17 16:17:41.894,5.94122,5.94289,1.00,1.50
2014.03.17 16:17:41.945,5.94077,5.94238,1.00,1.00
2014.03.17 16:17:42.160,5.9407,5.94238,1.00,1.00
2014.03.17 16:17:42.709,5.94064,5.94229,1.00,1.00
2014.03.17 16:17:43.557,5.94063,5.9423,1.00,1.00
2014.03.17 16:17:46.537,5.94064,5.94229,1.00,1.00
2014.03.17 16:17:46.865,5.94076,5.94241,1.00,1.00
2014.03.17 16:17:51.266,5.94072,5.94237,1.00,1.00
2014.03.17 16:17:55.775,5.9404,5.94239,1.00,1.00
2014.03.17 16:17:55.876,5.9404,5.94212,1.00,1.50
2014.03.17 16:17:56.179,5.94054,5.94198,1.18,1.18
2014.03.17 16:18:00.608,5.94035,5.94173,1.25,1.18
2014.03.17 16:18:00.659,5.94031,5.94173,1.18,1.18
2014.03.17 16:18:02.187,5.94048,5.94192,1.18,1.73
2014.03.17 16:18:05.917,5.94048,5.94169,1.18,1.00
2014.03.17 16:18:16.605,5.94048,5.94192,1.18,1.18
2014.03.17 16:18:22.853,5.94037,5.94181,1.18,1.18
2014.03.17 16:18:28.309,5.94037,5.94181,1.78,1.18
2014.03.17 16:18:28.359,5.94069,5.94212,1.00,1.58
2014.03.17 16:18:28.461,5.94081,5.94218,1.25,1.00
2014.03.17 16:18:28.612,5.94101,5.94242,1.18,1.00
2014.03.17 16:18:32.454,5.94101,5.94243,1.18,1.00
2014.03.17 16:18:32.974,5.94112,5.94243,1.00,1.00
2014.03.17 16:18:33.796,5.94112,5.94252,1.00,1.00
2014.03.17 16:18:34.089,5.94125,5.94252,1.18,1.00
2014.03.17 16:18:34.396,5.94125,5.94266,1.18,1.00
2014.03.17 16:18:34.497,5.94128,5.94266,1.25,1.00
2014.03.17 16:18:34.800,5.94277,5.94332,1.18,1.00
2014.03.17 16:18:34.902,5.94277,5.94383,1.18,1.00
2014.03.17 16:18:35.003,5.94295,5.94383,1.18,1.00
2014.03.17 16:18:36.414,5.94295,5.94382,1.18,1.00
2014.03.17 16:18:43.606,5.94295,5.94413,1.18,1.00
2014.03.17 16:18:55.155,5.94305,5.94413,1.18,1.00
2014.03.17 16:18:56.586,5.94305,5.94439,1.18,1.00
2014.03.17 16:18:56.637,5.94364,5.94463,1.00,1.69
2014.03.17 16:18:56.688,5.94364,5.94463,1.00,1.50
2014.03.17 16:18:56.739,5.94399,5.94472,1.18,1.18
2014.03.17 16:18:56.841,5.9442,5.94524,1.18,1.00
2014.03.17 16:18:56.891,5.9442,5.94503,1.18,1.00
2014.03.17 16:18:56.993,5.9442,5.94563,1.25,1.00
2014.03.17 16:18:57.043,5.9444,5.94563,1.18,1.00
2014.03.17 16:18:57.246,5.94414,5.94563,1.08,1.00
2014.03.17 16:18:57.875,5.94469,5.94622,1.00,1.50
2014.03.17 16:18:57.976,5.94469,5.94635,1.00,1.00
2014.03.17 16:18:58.127,5.94469,5.94635,1.08,1.00
2014.03.17 16:18:58.178,5.94472,5.94639,1.10,1.00
2014.03.17 16:18:58.716,5.94473,5.9464,1.00,1.00
2014.03.17 16:18:58.868,5.94517,5.94673,1.00,1.00
2014.03.17 16:18:59.171,5.94521,5.94673,1.18,1.00
2014.03.17 16:18:59.222,5.94517,5.94673,2.25,1.00
2014.03.17 16:18:59.944,5.94544,5.94711,1.00,1.00
2014.03.17 16:19:00.805,5.94565,5.94722,1.00,1.00
2014.03.17 16:19:00.857,5.94565,5.94732,1.00,1.00
2014.03.17 16:19:01.160,5.94573,5.94737,1.60,1.00
2014.03.17 16:19:01.464,5.94578,5.94733,2.06,1.00
2014.03.17 16:19:01.514,5.94566,5.94733,1.00,1.00
2014.03.17 16:19:01.716,5.94561,5.94726,1.00,1.00
2014.03.17 16:19:02.019,5.94585,5.9475,1.00,1.00
2014.03.17 16:19:02.383,5.94585,5.94752,1.00,1.00
2014.03.17 16:19:02.585,5.94559,5.94726,1.00,1.00
2014.03.17 16:19:03.114,5.94564,5.94731,1.00,1.00
2014.03.17 16:19:07.088,5.9452,5.9477,1.00,1.00
2014.03.17 16:19:07.293,5.94521,5.94775,1.00,1.00
2014.03.17 16:19:09.617,5.94514,5.94776,1.00,1.00
2014.03.17 16:19:09.865,5.94516,5.94781,1.00,1.00
2014.03.17 16:19:11.473,5.94509,5.94789,1.00,1.00
2014.03.17 16:19:20.555,5.94498,5.94792,1.00,2.06
2014.03.17 16:19:20.887,5.94507,5.94792,1.00,2.06
2014.03.17 16:19:21.204,5.9458,5.94794,1.00,1.00
2014.03.17 16:19:23.468,5.94611,5.94799,1.00,1.00
2014.03.17 16:19:24.764,5.94611,5.94812,1.00,1.00
2014.03.17 16:19:24.916,5.94605,5.94812,1.00,1.00
2014.03.17 16:19:25.117,5.94626,5.94812,1.00,1.00
2014.03.17 16:19:26.084,5.94626,5.94813,1.00,1.00
2014.03.17 16:19:26.236,5.94617,5.94813,1.00,1.00
2014.03.17 16:19:26.471,5.9464,5.94813,1.00,1.00
2014.03.17 16:19:27.384,5.9464,5.94832,1.00,1.00
2014.03.17 16:19:28.196,5.94615,5.94829,1.00,1.00
2014.03.17 16:19:28.306,5.9464,5.94832,1.00,1.00
2014.03.17 16:19:28.787,5.9464,5.94821,1.00,1.00
2014.03.17 16:19:28.838,5.9464,5.94847,1.00,1.50
2014.03.17 16:19:29.113,5.9464,5.94843,1.00,2.06
2014.03.17 16:19:37.616,5.9464,5.94829,1.00,1.00
2014.03.17 16:19:38.034,5.9464,5.94847,1.00,1.00
2014.03.17 16:19:38.144,5.9464,5.94854,1.00,1.00
2014.03.17 16:19:38.245,5.9464,5.94843,1.00,2.06
2014.03.17 16:19:43.214,5.9464,5.94831,1.00,1.00
2014.03.17 16:19:43.493,5.9464,5.94854,1.00,1.00
2014.03.17 16:19:43.546,5.9464,5.94843,1.00,2.06
2014.03.17 16:19:46.854,5.9464,5.94842,1.00,1.00
2014.03.17 16:19:47.233,5.94691,5.94836,1.18,1.18
2014.03.17 16:19:49.843,5.94691,5.94836,1.18,1.78
2014.03.17 16:19:50.146,5.94671,5.94743,1.18,1.18
2014.03.17 16:19:50.197,5.94588,5.94722,1.50,1.18
2014.03.17 16:19:50.298,5.94565,5.94704,1.00,1.18
2014.03.17 16:19:50.349,5.94558,5.94704,1.50,1.18
2014.03.17 16:19:51.443,5.94558,5.94693,1.50,1.00
2014.03.17 16:19:52.066,5.94574,5.94693,1.00,1.00
2014.03.17 16:19:52.772,5.94574,5.94692,1.00,1.00
2014.03.17 16:19:53.423,5.94574,5.94672,1.00,1.00
2014.03.17 16:19:53.533,5.94574,5.94704,1.00,1.18
2014.03.17 16:19:53.634,5.94574,5.94647,1.00,1.18
2014.03.17 16:19:53.939,5.94488,5.94625,1.00,1.18
2014.03.17 16:19:53.990,5.94488,5.94593,1.00,1.18
2014.03.17 16:19:54.194,5.94438,5.94551,1.00,1.18
2014.03.17 16:19:54.295,5.94438,5.94516,1.00,1.18
2014.03.17 16:19:54.396,5.94368,5.94516,1.50,1.18
2014.03.17 16:19:55.105,5.9435,5.94516,1.18,1.18
2014.03.17 16:19:55.156,5.9433,5.94479,1.18,1.18
2014.03.17 16:19:55.257,5.94313,5.94479,1.18,1.18
2014.03.17 16:19:55.409,5.94294,5.94462,1.25,1.18
2014.03.17 16:19:56.140,5.94274,5.94435,1.28,1.18
2014.03.17 16:19:56.241,5.94268,5.94435,1.18,1.18
2014.03.17 16:19:56.392,5.94248,5.9441,1.25,1.18
2014.03.17 16:19:56.443,5.94245,5.9441,1.18,1.18
2014.03.17 16:19:56.695,5.94225,5.94391,1.80,1.18
2014.03.17 16:19:58.093,5.94255,5.94391,1.00,1.18
2014.03.17 16:19:58.245,5.94255,5.94476,1.00,1.18
2014.03.17 16:19:58.346,5.94255,5.94505,1.00,1.18
2014.03.17 16:19:58.447,5.94255,5.94525,1.00,1.18
2014.03.17 16:19:58.795,5.94265,5.94525,1.00,1.18
2014.03.17 16:19:59.137,5.94342,5.94525,1.00,1.18
2014.03.17 16:19:59.188,5.94342,5.94533,1.00,2.06
2014.03.17 16:19:59.561,5.94312,5.94526,1.00,1.00
2014.03.17 16:19:59.663,5.94325,5.94533,1.00,2.06
2014.03.17 16:20:00.056,5.94329,5.94533,1.00,2.06
2014.03.17 16:20:00.263,5.94329,5.9457,1.00,1.18
2014.03.17 16:20:00.437,5.94329,5.94573,1.00,2.06
2014.03.17 16:20:00.537,5.94367,5.94573,1.00,2.06
2014.03.17 16:20:00.790,5.94367,5.94581,1.00,1.00
2014.03.17 16:20:00.891,5.94351,5.94612,1.00,2.06
2014.03.17 16:20:01.093,5.94358,5.94612,1.00,2.06
2014.03.17 16:20:01.462,5.94366,5.94612,1.00,2.06
2014.03.17 16:20:01.786,5.94381,5.94612,1.00,2.06
2014.03.17 16:20:02.316,5.94403,5.94612,1.00,2.06
2014.03.17 16:20:02.775,5.9441,5.94612,1.00,2.06
2014.03.17 16:20:03.129,5.9441,5.94653,1.00,2.06
2014.03.17 16:20:03.618,5.94435,5.94653,1.00,2.06
2014.03.17 16:20:04.282,5.94454,5.94653,1.00,2.06
2014.03.17 16:20:04.827,5.94483,5.94653,1.00,2.06
2014.03.17 16:20:10.697,5.94483,5.94695,1.00,1.00
2014.03.17 16:20:11.137,5.9448,5.94717,1.00,1.18
2014.03.17 16:20:11.339,5.9448,5.94545,1.00,1.18
2014.03.17 16:20:11.541,5.94354,5.94483,1.00,1.25
2014.03.17 16:20:11.592,5.94354,5.94463,1.00,1.18
2014.03.17 16:20:11.794,5.94298,5.94463,1.18,1.18
2014.03.17 16:20:12.115,5.94414,5.94483,1.18,1.18
2014.03.17 16:20:12.216,5.94448,5.94552,1.50,2.06
2014.03.17 16:20:12.327,5.94448,5.9458,1.50,1.18
2014.03.17 16:20:13.365,5.94448,5.94573,1.69,1.00
2014.03.17 16:20:14.434,5.94448,5.94563,1.50,1.00
2014.03.17 16:20:15.274,5.94448,5.94563,2.10,1.00
2014.03.17 16:20:15.325,5.94448,5.9458,2.10,1.18
2014.03.17 16:20:15.375,5.94481,5.94594,1.00,1.18
2014.03.17 16:20:15.527,5.94527,5.94643,1.50,1.00
2014.03.17 16:20:15.578,5.94527,5.94645,1.50,1.00
2014.03.17 16:20:15.693,5.94527,5.94662,1.50,1.18
2014.03.17 16:20:16.009,5.94527,5.94663,1.58,1.08
2014.03.17 16:20:16.696,5.94546,5.94688,1.18,1.25
2014.03.17 16:20:17.208,5.94537,5.94674,1.50,1.18
2014.03.17 16:20:17.670,5.94547,5.94674,1.50,1.18
2014.03.17 16:20:18.357,5.9455,5.94674,1.00,1.18
2014.03.17 16:20:20.355,5.9455,5.94652,1.00,1.00
2014.03.17 16:20:20.585,5.94497,5.94626,1.50,1.00
2014.03.17 16:20:20.638,5.94497,5.94623,1.50,1.18
2014.03.17 16:20:20.740,5.94477,5.94623,1.50,1.18
2014.03.17 16:20:20.790,5.94519,5.94623,1.00,1.18
2014.03.17 16:20:20.942,5.94477,5.94623,1.50,1.18
2014.03.17 16:20:21.248,5.94477,5.94601,1.50,1.18
2014.03.17 16:20:22.097,5.94487,5.94601,1.00,1.18
2014.03.17 16:20:22.551,5.94477,5.94601,1.50,1.18
2014.03.17 16:20:22.647,5.94485,5.94601,1.00,1.18
2014.03.17 16:20:23.844,5.94485,5.94547,1.00,1.00
2014.03.17 16:20:24.096,5.94441,5.94528,1.00,1.18
2014.03.17 16:20:24.198,5.94441,5.94509,1.00,1.18
2014.03.17 16:20:24.299,5.9436,5.9445,1.00,1.18
2014.03.17 16:20:24.350,5.94338,5.9445,1.00,1.18
2014.03.17 16:20:24.412,5.94323,5.9445,1.00,1.18
2014.03.17 16:20:24.564,5.94283,5.9445,1.18,1.18
2014.03.17 16:20:25.246,5.94283,5.94448,1.18,1.25
2014.03.17 16:20:25.296,5.94263,5.94427,1.08,1.18
2014.03.17 16:20:25.997,5.9426,5.94418,1.18,1.18
2014.03.17 16:20:26.301,5.94278,5.9438,1.00,1.18
2014.03.17 16:20:26.605,5.94277,5.94359,1.00,1.18
2014.03.17 16:20:26.905,5.94238,5.94345,1.00,1.00
2014.03.17 16:20:27.056,5.94238,5.94342,1.00,1.00
2014.03.17 16:20:27.475,5.94238,5.94339,1.00,1.00
2014.03.17 16:20:27.803,5.94238,5.94341,1.00,1.00
2014.03.17 16:20:27.854,5.94227,5.94341,1.00,1.00
2014.03.17 16:20:28.023,5.94227,5.94359,1.00,1.18
2014.03.17 16:20:28.074,5.94208,5.94359,1.00,1.18
2014.03.17 16:20:28.125,5.94227,5.94359,1.50,1.18
2014.03.17 16:20:28.226,5.94227,5.94368,1.50,1.00
2014.03.17 16:20:28.353,5.94227,5.94366,1.50,1.00
2014.03.17 16:20:28.838,5.94242,5.94366,1.00,1.00
2014.03.17 16:20:31.584,5.94242,5.94376,1.00,1.18
2014.03.17 16:20:31.685,5.94242,5.9439,1.00,1.08
2014.03.17 16:20:32.930,5.94242,5.9439,1.00,1.00
2014.03.17 16:20:34.091,5.94242,5.94394,1.00,1.00
2014.03.17 16:20:34.142,5.94247,5.94394,1.00,1.00
2014.03.17 16:20:34.193,5.94247,5.94399,1.00,1.08
2014.03.17 16:20:34.445,5.94248,5.94356,1.00,1.00
2014.03.17 16:20:34.597,5.94242,5.94356,1.00,1.00
2014.03.17 16:20:34.698,5.94238,5.94385,1.00,1.18
2014.03.17 16:20:34.799,5.94238,5.94393,1.00,1.00
2014.03.17 16:20:35.000,5.94252,5.94377,1.00,1.00
2014.03.17 16:20:36.012,5.94268,5.9438,1.00,1.00
2014.03.17 16:20:36.854,5.94268,5.94381,1.00,1.00
2014.03.17 16:20:40.064,5.94257,5.94381,1.00,1.00
2014.03.17 16:20:43.396,5.94252,5.94381,1.00,1.00
2014.03.17 16:20:43.447,5.94252,5.94339,1.00,1.00
2014.03.17 16:20:43.681,5.94254,5.94394,1.00,1.18
2014.03.17 16:20:43.783,5.94254,5.94412,1.00,1.18
2014.03.17 16:20:43.884,5.94257,5.94426,1.00,1.00
2014.03.17 16:20:44.838,5.94257,5.94389,1.00,1.18
2014.03.17 16:21:02.823,5.94259,5.94389,1.00,1.18
2014.03.17 16:21:05.102,5.94259,5.944,1.08,1.18
2014.03.17 16:21:06.783,5.94265,5.944,1.00,1.18
2014.03.17 16:21:11.624,5.94311,5.944,1.00,1.18
2014.03.17 16:21:11.825,5.94311,5.94425,1.00,1.18
2014.03.17 16:21:11.927,5.9431,5.94443,1.00,1.18
2014.03.17 16:21:12.884,5.9432,5.94443,1.00,1.18
2014.03.17 16:21:13.086,5.94317,5.94443,1.00,1.18
2014.03.17 16:21:15.802,5.94326,5.94443,1.00,1.18
2014.03.17 16:21:16.055,5.94326,5.94462,1.00,1.18
2014.03.17 16:21:17.123,5.94328,5.94462,1.00,1.18
2014.03.17 16:21:23.833,5.94318,5.94443,1.18,1.00
2014.03.17 16:21:23.934,5.943,5.94442,1.18,1.18
2014.03.17 16:21:24.086,5.94279,5.94421,1.08,1.18
2014.03.17 16:21:41.265,5.94277,5.94418,1.18,1.25
2014.03.17 16:21:41.601,5.94266,5.94398,1.00,1.18
2014.03.17 16:21:42.885,5.94267,5.94398,1.00,1.18
2014.03.17 16:21:44.863,5.94266,5.94398,1.00,1.18
2014.03.17 16:22:01.649,5.94266,5.94405,1.08,1.18
2014.03.17 16:22:21.892,5.94266,5.94407,1.08,1.18
2014.03.17 16:22:36.476,5.94311,5.94427,1.08,1.18
2014.03.17 16:22:36.580,5.94314,5.94452,1.08,1.18
2014.03.17 16:22:37.531,5.94334,5.94452,1.00,1.18
2014.03.17 16:22:37.861,5.94336,5.94452,1.00,1.18
2014.03.17 16:22:38.341,5.94315,5.94452,1.08,1.18
2014.03.17 16:22:39.632,5.9435,5.94452,1.00,1.18
2014.03.17 16:22:39.682,5.94367,5.94472,1.50,1.28
2014.03.17 16:22:39.733,5.94367,5.94478,1.50,1.18
2014.03.17 16:22:39.784,5.94393,5.94497,1.18,1.18
2014.03.17 16:22:39.834,5.94393,5.94538,1.18,1.18
2014.03.17 16:22:40.533,5.94429,5.94538,1.00,1.18
2014.03.17 16:22:40.634,5.94429,5.94558,1.00,1.80
2014.03.17 16:22:40.887,5.94431,5.94558,1.00,1.18
2014.03.17 16:22:43.735,5.94433,5.94576,1.18,1.25
2014.03.17 16:22:53.733,5.94392,5.94532,1.08,1.18
2014.03.17 16:22:54.182,5.94392,5.94515,1.00,1.18
2014.03.17 16:22:56.205,5.94373,5.94515,1.08,1.18
2014.03.17 16:23:14.410,5.94375,5.94519,1.18,1.18
2014.03.17 16:23:17.313,5.94406,5.94519,1.18,1.18
2014.03.17 16:23:17.366,5.94438,5.94569,1.50,1.18
2014.03.17 16:23:17.670,5.94446,5.9459,1.18,1.80
2014.03.17 16:23:18.730,5.94437,5.94587,1.50,1.18
2014.03.17 16:23:18.780,5.94437,5.9458,1.50,1.18
2014.03.17 16:23:18.983,5.94398,5.94559,1.08,1.18
2014.03.17 16:23:19.033,5.94398,5.94534,1.08,1.00
2014.03.17 16:23:19.363,5.94398,5.94523,1.00,1.18
2014.03.17 16:23:19.681,5.94398,5.94502,1.00,1.18
2014.03.17 16:23:19.855,5.94368,5.94502,2.25,1.18
2014.03.17 16:23:20.625,5.9437,5.94502,1.00,1.18
2014.03.17 16:23:23.101,5.9437,5.9449,1.00,1.00
2014.03.17 16:23:23.430,5.9437,5.94483,1.00,1.00
2014.03.17 16:23:24.938,5.9437,5.94483,1.19,1.00
2014.03.17 16:23:25.256,5.94438,5.94543,1.50,1.00
2014.03.17 16:23:25.306,5.94438,5.94563,1.50,1.18
2014.03.17 16:23:25.589,5.94438,5.94565,1.50,1.00
2014.03.17 16:23:26.444,5.94437,5.94565,1.50,1.00
2014.03.17 16:23:27.060,5.94437,5.94572,1.50,1.18
2014.03.17 16:23:27.161,5.94449,5.94587,1.18,1.18
2014.03.17 16:23:27.706,5.94449,5.94588,1.18,1.08
2014.03.17 16:23:29.213,5.94456,5.94588,1.00,1.08
2014.03.17 16:23:30.082,5.94456,5.94529,1.00,1.00
2014.03.17 16:23:30.335,5.94393,5.94529,1.18,1.10
2014.03.17 16:23:30.436,5.94393,5.94515,1.18,1.00
2014.03.17 16:23:32.426,5.94393,5.94459,1.18,1.00
2014.03.17 16:23:32.479,5.94365,5.94459,1.18,1.00
2014.03.17 16:23:32.580,5.94343,5.94459,1.00,1.00
2014.03.17 16:23:32.631,5.94343,5.94452,1.00,1.00
2014.03.17 16:23:32.732,5.94328,5.94452,1.08,1.08
2014.03.17 16:23:32.783,5.94328,5.94452,1.08,1.68
2014.03.17 16:23:32.934,5.94254,5.94377,1.18,1.00
2014.03.17 16:23:33.086,5.94254,5.94374,1.18,1.00
2014.03.17 16:23:33.821,5.94254,5.94339,1.18,1.00
2014.03.17 16:23:33.872,5.94233,5.94339,1.18,1.00
2014.03.17 16:23:33.973,5.94218,5.94339,1.18,1.00
2014.03.17 16:23:34.541,5.94237,5.94339,1.00,1.00
2014.03.17 16:23:34.844,5.94237,5.94292,1.00,1.00
2014.03.17 16:23:34.895,5.94228,5.94292,1.00,1.00
2014.03.17 16:23:35.047,5.94228,5.94309,1.00,1.00
2014.03.17 16:23:35.350,5.94207,5.94309,1.00,1.00
2014.03.17 16:23:35.401,5.94207,5.94297,1.00,1.00
2014.03.17 16:23:36.300,5.94208,5.94297,1.00,1.00
2014.03.17 16:23:36.571,5.94208,5.94321,1.00,1.18
2014.03.17 16:23:36.672,5.94187,5.94321,1.50,1.18
2014.03.17 16:23:36.723,5.94195,5.94337,1.18,1.18
2014.03.17 16:23:36.824,5.94224,5.94351,1.18,1.00
2014.03.17 16:23:37.234,5.94242,5.94351,1.18,1.00
2014.03.17 16:23:37.770,5.94242,5.94374,1.18,1.00
2014.03.17 16:23:42.071,5.94242,5.94332,1.18,1.00
2014.03.17 16:23:42.122,5.94238,5.94332,1.00,1.00
2014.03.17 16:23:42.434,5.94224,5.94332,1.18,1.00
2014.03.17 16:23:50.110,5.94224,5.94329,1.18,1.00
2014.03.17 16:23:51.299,5.94224,5.94326,1.18,1.00
2014.03.17 16:23:51.812,5.94219,5.94326,1.00,1.00
2014.03.17 16:23:54.621,5.94219,5.94328,1.00,1.00
2014.03.17 16:23:54.772,5.94225,5.94328,1.18,1.00
2014.03.17 16:23:55.589,5.94225,5.94327,1.18,1.00
2014.03.17 16:23:56.615,5.94225,5.94329,1.18,1.00
2014.03.17 16:23:58.450,5.94225,5.94325,1.18,1.00
2014.03.17 16:23:59.109,5.94225,5.94326,1.18,1.00
2014.03.17 16:24:08.461,5.94225,5.9433,1.18,1.00
2014.03.17 16:24:15.074,5.9422,5.9433,1.18,1.00
2014.03.17 16:24:23.034,5.9422,5.94344,1.18,1.00
2014.03.17 16:24:35.599,5.94232,5.94344,1.18,1.00
2014.03.17 16:24:37.939,5.94232,5.94346,1.18,1.00
2014.03.17 16:24:56.056,5.94237,5.94346,1.18,1.00
2014.03.17 16:25:09.443,5.94237,5.94347,1.18,1.00
2014.03.17 16:25:16.051,5.94232,5.94347,1.18,1.00
2014.03.17 16:25:17.248,5.94232,5.94346,1.18,1.00
2014.03.17 16:25:18.010,5.94232,5.94351,1.18,1.00
2014.03.17 16:25:18.230,5.94232,5.94346,1.18,1.00
2014.03.17 16:25:19.113,5.9425,5.94351,1.18,1.00
2014.03.17 16:25:19.268,5.9425,5.94367,1.18,1.00
2014.03.17 16:25:20.062,5.9425,5.94368,1.18,1.00
2014.03.17 16:25:21.620,5.9425,5.94363,1.18,1.00
2014.03.17 16:25:22.364,5.9425,5.94356,1.18,1.00
2014.03.17 16:25:25.148,5.9427,5.94356,1.18,1.00
2014.03.17 16:25:25.249,5.94333,5.94526,1.00,1.00
2014.03.17 16:25:25.350,5.94308,5.94492,2.06,1.00
2014.03.17 16:25:25.401,5.94308,5.94474,2.43,1.50
2014.03.17 16:25:25.704,5.94427,5.94471,1.00,1.18
2014.03.17 16:25:25.805,5.94408,5.94471,1.00,1.18
2014.03.17 16:25:26.260,5.94445,5.94573,1.18,1.00
2014.03.17 16:25:26.563,5.9448,5.94551,1.18,1.00
2014.03.17 16:25:26.665,5.9446,5.94551,1.25,1.00
2014.03.17 16:25:26.767,5.9447,5.94551,1.18,1.00
2014.03.17 16:25:27.342,5.9447,5.94559,1.18,1.00
2014.03.17 16:25:27.494,5.94453,5.94558,1.18,1.00
2014.03.17 16:25:27.730,5.94453,5.94564,1.18,1.00
2014.03.17 16:25:28.170,5.94453,5.9456,1.18,1.00
2014.03.17 16:25:28.533,5.94453,5.94557,1.18,1.00
2014.03.17 16:25:28.634,5.94437,5.94557,1.18,1.00
2014.03.17 16:25:29.045,5.94457,5.94557,1.18,1.00
2014.03.17 16:25:29.160,5.94457,5.9456,1.18,1.00
2014.03.17 16:25:29.602,5.94457,5.94564,1.18,1.00
2014.03.17 16:25:30.262,5.94457,5.94562,1.18,1.00
2014.03.17 16:25:30.899,5.94429,5.94562,1.18,1.00
2014.03.17 16:25:31.475,5.94429,5.94558,1.18,1.00
2014.03.17 16:25:31.779,5.94404,5.94526,1.18,1.00
2014.03.17 16:25:32.015,5.94376,5.94526,1.18,1.00
2014.03.17 16:25:32.066,5.94376,5.9452,1.18,1.00
2014.03.17 16:25:32.426,5.94376,5.94509,1.18,1.00
2014.03.17 16:25:33.230,5.94376,5.94512,1.18,1.00
2014.03.17 16:25:33.801,5.94376,5.94524,1.18,1.00
2014.03.17 16:25:35.475,5.94376,5.9452,1.18,1.00
2014.03.17 16:25:35.931,5.94389,5.94521,1.00,1.00
2014.03.17 16:25:38.227,5.94389,5.9453,1.00,1.00
2014.03.17 16:25:38.328,5.94389,5.94538,1.00,1.00
2014.03.17 16:25:38.430,5.94396,5.94538,1.18,1.00
2014.03.17 16:25:38.740,5.94396,5.94547,1.18,1.00
2014.03.17 16:25:38.791,5.94412,5.94547,1.18,1.00
2014.03.17 16:25:39.618,5.94412,5.94556,1.65,1.00
2014.03.17 16:25:40.028,5.94422,5.94556,1.00,1.00
2014.03.17 16:25:41.479,5.94422,5.94557,1.00,1.00
2014.03.17 16:25:41.822,5.94422,5.94552,1.00,1.00
2014.03.17 16:25:42.182,5.94422,5.94556,1.00,1.00
2014.03.17 16:25:42.360,5.94422,5.94554,1.00,1.00
2014.03.17 16:25:43.130,5.94422,5.94557,1.00,1.00
2014.03.17 16:25:46.652,5.94422,5.94554,1.00,1.00
2014.03.17 16:25:51.187,5.94422,5.94539,1.00,1.00
2014.03.17 16:25:51.504,5.94422,5.94533,1.00,1.00
2014.03.17 16:25:51.871,5.94414,5.94534,1.18,1.00
2014.03.17 16:25:52.113,5.94402,5.94552,1.08,1.00
2014.03.17 16:25:52.275,5.94402,5.94543,1.08,1.00
2014.03.17 16:25:54.256,5.94402,5.94539,1.08,1.00
2014.03.17 16:25:55.025,5.94402,5.94544,1.08,1.00
2014.03.17 16:25:55.328,5.94417,5.94544,1.18,1.00
2014.03.17 16:25:55.499,5.94417,5.94548,1.18,1.00
2014.03.17 16:25:58.419,5.94417,5.94547,1.18,1.00
2014.03.17 16:26:07.522,5.94417,5.94548,1.18,1.00
2014.03.17 16:26:07.630,5.94402,5.94548,1.00,1.00
2014.03.17 16:26:08.064,5.94402,5.9454,1.00,1.00
2014.03.17 16:26:08.367,5.94402,5.94527,1.00,1.00
2014.03.17 16:26:08.585,5.94381,5.94527,1.18,1.00
2014.03.17 16:26:09.185,5.94382,5.94514,1.08,1.00
2014.03.17 16:26:11.670,5.94382,5.94518,1.08,1.00
2014.03.17 16:26:12.379,5.94382,5.94522,1.08,1.00
2014.03.17 16:26:12.659,5.94382,5.94518,1.08,1.00
2014.03.17 16:26:14.489,5.94382,5.94518,1.00,1.00
2014.03.17 16:26:15.200,5.94382,5.94514,1.00,1.00
2014.03.17 16:26:27.851,5.94382,5.94509,1.00,1.00
2014.03.17 16:26:28.003,5.94362,5.94509,1.00,1.00
2014.03.17 16:26:28.104,5.94362,5.94483,1.00,1.00
2014.03.17 16:26:28.306,5.94331,5.94483,1.70,1.00
2014.03.17 16:26:28.417,5.94331,5.94476,1.70,1.00
2014.03.17 16:26:28.835,5.94342,5.94476,1.00,1.00
2014.03.17 16:26:32.488,5.94342,5.94475,1.00,1.00
2014.03.17 16:26:36.863,5.94344,5.94475,1.18,1.00
2014.03.17 16:26:36.914,5.94344,5.94487,1.18,1.00
2014.03.17 16:26:37.116,5.94344,5.94501,1.18,1.00
2014.03.17 16:26:37.167,5.94362,5.94501,1.18,1.00
2014.03.17 16:26:43.863,5.94362,5.945,1.65,1.00
2014.03.17 16:26:44.720,5.94362,5.94499,1.65,1.00
2014.03.17 16:26:45.295,5.94367,5.94517,1.08,1.00
2014.03.17 16:26:45.616,5.94378,5.94516,1.00,1.00
2014.03.17 16:26:48.463,5.94378,5.94514,1.00,1.00
2014.03.17 16:26:51.429,5.94399,5.94514,1.18,1.00
2014.03.17 16:26:54.357,5.94378,5.94513,1.65,1.18
2014.03.17 16:26:54.408,5.94378,5.9449,1.00,1.00
2014.03.17 16:26:54.712,5.94378,5.94479,1.00,1.00
2014.03.17 16:26:54.763,5.94369,5.94479,1.18,1.00
2014.03.17 16:26:55.303,5.94369,5.94475,1.18,1.00
2014.03.17 16:26:56.068,5.94369,5.94476,1.18,1.00
2014.03.17 16:26:57.009,5.94369,5.94475,1.18,1.00
2014.03.17 16:26:57.701,5.94369,5.94467,1.18,1.00
2014.03.17 16:26:57.806,5.9435,5.94467,1.18,1.00
2014.03.17 16:26:58.701,5.9435,5.94466,1.18,1.00
2014.03.17 16:27:02.962,5.9435,5.94453,1.18,1.00
2014.03.17 16:27:03.013,5.94345,5.94453,1.00,1.00
2014.03.17 16:27:03.222,5.94329,5.94446,1.18,1.00
2014.03.17 16:27:03.957,5.94329,5.94442,1.18,1.00
2014.03.17 16:27:04.061,5.94329,5.94455,1.18,1.00
2014.03.17 16:27:04.277,5.94331,5.94455,1.25,1.00
2014.03.17 16:27:04.621,5.94351,5.94455,1.18,1.00
2014.03.17 16:27:04.723,5.94351,5.94458,1.18,1.00
2014.03.17 16:27:07.178,5.94332,5.94458,1.18,1.00
2014.03.17 16:27:07.582,5.94332,5.94445,1.18,1.00
2014.03.17 16:27:08.066,5.94332,5.94442,1.18,1.00
2014.03.17 16:27:08.635,5.94332,5.94441,1.18,1.00
2014.03.17 16:27:12.413,5.94311,5.94441,1.00,1.00
2014.03.17 16:27:17.441,5.94311,5.94442,1.08,1.00
2014.03.17 16:27:17.543,5.94311,5.94446,1.08,1.00
2014.03.17 16:27:17.745,5.94311,5.94463,1.08,1.00
2014.03.17 16:27:17.796,5.94322,5.94463,1.00,1.00
2014.03.17 16:27:18.099,5.94333,5.94473,1.18,1.00
2014.03.17 16:27:21.362,5.94333,5.94476,1.18,1.00
2014.03.17 16:27:23.712,5.94363,5.94476,1.00,1.00
2014.03.17 16:27:23.813,5.94363,5.94485,1.00,1.00
2014.03.17 16:27:23.864,5.94374,5.94485,1.18,1.00
2014.03.17 16:27:24.016,5.94374,5.94519,1.18,1.00
2014.03.17 16:27:24.218,5.94374,5.94514,1.18,1.00
2014.03.17 16:27:24.927,5.94374,5.94519,1.18,1.00
2014.03.17 16:27:26.787,5.94367,5.94502,1.00,1.00
2014.03.17 16:27:27.090,5.94367,5.94506,1.65,1.00
2014.03.17 16:27:27.187,5.94367,5.94515,1.65,1.00
2014.03.17 16:27:27.850,5.94367,5.94511,1.65,1.00
2014.03.17 16:27:32.169,5.94367,5.9452,1.65,1.00
2014.03.17 16:27:32.371,5.94367,5.94497,1.65,1.00
2014.03.17 16:27:32.672,5.94367,5.9452,1.65,1.00
2014.03.17 16:27:32.957,5.94367,5.94523,1.65,1.00
2014.03.17 16:27:34.177,5.94367,5.94524,1.65,1.00
2014.03.17 16:27:36.036,5.94367,5.94503,1.00,1.00
2014.03.17 16:27:36.339,5.94367,5.94498,1.00,1.00
2014.03.17 16:27:36.541,5.94367,5.94502,1.00,1.00
2014.03.17 16:27:37.198,5.94367,5.94503,1.00,1.00
2014.03.17 16:27:37.784,5.94367,5.94498,1.00,1.00
2014.03.17 16:27:38.628,5.94367,5.94508,1.00,1.00
2014.03.17 16:27:42.286,5.94367,5.94515,1.10,1.00
2014.03.17 16:27:42.388,5.94382,5.94515,1.18,1.00
2014.03.17 16:27:42.490,5.94382,5.9452,1.18,1.00
2014.03.17 16:27:42.742,5.94382,5.94498,1.18,1.00
2014.03.17 16:27:42.844,5.94367,5.94498,1.00,1.00
2014.03.17 16:27:43.074,5.94367,5.94506,1.00,1.00
2014.03.17 16:27:43.377,5.94368,5.94506,1.18,1.00
2014.03.17 16:27:44.045,5.94368,5.94516,1.18,1.00
2014.03.17 16:27:45.146,5.94368,5.94503,1.18,1.00
2014.03.17 16:27:45.450,5.94368,5.94494,1.18,1.00
2014.03.17 16:27:45.787,5.94368,5.9449,1.18,1.00
2014.03.17 16:27:45.838,5.94367,5.9449,1.00,1.00
2014.03.17 16:27:45.939,5.94349,5.94495,1.18,1.00
2014.03.17 16:27:46.429,5.94349,5.94503,1.18,1.00
2014.03.17 16:27:47.110,5.94349,5.94498,1.18,1.00
2014.03.17 16:27:47.880,5.94349,5.94491,1.18,1.00
2014.03.17 16:27:48.883,5.94349,5.94485,1.18,1.00
2014.03.17 16:27:54.142,5.94346,5.94485,1.00,1.00
2014.03.17 16:27:58.089,5.94346,5.94481,1.00,1.00
2014.03.17 16:28:11.751,5.94346,5.94486,1.00,1.00
2014.03.17 16:28:12.477,5.94346,5.94482,1.00,1.00
2014.03.17 16:28:25.018,5.94346,5.94486,1.00,1.00
2014.03.17 16:28:25.236,5.94346,5.94482,1.00,1.00
2014.03.17 16:28:25.715,5.94346,5.94485,1.00,1.00
2014.03.17 16:28:25.816,5.94356,5.94485,1.18,1.00
2014.03.17 16:28:25.918,5.94356,5.94499,1.18,1.00
2014.03.17 16:28:26.275,5.94356,5.94508,1.18,1.00
2014.03.17 16:28:32.826,5.94356,5.94506,1.18,1.00
2014.03.17 16:28:36.051,5.94356,5.94515,1.18,1.00
2014.03.17 16:28:41.332,5.94367,5.94515,1.00,1.00
2014.03.17 16:28:41.704,5.94372,5.94515,1.00,1.00
2014.03.17 16:28:42.030,5.94379,5.94519,1.18,1.00
2014.03.17 16:28:42.875,5.94379,5.94523,1.18,1.00
2014.03.17 16:28:46.773,5.94385,5.9454,1.10,1.00
2014.03.17 16:28:46.975,5.94397,5.94541,1.18,1.00
2014.03.17 16:28:49.383,5.94398,5.94534,1.08,1.00
2014.03.17 16:28:49.967,5.94398,5.94535,1.08,1.00
2014.03.17 16:28:52.151,5.94398,5.94535,1.00,1.00
2014.03.17 16:28:52.207,5.94398,5.94531,1.00,1.00
2014.03.17 16:28:53.572,5.94398,5.94529,1.00,1.00
2014.03.17 16:28:53.917,5.94398,5.94519,1.00,1.00
2014.03.17 16:28:54.026,5.94381,5.94519,1.18,1.00
2014.03.17 16:28:55.136,5.94381,5.94523,1.18,1.00
2014.03.17 16:28:57.307,5.94381,5.94519,1.18,1.00
2014.03.17 16:29:01.939,5.94381,5.94518,1.18,1.00
2014.03.17 16:29:04.900,5.94378,5.94514,1.00,1.00
2014.03.17 16:29:07.961,5.9436,5.94497,1.65,1.00
2014.03.17 16:29:08.144,5.9436,5.94497,1.00,1.00
2014.03.17 16:29:08.203,5.9436,5.9448,1.00,1.00
2014.03.17 16:29:08.612,5.9434,5.9448,1.18,1.00
2014.03.17 16:29:15.856,5.94363,5.9448,1.18,1.00
2014.03.17 16:29:15.908,5.94363,5.94484,1.18,1.00
2014.03.17 16:29:16.110,5.94363,5.94514,1.18,1.00
2014.03.17 16:29:16.211,5.94374,5.94514,1.00,1.00
2014.03.17 16:29:16.465,5.94383,5.94531,1.18,1.00
2014.03.17 16:29:16.667,5.94383,5.94522,1.18,1.00
2014.03.17 16:29:19.986,5.94383,5.9452,1.18,1.00
2014.03.17 16:29:22.338,5.94383,5.94514,1.18,1.00
2014.03.17 16:29:22.432,5.94372,5.94514,1.00,1.00
2014.03.17 16:29:23.443,5.94372,5.94507,1.00,1.00
2014.03.17 16:29:26.146,5.94372,5.94511,1.00,1.00
2014.03.17 16:29:26.505,5.94372,5.94506,1.00,1.00
2014.03.17 16:29:27.158,5.94372,5.9451,1.00,1.00
2014.03.17 16:29:28.274,5.94372,5.94509,1.00,1.00
2014.03.17 16:29:30.997,5.94372,5.94504,1.00,1.00
2014.03.17 16:29:32.135,5.94383,5.94504,1.18,1.00
2014.03.17 16:29:32.540,5.94383,5.94514,1.18,1.00
2014.03.17 16:29:32.654,5.94383,5.94522,1.18,1.00
2014.03.17 16:29:32.856,5.94392,5.94535,1.00,1.00
2014.03.17 16:29:33.108,5.94406,5.94544,1.18,1.00
2014.03.17 16:29:33.411,5.94408,5.94556,1.58,1.00
2014.03.17 16:29:33.664,5.94408,5.94561,1.58,1.00
2014.03.17 16:29:33.765,5.94428,5.94561,1.08,1.00
2014.03.17 16:29:33.934,5.9445,5.94604,1.18,1.00
2014.03.17 16:29:33.986,5.94482,5.94604,1.00,1.00
2014.03.17 16:29:34.189,5.94517,5.94673,1.50,1.18
2014.03.17 16:29:34.290,5.94525,5.94673,1.00,1.18
2014.03.17 16:29:34.341,5.94525,5.94677,1.00,1.00
2014.03.17 16:29:34.392,5.94544,5.94677,1.00,1.00
2014.03.17 16:29:34.615,5.94544,5.9469,1.00,1.00
2014.03.17 16:29:34.667,5.94548,5.9469,1.18,1.00
2014.03.17 16:29:34.970,5.94548,5.94686,1.18,1.00
2014.03.17 16:29:35.534,5.94548,5.94672,1.18,1.00
2014.03.17 16:29:35.879,5.94548,5.94677,1.18,1.00
2014.03.17 16:29:36.064,5.94548,5.94682,1.18,1.00
2014.03.17 16:29:36.316,5.94548,5.94678,1.18,1.00
2014.03.17 16:29:36.644,5.94548,5.94682,1.18,1.00
2014.03.17 16:29:36.847,5.94533,5.94678,1.10,1.00
2014.03.17 16:29:37.043,5.94533,5.94682,1.10,1.00
2014.03.17 16:29:38.421,5.94533,5.94672,1.10,1.00
2014.03.17 16:29:38.730,5.94533,5.94677,1.10,1.00
2014.03.17 16:29:38.932,5.94533,5.94681,1.10,1.00
2014.03.17 16:29:40.158,5.94533,5.94678,1.10,1.00
2014.03.17 16:29:40.462,5.94533,5.94669,1.10,1.00
2014.03.17 16:29:41.062,5.94533,5.94668,1.10,1.00
2014.03.17 16:29:41.704,5.94527,5.94658,1.18,1.00
2014.03.17 16:29:41.858,5.94514,5.94658,1.00,1.00
2014.03.17 16:29:42.317,5.94514,5.94672,1.00,1.00
2014.03.17 16:29:42.779,5.94524,5.94672,1.00,1.00
2014.03.17 16:29:43.141,5.94525,5.94672,1.18,1.00
2014.03.17 16:29:45.224,5.94525,5.94668,1.18,1.00
2014.03.17 16:29:45.552,5.94525,5.94676,1.18,1.00
2014.03.17 16:29:45.603,5.94514,5.94676,1.00,1.00
2014.03.17 16:29:46.008,5.94514,5.9465,1.00,1.00
2014.03.17 16:29:46.351,5.94514,5.94647,1.00,1.00
2014.03.17 16:29:46.652,5.94514,5.94642,1.00,1.00
2014.03.17 16:29:46.907,5.94486,5.94633,1.18,1.00
2014.03.17 16:29:47.009,5.94487,5.9462,1.08,1.00
2014.03.17 16:29:47.263,5.94488,5.94633,1.08,1.00
2014.03.17 16:29:47.570,5.94486,5.94629,1.18,1.00
2014.03.17 16:29:47.874,5.94486,5.9462,1.18,1.00
2014.03.17 16:29:48.192,5.94478,5.94612,1.00,1.00
2014.03.17 16:29:48.257,5.94467,5.94612,1.18,1.00
2014.03.17 16:29:48.460,5.94475,5.94617,1.00,1.00
2014.03.17 16:29:48.662,5.94478,5.94629,1.00,1.00
2014.03.17 16:29:48.713,5.94486,5.94629,1.18,1.00
2014.03.17 16:29:49.208,5.94489,5.94625,1.08,1.00
2014.03.17 16:29:49.309,5.94489,5.94637,1.08,1.00
2014.03.17 16:29:50.296,5.94489,5.94633,1.08,1.00
2014.03.17 16:29:50.956,5.94489,5.94638,1.08,1.00
2014.03.17 16:29:51.285,5.94486,5.94634,1.18,1.00
2014.03.17 16:29:52.203,5.94486,5.9462,1.18,1.00
2014.03.17 16:29:52.355,5.94471,5.9462,1.15,1.00
2014.03.17 16:29:52.507,5.94471,5.94604,1.08,1.00
2014.03.17 16:29:52.935,5.94466,5.94601,1.18,1.00
2014.03.17 16:29:53.156,5.94466,5.94603,1.18,1.00
2014.03.17 16:29:53.407,5.94466,5.94605,1.18,1.00
2014.03.17 16:29:54.048,5.94467,5.94612,1.58,1.00
2014.03.17 16:29:54.100,5.94485,5.94612,1.18,1.00
2014.03.17 16:29:54.150,5.94485,5.94629,1.18,1.00
2014.03.17 16:29:54.605,5.94487,5.94639,1.08,1.00
2014.03.17 16:29:57.496,5.94496,5.94639,1.00,1.00
2014.03.17 16:29:58.694,5.94529,5.94639,1.00,1.00
2014.03.17 16:29:58.795,5.94517,5.94666,1.18,1.00
2014.03.17 16:29:59.300,5.94517,5.94667,1.18,1.00
2014.03.17 16:29:59.351,5.94517,5.94673,1.18,1.00
2014.03.17 16:29:59.581,5.94517,5.94664,1.18,1.00
2014.03.17 16:30:00.285,5.94517,5.94664,1.00,1.00
2014.03.17 16:30:00.336,5.94517,5.94667,1.00,1.00
2014.03.17 16:30:00.387,5.94517,5.94667,1.08,1.00
2014.03.17 16:30:00.700,5.94516,5.9466,1.08,1.00
2014.03.17 16:30:01.296,5.94515,5.94663,1.08,1.00
2014.03.17 16:30:02.946,5.94515,5.94664,1.08,1.00
2014.03.17 16:30:03.496,5.94515,5.94663,1.08,1.00
2014.03.17 16:30:06.506,5.94514,5.94673,1.18,1.00
2014.03.17 16:30:06.557,5.94523,5.94673,1.00,1.00
2014.03.17 16:30:06.796,5.94523,5.94686,1.00,1.00
2014.03.17 16:30:07.289,5.94527,5.94686,1.00,1.00
2014.03.17 16:30:08.279,5.94518,5.94686,1.58,1.00
2014.03.17 16:30:08.430,5.94535,5.94686,1.00,1.00
2014.03.17 16:30:08.934,5.94535,5.9468,1.00,1.00
2014.03.17 16:30:09.245,5.94536,5.9468,1.18,1.00
2014.03.17 16:30:12.008,5.94536,5.94694,1.18,1.00
2014.03.17 16:30:12.556,5.94536,5.94701,1.18,1.00
2014.03.17 16:30:12.905,5.94536,5.94682,1.18,1.00
2014.03.17 16:30:17.530,5.94536,5.94652,1.18,1.00
2014.03.17 16:30:17.631,5.94526,5.94652,1.00,1.00
2014.03.17 16:30:17.733,5.94526,5.9466,1.00,1.00
2014.03.17 16:30:18.098,5.94526,5.94668,1.00,1.00
2014.03.17 16:30:18.149,5.9453,5.94668,1.18,1.00
2014.03.17 16:30:20.048,5.94543,5.94668,1.00,1.00
2014.03.17 16:30:20.638,5.94543,5.94676,1.00,1.00
2014.03.17 16:30:21.556,5.94543,5.94677,1.00,1.00
2014.03.17 16:30:22.354,5.94543,5.94678,1.00,1.00
2014.03.17 16:30:23.117,5.94543,5.94677,1.00,1.00
2014.03.17 16:30:24.252,5.94543,5.94682,1.00,1.00
2014.03.17 16:30:24.303,5.9453,5.94682,1.18,1.00
2014.03.17 16:30:24.711,5.94547,5.94682,1.18,1.00
2014.03.17 16:30:28.953,5.94547,5.94678,1.18,1.00
2014.03.17 16:30:30.305,5.94544,5.94677,1.00,1.00
2014.03.17 16:30:31.189,5.94544,5.94683,1.00,1.00
2014.03.17 16:30:32.466,5.94544,5.94673,1.00,1.00
2014.03.17 16:30:33.346,5.94544,5.94674,1.00,1.00
2014.03.17 16:30:33.824,5.94544,5.94682,1.00,1.00
2014.03.17 16:30:34.269,5.94544,5.94674,1.00,1.00
2014.03.17 16:30:34.582,5.94544,5.94682,1.00,1.00
2014.03.17 16:30:35.681,5.94544,5.94674,1.00,1.00
2014.03.17 16:30:37.559,5.94544,5.94665,1.00,1.00
2014.03.17 16:30:37.863,5.94544,5.94652,1.00,1.00
2014.03.17 16:30:37.914,5.94509,5.94652,1.18,1.00
2014.03.17 16:30:38.015,5.94517,5.94652,1.00,1.00
2014.03.17 16:30:38.337,5.94517,5.94656,1.00,1.00
2014.03.17 16:30:40.099,5.94517,5.94627,1.00,1.00
2014.03.17 16:30:40.301,5.94517,5.94657,1.00,1.00
2014.03.17 16:30:46.145,5.94517,5.94654,1.00,1.00
2014.03.17 16:30:46.448,5.94517,5.94656,1.00,1.00
2014.03.17 16:30:46.582,5.94528,5.94656,1.18,1.00
2014.03.17 16:30:53.095,5.94528,5.94662,1.18,1.00
2014.03.17 16:30:53.247,5.94544,5.94662,1.18,1.00
2014.03.17 16:30:53.298,5.94544,5.9467,1.18,1.00
2014.03.17 16:30:53.500,5.94544,5.94683,1.18,1.00
2014.03.17 16:30:57.490,5.94545,5.94688,1.08,1.00
2014.03.17 16:30:57.784,5.94545,5.94683,1.08,1.00
2014.03.17 16:30:58.669,5.94545,5.94691,1.08,1.00
2014.03.17 16:30:59.147,5.94563,5.94691,1.18,1.00
2014.03.17 16:31:00.225,5.94563,5.94698,1.18,1.00
2014.03.17 16:31:00.812,5.94571,5.94694,1.00,1.00
2014.03.17 16:31:01.186,5.94571,5.94692,1.00,1.00
2014.03.17 16:31:01.516,5.94571,5.94689,1.00,1.00
2014.03.17 16:31:03.386,5.94571,5.94692,1.00,1.00
2014.03.17 16:31:09.437,5.94571,5.94689,1.00,1.00
2014.03.17 16:31:13.409,5.94591,5.94692,1.18,1.00
2014.03.17 16:31:13.712,5.9461,5.94692,1.18,1.00
2014.03.17 16:31:13.763,5.9461,5.94731,1.18,1.00
2014.03.17 16:31:13.836,5.9461,5.94735,1.18,1.00
2014.03.17 16:31:20.556,5.9461,5.94731,1.18,1.00
2014.03.17 16:31:20.875,5.9461,5.94744,1.18,1.00
2014.03.17 16:31:21.232,5.9461,5.94735,1.18,1.00
2014.03.17 16:31:22.767,5.9461,5.94727,1.18,1.00
2014.03.17 16:31:22.818,5.94605,5.94727,1.00,1.00
2014.03.17 16:31:23.204,5.94578,5.94727,1.50,1.00
2014.03.17 16:31:23.364,5.94578,5.94715,1.00,1.00
2014.03.17 16:31:23.566,5.94578,5.94719,1.00,1.00
2014.03.17 16:31:23.718,5.9459,5.94719,1.18,1.00
2014.03.17 16:31:23.819,5.94578,5.94714,1.00,1.00
2014.03.17 16:31:24.122,5.94578,5.94702,1.00,1.00
2014.03.17 16:31:24.783,5.94578,5.94701,1.00,1.00
2014.03.17 16:31:26.869,5.94578,5.94697,1.00,1.00
2014.03.17 16:31:27.082,5.94561,5.94697,1.00,1.00
2014.03.17 16:31:27.194,5.94561,5.94672,1.00,1.00
2014.03.17 16:31:27.385,5.94548,5.94672,1.18,1.00
2014.03.17 16:31:38.295,5.94548,5.94667,1.18,1.00
2014.03.17 16:31:40.677,5.94547,5.94667,1.00,1.00
2014.03.17 16:31:40.728,5.94547,5.94654,1.00,1.00
2014.03.17 16:31:40.829,5.94519,5.94654,1.00,1.00
2014.03.17 16:31:40.981,5.94519,5.94625,1.00,1.00
2014.03.17 16:31:41.032,5.9449,5.94625,1.18,1.00
2014.03.17 16:31:41.184,5.94508,5.94633,1.50,1.00
2014.03.17 16:31:41.529,5.94513,5.94655,1.08,1.00
2014.03.17 16:31:41.630,5.94513,5.94659,1.08,1.00
2014.03.17 16:31:41.681,5.94529,5.94659,1.18,1.00
2014.03.17 16:31:42.255,5.94529,5.94662,1.18,1.00
2014.03.17 16:31:42.689,5.94541,5.94662,1.00,1.00
2014.03.17 16:31:42.804,5.94541,5.94664,1.00,1.00
2014.03.17 16:31:51.176,5.94541,5.94672,1.00,1.00
2014.03.17 16:32:00.306,5.94541,5.94671,1.00,1.00
2014.03.17 16:32:02.131,5.94542,5.94671,1.18,1.00
2014.03.17 16:32:17.625,5.94542,5.94667,1.18,1.00
2014.03.17 16:32:22.866,5.94541,5.94667,1.08,1.00
2014.03.17 16:32:36.955,5.94541,5.94667,1.00,1.00
2014.03.17 16:32:37.005,5.94541,5.94659,1.00,1.00
2014.03.17 16:32:37.342,5.94522,5.94634,1.00,1.00
2014.03.17 16:32:37.561,5.945,5.94629,1.18,1.00
2014.03.17 16:32:37.890,5.94508,5.9463,1.00,1.00
2014.03.17 16:32:38.712,5.94508,5.94629,1.00,1.00
2014.03.17 16:32:44.251,5.94508,5.94632,1.00,1.00
2014.03.17 16:32:48.089,5.94508,5.94629,1.00,1.00
2014.03.17 16:32:50.841,5.94508,5.94624,1.00,1.00
2014.03.17 16:32:57.324,5.94508,5.94617,1.00,1.00
2014.03.17 16:32:57.624,5.94488,5.94611,1.00,1.00
2014.03.17 16:32:57.744,5.94488,5.94608,1.00,1.00
2014.03.17 16:33:00.493,5.94488,5.94611,1.00,1.00
2014.03.17 16:33:06.681,5.94488,5.94616,1.00,1.00
2014.03.17 16:33:09.325,5.94488,5.94612,1.00,1.00
2014.03.17 16:33:11.194,5.94488,5.94612,1.08,1.00
2014.03.17 16:33:14.217,5.94488,5.94616,1.08,1.00
2014.03.17 16:33:18.487,5.94488,5.94611,1.08,1.00
2014.03.17 16:33:18.792,5.94488,5.94616,1.08,1.00
2014.03.17 16:33:26.744,5.94488,5.94605,1.08,1.00
2014.03.17 16:33:26.932,5.94488,5.94616,1.08,1.00
2014.03.17 16:33:31.128,5.94488,5.94616,1.65,1.00
2014.03.17 16:33:33.713,5.94488,5.94613,1.65,1.00
2014.03.17 16:33:37.294,5.94488,5.94609,1.65,1.00
2014.03.17 16:33:37.724,5.94488,5.94612,1.65,1.00
2014.03.17 16:33:39.183,5.94488,5.94615,1.65,1.00
2014.03.17 16:33:42.991,5.94488,5.9462,1.65,1.00
2014.03.17 16:33:43.326,5.94488,5.94615,1.65,1.00
2014.03.17 16:33:45.389,5.94488,5.94615,1.00,1.00
2014.03.17 16:33:49.483,5.94488,5.9462,1.00,1.00
2014.03.17 16:33:51.941,5.94488,5.94616,1.00,1.00
2014.03.17 16:33:58.093,5.94467,5.94616,1.50,1.00
2014.03.17 16:33:58.302,5.94467,5.94612,1.50,1.00
2014.03.17 16:34:01.143,5.94467,5.94611,1.50,1.00
2014.03.17 16:34:11.623,5.94477,5.94611,1.00,1.00
2014.03.17 16:34:12.715,5.94477,5.9461,1.00,1.00
2014.03.17 16:34:13.680,5.94477,5.94611,1.00,1.00
2014.03.17 16:34:23.483,5.94477,5.94607,1.00,1.00
2014.03.17 16:34:23.534,5.94467,5.94607,1.00,1.00
2014.03.17 16:34:23.736,5.94467,5.946,1.00,1.00
2014.03.17 16:34:24.772,5.94478,5.94606,1.00,1.00
2014.03.17 16:34:24.924,5.94478,5.94611,1.00,1.00
2014.03.17 16:34:26.713,5.94467,5.94611,1.00,1.00
2014.03.17 16:34:26.915,5.94467,5.94606,1.00,1.00
2014.03.17 16:34:27.934,5.94457,5.94606,1.00,1.00
2014.03.17 16:34:27.985,5.94457,5.94595,1.00,1.00
2014.03.17 16:34:30.558,5.94448,5.94593,2.25,1.00
2014.03.17 16:34:31.062,5.94448,5.94597,2.25,1.00
2014.03.17 16:34:31.113,5.94457,5.94597,1.00,1.00
2014.03.17 16:34:31.394,5.94457,5.94606,2.25,1.00
2014.03.17 16:34:31.679,5.94467,5.94606,1.00,1.00
2014.03.17 16:34:40.942,5.94477,5.94606,1.50,1.00
2014.03.17 16:34:48.581,5.94478,5.94606,1.00,1.00
2014.03.17 16:34:48.937,5.94478,5.94603,1.00,1.00
2014.03.17 16:34:49.682,5.94468,5.94603,2.25,1.00
2014.03.17 16:34:50.311,5.94468,5.94604,2.25,1.00
2014.03.17 16:34:50.732,5.94477,5.94604,1.50,1.00
2014.03.17 16:34:50.971,5.94468,5.94604,1.00,1.00
2014.03.17 16:34:51.072,5.94468,5.946,1.00,1.00
2014.03.17 16:34:51.413,5.94478,5.946,1.50,1.00
2014.03.17 16:34:51.514,5.94478,5.94604,1.50,1.00
2014.03.17 16:34:52.039,5.94477,5.94604,1.00,1.00
2014.03.17 16:34:54.340,5.94477,5.94607,2.25,1.00
2014.03.17 16:34:54.852,5.94468,5.94607,1.50,1.00
2014.03.17 16:34:55.489,5.94468,5.94598,1.50,1.00
2014.03.17 16:34:58.191,5.94468,5.94602,1.50,1.00
2014.03.17 16:34:58.670,5.94468,5.94598,1.50,1.00
2014.03.17 16:34:58.877,5.94468,5.94602,1.50,1.00
2014.03.17 16:34:59.430,5.94468,5.94599,1.50,1.00
2014.03.17 16:35:03.934,5.94467,5.94599,1.00,1.00
2014.03.17 16:35:04.425,5.94458,5.94599,1.00,1.00
2014.03.17 16:35:04.576,5.94458,5.94594,1.00,1.00
2014.03.17 16:35:05.242,5.94468,5.94598,1.00,1.00
2014.03.17 16:35:05.615,5.94477,5.94607,1.50,1.00
2014.03.17 16:35:05.783,5.94477,5.94612,1.50,1.00
2014.03.17 16:35:06.002,5.94478,5.94615,1.00,1.00
2014.03.17 16:35:06.785,5.94478,5.9462,1.00,1.00
2014.03.17 16:35:08.754,5.94478,5.94623,1.00,1.00
2014.03.17 16:35:10.733,5.94478,5.9462,1.00,1.00
2014.03.17 16:35:11.833,5.94478,5.94623,1.00,1.00
2014.03.17 16:35:14.652,5.94467,5.94623,2.25,1.00
2014.03.17 16:35:14.808,5.94467,5.94611,2.25,1.00
2014.03.17 16:35:15.132,5.94478,5.94611,1.00,1.00
2014.03.17 16:35:15.465,5.94478,5.94614,1.00,1.00
2014.03.17 16:35:28.095,5.94448,5.94614,1.00,1.00
2014.03.17 16:35:28.146,5.94448,5.94611,1.00,1.00
2014.03.17 16:35:28.449,5.94468,5.94597,1.00,1.00
2014.03.17 16:35:29.101,5.94468,5.9459,1.00,1.00
2014.03.17 16:35:30.434,5.94468,5.94586,1.00,1.00
2014.03.17 16:35:42.871,5.94468,5.94584,1.00,1.00
2014.03.17 16:35:51.934,5.94468,5.94585,1.00,1.00
2014.03.17 16:35:53.651,5.94468,5.94582,1.00,1.00
2014.03.17 16:35:56.425,5.94468,5.94585,1.00,1.00
2014.03.17 16:36:03.382,5.94468,5.94586,1.00,1.00
2014.03.17 16:36:16.242,5.94468,5.94577,1.00,1.00
2014.03.17 16:36:16.293,5.94441,5.94577,1.00,1.00
2014.03.17 16:36:16.445,5.94441,5.94559,1.00,1.00
2014.03.17 16:36:16.496,5.94428,5.94559,1.00,1.00
2014.03.17 16:36:16.597,5.9443,5.94559,1.00,1.00
2014.03.17 16:36:16.939,5.94428,5.94547,1.00,1.00
2014.03.17 16:36:23.263,5.94428,5.94546,1.00,1.00
2014.03.17 16:36:34.293,5.94418,5.94546,1.00,1.00
2014.03.17 16:36:35.251,5.94418,5.94543,1.00,1.00
2014.03.17 16:36:43.296,5.94418,5.94538,1.00,1.00
2014.03.17 16:36:43.599,5.94418,5.94526,1.00,1.00
2014.03.17 16:36:43.650,5.944,5.94526,1.00,1.00
2014.03.17 16:36:43.751,5.944,5.94508,1.00,1.00
2014.03.17 16:36:43.853,5.94397,5.94508,1.00,1.00
2014.03.17 16:36:44.055,5.94397,5.94496,1.00,1.00
2014.03.17 16:36:44.106,5.94378,5.94496,1.00,1.00
2014.03.17 16:36:47.423,5.94388,5.94496,1.00,1.00
2014.03.17 16:36:50.937,5.94417,5.94496,1.00,1.00
2014.03.17 16:36:51.240,5.94438,5.94529,1.00,1.00
2014.03.17 16:36:51.392,5.94448,5.94529,1.00,1.00
2014.03.17 16:36:51.443,5.94448,5.94543,1.00,1.00
2014.03.17 16:36:51.645,5.94448,5.9456,1.00,1.00
2014.03.17 16:36:51.696,5.94438,5.9456,1.00,1.00
2014.03.17 16:36:51.862,5.94438,5.94551,1.00,1.00
2014.03.17 16:36:52.167,5.94438,5.94546,1.00,1.00
2014.03.17 16:36:58.683,5.94438,5.94551,1.00,1.00
2014.03.17 16:36:58.936,5.94438,5.94554,1.00,1.00
2014.03.17 16:36:58.987,5.94467,5.94554,1.00,1.00
2014.03.17 16:36:59.240,5.94467,5.94572,1.00,1.00
2014.03.17 16:36:59.672,5.94467,5.9458,1.00,1.00
2014.03.17 16:37:02.461,5.94477,5.9458,1.00,1.00
2014.03.17 16:37:04.002,5.94468,5.9458,1.00,1.00
2014.03.17 16:37:06.490,5.94468,5.94576,1.00,1.00
2014.03.17 16:37:10.120,5.94468,5.9458,1.00,1.00
2014.03.17 16:37:23.429,5.94468,5.94578,1.00,1.00
2014.03.17 16:37:24.153,5.94474,5.94578,1.18,1.00
2014.03.17 16:37:42.889,5.94474,5.94572,1.18,1.00
2014.03.17 16:37:43.550,5.94477,5.94572,1.18,1.00
2014.03.17 16:37:44.670,5.94477,5.94568,1.18,1.00
2014.03.17 16:37:49.185,5.94456,5.94564,1.65,1.00
2014.03.17 16:37:49.286,5.94456,5.94551,1.65,1.00
2014.03.17 16:37:49.600,5.94456,5.94539,1.18,1.00
2014.03.17 16:37:50.093,5.94437,5.94539,1.18,1.00
2014.03.17 16:37:53.823,5.94438,5.94538,1.08,1.00
2014.03.17 16:37:54.000,5.94438,5.94546,1.08,1.00
2014.03.17 16:37:54.051,5.9446,5.94546,1.18,1.00
2014.03.17 16:37:54.354,5.9446,5.94564,1.18,1.00
2014.03.17 16:37:54.871,5.9446,5.94563,1.18,1.00
2014.03.17 16:37:55.596,5.94467,5.94563,1.00,1.00
2014.03.17 16:37:55.649,5.94467,5.94577,1.00,1.00
2014.03.17 16:37:56.359,5.9446,5.94577,1.18,1.00
2014.03.17 16:37:57.348,5.94468,5.94577,1.00,1.00
2014.03.17 16:37:57.568,5.9446,5.94577,1.18,1.00
2014.03.17 16:37:59.278,5.9446,5.94567,1.18,1.00
2014.03.17 16:37:59.599,5.94468,5.94567,1.00,1.00
2014.03.17 16:37:59.649,5.94468,5.94577,1.00,1.00
2014.03.17 16:38:03.721,5.94468,5.94573,1.00,1.00
2014.03.17 16:38:03.873,5.9446,5.94573,1.18,1.00
2014.03.17 16:38:03.924,5.9446,5.94559,1.18,1.00
2014.03.17 16:38:04.377,5.9446,5.9455,1.18,1.00
2014.03.17 16:38:04.530,5.94448,5.9455,1.00,1.00
2014.03.17 16:38:05.490,5.94441,5.9455,1.18,1.00
2014.03.17 16:38:05.660,5.94441,5.94546,1.18,1.00
2014.03.17 16:38:07.690,5.94448,5.94546,1.00,1.00
2014.03.17 16:38:07.994,5.94463,5.9455,1.18,1.00
2014.03.17 16:38:08.328,5.94463,5.94546,1.18,1.00
2014.03.17 16:38:08.751,5.94463,5.94542,1.18,1.00
2014.03.17 16:38:08.802,5.94443,5.94542,1.80,1.00
2014.03.17 16:38:09.003,5.94437,5.9453,1.00,1.00
2014.03.17 16:38:09.307,5.94437,5.94509,1.00,1.00
2014.03.17 16:38:09.408,5.94405,5.9449,1.18,1.00
2014.03.17 16:38:10.032,5.94405,5.94491,1.18,1.00
2014.03.17 16:38:10.423,5.94405,5.94496,1.18,1.00
2014.03.17 16:38:15.452,5.94405,5.94499,1.18,1.00
2014.03.17 16:38:16.502,5.94405,5.94513,1.25,1.00
2014.03.17 16:38:16.552,5.94423,5.94513,1.18,1.00
2014.03.17 16:38:16.704,5.94423,5.94521,1.18,1.00
2014.03.17 16:38:16.921,5.94423,5.94519,1.18,1.00
2014.03.17 16:38:18.029,5.94423,5.94525,1.18,1.00
2014.03.17 16:38:18.788,5.94423,5.94529,1.18,1.00
2014.03.17 16:38:19.016,5.94423,5.94519,1.18,1.00
2014.03.17 16:38:20.115,5.94423,5.94518,1.18,1.00
2014.03.17 16:38:20.469,5.94423,5.94522,1.18,1.00
2014.03.17 16:38:20.659,5.94423,5.94527,1.18,1.00
2014.03.17 16:38:24.731,5.94423,5.94523,1.18,1.00
2014.03.17 16:38:26.752,5.94423,5.94519,1.18,1.00
2014.03.17 16:38:28.647,5.94406,5.94519,1.18,1.00
2014.03.17 16:38:28.698,5.94406,5.9451,1.18,1.00
2014.03.17 16:38:30.282,5.944,5.9451,1.00,1.00
2014.03.17 16:38:30.383,5.944,5.94498,1.00,1.00
2014.03.17 16:38:30.434,5.94388,5.94498,1.18,1.00
2014.03.17 16:38:39.474,5.94388,5.94493,1.18,1.00
2014.03.17 16:38:41.921,5.94388,5.94489,1.18,1.00
2014.03.17 16:38:42.252,5.94388,5.94476,1.18,1.00
2014.03.17 16:38:42.403,5.94367,5.94476,1.18,1.00
2014.03.17 16:38:44.892,5.94367,5.94481,1.18,1.00
2014.03.17 16:38:47.500,5.94367,5.94475,1.18,1.00
2014.03.17 16:38:53.223,5.94367,5.9448,1.18,1.00
2014.03.17 16:38:58.755,5.94367,5.94484,1.18,1.00
2014.03.17 16:39:02.393,5.94374,5.94484,1.18,1.00
2014.03.17 16:39:04.916,5.94374,5.94482,1.18,1.00
2014.03.17 16:39:12.759,5.94392,5.94482,1.18,1.00
2014.03.17 16:39:15.998,5.94372,5.94482,1.25,1.00
2014.03.17 16:39:16.049,5.9437,5.94472,1.18,1.00
2014.03.17 16:39:16.287,5.9437,5.94481,1.18,1.00
2014.03.17 16:39:16.592,5.9437,5.94489,1.18,1.00
2014.03.17 16:39:17.236,5.94389,5.94489,1.18,1.00
2014.03.17 16:39:17.287,5.94389,5.94494,1.18,1.00
2014.03.17 16:39:22.198,5.94389,5.94493,1.18,1.00
2014.03.17 16:39:34.958,5.94389,5.94498,1.18,1.00
2014.03.17 16:39:37.397,5.94392,5.94498,1.18,1.00
2014.03.17 16:39:46.728,5.94392,5.94493,1.18,1.00
2014.03.17 16:39:47.058,5.94392,5.94488,1.18,1.00
2014.03.17 16:39:49.949,5.94374,5.94488,1.25,1.00
2014.03.17 16:39:50.052,5.94374,5.94476,1.25,1.00
2014.03.17 16:39:50.255,5.94353,5.94458,1.18,1.00
2014.03.17 16:39:50.492,5.94353,5.94451,1.18,1.00
2014.03.17 16:39:55.088,5.94353,5.94455,1.18,1.00
2014.03.17 16:39:56.226,5.94353,5.94452,1.18,1.00
2014.03.17 16:39:57.443,5.94353,5.94455,1.18,1.00
2014.03.17 16:40:01.488,5.94353,5.94464,1.25,1.00
2014.03.17 16:40:01.539,5.94372,5.94464,1.18,1.00
2014.03.17 16:40:01.691,5.94372,5.94482,1.18,1.00
2014.03.17 16:40:01.944,5.9439,5.94482,1.18,1.00
2014.03.17 16:40:02.067,5.9439,5.94486,1.18,1.00
2014.03.17 16:40:03.074,5.9439,5.94488,1.18,1.00
2014.03.17 16:40:11.286,5.9439,5.94489,1.18,1.00
2014.03.17 16:40:11.726,5.9439,5.94484,1.18,1.00
2014.03.17 16:40:12.056,5.9439,5.94488,1.18,1.00
2014.03.17 16:40:14.147,5.9439,5.94485,1.18,1.00
2014.03.17 16:40:22.021,5.944,5.94485,1.18,1.00
2014.03.17 16:40:22.196,5.944,5.94494,1.18,1.00
2014.03.17 16:40:22.553,5.944,5.94499,1.18,1.00
2014.03.17 16:40:27.571,5.944,5.94502,1.18,1.00
2014.03.17 16:40:27.622,5.94404,5.94502,1.25,1.00
2014.03.17 16:40:27.927,5.94445,5.94524,1.18,1.00
2014.03.17 16:40:28.028,5.94445,5.94528,1.18,1.00
2014.03.17 16:40:30.138,5.94445,5.94529,1.18,1.00
2014.03.17 16:40:32.200,5.94426,5.94523,1.18,1.00
2014.03.17 16:40:32.979,5.94426,5.94514,1.18,1.00
2014.03.17 16:40:33.218,5.94426,5.94516,1.18,1.00
2014.03.17 16:40:35.963,5.94426,5.94514,1.18,1.00
2014.03.17 16:40:36.125,5.9441,5.94514,1.25,1.00
2014.03.17 16:40:36.176,5.9441,5.94502,1.18,1.00
2014.03.17 16:40:42.856,5.9441,5.94499,1.18,1.00
2014.03.17 16:40:43.228,5.9441,5.94503,1.18,1.00
2014.03.17 16:40:44.299,5.9441,5.94512,1.18,1.00
2014.03.17 16:40:44.401,5.94429,5.94512,1.18,1.00
2014.03.17 16:40:44.553,5.94429,5.94524,1.18,1.00
2014.03.17 16:40:46.926,5.94429,5.94528,1.18,1.00
2014.03.17 16:40:49.369,5.94446,5.94529,1.18,1.00
2014.03.17 16:40:49.572,5.94446,5.94538,1.18,1.00
2014.03.17 16:40:49.804,5.94465,5.94538,1.18,1.00
2014.03.17 16:40:50.481,5.94465,5.94545,1.18,1.00
2014.03.17 16:40:50.797,5.94465,5.9456,1.18,1.00
2014.03.17 16:40:51.050,5.94465,5.94572,1.18,1.00
2014.03.17 16:40:51.897,5.94465,5.94566,1.18,1.00
2014.03.17 16:40:52.272,5.94465,5.94558,1.18,1.00
2014.03.17 16:40:52.718,5.94465,5.94553,1.18,1.00
2014.03.17 16:40:57.779,5.94465,5.94561,1.18,1.00
2014.03.17 16:41:00.281,5.94465,5.94559,1.18,1.00
2014.03.17 16:41:00.476,5.94465,5.94564,1.18,1.00
2014.03.17 16:41:02.020,5.94484,5.94564,1.18,1.00
2014.03.17 16:41:04.106,5.94484,5.94566,1.18,1.00
2014.03.17 16:41:04.879,5.94484,5.94562,1.18,1.00
2014.03.17 16:41:10.600,5.94484,5.94564,1.18,1.00
2014.03.17 16:41:10.852,5.94484,5.94613,1.18,1.00
2014.03.17 16:41:14.005,5.94484,5.94617,1.18,1.00
2014.03.17 16:41:16.896,5.94519,5.94626,1.00,1.18
2014.03.17 16:41:17.236,5.94577,5.94642,1.18,1.00
2014.03.17 16:41:17.818,5.94577,5.9469,1.18,1.00
2014.03.17 16:41:17.919,5.94607,5.94719,1.50,1.18
2014.03.17 16:41:18.121,5.94674,5.94787,1.18,1.00
2014.03.17 16:41:18.222,5.94692,5.94787,1.18,1.00
2014.03.17 16:41:18.323,5.94673,5.94804,1.18,1.08
2014.03.17 16:41:18.374,5.94665,5.94804,1.18,1.08
2014.03.17 16:41:18.627,5.94697,5.94807,1.00,1.18
2014.03.17 16:41:18.729,5.94697,5.94828,1.10,1.18
2014.03.17 16:41:18.881,5.94719,5.94828,1.18,1.18
2014.03.17 16:41:19.133,5.94719,5.94852,1.18,1.00
2014.03.17 16:41:19.648,5.94719,5.94844,1.18,1.00
2014.03.17 16:41:19.749,5.947,5.94844,1.80,1.65
2014.03.17 16:41:19.851,5.947,5.9483,1.18,1.00
2014.03.17 16:41:20.103,5.94702,5.94868,1.00,1.00
2014.03.17 16:41:20.825,5.9469,5.94856,1.00,1.00
2014.03.17 16:41:21.146,5.94703,5.94866,1.00,1.00
2014.03.17 16:41:22.058,5.94695,5.94858,1.00,1.00
2014.03.17 16:41:22.371,5.94688,5.94897,1.00,1.00
2014.03.17 16:41:22.828,5.94688,5.949,1.00,1.00
2014.03.17 16:41:26.355,5.9471,5.949,1.00,1.00
2014.03.17 16:41:26.659,5.94762,5.94906,1.18,1.18
2014.03.17 16:41:34.926,5.94779,5.94912,1.18,1.00
2014.03.17 16:41:35.228,5.94804,5.94923,1.18,1.00
2014.03.17 16:41:35.614,5.94804,5.94943,1.18,1.08
2014.03.17 16:41:40.773,5.94793,5.94929,1.10,1.18
2014.03.17 16:41:46.418,5.94768,5.94912,1.18,1.18
2014.03.17 16:41:50.103,5.94789,5.94932,1.18,1.08
2014.03.17 16:41:50.406,5.94742,5.94942,1.00,1.00
2014.03.17 16:41:50.609,5.94742,5.94934,1.00,1.00
2014.03.17 16:41:51.276,5.94742,5.94926,1.00,1.00
2014.03.17 16:41:51.377,5.94742,5.94933,1.00,1.00
2014.03.17 16:41:51.933,5.94744,5.94933,1.00,1.00
2014.03.17 16:41:52.556,5.94772,5.94933,1.00,1.00
2014.03.17 16:41:52.890,5.94772,5.94939,1.00,1.00
2014.03.17 16:41:55.194,5.94772,5.94946,1.00,1.00
2014.03.17 16:42:00.476,5.94772,5.94942,1.00,1.00
2014.03.17 16:42:03.994,5.94772,5.94943,1.00,1.00
2014.03.17 16:42:04.215,5.94772,5.94963,1.00,1.00
2014.03.17 16:42:06.304,5.94772,5.94889,1.00,1.00
2014.03.17 16:42:06.355,5.94741,5.94889,1.00,1.00
2014.03.17 16:42:06.556,5.94715,5.94889,1.00,1.00
2014.03.17 16:42:06.658,5.94715,5.94863,1.00,1.00
2014.03.17 16:42:06.960,5.94715,5.9486,1.00,1.00
2014.03.17 16:42:07.011,5.94693,5.9486,1.00,1.00
2014.03.17 16:42:07.777,5.94734,5.94915,1.00,1.00
2014.03.17 16:42:08.332,5.94731,5.94903,1.00,1.00
2014.03.17 16:42:09.095,5.94732,5.94903,1.00,1.00
2014.03.17 16:42:10.816,5.94732,5.94921,1.00,1.00
2014.03.17 16:42:12.690,5.9473,5.94921,1.00,1.00
2014.03.17 16:42:12.927,5.94716,5.94921,1.00,1.00
2014.03.17 16:42:13.564,5.94707,5.94921,1.00,1.00
2014.03.17 16:42:14.574,5.94707,5.94902,1.00,1.00
2014.03.17 16:42:14.776,5.94683,5.94895,1.00,1.00
2014.03.17 16:42:18.767,5.94656,5.94892,1.00,1.00
2014.03.17 16:42:19.140,5.94675,5.94892,1.00,1.00
2014.03.17 16:42:30.356,5.94656,5.94892,1.00,1.00
2014.03.17 16:43:03.980,5.94657,5.94892,1.00,1.00
2014.03.17 16:43:04.368,5.94688,5.94892,1.00,1.00
2014.03.17 16:43:04.522,5.94688,5.94899,1.00,1.00
2014.03.17 16:43:07.274,5.94689,5.94899,1.00,1.00
2014.03.17 16:43:10.385,5.94693,5.94899,1.18,1.00
2014.03.17 16:43:16.630,5.94699,5.94957,1.00,1.00
2014.03.17 16:43:16.732,5.94699,5.94952,1.00,1.00
2014.03.17 16:43:16.834,5.94672,5.94939,1.00,1.00
2014.03.17 16:43:16.986,5.94696,5.94932,1.00,1.00
2014.03.17 16:43:17.088,5.94667,5.94931,1.00,1.00
2014.03.17 16:43:17.278,5.94671,5.94931,1.00,1.00
2014.03.17 16:43:17.636,5.94697,5.94931,2.06,1.00
2014.03.17 16:43:24.447,5.94697,5.94932,2.06,1.00
2014.03.17 16:43:25.950,5.94696,5.94932,1.00,1.00
2014.03.17 16:43:26.275,5.94668,5.94884,2.06,1.00
2014.03.17 16:43:26.377,5.94666,5.94884,1.00,1.00
2014.03.17 16:43:26.428,5.94602,5.94884,1.00,1.00
2014.03.17 16:43:27.185,5.94601,5.94882,1.00,1.00
2014.03.17 16:43:28.734,5.94601,5.94871,1.00,1.00
2014.03.17 16:43:30.796,5.94589,5.94871,1.00,1.00
2014.03.17 16:43:33.043,5.94589,5.94842,1.00,1.00
2014.03.17 16:43:33.361,5.94589,5.94868,1.00,1.00
2014.03.17 16:43:33.684,5.94589,5.94841,1.00,1.00
2014.03.17 16:43:35.583,5.94589,5.94841,1.00,1.38
2014.03.17 16:43:35.885,5.94603,5.94742,1.18,1.08
2014.03.17 16:43:37.068,5.94624,5.94742,1.18,1.00
2014.03.17 16:43:37.271,5.94624,5.94755,1.18,1.00
2014.03.17 16:43:38.477,5.94603,5.94738,1.25,1.10
2014.03.17 16:43:38.680,5.946,5.94738,1.18,1.10
2014.03.17 16:43:38.832,5.94575,5.94719,1.18,1.18
2014.03.17 16:43:39.904,5.94575,5.94667,1.18,1.00
2014.03.17 16:43:40.005,5.94521,5.94665,1.18,1.18
2014.03.17 16:43:40.259,5.94501,5.94643,1.18,1.18
2014.03.17 16:43:40.972,5.94501,5.94635,1.18,1.00
2014.03.17 16:43:41.558,5.94483,5.94625,1.18,1.18
2014.03.17 16:43:42.896,5.94483,5.94617,1.18,1.00
2014.03.17 16:43:48.127,5.94483,5.94625,1.18,1.18
2014.03.17 16:43:57.236,5.94462,5.94599,1.18,1.00
2014.03.17 16:43:58.764,5.94483,5.94599,1.18,1.00
2014.03.17 16:43:58.966,5.94512,5.94648,1.00,1.18
2014.03.17 16:43:59.067,5.94516,5.94652,1.25,1.00
2014.03.17 16:43:59.384,5.94536,5.94652,1.18,1.00
2014.03.17 16:43:59.984,5.94536,5.94646,1.18,1.00
2014.03.17 16:44:01.307,5.94517,5.94646,1.18,1.00
2014.03.17 16:44:03.234,5.94539,5.94646,1.18,1.00
2014.03.17 16:44:04.890,5.94606,5.94705,2.13,1.18
2014.03.17 16:44:04.992,5.94656,5.94771,1.00,1.18
2014.03.17 16:44:05.093,5.94699,5.94823,3.26,1.00
2014.03.17 16:44:05.346,5.94778,5.9486,1.00,1.00
2014.03.17 16:44:05.447,5.94778,5.9486,1.08,1.00
2014.03.17 16:44:05.497,5.94778,5.94929,1.08,1.00
2014.03.17 16:44:06.340,5.94778,5.94932,1.08,1.00
2014.03.17 16:44:06.391,5.9481,5.94939,1.00,1.18
2014.03.17 16:44:06.441,5.9481,5.9496,1.00,1.00
2014.03.17 16:44:06.652,5.9481,5.94958,1.00,1.00
2014.03.17 16:44:07.074,5.9481,5.94962,1.00,2.06
2014.03.17 16:44:07.175,5.9481,5.94958,1.00,1.18
2014.03.17 16:44:07.478,5.94838,5.94992,1.18,1.00
2014.03.17 16:44:07.844,5.94838,5.95003,1.18,1.08
2014.03.17 16:44:07.945,5.9481,5.95003,1.08,1.00
2014.03.17 16:44:08.382,5.94858,5.95003,1.00,1.00
2014.03.17 16:44:09.444,5.94858,5.94994,1.00,1.00
2014.03.17 16:44:09.749,5.94858,5.94992,1.00,1.00
2014.03.17 16:44:10.452,5.94858,5.94965,1.00,1.00
2014.03.17 16:44:11.893,5.94933,5.94965,1.00,1.00
2014.03.17 16:44:12.095,5.94933,5.94983,1.00,1.00
2014.03.17 16:44:12.146,5.94878,5.94993,1.00,1.00
2014.03.17 16:44:13.132,5.94878,5.94996,1.00,1.00
2014.03.17 16:44:13.334,5.94842,5.94996,1.00,1.00
2014.03.17 16:44:14.175,5.94842,5.94993,1.00,1.00
2014.03.17 16:44:14.636,5.94824,5.94962,1.00,1.00
2014.03.17 16:44:16.332,5.94767,5.94962,1.00,1.00
2014.03.17 16:44:16.593,5.94767,5.94935,1.00,1.00
2014.03.17 16:44:16.814,5.94767,5.94965,1.00,1.00
2014.03.17 16:44:17.474,5.94767,5.94932,1.00,1.00
2014.03.17 16:44:17.822,5.94761,5.94932,1.00,1.00
2014.03.17 16:44:19.803,5.94764,5.94932,1.00,1.00
2014.03.17 16:44:22.442,5.9476,5.94932,1.00,1.00
2014.03.17 16:44:27.409,5.94762,5.94932,1.00,1.00
2014.03.17 16:44:47.319,5.94765,5.94932,1.00,1.00
2014.03.17 16:44:49.064,5.94765,5.94961,1.00,1.00
2014.03.17 16:44:54.210,5.94789,5.94961,1.00,1.00
2014.03.17 16:44:55.363,5.94818,5.94961,1.00,1.00
2014.03.17 16:44:55.884,5.94818,5.94992,1.00,2.06
2014.03.17 16:44:56.323,5.94818,5.94982,1.00,1.00
2014.03.17 16:44:56.792,5.94806,5.94982,1.00,1.00
2014.03.17 16:44:58.642,5.9479,5.94982,1.00,1.00
2014.03.17 16:45:00.091,5.94696,5.94903,1.00,1.73
2014.03.17 16:45:00.395,5.94663,5.94807,1.18,1.18
2014.03.17 16:45:03.364,5.94663,5.94787,1.18,1.00
2014.03.17 16:45:05.883,5.94644,5.94787,1.18,1.43
2014.03.17 16:45:05.934,5.94644,5.94752,1.18,1.50
2014.03.17 16:45:05.985,5.94608,5.9475,1.18,1.18
2014.03.17 16:45:06.136,5.94658,5.9475,1.00,1.18
2014.03.17 16:45:06.237,5.94658,5.94761,1.00,1.00
2014.03.17 16:45:06.339,5.94658,5.94778,1.08,1.00
2014.03.17 16:45:06.554,5.94658,5.94776,1.08,1.00
2014.03.17 16:45:07.923,5.94673,5.94776,1.18,1.00
2014.03.17 16:45:08.136,5.94712,5.94817,1.00,1.18
2014.03.17 16:45:08.288,5.94712,5.94829,1.00,1.00
2014.03.17 16:45:08.339,5.94712,5.94805,1.00,1.00
2014.03.17 16:45:08.440,5.94712,5.94838,1.00,1.18
2014.03.17 16:45:08.591,5.94712,5.94843,1.08,1.00
2014.03.17 16:45:08.692,5.94712,5.94855,1.08,1.18
2014.03.17 16:45:09.166,5.94712,5.94882,1.00,2.06
2014.03.17 16:45:09.318,5.94788,5.94882,1.00,2.06
2014.03.17 16:45:09.571,5.94788,5.94939,1.00,1.00
2014.03.17 16:45:09.964,5.94788,5.94962,1.00,2.06
2014.03.17 16:45:10.633,5.94797,5.94962,1.00,2.06
2014.03.17 16:45:11.625,5.94797,5.94932,1.00,1.00
2014.03.17 16:45:12.198,5.94797,5.94958,1.00,1.00
2014.03.17 16:45:12.602,5.9484,5.94958,1.00,1.00
2014.03.17 16:45:12.918,5.9484,5.94931,1.00,1.00
2014.03.17 16:45:12.968,5.9484,5.94966,1.00,1.00
2014.03.17 16:45:13.070,5.9484,5.95033,1.00,2.06
2014.03.17 16:45:14.176,5.94881,5.95033,1.00,2.06
2014.03.17 16:45:14.734,5.94881,5.95026,1.00,1.00
2014.03.17 16:45:15.174,5.94881,5.95002,1.00,1.00
2014.03.17 16:45:17.150,5.94917,5.95002,1.00,1.00
2014.03.17 16:45:17.656,5.94917,5.95001,1.00,1.00
2014.03.17 16:45:18.532,5.94921,5.95001,1.00,1.00
2014.03.17 16:45:29.032,5.94921,5.94953,1.00,2.10
2014.03.17 16:45:29.133,5.94789,5.94902,1.18,1.50
2014.03.17 16:45:29.234,5.94787,5.94895,1.00,1.18
2014.03.17 16:45:29.386,5.94762,5.94895,1.00,1.18
2014.03.17 16:45:31.296,5.94753,5.94895,1.18,1.18
2014.03.17 16:45:32.225,5.94753,5.94875,1.18,1.00
2014.03.17 16:45:38.693,5.94778,5.94875,1.18,1.00
2014.03.17 16:45:38.896,5.94757,5.94875,1.18,1.00
2014.03.17 16:45:49.089,5.94773,5.94875,2.10,1.00
2014.03.17 16:45:49.392,5.94855,5.94993,1.18,1.48
2014.03.17 16:45:49.443,5.94855,5.94993,1.18,1.10
2014.03.17 16:45:50.291,5.94855,5.94993,1.18,1.70
2014.03.17 16:45:50.595,5.94798,5.9494,1.18,1.18
2014.03.17 16:45:51.144,5.94798,5.94924,1.18,1.00
2014.03.17 16:46:10.753,5.94801,5.94924,1.18,1.00
2014.03.17 16:46:16.812,5.94801,5.94903,1.18,1.50
2014.03.17 16:46:16.964,5.94781,5.94903,1.18,1.50
2014.03.17 16:46:17.065,5.9476,5.94903,1.18,1.58
2014.03.17 16:46:17.886,5.9476,5.94891,1.18,1.00
2014.03.17 16:46:22.034,5.9476,5.94872,1.18,1.00
2014.03.17 16:46:37.117,5.9475,5.94872,1.18,1.00
2014.03.17 16:46:46.705,5.94773,5.94891,1.18,1.00
2014.03.17 16:46:54.814,5.94754,5.94891,1.18,1.08
2014.03.17 16:47:05.307,5.94754,5.94869,1.18,1.00
2014.03.17 16:47:07.172,5.94733,5.94869,1.18,1.00
2014.03.17 16:47:07.475,5.94733,5.94867,1.18,1.00
2014.03.17 16:47:07.821,5.94733,5.94845,1.18,1.00
2014.03.17 16:47:10.356,5.94733,5.9487,1.18,1.00
2014.03.17 16:47:10.457,5.94733,5.94832,1.18,1.00
2014.03.17 16:47:11.192,5.94733,5.94831,1.18,1.00
2014.03.17 16:47:15.183,5.94733,5.94835,1.18,1.00
2014.03.17 16:47:20.761,5.94733,5.94831,1.18,1.00
2014.03.17 16:47:27.073,5.94737,5.94831,1.18,1.00
2014.03.17 16:47:27.931,5.94737,5.94833,1.18,1.00
2014.03.17 16:47:30.221,5.94737,5.94835,1.18,1.00
2014.03.17 16:47:32.309,5.94737,5.94834,1.18,1.00
2014.03.17 16:47:33.563,5.94737,5.94841,1.18,1.00
2014.03.17 16:47:33.834,5.94755,5.94841,1.18,1.00
2014.03.17 16:47:33.888,5.94755,5.94858,1.18,1.00
2014.03.17 16:47:34.641,5.94776,5.94863,1.18,1.00
2014.03.17 16:47:40.671,5.94776,5.94864,1.18,1.00
2014.03.17 16:47:51.737,5.94776,5.94862,1.18,1.00
2014.03.17 16:47:54.570,5.94762,5.94862,1.18,1.00
2014.03.17 16:47:54.722,5.94762,5.94859,1.18,1.00
2014.03.17 16:47:54.929,5.94762,5.94862,1.18,1.00
2014.03.17 16:48:01.095,5.94762,5.94857,1.18,1.00
2014.03.17 16:48:14.393,5.94762,5.94863,1.18,1.00
2014.03.17 16:48:14.646,5.94781,5.94867,1.18,1.00
2014.03.17 16:48:14.748,5.94781,5.94879,1.18,1.00
2014.03.17 16:48:21.551,5.94781,5.94878,1.18,1.00
2014.03.17 16:48:37.389,5.94781,5.94846,1.18,1.00
2014.03.17 16:48:37.541,5.94763,5.94846,1.18,1.00
2014.03.17 16:48:37.642,5.94763,5.94874,1.18,1.00
2014.03.17 16:48:37.744,5.94784,5.94874,1.18,1.00
2014.03.17 16:48:45.193,5.94784,5.94873,1.18,1.00
2014.03.17 16:48:45.294,5.94762,5.94873,1.18,1.00
2014.03.17 16:48:45.446,5.94762,5.94861,1.18,1.00
2014.03.17 16:48:45.790,5.94762,5.94856,1.18,1.00
2014.03.17 16:48:56.213,5.94762,5.94847,1.18,1.00
2014.03.17 16:48:56.617,5.94743,5.94847,1.18,1.00
2014.03.17 16:49:01.269,5.94743,5.94848,1.18,1.00
2014.03.17 16:49:17.206,5.94752,5.94848,1.18,1.00
2014.03.17 16:49:23.388,5.94752,5.94847,1.18,1.00
2014.03.17 16:49:24.367,5.94752,5.9485,1.18,1.00
2014.03.17 16:49:25.160,5.94752,5.94849,1.18,1.00
2014.03.17 16:49:37.311,5.94757,5.94849,1.18,1.00
2014.03.17 16:50:01.817,5.94757,5.94845,1.18,1.00
2014.03.17 16:50:17.593,5.94757,5.94846,1.18,1.00
2014.03.17 16:50:17.793,5.94757,5.94863,1.18,1.00
2014.03.17 16:50:18.049,5.94775,5.94863,1.18,1.00
2014.03.17 16:50:18.100,5.94775,5.94866,1.18,1.00
2014.03.17 16:50:18.208,5.94775,5.9487,1.18,1.00
2014.03.17 16:50:18.461,5.94775,5.94875,1.18,1.00
2014.03.17 16:50:18.775,5.94775,5.9488,1.18,1.00
2014.03.17 16:50:35.959,5.94775,5.94875,1.18,1.00
2014.03.17 16:50:38.136,5.94765,5.94875,1.18,1.00
2014.03.17 16:50:43.424,5.94765,5.94861,1.18,1.00
2014.03.17 16:50:43.626,5.94745,5.94848,1.18,1.00
2014.03.17 16:50:44.511,5.94745,5.94857,1.18,1.00
2014.03.17 16:50:50.112,5.94745,5.94853,1.18,1.00
2014.03.17 16:51:04.131,5.9474,5.94853,1.18,1.00
2014.03.17 16:51:04.651,5.9474,5.94845,1.18,1.00
2014.03.17 16:51:06.412,5.9474,5.9485,1.18,1.00
2014.03.17 16:51:06.463,5.94757,5.9485,1.18,1.00
2014.03.17 16:51:06.614,5.94757,5.94858,1.18,1.00
2014.03.17 16:51:06.835,5.94757,5.94866,1.18,1.00
2014.03.17 16:51:09.074,5.94757,5.94855,1.18,1.00
2014.03.17 16:51:11.162,5.94757,5.94849,1.18,1.00
2014.03.17 16:51:11.369,5.94757,5.94851,1.18,1.00
2014.03.17 16:51:26.575,5.94749,5.94851,1.18,1.00
2014.03.17 16:51:27.698,5.94749,5.94848,1.18,1.00
2014.03.17 16:51:28.519,5.94749,5.94843,1.18,1.00
2014.03.17 16:51:35.719,5.94749,5.94831,1.18,1.00
2014.03.17 16:51:39.903,5.94749,5.94805,1.18,1.00
2014.03.17 16:51:39.954,5.94729,5.94805,1.18,1.00
2014.03.17 16:51:40.056,5.94713,5.94805,1.08,1.00
2014.03.17 16:51:40.591,5.94711,5.94806,1.18,1.00
2014.03.17 16:51:41.082,5.94711,5.94778,1.18,1.00
2014.03.17 16:51:41.234,5.94695,5.94778,1.15,1.00
2014.03.17 16:51:41.800,5.94692,5.94777,1.18,1.00
2014.03.17 16:51:42.105,5.94692,5.94779,1.18,1.00
2014.03.17 16:51:42.309,5.94674,5.94778,1.25,1.00
2014.03.17 16:51:42.612,5.94674,5.94752,1.18,1.00
2014.03.17 16:51:55.627,5.94674,5.94757,1.18,1.00
2014.03.17 16:51:56.909,5.94674,5.94766,1.18,1.00
2014.03.17 16:52:05.512,5.94695,5.94769,1.18,1.00
2014.03.17 16:52:05.715,5.94695,5.94791,1.18,1.00
2014.03.17 16:52:05.952,5.94695,5.94796,1.18,1.00
2014.03.17 16:52:07.483,5.94695,5.948,1.18,1.00
2014.03.17 16:52:10.116,5.94695,5.94799,1.18,1.00
2014.03.17 16:52:10.469,5.94695,5.94796,1.18,1.00
2014.03.17 16:52:12.855,5.94695,5.94795,1.18,1.00
2014.03.17 16:52:13.755,5.94665,5.94777,1.00,1.00
2014.03.17 16:52:13.857,5.94665,5.94763,1.00,1.00
2014.03.17 16:52:14.112,5.94622,5.94764,1.00,1.00
2014.03.17 16:52:14.320,5.94587,5.94764,1.00,1.00
2014.03.17 16:52:15.640,5.94619,5.94764,1.00,1.00
2014.03.17 16:52:27.824,5.94619,5.94772,1.00,1.00
2014.03.17 16:52:27.976,5.94619,5.94803,1.00,1.00
2014.03.17 16:52:28.279,5.94619,5.94816,1.00,1.00
2014.03.17 16:52:28.511,5.94628,5.94816,1.00,1.00
2014.03.17 16:52:29.406,5.94665,5.94816,1.00,1.00
2014.03.17 16:52:30.164,5.94665,5.94811,1.00,1.00
2014.03.17 16:52:32.875,5.94665,5.94812,1.00,1.00
2014.03.17 16:52:33.451,5.94665,5.94799,1.00,1.00
2014.03.17 16:52:33.791,5.94618,5.94773,1.00,1.00
2014.03.17 16:52:34.120,5.94635,5.94773,1.00,1.00
2014.03.17 16:52:38.638,5.94635,5.94769,1.00,1.00
2014.03.17 16:52:42.925,5.94635,5.94765,1.00,1.00
2014.03.17 16:52:56.785,5.94635,5.9476,1.00,1.00
2014.03.17 16:52:57.006,5.94635,5.94762,1.00,1.00
2014.03.17 16:52:57.265,5.94635,5.94759,1.00,1.00
2014.03.17 16:52:57.568,5.94605,5.9473,1.00,1.00
2014.03.17 16:52:57.669,5.94561,5.94722,1.00,1.00
2014.03.17 16:52:58.100,5.94589,5.94722,1.00,1.00
2014.03.17 16:53:00.016,5.94589,5.94724,1.00,1.00
2014.03.17 16:53:00.665,5.94589,5.94722,1.00,1.00
2014.03.17 16:53:06.173,5.94589,5.94727,1.00,1.00
2014.03.17 16:53:06.500,5.94589,5.94738,1.00,1.00
2014.03.17 16:53:07.349,5.94589,5.94743,1.00,1.00
2014.03.17 16:53:10.674,5.9454,5.94743,1.00,1.00
2014.03.17 16:53:11.193,5.94569,5.94743,1.00,1.00
2014.03.17 16:53:11.511,5.94604,5.94743,1.00,1.00
2014.03.17 16:53:22.854,5.94604,5.94747,1.00,1.00
2014.03.17 16:53:25.056,5.94604,5.94743,1.00,1.00
2014.03.17 16:53:25.299,5.94604,5.94747,1.00,1.00
2014.03.17 16:53:26.374,5.94604,5.94751,1.00,1.00
2014.03.17 16:53:26.607,5.94604,5.94747,1.00,1.00
2014.03.17 16:53:26.910,5.94604,5.94733,1.00,1.00
2014.03.17 16:53:27.061,5.94548,5.94733,1.00,1.00
2014.03.17 16:53:27.144,5.94548,5.94725,1.00,1.00
2014.03.17 16:53:27.470,5.94574,5.94725,1.00,1.00
2014.03.17 16:53:40.570,5.94574,5.94716,1.00,1.00
2014.03.17 16:53:41.503,5.94574,5.94711,1.00,1.00
2014.03.17 16:53:42.825,5.94574,5.94714,1.00,1.00
2014.03.17 16:53:55.401,5.94574,5.94711,1.00,1.00
2014.03.17 16:53:55.704,5.94574,5.94691,1.00,1.00
2014.03.17 16:53:56.004,5.94518,5.94687,1.00,1.00
2014.03.17 16:53:56.255,5.94489,5.94687,1.00,1.00
2014.03.17 16:53:56.575,5.94489,5.94671,1.00,1.00
2014.03.17 16:53:56.898,5.94508,5.94671,1.00,1.00
2014.03.17 16:53:57.316,5.94529,5.94671,1.00,1.00
2014.03.17 16:53:57.850,5.94529,5.9467,1.00,1.00
2014.03.17 16:53:58.697,5.94529,5.94665,1.00,1.00
2014.03.17 16:53:59.691,5.94529,5.94656,1.00,1.00
2014.03.17 16:53:59.995,5.94529,5.94644,1.00,1.00
2014.03.17 16:54:00.096,5.9447,5.94629,1.00,1.00
2014.03.17 16:54:00.643,5.945,5.94629,1.00,1.00
2014.03.17 16:54:00.973,5.945,5.94624,1.00,1.00
2014.03.17 16:54:02.844,5.945,5.94625,1.00,1.00
2014.03.17 16:54:06.915,5.945,5.9463,1.00,1.00
2014.03.17 16:54:09.344,5.945,5.94637,1.00,1.00
2014.03.17 16:54:09.667,5.945,5.94654,1.00,1.00
2014.03.17 16:54:09.920,5.945,5.94656,1.00,1.00
2014.03.17 16:54:10.983,5.945,5.94659,1.00,1.00
2014.03.17 16:54:13.029,5.94529,5.94659,1.00,1.00
2014.03.17 16:54:13.552,5.94529,5.94668,1.00,1.00
2014.03.17 16:54:22.618,5.94529,5.94678,1.00,1.00
2014.03.17 16:54:26.887,5.94529,5.94686,1.00,1.00
2014.03.17 16:54:27.083,5.94529,5.94698,1.00,1.00
2014.03.17 16:54:28.112,5.94529,5.94692,1.00,1.00
2014.03.17 16:54:28.415,5.94529,5.94683,1.00,1.00
2014.03.17 16:54:29.003,5.94529,5.94674,1.00,1.00
2014.03.17 16:54:29.410,5.94529,5.94677,1.00,1.00
2014.03.17 16:54:32.694,5.94529,5.94674,1.00,1.00
2014.03.17 16:54:33.704,5.94529,5.94673,1.00,1.00
2014.03.17 16:54:48.202,5.94529,5.94674,1.00,1.00
2014.03.17 16:54:51.653,5.94529,5.94691,1.00,1.00
2014.03.17 16:54:51.957,5.94529,5.94699,1.00,1.00
2014.03.17 16:54:52.493,5.94529,5.94695,1.00,1.00
2014.03.17 16:54:52.838,5.94529,5.94687,1.00,1.00
2014.03.17 16:54:53.293,5.94529,5.9468,1.00,1.00
2014.03.17 16:54:55.605,5.94529,5.94678,1.00,1.00
2014.03.17 16:54:57.335,5.94529,5.94618,1.00,1.00
2014.03.17 16:54:58.371,5.94529,5.94615,1.00,1.00
2014.03.17 16:54:58.574,5.94529,5.9462,1.00,1.00
2014.03.17 16:55:00.229,5.94529,5.94629,1.00,1.00
2014.03.17 16:55:00.775,5.94529,5.94661,1.00,1.18
2014.03.17 16:55:09.915,5.9454,5.9468,1.18,1.25
2014.03.17 16:55:09.966,5.9454,5.94684,1.18,1.18
2014.03.17 16:55:10.168,5.94529,5.94713,1.00,1.00
2014.03.17 16:55:10.320,5.94529,5.94725,1.00,1.00
2014.03.17 16:55:10.831,5.94529,5.94724,1.00,1.60
2014.03.17 16:55:11.134,5.94502,5.94646,1.18,1.18
2014.03.17 16:55:12.723,5.94502,5.94636,1.18,1.00
2014.03.17 16:55:13.665,5.94502,5.94641,1.18,1.08
2014.03.17 16:55:23.247,5.94528,5.94672,1.18,2.40
2014.03.17 16:55:23.551,5.94549,5.94691,1.18,1.18
2014.03.17 16:55:24.463,5.94507,5.94762,1.00,2.06
2014.03.17 16:55:24.514,5.94507,5.94795,1.00,1.18
2014.03.17 16:55:24.565,5.94507,5.94799,1.00,1.00
2014.03.17 16:55:24.666,5.94511,5.94799,1.00,1.00
2014.03.17 16:55:24.767,5.94511,5.94803,1.00,2.06
2014.03.17 16:55:25.334,5.94546,5.94803,1.00,2.06
2014.03.17 16:55:25.485,5.94546,5.94853,1.00,2.06
2014.03.17 16:55:25.702,5.94544,5.94853,1.00,2.06
2014.03.17 16:55:26.260,5.94543,5.94853,1.00,2.06
2014.03.17 16:55:26.562,5.94567,5.94853,1.00,2.06
2014.03.17 16:55:26.865,5.94563,5.94853,1.00,2.06
2014.03.17 16:55:27.874,5.94559,5.94922,1.00,1.00
2014.03.17 16:55:28.076,5.94593,5.94889,1.00,1.00
2014.03.17 16:55:28.379,5.94595,5.94916,1.00,1.00
2014.03.17 16:55:28.600,5.9458,5.94961,1.00,1.00
2014.03.17 16:55:30.251,5.94624,5.94948,1.00,1.00
2014.03.17 16:55:58.074,5.94624,5.94946,1.00,1.00
2014.03.17 16:56:00.004,5.94624,5.94932,1.00,1.00
2014.03.17 16:56:01.106,5.94624,5.94903,1.00,1.00
2014.03.17 16:56:01.379,5.94535,5.94903,1.00,1.00
2014.03.17 16:56:01.732,5.94563,5.94903,1.00,1.00
2014.03.17 16:56:11.315,5.94563,5.94902,1.00,1.00
2014.03.17 16:56:11.618,5.94563,5.94893,1.00,1.00
2014.03.17 16:56:11.923,5.94563,5.94866,1.00,1.00
2014.03.17 16:56:12.234,5.94564,5.94845,1.00,1.00
2014.03.17 16:56:12.405,5.94477,5.94845,1.00,1.00
2014.03.17 16:56:13.332,5.94514,5.94845,1.00,1.00
2014.03.17 16:56:16.500,5.94514,5.94848,1.00,1.00
2014.03.17 16:56:40.452,5.94514,5.94851,1.00,1.00
2014.03.17 16:56:48.569,5.94514,5.94856,1.00,1.00
2014.03.17 16:56:49.122,5.94514,5.94857,1.00,1.00
2014.03.17 16:56:58.778,5.94514,5.94855,1.00,1.00
2014.03.17 16:56:58.856,5.94514,5.94858,1.00,1.50
2014.03.17 16:56:58.957,5.94514,5.94853,1.00,1.00
2014.03.17 16:56:59.260,5.94514,5.94856,1.00,1.00
2014.03.17 16:57:08.177,5.94514,5.94855,1.00,1.00
2014.03.17 16:57:08.328,5.94514,5.94839,1.00,1.00
2014.03.17 16:57:08.430,5.94514,5.94849,1.00,1.00
2014.03.17 16:57:08.562,5.94514,5.94851,1.00,1.00
2014.03.17 16:57:13.355,5.94447,5.94851,1.00,1.00
2014.03.17 16:57:19.821,5.94464,5.9487,1.00,1.00
2014.03.17 16:57:19.922,5.94477,5.9488,2.06,1.00
2014.03.17 16:57:20.024,5.94484,5.9489,1.00,1.00
2014.03.17 16:57:20.125,5.94491,5.94897,1.00,1.00
2014.03.17 16:57:21.314,5.94495,5.94899,1.00,1.00
2014.03.17 16:57:21.661,5.94534,5.94888,1.00,1.00
2014.03.17 16:58:06.175,5.94548,5.94888,2.06,1.00
2014.03.17 16:58:06.226,5.94559,5.94921,1.00,1.00
2014.03.17 16:58:06.428,5.94564,5.94918,1.00,1.00
2014.03.17 16:58:06.631,5.94549,5.94921,1.00,1.00
2014.03.17 16:58:06.931,5.94553,5.94959,1.00,1.00
2014.03.17 16:58:07.741,5.94593,5.94949,1.00,1.00
2014.03.17 16:58:56.683,5.94593,5.94943,1.00,2.06
2014.03.17 16:58:56.987,5.94593,5.94932,1.00,1.00
2014.03.17 16:58:57.037,5.94564,5.94918,1.00,1.00
2014.03.17 16:59:00.638,5.94564,5.94947,1.00,1.00
2014.03.17 16:59:00.969,5.94593,5.94947,1.00,1.00
2014.03.17 16:59:04.481,5.94593,5.94949,1.00,1.50
2014.03.17 16:59:16.037,5.94595,5.94972,1.00,1.00
2014.03.17 16:59:16.367,5.94623,5.94972,1.00,1.00
2014.03.17 16:59:17.452,5.94623,5.94979,1.00,1.00
2014.03.17 16:59:29.482,5.94625,5.94994,1.00,1.00
2014.03.17 16:59:29.756,5.94625,5.95018,1.00,1.00
2014.03.17 16:59:29.899,5.94654,5.95008,1.00,1.00
2014.03.17 16:59:41.408,5.94654,5.95,1.00,1.00
2014.03.17 16:59:41.711,5.94596,5.95,1.00,1.00
2014.03.17 16:59:41.798,5.94623,5.95,1.00,1.00
2014.03.17 16:59:45.838,5.94623,5.9498,1.00,1.00
2014.03.17 16:59:50.046,5.94623,5.94971,1.00,1.00
2014.03.17 16:59:50.368,5.94614,5.94948,1.00,1.00
2014.03.17 16:59:50.487,5.94594,5.94948,1.00,1.00
