2015.07.13 22:00:00.130,8.07343,8.08397,0.75,0.75
2015.07.13 22:00:00.237,8.07352,8.08418,0.75,0.75
2015.07.13 22:00:00.338,8.07352,8.0843,0.75,0.75
2015.07.13 22:00:00.439,8.07372,8.0843,0.75,0.75
2015.07.13 22:00:00.494,8.07372,8.08446,0.75,0.10
2015.07.13 22:00:00.710,8.07392,8.08446,0.75,0.10
2015.07.13 22:00:01.032,8.07442,8.08446,0.75,0.10
2015.07.13 22:00:01.630,8.07512,8.08446,0.75,0.10
2015.07.13 22:00:01.964,8.07543,8.08446,0.75,0.10
2015.07.13 22:00:02.286,8.07552,8.08446,0.75,0.10
2015.07.13 22:00:02.636,8.07582,8.08446,0.75,0.10
2015.07.13 22:00:02.883,8.07593,8.08498,0.75,0.10
2015.07.13 22:00:03.040,8.07602,8.08498,0.50,0.10
2015.07.13 22:00:03.486,8.07612,8.08498,0.33,0.10
2015.07.13 22:00:03.540,8.07602,8.08498,0.33,0.10
2015.07.13 22:00:03.840,8.07612,8.08498,0.33,0.10
2015.07.13 22:00:04.947,8.07622,8.08498,0.41,0.10
2015.07.13 22:00:05.164,8.07602,8.08498,0.75,0.10
2015.07.13 22:00:05.847,8.07572,8.08498,0.75,0.10
2015.07.13 22:00:06.006,8.07572,8.08432,0.75,0.75
2015.07.13 22:00:06.701,8.07572,8.08498,0.75,0.10
2015.07.13 22:00:06.851,8.07602,8.08478,0.75,0.75
2015.07.13 22:00:07.174,8.07602,8.08434,0.75,0.75
2015.07.13 22:00:07.653,8.07612,8.08434,0.75,0.75
2015.07.13 22:00:08.164,8.07612,8.08388,0.75,0.10
2015.07.13 22:00:09.157,8.07622,8.08388,0.75,0.10
2015.07.13 22:00:10.461,8.07592,8.08388,0.75,0.10
2015.07.13 22:00:11.364,8.07583,8.08377,0.75,0.75
2015.07.13 22:00:11.673,8.07583,8.08333,0.75,0.75
2015.07.13 22:00:11.866,8.07582,8.08368,0.75,0.75
2015.07.13 22:00:12.368,8.07582,8.08358,0.75,0.75
2015.07.13 22:00:12.717,8.07582,8.08348,0.75,0.75
2015.07.13 22:00:12.886,8.07572,8.08348,0.75,0.75
2015.07.13 22:00:12.936,8.07572,8.08323,0.75,0.75
2015.07.13 22:00:13.153,8.07572,8.08338,0.75,0.75
2015.07.13 22:00:14.074,8.07583,8.08327,0.75,0.75
2015.07.13 22:00:14.205,8.07552,8.08328,0.75,0.75
2015.07.13 22:00:14.256,8.07552,8.08308,0.75,0.75
2015.07.13 22:00:14.364,8.07552,8.08328,0.75,0.75
2015.07.13 22:00:14.475,8.07562,8.08318,0.75,0.75
2015.07.13 22:00:15.077,8.07572,8.08318,0.75,0.75
2015.07.13 22:00:15.379,8.07572,8.08377,0.75,0.75
2015.07.13 22:00:15.480,8.07582,8.08377,0.75,0.75
2015.07.13 22:00:15.926,8.07592,8.08377,0.75,0.75
2015.07.13 22:00:16.227,8.07602,8.08377,0.75,0.75
2015.07.13 22:00:17.084,8.07613,8.08377,0.75,0.75
2015.07.13 22:00:17.686,8.07622,8.08377,0.75,0.75
2015.07.13 22:00:21.697,8.07622,8.08368,0.75,0.75
2015.07.13 22:00:22.669,8.07622,8.08377,0.75,0.75
2015.07.13 22:00:23.603,8.07632,8.08377,0.75,0.75
2015.07.13 22:00:26.916,8.07622,8.08377,0.75,0.75
2015.07.13 22:00:27.117,8.07612,8.08377,0.75,0.75
2015.07.13 22:00:27.620,8.07612,8.08368,0.75,0.75
2015.07.13 22:00:28.426,8.07612,8.08358,0.75,0.75
2015.07.13 22:00:29.130,8.07612,8.08348,0.75,0.75
2015.07.13 22:00:30.131,8.07612,8.08257,0.75,0.75
2015.07.13 22:00:30.436,8.07622,8.08257,0.75,0.75
2015.07.13 22:00:32.293,8.07622,8.08308,0.75,0.75
2015.07.13 22:00:33.653,8.07623,8.08308,0.75,0.75
2015.07.13 22:00:35.823,8.07623,8.08337,0.75,0.75
2015.07.13 22:00:37.175,8.07632,8.08368,0.75,0.75
2015.07.13 22:00:37.225,8.07632,8.08292,0.75,0.75
2015.07.13 22:00:37.327,8.07642,8.08361,0.75,0.75
2015.07.13 22:00:37.428,8.07652,8.08438,0.75,0.75
2015.07.13 22:00:37.478,8.07663,8.08438,0.75,0.75
2015.07.13 22:00:37.786,8.07693,8.08438,0.75,0.75
2015.07.13 22:00:38.123,8.07712,8.08462,0.75,0.75
2015.07.13 22:00:38.247,8.07722,8.08462,0.75,0.75
2015.07.13 22:00:38.633,8.07722,8.08488,0.75,0.75
2015.07.13 22:00:38.903,8.07742,8.08488,0.75,0.75
2015.07.13 22:00:39.285,8.07753,8.08487,0.75,0.75
2015.07.13 22:00:39.896,8.07753,8.0847,0.75,0.75
2015.07.13 22:00:40.252,8.07772,8.0847,0.75,0.75
2015.07.13 22:00:41.893,8.07782,8.0847,0.75,0.75
2015.07.13 22:00:43.245,8.07782,8.08478,0.75,0.75
2015.07.13 22:00:43.687,8.07762,8.08478,0.75,0.75
2015.07.13 22:00:46.130,8.07762,8.08426,0.75,0.37
2015.07.13 22:00:48.744,8.07772,8.08426,0.75,0.37
2015.07.13 22:00:49.561,8.07772,8.08438,0.75,0.37
2015.07.13 22:00:49.663,8.07772,8.08443,0.75,0.37
2015.07.13 22:00:50.324,8.07772,8.08455,0.75,0.37
2015.07.13 22:00:51.365,8.07772,8.08417,0.75,0.37
2015.07.13 22:00:51.716,8.07782,8.08417,0.75,0.37
2015.07.13 22:00:52.717,8.07763,8.08417,0.75,0.37
2015.07.13 22:00:52.867,8.07762,8.08461,0.75,0.75
2015.07.13 22:00:53.551,8.07763,8.08461,0.75,0.75
2015.07.13 22:00:53.819,8.07772,8.08461,0.75,0.75
2015.07.13 22:00:55.563,8.07782,8.08461,0.75,0.75
2015.07.13 22:00:56.529,8.07792,8.08461,0.75,0.75
2015.07.13 22:00:58.691,8.07792,8.08423,0.75,0.37
2015.07.13 22:00:58.742,8.07782,8.08423,0.75,0.37
2015.07.13 22:00:58.933,8.07782,8.08418,0.75,0.75
2015.07.13 22:01:00.667,8.07782,8.08384,0.75,0.37
2015.07.13 22:01:00.774,8.07772,8.08384,0.75,0.37
2015.07.13 22:01:00.868,8.07772,8.08391,0.75,0.37
2015.07.13 22:01:01.171,8.07772,8.08418,0.75,0.75
2015.07.13 22:01:01.690,8.07773,8.08387,0.75,0.37
2015.07.13 22:01:01.940,8.07752,8.08387,0.75,0.37
2015.07.13 22:01:01.991,8.07752,8.08383,0.75,0.37
2015.07.13 22:01:02.041,8.07673,8.08383,0.75,0.37
2015.07.13 22:01:02.092,8.07673,8.08347,0.75,0.37
2015.07.13 22:01:02.143,8.07592,8.08347,0.75,0.37
2015.07.13 22:01:02.322,8.07592,8.08397,0.75,0.75
2015.07.13 22:01:02.976,8.07592,8.08371,0.75,0.37
2015.07.13 22:01:05.193,8.07583,8.08371,0.75,0.37
2015.07.13 22:01:05.701,8.07582,8.08371,0.75,0.37
2015.07.13 22:01:07.729,8.07592,8.08371,0.75,0.37
2015.07.13 22:01:10.001,8.07592,8.08323,0.75,0.37
2015.07.13 22:01:10.613,8.07592,8.08278,0.75,0.37
2015.07.13 22:01:10.968,8.07602,8.08278,0.75,0.37
2015.07.13 22:01:11.532,8.07602,8.08337,0.75,0.37
2015.07.13 22:01:11.971,8.07613,8.08337,0.75,0.37
2015.07.13 22:01:12.552,8.07622,8.08337,0.75,0.37
2015.07.13 22:01:13.173,8.07642,8.08337,0.75,0.37
2015.07.13 22:01:13.675,8.07653,8.08337,0.75,0.37
2015.07.13 22:01:14.878,8.07672,8.08337,0.75,0.37
2015.07.13 22:01:16.726,8.07672,8.08303,0.75,0.37
2015.07.13 22:01:17.615,8.07683,8.08303,0.75,0.37
2015.07.13 22:01:18.932,8.07692,8.08303,0.75,0.37
2015.07.13 22:01:20.935,8.07702,8.08303,0.75,0.37
2015.07.13 22:01:23.739,8.07712,8.08303,0.75,0.37
2015.07.13 22:01:25.032,8.07712,8.08109,0.75,0.37
2015.07.13 22:01:25.133,8.07703,8.08109,0.75,0.37
2015.07.13 22:01:25.423,8.07672,8.08109,0.75,0.37
2015.07.13 22:01:26.744,8.07705,8.08252,0.75,0.37
2015.07.13 22:01:26.850,8.07705,8.0825,0.75,0.37
2015.07.13 22:01:27.721,8.07768,8.0825,0.75,0.37
2015.07.13 22:01:28.338,8.07768,8.08175,0.75,0.37
2015.07.13 22:01:28.667,8.07779,8.08237,0.75,0.37
2015.07.13 22:01:32.394,8.07779,8.08223,0.75,0.37
2015.07.13 22:01:34.656,8.07779,8.08229,0.75,0.37
2015.07.13 22:01:35.564,8.07779,8.08247,0.75,0.37
2015.07.13 22:01:35.761,8.07799,8.08247,0.75,0.37
2015.07.13 22:01:36.241,8.07834,8.08247,0.75,0.37
2015.07.13 22:01:37.872,8.07834,8.08248,0.75,0.37
2015.07.13 22:01:37.988,8.07834,8.08256,0.75,0.37
2015.07.13 22:01:38.041,8.07805,8.08256,0.75,0.37
2015.07.13 22:01:38.677,8.07805,8.08249,0.75,0.37
2015.07.13 22:01:38.878,8.07805,8.08255,0.75,0.37
2015.07.13 22:01:39.342,8.07844,8.08255,0.75,0.37
2015.07.13 22:01:42.999,8.07844,8.08262,0.75,0.37
2015.07.13 22:01:44.003,8.07844,8.08254,0.75,0.37
2015.07.13 22:01:44.535,8.07844,8.08255,0.75,0.37
2015.07.13 22:01:45.136,8.07844,8.08262,0.75,0.37
2015.07.13 22:01:46.207,8.07844,8.08255,0.75,0.37
2015.07.13 22:01:46.607,8.07844,8.08286,0.75,0.75
2015.07.13 22:01:51.822,8.07844,8.08277,0.75,0.37
2015.07.13 22:01:53.952,8.07844,8.08286,0.75,0.75
2015.07.13 22:01:55.959,8.07844,8.08252,0.75,0.37
2015.07.13 22:02:02.760,8.07844,8.08249,0.75,0.37
2015.07.13 22:02:04.762,8.07844,8.0825,0.75,0.37
2015.07.13 22:02:05.926,8.07816,8.0825,0.75,0.37
2015.07.13 22:02:06.871,8.07816,8.08253,0.75,0.37
2015.07.13 22:02:09.572,8.07853,8.08253,0.75,0.37
2015.07.13 22:02:09.733,8.07817,8.08253,0.75,0.37
2015.07.13 22:02:11.636,8.07817,8.08215,0.75,0.37
2015.07.13 22:02:12.488,8.07817,8.08209,0.75,0.37
2015.07.13 22:02:13.630,8.07817,8.0821,0.75,0.37
2015.07.13 22:02:14.592,8.07817,8.08209,0.75,0.37
2015.07.13 22:02:15.151,8.07817,8.08206,0.75,0.37
2015.07.13 22:02:16.846,8.07817,8.08207,0.75,0.37
2015.07.13 22:02:17.848,8.07817,8.08211,0.75,0.37
2015.07.13 22:02:21.254,8.07817,8.08212,0.75,0.37
2015.07.13 22:02:21.741,8.07817,8.08181,0.75,0.37
2015.07.13 22:02:22.256,8.07817,8.08177,0.75,0.37
2015.07.13 22:02:24.360,8.07817,8.08181,0.75,0.37
2015.07.13 22:02:25.762,8.07817,8.0818,0.75,0.37
2015.07.13 22:02:26.324,8.07817,8.08078,0.75,0.37
2015.07.13 22:02:26.425,8.07802,8.08078,0.75,0.37
2015.07.13 22:02:34.278,8.07802,8.08102,0.75,0.37
2015.07.13 22:02:34.397,8.0778,8.08102,0.75,0.37
2015.07.13 22:02:37.049,8.0778,8.08147,0.75,0.37
2015.07.13 22:02:37.150,8.07815,8.0818,0.75,0.37
2015.07.13 22:02:37.284,8.07801,8.0818,0.75,0.37
2015.07.13 22:02:37.550,8.07834,8.0818,0.75,0.37
2015.07.13 22:02:40.190,8.07834,8.08192,0.75,0.37
2015.07.13 22:02:42.972,8.07834,8.08193,0.75,0.37
2015.07.13 22:03:04.616,8.07834,8.08196,0.75,0.37
2015.07.13 22:03:10.142,8.07834,8.0812,0.75,0.37
2015.07.13 22:03:10.193,8.0776,8.0812,0.75,0.37
2015.07.13 22:03:10.572,8.07797,8.0812,0.75,0.37
2015.07.13 22:03:11.244,8.07797,8.08118,0.75,0.37
2015.07.13 22:03:11.328,8.07797,8.08197,0.75,0.37
2015.07.13 22:03:11.622,8.07841,8.08197,0.75,0.37
2015.07.13 22:03:14.634,8.07841,8.08118,0.75,0.37
2015.07.13 22:03:14.853,8.07771,8.08118,0.75,0.37
2015.07.13 22:03:16.220,8.078,8.08118,0.75,0.37
2015.07.13 22:03:18.057,8.07833,8.08187,0.75,0.37
2015.07.13 22:03:18.243,8.07802,8.08187,0.75,0.37
2015.07.13 22:03:31.680,8.07802,8.08226,0.75,0.37
2015.07.13 22:03:37.659,8.07855,8.08226,0.75,0.37
2015.07.13 22:03:51.639,8.07855,8.08237,0.75,0.37
2015.07.13 22:03:54.926,8.07855,8.08247,0.75,0.37
2015.07.13 22:03:59.339,8.07814,8.08247,0.75,0.37
2015.07.13 22:03:59.390,8.07814,8.08244,0.75,0.37
2015.07.13 22:04:00.341,8.07828,8.08222,0.75,0.75
2015.07.13 22:04:00.769,8.07784,8.08244,0.75,0.37
2015.07.13 22:04:01.249,8.078,8.08219,0.75,0.75
2015.07.13 22:04:01.720,8.07774,8.08185,0.75,0.37
2015.07.13 22:04:02.184,8.07805,8.08181,1.00,1.00
2015.07.13 22:04:10.441,8.07797,8.08237,1.00,1.75
2015.07.13 22:04:10.619,8.07826,8.08208,1.00,1.00
2015.07.13 22:04:49.955,8.07795,8.0823,1.00,1.00
2015.07.13 22:05:05.991,8.07819,8.08418,1.37,1.75
2015.07.13 22:05:06.044,8.07819,8.08418,1.00,1.75
2015.07.13 22:05:06.595,8.07866,8.08392,1.00,1.75
2015.07.13 22:05:06.946,8.07893,8.08393,1.00,1.75
2015.07.13 22:05:07.422,8.07922,8.08388,1.00,1.75
2015.07.13 22:05:08.369,8.07947,8.08363,1.00,1.75
2015.07.13 22:05:08.671,8.07979,8.08332,1.00,1.75
2015.07.13 22:05:13.165,8.07979,8.08332,1.00,1.75
2015.07.13 22:05:18.323,8.07979,8.08332,1.00,1.00
2015.07.13 22:05:18.506,8.07997,8.0835,1.00,1.00
2015.07.13 22:05:18.557,8.07965,8.08438,1.00,1.75
2015.07.13 22:05:19.098,8.07994,8.08448,1.00,1.75
2015.07.13 22:05:19.840,8.08017,8.08432,1.00,1.75
2015.07.13 22:05:20.219,8.08048,8.08402,1.00,1.75
2015.07.13 22:05:20.720,8.0803,8.08435,1.00,1.75
2015.07.13 22:05:20.771,8.08057,8.08408,1.00,1.75
2015.07.13 22:05:23.294,8.08057,8.08408,1.00,1.75
2015.07.13 22:05:33.639,8.08057,8.08408,1.00,1.75
2015.07.13 22:05:40.661,8.08057,8.08408,1.00,1.75
2015.07.13 22:05:41.697,8.08057,8.08408,1.00,1.75
2015.07.13 22:05:49.715,8.08057,8.08408,1.00,1.75
2015.07.13 22:05:57.589,8.08057,8.08408,1.00,1.75
2015.07.13 22:06:13.939,8.08057,8.08408,1.00,1.75
2015.07.13 22:06:15.429,8.08057,8.08408,1.00,1.75
2015.07.13 22:06:15.567,8.08085,8.08408,1.00,1.75
2015.07.13 22:06:17.718,8.08093,8.08408,1.00,1.75
2015.07.13 22:06:22.448,8.08092,8.08437,1.00,1.75
2015.07.13 22:06:27.288,8.08054,8.08437,1.00,1.75
2015.07.13 22:06:30.259,8.08035,8.08437,1.00,1.75
2015.07.13 22:06:31.397,8.08061,8.08437,1.00,1.75
2015.07.13 22:06:31.468,8.0808,8.08437,1.00,1.75
2015.07.13 22:06:34.328,8.08092,8.08437,1.00,1.75
2015.07.13 22:06:36.638,8.08087,8.08437,1.00,1.75
2015.07.13 22:06:38.838,8.08093,8.08427,1.00,1.75
2015.07.13 22:06:41.037,8.08086,8.08418,1.00,1.75
2015.07.13 22:06:47.302,8.08086,8.08428,1.00,1.75
2015.07.13 22:06:47.426,8.08071,8.08428,1.00,1.75
2015.07.13 22:07:05.787,8.0807,8.08418,1.00,1.75
2015.07.13 22:07:09.637,8.08071,8.08418,1.00,1.75
2015.07.13 22:07:21.624,8.08071,8.08418,1.00,1.75
2015.07.13 22:07:21.675,8.08033,8.08418,1.00,1.75
2015.07.13 22:07:22.090,8.08033,8.08418,1.00,1.75
2015.07.13 22:07:25.146,8.08035,8.08428,1.00,1.75
2015.07.13 22:07:27.567,8.08041,8.08428,1.00,1.75
2015.07.13 22:07:28.404,8.08041,8.08428,1.00,1.75
2015.07.13 22:07:31.127,8.08042,8.08428,1.00,1.75
2015.07.13 22:07:34.206,8.08048,8.08428,1.00,1.75
2015.07.13 22:07:42.416,8.08047,8.08438,1.00,1.75
2015.07.13 22:07:44.155,8.08047,8.08428,1.00,1.75
2015.07.13 22:07:44.485,8.08047,8.08428,1.00,1.75
2015.07.13 22:07:44.535,8.08064,8.08428,1.00,1.75
2015.07.13 22:07:44.636,8.08004,8.08417,1.00,1.75
2015.07.13 22:07:44.687,8.08004,8.08417,1.00,1.75
2015.07.13 22:07:44.738,8.07984,8.08418,1.00,1.75
2015.07.13 22:07:44.889,8.07984,8.08418,1.00,1.75
2015.07.13 22:07:47.197,8.07997,8.08398,1.00,1.75
2015.07.13 22:08:01.300,8.07997,8.08378,1.00,1.75
2015.07.13 22:08:01.350,8.07974,8.08378,1.00,1.75
2015.07.13 22:08:04.906,8.07966,8.08388,1.00,1.75
2015.07.13 22:08:05.846,8.08008,8.08388,1.00,1.75
2015.07.13 22:08:05.903,8.08008,8.08388,1.00,1.75
2015.07.13 22:08:05.955,8.08034,8.08388,1.00,1.75
2015.07.13 22:08:06.860,8.08034,8.08377,1.00,1.37
2015.07.13 22:08:08.495,8.08043,8.08377,1.00,1.37
2015.07.13 22:08:09.417,8.08043,8.08368,1.00,1.00
2015.07.13 22:08:11.056,8.0804,8.08368,1.00,1.00
2015.07.13 22:08:13.776,8.08035,8.08368,1.00,1.00
2015.07.13 22:08:13.826,8.08035,8.08368,1.00,1.75
2015.07.13 22:08:15.976,8.08033,8.08368,1.00,1.75
2015.07.13 22:08:22.734,8.08033,8.08368,1.00,1.75
2015.07.13 22:08:22.835,8.07983,8.08358,1.00,1.75
2015.07.13 22:08:26.449,8.07967,8.08358,1.00,1.75
2015.07.13 22:08:30.409,8.07967,8.08358,1.00,1.75
2015.07.13 22:08:30.895,8.07974,8.08358,1.00,1.75
2015.07.13 22:08:32.752,8.07974,8.08358,1.00,1.75
2015.07.13 22:08:32.853,8.07976,8.08358,1.00,1.75
2015.07.13 22:08:35.139,8.07983,8.08378,1.00,1.75
2015.07.13 22:08:37.425,8.0799,8.08368,1.00,1.75
2015.07.13 22:08:39.625,8.07984,8.08378,1.00,1.75
2015.07.13 22:08:41.070,8.07984,8.08378,1.00,1.75
2015.07.13 22:08:41.180,8.08003,8.08378,1.00,1.75
2015.07.13 22:08:41.286,8.08041,8.08378,1.00,1.75
2015.07.13 22:08:41.415,8.08041,8.08378,1.00,1.00
2015.07.13 22:08:42.532,8.08056,8.08378,1.00,1.00
2015.07.13 22:08:45.015,8.08006,8.08378,1.00,1.00
2015.07.13 22:08:45.078,8.08006,8.08378,1.00,1.75
2015.07.13 22:08:45.439,8.08006,8.08378,1.00,1.75
2015.07.13 22:08:46.292,8.08006,8.08378,1.00,1.37
2015.07.13 22:08:46.343,8.08031,8.08378,1.00,1.37
2015.07.13 22:08:46.742,8.08054,8.08378,1.00,1.37
2015.07.13 22:08:48.535,8.08058,8.08378,1.00,1.37
2015.07.13 22:08:52.301,8.07996,8.08388,1.00,1.75
2015.07.13 22:08:52.402,8.07976,8.08388,1.00,1.75
2015.07.13 22:08:54.365,8.07975,8.08388,1.00,1.75
2015.07.13 22:08:56.455,8.07968,8.08388,1.00,1.75
2015.07.13 22:08:56.563,8.07968,8.08388,1.00,1.75
2015.07.13 22:08:56.614,8.08037,8.08388,1.00,1.75
2015.07.13 22:09:00.423,8.08057,8.08388,1.00,1.75
2015.07.13 22:09:07.420,8.08057,8.08378,1.00,1.00
2015.07.13 22:09:08.224,8.08018,8.08378,1.00,1.00
2015.07.13 22:09:08.274,8.08018,8.08378,1.00,1.75
2015.07.13 22:09:10.754,8.07999,8.08377,1.00,1.75
2015.07.13 22:09:11.543,8.08027,8.08377,1.00,1.75
2015.07.13 22:09:11.644,8.08047,8.08377,1.00,1.75
2015.07.13 22:09:12.632,8.08047,8.08377,1.00,1.00
2015.07.13 22:09:14.744,8.08056,8.08377,1.00,1.00
2015.07.13 22:09:17.937,8.08041,8.08377,1.00,1.00
2015.07.13 22:09:17.988,8.08041,8.08368,1.00,1.00
2015.07.13 22:09:18.446,8.08041,8.08358,1.00,1.00
2015.07.13 22:09:19.560,8.08041,8.08348,1.00,1.00
2015.07.13 22:09:21.956,8.08041,8.08338,1.00,1.00
2015.07.13 22:09:23.874,8.08033,8.08338,1.00,1.00
2015.07.13 22:09:25.565,8.08033,8.08328,1.00,1.00
2015.07.13 22:09:26.704,8.07996,8.08328,1.00,1.00
2015.07.13 22:09:30.282,8.07996,8.08328,1.00,1.37
2015.07.13 22:09:30.383,8.07996,8.08318,1.00,1.00
2015.07.13 22:09:31.067,8.07996,8.08318,1.00,1.75
2015.07.13 22:09:31.168,8.07996,8.08318,1.00,1.00
2015.07.13 22:09:31.219,8.0803,8.08318,1.00,1.00
2015.07.13 22:09:34.790,8.08034,8.08318,1.00,1.00
2015.07.13 22:09:35.093,8.08069,8.08318,1.00,1.00
2015.07.13 22:09:35.543,8.08069,8.08308,1.00,1.00
2015.07.13 22:09:37.196,8.08054,8.08308,1.00,1.00
2015.07.13 22:09:37.589,8.08054,8.08317,1.00,1.00
2015.07.13 22:09:37.704,8.08051,8.08317,1.00,1.00
2015.07.13 22:09:41.914,8.08051,8.08307,1.00,1.00
2015.07.13 22:09:43.136,8.08051,8.08317,1.00,1.00
2015.07.13 22:09:51.517,8.08051,8.08307,1.00,1.00
2015.07.13 22:09:53.320,8.08051,8.08317,1.00,1.00
2015.07.13 22:10:07.654,8.08051,8.08328,1.00,1.00
2015.07.13 22:10:10.477,8.08051,8.08328,1.00,1.75
2015.07.13 22:10:10.527,8.08042,8.08328,1.00,1.75
2015.07.13 22:10:10.579,8.07976,8.08187,1.00,1.75
2015.07.13 22:10:10.629,8.07923,8.08187,0.75,1.75
2015.07.13 22:10:10.680,8.07887,8.08123,0.75,1.75
2015.07.13 22:10:10.731,8.07662,8.08123,1.00,1.75
2015.07.13 22:10:10.919,8.07662,8.08219,1.00,1.00
2015.07.13 22:10:10.970,8.07671,8.08201,1.00,1.00
2015.07.13 22:10:11.072,8.07671,8.08289,1.00,1.75
2015.07.13 22:10:11.173,8.07579,8.08368,1.00,1.75
2015.07.13 22:10:11.427,8.07643,8.08353,1.00,1.00
2015.07.13 22:10:11.765,8.07664,8.08326,1.00,1.00
2015.07.13 22:10:12.185,8.07771,8.08345,1.00,1.00
2015.07.13 22:10:12.638,8.07771,8.08345,1.00,1.75
2015.07.13 22:10:13.459,8.07771,8.08345,1.00,1.75
2015.07.13 22:10:13.677,8.07771,8.08345,1.00,1.75
2015.07.13 22:10:14.315,8.07771,8.08345,1.00,1.75
2015.07.13 22:10:17.493,8.07771,8.08345,1.00,1.75
2015.07.13 22:10:18.596,8.07771,8.08345,1.00,1.75
2015.07.13 22:10:19.198,8.07771,8.08345,1.00,1.37
2015.07.13 22:10:19.300,8.07771,8.08345,1.00,1.00
2015.07.13 22:10:28.421,8.07771,8.08345,1.00,1.75
2015.07.13 22:10:28.581,8.07771,8.08345,1.00,1.00
2015.07.13 22:10:34.546,8.07771,8.08345,1.00,1.75
2015.07.13 22:10:34.736,8.07771,8.08345,1.00,1.75
2015.07.13 22:10:35.326,8.07771,8.08345,1.00,1.75
2015.07.13 22:10:43.133,8.07771,8.08345,1.00,1.00
2015.07.13 22:10:43.284,8.07766,8.08418,1.00,1.00
2015.07.13 22:10:43.385,8.07752,8.08418,1.00,1.00
2015.07.13 22:10:43.486,8.07734,8.08418,1.00,1.00
2015.07.13 22:10:43.689,8.07717,8.08418,1.00,1.00
2015.07.13 22:10:44.858,8.07785,8.08418,1.00,1.00
2015.07.13 22:10:45.838,8.07785,8.08418,1.00,1.75
2015.07.13 22:10:46.056,8.07785,8.08418,1.00,1.00
2015.07.13 22:10:46.165,8.07785,8.08493,1.00,1.50
2015.07.13 22:10:46.266,8.07742,8.08558,1.00,1.37
2015.07.13 22:10:46.317,8.07701,8.08558,1.00,1.37
2015.07.13 22:10:46.418,8.07672,8.08746,1.00,1.75
2015.07.13 22:10:46.519,8.07672,8.08768,1.00,1.00
2015.07.13 22:10:47.543,8.07672,8.08768,1.75,1.00
2015.07.13 22:10:48.045,8.07672,8.08768,1.75,1.00
2015.07.13 22:10:48.595,8.07672,8.08768,1.75,1.00
2015.07.13 22:10:54.159,8.07679,8.08768,1.50,1.00
2015.07.13 22:10:58.283,8.07719,8.08768,1.75,1.00
2015.07.13 22:10:58.334,8.07902,8.08915,1.00,1.00
2015.07.13 22:10:58.385,8.07902,8.09008,1.00,1.00
2015.07.13 22:10:59.033,8.08009,8.09008,1.00,1.00
2015.07.13 22:10:59.084,8.08102,8.09106,1.00,1.00
2015.07.13 22:10:59.135,8.08102,8.09198,1.00,1.00
2015.07.13 22:10:59.686,8.08151,8.09198,1.00,1.00
2015.07.13 22:10:59.737,8.08202,8.09278,1.00,1.00
2015.07.13 22:11:00.523,8.08292,8.09338,1.00,1.00
2015.07.13 22:11:01.087,8.08292,8.09328,1.00,1.00
2015.07.13 22:11:03.127,8.08292,8.09287,1.00,1.00
2015.07.13 22:11:04.124,8.08292,8.09258,1.00,1.00
2015.07.13 22:11:04.994,8.08292,8.09248,1.00,1.00
2015.07.13 22:11:05.995,8.08292,8.09237,1.00,1.00
2015.07.13 22:11:08.135,8.08292,8.09227,1.00,1.00
2015.07.13 22:11:09.701,8.08292,8.09228,1.00,1.00
2015.07.13 22:11:16.145,8.08352,8.09228,1.00,1.00
2015.07.13 22:11:17.114,8.08352,8.09238,1.00,1.00
2015.07.13 22:11:27.334,8.08432,8.09238,1.00,1.00
2015.07.13 22:11:27.736,8.08432,8.09228,1.00,1.00
2015.07.13 22:11:27.837,8.08492,8.09358,1.00,1.00
2015.07.13 22:11:27.888,8.08492,8.09358,1.75,1.00
2015.07.13 22:11:28.662,8.08492,8.09348,1.75,1.00
2015.07.13 22:11:29.039,8.08492,8.09338,1.75,1.00
2015.07.13 22:11:29.663,8.08492,8.09318,1.75,1.00
2015.07.13 22:11:29.999,8.08492,8.09308,1.75,1.00
2015.07.13 22:11:30.301,8.08546,8.09298,1.75,1.00
2015.07.13 22:11:30.649,8.08584,8.09277,1.75,1.00
2015.07.13 22:11:30.967,8.08495,8.09268,1.75,1.00
2015.07.13 22:11:31.088,8.08482,8.09268,1.75,1.00
2015.07.13 22:11:31.245,8.08482,8.09257,1.75,1.00
2015.07.13 22:11:31.574,8.08482,8.09257,1.00,1.00
2015.07.13 22:11:31.675,8.08482,8.09456,1.00,1.75
2015.07.13 22:11:32.870,8.08482,8.09456,1.00,1.75
2015.07.13 22:11:39.504,8.08482,8.09376,1.00,1.75
2015.07.13 22:11:39.555,8.0846,8.09376,1.00,1.75
2015.07.13 22:11:39.706,8.08282,8.09292,1.00,1.75
2015.07.13 22:11:40.080,8.08282,8.09292,1.00,1.75
2015.07.13 22:11:42.387,8.08282,8.09243,1.00,1.75
2015.07.13 22:11:42.438,8.08202,8.09243,1.00,1.75
2015.07.13 22:11:42.638,8.08202,8.09243,1.00,1.00
2015.07.13 22:11:42.689,8.08219,8.09268,1.00,1.00
2015.07.13 22:11:42.739,8.08292,8.09298,1.00,1.00
2015.07.13 22:11:42.840,8.08292,8.09338,1.00,1.00
2015.07.13 22:11:42.992,8.08232,8.09278,1.00,1.00
2015.07.13 22:11:47.147,8.08232,8.09278,1.00,1.75
2015.07.13 22:11:47.612,8.08232,8.09278,1.00,1.75
2015.07.13 22:11:52.083,8.08232,8.09168,1.00,1.00
2015.07.13 22:11:52.193,8.08232,8.09188,1.00,1.00
2015.07.13 22:11:52.244,8.08282,8.09348,1.00,1.00
2015.07.13 22:11:55.237,8.08344,8.09348,1.00,1.00
2015.07.13 22:11:55.569,8.08344,8.09327,1.00,1.00
2015.07.13 22:11:55.890,8.08492,8.09328,1.00,1.00
2015.07.13 22:11:56.131,8.08492,8.09464,1.00,1.75
2015.07.13 22:11:58.243,8.08602,8.09418,1.00,1.75
2015.07.13 22:11:58.548,8.08602,8.09348,1.00,1.00
2015.07.13 22:12:10.956,8.08602,8.09435,1.00,1.50
2015.07.13 22:12:11.124,8.08602,8.09512,1.00,1.75
2015.07.13 22:12:14.230,8.08602,8.09417,1.00,1.00
2015.07.13 22:12:14.971,8.08602,8.09397,1.00,1.00
2015.07.13 22:12:15.834,8.08602,8.09368,1.00,1.00
2015.07.13 22:12:16.836,8.08602,8.09348,1.00,1.00
2015.07.13 22:12:17.171,8.08542,8.09348,1.00,1.00
2015.07.13 22:12:17.337,8.08542,8.09337,1.00,1.00
2015.07.13 22:12:18.171,8.08543,8.09327,1.00,1.00
2015.07.13 22:12:19.342,8.08562,8.09328,1.00,1.00
2015.07.13 22:12:20.381,8.08573,8.09317,1.00,1.00
2015.07.13 22:12:21.245,8.08582,8.09318,1.00,1.00
2015.07.13 22:12:26.168,8.08623,8.09318,1.75,1.00
2015.07.13 22:12:26.269,8.08586,8.09317,1.00,1.00
2015.07.13 22:12:26.383,8.08582,8.09318,1.00,1.00
2015.07.13 22:12:26.568,8.08582,8.09318,1.75,1.00
2015.07.13 22:12:28.173,8.08582,8.09318,1.75,1.00
2015.07.13 22:12:39.395,8.08592,8.09308,1.75,1.00
2015.07.13 22:12:46.008,8.08592,8.09308,1.75,1.00
2015.07.13 22:12:46.624,8.08602,8.09318,1.75,1.00
2015.07.13 22:12:47.311,8.08602,8.09318,1.75,1.00
2015.07.13 22:12:49.715,8.08602,8.09318,1.75,1.00
2015.07.13 22:12:49.842,8.08602,8.09318,1.00,1.00
2015.07.13 22:12:49.943,8.08592,8.09318,1.00,1.00
2015.07.13 22:12:50.135,8.08592,8.09318,1.75,1.00
2015.07.13 22:12:57.873,8.08678,8.09451,1.00,1.75
2015.07.13 22:12:57.974,8.08712,8.09488,1.75,1.75
2015.07.13 22:12:58.028,8.08712,8.09488,1.75,1.75
2015.07.13 22:12:58.657,8.08623,8.09443,1.75,1.75
2015.07.13 22:12:59.650,8.08693,8.09443,1.00,1.75
2015.07.13 22:13:00.009,8.08702,8.09443,1.75,1.75
2015.07.13 22:13:00.372,8.08732,8.09443,1.00,1.75
2015.07.13 22:13:00.852,8.08753,8.09443,1.00,1.75
2015.07.13 22:13:01.261,8.08762,8.09443,1.00,1.75
2015.07.13 22:13:01.854,8.08782,8.09443,1.00,1.75
2015.07.13 22:13:02.855,8.08792,8.09443,1.00,1.75
2015.07.13 22:13:03.408,8.08803,8.09443,1.00,1.75
2015.07.13 22:13:03.962,8.08803,8.09443,1.00,1.75
2015.07.13 22:13:04.357,8.08812,8.09443,1.00,1.75
2015.07.13 22:13:06.060,8.08822,8.09443,1.00,1.75
2015.07.13 22:13:06.573,8.08822,8.09443,1.00,1.75
2015.07.13 22:13:07.165,8.08822,8.09443,1.00,1.75
2015.07.13 22:13:07.862,8.08832,8.09443,1.00,1.75
2015.07.13 22:13:15.898,8.08832,8.09437,1.00,1.75
2015.07.13 22:13:15.999,8.08832,8.09418,1.00,1.00
2015.07.13 22:13:16.050,8.08832,8.09437,1.00,1.00
2015.07.13 22:13:16.157,8.08812,8.09437,1.00,1.00
2015.07.13 22:13:16.208,8.08782,8.09437,1.00,1.00
2015.07.13 22:13:16.683,8.08762,8.09437,1.00,1.00
2015.07.13 22:13:18.682,8.08772,8.09437,1.00,1.00
2015.07.13 22:13:23.632,8.08762,8.09437,1.00,1.00
2015.07.13 22:13:27.596,8.08763,8.09437,1.00,1.00
2015.07.13 22:13:27.901,8.08753,8.09437,1.00,1.00
2015.07.13 22:13:29.132,8.08752,8.09437,1.00,1.00
2015.07.13 22:13:29.278,8.08752,8.09437,1.75,1.00
2015.07.13 22:13:30.983,8.08762,8.09437,1.00,1.00
2015.07.13 22:13:31.135,8.08752,8.09437,1.00,1.00
2015.07.13 22:13:39.122,8.08641,8.09437,1.75,1.00
2015.07.13 22:13:39.223,8.08641,8.09437,1.00,1.00
2015.07.13 22:13:45.163,8.08523,8.09403,1.00,1.00
2015.07.13 22:13:45.213,8.08523,8.09403,1.00,1.75
2015.07.13 22:13:45.315,8.08398,8.09404,1.00,1.75
2015.07.13 22:13:46.743,8.08429,8.09388,1.00,1.75
2015.07.13 22:13:47.725,8.08485,8.09332,1.00,1.75
2015.07.13 22:13:51.821,8.08485,8.09332,1.75,1.00
2015.07.13 22:13:53.321,8.08485,8.09332,1.00,1.00
2015.07.13 22:13:59.372,8.08463,8.0945,1.00,1.75
2015.07.13 22:13:59.473,8.08372,8.09418,1.00,1.75
2015.07.13 22:13:59.574,8.08372,8.09218,1.00,1.00
2015.07.13 22:13:59.624,8.08187,8.09088,1.00,1.00
2015.07.13 22:14:01.465,8.08235,8.09079,1.00,1.00
2015.07.13 22:14:02.845,8.08287,8.09027,1.00,1.00
2015.07.13 22:14:03.365,8.08287,8.08914,1.00,1.75
2015.07.13 22:14:03.416,8.08176,8.08914,1.00,1.75
2015.07.13 22:14:03.517,8.07882,8.08887,1.75,1.75
2015.07.13 22:14:03.685,8.07818,8.08887,1.75,1.00
2015.07.13 22:14:03.739,8.07818,8.08887,1.00,1.00
2015.07.13 22:14:03.840,8.07818,8.08887,1.00,1.75
2015.07.13 22:14:05.969,8.07818,8.08823,1.75,1.75
2015.07.13 22:14:06.848,8.07849,8.08823,1.00,1.75
2015.07.13 22:14:06.949,8.07812,8.08823,1.75,1.75
2015.07.13 22:14:07.061,8.07813,8.08756,1.00,1.37
2015.07.13 22:14:07.163,8.07776,8.08778,1.00,1.75
2015.07.13 22:14:07.263,8.07732,8.08778,1.00,1.75
2015.07.13 22:14:07.539,8.07763,8.08778,1.00,1.75
2015.07.13 22:14:07.890,8.07763,8.08757,1.00,1.75
2015.07.13 22:14:08.381,8.07763,8.08754,1.75,1.75
2015.07.13 22:14:09.081,8.0782,8.08754,1.00,1.75
2015.07.13 22:14:12.681,8.07832,8.08754,1.00,1.75
2015.07.13 22:14:13.682,8.07843,8.08753,1.00,1.75
2015.07.13 22:14:14.484,8.07852,8.08754,1.00,1.75
2015.07.13 22:14:19.594,8.07862,8.08754,1.00,1.75
2015.07.13 22:14:23.322,8.07862,8.08754,1.00,1.75
2015.07.13 22:14:23.428,8.07794,8.08577,1.00,1.75
2015.07.13 22:14:23.529,8.07742,8.08577,1.00,1.75
2015.07.13 22:14:24.912,8.07752,8.08577,1.00,1.75
2015.07.13 22:14:26.888,8.07752,8.08536,1.00,1.75
2015.07.13 22:14:27.226,8.07762,8.08526,1.00,1.75
2015.07.13 22:14:27.572,8.07762,8.08481,1.00,1.75
2015.07.13 22:14:27.697,8.07762,8.08464,1.00,1.75
2015.07.13 22:14:35.129,8.07773,8.08502,1.00,1.75
2015.07.13 22:14:37.418,8.07773,8.08479,1.00,1.75
2015.07.13 22:14:44.632,8.07773,8.08479,1.00,1.00
2015.07.13 22:14:44.684,8.0775,8.08479,1.00,1.00
2015.07.13 22:14:47.070,8.0775,8.08479,1.00,1.75
2015.07.13 22:14:48.752,8.0775,8.08462,1.00,1.75
2015.07.13 22:14:48.941,8.0775,8.08479,1.00,1.00
2015.07.13 22:15:28.345,8.0775,8.08479,1.00,1.75
2015.07.13 22:15:30.941,8.0775,8.08479,1.00,1.50
2015.07.13 22:15:35.567,8.07662,8.08498,1.00,1.75
2015.07.13 22:15:35.625,8.07662,8.08498,1.00,1.75
2015.07.13 22:15:35.960,8.07714,8.08461,1.00,1.75
2015.07.13 22:15:39.553,8.07709,8.08478,1.00,1.75
2015.07.13 22:15:40.465,8.07755,8.08436,1.00,1.00
2015.07.13 22:15:41.838,8.07755,8.08436,1.00,1.75
2015.07.13 22:15:43.082,8.07755,8.08436,1.00,1.00
2015.07.13 22:15:45.063,8.07755,8.08436,1.00,1.75
2015.07.13 22:15:45.241,8.07752,8.0846,1.00,1.75
2015.07.13 22:15:46.855,8.07752,8.0846,1.00,1.75
2015.07.13 22:15:46.981,8.07752,8.0846,1.00,1.00
2015.07.13 22:15:48.734,8.07752,8.08458,1.00,1.00
2015.07.13 22:15:49.193,8.07752,8.08446,1.00,1.75
2015.07.13 22:15:49.694,8.07752,8.08457,1.00,1.75
2015.07.13 22:15:54.808,8.07752,8.08458,1.00,1.75
2015.07.13 22:15:56.011,8.07752,8.08458,1.00,1.75
2015.07.13 22:15:56.077,8.07752,8.08458,1.00,1.75
2015.07.13 22:15:58.491,8.07752,8.08457,1.00,1.00
2015.07.13 22:16:20.432,8.07752,8.08448,1.00,1.00
2015.07.13 22:16:35.969,8.07752,8.08448,1.00,1.75
2015.07.13 22:16:37.197,8.07752,8.08448,1.00,1.75
2015.07.13 22:16:37.298,8.07752,8.08448,1.00,1.37
2015.07.13 22:16:45.353,8.07643,8.08447,1.00,1.37
2015.07.13 22:16:53.398,8.07652,8.08448,1.00,1.37
2015.07.13 22:17:01.030,8.07652,8.08436,1.00,1.75
2015.07.13 22:17:06.129,8.07662,8.08436,1.00,1.75
2015.07.13 22:17:08.132,8.07673,8.08435,1.00,1.75
2015.07.13 22:17:12.020,8.07673,8.08435,1.00,1.75
2015.07.13 22:17:13.811,8.07672,8.08444,1.00,1.75
2015.07.13 22:17:14.345,8.07692,8.08444,1.00,1.75
2015.07.13 22:17:14.747,8.07702,8.08438,1.00,1.75
2015.07.13 22:17:15.852,8.07712,8.08438,1.00,1.75
2015.07.13 22:17:17.860,8.07722,8.08438,1.00,1.75
2015.07.13 22:17:18.258,8.07722,8.08428,1.00,1.75
2015.07.13 22:17:18.662,8.07713,8.08427,1.00,1.75
2015.07.13 22:17:19.531,8.07713,8.08427,1.00,1.75
2015.07.13 22:17:19.632,8.07712,8.08366,1.00,1.75
2015.07.13 22:17:23.175,8.07722,8.0843,1.00,1.75
2015.07.13 22:17:27.073,8.07722,8.08421,1.00,1.75
2015.07.13 22:17:27.598,8.07723,8.084,1.00,1.75
2015.07.13 22:17:32.098,8.07732,8.08401,1.00,1.75
2015.07.13 22:17:48.646,8.07722,8.08401,1.00,1.75
2015.07.13 22:17:52.128,8.07722,8.08401,1.00,1.00
2015.07.13 22:17:52.179,8.07722,8.08514,1.00,1.75
2015.07.13 22:18:17.367,8.07722,8.08514,1.00,1.00
2015.07.13 22:18:17.420,8.07722,8.08617,1.00,1.00
2015.07.13 22:18:17.622,8.07585,8.08617,1.00,1.00
2015.07.13 22:18:17.673,8.07585,8.08627,1.00,1.00
2015.07.13 22:18:18.701,8.07585,8.08627,1.75,1.00
2015.07.13 22:18:19.024,8.07634,8.08627,1.00,1.00
2015.07.13 22:18:19.383,8.07782,8.08498,1.00,1.00
2015.07.13 22:18:19.585,8.07722,8.09118,1.75,1.00
2015.07.13 22:18:19.685,8.07727,8.09118,1.75,1.00
2015.07.13 22:18:19.736,8.07746,8.09148,1.00,1.00
2015.07.13 22:18:20.117,8.07746,8.09136,1.00,1.00
2015.07.13 22:18:21.137,8.07744,8.09116,1.00,1.00
2015.07.13 22:18:25.178,8.07744,8.09116,1.75,1.00
2015.07.13 22:18:25.574,8.07897,8.09148,1.00,1.00
2015.07.13 22:18:28.558,8.07897,8.09147,1.00,1.00
2015.07.13 22:18:28.959,8.07897,8.09138,1.00,1.00
2015.07.13 22:18:30.346,8.07897,8.09127,1.00,1.00
2015.07.13 22:18:31.348,8.07897,8.09138,1.00,1.00
2015.07.13 22:18:44.793,8.07911,8.09138,1.00,1.00
2015.07.13 22:18:48.277,8.07911,8.09137,1.00,1.00
2015.07.13 22:18:54.928,8.07756,8.09228,1.00,1.00
2015.07.13 22:18:54.979,8.07753,8.09228,1.00,1.00
2015.07.13 22:18:55.080,8.07865,8.09228,1.00,1.00
2015.07.13 22:18:56.391,8.07865,8.09218,1.00,1.00
2015.07.13 22:18:57.408,8.07865,8.09198,1.00,1.00
2015.07.13 22:18:58.395,8.07865,8.09178,1.00,1.00
2015.07.13 22:18:59.446,8.07865,8.09168,1.00,1.00
2015.07.13 22:18:59.876,8.07865,8.08655,1.00,0.75
2015.07.13 22:18:59.927,8.07692,8.08633,1.12,1.00
2015.07.13 22:18:59.978,8.07692,8.08633,1.00,1.75
2015.07.13 22:19:00.028,8.07593,8.08797,1.75,1.75
2015.07.13 22:19:00.079,8.07593,8.08797,1.75,1.75
2015.07.13 22:19:01.191,8.07593,8.08719,1.75,1.00
2015.07.13 22:19:01.772,8.07651,8.0864,1.00,1.00
2015.07.13 22:19:02.553,8.07698,8.08592,1.00,1.00
2015.07.13 22:19:03.795,8.07744,8.08546,1.00,1.00
2015.07.13 22:19:06.148,8.07744,8.08538,1.00,1.00
2015.07.13 22:19:06.646,8.07744,8.08528,1.00,1.00
2015.07.13 22:19:07.133,8.07744,8.08546,1.00,1.00
2015.07.13 22:19:07.184,8.07682,8.08738,1.00,1.00
2015.07.13 22:19:07.468,8.07662,8.08738,1.00,1.00
2015.07.13 22:19:07.621,8.07653,8.08803,1.00,1.00
2015.07.13 22:19:07.722,8.07593,8.08873,1.75,1.00
2015.07.13 22:19:07.823,8.07593,8.08873,1.12,1.00
2015.07.13 22:19:08.001,8.07654,8.09015,1.00,1.00
2015.07.13 22:19:08.102,8.07654,8.09042,1.00,1.00
2015.07.13 22:19:09.204,8.07636,8.09124,1.00,1.00
2015.07.13 22:19:10.906,8.07741,8.09129,1.00,1.00
2015.07.13 22:19:11.218,8.07849,8.09178,1.00,1.00
2015.07.13 22:19:11.908,8.07741,8.09178,1.00,1.00
2015.07.13 22:19:11.959,8.07741,8.09168,1.00,1.00
2015.07.13 22:19:12.633,8.07741,8.09188,1.00,1.00
2015.07.13 22:19:13.036,8.07741,8.09178,1.00,1.00
2015.07.13 22:19:13.137,8.07734,8.09178,1.00,1.00
2015.07.13 22:19:14.012,8.07734,8.09178,1.37,1.00
2015.07.13 22:19:14.700,8.07734,8.09178,1.37,1.00
2015.07.13 22:19:14.847,8.07734,8.09168,1.37,1.00
2015.07.13 22:19:14.998,8.07734,8.09168,1.00,1.00
2015.07.13 22:19:16.168,8.07734,8.09158,1.00,1.00
2015.07.13 22:19:21.978,8.07734,8.09157,1.00,1.00
2015.07.13 22:19:31.167,8.07734,8.09188,1.00,1.00
2015.07.13 22:19:31.518,8.07734,8.09188,1.75,1.00
2015.07.13 22:19:31.895,8.0773,8.09228,1.75,1.00
2015.07.13 22:19:32.496,8.0773,8.09228,1.75,1.00
2015.07.13 22:19:33.106,8.0773,8.09217,1.75,1.00
2015.07.13 22:19:33.911,8.0773,8.09208,1.75,1.00
2015.07.13 22:19:35.417,8.0773,8.09197,1.75,1.00
2015.07.13 22:19:36.376,8.0773,8.09188,1.75,1.00
2015.07.13 22:19:37.377,8.0773,8.09178,1.75,1.00
2015.07.13 22:19:39.380,8.0773,8.09168,1.75,1.00
2015.07.13 22:19:40.416,8.0773,8.09158,1.75,1.00
2015.07.13 22:19:56.606,8.07809,8.09158,1.00,1.00
2015.07.13 22:19:57.909,8.07789,8.09158,1.00,1.00
2015.07.13 22:19:57.960,8.07732,8.09158,1.00,1.00
2015.07.13 22:19:58.922,8.07732,8.09148,1.00,1.00
2015.07.13 22:20:00.127,8.07732,8.09138,1.00,1.00
2015.07.13 22:20:02.158,8.07732,8.09158,1.00,1.00
2015.07.13 22:20:03.921,8.07732,8.09168,1.00,1.00
2015.07.13 22:20:06.843,8.07732,8.09158,1.00,1.00
2015.07.13 22:20:08.645,8.07732,8.09157,1.00,1.00
2015.07.13 22:20:17.156,8.07732,8.09148,1.00,1.00
2015.07.13 22:20:17.397,8.07732,8.09158,1.00,1.00
2015.07.13 22:20:18.098,8.07732,8.09168,1.00,1.00
2015.07.13 22:20:18.358,8.07732,8.09157,1.00,1.00
2015.07.13 22:20:20.161,8.07732,8.09168,1.00,1.00
2015.07.13 22:20:21.579,8.07806,8.09166,1.00,1.00
2015.07.13 22:20:22.009,8.07826,8.09146,1.00,1.00
2015.07.13 22:20:23.866,8.07826,8.09138,1.00,1.00
2015.07.13 22:20:25.868,8.07826,8.09128,1.00,1.00
2015.07.13 22:20:27.871,8.07826,8.09117,1.00,1.00
2015.07.13 22:20:28.387,8.07826,8.09146,1.00,1.00
2015.07.13 22:20:28.626,8.07806,8.09166,1.00,1.00
2015.07.13 22:20:28.820,8.07738,8.09168,1.00,1.00
2015.07.13 22:20:30.418,8.07738,8.09167,1.00,1.00
2015.07.13 22:20:38.007,8.07738,8.09158,1.00,1.00
2015.07.13 22:20:40.894,8.07738,8.09157,1.00,1.00
2015.07.13 22:20:41.244,8.07794,8.09115,1.00,1.00
2015.07.13 22:20:43.570,8.07722,8.09168,1.00,1.50
2015.07.13 22:20:46.512,8.07722,8.09167,1.00,1.00
2015.07.13 22:20:46.768,8.07809,8.09129,1.00,1.00
2015.07.13 22:20:47.182,8.07735,8.09168,1.00,1.00
2015.07.13 22:20:50.117,8.07735,8.09158,1.00,1.00
2015.07.13 22:20:50.443,8.07739,8.09127,1.00,1.00
2015.07.13 22:21:00.790,8.07721,8.09042,1.00,1.00
2015.07.13 22:21:01.124,8.07658,8.09034,1.00,1.00
2015.07.13 22:21:01.422,8.07658,8.08961,1.00,1.00
2015.07.13 22:21:02.173,8.07658,8.08961,1.37,1.00
2015.07.13 22:21:02.539,8.07742,8.08928,1.00,1.00
2015.07.13 22:21:03.426,8.0771,8.08961,1.00,1.00
2015.07.13 22:21:05.211,8.0771,8.08838,1.00,1.00
2015.07.13 22:21:05.626,8.0771,8.08838,1.00,1.75
2015.07.13 22:21:05.727,8.07651,8.08838,1.00,1.75
2015.07.13 22:21:07.112,8.07651,8.08838,1.00,1.00
2015.07.13 22:21:07.214,8.07727,8.08886,1.00,1.00
2015.07.13 22:21:07.326,8.07687,8.08886,1.00,1.00
2015.07.13 22:21:07.427,8.07687,8.08906,1.00,1.00
2015.07.13 22:21:07.485,8.07687,8.09049,1.00,1.00
2015.07.13 22:21:07.536,8.07605,8.09049,1.00,1.00
2015.07.13 22:21:07.642,8.07652,8.09049,1.00,1.00
2015.07.13 22:21:07.844,8.07654,8.09108,1.00,1.00
2015.07.13 22:21:09.607,8.07852,8.09108,1.00,1.00
2015.07.13 22:21:10.076,8.07885,8.09108,1.00,1.00
2015.07.13 22:21:10.177,8.07885,8.09198,1.75,1.00
2015.07.13 22:21:11.016,8.08052,8.09168,1.00,1.00
2015.07.13 22:21:13.253,8.08192,8.09267,1.00,1.75
2015.07.13 22:21:13.303,8.08192,8.09267,1.00,1.75
2015.07.13 22:21:14.105,8.08192,8.09308,1.75,1.75
2015.07.13 22:21:15.375,8.08382,8.09298,1.00,1.75
2015.07.13 22:21:15.609,8.08382,8.09298,1.00,1.75
2015.07.13 22:21:17.114,8.08382,8.09268,1.00,1.00
2015.07.13 22:21:17.176,8.08181,8.09268,1.00,1.00
2015.07.13 22:21:17.264,8.08174,8.09294,1.00,1.75
2015.07.13 22:21:17.319,8.08154,8.09325,1.00,1.75
2015.07.13 22:21:17.370,8.08006,8.09325,1.00,1.75
2015.07.13 22:21:17.421,8.08004,8.09325,1.00,1.75
2015.07.13 22:21:17.529,8.08004,8.09298,1.00,1.00
2015.07.13 22:21:18.037,8.08004,8.09298,1.00,1.75
2015.07.13 22:21:18.373,8.07823,8.09266,1.00,1.75
2015.07.13 22:21:18.515,8.07823,8.09266,1.00,1.00
2015.07.13 22:21:18.633,8.07834,8.09155,1.00,1.00
2015.07.13 22:21:36.662,8.07822,8.09134,1.00,1.00
2015.07.13 22:21:37.002,8.07802,8.09046,1.00,1.00
2015.07.13 22:21:37.053,8.07732,8.09046,1.00,1.00
2015.07.13 22:21:38.017,8.07732,8.09046,1.00,1.75
2015.07.13 22:21:48.843,8.07732,8.09046,1.50,1.00
2015.07.13 22:21:52.415,8.07726,8.09046,1.00,1.00
2015.07.13 22:22:03.512,8.07714,8.09022,1.00,1.00
2015.07.13 22:22:03.843,8.07733,8.09022,1.00,1.00
2015.07.13 22:22:04.263,8.07772,8.09022,1.00,1.00
2015.07.13 22:22:04.517,8.0779,8.09042,1.00,1.00
2015.07.13 22:22:04.741,8.0779,8.09111,1.00,1.00
2015.07.13 22:22:05.668,8.07812,8.09111,1.00,1.00
2015.07.13 22:22:06.669,8.07822,8.09111,1.00,1.00
2015.07.13 22:22:07.715,8.07813,8.09111,1.00,1.00
2015.07.13 22:22:08.298,8.07812,8.09111,1.00,1.00
2015.07.13 22:22:10.405,8.07793,8.09111,1.00,1.00
2015.07.13 22:22:10.577,8.07802,8.09111,1.00,1.00
2015.07.13 22:22:11.578,8.07812,8.09111,1.00,1.00
2015.07.13 22:22:13.926,8.07822,8.09111,1.00,1.00
2015.07.13 22:22:17.336,8.07792,8.09111,1.00,1.00
2015.07.13 22:22:24.327,8.07802,8.09109,1.00,1.00
2015.07.13 22:22:24.714,8.07822,8.09109,1.00,1.00
2015.07.13 22:22:25.016,8.07833,8.09109,1.00,1.00
2015.07.13 22:22:25.380,8.07842,8.09109,1.00,1.00
2015.07.13 22:22:25.754,8.07863,8.09109,1.00,1.00
2015.07.13 22:22:26.921,8.07872,8.09109,1.00,1.00
2015.07.13 22:22:28.634,8.07883,8.09109,1.00,1.00
2015.07.13 22:22:30.527,8.07862,8.09109,1.00,1.00
2015.07.13 22:22:31.428,8.07872,8.09109,1.00,1.00
2015.07.13 22:22:31.929,8.07882,8.09109,1.00,1.00
2015.07.13 22:22:34.633,8.07872,8.09109,1.00,1.00
2015.07.13 22:22:36.936,8.07862,8.09109,1.00,1.00
2015.07.13 22:22:38.566,8.07852,8.09109,1.00,1.00
2015.07.13 22:22:44.758,8.07852,8.09129,1.00,1.00
2015.07.13 22:22:44.809,8.07852,8.09141,1.00,1.00
2015.07.13 22:22:48.151,8.07862,8.09141,1.00,1.00
2015.07.13 22:22:59.670,8.07852,8.09141,1.00,1.00
2015.07.13 22:23:04.179,8.07862,8.09141,1.00,1.00
2015.07.13 22:23:04.803,8.0787,8.09148,1.00,1.00
2015.07.13 22:23:05.795,8.07892,8.0919,1.00,1.00
2015.07.13 22:23:19.116,8.07893,8.0919,1.00,1.00
2015.07.13 22:23:22.424,8.07892,8.0919,1.00,1.00
2015.07.13 22:23:24.354,8.07892,8.09184,1.50,1.00
2015.07.13 22:23:25.758,8.07912,8.09184,1.00,1.00
2015.07.13 22:23:27.061,8.07922,8.09184,1.00,1.00
2015.07.13 22:23:27.562,8.07932,8.09184,1.00,1.00
2015.07.13 22:23:28.138,8.07942,8.09184,1.00,1.00
2015.07.13 22:23:28.263,8.07932,8.09184,1.00,1.00
2015.07.13 22:23:29.240,8.07952,8.09184,1.00,1.00
2015.07.13 22:23:44.761,8.07952,8.09241,1.00,1.00
2015.07.13 22:23:49.282,8.07953,8.09241,1.00,1.00
2015.07.13 22:23:50.834,8.07952,8.09241,1.50,1.00
2015.07.13 22:23:52.592,8.07962,8.09241,1.00,1.00
2015.07.13 22:23:54.403,8.07963,8.09241,1.00,1.00
2015.07.13 22:23:54.593,8.07952,8.09241,1.50,1.00
2015.07.13 22:24:00.907,8.07953,8.09241,1.00,1.00
2015.07.13 22:24:01.958,8.07952,8.09241,1.50,1.00
2015.07.13 22:24:02.249,8.07962,8.09241,1.00,1.00
2015.07.13 22:24:03.261,8.07972,8.09241,1.00,1.00
2015.07.13 22:24:04.818,8.07972,8.09268,1.00,1.00
2015.07.13 22:24:05.644,8.07963,8.09268,1.00,1.00
2015.07.13 22:24:05.721,8.07952,8.09268,1.50,1.00
2015.07.13 22:24:07.168,8.07953,8.09268,1.00,1.00
2015.07.13 22:24:08.124,8.07962,8.09268,1.00,1.00
2015.07.13 22:24:09.573,8.07973,8.09268,1.00,1.00
2015.07.13 22:24:09.974,8.07962,8.09268,1.00,1.00
2015.07.13 22:24:11.030,8.07963,8.09268,1.00,1.00
2015.07.13 22:24:11.131,8.07952,8.09268,1.50,1.37
2015.07.13 22:24:16.443,8.07963,8.09268,1.00,1.37
2015.07.13 22:24:17.845,8.07972,8.09268,1.00,1.37
2015.07.13 22:24:19.349,8.07962,8.09268,1.00,1.37
2015.07.13 22:24:19.400,8.07952,8.09268,1.50,1.00
2015.07.13 22:24:19.501,8.07952,8.09208,1.00,1.00
2015.07.13 22:24:19.650,8.07922,8.09192,1.00,1.00
2015.07.13 22:24:20.795,8.07932,8.09192,1.00,1.00
2015.07.13 22:24:34.724,8.07903,8.09192,1.00,1.00
2015.07.13 22:24:34.775,8.07903,8.09208,1.00,1.00
2015.07.13 22:24:35.781,8.07902,8.09208,2.04,1.00
2015.07.13 22:24:37.087,8.07913,8.09208,1.79,1.00
2015.07.13 22:24:38.089,8.07922,8.09208,2.39,1.00
2015.07.13 22:24:38.790,8.07923,8.09208,1.74,1.00
2015.07.13 22:24:40.594,8.07932,8.09208,1.00,1.00
2015.07.13 22:24:43.701,8.07933,8.09208,1.00,1.00
2015.07.13 22:24:43.901,8.07912,8.09208,1.00,1.00
2015.07.13 22:24:44.022,8.07903,8.09208,1.00,1.00
2015.07.13 22:24:44.402,8.07912,8.09208,1.00,1.00
2015.07.13 22:24:44.843,8.07922,8.09208,1.00,1.00
2015.07.13 22:24:46.507,8.07933,8.09208,1.00,1.00
2015.07.13 22:24:48.143,8.07922,8.09208,1.00,1.00
2015.07.13 22:24:48.311,8.07902,8.09208,1.00,1.00
2015.07.13 22:24:51.418,8.07892,8.09208,1.00,1.00
2015.07.13 22:25:04.800,8.07886,8.09205,1.00,1.00
2015.07.13 22:25:24.842,8.07894,8.09208,1.00,1.00
2015.07.13 22:25:44.854,8.07884,8.09204,1.00,1.00
2015.07.13 22:26:04.789,8.07895,8.09208,1.00,1.00
2015.07.13 22:26:08.590,8.07903,8.09208,1.00,1.00
2015.07.13 22:26:08.891,8.07912,8.09208,1.00,1.00
2015.07.13 22:26:10.195,8.07932,8.09208,1.00,1.00
2015.07.13 22:26:12.238,8.07942,8.09208,1.00,1.00
2015.07.13 22:26:18.317,8.07912,8.09208,2.64,1.00
2015.07.13 22:26:18.553,8.07902,8.09208,2.36,1.00
2015.07.13 22:26:18.619,8.07895,8.09208,1.58,1.00
2015.07.13 22:26:18.754,8.07895,8.09208,1.00,1.00
2015.07.13 22:26:19.055,8.07895,8.09208,1.00,1.37
2015.07.13 22:26:19.720,8.07895,8.09208,1.00,1.00
2015.07.13 22:26:19.999,8.07895,8.09196,1.00,1.00
2015.07.13 22:26:20.404,8.07882,8.09176,2.23,1.00
2015.07.13 22:26:23.063,8.07883,8.09176,2.06,1.00
2015.07.13 22:26:23.579,8.07882,8.09176,2.25,1.00
2015.07.13 22:26:26.173,8.07902,8.09176,1.00,1.00
2015.07.13 22:26:41.575,8.07882,8.09176,1.00,1.00
2015.07.13 22:26:44.791,8.07882,8.09194,1.00,1.00
2015.07.13 22:26:56.738,8.07882,8.09194,1.00,1.50
2015.07.13 22:26:57.139,8.07882,8.09194,1.00,1.00
2015.07.13 22:27:04.836,8.07891,8.09208,1.00,1.00
2015.07.13 22:27:22.837,8.07899,8.09208,1.00,1.00
2015.07.13 22:27:44.772,8.07882,8.09191,1.00,1.00
2015.07.13 22:27:59.449,8.07882,8.09191,1.00,1.75
2015.07.13 22:28:04.779,8.07882,8.09159,1.00,1.00
2015.07.13 22:28:24.714,8.07882,8.09175,1.00,1.00
2015.07.13 22:28:33.099,8.07882,8.09175,1.00,1.75
2015.07.13 22:28:33.456,8.07892,8.09068,1.00,1.00
2015.07.13 22:29:44.956,8.07902,8.09115,1.00,1.00
2015.07.13 22:30:04.773,8.07902,8.09128,1.00,1.00
2015.07.13 22:30:20.410,8.08012,8.09172,1.00,1.00
2015.07.13 22:30:20.465,8.08012,8.09218,1.00,1.75
2015.07.13 22:30:20.804,8.08012,8.09218,1.00,1.00
2015.07.13 22:30:21.308,8.08012,8.09218,1.75,1.00
2015.07.13 22:30:21.613,8.08293,8.09057,1.00,1.00
2015.07.13 22:30:21.982,8.08242,8.08998,1.00,1.00
2015.07.13 22:30:22.980,8.08083,8.09137,1.00,1.75
2015.07.13 22:30:23.031,8.08083,8.09137,1.00,1.00
2015.07.13 22:30:24.419,8.08252,8.09018,1.00,1.00
2015.07.13 22:30:25.532,8.08202,8.08978,1.00,1.00
2015.07.13 22:30:25.722,8.08282,8.09078,1.00,1.00
2015.07.13 22:30:29.399,8.08453,8.09078,1.00,1.00
2015.07.13 22:30:29.782,8.08453,8.09068,1.00,1.00
2015.07.13 22:30:29.883,8.08453,8.09078,1.00,1.00
2015.07.13 22:30:31.680,8.08453,8.09068,1.00,1.00
2015.07.13 22:30:31.730,8.08415,8.09068,1.00,1.00
2015.07.13 22:30:31.880,8.08415,8.09079,1.00,1.00
2015.07.13 22:30:38.692,8.08415,8.09078,1.00,1.00
2015.07.13 22:30:47.307,8.08415,8.09068,1.00,1.00
2015.07.13 22:31:01.528,8.08415,8.09078,1.00,1.00
2015.07.13 22:31:08.849,8.08415,8.09068,1.00,1.00
2015.07.13 22:31:11.658,8.08415,8.09058,1.00,1.00
2015.07.13 22:31:12.661,8.08415,8.09047,1.00,1.00
2015.07.13 22:31:15.670,8.08415,8.09048,1.00,1.00
2015.07.13 22:31:15.820,8.08346,8.09048,1.00,1.00
2015.07.13 22:31:17.051,8.08346,8.09047,1.00,1.00
2015.07.13 22:31:24.901,8.08346,8.09048,1.00,1.00
2015.07.13 22:31:25.003,8.08289,8.09048,1.00,1.00
2015.07.13 22:31:25.172,8.08224,8.09048,1.00,1.00
2015.07.13 22:31:25.222,8.08224,8.09037,1.00,1.00
2015.07.13 22:31:25.502,8.08213,8.09038,1.00,1.00
2015.07.13 22:31:25.603,8.08213,8.09028,1.00,1.00
2015.07.13 22:31:26.051,8.08213,8.09038,1.00,1.00
2015.07.13 22:31:26.409,8.08213,8.09048,1.00,1.00
2015.07.13 22:31:26.610,8.08213,8.09068,1.00,1.00
2015.07.13 22:31:26.912,8.08213,8.09057,1.00,1.00
2015.07.13 22:31:28.038,8.08213,8.09058,1.00,1.00
2015.07.13 22:31:29.471,8.08213,8.09047,1.00,1.00
2015.07.13 22:31:29.862,8.08213,8.09038,1.00,1.00
2015.07.13 22:31:29.967,8.08213,8.09088,1.00,1.00
2015.07.13 22:31:30.231,8.08213,8.09077,1.00,1.00
2015.07.13 22:31:30.968,8.08213,8.09067,1.00,1.00
2015.07.13 22:31:33.844,8.08213,8.09058,1.00,1.00
2015.07.13 22:31:46.083,8.08213,8.09068,1.00,1.00
2015.07.13 22:31:47.385,8.08213,8.09058,1.00,1.00
2015.07.13 22:31:48.350,8.08213,8.09057,1.00,1.00
2015.07.13 22:31:51.511,8.08213,8.09058,1.00,1.00
2015.07.13 22:31:52.598,8.08213,8.09048,1.00,1.00
2015.07.13 22:32:03.315,8.08213,8.09058,1.00,1.00
2015.07.13 22:32:07.623,8.08213,8.09048,1.00,1.00
2015.07.13 22:32:11.930,8.08213,8.09057,1.00,1.00
2015.07.13 22:32:12.431,8.08213,8.09177,1.00,1.00
2015.07.13 22:32:12.836,8.08182,8.09178,1.00,1.00
2015.07.13 22:32:15.538,8.08182,8.09167,1.00,1.00
2015.07.13 22:32:16.755,8.08182,8.09177,1.00,1.00
2015.07.13 22:32:18.143,8.08182,8.09168,1.00,1.00
2015.07.13 22:32:18.481,8.08182,8.09178,1.00,1.00
2015.07.13 22:32:22.382,8.08182,8.09168,1.00,1.00
2015.07.13 22:32:23.961,8.08182,8.09177,1.00,1.00
2015.07.13 22:32:28.471,8.08182,8.09178,1.00,1.00
2015.07.13 22:32:29.216,8.08182,8.09177,1.00,1.00
2015.07.13 22:32:29.366,8.08182,8.09168,1.00,1.00
2015.07.13 22:32:32.373,8.08182,8.09177,1.00,1.00
2015.07.13 22:32:36.789,8.08182,8.09178,1.00,1.00
2015.07.13 22:32:37.288,8.08182,8.09168,1.00,1.00
2015.07.13 22:32:44.897,8.08182,8.09158,1.00,1.00
2015.07.13 22:32:54.415,8.08182,8.09148,1.00,1.00
2015.07.13 22:32:55.819,8.08182,8.09138,1.00,1.00
2015.07.13 22:32:56.242,8.08182,8.09148,1.00,1.00
2015.07.13 22:32:56.420,8.08182,8.09178,1.00,1.00
2015.07.13 22:32:58.034,8.08182,8.09168,1.00,1.00
2015.07.13 22:33:01.529,8.08182,8.09158,1.00,1.00
2015.07.13 22:33:03.340,8.08182,8.09168,1.00,1.00
2015.07.13 22:33:03.469,8.08182,8.09188,1.00,1.00
2015.07.13 22:33:05.484,8.08182,8.09178,1.00,1.00
2015.07.13 22:33:42.789,8.08182,8.09177,1.00,1.00
2015.07.13 22:33:44.038,8.08182,8.09178,1.00,1.00
2015.07.13 22:33:44.411,8.08182,8.09187,1.00,1.00
2015.07.13 22:33:45.212,8.08182,8.09188,1.00,1.00
2015.07.13 22:34:19.557,8.08182,8.09178,1.00,1.00
2015.07.13 22:34:20.559,8.08182,8.09168,1.00,1.00
2015.07.13 22:34:27.074,8.08182,8.09188,1.00,1.00
2015.07.13 22:34:30.178,8.08182,8.09198,1.00,1.00
2015.07.13 22:34:31.279,8.08182,8.09188,1.00,1.00
2015.07.13 22:34:34.908,8.08182,8.09207,1.00,1.00
2015.07.13 22:34:34.986,8.08182,8.09217,1.00,1.00
2015.07.13 22:34:38.693,8.08182,8.09228,1.00,1.00
2015.07.13 22:34:38.913,8.08182,8.09237,1.00,1.00
2015.07.13 22:34:40.398,8.08182,8.09248,1.00,1.00
2015.07.13 22:34:40.499,8.08182,8.09258,1.00,1.00
2015.07.13 22:34:40.664,8.08292,8.09278,1.00,1.00
2015.07.13 22:34:40.939,8.08292,8.09298,1.00,1.00
2015.07.13 22:34:41.247,8.08252,8.09327,1.00,1.00
2015.07.13 22:34:41.399,8.08252,8.09337,1.00,1.00
2015.07.13 22:34:42.244,8.08252,8.09338,1.00,1.00
2015.07.13 22:34:46.057,8.08252,8.09348,1.00,1.50
2015.07.13 22:34:46.379,8.08202,8.09358,1.00,1.00
2015.07.13 22:34:46.430,8.08202,8.09377,1.00,1.00
2015.07.13 22:34:47.244,8.08202,8.09378,1.00,1.00
2015.07.13 22:34:48.030,8.08202,8.09377,1.00,1.00
2015.07.13 22:34:49.836,8.08202,8.09378,1.00,1.00
2015.07.13 22:34:50.216,8.08163,8.09378,1.00,1.00
2015.07.13 22:35:14.763,8.08163,8.09368,1.00,1.00
2015.07.13 22:35:15.065,8.08163,8.09357,1.00,1.00
2015.07.13 22:35:16.154,8.08163,8.09338,1.00,1.00
2015.07.13 22:35:16.676,8.08163,8.09327,1.00,1.00
2015.07.13 22:35:32.431,8.08163,8.09328,1.00,1.00
2015.07.13 22:35:33.829,8.08116,8.09328,1.00,1.00
2015.07.13 22:35:34.174,8.08116,8.09318,1.00,1.00
2015.07.13 22:35:35.298,8.08116,8.09298,1.00,1.00
2015.07.13 22:35:39.940,8.08116,8.09308,1.00,1.00
2015.07.13 22:35:40.041,8.08082,8.09317,1.00,1.00
2015.07.13 22:35:40.141,8.08082,8.09328,1.00,1.00
2015.07.13 22:35:40.341,8.08082,8.09338,1.00,1.00
2015.07.13 22:35:40.542,8.08082,8.09348,1.00,1.00
2015.07.13 22:35:42.860,8.08082,8.09338,1.00,1.00
2015.07.13 22:35:44.056,8.08082,8.09358,1.00,1.00
2015.07.13 22:35:46.461,8.08082,8.09347,1.00,1.00
2015.07.13 22:35:49.781,8.08082,8.09348,1.00,1.00
2015.07.13 22:35:51.651,8.08082,8.09367,1.00,1.00
2015.07.13 22:35:51.763,8.08082,8.09383,1.00,1.00
2015.07.13 22:35:51.814,8.08144,8.09398,1.00,1.50
2015.07.13 22:35:52.161,8.08182,8.09398,1.00,1.00
2015.07.13 22:35:53.878,8.08182,8.09388,1.00,1.00
2015.07.13 22:35:57.886,8.08182,8.09368,1.00,1.00
2015.07.13 22:35:59.890,8.08182,8.09358,1.00,1.00
2015.07.13 22:36:11.124,8.08182,8.09368,1.00,1.00
2015.07.13 22:36:19.320,8.08182,8.09357,1.00,1.00
2015.07.13 22:36:19.643,8.08182,8.09378,1.00,1.00
2015.07.13 22:36:20.254,8.08182,8.09377,1.00,1.00
2015.07.13 22:36:29.844,8.08182,8.09387,1.00,1.00
2015.07.13 22:36:34.293,8.08182,8.09398,1.00,1.00
2015.07.13 22:36:44.483,8.08182,8.09408,1.00,1.00
2015.07.13 22:36:45.676,8.08182,8.09397,1.00,1.00
2015.07.13 22:36:57.802,8.08182,8.09388,1.00,1.00
2015.07.13 22:37:05.321,8.08182,8.09398,1.00,1.00
2015.07.13 22:37:09.362,8.08182,8.09387,1.00,1.00
2015.07.13 22:37:09.632,8.08182,8.09398,1.00,1.00
2015.07.13 22:37:11.434,8.08182,8.09388,1.00,1.00
2015.07.13 22:37:12.637,8.08182,8.09378,1.00,1.00
2015.07.13 22:37:16.432,8.08145,8.09378,1.00,1.00
2015.07.13 22:37:16.482,8.08145,8.09368,1.00,1.00
2015.07.13 22:37:16.648,8.08125,8.09368,1.00,1.00
2015.07.13 22:37:16.702,8.08112,8.09368,1.00,1.00
2015.07.13 22:37:16.752,8.08112,8.09358,1.00,1.00
2015.07.13 22:37:17.146,8.08112,8.09348,1.00,1.00
2015.07.13 22:37:18.249,8.08112,8.09338,1.00,1.00
2015.07.13 22:37:19.251,8.08112,8.09328,1.00,1.00
2015.07.13 22:37:27.778,8.08112,8.09338,1.00,1.00
2015.07.13 22:38:08.432,8.08112,8.09328,1.00,1.00
2015.07.13 22:38:11.746,8.08112,8.09327,1.00,1.00
2015.07.13 22:38:19.247,8.08112,8.09328,1.00,1.00
2015.07.13 22:38:39.076,8.08112,8.09317,1.00,1.00
2015.07.13 22:38:39.490,8.08112,8.09308,1.00,1.00
2015.07.13 22:38:40.178,8.08112,8.09298,1.00,1.00
2015.07.13 22:38:41.781,8.08112,8.09288,1.00,1.00
2015.07.13 22:38:44.485,8.08112,8.09278,1.00,1.00
2015.07.13 22:38:45.888,8.08112,8.09268,1.00,1.00
2015.07.13 22:39:10.825,8.08112,8.09278,1.00,1.00
2015.07.13 22:39:19.143,8.08112,8.09268,1.00,1.00
2015.07.13 22:39:25.325,8.08112,8.09267,1.00,1.00
2015.07.13 22:39:27.457,8.08112,8.09268,1.00,1.00
2015.07.13 22:39:29.299,8.08112,8.09267,1.00,1.00
2015.07.13 22:39:33.368,8.08112,8.09268,1.00,1.00
2015.07.13 22:39:35.606,8.08112,8.09277,1.00,1.00
2015.07.13 22:39:37.475,8.08112,8.09268,1.00,1.00
2015.07.13 22:39:40.706,8.08022,8.09268,1.00,1.00
2015.07.13 22:39:40.782,8.08022,8.09257,1.00,1.00
2015.07.13 22:39:41.357,8.08022,8.09258,1.00,1.00
2015.07.13 22:39:41.827,8.08022,8.09248,1.00,1.00
2015.07.13 22:39:42.140,8.08022,8.09237,1.00,1.00
2015.07.13 22:39:43.396,8.08022,8.09238,1.00,1.00
2015.07.13 22:39:44.702,8.08022,8.09248,1.00,1.00
2015.07.13 22:39:50.714,8.08022,8.09237,1.00,1.00
2015.07.13 22:40:04.639,8.08022,8.09227,1.00,1.00
2015.07.13 22:40:06.586,8.08022,8.09238,1.00,1.00
2015.07.13 22:40:08.244,8.08022,8.09228,1.00,1.00
2015.07.13 22:40:15.654,8.08022,8.09237,1.00,1.00
2015.07.13 22:40:17.081,8.08022,8.09238,1.00,1.00
2015.07.13 22:40:17.357,8.08022,8.09228,1.00,1.00
2015.07.13 22:40:19.461,8.08022,8.09218,1.00,1.00
2015.07.13 22:40:26.624,8.08022,8.09208,1.00,1.00
2015.07.13 22:40:27.177,8.08022,8.09198,1.00,1.00
2015.07.13 22:40:27.593,8.07971,8.09198,1.00,1.00
2015.07.13 22:40:28.103,8.07971,8.09188,1.00,1.00
2015.07.13 22:40:29.697,8.07971,8.09178,1.00,1.00
2015.07.13 22:40:33.202,8.07971,8.09187,1.00,1.00
2015.07.13 22:40:41.548,8.07971,8.09178,1.00,1.00
2015.07.13 22:40:44.403,8.07952,8.09178,1.00,1.00
2015.07.13 22:40:44.555,8.07952,8.09167,1.00,1.00
2015.07.13 22:40:44.605,8.07947,8.09167,1.00,1.00
2015.07.13 22:40:44.855,8.07947,8.09158,1.00,1.00
2015.07.13 22:40:45.256,8.07947,8.09148,1.00,1.00
2015.07.13 22:40:46.058,8.07947,8.09138,1.00,1.00
2015.07.13 22:40:48.463,8.07947,8.09148,1.00,1.00
2015.07.13 22:41:00.345,8.07905,8.09148,1.00,1.00
2015.07.13 22:41:01.502,8.07905,8.09188,1.00,1.00
2015.07.13 22:41:01.649,8.07972,8.09197,1.00,1.00
2015.07.13 22:41:01.803,8.07972,8.09223,1.00,1.00
2015.07.13 22:41:01.955,8.07984,8.09228,1.00,1.00
2015.07.13 22:41:03.091,8.07984,8.09238,1.00,1.00
2015.07.13 22:41:03.265,8.07984,8.09258,1.00,1.00
2015.07.13 22:41:10.713,8.07984,8.09257,1.00,1.00
2015.07.13 22:41:11.815,8.07984,8.09238,1.00,1.00
2015.07.13 22:41:14.258,8.07984,8.09228,1.00,1.00
2015.07.13 22:41:24.861,8.07982,8.09228,1.00,1.00
2015.07.13 22:41:27.653,8.07982,8.09238,1.00,1.00
2015.07.13 22:41:34.546,8.07982,8.09258,1.00,1.00
2015.07.13 22:41:36.274,8.07982,8.09238,1.00,1.00
2015.07.13 22:41:38.253,8.07982,8.09228,1.00,1.00
2015.07.13 22:41:41.662,8.07982,8.09257,1.00,1.00
2015.07.13 22:41:41.961,8.07982,8.09248,1.00,1.00
2015.07.13 22:41:42.560,8.07982,8.09238,1.00,1.00
2015.07.13 22:41:48.272,8.07982,8.09228,1.00,1.00
2015.07.13 22:41:57.407,8.07992,8.09228,1.00,1.00
2015.07.13 22:41:59.002,8.07992,8.09238,1.00,1.00
2015.07.13 22:42:05.199,8.07992,8.09228,1.00,1.00
2015.07.13 22:42:11.908,8.07992,8.09238,1.00,1.00
2015.07.13 22:42:24.821,8.07984,8.09238,1.00,1.00
2015.07.13 22:42:31.932,8.07984,8.09228,1.00,1.00
2015.07.13 22:42:34.136,8.07984,8.09217,1.00,1.00
2015.07.13 22:42:36.140,8.07984,8.09207,1.00,1.00
2015.07.13 22:42:36.742,8.07984,8.09208,1.00,1.00
2015.07.13 22:42:38.081,8.07984,8.09198,1.00,1.00
2015.07.13 22:42:39.886,8.07982,8.09198,1.00,1.00
2015.07.13 22:42:42.354,8.07982,8.09188,1.00,1.00
2015.07.13 22:42:44.980,8.07982,8.09187,1.00,1.00
2015.07.13 22:42:45.269,8.07953,8.09177,1.00,1.00
2015.07.13 22:42:45.360,8.07953,8.09168,1.00,1.00
2015.07.13 22:42:45.577,8.07912,8.09168,1.00,1.00
2015.07.13 22:42:45.661,8.07912,8.09158,1.00,1.00
2015.07.13 22:42:46.663,8.07912,8.09138,1.00,1.00
2015.07.13 22:42:47.000,8.07912,8.09128,1.00,1.00
2015.07.13 22:42:47.485,8.07912,8.09118,1.00,1.00
2015.07.13 22:42:48.467,8.07912,8.09108,1.00,1.00
2015.07.13 22:43:04.291,8.07912,8.09118,1.00,1.00
2015.07.13 22:43:08.499,8.07912,8.09117,1.00,1.00
2015.07.13 22:43:14.709,8.07912,8.09118,1.00,1.00
2015.07.13 22:43:24.270,8.07912,8.09148,1.00,1.00
2015.07.13 22:43:46.870,8.07912,8.09137,1.00,1.00
2015.07.13 22:43:49.774,8.07912,8.09138,1.00,1.00
2015.07.13 22:43:54.432,8.07894,8.09138,1.00,1.00
2015.07.13 22:43:54.482,8.07894,8.09128,1.00,1.00
2015.07.13 22:43:54.983,8.07894,8.09118,1.00,1.00
2015.07.13 22:43:55.885,8.07894,8.09108,1.00,1.00
2015.07.13 22:43:56.887,8.07894,8.09107,1.00,1.00
2015.07.13 22:43:59.191,8.07894,8.09118,1.00,1.00
2015.07.13 22:44:00.893,8.07894,8.09108,1.00,1.00
2015.07.13 22:44:04.754,8.07874,8.09108,1.00,1.00
2015.07.13 22:44:05.037,8.07852,8.09108,1.00,1.00
2015.07.13 22:44:16.663,8.07852,8.09098,1.00,1.00
2015.07.13 22:44:24.788,8.07842,8.09098,1.00,1.00
2015.07.13 22:44:26.038,8.07842,8.09068,1.00,1.00
2015.07.13 22:44:26.964,8.07842,8.09078,1.00,1.00
2015.07.13 22:44:32.267,8.07842,8.09067,1.00,1.00
2015.07.13 22:44:36.574,8.07842,8.09078,1.00,1.00
2015.07.13 22:44:39.178,8.07842,8.09068,1.00,1.00
2015.07.13 22:44:57.808,8.07842,8.09078,1.00,1.00
2015.07.13 22:45:01.297,8.07837,8.09078,1.00,1.00
2015.07.13 22:45:01.415,8.07815,8.09078,1.00,1.00
2015.07.13 22:45:02.726,8.07815,8.09068,1.00,1.00
2015.07.13 22:45:02.926,8.07815,8.09078,1.00,1.00
2015.07.13 22:45:04.462,8.07815,8.09077,1.00,1.00
2015.07.13 22:45:05.672,8.07815,8.09068,1.00,1.00
2015.07.13 22:45:06.034,8.07815,8.09058,1.00,1.00
2015.07.13 22:45:06.360,8.07815,8.09048,1.00,1.00
2015.07.13 22:45:06.486,8.07772,8.09048,1.00,1.00
2015.07.13 22:45:06.537,8.07772,8.09038,1.00,1.00
2015.07.13 22:45:07.130,8.07772,8.09038,1.00,1.75
2015.07.13 22:45:08.440,8.07772,8.09037,1.00,1.81
2015.07.13 22:45:10.144,8.07772,8.09038,1.00,1.91
2015.07.13 22:45:12.191,8.07772,8.09038,1.00,1.00
2015.07.13 22:45:12.648,8.07772,8.09048,1.00,1.00
2015.07.13 22:45:13.249,8.07772,8.09058,1.00,1.00
2015.07.13 22:45:16.479,8.0774,8.09058,1.00,1.00
2015.07.13 22:45:17.457,8.0774,8.09048,1.00,1.00
2015.07.13 22:45:19.060,8.0774,8.09038,1.00,1.00
2015.07.13 22:45:21.064,8.0774,8.09028,1.00,1.00
2015.07.13 22:45:23.670,8.0774,8.09018,1.00,1.00
2015.07.13 22:45:24.771,8.07754,8.09018,1.00,1.00
2015.07.13 22:45:27.479,8.07754,8.09027,1.00,1.00
2015.07.13 22:45:27.684,8.07754,8.09068,1.00,1.00
2015.07.13 22:45:27.891,8.07754,8.09074,1.00,1.00
2015.07.13 22:45:31.087,8.07754,8.09068,1.00,1.00
2015.07.13 22:45:40.930,8.07754,8.09074,1.00,1.00
2015.07.13 22:45:43.413,8.07754,8.09067,1.00,1.00
2015.07.13 22:45:44.833,8.07748,8.09067,1.00,1.00
2015.07.13 22:45:45.434,8.07748,8.09068,1.00,1.00
2015.07.13 22:46:02.340,8.0774,8.0906,1.00,1.00
2015.07.13 22:46:17.550,8.07777,8.09067,1.00,1.00
2015.07.13 22:46:17.601,8.07777,8.09078,1.00,1.50
2015.07.13 22:46:18.792,8.07777,8.09067,1.00,1.00
2015.07.13 22:46:23.899,8.07777,8.09058,1.00,1.00
2015.07.13 22:46:26.904,8.07777,8.09048,1.00,1.00
2015.07.13 22:46:32.350,8.07777,8.09068,1.00,1.00
2015.07.13 22:46:34.417,8.07777,8.09058,1.00,1.00
2015.07.13 22:46:35.032,8.07777,8.09048,1.00,1.00
2015.07.13 22:46:35.083,8.07746,8.09048,1.00,1.00
2015.07.13 22:46:37.423,8.07746,8.09058,1.00,1.00
2015.07.13 22:46:38.938,8.07746,8.09066,1.00,1.00
2015.07.13 22:46:51.198,8.07747,8.09065,1.00,1.00
2015.07.13 22:46:53.786,8.07747,8.09058,1.00,1.00
2015.07.13 22:46:54.557,8.07747,8.09048,1.00,1.00
2015.07.13 22:47:01.622,8.07747,8.09047,1.00,1.00
2015.07.13 22:47:02.725,8.07747,8.09048,1.00,1.00
2015.07.13 22:47:05.529,8.07747,8.09047,1.00,1.00
2015.07.13 22:47:06.260,8.07734,8.09047,1.00,1.00
2015.07.13 22:47:06.799,8.07734,8.09048,1.00,1.00
2015.07.13 22:47:07.288,8.07734,8.09054,1.00,1.00
2015.07.13 22:47:15.404,8.07734,8.09054,1.00,1.25
2015.07.13 22:47:16.086,8.07734,8.09054,1.00,1.25
2015.07.13 22:47:17.739,8.07734,8.09054,1.00,1.95
2015.07.13 22:47:42.488,8.07734,8.09028,1.00,1.00
2015.07.13 22:47:43.991,8.07719,8.09028,1.00,1.00
2015.07.13 22:47:50.359,8.07719,8.09038,1.00,1.00
2015.07.13 22:48:02.617,8.07719,8.09039,1.00,1.00
2015.07.13 22:48:04.816,8.07726,8.09046,1.00,1.00
2015.07.13 22:48:07.080,8.07726,8.09038,1.00,1.00
2015.07.13 22:48:11.086,8.07726,8.09028,1.00,1.00
2015.07.13 22:48:13.790,8.07726,8.09038,1.00,1.00
2015.07.13 22:48:14.318,8.07726,8.09037,1.00,1.00
2015.07.13 22:48:14.692,8.07726,8.09028,1.00,1.00
2015.07.13 22:48:16.094,8.07726,8.09018,1.00,1.00
2015.07.13 22:48:19.100,8.07726,8.09017,1.00,1.00
2015.07.13 22:48:19.812,8.07726,8.09028,1.00,1.00
2015.07.13 22:48:20.512,8.07726,8.09027,1.00,1.00
2015.07.13 22:48:23.107,8.07726,8.09028,1.00,1.00
2015.07.13 22:48:24.851,8.07711,8.09028,1.00,1.00
2015.07.13 22:48:26.933,8.07711,8.0903,1.00,1.00
2015.07.13 22:48:29.018,8.07711,8.09028,1.00,1.00
2015.07.13 22:48:30.955,8.07711,8.09027,1.00,1.00
2015.07.13 22:48:31.809,8.07711,8.0903,1.00,1.58
2015.07.13 22:48:32.126,8.07711,8.0903,1.00,1.00
2015.07.13 22:48:35.768,8.07702,8.09048,1.00,2.16
2015.07.13 22:48:36.178,8.07702,8.09017,1.00,1.00
2015.07.13 22:48:37.155,8.07655,8.09017,1.00,1.00
2015.07.13 22:48:37.276,8.07655,8.08998,1.00,1.00
2015.07.13 22:48:40.248,8.07655,8.08988,1.00,1.00
2015.07.13 22:48:41.551,8.07655,8.08998,1.00,1.00
2015.07.13 22:48:41.852,8.07655,8.09018,1.00,2.14
2015.07.13 22:48:43.257,8.07655,8.08998,1.00,1.00
2015.07.13 22:48:48.399,8.07655,8.08997,1.00,1.00
2015.07.13 22:48:49.016,8.07655,8.08998,1.00,1.00
2015.07.13 22:48:52.071,8.07655,8.08988,1.00,1.00
2015.07.13 22:48:52.872,8.07655,8.09008,1.00,2.73
2015.07.13 22:48:53.080,8.07655,8.09018,1.00,2.36
2015.07.13 22:48:56.079,8.07655,8.09017,1.00,2.39
2015.07.13 22:49:04.762,8.07635,8.09017,1.00,2.39
2015.07.13 22:49:04.813,8.07622,8.09007,1.00,1.00
2015.07.13 22:49:08.499,8.07622,8.09008,1.00,1.00
2015.07.13 22:49:09.917,8.07622,8.09018,1.00,1.00
2015.07.13 22:49:09.967,8.07594,8.08988,1.00,1.00
2015.07.13 22:49:11.302,8.07594,8.09028,1.00,1.00
2015.07.13 22:49:12.508,8.07649,8.08969,1.00,1.00
2015.07.13 22:49:21.704,8.07713,8.08969,1.00,1.00
2015.07.13 22:49:24.028,8.07765,8.08989,1.00,1.00
2015.07.13 22:49:24.079,8.07765,8.09077,1.00,1.00
2015.07.13 22:49:25.225,8.07765,8.09085,1.00,1.00
2015.07.13 22:49:26.035,8.07869,8.09105,1.00,1.00
2015.07.13 22:49:26.086,8.07869,8.09148,1.00,1.50
2015.07.13 22:49:26.746,8.07869,8.09138,1.00,1.00
2015.07.13 22:49:27.047,8.07869,8.09128,1.00,1.00
2015.07.13 22:49:28.049,8.07869,8.09118,1.00,1.00
2015.07.13 22:49:29.352,8.07869,8.09117,1.00,1.00
2015.07.13 22:49:29.895,8.07869,8.09118,1.00,1.00
2015.07.13 22:49:39.924,8.07869,8.09128,1.00,1.00
2015.07.13 22:49:44.757,8.0786,8.09128,1.00,1.00
2015.07.13 22:49:49.791,8.0786,8.09127,1.00,1.00
2015.07.13 22:49:50.897,8.0786,8.09128,1.00,1.00
2015.07.13 22:49:56.416,8.0786,8.09138,1.00,1.00
2015.07.13 22:50:00.627,8.0786,8.09128,1.00,1.00
2015.07.13 22:50:01.054,8.0786,8.09148,1.00,2.90
2015.07.13 22:50:04.748,8.0785,8.09148,1.00,2.90
2015.07.13 22:50:08.442,8.0785,8.09137,1.00,1.00
2015.07.13 22:50:09.772,8.0785,8.09138,1.00,1.00
2015.07.13 22:50:10.074,8.0785,8.09147,1.00,1.00
2015.07.13 22:50:10.855,8.0785,8.09148,1.00,1.50
2015.07.13 22:50:14.705,8.0785,8.09138,1.00,1.00
2015.07.13 22:50:15.258,8.0785,8.09148,1.00,1.50
2015.07.13 22:50:24.780,8.07845,8.09148,1.00,1.50
2015.07.13 22:50:25.483,8.07845,8.09138,1.00,1.00
2015.07.13 22:50:31.993,8.07845,8.09148,1.00,1.50
2015.07.13 22:50:33.310,8.07845,8.09138,1.00,1.00
2015.07.13 22:50:34.699,8.07845,8.09118,1.00,1.00
2015.07.13 22:50:41.760,8.07845,8.09128,1.00,1.00
2015.07.13 22:50:44.816,8.07829,8.09128,1.00,1.00
2015.07.13 22:50:45.972,8.07829,8.09118,1.00,1.00
2015.07.13 22:50:48.642,8.07829,8.09127,1.00,1.00
2015.07.13 22:50:49.143,8.07829,8.09138,1.00,1.00
2015.07.13 22:50:49.695,8.07829,8.09137,1.00,1.00
2015.07.13 22:50:50.347,8.07829,8.09138,1.00,1.00
2015.07.13 22:50:55.890,8.07829,8.09137,1.00,1.00
2015.07.13 22:50:57.059,8.07829,8.09138,1.00,1.00
2015.07.13 22:50:58.504,8.07829,8.09148,1.00,1.00
2015.07.13 22:50:58.613,8.07893,8.09149,1.00,1.00
2015.07.13 22:51:04.745,8.07893,8.09158,1.00,1.00
2015.07.13 22:51:10.717,8.07893,8.09164,1.00,1.00
2015.07.13 22:51:18.182,8.07927,8.09217,1.00,1.00
2015.07.13 22:51:19.042,8.07927,8.09245,1.00,1.00
2015.07.13 22:51:23.230,8.07927,8.09238,1.00,1.00
2015.07.13 22:51:24.242,8.07927,8.09237,1.00,1.00
2015.07.13 22:51:28.549,8.07927,8.09238,1.00,1.00
2015.07.13 22:51:29.283,8.07927,8.09245,1.00,1.00
2015.07.13 22:51:35.869,8.07932,8.09245,1.00,1.00
2015.07.13 22:51:36.067,8.07927,8.09245,1.00,1.00
2015.07.13 22:51:38.284,8.07952,8.09258,1.00,1.00
2015.07.13 22:51:40.689,8.07952,8.09257,1.00,1.00
2015.07.13 22:51:41.201,8.07952,8.09258,1.00,1.00
2015.07.13 22:51:41.824,8.07952,8.09248,1.00,1.00
2015.07.13 22:51:45.903,8.07952,8.09257,1.00,1.00
2015.07.13 22:51:46.034,8.07952,8.09268,1.00,1.00
2015.07.13 22:51:46.236,8.07952,8.09272,1.00,1.00
2015.07.13 22:51:50.940,8.07972,8.09272,1.00,1.00
2015.07.13 22:52:01.737,8.07972,8.09248,1.00,2.04
2015.07.13 22:52:02.439,8.07972,8.09227,1.00,1.65
2015.07.13 22:52:03.441,8.07972,8.09228,1.00,1.89
2015.07.13 22:52:04.483,8.07972,8.09238,1.00,2.24
2015.07.13 22:52:04.544,8.07972,8.09237,1.00,1.00
2015.07.13 22:52:05.746,8.07972,8.09238,1.00,1.00
2015.07.13 22:52:10.960,8.07972,8.09247,1.00,1.00
2015.07.13 22:52:11.302,8.07972,8.09278,1.00,1.00
2015.07.13 22:52:14.770,8.07972,8.09282,1.00,1.00
2015.07.13 22:52:17.268,8.07972,8.09278,1.00,1.00
2015.07.13 22:52:17.676,8.07972,8.09282,1.00,1.00
2015.07.13 22:52:17.880,8.08019,8.09282,1.00,1.00
2015.07.13 22:52:17.981,8.0804,8.09318,1.00,1.00
2015.07.13 22:52:19.111,8.0804,8.09307,1.00,1.00
2015.07.13 22:52:19.726,8.0804,8.09308,1.00,1.00
2015.07.13 22:52:26.083,8.0804,8.09297,1.00,1.00
2015.07.13 22:52:28.290,8.0804,8.09298,1.00,1.00
2015.07.13 22:52:29.187,8.0804,8.09288,1.00,1.00
2015.07.13 22:52:29.923,8.0804,8.09277,1.00,1.00
2015.07.13 22:52:31.292,8.0804,8.09268,1.00,1.00
2015.07.13 22:52:31.692,8.0804,8.09278,1.00,1.00
2015.07.13 22:52:44.866,8.08032,8.09278,1.00,1.00
2015.07.13 22:52:45.312,8.08032,8.09268,1.00,1.00
2015.07.13 22:52:45.638,8.08032,8.09278,1.00,1.00
2015.07.13 22:52:46.314,8.08032,8.09287,1.00,1.00
2015.07.13 22:52:47.616,8.08032,8.09288,1.00,1.00
2015.07.13 22:52:58.634,8.08032,8.09277,1.00,1.00
2015.07.13 22:52:59.134,8.08032,8.09258,1.00,1.00
2015.07.13 22:53:00.236,8.08032,8.09238,1.00,1.00
2015.07.13 22:53:02.941,8.08032,8.09227,1.00,1.00
2015.07.13 22:53:03.723,8.08032,8.09228,1.00,1.00
2015.07.13 22:53:04.258,8.08032,8.09208,1.00,1.00
2015.07.13 22:53:04.944,8.08032,8.09198,1.00,1.00
2015.07.13 22:53:17.663,8.08032,8.09207,1.00,1.00
2015.07.13 22:53:19.709,8.07983,8.09207,1.00,1.00
2015.07.13 22:53:21.885,8.07983,8.09197,1.00,1.00
2015.07.13 22:53:22.441,8.07983,8.09198,1.00,1.00
2015.07.13 22:53:22.979,8.07983,8.09188,1.00,1.00
2015.07.13 22:53:23.281,8.07983,8.09198,1.00,1.00
2015.07.13 22:53:25.593,8.07983,8.09188,1.00,1.00
2015.07.13 22:53:27.198,8.07983,8.09197,1.00,1.00
2015.07.13 22:53:33.627,8.07983,8.09208,1.00,1.00
2015.07.13 22:53:59.308,8.07983,8.09218,1.00,1.00
2015.07.13 22:53:59.485,8.07983,8.09228,1.00,1.00
2015.07.13 22:54:01.790,8.07983,8.09238,1.00,1.00
2015.07.13 22:54:06.399,8.07983,8.09228,1.00,1.00
2015.07.13 22:54:26.134,8.07983,8.09217,1.00,1.00
2015.07.13 22:54:35.590,8.07983,8.09208,1.00,1.00
2015.07.13 22:54:35.641,8.07946,8.09208,1.00,1.00
2015.07.13 22:54:35.908,8.07946,8.09197,1.00,1.00
2015.07.13 22:54:35.958,8.07913,8.09178,1.00,1.00
2015.07.13 22:54:36.292,8.07858,8.09168,1.00,1.00
2015.07.13 22:54:36.486,8.07858,8.09158,1.00,1.00
2015.07.13 22:54:36.875,8.07858,8.09138,1.00,1.00
2015.07.13 22:54:37.376,8.07858,8.09128,1.00,1.00
2015.07.13 22:54:38.609,8.07858,8.09118,1.00,1.00
2015.07.13 22:54:39.583,8.07858,8.09107,1.00,1.00
2015.07.13 22:54:41.007,8.07858,8.09128,1.00,1.00
2015.07.13 22:54:41.487,8.07858,8.09138,1.00,1.00
2015.07.13 22:54:46.094,8.07858,8.09137,1.00,1.00
2015.07.13 22:54:46.764,8.07858,8.09138,1.00,1.00
2015.07.13 22:54:47.515,8.07858,8.09137,1.00,1.00
2015.07.13 22:54:48.279,8.07858,8.09138,1.00,1.00
2015.07.13 22:54:49.017,8.07858,8.09137,1.00,1.00
2015.07.13 22:54:49.718,8.07858,8.09138,1.00,1.00
2015.07.13 22:54:50.433,8.07858,8.09137,1.00,1.00
2015.07.13 22:54:51.501,8.07858,8.09138,1.00,1.00
2015.07.13 22:54:54.006,8.07858,8.09137,1.00,1.00
2015.07.13 22:54:59.214,8.07858,8.09138,1.00,1.00
2015.07.13 22:55:00.466,8.07858,8.09137,1.00,1.00
2015.07.13 22:55:00.517,8.07858,8.09147,1.00,1.00
2015.07.13 22:55:00.717,8.07858,8.09158,1.00,1.00
2015.07.13 22:55:04.857,8.0787,8.09158,1.00,1.00
2015.07.13 22:55:05.445,8.0787,8.09157,1.00,1.00
2015.07.13 22:55:06.268,8.0787,8.09158,1.00,1.00
2015.07.13 22:55:06.947,8.0787,8.09157,1.00,1.00
2015.07.13 22:55:07.948,8.0787,8.09158,1.00,1.00
2015.07.13 22:55:09.150,8.0787,8.09157,1.00,1.00
2015.07.13 22:55:10.484,8.0787,8.09158,1.00,1.00
2015.07.13 22:55:12.441,8.0787,8.09148,1.00,1.00
2015.07.13 22:55:13.743,8.0787,8.09138,1.00,1.00
2015.07.13 22:55:14.658,8.0787,8.09128,1.00,1.00
2015.07.13 22:55:16.851,8.0787,8.09118,1.00,1.00
2015.07.13 22:55:20.257,8.0787,8.09108,1.00,1.00
2015.07.13 22:55:24.783,8.07855,8.09108,1.00,1.00
2015.07.13 22:55:30.284,8.07855,8.09107,1.00,1.00
2015.07.13 22:55:32.173,8.07855,8.09098,1.00,1.00
2015.07.13 22:55:34.779,8.07855,8.09108,1.00,1.00
2015.07.13 22:55:35.018,8.07855,8.09118,1.00,1.00
2015.07.13 22:55:37.994,8.07855,8.09118,1.00,1.75
2015.07.13 22:55:38.599,8.07855,8.09118,1.00,1.00
2015.07.13 22:55:39.426,8.07855,8.09116,1.00,1.00
2015.07.13 22:55:39.987,8.07855,8.09078,1.00,1.00
2015.07.13 22:55:40.990,8.07855,8.09048,1.00,1.00
2015.07.13 22:55:41.402,8.07855,8.08978,1.00,1.00
2015.07.13 22:55:41.453,8.07742,8.08978,1.00,1.00
2015.07.13 22:55:41.683,8.07704,8.08918,1.00,1.00
2015.07.13 22:55:41.742,8.07682,8.08918,1.00,1.00
2015.07.13 22:55:43.737,8.07672,8.08947,1.00,1.00
2015.07.13 22:55:43.838,8.07753,8.08947,1.00,1.00
2015.07.13 22:55:43.950,8.07761,8.08998,1.00,1.00
2015.07.13 22:55:44.808,8.07761,8.08997,1.00,1.00
2015.07.13 22:55:45.358,8.07761,8.08998,1.00,1.00
2015.07.13 22:55:45.916,8.07761,8.08997,1.00,1.00
2015.07.13 22:55:46.407,8.07761,8.08988,1.00,1.00
2015.07.13 22:55:46.911,8.07761,8.08987,1.00,1.00
2015.07.13 22:55:49.614,8.07761,8.08988,1.00,1.00
2015.07.13 22:55:50.548,8.07761,8.08987,1.00,1.00
2015.07.13 22:55:52.620,8.07761,8.08988,1.00,1.00
2015.07.13 22:55:59.028,8.07932,8.08988,1.00,1.00
2015.07.13 22:55:59.368,8.07973,8.08987,1.00,1.00
2015.07.13 22:55:59.478,8.07972,8.09098,1.00,1.00
2015.07.13 22:56:00.380,8.07973,8.09087,1.00,1.00
2015.07.13 22:56:00.682,8.08262,8.09028,1.00,1.00
2015.07.13 22:56:01.736,8.08342,8.09048,1.00,1.00
2015.07.13 22:56:02.285,8.08402,8.09048,1.00,1.00
2015.07.13 22:56:03.088,8.08352,8.09048,1.00,1.00
2015.07.13 22:56:03.189,8.08352,8.09038,1.00,1.00
2015.07.13 22:56:03.290,8.08262,8.09038,1.00,1.00
2015.07.13 22:56:03.620,8.08222,8.09037,1.00,1.00
2015.07.13 22:56:03.889,8.08222,8.09028,1.00,1.00
2015.07.13 22:56:03.939,8.08163,8.09028,1.00,1.00
2015.07.13 22:56:04.388,8.08052,8.09018,1.00,1.00
2015.07.13 22:56:04.845,8.08052,8.09027,1.00,1.00
2015.07.13 22:56:04.925,8.07973,8.09027,1.00,1.00
2015.07.13 22:56:05.392,8.07912,8.09028,1.00,1.00
2015.07.13 22:56:06.040,8.07912,8.09027,1.00,1.00
2015.07.13 22:56:06.141,8.07843,8.09027,1.00,1.00
2015.07.13 22:56:06.242,8.07843,8.09088,1.00,1.00
2015.07.13 22:56:06.347,8.07843,8.09098,1.00,1.50
2015.07.13 22:56:07.573,8.07843,8.09088,1.00,1.00
2015.07.13 22:56:09.953,8.07843,8.09087,1.00,1.00
2015.07.13 22:56:13.786,8.07733,8.09038,1.00,1.00
2015.07.13 22:56:13.902,8.07718,8.09038,1.00,1.00
2015.07.13 22:56:15.209,8.07732,8.08848,1.00,1.00
2015.07.13 22:56:16.863,8.07642,8.08778,1.00,1.00
2015.07.13 22:56:18.165,8.07662,8.08518,1.00,0.75
2015.07.13 22:56:19.158,8.07602,8.08438,1.00,0.75
2015.07.13 22:56:21.270,8.07502,8.08258,1.00,0.75
2015.07.13 22:56:21.380,8.07462,8.08258,1.00,0.75
2015.07.13 22:56:21.824,8.07462,8.08208,1.00,1.00
2015.07.13 22:56:21.875,8.07422,8.08208,1.00,1.00
2015.07.13 22:56:22.722,8.07422,8.08258,1.00,1.00
2015.07.13 22:56:22.926,8.07422,8.08368,1.00,1.00
2015.07.13 22:56:23.027,8.07422,8.08417,1.00,1.00
2015.07.13 22:56:23.127,8.07422,8.08538,1.00,1.00
2015.07.13 22:56:23.469,8.07483,8.08597,1.00,1.00
2015.07.13 22:56:23.925,8.07442,8.08606,1.00,1.00
2015.07.13 22:56:23.976,8.07442,8.08626,1.00,1.00
2015.07.13 22:56:24.027,8.07442,8.08708,1.00,1.00
2015.07.13 22:56:24.135,8.07423,8.08712,1.00,1.00
2015.07.13 22:56:24.674,8.07423,8.08732,1.00,1.00
2015.07.13 22:56:24.725,8.07423,8.08797,1.00,1.00
2015.07.13 22:56:24.775,8.07502,8.08857,1.00,1.00
2015.07.13 22:56:24.876,8.07502,8.08876,1.00,1.00
2015.07.13 22:56:24.927,8.07502,8.08928,1.00,1.00
2015.07.13 22:56:25.600,8.07502,8.08927,1.00,1.00
2015.07.13 22:56:26.196,8.07502,8.08928,1.00,1.00
2015.07.13 22:56:27.283,8.07502,8.08898,1.00,1.00
2015.07.13 22:56:27.334,8.07438,8.08837,1.00,1.00
2015.07.13 22:56:27.386,8.07446,8.08763,1.00,1.00
2015.07.13 22:56:27.487,8.07426,8.08783,1.00,1.00
2015.07.13 22:56:27.538,8.07363,8.08831,1.00,1.00
2015.07.13 22:56:27.679,8.07376,8.08694,1.00,1.00
2015.07.13 22:56:28.838,8.07462,8.08588,1.00,1.00
2015.07.13 22:57:11.734,8.07452,8.08298,1.00,1.00
2015.07.13 22:57:12.042,8.07383,8.08228,1.00,1.00
2015.07.13 22:57:12.625,8.07392,8.08228,1.00,1.00
2015.07.13 22:57:13.005,8.07402,8.08228,1.00,1.00
2015.07.13 22:57:13.392,8.07412,8.08228,1.00,1.00
2015.07.13 22:57:13.904,8.07422,8.08228,1.00,1.00
2015.07.13 22:57:14.394,8.07433,8.08228,1.00,1.00
2015.07.13 22:57:14.727,8.07432,8.08118,1.00,1.00
2015.07.13 22:57:14.907,8.07422,8.08118,1.00,1.00
2015.07.13 22:57:16.902,8.07432,8.08118,1.00,1.00
2015.07.13 22:57:17.333,8.07442,8.08118,1.00,1.00
2015.07.13 22:57:17.855,8.07443,8.08118,1.00,1.00
2015.07.13 22:57:18.004,8.07442,8.08158,1.00,1.00
2015.07.13 22:57:27.368,8.07432,8.08208,1.74,1.00
2015.07.13 22:57:27.964,8.07423,8.08208,1.00,1.00
2015.07.13 22:57:29.114,8.07423,8.08148,1.00,1.00
2015.07.13 22:57:29.682,8.07422,8.08148,1.00,1.00
2015.07.13 22:57:30.072,8.07432,8.08148,1.00,1.00
2015.07.13 22:57:30.543,8.07432,8.08108,1.00,1.00
2015.07.13 22:57:33.227,8.07432,8.08068,1.00,1.00
2015.07.13 22:57:33.737,8.07422,8.08068,1.00,1.00
2015.07.13 22:57:34.626,8.07422,8.08062,1.00,1.00
2015.07.13 22:57:35.481,8.07423,8.08062,1.00,1.00
2015.07.13 22:57:35.931,8.07432,8.08062,1.00,1.00
2015.07.13 22:57:36.454,8.07433,8.08062,1.00,1.00
2015.07.13 22:57:37.432,8.07432,8.08062,1.00,1.00
2015.07.13 22:57:43.986,8.07422,8.08062,1.00,1.00
2015.07.13 22:57:44.044,8.07412,8.08062,1.00,1.00
2015.07.13 22:57:45.846,8.07403,8.08062,1.00,1.00
2015.07.13 22:57:48.150,8.07412,8.08062,1.00,1.00
2015.07.13 22:57:50.655,8.07392,8.08062,1.00,1.00
2015.07.13 22:57:53.664,8.07403,8.08062,1.00,1.00
2015.07.13 22:57:54.692,8.07402,8.08062,1.00,1.00
2015.07.13 22:57:55.660,8.07403,8.08062,1.00,1.00
2015.07.13 22:57:57.262,8.07402,8.08062,1.00,1.00
2015.07.13 22:58:01.067,8.07392,8.08062,1.00,1.00
2015.07.13 22:58:01.312,8.07382,8.08062,1.00,1.00
2015.07.13 22:58:07.712,8.07372,8.08062,1.00,1.00
2015.07.13 22:58:07.992,8.07363,8.08062,1.00,1.00
2015.07.13 22:58:09.995,8.07363,8.08062,1.00,1.37
2015.07.13 22:58:10.081,8.07362,8.08058,1.00,1.00
2015.07.13 22:58:11.083,8.07373,8.08057,1.00,1.00
2015.07.13 22:58:15.609,8.07372,8.08062,1.00,1.00
2015.07.13 22:58:16.923,8.07382,8.08062,1.00,1.00
2015.07.13 22:58:26.002,8.07372,8.08062,1.00,1.00
2015.07.13 22:58:28.334,8.07382,8.08062,1.00,1.00
2015.07.13 22:58:32.614,8.07403,8.08062,1.00,1.00
2015.07.13 22:58:33.653,8.07412,8.08062,1.00,1.00
2015.07.13 22:58:34.424,8.07402,8.08062,1.00,1.00
2015.07.13 22:58:35.402,8.07402,8.08088,1.00,1.75
2015.07.13 22:58:37.857,8.07403,8.08097,1.00,1.75
2015.07.13 22:58:38.054,8.07412,8.08098,1.00,1.75
2015.07.13 22:58:45.372,8.07412,8.08088,1.00,1.75
2015.07.13 22:58:45.642,8.07403,8.08102,1.00,1.75
2015.07.13 22:58:45.693,8.07403,8.08102,1.00,1.75
2015.07.13 22:58:45.862,8.07393,8.08097,1.00,1.75
2015.07.13 22:58:46.083,8.07402,8.08103,1.00,1.75
2015.07.13 22:58:47.072,8.07402,8.08108,1.00,1.75
2015.07.13 22:58:48.063,8.07412,8.08108,1.00,1.75
2015.07.13 22:58:52.183,8.07422,8.08098,1.00,1.75
2015.07.13 22:58:55.528,8.07433,8.08107,1.00,1.75
2015.07.13 22:59:04.392,8.07432,8.08082,1.00,1.75
2015.07.13 22:59:05.982,8.07432,8.08068,1.00,1.75
2015.07.13 22:59:08.589,8.07422,8.08108,1.00,1.75
2015.07.13 22:59:09.125,8.07412,8.08098,1.00,1.75
2015.07.13 22:59:12.821,8.07412,8.08088,1.00,1.00
2015.07.13 22:59:12.922,8.07393,8.08118,1.00,1.00
2015.07.13 22:59:12.973,8.07393,8.08144,1.00,1.00
2015.07.13 22:59:13.074,8.07392,8.08148,1.00,1.00
2015.07.13 22:59:13.175,8.07373,8.08258,1.00,1.00
2015.07.13 22:59:13.380,8.07372,8.08347,1.00,1.00
2015.07.13 22:59:14.182,8.07422,8.08408,1.00,1.00
2015.07.13 22:59:14.381,8.07382,8.08498,1.00,1.00
2015.07.13 22:59:14.534,8.07262,8.08667,1.50,1.00
2015.07.13 22:59:14.635,8.07253,8.08667,1.00,1.00
2015.07.13 22:59:14.935,8.07302,8.08728,1.00,1.00
2015.07.13 22:59:16.588,8.07352,8.08798,1.00,1.00
2015.07.13 22:59:18.140,8.07453,8.08868,1.00,1.00
2015.07.13 22:59:18.573,8.07492,8.08868,1.00,1.00
2015.07.13 22:59:18.623,8.07492,8.08897,1.00,1.00
2015.07.13 22:59:18.731,8.07522,8.08897,1.00,1.00
2015.07.13 22:59:19.243,8.07512,8.08897,1.00,1.00
2015.07.13 22:59:19.563,8.07682,8.08848,1.00,1.00
2015.07.13 22:59:21.091,8.07773,8.08928,1.00,1.00
2015.07.13 22:59:21.396,8.07812,8.08928,1.00,1.00
2015.07.13 22:59:21.551,8.07802,8.08928,1.00,1.00
2015.07.13 22:59:21.610,8.07802,8.08928,1.75,1.00
2015.07.13 22:59:21.661,8.07803,8.08957,1.75,1.50
2015.07.13 22:59:22.448,8.07983,8.08837,1.00,1.00
2015.07.13 22:59:25.613,8.08072,8.08918,1.00,1.00
2015.07.13 22:59:26.018,8.08072,8.08918,2.25,1.00
2015.07.13 22:59:26.174,8.08142,8.08968,1.00,1.00
2015.07.13 22:59:27.426,8.08142,8.08958,1.00,1.00
2015.07.13 22:59:28.127,8.08142,8.08948,1.00,1.00
2015.07.13 22:59:28.627,8.08142,8.08938,1.00,1.00
2015.07.13 22:59:29.160,8.08142,8.08928,1.00,1.00
2015.07.13 22:59:30.161,8.08142,8.08918,1.00,1.00
2015.07.13 22:59:31.632,8.08142,8.08908,1.00,1.00
2015.07.13 22:59:35.171,8.08142,8.08918,1.00,1.00
2015.07.13 22:59:35.842,8.08142,8.08948,1.75,1.00
2015.07.13 22:59:35.944,8.08202,8.08948,1.00,1.00
2015.07.13 22:59:36.047,8.08202,8.08968,1.00,1.00
2015.07.13 22:59:36.645,8.08202,8.08978,1.00,1.00
2015.07.13 22:59:38.247,8.08202,8.08977,1.00,1.00
2015.07.13 22:59:39.249,8.08202,8.08967,1.00,1.00
2015.07.13 22:59:42.671,8.08292,8.08968,1.00,1.00
2015.07.13 22:59:43.071,8.08292,8.08968,1.75,1.00
2015.07.13 22:59:43.172,8.08258,8.09008,1.75,1.00
2015.07.13 22:59:43.954,8.08258,8.09008,1.75,1.00
2015.07.13 22:59:44.081,8.08252,8.09008,1.00,1.00
2015.07.13 22:59:44.181,8.08252,8.09027,1.00,1.00
2015.07.13 22:59:44.232,8.08129,8.09027,1.00,1.00
2015.07.13 22:59:44.365,8.08003,8.09028,1.00,1.00
2015.07.13 22:59:44.636,8.07923,8.09007,1.00,1.00
2015.07.13 22:59:44.787,8.07822,8.08908,1.00,1.00
2015.07.13 22:59:45.339,8.07752,8.08848,1.00,1.00
2015.07.13 22:59:45.440,8.07622,8.08918,1.00,1.00
2015.07.13 22:59:45.740,8.07542,8.09008,1.00,1.00
2015.07.13 22:59:46.361,8.07532,8.09008,1.00,1.00
2015.07.13 22:59:48.097,8.07543,8.09008,1.00,1.00
2015.07.13 22:59:48.568,8.07552,8.09008,1.00,1.00
2015.07.13 22:59:49.571,8.07562,8.09008,1.00,1.00
2015.07.13 22:59:50.615,8.07572,8.09008,1.00,1.00
2015.07.13 22:59:55.130,8.07572,8.09008,1.75,1.00
2015.07.13 22:59:55.461,8.08112,8.09068,1.00,1.00
2015.07.13 22:59:57.390,8.08252,8.09198,1.00,1.00
2015.07.13 22:59:57.893,8.08252,8.09168,1.00,1.00
2015.07.13 22:59:58.291,8.08252,8.09158,1.00,1.00
2015.07.13 22:59:58.867,8.08252,8.09148,1.00,1.00
2015.07.13 22:59:59.268,8.08252,8.09128,1.00,1.00
2015.07.13 22:59:59.598,8.08252,8.09108,1.00,1.00
