2012.08.02 05:00:00.392,6.02061,6.02292,2.78,1.50
2012.08.02 05:00:00.453,6.02061,6.02263,2.78,1.83
2012.08.02 05:00:00.784,6.02061,6.02253,2.03,1.50
2012.08.02 05:00:01.135,6.02061,6.02282,2.03,1.73
2012.08.02 05:00:02.464,6.02036,6.02243,2.03,1.50
2012.08.02 05:00:02.525,6.02027,6.02243,2.03,1.50
2012.08.02 05:00:02.903,6.02027,6.02233,2.03,1.50
2012.08.02 05:00:03.394,6.02027,6.02233,2.03,1.50
2012.08.02 05:00:03.936,6.02027,6.02233,2.03,1.50
2012.08.02 05:00:06.205,6.02018,6.02233,1.74,1.50
2012.08.02 05:00:07.809,6.02018,6.02233,1.74,1.50
2012.08.02 05:00:08.168,6.02018,6.02233,1.74,1.50
2012.08.02 05:00:12.822,6.02018,6.02212,1.74,1.50
2012.08.02 05:00:12.991,6.01997,6.02189,1.74,1.50
2012.08.02 05:00:16.062,6.01997,6.02206,1.74,1.50
2012.08.02 05:00:20.903,6.01997,6.02206,1.74,1.50
2012.08.02 05:00:25.241,6.01997,6.02206,1.74,1.50
2012.08.02 05:00:25.543,6.01997,6.02206,1.74,1.50
2012.08.02 05:00:25.716,6.02017,6.02206,1.74,1.50
2012.08.02 05:00:26.122,6.02017,6.02206,1.74,1.50
2012.08.02 05:00:26.238,6.02017,6.02206,1.74,1.50
2012.08.02 05:00:26.711,6.02017,6.02217,1.74,1.50
2012.08.02 05:00:26.892,6.02017,6.02217,1.74,1.50
2012.08.02 05:00:26.966,6.02017,6.02217,1.74,1.50
2012.08.02 05:00:27.206,6.02017,6.02217,1.74,1.50
2012.08.02 05:00:30.805,6.02017,6.02217,1.74,1.50
2012.08.02 05:00:31.282,6.02017,6.02217,1.74,1.50
2012.08.02 05:00:42.904,6.02017,6.02192,1.74,1.50
2012.08.02 05:00:44.195,6.02017,6.02197,1.74,1.50
2012.08.02 05:00:53.036,6.02017,6.02217,1.74,1.50
2012.08.02 05:00:53.466,6.02017,6.02217,1.74,1.50
2012.08.02 05:00:53.582,6.02017,6.02217,1.74,1.50
2012.08.02 05:00:56.432,6.02017,6.02217,1.74,1.50
2012.08.02 05:01:01.378,6.02017,6.02217,1.74,1.50
2012.08.02 05:01:01.493,6.02017,6.02217,1.74,1.50
2012.08.02 05:01:14.078,6.02017,6.02217,1.74,1.50
2012.08.02 05:01:14.191,6.02017,6.02217,1.74,1.50
2012.08.02 05:01:14.305,6.02018,6.02217,1.74,1.50
2012.08.02 05:01:14.366,6.02048,6.02217,1.74,1.50
2012.08.02 05:01:14.501,6.02048,6.02223,1.74,1.50
2012.08.02 05:01:14.683,6.02048,6.02238,1.74,1.50
2012.08.02 05:01:14.851,6.02048,6.02238,1.74,1.50
2012.08.02 05:01:15.080,6.02048,6.02238,1.74,1.50
2012.08.02 05:01:15.367,6.02048,6.02238,1.74,1.50
2012.08.02 05:01:15.930,6.02048,6.02229,1.74,1.50
2012.08.02 05:01:16.686,6.02048,6.02239,1.74,1.50
2012.08.02 05:01:17.096,6.02068,6.02239,1.74,1.50
2012.08.02 05:01:17.156,6.02068,6.02239,1.74,1.50
2012.08.02 05:01:18.413,6.02047,6.02239,1.74,1.50
2012.08.02 05:01:18.473,6.02047,6.02239,1.74,1.50
2012.08.02 05:01:18.971,6.02068,6.02239,1.74,1.50
2012.08.02 05:01:19.307,6.02068,6.02239,1.74,1.50
2012.08.02 05:01:23.089,6.02068,6.02239,1.74,1.50
2012.08.02 05:01:23.149,6.02047,6.02239,1.74,1.50
2012.08.02 05:01:23.386,6.02047,6.02239,1.74,1.50
2012.08.02 05:01:23.700,6.02067,6.02239,1.74,1.50
2012.08.02 05:01:23.957,6.02067,6.02239,1.74,1.50
2012.08.02 05:01:24.518,6.02067,6.02263,1.74,1.73
2012.08.02 05:01:24.579,6.02067,6.02269,1.74,1.73
2012.08.02 05:01:24.640,6.02067,6.02269,3.76,1.73
2012.08.02 05:01:24.754,6.02067,6.02259,3.76,1.50
2012.08.02 05:01:24.978,6.02068,6.02259,1.74,1.50
2012.08.02 05:01:25.313,6.02068,6.02259,1.74,1.50
2012.08.02 05:01:25.804,6.02068,6.02248,1.74,1.50
2012.08.02 05:01:42.446,6.02048,6.02248,1.74,1.50
2012.08.02 05:01:47.595,6.02048,6.0224,1.74,1.50
2012.08.02 05:01:53.912,6.02048,6.02251,1.74,1.50
2012.08.02 05:01:54.027,6.02048,6.02251,1.74,1.50
2012.08.02 05:01:54.191,6.02048,6.02232,1.74,1.50
2012.08.02 05:01:54.535,6.02048,6.02232,1.74,1.50
2012.08.02 05:01:54.634,6.02048,6.02232,1.74,1.50
2012.08.02 05:01:56.751,6.02048,6.02256,1.74,1.50
2012.08.02 05:01:56.811,6.02068,6.02256,1.74,1.50
2012.08.02 05:01:57.762,6.02068,6.02263,1.74,1.73
2012.08.02 05:01:57.823,6.02087,6.02263,1.74,1.73
2012.08.02 05:01:58.124,6.02067,6.02263,1.74,1.73
2012.08.02 05:01:58.184,6.02067,6.02258,1.74,1.50
2012.08.02 05:02:00.344,6.02088,6.02258,1.74,1.50
2012.08.02 05:02:04.067,6.02068,6.02258,1.74,1.50
2012.08.02 05:02:05.863,6.02068,6.02258,1.74,1.50
2012.08.02 05:02:20.384,6.02088,6.02258,1.74,1.50
2012.08.02 05:02:20.674,6.02068,6.02258,1.74,1.50
2012.08.02 05:02:20.939,6.02069,6.02272,2.03,1.73
2012.08.02 05:02:21.000,6.02087,6.02276,1.74,1.73
2012.08.02 05:02:21.487,6.02117,6.02276,1.74,1.50
2012.08.02 05:02:26.301,6.02117,6.02297,1.74,1.50
2012.08.02 05:02:31.483,6.02087,6.02297,1.74,1.50
2012.08.02 05:02:31.702,6.02087,6.02297,1.74,1.50
2012.08.02 05:02:34.597,6.02117,6.02297,1.74,1.50
2012.08.02 05:02:37.741,6.02117,6.02297,1.74,1.50
2012.08.02 05:02:45.447,6.02117,6.02297,1.74,1.50
2012.08.02 05:02:45.669,6.02117,6.02297,1.74,1.50
2012.08.02 05:02:47.219,6.02117,6.02297,1.74,1.50
2012.08.02 05:02:49.511,6.02117,6.02297,1.74,1.50
2012.08.02 05:02:52.315,6.02117,6.02297,1.74,1.50
2012.08.02 05:02:52.375,6.02088,6.02297,1.74,1.50
2012.08.02 05:02:53.154,6.02088,6.02282,1.74,1.50
2012.08.02 05:02:57.904,6.02092,6.02292,2.03,1.50
2012.08.02 05:02:58.073,6.02092,6.02303,2.03,1.50
2012.08.02 05:02:58.134,6.02118,6.02296,1.74,1.50
2012.08.02 05:02:58.249,6.02092,6.02296,2.03,1.50
2012.08.02 05:02:58.310,6.02117,6.02296,1.74,1.50
2012.08.02 05:02:58.371,6.02117,6.02303,1.74,1.50
2012.08.02 05:02:58.641,6.02117,6.02296,1.74,1.50
2012.08.02 05:02:58.865,6.02092,6.02296,2.03,1.50
2012.08.02 05:02:59.901,6.02092,6.02302,2.03,1.50
2012.08.02 05:03:01.577,6.02087,6.02302,1.74,1.50
2012.08.02 05:03:02.819,6.02087,6.02296,1.74,1.50
2012.08.02 05:03:21.126,6.02087,6.02296,1.74,1.50
2012.08.02 05:03:43.309,6.02087,6.02278,1.74,1.50
2012.08.02 05:03:44.560,6.02067,6.02278,1.74,1.50
2012.08.02 05:03:44.621,6.02067,6.02278,1.74,1.50
2012.08.02 05:03:44.814,6.02048,6.02278,1.74,1.50
2012.08.02 05:03:44.928,6.02048,6.02254,1.74,1.73
2012.08.02 05:03:46.501,6.02048,6.02213,1.74,1.50
2012.08.02 05:03:46.994,6.02048,6.0221,1.74,1.50
2012.08.02 05:03:47.112,6.02018,6.02213,1.74,1.50
2012.08.02 05:03:47.173,6.02018,6.02213,1.74,1.50
2012.08.02 05:03:47.233,6.02047,6.02213,1.74,1.50
2012.08.02 05:03:47.293,6.02018,6.02213,1.74,1.50
2012.08.02 05:03:48.721,6.02047,6.02213,1.74,1.50
2012.08.02 05:03:49.010,6.02047,6.0223,1.74,1.50
2012.08.02 05:03:49.854,6.02047,6.02233,1.74,1.50
2012.08.02 05:03:57.959,6.02047,6.02243,1.74,1.50
2012.08.02 05:04:01.640,6.02053,6.02263,2.03,1.73
2012.08.02 05:04:02.971,6.02047,6.02263,1.74,1.73
2012.08.02 05:04:28.890,6.02068,6.02252,1.74,1.50
2012.08.02 05:04:29.079,6.02068,6.02252,1.74,1.50
2012.08.02 05:04:33.427,6.02068,6.02247,1.74,1.50
2012.08.02 05:04:33.601,6.02048,6.02247,1.74,1.50
2012.08.02 05:04:34.416,6.02048,6.02252,1.74,1.50
2012.08.02 05:04:34.795,6.02068,6.02263,1.74,1.73
2012.08.02 05:05:29.427,6.02068,6.02362,1.74,2.81
2012.08.02 05:05:34.947,6.0204,6.02401,2.03,3.00
2012.08.02 05:05:42.776,6.02034,6.02397,2.03,3.00
2012.08.02 05:05:45.802,6.02046,6.02312,2.03,1.73
2012.08.02 05:05:46.140,6.02117,6.02352,1.74,1.73
2012.08.02 05:05:46.312,6.02117,6.02352,1.74,1.73
2012.08.02 05:05:59.002,6.02117,6.02342,1.74,1.73
2012.08.02 05:06:02.044,6.02087,6.02332,1.74,1.73
2012.08.02 05:06:03.294,6.02087,6.02332,1.74,1.73
2012.08.02 05:06:04.665,6.02087,6.02323,1.74,1.73
2012.08.02 05:06:04.835,6.02118,6.02333,1.74,1.73
2012.08.02 05:06:06.109,6.02118,6.02342,1.74,1.73
2012.08.02 05:06:06.170,6.02137,6.02363,1.74,1.73
2012.08.02 05:06:07.093,6.02137,6.02382,1.74,1.73
2012.08.02 05:06:12.777,6.02167,6.02393,1.74,1.73
2012.08.02 05:06:15.664,6.02167,6.02383,1.74,1.73
2012.08.02 05:06:15.833,6.02167,6.02393,1.74,1.73
2012.08.02 05:06:18.229,6.02138,6.02393,1.74,1.73
2012.08.02 05:06:19.773,6.02167,6.02382,1.74,1.73
2012.08.02 05:06:21.965,6.02167,6.02382,1.74,1.73
2012.08.02 05:06:22.079,6.02167,6.02382,1.74,1.73
2012.08.02 05:06:31.789,6.02187,6.02382,1.74,1.73
2012.08.02 05:06:31.850,6.02187,6.02422,1.74,1.73
2012.08.02 05:06:31.912,6.02218,6.02422,1.74,1.73
2012.08.02 05:06:32.139,6.02218,6.02422,1.74,1.73
2012.08.02 05:06:32.413,6.02188,6.02412,1.74,1.50
2012.08.02 05:06:32.584,6.02188,6.02412,1.74,1.50
2012.08.02 05:06:32.645,6.02217,6.02412,1.74,1.50
2012.08.02 05:06:33.079,6.02188,6.02423,1.74,1.73
2012.08.02 05:06:42.325,6.02218,6.02422,1.74,1.73
2012.08.02 05:06:44.721,6.02218,6.02433,1.74,1.73
2012.08.02 05:06:47.594,6.02188,6.02422,1.74,1.73
2012.08.02 05:06:50.833,6.02188,6.02422,1.74,1.73
2012.08.02 05:06:50.952,6.02188,6.02422,1.74,1.73
2012.08.02 05:06:51.906,6.02188,6.02422,1.74,1.73
2012.08.02 05:06:55.026,6.02188,6.02422,1.74,1.73
2012.08.02 05:06:57.432,6.02188,6.02422,1.74,1.73
2012.08.02 05:06:57.853,6.02188,6.02422,1.74,1.73
2012.08.02 05:06:57.935,6.02217,6.02422,1.74,1.73
2012.08.02 05:06:58.105,6.02217,6.02433,1.74,1.73
2012.08.02 05:07:01.800,6.02188,6.02423,1.74,1.73
2012.08.02 05:07:02.253,6.02188,6.02423,1.74,1.73
2012.08.02 05:07:02.422,6.02217,6.02423,1.74,1.73
2012.08.02 05:07:03.214,6.02217,6.02432,1.74,1.73
2012.08.02 05:07:03.488,6.02217,6.02423,1.74,1.73
2012.08.02 05:07:03.657,6.02187,6.02423,1.74,1.73
2012.08.02 05:07:03.719,6.02187,6.02413,1.74,1.73
2012.08.02 05:07:04.104,6.02217,6.02422,1.74,1.73
2012.08.02 05:07:04.165,6.02188,6.02422,1.74,1.73
2012.08.02 05:07:06.540,6.02188,6.02422,1.74,1.73
2012.08.02 05:07:06.656,6.02217,6.02422,1.74,1.73
2012.08.02 05:07:07.096,6.02217,6.02422,1.74,1.73
2012.08.02 05:07:10.967,6.02217,6.02422,1.74,1.73
2012.08.02 05:07:11.418,6.02217,6.02422,1.74,1.73
2012.08.02 05:07:11.853,6.02217,6.02422,1.74,1.73
2012.08.02 05:07:11.967,6.02217,6.02422,1.74,1.73
2012.08.02 05:07:12.105,6.02217,6.02422,1.74,1.73
2012.08.02 05:07:12.166,6.02187,6.02422,1.74,1.73
2012.08.02 05:07:13.457,6.02187,6.02422,1.74,1.73
2012.08.02 05:07:13.571,6.02187,6.02422,1.74,1.73
2012.08.02 05:07:14.855,6.02217,6.02422,1.74,1.73
2012.08.02 05:07:15.359,6.02187,6.02423,1.74,1.73
2012.08.02 05:07:15.669,6.02217,6.02423,1.74,1.73
2012.08.02 05:07:21.470,6.02217,6.02452,1.74,1.73
2012.08.02 05:07:21.695,6.02237,6.02472,1.74,1.73
2012.08.02 05:07:22.287,6.02218,6.02442,1.74,1.73
2012.08.02 05:07:22.567,6.02218,6.02423,1.74,1.73
2012.08.02 05:07:23.415,6.02218,6.02433,1.74,1.73
2012.08.02 05:07:24.982,6.02188,6.02403,1.74,1.50
2012.08.02 05:07:25.434,6.02188,6.02402,1.74,1.50
2012.08.02 05:07:25.632,6.02188,6.02402,1.74,1.50
2012.08.02 05:07:30.484,6.02168,6.02392,1.74,1.50
2012.08.02 05:07:30.586,6.02188,6.02392,1.74,1.50
2012.08.02 05:07:30.811,6.02168,6.02402,1.74,1.50
2012.08.02 05:07:30.926,6.02188,6.02402,1.74,1.50
2012.08.02 05:07:31.334,6.02188,6.02402,1.74,1.50
2012.08.02 05:07:32.153,6.02188,6.02413,1.74,1.73
2012.08.02 05:07:36.548,6.02188,6.02402,1.74,1.50
2012.08.02 05:07:36.662,6.02188,6.02412,1.74,1.50
2012.08.02 05:07:36.944,6.02188,6.02413,1.74,1.73
2012.08.02 05:07:48.495,6.02188,6.02402,1.74,1.50
2012.08.02 05:07:48.761,6.02188,6.02402,1.74,1.50
2012.08.02 05:07:56.035,6.02218,6.02432,1.74,1.73
2012.08.02 05:07:56.456,6.02194,6.02432,2.03,1.73
2012.08.02 05:07:56.571,6.02217,6.02443,1.74,1.73
2012.08.02 05:07:56.905,6.02218,6.02432,1.74,1.73
2012.08.02 05:07:56.965,6.02218,6.02432,1.74,1.73
2012.08.02 05:07:58.984,6.02237,6.02462,1.74,1.73
2012.08.02 05:07:59.267,6.02237,6.02472,1.74,1.73
2012.08.02 05:07:59.563,6.02268,6.02462,1.74,1.73
2012.08.02 05:08:01.906,6.02268,6.02472,1.74,1.73
2012.08.02 05:08:01.967,6.02268,6.02483,1.74,1.73
2012.08.02 05:08:04.068,6.02237,6.02463,1.74,1.73
2012.08.02 05:08:04.182,6.02237,6.02463,1.74,1.73
2012.08.02 05:08:05.948,6.02218,6.02453,1.74,1.73
2012.08.02 05:08:06.084,6.02237,6.02462,1.74,1.73
2012.08.02 05:08:07.604,6.02237,6.02483,1.74,1.73
2012.08.02 05:08:07.714,6.02237,6.02483,1.74,1.73
2012.08.02 05:08:12.709,6.02238,6.02462,1.74,1.73
2012.08.02 05:08:13.040,6.02238,6.02443,1.74,1.73
2012.08.02 05:08:13.620,6.02237,6.02453,1.74,1.73
2012.08.02 05:08:13.889,6.02218,6.02433,1.74,1.73
2012.08.02 05:08:13.949,6.02218,6.02433,1.74,1.73
2012.08.02 05:08:14.009,6.02238,6.02462,1.74,1.73
2012.08.02 05:08:14.994,6.02218,6.02443,1.74,1.73
2012.08.02 05:08:15.323,6.02218,6.02432,1.74,1.73
2012.08.02 05:08:15.670,6.02218,6.02422,1.74,1.73
2012.08.02 05:08:18.294,6.02218,6.02423,1.74,1.73
2012.08.02 05:08:30.619,6.02187,6.02432,1.74,1.73
2012.08.02 05:08:31.017,6.02217,6.02432,1.74,1.73
2012.08.02 05:08:57.364,6.02217,6.02422,1.74,1.73
2012.08.02 05:08:57.477,6.02217,6.02422,1.74,1.73
2012.08.02 05:09:00.574,6.02217,6.02413,1.74,1.73
2012.08.02 05:09:00.633,6.02187,6.02413,1.74,1.73
2012.08.02 05:09:00.693,6.02187,6.02413,1.74,1.73
2012.08.02 05:09:00.756,6.02187,6.02413,1.74,1.73
2012.08.02 05:09:00.870,6.02187,6.02413,1.74,1.73
2012.08.02 05:09:06.484,6.02187,6.02413,1.74,1.73
2012.08.02 05:09:06.923,6.02187,6.02413,1.74,1.73
2012.08.02 05:09:06.983,6.02168,6.02413,1.74,1.73
2012.08.02 05:09:07.261,6.02137,6.02362,1.74,1.50
2012.08.02 05:09:07.483,6.02137,6.02383,1.74,1.50
2012.08.02 05:09:23.841,6.02167,6.02393,1.74,1.73
2012.08.02 05:09:24.390,6.02156,6.02393,2.03,1.73
2012.08.02 05:09:24.788,6.02167,6.02393,1.74,1.73
2012.08.02 05:09:26.110,6.02188,6.02423,1.74,1.73
2012.08.02 05:09:33.137,6.02168,6.02392,1.74,1.73
2012.08.02 05:09:46.451,6.02187,6.02422,1.74,1.73
2012.08.02 05:09:46.841,6.02196,6.02452,2.03,1.73
2012.08.02 05:09:46.901,6.02218,6.02452,1.74,1.73
2012.08.02 05:09:47.328,6.02196,6.02452,2.03,1.73
2012.08.02 05:09:49.587,6.02196,6.02453,2.03,1.73
2012.08.02 05:09:49.647,6.02218,6.02453,1.74,1.73
2012.08.02 05:09:50.769,6.02218,6.02462,1.74,1.73
2012.08.02 05:09:53.088,6.02237,6.02472,1.74,1.73
2012.08.02 05:09:59.693,6.02237,6.02453,1.74,1.73
2012.08.02 05:09:59.807,6.02218,6.02443,1.74,1.73
2012.08.02 05:09:59.922,6.02188,6.02443,1.74,1.73
2012.08.02 05:10:00.037,6.02167,6.02412,1.74,1.50
2012.08.02 05:10:00.878,6.02167,6.02403,1.74,1.50
2012.08.02 05:10:01.742,6.02188,6.02422,1.74,1.73
2012.08.02 05:10:10.449,6.02188,6.02422,1.74,1.73
2012.08.02 05:10:11.406,6.02168,6.02422,1.74,1.73
2012.08.02 05:10:12.988,6.02168,6.02422,1.74,1.73
2012.08.02 05:10:13.101,6.02187,6.02422,1.74,1.73
2012.08.02 05:10:14.959,6.02218,6.02442,1.74,1.73
2012.08.02 05:10:38.386,6.02218,6.02452,1.74,1.73
2012.08.02 05:10:38.499,6.02218,6.02452,1.74,1.73
2012.08.02 05:10:38.614,6.02238,6.02463,1.74,1.73
2012.08.02 05:10:38.730,6.02218,6.02463,1.74,1.73
2012.08.02 05:10:41.458,6.02218,6.02462,1.74,1.73
2012.08.02 05:10:41.615,6.02218,6.02452,1.74,1.73
2012.08.02 05:10:42.525,6.02218,6.02463,1.74,1.73
2012.08.02 05:10:42.837,6.02218,6.02463,1.74,1.73
2012.08.02 05:10:43.004,6.02218,6.02463,1.74,1.73
2012.08.02 05:10:43.394,6.02218,6.02463,1.74,1.73
2012.08.02 05:10:43.507,6.02218,6.02463,1.74,1.73
2012.08.02 05:10:43.625,6.02218,6.02463,1.74,1.73
2012.08.02 05:10:43.845,6.02218,6.02463,1.74,1.73
2012.08.02 05:10:43.958,6.02218,6.02463,1.74,1.73
2012.08.02 05:10:44.178,6.02218,6.02463,1.74,1.73
2012.08.02 05:10:44.328,6.02218,6.02463,1.74,1.73
2012.08.02 05:10:44.440,6.02218,6.02463,1.74,1.73
2012.08.02 05:10:44.553,6.02218,6.02463,1.74,1.73
2012.08.02 05:10:44.665,6.02218,6.02463,1.74,1.73
2012.08.02 05:10:48.451,6.02237,6.02472,1.74,1.73
2012.08.02 05:10:49.040,6.02237,6.02472,1.74,1.73
2012.08.02 05:10:50.393,6.02267,6.02492,1.74,1.73
2012.08.02 05:10:50.858,6.02237,6.02503,1.74,1.73
2012.08.02 05:10:55.049,6.02268,6.02502,1.74,1.73
2012.08.02 05:10:55.139,6.02238,6.02502,1.74,1.73
2012.08.02 05:10:58.639,6.02238,6.02483,1.74,1.73
2012.08.02 05:10:58.753,6.02238,6.02483,1.74,1.73
2012.08.02 05:10:58.866,6.02238,6.02483,1.74,1.73
2012.08.02 05:10:59.078,6.02238,6.02483,1.74,1.73
2012.08.02 05:11:18.590,6.02217,6.02482,1.74,1.73
2012.08.02 05:11:18.867,6.02217,6.02472,1.74,1.73
2012.08.02 05:11:19.200,6.022,6.02443,2.03,1.73
2012.08.02 05:11:19.316,6.02188,6.02433,1.74,1.73
2012.08.02 05:11:19.487,6.02217,6.02443,1.74,1.73
2012.08.02 05:11:19.601,6.02188,6.02443,1.74,1.73
2012.08.02 05:11:19.661,6.02224,6.02473,2.03,1.73
2012.08.02 05:11:19.721,6.02237,6.02473,1.74,1.73
2012.08.02 05:11:23.329,6.02237,6.02483,1.74,1.73
2012.08.02 05:11:23.444,6.02218,6.02482,1.74,1.73
2012.08.02 05:11:23.629,6.02237,6.02482,1.74,1.73
2012.08.02 05:11:23.774,6.02217,6.02453,1.74,1.73
2012.08.02 05:11:23.890,6.02217,6.02463,1.74,1.73
2012.08.02 05:11:24.230,6.02238,6.02482,1.74,1.73
2012.08.02 05:11:24.290,6.02218,6.02443,1.74,1.73
2012.08.02 05:11:24.557,6.02217,6.02462,1.74,1.73
2012.08.02 05:11:24.871,6.02217,6.02462,1.74,1.73
2012.08.02 05:11:25.758,6.02217,6.02452,1.74,1.73
2012.08.02 05:11:25.873,6.02217,6.02452,1.74,1.73
2012.08.02 05:11:26.213,6.02217,6.02452,1.74,1.73
2012.08.02 05:11:26.327,6.02217,6.02452,1.74,1.73
2012.08.02 05:11:26.752,6.02217,6.02462,1.74,1.73
2012.08.02 05:11:31.915,6.02217,6.02432,1.74,1.73
2012.08.02 05:11:32.152,6.02187,6.02432,1.74,1.73
2012.08.02 05:11:41.314,6.02187,6.02412,1.74,1.50
2012.08.02 05:11:41.912,6.02187,6.02423,1.74,1.73
2012.08.02 05:11:41.981,6.02187,6.02413,1.74,1.73
2012.08.02 05:11:42.212,6.02218,6.02422,1.74,1.73
2012.08.02 05:11:52.700,6.02187,6.02432,1.74,1.73
2012.08.02 05:11:52.829,6.02217,6.02432,1.74,1.73
2012.08.02 05:11:54.004,6.02187,6.02432,1.74,1.73
2012.08.02 05:12:18.055,6.02188,6.02423,1.74,1.73
2012.08.02 05:12:18.175,6.02188,6.02423,1.74,1.73
2012.08.02 05:12:18.361,6.02167,6.02423,1.74,1.73
2012.08.02 05:12:19.991,6.02167,6.02423,1.74,1.73
2012.08.02 05:12:20.212,6.02167,6.02423,1.74,1.73
2012.08.02 05:12:22.912,6.02167,6.02423,1.74,1.73
2012.08.02 05:12:23.089,6.02167,6.02423,1.74,1.73
2012.08.02 05:12:23.255,6.02167,6.02423,1.74,1.73
2012.08.02 05:12:23.615,6.02167,6.02423,1.74,1.73
2012.08.02 05:12:24.067,6.02167,6.02423,1.74,1.73
2012.08.02 05:12:24.180,6.02167,6.02423,1.74,1.73
2012.08.02 05:12:24.616,6.02167,6.02423,1.74,1.73
2012.08.02 05:12:24.881,6.02167,6.02412,1.74,1.50
2012.08.02 05:12:24.994,6.02167,6.02412,1.74,1.50
2012.08.02 05:12:25.107,6.02167,6.02422,1.74,1.73
2012.08.02 05:12:25.196,6.02167,6.02422,1.74,1.73
2012.08.02 05:12:25.362,6.02167,6.02422,1.74,1.73
2012.08.02 05:12:25.700,6.02167,6.02422,1.74,1.73
2012.08.02 05:12:25.789,6.02167,6.02422,1.74,1.73
2012.08.02 05:12:26.066,6.02188,6.02422,1.74,1.73
2012.08.02 05:12:26.598,6.02188,6.02422,1.74,1.73
2012.08.02 05:12:26.976,6.02167,6.02382,1.74,1.50
2012.08.02 05:12:27.037,6.02167,6.02382,1.74,1.50
2012.08.02 05:12:27.097,6.02167,6.02363,1.74,1.50
2012.08.02 05:12:27.213,6.02117,6.02343,1.74,1.73
2012.08.02 05:12:27.384,6.02117,6.02343,1.74,1.73
2012.08.02 05:12:27.502,6.02088,6.02312,1.74,1.50
2012.08.02 05:12:27.806,6.02088,6.02323,1.74,1.50
2012.08.02 05:12:28.846,6.02088,6.02292,1.74,1.50
2012.08.02 05:12:29.021,6.02088,6.02292,1.74,1.50
2012.08.02 05:12:30.597,6.02067,6.02293,1.74,1.50
2012.08.02 05:12:37.261,6.02067,6.02303,1.74,1.50
2012.08.02 05:12:43.087,6.02067,6.02302,1.74,1.50
2012.08.02 05:12:43.180,6.02067,6.02302,1.74,1.50
2012.08.02 05:12:45.761,6.02065,6.02273,2.03,1.50
2012.08.02 05:12:45.822,6.02048,6.02273,1.74,1.50
2012.08.02 05:12:46.316,6.02068,6.02282,1.74,1.73
2012.08.02 05:12:47.573,6.02068,6.02313,1.74,1.73
2012.08.02 05:12:49.772,6.02068,6.02333,1.74,1.73
2012.08.02 05:12:49.942,6.02118,6.02352,1.74,1.73
2012.08.02 05:12:50.002,6.02118,6.02352,1.74,1.73
2012.08.02 05:12:50.653,6.02118,6.02372,1.74,1.73
2012.08.02 05:12:51.083,6.02118,6.02363,1.74,1.73
2012.08.02 05:12:51.365,6.02118,6.02363,1.74,1.73
2012.08.02 05:12:51.480,6.02118,6.02363,1.74,1.73
2012.08.02 05:12:51.541,6.02118,6.02363,1.74,1.73
2012.08.02 05:12:51.656,6.02118,6.02363,1.74,1.73
2012.08.02 05:12:51.974,6.02118,6.02363,1.74,1.73
2012.08.02 05:12:55.277,6.02138,6.02343,1.74,1.73
2012.08.02 05:12:55.449,6.02137,6.02352,1.74,1.73
2012.08.02 05:12:55.558,6.02118,6.02352,1.74,1.73
2012.08.02 05:12:55.795,6.02118,6.02352,1.74,1.73
2012.08.02 05:12:56.049,6.02118,6.02362,1.74,1.73
2012.08.02 05:12:56.109,6.02138,6.02362,1.74,1.73
2012.08.02 05:13:06.801,6.02117,6.02362,1.74,1.73
2012.08.02 05:13:07.426,6.02138,6.02362,1.74,1.73
2012.08.02 05:13:07.537,6.02118,6.02362,1.74,1.73
2012.08.02 05:13:09.988,6.02118,6.02353,1.74,1.73
2012.08.02 05:13:16.381,6.02088,6.02342,1.74,1.73
2012.08.02 05:13:16.550,6.02088,6.02342,1.74,1.73
2012.08.02 05:13:16.665,6.02088,6.02342,1.74,1.73
2012.08.02 05:13:16.905,6.02088,6.02322,1.74,1.73
2012.08.02 05:13:17.020,6.02088,6.02322,1.74,1.73
2012.08.02 05:13:17.358,6.02068,6.02312,1.74,1.50
2012.08.02 05:13:19.894,6.02068,6.02312,1.74,1.50
2012.08.02 05:13:32.967,6.02088,6.02303,1.74,1.50
2012.08.02 05:13:33.082,6.02088,6.02312,1.74,1.50
2012.08.02 05:13:33.372,6.02088,6.02322,1.74,1.73
2012.08.02 05:13:36.881,6.02088,6.02343,1.74,1.73
2012.08.02 05:13:36.941,6.02117,6.02343,1.74,1.73
2012.08.02 05:13:47.115,6.02117,6.02342,1.74,1.73
2012.08.02 05:13:47.343,6.02118,6.02342,1.74,1.73
2012.08.02 05:13:47.785,6.02118,6.02343,1.74,1.73
2012.08.02 05:13:47.848,6.02087,6.02323,1.74,1.73
2012.08.02 05:13:48.382,6.02087,6.02323,1.74,1.73
2012.08.02 05:13:50.918,6.02074,6.02313,2.03,1.50
2012.08.02 05:13:50.978,6.02067,6.02313,1.74,1.50
2012.08.02 05:13:52.979,6.02088,6.02323,1.74,1.73
2012.08.02 05:13:53.441,6.02067,6.02312,1.74,1.50
2012.08.02 05:14:12.237,6.02087,6.02313,1.74,1.50
2012.08.02 05:14:19.857,6.02068,6.02302,1.74,1.50
2012.08.02 05:14:20.026,6.02027,6.02272,2.03,1.73
2012.08.02 05:14:20.212,6.02017,6.02272,1.74,1.73
2012.08.02 05:14:20.367,6.02048,6.02272,1.74,1.73
2012.08.02 05:14:20.525,6.02048,6.02283,1.74,1.73
2012.08.02 05:14:20.645,6.02048,6.02283,1.74,1.73
2012.08.02 05:14:21.018,6.02048,6.02283,1.74,1.73
2012.08.02 05:14:21.624,6.02048,6.02283,1.74,1.73
2012.08.02 05:14:21.803,6.02068,6.02292,1.74,1.73
2012.08.02 05:14:23.351,6.02047,6.02293,1.74,1.73
2012.08.02 05:14:24.291,6.02047,6.02293,1.74,1.73
2012.08.02 05:14:31.660,6.02086,6.02293,2.03,1.50
2012.08.02 05:14:31.950,6.02086,6.02293,2.03,1.73
2012.08.02 05:14:32.011,6.02053,6.02303,2.03,1.73
2012.08.02 05:14:32.179,6.02053,6.02303,2.03,1.73
2012.08.02 05:14:32.292,6.02053,6.02303,2.03,1.73
2012.08.02 05:14:32.426,6.02053,6.02303,2.03,1.73
2012.08.02 05:14:32.648,6.02053,6.02303,2.03,1.73
2012.08.02 05:14:32.896,6.02047,6.02303,1.74,1.73
2012.08.02 05:14:37.885,6.02017,6.02283,1.74,1.73
2012.08.02 05:14:38.163,6.02018,6.02263,1.74,1.73
2012.08.02 05:14:38.374,6.02018,6.02263,1.74,1.73
2012.08.02 05:14:38.792,6.02018,6.02273,1.74,1.73
2012.08.02 05:14:39.269,6.02018,6.02273,1.74,1.73
2012.08.02 05:14:40.913,6.02018,6.02283,1.74,1.73
2012.08.02 05:14:43.037,6.02018,6.02293,1.74,1.73
2012.08.02 05:14:43.150,6.02018,6.02293,1.74,1.73
2012.08.02 05:14:43.371,6.02018,6.02312,2.49,2.81
2012.08.02 05:14:43.674,6.02028,6.02312,2.03,2.81
2012.08.02 05:14:47.852,6.02028,6.02312,2.78,2.81
2012.08.02 05:14:49.623,6.02028,6.02312,2.78,2.81
2012.08.02 05:14:49.737,6.02067,6.02363,2.49,2.81
2012.08.02 05:14:49.969,6.02067,6.02363,2.49,2.81
2012.08.02 05:14:50.084,6.02069,6.02363,2.78,2.81
2012.08.02 05:14:50.198,6.02069,6.02363,2.78,2.81
2012.08.02 05:14:50.423,6.02118,6.02412,1.74,2.81
2012.08.02 05:14:50.539,6.02104,6.02392,2.78,2.81
2012.08.02 05:14:50.632,6.02104,6.02392,2.78,2.81
2012.08.02 05:14:50.693,6.02117,6.02413,1.74,3.56
2012.08.02 05:14:50.985,6.02104,6.02393,2.78,2.81
2012.08.02 05:14:51.104,6.02104,6.02393,2.78,2.81
2012.08.02 05:14:51.224,6.02104,6.02393,2.78,2.81
2012.08.02 05:14:51.358,6.02104,6.02393,2.78,2.81
2012.08.02 05:14:51.418,6.02104,6.02393,2.03,2.81
2012.08.02 05:14:51.478,6.02104,6.02383,2.03,1.73
2012.08.02 05:14:51.539,6.02087,6.02383,1.74,1.73
2012.08.02 05:14:51.599,6.02087,6.02383,1.74,1.73
2012.08.02 05:14:51.659,6.0207,6.02362,2.78,2.81
2012.08.02 05:14:51.719,6.0207,6.02362,2.78,2.81
2012.08.02 05:14:51.876,6.0207,6.02362,2.78,2.81
2012.08.02 05:14:51.945,6.0207,6.02362,2.78,2.81
2012.08.02 05:14:52.059,6.0207,6.02362,2.78,2.81
2012.08.02 05:14:52.173,6.0207,6.02362,2.78,2.81
2012.08.02 05:14:52.287,6.0207,6.02362,2.78,2.81
2012.08.02 05:14:52.510,6.0207,6.02362,2.78,2.81
2012.08.02 05:14:52.625,6.0207,6.02362,2.78,2.81
2012.08.02 05:14:52.746,6.0207,6.02362,2.78,2.81
2012.08.02 05:14:53.140,6.0207,6.02362,2.78,2.81
2012.08.02 05:14:53.308,6.0207,6.02362,2.78,2.81
2012.08.02 05:14:53.530,6.0207,6.02362,2.78,2.81
2012.08.02 05:14:53.643,6.0207,6.02362,2.78,2.81
2012.08.02 05:14:53.743,6.0207,6.02362,2.78,2.81
2012.08.02 05:14:56.243,6.0207,6.02362,2.78,2.81
2012.08.02 05:14:56.760,6.0207,6.02362,2.78,2.81
2012.08.02 05:14:56.993,6.02087,6.02393,2.49,2.81
2012.08.02 05:14:57.511,6.02087,6.02393,2.49,3.56
2012.08.02 05:14:59.484,6.02067,6.02363,2.49,2.81
2012.08.02 05:15:04.451,6.02068,6.02363,2.78,2.81
2012.08.02 05:15:06.864,6.02068,6.02363,2.78,2.81
2012.08.02 05:15:07.636,6.02087,6.02393,2.49,2.81
2012.08.02 05:15:09.284,6.02087,6.02393,2.49,2.81
2012.08.02 05:15:17.897,6.02087,6.02393,2.49,2.81
2012.08.02 05:15:19.396,6.02087,6.02393,2.49,2.81
2012.08.02 05:15:19.643,6.02087,6.02393,2.49,2.81
2012.08.02 05:15:20.207,6.02087,6.02393,2.49,2.81
2012.08.02 05:15:20.267,6.02087,6.02393,2.49,2.81
2012.08.02 05:15:20.830,6.02087,6.02393,1.74,2.81
2012.08.02 05:15:21.931,6.02087,6.02393,2.49,2.81
2012.08.02 05:15:22.927,6.02087,6.02393,1.74,2.81
2012.08.02 05:15:23.934,6.02087,6.02393,2.49,2.81
2012.08.02 05:15:48.994,6.02087,6.02363,1.74,1.73
2012.08.02 05:15:49.054,6.02084,6.02312,2.03,1.83
2012.08.02 05:15:49.115,6.02046,6.02312,2.03,2.58
2012.08.02 05:15:51.603,6.02048,6.02342,1.74,2.81
2012.08.02 05:15:54.019,6.02047,6.02343,1.74,2.81
2012.08.02 05:16:00.827,6.02047,6.02343,2.49,2.81
2012.08.02 05:16:01.369,6.02047,6.02343,2.49,2.81
2012.08.02 05:16:01.706,6.02047,6.02343,2.49,2.81
2012.08.02 05:16:09.091,6.02076,6.02343,2.03,2.81
2012.08.02 05:16:16.460,6.02076,6.02343,2.03,2.81
2012.08.02 05:16:17.930,6.02069,6.02312,2.03,2.58
2012.08.02 05:16:17.991,6.02069,6.02343,2.03,2.81
2012.08.02 05:16:18.162,6.02036,6.02312,2.03,2.58
2012.08.02 05:16:18.461,6.02048,6.02342,1.74,2.81
2012.08.02 05:16:18.914,6.02048,6.02342,1.74,2.81
2012.08.02 05:16:19.032,6.02047,6.02343,1.74,2.81
2012.08.02 05:16:19.202,6.02069,6.02343,2.03,2.81
2012.08.02 05:16:31.546,6.02069,6.02312,2.03,1.83
2012.08.02 05:16:39.260,6.02046,6.02312,2.03,1.83
2012.08.02 05:16:47.234,6.02047,6.02333,1.74,1.73
2012.08.02 05:16:49.527,6.02047,6.02343,2.49,2.81
2012.08.02 05:17:01.757,6.02055,6.02343,2.78,2.81
2012.08.02 05:17:01.926,6.02055,6.02343,2.78,2.81
2012.08.02 05:17:01.993,6.02055,6.02343,2.78,2.81
2012.08.02 05:17:02.112,6.02055,6.02343,2.78,2.81
2012.08.02 05:17:02.233,6.02055,6.02343,2.78,2.81
2012.08.02 05:17:02.636,6.02055,6.02343,2.78,2.81
2012.08.02 05:17:02.753,6.02055,6.02343,2.78,2.81
2012.08.02 05:17:02.921,6.02055,6.02343,2.78,2.81
2012.08.02 05:17:03.043,6.02055,6.02343,2.78,2.81
2012.08.02 05:17:03.103,6.02055,6.02343,2.78,2.81
2012.08.02 05:17:03.333,6.02055,6.02343,2.78,2.81
2012.08.02 05:17:03.433,6.02055,6.02343,2.78,2.81
2012.08.02 05:17:03.722,6.02055,6.02343,2.78,2.81
2012.08.02 05:17:03.783,6.02055,6.02343,2.78,2.81
2012.08.02 05:17:03.897,6.02055,6.02343,2.78,2.81
2012.08.02 05:17:04.013,6.02055,6.02343,2.78,2.81
2012.08.02 05:17:04.252,6.02055,6.02343,2.78,2.81
2012.08.02 05:17:04.517,6.02055,6.02343,2.78,2.81
2012.08.02 05:17:04.604,6.02055,6.02343,2.78,2.81
2012.08.02 05:17:04.723,6.02055,6.02343,2.78,2.81
2012.08.02 05:17:04.897,6.02055,6.02343,2.78,2.81
2012.08.02 05:17:05.082,6.02055,6.02343,2.78,2.81
2012.08.02 05:17:05.194,6.02055,6.02343,2.78,2.81
2012.08.02 05:17:05.312,6.02055,6.02343,2.78,2.81
2012.08.02 05:17:05.433,6.02055,6.02343,2.78,2.81
2012.08.02 05:17:05.716,6.02055,6.02343,2.78,2.81
2012.08.02 05:17:05.833,6.02055,6.02343,2.78,2.81
2012.08.02 05:17:05.953,6.02055,6.02343,2.78,2.81
2012.08.02 05:17:06.069,6.02055,6.02343,2.78,2.81
2012.08.02 05:17:06.461,6.02055,6.02343,2.78,2.81
2012.08.02 05:17:06.522,6.02055,6.02343,2.78,2.81
2012.08.02 05:17:06.643,6.02055,6.02343,2.78,2.81
2012.08.02 05:17:07.987,6.02055,6.02343,2.78,2.81
2012.08.02 05:17:09.381,6.02087,6.02343,2.03,2.81
2012.08.02 05:17:10.883,6.02087,6.02343,2.78,2.81
2012.08.02 05:17:18.756,6.02087,6.02343,2.03,2.81
2012.08.02 05:17:24.204,6.02087,6.02343,2.03,2.81
2012.08.02 05:17:29.247,6.02069,6.02343,2.03,2.81
2012.08.02 05:17:32.119,6.02069,6.02363,2.78,2.81
2012.08.02 05:17:34.265,6.02069,6.02363,2.03,2.81
2012.08.02 05:17:45.538,6.02048,6.02342,2.49,2.81
2012.08.02 05:17:45.972,6.02048,6.02342,2.49,2.81
2012.08.02 05:17:46.240,6.02033,6.02312,2.78,2.58
2012.08.02 05:17:46.572,6.02047,6.02343,2.49,2.81
2012.08.02 05:17:46.917,6.02067,6.02312,2.03,2.81
2012.08.02 05:17:46.977,6.02043,6.02312,2.78,2.81
2012.08.02 05:17:47.647,6.02048,6.02342,1.74,2.81
2012.08.02 05:17:49.130,6.02048,6.02342,2.49,2.81
2012.08.02 05:18:07.607,6.02051,6.02342,2.78,2.81
2012.08.02 05:18:14.854,6.02051,6.02342,2.78,2.81
2012.08.02 05:18:15.106,6.02051,6.02342,2.03,2.81
2012.08.02 05:18:16.945,6.02051,6.02342,2.78,2.81
2012.08.02 05:18:20.475,6.02051,6.02342,2.78,2.81
2012.08.02 05:18:22.335,6.02051,6.02342,2.78,2.81
2012.08.02 05:18:22.894,6.02051,6.02342,2.78,2.81
2012.08.02 05:18:29.054,6.02068,6.02342,2.78,2.81
2012.08.02 05:18:29.116,6.02068,6.02342,2.78,2.81
2012.08.02 05:18:34.735,6.02068,6.02342,2.78,2.81
2012.08.02 05:18:35.513,6.02068,6.02342,2.78,2.81
2012.08.02 05:18:35.954,6.02068,6.02342,2.78,2.81
2012.08.02 05:18:56.837,6.02078,6.02363,2.78,2.81
2012.08.02 05:18:57.856,6.02078,6.02363,2.78,2.81
2012.08.02 05:19:17.468,6.02078,6.02363,2.78,2.81
2012.08.02 05:19:21.677,6.02078,6.02363,2.78,2.06
2012.08.02 05:19:27.162,6.02068,6.02363,2.03,2.81
2012.08.02 05:19:36.374,6.02068,6.02363,2.78,2.81
2012.08.02 05:19:36.675,6.02101,6.02362,2.03,2.81
2012.08.02 05:19:37.438,6.02101,6.02393,2.78,2.81
2012.08.02 05:19:38.753,6.02101,6.02393,2.78,2.81
2012.08.02 05:19:39.524,6.02101,6.02393,2.78,2.81
2012.08.02 05:19:58.821,6.02122,6.02412,2.03,2.81
2012.08.02 05:20:04.509,6.0209,6.02362,2.78,2.06
2012.08.02 05:20:05.152,6.0209,6.02362,2.03,2.81
2012.08.02 05:20:13.680,6.0209,6.02362,2.78,2.81
2012.08.02 05:20:13.740,6.0209,6.02393,2.03,2.81
2012.08.02 05:20:14.604,6.0209,6.02393,2.78,2.81
2012.08.02 05:20:24.497,6.02104,6.02393,2.03,2.81
2012.08.02 05:20:26.603,6.02104,6.02393,2.78,2.81
2012.08.02 05:20:28.919,6.02104,6.02393,2.78,2.81
2012.08.02 05:20:32.428,6.02104,6.02393,2.78,2.81
2012.08.02 05:20:32.854,6.02104,6.02393,2.78,2.81
2012.08.02 05:20:33.218,6.02104,6.02393,2.78,2.81
2012.08.02 05:20:34.685,6.02118,6.02412,2.49,2.81
2012.08.02 05:20:34.854,6.02118,6.02412,2.49,2.81
2012.08.02 05:20:47.311,6.02118,6.02412,2.49,2.81
2012.08.02 05:20:47.376,6.02138,6.02442,2.49,2.81
2012.08.02 05:20:47.521,6.02165,6.02442,2.78,2.81
2012.08.02 05:20:48.709,6.02165,6.02442,2.78,2.81
2012.08.02 05:20:48.823,6.02165,6.02442,2.78,2.81
2012.08.02 05:20:52.573,6.02165,6.02442,2.78,2.81
2012.08.02 05:20:52.901,6.02165,6.02442,2.78,2.81
2012.08.02 05:20:53.014,6.02165,6.02442,2.78,2.81
2012.08.02 05:20:53.280,6.02165,6.02442,2.78,2.81
2012.08.02 05:20:53.491,6.02165,6.02442,2.78,2.81
2012.08.02 05:20:53.604,6.02165,6.02442,2.78,2.81
2012.08.02 05:20:53.675,6.02165,6.02442,2.78,2.81
2012.08.02 05:20:53.790,6.02165,6.02442,2.78,2.81
2012.08.02 05:20:54.034,6.02165,6.02442,2.78,2.81
2012.08.02 05:20:54.292,6.02165,6.02442,2.78,2.81
2012.08.02 05:20:54.404,6.02165,6.02442,2.78,2.81
2012.08.02 05:20:54.649,6.02165,6.02442,2.78,2.81
2012.08.02 05:20:54.879,6.02165,6.02442,2.78,2.81
2012.08.02 05:20:55.238,6.02165,6.02442,2.78,2.81
2012.08.02 05:20:55.317,6.02165,6.02442,2.78,2.81
2012.08.02 05:20:55.433,6.02165,6.02442,2.78,2.81
2012.08.02 05:20:55.769,6.02199,6.02462,2.78,2.81
2012.08.02 05:20:56.310,6.02199,6.02462,2.78,2.81
2012.08.02 05:20:56.372,6.02199,6.02462,2.78,2.81
2012.08.02 05:20:56.488,6.02199,6.02462,2.78,2.81
2012.08.02 05:20:56.633,6.02199,6.02462,2.78,2.81
2012.08.02 05:20:56.749,6.02199,6.02462,2.78,2.81
2012.08.02 05:20:56.835,6.02199,6.02462,2.78,2.81
2012.08.02 05:20:57.345,6.02175,6.02462,2.78,2.81
2012.08.02 05:20:57.462,6.02168,6.02462,2.49,2.81
2012.08.02 05:20:57.950,6.02158,6.02442,2.78,2.81
2012.08.02 05:20:59.652,6.02168,6.02462,2.49,2.81
2012.08.02 05:20:59.964,6.02158,6.02443,2.78,2.81
2012.08.02 05:21:02.060,6.02167,6.02463,2.49,2.81
2012.08.02 05:21:02.176,6.02158,6.02442,2.78,2.81
2012.08.02 05:21:02.329,6.02158,6.02442,2.78,2.81
2012.08.02 05:21:02.570,6.02158,6.02442,2.78,2.81
2012.08.02 05:21:02.630,6.02158,6.02442,2.03,2.81
2012.08.02 05:21:02.855,6.02158,6.02443,2.78,2.81
2012.08.02 05:21:03.024,6.02167,6.02463,2.49,2.81
2012.08.02 05:21:03.139,6.02158,6.02442,2.03,2.81
2012.08.02 05:21:03.376,6.02158,6.02442,2.78,2.81
2012.08.02 05:21:03.749,6.02158,6.02442,2.03,2.81
2012.08.02 05:21:03.815,6.02168,6.02462,2.49,2.81
2012.08.02 05:21:04.148,6.02168,6.02462,2.49,2.81
2012.08.02 05:21:04.208,6.02168,6.02462,2.49,2.81
2012.08.02 05:21:06.043,6.02168,6.02462,1.74,3.56
2012.08.02 05:21:06.103,6.02158,6.02412,2.78,2.81
2012.08.02 05:21:07.097,6.02158,6.02412,2.78,2.81
2012.08.02 05:21:07.500,6.02158,6.02442,2.78,2.81
2012.08.02 05:21:07.826,6.02158,6.02442,2.78,2.81
2012.08.02 05:21:07.887,6.02158,6.02442,2.78,2.81
2012.08.02 05:21:07.948,6.02168,6.02462,2.49,2.81
2012.08.02 05:21:08.079,6.02168,6.02462,2.49,2.81
2012.08.02 05:21:09.213,6.02188,6.02482,2.49,2.81
2012.08.02 05:21:10.212,6.02167,6.02463,2.49,2.81
2012.08.02 05:21:13.370,6.02167,6.02463,2.49,2.81
2012.08.02 05:21:16.820,6.02167,6.02463,2.49,2.81
2012.08.02 05:21:16.881,6.02158,6.02412,2.78,2.81
2012.08.02 05:21:16.942,6.02136,6.02412,1.50,2.81
2012.08.02 05:21:17.344,6.02124,6.02412,2.78,2.81
2012.08.02 05:21:18.525,6.02124,6.02413,2.78,2.81
2012.08.02 05:21:19.683,6.02124,6.02413,2.78,2.81
2012.08.02 05:21:20.052,6.02137,6.02443,3.24,2.81
2012.08.02 05:21:20.230,6.02167,6.02443,2.78,2.81
2012.08.02 05:21:20.456,6.02167,6.02442,2.78,2.81
2012.08.02 05:21:24.092,6.02168,6.02462,2.49,2.81
2012.08.02 05:21:24.153,6.02168,6.02462,2.49,2.81
2012.08.02 05:21:24.910,6.02168,6.02462,1.74,2.81
2012.08.02 05:21:28.101,6.02168,6.02462,2.49,2.81
2012.08.02 05:21:28.331,6.02168,6.02462,1.74,2.81
2012.08.02 05:21:29.307,6.02137,6.02443,2.49,2.81
2012.08.02 05:21:29.425,6.02137,6.02443,2.49,2.81
2012.08.02 05:21:29.763,6.02137,6.02443,2.49,2.81
2012.08.02 05:21:30.215,6.02151,6.02443,2.78,2.81
2012.08.02 05:21:30.802,6.02151,6.02443,2.78,2.81
2012.08.02 05:21:30.863,6.02168,6.02462,2.49,2.81
2012.08.02 05:21:46.249,6.02168,6.02462,1.74,3.56
2012.08.02 05:21:53.431,6.02163,6.02443,2.03,2.81
2012.08.02 05:21:55.450,6.0214,6.02443,2.03,3.56
2012.08.02 05:21:55.539,6.02137,6.02443,2.49,3.56
2012.08.02 05:21:55.664,6.02137,6.02443,2.49,3.56
2012.08.02 05:21:56.051,6.02137,6.02443,2.49,2.81
2012.08.02 05:22:15.446,6.02149,6.02443,2.03,2.81
2012.08.02 05:22:25.200,6.02149,6.02443,2.78,2.81
2012.08.02 05:22:32.358,6.02149,6.02382,2.03,1.50
2012.08.02 05:22:32.418,6.02149,6.02382,2.03,1.50
2012.08.02 05:22:32.586,6.02087,6.02363,1.50,2.58
2012.08.02 05:22:32.759,6.02068,6.02363,3.53,2.81
2012.08.02 05:22:32.820,6.02068,6.02363,2.78,2.81
2012.08.02 05:22:32.936,6.02068,6.02363,2.78,2.81
2012.08.02 05:22:33.332,6.02068,6.02342,2.78,2.81
2012.08.02 05:22:33.563,6.02068,6.02342,2.78,2.81
2012.08.02 05:22:33.939,6.02068,6.02342,2.78,2.81
2012.08.02 05:22:35.106,6.02068,6.02342,2.78,2.81
2012.08.02 05:22:35.470,6.02068,6.02342,2.78,2.81
2012.08.02 05:22:35.585,6.02068,6.02362,3.76,2.81
2012.08.02 05:22:35.810,6.02068,6.02363,2.78,2.81
2012.08.02 05:22:36.510,6.02068,6.02342,2.03,2.81
2012.08.02 05:22:43.417,6.02048,6.02342,1.74,2.81
2012.08.02 05:22:44.317,6.02048,6.02342,1.74,2.81
2012.08.02 05:22:45.136,6.02048,6.02342,2.49,2.81
2012.08.02 05:22:45.256,6.02048,6.02342,1.74,2.81
2012.08.02 05:22:46.075,6.02048,6.02342,2.49,2.81
2012.08.02 05:22:46.626,6.02048,6.02342,2.49,2.81
2012.08.02 05:22:49.566,6.02067,6.02363,1.74,3.56
2012.08.02 05:22:50.439,6.02068,6.02363,2.78,2.81
2012.08.02 05:22:50.499,6.02068,6.02363,2.78,2.81
2012.08.02 05:22:50.559,6.02068,6.02363,2.78,2.81
2012.08.02 05:22:50.729,6.02068,6.02363,2.78,2.81
2012.08.02 05:22:50.790,6.02088,6.02392,2.49,3.56
2012.08.02 05:22:51.230,6.02088,6.02392,2.49,2.81
2012.08.02 05:22:51.831,6.02088,6.02392,2.49,2.81
2012.08.02 05:22:54.372,6.02088,6.02392,2.49,2.81
2012.08.02 05:22:59.800,6.02088,6.02392,2.49,2.81
2012.08.02 05:23:00.222,6.02088,6.02392,2.49,2.81
2012.08.02 05:23:05.297,6.02088,6.02392,2.49,2.81
2012.08.02 05:23:09.123,6.02088,6.02392,2.49,2.81
2012.08.02 05:23:13.113,6.02088,6.02392,1.74,2.81
2012.08.02 05:23:24.150,6.02088,6.02392,2.49,2.81
2012.08.02 05:23:24.881,6.02088,6.02392,2.49,2.81
2012.08.02 05:23:25.121,6.02088,6.02392,1.74,2.81
2012.08.02 05:23:50.745,6.02083,6.02443,2.78,3.00
2012.08.02 05:23:53.150,6.02073,6.02433,2.78,3.00
2012.08.02 05:23:53.484,6.02073,6.02433,2.78,3.00
2012.08.02 05:23:58.100,6.02073,6.02433,2.78,3.00
2012.08.02 05:23:58.543,6.02073,6.02433,2.78,3.00
2012.08.02 05:24:00.950,6.02073,6.02433,2.78,3.00
2012.08.02 05:24:04.364,6.02073,6.02433,2.78,3.00
2012.08.02 05:24:04.600,6.02073,6.02433,2.78,3.00
2012.08.02 05:24:04.728,6.02073,6.02433,2.78,3.00
2012.08.02 05:24:10.672,6.02088,6.02448,2.03,3.00
2012.08.02 05:24:14.092,6.02088,6.02448,2.78,3.00
2012.08.02 05:24:14.212,6.02088,6.02448,2.78,3.00
2012.08.02 05:24:16.394,6.02088,6.02448,2.78,3.00
2012.08.02 05:24:16.666,6.02088,6.02448,2.78,3.00
2012.08.02 05:24:19.107,6.02088,6.02448,2.78,3.00
2012.08.02 05:24:19.166,6.02088,6.02448,2.78,3.00
2012.08.02 05:24:19.635,6.02088,6.02448,2.78,3.00
2012.08.02 05:24:20.816,6.02088,6.02448,2.78,3.00
2012.08.02 05:24:21.482,6.0212,6.02413,2.78,2.81
2012.08.02 05:24:21.597,6.0212,6.02352,2.78,2.81
2012.08.02 05:24:23.000,6.02089,6.02352,2.78,2.81
2012.08.02 05:24:23.990,6.02089,6.02352,2.78,2.81
2012.08.02 05:24:26.659,6.02089,6.02352,2.03,2.81
2012.08.02 05:24:26.719,6.02108,6.02402,1.74,2.81
2012.08.02 05:24:28.940,6.02108,6.02402,2.49,2.81
2012.08.02 05:24:29.930,6.02108,6.02402,2.49,2.81
2012.08.02 05:24:32.783,6.02108,6.02402,2.49,2.81
2012.08.02 05:24:39.873,6.02108,6.02402,2.49,2.81
2012.08.02 05:24:40.324,6.02137,6.02433,2.49,2.81
2012.08.02 05:24:47.604,6.02137,6.02433,2.49,2.81
2012.08.02 05:24:53.034,6.02137,6.02433,2.49,2.81
2012.08.02 05:24:53.265,6.02137,6.02433,2.49,2.81
2012.08.02 05:24:54.267,6.02137,6.02433,2.49,2.81
2012.08.02 05:24:54.346,6.02137,6.02433,2.49,2.81
2012.08.02 05:24:54.511,6.02137,6.02433,2.49,2.81
2012.08.02 05:24:57.434,6.02125,6.02372,2.78,2.81
2012.08.02 05:24:57.494,6.02125,6.02372,2.78,2.81
2012.08.02 05:24:57.864,6.02125,6.02372,2.78,2.81
2012.08.02 05:24:58.414,6.02125,6.02372,2.03,2.81
2012.08.02 05:24:58.668,6.021,6.02372,2.78,2.81
2012.08.02 05:24:58.782,6.02078,6.02372,2.49,2.81
2012.08.02 05:25:01.102,6.02078,6.02372,2.49,2.81
2012.08.02 05:25:01.166,6.02078,6.02372,2.49,2.81
2012.08.02 05:25:01.274,6.02078,6.02372,2.49,2.81
2012.08.02 05:25:01.505,6.02078,6.02372,2.49,2.81
2012.08.02 05:25:01.616,6.02078,6.02372,2.49,2.81
2012.08.02 05:25:03.705,6.02078,6.02372,2.49,2.81
2012.08.02 05:25:04.034,6.02078,6.02372,2.49,2.81
2012.08.02 05:25:10.629,6.02138,6.02412,1.74,1.73
2012.08.02 05:25:10.855,6.02138,6.02433,1.74,1.73
2012.08.02 05:25:24.393,6.02109,6.02352,1.50,2.06
2012.08.02 05:25:24.508,6.02107,6.02352,2.03,2.81
2012.08.02 05:25:24.834,6.02075,6.02352,2.78,2.81
2012.08.02 05:25:25.889,6.02137,6.02437,1.74,3.00
2012.08.02 05:25:26.136,6.02075,6.02353,2.78,2.81
2012.08.02 05:25:28.999,6.02075,6.02353,2.78,2.81
2012.08.02 05:25:29.903,6.02075,6.02332,2.78,2.81
2012.08.02 05:25:30.427,6.02075,6.02332,2.78,2.81
2012.08.02 05:25:31.969,6.02075,6.02332,2.78,2.81
2012.08.02 05:25:32.470,6.02075,6.02352,2.78,2.81
2012.08.02 05:25:32.529,6.02075,6.02352,2.78,2.81
2012.08.02 05:25:33.949,6.02075,6.02352,2.78,2.81
2012.08.02 05:25:34.939,6.02075,6.02352,2.78,2.81
2012.08.02 05:25:37.141,6.02075,6.02352,2.03,3.56
2012.08.02 05:25:40.549,6.02075,6.02262,2.03,1.50
2012.08.02 05:25:44.894,6.02057,6.02262,2.03,1.50
2012.08.02 05:25:47.491,6.02057,6.02252,2.03,1.50
2012.08.02 05:26:04.853,6.0205,6.02272,2.03,1.50
2012.08.02 05:26:05.021,6.0205,6.02283,2.78,1.50
2012.08.02 05:26:05.081,6.02077,6.02283,1.74,1.50
2012.08.02 05:26:11.677,6.0205,6.02312,2.03,1.73
2012.08.02 05:26:11.997,6.0205,6.02312,2.03,1.73
2012.08.02 05:26:12.364,6.0205,6.02273,2.03,1.50
2012.08.02 05:26:12.481,6.02017,6.02273,2.03,1.73
2012.08.02 05:26:12.704,6.02017,6.02262,2.03,1.73
2012.08.02 05:26:12.885,6.02017,6.02262,2.78,1.73
2012.08.02 05:26:13.250,6.02017,6.02262,2.03,1.73
2012.08.02 05:26:13.364,6.02017,6.02262,2.78,1.73
2012.08.02 05:26:13.608,6.02017,6.02262,2.03,1.73
2012.08.02 05:26:13.787,6.02017,6.02252,2.78,1.73
2012.08.02 05:26:13.905,6.02017,6.02252,2.03,1.73
2012.08.02 05:26:14.038,6.02017,6.02252,2.78,1.73
2012.08.02 05:26:14.153,6.02017,6.02252,2.03,1.73
2012.08.02 05:26:14.267,6.02017,6.02252,2.03,1.73
2012.08.02 05:26:14.389,6.02017,6.02252,2.03,1.73
2012.08.02 05:26:14.492,6.02017,6.02252,2.03,1.73
2012.08.02 05:26:14.713,6.02017,6.02252,2.78,1.73
2012.08.02 05:26:14.948,6.02017,6.02252,2.03,1.73
2012.08.02 05:26:15.186,6.02017,6.02242,2.78,1.73
2012.08.02 05:26:15.318,6.02017,6.02242,2.03,1.73
2012.08.02 05:26:15.431,6.02017,6.02242,2.03,1.73
2012.08.02 05:26:15.547,6.02017,6.02242,2.03,1.73
2012.08.02 05:26:15.660,6.02017,6.02242,2.78,1.73
2012.08.02 05:26:15.789,6.02017,6.02242,2.03,1.73
2012.08.02 05:26:15.901,6.02017,6.02242,2.03,1.73
2012.08.02 05:26:16.157,6.02017,6.02242,2.03,1.73
2012.08.02 05:26:16.270,6.02017,6.02242,2.78,1.73
2012.08.02 05:26:16.392,6.02017,6.02242,2.03,1.73
2012.08.02 05:26:16.464,6.02017,6.02242,2.78,1.73
2012.08.02 05:26:16.630,6.02017,6.02242,2.03,1.73
2012.08.02 05:26:16.743,6.02017,6.02242,2.78,1.73
2012.08.02 05:26:29.406,6.02017,6.02239,2.78,1.50
2012.08.02 05:26:29.630,6.01987,6.0223,1.74,1.50
2012.08.02 05:26:29.743,6.01987,6.02223,1.74,1.50
2012.08.02 05:26:30.263,6.01987,6.02182,1.74,1.73
2012.08.02 05:26:30.332,6.01889,6.02124,2.78,1.73
2012.08.02 05:26:30.717,6.01868,6.02112,2.49,1.73
2012.08.02 05:26:30.980,6.01888,6.02102,1.74,1.73
2012.08.02 05:26:31.041,6.01867,6.02102,2.49,1.73
2012.08.02 05:26:31.214,6.01867,6.02103,2.49,1.73
2012.08.02 05:26:31.343,6.01867,6.02079,1.74,1.50
2012.08.02 05:26:31.568,6.01838,6.02079,2.49,1.50
2012.08.02 05:26:31.629,6.01838,6.02079,2.49,1.50
2012.08.02 05:26:31.990,6.01838,6.02052,1.74,1.50
2012.08.02 05:26:32.051,6.01838,6.02051,1.74,1.50
2012.08.02 05:26:33.697,6.01838,6.02052,1.74,1.50
2012.08.02 05:26:33.923,6.01838,6.02051,1.74,1.50
2012.08.02 05:26:34.039,6.01838,6.02062,3.76,1.50
2012.08.02 05:26:34.194,6.01838,6.02061,4.51,1.50
2012.08.02 05:26:47.023,6.01838,6.02062,4.51,1.50
2012.08.02 05:26:47.083,6.01868,6.02062,1.74,1.50
2012.08.02 05:26:47.919,6.01868,6.02083,1.74,1.50
2012.08.02 05:26:51.667,6.01878,6.02102,2.03,1.73
2012.08.02 05:26:58.082,6.0191,6.02132,2.03,1.73
2012.08.02 05:26:58.143,6.0191,6.02143,2.03,1.73
2012.08.02 05:26:58.675,6.01948,6.02193,2.03,1.73
2012.08.02 05:26:59.003,6.01988,6.02282,1.74,2.81
2012.08.02 05:26:59.065,6.02,6.02282,2.03,2.81
2012.08.02 05:26:59.126,6.02024,6.02282,2.03,2.81
2012.08.02 05:26:59.187,6.02024,6.02282,2.03,2.81
2012.08.02 05:27:00.242,6.02024,6.02282,2.03,2.81
2012.08.02 05:27:00.819,6.02024,6.02282,2.03,2.81
2012.08.02 05:27:00.938,6.02024,6.02282,2.03,2.81
2012.08.02 05:27:01.286,6.02024,6.02282,2.03,2.81
2012.08.02 05:27:01.407,6.02024,6.02282,2.03,2.81
2012.08.02 05:27:01.527,6.02024,6.02282,2.03,2.81
2012.08.02 05:27:01.587,6.02024,6.02282,2.03,2.81
2012.08.02 05:27:01.767,6.02024,6.02282,2.03,2.81
2012.08.02 05:27:01.886,6.02024,6.02282,2.03,2.81
2012.08.02 05:27:02.126,6.02024,6.02282,2.03,2.81
2012.08.02 05:27:02.477,6.02024,6.02282,2.03,2.81
2012.08.02 05:27:02.596,6.02024,6.02282,2.03,2.81
2012.08.02 05:27:02.741,6.02024,6.02282,2.03,2.81
2012.08.02 05:27:02.947,6.02024,6.02282,2.03,2.81
2012.08.02 05:27:03.056,6.02024,6.02282,2.03,2.81
2012.08.02 05:27:03.176,6.02024,6.02282,2.03,2.81
2012.08.02 05:27:03.235,6.02024,6.02282,2.03,2.81
2012.08.02 05:27:03.295,6.02024,6.02282,2.03,2.81
2012.08.02 05:27:03.406,6.02024,6.02282,2.03,2.81
2012.08.02 05:27:03.876,6.02024,6.02282,2.03,2.81
2012.08.02 05:27:10.893,6.02024,6.02282,2.03,2.81
2012.08.02 05:27:11.524,6.01988,6.02262,1.74,1.73
2012.08.02 05:27:11.585,6.01984,6.02253,2.03,2.81
2012.08.02 05:27:11.707,6.01984,6.02253,2.03,2.81
2012.08.02 05:27:11.845,6.01987,6.02282,1.74,1.73
2012.08.02 05:27:13.228,6.01984,6.02252,2.03,2.06
2012.08.02 05:27:16.978,6.01988,6.02282,1.74,2.81
2012.08.02 05:27:28.308,6.01984,6.02253,2.03,2.81
2012.08.02 05:27:28.369,6.01984,6.02253,2.03,2.81
2012.08.02 05:27:28.617,6.01984,6.02253,2.03,2.81
2012.08.02 05:27:28.678,6.01987,6.02283,1.74,2.81
2012.08.02 05:27:39.015,6.01957,6.02253,1.74,2.81
2012.08.02 05:27:50.590,6.01988,6.02282,1.74,2.81
2012.08.02 05:27:51.959,6.01988,6.02282,1.74,3.56
2012.08.02 05:27:52.075,6.01957,6.02253,1.74,3.56
2012.08.02 05:27:52.450,6.01937,6.02233,1.74,2.81
2012.08.02 05:27:54.214,6.01937,6.02233,2.49,2.81
2012.08.02 05:27:56.204,6.01937,6.02233,1.74,2.81
2012.08.02 05:27:56.498,6.01937,6.02233,1.74,2.81
2012.08.02 05:28:02.336,6.01957,6.02253,1.74,3.56
2012.08.02 05:28:02.699,6.01938,6.02232,1.74,2.81
2012.08.02 05:28:08.302,6.01958,6.02242,1.74,1.73
2012.08.02 05:28:29.343,6.01954,6.02232,2.03,2.81
2012.08.02 05:28:30.185,6.01958,6.02252,1.74,2.81
2012.08.02 05:28:33.598,6.01937,6.02233,3.76,2.81
2012.08.02 05:28:45.501,6.01907,6.02213,1.74,2.81
2012.08.02 05:29:02.665,6.01937,6.02232,1.74,1.73
2012.08.02 05:29:04.623,6.01907,6.02213,1.74,2.81
2012.08.02 05:29:05.488,6.0191,6.02213,2.03,2.81
2012.08.02 05:29:25.491,6.01907,6.02212,1.74,1.73
2012.08.02 05:29:45.593,6.01916,6.02213,2.03,2.81
2012.08.02 05:29:54.669,6.01887,6.02183,1.74,2.81
2012.08.02 05:29:54.894,6.01848,6.02133,1.50,1.83
2012.08.02 05:29:55.008,6.01837,6.02133,2.49,2.81
2012.08.02 05:29:55.070,6.01837,6.02133,1.74,3.56
2012.08.02 05:29:55.669,6.01817,6.02113,1.74,3.56
2012.08.02 05:29:55.784,6.01838,6.02113,1.74,1.73
2012.08.02 05:30:00.287,6.01818,6.02112,1.74,2.81
2012.08.02 05:30:00.458,6.01845,6.01983,2.03,2.03
2012.08.02 05:30:00.794,6.0183,6.01966,2.03,2.03
2012.08.02 05:30:01.466,6.0181,6.01931,2.03,2.03
2012.08.02 05:30:01.527,6.01825,6.01942,2.03,2.03
2012.08.02 05:30:04.006,6.01838,6.01958,2.03,2.03
2012.08.02 05:30:04.122,6.01825,6.01942,2.03,2.03
2012.08.02 05:30:05.066,6.01804,6.01963,2.03,2.03
2012.08.02 05:30:05.182,6.01796,6.01959,2.03,2.03
2012.08.02 05:30:05.406,6.01802,6.01959,2.03,2.03
2012.08.02 05:30:05.939,6.01818,6.01973,2.03,2.03
2012.08.02 05:30:07.436,6.01833,6.0199,2.03,2.03
2012.08.02 05:30:08.516,6.01803,6.02007,2.03,2.78
2012.08.02 05:30:08.577,6.01788,6.01992,2.03,2.03
2012.08.02 05:30:08.847,6.01805,6.02011,2.03,2.78
2012.08.02 05:30:08.967,6.01788,6.01994,2.03,2.03
2012.08.02 05:30:09.186,6.01806,6.0201,2.03,2.78
2012.08.02 05:30:09.301,6.0179,6.01994,2.03,2.03
2012.08.02 05:30:10.096,6.01805,6.02009,2.03,2.78
2012.08.02 05:30:10.226,6.01789,6.01993,2.03,2.03
2012.08.02 05:30:10.323,6.01806,6.02012,2.03,3.00
2012.08.02 05:30:10.491,6.01789,6.01993,2.03,2.03
2012.08.02 05:30:10.606,6.01803,6.02009,2.03,2.78
2012.08.02 05:30:10.720,6.01789,6.01993,2.03,2.03
2012.08.02 05:30:10.906,6.01807,6.02011,2.03,2.78
2012.08.02 05:30:11.074,6.0179,6.01994,2.03,2.03
2012.08.02 05:30:11.500,6.01807,6.02011,2.03,2.78
2012.08.02 05:30:11.614,6.0179,6.01996,2.03,2.03
2012.08.02 05:30:12.442,6.01806,6.0201,2.03,2.78
2012.08.02 05:30:12.611,6.01801,6.02007,2.03,2.78
2012.08.02 05:30:12.914,6.01779,6.01985,2.03,2.03
2012.08.02 05:30:13.149,6.01777,6.01962,2.03,2.03
2012.08.02 05:30:13.263,6.01768,6.01962,1.74,2.03
2012.08.02 05:30:13.659,6.01776,6.01962,2.03,2.03
2012.08.02 05:30:13.832,6.01801,6.02005,2.03,2.78
2012.08.02 05:30:13.952,6.0178,6.01986,2.03,2.03
2012.08.02 05:30:14.073,6.01797,6.02001,2.03,2.78
2012.08.02 05:30:14.569,6.0178,6.01986,2.03,2.03
2012.08.02 05:30:14.683,6.01796,6.02,2.03,2.78
2012.08.02 05:30:15.024,6.0178,6.01984,2.03,2.03
2012.08.02 05:30:15.370,6.01798,6.02004,2.03,2.78
2012.08.02 05:30:15.921,6.01797,6.02001,2.03,2.78
2012.08.02 05:30:26.702,6.01797,6.02001,2.03,2.03
2012.08.02 05:30:31.376,6.01814,6.0202,2.03,2.03
2012.08.02 05:30:31.437,6.01798,6.02004,2.03,2.03
2012.08.02 05:30:31.783,6.01824,6.0203,2.03,3.00
2012.08.02 05:30:31.856,6.01801,6.02004,2.03,2.03
2012.08.02 05:30:31.978,6.01814,6.0202,2.03,2.03
2012.08.02 05:30:35.286,6.01794,6.02,2.03,2.03
2012.08.02 05:30:35.762,6.0181,6.02014,2.03,2.03
2012.08.02 05:30:37.501,6.01794,6.01998,2.03,2.03
2012.08.02 05:30:37.763,6.01808,6.02014,2.03,2.03
2012.08.02 05:30:39.859,6.01825,6.02029,2.03,3.00
2012.08.02 05:30:43.072,6.01841,6.02048,2.03,3.00
2012.08.02 05:30:43.439,6.0182,6.02024,2.03,2.25
2012.08.02 05:30:43.976,6.0182,6.02024,2.03,3.00
2012.08.02 05:30:44.366,6.01803,6.02007,2.03,2.78
2012.08.02 05:30:44.431,6.01803,6.02007,2.03,2.78
2012.08.02 05:30:46.385,6.01823,6.02022,2.03,2.58
2012.08.02 05:30:46.724,6.01837,6.02042,2.03,2.81
2012.08.02 05:30:47.144,6.01814,6.0202,2.03,2.78
2012.08.02 05:30:59.032,6.01831,6.02035,2.03,3.00
2012.08.02 05:30:59.092,6.01831,6.02035,2.03,2.25
2012.08.02 05:30:59.382,6.01812,6.02016,2.03,2.03
2012.08.02 05:31:00.213,6.01794,6.01998,2.03,2.03
2012.08.02 05:31:00.835,6.01794,6.01998,2.03,2.78
2012.08.02 05:31:02.800,6.01776,6.02,2.03,2.78
2012.08.02 05:31:03.126,6.01776,6.02,2.03,2.78
2012.08.02 05:31:22.931,6.01778,6.02001,2.03,2.78
2012.08.02 05:31:22.992,6.01753,6.01971,2.03,2.78
2012.08.02 05:31:23.052,6.01745,6.01971,2.03,2.78
2012.08.02 05:31:23.112,6.01745,6.01971,2.03,2.78
2012.08.02 05:31:23.441,6.01772,6.01978,2.03,2.78
2012.08.02 05:31:23.502,6.0175,6.01954,2.03,2.78
2012.08.02 05:31:23.616,6.01773,6.01979,2.03,2.78
2012.08.02 05:31:23.785,6.01773,6.01979,2.03,2.78
2012.08.02 05:31:24.157,6.01789,6.01994,2.03,2.78
2012.08.02 05:31:25.055,6.0177,6.01974,2.03,2.78
2012.08.02 05:31:25.171,6.0177,6.01974,2.03,2.78
2012.08.02 05:31:25.285,6.01749,6.01955,2.03,2.78
2012.08.02 05:31:25.622,6.01764,6.0197,2.03,2.78
2012.08.02 05:31:28.385,6.01764,6.0197,2.03,2.78
2012.08.02 05:31:28.445,6.01742,6.01946,2.03,2.78
2012.08.02 05:31:28.560,6.01724,6.0193,2.03,2.78
2012.08.02 05:31:28.732,6.01724,6.0193,2.03,2.78
2012.08.02 05:31:33.533,6.01724,6.0193,2.03,2.78
2012.08.02 05:31:33.821,6.01749,6.01953,2.03,2.78
2012.08.02 05:31:42.268,6.01749,6.01953,2.03,2.78
2012.08.02 05:31:42.524,6.01753,6.01959,2.03,2.78
2012.08.02 05:31:44.502,6.01769,6.01975,2.03,3.00
2012.08.02 05:31:45.513,6.01754,6.0196,2.03,2.78
2012.08.02 05:31:45.645,6.01754,6.0196,2.03,2.78
2012.08.02 05:31:46.892,6.01739,6.01945,2.03,2.78
2012.08.02 05:31:47.038,6.01758,6.01962,2.03,3.00
2012.08.02 05:31:53.123,6.01758,6.01962,2.03,3.00
2012.08.02 05:31:56.094,6.01798,6.02002,2.03,3.00
2012.08.02 05:31:56.156,6.01798,6.02002,2.03,3.00
2012.08.02 05:31:56.367,6.01798,6.02002,2.03,3.00
2012.08.02 05:31:56.650,6.01817,6.02023,2.03,3.00
2012.08.02 05:31:56.768,6.01839,6.02043,2.03,2.81
2012.08.02 05:31:56.995,6.01839,6.02043,2.03,2.81
2012.08.02 05:31:57.220,6.01843,6.02043,2.03,2.81
2012.08.02 05:31:57.447,6.01843,6.02047,2.03,3.00
2012.08.02 05:31:57.756,6.01843,6.02047,2.03,3.00
2012.08.02 05:31:57.817,6.01843,6.02047,2.03,3.00
2012.08.02 05:31:57.933,6.01843,6.02047,2.03,3.00
2012.08.02 05:31:58.123,6.01843,6.02047,2.03,3.00
2012.08.02 05:31:58.294,6.01843,6.02047,2.03,3.00
2012.08.02 05:31:58.527,6.01843,6.02047,2.03,3.00
2012.08.02 05:31:58.588,6.01823,6.02029,2.03,2.25
2012.08.02 05:31:58.648,6.01823,6.02029,2.03,3.00
2012.08.02 05:31:58.824,6.01823,6.02029,2.03,3.00
2012.08.02 05:31:58.940,6.01823,6.02029,2.03,3.00
2012.08.02 05:31:59.165,6.01823,6.02029,2.03,3.00
2012.08.02 05:31:59.280,6.01823,6.02029,2.03,3.00
2012.08.02 05:31:59.613,6.01823,6.02029,2.03,3.00
2012.08.02 05:32:06.760,6.01801,6.02005,2.03,2.03
2012.08.02 05:32:07.955,6.01785,6.01991,2.03,2.03
2012.08.02 05:32:10.979,6.01786,6.01991,2.03,2.03
2012.08.02 05:32:11.040,6.01811,6.02015,2.03,2.03
2012.08.02 05:32:13.890,6.01811,6.02015,2.03,2.78
2012.08.02 05:32:14.115,6.01748,6.0195,1.74,2.03
2012.08.02 05:32:14.339,6.01765,6.01971,2.03,2.03
2012.08.02 05:32:15.090,6.01766,6.0197,2.03,2.03
2012.08.02 05:32:15.647,6.01748,6.01953,1.74,2.03
2012.08.02 05:32:15.925,6.01763,6.01967,2.03,2.03
2012.08.02 05:32:17.363,6.01782,6.01986,2.03,2.03
2012.08.02 05:32:29.162,6.01796,6.02002,2.03,2.03
2012.08.02 05:32:39.395,6.01805,6.02011,2.03,2.03
2012.08.02 05:32:44.095,6.01824,6.0203,2.03,2.25
2012.08.02 05:33:03.962,6.01819,6.02023,2.03,2.25
2012.08.02 05:33:07.935,6.01819,6.02023,2.03,3.00
2012.08.02 05:33:08.048,6.01803,6.02013,2.03,2.78
2012.08.02 05:33:08.271,6.0178,6.01979,2.03,2.03
2012.08.02 05:33:08.332,6.01771,6.01979,2.03,2.03
2012.08.02 05:33:10.953,6.01771,6.01979,2.03,2.78
2012.08.02 05:33:14.085,6.01771,6.01979,2.03,2.78
2012.08.02 05:33:14.202,6.01782,6.01994,2.03,2.78
2012.08.02 05:33:15.843,6.01801,6.02009,2.03,2.78
2012.08.02 05:33:16.171,6.01801,6.02009,2.03,2.78
2012.08.02 05:33:22.747,6.0179,6.01994,2.03,2.78
2012.08.02 05:33:25.809,6.0179,6.01994,2.03,2.78
2012.08.02 05:33:26.072,6.01765,6.01963,2.03,2.78
2012.08.02 05:33:26.132,6.01758,6.01963,2.03,2.78
2012.08.02 05:33:38.439,6.01773,6.01979,2.03,2.78
2012.08.02 05:33:50.746,6.01773,6.01979,2.03,2.78
2012.08.02 05:33:51.284,6.01822,6.02002,2.03,2.78
2012.08.02 05:34:09.015,6.01822,6.02026,2.03,3.00
2012.08.02 05:34:09.317,6.01822,6.02026,2.03,3.00
2012.08.02 05:34:11.110,6.0183,6.02035,2.03,3.00
2012.08.02 05:34:12.432,6.01807,6.02011,2.03,2.78
2012.08.02 05:34:15.266,6.0182,6.02027,2.03,3.00
2012.08.02 05:34:19.900,6.0182,6.02027,2.03,3.00
2012.08.02 05:34:19.960,6.01843,6.02047,2.03,3.00
2012.08.02 05:34:20.834,6.01828,6.02032,2.03,2.78
2012.08.02 05:34:29.365,6.01847,6.02053,2.03,2.78
2012.08.02 05:34:32.190,6.01847,6.02053,2.03,2.78
2012.08.02 05:34:49.311,6.01848,6.02054,2.03,2.78
2012.08.02 05:34:50.838,6.01825,6.02006,2.03,2.03
2012.08.02 05:34:50.954,6.01797,6.01991,1.74,2.03
2012.08.02 05:34:51.123,6.01797,6.01991,1.74,2.78
2012.08.02 05:34:51.461,6.01802,6.02008,2.03,2.78
2012.08.02 05:35:02.460,6.01802,6.02008,2.03,2.78
2012.08.02 05:35:08.898,6.01816,6.0202,2.03,2.78
2012.08.02 05:35:18.187,6.01816,6.0202,2.03,2.78
2012.08.02 05:35:18.354,6.01816,6.0202,2.03,2.03
2012.08.02 05:35:18.647,6.01815,6.02019,2.03,2.78
2012.08.02 05:35:18.928,6.01815,6.02019,2.03,2.03
2012.08.02 05:35:19.041,6.01815,6.02019,2.03,2.78
2012.08.02 05:35:19.262,6.01815,6.02019,2.03,2.03
2012.08.02 05:35:19.375,6.01815,6.02019,2.03,2.78
2012.08.02 05:35:19.606,6.01815,6.02019,2.03,2.03
2012.08.02 05:35:19.947,6.01815,6.02019,2.03,2.78
2012.08.02 05:35:20.060,6.01815,6.02019,2.03,2.03
2012.08.02 05:35:20.175,6.01815,6.02019,2.03,2.78
2012.08.02 05:35:20.287,6.01815,6.02019,2.03,2.03
2012.08.02 05:35:20.405,6.01815,6.02019,2.03,2.78
2012.08.02 05:35:20.628,6.01815,6.02019,2.03,2.03
2012.08.02 05:35:20.769,6.01815,6.02019,2.03,2.78
2012.08.02 05:35:20.882,6.01815,6.02019,2.03,2.03
2012.08.02 05:35:21.113,6.01815,6.02019,2.03,2.78
2012.08.02 05:35:21.197,6.01815,6.02019,2.03,2.03
2012.08.02 05:35:21.310,6.0184,6.02023,2.03,1.50
2012.08.02 05:35:21.423,6.0184,6.02043,2.03,1.50
2012.08.02 05:35:21.537,6.0184,6.02023,2.03,1.50
2012.08.02 05:35:21.646,6.0184,6.02042,2.03,1.50
2012.08.02 05:35:21.874,6.0184,6.02042,2.03,1.50
2012.08.02 05:35:21.987,6.01864,6.02042,2.03,1.50
2012.08.02 05:35:22.635,6.01864,6.02042,2.03,1.50
2012.08.02 05:35:22.921,6.01864,6.02057,2.03,1.50
2012.08.02 05:35:26.467,6.01886,6.02057,2.03,1.50
2012.08.02 05:35:26.527,6.01886,6.02062,2.03,1.50
2012.08.02 05:35:26.592,6.01886,6.02085,2.03,1.73
2012.08.02 05:35:26.708,6.01907,6.02085,2.03,1.73
2012.08.02 05:35:26.768,6.01907,6.02093,2.03,1.73
2012.08.02 05:35:26.884,6.01907,6.021,2.03,1.50
2012.08.02 05:35:27.171,6.01907,6.021,2.03,1.50
2012.08.02 05:35:27.941,6.01907,6.021,2.03,1.50
2012.08.02 05:35:28.117,6.01907,6.021,2.03,1.50
2012.08.02 05:35:29.136,6.01907,6.021,2.03,1.50
2012.08.02 05:35:31.007,6.01907,6.02077,2.03,1.50
2012.08.02 05:35:31.066,6.01889,6.02077,2.03,1.50
2012.08.02 05:35:33.636,6.01889,6.02094,2.03,2.78
2012.08.02 05:35:34.131,6.01912,6.02107,2.03,1.50
2012.08.02 05:35:34.191,6.01912,6.02107,2.03,1.50
2012.08.02 05:35:35.707,6.01891,6.02095,2.03,2.78
2012.08.02 05:35:35.767,6.01891,6.02095,2.03,2.78
2012.08.02 05:35:55.700,6.01898,6.02103,2.03,2.78
2012.08.02 05:35:56.040,6.01913,6.02107,2.03,1.50
2012.08.02 05:35:56.313,6.01913,6.02107,2.03,1.50
2012.08.02 05:35:57.278,6.01913,6.02107,2.03,1.50
2012.08.02 05:35:58.699,6.01913,6.02107,2.03,1.50
2012.08.02 05:35:59.487,6.01913,6.02105,2.03,1.50
2012.08.02 05:35:59.699,6.01913,6.02105,2.03,1.50
2012.08.02 05:36:00.129,6.01913,6.02105,2.03,1.50
2012.08.02 05:36:02.611,6.01913,6.02105,2.03,1.50
2012.08.02 05:36:02.725,6.01892,6.02099,2.03,2.78
2012.08.02 05:36:05.353,6.01913,6.02105,2.03,1.50
2012.08.02 05:36:13.460,6.01913,6.02093,2.03,1.50
2012.08.02 05:36:13.849,6.01913,6.02111,2.03,1.50
2012.08.02 05:36:13.909,6.0193,6.02111,2.03,1.50
2012.08.02 05:36:14.325,6.0193,6.02112,2.03,1.50
2012.08.02 05:36:14.770,6.0193,6.02111,2.03,1.50
2012.08.02 05:36:15.447,6.0193,6.02122,2.03,1.50
2012.08.02 05:36:15.569,6.0193,6.0212,2.03,1.50
2012.08.02 05:36:17.081,6.0193,6.0212,2.03,1.50
2012.08.02 05:36:17.377,6.01898,6.02095,1.74,2.78
2012.08.02 05:36:21.056,6.01889,6.02095,2.03,2.78
2012.08.02 05:36:21.371,6.01889,6.02095,2.03,2.78
2012.08.02 05:36:21.431,6.01889,6.02095,2.03,2.78
2012.08.02 05:36:22.240,6.01889,6.02095,2.03,2.78
2012.08.02 05:36:27.520,6.01906,6.02109,2.03,1.50
2012.08.02 05:36:27.580,6.01906,6.02109,2.03,1.50
2012.08.02 05:36:27.761,6.01934,6.02125,2.03,1.50
2012.08.02 05:36:29.962,6.01934,6.02138,2.03,3.00
2012.08.02 05:36:30.061,6.01934,6.02138,2.03,3.00
2012.08.02 05:36:30.177,6.0191,6.02114,2.03,2.78
2012.08.02 05:36:30.292,6.01908,6.02114,2.03,2.78
2012.08.02 05:36:30.353,6.01908,6.02114,2.03,2.78
2012.08.02 05:36:30.653,6.01908,6.02114,2.03,2.78
2012.08.02 05:36:32.043,6.01908,6.02114,2.03,2.78
2012.08.02 05:36:34.161,6.01897,6.02095,1.74,2.78
2012.08.02 05:36:34.275,6.01897,6.02095,1.74,2.78
2012.08.02 05:36:35.330,6.01905,6.02111,2.03,2.78
2012.08.02 05:36:36.429,6.01905,6.02111,2.03,2.78
2012.08.02 05:36:36.613,6.01924,6.02131,2.03,2.78
2012.08.02 05:36:40.177,6.01924,6.02131,2.03,2.78
2012.08.02 05:36:47.379,6.0194,6.02144,2.03,3.00
2012.08.02 05:36:51.625,6.0194,6.02144,2.03,3.00
2012.08.02 05:36:52.008,6.0194,6.02128,2.03,1.50
2012.08.02 05:36:52.068,6.0194,6.02128,2.03,1.50
2012.08.02 05:36:52.391,6.0194,6.02128,2.03,1.50
2012.08.02 05:37:00.899,6.01957,6.02128,2.03,1.50
2012.08.02 05:37:01.178,6.01936,6.02111,2.03,1.50
2012.08.02 05:37:03.470,6.01937,6.02111,2.03,1.50
2012.08.02 05:37:04.188,6.01937,6.02141,2.03,2.78
2012.08.02 05:37:04.309,6.01937,6.02141,2.03,2.78
2012.08.02 05:37:04.370,6.01974,6.02166,2.03,2.03
2012.08.02 05:37:04.810,6.01958,6.02162,2.03,2.78
2012.08.02 05:37:05.195,6.01958,6.02162,2.03,3.00
2012.08.02 05:37:05.672,6.01942,6.02148,2.03,3.00
2012.08.02 05:37:06.721,6.01942,6.02131,2.03,1.50
2012.08.02 05:37:07.024,6.01942,6.02142,2.03,1.73
2012.08.02 05:37:07.654,6.0196,6.02166,2.03,3.00
2012.08.02 05:37:08.221,6.0196,6.02153,2.03,1.73
2012.08.02 05:37:10.561,6.01943,6.02147,2.03,3.00
2012.08.02 05:37:18.057,6.01943,6.02147,2.03,3.00
2012.08.02 05:37:18.174,6.01927,6.02133,2.03,3.00
2012.08.02 05:37:18.289,6.01927,6.02133,2.03,3.00
2012.08.02 05:37:25.425,6.01927,6.02133,2.03,2.25
2012.08.02 05:37:26.579,6.01952,6.02156,2.03,3.00
2012.08.02 05:37:34.641,6.0197,6.02163,2.03,1.73
2012.08.02 05:37:36.251,6.01971,6.02175,2.03,3.00
2012.08.02 05:37:39.830,6.01949,6.02153,2.03,3.00
2012.08.02 05:37:40.033,6.01969,6.02154,2.03,1.73
2012.08.02 05:37:40.553,6.01954,6.02158,2.03,3.00
2012.08.02 05:37:42.456,6.01937,6.02144,2.03,3.00
2012.08.02 05:37:42.517,6.01937,6.02143,2.03,1.73
2012.08.02 05:37:43.933,6.0196,6.02152,2.03,1.73
2012.08.02 05:37:46.465,6.0196,6.02162,2.03,1.73
2012.08.02 05:37:46.689,6.01975,6.02162,2.03,1.73
2012.08.02 05:37:48.236,6.01958,6.02164,2.03,3.00
2012.08.02 05:37:49.339,6.01941,6.02147,2.03,2.25
2012.08.02 05:38:05.122,6.01927,6.02131,2.03,2.03
2012.08.02 05:38:14.574,6.01944,6.02148,2.03,3.00
2012.08.02 05:38:18.115,6.01923,6.02127,2.03,2.03
2012.08.02 05:38:19.673,6.01941,6.02145,2.03,2.25
2012.08.02 05:38:20.923,6.01922,6.02126,2.03,2.03
2012.08.02 05:38:24.729,6.01927,6.02126,2.03,2.03
2012.08.02 05:38:25.079,6.01951,6.02152,2.03,1.73
2012.08.02 05:38:27.317,6.01933,6.02145,2.03,3.00
2012.08.02 05:38:30.622,6.01919,6.02129,2.03,2.03
2012.08.02 05:38:33.799,6.01919,6.02129,2.03,2.78
2012.08.02 05:38:34.112,6.01919,6.02083,2.03,1.50
2012.08.02 05:38:34.227,6.01867,6.02072,2.03,2.78
2012.08.02 05:38:34.342,6.01818,6.02024,2.03,2.03
2012.08.02 05:38:34.459,6.01835,6.02039,2.03,2.78
2012.08.02 05:38:34.776,6.01879,6.02085,2.03,2.78
2012.08.02 05:38:35.311,6.01898,6.02102,2.03,2.03
2012.08.02 05:38:36.594,6.01916,6.0212,2.03,2.78
2012.08.02 05:38:38.707,6.01916,6.02092,2.03,2.58
2012.08.02 05:38:38.823,6.01817,6.02024,2.03,2.78
2012.08.02 05:38:39.174,6.01817,6.02024,2.78,2.03
2012.08.02 05:38:39.289,6.01817,6.02024,2.78,2.03
2012.08.02 05:38:39.350,6.01833,6.02037,2.03,2.03
2012.08.02 05:38:39.927,6.0188,6.02084,2.03,3.00
2012.08.02 05:38:40.589,6.01896,6.021,2.03,3.00
2012.08.02 05:38:40.705,6.01896,6.021,2.03,2.03
2012.08.02 05:38:40.875,6.01914,6.0212,2.03,2.03
2012.08.02 05:38:43.193,6.01914,6.0212,2.03,2.78
2012.08.02 05:38:43.599,6.01867,6.0206,1.74,2.78
2012.08.02 05:38:44.482,6.01867,6.02045,1.74,2.03
2012.08.02 05:38:49.967,6.01848,6.02045,1.74,2.03
2012.08.02 05:38:55.112,6.01848,6.02045,1.74,2.78
2012.08.02 05:38:57.997,6.01862,6.02066,2.03,2.78
2012.08.02 05:38:58.399,6.01862,6.02066,2.03,2.03
2012.08.02 05:38:59.757,6.01862,6.02066,2.03,2.78
2012.08.02 05:39:04.087,6.01873,6.02066,2.03,2.78
2012.08.02 05:39:04.472,6.01897,6.02082,2.03,1.50
2012.08.02 05:39:04.587,6.0188,6.02082,2.03,1.50
2012.08.02 05:39:04.653,6.01864,6.02068,2.03,2.78
2012.08.02 05:39:08.808,6.01899,6.02063,2.03,1.50
2012.08.02 05:39:10.028,6.01864,6.02063,2.03,1.50
2012.08.02 05:39:13.065,6.01864,6.02062,2.03,1.50
2012.08.02 05:39:13.949,6.01881,6.02053,2.03,1.50
2012.08.02 05:39:17.460,6.01903,6.02056,2.03,1.50
2012.08.02 05:39:17.818,6.01903,6.02062,2.03,1.50
2012.08.02 05:39:17.883,6.01903,6.02071,2.03,1.50
2012.08.02 05:39:18.175,6.01903,6.02073,2.03,1.50
2012.08.02 05:39:20.750,6.01903,6.02082,2.03,1.50
2012.08.02 05:39:21.758,6.01903,6.02073,2.03,1.50
2012.08.02 05:39:21.956,6.01903,6.02086,2.03,1.73
2012.08.02 05:39:22.943,6.01903,6.02073,2.03,1.50
2012.08.02 05:39:23.113,6.0188,6.02086,2.03,3.00
2012.08.02 05:39:23.964,6.0188,6.02086,2.03,3.00
2012.08.02 05:39:24.080,6.01898,6.02093,2.03,1.73
2012.08.02 05:39:29.767,6.01919,6.02092,2.03,1.73
2012.08.02 05:39:31.248,6.019,6.02106,2.03,3.00
2012.08.02 05:39:31.309,6.019,6.02106,2.03,3.00
2012.08.02 05:39:31.370,6.01879,6.02085,2.03,3.00
2012.08.02 05:39:31.800,6.01842,6.02046,2.03,3.00
2012.08.02 05:39:31.861,6.01842,6.02046,2.03,3.00
2012.08.02 05:39:31.978,6.01842,6.02046,2.03,3.00
2012.08.02 05:39:32.039,6.01863,6.02067,2.03,3.00
2012.08.02 05:39:32.286,6.01882,6.02086,2.03,1.50
2012.08.02 05:39:32.347,6.01899,6.02086,2.03,1.50
2012.08.02 05:39:33.199,6.01899,6.02086,2.03,1.50
2012.08.02 05:39:33.788,6.01899,6.02086,2.03,1.50
2012.08.02 05:39:41.352,6.01899,6.02062,2.03,1.50
2012.08.02 05:39:49.948,6.01918,6.02083,2.03,1.50
2012.08.02 05:39:56.012,6.01904,6.02072,2.03,1.50
2012.08.02 05:39:59.471,6.01879,6.02075,2.03,3.00
2012.08.02 05:39:59.531,6.01879,6.02075,2.03,3.00
2012.08.02 05:39:59.591,6.01871,6.02075,2.03,3.00
2012.08.02 05:40:00.950,6.01871,6.02075,2.03,2.78
2012.08.02 05:40:01.072,6.01895,6.02083,2.03,1.50
2012.08.02 05:40:08.210,6.01895,6.02083,2.03,2.81
2012.08.02 05:40:08.380,6.0187,6.02076,2.03,3.00
2012.08.02 05:40:09.515,6.0187,6.02076,2.03,2.78
2012.08.02 05:40:09.576,6.01902,6.02103,2.03,1.50
2012.08.02 05:40:20.675,6.01902,6.02109,2.03,2.78
2012.08.02 05:40:20.735,6.01937,6.02133,2.03,3.00
2012.08.02 05:40:20.905,6.01952,6.02143,2.03,1.50
2012.08.02 05:40:23.135,6.01935,6.02139,2.03,2.78
2012.08.02 05:40:24.060,6.01954,6.02132,2.03,1.50
2012.08.02 05:40:25.289,6.01923,6.02129,2.03,2.78
2012.08.02 05:40:25.492,6.01905,6.02109,2.03,2.78
2012.08.02 05:40:25.607,6.01905,6.02109,2.03,2.78
2012.08.02 05:40:26.052,6.01905,6.02109,2.03,2.78
2012.08.02 05:40:26.115,6.01881,6.02085,2.03,2.78
2012.08.02 05:40:26.176,6.01879,6.02085,2.03,2.78
2012.08.02 05:40:26.237,6.01899,6.02105,2.03,2.78
2012.08.02 05:40:26.410,6.01908,6.02114,2.03,2.78
2012.08.02 05:40:26.473,6.01928,6.02132,2.03,2.78
2012.08.02 05:40:26.534,6.0195,6.02142,2.03,1.50
2012.08.02 05:40:26.725,6.0195,6.02142,2.03,1.50
2012.08.02 05:40:36.825,6.0195,6.02122,2.03,1.73
2012.08.02 05:40:36.886,6.01919,6.02122,2.03,1.73
2012.08.02 05:40:38.240,6.01908,6.02103,1.74,2.78
2012.08.02 05:40:38.301,6.01915,6.02112,2.03,1.50
2012.08.02 05:40:38.736,6.01936,6.02102,2.03,1.50
2012.08.02 05:40:41.210,6.01936,6.02102,2.03,1.50
2012.08.02 05:40:41.383,6.01929,6.02113,2.03,1.50
2012.08.02 05:40:42.336,6.01945,6.02133,2.03,1.50
2012.08.02 05:40:42.396,6.01945,6.02133,2.03,1.50
2012.08.02 05:40:53.739,6.01945,6.02149,2.03,3.00
2012.08.02 05:40:53.909,6.01922,6.02126,2.03,3.00
2012.08.02 05:40:54.731,6.01922,6.02126,2.03,2.78
2012.08.02 05:40:54.792,6.01941,6.02133,2.03,1.50
2012.08.02 05:40:54.961,6.01941,6.02133,2.03,1.50
2012.08.02 05:40:55.022,6.01963,6.02133,2.03,1.50
2012.08.02 05:40:57.957,6.01947,6.02133,2.03,1.50
2012.08.02 05:41:10.476,6.01966,6.02143,2.03,1.73
2012.08.02 05:41:10.701,6.01909,6.02115,2.03,3.00
2012.08.02 05:41:11.491,6.01925,6.02131,2.03,2.78
2012.08.02 05:41:11.552,6.01925,6.02131,2.03,2.78
2012.08.02 05:41:12.141,6.01945,6.02143,2.03,1.50
2012.08.02 05:41:14.402,6.01945,6.02123,2.03,1.50
2012.08.02 05:41:14.463,6.01929,6.02123,2.03,1.50
2012.08.02 05:41:15.986,6.01946,6.02133,2.03,1.50
2012.08.02 05:41:16.046,6.01946,6.02133,2.03,1.50
2012.08.02 05:41:22.889,6.01928,6.02122,2.03,1.50
2012.08.02 05:41:23.189,6.01928,6.02123,2.03,1.50
2012.08.02 05:41:23.501,6.01942,6.02143,2.03,1.50
2012.08.02 05:41:23.993,6.01926,6.02113,2.03,1.50
2012.08.02 05:41:24.328,6.01943,6.02123,2.03,1.50
2012.08.02 05:41:33.856,6.01961,6.02132,2.03,1.50
2012.08.02 05:41:36.503,6.01961,6.02123,2.03,1.50
2012.08.02 05:41:36.876,6.0196,6.02123,2.03,1.50
2012.08.02 05:41:37.000,6.0196,6.02123,2.03,1.50
2012.08.02 05:41:41.166,6.0194,6.02123,2.03,1.50
2012.08.02 05:41:42.126,6.0194,6.02112,2.03,1.50
2012.08.02 05:41:45.453,6.01926,6.02112,2.03,1.50
2012.08.02 05:41:50.271,6.01926,6.02112,2.03,1.50
2012.08.02 05:41:51.649,6.0191,6.02093,2.03,1.50
2012.08.02 05:41:54.100,6.01928,6.02093,2.03,1.50
2012.08.02 05:41:59.768,6.01948,6.02132,2.03,1.50
2012.08.02 05:41:59.837,6.01948,6.02132,2.03,1.50
2012.08.02 05:42:07.991,6.01933,6.02122,2.03,1.50
2012.08.02 05:42:14.946,6.01933,6.02092,2.03,1.50
2012.08.02 05:42:15.300,6.01911,6.02083,2.03,1.50
2012.08.02 05:42:15.751,6.01911,6.02074,2.03,1.50
2012.08.02 05:42:15.874,6.01911,6.02083,2.03,1.50
2012.08.02 05:42:15.934,6.01888,6.02078,2.03,2.78
2012.08.02 05:42:15.994,6.01877,6.02078,1.74,2.78
2012.08.02 05:42:16.212,6.0189,6.02083,2.03,1.50
2012.08.02 05:42:16.825,6.0189,6.02093,2.03,1.50
2012.08.02 05:42:21.181,6.01909,6.02093,2.03,1.50
2012.08.02 05:42:28.667,6.01909,6.02093,2.03,1.50
2012.08.02 05:42:29.077,6.01934,6.02112,2.03,1.50
2012.08.02 05:42:30.615,6.01919,6.02112,2.03,1.50
2012.08.02 05:42:37.730,6.01898,6.02092,2.03,1.50
2012.08.02 05:42:37.790,6.01898,6.02092,2.03,1.50
2012.08.02 05:42:38.158,6.0188,6.02087,2.03,2.78
2012.08.02 05:42:40.013,6.01896,6.02093,2.03,1.50
2012.08.02 05:42:45.268,6.01914,6.02093,2.03,1.50
2012.08.02 05:42:46.027,6.01932,6.02093,2.03,1.50
2012.08.02 05:42:49.615,6.01932,6.02103,2.03,1.50
2012.08.02 05:42:58.623,6.01914,6.02103,2.03,1.50
2012.08.02 05:43:06.849,6.01929,6.02103,2.03,1.50
2012.08.02 05:43:08.136,6.01929,6.02103,2.03,1.50
2012.08.02 05:43:08.303,6.01946,6.02103,2.03,1.50
2012.08.02 05:43:13.274,6.01946,6.02097,2.03,1.50
2012.08.02 05:43:13.547,6.01923,6.02079,2.03,1.50
2012.08.02 05:43:14.141,6.01923,6.02079,2.03,1.50
2012.08.02 05:43:16.000,6.01923,6.02079,2.03,1.50
2012.08.02 05:43:17.263,6.01906,6.02059,2.03,1.50
2012.08.02 05:43:19.547,6.01923,6.02073,2.03,1.50
2012.08.02 05:43:19.896,6.01947,6.02092,2.03,1.50
2012.08.02 05:43:19.956,6.01947,6.02092,2.03,1.50
2012.08.02 05:43:20.125,6.01947,6.02092,2.03,1.50
2012.08.02 05:43:20.300,6.01947,6.02093,2.03,1.50
2012.08.02 05:43:21.928,6.01947,6.02092,2.03,1.50
2012.08.02 05:43:22.183,6.01931,6.02092,2.03,1.50
2012.08.02 05:43:37.531,6.01931,6.02082,2.03,1.50
2012.08.02 05:43:37.592,6.01907,6.02071,2.03,1.50
2012.08.02 05:43:37.652,6.01907,6.02052,2.03,1.50
2012.08.02 05:43:37.836,6.01884,6.02042,2.03,1.50
2012.08.02 05:43:37.954,6.01905,6.02042,2.03,1.50
2012.08.02 05:43:38.070,6.01905,6.02092,2.03,1.50
2012.08.02 05:43:38.295,6.01913,6.02103,2.03,1.50
2012.08.02 05:43:49.478,6.01896,6.02062,2.03,1.50
2012.08.02 05:43:53.145,6.01918,6.02073,2.03,1.50
2012.08.02 05:43:53.340,6.01918,6.02073,2.03,1.50
2012.08.02 05:43:54.514,6.01935,6.02103,2.03,1.50
2012.08.02 05:43:54.794,6.01943,6.02112,2.03,1.50
2012.08.02 05:43:57.909,6.01925,6.02093,2.03,1.50
2012.08.02 05:43:58.291,6.01925,6.02088,2.03,1.50
2012.08.02 05:43:58.729,6.01925,6.02072,2.03,1.50
2012.08.02 05:43:58.789,6.0191,6.02072,2.03,1.50
2012.08.02 05:44:09.723,6.0191,6.0207,2.03,1.50
2012.08.02 05:44:14.289,6.0191,6.02073,2.03,1.50
2012.08.02 05:44:14.884,6.01888,6.02073,2.03,1.50
2012.08.02 05:44:25.563,6.01888,6.02073,2.03,1.50
2012.08.02 05:44:34.836,6.0189,6.02073,2.03,1.50
2012.08.02 05:44:54.865,6.019,6.02073,2.03,1.50
2012.08.02 05:45:07.041,6.019,6.02072,2.03,1.50
2012.08.02 05:45:07.296,6.01927,6.02082,2.03,1.50
2012.08.02 05:45:07.830,6.01947,6.02093,2.03,1.50
2012.08.02 05:45:09.404,6.01933,6.02102,2.03,1.50
2012.08.02 05:45:11.110,6.01933,6.02102,2.03,1.50
2012.08.02 05:45:15.166,6.01952,6.02112,2.03,1.50
2012.08.02 05:45:22.871,6.01936,6.02103,2.03,1.50
2012.08.02 05:45:36.738,6.01916,6.02103,2.03,1.50
2012.08.02 05:45:36.798,6.01916,6.02082,2.03,1.50
2012.08.02 05:45:36.859,6.01908,6.02082,1.74,1.50
2012.08.02 05:45:36.919,6.01899,6.02082,2.03,1.50
2012.08.02 05:45:37.347,6.01903,6.02082,2.03,1.50
2012.08.02 05:45:38.184,6.01928,6.02082,2.03,1.50
2012.08.02 05:45:45.135,6.01928,6.02103,2.03,1.50
2012.08.02 05:45:45.677,6.01928,6.02112,2.03,1.50
2012.08.02 05:45:45.736,6.01928,6.02112,2.03,1.50
2012.08.02 05:45:45.849,6.01928,6.02112,2.03,1.50
2012.08.02 05:45:46.112,6.01928,6.02112,2.03,1.50
2012.08.02 05:45:46.333,6.01928,6.02112,2.03,1.50
2012.08.02 05:45:46.446,6.01928,6.02112,2.03,1.50
2012.08.02 05:45:46.559,6.01928,6.02112,2.03,1.50
2012.08.02 05:45:46.672,6.01928,6.02112,2.03,1.50
2012.08.02 05:45:46.781,6.01928,6.02112,2.03,1.50
2012.08.02 05:45:47.166,6.01928,6.02112,2.03,1.50
2012.08.02 05:45:47.633,6.01928,6.02112,2.03,1.50
2012.08.02 05:45:47.746,6.01928,6.02112,2.03,1.50
2012.08.02 05:45:47.861,6.01928,6.02112,2.03,1.50
2012.08.02 05:45:47.976,6.01908,6.02112,2.03,1.73
2012.08.02 05:45:48.092,6.01908,6.02114,2.03,3.00
2012.08.02 05:45:48.173,6.01908,6.02114,2.03,3.00
2012.08.02 05:45:48.289,6.01908,6.02114,2.03,3.00
2012.08.02 05:45:48.512,6.01908,6.02114,2.03,3.00
2012.08.02 05:45:48.629,6.01908,6.02114,2.03,3.00
2012.08.02 05:45:50.882,6.01894,6.02083,2.03,1.50
2012.08.02 05:45:50.953,6.01894,6.02082,2.03,1.50
2012.08.02 05:45:52.169,6.01894,6.02082,2.03,1.50
2012.08.02 05:45:52.420,6.01873,6.02079,2.03,2.78
2012.08.02 05:45:52.835,6.01873,6.02079,2.03,2.78
2012.08.02 05:45:52.989,6.01857,6.02061,2.03,2.78
2012.08.02 05:45:54.154,6.01857,6.02061,2.03,2.78
2012.08.02 05:45:56.013,6.01857,6.02059,2.03,1.50
2012.08.02 05:45:57.003,6.01857,6.02059,2.03,1.50
2012.08.02 05:46:00.643,6.01857,6.02059,2.03,1.50
2012.08.02 05:46:12.843,6.01857,6.02059,2.03,1.50
2012.08.02 05:46:12.963,6.01857,6.02061,2.03,2.78
2012.08.02 05:46:13.106,6.01854,6.0206,2.03,2.78
2012.08.02 05:46:13.626,6.01854,6.0206,2.03,2.03
2012.08.02 05:46:19.812,6.01868,6.0206,1.74,2.03
2012.08.02 05:46:19.928,6.01874,6.02078,2.03,2.03
2012.08.02 05:46:20.100,6.01912,6.02119,2.03,3.00
2012.08.02 05:46:20.216,6.01912,6.02119,2.03,2.78
2012.08.02 05:46:20.872,6.01892,6.02098,2.03,2.03
2012.08.02 05:46:24.311,6.01907,6.02113,2.03,2.03
2012.08.02 05:46:24.835,6.01907,6.02108,2.03,2.03
2012.08.02 05:46:24.897,6.0188,6.02084,2.03,2.03
2012.08.02 05:46:25.511,6.01898,6.02104,2.03,2.03
2012.08.02 05:46:25.627,6.01918,6.02123,2.03,2.78
2012.08.02 05:46:28.792,6.01939,6.02146,2.03,2.25
2012.08.02 05:46:31.211,6.01939,6.02146,2.03,2.03
2012.08.02 05:46:48.833,6.01939,6.02143,2.03,2.03
2012.08.02 05:47:04.543,6.01939,6.02143,2.03,2.78
2012.08.02 05:47:05.416,6.01922,6.02128,2.03,2.03
2012.08.02 05:47:05.759,6.01922,6.02128,2.03,2.78
2012.08.02 05:47:09.156,6.0195,6.02151,2.03,3.00
2012.08.02 05:47:09.271,6.01927,6.0213,2.03,2.03
2012.08.02 05:47:09.532,6.01924,6.0213,2.03,2.03
2012.08.02 05:47:12.628,6.0196,6.02154,2.03,3.00
2012.08.02 05:47:14.984,6.01978,6.02166,2.03,2.25
2012.08.02 05:47:15.100,6.02003,6.02207,2.03,2.78
2012.08.02 05:47:15.456,6.02003,6.02203,2.03,1.50
2012.08.02 05:47:15.581,6.01969,6.02175,2.03,2.03
2012.08.02 05:47:15.642,6.01969,6.02175,2.03,2.78
2012.08.02 05:47:15.925,6.0194,6.02144,2.03,2.03
2012.08.02 05:47:16.725,6.0194,6.02144,2.03,2.78
2012.08.02 05:47:17.395,6.0194,6.02144,2.03,2.78
2012.08.02 05:47:18.892,6.0194,6.02144,2.03,2.78
2012.08.02 05:47:18.953,6.0194,6.02144,2.03,2.78
2012.08.02 05:47:19.295,6.01963,6.02163,2.03,1.50
2012.08.02 05:47:20.859,6.01963,6.02167,2.03,2.03
2012.08.02 05:47:21.261,6.01991,6.02192,2.03,3.00
2012.08.02 05:47:21.834,6.01976,6.0218,2.03,2.03
2012.08.02 05:47:28.170,6.01976,6.0218,2.03,2.78
2012.08.02 05:47:28.231,6.01953,6.0216,2.03,2.03
2012.08.02 05:47:28.516,6.01953,6.0216,2.03,2.78
2012.08.02 05:47:28.578,6.01938,6.02138,1.74,2.03
2012.08.02 05:47:29.060,6.01934,6.02138,2.03,2.03
2012.08.02 05:47:29.446,6.01909,6.02115,2.03,2.03
2012.08.02 05:47:32.931,6.01924,6.0213,2.03,2.03
2012.08.02 05:47:33.400,6.01941,6.02147,2.03,2.03
2012.08.02 05:47:33.756,6.01965,6.02169,2.03,2.78
2012.08.02 05:47:34.064,6.01942,6.02146,2.03,2.03
2012.08.02 05:47:37.101,6.01957,6.02161,2.03,2.78
2012.08.02 05:47:37.295,6.01957,6.02161,2.03,2.03
2012.08.02 05:47:45.742,6.01973,6.02173,2.03,1.50
2012.08.02 05:47:50.350,6.01994,6.022,2.03,2.25
2012.08.02 05:47:51.961,6.01974,6.0218,2.03,2.03
2012.08.02 05:47:59.180,6.01992,6.02198,2.03,2.25
2012.08.02 05:48:00.557,6.01978,6.02182,2.03,2.25
2012.08.02 05:48:20.439,6.01981,6.02186,2.03,3.00
2012.08.02 05:48:29.626,6.02006,6.0221,2.03,3.00
2012.08.02 05:48:29.958,6.01982,6.02187,2.03,2.25
2012.08.02 05:48:32.586,6.02002,6.02206,2.03,3.00
2012.08.02 05:48:35.005,6.02002,6.02206,2.03,3.00
2012.08.02 05:48:35.487,6.01999,6.02205,2.03,3.00
2012.08.02 05:48:36.556,6.01999,6.02205,2.03,2.78
2012.08.02 05:48:36.944,6.01982,6.02187,2.03,2.78
2012.08.02 05:48:37.883,6.01982,6.02187,2.03,2.78
2012.08.02 05:48:38.207,6.01999,6.02205,2.03,2.78
2012.08.02 05:48:39.038,6.01988,6.02187,1.74,2.78
2012.08.02 05:48:39.151,6.0198,6.02187,2.03,2.78
2012.08.02 05:48:39.434,6.01958,6.02164,2.03,2.03
2012.08.02 05:48:39.549,6.01958,6.02164,2.03,2.78
2012.08.02 05:48:40.086,6.01958,6.02164,2.03,2.78
2012.08.02 05:48:42.735,6.01958,6.02164,3.76,2.78
2012.08.02 05:48:42.849,6.01981,6.02185,2.03,2.78
2012.08.02 05:48:47.386,6.01981,6.02185,2.03,2.78
2012.08.02 05:48:47.501,6.01996,6.02202,2.03,2.78
2012.08.02 05:48:47.615,6.01996,6.02202,2.03,2.78
2012.08.02 05:48:49.606,6.02002,6.02208,2.03,2.78
2012.08.02 05:48:51.328,6.01988,6.02192,2.03,2.78
2012.08.02 05:48:51.582,6.01988,6.02192,2.03,2.78
2012.08.02 05:49:10.469,6.01973,6.02178,2.03,2.78
2012.08.02 05:49:11.881,6.01959,6.02163,2.03,2.78
2012.08.02 05:49:12.106,6.01959,6.02163,2.03,2.78
2012.08.02 05:49:21.330,6.01977,6.02181,2.03,2.78
2012.08.02 05:49:22.279,6.01952,6.02158,4.05,2.78
2012.08.02 05:49:29.162,6.01958,6.02158,1.74,2.78
2012.08.02 05:49:30.347,6.01952,6.02158,2.03,2.78
2012.08.02 05:49:32.934,6.01952,6.02132,2.03,1.50
2012.08.02 05:49:33.642,6.01921,6.02123,2.03,1.50
2012.08.02 05:49:34.131,6.01921,6.02113,2.03,1.50
2012.08.02 05:49:34.250,6.01899,6.02106,2.03,2.78
2012.08.02 05:49:34.844,6.01915,6.02121,2.03,2.78
2012.08.02 05:49:35.091,6.01915,6.02121,2.03,2.78
2012.08.02 05:49:39.882,6.01934,6.02122,2.03,1.50
2012.08.02 05:49:40.230,6.01937,6.02138,1.74,2.78
2012.08.02 05:49:40.289,6.01937,6.02138,1.74,2.78
2012.08.02 05:49:42.795,6.01907,6.0211,1.74,2.78
2012.08.02 05:49:45.132,6.01902,6.0211,2.03,2.78
2012.08.02 05:49:45.246,6.01907,6.0211,1.74,2.78
2012.08.02 05:49:46.411,6.01902,6.0211,2.03,2.78
2012.08.02 05:49:54.000,6.01908,6.0211,1.74,2.78
2012.08.02 05:49:54.225,6.01919,6.02125,2.03,2.78
2012.08.02 05:50:01.757,6.01888,6.02088,1.74,2.03
2012.08.02 05:50:01.818,6.01884,6.02088,2.03,2.78
2012.08.02 05:50:02.281,6.01887,6.02088,1.74,2.78
2012.08.02 05:50:02.619,6.019,6.02104,2.03,2.78
2012.08.02 05:50:03.139,6.01876,6.02082,2.03,2.78
2012.08.02 05:50:04.147,6.01868,6.02055,1.74,2.78
2012.08.02 05:50:04.339,6.01851,6.02055,2.03,2.78
2012.08.02 05:50:04.468,6.01851,6.02055,2.03,2.78
2012.08.02 05:50:04.831,6.01851,6.02055,2.03,2.78
2012.08.02 05:50:06.979,6.01868,6.02055,1.74,2.78
2012.08.02 05:50:07.205,6.01851,6.02055,2.03,2.78
2012.08.02 05:50:07.679,6.01863,6.02071,2.03,2.78
2012.08.02 05:50:07.740,6.01868,6.02071,1.74,2.78
2012.08.02 05:50:08.347,6.01868,6.02071,1.74,2.78
2012.08.02 05:50:09.009,6.01863,6.02071,2.03,2.78
2012.08.02 05:50:09.126,6.01851,6.02057,2.03,2.78
2012.08.02 05:50:09.241,6.01851,6.02057,2.03,2.78
2012.08.02 05:50:10.719,6.01868,6.02057,1.74,2.78
2012.08.02 05:50:11.183,6.01851,6.02057,2.03,2.78
2012.08.02 05:50:18.655,6.01838,6.02049,1.74,2.78
2012.08.02 05:50:33.099,6.01859,6.02063,2.03,2.78
2012.08.02 05:50:37.996,6.01867,6.02063,1.74,2.78
2012.08.02 05:50:38.654,6.01859,6.02063,2.03,2.78
2012.08.02 05:50:44.463,6.01867,6.02063,1.74,2.78
2012.08.02 05:50:44.989,6.01879,6.02083,2.03,2.78
2012.08.02 05:50:45.057,6.01851,6.02057,2.03,2.78
2012.08.02 05:50:45.174,6.01837,6.02042,3.76,2.78
2012.08.02 05:50:45.476,6.01867,6.02042,1.74,2.78
2012.08.02 05:50:45.559,6.01837,6.02042,3.76,2.78
2012.08.02 05:50:51.039,6.01867,6.02042,1.74,2.78
2012.08.02 05:50:51.369,6.01837,6.02042,3.76,2.78
2012.08.02 05:50:54.783,6.01839,6.02042,2.03,2.78
2012.08.02 05:50:55.298,6.01863,6.02067,2.03,2.78
2012.08.02 05:50:56.993,6.01863,6.02067,2.03,2.78
2012.08.02 05:50:57.109,6.01888,6.02067,1.74,2.78
2012.08.02 05:50:57.422,6.01888,6.02086,1.74,2.78
2012.08.02 05:50:57.539,6.01921,6.02109,2.03,2.78
2012.08.02 05:50:57.655,6.01921,6.02127,2.03,3.00
2012.08.02 05:50:57.770,6.0194,6.02146,2.03,3.00
2012.08.02 05:50:58.334,6.0194,6.02146,2.03,2.78
2012.08.02 05:50:59.115,6.01961,6.02167,2.03,2.78
2012.08.02 05:51:00.093,6.01961,6.02167,2.03,2.78
2012.08.02 05:51:15.125,6.01961,6.02167,2.03,2.78
2012.08.02 05:51:15.240,6.01941,6.02147,2.03,2.78
2012.08.02 05:51:16.463,6.01941,6.02147,2.03,2.78
2012.08.02 05:51:18.980,6.01958,6.02162,2.03,2.78
2012.08.02 05:51:19.742,6.01934,6.02113,2.03,2.03
2012.08.02 05:51:19.802,6.01909,6.02113,2.03,2.78
2012.08.02 05:51:20.199,6.0193,6.02134,2.03,2.78
2012.08.02 05:51:25.248,6.01908,6.02114,2.03,2.78
2012.08.02 05:51:25.349,6.01908,6.02114,2.03,2.78
2012.08.02 05:51:32.295,6.01928,6.02134,2.03,2.78
2012.08.02 05:51:32.409,6.01928,6.02134,2.03,2.78
2012.08.02 05:51:32.523,6.01928,6.02134,2.03,2.78
2012.08.02 05:51:36.592,6.01909,6.02114,2.03,2.78
2012.08.02 05:51:36.653,6.01909,6.02114,2.03,2.78
2012.08.02 05:51:37.072,6.0193,6.02136,2.03,2.78
2012.08.02 05:51:43.396,6.01938,6.02136,1.74,2.78
2012.08.02 05:51:43.564,6.01938,6.02136,1.74,2.78
2012.08.02 05:51:43.744,6.01938,6.02136,1.74,2.78
2012.08.02 05:51:56.851,6.0194,6.02147,2.03,2.78
2012.08.02 05:52:03.815,6.01938,6.02132,1.74,2.78
2012.08.02 05:52:04.038,6.01926,6.02132,2.03,2.78
2012.08.02 05:52:08.092,6.01926,6.02132,2.03,2.78
2012.08.02 05:52:08.153,6.0191,6.02116,2.03,2.78
2012.08.02 05:52:08.377,6.01891,6.02097,2.03,2.78
2012.08.02 05:52:08.437,6.01891,6.02097,2.03,2.78
2012.08.02 05:52:09.150,6.01877,6.02081,2.03,2.78
2012.08.02 05:52:10.899,6.01891,6.02097,2.03,2.78
2012.08.02 05:52:23.527,6.0191,6.02116,2.03,2.78
2012.08.02 05:52:43.567,6.01917,6.02121,2.03,2.78
2012.08.02 05:53:03.569,6.01913,6.02117,2.03,2.78
2012.08.02 05:53:23.568,6.01913,6.02117,2.03,2.03
2012.08.02 05:53:23.710,6.01919,6.02125,2.03,2.03
2012.08.02 05:53:28.169,6.01919,6.02125,2.03,2.78
2012.08.02 05:53:28.600,6.01919,6.02125,2.03,2.03
2012.08.02 05:53:33.135,6.01919,6.02125,2.03,2.78
2012.08.02 05:53:33.413,6.01902,6.02108,2.03,2.78
2012.08.02 05:53:53.542,6.019,6.02106,2.03,2.78
2012.08.02 05:53:56.846,6.01931,6.02135,2.03,2.78
2012.08.02 05:54:00.067,6.01911,6.02115,2.03,2.78
2012.08.02 05:54:03.274,6.01925,6.02131,2.03,2.78
2012.08.02 05:54:03.836,6.01925,6.02131,2.03,2.78
2012.08.02 05:54:16.415,6.01911,6.02115,2.03,2.78
2012.08.02 05:54:16.931,6.01911,6.02115,2.03,2.78
2012.08.02 05:54:19.073,6.01933,6.02139,2.03,2.78
2012.08.02 05:54:19.197,6.01933,6.02139,2.03,2.78
2012.08.02 05:54:19.632,6.01933,6.02139,2.03,2.78
2012.08.02 05:54:21.603,6.01954,6.02161,2.03,2.78
2012.08.02 05:54:21.808,6.01954,6.02161,2.03,2.78
2012.08.02 05:54:23.014,6.01954,6.02161,2.03,2.78
2012.08.02 05:54:23.132,6.01933,6.02137,2.03,2.78
2012.08.02 05:54:24.434,6.01953,6.02157,2.03,2.78
2012.08.02 05:54:24.662,6.01953,6.02157,2.03,2.78
2012.08.02 05:54:33.338,6.01976,6.02182,2.03,3.00
2012.08.02 05:54:33.454,6.01976,6.02182,2.03,3.00
2012.08.02 05:54:33.681,6.01999,6.02205,2.03,3.00
2012.08.02 05:54:34.394,6.01979,6.02183,2.03,2.78
2012.08.02 05:54:37.010,6.01979,6.02183,2.03,2.78
2012.08.02 05:54:37.374,6.01958,6.02165,2.03,2.78
2012.08.02 05:54:38.557,6.01958,6.02165,3.76,2.78
2012.08.02 05:54:38.619,6.01976,6.0218,2.03,2.78
2012.08.02 05:54:38.953,6.01994,6.02198,2.03,2.78
2012.08.02 05:54:41.398,6.01994,6.02198,2.03,2.78
2012.08.02 05:54:41.831,6.01957,6.02162,1.74,2.78
2012.08.02 05:54:44.003,6.01971,6.02178,2.03,2.78
2012.08.02 05:54:44.064,6.01987,6.02178,1.74,2.78
2012.08.02 05:54:44.125,6.01992,6.02196,2.03,2.78
2012.08.02 05:55:03.955,6.02,6.02205,2.03,2.78
2012.08.02 05:55:05.598,6.01977,6.02182,2.03,2.78
2012.08.02 05:55:05.952,6.01977,6.02182,2.03,2.78
2012.08.02 05:55:08.223,6.0196,6.02164,2.03,2.78
2012.08.02 05:55:08.349,6.0196,6.02164,2.03,2.78
2012.08.02 05:55:21.926,6.01944,6.0215,2.03,2.78
2012.08.02 05:55:30.893,6.01944,6.0215,2.03,2.78
2012.08.02 05:55:32.495,6.01944,6.0215,2.03,2.78
2012.08.02 05:55:32.556,6.0192,6.02126,2.03,2.78
2012.08.02 05:55:38.107,6.01935,6.02142,2.03,2.78
2012.08.02 05:55:38.336,6.01935,6.02142,2.03,2.78
2012.08.02 05:55:38.396,6.01937,6.02142,1.74,2.78
2012.08.02 05:55:39.409,6.01951,6.02155,2.03,2.78
2012.08.02 05:55:42.795,6.01967,6.02171,2.03,2.78
2012.08.02 05:55:44.196,6.01945,6.02151,2.03,2.78
2012.08.02 05:55:45.363,6.01945,6.02151,2.03,2.78
2012.08.02 05:56:02.524,6.01963,6.02169,2.03,2.78
2012.08.02 05:56:06.286,6.01963,6.02169,2.03,2.78
2012.08.02 05:56:06.551,6.01981,6.02186,2.03,2.78
2012.08.02 05:56:17.954,6.01981,6.02186,2.03,2.78
2012.08.02 05:56:18.447,6.01997,6.02201,2.03,2.78
2012.08.02 05:56:20.284,6.01997,6.02201,2.03,2.78
2012.08.02 05:56:20.443,6.02019,6.02223,2.03,3.00
2012.08.02 05:56:20.778,6.02033,6.02239,2.03,2.78
2012.08.02 05:56:20.837,6.02033,6.02239,2.03,2.78
2012.08.02 05:56:27.635,6.02033,6.02239,2.03,2.78
2012.08.02 05:56:33.440,6.0201,6.02214,2.03,2.78
2012.08.02 05:56:33.499,6.0201,6.02214,2.03,2.78
2012.08.02 05:56:36.508,6.02025,6.02231,2.03,2.78
2012.08.02 05:56:36.907,6.02011,6.02215,2.03,2.78
2012.08.02 05:56:38.626,6.02011,6.02215,2.03,2.78
2012.08.02 05:56:38.851,6.02008,6.02213,2.03,2.78
2012.08.02 05:56:38.966,6.02031,6.02237,2.03,2.78
2012.08.02 05:56:39.394,6.02031,6.02237,2.03,2.78
2012.08.02 05:56:40.040,6.02015,6.02219,2.03,2.78
2012.08.02 05:56:40.285,6.02015,6.02219,2.03,2.78
2012.08.02 05:56:41.798,6.02,6.02204,2.03,2.78
2012.08.02 05:56:42.155,6.02,6.02204,2.03,2.78
2012.08.02 05:56:44.168,6.01987,6.02186,1.74,2.78
2012.08.02 05:56:44.392,6.01987,6.02163,1.74,2.78
2012.08.02 05:56:48.085,6.01987,6.02184,1.74,2.78
2012.08.02 05:56:50.972,6.01987,6.02166,1.74,2.78
2012.08.02 05:56:51.971,6.01958,6.02149,1.74,2.78
2012.08.02 05:56:53.015,6.01962,6.02166,2.03,2.78
2012.08.02 05:56:54.107,6.01958,6.02134,1.74,2.78
2012.08.02 05:56:55.820,6.01988,6.02156,1.74,2.78
2012.08.02 05:56:55.998,6.01988,6.02156,1.74,2.78
2012.08.02 05:57:14.035,6.01988,6.02156,1.74,2.78
2012.08.02 05:57:20.179,6.01958,6.02143,1.74,2.78
2012.08.02 05:57:20.417,6.01958,6.02143,1.74,2.78
2012.08.02 05:57:20.714,6.01937,6.02143,1.74,2.78
2012.08.02 05:57:24.885,6.01957,6.02143,1.74,2.78
2012.08.02 05:57:25.054,6.0196,6.02166,2.03,2.78
2012.08.02 05:57:25.301,6.01988,6.02166,1.74,2.78
2012.08.02 05:57:27.839,6.01988,6.02166,1.74,2.78
2012.08.02 05:57:28.051,6.0196,6.02166,2.03,2.78
2012.08.02 05:57:30.260,6.0196,6.02166,2.03,2.78
2012.08.02 05:57:38.286,6.01958,6.02152,1.74,2.78
2012.08.02 05:57:51.321,6.01945,6.02152,2.03,2.78
2012.08.02 05:57:51.381,6.01958,6.02152,1.74,2.78
2012.08.02 05:57:52.012,6.01958,6.02152,1.74,2.78
2012.08.02 05:57:52.074,6.01945,6.02152,2.03,2.78
2012.08.02 05:57:58.437,6.01943,6.02147,2.03,2.78
2012.08.02 05:57:59.521,6.01943,6.02147,2.03,2.78
2012.08.02 05:57:59.581,6.01957,6.02163,2.03,2.78
2012.08.02 05:58:00.543,6.01972,6.02179,2.03,2.78
2012.08.02 05:58:00.893,6.01958,6.02158,1.74,2.78
2012.08.02 05:58:25.808,6.01954,6.0216,2.03,2.78
2012.08.02 05:58:25.868,6.01958,6.0216,1.74,2.78
2012.08.02 05:58:59.997,6.01958,6.02157,1.74,2.03
2012.08.02 05:59:01.012,6.01958,6.02156,1.74,2.03
2012.08.02 05:59:12.771,6.01958,6.02139,1.74,2.03
2012.08.02 05:59:13.189,6.01958,6.02139,1.74,2.78
2012.08.02 05:59:17.324,6.0195,6.02155,2.03,2.78
2012.08.02 05:59:19.946,6.0195,6.02155,2.03,2.78
2012.08.02 05:59:20.007,6.01938,6.02138,1.74,2.78
2012.08.02 05:59:20.172,6.01938,6.02138,1.74,2.78
2012.08.02 05:59:20.288,6.01938,6.02138,1.74,2.78
2012.08.02 05:59:20.348,6.01952,6.02156,2.03,2.78
2012.08.02 05:59:20.929,6.01952,6.02156,2.03,2.78
2012.08.02 05:59:26.869,6.01975,6.02179,2.03,2.78
2012.08.02 05:59:30.645,6.0196,6.02164,2.03,2.78
2012.08.02 05:59:33.517,6.0196,6.02164,2.03,3.00
2012.08.02 05:59:34.041,6.01959,6.02164,2.03,2.78
2012.08.02 05:59:34.233,6.01959,6.02164,2.03,2.78
2012.08.02 05:59:50.773,6.01959,6.02143,2.03,1.50
2012.08.02 05:59:51.646,6.01903,6.02109,2.03,2.78
2012.08.02 05:59:51.731,6.01903,6.02109,2.03,2.78
2012.08.02 05:59:52.277,6.01888,6.02083,1.74,1.50
2012.08.02 05:59:52.393,6.01888,6.02069,1.74,2.03
2012.08.02 05:59:52.454,6.01863,6.02069,2.78,2.03
2012.08.02 05:59:52.752,6.01863,6.02069,2.03,2.78
2012.08.02 05:59:53.885,6.01886,6.0209,2.03,2.78
2012.08.02 05:59:54.101,6.01886,6.0209,2.03,2.78
2012.08.02 05:59:54.422,6.01868,6.02062,1.74,2.78
2012.08.02 05:59:54.855,6.01809,6.02017,2.03,2.78
2012.08.02 05:59:55.311,6.01809,6.02013,2.03,1.50
2012.08.02 05:59:55.651,6.01788,6.0199,1.74,2.78
2012.08.02 05:59:55.713,6.0178,6.0199,2.03,2.78
2012.08.02 05:59:55.830,6.01784,6.01992,2.03,2.78
2012.08.02 05:59:56.263,6.01784,6.01992,2.03,2.78
2012.08.02 05:59:56.996,6.01769,6.01981,2.03,2.78
2012.08.02 05:59:58.162,6.01784,6.01998,2.03,2.78
2012.08.02 05:59:58.222,6.01784,6.01998,2.03,2.78
2012.08.02 05:59:58.558,6.01769,6.01983,2.03,2.78
2012.08.02 05:59:58.935,6.01784,6.01998,2.03,2.78
2012.08.02 05:59:59.555,6.01806,6.02002,2.03,1.50
2012.08.02 05:59:59.781,6.01782,6.01988,2.03,2.78
2012.08.02 05:59:59.842,6.01782,6.01988,2.03,2.78
