2014.10.24 08:00:11.514,6.57747,6.57808,1.00,1.00
2014.10.24 08:00:11.969,6.57733,6.57808,1.00,1.00
2014.10.24 08:00:15.122,6.57749,6.57808,1.00,1.00
2014.10.24 08:00:15.173,6.57749,6.57828,1.00,1.00
2014.10.24 08:00:15.224,6.57763,6.57828,1.00,1.00
2014.10.24 08:00:15.275,6.57763,6.57843,1.00,1.30
2014.10.24 08:00:15.478,6.57749,6.5784,1.00,1.00
2014.10.24 08:00:18.443,6.57735,6.5784,1.00,1.00
2014.10.24 08:00:18.494,6.57735,6.57821,1.00,1.00
2014.10.24 08:00:25.231,6.57716,6.57821,1.00,1.00
2014.10.24 08:00:25.830,6.57715,6.57821,1.00,1.00
2014.10.24 08:00:28.208,6.57709,6.57821,1.00,1.00
2014.10.24 08:00:28.933,6.57705,6.57821,1.00,1.00
2014.10.24 08:00:29.034,6.57689,6.57821,1.00,1.00
2014.10.24 08:00:29.186,6.57678,6.57821,1.00,1.00
2014.10.24 08:00:29.510,6.57673,6.57821,1.00,1.00
2014.10.24 08:00:30.130,6.57671,6.57821,1.00,1.00
2014.10.24 08:00:30.393,6.57672,6.57767,1.00,1.30
2014.10.24 08:00:30.494,6.57667,6.57787,1.00,1.30
2014.10.24 08:00:30.545,6.57667,6.57819,1.00,1.00
2014.10.24 08:00:30.647,6.57667,6.57801,1.00,1.00
2014.10.24 08:00:30.967,6.57695,6.5782,1.00,1.00
2014.10.24 08:00:31.561,6.577,6.5782,1.00,1.00
2014.10.24 08:00:32.772,6.57695,6.5782,1.00,1.00
2014.10.24 08:00:32.992,6.57693,6.5782,1.00,1.00
2014.10.24 08:00:33.581,6.57694,6.5782,1.00,1.00
2014.10.24 08:00:35.630,6.5769,6.5782,1.00,1.00
2014.10.24 08:00:35.681,6.57681,6.5782,1.00,1.00
2014.10.24 08:00:35.888,6.57677,6.5782,1.00,1.00
2014.10.24 08:00:35.939,6.57689,6.5782,1.00,1.00
2014.10.24 08:00:36.121,6.57677,6.5782,1.00,1.00
2014.10.24 08:00:37.945,6.57673,6.5782,1.00,1.00
2014.10.24 08:00:38.600,6.57671,6.5782,1.00,1.00
2014.10.24 08:00:39.643,6.5768,6.5782,1.00,1.00
2014.10.24 08:00:39.861,6.57672,6.5782,1.00,1.00
2014.10.24 08:00:40.064,6.57666,6.5782,1.00,1.00
2014.10.24 08:00:45.530,6.57661,6.5782,1.00,1.00
2014.10.24 08:00:45.749,6.57661,6.57808,1.00,1.30
2014.10.24 08:00:47.660,6.57656,6.57808,1.12,1.30
2014.10.24 08:00:47.711,6.57656,6.57798,1.12,1.00
2014.10.24 08:00:48.566,6.5766,6.57808,1.00,1.30
2014.10.24 08:00:51.224,6.5766,6.57818,1.75,1.19
2014.10.24 08:00:51.274,6.5766,6.57818,1.75,1.00
2014.10.24 08:00:51.376,6.5767,6.57818,1.75,1.00
2014.10.24 08:00:51.427,6.57672,6.5783,2.05,1.00
2014.10.24 08:00:51.478,6.57688,6.57836,1.37,1.00
2014.10.24 08:00:51.580,6.57688,6.57847,1.37,1.19
2014.10.24 08:00:52.401,6.57695,6.57854,1.00,1.19
2014.10.24 08:00:52.706,6.57732,6.57894,1.00,1.00
2014.10.24 08:00:52.807,6.5774,6.57894,1.00,1.00
2014.10.24 08:00:53.120,6.57745,6.57894,1.12,1.00
2014.10.24 08:00:53.500,6.57745,6.57907,1.12,1.19
2014.10.24 08:00:54.371,6.57756,6.57914,1.00,1.19
2014.10.24 08:00:55.090,6.57756,6.57913,1.00,1.19
2014.10.24 08:00:55.211,6.57758,6.57913,1.00,1.19
2014.10.24 08:00:56.528,6.57758,6.5792,1.75,1.19
2014.10.24 08:00:56.630,6.57771,6.57939,1.30,1.00
2014.10.24 08:00:56.681,6.57787,6.57952,1.00,1.49
2014.10.24 08:00:57.012,6.57774,6.57948,1.00,1.19
2014.10.24 08:00:57.063,6.57774,6.57927,1.00,1.30
2014.10.24 08:00:57.215,6.57765,6.57927,1.00,1.30
2014.10.24 08:00:57.681,6.57769,6.57927,1.00,1.30
2014.10.24 08:00:58.671,6.57764,6.57927,1.00,1.30
2014.10.24 08:01:04.780,6.57769,6.57927,1.00,1.72
2014.10.24 08:01:05.550,6.57764,6.57927,1.00,1.72
2014.10.24 08:01:06.218,6.57763,6.57927,1.00,1.30
2014.10.24 08:01:08.741,6.57763,6.57912,1.00,1.00
2014.10.24 08:01:10.871,6.57802,6.57912,1.00,1.00
2014.10.24 08:01:11.023,6.57843,6.57954,1.00,1.00
2014.10.24 08:01:11.074,6.57832,6.57978,1.30,1.00
2014.10.24 08:01:11.125,6.57832,6.57984,1.30,1.00
2014.10.24 08:01:11.176,6.57809,6.57951,1.30,1.00
2014.10.24 08:01:11.278,6.57773,6.57951,1.30,1.25
2014.10.24 08:01:11.380,6.57778,6.57933,1.00,1.30
2014.10.24 08:01:11.481,6.57769,6.57933,1.00,1.30
2014.10.24 08:01:12.370,6.57764,6.57933,1.00,1.30
2014.10.24 08:01:14.350,6.57765,6.57933,1.00,1.30
2014.10.24 08:01:14.603,6.57781,6.57933,1.00,1.30
2014.10.24 08:01:14.907,6.57788,6.57933,1.00,1.30
2014.10.24 08:01:16.675,6.57769,6.57933,1.00,1.49
2014.10.24 08:01:16.725,6.57769,6.57875,1.00,1.30
2014.10.24 08:01:16.928,6.57723,6.57886,1.00,1.49
2014.10.24 08:01:17.031,6.57719,6.57886,1.00,1.49
2014.10.24 08:01:17.133,6.57727,6.57886,1.00,1.49
2014.10.24 08:01:17.438,6.57738,6.57886,1.00,1.49
2014.10.24 08:01:17.885,6.57735,6.57886,1.00,1.30
2014.10.24 08:01:18.142,6.57737,6.57886,1.00,1.30
2014.10.24 08:01:18.581,6.57729,6.57886,1.00,1.30
2014.10.24 08:01:18.784,6.57732,6.57886,1.00,1.30
2014.10.24 08:01:19.410,6.57729,6.57886,1.00,1.30
2014.10.24 08:01:19.519,6.57733,6.57886,1.00,1.30
2014.10.24 08:01:19.629,6.5773,6.57886,1.00,1.30
2014.10.24 08:01:19.849,6.57734,6.57886,1.00,1.30
2014.10.24 08:01:19.959,6.57729,6.57886,1.00,1.16
2014.10.24 08:01:20.400,6.57734,6.57886,1.00,1.16
2014.10.24 08:01:20.719,6.57741,6.57886,1.00,1.16
2014.10.24 08:01:21.984,6.57741,6.57886,1.00,1.49
2014.10.24 08:01:24.032,6.57741,6.57886,1.00,1.30
2014.10.24 08:01:26.170,6.57741,6.57903,1.00,1.54
2014.10.24 08:01:28.051,6.57741,6.57907,1.00,2.51
2014.10.24 08:01:30.130,6.57741,6.57907,1.00,1.76
2014.10.24 08:01:31.781,6.57741,6.57877,1.00,1.30
2014.10.24 08:01:31.883,6.57728,6.57877,1.00,1.30
2014.10.24 08:01:31.985,6.57717,6.57877,1.00,1.30
2014.10.24 08:01:32.121,6.57725,6.57877,1.00,1.30
2014.10.24 08:01:32.274,6.57724,6.57898,1.50,1.30
2014.10.24 08:01:32.427,6.57731,6.57899,1.00,1.30
2014.10.24 08:01:32.829,6.57725,6.57899,1.00,1.30
2014.10.24 08:01:32.931,6.57725,6.57899,1.00,1.49
2014.10.24 08:01:33.379,6.57728,6.57899,1.00,1.49
2014.10.24 08:01:33.641,6.57724,6.57899,1.50,1.49
2014.10.24 08:01:33.743,6.57733,6.57899,1.00,1.49
2014.10.24 08:01:33.819,6.57728,6.57899,1.00,1.49
2014.10.24 08:01:34.480,6.57729,6.57899,1.00,1.49
2014.10.24 08:01:34.590,6.57727,6.57899,1.00,1.49
2014.10.24 08:01:34.701,6.57733,6.57899,1.00,1.49
2014.10.24 08:01:35.005,6.57756,6.579,1.00,1.00
2014.10.24 08:01:35.156,6.57754,6.579,1.00,1.00
2014.10.24 08:01:35.512,6.57746,6.57897,1.00,1.30
2014.10.24 08:01:35.614,6.57735,6.57897,1.00,1.30
2014.10.24 08:01:35.951,6.57731,6.57897,1.00,1.30
2014.10.24 08:01:36.052,6.57744,6.57897,1.00,1.30
2014.10.24 08:01:36.706,6.57733,6.57897,1.00,1.72
2014.10.24 08:01:37.163,6.57736,6.57893,1.00,1.19
2014.10.24 08:01:37.449,6.5773,6.57893,1.00,1.19
2014.10.24 08:01:37.935,6.57725,6.57893,1.00,1.19
2014.10.24 08:01:37.999,6.57731,6.57893,1.00,1.19
2014.10.24 08:01:38.439,6.57729,6.57893,1.00,1.19
2014.10.24 08:01:39.011,6.5773,6.57893,1.00,1.19
2014.10.24 08:01:39.151,6.57729,6.57891,1.00,1.19
2014.10.24 08:01:39.539,6.57727,6.57891,1.00,1.19
2014.10.24 08:01:39.700,6.57729,6.57891,1.00,1.19
2014.10.24 08:01:39.903,6.57727,6.57876,1.00,1.16
2014.10.24 08:01:40.005,6.57721,6.57876,1.00,1.16
2014.10.24 08:01:40.574,6.57703,6.57855,1.00,1.49
2014.10.24 08:01:40.675,6.57699,6.57855,1.00,1.49
2014.10.24 08:01:40.777,6.5769,6.57855,1.50,1.49
2014.10.24 08:01:41.455,6.57686,6.57835,1.50,1.30
2014.10.24 08:01:42.290,6.57694,6.57835,1.00,1.30
2014.10.24 08:01:42.452,6.57688,6.57835,1.00,1.30
2014.10.24 08:01:42.612,6.57688,6.57835,1.00,1.49
2014.10.24 08:01:43.296,6.57687,6.57835,1.00,1.49
2014.10.24 08:01:43.811,6.57686,6.57835,1.50,1.49
2014.10.24 08:01:44.159,6.57694,6.57835,1.00,1.49
2014.10.24 08:01:44.319,6.57688,6.57835,1.00,1.49
2014.10.24 08:01:44.626,6.57691,6.57835,1.00,1.49
2014.10.24 08:01:44.759,6.57686,6.57835,1.00,1.49
2014.10.24 08:01:45.071,6.5767,6.57835,1.00,1.49
2014.10.24 08:01:45.172,6.57661,6.57812,1.00,1.30
2014.10.24 08:01:45.223,6.57656,6.57812,1.00,1.30
2014.10.24 08:01:45.421,6.57659,6.57812,1.00,1.30
2014.10.24 08:01:45.523,6.57654,6.57812,1.50,1.30
2014.10.24 08:01:46.825,6.57654,6.57812,1.50,1.49
2014.10.24 08:01:47.739,6.57661,6.57812,1.00,1.49
2014.10.24 08:01:48.940,6.57661,6.57809,1.00,1.19
2014.10.24 08:01:49.043,6.57654,6.57809,1.00,1.19
2014.10.24 08:01:49.144,6.57651,6.57809,1.00,1.91
2014.10.24 08:01:49.196,6.57651,6.57789,1.00,1.30
2014.10.24 08:01:49.297,6.57628,6.57789,1.00,1.30
2014.10.24 08:01:49.561,6.57632,6.57789,1.00,1.30
2014.10.24 08:01:49.820,6.5763,6.57789,1.00,1.30
2014.10.24 08:01:49.921,6.57636,6.57789,1.00,1.30
2014.10.24 08:01:49.990,6.57626,6.57789,1.00,1.30
2014.10.24 08:01:50.703,6.57626,6.57788,1.00,1.30
2014.10.24 08:01:50.809,6.57626,6.57768,1.00,1.30
2014.10.24 08:01:53.492,6.57626,6.57786,1.00,1.19
2014.10.24 08:01:54.332,6.5762,6.57782,1.00,1.19
2014.10.24 08:01:54.384,6.5762,6.57765,1.00,1.30
2014.10.24 08:01:54.536,6.57608,6.57765,1.00,1.30
2014.10.24 08:01:55.458,6.57608,6.57765,1.00,1.49
2014.10.24 08:01:56.990,6.57608,6.57762,1.00,1.60
2014.10.24 08:01:57.294,6.57582,6.57732,1.00,1.91
2014.10.24 08:01:57.496,6.57577,6.57731,1.00,1.49
2014.10.24 08:01:59.286,6.57577,6.57731,1.00,1.49
2014.10.24 08:02:01.149,6.57582,6.57731,1.00,1.49
2014.10.24 08:02:01.522,6.57582,6.57731,1.00,1.49
2014.10.24 08:02:02.470,6.57577,6.57731,1.00,1.49
2014.10.24 08:02:03.268,6.57577,6.57735,1.00,2.09
2014.10.24 08:02:03.572,6.57577,6.57694,1.00,1.30
2014.10.24 08:02:05.122,6.57577,6.57707,1.00,1.19
2014.10.24 08:02:05.223,6.57577,6.57728,1.00,1.00
2014.10.24 08:02:05.415,6.5759,6.57742,1.00,1.30
2014.10.24 08:02:05.823,6.57599,6.57742,1.00,1.30
2014.10.24 08:02:05.925,6.57599,6.57748,1.00,1.00
2014.10.24 08:02:06.153,6.57599,6.57753,1.00,1.00
2014.10.24 08:02:06.205,6.57604,6.57753,1.30,1.00
2014.10.24 08:02:06.509,6.57615,6.57767,1.00,1.00
2014.10.24 08:02:07.100,6.57677,6.57767,1.00,1.00
2014.10.24 08:02:07.151,6.57677,6.57779,1.00,1.00
2014.10.24 08:02:07.202,6.57677,6.57787,1.00,1.30
2014.10.24 08:02:07.253,6.57677,6.57818,1.00,1.90
2014.10.24 08:02:07.304,6.57707,6.57818,1.00,1.90
2014.10.24 08:02:07.506,6.57702,6.57818,1.00,1.90
2014.10.24 08:02:07.719,6.57705,6.57818,1.00,1.90
2014.10.24 08:02:07.849,6.577,6.57818,1.00,1.90
2014.10.24 08:02:07.954,6.57706,6.57818,1.00,1.90
2014.10.24 08:02:08.268,6.57704,6.57818,1.00,1.90
2014.10.24 08:02:08.490,6.57705,6.57845,1.00,1.00
2014.10.24 08:02:09.104,6.57705,6.57849,1.00,1.30
2014.10.24 08:02:10.028,6.57721,6.57849,1.00,1.30
2014.10.24 08:02:10.333,6.57727,6.57849,1.00,1.30
2014.10.24 08:02:10.485,6.57718,6.57849,1.00,1.30
2014.10.24 08:02:10.580,6.57711,6.57849,1.00,1.30
2014.10.24 08:02:10.690,6.57717,6.57849,1.00,1.30
2014.10.24 08:02:10.943,6.57711,6.57849,1.00,1.30
2014.10.24 08:02:11.146,6.57714,6.57858,1.00,1.00
2014.10.24 08:02:11.248,6.57716,6.57858,1.00,1.00
2014.10.24 08:02:12.338,6.57719,6.57858,1.00,1.00
2014.10.24 08:02:12.490,6.57712,6.57854,1.00,1.30
2014.10.24 08:02:12.806,6.5771,6.57854,1.00,1.30
2014.10.24 08:02:12.857,6.57712,6.57854,1.00,1.30
2014.10.24 08:02:13.374,6.5771,6.57854,1.00,1.49
2014.10.24 08:02:13.691,6.57708,6.57854,1.00,1.91
2014.10.24 08:02:13.878,6.5771,6.57854,1.00,1.91
2014.10.24 08:02:14.318,6.57706,6.57854,1.00,1.91
2014.10.24 08:02:14.479,6.57706,6.57842,1.00,1.00
2014.10.24 08:02:14.581,6.57704,6.57842,1.00,1.00
2014.10.24 08:02:14.688,6.57707,6.57842,1.00,1.00
2014.10.24 08:02:15.029,6.57709,6.57842,1.00,1.00
2014.10.24 08:02:15.350,6.5772,6.57852,1.00,1.19
2014.10.24 08:02:15.451,6.57718,6.57852,1.00,1.19
2014.10.24 08:02:15.502,6.57718,6.57852,1.00,1.00
2014.10.24 08:02:15.638,6.57716,6.57852,1.00,1.00
2014.10.24 08:02:15.689,6.57716,6.5784,1.00,1.00
2014.10.24 08:02:15.908,6.57718,6.57854,1.00,2.47
2014.10.24 08:02:16.010,6.57722,6.57854,1.00,2.47
2014.10.24 08:02:16.456,6.57718,6.57854,1.00,1.72
2014.10.24 08:02:16.659,6.57716,6.57854,1.00,1.72
2014.10.24 08:02:16.958,6.57718,6.57854,1.00,1.72
2014.10.24 08:02:17.220,6.57713,6.57854,1.00,2.47
2014.10.24 08:02:17.321,6.57719,6.57854,1.00,2.47
2014.10.24 08:02:17.512,6.57715,6.57854,1.00,2.66
2014.10.24 08:02:17.664,6.57694,6.57854,1.00,2.66
2014.10.24 08:02:17.728,6.57696,6.57854,1.00,2.66
2014.10.24 08:02:17.952,6.57693,6.57854,1.00,2.66
2014.10.24 08:02:18.313,6.57689,6.57854,1.00,2.66
2014.10.24 08:02:18.415,6.57693,6.57854,1.00,2.66
2014.10.24 08:02:18.718,6.57697,6.57854,1.00,1.91
2014.10.24 08:02:19.385,6.5769,6.57853,1.00,1.00
2014.10.24 08:02:19.707,6.57689,6.5785,1.00,1.00
2014.10.24 08:02:20.030,6.57691,6.57842,1.00,1.00
2014.10.24 08:02:20.368,6.57691,6.57832,1.00,1.30
2014.10.24 08:02:20.588,6.57684,6.57832,1.00,1.30
2014.10.24 08:02:20.698,6.57688,6.57832,1.00,1.30
2014.10.24 08:02:20.924,6.57683,6.57832,1.00,1.30
2014.10.24 08:02:21.077,6.57687,6.57832,1.00,1.30
2014.10.24 08:02:21.279,6.57683,6.57832,1.00,1.72
2014.10.24 08:02:21.701,6.57687,6.57832,1.00,1.30
2014.10.24 08:02:22.060,6.57683,6.57832,1.00,1.30
2014.10.24 08:02:22.161,6.57681,6.57832,1.00,1.72
2014.10.24 08:02:22.338,6.57681,6.5783,1.00,1.00
2014.10.24 08:02:22.491,6.57676,6.5783,1.00,1.00
2014.10.24 08:02:23.009,6.57682,6.5783,1.00,1.00
2014.10.24 08:02:23.390,6.5768,6.57828,1.00,1.00
2014.10.24 08:02:23.779,6.57683,6.57828,1.00,1.19
2014.10.24 08:02:23.932,6.57673,6.57828,1.00,1.19
2014.10.24 08:02:24.449,6.57672,6.5783,1.00,1.19
2014.10.24 08:02:24.551,6.57675,6.5783,1.00,1.19
2014.10.24 08:02:24.988,6.57682,6.5783,1.00,1.19
2014.10.24 08:02:25.099,6.57675,6.5783,1.00,1.19
2014.10.24 08:02:25.255,6.5767,6.5783,1.00,1.19
2014.10.24 08:02:25.589,6.5767,6.5783,1.00,1.69
2014.10.24 08:02:25.800,6.57663,6.57826,1.00,1.19
2014.10.24 08:02:26.845,6.57663,6.57812,1.00,1.30
2014.10.24 08:02:29.151,6.57663,6.5783,1.00,1.00
2014.10.24 08:02:29.202,6.57672,6.5783,1.00,1.00
2014.10.24 08:02:35.141,6.57675,6.5783,1.00,1.00
2014.10.24 08:02:35.355,6.5767,6.5783,1.00,1.00
2014.10.24 08:02:35.822,6.5767,6.5783,1.00,1.19
2014.10.24 08:02:36.537,6.57668,6.5783,1.00,1.19
2014.10.24 08:02:36.758,6.57671,6.5783,1.00,1.19
2014.10.24 08:02:36.868,6.57666,6.5783,1.00,1.19
2014.10.24 08:02:37.088,6.57669,6.5783,1.00,1.19
2014.10.24 08:02:37.418,6.57669,6.57817,1.00,1.30
2014.10.24 08:02:38.011,6.57673,6.57817,1.00,1.30
2014.10.24 08:02:38.330,6.57671,6.57817,1.00,1.30
2014.10.24 08:02:38.628,6.57665,6.57817,1.00,1.30
2014.10.24 08:02:38.848,6.57672,6.57817,1.00,1.30
2014.10.24 08:02:39.009,6.57674,6.5783,1.00,1.19
2014.10.24 08:02:39.145,6.57666,6.5783,1.00,1.19
2014.10.24 08:02:39.618,6.57668,6.5783,1.00,1.19
2014.10.24 08:02:39.728,6.57665,6.5783,1.00,1.19
2014.10.24 08:02:39.836,6.57665,6.5783,1.00,1.19
2014.10.24 08:02:39.887,6.57668,6.5783,1.00,1.19
2014.10.24 08:02:40.388,6.57665,6.5783,1.00,1.19
2014.10.24 08:02:40.607,6.57673,6.5783,1.00,1.19
2014.10.24 08:02:40.718,6.57671,6.5783,1.00,1.19
2014.10.24 08:02:40.938,6.57673,6.5783,1.00,1.19
2014.10.24 08:02:41.048,6.57666,6.5783,1.00,1.19
2014.10.24 08:02:42.038,6.57667,6.5783,1.00,1.19
2014.10.24 08:02:42.300,6.57669,6.5783,1.00,1.19
2014.10.24 08:02:42.636,6.57678,6.57832,1.00,1.19
2014.10.24 08:02:42.958,6.57689,6.57837,1.00,1.19
2014.10.24 08:02:43.262,6.57696,6.57837,1.00,1.19
2014.10.24 08:02:43.510,6.57692,6.57837,1.00,1.19
2014.10.24 08:02:43.561,6.57692,6.57858,1.00,1.19
2014.10.24 08:02:43.713,6.57694,6.57858,1.00,1.19
2014.10.24 08:02:43.798,6.57691,6.57858,1.00,1.19
2014.10.24 08:02:43.949,6.57693,6.57858,1.50,1.19
2014.10.24 08:02:44.307,6.57695,6.57858,1.00,1.19
2014.10.24 08:02:44.491,6.57693,6.57858,2.25,1.19
2014.10.24 08:02:44.678,6.57697,6.57858,1.00,1.19
2014.10.24 08:02:45.028,6.57699,6.57858,1.30,1.19
2014.10.24 08:02:45.658,6.57699,6.57858,1.30,1.00
2014.10.24 08:02:47.428,6.57703,6.57858,1.00,1.00
2014.10.24 08:02:48.435,6.57697,6.57858,1.50,1.72
2014.10.24 08:02:50.760,6.57692,6.57858,1.00,1.72
2014.10.24 08:02:51.311,6.57687,6.57858,1.00,1.72
2014.10.24 08:02:51.362,6.57687,6.57851,1.00,1.00
2014.10.24 08:02:51.514,6.57685,6.57851,1.00,1.00
2014.10.24 08:02:51.565,6.57685,6.5784,1.00,1.00
2014.10.24 08:02:51.718,6.57682,6.5784,1.00,1.00
2014.10.24 08:02:51.871,6.57682,6.57842,1.00,1.00
2014.10.24 08:02:52.419,6.57686,6.57842,1.00,1.00
2014.10.24 08:02:52.739,6.5769,6.57842,1.00,1.00
2014.10.24 08:02:53.188,6.57692,6.57842,1.00,1.00
2014.10.24 08:02:53.409,6.57689,6.57842,1.00,1.00
2014.10.24 08:02:54.624,6.57688,6.57842,1.00,1.00
2014.10.24 08:02:57.032,6.57697,6.57842,1.00,1.00
2014.10.24 08:02:57.334,6.57703,6.57842,1.00,1.00
2014.10.24 08:02:57.386,6.57703,6.57858,1.00,1.30
2014.10.24 08:02:57.700,6.57705,6.5786,1.00,1.19
2014.10.24 08:02:58.027,6.57711,6.5786,1.00,1.19
2014.10.24 08:02:58.129,6.57709,6.5786,1.00,1.19
2014.10.24 08:02:58.428,6.57707,6.5786,1.00,1.19
2014.10.24 08:02:58.573,6.57705,6.5786,1.00,1.19
2014.10.24 08:02:58.776,6.57708,6.5786,1.00,1.00
2014.10.24 08:03:00.002,6.5771,6.5786,1.00,1.00
2014.10.24 08:03:00.408,6.57702,6.5786,1.72,1.00
2014.10.24 08:03:01.989,6.57707,6.5786,1.00,1.00
2014.10.24 08:03:05.829,6.57703,6.5786,1.00,1.00
2014.10.24 08:03:06.610,6.57701,6.57859,1.00,1.00
2014.10.24 08:03:07.385,6.57699,6.57859,1.00,1.00
2014.10.24 08:03:07.602,6.57697,6.57859,1.00,1.00
2014.10.24 08:03:07.777,6.57695,6.57859,1.00,1.00
2014.10.24 08:03:07.887,6.57699,6.57859,1.00,1.00
2014.10.24 08:03:08.437,6.57695,6.57859,1.00,1.00
2014.10.24 08:03:08.612,6.57698,6.57859,1.00,1.00
2014.10.24 08:03:08.767,6.57695,6.57859,1.00,1.00
2014.10.24 08:03:08.877,6.57698,6.57859,1.00,1.00
2014.10.24 08:03:11.083,6.57701,6.57859,1.00,1.25
2014.10.24 08:03:12.185,6.57702,6.57864,1.00,1.30
2014.10.24 08:03:12.236,6.57721,6.57872,1.30,1.19
2014.10.24 08:03:12.388,6.57726,6.5789,1.00,1.00
2014.10.24 08:03:12.439,6.57743,6.57886,1.00,1.00
2014.10.24 08:03:12.642,6.57738,6.57886,1.00,1.00
2014.10.24 08:03:12.743,6.57738,6.579,1.00,1.25
2014.10.24 08:03:12.960,6.57738,6.57896,1.00,1.00
2014.10.24 08:03:13.311,6.57748,6.57902,1.00,1.19
2014.10.24 08:03:14.301,6.57753,6.57913,1.00,1.69
2014.10.24 08:03:14.508,6.57753,6.57913,1.00,1.50
2014.10.24 08:03:14.598,6.5775,6.57913,1.00,1.50
2014.10.24 08:03:14.859,6.57752,6.57913,1.00,1.00
2014.10.24 08:03:15.298,6.5775,6.57913,1.00,1.00
2014.10.24 08:03:15.602,6.57753,6.57913,1.00,1.00
2014.10.24 08:03:20.428,6.57763,6.57913,1.00,1.00
2014.10.24 08:03:21.277,6.57763,6.57913,1.00,1.19
2014.10.24 08:03:22.594,6.57763,6.57916,1.00,1.00
2014.10.24 08:03:24.600,6.57763,6.57916,1.00,1.19
2014.10.24 08:03:26.607,6.57763,6.57916,1.00,1.19
2014.10.24 08:03:28.568,6.57755,6.57916,1.00,1.19
2014.10.24 08:03:28.619,6.57755,6.57912,1.00,1.00
2014.10.24 08:03:28.720,6.57752,6.57912,1.00,1.00
2014.10.24 08:03:28.822,6.57742,6.57912,1.00,1.00
2014.10.24 08:03:28.923,6.57742,6.57903,1.00,1.30
2014.10.24 08:03:32.529,6.57745,6.57903,1.00,1.30
2014.10.24 08:03:34.761,6.57752,6.57903,1.00,1.30
2014.10.24 08:03:34.938,6.57752,6.57913,1.00,1.19
2014.10.24 08:03:35.319,6.5775,6.57913,1.00,1.19
2014.10.24 08:03:35.502,6.5775,6.57907,1.00,1.00
2014.10.24 08:03:35.654,6.57726,6.57894,1.00,1.00
2014.10.24 08:03:35.705,6.57727,6.57892,1.00,1.00
2014.10.24 08:03:36.048,6.57733,6.57892,1.00,1.00
2014.10.24 08:03:36.621,6.57741,6.57892,1.00,1.00
2014.10.24 08:03:38.275,6.57736,6.57892,1.00,1.25
2014.10.24 08:03:39.284,6.57736,6.57891,1.00,1.00
2014.10.24 08:03:39.386,6.57727,6.57891,1.00,1.00
2014.10.24 08:03:39.437,6.57727,6.5788,1.00,1.30
2014.10.24 08:03:39.604,6.57722,6.5788,1.50,1.30
2014.10.24 08:03:39.736,6.5772,6.5788,1.00,1.30
2014.10.24 08:03:40.040,6.5772,6.57874,1.00,1.00
2014.10.24 08:03:40.509,6.57723,6.57874,1.50,1.00
2014.10.24 08:03:40.958,6.57723,6.57874,1.50,1.19
2014.10.24 08:03:42.577,6.57723,6.57874,1.50,1.19
2014.10.24 08:03:43.293,6.57723,6.57867,1.50,1.00
2014.10.24 08:03:43.395,6.57715,6.57867,1.00,1.00
2014.10.24 08:03:43.547,6.57704,6.57867,1.00,1.00
2014.10.24 08:03:43.749,6.57704,6.57855,1.00,1.30
2014.10.24 08:03:44.897,6.57704,6.57855,1.00,1.49
2014.10.24 08:03:45.047,6.57699,6.57855,1.00,1.49
2014.10.24 08:03:46.048,6.57702,6.57855,1.50,1.49
2014.10.24 08:03:46.150,6.57699,6.57855,1.00,1.49
2014.10.24 08:03:46.928,6.57699,6.57855,1.00,1.91
2014.10.24 08:03:47.799,6.57704,6.57855,1.00,1.91
2014.10.24 08:03:48.588,6.57702,6.57855,1.50,1.91
2014.10.24 08:03:49.496,6.57702,6.57855,1.50,1.49
2014.10.24 08:03:49.578,6.57705,6.57855,1.00,1.49
2014.10.24 08:03:49.908,6.57711,6.57868,1.00,1.19
2014.10.24 08:03:50.812,6.57715,6.57868,1.00,1.19
2014.10.24 08:03:51.604,6.57715,6.57869,1.00,1.69
2014.10.24 08:03:53.711,6.57715,6.57869,1.00,1.69
2014.10.24 08:03:54.278,6.57716,6.57864,1.00,1.19
2014.10.24 08:03:54.569,6.57721,6.57864,1.00,1.19
2014.10.24 08:03:55.819,6.57721,6.57875,1.00,1.00
2014.10.24 08:03:56.111,6.57738,6.57893,1.00,1.19
2014.10.24 08:03:56.420,6.57752,6.57893,1.50,1.19
2014.10.24 08:03:56.924,6.5775,6.57893,1.00,1.19
2014.10.24 08:03:56.975,6.57746,6.57893,1.00,1.19
2014.10.24 08:03:57.076,6.57733,6.57893,2.25,1.19
2014.10.24 08:03:57.556,6.57726,6.57888,1.00,1.19
2014.10.24 08:03:57.657,6.5772,6.57888,1.00,1.19
2014.10.24 08:03:57.978,6.57716,6.57878,1.50,1.25
2014.10.24 08:03:58.254,6.57716,6.57878,1.50,1.19
2014.10.24 08:04:00.439,6.57716,6.57876,1.00,1.19
2014.10.24 08:04:02.448,6.57716,6.57877,1.00,1.19
2014.10.24 08:04:03.788,6.57716,6.57863,1.00,1.00
2014.10.24 08:04:04.220,6.57702,6.57863,1.50,1.00
2014.10.24 08:04:04.702,6.57702,6.57853,1.50,1.00
2014.10.24 08:04:07.334,6.57702,6.57832,1.50,1.00
2014.10.24 08:04:07.649,6.57726,6.57832,1.00,1.00
2014.10.24 08:04:07.852,6.57732,6.57854,2.25,1.00
2014.10.24 08:04:07.903,6.57743,6.57854,1.50,1.00
2014.10.24 08:04:08.149,6.57732,6.57854,2.25,1.00
2014.10.24 08:04:09.697,6.57722,6.57854,1.50,1.00
2014.10.24 08:04:11.889,6.57722,6.57854,1.50,1.19
2014.10.24 08:04:13.426,6.57722,6.57846,1.50,1.00
2014.10.24 08:04:15.010,6.57722,6.57837,1.50,1.00
2014.10.24 08:04:15.383,6.57705,6.57837,1.00,1.00
2014.10.24 08:04:16.680,6.57702,6.57837,1.50,1.00
2014.10.24 08:04:16.964,6.57702,6.57832,1.50,1.00
2014.10.24 08:04:17.166,6.57703,6.57837,1.50,1.00
2014.10.24 08:04:17.268,6.577,6.57837,1.00,1.00
2014.10.24 08:04:17.739,6.57704,6.57837,1.00,1.00
2014.10.24 08:04:18.044,6.57714,6.57837,1.00,1.00
2014.10.24 08:04:18.347,6.57733,6.57853,1.50,1.00
2014.10.24 08:04:18.789,6.57733,6.5787,1.50,1.91
2014.10.24 08:04:18.841,6.57733,6.5787,1.50,1.30
2014.10.24 08:04:18.893,6.57733,6.57865,1.50,1.00
2014.10.24 08:04:19.199,6.57733,6.5787,1.50,1.30
2014.10.24 08:04:19.250,6.57733,6.5789,1.50,1.30
2014.10.24 08:04:19.301,6.57733,6.5787,1.50,1.00
2014.10.24 08:04:20.816,6.57742,6.5787,1.00,1.00
2014.10.24 08:04:21.036,6.57737,6.5787,1.00,1.00
2014.10.24 08:04:21.087,6.57737,6.57893,1.00,1.49
2014.10.24 08:04:21.290,6.57733,6.57893,1.50,1.49
2014.10.24 08:04:21.403,6.57743,6.57879,1.00,1.00
2014.10.24 08:04:21.729,6.57737,6.57857,1.00,1.00
2014.10.24 08:04:21.831,6.57745,6.57875,1.00,1.00
2014.10.24 08:04:22.033,6.5775,6.57875,1.00,1.00
2014.10.24 08:04:22.612,6.57743,6.57875,1.00,1.00
2014.10.24 08:04:22.713,6.57747,6.57875,1.00,1.00
2014.10.24 08:04:22.916,6.57747,6.57893,1.00,1.49
2014.10.24 08:04:22.967,6.57747,6.57893,1.00,1.30
2014.10.24 08:04:23.018,6.57752,6.57893,1.00,1.30
2014.10.24 08:04:23.322,6.57761,6.57893,1.00,1.30
2014.10.24 08:04:23.487,6.57749,6.57893,1.00,1.30
2014.10.24 08:04:23.566,6.5776,6.57893,1.00,1.30
2014.10.24 08:04:23.921,6.57751,6.57893,1.00,1.30
2014.10.24 08:04:24.227,6.5776,6.57893,1.00,1.30
2014.10.24 08:04:24.390,6.57751,6.57893,1.00,1.30
2014.10.24 08:04:24.491,6.57751,6.57863,1.00,1.00
2014.10.24 08:04:24.893,6.57757,6.57863,1.00,1.00
2014.10.24 08:04:25.148,6.57752,6.57863,1.00,1.00
2014.10.24 08:04:25.372,6.57752,6.57891,1.00,1.00
2014.10.24 08:04:26.257,6.57754,6.57891,1.00,1.00
2014.10.24 08:04:26.461,6.57741,6.57891,1.00,1.00
2014.10.24 08:04:26.512,6.57741,6.57874,1.00,1.00
2014.10.24 08:04:26.563,6.57736,6.57874,1.00,1.00
2014.10.24 08:04:26.813,6.57732,6.57874,1.50,1.00
2014.10.24 08:04:26.864,6.57726,6.57874,1.00,1.19
2014.10.24 08:04:27.182,6.57726,6.57852,1.00,1.00
2014.10.24 08:04:27.526,6.57737,6.57852,1.00,1.00
2014.10.24 08:04:27.628,6.57737,6.57872,1.00,1.19
2014.10.24 08:04:27.729,6.57737,6.5785,1.00,1.00
2014.10.24 08:04:27.881,6.57725,6.5785,1.00,1.00
2014.10.24 08:04:28.397,6.57725,6.57849,1.00,1.00
2014.10.24 08:04:29.097,6.57727,6.57849,1.00,1.50
2014.10.24 08:04:29.607,6.57728,6.57849,1.00,1.00
2014.10.24 08:04:30.438,6.57733,6.57849,1.50,1.00
2014.10.24 08:04:30.859,6.57733,6.57841,1.50,1.30
2014.10.24 08:04:33.620,6.57738,6.57841,1.00,1.30
2014.10.24 08:04:37.230,6.57732,6.57841,1.50,1.30
2014.10.24 08:04:37.733,6.57723,6.57841,1.50,1.30
2014.10.24 08:04:38.526,6.57723,6.57844,1.50,1.19
2014.10.24 08:04:39.464,6.57723,6.57844,1.50,1.19
2014.10.24 08:04:39.969,6.57723,6.57824,1.50,1.00
2014.10.24 08:04:40.271,6.57723,6.57844,1.50,1.19
2014.10.24 08:04:41.471,6.57723,6.57844,1.50,1.00
2014.10.24 08:04:44.343,6.57732,6.57844,1.50,1.00
2014.10.24 08:04:45.336,6.57732,6.57888,2.25,2.84
2014.10.24 08:04:45.806,6.57732,6.57882,2.25,1.00
2014.10.24 08:04:47.407,6.57732,6.57874,2.25,1.00
2014.10.24 08:04:47.737,6.57745,6.57882,1.00,1.00
2014.10.24 08:04:48.593,6.57745,6.57882,1.00,1.19
2014.10.24 08:04:49.943,6.57745,6.5786,1.00,1.00
2014.10.24 08:04:50.946,6.57745,6.57882,1.00,1.19
2014.10.24 08:04:52.707,6.57745,6.57882,1.00,1.00
2014.10.24 08:04:54.807,6.57749,6.57882,1.00,1.00
2014.10.24 08:04:58.530,6.57752,6.57882,1.50,1.00
2014.10.24 08:04:58.834,6.57783,6.57887,1.50,1.00
2014.10.24 08:04:59.545,6.57783,6.57913,2.25,1.30
2014.10.24 08:04:59.747,6.57783,6.57899,2.25,1.00
2014.10.24 08:04:59.997,6.57776,6.57899,1.00,1.00
2014.10.24 08:05:00.526,6.57771,6.57899,1.00,1.00
2014.10.24 08:05:01.067,6.5777,6.57899,1.00,1.50
2014.10.24 08:05:01.220,6.57763,6.57899,1.00,1.00
2014.10.24 08:05:01.271,6.57763,6.57897,1.00,1.00
2014.10.24 08:05:01.474,6.57762,6.57899,1.50,1.00
2014.10.24 08:05:01.524,6.57762,6.57894,1.50,1.00
2014.10.24 08:05:01.848,6.57762,6.57872,1.50,1.00
2014.10.24 08:05:04.677,6.57759,6.57872,1.00,1.00
2014.10.24 08:05:05.631,6.57757,6.57872,1.00,1.00
2014.10.24 08:05:10.780,6.57754,6.57872,1.00,1.00
2014.10.24 08:05:15.037,6.57754,6.57853,1.00,1.00
2014.10.24 08:05:17.127,6.57754,6.57871,1.00,1.19
2014.10.24 08:05:17.193,6.57754,6.57871,1.00,1.00
2014.10.24 08:05:17.244,6.57754,6.57852,1.00,1.00
2014.10.24 08:05:17.396,6.57752,6.57852,1.50,1.00
2014.10.24 08:05:17.447,6.57724,6.57856,1.00,1.00
2014.10.24 08:05:17.498,6.57709,6.57856,1.00,1.00
2014.10.24 08:05:17.549,6.57709,6.57829,1.00,1.00
2014.10.24 08:05:17.600,6.577,6.57829,1.00,1.00
2014.10.24 08:05:17.651,6.577,6.57832,1.00,1.30
2014.10.24 08:05:17.702,6.57708,6.57832,1.00,1.30
2014.10.24 08:05:18.005,6.57693,6.57794,1.00,1.00
2014.10.24 08:05:18.056,6.57676,6.57791,1.00,1.30
2014.10.24 08:05:18.158,6.57666,6.57759,1.00,1.00
2014.10.24 08:05:18.217,6.57666,6.57786,1.00,1.00
2014.10.24 08:05:18.268,6.57662,6.57757,1.00,1.30
2014.10.24 08:05:18.633,6.57663,6.57776,1.00,1.30
2014.10.24 08:05:18.683,6.57674,6.57776,1.00,1.30
2014.10.24 08:05:18.734,6.57674,6.5778,1.00,1.30
2014.10.24 08:05:20.095,6.57674,6.57749,1.00,1.00
2014.10.24 08:05:20.605,6.57674,6.5775,1.00,1.00
2014.10.24 08:05:21.417,6.57674,6.57775,1.00,1.00
2014.10.24 08:05:21.519,6.57674,6.57749,1.00,1.00
2014.10.24 08:05:22.508,6.57674,6.5775,1.00,1.00
2014.10.24 08:05:23.109,6.5769,6.5775,1.00,1.00
2014.10.24 08:05:23.395,6.57689,6.57804,1.00,1.30
2014.10.24 08:05:23.548,6.57687,6.57804,1.00,1.30
2014.10.24 08:05:23.668,6.57689,6.57804,1.00,1.30
2014.10.24 08:05:23.973,6.5769,6.57778,1.00,1.00
2014.10.24 08:05:24.286,6.57687,6.57778,1.00,1.00
2014.10.24 08:05:24.606,6.57686,6.57804,1.00,1.30
2014.10.24 08:05:24.657,6.57686,6.57818,1.00,2.09
2014.10.24 08:05:24.708,6.57686,6.5779,1.00,1.00
2014.10.24 08:05:25.013,6.5769,6.57783,1.00,1.00
2014.10.24 08:05:25.716,6.57692,6.57783,1.00,1.00
2014.10.24 08:05:25.937,6.57683,6.57783,1.00,1.00
2014.10.24 08:05:26.596,6.57687,6.57783,1.00,1.00
2014.10.24 08:05:28.691,6.57687,6.57797,1.00,1.30
2014.10.24 08:05:28.843,6.57687,6.57817,1.00,1.30
2014.10.24 08:05:29.010,6.57687,6.57782,1.00,1.00
2014.10.24 08:05:29.396,6.57693,6.57782,1.00,1.00
2014.10.24 08:05:29.710,6.57701,6.57782,1.00,1.00
2014.10.24 08:05:30.469,6.57701,6.57812,1.00,1.00
2014.10.24 08:05:30.520,6.57701,6.57818,1.00,1.90
2014.10.24 08:05:30.571,6.57698,6.57818,1.00,1.90
2014.10.24 08:05:30.666,6.57694,6.57818,1.00,1.90
2014.10.24 08:05:30.824,6.577,6.57818,1.00,1.90
2014.10.24 08:05:30.925,6.57696,6.57818,1.00,1.90
2014.10.24 08:05:31.026,6.57701,6.57818,1.00,1.90
2014.10.24 08:05:31.756,6.57701,6.57788,1.00,1.00
2014.10.24 08:05:32.266,6.57702,6.57788,1.00,1.00
2014.10.24 08:05:32.628,6.57702,6.57809,1.00,1.30
2014.10.24 08:05:32.680,6.57711,6.57809,1.00,1.30
2014.10.24 08:05:32.984,6.57716,6.57788,1.00,1.00
2014.10.24 08:05:33.520,6.57717,6.57788,1.00,1.00
2014.10.24 08:05:34.217,6.57713,6.57788,1.00,1.00
2014.10.24 08:05:34.419,6.57713,6.57818,1.00,1.90
2014.10.24 08:05:34.521,6.57713,6.57793,1.00,1.00
2014.10.24 08:05:35.594,6.57713,6.57818,1.00,1.90
2014.10.24 08:05:36.077,6.57713,6.57794,1.00,1.00
2014.10.24 08:05:38.356,6.57713,6.57817,1.00,1.30
2014.10.24 08:05:38.458,6.57713,6.57791,1.00,1.00
2014.10.24 08:05:39.173,6.57709,6.57791,1.00,1.00
2014.10.24 08:05:39.246,6.57716,6.57791,1.00,1.00
2014.10.24 08:05:39.484,6.57712,6.57791,1.00,1.00
2014.10.24 08:05:39.907,6.57708,6.57791,1.00,1.00
2014.10.24 08:05:40.345,6.57711,6.57791,1.00,1.00
2014.10.24 08:05:40.497,6.57706,6.57791,1.00,1.00
2014.10.24 08:05:41.240,6.57701,6.57818,1.00,1.90
2014.10.24 08:05:41.342,6.57695,6.57794,1.00,1.00
2014.10.24 08:05:42.107,6.5768,6.57794,1.00,1.00
2014.10.24 08:05:42.329,6.57674,6.5779,1.00,1.00
2014.10.24 08:05:42.431,6.57674,6.57768,1.00,1.00
2014.10.24 08:05:42.482,6.57669,6.57768,1.00,1.00
2014.10.24 08:05:43.236,6.57675,6.57768,1.00,1.00
2014.10.24 08:05:44.441,6.57678,6.57768,1.00,1.00
2014.10.24 08:05:45.067,6.57678,6.57789,1.00,1.00
2014.10.24 08:05:45.118,6.57688,6.57789,1.00,1.00
2014.10.24 08:05:45.170,6.57688,6.57819,1.00,1.19
2014.10.24 08:05:45.221,6.57705,6.57826,1.00,1.00
2014.10.24 08:05:45.322,6.57709,6.57789,1.00,1.00
2014.10.24 08:05:45.526,6.5771,6.578,1.00,1.00
2014.10.24 08:05:46.322,6.57709,6.578,1.00,1.00
2014.10.24 08:05:47.498,6.57709,6.5783,1.00,1.30
2014.10.24 08:05:47.599,6.57709,6.57807,1.00,1.00
2014.10.24 08:05:53.316,6.57709,6.5783,1.00,1.30
2014.10.24 08:05:53.367,6.57712,6.5783,1.00,1.30
2014.10.24 08:05:53.686,6.57711,6.57812,1.00,1.00
2014.10.24 08:05:54.315,6.57709,6.57812,1.00,1.00
2014.10.24 08:05:54.755,6.57714,6.57812,1.00,1.00
2014.10.24 08:05:55.085,6.57712,6.57812,1.00,1.00
2014.10.24 08:05:59.155,6.57709,6.57812,1.00,1.00
2014.10.24 08:06:00.476,6.57701,6.57812,1.00,1.00
2014.10.24 08:06:00.601,6.57708,6.57794,1.00,1.00
2014.10.24 08:06:01.037,6.57687,6.57794,1.00,1.00
2014.10.24 08:06:01.290,6.57672,6.57794,1.00,1.00
2014.10.24 08:06:01.392,6.57668,6.57794,1.00,1.00
2014.10.24 08:06:01.494,6.57662,6.57781,2.25,1.30
2014.10.24 08:06:01.786,6.5767,6.57794,1.00,1.00
2014.10.24 08:06:01.852,6.57665,6.57781,1.00,1.30
2014.10.24 08:06:01.954,6.57662,6.57781,1.50,1.30
2014.10.24 08:06:02.448,6.57645,6.5776,1.00,1.00
2014.10.24 08:06:02.600,6.57642,6.5776,2.25,1.00
2014.10.24 08:06:02.803,6.57642,6.57777,2.25,1.00
2014.10.24 08:06:02.905,6.57642,6.57755,2.25,1.00
2014.10.24 08:06:08.109,6.57637,6.57755,1.00,1.00
2014.10.24 08:06:08.837,6.57633,6.57755,2.25,1.00
2014.10.24 08:06:12.884,6.57633,6.57755,1.50,1.19
2014.10.24 08:06:14.837,6.57633,6.57755,1.50,1.00
2014.10.24 08:06:14.888,6.57613,6.57738,1.50,1.00
2014.10.24 08:06:15.090,6.57613,6.57723,1.50,1.00
2014.10.24 08:06:16.182,6.57605,6.57723,1.00,1.00
2014.10.24 08:06:16.876,6.57593,6.57708,1.50,1.00
2014.10.24 08:06:16.978,6.57589,6.57708,1.00,1.00
2014.10.24 08:06:17.130,6.57586,6.57708,1.00,1.00
2014.10.24 08:06:17.231,6.57581,6.57708,1.00,1.00
2014.10.24 08:06:17.737,6.57582,6.57708,1.00,1.00
2014.10.24 08:06:18.085,6.57575,6.57708,1.00,1.00
2014.10.24 08:06:18.417,6.57574,6.57698,1.00,1.00
2014.10.24 08:06:18.569,6.57566,6.57698,1.00,1.00
2014.10.24 08:06:18.745,6.57569,6.57698,1.00,1.00
2014.10.24 08:06:20.057,6.57569,6.57708,1.00,1.00
2014.10.24 08:06:20.209,6.57567,6.57707,1.00,1.50
2014.10.24 08:06:20.310,6.57569,6.57707,1.00,1.00
2014.10.24 08:06:21.745,6.57562,6.57707,1.00,1.00
2014.10.24 08:06:21.796,6.57562,6.57699,1.00,1.00
2014.10.24 08:06:23.585,6.57569,6.57699,1.00,1.00
2014.10.24 08:06:23.765,6.57569,6.57707,1.00,1.00
2014.10.24 08:06:30.200,6.57569,6.57698,1.00,1.00
2014.10.24 08:06:30.627,6.57562,6.57698,1.00,1.00
2014.10.24 08:06:30.881,6.57562,6.57687,1.00,1.00
2014.10.24 08:06:31.109,6.57549,6.57678,1.00,1.00
2014.10.24 08:06:31.213,6.57547,6.57678,1.00,1.00
2014.10.24 08:06:31.518,6.57547,6.57668,1.00,1.00
2014.10.24 08:06:32.374,6.57538,6.57668,1.00,1.00
2014.10.24 08:06:32.481,6.57538,6.57668,1.37,1.00
2014.10.24 08:06:32.797,6.57533,6.57667,1.00,1.00
2014.10.24 08:06:32.848,6.57533,6.57678,1.00,1.00
2014.10.24 08:06:33.003,6.57533,6.57678,2.59,1.00
2014.10.24 08:06:33.207,6.57534,6.57678,1.00,1.00
2014.10.24 08:06:33.511,6.57534,6.57678,1.37,1.00
2014.10.24 08:06:33.816,6.57537,6.57678,1.00,1.00
2014.10.24 08:06:33.917,6.57537,6.57678,1.37,1.00
2014.10.24 08:06:34.220,6.57537,6.57678,2.54,1.00
2014.10.24 08:06:34.272,6.57537,6.57678,1.00,1.00
2014.10.24 08:06:34.423,6.57537,6.57678,1.37,1.00
2014.10.24 08:06:34.627,6.57537,6.57678,1.00,1.00
2014.10.24 08:06:34.968,6.57537,6.57678,1.37,1.00
2014.10.24 08:06:35.332,6.57537,6.57678,1.00,1.00
2014.10.24 08:06:35.537,6.57537,6.57678,1.37,1.00
2014.10.24 08:06:35.944,6.57537,6.57668,1.37,1.00
2014.10.24 08:06:36.047,6.57537,6.57668,1.00,1.00
2014.10.24 08:06:36.551,6.57537,6.57668,1.37,1.00
2014.10.24 08:06:36.865,6.57537,6.57668,1.37,1.00
2014.10.24 08:06:37.117,6.5753,6.57657,1.00,1.00
2014.10.24 08:06:37.736,6.57531,6.57658,1.00,1.00
2014.10.24 08:06:37.896,6.57531,6.57668,1.00,1.00
2014.10.24 08:06:41.088,6.57531,6.57658,1.00,1.00
2014.10.24 08:06:41.683,6.57531,6.57668,1.00,1.00
2014.10.24 08:06:45.317,6.57531,6.57658,1.00,1.00
2014.10.24 08:06:45.629,6.57528,6.57628,1.00,1.00
2014.10.24 08:06:45.832,6.57528,6.57638,1.00,1.00
2014.10.24 08:06:45.933,6.57528,6.57657,1.00,1.00
2014.10.24 08:06:46.207,6.57528,6.57668,1.00,1.00
2014.10.24 08:06:46.685,6.57532,6.57667,1.00,1.00
2014.10.24 08:06:46.795,6.57528,6.57667,1.00,1.00
2014.10.24 08:06:46.846,6.57528,6.57678,1.00,1.00
2014.10.24 08:06:47.356,6.57528,6.57687,1.00,1.00
2014.10.24 08:06:47.500,6.57528,6.57677,1.00,1.00
2014.10.24 08:06:47.714,6.57533,6.57688,1.00,1.00
2014.10.24 08:06:47.765,6.57535,6.57688,1.30,1.00
2014.10.24 08:06:48.135,6.57535,6.57678,1.30,1.00
2014.10.24 08:06:48.287,6.57521,6.57668,1.00,1.00
2014.10.24 08:06:48.338,6.57519,6.57668,1.00,1.00
2014.10.24 08:06:48.496,6.57519,6.57678,1.00,1.00
2014.10.24 08:06:48.665,6.57522,6.57678,1.00,1.00
2014.10.24 08:06:48.774,6.57514,6.57678,1.00,1.00
2014.10.24 08:06:49.536,6.57514,6.57647,1.00,1.00
2014.10.24 08:06:49.846,6.5752,6.57647,1.00,1.00
2014.10.24 08:06:49.898,6.57514,6.57647,1.00,1.00
2014.10.24 08:06:50.001,6.57533,6.57647,1.00,1.00
2014.10.24 08:06:52.625,6.57531,6.57647,1.00,1.00
2014.10.24 08:06:54.792,6.57531,6.57667,1.00,1.00
2014.10.24 08:06:55.013,6.57531,6.57641,1.00,1.00
2014.10.24 08:06:55.597,6.57538,6.57641,1.00,1.00
2014.10.24 08:06:55.750,6.57536,6.57641,1.00,1.00
2014.10.24 08:06:55.802,6.57543,6.57641,1.50,1.00
2014.10.24 08:06:56.157,6.57556,6.57641,1.00,1.00
2014.10.24 08:06:56.883,6.57556,6.57674,1.00,1.00
2014.10.24 08:06:56.992,6.57556,6.57702,1.00,1.00
2014.10.24 08:06:57.103,6.57556,6.57709,1.00,1.00
2014.10.24 08:06:57.772,6.57556,6.57687,1.00,1.00
2014.10.24 08:06:58.202,6.57556,6.57663,1.00,1.00
2014.10.24 08:06:58.374,6.57547,6.57663,1.00,1.00
2014.10.24 08:06:58.425,6.57547,6.57651,1.00,1.30
2014.10.24 08:06:58.526,6.57547,6.57669,1.00,1.00
2014.10.24 08:06:58.577,6.57543,6.57669,1.50,1.00
2014.10.24 08:06:58.983,6.57543,6.57639,1.50,1.00
2014.10.24 08:06:59.320,6.57552,6.57639,1.50,1.00
2014.10.24 08:06:59.574,6.57572,6.5766,1.50,1.00
2014.10.24 08:07:00.087,6.57572,6.57679,1.50,1.00
2014.10.24 08:07:00.192,6.57572,6.57702,2.25,1.00
2014.10.24 08:07:00.295,6.57572,6.57681,2.25,1.00
2014.10.24 08:07:01.965,6.57564,6.57681,1.30,1.00
2014.10.24 08:07:02.705,6.57563,6.57681,1.50,1.00
2014.10.24 08:07:11.326,6.57566,6.57681,1.00,1.00
2014.10.24 08:07:13.966,6.57572,6.57681,1.50,1.00
2014.10.24 08:07:14.613,6.57582,6.57681,1.50,1.00
2014.10.24 08:07:14.956,6.57542,6.57681,1.30,1.00
2014.10.24 08:07:15.058,6.57521,6.57654,1.30,1.00
2014.10.24 08:07:15.363,6.57582,6.57667,1.50,1.00
2014.10.24 08:07:17.425,6.57582,6.57657,1.50,1.00
2014.10.24 08:07:18.205,6.57582,6.57658,1.50,1.00
2014.10.24 08:07:18.697,6.57584,6.57658,1.00,1.00
2014.10.24 08:07:18.748,6.57584,6.57667,1.00,1.00
2014.10.24 08:07:18.915,6.57582,6.57667,1.50,1.00
2014.10.24 08:07:19.255,6.57582,6.57658,1.50,1.00
2014.10.24 08:07:21.286,6.57582,6.57667,1.50,1.00
2014.10.24 08:07:21.344,6.57582,6.57658,1.50,1.00
2014.10.24 08:07:21.674,6.57584,6.57658,1.00,1.00
2014.10.24 08:07:22.825,6.57584,6.57667,1.00,1.50
2014.10.24 08:07:22.878,6.57592,6.57667,1.50,1.50
2014.10.24 08:07:23.742,6.57592,6.57688,1.50,1.00
2014.10.24 08:07:23.793,6.57594,6.57688,1.00,1.00
2014.10.24 08:07:24.142,6.57602,6.57668,1.50,1.00
2014.10.24 08:07:24.277,6.57584,6.57668,1.00,1.00
2014.10.24 08:07:24.749,6.57592,6.57668,1.50,1.00
2014.10.24 08:07:26.740,6.57592,6.57688,1.50,1.00
2014.10.24 08:07:29.560,6.57612,6.57688,1.50,1.00
2014.10.24 08:07:29.611,6.57612,6.57708,1.50,1.00
2014.10.24 08:07:29.712,6.57616,6.57708,1.00,1.00
2014.10.24 08:07:30.926,6.57622,6.57708,1.50,1.00
2014.10.24 08:07:31.027,6.57622,6.57718,1.50,1.00
2014.10.24 08:07:31.246,6.57625,6.57718,1.00,1.00
2014.10.24 08:07:34.138,6.57625,6.57722,1.00,1.00
2014.10.24 08:07:42.786,6.57635,6.57722,1.00,1.00
2014.10.24 08:07:47.435,6.57632,6.57722,1.50,1.00
2014.10.24 08:07:47.537,6.57632,6.57698,1.50,1.00
2014.10.24 08:07:47.638,6.57571,6.57698,1.25,1.00
2014.10.24 08:07:47.739,6.57558,6.57698,1.00,1.00
2014.10.24 08:07:47.790,6.57555,6.57698,1.00,1.00
2014.10.24 08:07:47.841,6.57551,6.57698,1.00,1.00
2014.10.24 08:07:47.892,6.57546,6.57708,1.00,1.00
2014.10.24 08:07:47.943,6.57546,6.57701,1.00,1.00
2014.10.24 08:07:47.994,6.57536,6.57701,1.00,1.00
2014.10.24 08:07:48.063,6.57529,6.57701,1.00,1.00
2014.10.24 08:07:48.295,6.57531,6.57701,1.00,1.00
2014.10.24 08:07:48.605,6.5753,6.57701,1.00,1.19
2014.10.24 08:07:48.947,6.5753,6.57686,1.00,1.00
2014.10.24 08:07:49.100,6.57507,6.57666,1.00,1.00
2014.10.24 08:07:49.303,6.575,6.57666,1.00,1.00
2014.10.24 08:07:49.557,6.575,6.57666,1.00,1.19
2014.10.24 08:07:49.865,6.57507,6.57665,1.00,1.19
2014.10.24 08:07:50.067,6.57501,6.57665,1.00,1.19
2014.10.24 08:07:50.169,6.57509,6.57665,1.00,1.19
2014.10.24 08:07:50.501,6.57509,6.57646,1.00,1.00
2014.10.24 08:07:50.835,6.57516,6.57626,1.00,1.00
2014.10.24 08:07:51.075,6.57481,6.57626,1.00,1.00
2014.10.24 08:07:51.234,6.57453,6.57626,1.94,1.00
2014.10.24 08:07:51.504,6.57471,6.57626,1.00,1.00
2014.10.24 08:07:51.789,6.57463,6.57626,1.90,1.00
2014.10.24 08:07:52.414,6.57463,6.57626,2.09,1.00
2014.10.24 08:07:54.384,6.57463,6.57626,1.90,1.00
2014.10.24 08:07:54.543,6.5754,6.57626,3.00,1.00
2014.10.24 08:07:54.847,6.57622,6.57678,1.50,1.30
2014.10.24 08:07:54.898,6.57622,6.57698,1.50,1.00
2014.10.24 08:07:54.999,6.57622,6.57708,1.50,1.00
2014.10.24 08:07:55.353,6.57622,6.57743,1.50,2.25
2014.10.24 08:07:55.455,6.57554,6.57741,1.00,1.00
2014.10.24 08:07:55.506,6.57548,6.57737,1.00,1.19
2014.10.24 08:07:55.810,6.57522,6.57639,1.90,1.00
2014.10.24 08:07:56.063,6.57506,6.57654,1.19,1.00
2014.10.24 08:07:56.215,6.57506,6.5765,1.19,1.00
2014.10.24 08:07:56.552,6.57506,6.5763,1.19,1.00
2014.10.24 08:07:56.825,6.57489,6.5763,1.94,1.00
2014.10.24 08:07:56.928,6.575,6.5763,1.00,1.00
2014.10.24 08:07:57.080,6.57495,6.5763,1.00,1.00
2014.10.24 08:07:57.833,6.57483,6.5763,1.94,1.00
2014.10.24 08:07:58.587,6.57455,6.5763,1.19,1.00
2014.10.24 08:07:58.638,6.57471,6.5763,1.00,1.00
2014.10.24 08:07:59.154,6.57459,6.5763,1.69,1.00
2014.10.24 08:07:59.415,6.57457,6.5762,1.19,1.00
2014.10.24 08:07:59.767,6.57451,6.57607,1.19,1.00
2014.10.24 08:08:00.078,6.57451,6.57599,1.19,1.00
2014.10.24 08:08:00.457,6.57441,6.57599,1.30,1.00
2014.10.24 08:08:00.610,6.57441,6.57592,1.30,1.00
2014.10.24 08:08:00.913,6.57429,6.57564,1.00,1.00
2014.10.24 08:08:00.964,6.57414,6.57564,1.00,1.00
2014.10.24 08:08:01.076,6.57406,6.57564,1.00,1.00
2014.10.24 08:08:01.412,6.5738,6.57564,1.00,1.00
2014.10.24 08:08:01.513,6.57381,6.57544,1.00,1.00
2014.10.24 08:08:01.844,6.57381,6.57547,1.00,1.19
2014.10.24 08:08:02.352,6.57382,6.57547,1.00,1.19
2014.10.24 08:08:03.003,6.57382,6.5753,1.00,1.00
2014.10.24 08:08:04.434,6.57382,6.57543,1.00,1.19
2014.10.24 08:08:05.712,6.57382,6.57543,1.00,1.00
2014.10.24 08:08:07.737,6.57382,6.57543,1.00,1.19
2014.10.24 08:08:09.726,6.57382,6.57543,1.00,1.00
2014.10.24 08:08:09.887,6.57422,6.57543,1.50,1.00
2014.10.24 08:08:10.090,6.57422,6.57558,1.50,1.00
2014.10.24 08:08:14.683,6.57423,6.57558,1.00,1.00
2014.10.24 08:08:14.833,6.5743,6.57558,1.00,1.00
2014.10.24 08:08:15.434,6.57429,6.57558,1.00,1.00
2014.10.24 08:08:16.845,6.5743,6.57558,1.00,1.00
2014.10.24 08:08:17.168,6.57445,6.57558,1.00,1.00
2014.10.24 08:08:17.219,6.57435,6.57577,1.00,1.00
2014.10.24 08:08:17.353,6.57435,6.57567,1.00,1.00
2014.10.24 08:08:17.657,6.57446,6.57563,1.00,1.00
2014.10.24 08:08:18.896,6.57449,6.57563,1.00,1.00
2014.10.24 08:08:19.233,6.57465,6.57563,1.00,1.00
2014.10.24 08:08:19.765,6.57469,6.57563,1.00,1.00
2014.10.24 08:08:24.690,6.57469,6.57583,1.00,1.00
2014.10.24 08:08:24.792,6.57469,6.5762,1.00,1.00
2014.10.24 08:08:25.147,6.57469,6.57585,1.00,1.00
2014.10.24 08:08:25.232,6.57469,6.57619,1.00,1.00
2014.10.24 08:08:25.384,6.57469,6.57596,1.00,1.00
2014.10.24 08:08:27.773,6.57467,6.57596,1.00,1.00
2014.10.24 08:08:28.433,6.57471,6.57596,1.00,1.00
2014.10.24 08:08:30.005,6.57462,6.57576,1.00,1.00
2014.10.24 08:08:30.319,6.57456,6.57576,1.00,1.00
2014.10.24 08:08:31.544,6.57453,6.57558,1.00,1.00
2014.10.24 08:08:32.284,6.57458,6.57558,1.00,1.00
2014.10.24 08:08:32.636,6.57464,6.57558,1.00,1.00
2014.10.24 08:08:32.943,6.57466,6.57558,1.00,1.00
2014.10.24 08:08:33.256,6.57476,6.57558,1.00,1.00
2014.10.24 08:08:33.306,6.57476,6.57578,1.00,1.00
2014.10.24 08:08:34.703,6.57477,6.57578,1.00,1.00
2014.10.24 08:08:53.073,6.57478,6.57578,1.00,1.00
2014.10.24 08:08:53.732,6.57475,6.57578,1.00,1.00
2014.10.24 08:08:55.752,6.57473,6.57578,1.00,1.00
2014.10.24 08:09:00.589,6.57461,6.57578,1.00,1.00
2014.10.24 08:09:02.095,6.57448,6.57578,1.00,1.00
2014.10.24 08:09:02.196,6.57448,6.5756,1.00,1.00
2014.10.24 08:09:02.645,6.57444,6.5756,1.00,1.00
2014.10.24 08:09:02.899,6.57455,6.5756,1.00,1.00
2014.10.24 08:09:03.200,6.57462,6.5756,1.00,1.00
2014.10.24 08:09:03.522,6.57469,6.5756,1.00,1.00
2014.10.24 08:09:04.952,6.57466,6.5756,1.00,1.00
2014.10.24 08:09:05.172,6.57464,6.5756,1.00,1.00
2014.10.24 08:09:08.362,6.57466,6.5756,1.00,1.00
2014.10.24 08:09:10.261,6.57465,6.57583,1.00,1.00
2014.10.24 08:09:10.362,6.57487,6.57627,1.00,1.00
2014.10.24 08:09:10.413,6.57487,6.57618,1.00,1.00
2014.10.24 08:09:10.464,6.57473,6.57618,1.30,1.00
2014.10.24 08:09:10.515,6.57473,6.57608,1.30,1.00
2014.10.24 08:09:10.819,6.57476,6.57599,1.00,1.00
2014.10.24 08:09:11.241,6.57476,6.5758,1.00,1.00
2014.10.24 08:09:11.704,6.57459,6.5758,1.00,1.00
2014.10.24 08:09:11.805,6.57455,6.5758,1.00,1.00
2014.10.24 08:09:12.128,6.57446,6.57562,1.72,1.00
2014.10.24 08:09:12.230,6.57444,6.57562,1.00,1.00
2014.10.24 08:09:12.333,6.57437,6.57568,1.00,1.00
2014.10.24 08:09:12.384,6.57422,6.57568,1.50,1.00
2014.10.24 08:09:12.435,6.5742,6.57568,1.30,1.00
2014.10.24 08:09:12.739,6.57409,6.57568,1.00,1.00
2014.10.24 08:09:12.790,6.57409,6.57565,1.00,1.00
2014.10.24 08:09:12.891,6.57407,6.57565,1.00,1.00
2014.10.24 08:09:13.631,6.57407,6.57545,1.00,1.00
2014.10.24 08:09:13.963,6.57405,6.57542,1.00,1.00
2014.10.24 08:09:14.440,6.57405,6.57514,1.00,1.00
2014.10.24 08:09:14.885,6.57417,6.57533,1.00,1.00
2014.10.24 08:09:14.986,6.57391,6.57533,1.00,1.00
2014.10.24 08:09:15.037,6.5736,6.57533,1.69,1.00
2014.10.24 08:09:15.088,6.5736,6.57528,1.69,1.00
2014.10.24 08:09:15.391,6.57377,6.57523,1.00,1.00
2014.10.24 08:09:15.849,6.57377,6.57498,1.00,1.00
2014.10.24 08:09:16.163,6.57388,6.57498,1.00,1.00
2014.10.24 08:09:16.802,6.57377,6.57498,1.00,1.00
2014.10.24 08:09:19.174,6.57395,6.57498,1.00,1.00
2014.10.24 08:09:19.281,6.57395,6.57518,1.00,1.00
2014.10.24 08:09:19.332,6.57412,6.57518,1.00,1.00
2014.10.24 08:09:21.568,6.57412,6.57544,1.00,1.30
2014.10.24 08:09:21.619,6.57424,6.57544,1.00,1.30
2014.10.24 08:09:21.991,6.57424,6.5754,1.00,1.00
2014.10.24 08:09:22.396,6.57412,6.5754,1.00,1.00
2014.10.24 08:09:23.006,6.57412,6.57523,1.00,1.00
2014.10.24 08:09:24.521,6.57412,6.57565,1.00,1.30
2014.10.24 08:09:33.204,6.57412,6.57565,1.00,1.49
2014.10.24 08:09:33.742,6.57401,6.57565,1.00,1.49
2014.10.24 08:09:35.235,6.57408,6.57566,1.72,1.19
2014.10.24 08:09:35.564,6.57419,6.57581,1.00,1.19
2014.10.24 08:09:35.615,6.57425,6.57591,1.00,1.30
2014.10.24 08:09:45.711,6.57436,6.57591,1.00,1.30
2014.10.24 08:09:47.001,6.57425,6.57591,1.50,1.30
2014.10.24 08:09:47.103,6.57428,6.57591,1.00,1.30
2014.10.24 08:09:49.850,6.57431,6.57591,1.00,1.30
2014.10.24 08:09:49.901,6.57431,6.57595,1.00,1.00
2014.10.24 08:09:49.952,6.57442,6.57595,1.00,1.00
2014.10.24 08:09:50.055,6.57456,6.5761,1.00,1.30
2014.10.24 08:09:54.613,6.57456,6.5759,1.00,1.30
2014.10.24 08:09:54.714,6.57442,6.5759,1.00,1.72
2014.10.24 08:09:55.018,6.57437,6.5759,1.00,1.72
2014.10.24 08:10:00.689,6.57422,6.5759,1.00,2.47
2014.10.24 08:10:01.051,6.57422,6.57565,1.00,1.00
2014.10.24 08:10:01.306,6.57408,6.5756,1.30,1.00
2014.10.24 08:10:01.459,6.57387,6.5756,1.30,1.00
2014.10.24 08:10:01.611,6.5739,6.5756,1.00,1.00
2014.10.24 08:10:01.953,6.5739,6.57548,1.00,1.75
2014.10.24 08:10:02.054,6.57387,6.57548,1.30,1.75
2014.10.24 08:10:02.308,6.57387,6.57548,1.30,1.19
2014.10.24 08:10:02.409,6.57387,6.5752,1.30,1.00
2014.10.24 08:10:02.617,6.57387,6.57531,1.30,1.00
2014.10.24 08:10:02.820,6.57387,6.57538,1.30,1.00
2014.10.24 08:10:02.871,6.57387,6.5755,1.30,1.19
2014.10.24 08:10:03.384,6.57388,6.57544,1.00,1.19
2014.10.24 08:10:04.310,6.57387,6.57544,1.30,1.19
2014.10.24 08:10:04.853,6.57408,6.57544,1.30,1.19
2014.10.24 08:10:05.336,6.57408,6.57563,1.30,1.00
2014.10.24 08:10:05.387,6.57408,6.57568,1.30,1.37
2014.10.24 08:10:06.097,6.57408,6.57568,1.30,1.00
2014.10.24 08:10:07.057,6.57419,6.57568,1.00,1.00
2014.10.24 08:10:07.362,6.57472,6.57646,1.50,2.29
2014.10.24 08:10:07.573,6.57478,6.57646,1.00,2.29
2014.10.24 08:10:07.878,6.57482,6.57623,1.50,1.35
2014.10.24 08:10:08.452,6.57494,6.57623,1.00,1.35
2014.10.24 08:10:12.835,6.57494,6.57631,1.00,1.00
2014.10.24 08:10:15.052,6.57482,6.57631,1.50,1.00
2014.10.24 08:10:28.983,6.57482,6.57628,1.50,1.00
2014.10.24 08:10:29.084,6.5748,6.57628,1.30,1.00
2014.10.24 08:10:29.288,6.57459,6.57627,1.30,1.50
2014.10.24 08:10:29.338,6.57459,6.57625,1.30,1.19
2014.10.24 08:10:29.592,6.57442,6.57598,1.00,1.00
2014.10.24 08:10:29.643,6.57437,6.57598,1.72,1.00
2014.10.24 08:10:29.795,6.57437,6.57607,1.72,1.00
2014.10.24 08:10:31.214,6.57437,6.57597,1.72,1.00
2014.10.24 08:10:32.452,6.57437,6.57588,1.30,1.00
2014.10.24 08:10:33.503,6.57437,6.57598,1.30,1.00
2014.10.24 08:10:33.554,6.57437,6.57598,1.30,1.19
2014.10.24 08:10:34.553,6.57437,6.57587,1.30,1.00
2014.10.24 08:10:34.705,6.57431,6.57587,1.00,1.00
2014.10.24 08:10:34.756,6.57431,6.57558,1.00,1.19
2014.10.24 08:10:34.858,6.5741,6.57558,1.00,1.19
2014.10.24 08:10:34.959,6.57389,6.57558,1.72,1.19
2014.10.24 08:10:35.111,6.57389,6.57548,1.72,1.00
2014.10.24 08:10:35.413,6.57389,6.57558,1.72,1.19
2014.10.24 08:10:37.030,6.57389,6.57552,1.72,1.00
2014.10.24 08:10:39.037,6.57389,6.57552,1.72,1.19
2014.10.24 08:10:41.043,6.57389,6.57552,1.72,1.00
2014.10.24 08:10:41.311,6.57392,6.57552,1.00,1.00
2014.10.24 08:10:42.522,6.57389,6.57552,1.30,1.00
2014.10.24 08:10:43.403,6.57389,6.57551,1.30,1.00
2014.10.24 08:10:52.236,6.57395,6.57551,1.00,1.00
2014.10.24 08:10:53.086,6.57395,6.57547,1.00,1.00
2014.10.24 08:10:53.411,6.57395,6.57544,1.00,1.00
2014.10.24 08:10:53.861,6.57389,6.57544,1.30,1.00
2014.10.24 08:10:55.278,6.57376,6.57544,1.00,1.00
2014.10.24 08:10:59.123,6.57379,6.57544,1.00,1.00
2014.10.24 08:11:00.703,6.57379,6.57541,1.00,1.00
2014.10.24 08:11:01.007,6.57376,6.5755,1.00,1.19
2014.10.24 08:11:01.312,6.57398,6.5755,1.30,1.00
2014.10.24 08:11:01.542,6.57398,6.57567,1.30,1.19
2014.10.24 08:11:03.276,6.57398,6.57567,1.30,1.00
2014.10.24 08:11:03.430,6.57399,6.57569,1.00,1.05
2014.10.24 08:11:05.402,6.57398,6.57569,1.30,1.05
2014.10.24 08:11:05.535,6.57398,6.57571,1.30,1.79
2014.10.24 08:11:05.988,6.57398,6.57551,1.30,1.00
2014.10.24 08:11:06.039,6.57395,6.57551,1.00,1.00
2014.10.24 08:11:06.091,6.57393,6.57544,1.00,1.00
2014.10.24 08:11:06.142,6.57382,6.57544,1.50,1.00
2014.10.24 08:11:06.193,6.57377,6.57536,1.50,1.00
2014.10.24 08:11:06.494,6.57377,6.5753,1.00,1.00
2014.10.24 08:11:07.443,6.57377,6.5753,1.00,1.19
2014.10.24 08:11:09.264,6.57374,6.5753,1.30,1.19
2014.10.24 08:11:11.102,6.57374,6.5753,1.30,1.19
2014.10.24 08:11:13.066,6.57374,6.57529,1.30,1.19
2014.10.24 08:11:14.993,6.57359,6.57511,1.00,1.00
2014.10.24 08:11:15.095,6.57359,6.57469,1.00,1.00
2014.10.24 08:11:15.196,6.57352,6.57469,1.30,1.00
2014.10.24 08:11:15.348,6.57352,6.57465,1.30,1.00
2014.10.24 08:11:15.657,6.57352,6.57462,1.30,1.00
2014.10.24 08:11:16.017,6.57332,6.57462,1.30,1.00
2014.10.24 08:11:16.068,6.5733,6.57462,1.30,1.00
2014.10.24 08:11:17.138,6.5733,6.57475,1.30,1.00
2014.10.24 08:11:17.802,6.5733,6.57476,1.30,1.00
2014.10.24 08:11:17.924,6.5733,6.57478,1.30,1.00
2014.10.24 08:11:18.077,6.5733,6.5748,1.30,1.00
2014.10.24 08:11:18.271,6.5733,6.57465,1.30,1.00
2014.10.24 08:11:18.601,6.5733,6.57467,1.30,1.00
2014.10.24 08:11:18.920,6.5733,6.57464,1.30,1.00
2014.10.24 08:11:21.044,6.5733,6.57467,1.30,1.00
2014.10.24 08:11:21.146,6.5733,6.57457,1.30,1.00
2014.10.24 08:11:21.196,6.57311,6.57457,1.30,1.00
2014.10.24 08:11:21.247,6.57311,6.57449,1.30,1.00
2014.10.24 08:11:22.011,6.57311,6.57443,1.30,1.00
2014.10.24 08:11:22.315,6.57289,6.57417,1.30,1.00
2014.10.24 08:11:22.619,6.57289,6.57408,1.30,1.00
2014.10.24 08:11:23.029,6.57289,6.57405,1.30,1.00
2014.10.24 08:11:23.332,6.57289,6.57407,1.30,1.00
2014.10.24 08:11:23.792,6.57289,6.57399,1.30,1.00
2014.10.24 08:11:24.106,6.57289,6.57404,1.30,1.00
2014.10.24 08:11:24.320,6.57289,6.57395,1.30,1.00
2014.10.24 08:11:24.531,6.5726,6.57388,1.30,1.00
2014.10.24 08:11:24.872,6.5726,6.57378,1.30,1.00
2014.10.24 08:11:25.125,6.57243,6.57378,1.00,1.00
2014.10.24 08:11:25.328,6.57235,6.57378,1.30,1.00
2014.10.24 08:11:25.686,6.57235,6.57373,1.30,1.00
2014.10.24 08:11:25.968,6.57214,6.57358,1.30,1.00
2014.10.24 08:11:26.120,6.57209,6.57352,1.00,1.00
2014.10.24 08:11:26.171,6.57191,6.57352,1.30,1.00
2014.10.24 08:11:26.222,6.57191,6.57349,1.30,1.00
2014.10.24 08:11:26.781,6.57198,6.57351,1.00,1.00
2014.10.24 08:11:27.245,6.57202,6.57351,1.30,1.00
2014.10.24 08:11:27.662,6.57202,6.57357,1.30,1.00
2014.10.24 08:11:28.610,6.57202,6.57359,1.30,1.50
2014.10.24 08:11:28.826,6.57212,6.57359,1.00,1.50
2014.10.24 08:11:30.636,6.57212,6.57345,1.00,1.00
2014.10.24 08:11:30.839,6.57219,6.57353,1.30,1.00
2014.10.24 08:11:31.142,6.57219,6.5735,1.30,1.00
2014.10.24 08:11:32.053,6.57219,6.57345,1.30,1.00
2014.10.24 08:11:32.356,6.572,6.57335,1.19,1.00
2014.10.24 08:11:33.011,6.572,6.5734,1.19,1.00
2014.10.24 08:11:33.113,6.572,6.5734,1.00,1.00
2014.10.24 08:11:33.164,6.57234,6.57386,1.30,1.00
2014.10.24 08:11:33.265,6.57234,6.57388,1.30,1.00
2014.10.24 08:11:33.366,6.57234,6.57395,1.30,1.19
2014.10.24 08:11:33.418,6.57238,6.57395,1.00,1.19
2014.10.24 08:11:33.519,6.57234,6.57398,1.30,1.19
2014.10.24 08:11:33.722,6.57234,6.57383,1.30,1.00
2014.10.24 08:11:33.823,6.57234,6.57387,1.30,1.00
2014.10.24 08:11:34.085,6.57239,6.57388,1.00,1.00
2014.10.24 08:11:34.237,6.57239,6.5739,1.00,1.00
2014.10.24 08:11:34.339,6.57239,6.57405,1.00,1.00
2014.10.24 08:11:34.491,6.57268,6.57411,1.30,1.00
2014.10.24 08:11:34.802,6.57268,6.57403,1.30,1.00
2014.10.24 08:11:34.903,6.57251,6.57401,1.19,1.00
2014.10.24 08:11:35.308,6.57239,6.57401,1.30,1.00
2014.10.24 08:11:35.359,6.57251,6.57401,1.00,1.00
2014.10.24 08:11:35.564,6.57239,6.57404,1.30,1.00
2014.10.24 08:11:35.722,6.57256,6.57404,1.00,1.00
2014.10.24 08:11:35.874,6.57268,6.57432,1.00,1.00
2014.10.24 08:11:35.975,6.57268,6.57412,1.00,1.00
2014.10.24 08:11:36.178,6.57293,6.57451,1.00,1.00
2014.10.24 08:11:36.229,6.57293,6.57439,1.00,1.00
2014.10.24 08:11:36.281,6.57278,6.57439,1.00,1.00
2014.10.24 08:11:36.332,6.57278,6.57437,1.00,1.00
2014.10.24 08:11:36.383,6.57263,6.57437,1.00,1.00
2014.10.24 08:11:36.434,6.57265,6.57437,1.00,1.00
2014.10.24 08:11:36.751,6.57277,6.57437,1.00,1.50
2014.10.24 08:11:37.263,6.57289,6.57437,1.00,1.50
2014.10.24 08:11:37.415,6.57289,6.57453,1.00,1.19
2014.10.24 08:11:38.397,6.57289,6.57457,1.00,1.00
2014.10.24 08:11:38.730,6.57289,6.57459,1.00,1.00
2014.10.24 08:11:38.882,6.57289,6.57461,1.00,1.00
2014.10.24 08:11:40.380,6.57289,6.5746,1.00,1.00
2014.10.24 08:11:41.002,6.57289,6.57457,1.00,1.00
2014.10.24 08:11:41.198,6.57289,6.5746,1.00,1.00
2014.10.24 08:11:41.905,6.57289,6.57458,1.00,1.00
2014.10.24 08:11:43.574,6.57289,6.57457,1.00,1.00
2014.10.24 08:11:43.878,6.57289,6.57445,1.00,1.00
2014.10.24 08:11:44.158,6.57289,6.57448,1.00,1.00
2014.10.24 08:11:44.261,6.57289,6.57452,1.00,1.00
2014.10.24 08:11:44.451,6.57289,6.5745,1.00,1.00
2014.10.24 08:11:44.912,6.57289,6.57444,1.00,1.00
2014.10.24 08:11:45.013,6.57289,6.57452,1.00,1.00
2014.10.24 08:11:45.220,6.57289,6.5745,1.00,1.00
2014.10.24 08:11:45.695,6.57289,6.57446,1.00,1.00
2014.10.24 08:11:45.772,6.57289,6.57451,1.00,1.00
2014.10.24 08:11:46.019,6.57303,6.57451,1.00,1.00
2014.10.24 08:11:46.324,6.57303,6.57446,1.00,1.00
2014.10.24 08:11:46.716,6.57288,6.57446,1.00,1.00
2014.10.24 08:11:46.919,6.57288,6.57418,1.00,1.00
2014.10.24 08:11:47.071,6.57251,6.57414,1.30,1.00
2014.10.24 08:11:47.123,6.57251,6.574,1.30,1.00
2014.10.24 08:11:47.326,6.57251,6.57405,1.30,1.00
2014.10.24 08:11:47.428,6.57251,6.57414,1.30,1.00
2014.10.24 08:11:47.631,6.57255,6.57415,1.00,1.00
2014.10.24 08:11:47.959,6.57255,6.57412,1.00,1.00
2014.10.24 08:11:48.307,6.57256,6.57407,1.00,1.00
2014.10.24 08:11:48.459,6.57256,6.57409,1.00,1.00
2014.10.24 08:11:49.197,6.57256,6.57411,1.00,1.00
2014.10.24 08:11:49.248,6.57256,6.57411,1.19,1.00
2014.10.24 08:11:49.552,6.57292,6.57436,1.30,1.00
2014.10.24 08:11:49.857,6.57297,6.57435,1.00,1.00
2014.10.24 08:11:50.086,6.57292,6.57435,1.30,1.00
2014.10.24 08:11:50.391,6.57292,6.57433,1.30,1.00
2014.10.24 08:11:50.611,6.57292,6.57435,1.30,1.00
2014.10.24 08:11:51.050,6.57292,6.57437,1.30,1.00
2014.10.24 08:11:51.295,6.57292,6.57434,1.30,1.00
2014.10.24 08:11:51.599,6.57292,6.57422,1.30,1.00
2014.10.24 08:11:51.903,6.57262,6.57378,1.00,1.00
2014.10.24 08:11:51.954,6.57257,6.57388,1.30,1.00
2014.10.24 08:11:52.409,6.57257,6.57421,1.30,1.00
2014.10.24 08:11:52.460,6.57297,6.57421,1.30,1.00
2014.10.24 08:11:52.512,6.57297,6.57439,1.30,1.00
2014.10.24 08:11:52.664,6.57297,6.57442,1.30,1.00
2014.10.24 08:11:52.765,6.57297,6.57446,1.30,1.00
2014.10.24 08:11:53.156,6.57297,6.57444,1.30,1.00
2014.10.24 08:11:54.002,6.57297,6.5744,1.30,1.00
2014.10.24 08:11:54.324,6.57277,6.5742,1.30,1.00
2014.10.24 08:11:54.375,6.5727,6.5742,1.30,1.00
2014.10.24 08:11:54.736,6.5727,6.57399,1.30,1.00
2014.10.24 08:11:55.040,6.5727,6.57395,1.30,1.00
2014.10.24 08:11:55.244,6.5727,6.57399,1.30,1.00
2014.10.24 08:11:57.091,6.5727,6.57419,1.30,1.00
2014.10.24 08:11:57.141,6.57301,6.5743,1.30,1.00
2014.10.24 08:11:57.652,6.57301,6.57429,1.30,1.00
2014.10.24 08:11:57.703,6.57301,6.57453,1.30,1.50
2014.10.24 08:11:57.956,6.57327,6.57453,1.30,1.00
2014.10.24 08:12:01.995,6.57327,6.57468,1.30,1.00
2014.10.24 08:12:03.262,6.5735,6.57474,1.30,1.50
2014.10.24 08:12:03.515,6.5735,6.57479,1.30,1.00
2014.10.24 08:12:04.107,6.5735,6.57494,1.30,1.00
2014.10.24 08:12:04.175,6.5735,6.57496,1.30,1.00
2014.10.24 08:12:05.498,6.5735,6.57488,1.30,1.00
2014.10.24 08:12:05.803,6.5735,6.57482,1.30,1.00
2014.10.24 08:12:10.542,6.5735,6.57493,1.30,1.00
2014.10.24 08:12:11.616,6.57352,6.57493,1.50,1.00
2014.10.24 08:12:15.883,6.57362,6.57493,1.50,1.00
2014.10.24 08:12:15.934,6.57362,6.57502,1.50,1.00
2014.10.24 08:12:15.985,6.57378,6.57502,1.30,1.00
2014.10.24 08:12:16.036,6.57378,6.57508,1.30,1.00
2014.10.24 08:12:16.392,6.57402,6.57523,1.30,1.00
2014.10.24 08:12:16.494,6.57402,6.57539,1.30,1.19
2014.10.24 08:12:17.059,6.57402,6.57539,1.30,1.00
2014.10.24 08:12:18.461,6.57402,6.5753,1.30,1.00
2014.10.24 08:12:18.784,6.57381,6.57517,1.30,1.00
2014.10.24 08:12:18.835,6.57379,6.57517,1.00,1.00
2014.10.24 08:12:18.995,6.57378,6.5751,1.30,1.00
2014.10.24 08:12:19.300,6.57383,6.5751,1.50,1.00
2014.10.24 08:12:19.423,6.57378,6.5751,1.30,1.00
2014.10.24 08:12:19.474,6.57378,6.57489,1.30,1.00
2014.10.24 08:12:19.575,6.57359,6.57489,1.00,1.00
2014.10.24 08:12:19.879,6.57348,6.57489,1.30,1.50
2014.10.24 08:12:23.734,6.57348,6.57485,1.30,1.00
2014.10.24 08:12:24.072,6.57348,6.57479,1.30,1.00
2014.10.24 08:12:24.432,6.57348,6.57468,1.30,1.00
2014.10.24 08:12:24.733,6.57348,6.57477,1.30,1.00
2014.10.24 08:12:25.180,6.57348,6.57467,1.30,1.00
2014.10.24 08:12:25.383,6.57328,6.57454,1.30,1.00
2014.10.24 08:12:25.434,6.57325,6.57454,1.30,1.00
2014.10.24 08:12:25.637,6.57325,6.57433,1.30,1.00
2014.10.24 08:12:25.688,6.57304,6.57433,1.30,1.00
2014.10.24 08:12:25.739,6.57301,6.57433,1.30,1.00
2014.10.24 08:12:29.004,6.57301,6.57423,1.30,1.00
2014.10.24 08:12:29.322,6.57282,6.57418,1.50,1.00
2014.10.24 08:12:29.923,6.57282,6.57433,1.50,1.00
2014.10.24 08:12:30.026,6.57295,6.57433,1.30,1.00
2014.10.24 08:12:30.371,6.57295,6.57417,1.30,1.50
2014.10.24 08:12:30.675,6.57295,6.57413,1.30,1.50
2014.10.24 08:12:30.777,6.57295,6.57425,1.30,1.00
2014.10.24 08:12:30.878,6.57295,6.57416,1.30,1.00
2014.10.24 08:12:34.135,6.57268,6.57416,1.30,1.00
2014.10.24 08:12:34.186,6.57268,6.57405,1.30,1.00
2014.10.24 08:12:34.389,6.57257,6.57401,1.00,1.00
2014.10.24 08:12:34.440,6.57257,6.5739,1.00,1.00
2014.10.24 08:12:34.644,6.57241,6.57385,1.30,1.00
2014.10.24 08:12:34.847,6.57241,6.57369,1.30,1.00
2014.10.24 08:12:35.190,6.57241,6.57364,1.30,1.00
2014.10.24 08:12:35.626,6.57241,6.5737,1.30,1.00
2014.10.24 08:12:37.444,6.57242,6.57389,1.50,1.19
2014.10.24 08:12:37.495,6.57264,6.57389,1.30,1.19
2014.10.24 08:12:38.461,6.57264,6.57401,1.30,1.00
2014.10.24 08:12:39.183,6.57264,6.57401,1.30,1.19
2014.10.24 08:12:39.502,6.57264,6.5739,1.30,1.00
2014.10.24 08:12:39.553,6.57264,6.57394,1.30,1.00
2014.10.24 08:12:39.620,6.57264,6.574,1.30,1.69
2014.10.24 08:12:41.273,6.57264,6.574,1.30,1.50
2014.10.24 08:12:51.800,6.57264,6.5737,1.30,1.08
2014.10.24 08:12:52.054,6.57252,6.57387,1.50,1.00
2014.10.24 08:12:52.105,6.57252,6.57405,1.50,1.00
2014.10.24 08:12:52.206,6.57231,6.57384,1.72,1.00
2014.10.24 08:12:52.409,6.57231,6.57388,1.72,1.00
2014.10.24 08:12:53.216,6.57224,6.57388,1.30,1.50
2014.10.24 08:12:55.219,6.57231,6.57388,1.00,1.00
2014.10.24 08:12:55.524,6.57272,6.57412,1.30,1.00
2014.10.24 08:12:57.990,6.57272,6.57407,1.30,1.00
2014.10.24 08:12:58.143,6.57246,6.57397,1.30,1.00
2014.10.24 08:12:58.397,6.57246,6.57386,1.30,1.00
2014.10.24 08:12:58.925,6.57246,6.57375,1.30,1.00
2014.10.24 08:13:00.880,6.57246,6.57343,1.30,1.00
2014.10.24 08:13:00.981,6.57222,6.57334,1.30,1.00
2014.10.24 08:13:01.082,6.57199,6.57326,1.00,1.00
2014.10.24 08:13:01.234,6.57193,6.57326,1.30,1.00
2014.10.24 08:13:01.742,6.57213,6.57336,1.30,1.00
2014.10.24 08:13:01.844,6.57213,6.57347,1.30,1.19
2014.10.24 08:13:02.059,6.57213,6.57335,1.30,1.00
2014.10.24 08:13:02.363,6.57193,6.57319,1.30,1.00
2014.10.24 08:13:02.414,6.57181,6.57319,1.30,1.00
2014.10.24 08:13:02.957,6.57181,6.5732,1.30,1.00
2014.10.24 08:13:05.360,6.57181,6.57315,1.30,1.00
2014.10.24 08:13:05.461,6.57161,6.57303,1.30,1.00
2014.10.24 08:13:05.513,6.57155,6.57303,1.00,1.00
2014.10.24 08:13:05.614,6.57155,6.57294,1.00,1.00
2014.10.24 08:13:05.767,6.57133,6.57286,1.30,1.00
2014.10.24 08:13:05.818,6.57133,6.57278,1.30,1.00
2014.10.24 08:13:06.139,6.57133,6.57282,1.30,1.00
2014.10.24 08:13:06.674,6.57133,6.57281,1.30,1.00
2014.10.24 08:13:07.217,6.57133,6.5728,1.30,1.00
2014.10.24 08:13:07.369,6.57133,6.57283,1.30,1.00
2014.10.24 08:13:07.471,6.57133,6.57276,1.30,1.00
2014.10.24 08:13:07.774,6.57106,6.57254,1.19,1.00
2014.10.24 08:13:07.825,6.57106,6.5726,1.19,1.50
2014.10.24 08:13:07.926,6.57102,6.5726,1.30,1.50
2014.10.24 08:13:08.562,6.57102,6.57253,1.30,1.00
2014.10.24 08:13:08.867,6.57096,6.57237,1.00,1.00
2014.10.24 08:13:08.917,6.57096,6.5724,1.00,1.00
2014.10.24 08:13:08.968,6.5708,6.5724,1.49,1.00
2014.10.24 08:13:09.894,6.5708,6.5724,1.30,1.00
2014.10.24 08:13:10.451,6.57074,6.57236,1.00,1.30
2014.10.24 08:13:12.152,6.57074,6.57234,1.00,1.00
2014.10.24 08:13:12.456,6.57074,6.5723,1.00,1.00
2014.10.24 08:13:12.579,6.57074,6.57234,1.00,1.00
2014.10.24 08:13:13.061,6.57074,6.57236,1.00,1.30
2014.10.24 08:13:13.213,6.57074,6.57234,1.00,1.00
2014.10.24 08:13:13.839,6.57074,6.57236,1.00,1.72
2014.10.24 08:13:14.095,6.57074,6.57234,1.00,1.00
2014.10.24 08:13:14.268,6.57074,6.57236,1.00,1.72
2014.10.24 08:13:15.049,6.57074,6.57234,1.00,1.00
2014.10.24 08:13:15.378,6.57074,6.57236,1.00,1.72
2014.10.24 08:13:18.009,6.57074,6.57241,1.72,1.00
2014.10.24 08:13:18.060,6.57076,6.5725,1.00,1.00
2014.10.24 08:13:18.213,6.57081,6.5725,1.00,1.00
2014.10.24 08:13:18.611,6.57083,6.5725,1.00,1.00
2014.10.24 08:13:19.144,6.57083,6.5725,1.19,1.00
2014.10.24 08:13:21.590,6.57094,6.5725,1.91,1.00
2014.10.24 08:13:23.960,6.57094,6.5725,1.72,1.00
2014.10.24 08:13:24.213,6.57122,6.5725,1.49,1.00
2014.10.24 08:13:24.366,6.57144,6.57268,1.30,1.00
2014.10.24 08:13:24.417,6.57151,6.57268,1.19,1.00
2014.10.24 08:13:24.468,6.57151,6.57303,1.69,1.30
2014.10.24 08:13:24.519,6.57174,6.57319,1.30,1.00
2014.10.24 08:13:24.570,6.57174,6.57335,1.30,1.00
2014.10.24 08:13:24.621,6.57174,6.57328,1.30,1.00
2014.10.24 08:13:24.946,6.57174,6.57311,1.30,1.00
2014.10.24 08:13:24.997,6.57153,6.57311,1.49,1.00
2014.10.24 08:13:25.099,6.57152,6.57313,1.49,1.00
2014.10.24 08:13:25.251,6.57152,6.57313,1.30,1.00
2014.10.24 08:13:25.302,6.57152,6.57317,1.30,1.00
2014.10.24 08:13:25.404,6.57156,6.57332,1.00,1.30
2014.10.24 08:13:25.455,6.57159,6.57332,1.19,1.30
2014.10.24 08:13:25.506,6.57172,6.57337,1.49,1.00
2014.10.24 08:13:25.658,6.57172,6.5734,1.49,1.00
2014.10.24 08:13:25.961,6.57172,6.57344,1.49,1.00
2014.10.24 08:13:26.165,6.57172,6.57352,1.49,1.00
2014.10.24 08:13:26.216,6.57198,6.57352,1.30,1.00
2014.10.24 08:13:26.549,6.57198,6.57348,1.30,1.00
2014.10.24 08:13:26.955,6.57198,6.57351,1.30,1.00
2014.10.24 08:13:27.481,6.57198,6.57357,1.30,1.00
2014.10.24 08:13:28.359,6.57198,6.57361,1.30,1.00
2014.10.24 08:13:28.578,6.57198,6.57354,1.30,1.00
2014.10.24 08:13:29.063,6.57198,6.57347,1.30,1.00
2014.10.24 08:13:29.369,6.57198,6.57326,1.30,1.00
2014.10.24 08:13:29.622,6.57179,6.57325,1.19,1.00
2014.10.24 08:13:29.789,6.57179,6.57327,1.19,1.00
2014.10.24 08:13:30.120,6.57179,6.57329,1.19,1.00
2014.10.24 08:13:30.380,6.57179,6.57332,1.19,1.00
2014.10.24 08:13:30.482,6.57179,6.57332,1.00,1.00
2014.10.24 08:13:30.583,6.57179,6.57353,1.00,1.00
2014.10.24 08:13:30.634,6.57179,6.57345,1.00,1.12
2014.10.24 08:13:30.736,6.5716,6.57336,1.00,1.19
2014.10.24 08:13:30.837,6.57133,6.57317,1.90,1.00
2014.10.24 08:13:30.938,6.57162,6.57309,1.30,1.00
2014.10.24 08:13:31.439,6.57162,6.57315,1.30,1.00
2014.10.24 08:13:32.589,6.57167,6.57332,1.00,1.25
2014.10.24 08:13:32.641,6.57167,6.57308,1.00,1.12
2014.10.24 08:13:32.692,6.57141,6.57308,1.00,1.12
2014.10.24 08:13:32.793,6.57141,6.57313,1.00,1.12
2014.10.24 08:13:32.844,6.57141,6.57308,1.00,1.12
2014.10.24 08:13:32.945,6.57141,6.57311,1.00,1.12
2014.10.24 08:13:33.047,6.57141,6.57316,1.00,1.00
2014.10.24 08:13:33.098,6.57141,6.57316,1.75,1.00
2014.10.24 08:13:33.352,6.57161,6.57329,1.00,1.12
2014.10.24 08:13:33.403,6.57161,6.5733,1.75,1.00
2014.10.24 08:13:33.504,6.57161,6.5733,1.00,1.00
2014.10.24 08:13:33.606,6.57161,6.57337,1.00,1.60
2014.10.24 08:13:33.707,6.57161,6.57329,1.00,1.00
2014.10.24 08:13:33.809,6.57161,6.57337,1.00,1.00
2014.10.24 08:13:35.549,6.57141,6.57317,1.19,1.00
2014.10.24 08:13:35.812,6.57141,6.57317,1.00,1.00
2014.10.24 08:13:37.641,6.57141,6.57317,1.75,1.00
2014.10.24 08:13:37.793,6.57162,6.57331,1.00,1.00
2014.10.24 08:13:37.844,6.57162,6.57331,1.75,1.00
2014.10.24 08:13:37.895,6.57162,6.57338,1.75,1.00
2014.10.24 08:13:38.098,6.5715,6.57351,1.94,1.00
2014.10.24 08:13:38.200,6.57161,6.57373,1.75,1.19
2014.10.24 08:13:38.744,6.57181,6.57357,1.00,1.00
2014.10.24 08:13:39.063,6.57162,6.57338,1.00,1.00
2014.10.24 08:13:39.368,6.57162,6.57283,1.00,1.00
2014.10.24 08:13:40.721,6.57162,6.57281,1.00,1.00
2014.10.24 08:13:40.829,6.57142,6.57281,1.00,1.00
2014.10.24 08:13:43.208,6.57142,6.57278,1.00,1.00
2014.10.24 08:13:43.649,6.57142,6.57284,1.00,1.00
2014.10.24 08:13:43.906,6.57142,6.5729,1.00,1.00
2014.10.24 08:13:44.008,6.57142,6.573,1.00,1.00
2014.10.24 08:13:44.088,6.57142,6.57294,1.00,1.00
2014.10.24 08:13:44.418,6.57142,6.57283,1.00,1.00
2014.10.24 08:13:44.639,6.57142,6.57295,1.00,1.00
2014.10.24 08:13:48.263,6.57142,6.57318,1.00,1.19
2014.10.24 08:13:48.364,6.57142,6.57318,1.00,1.00
2014.10.24 08:13:48.567,6.5716,6.57336,1.00,1.00
2014.10.24 08:13:51.280,6.5716,6.57322,1.25,1.00
2014.10.24 08:13:53.084,6.57161,6.57322,1.00,1.00
2014.10.24 08:13:53.440,6.57161,6.57292,1.00,1.00
2014.10.24 08:13:54.048,6.5716,6.57292,1.00,1.00
2014.10.24 08:13:56.470,6.5716,6.57302,1.00,1.30
2014.10.24 08:13:56.572,6.57174,6.57317,1.00,1.00
2014.10.24 08:13:56.673,6.57187,6.57315,1.00,1.00
2014.10.24 08:13:57.568,6.57187,6.57323,1.00,1.50
2014.10.24 08:13:57.846,6.57187,6.57326,1.00,1.25
2014.10.24 08:13:58.172,6.57187,6.57323,1.00,1.00
2014.10.24 08:13:58.324,6.57175,6.57323,1.00,1.00
2014.10.24 08:13:58.547,6.57214,6.57356,1.00,1.00
2014.10.24 08:13:58.801,6.57188,6.57357,1.00,1.00
2014.10.24 08:13:59.310,6.57202,6.57357,1.30,1.00
2014.10.24 08:13:59.572,6.57202,6.57359,1.30,1.00
2014.10.24 08:14:00.199,6.57202,6.57374,1.30,1.00
2014.10.24 08:14:00.519,6.57206,6.57374,1.00,1.00
2014.10.24 08:14:02.900,6.57206,6.57371,1.00,1.00
2014.10.24 08:14:03.202,6.57261,6.57371,1.30,1.00
2014.10.24 08:14:03.253,6.57243,6.57374,1.00,1.00
2014.10.24 08:14:03.304,6.57243,6.57397,1.00,1.00
2014.10.24 08:14:03.356,6.57252,6.57397,1.00,1.00
2014.10.24 08:14:03.407,6.57252,6.57417,1.00,1.00
2014.10.24 08:14:03.458,6.5725,6.57417,1.30,1.00
2014.10.24 08:14:03.890,6.57252,6.57417,1.00,1.00
2014.10.24 08:14:03.941,6.57254,6.57431,1.00,1.19
2014.10.24 08:14:04.497,6.57254,6.57431,1.00,1.00
2014.10.24 08:14:04.790,6.57261,6.57431,1.00,1.00
2014.10.24 08:14:07.202,6.57263,6.57431,1.00,1.00
2014.10.24 08:14:07.506,6.57301,6.57435,1.30,1.00
2014.10.24 08:14:07.658,6.57301,6.57471,1.30,1.00
2014.10.24 08:14:07.985,6.57301,6.57467,1.30,1.00
2014.10.24 08:14:09.541,6.57301,6.57452,1.30,1.00
2014.10.24 08:14:09.642,6.57291,6.57452,1.00,1.00
2014.10.24 08:14:09.794,6.57291,6.57447,1.00,1.00
2014.10.24 08:14:10.103,6.57271,6.57433,1.72,1.00
2014.10.24 08:14:16.088,6.57276,6.57433,1.30,1.00
2014.10.24 08:14:16.392,6.57296,6.57445,1.30,1.19
2014.10.24 08:14:16.494,6.57296,6.57445,1.30,1.00
2014.10.24 08:14:17.690,6.57296,6.57447,1.30,1.00
2014.10.24 08:14:17.791,6.57299,6.57469,1.00,1.19
2014.10.24 08:14:17.893,6.573,6.57469,1.30,1.00
2014.10.24 08:14:17.944,6.573,6.57479,1.30,1.50
2014.10.24 08:14:17.995,6.57321,6.57479,1.30,1.37
2014.10.24 08:14:18.197,6.57297,6.5746,1.72,1.00
2014.10.24 08:14:18.712,6.57297,6.57459,1.72,1.50
2014.10.24 08:14:19.659,6.57297,6.57442,1.00,1.00
2014.10.24 08:14:19.760,6.57278,6.57433,1.00,1.00
2014.10.24 08:14:19.811,6.57278,6.57413,1.00,1.19
2014.10.24 08:14:19.862,6.57225,6.57413,1.00,1.19
2014.10.24 08:14:20.012,6.57215,6.57392,1.00,1.00
2014.10.24 08:14:20.328,6.57215,6.57392,1.75,1.00
2014.10.24 08:14:20.632,6.57221,6.57393,1.75,1.00
2014.10.24 08:14:20.734,6.57203,6.57393,1.94,1.00
2014.10.24 08:14:20.835,6.57203,6.57393,1.94,1.00
2014.10.24 08:14:20.886,6.57203,6.57382,1.94,1.00
2014.10.24 08:14:21.190,6.57213,6.57383,1.75,1.00
2014.10.24 08:14:21.342,6.57217,6.57393,1.75,1.00
2014.10.24 08:14:21.859,6.57226,6.57393,1.00,1.00
2014.10.24 08:14:22.549,6.57239,6.57393,1.00,1.00
2014.10.24 08:14:24.619,6.5723,6.57393,1.00,1.00
2014.10.24 08:14:24.973,6.57217,6.57393,1.19,1.00
2014.10.24 08:14:25.074,6.57217,6.57388,1.19,1.00
2014.10.24 08:14:25.404,6.57203,6.57364,1.56,1.00
2014.10.24 08:14:25.628,6.57203,6.57385,1.56,1.00
2014.10.24 08:14:25.738,6.57203,6.57372,1.56,1.00
2014.10.24 08:14:25.851,6.57203,6.57389,1.56,1.00
2014.10.24 08:14:25.953,6.57203,6.57376,1.56,1.00
2014.10.24 08:14:26.004,6.57199,6.57376,1.00,1.00
2014.10.24 08:14:26.055,6.57199,6.57389,1.00,1.00
2014.10.24 08:14:26.156,6.57199,6.57386,1.00,1.00
2014.10.24 08:14:26.492,6.57201,6.57357,1.00,1.00
2014.10.24 08:14:26.619,6.57201,6.57377,1.00,1.00
2014.10.24 08:14:26.972,6.57227,6.57377,1.00,1.00
2014.10.24 08:14:27.125,6.57227,6.57392,1.00,1.00
2014.10.24 08:14:27.278,6.57231,6.57392,1.00,1.00
2014.10.24 08:14:27.587,6.57231,6.5739,1.00,1.00
2014.10.24 08:14:27.888,6.57246,6.5739,1.00,1.00
2014.10.24 08:14:28.192,6.57264,6.5739,1.00,1.00
2014.10.24 08:14:29.060,6.57264,6.57386,1.00,1.00
2014.10.24 08:14:29.111,6.57244,6.5738,1.00,1.00
2014.10.24 08:14:31.277,6.57244,6.57381,1.00,1.00
2014.10.24 08:14:31.497,6.57244,6.57373,1.00,1.00
2014.10.24 08:14:31.802,6.57262,6.57374,1.00,1.00
2014.10.24 08:14:31.853,6.5724,6.57374,1.00,1.00
2014.10.24 08:14:32.304,6.57263,6.57374,1.00,1.00
2014.10.24 08:14:32.406,6.5724,6.57374,1.00,1.00
2014.10.24 08:14:32.457,6.5724,6.57372,1.00,1.00
2014.10.24 08:14:32.660,6.57179,6.57318,1.00,1.00
2014.10.24 08:14:32.761,6.57179,6.57306,1.00,1.00
2014.10.24 08:14:33.070,6.57198,6.57306,1.00,1.00
2014.10.24 08:14:33.384,6.5722,6.57306,1.00,1.00
2014.10.24 08:14:33.435,6.57176,6.57306,1.19,1.00
2014.10.24 08:14:33.719,6.57213,6.57305,1.00,1.00
2014.10.24 08:14:33.948,6.57179,6.57305,1.00,1.00
2014.10.24 08:14:34.230,6.57212,6.57305,1.00,1.00
2014.10.24 08:14:34.749,6.57212,6.57306,1.00,1.00
2014.10.24 08:14:34.850,6.57236,6.57335,1.00,1.00
2014.10.24 08:14:34.952,6.57236,6.57312,1.00,1.00
2014.10.24 08:14:35.053,6.57204,6.57312,1.00,1.00
2014.10.24 08:14:35.306,6.57223,6.57301,1.00,1.00
2014.10.24 08:14:38.938,6.57205,6.57301,1.00,1.00
2014.10.24 08:14:39.818,6.57205,6.573,1.00,1.00
2014.10.24 08:14:40.060,6.57205,6.57294,1.00,1.00
2014.10.24 08:14:40.161,6.57205,6.57299,1.00,1.30
2014.10.24 08:14:40.809,6.57205,6.57277,1.00,1.00
2014.10.24 08:14:49.691,6.57205,6.57292,1.00,1.00
2014.10.24 08:14:50.238,6.5723,6.57292,1.00,1.00
2014.10.24 08:14:50.458,6.5723,6.57306,1.00,1.00
2014.10.24 08:14:51.211,6.57204,6.57306,1.00,1.00
2014.10.24 08:14:51.262,6.57204,6.57291,1.00,1.00
2014.10.24 08:14:51.668,6.57204,6.57305,1.00,1.00
2014.10.24 08:14:53.201,6.57272,6.57305,1.50,1.00
2014.10.24 08:14:53.252,6.57272,6.57363,1.50,1.00
2014.10.24 08:14:53.303,6.57272,6.57332,1.50,1.00
2014.10.24 08:14:53.455,6.57204,6.57278,1.00,1.50
2014.10.24 08:14:53.557,6.5714,6.57269,1.00,1.00
2014.10.24 08:14:53.609,6.57139,6.57263,1.30,1.00
2014.10.24 08:14:53.761,6.57119,6.5726,1.30,1.00
2014.10.24 08:14:53.913,6.57119,6.57242,1.30,1.00
2014.10.24 08:14:53.964,6.57115,6.57242,1.30,1.00
2014.10.24 08:14:54.015,6.57115,6.57242,1.67,1.00
2014.10.24 08:14:54.119,6.57115,6.57242,1.30,1.00
2014.10.24 08:14:54.170,6.57099,6.57242,1.00,1.00
2014.10.24 08:14:54.337,6.57102,6.57238,1.52,1.00
2014.10.24 08:14:54.652,6.57121,6.57225,1.00,1.00
2014.10.24 08:14:54.754,6.57094,6.57221,1.00,1.00
2014.10.24 08:14:54.855,6.57115,6.57221,1.00,1.00
2014.10.24 08:14:54.957,6.57093,6.57208,1.00,1.00
2014.10.24 08:14:55.647,6.57093,6.57219,1.12,1.00
2014.10.24 08:14:55.698,6.57117,6.57219,1.30,1.00
2014.10.24 08:14:56.004,6.57134,6.57229,1.00,1.00
2014.10.24 08:14:56.207,6.57134,6.57231,1.00,1.00
2014.10.24 08:14:56.511,6.57134,6.57234,1.00,1.00
2014.10.24 08:14:56.664,6.57134,6.57237,1.00,1.00
2014.10.24 08:14:56.977,6.57134,6.57246,1.00,1.00
2014.10.24 08:14:57.087,6.57134,6.57244,1.00,1.00
2014.10.24 08:14:57.403,6.57134,6.57238,1.00,1.00
2014.10.24 08:14:57.527,6.57134,6.57244,1.00,1.00
2014.10.24 08:14:57.629,6.57134,6.5722,1.00,1.00
2014.10.24 08:14:57.964,6.57134,6.5721,1.00,1.00
2014.10.24 08:14:58.167,6.57134,6.57223,1.00,1.00
2014.10.24 08:14:58.269,6.57134,6.57228,1.00,1.00
2014.10.24 08:14:58.640,6.57134,6.57233,1.00,1.00
2014.10.24 08:14:58.877,6.57134,6.57235,1.00,1.00
2014.10.24 08:14:59.420,6.57134,6.57236,1.00,1.00
2014.10.24 08:14:59.533,6.57134,6.57231,1.00,1.00
2014.10.24 08:14:59.736,6.57134,6.57238,1.00,1.00
2014.10.24 08:15:00.037,6.57134,6.57233,1.00,1.00
2014.10.24 08:15:00.341,6.57134,6.57222,1.00,1.00
2014.10.24 08:15:00.669,6.57134,6.57181,1.00,1.00
2014.10.24 08:15:00.720,6.57035,6.57201,1.30,1.00
2014.10.24 08:15:00.771,6.57029,6.57195,1.00,1.30
2014.10.24 08:15:00.973,6.56981,6.57152,1.00,1.00
2014.10.24 08:15:01.024,6.56975,6.57124,1.00,1.00
2014.10.24 08:15:01.328,6.56955,6.57112,1.19,1.00
2014.10.24 08:15:01.379,6.56945,6.57104,1.00,1.00
2014.10.24 08:15:01.482,6.56949,6.57097,1.00,1.00
2014.10.24 08:15:01.584,6.56936,6.57097,1.00,1.00
2014.10.24 08:15:01.634,6.56936,6.57075,1.00,1.00
2014.10.24 08:15:01.685,6.56931,6.57075,1.00,1.00
2014.10.24 08:15:01.847,6.56931,6.57068,1.00,1.00
2014.10.24 08:15:01.949,6.56931,6.57097,1.00,1.00
2014.10.24 08:15:02.051,6.56905,6.5706,1.19,1.00
2014.10.24 08:15:02.354,6.56885,6.57025,1.00,1.00
2014.10.24 08:15:02.456,6.56885,6.57059,1.00,1.75
2014.10.24 08:15:03.179,6.56885,6.5701,1.00,1.00
2014.10.24 08:15:03.486,6.56885,6.57032,1.00,1.75
2014.10.24 08:15:03.950,6.56885,6.57035,1.00,1.00
2014.10.24 08:15:04.582,6.56885,6.57055,1.00,1.00
2014.10.24 08:15:04.784,6.56905,6.57055,1.00,1.00
2014.10.24 08:15:05.381,6.56905,6.57071,1.00,1.00
2014.10.24 08:15:05.444,6.56893,6.5707,1.00,1.00
2014.10.24 08:15:06.440,6.56893,6.57064,1.00,1.00
2014.10.24 08:15:06.668,6.56893,6.5707,1.00,1.00
2014.10.24 08:15:07.006,6.56904,6.57074,1.00,1.00
2014.10.24 08:15:07.397,6.56916,6.57074,1.00,1.00
2014.10.24 08:15:08.871,6.56925,6.57074,1.00,1.00
2014.10.24 08:15:09.175,6.56876,6.56993,1.00,1.94
2014.10.24 08:15:09.298,6.56852,6.56962,1.00,1.75
2014.10.24 08:15:09.462,6.56852,6.56962,1.00,1.75
2014.10.24 08:15:09.513,6.56832,6.56959,1.00,1.75
2014.10.24 08:15:09.564,6.56832,6.56959,1.00,1.75
2014.10.24 08:15:09.615,6.56812,6.56959,1.00,1.75
2014.10.24 08:15:09.716,6.56801,6.56957,1.72,1.75
2014.10.24 08:15:10.670,6.56801,6.56949,1.30,1.75
2014.10.24 08:15:10.822,6.56779,6.56935,1.30,1.19
2014.10.24 08:15:11.058,6.56779,6.56921,1.30,1.00
2014.10.24 08:15:11.388,6.56779,6.56934,1.30,1.19
2014.10.24 08:15:12.490,6.56759,6.56922,1.30,1.37
2014.10.24 08:15:12.592,6.56745,6.56884,1.00,1.30
2014.10.24 08:15:12.795,6.56722,6.56862,3.00,1.30
2014.10.24 08:15:12.845,6.56722,6.56862,3.60,1.30
2014.10.24 08:15:13.150,6.5687,6.56942,1.00,1.00
2014.10.24 08:15:13.252,6.56794,6.56923,1.00,1.00
2014.10.24 08:15:13.303,6.56794,6.56858,1.00,1.30
2014.10.24 08:15:13.354,6.56741,6.56858,1.00,1.30
2014.10.24 08:15:13.405,6.56747,6.56911,1.30,1.00
2014.10.24 08:15:13.607,6.56747,6.56891,1.30,1.00
2014.10.24 08:15:13.910,6.5676,6.56891,1.30,1.50
2014.10.24 08:15:15.946,6.5676,6.56891,1.30,1.19
2014.10.24 08:15:16.446,6.56728,6.56891,1.30,1.19
2014.10.24 08:15:16.548,6.56719,6.56889,1.00,1.00
2014.10.24 08:15:17.757,6.56719,6.56888,1.00,1.00
2014.10.24 08:15:17.960,6.56707,6.56879,1.30,1.00
2014.10.24 08:15:18.098,6.56707,6.56866,1.30,1.00
2014.10.24 08:15:18.420,6.56722,6.56866,1.50,1.00
2014.10.24 08:15:18.522,6.56725,6.5689,1.00,1.30
2014.10.24 08:15:18.623,6.5673,6.56901,1.30,1.00
2014.10.24 08:15:22.370,6.56737,6.56913,1.00,1.49
2014.10.24 08:15:22.522,6.56751,6.56914,1.30,1.00
2014.10.24 08:15:22.938,6.56751,6.56924,1.30,1.19
2014.10.24 08:15:24.525,6.56751,6.56924,1.30,1.00
2014.10.24 08:15:24.747,6.56749,6.56908,1.00,1.30
2014.10.24 08:15:24.849,6.56753,6.56924,1.30,1.00
2014.10.24 08:15:25.651,6.56749,6.56901,1.00,1.30
2014.10.24 08:15:25.753,6.56749,6.56924,1.00,1.00
2014.10.24 08:15:29.743,6.56766,6.56924,1.30,1.00
2014.10.24 08:15:36.778,6.56747,6.56913,1.30,1.00
2014.10.24 08:15:44.619,6.56747,6.56902,1.30,1.00
2014.10.24 08:15:44.771,6.56702,6.56858,1.30,1.00
2014.10.24 08:15:44.822,6.56702,6.56854,1.30,1.00
2014.10.24 08:15:45.177,6.56702,6.56861,1.30,1.00
2014.10.24 08:15:45.380,6.56703,6.56864,1.00,1.00
2014.10.24 08:15:45.481,6.56702,6.56868,1.72,1.00
2014.10.24 08:15:45.669,6.56702,6.56862,1.00,1.30
2014.10.24 08:15:45.720,6.56679,6.5684,1.30,1.00
2014.10.24 08:15:45.871,6.56692,6.5684,1.00,1.00
2014.10.24 08:15:46.217,6.56702,6.5684,1.00,1.00
2014.10.24 08:15:46.403,6.56692,6.56854,1.00,1.00
2014.10.24 08:15:46.454,6.567,6.56859,1.30,1.00
2014.10.24 08:15:46.505,6.567,6.56865,1.30,1.00
2014.10.24 08:15:46.607,6.56702,6.56865,1.00,1.00
2014.10.24 08:15:47.087,6.56709,6.56872,1.00,1.00
2014.10.24 08:15:47.388,6.56722,6.56875,1.00,1.00
2014.10.24 08:15:48.160,6.56743,6.56866,1.00,1.00
2014.10.24 08:15:48.347,6.56728,6.56868,1.00,1.00
2014.10.24 08:15:48.562,6.56728,6.56873,1.00,1.00
2014.10.24 08:15:48.664,6.56739,6.56873,1.00,1.00
2014.10.24 08:15:49.227,6.56728,6.56874,1.00,1.00
2014.10.24 08:15:49.337,6.56739,6.56874,1.00,1.00
2014.10.24 08:15:49.548,6.56739,6.56876,1.00,1.00
2014.10.24 08:15:50.347,6.56739,6.56899,1.00,1.19
2014.10.24 08:15:50.398,6.56746,6.56899,1.30,1.19
2014.10.24 08:15:50.449,6.5675,6.56927,1.00,1.60
2014.10.24 08:15:50.500,6.5675,6.56927,1.00,1.00
2014.10.24 08:15:50.646,6.56786,6.56928,1.00,1.72
2014.10.24 08:15:51.002,6.568,6.56928,1.00,1.30
2014.10.24 08:15:51.270,6.568,6.56942,1.00,1.19
2014.10.24 08:15:51.321,6.56816,6.56942,1.00,1.19
2014.10.24 08:15:51.372,6.56816,6.56942,1.00,1.00
2014.10.24 08:15:51.423,6.56816,6.56979,1.00,1.49
2014.10.24 08:15:51.474,6.56816,6.56979,1.00,1.30
2014.10.24 08:15:51.525,6.5685,6.56979,1.00,1.30
2014.10.24 08:15:51.575,6.5685,6.56994,1.00,1.00
2014.10.24 08:15:51.677,6.5685,6.57001,1.00,1.30
2014.10.24 08:15:51.982,6.56824,6.56974,1.19,1.00
2014.10.24 08:15:52.033,6.56824,6.56974,1.00,1.00
2014.10.24 08:15:52.084,6.56814,6.56978,1.30,1.00
2014.10.24 08:15:52.186,6.56829,6.56978,1.00,1.00
2014.10.24 08:15:52.338,6.56829,6.56993,1.00,1.19
2014.10.24 08:15:52.709,6.56835,6.56989,1.30,1.19
2014.10.24 08:15:53.049,6.56844,6.56989,1.00,1.19
2014.10.24 08:15:53.372,6.56868,6.56995,1.00,1.00
2014.10.24 08:15:53.423,6.56868,6.56998,1.00,1.00
2014.10.24 08:15:53.639,6.56868,6.57018,1.00,1.30
2014.10.24 08:15:53.791,6.56868,6.57036,1.00,1.19
2014.10.24 08:15:53.841,6.56873,6.57036,1.00,1.19
2014.10.24 08:15:53.958,6.56873,6.57042,1.00,1.30
2014.10.24 08:15:54.162,6.56888,6.57042,1.00,1.30
2014.10.24 08:15:54.569,6.56888,6.57047,1.00,1.00
2014.10.24 08:15:54.620,6.56888,6.57068,1.00,1.19
2014.10.24 08:15:54.823,6.56903,6.57075,1.00,1.19
2014.10.24 08:15:54.975,6.56919,6.57101,1.19,1.00
2014.10.24 08:15:55.077,6.56946,6.57111,1.19,1.00
2014.10.24 08:15:55.179,6.56959,6.57148,1.56,1.00
2014.10.24 08:15:55.280,6.56987,6.57169,1.19,1.00
2014.10.24 08:15:55.382,6.56987,6.57173,1.19,1.00
2014.10.24 08:15:56.037,6.56987,6.57174,2.44,1.00
2014.10.24 08:15:56.148,6.5699,6.57179,1.19,1.00
2014.10.24 08:15:57.039,6.56989,6.57176,1.19,1.00
2014.10.24 08:15:57.595,6.56989,6.57176,1.19,1.00
2014.10.24 08:15:58.020,6.57007,6.57195,1.00,1.00
2014.10.24 08:15:58.121,6.57013,6.57195,1.00,1.00
2014.10.24 08:15:58.375,6.57044,6.57231,1.00,1.00
2014.10.24 08:15:58.476,6.57046,6.57229,1.00,1.00
2014.10.24 08:15:58.781,6.57058,6.57239,1.00,1.19
2014.10.24 08:15:59.087,6.57058,6.57231,1.00,1.00
2014.10.24 08:15:59.424,6.57058,6.57226,1.00,1.00
2014.10.24 08:15:59.475,6.57047,6.57216,1.00,1.00
2014.10.24 08:15:59.576,6.57047,6.57239,1.00,1.19
2014.10.24 08:15:59.781,6.57028,6.57223,1.00,1.00
2014.10.24 08:16:00.099,6.57016,6.57209,1.19,1.00
2014.10.24 08:16:00.201,6.57028,6.57222,1.00,1.00
2014.10.24 08:16:00.404,6.57028,6.57222,1.19,1.00
2014.10.24 08:16:00.607,6.57011,6.57203,1.00,1.00
2014.10.24 08:16:00.658,6.56998,6.5719,1.37,1.00
2014.10.24 08:16:01.190,6.57003,6.5719,1.90,1.00
2014.10.24 08:16:01.625,6.56998,6.5719,1.00,1.00
2014.10.24 08:16:01.675,6.56985,6.57177,1.94,1.00
2014.10.24 08:16:02.640,6.5698,6.57164,1.19,1.00
2014.10.24 08:16:02.691,6.56971,6.57164,2.44,1.00
2014.10.24 08:16:03.213,6.56971,6.57165,1.69,1.00
2014.10.24 08:16:03.315,6.56971,6.57152,1.69,1.00
2014.10.24 08:16:03.978,6.56971,6.57165,1.19,1.00
2014.10.24 08:16:04.868,6.56984,6.57176,1.19,1.50
2014.10.24 08:16:05.020,6.56984,6.57176,1.00,1.19
2014.10.24 08:16:05.582,6.56988,6.57176,1.19,1.00
2014.10.24 08:16:06.047,6.57,6.57183,1.19,1.00
2014.10.24 08:16:06.152,6.57014,6.57183,1.00,1.00
2014.10.24 08:16:06.608,6.57001,6.57183,1.19,1.00
2014.10.24 08:16:06.963,6.57001,6.57208,1.19,1.19
2014.10.24 08:16:07.064,6.57012,6.57209,1.00,1.19
2014.10.24 08:16:07.368,6.57039,6.57217,1.00,1.19
2014.10.24 08:16:08.338,6.57066,6.57217,1.30,1.19
2014.10.24 08:16:08.440,6.57066,6.57225,1.30,1.00
2014.10.24 08:16:08.491,6.57066,6.57236,1.30,1.19
2014.10.24 08:16:08.592,6.57066,6.57232,1.30,1.00
2014.10.24 08:16:08.816,6.57066,6.5724,1.30,1.19
2014.10.24 08:16:09.359,6.57067,6.57249,1.00,1.91
2014.10.24 08:16:09.546,6.5707,6.57249,1.00,1.91
2014.10.24 08:16:10.226,6.57071,6.57249,1.00,1.91
2014.10.24 08:16:10.738,6.5707,6.57224,1.00,1.30
2014.10.24 08:16:10.790,6.57058,6.57224,1.00,1.30
2014.10.24 08:16:10.891,6.57056,6.57224,1.00,1.30
2014.10.24 08:16:11.407,6.57056,6.57223,1.00,1.00
2014.10.24 08:16:11.888,6.57086,6.57224,1.00,1.30
2014.10.24 08:16:11.939,6.57086,6.57254,1.00,1.00
2014.10.24 08:16:12.072,6.57086,6.5726,1.00,1.30
2014.10.24 08:16:12.531,6.57097,6.5726,1.00,1.30
2014.10.24 08:16:12.632,6.57098,6.5727,1.30,1.19
2014.10.24 08:16:14.059,6.57098,6.57273,1.30,1.00
2014.10.24 08:16:14.663,6.57098,6.57276,1.30,1.00
2014.10.24 08:16:15.070,6.57114,6.57281,1.00,1.86
2014.10.24 08:16:15.374,6.57161,6.57306,1.00,1.30
2014.10.24 08:16:15.627,6.57152,6.57306,1.50,1.30
2014.10.24 08:16:16.148,6.57152,6.57311,1.50,1.00
2014.10.24 08:16:16.200,6.57152,6.57322,1.50,1.19
2014.10.24 08:16:16.504,6.57172,6.57325,1.50,1.19
2014.10.24 08:16:16.866,6.57172,6.57326,1.50,1.30
2014.10.24 08:16:17.074,6.57177,6.57318,1.00,1.00
2014.10.24 08:16:17.277,6.57129,6.57296,1.00,1.30
2014.10.24 08:16:17.584,6.57118,6.57295,1.00,1.00
2014.10.24 08:16:18.278,6.57137,6.57296,1.00,1.30
2014.10.24 08:16:18.329,6.57137,6.57313,1.72,1.19
2014.10.24 08:16:18.380,6.57153,6.57313,1.00,1.19
2014.10.24 08:16:18.502,6.57147,6.57313,1.00,1.19
2014.10.24 08:16:18.654,6.57147,6.5727,1.00,1.30
2014.10.24 08:16:18.705,6.57132,6.5727,1.00,1.30
2014.10.24 08:16:18.857,6.5712,6.5727,1.00,1.30
2014.10.24 08:16:18.917,6.57139,6.5727,1.00,1.30
2014.10.24 08:16:19.019,6.57139,6.5729,1.00,1.30
2014.10.24 08:16:19.071,6.57145,6.57302,1.00,1.72
2014.10.24 08:16:19.172,6.57152,6.57302,1.00,1.72
2014.10.24 08:16:19.385,6.57145,6.57302,1.00,1.72
2014.10.24 08:16:20.087,6.57146,6.57302,1.00,1.72
2014.10.24 08:16:20.461,6.57161,6.57302,1.00,1.30
2014.10.24 08:16:20.563,6.57161,6.57313,1.00,1.00
2014.10.24 08:16:20.808,6.57164,6.57313,1.00,1.00
2014.10.24 08:16:20.896,6.57154,6.57313,1.00,1.00
2014.10.24 08:16:20.997,6.57154,6.57321,1.00,1.30
2014.10.24 08:16:21.477,6.57144,6.57321,1.00,1.30
2014.10.24 08:16:21.578,6.57147,6.57321,1.00,1.30
2014.10.24 08:16:22.117,6.57146,6.57321,1.00,1.30
2014.10.24 08:16:22.467,6.57149,6.57321,1.00,1.30
2014.10.24 08:16:22.888,6.57148,6.57318,1.00,1.50
2014.10.24 08:16:23.243,6.5712,6.57288,1.19,1.00
2014.10.24 08:16:23.345,6.57116,6.57297,1.49,1.00
2014.10.24 08:16:23.547,6.57116,6.57295,1.49,1.00
2014.10.24 08:16:23.948,6.57116,6.57292,1.49,1.00
2014.10.24 08:16:24.048,6.57116,6.57292,1.30,1.00
2014.10.24 08:16:24.531,6.57116,6.57286,1.30,1.00
2014.10.24 08:16:25.099,6.57116,6.57278,1.30,1.50
2014.10.24 08:16:25.403,6.57116,6.57225,1.30,1.00
2014.10.24 08:16:25.454,6.57095,6.57225,1.30,1.00
2014.10.24 08:16:25.505,6.57095,6.57211,1.30,1.00
2014.10.24 08:16:25.556,6.57074,6.57211,1.49,1.00
2014.10.24 08:16:25.657,6.57074,6.57197,1.49,1.00
2014.10.24 08:16:26.275,6.5706,6.57182,1.19,1.00
2014.10.24 08:16:26.661,6.57055,6.57182,1.30,1.00
2014.10.24 08:16:27.087,6.57043,6.57166,1.50,1.00
2014.10.24 08:16:27.188,6.57033,6.57166,1.90,1.00
2014.10.24 08:16:27.289,6.5698,6.57136,1.94,1.00
2014.10.24 08:16:27.493,6.56975,6.57123,1.19,1.00
2014.10.24 08:16:27.796,6.56931,6.57084,1.94,1.00
2014.10.24 08:16:28.004,6.56931,6.57084,1.94,1.00
2014.10.24 08:16:28.207,6.56968,6.57084,1.75,1.00
2014.10.24 08:16:28.512,6.56973,6.57109,2.47,1.00
2014.10.24 08:16:28.715,6.56973,6.57052,1.90,1.00
2014.10.24 08:16:28.922,6.56922,6.57052,2.84,1.00
2014.10.24 08:16:29.200,6.56922,6.57052,2.84,1.00
2014.10.24 08:16:29.301,6.56922,6.57052,2.84,1.00
2014.10.24 08:16:29.403,6.56922,6.57052,2.84,1.00
2014.10.24 08:16:29.707,6.57002,6.57115,2.65,1.00
2014.10.24 08:16:29.809,6.57015,6.5713,1.94,1.00
2014.10.24 08:16:29.912,6.57018,6.5713,1.94,1.00
2014.10.24 08:16:30.015,6.57042,6.57143,1.94,3.00
2014.10.24 08:16:30.327,6.57071,6.57209,1.19,1.00
2014.10.24 08:16:30.378,6.57071,6.57204,1.19,1.00
2014.10.24 08:16:30.480,6.57071,6.57213,1.19,1.30
2014.10.24 08:16:30.581,6.57071,6.57209,1.19,1.00
2014.10.24 08:16:30.683,6.57071,6.57213,1.19,1.30
2014.10.24 08:16:31.160,6.57071,6.57222,1.19,1.00
2014.10.24 08:16:31.666,6.57075,6.57223,1.19,1.00
2014.10.24 08:16:31.873,6.57075,6.57208,1.19,1.30
2014.10.24 08:16:32.380,6.57075,6.57227,1.56,1.30
2014.10.24 08:16:32.431,6.57091,6.57233,1.00,1.30
2014.10.24 08:16:32.735,6.57094,6.57233,1.19,1.30
2014.10.24 08:16:34.628,6.57108,6.57233,1.00,1.30
2014.10.24 08:16:35.951,6.57097,6.57233,1.19,1.30
2014.10.24 08:16:36.254,6.57097,6.57213,1.19,1.30
2014.10.24 08:16:37.138,6.57094,6.57213,1.19,1.30
2014.10.24 08:16:38.607,6.57094,6.57207,1.19,1.00
2014.10.24 08:16:39.721,6.57087,6.57205,1.19,1.00
2014.10.24 08:16:40.013,6.57095,6.57221,1.19,1.00
2014.10.24 08:16:40.065,6.57095,6.57235,1.19,1.30
2014.10.24 08:16:41.469,6.57098,6.57231,1.19,1.00
2014.10.24 08:16:41.622,6.57098,6.57235,1.19,1.30
2014.10.24 08:16:41.673,6.57131,6.57235,1.19,1.30
2014.10.24 08:16:41.723,6.57131,6.57252,1.19,1.00
2014.10.24 08:16:41.774,6.57151,6.57252,1.19,1.00
2014.10.24 08:16:41.825,6.57151,6.57265,1.19,1.30
2014.10.24 08:16:41.977,6.57126,6.57265,1.19,1.30
2014.10.24 08:16:42.930,6.57126,6.57245,1.19,1.30
2014.10.24 08:16:42.981,6.5711,6.57245,1.69,1.30
2014.10.24 08:16:43.776,6.5711,6.57244,1.19,1.00
2014.10.24 08:16:44.436,6.5711,6.57245,1.19,1.30
2014.10.24 08:16:44.877,6.5711,6.57243,1.19,1.00
2014.10.24 08:16:45.183,6.57117,6.57244,1.19,1.00
2014.10.24 08:16:45.469,6.57117,6.57264,1.19,1.30
2014.10.24 08:16:46.760,6.57117,6.57239,1.19,1.00
2014.10.24 08:16:46.862,6.57117,6.57246,1.19,1.00
2014.10.24 08:16:47.014,6.57117,6.57264,1.19,1.72
2014.10.24 08:16:47.065,6.5711,6.57264,1.19,1.72
2014.10.24 08:16:47.236,6.57134,6.57264,1.00,1.72
2014.10.24 08:16:47.566,6.57134,6.57245,1.00,1.00
2014.10.24 08:16:47.669,6.57134,6.57264,1.00,2.47
2014.10.24 08:16:47.821,6.57117,6.57264,1.19,1.00
2014.10.24 08:16:47.872,6.57129,6.57264,1.19,1.00
2014.10.24 08:16:48.287,6.57129,6.57258,1.69,1.00
2014.10.24 08:16:48.540,6.57129,6.5726,1.19,1.30
2014.10.24 08:16:49.165,6.57136,6.57253,1.19,1.00
2014.10.24 08:16:49.420,6.57136,6.57255,1.19,1.00
2014.10.24 08:16:49.606,6.57129,6.5726,1.19,1.30
2014.10.24 08:16:49.707,6.57114,6.57239,1.19,1.30
2014.10.24 08:16:53.301,6.57106,6.57251,1.19,1.00
2014.10.24 08:16:53.786,6.57106,6.57259,1.19,1.30
2014.10.24 08:16:53.981,6.57112,6.57259,1.19,1.30
2014.10.24 08:16:55.241,6.57117,6.57278,1.19,1.00
2014.10.24 08:16:55.293,6.57131,6.57278,1.00,1.00
2014.10.24 08:16:55.482,6.57131,6.57281,1.00,1.72
2014.10.24 08:16:55.993,6.5714,6.57281,1.19,1.72
2014.10.24 08:16:56.528,6.5714,6.5728,1.19,1.00
2014.10.24 08:16:57.007,6.5714,6.57278,1.19,1.00
2014.10.24 08:16:57.311,6.5714,6.57275,1.19,1.00
2014.10.24 08:16:57.616,6.57111,6.57256,1.19,1.30
2014.10.24 08:16:57.667,6.57111,6.57254,1.19,1.00
2014.10.24 08:16:58.211,6.57111,6.57233,1.19,1.30
2014.10.24 08:16:59.503,6.571,6.57233,1.19,1.30
2014.10.24 08:17:01.509,6.57094,6.57233,1.19,1.30
2014.10.24 08:17:01.947,6.57094,6.57252,1.19,1.30
2014.10.24 08:17:01.998,6.57113,6.57252,1.00,1.30
2014.10.24 08:17:05.437,6.57113,6.57263,1.00,1.00
2014.10.24 08:17:05.488,6.57113,6.57275,1.00,1.30
2014.10.24 08:17:05.590,6.57125,6.57275,1.00,1.30
2014.10.24 08:17:06.218,6.57109,6.57275,1.19,1.30
2014.10.24 08:17:06.325,6.5711,6.57275,1.19,1.30
2014.10.24 08:17:06.848,6.5711,6.57274,1.19,1.00
2014.10.24 08:17:08.529,6.57115,6.57274,1.19,1.00
2014.10.24 08:17:09.058,6.57115,6.57275,1.19,1.30
2014.10.24 08:17:10.536,6.57114,6.57275,1.19,1.30
2014.10.24 08:17:14.547,6.57111,6.57275,1.19,1.30
2014.10.24 08:17:14.907,6.57119,6.57285,1.19,1.00
2014.10.24 08:17:15.161,6.57132,6.57285,1.19,1.00
2014.10.24 08:17:15.212,6.57134,6.57295,1.19,1.00
2014.10.24 08:17:15.263,6.57134,6.57297,1.19,1.30
2014.10.24 08:17:17.260,6.57154,6.57297,1.19,1.30
2014.10.24 08:17:17.412,6.57154,6.5731,1.19,1.00
2014.10.24 08:17:19.086,6.57154,6.5728,1.19,1.00
2014.10.24 08:17:19.187,6.57134,6.5728,1.00,1.00
2014.10.24 08:17:19.238,6.57134,6.5727,1.00,1.00
2014.10.24 08:17:19.289,6.57119,6.5727,1.19,1.00
2014.10.24 08:17:19.745,6.57119,6.57256,1.19,1.00
2014.10.24 08:17:20.516,6.57119,6.57265,1.19,1.00
2014.10.24 08:17:21.066,6.57119,6.57259,1.19,1.00
2014.10.24 08:17:21.218,6.57112,6.57259,2.09,1.00
2014.10.24 08:17:21.506,6.57112,6.57264,2.09,1.00
2014.10.24 08:17:22.937,6.57112,6.57259,2.09,1.00
2014.10.24 08:17:23.242,6.57105,6.57238,1.19,1.00
2014.10.24 08:17:23.294,6.57099,6.57238,1.19,1.00
2014.10.24 08:17:23.395,6.5712,6.57244,1.19,1.30
2014.10.24 08:17:23.446,6.5712,6.57264,1.19,1.30
2014.10.24 08:17:23.498,6.5712,6.57252,1.19,1.00
2014.10.24 08:17:23.600,6.5712,6.57275,1.19,1.72
2014.10.24 08:17:24.076,6.57165,6.57275,1.00,1.72
2014.10.24 08:17:24.387,6.57155,6.57275,1.31,1.00
2014.10.24 08:17:24.489,6.57155,6.57297,1.19,1.00
2014.10.24 08:17:24.590,6.57155,6.573,1.19,1.30
2014.10.24 08:17:25.166,6.57169,6.573,1.00,1.30
2014.10.24 08:17:25.811,6.57155,6.573,1.19,1.30
2014.10.24 08:17:26.015,6.5717,6.573,1.00,1.30
2014.10.24 08:17:26.066,6.5717,6.57311,1.00,1.00
2014.10.24 08:17:26.379,6.57172,6.57311,1.00,1.00
2014.10.24 08:17:26.930,6.57162,6.57311,1.19,1.00
2014.10.24 08:17:28.400,6.57154,6.57311,1.19,1.00
2014.10.24 08:17:30.287,6.57154,6.5732,1.19,1.30
2014.10.24 08:17:30.389,6.57154,6.57312,1.19,1.00
2014.10.24 08:17:30.701,6.57162,6.57312,1.19,1.00
2014.10.24 08:17:31.100,6.57175,6.57312,1.00,1.00
2014.10.24 08:17:31.404,6.5718,6.57339,1.00,1.30
2014.10.24 08:17:31.506,6.5718,6.57325,1.00,1.00
2014.10.24 08:17:32.413,6.5718,6.57325,1.19,1.00
2014.10.24 08:17:32.619,6.5718,6.57339,1.19,1.30
2014.10.24 08:17:34.457,6.57181,6.57339,1.19,1.30
2014.10.24 08:17:35.237,6.57185,6.57336,1.19,1.00
2014.10.24 08:17:35.705,6.57191,6.57339,1.25,1.30
2014.10.24 08:17:35.844,6.57191,6.57358,1.25,1.00
2014.10.24 08:17:36.426,6.57191,6.57358,1.19,1.00
2014.10.24 08:17:37.448,6.57191,6.57341,1.19,1.00
2014.10.24 08:17:37.858,6.57176,6.57316,1.30,1.00
2014.10.24 08:17:37.960,6.57172,6.57316,2.09,1.00
2014.10.24 08:17:38.061,6.57172,6.5731,2.09,1.30
2014.10.24 08:17:38.365,6.57159,6.57308,1.19,1.00
2014.10.24 08:17:39.195,6.57159,6.57297,1.19,1.00
2014.10.24 08:17:39.980,6.57161,6.5731,1.19,1.30
2014.10.24 08:17:40.903,6.57161,6.57301,1.19,1.00
2014.10.24 08:17:40.954,6.57143,6.57301,1.90,1.00
2014.10.24 08:17:41.005,6.57143,6.57307,1.90,2.25
2014.10.24 08:17:41.055,6.57143,6.57298,1.90,1.00
2014.10.24 08:17:41.380,6.57143,6.57279,1.90,1.00
2014.10.24 08:17:41.431,6.57143,6.5729,1.90,1.00
2014.10.24 08:17:41.741,6.57137,6.5729,1.00,1.00
2014.10.24 08:17:41.896,6.57137,6.5729,1.75,1.00
2014.10.24 08:17:43.928,6.57156,6.5729,1.75,1.00
2014.10.24 08:17:44.029,6.57156,6.57307,1.75,1.00
2014.10.24 08:17:45.356,6.57156,6.57307,1.94,1.00
2014.10.24 08:17:46.008,6.57156,6.57291,1.19,1.00
2014.10.24 08:17:46.110,6.57156,6.57291,1.00,1.50
2014.10.24 08:17:46.161,6.57137,6.57277,1.00,1.00
2014.10.24 08:17:46.262,6.57112,6.57277,3.59,1.00
2014.10.24 08:17:46.364,6.57134,6.57263,1.00,1.00
2014.10.24 08:17:46.465,6.57112,6.57263,2.09,1.00
2014.10.24 08:17:46.567,6.57106,6.57249,1.19,1.00
2014.10.24 08:17:46.686,6.5709,6.57249,1.50,1.00
2014.10.24 08:17:46.839,6.57084,6.57249,1.54,1.00
2014.10.24 08:17:46.889,6.57084,6.57236,1.54,1.00
2014.10.24 08:17:47.977,6.57099,6.57236,1.00,1.00
2014.10.24 08:17:49.438,6.57099,6.5725,1.00,1.00
2014.10.24 08:17:49.641,6.57099,6.57261,1.00,1.00
2014.10.24 08:17:49.794,6.57099,6.57261,1.37,1.00
2014.10.24 08:17:50.373,6.57104,6.57261,1.30,1.00
2014.10.24 08:17:50.690,6.57126,6.57279,1.67,1.00
2014.10.24 08:17:50.893,6.57126,6.57292,1.67,1.00
2014.10.24 08:17:51.170,6.57137,6.57292,1.00,1.00
2014.10.24 08:17:51.475,6.57137,6.57279,1.00,1.00
2014.10.24 08:17:57.790,6.57137,6.57292,1.12,1.00
2014.10.24 08:17:57.891,6.57148,6.57292,1.30,1.00
2014.10.24 08:17:58.144,6.57148,6.57306,1.30,1.60
2014.10.24 08:17:58.246,6.57159,6.57306,1.00,1.60
2014.10.24 08:18:00.938,6.57164,6.57306,1.19,1.60
2014.10.24 08:18:03.270,6.57164,6.57306,1.19,1.00
2014.10.24 08:18:03.422,6.57168,6.5734,2.24,1.00
2014.10.24 08:18:03.473,6.57195,6.5734,1.19,1.00
2014.10.24 08:18:03.625,6.57195,6.57354,1.19,1.35
2014.10.24 08:18:03.829,6.57211,6.57354,1.30,1.35
2014.10.24 08:18:04.355,6.57211,6.57367,1.30,1.00
2014.10.24 08:18:05.466,6.57211,6.57367,2.05,1.00
2014.10.24 08:18:05.770,6.57252,6.57396,1.90,1.00
2014.10.24 08:18:05.821,6.57252,6.5741,1.90,1.00
2014.10.24 08:18:05.873,6.57252,6.57405,1.90,1.00
2014.10.24 08:18:05.974,6.57236,6.57396,1.49,1.00
2014.10.24 08:18:06.177,6.57236,6.57389,1.49,1.00
2014.10.24 08:18:06.499,6.57244,6.57361,1.00,1.00
2014.10.24 08:18:06.804,6.57144,6.57311,1.19,1.00
2014.10.24 08:18:06.855,6.57144,6.57296,1.19,1.00
2014.10.24 08:18:06.906,6.57142,6.57295,1.90,1.30
2014.10.24 08:18:06.957,6.57118,6.57285,1.19,1.00
2014.10.24 08:18:07.261,6.57118,6.57283,1.19,1.00
2014.10.24 08:18:08.767,6.57137,6.57283,1.00,1.00
2014.10.24 08:18:10.665,6.57137,6.57295,1.25,1.30
2014.10.24 08:18:11.194,6.57138,6.57295,1.00,1.30
2014.10.24 08:18:11.730,6.57137,6.57295,1.25,1.30
2014.10.24 08:18:12.689,6.57137,6.57293,1.00,1.00
2014.10.24 08:18:12.740,6.57116,6.57287,1.31,1.00
2014.10.24 08:18:12.865,6.57116,6.57284,1.31,1.00
2014.10.24 08:18:14.695,6.57117,6.57284,1.19,1.00
2014.10.24 08:18:16.701,6.57119,6.57284,1.19,1.00
2014.10.24 08:18:18.377,6.57119,6.57284,1.94,1.00
2014.10.24 08:18:18.529,6.57113,6.57278,1.30,2.25
2014.10.24 08:18:18.631,6.57111,6.57257,1.00,1.00
2014.10.24 08:18:18.682,6.57102,6.57254,1.90,1.00
2014.10.24 08:18:18.733,6.57082,6.57241,2.84,1.30
2014.10.24 08:18:19.037,6.57073,6.57231,1.94,1.00
2014.10.24 08:18:19.138,6.57053,6.57225,2.84,1.00
2014.10.24 08:18:19.391,6.57053,6.57225,2.84,1.00
2014.10.24 08:18:20.195,6.57053,6.57225,2.84,1.00
2014.10.24 08:18:20.297,6.57057,6.57225,1.94,1.00
2014.10.24 08:18:20.600,6.57077,6.57208,1.00,1.00
2014.10.24 08:18:20.803,6.57074,6.57208,1.00,1.00
2014.10.24 08:18:20.905,6.57074,6.57221,1.00,1.00
2014.10.24 08:18:22.893,6.57074,6.57221,1.37,1.00
2014.10.24 08:18:23.295,6.57074,6.57221,1.56,1.00
2014.10.24 08:18:23.625,6.57085,6.57221,1.12,1.00
2014.10.24 08:18:24.606,6.57085,6.57221,1.75,1.00
2014.10.24 08:18:24.758,6.57095,6.57242,1.75,1.00
2014.10.24 08:18:24.995,6.57106,6.57242,1.00,1.00
2014.10.24 08:18:25.162,6.57106,6.57267,1.75,1.00
2014.10.24 08:18:25.364,6.57112,6.57267,1.31,1.00
2014.10.24 08:18:25.900,6.57112,6.57257,1.31,1.00
2014.10.24 08:18:27.323,6.5711,6.57257,1.19,1.00
2014.10.24 08:18:29.332,6.57113,6.57257,1.19,1.00
2014.10.24 08:18:31.350,6.57093,6.57257,1.19,1.00
2014.10.24 08:18:31.452,6.57088,6.57254,1.19,1.00
2014.10.24 08:18:33.345,6.57081,6.57254,1.19,1.00
2014.10.24 08:18:35.351,6.57081,6.57254,1.19,1.00
2014.10.24 08:18:36.985,6.57081,6.57239,1.19,1.30
2014.10.24 08:18:37.305,6.57079,6.57227,1.19,1.00
2014.10.24 08:18:37.626,6.57132,6.57227,1.50,1.00
2014.10.24 08:18:37.727,6.57132,6.57248,1.50,1.00
2014.10.24 08:18:37.829,6.57132,6.57269,1.50,1.00
2014.10.24 08:18:37.930,6.57132,6.57233,1.50,1.00
2014.10.24 08:18:39.246,6.57132,6.57269,1.50,1.30
2014.10.24 08:18:39.398,6.57132,6.57255,1.50,1.00
2014.10.24 08:18:39.702,6.57132,6.57226,1.50,1.00
2014.10.24 08:18:40.676,6.57132,6.57251,1.50,1.00
2014.10.24 08:18:40.778,6.57132,6.57227,1.50,1.00
2014.10.24 08:18:41.656,6.57132,6.57269,1.50,1.30
2014.10.24 08:18:41.707,6.57112,6.57269,1.50,1.30
2014.10.24 08:18:41.808,6.57112,6.57227,1.50,1.00
2014.10.24 08:18:43.416,6.57112,6.57269,1.50,1.30
2014.10.24 08:18:43.637,6.57112,6.57251,1.50,1.00
2014.10.24 08:18:43.941,6.57082,6.57223,1.19,1.30
2014.10.24 08:18:44.213,6.57078,6.57223,1.00,1.30
2014.10.24 08:18:44.265,6.57062,6.57223,1.69,1.30
2014.10.24 08:18:44.627,6.57062,6.57197,1.69,1.00
2014.10.24 08:18:44.876,6.57072,6.57216,2.25,1.00
2014.10.24 08:18:44.978,6.57072,6.57197,1.00,1.00
2014.10.24 08:18:45.304,6.57078,6.57197,1.00,1.00
2014.10.24 08:18:45.355,6.57072,6.57197,1.00,1.00
2014.10.24 08:18:46.166,6.57072,6.57214,1.00,1.00
2014.10.24 08:18:47.955,6.57072,6.57197,1.00,1.00
2014.10.24 08:18:48.739,6.57072,6.57206,1.00,1.00
2014.10.24 08:18:49.026,6.57072,6.57182,1.00,1.00
2014.10.24 08:18:51.886,6.57072,6.572,1.00,1.00
2014.10.24 08:18:52.161,6.57082,6.572,1.50,1.00
2014.10.24 08:18:52.465,6.57102,6.57207,1.50,1.00
2014.10.24 08:18:53.179,6.57092,6.57207,1.50,1.00
2014.10.24 08:18:53.231,6.57092,6.57202,1.50,1.00
2014.10.24 08:18:53.383,6.57082,6.57202,1.50,1.00
2014.10.24 08:18:54.177,6.57093,6.57202,1.50,1.00
2014.10.24 08:18:54.481,6.57098,6.57202,1.00,1.00
2014.10.24 08:19:00.817,6.57098,6.57227,1.00,1.30
2014.10.24 08:19:00.868,6.57112,6.57247,1.50,1.30
2014.10.24 08:19:00.919,6.57112,6.57212,1.50,1.00
2014.10.24 08:19:01.088,6.57112,6.57247,1.50,1.30
2014.10.24 08:19:01.139,6.57112,6.57219,1.50,1.00
2014.10.24 08:19:01.474,6.57122,6.57219,1.50,1.00
2014.10.24 08:19:01.575,6.57122,6.57247,1.50,1.30
2014.10.24 08:19:03.910,6.57122,6.5724,1.50,1.00
2014.10.24 08:19:04.113,6.57122,6.57245,1.50,1.00
2014.10.24 08:19:05.165,6.57122,6.5723,1.50,1.00
2014.10.24 08:19:09.878,6.57133,6.57245,1.00,1.00
2014.10.24 08:19:09.929,6.57203,6.57286,1.50,1.00
2014.10.24 08:19:10.234,6.57083,6.57265,1.19,1.75
2014.10.24 08:19:10.285,6.57107,6.57265,1.00,1.75
2014.10.24 08:19:10.387,6.57029,6.57224,1.00,1.00
2014.10.24 08:19:10.437,6.57029,6.57194,1.00,1.00
2014.10.24 08:19:10.780,6.57048,6.57192,1.00,1.00
2014.10.24 08:19:11.283,6.57043,6.57192,1.00,1.00
2014.10.24 08:19:11.627,6.57029,6.57179,1.00,1.00
2014.10.24 08:19:14.034,6.57111,6.57179,3.00,1.00
2014.10.24 08:19:14.339,6.57188,6.57237,1.50,1.00
2014.10.24 08:19:14.491,6.57035,6.57197,1.00,1.00
2014.10.24 08:19:14.542,6.57064,6.57197,1.00,1.00
2014.10.24 08:19:14.644,6.57014,6.57151,1.00,1.00
2014.10.24 08:19:14.695,6.57033,6.57151,1.30,1.00
2014.10.24 08:19:14.746,6.57033,6.57171,1.30,1.00
2014.10.24 08:19:14.797,6.57005,6.57171,1.30,1.00
2014.10.24 08:19:14.848,6.57005,6.57138,1.30,1.00
2014.10.24 08:19:15.051,6.56953,6.5711,1.00,1.30
2014.10.24 08:19:15.153,6.5696,6.57138,1.00,1.00
2014.10.24 08:19:15.357,6.56967,6.57138,1.00,1.00
2014.10.24 08:19:15.662,6.56958,6.57104,1.00,1.00
2014.10.24 08:19:15.713,6.56937,6.57104,1.19,1.00
2014.10.24 08:19:15.814,6.56929,6.57104,1.00,1.00
2014.10.24 08:19:15.915,6.56926,6.5709,1.00,1.00
2014.10.24 08:19:16.453,6.5692,6.5709,1.00,1.00
2014.10.24 08:19:17.049,6.56918,6.5709,1.00,1.00
2014.10.24 08:19:17.223,6.56921,6.5709,1.00,1.00
2014.10.24 08:19:17.883,6.56925,6.5709,1.00,1.00
2014.10.24 08:19:18.323,6.56938,6.5709,1.00,1.00
2014.10.24 08:19:18.374,6.56938,6.57103,1.00,1.00
2014.10.24 08:19:18.475,6.56954,6.57114,1.00,1.19
2014.10.24 08:19:18.784,6.56957,6.57114,1.00,1.19
2014.10.24 08:19:18.835,6.56957,6.57114,1.00,1.00
2014.10.24 08:19:18.886,6.57015,6.57147,1.00,1.00
2014.10.24 08:19:19.191,6.57067,6.5716,1.00,1.00
2014.10.24 08:19:19.242,6.57007,6.5716,1.19,1.00
2014.10.24 08:19:19.343,6.56983,6.5716,1.94,1.00
2014.10.24 08:19:19.445,6.5698,6.5715,1.19,1.00
2014.10.24 08:19:19.751,6.5698,6.5716,1.94,1.00
2014.10.24 08:19:20.132,6.56983,6.5716,1.94,1.00
2014.10.24 08:19:20.597,6.56986,6.5715,1.94,1.00
2014.10.24 08:19:20.705,6.56983,6.57161,1.94,1.00
2014.10.24 08:19:20.957,6.56987,6.57149,1.94,1.00
2014.10.24 08:19:21.034,6.56987,6.57149,1.94,1.00
2014.10.24 08:19:21.085,6.56987,6.57161,1.94,1.00
2014.10.24 08:19:21.139,6.56987,6.57161,1.94,1.00
2014.10.24 08:19:21.579,6.57009,6.57161,1.75,1.00
2014.10.24 08:19:21.781,6.57092,6.57207,1.50,1.00
2014.10.24 08:19:22.674,6.57045,6.57207,1.75,1.00
2014.10.24 08:19:22.775,6.57018,6.57176,1.94,1.00
2014.10.24 08:19:23.079,6.56995,6.57163,1.75,1.00
2014.10.24 08:19:23.785,6.56987,6.57158,1.94,1.00
2014.10.24 08:19:23.896,6.56987,6.57163,1.94,1.00
2014.10.24 08:19:24.145,6.56987,6.57163,1.94,1.00
2014.10.24 08:19:24.584,6.56995,6.57163,1.75,1.00
2014.10.24 08:19:25.083,6.5698,6.57163,1.75,1.00
2014.10.24 08:19:25.223,6.56979,6.57163,1.75,1.00
2014.10.24 08:19:25.584,6.56975,6.57151,1.75,1.00
2014.10.24 08:19:26.046,6.56975,6.57143,1.75,1.00
2014.10.24 08:19:26.097,6.56975,6.57143,1.75,1.00
2014.10.24 08:19:28.069,6.56975,6.57143,1.75,1.00
2014.10.24 08:19:28.396,6.56973,6.57143,1.75,1.00
2014.10.24 08:19:28.677,6.56983,6.57143,1.75,1.00
2014.10.24 08:19:28.878,6.56971,6.57143,1.75,1.00
2014.10.24 08:19:29.985,6.56971,6.57143,1.75,1.00
2014.10.24 08:19:30.089,6.56971,6.57143,1.75,1.00
2014.10.24 08:19:30.254,6.56968,6.57138,1.75,1.00
2014.10.24 08:19:30.390,6.56968,6.57138,1.75,1.00
2014.10.24 08:19:30.492,6.56968,6.57138,1.75,1.19
2014.10.24 08:19:30.797,6.56943,6.5711,1.75,1.00
2014.10.24 08:19:30.848,6.56943,6.5711,1.75,1.00
2014.10.24 08:19:30.949,6.5694,6.5711,1.75,1.00
2014.10.24 08:19:31.051,6.56938,6.5711,1.75,1.00
2014.10.24 08:19:31.304,6.57005,6.5711,1.00,1.00
2014.10.24 08:19:31.608,6.57082,6.57157,1.50,1.00
2014.10.24 08:19:31.661,6.57082,6.5717,1.50,1.00
2014.10.24 08:19:31.712,6.57053,6.57153,1.00,1.00
2014.10.24 08:19:31.763,6.56991,6.57151,1.00,1.00
2014.10.24 08:19:31.965,6.56991,6.57134,1.00,1.00
2014.10.24 08:19:32.175,6.56973,6.57134,1.90,1.00
2014.10.24 08:19:32.613,6.56959,6.57134,1.94,1.00
2014.10.24 08:19:32.716,6.56959,6.57134,1.94,1.00
2014.10.24 08:19:33.403,6.56958,6.57124,1.75,1.00
2014.10.24 08:19:34.021,6.56958,6.57124,1.75,1.00
2014.10.24 08:19:34.123,6.56958,6.57124,1.75,1.19
2014.10.24 08:19:34.226,6.56958,6.57124,1.75,1.19
2014.10.24 08:19:34.328,6.56906,6.57105,1.94,1.00
2014.10.24 08:19:34.632,6.56903,6.57069,1.00,1.00
2014.10.24 08:19:34.683,6.56907,6.57069,1.00,1.00
2014.10.24 08:19:34.987,6.56928,6.57097,1.00,1.00
2014.10.24 08:19:35.038,6.56928,6.57092,1.00,1.00
2014.10.24 08:19:35.373,6.56931,6.57092,1.00,1.00
2014.10.24 08:19:35.750,6.56931,6.57092,1.75,1.00
2014.10.24 08:19:36.147,6.56941,6.57092,1.75,1.00
2014.10.24 08:19:36.227,6.56941,6.57092,1.75,1.00
2014.10.24 08:19:37.365,6.56934,6.57092,1.75,1.00
2014.10.24 08:19:37.683,6.56943,6.57092,1.75,1.00
2014.10.24 08:19:40.725,6.56943,6.57097,1.75,1.00
2014.10.24 08:19:40.777,6.56943,6.57097,1.75,1.00
2014.10.24 08:19:40.937,6.56943,6.57097,1.75,1.00
2014.10.24 08:19:42.239,6.56943,6.57097,1.75,1.00
2014.10.24 08:19:42.339,6.56943,6.57097,1.75,1.00
2014.10.24 08:19:42.441,6.56943,6.57097,1.75,1.00
2014.10.24 08:19:42.745,6.57062,6.57112,1.50,1.00
2014.10.24 08:19:42.798,6.57062,6.57146,1.50,1.00
2014.10.24 08:19:42.899,6.57025,6.57159,1.30,1.00
2014.10.24 08:19:42.950,6.56993,6.57159,1.90,1.00
2014.10.24 08:19:43.002,6.56971,6.57142,1.00,1.00
2014.10.24 08:19:43.103,6.56971,6.57128,1.00,1.00
2014.10.24 08:19:43.765,6.56971,6.57128,1.75,1.50
2014.10.24 08:19:43.976,6.56971,6.57128,1.75,1.50
2014.10.24 08:19:44.078,6.56971,6.57128,1.75,1.50
2014.10.24 08:19:44.767,6.56971,6.57128,1.75,1.50
2014.10.24 08:19:44.869,6.56953,6.57115,1.75,1.00
2014.10.24 08:19:45.750,6.56952,6.57115,1.75,1.00
2014.10.24 08:19:45.873,6.56952,6.57115,1.75,1.00
2014.10.24 08:19:46.053,6.56952,6.57128,1.75,1.00
2014.10.24 08:19:46.882,6.56958,6.57128,1.75,1.00
2014.10.24 08:19:46.933,6.56955,6.57109,1.75,1.00
2014.10.24 08:19:47.085,6.56955,6.57109,1.37,1.00
2014.10.24 08:19:47.354,6.56953,6.57109,1.75,1.00
2014.10.24 08:19:47.557,6.56961,6.5713,1.75,1.00
2014.10.24 08:19:47.863,6.56972,6.5713,1.00,1.00
2014.10.24 08:19:47.965,6.56963,6.5713,1.37,1.00
2014.10.24 08:19:48.758,6.56955,6.5713,1.37,1.00
2014.10.24 08:19:49.884,6.56954,6.5713,1.75,1.00
2014.10.24 08:19:50.187,6.56963,6.5713,1.75,1.00
2014.10.24 08:19:50.775,6.56954,6.5713,1.75,1.00
2014.10.24 08:19:51.263,6.56954,6.5713,1.75,1.00
2014.10.24 08:19:51.767,6.56959,6.5713,1.75,1.00
2014.10.24 08:19:52.365,6.56954,6.5713,1.75,1.00
2014.10.24 08:19:53.375,6.56946,6.57089,1.75,1.00
2014.10.24 08:19:55.253,6.56944,6.57089,1.75,1.00
2014.10.24 08:19:55.355,6.56944,6.57089,1.75,1.00
2014.10.24 08:19:55.610,6.56945,6.57071,1.75,1.00
2014.10.24 08:19:55.712,6.56945,6.57071,1.00,1.00
2014.10.24 08:19:55.763,6.56934,6.57071,1.25,1.00
2014.10.24 08:19:55.864,6.56937,6.57071,1.00,1.00
2014.10.24 08:19:56.185,6.56941,6.57071,1.00,1.00
2014.10.24 08:19:56.492,6.5695,6.57071,1.00,1.00
2014.10.24 08:19:57.263,6.56943,6.57071,1.00,1.00
2014.10.24 08:19:57.483,6.56951,6.57071,1.00,1.00
2014.10.24 08:19:58.324,6.56951,6.57071,1.75,1.00
2014.10.24 08:19:58.627,6.56936,6.57071,1.75,1.00
2014.10.24 08:19:59.857,6.56948,6.57071,1.75,1.00
2014.10.24 08:19:59.958,6.56948,6.57071,1.00,1.00
2014.10.24 08:20:00.086,6.56948,6.57106,1.00,1.00
2014.10.24 08:20:00.137,6.56954,6.57106,1.00,1.00
2014.10.24 08:20:00.503,6.56954,6.57086,1.00,1.00
2014.10.24 08:20:01.004,6.56957,6.57086,1.00,1.00
2014.10.24 08:20:02.094,6.5696,6.57086,1.00,1.00
2014.10.24 08:20:02.433,6.56965,6.57086,1.00,1.00
2014.10.24 08:20:02.747,6.56982,6.57146,1.30,1.00
2014.10.24 08:20:02.798,6.56995,6.57146,1.00,1.00
2014.10.24 08:20:03.203,6.56999,6.57144,1.00,1.00
2014.10.24 08:20:03.634,6.56999,6.57125,1.00,1.00
2014.10.24 08:20:03.865,6.56996,6.57125,1.00,1.00
2014.10.24 08:20:04.523,6.56998,6.57125,1.00,1.00
2014.10.24 08:20:04.984,6.57,6.57125,1.00,1.00
2014.10.24 08:20:06.725,6.5699,6.57125,1.00,1.00
2014.10.24 08:20:06.928,6.56986,6.57125,1.00,1.00
2014.10.24 08:20:06.979,6.56981,6.57125,1.00,1.00
2014.10.24 08:20:07.053,6.56989,6.57125,1.00,1.00
2014.10.24 08:20:07.374,6.56991,6.57125,1.00,1.00
2014.10.24 08:20:07.681,6.57001,6.57125,1.00,1.00
2014.10.24 08:20:07.833,6.56999,6.57125,1.00,1.00
2014.10.24 08:20:07.985,6.56989,6.57125,1.00,1.00
2014.10.24 08:20:08.155,6.5698,6.57125,1.00,1.00
2014.10.24 08:20:08.307,6.5698,6.57123,1.00,1.30
2014.10.24 08:20:08.707,6.5698,6.57108,1.00,1.00
2014.10.24 08:20:09.709,6.56977,6.57108,1.00,1.00
2014.10.24 08:20:10.023,6.56963,6.57108,1.00,1.00
2014.10.24 08:20:10.124,6.56963,6.57108,1.75,1.00
2014.10.24 08:20:10.463,6.56958,6.57104,1.75,1.00
2014.10.24 08:20:10.800,6.56954,6.57079,1.75,1.00
2014.10.24 08:20:10.901,6.56954,6.57097,1.75,1.00
2014.10.24 08:20:11.004,6.5695,6.57079,1.75,1.00
2014.10.24 08:20:11.105,6.56932,6.57095,1.75,1.00
2014.10.24 08:20:11.207,6.56924,6.57092,2.25,1.00
2014.10.24 08:20:11.263,6.56924,6.57092,1.75,1.19
2014.10.24 08:20:11.415,6.56917,6.57069,1.00,1.00
2014.10.24 08:20:11.466,6.56917,6.57088,1.00,1.00
2014.10.24 08:20:11.785,6.56917,6.57078,1.00,1.00
2014.10.24 08:20:12.089,6.56917,6.57076,1.00,1.00
2014.10.24 08:20:12.393,6.56932,6.57055,1.75,1.00
2014.10.24 08:20:12.444,6.56943,6.5707,1.00,1.00
2014.10.24 08:20:12.883,6.56945,6.5707,1.00,1.00
2014.10.24 08:20:13.434,6.56941,6.5707,1.00,1.00
2014.10.24 08:20:14.590,6.5693,6.5707,1.00,1.00
2014.10.24 08:20:15.244,6.56934,6.5707,1.00,1.00
2014.10.24 08:20:17.523,6.56922,6.57067,1.50,1.00
2014.10.24 08:20:17.625,6.56922,6.57067,2.25,1.00
2014.10.24 08:20:17.727,6.56896,6.57063,1.75,1.00
2014.10.24 08:20:17.829,6.56887,6.57058,2.24,1.00
2014.10.24 08:20:18.145,6.56883,6.57045,1.94,1.00
2014.10.24 08:20:18.728,6.56883,6.57045,1.94,1.50
2014.10.24 08:20:18.779,6.56865,6.57033,2.05,1.00
2014.10.24 08:20:18.830,6.56865,6.57033,1.30,1.00
2014.10.24 08:20:18.931,6.56865,6.57012,1.30,1.00
2014.10.24 08:20:19.033,6.56865,6.57032,1.30,1.00
2014.10.24 08:20:19.235,6.56865,6.57012,1.30,1.00
2014.10.24 08:20:19.654,6.56873,6.57012,1.00,1.00
2014.10.24 08:20:20.033,6.56879,6.57012,1.00,1.00
2014.10.24 08:20:20.205,6.56869,6.57012,1.00,1.00
2014.10.24 08:20:20.314,6.56865,6.57012,1.30,1.00
2014.10.24 08:20:20.365,6.56865,6.57014,1.30,1.00
2014.10.24 08:20:20.466,6.5685,6.57014,1.00,1.00
2014.10.24 08:20:20.618,6.56844,6.57014,1.16,1.00
2014.10.24 08:20:20.719,6.56836,6.57006,1.19,1.30
2014.10.24 08:20:20.922,6.56834,6.57006,1.00,1.30
2014.10.24 08:20:20.974,6.5684,6.57006,1.00,1.30
2014.10.24 08:20:21.077,6.5683,6.57006,1.00,1.30
2014.10.24 08:20:21.230,6.5683,6.56985,1.00,1.30
2014.10.24 08:20:22.012,6.5683,6.56967,1.00,1.00
2014.10.24 08:20:22.215,6.5683,6.56983,1.00,1.00
2014.10.24 08:20:22.316,6.5683,6.56961,1.00,1.00
2014.10.24 08:20:22.573,6.5683,6.56977,1.00,1.00
2014.10.24 08:20:22.636,6.5683,6.56956,1.00,1.00
2014.10.24 08:20:22.839,6.56826,6.56956,1.00,1.00
2014.10.24 08:20:22.890,6.56826,6.56954,1.00,1.00
2014.10.24 08:20:23.225,6.56836,6.56954,1.00,1.00
2014.10.24 08:20:23.981,6.56836,6.56972,1.00,1.00
2014.10.24 08:20:24.164,6.5684,6.56972,1.00,1.00
2014.10.24 08:20:24.469,6.56843,6.56972,1.00,1.00
2014.10.24 08:20:24.773,6.56845,6.56972,1.00,1.00
2014.10.24 08:20:25.113,6.5684,6.56972,1.00,1.00
2014.10.24 08:20:28.136,6.5683,6.56972,1.00,1.00
2014.10.24 08:20:29.884,6.56831,6.56972,1.00,1.00
2014.10.24 08:20:31.173,6.56841,6.56972,1.00,1.00
2014.10.24 08:20:31.483,6.56857,6.56972,1.00,1.00
2014.10.24 08:20:31.534,6.56844,6.56972,1.00,1.00
2014.10.24 08:20:31.644,6.56848,6.56972,1.00,1.00
2014.10.24 08:20:34.278,6.56852,6.56972,1.00,1.00
2014.10.24 08:20:34.794,6.56848,6.56972,1.00,1.00
2014.10.24 08:20:35.162,6.56855,6.56972,1.00,1.00
2014.10.24 08:20:35.553,6.56858,6.56972,1.00,1.00
2014.10.24 08:20:37.965,6.56858,6.56989,1.00,1.00
2014.10.24 08:20:38.236,6.56869,6.56989,1.00,1.00
2014.10.24 08:20:38.752,6.56871,6.56989,1.00,1.00
2014.10.24 08:20:39.623,6.56872,6.56989,1.00,1.00
2014.10.24 08:20:40.404,6.56876,6.56989,1.00,1.00
2014.10.24 08:20:40.662,6.56872,6.56989,1.00,1.00
2014.10.24 08:20:40.880,6.56868,6.56989,1.00,1.00
2014.10.24 08:20:40.982,6.56858,6.56989,1.00,1.00
2014.10.24 08:20:46.142,6.5685,6.56989,1.00,1.00
2014.10.24 08:20:46.243,6.56853,6.56989,1.00,1.00
2014.10.24 08:20:46.854,6.56854,6.56989,1.00,1.00
2014.10.24 08:20:51.343,6.56857,6.56989,1.00,1.00
2014.10.24 08:20:51.512,6.56854,6.56989,1.50,1.00
2014.10.24 08:20:52.392,6.56858,6.56989,1.00,1.00
2014.10.24 08:20:52.705,6.56874,6.56989,1.00,1.00
2014.10.24 08:20:52.958,6.56872,6.56989,1.00,1.00
2014.10.24 08:20:53.059,6.56876,6.56989,1.00,1.00
2014.10.24 08:20:53.334,6.56876,6.57026,1.00,1.00
2014.10.24 08:20:53.662,6.56876,6.57005,1.00,1.00
2014.10.24 08:20:56.723,6.56864,6.57005,1.00,1.00
2014.10.24 08:20:56.825,6.56868,6.57005,1.00,1.00
2014.10.24 08:20:57.148,6.56874,6.57005,1.00,1.00
2014.10.24 08:20:57.934,6.56881,6.57005,1.00,1.00
2014.10.24 08:21:00.204,6.56875,6.57005,1.00,1.00
2014.10.24 08:21:00.356,6.56864,6.57005,1.00,1.00
2014.10.24 08:21:00.408,6.56864,6.56986,1.00,1.00
2014.10.24 08:21:00.509,6.56864,6.56991,1.00,1.00
2014.10.24 08:21:00.560,6.56871,6.56991,1.00,1.00
2014.10.24 08:21:00.906,6.56863,6.56977,1.00,1.00
2014.10.24 08:21:03.873,6.56893,6.56977,1.00,1.00
2014.10.24 08:21:03.944,6.56903,6.56995,1.00,1.00
2014.10.24 08:21:04.150,6.56903,6.5704,1.00,1.49
2014.10.24 08:21:04.200,6.56905,6.5704,1.00,1.49
2014.10.24 08:21:04.905,6.56905,6.57014,1.00,1.00
2014.10.24 08:21:07.070,6.56915,6.57014,1.00,1.00
2014.10.24 08:21:07.120,6.56915,6.57029,1.00,1.00
2014.10.24 08:21:07.171,6.56922,6.57029,1.00,1.00
2014.10.24 08:21:07.633,6.56926,6.57029,1.00,1.00
2014.10.24 08:21:18.286,6.56931,6.57029,1.00,1.00
2014.10.24 08:21:18.539,6.56932,6.5705,1.00,1.00
2014.10.24 08:21:20.113,6.56935,6.5705,1.00,1.00
2014.10.24 08:21:20.604,6.56937,6.5705,1.00,1.00
2014.10.24 08:21:21.653,6.56934,6.5705,1.00,1.00
2014.10.24 08:21:21.905,6.56936,6.5705,1.00,1.00
2014.10.24 08:21:23.193,6.56934,6.5705,1.00,1.00
2014.10.24 08:21:23.633,6.56937,6.5705,1.00,1.00
2014.10.24 08:21:23.734,6.56937,6.5708,1.00,1.30
2014.10.24 08:21:23.906,6.56937,6.57065,1.00,1.00
2014.10.24 08:21:24.072,6.56935,6.57065,1.00,1.00
2014.10.24 08:21:29.143,6.56945,6.57065,1.00,1.00
2014.10.24 08:21:29.933,6.5695,6.57065,1.00,1.00
2014.10.24 08:21:31.013,6.56946,6.57065,1.00,1.00
2014.10.24 08:21:31.133,6.56937,6.57065,1.00,1.00
2014.10.24 08:21:31.235,6.56931,6.57065,1.00,1.00
2014.10.24 08:21:31.488,6.56929,6.57065,1.00,1.00
2014.10.24 08:21:32.804,6.56923,6.57065,1.72,1.00
2014.10.24 08:21:38.865,6.56923,6.57048,1.00,1.00
2014.10.24 08:21:39.168,6.56938,6.57048,1.00,1.00
2014.10.24 08:21:39.462,6.5694,6.57067,1.00,1.00
2014.10.24 08:21:40.143,6.56934,6.57067,1.00,1.00
2014.10.24 08:21:40.274,6.56929,6.57067,1.00,1.00
2014.10.24 08:21:40.478,6.56919,6.57067,1.19,1.00
2014.10.24 08:21:42.413,6.56914,6.57067,1.00,1.00
2014.10.24 08:21:42.944,6.56914,6.57045,1.00,1.00
2014.10.24 08:21:46.894,6.56912,6.57045,1.30,1.00
2014.10.24 08:21:47.189,6.56907,6.57045,1.00,1.00
2014.10.24 08:21:47.240,6.56903,6.57045,1.69,1.00
2014.10.24 08:21:48.417,6.56902,6.57045,1.50,1.00
2014.10.24 08:21:58.045,6.56891,6.5704,1.00,1.30
2014.10.24 08:21:58.146,6.56877,6.5703,1.19,1.00
2014.10.24 08:21:58.214,6.56868,6.57028,1.00,1.00
2014.10.24 08:21:58.265,6.56868,6.57019,1.00,1.30
2014.10.24 08:21:58.367,6.56849,6.57019,1.00,1.30
2014.10.24 08:21:58.418,6.56842,6.57018,3.00,1.00
2014.10.24 08:21:58.519,6.56842,6.57014,1.00,1.00
2014.10.24 08:21:58.834,6.56832,6.56997,1.69,1.30
2014.10.24 08:21:59.256,6.56842,6.56997,1.50,1.30
2014.10.24 08:21:59.560,6.5685,6.56983,1.00,1.00
2014.10.24 08:22:01.152,6.56845,6.56983,1.00,1.00
2014.10.24 08:22:01.304,6.56851,6.56983,1.00,1.00
2014.10.24 08:22:01.372,6.56842,6.56983,2.25,1.00
2014.10.24 08:22:02.473,6.56845,6.56983,1.00,1.00
2014.10.24 08:22:03.799,6.5685,6.56983,1.00,1.00
2014.10.24 08:22:04.102,6.56872,6.56983,1.50,1.00
2014.10.24 08:22:04.642,6.56867,6.57002,1.00,1.00
2014.10.24 08:22:04.693,6.56869,6.57002,1.00,1.00
2014.10.24 08:22:05.771,6.56867,6.57002,1.50,1.00
2014.10.24 08:22:06.393,6.56855,6.57002,1.50,1.00
2014.10.24 08:22:07.201,6.56859,6.57002,1.00,1.00
2014.10.24 08:22:07.421,6.56855,6.57002,1.50,1.00
2014.10.24 08:22:07.601,6.56855,6.56984,1.50,1.00
2014.10.24 08:22:07.703,6.5685,6.56984,1.00,1.00
2014.10.24 08:22:07.754,6.56844,6.56984,1.50,1.00
2014.10.24 08:22:09.756,6.56842,6.56984,1.00,1.00
2014.10.24 08:22:09.908,6.56835,6.56984,1.00,1.00
2014.10.24 08:22:09.959,6.5683,6.56984,1.50,1.00
2014.10.24 08:22:10.713,6.56832,6.56984,1.50,1.00
2014.10.24 08:22:11.114,6.56845,6.56984,1.00,1.00
2014.10.24 08:22:11.522,6.56856,6.56984,1.00,1.00
2014.10.24 08:22:11.835,6.56859,6.56984,1.50,1.00
2014.10.24 08:22:15.604,6.56856,6.56984,1.30,1.00
2014.10.24 08:22:15.655,6.56852,6.56984,1.00,1.00
2014.10.24 08:22:15.706,6.56848,6.56984,1.00,1.00
2014.10.24 08:22:16.519,6.56836,6.56984,1.00,1.00
2014.10.24 08:22:17.729,6.5683,6.56984,1.00,1.00
2014.10.24 08:22:17.780,6.5683,6.56966,1.00,1.00
2014.10.24 08:22:18.083,6.56833,6.56966,1.00,1.00
2014.10.24 08:22:18.653,6.56827,6.56966,1.00,1.00
2014.10.24 08:22:18.999,6.56834,6.56966,1.00,1.00
2014.10.24 08:22:19.742,6.56832,6.56966,1.00,1.00
2014.10.24 08:22:20.407,6.56825,6.56966,1.00,1.00
2014.10.24 08:22:20.458,6.56818,6.56966,1.00,1.00
2014.10.24 08:22:23.260,6.56822,6.56966,1.00,1.00
2014.10.24 08:22:23.921,6.5682,6.56966,1.00,1.00
2014.10.24 08:22:24.408,6.56825,6.56966,1.50,1.00
2014.10.24 08:22:24.785,6.56829,6.56966,1.00,1.00
2014.10.24 08:22:26.828,6.56835,6.56966,1.00,1.00
2014.10.24 08:22:27.593,6.56827,6.56966,1.00,1.00
2014.10.24 08:22:28.432,6.56825,6.56966,1.00,1.00
2014.10.24 08:22:29.861,6.5682,6.56966,1.00,1.00
2014.10.24 08:22:30.101,6.56814,6.56966,1.00,1.00
2014.10.24 08:22:30.631,6.56816,6.56966,1.00,1.00
2014.10.24 08:22:31.401,6.56821,6.56966,1.00,1.00
2014.10.24 08:22:32.171,6.56818,6.56966,1.00,1.00
2014.10.24 08:22:32.501,6.5682,6.56966,1.00,1.00
2014.10.24 08:22:32.831,6.56818,6.56966,1.00,1.00
2014.10.24 08:22:32.941,6.56828,6.56966,1.00,1.00
2014.10.24 08:22:33.252,6.56831,6.56966,1.00,1.00
2014.10.24 08:22:33.382,6.56828,6.56966,1.00,1.00
2014.10.24 08:22:33.491,6.5682,6.56966,1.00,1.00
2014.10.24 08:22:34.150,6.56823,6.56966,1.00,1.00
2014.10.24 08:22:34.506,6.5682,6.56966,1.00,1.00
2014.10.24 08:22:34.625,6.56828,6.56966,1.00,1.00
2014.10.24 08:22:35.031,6.56821,6.56966,1.00,1.00
2014.10.24 08:22:35.869,6.56826,6.56966,1.00,1.00
2014.10.24 08:22:35.920,6.56823,6.56966,1.00,1.00
2014.10.24 08:22:38.661,6.56819,6.56966,1.00,1.00
2014.10.24 08:22:41.855,6.56814,6.56939,1.00,1.00
2014.10.24 08:22:41.906,6.5681,6.56939,1.00,1.00
2014.10.24 08:22:42.007,6.568,6.56939,1.00,1.00
2014.10.24 08:22:42.058,6.568,6.56947,1.00,1.00
2014.10.24 08:22:42.109,6.56796,6.56947,1.00,1.00
2014.10.24 08:22:42.564,6.56785,6.56938,1.00,1.00
2014.10.24 08:22:42.766,6.56777,6.56927,1.19,1.00
2014.10.24 08:22:43.189,6.56771,6.56917,1.19,1.00
2014.10.24 08:22:43.629,6.56771,6.56902,1.19,1.00
2014.10.24 08:22:43.845,6.56769,6.56902,1.00,1.00
2014.10.24 08:22:44.982,6.56762,6.56902,1.00,1.00
2014.10.24 08:22:45.700,6.5676,6.56902,1.00,1.00
2014.10.24 08:22:47.381,6.5677,6.56902,1.00,1.00
2014.10.24 08:22:48.276,6.56776,6.56902,1.00,1.00
2014.10.24 08:22:48.428,6.56786,6.56943,1.00,1.00
2014.10.24 08:22:48.479,6.56794,6.56943,1.00,1.00
2014.10.24 08:22:48.791,6.56781,6.56922,1.00,1.00
2014.10.24 08:22:50.042,6.56778,6.56922,1.00,1.00
2014.10.24 08:22:50.687,6.56776,6.56922,1.00,1.00
2014.10.24 08:22:51.421,6.56778,6.56922,1.00,1.00
2014.10.24 08:22:51.675,6.56756,6.56907,1.19,1.00
2014.10.24 08:22:51.776,6.56756,6.56905,1.19,1.30
2014.10.24 08:22:52.183,6.56757,6.56891,1.19,1.00
2014.10.24 08:22:52.793,6.5676,6.56891,1.00,1.00
2014.10.24 08:22:53.293,6.56757,6.56891,1.00,1.00
2014.10.24 08:22:53.445,6.56746,6.56891,1.50,1.00
2014.10.24 08:22:53.547,6.56743,6.56891,1.49,1.00
2014.10.24 08:22:53.852,6.56746,6.56891,1.00,1.00
2014.10.24 08:22:54.433,6.56752,6.56891,1.00,1.00
2014.10.24 08:22:55.750,6.56755,6.56891,1.00,1.00
2014.10.24 08:22:56.065,6.56768,6.56891,1.00,1.00
2014.10.24 08:22:56.167,6.56756,6.56891,1.00,1.00
2014.10.24 08:22:56.218,6.5675,6.56891,1.00,1.00
2014.10.24 08:22:56.269,6.56755,6.56891,1.00,1.00
2014.10.24 08:22:56.421,6.56753,6.56891,1.00,1.00
2014.10.24 08:22:56.744,6.5675,6.56891,1.00,1.00
2014.10.24 08:22:57.374,6.56754,6.56891,1.00,1.00
2014.10.24 08:22:57.476,6.56744,6.56891,1.19,1.00
2014.10.24 08:22:58.461,6.56749,6.56891,1.00,1.00
2014.10.24 08:22:58.791,6.56751,6.56891,1.00,1.00
2014.10.24 08:22:58.943,6.56744,6.56891,1.19,1.00
2014.10.24 08:22:59.578,6.56733,6.56872,1.91,1.00
2014.10.24 08:22:59.730,6.56726,6.56872,1.00,1.00
2014.10.24 08:22:59.781,6.56718,6.56876,1.00,1.00
2014.10.24 08:22:59.832,6.5671,6.56876,1.00,1.00
2014.10.24 08:22:59.883,6.5671,6.56874,1.00,1.00
2014.10.24 08:22:59.934,6.56708,6.56874,1.00,1.00
2014.10.24 08:23:00.155,6.56708,6.56868,1.00,1.00
2014.10.24 08:23:00.551,6.56708,6.5684,1.00,1.00
2014.10.24 08:23:01.363,6.56702,6.5684,1.16,1.00
2014.10.24 08:23:01.466,6.56688,6.5684,1.00,1.00
2014.10.24 08:23:01.518,6.56688,6.56848,1.00,1.00
2014.10.24 08:23:01.671,6.56682,6.56848,1.00,1.00
2014.10.24 08:23:01.872,6.56682,6.56843,1.00,1.00
2014.10.24 08:23:02.477,6.56682,6.56813,1.00,1.00
2014.10.24 08:23:03.558,6.56688,6.56813,1.00,1.00
2014.10.24 08:23:03.761,6.56681,6.56813,1.00,1.00
2014.10.24 08:23:03.863,6.5667,6.56813,1.00,1.00
2014.10.24 08:23:03.965,6.56672,6.56813,1.00,1.00
2014.10.24 08:23:04.511,6.56677,6.56813,1.00,1.00
2014.10.24 08:23:04.818,6.56707,6.56813,1.00,1.00
2014.10.24 08:23:04.868,6.56704,6.56813,1.00,1.00
2014.10.24 08:23:05.365,6.56704,6.56833,1.00,1.00
2014.10.24 08:23:05.537,6.56715,6.56833,1.00,1.00
2014.10.24 08:23:05.841,6.56722,6.56833,1.00,1.00
2014.10.24 08:23:06.177,6.56729,6.56833,1.00,1.00
2014.10.24 08:23:06.271,6.56721,6.56833,1.00,1.00
2014.10.24 08:23:06.737,6.56716,6.56833,1.00,1.00
2014.10.24 08:23:06.838,6.56709,6.56833,1.00,1.00
2014.10.24 08:23:06.940,6.56703,6.56833,1.19,1.00
2014.10.24 08:23:07.867,6.56703,6.56833,1.00,1.00
2014.10.24 08:23:08.055,6.56698,6.56833,1.00,1.00
2014.10.24 08:23:08.265,6.56679,6.56814,1.19,1.00
2014.10.24 08:23:09.181,6.56691,6.56814,1.00,1.00
2014.10.24 08:23:09.516,6.56696,6.56814,1.00,1.00
2014.10.24 08:23:10.637,6.56694,6.56814,1.00,1.00
2014.10.24 08:23:10.790,6.56701,6.56814,1.00,1.00
2014.10.24 08:23:11.330,6.56702,6.56814,1.00,1.00
2014.10.24 08:23:11.659,6.56702,6.56833,1.00,1.00
2014.10.24 08:23:11.711,6.56712,6.56833,1.00,1.00
2014.10.24 08:23:12.220,6.56713,6.56833,1.00,1.00
2014.10.24 08:23:15.071,6.56722,6.56833,1.00,1.00
2014.10.24 08:23:15.595,6.56722,6.56851,1.00,1.00
2014.10.24 08:23:16.281,6.56725,6.56851,1.00,1.00
2014.10.24 08:23:16.483,6.56735,6.56888,1.00,1.00
2014.10.24 08:23:16.534,6.56731,6.56888,1.00,1.00
2014.10.24 08:23:16.636,6.56737,6.56862,1.00,1.00
2014.10.24 08:23:16.940,6.56749,6.56862,1.00,1.00
2014.10.24 08:23:16.992,6.56743,6.56862,1.30,1.00
2014.10.24 08:23:18.305,6.5675,6.56862,1.00,1.00
2014.10.24 08:23:18.356,6.5675,6.56898,1.00,1.00
2014.10.24 08:23:18.642,6.5675,6.56904,1.00,1.00
2014.10.24 08:23:18.692,6.5675,6.56884,1.00,1.00
2014.10.24 08:23:19.140,6.56759,6.56884,1.00,1.00
2014.10.24 08:23:19.650,6.56758,6.56884,1.00,1.00
2014.10.24 08:23:20.273,6.56759,6.56882,1.00,1.66
2014.10.24 08:23:20.476,6.56766,6.56882,1.00,1.00
2014.10.24 08:23:20.578,6.56766,6.56864,1.00,1.00
2014.10.24 08:23:20.684,6.56758,6.56883,1.00,1.00
2014.10.24 08:23:20.735,6.56772,6.56883,1.50,1.00
2014.10.24 08:23:22.418,6.56782,6.56883,1.50,1.00
2014.10.24 08:23:22.902,6.56782,6.56911,1.50,1.00
2014.10.24 08:23:23.973,6.56782,6.56894,1.50,1.00
2014.10.24 08:23:24.176,6.56766,6.56894,1.00,1.00
2014.10.24 08:23:24.227,6.56751,6.56894,1.19,1.00
2014.10.24 08:23:24.772,6.56755,6.56894,1.00,1.00
2014.10.24 08:23:25.083,6.56782,6.56912,1.50,1.00
2014.10.24 08:23:25.286,6.56792,6.56941,1.50,1.00
2014.10.24 08:23:25.437,6.56807,6.56941,1.00,1.00
2014.10.24 08:23:25.741,6.56812,6.56924,1.00,1.00
2014.10.24 08:23:25.842,6.56812,6.5696,1.00,1.00
2014.10.24 08:23:26.291,6.56807,6.5696,1.00,1.00
2014.10.24 08:23:26.485,6.56807,6.56934,1.00,1.00
2014.10.24 08:23:26.818,6.56999,6.57064,1.00,1.30
2014.10.24 08:23:26.869,6.5702,6.57118,1.00,1.00
2014.10.24 08:23:26.920,6.5702,6.57128,1.00,1.00
2014.10.24 08:23:27.125,6.57034,6.57128,1.00,1.00
2014.10.24 08:23:27.854,6.57034,6.57098,1.00,1.00
2014.10.24 08:23:28.007,6.5697,6.57088,1.00,2.25
2014.10.24 08:23:28.058,6.5697,6.57073,1.00,1.00
2014.10.24 08:23:28.108,6.56928,6.57073,1.00,1.00
2014.10.24 08:23:28.260,6.56928,6.57049,1.00,1.00
2014.10.24 08:23:28.774,6.56916,6.57049,1.00,1.00
2014.10.24 08:23:29.039,6.56916,6.57046,1.00,1.00
2014.10.24 08:23:29.387,6.56916,6.57022,1.00,1.00
2014.10.24 08:23:29.438,6.56904,6.57022,1.00,1.00
2014.10.24 08:23:30.684,6.56904,6.57042,1.00,1.00
2014.10.24 08:23:31.224,6.56905,6.57042,1.00,1.00
2014.10.24 08:23:32.567,6.56905,6.57021,1.00,1.00
2014.10.24 08:23:34.804,6.56884,6.57021,1.00,1.00
2014.10.24 08:23:34.905,6.56873,6.57021,1.00,1.00
2014.10.24 08:23:34.956,6.56873,6.57011,1.00,1.30
2014.10.24 08:23:35.008,6.56861,6.57003,1.19,1.00
2014.10.24 08:23:35.211,6.56861,6.57011,1.19,1.30
2014.10.24 08:23:35.432,6.56861,6.57,1.19,1.00
2014.10.24 08:23:35.749,6.56872,6.57,1.00,1.00
2014.10.24 08:23:36.035,6.56859,6.57,1.00,1.00
2014.10.24 08:23:36.086,6.56859,6.57011,1.00,1.30
2014.10.24 08:23:36.137,6.56845,6.57011,1.00,1.30
2014.10.24 08:23:36.289,6.56845,6.56992,1.00,1.30
2014.10.24 08:23:36.825,6.56845,6.56978,1.00,1.00
2014.10.24 08:23:39.400,6.56837,6.56978,1.00,1.00
2014.10.24 08:23:43.331,6.56837,6.56978,1.19,1.00
2014.10.24 08:23:43.636,6.56853,6.56978,1.00,1.00
2014.10.24 08:23:43.687,6.56851,6.56978,1.00,1.00
2014.10.24 08:23:43.789,6.56856,6.56978,1.00,1.00
2014.10.24 08:23:44.439,6.56863,6.56978,1.00,1.00
2014.10.24 08:23:44.550,6.56853,6.56978,1.00,1.00
2014.10.24 08:23:44.770,6.56851,6.56978,1.00,1.00
2014.10.24 08:23:44.880,6.56853,6.56978,1.00,1.00
2014.10.24 08:23:45.431,6.56862,6.56978,1.00,1.00
2014.10.24 08:23:45.634,6.56862,6.57005,1.00,1.00
2014.10.24 08:23:45.685,6.5686,6.57005,1.00,1.00
2014.10.24 08:23:45.786,6.56864,6.57005,1.00,1.00
2014.10.24 08:23:46.265,6.5685,6.57005,1.30,1.00
2014.10.24 08:23:46.316,6.56853,6.57005,1.00,1.00
2014.10.24 08:23:47.940,6.56853,6.56982,1.00,1.00
2014.10.24 08:23:47.991,6.56841,6.56982,1.00,1.00
2014.10.24 08:23:50.399,6.56849,6.56982,1.00,1.00
2014.10.24 08:23:54.391,6.56835,6.56982,1.19,1.00
2014.10.24 08:23:54.544,6.56834,6.56992,1.19,1.00
2014.10.24 08:23:54.645,6.56815,6.56992,1.00,1.72
2014.10.24 08:23:54.696,6.56809,6.56986,1.30,1.00
2014.10.24 08:23:54.806,6.56814,6.56992,1.00,1.72
2014.10.24 08:23:54.907,6.56809,6.56983,1.30,1.00
2014.10.24 08:23:55.110,6.56809,6.56988,1.30,1.00
2014.10.24 08:23:55.331,6.56809,6.56992,1.72,1.72
2014.10.24 08:23:55.534,6.56809,6.56953,1.72,1.00
2014.10.24 08:23:56.405,6.5682,6.56953,1.00,1.00
2014.10.24 08:23:56.916,6.56818,6.56953,1.00,1.00
2014.10.24 08:23:57.018,6.56829,6.56953,1.30,1.00
2014.10.24 08:23:58.401,6.56829,6.5698,1.30,1.00
2014.10.24 08:23:58.452,6.56829,6.56977,1.30,1.50
2014.10.24 08:23:58.756,6.56829,6.56962,1.30,1.00
2014.10.24 08:23:59.610,6.56809,6.56962,1.49,1.00
2014.10.24 08:24:01.030,6.56808,6.56962,1.30,1.00
2014.10.24 08:24:02.235,6.56808,6.56944,1.30,1.00
2014.10.24 08:24:05.811,6.56803,6.56944,1.00,1.00
2014.10.24 08:24:05.862,6.56803,6.56938,1.00,1.50
2014.10.24 08:24:05.913,6.56788,6.56938,1.30,1.50
2014.10.24 08:24:06.014,6.56771,6.56938,1.19,1.50
2014.10.24 08:24:06.217,6.56766,6.56923,1.19,1.30
2014.10.24 08:24:06.531,6.56762,6.56917,1.19,1.50
2014.10.24 08:24:06.634,6.56762,6.56923,1.19,1.30
2014.10.24 08:24:07.047,6.56753,6.56923,1.25,1.30
2014.10.24 08:24:07.869,6.56754,6.56923,1.00,1.30
2014.10.24 08:24:08.162,6.56754,6.56918,1.00,1.50
2014.10.24 08:24:08.260,6.56754,6.56923,1.00,1.30
2014.10.24 08:24:08.840,6.56754,6.56918,1.00,1.50
2014.10.24 08:24:09.144,6.56765,6.56927,1.00,1.72
2014.10.24 08:24:09.195,6.56762,6.56927,1.00,1.72
2014.10.24 08:24:09.347,6.56765,6.56927,1.30,1.00
2014.10.24 08:24:10.096,6.56774,6.56927,1.00,1.00
2014.10.24 08:24:10.198,6.56774,6.56947,1.00,1.50
2014.10.24 08:24:10.769,6.56775,6.56947,1.00,1.50
2014.10.24 08:24:11.041,6.56788,6.56949,1.30,1.00
2014.10.24 08:24:11.346,6.56795,6.56949,1.00,1.00
2014.10.24 08:24:11.397,6.56795,6.56965,1.00,1.00
2014.10.24 08:24:11.830,6.56797,6.56965,1.00,1.00
2014.10.24 08:24:11.881,6.56797,6.56971,1.00,1.30
2014.10.24 08:24:11.932,6.56801,6.56971,1.00,1.30
2014.10.24 08:24:13.083,6.56801,6.56968,1.00,1.00
2014.10.24 08:24:13.185,6.56801,6.56971,1.00,1.30
2014.10.24 08:24:13.388,6.56804,6.56971,1.00,1.30
2014.10.24 08:24:14.069,6.56809,6.56975,1.30,1.00
2014.10.24 08:24:14.553,6.56809,6.56951,1.30,1.00
2014.10.24 08:24:15.328,6.56809,6.56976,1.30,1.00
2014.10.24 08:24:15.379,6.56809,6.56973,1.30,1.00
2014.10.24 08:24:16.366,6.56804,6.56971,1.00,1.30
2014.10.24 08:24:18.362,6.56804,6.56959,1.00,1.00
2014.10.24 08:24:18.515,6.56789,6.56951,1.16,1.00
2014.10.24 08:24:18.566,6.56784,6.56946,1.19,1.00
2014.10.24 08:24:18.869,6.56774,6.56938,1.19,1.00
2014.10.24 08:24:18.922,6.56774,6.56944,1.19,1.00
2014.10.24 08:24:19.025,6.56774,6.56946,1.19,1.00
2014.10.24 08:24:19.329,6.56805,6.56948,1.00,1.50
2014.10.24 08:24:19.380,6.56805,6.5695,1.00,1.72
2014.10.24 08:24:19.431,6.56832,6.5695,1.00,1.72
2014.10.24 08:24:19.634,6.56872,6.56995,1.90,1.00
2014.10.24 08:24:19.685,6.56872,6.57021,1.90,1.00
2014.10.24 08:24:19.736,6.56875,6.57021,1.30,1.00
2014.10.24 08:24:19.787,6.56875,6.57035,1.30,1.00
2014.10.24 08:24:19.889,6.56875,6.57041,1.30,1.00
2014.10.24 08:24:20.091,6.56877,6.57041,1.00,1.00
2014.10.24 08:24:20.440,6.56878,6.57041,1.19,1.00
2014.10.24 08:24:20.846,6.56883,6.57024,1.19,1.30
2014.10.24 08:24:20.998,6.56876,6.57034,1.19,1.00
2014.10.24 08:24:21.049,6.56864,6.57034,1.30,1.00
2014.10.24 08:24:21.228,6.56864,6.5703,1.30,1.00
2014.10.24 08:24:21.604,6.56867,6.5703,1.00,1.00
2014.10.24 08:24:22.143,6.56864,6.57025,1.30,1.00
2014.10.24 08:24:22.245,6.56849,6.57022,1.00,1.00
2014.10.24 08:24:22.296,6.56849,6.57014,1.00,1.00
2014.10.24 08:24:22.600,6.56821,6.56988,1.30,1.00
2014.10.24 08:24:22.753,6.56807,6.56982,1.75,1.72
2014.10.24 08:24:23.160,6.56802,6.56979,3.40,1.00
2014.10.24 08:24:23.863,6.56807,6.56981,1.75,1.00
2014.10.24 08:24:24.150,6.56807,6.56979,1.75,1.00
2014.10.24 08:24:24.349,6.56807,6.56979,1.00,1.00
2014.10.24 08:24:24.400,6.56807,6.56974,1.00,1.00
2014.10.24 08:24:24.704,6.56807,6.56966,1.00,1.00
2014.10.24 08:24:25.021,6.568,6.56966,1.30,1.00
2014.10.24 08:24:25.072,6.568,6.56969,1.30,1.00
2014.10.24 08:24:25.173,6.56793,6.5696,1.19,1.30
2014.10.24 08:24:26.668,6.56789,6.5696,1.00,1.30
2014.10.24 08:24:26.821,6.56786,6.5696,1.00,1.30
2014.10.24 08:24:29.331,6.5679,6.5696,1.00,1.30
2014.10.24 08:24:31.088,6.56791,6.5696,1.00,1.30
2014.10.24 08:24:31.452,6.56788,6.5696,1.00,1.30
2014.10.24 08:24:31.655,6.56791,6.5696,1.00,1.30
2014.10.24 08:24:33.358,6.56791,6.5696,1.19,1.30
2014.10.24 08:24:35.364,6.56785,6.5696,1.69,1.30
2014.10.24 08:24:35.415,6.56789,6.5696,1.00,1.30
2014.10.24 08:24:35.821,6.56787,6.5696,1.00,1.30
2014.10.24 08:24:37.371,6.56787,6.5696,1.19,1.30
2014.10.24 08:24:39.481,6.56785,6.5696,1.69,1.30
2014.10.24 08:24:41.489,6.56785,6.5696,1.19,1.30
2014.10.24 08:24:42.759,6.56785,6.56958,1.19,1.00
2014.10.24 08:24:43.144,6.56785,6.56951,1.19,1.00
2014.10.24 08:24:43.299,6.56785,6.56953,1.19,1.00
2014.10.24 08:24:43.599,6.56785,6.56953,1.19,1.00
2014.10.24 08:24:43.749,6.56785,6.56955,1.19,1.00
2014.10.24 08:24:43.969,6.56785,6.5696,1.19,1.30
2014.10.24 08:24:44.410,6.56785,6.56958,1.19,1.00
2014.10.24 08:24:44.619,6.56785,6.5696,1.19,1.30
2014.10.24 08:24:45.104,6.56785,6.56958,1.19,1.00
2014.10.24 08:24:45.619,6.56785,6.56957,1.19,1.00
2014.10.24 08:24:46.379,6.56785,6.56958,1.19,1.00
2014.10.24 08:24:46.708,6.56785,6.56961,1.19,1.00
2014.10.24 08:24:46.928,6.56785,6.56956,1.19,1.00
2014.10.24 08:24:47.716,6.56785,6.56956,1.00,1.00
2014.10.24 08:24:48.073,6.56785,6.56958,1.00,1.00
2014.10.24 08:24:48.249,6.56785,6.56961,1.00,1.50
2014.10.24 08:24:48.401,6.56785,6.56942,1.00,1.00
2014.10.24 08:24:48.503,6.56785,6.56944,1.00,1.00
2014.10.24 08:24:49.177,6.56785,6.56947,1.00,1.00
2014.10.24 08:24:49.280,6.56785,6.5695,1.00,1.00
2014.10.24 08:24:49.331,6.56803,6.5695,1.90,1.00
2014.10.24 08:24:49.586,6.56803,6.56972,2.09,1.00
2014.10.24 08:24:49.637,6.56823,6.56972,1.30,1.00
2014.10.24 08:24:50.386,6.56823,6.56978,1.30,1.00
2014.10.24 08:24:50.803,6.56823,6.56982,1.30,1.50
2014.10.24 08:24:51.484,6.56823,6.56981,1.30,1.00
2014.10.24 08:24:51.872,6.56823,6.5698,1.49,1.00
2014.10.24 08:24:52.176,6.5685,6.57007,1.00,1.37
2014.10.24 08:24:52.480,6.56813,6.56942,1.00,1.00
2014.10.24 08:24:52.583,6.56811,6.56942,1.00,1.00
2014.10.24 08:24:52.684,6.56814,6.56928,1.00,1.00
2014.10.24 08:24:52.789,6.56806,6.56928,1.00,1.00
2014.10.24 08:24:53.145,6.56806,6.56915,1.00,1.00
2014.10.24 08:24:53.530,6.56809,6.56915,1.00,1.00
2014.10.24 08:24:53.980,6.56798,6.56915,1.25,1.00
2014.10.24 08:24:54.385,6.56787,6.56915,1.00,1.00
2014.10.24 08:24:54.437,6.56801,6.56915,1.00,1.00
2014.10.24 08:24:54.750,6.56803,6.56902,1.00,1.00
2014.10.24 08:24:55.102,6.56809,6.56917,1.00,1.00
2014.10.24 08:24:55.398,6.56803,6.56917,1.00,1.00
2014.10.24 08:24:55.508,6.56809,6.56917,1.00,1.00
2014.10.24 08:24:56.059,6.56801,6.56917,1.00,1.00
2014.10.24 08:24:56.168,6.56796,6.56917,1.00,1.00
2014.10.24 08:24:56.278,6.56801,6.56917,1.00,1.00
2014.10.24 08:24:57.624,6.56792,6.56917,1.00,1.00
2014.10.24 08:24:58.819,6.5679,6.56917,1.00,1.00
2014.10.24 08:24:58.971,6.5679,6.56905,1.00,1.00
2014.10.24 08:24:59.308,6.56785,6.56892,1.00,1.00
2014.10.24 08:24:59.798,6.56799,6.56892,1.00,1.00
2014.10.24 08:25:00.051,6.56808,6.56909,1.00,1.00
2014.10.24 08:25:00.152,6.56814,6.56924,1.00,1.00
2014.10.24 08:25:00.254,6.56818,6.56924,1.00,1.00
2014.10.24 08:25:00.638,6.56821,6.56924,1.00,1.00
2014.10.24 08:25:00.909,6.56818,6.56924,1.00,1.00
2014.10.24 08:25:01.460,6.56817,6.56924,1.00,1.00
2014.10.24 08:25:02.152,6.56821,6.56924,1.00,1.00
2014.10.24 08:25:02.469,6.56826,6.56924,1.00,1.00
2014.10.24 08:25:02.802,6.56821,6.56924,1.00,1.00
2014.10.24 08:25:02.922,6.56816,6.56924,1.00,1.00
2014.10.24 08:25:03.538,6.5684,6.56924,1.00,1.00
2014.10.24 08:25:03.801,6.56847,6.56937,1.00,1.00
2014.10.24 08:25:03.902,6.56847,6.56949,1.00,1.00
2014.10.24 08:25:04.241,6.56855,6.56949,1.00,1.00
2014.10.24 08:25:04.444,6.5686,6.56962,1.00,1.00
2014.10.24 08:25:04.545,6.56866,6.56974,1.00,1.00
2014.10.24 08:25:04.647,6.56868,6.56974,1.00,1.00
2014.10.24 08:25:05.114,6.56873,6.56974,1.00,1.00
2014.10.24 08:25:05.468,6.56873,6.56986,1.00,1.00
2014.10.24 08:25:05.671,6.56873,6.57,1.00,1.00
2014.10.24 08:25:05.819,6.56873,6.56986,1.00,1.00
2014.10.24 08:25:06.381,6.56872,6.56986,1.00,1.00
2014.10.24 08:25:06.901,6.56877,6.56986,1.00,1.00
2014.10.24 08:25:07.104,6.56877,6.57004,1.00,1.00
2014.10.24 08:25:07.216,6.56877,6.56991,1.00,1.00
2014.10.24 08:25:07.570,6.56881,6.56991,1.00,1.00
2014.10.24 08:25:07.672,6.56875,6.56991,1.00,1.00
2014.10.24 08:25:07.990,6.56872,6.56991,1.00,1.00
2014.10.24 08:25:08.189,6.56879,6.56991,1.00,1.00
2014.10.24 08:25:08.671,6.56873,6.56991,1.00,1.00
2014.10.24 08:25:09.228,6.56891,6.56991,1.72,1.00
2014.10.24 08:25:09.501,6.56897,6.57003,1.00,1.00
2014.10.24 08:25:09.768,6.56895,6.57003,1.00,1.00
2014.10.24 08:25:09.971,6.56869,6.56988,1.00,1.00
2014.10.24 08:25:10.072,6.56865,6.56988,1.00,1.00
2014.10.24 08:25:10.295,6.56872,6.56988,1.00,1.00
2014.10.24 08:25:10.620,6.56876,6.56988,1.00,1.00
2014.10.24 08:25:11.709,6.56878,6.56988,1.00,1.00
2014.10.24 08:25:12.023,6.56882,6.56988,1.00,1.00
2014.10.24 08:25:12.355,6.56883,6.56999,1.00,1.00
2014.10.24 08:25:12.479,6.56881,6.56999,1.00,1.00
2014.10.24 08:25:12.852,6.56889,6.56999,1.00,1.00
2014.10.24 08:25:13.289,6.56893,6.56999,1.00,1.00
2014.10.24 08:25:16.658,6.56896,6.56999,1.00,1.00
2014.10.24 08:25:16.768,6.56892,6.56999,1.00,1.00
2014.10.24 08:25:18.309,6.56891,6.56999,1.00,1.00
2014.10.24 08:25:18.418,6.56895,6.56999,1.00,1.00
2014.10.24 08:25:18.796,6.56897,6.56999,1.00,1.00
2014.10.24 08:25:18.899,6.56891,6.56999,1.00,1.00
2014.10.24 08:25:19.637,6.56898,6.56999,1.00,1.00
2014.10.24 08:25:19.739,6.56893,6.56999,1.00,1.00
2014.10.24 08:25:20.745,6.56895,6.56999,1.00,1.00
2014.10.24 08:25:20.847,6.56895,6.57019,1.00,1.00
2014.10.24 08:25:22.842,6.56901,6.57023,1.00,1.00
2014.10.24 08:25:22.893,6.56907,6.57032,1.30,1.00
2014.10.24 08:25:22.945,6.56921,6.57049,1.00,1.00
2014.10.24 08:25:23.047,6.56929,6.57073,1.00,1.00
2014.10.24 08:25:23.199,6.56935,6.57073,1.00,1.00
2014.10.24 08:25:23.250,6.56935,6.57087,1.00,1.00
2014.10.24 08:25:23.302,6.56942,6.57087,1.00,1.00
2014.10.24 08:25:23.372,6.56939,6.57087,1.00,1.00
2014.10.24 08:25:23.625,6.56944,6.57087,1.00,1.00
2014.10.24 08:25:24.081,6.56928,6.57087,1.49,1.37
2014.10.24 08:25:24.132,6.56928,6.5706,1.49,1.00
2014.10.24 08:25:24.234,6.56923,6.57075,1.19,1.00
2014.10.24 08:25:24.386,6.5694,6.57063,1.00,1.00
2014.10.24 08:25:24.690,6.56955,6.57074,1.00,1.00
2014.10.24 08:25:24.943,6.56953,6.57075,1.00,1.00
2014.10.24 08:25:25.165,6.56951,6.57075,1.00,1.00
2014.10.24 08:25:25.361,6.56953,6.57075,1.00,1.00
2014.10.24 08:25:26.369,6.56963,6.57075,1.00,1.00
2014.10.24 08:25:26.690,6.56967,6.57075,1.00,1.00
2014.10.24 08:25:26.792,6.56983,6.571,1.00,1.00
2014.10.24 08:25:26.843,6.56983,6.57103,1.00,1.00
2014.10.24 08:25:26.896,6.56985,6.57103,1.00,1.00
2014.10.24 08:25:27.199,6.56988,6.57103,1.00,1.00
2014.10.24 08:25:27.548,6.56984,6.57103,1.00,1.00
2014.10.24 08:25:27.801,6.56988,6.57103,1.00,1.00
2014.10.24 08:25:28.141,6.56986,6.57103,1.00,1.00
2014.10.24 08:25:30.231,6.56982,6.57103,1.00,1.00
2014.10.24 08:25:30.518,6.56985,6.57103,1.00,1.00
2014.10.24 08:25:30.671,6.56979,6.57103,1.00,1.00
2014.10.24 08:25:30.874,6.56983,6.57103,1.00,1.00
2014.10.24 08:25:31.076,6.56982,6.57117,1.00,1.00
2014.10.24 08:25:31.437,6.56989,6.57117,1.00,1.00
2014.10.24 08:25:31.741,6.56999,6.57117,1.00,1.00
2014.10.24 08:25:31.944,6.57003,6.57129,1.00,1.50
2014.10.24 08:25:32.096,6.57001,6.57129,1.00,1.50
2014.10.24 08:25:32.298,6.57005,6.57129,1.00,1.00
2014.10.24 08:25:32.602,6.57009,6.57137,1.00,1.00
2014.10.24 08:25:32.856,6.57007,6.57116,1.00,1.00
2014.10.24 08:25:33.195,6.57013,6.57116,1.00,1.00
2014.10.24 08:25:33.598,6.57009,6.57116,1.00,1.00
2014.10.24 08:25:33.806,6.57009,6.57131,1.00,1.00
2014.10.24 08:25:35.489,6.57007,6.57131,1.00,1.00
2014.10.24 08:25:35.639,6.57012,6.57131,1.90,1.00
2014.10.24 08:25:36.730,6.57012,6.5713,1.90,1.00
2014.10.24 08:25:36.781,6.56988,6.5713,1.19,1.00
2014.10.24 08:25:36.831,6.56989,6.57117,1.19,1.00
2014.10.24 08:25:37.225,6.56993,6.57117,1.19,1.00
2014.10.24 08:25:38.570,6.56996,6.57117,1.00,1.00
2014.10.24 08:25:39.012,6.57001,6.57116,1.00,1.00
2014.10.24 08:25:39.432,6.56997,6.57116,1.00,1.00
2014.10.24 08:25:40.128,6.56997,6.57115,1.00,1.00
2014.10.24 08:25:41.221,6.56998,6.57115,1.00,1.00
2014.10.24 08:25:41.939,6.56998,6.57116,1.00,1.00
2014.10.24 08:25:42.450,6.56997,6.57116,1.00,1.00
2014.10.24 08:25:44.380,6.57004,6.57116,1.00,1.00
2014.10.24 08:25:44.743,6.57007,6.57116,1.00,1.00
2014.10.24 08:25:45.294,6.57009,6.57116,1.00,1.00
2014.10.24 08:25:45.699,6.57005,6.57116,1.00,1.00
2014.10.24 08:25:46.034,6.57003,6.57116,1.00,1.00
2014.10.24 08:25:46.186,6.57003,6.57127,1.00,1.00
2014.10.24 08:25:46.287,6.57007,6.57127,1.00,1.00
2014.10.24 08:25:46.469,6.57005,6.57127,1.00,1.00
2014.10.24 08:25:46.688,6.57011,6.57127,1.00,1.00
2014.10.24 08:25:47.002,6.57013,6.57127,1.19,1.00
2014.10.24 08:25:47.472,6.57002,6.57127,1.90,1.00
2014.10.24 08:25:47.523,6.57002,6.57115,1.90,1.00
2014.10.24 08:25:48.158,6.57002,6.57116,1.90,1.00
2014.10.24 08:25:48.558,6.57035,6.57116,1.00,1.00
2014.10.24 08:25:48.710,6.57042,6.5713,1.50,1.00
2014.10.24 08:25:48.818,6.57042,6.57138,1.50,1.00
2014.10.24 08:25:49.283,6.57042,6.57152,1.50,1.00
2014.10.24 08:25:49.486,6.57042,6.57174,1.50,1.00
2014.10.24 08:25:49.587,6.57052,6.57174,1.00,1.00
2014.10.24 08:25:50.149,6.57052,6.57186,1.00,1.00
2014.10.24 08:25:50.209,6.57057,6.57186,1.00,1.00
2014.10.24 08:25:50.686,6.57063,6.57186,1.00,1.00
2014.10.24 08:25:51.690,6.57064,6.57186,1.00,1.00
2014.10.24 08:25:52.029,6.57067,6.57186,1.00,1.00
2014.10.24 08:25:54.419,6.57063,6.57186,1.00,1.00
2014.10.24 08:25:54.521,6.57043,6.57186,1.00,1.00
2014.10.24 08:25:54.572,6.57043,6.57177,1.00,1.00
2014.10.24 08:25:54.724,6.57033,6.57169,1.00,1.00
2014.10.24 08:25:54.876,6.57033,6.57155,1.00,1.00
2014.10.24 08:25:55.088,6.57028,6.57155,1.00,1.00
2014.10.24 08:25:55.298,6.57033,6.57155,1.00,1.00
2014.10.24 08:25:55.929,6.57029,6.57155,1.00,1.00
2014.10.24 08:25:56.095,6.57023,6.57155,1.00,1.00
2014.10.24 08:25:56.197,6.57023,6.57143,1.00,1.00
2014.10.24 08:25:56.765,6.57023,6.57144,1.00,1.00
2014.10.24 08:25:56.923,6.57021,6.57144,1.00,1.00
2014.10.24 08:25:57.176,6.57023,6.57144,1.00,1.00
2014.10.24 08:25:57.497,6.57021,6.57144,1.00,1.00
2014.10.24 08:25:57.729,6.57023,6.57144,1.00,1.00
2014.10.24 08:25:58.678,6.57021,6.57144,1.00,1.00
2014.10.24 08:26:00.809,6.57021,6.57156,1.00,1.00
2014.10.24 08:26:01.029,6.57021,6.57142,1.00,1.00
2014.10.24 08:26:01.358,6.57023,6.57156,1.00,1.00
2014.10.24 08:26:01.757,6.57025,6.57156,1.00,1.00
2014.10.24 08:26:02.105,6.57019,6.57156,1.00,1.00
2014.10.24 08:26:02.419,6.57025,6.57156,1.00,1.00
2014.10.24 08:26:02.774,6.57027,6.57156,1.00,1.00
2014.10.24 08:26:03.628,6.57024,6.57156,1.00,1.00
2014.10.24 08:26:05.390,6.57034,6.57156,1.00,1.00
2014.10.24 08:26:05.698,6.57055,6.57182,1.00,1.50
2014.10.24 08:26:05.859,6.57059,6.57182,1.00,1.50
2014.10.24 08:26:05.910,6.57059,6.57196,1.00,1.00
2014.10.24 08:26:06.077,6.57066,6.57196,1.00,1.00
2014.10.24 08:26:06.392,6.5708,6.57196,1.00,1.00
2014.10.24 08:26:06.444,6.5708,6.57207,1.00,1.00
2014.10.24 08:26:06.600,6.57078,6.57207,1.00,1.00
2014.10.24 08:26:06.859,6.57078,6.57219,1.00,1.00
2014.10.24 08:26:08.269,6.57088,6.57219,1.00,1.00
2014.10.24 08:26:08.421,6.57091,6.57233,1.00,1.00
2014.10.24 08:26:08.472,6.57098,6.57233,1.00,1.00
2014.10.24 08:26:08.726,6.57093,6.57233,1.00,1.00
2014.10.24 08:26:08.777,6.57093,6.57227,1.00,1.00
2014.10.24 08:26:08.828,6.57072,6.57227,1.00,1.00
2014.10.24 08:26:08.879,6.57072,6.57206,1.00,1.00
2014.10.24 08:26:09.031,6.57059,6.57206,1.00,1.00
2014.10.24 08:26:09.133,6.57055,6.57198,1.00,1.50
2014.10.24 08:26:09.437,6.57029,6.57161,1.00,1.00
2014.10.24 08:26:09.589,6.57022,6.57161,1.00,1.00
2014.10.24 08:26:11.359,6.57024,6.57161,1.00,1.00
2014.10.24 08:26:11.679,6.57029,6.57161,1.00,1.00
2014.10.24 08:26:11.730,6.57029,6.57173,1.00,1.30
2014.10.24 08:26:11.781,6.57035,6.57173,1.00,1.30
2014.10.24 08:26:12.034,6.5702,6.57161,1.00,1.00
2014.10.24 08:26:12.156,6.57017,6.57161,1.00,1.00
2014.10.24 08:26:12.410,6.57017,6.57154,1.00,1.30
2014.10.24 08:26:12.581,6.57014,6.57154,1.00,1.30
2014.10.24 08:26:13.119,6.57006,6.57154,1.19,1.30
2014.10.24 08:26:13.339,6.57006,6.57154,1.00,1.30
2014.10.24 08:26:14.408,6.57004,6.57154,1.00,1.30
2014.10.24 08:26:14.520,6.57011,6.57154,1.00,1.30
2014.10.24 08:26:15.643,6.57013,6.57154,1.00,1.30
2014.10.24 08:26:15.979,6.57007,6.57154,1.00,1.30
2014.10.24 08:26:16.940,6.57008,6.57154,1.00,1.30
2014.10.24 08:26:20.789,6.57007,6.57154,1.00,1.30
2014.10.24 08:26:21.399,6.57008,6.57154,1.00,1.30
2014.10.24 08:26:21.949,6.57009,6.57154,1.00,1.30
2014.10.24 08:26:22.001,6.57007,6.57154,1.00,1.30
2014.10.24 08:26:22.640,6.57008,6.57154,1.00,1.30
2014.10.24 08:26:22.880,6.57011,6.57154,1.00,1.30
2014.10.24 08:26:23.757,6.57008,6.57154,1.00,1.30
2014.10.24 08:26:24.214,6.57004,6.57154,1.00,1.30
2014.10.24 08:26:26.232,6.57004,6.57149,1.00,1.00
2014.10.24 08:26:30.797,6.57007,6.57149,1.00,1.00
2014.10.24 08:26:31.018,6.57004,6.57149,1.00,1.00
2014.10.24 08:26:32.263,6.57007,6.57149,1.00,1.00
2014.10.24 08:26:34.226,6.57009,6.57149,1.00,1.00
2014.10.24 08:26:35.859,6.57007,6.57149,1.00,1.00
2014.10.24 08:26:36.467,6.57008,6.57149,1.00,1.00
2014.10.24 08:26:41.357,6.57005,6.57149,1.00,1.00
2014.10.24 08:26:42.457,6.57007,6.57149,1.00,1.00
2014.10.24 08:26:46.771,6.57009,6.57149,1.00,1.00
2014.10.24 08:26:49.721,6.57008,6.57149,1.00,1.00
2014.10.24 08:26:54.481,6.57008,6.57148,1.00,1.00
2014.10.24 08:26:54.583,6.57002,6.57148,1.00,1.00
2014.10.24 08:26:54.785,6.57003,6.57143,1.00,1.00
2014.10.24 08:26:55.336,6.57002,6.57143,1.00,1.00
2014.10.24 08:26:58.810,6.57012,6.57143,1.50,1.00
2014.10.24 08:26:58.911,6.57022,6.57161,1.50,1.50
2014.10.24 08:26:59.013,6.57022,6.57168,1.50,1.00
2014.10.24 08:26:59.894,6.5702,6.57168,1.30,1.00
2014.10.24 08:26:59.944,6.5702,6.57148,1.30,1.00
2014.10.24 08:27:00.046,6.57,6.57146,1.30,1.00
2014.10.24 08:27:00.097,6.56996,6.57138,1.30,1.00
2014.10.24 08:27:00.667,6.56996,6.57137,1.30,1.00
2014.10.24 08:27:03.869,6.56996,6.57146,1.30,1.00
2014.10.24 08:27:04.017,6.56996,6.57138,1.30,1.00
2014.10.24 08:27:04.449,6.56996,6.57146,1.30,1.00
2014.10.24 08:27:06.130,6.56996,6.57123,1.30,1.00
2014.10.24 08:27:06.181,6.56957,6.5712,1.19,1.30
2014.10.24 08:27:06.231,6.56957,6.57099,1.00,1.00
2014.10.24 08:27:06.282,6.56937,6.57099,1.30,1.00
2014.10.24 08:27:07.703,6.56937,6.57085,1.30,1.00
2014.10.24 08:27:10.837,6.56946,6.57085,1.00,1.00
2014.10.24 08:27:11.141,6.56992,6.57133,1.50,1.00
2014.10.24 08:27:11.878,6.56993,6.57133,1.30,1.00
2014.10.24 08:27:11.979,6.57022,6.57146,1.50,1.00
2014.10.24 08:27:12.132,6.57022,6.57157,1.50,1.00
2014.10.24 08:27:12.183,6.57022,6.57159,1.50,1.00
2014.10.24 08:27:12.335,6.57022,6.57168,1.50,1.00
2014.10.24 08:27:12.487,6.57022,6.57171,1.50,1.00
2014.10.24 08:27:12.538,6.57032,6.57171,1.50,1.00
2014.10.24 08:27:13.097,6.57032,6.57179,1.50,1.19
2014.10.24 08:27:13.148,6.57032,6.57182,1.50,1.00
2014.10.24 08:27:13.528,6.57033,6.57194,1.50,1.30
2014.10.24 08:27:14.495,6.57033,6.57188,1.50,1.00
2014.10.24 08:27:14.967,6.57052,6.57188,1.50,1.00
2014.10.24 08:27:19.597,6.57042,6.57188,1.50,1.00
2014.10.24 08:27:20.804,6.57035,6.57188,1.30,1.00
2014.10.24 08:27:20.906,6.57042,6.57188,1.50,1.00
2014.10.24 08:27:27.751,6.57052,6.57188,1.50,1.00
2014.10.24 08:27:41.908,6.57043,6.57188,1.50,1.00
2014.10.24 08:27:50.270,6.57053,6.57188,1.50,1.00
2014.10.24 08:27:51.731,6.57062,6.57198,1.50,1.00
2014.10.24 08:27:51.782,6.57062,6.57206,1.50,1.00
2014.10.24 08:27:51.833,6.57082,6.57208,1.50,1.00
2014.10.24 08:27:51.884,6.57082,6.57215,1.50,1.00
2014.10.24 08:27:51.985,6.57082,6.57228,1.50,1.19
2014.10.24 08:27:52.843,6.57082,6.57227,1.50,1.00
2014.10.24 08:28:01.712,6.57092,6.57227,1.50,1.00
2014.10.24 08:28:02.258,6.57082,6.57227,1.50,1.00
2014.10.24 08:28:05.667,6.57102,6.57227,1.50,1.00
2014.10.24 08:28:05.997,6.57092,6.57227,1.50,1.00
2014.10.24 08:28:14.505,6.57102,6.57227,1.50,1.00
2014.10.24 08:28:14.606,6.57106,6.57248,1.30,1.00
2014.10.24 08:28:14.657,6.57106,6.57258,1.30,1.00
2014.10.24 08:28:14.708,6.57122,6.57258,1.50,1.00
2014.10.24 08:28:14.810,6.57107,6.57257,1.00,1.00
2014.10.24 08:28:15.017,6.57122,6.57257,1.50,1.00
2014.10.24 08:28:15.071,6.57122,6.57268,1.50,1.00
2014.10.24 08:28:16.269,6.57122,6.57288,1.50,1.72
2014.10.24 08:28:16.320,6.57143,6.57288,1.30,1.00
2014.10.24 08:28:16.654,6.57143,6.57283,1.30,1.00
2014.10.24 08:28:18.286,6.57143,6.57278,1.30,1.00
2014.10.24 08:28:18.617,6.57143,6.57283,1.30,1.00
2014.10.24 08:28:18.769,6.57143,6.57288,1.30,1.00
2014.10.24 08:28:19.719,6.57143,6.57278,1.30,1.00
2014.10.24 08:28:23.455,6.57143,6.57268,1.30,1.00
2014.10.24 08:28:23.751,6.57122,6.57268,2.25,1.00
2014.10.24 08:28:23.803,6.57122,6.57248,2.25,1.00
2014.10.24 08:28:24.310,6.57117,6.57248,1.49,1.00
2014.10.24 08:28:24.628,6.57117,6.57238,1.49,1.00
2014.10.24 08:28:24.780,6.57117,6.57238,1.30,1.00
2014.10.24 08:28:25.290,6.57117,6.57237,1.30,1.00
2014.10.24 08:28:25.986,6.57117,6.57248,1.30,1.00
2014.10.24 08:28:26.229,6.57093,6.57248,1.50,1.00
2014.10.24 08:28:26.461,6.57093,6.57243,1.50,1.00
2014.10.24 08:28:26.896,6.57102,6.57243,1.50,1.00
2014.10.24 08:28:33.756,6.57092,6.57243,1.50,1.00
2014.10.24 08:28:33.807,6.57092,6.57238,1.50,1.00
2014.10.24 08:28:33.858,6.57088,6.57238,1.30,1.00
2014.10.24 08:28:34.010,6.57088,6.57228,1.30,1.00
2014.10.24 08:28:34.061,6.57083,6.57228,1.00,1.00
2014.10.24 08:28:34.164,6.57083,6.57222,1.00,1.00
2014.10.24 08:28:35.042,6.57063,6.57222,1.19,1.72
2014.10.24 08:28:35.093,6.57063,6.57208,1.19,1.00
2014.10.24 08:28:35.194,6.57055,6.57208,1.00,1.00
2014.10.24 08:28:35.496,6.57055,6.57204,1.00,1.00
2014.10.24 08:28:35.597,6.57052,6.57204,1.50,1.00
2014.10.24 08:28:35.749,6.57052,6.57208,1.50,1.00
2014.10.24 08:28:35.811,6.57052,6.572,1.50,1.00
2014.10.24 08:28:38.827,6.57052,6.57198,1.50,1.00
2014.10.24 08:28:39.286,6.57052,6.57188,1.50,1.00
2014.10.24 08:28:39.766,6.57043,6.57188,1.00,1.00
2014.10.24 08:28:40.401,6.57043,6.57198,1.00,1.00
2014.10.24 08:28:41.862,6.57043,6.5718,1.00,1.00
2014.10.24 08:28:43.495,6.57042,6.5718,1.50,1.00
2014.10.24 08:28:44.818,6.57042,6.57178,1.50,1.00
2014.10.24 08:28:44.869,6.5703,6.57178,1.00,1.00
2014.10.24 08:28:44.971,6.57022,6.57178,1.50,1.00
2014.10.24 08:28:46.340,6.57022,6.5718,1.50,1.00
2014.10.24 08:28:47.296,6.57032,6.5718,1.50,1.00
2014.10.24 08:28:47.398,6.5702,6.5718,1.30,1.00
2014.10.24 08:28:47.449,6.57017,6.5718,1.00,1.00
2014.10.24 08:28:48.133,6.57017,6.57145,1.00,1.00
2014.10.24 08:28:48.491,6.57012,6.57145,1.50,1.00
2014.10.24 08:28:49.123,6.57012,6.57155,1.50,1.30
2014.10.24 08:28:50.049,6.57022,6.57155,1.50,1.30
2014.10.24 08:28:51.227,6.57022,6.57143,1.50,1.00
2014.10.24 08:28:51.278,6.56992,6.57143,1.50,1.00
2014.10.24 08:28:51.379,6.56992,6.57132,1.50,1.30
2014.10.24 08:29:01.997,6.56992,6.57143,1.50,1.00
2014.10.24 08:29:02.048,6.57012,6.57143,1.50,1.00
2014.10.24 08:29:02.366,6.57012,6.57158,1.50,1.00
2014.10.24 08:29:02.570,6.57012,6.57178,1.50,1.49
2014.10.24 08:29:02.672,6.57012,6.57163,1.50,1.00
2014.10.24 08:29:03.165,6.57022,6.57163,1.50,1.00
2014.10.24 08:29:05.798,6.57022,6.57163,1.69,1.00
2014.10.24 08:29:06.237,6.57042,6.57163,1.50,1.00
2014.10.24 08:29:08.178,6.57042,6.57178,1.50,1.30
2014.10.24 08:29:08.527,6.57052,6.57184,1.50,1.00
2014.10.24 08:29:08.731,6.57062,6.57201,1.50,1.30
2014.10.24 08:29:08.883,6.57082,6.57201,1.50,1.30
2014.10.24 08:29:08.934,6.57082,6.57225,1.50,1.30
2014.10.24 08:29:10.090,6.57082,6.57223,1.50,1.00
2014.10.24 08:29:13.367,6.57083,6.57223,1.50,1.00
2014.10.24 08:29:13.585,6.57083,6.57225,1.50,1.30
2014.10.24 08:29:13.636,6.57112,6.57251,1.50,1.30
2014.10.24 08:29:13.941,6.57142,6.57272,1.50,1.00
2014.10.24 08:29:14.362,6.57132,6.57273,1.50,1.30
2014.10.24 08:29:14.950,6.57132,6.57292,1.50,1.30
2014.10.24 08:29:15.217,6.57132,6.57281,1.50,1.00
2014.10.24 08:29:15.578,6.57132,6.57274,1.50,1.30
2014.10.24 08:29:16.115,6.57122,6.57274,1.50,1.30
2014.10.24 08:29:18.051,6.57122,6.57261,1.50,1.00
2014.10.24 08:29:18.649,6.57108,6.57261,1.19,1.00
2014.10.24 08:29:18.701,6.57108,6.57261,1.19,1.00
2014.10.24 08:29:19.734,6.57122,6.57261,1.50,1.00
2014.10.24 08:29:30.415,6.57132,6.57261,1.50,1.00
2014.10.24 08:29:36.357,6.57152,6.57261,1.50,1.00
2014.10.24 08:29:36.458,6.57152,6.57271,1.50,1.30
2014.10.24 08:29:36.509,6.57162,6.57281,1.50,1.00
2014.10.24 08:29:36.786,6.57163,6.57295,1.50,1.30
2014.10.24 08:29:36.887,6.57163,6.57288,1.50,1.00
2014.10.24 08:29:39.545,6.57152,6.57288,1.50,1.00
2014.10.24 08:29:40.006,6.57142,6.57288,1.69,1.00
2014.10.24 08:29:40.208,6.57142,6.57271,1.69,1.30
2014.10.24 08:29:40.674,6.57153,6.57271,1.50,1.30
2014.10.24 08:29:41.437,6.57142,6.57271,1.50,1.30
2014.10.24 08:29:41.876,6.57133,6.57271,1.50,1.30
2014.10.24 08:29:42.185,6.57143,6.57271,1.50,1.30
2014.10.24 08:29:42.710,6.57143,6.57268,1.50,1.00
2014.10.24 08:29:46.805,6.57122,6.57268,1.50,1.00
2014.10.24 08:29:46.915,6.57132,6.57268,1.50,1.00
2014.10.24 08:29:47.071,6.57122,6.57268,1.50,1.00
2014.10.24 08:29:47.816,6.57132,6.57268,1.50,1.00
2014.10.24 08:29:49.555,6.57112,6.57271,1.50,1.30
2014.10.24 08:29:49.707,6.57123,6.57271,1.50,1.30
2014.10.24 08:29:50.698,6.57133,6.57271,1.50,1.30
2014.10.24 08:29:54.335,6.57143,6.57271,1.50,1.30
2014.10.24 08:29:54.748,6.57143,6.57286,1.50,1.00
2014.10.24 08:29:58.904,6.57133,6.57286,1.50,1.00
2014.10.24 08:29:59.056,6.57123,6.57286,1.69,1.00
2014.10.24 08:30:00.265,6.57122,6.57273,1.69,1.30
2014.10.24 08:30:00.555,6.57122,6.57273,1.50,1.30
2014.10.24 08:30:02.027,6.57132,6.57273,1.50,1.30
2014.10.24 08:30:02.281,6.57143,6.57286,1.50,1.00
2014.10.24 08:30:02.524,6.57143,6.57281,1.50,1.00
2014.10.24 08:30:02.575,6.57122,6.57267,1.50,1.30
2014.10.24 08:30:02.677,6.5711,6.57267,1.00,1.30
2014.10.24 08:30:02.930,6.5711,6.57257,1.00,1.00
2014.10.24 08:30:03.107,6.57062,6.57226,1.50,1.00
2014.10.24 08:30:03.158,6.57062,6.57215,1.50,1.30
2014.10.24 08:30:03.564,6.57072,6.57215,1.50,1.30
2014.10.24 08:30:03.666,6.57072,6.57228,1.50,1.00
2014.10.24 08:30:03.717,6.57072,6.57238,1.69,1.30
2014.10.24 08:30:03.769,6.57092,6.57238,1.50,1.30
2014.10.24 08:30:04.052,6.57092,6.57246,1.50,1.00
2014.10.24 08:30:04.103,6.57102,6.57246,1.50,1.00
2014.10.24 08:30:04.567,6.57122,6.57246,1.50,1.00
2014.10.24 08:30:04.669,6.57112,6.57246,1.50,1.00
2014.10.24 08:30:04.795,6.57112,6.57253,1.50,1.00
2014.10.24 08:30:05.506,6.57113,6.57253,1.50,1.00
2014.10.24 08:30:06.227,6.57113,6.57248,1.50,1.00
2014.10.24 08:30:06.496,6.57092,6.57233,1.50,1.00
2014.10.24 08:30:06.750,6.57083,6.57233,1.50,1.00
2014.10.24 08:30:06.902,6.57083,6.57231,1.50,1.30
2014.10.24 08:30:07.205,6.57083,6.57219,1.50,1.00
2014.10.24 08:30:07.927,6.57092,6.57219,1.50,1.00
2014.10.24 08:30:08.288,6.57102,6.57219,1.50,1.00
2014.10.24 08:30:08.491,6.57112,6.57242,1.69,1.00
2014.10.24 08:30:08.695,6.57112,6.57278,1.69,1.00
2014.10.24 08:30:08.797,6.57112,6.57255,1.69,1.00
2014.10.24 08:30:09.016,6.57112,6.57255,1.50,1.00
2014.10.24 08:30:09.067,6.57102,6.57255,1.50,1.00
2014.10.24 08:30:09.270,6.57102,6.57241,1.50,1.30
2014.10.24 08:30:10.599,6.57092,6.57241,1.50,1.30
2014.10.24 08:30:11.166,6.57092,6.57238,1.50,1.00
2014.10.24 08:30:11.478,6.57082,6.57218,1.50,1.00
2014.10.24 08:30:12.083,6.57082,6.57208,1.50,1.00
2014.10.24 08:30:12.185,6.57082,6.57216,1.50,1.30
2014.10.24 08:30:12.597,6.57082,6.57208,1.50,1.00
2014.10.24 08:30:13.928,6.57082,6.57216,1.50,1.30
2014.10.24 08:30:13.979,6.57082,6.57205,1.50,1.00
2014.10.24 08:30:16.383,6.57082,6.57212,1.50,1.00
2014.10.24 08:30:16.536,6.57082,6.57193,1.50,1.00
2014.10.24 08:30:16.637,6.57062,6.57193,1.50,1.00
2014.10.24 08:30:16.738,6.57073,6.57193,1.50,1.00
2014.10.24 08:30:17.045,6.57082,6.57193,1.50,1.00
2014.10.24 08:30:18.638,6.57062,6.57193,1.50,1.00
2014.10.24 08:30:19.192,6.57083,6.57193,1.50,1.00
2014.10.24 08:30:19.395,6.57122,6.57237,1.50,1.00
2014.10.24 08:30:19.497,6.57112,6.57237,1.50,1.00
2014.10.24 08:30:19.700,6.57102,6.57237,1.50,1.00
2014.10.24 08:30:20.012,6.57103,6.57229,1.50,1.00
2014.10.24 08:30:20.565,6.57092,6.57229,1.50,1.00
2014.10.24 08:30:20.920,6.57102,6.57229,1.50,1.00
2014.10.24 08:30:22.887,6.57112,6.57229,1.50,1.00
2014.10.24 08:30:25.195,6.57092,6.57229,1.50,1.00
2014.10.24 08:30:27.422,6.57092,6.57209,1.50,1.00
2014.10.24 08:30:27.576,6.57082,6.57209,1.50,1.00
2014.10.24 08:30:30.242,6.57082,6.57191,1.50,1.00
2014.10.24 08:30:31.747,6.57102,6.57191,1.50,1.00
2014.10.24 08:30:32.279,6.57092,6.57191,1.50,1.00
2014.10.24 08:30:33.595,6.57082,6.57191,1.50,1.00
2014.10.24 08:30:42.725,6.57035,6.57191,1.19,1.00
2014.10.24 08:30:43.532,6.57019,6.57168,1.00,1.50
2014.10.24 08:30:43.583,6.56998,6.57168,1.30,1.50
2014.10.24 08:30:45.008,6.57004,6.57168,1.00,1.50
2014.10.24 08:30:45.334,6.57004,6.57159,1.00,1.30
2014.10.24 08:30:45.697,6.57004,6.57148,1.00,1.50
2014.10.24 08:30:45.799,6.56994,6.57148,1.00,2.25
2014.10.24 08:30:45.850,6.56994,6.57139,1.00,1.30
2014.10.24 08:30:46.002,6.56991,6.57139,1.00,1.30
2014.10.24 08:30:46.105,6.56986,6.57139,1.00,1.30
2014.10.24 08:30:46.766,6.56987,6.57139,1.00,1.30
2014.10.24 08:30:47.668,6.56993,6.57148,1.00,1.50
2014.10.24 08:30:47.719,6.56993,6.57152,1.00,1.00
2014.10.24 08:30:48.305,6.56991,6.57152,1.00,1.00
2014.10.24 08:30:48.525,6.56998,6.57152,1.00,1.00
2014.10.24 08:30:48.634,6.56996,6.57152,1.00,1.00
2014.10.24 08:30:49.435,6.56995,6.57152,1.00,1.00
2014.10.24 08:30:51.192,6.56995,6.5714,1.00,1.30
2014.10.24 08:30:51.386,6.56992,6.5714,1.00,1.30
2014.10.24 08:30:52.405,6.56993,6.5714,1.00,1.30
2014.10.24 08:30:53.166,6.56986,6.5714,1.00,1.30
2014.10.24 08:30:53.267,6.56992,6.5714,1.00,1.30
2014.10.24 08:30:54.354,6.56994,6.5714,1.00,1.30
2014.10.24 08:30:55.344,6.56992,6.5714,1.00,1.30
2014.10.24 08:30:56.365,6.56993,6.5714,1.00,1.30
2014.10.24 08:30:56.820,6.56998,6.5714,1.00,1.30
2014.10.24 08:30:57.323,6.56996,6.5714,1.00,1.30
2014.10.24 08:30:58.313,6.56998,6.5714,1.00,1.30
2014.10.24 08:30:58.567,6.56996,6.5714,1.00,1.30
2014.10.24 08:30:58.886,6.56998,6.5714,1.00,1.30
2014.10.24 08:30:59.217,6.56984,6.57119,1.00,1.30
2014.10.24 08:30:59.318,6.56972,6.57119,1.00,1.30
2014.10.24 08:30:59.420,6.56983,6.57119,1.00,1.30
2014.10.24 08:30:59.735,6.56992,6.57119,1.00,1.30
2014.10.24 08:31:00.124,6.56978,6.57107,1.00,1.50
2014.10.24 08:31:00.226,6.56966,6.57128,1.00,1.50
2014.10.24 08:31:00.378,6.56966,6.57108,1.00,1.50
2014.10.24 08:31:00.479,6.56965,6.57118,1.00,1.50
2014.10.24 08:31:00.530,6.56967,6.57118,1.00,1.50
2014.10.24 08:31:00.986,6.56967,6.57122,1.00,1.30
2014.10.24 08:31:01.087,6.56965,6.57122,1.00,1.30
2014.10.24 08:31:01.189,6.56972,6.57117,1.00,1.00
2014.10.24 08:31:01.506,6.56983,6.57117,1.00,1.00
2014.10.24 08:31:01.709,6.56983,6.57136,1.00,1.00
2014.10.24 08:31:02.317,6.56979,6.57136,1.00,1.00
2014.10.24 08:31:02.750,6.56972,6.57136,1.00,1.00
2014.10.24 08:31:03.038,6.56972,6.57118,1.00,1.00
2014.10.24 08:31:03.389,6.56968,6.57118,1.00,1.00
2014.10.24 08:31:03.597,6.56966,6.57118,1.00,1.00
2014.10.24 08:31:03.648,6.56966,6.57107,1.00,1.50
2014.10.24 08:31:03.750,6.56951,6.57107,1.19,1.50
2014.10.24 08:31:04.075,6.5695,6.57118,1.19,1.00
2014.10.24 08:31:04.177,6.56957,6.57118,1.00,1.00
2014.10.24 08:31:04.499,6.56959,6.57118,1.00,1.00
2014.10.24 08:31:04.804,6.56965,6.57118,1.00,1.00
2014.10.24 08:31:05.194,6.56967,6.57118,1.00,1.00
2014.10.24 08:31:05.794,6.56965,6.57118,1.00,1.00
2014.10.24 08:31:05.946,6.56967,6.57118,1.00,1.00
2014.10.24 08:31:06.395,6.56965,6.57118,1.00,1.00
2014.10.24 08:31:08.150,6.5696,6.57118,1.00,3.00
2014.10.24 08:31:08.253,6.5696,6.57108,1.00,1.50
2014.10.24 08:31:08.558,6.56958,6.57098,1.00,2.47
2014.10.24 08:31:10.414,6.56947,6.57098,1.00,2.47
2014.10.24 08:31:10.566,6.56947,6.57088,1.00,1.50
2014.10.24 08:31:10.819,6.56947,6.57098,1.00,3.22
2014.10.24 08:31:10.922,6.56947,6.57078,1.00,1.50
2014.10.24 08:31:10.995,6.56947,6.57087,1.00,1.50
2014.10.24 08:31:11.405,6.56942,6.57087,1.00,1.50
2014.10.24 08:31:11.455,6.56942,6.57078,1.00,1.50
2014.10.24 08:31:11.557,6.56922,6.57075,1.00,1.30
2014.10.24 08:31:11.659,6.56922,6.57058,1.00,1.50
2014.10.24 08:31:11.760,6.56911,6.57056,1.00,1.30
2014.10.24 08:31:11.862,6.56913,6.57056,1.00,1.30
2014.10.24 08:31:12.174,6.56908,6.57056,1.00,1.30
2014.10.24 08:31:12.698,6.56907,6.57056,1.00,1.30
2014.10.24 08:31:12.952,6.5691,6.57056,1.00,1.30
2014.10.24 08:31:14.154,6.56908,6.57056,1.00,1.72
2014.10.24 08:31:15.144,6.5691,6.57056,1.00,1.72
2014.10.24 08:31:15.805,6.56912,6.57056,1.00,1.72
2014.10.24 08:31:20.973,6.56907,6.57056,1.00,1.72
2014.10.24 08:31:21.590,6.56908,6.57056,1.00,1.72
2014.10.24 08:31:22.875,6.56907,6.57056,1.00,1.72
2014.10.24 08:31:23.064,6.56897,6.57056,1.00,1.72
2014.10.24 08:31:23.696,6.56897,6.57056,1.19,1.72
2014.10.24 08:31:23.898,6.56913,6.5706,1.00,1.00
2014.10.24 08:31:23.949,6.56917,6.5706,1.00,1.00
2014.10.24 08:31:24.074,6.56911,6.5706,1.00,1.00
2014.10.24 08:31:24.236,6.56922,6.5706,1.00,1.00
2014.10.24 08:31:24.495,6.56922,6.57068,1.00,1.50
2014.10.24 08:31:24.546,6.56922,6.57071,1.00,1.00
2014.10.24 08:31:24.598,6.56927,6.57071,1.00,1.00
2014.10.24 08:31:24.649,6.56927,6.57078,1.00,1.00
2014.10.24 08:31:24.861,6.56927,6.57085,1.00,1.00
2014.10.24 08:31:25.765,6.56927,6.57088,1.00,1.50
2014.10.24 08:31:27.327,6.5694,6.57088,1.00,2.25
2014.10.24 08:31:27.530,6.56965,6.57116,1.30,1.00
2014.10.24 08:31:27.631,6.56965,6.57118,1.30,1.50
2014.10.24 08:31:27.682,6.56974,6.57128,1.00,1.50
2014.10.24 08:31:27.885,6.56979,6.5713,1.00,1.00
2014.10.24 08:31:27.936,6.56979,6.57138,1.00,1.50
2014.10.24 08:31:27.987,6.56979,6.57143,1.00,1.00
2014.10.24 08:31:28.089,6.56989,6.57143,1.00,1.00
2014.10.24 08:31:28.549,6.56989,6.57128,1.30,1.50
2014.10.24 08:31:28.600,6.56979,6.57127,1.00,1.00
2014.10.24 08:31:28.651,6.56968,6.57108,1.00,1.50
2014.10.24 08:31:29.115,6.56968,6.57088,1.00,1.50
2014.10.24 08:31:29.216,6.56968,6.57098,1.00,2.47
2014.10.24 08:31:29.425,6.56968,6.57092,1.00,1.00
2014.10.24 08:31:29.678,6.56925,6.57078,1.19,1.50
2014.10.24 08:31:29.729,6.56925,6.57078,1.00,1.50
2014.10.24 08:31:29.780,6.56925,6.57068,1.00,1.50
2014.10.24 08:31:30.866,6.56948,6.57068,1.00,1.50
2014.10.24 08:31:30.968,6.56923,6.57069,1.00,1.00
2014.10.24 08:31:31.069,6.56927,6.57069,1.00,1.00
2014.10.24 08:31:31.272,6.56927,6.57078,1.00,2.47
2014.10.24 08:31:31.484,6.56922,6.57078,1.00,2.47
2014.10.24 08:31:31.594,6.56927,6.57077,1.00,1.50
2014.10.24 08:31:31.746,6.56913,6.57068,1.00,1.50
2014.10.24 08:31:31.924,6.56908,6.57068,1.00,1.50
2014.10.24 08:31:32.171,6.56908,6.57065,1.00,1.00
2014.10.24 08:31:32.655,6.56908,6.57058,1.00,1.50
2014.10.24 08:31:32.706,6.56906,6.57058,1.25,1.50
2014.10.24 08:31:32.909,6.56896,6.57055,1.19,1.00
2014.10.24 08:31:33.163,6.56856,6.57008,1.00,1.50
2014.10.24 08:31:33.366,6.56858,6.57008,1.00,1.50
2014.10.24 08:31:33.416,6.56858,6.57016,1.00,1.30
2014.10.24 08:31:33.468,6.56851,6.57016,1.19,1.30
2014.10.24 08:31:33.671,6.56851,6.57014,1.19,1.00
2014.10.24 08:31:33.975,6.56857,6.57008,1.00,1.50
2014.10.24 08:31:34.807,6.56851,6.57008,1.19,1.50
2014.10.24 08:31:35.065,6.56849,6.56997,1.19,1.50
2014.10.24 08:31:35.294,6.56849,6.57007,1.19,1.50
2014.10.24 08:31:35.396,6.56845,6.56998,1.19,1.50
2014.10.24 08:31:35.447,6.56845,6.56998,1.00,1.50
2014.10.24 08:31:35.650,6.56845,6.56988,1.00,1.50
2014.10.24 08:31:35.751,6.56845,6.56998,1.00,1.50
2014.10.24 08:31:35.954,6.56845,6.57008,1.00,1.50
2014.10.24 08:31:36.056,6.56845,6.57002,1.00,1.00
2014.10.24 08:31:36.475,6.56842,6.56991,1.00,1.30
2014.10.24 08:31:36.778,6.56795,6.56908,1.00,1.50
2014.10.24 08:31:37.082,6.56757,6.56866,1.00,1.00
2014.10.24 08:31:37.184,6.56716,6.56866,1.00,1.00
2014.10.24 08:31:37.285,6.56717,6.56889,1.19,1.00
2014.10.24 08:31:37.336,6.56742,6.56889,1.00,1.00
2014.10.24 08:31:37.539,6.56772,6.5692,1.00,1.00
2014.10.24 08:31:38.196,6.56782,6.5693,1.00,1.30
2014.10.24 08:31:38.349,6.56782,6.56933,1.00,1.00
2014.10.24 08:31:39.194,6.56785,6.56933,1.00,1.00
2014.10.24 08:31:39.295,6.56785,6.56938,1.00,1.00
2014.10.24 08:31:39.403,6.56795,6.56938,1.00,1.00
2014.10.24 08:31:39.555,6.56795,6.56945,1.00,1.00
2014.10.24 08:31:39.974,6.568,6.56945,1.00,1.00
2014.10.24 08:31:40.075,6.56802,6.56959,1.00,1.00
2014.10.24 08:31:40.177,6.56797,6.56959,1.00,1.00
2014.10.24 08:31:40.329,6.56791,6.56958,1.00,1.50
2014.10.24 08:31:40.380,6.56791,6.56944,1.00,1.00
2014.10.24 08:31:40.456,6.56789,6.56944,1.00,1.00
2014.10.24 08:31:40.508,6.56789,6.56938,1.00,1.50
2014.10.24 08:31:40.559,6.56771,6.56938,1.19,1.50
2014.10.24 08:31:40.610,6.56771,6.56928,1.19,2.25
2014.10.24 08:31:40.763,6.56761,6.56908,1.00,1.50
2014.10.24 08:31:40.866,6.56739,6.56908,1.00,1.50
2014.10.24 08:31:40.917,6.56739,6.56897,1.00,1.00
2014.10.24 08:31:40.969,6.56734,6.56897,1.30,1.00
2014.10.24 08:31:43.034,6.5673,6.56891,1.00,1.30
2014.10.24 08:31:43.375,6.56729,6.56883,1.00,1.00
2014.10.24 08:31:43.607,6.5672,6.56877,1.00,1.50
2014.10.24 08:31:43.658,6.5672,6.56868,1.00,1.30
2014.10.24 08:31:43.811,6.56703,6.56866,1.00,1.00
2014.10.24 08:31:43.912,6.56703,6.56853,1.00,1.00
2014.10.24 08:31:43.964,6.56698,6.56853,1.00,1.00
2014.10.24 08:31:44.065,6.56714,6.56853,1.00,1.00
2014.10.24 08:31:44.117,6.56714,6.56866,1.00,1.00
2014.10.24 08:31:44.168,6.56727,6.56866,1.00,1.00
2014.10.24 08:31:44.371,6.56734,6.56881,1.00,1.19
2014.10.24 08:31:44.926,6.56733,6.56881,1.00,1.00
2014.10.24 08:31:45.028,6.56722,6.56881,1.25,1.00
2014.10.24 08:31:45.559,6.56719,6.56882,1.19,1.00
2014.10.24 08:31:45.894,6.56725,6.56882,1.00,1.00
2014.10.24 08:31:46.046,6.56723,6.56882,1.00,1.00
2014.10.24 08:31:46.666,6.56717,6.56882,1.19,1.00
2014.10.24 08:31:46.934,6.56706,6.56882,1.30,1.25
2014.10.24 08:31:46.985,6.56706,6.56868,1.30,1.50
2014.10.24 08:31:47.137,6.56696,6.5686,1.00,1.30
2014.10.24 08:31:47.239,6.56693,6.5686,1.00,1.30
2014.10.24 08:31:47.442,6.56693,6.56855,1.00,1.00
2014.10.24 08:31:47.884,6.56689,6.56828,1.00,1.50
2014.10.24 08:31:48.030,6.5668,6.56838,1.16,1.50
2014.10.24 08:31:48.182,6.56666,6.56827,1.69,1.50
2014.10.24 08:31:49.214,6.56661,6.56827,1.00,1.50
2014.10.24 08:31:49.963,6.5666,6.56827,1.30,1.50
2014.10.24 08:31:51.162,6.5666,6.56818,1.30,1.50
2014.10.24 08:31:52.355,6.5666,6.56808,1.30,1.50
2014.10.24 08:31:52.567,6.56648,6.56798,1.00,1.50
2014.10.24 08:31:52.618,6.56632,6.56788,1.19,1.50
2014.10.24 08:31:52.924,6.56627,6.56768,1.19,1.50
2014.10.24 08:31:53.077,6.56603,6.56758,1.30,1.50
2014.10.24 08:31:53.381,6.56602,6.56738,1.00,1.50
2014.10.24 08:31:53.484,6.56602,6.56757,1.00,1.50
2014.10.24 08:31:53.540,6.56598,6.56757,1.00,1.50
2014.10.24 08:31:53.694,6.56597,6.56748,1.00,1.50
2014.10.24 08:31:53.796,6.56608,6.56768,1.00,1.50
2014.10.24 08:31:53.847,6.56603,6.56768,1.30,1.50
2014.10.24 08:31:54.073,6.56611,6.56768,1.00,1.50
2014.10.24 08:31:54.473,6.56622,6.56768,1.00,1.50
2014.10.24 08:31:54.575,6.56623,6.56777,1.30,1.50
2014.10.24 08:31:54.728,6.56632,6.56777,1.00,1.50
2014.10.24 08:31:55.787,6.56632,6.56788,1.00,2.25
2014.10.24 08:31:57.133,6.56637,6.56788,1.00,2.25
2014.10.24 08:31:57.434,6.56642,6.56798,1.00,1.50
2014.10.24 08:31:58.174,6.56642,6.56798,1.37,1.50
2014.10.24 08:31:58.327,6.56667,6.56824,1.00,1.19
2014.10.24 08:31:58.378,6.56672,6.56824,1.00,1.00
2014.10.24 08:31:58.429,6.56672,6.56838,1.00,1.69
2014.10.24 08:31:58.480,6.56669,6.56838,1.30,1.69
2014.10.24 08:31:58.597,6.56682,6.56838,1.00,1.69
2014.10.24 08:31:58.916,6.567,6.56863,1.37,1.19
2014.10.24 08:31:58.967,6.56715,6.56865,1.30,1.00
2014.10.24 08:31:59.119,6.56729,6.56882,1.00,1.19
2014.10.24 08:32:00.425,6.56739,6.56883,1.00,1.19
2014.10.24 08:32:01.478,6.56739,6.56883,1.00,1.00
2014.10.24 08:32:02.024,6.56739,6.56891,1.00,1.19
2014.10.24 08:32:02.075,6.56745,6.56891,1.00,1.19
2014.10.24 08:32:02.380,6.56761,6.56896,1.00,1.00
2014.10.24 08:32:02.431,6.56761,6.56915,1.00,1.19
2014.10.24 08:32:02.532,6.56766,6.56915,1.00,1.19
2014.10.24 08:32:02.634,6.56756,6.56915,1.00,1.19
2014.10.24 08:32:03.174,6.56751,6.56915,1.30,1.19
2014.10.24 08:32:03.276,6.56751,6.56905,1.30,1.00
2014.10.24 08:32:03.327,6.56734,6.569,1.00,1.19
2014.10.24 08:32:03.429,6.56734,6.56879,1.00,1.19
2014.10.24 08:32:03.632,6.56731,6.56879,1.00,1.19
2014.10.24 08:32:03.944,6.56736,6.56879,1.00,1.19
2014.10.24 08:32:04.283,6.56741,6.56879,1.00,1.19
2014.10.24 08:32:04.482,6.56738,6.56879,1.00,1.19
2014.10.24 08:32:04.812,6.56742,6.56879,1.00,1.19
2014.10.24 08:32:05.398,6.56742,6.56877,1.00,1.19
2014.10.24 08:32:06.120,6.56742,6.56893,1.00,1.19
2014.10.24 08:32:06.172,6.56754,6.56896,1.00,1.19
2014.10.24 08:32:06.428,6.56759,6.56909,1.00,1.00
2014.10.24 08:32:06.634,6.56775,6.56923,1.00,1.00
2014.10.24 08:32:06.788,6.56775,6.56936,1.00,1.19
2014.10.24 08:32:06.840,6.56785,6.56936,1.00,1.19
2014.10.24 08:32:07.104,6.5678,6.56936,1.00,1.19
2014.10.24 08:32:07.155,6.56775,6.56936,1.00,1.19
2014.10.24 08:32:07.343,6.56785,6.56936,1.00,1.19
2014.10.24 08:32:07.453,6.56775,6.56936,1.00,1.19
2014.10.24 08:32:07.672,6.5678,6.56936,1.00,1.19
2014.10.24 08:32:08.002,6.56782,6.56936,1.00,1.19
2014.10.24 08:32:08.412,6.56782,6.56929,1.00,1.19
2014.10.24 08:32:09.213,6.56795,6.56929,1.00,1.19
2014.10.24 08:32:10.546,6.56801,6.56929,1.00,1.19
2014.10.24 08:32:11.023,6.56801,6.56939,1.00,1.19
2014.10.24 08:32:11.303,6.56811,6.56939,1.00,1.19
2014.10.24 08:32:11.354,6.56811,6.5695,1.00,1.00
2014.10.24 08:32:11.456,6.56832,6.5695,1.00,1.00
2014.10.24 08:32:11.557,6.56832,6.56965,1.00,1.00
2014.10.24 08:32:11.663,6.56842,6.56965,1.00,1.00
2014.10.24 08:32:12.119,6.56847,6.56965,1.00,1.00
2014.10.24 08:32:12.355,6.56847,6.56984,1.00,1.19
2014.10.24 08:32:12.624,6.56841,6.56984,1.30,1.19
2014.10.24 08:32:12.675,6.56832,6.5698,1.00,1.19
2014.10.24 08:32:12.878,6.56827,6.56978,1.00,1.69
2014.10.24 08:32:13.074,6.56829,6.56978,1.00,1.69
2014.10.24 08:32:13.388,6.56837,6.56979,1.00,1.19
2014.10.24 08:32:13.738,6.56837,6.56976,1.00,1.19
2014.10.24 08:32:14.630,6.56842,6.56976,1.00,1.19
2014.10.24 08:32:16.359,6.56842,6.5698,1.00,1.19
2014.10.24 08:32:16.804,6.56847,6.5698,1.00,1.19
2014.10.24 08:32:16.956,6.56842,6.5698,1.00,1.19
2014.10.24 08:32:18.371,6.56842,6.5698,1.00,1.19
2014.10.24 08:32:18.807,6.56852,6.5698,1.00,1.19
2014.10.24 08:32:19.333,6.56848,6.5698,1.00,1.19
2014.10.24 08:32:19.443,6.56838,6.5698,1.00,1.19
2014.10.24 08:32:19.822,6.56821,6.56954,1.00,1.19
2014.10.24 08:32:19.925,6.56811,6.56954,1.00,1.19
2014.10.24 08:32:20.331,6.56816,6.56954,1.00,1.19
2014.10.24 08:32:20.655,6.56827,6.56954,1.00,1.19
2014.10.24 08:32:21.134,6.56821,6.56954,1.00,1.19
2014.10.24 08:32:21.236,6.56816,6.56954,1.00,1.19
2014.10.24 08:32:21.669,6.56806,6.56954,1.00,1.19
2014.10.24 08:32:21.872,6.56821,6.56953,1.00,1.19
2014.10.24 08:32:21.974,6.56809,6.56953,1.00,1.19
2014.10.24 08:32:22.988,6.56809,6.56941,1.00,1.19
2014.10.24 08:32:23.073,6.56803,6.56941,1.00,1.19
2014.10.24 08:32:24.412,6.56785,6.56915,1.00,1.19
2014.10.24 08:32:24.513,6.56763,6.56915,1.30,1.19
2014.10.24 08:32:24.564,6.5676,6.56907,1.00,1.50
2014.10.24 08:32:24.675,6.56758,6.56907,1.30,1.50
2014.10.24 08:32:24.879,6.56781,6.56906,1.00,1.00
2014.10.24 08:32:24.981,6.56781,6.56915,1.00,1.19
2014.10.24 08:32:25.395,6.56769,6.56915,1.00,1.19
2014.10.24 08:32:25.497,6.56755,6.56915,1.00,1.19
2014.10.24 08:32:25.548,6.56755,6.56896,1.00,1.19
2014.10.24 08:32:26.483,6.56763,6.56896,1.00,1.19
2014.10.24 08:32:26.804,6.56769,6.56896,1.00,1.19
2014.10.24 08:32:27.241,6.56772,6.56896,1.00,1.19
2014.10.24 08:32:27.618,6.56772,6.5691,1.00,1.19
2014.10.24 08:32:27.804,6.56764,6.5691,1.00,1.19
2014.10.24 08:32:28.166,6.56769,6.5691,1.00,1.19
2014.10.24 08:32:28.512,6.56771,6.5691,1.00,1.19
2014.10.24 08:32:30.028,6.56771,6.56908,1.00,1.19
2014.10.24 08:32:32.134,6.56771,6.5691,1.00,1.19
2014.10.24 08:32:33.021,6.56762,6.5691,1.00,1.19
2014.10.24 08:32:33.072,6.56762,6.56885,1.00,1.19
2014.10.24 08:32:33.123,6.56754,6.56885,1.30,1.19
2014.10.24 08:32:33.174,6.56749,6.56885,1.00,1.19
2014.10.24 08:32:33.644,6.56749,6.56893,1.00,1.00
2014.10.24 08:32:34.182,6.56741,6.56893,1.00,1.00
2014.10.24 08:32:36.051,6.56744,6.56893,1.00,1.00
2014.10.24 08:32:38.749,6.56752,6.56893,1.00,1.00
2014.10.24 08:32:38.801,6.56752,6.56899,1.00,1.00
2014.10.24 08:32:38.852,6.56765,6.56899,1.00,1.00
2014.10.24 08:32:38.954,6.56765,6.56909,1.00,1.00
2014.10.24 08:32:39.056,6.56765,6.56918,1.00,1.00
2014.10.24 08:32:42.212,6.56776,6.56918,1.00,1.00
2014.10.24 08:32:42.567,6.56788,6.56918,1.00,1.00
2014.10.24 08:32:42.618,6.56788,6.56925,1.00,1.00
2014.10.24 08:32:42.669,6.56795,6.56936,1.00,1.00
2014.10.24 08:32:42.770,6.56798,6.56936,1.00,1.00
2014.10.24 08:32:43.312,6.56804,6.56936,1.00,1.00
2014.10.24 08:32:43.686,6.56804,6.56936,1.00,1.19
2014.10.24 08:32:44.632,6.56806,6.56936,1.00,1.19
2014.10.24 08:32:44.963,6.56811,6.56936,1.00,1.19
2014.10.24 08:32:45.115,6.56816,6.56952,1.00,1.00
2014.10.24 08:32:45.216,6.56806,6.5696,1.00,1.19
2014.10.24 08:32:45.520,6.56795,6.56957,1.00,1.69
2014.10.24 08:32:45.722,6.56795,6.5695,1.00,1.00
2014.10.24 08:32:45.773,6.56792,6.5695,1.30,1.00
2014.10.24 08:32:45.824,6.5679,6.56949,1.00,1.30
2014.10.24 08:32:45.875,6.5679,6.56947,1.00,1.50
2014.10.24 08:32:46.464,6.5679,6.56937,1.00,1.50
2014.10.24 08:32:46.796,6.5679,6.5693,1.00,1.19
2014.10.24 08:32:47.493,6.56787,6.5693,1.00,1.19
2014.10.24 08:32:47.645,6.5678,6.56905,1.00,1.19
2014.10.24 08:32:47.957,6.56759,6.56883,1.00,1.19
2014.10.24 08:32:48.059,6.56747,6.56883,1.00,1.19
2014.10.24 08:32:48.161,6.56738,6.56883,1.00,1.19
2014.10.24 08:32:48.263,6.56738,6.56871,1.00,1.19
2014.10.24 08:32:49.064,6.56733,6.56871,1.00,1.19
2014.10.24 08:32:49.807,6.56733,6.56888,1.00,1.69
2014.10.24 08:32:50.373,6.56733,6.56878,1.00,1.50
2014.10.24 08:32:50.474,6.56729,6.56878,1.00,1.50
2014.10.24 08:32:50.911,6.56721,6.56845,1.00,1.19
2014.10.24 08:32:50.962,6.56713,6.56845,1.00,1.19
2014.10.24 08:32:51.063,6.56702,6.56845,1.00,1.19
2014.10.24 08:32:51.114,6.56702,6.56858,1.00,1.69
2014.10.24 08:32:51.165,6.56717,6.56858,1.00,1.69
2014.10.24 08:32:51.267,6.56707,6.56858,1.00,1.69
2014.10.24 08:32:51.419,6.56707,6.56837,1.00,1.50
2014.10.24 08:32:51.470,6.56699,6.56837,1.00,1.50
2014.10.24 08:32:51.571,6.56691,6.56828,1.00,1.50
2014.10.24 08:32:51.673,6.56684,6.56828,1.00,1.50
2014.10.24 08:32:51.926,6.5668,6.56828,1.00,1.50
2014.10.24 08:32:52.628,6.56685,6.56832,1.00,1.00
2014.10.24 08:32:52.971,6.56695,6.56832,1.00,1.00
2014.10.24 08:32:53.132,6.5669,6.56832,1.00,1.00
2014.10.24 08:32:53.379,6.56695,6.56832,1.00,1.00
2014.10.24 08:32:53.723,6.56695,6.56832,1.00,1.19
2014.10.24 08:32:53.824,6.56693,6.56832,1.00,1.19
2014.10.24 08:32:53.875,6.56693,6.56818,1.00,2.25
2014.10.24 08:32:53.926,6.56688,6.56818,1.00,2.25
2014.10.24 08:32:54.027,6.56683,6.56818,1.00,2.25
2014.10.24 08:32:54.128,6.56681,6.56817,1.00,1.50
2014.10.24 08:32:54.179,6.56681,6.56808,1.00,1.50
2014.10.24 08:32:54.384,6.56681,6.56818,1.00,1.00
2014.10.24 08:32:54.672,6.56677,6.56818,1.00,1.00
2014.10.24 08:32:55.771,6.5668,6.56818,1.00,1.00
2014.10.24 08:32:57.207,6.56683,6.56817,1.00,1.00
2014.10.24 08:32:57.414,6.56693,6.56833,1.00,1.00
2014.10.24 08:32:57.532,6.56701,6.56833,1.00,1.00
2014.10.24 08:32:58.082,6.56702,6.56833,1.00,1.00
2014.10.24 08:32:58.421,6.56705,6.56833,1.00,1.00
2014.10.24 08:32:58.523,6.56703,6.56833,1.00,1.00
2014.10.24 08:32:58.893,6.56705,6.56833,1.00,1.00
2014.10.24 08:32:59.303,6.56702,6.56833,1.00,1.00
2014.10.24 08:32:59.512,6.56697,6.56833,1.00,1.00
2014.10.24 08:32:59.731,6.56699,6.56833,1.00,1.00
2014.10.24 08:32:59.951,6.56697,6.56833,1.00,1.00
2014.10.24 08:33:00.610,6.56698,6.56828,1.00,1.50
2014.10.24 08:33:00.763,6.56662,6.56808,1.00,1.50
2014.10.24 08:33:00.865,6.5666,6.56808,1.00,1.50
2014.10.24 08:33:00.966,6.56665,6.56808,1.00,1.50
2014.10.24 08:33:01.642,6.5667,6.56807,1.00,1.00
2014.10.24 08:33:01.945,6.56684,6.56811,1.00,1.00
2014.10.24 08:33:02.047,6.56675,6.56818,1.00,1.50
2014.10.24 08:33:02.098,6.56675,6.56808,1.00,1.50
2014.10.24 08:33:02.301,6.5666,6.56797,1.00,1.00
2014.10.24 08:33:02.932,6.56662,6.56797,1.00,1.00
2014.10.24 08:33:03.033,6.5666,6.56797,1.00,1.00
2014.10.24 08:33:03.296,6.5667,6.56797,1.00,1.00
2014.10.24 08:33:03.347,6.5667,6.56806,1.00,1.00
2014.10.24 08:33:03.398,6.56675,6.56808,1.00,1.00
2014.10.24 08:33:03.705,6.56662,6.56808,1.00,2.25
2014.10.24 08:33:03.807,6.56654,6.56796,1.00,1.00
2014.10.24 08:33:04.314,6.56653,6.56796,1.00,1.00
2014.10.24 08:33:04.693,6.56655,6.56796,1.00,1.00
2014.10.24 08:33:05.054,6.5666,6.56796,1.00,1.00
2014.10.24 08:33:05.155,6.56654,6.56796,1.00,1.00
2014.10.24 08:33:05.206,6.56654,6.56778,1.00,1.50
2014.10.24 08:33:05.257,6.56642,6.56778,1.00,1.50
2014.10.24 08:33:05.750,6.56642,6.56781,1.00,1.00
2014.10.24 08:33:05.912,6.56639,6.56781,1.00,1.00
2014.10.24 08:33:06.114,6.56648,6.56781,1.00,1.00
2014.10.24 08:33:06.461,6.56672,6.56788,1.00,1.50
2014.10.24 08:33:06.512,6.56672,6.56794,1.00,1.00
2014.10.24 08:33:06.564,6.56688,6.56795,1.00,1.00
2014.10.24 08:33:06.666,6.56693,6.56825,1.00,1.00
2014.10.24 08:33:06.818,6.56701,6.56826,1.00,1.00
2014.10.24 08:33:06.887,6.56701,6.56839,1.00,1.00
2014.10.24 08:33:07.040,6.56709,6.56839,1.00,1.00
2014.10.24 08:33:07.561,6.5671,6.56839,1.00,1.00
2014.10.24 08:33:08.102,6.56709,6.56839,1.00,1.00
2014.10.24 08:33:08.532,6.56702,6.56839,1.00,1.00
2014.10.24 08:33:08.684,6.56692,6.56828,1.00,1.50
2014.10.24 08:33:08.836,6.56692,6.56839,1.00,1.00
2014.10.24 08:33:09.302,6.567,6.56839,1.00,1.00
2014.10.24 08:33:09.695,6.5669,6.56828,1.00,1.50
2014.10.24 08:33:09.782,6.5669,6.56839,1.00,1.00
2014.10.24 08:33:09.884,6.56697,6.56839,1.00,1.00
2014.10.24 08:33:10.201,6.56713,6.56839,1.00,1.00
2014.10.24 08:33:10.634,6.56711,6.56839,1.00,1.00
2014.10.24 08:33:10.735,6.56711,6.56852,1.00,1.00
2014.10.24 08:33:11.172,6.56718,6.56852,1.00,1.00
2014.10.24 08:33:11.954,6.56714,6.56852,1.00,1.00
2014.10.24 08:33:12.055,6.56716,6.56852,1.00,1.00
2014.10.24 08:33:12.612,6.56724,6.56852,1.00,1.00
2014.10.24 08:33:12.714,6.56721,6.56852,1.00,1.00
2014.10.24 08:33:12.815,6.56721,6.56857,1.00,1.00
2014.10.24 08:33:12.968,6.56716,6.56816,1.00,1.00
2014.10.24 08:33:13.171,6.56662,6.56787,1.00,1.30
2014.10.24 08:33:13.222,6.56658,6.56759,1.00,1.30
2014.10.24 08:33:13.272,6.56653,6.56759,1.00,1.72
2014.10.24 08:33:13.576,6.56653,6.56748,1.00,1.00
2014.10.24 08:33:13.829,6.56645,6.56748,1.00,1.00
2014.10.24 08:33:14.257,6.56651,6.56748,1.00,1.00
2014.10.24 08:33:14.561,6.56656,6.56748,1.00,1.00
2014.10.24 08:33:14.713,6.56671,6.56772,1.00,1.00
2014.10.24 08:33:15.022,6.56683,6.56777,1.00,1.00
2014.10.24 08:33:15.327,6.5662,6.56678,1.00,1.50
2014.10.24 08:33:15.378,6.56552,6.56678,1.00,1.50
2014.10.24 08:33:15.429,6.56573,6.56735,1.30,1.00
2014.10.24 08:33:15.480,6.56609,6.56735,1.00,1.00
2014.10.24 08:33:15.582,6.56616,6.56753,1.00,1.30
2014.10.24 08:33:15.683,6.5664,6.56767,1.00,1.00
2014.10.24 08:33:15.789,6.5664,6.56774,1.00,1.00
2014.10.24 08:33:15.992,6.56639,6.56776,1.00,1.30
2014.10.24 08:33:16.043,6.56652,6.56779,1.00,1.19
2014.10.24 08:33:16.347,6.56659,6.56773,1.00,1.00
2014.10.24 08:33:16.499,6.56641,6.56773,1.00,1.00
2014.10.24 08:33:16.562,6.56622,6.56773,1.00,1.00
2014.10.24 08:33:16.889,6.56622,6.56769,1.00,1.00
2014.10.24 08:33:17.439,6.56622,6.56738,1.00,1.00
2014.10.24 08:33:18.211,6.56616,6.56738,1.00,1.00
2014.10.24 08:33:18.443,6.5662,6.56738,1.00,1.00
2014.10.24 08:33:19.639,6.5662,6.56757,1.00,1.30
2014.10.24 08:33:20.299,6.5662,6.56745,1.00,1.00
2014.10.24 08:33:21.620,6.5662,6.56757,1.00,1.30
2014.10.24 08:33:22.080,6.5662,6.56742,1.00,1.00
2014.10.24 08:33:22.280,6.56593,6.56742,1.19,1.00
2014.10.24 08:33:24.103,6.56596,6.56742,1.00,1.00
2014.10.24 08:33:24.154,6.56601,6.56757,1.00,1.30
2014.10.24 08:33:25.872,6.56601,6.56717,1.00,1.50
2014.10.24 08:33:25.923,6.56585,6.56717,1.00,1.50
2014.10.24 08:33:31.350,6.56592,6.56717,1.00,1.50
2014.10.24 08:33:31.603,6.56585,6.56717,1.00,1.50
2014.10.24 08:33:31.654,6.56592,6.56717,1.00,1.50
2014.10.24 08:33:31.705,6.56592,6.56737,1.00,1.30
2014.10.24 08:33:31.861,6.56598,6.56756,1.00,1.49
2014.10.24 08:33:32.073,6.56604,6.56756,1.00,1.49
2014.10.24 08:33:32.993,6.56601,6.56756,1.00,1.49
2014.10.24 08:33:33.393,6.56601,6.56756,1.00,1.30
2014.10.24 08:33:33.500,6.56599,6.56756,1.00,1.30
2014.10.24 08:33:33.655,6.56615,6.56756,1.00,1.30
2014.10.24 08:33:33.706,6.56615,6.56761,1.00,1.00
2014.10.24 08:33:33.858,6.5661,6.56761,1.00,1.00
2014.10.24 08:33:34.051,6.56613,6.56761,1.00,1.00
2014.10.24 08:33:34.531,6.56618,6.56761,1.00,1.00
2014.10.24 08:33:38.059,6.56621,6.56761,1.00,1.00
2014.10.24 08:33:38.560,6.56607,6.56761,1.00,1.00
2014.10.24 08:33:38.611,6.56607,6.56758,1.00,1.50
2014.10.24 08:33:38.916,6.56585,6.56718,1.00,1.50
2014.10.24 08:33:39.018,6.56568,6.56718,1.00,1.50
2014.10.24 08:33:39.791,6.56566,6.56718,1.00,1.50
2014.10.24 08:33:41.602,6.56566,6.56707,1.00,1.50
2014.10.24 08:33:41.703,6.56566,6.56718,1.00,1.50
2014.10.24 08:33:42.021,6.56582,6.5672,1.00,1.00
2014.10.24 08:33:42.173,6.5659,6.56729,1.00,1.30
2014.10.24 08:33:42.224,6.56605,6.5674,1.00,1.00
2014.10.24 08:33:42.528,6.56613,6.5674,1.00,1.00
2014.10.24 08:33:42.680,6.56597,6.56728,1.00,1.50
2014.10.24 08:33:42.871,6.5659,6.56728,1.00,1.50
2014.10.24 08:33:43.140,6.5659,6.5674,1.00,1.00
2014.10.24 08:33:43.292,6.56586,6.5674,1.00,1.00
2014.10.24 08:33:43.973,6.56582,6.5674,1.00,1.00
2014.10.24 08:33:44.435,6.56587,6.5674,1.00,1.00
2014.10.24 08:33:44.801,6.56592,6.5674,1.00,1.00
2014.10.24 08:33:45.162,6.56597,6.5674,1.00,1.00
2014.10.24 08:33:46.041,6.56598,6.5674,1.30,1.00
2014.10.24 08:33:46.272,6.56598,6.56761,1.30,1.00
2014.10.24 08:33:46.373,6.56602,6.56761,1.00,1.00
2014.10.24 08:33:46.682,6.56611,6.56761,1.00,1.00
2014.10.24 08:33:46.834,6.5662,6.5678,1.00,1.30
2014.10.24 08:33:46.935,6.56624,6.5678,1.00,1.30
2014.10.24 08:33:46.986,6.56624,6.56797,1.72,1.25
2014.10.24 08:33:47.798,6.56624,6.56789,1.72,1.00
2014.10.24 08:33:53.030,6.56624,6.56775,1.72,1.00
2014.10.24 08:33:54.485,6.56624,6.56786,1.00,1.30
2014.10.24 08:33:55.780,6.56624,6.56776,1.00,1.00
2014.10.24 08:33:58.041,6.56618,6.56776,1.00,1.00
2014.10.24 08:34:00.572,6.56627,6.56776,1.00,1.00
2014.10.24 08:34:00.725,6.56608,6.56765,1.00,1.49
2014.10.24 08:34:00.776,6.56608,6.56762,1.00,1.00
2014.10.24 08:34:00.827,6.56587,6.56762,1.50,1.00
2014.10.24 08:34:00.878,6.56587,6.56748,1.00,1.00
2014.10.24 08:34:01.031,6.56582,6.56744,1.00,1.30
2014.10.24 08:34:01.747,6.56582,6.56734,1.00,1.00
2014.10.24 08:34:02.051,6.56597,6.56744,1.00,1.30
2014.10.24 08:34:02.366,6.56607,6.56746,1.00,1.00
2014.10.24 08:34:02.870,6.56606,6.56746,1.00,1.00
2014.10.24 08:34:03.569,6.56596,6.56746,1.00,1.00
2014.10.24 08:34:03.620,6.56596,6.56734,1.00,1.00
2014.10.24 08:34:04.292,6.56596,6.56746,1.00,1.00
2014.10.24 08:34:04.664,6.56627,6.56746,1.00,1.00
2014.10.24 08:34:04.766,6.56629,6.5676,1.00,1.00
2014.10.24 08:34:04.918,6.56629,6.56772,1.00,1.00
2014.10.24 08:34:05.400,6.56623,6.56772,1.00,1.00
2014.10.24 08:34:05.553,6.56623,6.56753,1.00,1.00
2014.10.24 08:34:05.655,6.56621,6.56753,1.00,1.00
2014.10.24 08:34:05.840,6.56633,6.56753,1.00,1.00
2014.10.24 08:34:06.505,6.56639,6.56753,1.00,1.00
2014.10.24 08:34:07.864,6.56627,6.56753,1.00,1.00
2014.10.24 08:34:08.016,6.56609,6.56753,1.00,1.00
2014.10.24 08:34:08.181,6.56606,6.56753,1.00,1.00
2014.10.24 08:34:09.151,6.56604,6.56753,1.00,1.00
2014.10.24 08:34:10.581,6.56627,6.56753,1.00,1.00
2014.10.24 08:34:10.683,6.56621,6.56753,1.00,1.00
2014.10.24 08:34:11.341,6.56617,6.56753,1.00,1.00
2014.10.24 08:34:11.902,6.56633,6.56753,1.00,1.00
2014.10.24 08:34:12.658,6.56637,6.56753,1.00,1.00
2014.10.24 08:34:13.822,6.56641,6.56753,1.00,1.00
2014.10.24 08:34:17.876,6.56641,6.56757,1.00,1.25
2014.10.24 08:34:17.927,6.56625,6.56745,1.00,1.30
2014.10.24 08:34:17.978,6.56606,6.56745,1.00,1.49
2014.10.24 08:34:18.081,6.56616,6.56745,1.00,1.49
2014.10.24 08:34:18.385,6.5663,6.56774,1.00,1.19
2014.10.24 08:34:18.538,6.56641,6.56774,1.00,1.19
2014.10.24 08:34:18.842,6.56644,6.56774,1.00,1.19
2014.10.24 08:34:19.286,6.56656,6.56776,1.00,1.19
2014.10.24 08:34:19.811,6.56653,6.56776,1.00,1.19
2014.10.24 08:34:19.913,6.56653,6.568,1.00,1.19
2014.10.24 08:34:20.361,6.56655,6.568,1.00,1.19
2014.10.24 08:34:21.478,6.56659,6.568,1.00,1.19
2014.10.24 08:34:21.794,6.56657,6.568,1.00,1.19
2014.10.24 08:34:22.333,6.56657,6.568,1.00,1.19
2014.10.24 08:34:22.491,6.56666,6.568,1.00,1.19
2014.10.24 08:34:22.999,6.56666,6.568,1.00,1.00
2014.10.24 08:34:23.100,6.56666,6.5681,1.00,1.00
2014.10.24 08:34:23.151,6.56664,6.5681,1.00,1.00
2014.10.24 08:34:23.453,6.5667,6.5681,1.00,1.00
2014.10.24 08:34:24.320,6.56659,6.5681,1.00,1.00
2014.10.24 08:34:24.691,6.56664,6.5681,1.00,1.00
2014.10.24 08:34:25.530,6.56669,6.5681,1.00,1.00
2014.10.24 08:34:25.742,6.56675,6.56822,1.00,1.00
2014.10.24 08:34:25.866,6.5667,6.56822,1.00,1.00
2014.10.24 08:34:26.191,6.56667,6.56822,1.00,1.00
2014.10.24 08:34:26.520,6.5666,6.56822,1.00,1.00
2014.10.24 08:34:27.131,6.5666,6.56809,1.00,1.00
2014.10.24 08:34:27.181,6.56653,6.56809,1.30,1.00
2014.10.24 08:34:27.232,6.56653,6.56806,1.30,1.19
2014.10.24 08:34:29.625,6.56653,6.56808,1.72,1.19
2014.10.24 08:34:31.681,6.56653,6.56804,1.30,1.19
2014.10.24 08:34:33.652,6.56633,6.56804,1.72,1.19
2014.10.24 08:34:33.753,6.56632,6.56806,1.00,1.19
2014.10.24 08:34:33.855,6.56632,6.56798,1.00,1.00
2014.10.24 08:34:34.160,6.56632,6.5679,1.00,1.00
2014.10.24 08:34:34.211,6.56611,6.56786,1.72,1.00
2014.10.24 08:34:34.312,6.56613,6.56786,1.00,1.00
2014.10.24 08:34:35.001,6.56613,6.56781,1.00,1.00
2014.10.24 08:34:35.363,6.56611,6.56775,1.30,1.00
2014.10.24 08:34:35.668,6.56611,6.56773,1.30,1.00
2014.10.24 08:34:35.972,6.56597,6.5676,1.00,1.69
2014.10.24 08:34:36.485,6.56591,6.5676,1.30,1.19
2014.10.24 08:34:36.637,6.56591,6.56747,1.30,1.00
2014.10.24 08:34:36.688,6.56579,6.56747,1.00,1.00
2014.10.24 08:34:36.840,6.56582,6.56747,1.00,1.00
2014.10.24 08:34:37.159,6.56582,6.56745,1.00,1.00
2014.10.24 08:34:38.552,6.56582,6.56736,1.00,1.00
2014.10.24 08:34:38.763,6.56582,6.56747,1.00,1.25
2014.10.24 08:34:38.965,6.56582,6.56739,1.00,1.00
2014.10.24 08:34:39.300,6.56582,6.56734,1.00,1.00
2014.10.24 08:34:39.635,6.56582,6.56732,1.00,1.00
2014.10.24 08:34:41.917,6.56582,6.56734,1.00,1.25
2014.10.24 08:34:41.980,6.56582,6.56732,1.00,1.00
2014.10.24 08:34:42.284,6.5655,6.56618,1.00,1.50
2014.10.24 08:34:42.335,6.56484,6.5661,1.00,1.19
2014.10.24 08:34:42.385,6.56497,6.5661,1.00,1.19
2014.10.24 08:34:42.437,6.56498,6.56618,1.30,1.50
2014.10.24 08:34:42.538,6.56506,6.56648,1.50,1.19
2014.10.24 08:34:42.640,6.56506,6.56665,1.50,1.19
2014.10.24 08:34:42.690,6.56512,6.56665,1.00,1.19
2014.10.24 08:34:42.843,6.5652,6.5668,1.30,1.25
2014.10.24 08:34:42.944,6.56529,6.5668,1.00,1.25
2014.10.24 08:34:43.278,6.56543,6.56692,1.30,1.00
2014.10.24 08:34:43.451,6.56543,6.56695,1.30,1.00
2014.10.24 08:34:43.755,6.56543,6.56707,1.72,1.19
2014.10.24 08:34:43.911,6.56543,6.56707,2.47,1.19
2014.10.24 08:34:44.580,6.56543,6.56697,2.47,1.00
2014.10.24 08:34:44.750,6.56543,6.56712,2.47,1.19
2014.10.24 08:34:45.041,6.56543,6.56712,1.72,1.19
2014.10.24 08:34:45.193,6.56543,6.567,1.72,1.00
2014.10.24 08:34:45.570,6.56543,6.56689,1.00,1.19
2014.10.24 08:34:46.308,6.56543,6.56689,1.00,1.00
2014.10.24 08:34:46.409,6.56543,6.56701,1.00,1.00
2014.10.24 08:34:46.521,6.56543,6.56701,1.75,1.00
2014.10.24 08:34:48.462,6.56543,6.56701,1.75,1.00
2014.10.24 08:34:48.570,6.56543,6.56701,1.37,1.00
2014.10.24 08:34:48.628,6.56543,6.56701,1.75,1.00
2014.10.24 08:34:48.935,6.56543,6.56698,1.00,1.19
2014.10.24 08:34:50.051,6.56543,6.5669,1.37,1.25
2014.10.24 08:34:50.390,6.56543,6.56698,1.50,1.19
2014.10.24 08:34:50.441,6.56543,6.56698,1.00,1.19
2014.10.24 08:34:50.850,6.56549,6.56701,1.75,1.00
2014.10.24 08:34:51.026,6.56571,6.56717,1.30,1.19
2014.10.24 08:34:51.179,6.56571,6.56717,1.67,1.00
2014.10.24 08:34:51.331,6.56571,6.56729,1.67,1.00
2014.10.24 08:34:59.585,6.56571,6.56729,1.67,1.19
2014.10.24 08:35:00.100,6.56571,6.56729,1.67,1.19
2014.10.24 08:35:00.644,6.56571,6.56729,1.30,1.19
2014.10.24 08:35:00.695,6.56571,6.56719,1.30,1.00
2014.10.24 08:35:00.998,6.56547,6.56697,1.67,1.00
2014.10.24 08:35:01.856,6.56553,6.56697,1.00,1.00
2014.10.24 08:35:02.161,6.56569,6.56706,1.30,1.19
2014.10.24 08:35:02.672,6.56557,6.56706,1.00,1.19
2014.10.24 08:35:03.472,6.56557,6.56704,1.00,1.19
2014.10.24 08:35:03.574,6.56548,6.56704,1.30,1.19
2014.10.24 08:35:03.625,6.56548,6.56689,1.30,1.19
2014.10.24 08:35:04.493,6.56549,6.56689,1.00,1.19
2014.10.24 08:35:04.644,6.56549,6.56702,1.00,1.19
2014.10.24 08:35:06.015,6.56555,6.56702,1.00,1.19
2014.10.24 08:35:06.332,6.56557,6.56702,1.00,1.19
2014.10.24 08:35:07.120,6.56557,6.5671,1.00,1.19
2014.10.24 08:35:09.432,6.56557,6.56711,1.37,1.19
2014.10.24 08:35:09.628,6.56557,6.56717,1.37,1.19
2014.10.24 08:35:10.331,6.56557,6.5671,1.37,1.00
2014.10.24 08:35:10.728,6.56557,6.5671,1.00,1.00
2014.10.24 08:35:11.261,6.56557,6.5671,1.75,1.00
2014.10.24 08:35:11.736,6.56557,6.5671,1.75,1.19
2014.10.24 08:35:12.863,6.56557,6.5671,1.00,1.19
2014.10.24 08:35:12.914,6.56568,6.56713,1.30,1.19
2014.10.24 08:35:13.223,6.56568,6.56713,2.05,1.19
2014.10.24 08:35:13.844,6.56568,6.5672,2.05,1.19
2014.10.24 08:35:14.691,6.56568,6.5672,1.30,1.19
2014.10.24 08:35:14.793,6.56568,6.5672,1.72,1.19
2014.10.24 08:35:14.895,6.56568,6.5672,1.30,1.19
2014.10.24 08:35:15.199,6.56568,6.5672,2.47,1.19
2014.10.24 08:35:15.454,6.56571,6.56731,2.05,1.00
2014.10.24 08:35:15.505,6.56591,6.56731,1.30,1.00
2014.10.24 08:35:15.671,6.56591,6.56733,1.30,1.00
2014.10.24 08:35:16.643,6.56591,6.56741,1.30,1.00
2014.10.24 08:35:16.694,6.56593,6.56741,2.05,1.00
2014.10.24 08:35:16.746,6.56613,6.56753,1.30,1.00
2014.10.24 08:35:17.501,6.56597,6.56752,1.00,1.19
2014.10.24 08:35:17.735,6.56597,6.56736,1.00,1.00
2014.10.24 08:35:17.949,6.56591,6.56736,1.30,1.00
2014.10.24 08:35:19.253,6.56592,6.56736,1.00,1.00
2014.10.24 08:35:19.304,6.56595,6.56736,1.30,1.00
2014.10.24 08:35:19.608,6.56615,6.56748,1.30,1.00
2014.10.24 08:35:19.861,6.56636,6.56772,1.30,1.00
2014.10.24 08:35:21.294,6.56636,6.56783,1.30,1.00
2014.10.24 08:35:21.345,6.56636,6.56783,1.72,1.00
2014.10.24 08:35:21.649,6.5666,6.56795,1.30,1.00
2014.10.24 08:35:21.953,6.56685,6.56816,1.30,1.00
2014.10.24 08:35:25.670,6.56685,6.56826,1.30,1.00
2014.10.24 08:35:26.251,6.5669,6.56826,1.00,1.00
2014.10.24 08:35:26.352,6.5669,6.56838,1.00,1.00
2014.10.24 08:35:26.403,6.5671,6.56838,1.30,1.00
2014.10.24 08:35:26.555,6.5671,6.56848,1.30,1.00
2014.10.24 08:35:26.656,6.5671,6.56859,1.30,1.00
2014.10.24 08:35:27.175,6.56711,6.56859,1.00,1.00
2014.10.24 08:35:27.651,6.56715,6.56859,1.00,1.00
2014.10.24 08:35:28.517,6.56715,6.56872,1.00,1.00
2014.10.24 08:35:28.730,6.56715,6.56862,1.00,1.00
2014.10.24 08:35:29.074,6.56731,6.56862,1.30,1.00
2014.10.24 08:35:29.175,6.56752,6.56886,1.30,1.00
2014.10.24 08:35:29.637,6.56752,6.56875,1.30,1.00
2014.10.24 08:35:29.892,6.56733,6.56874,1.72,1.00
2014.10.24 08:35:30.045,6.56733,6.56864,1.30,1.19
2014.10.24 08:35:30.096,6.56713,6.56864,1.00,1.69
2014.10.24 08:35:30.197,6.56707,6.56842,1.30,1.00
2014.10.24 08:35:30.400,6.56687,6.56832,1.00,1.00
2014.10.24 08:35:30.603,6.56686,6.56822,1.30,1.00
2014.10.24 08:35:32.982,6.56672,6.56822,1.00,1.00
2014.10.24 08:35:33.033,6.56665,6.56822,1.00,1.00
2014.10.24 08:35:33.134,6.56664,6.56806,1.30,1.00
2014.10.24 08:35:33.466,6.56664,6.56792,1.30,1.00
2014.10.24 08:35:33.620,6.56645,6.56792,1.30,1.00
2014.10.24 08:35:33.722,6.56645,6.56781,1.30,1.00
2014.10.24 08:35:38.330,6.56645,6.56794,1.30,1.00
2014.10.24 08:35:38.631,6.56646,6.56794,1.37,1.00
2014.10.24 08:35:38.971,6.56666,6.56794,1.35,1.00
2014.10.24 08:35:39.072,6.56666,6.56805,1.30,1.00
2014.10.24 08:35:39.225,6.56666,6.56816,1.30,1.00
2014.10.24 08:35:39.622,6.56666,6.56807,1.30,1.00
2014.10.24 08:35:39.977,6.56666,6.56817,1.30,1.00
2014.10.24 08:35:40.644,6.56666,6.56806,1.30,1.00
2014.10.24 08:35:40.948,6.56666,6.56794,1.30,1.00
2014.10.24 08:35:41.942,6.56646,6.56794,1.30,1.00
2014.10.24 08:35:43.290,6.56646,6.56794,1.30,1.19
2014.10.24 08:35:43.594,6.56583,6.56688,1.00,1.50
2014.10.24 08:35:43.645,6.56583,6.56702,1.00,1.19
2014.10.24 08:35:43.696,6.56583,6.5672,1.00,1.30
2014.10.24 08:35:43.747,6.56589,6.5674,1.30,1.00
2014.10.24 08:35:43.798,6.56595,6.5674,1.00,1.19
2014.10.24 08:35:44.102,6.56607,6.56747,1.00,1.19
2014.10.24 08:35:44.318,6.56614,6.56759,1.00,1.00
2014.10.24 08:35:44.530,6.56611,6.56759,1.00,1.00
2014.10.24 08:35:44.683,6.56611,6.56748,1.00,1.00
2014.10.24 08:35:44.835,6.56615,6.56758,1.00,1.00
2014.10.24 08:35:44.969,6.56611,6.56758,1.00,1.00
2014.10.24 08:35:45.230,6.56611,6.56746,1.00,1.00
2014.10.24 08:35:45.639,6.56592,6.56727,1.00,1.50
2014.10.24 08:35:46.770,6.56592,6.5672,1.00,1.00
2014.10.24 08:35:48.533,6.56571,6.56716,1.00,1.00
2014.10.24 08:35:48.634,6.56571,6.56701,1.00,1.19
2014.10.24 08:35:48.686,6.56538,6.56701,1.30,1.19
2014.10.24 08:35:48.737,6.56535,6.5669,1.00,1.00
2014.10.24 08:35:48.889,6.56526,6.56683,1.00,1.00
2014.10.24 08:35:48.991,6.56517,6.56681,2.05,1.00
2014.10.24 08:35:49.390,6.56513,6.56681,1.75,1.00
2014.10.24 08:35:49.643,6.56553,6.56721,1.00,1.25
2014.10.24 08:35:50.730,6.56568,6.56726,1.37,1.19
2014.10.24 08:35:51.017,6.56568,6.56726,1.37,1.00
2014.10.24 08:35:51.131,6.56589,6.56726,1.00,1.00
2014.10.24 08:35:51.183,6.56589,6.56734,1.00,1.00
2014.10.24 08:35:51.284,6.56589,6.56747,1.00,1.00
2014.10.24 08:35:51.335,6.56589,6.56747,1.37,1.00
2014.10.24 08:35:51.437,6.56589,6.56747,1.37,1.00
2014.10.24 08:35:51.622,6.56589,6.56747,1.75,1.00
2014.10.24 08:35:51.925,6.56615,6.56759,1.00,1.00
2014.10.24 08:35:52.305,6.56615,6.56778,1.50,1.19
2014.10.24 08:35:52.661,6.56615,6.56783,1.50,1.00
2014.10.24 08:35:52.712,6.56615,6.5677,1.50,1.00
2014.10.24 08:35:53.016,6.56615,6.56745,1.00,1.00
2014.10.24 08:35:53.067,6.56615,6.56756,1.00,1.00
2014.10.24 08:35:53.819,6.56634,6.56756,1.30,1.00
2014.10.24 08:35:53.920,6.56614,6.56756,1.30,1.00
2014.10.24 08:35:53.971,6.56596,6.5672,1.00,1.19
2014.10.24 08:35:54.073,6.56588,6.5672,1.00,1.19
2014.10.24 08:35:54.174,6.56584,6.56684,1.30,1.19
2014.10.24 08:35:54.226,6.56582,6.56684,1.00,1.19
2014.10.24 08:35:54.277,6.56554,6.56684,1.00,1.19
2014.10.24 08:35:54.379,6.56543,6.56684,1.30,1.19
2014.10.24 08:35:55.138,6.56551,6.56684,1.00,1.19
2014.10.24 08:35:55.239,6.56546,6.56684,1.00,1.19
2014.10.24 08:35:55.290,6.56546,6.5667,1.00,1.19
2014.10.24 08:35:56.391,6.56546,6.56676,1.00,1.00
2014.10.24 08:35:57.763,6.56546,6.56664,1.00,1.00
2014.10.24 08:35:58.581,6.56546,6.5666,1.00,1.19
2014.10.24 08:35:59.179,6.56547,6.56664,1.30,1.00
2014.10.24 08:35:59.332,6.56547,6.56679,1.30,1.00
2014.10.24 08:35:59.434,6.56563,6.56679,1.00,1.00
2014.10.24 08:35:59.535,6.56547,6.56679,1.30,1.00
2014.10.24 08:35:59.788,6.56547,6.56676,1.30,1.19
2014.10.24 08:36:00.345,6.56547,6.56665,1.30,1.00
2014.10.24 08:36:00.446,6.56542,6.56665,1.00,1.00
2014.10.24 08:36:02.966,6.56526,6.56665,1.30,1.00
2014.10.24 08:36:03.180,6.56505,6.56652,1.30,1.19
2014.10.24 08:36:03.283,6.56528,6.56652,1.30,1.19
2014.10.24 08:36:03.333,6.56528,6.56666,1.30,1.00
2014.10.24 08:36:03.384,6.56531,6.56666,1.00,1.00
2014.10.24 08:36:03.486,6.56531,6.56676,1.00,1.19
2014.10.24 08:36:03.943,6.56549,6.56689,1.30,1.00
2014.10.24 08:36:04.371,6.56549,6.56701,1.30,1.00
2014.10.24 08:36:06.447,6.56569,6.56701,1.30,1.00
2014.10.24 08:36:06.599,6.56569,6.56716,1.30,1.00
2014.10.24 08:36:06.650,6.56569,6.56716,1.49,1.00
2014.10.24 08:36:06.701,6.56569,6.56728,1.49,1.00
2014.10.24 08:36:06.752,6.56589,6.56728,1.30,1.00
2014.10.24 08:36:07.264,6.56589,6.5674,1.30,1.00
2014.10.24 08:36:08.438,6.56592,6.5674,1.00,1.00
2014.10.24 08:36:09.021,6.56592,6.56741,1.00,1.50
2014.10.24 08:36:09.868,6.56592,6.56745,1.00,1.00
2014.10.24 08:36:09.970,6.56592,6.56753,1.00,1.50
2014.10.24 08:36:10.072,6.56592,6.56755,1.00,1.00
2014.10.24 08:36:10.819,6.56592,6.56759,1.00,1.00
2014.10.24 08:36:10.956,6.5661,6.56759,1.30,1.00
2014.10.24 08:36:14.038,6.5661,6.56759,1.30,1.69
2014.10.24 08:36:14.190,6.56592,6.56742,1.00,1.00
2014.10.24 08:36:14.241,6.56592,6.56737,1.00,1.00
2014.10.24 08:36:14.291,6.56589,6.56737,1.30,1.00
2014.10.24 08:36:15.198,6.56568,6.56737,1.95,1.00
2014.10.24 08:36:15.351,6.56568,6.56731,1.30,1.00
2014.10.24 08:36:15.861,6.56568,6.5673,1.30,1.00
2014.10.24 08:36:16.650,6.56568,6.56714,1.30,1.19
2014.10.24 08:36:19.257,6.56568,6.5672,1.30,1.19
2014.10.24 08:36:19.884,6.56564,6.56709,1.00,1.19
2014.10.24 08:36:20.036,6.56547,6.56709,1.30,1.19
2014.10.24 08:36:21.866,6.56547,6.56699,1.30,1.19
2014.10.24 08:36:22.407,6.56546,6.56679,1.00,1.19
2014.10.24 08:36:22.560,6.56526,6.56679,1.30,1.19
2014.10.24 08:36:23.401,6.5655,6.56679,1.30,1.19
2014.10.24 08:36:23.604,6.5657,6.56705,1.30,1.19
2014.10.24 08:36:24.110,6.56597,6.56728,1.30,1.19
2014.10.24 08:36:24.983,6.56597,6.56741,1.30,1.19
2014.10.24 08:36:27.295,6.56597,6.56751,1.72,1.19
2014.10.24 08:36:28.028,6.56617,6.56771,1.00,1.19
2014.10.24 08:36:28.079,6.56625,6.56771,1.30,1.19
2014.10.24 08:36:28.130,6.56633,6.56793,1.00,1.19
2014.10.24 08:36:28.181,6.56655,6.56798,1.30,1.19
2014.10.24 08:36:28.233,6.56655,6.56817,1.30,1.25
2014.10.24 08:36:28.284,6.56675,6.56818,1.30,1.19
2014.10.24 08:36:28.588,6.56697,6.56823,1.30,1.19
2014.10.24 08:36:28.639,6.56697,6.56844,1.30,1.19
2014.10.24 08:36:29.650,6.56697,6.56832,1.30,1.19
2014.10.24 08:36:30.690,6.56684,6.56832,1.00,1.19
2014.10.24 08:36:30.792,6.56665,6.56832,1.30,1.19
2014.10.24 08:36:30.843,6.56665,6.56811,1.30,1.19
2014.10.24 08:36:32.169,6.56661,6.56811,1.00,1.19
2014.10.24 08:36:32.220,6.56644,6.56811,1.00,1.19
2014.10.24 08:36:32.322,6.56644,6.56783,1.00,1.19
2014.10.24 08:36:32.424,6.56639,6.56783,1.30,1.19
2014.10.24 08:36:32.475,6.56633,6.56783,1.00,1.19
2014.10.24 08:36:32.526,6.56619,6.56783,2.10,1.19
2014.10.24 08:36:32.627,6.56619,6.56783,1.72,1.69
2014.10.24 08:36:32.831,6.56619,6.5676,1.72,1.19
2014.10.24 08:36:33.084,6.56605,6.56758,1.00,1.19
2014.10.24 08:36:33.322,6.56595,6.56757,1.30,1.19
2014.10.24 08:36:33.927,6.56601,6.56757,1.30,1.19
2014.10.24 08:36:34.262,6.56622,6.5676,1.30,1.19
2014.10.24 08:36:34.363,6.56608,6.5676,1.00,1.19
2014.10.24 08:36:34.465,6.56608,6.56775,1.00,1.00
2014.10.24 08:36:34.516,6.5664,6.56786,1.00,1.19
2014.10.24 08:36:34.819,6.5667,6.56786,1.00,1.19
2014.10.24 08:36:34.870,6.5664,6.56786,1.00,1.19
2014.10.24 08:36:35.325,6.56652,6.56786,1.00,1.19
2014.10.24 08:36:36.437,6.56652,6.56806,1.00,1.19
2014.10.24 08:36:36.859,6.56652,6.56821,1.50,1.19
2014.10.24 08:36:38.361,6.56652,6.56826,1.00,1.00
2014.10.24 08:36:38.492,6.56663,6.56826,1.25,1.00
2014.10.24 08:36:38.543,6.56671,6.56847,1.00,1.00
2014.10.24 08:36:38.595,6.56693,6.56847,1.00,1.00
2014.10.24 08:36:38.905,6.5669,6.56869,1.00,1.19
2014.10.24 08:36:38.957,6.5669,6.56846,1.00,1.19
2014.10.24 08:36:39.262,6.56696,6.56846,1.00,1.19
2014.10.24 08:36:39.566,6.56696,6.56831,1.00,1.19
2014.10.24 08:36:39.871,6.56696,6.56861,1.00,1.19
2014.10.24 08:36:40.125,6.5669,6.56861,1.00,1.19
2014.10.24 08:36:40.176,6.5669,6.5689,1.00,1.19
2014.10.24 08:36:40.678,6.5669,6.5689,1.00,1.94
2014.10.24 08:36:40.729,6.56708,6.56884,1.00,1.62
2014.10.24 08:36:41.033,6.56708,6.56869,1.00,1.69
2014.10.24 08:36:41.337,6.56686,6.56847,1.00,1.19
2014.10.24 08:36:41.829,6.56768,6.56847,3.00,1.56
2014.10.24 08:36:41.880,6.56768,6.56857,3.00,1.94
2014.10.24 08:36:42.086,6.56768,6.56862,3.00,1.00
2014.10.24 08:36:42.289,6.5677,6.56862,3.00,1.00
2014.10.24 08:36:42.340,6.5677,6.56884,3.00,1.94
2014.10.24 08:36:42.441,6.5677,6.56884,3.00,1.19
2014.10.24 08:36:42.505,6.5677,6.56902,3.00,1.94
2014.10.24 08:36:42.607,6.56768,6.56902,3.00,1.94
2014.10.24 08:36:42.658,6.56768,6.56902,3.00,1.94
2014.10.24 08:36:42.963,6.56767,6.56885,3.00,1.75
2014.10.24 08:36:43.616,6.56764,6.56896,3.00,1.94
2014.10.24 08:36:44.346,6.56764,6.56896,3.00,1.56
2014.10.24 08:36:44.568,6.56768,6.56896,3.00,1.56
2014.10.24 08:36:44.924,6.56768,6.56885,3.00,1.19
2014.10.24 08:36:45.227,6.56808,6.56892,3.00,1.00
2014.10.24 08:36:45.695,6.56814,6.56892,3.00,1.00
2014.10.24 08:36:45.848,6.56827,6.56943,3.00,1.00
2014.10.24 08:36:45.898,6.5683,6.56943,3.00,1.00
2014.10.24 08:36:46.208,6.56832,6.56921,3.00,1.00
2014.10.24 08:36:46.538,6.56842,6.56921,3.00,1.00
2014.10.24 08:36:46.840,6.56842,6.56943,3.00,1.00
2014.10.24 08:36:46.891,6.56814,6.56943,3.00,1.00
2014.10.24 08:36:47.043,6.56814,6.56963,3.00,1.00
2014.10.24 08:36:47.094,6.56813,6.56988,3.00,1.12
2014.10.24 08:36:47.196,6.56835,6.56988,1.00,1.12
2014.10.24 08:36:47.349,6.56835,6.57007,1.00,1.00
2014.10.24 08:36:47.400,6.56835,6.57034,1.00,1.69
2014.10.24 08:36:47.501,6.56849,6.57034,1.00,1.69
2014.10.24 08:36:48.314,6.56849,6.57048,1.19,1.90
2014.10.24 08:36:48.365,6.56861,6.57062,1.00,1.19
2014.10.24 08:36:48.688,6.56874,6.57062,1.00,1.19
2014.10.24 08:36:49.008,6.56869,6.57047,1.00,1.00
2014.10.24 08:36:49.321,6.56849,6.57034,1.19,1.00
2014.10.24 08:36:49.372,6.56849,6.57022,1.19,1.00
2014.10.24 08:36:50.043,6.56856,6.57041,1.00,1.00
2014.10.24 08:36:50.144,6.5686,6.57046,1.00,1.00
2014.10.24 08:36:50.347,6.5686,6.57046,1.19,1.00
2014.10.24 08:36:50.601,6.56872,6.57057,1.00,1.00
2014.10.24 08:36:50.702,6.56866,6.57025,1.00,1.00
2014.10.24 08:36:51.219,6.56866,6.57046,1.00,1.00
2014.10.24 08:36:51.366,6.56866,6.57046,1.37,1.00
2014.10.24 08:36:51.569,6.56874,6.5706,1.00,1.00
2014.10.24 08:36:52.215,6.56866,6.57047,1.12,1.00
2014.10.24 08:36:52.519,6.56866,6.57036,1.00,1.00
2014.10.24 08:36:52.791,6.56875,6.57073,1.19,1.00
2014.10.24 08:36:52.994,6.56894,6.57085,1.00,1.19
2014.10.24 08:36:53.351,6.56905,6.57085,1.00,1.19
2014.10.24 08:36:53.454,6.56892,6.57085,1.00,1.19
2014.10.24 08:36:53.656,6.56892,6.57072,1.00,1.00
2014.10.24 08:36:54.011,6.5688,6.57072,1.31,1.00
2014.10.24 08:36:54.285,6.5688,6.57072,1.94,1.00
2014.10.24 08:36:54.613,6.56896,6.57072,1.12,1.00
2014.10.24 08:36:54.664,6.56896,6.57059,1.12,1.00
2014.10.24 08:36:54.867,6.56896,6.57071,1.19,1.00
2014.10.24 08:36:54.968,6.56896,6.57068,1.56,1.00
2014.10.24 08:36:55.121,6.56927,6.5711,1.00,1.00
2014.10.24 08:36:55.172,6.56927,6.5711,1.19,1.00
2014.10.24 08:36:55.521,6.56938,6.57124,2.25,1.00
2014.10.24 08:36:55.681,6.56938,6.57124,2.25,1.00
2014.10.24 08:36:55.884,6.56954,6.57139,1.94,1.00
2014.10.24 08:36:56.087,6.56983,6.57126,1.19,1.00
2014.10.24 08:36:56.731,6.56995,6.57126,1.94,1.00
2014.10.24 08:36:56.833,6.57015,6.57147,1.00,1.00
2014.10.24 08:36:56.885,6.57015,6.57147,1.37,1.00
2014.10.24 08:36:56.986,6.57015,6.57161,1.56,1.00
2014.10.24 08:36:57.088,6.57015,6.57175,1.56,1.00
2014.10.24 08:36:57.501,6.57015,6.57175,1.94,1.00
2014.10.24 08:36:57.809,6.57015,6.57175,1.94,1.00
2014.10.24 08:36:59.089,6.57049,6.57175,1.56,1.00
2014.10.24 08:36:59.401,6.57049,6.57189,1.56,1.00
2014.10.24 08:36:59.654,6.57018,6.57189,1.94,1.00
2014.10.24 08:36:59.705,6.57018,6.57189,1.94,1.00
2014.10.24 08:36:59.991,6.57047,6.57189,1.75,1.00
2014.10.24 08:37:00.250,6.57047,6.57176,1.75,1.00
2014.10.24 08:37:00.713,6.57047,6.57157,1.75,1.00
2014.10.24 08:37:01.017,6.57011,6.5714,1.00,1.00
2014.10.24 08:37:01.119,6.57011,6.57156,1.00,1.00
2014.10.24 08:37:01.272,6.57011,6.57143,1.00,1.00
2014.10.24 08:37:01.730,6.57011,6.57143,1.75,1.00
2014.10.24 08:37:01.781,6.57011,6.57158,1.75,1.00
2014.10.24 08:37:01.891,6.57011,6.5714,1.75,1.00
2014.10.24 08:37:02.729,6.5699,6.5714,1.19,1.00
2014.10.24 08:37:02.881,6.5699,6.57135,1.19,1.00
2014.10.24 08:37:03.399,6.5699,6.57136,1.94,1.00
2014.10.24 08:37:03.603,6.5699,6.57136,1.19,1.00
2014.10.24 08:37:04.403,6.56986,6.57136,1.94,1.00
2014.10.24 08:37:04.666,6.56976,6.57136,1.19,1.00
2014.10.24 08:37:05.429,6.56976,6.57136,1.94,1.00
2014.10.24 08:37:05.759,6.57004,6.57136,1.00,1.00
2014.10.24 08:37:05.860,6.57004,6.57151,1.00,1.00
2014.10.24 08:37:06.071,6.57004,6.57132,1.00,1.00
2014.10.24 08:37:06.223,6.57004,6.57145,1.00,1.00
2014.10.24 08:37:06.515,6.57004,6.57145,1.75,1.00
2014.10.24 08:37:07.503,6.57004,6.57146,1.75,1.00
2014.10.24 08:37:09.153,6.57004,6.57146,1.19,1.00
2014.10.24 08:37:09.728,6.56994,6.57132,1.19,1.00
2014.10.24 08:37:10.029,6.56994,6.57117,1.94,1.00
2014.10.24 08:37:11.949,6.56992,6.57117,1.19,1.00
2014.10.24 08:37:12.151,6.56992,6.57134,1.19,1.00
2014.10.24 08:37:12.303,6.56992,6.57134,1.00,1.00
2014.10.24 08:37:12.455,6.56972,6.57134,1.00,1.00
2014.10.24 08:37:12.560,6.56972,6.57097,1.00,1.00
2014.10.24 08:37:12.611,6.56951,6.57097,1.19,1.00
2014.10.24 08:37:12.904,6.56926,6.57097,1.75,1.00
2014.10.24 08:37:12.955,6.56909,6.57097,2.24,1.00
2014.10.24 08:37:13.156,6.56902,6.57097,1.94,1.00
2014.10.24 08:37:13.460,6.56902,6.57083,1.94,1.00
2014.10.24 08:37:13.807,6.56938,6.57083,1.75,1.00
2014.10.24 08:37:13.858,6.56938,6.57083,1.00,1.00
2014.10.24 08:37:14.111,6.56938,6.57066,1.00,1.00
2014.10.24 08:37:14.162,6.56902,6.57066,1.19,1.00
2014.10.24 08:37:14.465,6.56902,6.57052,1.19,1.00
2014.10.24 08:37:14.940,6.56891,6.57052,1.75,1.00
2014.10.24 08:37:15.092,6.56891,6.57039,1.75,1.00
2014.10.24 08:37:15.580,6.56891,6.57039,1.75,1.00
2014.10.24 08:37:15.918,6.56891,6.57039,1.75,1.00
2014.10.24 08:37:16.469,6.56891,6.57039,1.00,1.00
2014.10.24 08:37:16.986,6.56891,6.57039,1.75,1.00
2014.10.24 08:37:17.087,6.56896,6.57039,1.30,1.00
2014.10.24 08:37:17.189,6.56916,6.57039,1.30,1.00
2014.10.24 08:37:17.290,6.56891,6.57025,1.30,1.00
2014.10.24 08:37:17.442,6.56891,6.57035,1.30,1.00
2014.10.24 08:37:17.493,6.56891,6.57053,1.30,1.00
2014.10.24 08:37:17.645,6.56902,6.57053,1.00,1.00
2014.10.24 08:37:17.697,6.56902,6.57059,1.00,1.00
2014.10.24 08:37:17.849,6.56891,6.57056,1.30,1.00
2014.10.24 08:37:18.385,6.56892,6.5707,1.30,1.00
2014.10.24 08:37:18.489,6.56912,6.5704,1.30,1.00
2014.10.24 08:37:18.692,6.56912,6.5705,1.30,1.00
2014.10.24 08:37:18.844,6.56912,6.57045,1.30,1.00
2014.10.24 08:37:19.153,6.56892,6.57045,1.30,1.00
2014.10.24 08:37:19.360,6.56892,6.57049,1.30,1.00
2014.10.24 08:37:19.588,6.56892,6.57043,1.30,1.00
2014.10.24 08:37:19.892,6.56901,6.57043,1.00,1.00
2014.10.24 08:37:20.211,6.56901,6.57039,1.00,1.00
2014.10.24 08:37:20.767,6.56901,6.57037,1.00,1.00
2014.10.24 08:37:20.818,6.56892,6.57037,1.30,1.00
2014.10.24 08:37:23.637,6.56892,6.57042,1.30,1.00
2014.10.24 08:37:23.989,6.56892,6.57038,1.30,1.00
2014.10.24 08:37:24.520,6.56892,6.57037,1.30,1.00
2014.10.24 08:37:24.849,6.56913,6.57037,1.30,1.00
2014.10.24 08:37:25.738,6.56913,6.57048,1.30,1.00
2014.10.24 08:37:27.061,6.56913,6.57039,1.30,1.00
2014.10.24 08:37:27.587,6.56892,6.57038,1.30,1.00
2014.10.24 08:37:27.638,6.56892,6.57028,1.30,1.00
2014.10.24 08:37:27.957,6.56892,6.57024,1.30,1.00
2014.10.24 08:37:28.929,6.56892,6.57019,1.30,1.00
2014.10.24 08:37:35.319,6.56892,6.57014,1.30,1.19
2014.10.24 08:37:35.522,6.56861,6.56992,1.00,1.00
2014.10.24 08:37:35.573,6.56856,6.56992,1.30,1.00
2014.10.24 08:37:35.674,6.56846,6.56979,1.00,1.00
2014.10.24 08:37:35.775,6.56832,6.56979,1.00,1.00
2014.10.24 08:37:35.877,6.56832,6.56973,1.00,1.00
2014.10.24 08:37:37.828,6.56832,6.56978,1.00,1.00
2014.10.24 08:37:39.331,6.56832,6.56978,1.00,1.60
2014.10.24 08:37:39.634,6.56819,6.56927,1.00,1.50
2014.10.24 08:37:39.988,6.56808,6.56927,1.72,1.50
2014.10.24 08:37:42.849,6.56808,6.56948,1.72,1.50
2014.10.24 08:37:46.933,6.56808,6.56928,1.30,1.50
2014.10.24 08:37:47.034,6.56794,6.56928,1.50,1.50
2014.10.24 08:37:47.879,6.56786,6.56928,1.30,1.50
2014.10.24 08:37:50.518,6.56792,6.56928,1.00,1.50
2014.10.24 08:37:50.847,6.56809,6.56928,1.30,1.50
2014.10.24 08:37:51.219,6.56809,6.56947,1.30,1.50
2014.10.24 08:38:02.574,6.56808,6.56947,1.00,1.50
2014.10.24 08:38:02.625,6.56795,6.56947,1.00,1.50
2014.10.24 08:38:02.676,6.56795,6.56928,1.00,1.50
2014.10.24 08:38:02.878,6.56795,6.56938,1.00,1.50
2014.10.24 08:38:04.139,6.56795,6.56938,1.50,1.50
2014.10.24 08:38:04.241,6.56795,6.56938,1.00,1.50
2014.10.24 08:38:07.509,6.56795,6.56927,1.00,1.50
2014.10.24 08:38:07.712,6.56792,6.56927,1.00,1.50
2014.10.24 08:38:08.117,6.5679,6.56927,1.30,1.50
2014.10.24 08:38:10.657,6.5679,6.56923,1.30,1.00
2014.10.24 08:38:11.143,6.5679,6.56921,1.30,1.00
2014.10.24 08:38:11.518,6.5679,6.56916,1.30,1.00
2014.10.24 08:38:11.648,6.5679,6.56923,1.30,1.00
2014.10.24 08:38:14.303,6.56774,6.56917,1.00,1.00
2014.10.24 08:38:14.354,6.56774,6.56908,1.00,1.50
2014.10.24 08:38:14.497,6.56765,6.56908,1.30,1.50
2014.10.24 08:38:14.758,6.56765,6.56898,1.30,1.50
2014.10.24 08:38:16.949,6.56765,6.56911,1.30,1.00
2014.10.24 08:38:17.619,6.56765,6.56915,1.30,1.00
2014.10.24 08:38:17.947,6.56765,6.56912,1.30,1.00
2014.10.24 08:38:18.167,6.56765,6.56915,1.30,1.00
2014.10.24 08:38:18.387,6.56765,6.56912,1.30,1.00
2014.10.24 08:38:19.242,6.56765,6.56907,1.30,1.00
2014.10.24 08:38:19.697,6.56765,6.56898,1.30,1.50
2014.10.24 08:38:20.002,6.5675,6.56868,1.00,1.50
2014.10.24 08:38:20.053,6.56723,6.56868,1.30,1.50
2014.10.24 08:38:20.256,6.56723,6.56864,1.30,1.00
2014.10.24 08:38:20.560,6.56704,6.56838,1.00,1.50
2014.10.24 08:38:20.713,6.56691,6.56832,1.00,1.00
2014.10.24 08:38:20.814,6.56691,6.56828,1.00,1.50
2014.10.24 08:38:21.129,6.56691,6.56818,1.00,1.50
2014.10.24 08:38:21.180,6.56681,6.56818,1.30,1.50
2014.10.24 08:38:26.327,6.56681,6.56827,1.30,1.00
2014.10.24 08:38:26.635,6.56681,6.56832,1.30,1.00
2014.10.24 08:38:26.889,6.56694,6.56847,1.00,1.19
2014.10.24 08:38:27.530,6.56703,6.56854,1.30,1.00
2014.10.24 08:38:27.632,6.56703,6.56858,1.30,2.85
2014.10.24 08:38:27.866,6.56703,6.56854,1.30,1.00
2014.10.24 08:38:28.257,6.56703,6.56848,1.30,1.50
2014.10.24 08:38:28.967,6.56703,6.56842,1.30,1.00
2014.10.24 08:38:29.019,6.56683,6.56842,1.30,1.00
2014.10.24 08:38:29.070,6.56681,6.5683,1.30,1.00
2014.10.24 08:38:29.379,6.56681,6.56828,1.30,1.00
2014.10.24 08:38:30.727,6.56681,6.56818,1.30,1.00
2014.10.24 08:38:31.336,6.56681,6.56822,1.30,1.00
2014.10.24 08:38:31.488,6.56681,6.56828,1.30,1.50
2014.10.24 08:38:31.596,6.56686,6.56828,1.00,1.50
2014.10.24 08:38:32.708,6.56686,6.56829,1.00,1.00
2014.10.24 08:38:32.810,6.56686,6.56834,1.00,1.00
2014.10.24 08:38:32.917,6.56689,6.56834,1.00,1.00
2014.10.24 08:38:33.451,6.56689,6.56838,1.00,1.69
2014.10.24 08:38:33.552,6.56689,6.56821,1.00,1.00
2014.10.24 08:38:33.857,6.56683,6.56798,1.00,2.25
2014.10.24 08:38:33.908,6.56683,6.5682,1.00,1.30
2014.10.24 08:38:33.959,6.56683,6.56827,1.00,1.00
2014.10.24 08:38:34.010,6.56683,6.56841,1.00,1.49
2014.10.24 08:38:34.163,6.56688,6.5685,1.00,1.19
2014.10.24 08:38:34.466,6.56704,6.5685,1.30,1.19
2014.10.24 08:38:34.817,6.56704,6.56857,1.30,1.19
2014.10.24 08:38:35.237,6.56722,6.56857,1.30,1.19
2014.10.24 08:38:35.617,6.56722,6.56851,1.30,2.29
2014.10.24 08:38:35.921,6.56673,6.56823,1.00,1.00
2014.10.24 08:38:35.972,6.56675,6.56836,1.30,1.00
2014.10.24 08:38:36.124,6.56679,6.56845,1.00,1.19
2014.10.24 08:38:36.428,6.56697,6.56851,1.30,1.19
2014.10.24 08:38:37.128,6.56707,6.56868,1.00,1.00
2014.10.24 08:38:37.399,6.56707,6.56854,1.00,1.00
2014.10.24 08:38:37.529,6.56707,6.56868,1.00,1.00
2014.10.24 08:38:41.345,6.56707,6.56843,1.00,2.10
2014.10.24 08:38:41.649,6.56655,6.56784,1.00,1.00
2014.10.24 08:38:41.700,6.56667,6.56838,1.30,2.09
2014.10.24 08:38:41.751,6.56676,6.56838,1.00,1.90
2014.10.24 08:38:41.852,6.56691,6.56838,1.00,1.90
2014.10.24 08:38:41.903,6.56691,6.56858,1.00,1.19
2014.10.24 08:38:41.954,6.56704,6.56858,1.00,1.19
2014.10.24 08:38:42.419,6.56718,6.56858,1.00,1.19
2014.10.24 08:38:42.978,6.56721,6.56858,1.30,1.19
2014.10.24 08:38:44.153,6.56721,6.56867,1.30,1.00
2014.10.24 08:38:44.708,6.56721,6.56868,1.30,1.00
2014.10.24 08:38:46.859,6.56723,6.56877,1.00,1.00
2014.10.24 08:38:46.910,6.5674,6.56877,1.30,1.00
2014.10.24 08:38:46.961,6.5674,6.56888,1.30,1.69
2014.10.24 08:38:47.879,6.5674,6.56888,1.30,1.50
2014.10.24 08:38:53.330,6.5674,6.56887,1.30,1.00
2014.10.24 08:38:53.851,6.5674,6.56888,1.30,2.25
2014.10.24 08:38:57.737,6.5674,6.56878,1.30,1.00
2014.10.24 08:38:57.788,6.56735,6.56878,1.00,1.00
2014.10.24 08:38:57.889,6.56735,6.56867,1.00,1.00
2014.10.24 08:38:58.396,6.56735,6.56862,1.00,1.00
2014.10.24 08:38:58.862,6.56735,6.56866,1.00,1.00
2014.10.24 08:38:59.388,6.56735,6.56868,1.00,1.00
2014.10.24 08:39:00.127,6.56735,6.56858,1.00,1.50
2014.10.24 08:39:00.287,6.56735,6.56868,1.00,1.00
2014.10.24 08:39:00.347,6.56735,6.56858,1.00,1.50
2014.10.24 08:39:00.499,6.56735,6.56862,1.00,1.00
2014.10.24 08:39:01.486,6.56735,6.56867,1.00,1.00
2014.10.24 08:39:01.688,6.56735,6.56858,1.00,1.50
2014.10.24 08:39:01.790,6.56735,6.56862,1.00,1.00
2014.10.24 08:39:01.841,6.56735,6.56848,1.00,1.00
2014.10.24 08:39:02.265,6.56735,6.56858,1.00,1.00
2014.10.24 08:39:02.700,6.5672,6.56858,1.30,2.25
2014.10.24 08:39:03.428,6.5672,6.56857,1.30,1.50
2014.10.24 08:39:04.010,6.5672,6.56858,1.30,1.00
2014.10.24 08:39:06.198,6.5672,6.56868,1.30,1.00
2014.10.24 08:39:06.451,6.5672,6.56877,1.30,1.00
2014.10.24 08:39:07.218,6.5672,6.56868,1.30,1.00
2014.10.24 08:39:07.761,6.5672,6.56867,1.30,1.00
2014.10.24 08:39:08.410,6.5672,6.56868,1.30,1.00
2014.10.24 08:39:12.027,6.5672,6.56867,1.30,1.00
2014.10.24 08:39:12.596,6.5672,6.56868,1.30,1.00
2014.10.24 08:39:14.118,6.5672,6.56867,1.30,1.50
2014.10.24 08:39:14.626,6.5672,6.56868,1.30,1.00
2014.10.24 08:39:14.931,6.5672,6.56858,1.30,1.50
2014.10.24 08:39:14.982,6.5672,6.56868,1.30,1.00
2014.10.24 08:39:15.134,6.5672,6.56858,1.30,1.50
2014.10.24 08:39:15.307,6.5672,6.56868,1.30,1.00
2014.10.24 08:39:15.357,6.5672,6.56856,1.30,1.00
2014.10.24 08:39:15.777,6.5672,6.56851,1.30,1.00
2014.10.24 08:39:16.139,6.5672,6.56858,1.30,1.00
2014.10.24 08:39:17.538,6.5672,6.56851,1.30,1.00
2014.10.24 08:39:17.668,6.5672,6.56855,1.30,1.00
2014.10.24 08:39:17.951,6.56714,6.56855,1.00,1.00
2014.10.24 08:39:18.438,6.56714,6.56848,1.00,1.00
2014.10.24 08:39:18.738,6.56714,6.56851,1.00,1.00
2014.10.24 08:39:18.966,6.56714,6.56845,1.00,1.00
2014.10.24 08:39:19.381,6.56714,6.56838,1.00,1.50
2014.10.24 08:39:19.533,6.56706,6.56838,1.00,2.25
2014.10.24 08:39:19.686,6.56688,6.56838,1.00,2.25
2014.10.24 08:39:19.868,6.56689,6.56827,1.00,1.00
2014.10.24 08:39:20.066,6.56689,6.56831,1.00,1.00
2014.10.24 08:39:20.396,6.56689,6.56836,1.00,1.00
2014.10.24 08:39:20.857,6.56689,6.56831,1.00,1.00
2014.10.24 08:39:20.967,6.56689,6.56838,1.00,1.00
2014.10.24 08:39:21.496,6.56689,6.56837,1.00,1.00
2014.10.24 08:39:22.307,6.56689,6.56841,1.00,1.00
2014.10.24 08:39:22.859,6.56689,6.56847,1.00,1.00
2014.10.24 08:39:25.990,6.56708,6.56847,1.30,1.00
2014.10.24 08:39:27.217,6.56708,6.56848,1.30,1.00
2014.10.24 08:39:27.555,6.56708,6.56851,1.30,1.00
2014.10.24 08:39:28.315,6.56708,6.56846,1.30,1.00
2014.10.24 08:39:32.847,6.56708,6.56848,1.30,2.25
2014.10.24 08:39:33.067,6.56708,6.56844,1.30,1.00
2014.10.24 08:39:36.456,6.56708,6.5684,1.30,1.00
2014.10.24 08:39:37.226,6.56708,6.56846,1.30,1.00
2014.10.24 08:39:38.578,6.56708,6.56848,1.30,1.50
2014.10.24 08:39:38.888,6.56708,6.56858,1.72,1.50
2014.10.24 08:39:38.939,6.56729,6.56858,1.30,1.00
2014.10.24 08:39:38.991,6.56729,6.56861,1.30,1.00
2014.10.24 08:39:39.245,6.56729,6.56869,1.30,1.00
2014.10.24 08:39:39.347,6.56729,6.56864,1.30,1.00
2014.10.24 08:39:39.664,6.56729,6.56862,1.30,1.00
2014.10.24 08:39:39.977,6.56725,6.56851,1.00,1.00
2014.10.24 08:39:40.181,6.56713,6.56851,1.00,1.00
2014.10.24 08:39:41.925,6.56709,6.56851,1.30,1.00
2014.10.24 08:39:43.402,6.56709,6.56862,1.30,1.25
2014.10.24 08:39:43.553,6.56714,6.56862,1.00,1.25
2014.10.24 08:39:43.857,6.56731,6.56867,1.30,1.00
2014.10.24 08:39:47.565,6.56731,6.5687,1.30,1.00
2014.10.24 08:39:50.865,6.56731,6.5688,1.30,1.00
2014.10.24 08:39:51.234,6.56731,6.56893,1.30,1.00
2014.10.24 08:39:51.284,6.56756,6.56893,1.30,1.00
2014.10.24 08:39:51.437,6.56756,6.56903,1.30,1.00
2014.10.24 08:39:56.475,6.56756,6.56897,1.30,1.00
2014.10.24 08:39:57.465,6.56756,6.56902,1.30,1.00
2014.10.24 08:39:57.566,6.5676,6.56902,1.30,1.00
2014.10.24 08:39:57.899,6.5678,6.56909,1.72,1.00
2014.10.24 08:39:58.001,6.5678,6.56911,1.30,1.00
2014.10.24 08:39:58.052,6.5678,6.56908,1.30,2.25
2014.10.24 08:39:58.154,6.56767,6.56903,1.50,1.00
2014.10.24 08:39:58.295,6.56767,6.56898,1.50,1.00
2014.10.24 08:39:58.955,6.56767,6.56899,1.00,1.00
2014.10.24 08:39:59.545,6.56767,6.56898,1.00,1.00
2014.10.24 08:39:59.748,6.56781,6.56918,1.30,1.00
2014.10.24 08:40:00.169,6.56782,6.56924,1.00,1.00
2014.10.24 08:40:02.687,6.56782,6.56918,1.00,2.25
2014.10.24 08:40:02.991,6.56768,6.56904,1.00,1.00
2014.10.24 08:40:03.295,6.56768,6.56895,1.00,1.00
2014.10.24 08:40:03.468,6.56768,6.56904,1.00,1.00
2014.10.24 08:40:04.676,6.56768,6.56907,1.00,1.00
2014.10.24 08:40:06.238,6.56767,6.56907,1.00,1.00
2014.10.24 08:40:08.856,6.56767,6.56905,1.00,1.00
2014.10.24 08:40:09.314,6.56767,6.56901,1.00,1.00
2014.10.24 08:40:12.218,6.56762,6.56901,1.30,1.00
2014.10.24 08:40:12.524,6.56769,6.56901,1.00,1.00
2014.10.24 08:40:12.823,6.56762,6.56901,1.30,1.00
2014.10.24 08:40:13.036,6.56762,6.56893,1.30,1.00
2014.10.24 08:40:15.346,6.56762,6.56898,1.30,1.00
2014.10.24 08:40:15.499,6.56762,6.56902,1.30,1.00
2014.10.24 08:40:15.600,6.56769,6.56902,1.00,1.00
2014.10.24 08:40:15.702,6.56769,6.56914,1.00,1.00
2014.10.24 08:40:15.906,6.56782,6.56914,1.00,1.00
2014.10.24 08:40:22.038,6.56782,6.56908,1.00,1.00
2014.10.24 08:40:22.190,6.56774,6.56908,1.00,1.00
2014.10.24 08:40:29.300,6.56774,6.56888,1.00,1.00
2014.10.24 08:40:29.402,6.56771,6.56888,1.30,1.00
2014.10.24 08:40:29.503,6.56759,6.56888,1.00,2.25
2014.10.24 08:40:29.554,6.56746,6.56878,1.00,1.00
2014.10.24 08:40:29.655,6.56736,6.56867,1.30,1.00
2014.10.24 08:40:29.706,6.5673,6.56867,1.00,1.00
2014.10.24 08:40:29.757,6.5673,6.56861,1.00,1.00
2014.10.24 08:40:30.061,6.5673,6.56857,1.00,1.00
2014.10.24 08:40:30.115,6.56716,6.56857,1.72,1.00
2014.10.24 08:40:35.712,6.56716,6.56853,1.00,1.00
2014.10.24 08:40:35.813,6.56716,6.56855,1.00,1.00
2014.10.24 08:40:36.063,6.56716,6.56857,1.00,1.00
2014.10.24 08:40:36.275,6.56716,6.56855,1.00,1.00
2014.10.24 08:40:37.456,6.56716,6.5685,1.00,1.00
2014.10.24 08:40:39.347,6.56716,6.56851,1.00,1.00
2014.10.24 08:40:39.960,6.56716,6.56857,1.00,1.00
2014.10.24 08:40:40.219,6.56716,6.56847,1.00,1.00
2014.10.24 08:40:40.422,6.56716,6.56861,1.00,1.00
2014.10.24 08:40:40.625,6.56716,6.56865,1.00,1.00
2014.10.24 08:40:41.516,6.56716,6.56848,1.00,1.00
2014.10.24 08:40:45.030,6.56716,6.56838,1.00,1.00
2014.10.24 08:40:45.333,6.56704,6.56818,1.00,1.00
2014.10.24 08:40:45.486,6.56691,6.56818,1.00,1.00
2014.10.24 08:40:45.840,6.56705,6.56818,1.00,1.00
2014.10.24 08:40:52.386,6.56705,6.56828,1.00,1.00
2014.10.24 08:40:55.047,6.56705,6.56818,1.00,1.00
2014.10.24 08:40:55.156,6.56705,6.56827,1.00,1.00
2014.10.24 08:40:55.468,6.56705,6.56808,1.00,1.00
2014.10.24 08:40:55.521,6.56692,6.56808,1.00,1.00
2014.10.24 08:40:55.927,6.56679,6.56808,1.00,1.00
2014.10.24 08:40:56.145,6.56679,6.56798,1.00,1.00
2014.10.24 08:40:57.135,6.5668,6.56798,1.00,1.00
2014.10.24 08:40:58.766,6.5668,6.56808,1.00,1.00
2014.10.24 08:40:59.665,6.56669,6.56808,1.00,1.00
2014.10.24 08:41:04.726,6.56678,6.56808,1.00,1.00
2014.10.24 08:41:08.262,6.56678,6.56797,1.00,1.00
2014.10.24 08:41:08.777,6.56678,6.56808,1.00,1.00
2014.10.24 08:41:10.328,6.56678,6.56797,1.00,1.00
2014.10.24 08:41:14.282,6.56678,6.56798,1.00,1.00
2014.10.24 08:41:18.155,6.56678,6.56788,1.00,1.00
2014.10.24 08:41:19.668,6.56678,6.56808,1.00,1.00
2014.10.24 08:41:19.820,6.56678,6.56817,1.00,1.00
2014.10.24 08:41:19.871,6.56682,6.56817,1.30,1.00
2014.10.24 08:41:20.178,6.56702,6.56828,1.30,1.00
2014.10.24 08:41:20.633,6.56702,6.56837,1.30,1.00
2014.10.24 08:41:21.368,6.56709,6.56837,1.00,1.00
2014.10.24 08:41:21.470,6.56702,6.56848,1.30,1.00
2014.10.24 08:41:21.571,6.56723,6.56848,1.30,1.00
2014.10.24 08:41:28.051,6.56723,6.56863,1.30,1.00
2014.10.24 08:41:28.102,6.56723,6.56868,1.30,1.00
2014.10.24 08:41:28.617,6.56723,6.56878,1.30,1.00
2014.10.24 08:41:28.946,6.56723,6.56868,1.30,1.00
2014.10.24 08:41:30.189,6.56734,6.56868,1.00,1.00
2014.10.24 08:41:30.291,6.56743,6.56878,1.30,1.00
2014.10.24 08:41:30.648,6.56745,6.56878,1.00,1.00
2014.10.24 08:41:30.974,6.56745,6.56868,1.00,1.00
2014.10.24 08:41:33.566,6.56745,6.56877,1.00,1.00
2014.10.24 08:41:36.105,6.56745,6.56888,1.00,1.00
2014.10.24 08:41:36.356,6.56745,6.56878,1.00,1.00
2014.10.24 08:41:46.326,6.56745,6.56888,1.00,1.00
2014.10.24 08:41:49.115,6.56745,6.56878,1.00,1.00
2014.10.24 08:41:57.546,6.56745,6.56888,1.00,1.00
2014.10.24 08:41:58.571,6.5676,6.56888,1.30,1.00
2014.10.24 08:41:59.305,6.5676,6.56898,1.30,1.00
2014.10.24 08:42:01.285,6.5676,6.56897,1.30,1.00
2014.10.24 08:42:01.438,6.5676,6.56914,1.30,1.50
2014.10.24 08:42:01.540,6.56765,6.56918,1.00,1.00
2014.10.24 08:42:01.844,6.56804,6.56928,1.30,1.00
2014.10.24 08:42:02.935,6.56804,6.56918,1.30,1.00
2014.10.24 08:42:05.807,6.56804,6.56928,1.30,1.00
2014.10.24 08:42:06.345,6.56804,6.56918,1.30,1.00
2014.10.24 08:42:06.801,6.56786,6.56897,1.00,1.00
2014.10.24 08:42:06.852,6.56783,6.56897,1.30,1.00
2014.10.24 08:42:07.055,6.56783,6.56887,1.30,1.00
2014.10.24 08:42:07.159,6.56778,6.56887,1.00,1.00
2014.10.24 08:42:07.413,6.56764,6.56887,1.30,1.00
2014.10.24 08:42:08.048,6.56765,6.56888,1.00,1.00
2014.10.24 08:42:09.355,6.56765,6.56858,1.00,1.00
2014.10.24 08:42:09.659,6.56765,6.56828,1.00,1.00
2014.10.24 08:42:09.711,6.56734,6.56828,1.00,1.00
2014.10.24 08:42:09.762,6.56734,6.56818,1.00,1.00
2014.10.24 08:42:09.813,6.56712,6.56818,1.00,1.00
2014.10.24 08:42:10.357,6.56712,6.56817,1.00,1.00
2014.10.24 08:42:10.871,6.56712,6.56818,1.00,1.00
2014.10.24 08:42:10.922,6.567,6.56818,1.00,1.00
2014.10.24 08:42:10.973,6.567,6.56798,1.00,1.00
2014.10.24 08:42:11.025,6.5667,6.56798,1.30,1.00
2014.10.24 08:42:11.076,6.56663,6.56798,1.00,1.50
2014.10.24 08:42:11.228,6.56662,6.56758,1.00,1.00
2014.10.24 08:42:11.344,6.56648,6.56747,1.30,1.00
2014.10.24 08:42:11.395,6.56632,6.56747,1.00,1.00
2014.10.24 08:42:11.446,6.56623,6.56747,1.00,1.00
2014.10.24 08:42:11.701,6.56607,6.56747,1.00,1.00
2014.10.24 08:42:11.854,6.56607,6.56737,1.00,1.00
2014.10.24 08:42:12.315,6.56607,6.56748,1.00,2.25
2014.10.24 08:42:14.758,6.56621,6.56748,1.00,1.00
2014.10.24 08:42:15.062,6.56621,6.56768,1.00,1.00
2014.10.24 08:42:15.499,6.56621,6.56778,1.00,1.00
2014.10.24 08:42:15.601,6.56621,6.56778,1.19,1.00
2014.10.24 08:42:15.804,6.56632,6.56788,1.00,1.00
2014.10.24 08:42:15.984,6.56642,6.56788,1.00,1.00
2014.10.24 08:42:17.045,6.56642,6.56777,1.00,1.00
2014.10.24 08:42:17.348,6.56604,6.56738,1.30,1.00
2014.10.24 08:42:17.653,6.56604,6.56715,1.30,1.00
2014.10.24 08:42:17.704,6.56602,6.56715,1.00,1.00
2014.10.24 08:42:17.806,6.56602,6.56708,1.00,1.00
2014.10.24 08:42:17.857,6.56578,6.56708,1.30,1.00
2014.10.24 08:42:17.909,6.56578,6.56706,1.30,1.00
2014.10.24 08:42:18.235,6.56578,6.56703,1.30,1.00
2014.10.24 08:42:19.465,6.56578,6.56704,1.30,1.00
2014.10.24 08:42:19.927,6.56584,6.56704,1.30,1.00
2014.10.24 08:42:19.978,6.56584,6.56715,1.30,1.00
2014.10.24 08:42:20.029,6.56604,6.56715,1.30,1.00
2014.10.24 08:42:20.354,6.56604,6.5671,1.30,1.00
2014.10.24 08:42:20.565,6.56583,6.56702,1.30,1.00
2014.10.24 08:42:20.678,6.56606,6.56711,1.30,1.00
2014.10.24 08:42:20.781,6.56606,6.56728,1.30,1.00
2014.10.24 08:42:20.984,6.56606,6.56723,1.30,1.00
2014.10.24 08:42:21.314,6.56606,6.56725,1.30,1.00
2014.10.24 08:42:22.064,6.56606,6.5673,1.30,1.00
2014.10.24 08:42:22.173,6.56606,6.56722,1.30,1.00
2014.10.24 08:42:22.335,6.56592,6.56716,1.00,1.00
2014.10.24 08:42:22.436,6.56592,6.56744,1.00,1.00
2014.10.24 08:42:22.538,6.56592,6.56744,1.19,1.00
2014.10.24 08:42:22.589,6.56625,6.56806,1.00,1.19
2014.10.24 08:42:22.690,6.56635,6.56814,1.00,1.56
2014.10.24 08:42:22.792,6.56625,6.56799,1.00,1.00
2014.10.24 08:42:22.995,6.56625,6.56792,1.00,1.00
2014.10.24 08:42:23.096,6.56616,6.56784,1.00,1.00
2014.10.24 08:42:23.456,6.56625,6.56797,1.00,1.00
2014.10.24 08:42:23.760,6.56641,6.56812,1.00,1.19
2014.10.24 08:42:23.862,6.56641,6.56812,1.19,1.00
2014.10.24 08:42:23.913,6.56665,6.56837,1.00,1.00
2014.10.24 08:42:24.117,6.56678,6.56851,1.00,1.19
2014.10.24 08:42:24.534,6.5669,6.5686,1.00,1.19
2014.10.24 08:42:24.764,6.5669,6.56861,1.19,1.00
2014.10.24 08:42:24.815,6.56713,6.56886,1.00,1.00
2014.10.24 08:42:25.996,6.56726,6.56898,1.00,1.00
2014.10.24 08:42:26.300,6.56689,6.56852,1.00,1.19
2014.10.24 08:42:26.860,6.56696,6.56864,1.00,1.19
2014.10.24 08:42:27.064,6.56696,6.56865,1.00,1.00
2014.10.24 08:42:27.166,6.56709,6.56865,1.00,1.00
2014.10.24 08:42:27.419,6.56709,6.56881,1.00,1.00
2014.10.24 08:42:27.520,6.5672,6.56892,1.00,1.00
2014.10.24 08:42:27.824,6.5672,6.56892,1.75,1.00
2014.10.24 08:42:27.875,6.56739,6.56911,1.37,1.00
2014.10.24 08:42:27.926,6.56739,6.56911,1.75,1.00
2014.10.24 08:42:28.079,6.5675,6.56923,1.12,1.00
2014.10.24 08:42:28.131,6.5675,6.56923,1.37,1.00
2014.10.24 08:42:28.436,6.56765,6.56937,1.75,1.25
2014.10.24 08:42:28.588,6.56789,6.56961,1.00,1.00
2014.10.24 08:42:28.740,6.56778,6.56961,1.94,1.00
2014.10.24 08:42:28.842,6.56778,6.56961,1.94,1.00
2014.10.24 08:42:29.221,6.56789,6.5696,1.75,1.00
2014.10.24 08:42:29.272,6.56789,6.5696,1.50,1.00
2014.10.24 08:42:29.373,6.56789,6.5696,1.75,1.00
2014.10.24 08:42:29.475,6.56799,6.56972,1.75,1.00
2014.10.24 08:42:29.627,6.56799,6.56972,1.37,1.00
2014.10.24 08:42:29.779,6.56799,6.56961,1.37,1.19
2014.10.24 08:42:29.831,6.5679,6.56946,1.00,1.25
2014.10.24 08:42:29.934,6.5679,6.56961,1.00,1.00
2014.10.24 08:42:30.187,6.56777,6.56961,1.00,1.00
2014.10.24 08:42:30.288,6.56808,6.56988,1.00,1.00
2014.10.24 08:42:30.621,6.56833,6.56999,1.00,1.00
2014.10.24 08:42:30.834,6.56847,6.5702,1.00,1.19
2014.10.24 08:42:31.375,6.56848,6.5702,1.00,1.19
2014.10.24 08:42:31.478,6.56842,6.57015,1.00,1.00
2014.10.24 08:42:31.589,6.56842,6.57015,1.19,1.00
2014.10.24 08:42:32.337,6.56842,6.57015,1.94,1.00
2014.10.24 08:42:32.488,6.56855,6.57028,1.75,1.00
2014.10.24 08:42:32.593,6.56866,6.57039,1.12,1.00
2014.10.24 08:42:32.644,6.56866,6.57039,1.75,1.00
2014.10.24 08:42:32.886,6.56882,6.57054,1.37,1.00
2014.10.24 08:42:33.237,6.56882,6.57054,1.00,1.00
2014.10.24 08:42:33.338,6.56882,6.57054,1.75,1.00
2014.10.24 08:42:33.765,6.56882,6.57054,1.37,1.00
2014.10.24 08:42:33.968,6.56882,6.57054,1.00,1.00
2014.10.24 08:42:34.019,6.56882,6.57068,1.00,1.00
2014.10.24 08:42:34.120,6.56882,6.57055,1.00,1.00
2014.10.24 08:42:34.428,6.56917,6.57083,1.00,1.19
2014.10.24 08:42:34.630,6.56931,6.57104,1.00,1.19
2014.10.24 08:42:35.016,6.56921,6.57091,1.00,1.00
2014.10.24 08:42:35.869,6.56905,6.57074,1.00,1.00
2014.10.24 08:42:35.971,6.56914,6.57086,1.00,1.00
2014.10.24 08:42:36.684,6.56914,6.57086,1.37,1.00
2014.10.24 08:42:36.966,6.56924,6.57097,1.00,1.19
2014.10.24 08:42:37.194,6.56914,6.57085,1.00,1.00
2014.10.24 08:42:37.385,6.56914,6.57068,1.00,2.05
2014.10.24 08:42:37.436,6.56877,6.57049,1.00,1.37
2014.10.24 08:42:37.538,6.56854,6.57027,1.19,1.00
2014.10.24 08:42:38.348,6.56834,6.57027,1.19,1.00
2014.10.24 08:42:38.500,6.56796,6.56988,1.00,1.00
2014.10.24 08:42:38.819,6.56813,6.57004,1.00,1.00
2014.10.24 08:42:39.124,6.56811,6.56987,1.19,1.00
2014.10.24 08:42:39.276,6.56796,6.5698,1.00,1.00
2014.10.24 08:42:39.327,6.56796,6.56974,1.00,1.19
2014.10.24 08:42:39.378,6.56789,6.56957,1.00,1.00
2014.10.24 08:42:39.530,6.56802,6.56974,1.00,1.19
2014.10.24 08:42:39.986,6.5678,6.56952,1.00,1.00
2014.10.24 08:42:40.087,6.5677,6.56942,1.00,1.00
2014.10.24 08:42:40.391,6.5679,6.56942,1.19,1.00
2014.10.24 08:42:40.442,6.56797,6.56977,1.00,1.00
2014.10.24 08:42:40.543,6.56779,6.56958,1.19,1.00
2014.10.24 08:42:40.848,6.56793,6.56963,1.00,1.00
2014.10.24 08:42:41.050,6.56807,6.5698,1.00,1.00
2014.10.24 08:42:41.101,6.56807,6.56956,1.00,1.00
2014.10.24 08:42:41.203,6.56719,6.56935,1.00,1.19
2014.10.24 08:42:41.305,6.56753,6.56934,1.00,1.19
2014.10.24 08:42:41.406,6.56751,6.56934,1.00,1.19
2014.10.24 08:42:41.508,6.56739,6.56933,1.00,1.19
2014.10.24 08:42:41.559,6.56739,6.56902,1.00,1.19
2014.10.24 08:42:41.864,6.56653,6.56847,1.00,2.09
2014.10.24 08:42:41.966,6.56662,6.56847,1.00,1.90
2014.10.24 08:42:42.270,6.56684,6.56869,1.00,1.00
2014.10.24 08:42:42.574,6.56661,6.56831,1.00,1.00
2014.10.24 08:42:42.726,6.56634,6.56819,1.19,1.00
2014.10.24 08:42:42.839,6.5665,6.56836,1.00,1.00
2014.10.24 08:42:43.042,6.5665,6.56819,1.00,1.00
2014.10.24 08:42:43.346,6.56661,6.56798,1.00,1.90
2014.10.24 08:42:43.397,6.56597,6.56798,1.00,1.90
2014.10.24 08:42:43.448,6.56597,6.56829,1.19,1.00
2014.10.24 08:42:43.499,6.566,6.56847,1.19,1.19
2014.10.24 08:42:43.600,6.56661,6.56847,1.00,1.19
2014.10.24 08:42:43.702,6.56652,6.56847,1.00,1.19
2014.10.24 08:42:43.897,6.56658,6.56859,1.19,1.00
2014.10.24 08:42:44.049,6.56699,6.56836,1.00,1.00
2014.10.24 08:42:44.151,6.56706,6.56859,1.00,1.00
2014.10.24 08:42:44.253,6.56717,6.56889,1.00,1.94
2014.10.24 08:42:44.304,6.56717,6.56881,1.00,1.00
2014.10.24 08:42:44.356,6.56675,6.56847,1.00,1.00
2014.10.24 08:42:44.407,6.56675,6.56834,1.00,1.00
2014.10.24 08:42:44.711,6.56634,6.56854,1.19,1.00
2014.10.24 08:42:45.015,6.56634,6.56831,1.19,1.00
2014.10.24 08:42:45.116,6.56647,6.56856,1.19,1.19
2014.10.24 08:42:45.217,6.56634,6.56837,1.19,1.00
2014.10.24 08:42:45.877,6.56692,6.56842,3.21,1.00
2014.10.24 08:42:45.979,6.56692,6.56842,4.90,1.00
2014.10.24 08:42:46.080,6.56708,6.56862,1.19,1.00
2014.10.24 08:42:46.132,6.56708,6.56934,1.19,1.00
2014.10.24 08:42:46.234,6.56708,6.56949,1.19,1.19
2014.10.24 08:42:46.285,6.5674,6.56955,1.19,1.00
2014.10.24 08:42:46.603,6.5674,6.56935,1.19,1.00
2014.10.24 08:42:46.755,6.5674,6.56974,1.19,1.19
2014.10.24 08:42:46.908,6.56772,6.56992,3.21,1.19
2014.10.24 08:42:47.805,6.56765,6.56938,1.19,1.00
2014.10.24 08:42:47.906,6.56765,6.56959,1.69,1.00
2014.10.24 08:42:48.007,6.56765,6.56932,1.19,1.00
2014.10.24 08:42:48.361,6.56765,6.56945,1.69,1.00
2014.10.24 08:42:48.412,6.56765,6.56939,1.69,1.00
2014.10.24 08:42:48.866,6.56761,6.56939,1.19,1.00
2014.10.24 08:42:48.968,6.56761,6.56945,1.19,1.00
2014.10.24 08:42:49.020,6.56761,6.56958,1.19,1.00
2014.10.24 08:42:49.122,6.56794,6.56958,1.00,1.00
2014.10.24 08:42:49.223,6.56794,6.56968,1.00,1.00
2014.10.24 08:42:49.913,6.56826,6.56968,1.19,1.00
2014.10.24 08:42:49.964,6.56833,6.56994,2.46,1.00
2014.10.24 08:42:50.117,6.56856,6.5702,1.00,1.00
2014.10.24 08:42:50.218,6.56847,6.57031,1.00,1.00
2014.10.24 08:42:50.537,6.56847,6.57043,1.00,1.00
2014.10.24 08:42:50.646,6.56866,6.57043,1.00,1.00
2014.10.24 08:42:51.200,6.56866,6.57043,1.19,1.00
2014.10.24 08:42:51.767,6.56881,6.57043,1.00,1.00
2014.10.24 08:42:51.869,6.56882,6.57054,1.00,1.00
2014.10.24 08:42:52.514,6.56881,6.57075,1.00,1.19
2014.10.24 08:42:53.209,6.56881,6.57075,1.19,1.00
2014.10.24 08:42:53.412,6.56901,6.57088,1.00,1.00
2014.10.24 08:42:53.513,6.56896,6.57088,1.19,1.00
2014.10.24 08:42:54.715,6.56896,6.57084,1.00,1.19
2014.10.24 08:42:55.018,6.56888,6.57039,1.00,1.00
2014.10.24 08:42:55.271,6.56858,6.57027,1.19,1.00
2014.10.24 08:42:55.716,6.56861,6.57026,1.00,1.25
2014.10.24 08:42:55.821,6.56836,6.57026,1.00,1.25
2014.10.24 08:42:55.923,6.56832,6.57027,1.00,1.19
2014.10.24 08:42:56.025,6.56823,6.56992,1.19,1.00
2014.10.24 08:42:56.126,6.56811,6.56992,1.00,1.00
2014.10.24 08:42:56.279,6.56795,6.56993,1.19,1.00
2014.10.24 08:42:56.330,6.56808,6.56993,1.19,1.00
2014.10.24 08:42:56.634,6.56808,6.56978,1.19,1.00
2014.10.24 08:42:56.811,6.56808,6.56993,1.19,1.00
2014.10.24 08:42:57.342,6.56833,6.56993,1.19,1.00
2014.10.24 08:42:57.597,6.56842,6.57034,1.19,1.00
2014.10.24 08:42:57.699,6.56871,6.57035,1.00,1.00
2014.10.24 08:42:57.913,6.56871,6.57045,1.00,1.00
2014.10.24 08:42:58.015,6.56871,6.57035,1.00,1.50
2014.10.24 08:42:58.217,6.56871,6.57064,1.00,1.19
2014.10.24 08:42:58.319,6.56879,6.57072,1.19,1.00
2014.10.24 08:42:58.578,6.56888,6.57103,1.94,1.19
2014.10.24 08:42:58.680,6.56916,6.5711,1.00,1.69
2014.10.24 08:42:58.732,6.56916,6.5711,1.19,1.00
2014.10.24 08:42:58.783,6.56943,6.57128,1.00,1.19
2014.10.24 08:42:58.885,6.56909,6.57113,1.19,1.00
2014.10.24 08:42:58.987,6.56909,6.57095,1.69,1.00
2014.10.24 08:42:59.341,6.56911,6.57097,1.19,1.00
2014.10.24 08:42:59.765,6.56937,6.57121,1.00,1.00
2014.10.24 08:42:59.867,6.56954,6.57121,1.19,1.00
2014.10.24 08:43:00.019,6.56954,6.57165,1.19,1.00
2014.10.24 08:43:00.121,6.56997,6.5718,1.00,1.19
2014.10.24 08:43:01.981,6.56997,6.5718,1.00,1.00
2014.10.24 08:43:02.083,6.57008,6.57194,1.00,1.25
2014.10.24 08:43:02.526,6.56997,6.57165,1.00,1.00
2014.10.24 08:43:02.888,6.56975,6.57156,1.19,1.00
2014.10.24 08:43:03.322,6.56975,6.57141,1.19,1.00
2014.10.24 08:43:03.513,6.56975,6.57161,1.69,1.00
2014.10.24 08:43:04.157,6.56962,6.57148,1.19,1.00
2014.10.24 08:43:04.309,6.56951,6.57134,1.19,1.00
2014.10.24 08:43:04.613,6.5695,6.57132,1.19,1.00
2014.10.24 08:43:05.381,6.5695,6.57119,1.19,1.00
2014.10.24 08:43:06.025,6.5695,6.57146,1.19,1.00
2014.10.24 08:43:06.469,6.5698,6.57146,1.19,1.00
2014.10.24 08:43:06.621,6.56994,6.57199,1.19,1.19
2014.10.24 08:43:06.672,6.56994,6.57175,1.19,1.00
2014.10.24 08:43:06.976,6.56987,6.57164,1.19,1.00
2014.10.24 08:43:07.904,6.56989,6.57175,1.19,1.00
2014.10.24 08:43:08.136,6.57022,6.57208,1.00,1.19
2014.10.24 08:43:08.861,6.57022,6.57206,1.00,1.19
2014.10.24 08:43:09.444,6.57022,6.57193,1.00,1.00
2014.10.24 08:43:09.660,6.57005,6.57191,1.00,1.00
2014.10.24 08:43:09.767,6.56975,6.57155,1.19,1.00
2014.10.24 08:43:09.919,6.56982,6.57165,1.19,1.00
2014.10.24 08:43:11.569,6.56982,6.57165,1.19,1.00
2014.10.24 08:43:15.581,6.56982,6.57165,1.19,1.00
2014.10.24 08:43:16.407,6.56969,6.57153,1.19,1.00
2014.10.24 08:43:16.508,6.5698,6.57179,1.19,1.00
2014.10.24 08:43:17.887,6.5698,6.57179,1.19,1.00
2014.10.24 08:43:18.346,6.5698,6.57166,1.19,1.00
2014.10.24 08:43:20.325,6.57003,6.57189,1.00,1.25
2014.10.24 08:43:20.394,6.57003,6.57182,1.00,1.19
2014.10.24 08:43:22.322,6.57005,6.57182,1.00,1.19
2014.10.24 08:43:22.443,6.57005,6.57183,1.00,1.19
2014.10.24 08:43:22.645,6.56982,6.57167,1.00,1.00
2014.10.24 08:43:23.106,6.56994,6.57178,1.00,1.00
2014.10.24 08:43:23.410,6.56981,6.57165,1.19,1.00
2014.10.24 08:43:23.735,6.5697,6.57149,1.19,1.00
2014.10.24 08:43:24.038,6.5697,6.57137,1.19,1.00
2014.10.24 08:43:24.089,6.5697,6.57149,1.19,1.00
2014.10.24 08:43:24.953,6.56963,6.57149,1.19,1.00
2014.10.24 08:43:26.956,6.56963,6.57149,1.19,1.00
2014.10.24 08:43:27.058,6.56975,6.57156,1.19,1.00
2014.10.24 08:43:27.361,6.56975,6.57161,1.19,1.00
2014.10.24 08:43:27.412,6.57,6.57177,1.00,1.00
2014.10.24 08:43:27.514,6.56988,6.57173,1.00,1.00
2014.10.24 08:43:27.565,6.56988,6.57167,1.00,1.19
2014.10.24 08:43:27.617,6.56971,6.57157,1.00,1.25
2014.10.24 08:43:27.820,6.56959,6.57144,1.50,1.00
2014.10.24 08:43:30.014,6.56975,6.57158,1.00,1.00
2014.10.24 08:43:30.334,6.56986,6.5717,1.00,1.69
2014.10.24 08:43:30.693,6.57,6.5717,1.00,1.69
2014.10.24 08:43:30.802,6.56987,6.5717,1.00,1.69
2014.10.24 08:43:31.242,6.56987,6.5717,1.00,1.00
2014.10.24 08:43:33.296,6.56987,6.57173,1.00,1.19
2014.10.24 08:43:33.621,6.56973,6.57152,1.00,1.19
2014.10.24 08:43:33.672,6.5696,6.57152,1.00,1.19
2014.10.24 08:43:33.977,6.56952,6.57139,1.00,1.00
2014.10.24 08:43:34.078,6.56965,6.57139,1.00,1.00
2014.10.24 08:43:34.230,6.56947,6.57134,1.00,1.00
2014.10.24 08:43:34.281,6.56943,6.57142,1.00,1.19
2014.10.24 08:43:34.332,6.56935,6.57027,1.19,1.00
2014.10.24 08:43:34.382,6.56935,6.57027,1.00,1.00
2014.10.24 08:43:34.433,6.56935,6.57125,1.00,1.19
2014.10.24 08:43:34.535,6.56918,6.57119,1.19,1.25
2014.10.24 08:43:34.637,6.5694,6.57123,1.00,1.19
2014.10.24 08:43:34.738,6.56913,6.57111,1.19,1.00
2014.10.24 08:43:34.890,6.56912,6.57098,1.19,1.00
2014.10.24 08:43:35.314,6.56902,6.57082,1.19,1.00
2014.10.24 08:43:35.622,6.56909,6.57094,1.19,1.00
2014.10.24 08:43:36.183,6.5692,6.57094,1.00,1.00
2014.10.24 08:43:37.248,6.5692,6.57106,1.00,1.19
2014.10.24 08:43:37.299,6.56913,6.57085,1.00,1.00
2014.10.24 08:43:37.604,6.56925,6.57088,1.00,1.00
2014.10.24 08:43:37.857,6.56912,6.57085,1.00,1.00
2014.10.24 08:43:37.908,6.56912,6.57078,1.00,1.00
2014.10.24 08:43:38.282,6.56912,6.57096,1.00,1.00
2014.10.24 08:43:38.383,6.56912,6.57073,1.00,1.00
2014.10.24 08:43:38.563,6.56912,6.57096,1.00,1.00
2014.10.24 08:43:38.825,6.56923,6.57072,1.00,1.00
2014.10.24 08:43:39.052,6.56911,6.57096,1.50,1.00
2014.10.24 08:43:39.154,6.56911,6.57071,1.00,1.00
2014.10.24 08:43:39.255,6.56915,6.57091,1.00,1.00
2014.10.24 08:43:41.285,6.56915,6.57091,1.19,1.00
2014.10.24 08:43:43.793,6.56915,6.57091,1.19,1.00
2014.10.24 08:43:45.802,6.56915,6.57091,1.19,1.00
2014.10.24 08:43:49.811,6.56915,6.57091,1.19,1.00
2014.10.24 08:43:50.603,6.56938,6.57091,1.00,1.00
2014.10.24 08:43:52.915,6.56922,6.57091,1.19,1.00
2014.10.24 08:43:54.128,6.56921,6.57091,1.19,1.00
2014.10.24 08:43:55.314,6.56921,6.57089,1.19,1.00
2014.10.24 08:43:56.135,6.56915,6.57089,1.19,1.00
2014.10.24 08:43:56.580,6.56915,6.57052,1.00,1.00
2014.10.24 08:43:56.732,6.56868,6.5701,1.00,1.00
2014.10.24 08:43:56.885,6.5683,6.5701,1.00,1.00
2014.10.24 08:43:56.936,6.56823,6.57003,1.00,1.00
2014.10.24 08:43:57.278,6.56815,6.56976,1.00,1.00
2014.10.24 08:43:57.433,6.56836,6.57008,1.00,1.00
2014.10.24 08:43:57.657,6.56837,6.57016,1.00,1.19
2014.10.24 08:43:57.860,6.56837,6.57016,1.75,1.19
2014.10.24 08:43:58.274,6.56871,6.57029,1.00,1.00
2014.10.24 08:43:58.640,6.56881,6.57029,1.00,1.00
2014.10.24 08:43:58.741,6.56876,6.57051,1.00,1.19
2014.10.24 08:43:58.929,6.56871,6.57032,1.00,1.00
2014.10.24 08:44:01.444,6.56874,6.5705,1.00,1.00
2014.10.24 08:44:05.961,6.56874,6.57028,1.00,1.50
2014.10.24 08:44:06.416,6.56874,6.57027,1.00,1.19
2014.10.24 08:44:06.518,6.56837,6.57015,1.00,1.00
2014.10.24 08:44:06.569,6.56835,6.57015,1.00,1.00
2014.10.24 08:44:06.620,6.56833,6.57013,1.00,1.00
2014.10.24 08:44:07.311,6.56848,6.57013,1.00,1.00
2014.10.24 08:44:09.913,6.56849,6.57023,1.00,1.19
2014.10.24 08:44:10.014,6.56861,6.57023,1.00,1.19
2014.10.24 08:44:10.116,6.56861,6.57024,1.00,1.00
2014.10.24 08:44:10.217,6.56867,6.57024,1.00,1.00
2014.10.24 08:44:10.559,6.56876,6.57024,1.00,1.00
2014.10.24 08:44:11.301,6.56878,6.57024,1.00,1.00
2014.10.24 08:44:11.631,6.5688,6.57024,1.00,1.00
2014.10.24 08:44:13.110,6.56875,6.57024,1.00,1.00
2014.10.24 08:44:13.213,6.56875,6.57041,1.00,1.00
2014.10.24 08:44:13.281,6.56873,6.57041,1.00,1.00
2014.10.24 08:44:13.809,6.56872,6.57041,1.00,1.00
2014.10.24 08:44:14.711,6.56874,6.57041,1.00,1.00
2014.10.24 08:44:17.991,6.56874,6.57026,1.00,1.00
2014.10.24 08:44:21.732,6.56874,6.57038,1.00,1.00
2014.10.24 08:44:23.370,6.56875,6.57038,1.30,1.00
2014.10.24 08:44:27.362,6.56879,6.57038,1.00,1.00
2014.10.24 08:44:27.692,6.56877,6.57038,1.00,1.00
2014.10.24 08:44:28.054,6.56887,6.57038,1.00,1.00
2014.10.24 08:44:28.461,6.56882,6.57038,1.00,1.00
2014.10.24 08:44:33.301,6.56883,6.57038,1.00,1.00
2014.10.24 08:44:39.242,6.56886,6.57038,1.00,1.00
2014.10.24 08:44:39.352,6.56884,6.57038,1.00,1.00
2014.10.24 08:44:39.572,6.56886,6.57038,1.00,1.00
2014.10.24 08:44:39.817,6.56883,6.57038,1.00,1.00
2014.10.24 08:44:40.342,6.56884,6.57038,1.00,1.00
2014.10.24 08:44:40.562,6.56886,6.57038,1.00,1.00
2014.10.24 08:44:40.872,6.56886,6.57045,1.00,1.00
2014.10.24 08:44:41.771,6.56887,6.57045,1.00,1.00
2014.10.24 08:44:43.091,6.56886,6.57045,1.00,1.00
2014.10.24 08:44:47.270,6.56884,6.57045,1.00,1.00
2014.10.24 08:44:47.581,6.56884,6.57039,1.00,1.00
2014.10.24 08:44:47.922,6.56883,6.57028,1.30,1.50
2014.10.24 08:44:48.270,6.56871,6.57018,1.00,1.00
2014.10.24 08:44:48.321,6.56854,6.57018,1.30,1.00
2014.10.24 08:44:48.833,6.56854,6.57015,1.30,1.00
2014.10.24 08:44:48.884,6.5685,6.57015,1.00,1.72
2014.10.24 08:44:48.935,6.5685,6.57,1.00,1.00
2014.10.24 08:44:48.986,6.56832,6.56998,1.30,1.50
2014.10.24 08:44:49.037,6.56832,6.5699,1.30,1.19
2014.10.24 08:44:49.139,6.56812,6.56984,1.30,1.00
2014.10.24 08:44:49.594,6.56812,6.5698,1.30,1.00
2014.10.24 08:44:50.161,6.56812,6.56981,1.30,1.00
2014.10.24 08:44:50.464,6.56826,6.56984,1.00,1.00
2014.10.24 08:44:50.566,6.56826,6.56988,1.00,1.25
2014.10.24 08:44:50.617,6.56832,6.56994,1.00,1.49
2014.10.24 08:44:50.922,6.56836,6.56994,1.00,1.49
2014.10.24 08:44:51.227,6.56841,6.57003,1.00,1.19
2014.10.24 08:44:51.415,6.56841,6.57008,1.00,1.00
2014.10.24 08:44:53.071,6.56844,6.57008,1.00,1.00
2014.10.24 08:44:54.383,6.56835,6.57008,1.30,1.00
2014.10.24 08:44:54.597,6.56835,6.56998,1.30,1.00
2014.10.24 08:44:54.902,6.56792,6.56954,1.16,1.00
2014.10.24 08:44:55.205,6.56792,6.56952,1.30,1.19
2014.10.24 08:44:55.256,6.56772,6.56941,1.30,1.00
2014.10.24 08:44:55.459,6.56772,6.56935,1.30,1.00
2014.10.24 08:44:55.611,6.56772,6.56938,1.30,1.00
2014.10.24 08:44:55.713,6.56772,6.56948,1.30,1.19
2014.10.24 08:44:55.916,6.56772,6.56937,1.30,1.00
2014.10.24 08:44:56.068,6.56752,6.56931,1.95,1.00
2014.10.24 08:44:56.119,6.56761,6.56934,1.00,1.30
2014.10.24 08:44:56.481,6.56757,6.56934,1.00,1.30
2014.10.24 08:44:56.693,6.56763,6.56922,1.00,1.00
2014.10.24 08:44:57.203,6.56762,6.56922,1.00,1.00
2014.10.24 08:44:57.760,6.56762,6.56921,1.00,1.00
2014.10.24 08:44:58.081,6.56775,6.56921,1.30,1.00
2014.10.24 08:44:58.411,6.56777,6.56921,1.00,1.00
2014.10.24 08:44:58.563,6.56777,6.56934,1.00,1.00
2014.10.24 08:44:59.002,6.56775,6.56934,1.30,1.00
2014.10.24 08:44:59.104,6.56775,6.5692,1.30,1.00
2014.10.24 08:44:59.436,6.5678,6.5692,1.00,1.00
2014.10.24 08:45:00.585,6.5678,6.56932,1.00,1.00
2014.10.24 08:45:01.062,6.56784,6.56932,1.00,1.00
2014.10.24 08:45:01.368,6.56798,6.56936,1.30,1.00
2014.10.24 08:45:01.419,6.56798,6.56945,1.30,1.00
2014.10.24 08:45:01.856,6.56798,6.56959,1.30,1.00
2014.10.24 08:45:01.929,6.56786,6.56953,1.00,1.94
2014.10.24 08:45:02.086,6.56764,6.56923,1.00,1.00
2014.10.24 08:45:02.188,6.56755,6.56916,1.30,1.00
2014.10.24 08:45:02.494,6.56779,6.56916,1.30,1.00
2014.10.24 08:45:02.545,6.56779,6.56926,1.30,1.00
2014.10.24 08:45:02.989,6.56779,6.5694,1.30,1.00
2014.10.24 08:45:11.636,6.56788,6.5694,1.00,1.00
2014.10.24 08:45:11.687,6.56788,6.56946,1.00,1.25
2014.10.24 08:45:11.738,6.56798,6.56953,1.30,1.00
2014.10.24 08:45:12.051,6.56798,6.56951,1.30,1.00
2014.10.24 08:45:12.992,6.56798,6.56963,1.30,1.00
2014.10.24 08:45:13.642,6.56801,6.56963,1.00,1.00
2014.10.24 08:45:13.987,6.56809,6.56969,1.00,1.00
2014.10.24 08:45:14.581,6.56821,6.56969,1.30,1.00
2014.10.24 08:45:14.961,6.56824,6.56969,1.00,1.00
2014.10.24 08:45:15.394,6.56821,6.56969,1.30,1.00
2014.10.24 08:45:16.552,6.56808,6.56969,1.00,1.00
2014.10.24 08:45:16.681,6.56804,6.56969,1.00,1.00
2014.10.24 08:45:17.815,6.56806,6.56969,1.00,1.00
2014.10.24 08:45:20.683,6.56801,6.56969,1.00,1.00
2014.10.24 08:45:20.911,6.56801,6.56963,1.00,1.00
2014.10.24 08:45:21.643,6.56815,6.56963,1.30,1.00
2014.10.24 08:45:21.795,6.56815,6.56969,1.30,1.00
2014.10.24 08:45:23.049,6.56795,6.56969,2.70,1.00
2014.10.24 08:45:23.100,6.56795,6.56961,1.30,1.00
2014.10.24 08:45:25.418,6.56795,6.56949,1.30,1.00
2014.10.24 08:45:25.773,6.56795,6.56936,1.30,1.00
2014.10.24 08:45:26.100,6.568,6.56947,1.00,1.00
2014.10.24 08:45:26.487,6.56795,6.56947,1.30,1.00
2014.10.24 08:45:26.639,6.56795,6.56932,1.30,1.00
2014.10.24 08:45:26.741,6.56798,6.56948,1.00,1.00
2014.10.24 08:45:28.341,6.56807,6.56948,1.00,1.00
2014.10.24 08:45:28.652,6.56837,6.56963,1.30,1.00
2014.10.24 08:45:30.042,6.56837,6.56981,1.30,1.00
2014.10.24 08:45:40.126,6.56837,6.56957,1.30,1.50
2014.10.24 08:45:40.340,6.56817,6.56957,1.30,1.50
2014.10.24 08:45:40.391,6.56809,6.56949,1.30,1.00
2014.10.24 08:45:40.783,6.56791,6.56947,1.00,1.50
2014.10.24 08:45:40.884,6.56789,6.56947,1.30,1.50
2014.10.24 08:45:41.153,6.56789,6.56938,1.30,2.25
2014.10.24 08:45:42.802,6.56789,6.56948,1.30,2.25
2014.10.24 08:45:43.306,6.56793,6.5695,1.00,1.19
2014.10.24 08:45:43.617,6.5681,6.5695,1.30,1.19
2014.10.24 08:45:44.243,6.5681,6.56965,1.30,1.00
2014.10.24 08:45:44.732,6.5681,6.56958,1.30,1.50
2014.10.24 08:45:48.968,6.56816,6.56958,1.30,1.50
2014.10.24 08:45:49.291,6.56836,6.56958,1.72,1.50
2014.10.24 08:45:50.121,6.56836,6.56965,1.72,1.00
2014.10.24 08:45:51.993,6.56836,6.56958,1.00,1.50
2014.10.24 08:45:52.252,6.56817,6.56952,1.00,1.00
2014.10.24 08:45:52.704,6.56817,6.5694,1.00,1.00
2014.10.24 08:45:54.462,6.56817,6.56951,1.00,1.00
2014.10.24 08:45:56.060,6.56817,6.56949,1.00,1.00
2014.10.24 08:45:56.381,6.56817,6.56947,1.00,1.00
2014.10.24 08:45:56.730,6.56817,6.56945,1.00,1.00
2014.10.24 08:45:57.490,6.56817,6.56947,1.00,1.00
2014.10.24 08:45:58.280,6.56817,6.56951,1.00,1.00
2014.10.24 08:45:58.534,6.56846,6.56965,1.30,1.00
2014.10.24 08:45:58.687,6.56855,6.56991,1.30,1.00
2014.10.24 08:45:58.738,6.56874,6.56991,1.30,1.00
2014.10.24 08:46:01.120,6.56874,6.56989,1.30,1.00
2014.10.24 08:46:01.490,6.56874,6.56985,1.30,1.00
2014.10.24 08:46:02.228,6.56874,6.56984,1.30,1.00
2014.10.24 08:46:02.380,6.56874,6.56991,1.30,1.00
2014.10.24 08:46:02.532,6.56874,6.56999,1.30,1.00
2014.10.24 08:46:02.583,6.56874,6.56997,1.30,1.00
2014.10.24 08:46:02.891,6.56874,6.56992,1.30,1.00
2014.10.24 08:46:03.005,6.56874,6.56999,1.30,1.00
2014.10.24 08:46:03.540,6.56874,6.56997,1.30,1.00
2014.10.24 08:46:04.311,6.56874,6.56998,1.30,1.00
2014.10.24 08:46:06.260,6.56874,6.56993,1.30,1.00
2014.10.24 08:46:06.565,6.56897,6.57008,1.30,1.00
2014.10.24 08:46:08.214,6.56897,6.57027,1.30,1.00
2014.10.24 08:46:08.318,6.56902,6.57027,1.30,1.00
2014.10.24 08:46:08.624,6.56922,6.57044,1.30,1.19
2014.10.24 08:46:09.232,6.56922,6.57055,1.30,1.00
2014.10.24 08:46:15.567,6.56917,6.57055,1.00,1.00
2014.10.24 08:46:16.761,6.56917,6.57048,1.00,1.50
2014.10.24 08:46:17.168,6.56917,6.57042,1.00,1.00
2014.10.24 08:46:17.515,6.56895,6.57027,1.30,1.50
2014.10.24 08:46:17.769,6.56875,6.57023,1.30,1.00
2014.10.24 08:46:17.870,6.56866,6.57023,1.30,1.00
2014.10.24 08:46:17.921,6.56866,6.57013,1.30,1.00
2014.10.24 08:46:18.393,6.56876,6.57013,1.00,1.00
2014.10.24 08:46:20.643,6.56876,6.57027,1.00,2.25
2014.10.24 08:46:20.806,6.56891,6.57027,1.30,1.00
2014.10.24 08:46:20.979,6.56891,6.57042,1.30,1.00
2014.10.24 08:46:21.236,6.56891,6.57042,1.30,1.75
2014.10.24 08:46:21.700,6.56891,6.57028,1.30,2.25
2014.10.24 08:46:21.971,6.56884,6.57028,1.00,2.25
2014.10.24 08:46:26.098,6.56894,6.57028,1.30,1.25
2014.10.24 08:46:26.417,6.56905,6.57028,1.00,1.25
2014.10.24 08:46:26.923,6.5692,6.57042,1.30,1.19
2014.10.24 08:46:27.111,6.5692,6.57042,1.30,1.00
2014.10.24 08:46:27.162,6.5692,6.57059,1.30,1.00
2014.10.24 08:46:27.904,6.56921,6.57059,1.00,1.00
2014.10.24 08:46:28.170,6.56921,6.57071,1.00,1.19
2014.10.24 08:46:28.513,6.56934,6.57071,1.00,1.19
2014.10.24 08:46:29.123,6.56934,6.57071,1.00,1.00
2014.10.24 08:46:29.511,6.56934,6.57068,1.00,1.50
2014.10.24 08:46:29.613,6.56934,6.57071,1.00,1.00
2014.10.24 08:46:29.664,6.5692,6.57058,1.30,1.00
2014.10.24 08:46:32.090,6.5692,6.57043,1.30,1.00
2014.10.24 08:46:36.481,6.5692,6.57067,1.30,1.50
2014.10.24 08:46:37.201,6.5692,6.57067,1.30,2.25
2014.10.24 08:46:37.506,6.56915,6.57028,1.00,1.50
2014.10.24 08:46:37.556,6.56893,6.57028,1.30,1.50
2014.10.24 08:46:40.883,6.56893,6.57018,1.30,1.00
2014.10.24 08:46:40.934,6.56891,6.57018,1.00,1.00
2014.10.24 08:46:41.337,6.56891,6.57028,1.00,2.25
2014.10.24 08:46:41.862,6.56905,6.57028,1.00,1.50
2014.10.24 08:46:41.964,6.5692,6.57044,1.00,1.00
2014.10.24 08:46:42.015,6.5692,6.57067,1.00,1.00
2014.10.24 08:46:42.065,6.56934,6.57068,1.30,1.00
2014.10.24 08:46:42.371,6.56934,6.57058,1.30,1.00
2014.10.24 08:46:42.913,6.56934,6.57059,1.30,1.00
2014.10.24 08:46:43.166,6.56927,6.57073,1.00,1.25
2014.10.24 08:46:43.268,6.56934,6.57086,1.30,1.19
2014.10.24 08:46:43.700,6.56937,6.57087,1.00,1.69
2014.10.24 08:46:44.218,6.56937,6.57087,1.00,1.00
2014.10.24 08:46:45.140,6.56937,6.57098,1.00,1.00
2014.10.24 08:46:46.580,6.56945,6.57108,1.00,1.00
2014.10.24 08:46:46.696,6.56964,6.57108,1.00,1.00
2014.10.24 08:46:47.000,6.56983,6.57108,1.30,1.00
2014.10.24 08:46:48.202,6.56993,6.57108,1.00,1.00
2014.10.24 08:46:49.139,6.56993,6.57118,1.00,1.00
2014.10.24 08:46:49.560,6.5701,6.57118,1.30,1.00
2014.10.24 08:46:49.662,6.5701,6.57128,1.30,1.00
2014.10.24 08:46:50.432,6.57018,6.57128,1.00,1.00
2014.10.24 08:46:50.790,6.57018,6.57138,1.00,1.00
2014.10.24 08:46:51.209,6.57018,6.57128,1.00,1.00
2014.10.24 08:46:51.741,6.57018,6.57137,1.00,1.00
2014.10.24 08:46:51.855,6.57018,6.57128,1.00,1.00
2014.10.24 08:46:51.960,6.57018,6.57137,1.00,1.00
2014.10.24 08:46:52.652,6.57018,6.57128,1.00,1.00
2014.10.24 08:46:54.163,6.57018,6.57117,1.00,1.00
2014.10.24 08:46:55.302,6.57018,6.57107,1.00,1.00
2014.10.24 08:46:57.444,6.5701,6.57107,1.30,1.00
2014.10.24 08:46:57.819,6.5701,6.57117,1.30,1.00
2014.10.24 08:46:58.041,6.5701,6.57108,1.30,1.00
2014.10.24 08:46:58.450,6.5701,6.57118,1.30,1.00
2014.10.24 08:46:59.353,6.5701,6.57128,1.30,1.00
2014.10.24 08:46:59.801,6.5701,6.57138,1.30,1.00
2014.10.24 08:46:59.903,6.57019,6.57138,1.00,1.00
2014.10.24 08:47:00.207,6.5704,6.57148,1.30,1.50
2014.10.24 08:47:01.197,6.5702,6.57148,1.30,1.50
2014.10.24 08:47:01.248,6.57016,6.57148,1.30,1.50
2014.10.24 08:47:02.070,6.57016,6.57142,1.30,1.00
2014.10.24 08:47:03.660,6.57016,6.57147,1.30,1.00
2014.10.24 08:47:03.711,6.57016,6.57137,1.30,1.50
2014.10.24 08:47:05.291,6.57013,6.57128,1.00,1.50
2014.10.24 08:47:05.595,6.57013,6.57113,1.00,1.00
2014.10.24 08:47:05.849,6.56988,6.57108,1.00,1.00
2014.10.24 08:47:06.930,6.5701,6.57108,1.30,1.00
2014.10.24 08:47:07.574,6.5701,6.57107,1.30,1.00
2014.10.24 08:47:09.490,6.5701,6.57098,1.30,1.00
2014.10.24 08:47:09.601,6.56991,6.57098,1.30,1.00
2014.10.24 08:47:09.652,6.56988,6.57098,1.00,1.00
2014.10.24 08:47:09.702,6.56988,6.57067,1.00,1.00
2014.10.24 08:47:09.905,6.56981,6.57068,1.30,1.00
2014.10.24 08:47:09.957,6.56956,6.57068,1.30,1.00
2014.10.24 08:47:10.886,6.56956,6.57063,1.30,1.00
2014.10.24 08:47:10.987,6.56956,6.57068,1.30,1.50
2014.10.24 08:47:11.038,6.56958,6.57068,1.00,1.50
2014.10.24 08:47:11.140,6.56958,6.57098,1.00,1.00
2014.10.24 08:47:11.242,6.56981,6.57098,1.30,1.00
2014.10.24 08:47:11.546,6.57034,6.57098,1.30,1.00
2014.10.24 08:47:11.648,6.57004,6.57098,1.30,1.00
2014.10.24 08:47:11.699,6.57004,6.57087,1.30,1.00
2014.10.24 08:47:12.012,6.57004,6.57058,1.30,1.00
2014.10.24 08:47:12.131,6.57004,6.57068,1.30,1.00
2014.10.24 08:47:13.130,6.57004,6.57078,1.30,1.00
2014.10.24 08:47:13.231,6.57004,6.57087,1.30,1.00
2014.10.24 08:47:13.333,6.57004,6.57098,1.30,1.00
2014.10.24 08:47:13.434,6.57004,6.57108,1.30,1.00
2014.10.24 08:47:13.839,6.57014,6.57108,1.30,1.00
2014.10.24 08:47:14.169,6.57034,6.57108,1.30,1.00
2014.10.24 08:47:14.326,6.57034,6.57118,1.30,1.00
2014.10.24 08:47:15.639,6.57034,6.57138,1.30,1.37
2014.10.24 08:47:15.690,6.57034,6.57138,1.30,1.75
2014.10.24 08:47:16.050,6.57034,6.57118,1.30,1.00
2014.10.24 08:47:17.629,6.57034,6.57128,1.30,1.37
2014.10.24 08:47:18.730,6.57034,6.57118,1.30,1.00
2014.10.24 08:47:18.892,6.57014,6.57108,1.30,1.00
2014.10.24 08:47:18.994,6.57006,6.57108,1.30,1.75
2014.10.24 08:47:19.374,6.57006,6.57098,1.30,1.00
2014.10.24 08:47:19.915,6.57006,6.57088,1.30,1.00
2014.10.24 08:47:20.178,6.56988,6.57088,1.30,1.00
2014.10.24 08:47:20.340,6.56988,6.57078,1.30,1.00
2014.10.24 08:47:21.329,6.56988,6.57088,1.30,1.00
2014.10.24 08:47:21.979,6.56988,6.57087,1.30,1.00
2014.10.24 08:47:23.322,6.56988,6.57107,1.30,1.00
2014.10.24 08:47:23.599,6.5698,6.57107,1.30,1.00
2014.10.24 08:47:24.663,6.5698,6.57098,1.30,1.00
2014.10.24 08:47:26.278,6.5698,6.57105,1.30,1.00
2014.10.24 08:47:26.380,6.5698,6.57063,1.30,1.00
2014.10.24 08:47:26.481,6.56974,6.57063,1.00,1.00
2014.10.24 08:47:26.532,6.56956,6.57048,1.30,1.50
2014.10.24 08:47:26.654,6.56956,6.57057,1.30,1.00
2014.10.24 08:47:26.704,6.56982,6.57057,1.30,1.00
2014.10.24 08:47:26.755,6.56982,6.57087,1.30,1.00
2014.10.24 08:47:28.316,6.5696,6.57087,1.00,1.00
2014.10.24 08:47:28.834,6.5696,6.57088,1.00,1.00
2014.10.24 08:47:28.942,6.5696,6.57068,1.00,1.00
2014.10.24 08:47:29.166,6.5696,6.57078,1.00,1.00
2014.10.24 08:47:30.360,6.56997,6.57133,1.00,1.00
2014.10.24 08:47:30.461,6.57024,6.57148,1.00,1.00
2014.10.24 08:47:30.678,6.57042,6.57202,1.00,2.44
2014.10.24 08:47:30.729,6.57046,6.57202,1.30,1.75
2014.10.24 08:47:30.830,6.57047,6.57216,1.00,1.00
2014.10.24 08:47:30.932,6.57055,6.57216,1.00,1.00
2014.10.24 08:47:30.982,6.57055,6.57222,1.00,1.00
2014.10.24 08:47:31.236,6.57061,6.57222,1.00,1.00
2014.10.24 08:47:31.388,6.5707,6.57243,1.30,1.37
2014.10.24 08:47:31.569,6.57074,6.57243,1.00,1.00
2014.10.24 08:47:32.208,6.57079,6.57243,1.00,1.00
2014.10.24 08:47:32.565,6.57099,6.57243,1.30,1.00
2014.10.24 08:47:35.381,6.57101,6.57243,1.30,1.00
2014.10.24 08:47:35.728,6.57121,6.57252,1.30,1.00
2014.10.24 08:47:38.918,6.57121,6.57251,1.30,1.00
2014.10.24 08:47:40.128,6.57121,6.57249,1.30,1.00
2014.10.24 08:47:42.879,6.57121,6.57246,1.30,1.00
2014.10.24 08:47:43.429,6.57121,6.57248,1.30,1.00
2014.10.24 08:47:43.849,6.57121,6.57244,1.30,1.00
2014.10.24 08:47:45.372,6.57101,6.57244,1.30,1.00
2014.10.24 08:47:45.423,6.57076,6.57252,1.00,1.00
2014.10.24 08:47:45.731,6.57076,6.57245,1.00,1.00
2014.10.24 08:47:45.784,6.57072,6.57245,1.00,1.00
2014.10.24 08:47:46.053,6.57072,6.57252,1.00,1.00
2014.10.24 08:47:46.105,6.57072,6.57238,1.00,1.00
2014.10.24 08:47:47.148,6.57072,6.57221,1.00,1.00
2014.10.24 08:47:48.359,6.57072,6.57236,1.00,1.00
2014.10.24 08:47:49.334,6.57062,6.57236,1.00,1.00
2014.10.24 08:47:49.587,6.57062,6.5722,1.00,1.00
2014.10.24 08:47:51.589,6.57062,6.57224,1.00,1.00
2014.10.24 08:47:52.281,6.57047,6.57217,1.00,1.00
2014.10.24 08:47:52.516,6.57043,6.57217,1.00,1.00
2014.10.24 08:47:54.640,6.57062,6.57217,1.00,1.00
2014.10.24 08:47:54.691,6.57062,6.57236,1.19,1.00
2014.10.24 08:47:54.896,6.57074,6.57264,1.00,1.00
2014.10.24 08:47:55.312,6.57074,6.57248,1.00,1.00
2014.10.24 08:47:55.413,6.57072,6.57247,1.00,1.00
2014.10.24 08:47:59.032,6.57072,6.57234,1.00,1.00
2014.10.24 08:47:59.601,6.57072,6.57246,1.00,1.00
2014.10.24 08:48:00.079,6.57074,6.57246,1.00,1.00
2014.10.24 08:48:00.382,6.5717,6.5729,1.00,1.00
2014.10.24 08:48:00.484,6.57175,6.57323,1.00,1.14
2014.10.24 08:48:00.593,6.57187,6.57323,1.00,1.14
2014.10.24 08:48:00.826,6.57187,6.57325,1.00,1.00
2014.10.24 08:48:01.570,6.57187,6.57337,1.00,1.90
2014.10.24 08:48:01.843,6.57189,6.57337,1.00,1.75
2014.10.24 08:48:02.176,6.57192,6.5733,1.00,1.37
2014.10.24 08:48:02.396,6.57192,6.5733,1.00,1.00
2014.10.24 08:48:03.560,6.57186,6.5733,1.72,1.00
2014.10.24 08:48:03.611,6.57186,6.5733,1.72,1.37
2014.10.24 08:48:03.931,6.57186,6.5733,1.72,1.00
2014.10.24 08:48:04.134,6.57188,6.5733,1.00,1.00
2014.10.24 08:48:05.100,6.57193,6.5733,1.00,1.00
2014.10.24 08:48:05.404,6.5721,6.5733,1.30,1.00
2014.10.24 08:48:07.311,6.5721,6.5733,1.30,1.75
2014.10.24 08:48:10.068,6.5721,6.5733,1.30,1.00
2014.10.24 08:48:10.119,6.5721,6.5733,1.30,1.75
2014.10.24 08:48:10.170,6.57172,6.57305,1.50,1.00
2014.10.24 08:48:10.221,6.5716,6.57305,1.00,1.00
2014.10.24 08:48:10.272,6.57136,6.5732,1.00,1.94
2014.10.24 08:48:10.375,6.5712,6.57316,1.00,1.94
2014.10.24 08:48:10.476,6.57109,6.57295,1.19,1.00
2014.10.24 08:48:10.778,6.57098,6.57279,1.19,1.00
2014.10.24 08:48:11.615,6.57098,6.57255,1.19,1.00
2014.10.24 08:48:12.779,6.57098,6.57257,1.19,1.00
2014.10.24 08:48:12.880,6.57098,6.57257,1.00,1.00
2014.10.24 08:48:14.399,6.57149,6.57257,1.30,1.00
2014.10.24 08:48:14.500,6.57149,6.57261,1.30,1.00
2014.10.24 08:48:14.652,6.57149,6.57248,1.30,1.00
2014.10.24 08:48:16.320,6.57149,6.57262,1.30,1.00
2014.10.24 08:48:16.772,6.57129,6.57262,1.30,1.00
2014.10.24 08:48:16.823,6.57126,6.57262,1.00,1.00
2014.10.24 08:48:16.975,6.57191,6.57262,1.30,1.00
2014.10.24 08:48:17.131,6.57191,6.57315,1.30,3.00
2014.10.24 08:48:17.182,6.57217,6.57315,1.30,3.19
2014.10.24 08:48:17.284,6.57197,6.57315,1.30,3.19
2014.10.24 08:48:17.335,6.57187,6.57315,1.30,3.19
2014.10.24 08:48:17.386,6.57166,6.57299,1.30,3.00
2014.10.24 08:48:17.437,6.57136,6.57299,1.00,3.00
2014.10.24 08:48:17.488,6.57136,6.5728,1.00,1.00
2014.10.24 08:48:17.792,6.57185,6.57301,1.30,1.00
2014.10.24 08:48:17.894,6.57185,6.57346,1.30,1.75
2014.10.24 08:48:18.164,6.57185,6.57346,1.30,1.00
2014.10.24 08:48:18.215,6.5721,6.57346,1.30,1.00
2014.10.24 08:48:18.266,6.5721,6.57358,1.30,3.03
2014.10.24 08:48:19.629,6.57214,6.57358,1.00,3.03
2014.10.24 08:48:20.018,6.57214,6.57348,1.00,1.50
2014.10.24 08:48:22.059,6.57214,6.57358,1.00,1.90
2014.10.24 08:48:22.161,6.57251,6.57358,1.00,1.90
2014.10.24 08:48:22.262,6.57242,6.57383,1.30,1.00
2014.10.24 08:48:22.313,6.57262,6.57383,1.30,1.00
2014.10.24 08:48:22.414,6.57262,6.57422,1.30,1.00
2014.10.24 08:48:22.516,6.57262,6.57389,1.30,1.00
2014.10.24 08:48:22.668,6.57262,6.57409,1.30,1.00
2014.10.24 08:48:23.368,6.57264,6.57409,1.00,1.00
2014.10.24 08:48:23.622,6.57264,6.57427,1.00,1.50
2014.10.24 08:48:23.825,6.57292,6.57427,1.00,1.50
2014.10.24 08:48:23.940,6.57272,6.57427,1.00,1.50
2014.10.24 08:48:24.263,6.57293,6.57418,1.00,1.00
2014.10.24 08:48:24.568,6.57293,6.57414,1.00,1.00
2014.10.24 08:48:24.872,6.57293,6.57408,1.00,1.00
2014.10.24 08:48:25.187,6.57293,6.57401,1.00,1.00
2014.10.24 08:48:25.841,6.57293,6.57405,1.00,1.00
2014.10.24 08:48:26.994,6.57293,6.57415,1.00,1.19
2014.10.24 08:48:28.430,6.57293,6.57424,1.00,1.00
2014.10.24 08:48:28.858,6.57293,6.57419,1.00,1.00
2014.10.24 08:48:29.163,6.57293,6.57408,1.00,1.00
2014.10.24 08:48:29.689,6.57293,6.5741,1.00,1.00
2014.10.24 08:48:29.908,6.57293,6.57408,1.00,1.00
2014.10.24 08:48:31.290,6.57293,6.57393,1.00,1.00
2014.10.24 08:48:31.510,6.57268,6.57379,1.00,1.00
2014.10.24 08:48:31.611,6.57268,6.57377,1.00,1.00
2014.10.24 08:48:31.829,6.57268,6.5738,1.00,1.00
2014.10.24 08:48:32.269,6.57268,6.57377,1.00,1.00
2014.10.24 08:48:32.522,6.57209,6.57348,1.00,1.00
2014.10.24 08:48:32.624,6.57203,6.57338,1.00,1.00
2014.10.24 08:48:32.826,6.57185,6.57322,1.00,1.00
2014.10.24 08:48:32.903,6.57185,6.57317,1.00,1.00
2014.10.24 08:48:32.954,6.57156,6.57298,1.00,1.00
2014.10.24 08:48:33.107,6.57156,6.57283,1.00,1.00
2014.10.24 08:48:33.158,6.57125,6.57282,1.00,1.00
2014.10.24 08:48:33.209,6.57113,6.57255,1.00,1.00
2014.10.24 08:48:33.463,6.57055,6.57233,1.00,1.19
2014.10.24 08:48:33.514,6.57051,6.57224,1.00,1.00
2014.10.24 08:48:33.616,6.57042,6.57222,1.00,1.00
2014.10.24 08:48:33.718,6.57058,6.57224,1.00,1.00
2014.10.24 08:48:33.870,6.57062,6.5724,1.00,1.00
2014.10.24 08:48:33.921,6.57066,6.57247,1.00,1.50
2014.10.24 08:48:33.973,6.57093,6.57247,1.00,1.00
2014.10.24 08:48:34.075,6.57086,6.57241,1.00,1.00
2014.10.24 08:48:34.379,6.57069,6.57238,1.00,1.00
2014.10.24 08:48:34.500,6.57069,6.57236,1.00,1.00
2014.10.24 08:48:34.659,6.57057,6.57236,1.00,1.00
2014.10.24 08:48:34.714,6.57057,6.5723,1.00,1.00
2014.10.24 08:48:35.299,6.57052,6.5723,1.00,1.00
2014.10.24 08:48:35.350,6.57048,6.57226,1.00,1.00
2014.10.24 08:48:35.776,6.57055,6.57226,1.00,1.00
2014.10.24 08:48:35.827,6.57055,6.57231,1.00,1.00
2014.10.24 08:48:36.129,6.57108,6.57231,1.00,1.00
2014.10.24 08:48:36.291,6.57108,6.57238,1.00,1.19
2014.10.24 08:48:36.822,6.57108,6.57231,1.00,1.00
2014.10.24 08:48:37.170,6.57108,6.57227,1.00,1.00
2014.10.24 08:48:38.549,6.57108,6.57231,1.00,1.00
2014.10.24 08:48:38.701,6.57108,6.57242,1.00,1.00
2014.10.24 08:48:38.904,6.57108,6.57248,1.00,2.09
2014.10.24 08:48:39.006,6.57128,6.57248,1.00,2.09
2014.10.24 08:48:39.361,6.57117,6.57256,1.00,1.00
2014.10.24 08:48:39.499,6.57117,6.57268,1.00,3.40
2014.10.24 08:48:39.985,6.57149,6.57268,1.00,2.65
2014.10.24 08:48:45.248,6.57149,6.57271,1.00,1.00
2014.10.24 08:48:49.769,6.57149,6.57275,1.00,1.00
2014.10.24 08:48:49.871,6.57149,6.5727,1.00,1.00
2014.10.24 08:48:50.192,6.57149,6.57257,1.00,1.00
2014.10.24 08:48:50.642,6.57149,6.57262,1.00,1.00
2014.10.24 08:48:50.794,6.57149,6.57257,1.00,1.00
2014.10.24 08:48:51.149,6.57149,6.57255,1.00,1.00
2014.10.24 08:48:51.646,6.57149,6.57248,1.00,1.00
2014.10.24 08:48:52.737,6.57149,6.57255,1.00,1.00
2014.10.24 08:48:54.285,6.57149,6.57252,1.00,1.00
2014.10.24 08:48:55.409,6.57131,6.57255,1.00,1.69
2014.10.24 08:48:55.527,6.57131,6.57255,1.00,1.69
2014.10.24 08:48:57.511,6.57131,6.57266,1.00,1.00
2014.10.24 08:48:58.239,6.57131,6.57267,1.00,1.00
2014.10.24 08:49:08.395,6.57131,6.57269,1.00,1.00
2014.10.24 08:49:08.729,6.57152,6.57269,1.00,1.00
2014.10.24 08:49:10.327,6.57152,6.5727,1.00,1.00
2014.10.24 08:49:11.209,6.57152,6.57269,1.00,1.00
2014.10.24 08:49:11.522,6.57152,6.57253,1.00,1.50
2014.10.24 08:49:11.826,6.57152,6.57236,1.00,1.00
2014.10.24 08:49:12.205,6.57152,6.57231,1.00,1.00
2014.10.24 08:49:12.658,6.57152,6.57227,1.00,1.00
2014.10.24 08:49:12.967,6.57152,6.57233,1.00,1.00
2014.10.24 08:49:13.433,6.57152,6.57239,1.00,1.75
2014.10.24 08:49:14.236,6.57152,6.57232,1.00,1.37
2014.10.24 08:49:15.209,6.57131,6.5723,1.00,1.12
2014.10.24 08:49:15.790,6.57131,6.5723,1.00,1.31
2014.10.24 08:49:16.486,6.57131,6.57226,1.00,1.00
2014.10.24 08:49:16.762,6.57108,6.57223,1.00,1.75
2014.10.24 08:49:16.813,6.57108,6.57218,1.00,1.94
2014.10.24 08:49:16.965,6.57071,6.57211,1.00,1.19
2014.10.24 08:49:17.847,6.57086,6.57213,1.00,1.19
2014.10.24 08:49:18.805,6.57086,6.57217,1.00,1.00
2014.10.24 08:49:18.907,6.57086,6.57221,1.00,1.19
2014.10.24 08:49:20.012,6.57086,6.57221,1.00,1.00
2014.10.24 08:49:20.165,6.57118,6.57221,1.00,1.00
2014.10.24 08:49:20.266,6.57103,6.57228,1.00,1.90
2014.10.24 08:49:20.317,6.57103,6.57232,1.00,1.00
2014.10.24 08:49:20.419,6.57103,6.57246,1.00,1.00
2014.10.24 08:49:20.608,6.57126,6.57245,1.00,1.00
2014.10.24 08:49:20.810,6.57126,6.57251,1.00,1.19
2014.10.24 08:49:21.258,6.57126,6.57258,1.00,2.65
2014.10.24 08:49:23.207,6.57143,6.57258,1.00,1.90
2014.10.24 08:49:23.968,6.57143,6.57266,1.00,1.00
2014.10.24 08:49:25.507,6.57143,6.5727,1.00,1.00
2014.10.24 08:49:26.980,6.57143,6.57261,1.00,1.00
2014.10.24 08:49:27.047,6.57143,6.5727,1.00,1.00
2014.10.24 08:49:41.611,6.57143,6.57265,1.00,1.00
2014.10.24 08:49:41.937,6.57143,6.5727,1.00,1.00
2014.10.24 08:49:42.361,6.57165,6.5727,1.30,1.00
2014.10.24 08:49:42.513,6.57165,6.57308,1.30,1.00
2014.10.24 08:49:42.564,6.57145,6.57259,1.30,1.30
2014.10.24 08:49:42.615,6.57133,6.57256,1.00,1.19
2014.10.24 08:49:42.666,6.57155,6.57256,1.30,1.19
2014.10.24 08:49:42.717,6.57155,6.57259,1.30,1.00
2014.10.24 08:49:42.768,6.57135,6.57259,1.30,1.00
2014.10.24 08:49:42.819,6.57124,6.5729,1.30,1.19
2014.10.24 08:49:42.921,6.57124,6.57273,1.30,1.19
2014.10.24 08:49:43.174,6.57073,6.57219,1.30,1.19
2014.10.24 08:49:43.276,6.57081,6.57219,1.00,1.19
2014.10.24 08:49:43.326,6.57081,6.57248,1.00,1.00
2014.10.24 08:49:43.377,6.57105,6.57248,1.00,1.00
2014.10.24 08:49:43.479,6.57094,6.57256,1.00,1.30
2014.10.24 08:49:43.580,6.57122,6.57256,1.00,1.30
2014.10.24 08:49:44.306,6.57122,6.5726,1.00,1.19
2014.10.24 08:49:44.467,6.57172,6.57263,1.00,1.19
2014.10.24 08:49:45.410,6.57172,6.57263,1.00,1.00
2014.10.24 08:49:47.428,6.57172,6.57266,1.00,1.00
2014.10.24 08:49:47.787,6.57172,6.5726,1.00,1.00
2014.10.24 08:49:47.838,6.57172,6.57262,1.00,1.00
2014.10.24 08:49:48.056,6.57172,6.57264,1.00,1.00
2014.10.24 08:49:48.276,6.57172,6.57266,1.00,1.00
2014.10.24 08:49:48.607,6.57172,6.5727,1.00,1.00
2014.10.24 08:49:49.627,6.57172,6.57269,1.00,1.00
2014.10.24 08:49:50.270,6.57152,6.57269,1.00,1.00
2014.10.24 08:49:50.806,6.57152,6.5727,1.00,1.00
2014.10.24 08:49:51.687,6.57152,6.57269,1.00,1.00
2014.10.24 08:49:53.226,6.57152,6.57267,1.00,1.00
2014.10.24 08:49:53.771,6.57152,6.57268,1.00,1.00
2014.10.24 08:49:56.595,6.57152,6.57251,1.00,1.30
2014.10.24 08:50:01.654,6.57152,6.57271,1.00,1.19
2014.10.24 08:50:03.712,6.57152,6.57271,1.00,1.19
2014.10.24 08:50:04.538,6.57152,6.57265,1.00,1.00
2014.10.24 08:50:04.886,6.57152,6.57252,1.00,1.30
2014.10.24 08:50:05.463,6.57152,6.57265,1.00,1.00
2014.10.24 08:50:06.459,6.57152,6.57271,1.00,1.91
2014.10.24 08:50:07.659,6.57152,6.57292,1.00,1.00
2014.10.24 08:50:12.071,6.57152,6.57287,1.00,1.00
2014.10.24 08:50:12.517,6.57152,6.57278,1.00,1.00
2014.10.24 08:50:13.964,6.57152,6.5729,1.00,1.00
2014.10.24 08:50:14.818,6.57179,6.5729,1.00,1.00
2014.10.24 08:50:19.428,6.57179,6.57303,1.00,1.00
2014.10.24 08:50:22.024,6.57179,6.57296,1.00,1.19
2014.10.24 08:50:24.105,6.57179,6.57297,1.00,1.00
2014.10.24 08:50:24.816,6.57179,6.57283,1.00,1.00
2014.10.24 08:50:25.631,6.57179,6.57269,1.00,1.00
2014.10.24 08:50:26.802,6.57179,6.57251,1.00,1.00
2014.10.24 08:50:27.479,6.57179,6.57264,1.00,1.00
2014.10.24 08:50:28.064,6.57179,6.57267,1.00,1.00
2014.10.24 08:50:28.570,6.57179,6.57263,1.00,1.00
2014.10.24 08:50:30.977,6.57179,6.57248,1.00,1.00
2014.10.24 08:50:32.560,6.57158,6.57248,1.00,1.00
2014.10.24 08:50:32.662,6.57158,6.57243,1.00,1.00
2014.10.24 08:50:33.207,6.57158,6.57255,1.00,1.00
2014.10.24 08:50:35.958,6.57158,6.57267,1.00,1.00
2014.10.24 08:50:38.451,6.57138,6.57267,1.00,1.00
2014.10.24 08:50:41.622,6.57138,6.57247,1.00,1.30
2014.10.24 08:50:41.875,6.57119,6.57247,1.00,1.30
2014.10.24 08:50:41.991,6.57119,6.57252,1.00,1.00
2014.10.24 08:50:42.209,6.57119,6.57264,1.00,1.00
2014.10.24 08:50:43.541,6.57119,6.57253,1.00,1.00
2014.10.24 08:50:45.167,6.57119,6.57267,1.00,1.00
2014.10.24 08:50:45.608,6.57142,6.57267,1.50,1.00
2014.10.24 08:50:45.937,6.57142,6.57278,1.50,1.00
2014.10.24 08:50:46.488,6.5714,6.57278,1.00,1.00
2014.10.24 08:50:49.126,6.5714,6.57264,1.00,1.00
2014.10.24 08:50:50.010,6.57142,6.57277,1.50,1.00
2014.10.24 08:50:51.208,6.57172,6.57277,1.50,1.00
2014.10.24 08:50:51.259,6.57172,6.57288,1.50,1.00
2014.10.24 08:50:51.362,6.57172,6.57303,1.50,1.00
2014.10.24 08:50:51.565,6.57172,6.57315,1.50,1.00
2014.10.24 08:51:01.257,6.57172,6.57328,1.50,1.50
2014.10.24 08:51:02.390,6.57172,6.57317,1.50,1.00
2014.10.24 08:51:02.547,6.57167,6.57317,1.00,1.00
2014.10.24 08:51:03.427,6.57172,6.57318,1.50,1.00
2014.10.24 08:51:13.446,6.57167,6.57318,1.00,1.00
2014.10.24 08:51:15.336,6.57167,6.57315,1.00,1.00
2014.10.24 08:51:23.766,6.57167,6.57303,1.00,1.30
2014.10.24 08:51:24.888,6.57149,6.57303,1.00,1.30
2014.10.24 08:51:33.876,6.57149,6.57298,1.00,1.00
2014.10.24 08:51:38.076,6.57149,6.57302,1.00,1.00
2014.10.24 08:51:38.956,6.57149,6.57297,1.00,1.00
2014.10.24 08:51:39.138,6.57149,6.57302,1.00,1.00
2014.10.24 08:51:53.188,6.57145,6.57302,1.00,1.00
2014.10.24 08:51:53.239,6.57148,6.57302,1.30,1.00
2014.10.24 08:51:53.290,6.57155,6.57317,1.00,1.00
2014.10.24 08:51:53.341,6.57173,6.57318,1.30,1.00
2014.10.24 08:51:53.442,6.57173,6.57333,1.30,1.00
2014.10.24 08:51:53.656,6.57173,6.57327,1.30,1.00
2014.10.24 08:51:54.218,6.57173,6.57328,1.30,1.00
2014.10.24 08:51:54.635,6.5718,6.57328,1.00,1.00
2014.10.24 08:52:00.168,6.5718,6.57332,1.00,1.50
2014.10.24 08:52:00.805,6.5718,6.57328,1.00,1.00
2014.10.24 08:52:02.170,6.5718,6.57332,1.00,1.00
2014.10.24 08:52:03.902,6.5718,6.57332,1.00,1.69
2014.10.24 08:52:05.910,6.5718,6.57332,1.00,1.19
2014.10.24 08:52:06.720,6.57173,6.57346,1.30,1.00
2014.10.24 08:52:06.771,6.57194,6.57346,1.30,1.00
2014.10.24 08:52:06.822,6.57194,6.57363,1.30,1.00
2014.10.24 08:52:06.873,6.57219,6.57363,1.30,1.00
2014.10.24 08:52:06.924,6.57223,6.57387,1.00,1.19
2014.10.24 08:52:07.178,6.57246,6.57387,1.30,1.19
2014.10.24 08:52:07.229,6.57246,6.574,1.30,1.00
2014.10.24 08:52:07.280,6.57246,6.57413,1.30,1.00
2014.10.24 08:52:07.584,6.57246,6.57405,1.30,1.00
2014.10.24 08:52:07.817,6.57246,6.57408,1.30,1.00
2014.10.24 08:52:08.248,6.57246,6.57413,1.30,1.00
2014.10.24 08:52:08.850,6.5725,6.57407,1.00,1.00
2014.10.24 08:52:09.154,6.5725,6.57392,1.00,1.00
2014.10.24 08:52:09.659,6.5725,6.57391,1.00,1.19
2014.10.24 08:52:09.964,6.57231,6.57368,1.00,1.19
2014.10.24 08:52:10.277,6.57231,6.57357,1.00,1.50
2014.10.24 08:52:10.439,6.57231,6.57366,1.00,1.49
2014.10.24 08:52:11.556,6.57231,6.57366,1.00,1.30
2014.10.24 08:52:11.607,6.57231,6.57387,1.00,1.69
2014.10.24 08:52:12.229,6.57216,6.57364,1.00,1.00
2014.10.24 08:52:12.934,6.57214,6.57364,1.00,1.00
2014.10.24 08:52:13.509,6.57209,6.57364,1.30,1.00
2014.10.24 08:52:13.812,6.57196,6.57363,1.00,1.00
2014.10.24 08:52:13.926,6.57188,6.57363,1.00,1.50
2014.10.24 08:52:15.025,6.57186,6.57345,1.30,1.00
2014.10.24 08:52:16.326,6.57182,6.57338,1.00,1.00
2014.10.24 08:52:16.377,6.57174,6.57338,1.00,2.25
2014.10.24 08:52:16.580,6.57169,6.57338,1.00,2.25
2014.10.24 08:52:18.329,6.57161,6.57323,1.30,1.00
2014.10.24 08:52:20.537,6.57186,6.57323,1.00,1.00
2014.10.24 08:52:20.740,6.57207,6.57358,1.30,1.50
2014.10.24 08:52:20.791,6.57216,6.57358,1.00,1.50
2014.10.24 08:52:21.096,6.57231,6.57368,1.30,1.00
2014.10.24 08:52:21.197,6.57231,6.57378,1.30,1.00
2014.10.24 08:52:21.715,6.57231,6.57377,1.30,1.00
2014.10.24 08:52:22.175,6.57231,6.57368,1.30,1.00
2014.10.24 08:52:22.598,6.57232,6.57392,1.00,1.00
2014.10.24 08:52:22.649,6.57231,6.57378,1.30,1.50
2014.10.24 08:52:22.751,6.57209,6.57378,1.30,1.50
2014.10.24 08:52:22.801,6.57209,6.57369,1.30,1.00
2014.10.24 08:52:23.156,6.57212,6.57376,1.00,1.00
2014.10.24 08:52:23.207,6.57212,6.57388,1.00,1.50
2014.10.24 08:52:23.724,6.57213,6.57388,1.00,1.00
2014.10.24 08:52:25.365,6.57212,6.57388,1.00,1.00
2014.10.24 08:52:25.841,6.57233,6.57388,1.00,1.00
2014.10.24 08:52:27.685,6.57231,6.57388,1.30,1.00
2014.10.24 08:52:27.939,6.57216,6.57388,1.00,1.00
2014.10.24 08:52:30.105,6.57257,6.57388,1.00,1.00
2014.10.24 08:52:30.409,6.57277,6.57411,1.00,1.19
2014.10.24 08:52:30.460,6.57278,6.57433,1.00,1.00
2014.10.24 08:52:31.001,6.57277,6.57434,1.00,1.00
2014.10.24 08:52:31.260,6.57277,6.57427,1.00,1.00
2014.10.24 08:52:31.480,6.57277,6.57434,1.00,1.00
2014.10.24 08:52:31.592,6.57277,6.57432,1.00,1.00
2014.10.24 08:52:32.165,6.57276,6.57432,1.00,1.00
2014.10.24 08:52:32.425,6.57261,6.57432,1.30,1.00
2014.10.24 08:52:33.606,6.57261,6.57411,1.30,1.00
2014.10.24 08:52:41.416,6.57253,6.57411,1.00,1.00
2014.10.24 08:52:41.544,6.57249,6.57411,1.00,1.00
2014.10.24 08:52:43.192,6.5724,6.57411,1.00,1.00
2014.10.24 08:52:43.294,6.5724,6.57408,1.00,1.00
2014.10.24 08:52:43.604,6.57235,6.57398,1.00,1.19
2014.10.24 08:52:44.255,6.57217,6.57393,1.72,1.00
2014.10.24 08:52:44.306,6.57217,6.57391,1.72,1.00
2014.10.24 08:52:44.612,6.57217,6.57384,1.72,1.00
2014.10.24 08:52:45.165,6.57217,6.57383,1.72,1.00
2014.10.24 08:52:45.554,6.57217,6.57373,1.30,1.00
2014.10.24 08:52:49.723,6.57217,6.57373,1.30,1.19
2014.10.24 08:52:50.543,6.57202,6.57373,1.00,1.19
2014.10.24 08:52:50.923,6.57198,6.57365,1.30,1.00
2014.10.24 08:52:50.975,6.57197,6.57356,1.00,1.30
2014.10.24 08:52:51.077,6.5718,6.57353,1.00,1.00
2014.10.24 08:52:51.465,6.57191,6.57353,1.00,1.00
2014.10.24 08:52:52.074,6.57196,6.57353,1.30,1.00
2014.10.24 08:52:52.798,6.57182,6.57353,1.00,1.00
2014.10.24 08:52:59.274,6.57188,6.57353,1.00,1.00
2014.10.24 08:53:00.539,6.57196,6.57353,1.30,1.00
2014.10.24 08:53:00.856,6.57201,6.57353,1.00,1.00
2014.10.24 08:53:01.644,6.57211,6.57353,1.00,1.00
2014.10.24 08:53:01.958,6.57217,6.57353,1.00,1.00
2014.10.24 08:53:02.211,6.57243,6.57413,1.00,1.19
2014.10.24 08:53:02.955,6.57243,6.57398,1.00,1.00
2014.10.24 08:53:03.345,6.5724,6.57398,1.00,1.00
2014.10.24 08:53:03.867,6.57245,6.57398,1.00,1.50
2014.10.24 08:53:04.437,6.5724,6.57398,1.00,1.50
2014.10.24 08:53:04.539,6.57237,6.57398,1.30,1.50
2014.10.24 08:53:04.966,6.5724,6.57398,1.00,1.50
2014.10.24 08:53:05.118,6.57222,6.57388,1.00,1.30
2014.10.24 08:53:05.169,6.57219,6.57375,1.00,1.00
2014.10.24 08:53:05.221,6.57206,6.57375,1.30,1.19
2014.10.24 08:53:05.322,6.57206,6.57367,1.30,1.00
2014.10.24 08:53:05.373,6.57199,6.57365,1.00,1.30
2014.10.24 08:53:05.531,6.57203,6.57365,1.00,1.30
2014.10.24 08:53:06.468,6.57201,6.57365,1.00,1.30
2014.10.24 08:53:07.384,6.57202,6.57365,1.00,1.30
2014.10.24 08:53:07.485,6.57206,6.57367,1.30,1.00
2014.10.24 08:53:08.515,6.57207,6.57367,1.00,1.00
2014.10.24 08:53:08.827,6.57228,6.57367,1.00,1.00
2014.10.24 08:53:09.037,6.57228,6.57386,1.00,1.19
2014.10.24 08:53:09.614,6.57244,6.57387,1.00,1.00
2014.10.24 08:53:10.604,6.5725,6.57387,1.00,1.00
2014.10.24 08:53:11.200,6.5725,6.574,1.00,1.00
2014.10.24 08:53:11.374,6.57244,6.57401,1.00,1.00
2014.10.24 08:53:13.635,6.57249,6.57401,1.00,1.00
2014.10.24 08:53:14.454,6.57254,6.57401,1.00,1.00
2014.10.24 08:53:14.758,6.57281,6.57428,1.00,1.00
2014.10.24 08:53:14.990,6.57275,6.57423,1.00,1.00
2014.10.24 08:53:15.092,6.57267,6.57423,1.30,1.00
2014.10.24 08:53:15.193,6.57267,6.57415,1.30,1.00
2014.10.24 08:53:17.639,6.57267,6.57423,1.30,1.00
2014.10.24 08:53:17.944,6.57275,6.57423,1.00,1.00
2014.10.24 08:53:18.825,6.5728,6.57423,1.00,1.00
2014.10.24 08:53:20.804,6.57275,6.57423,1.00,1.00
2014.10.24 08:53:21.026,6.57267,6.57423,1.30,1.00
2014.10.24 08:53:26.689,6.57255,6.57423,1.00,1.00
2014.10.24 08:53:27.515,6.57259,6.57423,1.00,1.00
2014.10.24 08:53:27.865,6.57259,6.57416,1.00,1.00
2014.10.24 08:53:31.475,6.57266,6.57416,1.00,1.00
2014.10.24 08:53:33.116,6.57269,6.57416,1.30,1.00
2014.10.24 08:53:33.218,6.5727,6.57423,1.00,1.00
2014.10.24 08:53:33.269,6.57275,6.57423,1.00,1.00
2014.10.24 08:53:33.684,6.57288,6.57423,1.00,1.00
2014.10.24 08:53:33.923,6.5728,6.57423,1.00,1.00
2014.10.24 08:53:34.124,6.5727,6.57423,1.00,1.00
2014.10.24 08:53:34.493,6.57267,6.57423,1.00,1.00
2014.10.24 08:53:35.103,6.57272,6.57423,1.00,1.00
2014.10.24 08:53:35.435,6.57282,6.57423,1.00,1.00
2014.10.24 08:53:36.652,6.57272,6.57423,1.00,1.00
2014.10.24 08:53:36.757,6.57265,6.57423,1.00,1.00
2014.10.24 08:53:37.217,6.57257,6.57423,1.00,1.00
2014.10.24 08:53:37.426,6.57267,6.57423,1.00,1.00
2014.10.24 08:53:38.341,6.57263,6.57423,1.00,1.00
2014.10.24 08:53:38.493,6.57263,6.57405,1.00,1.00
2014.10.24 08:53:39.754,6.57265,6.57405,1.00,1.00
2014.10.24 08:53:40.058,6.57265,6.57423,1.00,1.00
2014.10.24 08:53:40.210,6.57274,6.57423,1.30,1.00
2014.10.24 08:53:40.563,6.57287,6.57423,1.00,1.00
2014.10.24 08:53:41.296,6.57276,6.57423,1.00,1.00
2014.10.24 08:53:41.347,6.57276,6.57428,1.00,1.00
2014.10.24 08:53:41.399,6.57299,6.57428,1.00,1.00
2014.10.24 08:53:41.501,6.57299,6.57442,1.00,1.00
2014.10.24 08:53:41.552,6.57314,6.57442,1.30,1.00
2014.10.24 08:53:41.604,6.57314,6.57454,1.30,1.00
2014.10.24 08:53:41.756,6.57324,6.57454,1.00,1.00
2014.10.24 08:53:41.807,6.57324,6.57474,1.00,1.00
2014.10.24 08:53:42.059,6.57324,6.57486,1.00,1.19
2014.10.24 08:53:43.167,6.57329,6.57486,1.00,1.19
2014.10.24 08:53:43.564,6.57329,6.57483,1.00,1.00
2014.10.24 08:53:44.024,6.57314,6.57483,1.30,1.00
2014.10.24 08:53:44.126,6.57314,6.57477,1.30,1.00
2014.10.24 08:53:44.177,6.57307,6.57476,1.00,1.30
2014.10.24 08:53:44.228,6.57303,6.57462,1.00,1.00
2014.10.24 08:53:44.684,6.57303,6.57457,1.00,1.00
2014.10.24 08:53:45.535,6.57303,6.5746,1.00,1.00
2014.10.24 08:53:46.113,6.57301,6.57448,1.00,1.00
2014.10.24 08:53:47.103,6.57293,6.57438,1.30,1.00
2014.10.24 08:53:52.467,6.57287,6.57438,1.00,1.00
2014.10.24 08:53:53.569,6.57289,6.57438,1.30,1.00
2014.10.24 08:53:54.564,6.57289,6.57443,1.30,1.00
2014.10.24 08:53:54.775,6.57289,6.57438,1.30,1.00
2014.10.24 08:53:55.453,6.57289,6.57437,1.30,1.00
2014.10.24 08:53:56.114,6.57289,6.57438,1.30,1.00
2014.10.24 08:53:58.004,6.57289,6.57429,1.30,1.00
2014.10.24 08:54:00.514,6.57297,6.57429,1.00,1.00
2014.10.24 08:54:01.224,6.57289,6.57429,1.30,1.00
2014.10.24 08:54:02.653,6.57326,6.57429,1.00,1.00
2014.10.24 08:54:02.704,6.57326,6.57458,1.00,1.00
2014.10.24 08:54:02.856,6.5735,6.57482,1.00,1.00
2014.10.24 08:54:02.957,6.5735,6.57496,1.00,1.00
2014.10.24 08:54:03.063,6.57354,6.57484,1.00,1.00
2014.10.24 08:54:03.940,6.57356,6.57484,1.00,1.00
2014.10.24 08:54:04.042,6.57356,6.57495,1.00,1.00
2014.10.24 08:54:04.143,6.57363,6.57495,1.00,1.00
2014.10.24 08:54:04.940,6.57365,6.57495,1.30,1.00
2014.10.24 08:54:05.955,6.57367,6.57495,1.00,1.00
2014.10.24 08:54:06.260,6.57393,6.57514,1.00,1.00
2014.10.24 08:54:06.505,6.57389,6.57514,1.00,1.00
2014.10.24 08:54:06.606,6.57374,6.57514,1.00,1.00
2014.10.24 08:54:06.708,6.57371,6.57514,1.00,1.00
2014.10.24 08:54:06.759,6.57371,6.57518,1.00,1.00
2014.10.24 08:54:06.911,6.57365,6.57507,1.00,1.00
2014.10.24 08:54:07.415,6.57364,6.57506,1.30,1.00
2014.10.24 08:54:07.815,6.57374,6.57507,1.00,1.00
2014.10.24 08:54:07.917,6.57371,6.57509,1.00,1.00
2014.10.24 08:54:08.019,6.57364,6.57509,1.30,1.00
2014.10.24 08:54:08.273,6.57353,6.57509,1.00,1.00
2014.10.24 08:54:08.324,6.57349,6.57492,1.00,1.00
2014.10.24 08:54:08.476,6.57343,6.57492,1.00,1.00
2014.10.24 08:54:08.527,6.57343,6.57506,1.00,1.00
2014.10.24 08:54:08.628,6.57343,6.57483,1.00,1.00
2014.10.24 08:54:09.544,6.57343,6.57495,1.00,1.00
2014.10.24 08:54:09.645,6.57343,6.57483,1.00,1.00
2014.10.24 08:54:09.798,6.57338,6.57483,1.30,1.00
2014.10.24 08:54:11.220,6.57345,6.57483,1.00,1.00
2014.10.24 08:54:11.538,6.57353,6.57483,1.00,1.00
2014.10.24 08:54:11.640,6.57353,6.57502,1.00,1.00
2014.10.24 08:54:11.742,6.57345,6.57502,1.00,1.00
2014.10.24 08:54:12.083,6.57345,6.57496,1.00,1.00
2014.10.24 08:54:12.465,6.57349,6.57496,1.00,1.00
2014.10.24 08:54:12.639,6.57345,6.57496,1.00,1.00
2014.10.24 08:54:13.019,6.57345,6.57481,1.00,1.00
2014.10.24 08:54:13.467,6.57345,6.57496,1.00,1.00
2014.10.24 08:54:13.518,6.5735,6.57496,1.00,1.00
2014.10.24 08:54:13.620,6.5735,6.57502,1.00,1.00
2014.10.24 08:54:14.609,6.57346,6.57502,1.00,1.00
2014.10.24 08:54:14.974,6.5735,6.57502,1.00,1.00
2014.10.24 08:54:15.176,6.57326,6.57492,1.00,1.00
2014.10.24 08:54:15.227,6.57318,6.57483,1.00,1.00
2014.10.24 08:54:15.379,6.57313,6.57483,1.30,1.00
2014.10.24 08:54:15.901,6.57313,6.57463,1.30,1.00
2014.10.24 08:54:17.926,6.57321,6.57463,1.00,1.00
2014.10.24 08:54:18.245,6.57332,6.57463,1.00,1.00
2014.10.24 08:54:18.772,6.57322,6.57463,1.00,1.00
2014.10.24 08:54:18.985,6.57313,6.57463,1.30,1.00
2014.10.24 08:54:19.375,6.57315,6.57463,1.00,1.00
2014.10.24 08:54:19.873,6.57321,6.57463,1.00,1.00
2014.10.24 08:54:20.025,6.57313,6.57463,1.30,1.00
2014.10.24 08:54:20.356,6.5732,6.57463,1.00,1.00
2014.10.24 08:54:20.457,6.57313,6.57463,1.72,1.00
2014.10.24 08:54:20.693,6.57315,6.57463,1.00,1.00
2014.10.24 08:54:21.007,6.57324,6.57463,1.00,1.00
2014.10.24 08:54:21.323,6.57326,6.57463,1.00,1.00
2014.10.24 08:54:22.992,6.57343,6.57463,1.50,1.00
2014.10.24 08:54:24.108,6.57372,6.57463,1.50,1.00
2014.10.24 08:54:24.159,6.57372,6.57486,1.50,1.00
2014.10.24 08:54:24.261,6.57372,6.57504,1.50,1.19
2014.10.24 08:54:24.464,6.57372,6.57509,1.50,1.00
2014.10.24 08:54:24.515,6.57372,6.57517,1.50,1.00
2014.10.24 08:54:24.566,6.57392,6.57517,1.50,1.00
2014.10.24 08:54:24.617,6.57392,6.57528,1.50,1.00
2014.10.24 08:54:24.838,6.57392,6.57532,1.50,1.25
2014.10.24 08:54:24.994,6.57382,6.57532,1.50,1.25
2014.10.24 08:54:25.045,6.57382,6.5753,1.50,1.00
2014.10.24 08:54:25.581,6.57382,6.57524,1.50,1.00
2014.10.24 08:54:26.444,6.57382,6.57524,1.50,1.19
2014.10.24 08:54:28.008,6.57391,6.57524,1.30,1.19
2014.10.24 08:54:28.312,6.57402,6.57532,1.50,1.19
2014.10.24 08:54:28.464,6.57432,6.5757,1.50,1.19
2014.10.24 08:54:28.566,6.57442,6.57572,1.50,1.00
2014.10.24 08:54:28.668,6.57442,6.57577,1.50,1.00
2014.10.24 08:54:28.719,6.57442,6.57584,1.50,1.25
2014.10.24 08:54:29.444,6.57442,6.57583,1.50,1.00
2014.10.24 08:54:29.578,6.57438,6.57567,1.30,1.19
2014.10.24 08:54:30.608,6.57432,6.57567,1.50,1.19
2014.10.24 08:54:34.375,6.57422,6.57555,1.50,1.25
2014.10.24 08:54:34.426,6.57422,6.57541,1.50,1.19
2014.10.24 08:54:34.594,6.57412,6.57541,1.50,1.19
2014.10.24 08:54:36.387,6.57412,6.57543,1.50,1.19
2014.10.24 08:54:37.504,6.57392,6.57543,1.50,1.56
2014.10.24 08:54:37.720,6.57385,6.57523,1.30,1.00
2014.10.24 08:54:37.771,6.57365,6.57523,1.30,1.00
2014.10.24 08:54:37.822,6.57362,6.57521,1.50,1.00
2014.10.24 08:54:38.183,6.57362,6.57523,1.50,1.50
2014.10.24 08:54:38.234,6.57382,6.57523,1.50,1.50
2014.10.24 08:54:38.553,6.57412,6.57534,1.50,1.00
2014.10.24 08:54:40.104,6.57413,6.57534,1.50,1.00
2014.10.24 08:54:40.435,6.57422,6.57534,1.50,1.00
2014.10.24 08:54:40.537,6.57422,6.57556,1.50,1.19
2014.10.24 08:54:40.652,6.57422,6.57562,1.50,1.19
2014.10.24 08:54:41.864,6.57402,6.57561,1.50,1.19
2014.10.24 08:54:42.304,6.57393,6.57551,1.00,1.19
2014.10.24 08:54:42.456,6.57393,6.57545,1.00,1.00
2014.10.24 08:54:42.760,6.57392,6.57519,1.50,1.19
2014.10.24 08:54:43.502,6.57382,6.57521,1.50,1.19
2014.10.24 08:54:44.830,6.57382,6.57516,1.50,1.19
2014.10.24 08:54:46.033,6.57392,6.57516,1.50,1.19
2014.10.24 08:54:46.337,6.57392,6.57526,1.50,1.00
2014.10.24 08:54:52.087,6.57402,6.57526,1.50,1.00
2014.10.24 08:54:52.189,6.57402,6.57543,1.50,1.19
2014.10.24 08:54:52.311,6.57432,6.57543,1.50,1.19
2014.10.24 08:54:52.362,6.57432,6.57568,1.50,1.19
2014.10.24 08:54:54.004,6.57422,6.57568,1.50,1.19
2014.10.24 08:54:54.265,6.57422,6.57569,1.50,1.19
2014.10.24 08:54:56.621,6.57422,6.57565,1.50,1.19
2014.10.24 08:54:57.825,6.57422,6.57565,1.50,1.00
2014.10.24 08:55:00.261,6.57432,6.57565,1.50,1.00
2014.10.24 08:55:01.354,6.57432,6.57566,1.50,1.00
2014.10.24 08:55:01.702,6.57432,6.57568,1.50,1.00
2014.10.24 08:55:01.763,6.57422,6.57568,1.50,1.00
2014.10.24 08:55:06.415,6.57422,6.57567,1.50,1.00
2014.10.24 08:55:06.537,6.57415,6.57567,1.30,1.00
2014.10.24 08:55:06.588,6.57415,6.57551,1.30,1.00
2014.10.24 08:55:06.639,6.57402,6.57551,1.50,1.00
2014.10.24 08:55:06.740,6.57422,6.57551,1.50,1.00
2014.10.24 08:55:07.163,6.57403,6.57551,1.50,1.00
2014.10.24 08:55:07.879,6.57408,6.57555,1.00,1.00
2014.10.24 08:55:08.629,6.57408,6.57538,1.00,1.00
2014.10.24 08:55:08.932,6.57408,6.57532,1.00,1.00
2014.10.24 08:55:09.388,6.57408,6.57544,1.00,1.00
2014.10.24 08:55:09.591,6.57412,6.57556,1.50,1.00
2014.10.24 08:55:11.184,6.57412,6.57548,1.50,1.00
2014.10.24 08:55:11.337,6.57408,6.57548,1.00,1.00
2014.10.24 08:55:11.446,6.57408,6.57538,1.00,1.00
2014.10.24 08:55:12.285,6.57408,6.57543,1.00,1.00
2014.10.24 08:55:12.593,6.57408,6.57548,1.00,1.00
2014.10.24 08:55:12.644,6.57408,6.57557,1.00,1.00
2014.10.24 08:55:13.381,6.57408,6.57558,1.00,1.25
2014.10.24 08:55:14.652,6.57408,6.5756,1.00,1.00
2014.10.24 08:55:15.353,6.57409,6.5756,1.30,1.00
2014.10.24 08:55:15.455,6.57408,6.57557,1.00,1.00
2014.10.24 08:55:16.212,6.57408,6.57556,1.00,1.00
2014.10.24 08:55:16.547,6.57408,6.57545,1.00,1.00
2014.10.24 08:55:16.884,6.57408,6.57538,1.00,1.00
2014.10.24 08:55:17.234,6.57408,6.5753,1.00,1.00
2014.10.24 08:55:18.680,6.5739,6.5753,1.00,1.00
2014.10.24 08:55:20.497,6.5739,6.57525,1.00,1.00
2014.10.24 08:55:20.825,6.5739,6.57528,1.00,1.00
2014.10.24 08:55:21.193,6.5739,6.5753,1.00,1.00
2014.10.24 08:55:21.724,6.57392,6.57538,1.50,1.00
2014.10.24 08:55:21.839,6.57393,6.57549,1.00,1.00
2014.10.24 08:55:21.941,6.57393,6.57552,1.00,1.00
2014.10.24 08:55:22.043,6.57402,6.57552,1.50,1.00
2014.10.24 08:55:22.360,6.57406,6.57552,1.00,1.00
2014.10.24 08:55:22.665,6.57419,6.57562,1.00,1.00
2014.10.24 08:55:22.715,6.57419,6.57571,1.00,1.19
2014.10.24 08:55:22.766,6.57419,6.57571,1.00,1.00
2014.10.24 08:55:22.918,6.57419,6.57585,1.00,1.00
2014.10.24 08:55:23.020,6.57419,6.57587,1.00,1.00
2014.10.24 08:55:23.586,6.57419,6.57588,1.00,1.00
2014.10.24 08:55:23.762,6.57435,6.57588,1.30,1.00
2014.10.24 08:55:24.273,6.57435,6.57587,1.30,1.00
2014.10.24 08:55:24.764,6.57435,6.5759,1.30,1.00
2014.10.24 08:55:24.916,6.57449,6.57593,1.00,1.00
2014.10.24 08:55:24.967,6.57449,6.57614,1.00,1.00
2014.10.24 08:55:25.018,6.57452,6.5762,1.50,1.00
2014.10.24 08:55:25.069,6.57462,6.57618,1.00,1.00
2014.10.24 08:55:25.271,6.5745,6.57619,1.00,1.00
2014.10.24 08:55:25.373,6.57459,6.57619,1.30,1.00
2014.10.24 08:55:25.702,6.57461,6.57607,1.00,1.00
2014.10.24 08:55:27.403,6.57461,6.57608,1.00,1.00
2014.10.24 08:55:27.707,6.57485,6.57608,1.00,1.00
2014.10.24 08:55:29.153,6.57485,6.57616,1.00,1.00
2014.10.24 08:55:29.305,6.57485,6.57599,1.00,1.00
2014.10.24 08:55:29.458,6.57462,6.57583,1.00,1.00
2014.10.24 08:55:29.509,6.57462,6.57585,1.00,1.00
2014.10.24 08:55:29.661,6.57462,6.57578,1.00,1.00
2014.10.24 08:55:29.832,6.57434,6.5758,1.16,1.00
2014.10.24 08:55:29.942,6.57434,6.57577,1.16,1.00
2014.10.24 08:55:30.272,6.57445,6.57578,1.00,1.00
2014.10.24 08:55:30.533,6.57445,6.5758,1.00,1.00
2014.10.24 08:55:30.635,6.57445,6.57583,1.00,1.00
2014.10.24 08:55:30.945,6.57445,6.57599,1.00,1.00
2014.10.24 08:55:31.644,6.57445,6.57597,1.00,1.00
2014.10.24 08:55:33.057,6.57445,6.57593,1.00,1.00
2014.10.24 08:55:33.392,6.57445,6.57591,1.00,1.00
2014.10.24 08:55:33.572,6.57445,6.57599,1.00,1.00
2014.10.24 08:55:37.234,6.57445,6.57596,1.00,1.00
2014.10.24 08:55:37.642,6.57445,6.57591,1.00,1.00
2014.10.24 08:55:37.795,6.57445,6.57597,1.00,1.50
2014.10.24 08:55:38.020,6.57445,6.57592,1.00,1.00
2014.10.24 08:55:38.342,6.57445,6.57587,1.00,1.00
2014.10.24 08:55:38.663,6.57445,6.57616,1.00,1.75
2014.10.24 08:55:38.714,6.57469,6.57616,1.00,1.75
2014.10.24 08:55:38.765,6.57469,6.57616,1.00,1.00
2014.10.24 08:55:38.950,6.57453,6.57623,1.00,1.56
2014.10.24 08:55:39.002,6.57453,6.57623,1.00,1.94
2014.10.24 08:55:39.343,6.57477,6.57623,1.00,2.44
2014.10.24 08:55:40.357,6.57477,6.57623,1.00,1.50
2014.10.24 08:55:40.909,6.57487,6.57623,1.00,1.00
2014.10.24 08:55:45.032,6.57487,6.57617,1.00,1.00
2014.10.24 08:55:45.336,6.57507,6.57615,1.00,1.00
2014.10.24 08:55:45.488,6.57507,6.57629,1.00,1.00
2014.10.24 08:55:45.589,6.57507,6.57635,1.00,1.19
2014.10.24 08:55:45.741,6.57503,6.57642,1.50,1.19
2014.10.24 08:55:46.378,6.57531,6.57646,1.00,1.19
2014.10.24 08:55:46.621,6.57514,6.57647,1.00,1.00
2014.10.24 08:55:46.673,6.57514,6.57653,1.00,1.00
2014.10.24 08:55:46.927,6.57514,6.57662,1.00,1.19
2014.10.24 08:55:46.979,6.5754,6.57662,1.00,1.19
2014.10.24 08:55:48.661,6.5754,6.57671,1.00,1.00
2014.10.24 08:55:51.722,6.5754,6.57668,1.00,1.00
2014.10.24 08:55:54.046,6.5754,6.57687,1.00,1.19
2014.10.24 08:55:55.143,6.5754,6.57686,1.00,1.00
2014.10.24 08:55:56.263,6.5754,6.57692,1.00,1.00
2014.10.24 08:55:56.465,6.5754,6.57674,1.00,1.00
2014.10.24 08:55:58.344,6.5754,6.57682,1.00,1.00
2014.10.24 08:55:59.182,6.57542,6.57682,1.50,1.00
2014.10.24 08:55:59.523,6.5754,6.57682,1.00,1.00
2014.10.24 08:56:00.643,6.5754,6.57661,1.00,1.00
2014.10.24 08:56:00.896,6.5754,6.57667,1.00,1.00
2014.10.24 08:56:01.071,6.5754,6.57669,1.00,1.00
2014.10.24 08:56:01.844,6.5754,6.57683,1.00,1.00
2014.10.24 08:56:02.325,6.5754,6.57698,1.00,1.19
2014.10.24 08:56:02.477,6.5756,6.57704,1.00,1.19
2014.10.24 08:56:02.579,6.57546,6.57704,1.00,1.19
2014.10.24 08:56:03.538,6.57584,6.57704,1.00,1.19
2014.10.24 08:56:03.589,6.57584,6.57714,1.00,1.00
2014.10.24 08:56:05.633,6.57584,6.57707,1.00,1.00
2014.10.24 08:56:07.682,6.57584,6.57714,1.00,1.19
2014.10.24 08:56:08.202,6.57584,6.57708,1.00,1.00
2014.10.24 08:56:09.688,6.57584,6.57708,1.00,1.19
2014.10.24 08:56:11.693,6.57584,6.57708,1.00,1.19
2014.10.24 08:56:13.027,6.57604,6.57721,1.00,1.19
2014.10.24 08:56:13.812,6.57604,6.57738,1.00,1.94
2014.10.24 08:56:13.973,6.57604,6.57738,1.00,1.19
2014.10.24 08:56:16.009,6.57604,6.57737,1.00,1.25
2014.10.24 08:56:17.022,6.57604,6.5773,1.00,1.00
2014.10.24 08:56:20.132,6.57604,6.57738,1.00,1.25
2014.10.24 08:56:25.317,6.57554,6.57738,1.30,1.25
2014.10.24 08:56:25.368,6.57554,6.57679,1.30,1.30
2014.10.24 08:56:25.672,6.57552,6.5766,1.50,1.30
2014.10.24 08:56:25.723,6.57552,6.5768,1.50,1.72
2014.10.24 08:56:26.026,6.57552,6.577,1.50,1.19
2014.10.24 08:56:27.748,6.57552,6.57709,1.50,1.49
2014.10.24 08:56:28.916,6.57542,6.57709,1.50,1.49
2014.10.24 08:56:29.871,6.57542,6.57709,1.50,1.49
2014.10.24 08:56:31.533,6.57539,6.57709,1.00,1.49
2014.10.24 08:56:31.904,6.57539,6.57704,1.00,1.19
2014.10.24 08:56:33.872,6.57539,6.57701,1.00,1.19
2014.10.24 08:56:37.635,6.57539,6.57686,1.00,1.91
2014.10.24 08:56:37.686,6.57519,6.57686,1.00,1.91
2014.10.24 08:56:37.737,6.57519,6.57686,1.00,1.16
2014.10.24 08:56:37.846,6.57519,6.57663,1.00,1.30
2014.10.24 08:56:37.905,6.57502,6.57663,1.50,1.30
2014.10.24 08:56:38.612,6.57497,6.57663,1.00,1.30
2014.10.24 08:56:38.663,6.57485,6.57643,1.00,1.30
2014.10.24 08:56:38.714,6.57482,6.57643,1.50,1.30
2014.10.24 08:56:38.815,6.57473,6.57643,1.00,1.30
2014.10.24 08:56:39.727,6.57472,6.57643,1.50,1.72
2014.10.24 08:56:43.306,6.57473,6.57643,1.50,1.72
2014.10.24 08:56:43.953,6.57467,6.57643,1.00,2.10
2014.10.24 08:56:44.004,6.57467,6.57638,1.00,1.00
2014.10.24 08:56:44.308,6.57444,6.57586,1.00,1.19
2014.10.24 08:56:44.359,6.57422,6.57586,1.50,1.19
2014.10.24 08:56:44.746,6.57432,6.57586,1.50,1.19
2014.10.24 08:56:45.465,6.57447,6.57586,1.30,1.19
2014.10.24 08:56:45.892,6.57432,6.57586,1.50,1.19
2014.10.24 08:56:46.262,6.57432,6.57579,1.50,1.19
2014.10.24 08:56:46.802,6.57432,6.57568,1.50,1.30
2014.10.24 08:56:47.171,6.57432,6.57555,1.50,1.19
2014.10.24 08:56:49.528,6.57432,6.57549,1.50,1.19
2014.10.24 08:56:50.375,6.57423,6.57546,1.50,1.49
2014.10.24 08:56:50.477,6.57412,6.57528,1.50,1.19
2014.10.24 08:56:50.791,6.57422,6.57528,1.50,1.19
2014.10.24 08:56:51.337,6.57422,6.57546,1.50,1.49
2014.10.24 08:56:52.872,6.57412,6.57546,1.50,1.49
2014.10.24 08:56:53.024,6.57423,6.57546,1.50,1.49
2014.10.24 08:56:53.343,6.57423,6.57546,1.50,1.91
2014.10.24 08:56:54.741,6.57413,6.57546,1.50,1.91
2014.10.24 08:56:55.250,6.57412,6.57546,1.50,1.91
2014.10.24 08:56:55.352,6.57412,6.57525,1.50,1.19
2014.10.24 08:56:55.453,6.57402,6.57525,1.50,1.19
2014.10.24 08:56:55.554,6.57393,6.57525,1.50,1.19
2014.10.24 08:56:56.012,6.57383,6.57525,1.50,1.19
2014.10.24 08:56:56.164,6.57383,6.57502,1.50,1.19
2014.10.24 08:56:56.317,6.57372,6.57502,1.50,1.19
2014.10.24 08:56:58.168,6.57372,6.57492,1.50,1.19
2014.10.24 08:57:00.168,6.57372,6.57491,1.50,1.19
2014.10.24 08:57:01.175,6.57382,6.57491,1.50,1.19
2014.10.24 08:57:01.479,6.57382,6.57515,1.50,1.19
2014.10.24 08:57:02.692,6.57393,6.57515,1.50,1.19
2014.10.24 08:57:03.682,6.57402,6.57524,1.50,1.19
2014.10.24 08:57:05.584,6.57402,6.57523,1.50,1.19
2014.10.24 08:57:07.689,6.57402,6.5753,1.50,1.19
2014.10.24 08:57:09.702,6.57402,6.57534,1.50,1.19
2014.10.24 08:57:10.293,6.57422,6.57534,1.50,1.19
2014.10.24 08:57:10.648,6.5738,6.5752,1.00,1.00
2014.10.24 08:57:10.699,6.5738,6.57501,1.00,1.19
2014.10.24 08:57:10.750,6.57355,6.57501,1.00,1.91
2014.10.24 08:57:10.801,6.57341,6.57501,1.00,1.91
2014.10.24 08:57:10.953,6.57332,6.57501,1.50,1.91
2014.10.24 08:57:11.717,6.57332,6.5748,1.50,1.19
2014.10.24 08:57:12.620,6.57422,6.57493,1.50,1.00
2014.10.24 08:57:12.874,6.57422,6.57505,1.50,1.19
2014.10.24 08:57:12.925,6.57412,6.57505,1.50,1.19
2014.10.24 08:57:13.749,6.57412,6.57523,1.50,1.19
2014.10.24 08:57:14.901,6.57392,6.57523,1.50,1.19
2014.10.24 08:57:15.715,6.57392,6.57527,1.50,1.19
2014.10.24 08:57:17.132,6.57402,6.57527,1.50,1.19
2014.10.24 08:57:17.721,6.57402,6.57539,1.50,1.19
2014.10.24 08:57:20.127,6.57402,6.5754,1.50,1.19
2014.10.24 08:57:24.142,6.57402,6.5754,1.50,1.19
2014.10.24 08:57:26.152,6.57402,6.5754,1.50,1.19
2014.10.24 08:57:27.892,6.57442,6.5754,1.50,1.00
2014.10.24 08:57:27.943,6.57442,6.57557,1.50,1.00
2014.10.24 08:57:27.994,6.57442,6.57568,1.50,1.19
2014.10.24 08:57:28.902,6.57432,6.57574,1.50,1.19
2014.10.24 08:57:29.114,6.57422,6.57568,1.50,1.49
2014.10.24 08:57:29.165,6.57422,6.57558,1.50,1.00
2014.10.24 08:57:29.381,6.57422,6.57568,1.50,1.91
2014.10.24 08:57:29.432,6.57406,6.57568,1.00,1.91
2014.10.24 08:57:29.483,6.57406,6.57558,1.00,1.00
2014.10.24 08:57:29.905,6.57406,6.57552,1.00,1.19
2014.10.24 08:57:31.452,6.57362,6.57544,2.47,1.49
2014.10.24 08:57:31.806,6.57364,6.5754,1.00,1.25
2014.10.24 08:57:32.363,6.57364,6.57532,1.00,1.19
2014.10.24 08:57:33.821,6.57373,6.57532,1.50,1.19
2014.10.24 08:57:34.124,6.57391,6.57528,1.30,1.19
2014.10.24 08:57:34.580,6.57391,6.5754,1.30,1.19
2014.10.24 08:57:35.935,6.57422,6.5754,1.50,1.19
2014.10.24 08:57:36.889,6.57422,6.57558,1.50,1.00
2014.10.24 08:57:38.519,6.57422,6.57568,1.50,1.00
2014.10.24 08:57:39.670,6.57423,6.57568,1.50,1.00
2014.10.24 08:57:42.909,6.57423,6.57568,1.50,1.19
2014.10.24 08:57:44.069,6.57422,6.57568,1.50,1.19
2014.10.24 08:57:44.918,6.57422,6.5757,1.50,1.19
2014.10.24 08:57:46.240,6.57437,6.5757,1.30,1.19
2014.10.24 08:57:47.126,6.57437,6.57578,1.30,1.19
2014.10.24 08:57:47.921,6.57463,6.57585,1.50,1.69
2014.10.24 08:57:47.972,6.57463,6.57585,1.50,1.00
2014.10.24 08:57:48.124,6.57463,6.57598,1.50,1.00
2014.10.24 08:57:51.120,6.57456,6.57598,1.30,1.00
2014.10.24 08:57:52.110,6.57456,6.57608,1.30,1.19
2014.10.24 08:57:52.675,6.57456,6.57602,1.30,1.00
2014.10.24 08:57:52.726,6.57437,6.57602,1.30,1.00
2014.10.24 08:57:53.142,6.57437,6.57592,1.30,1.19
2014.10.24 08:57:55.148,6.57437,6.57588,1.30,1.19
2014.10.24 08:57:56.151,6.57437,6.57602,1.30,1.19
2014.10.24 08:57:58.074,6.57437,6.57589,1.30,1.31
2014.10.24 08:57:58.125,6.57432,6.57589,1.00,1.31
2014.10.24 08:57:58.176,6.57409,6.57566,1.30,1.19
2014.10.24 08:57:58.366,6.57389,6.57555,1.30,1.19
2014.10.24 08:57:58.569,6.57389,6.57548,1.30,1.00
2014.10.24 08:57:58.873,6.57372,6.57536,1.50,1.00
2014.10.24 08:57:58.924,6.57369,6.57536,1.30,1.00
2014.10.24 08:57:59.477,6.57374,6.57536,1.00,1.50
2014.10.24 08:58:00.198,6.57374,6.57536,1.00,1.19
2014.10.24 08:58:02.181,6.57374,6.57536,1.00,1.19
2014.10.24 08:58:02.354,6.57369,6.5753,1.30,1.19
2014.10.24 08:58:02.455,6.57354,6.57528,1.00,1.19
2014.10.24 08:58:02.506,6.57354,6.5752,1.00,1.00
2014.10.24 08:58:02.557,6.57349,6.5752,1.30,1.00
2014.10.24 08:58:03.640,6.57382,6.5752,1.00,1.00
2014.10.24 08:58:03.742,6.57368,6.5752,1.30,1.00
2014.10.24 08:58:03.845,6.57357,6.57499,1.00,1.30
2014.10.24 08:58:03.997,6.57352,6.57495,1.50,1.00
2014.10.24 08:58:04.655,6.57337,6.57495,1.30,1.00
2014.10.24 08:58:04.706,6.57337,6.57495,1.30,1.37
2014.10.24 08:58:04.757,6.57316,6.57484,1.30,1.19
2014.10.24 08:58:04.961,6.57302,6.57479,1.50,1.49
2014.10.24 08:58:05.265,6.57302,6.57465,1.50,1.00
2014.10.24 08:58:08.461,6.57327,6.57465,1.30,1.00
2014.10.24 08:58:08.683,6.57332,6.57503,1.50,1.00
2014.10.24 08:58:08.957,6.57327,6.57493,1.30,1.00
2014.10.24 08:58:09.301,6.57327,6.5749,1.30,1.00
2014.10.24 08:58:09.605,6.57347,6.5749,1.00,1.00
2014.10.24 08:58:11.559,6.57347,6.57504,1.00,1.00
2014.10.24 08:58:15.569,6.57366,6.57504,1.30,1.00
2014.10.24 08:58:15.721,6.57366,6.57521,1.30,1.00
2014.10.24 08:58:15.849,6.57366,6.57528,1.30,1.00
2014.10.24 08:58:16.636,6.57375,6.57528,1.00,1.00
2014.10.24 08:58:17.331,6.57407,6.57528,1.00,1.00
2014.10.24 08:58:19.795,6.57407,6.57522,1.00,1.00
2014.10.24 08:58:20.394,6.57366,6.57522,1.30,1.00
2014.10.24 08:58:20.969,6.57366,6.57521,1.30,1.00
2014.10.24 08:58:21.751,6.57366,6.57522,1.30,1.00
2014.10.24 08:58:26.579,6.57366,6.57517,1.30,1.00
2014.10.24 08:58:26.847,6.57366,6.57523,1.30,1.19
2014.10.24 08:58:27.413,6.57366,6.57523,1.30,1.00
2014.10.24 08:58:27.639,6.57372,6.57523,1.50,1.00
2014.10.24 08:58:27.740,6.57366,6.57523,1.30,1.00
2014.10.24 08:58:28.589,6.57347,6.57523,1.00,1.00
2014.10.24 08:58:28.691,6.57347,6.57514,1.00,1.00
2014.10.24 08:58:28.999,6.57347,6.57508,1.00,1.00
2014.10.24 08:58:29.329,6.57347,6.57507,1.00,1.19
2014.10.24 08:58:29.532,6.57344,6.57497,1.30,1.19
2014.10.24 08:58:29.977,6.57344,6.57493,1.30,1.00
2014.10.24 08:58:30.401,6.57344,6.575,1.30,1.19
2014.10.24 08:58:31.052,6.57344,6.57492,1.30,1.00
2014.10.24 08:58:31.305,6.57344,6.575,1.30,1.69
2014.10.24 08:58:31.508,6.57344,6.57488,1.30,1.00
2014.10.24 08:58:31.609,6.57332,6.57488,1.50,1.00
2014.10.24 08:58:31.711,6.57323,6.57488,1.30,1.00
2014.10.24 08:58:31.964,6.57323,6.57478,1.30,1.00
2014.10.24 08:58:33.326,6.57323,6.57478,1.30,1.19
2014.10.24 08:58:33.478,6.57317,6.57485,1.00,1.19
2014.10.24 08:58:33.529,6.57317,6.57461,1.00,1.19
2014.10.24 08:58:33.826,6.57303,6.57461,1.30,1.19
2014.10.24 08:58:35.549,6.57303,6.57453,1.30,1.19
2014.10.24 08:58:37.542,6.57303,6.57454,1.30,1.19
2014.10.24 08:58:37.852,6.57287,6.5743,1.00,1.19
2014.10.24 08:58:37.903,6.57282,6.5743,1.30,1.19
2014.10.24 08:58:38.004,6.57259,6.5743,1.30,1.19
2014.10.24 08:58:38.422,6.57272,6.5743,1.50,1.19
2014.10.24 08:58:38.760,6.57286,6.5743,1.30,1.19
2014.10.24 08:58:38.874,6.57286,6.57448,1.30,1.25
2014.10.24 08:58:39.739,6.57292,6.57448,1.50,1.25
2014.10.24 08:58:40.144,6.57307,6.57448,1.30,1.25
2014.10.24 08:58:40.399,6.57307,6.57477,1.30,1.00
2014.10.24 08:58:40.601,6.57322,6.57489,1.50,1.49
2014.10.24 08:58:40.754,6.57312,6.57488,1.00,1.19
2014.10.24 08:58:40.856,6.57307,6.57467,1.30,1.00
2014.10.24 08:58:41.160,6.57327,6.57448,1.00,1.00
2014.10.24 08:58:41.313,6.57292,6.5744,1.50,1.30
2014.10.24 08:58:41.526,6.57292,6.57448,1.50,1.00
2014.10.24 08:58:41.582,6.57292,6.57448,1.50,1.19
2014.10.24 08:58:42.584,6.57302,6.57455,1.50,1.19
2014.10.24 08:58:42.890,6.57312,6.57455,1.50,1.19
2014.10.24 08:58:43.140,6.57309,6.57455,1.30,1.19
2014.10.24 08:58:43.681,6.57309,6.57468,1.30,1.19
2014.10.24 08:58:45.684,6.57309,6.57465,1.30,1.19
2014.10.24 08:58:47.690,6.57309,6.57468,1.30,1.19
2014.10.24 08:58:49.740,6.57309,6.57462,1.30,1.19
2014.10.24 08:58:50.255,6.57312,6.57462,1.50,1.19
2014.10.24 08:58:50.306,6.57309,6.57462,1.30,1.19
2014.10.24 08:58:52.106,6.57309,6.57459,1.30,1.19
2014.10.24 08:58:56.159,6.57309,6.57477,1.30,1.19
2014.10.24 08:58:58.751,6.57309,6.57468,1.30,1.19
2014.10.24 08:59:00.742,6.57309,6.57458,1.30,1.19
2014.10.24 08:59:02.169,6.57312,6.57458,1.50,1.19
2014.10.24 08:59:02.270,6.57309,6.57458,1.30,1.19
2014.10.24 08:59:02.887,6.57303,6.57458,2.25,1.19
2014.10.24 08:59:02.989,6.57303,6.57463,2.25,1.19
2014.10.24 08:59:07.060,6.57303,6.57458,2.25,1.19
2014.10.24 08:59:09.099,6.57303,6.57459,2.25,1.19
2014.10.24 08:59:11.071,6.57303,6.57469,1.00,1.19
2014.10.24 08:59:11.670,6.57283,6.57455,1.50,1.00
2014.10.24 08:59:11.721,6.57282,6.57441,1.30,1.19
2014.10.24 08:59:11.874,6.57258,6.57427,1.30,1.00
2014.10.24 08:59:11.925,6.57258,6.5742,1.30,1.19
2014.10.24 08:59:12.284,6.57258,6.57397,1.30,1.19
2014.10.24 08:59:12.387,6.57234,6.57397,1.30,1.19
2014.10.24 08:59:12.590,6.57234,6.57382,1.30,1.00
2014.10.24 08:59:14.710,6.57255,6.57382,1.30,1.00
2014.10.24 08:59:15.017,6.57278,6.5741,1.30,1.00
2014.10.24 08:59:21.461,6.57302,6.5743,1.50,1.50
2014.10.24 08:59:21.563,6.57278,6.5743,1.30,1.00
2014.10.24 08:59:22.460,6.57302,6.5744,1.50,1.00
2014.10.24 08:59:22.511,6.57302,6.57445,1.50,1.00
2014.10.24 08:59:22.562,6.57312,6.57445,1.50,1.00
2014.10.24 08:59:22.825,6.57312,6.57459,1.50,1.19
2014.10.24 08:59:23.079,6.57318,6.57469,1.30,1.19
2014.10.24 08:59:23.360,6.57318,6.57471,1.30,1.00
2014.10.24 08:59:23.513,6.57318,6.57455,1.30,1.30
2014.10.24 08:59:23.666,6.57287,6.57435,1.00,1.30
2014.10.24 08:59:23.718,6.57294,6.57438,1.30,1.00
2014.10.24 08:59:24.023,6.57272,6.57436,2.47,1.00
2014.10.24 08:59:25.853,6.57272,6.57418,1.30,1.00
2014.10.24 08:59:25.904,6.57263,6.57418,1.50,1.00
2014.10.24 08:59:26.057,6.57248,6.57416,1.30,1.00
2014.10.24 08:59:26.209,6.57248,6.57408,1.30,1.00
2014.10.24 08:59:26.536,6.57248,6.57406,1.30,1.00
2014.10.24 08:59:26.791,6.57232,6.57402,1.50,1.50
2014.10.24 08:59:26.944,6.57232,6.574,1.50,1.00
2014.10.24 08:59:27.328,6.57232,6.57397,1.50,1.00
2014.10.24 08:59:27.943,6.57316,6.574,2.41,1.00
2014.10.24 08:59:28.044,6.57322,6.57402,2.41,1.00
2014.10.24 08:59:28.095,6.57322,6.57414,2.41,1.72
2014.10.24 08:59:28.146,6.57318,6.57402,2.41,1.00
2014.10.24 08:59:28.247,6.5732,6.57405,2.41,1.00
2014.10.24 08:59:28.450,6.57253,6.57405,1.30,1.00
2014.10.24 08:59:29.061,6.57253,6.57405,1.30,1.87
2014.10.24 08:59:29.214,6.57238,6.57405,1.00,1.37
2014.10.24 08:59:29.366,6.57238,6.57393,1.00,1.00
2014.10.24 08:59:29.688,6.57238,6.57395,1.00,1.00
2014.10.24 08:59:30.182,6.57245,6.57392,1.30,1.00
2014.10.24 08:59:30.491,6.57238,6.57392,1.00,1.00
2014.10.24 08:59:30.593,6.57238,6.57385,1.00,1.30
2014.10.24 08:59:31.656,6.57222,6.57385,1.50,1.30
2014.10.24 08:59:33.119,6.57221,6.57385,1.00,1.30
2014.10.24 08:59:33.170,6.57221,6.57385,1.00,1.72
2014.10.24 08:59:33.475,6.57212,6.57361,1.50,1.30
2014.10.24 08:59:33.529,6.57202,6.57361,1.50,1.30
2014.10.24 08:59:34.408,6.57192,6.57361,1.50,1.30
2014.10.24 08:59:34.761,6.57189,6.57357,1.00,1.00
2014.10.24 08:59:35.078,6.57189,6.57339,1.00,1.30
2014.10.24 08:59:36.402,6.57169,6.57339,1.00,1.30
2014.10.24 08:59:36.454,6.57162,6.57339,1.50,1.30
2014.10.24 08:59:36.505,6.57158,6.57339,1.30,1.30
2014.10.24 08:59:36.556,6.57158,6.57337,1.30,1.00
2014.10.24 08:59:36.889,6.57152,6.57316,1.69,1.30
2014.10.24 08:59:37.194,6.57162,6.57316,1.50,1.30
2014.10.24 08:59:38.319,6.57162,6.57331,1.50,1.00
2014.10.24 08:59:41.550,6.57162,6.57327,1.50,1.00
2014.10.24 08:59:43.754,6.57162,6.57331,1.50,1.00
2014.10.24 08:59:45.359,6.57163,6.57331,1.00,1.00
2014.10.24 08:59:45.460,6.57186,6.57331,1.00,1.00
2014.10.24 08:59:45.670,6.57192,6.57339,1.50,1.30
2014.10.24 08:59:45.772,6.57186,6.57352,1.00,1.00
2014.10.24 08:59:45.878,6.57186,6.57358,1.00,1.49
2014.10.24 08:59:46.488,6.57186,6.57354,1.00,1.00
2014.10.24 08:59:46.729,6.57186,6.57349,1.00,1.00
2014.10.24 08:59:47.780,6.57192,6.57349,1.50,1.00
2014.10.24 08:59:47.859,6.57186,6.57349,1.00,1.00
2014.10.24 08:59:47.990,6.57192,6.57349,1.50,1.00
2014.10.24 08:59:48.091,6.57178,6.57338,1.00,1.30
2014.10.24 08:59:48.294,6.57178,6.57329,1.00,1.00
2014.10.24 08:59:48.600,6.57159,6.57317,1.00,1.19
2014.10.24 08:59:48.701,6.57159,6.57306,1.00,1.00
2014.10.24 08:59:48.752,6.57134,6.57306,1.30,1.00
2014.10.24 08:59:48.803,6.57134,6.57292,1.30,1.00
2014.10.24 08:59:49.153,6.57133,6.57294,1.00,1.30
2014.10.24 08:59:49.370,6.57144,6.57294,1.00,1.30
2014.10.24 08:59:49.741,6.57133,6.57294,2.25,1.30
2014.10.24 08:59:49.948,6.57136,6.57294,1.00,1.30
2014.10.24 08:59:50.063,6.57136,6.57306,1.72,1.00
2014.10.24 08:59:50.164,6.57159,6.57318,1.00,1.19
2014.10.24 08:59:50.266,6.57163,6.57327,1.50,1.00
2014.10.24 08:59:50.477,6.57163,6.57317,1.50,1.00
2014.10.24 08:59:50.578,6.57141,6.57296,1.00,1.30
2014.10.24 08:59:50.680,6.57141,6.5731,1.00,1.00
2014.10.24 08:59:50.731,6.57141,6.57317,1.00,1.37
2014.10.24 08:59:50.883,6.57231,6.57317,1.00,1.37
2014.10.24 08:59:51.187,6.57232,6.57311,1.00,1.30
2014.10.24 08:59:51.239,6.57232,6.57319,1.00,1.00
2014.10.24 08:59:51.391,6.57182,6.5734,1.00,1.30
2014.10.24 08:59:51.492,6.57162,6.57329,2.25,1.00
2014.10.24 08:59:51.746,6.57152,6.57291,2.25,1.30
2014.10.24 08:59:54.769,6.57152,6.57244,1.50,1.30
2014.10.24 08:59:54.820,6.57137,6.57244,1.00,1.30
2014.10.24 08:59:54.871,6.57122,6.57244,1.00,1.30
2014.10.24 08:59:54.922,6.57126,6.57244,1.00,1.30
2014.10.24 08:59:55.029,6.57108,6.57244,1.00,1.30
2014.10.24 08:59:55.181,6.57108,6.57314,1.00,1.94
2014.10.24 08:59:55.232,6.57114,6.5729,1.00,1.00
2014.10.24 08:59:56.075,6.57129,6.57313,1.00,1.94
2014.10.24 08:59:56.177,6.57182,6.57313,1.00,1.75
2014.10.24 08:59:56.380,6.57107,6.57286,1.19,1.67
2014.10.24 08:59:56.481,6.57123,6.57286,1.50,1.30
2014.10.24 08:59:56.785,6.57224,6.57307,1.00,1.00
2014.10.24 08:59:56.982,6.57224,6.57328,1.00,1.00
2014.10.24 08:59:57.033,6.57224,6.57321,1.00,1.00
2014.10.24 08:59:57.134,6.57182,6.57328,1.00,1.00
2014.10.24 08:59:57.307,6.57182,6.57335,1.00,1.00
2014.10.24 08:59:57.577,6.57182,6.57338,1.00,1.00
2014.10.24 08:59:57.628,6.57182,6.57346,1.00,1.30
2014.10.24 08:59:57.679,6.57182,6.57352,1.00,1.00
2014.10.24 08:59:57.730,6.57197,6.57352,1.00,1.00
2014.10.24 08:59:57.781,6.57202,6.57377,1.50,1.00
2014.10.24 08:59:57.883,6.57243,6.57404,1.50,1.30
2014.10.24 08:59:58.186,6.57243,6.57436,1.50,1.00
2014.10.24 08:59:58.417,6.57243,6.57448,1.50,1.94
2014.10.24 08:59:58.805,6.57248,6.57448,1.19,1.75
2014.10.24 08:59:59.008,6.57238,6.57418,1.00,1.37
2014.10.24 08:59:59.059,6.57239,6.57398,1.00,1.00
2014.10.24 08:59:59.365,6.57265,6.57398,1.00,1.00
