2016.01.04 17:00:00.259,8.92505,8.92783,1.00,1.00
2016.01.04 17:00:00.310,8.92519,8.92841,1.00,1.00
2016.01.04 17:00:00.412,8.92545,8.92849,1.00,1.00
2016.01.04 17:00:00.514,8.92545,8.92871,1.00,1.00
2016.01.04 17:00:00.615,8.92473,8.92841,1.00,1.00
2016.01.04 17:00:00.667,8.92528,8.92841,1.00,1.00
2016.01.04 17:00:01.415,8.9254,8.92841,1.00,1.00
2016.01.04 17:00:01.467,8.92521,8.92864,1.00,1.00
2016.01.04 17:00:01.518,8.92521,8.9289,1.00,1.00
2016.01.04 17:00:02.697,8.92566,8.92893,1.00,1.00
2016.01.04 17:00:05.015,8.92566,8.9289,1.00,1.00
2016.01.04 17:00:05.914,8.92514,8.92849,1.00,1.00
2016.01.04 17:00:05.965,8.92543,8.92849,1.00,1.00
2016.01.04 17:00:07.323,8.92543,8.92841,1.00,1.00
2016.01.04 17:00:08.743,8.92543,8.92832,1.00,1.00
2016.01.04 17:00:08.844,8.92518,8.92832,1.00,1.00
2016.01.04 17:00:10.148,8.92518,8.92841,1.00,1.00
2016.01.04 17:00:11.280,8.92554,8.92866,1.00,1.00
2016.01.04 17:00:12.405,8.92554,8.92857,1.00,1.00
2016.01.04 17:00:13.899,8.92554,8.92865,1.00,1.00
2016.01.04 17:00:15.567,8.92554,8.92879,1.00,1.00
2016.01.04 17:00:24.303,8.92576,8.92901,1.00,1.00
2016.01.04 17:00:25.064,8.92576,8.92888,1.00,1.00
2016.01.04 17:00:26.152,8.92453,8.92798,2.04,1.00
2016.01.04 17:00:26.658,8.92485,8.92798,1.00,1.00
2016.01.04 17:00:27.522,8.92544,8.92805,1.00,1.00
2016.01.04 17:00:27.573,8.92544,8.92865,1.00,1.00
2016.01.04 17:00:28.880,8.92544,8.92871,1.00,1.00
2016.01.04 17:00:31.086,8.92549,8.92922,1.00,1.00
2016.01.04 17:00:31.695,8.92582,8.92909,1.00,1.00
2016.01.04 17:00:39.431,8.92582,8.92907,1.00,1.00
2016.01.04 17:00:40.207,8.92582,8.92894,1.00,1.00
2016.01.04 17:00:40.638,8.92555,8.9288,1.00,1.00
2016.01.04 17:00:40.689,8.92555,8.92866,1.00,1.00
2016.01.04 17:00:41.875,8.92575,8.92902,1.00,1.00
2016.01.04 17:00:42.746,8.92575,8.92874,1.00,1.00
2016.01.04 17:00:43.872,8.92575,8.92894,1.00,1.00
2016.01.04 17:00:44.024,8.92575,8.92902,1.00,1.00
2016.01.04 17:00:45.821,8.92575,8.9289,1.00,1.00
2016.01.04 17:00:47.366,8.92575,8.92902,1.00,1.00
2016.01.04 17:00:49.741,8.92575,8.92848,1.00,1.00
2016.01.04 17:00:58.085,8.92556,8.92848,1.00,1.00
2016.01.04 17:00:58.188,8.92556,8.92883,1.00,1.00
2016.01.04 17:00:59.954,8.92556,8.92876,1.00,1.00
2016.01.04 17:01:00.283,8.92556,8.92856,1.00,1.00
2016.01.04 17:01:02.381,8.92556,8.92883,1.00,1.00
2016.01.04 17:01:09.664,8.92556,8.92874,1.00,1.00
2016.01.04 17:01:10.525,8.92556,8.92854,1.00,1.00
2016.01.04 17:01:13.313,8.92556,8.92883,1.00,1.00
2016.01.04 17:01:23.214,8.92559,8.92883,1.00,1.00
2016.01.04 17:01:24.092,8.92556,8.92883,1.00,1.00
2016.01.04 17:01:25.358,8.92556,8.92848,1.00,1.00
2016.01.04 17:01:27.041,8.92556,8.92807,1.00,1.00
2016.01.04 17:01:27.662,8.92556,8.92827,1.00,1.00
2016.01.04 17:01:27.842,8.92556,8.92857,1.00,1.00
2016.01.04 17:01:30.581,8.92556,8.92883,1.00,1.00
2016.01.04 17:01:33.014,8.92559,8.92883,1.00,1.00
2016.01.04 17:01:34.579,8.92556,8.92883,1.00,1.00
2016.01.04 17:01:54.455,8.92556,8.92876,1.00,1.00
2016.01.04 17:01:58.206,8.9256,8.92876,1.00,1.00
2016.01.04 17:01:58.513,8.92582,8.92876,1.00,1.00
2016.01.04 17:02:00.121,8.92582,8.92907,1.00,1.00
2016.01.04 17:02:00.392,8.92582,8.92877,1.00,1.00
2016.01.04 17:02:04.595,8.92582,8.92837,1.00,1.00
2016.01.04 17:02:11.791,8.92557,8.92837,1.00,1.00
2016.01.04 17:02:11.842,8.92557,8.92788,1.00,1.00
2016.01.04 17:02:28.525,8.92537,8.92788,1.00,1.00
2016.01.04 17:02:29.674,8.92537,8.92809,1.00,1.00
2016.01.04 17:02:33.111,8.92537,8.92755,1.00,1.00
2016.01.04 17:02:33.162,8.92478,8.92736,1.00,1.00
2016.01.04 17:02:33.266,8.9251,8.92736,1.00,1.00
2016.01.04 17:02:33.418,8.92459,8.92736,1.00,1.00
2016.01.04 17:02:33.886,8.92431,8.92736,1.00,1.00
2016.01.04 17:02:34.526,8.92487,8.92736,1.00,1.00
2016.01.04 17:02:37.896,8.9247,8.92736,1.00,1.00
2016.01.04 17:02:38.005,8.92431,8.92736,1.00,1.00
2016.01.04 17:02:38.185,8.92394,8.92736,1.00,1.00
2016.01.04 17:02:38.338,8.92328,8.92736,1.00,1.00
2016.01.04 17:02:38.388,8.92328,8.92717,1.00,1.00
2016.01.04 17:02:38.715,8.92328,8.92697,1.00,1.00
2016.01.04 17:02:40.150,8.92326,8.92697,1.00,1.00
2016.01.04 17:02:40.918,8.92356,8.92697,1.00,1.00
2016.01.04 17:02:41.455,8.92382,8.92697,1.00,1.00
2016.01.04 17:02:42.397,8.92337,8.92697,1.00,1.00
2016.01.04 17:02:42.448,8.92353,8.92697,1.00,1.00
2016.01.04 17:02:42.890,8.92374,8.92697,1.00,1.00
2016.01.04 17:02:43.840,8.92374,8.92699,1.00,1.00
2016.01.04 17:02:45.961,8.92394,8.92719,1.50,1.00
2016.01.04 17:02:46.063,8.92394,8.92769,1.00,1.00
2016.01.04 17:02:46.871,8.92394,8.92775,1.00,1.00
2016.01.04 17:02:47.365,8.92398,8.92776,1.00,1.00
2016.01.04 17:02:47.749,8.92432,8.92759,1.00,1.00
2016.01.04 17:02:48.629,8.92436,8.92776,1.00,1.00
2016.01.04 17:02:49.301,8.92436,8.92835,1.00,1.00
2016.01.04 17:02:50.400,8.9246,8.92835,1.00,1.00
2016.01.04 17:02:50.970,8.92468,8.92835,1.00,1.00
2016.01.04 17:02:51.375,8.92505,8.92835,1.00,1.00
2016.01.04 17:02:51.832,8.92483,8.92835,1.00,1.00
2016.01.04 17:02:51.883,8.92506,8.92835,1.00,1.00
2016.01.04 17:02:52.181,8.92463,8.92835,1.00,1.00
2016.01.04 17:02:52.232,8.92463,8.92797,1.00,1.00
2016.01.04 17:02:52.539,8.92463,8.92777,1.00,1.00
2016.01.04 17:02:53.216,8.92472,8.92777,1.00,1.00
2016.01.04 17:02:53.446,8.92415,8.92735,1.00,1.00
2016.01.04 17:02:53.497,8.92336,8.92735,1.00,1.00
2016.01.04 17:02:54.782,8.92329,8.92735,1.00,1.00
2016.01.04 17:02:55.683,8.92363,8.92735,1.00,1.00
2016.01.04 17:03:07.053,8.92363,8.92712,1.00,1.00
2016.01.04 17:03:07.654,8.92247,8.92652,1.00,1.00
2016.01.04 17:03:10.049,8.92254,8.92652,1.00,1.00
2016.01.04 17:03:10.636,8.92254,8.92609,1.00,1.00
2016.01.04 17:03:11.022,8.92295,8.92609,1.00,1.00
2016.01.04 17:03:11.125,8.92291,8.92609,1.00,1.00
2016.01.04 17:03:12.771,8.92291,8.92618,1.00,1.00
2016.01.04 17:03:13.861,8.92319,8.92644,1.00,1.00
2016.01.04 17:03:13.918,8.92311,8.9265,1.00,1.00
2016.01.04 17:03:14.318,8.92331,8.9265,1.00,1.00
2016.01.04 17:03:19.379,8.92331,8.92629,1.00,1.00
2016.01.04 17:03:19.709,8.92331,8.92608,1.00,1.00
2016.01.04 17:03:30.060,8.92331,8.92629,1.00,1.00
2016.01.04 17:03:30.111,8.92331,8.92655,1.00,1.00
2016.01.04 17:03:33.400,8.92331,8.92608,1.00,1.00
2016.01.04 17:03:33.566,8.92331,8.92628,1.00,1.00
2016.01.04 17:03:33.617,8.92331,8.92658,1.00,1.00
2016.01.04 17:03:44.729,8.92331,8.92618,1.00,1.00
2016.01.04 17:04:01.640,8.92331,8.92638,1.00,1.00
2016.01.04 17:04:01.691,8.92331,8.92643,1.00,1.00
2016.01.04 17:04:04.291,8.92337,8.92643,1.00,1.00
2016.01.04 17:04:04.802,8.92331,8.92658,1.37,1.00
2016.01.04 17:04:04.853,8.92324,8.9273,1.37,1.00
2016.01.04 17:04:05.626,8.92342,8.9273,1.75,1.00
2016.01.04 17:04:06.168,8.92371,8.9273,1.37,1.00
2016.01.04 17:04:08.139,8.92382,8.9273,1.00,1.00
2016.01.04 17:04:11.584,8.92288,8.92448,1.00,0.75
2016.01.04 17:04:11.635,8.92232,8.92405,1.00,1.00
2016.01.04 17:04:11.737,8.92173,8.92405,1.00,1.00
2016.01.04 17:04:11.838,8.92006,8.92405,1.75,1.00
2016.01.04 17:04:11.889,8.92026,8.92409,1.12,1.00
2016.01.04 17:04:12.092,8.92026,8.92424,1.12,1.00
2016.01.04 17:04:12.296,8.92038,8.92467,1.75,1.00
2016.01.04 17:04:13.106,8.92043,8.92467,1.45,1.00
2016.01.04 17:04:13.277,8.92043,8.92429,1.45,1.00
2016.01.04 17:04:13.328,8.92043,8.92429,1.07,1.00
2016.01.04 17:04:13.379,8.9204,8.92429,1.00,1.00
2016.01.04 17:04:13.481,8.92031,8.92429,1.00,1.00
2016.01.04 17:04:14.812,8.92031,8.92429,1.37,1.00
2016.01.04 17:04:15.117,8.92134,8.92461,1.00,1.00
2016.01.04 17:04:16.027,8.92134,8.92448,1.00,1.00
2016.01.04 17:04:17.424,8.92152,8.92448,1.00,1.00
2016.01.04 17:04:17.526,8.92127,8.92448,1.00,1.00
2016.01.04 17:04:18.653,8.92146,8.92448,1.00,1.00
2016.01.04 17:04:19.239,8.92146,8.92445,1.00,1.00
2016.01.04 17:04:24.260,8.92146,8.92463,1.00,1.00
2016.01.04 17:04:24.704,8.92141,8.92463,1.00,1.00
2016.01.04 17:04:24.805,8.92129,8.92463,1.00,1.00
2016.01.04 17:04:24.856,8.92092,8.92463,1.00,1.00
2016.01.04 17:04:24.958,8.92092,8.92445,1.00,1.00
2016.01.04 17:04:25.147,8.92072,8.92445,1.00,1.00
2016.01.04 17:04:25.711,8.92128,8.92445,1.00,1.00
2016.01.04 17:04:25.867,8.92128,8.92455,1.00,1.00
2016.01.04 17:04:26.069,8.92151,8.92476,1.00,1.00
2016.01.04 17:04:26.350,8.92121,8.9248,1.00,1.00
2016.01.04 17:04:26.642,8.92124,8.92462,1.00,1.00
2016.01.04 17:04:26.851,8.92126,8.92502,1.00,1.00
2016.01.04 17:04:26.953,8.92039,8.92466,1.00,1.00
2016.01.04 17:04:27.401,8.92128,8.92489,1.37,1.00
2016.01.04 17:04:27.705,8.92113,8.92477,1.75,1.00
2016.01.04 17:04:28.424,8.92126,8.92489,1.37,1.00
2016.01.04 17:04:29.226,8.92165,8.92489,1.00,1.00
2016.01.04 17:04:29.610,8.92165,8.92487,1.00,1.00
2016.01.04 17:04:29.912,8.92165,8.92463,1.00,1.00
2016.01.04 17:04:31.909,8.92165,8.92479,1.00,1.00
2016.01.04 17:04:33.120,8.92165,8.92492,1.00,1.00
2016.01.04 17:04:37.807,8.92165,8.92455,1.00,1.00
2016.01.04 17:04:37.909,8.92147,8.92455,1.00,1.00
2016.01.04 17:04:38.024,8.92086,8.92455,1.00,1.00
2016.01.04 17:04:38.504,8.92086,8.92436,1.00,1.00
2016.01.04 17:04:38.854,8.92122,8.92436,1.00,1.00
2016.01.04 17:04:46.608,8.9208,8.92458,1.00,1.00
2016.01.04 17:04:46.661,8.92132,8.92467,1.00,1.00
2016.01.04 17:04:47.154,8.92103,8.9251,1.37,1.00
2016.01.04 17:04:47.989,8.92132,8.92475,1.00,1.00
2016.01.04 17:04:48.484,8.92127,8.9251,1.00,1.00
2016.01.04 17:04:48.963,8.92135,8.9251,1.00,1.00
2016.01.04 17:04:49.642,8.92129,8.92487,1.00,1.00
2016.01.04 17:04:50.043,8.92153,8.9248,1.00,1.00
2016.01.04 17:04:50.145,8.92137,8.9251,1.00,1.00
2016.01.04 17:04:50.562,8.92151,8.9251,1.00,1.00
2016.01.04 17:04:51.197,8.92154,8.92481,1.00,1.00
2016.01.04 17:04:51.582,8.92175,8.92502,1.00,1.00
2016.01.04 17:04:53.345,8.9216,8.92546,1.45,1.00
2016.01.04 17:04:53.446,8.92171,8.9258,1.37,1.00
2016.01.04 17:04:54.399,8.92191,8.92575,1.00,1.00
2016.01.04 17:04:54.857,8.92188,8.92535,1.00,1.00
2016.01.04 17:04:55.952,8.92211,8.92537,1.00,1.00
2016.01.04 17:05:04.047,8.92186,8.92544,1.00,1.00
2016.01.04 17:05:04.170,8.92183,8.92544,1.00,1.00
2016.01.04 17:05:04.221,8.92183,8.92568,1.00,1.00
2016.01.04 17:05:06.839,8.92183,8.92568,1.07,1.00
2016.01.04 17:05:07.143,8.92437,8.92636,1.00,1.00
2016.01.04 17:05:07.446,8.92461,8.92636,1.75,1.00
2016.01.04 17:05:07.960,8.92461,8.92748,1.75,1.69
2016.01.04 17:05:08.908,8.9246,8.92748,1.00,1.00
2016.01.04 17:05:08.959,8.9246,8.92737,1.00,1.00
2016.01.04 17:05:09.326,8.9246,8.92727,1.00,1.00
2016.01.04 17:05:09.830,8.9246,8.92627,1.75,1.00
2016.01.04 17:05:10.051,8.92444,8.92627,1.00,1.00
2016.01.04 17:05:10.152,8.92444,8.92698,1.75,1.00
2016.01.04 17:05:10.668,8.92444,8.92698,1.00,1.00
2016.01.04 17:05:10.719,8.92447,8.92698,1.00,1.00
2016.01.04 17:05:11.350,8.92447,8.92668,1.00,1.00
2016.01.04 17:05:11.756,8.92447,8.92658,1.00,1.00
2016.01.04 17:05:12.239,8.92461,8.92657,1.00,1.00
2016.01.04 17:05:13.575,8.92461,8.92658,1.12,1.00
2016.01.04 17:05:14.364,8.92572,8.92774,1.00,2.25
2016.01.04 17:05:16.351,8.92563,8.92774,1.00,2.25
2016.01.04 17:05:16.913,8.92563,8.92756,1.00,1.00
2016.01.04 17:05:17.874,8.92563,8.92774,1.00,1.75
2016.01.04 17:05:18.869,8.92602,8.92774,1.07,1.75
2016.01.04 17:05:18.920,8.92602,8.92778,1.07,1.00
2016.01.04 17:05:18.971,8.92582,8.92778,1.00,1.00
2016.01.04 17:05:20.293,8.92552,8.92778,1.07,1.00
2016.01.04 17:05:20.345,8.92562,8.92821,1.00,1.37
2016.01.04 17:05:20.396,8.92542,8.92821,1.75,1.00
2016.01.04 17:05:20.717,8.92532,8.92821,1.75,1.00
2016.01.04 17:05:20.779,8.92532,8.92824,1.75,1.00
2016.01.04 17:05:21.796,8.92532,8.92824,1.37,1.00
2016.01.04 17:05:21.847,8.92558,8.92807,1.00,1.00
2016.01.04 17:05:21.999,8.92536,8.92807,1.00,1.00
2016.01.04 17:05:22.050,8.92536,8.92787,1.00,1.00
2016.01.04 17:05:23.236,8.92517,8.92772,1.00,1.00
2016.01.04 17:05:23.428,8.92517,8.92772,1.00,1.07
2016.01.04 17:05:23.681,8.92473,8.92767,1.37,1.07
2016.01.04 17:05:23.831,8.92473,8.92748,1.37,1.00
2016.01.04 17:05:24.135,8.92505,8.92777,1.00,1.37
2016.01.04 17:05:25.173,8.92524,8.92777,1.00,1.37
2016.01.04 17:05:25.729,8.92524,8.92747,1.00,1.00
2016.01.04 17:05:25.885,8.92498,8.92747,1.00,1.00
2016.01.04 17:05:26.000,8.92498,8.92767,1.00,1.07
2016.01.04 17:05:26.636,8.92521,8.92797,1.07,1.00
2016.01.04 17:05:26.687,8.92521,8.92821,1.07,1.00
2016.01.04 17:05:27.031,8.92555,8.92821,1.00,1.00
2016.01.04 17:05:27.439,8.92555,8.92807,1.00,1.00
2016.01.04 17:05:28.188,8.92555,8.92789,1.00,1.00
2016.01.04 17:05:28.239,8.92555,8.92808,1.07,1.00
2016.01.04 17:05:29.690,8.92532,8.92785,1.75,1.00
2016.01.04 17:05:29.741,8.92488,8.92762,1.00,1.37
2016.01.04 17:05:29.953,8.92462,8.92762,1.75,1.07
2016.01.04 17:05:30.004,8.92462,8.92739,1.75,1.00
2016.01.04 17:05:30.456,8.92462,8.92722,1.75,1.00
2016.01.04 17:05:31.077,8.92452,8.92695,1.00,1.00
2016.01.04 17:05:31.128,8.92482,8.92695,1.00,1.00
2016.01.04 17:05:31.432,8.92372,8.92681,1.00,1.07
2016.01.04 17:05:31.483,8.92372,8.92678,1.00,1.37
2016.01.04 17:05:31.584,8.92372,8.92678,1.00,1.00
2016.01.04 17:05:31.635,8.92402,8.92678,1.00,1.00
2016.01.04 17:05:32.034,8.92402,8.92647,1.00,1.00
2016.01.04 17:05:32.625,8.92422,8.92602,1.00,1.00
2016.01.04 17:05:32.960,8.92253,8.92497,1.00,1.00
2016.01.04 17:05:33.475,8.92252,8.92497,1.00,1.00
2016.01.04 17:05:34.206,8.92202,8.92497,1.00,1.00
2016.01.04 17:05:34.618,8.92132,8.92497,1.00,1.00
2016.01.04 17:05:34.719,8.92132,8.92476,1.00,1.00
2016.01.04 17:05:34.787,8.92132,8.925,1.00,1.00
2016.01.04 17:05:35.436,8.92152,8.925,1.00,1.00
2016.01.04 17:05:36.001,8.92123,8.925,1.00,1.00
2016.01.04 17:05:36.158,8.92102,8.925,1.00,1.00
2016.01.04 17:05:36.378,8.92102,8.92478,1.00,1.00
2016.01.04 17:05:36.429,8.92072,8.92478,1.00,1.00
2016.01.04 17:05:36.530,8.92053,8.92464,1.37,1.00
2016.01.04 17:05:36.581,8.92021,8.92443,1.00,1.00
2016.01.04 17:05:36.632,8.92014,8.92414,1.00,1.00
2016.01.04 17:05:36.683,8.91972,8.92386,1.00,1.00
2016.01.04 17:05:36.784,8.91972,8.92377,1.00,1.00
2016.01.04 17:05:37.834,8.91972,8.92349,1.00,1.00
2016.01.04 17:05:38.111,8.91972,8.92372,1.00,1.00
2016.01.04 17:05:38.578,8.91972,8.92355,1.00,1.00
2016.01.04 17:05:39.230,8.9193,8.92356,1.00,1.07
2016.01.04 17:05:39.332,8.9193,8.92356,1.37,1.07
2016.01.04 17:05:39.815,8.91958,8.92355,1.00,1.07
2016.01.04 17:05:40.746,8.9193,8.92355,1.00,1.07
2016.01.04 17:05:40.798,8.9193,8.92335,1.00,1.00
2016.01.04 17:05:41.001,8.9193,8.92352,1.00,1.07
2016.01.04 17:05:41.107,8.91958,8.92352,1.00,1.07
2016.01.04 17:05:41.618,8.9193,8.92352,1.00,1.10
2016.01.04 17:05:42.415,8.91945,8.92352,1.00,1.10
2016.01.04 17:05:42.475,8.9193,8.92352,1.00,1.10
2016.01.04 17:05:42.620,8.91969,8.92352,1.00,1.10
2016.01.04 17:05:42.722,8.91951,8.92352,1.00,1.10
2016.01.04 17:05:42.874,8.91982,8.92352,1.00,1.10
2016.01.04 17:05:42.979,8.91954,8.92365,1.00,1.07
2016.01.04 17:05:43.117,8.91954,8.92365,1.00,1.07
2016.01.04 17:05:43.168,8.91936,8.92365,1.00,1.07
2016.01.04 17:05:43.270,8.91956,8.92365,1.00,1.07
2016.01.04 17:05:43.514,8.91936,8.92365,1.00,1.07
2016.01.04 17:05:44.028,8.91944,8.92365,1.00,1.07
2016.01.04 17:05:44.578,8.91944,8.92351,1.00,1.00
2016.01.04 17:05:44.924,8.91944,8.9232,1.00,1.00
2016.01.04 17:05:45.018,8.91944,8.92329,1.00,1.00
2016.01.04 17:05:45.169,8.9193,8.92329,1.00,1.00
2016.01.04 17:05:45.245,8.91955,8.92329,1.00,1.00
2016.01.04 17:05:45.837,8.91943,8.92352,1.00,1.00
2016.01.04 17:05:46.879,8.91957,8.92352,1.00,1.00
2016.01.04 17:05:47.390,8.92071,8.92377,1.00,1.00
2016.01.04 17:05:47.492,8.92201,8.92512,1.00,1.00
2016.01.04 17:05:47.543,8.92201,8.92528,1.00,1.37
2016.01.04 17:05:47.898,8.92201,8.92528,1.75,1.00
2016.01.04 17:05:48.067,8.92201,8.92528,1.75,1.00
2016.01.04 17:05:48.171,8.92201,8.92508,1.75,1.00
2016.01.04 17:05:49.117,8.92201,8.92497,1.75,1.00
2016.01.04 17:05:49.433,8.92201,8.92468,1.75,1.00
2016.01.04 17:05:49.828,8.92201,8.92468,1.00,1.00
2016.01.04 17:05:49.879,8.92194,8.92468,1.00,1.00
2016.01.04 17:05:49.930,8.92138,8.92467,1.00,1.00
2016.01.04 17:05:49.981,8.92138,8.92398,1.00,1.00
2016.01.04 17:05:50.083,8.92072,8.92367,1.00,1.00
2016.01.04 17:05:51.305,8.92072,8.92297,1.00,1.00
2016.01.04 17:05:51.359,8.91912,8.9219,1.00,1.37
2016.01.04 17:05:51.410,8.91892,8.9219,1.00,1.37
2016.01.04 17:05:51.937,8.91892,8.9219,1.00,1.07
2016.01.04 17:05:52.358,8.91892,8.9219,1.00,1.37
2016.01.04 17:05:52.409,8.91882,8.9219,1.00,1.37
2016.01.04 17:05:53.053,8.91842,8.92176,1.00,1.37
2016.01.04 17:05:53.514,8.91853,8.9219,1.00,1.37
2016.01.04 17:05:54.456,8.91853,8.9219,1.00,1.37
2016.01.04 17:05:56.093,8.91842,8.92146,1.00,1.07
2016.01.04 17:05:56.465,8.91852,8.92146,1.00,1.07
2016.01.04 17:05:56.516,8.91842,8.92146,1.00,1.07
2016.01.04 17:05:57.649,8.91852,8.92146,1.00,1.07
2016.01.04 17:05:57.857,8.91852,8.92146,1.00,1.00
2016.01.04 17:05:58.362,8.91852,8.92203,1.00,1.00
2016.01.04 17:05:59.375,8.91842,8.92203,1.37,1.00
2016.01.04 17:06:02.278,8.91875,8.92203,1.00,1.00
2016.01.04 17:06:02.561,8.91832,8.92203,1.75,1.00
2016.01.04 17:06:05.601,8.91851,8.92203,1.37,1.00
2016.01.04 17:06:05.702,8.91862,8.92267,1.45,1.00
2016.01.04 17:06:06.979,8.91894,8.92232,1.00,1.00
2016.01.04 17:06:08.786,8.91877,8.92234,1.37,1.00
2016.01.04 17:06:08.838,8.91912,8.92239,1.00,1.00
2016.01.04 17:06:11.823,8.91912,8.92239,1.37,1.00
2016.01.04 17:06:12.547,8.91912,8.92239,1.00,1.00
2016.01.04 17:06:17.848,8.91912,8.92239,1.37,1.00
2016.01.04 17:06:18.419,8.91826,8.92183,1.00,1.00
2016.01.04 17:06:18.521,8.91778,8.92183,1.00,1.00
2016.01.04 17:06:19.083,8.91778,8.92221,1.00,1.00
2016.01.04 17:06:19.523,8.91869,8.92196,1.00,1.00
2016.01.04 17:06:20.797,8.91857,8.92184,1.00,1.00
2016.01.04 17:06:20.927,8.91785,8.92202,1.00,1.00
2016.01.04 17:06:21.038,8.91778,8.92221,1.00,1.00
2016.01.04 17:06:21.134,8.91778,8.92206,1.00,1.00
2016.01.04 17:06:21.482,8.91778,8.92201,1.00,1.00
2016.01.04 17:06:21.785,8.91778,8.92172,1.00,1.00
2016.01.04 17:06:21.887,8.91744,8.92172,1.00,1.00
2016.01.04 17:06:22.000,8.91729,8.92172,1.00,1.00
2016.01.04 17:06:22.502,8.91686,8.92128,1.00,1.00
2016.01.04 17:06:22.843,8.91639,8.92079,1.00,1.00
2016.01.04 17:06:23.176,8.91709,8.92079,1.00,1.00
2016.01.04 17:06:23.763,8.91792,8.92079,1.00,1.00
2016.01.04 17:06:24.323,8.91761,8.92079,1.00,1.00
2016.01.04 17:06:24.794,8.91796,8.92079,1.00,1.00
2016.01.04 17:06:30.051,8.91778,8.92069,1.00,1.00
2016.01.04 17:06:30.152,8.91726,8.92035,1.00,1.00
2016.01.04 17:06:30.304,8.91593,8.92035,1.00,1.00
2016.01.04 17:06:30.457,8.91627,8.92035,1.00,1.00
2016.01.04 17:06:30.513,8.91593,8.92035,1.00,1.00
2016.01.04 17:06:30.716,8.91643,8.92035,1.00,1.00
2016.01.04 17:06:31.288,8.91622,8.92035,1.00,1.00
2016.01.04 17:06:31.404,8.91593,8.92035,1.00,1.00
2016.01.04 17:06:31.558,8.91597,8.92035,1.00,1.00
2016.01.04 17:06:31.859,8.91626,8.91998,1.00,1.00
2016.01.04 17:06:32.012,8.91562,8.91998,1.00,1.00
2016.01.04 17:06:32.210,8.91556,8.91998,1.00,1.00
2016.01.04 17:06:32.871,8.91681,8.91998,1.00,1.00
2016.01.04 17:06:34.464,8.91608,8.91998,1.00,1.00
2016.01.04 17:06:34.825,8.91556,8.91998,1.00,1.00
2016.01.04 17:06:34.965,8.91613,8.91998,1.00,1.00
2016.01.04 17:06:35.375,8.91645,8.91972,1.00,1.00
2016.01.04 17:06:35.676,8.9164,8.91967,1.00,1.00
2016.01.04 17:06:36.160,8.91556,8.91998,1.00,1.00
2016.01.04 17:06:36.429,8.91635,8.91962,1.00,1.00
2016.01.04 17:06:36.630,8.91556,8.91998,1.00,1.00
2016.01.04 17:06:36.892,8.9164,8.91967,1.00,1.00
2016.01.04 17:06:37.197,8.9164,8.91935,1.00,1.00
2016.01.04 17:06:37.658,8.91506,8.91935,1.00,1.00
2016.01.04 17:06:37.714,8.91441,8.91883,1.37,1.00
2016.01.04 17:06:38.085,8.91441,8.91837,1.37,1.00
2016.01.04 17:06:38.136,8.91441,8.91837,1.00,1.00
2016.01.04 17:06:38.187,8.91422,8.91829,1.37,1.00
2016.01.04 17:06:41.117,8.91402,8.91822,1.45,1.00
2016.01.04 17:06:41.831,8.91413,8.91822,1.47,1.00
2016.01.04 17:06:41.932,8.91441,8.91829,1.37,1.00
2016.01.04 17:06:43.040,8.91445,8.91829,1.37,1.00
2016.01.04 17:06:44.414,8.91391,8.91829,1.75,1.00
2016.01.04 17:06:45.265,8.91436,8.91829,1.00,1.00
2016.01.04 17:06:45.935,8.91407,8.91829,1.37,1.00
2016.01.04 17:06:46.284,8.91457,8.91829,1.00,1.00
2016.01.04 17:06:46.464,8.91425,8.91829,1.37,1.00
2016.01.04 17:06:46.704,8.91462,8.91829,1.00,1.00
2016.01.04 17:06:46.827,8.91436,8.91829,1.37,1.00
2016.01.04 17:06:47.664,8.91486,8.91829,1.00,1.00
2016.01.04 17:06:47.784,8.91466,8.91829,1.00,1.00
2016.01.04 17:06:48.209,8.91438,8.91829,1.37,1.00
2016.01.04 17:06:49.203,8.91436,8.91829,1.07,1.00
2016.01.04 17:06:49.254,8.91436,8.91829,1.00,1.00
2016.01.04 17:06:49.305,8.91386,8.91829,1.00,1.00
2016.01.04 17:06:49.457,8.91382,8.91772,1.00,1.00
2016.01.04 17:06:49.508,8.91331,8.91772,1.00,1.00
2016.01.04 17:06:56.547,8.91342,8.91772,1.00,1.00
2016.01.04 17:06:57.178,8.91369,8.91772,1.00,1.00
2016.01.04 17:07:01.455,8.91369,8.9173,1.00,1.00
2016.01.04 17:07:02.209,8.91384,8.9173,1.00,1.00
2016.01.04 17:07:04.926,8.91384,8.91822,1.00,1.00
2016.01.04 17:07:04.978,8.91401,8.91822,1.00,1.00
2016.01.04 17:07:05.504,8.91438,8.91822,1.00,1.00
2016.01.04 17:07:06.354,8.91432,8.91822,1.00,1.00
2016.01.04 17:07:06.796,8.91464,8.91822,1.00,1.00
2016.01.04 17:07:13.491,8.9146,8.91723,1.00,1.00
2016.01.04 17:07:13.694,8.9146,8.91743,1.00,1.00
2016.01.04 17:07:13.795,8.9146,8.91771,1.00,1.00
2016.01.04 17:07:17.518,8.9146,8.91792,1.00,1.00
2016.01.04 17:07:17.569,8.9146,8.91814,1.00,1.00
2016.01.04 17:07:18.100,8.91471,8.91814,1.00,1.00
2016.01.04 17:07:22.356,8.91508,8.91814,1.00,1.00
2016.01.04 17:07:22.676,8.91551,8.91814,1.00,1.00
2016.01.04 17:07:22.803,8.91529,8.91814,1.00,1.00
2016.01.04 17:07:24.175,8.91553,8.91814,1.00,1.00
2016.01.04 17:07:24.277,8.91527,8.91814,1.00,1.00
2016.01.04 17:07:24.417,8.91527,8.91834,1.00,1.00
2016.01.04 17:07:24.518,8.91527,8.91884,1.00,1.00
2016.01.04 17:07:24.983,8.91469,8.91908,1.00,1.00
2016.01.04 17:07:25.606,8.91507,8.91908,1.00,1.00
2016.01.04 17:07:26.580,8.91561,8.91908,1.00,1.00
2016.01.04 17:07:26.884,8.91589,8.91908,1.00,1.00
2016.01.04 17:07:27.644,8.91609,8.91908,1.00,1.00
2016.01.04 17:07:28.547,8.91613,8.91908,1.00,1.00
2016.01.04 17:07:28.725,8.91594,8.91908,1.00,1.00
2016.01.04 17:07:28.826,8.91652,8.91908,1.00,1.00
2016.01.04 17:07:28.877,8.91625,8.91908,1.00,1.00
2016.01.04 17:07:28.928,8.91633,8.91908,1.00,1.00
2016.01.04 17:07:28.979,8.91614,8.91908,1.00,1.00
2016.01.04 17:07:30.116,8.91489,8.91814,1.00,1.00
2016.01.04 17:07:30.267,8.9138,8.91793,1.00,1.00
2016.01.04 17:07:30.318,8.9135,8.91793,1.00,1.00
2016.01.04 17:07:30.470,8.9133,8.91737,1.00,1.00
2016.01.04 17:07:30.521,8.91326,8.91737,1.00,1.00
2016.01.04 17:07:31.479,8.91295,8.91737,1.50,1.00
2016.01.04 17:07:31.695,8.91295,8.91737,1.50,1.07
2016.01.04 17:07:32.045,8.91312,8.91684,1.00,1.00
2016.01.04 17:07:32.624,8.91339,8.91684,1.00,1.00
2016.01.04 17:07:33.675,8.91339,8.91704,1.00,1.00
2016.01.04 17:07:33.733,8.91423,8.91726,1.00,1.00
2016.01.04 17:07:35.947,8.91292,8.91698,1.00,1.00
2016.01.04 17:07:35.998,8.91289,8.91679,1.00,1.00
2016.01.04 17:07:36.049,8.91284,8.91679,1.00,1.00
2016.01.04 17:07:36.603,8.91242,8.91648,1.57,1.00
2016.01.04 17:07:36.656,8.91242,8.91637,1.57,1.00
2016.01.04 17:07:37.015,8.9126,8.91637,1.00,1.00
2016.01.04 17:07:37.323,8.9131,8.91637,1.00,1.00
2016.01.04 17:07:37.425,8.91252,8.91637,1.00,1.00
2016.01.04 17:07:38.277,8.91295,8.91654,1.00,1.00
2016.01.04 17:07:38.586,8.91327,8.91642,1.00,1.00
2016.01.04 17:07:38.687,8.91307,8.91642,1.00,1.00
2016.01.04 17:07:38.738,8.91307,8.91642,1.00,1.37
2016.01.04 17:07:39.103,8.91343,8.91623,1.00,1.12
2016.01.04 17:07:39.269,8.91283,8.91623,1.00,1.12
2016.01.04 17:07:39.983,8.91357,8.91623,1.00,1.12
2016.01.04 17:07:41.285,8.91357,8.91602,1.00,1.00
2016.01.04 17:07:41.834,8.91357,8.91579,1.00,1.75
2016.01.04 17:07:41.885,8.91195,8.91579,1.00,1.75
2016.01.04 17:07:42.105,8.91219,8.91579,1.00,1.75
2016.01.04 17:07:42.806,8.91222,8.91579,1.00,1.75
2016.01.04 17:07:42.908,8.91212,8.9156,1.00,1.37
2016.01.04 17:07:43.404,8.91212,8.9156,1.00,1.00
2016.01.04 17:07:43.505,8.91212,8.9156,1.00,1.37
2016.01.04 17:07:43.805,8.91212,8.9156,1.00,1.07
2016.01.04 17:07:44.078,8.91212,8.91544,1.00,1.00
2016.01.04 17:07:44.396,8.91285,8.91544,1.00,1.75
2016.01.04 17:07:44.447,8.91253,8.91544,1.00,1.75
2016.01.04 17:07:44.599,8.91285,8.91535,1.00,1.75
2016.01.04 17:07:45.150,8.91257,8.91535,1.00,1.75
2016.01.04 17:07:45.676,8.91257,8.91583,1.00,1.75
2016.01.04 17:07:46.397,8.91277,8.91588,1.00,2.25
2016.01.04 17:07:47.461,8.91299,8.91603,1.00,1.00
2016.01.04 17:07:47.513,8.91327,8.91654,1.00,1.07
2016.01.04 17:07:47.564,8.91423,8.91678,1.00,1.00
2016.01.04 17:07:47.867,8.91679,8.91909,1.00,1.00
2016.01.04 17:07:47.918,8.91679,8.91929,1.00,1.00
2016.01.04 17:07:47.969,8.91679,8.91958,1.00,1.00
2016.01.04 17:07:48.020,8.91732,8.91958,1.00,1.00
2016.01.04 17:07:48.121,8.91732,8.92028,1.00,1.00
2016.01.04 17:07:48.246,8.91754,8.92028,1.00,1.00
2016.01.04 17:07:48.427,8.91754,8.92048,1.00,1.00
2016.01.04 17:07:48.891,8.91782,8.92068,1.00,1.00
2016.01.04 17:07:48.947,8.91782,8.92134,1.00,1.07
2016.01.04 17:07:48.998,8.91782,8.92134,1.00,1.00
2016.01.04 17:07:49.100,8.91823,8.92134,1.00,1.00
2016.01.04 17:07:50.437,8.91842,8.92178,1.00,1.00
2016.01.04 17:07:50.667,8.91859,8.92189,1.00,1.00
2016.01.04 17:07:50.983,8.91861,8.92189,1.00,1.00
2016.01.04 17:07:52.235,8.91861,8.92187,1.00,1.00
2016.01.04 17:07:52.473,8.91861,8.92189,1.00,1.00
2016.01.04 17:07:53.276,8.91855,8.92189,1.00,1.00
2016.01.04 17:07:53.345,8.91855,8.92167,1.00,1.00
2016.01.04 17:07:53.901,8.91855,8.92188,1.00,1.00
2016.01.04 17:07:54.291,8.91889,8.92198,1.00,1.07
2016.01.04 17:07:54.603,8.91864,8.92208,1.00,1.07
2016.01.04 17:07:57.127,8.91838,8.92198,1.00,1.07
2016.01.04 17:07:57.178,8.91852,8.92217,1.00,1.37
2016.01.04 17:07:57.495,8.91877,8.92231,1.00,1.50
2016.01.04 17:07:57.546,8.91877,8.92231,1.00,1.07
2016.01.04 17:07:57.939,8.91893,8.92251,1.00,1.37
2016.01.04 17:07:58.526,8.91885,8.92238,1.00,1.07
2016.01.04 17:07:58.580,8.91906,8.92238,1.00,1.10
2016.01.04 17:08:00.956,8.91906,8.92228,1.00,1.00
2016.01.04 17:08:01.576,8.91906,8.92238,1.00,1.10
2016.01.04 17:08:02.206,8.9192,8.92258,1.00,1.37
2016.01.04 17:08:06.815,8.9192,8.92268,1.00,1.00
2016.01.04 17:08:06.866,8.91908,8.92267,1.00,1.00
2016.01.04 17:08:06.917,8.91908,8.92267,1.00,1.75
2016.01.04 17:08:07.116,8.91924,8.92267,1.00,1.37
2016.01.04 17:08:08.256,8.91893,8.92258,1.00,1.37
2016.01.04 17:08:08.545,8.91893,8.92247,1.00,1.37
2016.01.04 17:08:09.682,8.91901,8.92238,1.00,1.37
2016.01.04 17:08:11.146,8.91914,8.92227,1.00,1.07
2016.01.04 17:08:11.197,8.91874,8.92228,1.00,1.07
2016.01.04 17:08:11.687,8.91864,8.92228,1.00,1.07
2016.01.04 17:08:11.788,8.91904,8.92228,1.00,1.07
2016.01.04 17:08:13.230,8.91903,8.92248,1.00,1.37
2016.01.04 17:08:13.290,8.91903,8.92248,1.00,1.37
2016.01.04 17:08:14.983,8.91917,8.92248,1.00,1.37
2016.01.04 17:08:16.843,8.91917,8.92278,1.00,1.07
2016.01.04 17:08:17.015,8.91917,8.92278,1.00,1.75
2016.01.04 17:08:18.411,8.91936,8.92307,1.00,1.75
2016.01.04 17:08:18.461,8.91936,8.92307,1.00,1.75
2016.01.04 17:08:18.512,8.91958,8.92307,1.00,1.75
2016.01.04 17:08:20.227,8.91914,8.92298,1.00,1.37
2016.01.04 17:08:20.329,8.91903,8.92277,1.00,1.07
2016.01.04 17:08:20.380,8.91862,8.92268,1.00,1.00
2016.01.04 17:08:20.431,8.91862,8.92268,1.00,1.75
2016.01.04 17:08:21.136,8.91887,8.92257,1.00,1.75
2016.01.04 17:08:21.190,8.91875,8.92258,1.00,1.75
2016.01.04 17:08:22.010,8.91921,8.92277,1.00,1.75
2016.01.04 17:08:22.112,8.91915,8.92261,1.00,1.75
2016.01.04 17:08:22.204,8.91978,8.92261,1.00,1.75
2016.01.04 17:08:23.625,8.91988,8.92261,1.00,1.75
2016.01.04 17:08:24.476,8.91991,8.92257,1.00,1.75
2016.01.04 17:08:24.864,8.92005,8.92261,1.00,1.75
2016.01.04 17:08:29.235,8.92005,8.92247,1.00,1.37
2016.01.04 17:08:30.185,8.92028,8.92247,1.00,1.37
2016.01.04 17:08:37.503,8.92008,8.92258,1.00,1.75
2016.01.04 17:08:45.424,8.91989,8.92227,1.00,1.07
2016.01.04 17:08:59.311,8.91989,8.92119,1.00,1.00
2016.01.04 17:08:59.463,8.9178,8.91973,1.00,1.00
2016.01.04 17:08:59.514,8.91755,8.91973,1.00,1.07
2016.01.04 17:08:59.615,8.91755,8.91973,1.00,1.00
2016.01.04 17:08:59.666,8.91717,8.91973,1.00,1.00
2016.01.04 17:08:59.818,8.91717,8.92065,1.00,1.00
2016.01.04 17:08:59.869,8.91762,8.92065,1.00,1.00
2016.01.04 17:09:00.172,8.91807,8.92065,1.00,1.00
2016.01.04 17:09:00.681,8.9182,8.92065,1.00,1.00
2016.01.04 17:09:00.946,8.91889,8.92268,1.00,2.44
2016.01.04 17:09:00.997,8.91965,8.92268,1.00,1.00
2016.01.04 17:09:01.300,8.91947,8.92226,1.00,1.07
2016.01.04 17:09:03.871,8.91976,8.92247,1.00,1.37
2016.01.04 17:09:04.124,8.91949,8.92247,1.00,1.37
2016.01.04 17:09:04.212,8.91976,8.92247,1.00,1.37
2016.01.04 17:09:06.216,8.91994,8.92237,1.00,1.37
2016.01.04 17:09:06.553,8.92003,8.92237,1.00,1.37
2016.01.04 17:09:10.143,8.92003,8.92258,1.00,1.37
2016.01.04 17:09:11.523,8.92009,8.92268,1.00,1.37
2016.01.04 17:09:14.053,8.92004,8.92268,1.00,1.37
2016.01.04 17:09:14.845,8.92003,8.92096,1.00,1.00
2016.01.04 17:09:14.947,8.91885,8.92021,1.00,1.00
2016.01.04 17:09:14.998,8.91885,8.92021,1.00,1.75
2016.01.04 17:09:15.048,8.91765,8.92021,1.00,1.75
2016.01.04 17:09:15.099,8.91765,8.92021,1.00,1.75
2016.01.04 17:09:15.201,8.91742,8.92021,1.00,1.75
2016.01.04 17:09:15.252,8.91742,8.92021,1.00,1.75
2016.01.04 17:09:15.773,8.91742,8.92021,1.00,1.75
2016.01.04 17:09:16.654,8.91718,8.91974,1.00,1.75
2016.01.04 17:09:16.756,8.91718,8.91974,1.00,1.75
2016.01.04 17:09:16.807,8.91693,8.91974,1.00,1.75
2016.01.04 17:09:17.010,8.91693,8.92044,1.00,1.00
2016.01.04 17:09:17.061,8.91824,8.92068,1.00,1.07
2016.01.04 17:09:17.212,8.91824,8.92134,1.00,1.00
2016.01.04 17:09:17.263,8.91824,8.92217,1.00,1.00
2016.01.04 17:09:17.314,8.91776,8.92206,1.00,1.00
2016.01.04 17:09:17.365,8.91784,8.92206,1.00,1.00
2016.01.04 17:09:17.668,8.9191,8.92206,1.00,1.07
2016.01.04 17:09:18.909,8.91964,8.92258,1.00,1.00
2016.01.04 17:09:18.960,8.91964,8.92253,1.00,1.07
2016.01.04 17:09:19.333,8.91988,8.92253,1.00,1.07
2016.01.04 17:09:21.202,8.91993,8.92253,1.00,1.07
2016.01.04 17:09:21.533,8.91993,8.92236,1.00,1.00
2016.01.04 17:09:25.639,8.91993,8.92244,1.00,1.07
2016.01.04 17:09:26.149,8.92008,8.92284,1.00,1.07
2016.01.04 17:09:26.756,8.92008,8.92244,1.00,1.00
2016.01.04 17:09:26.958,8.92003,8.92244,1.00,1.00
2016.01.04 17:09:27.009,8.92003,8.92244,1.00,1.07
2016.01.04 17:09:29.154,8.92003,8.92235,1.00,1.00
2016.01.04 17:09:31.594,8.91983,8.92235,1.50,1.00
2016.01.04 17:09:33.229,8.91983,8.92227,1.00,1.00
2016.01.04 17:09:35.183,8.91984,8.92227,1.00,1.00
2016.01.04 17:09:36.873,8.91984,8.92244,1.00,1.07
2016.01.04 17:09:37.886,8.91983,8.92244,1.50,1.07
2016.01.04 17:09:38.544,8.91983,8.92236,1.50,1.00
2016.01.04 17:09:44.871,8.91983,8.92236,1.00,1.75
2016.01.04 17:09:52.866,8.91962,8.92219,1.00,1.37
2016.01.04 17:09:52.918,8.91962,8.92161,1.00,1.00
2016.01.04 17:09:53.019,8.91892,8.92161,1.00,1.00
2016.01.04 17:09:54.562,8.91892,8.92145,1.00,1.00
2016.01.04 17:09:55.360,8.91893,8.92145,1.00,1.00
2016.01.04 17:09:57.769,8.91893,8.92145,1.00,1.75
2016.01.04 17:09:58.353,8.91872,8.92111,1.00,1.07
2016.01.04 17:09:58.529,8.91859,8.92111,1.00,1.07
2016.01.04 17:09:59.483,8.91868,8.92111,1.00,1.07
2016.01.04 17:10:00.079,8.91827,8.92069,1.00,1.00
2016.01.04 17:10:00.837,8.91851,8.92069,1.00,1.00
2016.01.04 17:10:01.035,8.91827,8.92069,1.00,1.00
2016.01.04 17:10:02.594,8.91827,8.9207,1.00,1.00
2016.01.04 17:10:03.358,8.91834,8.9207,1.00,1.00
2016.01.04 17:10:03.724,8.91834,8.9207,1.00,1.07
2016.01.04 17:10:06.283,8.91834,8.9207,1.00,1.75
2016.01.04 17:10:06.435,8.91786,8.92029,1.00,1.00
2016.01.04 17:10:06.646,8.9181,8.92029,1.00,1.00
2016.01.04 17:10:06.963,8.91826,8.92029,1.00,1.00
2016.01.04 17:10:07.611,8.91826,8.92061,1.00,1.37
2016.01.04 17:10:08.134,8.91827,8.92061,1.00,1.37
2016.01.04 17:10:09.727,8.91801,8.92061,1.50,1.37
2016.01.04 17:10:10.175,8.91832,8.92045,1.00,1.07
2016.01.04 17:10:10.377,8.91829,8.92128,1.00,1.75
2016.01.04 17:10:10.428,8.91829,8.92193,1.00,1.00
2016.01.04 17:10:11.506,8.91856,8.92298,1.00,1.00
2016.01.04 17:10:11.613,8.91856,8.92293,1.00,1.00
2016.01.04 17:10:13.184,8.91905,8.92293,1.00,1.00
2016.01.04 17:10:15.180,8.91892,8.92264,1.00,1.75
2016.01.04 17:10:15.553,8.91892,8.92185,1.00,1.75
2016.01.04 17:10:15.814,8.91816,8.92039,1.00,1.12
2016.01.04 17:10:16.712,8.91816,8.92039,1.00,1.37
2016.01.04 17:10:18.310,8.91802,8.92039,1.00,1.37
2016.01.04 17:10:19.858,8.91827,8.92039,1.00,1.37
2016.01.04 17:10:24.135,8.91802,8.92039,1.00,1.37
2016.01.04 17:10:27.805,8.91819,8.92039,1.00,1.37
2016.01.04 17:10:31.702,8.91819,8.92039,1.00,1.75
2016.01.04 17:10:31.754,8.91795,8.92039,1.00,1.75
2016.01.04 17:10:33.251,8.91769,8.92006,1.00,1.37
2016.01.04 17:10:33.924,8.91778,8.92006,1.00,1.37
2016.01.04 17:10:34.798,8.91754,8.92006,1.00,1.37
2016.01.04 17:10:34.850,8.91754,8.91981,1.00,1.00
2016.01.04 17:10:35.052,8.91721,8.91981,1.00,1.00
2016.01.04 17:10:35.154,8.91744,8.91981,1.00,1.00
2016.01.04 17:10:35.462,8.9172,8.91948,1.00,1.07
2016.01.04 17:10:36.675,8.9172,8.91931,1.00,1.00
2016.01.04 17:10:37.334,8.91721,8.91931,1.00,1.00
2016.01.04 17:10:38.007,8.91701,8.91931,1.00,1.00
2016.01.04 17:10:38.058,8.91711,8.91931,1.00,1.00
2016.01.04 17:10:39.573,8.91711,8.9194,1.00,1.07
2016.01.04 17:10:40.202,8.91701,8.9194,1.00,1.07
2016.01.04 17:10:40.253,8.91701,8.9194,1.00,1.37
2016.01.04 17:10:41.333,8.91711,8.91922,1.00,1.07
2016.01.04 17:10:42.631,8.91701,8.91922,1.00,1.07
2016.01.04 17:10:44.319,8.91703,8.9193,1.00,1.07
2016.01.04 17:10:44.625,8.91637,8.91881,1.00,1.00
2016.01.04 17:10:44.827,8.91621,8.91881,1.00,1.00
2016.01.04 17:10:44.878,8.91621,8.91841,1.00,1.00
2016.01.04 17:10:45.592,8.91575,8.91841,1.00,1.00
2016.01.04 17:10:45.643,8.91575,8.91747,1.00,1.00
2016.01.04 17:10:45.795,8.91545,8.91747,1.00,1.00
2016.01.04 17:10:46.048,8.9152,8.91747,1.00,1.00
2016.01.04 17:10:46.173,8.9152,8.91747,1.00,1.37
2016.01.04 17:10:47.022,8.91497,8.91702,1.00,1.37
2016.01.04 17:10:47.356,8.91497,8.91702,1.00,1.75
2016.01.04 17:10:49.301,8.91478,8.91702,1.00,1.75
2016.01.04 17:10:49.352,8.91438,8.91656,1.00,1.07
2016.01.04 17:10:49.504,8.91438,8.91656,1.00,1.75
2016.01.04 17:10:50.093,8.91422,8.91656,1.00,1.75
2016.01.04 17:10:50.737,8.91422,8.91656,1.00,1.75
2016.01.04 17:10:51.453,8.91422,8.91656,1.00,1.75
2016.01.04 17:10:51.793,8.91422,8.91656,1.00,1.75
2016.01.04 17:10:52.613,8.91424,8.91664,1.00,1.75
2016.01.04 17:10:53.422,8.91373,8.91587,1.00,1.37
2016.01.04 17:10:53.473,8.91373,8.91587,1.00,1.75
2016.01.04 17:10:53.524,8.91333,8.91587,1.00,1.75
2016.01.04 17:10:53.986,8.91319,8.91587,1.00,1.75
2016.01.04 17:10:54.037,8.91319,8.91587,1.00,1.75
2016.01.04 17:10:54.344,8.91336,8.91592,1.00,1.75
2016.01.04 17:10:54.446,8.91372,8.91592,1.00,1.00
2016.01.04 17:10:54.498,8.91343,8.91668,1.00,1.75
2016.01.04 17:10:54.599,8.91434,8.91685,1.00,1.75
2016.01.04 17:10:54.751,8.91343,8.91569,1.00,1.00
2016.01.04 17:10:54.802,8.91343,8.91569,1.00,1.07
2016.01.04 17:10:55.333,8.91312,8.91569,1.00,1.37
2016.01.04 17:10:56.413,8.91312,8.91554,1.00,1.75
2016.01.04 17:10:58.003,8.91305,8.91554,1.00,1.75
2016.01.04 17:10:59.710,8.91305,8.91553,1.00,1.75
2016.01.04 17:11:00.180,8.91305,8.91553,1.00,1.37
2016.01.04 17:11:00.231,8.91303,8.91553,1.00,1.37
2016.01.04 17:11:00.783,8.91303,8.91532,1.00,1.00
2016.01.04 17:11:02.344,8.91303,8.9154,1.00,1.00
2016.01.04 17:11:03.838,8.91373,8.9154,1.00,1.00
2016.01.04 17:11:03.889,8.91373,8.91593,1.00,1.00
2016.01.04 17:11:03.990,8.91373,8.91642,1.00,1.00
2016.01.04 17:11:04.092,8.91469,8.91688,1.00,1.00
2016.01.04 17:11:04.143,8.91469,8.91717,1.00,1.07
2016.01.04 17:11:04.245,8.91469,8.9178,1.00,1.00
2016.01.04 17:11:04.347,8.91369,8.9178,1.00,1.00
2016.01.04 17:11:04.397,8.91607,8.91838,1.00,1.00
2016.01.04 17:11:04.448,8.91607,8.91841,1.00,1.00
2016.01.04 17:11:05.203,8.91637,8.91841,1.00,1.00
2016.01.04 17:11:05.308,8.91637,8.91908,1.00,1.75
2016.01.04 17:11:05.359,8.91637,8.91908,1.00,1.07
2016.01.04 17:11:05.409,8.91663,8.91908,1.00,1.07
2016.01.04 17:11:05.460,8.91663,8.91918,1.00,1.00
2016.01.04 17:11:05.612,8.91797,8.91918,1.00,1.00
2016.01.04 17:11:05.765,8.91818,8.91978,1.00,1.00
2016.01.04 17:11:05.816,8.91843,8.91988,1.00,1.00
2016.01.04 17:11:05.968,8.91843,8.92018,1.00,1.50
2016.01.04 17:11:06.070,8.91889,8.92018,1.00,1.50
2016.01.04 17:11:06.668,8.9187,8.92017,1.00,1.00
2016.01.04 17:11:06.854,8.9187,8.92007,1.00,1.00
2016.01.04 17:11:07.235,8.9187,8.91997,1.00,1.00
2016.01.04 17:11:07.758,8.9187,8.91998,1.00,1.00
2016.01.04 17:11:08.382,8.91763,8.92018,1.00,1.00
2016.01.04 17:11:08.433,8.91737,8.91833,1.00,1.00
2016.01.04 17:11:08.586,8.91447,8.91793,1.00,1.00
2016.01.04 17:11:08.637,8.91578,8.91793,1.00,1.37
2016.01.04 17:11:08.740,8.91578,8.91825,1.00,1.00
2016.01.04 17:11:09.041,8.91578,8.91858,1.00,1.00
2016.01.04 17:11:09.393,8.91543,8.91857,1.00,1.00
2016.01.04 17:11:10.016,8.91536,8.91857,1.00,1.00
2016.01.04 17:11:10.067,8.91536,8.91868,1.00,1.00
2016.01.04 17:11:10.183,8.91536,8.91898,1.00,1.00
2016.01.04 17:11:10.294,8.91536,8.91908,1.00,1.00
2016.01.04 17:11:10.345,8.91567,8.91908,1.00,1.00
2016.01.04 17:11:10.668,8.91591,8.91917,1.00,1.00
2016.01.04 17:11:11.117,8.91601,8.91917,1.00,1.00
2016.01.04 17:11:11.608,8.91641,8.91917,1.00,1.00
2016.01.04 17:11:11.659,8.91641,8.91928,1.00,1.00
2016.01.04 17:11:12.313,8.91641,8.91917,1.00,1.00
2016.01.04 17:11:12.652,8.91625,8.91898,1.00,1.00
2016.01.04 17:11:12.702,8.91528,8.91898,1.00,1.00
2016.01.04 17:11:13.239,8.91573,8.91898,1.00,1.00
2016.01.04 17:11:13.443,8.91573,8.91918,1.00,1.00
2016.01.04 17:11:14.061,8.91601,8.91918,1.00,1.00
2016.01.04 17:11:14.375,8.9162,8.91908,1.00,1.00
2016.01.04 17:11:14.426,8.9162,8.91918,1.00,1.00
2016.01.04 17:11:15.617,8.91605,8.91918,1.00,1.00
2016.01.04 17:11:15.668,8.91635,8.91918,1.00,1.00
2016.01.04 17:11:15.742,8.91624,8.91918,1.00,1.00
2016.01.04 17:11:16.379,8.9157,8.91918,1.00,1.00
2016.01.04 17:11:17.088,8.91608,8.91918,1.00,1.00
2016.01.04 17:11:18.804,8.91608,8.91933,1.00,1.00
2016.01.04 17:11:18.855,8.91611,8.91968,1.00,1.07
2016.01.04 17:11:18.906,8.91611,8.91968,1.00,1.07
2016.01.04 17:11:19.184,8.91603,8.91968,1.00,1.07
2016.01.04 17:11:19.235,8.91621,8.91968,1.00,1.00
2016.01.04 17:11:19.607,8.91621,8.91958,1.00,1.00
2016.01.04 17:11:20.152,8.91625,8.91955,1.00,1.00
2016.01.04 17:11:20.533,8.91663,8.91958,1.00,1.00
2016.01.04 17:11:20.840,8.91652,8.91958,1.00,1.00
2016.01.04 17:11:20.891,8.91657,8.91958,1.00,1.00
2016.01.04 17:11:21.556,8.91681,8.91968,1.00,1.00
2016.01.04 17:11:21.610,8.91681,8.91998,1.00,1.00
2016.01.04 17:11:21.916,8.91681,8.92006,1.00,1.07
2016.01.04 17:11:23.187,8.91688,8.92028,1.00,1.37
2016.01.04 17:11:23.493,8.91709,8.92028,1.00,1.37
2016.01.04 17:11:23.695,8.91679,8.92013,1.00,1.07
2016.01.04 17:11:23.746,8.91679,8.91998,1.00,1.00
2016.01.04 17:11:23.965,8.91542,8.91951,1.00,1.00
2016.01.04 17:11:24.548,8.91542,8.91951,1.00,1.37
2016.01.04 17:11:25.334,8.9163,8.91951,1.00,1.37
2016.01.04 17:11:26.128,8.91669,8.91991,1.00,1.07
2016.01.04 17:11:26.431,8.91649,8.92007,1.00,1.37
2016.01.04 17:11:26.753,8.91632,8.91998,1.00,1.87
2016.01.04 17:11:26.855,8.9159,8.91969,1.00,1.00
2016.01.04 17:11:28.016,8.91777,8.92008,1.00,1.50
2016.01.04 17:11:28.067,8.917,8.92008,1.00,1.00
2016.01.04 17:11:28.371,8.917,8.92058,1.00,1.37
2016.01.04 17:11:28.891,8.917,8.92028,1.00,1.37
2016.01.04 17:11:29.204,8.91832,8.92038,1.00,1.07
2016.01.04 17:11:29.742,8.9177,8.92038,1.00,1.00
2016.01.04 17:11:29.793,8.91764,8.92038,1.00,1.00
2016.01.04 17:11:29.895,8.91764,8.92038,1.00,1.37
2016.01.04 17:11:30.592,8.91824,8.92038,1.00,1.37
2016.01.04 17:11:30.744,8.91824,8.92038,1.00,1.00
2016.01.04 17:11:31.033,8.91745,8.92038,1.00,1.00
2016.01.04 17:11:31.505,8.91712,8.92037,1.00,1.37
2016.01.04 17:11:31.606,8.91758,8.92048,1.00,1.50
2016.01.04 17:11:31.657,8.91779,8.92048,1.00,1.00
2016.01.04 17:11:31.708,8.91757,8.92048,1.37,1.00
2016.01.04 17:11:31.760,8.91757,8.92068,1.37,1.00
2016.01.04 17:11:31.861,8.91758,8.92048,1.37,1.00
2016.01.04 17:11:32.113,8.91758,8.92057,1.37,1.00
2016.01.04 17:11:32.165,8.91786,8.92057,1.00,1.00
2016.01.04 17:11:32.216,8.91742,8.92057,1.37,1.00
2016.01.04 17:11:32.832,8.91774,8.92058,1.00,1.00
2016.01.04 17:11:33.384,8.91774,8.92048,1.00,1.00
2016.01.04 17:11:35.541,8.91755,8.92048,1.00,1.00
2016.01.04 17:11:35.727,8.91755,8.92058,1.00,1.50
2016.01.04 17:11:36.322,8.91755,8.92047,1.00,1.00
2016.01.04 17:11:36.373,8.91747,8.92057,1.00,1.00
2016.01.04 17:11:36.675,8.91747,8.92048,1.00,1.00
2016.01.04 17:11:37.079,8.9173,8.92008,1.07,1.00
2016.01.04 17:11:37.130,8.9173,8.92018,1.07,1.00
2016.01.04 17:11:37.373,8.9173,8.92007,1.07,1.00
2016.01.04 17:11:37.828,8.9174,8.92007,1.00,1.00
2016.01.04 17:11:38.081,8.91562,8.91901,2.44,1.75
2016.01.04 17:11:39.584,8.91532,8.91888,1.75,1.75
2016.01.04 17:11:39.686,8.9152,8.91888,1.75,1.75
2016.01.04 17:11:39.923,8.9152,8.91888,1.00,1.75
2016.01.04 17:11:41.610,8.9152,8.91868,1.00,1.75
2016.01.04 17:11:41.971,8.91527,8.91854,1.00,1.75
2016.01.04 17:11:44.542,8.91492,8.91828,1.00,1.75
2016.01.04 17:11:44.753,8.91497,8.91823,1.00,1.75
2016.01.04 17:11:45.129,8.91548,8.91823,1.00,1.75
2016.01.04 17:11:45.180,8.91548,8.9186,1.07,1.00
2016.01.04 17:11:45.282,8.91556,8.91888,1.12,1.00
2016.01.04 17:11:45.333,8.91607,8.91888,1.00,1.00
2016.01.04 17:11:45.966,8.91698,8.91988,1.00,1.00
2016.01.04 17:11:46.342,8.91674,8.91988,1.00,1.00
2016.01.04 17:11:46.624,8.91665,8.91987,1.00,1.00
2016.01.04 17:11:46.803,8.91665,8.91987,1.10,1.37
2016.01.04 17:11:47.353,8.91774,8.91987,1.00,1.37
2016.01.04 17:11:47.404,8.91774,8.91977,1.00,1.00
2016.01.04 17:11:47.902,8.91712,8.91977,1.00,1.00
2016.01.04 17:11:48.400,8.91695,8.91978,1.50,1.00
2016.01.04 17:11:48.981,8.91706,8.91978,1.00,1.00
2016.01.04 17:11:49.184,8.91706,8.91988,1.00,1.00
2016.01.04 17:11:49.602,8.91695,8.92008,1.00,1.00
2016.01.04 17:11:49.653,8.9186,8.92008,1.00,1.00
2016.01.04 17:11:49.873,8.91695,8.92007,1.00,1.00
2016.01.04 17:11:49.924,8.91695,8.92018,1.00,1.07
2016.01.04 17:11:50.425,8.91715,8.92018,1.00,1.00
2016.01.04 17:11:50.832,8.9186,8.92018,1.00,1.00
2016.01.04 17:11:51.294,8.91755,8.92018,1.00,1.00
2016.01.04 17:11:51.860,8.91771,8.92017,1.00,1.00
2016.01.04 17:11:52.181,8.91698,8.92017,1.07,1.00
2016.01.04 17:11:52.301,8.91698,8.92017,1.00,1.10
2016.01.04 17:11:52.403,8.91787,8.92017,1.00,1.10
2016.01.04 17:11:52.782,8.91698,8.92017,1.00,1.00
2016.01.04 17:11:53.983,8.91691,8.91889,1.00,1.00
2016.01.04 17:11:54.088,8.91691,8.91948,1.00,1.00
2016.01.04 17:11:54.400,8.91691,8.91938,1.00,1.00
2016.01.04 17:11:54.725,8.91695,8.91938,1.00,1.00
2016.01.04 17:11:55.397,8.91724,8.91938,1.00,1.00
2016.01.04 17:11:55.601,8.9167,8.91938,1.00,1.00
2016.01.04 17:11:55.904,8.9167,8.91928,1.00,1.00
2016.01.04 17:11:56.557,8.91685,8.91928,1.00,1.00
2016.01.04 17:11:57.189,8.91776,8.91928,1.00,1.00
2016.01.04 17:11:57.341,8.91727,8.91928,1.00,1.00
2016.01.04 17:11:58.124,8.91727,8.91977,1.00,1.00
2016.01.04 17:11:58.962,8.91727,8.91978,1.00,1.00
2016.01.04 17:11:59.614,8.91727,8.91977,1.00,1.00
2016.01.04 17:12:00.400,8.91692,8.91977,1.00,1.00
2016.01.04 17:12:00.909,8.91692,8.91978,1.00,1.00
2016.01.04 17:12:05.625,8.91692,8.91968,1.00,1.00
2016.01.04 17:12:06.689,8.91692,8.91978,1.00,1.00
2016.01.04 17:12:10.962,8.91692,8.91988,1.00,1.00
2016.01.04 17:12:15.046,8.91692,8.91978,1.00,1.00
2016.01.04 17:12:17.781,8.91692,8.91968,1.00,1.00
2016.01.04 17:12:20.658,8.91692,8.91958,1.00,1.00
2016.01.04 17:12:21.151,8.91698,8.91958,1.00,1.00
2016.01.04 17:12:22.563,8.91698,8.91957,1.00,1.00
2016.01.04 17:12:23.400,8.91692,8.91957,1.00,1.00
2016.01.04 17:12:24.003,8.91692,8.91958,1.00,1.00
2016.01.04 17:12:24.104,8.91692,8.91998,1.00,1.00
2016.01.04 17:12:24.155,8.91714,8.91998,1.00,1.00
2016.01.04 17:12:25.587,8.91726,8.91998,1.00,1.00
2016.01.04 17:12:25.638,8.91722,8.91998,1.00,1.00
2016.01.04 17:12:26.307,8.91722,8.92008,1.00,1.00
2016.01.04 17:12:26.602,8.91723,8.91998,1.00,1.00
2016.01.04 17:12:27.065,8.91753,8.92028,1.00,1.00
2016.01.04 17:12:27.392,8.9176,8.92028,1.00,1.00
2016.01.04 17:12:27.881,8.91761,8.92017,1.00,1.00
2016.01.04 17:12:28.192,8.91773,8.92017,1.00,1.00
2016.01.04 17:12:28.386,8.91773,8.92028,1.00,1.00
2016.01.04 17:12:29.514,8.9174,8.92008,1.00,1.00
2016.01.04 17:12:30.051,8.91741,8.92008,1.00,1.00
2016.01.04 17:12:30.974,8.91741,8.91998,1.00,1.00
2016.01.04 17:12:33.205,8.91672,8.91784,1.00,1.00
2016.01.04 17:12:33.381,8.91467,8.91784,1.00,1.00
2016.01.04 17:12:33.953,8.91405,8.91784,1.00,1.00
2016.01.04 17:12:34.952,8.91405,8.918,1.00,1.00
2016.01.04 17:12:36.187,8.91405,8.91817,1.00,1.00
2016.01.04 17:12:37.751,8.91405,8.91811,1.00,1.00
2016.01.04 17:12:40.173,8.91405,8.91847,1.00,1.00
2016.01.04 17:12:50.049,8.91407,8.91849,1.00,1.00
2016.01.04 17:13:02.110,8.91407,8.9183,1.00,1.00
2016.01.04 17:13:12.779,8.91407,8.91824,1.00,1.00
2016.01.04 17:13:17.289,8.91407,8.9183,1.00,1.00
2016.01.04 17:13:19.089,8.91407,8.91824,1.00,1.00
2016.01.04 17:13:20.401,8.91407,8.91849,1.00,1.00
2016.01.04 17:13:20.719,8.91427,8.91846,1.00,1.00
2016.01.04 17:13:21.019,8.91415,8.9185,1.00,1.00
2016.01.04 17:13:21.741,8.91408,8.9185,1.00,1.00
2016.01.04 17:13:22.349,8.91425,8.9185,1.00,1.00
2016.01.04 17:13:22.731,8.91459,8.9185,1.00,1.00
2016.01.04 17:13:26.802,8.91477,8.91911,1.00,1.00
2016.01.04 17:13:27.060,8.91484,8.91903,1.00,1.00
2016.01.04 17:13:27.200,8.91477,8.91919,1.00,1.00
2016.01.04 17:13:28.202,8.91482,8.91919,1.00,1.00
2016.01.04 17:13:29.717,8.91541,8.9196,1.00,1.00
2016.01.04 17:13:31.205,8.91524,8.91967,1.50,1.07
2016.01.04 17:13:31.709,8.91544,8.91967,1.00,1.07
2016.01.04 17:13:32.299,8.91566,8.91967,1.00,1.07
2016.01.04 17:13:36.247,8.91566,8.91967,1.00,1.45
2016.01.04 17:13:36.299,8.91524,8.91967,1.00,1.45
2016.01.04 17:13:36.678,8.91528,8.91964,1.00,1.37
2016.01.04 17:13:37.836,8.91554,8.91928,1.00,1.00
2016.01.04 17:13:38.482,8.91589,8.91923,1.00,1.00
2016.01.04 17:13:53.969,8.91589,8.91923,1.00,1.37
2016.01.04 17:13:56.390,8.91589,8.91923,1.00,1.12
2016.01.04 17:13:56.963,8.91556,8.91888,1.00,1.00
2016.01.04 17:13:57.015,8.91423,8.91865,1.00,1.00
2016.01.04 17:13:58.907,8.91423,8.91865,1.00,1.37
2016.01.04 17:14:00.529,8.91423,8.91839,1.00,1.00
2016.01.04 17:14:02.331,8.91423,8.91865,1.00,1.00
2016.01.04 17:14:03.547,8.91423,8.91846,1.00,1.00
2016.01.04 17:14:08.126,8.91423,8.91865,1.00,1.00
2016.01.04 17:14:08.425,8.91434,8.91865,1.00,1.00
2016.01.04 17:14:09.505,8.91434,8.91865,1.07,1.00
2016.01.04 17:14:10.205,8.91459,8.91865,1.00,1.00
2016.01.04 17:14:16.410,8.91459,8.91893,1.00,1.00
2016.01.04 17:14:42.961,8.91459,8.91894,1.00,1.00
2016.01.04 17:14:46.669,8.91492,8.91894,1.00,1.00
2016.01.04 17:14:47.682,8.91493,8.9193,1.00,1.00
2016.01.04 17:14:49.979,8.91493,8.9193,1.07,1.00
2016.01.04 17:14:57.167,8.91492,8.91893,1.07,1.00
2016.01.04 17:14:59.074,8.91493,8.91914,1.07,1.00
2016.01.04 17:14:59.144,8.91493,8.9193,1.07,1.00
2016.01.04 17:15:00.256,8.91494,8.91901,1.07,1.00
2016.01.04 17:15:03.380,8.91494,8.91901,1.00,1.00
2016.01.04 17:15:07.021,8.91494,8.91894,1.00,1.00
2016.01.04 17:15:22.469,8.91494,8.91901,1.00,1.00
2016.01.04 17:16:00.975,8.91462,8.91902,1.00,1.00
2016.01.04 17:16:02.900,8.91464,8.91907,1.00,1.00
2016.01.04 17:16:05.300,8.91499,8.91871,1.00,1.00
2016.01.04 17:16:06.328,8.91499,8.91866,1.00,1.37
2016.01.04 17:16:06.379,8.91423,8.91866,1.00,1.37
2016.01.04 17:16:07.078,8.91423,8.91866,1.00,1.37
2016.01.04 17:16:07.329,8.91423,8.91839,1.00,1.00
2016.01.04 17:16:09.697,8.91451,8.91856,1.00,1.00
2016.01.04 17:16:10.270,8.91456,8.91856,1.00,1.00
2016.01.04 17:16:10.375,8.91459,8.91866,1.00,1.00
2016.01.04 17:16:10.426,8.91456,8.91866,1.00,1.00
2016.01.04 17:16:11.417,8.91459,8.91851,1.00,1.00
2016.01.04 17:16:11.589,8.91423,8.91866,1.00,1.00
2016.01.04 17:16:12.609,8.91423,8.91856,1.50,1.00
2016.01.04 17:16:12.660,8.91423,8.91866,1.00,1.00
2016.01.04 17:16:12.837,8.91423,8.91849,1.00,1.00
2016.01.04 17:16:13.161,8.91414,8.91824,1.00,1.00
2016.01.04 17:16:13.363,8.91342,8.91782,1.00,1.00
2016.01.04 17:16:14.979,8.91365,8.91782,1.00,1.00
2016.01.04 17:16:17.501,8.91382,8.918,1.00,1.00
2016.01.04 17:16:19.676,8.91398,8.91824,1.00,1.00
2016.01.04 17:16:38.369,8.91393,8.91805,1.00,1.00
2016.01.04 17:16:40.407,8.91393,8.91804,1.00,1.00
2016.01.04 17:16:43.607,8.91393,8.91757,1.00,1.00
2016.01.04 17:16:43.708,8.91374,8.91757,1.00,1.00
2016.01.04 17:16:43.810,8.91317,8.91757,1.00,1.00
2016.01.04 17:16:46.365,8.91317,8.9175,1.00,1.00
2016.01.04 17:16:52.412,8.91317,8.91749,1.00,1.75
2016.01.04 17:16:52.683,8.91267,8.91709,1.07,1.00
2016.01.04 17:16:53.493,8.91283,8.91709,1.00,1.00
2016.01.04 17:16:53.595,8.91267,8.91709,1.07,1.00
2016.01.04 17:16:54.311,8.91267,8.91701,1.07,1.00
2016.01.04 17:16:56.743,8.91267,8.91701,1.00,1.00
2016.01.04 17:16:56.888,8.91266,8.91667,1.00,1.00
2016.01.04 17:16:58.700,8.91225,8.91667,1.00,1.00
2016.01.04 17:16:59.169,8.91225,8.91659,1.00,1.00
2016.01.04 17:16:59.473,8.91141,8.91425,1.00,1.12
2016.01.04 17:17:00.082,8.91112,8.91378,1.00,1.12
2016.01.04 17:17:00.133,8.90982,8.91366,1.00,1.75
2016.01.04 17:17:00.674,8.90992,8.91366,1.00,1.75
2016.01.04 17:17:00.824,8.90994,8.91403,1.00,1.75
2016.01.04 17:17:00.875,8.91002,8.91403,1.00,1.07
2016.01.04 17:17:01.027,8.91024,8.91403,1.00,1.07
2016.01.04 17:17:01.692,8.91035,8.91462,1.00,1.00
2016.01.04 17:17:01.744,8.91073,8.91462,1.00,1.00
2016.01.04 17:17:01.795,8.91079,8.91521,1.00,1.00
2016.01.04 17:17:03.798,8.91093,8.91521,1.00,1.00
2016.01.04 17:17:17.290,8.91093,8.91499,1.00,1.00
2016.01.04 17:17:23.306,8.91098,8.91518,1.00,1.00
2016.01.04 17:17:23.824,8.91098,8.9154,1.00,1.00
2016.01.04 17:17:30.090,8.91117,8.9154,1.00,1.00
2016.01.04 17:17:37.702,8.91105,8.9154,1.00,1.00
2016.01.04 17:17:37.753,8.91098,8.9154,1.00,1.00
2016.01.04 17:17:39.342,8.91083,8.91526,1.00,1.00
2016.01.04 17:17:40.031,8.91102,8.91526,1.00,1.00
2016.01.04 17:17:40.810,8.91123,8.91526,1.00,1.00
2016.01.04 17:17:40.861,8.91134,8.91576,1.00,1.00
2016.01.04 17:17:51.090,8.91175,8.91576,1.00,1.00
2016.01.04 17:17:53.304,8.91134,8.91576,1.00,1.37
2016.01.04 17:17:55.016,8.91134,8.9154,1.00,1.00
2016.01.04 17:17:57.427,8.91134,8.9154,1.00,1.37
2016.01.04 17:17:58.504,8.91134,8.91504,1.00,1.00
2016.01.04 17:17:59.718,8.91105,8.91504,1.00,1.00
2016.01.04 17:18:00.206,8.91105,8.91488,1.00,1.00
2016.01.04 17:18:01.802,8.9112,8.91504,1.00,1.00
2016.01.04 17:18:02.055,8.91105,8.91504,1.00,1.00
2016.01.04 17:18:18.268,8.91105,8.915,1.00,1.00
2016.01.04 17:18:20.963,8.91105,8.91469,1.00,1.00
2016.01.04 17:18:22.062,8.91105,8.91449,1.00,1.00
2016.01.04 17:18:22.380,8.91113,8.91449,1.00,1.00
2016.01.04 17:18:26.831,8.91142,8.91449,1.00,1.00
2016.01.04 17:18:26.932,8.91142,8.91485,1.00,1.00
2016.01.04 17:18:27.396,8.91175,8.91504,1.37,1.00
2016.01.04 17:18:27.453,8.91175,8.91529,1.37,1.00
2016.01.04 17:18:29.297,8.91216,8.91529,1.00,1.00
2016.01.04 17:18:43.378,8.91216,8.91543,1.00,1.00
2016.01.04 17:18:54.953,8.91216,8.91515,1.00,1.00
2016.01.04 17:18:55.003,8.91197,8.91515,1.00,1.00
2016.01.04 17:18:55.054,8.9117,8.91515,1.00,1.00
2016.01.04 17:18:55.105,8.91111,8.91515,1.10,1.00
2016.01.04 17:18:55.156,8.91111,8.91449,1.10,1.00
2016.01.04 17:18:56.370,8.91083,8.91449,1.00,1.00
2016.01.04 17:18:56.421,8.91063,8.91449,1.07,1.00
2016.01.04 17:18:56.522,8.91042,8.91428,1.37,1.00
2016.01.04 17:18:56.835,8.91042,8.91407,1.37,1.00
2016.01.04 17:18:58.354,8.91086,8.91407,1.10,1.00
2016.01.04 17:18:58.468,8.91086,8.91445,1.10,1.00
2016.01.04 17:18:58.691,8.91109,8.91438,1.00,1.00
2016.01.04 17:19:04.696,8.91109,8.9142,1.00,1.00
2016.01.04 17:19:05.207,8.91038,8.9142,1.07,1.00
2016.01.04 17:19:05.308,8.91012,8.9142,1.00,1.12
2016.01.04 17:19:06.817,8.91012,8.914,1.00,1.00
2016.01.04 17:19:07.236,8.91012,8.91386,1.00,1.00
2016.01.04 17:19:07.826,8.91019,8.91364,1.00,1.00
2016.01.04 17:19:09.586,8.91038,8.91364,1.00,1.00
2016.01.04 17:19:10.049,8.91055,8.91374,1.00,1.00
2016.01.04 17:19:14.870,8.91043,8.91374,1.00,1.00
2016.01.04 17:19:17.063,8.91054,8.91374,1.00,1.00
2016.01.04 17:19:17.855,8.91043,8.91374,1.00,1.00
2016.01.04 17:19:21.226,8.91065,8.91396,1.00,1.00
2016.01.04 17:19:21.378,8.91042,8.91412,1.00,1.50
2016.01.04 17:19:21.904,8.91042,8.91369,1.00,1.00
2016.01.04 17:19:22.233,8.91054,8.91369,1.00,1.00
2016.01.04 17:19:26.874,8.91054,8.91198,1.00,1.75
2016.01.04 17:19:26.925,8.90929,8.91138,1.00,1.37
2016.01.04 17:19:27.026,8.90922,8.91138,1.00,1.37
2016.01.04 17:19:27.077,8.90922,8.91103,1.00,1.00
2016.01.04 17:19:27.128,8.90912,8.91103,1.00,1.00
2016.01.04 17:19:27.230,8.90912,8.91122,1.00,1.12
2016.01.04 17:19:27.331,8.9096,8.91137,1.00,1.00
2016.01.04 17:19:27.433,8.90963,8.91177,1.00,1.00
2016.01.04 17:19:27.535,8.90962,8.91177,1.37,1.00
2016.01.04 17:19:28.019,8.90984,8.91311,1.37,1.00
2016.01.04 17:19:28.568,8.90974,8.91317,1.75,1.00
2016.01.04 17:19:28.720,8.90959,8.91379,1.75,1.00
2016.01.04 17:19:29.007,8.90994,8.91367,1.75,1.00
2016.01.04 17:19:29.109,8.90972,8.91379,1.75,1.00
2016.01.04 17:19:29.160,8.90972,8.91379,1.75,1.00
2016.01.04 17:19:29.708,8.91006,8.91365,1.75,1.00
2016.01.04 17:19:30.957,8.91029,8.91356,1.37,1.00
2016.01.04 17:19:31.467,8.90993,8.91367,1.75,1.00
2016.01.04 17:19:31.762,8.9101,8.91379,1.75,1.00
2016.01.04 17:19:31.813,8.91028,8.9137,1.50,1.00
2016.01.04 17:19:38.318,8.91028,8.9134,1.50,1.75
2016.01.04 17:19:38.852,8.90972,8.91299,1.00,1.37
2016.01.04 17:19:39.176,8.90973,8.91297,1.00,1.75
2016.01.04 17:19:39.435,8.90932,8.91239,1.00,1.07
2016.01.04 17:19:40.354,8.90943,8.91239,1.00,1.07
2016.01.04 17:19:40.835,8.90944,8.91218,1.00,1.00
2016.01.04 17:19:43.481,8.90944,8.91221,1.00,1.00
2016.01.04 17:19:43.532,8.90953,8.91221,1.00,1.00
2016.01.04 17:19:44.100,8.90962,8.91221,1.00,1.00
2016.01.04 17:19:44.151,8.90944,8.91209,1.00,1.00
2016.01.04 17:19:44.202,8.90942,8.91209,1.00,1.00
2016.01.04 17:19:44.253,8.90881,8.91152,1.00,1.00
2016.01.04 17:19:44.354,8.90872,8.91152,1.00,1.00
2016.01.04 17:19:45.154,8.90882,8.91152,1.00,1.00
2016.01.04 17:19:45.760,8.90872,8.91152,1.00,1.00
2016.01.04 17:19:45.861,8.90882,8.91152,1.00,1.00
2016.01.04 17:19:47.216,8.90903,8.91152,1.00,1.00
2016.01.04 17:19:47.912,8.90903,8.91176,1.00,1.00
2016.01.04 17:19:47.963,8.90922,8.91176,1.00,1.00
2016.01.04 17:19:48.322,8.90932,8.91201,1.00,1.75
2016.01.04 17:19:50.314,8.90922,8.91185,1.00,1.07
2016.01.04 17:19:50.373,8.90922,8.91185,1.00,1.07
2016.01.04 17:19:51.855,8.90922,8.91165,1.00,1.00
2016.01.04 17:19:52.405,8.90922,8.91134,1.00,1.00
2016.01.04 17:19:53.454,8.90922,8.91176,1.00,1.07
2016.01.04 17:19:54.564,8.90902,8.91176,1.00,1.07
2016.01.04 17:19:55.783,8.90902,8.91168,1.00,1.00
2016.01.04 17:19:58.368,8.90902,8.91176,1.00,1.07
2016.01.04 17:20:00.952,8.90902,8.91167,1.00,1.00
2016.01.04 17:20:02.365,8.90912,8.91167,1.00,1.00
2016.01.04 17:20:02.924,8.90913,8.91167,1.00,1.00
2016.01.04 17:20:03.154,8.90913,8.91176,1.00,1.07
2016.01.04 17:20:05.793,8.90892,8.91176,1.00,1.07
2016.01.04 17:20:08.660,8.90902,8.91176,1.00,1.07
2016.01.04 17:20:16.635,8.90903,8.91185,1.00,1.07
2016.01.04 17:20:17.538,8.90902,8.91199,1.00,1.37
2016.01.04 17:20:18.095,8.90912,8.912,1.00,1.37
2016.01.04 17:20:20.671,8.90943,8.91199,1.00,1.00
2016.01.04 17:20:20.722,8.90943,8.91248,1.00,1.75
2016.01.04 17:20:20.874,8.90952,8.91278,1.00,1.00
2016.01.04 17:20:20.975,8.90982,8.91329,1.00,1.00
2016.01.04 17:20:21.094,8.90982,8.91329,1.00,1.75
2016.01.04 17:20:21.657,8.90993,8.91329,1.00,1.75
2016.01.04 17:20:22.057,8.91002,8.91329,1.00,1.75
2016.01.04 17:20:22.734,8.91032,8.9135,1.00,1.00
2016.01.04 17:20:22.785,8.91032,8.91371,1.00,1.00
2016.01.04 17:20:22.887,8.91072,8.91428,1.00,1.50
2016.01.04 17:20:24.207,8.91092,8.91428,1.00,1.00
2016.01.04 17:20:25.366,8.91102,8.91428,1.00,1.00
2016.01.04 17:20:26.570,8.91112,8.91428,1.00,1.00
2016.01.04 17:20:27.372,8.91122,8.91428,1.00,1.00
2016.01.04 17:20:29.858,8.91132,8.91428,1.00,1.00
2016.01.04 17:20:30.205,8.91123,8.91427,1.00,1.00
2016.01.04 17:20:30.282,8.91112,8.91418,1.50,1.00
2016.01.04 17:20:31.432,8.91123,8.91427,1.00,1.00
2016.01.04 17:20:31.888,8.91132,8.91439,1.00,1.07
2016.01.04 17:20:31.990,8.91132,8.91439,1.00,1.00
2016.01.04 17:20:32.513,8.91133,8.91439,1.00,1.00
2016.01.04 17:20:33.616,8.91142,8.91439,1.00,1.00
2016.01.04 17:20:37.185,8.91142,8.91439,1.00,1.75
2016.01.04 17:20:37.424,8.91122,8.91418,1.00,1.37
2016.01.04 17:20:38.903,8.91112,8.91408,1.00,1.12
2016.01.04 17:20:40.805,8.91113,8.91415,1.00,1.37
2016.01.04 17:20:40.909,8.91123,8.91415,1.00,1.37
2016.01.04 17:20:41.214,8.91132,8.91415,1.00,1.12
2016.01.04 17:20:42.902,8.91142,8.91415,1.00,1.12
2016.01.04 17:20:44.030,8.91152,8.91415,1.00,1.12
2016.01.04 17:20:46.620,8.91162,8.91468,1.00,1.07
2016.01.04 17:20:46.857,8.91162,8.91454,1.00,1.00
2016.01.04 17:20:47.337,8.91172,8.91454,1.00,1.00
2016.01.04 17:20:47.470,8.91152,8.91454,1.00,1.00
2016.01.04 17:20:50.043,8.91162,8.91454,1.00,1.00
2016.01.04 17:20:56.333,8.91162,8.91454,1.00,1.37
2016.01.04 17:20:57.475,8.91172,8.91454,1.00,1.37
2016.01.04 17:20:58.117,8.91182,8.91477,1.00,1.75
2016.01.04 17:20:59.061,8.91193,8.91459,1.00,1.37
2016.01.04 17:21:00.264,8.91192,8.91479,1.00,1.75
2016.01.04 17:21:00.366,8.91202,8.91479,1.00,1.37
2016.01.04 17:21:00.584,8.91202,8.91479,1.00,1.00
2016.01.04 17:21:02.070,8.91212,8.91479,1.00,1.00
2016.01.04 17:21:07.485,8.91202,8.91479,1.00,1.00
2016.01.04 17:21:07.819,8.91182,8.91479,1.00,1.00
2016.01.04 17:21:07.921,8.91163,8.91479,1.00,1.00
2016.01.04 17:21:08.404,8.91163,8.91479,1.00,1.07
2016.01.04 17:21:08.923,8.91172,8.91479,1.00,1.07
2016.01.04 17:21:10.771,8.91173,8.91477,1.00,1.07
2016.01.04 17:21:12.470,8.91173,8.91477,1.00,1.75
2016.01.04 17:21:12.521,8.91162,8.91478,1.00,1.75
2016.01.04 17:21:15.896,8.91172,8.91479,1.00,1.75
2016.01.04 17:21:17.303,8.91172,8.91479,1.00,1.07
2016.01.04 17:21:19.905,8.91182,8.91479,1.00,1.07
2016.01.04 17:21:20.544,8.91193,8.91479,1.00,1.07
2016.01.04 17:21:21.059,8.91192,8.91479,1.00,1.07
2016.01.04 17:21:22.411,8.91203,8.91479,1.00,1.07
2016.01.04 17:21:24.551,8.91202,8.91479,1.00,1.07
2016.01.04 17:21:26.419,8.91192,8.91479,1.00,1.07
2016.01.04 17:21:26.819,8.91202,8.91479,1.00,1.07
2016.01.04 17:21:28.723,8.91192,8.91479,1.00,1.07
2016.01.04 17:21:28.824,8.91172,8.91479,1.00,1.07
2016.01.04 17:21:28.962,8.91172,8.91479,1.00,1.75
2016.01.04 17:21:30.227,8.91173,8.91477,1.00,1.75
2016.01.04 17:21:31.429,8.91182,8.91479,1.00,1.75
2016.01.04 17:21:32.732,8.91192,8.91479,1.00,1.75
2016.01.04 17:21:34.463,8.91192,8.91479,1.00,1.07
2016.01.04 17:21:41.950,8.91202,8.91479,1.00,1.07
2016.01.04 17:21:43.855,8.91152,8.91478,1.50,1.07
2016.01.04 17:21:43.957,8.91152,8.91471,1.50,1.75
2016.01.04 17:21:44.486,8.91152,8.91455,1.00,1.75
2016.01.04 17:21:51.974,8.91162,8.91457,1.00,1.75
2016.01.04 17:21:55.069,8.91153,8.91427,1.00,1.37
2016.01.04 17:21:55.221,8.91142,8.91427,1.00,1.37
2016.01.04 17:21:56.083,8.91143,8.91427,1.00,1.37
2016.01.04 17:21:56.663,8.91143,8.914,1.00,1.00
2016.01.04 17:21:56.906,8.91143,8.91426,1.00,1.37
2016.01.04 17:21:57.058,8.91142,8.91429,1.00,1.37
2016.01.04 17:21:57.625,8.91142,8.91391,1.00,1.00
2016.01.04 17:21:57.813,8.91132,8.9143,1.00,1.37
2016.01.04 17:21:58.914,8.91112,8.91403,1.00,1.07
2016.01.04 17:21:59.015,8.91112,8.91403,1.00,1.37
2016.01.04 17:21:59.970,8.91103,8.91397,1.00,1.75
2016.01.04 17:22:01.097,8.91102,8.91397,1.00,1.75
2016.01.04 17:22:01.799,8.91112,8.91397,1.00,1.75
2016.01.04 17:22:02.444,8.91102,8.91401,1.00,1.75
2016.01.04 17:22:03.726,8.91093,8.91391,1.00,1.75
2016.01.04 17:22:04.306,8.91102,8.91391,1.00,1.75
2016.01.04 17:22:05.277,8.91093,8.91391,1.00,1.75
2016.01.04 17:22:06.010,8.91082,8.91388,1.00,1.75
2016.01.04 17:22:06.111,8.91062,8.91378,1.00,2.25
2016.01.04 17:22:06.162,8.91062,8.91369,1.00,1.75
2016.01.04 17:22:06.213,8.91052,8.91369,1.00,1.75
2016.01.04 17:22:06.315,8.91063,8.91327,1.00,1.07
2016.01.04 17:22:06.850,8.91063,8.91347,1.00,1.12
2016.01.04 17:22:06.901,8.91042,8.91347,1.00,1.12
2016.01.04 17:22:09.419,8.91053,8.91346,1.00,1.75
2016.01.04 17:22:12.535,8.91062,8.91346,1.00,1.75
2016.01.04 17:22:14.520,8.91072,8.91346,1.00,1.87
2016.01.04 17:22:16.592,8.91072,8.91346,1.00,1.50
2016.01.04 17:22:24.281,8.91062,8.91347,1.00,1.37
2016.01.04 17:22:24.332,8.91062,8.91347,1.00,1.07
2016.01.04 17:22:24.383,8.91072,8.91347,1.00,1.07
2016.01.04 17:22:24.621,8.91072,8.91378,1.00,1.12
2016.01.04 17:22:24.672,8.91083,8.91384,1.00,1.37
2016.01.04 17:22:26.044,8.91082,8.91384,1.00,1.37
2016.01.04 17:22:26.487,8.91072,8.91373,1.00,1.45
2016.01.04 17:22:26.538,8.91043,8.91373,1.00,1.45
2016.01.04 17:22:26.589,8.91032,8.91373,1.00,1.45
2016.01.04 17:22:26.640,8.91032,8.91367,1.00,1.12
2016.01.04 17:22:26.942,8.91042,8.91348,1.00,1.37
2016.01.04 17:22:27.596,8.91033,8.91348,1.00,1.37
2016.01.04 17:22:27.716,8.91042,8.91347,1.00,1.37
2016.01.04 17:22:28.032,8.91042,8.91347,1.00,1.07
2016.01.04 17:22:28.082,8.91063,8.91347,1.00,1.07
2016.01.04 17:22:28.916,8.91062,8.91356,1.00,1.07
2016.01.04 17:22:29.330,8.91042,8.91347,1.00,1.07
2016.01.04 17:22:29.685,8.91063,8.91347,1.00,1.07
2016.01.04 17:22:30.867,8.91062,8.9137,1.00,1.75
2016.01.04 17:22:36.635,8.91053,8.91357,1.00,1.75
2016.01.04 17:22:36.838,8.91041,8.91338,1.00,1.75
2016.01.04 17:22:37.183,8.91041,8.91328,1.00,1.75
2016.01.04 17:22:37.685,8.91013,8.91327,1.00,1.75
2016.01.04 17:22:38.343,8.91022,8.91328,1.00,1.75
2016.01.04 17:22:39.312,8.9102,8.91317,1.00,1.75
2016.01.04 17:22:41.452,8.91003,8.91308,1.00,1.75
2016.01.04 17:22:50.740,8.91013,8.91317,1.00,1.75
2016.01.04 17:22:52.645,8.91003,8.91308,1.00,1.75
2016.01.04 17:22:53.260,8.91003,8.91318,1.00,1.75
2016.01.04 17:22:59.010,8.91012,8.91328,1.00,1.37
2016.01.04 17:23:00.597,8.91012,8.91328,1.00,1.37
2016.01.04 17:23:00.652,8.91033,8.9133,1.00,1.37
2016.01.04 17:23:01.011,8.91042,8.9133,1.00,1.37
2016.01.04 17:23:01.062,8.91042,8.9133,1.00,1.00
2016.01.04 17:23:01.113,8.91052,8.91369,1.00,1.37
2016.01.04 17:23:01.184,8.91062,8.91398,1.00,3.00
2016.01.04 17:23:01.286,8.91062,8.91398,1.00,1.37
2016.01.04 17:23:01.387,8.91072,8.91408,1.00,1.75
2016.01.04 17:23:01.887,8.91082,8.91366,1.00,1.00
2016.01.04 17:23:02.329,8.91082,8.91415,1.00,1.37
2016.01.04 17:23:02.380,8.91092,8.91415,1.00,1.37
2016.01.04 17:23:02.679,8.91072,8.91398,1.00,1.07
2016.01.04 17:23:03.080,8.91072,8.9138,1.00,1.00
2016.01.04 17:23:03.532,8.91082,8.91379,1.07,1.00
2016.01.04 17:23:05.106,8.91062,8.91378,1.07,1.37
2016.01.04 17:23:06.390,8.91062,8.91349,1.07,1.00
2016.01.04 17:23:06.931,8.91052,8.91349,1.00,1.00
2016.01.04 17:23:07.595,8.91062,8.91349,1.00,1.00
2016.01.04 17:23:09.049,8.91052,8.91349,1.00,1.00
2016.01.04 17:23:09.808,8.91062,8.91349,1.00,1.00
2016.01.04 17:23:09.909,8.91062,8.91368,1.00,1.37
2016.01.04 17:23:09.960,8.91072,8.91372,1.00,1.00
2016.01.04 17:23:10.643,8.91082,8.91372,1.00,1.00
2016.01.04 17:23:11.545,8.91082,8.91398,1.00,1.37
2016.01.04 17:23:12.664,8.91072,8.91378,1.00,1.00
2016.01.04 17:23:12.766,8.91072,8.91383,1.00,1.07
2016.01.04 17:23:14.669,8.91073,8.91377,1.00,1.00
2016.01.04 17:23:16.536,8.91082,8.91383,1.00,1.07
2016.01.04 17:23:16.861,8.91092,8.91383,1.00,1.00
2016.01.04 17:23:17.238,8.91093,8.91383,1.00,1.07
2016.01.04 17:23:18.040,8.91092,8.91404,1.10,1.37
2016.01.04 17:23:18.535,8.91092,8.91374,1.00,1.37
2016.01.04 17:23:22.551,8.91082,8.91388,1.00,1.37
2016.01.04 17:23:23.595,8.91083,8.91377,1.00,1.37
2016.01.04 17:23:29.791,8.91072,8.91378,1.10,1.37
2016.01.04 17:23:49.104,8.91075,8.91378,1.00,1.37
2016.01.04 17:23:57.140,8.91075,8.91368,1.37,1.00
2016.01.04 17:23:57.241,8.91075,8.91387,1.37,1.00
2016.01.04 17:23:58.128,8.91082,8.91388,1.37,1.00
2016.01.04 17:23:58.179,8.91083,8.91397,1.37,1.00
2016.01.04 17:24:00.284,8.91092,8.91398,1.07,1.00
2016.01.04 17:24:00.820,8.91082,8.91388,1.37,1.00
2016.01.04 17:24:01.950,8.91092,8.91398,1.07,1.00
2016.01.04 17:24:04.381,8.91083,8.91387,1.00,1.37
2016.01.04 17:24:04.527,8.91075,8.91388,1.07,1.37
2016.01.04 17:24:07.946,8.91036,8.91327,1.00,1.75
2016.01.04 17:24:08.100,8.91024,8.91318,1.00,1.37
2016.01.04 17:24:08.252,8.91058,8.91318,1.00,1.37
2016.01.04 17:24:08.361,8.9102,8.91314,1.00,1.37
2016.01.04 17:24:08.413,8.91059,8.91314,1.00,1.37
2016.01.04 17:24:09.100,8.91048,8.91314,1.00,1.37
2016.01.04 17:24:09.201,8.91012,8.91314,1.00,1.37
2016.01.04 17:24:09.303,8.91044,8.91314,1.00,1.37
2016.01.04 17:24:09.710,8.91044,8.91314,1.00,1.12
2016.01.04 17:24:11.251,8.91044,8.91308,1.00,1.37
2016.01.04 17:24:14.196,8.91044,8.91268,1.00,1.12
2016.01.04 17:24:14.849,8.91044,8.91268,1.00,1.37
2016.01.04 17:24:15.452,8.91037,8.91258,1.00,1.37
2016.01.04 17:24:15.619,8.91037,8.91258,1.00,1.75
2016.01.04 17:24:15.960,8.9103,8.91258,1.00,1.75
2016.01.04 17:24:16.203,8.90994,8.91258,1.00,1.75
2016.01.04 17:24:16.443,8.91008,8.91258,1.00,1.75
2016.01.04 17:24:19.368,8.91008,8.91181,1.00,1.00
2016.01.04 17:24:19.616,8.90842,8.91181,1.00,1.75
2016.01.04 17:24:19.670,8.90853,8.91181,1.00,1.75
2016.01.04 17:24:20.171,8.90852,8.91154,1.00,1.07
2016.01.04 17:24:20.662,8.90872,8.91154,1.00,1.07
2016.01.04 17:24:20.899,8.90872,8.91184,1.00,1.37
2016.01.04 17:24:21.114,8.90882,8.91184,1.00,1.37
2016.01.04 17:24:21.166,8.90882,8.91184,1.00,1.00
2016.01.04 17:24:22.150,8.90892,8.91156,1.00,1.07
2016.01.04 17:24:22.480,8.90882,8.91184,1.00,1.37
2016.01.04 17:24:22.769,8.90882,8.9116,1.00,1.37
2016.01.04 17:24:22.981,8.90872,8.9116,1.00,1.37
2016.01.04 17:24:23.184,8.90852,8.9116,1.00,1.37
2016.01.04 17:24:24.130,8.90862,8.9116,1.00,1.37
2016.01.04 17:24:24.198,8.90862,8.9116,1.00,1.00
2016.01.04 17:24:25.538,8.90862,8.9116,1.00,1.07
2016.01.04 17:24:25.890,8.90882,8.9116,1.00,1.07
2016.01.04 17:24:26.392,8.90883,8.9116,1.00,1.07
2016.01.04 17:24:27.121,8.90882,8.9116,1.00,1.07
2016.01.04 17:24:27.483,8.90893,8.9116,1.00,1.00
2016.01.04 17:24:28.855,8.90882,8.91167,1.00,1.07
2016.01.04 17:24:28.957,8.90883,8.91136,1.00,1.00
2016.01.04 17:24:29.108,8.90872,8.91136,1.00,1.00
2016.01.04 17:24:29.210,8.90882,8.91165,1.00,1.00
2016.01.04 17:24:29.526,8.90892,8.91232,1.12,1.37
2016.01.04 17:24:31.312,8.90912,8.91205,1.00,1.10
2016.01.04 17:24:31.615,8.90902,8.91259,1.07,1.75
2016.01.04 17:24:32.600,8.90913,8.9124,1.00,1.75
2016.01.04 17:24:33.140,8.90922,8.9124,1.00,1.75
2016.01.04 17:24:33.596,8.90943,8.91247,1.00,1.75
2016.01.04 17:24:33.648,8.90932,8.91247,1.07,1.00
2016.01.04 17:24:33.699,8.90932,8.91282,1.07,1.00
2016.01.04 17:24:33.801,8.90943,8.91323,1.37,1.50
2016.01.04 17:24:33.852,8.90962,8.91293,1.07,1.00
2016.01.04 17:24:34.156,8.90942,8.91234,1.37,1.00
2016.01.04 17:24:34.264,8.90942,8.9131,1.37,1.37
2016.01.04 17:24:34.939,8.90932,8.91232,1.07,1.00
2016.01.04 17:24:35.409,8.90928,8.91253,1.37,1.00
2016.01.04 17:24:35.562,8.90928,8.91253,1.00,1.00
2016.01.04 17:24:36.475,8.90927,8.91254,1.00,1.00
2016.01.04 17:24:36.526,8.90912,8.91231,1.07,1.00
2016.01.04 17:24:37.092,8.90912,8.91265,1.07,1.37
2016.01.04 17:24:37.373,8.909,8.91225,1.07,1.07
2016.01.04 17:24:38.185,8.90903,8.91225,1.00,1.07
2016.01.04 17:24:38.487,8.90902,8.91225,1.37,1.00
2016.01.04 17:24:38.769,8.90902,8.9124,1.37,1.07
2016.01.04 17:24:39.457,8.90902,8.91224,1.37,1.00
2016.01.04 17:24:39.773,8.90902,8.91188,1.37,1.00
2016.01.04 17:24:39.881,8.90902,8.91217,1.37,1.00
2016.01.04 17:24:39.992,8.90902,8.91263,1.37,1.37
2016.01.04 17:24:40.098,8.90904,8.91231,1.12,1.00
2016.01.04 17:24:42.205,8.90922,8.91231,1.00,1.00
2016.01.04 17:24:43.820,8.90912,8.91231,1.07,1.00
2016.01.04 17:24:44.219,8.90904,8.91231,1.00,1.00
2016.01.04 17:24:46.871,8.90872,8.91229,1.00,1.37
2016.01.04 17:24:47.513,8.90872,8.91189,1.00,1.00
2016.01.04 17:24:49.652,8.90884,8.91205,1.00,1.07
2016.01.04 17:24:50.073,8.90862,8.91205,1.00,1.50
2016.01.04 17:24:50.124,8.90842,8.91191,1.00,1.37
2016.01.04 17:24:50.532,8.90842,8.91166,1.00,1.00
2016.01.04 17:24:51.620,8.90862,8.91191,1.00,1.37
2016.01.04 17:24:51.732,8.90842,8.91191,1.00,1.37
2016.01.04 17:24:51.852,8.9087,8.91191,1.00,1.37
2016.01.04 17:24:57.766,8.9087,8.91131,1.00,1.00
2016.01.04 17:24:57.821,8.90814,8.91131,1.00,1.07
2016.01.04 17:25:00.996,8.90812,8.91132,1.00,1.07
2016.01.04 17:25:01.062,8.90802,8.91132,1.00,1.07
2016.01.04 17:25:01.163,8.90812,8.91132,1.00,1.07
2016.01.04 17:25:02.507,8.90812,8.91082,1.00,1.00
2016.01.04 17:25:03.541,8.90813,8.91082,1.00,1.00
2016.01.04 17:25:04.136,8.90812,8.91082,1.00,1.00
2016.01.04 17:25:04.699,8.90802,8.91082,1.07,1.00
2016.01.04 17:25:04.884,8.90802,8.91147,1.07,1.07
2016.01.04 17:25:05.689,8.90802,8.91147,1.00,1.37
2016.01.04 17:25:06.026,8.90796,8.91116,1.00,1.00
2016.01.04 17:25:06.435,8.90783,8.91116,1.07,1.00
2016.01.04 17:25:06.585,8.90792,8.91116,1.00,1.00
2016.01.04 17:25:07.102,8.90792,8.91082,1.00,1.00
2016.01.04 17:25:08.289,8.90802,8.91082,1.00,1.00
2016.01.04 17:25:08.847,8.90803,8.91082,1.00,1.00
2016.01.04 17:25:08.949,8.90803,8.91131,1.00,1.07
2016.01.04 17:25:12.198,8.90796,8.91123,1.00,1.10
2016.01.04 17:25:12.699,8.90792,8.91117,1.00,1.10
2016.01.04 17:25:12.750,8.90781,8.91108,1.00,1.00
2016.01.04 17:25:13.224,8.90772,8.91123,1.00,1.07
2016.01.04 17:25:13.464,8.90772,8.91113,1.00,1.00
2016.01.04 17:25:13.768,8.90792,8.91082,1.00,1.00
2016.01.04 17:25:14.339,8.90792,8.91116,1.00,1.00
2016.01.04 17:25:14.910,8.90792,8.91116,1.00,2.25
2016.01.04 17:25:15.721,8.90789,8.91095,1.00,1.12
2016.01.04 17:25:20.912,8.90772,8.91097,1.50,1.37
2016.01.04 17:25:29.668,8.90772,8.9109,1.00,1.37
2016.01.04 17:25:29.962,8.90753,8.91073,1.00,1.07
2016.01.04 17:25:30.013,8.90732,8.91073,1.00,1.07
2016.01.04 17:25:30.201,8.90742,8.91073,1.00,1.07
2016.01.04 17:25:31.046,8.90742,8.91055,1.00,1.00
2016.01.04 17:25:32.281,8.90702,8.91057,1.37,1.00
2016.01.04 17:25:32.776,8.90702,8.91057,1.00,1.07
2016.01.04 17:25:32.827,8.90692,8.91041,1.07,1.00
2016.01.04 17:25:33.509,8.90712,8.91041,1.00,1.00
2016.01.04 17:25:34.244,8.90722,8.90999,1.00,1.00
2016.01.04 17:25:35.060,8.90722,8.91049,1.00,1.00
2016.01.04 17:25:35.111,8.90702,8.91049,1.00,1.00
2016.01.04 17:25:35.162,8.90703,8.9103,1.00,1.00
2016.01.04 17:25:35.907,8.90703,8.91029,1.00,1.00
2016.01.04 17:25:38.216,8.90703,8.9103,1.00,1.50
2016.01.04 17:25:40.760,8.90703,8.9103,1.00,1.07
2016.01.04 17:25:40.811,8.90662,8.91034,1.37,1.07
2016.01.04 17:25:41.722,8.90662,8.90987,1.87,1.00
2016.01.04 17:25:42.274,8.90672,8.90988,1.07,1.00
2016.01.04 17:25:42.377,8.90693,8.9102,1.00,1.00
2016.01.04 17:25:42.996,8.90693,8.91013,1.00,1.00
2016.01.04 17:25:44.851,8.90693,8.9102,1.00,1.00
2016.01.04 17:25:44.902,8.90682,8.90988,1.00,1.00
2016.01.04 17:25:45.310,8.90694,8.91019,1.00,1.00
2016.01.04 17:25:46.905,8.90702,8.91019,1.00,1.00
2016.01.04 17:25:47.411,8.90712,8.91019,1.00,1.00
2016.01.04 17:25:50.523,8.90722,8.91019,1.00,1.00
2016.01.04 17:25:52.228,8.90722,8.91039,1.00,1.07
2016.01.04 17:25:52.279,8.90733,8.91039,1.00,1.07
2016.01.04 17:25:52.332,8.90733,8.91039,1.00,1.00
2016.01.04 17:25:52.929,8.90722,8.91039,1.07,1.00
2016.01.04 17:25:53.707,8.90712,8.91039,1.00,1.07
2016.01.04 17:25:54.669,8.90697,8.91024,1.07,1.00
2016.01.04 17:25:55.451,8.90702,8.91024,1.00,1.00
2016.01.04 17:25:56.150,8.90712,8.91024,1.00,1.00
2016.01.04 17:25:57.194,8.90713,8.91024,1.00,1.00
2016.01.04 17:25:58.145,8.90723,8.91024,1.00,1.00
2016.01.04 17:25:58.787,8.90702,8.91024,1.00,1.00
2016.01.04 17:26:00.770,8.90697,8.91024,1.07,1.00
2016.01.04 17:26:00.890,8.90697,8.91024,1.00,1.07
2016.01.04 17:26:01.462,8.90692,8.91038,1.00,1.37
2016.01.04 17:26:01.821,8.90692,8.90997,1.00,1.00
2016.01.04 17:26:02.548,8.90702,8.91023,1.00,1.07
2016.01.04 17:26:02.764,8.90702,8.91012,1.00,1.00
2016.01.04 17:26:03.078,8.90702,8.90985,1.00,1.00
2016.01.04 17:26:03.595,8.90692,8.90985,1.00,1.00
2016.01.04 17:26:04.295,8.90692,8.91034,1.00,1.07
2016.01.04 17:26:04.352,8.90672,8.91017,1.00,1.00
2016.01.04 17:26:04.459,8.90682,8.91017,1.00,1.00
2016.01.04 17:26:04.773,8.90692,8.91017,1.00,1.00
2016.01.04 17:26:09.131,8.90692,8.91019,1.00,1.00
2016.01.04 17:26:10.210,8.90703,8.91019,1.00,1.00
2016.01.04 17:26:12.178,8.90692,8.91019,1.50,1.00
2016.01.04 17:26:14.640,8.90692,8.91017,1.00,1.00
2016.01.04 17:26:14.990,8.90692,8.91017,1.00,1.37
2016.01.04 17:26:19.618,8.90673,8.90998,1.00,1.07
2016.01.04 17:26:19.788,8.90673,8.90998,1.00,1.75
2016.01.04 17:26:21.731,8.90673,8.90998,1.00,1.07
2016.01.04 17:26:21.934,8.90683,8.90998,1.00,1.07
2016.01.04 17:26:21.985,8.90683,8.90998,1.00,1.00
2016.01.04 17:26:22.137,8.90693,8.90998,1.00,1.00
2016.01.04 17:26:22.599,8.90703,8.90998,1.00,1.00
2016.01.04 17:26:22.701,8.90702,8.91047,1.00,1.37
2016.01.04 17:26:23.213,8.90702,8.91047,1.00,1.07
2016.01.04 17:26:23.343,8.90703,8.91028,1.00,1.00
2016.01.04 17:26:24.002,8.90712,8.91028,1.00,1.00
2016.01.04 17:26:26.306,8.90722,8.91028,1.00,1.00
2016.01.04 17:26:27.909,8.90703,8.91028,1.50,1.00
2016.01.04 17:26:28.112,8.90692,8.91037,1.00,1.07
2016.01.04 17:26:28.815,8.90692,8.91009,1.00,1.00
2016.01.04 17:26:29.319,8.90693,8.91009,1.00,1.00
2016.01.04 17:26:29.671,8.90692,8.9104,1.00,1.07
2016.01.04 17:26:30.265,8.90702,8.91024,1.00,1.00
2016.01.04 17:26:32.722,8.90712,8.91024,1.00,1.00
2016.01.04 17:26:33.328,8.90713,8.91024,1.00,1.00
2016.01.04 17:26:34.531,8.90722,8.91024,1.00,1.00
2016.01.04 17:26:34.728,8.90722,8.91038,1.00,1.00
2016.01.04 17:26:34.928,8.90713,8.91038,1.00,1.00
2016.01.04 17:26:34.979,8.90713,8.91004,1.00,1.00
2016.01.04 17:26:36.031,8.90722,8.91071,1.00,1.12
2016.01.04 17:26:36.133,8.90723,8.91039,1.00,1.00
2016.01.04 17:26:40.039,8.90732,8.91039,1.00,1.00
2016.01.04 17:26:41.974,8.90733,8.91039,1.00,1.00
2016.01.04 17:26:42.025,8.90733,8.91045,1.00,1.00
2016.01.04 17:26:42.281,8.90742,8.91045,1.00,1.00
2016.01.04 17:26:42.382,8.90762,8.91136,1.00,1.75
2016.01.04 17:26:42.433,8.90762,8.91136,1.07,1.07
2016.01.04 17:26:42.484,8.90772,8.91137,1.00,1.07
2016.01.04 17:26:43.213,8.90773,8.91136,1.37,1.07
2016.01.04 17:26:43.750,8.90793,8.91162,1.00,1.75
2016.01.04 17:26:43.966,8.90782,8.91145,1.00,1.37
2016.01.04 17:26:44.062,8.90782,8.91105,1.00,1.00
2016.01.04 17:26:45.323,8.90778,8.91105,1.00,1.00
2016.01.04 17:26:45.956,8.9077,8.91097,1.00,1.00
2016.01.04 17:26:50.363,8.90772,8.91097,1.00,1.00
2016.01.04 17:26:54.170,8.9077,8.91097,1.00,1.00
2016.01.04 17:27:07.928,8.9077,8.91097,1.00,1.37
2016.01.04 17:27:09.357,8.9077,8.91097,1.00,1.10
2016.01.04 17:27:16.187,8.90752,8.91113,1.00,1.12
2016.01.04 17:27:16.238,8.90732,8.91091,1.00,1.00
2016.01.04 17:27:16.340,8.90742,8.91091,1.00,1.00
2016.01.04 17:27:16.910,8.90732,8.91091,1.00,1.00
2016.01.04 17:27:17.316,8.90732,8.91072,1.00,1.00
2016.01.04 17:27:17.916,8.90732,8.9105,1.00,1.00
2016.01.04 17:27:18.241,8.90751,8.91072,1.00,1.07
2016.01.04 17:27:18.932,8.90751,8.91072,1.00,1.00
2016.01.04 17:27:19.458,8.90752,8.91072,1.00,1.00
2016.01.04 17:27:20.534,8.90763,8.91072,1.00,1.00
2016.01.04 17:27:21.056,8.90763,8.91076,1.00,1.00
2016.01.04 17:27:21.277,8.90762,8.91042,1.00,1.00
2016.01.04 17:27:21.378,8.90751,8.91042,1.00,1.00
2016.01.04 17:27:21.429,8.90683,8.91042,1.37,1.00
2016.01.04 17:27:21.480,8.90665,8.91042,1.37,1.00
2016.01.04 17:27:21.581,8.90652,8.91042,1.07,1.00
2016.01.04 17:27:21.632,8.90652,8.9101,1.07,1.00
2016.01.04 17:27:21.683,8.90632,8.9101,1.37,1.00
2016.01.04 17:27:21.784,8.90632,8.9101,1.00,1.00
2016.01.04 17:27:22.303,8.90623,8.90967,1.00,1.00
2016.01.04 17:27:22.354,8.90582,8.90967,1.37,1.00
2016.01.04 17:27:22.405,8.90582,8.90943,1.37,1.00
2016.01.04 17:27:22.767,8.90592,8.90943,1.00,1.37
2016.01.04 17:27:23.099,8.90582,8.90943,1.00,1.37
2016.01.04 17:27:23.153,8.90572,8.90943,1.00,1.37
2016.01.04 17:27:24.372,8.90562,8.90899,1.00,1.00
2016.01.04 17:27:24.698,8.90465,8.90835,1.00,1.00
2016.01.04 17:27:24.799,8.90465,8.90818,1.00,1.00
2016.01.04 17:27:24.850,8.90445,8.90818,1.00,1.00
2016.01.04 17:27:24.901,8.90416,8.90818,1.00,1.00
2016.01.04 17:27:25.210,8.90412,8.908,1.00,1.00
2016.01.04 17:27:25.261,8.90402,8.908,1.07,1.00
2016.01.04 17:27:25.363,8.90382,8.90773,1.37,1.00
2016.01.04 17:27:25.413,8.90382,8.90773,1.07,1.00
2016.01.04 17:27:25.922,8.90382,8.90748,1.00,1.00
2016.01.04 17:27:27.999,8.90383,8.90748,1.00,1.00
2016.01.04 17:27:28.326,8.90383,8.9074,1.00,1.00
2016.01.04 17:27:29.043,8.90382,8.9074,1.00,1.00
2016.01.04 17:27:29.387,8.90382,8.90734,1.00,1.00
2016.01.04 17:27:30.552,8.90383,8.9073,1.00,1.00
2016.01.04 17:27:31.243,8.90382,8.90727,1.00,1.00
2016.01.04 17:27:31.345,8.90382,8.9073,1.00,1.00
2016.01.04 17:27:31.542,8.90393,8.9072,1.00,1.00
2016.01.04 17:27:31.662,8.90382,8.9073,1.00,1.00
2016.01.04 17:27:31.832,8.90382,8.90727,1.00,1.00
2016.01.04 17:27:32.320,8.90382,8.9073,1.00,1.00
2016.01.04 17:27:32.372,8.90398,8.90725,1.00,1.00
2016.01.04 17:27:32.422,8.90382,8.9073,1.00,1.00
2016.01.04 17:27:32.630,8.90402,8.90727,1.00,1.00
2016.01.04 17:27:32.802,8.90382,8.9073,1.00,1.00
2016.01.04 17:27:33.162,8.90382,8.90727,1.00,1.00
2016.01.04 17:27:34.230,8.90383,8.90727,1.00,1.00
2016.01.04 17:27:35.915,8.90382,8.9073,1.00,1.00
2016.01.04 17:27:36.503,8.90382,8.90729,1.00,1.00
2016.01.04 17:27:36.940,8.90382,8.90751,1.00,1.00
2016.01.04 17:27:38.391,8.90392,8.90751,1.00,1.00
2016.01.04 17:27:38.622,8.90392,8.90759,1.00,1.00
2016.01.04 17:27:39.207,8.90392,8.90746,1.00,1.00
2016.01.04 17:27:39.771,8.90415,8.90742,1.00,1.00
2016.01.04 17:27:46.796,8.90415,8.9074,1.00,1.00
2016.01.04 17:27:50.096,8.90415,8.90742,1.00,1.00
2016.01.04 17:27:57.686,8.90415,8.90741,1.00,1.00
2016.01.04 17:28:07.401,8.90415,8.90742,1.00,1.00
2016.01.04 17:28:23.181,8.90403,8.90745,1.00,1.00
2016.01.04 17:28:24.224,8.90403,8.90744,1.00,1.00
2016.01.04 17:28:25.341,8.90403,8.90745,1.00,1.00
2016.01.04 17:28:26.255,8.90418,8.90745,1.00,1.50
2016.01.04 17:28:31.895,8.90418,8.90741,1.00,1.00
2016.01.04 17:28:34.280,8.90418,8.90745,1.00,1.50
2016.01.04 17:28:36.250,8.90392,8.90777,1.00,1.00
2016.01.04 17:28:36.305,8.90412,8.90777,1.00,1.00
2016.01.04 17:28:37.041,8.90412,8.90782,1.00,1.00
2016.01.04 17:28:37.204,8.90422,8.90782,1.00,1.00
2016.01.04 17:28:37.835,8.90422,8.90778,1.00,1.00
2016.01.04 17:28:38.335,8.90422,8.90778,1.07,1.00
2016.01.04 17:28:38.437,8.90422,8.90794,1.07,1.00
2016.01.04 17:28:39.471,8.90422,8.90788,1.07,1.00
2016.01.04 17:28:41.090,8.90432,8.90788,1.00,1.00
2016.01.04 17:28:41.192,8.90432,8.90794,1.00,1.00
2016.01.04 17:28:41.481,8.9045,8.90778,1.00,1.00
2016.01.04 17:28:41.541,8.90432,8.90788,1.00,1.00
2016.01.04 17:28:42.829,8.90438,8.9078,1.00,1.00
2016.01.04 17:28:43.218,8.90438,8.9078,1.07,1.00
2016.01.04 17:28:43.553,8.90452,8.9078,1.37,1.00
2016.01.04 17:28:43.608,8.90459,8.90786,1.37,1.00
2016.01.04 17:28:44.219,8.90471,8.90798,1.07,1.00
2016.01.04 17:28:46.275,8.90483,8.90798,1.00,1.00
2016.01.04 17:28:51.142,8.90471,8.90798,1.07,1.00
2016.01.04 17:28:51.819,8.90462,8.90788,1.37,1.00
2016.01.04 17:28:54.091,8.90479,8.90809,1.07,1.00
2016.01.04 17:28:57.948,8.90479,8.90809,1.00,1.00
2016.01.04 17:29:01.815,8.90479,8.90799,1.00,1.00
2016.01.04 17:29:02.519,8.90479,8.90798,1.00,1.00
2016.01.04 17:29:02.824,8.90479,8.90774,1.00,1.00
2016.01.04 17:29:02.875,8.90457,8.90774,1.00,1.00
2016.01.04 17:29:02.977,8.90372,8.90774,1.07,1.00
2016.01.04 17:29:03.944,8.90373,8.9075,1.07,1.00
2016.01.04 17:29:04.914,8.90399,8.90734,1.00,1.00
2016.01.04 17:29:09.828,8.90402,8.90734,1.00,1.00
2016.01.04 17:29:10.602,8.90422,8.90803,1.00,1.00
2016.01.04 17:29:10.654,8.90422,8.90803,1.37,1.00
2016.01.04 17:29:11.350,8.90448,8.90775,1.00,1.00
2016.01.04 17:29:11.471,8.90432,8.90778,1.07,1.00
2016.01.04 17:29:11.591,8.90432,8.90814,1.07,1.00
2016.01.04 17:29:11.771,8.90453,8.9078,1.00,1.00
2016.01.04 17:29:13.466,8.90453,8.9078,1.07,1.00
2016.01.04 17:29:14.295,8.90472,8.9078,1.00,1.00
2016.01.04 17:29:15.084,8.90472,8.9078,1.37,1.00
2016.01.04 17:29:15.966,8.90482,8.90848,1.07,1.00
2016.01.04 17:29:16.017,8.90482,8.9086,1.07,1.00
2016.01.04 17:29:16.640,8.90492,8.90849,1.07,1.00
2016.01.04 17:29:17.013,8.90502,8.90849,1.00,1.00
2016.01.04 17:29:18.156,8.90502,8.9086,1.00,1.00
2016.01.04 17:29:18.840,8.90523,8.9085,1.00,1.00
2016.01.04 17:29:22.897,8.90523,8.9085,1.37,1.00
2016.01.04 17:29:23.536,8.90572,8.90919,1.00,1.00
2016.01.04 17:29:23.594,8.90572,8.90968,1.00,1.00
2016.01.04 17:29:23.645,8.90583,8.90968,1.00,1.00
2016.01.04 17:29:23.995,8.90583,8.90968,1.37,1.00
2016.01.04 17:29:25.563,8.90567,8.90968,1.00,1.00
2016.01.04 17:29:27.836,8.90573,8.90952,1.00,1.00
2016.01.04 17:29:39.122,8.90492,8.90869,1.50,1.00
2016.01.04 17:29:39.333,8.90492,8.90869,1.00,1.00
2016.01.04 17:29:39.766,8.90472,8.90865,1.37,1.00
2016.01.04 17:29:39.868,8.90442,8.90865,1.37,1.00
2016.01.04 17:29:39.919,8.90423,8.90828,1.75,1.00
2016.01.04 17:29:40.431,8.90452,8.90828,1.00,1.00
2016.01.04 17:29:40.815,8.90462,8.90828,1.00,1.00
2016.01.04 17:29:41.121,8.90484,8.90828,1.00,1.00
2016.01.04 17:29:41.843,8.9049,8.90823,1.00,1.00
2016.01.04 17:29:42.285,8.905,8.90828,1.00,1.00
2016.01.04 17:29:42.627,8.905,8.90848,1.00,1.00
2016.01.04 17:29:42.729,8.905,8.90861,1.00,1.00
2016.01.04 17:29:59.945,8.90523,8.90852,1.00,1.00
2016.01.04 17:30:05.304,8.90502,8.90877,1.37,1.00
2016.01.04 17:30:05.355,8.90502,8.90877,1.07,1.00
2016.01.04 17:30:05.973,8.90512,8.90877,1.00,1.00
2016.01.04 17:30:06.331,8.90536,8.90877,1.00,1.00
2016.01.04 17:30:06.512,8.90514,8.90877,1.00,1.00
2016.01.04 17:30:06.632,8.90547,8.90877,1.00,1.00
2016.01.04 17:30:09.754,8.90547,8.90874,1.00,1.00
2016.01.04 17:30:09.855,8.90492,8.90877,1.07,1.00
2016.01.04 17:30:09.906,8.90482,8.90877,1.00,1.00
2016.01.04 17:30:11.278,8.90492,8.90877,1.00,1.00
2016.01.04 17:30:12.095,8.90527,8.90854,1.00,1.00
2016.01.04 17:30:29.261,8.90527,8.90787,1.00,1.00
2016.01.04 17:30:31.936,8.90527,8.90829,1.00,1.00
2016.01.04 17:30:37.467,8.90506,8.90829,1.00,1.00
2016.01.04 17:30:37.518,8.90506,8.90819,1.00,1.00
2016.01.04 17:30:39.509,8.90402,8.90785,1.00,1.00
2016.01.04 17:30:39.560,8.90382,8.90785,1.00,1.00
2016.01.04 17:30:39.611,8.90382,8.90702,1.00,1.00
2016.01.04 17:30:40.027,8.90382,8.90702,1.37,1.00
2016.01.04 17:30:40.129,8.90402,8.90743,1.00,1.00
2016.01.04 17:30:41.092,8.90408,8.90735,1.00,1.00
2016.01.04 17:30:45.064,8.90412,8.90735,1.00,1.00
2016.01.04 17:30:51.108,8.90429,8.90743,1.00,1.00
2016.01.04 17:30:56.335,8.90429,8.90735,1.00,1.00
2016.01.04 17:31:11.587,8.90429,8.90716,1.00,1.00
2016.01.04 17:31:22.617,8.90429,8.90756,1.00,1.50
2016.01.04 17:31:26.970,8.90429,8.90735,1.00,1.00
2016.01.04 17:31:28.442,8.90429,8.90715,1.00,1.00
2016.01.04 17:31:28.848,8.90407,8.90715,1.00,1.00
2016.01.04 17:31:28.899,8.90333,8.90715,1.07,1.00
2016.01.04 17:31:29.001,8.90303,8.90715,1.00,1.00
2016.01.04 17:31:29.102,8.90288,8.90679,1.00,1.00
2016.01.04 17:31:29.723,8.90282,8.90607,1.00,1.00
2016.01.04 17:31:30.194,8.90292,8.90607,1.00,1.00
2016.01.04 17:31:30.675,8.90302,8.90607,1.00,1.00
2016.01.04 17:31:31.515,8.90322,8.90607,1.00,1.00
2016.01.04 17:31:31.566,8.90322,8.90658,1.00,1.00
2016.01.04 17:31:31.718,8.90332,8.90658,1.00,1.00
2016.01.04 17:31:31.769,8.90332,8.90667,1.00,1.00
2016.01.04 17:31:31.975,8.90335,8.90666,1.00,1.00
2016.01.04 17:31:32.884,8.90342,8.90666,1.00,1.00
2016.01.04 17:31:33.870,8.90357,8.90689,1.00,1.00
2016.01.04 17:31:34.591,8.90362,8.90689,1.00,1.00
2016.01.04 17:31:36.088,8.90373,8.90689,1.00,1.00
2016.01.04 17:31:37.090,8.90382,8.90689,1.00,1.00
2016.01.04 17:31:37.424,8.90392,8.90682,1.00,1.00
2016.01.04 17:31:38.408,8.90402,8.90682,1.00,1.00
2016.01.04 17:31:39.211,8.90402,8.90747,1.00,1.00
2016.01.04 17:31:39.424,8.90402,8.90733,1.00,1.00
2016.01.04 17:31:39.970,8.90402,8.90714,1.00,1.50
2016.01.04 17:31:42.446,8.90412,8.90714,1.00,1.00
2016.01.04 17:31:42.606,8.90403,8.90714,1.00,1.00
2016.01.04 17:31:42.785,8.90403,8.90725,1.00,1.00
2016.01.04 17:31:43.107,8.90412,8.90725,1.00,1.00
2016.01.04 17:31:44.654,8.90402,8.90725,1.00,1.00
2016.01.04 17:31:45.887,8.90413,8.90725,1.00,1.00
2016.01.04 17:31:46.614,8.90402,8.90725,1.00,1.00
2016.01.04 17:31:50.920,8.90402,8.90755,1.00,1.00
2016.01.04 17:31:50.971,8.90412,8.90755,1.00,1.00
2016.01.04 17:31:52.514,8.90418,8.90745,1.00,1.00
2016.01.04 17:32:00.810,8.90423,8.90745,1.00,1.00
2016.01.04 17:32:01.173,8.90418,8.90745,1.00,1.00
2016.01.04 17:32:01.643,8.90423,8.90745,1.00,1.00
2016.01.04 17:32:07.355,8.90418,8.90745,1.00,1.00
2016.01.04 17:32:12.484,8.90422,8.90745,1.00,1.00
2016.01.04 17:32:13.146,8.90418,8.90745,1.00,1.00
2016.01.04 17:32:18.424,8.90418,8.90724,1.00,1.00
2016.01.04 17:32:26.659,8.90418,8.90717,1.00,1.00
2016.01.04 17:32:30.361,8.90392,8.90717,1.00,1.00
2016.01.04 17:32:30.412,8.90392,8.90684,1.00,1.00
2016.01.04 17:32:30.513,8.90322,8.90684,1.00,1.00
2016.01.04 17:32:30.564,8.90312,8.90684,1.00,1.00
2016.01.04 17:32:30.615,8.90312,8.90676,1.00,1.00
2016.01.04 17:32:30.665,8.90302,8.90676,1.00,1.00
2016.01.04 17:32:30.716,8.90302,8.90643,1.00,1.00
2016.01.04 17:32:32.837,8.90327,8.90643,1.00,1.00
2016.01.04 17:32:51.415,8.90327,8.90654,1.00,1.00
2016.01.04 17:32:51.466,8.90333,8.90659,1.00,1.00
2016.01.04 17:32:51.733,8.90333,8.90678,1.00,1.00
2016.01.04 17:32:51.785,8.90333,8.9068,1.00,1.00
2016.01.04 17:32:52.593,8.90353,8.9068,1.00,1.00
2016.01.04 17:32:53.622,8.90362,8.9068,1.00,1.00
2016.01.04 17:32:54.372,8.90372,8.9068,1.00,1.00
2016.01.04 17:32:54.576,8.90382,8.90755,1.07,1.00
2016.01.04 17:32:54.678,8.90362,8.90755,1.00,1.00
2016.01.04 17:32:54.831,8.90362,8.90709,1.00,1.00
2016.01.04 17:32:55.972,8.90377,8.90704,1.00,1.00
2016.01.04 17:32:58.986,8.90377,8.90676,1.00,1.00
2016.01.04 17:32:59.297,8.90377,8.90668,1.00,1.00
2016.01.04 17:33:01.342,8.90377,8.90688,1.00,1.00
2016.01.04 17:33:01.393,8.90377,8.90704,1.00,1.00
2016.01.04 17:33:06.875,8.90377,8.90673,1.00,1.00
2016.01.04 17:33:07.329,8.90272,8.90673,1.00,1.00
2016.01.04 17:33:07.380,8.90272,8.90667,1.00,1.00
2016.01.04 17:33:08.155,8.90272,8.90632,1.00,1.00
2016.01.04 17:33:09.139,8.90301,8.90632,1.00,1.00
2016.01.04 17:33:13.734,8.90301,8.90626,1.00,1.00
2016.01.04 17:33:14.069,8.90301,8.9059,1.00,1.00
2016.01.04 17:33:14.272,8.90247,8.9059,1.00,1.00
2016.01.04 17:33:14.323,8.90202,8.9059,1.00,1.00
2016.01.04 17:33:14.530,8.90203,8.90577,1.00,1.00
2016.01.04 17:33:15.125,8.90182,8.9054,1.00,1.00
2016.01.04 17:33:15.725,8.90192,8.9054,1.00,1.00
2016.01.04 17:33:16.091,8.90203,8.9054,1.00,1.00
2016.01.04 17:33:17.317,8.90232,8.90555,1.00,1.00
2016.01.04 17:33:17.368,8.90232,8.90582,1.00,1.00
2016.01.04 17:33:17.470,8.90211,8.90533,1.00,1.00
2016.01.04 17:33:17.757,8.90202,8.90533,1.00,1.00
2016.01.04 17:33:18.299,8.90202,8.90525,1.00,1.00
2016.01.04 17:33:19.035,8.90212,8.90525,1.00,1.00
2016.01.04 17:33:19.636,8.90222,8.90525,1.00,1.00
2016.01.04 17:33:21.787,8.90202,8.90525,1.00,1.00
2016.01.04 17:33:21.943,8.90212,8.90525,1.00,1.00
2016.01.04 17:33:22.882,8.90203,8.90525,1.00,1.00
2016.01.04 17:33:25.251,8.90212,8.90525,1.00,1.00
2016.01.04 17:33:26.254,8.90202,8.90525,1.00,1.00
2016.01.04 17:33:30.863,8.90198,8.90525,1.00,1.00
2016.01.04 17:33:48.577,8.90222,8.90586,1.07,1.00
2016.01.04 17:33:48.678,8.90222,8.90609,1.07,1.00
2016.01.04 17:33:49.450,8.90247,8.90609,1.00,1.00
2016.01.04 17:33:50.578,8.90267,8.90592,1.00,1.00
2016.01.04 17:33:57.532,8.90272,8.90592,1.00,1.00
2016.01.04 17:33:57.584,8.90284,8.90611,1.00,1.00
2016.01.04 17:33:57.635,8.90282,8.90681,1.00,1.00
2016.01.04 17:33:57.686,8.90282,8.90681,1.07,1.00
2016.01.04 17:33:58.447,8.90305,8.9063,1.00,1.00
2016.01.04 17:33:59.168,8.90304,8.90685,1.00,1.00
2016.01.04 17:33:59.270,8.90312,8.90685,1.00,1.00
2016.01.04 17:33:59.661,8.90323,8.90685,1.00,1.00
2016.01.04 17:34:00.205,8.90329,8.90654,1.00,1.00
2016.01.04 17:34:00.530,8.90332,8.90654,1.00,1.00
2016.01.04 17:34:00.931,8.90329,8.90654,1.00,1.00
2016.01.04 17:34:19.721,8.90329,8.90651,1.00,1.00
2016.01.04 17:34:20.030,8.90329,8.90634,1.00,1.00
2016.01.04 17:34:34.247,8.90329,8.9061,1.00,1.00
2016.01.04 17:34:34.830,8.90329,8.90634,1.00,1.00
2016.01.04 17:34:34.997,8.90329,8.90601,1.00,1.00
2016.01.04 17:34:35.505,8.90309,8.90601,1.00,1.00
2016.01.04 17:34:35.633,8.90272,8.90601,1.00,1.00
2016.01.04 17:34:36.708,8.90282,8.90601,1.00,1.00
2016.01.04 17:34:45.381,8.90283,8.90601,1.00,1.00
2016.01.04 17:34:48.631,8.90292,8.90601,1.00,1.00
2016.01.04 17:34:50.124,8.90292,8.90609,1.00,1.00
2016.01.04 17:34:52.739,8.90302,8.90609,1.00,1.00
2016.01.04 17:34:54.743,8.90292,8.90609,1.00,1.00
2016.01.04 17:34:59.931,8.90282,8.90609,1.00,1.00
2016.01.04 17:34:59.982,8.90282,8.90607,1.00,1.00
2016.01.04 17:35:00.254,8.90252,8.90607,1.00,1.00
2016.01.04 17:35:00.453,8.90242,8.90607,1.00,1.00
2016.01.04 17:35:00.575,8.90252,8.90607,1.00,1.00
2016.01.04 17:35:01.337,8.90242,8.90607,1.00,1.00
2016.01.04 17:35:01.388,8.90253,8.90607,1.00,1.50
2016.01.04 17:35:02.330,8.90283,8.90607,1.00,1.00
2016.01.04 17:35:05.393,8.90292,8.90607,1.00,1.00
2016.01.04 17:35:06.212,8.90283,8.90607,1.00,1.00
2016.01.04 17:35:16.950,8.90283,8.9061,1.00,1.00
2016.01.04 17:36:02.680,8.90252,8.90634,1.00,1.00
2016.01.04 17:36:03.439,8.90252,8.90643,1.00,1.00
2016.01.04 17:36:05.806,8.90262,8.90643,1.00,1.00
2016.01.04 17:36:11.641,8.90272,8.90643,1.00,1.00
2016.01.04 17:36:13.221,8.90272,8.90643,1.07,1.00
2016.01.04 17:36:13.272,8.90272,8.90661,1.07,1.50
2016.01.04 17:36:14.041,8.90272,8.90643,1.07,1.00
2016.01.04 17:36:15.476,8.90272,8.90661,1.07,1.00
2016.01.04 17:36:20.836,8.90282,8.90661,1.00,1.00
2016.01.04 17:36:23.378,8.90282,8.90659,1.00,1.00
2016.01.04 17:36:24.641,8.90292,8.90659,1.00,1.00
2016.01.04 17:36:26.320,8.90292,8.9066,1.00,1.00
2016.01.04 17:36:27.659,8.90272,8.9066,1.07,1.00
2016.01.04 17:36:27.847,8.90282,8.9066,1.00,1.00
2016.01.04 17:36:28.269,8.90292,8.9066,1.00,1.00
2016.01.04 17:36:28.522,8.90302,8.90677,1.00,1.00
2016.01.04 17:36:29.108,8.90326,8.90653,1.00,1.00
2016.01.04 17:37:29.138,8.90301,8.90699,1.00,1.00
2016.01.04 17:37:33.747,8.90293,8.90699,1.00,1.00
2016.01.04 17:37:35.588,8.90293,8.90674,1.00,1.00
2016.01.04 17:37:39.236,8.90302,8.90674,1.00,1.00
2016.01.04 17:37:40.193,8.90293,8.90674,1.00,1.00
2016.01.04 17:38:03.228,8.90293,8.90682,1.00,1.00
2016.01.04 17:38:04.358,8.90251,8.90682,1.10,1.00
2016.01.04 17:38:08.640,8.90268,8.90682,1.00,1.00
2016.01.04 17:38:10.602,8.90252,8.90682,1.00,1.50
2016.01.04 17:38:12.369,8.9026,8.90682,1.00,1.00
2016.01.04 17:38:13.352,8.90251,8.90682,1.10,1.00
2016.01.04 17:38:13.503,8.90251,8.90666,1.10,1.00
2016.01.04 17:38:17.888,8.90251,8.90677,1.10,1.00
2016.01.04 17:38:20.370,8.90293,8.90658,1.00,1.00
2016.01.04 17:38:22.972,8.90293,8.90678,1.00,1.00
2016.01.04 17:38:23.023,8.90293,8.90698,1.00,1.00
2016.01.04 17:38:26.587,8.90302,8.90698,1.00,1.00
2016.01.04 17:38:29.046,8.90302,8.90698,1.37,1.00
2016.01.04 17:38:30.194,8.90322,8.90698,1.00,1.00
2016.01.04 17:38:32.199,8.90302,8.90698,1.37,1.00
2016.01.04 17:38:39.738,8.90302,8.90677,1.37,1.00
2016.01.04 17:38:39.799,8.90262,8.90677,1.75,1.00
2016.01.04 17:38:50.645,8.90269,8.90675,1.75,1.00
2016.01.04 17:38:54.448,8.90269,8.90667,1.75,1.00
2016.01.04 17:39:00.168,8.90301,8.90708,1.07,1.00
2016.01.04 17:39:00.219,8.90301,8.90708,1.75,1.00
2016.01.04 17:39:00.270,8.90302,8.90723,1.75,1.00
2016.01.04 17:39:00.320,8.90302,8.90723,1.75,1.00
2016.01.04 17:39:00.920,8.90359,8.90774,1.37,1.00
2016.01.04 17:39:01.816,8.90391,8.90774,1.00,1.00
2016.01.04 17:39:03.119,8.90383,8.90774,1.07,1.00
2016.01.04 17:39:04.111,8.90424,8.90774,1.00,1.00
2016.01.04 17:39:04.746,8.90419,8.90771,1.00,1.00
2016.01.04 17:39:14.531,8.90414,8.90743,1.00,1.00
2016.01.04 17:39:15.542,8.90384,8.90748,1.00,1.00
2016.01.04 17:39:18.836,8.90384,8.90741,1.00,1.00
2016.01.04 17:39:22.047,8.90375,8.90741,1.00,1.00
2016.01.04 17:39:23.252,8.90417,8.90741,1.00,1.00
2016.01.04 17:39:25.495,8.9042,8.90741,1.00,1.00
2016.01.04 17:39:26.217,8.9042,8.90747,1.00,1.00
2016.01.04 17:39:59.494,8.9042,8.90747,1.07,1.00
2016.01.04 17:39:59.869,8.90449,8.90805,1.00,1.00
2016.01.04 17:40:01.173,8.90449,8.90854,1.00,1.00
2016.01.04 17:40:01.324,8.90488,8.90813,1.00,1.00
2016.01.04 17:40:02.006,8.90491,8.90818,1.00,1.00
2016.01.04 17:40:12.088,8.90491,8.90813,1.00,1.00
2016.01.04 17:40:12.139,8.90469,8.90796,1.00,1.00
2016.01.04 17:40:13.916,8.90469,8.90771,1.00,1.00
2016.01.04 17:40:32.460,8.90469,8.90791,1.00,1.00
2016.01.04 17:40:32.511,8.90469,8.90796,1.00,1.00
2016.01.04 17:40:36.276,8.90507,8.90796,1.00,1.00
2016.01.04 17:40:36.327,8.90507,8.90866,1.00,1.00
2016.01.04 17:40:36.457,8.90507,8.90896,1.00,1.00
2016.01.04 17:40:37.656,8.90512,8.90896,1.00,1.00
2016.01.04 17:40:38.016,8.90544,8.90886,1.00,1.00
2016.01.04 17:40:41.408,8.90544,8.90864,1.00,1.00
2016.01.04 17:40:42.218,8.90544,8.90844,1.00,1.00
2016.01.04 17:40:52.006,8.90538,8.90844,1.00,1.00
2016.01.04 17:40:53.754,8.90514,8.90822,1.00,1.00
2016.01.04 17:40:53.805,8.90514,8.90817,1.00,1.00
2016.01.04 17:40:53.906,8.90383,8.90796,1.37,1.50
2016.01.04 17:40:53.957,8.90383,8.90796,1.00,1.50
2016.01.04 17:40:54.109,8.90383,8.9078,1.00,1.00
2016.01.04 17:40:55.296,8.90383,8.90796,1.00,1.00
2016.01.04 17:40:56.058,8.90429,8.90765,1.00,1.00
2016.01.04 17:41:29.438,8.9045,8.90786,1.00,1.00
2016.01.04 17:41:29.737,8.90432,8.90853,1.00,1.00
2016.01.04 17:41:30.506,8.90469,8.90809,1.00,1.00
2016.01.04 17:41:36.028,8.90488,8.90812,1.00,1.00
2016.01.04 17:41:36.318,8.90488,8.90815,1.00,1.00
2016.01.04 17:41:41.855,8.90503,8.90815,1.00,1.00
2016.01.04 17:41:41.906,8.90503,8.90874,1.00,1.00
2016.01.04 17:41:41.957,8.90516,8.90843,1.00,1.00
2016.01.04 17:41:42.280,8.90503,8.9091,1.07,1.00
2016.01.04 17:41:42.935,8.90507,8.90913,1.00,1.00
2016.01.04 17:41:43.655,8.90548,8.90891,1.00,1.00
2016.01.04 17:42:05.306,8.90557,8.90891,1.00,1.00
2016.01.04 17:42:05.459,8.90586,8.90992,1.00,1.00
2016.01.04 17:42:06.156,8.90586,8.90969,1.00,1.00
2016.01.04 17:42:06.554,8.90586,8.90967,1.00,1.00
2016.01.04 17:42:07.376,8.90596,8.90923,1.00,1.00
2016.01.04 17:42:35.731,8.90601,8.90972,1.00,1.00
2016.01.04 17:42:35.935,8.90601,8.90989,1.00,1.00
2016.01.04 17:42:35.995,8.90601,8.90987,1.00,1.00
2016.01.04 17:42:36.534,8.90622,8.90949,1.00,1.00
2016.01.04 17:43:13.976,8.9064,8.90967,1.00,1.00
2016.01.04 17:43:18.834,8.9064,8.90956,1.00,1.00
2016.01.04 17:43:19.172,8.9064,8.90941,1.00,1.00
2016.01.04 17:43:21.044,8.9064,8.90967,1.00,1.00
2016.01.04 17:43:22.273,8.90582,8.90966,1.07,1.00
2016.01.04 17:43:22.334,8.90582,8.90949,1.07,1.00
2016.01.04 17:43:24.094,8.90582,8.90949,1.00,1.00
2016.01.04 17:43:24.324,8.90582,8.90941,1.00,1.00
2016.01.04 17:43:24.433,8.90582,8.90949,1.00,1.00
2016.01.04 17:43:25.393,8.9059,8.90949,1.00,1.00
2016.01.04 17:43:25.705,8.9059,8.90924,1.50,1.00
2016.01.04 17:43:26.258,8.90589,8.90906,1.75,1.00
2016.01.04 17:43:26.895,8.90544,8.90906,1.82,1.00
2016.01.04 17:43:27.074,8.90559,8.90904,1.00,1.00
2016.01.04 17:43:28.763,8.90559,8.90896,1.00,1.00
2016.01.04 17:43:32.274,8.90559,8.90904,1.00,1.00
2016.01.04 17:43:32.325,8.90566,8.90904,1.00,1.00
2016.01.04 17:43:33.252,8.90573,8.90904,1.00,1.00
2016.01.04 17:43:35.019,8.90586,8.90913,1.75,1.00
2016.01.04 17:43:36.868,8.90589,8.90913,1.12,1.00
2016.01.04 17:43:39.029,8.90561,8.90929,1.00,1.00
2016.01.04 17:43:40.574,8.90553,8.90929,1.00,1.00
2016.01.04 17:43:40.625,8.90545,8.90929,1.57,1.00
2016.01.04 17:43:41.932,8.90545,8.9091,1.57,1.00
2016.01.04 17:43:44.338,8.90553,8.90897,1.00,1.00
2016.01.04 17:43:44.881,8.90553,8.90894,1.00,1.00
2016.01.04 17:43:45.411,8.90553,8.90897,1.00,1.00
2016.01.04 17:43:55.343,8.90553,8.90895,1.00,1.00
2016.01.04 17:43:56.346,8.90553,8.90897,1.00,1.00
2016.01.04 17:44:08.213,8.90537,8.90862,1.07,1.00
2016.01.04 17:44:08.314,8.90536,8.90862,1.00,1.00
2016.01.04 17:44:09.033,8.90536,8.90861,1.50,1.00
2016.01.04 17:44:11.627,8.90536,8.90861,1.87,1.00
2016.01.04 17:44:12.813,8.90565,8.9089,1.07,1.00
2016.01.04 17:44:21.065,8.90594,8.91003,1.10,1.00
2016.01.04 17:44:21.753,8.90594,8.90997,1.10,1.00
2016.01.04 17:44:22.705,8.90594,8.90977,1.37,1.00
2016.01.04 17:44:22.756,8.90635,8.91019,1.07,1.00
2016.01.04 17:44:24.386,8.90673,8.90998,1.00,1.00
2016.01.04 17:44:30.571,8.90673,8.90986,1.00,1.00
2016.01.04 17:44:30.981,8.90673,8.90962,1.00,1.00
2016.01.04 17:44:31.032,8.90653,8.90962,1.00,1.00
2016.01.04 17:44:31.556,8.90622,8.90986,1.00,1.00
2016.01.04 17:44:32.193,8.90622,8.90981,1.00,1.00
2016.01.04 17:44:33.977,8.90663,8.90981,1.00,1.00
2016.01.04 17:44:36.843,8.90663,8.90976,1.00,1.00
2016.01.04 17:44:53.019,8.90654,8.90976,1.00,1.00
2016.01.04 17:45:08.181,8.90654,8.90945,1.00,1.00
2016.01.04 17:45:08.241,8.90574,8.90945,1.07,1.00
2016.01.04 17:45:10.146,8.90574,8.90907,1.07,1.00
2016.01.04 17:45:10.300,8.90574,8.9092,1.07,1.00
2016.01.04 17:45:12.562,8.90574,8.90927,1.07,1.00
2016.01.04 17:45:15.217,8.90574,8.90934,1.07,1.00
2016.01.04 17:45:17.385,8.90611,8.90934,1.00,1.00
2016.01.04 17:45:17.732,8.90576,8.90928,1.07,1.00
2016.01.04 17:45:21.000,8.90576,8.90934,1.07,1.00
2016.01.04 17:45:21.364,8.90576,8.90931,1.07,1.00
2016.01.04 17:45:21.544,8.90576,8.90938,1.07,1.00
2016.01.04 17:45:22.222,8.90576,8.90932,1.07,1.00
2016.01.04 17:45:27.770,8.90629,8.90932,1.00,1.00
2016.01.04 17:45:28.564,8.90629,8.90926,1.00,1.00
2016.01.04 17:45:28.744,8.90629,8.90994,1.00,1.00
2016.01.04 17:45:29.385,8.90629,8.90994,1.07,1.00
2016.01.04 17:45:29.436,8.90629,8.91011,1.07,1.00
2016.01.04 17:45:29.645,8.90629,8.90981,1.07,1.00
2016.01.04 17:45:30.424,8.90629,8.90974,1.07,1.00
2016.01.04 17:45:34.468,8.90651,8.90974,1.00,1.00
2016.01.04 17:45:35.102,8.90671,8.90974,1.00,1.00
2016.01.04 17:45:49.589,8.90667,8.90974,1.00,1.00
2016.01.04 17:45:50.530,8.90667,8.90974,1.07,1.00
2016.01.04 17:45:53.527,8.90667,8.90974,1.00,1.00
2016.01.04 17:45:55.387,8.90667,8.90974,1.07,1.00
2016.01.04 17:45:55.715,8.90708,8.90982,1.00,1.00
2016.01.04 17:45:55.817,8.90708,8.91023,1.00,1.00
2016.01.04 17:45:55.918,8.90708,8.91134,1.07,1.37
2016.01.04 17:45:56.390,8.90749,8.91134,1.00,1.37
2016.01.04 17:45:56.883,8.90749,8.91166,1.37,1.37
2016.01.04 17:45:56.984,8.90799,8.91166,1.00,1.00
2016.01.04 17:45:57.112,8.90799,8.91208,1.00,1.00
2016.01.04 17:45:57.632,8.90799,8.91187,1.00,1.00
2016.01.04 17:45:57.932,8.9084,8.91241,1.00,1.00
2016.01.04 17:45:58.033,8.9084,8.91232,1.00,1.00
2016.01.04 17:45:58.235,8.9084,8.91257,1.00,1.37
2016.01.04 17:45:58.286,8.9084,8.91257,1.00,1.00
2016.01.04 17:45:58.337,8.9084,8.91257,1.37,1.00
2016.01.04 17:45:58.988,8.90881,8.91274,1.00,1.00
2016.01.04 17:45:59.431,8.90861,8.91274,1.00,1.00
2016.01.04 17:45:59.533,8.90841,8.91274,1.12,1.00
2016.01.04 17:45:59.584,8.90841,8.91265,1.12,1.00
2016.01.04 17:45:59.887,8.90812,8.9118,1.00,1.00
2016.01.04 17:46:00.935,8.90738,8.91074,1.00,1.75
2016.01.04 17:46:00.995,8.90663,8.91074,1.00,1.75
2016.01.04 17:46:02.208,8.90614,8.91056,1.37,1.07
2016.01.04 17:46:02.423,8.90614,8.91021,1.37,1.00
2016.01.04 17:46:02.811,8.90614,8.91021,1.37,1.37
2016.01.04 17:46:03.116,8.90648,8.90975,1.00,1.00
2016.01.04 17:46:07.364,8.90642,8.90962,1.00,1.00
2016.01.04 17:46:07.710,8.90635,8.90962,1.00,1.00
2016.01.04 17:46:08.203,8.90614,8.90998,1.00,1.00
2016.01.04 17:46:08.263,8.90633,8.9096,1.00,1.00
2016.01.04 17:46:08.587,8.90635,8.90962,1.00,1.00
2016.01.04 17:46:08.932,8.90617,8.90942,1.00,1.00
2016.01.04 17:46:08.983,8.90542,8.90911,1.00,1.07
2016.01.04 17:46:09.084,8.90532,8.90911,1.00,1.82
2016.01.04 17:46:09.135,8.90469,8.90869,1.00,1.75
2016.01.04 17:46:09.186,8.90449,8.90869,1.00,1.75
2016.01.04 17:46:09.726,8.90368,8.9081,1.00,1.75
2016.01.04 17:46:10.094,8.90348,8.90758,1.00,1.75
2016.01.04 17:46:10.145,8.90316,8.90758,1.00,1.00
2016.01.04 17:46:10.499,8.90296,8.90708,1.00,1.00
2016.01.04 17:46:10.549,8.90266,8.90708,1.00,1.00
2016.01.04 17:46:13.222,8.903,8.90654,1.00,1.00
2016.01.04 17:46:27.655,8.903,8.9061,1.00,1.00
2016.01.04 17:46:27.971,8.903,8.90647,1.00,1.00
2016.01.04 17:46:29.361,8.903,8.90611,1.00,1.00
2016.01.04 17:46:32.912,8.903,8.90562,1.00,1.00
2016.01.04 17:46:34.075,8.903,8.90597,1.00,1.00
2016.01.04 17:46:45.112,8.903,8.90582,1.00,1.00
2016.01.04 17:46:45.461,8.903,8.90562,1.00,1.00
2016.01.04 17:46:46.226,8.90299,8.90562,1.00,1.00
2016.01.04 17:46:46.378,8.90299,8.90626,1.00,1.37
2016.01.04 17:46:47.823,8.90299,8.90626,1.00,1.00
2016.01.04 17:46:48.599,8.90299,8.90625,1.00,1.00
2016.01.04 17:46:49.127,8.90299,8.90626,1.00,1.00
2016.01.04 17:46:49.790,8.90299,8.90626,1.07,1.00
2016.01.04 17:46:53.688,8.90299,8.90626,1.00,1.00
2016.01.04 17:46:56.457,8.90299,8.90626,1.07,1.00
2016.01.04 17:46:56.508,8.90283,8.9066,1.37,1.00
2016.01.04 17:46:56.610,8.90283,8.9066,1.37,1.00
2016.01.04 17:46:56.742,8.90307,8.90656,1.00,1.00
2016.01.04 17:46:56.863,8.90299,8.90666,1.07,1.00
2016.01.04 17:46:57.366,8.90341,8.90666,1.00,1.00
2016.01.04 17:46:58.099,8.90324,8.90704,1.75,1.00
2016.01.04 17:46:58.362,8.90323,8.90707,1.75,1.00
2016.01.04 17:46:58.651,8.9031,8.90726,1.75,1.00
2016.01.04 17:46:58.702,8.90298,8.90703,1.75,1.00
2016.01.04 17:46:58.753,8.90328,8.90726,1.07,1.00
2016.01.04 17:46:58.968,8.90328,8.90692,1.00,1.00
2016.01.04 17:46:59.020,8.90298,8.90692,1.07,1.37
2016.01.04 17:46:59.071,8.90298,8.90601,1.00,1.00
2016.01.04 17:46:59.564,8.90238,8.90601,1.37,1.00
2016.01.04 17:46:59.615,8.90238,8.90624,1.37,1.00
2016.01.04 17:46:59.960,8.90279,8.90616,1.00,1.00
2016.01.04 17:47:00.642,8.90262,8.90624,1.12,1.00
2016.01.04 17:47:01.193,8.90295,8.9062,1.00,1.00
2016.01.04 17:47:01.509,8.90296,8.9062,1.37,1.00
2016.01.04 17:47:02.819,8.90295,8.90619,1.00,1.00
2016.01.04 17:47:05.047,8.90295,8.9062,1.00,1.00
2016.01.04 17:47:06.760,8.90295,8.9062,1.37,1.00
2016.01.04 17:47:07.111,8.90349,8.9062,1.00,1.00
2016.01.04 17:47:07.436,8.90349,8.9064,1.00,1.00
2016.01.04 17:47:07.537,8.90349,8.90686,1.00,1.00
2016.01.04 17:47:08.193,8.90349,8.90626,1.00,1.00
2016.01.04 17:47:08.248,8.90295,8.90626,1.00,1.00
2016.01.04 17:47:08.299,8.90295,8.90626,1.07,1.00
2016.01.04 17:47:08.728,8.90295,8.90626,1.00,1.00
2016.01.04 17:47:11.203,8.90302,8.90626,1.07,1.00
2016.01.04 17:47:11.520,8.90324,8.90626,1.00,1.00
2016.01.04 17:47:11.832,8.90324,8.90626,1.07,1.00
2016.01.04 17:47:12.271,8.90324,8.90626,1.37,1.00
2016.01.04 17:47:12.892,8.90324,8.90648,1.37,1.00
2016.01.04 17:47:12.943,8.90324,8.90692,1.37,1.00
2016.01.04 17:47:14.009,8.90324,8.9071,1.37,1.00
2016.01.04 17:47:14.157,8.90344,8.90675,1.00,1.00
2016.01.04 17:47:14.618,8.90324,8.9067,1.37,1.00
2016.01.04 17:47:14.670,8.90324,8.9067,1.00,1.00
2016.01.04 17:47:14.834,8.90324,8.90669,1.00,1.37
2016.01.04 17:47:14.986,8.9028,8.9062,1.00,1.00
2016.01.04 17:47:15.037,8.9028,8.906,1.00,1.00
2016.01.04 17:47:15.088,8.9024,8.906,1.07,1.00
2016.01.04 17:47:16.084,8.90222,8.906,1.37,1.37
2016.01.04 17:47:16.135,8.9019,8.90549,1.07,1.00
2016.01.04 17:47:16.239,8.9019,8.90549,1.00,1.00
2016.01.04 17:47:16.340,8.9019,8.90518,1.00,1.00
2016.01.04 17:47:16.902,8.90148,8.90518,1.37,1.00
2016.01.04 17:47:17.118,8.90148,8.9054,1.37,1.00
2016.01.04 17:47:18.130,8.90198,8.9054,1.07,1.50
2016.01.04 17:47:20.875,8.90212,8.9054,1.00,1.00
2016.01.04 17:47:21.718,8.90219,8.90546,1.00,1.00
2016.01.04 17:47:22.056,8.90223,8.90546,1.00,1.00
2016.01.04 17:47:23.518,8.90232,8.90546,1.00,1.00
2016.01.04 17:47:23.669,8.90222,8.90546,1.00,1.00
2016.01.04 17:47:25.396,8.90223,8.90546,1.00,1.00
2016.01.04 17:47:25.763,8.90219,8.90546,1.00,1.00
2016.01.04 17:47:26.133,8.90219,8.90543,1.00,1.00
2016.01.04 17:47:26.329,8.90219,8.90546,1.00,1.00
2016.01.04 17:47:27.240,8.9022,8.90545,1.00,1.00
2016.01.04 17:47:30.948,8.90222,8.90545,1.00,1.00
2016.01.04 17:47:32.972,8.9022,8.90545,1.00,1.00
2016.01.04 17:47:38.300,8.90222,8.90545,1.00,1.00
2016.01.04 17:47:43.131,8.90232,8.90545,1.00,1.00
2016.01.04 17:47:45.427,8.9024,8.90565,1.07,1.00
2016.01.04 17:47:45.482,8.90252,8.90565,1.00,1.00
2016.01.04 17:47:46.103,8.90262,8.90565,1.00,1.00
2016.01.04 17:47:46.319,8.90272,8.90586,1.00,1.00
2016.01.04 17:47:46.370,8.90272,8.90638,1.00,1.00
2016.01.04 17:47:46.421,8.90263,8.90638,1.00,1.00
2016.01.04 17:47:46.472,8.90263,8.90661,1.00,1.37
2016.01.04 17:47:46.574,8.90263,8.9062,1.00,1.00
2016.01.04 17:47:47.166,8.90262,8.90618,1.00,1.00
2016.01.04 17:47:47.217,8.90232,8.90618,1.07,1.37
2016.01.04 17:47:47.649,8.90233,8.90618,1.00,1.37
2016.01.04 17:47:47.709,8.90242,8.90618,1.00,1.37
2016.01.04 17:47:47.811,8.90232,8.90618,1.00,1.37
2016.01.04 17:47:48.618,8.90232,8.90618,1.00,1.00
2016.01.04 17:47:49.209,8.90232,8.90621,1.00,1.00
2016.01.04 17:47:49.532,8.90269,8.90606,1.00,1.00
2016.01.04 17:47:49.652,8.90238,8.90621,1.00,1.00
2016.01.04 17:47:49.771,8.90268,8.9061,1.00,1.00
2016.01.04 17:47:59.322,8.9028,8.90608,1.00,1.00
2016.01.04 17:48:03.246,8.90283,8.90608,1.00,1.00
2016.01.04 17:48:03.628,8.903,8.90612,1.00,1.00
2016.01.04 17:48:07.299,8.903,8.90628,1.00,1.37
2016.01.04 17:48:09.159,8.903,8.90628,1.00,1.00
2016.01.04 17:48:09.671,8.903,8.90614,1.00,1.00
2016.01.04 17:48:13.314,8.903,8.90606,1.00,1.00
2016.01.04 17:48:15.278,8.903,8.90587,1.00,1.00
2016.01.04 17:48:15.430,8.90222,8.90587,1.07,1.37
2016.01.04 17:48:15.481,8.90222,8.90587,1.00,1.37
2016.01.04 17:48:15.591,8.90212,8.90587,1.00,1.37
2016.01.04 17:48:15.743,8.90212,8.90534,1.00,1.00
2016.01.04 17:48:16.796,8.90212,8.90534,1.00,1.37
2016.01.04 17:48:17.598,8.90213,8.90534,1.00,1.37
2016.01.04 17:48:17.981,8.90213,8.90507,1.00,1.00
2016.01.04 17:48:18.699,8.90212,8.90508,1.00,1.00
2016.01.04 17:48:20.891,8.90212,8.90568,1.00,1.07
2016.01.04 17:48:21.087,8.90212,8.90568,1.07,1.00
2016.01.04 17:48:21.437,8.90242,8.90568,1.00,1.00
2016.01.04 17:48:21.639,8.90232,8.90568,1.00,1.00
2016.01.04 17:48:21.888,8.90232,8.90537,1.00,1.00
2016.01.04 17:48:22.433,8.90242,8.90568,1.00,1.00
2016.01.04 17:48:22.938,8.90243,8.90568,1.00,1.00
2016.01.04 17:48:23.089,8.90243,8.90608,1.00,1.75
2016.01.04 17:48:23.232,8.90243,8.9057,1.00,1.00
2016.01.04 17:48:24.664,8.90242,8.90566,1.00,1.00
2016.01.04 17:48:25.618,8.90239,8.90566,1.07,1.00
2016.01.04 17:48:25.669,8.90239,8.90566,1.07,1.00
2016.01.04 17:48:26.345,8.90239,8.90566,1.00,1.00
2016.01.04 17:48:26.417,8.90239,8.90566,1.07,1.00
2016.01.04 17:48:28.617,8.90239,8.90566,1.10,1.00
2016.01.04 17:48:30.597,8.90239,8.90566,1.00,1.07
2016.01.04 17:48:30.992,8.9017,8.90565,1.00,1.75
2016.01.04 17:48:31.043,8.90211,8.90568,1.00,1.12
2016.01.04 17:48:31.195,8.90159,8.90535,1.07,1.45
2016.01.04 17:48:31.381,8.90159,8.90535,1.00,1.45
2016.01.04 17:48:32.117,8.90112,8.9047,1.00,1.37
2016.01.04 17:48:32.168,8.901,8.9047,1.00,1.37
2016.01.04 17:48:32.373,8.90062,8.9047,1.07,1.37
2016.01.04 17:48:32.607,8.90062,8.9047,1.07,1.00
2016.01.04 17:48:32.658,8.90076,8.9047,1.00,1.00
2016.01.04 17:48:33.027,8.90076,8.9047,1.37,1.00
2016.01.04 17:48:33.208,8.90076,8.90489,1.37,1.37
2016.01.04 17:48:33.259,8.90108,8.90489,1.00,1.37
2016.01.04 17:48:34.012,8.90084,8.90489,1.37,1.37
2016.01.04 17:48:34.451,8.90127,8.90454,1.00,1.00
2016.01.04 17:48:35.737,8.90127,8.90454,1.00,1.37
2016.01.04 17:48:36.113,8.90127,8.90454,1.00,1.00
2016.01.04 17:48:36.917,8.90066,8.90456,1.37,1.00
2016.01.04 17:48:37.057,8.90066,8.90436,1.37,1.00
2016.01.04 17:48:38.169,8.90106,8.90433,1.00,1.00
2016.01.04 17:48:40.321,8.90106,8.90433,1.00,1.37
2016.01.04 17:48:40.837,8.90106,8.90425,1.00,1.37
2016.01.04 17:48:53.642,8.90106,8.90433,1.00,1.37
2016.01.04 17:48:58.494,8.90106,8.90433,1.00,1.37
2016.01.04 17:48:58.801,8.90106,8.90419,1.00,1.37
2016.01.04 17:48:59.536,8.90106,8.90419,1.00,1.00
2016.01.04 17:49:02.137,8.90106,8.90433,1.00,1.37
2016.01.04 17:49:11.266,8.90106,8.90393,1.00,1.00
2016.01.04 17:49:11.580,8.89982,8.90344,1.75,1.37
2016.01.04 17:49:11.631,8.8997,8.90344,1.37,1.75
2016.01.04 17:49:12.533,8.89992,8.90343,1.07,1.12
2016.01.04 17:49:12.953,8.90002,8.90343,1.00,1.12
2016.01.04 17:49:13.061,8.89982,8.90343,1.37,1.12
2016.01.04 17:49:14.645,8.90003,8.90316,1.00,1.07
2016.01.04 17:49:15.227,8.90002,8.90316,1.00,1.07
2016.01.04 17:49:16.490,8.90012,8.90338,1.00,1.37
2016.01.04 17:49:16.592,8.90011,8.90338,1.00,1.37
2016.01.04 17:49:16.643,8.89982,8.90342,1.00,1.37
2016.01.04 17:49:16.694,8.89982,8.90325,1.00,1.75
2016.01.04 17:49:16.745,8.8997,8.90314,1.00,1.12
2016.01.04 17:49:16.796,8.89952,8.90314,1.00,1.12
2016.01.04 17:49:16.847,8.89952,8.90313,1.00,1.12
2016.01.04 17:49:17.081,8.89942,8.90301,1.00,1.75
2016.01.04 17:49:17.786,8.89959,8.90277,1.00,1.45
2016.01.04 17:49:18.110,8.89972,8.90277,1.00,1.45
2016.01.04 17:49:18.610,8.89972,8.90258,1.00,1.00
2016.01.04 17:49:19.373,8.89992,8.90258,1.00,1.00
2016.01.04 17:49:19.424,8.89992,8.90303,1.00,1.37
2016.01.04 17:49:19.475,8.89982,8.90303,1.00,1.75
2016.01.04 17:49:19.779,8.89915,8.90126,1.00,1.12
2016.01.04 17:49:19.881,8.89767,8.90164,1.07,1.12
2016.01.04 17:49:19.932,8.89799,8.90164,1.00,1.12
2016.01.04 17:49:20.084,8.89723,8.90088,1.00,1.00
2016.01.04 17:49:20.143,8.89693,8.90088,1.00,1.00
2016.01.04 17:49:20.194,8.89693,8.90069,1.00,1.00
2016.01.04 17:49:20.659,8.89693,8.90093,1.00,1.75
2016.01.04 17:49:20.710,8.89672,8.90093,1.00,1.75
2016.01.04 17:49:20.812,8.89672,8.90063,1.00,1.12
2016.01.04 17:49:20.863,8.89654,8.90012,1.00,1.75
2016.01.04 17:49:21.066,8.89594,8.89958,1.00,1.37
2016.01.04 17:49:21.291,8.89537,8.89958,1.00,1.37
2016.01.04 17:49:21.895,8.89542,8.89958,1.07,1.37
2016.01.04 17:49:22.646,8.89552,8.89958,1.75,1.37
2016.01.04 17:49:23.349,8.89582,8.89965,1.75,1.37
2016.01.04 17:49:24.111,8.89602,8.89979,1.37,1.00
2016.01.04 17:49:24.607,8.89603,8.89957,1.07,1.07
2016.01.04 17:49:24.910,8.89582,8.8991,1.00,1.12
2016.01.04 17:49:25.635,8.89542,8.89875,1.00,1.75
2016.01.04 17:49:25.691,8.89502,8.89875,1.00,1.75
2016.01.04 17:49:25.742,8.89502,8.89875,1.00,1.75
2016.01.04 17:49:26.066,8.89502,8.89875,1.00,1.75
2016.01.04 17:49:26.160,8.89522,8.89875,1.00,1.75
2016.01.04 17:49:26.606,8.89523,8.89875,1.07,1.75
2016.01.04 17:49:27.306,8.89503,8.89875,1.37,1.75
2016.01.04 17:49:27.804,8.89494,8.89901,1.75,1.75
2016.01.04 17:49:29.272,8.89494,8.89901,1.75,1.75
2016.01.04 17:49:29.607,8.89494,8.89901,1.75,1.75
2016.01.04 17:49:30.116,8.89502,8.89893,1.37,1.75
2016.01.04 17:49:30.807,8.89523,8.89893,1.75,1.37
2016.01.04 17:49:31.009,8.89512,8.89913,1.75,1.45
2016.01.04 17:49:31.225,8.89512,8.8989,1.75,1.37
2016.01.04 17:49:31.327,8.89512,8.89936,1.75,1.50
2016.01.04 17:49:31.479,8.89558,8.89936,1.00,1.50
2016.01.04 17:49:31.581,8.89578,8.89953,1.00,1.37
2016.01.04 17:49:32.142,8.89462,8.89845,1.75,1.45
2016.01.04 17:49:32.614,8.89442,8.89828,2.25,1.00
2016.01.04 17:49:33.472,8.89442,8.89828,1.75,1.45
2016.01.04 17:49:33.736,8.89442,8.89828,1.87,1.37
2016.01.04 17:49:33.866,8.89442,8.89828,1.87,1.00
2016.01.04 17:49:34.188,8.89463,8.89828,1.75,1.00
2016.01.04 17:49:34.617,8.89462,8.89856,1.75,1.37
2016.01.04 17:49:35.164,8.89462,8.89858,1.37,1.45
2016.01.04 17:49:35.286,8.89462,8.89858,1.37,1.45
2016.01.04 17:49:35.406,8.89442,8.89837,1.37,1.37
2016.01.04 17:49:35.627,8.89442,8.89837,1.75,1.37
2016.01.04 17:49:36.057,8.89463,8.89873,1.75,1.00
2016.01.04 17:49:36.108,8.89494,8.89935,1.75,1.00
2016.01.04 17:49:36.160,8.89494,8.89935,1.75,1.00
2016.01.04 17:49:36.312,8.89556,8.89979,1.75,1.00
2016.01.04 17:49:36.364,8.89556,8.89997,1.75,1.07
2016.01.04 17:49:37.057,8.89605,8.90017,1.37,1.50
2016.01.04 17:49:37.624,8.89605,8.90018,1.07,1.37
2016.01.04 17:49:38.799,8.89605,8.90018,1.50,1.07
2016.01.04 17:49:39.478,8.89605,8.90006,1.50,1.00
2016.01.04 17:49:39.860,8.89605,8.90008,1.50,1.00
2016.01.04 17:49:40.406,8.89605,8.90007,1.50,1.00
2016.01.04 17:49:40.688,8.89605,8.90018,1.50,1.07
2016.01.04 17:49:40.738,8.89605,8.90004,1.50,1.00
2016.01.04 17:49:42.580,8.89605,8.90004,1.50,1.37
2016.01.04 17:49:42.682,8.89605,8.89998,1.00,1.45
2016.01.04 17:49:42.851,8.89568,8.89997,1.00,1.45
2016.01.04 17:49:42.902,8.89568,8.89997,1.37,1.45
2016.01.04 17:49:43.577,8.89588,8.89996,1.07,1.45
2016.01.04 17:49:43.679,8.89564,8.89946,1.37,1.75
2016.01.04 17:49:44.161,8.89564,8.89889,1.00,1.12
2016.01.04 17:49:44.212,8.89523,8.89889,1.07,1.12
2016.01.04 17:49:44.411,8.89532,8.89889,1.00,1.12
2016.01.04 17:49:44.939,8.89472,8.89865,1.75,1.12
2016.01.04 17:49:46.178,8.89472,8.8985,1.37,1.12
2016.01.04 17:49:47.307,8.89466,8.8985,1.37,1.12
2016.01.04 17:49:51.204,8.89473,8.89859,1.37,1.75
2016.01.04 17:49:51.678,8.89502,8.89843,1.37,1.07
2016.01.04 17:49:51.901,8.89513,8.89843,1.37,1.00
2016.01.04 17:49:52.003,8.89522,8.89854,1.37,1.10
2016.01.04 17:49:52.790,8.89532,8.89871,1.37,1.00
2016.01.04 17:49:52.841,8.89532,8.89914,1.37,1.12
2016.01.04 17:49:53.153,8.89563,8.89914,1.00,1.12
2016.01.04 17:49:53.932,8.89562,8.89903,1.00,1.37
2016.01.04 17:49:55.223,8.89573,8.89914,1.00,1.12
2016.01.04 17:49:56.035,8.89572,8.89907,1.00,1.75
2016.01.04 17:49:57.337,8.89582,8.89907,1.00,1.75
2016.01.04 17:50:00.596,8.89582,8.89877,1.75,1.00
2016.01.04 17:50:01.496,8.89602,8.90013,1.75,1.37
2016.01.04 17:50:01.547,8.89622,8.90013,1.75,1.37
2016.01.04 17:50:01.598,8.89622,8.90055,1.75,1.50
2016.01.04 17:50:02.140,8.89622,8.89958,1.75,1.00
2016.01.04 17:50:02.191,8.89622,8.89963,1.75,1.00
2016.01.04 17:50:02.858,8.89634,8.89961,1.75,1.00
2016.01.04 17:50:03.173,8.89632,8.90055,1.75,1.12
2016.01.04 17:50:03.899,8.89634,8.89961,1.75,1.00
2016.01.04 17:50:04.653,8.89628,8.90052,1.75,1.37
2016.01.04 17:50:04.805,8.89678,8.90052,1.75,1.07
2016.01.04 17:50:05.227,8.89678,8.89991,1.75,1.00
2016.01.04 17:50:05.492,8.89678,8.90064,1.75,1.12
2016.01.04 17:50:06.652,8.89678,8.89957,1.75,1.00
2016.01.04 17:50:06.707,8.89678,8.90066,1.75,1.37
2016.01.04 17:50:06.812,8.89678,8.9004,1.75,1.00
2016.01.04 17:50:07.131,8.89678,8.90002,1.75,1.00
2016.01.04 17:50:07.182,8.89678,8.90069,1.75,1.37
2016.01.04 17:50:07.784,8.89678,8.90028,1.75,1.00
2016.01.04 17:50:08.299,8.89678,8.90119,1.75,1.45
2016.01.04 17:50:08.350,8.89678,8.90072,1.75,1.00
2016.01.04 17:50:08.837,8.89687,8.90038,1.75,1.00
2016.01.04 17:50:08.959,8.89678,8.90119,1.75,1.45
2016.01.04 17:50:09.061,8.89687,8.90038,1.75,1.00
2016.01.04 17:50:09.936,8.89678,8.90111,2.25,1.07
2016.01.04 17:50:09.992,8.89692,8.90087,1.75,1.00
2016.01.04 17:50:10.438,8.89702,8.90027,1.75,1.00
2016.01.04 17:50:10.540,8.89694,8.90086,1.75,1.00
2016.01.04 17:50:10.591,8.89699,8.90026,1.75,1.00
2016.01.04 17:50:11.407,8.89678,8.90028,1.75,1.00
2016.01.04 17:50:11.692,8.89689,8.90091,1.75,1.00
2016.01.04 17:50:11.932,8.89678,8.90028,1.75,1.00
2016.01.04 17:50:12.172,8.8969,8.901,1.75,1.37
2016.01.04 17:50:13.057,8.89731,8.90058,1.75,1.00
2016.01.04 17:50:13.909,8.89731,8.90058,1.37,1.00
2016.01.04 17:50:30.862,8.89731,8.90058,1.75,1.00
2016.01.04 17:50:35.367,8.89731,8.90058,1.37,1.37
2016.01.04 17:50:35.479,8.89731,8.90058,1.07,1.37
2016.01.04 17:50:38.148,8.89731,8.90058,1.07,1.37
2016.01.04 17:50:42.046,8.89731,8.90058,1.00,1.37
2016.01.04 17:50:42.548,8.89713,8.9004,1.37,1.37
2016.01.04 17:50:42.839,8.89713,8.9004,1.00,1.37
2016.01.04 17:50:44.257,8.89713,8.9004,1.00,1.37
2016.01.04 17:50:44.597,8.89713,8.9004,1.37,1.47
2016.01.04 17:50:45.838,8.89713,8.9004,1.37,1.47
2016.01.04 17:50:47.661,8.89713,8.9004,1.37,1.37
2016.01.04 17:50:47.712,8.89713,8.9004,1.37,1.37
2016.01.04 17:50:55.806,8.89713,8.9004,1.37,1.00
2016.01.04 17:51:01.787,8.89713,8.9004,1.37,1.37
2016.01.04 17:51:15.138,8.89713,8.9004,1.37,1.75
2016.01.04 17:51:15.485,8.89713,8.9004,1.37,1.75
2016.01.04 17:51:16.699,8.89713,8.9004,1.37,1.75
2016.01.04 17:51:18.441,8.89695,8.90019,1.00,1.12
2016.01.04 17:51:18.492,8.89582,8.89985,1.75,1.75
2016.01.04 17:51:19.362,8.89562,8.89971,1.75,1.45
2016.01.04 17:51:19.924,8.89562,8.89971,1.75,1.45
2016.01.04 17:51:21.001,8.89579,8.89914,1.75,1.00
2016.01.04 17:51:21.413,8.89579,8.89914,1.75,1.00
2016.01.04 17:51:22.459,8.89579,8.89914,1.37,1.45
2016.01.04 17:51:22.560,8.89579,8.89914,1.00,1.75
2016.01.04 17:51:22.662,8.89516,8.89919,1.75,1.75
2016.01.04 17:51:24.077,8.89478,8.89889,1.75,1.75
2016.01.04 17:51:24.850,8.89478,8.89861,1.75,1.45
2016.01.04 17:51:25.465,8.89496,8.89855,1.75,1.00
2016.01.04 17:51:29.226,8.89502,8.89829,1.07,1.00
2016.01.04 17:51:29.277,8.89449,8.89851,1.75,1.87
2016.01.04 17:51:29.590,8.89396,8.89824,1.75,1.87
2016.01.04 17:51:30.626,8.89412,8.89824,1.75,1.87
2016.01.04 17:51:30.930,8.89443,8.8977,1.75,1.00
2016.01.04 17:51:32.779,8.89443,8.8977,1.75,1.00
2016.01.04 17:51:33.088,8.89462,8.8977,1.75,1.00
2016.01.04 17:51:37.846,8.89472,8.8977,1.75,1.00
2016.01.04 17:51:37.897,8.89472,8.89791,1.75,1.00
2016.01.04 17:51:47.406,8.89464,8.89791,1.37,1.00
2016.01.04 17:51:47.457,8.89446,8.89771,1.75,1.00
2016.01.04 17:51:47.508,8.89418,8.89783,1.75,1.37
2016.01.04 17:51:48.679,8.89398,8.89749,1.75,1.00
2016.01.04 17:51:48.790,8.89398,8.8977,1.75,1.07
2016.01.04 17:51:48.910,8.89398,8.89748,1.75,1.00
2016.01.04 17:51:50.444,8.89398,8.89749,1.75,1.00
2016.01.04 17:51:51.011,8.89398,8.89753,1.75,1.00
2016.01.04 17:51:54.158,8.89402,8.89778,1.75,1.45
2016.01.04 17:51:54.220,8.89421,8.89748,1.75,1.00
2016.01.04 17:52:00.496,8.89421,8.89748,1.75,1.00
2016.01.04 17:52:01.625,8.89422,8.89748,1.75,1.00
2016.01.04 17:52:03.568,8.89442,8.89748,1.75,1.00
2016.01.04 17:52:03.885,8.89463,8.89748,1.75,1.00
2016.01.04 17:52:05.085,8.89463,8.89808,1.75,1.37
2016.01.04 17:52:06.524,8.89463,8.89807,1.75,1.00
2016.01.04 17:52:06.575,8.89463,8.89807,1.75,1.00
2016.01.04 17:52:06.728,8.89463,8.89846,1.75,1.37
2016.01.04 17:52:06.990,8.89463,8.89824,1.75,1.37
2016.01.04 17:52:07.185,8.89463,8.89824,1.75,1.37
2016.01.04 17:52:08.002,8.89463,8.89824,1.75,1.37
2016.01.04 17:52:10.706,8.89463,8.89824,1.75,1.45
2016.01.04 17:52:12.620,8.89444,8.89824,1.75,1.45
2016.01.04 17:52:12.721,8.89427,8.89781,1.75,1.00
2016.01.04 17:52:15.884,8.89427,8.89781,1.75,1.37
2016.01.04 17:52:17.305,8.89427,8.89781,1.75,1.37
2016.01.04 17:52:18.130,8.89427,8.89781,1.75,1.37
2016.01.04 17:52:19.530,8.89427,8.89781,1.75,1.37
2016.01.04 17:52:20.164,8.89427,8.89781,1.75,1.37
2016.01.04 17:52:21.298,8.89427,8.89781,1.75,1.00
2016.01.04 17:52:21.705,8.89422,8.89782,1.75,1.12
2016.01.04 17:52:21.815,8.89422,8.89782,1.75,1.12
2016.01.04 17:52:22.580,8.89439,8.89776,1.75,1.00
2016.01.04 17:52:22.631,8.89433,8.8981,1.75,1.37
2016.01.04 17:52:26.009,8.89459,8.89796,1.75,1.00
2016.01.04 17:52:33.855,8.89459,8.89796,1.75,1.37
2016.01.04 17:52:34.007,8.89459,8.89796,1.75,1.37
2016.01.04 17:52:34.059,8.89459,8.89796,1.37,1.45
2016.01.04 17:52:37.924,8.89459,8.89796,1.37,1.45
2016.01.04 17:52:39.370,8.89447,8.89774,1.75,1.37
2016.01.04 17:52:40.591,8.89447,8.89774,1.75,1.37
2016.01.04 17:52:41.774,8.89447,8.89774,1.75,1.37
2016.01.04 17:52:42.605,8.89428,8.89755,1.00,1.45
2016.01.04 17:52:42.757,8.89428,8.89726,1.00,1.75
2016.01.04 17:52:42.917,8.89345,8.89721,1.75,1.12
2016.01.04 17:52:43.582,8.89285,8.89715,1.75,1.75
2016.01.04 17:52:48.367,8.89307,8.89634,1.75,1.12
2016.01.04 17:52:48.874,8.89303,8.89674,1.75,1.00
2016.01.04 17:52:49.899,8.89303,8.89704,1.75,1.45
2016.01.04 17:52:50.603,8.89339,8.89664,1.75,1.00
2016.01.04 17:52:50.804,8.89342,8.89669,1.75,1.00
2016.01.04 17:52:50.920,8.89312,8.89674,1.75,1.00
2016.01.04 17:52:51.585,8.89322,8.89701,1.75,1.45
2016.01.04 17:52:51.883,8.89343,8.8967,1.75,1.00
2016.01.04 17:52:52.478,8.89343,8.8967,1.75,1.00
2016.01.04 17:52:53.564,8.89312,8.89698,1.75,1.37
2016.01.04 17:52:53.666,8.89329,8.89664,1.75,1.00
2016.01.04 17:52:54.128,8.89312,8.89709,1.75,1.37
2016.01.04 17:52:54.179,8.89302,8.89674,1.75,1.00
2016.01.04 17:52:55.304,8.89312,8.89674,1.75,1.37
2016.01.04 17:52:55.918,8.89319,8.89656,1.75,1.00
2016.01.04 17:52:56.227,8.89285,8.89661,1.75,1.37
2016.01.04 17:52:56.278,8.89285,8.89661,1.75,1.45
2016.01.04 17:52:58.091,8.89291,8.89618,1.75,1.37
2016.01.04 17:52:59.084,8.89302,8.89618,1.75,1.37
2016.01.04 17:53:00.516,8.89292,8.89618,1.75,1.37
2016.01.04 17:53:03.346,8.89303,8.89618,1.75,1.37
2016.01.04 17:53:04.854,8.89292,8.89618,1.75,1.37
2016.01.04 17:53:06.541,8.89292,8.89618,1.75,1.37
2016.01.04 17:53:06.693,8.89292,8.89618,1.75,1.37
2016.01.04 17:53:07.624,8.89292,8.89618,1.75,1.37
2016.01.04 17:53:08.174,8.89291,8.89618,1.75,1.37
2016.01.04 17:53:10.813,8.89274,8.89599,1.75,1.37
2016.01.04 17:53:12.727,8.89282,8.89599,1.75,1.37
2016.01.04 17:53:12.987,8.89282,8.89599,1.75,1.37
2016.01.04 17:53:13.611,8.89282,8.89599,1.75,1.37
2016.01.04 17:53:15.544,8.89282,8.89599,1.75,1.37
2016.01.04 17:53:23.325,8.89274,8.89599,1.75,1.37
2016.01.04 17:53:24.124,8.89274,8.89599,1.75,1.37
2016.01.04 17:53:25.573,8.89312,8.89627,1.07,1.45
2016.01.04 17:53:27.041,8.89332,8.89627,1.00,1.45
2016.01.04 17:53:28.251,8.89332,8.89627,1.00,1.45
2016.01.04 17:53:29.733,8.89332,8.89627,1.00,1.45
2016.01.04 17:53:30.254,8.89342,8.89627,1.00,1.45
2016.01.04 17:53:30.304,8.89342,8.89659,1.00,1.12
2016.01.04 17:53:30.355,8.89343,8.89672,1.12,1.45
2016.01.04 17:53:33.355,8.89363,8.89619,1.00,1.37
2016.01.04 17:53:35.209,8.89343,8.89668,1.00,1.75
2016.01.04 17:53:36.317,8.89342,8.89664,1.00,1.75
2016.01.04 17:53:36.692,8.89342,8.89645,1.00,1.45
2016.01.04 17:53:37.305,8.89352,8.89627,1.00,1.37
2016.01.04 17:53:38.136,8.89352,8.89651,1.00,1.45
2016.01.04 17:53:39.714,8.89352,8.89655,1.00,1.45
2016.01.04 17:53:39.816,8.89343,8.89655,1.00,1.45
2016.01.04 17:53:40.385,8.89352,8.8966,1.00,1.75
2016.01.04 17:53:41.300,8.89352,8.8966,1.00,1.45
2016.01.04 17:53:41.874,8.89342,8.89649,1.00,1.37
2016.01.04 17:53:49.753,8.89342,8.89649,1.00,1.37
2016.01.04 17:53:51.604,8.89352,8.89649,1.00,1.37
2016.01.04 17:53:52.896,8.89353,8.89649,1.00,1.37
2016.01.04 17:53:55.802,8.89353,8.89649,1.00,1.37
2016.01.04 17:54:01.591,8.89362,8.89649,1.00,1.37
2016.01.04 17:54:01.764,8.89372,8.89668,1.00,1.47
2016.01.04 17:54:01.815,8.89382,8.89668,1.07,1.37
2016.01.04 17:54:02.516,8.89392,8.89668,1.00,1.37
2016.01.04 17:54:03.742,8.89382,8.89689,1.07,1.45
2016.01.04 17:54:04.221,8.89392,8.89689,1.00,1.45
2016.01.04 17:54:04.713,8.89392,8.89689,1.00,1.45
2016.01.04 17:54:09.649,8.89403,8.89689,1.00,1.45
2016.01.04 17:54:09.989,8.89412,8.89689,1.00,1.45
2016.01.04 17:54:10.398,8.89422,8.8971,1.00,1.45
2016.01.04 17:54:11.097,8.89392,8.8971,1.07,1.45
2016.01.04 17:54:11.972,8.89392,8.8971,1.07,1.45
2016.01.04 17:54:18.199,8.89392,8.8971,1.00,1.75
2016.01.04 17:54:18.497,8.89392,8.8971,1.00,1.75
2016.01.04 17:54:18.547,8.89402,8.8971,1.00,1.75
2016.01.04 17:54:18.704,8.89403,8.8971,1.00,1.45
2016.01.04 17:54:18.755,8.89432,8.8971,1.00,1.37
2016.01.04 17:54:19.106,8.89423,8.8969,1.00,1.00
2016.01.04 17:54:19.625,8.89412,8.89709,1.00,1.37
2016.01.04 17:54:20.253,8.89403,8.89715,1.00,1.45
2016.01.04 17:54:20.468,8.89403,8.89715,1.00,1.45
2016.01.04 17:54:21.135,8.89422,8.89706,1.00,1.12
2016.01.04 17:54:21.557,8.89432,8.89706,1.00,1.12
2016.01.04 17:54:21.770,8.89432,8.89706,1.00,1.12
2016.01.04 17:54:21.978,8.89442,8.89706,1.00,1.12
2016.01.04 17:54:23.142,8.89442,8.89727,1.00,1.12
2016.01.04 17:54:23.363,8.89452,8.89727,1.00,1.12
2016.01.04 17:54:24.489,8.89452,8.89737,1.00,1.12
2016.01.04 17:54:24.854,8.89432,8.89737,1.07,1.12
2016.01.04 17:54:24.905,8.89432,8.89725,1.00,1.12
2016.01.04 17:54:25.653,8.89432,8.89725,1.00,1.12
2016.01.04 17:54:26.276,8.89453,8.89725,1.00,1.12
2016.01.04 17:54:27.482,8.89453,8.89725,1.00,1.12
2016.01.04 17:54:28.574,8.89462,8.89725,1.00,1.12
2016.01.04 17:54:32.536,8.89442,8.89703,1.00,1.12
2016.01.04 17:54:32.587,8.89412,8.89703,1.00,1.12
2016.01.04 17:54:34.346,8.89412,8.89703,1.00,1.12
2016.01.04 17:54:34.932,8.89422,8.89703,1.00,1.12
2016.01.04 17:54:35.386,8.89401,8.89703,1.10,1.12
2016.01.04 17:54:35.588,8.89352,8.89678,1.37,1.12
2016.01.04 17:54:37.197,8.89358,8.89678,1.37,1.12
2016.01.04 17:54:38.499,8.89363,8.89678,1.37,1.12
2016.01.04 17:54:40.042,8.89363,8.89678,1.37,1.12
2016.01.04 17:54:41.664,8.89372,8.89678,1.07,1.12
2016.01.04 17:54:46.412,8.89362,8.89641,1.37,1.37
2016.01.04 17:54:48.392,8.89362,8.89641,1.37,1.37
2016.01.04 17:54:50.470,8.89372,8.89697,1.00,1.12
2016.01.04 17:54:50.521,8.89382,8.89697,1.00,1.12
2016.01.04 17:54:51.388,8.89382,8.89706,1.07,1.12
2016.01.04 17:54:51.772,8.89402,8.89706,1.00,1.12
2016.01.04 17:54:51.993,8.89402,8.89709,1.00,1.12
2016.01.04 17:54:52.044,8.89392,8.89709,1.00,1.12
2016.01.04 17:54:52.524,8.89402,8.89709,1.00,1.12
2016.01.04 17:54:53.419,8.89402,8.89709,1.00,1.12
2016.01.04 17:54:54.028,8.89412,8.89709,1.00,1.12
2016.01.04 17:54:54.329,8.89422,8.89709,1.00,1.12
2016.01.04 17:54:54.632,8.89432,8.89711,1.00,1.75
2016.01.04 17:54:55.109,8.89452,8.89745,1.00,1.12
2016.01.04 17:54:55.160,8.89452,8.89763,1.00,1.12
2016.01.04 17:54:55.491,8.89452,8.89737,1.37,1.37
2016.01.04 17:54:55.794,8.89452,8.89774,1.37,1.75
2016.01.04 17:54:56.748,8.89472,8.89775,1.00,1.12
2016.01.04 17:54:57.182,8.89482,8.89775,1.00,1.12
2016.01.04 17:54:57.710,8.89482,8.89775,1.00,1.12
2016.01.04 17:54:58.807,8.89482,8.89775,1.00,1.12
2016.01.04 17:54:59.122,8.89492,8.89788,1.07,1.75
2016.01.04 17:54:59.172,8.89502,8.89788,1.00,1.75
2016.01.04 17:54:59.274,8.89502,8.89788,1.07,1.45
2016.01.04 17:55:00.408,8.89512,8.89808,1.00,1.75
2016.01.04 17:55:00.560,8.89503,8.89808,1.07,1.75
2016.01.04 17:55:01.041,8.89503,8.89808,1.07,1.75
2016.01.04 17:55:01.092,8.89512,8.89808,1.00,1.75
2016.01.04 17:55:01.459,8.89512,8.89813,1.12,1.75
2016.01.04 17:55:05.054,8.89493,8.89814,1.07,1.75
2016.01.04 17:55:06.126,8.89492,8.89814,1.07,1.75
2016.01.04 17:55:06.278,8.89487,8.89796,1.10,1.12
2016.01.04 17:55:06.832,8.89443,8.89796,1.75,1.12
2016.01.04 17:55:07.673,8.89443,8.89777,1.75,1.45
2016.01.04 17:55:09.985,8.89452,8.89771,1.37,1.75
2016.01.04 17:55:10.036,8.89414,8.8974,1.37,1.12
2016.01.04 17:55:10.238,8.89414,8.89739,1.00,1.12
2016.01.04 17:55:10.289,8.89412,8.89739,1.00,1.12
2016.01.04 17:55:10.895,8.89402,8.89739,1.07,1.12
2016.01.04 17:55:12.043,8.89405,8.89717,1.07,1.12
2016.01.04 17:55:12.377,8.89379,8.89706,1.75,1.37
2016.01.04 17:55:12.623,8.89392,8.89706,1.75,1.00
2016.01.04 17:55:12.674,8.89392,8.89706,1.75,1.00
2016.01.04 17:55:12.927,8.89402,8.89801,1.75,1.47
2016.01.04 17:55:13.875,8.89422,8.89828,1.75,1.37
2016.01.04 17:55:14.435,8.89443,8.89842,1.75,1.82
2016.01.04 17:55:14.588,8.89443,8.89856,1.75,1.75
2016.01.04 17:55:14.873,8.89475,8.8987,1.75,1.45
2016.01.04 17:55:15.387,8.89504,8.89876,1.75,1.12
2016.01.04 17:55:15.595,8.89512,8.89892,1.75,1.12
2016.01.04 17:55:15.646,8.89532,8.89892,1.75,1.12
2016.01.04 17:55:15.977,8.89546,8.89892,1.75,1.12
2016.01.04 17:55:16.280,8.89579,8.89928,1.75,1.12
2016.01.04 17:55:16.867,8.89603,8.89974,1.75,1.12
2016.01.04 17:55:16.918,8.89603,8.89992,1.75,1.12
2016.01.04 17:55:20.831,8.89682,8.90031,1.75,1.12
2016.01.04 17:55:21.240,8.89652,8.90014,1.75,1.12
2016.01.04 17:55:25.861,8.89636,8.89963,1.75,1.37
2016.01.04 17:55:27.394,8.89636,8.89963,1.37,1.75
2016.01.04 17:55:35.847,8.89612,8.89978,1.75,1.00
2016.01.04 17:55:35.962,8.89612,8.89978,1.75,1.07
2016.01.04 17:55:36.209,8.89653,8.89968,1.75,1.00
2016.01.04 17:55:40.184,8.89629,8.89956,1.75,1.37
2016.01.04 17:55:42.683,8.89629,8.89956,1.75,1.37
2016.01.04 17:55:43.711,8.89629,8.89948,1.75,1.00
2016.01.04 17:55:44.222,8.89629,8.89948,1.75,1.07
2016.01.04 17:55:48.995,8.8961,8.89918,1.75,1.07
2016.01.04 17:55:49.805,8.8961,8.89898,1.75,1.00
2016.01.04 17:55:49.856,8.89558,8.89898,1.75,1.00
2016.01.04 17:55:49.906,8.89558,8.89898,1.75,1.37
2016.01.04 17:55:50.375,8.89527,8.89857,1.75,1.37
2016.01.04 17:55:50.426,8.89463,8.89837,1.75,1.37
2016.01.04 17:55:50.476,8.89463,8.89837,1.75,1.75
2016.01.04 17:55:50.527,8.89472,8.89834,1.75,1.12
2016.01.04 17:55:52.137,8.89452,8.89808,1.75,1.12
2016.01.04 17:55:53.585,8.89539,8.89807,1.00,1.75
2016.01.04 17:55:53.636,8.89539,8.89808,1.07,1.45
2016.01.04 17:55:54.013,8.89539,8.89808,1.37,1.37
2016.01.04 17:55:54.343,8.89539,8.89808,1.75,1.37
2016.01.04 17:55:55.195,8.8956,8.89828,1.37,1.37
2016.01.04 17:55:56.822,8.8956,8.89818,1.37,1.37
2016.01.04 17:55:58.682,8.8956,8.89858,1.50,1.45
2016.01.04 17:55:59.682,8.8956,8.89857,1.50,1.47
2016.01.04 17:56:01.180,8.89585,8.89858,1.00,1.75
2016.01.04 17:56:01.466,8.89585,8.89828,1.00,1.37
2016.01.04 17:56:02.064,8.89585,8.89857,1.07,1.37
2016.01.04 17:56:02.607,8.89611,8.89857,1.00,1.37
2016.01.04 17:56:02.997,8.89611,8.89878,1.00,1.75
2016.01.04 17:56:03.052,8.89611,8.89878,1.10,1.45
2016.01.04 17:56:03.204,8.89643,8.89882,1.00,1.45
2016.01.04 17:56:03.457,8.89643,8.89918,1.07,1.45
2016.01.04 17:56:04.657,8.89672,8.89928,1.00,1.75
2016.01.04 17:56:04.995,8.89696,8.89958,1.00,1.75
2016.01.04 17:56:09.311,8.89667,8.89927,1.00,1.75
2016.01.04 17:56:09.529,8.89691,8.89928,1.00,1.75
2016.01.04 17:56:09.792,8.89691,8.89927,1.00,1.12
2016.01.04 17:56:09.843,8.89691,8.89957,1.00,1.75
2016.01.04 17:56:09.894,8.89691,8.89962,1.07,1.12
2016.01.04 17:56:10.735,8.89719,8.89962,1.00,1.12
2016.01.04 17:56:11.072,8.89691,8.89928,1.00,1.12
2016.01.04 17:56:11.406,8.89652,8.89928,1.37,1.12
2016.01.04 17:56:12.291,8.89652,8.89921,1.07,1.12
2016.01.04 17:56:12.530,8.89652,8.89921,1.00,1.12
2016.01.04 17:56:12.833,8.89627,8.89921,1.37,1.12
2016.01.04 17:56:15.926,8.89627,8.89898,1.07,1.75
2016.01.04 17:56:16.572,8.89646,8.89898,1.00,1.75
2016.01.04 17:56:18.134,8.89621,8.89888,1.07,1.75
2016.01.04 17:56:18.897,8.89621,8.89887,1.00,1.75
2016.01.04 17:56:19.746,8.89621,8.89878,1.00,1.75
2016.01.04 17:56:19.797,8.89607,8.89878,1.00,1.75
2016.01.04 17:56:21.582,8.89644,8.89888,1.00,1.45
2016.01.04 17:56:21.998,8.89644,8.89918,1.07,1.75
2016.01.04 17:56:22.049,8.89679,8.89918,1.00,1.75
2016.01.04 17:56:22.151,8.89679,8.89946,1.00,1.75
2016.01.04 17:56:22.202,8.89679,8.89967,1.00,1.75
2016.01.04 17:56:22.314,8.89679,8.89968,1.07,1.37
2016.01.04 17:56:22.542,8.89716,8.89968,1.00,1.37
2016.01.04 17:56:23.077,8.8974,8.89988,1.00,1.37
2016.01.04 17:56:23.128,8.8974,8.90018,1.00,1.37
2016.01.04 17:56:23.178,8.8974,8.90018,1.07,1.37
2016.01.04 17:56:23.504,8.89799,8.90078,1.00,1.75
2016.01.04 17:56:23.808,8.89849,8.90107,1.00,1.75
2016.01.04 17:56:24.131,8.89874,8.90118,1.00,1.75
2016.01.04 17:56:24.552,8.89898,8.90168,1.00,1.75
2016.01.04 17:56:25.042,8.89976,8.90197,1.00,1.37
2016.01.04 17:56:25.143,8.89957,8.90197,1.00,1.37
2016.01.04 17:56:25.244,8.89957,8.90178,1.00,1.00
2016.01.04 17:56:25.447,8.89934,8.90188,1.00,1.75
2016.01.04 17:56:25.712,8.89934,8.90193,1.00,1.12
2016.01.04 17:56:25.813,8.89954,8.90207,1.00,1.75
2016.01.04 17:56:25.915,8.89954,8.90208,1.00,1.37
2016.01.04 17:56:26.016,8.89985,8.90228,1.00,1.75
2016.01.04 17:56:26.567,8.90063,8.90228,1.00,1.00
2016.01.04 17:56:26.620,8.90063,8.90327,1.00,1.37
2016.01.04 17:56:26.722,8.90063,8.90318,1.00,1.00
2016.01.04 17:56:26.772,8.8997,8.90318,1.75,1.00
2016.01.04 17:56:26.924,8.8997,8.90338,1.75,1.87
2016.01.04 17:56:27.278,8.8999,8.90358,1.75,1.87
2016.01.04 17:56:27.329,8.90024,8.90358,1.07,1.50
2016.01.04 17:56:27.380,8.90024,8.90358,1.75,1.00
2016.01.04 17:56:27.431,8.90024,8.90419,1.75,1.00
2016.01.04 17:56:27.481,8.90059,8.90447,1.75,1.00
2016.01.04 17:56:27.633,8.90067,8.90478,1.75,1.12
2016.01.04 17:56:28.134,8.90037,8.90478,1.75,1.75
2016.01.04 17:56:28.642,8.90002,8.90439,1.75,1.45
2016.01.04 17:56:28.895,8.90002,8.9044,1.37,1.12
2016.01.04 17:56:29.148,8.89992,8.90405,1.75,1.00
2016.01.04 17:56:30.264,8.90003,8.90402,1.75,1.00
2016.01.04 17:56:30.569,8.89973,8.90372,1.75,1.00
2016.01.04 17:56:30.721,8.8997,8.90402,1.75,1.00
2016.01.04 17:56:30.918,8.89974,8.90377,1.75,1.00
2016.01.04 17:56:31.280,8.89961,8.90401,1.75,1.75
2016.01.04 17:56:31.962,8.89961,8.90387,1.37,1.75
2016.01.04 17:56:32.745,8.89923,8.90357,1.37,1.50
2016.01.04 17:56:33.549,8.89882,8.90323,1.75,1.37
2016.01.04 17:56:34.924,8.89882,8.90307,1.75,1.75
2016.01.04 17:56:36.592,8.89882,8.90258,1.75,1.00
2016.01.04 17:56:37.173,8.89882,8.90258,1.75,1.00
2016.01.04 17:56:38.179,8.89882,8.90318,2.25,1.37
2016.01.04 17:56:39.908,8.89923,8.90308,1.37,1.75
2016.01.04 17:56:40.892,8.89923,8.90308,1.37,1.37
2016.01.04 17:56:42.258,8.89923,8.90264,1.37,1.00
2016.01.04 17:56:42.631,8.89923,8.90264,1.07,1.00
2016.01.04 17:56:43.823,8.89882,8.90268,1.75,1.10
2016.01.04 17:56:43.878,8.89897,8.90222,1.37,1.00
2016.01.04 17:56:47.581,8.89897,8.90222,1.37,1.00
2016.01.04 17:56:47.632,8.89882,8.90288,1.75,1.00
2016.01.04 17:56:47.801,8.89882,8.90288,1.75,1.00
2016.01.04 17:56:47.953,8.89882,8.90323,2.25,1.00
2016.01.04 17:56:48.608,8.89913,8.90257,1.75,1.00
2016.01.04 17:56:48.874,8.89889,8.90323,1.75,1.00
2016.01.04 17:56:49.278,8.89931,8.90258,1.37,1.00
2016.01.04 17:56:49.398,8.89907,8.90317,1.75,1.00
2016.01.04 17:56:49.458,8.89937,8.90288,1.37,1.00
2016.01.04 17:56:50.036,8.89907,8.90323,1.75,1.00
2016.01.04 17:56:50.139,8.89929,8.90282,1.37,1.00
2016.01.04 17:56:50.318,8.89929,8.90315,1.37,1.37
2016.01.04 17:56:50.967,8.89929,8.90279,1.37,1.00
2016.01.04 17:56:51.746,8.89929,8.90246,1.37,1.00
2016.01.04 17:56:54.636,8.89929,8.90246,1.07,1.00
2016.01.04 17:56:55.190,8.89929,8.90246,1.00,1.00
2016.01.04 17:56:55.756,8.89929,8.90246,1.07,1.00
2016.01.04 17:56:59.900,8.89919,8.90246,1.07,1.00
2016.01.04 17:57:01.455,8.89933,8.90267,1.00,1.75
2016.01.04 17:57:01.506,8.89891,8.90264,1.07,1.50
2016.01.04 17:57:02.359,8.89843,8.90242,1.37,1.75
2016.01.04 17:57:03.310,8.89857,8.90213,1.37,1.00
2016.01.04 17:57:04.260,8.89852,8.90188,1.37,1.00
2016.01.04 17:57:06.961,8.89852,8.90188,1.37,1.00
2016.01.04 17:57:08.391,8.89852,8.90188,1.75,1.00
2016.01.04 17:57:14.717,8.89854,8.90156,1.37,1.00
2016.01.04 17:57:14.787,8.89857,8.90184,1.37,1.00
2016.01.04 17:57:15.873,8.89857,8.90184,1.75,1.00
2016.01.04 17:57:17.830,8.89857,8.90184,1.75,1.00
2016.01.04 17:57:29.712,8.89857,8.90184,1.75,1.00
2016.01.04 17:57:29.917,8.89874,8.90234,1.75,1.00
2016.01.04 17:57:30.037,8.89874,8.90229,1.75,1.00
2016.01.04 17:57:30.272,8.89874,8.90234,1.75,1.00
2016.01.04 17:57:30.324,8.89874,8.9027,1.75,1.47
2016.01.04 17:57:30.425,8.89874,8.90232,1.75,1.00
2016.01.04 17:57:32.317,8.89876,8.90237,1.75,1.00
2016.01.04 17:57:32.819,8.89833,8.90244,2.25,1.00
2016.01.04 17:57:33.097,8.89864,8.90239,1.75,1.00
2016.01.04 17:57:34.557,8.89864,8.90239,1.75,1.37
2016.01.04 17:57:35.463,8.8989,8.90215,1.12,1.00
2016.01.04 17:57:35.557,8.89858,8.90219,1.75,1.00
2016.01.04 17:57:35.677,8.89889,8.90216,1.37,1.00
2016.01.04 17:57:35.778,8.89886,8.90244,1.37,1.00
2016.01.04 17:57:36.787,8.89881,8.90244,1.75,1.00
2016.01.04 17:57:40.040,8.89919,8.90246,1.07,1.00
2016.01.04 17:57:40.219,8.89875,8.9024,1.75,1.00
2016.01.04 17:57:40.830,8.89875,8.9024,1.37,1.12
2016.01.04 17:57:41.698,8.89892,8.90301,1.75,1.75
2016.01.04 17:57:42.330,8.89892,8.90281,1.75,1.45
2016.01.04 17:57:42.381,8.89892,8.90228,1.07,1.00
2016.01.04 17:57:42.845,8.89894,8.90267,1.07,1.45
2016.01.04 17:57:42.896,8.89894,8.90267,1.07,1.07
2016.01.04 17:57:43.138,8.89894,8.90267,1.75,1.10
2016.01.04 17:57:43.875,8.89894,8.90267,1.75,1.47
2016.01.04 17:57:43.926,8.89905,8.9023,1.00,1.00
2016.01.04 17:57:44.471,8.89905,8.9023,1.75,1.00
2016.01.04 17:57:45.835,8.89905,8.9023,1.00,1.00
2016.01.04 17:57:45.936,8.89905,8.9023,1.75,1.00
2016.01.04 17:57:46.836,8.89905,8.9023,1.75,1.37
2016.01.04 17:57:46.887,8.89905,8.9023,1.00,1.37
2016.01.04 17:57:47.466,8.89905,8.9023,1.37,1.37
2016.01.04 17:57:47.518,8.89905,8.9023,1.37,1.00
2016.01.04 17:57:48.310,8.89905,8.9023,1.00,1.00
2016.01.04 17:57:49.421,8.89905,8.9023,1.75,1.00
2016.01.04 17:57:49.849,8.89905,8.9023,1.37,1.00
2016.01.04 17:57:51.780,8.89905,8.9023,1.37,1.75
2016.01.04 17:57:51.830,8.89905,8.9023,1.00,1.82
2016.01.04 17:57:52.366,8.89721,8.901,1.00,1.75
2016.01.04 17:57:52.467,8.89679,8.90096,1.00,1.75
2016.01.04 17:57:52.877,8.89663,8.90094,1.00,1.75
2016.01.04 17:57:53.329,8.89663,8.90084,1.00,1.12
2016.01.04 17:57:54.396,8.89663,8.90055,1.75,1.47
2016.01.04 17:57:54.747,8.89683,8.90008,1.37,1.00
2016.01.04 17:57:55.350,8.89683,8.90008,1.75,1.00
2016.01.04 17:57:55.927,8.89722,8.90031,1.75,1.00
2016.01.04 17:57:56.235,8.89722,8.90031,1.75,1.00
2016.01.04 17:57:56.339,8.89733,8.90031,1.75,1.00
2016.01.04 17:57:56.796,8.89732,8.901,1.75,1.00
2016.01.04 17:57:56.898,8.89732,8.90132,1.75,1.75
2016.01.04 17:57:57.880,8.89732,8.90132,1.75,1.37
2016.01.04 17:57:58.099,8.89732,8.90132,1.75,1.00
2016.01.04 17:57:58.330,8.89732,8.90132,1.75,1.00
2016.01.04 17:57:58.482,8.89772,8.90152,1.37,1.00
2016.01.04 17:57:58.533,8.89772,8.90198,1.37,1.00
2016.01.04 17:57:58.649,8.89772,8.90198,1.75,1.00
2016.01.04 17:57:58.700,8.89801,8.90218,1.75,1.45
2016.01.04 17:57:59.270,8.89803,8.90219,1.75,1.37
2016.01.04 17:57:59.524,8.89874,8.90284,1.37,1.75
2016.01.04 17:57:59.575,8.89874,8.90284,1.75,1.07
2016.01.04 17:57:59.891,8.89894,8.90324,1.75,1.45
2016.01.04 17:58:00.562,8.89894,8.90324,1.75,1.37
2016.01.04 17:58:00.613,8.89894,8.90324,1.75,1.00
2016.01.04 17:58:03.359,8.89919,8.90324,1.75,1.37
2016.01.04 17:58:03.684,8.89919,8.90324,1.75,1.37
2016.01.04 17:58:04.189,8.89919,8.90324,1.75,1.50
2016.01.04 17:58:04.429,8.89919,8.90324,1.75,1.50
2016.01.04 17:58:04.942,8.89919,8.90324,1.75,1.37
2016.01.04 17:58:06.004,8.899,8.90296,1.75,1.37
2016.01.04 17:58:06.972,8.89919,8.90256,1.75,1.00
2016.01.04 17:58:07.483,8.89844,8.90275,1.75,1.45
2016.01.04 17:58:08.424,8.89852,8.9027,1.75,1.45
2016.01.04 17:58:09.076,8.89889,8.90222,1.37,1.00
2016.01.04 17:58:10.599,8.89889,8.90222,1.37,1.37
2016.01.04 17:58:10.650,8.89889,8.90222,1.07,1.37
2016.01.04 17:58:14.333,8.89889,8.90222,1.07,1.37
2016.01.04 17:58:15.462,8.89889,8.90222,1.07,1.37
2016.01.04 17:58:17.395,8.89812,8.90174,1.75,1.00
2016.01.04 17:58:17.866,8.89833,8.90177,1.75,1.00
2016.01.04 17:58:20.107,8.8986,8.90177,1.75,1.00
2016.01.04 17:58:20.714,8.8986,8.90171,1.75,1.00
2016.01.04 17:58:20.768,8.8986,8.9026,1.75,1.37
2016.01.04 17:58:20.936,8.8986,8.90223,1.75,1.00
2016.01.04 17:58:21.345,8.8986,8.9026,1.75,1.37
2016.01.04 17:58:21.396,8.8986,8.9026,1.75,1.00
2016.01.04 17:58:21.447,8.8986,8.90292,1.75,1.45
2016.01.04 17:58:21.549,8.89872,8.90292,1.75,1.37
2016.01.04 17:58:22.148,8.89861,8.90294,1.00,1.37
2016.01.04 17:58:22.200,8.89862,8.90289,1.75,1.00
2016.01.04 17:58:22.552,8.89916,8.90349,1.75,1.37
2016.01.04 17:58:23.573,8.89916,8.90349,1.75,1.75
2016.01.04 17:58:23.625,8.89916,8.90317,1.75,1.37
2016.01.04 17:58:24.177,8.89916,8.9027,1.75,1.00
2016.01.04 17:58:24.730,8.89916,8.9027,1.75,1.00
2016.01.04 17:58:28.060,8.89929,8.90256,1.75,1.00
2016.01.04 17:58:28.856,8.89922,8.90246,1.75,1.00
2016.01.04 17:58:29.228,8.89922,8.90246,1.75,1.00
2016.01.04 17:58:29.523,8.8993,8.90255,1.75,1.00
2016.01.04 17:58:29.668,8.8993,8.90255,1.75,1.00
2016.01.04 17:58:29.770,8.89916,8.90349,1.75,1.37
2016.01.04 17:58:30.923,8.89957,8.90309,1.75,1.00
2016.01.04 17:58:34.226,8.89956,8.90332,1.37,1.75
2016.01.04 17:58:34.277,8.89956,8.90273,1.37,1.00
2016.01.04 17:58:35.087,8.89904,8.90311,1.75,1.45
2016.01.04 17:58:35.188,8.89904,8.90311,1.75,1.75
2016.01.04 17:58:35.680,8.89943,8.9027,1.07,1.00
2016.01.04 17:58:35.887,8.89904,8.90304,1.75,1.75
2016.01.04 17:58:36.188,8.89923,8.90304,1.75,1.00
2016.01.04 17:58:36.395,8.89924,8.90331,1.75,1.37
2016.01.04 17:58:36.547,8.89959,8.90296,1.12,1.00
2016.01.04 17:58:36.650,8.89932,8.90337,1.75,1.45
2016.01.04 17:58:37.109,8.89932,8.90332,1.37,1.12
2016.01.04 17:58:37.420,8.89944,8.90271,1.07,1.00
2016.01.04 17:58:37.979,8.89944,8.90271,1.12,1.00
2016.01.04 17:58:38.839,8.89944,8.90271,1.07,1.00
2016.01.04 17:58:39.281,8.89939,8.9033,1.37,1.75
2016.01.04 17:58:39.332,8.89939,8.9033,1.37,1.75
2016.01.04 17:58:39.486,8.89971,8.90297,1.00,1.00
2016.01.04 17:58:40.068,8.89971,8.90297,1.00,1.37
2016.01.04 17:58:40.612,8.89971,8.90297,1.07,1.45
2016.01.04 17:58:40.764,8.89971,8.90297,1.37,1.00
2016.01.04 17:58:43.004,8.89971,8.90297,1.75,1.00
2016.01.04 17:58:45.818,8.89972,8.90385,1.75,1.20
2016.01.04 17:58:46.496,8.89995,8.90364,1.37,1.00
2016.01.04 17:58:46.613,8.89982,8.90367,1.75,1.00
2016.01.04 17:58:47.826,8.90019,8.90356,1.07,1.00
2016.01.04 17:58:47.946,8.89997,8.90382,1.37,1.10
2016.01.04 17:58:53.530,8.90025,8.9038,1.00,1.00
2016.01.04 17:58:54.038,8.90025,8.9038,1.75,1.00
2016.01.04 17:58:54.208,8.90018,8.90407,1.75,1.37
2016.01.04 17:58:54.766,8.90055,8.9038,1.37,1.00
2016.01.04 17:58:57.860,8.90055,8.9038,1.07,1.00
2016.01.04 17:58:57.961,8.90055,8.9038,1.00,1.00
2016.01.04 17:59:02.456,8.90032,8.90359,1.00,1.45
2016.01.04 17:59:02.507,8.89972,8.90388,1.75,1.75
2016.01.04 17:59:03.147,8.90017,8.90344,1.00,1.00
2016.01.04 17:59:04.282,8.90017,8.90344,1.00,1.20
2016.01.04 17:59:05.435,8.90017,8.90344,1.00,1.12
2016.01.04 17:59:05.486,8.90017,8.90344,1.00,1.37
2016.01.04 17:59:06.621,8.90017,8.90344,1.00,1.37
2016.01.04 17:59:07.428,8.90017,8.90344,1.00,1.45
2016.01.04 17:59:12.458,8.90017,8.90344,1.07,1.37
2016.01.04 17:59:12.568,8.90017,8.90344,1.07,1.00
2016.01.04 17:59:12.678,8.90017,8.90344,1.75,1.00
2016.01.04 17:59:13.699,8.90017,8.90344,1.37,1.00
2016.01.04 17:59:16.489,8.90017,8.90344,1.75,1.00
2016.01.04 17:59:18.858,8.90054,8.90344,1.75,1.00
2016.01.04 17:59:18.980,8.90054,8.90344,1.50,1.00
2016.01.04 17:59:19.188,8.90054,8.90344,1.75,1.00
2016.01.04 17:59:19.751,8.90054,8.90365,1.75,1.00
2016.01.04 17:59:20.398,8.90054,8.90365,1.75,1.00
2016.01.04 17:59:21.259,8.90042,8.90365,1.75,1.00
2016.01.04 17:59:21.489,8.90042,8.90434,1.75,1.00
2016.01.04 17:59:21.595,8.90042,8.90446,1.75,1.00
2016.01.04 17:59:22.289,8.90042,8.90451,1.75,1.00
2016.01.04 17:59:22.999,8.90065,8.90435,1.75,1.00
2016.01.04 17:59:25.869,8.90089,8.90426,1.75,1.00
2016.01.04 17:59:26.174,8.90114,8.90426,1.75,1.00
2016.01.04 17:59:26.978,8.90114,8.90426,1.75,1.00
2016.01.04 17:59:27.439,8.90114,8.90547,1.75,1.00
2016.01.04 17:59:27.541,8.90155,8.90588,1.75,1.75
2016.01.04 17:59:28.642,8.90155,8.90588,1.75,1.00
2016.01.04 17:59:29.810,8.90205,8.90608,1.75,1.45
2016.01.04 17:59:29.861,8.90205,8.90624,1.75,1.37
2016.01.04 17:59:30.365,8.90205,8.90581,1.75,1.00
2016.01.04 17:59:30.636,8.90205,8.90617,1.75,1.07
2016.01.04 17:59:30.687,8.90205,8.90617,1.75,1.45
2016.01.04 17:59:31.312,8.90186,8.90582,1.00,1.75
2016.01.04 17:59:31.363,8.90162,8.90579,1.00,1.12
2016.01.04 17:59:31.415,8.90162,8.90582,1.75,1.47
2016.01.04 17:59:31.739,8.90176,8.90534,1.75,1.00
2016.01.04 17:59:32.435,8.90149,8.90537,1.75,1.00
2016.01.04 17:59:32.486,8.90149,8.90537,1.00,1.07
2016.01.04 17:59:32.956,8.90149,8.90556,1.75,1.00
2016.01.04 17:59:33.277,8.90124,8.90534,1.75,1.00
2016.01.04 17:59:33.485,8.90158,8.90563,1.75,1.00
2016.01.04 17:59:33.947,8.90158,8.90563,1.00,1.37
2016.01.04 17:59:34.583,8.90158,8.90591,1.75,1.45
2016.01.04 17:59:34.969,8.90179,8.90562,1.75,1.00
2016.01.04 17:59:35.272,8.90158,8.90527,1.00,1.00
2016.01.04 17:59:35.435,8.90158,8.90546,1.00,1.07
2016.01.04 17:59:35.486,8.90101,8.90534,1.07,1.00
2016.01.04 17:59:35.588,8.90101,8.90526,1.07,1.00
2016.01.04 17:59:36.246,8.90102,8.90534,1.75,1.00
2016.01.04 17:59:36.898,8.90124,8.90531,1.07,1.00
2016.01.04 17:59:37.242,8.90124,8.90531,1.75,1.00
2016.01.04 17:59:38.410,8.90126,8.90523,1.75,1.00
2016.01.04 17:59:38.463,8.90126,8.90523,1.07,1.00
2016.01.04 17:59:38.666,8.90101,8.90534,1.75,1.00
2016.01.04 17:59:39.029,8.90125,8.90524,1.75,1.00
2016.01.04 17:59:40.947,8.90125,8.90524,1.00,1.07
2016.01.04 17:59:41.188,8.90125,8.90524,1.37,1.00
2016.01.04 17:59:43.542,8.90155,8.9052,1.07,1.00
2016.01.04 17:59:43.846,8.90123,8.90534,1.75,1.00
2016.01.04 17:59:44.474,8.90122,8.90534,1.75,1.00
2016.01.04 17:59:46.170,8.90143,8.90576,1.75,1.00
2016.01.04 17:59:46.619,8.90145,8.90562,1.75,1.00
2016.01.04 17:59:48.335,8.90143,8.90576,2.25,1.00
2016.01.04 17:59:48.487,8.90184,8.90617,1.75,1.07
2016.01.04 17:59:50.455,8.90184,8.90615,1.75,1.75
2016.01.04 17:59:50.797,8.90184,8.90547,1.75,1.37
2016.01.04 17:59:51.392,8.90184,8.90547,1.75,1.37
2016.01.04 17:59:52.016,8.90184,8.90509,1.75,1.00
2016.01.04 17:59:52.074,8.90182,8.90509,1.00,1.37
2016.01.04 17:59:53.027,8.90182,8.90509,1.00,1.37
2016.01.04 17:59:54.149,8.90123,8.90534,1.37,1.45
2016.01.04 17:59:56.863,8.90093,8.90468,1.75,1.37
2016.01.04 17:59:57.318,8.90144,8.90477,1.37,1.00
2016.01.04 17:59:57.809,8.90144,8.90477,1.07,1.00
2016.01.04 17:59:58.588,8.90144,8.90477,1.00,1.37
