2017.01.17 10:00:00.674,8.46982,8.47218,1.00,1.00
2017.01.17 10:00:00.825,8.46982,8.47229,1.00,1.00
2017.01.17 10:00:00.977,8.46981,8.4724,1.00,1.00
2017.01.17 10:00:01.028,8.46992,8.47252,1.00,1.00
2017.01.17 10:00:01.233,8.47002,8.4726,1.00,1.00
2017.01.17 10:00:01.542,8.46998,8.47267,1.37,1.00
2017.01.17 10:00:01.593,8.47033,8.47269,1.00,1.00
2017.01.17 10:00:01.997,8.47053,8.47281,1.00,1.00
2017.01.17 10:00:02.300,8.47077,8.47288,1.00,1.00
2017.01.17 10:00:02.609,8.47088,8.47295,1.00,1.00
2017.01.17 10:00:02.941,8.47044,8.47254,1.00,1.00
2017.01.17 10:00:03.303,8.4706,8.47266,1.00,1.00
2017.01.17 10:00:03.607,8.47095,8.4729,1.00,1.00
2017.01.17 10:00:03.708,8.4707,8.47284,1.00,1.00
2017.01.17 10:00:04.248,8.47074,8.4727,1.00,1.00
2017.01.17 10:00:04.299,8.47056,8.4727,1.00,1.00
2017.01.17 10:00:04.349,8.47059,8.47273,1.00,1.00
2017.01.17 10:00:04.793,8.47081,8.47277,1.00,1.00
2017.01.17 10:00:04.995,8.47085,8.47299,1.00,1.00
2017.01.17 10:00:05.096,8.47101,8.47296,1.00,1.00
2017.01.17 10:00:05.400,8.4712,8.47295,1.00,1.00
2017.01.17 10:00:05.451,8.47149,8.47342,1.00,1.00
2017.01.17 10:00:06.015,8.47196,8.47342,1.00,1.00
2017.01.17 10:00:06.065,8.47196,8.47347,1.00,1.00
2017.01.17 10:00:07.036,8.47196,8.47345,1.00,1.00
2017.01.17 10:00:07.406,8.47196,8.47351,1.00,1.00
2017.01.17 10:00:08.354,8.47196,8.47379,1.00,1.00
2017.01.17 10:00:08.405,8.4722,8.47363,1.00,1.00
2017.01.17 10:00:08.557,8.4722,8.47371,1.00,1.00
2017.01.17 10:00:09.620,8.4722,8.47377,1.00,1.00
2017.01.17 10:00:10.032,8.47184,8.47377,1.00,1.00
2017.01.17 10:00:10.582,8.47189,8.47381,1.00,1.00
2017.01.17 10:00:11.198,8.47181,8.47374,1.00,1.00
2017.01.17 10:00:11.341,8.47202,8.47392,1.00,1.00
2017.01.17 10:00:11.396,8.47233,8.47426,1.00,1.00
2017.01.17 10:00:11.497,8.47248,8.47441,1.00,1.00
2017.01.17 10:00:11.816,8.47291,8.47441,1.00,1.00
2017.01.17 10:00:12.127,8.47272,8.47423,1.00,1.50
2017.01.17 10:00:12.178,8.47266,8.47423,1.00,1.50
2017.01.17 10:00:12.330,8.47266,8.47402,1.00,1.00
2017.01.17 10:00:12.381,8.47266,8.47416,1.00,1.00
2017.01.17 10:00:13.347,8.47266,8.47411,1.00,1.00
2017.01.17 10:00:14.041,8.47266,8.47418,1.00,1.00
2017.01.17 10:00:14.897,8.47266,8.47412,1.00,1.00
2017.01.17 10:00:15.937,8.47266,8.47394,1.00,1.00
2017.01.17 10:00:16.040,8.47245,8.47382,1.00,1.00
2017.01.17 10:00:16.091,8.4723,8.47382,1.00,1.00
2017.01.17 10:00:16.948,8.4723,8.47374,1.00,1.00
2017.01.17 10:00:17.796,8.4723,8.47367,1.00,1.00
2017.01.17 10:00:18.803,8.4723,8.47358,1.00,1.00
2017.01.17 10:00:18.954,8.47202,8.47333,1.00,1.00
2017.01.17 10:00:19.341,8.47181,8.47379,1.00,1.37
2017.01.17 10:00:19.392,8.47052,8.47378,1.00,1.37
2017.01.17 10:00:19.922,8.47053,8.47373,1.00,1.37
2017.01.17 10:00:20.059,8.47111,8.47343,1.00,1.00
2017.01.17 10:00:20.361,8.47098,8.47257,1.00,1.00
2017.01.17 10:00:20.706,8.47076,8.47196,1.00,1.00
2017.01.17 10:00:21.022,8.47056,8.47196,1.00,1.00
2017.01.17 10:00:21.073,8.47017,8.47196,1.00,1.00
2017.01.17 10:00:21.497,8.47007,8.47184,1.00,1.00
2017.01.17 10:00:22.446,8.47007,8.47186,1.00,1.00
2017.01.17 10:00:22.783,8.47027,8.47186,1.00,1.00
2017.01.17 10:00:23.286,8.47027,8.47204,1.00,1.00
2017.01.17 10:00:23.387,8.47027,8.47201,1.00,1.00
2017.01.17 10:00:23.707,8.47055,8.47209,1.00,1.00
2017.01.17 10:00:23.808,8.47055,8.47212,1.00,1.00
2017.01.17 10:00:24.139,8.47057,8.47212,1.00,1.00
2017.01.17 10:00:24.618,8.47067,8.47212,1.00,1.00
2017.01.17 10:00:24.669,8.47075,8.47233,1.00,1.00
2017.01.17 10:00:25.246,8.47075,8.47234,1.00,1.00
2017.01.17 10:00:27.265,8.47076,8.47234,1.00,1.00
2017.01.17 10:00:28.125,8.47078,8.47234,1.00,1.00
2017.01.17 10:00:29.143,8.47083,8.47234,1.00,1.00
2017.01.17 10:00:29.695,8.47076,8.47234,1.00,1.50
2017.01.17 10:00:30.066,8.47075,8.47223,1.00,1.00
2017.01.17 10:00:31.334,8.47082,8.47234,1.00,1.00
2017.01.17 10:00:31.392,8.47088,8.47234,1.00,1.00
2017.01.17 10:00:31.443,8.47099,8.47254,1.00,1.00
2017.01.17 10:00:31.494,8.47099,8.47256,1.00,1.00
2017.01.17 10:00:31.696,8.47112,8.47258,1.00,1.00
2017.01.17 10:00:32.013,8.47144,8.47258,1.00,1.00
2017.01.17 10:00:32.165,8.47103,8.47258,1.00,1.00
2017.01.17 10:00:32.266,8.47103,8.47278,1.00,1.00
2017.01.17 10:00:32.627,8.47111,8.47267,1.00,1.00
2017.01.17 10:00:32.793,8.47111,8.47286,1.00,1.00
2017.01.17 10:00:32.843,8.47126,8.47284,1.00,1.00
2017.01.17 10:00:32.894,8.47129,8.47303,1.00,1.00
2017.01.17 10:00:33.051,8.47147,8.47303,1.00,1.00
2017.01.17 10:00:33.533,8.47147,8.47287,1.00,1.00
2017.01.17 10:00:34.536,8.47147,8.47292,1.00,1.00
2017.01.17 10:00:37.437,8.47147,8.47293,1.00,1.00
2017.01.17 10:00:38.578,8.47147,8.47304,1.00,1.00
2017.01.17 10:00:38.679,8.47147,8.47291,1.00,1.00
2017.01.17 10:00:39.475,8.47147,8.47264,1.00,1.00
2017.01.17 10:00:39.677,8.47127,8.47252,1.50,1.00
2017.01.17 10:00:40.434,8.47127,8.47272,1.00,1.00
2017.01.17 10:00:40.673,8.4716,8.47286,1.00,1.00
2017.01.17 10:00:41.104,8.4716,8.47305,1.00,1.00
2017.01.17 10:00:41.155,8.4716,8.47316,1.00,1.00
2017.01.17 10:00:41.465,8.47171,8.47329,1.00,1.00
2017.01.17 10:00:44.729,8.47205,8.47364,1.00,1.00
2017.01.17 10:00:44.780,8.47214,8.47364,1.00,1.00
2017.01.17 10:00:45.616,8.47214,8.47359,1.00,1.00
2017.01.17 10:00:45.907,8.47214,8.47366,1.00,1.00
2017.01.17 10:00:48.419,8.47214,8.47361,1.00,1.00
2017.01.17 10:00:48.544,8.47214,8.4737,1.00,1.00
2017.01.17 10:00:48.868,8.47214,8.47361,1.00,1.00
2017.01.17 10:00:48.918,8.47214,8.47373,1.00,1.00
2017.01.17 10:00:48.969,8.47222,8.47373,1.00,1.00
2017.01.17 10:00:49.274,8.4723,8.4738,1.00,1.00
2017.01.17 10:00:49.375,8.47242,8.47397,1.00,1.00
2017.01.17 10:00:49.577,8.47263,8.47398,1.00,1.00
2017.01.17 10:00:49.779,8.47263,8.47413,1.00,1.00
2017.01.17 10:00:50.078,8.47263,8.47419,1.00,1.00
2017.01.17 10:00:50.613,8.47263,8.47418,1.00,1.00
2017.01.17 10:00:51.394,8.47263,8.47413,1.00,1.00
2017.01.17 10:00:51.711,8.47263,8.47405,1.00,1.00
2017.01.17 10:00:51.972,8.47263,8.47416,1.00,1.00
2017.01.17 10:00:52.479,8.47258,8.4741,1.00,1.00
2017.01.17 10:00:52.782,8.47243,8.47374,1.00,1.00
2017.01.17 10:00:52.883,8.47223,8.47374,1.00,1.00
2017.01.17 10:00:52.934,8.47218,8.47374,1.00,1.00
2017.01.17 10:00:52.989,8.47237,8.47379,1.00,1.00
2017.01.17 10:00:53.217,8.47237,8.47395,1.50,1.00
2017.01.17 10:00:53.605,8.47252,8.47401,1.00,1.00
2017.01.17 10:00:54.920,8.47271,8.47421,1.00,1.00
2017.01.17 10:00:55.172,8.47282,8.47421,1.00,1.00
2017.01.17 10:00:55.986,8.47282,8.47441,1.00,1.00
2017.01.17 10:00:56.331,8.4729,8.47445,1.00,1.00
2017.01.17 10:00:56.767,8.47308,8.47445,1.00,1.00
2017.01.17 10:00:56.920,8.47319,8.47464,1.00,1.00
2017.01.17 10:00:56.971,8.47319,8.47474,1.00,1.00
2017.01.17 10:00:57.530,8.47324,8.47474,1.00,1.00
2017.01.17 10:00:57.682,8.47347,8.47503,1.00,1.00
2017.01.17 10:00:58.548,8.47352,8.47506,1.00,1.00
2017.01.17 10:00:59.222,8.47344,8.475,1.00,1.00
2017.01.17 10:00:59.409,8.47339,8.47489,1.00,1.00
2017.01.17 10:01:00.400,8.47343,8.47499,1.00,1.00
2017.01.17 10:01:00.507,8.47339,8.47489,1.00,1.00
2017.01.17 10:01:01.688,8.47339,8.47494,1.00,1.00
2017.01.17 10:01:01.859,8.47367,8.47506,1.00,1.00
2017.01.17 10:01:02.365,8.47366,8.47506,1.00,1.00
2017.01.17 10:01:02.566,8.47366,8.4751,1.00,1.00
2017.01.17 10:01:02.823,8.47368,8.47524,1.00,1.00
2017.01.17 10:01:03.815,8.47372,8.47528,1.00,1.00
2017.01.17 10:01:05.133,8.47366,8.47531,1.00,1.50
2017.01.17 10:01:05.184,8.47381,8.47531,1.00,1.00
2017.01.17 10:01:05.601,8.47369,8.47523,1.00,1.00
2017.01.17 10:01:06.159,8.47366,8.47518,1.00,1.00
2017.01.17 10:01:06.467,8.47346,8.47494,1.00,1.00
2017.01.17 10:01:06.770,8.47322,8.47456,1.00,1.00
2017.01.17 10:01:07.345,8.47322,8.47444,1.00,1.00
2017.01.17 10:01:07.656,8.47301,8.47444,1.00,1.00
2017.01.17 10:01:07.818,8.47288,8.47444,1.00,1.00
2017.01.17 10:01:08.741,8.473,8.47455,1.00,1.00
2017.01.17 10:01:09.054,8.47302,8.47465,1.00,1.00
2017.01.17 10:01:09.105,8.4732,8.47476,1.00,1.00
2017.01.17 10:01:09.408,8.4732,8.47446,1.00,1.00
2017.01.17 10:01:09.559,8.47301,8.47442,1.00,1.00
2017.01.17 10:01:09.610,8.47296,8.47413,1.00,1.00
2017.01.17 10:01:09.862,8.47276,8.47413,1.00,1.00
2017.01.17 10:01:09.913,8.47265,8.47413,1.00,1.00
2017.01.17 10:01:10.498,8.47265,8.47416,1.00,1.00
2017.01.17 10:01:11.115,8.47265,8.4741,1.00,1.00
2017.01.17 10:01:11.329,8.47253,8.47407,1.00,1.00
2017.01.17 10:01:11.489,8.47248,8.47404,1.00,1.00
2017.01.17 10:01:11.760,8.47241,8.47396,1.00,1.00
2017.01.17 10:01:12.111,8.47241,8.47381,1.00,1.00
2017.01.17 10:01:12.823,8.47241,8.47375,1.00,1.00
2017.01.17 10:01:13.768,8.47241,8.47353,1.00,1.00
2017.01.17 10:01:13.869,8.47221,8.47342,1.00,1.00
2017.01.17 10:01:13.920,8.4721,8.47342,1.00,1.00
2017.01.17 10:01:14.021,8.4721,8.47331,1.00,1.00
2017.01.17 10:01:14.122,8.47189,8.47314,1.00,1.00
2017.01.17 10:01:14.224,8.47177,8.47314,1.00,1.00
2017.01.17 10:01:14.999,8.47177,8.47328,1.00,1.00
2017.01.17 10:01:15.247,8.47177,8.47323,1.00,1.00
2017.01.17 10:01:17.075,8.47177,8.47333,1.00,1.00
2017.01.17 10:01:19.521,8.4718,8.47338,1.00,1.00
2017.01.17 10:01:20.018,8.47192,8.47344,1.00,1.00
2017.01.17 10:01:20.320,8.47204,8.47342,1.00,1.00
2017.01.17 10:01:20.637,8.47204,8.4733,1.00,1.00
2017.01.17 10:01:20.840,8.47184,8.47316,1.00,1.00
2017.01.17 10:01:20.941,8.4716,8.47316,1.00,1.00
2017.01.17 10:01:21.309,8.47169,8.47325,1.00,1.00
2017.01.17 10:01:21.856,8.47174,8.4733,1.00,1.00
2017.01.17 10:01:22.169,8.47198,8.47354,1.00,1.00
2017.01.17 10:01:23.063,8.472,8.47356,1.00,1.00
2017.01.17 10:01:23.411,8.47205,8.47356,1.00,1.00
2017.01.17 10:01:24.032,8.47205,8.47361,1.00,1.00
2017.01.17 10:01:24.366,8.4721,8.47368,1.00,1.00
2017.01.17 10:01:24.467,8.47245,8.47386,1.00,1.00
2017.01.17 10:01:25.416,8.47245,8.47382,1.00,1.00
2017.01.17 10:01:25.792,8.47245,8.4737,1.00,1.00
2017.01.17 10:01:26.043,8.47217,8.47365,1.00,1.00
2017.01.17 10:01:26.193,8.47217,8.47375,1.00,1.00
2017.01.17 10:01:26.851,8.47217,8.47366,1.00,1.00
2017.01.17 10:01:26.953,8.47217,8.4737,1.00,1.00
2017.01.17 10:01:27.054,8.47227,8.47384,1.00,1.00
2017.01.17 10:01:29.408,8.47237,8.47384,1.00,1.00
2017.01.17 10:01:29.559,8.47242,8.47402,1.50,1.00
2017.01.17 10:01:30.692,8.47252,8.47407,1.00,1.00
2017.01.17 10:01:31.618,8.47256,8.47407,1.00,1.00
2017.01.17 10:01:31.770,8.47295,8.4745,1.00,1.00
2017.01.17 10:01:32.651,8.47289,8.47449,1.00,1.00
2017.01.17 10:01:32.702,8.47302,8.47449,1.00,1.00
2017.01.17 10:01:33.457,8.47302,8.47455,1.00,1.00
2017.01.17 10:01:33.604,8.47302,8.47449,1.00,1.00
2017.01.17 10:01:33.774,8.47291,8.47447,1.00,1.00
2017.01.17 10:01:34.632,8.47294,8.47447,1.00,1.00
2017.01.17 10:01:35.533,8.47303,8.47447,1.00,1.00
2017.01.17 10:01:35.786,8.47327,8.47481,1.00,1.00
2017.01.17 10:01:36.193,8.47338,8.47487,1.00,1.00
2017.01.17 10:01:36.526,8.47338,8.47476,1.00,1.00
2017.01.17 10:01:37.546,8.47338,8.47477,1.00,1.00
2017.01.17 10:01:38.977,8.47345,8.47504,1.00,1.00
2017.01.17 10:01:39.078,8.47358,8.47505,1.00,1.00
2017.01.17 10:01:39.444,8.47373,8.47516,1.00,1.00
2017.01.17 10:01:39.979,8.47373,8.47528,1.00,1.00
2017.01.17 10:01:40.879,8.47373,8.47529,1.00,1.00
2017.01.17 10:01:41.396,8.47373,8.47522,1.00,1.00
2017.01.17 10:01:41.447,8.47373,8.47526,1.00,1.00
2017.01.17 10:01:42.071,8.47373,8.47527,1.00,1.00
2017.01.17 10:01:42.488,8.47373,8.4752,1.00,1.00
2017.01.17 10:01:43.590,8.47373,8.47519,1.00,1.00
2017.01.17 10:01:43.892,8.47373,8.47502,1.00,1.00
2017.01.17 10:01:43.994,8.47342,8.47502,1.00,1.00
2017.01.17 10:01:44.272,8.47341,8.47491,1.00,1.00
2017.01.17 10:01:45.264,8.47341,8.47494,1.00,1.00
2017.01.17 10:01:48.113,8.47341,8.47483,1.00,1.00
2017.01.17 10:01:48.447,8.47341,8.4743,1.00,1.00
2017.01.17 10:01:48.498,8.47288,8.4743,1.00,1.00
2017.01.17 10:01:48.851,8.47288,8.47449,1.00,1.00
2017.01.17 10:01:48.959,8.47295,8.47449,1.00,1.00
2017.01.17 10:01:49.261,8.47316,8.4746,1.00,1.00
2017.01.17 10:01:49.362,8.47316,8.47474,1.00,1.00
2017.01.17 10:01:50.241,8.47316,8.47457,1.00,1.00
2017.01.17 10:01:50.494,8.47288,8.47447,1.00,1.00
2017.01.17 10:01:50.933,8.47302,8.47447,1.00,1.00
2017.01.17 10:01:51.207,8.47315,8.47468,1.00,1.00
2017.01.17 10:01:51.315,8.47319,8.47468,1.00,1.00
2017.01.17 10:01:51.467,8.47306,8.47464,1.00,1.00
2017.01.17 10:01:51.618,8.47303,8.47451,1.00,1.00
2017.01.17 10:01:52.874,8.47303,8.47454,1.00,1.00
2017.01.17 10:01:53.822,8.47321,8.47454,1.00,1.00
2017.01.17 10:01:53.872,8.47321,8.47457,1.00,1.00
2017.01.17 10:01:54.884,8.47321,8.47459,1.00,1.00
2017.01.17 10:01:56.032,8.47302,8.47459,1.00,1.00
2017.01.17 10:01:56.488,8.47314,8.47469,1.00,1.00
2017.01.17 10:01:56.905,8.47331,8.47469,1.00,1.00
2017.01.17 10:01:57.025,8.47322,8.47469,1.00,1.00
2017.01.17 10:01:57.406,8.47331,8.4748,1.00,1.00
2017.01.17 10:01:57.525,8.47331,8.47486,1.00,1.00
2017.01.17 10:01:58.637,8.47331,8.47482,1.00,1.00
2017.01.17 10:01:59.019,8.47324,8.47473,1.00,1.00
2017.01.17 10:01:59.070,8.47316,8.47473,1.00,1.00
2017.01.17 10:01:59.171,8.47309,8.47467,1.50,1.00
2017.01.17 10:01:59.322,8.47326,8.47467,1.00,1.00
2017.01.17 10:01:59.730,8.47309,8.47457,1.00,1.00
2017.01.17 10:02:00.152,8.47311,8.47457,1.00,1.00
2017.01.17 10:02:00.253,8.47304,8.47457,1.00,1.00
2017.01.17 10:02:00.304,8.47292,8.4745,1.00,1.00
2017.01.17 10:02:01.137,8.47302,8.47457,1.00,1.00
2017.01.17 10:02:01.515,8.47312,8.47457,1.00,1.00
2017.01.17 10:02:02.423,8.47328,8.4748,1.00,1.00
2017.01.17 10:02:02.803,8.47328,8.47473,1.00,1.00
2017.01.17 10:02:03.065,8.47334,8.4749,1.00,1.00
2017.01.17 10:02:03.572,8.47347,8.47495,1.00,1.00
2017.01.17 10:02:04.568,8.47352,8.47495,1.00,1.00
2017.01.17 10:02:05.139,8.47354,8.47506,1.00,1.00
2017.01.17 10:02:07.238,8.47367,8.47519,1.00,1.00
2017.01.17 10:02:07.567,8.4739,8.47538,1.00,1.00
2017.01.17 10:02:08.692,8.4739,8.47548,1.00,1.00
2017.01.17 10:02:09.216,8.4739,8.47546,1.00,1.00
2017.01.17 10:02:09.532,8.47414,8.47571,1.00,1.00
2017.01.17 10:02:09.683,8.47414,8.47555,1.00,1.00
2017.01.17 10:02:10.363,8.47414,8.47553,1.00,1.00
2017.01.17 10:02:10.684,8.47414,8.47549,1.00,1.00
2017.01.17 10:02:10.959,8.47414,8.4757,1.00,1.00
2017.01.17 10:02:11.010,8.47415,8.47573,1.00,1.00
2017.01.17 10:02:11.061,8.47434,8.47573,1.00,1.00
2017.01.17 10:02:11.364,8.47434,8.47585,1.00,1.00
2017.01.17 10:02:11.951,8.47437,8.47595,1.00,1.00
2017.01.17 10:02:13.718,8.47434,8.47591,1.00,1.00
2017.01.17 10:02:14.055,8.47434,8.47582,1.00,1.00
2017.01.17 10:02:14.307,8.47404,8.47562,1.00,1.00
2017.01.17 10:02:14.610,8.47404,8.47547,1.00,1.00
2017.01.17 10:02:14.913,8.47424,8.47547,1.00,1.00
2017.01.17 10:02:15.252,8.47424,8.47539,1.00,1.00
2017.01.17 10:02:15.353,8.47401,8.47539,1.00,1.00
2017.01.17 10:02:15.897,8.47401,8.47557,1.00,1.00
2017.01.17 10:02:15.948,8.47458,8.47557,1.00,1.00
2017.01.17 10:02:16.150,8.47439,8.47546,1.00,1.00
2017.01.17 10:02:16.251,8.47399,8.47557,1.00,1.00
2017.01.17 10:02:16.353,8.47409,8.47561,1.00,1.00
2017.01.17 10:02:16.454,8.47422,8.4758,1.00,1.00
2017.01.17 10:02:16.555,8.47446,8.4758,1.00,1.00
2017.01.17 10:02:16.744,8.47448,8.47606,1.00,1.00
2017.01.17 10:02:16.946,8.47465,8.47606,1.00,1.00
2017.01.17 10:02:17.267,8.47465,8.47588,1.00,1.00
2017.01.17 10:02:17.655,8.47465,8.47586,1.00,1.00
2017.01.17 10:02:18.027,8.47465,8.47575,1.00,1.00
2017.01.17 10:02:18.078,8.47465,8.47593,1.00,1.00
2017.01.17 10:02:18.318,8.47465,8.47603,1.00,1.00
2017.01.17 10:02:19.080,8.47465,8.47612,1.00,1.00
2017.01.17 10:02:19.620,8.47465,8.47603,1.00,1.00
2017.01.17 10:02:19.721,8.47465,8.47611,1.00,1.00
2017.01.17 10:02:20.368,8.47474,8.47628,1.00,1.00
2017.01.17 10:02:20.419,8.47465,8.47615,1.00,1.00
2017.01.17 10:02:20.725,8.47465,8.47601,1.00,1.00
2017.01.17 10:02:21.366,8.47465,8.4761,1.00,1.00
2017.01.17 10:02:21.543,8.47468,8.47624,1.00,1.00
2017.01.17 10:02:21.697,8.47469,8.47631,1.00,1.00
2017.01.17 10:02:21.798,8.47524,8.47631,1.00,1.00
2017.01.17 10:02:22.000,8.47505,8.47615,1.00,1.00
2017.01.17 10:02:22.050,8.47477,8.47615,1.00,1.00
2017.01.17 10:02:22.202,8.47459,8.47615,1.00,1.00
2017.01.17 10:02:22.557,8.47453,8.47588,1.00,1.00
2017.01.17 10:02:22.874,8.47429,8.47577,1.00,1.00
2017.01.17 10:02:22.975,8.47421,8.47576,1.00,1.00
2017.01.17 10:02:23.278,8.47428,8.47577,1.00,1.00
2017.01.17 10:02:24.494,8.47428,8.47568,1.00,1.00
2017.01.17 10:02:24.741,8.47393,8.47547,1.00,1.00
2017.01.17 10:02:25.173,8.47395,8.47553,1.00,1.00
2017.01.17 10:02:25.560,8.47393,8.47543,1.00,1.00
2017.01.17 10:02:26.771,8.47393,8.47547,1.00,1.00
2017.01.17 10:02:26.822,8.47393,8.47537,1.00,1.00
2017.01.17 10:02:26.873,8.47379,8.47535,1.00,1.00
2017.01.17 10:02:27.075,8.47371,8.47511,1.00,1.00
2017.01.17 10:02:27.176,8.47353,8.475,1.00,1.00
2017.01.17 10:02:27.227,8.4735,8.47495,1.00,1.00
2017.01.17 10:02:27.278,8.47337,8.47495,1.00,1.00
2017.01.17 10:02:27.480,8.47333,8.47476,1.00,1.00
2017.01.17 10:02:27.683,8.47318,8.47476,1.00,1.00
2017.01.17 10:02:28.021,8.47311,8.47467,1.00,1.00
2017.01.17 10:02:28.343,8.47309,8.47458,1.00,1.00
2017.01.17 10:02:28.393,8.473,8.47456,1.00,1.00
2017.01.17 10:02:29.064,8.47294,8.47443,1.00,1.00
2017.01.17 10:02:29.317,8.4725,8.4741,1.00,1.00
2017.01.17 10:02:29.368,8.47247,8.4741,1.00,1.00
2017.01.17 10:02:29.573,8.47247,8.47394,1.00,1.00
2017.01.17 10:02:29.837,8.47236,8.47394,1.00,1.00
2017.01.17 10:02:29.887,8.47236,8.47392,1.00,1.00
2017.01.17 10:02:31.048,8.47244,8.47399,1.00,1.00
2017.01.17 10:02:31.350,8.47252,8.47399,1.00,1.00
2017.01.17 10:02:31.401,8.47233,8.47385,1.00,1.00
2017.01.17 10:02:31.451,8.47231,8.47374,1.00,1.00
2017.01.17 10:02:32.409,8.47231,8.47377,1.00,1.00
2017.01.17 10:02:32.711,8.47231,8.47369,1.00,1.00
2017.01.17 10:02:32.778,8.47212,8.47369,1.00,1.00
2017.01.17 10:02:33.668,8.47206,8.47369,1.00,1.00
2017.01.17 10:02:34.936,8.47207,8.47372,1.00,1.00
2017.01.17 10:02:34.987,8.47229,8.47387,1.00,1.00
2017.01.17 10:02:35.290,8.47251,8.47372,1.00,1.00
2017.01.17 10:02:35.438,8.47251,8.47393,1.00,1.00
2017.01.17 10:02:35.493,8.47251,8.4741,1.00,1.00
2017.01.17 10:02:36.752,8.47256,8.4741,1.00,1.00
2017.01.17 10:02:37.153,8.4727,8.4742,1.00,1.00
2017.01.17 10:02:37.411,8.4727,8.47426,1.00,1.00
2017.01.17 10:02:37.512,8.4727,8.47434,1.50,1.00
2017.01.17 10:02:37.713,8.47286,8.47436,1.00,1.00
2017.01.17 10:02:38.157,8.47275,8.47431,1.00,1.00
2017.01.17 10:02:38.309,8.4727,8.47417,1.00,1.00
2017.01.17 10:02:38.711,8.4727,8.47409,1.00,1.00
2017.01.17 10:02:39.669,8.4727,8.47408,1.00,1.00
2017.01.17 10:02:41.224,8.4727,8.47436,1.00,1.00
2017.01.17 10:02:41.325,8.47298,8.47454,1.00,1.00
2017.01.17 10:02:41.656,8.47294,8.47432,1.00,1.00
2017.01.17 10:02:42.407,8.47284,8.47432,1.00,1.00
2017.01.17 10:02:42.782,8.47291,8.47432,1.00,1.00
2017.01.17 10:02:42.833,8.47291,8.47448,1.00,1.00
2017.01.17 10:02:42.934,8.47292,8.47456,1.00,1.00
2017.01.17 10:02:43.036,8.47325,8.47456,1.00,1.00
2017.01.17 10:02:43.288,8.47304,8.47456,1.00,1.00
2017.01.17 10:02:43.339,8.47306,8.47456,1.00,1.00
2017.01.17 10:02:43.641,8.47328,8.4746,1.00,1.00
2017.01.17 10:02:43.743,8.47307,8.4746,1.00,1.00
2017.01.17 10:02:44.116,8.47313,8.47469,1.00,1.00
2017.01.17 10:02:45.861,8.47309,8.47465,1.00,1.00
2017.01.17 10:02:46.179,8.47366,8.47472,1.00,1.00
2017.01.17 10:02:46.230,8.4735,8.47472,1.00,1.00
2017.01.17 10:02:46.281,8.47324,8.47472,1.00,1.00
2017.01.17 10:02:46.332,8.47324,8.47492,1.00,1.00
2017.01.17 10:02:46.383,8.47324,8.47496,1.00,1.00
2017.01.17 10:02:47.202,8.47319,8.47489,1.00,1.00
2017.01.17 10:02:47.614,8.47327,8.47484,1.00,1.00
2017.01.17 10:02:48.520,8.47332,8.47488,1.00,1.00
2017.01.17 10:02:48.823,8.47368,8.47515,1.00,1.00
2017.01.17 10:02:49.126,8.47397,8.47535,1.00,1.00
2017.01.17 10:02:49.285,8.47397,8.47555,1.00,1.00
2017.01.17 10:02:49.336,8.47397,8.47561,1.00,1.00
2017.01.17 10:02:49.589,8.47403,8.47561,1.00,1.00
2017.01.17 10:02:49.891,8.47418,8.47559,1.00,1.00
2017.01.17 10:02:50.346,8.47422,8.47574,1.00,1.00
2017.01.17 10:02:50.447,8.47418,8.47565,1.00,1.00
2017.01.17 10:02:50.548,8.4741,8.47565,1.00,1.00
2017.01.17 10:02:50.599,8.4742,8.47565,1.00,1.00
2017.01.17 10:02:50.913,8.47411,8.47565,1.00,1.00
2017.01.17 10:02:50.964,8.47417,8.47567,1.00,1.00
2017.01.17 10:02:51.268,8.47411,8.47561,1.00,1.00
2017.01.17 10:02:51.470,8.47413,8.47567,1.00,1.00
2017.01.17 10:02:51.747,8.47423,8.47579,1.00,1.00
2017.01.17 10:02:52.142,8.47434,8.4758,1.00,1.00
2017.01.17 10:02:52.479,8.47444,8.4758,1.00,1.00
2017.01.17 10:02:52.530,8.47444,8.47599,1.00,1.00
2017.01.17 10:02:53.034,8.47444,8.476,1.00,1.00
2017.01.17 10:02:53.208,8.47453,8.47609,1.00,1.50
2017.01.17 10:02:54.401,8.47465,8.47609,1.00,1.00
2017.01.17 10:02:54.654,8.4747,8.47621,1.00,1.00
2017.01.17 10:02:55.122,8.4747,8.47635,1.00,1.00
2017.01.17 10:02:55.764,8.4746,8.47617,1.00,1.00
2017.01.17 10:02:56.155,8.47473,8.47637,1.00,1.00
2017.01.17 10:02:56.668,8.47473,8.47638,1.00,1.00
2017.01.17 10:02:56.826,8.47488,8.47638,1.00,1.00
2017.01.17 10:02:57.162,8.4751,8.47638,1.00,1.00
2017.01.17 10:02:57.212,8.47495,8.47638,1.00,1.00
2017.01.17 10:02:57.364,8.47496,8.47652,1.00,1.00
2017.01.17 10:02:57.790,8.47496,8.47649,1.00,1.00
2017.01.17 10:02:58.156,8.47496,8.47643,1.00,1.00
2017.01.17 10:02:58.981,8.47496,8.47648,1.00,1.00
2017.01.17 10:02:59.082,8.47498,8.47644,1.00,1.00
2017.01.17 10:02:59.184,8.47478,8.47644,1.00,1.00
2017.01.17 10:02:59.335,8.475,8.47644,1.00,1.00
2017.01.17 10:02:59.386,8.475,8.47656,1.00,1.00
2017.01.17 10:02:59.595,8.475,8.47632,1.00,1.00
2017.01.17 10:02:59.931,8.47466,8.47632,1.00,1.00
2017.01.17 10:03:00.842,8.47496,8.47632,1.00,1.00
2017.01.17 10:03:00.943,8.47493,8.47646,1.00,1.00
2017.01.17 10:03:01.046,8.47495,8.47649,1.00,1.00
2017.01.17 10:03:01.911,8.47493,8.47635,1.00,1.00
2017.01.17 10:03:02.628,8.47493,8.47645,1.00,1.00
2017.01.17 10:03:03.482,8.47493,8.47648,1.00,1.00
2017.01.17 10:03:04.031,8.47494,8.47648,1.00,1.00
2017.01.17 10:03:04.182,8.47506,8.4766,1.00,1.00
2017.01.17 10:03:04.894,8.47521,8.47662,1.00,1.00
2017.01.17 10:03:04.945,8.47525,8.47681,1.00,1.00
2017.01.17 10:03:05.046,8.47521,8.47669,1.00,1.00
2017.01.17 10:03:05.097,8.47524,8.47681,1.00,1.00
2017.01.17 10:03:05.547,8.47521,8.47654,1.00,1.00
2017.01.17 10:03:05.873,8.47521,8.4763,1.00,1.00
2017.01.17 10:03:06.280,8.47501,8.4763,1.00,1.00
2017.01.17 10:03:06.379,8.47463,8.47617,1.00,1.00
2017.01.17 10:03:06.552,8.47469,8.47625,1.00,1.00
2017.01.17 10:03:06.654,8.4749,8.47646,1.00,1.00
2017.01.17 10:03:06.985,8.47495,8.47646,1.00,1.00
2017.01.17 10:03:07.037,8.47504,8.4766,1.00,1.00
2017.01.17 10:03:07.340,8.47495,8.47637,1.00,1.00
2017.01.17 10:03:07.804,8.47505,8.47661,1.00,1.00
2017.01.17 10:03:07.855,8.47497,8.47653,1.00,1.00
2017.01.17 10:03:08.158,8.4751,8.47662,1.00,1.00
2017.01.17 10:03:08.674,8.47511,8.47662,1.00,1.00
2017.01.17 10:03:09.216,8.47511,8.47665,1.00,1.00
2017.01.17 10:03:09.375,8.47517,8.47673,1.00,1.00
2017.01.17 10:03:09.558,8.47532,8.47688,1.00,1.00
2017.01.17 10:03:09.811,8.47548,8.47705,1.00,1.00
2017.01.17 10:03:10.063,8.47548,8.47698,1.00,1.00
2017.01.17 10:03:10.819,8.47558,8.47698,1.00,1.00
2017.01.17 10:03:10.869,8.47547,8.47698,1.00,1.00
2017.01.17 10:03:10.970,8.47562,8.47698,1.00,1.00
2017.01.17 10:03:11.072,8.47562,8.47718,1.00,1.50
2017.01.17 10:03:12.156,8.47558,8.47714,1.00,1.00
2017.01.17 10:03:12.405,8.47553,8.4771,1.00,1.00
2017.01.17 10:03:13.323,8.4756,8.47718,1.00,1.00
2017.01.17 10:03:13.612,8.47553,8.47709,1.00,1.00
2017.01.17 10:03:13.943,8.47564,8.4772,1.00,1.00
2017.01.17 10:03:14.251,8.47553,8.47706,1.00,1.00
2017.01.17 10:03:14.629,8.47548,8.47706,1.00,1.00
2017.01.17 10:03:14.787,8.47535,8.47685,1.00,1.00
2017.01.17 10:03:14.989,8.47519,8.4768,1.00,1.00
2017.01.17 10:03:15.393,8.47532,8.4768,1.00,1.00
2017.01.17 10:03:15.990,8.47522,8.4768,1.00,1.50
2017.01.17 10:03:16.091,8.47513,8.4767,1.00,1.00
2017.01.17 10:03:16.394,8.47534,8.4768,1.00,1.00
2017.01.17 10:03:16.444,8.47513,8.47669,1.50,1.00
2017.01.17 10:03:17.099,8.47536,8.4768,1.00,1.00
2017.01.17 10:03:17.150,8.4755,8.47708,1.00,1.50
2017.01.17 10:03:17.251,8.47566,8.47708,1.00,1.00
2017.01.17 10:03:17.402,8.47566,8.47724,1.00,1.00
2017.01.17 10:03:17.453,8.47564,8.47712,1.00,1.00
2017.01.17 10:03:17.957,8.47564,8.47714,1.00,1.00
2017.01.17 10:03:18.252,8.47564,8.47722,1.50,1.00
2017.01.17 10:03:18.575,8.4759,8.47722,1.00,1.00
2017.01.17 10:03:18.784,8.47581,8.47722,1.00,1.00
2017.01.17 10:03:18.986,8.47581,8.4773,1.00,1.00
2017.01.17 10:03:19.037,8.47608,8.4773,1.00,1.00
2017.01.17 10:03:20.111,8.47608,8.47718,1.00,1.00
2017.01.17 10:03:20.162,8.47608,8.4773,1.00,1.00
2017.01.17 10:03:20.212,8.47608,8.4772,1.00,1.00
2017.01.17 10:03:20.263,8.47608,8.4773,1.00,1.00
2017.01.17 10:03:21.177,8.47608,8.47725,1.00,1.00
2017.01.17 10:03:21.329,8.47608,8.4773,1.00,1.00
2017.01.17 10:03:21.430,8.47608,8.47725,1.00,1.00
2017.01.17 10:03:21.733,8.47608,8.47714,1.00,1.00
2017.01.17 10:03:22.143,8.47608,8.47727,1.00,1.00
2017.01.17 10:03:22.193,8.47608,8.47714,1.00,1.00
2017.01.17 10:03:22.446,8.47608,8.4773,1.00,1.00
2017.01.17 10:03:23.101,8.47608,8.47743,1.00,1.00
2017.01.17 10:03:23.303,8.47606,8.47743,1.00,1.00
2017.01.17 10:03:23.455,8.4763,8.47743,1.00,1.00
2017.01.17 10:03:23.506,8.4763,8.4775,1.00,1.00
2017.01.17 10:03:23.808,8.4763,8.47758,1.00,1.00
2017.01.17 10:03:24.070,8.4763,8.47772,1.00,1.00
2017.01.17 10:03:24.121,8.47615,8.47772,1.50,1.00
2017.01.17 10:03:24.172,8.47628,8.47772,1.00,1.00
2017.01.17 10:03:24.871,8.47633,8.47772,1.00,1.00
2017.01.17 10:03:25.144,8.47643,8.47793,1.00,1.00
2017.01.17 10:03:25.194,8.47643,8.47783,1.00,1.00
2017.01.17 10:03:25.396,8.47662,8.47805,1.00,1.00
2017.01.17 10:03:25.699,8.47662,8.47801,1.00,1.00
2017.01.17 10:03:25.750,8.47662,8.47803,1.00,1.00
2017.01.17 10:03:25.801,8.47648,8.47803,1.00,1.00
2017.01.17 10:03:26.104,8.47652,8.47803,1.00,1.00
2017.01.17 10:03:26.486,8.47659,8.47802,1.00,1.00
2017.01.17 10:03:26.789,8.47672,8.47801,1.00,1.00
2017.01.17 10:03:27.142,8.47672,8.47803,1.00,1.00
2017.01.17 10:03:27.546,8.47672,8.4781,1.00,1.00
2017.01.17 10:03:27.848,8.47672,8.47806,1.00,1.00
2017.01.17 10:03:28.050,8.47672,8.4781,1.00,1.00
2017.01.17 10:03:28.202,8.47672,8.47799,1.00,1.00
2017.01.17 10:03:28.507,8.47652,8.47799,1.00,1.00
2017.01.17 10:03:28.558,8.47652,8.47802,1.00,1.00
2017.01.17 10:03:28.608,8.47652,8.47797,1.00,1.00
2017.01.17 10:03:28.760,8.47657,8.47808,1.00,1.00
2017.01.17 10:03:28.811,8.47657,8.47796,1.00,1.00
2017.01.17 10:03:29.114,8.47678,8.47821,1.00,1.00
2017.01.17 10:03:29.282,8.47678,8.47802,1.00,1.00
2017.01.17 10:03:30.292,8.47678,8.4781,1.00,1.50
2017.01.17 10:03:30.443,8.47678,8.478,1.00,1.00
2017.01.17 10:03:31.335,8.47678,8.47795,1.00,1.00
2017.01.17 10:03:32.467,8.47678,8.478,1.00,1.00
2017.01.17 10:03:32.568,8.47678,8.47792,1.00,1.00
2017.01.17 10:03:32.871,8.47678,8.47805,1.00,1.00
2017.01.17 10:03:33.437,8.47678,8.47796,1.00,1.00
2017.01.17 10:03:33.782,8.47678,8.47806,1.00,1.00
2017.01.17 10:03:34.488,8.47678,8.47803,1.00,1.00
2017.01.17 10:03:34.892,8.47678,8.47807,1.00,1.00
2017.01.17 10:03:35.044,8.47678,8.47795,1.00,1.00
2017.01.17 10:03:35.705,8.47678,8.47807,1.00,1.00
2017.01.17 10:03:35.857,8.47678,8.47796,1.00,1.00
2017.01.17 10:03:35.907,8.47678,8.47807,1.00,1.00
2017.01.17 10:03:36.160,8.47678,8.47796,1.00,1.00
2017.01.17 10:03:36.362,8.47678,8.47808,1.00,1.00
2017.01.17 10:03:36.917,8.47678,8.47799,1.00,1.00
2017.01.17 10:03:37.398,8.47678,8.47804,1.00,1.00
2017.01.17 10:03:37.803,8.47678,8.47795,1.00,1.00
2017.01.17 10:03:37.955,8.47678,8.47805,1.00,1.00
2017.01.17 10:03:38.673,8.47678,8.4781,1.00,1.00
2017.01.17 10:03:39.040,8.47693,8.47831,1.00,1.00
2017.01.17 10:03:39.141,8.47693,8.47842,1.00,1.00
2017.01.17 10:03:39.394,8.47693,8.47857,1.50,1.00
2017.01.17 10:03:39.848,8.47693,8.4784,1.00,1.00
2017.01.17 10:03:40.050,8.47694,8.47857,1.00,1.00
2017.01.17 10:03:40.100,8.47693,8.47846,1.00,1.00
2017.01.17 10:03:40.449,8.47715,8.47847,1.00,1.00
2017.01.17 10:03:40.651,8.47703,8.47847,1.00,1.00
2017.01.17 10:03:40.752,8.47705,8.4786,1.00,1.00
2017.01.17 10:03:41.257,8.47734,8.47833,1.00,1.00
2017.01.17 10:03:41.358,8.47716,8.47833,1.00,1.00
2017.01.17 10:03:41.460,8.47716,8.47828,1.00,1.00
2017.01.17 10:03:41.977,8.47716,8.47845,1.00,1.00
2017.01.17 10:03:42.078,8.47716,8.47854,1.00,1.00
2017.01.17 10:03:42.180,8.47716,8.47859,1.00,1.00
2017.01.17 10:03:42.230,8.47727,8.47859,1.00,1.00
2017.01.17 10:03:42.736,8.47727,8.47858,1.00,1.00
2017.01.17 10:03:43.039,8.47727,8.47847,1.00,1.00
2017.01.17 10:03:43.526,8.47727,8.47862,1.00,1.00
2017.01.17 10:03:43.627,8.47723,8.47862,1.00,1.00
2017.01.17 10:03:43.829,8.47734,8.47849,1.00,1.00
2017.01.17 10:03:44.583,8.47734,8.47862,1.00,1.00
2017.01.17 10:03:44.737,8.47738,8.47862,1.00,1.00
2017.01.17 10:03:46.181,8.47738,8.4786,1.00,1.00
2017.01.17 10:03:46.867,8.47738,8.47853,1.00,1.00
2017.01.17 10:03:47.817,8.47738,8.47862,1.00,1.00
2017.01.17 10:03:48.231,8.47731,8.47862,1.00,1.00
2017.01.17 10:03:48.337,8.47731,8.47884,1.00,1.00
2017.01.17 10:03:48.521,8.47758,8.47884,1.00,1.00
2017.01.17 10:03:49.348,8.47758,8.47885,1.00,1.00
2017.01.17 10:03:49.600,8.47758,8.47905,1.00,1.00
2017.01.17 10:03:49.651,8.47764,8.47918,1.00,1.00
2017.01.17 10:03:49.865,8.47775,8.47928,1.00,1.00
2017.01.17 10:03:50.168,8.47791,8.47942,1.00,1.00
2017.01.17 10:03:50.495,8.47824,8.47972,1.00,1.00
2017.01.17 10:03:50.546,8.47824,8.47989,1.00,1.00
2017.01.17 10:03:50.647,8.4784,8.47989,1.00,1.00
2017.01.17 10:03:50.698,8.47884,8.48047,1.00,1.00
2017.01.17 10:03:50.749,8.47884,8.48051,1.00,1.00
2017.01.17 10:03:50.800,8.47866,8.48031,1.00,1.00
2017.01.17 10:03:50.901,8.47846,8.48013,1.00,1.00
2017.01.17 10:03:52.176,8.47848,8.48013,1.00,1.00
2017.01.17 10:03:52.378,8.47895,8.48062,1.00,1.00
2017.01.17 10:03:52.999,8.4792,8.48082,1.00,1.00
2017.01.17 10:03:53.049,8.4792,8.48085,1.00,1.00
2017.01.17 10:03:53.100,8.47899,8.48066,1.50,1.00
2017.01.17 10:03:53.565,8.47913,8.48066,1.00,1.00
2017.01.17 10:03:54.017,8.47926,8.48066,1.00,1.00
2017.01.17 10:03:54.219,8.47927,8.48086,1.00,1.00
2017.01.17 10:03:54.269,8.47927,8.48092,1.00,1.00
2017.01.17 10:03:54.964,8.4793,8.48092,1.00,1.00
2017.01.17 10:03:55.913,8.4793,8.48076,1.00,1.00
2017.01.17 10:03:55.964,8.47927,8.48076,1.00,1.00
2017.01.17 10:03:56.015,8.47927,8.48062,1.00,1.00
2017.01.17 10:03:56.167,8.47927,8.48073,1.00,1.00
2017.01.17 10:03:56.268,8.47913,8.48069,1.00,1.00
2017.01.17 10:03:56.318,8.47935,8.48069,1.00,1.00
2017.01.17 10:03:56.396,8.47919,8.48069,1.00,1.00
2017.01.17 10:03:56.447,8.47934,8.48069,1.00,1.00
2017.01.17 10:03:56.667,8.47931,8.48069,1.00,1.00
2017.01.17 10:03:56.768,8.47934,8.48069,1.00,1.00
2017.01.17 10:03:56.818,8.47934,8.4809,1.00,1.00
2017.01.17 10:03:57.070,8.47934,8.48078,1.00,1.00
2017.01.17 10:03:57.171,8.47914,8.48073,1.00,1.00
2017.01.17 10:03:57.222,8.47951,8.48094,1.00,1.00
2017.01.17 10:03:57.969,8.47951,8.48106,1.00,1.00
2017.01.17 10:03:58.171,8.47951,8.48101,1.00,1.00
2017.01.17 10:03:59.175,8.47951,8.48099,1.00,1.00
2017.01.17 10:03:59.498,8.47951,8.48083,1.00,1.00
2017.01.17 10:03:59.549,8.47916,8.48075,1.00,1.00
2017.01.17 10:03:59.701,8.47916,8.48083,1.00,1.00
2017.01.17 10:03:59.752,8.47938,8.48083,1.00,1.00
2017.01.17 10:03:59.904,8.47945,8.481,1.00,1.00
2017.01.17 10:04:00.005,8.47951,8.481,1.00,1.00
2017.01.17 10:04:00.318,8.47967,8.48114,1.00,1.00
2017.01.17 10:04:00.571,8.47962,8.48114,1.00,1.00
2017.01.17 10:04:00.622,8.47978,8.48114,1.00,1.00
2017.01.17 10:04:00.773,8.47962,8.4811,1.00,1.00
2017.01.17 10:04:00.824,8.4797,8.4811,1.00,1.00
2017.01.17 10:04:01.127,8.47962,8.48062,1.00,1.00
2017.01.17 10:04:01.345,8.47912,8.48045,1.00,1.00
2017.01.17 10:04:01.396,8.47877,8.48044,1.00,1.00
2017.01.17 10:04:01.649,8.47892,8.48044,1.00,1.00
2017.01.17 10:04:01.751,8.47877,8.48044,1.00,1.00
2017.01.17 10:04:02.420,8.47907,8.48044,1.00,1.00
2017.01.17 10:04:02.845,8.47877,8.4802,1.00,1.00
2017.01.17 10:04:02.896,8.47877,8.48007,1.00,1.00
2017.01.17 10:04:03.200,8.47825,8.47962,1.00,1.00
2017.01.17 10:04:03.301,8.47825,8.47938,1.00,1.00
2017.01.17 10:04:03.402,8.47804,8.47938,1.00,1.00
2017.01.17 10:04:03.504,8.47771,8.47938,1.00,1.50
2017.01.17 10:04:03.727,8.47771,8.47914,1.00,1.00
2017.01.17 10:04:03.929,8.47748,8.47906,1.00,1.00
2017.01.17 10:04:03.981,8.47748,8.47884,1.00,1.00
2017.01.17 10:04:04.032,8.47724,8.47884,1.00,1.00
2017.01.17 10:04:04.133,8.47724,8.47863,1.00,1.00
2017.01.17 10:04:04.436,8.47684,8.47851,1.00,1.00
2017.01.17 10:04:04.825,8.47709,8.47874,1.00,1.00
2017.01.17 10:04:05.175,8.4773,8.47874,1.00,1.00
2017.01.17 10:04:05.226,8.47733,8.47898,1.00,1.00
2017.01.17 10:04:05.848,8.47769,8.47898,1.00,1.00
2017.01.17 10:04:06.113,8.47775,8.47928,1.00,1.00
2017.01.17 10:04:06.214,8.4778,8.47928,1.00,1.00
2017.01.17 10:04:06.417,8.47789,8.47956,1.00,1.00
2017.01.17 10:04:06.518,8.47813,8.47966,1.00,1.00
2017.01.17 10:04:07.018,8.47813,8.47963,1.00,1.00
2017.01.17 10:04:07.396,8.47813,8.47973,1.00,1.00
2017.01.17 10:04:07.819,8.47843,8.47973,1.00,1.00
2017.01.17 10:04:07.922,8.47843,8.47978,1.00,1.00
2017.01.17 10:04:08.023,8.47832,8.47978,1.00,1.00
2017.01.17 10:04:08.125,8.47852,8.48006,1.12,1.00
2017.01.17 10:04:08.176,8.47842,8.48006,1.00,1.00
2017.01.17 10:04:08.278,8.47898,8.48006,1.00,1.00
2017.01.17 10:04:08.328,8.47918,8.48046,1.00,1.00
2017.01.17 10:04:08.429,8.47879,8.48046,1.00,1.50
2017.01.17 10:04:08.581,8.47887,8.48046,1.00,1.50
2017.01.17 10:04:08.885,8.47906,8.48046,1.00,1.00
2017.01.17 10:04:09.205,8.47906,8.48073,1.00,1.00
2017.01.17 10:04:09.458,8.47925,8.48092,1.00,1.00
2017.01.17 10:04:10.210,8.47925,8.4809,1.00,1.00
2017.01.17 10:04:10.614,8.47925,8.48087,1.00,1.00
2017.01.17 10:04:10.728,8.47925,8.48092,1.50,1.00
2017.01.17 10:04:10.894,8.47936,8.48092,1.00,1.00
2017.01.17 10:04:11.146,8.47929,8.48092,1.00,1.00
2017.01.17 10:04:11.649,8.47959,8.48092,1.00,1.00
2017.01.17 10:04:11.978,8.47959,8.48086,1.00,1.00
2017.01.17 10:04:13.377,8.47959,8.48092,1.00,1.00
2017.01.17 10:04:13.551,8.47953,8.48092,1.00,1.00
2017.01.17 10:04:13.652,8.47966,8.48093,1.00,1.00
2017.01.17 10:04:13.981,8.47966,8.48131,1.00,1.00
2017.01.17 10:04:14.214,8.47973,8.48131,1.00,1.00
2017.01.17 10:04:14.637,8.47999,8.48131,1.00,1.00
2017.01.17 10:04:15.016,8.47999,8.48129,1.00,1.00
2017.01.17 10:04:15.351,8.47999,8.48124,1.00,1.00
2017.01.17 10:04:15.669,8.47976,8.48124,1.00,1.00
2017.01.17 10:04:15.770,8.47966,8.48124,1.00,1.00
2017.01.17 10:04:16.148,8.47966,8.48131,1.00,1.00
2017.01.17 10:04:17.167,8.47966,8.48124,1.00,1.00
2017.01.17 10:04:17.478,8.47989,8.48124,1.00,1.00
2017.01.17 10:04:17.630,8.47994,8.4815,1.00,1.00
2017.01.17 10:04:17.715,8.47985,8.4815,1.00,1.00
2017.01.17 10:04:18.194,8.47979,8.48256,1.00,1.87
2017.01.17 10:04:18.304,8.47979,8.48142,1.00,1.00
2017.01.17 10:04:18.615,8.48016,8.48142,1.00,1.00
2017.01.17 10:04:19.301,8.48016,8.48141,1.00,1.00
2017.01.17 10:04:19.964,8.48016,8.48135,1.00,1.00
2017.01.17 10:04:20.116,8.47995,8.48135,1.00,1.00
2017.01.17 10:04:20.217,8.47966,8.48124,1.00,1.00
2017.01.17 10:04:20.856,8.47976,8.48124,1.00,1.00
2017.01.17 10:04:20.958,8.47966,8.48116,1.00,1.00
2017.01.17 10:04:21.076,8.47966,8.4811,1.00,1.00
2017.01.17 10:04:21.379,8.47966,8.48064,1.00,1.00
2017.01.17 10:04:21.581,8.47966,8.48124,1.00,1.00
2017.01.17 10:04:21.996,8.47902,8.48177,1.00,1.12
2017.01.17 10:04:22.097,8.4795,8.48177,1.00,1.12
2017.01.17 10:04:22.148,8.4795,8.48178,1.00,1.37
2017.01.17 10:04:22.660,8.4795,8.48178,1.00,1.00
2017.01.17 10:04:23.025,8.4795,8.48178,1.00,1.75
2017.01.17 10:04:23.838,8.4795,8.48178,1.00,1.00
2017.01.17 10:04:23.940,8.4795,8.48137,1.00,1.00
2017.01.17 10:04:24.242,8.47973,8.48117,1.00,1.00
2017.01.17 10:04:24.343,8.47955,8.48117,1.00,1.00
2017.01.17 10:04:24.394,8.47972,8.48139,1.00,1.00
2017.01.17 10:04:24.949,8.47978,8.48139,1.00,1.00
2017.01.17 10:04:25.306,8.47998,8.48156,1.00,1.00
2017.01.17 10:04:25.658,8.47998,8.48149,1.00,1.00
2017.01.17 10:04:26.060,8.48011,8.48144,1.00,1.00
2017.01.17 10:04:27.697,8.48011,8.48135,1.00,1.00
2017.01.17 10:04:27.798,8.4799,8.48135,1.00,1.00
2017.01.17 10:04:27.916,8.4799,8.48118,1.00,1.00
2017.01.17 10:04:28.068,8.47977,8.48113,1.00,1.00
2017.01.17 10:04:28.169,8.47953,8.48113,1.00,1.00
2017.01.17 10:04:28.615,8.47974,8.48113,1.00,1.00
2017.01.17 10:04:28.947,8.47974,8.4811,1.00,1.00
2017.01.17 10:04:31.801,8.47974,8.48104,1.00,1.00
2017.01.17 10:04:31.851,8.47974,8.4811,1.00,1.00
2017.01.17 10:04:31.902,8.47974,8.48086,1.00,1.00
2017.01.17 10:04:31.953,8.47953,8.48086,1.00,1.00
2017.01.17 10:04:32.078,8.47953,8.48088,1.50,1.00
2017.01.17 10:04:32.129,8.47953,8.48115,1.50,1.00
2017.01.17 10:04:32.280,8.47977,8.48115,1.00,1.00
2017.01.17 10:04:32.854,8.47977,8.48114,1.00,1.00
2017.01.17 10:04:33.906,8.47977,8.48111,1.00,1.00
2017.01.17 10:04:34.610,8.47977,8.48107,1.00,1.00
2017.01.17 10:04:35.354,8.47977,8.48104,1.00,1.00
2017.01.17 10:04:35.405,8.47953,8.48104,1.00,1.00
2017.01.17 10:04:35.456,8.47953,8.48113,1.00,1.00
2017.01.17 10:04:35.506,8.4797,8.48113,1.00,1.00
2017.01.17 10:04:35.557,8.4797,8.4812,1.00,1.00
2017.01.17 10:04:35.608,8.4797,8.48086,1.00,1.00
2017.01.17 10:04:35.915,8.48001,8.48086,1.00,1.00
2017.01.17 10:04:36.560,8.47989,8.48086,1.00,1.00
2017.01.17 10:04:36.661,8.47989,8.4815,1.00,1.00
2017.01.17 10:04:36.711,8.48005,8.4815,1.00,1.00
2017.01.17 10:04:37.030,8.48005,8.48141,1.00,1.00
2017.01.17 10:04:37.274,8.48005,8.4815,1.00,1.00
2017.01.17 10:04:37.755,8.48005,8.48144,1.00,1.00
2017.01.17 10:04:37.907,8.48005,8.48148,1.00,1.00
2017.01.17 10:04:38.276,8.48005,8.48145,1.00,1.00
2017.01.17 10:04:38.409,8.48005,8.48148,1.00,1.00
2017.01.17 10:04:38.622,8.48022,8.48167,1.00,1.00
2017.01.17 10:04:38.673,8.48005,8.48157,1.00,1.00
2017.01.17 10:04:39.669,8.48005,8.48155,1.00,1.00
2017.01.17 10:04:39.770,8.48005,8.48166,1.00,1.00
2017.01.17 10:04:39.821,8.48027,8.48166,1.00,1.00
2017.01.17 10:04:40.426,8.48027,8.48167,1.00,1.00
2017.01.17 10:04:40.531,8.48016,8.48167,1.00,1.00
2017.01.17 10:04:40.606,8.48018,8.48167,1.00,1.00
2017.01.17 10:04:40.707,8.48028,8.48193,1.00,1.00
2017.01.17 10:04:40.909,8.48052,8.48216,1.00,1.00
2017.01.17 10:04:41.254,8.48052,8.48207,1.50,1.00
2017.01.17 10:04:41.557,8.48052,8.48192,1.00,1.00
2017.01.17 10:04:41.813,8.48052,8.48198,1.00,1.00
2017.01.17 10:04:42.052,8.48052,8.48212,1.00,1.00
2017.01.17 10:04:42.276,8.48046,8.48212,1.00,1.00
2017.01.17 10:04:42.535,8.48078,8.48238,1.00,1.00
2017.01.17 10:04:42.738,8.48053,8.48218,1.00,1.00
2017.01.17 10:04:42.840,8.48077,8.48218,1.00,1.00
2017.01.17 10:04:42.943,8.48057,8.48218,1.00,1.00
2017.01.17 10:04:43.044,8.48071,8.48238,1.00,1.50
2017.01.17 10:04:43.452,8.48077,8.48238,1.00,1.00
2017.01.17 10:04:43.902,8.48076,8.48215,1.00,1.00
2017.01.17 10:04:43.953,8.48019,8.48215,1.00,1.00
2017.01.17 10:04:44.055,8.48028,8.48195,1.00,1.00
2017.01.17 10:04:44.459,8.48038,8.48174,1.00,1.00
2017.01.17 10:04:44.615,8.48038,8.48195,1.00,1.00
2017.01.17 10:04:44.766,8.48067,8.48195,1.00,1.00
2017.01.17 10:04:46.432,8.48047,8.48195,1.00,1.00
2017.01.17 10:04:46.634,8.4805,8.48198,1.00,1.00
2017.01.17 10:04:46.961,8.48047,8.48184,1.00,1.00
2017.01.17 10:04:48.929,8.48047,8.4818,1.00,1.00
2017.01.17 10:04:49.470,8.48047,8.48184,1.00,1.00
2017.01.17 10:04:51.712,8.4807,8.48184,1.00,1.00
2017.01.17 10:04:51.762,8.4807,8.48209,1.00,1.00
2017.01.17 10:04:51.907,8.48074,8.48232,1.00,1.00
2017.01.17 10:04:51.958,8.48091,8.48252,1.00,1.00
2017.01.17 10:04:52.809,8.48086,8.48248,1.00,1.00
2017.01.17 10:04:52.952,8.48101,8.48252,1.00,1.00
2017.01.17 10:04:53.180,8.48113,8.4828,1.00,1.00
2017.01.17 10:04:53.231,8.48156,8.48295,1.00,1.00
2017.01.17 10:04:53.332,8.48121,8.48289,1.00,1.00
2017.01.17 10:04:53.734,8.48121,8.48278,1.00,1.00
2017.01.17 10:04:54.354,8.48136,8.48278,1.00,1.00
2017.01.17 10:04:54.455,8.48137,8.48289,1.00,1.00
2017.01.17 10:04:54.556,8.48147,8.48289,1.00,1.00
2017.01.17 10:04:54.759,8.48139,8.48289,1.00,1.00
2017.01.17 10:04:54.860,8.48164,8.48289,1.00,1.00
2017.01.17 10:04:54.961,8.48133,8.48259,1.00,1.00
2017.01.17 10:04:55.063,8.48133,8.48257,1.00,1.00
2017.01.17 10:04:55.113,8.4809,8.48257,1.00,1.00
2017.01.17 10:04:55.214,8.48111,8.48257,1.00,1.00
2017.01.17 10:04:55.919,8.48111,8.48256,1.00,1.00
2017.01.17 10:04:56.264,8.48102,8.48244,1.00,1.00
2017.01.17 10:04:56.314,8.48102,8.48257,1.00,1.00
2017.01.17 10:04:56.381,8.4809,8.48257,1.00,1.00
2017.01.17 10:04:56.835,8.48127,8.48257,1.00,1.00
2017.01.17 10:04:56.886,8.48111,8.48257,1.00,1.00
2017.01.17 10:04:56.987,8.48132,8.48257,1.00,1.00
2017.01.17 10:04:57.037,8.48132,8.48274,1.00,1.00
2017.01.17 10:04:57.189,8.48132,8.48263,1.00,1.00
2017.01.17 10:04:58.780,8.48132,8.48264,1.00,1.00
2017.01.17 10:04:59.234,8.48132,8.48256,1.00,1.00
2017.01.17 10:04:59.878,8.48132,8.48262,1.00,1.00
2017.01.17 10:04:59.979,8.48132,8.48265,1.00,1.00
2017.01.17 10:05:00.368,8.48132,8.48257,1.00,1.00
2017.01.17 10:05:00.568,8.48132,8.48267,1.00,1.00
2017.01.17 10:05:00.849,8.48132,8.48261,1.00,1.00
2017.01.17 10:05:01.051,8.48101,8.48239,1.00,1.00
2017.01.17 10:05:01.374,8.48099,8.48239,1.00,1.00
2017.01.17 10:05:01.797,8.48099,8.48246,1.00,1.00
2017.01.17 10:05:01.931,8.4809,8.48246,1.00,1.00
2017.01.17 10:05:01.982,8.4809,8.48235,1.00,1.00
2017.01.17 10:05:02.150,8.48061,8.48236,1.00,1.00
2017.01.17 10:05:02.201,8.48088,8.4822,1.00,1.00
2017.01.17 10:05:02.310,8.48088,8.48235,1.00,1.00
2017.01.17 10:05:02.616,8.48088,8.48218,1.00,1.00
2017.01.17 10:05:02.681,8.4806,8.48218,1.00,1.00
2017.01.17 10:05:02.855,8.48087,8.48218,1.00,1.00
2017.01.17 10:05:03.142,8.48087,8.48231,1.00,1.00
2017.01.17 10:05:03.243,8.48087,8.48221,1.00,1.00
2017.01.17 10:05:03.435,8.48087,8.4823,1.00,1.00
2017.01.17 10:05:03.664,8.48087,8.48243,1.00,1.00
2017.01.17 10:05:04.230,8.48087,8.48235,1.00,1.00
2017.01.17 10:05:05.889,8.48113,8.48235,1.00,1.00
2017.01.17 10:05:05.939,8.48113,8.48259,1.00,1.00
2017.01.17 10:05:05.990,8.48101,8.48259,1.00,1.00
2017.01.17 10:05:06.040,8.48113,8.48269,1.00,1.00
2017.01.17 10:05:06.343,8.48123,8.48265,1.00,1.00
2017.01.17 10:05:06.395,8.48123,8.48281,1.00,1.00
2017.01.17 10:05:06.603,8.48153,8.48281,1.00,1.00
2017.01.17 10:05:06.814,8.48153,8.48299,1.00,1.00
2017.01.17 10:05:07.284,8.48153,8.48306,1.00,1.00
2017.01.17 10:05:07.385,8.48156,8.48314,1.00,1.00
2017.01.17 10:05:07.676,8.48153,8.48298,1.00,1.00
2017.01.17 10:05:07.978,8.48162,8.48285,1.00,1.00
2017.01.17 10:05:08.079,8.48162,8.48293,1.00,1.00
2017.01.17 10:05:08.435,8.48162,8.48308,1.00,1.00
2017.01.17 10:05:08.638,8.48162,8.4832,1.00,1.50
2017.01.17 10:05:08.740,8.48162,8.48303,1.00,1.00
2017.01.17 10:05:08.943,8.48162,8.48307,1.00,1.00
2017.01.17 10:05:09.200,8.48157,8.48308,1.00,1.00
2017.01.17 10:05:09.251,8.48166,8.48308,1.00,1.00
2017.01.17 10:05:09.301,8.48166,8.48311,1.00,1.00
2017.01.17 10:05:09.352,8.48166,8.48307,1.00,1.00
2017.01.17 10:05:09.503,8.48166,8.4832,1.00,1.00
2017.01.17 10:05:09.655,8.4816,8.4832,1.00,1.00
2017.01.17 10:05:09.796,8.48182,8.4832,1.00,1.00
2017.01.17 10:05:10.555,8.48169,8.4832,1.00,1.00
2017.01.17 10:05:10.605,8.48176,8.4832,1.00,1.00
2017.01.17 10:05:10.757,8.48187,8.48354,1.00,1.00
2017.01.17 10:05:10.859,8.48187,8.48339,1.00,1.00
2017.01.17 10:05:11.162,8.4823,8.48319,1.00,1.00
2017.01.17 10:05:11.323,8.4821,8.48319,1.00,1.00
2017.01.17 10:05:11.385,8.48181,8.48319,1.00,1.00
2017.01.17 10:05:11.574,8.48176,8.48319,1.00,1.00
2017.01.17 10:05:11.730,8.48176,8.48305,1.00,1.00
2017.01.17 10:05:12.096,8.48176,8.483,1.00,1.00
2017.01.17 10:05:12.399,8.48133,8.4828,1.00,1.00
2017.01.17 10:05:12.450,8.48129,8.4828,1.00,1.00
2017.01.17 10:05:12.501,8.48129,8.48264,1.00,1.00
2017.01.17 10:05:12.722,8.48109,8.48261,1.00,1.00
2017.01.17 10:05:12.773,8.48107,8.48261,1.00,1.00
2017.01.17 10:05:12.942,8.48107,8.48244,1.00,1.00
2017.01.17 10:05:12.992,8.48088,8.48244,1.00,1.00
2017.01.17 10:05:13.453,8.48089,8.48227,1.00,1.00
2017.01.17 10:05:13.794,8.48087,8.48227,1.00,1.00
2017.01.17 10:05:13.845,8.48087,8.48231,1.00,1.00
2017.01.17 10:05:14.139,8.48087,8.48239,1.00,1.00
2017.01.17 10:05:14.240,8.48107,8.48238,1.00,1.00
2017.01.17 10:05:15.167,8.48107,8.48232,1.00,1.00
2017.01.17 10:05:16.172,8.48107,8.48235,1.00,1.00
2017.01.17 10:05:16.702,8.48107,8.48229,1.00,1.00
2017.01.17 10:05:17.654,8.48107,8.48225,1.00,1.00
2017.01.17 10:05:18.771,8.48107,8.48232,1.00,1.00
2017.01.17 10:05:19.104,8.48107,8.48243,1.00,1.00
2017.01.17 10:05:19.748,8.48107,8.48254,1.00,1.00
2017.01.17 10:05:20.198,8.48114,8.48258,1.00,1.00
2017.01.17 10:05:20.984,8.48114,8.48264,1.00,1.00
2017.01.17 10:05:21.307,8.48114,8.48258,1.00,1.00
2017.01.17 10:05:21.610,8.48127,8.48258,1.00,1.00
2017.01.17 10:05:21.993,8.48127,8.48263,1.00,1.00
2017.01.17 10:05:22.982,8.48122,8.48281,1.00,1.00
2017.01.17 10:05:23.033,8.48141,8.48281,1.00,1.00
2017.01.17 10:05:23.134,8.48145,8.48299,1.00,1.00
2017.01.17 10:05:23.235,8.48145,8.48283,1.00,1.00
2017.01.17 10:05:23.541,8.48148,8.48283,1.00,1.00
2017.01.17 10:05:23.860,8.48145,8.48277,1.00,1.00
2017.01.17 10:05:24.371,8.48144,8.48277,1.00,1.00
2017.01.17 10:05:24.791,8.48144,8.48274,1.00,1.00
2017.01.17 10:05:25.262,8.48144,8.4826,1.00,1.00
2017.01.17 10:05:25.854,8.48144,8.48251,1.00,1.00
2017.01.17 10:05:25.904,8.48144,8.4826,1.00,1.00
2017.01.17 10:05:25.955,8.48114,8.4826,1.00,1.00
2017.01.17 10:05:26.006,8.48089,8.4826,1.00,1.00
2017.01.17 10:05:26.206,8.48111,8.4826,1.00,1.00
2017.01.17 10:05:26.257,8.48111,8.48343,1.00,1.37
2017.01.17 10:05:26.408,8.48111,8.48258,1.00,1.00
2017.01.17 10:05:26.891,8.48111,8.48248,1.00,1.00
2017.01.17 10:05:28.146,8.48111,8.4824,1.00,1.00
2017.01.17 10:05:29.880,8.48111,8.4825,1.00,1.00
2017.01.17 10:05:29.931,8.48136,8.48257,1.00,1.00
2017.01.17 10:05:29.982,8.48136,8.48285,1.00,1.00
2017.01.17 10:05:30.033,8.48118,8.48285,1.00,1.00
2017.01.17 10:05:30.084,8.4812,8.48282,1.00,1.00
2017.01.17 10:05:30.387,8.48151,8.48309,1.50,1.00
2017.01.17 10:05:31.024,8.48154,8.48269,1.00,1.00
2017.01.17 10:05:31.176,8.48154,8.48274,1.00,1.00
2017.01.17 10:05:31.378,8.48154,8.48261,1.00,1.00
2017.01.17 10:05:31.428,8.48135,8.48261,1.00,1.00
2017.01.17 10:05:31.998,8.48135,8.4825,1.00,1.00
2017.01.17 10:05:32.354,8.48135,8.48254,1.00,1.00
2017.01.17 10:05:32.406,8.48135,8.48258,1.00,1.00
2017.01.17 10:05:33.428,8.48135,8.48254,1.00,1.00
2017.01.17 10:05:34.034,8.48135,8.4826,1.00,1.00
2017.01.17 10:05:34.135,8.48135,8.48282,1.00,1.00
2017.01.17 10:05:34.186,8.48137,8.48282,1.00,1.00
2017.01.17 10:05:34.236,8.4814,8.48293,1.00,1.00
2017.01.17 10:05:34.337,8.4815,8.48298,1.00,1.00
2017.01.17 10:05:34.799,8.4815,8.48296,1.00,1.00
2017.01.17 10:05:35.345,8.48179,8.48297,1.00,1.00
2017.01.17 10:05:35.868,8.48179,8.48288,1.00,1.00
2017.01.17 10:05:36.226,8.48179,8.483,1.00,1.00
2017.01.17 10:05:36.790,8.48179,8.48317,1.00,1.00
2017.01.17 10:05:36.841,8.48179,8.48336,1.00,1.00
2017.01.17 10:05:36.892,8.4817,8.48337,1.00,1.00
2017.01.17 10:05:36.993,8.48184,8.48337,1.00,1.00
2017.01.17 10:05:37.044,8.48194,8.48357,1.00,1.00
2017.01.17 10:05:37.095,8.48194,8.4836,1.00,1.00
2017.01.17 10:05:37.405,8.48198,8.48356,1.00,1.00
2017.01.17 10:05:37.752,8.48194,8.48355,1.00,1.00
2017.01.17 10:05:37.803,8.48209,8.48355,1.00,1.00
2017.01.17 10:05:38.145,8.48209,8.48339,1.00,1.00
2017.01.17 10:05:38.196,8.48209,8.4835,1.00,1.00
2017.01.17 10:05:38.298,8.48209,8.48344,1.00,1.00
2017.01.17 10:05:38.604,8.48201,8.48361,1.00,1.00
2017.01.17 10:05:38.655,8.48212,8.48361,1.00,1.00
2017.01.17 10:05:38.756,8.48202,8.48354,1.00,1.00
2017.01.17 10:05:38.816,8.48224,8.48354,1.00,1.00
2017.01.17 10:05:39.861,8.48224,8.48358,1.00,1.00
2017.01.17 10:05:39.912,8.48224,8.48367,1.00,1.00
2017.01.17 10:05:39.963,8.48224,8.48365,1.00,1.00
2017.01.17 10:05:40.014,8.48224,8.48372,1.00,1.00
2017.01.17 10:05:40.064,8.48248,8.48372,1.00,1.00
2017.01.17 10:05:40.166,8.48228,8.48372,1.00,1.00
2017.01.17 10:05:40.217,8.48224,8.48372,1.00,1.00
2017.01.17 10:05:40.897,8.48224,8.48365,1.00,1.00
2017.01.17 10:05:41.245,8.48224,8.48352,1.00,1.00
2017.01.17 10:05:42.427,8.48224,8.48348,1.00,1.00
2017.01.17 10:05:42.888,8.48206,8.48345,1.00,1.00
2017.01.17 10:05:43.741,8.48206,8.48339,1.00,1.00
2017.01.17 10:05:44.848,8.48206,8.48346,1.00,1.00
2017.01.17 10:05:45.397,8.48206,8.48362,1.00,1.00
2017.01.17 10:05:45.601,8.48206,8.48352,1.00,1.00
2017.01.17 10:05:46.294,8.48206,8.48353,1.00,1.00
2017.01.17 10:05:46.617,8.48206,8.48358,1.00,1.00
2017.01.17 10:05:48.630,8.48206,8.48339,1.00,1.00
2017.01.17 10:05:48.833,8.48201,8.4834,1.00,1.00
2017.01.17 10:05:48.984,8.48185,8.48328,1.00,1.00
2017.01.17 10:05:49.650,8.48177,8.48328,1.00,1.00
2017.01.17 10:05:49.858,8.48177,8.48333,1.00,1.00
2017.01.17 10:05:49.909,8.48177,8.48325,1.00,1.00
2017.01.17 10:05:49.960,8.48177,8.48333,1.50,1.00
2017.01.17 10:05:50.162,8.48187,8.48344,1.00,1.00
2017.01.17 10:05:50.884,8.48217,8.48364,1.00,1.00
2017.01.17 10:05:50.935,8.48217,8.48369,1.00,1.00
2017.01.17 10:05:51.372,8.48204,8.48358,1.00,1.00
2017.01.17 10:05:52.027,8.48204,8.48349,1.00,1.00
2017.01.17 10:05:52.581,8.48204,8.48358,1.00,1.00
2017.01.17 10:05:52.632,8.48212,8.48369,1.00,1.00
2017.01.17 10:05:52.796,8.48225,8.4837,1.00,1.00
2017.01.17 10:05:53.102,8.48225,8.48364,1.00,1.00
2017.01.17 10:05:53.635,8.48225,8.48355,1.00,1.00
2017.01.17 10:05:53.963,8.48225,8.48364,1.00,1.00
2017.01.17 10:05:54.266,8.48225,8.48385,1.00,1.00
2017.01.17 10:05:54.728,8.48233,8.48385,1.00,1.00
2017.01.17 10:05:55.061,8.48233,8.48378,1.00,1.00
2017.01.17 10:05:55.771,8.48233,8.48384,1.00,1.00
2017.01.17 10:05:55.872,8.48247,8.48384,1.00,1.00
2017.01.17 10:05:56.254,8.48247,8.48376,1.00,1.00
2017.01.17 10:05:56.304,8.48233,8.48376,1.00,1.00
2017.01.17 10:05:56.843,8.48233,8.48393,1.00,1.00
2017.01.17 10:05:56.894,8.48229,8.48393,1.00,1.00
2017.01.17 10:05:57.097,8.48256,8.48405,1.00,1.00
2017.01.17 10:05:57.148,8.48256,8.48412,1.00,1.00
2017.01.17 10:05:57.689,8.48255,8.48412,1.00,1.00
2017.01.17 10:05:57.925,8.48252,8.48415,1.00,1.00
2017.01.17 10:05:57.976,8.48256,8.48415,1.00,1.00
2017.01.17 10:05:58.296,8.48263,8.48402,1.00,1.00
2017.01.17 10:05:59.124,8.48263,8.48406,1.00,1.00
2017.01.17 10:06:00.496,8.48263,8.484,1.00,1.00
2017.01.17 10:06:00.850,8.48245,8.484,1.00,1.00
2017.01.17 10:06:01.527,8.48245,8.48398,1.00,1.00
2017.01.17 10:06:02.488,8.48245,8.48395,1.00,1.00
2017.01.17 10:06:02.790,8.48245,8.48372,1.00,1.00
2017.01.17 10:06:03.143,8.48245,8.48361,1.00,1.00
2017.01.17 10:06:03.648,8.48245,8.48372,1.00,1.00
2017.01.17 10:06:04.601,8.48245,8.48368,1.00,1.00
2017.01.17 10:06:06.314,8.48245,8.48356,1.00,1.00
2017.01.17 10:06:06.630,8.48245,8.4834,1.00,1.00
2017.01.17 10:06:06.732,8.48239,8.4834,1.00,1.00
2017.01.17 10:06:06.941,8.48211,8.4834,1.00,1.00
2017.01.17 10:06:07.344,8.48211,8.4833,1.00,1.00
2017.01.17 10:06:07.808,8.48211,8.48336,1.00,1.00
2017.01.17 10:06:08.786,8.48211,8.48338,1.00,1.00
2017.01.17 10:06:09.811,8.48211,8.48331,1.00,1.00
2017.01.17 10:06:11.299,8.48211,8.48335,1.00,1.00
2017.01.17 10:06:14.093,8.48211,8.48334,1.00,1.00
2017.01.17 10:06:15.086,8.48211,8.48332,1.00,1.00
2017.01.17 10:06:16.730,8.48211,8.48318,1.00,1.00
2017.01.17 10:06:16.781,8.48192,8.48318,1.00,1.00
2017.01.17 10:06:16.882,8.48192,8.4831,1.00,1.00
2017.01.17 10:06:17.228,8.4818,8.48286,1.00,1.00
2017.01.17 10:06:17.330,8.4816,8.48286,1.00,1.00
2017.01.17 10:06:17.431,8.48152,8.48286,1.00,1.00
2017.01.17 10:06:17.737,8.48166,8.48286,1.00,1.00
2017.01.17 10:06:17.838,8.48166,8.48294,1.00,1.00
2017.01.17 10:06:18.155,8.48166,8.48301,1.00,1.00
2017.01.17 10:06:19.154,8.48166,8.48298,1.00,1.00
2017.01.17 10:06:19.458,8.48152,8.4826,1.00,1.00
2017.01.17 10:06:19.510,8.48132,8.4826,1.00,1.00
2017.01.17 10:06:19.862,8.48131,8.48264,1.00,1.00
2017.01.17 10:06:20.014,8.48149,8.48264,1.00,1.00
2017.01.17 10:06:20.064,8.48149,8.48274,1.00,1.00
2017.01.17 10:06:21.226,8.48149,8.4827,1.00,1.00
2017.01.17 10:06:21.435,8.48149,8.48279,1.00,1.00
2017.01.17 10:06:22.684,8.48149,8.48273,1.00,1.00
2017.01.17 10:06:22.998,8.48131,8.48259,1.00,1.00
2017.01.17 10:06:23.099,8.48131,8.48248,1.00,1.00
2017.01.17 10:06:23.150,8.4811,8.48248,1.00,1.00
2017.01.17 10:06:23.201,8.48106,8.48248,1.00,1.00
2017.01.17 10:06:23.259,8.48124,8.48265,1.00,1.00
2017.01.17 10:06:23.593,8.48151,8.48271,1.00,1.00
2017.01.17 10:06:24.124,8.48122,8.4828,1.00,1.00
2017.01.17 10:06:24.175,8.48122,8.48275,1.00,1.00
2017.01.17 10:06:25.182,8.48122,8.48271,1.00,1.00
2017.01.17 10:06:25.663,8.48122,8.48262,1.00,1.00
2017.01.17 10:06:26.574,8.48122,8.4827,1.00,1.00
2017.01.17 10:06:26.967,8.48122,8.48243,1.00,1.00
2017.01.17 10:06:27.169,8.4811,8.48243,1.00,1.00
2017.01.17 10:06:27.271,8.48089,8.48243,1.00,1.00
2017.01.17 10:06:27.322,8.48088,8.48228,1.00,1.00
2017.01.17 10:06:27.625,8.48088,8.48211,1.00,1.00
2017.01.17 10:06:27.967,8.48068,8.482,1.00,1.00
2017.01.17 10:06:28.018,8.48021,8.482,1.00,1.00
2017.01.17 10:06:29.148,8.4802,8.48198,1.00,1.00
2017.01.17 10:06:29.604,8.48026,8.48205,1.00,1.00
2017.01.17 10:06:29.655,8.48046,8.48205,1.00,1.00
2017.01.17 10:06:29.969,8.48078,8.48234,1.00,1.00
2017.01.17 10:06:30.726,8.48074,8.48229,1.00,1.00
2017.01.17 10:06:31.203,8.48079,8.48236,1.00,1.00
2017.01.17 10:06:31.254,8.48088,8.48236,1.00,1.00
2017.01.17 10:06:31.630,8.48101,8.48236,1.00,1.00
2017.01.17 10:06:31.762,8.48101,8.4824,1.00,1.00
2017.01.17 10:06:32.085,8.48103,8.48255,1.00,1.00
2017.01.17 10:06:32.187,8.48115,8.48255,1.00,1.00
2017.01.17 10:06:32.617,8.48109,8.48255,1.00,1.00
2017.01.17 10:06:32.772,8.48109,8.48247,1.00,1.00
2017.01.17 10:06:33.772,8.48109,8.48255,1.00,1.00
2017.01.17 10:06:33.923,8.48109,8.48264,1.00,1.00
2017.01.17 10:06:34.154,8.48122,8.48264,1.00,1.00
2017.01.17 10:06:34.514,8.48122,8.48254,1.00,1.00
2017.01.17 10:06:35.250,8.48109,8.48254,1.00,1.00
2017.01.17 10:06:35.300,8.48109,8.4825,1.00,1.00
2017.01.17 10:06:37.316,8.48109,8.48255,1.00,1.00
2017.01.17 10:06:37.751,8.48109,8.4826,1.50,1.00
2017.01.17 10:06:37.852,8.48118,8.4826,1.00,1.00
2017.01.17 10:06:38.054,8.48129,8.48284,1.00,1.00
2017.01.17 10:06:38.155,8.48146,8.48284,1.00,1.00
2017.01.17 10:06:38.742,8.48146,8.48277,1.00,1.00
2017.01.17 10:06:40.139,8.48146,8.48274,1.00,1.00
2017.01.17 10:06:41.655,8.48146,8.48281,1.00,1.00
2017.01.17 10:06:41.958,8.48145,8.48272,1.00,1.00
2017.01.17 10:06:42.398,8.48133,8.48289,1.00,1.00
2017.01.17 10:06:42.499,8.48166,8.48293,1.00,1.00
2017.01.17 10:06:42.651,8.48166,8.48323,1.50,1.00
2017.01.17 10:06:43.489,8.48166,8.48322,1.50,1.00
2017.01.17 10:06:43.540,8.48172,8.48322,1.00,1.00
2017.01.17 10:06:44.457,8.48172,8.48319,1.00,1.00
2017.01.17 10:06:45.787,8.48172,8.48312,1.00,1.00
2017.01.17 10:06:46.174,8.48172,8.48302,1.00,1.00
2017.01.17 10:06:46.745,8.48172,8.48308,1.00,1.00
2017.01.17 10:06:49.154,8.48172,8.48312,1.00,1.00
2017.01.17 10:06:49.504,8.48172,8.48304,1.00,1.00
2017.01.17 10:06:49.807,8.48144,8.4828,1.00,1.00
2017.01.17 10:06:50.499,8.48144,8.48267,1.00,1.00
2017.01.17 10:06:50.831,8.48144,8.4826,1.00,1.00
2017.01.17 10:06:50.916,8.4812,8.4826,1.00,1.00
2017.01.17 10:06:51.068,8.48105,8.4826,1.00,1.00
2017.01.17 10:06:51.169,8.48077,8.48231,1.00,1.00
2017.01.17 10:06:51.219,8.4809,8.48246,1.00,1.00
2017.01.17 10:06:51.598,8.48076,8.48232,1.00,1.00
2017.01.17 10:06:51.950,8.48058,8.48212,1.00,1.00
2017.01.17 10:06:52.265,8.48071,8.48213,1.00,1.00
2017.01.17 10:06:52.856,8.48075,8.48229,1.00,1.00
2017.01.17 10:06:53.268,8.48075,8.48214,1.00,1.00
2017.01.17 10:06:53.724,8.48097,8.48214,1.00,1.00
2017.01.17 10:06:53.788,8.48097,8.48225,1.00,1.00
2017.01.17 10:06:53.890,8.48097,8.48239,1.00,1.00
2017.01.17 10:06:54.287,8.48097,8.48249,1.00,1.00
2017.01.17 10:06:54.515,8.48111,8.48249,1.00,1.00
2017.01.17 10:06:54.709,8.48097,8.48249,1.00,1.00
2017.01.17 10:06:54.760,8.48108,8.48263,1.00,1.00
2017.01.17 10:06:54.912,8.48127,8.48263,1.00,1.00
2017.01.17 10:06:55.283,8.48127,8.48273,1.00,1.00
2017.01.17 10:06:56.298,8.48127,8.48278,1.00,1.00
2017.01.17 10:06:56.746,8.48144,8.48278,1.00,1.00
2017.01.17 10:06:57.137,8.48144,8.48269,1.00,1.00
2017.01.17 10:06:57.883,8.48144,8.48271,1.00,1.00
2017.01.17 10:06:58.576,8.48144,8.48287,1.00,1.00
2017.01.17 10:07:00.066,8.48144,8.48275,1.00,1.00
2017.01.17 10:07:01.379,8.48144,8.48274,1.00,1.00
2017.01.17 10:07:01.531,8.48144,8.48283,1.00,1.00
2017.01.17 10:07:01.702,8.48157,8.483,1.00,1.00
2017.01.17 10:07:02.643,8.48157,8.48304,1.00,1.00
2017.01.17 10:07:04.185,8.48157,8.48301,1.00,1.00
2017.01.17 10:07:04.856,8.48157,8.48299,1.00,1.00
2017.01.17 10:07:05.812,8.48157,8.48294,1.00,1.00
2017.01.17 10:07:06.354,8.48157,8.483,1.00,1.00
2017.01.17 10:07:06.814,8.48157,8.48292,1.00,1.00
2017.01.17 10:07:07.422,8.48157,8.48299,1.00,1.00
2017.01.17 10:07:07.593,8.48157,8.48309,1.00,1.00
2017.01.17 10:07:08.208,8.48157,8.48301,1.00,1.00
2017.01.17 10:07:08.865,8.48158,8.48314,1.00,1.00
2017.01.17 10:07:09.117,8.48167,8.48322,1.00,1.00
2017.01.17 10:07:10.154,8.48162,8.48318,1.00,1.00
2017.01.17 10:07:10.500,8.48176,8.48322,1.00,1.00
2017.01.17 10:07:10.702,8.4818,8.48332,1.00,1.00
2017.01.17 10:07:10.772,8.48189,8.48319,1.00,1.00
2017.01.17 10:07:10.949,8.48189,8.48332,1.00,1.00
2017.01.17 10:07:11.088,8.4818,8.48332,1.00,1.00
2017.01.17 10:07:11.278,8.4819,8.48332,1.00,1.00
2017.01.17 10:07:11.541,8.4818,8.48332,1.00,1.00
2017.01.17 10:07:11.642,8.4818,8.48317,1.00,1.00
2017.01.17 10:07:11.944,8.48201,8.48321,1.00,1.00
2017.01.17 10:07:12.045,8.48177,8.48309,1.00,1.00
2017.01.17 10:07:12.562,8.48177,8.48289,1.00,1.00
2017.01.17 10:07:12.664,8.48116,8.48273,1.00,1.00
2017.01.17 10:07:12.765,8.48087,8.48267,1.00,1.00
2017.01.17 10:07:12.967,8.48088,8.48244,1.00,1.00
2017.01.17 10:07:13.526,8.48092,8.48244,1.00,1.00
2017.01.17 10:07:13.818,8.48088,8.48244,1.00,1.00
2017.01.17 10:07:14.226,8.4808,8.48259,1.00,1.00
2017.01.17 10:07:14.515,8.48107,8.48259,1.00,1.00
2017.01.17 10:07:15.236,8.48107,8.48256,1.00,1.00
2017.01.17 10:07:15.940,8.48107,8.48276,1.00,1.00
2017.01.17 10:07:15.990,8.48134,8.48262,1.00,1.00
2017.01.17 10:07:16.041,8.48134,8.48272,1.00,1.00
2017.01.17 10:07:16.419,8.48141,8.48272,1.00,1.00
2017.01.17 10:07:19.488,8.48141,8.48274,1.00,1.00
2017.01.17 10:07:19.539,8.48141,8.4829,1.00,1.00
2017.01.17 10:07:19.640,8.48132,8.4829,1.00,1.00
2017.01.17 10:07:20.064,8.48158,8.4829,1.00,1.00
2017.01.17 10:07:20.115,8.48139,8.4829,1.00,1.00
2017.01.17 10:07:20.166,8.48162,8.4829,1.00,1.00
2017.01.17 10:07:20.559,8.48162,8.48299,1.00,1.00
2017.01.17 10:07:22.119,8.48162,8.48303,1.00,1.00
2017.01.17 10:07:22.709,8.48162,8.48297,1.00,1.00
2017.01.17 10:07:23.245,8.48162,8.48304,1.00,1.00
2017.01.17 10:07:23.480,8.48162,8.48288,1.00,1.00
2017.01.17 10:07:23.581,8.48129,8.48288,1.00,1.00
2017.01.17 10:07:23.632,8.48145,8.48288,1.00,1.00
2017.01.17 10:07:23.940,8.48145,8.48269,1.00,1.00
2017.01.17 10:07:24.249,8.48124,8.48243,1.50,1.00
2017.01.17 10:07:24.753,8.48124,8.48242,1.00,1.00
2017.01.17 10:07:25.328,8.48124,8.48237,1.00,1.00
2017.01.17 10:07:26.379,8.48124,8.48236,1.00,1.00
2017.01.17 10:07:26.635,8.48103,8.48236,1.00,1.00
2017.01.17 10:07:26.686,8.481,8.48236,1.00,1.00
2017.01.17 10:07:27.400,8.48108,8.48266,1.00,1.00
2017.01.17 10:07:27.452,8.48124,8.48266,1.00,1.00
2017.01.17 10:07:28.410,8.48124,8.48268,1.00,1.00
2017.01.17 10:07:28.612,8.48124,8.48261,1.00,1.00
2017.01.17 10:07:28.949,8.48105,8.48249,1.00,1.00
2017.01.17 10:07:29.050,8.48105,8.48236,1.00,1.00
2017.01.17 10:07:29.594,8.48104,8.48226,1.00,1.00
2017.01.17 10:07:33.153,8.48104,8.48217,1.00,1.00
2017.01.17 10:07:33.255,8.48085,8.48217,1.00,1.00
2017.01.17 10:07:33.339,8.48085,8.48199,1.00,1.00
2017.01.17 10:07:33.491,8.48064,8.48199,1.00,1.00
2017.01.17 10:07:33.542,8.4806,8.48199,1.00,1.00
2017.01.17 10:07:33.592,8.4806,8.48188,1.00,1.00
2017.01.17 10:07:33.954,8.4806,8.48202,1.00,1.00
2017.01.17 10:07:34.004,8.4808,8.48218,1.00,1.00
2017.01.17 10:07:34.308,8.48089,8.48218,1.00,1.00
2017.01.17 10:07:34.612,8.48089,8.48206,1.00,1.00
2017.01.17 10:07:35.020,8.48089,8.48194,1.00,1.00
2017.01.17 10:07:35.974,8.48089,8.48198,1.00,1.00
2017.01.17 10:07:36.181,8.48089,8.48206,1.00,1.00
2017.01.17 10:07:36.232,8.48089,8.48215,1.00,1.00
2017.01.17 10:07:36.673,8.48089,8.48233,1.00,1.00
2017.01.17 10:07:36.825,8.48093,8.48249,1.00,1.00
2017.01.17 10:07:37.762,8.48089,8.48246,1.00,1.00
2017.01.17 10:07:38.308,8.48089,8.48238,1.00,1.00
2017.01.17 10:07:40.348,8.48089,8.48237,1.00,1.00
2017.01.17 10:07:41.520,8.48089,8.48234,1.00,1.00
2017.01.17 10:07:44.816,8.48089,8.48233,1.00,1.00
2017.01.17 10:07:45.768,8.48089,8.4823,1.00,1.00
2017.01.17 10:07:46.692,8.48089,8.48229,1.00,1.00
2017.01.17 10:07:47.672,8.48089,8.4823,1.00,1.00
2017.01.17 10:07:47.723,8.48089,8.48239,1.00,1.00
2017.01.17 10:07:47.824,8.48089,8.48254,1.00,1.50
2017.01.17 10:07:47.875,8.48108,8.48254,1.00,1.00
2017.01.17 10:07:48.295,8.48133,8.48278,1.00,1.00
2017.01.17 10:07:48.886,8.48155,8.48303,1.00,1.00
2017.01.17 10:07:48.988,8.48161,8.48319,1.00,1.00
2017.01.17 10:07:49.039,8.48155,8.48322,1.00,1.00
2017.01.17 10:07:49.089,8.48164,8.48322,1.00,1.00
2017.01.17 10:07:49.241,8.48185,8.48352,1.00,1.00
2017.01.17 10:07:49.427,8.48209,8.48356,1.00,1.00
2017.01.17 10:07:49.755,8.48209,8.48316,1.00,1.00
2017.01.17 10:07:49.907,8.48189,8.48316,1.00,1.00
2017.01.17 10:07:50.008,8.48169,8.48303,1.00,1.00
2017.01.17 10:07:51.464,8.48169,8.48316,1.50,1.00
2017.01.17 10:07:52.463,8.48169,8.48311,1.50,1.00
2017.01.17 10:07:52.768,8.48169,8.4829,1.00,1.00
2017.01.17 10:07:52.975,8.48169,8.48307,1.00,1.00
2017.01.17 10:07:53.026,8.48149,8.48307,1.00,1.00
2017.01.17 10:07:53.177,8.48166,8.48271,1.00,1.00
2017.01.17 10:07:53.228,8.48166,8.48291,1.00,1.00
2017.01.17 10:07:53.640,8.48141,8.48291,1.00,1.00
2017.01.17 10:07:53.807,8.48141,8.48274,1.00,1.00
2017.01.17 10:07:54.110,8.48121,8.48244,1.00,1.00
2017.01.17 10:07:54.312,8.48097,8.48224,1.00,1.00
2017.01.17 10:07:54.805,8.48096,8.48213,1.00,1.00
2017.01.17 10:07:55.153,8.48096,8.48195,1.00,1.00
2017.01.17 10:07:55.204,8.48076,8.48195,1.00,1.00
2017.01.17 10:07:55.305,8.48057,8.48195,1.00,1.00
2017.01.17 10:07:55.664,8.48057,8.48181,1.00,1.00
2017.01.17 10:07:56.220,8.48057,8.4818,1.00,1.00
2017.01.17 10:07:56.978,8.48057,8.48185,1.00,1.00
2017.01.17 10:07:57.364,8.48057,8.48174,1.00,1.00
2017.01.17 10:07:57.415,8.48057,8.48204,1.00,1.00
2017.01.17 10:07:58.189,8.48081,8.48204,1.00,1.00
2017.01.17 10:07:58.416,8.48081,8.48206,1.00,1.00
2017.01.17 10:07:59.399,8.48081,8.48204,1.00,1.00
2017.01.17 10:08:00.456,8.48081,8.48205,1.00,1.00
2017.01.17 10:08:00.854,8.48081,8.48198,1.00,1.00
2017.01.17 10:08:02.896,8.48081,8.48205,1.00,1.00
2017.01.17 10:08:03.272,8.48081,8.48217,1.00,1.00
2017.01.17 10:08:03.351,8.48081,8.48242,1.00,1.00
2017.01.17 10:08:03.402,8.4811,8.48248,1.00,1.00
2017.01.17 10:08:03.453,8.48106,8.48248,1.00,1.00
2017.01.17 10:08:03.591,8.48118,8.48267,1.00,1.00
2017.01.17 10:08:03.642,8.48118,8.48283,1.00,1.00
2017.01.17 10:08:03.743,8.48141,8.48304,1.00,1.00
2017.01.17 10:08:04.286,8.48141,8.48305,1.00,1.00
2017.01.17 10:08:04.432,8.48141,8.48308,1.00,1.50
2017.01.17 10:08:05.470,8.48162,8.48316,1.00,1.00
2017.01.17 10:08:05.521,8.48162,8.48325,1.00,1.00
2017.01.17 10:08:05.622,8.48162,8.48327,1.00,1.00
2017.01.17 10:08:07.547,8.48162,8.48323,1.00,1.00
2017.01.17 10:08:07.757,8.48162,8.48327,1.00,1.00
2017.01.17 10:08:07.910,8.48182,8.48344,1.00,1.00
2017.01.17 10:08:08.314,8.48186,8.48349,1.00,1.00
2017.01.17 10:08:08.365,8.48186,8.48349,1.60,1.00
2017.01.17 10:08:08.648,8.48206,8.48369,1.00,1.00
2017.01.17 10:08:08.699,8.48206,8.48373,1.00,1.00
2017.01.17 10:08:09.377,8.48207,8.48373,1.00,1.00
2017.01.17 10:08:09.732,8.48206,8.48361,1.00,1.00
2017.01.17 10:08:10.035,8.48206,8.48348,1.00,1.00
2017.01.17 10:08:10.309,8.48206,8.48361,1.00,1.00
2017.01.17 10:08:11.213,8.48206,8.48373,1.00,1.00
2017.01.17 10:08:11.264,8.48208,8.48373,1.00,1.00
2017.01.17 10:08:14.199,8.48208,8.48349,1.00,1.00
2017.01.17 10:08:14.351,8.48208,8.48373,1.00,1.00
2017.01.17 10:08:14.817,8.48208,8.48343,1.00,1.00
2017.01.17 10:08:15.274,8.48206,8.48343,1.00,1.00
2017.01.17 10:08:15.513,8.48206,8.48373,1.00,1.00
2017.01.17 10:08:16.453,8.4819,8.48348,1.00,1.00
2017.01.17 10:08:16.504,8.48183,8.48348,1.00,1.00
2017.01.17 10:08:16.656,8.48192,8.48348,1.50,1.00
2017.01.17 10:08:16.959,8.48225,8.48348,1.00,1.00
2017.01.17 10:08:17.670,8.48205,8.48348,1.00,1.00
2017.01.17 10:08:17.930,8.48205,8.48364,1.00,1.00
2017.01.17 10:08:18.031,8.48196,8.48355,1.00,1.00
2017.01.17 10:08:18.429,8.48199,8.48355,1.00,1.00
2017.01.17 10:08:18.733,8.48199,8.48336,1.00,1.00
2017.01.17 10:08:19.492,8.48199,8.48333,1.00,1.00
2017.01.17 10:08:24.115,8.48199,8.48328,1.00,1.00
2017.01.17 10:08:25.218,8.48199,8.48311,1.00,1.00
2017.01.17 10:08:25.334,8.48199,8.48321,1.00,1.00
2017.01.17 10:08:25.645,8.48179,8.48321,1.00,1.00
2017.01.17 10:08:25.696,8.48177,8.48321,1.00,1.00
2017.01.17 10:08:26.480,8.48177,8.4831,1.00,1.00
2017.01.17 10:08:26.531,8.48177,8.48323,1.00,1.00
2017.01.17 10:08:27.972,8.48177,8.48312,1.00,1.00
2017.01.17 10:08:28.918,8.48177,8.48321,1.00,1.00
2017.01.17 10:08:29.093,8.48177,8.48327,1.00,1.00
2017.01.17 10:08:29.600,8.48178,8.48327,1.00,1.00
2017.01.17 10:08:29.862,8.48197,8.48344,1.00,1.00
2017.01.17 10:08:29.913,8.48184,8.48342,1.00,1.00
2017.01.17 10:08:30.064,8.48216,8.48364,1.00,1.50
2017.01.17 10:08:30.879,8.48216,8.48383,1.00,1.00
2017.01.17 10:08:31.616,8.48224,8.48383,1.00,1.00
2017.01.17 10:08:32.564,8.48224,8.48378,1.00,1.00
2017.01.17 10:08:32.665,8.48224,8.48383,1.00,1.00
2017.01.17 10:08:32.925,8.4824,8.48387,1.00,1.00
2017.01.17 10:08:33.595,8.4824,8.48396,1.00,1.00
2017.01.17 10:08:33.645,8.4824,8.48388,1.00,1.00
2017.01.17 10:08:33.696,8.4824,8.48401,1.00,1.00
2017.01.17 10:08:34.056,8.4824,8.48381,1.00,1.00
2017.01.17 10:08:34.159,8.48224,8.48381,1.00,1.00
2017.01.17 10:08:34.646,8.48224,8.48375,1.00,1.00
2017.01.17 10:08:35.762,8.48224,8.48349,1.00,1.00
2017.01.17 10:08:35.921,8.48204,8.48349,1.00,1.00
2017.01.17 10:08:36.778,8.48204,8.48341,1.00,1.00
2017.01.17 10:08:37.740,8.48204,8.4834,1.00,1.00
2017.01.17 10:08:37.790,8.48184,8.4834,1.00,1.00
2017.01.17 10:08:37.914,8.48187,8.4834,1.00,1.00
2017.01.17 10:08:38.315,8.4821,8.4834,1.00,1.00
2017.01.17 10:08:38.753,8.4821,8.4833,1.00,1.00
2017.01.17 10:08:39.409,8.4821,8.48324,1.00,1.00
2017.01.17 10:08:39.732,8.4821,8.48335,1.00,1.00
2017.01.17 10:08:40.361,8.4821,8.48345,1.00,1.00
2017.01.17 10:08:40.547,8.4821,8.48355,1.00,1.00
2017.01.17 10:08:40.598,8.48234,8.48355,1.00,1.00
2017.01.17 10:08:41.668,8.48234,8.48334,1.00,1.00
2017.01.17 10:08:41.820,8.4821,8.48334,1.00,1.00
2017.01.17 10:08:42.077,8.4821,8.48366,1.00,1.00
2017.01.17 10:08:43.470,8.4821,8.48377,1.00,1.00
2017.01.17 10:08:44.939,8.4821,8.48372,1.00,1.00
2017.01.17 10:08:45.329,8.4821,8.48359,1.00,1.00
2017.01.17 10:08:46.767,8.4821,8.48371,1.00,1.00
2017.01.17 10:08:47.031,8.4821,8.48377,1.00,1.00
2017.01.17 10:08:49.394,8.4821,8.48376,1.00,1.00
2017.01.17 10:08:51.236,8.4821,8.48363,1.00,1.00
2017.01.17 10:08:52.266,8.4821,8.48362,1.00,1.00
2017.01.17 10:08:52.568,8.4821,8.48339,1.00,1.00
2017.01.17 10:08:52.726,8.48191,8.48339,1.00,1.00
2017.01.17 10:08:52.777,8.48191,8.48354,1.00,1.00
2017.01.17 10:08:52.879,8.48196,8.48358,1.00,1.00
2017.01.17 10:08:53.220,8.48202,8.48358,1.00,1.00
2017.01.17 10:08:53.523,8.48208,8.48358,1.00,1.00
2017.01.17 10:08:54.106,8.48226,8.48358,1.00,1.00
2017.01.17 10:08:54.410,8.48236,8.48391,1.00,1.50
2017.01.17 10:08:54.562,8.48232,8.48381,1.00,1.00
2017.01.17 10:08:54.613,8.48226,8.48381,1.00,1.00
2017.01.17 10:08:54.837,8.48226,8.48366,1.00,1.00
2017.01.17 10:08:55.423,8.48226,8.48352,1.00,1.00
2017.01.17 10:08:55.474,8.48226,8.48361,1.00,1.00
2017.01.17 10:08:55.525,8.48233,8.48391,1.60,1.00
2017.01.17 10:08:55.828,8.48283,8.48408,1.00,1.00
2017.01.17 10:08:56.239,8.48262,8.48408,1.50,1.00
2017.01.17 10:08:56.587,8.48262,8.48399,1.50,1.00
2017.01.17 10:08:57.323,8.48262,8.48411,1.50,1.00
2017.01.17 10:08:57.506,8.48262,8.48402,1.50,1.00
2017.01.17 10:08:57.609,8.48262,8.48415,1.50,1.00
2017.01.17 10:08:57.760,8.48265,8.48429,1.00,1.50
2017.01.17 10:08:57.943,8.48263,8.48427,1.50,1.00
2017.01.17 10:08:58.246,8.48291,8.48431,1.00,1.00
2017.01.17 10:08:58.347,8.4827,8.48431,1.00,1.00
2017.01.17 10:08:58.451,8.48288,8.48431,1.00,1.00
2017.01.17 10:08:58.798,8.48288,8.4841,1.00,1.00
2017.01.17 10:08:58.849,8.48269,8.4841,1.00,1.00
2017.01.17 10:08:58.900,8.48269,8.48396,1.00,1.00
2017.01.17 10:08:59.870,8.48269,8.48397,1.00,1.00
2017.01.17 10:09:00.676,8.48269,8.4843,1.00,1.00
2017.01.17 10:09:00.828,8.48269,8.48423,1.00,1.00
2017.01.17 10:09:01.156,8.48263,8.48414,1.00,1.00
2017.01.17 10:09:01.485,8.48263,8.48412,1.00,1.00
2017.01.17 10:09:01.806,8.48263,8.48414,1.00,1.00
2017.01.17 10:09:03.586,8.48263,8.48387,1.00,1.00
2017.01.17 10:09:03.636,8.48263,8.48414,1.00,1.00
2017.01.17 10:09:04.125,8.48247,8.48414,1.00,1.00
2017.01.17 10:09:04.176,8.48247,8.4839,1.00,1.00
2017.01.17 10:09:04.647,8.48247,8.48395,1.00,1.00
2017.01.17 10:09:05.314,8.48247,8.48414,1.00,1.00
2017.01.17 10:09:05.431,8.48274,8.48414,1.00,1.00
2017.01.17 10:09:05.634,8.48287,8.48439,1.00,1.00
2017.01.17 10:09:05.735,8.48252,8.48419,1.00,1.00
2017.01.17 10:09:06.318,8.48256,8.48419,1.00,1.00
2017.01.17 10:09:06.624,8.48273,8.48419,1.00,1.00
2017.01.17 10:09:06.725,8.48263,8.48419,1.00,1.00
2017.01.17 10:09:06.826,8.48285,8.48419,1.00,1.00
2017.01.17 10:09:07.536,8.48285,8.484,1.00,1.00
2017.01.17 10:09:07.637,8.48285,8.48419,1.00,1.00
2017.01.17 10:09:09.498,8.48285,8.484,1.00,1.00
2017.01.17 10:09:09.613,8.48285,8.48419,1.00,1.00
2017.01.17 10:09:09.714,8.48263,8.48419,1.00,1.00
2017.01.17 10:09:14.133,8.48263,8.48393,1.00,1.00
2017.01.17 10:09:14.235,8.48252,8.48389,1.00,1.00
2017.01.17 10:09:14.336,8.48252,8.48366,1.00,1.00
2017.01.17 10:09:14.639,8.48252,8.48363,1.00,1.00
2017.01.17 10:09:14.858,8.48233,8.48363,1.00,1.00
2017.01.17 10:09:14.914,8.48199,8.48363,1.00,1.00
2017.01.17 10:09:15.566,8.48215,8.48363,1.00,1.00
2017.01.17 10:09:15.844,8.48204,8.48369,1.00,1.00
2017.01.17 10:09:15.995,8.48224,8.48369,1.00,1.00
2017.01.17 10:09:16.380,8.48224,8.48379,1.00,1.00
2017.01.17 10:09:17.020,8.48224,8.48387,1.00,1.00
2017.01.17 10:09:17.121,8.48224,8.48375,1.00,1.00
2017.01.17 10:09:17.390,8.48226,8.48389,1.00,1.00
2017.01.17 10:09:17.491,8.48261,8.48419,1.00,1.00
2017.01.17 10:09:17.743,8.48261,8.48428,1.00,1.00
2017.01.17 10:09:18.003,8.48261,8.48318,1.00,1.00
2017.01.17 10:09:18.315,8.48167,8.48218,1.00,1.00
2017.01.17 10:09:18.366,8.48096,8.48218,1.00,1.00
2017.01.17 10:09:18.770,8.48068,8.48218,1.00,1.00
2017.01.17 10:09:18.871,8.48068,8.48189,1.00,1.00
2017.01.17 10:09:19.073,8.48046,8.48196,1.00,1.00
2017.01.17 10:09:19.224,8.48046,8.48191,1.00,1.00
2017.01.17 10:09:19.531,8.48046,8.48176,1.00,1.00
2017.01.17 10:09:20.098,8.48046,8.48187,1.00,1.00
2017.01.17 10:09:20.912,8.48046,8.48197,1.00,1.00
2017.01.17 10:09:21.139,8.48046,8.48199,1.00,1.00
2017.01.17 10:09:21.240,8.4805,8.48199,1.00,1.00
2017.01.17 10:09:21.549,8.4807,8.48216,1.00,1.00
2017.01.17 10:09:22.063,8.4807,8.48208,1.00,1.00
2017.01.17 10:09:23.475,8.4807,8.482,1.00,1.00
2017.01.17 10:09:24.520,8.4807,8.48209,1.00,1.00
2017.01.17 10:09:24.571,8.4807,8.48196,1.00,1.00
2017.01.17 10:09:24.761,8.4807,8.48211,1.00,1.00
2017.01.17 10:09:24.812,8.4807,8.48187,1.00,1.00
2017.01.17 10:09:24.915,8.4807,8.48207,1.00,1.00
2017.01.17 10:09:25.228,8.4807,8.48185,1.00,1.00
2017.01.17 10:09:25.532,8.48046,8.48129,1.00,1.00
2017.01.17 10:09:25.733,8.48046,8.48165,1.00,1.00
2017.01.17 10:09:25.807,8.48,8.48165,1.00,1.00
2017.01.17 10:09:26.008,8.48015,8.48166,1.00,1.00
2017.01.17 10:09:26.456,8.48015,8.48142,1.00,1.00
2017.01.17 10:09:26.507,8.47979,8.48142,1.00,1.00
2017.01.17 10:09:27.051,8.47973,8.48136,1.00,1.00
2017.01.17 10:09:27.685,8.47959,8.48123,1.00,1.00
2017.01.17 10:09:27.735,8.47997,8.48152,1.00,1.00
2017.01.17 10:09:28.058,8.48017,8.48137,1.00,1.00
2017.01.17 10:09:28.210,8.47992,8.48123,1.00,1.00
2017.01.17 10:09:28.868,8.47992,8.48132,1.00,1.00
2017.01.17 10:09:29.062,8.47992,8.48124,1.00,1.00
2017.01.17 10:09:30.284,8.47992,8.48129,1.00,1.00
2017.01.17 10:09:31.993,8.47992,8.48136,1.00,1.00
2017.01.17 10:09:32.044,8.47992,8.48143,1.00,1.00
2017.01.17 10:09:32.304,8.47992,8.48129,1.00,1.00
2017.01.17 10:09:32.580,8.47992,8.48143,1.00,1.00
2017.01.17 10:09:32.966,8.47992,8.48133,1.00,1.00
2017.01.17 10:09:33.513,8.47992,8.48121,1.00,1.00
2017.01.17 10:09:33.817,8.4796,8.48089,1.00,1.00
2017.01.17 10:09:34.174,8.47936,8.48096,1.60,1.00
2017.01.17 10:09:34.226,8.47942,8.48096,1.00,1.00
2017.01.17 10:09:34.607,8.47963,8.48096,1.00,1.00
2017.01.17 10:09:34.852,8.47963,8.48101,1.00,1.00
2017.01.17 10:09:35.870,8.47963,8.48096,1.00,1.00
2017.01.17 10:09:36.316,8.4794,8.48096,1.00,1.00
2017.01.17 10:09:36.886,8.4794,8.48092,1.00,1.00
2017.01.17 10:09:38.497,8.47947,8.48107,1.00,1.50
2017.01.17 10:09:38.548,8.47957,8.48107,1.00,1.50
2017.01.17 10:09:39.793,8.4794,8.48081,1.00,1.00
2017.01.17 10:09:40.654,8.4794,8.48073,1.00,1.00
2017.01.17 10:09:41.030,8.4794,8.48065,1.00,1.00
2017.01.17 10:09:41.081,8.4794,8.48075,1.00,1.00
2017.01.17 10:09:41.228,8.4792,8.48075,1.00,1.00
2017.01.17 10:09:41.280,8.47937,8.48077,1.00,1.00
2017.01.17 10:09:41.330,8.47916,8.48071,1.00,1.00
2017.01.17 10:09:41.988,8.47928,8.48077,1.00,1.00
2017.01.17 10:09:42.179,8.47917,8.48077,1.00,1.00
2017.01.17 10:09:42.280,8.47914,8.48066,1.00,1.00
2017.01.17 10:09:42.643,8.47931,8.48071,1.00,1.00
2017.01.17 10:09:43.313,8.4793,8.48077,1.00,1.00
2017.01.17 10:09:43.707,8.47956,8.48097,1.00,1.00
2017.01.17 10:09:44.305,8.47936,8.48084,1.00,1.00
2017.01.17 10:09:44.742,8.47935,8.48076,1.00,1.00
2017.01.17 10:09:44.844,8.4793,8.48077,1.00,1.00
2017.01.17 10:09:44.945,8.47945,8.48093,1.00,1.00
2017.01.17 10:09:45.046,8.47959,8.48073,1.00,1.00
2017.01.17 10:09:45.204,8.47983,8.48131,1.00,1.00
2017.01.17 10:09:45.305,8.47964,8.48121,1.00,1.00
2017.01.17 10:09:45.619,8.47944,8.48093,1.00,1.00
2017.01.17 10:09:45.670,8.47932,8.48093,1.00,1.00
2017.01.17 10:09:45.833,8.4794,8.48099,1.00,1.00
2017.01.17 10:09:46.135,8.47959,8.48119,1.00,1.00
2017.01.17 10:09:46.186,8.47969,8.48124,1.00,1.00
2017.01.17 10:09:46.824,8.47959,8.48124,1.50,1.00
2017.01.17 10:09:47.482,8.47968,8.48115,1.00,1.00
2017.01.17 10:09:47.646,8.47959,8.4812,1.00,1.00
2017.01.17 10:09:47.767,8.47959,8.48106,1.00,1.00
2017.01.17 10:09:48.450,8.47959,8.481,1.00,1.00
2017.01.17 10:09:48.708,8.47959,8.48113,1.00,1.00
2017.01.17 10:09:49.012,8.47962,8.48111,1.00,1.00
2017.01.17 10:09:49.493,8.47959,8.48123,1.00,1.00
2017.01.17 10:09:49.543,8.47959,8.48104,1.00,1.00
2017.01.17 10:09:49.644,8.47968,8.48124,1.00,1.00
2017.01.17 10:09:49.796,8.47981,8.48124,1.00,1.00
2017.01.17 10:09:50.155,8.47993,8.48149,1.00,1.00
2017.01.17 10:09:50.356,8.48006,8.4816,1.00,1.00
2017.01.17 10:09:51.101,8.48006,8.48171,1.00,1.00
2017.01.17 10:09:51.152,8.48017,8.48173,1.00,1.00
2017.01.17 10:09:51.399,8.48038,8.48197,1.00,1.00
2017.01.17 10:09:51.450,8.48032,8.48181,1.00,1.00
2017.01.17 10:09:51.502,8.48042,8.48197,1.00,1.00
2017.01.17 10:09:51.603,8.48078,8.48245,1.00,1.00
2017.01.17 10:09:51.805,8.48078,8.48237,1.00,1.00
2017.01.17 10:09:52.174,8.48078,8.48224,1.00,1.00
2017.01.17 10:09:52.608,8.48078,8.48224,1.60,1.00
2017.01.17 10:09:52.659,8.48078,8.48234,1.60,1.00
2017.01.17 10:09:53.535,8.48079,8.4824,1.60,1.00
2017.01.17 10:09:53.760,8.48083,8.48245,1.60,1.00
2017.01.17 10:09:54.297,8.48094,8.48245,1.00,1.00
2017.01.17 10:09:54.348,8.48085,8.48242,1.60,1.00
2017.01.17 10:09:54.399,8.48096,8.48227,1.00,1.00
2017.01.17 10:09:54.501,8.48086,8.48229,1.60,1.00
2017.01.17 10:09:54.552,8.48058,8.48132,1.00,1.00
2017.01.17 10:09:54.603,8.48024,8.48132,1.00,1.00
2017.01.17 10:09:54.654,8.48063,8.48132,1.00,1.00
2017.01.17 10:09:54.755,8.48057,8.48132,1.00,1.00
2017.01.17 10:09:54.806,8.47973,8.48096,1.00,1.00
2017.01.17 10:09:54.857,8.4794,8.48054,1.00,1.00
2017.01.17 10:09:55.059,8.47907,8.48054,1.00,1.00
2017.01.17 10:09:55.362,8.47924,8.48077,1.00,1.00
2017.01.17 10:09:55.464,8.4795,8.48079,1.00,1.00
2017.01.17 10:09:55.514,8.47926,8.48073,1.00,1.00
2017.01.17 10:09:55.565,8.47939,8.48073,1.00,1.00
2017.01.17 10:09:55.875,8.47926,8.48073,1.00,1.00
2017.01.17 10:09:55.941,8.47986,8.48079,1.00,1.00
2017.01.17 10:09:56.042,8.47953,8.48099,1.00,1.00
2017.01.17 10:09:56.143,8.47988,8.481,1.00,1.00
2017.01.17 10:09:56.244,8.47969,8.481,1.00,1.00
2017.01.17 10:09:56.295,8.47963,8.481,1.00,1.00
2017.01.17 10:09:57.009,8.47963,8.48099,1.00,1.00
2017.01.17 10:09:57.559,8.47979,8.48111,1.00,1.00
2017.01.17 10:09:57.862,8.4802,8.48167,1.00,1.00
2017.01.17 10:09:58.020,8.48036,8.48171,1.00,1.00
2017.01.17 10:09:58.272,8.4806,8.48196,1.00,1.00
2017.01.17 10:09:58.395,8.48088,8.48196,1.00,1.00
2017.01.17 10:09:58.446,8.48088,8.48216,1.00,1.00
2017.01.17 10:09:58.497,8.48107,8.48221,1.00,1.00
2017.01.17 10:09:58.548,8.48107,8.4824,1.00,1.00
2017.01.17 10:09:58.649,8.48107,8.48254,1.00,1.00
2017.01.17 10:09:58.750,8.48114,8.48254,1.00,1.00
2017.01.17 10:09:58.986,8.48118,8.48265,1.00,1.00
2017.01.17 10:09:59.339,8.48138,8.48281,1.00,1.00
2017.01.17 10:09:59.632,8.48138,8.48283,1.50,1.00
2017.01.17 10:09:59.733,8.48149,8.48297,1.00,1.00
2017.01.17 10:10:00.496,8.4816,8.48305,1.00,1.00
2017.01.17 10:10:01.481,8.48156,8.48301,1.00,1.00
2017.01.17 10:10:01.776,8.48166,8.48313,1.00,1.00
2017.01.17 10:10:02.508,8.48168,8.48313,1.00,1.00
2017.01.17 10:10:02.558,8.48179,8.48326,1.00,1.50
2017.01.17 10:10:02.904,8.4819,8.48326,1.00,1.00
2017.01.17 10:10:03.218,8.48202,8.48326,1.00,1.00
2017.01.17 10:10:03.453,8.48202,8.48337,1.00,1.00
2017.01.17 10:10:03.511,8.48202,8.48337,1.00,1.60
2017.01.17 10:10:03.562,8.48179,8.48311,1.00,1.00
2017.01.17 10:10:03.612,8.48179,8.48272,1.00,1.00
2017.01.17 10:10:03.792,8.48117,8.48238,1.00,1.00
2017.01.17 10:10:03.843,8.48098,8.4823,1.00,1.00
2017.01.17 10:10:03.893,8.48138,8.4823,1.00,1.00
2017.01.17 10:10:04.045,8.4816,8.48285,1.00,1.00
2017.01.17 10:10:04.840,8.4816,8.48292,1.00,1.00
2017.01.17 10:10:05.120,8.4816,8.48301,1.00,1.00
2017.01.17 10:10:08.584,8.4816,8.48303,1.00,1.00
2017.01.17 10:10:08.923,8.48165,8.48303,1.00,1.00
2017.01.17 10:10:08.973,8.48165,8.48312,1.00,1.00
2017.01.17 10:10:09.181,8.48175,8.48322,1.00,1.00
2017.01.17 10:10:09.488,8.48183,8.48322,1.00,1.00
2017.01.17 10:10:09.788,8.48185,8.48331,1.00,1.00
2017.01.17 10:10:10.540,8.48194,8.48341,1.00,1.00
2017.01.17 10:10:10.591,8.48205,8.48345,1.00,1.00
2017.01.17 10:10:10.691,8.48205,8.48352,1.50,1.00
2017.01.17 10:10:11.315,8.48205,8.48331,1.00,1.00
2017.01.17 10:10:11.637,8.48207,8.48339,1.00,1.00
2017.01.17 10:10:11.688,8.48205,8.48339,1.00,1.00
2017.01.17 10:10:12.149,8.48213,8.48358,1.00,1.00
2017.01.17 10:10:12.394,8.48222,8.48369,1.00,1.00
2017.01.17 10:10:12.495,8.4823,8.48369,1.00,1.00
2017.01.17 10:10:12.596,8.48233,8.4838,1.00,1.00
2017.01.17 10:10:13.126,8.48268,8.48397,1.00,1.00
2017.01.17 10:10:13.277,8.48277,8.48416,1.00,1.00
2017.01.17 10:10:14.074,8.48277,8.48421,1.00,1.00
2017.01.17 10:10:14.260,8.48277,8.48413,1.00,1.00
2017.01.17 10:10:14.564,8.48255,8.48387,1.00,1.00
2017.01.17 10:10:14.882,8.48255,8.48372,1.00,1.00
2017.01.17 10:10:15.147,8.48255,8.48386,1.00,1.00
2017.01.17 10:10:15.695,8.48259,8.48386,1.00,1.00
2017.01.17 10:10:16.023,8.48259,8.48403,1.00,1.00
2017.01.17 10:10:16.124,8.48267,8.48409,1.00,1.00
2017.01.17 10:10:16.380,8.48296,8.48442,1.00,1.00
2017.01.17 10:10:16.891,8.48296,8.48443,1.00,1.00
2017.01.17 10:10:16.942,8.48288,8.48426,1.00,1.00
2017.01.17 10:10:17.256,8.48288,8.4842,1.00,1.00
2017.01.17 10:10:17.582,8.48288,8.48407,1.00,1.00
2017.01.17 10:10:18.583,8.48288,8.4841,1.00,1.00
2017.01.17 10:10:18.740,8.48288,8.48417,1.00,1.00
2017.01.17 10:10:18.992,8.48288,8.48426,1.00,1.00
2017.01.17 10:10:19.349,8.48288,8.48437,1.50,1.00
2017.01.17 10:10:19.400,8.48288,8.48416,1.00,1.00
2017.01.17 10:10:20.234,8.48288,8.48425,1.00,1.00
2017.01.17 10:10:20.386,8.48288,8.4843,1.00,1.00
2017.01.17 10:10:20.562,8.48288,8.48421,1.00,1.00
2017.01.17 10:10:21.049,8.48311,8.48455,1.00,1.00
2017.01.17 10:10:21.206,8.48332,8.48473,1.00,1.00
2017.01.17 10:10:21.257,8.48332,8.48493,1.00,1.00
2017.01.17 10:10:21.358,8.4836,8.48497,1.00,1.00
2017.01.17 10:10:21.466,8.48354,8.48497,1.00,1.00
2017.01.17 10:10:21.518,8.48356,8.48503,1.00,1.00
2017.01.17 10:10:22.052,8.48356,8.48519,1.00,1.00
2017.01.17 10:10:22.203,8.48373,8.48522,1.00,1.00
2017.01.17 10:10:22.426,8.48387,8.48542,1.00,1.50
2017.01.17 10:10:23.020,8.48387,8.48532,1.00,1.00
2017.01.17 10:10:23.511,8.48387,8.48523,1.00,1.00
2017.01.17 10:10:23.713,8.4837,8.4852,1.00,1.00
2017.01.17 10:10:23.764,8.48365,8.4852,1.00,1.00
2017.01.17 10:10:23.916,8.48373,8.4852,1.00,1.00
2017.01.17 10:10:24.228,8.48383,8.4852,1.00,1.00
2017.01.17 10:10:24.741,8.48383,8.4851,1.00,1.00
2017.01.17 10:10:24.842,8.48365,8.4851,1.00,1.00
2017.01.17 10:10:27.802,8.48365,8.48494,1.00,1.00
2017.01.17 10:10:28.117,8.48365,8.48488,1.00,1.00
2017.01.17 10:10:28.318,8.48365,8.48501,1.00,1.00
2017.01.17 10:10:28.469,8.48374,8.48523,1.00,1.00
2017.01.17 10:10:28.748,8.48391,8.48523,1.00,1.00
2017.01.17 10:10:29.143,8.48391,8.485,1.00,1.00
2017.01.17 10:10:29.315,8.4837,8.485,1.00,1.00
2017.01.17 10:10:29.366,8.48359,8.485,1.00,1.00
2017.01.17 10:10:29.467,8.48377,8.4851,1.00,1.00
2017.01.17 10:10:30.116,8.48377,8.48516,1.00,1.00
2017.01.17 10:10:31.117,8.48377,8.4852,1.00,1.00
2017.01.17 10:10:31.398,8.48381,8.4852,1.00,1.00
2017.01.17 10:10:32.049,8.48383,8.4853,1.00,1.00
2017.01.17 10:10:32.100,8.4839,8.48539,1.00,1.00
2017.01.17 10:10:32.202,8.48412,8.48551,1.00,1.00
2017.01.17 10:10:33.175,8.48412,8.48528,1.00,1.00
2017.01.17 10:10:33.234,8.48391,8.48528,1.00,1.00
2017.01.17 10:10:33.285,8.48386,8.48528,1.00,1.00
2017.01.17 10:10:35.582,8.48394,8.48543,1.00,1.00
2017.01.17 10:10:36.063,8.48411,8.48543,1.00,1.00
2017.01.17 10:10:37.632,8.48411,8.48538,1.00,1.00
2017.01.17 10:10:37.833,8.48433,8.48565,1.00,1.00
2017.01.17 10:10:37.934,8.48433,8.4858,1.50,1.00
2017.01.17 10:10:38.095,8.48435,8.4858,1.00,1.00
2017.01.17 10:10:38.690,8.48435,8.48574,1.00,1.00
2017.01.17 10:10:39.121,8.48435,8.48557,1.00,1.00
2017.01.17 10:10:39.323,8.48435,8.48566,1.00,1.00
2017.01.17 10:10:39.467,8.48435,8.48579,1.00,1.00
2017.01.17 10:10:39.748,8.48442,8.48591,1.00,1.00
2017.01.17 10:10:39.950,8.48456,8.48591,1.00,1.00
2017.01.17 10:10:40.252,8.48456,8.4858,1.00,1.00
2017.01.17 10:10:40.849,8.48456,8.48591,1.00,1.00
2017.01.17 10:10:41.001,8.48456,8.48602,1.00,1.00
2017.01.17 10:10:41.053,8.48465,8.48612,1.00,1.00
2017.01.17 10:10:41.604,8.4848,8.48621,1.00,1.00
2017.01.17 10:10:41.755,8.4848,8.48629,1.00,1.00
2017.01.17 10:10:42.717,8.48495,8.48629,1.00,1.00
2017.01.17 10:10:42.768,8.48495,8.48633,1.00,1.00
2017.01.17 10:10:42.819,8.48479,8.48623,1.00,1.00
2017.01.17 10:10:42.970,8.48479,8.48609,1.00,1.00
2017.01.17 10:10:43.271,8.48479,8.48645,1.00,1.00
2017.01.17 10:10:43.414,8.48458,8.48666,1.00,1.00
2017.01.17 10:10:43.464,8.48458,8.48666,1.00,1.37
2017.01.17 10:10:43.515,8.48408,8.48683,1.00,1.12
2017.01.17 10:10:43.767,8.48444,8.48674,1.00,1.37
2017.01.17 10:10:44.081,8.4845,8.48599,1.00,1.00
2017.01.17 10:10:44.397,8.48454,8.48601,1.00,1.00
2017.01.17 10:10:44.705,8.48468,8.48617,1.00,1.00
2017.01.17 10:10:45.316,8.48487,8.48617,1.00,1.00
2017.01.17 10:10:45.663,8.48487,8.48611,1.00,1.00
2017.01.17 10:10:45.942,8.48487,8.4862,1.00,1.00
2017.01.17 10:10:46.233,8.4849,8.4862,1.00,1.00
2017.01.17 10:10:46.582,8.48499,8.48618,1.00,1.00
2017.01.17 10:10:47.233,8.48499,8.48624,1.00,1.00
2017.01.17 10:10:48.688,8.48499,8.48619,1.00,1.00
2017.01.17 10:10:49.646,8.48499,8.48622,1.00,1.00
2017.01.17 10:10:49.857,8.4849,8.48614,1.00,1.00
2017.01.17 10:10:50.111,8.4849,8.48603,1.00,1.00
2017.01.17 10:10:50.161,8.48478,8.48603,1.00,1.00
2017.01.17 10:10:50.212,8.48478,8.48592,1.00,1.00
2017.01.17 10:10:51.052,8.48478,8.4858,1.00,1.00
2017.01.17 10:10:51.441,8.48461,8.4857,1.00,1.00
2017.01.17 10:10:51.492,8.48461,8.48557,1.00,1.00
2017.01.17 10:10:51.544,8.48441,8.48557,1.00,1.00
2017.01.17 10:10:51.645,8.48429,8.48557,1.00,1.00
2017.01.17 10:10:52.366,8.48446,8.48557,1.00,1.00
2017.01.17 10:10:53.456,8.48446,8.48542,1.00,1.00
2017.01.17 10:10:53.507,8.48446,8.48565,1.00,1.00
2017.01.17 10:10:53.608,8.48477,8.48565,1.00,1.00
2017.01.17 10:10:53.910,8.48459,8.48565,1.00,1.00
2017.01.17 10:10:53.961,8.48481,8.48565,1.00,1.00
2017.01.17 10:10:54.012,8.48481,8.48583,1.00,1.00
2017.01.17 10:10:54.669,8.48481,8.48596,1.00,1.00
2017.01.17 10:10:54.826,8.48469,8.48616,1.00,1.00
2017.01.17 10:10:54.877,8.48472,8.48616,1.00,1.00
2017.01.17 10:10:55.213,8.48484,8.48616,1.00,1.00
2017.01.17 10:10:55.651,8.48491,8.48616,1.00,1.00
2017.01.17 10:10:55.968,8.48496,8.48616,1.00,1.00
2017.01.17 10:10:56.311,8.485,8.48616,1.00,1.00
2017.01.17 10:10:57.976,8.485,8.48627,1.00,1.00
2017.01.17 10:10:58.027,8.485,8.48631,1.00,1.00
2017.01.17 10:10:58.078,8.485,8.48635,1.00,1.00
2017.01.17 10:10:58.129,8.48502,8.48651,1.00,1.50
2017.01.17 10:10:58.432,8.48523,8.48651,1.00,1.00
2017.01.17 10:10:58.831,8.48523,8.4863,1.00,1.00
2017.01.17 10:10:59.134,8.48482,8.48601,1.00,1.00
2017.01.17 10:10:59.285,8.48462,8.48601,1.00,1.00
2017.01.17 10:10:59.336,8.4848,8.48601,1.00,1.00
2017.01.17 10:10:59.437,8.4848,8.48604,1.00,1.00
2017.01.17 10:10:59.589,8.4848,8.48606,1.00,1.00
2017.01.17 10:10:59.859,8.48504,8.48606,1.00,1.00
2017.01.17 10:11:00.211,8.48487,8.48606,1.00,1.00
2017.01.17 10:11:00.413,8.48487,8.48588,1.00,1.00
2017.01.17 10:11:01.413,8.48487,8.48593,1.00,1.00
2017.01.17 10:11:02.919,8.48487,8.48602,1.00,1.00
2017.01.17 10:11:03.127,8.48479,8.48592,1.00,1.00
2017.01.17 10:11:03.178,8.48458,8.48592,1.00,1.00
2017.01.17 10:11:03.229,8.48455,8.48592,1.00,1.00
2017.01.17 10:11:03.381,8.48463,8.48592,1.00,1.00
2017.01.17 10:11:03.689,8.48433,8.48561,1.00,1.00
2017.01.17 10:11:03.891,8.48421,8.48561,1.00,1.00
2017.01.17 10:11:04.115,8.48421,8.48551,1.00,1.00
2017.01.17 10:11:04.521,8.48442,8.48551,1.00,1.00
2017.01.17 10:11:04.835,8.48442,8.48545,1.00,1.00
2017.01.17 10:11:05.026,8.48442,8.48556,1.00,1.00
2017.01.17 10:11:05.128,8.48442,8.48559,1.00,1.00
2017.01.17 10:11:05.179,8.48442,8.48569,1.00,1.00
2017.01.17 10:11:05.280,8.48442,8.48583,1.00,1.00
2017.01.17 10:11:05.482,8.48442,8.48568,1.00,1.00
2017.01.17 10:11:05.533,8.48442,8.48576,1.00,1.00
2017.01.17 10:11:05.987,8.48449,8.48576,1.00,1.00
2017.01.17 10:11:06.554,8.48449,8.48577,1.00,1.00
2017.01.17 10:11:08.617,8.48449,8.48571,1.00,1.00
2017.01.17 10:11:08.921,8.48442,8.48571,1.00,1.00
2017.01.17 10:11:09.192,8.48442,8.48578,1.00,1.00
2017.01.17 10:11:09.588,8.48442,8.48571,1.00,1.00
2017.01.17 10:11:11.516,8.48442,8.48569,1.00,1.00
2017.01.17 10:11:12.097,8.48442,8.4856,1.00,1.00
2017.01.17 10:11:12.400,8.48424,8.48533,1.00,1.00
2017.01.17 10:11:12.734,8.48424,8.48504,1.00,1.00
2017.01.17 10:11:12.784,8.48359,8.48504,1.00,1.00
2017.01.17 10:11:12.835,8.4834,8.48487,1.00,1.00
2017.01.17 10:11:13.393,8.48351,8.48498,1.00,1.00
2017.01.17 10:11:13.931,8.48354,8.48498,1.00,1.00
2017.01.17 10:11:14.180,8.48354,8.48501,1.50,1.00
2017.01.17 10:11:14.429,8.48378,8.48501,1.00,1.00
2017.01.17 10:11:14.848,8.48378,8.48495,1.00,1.00
2017.01.17 10:11:14.899,8.48378,8.48505,1.00,1.00
2017.01.17 10:11:14.950,8.48346,8.48493,1.00,1.00
2017.01.17 10:11:15.001,8.48348,8.48479,1.00,1.00
2017.01.17 10:11:15.905,8.48332,8.48479,1.00,1.00
2017.01.17 10:11:15.955,8.48326,8.48473,1.00,1.00
2017.01.17 10:11:16.336,8.48353,8.48479,1.00,1.00
2017.01.17 10:11:16.478,8.48353,8.48487,1.00,1.00
2017.01.17 10:11:16.629,8.48353,8.48493,1.00,1.00
2017.01.17 10:11:17.194,8.48353,8.4848,1.00,1.00
2017.01.17 10:11:17.496,8.48353,8.48463,1.00,1.00
2017.01.17 10:11:17.801,8.48306,8.48453,1.00,1.00
2017.01.17 10:11:17.953,8.483,8.48426,1.00,1.00
2017.01.17 10:11:18.106,8.48279,8.48426,1.00,1.00
2017.01.17 10:11:18.909,8.4829,8.48437,1.00,1.00
2017.01.17 10:11:19.231,8.48302,8.48442,1.00,1.00
2017.01.17 10:11:20.233,8.48302,8.48439,1.00,1.00
2017.01.17 10:11:20.553,8.48302,8.48431,1.00,1.00
2017.01.17 10:11:21.728,8.48302,8.48429,1.00,1.00
2017.01.17 10:11:21.778,8.48302,8.48437,1.00,1.00
2017.01.17 10:11:22.487,8.48302,8.48415,1.00,1.00
2017.01.17 10:11:22.588,8.48277,8.48398,1.00,1.00
2017.01.17 10:11:22.947,8.48277,8.48414,1.00,1.00
2017.01.17 10:11:23.149,8.48289,8.48414,1.00,1.00
2017.01.17 10:11:23.250,8.48289,8.48433,1.00,1.00
2017.01.17 10:11:23.644,8.48295,8.48442,1.00,1.50
2017.01.17 10:11:23.810,8.48313,8.48442,1.00,1.00
2017.01.17 10:11:23.911,8.48318,8.4846,1.00,1.00
2017.01.17 10:11:24.012,8.48326,8.48474,1.00,1.00
2017.01.17 10:11:24.214,8.48318,8.48463,1.00,1.00
2017.01.17 10:11:24.518,8.48354,8.48483,1.00,1.00
2017.01.17 10:11:24.940,8.48354,8.48503,1.50,1.00
2017.01.17 10:11:24.991,8.48354,8.4849,1.00,1.00
2017.01.17 10:11:25.294,8.48336,8.48467,1.00,1.00
2017.01.17 10:11:25.929,8.48336,8.48455,1.00,1.00
2017.01.17 10:11:25.980,8.48312,8.48455,1.00,1.00
2017.01.17 10:11:26.031,8.48312,8.48448,1.00,1.00
2017.01.17 10:11:26.468,8.48319,8.48473,1.00,1.00
2017.01.17 10:11:26.670,8.48339,8.48473,1.00,1.00
2017.01.17 10:11:26.721,8.48339,8.48481,1.00,1.00
2017.01.17 10:11:27.325,8.48339,8.48475,1.00,1.00
2017.01.17 10:11:29.506,8.48339,8.48481,1.00,1.00
2017.01.17 10:11:29.557,8.48339,8.48457,1.00,1.00
2017.01.17 10:11:29.658,8.48328,8.48457,1.00,1.00
2017.01.17 10:11:29.902,8.48328,8.48446,1.00,1.00
2017.01.17 10:11:30.054,8.48315,8.48446,1.00,1.00
2017.01.17 10:11:30.484,8.48315,8.48458,1.00,1.00
2017.01.17 10:11:30.585,8.48322,8.48467,1.00,1.00
2017.01.17 10:11:30.636,8.48339,8.48467,1.00,1.00
2017.01.17 10:11:34.062,8.48339,8.48476,1.00,1.00
2017.01.17 10:11:34.240,8.48346,8.48491,1.00,1.00
2017.01.17 10:11:34.342,8.48367,8.48514,1.00,1.00
2017.01.17 10:11:34.493,8.48385,8.48529,1.00,1.00
2017.01.17 10:11:34.594,8.4837,8.48517,1.00,1.00
2017.01.17 10:11:34.645,8.48394,8.48517,1.00,1.00
2017.01.17 10:11:35.577,8.48394,8.48485,1.00,1.00
2017.01.17 10:11:35.729,8.48362,8.48485,1.00,1.00
2017.01.17 10:11:35.780,8.48362,8.48477,1.00,1.00
2017.01.17 10:11:36.168,8.48362,8.48459,1.00,1.00
2017.01.17 10:11:36.370,8.48314,8.48459,1.00,1.00
2017.01.17 10:11:36.421,8.48314,8.48444,1.00,1.00
2017.01.17 10:11:36.582,8.48321,8.48458,1.00,1.00
2017.01.17 10:11:37.282,8.48321,8.48468,1.50,1.00
2017.01.17 10:11:37.486,8.48321,8.48457,1.00,1.00
2017.01.17 10:11:37.536,8.48314,8.48457,1.00,1.00
2017.01.17 10:11:37.718,8.48319,8.48457,1.00,1.00
2017.01.17 10:11:38.172,8.48314,8.48447,1.00,1.00
2017.01.17 10:11:38.551,8.48314,8.48445,1.00,1.00
2017.01.17 10:11:38.749,8.48314,8.48459,1.00,1.00
2017.01.17 10:11:38.800,8.48339,8.48479,1.00,1.00
2017.01.17 10:11:39.105,8.48344,8.48479,1.00,1.00
2017.01.17 10:11:39.372,8.48344,8.48481,1.00,1.00
2017.01.17 10:11:39.757,8.48344,8.48493,1.00,1.00
2017.01.17 10:11:39.858,8.48355,8.48493,1.00,1.00
2017.01.17 10:11:39.909,8.48355,8.48526,1.00,1.00
2017.01.17 10:11:40.074,8.48374,8.48526,1.00,1.00
2017.01.17 10:11:40.329,8.48374,8.48537,1.00,1.00
2017.01.17 10:11:40.768,8.48374,8.48529,1.00,1.00
2017.01.17 10:11:41.075,8.48384,8.48529,1.00,1.00
2017.01.17 10:11:41.355,8.48374,8.48529,1.00,1.00
2017.01.17 10:11:41.415,8.48383,8.48529,1.00,1.00
2017.01.17 10:11:41.578,8.48367,8.48521,1.00,1.00
2017.01.17 10:11:41.679,8.48379,8.48543,1.00,1.00
2017.01.17 10:11:42.119,8.48385,8.48521,1.00,1.00
2017.01.17 10:11:43.087,8.48385,8.48512,1.00,1.00
2017.01.17 10:11:43.439,8.48379,8.48493,1.00,1.00
2017.01.17 10:11:43.590,8.48361,8.48493,1.00,1.00
2017.01.17 10:11:44.452,8.48361,8.48492,1.00,1.00
2017.01.17 10:11:44.651,8.48361,8.48476,1.00,1.00
2017.01.17 10:11:44.752,8.48354,8.48476,1.00,1.00
2017.01.17 10:11:45.102,8.48354,8.48499,1.00,1.00
2017.01.17 10:11:45.438,8.48354,8.48502,1.00,1.00
2017.01.17 10:11:45.925,8.48354,8.48519,1.00,1.00
2017.01.17 10:11:46.177,8.48364,8.48519,1.00,1.00
2017.01.17 10:11:46.589,8.48339,8.48493,1.00,1.00
2017.01.17 10:11:47.081,8.48356,8.48493,1.00,1.00
2017.01.17 10:11:47.236,8.48356,8.48499,1.00,1.00
2017.01.17 10:11:47.855,8.48356,8.48505,1.00,1.00
2017.01.17 10:11:48.177,8.48358,8.48505,1.00,1.00
2017.01.17 10:11:49.756,8.48358,8.48498,1.00,1.00
2017.01.17 10:11:50.121,8.48358,8.48506,1.00,1.00
2017.01.17 10:11:50.222,8.48358,8.48494,1.00,1.00
2017.01.17 10:11:50.524,8.48356,8.48468,1.00,1.00
2017.01.17 10:11:50.575,8.48332,8.48468,1.00,1.00
2017.01.17 10:11:50.626,8.48332,8.48452,1.00,1.00
2017.01.17 10:11:50.778,8.4831,8.48452,1.00,1.00
2017.01.17 10:11:51.027,8.48321,8.48468,1.00,1.00
2017.01.17 10:11:51.491,8.4831,8.48467,1.00,1.00
2017.01.17 10:11:51.542,8.48312,8.48467,1.00,1.00
2017.01.17 10:11:51.843,8.48312,8.48451,1.00,1.00
2017.01.17 10:11:52.195,8.48328,8.48474,1.00,1.00
2017.01.17 10:11:52.296,8.48312,8.48451,1.00,1.00
2017.01.17 10:11:52.750,8.48312,8.48438,1.00,1.00
2017.01.17 10:11:53.047,8.4829,8.48423,1.00,1.00
2017.01.17 10:11:53.098,8.48271,8.48413,1.00,1.00
2017.01.17 10:11:53.149,8.48256,8.48408,1.00,1.00
2017.01.17 10:11:53.301,8.48246,8.48397,1.00,1.00
2017.01.17 10:11:53.605,8.48226,8.48386,1.00,1.00
2017.01.17 10:11:53.718,8.48231,8.48383,1.00,1.00
2017.01.17 10:11:54.208,8.48238,8.48393,1.00,1.00
2017.01.17 10:11:54.259,8.48253,8.48393,1.00,1.00
2017.01.17 10:11:54.589,8.4825,8.48382,1.00,1.00
2017.01.17 10:11:54.791,8.4825,8.48394,1.00,1.00
2017.01.17 10:11:55.397,8.4825,8.48372,1.00,1.00
2017.01.17 10:11:55.499,8.4823,8.48372,1.00,1.00
2017.01.17 10:11:55.555,8.48218,8.48372,1.00,1.00
2017.01.17 10:11:55.656,8.48227,8.48383,1.00,1.00
2017.01.17 10:11:56.049,8.48246,8.48385,1.00,1.00
2017.01.17 10:11:56.100,8.4825,8.484,1.00,1.00
2017.01.17 10:11:56.201,8.48251,8.48417,1.00,1.00
2017.01.17 10:11:56.403,8.48271,8.48437,1.00,1.00
2017.01.17 10:11:56.723,8.48273,8.48438,1.00,1.00
2017.01.17 10:11:57.333,8.48273,8.48436,1.00,1.00
2017.01.17 10:11:57.878,8.48278,8.48431,1.00,1.00
2017.01.17 10:11:58.361,8.48291,8.48438,1.00,1.00
2017.01.17 10:11:58.732,8.48303,8.48444,1.00,1.00
2017.01.17 10:11:58.884,8.48303,8.48451,1.00,1.00
2017.01.17 10:11:59.036,8.48309,8.48462,1.00,1.00
2017.01.17 10:11:59.994,8.48318,8.4847,1.00,1.00
2017.01.17 10:12:00.306,8.48315,8.48468,2.25,1.00
2017.01.17 10:12:00.786,8.48315,8.48445,1.00,1.00
2017.01.17 10:12:01.521,8.48315,8.48453,1.00,1.00
2017.01.17 10:12:01.595,8.48315,8.48461,1.00,1.00
2017.01.17 10:12:01.746,8.48319,8.48472,1.00,1.00
2017.01.17 10:12:02.450,8.48315,8.48461,1.00,1.00
2017.01.17 10:12:02.667,8.48311,8.48459,1.00,1.00
2017.01.17 10:12:03.319,8.48321,8.48472,1.00,1.00
2017.01.17 10:12:03.639,8.48326,8.48478,1.00,1.00
2017.01.17 10:12:04.107,8.48353,8.48478,1.00,1.00
2017.01.17 10:12:04.158,8.48353,8.48498,1.00,1.00
2017.01.17 10:12:04.209,8.48353,8.4851,1.00,1.00
2017.01.17 10:12:04.368,8.48367,8.4852,1.00,1.00
2017.01.17 10:12:04.708,8.48367,8.48489,1.00,1.00
2017.01.17 10:12:05.172,8.48367,8.48475,1.00,1.00
2017.01.17 10:12:05.273,8.48347,8.48475,1.00,1.00
2017.01.17 10:12:05.324,8.48343,8.48475,1.00,1.00
2017.01.17 10:12:05.374,8.48343,8.48465,1.00,1.00
2017.01.17 10:12:05.475,8.48343,8.48474,1.00,1.00
2017.01.17 10:12:05.627,8.48343,8.48462,1.00,1.00
2017.01.17 10:12:05.857,8.48317,8.48462,1.00,1.00
2017.01.17 10:12:06.033,8.48315,8.4846,1.00,1.00
2017.01.17 10:12:06.084,8.48293,8.4846,1.00,1.00
2017.01.17 10:12:06.134,8.48273,8.48428,1.00,1.00
2017.01.17 10:12:06.185,8.48261,8.48428,1.00,1.00
2017.01.17 10:12:06.405,8.48261,8.48395,1.00,1.00
2017.01.17 10:12:06.556,8.48241,8.48395,1.00,1.00
2017.01.17 10:12:06.607,8.48229,8.48374,1.00,1.00
2017.01.17 10:12:06.973,8.48229,8.48383,1.00,1.00
2017.01.17 10:12:07.272,8.48229,8.48387,1.00,1.00
2017.01.17 10:12:07.323,8.48247,8.48396,1.50,1.00
2017.01.17 10:12:07.373,8.48253,8.4841,1.00,1.00
2017.01.17 10:12:07.676,8.48277,8.48424,1.00,1.00
2017.01.17 10:12:07.929,8.48274,8.48424,1.00,1.00
2017.01.17 10:12:08.030,8.48274,8.48385,1.00,1.00
2017.01.17 10:12:08.081,8.48254,8.48385,1.00,1.00
2017.01.17 10:12:08.259,8.48244,8.48409,1.00,1.00
2017.01.17 10:12:08.717,8.48252,8.48409,1.00,1.00
2017.01.17 10:12:09.031,8.48263,8.48415,1.00,1.00
2017.01.17 10:12:09.336,8.48263,8.4841,1.00,1.00
2017.01.17 10:12:09.627,8.48257,8.48411,1.50,1.00
2017.01.17 10:12:09.779,8.48263,8.4842,1.00,1.00
2017.01.17 10:12:10.032,8.4827,8.4842,1.00,1.00
2017.01.17 10:12:10.134,8.48278,8.4843,1.00,1.00
2017.01.17 10:12:10.286,8.48298,8.48441,1.00,1.00
2017.01.17 10:12:10.388,8.48298,8.48447,1.00,1.00
2017.01.17 10:12:10.704,8.48298,8.48463,1.00,1.00
2017.01.17 10:12:11.352,8.48313,8.48465,1.00,1.00
2017.01.17 10:12:11.469,8.4833,8.48483,1.00,1.00
2017.01.17 10:12:12.733,8.4833,8.4849,1.00,1.00
2017.01.17 10:12:12.784,8.4833,8.48478,1.00,1.00
2017.01.17 10:12:13.300,8.4833,8.48488,1.00,1.00
2017.01.17 10:12:13.617,8.48335,8.48488,1.00,1.00
2017.01.17 10:12:13.946,8.48335,8.48477,1.00,1.00
2017.01.17 10:12:14.397,8.4833,8.48477,1.00,1.00
2017.01.17 10:12:14.585,8.48336,8.48477,1.00,1.00
2017.01.17 10:12:15.115,8.48336,8.48478,1.00,1.00
2017.01.17 10:12:15.220,8.48336,8.48485,1.00,1.00
2017.01.17 10:12:15.422,8.48354,8.48497,1.00,1.00
2017.01.17 10:12:15.574,8.48354,8.48505,1.00,1.00
2017.01.17 10:12:15.776,8.48352,8.48486,1.00,1.00
2017.01.17 10:12:16.168,8.48352,8.48484,1.00,1.00
2017.01.17 10:12:16.219,8.48336,8.48484,1.00,1.00
2017.01.17 10:12:17.979,8.48348,8.48497,1.00,1.00
2017.01.17 10:12:19.503,8.4834,8.48491,1.00,1.00
2017.01.17 10:12:21.141,8.48339,8.48491,1.00,1.00
2017.01.17 10:12:21.915,8.48336,8.48476,1.00,1.00
2017.01.17 10:12:22.220,8.48332,8.48455,1.00,1.00
2017.01.17 10:12:22.321,8.48305,8.48455,1.00,1.00
2017.01.17 10:12:22.682,8.48322,8.48455,1.00,1.00
2017.01.17 10:12:22.909,8.48324,8.48476,1.00,1.00
2017.01.17 10:12:23.104,8.48329,8.48476,1.00,1.00
2017.01.17 10:12:23.156,8.48335,8.48488,1.00,1.00
2017.01.17 10:12:23.837,8.48329,8.4848,1.00,1.00
2017.01.17 10:12:24.698,8.48329,8.48467,1.00,1.00
2017.01.17 10:12:25.045,8.48329,8.48448,1.00,1.00
2017.01.17 10:12:25.688,8.48329,8.48453,1.00,1.00
2017.01.17 10:12:26.482,8.48322,8.48447,1.00,1.00
2017.01.17 10:12:26.636,8.48298,8.48447,1.00,1.00
2017.01.17 10:12:26.687,8.48294,8.4844,1.00,1.00
2017.01.17 10:12:27.169,8.48304,8.48453,1.00,1.00
2017.01.17 10:12:28.210,8.48314,8.48453,1.00,1.00
2017.01.17 10:12:28.261,8.48314,8.48458,1.00,1.00
2017.01.17 10:12:28.591,8.48321,8.4847,1.00,1.00
2017.01.17 10:12:28.692,8.48338,8.4848,1.00,1.00
2017.01.17 10:12:29.696,8.48338,8.48476,1.00,1.00
2017.01.17 10:12:30.653,8.48338,8.48479,1.00,1.00
2017.01.17 10:12:31.642,8.48357,8.48505,1.00,1.50
2017.01.17 10:12:32.007,8.48361,8.48505,1.00,1.00
2017.01.17 10:12:34.846,8.48361,8.48504,1.00,1.00
2017.01.17 10:12:35.505,8.48358,8.48504,1.00,1.00
2017.01.17 10:12:35.643,8.48372,8.48508,1.00,1.00
2017.01.17 10:12:36.057,8.48378,8.48508,1.00,1.00
2017.01.17 10:12:37.623,8.48381,8.48528,1.00,1.50
2017.01.17 10:12:38.486,8.48386,8.48535,1.00,1.00
2017.01.17 10:12:38.727,8.48378,8.48525,1.00,1.00
2017.01.17 10:12:39.274,8.48395,8.48536,1.00,1.00
2017.01.17 10:12:39.586,8.48412,8.48536,1.00,1.00
2017.01.17 10:12:39.636,8.48412,8.48557,1.00,1.00
2017.01.17 10:12:39.687,8.48412,8.48559,1.00,1.00
2017.01.17 10:12:40.228,8.48416,8.48559,1.00,1.00
2017.01.17 10:12:40.577,8.48424,8.48567,1.00,1.00
2017.01.17 10:12:42.957,8.48429,8.48567,1.00,1.00
2017.01.17 10:12:43.270,8.48427,8.48567,1.00,1.00
2017.01.17 10:12:43.339,8.48427,8.48575,1.00,1.00
2017.01.17 10:12:43.390,8.48426,8.48591,1.00,1.00
2017.01.17 10:12:43.441,8.48424,8.48568,1.00,1.00
2017.01.17 10:12:43.744,8.48404,8.48548,1.00,1.00
2017.01.17 10:12:43.794,8.48401,8.48548,1.00,1.00
2017.01.17 10:12:44.251,8.48417,8.48564,1.00,1.00
2017.01.17 10:12:44.554,8.48444,8.4859,1.00,1.00
2017.01.17 10:12:45.235,8.4845,8.48596,1.00,1.00
2017.01.17 10:12:46.394,8.48445,8.48594,1.00,1.00
2017.01.17 10:12:47.983,8.48434,8.48583,1.00,1.00
2017.01.17 10:12:48.647,8.48441,8.4859,1.00,1.00
2017.01.17 10:12:49.206,8.48448,8.48596,1.00,1.00
2017.01.17 10:12:49.608,8.48461,8.48596,1.00,1.00
2017.01.17 10:12:49.666,8.48474,8.48616,1.00,1.00
2017.01.17 10:12:49.768,8.48493,8.48616,1.00,1.00
2017.01.17 10:12:49.819,8.48474,8.48616,1.00,1.00
2017.01.17 10:12:49.870,8.48474,8.48623,1.00,1.00
2017.01.17 10:12:49.920,8.48473,8.48621,1.00,1.00
2017.01.17 10:12:50.223,8.48473,8.48584,1.00,1.00
2017.01.17 10:12:50.324,8.48473,8.48602,1.00,1.00
2017.01.17 10:12:50.425,8.48473,8.48621,1.00,1.00
2017.01.17 10:12:50.577,8.48473,8.48593,1.00,1.00
2017.01.17 10:12:50.957,8.48454,8.48593,1.00,1.00
2017.01.17 10:12:51.057,8.48428,8.48593,1.00,1.00
2017.01.17 10:12:51.309,8.48436,8.48603,1.00,1.00
2017.01.17 10:12:51.580,8.48428,8.48595,1.00,1.00
2017.01.17 10:12:51.989,8.48438,8.48604,1.00,1.00
2017.01.17 10:12:52.585,8.48437,8.48604,1.00,1.00
2017.01.17 10:12:53.136,8.48419,8.48587,1.00,1.00
2017.01.17 10:12:53.935,8.48426,8.48592,1.00,1.00
2017.01.17 10:12:54.498,8.48417,8.48583,1.00,1.00
2017.01.17 10:12:54.811,8.48426,8.4859,1.00,1.00
2017.01.17 10:12:55.125,8.48426,8.48567,1.00,1.00
2017.01.17 10:12:55.467,8.48433,8.48567,1.00,1.00
2017.01.17 10:12:55.982,8.48444,8.48567,1.00,1.00
2017.01.17 10:12:56.084,8.48454,8.48589,1.00,1.00
2017.01.17 10:12:56.185,8.48454,8.48607,1.00,1.00
2017.01.17 10:12:56.390,8.48454,8.48582,1.00,1.00
2017.01.17 10:12:56.491,8.48445,8.48582,1.00,1.00
2017.01.17 10:12:56.592,8.48462,8.48582,1.00,1.00
2017.01.17 10:12:56.694,8.48441,8.48582,1.00,1.00
2017.01.17 10:12:57.539,8.48449,8.48582,1.00,1.00
2017.01.17 10:12:57.902,8.48457,8.48582,1.00,1.00
2017.01.17 10:12:58.053,8.48436,8.48582,1.00,1.00
2017.01.17 10:12:58.445,8.48436,8.48584,1.00,1.00
2017.01.17 10:12:58.662,8.48446,8.48595,1.00,1.00
2017.01.17 10:12:59.455,8.48452,8.48601,1.00,1.00
2017.01.17 10:12:59.766,8.48462,8.48611,1.00,1.00
2017.01.17 10:12:59.919,8.48472,8.4863,1.00,1.00
2017.01.17 10:13:00.250,8.48466,8.48615,1.00,1.00
2017.01.17 10:13:00.930,8.48458,8.48607,1.00,1.00
2017.01.17 10:13:01.234,8.48464,8.48611,1.00,1.00
2017.01.17 10:13:01.537,8.4848,8.48627,1.00,1.00
2017.01.17 10:13:02.275,8.48485,8.48632,1.00,1.00
2017.01.17 10:13:02.775,8.48484,8.48656,1.00,1.00
2017.01.17 10:13:03.056,8.48484,8.48656,1.60,1.00
2017.01.17 10:13:03.107,8.48493,8.48665,1.00,1.00
2017.01.17 10:13:03.157,8.48497,8.48664,1.00,1.00
2017.01.17 10:13:04.065,8.48497,8.48639,1.00,1.00
2017.01.17 10:13:04.396,8.48497,8.48591,1.00,1.00
2017.01.17 10:13:04.657,8.48477,8.48591,1.00,1.00
2017.01.17 10:13:04.708,8.48446,8.48591,1.00,1.00
2017.01.17 10:13:05.208,8.48445,8.48593,1.00,1.00
2017.01.17 10:13:05.563,8.48453,8.48593,1.00,1.00
2017.01.17 10:13:06.321,8.48453,8.48587,1.00,1.00
2017.01.17 10:13:06.624,8.48453,8.48558,1.00,1.00
2017.01.17 10:13:06.675,8.48433,8.4857,1.00,1.00
2017.01.17 10:13:06.726,8.4843,8.4857,1.00,1.00
2017.01.17 10:13:06.877,8.48436,8.48595,1.00,1.00
2017.01.17 10:13:07.281,8.4845,8.48612,1.00,1.00
2017.01.17 10:13:07.837,8.4845,8.48616,1.00,1.00
2017.01.17 10:13:07.888,8.48464,8.48611,1.00,1.00
2017.01.17 10:13:08.243,8.48476,8.48623,1.00,1.00
2017.01.17 10:13:08.579,8.48495,8.48623,1.00,1.00
2017.01.17 10:13:08.764,8.48474,8.48604,1.00,1.00
2017.01.17 10:13:08.815,8.4847,8.48604,1.00,1.00
2017.01.17 10:13:08.927,8.4847,8.48617,1.50,1.00
2017.01.17 10:13:09.301,8.48482,8.48629,1.00,1.00
2017.01.17 10:13:09.604,8.48495,8.48639,1.00,1.00
2017.01.17 10:13:09.763,8.48503,8.4865,1.00,1.00
2017.01.17 10:13:09.964,8.48516,8.4866,1.00,1.00
2017.01.17 10:13:10.276,8.48519,8.48661,1.00,1.00
2017.01.17 10:13:10.917,8.48519,8.48656,1.00,1.00
2017.01.17 10:13:11.645,8.48519,8.48651,1.00,1.00
2017.01.17 10:13:11.953,8.48519,8.48643,1.00,1.00
2017.01.17 10:13:12.003,8.48496,8.48643,1.00,1.00
2017.01.17 10:13:12.600,8.48495,8.48636,1.00,1.00
2017.01.17 10:13:13.598,8.48495,8.48641,1.00,1.00
2017.01.17 10:13:14.940,8.48495,8.48642,1.50,1.00
2017.01.17 10:13:15.134,8.485,8.48648,1.00,1.00
2017.01.17 10:13:15.236,8.4851,8.48657,1.00,1.00
2017.01.17 10:13:15.554,8.48526,8.48668,1.00,1.00
2017.01.17 10:13:16.453,8.48526,8.4867,1.00,1.00
2017.01.17 10:13:17.840,8.48526,8.48663,1.00,1.00
2017.01.17 10:13:20.385,8.48526,8.48672,1.00,1.00
2017.01.17 10:13:20.486,8.48527,8.48674,1.00,1.00
2017.01.17 10:13:20.537,8.48535,8.48681,1.00,1.00
2017.01.17 10:13:20.588,8.48546,8.48693,1.00,1.50
2017.01.17 10:13:20.638,8.48529,8.48675,1.00,1.00
2017.01.17 10:13:20.941,8.48526,8.48661,1.00,1.00
2017.01.17 10:13:21.131,8.48514,8.48661,1.00,1.00
2017.01.17 10:13:21.599,8.48522,8.48667,1.00,1.00
2017.01.17 10:13:22.180,8.48528,8.48675,1.00,1.00
2017.01.17 10:13:22.231,8.48538,8.48685,1.00,1.00
2017.01.17 10:13:22.966,8.48529,8.48676,1.00,1.00
2017.01.17 10:13:23.313,8.48492,8.48639,1.00,1.00
2017.01.17 10:13:23.684,8.48507,8.48654,1.00,1.00
2017.01.17 10:13:24.328,8.4851,8.48658,1.00,1.00
2017.01.17 10:13:25.311,8.48517,8.48662,1.00,1.00
2017.01.17 10:13:25.424,8.4851,8.48657,1.00,1.00
2017.01.17 10:13:26.001,8.48521,8.48666,1.00,1.00
2017.01.17 10:13:27.350,8.48524,8.48671,1.00,1.00
2017.01.17 10:13:28.329,8.4852,8.48667,1.00,1.00
2017.01.17 10:13:28.667,8.48513,8.4866,1.00,1.00
2017.01.17 10:13:29.056,8.48515,8.48647,1.00,1.00
2017.01.17 10:13:29.403,8.48515,8.48653,1.00,1.00
2017.01.17 10:13:31.304,8.48515,8.4864,1.00,1.00
2017.01.17 10:13:31.607,8.48515,8.48618,1.00,1.00
2017.01.17 10:13:31.926,8.48495,8.48605,1.00,1.00
2017.01.17 10:13:31.977,8.48474,8.48623,1.00,1.00
2017.01.17 10:13:32.128,8.48495,8.48641,1.00,1.00
2017.01.17 10:13:32.436,8.48515,8.48662,1.00,1.00
2017.01.17 10:13:32.537,8.48532,8.48662,1.00,1.00
2017.01.17 10:13:33.208,8.48532,8.4866,1.00,1.00
2017.01.17 10:13:34.987,8.48532,8.48657,1.00,1.00
2017.01.17 10:13:35.672,8.48532,8.48635,1.00,1.00
2017.01.17 10:13:35.723,8.48511,8.48635,1.00,1.00
2017.01.17 10:13:35.775,8.48492,8.48635,1.00,1.00
2017.01.17 10:13:35.826,8.48503,8.48652,1.00,1.00
2017.01.17 10:13:35.977,8.48521,8.48657,1.00,1.00
2017.01.17 10:13:36.078,8.48505,8.48654,1.00,1.00
2017.01.17 10:13:36.129,8.48515,8.48654,1.00,1.00
2017.01.17 10:13:36.525,8.48515,8.48649,1.00,1.00
2017.01.17 10:13:39.300,8.48515,8.48638,1.00,1.00
2017.01.17 10:13:39.553,8.48482,8.48639,1.00,1.00
2017.01.17 10:13:39.754,8.48506,8.48639,1.00,1.00
2017.01.17 10:13:39.991,8.48506,8.48651,1.00,1.00
2017.01.17 10:13:41.009,8.48506,8.48653,1.00,1.00
2017.01.17 10:13:41.467,8.48506,8.48657,1.00,1.00
2017.01.17 10:13:42.147,8.48506,8.48651,1.00,1.00
2017.01.17 10:13:42.356,8.48486,8.48645,1.00,1.00
2017.01.17 10:13:42.407,8.4848,8.48638,1.00,1.00
2017.01.17 10:13:43.118,8.4848,8.48634,1.00,1.00
2017.01.17 10:13:44.152,8.4849,8.48645,1.00,1.00
2017.01.17 10:13:44.253,8.48513,8.48656,1.00,1.00
2017.01.17 10:13:44.622,8.48513,8.48646,1.00,1.00
2017.01.17 10:13:44.874,8.48486,8.48635,1.00,1.00
2017.01.17 10:13:45.678,8.48486,8.48639,1.00,1.00
2017.01.17 10:13:46.157,8.48486,8.48648,1.00,1.00
2017.01.17 10:13:47.864,8.48486,8.48643,1.00,1.00
2017.01.17 10:13:48.194,8.48506,8.48643,1.00,1.00
2017.01.17 10:13:48.835,8.48487,8.48647,1.00,1.00
2017.01.17 10:13:49.029,8.48487,8.48638,1.00,1.00
2017.01.17 10:13:50.056,8.48487,8.48629,1.00,1.00
2017.01.17 10:13:50.488,8.48487,8.48634,1.00,1.00
2017.01.17 10:13:51.416,8.48487,8.48645,1.00,1.00
2017.01.17 10:13:52.467,8.48487,8.48641,1.00,1.00
2017.01.17 10:13:53.033,8.48487,8.48633,1.00,1.00
2017.01.17 10:13:53.143,8.48473,8.48627,1.00,1.00
2017.01.17 10:13:53.418,8.48468,8.48625,1.00,1.00
2017.01.17 10:13:53.570,8.4846,8.48603,1.00,1.00
2017.01.17 10:13:53.672,8.4846,8.48615,1.00,1.00
2017.01.17 10:13:53.773,8.4846,8.4861,1.00,1.00
2017.01.17 10:13:56.096,8.4846,8.48608,1.00,1.00
2017.01.17 10:13:56.894,8.4846,8.48618,1.00,1.00
2017.01.17 10:13:56.944,8.48469,8.48627,1.00,1.00
2017.01.17 10:13:57.285,8.4848,8.48627,1.00,1.00
2017.01.17 10:13:57.554,8.4848,8.48639,1.00,1.00
2017.01.17 10:13:57.908,8.48473,8.48629,1.00,1.00
2017.01.17 10:13:58.172,8.48466,8.48625,1.00,1.00
2017.01.17 10:13:58.324,8.48452,8.48611,1.00,1.00
2017.01.17 10:13:58.652,8.48466,8.48611,1.00,1.00
2017.01.17 10:13:59.298,8.48466,8.48607,1.00,1.00
2017.01.17 10:13:59.961,8.48466,8.48596,1.00,1.00
2017.01.17 10:14:00.264,8.48466,8.48586,1.00,1.00
2017.01.17 10:14:00.456,8.4843,8.48586,1.00,1.00
2017.01.17 10:14:01.041,8.48424,8.48583,1.00,1.00
2017.01.17 10:14:03.010,8.4844,8.48599,1.00,1.00
2017.01.17 10:14:03.372,8.48449,8.48608,1.00,1.00
2017.01.17 10:14:03.776,8.48432,8.48591,1.00,1.00
2017.01.17 10:14:04.079,8.48399,8.48555,1.00,1.00
2017.01.17 10:14:04.180,8.48384,8.48542,1.00,1.00
2017.01.17 10:14:05.051,8.4839,8.48551,1.00,1.00
2017.01.17 10:14:05.603,8.48424,8.48571,1.00,1.00
2017.01.17 10:14:06.616,8.48427,8.48574,1.00,1.50
2017.01.17 10:14:07.436,8.48407,8.48547,1.00,1.00
2017.01.17 10:14:07.740,8.48407,8.48511,1.00,1.00
2017.01.17 10:14:08.150,8.48407,8.48469,1.00,1.00
2017.01.17 10:14:08.201,8.48322,8.48469,1.00,1.00
2017.01.17 10:14:08.732,8.48336,8.48481,1.00,1.00
2017.01.17 10:14:08.883,8.48352,8.48499,1.00,1.00
2017.01.17 10:14:09.670,8.48361,8.48506,1.00,1.00
2017.01.17 10:14:10.657,8.4838,8.4852,1.00,1.00
2017.01.17 10:14:10.859,8.48395,8.48542,1.00,1.00
2017.01.17 10:14:11.123,8.48401,8.48542,1.00,1.00
2017.01.17 10:14:11.824,8.48401,8.48547,1.00,1.00
2017.01.17 10:14:12.246,8.48401,8.4854,1.00,1.00
2017.01.17 10:14:12.547,8.48401,8.48512,1.00,1.00
2017.01.17 10:14:12.813,8.48369,8.48512,1.00,1.00
2017.01.17 10:14:13.455,8.48369,8.48511,1.00,1.00
2017.01.17 10:14:14.017,8.48374,8.48519,1.00,1.00
2017.01.17 10:14:14.219,8.48381,8.48529,1.00,1.00
2017.01.17 10:14:14.872,8.4839,8.48534,1.00,1.50
2017.01.17 10:14:15.731,8.48388,8.48533,1.00,1.00
2017.01.17 10:14:15.896,8.48377,8.48524,1.00,1.00
2017.01.17 10:14:16.881,8.4838,8.48527,1.00,1.00
2017.01.17 10:14:21.132,8.48393,8.4854,1.00,1.00
2017.01.17 10:14:21.183,8.48399,8.48547,1.00,1.50
2017.01.17 10:14:21.537,8.48415,8.48562,1.00,1.00
2017.01.17 10:14:21.839,8.48427,8.48572,1.00,1.00
2017.01.17 10:14:22.511,8.48419,8.48564,1.00,1.00
2017.01.17 10:14:22.865,8.48419,8.48553,1.00,1.00
2017.01.17 10:14:23.196,8.48406,8.48553,1.00,1.00
2017.01.17 10:14:23.506,8.48414,8.48559,1.00,1.00
2017.01.17 10:14:23.708,8.48404,8.48551,1.00,1.00
2017.01.17 10:14:24.660,8.48405,8.48552,1.00,1.00
2017.01.17 10:14:26.108,8.48408,8.48555,1.00,1.00
2017.01.17 10:14:28.195,8.48425,8.48563,1.00,1.00
2017.01.17 10:14:28.449,8.48446,8.48587,1.00,1.00
2017.01.17 10:14:28.500,8.4846,8.48587,1.00,1.00
2017.01.17 10:14:28.857,8.4846,8.48605,1.00,1.00
2017.01.17 10:14:29.317,8.48469,8.48616,1.00,1.00
2017.01.17 10:14:29.419,8.48481,8.48619,1.00,1.00
2017.01.17 10:14:29.740,8.48475,8.4861,1.00,1.00
2017.01.17 10:14:30.053,8.48475,8.486,1.00,1.00
2017.01.17 10:14:30.154,8.48453,8.486,1.00,1.00
2017.01.17 10:14:30.439,8.48452,8.4859,1.00,1.00
2017.01.17 10:14:30.804,8.48452,8.48599,1.50,1.00
2017.01.17 10:14:32.656,8.48452,8.48595,1.00,1.00
2017.01.17 10:14:33.108,8.48452,8.48589,1.00,1.00
2017.01.17 10:14:33.409,8.48452,8.4855,1.00,1.00
2017.01.17 10:14:33.460,8.48428,8.4855,1.00,1.00
2017.01.17 10:14:33.738,8.48404,8.4855,1.00,1.00
2017.01.17 10:14:34.323,8.48404,8.48544,1.00,1.00
2017.01.17 10:14:35.289,8.48404,8.48548,1.00,1.00
2017.01.17 10:14:35.404,8.48411,8.48558,1.00,1.00
2017.01.17 10:14:35.455,8.48418,8.48565,1.00,1.00
2017.01.17 10:14:35.842,8.48434,8.48571,1.00,1.00
2017.01.17 10:14:35.944,8.48434,8.48581,1.00,1.00
2017.01.17 10:14:36.393,8.48428,8.48556,1.00,1.00
2017.01.17 10:14:39.148,8.48428,8.48558,1.00,1.00
2017.01.17 10:14:39.199,8.48428,8.48572,1.00,1.00
2017.01.17 10:14:39.501,8.48428,8.48557,1.00,1.00
2017.01.17 10:14:39.768,8.48405,8.48557,1.00,1.00
2017.01.17 10:14:40.314,8.48405,8.48551,1.00,1.00
2017.01.17 10:14:40.842,8.48405,8.48556,1.00,1.00
2017.01.17 10:14:40.893,8.48405,8.48565,1.00,1.00
2017.01.17 10:14:41.045,8.48405,8.48572,1.00,1.00
2017.01.17 10:14:42.065,8.48405,8.48567,1.00,1.00
2017.01.17 10:14:42.367,8.48405,8.48552,1.00,1.00
2017.01.17 10:14:43.066,8.48405,8.4856,1.00,1.00
2017.01.17 10:14:43.719,8.48405,8.48566,1.00,1.00
2017.01.17 10:14:43.826,8.48405,8.48572,1.00,1.00
2017.01.17 10:14:44.751,8.4841,8.48572,1.00,1.50
2017.01.17 10:14:46.526,8.48405,8.48566,1.00,1.00
2017.01.17 10:14:46.843,8.48405,8.48556,1.00,1.00
2017.01.17 10:14:47.933,8.48405,8.48563,1.00,1.00
2017.01.17 10:14:48.084,8.48405,8.48555,1.00,1.00
2017.01.17 10:14:50.152,8.48405,8.48558,1.00,1.00
2017.01.17 10:14:54.137,8.48405,8.4856,1.00,1.00
2017.01.17 10:14:55.007,8.4841,8.48572,1.00,1.50
2017.01.17 10:14:55.058,8.48417,8.48562,1.00,1.00
2017.01.17 10:14:55.260,8.48435,8.48582,1.00,1.00
2017.01.17 10:14:55.311,8.48449,8.48586,1.00,1.00
2017.01.17 10:14:55.574,8.48437,8.48586,1.00,1.00
2017.01.17 10:14:55.626,8.48419,8.48582,1.00,1.00
2017.01.17 10:14:56.039,8.48432,8.48586,1.00,1.00
2017.01.17 10:14:56.404,8.48446,8.48596,1.00,1.00
2017.01.17 10:14:58.619,8.48446,8.48592,1.00,1.00
2017.01.17 10:15:00.185,8.48446,8.486,1.00,1.00
2017.01.17 10:15:00.237,8.48446,8.48607,1.00,1.00
2017.01.17 10:15:00.288,8.48469,8.48607,1.00,1.00
2017.01.17 10:15:00.617,8.48469,8.48617,1.00,1.00
2017.01.17 10:15:00.668,8.4845,8.48603,1.00,1.00
2017.01.17 10:15:00.769,8.48445,8.48603,1.00,1.00
2017.01.17 10:15:01.072,8.4847,8.48603,1.00,1.00
2017.01.17 10:15:01.122,8.4847,8.48611,1.00,1.00
2017.01.17 10:15:01.442,8.4847,8.4863,1.00,1.00
2017.01.17 10:15:01.543,8.48483,8.48635,1.00,1.00
2017.01.17 10:15:01.885,8.48517,8.48663,1.00,1.00
2017.01.17 10:15:02.101,8.48517,8.48674,1.00,1.00
2017.01.17 10:15:02.550,8.48517,8.48662,1.00,1.00
2017.01.17 10:15:02.926,8.48517,8.48653,1.00,1.00
2017.01.17 10:15:02.977,8.48498,8.48642,1.00,1.00
2017.01.17 10:15:03.028,8.48493,8.48642,1.00,1.00
2017.01.17 10:15:03.944,8.48493,8.48638,1.00,1.00
2017.01.17 10:15:04.733,8.48493,8.48636,1.00,1.00
2017.01.17 10:15:05.282,8.48493,8.48623,1.00,1.00
2017.01.17 10:15:05.383,8.48473,8.48623,1.00,1.00
2017.01.17 10:15:05.434,8.48469,8.48623,1.00,1.00
2017.01.17 10:15:06.191,8.48469,8.48618,1.00,1.00
2017.01.17 10:15:07.094,8.48469,8.48602,1.00,1.00
2017.01.17 10:15:07.199,8.4845,8.48592,1.00,1.00
2017.01.17 10:15:07.250,8.48437,8.48592,1.00,1.00
2017.01.17 10:15:08.071,8.48437,8.48594,1.00,1.00
2017.01.17 10:15:09.166,8.48437,8.48593,1.00,1.00
2017.01.17 10:15:09.483,8.48437,8.48604,1.00,1.50
2017.01.17 10:15:09.533,8.48444,8.48604,1.00,1.00
2017.01.17 10:15:09.686,8.48461,8.48628,1.00,1.00
2017.01.17 10:15:09.880,8.48485,8.48631,1.00,1.00
2017.01.17 10:15:10.628,8.48485,8.48626,1.00,1.00
2017.01.17 10:15:11.533,8.48485,8.48624,1.00,1.00
2017.01.17 10:15:11.870,8.48485,8.486,1.00,1.00
2017.01.17 10:15:11.983,8.48465,8.486,1.00,1.00
2017.01.17 10:15:12.084,8.48461,8.486,1.00,1.00
2017.01.17 10:15:12.741,8.48461,8.48596,1.00,1.00
2017.01.17 10:15:13.743,8.48461,8.48591,1.00,1.00
2017.01.17 10:15:16.190,8.48442,8.48591,1.00,1.00
2017.01.17 10:15:16.734,8.48441,8.48591,1.00,1.00
2017.01.17 10:15:16.785,8.48441,8.48564,1.00,1.00
2017.01.17 10:15:16.987,8.48441,8.48578,1.00,1.00
2017.01.17 10:15:17.038,8.48441,8.48595,1.00,1.00
2017.01.17 10:15:17.709,8.48441,8.48583,1.00,1.00
2017.01.17 10:15:18.003,8.48441,8.48589,1.00,1.00
2017.01.17 10:15:18.768,8.48441,8.48571,1.00,1.00
2017.01.17 10:15:18.884,8.48441,8.48585,1.00,1.00
2017.01.17 10:15:19.065,8.48441,8.48573,1.00,1.00
2017.01.17 10:15:19.115,8.48441,8.48587,1.00,1.00
2017.01.17 10:15:19.669,8.48441,8.48566,1.00,1.00
2017.01.17 10:15:19.720,8.48422,8.48566,1.00,1.00
2017.01.17 10:15:19.792,8.48418,8.48566,1.00,1.00
2017.01.17 10:15:19.965,8.48418,8.48579,1.00,1.00
2017.01.17 10:15:20.016,8.48424,8.48573,1.00,1.00
2017.01.17 10:15:20.337,8.48449,8.48588,1.00,1.00
2017.01.17 10:15:20.611,8.48465,8.48614,1.00,1.00
2017.01.17 10:15:20.813,8.48473,8.48614,1.00,1.00
2017.01.17 10:15:20.879,8.48482,8.48629,1.00,1.00
2017.01.17 10:15:21.137,8.48493,8.4864,1.00,1.00
2017.01.17 10:15:21.708,8.48487,8.48636,1.00,1.00
2017.01.17 10:15:22.868,8.48482,8.48631,1.00,1.00
2017.01.17 10:15:23.512,8.48482,8.48629,1.00,1.00
2017.01.17 10:15:23.890,8.48477,8.48626,1.00,1.00
2017.01.17 10:15:24.190,8.48485,8.48634,1.00,1.00
2017.01.17 10:15:24.583,8.48473,8.48621,1.50,1.00
2017.01.17 10:15:24.939,8.48473,8.48612,1.00,1.00
2017.01.17 10:15:25.411,8.48473,8.48614,1.00,1.00
2017.01.17 10:15:26.244,8.48473,8.48608,1.00,1.00
2017.01.17 10:15:27.555,8.48473,8.48591,1.00,1.00
2017.01.17 10:15:27.656,8.48454,8.48583,1.00,1.00
2017.01.17 10:15:27.707,8.48447,8.48572,1.00,1.00
2017.01.17 10:15:27.960,8.48426,8.48563,1.00,1.00
2017.01.17 10:15:28.061,8.48424,8.48563,1.00,1.00
2017.01.17 10:15:28.162,8.48424,8.48573,1.00,1.00
2017.01.17 10:15:28.418,8.48461,8.48587,1.00,1.00
2017.01.17 10:15:28.571,8.48461,8.48607,1.00,1.00
2017.01.17 10:15:28.672,8.48461,8.4861,1.00,1.00
2017.01.17 10:15:29.385,8.48457,8.48608,1.00,1.00
2017.01.17 10:15:29.536,8.48452,8.48607,1.00,1.60
2017.01.17 10:15:29.844,8.48391,8.48519,1.00,1.00
2017.01.17 10:15:29.952,8.48356,8.48499,1.00,1.00
2017.01.17 10:15:30.104,8.48356,8.48478,1.00,1.00
2017.01.17 10:15:30.154,8.48336,8.48478,1.00,1.00
2017.01.17 10:15:30.205,8.48332,8.48478,1.00,1.00
2017.01.17 10:15:30.474,8.48332,8.48457,1.00,1.00
2017.01.17 10:15:30.626,8.48297,8.48436,1.00,1.00
2017.01.17 10:15:31.438,8.48297,8.48443,1.00,1.00
2017.01.17 10:15:31.681,8.48297,8.48433,1.00,1.00
2017.01.17 10:15:32.096,8.48297,8.48442,1.00,1.00
2017.01.17 10:15:32.147,8.48305,8.48454,1.00,1.00
2017.01.17 10:15:32.198,8.48297,8.48437,1.00,1.00
2017.01.17 10:15:32.299,8.48303,8.48453,1.00,1.00
2017.01.17 10:15:32.400,8.48297,8.48435,1.00,1.00
2017.01.17 10:15:32.451,8.48284,8.48435,1.00,1.00
2017.01.17 10:15:32.854,8.48276,8.48414,1.00,1.00
2017.01.17 10:15:32.905,8.48281,8.48431,1.00,1.00
2017.01.17 10:15:33.056,8.48293,8.48431,1.00,1.00
2017.01.17 10:15:33.229,8.48295,8.48443,1.00,1.00
2017.01.17 10:15:33.280,8.48311,8.48443,1.00,1.00
2017.01.17 10:15:33.353,8.48311,8.48462,1.00,1.00
2017.01.17 10:15:34.114,8.48326,8.48469,1.00,1.00
2017.01.17 10:15:34.266,8.48339,8.48485,1.00,1.00
2017.01.17 10:15:34.619,8.48339,8.48477,1.00,1.00
2017.01.17 10:15:35.612,8.48339,8.48482,1.00,1.00
2017.01.17 10:15:36.365,8.48339,8.4847,1.00,1.00
2017.01.17 10:15:36.443,8.4832,8.4847,1.00,1.00
2017.01.17 10:15:36.965,8.48319,8.4847,1.00,1.00
2017.01.17 10:15:37.351,8.48316,8.48466,1.50,1.00
2017.01.17 10:15:39.226,8.48317,8.48467,1.00,1.00
2017.01.17 10:15:39.760,8.48315,8.48479,1.00,1.60
2017.01.17 10:15:40.081,8.48291,8.48417,1.00,1.00
2017.01.17 10:15:40.183,8.4827,8.48417,1.00,1.00
2017.01.17 10:15:40.384,8.4827,8.48402,1.00,1.00
2017.01.17 10:15:40.556,8.48251,8.48402,1.00,1.00
2017.01.17 10:15:40.757,8.48246,8.48384,1.00,1.00
2017.01.17 10:15:41.060,8.48246,8.48361,1.00,1.00
2017.01.17 10:15:41.161,8.48221,8.48361,1.00,1.00
2017.01.17 10:15:42.066,8.48221,8.48359,1.00,1.00
2017.01.17 10:15:42.266,8.48231,8.48382,1.00,1.00
2017.01.17 10:15:42.468,8.48247,8.48388,1.00,1.00
2017.01.17 10:15:42.570,8.48248,8.48398,1.00,1.00
2017.01.17 10:15:43.420,8.48248,8.48395,1.00,1.00
2017.01.17 10:15:43.790,8.48255,8.48406,1.00,1.00
2017.01.17 10:15:43.841,8.4827,8.48415,1.00,1.00
2017.01.17 10:15:44.011,8.48279,8.48429,1.00,1.00
2017.01.17 10:15:44.164,8.48302,8.48453,1.00,1.00
2017.01.17 10:15:45.183,8.48307,8.48458,1.00,1.00
2017.01.17 10:15:45.486,8.48324,8.48466,1.00,1.00
2017.01.17 10:15:45.587,8.48324,8.48475,1.00,1.00
2017.01.17 10:15:48.943,8.48355,8.4849,1.00,1.00
2017.01.17 10:15:48.993,8.48355,8.48506,1.00,1.00
2017.01.17 10:15:49.195,8.48355,8.48487,1.00,1.00
2017.01.17 10:15:49.296,8.48355,8.48506,1.00,1.00
2017.01.17 10:15:49.757,8.4835,8.48515,1.00,1.00
2017.01.17 10:15:49.858,8.48335,8.48481,1.00,1.00
2017.01.17 10:15:50.445,8.48339,8.48484,1.00,1.00
2017.01.17 10:15:50.573,8.48326,8.48475,1.00,1.00
2017.01.17 10:15:50.674,8.48317,8.48457,1.00,1.00
2017.01.17 10:15:51.058,8.48311,8.48451,1.00,1.00
2017.01.17 10:15:51.374,8.48311,8.48431,1.00,1.00
2017.01.17 10:15:51.560,8.48288,8.48431,1.00,1.00
2017.01.17 10:15:51.661,8.48264,8.48406,1.00,1.00
2017.01.17 10:15:51.914,8.4824,8.48389,1.00,1.00
2017.01.17 10:15:52.015,8.4824,8.48376,1.00,1.00
2017.01.17 10:15:52.366,8.48245,8.48376,1.00,1.00
2017.01.17 10:15:52.416,8.48245,8.48394,1.00,1.00
2017.01.17 10:15:52.612,8.48259,8.48408,1.00,1.50
2017.01.17 10:15:53.125,8.48272,8.48408,1.00,1.00
2017.01.17 10:15:53.430,8.48301,8.48432,1.00,1.00
2017.01.17 10:15:54.208,8.48301,8.4845,1.00,1.00
2017.01.17 10:15:54.309,8.48298,8.48445,1.00,1.00
2017.01.17 10:15:54.981,8.48291,8.4844,1.00,1.00
2017.01.17 10:15:55.132,8.48289,8.48426,1.00,1.00
2017.01.17 10:15:56.246,8.48289,8.48424,1.00,1.00
2017.01.17 10:15:57.067,8.48289,8.48433,1.50,1.00
2017.01.17 10:15:59.050,8.48293,8.48433,1.00,1.00
2017.01.17 10:15:59.101,8.48289,8.48433,1.00,1.00
2017.01.17 10:16:00.055,8.48289,8.48429,1.00,1.00
2017.01.17 10:16:00.315,8.4828,8.48429,1.00,1.00
2017.01.17 10:16:00.642,8.48287,8.48433,1.00,1.00
2017.01.17 10:16:00.951,8.48298,8.48433,1.00,1.00
2017.01.17 10:16:01.010,8.48298,8.48447,1.00,1.00
2017.01.17 10:16:01.061,8.48308,8.48455,1.00,1.50
2017.01.17 10:16:02.815,8.48293,8.48442,1.00,1.00
2017.01.17 10:16:05.415,8.48291,8.4844,1.00,1.00
2017.01.17 10:16:06.800,8.48294,8.48443,1.00,1.00
2017.01.17 10:16:07.750,8.48296,8.48445,1.00,1.00
2017.01.17 10:16:09.020,8.48296,8.48455,1.00,1.00
2017.01.17 10:16:09.070,8.48305,8.48455,1.00,1.00
2017.01.17 10:16:09.378,8.48357,8.48475,1.00,1.00
2017.01.17 10:16:09.479,8.48357,8.48506,1.00,1.00
2017.01.17 10:16:09.530,8.48334,8.48483,1.00,1.00
2017.01.17 10:16:09.832,8.48311,8.4846,1.02,1.00
2017.01.17 10:16:10.163,8.4831,8.48444,1.02,1.00
2017.01.17 10:16:10.314,8.48276,8.48411,1.00,1.00
2017.01.17 10:16:10.466,8.48263,8.48411,1.00,1.00
2017.01.17 10:16:10.572,8.48252,8.48401,1.00,1.00
2017.01.17 10:16:11.576,8.48251,8.48397,1.00,1.00
2017.01.17 10:16:13.160,8.48251,8.48384,1.00,1.00
2017.01.17 10:16:14.332,8.48251,8.48387,1.00,1.00
2017.01.17 10:16:16.150,8.48241,8.48387,1.00,1.00
2017.01.17 10:16:16.377,8.48276,8.48393,1.00,1.00
2017.01.17 10:16:16.428,8.48249,8.48393,1.00,1.00
2017.01.17 10:16:16.580,8.48252,8.48398,1.00,1.00
2017.01.17 10:16:16.890,8.48252,8.48384,1.00,1.00
2017.01.17 10:16:17.092,8.48235,8.48384,1.00,1.00
2017.01.17 10:16:17.856,8.48232,8.48378,1.00,1.00
2017.01.17 10:16:19.155,8.48227,8.48369,1.00,1.00
2017.01.17 10:16:19.546,8.48227,8.48348,1.00,1.00
2017.01.17 10:16:19.802,8.4817,8.48319,1.00,1.00
2017.01.17 10:16:19.903,8.48156,8.48297,1.00,1.00
2017.01.17 10:16:20.004,8.48149,8.48297,1.00,1.00
2017.01.17 10:16:20.661,8.48135,8.4823,1.00,1.00
2017.01.17 10:16:20.763,8.48115,8.4823,1.00,1.00
2017.01.17 10:16:20.814,8.48092,8.4823,1.00,1.00
2017.01.17 10:16:20.883,8.48072,8.48209,1.00,1.00
2017.01.17 10:16:20.984,8.4806,8.48209,1.00,1.00
2017.01.17 10:16:21.287,8.48066,8.48214,1.00,1.00
2017.01.17 10:16:21.596,8.48048,8.48186,1.00,1.00
2017.01.17 10:16:22.122,8.48035,8.48184,1.00,1.00
2017.01.17 10:16:22.379,8.48045,8.48186,1.00,1.00
2017.01.17 10:16:22.843,8.48084,8.48186,1.00,1.00
2017.01.17 10:16:22.894,8.48084,8.48206,1.00,1.00
2017.01.17 10:16:22.945,8.48084,8.48233,1.00,1.00
2017.01.17 10:16:22.996,8.48077,8.48185,1.00,1.00
2017.01.17 10:16:23.299,8.48077,8.48154,1.00,1.00
2017.01.17 10:16:23.911,8.48018,8.48167,1.00,1.00
2017.01.17 10:16:24.837,8.48019,8.48168,1.00,1.00
2017.01.17 10:16:25.971,8.48015,8.48164,1.00,1.00
2017.01.17 10:16:27.226,8.48024,8.48171,1.00,1.00
2017.01.17 10:16:27.429,8.48016,8.48165,1.00,1.00
2017.01.17 10:16:27.479,8.48027,8.48176,1.00,1.00
2017.01.17 10:16:27.820,8.48015,8.48164,1.00,1.00
2017.01.17 10:16:28.135,8.48,8.48149,1.00,1.00
2017.01.17 10:16:28.775,8.48021,8.48168,1.00,1.00
2017.01.17 10:16:29.079,8.48031,8.48178,1.00,1.00
2017.01.17 10:16:29.745,8.48024,8.48173,1.00,1.00
2017.01.17 10:16:30.747,8.48023,8.48172,1.00,1.00
2017.01.17 10:16:31.213,8.48036,8.48185,1.00,1.00
2017.01.17 10:16:32.185,8.48029,8.48178,1.00,1.00
2017.01.17 10:16:33.634,8.48023,8.48172,1.00,1.00
2017.01.17 10:16:35.228,8.48021,8.48168,1.00,1.00
2017.01.17 10:16:35.458,8.48014,8.48163,1.00,1.00
2017.01.17 10:16:35.509,8.48006,8.48153,1.00,1.00
2017.01.17 10:16:36.166,8.47997,8.48146,1.00,1.00
2017.01.17 10:16:37.193,8.47993,8.48142,1.00,1.00
2017.01.17 10:16:38.100,8.4799,8.48134,1.00,1.00
2017.01.17 10:16:39.100,8.4799,8.48138,1.00,1.00
2017.01.17 10:16:39.636,8.48001,8.4815,1.00,1.00
2017.01.17 10:16:40.748,8.48007,8.48156,1.00,1.00
2017.01.17 10:16:41.090,8.48025,8.48173,1.00,1.00
2017.01.17 10:16:41.380,8.4804,8.48189,1.50,1.00
2017.01.17 10:16:41.741,8.4804,8.48175,1.00,1.00
2017.01.17 10:16:41.953,8.48032,8.48181,1.00,1.00
2017.01.17 10:16:42.942,8.4804,8.48183,1.00,1.00
2017.01.17 10:16:45.386,8.48039,8.48183,1.00,1.00
2017.01.17 10:16:46.311,8.48031,8.4818,1.00,1.00
2017.01.17 10:16:46.438,8.48025,8.48174,1.00,1.00
2017.01.17 10:16:47.368,8.48021,8.48168,1.00,1.00
2017.01.17 10:16:47.764,8.48031,8.48178,1.00,1.00
2017.01.17 10:16:48.800,8.48041,8.48183,1.00,1.00
2017.01.17 10:16:48.985,8.48033,8.4818,1.00,1.00
2017.01.17 10:16:49.939,8.48027,8.48176,1.00,1.00
2017.01.17 10:16:50.374,8.48021,8.48168,1.00,1.00
2017.01.17 10:16:50.718,8.48016,8.4814,1.00,1.00
2017.01.17 10:16:51.039,8.47996,8.48129,1.00,1.00
2017.01.17 10:16:51.090,8.4798,8.48129,1.00,1.00
2017.01.17 10:16:51.379,8.47993,8.48134,1.00,1.00
2017.01.17 10:16:52.282,8.48004,8.48134,1.00,1.00
2017.01.17 10:16:52.599,8.48015,8.48157,1.00,1.00
2017.01.17 10:16:53.328,8.48014,8.48157,1.00,1.00
2017.01.17 10:16:53.809,8.48008,8.48157,1.00,1.50
2017.01.17 10:16:53.860,8.47991,8.4814,1.00,1.00
2017.01.17 10:16:54.744,8.4797,8.48088,1.00,1.00
2017.01.17 10:16:54.795,8.47947,8.48088,1.00,1.00
2017.01.17 10:16:54.950,8.47947,8.48096,1.00,1.00
2017.01.17 10:16:55.607,8.4794,8.48082,1.00,1.00
2017.01.17 10:16:55.658,8.47934,8.48081,1.60,1.00
2017.01.17 10:16:56.025,8.47934,8.48081,1.00,1.00
2017.01.17 10:16:56.177,8.47914,8.48061,1.00,1.00
2017.01.17 10:16:56.526,8.47891,8.48033,1.00,1.00
2017.01.17 10:16:56.871,8.47918,8.48058,1.00,1.00
2017.01.17 10:16:57.444,8.47895,8.48058,1.60,1.00
2017.01.17 10:16:57.545,8.4793,8.48076,1.00,1.00
2017.01.17 10:16:57.865,8.47939,8.48081,1.00,1.00
2017.01.17 10:16:58.063,8.47929,8.48078,1.00,1.00
2017.01.17 10:16:58.115,8.47916,8.4805,1.00,1.00
2017.01.17 10:16:58.254,8.47903,8.4805,1.00,1.00
2017.01.17 10:16:58.305,8.47919,8.48059,1.00,1.00
2017.01.17 10:16:58.979,8.47909,8.48056,1.00,1.00
2017.01.17 10:16:59.364,8.4792,8.48059,1.00,1.00
2017.01.17 10:17:01.120,8.47923,8.48059,1.00,1.00
2017.01.17 10:17:01.272,8.47938,8.48078,1.00,1.00
2017.01.17 10:17:01.373,8.47938,8.48081,1.00,1.00
2017.01.17 10:17:02.229,8.47944,8.48081,1.00,1.00
2017.01.17 10:17:02.538,8.47955,8.48081,1.00,1.00
2017.01.17 10:17:02.589,8.47963,8.4811,1.00,1.00
2017.01.17 10:17:02.842,8.4798,8.48112,1.00,1.00
2017.01.17 10:17:03.094,8.4798,8.48125,1.00,1.00
2017.01.17 10:17:03.361,8.4799,8.48137,1.00,1.50
2017.01.17 10:17:03.860,8.47998,8.48137,1.00,1.00
2017.01.17 10:17:04.824,8.47993,8.48137,1.00,1.00
2017.01.17 10:17:05.869,8.47997,8.48137,1.00,1.00
2017.01.17 10:17:06.349,8.47991,8.48137,1.00,1.00
2017.01.17 10:17:07.777,8.47991,8.48138,1.00,1.00
2017.01.17 10:17:08.755,8.47996,8.48141,1.00,1.00
2017.01.17 10:17:09.057,8.48006,8.48151,1.00,1.00
2017.01.17 10:17:09.481,8.48016,8.48156,1.00,1.00
2017.01.17 10:17:09.853,8.48027,8.48156,1.00,1.00
2017.01.17 10:17:09.904,8.48036,8.48176,1.00,1.00
2017.01.17 10:17:10.179,8.4805,8.48176,1.00,1.00
2017.01.17 10:17:10.280,8.4805,8.48197,1.00,1.00
2017.01.17 10:17:11.524,8.48047,8.48194,1.00,1.00
2017.01.17 10:17:12.680,8.48033,8.48179,1.00,1.00
2017.01.17 10:17:13.016,8.48033,8.48174,1.00,1.00
2017.01.17 10:17:13.504,8.48033,8.48178,1.00,1.00
2017.01.17 10:17:14.464,8.48033,8.48174,1.00,1.00
2017.01.17 10:17:15.110,8.48025,8.48168,1.00,1.00
2017.01.17 10:17:16.488,8.48006,8.48149,1.00,1.00
2017.01.17 10:17:16.791,8.48001,8.48127,1.00,1.00
2017.01.17 10:17:16.952,8.48001,8.48154,1.00,1.00
2017.01.17 10:17:17.003,8.47975,8.48137,1.00,1.00
2017.01.17 10:17:17.619,8.47975,8.48154,1.00,1.00
2017.01.17 10:17:17.670,8.47997,8.48159,1.00,1.00
2017.01.17 10:17:18.023,8.47997,8.48139,1.00,1.00
2017.01.17 10:17:18.707,8.47997,8.48159,1.00,1.00
2017.01.17 10:17:18.858,8.48014,8.48161,1.00,1.00
2017.01.17 10:17:19.893,8.48007,8.48156,1.00,1.00
2017.01.17 10:17:20.048,8.47997,8.48146,1.00,1.00
2017.01.17 10:17:20.352,8.47994,8.48114,1.00,1.00
2017.01.17 10:17:20.764,8.47965,8.48114,1.00,1.00
2017.01.17 10:17:21.172,8.47968,8.48116,1.00,1.00
2017.01.17 10:17:24.271,8.47969,8.48116,1.00,1.00
2017.01.17 10:17:25.195,8.47943,8.48088,1.00,1.00
2017.01.17 10:17:25.503,8.47943,8.48077,1.00,1.00
2017.01.17 10:17:26.837,8.47943,8.48084,1.00,1.00
2017.01.17 10:17:27.266,8.47948,8.48095,1.00,1.00
2017.01.17 10:17:27.367,8.47967,8.4811,1.00,1.00
2017.01.17 10:17:27.635,8.47985,8.4813,1.00,1.00
2017.01.17 10:17:28.402,8.47979,8.48126,1.00,1.00
2017.01.17 10:17:30.451,8.47981,8.48128,1.00,1.00
2017.01.17 10:17:31.633,8.47998,8.48137,1.00,1.00
2017.01.17 10:17:32.030,8.48024,8.48137,1.00,1.00
2017.01.17 10:17:32.206,8.48024,8.48171,1.00,1.00
2017.01.17 10:17:32.760,8.48025,8.48172,1.00,1.00
2017.01.17 10:17:33.735,8.48026,8.48173,1.00,1.00
2017.01.17 10:17:37.282,8.48022,8.48169,1.00,1.00
2017.01.17 10:17:39.465,8.48021,8.48168,1.00,1.00
2017.01.17 10:17:39.772,8.48048,8.48195,1.00,1.00
2017.01.17 10:17:40.074,8.48065,8.4821,1.00,1.00
2017.01.17 10:17:41.076,8.48065,8.48212,1.00,1.00
2017.01.17 10:17:42.088,8.48068,8.48215,1.00,1.00
2017.01.17 10:17:45.498,8.48065,8.48212,1.00,1.00
2017.01.17 10:17:46.749,8.48063,8.4821,1.00,1.00
2017.01.17 10:17:47.051,8.48053,8.482,1.00,1.00
2017.01.17 10:17:47.354,8.48049,8.48186,1.00,1.00
2017.01.17 10:17:47.405,8.48051,8.48197,1.00,1.00
2017.01.17 10:17:47.556,8.48066,8.48213,1.00,1.00
2017.01.17 10:17:47.658,8.48087,8.48216,1.00,1.00
2017.01.17 10:17:48.004,8.48102,8.48216,1.00,1.00
2017.01.17 10:17:48.055,8.48102,8.48249,1.00,1.00
2017.01.17 10:17:48.724,8.48102,8.48247,1.00,1.00
2017.01.17 10:17:49.758,8.48097,8.48244,1.00,1.00
2017.01.17 10:17:50.753,8.481,8.48247,1.00,1.00
2017.01.17 10:17:52.074,8.48105,8.48252,1.00,1.00
2017.01.17 10:17:52.155,8.48103,8.48252,1.00,1.00
2017.01.17 10:17:52.416,8.48114,8.48263,1.00,1.00
2017.01.17 10:17:52.719,8.48133,8.48282,1.00,1.00
2017.01.17 10:17:53.105,8.48146,8.48287,1.00,1.00
2017.01.17 10:17:53.156,8.4813,8.48275,1.00,1.00
2017.01.17 10:17:53.358,8.48131,8.48289,1.00,1.00
2017.01.17 10:17:53.776,8.48131,8.48263,1.00,1.00
2017.01.17 10:17:53.878,8.48122,8.48258,1.00,3.00
2017.01.17 10:17:53.929,8.48122,8.48271,1.00,1.00
2017.01.17 10:17:54.030,8.48124,8.48271,1.00,1.50
2017.01.17 10:17:54.131,8.4812,8.48271,1.00,1.00
2017.01.17 10:17:54.182,8.48141,8.48274,1.00,1.00
2017.01.17 10:17:54.283,8.48121,8.48274,1.00,1.00
2017.01.17 10:17:54.481,8.48121,8.48267,1.00,1.00
2017.01.17 10:17:54.685,8.48126,8.48281,1.00,1.00
2017.01.17 10:17:55.114,8.4813,8.4829,1.00,1.00
2017.01.17 10:17:56.401,8.48134,8.48291,1.00,1.00
2017.01.17 10:17:56.899,8.48126,8.48226,1.00,1.00
2017.01.17 10:17:57.001,8.48126,8.48248,1.00,3.00
2017.01.17 10:17:57.202,8.48101,8.48248,1.50,1.00
2017.01.17 10:17:57.354,8.48123,8.48268,1.00,1.50
2017.01.17 10:17:57.961,8.48101,8.48237,1.00,1.00
2017.01.17 10:17:58.214,8.48081,8.48218,1.00,1.00
2017.01.17 10:17:58.315,8.48087,8.48234,1.00,1.00
2017.01.17 10:17:58.870,8.48097,8.48248,1.00,1.00
2017.01.17 10:17:58.920,8.48118,8.48248,1.00,1.00
2017.01.17 10:17:59.022,8.48109,8.48245,1.00,1.00
2017.01.17 10:17:59.259,8.48118,8.48265,1.00,1.00
2017.01.17 10:17:59.310,8.48118,8.48254,1.00,1.00
2017.01.17 10:17:59.411,8.48122,8.48265,1.00,1.00
2017.01.17 10:17:59.619,8.48134,8.48281,1.00,1.00
2017.01.17 10:18:00.556,8.48126,8.48273,1.00,1.00
2017.01.17 10:18:00.900,8.48122,8.48247,1.00,1.00
2017.01.17 10:18:01.001,8.48101,8.48247,1.00,1.00
2017.01.17 10:18:01.374,8.48112,8.48257,1.00,1.00
2017.01.17 10:18:01.693,8.48113,8.48261,1.00,1.00
2017.01.17 10:18:01.895,8.48128,8.48266,1.00,1.00
2017.01.17 10:18:02.186,8.48128,8.48275,1.00,1.00
2017.01.17 10:18:02.457,8.48139,8.48286,1.00,1.00
2017.01.17 10:18:02.815,8.4813,8.48277,1.00,1.00
2017.01.17 10:18:03.140,8.48141,8.48288,1.00,1.00
2017.01.17 10:18:03.814,8.4815,8.48288,1.00,1.00
2017.01.17 10:18:04.124,8.4815,8.48284,1.00,1.00
2017.01.17 10:18:04.447,8.4815,8.48284,1.00,2.44
2017.01.17 10:18:04.497,8.4815,8.48284,1.00,1.00
2017.01.17 10:18:05.127,8.4815,8.48288,1.00,1.00
2017.01.17 10:18:05.504,8.4815,8.48293,1.00,1.00
2017.01.17 10:18:05.709,8.4815,8.48293,1.60,1.00
2017.01.17 10:18:05.760,8.4815,8.48317,1.00,1.00
2017.01.17 10:18:05.811,8.48152,8.48312,1.00,1.00
2017.01.17 10:18:06.131,8.48197,8.48365,1.00,1.00
2017.01.17 10:18:06.237,8.48177,8.48385,1.00,1.00
2017.01.17 10:18:06.304,8.48152,8.48437,1.00,1.00
2017.01.17 10:18:06.607,8.48173,8.48437,1.00,1.00
2017.01.17 10:18:06.712,8.48152,8.48437,1.00,1.00
2017.01.17 10:18:07.263,8.48169,8.48388,1.00,2.25
2017.01.17 10:18:07.318,8.48154,8.48439,1.00,1.37
2017.01.17 10:18:07.419,8.48172,8.48457,1.00,1.75
2017.01.17 10:18:07.722,8.48178,8.48318,1.60,2.40
2017.01.17 10:18:07.772,8.48178,8.48327,1.00,1.00
2017.01.17 10:18:07.873,8.482,8.48349,1.00,1.00
2017.01.17 10:18:08.176,8.48179,8.48328,1.00,1.00
2017.01.17 10:18:08.624,8.48188,8.48337,1.00,1.00
2017.01.17 10:18:09.526,8.48197,8.48346,1.00,1.00
2017.01.17 10:18:10.375,8.4819,8.48337,1.00,1.00
2017.01.17 10:18:10.843,8.48211,8.48358,1.00,1.00
2017.01.17 10:18:11.146,8.48171,8.4832,1.00,1.00
2017.01.17 10:18:11.196,8.48142,8.48291,1.00,1.00
2017.01.17 10:18:12.134,8.48131,8.48278,1.00,1.00
2017.01.17 10:18:12.859,8.48109,8.48258,1.00,1.00
2017.01.17 10:18:12.910,8.48131,8.48258,1.00,1.00
2017.01.17 10:18:12.961,8.48167,8.48298,1.00,1.00
2017.01.17 10:18:13.012,8.48178,8.48298,1.00,1.00
2017.01.17 10:18:13.114,8.48174,8.48322,1.00,1.00
2017.01.17 10:18:13.165,8.48174,8.48299,1.00,1.00
2017.01.17 10:18:13.314,8.48157,8.48316,1.00,1.00
2017.01.17 10:18:13.365,8.48175,8.48316,1.00,1.00
2017.01.17 10:18:13.415,8.48181,8.48346,1.00,1.00
2017.01.17 10:18:13.571,8.48205,8.48346,1.00,1.00
2017.01.17 10:18:13.622,8.48225,8.48381,1.00,1.00
2017.01.17 10:18:13.773,8.48265,8.48392,1.00,1.00
2017.01.17 10:18:14.027,8.48222,8.48367,1.00,1.00
2017.01.17 10:18:14.228,8.48222,8.48343,1.00,1.00
2017.01.17 10:18:14.396,8.4824,8.4839,1.00,1.00
2017.01.17 10:18:14.448,8.48222,8.48362,1.00,1.00
2017.01.17 10:18:14.550,8.48197,8.48358,1.00,1.00
2017.01.17 10:18:14.872,8.48191,8.48327,1.00,1.00
2017.01.17 10:18:15.175,8.48171,8.4833,1.00,1.00
2017.01.17 10:18:15.326,8.48171,8.48312,1.00,1.00
2017.01.17 10:18:15.377,8.48171,8.48335,1.00,1.00
2017.01.17 10:18:15.428,8.48188,8.48339,1.00,1.00
2017.01.17 10:18:15.529,8.48194,8.48349,1.00,1.00
2017.01.17 10:18:16.297,8.48197,8.48349,1.00,1.00
2017.01.17 10:18:18.094,8.48207,8.48349,1.00,1.00
2017.01.17 10:18:18.740,8.482,8.48349,1.00,1.50
2017.01.17 10:18:19.271,8.48207,8.48349,1.00,1.00
2017.01.17 10:18:19.620,8.48285,8.48389,1.00,1.00
2017.01.17 10:18:19.671,8.48264,8.48389,1.00,1.00
2017.01.17 10:18:19.722,8.48254,8.484,1.00,1.00
2017.01.17 10:18:19.772,8.48307,8.484,1.00,1.00
2017.01.17 10:18:19.924,8.48221,8.48373,1.00,1.00
2017.01.17 10:18:20.534,8.48231,8.48374,1.00,1.00
2017.01.17 10:18:20.735,8.48221,8.48366,1.00,1.00
2017.01.17 10:18:20.786,8.48214,8.48366,1.00,1.00
2017.01.17 10:18:21.117,8.48203,8.48357,1.00,1.00
2017.01.17 10:18:21.168,8.48199,8.4834,1.00,1.00
2017.01.17 10:18:21.269,8.48179,8.48323,1.00,1.00
2017.01.17 10:18:21.370,8.48176,8.48323,1.00,1.00
2017.01.17 10:18:22.096,8.48176,8.48312,1.00,1.00
2017.01.17 10:18:22.147,8.48161,8.48312,1.00,1.50
2017.01.17 10:18:22.334,8.48149,8.48301,1.00,1.00
2017.01.17 10:18:22.499,8.48145,8.48291,1.00,1.00
2017.01.17 10:18:22.727,8.4814,8.48289,1.00,1.00
2017.01.17 10:18:23.596,8.48134,8.48287,1.00,1.00
2017.01.17 10:18:23.884,8.48129,8.48282,1.00,1.00
2017.01.17 10:18:24.662,8.48124,8.48276,1.00,1.00
2017.01.17 10:18:25.703,8.48124,8.48275,1.00,1.00
2017.01.17 10:18:26.665,8.48126,8.48279,1.00,1.00
2017.01.17 10:18:27.708,8.4813,8.48283,1.00,1.00
2017.01.17 10:18:28.479,8.48122,8.48274,1.00,1.00
2017.01.17 10:18:28.801,8.48158,8.48289,1.00,1.00
2017.01.17 10:18:28.851,8.48158,8.48311,1.00,1.50
2017.01.17 10:18:29.355,8.48148,8.483,1.00,1.00
2017.01.17 10:18:29.664,8.48148,8.48286,1.00,1.00
2017.01.17 10:18:30.479,8.48158,8.48286,1.00,1.00
2017.01.17 10:18:30.682,8.48184,8.48326,1.00,1.00
2017.01.17 10:18:31.262,8.4818,8.48326,1.00,1.00
2017.01.17 10:18:31.709,8.48165,8.48315,1.00,1.00
2017.01.17 10:18:31.860,8.48165,8.48302,1.00,1.00
2017.01.17 10:18:32.267,8.48175,8.48302,1.00,1.00
2017.01.17 10:18:32.645,8.48175,8.48322,1.00,1.00
2017.01.17 10:18:32.696,8.48175,8.48328,1.00,1.00
2017.01.17 10:18:33.381,8.48179,8.48328,1.00,1.00
2017.01.17 10:18:33.993,8.48186,8.48328,1.00,1.00
2017.01.17 10:18:34.517,8.4818,8.48328,1.00,1.00
2017.01.17 10:18:34.568,8.48161,8.48312,1.00,1.00
2017.01.17 10:18:34.769,8.48161,8.48298,1.00,1.00
2017.01.17 10:18:34.971,8.48144,8.48298,1.00,1.00
2017.01.17 10:18:35.076,8.48144,8.48278,1.00,1.00
2017.01.17 10:18:35.559,8.48139,8.48293,1.00,1.00
2017.01.17 10:18:36.001,8.48133,8.48287,1.00,1.00
2017.01.17 10:18:36.963,8.48133,8.48285,1.00,1.00
2017.01.17 10:18:37.392,8.48133,8.48264,1.00,1.00
2017.01.17 10:18:37.594,8.48105,8.48252,1.00,1.00
2017.01.17 10:18:37.846,8.48105,8.48272,1.00,1.00
2017.01.17 10:18:37.897,8.48093,8.48232,1.00,1.00
2017.01.17 10:18:37.999,8.48122,8.48264,1.00,1.00
2017.01.17 10:18:38.330,8.48097,8.48264,1.00,1.00
2017.01.17 10:18:38.385,8.48097,8.48264,1.37,1.00
2017.01.17 10:18:38.758,8.48102,8.48418,1.00,1.50
2017.01.17 10:18:38.863,8.48114,8.48418,1.00,1.50
2017.01.17 10:18:39.217,8.48165,8.48342,1.00,1.00
2017.01.17 10:18:39.954,8.48169,8.48346,1.00,1.00
2017.01.17 10:18:40.280,8.48175,8.48351,1.00,1.00
2017.01.17 10:18:40.623,8.48175,8.48348,1.00,1.00
2017.01.17 10:18:40.724,8.48187,8.48361,1.00,1.00
2017.01.17 10:18:41.138,8.48177,8.48348,1.00,1.00
2017.01.17 10:18:41.475,8.48175,8.48333,1.00,1.00
2017.01.17 10:18:41.830,8.48171,8.48316,1.00,1.00
2017.01.17 10:18:42.178,8.48174,8.48316,1.00,1.00
2017.01.17 10:18:42.633,8.48186,8.48316,1.00,1.00
2017.01.17 10:18:42.684,8.48173,8.48316,1.00,1.00
2017.01.17 10:18:42.751,8.48182,8.48316,1.00,1.00
2017.01.17 10:18:43.620,8.48155,8.48316,1.00,1.00
2017.01.17 10:18:43.670,8.48163,8.48316,1.00,1.50
2017.01.17 10:18:43.771,8.48149,8.48316,1.00,1.00
2017.01.17 10:18:43.924,8.48153,8.48306,1.00,1.00
2017.01.17 10:18:44.411,8.48149,8.48308,1.00,1.00
2017.01.17 10:18:44.462,8.48149,8.48287,1.00,1.00
2017.01.17 10:18:44.690,8.48149,8.48306,1.00,1.00
2017.01.17 10:18:44.740,8.48149,8.48293,1.00,1.00
2017.01.17 10:18:45.214,8.4814,8.48293,1.00,1.00
2017.01.17 10:18:45.412,8.4814,8.48305,1.00,1.00
2017.01.17 10:18:45.512,8.4815,8.48324,1.50,1.00
2017.01.17 10:18:45.613,8.48169,8.48314,1.00,1.00
2017.01.17 10:18:45.916,8.48172,8.48337,1.00,1.00
2017.01.17 10:18:46.453,8.48183,8.48334,1.00,1.00
2017.01.17 10:18:48.224,8.48189,8.48337,1.00,1.00
2017.01.17 10:18:48.569,8.48195,8.48337,1.00,1.00
2017.01.17 10:18:48.671,8.48186,8.48337,1.00,1.00
2017.01.17 10:18:49.130,8.48206,8.48337,1.00,1.00
2017.01.17 10:18:49.282,8.48218,8.48361,1.00,1.00
2017.01.17 10:18:49.383,8.48218,8.48371,1.00,1.00
2017.01.17 10:18:49.484,8.48225,8.48383,1.00,1.00
2017.01.17 10:18:50.110,8.48219,8.48369,1.00,1.00
2017.01.17 10:18:51.079,8.48217,8.48367,1.00,1.00
2017.01.17 10:18:51.382,8.48217,8.4836,1.00,1.00
2017.01.17 10:18:51.879,8.48205,8.48358,1.00,1.00
2017.01.17 10:18:52.589,8.48205,8.48338,1.00,1.00
2017.01.17 10:18:52.911,8.48203,8.48338,1.00,1.00
2017.01.17 10:18:53.933,8.48196,8.48338,1.00,1.00
2017.01.17 10:18:54.204,8.48171,8.48318,1.00,1.00
2017.01.17 10:18:54.419,8.48171,8.48279,1.00,1.00
2017.01.17 10:18:54.722,8.48087,8.48239,1.00,1.00
2017.01.17 10:18:55.081,8.48108,8.48261,1.00,1.00
2017.01.17 10:18:55.932,8.48117,8.48268,1.00,1.00
2017.01.17 10:18:56.268,8.48123,8.48274,1.00,1.00
2017.01.17 10:18:57.637,8.48119,8.4827,1.00,1.00
2017.01.17 10:18:58.256,8.48109,8.48261,1.00,1.00
2017.01.17 10:18:59.345,8.48102,8.48255,1.00,1.00
2017.01.17 10:19:00.632,8.48105,8.48257,1.00,1.00
2017.01.17 10:19:02.245,8.48108,8.48259,1.00,1.00
2017.01.17 10:19:03.006,8.48097,8.4825,1.00,1.00
2017.01.17 10:19:03.515,8.48096,8.48249,1.00,1.00
2017.01.17 10:19:04.089,8.48093,8.48245,1.00,1.00
2017.01.17 10:19:04.542,8.48087,8.4824,1.00,1.00
2017.01.17 10:19:04.643,8.48078,8.4823,1.00,1.00
2017.01.17 10:19:05.235,8.48086,8.48239,1.00,1.00
2017.01.17 10:19:05.286,8.48113,8.48239,1.00,1.00
2017.01.17 10:19:05.536,8.48115,8.48263,1.00,1.00
2017.01.17 10:19:06.523,8.48122,8.48263,1.00,1.00
2017.01.17 10:19:06.828,8.48132,8.48263,1.00,1.00
2017.01.17 10:19:07.145,8.48152,8.48263,1.00,1.00
2017.01.17 10:19:07.246,8.48134,8.48263,1.00,1.00
2017.01.17 10:19:07.297,8.48121,8.48263,1.00,1.00
2017.01.17 10:19:07.549,8.48133,8.48263,1.00,1.00
2017.01.17 10:19:08.154,8.48133,8.48288,1.00,1.00
2017.01.17 10:19:08.356,8.4815,8.48307,1.00,1.00
2017.01.17 10:19:08.615,8.48145,8.483,1.00,1.00
2017.01.17 10:19:08.954,8.48136,8.48291,1.00,1.00
2017.01.17 10:19:09.615,8.48143,8.48296,1.00,1.00
2017.01.17 10:19:10.613,8.48141,8.48297,1.00,1.00
2017.01.17 10:19:11.023,8.48149,8.48302,1.00,1.00
2017.01.17 10:19:11.124,8.48163,8.48319,1.00,1.00
2017.01.17 10:19:11.846,8.48155,8.48311,1.00,1.00
2017.01.17 10:19:12.057,8.48156,8.48317,1.00,1.00
2017.01.17 10:19:12.108,8.48153,8.48304,1.00,1.00
2017.01.17 10:19:12.411,8.4816,8.4832,1.00,1.00
2017.01.17 10:19:12.817,8.48179,8.4832,1.00,1.00
2017.01.17 10:19:13.807,8.48184,8.4832,1.00,1.00
2017.01.17 10:19:15.657,8.48182,8.4832,1.00,1.00
2017.01.17 10:19:16.511,8.48175,8.4832,1.00,1.00
2017.01.17 10:19:16.612,8.48164,8.4832,1.00,1.00
2017.01.17 10:19:17.492,8.48158,8.4832,1.00,1.00
2017.01.17 10:19:18.761,8.48163,8.4832,1.00,1.00
2017.01.17 10:19:20.372,8.48159,8.4832,1.00,1.00
2017.01.17 10:19:21.407,8.48161,8.4832,1.00,1.50
2017.01.17 10:19:23.252,8.48157,8.48316,1.00,1.00
2017.01.17 10:19:23.564,8.48153,8.48311,1.00,1.00
2017.01.17 10:19:24.289,8.48153,8.48312,1.00,1.00
2017.01.17 10:19:25.067,8.48156,8.48317,1.00,1.00
2017.01.17 10:19:26.378,8.48161,8.48317,1.00,1.00
2017.01.17 10:19:29.168,8.48161,8.48304,1.00,1.00
2017.01.17 10:19:29.219,8.48161,8.48315,1.00,1.00
2017.01.17 10:19:29.370,8.48135,8.48267,1.00,1.00
2017.01.17 10:19:29.472,8.48115,8.4825,1.00,1.00
2017.01.17 10:19:29.573,8.48115,8.48267,1.00,1.00
2017.01.17 10:19:29.907,8.48107,8.48274,1.00,1.00
2017.01.17 10:19:30.170,8.48145,8.48274,1.00,1.00
2017.01.17 10:19:30.589,8.48165,8.48274,1.00,1.00
2017.01.17 10:19:30.690,8.48165,8.48316,1.00,1.00
2017.01.17 10:19:31.504,8.48154,8.48307,1.00,1.00
2017.01.17 10:19:32.395,8.4816,8.48312,1.00,1.00
2017.01.17 10:19:32.697,8.48172,8.48316,1.00,1.00
2017.01.17 10:19:33.000,8.48201,8.48316,1.00,1.00
2017.01.17 10:19:33.507,8.48212,8.48316,1.00,1.00
2017.01.17 10:19:33.559,8.48212,8.48363,1.00,1.00
2017.01.17 10:19:33.910,8.48202,8.48355,1.00,1.00
2017.01.17 10:19:34.011,8.48192,8.48345,1.00,1.00
2017.01.17 10:19:34.469,8.48192,8.48336,1.00,1.00
2017.01.17 10:19:34.857,8.48176,8.48327,1.00,1.00
2017.01.17 10:19:35.814,8.48173,8.48325,1.00,1.00
2017.01.17 10:19:36.572,8.48169,8.48329,1.00,1.00
2017.01.17 10:19:36.675,8.48169,8.48301,1.00,1.00
2017.01.17 10:19:36.884,8.48146,8.48301,1.00,1.50
2017.01.17 10:19:36.934,8.48136,8.48286,1.00,1.00
2017.01.17 10:19:37.451,8.48148,8.483,1.00,1.00
2017.01.17 10:19:37.501,8.48163,8.48301,1.00,1.00
2017.01.17 10:19:37.804,8.48163,8.48318,1.00,1.00
2017.01.17 10:19:38.469,8.48167,8.48321,1.00,1.00
2017.01.17 10:19:38.890,8.48173,8.48328,1.00,1.00
2017.01.17 10:19:39.380,8.48194,8.48328,1.00,1.00
2017.01.17 10:19:39.706,8.48214,8.48371,1.00,1.00
2017.01.17 10:19:40.037,8.48205,8.48371,1.00,1.00
2017.01.17 10:19:40.432,8.48215,8.48381,1.00,1.00
2017.01.17 10:19:40.734,8.48196,8.48362,1.00,1.00
2017.01.17 10:19:40.785,8.48186,8.48354,1.00,1.00
2017.01.17 10:19:40.886,8.48198,8.48363,1.00,1.00
2017.01.17 10:19:41.295,8.48212,8.48376,1.00,1.00
2017.01.17 10:19:42.142,8.48206,8.48372,1.00,1.00
2017.01.17 10:19:42.356,8.48216,8.4838,1.00,1.00
2017.01.17 10:19:43.142,8.48209,8.48375,1.00,1.00
2017.01.17 10:19:44.159,8.48203,8.48368,1.00,1.00
2017.01.17 10:19:44.361,8.48205,8.48371,1.00,1.00
2017.01.17 10:19:44.868,8.4822,8.48385,1.00,1.00
2017.01.17 10:19:45.196,8.4822,8.48375,1.00,1.00
2017.01.17 10:19:45.247,8.48217,8.48375,1.00,1.00
2017.01.17 10:19:45.371,8.48231,8.48375,1.00,1.00
2017.01.17 10:19:45.894,8.48263,8.48375,1.00,1.00
2017.01.17 10:19:46.046,8.48271,8.48395,1.00,1.00
2017.01.17 10:19:46.147,8.48271,8.48399,1.00,1.00
2017.01.17 10:19:46.248,8.48278,8.48399,1.00,1.00
2017.01.17 10:19:46.387,8.48265,8.48399,1.00,1.00
2017.01.17 10:19:46.438,8.48238,8.4839,1.00,1.00
2017.01.17 10:19:46.849,8.48232,8.48361,1.00,1.00
2017.01.17 10:19:47.269,8.48232,8.4835,1.00,1.00
2017.01.17 10:19:47.616,8.48232,8.48343,1.00,1.00
2017.01.17 10:19:48.314,8.48165,8.48318,1.00,1.00
2017.01.17 10:19:48.415,8.48154,8.48326,1.00,1.00
2017.01.17 10:19:48.466,8.48161,8.48314,1.00,1.00
2017.01.17 10:19:49.465,8.48174,8.48327,1.00,1.00
2017.01.17 10:19:50.714,8.48172,8.48324,1.00,1.00
2017.01.17 10:19:50.947,8.48162,8.48315,1.00,1.00
2017.01.17 10:19:50.998,8.48154,8.48306,1.00,1.00
2017.01.17 10:19:51.349,8.48148,8.483,1.00,1.00
2017.01.17 10:19:52.216,8.48159,8.48312,1.00,1.00
2017.01.17 10:19:52.317,8.48173,8.48326,1.00,1.00
2017.01.17 10:19:52.758,8.48186,8.48337,1.00,1.00
2017.01.17 10:19:53.062,8.48199,8.48349,1.00,1.00
2017.01.17 10:19:53.696,8.48203,8.48367,1.00,1.00
2017.01.17 10:19:53.905,8.48199,8.48365,1.00,1.00
2017.01.17 10:19:53.955,8.48199,8.48348,1.00,1.00
2017.01.17 10:19:54.057,8.48199,8.48355,1.00,1.00
2017.01.17 10:19:54.108,8.48199,8.48335,1.00,1.00
2017.01.17 10:19:54.663,8.48199,8.48347,1.00,1.00
2017.01.17 10:19:54.997,8.48199,8.48331,1.00,1.00
2017.01.17 10:19:55.098,8.48199,8.48341,1.00,1.00
2017.01.17 10:19:56.285,8.48199,8.48336,1.00,1.00
2017.01.17 10:19:56.950,8.48199,8.48323,1.00,1.00
2017.01.17 10:19:57.051,8.48199,8.48332,1.00,1.00
2017.01.17 10:19:58.409,8.48199,8.48325,1.00,1.00
2017.01.17 10:19:58.484,8.48181,8.48331,1.00,1.00
2017.01.17 10:19:58.535,8.48169,8.48329,1.00,1.00
2017.01.17 10:19:58.725,8.48176,8.48337,1.00,1.00
2017.01.17 10:19:58.876,8.4819,8.48337,1.00,1.00
2017.01.17 10:19:59.319,8.4819,8.48354,1.00,1.00
2017.01.17 10:19:59.830,8.48192,8.48356,1.00,1.00
2017.01.17 10:20:00.846,8.48189,8.48355,1.00,1.00
2017.01.17 10:20:01.047,8.48198,8.48364,1.00,1.00
2017.01.17 10:20:01.354,8.48221,8.48387,1.00,1.00
2017.01.17 10:20:01.887,8.48237,8.48403,1.00,1.00
2017.01.17 10:20:02.190,8.48256,8.48421,1.00,1.00
2017.01.17 10:20:02.614,8.48254,8.48412,1.00,1.00
2017.01.17 10:20:02.934,8.48254,8.48406,1.00,1.00
2017.01.17 10:20:03.153,8.48236,8.48402,1.00,1.00
2017.01.17 10:20:03.369,8.48236,8.48376,1.00,1.00
2017.01.17 10:20:03.711,8.48236,8.48359,1.00,1.00
2017.01.17 10:20:03.762,8.48236,8.48371,1.00,1.00
2017.01.17 10:20:03.914,8.48236,8.48402,1.00,1.00
2017.01.17 10:20:04.518,8.48236,8.48383,1.00,1.00
2017.01.17 10:20:04.669,8.48234,8.48383,1.00,1.00
2017.01.17 10:20:04.821,8.48217,8.48355,1.00,1.00
2017.01.17 10:20:04.871,8.48204,8.48355,1.00,1.00
2017.01.17 10:20:04.973,8.48228,8.4836,1.00,1.00
2017.01.17 10:20:05.234,8.48228,8.48379,1.00,1.50
2017.01.17 10:20:06.006,8.48231,8.4838,1.00,1.00
2017.01.17 10:20:06.509,8.48239,8.48384,1.00,1.00
2017.01.17 10:20:06.812,8.48278,8.48384,1.00,1.00
2017.01.17 10:20:06.963,8.48278,8.48403,1.00,1.00
2017.01.17 10:20:07.064,8.48278,8.48426,1.00,1.00
2017.01.17 10:20:07.569,8.48264,8.48414,1.00,1.00
2017.01.17 10:20:08.519,8.48259,8.4841,1.00,1.00
2017.01.17 10:20:08.677,8.48273,8.4841,1.00,1.00
2017.01.17 10:20:09.577,8.48277,8.4844,1.00,1.00
2017.01.17 10:20:09.628,8.4828,8.4844,1.00,1.00
2017.01.17 10:20:09.678,8.48293,8.48455,1.00,1.00
2017.01.17 10:20:09.729,8.48293,8.48415,1.00,1.00
2017.01.17 10:20:10.236,8.48293,8.48414,1.00,1.00
2017.01.17 10:20:10.387,8.48293,8.48438,1.00,1.00
2017.01.17 10:20:10.888,8.48293,8.4846,1.00,1.00
2017.01.17 10:20:11.251,8.48298,8.48461,1.00,1.00
2017.01.17 10:20:11.453,8.48293,8.48461,1.00,1.00
2017.01.17 10:20:11.605,8.48305,8.48461,1.00,1.00
2017.01.17 10:20:11.756,8.48298,8.48461,1.00,1.00
2017.01.17 10:20:12.412,8.48301,8.4845,1.00,1.00
2017.01.17 10:20:13.515,8.48332,8.48481,1.00,1.00
2017.01.17 10:20:13.848,8.48308,8.48455,1.00,1.00
2017.01.17 10:20:14.479,8.4828,8.48449,1.00,1.00
2017.01.17 10:20:14.922,8.48281,8.48436,1.00,1.00
2017.01.17 10:20:14.973,8.48263,8.48432,1.00,1.00
2017.01.17 10:20:15.074,8.48254,8.48401,1.00,1.00
2017.01.17 10:20:15.125,8.48258,8.48444,1.00,1.00
2017.01.17 10:20:15.225,8.48257,8.48421,1.00,1.00
2017.01.17 10:20:16.029,8.48261,8.4841,1.00,1.00
2017.01.17 10:20:16.079,8.48249,8.48417,1.00,1.00
2017.01.17 10:20:16.384,8.48238,8.48404,1.00,1.00
2017.01.17 10:20:16.788,8.48241,8.4839,1.00,1.00
2017.01.17 10:20:17.119,8.48255,8.48404,1.00,1.00
2017.01.17 10:20:18.084,8.48259,8.48408,1.00,1.00
2017.01.17 10:20:19.968,8.48259,8.48406,1.00,1.00
2017.01.17 10:20:20.171,8.48214,8.48368,1.00,1.00
2017.01.17 10:20:20.377,8.48185,8.48336,1.00,1.00
2017.01.17 10:20:20.989,8.48174,8.48353,1.00,1.00
2017.01.17 10:20:21.117,8.48184,8.48345,1.00,1.00
2017.01.17 10:20:21.528,8.48195,8.48345,1.00,1.00
2017.01.17 10:20:21.989,8.48195,8.48352,1.00,1.00
2017.01.17 10:20:22.148,8.48195,8.48357,1.00,1.00
2017.01.17 10:20:22.451,8.48203,8.48373,1.00,1.00
2017.01.17 10:20:22.502,8.48221,8.48373,1.00,1.00
2017.01.17 10:20:22.552,8.48222,8.484,1.00,1.00
2017.01.17 10:20:22.704,8.48229,8.48385,1.00,1.00
2017.01.17 10:20:22.754,8.48211,8.48385,1.00,1.00
2017.01.17 10:20:22.805,8.48211,8.48369,1.00,1.00
2017.01.17 10:20:23.419,8.48211,8.48357,1.00,1.00
2017.01.17 10:20:24.119,8.48211,8.48363,1.00,1.00
2017.01.17 10:20:24.196,8.48211,8.48355,1.00,1.00
2017.01.17 10:20:25.085,8.48192,8.48355,1.00,1.00
2017.01.17 10:20:25.136,8.48191,8.48342,1.00,1.00
2017.01.17 10:20:25.440,8.48191,8.48334,1.00,1.00
2017.01.17 10:20:25.490,8.48191,8.48342,1.00,1.00
2017.01.17 10:20:26.791,8.48191,8.48345,1.00,1.00
2017.01.17 10:20:27.502,8.48191,8.48356,1.00,1.00
2017.01.17 10:20:27.604,8.48233,8.48393,1.00,1.00
2017.01.17 10:20:27.755,8.48196,8.4837,1.00,1.00
2017.01.17 10:20:27.806,8.48214,8.4837,1.00,1.00
2017.01.17 10:20:28.058,8.48214,8.48373,1.00,1.00
2017.01.17 10:20:28.953,8.48214,8.48366,1.00,1.00
2017.01.17 10:20:29.131,8.48214,8.48372,1.00,1.00
2017.01.17 10:20:29.232,8.48228,8.48388,1.00,1.00
2017.01.17 10:20:29.282,8.48233,8.48388,1.00,1.00
2017.01.17 10:20:29.758,8.48233,8.48377,1.00,1.00
2017.01.17 10:20:30.060,8.48233,8.48352,1.00,1.00
2017.01.17 10:20:30.162,8.48233,8.48366,1.00,1.00
2017.01.17 10:20:30.533,8.48233,8.48381,1.00,1.00
2017.01.17 10:20:30.634,8.48233,8.48398,1.00,1.00
2017.01.17 10:20:30.945,8.48233,8.48388,1.50,1.00
2017.01.17 10:20:31.410,8.48233,8.48398,1.50,1.00
2017.01.17 10:20:31.512,8.48233,8.48378,1.00,1.00
2017.01.17 10:20:31.802,8.48215,8.48378,1.00,1.00
2017.01.17 10:20:31.920,8.48215,8.48368,1.00,1.00
2017.01.17 10:20:32.333,8.48215,8.4835,1.00,1.00
2017.01.17 10:20:32.384,8.48174,8.4835,1.00,1.00
2017.01.17 10:20:32.485,8.48161,8.48337,1.00,1.00
2017.01.17 10:20:32.846,8.48196,8.48343,1.00,1.00
2017.01.17 10:20:33.345,8.48176,8.48334,1.00,1.00
2017.01.17 10:20:33.689,8.4816,8.48323,1.00,1.00
2017.01.17 10:20:34.229,8.48157,8.48323,1.00,1.00
2017.01.17 10:20:34.822,8.48156,8.48322,1.00,1.00
2017.01.17 10:20:35.351,8.48156,8.48323,1.00,1.00
2017.01.17 10:20:35.422,8.48156,8.48308,1.00,1.00
2017.01.17 10:20:35.523,8.48136,8.48299,1.00,1.00
2017.01.17 10:20:35.693,8.48132,8.48299,1.00,1.00
2017.01.17 10:20:35.743,8.48137,8.48299,1.00,1.00
2017.01.17 10:20:36.095,8.48137,8.48295,1.00,1.00
2017.01.17 10:20:36.146,8.48137,8.48299,1.00,1.00
2017.01.17 10:20:36.345,8.48151,8.48299,1.00,1.00
2017.01.17 10:20:36.930,8.48137,8.48292,1.00,1.00
2017.01.17 10:20:37.081,8.48156,8.48299,1.00,1.00
2017.01.17 10:20:37.384,8.48205,8.48347,1.00,1.00
2017.01.17 10:20:37.446,8.48205,8.48357,1.00,1.00
2017.01.17 10:20:37.616,8.48205,8.48364,1.00,1.00
2017.01.17 10:20:38.257,8.48205,8.48354,1.00,1.00
2017.01.17 10:20:39.063,8.48205,8.4836,1.00,1.00
2017.01.17 10:20:39.121,8.48205,8.48349,1.00,1.00
2017.01.17 10:20:39.521,8.48205,8.48345,1.00,1.00
2017.01.17 10:20:39.711,8.48205,8.48365,1.00,1.00
2017.01.17 10:20:39.812,8.48214,8.48365,1.00,1.00
2017.01.17 10:20:39.914,8.48212,8.4837,1.00,1.00
2017.01.17 10:20:40.015,8.48229,8.4837,1.00,1.00
2017.01.17 10:20:40.116,8.48234,8.48399,1.00,1.00
2017.01.17 10:20:40.267,8.48234,8.48386,1.00,1.00
2017.01.17 10:20:40.864,8.48234,8.48373,1.00,1.00
2017.01.17 10:20:41.712,8.48234,8.48369,1.00,1.00
2017.01.17 10:20:43.050,8.48234,8.48362,1.00,1.00
2017.01.17 10:20:43.326,8.48221,8.4836,1.00,1.00
2017.01.17 10:20:44.136,8.48221,8.48369,1.00,1.00
2017.01.17 10:20:44.293,8.48227,8.48377,1.00,1.00
2017.01.17 10:20:44.344,8.4824,8.48377,1.00,1.00
2017.01.17 10:20:45.134,8.48241,8.48377,1.00,1.00
2017.01.17 10:20:45.337,8.48241,8.48392,1.00,1.00
2017.01.17 10:20:45.617,8.48232,8.48383,1.00,1.00
2017.01.17 10:20:45.992,8.48242,8.48391,1.00,1.00
2017.01.17 10:20:46.593,8.48248,8.48396,1.00,1.00
2017.01.17 10:20:46.896,8.48229,8.48376,1.00,1.00
2017.01.17 10:20:47.166,8.48238,8.48387,1.00,1.00
2017.01.17 10:20:47.603,8.4825,8.48396,1.00,1.00
2017.01.17 10:20:48.077,8.48256,8.48396,1.00,1.00
2017.01.17 10:20:49.185,8.48273,8.48396,1.00,1.00
2017.01.17 10:20:49.236,8.48273,8.48424,1.00,1.00
2017.01.17 10:20:49.958,8.48261,8.48401,1.00,1.00
2017.01.17 10:20:50.270,8.48238,8.48392,1.00,1.00
2017.01.17 10:20:50.474,8.48232,8.48377,1.00,1.00
2017.01.17 10:20:50.802,8.48232,8.48371,1.00,1.00
2017.01.17 10:20:51.005,8.48249,8.48399,1.00,1.00
2017.01.17 10:20:51.055,8.48232,8.48377,1.00,1.00
2017.01.17 10:20:51.476,8.48232,8.48369,1.00,1.00
2017.01.17 10:20:51.968,8.48199,8.48369,1.00,1.00
2017.01.17 10:20:52.815,8.48211,8.48381,1.00,1.00
2017.01.17 10:20:53.207,8.4822,8.48381,1.00,1.00
2017.01.17 10:20:53.308,8.48221,8.48387,1.00,1.00
2017.01.17 10:20:53.596,8.48229,8.4838,1.00,1.00
2017.01.17 10:20:53.899,8.48242,8.48387,1.00,1.00
2017.01.17 10:20:54.052,8.48252,8.48412,1.00,1.00
2017.01.17 10:20:54.238,8.48242,8.48398,1.00,1.00
2017.01.17 10:20:54.689,8.48237,8.48398,1.00,1.00
2017.01.17 10:20:54.989,8.48243,8.48392,1.00,1.00
2017.01.17 10:20:55.141,8.48234,8.48398,1.00,1.00
2017.01.17 10:20:55.192,8.4824,8.48388,1.00,1.00
2017.01.17 10:20:56.267,8.48234,8.48381,1.00,1.00
2017.01.17 10:20:56.591,8.48252,8.48398,1.00,1.00
2017.01.17 10:20:56.903,8.48257,8.48371,1.00,1.00
2017.01.17 10:20:56.954,8.48201,8.48368,1.50,1.00
2017.01.17 10:20:57.105,8.48201,8.48343,1.00,1.00
2017.01.17 10:20:57.257,8.48177,8.48343,1.00,1.00
2017.01.17 10:20:57.307,8.48177,8.4832,1.00,1.00
2017.01.17 10:20:57.560,8.48177,8.48341,1.00,1.00
2017.01.17 10:20:57.661,8.48243,8.48344,1.00,1.00
2017.01.17 10:20:57.762,8.48215,8.48344,1.00,1.00
2017.01.17 10:20:57.863,8.48217,8.48382,1.00,1.50
2017.01.17 10:20:57.914,8.48239,8.48382,1.00,1.50
2017.01.17 10:20:58.019,8.48217,8.48382,1.00,1.50
2017.01.17 10:20:58.070,8.4821,8.48349,1.00,1.00
2017.01.17 10:20:58.171,8.4821,8.48371,1.00,1.00
2017.01.17 10:20:58.272,8.48215,8.48371,1.00,1.00
2017.01.17 10:20:58.474,8.48228,8.48388,1.00,1.00
2017.01.17 10:20:59.108,8.48228,8.48376,1.00,1.00
2017.01.17 10:20:59.462,8.48228,8.48364,1.00,1.00
2017.01.17 10:20:59.805,8.48228,8.48354,1.00,1.00
2017.01.17 10:21:00.157,8.48201,8.4836,1.00,1.00
2017.01.17 10:21:00.669,8.48201,8.4835,1.00,1.00
2017.01.17 10:21:02.230,8.48201,8.48339,1.00,1.00
2017.01.17 10:21:02.768,8.48189,8.48339,1.00,1.00
2017.01.17 10:21:03.032,8.48241,8.48345,1.00,1.00
2017.01.17 10:21:03.184,8.48289,8.48394,1.00,1.00
2017.01.17 10:21:03.285,8.48249,8.48394,1.00,1.00
2017.01.17 10:21:03.882,8.48225,8.48372,1.00,1.00
2017.01.17 10:21:04.804,8.48225,8.48365,1.00,1.00
2017.01.17 10:21:05.780,8.48225,8.48361,1.00,1.00
2017.01.17 10:21:06.082,8.48225,8.48352,1.00,1.00
2017.01.17 10:21:06.355,8.482,8.48352,1.50,1.00
2017.01.17 10:21:06.788,8.48196,8.48331,1.00,1.00
2017.01.17 10:21:07.091,8.48166,8.48319,1.00,1.00
2017.01.17 10:21:07.393,8.48165,8.48299,1.00,1.00
2017.01.17 10:21:07.494,8.48165,8.48323,1.00,1.00
2017.01.17 10:21:07.545,8.48191,8.4833,1.00,1.00
2017.01.17 10:21:07.848,8.48203,8.4833,1.00,1.00
2017.01.17 10:21:07.898,8.48203,8.48356,1.00,1.00
2017.01.17 10:21:07.999,8.48207,8.48356,1.00,1.00
2017.01.17 10:21:08.323,8.48203,8.48352,1.00,1.00
2017.01.17 10:21:08.695,8.48185,8.48304,1.00,1.00
2017.01.17 10:21:08.746,8.48185,8.48316,1.00,1.00
2017.01.17 10:21:09.015,8.48185,8.48333,1.00,1.00
2017.01.17 10:21:09.217,8.48197,8.48333,1.00,1.00
2017.01.17 10:21:09.993,8.48197,8.48327,1.00,1.00
2017.01.17 10:21:10.094,8.48176,8.48321,1.00,1.00
2017.01.17 10:21:10.145,8.48176,8.48311,1.00,1.00
2017.01.17 10:21:10.397,8.48139,8.48292,1.00,1.00
2017.01.17 10:21:10.447,8.48132,8.48277,1.00,1.00
2017.01.17 10:21:10.498,8.48125,8.48277,1.00,1.00
2017.01.17 10:21:10.654,8.48204,8.48356,1.00,1.00
2017.01.17 10:21:10.806,8.48177,8.4833,1.00,1.00
2017.01.17 10:21:10.957,8.48198,8.48296,1.00,1.00
2017.01.17 10:21:11.058,8.4818,8.48296,1.00,1.00
2017.01.17 10:21:11.319,8.48187,8.48296,1.00,1.00
2017.01.17 10:21:11.636,8.48187,8.48313,1.00,1.00
2017.01.17 10:21:14.474,8.48187,8.48308,1.00,1.00
2017.01.17 10:21:14.525,8.48187,8.48318,1.00,1.00
2017.01.17 10:21:15.466,8.48187,8.48317,1.00,1.00
2017.01.17 10:21:15.629,8.48187,8.48328,1.00,1.00
2017.01.17 10:21:16.584,8.48187,8.48327,1.00,1.00
2017.01.17 10:21:16.879,8.48187,8.48316,1.00,1.00
2017.01.17 10:21:17.842,8.48187,8.48326,1.00,1.00
2017.01.17 10:21:19.404,8.48202,8.48354,1.00,1.00
2017.01.17 10:21:19.555,8.48211,8.48364,1.00,1.00
2017.01.17 10:21:19.757,8.48199,8.48337,1.00,1.00
2017.01.17 10:21:20.140,8.48206,8.48337,1.00,1.00
2017.01.17 10:21:20.528,8.48206,8.48326,1.00,1.00
2017.01.17 10:21:21.530,8.48206,8.48325,1.00,1.00
2017.01.17 10:21:23.313,8.48183,8.48325,1.00,1.00
2017.01.17 10:21:23.414,8.48183,8.48332,1.00,1.00
2017.01.17 10:21:23.794,8.48205,8.48332,1.00,1.00
2017.01.17 10:21:23.845,8.48205,8.48345,1.00,1.00
2017.01.17 10:21:23.997,8.48195,8.48345,1.00,1.00
2017.01.17 10:21:24.245,8.48217,8.48345,1.00,1.00
2017.01.17 10:21:24.584,8.48195,8.48345,1.00,1.00
2017.01.17 10:21:24.835,8.48195,8.48348,1.00,1.00
2017.01.17 10:21:25.556,8.48205,8.48358,1.00,1.00
2017.01.17 10:21:25.857,8.4819,8.48327,1.00,1.00
2017.01.17 10:21:25.958,8.48195,8.48348,1.00,1.00
2017.01.17 10:21:26.059,8.4821,8.48362,1.00,1.00
2017.01.17 10:21:26.558,8.48196,8.48349,1.00,1.00
2017.01.17 10:21:27.462,8.48206,8.48359,1.00,1.00
2017.01.17 10:21:28.163,8.48231,8.48384,1.00,1.00
2017.01.17 10:21:28.466,8.48246,8.48385,1.00,1.00
2017.01.17 10:21:28.724,8.48246,8.48399,1.00,1.00
2017.01.17 10:21:28.876,8.48231,8.48384,1.00,1.00
2017.01.17 10:21:29.442,8.48229,8.4837,1.00,1.00
2017.01.17 10:21:29.594,8.48229,8.48376,1.00,1.00
2017.01.17 10:21:29.795,8.48223,8.48376,1.00,1.00
2017.01.17 10:21:29.846,8.48226,8.48361,1.00,1.00
2017.01.17 10:21:30.770,8.48226,8.48362,1.00,1.00
2017.01.17 10:21:31.395,8.48226,8.4837,1.00,1.00
2017.01.17 10:21:31.913,8.48226,8.48363,1.00,1.00
2017.01.17 10:21:31.980,8.48226,8.48373,1.00,1.00
2017.01.17 10:21:32.132,8.48243,8.48393,1.00,1.00
2017.01.17 10:21:32.183,8.48266,8.48393,1.00,1.00
2017.01.17 10:21:32.540,8.48266,8.48417,1.00,1.00
2017.01.17 10:21:33.096,8.48264,8.48421,1.00,1.00
2017.01.17 10:21:34.082,8.48269,8.48425,1.00,1.00
2017.01.17 10:21:35.436,8.48265,8.48422,1.00,1.00
2017.01.17 10:21:36.474,8.48266,8.48422,1.00,1.00
2017.01.17 10:21:36.525,8.48253,8.48395,1.00,1.00
2017.01.17 10:21:36.929,8.48253,8.48384,1.00,1.00
2017.01.17 10:21:37.030,8.48233,8.48384,1.00,1.00
2017.01.17 10:21:37.493,8.48233,8.48378,1.00,1.00
2017.01.17 10:21:37.543,8.48233,8.4838,1.00,1.00
2017.01.17 10:21:38.493,8.48233,8.48384,1.00,1.00
2017.01.17 10:21:39.040,8.48239,8.48395,1.00,1.00
2017.01.17 10:21:39.448,8.48261,8.484,1.00,1.00
2017.01.17 10:21:39.749,8.48275,8.48433,1.00,1.00
2017.01.17 10:21:40.529,8.48277,8.48434,1.00,1.00
2017.01.17 10:21:40.832,8.4828,8.48434,1.00,1.00
2017.01.17 10:21:41.510,8.4828,8.48431,1.00,1.00
2017.01.17 10:21:41.838,8.4828,8.48429,1.00,1.00
2017.01.17 10:21:42.535,8.4828,8.48431,1.00,1.00
2017.01.17 10:21:42.663,8.48284,8.48434,1.00,1.00
2017.01.17 10:21:43.535,8.4828,8.48431,1.00,1.00
2017.01.17 10:21:43.636,8.48267,8.48412,1.00,1.00
2017.01.17 10:21:43.939,8.48257,8.48413,1.00,1.00
2017.01.17 10:21:44.054,8.48268,8.48424,1.00,1.00
2017.01.17 10:21:44.689,8.48265,8.48414,1.00,1.00
2017.01.17 10:21:45.006,8.48266,8.48407,1.00,1.00
2017.01.17 10:21:45.258,8.48276,8.48434,1.00,1.50
2017.01.17 10:21:45.777,8.48277,8.48434,1.00,1.50
2017.01.17 10:21:46.126,8.48283,8.48434,1.00,1.00
2017.01.17 10:21:46.435,8.48267,8.48412,1.00,1.00
2017.01.17 10:21:46.586,8.48247,8.48407,1.00,1.00
2017.01.17 10:21:46.794,8.48244,8.48407,1.00,1.00
2017.01.17 10:21:46.896,8.48257,8.48407,1.00,1.00
2017.01.17 10:21:47.206,8.48286,8.48407,1.00,1.00
2017.01.17 10:21:47.411,8.48268,8.48426,1.00,1.50
2017.01.17 10:21:48.168,8.48266,8.48417,1.00,1.00
2017.01.17 10:21:49.171,8.48266,8.48416,1.00,1.00
2017.01.17 10:21:50.010,8.48266,8.48393,1.00,1.00
2017.01.17 10:21:50.115,8.48259,8.48393,1.00,1.00
2017.01.17 10:21:50.166,8.48259,8.48382,1.00,1.00
2017.01.17 10:21:50.267,8.48225,8.48382,1.00,1.00
2017.01.17 10:21:51.002,8.48208,8.48367,1.00,1.00
2017.01.17 10:21:51.103,8.48218,8.48369,1.00,1.00
2017.01.17 10:21:51.355,8.48226,8.48384,1.00,1.00
2017.01.17 10:21:51.419,8.4824,8.48398,1.00,1.00
2017.01.17 10:21:51.721,8.48277,8.48401,1.00,1.00
2017.01.17 10:21:51.908,8.48282,8.48421,1.00,1.00
2017.01.17 10:21:51.959,8.48294,8.48449,1.00,1.00
2017.01.17 10:21:53.577,8.48282,8.4841,1.00,1.00
2017.01.17 10:21:53.722,8.48282,8.4843,1.00,1.00
2017.01.17 10:21:53.773,8.48274,8.48422,1.00,1.00
2017.01.17 10:21:54.590,8.4828,8.48422,1.00,1.00
2017.01.17 10:21:54.973,8.48274,8.48422,1.00,1.00
2017.01.17 10:21:55.225,8.48269,8.48422,1.00,1.00
2017.01.17 10:21:55.379,8.48276,8.48441,1.00,1.00
2017.01.17 10:21:55.431,8.48276,8.48423,1.00,1.00
2017.01.17 10:21:56.280,8.48276,8.48424,1.00,1.00
2017.01.17 10:21:57.012,8.48276,8.48424,1.00,1.60
2017.01.17 10:21:57.063,8.48243,8.4841,1.00,1.00
2017.01.17 10:21:57.114,8.48243,8.48386,1.00,1.00
2017.01.17 10:21:57.453,8.48208,8.48341,1.00,1.00
2017.01.17 10:21:57.806,8.48186,8.48341,1.00,1.00
2017.01.17 10:21:58.017,8.48183,8.48321,1.00,1.00
2017.01.17 10:21:58.642,8.48183,8.48334,1.00,1.00
2017.01.17 10:22:01.486,8.4818,8.48327,1.00,1.00
2017.01.17 10:22:01.537,8.48165,8.48327,1.00,1.00
2017.01.17 10:22:01.588,8.48162,8.48327,1.00,1.00
2017.01.17 10:22:01.741,8.48162,8.48262,1.00,1.00
2017.01.17 10:22:01.792,8.48117,8.48262,1.00,1.00
2017.01.17 10:22:01.893,8.48112,8.48262,1.00,1.00
2017.01.17 10:22:02.163,8.48112,8.48279,1.00,1.00
2017.01.17 10:22:02.630,8.48118,8.48274,1.00,1.00
2017.01.17 10:22:03.554,8.48119,8.48271,1.00,1.00
2017.01.17 10:22:03.865,8.48112,8.48264,1.00,1.00
2017.01.17 10:22:04.285,8.48112,8.48253,1.00,1.00
2017.01.17 10:22:05.169,8.48127,8.48279,1.00,1.00
2017.01.17 10:22:05.387,8.48152,8.48281,1.00,1.00
2017.01.17 10:22:05.589,8.48127,8.48281,1.00,1.00
2017.01.17 10:22:05.691,8.48126,8.48271,1.00,1.00
2017.01.17 10:22:06.002,8.48126,8.48257,1.00,1.00
2017.01.17 10:22:06.154,8.48126,8.48267,1.00,1.00
2017.01.17 10:22:06.515,8.48126,8.48278,1.00,1.00
2017.01.17 10:22:10.009,8.48126,8.48272,1.00,1.00
2017.01.17 10:22:11.451,8.48133,8.48272,1.00,1.00
2017.01.17 10:22:11.515,8.48133,8.48283,1.00,1.00
2017.01.17 10:22:11.566,8.48128,8.48283,1.00,1.00
2017.01.17 10:22:11.616,8.48148,8.48293,1.00,1.00
2017.01.17 10:22:11.818,8.4816,8.48321,1.00,1.00
2017.01.17 10:22:12.373,8.48162,8.48321,1.00,1.00
2017.01.17 10:22:12.424,8.48182,8.48346,1.00,1.00
2017.01.17 10:22:14.162,8.48182,8.48347,1.00,1.00
2017.01.17 10:22:16.070,8.48182,8.48346,1.00,1.00
2017.01.17 10:22:16.902,8.48182,8.4834,1.00,1.00
2017.01.17 10:22:17.205,8.48182,8.4829,1.00,1.00
2017.01.17 10:22:17.256,8.48147,8.4829,1.00,1.00
2017.01.17 10:22:17.458,8.48147,8.4827,1.00,1.00
2017.01.17 10:22:17.636,8.4809,8.48247,1.00,1.00
2017.01.17 10:22:17.959,8.48075,8.48231,1.00,1.00
2017.01.17 10:22:18.571,8.48063,8.4822,1.00,1.00
2017.01.17 10:22:18.621,8.48071,8.4822,1.00,1.00
2017.01.17 10:22:21.039,8.48071,8.48223,1.50,1.00
2017.01.17 10:22:22.396,8.48071,8.48234,1.50,1.00
2017.01.17 10:22:22.447,8.4809,8.48238,1.00,1.00
2017.01.17 10:22:22.767,8.48116,8.48238,1.00,1.00
2017.01.17 10:22:22.818,8.48104,8.48238,1.00,1.00
2017.01.17 10:22:23.019,8.48104,8.48279,1.00,1.00
2017.01.17 10:22:23.659,8.48105,8.48262,1.00,1.00
2017.01.17 10:22:24.001,8.48114,8.48262,1.00,1.00
2017.01.17 10:22:24.435,8.48114,8.48251,1.00,1.00
2017.01.17 10:22:24.739,8.4807,8.48214,1.00,1.00
2017.01.17 10:22:24.840,8.48067,8.48214,1.00,1.00
2017.01.17 10:22:25.442,8.48067,8.48222,1.00,1.00
2017.01.17 10:22:26.416,8.48071,8.48226,1.00,1.00
2017.01.17 10:22:27.415,8.48075,8.48229,1.00,1.00
2017.01.17 10:22:28.409,8.48069,8.48225,1.00,1.00
2017.01.17 10:22:29.043,8.48067,8.48219,1.00,1.00
2017.01.17 10:22:29.796,8.48071,8.48226,1.00,1.00
2017.01.17 10:22:30.037,8.48076,8.48232,1.00,1.50
2017.01.17 10:22:31.161,8.48075,8.4823,1.00,1.00
2017.01.17 10:22:31.739,8.48094,8.48232,1.00,1.00
2017.01.17 10:22:31.840,8.48094,8.4825,1.00,1.00
2017.01.17 10:22:31.941,8.48105,8.48255,1.00,1.00
2017.01.17 10:22:33.352,8.481,8.48255,1.00,1.00
2017.01.17 10:22:33.722,8.48107,8.48255,1.00,1.00
2017.01.17 10:22:34.745,8.48102,8.48255,1.00,1.00
2017.01.17 10:22:34.796,8.48093,8.48249,1.00,1.00
2017.01.17 10:22:34.897,8.48087,8.48234,1.00,1.00
2017.01.17 10:22:35.180,8.48097,8.48253,1.00,1.00
2017.01.17 10:22:35.639,8.48109,8.48255,1.00,1.00
2017.01.17 10:22:36.052,8.48099,8.48255,1.00,1.00
2017.01.17 10:22:36.595,8.48098,8.48254,1.00,1.00
2017.01.17 10:22:38.035,8.48093,8.48249,1.00,1.00
2017.01.17 10:22:38.370,8.48087,8.48242,1.00,1.00
2017.01.17 10:22:39.088,8.48087,8.48243,1.50,1.00
2017.01.17 10:22:39.661,8.48098,8.48255,1.00,1.50
2017.01.17 10:22:39.762,8.4811,8.48255,1.00,1.00
2017.01.17 10:22:39.863,8.48115,8.48264,1.00,1.00
2017.01.17 10:22:40.755,8.48115,8.48259,1.00,1.00
2017.01.17 10:22:41.563,8.48115,8.48265,1.00,1.00
2017.01.17 10:22:41.614,8.48117,8.48273,1.00,1.00
2017.01.17 10:22:41.665,8.48131,8.48259,1.00,1.00
2017.01.17 10:22:41.716,8.48119,8.48259,1.00,1.00
2017.01.17 10:22:41.767,8.4813,8.48279,1.00,1.00
2017.01.17 10:22:41.832,8.4813,8.48283,1.00,1.00
2017.01.17 10:22:41.883,8.48152,8.48303,1.00,1.00
2017.01.17 10:22:41.984,8.48132,8.4829,1.00,1.00
2017.01.17 10:22:42.035,8.4813,8.4829,1.00,1.00
2017.01.17 10:22:42.734,8.48138,8.4829,1.00,1.00
2017.01.17 10:22:43.611,8.48125,8.4829,2.25,1.00
2017.01.17 10:22:44.220,8.48125,8.48274,1.50,1.00
2017.01.17 10:22:44.270,8.48125,8.4829,1.50,1.00
2017.01.17 10:22:46.526,8.4813,8.4829,1.00,1.00
2017.01.17 10:22:46.881,8.4815,8.4829,1.60,1.00
2017.01.17 10:22:47.157,8.4815,8.48306,1.60,1.00
2017.01.17 10:22:47.532,8.48151,8.48306,1.00,1.00
2017.01.17 10:22:47.633,8.48139,8.48295,1.00,1.00
2017.01.17 10:22:47.733,8.48129,8.48285,1.00,1.00
2017.01.17 10:22:48.037,8.48123,8.48252,1.00,1.00
2017.01.17 10:22:48.088,8.48123,8.48259,1.00,1.00
2017.01.17 10:22:48.189,8.48123,8.48273,1.00,1.00
2017.01.17 10:22:48.457,8.48117,8.48273,1.00,1.00
2017.01.17 10:22:48.508,8.48136,8.4826,1.00,1.00
2017.01.17 10:22:48.609,8.48119,8.4826,1.00,1.00
2017.01.17 10:22:48.660,8.48102,8.48257,1.00,1.00
2017.01.17 10:22:48.812,8.48093,8.48236,1.00,1.00
2017.01.17 10:22:48.963,8.48079,8.48231,1.00,1.00
2017.01.17 10:22:49.522,8.48069,8.48225,1.00,1.00
2017.01.17 10:22:50.587,8.48064,8.48209,1.00,1.00
2017.01.17 10:22:50.789,8.4807,8.48226,1.00,1.00
2017.01.17 10:22:51.638,8.48078,8.48231,1.00,1.00
2017.01.17 10:22:51.918,8.48069,8.48225,1.00,1.00
2017.01.17 10:22:52.882,8.48067,8.48222,1.00,1.00
2017.01.17 10:22:53.876,8.48073,8.48229,1.00,1.00
2017.01.17 10:22:54.066,8.48077,8.48231,1.00,1.00
2017.01.17 10:22:54.378,8.48064,8.48215,1.00,1.00
2017.01.17 10:22:54.580,8.48044,8.48196,1.00,1.00
2017.01.17 10:22:54.681,8.4806,8.48216,1.50,1.00
2017.01.17 10:22:54.783,8.48079,8.48226,1.00,1.00
2017.01.17 10:22:55.615,8.48095,8.48226,1.00,1.00
2017.01.17 10:22:55.788,8.48099,8.48242,1.00,1.00
2017.01.17 10:22:55.889,8.48099,8.48248,1.00,1.00
2017.01.17 10:22:55.990,8.48079,8.48223,1.00,1.00
2017.01.17 10:22:56.041,8.48075,8.48223,1.00,1.00
2017.01.17 10:22:56.196,8.48071,8.48211,1.00,1.00
2017.01.17 10:22:56.297,8.48046,8.48211,1.00,1.00
2017.01.17 10:22:56.450,8.48046,8.48192,1.00,1.00
2017.01.17 10:22:56.501,8.48043,8.48192,1.00,1.00
2017.01.17 10:22:56.819,8.48038,8.48192,1.00,1.00
2017.01.17 10:22:56.970,8.48025,8.48192,1.00,1.00
2017.01.17 10:22:57.239,8.48032,8.48192,1.00,1.00
2017.01.17 10:22:57.290,8.48025,8.48192,1.00,1.00
2017.01.17 10:22:58.188,8.4803,8.48186,1.00,1.00
2017.01.17 10:22:58.569,8.48065,8.48186,1.00,1.00
2017.01.17 10:22:59.119,8.48065,8.48187,1.00,1.00
2017.01.17 10:22:59.807,8.48065,8.48192,1.00,1.00
2017.01.17 10:22:59.858,8.48092,8.48192,1.00,1.00
2017.01.17 10:22:59.909,8.48075,8.48192,1.00,1.00
2017.01.17 10:23:00.094,8.48088,8.48192,1.00,1.00
2017.01.17 10:23:00.420,8.48088,8.48212,1.00,1.00
2017.01.17 10:23:00.502,8.48088,8.48224,1.00,1.00
2017.01.17 10:23:00.553,8.48088,8.48217,1.00,1.00
2017.01.17 10:23:00.855,8.48088,8.48187,1.00,1.00
2017.01.17 10:23:01.202,8.48088,8.48172,1.00,1.00
2017.01.17 10:23:01.253,8.48033,8.48178,1.00,1.00
2017.01.17 10:23:01.354,8.48056,8.48178,1.00,1.00
2017.01.17 10:23:01.505,8.48056,8.48185,1.00,1.00
2017.01.17 10:23:01.714,8.48079,8.48185,1.00,1.00
2017.01.17 10:23:05.189,8.48079,8.48205,1.00,1.50
2017.01.17 10:23:07.220,8.48078,8.48205,1.00,1.00
2017.01.17 10:23:07.271,8.48088,8.48205,1.00,1.00
2017.01.17 10:23:07.322,8.48078,8.48225,1.00,1.00
2017.01.17 10:23:07.423,8.48078,8.48232,1.00,1.00
2017.01.17 10:23:07.474,8.48083,8.48232,1.00,1.00
2017.01.17 10:23:07.886,8.48094,8.48232,1.00,1.00
2017.01.17 10:23:08.188,8.48117,8.48232,1.00,1.00
2017.01.17 10:23:08.390,8.48091,8.48219,1.00,1.00
2017.01.17 10:23:08.818,8.48091,8.4821,1.00,1.00
2017.01.17 10:23:12.073,8.48119,8.4821,1.00,1.00
2017.01.17 10:23:12.124,8.48119,8.4823,1.00,1.00
2017.01.17 10:23:12.175,8.48119,8.48234,1.00,1.00
2017.01.17 10:23:13.447,8.48119,8.48241,1.00,1.00
2017.01.17 10:23:14.337,8.48119,8.48228,1.00,1.00
2017.01.17 10:23:16.204,8.48119,8.48229,1.00,1.00
2017.01.17 10:23:16.618,8.48119,8.48235,1.00,1.00
2017.01.17 10:23:18.366,8.48119,8.48244,1.00,1.00
2017.01.17 10:23:18.467,8.48128,8.48244,1.00,1.00
2017.01.17 10:23:18.518,8.48113,8.48244,1.00,1.00
2017.01.17 10:23:18.670,8.48123,8.48244,1.00,1.00
2017.01.17 10:23:18.972,8.48123,8.48228,1.00,1.00
2017.01.17 10:23:20.489,8.48123,8.48235,1.00,1.00
2017.01.17 10:23:20.590,8.48123,8.48246,1.00,1.00
2017.01.17 10:23:21.578,8.48123,8.48249,1.00,1.00
2017.01.17 10:23:22.070,8.48141,8.48249,1.00,1.00
2017.01.17 10:23:22.610,8.48141,8.48246,1.00,1.00
2017.01.17 10:23:23.068,8.48141,8.48258,1.00,1.50
2017.01.17 10:23:23.221,8.48141,8.48244,1.00,1.00
2017.01.17 10:23:23.592,8.48141,8.48236,1.00,1.00
2017.01.17 10:23:24.566,8.48141,8.48241,1.00,1.00
2017.01.17 10:23:25.197,8.48141,8.48254,1.00,1.00
2017.01.17 10:23:25.248,8.48091,8.48254,1.00,1.00
2017.01.17 10:23:25.408,8.48091,8.48227,1.00,1.00
2017.01.17 10:23:25.660,8.48019,8.48165,1.00,1.00
2017.01.17 10:23:25.711,8.48011,8.48165,1.00,1.00
2017.01.17 10:23:26.414,8.48006,8.4816,1.00,1.00
2017.01.17 10:23:27.206,8.48005,8.48153,1.00,1.00
2017.01.17 10:23:27.257,8.48006,8.48161,1.00,1.00
2017.01.17 10:23:27.518,8.48016,8.48161,1.00,1.00
2017.01.17 10:23:27.835,8.48037,8.48161,1.00,1.00
2017.01.17 10:23:28.311,8.48037,8.48172,1.00,1.00
2017.01.17 10:23:30.739,8.48037,8.48167,1.00,1.00
2017.01.17 10:23:31.041,8.48037,8.48164,1.00,1.00
2017.01.17 10:23:31.390,8.48037,8.48135,1.00,1.00
2017.01.17 10:23:31.444,8.48037,8.48138,1.00,1.00
2017.01.17 10:23:31.546,8.48037,8.48121,1.00,1.00
2017.01.17 10:23:31.596,8.47976,8.48121,1.00,1.00
2017.01.17 10:23:31.711,8.47976,8.48104,1.00,1.00
2017.01.17 10:23:32.318,8.47976,8.4812,1.00,1.00
2017.01.17 10:23:32.423,8.48008,8.4812,1.00,1.00
2017.01.17 10:23:32.693,8.48008,8.48126,1.00,1.00
2017.01.17 10:23:32.946,8.48028,8.48125,1.00,1.00
2017.01.17 10:23:33.868,8.47957,8.48125,1.00,1.00
2017.01.17 10:23:33.934,8.47949,8.48077,1.00,1.00
2017.01.17 10:23:33.987,8.47924,8.48077,1.00,1.00
2017.01.17 10:23:34.038,8.47914,8.48077,1.00,1.00
2017.01.17 10:23:34.189,8.4793,8.48097,1.00,1.50
2017.01.17 10:23:34.290,8.47913,8.48116,1.00,1.00
2017.01.17 10:23:34.424,8.47934,8.48116,1.00,1.00
2017.01.17 10:23:34.475,8.47934,8.48157,1.00,1.12
2017.01.17 10:23:34.525,8.47934,8.48088,1.00,1.00
2017.01.17 10:23:34.837,8.47972,8.48088,1.00,1.00
2017.01.17 10:23:35.208,8.47972,8.48074,1.00,1.00
2017.01.17 10:23:35.410,8.47972,8.4808,1.00,1.00
2017.01.17 10:23:35.567,8.47935,8.4808,1.00,1.00
2017.01.17 10:23:35.669,8.47938,8.48088,1.00,1.00
2017.01.17 10:23:35.719,8.47977,8.48088,1.00,1.00
2017.01.17 10:23:36.107,8.47977,8.48081,1.00,1.00
2017.01.17 10:23:36.981,8.47977,8.48064,1.00,1.00
2017.01.17 10:23:37.032,8.47922,8.48064,1.00,1.00
2017.01.17 10:23:37.133,8.47921,8.48051,1.00,1.00
2017.01.17 10:23:37.298,8.47901,8.48051,1.00,1.00
2017.01.17 10:23:37.399,8.47898,8.48051,1.00,1.00
2017.01.17 10:23:37.920,8.4791,8.48051,1.00,1.00
2017.01.17 10:23:38.223,8.47932,8.4806,1.00,1.00
2017.01.17 10:23:38.529,8.47956,8.48064,1.00,1.00
2017.01.17 10:23:39.361,8.47956,8.48058,1.00,1.00
2017.01.17 10:23:40.327,8.47956,8.48057,1.00,1.00
2017.01.17 10:23:40.683,8.47956,8.48063,1.00,1.00
2017.01.17 10:23:40.807,8.47956,8.48061,1.00,1.00
2017.01.17 10:23:41.389,8.47956,8.48058,1.00,1.00
2017.01.17 10:23:41.516,8.47956,8.48061,1.00,1.00
2017.01.17 10:23:45.931,8.47968,8.48081,1.00,1.00
2017.01.17 10:23:46.012,8.47969,8.48085,1.00,1.00
2017.01.17 10:23:46.063,8.47969,8.48108,1.00,1.00
2017.01.17 10:23:46.299,8.47977,8.48108,1.00,1.00
2017.01.17 10:23:46.664,8.48005,8.48108,1.00,1.00
2017.01.17 10:23:49.455,8.48005,8.48101,1.00,1.00
2017.01.17 10:23:49.506,8.47971,8.48101,1.00,1.00
2017.01.17 10:23:49.557,8.47971,8.48108,1.00,1.00
2017.01.17 10:23:49.607,8.47977,8.48108,1.00,1.00
2017.01.17 10:23:49.930,8.47977,8.48119,1.00,1.00
2017.01.17 10:23:50.518,8.47977,8.48091,1.00,1.00
2017.01.17 10:23:50.569,8.47937,8.48091,1.00,1.00
2017.01.17 10:23:50.725,8.47931,8.48075,1.00,1.00
2017.01.17 10:23:50.853,8.47906,8.48081,1.00,1.00
2017.01.17 10:23:51.102,8.47955,8.48056,1.00,1.00
2017.01.17 10:23:51.518,8.47974,8.48056,1.00,1.00
2017.01.17 10:23:52.078,8.47974,8.48089,1.00,1.00
2017.01.17 10:23:53.005,8.47974,8.48089,1.00,1.04
2017.01.17 10:23:53.213,8.47945,8.48073,1.00,1.00
2017.01.17 10:23:55.250,8.47945,8.48074,1.00,1.00
2017.01.17 10:23:56.714,8.47922,8.48051,1.00,1.00
2017.01.17 10:23:56.865,8.47885,8.4804,1.00,1.00
2017.01.17 10:23:56.916,8.47879,8.48018,1.00,1.00
2017.01.17 10:23:57.169,8.47857,8.48005,1.00,1.00
2017.01.17 10:23:59.003,8.47857,8.48003,1.00,1.00
2017.01.17 10:23:59.877,8.47863,8.48015,1.00,1.00
2017.01.17 10:24:00.039,8.47875,8.48015,1.00,1.00
2017.01.17 10:24:00.150,8.47863,8.48015,1.00,1.00
2017.01.17 10:24:00.438,8.47875,8.48015,1.00,1.00
2017.01.17 10:24:01.364,8.47875,8.48017,1.00,1.00
2017.01.17 10:24:02.511,8.47882,8.48024,1.00,1.00
2017.01.17 10:24:02.955,8.47875,8.48024,1.00,1.00
2017.01.17 10:24:03.106,8.47871,8.48024,1.00,1.00
2017.01.17 10:24:03.640,8.47864,8.48019,1.00,1.00
2017.01.17 10:24:03.926,8.47857,8.48011,1.50,1.00
2017.01.17 10:24:04.908,8.47861,8.48015,1.00,1.00
2017.01.17 10:24:06.247,8.4786,8.48015,1.00,1.00
2017.01.17 10:24:07.284,8.4788,8.48024,1.00,1.00
2017.01.17 10:24:07.587,8.47885,8.48024,1.00,1.00
2017.01.17 10:24:08.258,8.4789,8.48024,1.00,1.00
2017.01.17 10:24:09.408,8.47867,8.48021,1.00,1.00
2017.01.17 10:24:09.458,8.47867,8.47991,1.00,1.00
2017.01.17 10:24:09.610,8.47811,8.47947,1.00,1.00
2017.01.17 10:24:09.811,8.47793,8.47947,1.00,1.50
2017.01.17 10:24:10.389,8.4778,8.47932,1.00,1.00
2017.01.17 10:24:10.541,8.4779,8.47944,1.00,1.00
2017.01.17 10:24:10.693,8.47781,8.47933,1.00,1.00
2017.01.17 10:24:11.306,8.47752,8.47893,1.00,1.00
2017.01.17 10:24:11.666,8.47752,8.47883,1.00,1.00
2017.01.17 10:24:11.971,8.47752,8.47893,1.00,1.00
2017.01.17 10:24:12.123,8.47723,8.47874,1.00,1.00
2017.01.17 10:24:12.617,8.47723,8.47861,1.00,1.00
2017.01.17 10:24:12.718,8.47707,8.47861,1.00,1.00
2017.01.17 10:24:13.489,8.4773,8.47866,1.00,1.00
2017.01.17 10:24:13.814,8.47714,8.47866,1.00,1.00
2017.01.17 10:24:13.915,8.47702,8.47856,1.00,1.00
2017.01.17 10:24:13.965,8.47701,8.47846,1.00,1.00
2017.01.17 10:24:14.016,8.47691,8.47846,1.00,1.50
2017.01.17 10:24:14.067,8.47723,8.47846,1.00,1.00
2017.01.17 10:24:14.218,8.47688,8.47843,1.00,1.00
2017.01.17 10:24:14.269,8.47774,8.47846,1.00,1.00
2017.01.17 10:24:14.319,8.47733,8.47846,1.00,1.00
2017.01.17 10:24:14.472,8.47733,8.47888,1.00,1.00
2017.01.17 10:24:14.532,8.47733,8.47854,1.00,1.00
2017.01.17 10:24:15.033,8.47701,8.47854,1.00,1.00
2017.01.17 10:24:15.386,8.47691,8.47845,1.00,1.00
2017.01.17 10:24:18.114,8.47719,8.47854,1.00,1.00
2017.01.17 10:24:18.316,8.47719,8.47873,1.00,1.00
2017.01.17 10:24:18.922,8.4773,8.47873,1.00,1.00
2017.01.17 10:24:19.124,8.47713,8.47857,1.00,1.00
2017.01.17 10:24:19.175,8.47713,8.47847,1.00,1.00
2017.01.17 10:24:19.344,8.47707,8.47847,1.00,1.00
2017.01.17 10:24:20.076,8.47707,8.47839,1.00,1.00
2017.01.17 10:24:21.230,8.47707,8.47838,1.00,1.00
2017.01.17 10:24:21.280,8.47707,8.47847,1.00,1.00
2017.01.17 10:24:23.447,8.47707,8.47848,1.00,1.00
2017.01.17 10:24:23.757,8.47681,8.47833,1.50,1.00
2017.01.17 10:24:23.959,8.47681,8.47825,1.00,1.00
2017.01.17 10:24:24.673,8.47685,8.47825,1.00,1.00
2017.01.17 10:24:25.677,8.47687,8.47825,1.00,1.00
2017.01.17 10:24:27.983,8.47686,8.47825,1.00,1.00
2017.01.17 10:24:31.292,8.47687,8.47825,1.00,1.00
2017.01.17 10:24:32.124,8.47682,8.47825,1.00,1.00
2017.01.17 10:24:35.593,8.47675,8.47822,1.00,1.00
2017.01.17 10:24:36.299,8.47684,8.47825,1.00,1.00
2017.01.17 10:24:37.581,8.47685,8.47825,1.00,1.00
2017.01.17 10:24:38.004,8.47691,8.47825,1.00,1.00
2017.01.17 10:24:39.368,8.47698,8.47825,1.00,1.00
2017.01.17 10:24:39.469,8.47711,8.47848,1.00,1.00
2017.01.17 10:24:39.875,8.47725,8.47848,1.00,1.00
2017.01.17 10:24:40.830,8.47726,8.47848,1.00,1.00
2017.01.17 10:24:42.301,8.47722,8.47848,1.00,1.00
2017.01.17 10:24:43.347,8.47715,8.47848,1.00,1.00
2017.01.17 10:24:44.960,8.47716,8.47848,1.00,1.00
2017.01.17 10:24:45.295,8.47716,8.47866,1.00,1.00
2017.01.17 10:24:45.556,8.47715,8.47858,1.00,1.00
2017.01.17 10:24:46.126,8.47751,8.479,1.00,1.00
2017.01.17 10:24:46.226,8.4772,8.47871,1.00,1.00
2017.01.17 10:24:46.378,8.47715,8.47857,1.00,1.00
2017.01.17 10:24:47.749,8.47715,8.47848,1.00,1.00
2017.01.17 10:24:48.140,8.47701,8.47848,1.00,1.00
2017.01.17 10:24:50.358,8.47695,8.47842,1.00,1.00
2017.01.17 10:24:50.664,8.4768,8.47826,1.00,1.00
2017.01.17 10:24:51.550,8.47676,8.47823,1.00,1.00
2017.01.17 10:24:52.133,8.47689,8.47823,1.00,1.00
2017.01.17 10:24:52.183,8.47689,8.47826,1.00,1.00
2017.01.17 10:24:52.285,8.47707,8.47826,1.00,1.00
2017.01.17 10:24:52.596,8.47774,8.47878,1.00,1.00
2017.01.17 10:24:52.697,8.47733,8.47878,1.00,1.00
2017.01.17 10:24:53.201,8.47716,8.47857,1.00,1.00
2017.01.17 10:24:53.589,8.47713,8.47852,1.00,1.00
2017.01.17 10:24:55.387,8.47713,8.47853,1.00,1.00
2017.01.17 10:24:55.901,8.47715,8.47863,1.00,1.00
2017.01.17 10:24:56.002,8.47742,8.47863,1.00,1.00
2017.01.17 10:24:56.154,8.47729,8.47863,1.00,1.00
2017.01.17 10:24:56.205,8.47761,8.47875,1.00,1.00
2017.01.17 10:24:56.306,8.47729,8.47875,1.00,1.00
2017.01.17 10:24:56.407,8.47729,8.47848,1.00,1.00
2017.01.17 10:24:57.471,8.47701,8.47848,1.00,1.00
2017.01.17 10:25:00.556,8.47697,8.47848,1.00,1.00
2017.01.17 10:25:00.971,8.47695,8.47846,1.00,1.00
2017.01.17 10:25:01.296,8.47689,8.47835,1.00,1.00
2017.01.17 10:25:02.311,8.47689,8.4783,1.00,1.00
2017.01.17 10:25:02.618,8.47673,8.47807,1.00,1.00
2017.01.17 10:25:02.901,8.47673,8.47812,1.00,1.00
2017.01.17 10:25:03.002,8.47681,8.47831,1.00,1.00
2017.01.17 10:25:05.548,8.47685,8.47835,1.00,1.00
2017.01.17 10:25:06.480,8.47686,8.47836,1.00,1.00
2017.01.17 10:25:07.488,8.47681,8.47832,1.00,1.00
2017.01.17 10:25:07.986,8.47674,8.47823,1.00,1.00
2017.01.17 10:25:08.561,8.47693,8.47836,1.00,1.00
2017.01.17 10:25:08.866,8.47741,8.47836,1.00,1.00
2017.01.17 10:25:09.319,8.47741,8.47892,1.00,1.00
2017.01.17 10:25:09.557,8.47715,8.47866,1.00,1.00
2017.01.17 10:25:09.881,8.47721,8.47872,1.00,1.00
2017.01.17 10:25:10.182,8.47767,8.47916,1.00,1.00
2017.01.17 10:25:11.189,8.47755,8.47906,1.00,1.00
2017.01.17 10:25:11.765,8.4778,8.47931,1.00,1.00
2017.01.17 10:25:12.080,8.4778,8.47907,1.00,1.00
2017.01.17 10:25:12.497,8.47788,8.47907,1.00,1.00
2017.01.17 10:25:12.751,8.47778,8.47907,1.00,1.00
2017.01.17 10:25:13.210,8.47778,8.47929,1.00,1.00
2017.01.17 10:25:13.387,8.4779,8.47934,1.00,1.00
2017.01.17 10:25:13.742,8.47795,8.47934,1.00,1.00
2017.01.17 10:25:14.037,8.47795,8.47946,1.00,1.00
2017.01.17 10:25:14.527,8.47791,8.47939,1.00,1.00
2017.01.17 10:25:14.886,8.47785,8.47934,1.00,1.00
2017.01.17 10:25:15.660,8.4779,8.4794,1.00,1.00
2017.01.17 10:25:15.761,8.47798,8.47949,1.00,1.00
2017.01.17 10:25:16.750,8.478,8.47951,1.00,1.00
2017.01.17 10:25:17.481,8.47803,8.4795,1.00,1.00
2017.01.17 10:25:17.632,8.47814,8.47963,1.00,1.00
2017.01.17 10:25:17.683,8.47847,8.47996,1.00,1.00
2017.01.17 10:25:17.986,8.47859,8.48008,1.00,1.00
2017.01.17 10:25:18.287,8.47848,8.47995,1.00,1.00
2017.01.17 10:25:18.667,8.47871,8.48018,1.00,1.00
2017.01.17 10:25:18.768,8.47881,8.4803,1.00,1.00
2017.01.17 10:25:18.819,8.47869,8.48018,1.00,1.00
2017.01.17 10:25:19.130,8.47855,8.48004,1.00,1.00
2017.01.17 10:25:19.711,8.47863,8.48011,1.00,1.00
2017.01.17 10:25:21.383,8.47854,8.48003,1.00,1.00
2017.01.17 10:25:21.541,8.47846,8.47995,1.00,1.00
2017.01.17 10:25:22.376,8.47851,8.48,1.00,1.00
2017.01.17 10:25:26.300,8.47837,8.47986,1.00,1.00
2017.01.17 10:25:26.604,8.47845,8.47994,1.00,1.00
2017.01.17 10:25:26.928,8.47824,8.47959,1.00,1.00
2017.01.17 10:25:27.355,8.47824,8.47946,1.00,1.00
2017.01.17 10:25:27.406,8.47835,8.47982,1.00,1.00
2017.01.17 10:25:27.457,8.47815,8.47962,1.00,1.50
2017.01.17 10:25:27.762,8.47841,8.47962,1.00,1.00
2017.01.17 10:25:27.813,8.47841,8.48008,1.00,1.00
2017.01.17 10:25:27.864,8.47832,8.47989,1.00,1.00
2017.01.17 10:25:28.167,8.47819,8.47968,1.00,1.00
2017.01.17 10:25:28.470,8.47811,8.47938,1.00,1.00
2017.01.17 10:25:28.571,8.47791,8.47938,1.00,1.00
2017.01.17 10:25:28.975,8.47788,8.47928,1.00,1.00
2017.01.17 10:25:29.694,8.47788,8.47945,1.00,1.00
2017.01.17 10:25:29.744,8.47789,8.47936,1.00,1.00
2017.01.17 10:25:29.795,8.47804,8.47953,1.00,1.50
2017.01.17 10:25:29.997,8.47817,8.47953,1.00,1.00
2017.01.17 10:25:30.434,8.47847,8.47953,1.00,1.00
2017.01.17 10:25:30.536,8.47847,8.47985,1.00,1.00
2017.01.17 10:25:30.986,8.47826,8.47975,1.00,1.00
2017.01.17 10:25:31.957,8.47825,8.47974,1.00,1.00
2017.01.17 10:25:32.191,8.47817,8.47963,1.00,1.00
2017.01.17 10:25:32.720,8.47817,8.47959,1.00,1.00
2017.01.17 10:25:32.974,8.47788,8.47937,1.00,1.00
2017.01.17 10:25:33.075,8.47772,8.47914,1.00,1.00
2017.01.17 10:25:33.278,8.47752,8.47901,1.00,1.00
2017.01.17 10:25:33.631,8.47769,8.47907,1.00,1.00
2017.01.17 10:25:33.783,8.47769,8.47918,1.00,1.00
2017.01.17 10:25:34.048,8.47781,8.4793,1.00,1.00
2017.01.17 10:25:34.495,8.4779,8.4793,1.00,1.00
2017.01.17 10:25:35.035,8.4779,8.47928,1.00,1.00
2017.01.17 10:25:35.429,8.4779,8.47912,1.00,1.00
2017.01.17 10:25:35.679,8.47766,8.47901,1.00,1.00
2017.01.17 10:25:35.729,8.47766,8.4788,1.00,1.00
2017.01.17 10:25:35.780,8.47748,8.4788,1.00,1.00
2017.01.17 10:25:36.257,8.47732,8.4788,1.50,1.00
2017.01.17 10:25:36.799,8.47732,8.47879,1.50,1.00
2017.01.17 10:25:37.371,8.47732,8.47873,1.00,1.00
2017.01.17 10:25:37.422,8.47733,8.4788,1.00,1.00
2017.01.17 10:25:38.375,8.47739,8.47886,1.00,1.00
2017.01.17 10:25:39.379,8.47742,8.47891,1.00,1.00
2017.01.17 10:25:39.635,8.47733,8.47882,1.00,1.00
2017.01.17 10:25:40.470,8.47732,8.47872,1.00,1.00
2017.01.17 10:25:40.837,8.47732,8.47879,1.00,1.00
2017.01.17 10:25:41.293,8.47732,8.47854,1.00,1.00
2017.01.17 10:25:41.344,8.47729,8.47854,1.00,1.00
2017.01.17 10:25:41.899,8.47705,8.47854,2.25,1.00
2017.01.17 10:25:42.000,8.47705,8.47843,1.00,1.00
2017.01.17 10:25:42.544,8.47705,8.47825,1.00,1.00
2017.01.17 10:25:42.879,8.4768,8.47785,1.00,1.00
2017.01.17 10:25:43.030,8.4768,8.47801,1.00,1.00
2017.01.17 10:25:43.081,8.47652,8.47801,1.00,1.00
2017.01.17 10:25:43.793,8.47651,8.47786,1.00,1.00
2017.01.17 10:25:44.161,8.47651,8.47757,1.00,1.00
2017.01.17 10:25:44.213,8.47628,8.47736,1.00,1.00
2017.01.17 10:25:44.315,8.47607,8.47736,1.00,1.00
2017.01.17 10:25:44.993,8.47587,8.47736,1.00,1.00
2017.01.17 10:25:45.195,8.47589,8.47737,1.00,1.00
2017.01.17 10:25:45.451,8.47602,8.47751,1.00,1.50
2017.01.17 10:25:45.502,8.47616,8.47751,1.00,1.00
2017.01.17 10:25:45.603,8.47617,8.47766,1.00,1.00
2017.01.17 10:25:46.457,8.47616,8.47761,1.00,1.00
2017.01.17 10:25:47.029,8.47625,8.47774,1.00,1.00
2017.01.17 10:25:47.231,8.47639,8.47774,1.00,1.00
2017.01.17 10:25:47.556,8.47639,8.47747,1.00,1.00
2017.01.17 10:25:47.880,8.47605,8.47733,1.00,1.00
2017.01.17 10:25:48.014,8.47605,8.47733,1.00,1.60
2017.01.17 10:25:48.316,8.47574,8.47641,1.00,1.00
2017.01.17 10:25:48.518,8.4752,8.47641,1.00,1.00
2017.01.17 10:25:48.720,8.47499,8.47641,1.00,1.00
2017.01.17 10:25:49.258,8.47499,8.47637,1.00,1.00
2017.01.17 10:25:49.591,8.47499,8.47629,1.00,1.00
2017.01.17 10:25:49.908,8.47499,8.47623,1.00,1.00
2017.01.17 10:25:50.221,8.47499,8.47611,1.00,1.00
2017.01.17 10:25:50.322,8.47499,8.47627,1.00,1.00
2017.01.17 10:25:50.526,8.47499,8.47646,1.00,1.00
2017.01.17 10:25:51.231,8.47499,8.47638,1.00,1.00
2017.01.17 10:25:51.547,8.47499,8.47629,1.00,1.00
2017.01.17 10:25:52.176,8.47499,8.47666,1.00,1.00
2017.01.17 10:25:52.334,8.47493,8.47685,1.00,1.00
2017.01.17 10:25:52.385,8.47493,8.47723,1.00,1.37
2017.01.17 10:25:52.518,8.47493,8.47638,1.00,1.00
2017.01.17 10:25:53.126,8.47489,8.47638,1.00,1.00
2017.01.17 10:25:53.180,8.47471,8.47703,1.00,1.37
2017.01.17 10:25:53.281,8.47438,8.47717,1.00,1.87
2017.01.17 10:25:53.520,8.47463,8.47695,1.00,1.00
2017.01.17 10:25:53.948,8.47492,8.4764,1.00,1.00
2017.01.17 10:25:54.050,8.47504,8.47653,1.00,1.00
2017.01.17 10:25:54.151,8.47494,8.47643,1.00,1.00
2017.01.17 10:25:54.470,8.47513,8.47643,1.00,1.00
2017.01.17 10:25:54.773,8.47513,8.4764,1.00,1.00
2017.01.17 10:25:55.273,8.47513,8.4763,1.00,1.00
2017.01.17 10:25:56.274,8.47513,8.47628,1.00,1.00
2017.01.17 10:25:56.609,8.47513,8.47633,1.00,1.00
2017.01.17 10:25:56.710,8.47513,8.47648,1.00,1.00
2017.01.17 10:25:57.067,8.47499,8.47648,1.00,1.00
2017.01.17 10:25:57.450,8.47497,8.47644,1.00,1.00
2017.01.17 10:26:00.262,8.47496,8.47626,1.00,1.00
2017.01.17 10:26:00.780,8.47496,8.47637,1.00,1.00
2017.01.17 10:26:01.901,8.47496,8.47632,1.00,1.00
2017.01.17 10:26:02.425,8.47496,8.4764,1.00,1.00
2017.01.17 10:26:03.425,8.47496,8.47641,1.00,1.00
2017.01.17 10:26:06.502,8.47497,8.47645,1.00,1.00
2017.01.17 10:26:06.779,8.47496,8.4763,1.00,1.00
2017.01.17 10:26:07.755,8.47496,8.47625,1.00,1.00
2017.01.17 10:26:08.249,8.47496,8.4763,1.00,1.00
2017.01.17 10:26:08.374,8.47496,8.47622,1.00,1.00
2017.01.17 10:26:08.880,8.47495,8.47622,1.00,1.00
2017.01.17 10:26:09.205,8.47501,8.47622,1.00,1.00
2017.01.17 10:26:09.356,8.47501,8.47626,1.00,1.00
2017.01.17 10:26:09.766,8.47501,8.47632,1.00,1.00
2017.01.17 10:26:10.122,8.47501,8.47623,1.00,1.00
2017.01.17 10:26:10.766,8.47501,8.4763,1.00,1.00
2017.01.17 10:26:10.876,8.47501,8.47641,1.00,1.00
2017.01.17 10:26:10.978,8.4751,8.47657,1.00,1.00
2017.01.17 10:26:11.179,8.47516,8.47657,1.00,1.00
2017.01.17 10:26:11.930,8.47516,8.47653,1.00,1.00
2017.01.17 10:26:12.374,8.47516,8.47649,1.00,1.00
2017.01.17 10:26:13.279,8.47516,8.47652,1.00,1.00
2017.01.17 10:26:16.551,8.47516,8.4765,1.00,1.00
2017.01.17 10:26:17.233,8.47516,8.4764,1.00,1.00
2017.01.17 10:26:17.384,8.47501,8.47631,1.00,1.00
2017.01.17 10:26:17.485,8.47504,8.47651,1.00,1.00
2017.01.17 10:26:17.536,8.47518,8.47653,1.00,1.00
2017.01.17 10:26:17.587,8.47518,8.47663,1.00,1.00
2017.01.17 10:26:18.564,8.47522,8.47669,1.00,1.00
2017.01.17 10:26:18.614,8.4751,8.47657,1.50,1.00
2017.01.17 10:26:20.054,8.4751,8.47661,1.50,1.00
2017.01.17 10:26:21.494,8.47514,8.47664,1.00,1.00
2017.01.17 10:26:25.565,8.47512,8.47663,1.00,1.00
2017.01.17 10:26:27.507,8.47513,8.47664,1.00,1.00
2017.01.17 10:26:28.488,8.47524,8.4767,1.00,1.00
2017.01.17 10:26:28.589,8.47525,8.47676,1.00,1.00
2017.01.17 10:26:28.690,8.47537,8.47677,1.00,1.00
2017.01.17 10:26:28.741,8.47544,8.47688,1.00,1.00
2017.01.17 10:26:29.629,8.47544,8.47689,1.00,1.00
2017.01.17 10:26:31.074,8.47544,8.47681,1.00,1.00
2017.01.17 10:26:34.065,8.47544,8.47688,1.00,1.00
2017.01.17 10:26:34.166,8.47544,8.47695,1.50,1.00
2017.01.17 10:26:34.217,8.47559,8.4771,1.00,1.00
2017.01.17 10:26:34.520,8.47585,8.47711,1.00,1.00
2017.01.17 10:26:34.672,8.47585,8.47736,1.00,1.00
2017.01.17 10:26:35.335,8.47579,8.4773,1.00,1.00
2017.01.17 10:26:35.654,8.47576,8.47725,1.00,1.00
2017.01.17 10:26:35.957,8.47586,8.47737,1.00,1.00
2017.01.17 10:26:36.030,8.47603,8.4774,1.00,1.00
2017.01.17 10:26:36.232,8.47597,8.4774,1.00,1.00
2017.01.17 10:26:36.335,8.47597,8.47728,1.00,1.00
2017.01.17 10:26:36.637,8.47576,8.47713,1.00,1.00
2017.01.17 10:26:39.045,8.47576,8.47717,1.00,1.00
2017.01.17 10:26:39.278,8.47576,8.47727,1.50,1.00
2017.01.17 10:26:40.206,8.47578,8.47729,1.00,1.00
2017.01.17 10:26:40.518,8.47606,8.47738,1.00,1.00
2017.01.17 10:26:40.821,8.47651,8.47763,1.00,1.00
2017.01.17 10:26:40.872,8.47573,8.47711,1.00,1.00
2017.01.17 10:26:40.923,8.47608,8.47707,1.00,1.00
2017.01.17 10:26:41.025,8.47608,8.47741,1.00,1.00
2017.01.17 10:26:41.076,8.47617,8.47716,1.00,1.00
2017.01.17 10:26:41.138,8.47578,8.47708,1.00,4.50
2017.01.17 10:26:41.190,8.47578,8.47715,1.00,1.00
2017.01.17 10:26:41.291,8.47593,8.47712,1.00,1.00
2017.01.17 10:26:41.392,8.47604,8.47744,1.00,1.00
2017.01.17 10:26:41.536,8.47612,8.47762,1.00,1.00
2017.01.17 10:26:41.895,8.4763,8.47781,1.00,1.00
2017.01.17 10:26:41.946,8.47629,8.47717,1.00,1.00
2017.01.17 10:26:41.997,8.47629,8.47719,1.00,1.00
2017.01.17 10:26:42.098,8.47618,8.477,1.00,1.00
2017.01.17 10:26:42.300,8.47618,8.47748,1.00,1.00
2017.01.17 10:26:42.555,8.47613,8.47748,1.00,1.00
2017.01.17 10:26:42.946,8.47622,8.47748,1.00,1.00
2017.01.17 10:26:43.581,8.47622,8.47749,1.00,1.00
2017.01.17 10:26:43.936,8.47613,8.47749,1.00,1.00
2017.01.17 10:26:44.050,8.47621,8.47749,1.00,1.00
2017.01.17 10:26:44.422,8.47621,8.47756,1.00,1.00
2017.01.17 10:26:44.649,8.47621,8.47698,1.00,1.00
2017.01.17 10:26:44.750,8.47621,8.47725,1.00,1.00
2017.01.17 10:26:44.801,8.47621,8.47707,1.00,1.00
2017.01.17 10:26:45.003,8.47616,8.47729,1.00,1.00
2017.01.17 10:26:45.104,8.47616,8.47757,1.00,1.00
2017.01.17 10:26:45.255,8.47608,8.47757,1.00,1.00
2017.01.17 10:26:45.911,8.47604,8.47755,1.00,1.00
2017.01.17 10:26:46.029,8.47613,8.47755,1.00,1.00
2017.01.17 10:26:46.079,8.47604,8.47755,1.00,1.00
2017.01.17 10:26:46.314,8.47602,8.47748,1.00,1.00
2017.01.17 10:26:46.365,8.4759,8.47738,1.00,1.00
2017.01.17 10:26:46.437,8.47597,8.4775,1.00,1.00
2017.01.17 10:26:46.488,8.4759,8.47736,1.00,1.00
2017.01.17 10:26:46.589,8.47598,8.47745,1.00,1.00
2017.01.17 10:26:46.691,8.4759,8.47726,1.00,1.00
2017.01.17 10:26:46.994,8.47555,8.47703,1.00,1.00
2017.01.17 10:26:47.045,8.47554,8.47689,1.00,1.00
2017.01.17 10:26:47.391,8.47554,8.47691,1.00,1.00
2017.01.17 10:26:48.384,8.47554,8.47699,1.00,1.00
2017.01.17 10:26:48.886,8.47557,8.47706,1.00,1.00
2017.01.17 10:26:48.937,8.47554,8.47696,1.00,1.00
2017.01.17 10:26:50.566,8.47554,8.47695,1.00,1.00
2017.01.17 10:26:50.981,8.47548,8.47695,1.00,1.00
2017.01.17 10:26:51.186,8.47551,8.477,1.00,1.00
2017.01.17 10:26:51.439,8.47567,8.47701,1.00,1.00
2017.01.17 10:26:51.748,8.47572,8.47701,1.00,1.00
2017.01.17 10:26:55.487,8.47572,8.47712,1.00,1.00
2017.01.17 10:26:55.538,8.47577,8.47725,1.00,1.00
2017.01.17 10:26:56.317,8.47588,8.47728,1.00,1.00
2017.01.17 10:26:56.495,8.47598,8.47746,1.00,1.00
2017.01.17 10:26:57.056,8.47593,8.47738,1.00,1.00
2017.01.17 10:26:57.376,8.47589,8.47728,1.00,1.00
2017.01.17 10:26:58.205,8.47589,8.47733,1.00,1.00
2017.01.17 10:26:58.493,8.47597,8.47744,1.00,1.00
2017.01.17 10:26:59.131,8.47639,8.47752,1.00,1.00
2017.01.17 10:26:59.206,8.47624,8.47771,1.00,1.00
2017.01.17 10:26:59.509,8.47612,8.47759,1.00,1.00
2017.01.17 10:27:00.046,8.47613,8.47759,1.00,1.00
2017.01.17 10:27:00.667,8.47613,8.47758,1.00,1.00
2017.01.17 10:27:01.323,8.47618,8.47765,1.00,1.00
2017.01.17 10:27:02.766,8.47613,8.47759,1.00,1.00
2017.01.17 10:27:04.774,8.47613,8.47755,1.00,1.00
2017.01.17 10:27:05.098,8.47613,8.47745,1.00,1.00
2017.01.17 10:27:06.586,8.47613,8.47746,1.00,1.00
2017.01.17 10:27:06.987,8.47613,8.47736,1.00,1.00
2017.01.17 10:27:07.038,8.4759,8.47736,1.00,1.00
2017.01.17 10:27:07.089,8.47602,8.47747,1.00,1.00
2017.01.17 10:27:07.241,8.47613,8.4776,1.50,1.00
2017.01.17 10:27:10.606,8.47622,8.47767,1.00,1.00
2017.01.17 10:27:12.599,8.47622,8.47769,1.00,1.00
2017.01.17 10:27:13.106,8.47613,8.47757,1.00,1.00
2017.01.17 10:27:13.431,8.47588,8.47738,1.00,1.00
2017.01.17 10:27:13.533,8.47603,8.47741,1.00,1.00
2017.01.17 10:27:14.068,8.47612,8.47741,1.00,1.00
2017.01.17 10:27:14.170,8.47612,8.47759,1.00,1.00
2017.01.17 10:27:14.567,8.47619,8.47767,1.00,1.00
2017.01.17 10:27:15.515,8.47621,8.47768,1.00,1.50
2017.01.17 10:27:19.014,8.47625,8.47768,1.00,1.00
2017.01.17 10:27:19.266,8.47631,8.47778,1.00,1.00
2017.01.17 10:27:20.575,8.47628,8.47773,1.00,1.00
2017.01.17 10:27:20.883,8.4764,8.47787,1.00,1.00
2017.01.17 10:27:21.048,8.47653,8.47789,1.00,1.00
2017.01.17 10:27:21.352,8.47668,8.47815,1.00,1.50
2017.01.17 10:27:21.757,8.47657,8.47815,1.00,1.00
2017.01.17 10:27:21.807,8.4766,8.47787,1.00,1.00
2017.01.17 10:27:22.068,8.47648,8.47787,1.00,1.00
2017.01.17 10:27:22.373,8.47648,8.47776,1.00,1.00
2017.01.17 10:27:23.539,8.47648,8.47786,1.00,1.00
2017.01.17 10:27:23.733,8.47648,8.47793,1.00,1.00
2017.01.17 10:27:23.835,8.47659,8.47806,1.00,1.00
2017.01.17 10:27:23.936,8.47675,8.47815,1.00,1.00
2017.01.17 10:27:24.140,8.4765,8.47797,1.00,1.00
2017.01.17 10:27:24.190,8.47666,8.47797,1.00,1.00
2017.01.17 10:27:25.066,8.47666,8.47803,1.00,1.00
2017.01.17 10:27:25.167,8.47667,8.47811,1.00,1.00
2017.01.17 10:27:26.738,8.47667,8.47818,1.00,1.00
2017.01.17 10:27:26.852,8.47667,8.47815,1.00,1.00
2017.01.17 10:27:27.828,8.47667,8.47814,1.00,1.00
2017.01.17 10:27:29.420,8.47667,8.47811,1.00,1.00
2017.01.17 10:27:29.471,8.47667,8.47816,1.50,1.00
2017.01.17 10:27:30.499,8.47668,8.47818,1.00,1.00
2017.01.17 10:27:31.467,8.47672,8.47822,1.00,1.00
2017.01.17 10:27:31.773,8.4769,8.47822,1.00,1.00
2017.01.17 10:27:31.824,8.4769,8.47839,1.00,1.00
2017.01.17 10:27:32.026,8.47698,8.47849,1.00,1.00
2017.01.17 10:27:32.841,8.47705,8.47857,1.00,1.00
2017.01.17 10:27:32.892,8.47711,8.47861,1.00,1.00
2017.01.17 10:27:33.674,8.47719,8.4787,1.00,1.00
2017.01.17 10:27:33.876,8.47724,8.47874,1.00,1.00
2017.01.17 10:27:34.325,8.47722,8.47877,1.00,1.00
2017.01.17 10:27:34.376,8.47742,8.47877,1.00,1.00
2017.01.17 10:27:34.678,8.47726,8.47834,1.00,1.00
2017.01.17 10:27:34.729,8.47726,8.47877,1.00,1.50
2017.01.17 10:27:34.830,8.47761,8.47877,1.00,1.00
2017.01.17 10:27:35.527,8.47778,8.47877,1.00,1.00
2017.01.17 10:27:35.577,8.47746,8.47877,1.00,1.00
2017.01.17 10:27:35.679,8.47768,8.47877,1.00,1.00
2017.01.17 10:27:35.780,8.47746,8.47877,1.00,1.00
2017.01.17 10:27:35.931,8.47735,8.47877,1.00,1.00
2017.01.17 10:27:35.982,8.47764,8.47877,1.00,1.00
2017.01.17 10:27:36.184,8.47734,8.47877,1.00,1.00
2017.01.17 10:27:36.397,8.47733,8.47883,1.00,1.00
2017.01.17 10:27:37.057,8.47725,8.47876,1.00,1.00
2017.01.17 10:27:37.107,8.47715,8.47866,1.00,1.00
2017.01.17 10:27:37.410,8.477,8.47851,1.00,1.00
2017.01.17 10:27:37.713,8.47727,8.47865,1.00,1.00
2017.01.17 10:27:38.016,8.47728,8.47826,1.00,1.00
2017.01.17 10:27:38.218,8.47699,8.47826,1.00,1.00
2017.01.17 10:27:38.452,8.47717,8.47848,1.00,1.00
2017.01.17 10:27:38.609,8.47717,8.47864,1.00,1.00
2017.01.17 10:27:38.660,8.47717,8.47839,1.00,1.00
2017.01.17 10:27:38.811,8.47717,8.47847,1.00,1.00
2017.01.17 10:27:38.862,8.47717,8.47831,1.00,1.00
2017.01.17 10:27:38.963,8.47717,8.47845,1.00,1.00
2017.01.17 10:27:39.165,8.47694,8.47845,1.00,1.00
2017.01.17 10:27:39.317,8.477,8.47845,1.00,1.00
2017.01.17 10:27:39.670,8.477,8.47832,1.00,1.00
2017.01.17 10:27:39.973,8.477,8.47824,1.00,1.00
2017.01.17 10:27:40.327,8.47689,8.47823,1.00,1.00
2017.01.17 10:27:40.479,8.47681,8.47823,1.00,1.00
2017.01.17 10:27:40.530,8.47662,8.47799,1.00,1.00
2017.01.17 10:27:40.732,8.47648,8.47799,1.00,1.00
2017.01.17 10:27:40.936,8.47641,8.47779,1.00,1.00
2017.01.17 10:27:41.239,8.47641,8.47766,1.00,1.00
2017.01.17 10:27:41.732,8.47614,8.47765,1.00,1.00
2017.01.17 10:27:41.935,8.47643,8.47765,1.00,1.00
2017.01.17 10:27:41.985,8.47643,8.47775,1.00,1.00
2017.01.17 10:27:42.086,8.47608,8.47757,1.50,1.00
2017.01.17 10:27:42.389,8.47596,8.47747,1.00,1.00
2017.01.17 10:27:42.591,8.47611,8.47756,1.00,1.00
2017.01.17 10:27:42.793,8.47595,8.47746,1.00,1.00
2017.01.17 10:27:43.232,8.47589,8.47728,1.00,1.00
2017.01.17 10:27:43.741,8.47589,8.47735,1.00,1.00
2017.01.17 10:27:43.897,8.47589,8.47726,1.00,1.00
2017.01.17 10:27:44.528,8.47575,8.47726,1.00,1.00
2017.01.17 10:27:44.786,8.47546,8.47682,1.00,1.00
2017.01.17 10:27:45.091,8.47568,8.47682,1.00,1.00
2017.01.17 10:27:45.279,8.47531,8.47682,1.00,1.00
2017.01.17 10:27:45.748,8.47535,8.47683,1.00,1.00
2017.01.17 10:27:46.230,8.47546,8.47683,1.00,1.00
2017.01.17 10:27:46.746,8.47546,8.47687,1.00,1.00
2017.01.17 10:27:50.353,8.47546,8.47682,1.00,1.00
2017.01.17 10:27:51.674,8.47546,8.47684,1.00,1.00
2017.01.17 10:27:54.688,8.47549,8.47699,1.00,1.00
2017.01.17 10:27:55.091,8.47557,8.47708,1.00,1.50
2017.01.17 10:27:55.886,8.47567,8.47708,1.00,1.00
2017.01.17 10:27:55.937,8.47567,8.47718,1.00,1.00
2017.01.17 10:27:56.260,8.47563,8.47711,1.00,1.00
2017.01.17 10:27:56.462,8.4755,8.47702,1.00,1.00
2017.01.17 10:27:56.512,8.47556,8.47707,1.00,1.50
2017.01.17 10:27:57.334,8.47548,8.47699,1.00,1.00
2017.01.17 10:27:57.687,8.4754,8.4769,1.00,1.00
2017.01.17 10:27:58.759,8.47541,8.47692,1.00,1.00
2017.01.17 10:28:00.026,8.47579,8.47707,1.00,1.00
2017.01.17 10:28:00.076,8.47552,8.47703,1.00,1.00
2017.01.17 10:28:00.178,8.47559,8.47703,1.00,1.00
2017.01.17 10:28:00.481,8.47583,8.47703,1.00,1.00
2017.01.17 10:28:00.594,8.47583,8.47732,1.00,1.00
2017.01.17 10:28:01.418,8.47591,8.4774,1.00,1.00
2017.01.17 10:28:01.721,8.47601,8.4775,1.00,1.50
2017.01.17 10:28:02.270,8.47602,8.4775,1.00,1.00
2017.01.17 10:28:02.573,8.47622,8.4775,1.00,1.00
2017.01.17 10:28:02.760,8.47622,8.47771,1.00,1.00
2017.01.17 10:28:03.377,8.47625,8.47774,1.00,1.00
2017.01.17 10:28:03.901,8.47635,8.47784,1.00,1.00
2017.01.17 10:28:04.254,8.47646,8.47793,1.00,1.00
2017.01.17 10:28:04.554,8.47637,8.47786,1.00,1.00
2017.01.17 10:28:04.866,8.47654,8.47786,1.00,1.00
2017.01.17 10:28:04.917,8.47654,8.47795,1.00,1.00
2017.01.17 10:28:05.889,8.47654,8.47799,1.00,1.00
2017.01.17 10:28:05.990,8.47656,8.47803,1.00,1.00
2017.01.17 10:28:06.398,8.47654,8.478,1.00,1.00
2017.01.17 10:28:06.979,8.47647,8.47802,1.00,1.00
2017.01.17 10:28:07.181,8.47642,8.47791,1.00,1.00
2017.01.17 10:28:07.630,8.47635,8.47777,1.00,1.00
2017.01.17 10:28:07.681,8.47649,8.47798,1.00,1.00
2017.01.17 10:28:07.934,8.47649,8.47795,1.00,1.00
2017.01.17 10:28:08.156,8.47633,8.4778,1.00,1.00
2017.01.17 10:28:08.666,8.47633,8.47775,1.00,1.00
2017.01.17 10:28:10.467,8.47633,8.47778,1.00,1.00
2017.01.17 10:28:10.619,8.47642,8.47791,1.00,1.00
2017.01.17 10:28:10.720,8.47655,8.47798,1.00,1.00
2017.01.17 10:28:11.020,8.47643,8.47798,1.00,1.00
2017.01.17 10:28:11.288,8.47643,8.47792,1.00,1.00
2017.01.17 10:28:12.266,8.4764,8.47789,1.00,1.00
2017.01.17 10:28:13.253,8.47653,8.47798,1.00,1.00
2017.01.17 10:28:13.588,8.47679,8.47815,1.00,1.00
2017.01.17 10:28:13.754,8.4766,8.47815,1.00,1.00
2017.01.17 10:28:13.917,8.47656,8.47815,1.00,1.00
2017.01.17 10:28:14.261,8.47672,8.47821,1.00,1.50
2017.01.17 10:28:14.769,8.47677,8.47821,1.00,1.00
2017.01.17 10:28:16.739,8.47679,8.47821,1.00,1.00
2017.01.17 10:28:17.624,8.47673,8.47821,1.00,1.00
2017.01.17 10:28:18.230,8.47679,8.47821,1.00,1.00
2017.01.17 10:28:18.891,8.47691,8.47821,1.00,1.00
2017.01.17 10:28:19.106,8.47683,8.47829,1.00,1.00
2017.01.17 10:28:19.207,8.47683,8.47818,1.00,1.00
2017.01.17 10:28:19.309,8.47669,8.47818,1.00,1.00
2017.01.17 10:28:19.558,8.47663,8.47816,1.00,1.00
2017.01.17 10:28:19.710,8.47684,8.47825,1.00,1.00
2017.01.17 10:28:20.013,8.477,8.47849,1.00,1.00
2017.01.17 10:28:20.575,8.4769,8.47835,1.00,1.00
2017.01.17 10:28:20.945,8.4769,8.47814,1.00,1.00
2017.01.17 10:28:20.997,8.47668,8.47814,1.00,1.00
2017.01.17 10:28:21.147,8.47681,8.4783,1.00,1.00
2017.01.17 10:28:21.298,8.47694,8.47835,1.00,1.00
2017.01.17 10:28:21.399,8.47694,8.47843,1.00,1.00
2017.01.17 10:28:22.169,8.47692,8.47838,1.00,1.00
2017.01.17 10:28:22.476,8.47667,8.47807,1.00,1.00
2017.01.17 10:28:22.780,8.47677,8.47816,1.00,1.00
2017.01.17 10:28:22.882,8.47687,8.47836,1.00,1.00
2017.01.17 10:28:23.515,8.4768,8.47829,1.00,1.00
2017.01.17 10:28:25.613,8.47677,8.47823,1.00,1.00
2017.01.17 10:28:25.924,8.47677,8.47816,1.00,1.00
2017.01.17 10:28:26.231,8.47677,8.47819,1.00,1.00
2017.01.17 10:28:26.433,8.47684,8.47818,1.00,1.00
2017.01.17 10:28:27.385,8.47679,8.47818,1.00,1.00
2017.01.17 10:28:28.110,8.47706,8.47818,1.00,1.00
2017.01.17 10:28:28.212,8.47706,8.47852,1.00,1.00
2017.01.17 10:28:28.478,8.47685,8.47852,1.00,1.00
2017.01.17 10:28:28.642,8.47697,8.47844,1.00,1.00
2017.01.17 10:28:28.989,8.47685,8.47829,1.00,1.00
2017.01.17 10:28:29.979,8.47685,8.47833,1.50,1.00
2017.01.17 10:28:30.979,8.47685,8.47829,1.00,1.00
2017.01.17 10:28:31.846,8.47685,8.47821,1.00,1.00
2017.01.17 10:28:31.947,8.47672,8.47821,1.00,1.00
2017.01.17 10:28:32.152,8.47682,8.47826,1.00,1.00
2017.01.17 10:28:32.783,8.47691,8.47826,1.00,1.00
2017.01.17 10:28:33.229,8.477,8.47849,1.00,1.00
2017.01.17 10:28:33.331,8.47711,8.4786,1.00,1.00
2017.01.17 10:28:33.968,8.47703,8.47852,1.00,1.00
2017.01.17 10:28:34.952,8.47705,8.47854,1.00,1.00
2017.01.17 10:28:36.783,8.47697,8.47846,1.00,1.00
2017.01.17 10:28:42.776,8.47695,8.47844,1.00,1.00
2017.01.17 10:28:44.315,8.47702,8.47849,1.00,1.00
2017.01.17 10:28:44.416,8.47721,8.4787,1.00,1.00
2017.01.17 10:28:44.467,8.47734,8.47883,1.00,1.00
2017.01.17 10:28:45.417,8.4774,8.47887,1.00,1.00
2017.01.17 10:28:46.322,8.47749,8.47897,1.00,1.00
2017.01.17 10:28:46.435,8.47754,8.479,1.00,1.00
2017.01.17 10:28:46.741,8.47778,8.479,1.00,1.00
2017.01.17 10:28:46.964,8.47778,8.47925,1.00,1.00
2017.01.17 10:28:47.730,8.47772,8.47913,1.00,1.00
2017.01.17 10:28:48.033,8.47772,8.47889,1.00,1.00
2017.01.17 10:28:48.433,8.47772,8.47873,1.00,1.00
2017.01.17 10:28:48.764,8.47726,8.47873,1.00,1.00
2017.01.17 10:28:49.057,8.47726,8.47875,1.00,1.00
2017.01.17 10:28:49.108,8.47732,8.47881,1.00,1.00
2017.01.17 10:28:51.478,8.47739,8.47888,1.00,1.00
2017.01.17 10:28:52.445,8.47734,8.47883,1.00,1.00
2017.01.17 10:28:55.776,8.47739,8.47888,1.00,1.00
2017.01.17 10:28:56.106,8.47755,8.47904,1.00,1.00
2017.01.17 10:28:56.882,8.47757,8.47905,1.00,1.00
2017.01.17 10:28:57.753,8.47752,8.47899,1.00,1.00
2017.01.17 10:28:58.757,8.4775,8.47899,1.00,1.00
2017.01.17 10:28:59.409,8.4774,8.47889,1.00,1.00
2017.01.17 10:29:00.360,8.47735,8.47884,1.00,1.00
2017.01.17 10:29:01.002,8.47711,8.47886,1.00,1.00
2017.01.17 10:29:01.103,8.47712,8.47879,1.00,1.00
2017.01.17 10:29:01.406,8.47688,8.47824,1.00,1.00
2017.01.17 10:29:01.725,8.47688,8.47804,1.00,1.00
2017.01.17 10:29:02.174,8.47655,8.47804,1.00,1.00
2017.01.17 10:29:02.723,8.47654,8.47803,1.00,1.00
2017.01.17 10:29:04.694,8.47646,8.47795,1.00,1.00
2017.01.17 10:29:05.045,8.4764,8.47789,1.00,1.00
2017.01.17 10:29:05.376,8.47653,8.47802,1.00,1.00
2017.01.17 10:29:05.849,8.47663,8.47812,1.00,1.00
2017.01.17 10:29:06.824,8.47657,8.47806,1.00,1.00
2017.01.17 10:29:07.666,8.4767,8.47819,1.00,1.00
2017.01.17 10:29:07.968,8.47682,8.47831,1.00,1.00
2017.01.17 10:29:08.271,8.47669,8.47818,1.50,1.00
2017.01.17 10:29:08.679,8.47675,8.47822,1.00,1.00
2017.01.17 10:29:09.752,8.47669,8.47824,1.00,1.00
2017.01.17 10:29:09.853,8.47669,8.47803,1.00,1.00
2017.01.17 10:29:09.904,8.47669,8.47817,1.00,1.00
2017.01.17 10:29:10.106,8.47668,8.47812,1.00,1.00
2017.01.17 10:29:10.589,8.47669,8.47817,1.00,1.00
2017.01.17 10:29:10.912,8.47674,8.47823,1.00,1.00
2017.01.17 10:29:11.472,8.47684,8.47833,1.00,1.00
2017.01.17 10:29:12.465,8.47689,8.47836,1.00,1.00
2017.01.17 10:29:12.785,8.47669,8.47836,1.00,1.00
2017.01.17 10:29:12.886,8.47669,8.4781,1.00,1.00
2017.01.17 10:29:13.038,8.47659,8.47804,1.00,1.00
2017.01.17 10:29:13.088,8.4767,8.47804,1.00,1.00
2017.01.17 10:29:13.240,8.47686,8.47823,1.00,1.00
2017.01.17 10:29:13.292,8.47686,8.47835,1.00,1.00
2017.01.17 10:29:13.484,8.47671,8.4782,1.00,1.00
2017.01.17 10:29:14.379,8.47669,8.47815,1.00,1.00
2017.01.17 10:29:15.398,8.47669,8.47812,1.00,1.00
2017.01.17 10:29:15.714,8.47669,8.47804,1.00,1.00
2017.01.17 10:29:16.010,8.47669,8.47813,1.00,1.00
2017.01.17 10:29:16.971,8.47669,8.47804,1.00,1.00
2017.01.17 10:29:17.305,8.47655,8.47804,1.00,1.00
2017.01.17 10:29:17.406,8.47661,8.4781,1.00,1.00
2017.01.17 10:29:18.296,8.47655,8.47804,1.00,1.00
2017.01.17 10:29:18.896,8.47662,8.47811,1.00,1.00
2017.01.17 10:29:19.246,8.47671,8.47811,1.00,1.00
2017.01.17 10:29:19.297,8.47671,8.47817,1.00,1.00
2017.01.17 10:29:22.714,8.47675,8.47824,1.00,1.00
2017.01.17 10:29:23.462,8.47683,8.47832,1.00,1.00
2017.01.17 10:29:23.861,8.4769,8.47838,1.00,1.00
2017.01.17 10:29:24.285,8.4768,8.47829,1.00,1.00
2017.01.17 10:29:24.436,8.47672,8.47819,1.00,1.00
2017.01.17 10:29:24.739,8.47661,8.4781,1.00,1.00
2017.01.17 10:29:25.229,8.47671,8.4781,1.00,1.00
2017.01.17 10:29:25.493,8.47671,8.47819,1.00,1.00
2017.01.17 10:29:25.883,8.47677,8.47824,1.00,1.00
2017.01.17 10:29:26.925,8.47681,8.4783,1.00,1.00
2017.01.17 10:29:27.757,8.477,8.47838,1.00,1.00
2017.01.17 10:29:28.638,8.47703,8.47849,1.00,1.00
2017.01.17 10:29:28.739,8.47703,8.47847,1.00,1.00
2017.01.17 10:29:29.515,8.47703,8.47831,1.00,1.00
2017.01.17 10:29:30.223,8.47708,8.4786,1.00,1.00
2017.01.17 10:29:30.274,8.47737,8.4787,1.00,1.00
2017.01.17 10:29:30.425,8.47797,8.47946,1.00,1.00
2017.01.17 10:29:30.476,8.47807,8.47921,1.00,1.00
2017.01.17 10:29:30.577,8.47786,8.47914,1.00,1.00
2017.01.17 10:29:30.829,8.47812,8.47914,1.00,1.00
2017.01.17 10:29:30.880,8.47813,8.47958,1.00,1.00
2017.01.17 10:29:31.386,8.47831,8.47979,1.00,1.00
2017.01.17 10:29:31.787,8.47814,8.47961,1.00,1.00
2017.01.17 10:29:32.040,8.47793,8.47941,1.00,1.00
2017.01.17 10:29:32.091,8.4779,8.47941,1.00,1.00
2017.01.17 10:29:32.388,8.47787,8.47936,1.00,1.00
2017.01.17 10:29:36.885,8.47783,8.47932,1.50,1.00
2017.01.17 10:29:40.667,8.47789,8.47936,1.00,1.00
2017.01.17 10:29:40.718,8.47794,8.47943,1.00,1.00
2017.01.17 10:29:40.819,8.47811,8.4795,1.00,1.00
2017.01.17 10:29:40.870,8.47821,8.47969,1.00,1.00
2017.01.17 10:29:41.668,8.47835,8.47969,1.00,1.00
2017.01.17 10:29:42.902,8.47836,8.47969,1.00,1.00
2017.01.17 10:29:45.167,8.47836,8.47985,1.00,1.00
2017.01.17 10:29:46.042,8.47842,8.47988,1.00,1.00
2017.01.17 10:29:46.361,8.47866,8.48012,1.00,1.00
2017.01.17 10:29:46.933,8.47867,8.48012,1.00,1.00
2017.01.17 10:29:47.411,8.4787,8.48012,1.00,1.00
2017.01.17 10:29:49.530,8.47863,8.4801,1.00,1.00
2017.01.17 10:29:49.681,8.47851,8.47998,1.00,1.00
2017.01.17 10:29:49.979,8.4784,8.47989,1.00,1.50
2017.01.17 10:29:50.661,8.47847,8.47989,1.00,1.00
2017.01.17 10:29:51.914,8.47846,8.47989,1.00,1.00
2017.01.17 10:29:57.691,8.47836,8.47985,1.00,1.00
2017.01.17 10:30:00.174,8.47829,8.47978,1.00,1.00
2017.01.17 10:30:00.592,8.47822,8.47964,1.00,1.00
2017.01.17 10:30:01.253,8.47829,8.47964,1.00,1.00
2017.01.17 10:30:02.213,8.4783,8.47964,1.00,1.00
2017.01.17 10:30:02.822,8.47819,8.47964,1.00,1.00
2017.01.17 10:30:02.873,8.47811,8.4796,1.00,1.00
2017.01.17 10:30:02.924,8.47799,8.47945,1.00,1.00
2017.01.17 10:30:03.126,8.47783,8.47932,1.00,1.00
2017.01.17 10:30:03.939,8.47775,8.47924,1.00,1.00
2017.01.17 10:30:04.244,8.47769,8.47909,1.00,1.00
2017.01.17 10:30:04.295,8.4776,8.47909,1.00,1.00
2017.01.17 10:30:04.457,8.47771,8.4791,1.00,1.00
2017.01.17 10:30:05.209,8.47766,8.4791,1.00,1.00
2017.01.17 10:30:05.361,8.47755,8.47904,1.00,1.00
2017.01.17 10:30:06.293,8.47754,8.47903,1.00,1.00
2017.01.17 10:30:06.991,8.47748,8.47897,1.00,1.00
2017.01.17 10:30:07.948,8.47752,8.47901,1.00,1.00
2017.01.17 10:30:07.999,8.47745,8.47901,1.00,1.00
2017.01.17 10:30:08.144,8.47753,8.47902,1.00,1.00
2017.01.17 10:30:09.013,8.47745,8.47902,1.00,1.00
2017.01.17 10:30:10.165,8.47745,8.47898,1.00,1.00
2017.01.17 10:30:10.550,8.47745,8.4789,1.00,1.00
2017.01.17 10:30:10.865,8.47745,8.47869,1.00,1.00
2017.01.17 10:30:11.135,8.47745,8.47884,1.00,1.00
2017.01.17 10:30:11.237,8.47703,8.47884,1.00,1.00
2017.01.17 10:30:11.338,8.47717,8.47899,1.00,1.00
2017.01.17 10:30:11.547,8.47744,8.47899,1.00,1.00
2017.01.17 10:30:12.319,8.47744,8.47901,1.00,1.00
2017.01.17 10:30:13.399,8.47744,8.4789,1.00,1.00
2017.01.17 10:30:13.551,8.47721,8.4788,1.00,1.00
2017.01.17 10:30:14.284,8.47721,8.47886,1.00,1.00
2017.01.17 10:30:15.348,8.47721,8.47885,1.00,1.00
2017.01.17 10:30:16.979,8.47721,8.47887,1.00,1.00
2017.01.17 10:30:22.330,8.47721,8.47875,1.00,1.00
2017.01.17 10:30:22.800,8.47721,8.47883,1.00,1.00
2017.01.17 10:30:23.752,8.47721,8.47873,1.00,1.00
2017.01.17 10:30:23.802,8.47721,8.47884,1.00,1.00
2017.01.17 10:30:24.968,8.47721,8.47879,1.00,1.00
2017.01.17 10:30:25.274,8.47702,8.47869,1.00,1.00
2017.01.17 10:30:25.407,8.47708,8.47869,1.00,1.00
2017.01.17 10:30:25.618,8.47702,8.47869,1.00,1.00
2017.01.17 10:30:25.668,8.47702,8.47854,1.00,1.00
2017.01.17 10:30:25.870,8.47671,8.47827,1.00,1.00
2017.01.17 10:30:25.921,8.47671,8.4781,1.00,1.00
2017.01.17 10:30:26.286,8.47632,8.4781,1.00,1.00
2017.01.17 10:30:26.608,8.47645,8.47817,1.00,1.00
2017.01.17 10:30:27.593,8.4764,8.47812,1.00,1.00
2017.01.17 10:30:28.601,8.47622,8.47793,1.00,1.00
2017.01.17 10:30:29.119,8.47621,8.47792,1.00,1.00
2017.01.17 10:30:29.271,8.47606,8.47778,1.00,1.00
2017.01.17 10:30:29.810,8.47601,8.47772,1.00,1.00
2017.01.17 10:30:30.062,8.47642,8.47814,1.00,1.00
2017.01.17 10:30:30.921,8.47648,8.4782,1.00,1.00
2017.01.17 10:30:31.261,8.4766,8.4782,1.00,1.00
2017.01.17 10:30:31.921,8.4766,8.47823,1.00,1.00
2017.01.17 10:30:32.209,8.4766,8.47806,1.00,1.00
2017.01.17 10:30:32.512,8.4766,8.47792,1.00,1.00
2017.01.17 10:30:32.619,8.47621,8.47792,1.00,1.00
2017.01.17 10:30:32.910,8.47633,8.47803,1.00,1.00
2017.01.17 10:30:33.178,8.47641,8.47812,1.00,1.00
2017.01.17 10:30:33.925,8.47634,8.47806,1.00,1.00
2017.01.17 10:30:34.086,8.47618,8.47789,1.00,1.00
2017.01.17 10:30:34.388,8.47542,8.47824,1.37,1.00
2017.01.17 10:30:34.543,8.47564,8.47796,1.00,1.00
2017.01.17 10:30:34.846,8.47626,8.47796,1.00,1.00
2017.01.17 10:30:35.111,8.47611,8.47782,1.00,1.00
2017.01.17 10:30:35.279,8.476,8.47771,1.00,1.00
2017.01.17 10:30:35.617,8.476,8.47756,1.00,1.00
2017.01.17 10:30:35.718,8.47589,8.47756,1.00,1.00
2017.01.17 10:30:35.769,8.47589,8.4775,1.00,1.00
2017.01.17 10:30:36.098,8.47557,8.47708,1.00,1.00
2017.01.17 10:30:36.423,8.47536,8.477,1.00,1.00
2017.01.17 10:30:37.021,8.47533,8.477,1.50,1.00
2017.01.17 10:30:37.305,8.47569,8.477,1.00,1.00
2017.01.17 10:30:37.406,8.47569,8.47718,1.00,1.00
2017.01.17 10:30:38.180,8.47573,8.47722,1.00,1.00
2017.01.17 10:30:39.201,8.47569,8.47718,1.00,1.00
2017.01.17 10:30:39.509,8.47565,8.47713,1.00,1.00
2017.01.17 10:30:40.166,8.47578,8.47723,1.00,1.00
2017.01.17 10:30:40.441,8.47555,8.47723,1.00,1.00
2017.01.17 10:30:40.492,8.47558,8.47723,1.00,1.00
2017.01.17 10:30:40.745,8.47574,8.47741,1.50,1.00
2017.01.17 10:30:40.899,8.47599,8.47756,1.00,1.00
2017.01.17 10:30:41.239,8.47599,8.47743,1.00,1.00
2017.01.17 10:30:41.674,8.47599,8.47728,1.00,1.00
2017.01.17 10:30:41.826,8.47567,8.47713,1.00,1.00
2017.01.17 10:30:42.079,8.47567,8.47731,1.00,1.00
2017.01.17 10:30:42.606,8.47567,8.4773,1.00,1.00
2017.01.17 10:30:43.027,8.47567,8.47722,1.00,1.00
2017.01.17 10:30:43.575,8.47567,8.47728,1.00,1.00
2017.01.17 10:30:43.626,8.47567,8.47718,1.00,1.00
2017.01.17 10:30:43.940,8.47539,8.47689,1.00,1.00
2017.01.17 10:30:44.491,8.47539,8.47702,1.00,1.00
2017.01.17 10:30:44.796,8.47539,8.47697,1.00,1.00
2017.01.17 10:30:46.459,8.47539,8.47689,1.00,1.00
2017.01.17 10:30:47.048,8.47539,8.47688,1.00,1.00
2017.01.17 10:30:47.426,8.47539,8.47695,1.00,1.00
2017.01.17 10:30:48.093,8.47539,8.47653,1.00,1.00
2017.01.17 10:30:48.245,8.47506,8.47665,1.00,1.00
2017.01.17 10:30:48.402,8.47498,8.47644,1.00,1.00
2017.01.17 10:30:48.655,8.4748,8.47635,1.00,1.00
2017.01.17 10:30:48.756,8.47468,8.47635,1.00,1.00
2017.01.17 10:30:48.909,8.47487,8.47635,1.00,1.00
2017.01.17 10:30:49.011,8.4748,8.47635,1.00,1.00
2017.01.17 10:30:49.163,8.475,8.47667,1.00,1.00
2017.01.17 10:30:49.382,8.475,8.47641,1.00,1.00
2017.01.17 10:30:49.483,8.475,8.47657,1.00,1.00
2017.01.17 10:30:49.534,8.47476,8.47643,1.00,1.00
2017.01.17 10:30:51.792,8.47497,8.47643,1.00,1.00
2017.01.17 10:30:52.052,8.47495,8.47643,1.00,1.00
2017.01.17 10:30:52.575,8.47489,8.47643,1.00,1.00
2017.01.17 10:30:52.676,8.47507,8.47671,1.00,1.00
2017.01.17 10:30:53.071,8.47507,8.47674,1.00,1.00
2017.01.17 10:30:54.054,8.47507,8.47667,1.00,1.00
2017.01.17 10:30:54.799,8.47507,8.47654,1.00,1.00
2017.01.17 10:30:55.394,8.47507,8.47666,1.00,1.00
2017.01.17 10:30:55.832,8.47507,8.47674,1.00,1.00
2017.01.17 10:31:00.151,8.47507,8.47671,1.00,1.00
2017.01.17 10:31:00.466,8.47507,8.47647,1.00,1.00
2017.01.17 10:31:01.204,8.47507,8.47645,1.00,1.00
2017.01.17 10:31:01.341,8.47507,8.47648,1.00,1.00
2017.01.17 10:31:02.925,8.47507,8.47662,1.00,1.00
2017.01.17 10:31:02.976,8.47507,8.47665,1.00,1.00
2017.01.17 10:31:03.027,8.47507,8.47674,1.00,1.00
2017.01.17 10:31:03.306,8.47496,8.47691,1.00,1.00
2017.01.17 10:31:03.918,8.47492,8.47687,1.00,1.00
2017.01.17 10:31:04.534,8.47483,8.47678,1.00,1.00
2017.01.17 10:31:04.715,8.47495,8.47691,1.00,1.00
2017.01.17 10:31:05.388,8.47501,8.47696,1.00,1.50
2017.01.17 10:31:05.720,8.47497,8.4769,1.00,1.00
2017.01.17 10:31:06.028,8.47473,8.47663,1.00,1.00
2017.01.17 10:31:07.073,8.47477,8.47655,1.00,1.00
2017.01.17 10:31:09.616,8.47501,8.47655,1.00,1.00
2017.01.17 10:31:11.071,8.47501,8.47649,1.00,1.00
2017.01.17 10:31:11.943,8.47501,8.47644,1.00,1.00
2017.01.17 10:31:12.438,8.47501,8.47628,1.00,1.00
2017.01.17 10:31:12.855,8.47501,8.4763,1.00,1.00
2017.01.17 10:31:12.906,8.47501,8.47643,1.00,1.00
2017.01.17 10:31:13.817,8.47487,8.47643,1.00,1.50
2017.01.17 10:31:14.277,8.47491,8.47643,1.00,1.00
2017.01.17 10:31:15.286,8.47494,8.47643,1.00,1.00
2017.01.17 10:31:16.621,8.47484,8.47639,1.00,1.00
2017.01.17 10:31:16.788,8.47489,8.47643,1.00,1.00
2017.01.17 10:31:17.182,8.475,8.47645,1.00,1.00
2017.01.17 10:31:17.949,8.475,8.47649,1.00,1.00
2017.01.17 10:31:19.516,8.475,8.4762,1.00,1.00
2017.01.17 10:31:19.747,8.47469,8.4762,1.00,1.00
2017.01.17 10:31:20.263,8.47475,8.47631,1.00,1.00
2017.01.17 10:31:20.364,8.47499,8.47631,1.00,1.00
2017.01.17 10:31:20.415,8.47499,8.47645,1.00,1.00
2017.01.17 10:31:21.425,8.47499,8.47641,1.00,1.00
2017.01.17 10:31:22.316,8.47499,8.47636,1.00,1.00
2017.01.17 10:31:22.551,8.47499,8.47644,1.00,1.00
2017.01.17 10:31:22.984,8.47499,8.47635,1.00,1.00
2017.01.17 10:31:23.636,8.47499,8.47636,1.00,1.00
2017.01.17 10:31:23.795,8.4748,8.47625,1.00,1.00
2017.01.17 10:31:23.846,8.47478,8.47625,1.00,1.00
2017.01.17 10:31:23.998,8.47484,8.47625,1.00,1.00
2017.01.17 10:31:24.099,8.47484,8.47634,1.00,1.00
2017.01.17 10:31:24.429,8.47491,8.47642,1.00,1.00
2017.01.17 10:31:24.725,8.47484,8.47624,1.00,1.00
2017.01.17 10:31:25.079,8.47484,8.47614,1.00,1.00
2017.01.17 10:31:26.165,8.47484,8.4763,1.00,1.00
2017.01.17 10:31:26.266,8.47488,8.47631,1.00,1.00
2017.01.17 10:31:27.902,8.47494,8.47631,1.00,1.00
2017.01.17 10:31:28.408,8.47494,8.47643,1.00,1.00
2017.01.17 10:31:30.621,8.475,8.47651,1.00,1.00
2017.01.17 10:31:30.672,8.47494,8.47645,1.00,1.00
2017.01.17 10:31:31.016,8.47514,8.47657,1.00,1.00
2017.01.17 10:31:31.067,8.47515,8.47662,1.00,1.00
2017.01.17 10:31:31.236,8.4753,8.47681,1.00,1.00
2017.01.17 10:31:31.795,8.47549,8.47682,1.00,1.00
2017.01.17 10:31:31.896,8.47561,8.47712,1.00,1.00
2017.01.17 10:31:32.098,8.47571,8.47714,1.00,1.00
2017.01.17 10:31:32.199,8.47571,8.4772,1.50,1.00
2017.01.17 10:31:32.659,8.47571,8.47718,1.00,1.00
2017.01.17 10:31:33.743,8.47571,8.47722,1.00,1.00
2017.01.17 10:31:34.463,8.47571,8.4772,1.00,1.00
2017.01.17 10:31:36.865,8.47574,8.47725,1.00,1.00
2017.01.17 10:31:37.860,8.47571,8.4772,1.00,1.00
2017.01.17 10:31:38.862,8.47571,8.47716,1.00,1.00
2017.01.17 10:31:41.226,8.47571,8.47713,1.00,1.00
2017.01.17 10:31:43.138,8.47571,8.47714,1.00,1.00
2017.01.17 10:31:44.138,8.47571,8.47717,1.00,1.00
2017.01.17 10:31:44.912,8.47572,8.47723,1.00,1.00
2017.01.17 10:31:45.013,8.4758,8.47731,1.00,1.00
2017.01.17 10:31:45.333,8.47591,8.47738,1.00,1.00
2017.01.17 10:31:46.127,8.47574,8.47725,1.00,1.00
2017.01.17 10:31:46.229,8.47571,8.47718,1.00,1.00
2017.01.17 10:31:47.219,8.47571,8.47716,1.00,1.00
2017.01.17 10:31:50.135,8.47571,8.47713,1.00,1.00
2017.01.17 10:31:50.744,8.47567,8.47713,1.00,1.00
2017.01.17 10:31:52.277,8.47564,8.47711,1.50,1.00
2017.01.17 10:31:55.141,8.47564,8.47709,1.00,1.00
2017.01.17 10:31:55.478,8.47568,8.47714,1.00,1.00
2017.01.17 10:31:56.334,8.47564,8.47709,1.00,1.00
2017.01.17 10:31:56.724,8.47564,8.47668,1.00,1.00
2017.01.17 10:31:56.799,8.47503,8.47652,1.00,1.00
2017.01.17 10:31:57.501,8.47501,8.47641,1.00,1.00
2017.01.17 10:31:57.653,8.47492,8.47636,1.00,1.00
2017.01.17 10:31:58.525,8.47494,8.47636,1.00,1.00
2017.01.17 10:31:59.028,8.47501,8.47636,1.00,1.00
2017.01.17 10:32:00.029,8.475,8.47636,1.00,1.00
2017.01.17 10:32:00.345,8.47506,8.47636,1.00,1.00
2017.01.17 10:32:00.446,8.47527,8.47663,1.00,1.00
2017.01.17 10:32:00.548,8.47527,8.47674,1.00,1.00
2017.01.17 10:32:01.350,8.47531,8.4768,1.00,1.00
2017.01.17 10:32:02.329,8.47528,8.47677,1.00,1.00
2017.01.17 10:32:03.371,8.47531,8.4768,1.00,1.00
2017.01.17 10:32:07.184,8.47529,8.47678,1.00,1.00
2017.01.17 10:32:11.219,8.47533,8.47682,1.00,1.00
2017.01.17 10:32:13.202,8.47533,8.47681,1.00,1.00
2017.01.17 10:32:15.233,8.47536,8.47682,1.00,1.00
2017.01.17 10:32:16.645,8.4753,8.47664,1.00,1.00
2017.01.17 10:32:16.898,8.47497,8.47643,1.00,1.00
2017.01.17 10:32:17.288,8.47507,8.47656,1.00,1.00
2017.01.17 10:32:20.123,8.47512,8.47661,1.00,1.00
2017.01.17 10:32:22.217,8.47509,8.47658,1.00,1.00
2017.01.17 10:32:22.929,8.47516,8.47664,1.00,1.00
2017.01.17 10:32:23.232,8.47556,8.47687,1.00,1.00
2017.01.17 10:32:23.492,8.47585,8.47719,1.00,1.00
2017.01.17 10:32:23.593,8.47585,8.47734,1.00,1.00
2017.01.17 10:32:24.438,8.47584,8.4773,1.00,1.00
2017.01.17 10:32:25.897,8.47585,8.47734,1.00,1.00
2017.01.17 10:32:27.365,8.47584,8.47729,1.00,1.00
2017.01.17 10:32:27.720,8.47584,8.47723,1.00,1.00
2017.01.17 10:32:27.923,8.47564,8.47711,1.00,1.00
2017.01.17 10:32:29.880,8.47561,8.4769,1.00,1.00
2017.01.17 10:32:30.031,8.47534,8.47683,1.00,1.00
2017.01.17 10:32:30.239,8.47534,8.47667,1.00,1.00
2017.01.17 10:32:30.340,8.47518,8.47667,1.00,1.00
2017.01.17 10:32:30.542,8.47518,8.47653,1.00,1.00
2017.01.17 10:32:30.646,8.47486,8.47653,1.00,1.00
2017.01.17 10:32:34.181,8.47504,8.47651,1.00,1.00
2017.01.17 10:32:34.484,8.47532,8.47679,1.00,1.00
2017.01.17 10:32:34.535,8.47519,8.47668,1.00,1.00
2017.01.17 10:32:35.055,8.47537,8.47679,1.00,1.00
2017.01.17 10:32:35.248,8.47537,8.47686,1.00,1.00
2017.01.17 10:32:35.969,8.47536,8.47679,1.00,1.00
2017.01.17 10:32:37.273,8.47536,8.47678,1.00,1.00
2017.01.17 10:32:38.997,8.47536,8.47662,1.00,1.00
2017.01.17 10:32:39.048,8.47516,8.47662,1.00,1.00
2017.01.17 10:32:39.099,8.47516,8.47654,1.00,1.00
2017.01.17 10:32:39.150,8.47511,8.47654,1.00,1.00
2017.01.17 10:32:40.004,8.47512,8.47659,1.00,1.00
2017.01.17 10:32:41.279,8.47513,8.47662,1.00,1.00
2017.01.17 10:32:41.642,8.47511,8.47653,1.00,1.00
2017.01.17 10:32:41.945,8.47511,8.47634,1.00,1.00
2017.01.17 10:32:42.008,8.4749,8.47634,1.00,1.00
2017.01.17 10:32:42.059,8.47485,8.47634,1.00,1.00
2017.01.17 10:32:42.615,8.47491,8.4764,1.00,1.00
2017.01.17 10:32:43.079,8.47479,8.47628,1.00,1.00
2017.01.17 10:32:44.078,8.47482,8.47631,1.00,1.00
2017.01.17 10:32:44.853,8.47482,8.47624,1.00,1.00
2017.01.17 10:32:45.285,8.47485,8.47624,1.00,1.00
2017.01.17 10:32:46.117,8.47486,8.47624,1.00,1.00
2017.01.17 10:32:47.278,8.47487,8.47624,1.00,1.00
2017.01.17 10:32:47.454,8.47481,8.47624,1.00,1.00
2017.01.17 10:32:47.600,8.47481,8.4763,1.00,1.00
2017.01.17 10:32:48.551,8.47478,8.47627,1.00,1.00
2017.01.17 10:32:49.515,8.47476,8.47623,1.00,1.00
2017.01.17 10:32:49.856,8.47483,8.4763,1.00,1.00
2017.01.17 10:32:50.528,8.4749,8.47638,1.00,1.00
2017.01.17 10:32:50.579,8.47516,8.47663,1.00,1.00
2017.01.17 10:32:51.198,8.47516,8.47664,1.00,1.00
2017.01.17 10:32:51.512,8.4752,8.47667,1.00,1.00
2017.01.17 10:32:52.267,8.47513,8.47661,1.00,1.00
2017.01.17 10:32:52.554,8.475,8.47641,1.00,1.00
2017.01.17 10:32:53.503,8.475,8.47635,1.00,1.00
2017.01.17 10:32:55.077,8.47488,8.47635,1.00,1.00
2017.01.17 10:32:56.296,8.4749,8.47639,1.00,1.00
2017.01.17 10:32:57.206,8.47503,8.47643,1.00,1.00
2017.01.17 10:32:57.307,8.47517,8.47661,1.00,1.00
2017.01.17 10:32:57.525,8.47518,8.47664,1.00,1.00
2017.01.17 10:32:58.179,8.47525,8.47673,1.00,1.00
2017.01.17 10:32:58.783,8.4753,8.47679,1.00,1.00
2017.01.17 10:32:58.884,8.47544,8.47685,1.00,1.00
2017.01.17 10:32:59.192,8.47575,8.47704,1.00,1.00
2017.01.17 10:32:59.293,8.47589,8.47736,1.00,1.00
2017.01.17 10:32:59.394,8.47605,8.47752,1.00,1.00
2017.01.17 10:32:59.941,8.47586,8.47735,1.00,1.00
2017.01.17 10:32:59.991,8.47592,8.47741,1.00,1.00
2017.01.17 10:33:00.334,8.47575,8.47724,1.00,1.00
2017.01.17 10:33:01.002,8.47574,8.47723,1.00,1.00
2017.01.17 10:33:01.677,8.47566,8.47715,1.00,1.00
2017.01.17 10:33:02.578,8.47572,8.47719,1.00,1.00
2017.01.17 10:33:03.555,8.47587,8.47728,1.00,1.00
2017.01.17 10:33:03.872,8.47628,8.47749,1.00,1.00
2017.01.17 10:33:03.923,8.47628,8.4776,1.00,1.00
2017.01.17 10:33:04.025,8.47628,8.47777,1.00,1.00
2017.01.17 10:33:04.075,8.47645,8.4778,1.00,1.00
2017.01.17 10:33:04.611,8.47645,8.47794,1.00,1.00
2017.01.17 10:33:04.741,8.47651,8.478,1.00,1.00
2017.01.17 10:33:05.624,8.47659,8.47808,1.00,1.00
2017.01.17 10:33:06.017,8.4767,8.47809,1.00,1.00
2017.01.17 10:33:06.665,8.4767,8.47819,1.00,1.00
2017.01.17 10:33:06.715,8.47674,8.47823,1.00,1.00
2017.01.17 10:33:07.045,8.47679,8.47828,1.00,1.00
2017.01.17 10:33:07.535,8.47668,8.47817,1.00,1.00
2017.01.17 10:33:08.366,8.47683,8.47832,1.00,1.00
2017.01.17 10:33:09.317,8.47678,8.47827,1.00,1.00
2017.01.17 10:33:09.660,8.47738,8.47849,1.00,1.00
2017.01.17 10:33:09.828,8.47718,8.47849,1.00,1.00
2017.01.17 10:33:09.929,8.47714,8.47849,1.00,1.00
2017.01.17 10:33:10.618,8.47714,8.4786,1.00,1.00
2017.01.17 10:33:10.668,8.47716,8.47854,1.00,1.00
2017.01.17 10:33:10.972,8.47745,8.47854,1.00,1.00
2017.01.17 10:33:11.074,8.47761,8.47874,1.00,1.00
2017.01.17 10:33:11.125,8.47776,8.47878,1.00,1.00
2017.01.17 10:33:11.517,8.47776,8.47925,1.00,1.00
2017.01.17 10:33:11.812,8.47741,8.47888,1.00,1.00
2017.01.17 10:33:12.154,8.47759,8.47886,1.00,1.00
2017.01.17 10:33:12.255,8.47759,8.47905,1.00,1.00
2017.01.17 10:33:12.352,8.47759,8.47908,1.00,1.00
2017.01.17 10:33:13.360,8.47761,8.4791,1.00,1.00
2017.01.17 10:33:13.732,8.4775,8.47889,1.00,1.00
2017.01.17 10:33:14.035,8.4775,8.47872,1.00,1.00
2017.01.17 10:33:14.086,8.47723,8.47872,1.00,1.00
2017.01.17 10:33:14.930,8.47727,8.47876,1.00,1.00
2017.01.17 10:33:16.239,8.47727,8.47878,1.00,1.00
2017.01.17 10:33:17.344,8.47729,8.47878,1.00,1.00
2017.01.17 10:33:17.812,8.47722,8.47873,1.00,1.00
2017.01.17 10:33:18.846,8.47727,8.47877,1.00,1.00
2017.01.17 10:33:19.299,8.47718,8.47869,1.00,1.00
2017.01.17 10:33:19.607,8.4773,8.4788,1.00,1.00
2017.01.17 10:33:20.603,8.47734,8.47882,1.00,1.00
2017.01.17 10:33:22.235,8.47746,8.47882,1.00,1.00
2017.01.17 10:33:22.386,8.47762,8.47902,1.00,1.00
2017.01.17 10:33:23.307,8.47766,8.47902,1.00,1.00
2017.01.17 10:33:24.277,8.47764,8.47902,1.00,1.00
2017.01.17 10:33:25.556,8.47765,8.47902,1.00,1.00
2017.01.17 10:33:25.657,8.47765,8.47929,1.00,1.00
2017.01.17 10:33:26.396,8.47778,8.47929,1.00,1.00
2017.01.17 10:33:26.507,8.47788,8.47946,1.00,1.00
2017.01.17 10:33:26.658,8.47796,8.47946,1.00,1.00
2017.01.17 10:33:26.975,8.47816,8.47946,1.00,1.00
2017.01.17 10:33:27.333,8.47816,8.47948,1.00,1.00
2017.01.17 10:33:27.384,8.47816,8.47945,1.00,1.00
2017.01.17 10:33:27.896,8.47816,8.47933,1.00,1.00
2017.01.17 10:33:28.040,8.47796,8.47933,1.00,1.00
2017.01.17 10:33:28.092,8.47789,8.47933,1.00,1.00
2017.01.17 10:33:28.846,8.47789,8.47931,1.00,1.00
2017.01.17 10:33:30.477,8.47789,8.47937,1.00,1.00
2017.01.17 10:33:30.528,8.47789,8.47943,1.00,1.00
2017.01.17 10:33:30.965,8.47791,8.47943,1.00,1.00
2017.01.17 10:33:31.195,8.47789,8.47943,1.00,1.00
2017.01.17 10:33:31.454,8.47789,8.47949,1.00,1.00
2017.01.17 10:33:31.976,8.47809,8.47949,1.00,1.00
2017.01.17 10:33:32.508,8.47809,8.4795,1.00,1.00
2017.01.17 10:33:34.168,8.47809,8.4794,1.00,1.00
2017.01.17 10:33:34.614,8.47809,8.47961,1.00,1.00
2017.01.17 10:33:34.716,8.47809,8.47974,1.00,1.00
2017.01.17 10:33:34.767,8.47818,8.47976,1.00,1.00
2017.01.17 10:33:34.920,8.47839,8.47999,1.00,1.00
2017.01.17 10:33:35.122,8.4786,8.47999,1.00,1.00
2017.01.17 10:33:35.737,8.4786,8.47987,1.00,1.00
2017.01.17 10:33:36.751,8.4786,8.47973,1.00,1.00
2017.01.17 10:33:36.903,8.47828,8.47962,1.00,1.00
2017.01.17 10:33:37.109,8.47815,8.47962,1.00,1.00
2017.01.17 10:33:37.762,8.47814,8.47961,1.00,1.00
2017.01.17 10:33:37.963,8.47821,8.47964,1.00,1.00
2017.01.17 10:33:38.014,8.4784,8.47987,1.00,1.00
2017.01.17 10:33:38.115,8.47854,8.47989,1.00,1.00
2017.01.17 10:33:38.317,8.47871,8.48018,1.00,1.00
2017.01.17 10:33:38.668,8.47894,8.4803,1.00,1.00
2017.01.17 10:33:38.838,8.47898,8.48039,1.00,1.00
2017.01.17 10:33:38.990,8.47875,8.47998,1.00,1.00
2017.01.17 10:33:39.192,8.47853,8.47998,1.00,1.00
2017.01.17 10:33:39.684,8.47851,8.47989,1.00,1.00
2017.01.17 10:33:40.030,8.47843,8.4799,1.00,1.00
2017.01.17 10:33:40.081,8.47862,8.47995,1.00,1.00
2017.01.17 10:33:40.383,8.47878,8.48009,1.00,1.00
2017.01.17 10:33:40.535,8.47862,8.48009,1.00,1.00
2017.01.17 10:33:40.693,8.47847,8.47994,1.00,1.00
2017.01.17 10:33:41.034,8.47846,8.47975,1.00,1.00
2017.01.17 10:33:41.352,8.47846,8.47952,1.00,1.00
2017.01.17 10:33:41.503,8.47822,8.47952,1.00,1.00
2017.01.17 10:33:41.604,8.47805,8.47952,1.00,1.00
2017.01.17 10:33:42.057,8.47819,8.47964,1.00,1.00
2017.01.17 10:33:42.362,8.47834,8.47964,1.00,1.00
2017.01.17 10:33:42.513,8.47835,8.47983,1.00,1.00
2017.01.17 10:33:42.918,8.47842,8.47989,1.00,1.00
2017.01.17 10:33:43.120,8.47833,8.48,1.00,1.50
2017.01.17 10:33:43.171,8.47833,8.47977,1.00,1.00
2017.01.17 10:33:43.222,8.47816,8.47975,1.00,1.00
2017.01.17 10:33:43.727,8.47807,8.47975,1.00,1.00
2017.01.17 10:33:44.038,8.47837,8.47975,1.00,1.00
2017.01.17 10:33:44.190,8.47816,8.47975,1.00,1.00
2017.01.17 10:33:44.241,8.47836,8.48002,1.00,1.00
2017.01.17 10:33:44.443,8.47819,8.47984,1.00,1.00
2017.01.17 10:33:45.336,8.47838,8.47988,1.00,1.00
2017.01.17 10:33:45.639,8.47838,8.47982,1.00,1.00
2017.01.17 10:33:45.740,8.47819,8.47979,1.00,1.00
2017.01.17 10:33:45.841,8.47812,8.47979,1.00,1.00
2017.01.17 10:33:47.175,8.47822,8.47979,1.00,1.00
2017.01.17 10:33:47.477,8.47851,8.47979,1.00,1.00
2017.01.17 10:33:47.528,8.47819,8.48002,1.00,1.00
2017.01.17 10:33:47.579,8.47824,8.48002,1.00,1.00
2017.01.17 10:33:47.882,8.47824,8.47977,1.00,1.00
2017.01.17 10:33:48.306,8.47824,8.47959,1.00,1.00
2017.01.17 10:33:48.376,8.4782,8.47959,1.00,1.00
2017.01.17 10:33:48.478,8.4782,8.4794,1.00,1.00
2017.01.17 10:33:48.629,8.47795,8.4794,1.00,1.00
2017.01.17 10:33:48.784,8.47808,8.47962,1.00,1.00
2017.01.17 10:33:49.452,8.478,8.47962,1.00,1.00
2017.01.17 10:33:49.553,8.47815,8.47963,1.00,1.00
2017.01.17 10:33:50.104,8.47815,8.47954,1.00,1.00
2017.01.17 10:33:50.246,8.47818,8.47965,1.00,1.00
2017.01.17 10:33:51.073,8.47815,8.47958,1.00,1.00
2017.01.17 10:33:51.351,8.47815,8.47965,1.00,1.00
2017.01.17 10:33:51.452,8.47818,8.47965,1.00,1.00
2017.01.17 10:33:51.713,8.47825,8.47982,1.00,1.00
2017.01.17 10:33:51.764,8.47842,8.4799,1.00,1.00
2017.01.17 10:33:52.089,8.47868,8.4799,1.00,1.00
2017.01.17 10:33:52.338,8.47868,8.47995,1.00,1.00
2017.01.17 10:33:52.439,8.47842,8.47982,1.00,1.00
2017.01.17 10:33:52.540,8.47862,8.4797,1.00,1.00
2017.01.17 10:33:52.641,8.47832,8.4797,1.00,1.00
2017.01.17 10:33:52.742,8.47832,8.47962,1.00,1.00
2017.01.17 10:33:53.045,8.47832,8.4795,1.00,1.00
2017.01.17 10:33:53.458,8.47807,8.4795,1.00,1.00
2017.01.17 10:33:53.566,8.47807,8.47944,1.00,1.00
2017.01.17 10:33:55.481,8.47807,8.47949,1.00,1.00
2017.01.17 10:33:55.683,8.47814,8.47961,1.00,1.00
2017.01.17 10:33:55.784,8.47818,8.47961,1.00,1.00
2017.01.17 10:33:56.075,8.47847,8.47992,1.00,1.00
2017.01.17 10:33:56.617,8.47837,8.47976,1.00,1.00
2017.01.17 10:33:56.668,8.47841,8.47988,1.00,1.00
2017.01.17 10:33:56.719,8.47843,8.48004,1.00,1.00
2017.01.17 10:33:56.769,8.47845,8.4799,1.00,1.00
2017.01.17 10:33:56.870,8.47856,8.48007,1.00,1.00
2017.01.17 10:33:57.665,8.47856,8.47999,1.00,1.00
2017.01.17 10:33:58.241,8.47856,8.47993,1.00,1.00
2017.01.17 10:33:58.892,8.47856,8.47987,1.00,1.00
2017.01.17 10:33:59.210,8.47856,8.47977,1.00,1.00
2017.01.17 10:33:59.514,8.47856,8.47966,1.00,1.00
2017.01.17 10:33:59.565,8.47822,8.47966,1.00,1.00
2017.01.17 10:33:59.687,8.47822,8.47958,1.00,1.00
2017.01.17 10:34:00.655,8.47822,8.47969,1.00,1.00
2017.01.17 10:34:00.895,8.47825,8.47974,1.00,1.00
2017.01.17 10:34:02.638,8.47822,8.47967,1.00,1.00
2017.01.17 10:34:02.941,8.47822,8.47946,1.00,1.00
2017.01.17 10:34:02.991,8.47822,8.47956,1.00,1.00
2017.01.17 10:34:03.042,8.4782,8.47959,1.00,1.00
2017.01.17 10:34:03.314,8.47798,8.47947,1.00,1.00
2017.01.17 10:34:04.011,8.47793,8.47938,1.00,1.00
2017.01.17 10:34:04.962,8.47793,8.47939,1.00,1.00
2017.01.17 10:34:05.013,8.47798,8.47954,1.00,1.00
2017.01.17 10:34:05.064,8.47801,8.47959,1.00,1.00
2017.01.17 10:34:05.115,8.47813,8.47959,1.00,1.00
2017.01.17 10:34:05.166,8.47839,8.47991,1.00,1.00
2017.01.17 10:34:05.217,8.47828,8.47977,1.00,1.00
2017.01.17 10:34:05.268,8.4783,8.47991,1.00,1.00
2017.01.17 10:34:05.439,8.47848,8.47997,1.00,1.00
2017.01.17 10:34:05.746,8.47829,8.4797,1.00,1.00
2017.01.17 10:34:05.847,8.47824,8.4797,1.00,1.00
2017.01.17 10:34:06.056,8.47824,8.47968,1.00,1.00
2017.01.17 10:34:06.258,8.47809,8.47956,1.00,1.00
2017.01.17 10:34:06.737,8.47819,8.47968,1.00,1.00
2017.01.17 10:34:06.888,8.47809,8.47957,1.00,1.00
2017.01.17 10:34:07.895,8.47812,8.47961,1.00,1.00
2017.01.17 10:34:08.445,8.47809,8.47937,1.00,1.00
2017.01.17 10:34:08.546,8.47805,8.47937,1.00,1.00
2017.01.17 10:34:08.956,8.47788,8.47937,1.00,1.00
2017.01.17 10:34:09.434,8.47781,8.4793,1.00,1.00
2017.01.17 10:34:10.664,8.4779,8.47939,1.00,1.00
2017.01.17 10:34:11.017,8.478,8.47944,1.00,1.00
2017.01.17 10:34:11.231,8.4781,8.47959,1.00,1.50
2017.01.17 10:34:11.282,8.47824,8.47959,1.00,1.00
2017.01.17 10:34:11.591,8.47811,8.47933,1.00,1.00
2017.01.17 10:34:11.794,8.47811,8.47958,1.00,1.00
2017.01.17 10:34:12.223,8.47803,8.47952,1.50,1.00
2017.01.17 10:34:12.324,8.4779,8.47939,1.00,1.00
2017.01.17 10:34:12.642,8.4778,8.47929,1.00,1.00
2017.01.17 10:34:13.207,8.4779,8.47939,1.00,1.00
2017.01.17 10:34:13.510,8.47823,8.47954,1.00,1.00
2017.01.17 10:34:14.483,8.47819,8.47954,1.00,1.00
2017.01.17 10:34:14.755,8.47819,8.47969,1.00,1.00
2017.01.17 10:34:15.483,8.47817,8.47965,1.00,1.00
2017.01.17 10:34:17.458,8.47817,8.47963,1.00,1.00
2017.01.17 10:34:17.509,8.47819,8.47968,1.00,1.00
2017.01.17 10:34:20.299,8.47818,8.47967,1.00,1.00
2017.01.17 10:34:21.099,8.47817,8.47962,1.00,1.00
2017.01.17 10:34:21.408,8.47814,8.4795,1.00,1.00
2017.01.17 10:34:22.202,8.47814,8.47953,1.00,1.00
2017.01.17 10:34:23.198,8.47814,8.47952,1.00,1.00
2017.01.17 10:34:23.934,8.47819,8.47968,1.00,1.00
2017.01.17 10:34:23.985,8.47831,8.47981,1.00,1.50
2017.01.17 10:34:24.086,8.4785,8.47981,1.00,1.00
2017.01.17 10:34:24.288,8.4785,8.48,1.00,1.50
2017.01.17 10:34:25.098,8.47854,8.48004,1.00,1.00
2017.01.17 10:34:26.525,8.47848,8.47999,1.00,1.00
2017.01.17 10:34:27.683,8.47844,8.47995,1.00,1.00
2017.01.17 10:34:27.986,8.47837,8.47971,1.00,1.00
2017.01.17 10:34:28.289,8.47837,8.47959,1.00,1.00
2017.01.17 10:34:28.616,8.47808,8.47959,1.00,1.00
2017.01.17 10:34:29.344,8.47805,8.47955,1.00,1.00
2017.01.17 10:34:30.926,8.47799,8.4795,1.00,1.00
2017.01.17 10:34:31.903,8.47795,8.47944,1.00,1.00
2017.01.17 10:34:32.007,8.47804,8.47954,1.00,1.00
2017.01.17 10:34:32.310,8.47815,8.47954,1.00,1.00
2017.01.17 10:34:32.740,8.47842,8.47982,1.00,1.00
2017.01.17 10:34:32.791,8.47854,8.47982,1.00,1.00
2017.01.17 10:34:32.998,8.47841,8.47982,1.00,1.00
2017.01.17 10:34:33.049,8.47846,8.47992,1.00,1.00
2017.01.17 10:34:33.399,8.47841,8.47986,1.00,1.00
2017.01.17 10:34:33.974,8.47836,8.47986,1.00,1.00
2017.01.17 10:34:35.431,8.47848,8.47986,1.00,1.00
2017.01.17 10:34:35.532,8.4784,8.47986,1.00,1.00
2017.01.17 10:34:35.957,8.4783,8.47981,1.00,1.00
2017.01.17 10:34:36.394,8.47824,8.47965,1.00,1.00
2017.01.17 10:34:36.474,8.47815,8.47965,1.00,1.00
2017.01.17 10:34:36.575,8.47805,8.47956,1.00,1.00
2017.01.17 10:34:36.902,8.4781,8.47963,1.00,1.00
2017.01.17 10:34:36.953,8.47829,8.47968,1.00,1.00
2017.01.17 10:34:37.106,8.4783,8.47982,1.00,1.00
2017.01.17 10:34:37.378,8.47843,8.47992,1.00,1.00
2017.01.17 10:34:37.777,8.47847,8.47992,1.00,1.00
2017.01.17 10:34:39.238,8.47843,8.47992,1.00,1.50
2017.01.17 10:34:39.289,8.47835,8.47985,1.00,1.00
2017.01.17 10:34:39.440,8.4783,8.47975,1.00,1.00
2017.01.17 10:34:40.315,8.4783,8.47968,1.00,1.00
2017.01.17 10:34:40.898,8.4783,8.47963,1.00,1.00
2017.01.17 10:34:41.195,8.47825,8.47963,1.00,1.00
2017.01.17 10:34:41.898,8.47825,8.47965,1.00,1.00
2017.01.17 10:34:42.620,8.47814,8.47965,1.00,1.00
2017.01.17 10:34:43.498,8.47814,8.47963,1.00,1.00
2017.01.17 10:34:48.409,8.47808,8.47957,1.00,1.00
2017.01.17 10:34:49.626,8.47813,8.47962,1.00,1.00
2017.01.17 10:34:49.967,8.47818,8.47967,1.00,1.00
2017.01.17 10:34:50.477,8.47834,8.47968,1.00,1.00
2017.01.17 10:34:50.679,8.47834,8.47981,1.00,1.00
2017.01.17 10:34:50.730,8.4783,8.47976,1.00,1.00
2017.01.17 10:34:52.533,8.4783,8.47972,1.00,1.00
2017.01.17 10:34:53.012,8.4783,8.47979,1.50,1.00
2017.01.17 10:34:53.164,8.47843,8.4799,1.00,1.00
2017.01.17 10:34:54.148,8.47838,8.47986,1.00,1.00
2017.01.17 10:34:54.659,8.4783,8.4799,1.00,1.00
2017.01.17 10:34:56.561,8.4783,8.47988,1.00,1.00
2017.01.17 10:34:58.564,8.4783,8.47986,1.00,1.00
2017.01.17 10:34:59.293,8.4783,8.4798,1.00,1.00
2017.01.17 10:34:59.596,8.47807,8.47947,1.00,1.00
2017.01.17 10:34:59.946,8.47784,8.47914,1.00,1.00
2017.01.17 10:35:00.199,8.47765,8.47914,1.00,1.00
2017.01.17 10:35:00.441,8.47773,8.47922,1.00,1.00
2017.01.17 10:35:00.744,8.47786,8.47925,1.00,1.00
2017.01.17 10:35:00.946,8.47773,8.47922,1.00,1.00
2017.01.17 10:35:01.198,8.47759,8.47908,1.00,1.00
2017.01.17 10:35:01.506,8.47759,8.47899,1.00,1.00
2017.01.17 10:35:01.620,8.47734,8.47883,1.00,1.00
2017.01.17 10:35:01.721,8.47732,8.47868,1.00,1.00
2017.01.17 10:35:01.772,8.47719,8.47868,1.00,1.00
2017.01.17 10:35:02.528,8.47714,8.47861,1.00,1.00
2017.01.17 10:35:03.591,8.47722,8.47871,1.00,1.50
2017.01.17 10:35:03.642,8.47705,8.47871,1.00,1.00
2017.01.17 10:35:03.759,8.4773,8.47871,1.00,1.00
2017.01.17 10:35:04.011,8.4773,8.47877,1.00,1.00
2017.01.17 10:35:04.642,8.47728,8.47894,1.00,1.00
2017.01.17 10:35:04.693,8.4775,8.47883,1.00,1.00
2017.01.17 10:35:07.579,8.4775,8.4788,1.00,1.00
2017.01.17 10:35:08.190,8.47733,8.4788,1.00,1.00
2017.01.17 10:35:08.614,8.47738,8.47885,1.00,1.00
2017.01.17 10:35:08.917,8.47755,8.47892,1.00,1.00
2017.01.17 10:35:09.019,8.47743,8.47891,1.00,1.00
2017.01.17 10:35:09.657,8.47736,8.47885,1.00,1.00
2017.01.17 10:35:09.708,8.47736,8.47885,1.00,1.50
2017.01.17 10:35:09.759,8.47733,8.47876,1.00,1.37
2017.01.17 10:35:10.707,8.47733,8.47876,1.75,1.00
2017.01.17 10:35:10.758,8.47733,8.4788,1.75,1.00
2017.01.17 10:35:10.966,8.47736,8.47885,1.00,1.00
2017.01.17 10:35:11.193,8.47733,8.47874,1.00,1.00
2017.01.17 10:35:11.395,8.47726,8.47874,1.00,1.00
2017.01.17 10:35:12.630,8.47736,8.47874,1.00,1.00
2017.01.17 10:35:13.521,8.47736,8.47882,1.00,1.00
2017.01.17 10:35:13.622,8.47753,8.47902,1.00,1.00
2017.01.17 10:35:13.824,8.47741,8.4789,1.00,1.00
2017.01.17 10:35:14.129,8.47757,8.47901,1.00,1.00
2017.01.17 10:35:14.629,8.4776,8.47909,1.00,1.00
2017.01.17 10:35:15.623,8.47757,8.47889,1.00,1.00
2017.01.17 10:35:15.825,8.4774,8.47889,1.00,1.00
2017.01.17 10:35:17.610,8.47739,8.47888,1.00,1.00
2017.01.17 10:35:18.624,8.47737,8.47886,1.00,1.00
2017.01.17 10:35:19.051,8.47733,8.47868,1.00,1.00
2017.01.17 10:35:19.200,8.47713,8.47853,1.00,1.00
2017.01.17 10:35:19.251,8.47704,8.47853,1.00,1.00
2017.01.17 10:35:20.103,8.47703,8.47852,1.00,1.00
2017.01.17 10:35:20.855,8.47699,8.47866,1.50,1.00
2017.01.17 10:35:20.906,8.4773,8.47867,1.00,1.00
2017.01.17 10:35:21.037,8.4773,8.47879,1.00,1.00
2017.01.17 10:35:21.088,8.47741,8.47888,1.00,1.00
2017.01.17 10:35:21.855,8.47735,8.47883,1.00,1.00
2017.01.17 10:35:22.854,8.47739,8.47886,1.00,1.00
2017.01.17 10:35:23.961,8.47742,8.47891,1.00,1.00
2017.01.17 10:35:24.389,8.47751,8.47895,1.00,1.00
2017.01.17 10:35:24.643,8.47777,8.47926,1.00,1.00
2017.01.17 10:35:25.455,8.47773,8.47922,1.00,1.00
2017.01.17 10:35:25.861,8.47784,8.47922,1.00,1.00
2017.01.17 10:35:26.595,8.47784,8.47923,1.00,1.00
2017.01.17 10:35:27.682,8.47784,8.47918,1.00,1.00
2017.01.17 10:35:27.851,8.47784,8.47925,1.00,1.00
2017.01.17 10:35:28.568,8.47776,8.47925,1.00,1.00
2017.01.17 10:35:28.669,8.47765,8.47914,1.00,1.00
2017.01.17 10:35:29.675,8.47769,8.47916,1.00,1.00
2017.01.17 10:35:29.978,8.47763,8.47871,1.00,1.00
2017.01.17 10:35:30.029,8.4773,8.47871,1.00,1.00
2017.01.17 10:35:30.181,8.47738,8.47887,1.00,1.00
2017.01.17 10:35:31.174,8.47733,8.47882,1.00,1.00
2017.01.17 10:35:38.814,8.4774,8.47889,1.00,1.00
2017.01.17 10:35:39.173,8.4773,8.47879,1.50,1.00
2017.01.17 10:35:40.238,8.4773,8.47876,1.00,1.00
2017.01.17 10:35:41.636,8.47722,8.47876,1.00,1.00
2017.01.17 10:35:43.642,8.47719,8.47876,1.00,1.00
2017.01.17 10:35:45.506,8.47718,8.47876,1.00,1.00
2017.01.17 10:35:45.584,8.47735,8.47876,1.00,1.00
2017.01.17 10:35:45.889,8.47735,8.47881,1.00,1.00
2017.01.17 10:35:47.231,8.4773,8.47896,1.50,1.00
2017.01.17 10:35:47.393,8.47754,8.47896,1.00,1.00
2017.01.17 10:35:47.659,8.4774,8.47889,1.00,1.00
2017.01.17 10:35:48.574,8.47738,8.47887,1.00,1.00
2017.01.17 10:35:48.923,8.47752,8.47887,1.00,1.00
2017.01.17 10:35:49.246,8.47726,8.47844,1.00,1.00
2017.01.17 10:35:49.673,8.47695,8.47844,1.00,1.00
2017.01.17 10:35:49.981,8.47687,8.47836,1.00,1.00
2017.01.17 10:35:50.314,8.47698,8.47847,1.00,1.00
2017.01.17 10:35:51.210,8.47699,8.47848,1.00,1.00
2017.01.17 10:35:51.530,8.47705,8.47854,1.00,1.00
2017.01.17 10:35:52.298,8.47701,8.47848,1.00,1.00
2017.01.17 10:35:53.182,8.47698,8.47847,1.00,1.00
2017.01.17 10:35:53.901,8.47689,8.47838,1.00,1.00
2017.01.17 10:35:54.214,8.47737,8.47852,1.00,1.00
2017.01.17 10:35:54.265,8.47737,8.47856,1.00,1.00
2017.01.17 10:35:54.995,8.47737,8.47863,1.00,1.60
2017.01.17 10:35:55.166,8.47717,8.47863,1.00,1.60
2017.01.17 10:35:55.217,8.47715,8.47863,1.00,1.60
2017.01.17 10:35:56.262,8.47715,8.47854,1.00,1.00
2017.01.17 10:35:57.429,8.47715,8.47851,1.00,1.00
2017.01.17 10:35:58.799,8.47715,8.4785,1.00,1.00
2017.01.17 10:36:01.790,8.47715,8.47848,1.00,1.00
2017.01.17 10:36:01.992,8.4769,8.47832,1.00,1.00
2017.01.17 10:36:02.194,8.47683,8.47825,1.00,1.00
2017.01.17 10:36:02.744,8.47658,8.47825,1.00,1.00
2017.01.17 10:36:02.845,8.4766,8.47809,1.00,1.00
2017.01.17 10:36:06.353,8.4767,8.47819,1.00,1.00
2017.01.17 10:36:06.694,8.47682,8.47819,1.00,1.00
2017.01.17 10:36:07.663,8.47682,8.47813,1.00,1.00
2017.01.17 10:36:07.881,8.47682,8.47816,1.00,1.00
2017.01.17 10:36:07.932,8.47682,8.47814,1.00,1.00
2017.01.17 10:36:08.957,8.47682,8.47817,1.00,1.00
2017.01.17 10:36:10.192,8.47682,8.47818,1.00,1.00
2017.01.17 10:36:11.723,8.47682,8.47817,1.00,1.00
2017.01.17 10:36:12.149,8.47682,8.47824,1.00,1.00
2017.01.17 10:36:12.250,8.47694,8.47843,1.00,1.00
2017.01.17 10:36:13.140,8.47698,8.47847,1.00,1.00
2017.01.17 10:36:15.228,8.47711,8.47847,1.00,1.00
2017.01.17 10:36:15.634,8.47711,8.47842,1.00,1.00
2017.01.17 10:36:15.753,8.47711,8.47851,1.00,1.00
2017.01.17 10:36:17.712,8.47711,8.47848,1.00,1.00
2017.01.17 10:36:21.345,8.47711,8.47852,1.00,1.00
2017.01.17 10:36:22.697,8.47711,8.47858,1.00,1.00
2017.01.17 10:36:23.162,8.47711,8.47862,1.00,1.00
2017.01.17 10:36:23.653,8.47711,8.47857,1.00,1.00
2017.01.17 10:36:23.754,8.47708,8.47857,1.00,1.00
2017.01.17 10:36:24.457,8.47698,8.47847,1.00,1.00
2017.01.17 10:36:24.770,8.47699,8.47859,1.00,1.50
2017.01.17 10:36:24.871,8.47739,8.47859,1.00,1.00
2017.01.17 10:36:25.123,8.47739,8.47879,1.00,1.00
2017.01.17 10:36:25.192,8.47739,8.47886,1.00,1.00
2017.01.17 10:36:25.435,8.47739,8.47882,1.00,1.00
2017.01.17 10:36:25.834,8.47736,8.47882,1.00,1.00
2017.01.17 10:36:26.448,8.47729,8.47877,1.00,1.00
2017.01.17 10:36:27.350,8.47722,8.47869,1.00,1.00
2017.01.17 10:36:28.167,8.47728,8.47875,1.00,1.00
2017.01.17 10:36:31.140,8.47724,8.47873,1.00,1.00
2017.01.17 10:36:31.823,8.47735,8.47882,1.00,1.00
2017.01.17 10:36:32.221,8.47756,8.47882,1.00,1.00
2017.01.17 10:36:32.561,8.47756,8.47905,1.00,1.00
2017.01.17 10:36:32.791,8.47761,8.4791,1.00,1.00
2017.01.17 10:36:33.526,8.47751,8.4792,1.00,1.00
2017.01.17 10:36:34.145,8.47736,8.47884,1.00,1.00
2017.01.17 10:36:34.297,8.47734,8.47883,1.00,1.00
2017.01.17 10:36:34.653,8.47734,8.4788,1.00,1.00
2017.01.17 10:36:36.708,8.47726,8.47875,1.00,1.00
2017.01.17 10:36:41.745,8.47723,8.47872,1.00,1.00
2017.01.17 10:36:42.431,8.47729,8.47878,1.00,1.00
2017.01.17 10:36:42.800,8.47771,8.4788,1.00,1.00
2017.01.17 10:36:42.851,8.47771,8.479,1.00,1.00
2017.01.17 10:36:42.952,8.47771,8.47919,1.00,1.00
2017.01.17 10:36:43.154,8.47778,8.47919,1.00,1.00
2017.01.17 10:36:44.114,8.47774,8.47919,1.00,1.00
2017.01.17 10:36:45.166,8.47773,8.47919,1.00,1.00
2017.01.17 10:36:47.265,8.47753,8.47919,1.00,1.00
2017.01.17 10:36:47.391,8.47762,8.47919,1.00,1.00
2017.01.17 10:36:47.755,8.47776,8.47919,1.00,1.00
2017.01.17 10:36:48.535,8.47773,8.47919,1.00,1.00
2017.01.17 10:36:52.164,8.47767,8.47919,1.00,1.00
2017.01.17 10:36:54.587,8.47763,8.47919,1.00,1.00
2017.01.17 10:36:55.552,8.47767,8.47919,1.00,1.00
2017.01.17 10:36:55.887,8.47773,8.47919,1.00,1.00
2017.01.17 10:36:56.734,8.47777,8.47919,1.00,1.00
2017.01.17 10:36:57.736,8.47778,8.47919,1.00,1.00
2017.01.17 10:36:58.775,8.47775,8.47919,1.00,1.00
2017.01.17 10:36:59.009,8.47782,8.47919,1.00,1.00
2017.01.17 10:36:59.110,8.47782,8.4794,1.00,1.00
2017.01.17 10:36:59.237,8.47793,8.4794,1.00,1.00
2017.01.17 10:36:59.493,8.47804,8.47961,1.00,1.00
2017.01.17 10:36:59.605,8.47804,8.47965,1.00,1.00
2017.01.17 10:37:00.217,8.47811,8.47965,1.00,1.00
2017.01.17 10:37:01.889,8.47798,8.47964,1.00,1.00
2017.01.17 10:37:01.940,8.47798,8.47951,1.00,1.00
2017.01.17 10:37:02.243,8.47798,8.47931,1.00,1.00
2017.01.17 10:37:02.294,8.47778,8.47931,1.00,1.00
2017.01.17 10:37:02.462,8.47763,8.47931,1.00,1.00
2017.01.17 10:37:02.614,8.47778,8.47925,1.00,1.00
2017.01.17 10:37:02.960,8.47778,8.47927,1.00,1.00
2017.01.17 10:37:04.456,8.47763,8.47931,1.00,1.00
2017.01.17 10:37:04.573,8.47772,8.47939,1.00,1.00
2017.01.17 10:37:07.783,8.47769,8.47938,1.00,1.00
2017.01.17 10:37:09.042,8.47751,8.4792,1.00,1.00
2017.01.17 10:37:09.601,8.47761,8.4793,1.00,1.00
2017.01.17 10:37:09.931,8.47778,8.47925,1.00,1.00
2017.01.17 10:37:10.725,8.47782,8.47929,1.00,1.00
2017.01.17 10:37:10.826,8.47778,8.47954,1.00,1.00
2017.01.17 10:37:10.927,8.47801,8.47968,1.00,1.50
2017.01.17 10:37:11.758,8.47819,8.47968,1.00,1.00
2017.01.17 10:37:11.960,8.47841,8.47995,1.00,1.00
2017.01.17 10:37:12.011,8.47841,8.48008,1.00,1.00
2017.01.17 10:37:12.801,8.4786,8.48026,1.00,1.00
2017.01.17 10:37:13.122,8.4787,8.48019,1.00,1.00
2017.01.17 10:37:13.747,8.47879,8.48026,1.00,1.00
2017.01.17 10:37:14.640,8.47895,8.48044,1.00,1.00
2017.01.17 10:37:15.187,8.47908,8.48055,1.00,1.50
2017.01.17 10:37:15.512,8.47912,8.48059,1.00,1.00
2017.01.17 10:37:15.833,8.47912,8.48049,1.00,1.00
2017.01.17 10:37:16.739,8.47912,8.4806,1.50,1.00
2017.01.17 10:37:16.790,8.47917,8.48064,1.00,1.00
2017.01.17 10:37:16.841,8.47912,8.48075,1.00,1.00
2017.01.17 10:37:17.194,8.47912,8.48077,1.00,1.00
2017.01.17 10:37:17.295,8.47912,8.48051,1.00,1.00
2017.01.17 10:37:17.810,8.47912,8.48043,1.00,1.00
2017.01.17 10:37:18.194,8.47886,8.48017,1.00,1.00
2017.01.17 10:37:18.680,8.47886,8.48053,1.00,1.00
2017.01.17 10:37:18.832,8.47886,8.48017,1.00,1.00
2017.01.17 10:37:19.303,8.47886,8.48019,1.00,1.00
2017.01.17 10:37:19.626,8.47886,8.47988,1.00,1.00
2017.01.17 10:37:19.677,8.47886,8.48011,1.00,1.00
2017.01.17 10:37:19.728,8.47866,8.4801,1.00,1.00
2017.01.17 10:37:19.779,8.47842,8.47994,1.00,1.00
2017.01.17 10:37:19.829,8.47842,8.47954,1.00,1.00
2017.01.17 10:37:19.930,8.47822,8.47953,1.00,1.00
2017.01.17 10:37:19.981,8.47811,8.47953,1.00,1.00
2017.01.17 10:37:20.544,8.47811,8.47945,1.00,1.00
2017.01.17 10:37:20.595,8.47811,8.47953,1.00,1.00
2017.01.17 10:37:20.747,8.47806,8.47953,1.00,1.00
2017.01.17 10:37:21.056,8.47806,8.47953,1.60,1.00
2017.01.17 10:37:21.164,8.47856,8.47996,1.00,1.00
2017.01.17 10:37:21.416,8.47856,8.47999,1.00,1.00
2017.01.17 10:37:21.583,8.47862,8.48011,1.00,1.00
2017.01.17 10:37:21.636,8.47875,8.48016,1.00,1.00
2017.01.17 10:37:22.173,8.47864,8.48011,1.00,1.00
2017.01.17 10:37:22.430,8.47856,8.48002,1.00,1.00
2017.01.17 10:37:23.167,8.47856,8.47994,1.00,1.00
2017.01.17 10:37:26.030,8.47856,8.48003,1.50,1.00
2017.01.17 10:37:26.081,8.47856,8.48016,1.50,1.00
2017.01.17 10:37:26.351,8.47856,8.48,1.00,1.00
2017.01.17 10:37:27.217,8.47867,8.48016,1.00,1.00
2017.01.17 10:37:27.269,8.47872,8.4804,1.00,1.00
2017.01.17 10:37:27.806,8.47872,8.48039,1.00,1.00
2017.01.17 10:37:28.389,8.47875,8.48039,1.00,1.00
2017.01.17 10:37:28.926,8.47893,8.48041,1.00,1.00
2017.01.17 10:37:29.128,8.47875,8.48038,1.00,1.00
2017.01.17 10:37:29.555,8.47896,8.48038,1.00,1.00
2017.01.17 10:37:29.656,8.47901,8.48058,1.00,1.00
2017.01.17 10:37:29.758,8.47901,8.48063,1.00,1.00
2017.01.17 10:37:29.809,8.47919,8.48068,1.00,1.00
2017.01.17 10:37:30.159,8.47919,8.48058,1.00,1.35
2017.01.17 10:37:30.480,8.4791,8.48038,1.00,1.12
2017.01.17 10:37:30.783,8.47881,8.48003,1.00,1.35
2017.01.17 10:37:31.385,8.47875,8.47988,1.00,1.00
2017.01.17 10:37:31.687,8.47683,8.47987,1.97,1.24
2017.01.17 10:37:31.889,8.47683,8.47978,1.97,1.42
2017.01.17 10:37:32.254,8.47727,8.47924,1.00,1.00
2017.01.17 10:37:32.830,8.47732,8.47911,1.00,1.00
2017.01.17 10:37:32.880,8.47724,8.4792,1.00,1.00
2017.01.17 10:37:32.975,8.47729,8.4792,1.00,1.00
2017.01.17 10:37:33.277,8.47724,8.47855,1.00,1.00
2017.01.17 10:37:33.857,8.47723,8.47855,1.00,1.00
2017.01.17 10:37:34.261,8.47736,8.47855,1.00,1.00
2017.01.17 10:37:34.463,8.47728,8.47855,1.00,1.00
2017.01.17 10:37:35.454,8.4773,8.47855,1.00,1.00
2017.01.17 10:37:35.767,8.47736,8.47855,1.00,1.00
2017.01.17 10:37:37.635,8.47725,8.47855,1.00,1.00
2017.01.17 10:37:38.175,8.47731,8.47855,1.00,1.00
2017.01.17 10:37:39.135,8.47726,8.47855,1.00,1.00
2017.01.17 10:37:39.593,8.47717,8.47855,1.50,1.00
2017.01.17 10:37:39.735,8.47717,8.47853,1.50,1.00
2017.01.17 10:37:40.038,8.47705,8.47813,1.50,1.00
2017.01.17 10:37:40.243,8.47713,8.47833,1.00,1.00
2017.01.17 10:37:40.344,8.47713,8.47837,1.00,1.00
2017.01.17 10:37:41.149,8.47712,8.47837,1.00,1.00
2017.01.17 10:37:41.200,8.47712,8.47837,1.00,1.07
2017.01.17 10:37:41.251,8.47712,8.47837,1.00,1.00
2017.01.17 10:37:41.301,8.47697,8.47833,1.00,1.17
2017.01.17 10:37:41.352,8.47687,8.47834,1.00,1.00
2017.01.17 10:37:41.527,8.47676,8.47825,1.00,1.00
2017.01.17 10:37:41.678,8.47676,8.47811,1.00,1.00
2017.01.17 10:37:41.851,8.47654,8.47803,1.00,1.00
2017.01.17 10:37:42.208,8.47644,8.47791,1.00,1.00
2017.01.17 10:37:42.521,8.47642,8.47789,1.00,1.00
2017.01.17 10:37:42.832,8.47657,8.47789,1.00,1.00
2017.01.17 10:37:43.191,8.47657,8.4778,1.00,1.00
2017.01.17 10:37:43.893,8.47657,8.47783,1.00,1.00
2017.01.17 10:37:43.944,8.47657,8.47778,1.00,1.00
2017.01.17 10:37:44.287,8.47657,8.47763,1.00,1.00
2017.01.17 10:37:44.554,8.47629,8.47763,1.00,1.00
2017.01.17 10:37:44.655,8.4762,8.47763,1.00,1.00
2017.01.17 10:37:44.814,8.47633,8.47763,1.00,1.00
2017.01.17 10:37:44.965,8.47622,8.47763,1.00,1.00
2017.01.17 10:37:45.761,8.4761,8.47759,1.00,1.00
2017.01.17 10:37:45.969,8.47597,8.47729,1.00,1.00
2017.01.17 10:37:46.703,8.47592,8.47729,1.00,1.00
2017.01.17 10:37:47.112,8.47602,8.47729,1.00,1.00
2017.01.17 10:37:47.415,8.47611,8.47729,1.00,1.00
2017.01.17 10:37:47.887,8.47598,8.47729,1.00,1.00
2017.01.17 10:37:48.367,8.47618,8.47729,1.00,1.00
2017.01.17 10:37:48.565,8.47602,8.47729,1.00,1.00
2017.01.17 10:37:48.976,8.4759,8.47729,1.00,1.00
2017.01.17 10:37:49.516,8.47597,8.47729,1.00,1.00
2017.01.17 10:37:50.124,8.47581,8.47729,1.00,1.00
2017.01.17 10:37:50.175,8.47581,8.47723,1.00,1.00
2017.01.17 10:37:50.326,8.47564,8.47709,1.00,1.00
2017.01.17 10:37:50.500,8.4756,8.47705,1.00,1.00
2017.01.17 10:37:50.824,8.47564,8.47705,1.00,1.00
2017.01.17 10:37:52.201,8.47576,8.47705,1.00,1.00
2017.01.17 10:37:52.504,8.476,8.47705,1.00,1.00
2017.01.17 10:37:53.165,8.47609,8.47705,1.00,1.00
2017.01.17 10:37:53.512,8.47612,8.47705,1.00,1.00
2017.01.17 10:37:53.838,8.47604,8.47705,1.00,1.00
2017.01.17 10:37:53.889,8.47589,8.47705,1.00,1.00
2017.01.17 10:37:53.990,8.47589,8.4773,1.00,1.00
2017.01.17 10:37:54.041,8.47589,8.47726,1.00,1.00
2017.01.17 10:37:54.365,8.47589,8.47705,1.00,1.00
2017.01.17 10:37:55.005,8.47606,8.47705,1.00,1.00
2017.01.17 10:37:55.106,8.47606,8.47725,1.00,1.00
2017.01.17 10:37:55.893,8.47594,8.47725,1.00,1.00
2017.01.17 10:37:55.994,8.47604,8.47725,1.00,1.00
2017.01.17 10:37:56.765,8.47613,8.47725,1.00,1.00
2017.01.17 10:37:57.308,8.47613,8.4775,1.00,1.00
2017.01.17 10:37:58.147,8.47616,8.4775,1.00,1.00
2017.01.17 10:37:59.134,8.47614,8.4775,1.00,1.00
2017.01.17 10:37:59.472,8.47595,8.47744,1.00,1.00
2017.01.17 10:38:00.320,8.47594,8.47741,1.00,1.00
2017.01.17 10:38:01.471,8.47599,8.47748,1.00,1.00
2017.01.17 10:38:01.870,8.47589,8.47736,1.00,1.00
2017.01.17 10:38:02.493,8.47588,8.47739,1.00,1.00
2017.01.17 10:38:04.541,8.47599,8.4775,1.00,1.00
2017.01.17 10:38:04.886,8.47594,8.47745,1.00,1.00
2017.01.17 10:38:05.232,8.47578,8.47695,1.00,1.00
2017.01.17 10:38:05.577,8.47574,8.47695,1.00,1.00
2017.01.17 10:38:06.701,8.47568,8.47695,1.00,1.00
2017.01.17 10:38:06.903,8.47559,8.47695,1.00,1.00
2017.01.17 10:38:07.105,8.47546,8.47695,1.00,1.00
2017.01.17 10:38:07.206,8.4753,8.47689,1.00,1.00
2017.01.17 10:38:07.473,8.4753,8.47695,1.00,1.00
2017.01.17 10:38:07.699,8.4753,8.47662,1.00,1.00
2017.01.17 10:38:07.806,8.47513,8.47662,1.00,1.00
2017.01.17 10:38:07.857,8.47513,8.47643,1.00,1.00
2017.01.17 10:38:08.159,8.47513,8.47622,1.00,1.00
2017.01.17 10:38:08.566,8.47499,8.47622,1.00,1.00
2017.01.17 10:38:08.617,8.47486,8.47622,1.00,1.00
2017.01.17 10:38:08.984,8.47494,8.47622,1.00,1.00
2017.01.17 10:38:09.311,8.47494,8.47603,1.00,1.00
2017.01.17 10:38:09.658,8.47488,8.47603,1.00,1.00
2017.01.17 10:38:10.216,8.47488,8.47627,1.00,1.00
2017.01.17 10:38:10.865,8.47527,8.47627,1.00,1.00
2017.01.17 10:38:10.916,8.47511,8.47659,1.00,1.00
2017.01.17 10:38:11.017,8.47508,8.47652,1.00,1.00
2017.01.17 10:38:12.036,8.47524,8.47652,1.00,1.00
2017.01.17 10:38:12.613,8.47526,8.47652,1.00,1.00
2017.01.17 10:38:16.726,8.47507,8.47652,1.00,1.00
2017.01.17 10:38:17.644,8.47506,8.47652,1.00,1.00
2017.01.17 10:38:22.859,8.47515,8.47652,1.00,1.00
2017.01.17 10:38:23.460,8.47516,8.47652,1.00,1.00
2017.01.17 10:38:24.236,8.4751,8.47652,1.00,1.00
2017.01.17 10:38:24.337,8.47497,8.47652,1.00,1.00
2017.01.17 10:38:24.767,8.47511,8.47652,1.00,1.00
2017.01.17 10:38:25.742,8.47515,8.47652,1.00,1.00
2017.01.17 10:38:27.002,8.47513,8.47652,1.00,1.00
2017.01.17 10:38:28.946,8.47517,8.47652,1.00,1.00
2017.01.17 10:38:29.512,8.4751,8.47652,1.00,1.00
2017.01.17 10:38:29.563,8.4751,8.47628,1.00,1.00
2017.01.17 10:38:29.943,8.4752,8.47628,1.00,1.00
2017.01.17 10:38:30.263,8.47531,8.47628,1.00,1.00
2017.01.17 10:38:30.939,8.47534,8.47628,1.00,1.00
2017.01.17 10:38:31.845,8.47525,8.47628,1.00,1.00
2017.01.17 10:38:31.946,8.47537,8.47648,1.00,1.00
2017.01.17 10:38:31.997,8.47537,8.47659,1.00,1.00
2017.01.17 10:38:32.098,8.4757,8.47659,1.00,1.00
2017.01.17 10:38:32.467,8.4757,8.47719,1.00,1.00
2017.01.17 10:38:33.004,8.47576,8.47725,1.00,1.00
2017.01.17 10:38:33.798,8.47564,8.47727,1.00,1.00
2017.01.17 10:38:33.964,8.47546,8.47727,1.50,1.00
2017.01.17 10:38:34.222,8.47569,8.47748,1.00,1.00
2017.01.17 10:38:34.533,8.47556,8.47705,1.00,1.00
2017.01.17 10:38:34.584,8.47558,8.4774,1.00,1.00
2017.01.17 10:38:35.288,8.47556,8.47705,1.00,1.00
2017.01.17 10:38:35.594,8.47558,8.47704,1.00,1.00
2017.01.17 10:38:35.978,8.47557,8.47739,1.00,1.00
2017.01.17 10:38:36.311,8.47546,8.4769,1.00,1.00
2017.01.17 10:38:36.503,8.47546,8.47725,1.00,1.00
2017.01.17 10:38:36.846,8.47557,8.47737,1.00,1.00
2017.01.17 10:38:37.443,8.47546,8.47687,1.00,1.37
2017.01.17 10:38:37.494,8.47558,8.47707,1.00,1.00
2017.01.17 10:38:38.552,8.4756,8.4774,1.00,1.00
2017.01.17 10:38:39.046,8.47564,8.47746,1.00,1.00
2017.01.17 10:38:39.198,8.47576,8.47758,1.00,1.00
2017.01.17 10:38:39.654,8.47577,8.47704,1.00,1.00
2017.01.17 10:38:40.040,8.47607,8.47704,1.00,1.00
2017.01.17 10:38:40.344,8.47651,8.47729,1.00,1.00
2017.01.17 10:38:40.394,8.47648,8.4776,1.00,1.00
2017.01.17 10:38:41.258,8.47648,8.4776,1.60,1.00
2017.01.17 10:38:41.536,8.47685,8.47796,1.00,1.00
2017.01.17 10:38:41.615,8.47651,8.47796,1.00,1.00
2017.01.17 10:38:41.666,8.47655,8.47822,1.00,1.00
2017.01.17 10:38:42.467,8.47659,8.47821,1.00,1.00
2017.01.17 10:38:42.770,8.47659,8.478,1.00,1.00
2017.01.17 10:38:43.660,8.47655,8.478,1.00,1.00
2017.01.17 10:38:43.862,8.47655,8.47779,1.00,1.00
2017.01.17 10:38:46.159,8.47695,8.47779,1.00,1.00
2017.01.17 10:38:46.210,8.47675,8.47779,1.00,1.00
2017.01.17 10:38:46.361,8.47675,8.47801,1.00,1.00
2017.01.17 10:38:47.134,8.47659,8.47801,1.00,1.00
2017.01.17 10:38:47.757,8.47667,8.47801,1.00,1.00
2017.01.17 10:38:48.083,8.47685,8.47801,1.00,1.00
2017.01.17 10:38:48.767,8.47695,8.47801,1.00,1.00
2017.01.17 10:38:50.877,8.47684,8.47801,1.00,1.00
2017.01.17 10:38:51.491,8.47659,8.47772,1.00,1.00
2017.01.17 10:38:52.357,8.47654,8.47772,1.00,1.00
2017.01.17 10:38:52.459,8.47635,8.47772,1.60,1.00
2017.01.17 10:38:52.767,8.4765,8.47772,1.00,1.00
2017.01.17 10:38:53.764,8.47648,8.47772,1.00,1.00
2017.01.17 10:38:54.765,8.47652,8.47772,1.00,1.00
2017.01.17 10:38:57.040,8.47658,8.47772,1.00,1.00
2017.01.17 10:38:59.922,8.47647,8.47772,1.00,1.00
2017.01.17 10:39:00.048,8.47642,8.47772,1.00,1.00
2017.01.17 10:39:01.237,8.47656,8.47772,1.00,1.00
2017.01.17 10:39:01.541,8.47676,8.47772,1.00,1.00
2017.01.17 10:39:01.769,8.47676,8.47802,1.00,1.00
2017.01.17 10:39:02.504,8.47686,8.47802,1.00,1.00
2017.01.17 10:39:02.658,8.47681,8.47802,1.00,1.00
2017.01.17 10:39:05.430,8.47685,8.47802,1.00,1.00
2017.01.17 10:39:05.564,8.4768,8.47802,1.00,1.00
2017.01.17 10:39:05.959,8.47664,8.47802,1.60,1.00
2017.01.17 10:39:06.322,8.47703,8.47802,1.00,1.00
2017.01.17 10:39:06.424,8.47703,8.47879,1.00,1.00
2017.01.17 10:39:06.978,8.47693,8.47871,1.00,1.00
2017.01.17 10:39:07.137,8.47701,8.47871,1.00,1.00
2017.01.17 10:39:07.779,8.47705,8.47883,1.00,1.00
2017.01.17 10:39:07.880,8.47697,8.47873,1.00,1.00
2017.01.17 10:39:08.211,8.47713,8.47873,1.00,1.00
2017.01.17 10:39:08.518,8.47713,8.47877,1.00,1.00
2017.01.17 10:39:08.619,8.47717,8.4789,1.00,1.00
2017.01.17 10:39:08.669,8.47717,8.47876,1.00,1.00
2017.01.17 10:39:08.821,8.47717,8.47879,1.00,1.00
2017.01.17 10:39:08.872,8.47728,8.47879,1.00,1.00
2017.01.17 10:39:09.503,8.47739,8.47879,1.00,1.00
2017.01.17 10:39:09.604,8.47721,8.47879,1.00,1.00
2017.01.17 10:39:09.655,8.47734,8.47879,1.00,1.00
2017.01.17 10:39:10.030,8.47736,8.47879,1.00,1.00
2017.01.17 10:39:10.738,8.47736,8.47862,1.00,1.00
2017.01.17 10:39:10.788,8.47715,8.47862,1.00,1.00
2017.01.17 10:39:10.889,8.47713,8.47862,1.00,1.00
2017.01.17 10:39:11.041,8.47684,8.47847,1.00,1.00
2017.01.17 10:39:11.193,8.47699,8.47847,1.00,1.00
2017.01.17 10:39:11.446,8.47716,8.47871,1.00,1.50
2017.01.17 10:39:11.548,8.47703,8.47871,1.00,1.00
2017.01.17 10:39:11.598,8.47682,8.47834,1.00,1.00
2017.01.17 10:39:11.982,8.47654,8.47795,1.00,1.00
2017.01.17 10:39:12.290,8.4767,8.47795,1.00,1.00
2017.01.17 10:39:13.233,8.47675,8.47795,1.00,1.00
2017.01.17 10:39:14.257,8.47674,8.47795,1.00,1.00
2017.01.17 10:39:14.409,8.47686,8.4783,1.00,1.00
2017.01.17 10:39:14.561,8.47696,8.4783,1.00,1.00
2017.01.17 10:39:15.519,8.47706,8.4783,1.00,1.00
2017.01.17 10:39:15.620,8.47706,8.47853,1.00,1.00
2017.01.17 10:39:15.715,8.47708,8.47853,1.00,1.00
2017.01.17 10:39:20.559,8.4769,8.47853,1.00,1.00
2017.01.17 10:39:20.610,8.47686,8.47843,1.50,1.00
2017.01.17 10:39:20.917,8.47684,8.47806,1.00,1.00
2017.01.17 10:39:21.028,8.47684,8.47823,1.00,1.00
2017.01.17 10:39:21.129,8.47689,8.47833,1.00,1.00
2017.01.17 10:39:22.040,8.47699,8.47833,1.00,1.00
2017.01.17 10:39:22.364,8.47712,8.47833,1.00,1.00
2017.01.17 10:39:22.465,8.47712,8.47857,1.00,1.00
2017.01.17 10:39:22.518,8.47712,8.4785,1.00,1.00
2017.01.17 10:39:23.426,8.47712,8.47855,1.00,1.00
2017.01.17 10:39:23.593,8.47712,8.47857,1.00,1.00
2017.01.17 10:39:24.558,8.47699,8.47857,1.00,1.00
2017.01.17 10:39:24.609,8.477,8.47854,1.00,1.00
2017.01.17 10:39:24.939,8.477,8.47832,1.00,1.00
2017.01.17 10:39:25.529,8.47689,8.47832,1.00,1.00
2017.01.17 10:39:26.654,8.47675,8.4783,1.00,1.00
2017.01.17 10:39:26.756,8.47675,8.47813,1.00,1.00
2017.01.17 10:39:27.757,8.47675,8.47813,1.60,1.00
2017.01.17 10:39:28.129,8.47698,8.47813,1.00,1.00
2017.01.17 10:39:28.230,8.47677,8.47813,1.60,1.00
2017.01.17 10:39:28.281,8.47677,8.47813,1.00,1.00
2017.01.17 10:39:28.382,8.47659,8.47801,1.00,1.00
2017.01.17 10:39:28.483,8.47647,8.47801,1.60,1.00
2017.01.17 10:39:28.533,8.47655,8.47801,1.00,1.00
2017.01.17 10:39:28.833,8.47655,8.47813,1.00,1.00
2017.01.17 10:39:30.050,8.47648,8.47813,1.35,1.00
2017.01.17 10:39:30.101,8.47648,8.47796,1.00,1.00
2017.01.17 10:39:30.151,8.47627,8.47791,1.00,1.00
2017.01.17 10:39:30.202,8.47624,8.47772,1.00,1.00
2017.01.17 10:39:30.354,8.47604,8.47771,1.50,1.00
2017.01.17 10:39:30.556,8.47623,8.47747,1.00,1.00
2017.01.17 10:39:30.892,8.47604,8.47747,1.35,1.00
2017.01.17 10:39:31.214,8.47613,8.47747,1.00,1.00
2017.01.17 10:39:31.939,8.47602,8.47747,1.00,1.00
2017.01.17 10:39:32.074,8.47615,8.47747,1.00,1.00
2017.01.17 10:39:32.175,8.47602,8.47747,1.35,1.00
2017.01.17 10:39:32.277,8.47621,8.47747,1.00,1.00
2017.01.17 10:39:33.244,8.47623,8.47747,1.00,1.00
2017.01.17 10:39:35.396,8.47631,8.47747,1.00,1.00
2017.01.17 10:39:36.389,8.47635,8.47747,1.00,1.00
2017.01.17 10:39:36.888,8.47654,8.47747,1.00,1.00
2017.01.17 10:39:37.039,8.47639,8.47747,1.00,1.00
2017.01.17 10:39:37.090,8.4762,8.47767,1.00,1.00
2017.01.17 10:39:37.141,8.47607,8.47749,1.00,1.00
2017.01.17 10:39:37.312,8.47565,8.47718,1.00,1.00
2017.01.17 10:39:37.428,8.47565,8.47695,1.00,1.00
2017.01.17 10:39:37.478,8.4755,8.47695,1.37,1.00
2017.01.17 10:39:37.630,8.47542,8.47695,1.00,1.00
2017.01.17 10:39:38.115,8.47542,8.47685,1.00,1.00
2017.01.17 10:39:38.469,8.47528,8.47673,1.60,1.00
2017.01.17 10:39:38.621,8.47528,8.47683,1.60,1.00
2017.01.17 10:39:38.672,8.47539,8.47695,1.00,1.50
2017.01.17 10:39:38.773,8.47553,8.47695,1.00,1.00
2017.01.17 10:39:40.058,8.47561,8.47695,1.60,1.00
2017.01.17 10:39:40.310,8.47574,8.47715,1.60,1.50
2017.01.17 10:39:41.158,8.47596,8.47715,1.00,1.00
2017.01.17 10:39:44.361,8.47576,8.47715,1.60,1.00
2017.01.17 10:39:44.594,8.47576,8.47715,1.00,1.00
2017.01.17 10:39:44.645,8.47576,8.47712,1.00,1.00
2017.01.17 10:39:44.696,8.47547,8.47712,1.60,1.00
2017.01.17 10:39:44.902,8.4754,8.47682,1.60,1.00
2017.01.17 10:39:46.116,8.4757,8.47682,1.00,1.00
2017.01.17 10:39:46.217,8.47557,8.47702,1.60,1.00
2017.01.17 10:39:46.268,8.47557,8.4771,1.60,1.00
2017.01.17 10:39:47.081,8.47557,8.47685,1.00,1.00
2017.01.17 10:39:47.132,8.47543,8.47685,1.00,1.00
2017.01.17 10:39:47.182,8.47543,8.47675,1.00,1.00
2017.01.17 10:39:47.233,8.47518,8.47675,1.00,1.00
2017.01.17 10:39:47.529,8.47518,8.47654,1.00,1.00
2017.01.17 10:39:48.013,8.4752,8.47654,1.00,1.00
2017.01.17 10:39:48.317,8.47549,8.47654,1.00,1.00
2017.01.17 10:39:48.438,8.47549,8.47686,1.00,1.00
2017.01.17 10:39:48.488,8.47558,8.47686,1.00,1.00
2017.01.17 10:39:48.810,8.47571,8.47686,1.00,1.00
2017.01.17 10:39:48.911,8.47571,8.47706,1.00,1.00
2017.01.17 10:39:48.962,8.47571,8.47718,1.00,1.00
2017.01.17 10:39:49.271,8.4758,8.47718,1.00,1.00
2017.01.17 10:39:49.737,8.47567,8.47718,1.00,1.00
2017.01.17 10:39:50.239,8.47573,8.47718,1.00,1.00
2017.01.17 10:39:50.586,8.47564,8.47708,1.00,1.00
2017.01.17 10:39:50.893,8.47564,8.47693,1.00,1.00
2017.01.17 10:39:52.676,8.47564,8.47687,1.00,1.00
2017.01.17 10:39:52.777,8.47545,8.47674,1.00,1.00
2017.01.17 10:39:52.828,8.47528,8.47674,1.00,1.00
2017.01.17 10:39:52.929,8.47518,8.47661,1.00,1.00
2017.01.17 10:39:53.031,8.4751,8.47661,1.00,1.00
2017.01.17 10:39:53.313,8.47521,8.47661,1.00,1.00
2017.01.17 10:39:53.808,8.47528,8.47661,1.00,1.00
2017.01.17 10:39:54.231,8.47557,8.47661,1.00,1.00
2017.01.17 10:39:55.821,8.47533,8.47661,1.00,1.00
2017.01.17 10:39:55.872,8.47517,8.47661,1.00,1.00
2017.01.17 10:39:56.021,8.47496,8.4764,1.00,1.00
2017.01.17 10:39:56.251,8.47482,8.4764,1.37,1.00
2017.01.17 10:39:56.302,8.47497,8.47653,1.00,1.00
2017.01.17 10:39:56.575,8.47507,8.47653,1.00,1.00
2017.01.17 10:39:57.075,8.47507,8.4766,1.00,1.00
2017.01.17 10:39:57.126,8.47515,8.4766,1.00,1.00
2017.01.17 10:39:57.176,8.47516,8.47673,1.00,1.00
2017.01.17 10:39:57.662,8.47472,8.47606,1.50,1.00
2017.01.17 10:39:57.713,8.47472,8.47606,1.00,1.00
2017.01.17 10:39:57.763,8.47472,8.47581,1.00,1.00
2017.01.17 10:39:57.864,8.47424,8.47581,1.00,1.00
2017.01.17 10:39:57.915,8.47432,8.47581,1.00,1.00
2017.01.17 10:39:58.016,8.47424,8.47581,1.00,1.00
2017.01.17 10:39:58.337,8.47444,8.47589,1.00,1.00
2017.01.17 10:39:58.614,8.47436,8.47589,1.00,1.00
2017.01.17 10:39:59.086,8.47451,8.47589,1.00,1.00
2017.01.17 10:40:00.145,8.47464,8.47589,1.00,1.00
2017.01.17 10:40:00.196,8.47448,8.47589,1.00,1.00
2017.01.17 10:40:00.247,8.47431,8.47587,1.00,1.00
2017.01.17 10:40:00.348,8.47431,8.47563,1.00,1.00
2017.01.17 10:40:00.399,8.47424,8.47563,1.00,1.00
2017.01.17 10:40:00.550,8.47434,8.47563,1.00,1.00
2017.01.17 10:40:00.651,8.47434,8.47584,1.00,1.00
2017.01.17 10:40:00.702,8.47434,8.47588,1.00,1.00
2017.01.17 10:40:01.212,8.47458,8.47588,1.00,1.00
2017.01.17 10:40:01.493,8.47443,8.47588,1.00,1.00
2017.01.17 10:40:01.691,8.47457,8.47588,1.00,1.00
2017.01.17 10:40:01.999,8.4744,8.47588,1.00,1.00
2017.01.17 10:40:02.100,8.47456,8.47588,1.00,1.00
2017.01.17 10:40:02.504,8.47441,8.47588,1.00,1.00
2017.01.17 10:40:03.555,8.47457,8.47588,1.00,1.00
2017.01.17 10:40:03.858,8.47447,8.47588,1.00,1.00
2017.01.17 10:40:04.082,8.47434,8.47587,1.00,1.00
2017.01.17 10:40:05.010,8.47435,8.47587,2.10,1.00
2017.01.17 10:40:05.262,8.47461,8.47588,1.00,1.00
2017.01.17 10:40:05.313,8.47459,8.47588,1.00,1.00
2017.01.17 10:40:05.364,8.47439,8.47588,1.00,1.00
2017.01.17 10:40:05.717,8.47421,8.47574,1.00,1.00
2017.01.17 10:40:05.844,8.47405,8.47551,1.00,1.00
2017.01.17 10:40:06.310,8.47405,8.47556,1.50,1.00
2017.01.17 10:40:06.915,8.474,8.47555,1.00,1.00
2017.01.17 10:40:07.066,8.47394,8.47535,1.00,1.00
2017.01.17 10:40:07.318,8.4739,8.47535,1.00,1.00
2017.01.17 10:40:07.598,8.4738,8.47534,1.00,1.00
2017.01.17 10:40:07.649,8.47383,8.47524,1.00,1.00
2017.01.17 10:40:07.699,8.47369,8.47524,1.00,1.00
2017.01.17 10:40:07.750,8.47369,8.47511,1.00,1.00
2017.01.17 10:40:07.982,8.47344,8.47496,1.00,1.00
2017.01.17 10:40:08.084,8.47344,8.4747,1.00,1.00
2017.01.17 10:40:08.462,8.47324,8.47454,1.00,1.00
2017.01.17 10:40:08.563,8.47274,8.4743,1.00,1.00
2017.01.17 10:40:09.071,8.47273,8.47429,1.00,1.00
2017.01.17 10:40:09.172,8.47273,8.47421,1.00,1.00
2017.01.17 10:40:09.512,8.47278,8.47421,1.00,1.00
2017.01.17 10:40:12.167,8.47273,8.47421,1.00,1.00
2017.01.17 10:40:12.624,8.47256,8.4741,1.00,1.00
2017.01.17 10:40:12.725,8.47254,8.47398,1.00,1.00
2017.01.17 10:40:13.291,8.47254,8.47381,1.00,1.00
2017.01.17 10:40:13.458,8.47234,8.47381,1.00,1.00
2017.01.17 10:40:13.509,8.47225,8.47381,1.00,1.00
2017.01.17 10:40:13.661,8.47237,8.47387,1.00,1.00
2017.01.17 10:40:13.987,8.47237,8.47353,1.00,1.00
2017.01.17 10:40:14.050,8.47237,8.47373,1.00,1.00
2017.01.17 10:40:14.101,8.47259,8.47384,1.00,1.00
2017.01.17 10:40:14.253,8.47245,8.47384,1.00,1.00
2017.01.17 10:40:15.267,8.47249,8.47384,1.00,1.00
2017.01.17 10:40:15.545,8.4724,8.47384,1.00,1.00
2017.01.17 10:40:16.169,8.47249,8.47384,1.00,1.00
2017.01.17 10:40:16.512,8.47258,8.47384,1.00,1.00
2017.01.17 10:40:17.317,8.47262,8.47384,1.00,1.00
2017.01.17 10:40:17.816,8.47271,8.47384,1.00,1.00
2017.01.17 10:40:18.068,8.47282,8.47404,1.00,1.00
2017.01.17 10:40:18.119,8.47297,8.47416,1.00,1.00
2017.01.17 10:40:18.371,8.47297,8.47436,1.00,1.00
2017.01.17 10:40:18.422,8.47297,8.4744,1.00,1.00
2017.01.17 10:40:18.577,8.47323,8.4744,1.00,1.00
2017.01.17 10:40:18.779,8.47323,8.47459,1.00,1.00
2017.01.17 10:40:18.959,8.4731,8.47466,1.00,1.00
2017.01.17 10:40:19.117,8.473,8.47451,1.00,1.00
2017.01.17 10:40:19.269,8.47284,8.47437,1.00,1.00
2017.01.17 10:40:19.471,8.47298,8.47443,1.00,1.00
2017.01.17 10:40:19.774,8.47284,8.4743,1.00,1.00
2017.01.17 10:40:19.977,8.47286,8.47442,1.00,1.00
2017.01.17 10:40:20.066,8.47286,8.47424,1.00,1.00
2017.01.17 10:40:20.467,8.47286,8.47442,1.00,1.00
2017.01.17 10:40:20.959,8.4729,8.47446,1.00,1.00
2017.01.17 10:40:21.989,8.47295,8.47424,1.00,1.00
2017.01.17 10:40:22.040,8.47284,8.47424,1.50,1.00
2017.01.17 10:40:22.141,8.473,8.47424,1.00,1.00
2017.01.17 10:40:22.393,8.473,8.47444,1.00,1.00
2017.01.17 10:40:22.444,8.473,8.47456,1.00,1.00
2017.01.17 10:40:23.153,8.47299,8.47455,1.00,1.00
2017.01.17 10:40:23.624,8.47307,8.47456,1.00,1.00
2017.01.17 10:40:24.585,8.47308,8.47456,1.00,1.00
2017.01.17 10:40:25.553,8.47301,8.47456,1.00,1.00
2017.01.17 10:40:25.670,8.47308,8.47456,1.00,1.00
2017.01.17 10:40:26.015,8.47323,8.47456,1.00,1.00
2017.01.17 10:40:26.520,8.47325,8.47476,1.00,1.00
2017.01.17 10:40:27.062,8.47325,8.47477,1.00,1.00
2017.01.17 10:40:27.513,8.47329,8.47477,1.00,1.00
2017.01.17 10:40:29.007,8.47323,8.47477,1.00,1.50
2017.01.17 10:40:29.057,8.47323,8.47464,1.00,1.00
2017.01.17 10:40:29.396,8.47323,8.47445,1.00,1.00
2017.01.17 10:40:30.316,8.47314,8.47445,1.00,1.00
2017.01.17 10:40:32.432,8.47293,8.47443,1.00,1.00
2017.01.17 10:40:32.533,8.47289,8.47443,1.00,1.00
2017.01.17 10:40:32.635,8.47278,8.4743,1.00,1.00
2017.01.17 10:40:33.108,8.47274,8.4743,1.00,1.00
2017.01.17 10:40:33.421,8.47289,8.47445,1.00,1.00
2017.01.17 10:40:34.390,8.47293,8.47449,1.00,1.00
2017.01.17 10:40:34.649,8.47303,8.4746,1.00,1.00
2017.01.17 10:40:34.932,8.47303,8.47447,1.00,1.00
2017.01.17 10:40:35.033,8.47294,8.47447,1.00,1.00
2017.01.17 10:40:35.632,8.47304,8.47447,1.00,1.00
2017.01.17 10:40:35.973,8.47309,8.47447,1.00,1.00
2017.01.17 10:40:36.283,8.47314,8.47447,1.00,1.00
2017.01.17 10:40:36.777,8.4729,8.47441,1.00,1.00
2017.01.17 10:40:36.878,8.4729,8.47428,1.00,1.00
2017.01.17 10:40:37.082,8.47274,8.47425,1.00,1.00
2017.01.17 10:40:37.881,8.47274,8.47419,1.00,1.00
2017.01.17 10:40:38.739,8.47274,8.47422,1.00,1.00
2017.01.17 10:40:39.486,8.47274,8.47402,1.00,1.00
2017.01.17 10:40:39.537,8.47239,8.47388,1.00,1.00
2017.01.17 10:40:39.588,8.47235,8.47388,1.00,1.00
2017.01.17 10:40:39.638,8.47235,8.47365,1.00,1.00
2017.01.17 10:40:40.116,8.47235,8.47354,1.00,1.00
2017.01.17 10:40:40.268,8.47195,8.47354,1.00,1.00
2017.01.17 10:40:40.470,8.47182,8.47338,1.00,1.00
2017.01.17 10:40:40.773,8.47104,8.47255,1.20,1.00
2017.01.17 10:40:40.874,8.4707,8.47207,1.00,1.00
2017.01.17 10:40:40.925,8.4707,8.47166,1.00,1.00
2017.01.17 10:40:41.077,8.47014,8.47166,1.00,1.00
2017.01.17 10:40:41.129,8.47044,8.47181,1.00,1.00
2017.01.17 10:40:41.205,8.47045,8.47202,1.00,1.00
2017.01.17 10:40:41.667,8.47045,8.47188,1.00,1.00
2017.01.17 10:40:42.620,8.47045,8.47187,1.00,1.00
2017.01.17 10:40:44.234,8.47045,8.47188,1.00,1.00
2017.01.17 10:40:45.086,8.47045,8.47205,1.00,1.00
2017.01.17 10:40:45.137,8.47047,8.47205,1.00,1.00
2017.01.17 10:40:45.439,8.47065,8.47191,1.00,1.00
2017.01.17 10:40:45.867,8.47065,8.47209,1.00,1.00
2017.01.17 10:40:47.792,8.47065,8.47212,1.00,1.00
2017.01.17 10:40:47.893,8.47065,8.47221,1.00,1.00
2017.01.17 10:40:48.125,8.47073,8.47232,1.00,1.50
2017.01.17 10:40:48.766,8.47058,8.47217,1.00,1.00
2017.01.17 10:40:49.075,8.47096,8.4724,1.00,1.00
2017.01.17 10:40:49.176,8.47096,8.47254,1.00,1.00
2017.01.17 10:40:49.732,8.47123,8.47262,1.00,1.00
2017.01.17 10:40:50.166,8.47124,8.47279,1.00,1.00
2017.01.17 10:40:50.720,8.47127,8.47285,1.00,1.00
2017.01.17 10:40:50.822,8.47124,8.47272,1.00,1.00
2017.01.17 10:40:50.873,8.47126,8.47282,1.00,1.00
2017.01.17 10:40:50.924,8.47124,8.47255,1.00,1.00
2017.01.17 10:40:51.371,8.47104,8.47255,1.00,1.00
2017.01.17 10:40:51.472,8.47131,8.47289,1.00,1.00
2017.01.17 10:40:51.623,8.47151,8.47309,1.00,1.00
2017.01.17 10:40:51.876,8.47167,8.47334,1.00,1.00
2017.01.17 10:40:51.977,8.47176,8.47334,1.00,1.50
2017.01.17 10:40:52.028,8.47167,8.47334,1.00,1.00
2017.01.17 10:40:52.331,8.47177,8.47334,1.00,1.00
2017.01.17 10:40:52.683,8.47196,8.47335,1.00,1.00
2017.01.17 10:40:53.035,8.47196,8.4733,1.00,1.00
2017.01.17 10:40:53.338,8.47196,8.47309,1.00,1.00
2017.01.17 10:40:53.439,8.47196,8.4733,1.00,1.00
2017.01.17 10:40:53.702,8.47173,8.4733,1.00,1.00
2017.01.17 10:40:54.068,8.47185,8.47341,1.00,1.00
2017.01.17 10:40:54.424,8.47178,8.47336,1.00,1.00
2017.01.17 10:40:55.046,8.47189,8.47347,1.00,1.50
2017.01.17 10:40:56.043,8.47177,8.47333,1.00,1.00
2017.01.17 10:40:56.541,8.47186,8.47344,1.00,1.00
2017.01.17 10:40:59.287,8.47163,8.47321,1.00,1.00
2017.01.17 10:41:00.251,8.47167,8.47323,1.00,1.00
2017.01.17 10:41:02.180,8.47161,8.47303,1.00,1.00
2017.01.17 10:41:02.483,8.47161,8.47301,1.00,1.00
2017.01.17 10:41:03.190,8.47161,8.47305,1.00,1.00
2017.01.17 10:41:04.037,8.47161,8.47313,1.00,1.00
2017.01.17 10:41:04.138,8.47161,8.47323,1.00,1.00
2017.01.17 10:41:04.441,8.4718,8.4733,1.00,1.00
2017.01.17 10:41:05.385,8.4718,8.47322,1.00,1.00
2017.01.17 10:41:05.640,8.4718,8.47326,1.00,1.00
2017.01.17 10:41:05.741,8.4718,8.47338,1.00,1.00
2017.01.17 10:41:06.265,8.47153,8.47338,1.00,1.00
2017.01.17 10:41:06.362,8.47146,8.47313,1.00,1.00
2017.01.17 10:41:07.392,8.47145,8.47311,1.00,1.00
2017.01.17 10:41:07.725,8.4713,8.47288,1.00,1.00
2017.01.17 10:41:08.038,8.47128,8.47284,1.00,1.00
2017.01.17 10:41:08.353,8.47135,8.47284,1.00,1.00
2017.01.17 10:41:08.956,8.47135,8.47279,1.00,1.00
2017.01.17 10:41:12.316,8.47135,8.47275,1.00,1.00
2017.01.17 10:41:12.636,8.47135,8.47255,1.00,1.00
2017.01.17 10:41:12.954,8.47135,8.47243,1.00,1.00
2017.01.17 10:41:13.567,8.47135,8.47233,1.00,1.00
2017.01.17 10:41:13.844,8.47069,8.47225,1.00,1.00
2017.01.17 10:41:14.224,8.47079,8.47236,1.00,1.00
2017.01.17 10:41:17.930,8.47063,8.47219,1.00,1.00
2017.01.17 10:41:18.279,8.47078,8.47234,1.00,1.00
2017.01.17 10:41:18.582,8.4709,8.47247,1.00,1.00
2017.01.17 10:41:19.566,8.47093,8.47249,1.00,1.00
2017.01.17 10:41:19.886,8.47116,8.47267,1.00,1.00
2017.01.17 10:41:20.190,8.47116,8.47264,1.00,1.00
2017.01.17 10:41:20.342,8.47108,8.47264,1.00,1.00
2017.01.17 10:41:20.886,8.47115,8.4727,1.00,1.00
2017.01.17 10:41:21.601,8.47122,8.47278,1.00,1.00
2017.01.17 10:41:23.125,8.47117,8.47273,1.00,1.00
2017.01.17 10:41:23.226,8.47063,8.4722,1.00,1.00
2017.01.17 10:41:23.277,8.47083,8.47239,1.00,1.00
2017.01.17 10:41:23.593,8.471,8.4724,1.00,1.00
2017.01.17 10:41:23.895,8.47117,8.4724,1.00,1.00
2017.01.17 10:41:24.351,8.47117,8.4726,1.00,1.00
2017.01.17 10:41:24.402,8.471,8.47256,1.00,1.00
2017.01.17 10:41:24.453,8.47079,8.47235,1.00,1.00
2017.01.17 10:41:24.554,8.47036,8.47209,1.00,1.00
2017.01.17 10:41:24.705,8.47058,8.47209,1.00,1.00
2017.01.17 10:41:25.008,8.47078,8.47227,1.00,1.00
2017.01.17 10:41:25.342,8.47078,8.47211,1.00,1.00
2017.01.17 10:41:25.567,8.47023,8.47195,1.00,1.00
2017.01.17 10:41:25.742,8.47006,8.47178,1.00,1.00
2017.01.17 10:41:25.947,8.47028,8.47201,1.00,1.00
2017.01.17 10:41:26.836,8.47036,8.47208,1.00,1.00
2017.01.17 10:41:27.252,8.47025,8.47197,1.00,1.00
2017.01.17 10:41:27.503,8.4704,8.47213,1.00,1.00
2017.01.17 10:41:28.082,8.47047,8.47213,1.00,1.00
2017.01.17 10:41:28.486,8.47069,8.47214,1.00,1.00
2017.01.17 10:41:28.789,8.47121,8.47214,1.00,1.00
2017.01.17 10:41:28.970,8.47135,8.47246,1.00,1.00
2017.01.17 10:41:29.288,8.47135,8.47298,1.00,1.00
2017.01.17 10:41:29.500,8.4715,8.47313,1.00,1.00
2017.01.17 10:41:29.840,8.47159,8.47314,1.00,1.00
2017.01.17 10:41:30.144,8.47204,8.47346,1.00,1.00
2017.01.17 10:41:31.045,8.47199,8.47346,1.00,1.00
2017.01.17 10:41:32.200,8.4719,8.47346,1.00,1.00
2017.01.17 10:41:32.976,8.47179,8.47321,1.00,1.00
2017.01.17 10:41:33.280,8.47179,8.47311,1.00,1.00
2017.01.17 10:41:33.381,8.4715,8.47311,1.00,1.00
2017.01.17 10:41:34.068,8.47156,8.47317,1.00,1.50
2017.01.17 10:41:35.168,8.47163,8.47317,1.00,1.00
2017.01.17 10:41:35.270,8.47155,8.47317,1.00,1.00
2017.01.17 10:41:35.321,8.47159,8.47313,1.00,1.00
2017.01.17 10:41:35.624,8.47179,8.47303,1.00,1.00
2017.01.17 10:41:35.674,8.47153,8.47303,1.00,1.00
2017.01.17 10:41:36.041,8.47153,8.47294,1.00,1.00
2017.01.17 10:41:36.747,8.47153,8.47288,1.00,1.00
2017.01.17 10:41:38.014,8.47153,8.47293,1.00,1.00
2017.01.17 10:41:38.267,8.47155,8.47302,1.00,1.00
2017.01.17 10:41:39.316,8.47165,8.47312,1.00,1.00
2017.01.17 10:41:39.621,8.47175,8.4732,1.00,1.00
2017.01.17 10:41:39.723,8.47163,8.4732,1.00,1.50
2017.01.17 10:41:39.773,8.47177,8.47331,1.00,1.00
2017.01.17 10:41:39.967,8.47177,8.47343,1.00,1.00
2017.01.17 10:41:40.018,8.47177,8.47295,1.00,1.00
2017.01.17 10:41:40.069,8.47108,8.47275,1.00,1.00
2017.01.17 10:41:40.773,8.4712,8.47267,1.00,1.00
2017.01.17 10:41:41.569,8.4713,8.47275,1.00,1.00
2017.01.17 10:41:42.020,8.47108,8.4727,1.00,1.00
2017.01.17 10:41:42.221,8.47114,8.47275,1.00,2.25
2017.01.17 10:41:42.526,8.47088,8.4723,1.00,1.00
2017.01.17 10:41:42.678,8.47088,8.47255,1.00,1.00
2017.01.17 10:41:42.728,8.47099,8.47255,1.00,1.00
2017.01.17 10:41:43.031,8.47099,8.47252,1.00,1.00
2017.01.17 10:41:43.283,8.47109,8.47272,1.00,1.00
2017.01.17 10:41:43.633,8.47122,8.47275,1.00,1.00
2017.01.17 10:41:44.185,8.47108,8.47265,1.00,1.00
2017.01.17 10:41:44.236,8.47111,8.47265,1.00,1.00
2017.01.17 10:41:44.539,8.47131,8.47273,1.00,1.00
2017.01.17 10:41:44.590,8.47131,8.47293,1.00,1.00
2017.01.17 10:41:44.692,8.47131,8.4728,1.00,1.00
2017.01.17 10:41:45.016,8.47136,8.47286,1.00,1.00
2017.01.17 10:41:45.212,8.4717,8.47286,1.00,1.00
2017.01.17 10:41:45.313,8.4717,8.47312,1.00,1.00
2017.01.17 10:41:45.414,8.47192,8.47312,1.00,1.00
2017.01.17 10:41:45.515,8.47201,8.47338,1.00,1.00
2017.01.17 10:41:45.667,8.47201,8.47357,1.00,1.00
2017.01.17 10:41:45.717,8.47194,8.47346,1.00,1.00
2017.01.17 10:41:46.097,8.47211,8.47357,1.00,1.00
2017.01.17 10:41:46.305,8.47211,8.47364,1.00,1.00
2017.01.17 10:41:46.356,8.47211,8.47346,1.00,1.00
2017.01.17 10:41:46.620,8.47196,8.47354,1.00,1.00
2017.01.17 10:41:46.671,8.47211,8.47354,1.00,1.00
2017.01.17 10:41:46.974,8.47205,8.47345,1.00,1.00
2017.01.17 10:41:47.075,8.47182,8.47345,1.00,1.00
2017.01.17 10:41:47.908,8.47183,8.47346,1.00,1.50
2017.01.17 10:41:48.369,8.47181,8.47334,1.00,1.00
2017.01.17 10:41:48.673,8.47181,8.47286,1.00,1.00
2017.01.17 10:41:48.824,8.47129,8.47286,1.00,1.00
2017.01.17 10:41:49.052,8.47123,8.47271,1.00,1.00
2017.01.17 10:41:49.417,8.47121,8.47271,1.00,1.00
2017.01.17 10:41:49.860,8.4711,8.47271,1.00,1.50
2017.01.17 10:41:50.466,8.47104,8.47232,1.00,1.37
2017.01.17 10:41:50.618,8.47104,8.47231,1.00,1.00
2017.01.17 10:41:50.745,8.47068,8.4722,1.00,1.00
2017.01.17 10:41:51.367,8.47054,8.47217,1.00,1.00
2017.01.17 10:41:51.519,8.47053,8.47207,1.00,1.00
2017.01.17 10:41:52.268,8.47058,8.4722,1.00,1.00
2017.01.17 10:41:52.319,8.47053,8.47198,1.00,1.00
2017.01.17 10:41:52.420,8.47054,8.47215,1.00,1.00
2017.01.17 10:41:52.919,8.47053,8.47195,1.00,1.00
2017.01.17 10:41:53.122,8.47034,8.47179,1.00,1.00
2017.01.17 10:41:53.174,8.47034,8.47161,1.00,1.00
2017.01.17 10:41:53.325,8.47003,8.47148,1.00,1.00
2017.01.17 10:41:53.930,8.47003,8.47136,1.00,1.00
2017.01.17 10:41:54.232,8.46971,8.47104,1.00,1.00
2017.01.17 10:41:54.334,8.46947,8.47093,1.00,1.00
2017.01.17 10:41:54.808,8.46947,8.47084,1.00,1.00
2017.01.17 10:41:54.860,8.46947,8.47102,1.00,1.00
2017.01.17 10:41:54.911,8.4694,8.47089,1.00,1.00
2017.01.17 10:41:55.229,8.46929,8.47089,1.00,1.00
2017.01.17 10:41:55.331,8.46922,8.47082,1.00,1.00
2017.01.17 10:41:55.642,8.46932,8.47089,1.00,1.00
2017.01.17 10:41:56.358,8.4694,8.47089,1.00,1.00
2017.01.17 10:41:56.460,8.46922,8.47087,1.00,1.00
2017.01.17 10:41:56.561,8.46922,8.47063,1.00,1.00
2017.01.17 10:41:56.813,8.46902,8.47063,1.00,1.00
2017.01.17 10:41:56.864,8.46902,8.47069,1.00,1.00
2017.01.17 10:41:56.915,8.46904,8.47069,1.00,1.00
2017.01.17 10:41:57.257,8.46941,8.47069,1.00,1.00
2017.01.17 10:41:57.568,8.46971,8.47069,1.00,1.00
2017.01.17 10:41:58.008,8.46971,8.47131,1.00,1.00
2017.01.17 10:41:58.315,8.46974,8.47137,1.00,1.00
2017.01.17 10:41:58.444,8.46966,8.47129,1.00,1.00
2017.01.17 10:41:59.365,8.4697,8.4713,1.00,1.00
2017.01.17 10:41:59.568,8.46961,8.47124,1.00,1.00
2017.01.17 10:42:00.567,8.46957,8.4712,1.00,1.00
2017.01.17 10:42:00.898,8.46957,8.4709,1.00,1.00
2017.01.17 10:42:01.100,8.46957,8.47117,1.00,1.00
2017.01.17 10:42:01.573,8.46957,8.47108,1.00,1.00
2017.01.17 10:42:01.917,8.46945,8.47096,1.00,1.00
2017.01.17 10:42:02.332,8.46952,8.47096,1.00,1.00
2017.01.17 10:42:02.476,8.46939,8.47096,1.00,1.00
2017.01.17 10:42:02.577,8.46952,8.47096,1.00,1.00
2017.01.17 10:42:03.014,8.46962,8.47096,1.00,1.00
2017.01.17 10:42:03.076,8.46975,8.4712,1.00,1.00
2017.01.17 10:42:03.452,8.46963,8.4712,1.00,1.00
2017.01.17 10:42:03.972,8.46963,8.47117,1.00,1.00
2017.01.17 10:42:04.284,8.46956,8.47098,1.00,1.00
2017.01.17 10:42:04.785,8.46965,8.47098,1.00,1.00
2017.01.17 10:42:04.836,8.46957,8.47098,1.00,1.00
2017.01.17 10:42:05.865,8.46955,8.47098,1.00,1.00
2017.01.17 10:42:06.145,8.46962,8.47098,1.00,1.00
2017.01.17 10:42:06.470,8.46977,8.47098,1.00,1.00
2017.01.17 10:42:06.642,8.46945,8.47177,1.00,1.00
2017.01.17 10:42:07.103,8.46969,8.47131,1.00,1.00
2017.01.17 10:42:07.409,8.46974,8.47133,1.00,1.00
2017.01.17 10:42:07.722,8.4698,8.47113,1.00,1.00
2017.01.17 10:42:09.145,8.46981,8.47113,1.00,1.00
2017.01.17 10:42:09.669,8.46991,8.47113,1.00,1.00
2017.01.17 10:42:09.973,8.47031,8.47147,1.00,1.00
2017.01.17 10:42:10.344,8.47031,8.47194,1.00,1.00
2017.01.17 10:42:10.766,8.47026,8.47187,1.00,1.00
2017.01.17 10:42:11.018,8.47019,8.47181,1.00,1.00
2017.01.17 10:42:11.170,8.47011,8.47174,1.00,1.00
2017.01.17 10:42:11.321,8.47011,8.4716,1.00,1.00
2017.01.17 10:42:11.695,8.47,8.4716,1.00,1.00
2017.01.17 10:42:11.796,8.46993,8.47146,1.00,1.00
2017.01.17 10:42:11.947,8.46996,8.47158,1.00,1.00
2017.01.17 10:42:12.048,8.46996,8.47138,1.00,1.00
2017.01.17 10:42:12.616,8.46982,8.47138,1.00,1.00
2017.01.17 10:42:12.667,8.47014,8.47138,1.00,1.00
2017.01.17 10:42:12.718,8.46986,8.47138,1.00,1.00
2017.01.17 10:42:12.870,8.46998,8.47158,1.00,1.00
2017.01.17 10:42:13.097,8.4701,8.47165,1.00,1.00
2017.01.17 10:42:13.777,8.47005,8.47165,1.00,1.00
2017.01.17 10:42:14.791,8.47006,8.47165,1.00,1.00
2017.01.17 10:42:15.181,8.46998,8.47134,1.00,1.00
2017.01.17 10:42:15.232,8.46976,8.47134,1.00,1.00
2017.01.17 10:42:15.283,8.46976,8.47112,1.00,1.00
2017.01.17 10:42:15.596,8.46954,8.47072,1.00,1.00
2017.01.17 10:42:15.647,8.46954,8.47101,1.00,1.00
2017.01.17 10:42:15.848,8.46937,8.47101,1.00,1.00
2017.01.17 10:42:16.605,8.46893,8.47059,1.00,1.00
2017.01.17 10:42:16.706,8.46916,8.47082,1.00,1.00
2017.01.17 10:42:17.009,8.46916,8.47063,1.00,1.00
2017.01.17 10:42:18.448,8.46917,8.47063,1.00,1.00
2017.01.17 10:42:18.751,8.46948,8.47085,1.00,1.00
2017.01.17 10:42:18.905,8.46932,8.47085,1.00,1.00
2017.01.17 10:42:19.006,8.46941,8.47099,1.00,1.00
2017.01.17 10:42:19.166,8.46932,8.47084,1.00,1.00
2017.01.17 10:42:19.661,8.46944,8.47084,1.00,1.00
2017.01.17 10:42:19.736,8.46944,8.47105,1.00,1.00
2017.01.17 10:42:21.858,8.46952,8.471,1.00,1.00
2017.01.17 10:42:22.327,8.46938,8.47098,1.00,1.00
2017.01.17 10:42:22.428,8.46938,8.47086,1.00,1.00
2017.01.17 10:42:22.580,8.46938,8.471,1.00,1.00
2017.01.17 10:42:22.882,8.46939,8.47088,1.00,1.00
2017.01.17 10:42:23.430,8.46925,8.47074,1.00,1.00
2017.01.17 10:42:23.481,8.46907,8.47073,1.00,1.00
2017.01.17 10:42:23.583,8.46923,8.4707,1.00,1.00
2017.01.17 10:42:23.889,8.46923,8.47064,1.00,1.00
2017.01.17 10:42:24.583,8.46922,8.47064,1.00,1.00
2017.01.17 10:42:24.989,8.46941,8.47064,1.00,1.00
2017.01.17 10:42:25.292,8.46953,8.47064,1.00,1.00
2017.01.17 10:42:25.494,8.46963,8.47127,1.00,1.00
2017.01.17 10:42:25.696,8.46963,8.47114,1.00,1.00
2017.01.17 10:42:26.046,8.46965,8.47114,1.00,1.50
2017.01.17 10:42:26.173,8.46961,8.47114,1.00,1.00
2017.01.17 10:42:26.224,8.46986,8.47114,1.00,1.00
2017.01.17 10:42:26.526,8.4706,8.47114,1.00,1.00
2017.01.17 10:42:26.577,8.4706,8.47163,1.00,1.00
2017.01.17 10:42:26.679,8.47032,8.47187,1.00,1.00
2017.01.17 10:42:26.941,8.47032,8.47157,1.00,1.00
2017.01.17 10:42:27.092,8.47027,8.47163,1.00,1.00
2017.01.17 10:42:27.392,8.47015,8.47163,1.00,1.00
2017.01.17 10:42:28.101,8.47003,8.47163,1.00,1.00
2017.01.17 10:42:28.297,8.47001,8.47163,1.00,1.00
2017.01.17 10:42:28.399,8.46996,8.47151,1.00,1.00
2017.01.17 10:42:28.668,8.46968,8.47133,1.00,1.00
2017.01.17 10:42:29.080,8.46968,8.47122,1.00,1.00
2017.01.17 10:42:29.181,8.46952,8.47111,1.00,1.00
2017.01.17 10:42:29.406,8.46946,8.47111,1.00,1.50
2017.01.17 10:42:29.457,8.46946,8.47101,1.00,1.00
2017.01.17 10:42:29.659,8.46919,8.47079,1.00,1.00
2017.01.17 10:42:29.811,8.46914,8.47071,1.00,1.00
2017.01.17 10:42:30.144,8.46914,8.47059,1.00,1.00
2017.01.17 10:42:30.364,8.46889,8.47059,1.00,1.00
2017.01.17 10:42:30.467,8.46896,8.47066,1.00,1.00
2017.01.17 10:42:30.769,8.46926,8.47093,1.00,1.00
2017.01.17 10:42:31.502,8.46883,8.47053,1.00,1.00
2017.01.17 10:42:31.569,8.46902,8.4707,1.00,1.00
2017.01.17 10:42:31.872,8.46905,8.47072,1.00,1.00
2017.01.17 10:42:32.173,8.46885,8.47117,1.00,1.00
2017.01.17 10:42:32.438,8.46934,8.47104,1.00,1.00
2017.01.17 10:42:32.769,8.46958,8.47128,1.00,1.00
2017.01.17 10:42:33.080,8.46974,8.47137,1.00,1.00
2017.01.17 10:42:33.385,8.4697,8.47131,1.00,1.00
2017.01.17 10:42:33.741,8.46971,8.47137,1.00,1.50
2017.01.17 10:42:34.094,8.46971,8.47115,1.00,1.00
2017.01.17 10:42:34.170,8.4696,8.47115,1.00,1.00
2017.01.17 10:42:34.765,8.46965,8.47115,1.00,1.00
2017.01.17 10:42:35.690,8.46958,8.47115,1.00,1.00
2017.01.17 10:42:35.741,8.46948,8.47113,1.00,1.00
2017.01.17 10:42:35.791,8.46948,8.47096,1.00,1.00
2017.01.17 10:42:36.142,8.46923,8.47083,1.00,1.00
2017.01.17 10:42:36.585,8.46921,8.47083,1.00,1.00
2017.01.17 10:42:37.296,8.46934,8.47083,1.00,1.00
2017.01.17 10:42:37.498,8.46918,8.47083,1.00,1.00
2017.01.17 10:42:37.600,8.46933,8.47083,1.00,1.00
2017.01.17 10:42:37.750,8.46922,8.47083,1.00,1.00
2017.01.17 10:42:37.851,8.46918,8.47069,1.00,1.00
2017.01.17 10:42:38.672,8.46916,8.47057,1.00,1.00
2017.01.17 10:42:40.068,8.46916,8.47055,1.00,1.00
2017.01.17 10:42:40.377,8.46916,8.47019,1.00,1.00
2017.01.17 10:42:40.428,8.46916,8.47031,1.00,1.00
2017.01.17 10:42:40.479,8.46916,8.47053,1.00,1.00
2017.01.17 10:42:40.630,8.46916,8.47075,1.00,1.00
2017.01.17 10:42:40.823,8.46908,8.47075,1.00,1.00
2017.01.17 10:42:41.100,8.46896,8.47062,1.00,1.00
2017.01.17 10:42:41.527,8.46906,8.47055,1.00,1.00
2017.01.17 10:42:42.117,8.46902,8.47048,1.00,1.00
2017.01.17 10:42:42.320,8.46894,8.47044,1.00,1.00
2017.01.17 10:42:43.430,8.46899,8.47047,1.00,1.00
2017.01.17 10:42:43.531,8.46906,8.47057,1.00,1.00
2017.01.17 10:42:43.632,8.46897,8.47046,1.00,1.00
2017.01.17 10:42:43.934,8.46897,8.47029,1.00,1.00
2017.01.17 10:42:44.612,8.46895,8.47029,1.00,1.00
2017.01.17 10:42:45.339,8.46867,8.47018,1.00,1.00
2017.01.17 10:42:45.390,8.46864,8.46997,1.00,1.00
2017.01.17 10:42:45.542,8.46847,8.46987,1.00,1.00
2017.01.17 10:42:45.643,8.46843,8.46987,1.00,1.00
2017.01.17 10:42:45.744,8.46843,8.47002,1.00,1.00
2017.01.17 10:42:45.845,8.46843,8.46995,1.00,1.00
2017.01.17 10:42:47.005,8.46855,8.47008,1.00,1.00
2017.01.17 10:42:47.056,8.46853,8.47008,1.00,1.00
2017.01.17 10:42:47.157,8.46873,8.47008,1.00,1.00
2017.01.17 10:42:47.208,8.46873,8.47029,1.50,1.00
2017.01.17 10:42:47.259,8.46873,8.47041,1.50,1.00
2017.01.17 10:42:47.309,8.46873,8.47031,1.00,1.00
2017.01.17 10:42:47.461,8.46847,8.47006,1.00,1.00
2017.01.17 10:42:47.511,8.46872,8.47014,1.00,1.00
2017.01.17 10:42:47.562,8.46847,8.47014,1.50,1.00
2017.01.17 10:42:48.050,8.46866,8.47033,1.00,1.00
2017.01.17 10:42:48.357,8.46878,8.47033,1.00,1.00
2017.01.17 10:42:48.710,8.46866,8.47033,1.50,1.00
2017.01.17 10:42:49.118,8.46882,8.47033,1.00,1.00
2017.01.17 10:42:49.270,8.46876,8.47033,1.00,1.00
2017.01.17 10:42:49.422,8.46882,8.47033,1.00,1.00
2017.01.17 10:42:49.757,8.46893,8.47033,1.00,1.00
2017.01.17 10:42:50.213,8.46896,8.47053,1.00,1.00
2017.01.17 10:42:50.364,8.46902,8.47063,1.00,1.00
2017.01.17 10:42:52.925,8.46896,8.47058,1.50,1.00
2017.01.17 10:42:53.908,8.46898,8.47059,1.00,1.00
2017.01.17 10:42:54.301,8.46915,8.47063,1.00,1.00
2017.01.17 10:42:54.604,8.46926,8.47063,1.00,1.00
2017.01.17 10:42:54.654,8.46926,8.47085,1.00,1.00
2017.01.17 10:42:55.339,8.4692,8.47085,1.00,1.00
2017.01.17 10:42:55.549,8.46901,8.47207,1.00,1.00
2017.01.17 10:42:55.650,8.46968,8.4713,1.00,1.00
2017.01.17 10:42:56.669,8.46966,8.47128,1.00,1.00
2017.01.17 10:42:57.064,8.46971,8.47133,1.00,1.00
2017.01.17 10:42:57.530,8.4698,8.4714,1.00,1.00
2017.01.17 10:42:58.098,8.46974,8.47136,1.00,1.00
2017.01.17 10:42:58.845,8.46948,8.47132,1.00,1.00
2017.01.17 10:42:58.946,8.46939,8.47132,1.00,1.00
2017.01.17 10:42:59.047,8.46939,8.47099,1.00,1.00
2017.01.17 10:42:59.098,8.46918,8.4708,1.00,1.00
2017.01.17 10:42:59.308,8.46931,8.47092,1.00,1.00
2017.01.17 10:42:59.839,8.46942,8.47104,1.00,1.00
2017.01.17 10:43:00.375,8.46943,8.47118,1.00,1.00
2017.01.17 10:43:00.426,8.4697,8.47131,1.00,1.00
2017.01.17 10:43:00.729,8.46982,8.47122,1.00,1.00
2017.01.17 10:43:01.036,8.46985,8.47122,1.00,1.00
2017.01.17 10:43:01.189,8.46985,8.47145,1.00,1.00
2017.01.17 10:43:03.144,8.4699,8.4715,1.00,1.00
2017.01.17 10:43:03.515,8.46983,8.47143,1.00,1.00
2017.01.17 10:43:04.694,8.46989,8.47147,1.00,1.00
2017.01.17 10:43:05.451,8.47009,8.47169,1.00,1.00
2017.01.17 10:43:05.552,8.47017,8.4717,1.00,1.00
2017.01.17 10:43:06.471,8.47013,8.4717,1.00,1.00
2017.01.17 10:43:06.522,8.47003,8.47163,1.50,1.00
2017.01.17 10:43:07.204,8.47013,8.4717,1.00,1.00
2017.01.17 10:43:07.457,8.47003,8.47162,1.00,1.00
2017.01.17 10:43:08.696,8.47006,8.47166,1.00,1.00
2017.01.17 10:43:09.375,8.47003,8.47161,1.00,1.00
2017.01.17 10:43:10.225,8.47003,8.4715,1.00,1.00
2017.01.17 10:43:10.477,8.46984,8.47141,1.00,1.00
2017.01.17 10:43:10.528,8.46974,8.47134,1.50,1.00
2017.01.17 10:43:10.772,8.46974,8.47123,1.00,1.00
2017.01.17 10:43:11.176,8.4695,8.47108,1.00,1.00
2017.01.17 10:43:12.106,8.46958,8.47115,1.00,1.00
2017.01.17 10:43:12.571,8.46966,8.47115,1.00,1.00
2017.01.17 10:43:12.804,8.46957,8.47115,1.00,1.00
2017.01.17 10:43:13.773,8.46974,8.47115,1.00,1.00
2017.01.17 10:43:13.825,8.46974,8.47134,1.00,1.00
2017.01.17 10:43:14.132,8.4697,8.47116,1.00,1.00
2017.01.17 10:43:14.470,8.4697,8.47106,1.00,1.00
2017.01.17 10:43:14.609,8.46946,8.47106,1.00,1.00
2017.01.17 10:43:15.136,8.4695,8.4711,1.00,1.00
2017.01.17 10:43:15.510,8.46956,8.47116,1.00,1.00
2017.01.17 10:43:16.608,8.46961,8.47121,1.00,1.00
2017.01.17 10:43:17.730,8.46954,8.47114,1.00,1.00
2017.01.17 10:43:18.337,8.4696,8.47118,1.00,1.00
2017.01.17 10:43:18.914,8.46966,8.47124,1.00,1.00
2017.01.17 10:43:19.336,8.46969,8.47124,1.00,1.00
2017.01.17 10:43:20.946,8.46971,8.47129,1.00,1.00
2017.01.17 10:43:20.997,8.46977,8.47135,1.00,1.00
2017.01.17 10:43:21.904,8.46983,8.47136,1.00,1.00
2017.01.17 10:43:23.511,8.4697,8.4713,1.00,1.00
2017.01.17 10:43:24.461,8.46969,8.47123,1.00,1.00
2017.01.17 10:43:24.764,8.46949,8.47053,1.00,1.00
2017.01.17 10:43:24.815,8.469,8.47053,1.00,1.00
2017.01.17 10:43:25.456,8.46895,8.47043,1.00,1.00
2017.01.17 10:43:25.507,8.46883,8.47043,1.00,1.50
2017.01.17 10:43:26.262,8.46876,8.47038,1.00,1.00
2017.01.17 10:43:26.364,8.46867,8.47019,1.00,1.00
2017.01.17 10:43:26.515,8.46852,8.47019,1.00,1.00
2017.01.17 10:43:27.265,8.46852,8.47008,1.00,1.00
2017.01.17 10:43:29.719,8.46852,8.4701,1.00,1.00
2017.01.17 10:43:30.563,8.46853,8.47013,1.00,1.00
2017.01.17 10:43:32.195,8.46858,8.47019,1.00,1.00
2017.01.17 10:43:33.371,8.46866,8.47019,1.00,1.00
2017.01.17 10:43:33.616,8.46888,8.47042,1.00,1.00
2017.01.17 10:43:33.884,8.4689,8.47048,1.00,1.00
2017.01.17 10:43:36.202,8.46888,8.47055,1.50,1.00
2017.01.17 10:43:36.253,8.46913,8.47055,1.00,1.00
2017.01.17 10:43:36.574,8.46936,8.47076,1.00,1.00
2017.01.17 10:43:36.818,8.46842,8.47085,1.12,2.10
2017.01.17 10:43:36.869,8.46886,8.47008,1.00,1.00
2017.01.17 10:43:37.122,8.46837,8.46974,1.00,1.00
2017.01.17 10:43:37.172,8.4685,8.4695,1.00,1.00
2017.01.17 10:43:37.384,8.4686,8.47018,1.00,1.00
2017.01.17 10:43:37.789,8.46887,8.47022,1.00,1.00
2017.01.17 10:43:38.804,8.46884,8.47022,1.00,1.00
2017.01.17 10:43:38.905,8.46881,8.47022,1.00,1.00
2017.01.17 10:43:38.956,8.46871,8.47022,1.00,1.00
2017.01.17 10:43:39.007,8.46855,8.47012,1.00,1.00
2017.01.17 10:43:39.938,8.46855,8.4701,1.00,1.00
2017.01.17 10:43:40.241,8.46831,8.46964,1.00,1.00
2017.01.17 10:43:40.392,8.46835,8.46982,1.00,1.00
2017.01.17 10:43:41.141,8.46835,8.46979,1.00,1.00
2017.01.17 10:43:41.471,8.46787,8.4691,1.00,1.00
2017.01.17 10:43:41.521,8.46767,8.4691,1.00,1.00
2017.01.17 10:43:41.572,8.46755,8.4691,1.00,1.00
2017.01.17 10:43:42.195,8.46755,8.469,1.00,1.00
2017.01.17 10:43:42.618,8.46755,8.46892,1.00,1.00
2017.01.17 10:43:42.669,8.46755,8.469,1.00,1.00
2017.01.17 10:43:42.977,8.46735,8.46889,1.00,1.00
2017.01.17 10:43:43.497,8.46734,8.46889,1.00,1.00
2017.01.17 10:43:43.548,8.46754,8.46901,1.00,1.00
2017.01.17 10:43:43.807,8.46767,8.46923,1.00,1.00
2017.01.17 10:43:44.540,8.46774,8.4693,1.00,1.00
2017.01.17 10:43:48.211,8.46769,8.46923,1.00,1.00
2017.01.17 10:43:48.549,8.46765,8.46905,1.00,1.00
2017.01.17 10:43:50.248,8.46765,8.46911,1.00,1.00
2017.01.17 10:43:50.299,8.46765,8.46922,1.00,1.00
2017.01.17 10:43:50.350,8.46773,8.4693,1.00,1.00
2017.01.17 10:43:50.510,8.46787,8.4695,1.00,1.00
2017.01.17 10:43:54.912,8.46785,8.4695,1.00,1.00
2017.01.17 10:43:54.963,8.46785,8.46945,1.00,1.00
2017.01.17 10:43:55.231,8.4676,8.46927,1.00,1.00
2017.01.17 10:43:57.653,8.46782,8.46927,1.00,1.00
2017.01.17 10:43:57.754,8.46796,8.46945,1.00,1.00
2017.01.17 10:43:58.757,8.4679,8.46945,1.00,1.00
2017.01.17 10:43:59.691,8.46795,8.46945,1.00,1.00
2017.01.17 10:44:00.645,8.46821,8.46965,1.00,1.00
2017.01.17 10:44:00.696,8.46821,8.46968,1.00,1.00
2017.01.17 10:44:00.747,8.46826,8.46989,1.00,1.00
2017.01.17 10:44:00.861,8.46826,8.46993,1.00,1.50
2017.01.17 10:44:01.639,8.46839,8.46993,1.00,1.00
2017.01.17 10:44:01.689,8.4685,8.47017,1.00,1.00
2017.01.17 10:44:01.957,8.4687,8.47017,1.00,1.00
2017.01.17 10:44:02.008,8.46854,8.47017,1.00,1.00
2017.01.17 10:44:02.059,8.46874,8.47035,1.00,1.00
2017.01.17 10:44:02.672,8.46874,8.47041,1.00,1.00
2017.01.17 10:44:05.162,8.46874,8.46987,1.00,1.00
2017.01.17 10:44:05.373,8.46846,8.46983,1.00,1.00
2017.01.17 10:44:05.474,8.46846,8.46987,1.00,1.00
2017.01.17 10:44:06.064,8.46846,8.46969,1.00,1.00
2017.01.17 10:44:06.114,8.46846,8.46993,1.00,1.00
2017.01.17 10:44:06.216,8.46846,8.46982,1.00,1.00
2017.01.17 10:44:06.405,8.46839,8.46982,1.00,1.00
2017.01.17 10:44:06.670,8.4684,8.46994,1.00,1.00
2017.01.17 10:44:06.800,8.46839,8.46978,1.00,1.00
2017.01.17 10:44:07.215,8.46839,8.46944,1.00,1.00
2017.01.17 10:44:07.266,8.46839,8.46966,1.00,1.00
2017.01.17 10:44:07.367,8.4681,8.46964,1.00,1.00
2017.01.17 10:44:07.468,8.46818,8.46966,1.00,1.00
2017.01.17 10:44:08.256,8.46818,8.46975,1.50,1.00
2017.01.17 10:44:08.307,8.46818,8.46964,1.00,1.00
2017.01.17 10:44:08.609,8.46818,8.46924,1.00,1.00
2017.01.17 10:44:08.711,8.46778,8.46924,1.00,1.00
2017.01.17 10:44:08.812,8.46798,8.46944,1.00,1.00
2017.01.17 10:44:09.014,8.46834,8.46988,1.00,1.00
2017.01.17 10:44:09.229,8.46825,8.4697,1.00,1.00
2017.01.17 10:44:09.380,8.4683,8.46988,1.00,1.00
2017.01.17 10:44:09.537,8.46821,8.46966,1.00,1.00
2017.01.17 10:44:09.799,8.46799,8.46966,1.00,1.50
2017.01.17 10:44:10.418,8.46799,8.46951,1.00,1.00
2017.01.17 10:44:10.633,8.46767,8.46926,1.00,1.00
2017.01.17 10:44:11.249,8.4677,8.46934,1.00,1.00
2017.01.17 10:44:11.400,8.46801,8.4695,1.00,1.00
2017.01.17 10:44:11.750,8.46801,8.46943,1.00,1.00
2017.01.17 10:44:12.679,8.46801,8.46942,1.00,1.00
2017.01.17 10:44:13.648,8.46801,8.46938,1.00,1.00
2017.01.17 10:44:14.666,8.46801,8.46936,1.00,1.00
2017.01.17 10:44:16.098,8.46801,8.46933,1.00,1.00
2017.01.17 10:44:16.323,8.46781,8.46924,1.00,1.00
2017.01.17 10:44:16.425,8.46777,8.46924,1.00,1.00
2017.01.17 10:44:17.124,8.46773,8.4692,1.00,1.00
2017.01.17 10:44:18.757,8.46772,8.46919,1.00,1.00
2017.01.17 10:44:19.075,8.4675,8.46891,1.00,1.00
2017.01.17 10:44:19.126,8.46746,8.46891,1.00,1.00
2017.01.17 10:44:19.838,8.46754,8.46899,1.00,1.00
2017.01.17 10:44:21.204,8.46761,8.46906,1.00,1.00
2017.01.17 10:44:21.305,8.46769,8.46916,1.00,1.00
2017.01.17 10:44:21.903,8.46785,8.46932,1.00,1.00
2017.01.17 10:44:22.266,8.4679,8.46934,1.00,1.00
2017.01.17 10:44:23.635,8.46792,8.46937,1.00,1.00
2017.01.17 10:44:24.222,8.46793,8.46938,1.00,1.00
2017.01.17 10:44:24.471,8.46797,8.46944,1.00,1.00
2017.01.17 10:44:24.522,8.46809,8.46956,1.00,1.00
2017.01.17 10:44:24.623,8.46825,8.4698,1.00,1.00
2017.01.17 10:44:24.674,8.46849,8.4699,1.00,1.00
2017.01.17 10:44:24.725,8.46856,8.47006,1.00,1.00
2017.01.17 10:44:25.128,8.46888,8.47017,1.00,1.00
2017.01.17 10:44:25.599,8.46888,8.47026,1.00,1.00
2017.01.17 10:44:26.215,8.46888,8.47013,1.00,1.00
2017.01.17 10:44:26.467,8.46856,8.46987,1.00,1.00
2017.01.17 10:44:26.963,8.46863,8.4701,1.00,1.00
2017.01.17 10:44:27.013,8.46878,8.47023,1.00,1.00
2017.01.17 10:44:27.316,8.4688,8.47025,1.00,1.00
2017.01.17 10:44:27.619,8.4688,8.46987,1.00,1.00
2017.01.17 10:44:27.771,8.4686,8.46987,1.00,1.00
2017.01.17 10:44:27.933,8.46872,8.47009,1.00,1.00
2017.01.17 10:44:28.796,8.46872,8.47008,1.00,1.00
2017.01.17 10:44:30.016,8.46872,8.47017,1.00,1.00
2017.01.17 10:44:30.117,8.46878,8.47025,1.00,1.00
2017.01.17 10:44:30.269,8.46905,8.47039,1.00,1.00
2017.01.17 10:44:30.370,8.46894,8.47039,1.00,1.50
2017.01.17 10:44:30.624,8.46876,8.47023,1.00,1.00
2017.01.17 10:44:31.614,8.46878,8.47025,1.00,1.00
2017.01.17 10:44:32.599,8.46883,8.4703,1.00,1.00
2017.01.17 10:44:34.616,8.46883,8.4703,1.00,1.52
2017.01.17 10:44:34.778,8.46874,8.4703,1.00,1.52
2017.01.17 10:44:35.024,8.46874,8.4703,1.00,1.00
2017.01.17 10:44:35.180,8.46886,8.47044,1.00,1.00
2017.01.17 10:44:35.232,8.46902,8.47058,1.00,1.00
2017.01.17 10:44:35.585,8.46916,8.47063,1.00,1.00
2017.01.17 10:44:36.329,8.46912,8.47058,1.00,1.00
2017.01.17 10:44:36.938,8.4692,8.47069,1.00,1.00
2017.01.17 10:44:37.067,8.46931,8.47071,1.00,1.00
2017.01.17 10:44:37.486,8.46943,8.4709,1.00,1.00
2017.01.17 10:44:37.537,8.46943,8.47092,1.00,1.00
2017.01.17 10:44:38.117,8.46949,8.47098,1.00,1.50
2017.01.17 10:44:39.738,8.46948,8.47097,1.00,1.00
2017.01.17 10:44:40.041,8.46911,8.47058,1.00,1.00
2017.01.17 10:44:40.402,8.46885,8.47019,1.00,1.00
2017.01.17 10:44:41.111,8.46885,8.47025,1.00,1.00
2017.01.17 10:44:41.561,8.46894,8.47043,1.00,1.00
2017.01.17 10:44:41.612,8.46886,8.47034,1.00,1.00
2017.01.17 10:44:41.980,8.46885,8.47022,1.00,1.00
2017.01.17 10:44:42.866,8.46885,8.47015,1.00,1.00
2017.01.17 10:44:44.391,8.46885,8.47012,1.00,1.00
2017.01.17 10:44:44.737,8.46861,8.4698,1.00,1.00
2017.01.17 10:44:45.079,8.46861,8.46975,1.00,1.00
2017.01.17 10:44:45.582,8.46861,8.46984,1.00,1.00
2017.01.17 10:44:48.770,8.46861,8.46982,1.00,1.00
2017.01.17 10:44:48.973,8.46814,8.4695,1.00,1.00
2017.01.17 10:44:49.074,8.46811,8.4695,1.00,1.00
2017.01.17 10:44:49.424,8.46819,8.46966,1.00,1.00
2017.01.17 10:44:50.600,8.46832,8.46978,1.00,1.00
2017.01.17 10:44:50.906,8.46836,8.46983,1.00,1.00
2017.01.17 10:44:51.628,8.46829,8.46976,1.00,1.00
2017.01.17 10:44:51.968,8.46805,8.46952,1.00,1.00
2017.01.17 10:44:52.343,8.46819,8.46952,1.00,1.00
2017.01.17 10:44:52.844,8.46819,8.46956,1.00,1.00
2017.01.17 10:44:53.513,8.46819,8.46949,1.00,1.00
2017.01.17 10:44:54.476,8.46819,8.46952,1.00,1.00
2017.01.17 10:44:55.601,8.46819,8.46958,1.00,1.00
2017.01.17 10:44:55.652,8.4682,8.46967,1.00,1.00
2017.01.17 10:44:55.854,8.46833,8.4698,1.00,1.00
2017.01.17 10:44:56.159,8.4685,8.4698,1.00,1.00
2017.01.17 10:44:56.231,8.4685,8.46996,1.00,1.00
2017.01.17 10:44:56.522,8.46868,8.47015,1.00,1.00
2017.01.17 10:44:56.623,8.46875,8.47015,1.00,1.00
2017.01.17 10:44:56.940,8.46875,8.47005,1.00,1.00
2017.01.17 10:44:57.916,8.46875,8.47001,1.00,1.00
2017.01.17 10:44:58.443,8.46875,8.47011,1.00,1.00
2017.01.17 10:44:59.667,8.46875,8.47002,1.00,1.00
2017.01.17 10:45:00.973,8.46875,8.46973,1.00,1.00
2017.01.17 10:45:01.074,8.46834,8.46937,1.00,1.00
2017.01.17 10:45:01.125,8.46834,8.46919,1.00,1.00
2017.01.17 10:45:01.364,8.46815,8.46925,1.00,1.00
2017.01.17 10:45:01.422,8.46815,8.46945,1.00,1.00
2017.01.17 10:45:01.498,8.46815,8.46969,1.00,1.00
2017.01.17 10:45:01.549,8.46821,8.46988,1.00,1.00
2017.01.17 10:45:01.865,8.46839,8.46988,1.00,1.00
2017.01.17 10:45:01.916,8.4684,8.46995,1.00,1.00
2017.01.17 10:45:02.865,8.4684,8.46996,1.50,1.00
2017.01.17 10:45:03.013,8.46855,8.47002,1.00,1.00
2017.01.17 10:45:04.015,8.46858,8.47003,1.00,1.00
2017.01.17 10:45:05.069,8.46849,8.46996,1.00,1.00
2017.01.17 10:45:05.120,8.46842,8.46989,1.00,1.00
2017.01.17 10:45:05.749,8.46856,8.47003,1.00,1.00
2017.01.17 10:45:07.216,8.46868,8.47007,1.00,1.00
2017.01.17 10:45:07.267,8.46873,8.4702,1.00,1.00
2017.01.17 10:45:08.224,8.46867,8.47014,1.00,1.00
2017.01.17 10:45:08.637,8.46876,8.47027,1.00,1.00
2017.01.17 10:45:08.688,8.46892,8.47033,1.00,1.00
2017.01.17 10:45:08.839,8.46906,8.47053,1.00,1.50
2017.01.17 10:45:09.322,8.46898,8.47037,1.00,1.00
2017.01.17 10:45:10.560,8.46898,8.47023,1.00,1.00
2017.01.17 10:45:10.957,8.46898,8.47044,1.00,1.00
2017.01.17 10:45:11.616,8.46898,8.47036,1.00,1.00
2017.01.17 10:45:12.587,8.46898,8.4704,1.00,1.00
2017.01.17 10:45:12.809,8.46898,8.47019,1.00,1.00
2017.01.17 10:45:13.062,8.46877,8.47006,1.00,1.00
2017.01.17 10:45:13.625,8.46877,8.4702,1.00,1.00
2017.01.17 10:45:13.834,8.4688,8.47027,1.00,1.00
2017.01.17 10:45:13.936,8.46891,8.47038,1.00,1.00
2017.01.17 10:45:15.060,8.46896,8.47043,1.00,1.00
2017.01.17 10:45:15.367,8.4689,8.47037,1.00,1.00
2017.01.17 10:45:15.689,8.46881,8.47026,1.00,1.00
2017.01.17 10:45:15.999,8.46877,8.47015,1.00,1.00
2017.01.17 10:45:16.150,8.46877,8.47027,1.00,1.00
2017.01.17 10:45:16.352,8.46897,8.47027,1.00,1.00
2017.01.17 10:45:16.605,8.46897,8.47038,1.00,1.00
2017.01.17 10:45:17.600,8.46897,8.47041,1.00,1.00
2017.01.17 10:45:19.387,8.46897,8.47035,1.00,1.00
2017.01.17 10:45:19.575,8.46897,8.47041,1.00,1.00
2017.01.17 10:45:20.236,8.46907,8.47057,1.00,1.00
2017.01.17 10:45:20.287,8.46923,8.47064,1.00,1.00
2017.01.17 10:45:20.590,8.46923,8.47073,1.50,1.00
2017.01.17 10:45:21.725,8.46923,8.47068,1.00,1.00
2017.01.17 10:45:22.143,8.46923,8.47045,1.00,1.00
2017.01.17 10:45:22.356,8.46903,8.47045,1.00,1.00
2017.01.17 10:45:22.457,8.469,8.47045,1.00,1.00
2017.01.17 10:45:22.608,8.46909,8.47056,1.00,1.00
2017.01.17 10:45:22.814,8.46923,8.47056,1.00,1.00
2017.01.17 10:45:22.915,8.46923,8.47068,1.00,1.00
2017.01.17 10:45:23.167,8.46945,8.47076,1.00,1.00
2017.01.17 10:45:23.600,8.46948,8.47093,1.00,1.00
2017.01.17 10:45:23.701,8.46965,8.47112,1.00,1.50
2017.01.17 10:45:23.920,8.46979,8.47112,1.00,1.00
2017.01.17 10:45:23.971,8.46979,8.47124,1.00,1.00
2017.01.17 10:45:24.272,8.46987,8.47134,1.00,1.00
2017.01.17 10:45:27.614,8.46976,8.47125,1.50,1.00
2017.01.17 10:45:27.997,8.46976,8.47116,1.00,1.00
2017.01.17 10:45:28.565,8.46976,8.47107,1.00,1.00
2017.01.17 10:45:29.296,8.46976,8.47092,1.00,1.00
2017.01.17 10:45:30.267,8.46976,8.47094,1.00,1.00
2017.01.17 10:45:31.388,8.46976,8.47098,1.00,1.00
2017.01.17 10:45:32.287,8.46976,8.47101,1.00,1.00
2017.01.17 10:45:32.338,8.46976,8.47115,1.00,1.00
2017.01.17 10:45:32.439,8.46976,8.47125,1.50,1.00
2017.01.17 10:45:32.591,8.46999,8.47137,1.00,1.00
2017.01.17 10:45:33.392,8.46999,8.47128,1.00,1.00
2017.01.17 10:45:34.682,8.46999,8.47118,1.00,1.00
2017.01.17 10:45:36.570,8.46999,8.47108,1.00,1.00
2017.01.17 10:45:37.089,8.46979,8.47107,1.00,1.00
2017.01.17 10:45:37.190,8.46958,8.47107,1.00,1.00
2017.01.17 10:45:37.950,8.46974,8.47123,1.00,1.00
2017.01.17 10:45:38.253,8.46962,8.47111,1.00,1.00
2017.01.17 10:45:38.577,8.46946,8.47095,1.00,1.00
2017.01.17 10:45:42.370,8.46946,8.47097,1.00,1.00
2017.01.17 10:45:42.420,8.46955,8.47106,1.00,1.00
2017.01.17 10:45:42.827,8.46964,8.47114,1.00,1.00
2017.01.17 10:45:43.943,8.46951,8.471,1.00,1.00
2017.01.17 10:45:44.943,8.46947,8.47098,1.00,1.00
2017.01.17 10:45:45.243,8.46962,8.47098,1.00,1.00
2017.01.17 10:45:45.471,8.4697,8.47121,1.00,1.00
2017.01.17 10:45:45.629,8.47003,8.47121,1.00,1.00
2017.01.17 10:45:45.931,8.47003,8.47105,1.00,1.00
2017.01.17 10:45:46.032,8.46982,8.47105,1.00,1.00
2017.01.17 10:45:46.083,8.46978,8.47105,1.00,1.00
2017.01.17 10:45:46.473,8.46978,8.47084,1.00,1.00
2017.01.17 10:45:46.792,8.46978,8.47081,1.00,1.00
2017.01.17 10:45:48.838,8.46978,8.47079,1.00,1.00
2017.01.17 10:45:48.984,8.46978,8.47095,1.00,1.00
2017.01.17 10:45:49.035,8.46959,8.47099,1.00,1.00
2017.01.17 10:45:49.086,8.46951,8.47076,1.00,1.00
2017.01.17 10:45:49.625,8.46931,8.47076,1.00,1.00
2017.01.17 10:45:49.726,8.46928,8.47054,1.00,1.00
2017.01.17 10:45:49.827,8.46908,8.47054,1.00,1.00
2017.01.17 10:45:49.878,8.46908,8.47032,1.00,1.00
2017.01.17 10:45:49.929,8.46904,8.47032,1.00,1.00
2017.01.17 10:45:50.201,8.46904,8.47023,1.00,1.00
2017.01.17 10:45:50.992,8.46885,8.47013,1.00,1.00
2017.01.17 10:45:51.045,8.4688,8.47013,1.00,1.00
2017.01.17 10:45:51.520,8.4688,8.47017,1.00,1.00
2017.01.17 10:45:53.879,8.4688,8.47012,1.00,1.00
2017.01.17 10:45:54.068,8.4688,8.47018,1.00,1.00
2017.01.17 10:45:54.169,8.4688,8.47029,1.00,1.00
2017.01.17 10:45:54.776,8.4688,8.47009,1.00,1.00
2017.01.17 10:45:56.236,8.4688,8.46984,1.00,1.59
2017.01.17 10:45:56.387,8.4688,8.47026,1.00,1.00
2017.01.17 10:45:57.307,8.4688,8.47025,1.00,1.00
2017.01.17 10:45:58.322,8.4688,8.47022,1.00,1.00
2017.01.17 10:45:59.846,8.4688,8.47021,1.00,1.00
2017.01.17 10:46:00.400,8.4688,8.47,1.00,1.00
2017.01.17 10:46:00.602,8.4688,8.47012,1.00,1.00
2017.01.17 10:46:01.467,8.4688,8.46999,1.00,1.00
2017.01.17 10:46:02.471,8.4688,8.46995,1.00,1.00
2017.01.17 10:46:03.423,8.4688,8.47,1.00,1.00
2017.01.17 10:46:06.705,8.4688,8.46998,1.00,1.00
2017.01.17 10:46:07.243,8.4688,8.46997,1.00,1.00
2017.01.17 10:46:08.567,8.4686,8.46997,1.00,1.00
2017.01.17 10:46:08.677,8.46851,8.46997,1.00,1.00
2017.01.17 10:46:08.885,8.46851,8.46995,1.00,1.00
2017.01.17 10:46:09.229,8.46864,8.47011,1.00,1.00
2017.01.17 10:46:09.330,8.46875,8.47016,1.00,1.00
2017.01.17 10:46:09.381,8.46885,8.47032,1.00,1.00
2017.01.17 10:46:10.283,8.46882,8.47029,1.00,1.00
2017.01.17 10:46:10.435,8.46875,8.47023,1.50,1.00
2017.01.17 10:46:10.883,8.46894,8.47023,1.00,1.00
2017.01.17 10:46:11.765,8.46894,8.47033,1.00,1.00
2017.01.17 10:46:12.909,8.46894,8.47038,1.00,1.00
2017.01.17 10:46:14.920,8.46894,8.47035,1.00,1.00
2017.01.17 10:46:15.399,8.46917,8.47035,1.00,1.00
2017.01.17 10:46:15.901,8.46917,8.4704,1.00,1.00
2017.01.17 10:46:16.569,8.46917,8.4702,1.00,1.00
2017.01.17 10:46:16.620,8.46898,8.4702,1.00,1.00
2017.01.17 10:46:16.671,8.46892,8.4702,1.00,1.00
2017.01.17 10:46:16.822,8.46892,8.47006,1.00,1.00
2017.01.17 10:46:17.090,8.46892,8.47023,1.00,1.00
2017.01.17 10:46:17.195,8.46872,8.47023,1.00,1.00
2017.01.17 10:46:17.246,8.46868,8.47023,1.00,1.00
2017.01.17 10:46:18.911,8.46868,8.47022,1.00,1.00
2017.01.17 10:46:20.252,8.46868,8.47009,1.00,1.00
2017.01.17 10:46:20.507,8.46868,8.47035,1.00,1.60
2017.01.17 10:46:20.620,8.46848,8.47055,1.00,1.60
2017.01.17 10:46:20.671,8.46752,8.47063,1.00,1.97
2017.01.17 10:46:20.810,8.46742,8.47054,1.00,2.47
2017.01.17 10:46:21.643,8.46764,8.4694,1.00,1.00
2017.01.17 10:46:23.375,8.46769,8.46943,1.00,1.00
2017.01.17 10:46:23.476,8.46777,8.46953,1.00,1.00
2017.01.17 10:46:23.710,8.46772,8.46961,1.00,1.00
2017.01.17 10:46:23.811,8.46798,8.46972,1.00,1.00
2017.01.17 10:46:24.115,8.4681,8.46974,1.00,1.00
2017.01.17 10:46:24.476,8.46797,8.4696,1.00,1.00
2017.01.17 10:46:24.814,8.46801,8.4696,1.00,1.00
2017.01.17 10:46:25.143,8.46848,8.4696,1.00,1.00
2017.01.17 10:46:25.362,8.46848,8.46964,1.00,1.00
2017.01.17 10:46:25.413,8.46828,8.46964,1.00,1.00
2017.01.17 10:46:25.543,8.46826,8.46964,1.00,1.00
2017.01.17 10:46:25.644,8.46826,8.46983,1.00,1.00
2017.01.17 10:46:25.694,8.46837,8.46993,1.00,1.00
2017.01.17 10:46:26.315,8.46837,8.47,1.00,1.00
2017.01.17 10:46:26.375,8.46837,8.46978,1.00,1.00
2017.01.17 10:46:26.524,8.46829,8.46978,1.00,1.00
2017.01.17 10:46:26.575,8.4685,8.46979,1.00,1.00
2017.01.17 10:46:26.726,8.4685,8.46997,1.00,1.00
2017.01.17 10:46:26.971,8.46839,8.46988,1.00,1.00
2017.01.17 10:46:27.223,8.46838,8.46974,1.00,1.00
2017.01.17 10:46:27.378,8.46838,8.46986,1.00,1.00
2017.01.17 10:46:27.682,8.46838,8.46972,1.00,1.00
2017.01.17 10:46:28.021,8.46838,8.46969,1.00,1.00
2017.01.17 10:46:29.907,8.46838,8.46972,1.00,1.00
2017.01.17 10:46:30.714,8.46838,8.46981,1.00,1.00
2017.01.17 10:46:31.626,8.46838,8.46972,1.00,1.00
2017.01.17 10:46:32.480,8.46838,8.46981,1.00,1.00
2017.01.17 10:46:32.660,8.46838,8.46986,1.00,1.00
2017.01.17 10:46:33.669,8.46838,8.46981,1.00,1.00
2017.01.17 10:46:34.163,8.46848,8.47003,1.00,1.00
2017.01.17 10:46:35.324,8.46844,8.46991,1.00,1.00
2017.01.17 10:46:38.343,8.46854,8.47003,1.00,1.50
2017.01.17 10:46:38.924,8.46848,8.46997,1.00,1.00
2017.01.17 10:46:41.020,8.46845,8.46992,1.00,1.00
2017.01.17 10:46:42.969,8.46848,8.46997,1.00,1.00
2017.01.17 10:46:43.758,8.46848,8.46997,1.60,1.00
2017.01.17 10:46:43.809,8.46848,8.47003,1.60,1.00
2017.01.17 10:46:43.983,8.46928,8.4704,1.00,1.00
2017.01.17 10:46:44.034,8.46928,8.4706,1.00,1.00
2017.01.17 10:46:44.085,8.46928,8.47075,1.00,1.00
2017.01.17 10:46:44.136,8.46925,8.47055,1.00,1.00
2017.01.17 10:46:44.253,8.46906,8.47055,1.00,1.00
2017.01.17 10:46:44.925,8.46904,8.47045,1.00,1.00
2017.01.17 10:46:45.945,8.46904,8.47038,1.00,1.00
2017.01.17 10:46:46.329,8.46889,8.47038,1.00,1.00
2017.01.17 10:46:47.502,8.46877,8.47037,1.00,1.00
2017.01.17 10:46:48.122,8.4689,8.47044,1.00,1.00
2017.01.17 10:46:48.425,8.46901,8.47039,1.00,1.00
2017.01.17 10:46:48.747,8.46882,8.47039,1.00,1.00
2017.01.17 10:46:48.798,8.4688,8.47022,1.00,1.00
2017.01.17 10:46:49.334,8.4688,8.47027,1.00,1.00
2017.01.17 10:46:50.618,8.4688,8.47017,1.00,1.00
2017.01.17 10:46:50.669,8.4686,8.47017,1.00,1.00
2017.01.17 10:46:50.720,8.46857,8.47017,1.50,1.00
2017.01.17 10:46:53.960,8.46863,8.47012,1.00,1.00
2017.01.17 10:46:57.975,8.46863,8.4701,1.00,1.00
2017.01.17 10:46:58.384,8.46857,8.46998,1.00,1.00
2017.01.17 10:46:58.758,8.46857,8.46988,1.00,1.00
2017.01.17 10:46:59.539,8.46857,8.46974,1.00,1.00
2017.01.17 10:46:59.769,8.46837,8.46956,1.00,1.00
2017.01.17 10:46:59.873,8.46822,8.46956,1.00,1.00
2017.01.17 10:47:00.076,8.46807,8.46956,1.00,1.00
2017.01.17 10:47:00.580,8.46803,8.46952,1.00,1.00
2017.01.17 10:47:01.585,8.46802,8.46947,1.00,1.00
2017.01.17 10:47:02.466,8.46804,8.46947,1.00,1.00
2017.01.17 10:47:02.769,8.46824,8.46951,1.00,1.00
2017.01.17 10:47:03.064,8.46824,8.46961,1.00,1.00
2017.01.17 10:47:04.072,8.46824,8.46958,1.00,1.00
2017.01.17 10:47:04.223,8.46824,8.46969,1.00,1.00
2017.01.17 10:47:04.478,8.4682,8.46969,1.00,1.00
2017.01.17 10:47:04.915,8.4683,8.46969,1.00,1.00
2017.01.17 10:47:05.328,8.4683,8.46961,1.00,1.00
2017.01.17 10:47:05.774,8.4683,8.46956,1.00,1.00
2017.01.17 10:47:06.126,8.4683,8.4695,1.00,1.00
2017.01.17 10:47:06.181,8.46808,8.4695,1.00,1.00
2017.01.17 10:47:07.867,8.46808,8.46946,1.00,1.00
2017.01.17 10:47:08.449,8.46808,8.46954,1.00,1.00
2017.01.17 10:47:08.500,8.46813,8.46961,1.00,1.00
2017.01.17 10:47:08.729,8.46824,8.46973,1.00,1.50
2017.01.17 10:47:09.085,8.46837,8.46973,1.00,1.00
2017.01.17 10:47:09.136,8.46852,8.46999,1.00,1.00
2017.01.17 10:47:09.187,8.46866,8.47004,1.00,1.00
2017.01.17 10:47:09.288,8.46848,8.46996,1.00,1.00
2017.01.17 10:47:09.338,8.46862,8.46996,1.00,1.00
2017.01.17 10:47:09.691,8.46862,8.47027,1.00,1.00
2017.01.17 10:47:09.843,8.46862,8.47024,1.00,1.00
2017.01.17 10:47:09.893,8.46837,8.47004,1.00,1.00
2017.01.17 10:47:10.460,8.46841,8.4699,1.00,1.00
2017.01.17 10:47:10.970,8.46837,8.46983,1.00,1.00
2017.01.17 10:47:11.223,8.46848,8.46997,1.00,1.00
2017.01.17 10:47:11.274,8.46859,8.47004,1.00,1.00
2017.01.17 10:47:11.588,8.46863,8.47008,1.00,1.00
2017.01.17 10:47:12.188,8.46864,8.47012,1.00,1.00
2017.01.17 10:47:12.932,8.46863,8.47002,1.00,1.00
2017.01.17 10:47:13.235,8.46863,8.46977,1.00,1.00
2017.01.17 10:47:13.336,8.46844,8.46965,1.00,1.00
2017.01.17 10:47:13.479,8.46844,8.46967,1.00,1.00
2017.01.17 10:47:13.653,8.46824,8.46967,1.00,1.00
2017.01.17 10:47:13.704,8.46821,8.46967,1.00,1.00
2017.01.17 10:47:13.754,8.46821,8.46946,1.00,1.00
2017.01.17 10:47:13.958,8.46798,8.46946,1.00,1.00
2017.01.17 10:47:14.130,8.46798,8.46932,1.00,1.00
2017.01.17 10:47:15.121,8.46798,8.4693,1.00,1.00
2017.01.17 10:47:19.049,8.46798,8.46927,1.00,1.00
2017.01.17 10:47:19.999,8.46798,8.46926,1.00,1.00
2017.01.17 10:47:21.002,8.46798,8.46949,1.00,1.00
2017.01.17 10:47:21.154,8.46798,8.46935,1.00,1.00
2017.01.17 10:47:21.205,8.46798,8.46943,1.00,1.00
2017.01.17 10:47:21.386,8.46798,8.46927,1.00,1.00
2017.01.17 10:47:22.209,8.46798,8.46925,1.00,1.00
2017.01.17 10:47:22.443,8.46778,8.4691,1.00,1.00
2017.01.17 10:47:22.629,8.46774,8.46893,1.00,1.00
2017.01.17 10:47:22.730,8.46755,8.46893,1.00,1.00
2017.01.17 10:47:22.781,8.46745,8.46893,1.00,1.00
2017.01.17 10:47:23.236,8.4677,8.46904,1.00,1.00
2017.01.17 10:47:23.438,8.46746,8.46885,1.00,1.00
2017.01.17 10:47:23.489,8.46746,8.46878,1.00,1.00
2017.01.17 10:47:23.953,8.46729,8.46878,1.00,1.00
2017.01.17 10:47:24.005,8.46721,8.4684,1.00,1.00
2017.01.17 10:47:24.567,8.46691,8.4684,1.00,1.00
2017.01.17 10:47:24.959,8.46698,8.46847,1.00,1.00
2017.01.17 10:47:25.273,8.46684,8.46831,1.00,1.00
2017.01.17 10:47:25.325,8.46697,8.46846,1.00,1.00
2017.01.17 10:47:25.376,8.46697,8.46841,1.00,1.00
2017.01.17 10:47:25.679,8.46699,8.46804,1.00,1.00
2017.01.17 10:47:25.932,8.46699,8.46834,1.00,1.00
2017.01.17 10:47:26.185,8.46699,8.46815,1.00,1.00
2017.01.17 10:47:26.236,8.46699,8.46834,1.00,1.00
2017.01.17 10:47:26.915,8.46699,8.46826,1.00,1.00
2017.01.17 10:47:27.663,8.4668,8.46826,1.00,1.00
2017.01.17 10:47:27.930,8.4668,8.46822,1.00,1.00
2017.01.17 10:47:28.929,8.4668,8.46819,1.00,1.00
2017.01.17 10:47:29.777,8.4668,8.46817,1.00,1.00
2017.01.17 10:47:30.138,8.4668,8.46826,1.00,1.00
2017.01.17 10:47:30.189,8.46683,8.46835,1.00,1.00
2017.01.17 10:47:30.341,8.4668,8.4682,1.00,1.00
2017.01.17 10:47:30.473,8.4668,8.46822,1.00,1.00
2017.01.17 10:47:30.594,8.46699,8.46822,1.00,1.00
2017.01.17 10:47:30.745,8.46675,8.46822,1.00,1.00
2017.01.17 10:47:32.175,8.46675,8.46829,1.00,1.00
2017.01.17 10:47:32.226,8.46688,8.4684,1.00,1.00
2017.01.17 10:47:32.531,8.46703,8.46826,1.00,1.00
2017.01.17 10:47:32.898,8.46651,8.46826,1.00,1.00
2017.01.17 10:47:33.050,8.46668,8.46818,1.00,1.00
2017.01.17 10:47:34.125,8.46661,8.46814,1.00,1.00
2017.01.17 10:47:35.125,8.46667,8.46818,1.00,1.00
2017.01.17 10:47:35.441,8.4669,8.46818,1.00,1.00
2017.01.17 10:47:35.739,8.4669,8.46825,1.00,1.00
2017.01.17 10:47:35.840,8.4669,8.46857,1.50,1.00
2017.01.17 10:47:35.890,8.46705,8.46857,1.00,1.00
2017.01.17 10:47:36.204,8.46712,8.46858,1.00,1.00
2017.01.17 10:47:39.046,8.46712,8.46852,1.00,1.00
2017.01.17 10:47:40.650,8.46712,8.46849,1.00,1.00
2017.01.17 10:47:40.953,8.46712,8.46818,1.00,1.00
2017.01.17 10:47:41.408,8.46665,8.46818,1.00,1.00
2017.01.17 10:47:41.775,8.46652,8.46884,1.00,1.60
2017.01.17 10:47:41.977,8.46657,8.46826,1.00,1.00
2017.01.17 10:47:42.229,8.46665,8.46835,1.00,1.00
2017.01.17 10:47:42.333,8.46657,8.46826,1.00,1.00
2017.01.17 10:47:42.641,8.46667,8.46817,1.00,1.00
2017.01.17 10:47:43.065,8.46653,8.46817,1.00,1.00
2017.01.17 10:47:43.764,8.4666,8.46822,1.00,1.00
2017.01.17 10:47:45.057,8.46659,8.46822,1.00,1.00
2017.01.17 10:47:46.509,8.46655,8.46818,1.00,1.00
2017.01.17 10:47:47.417,8.46652,8.46814,1.00,1.00
2017.01.17 10:47:47.880,8.46637,8.46801,1.00,1.00
2017.01.17 10:47:47.930,8.46634,8.46792,1.00,1.00
2017.01.17 10:47:48.132,8.4664,8.46802,1.00,1.00
2017.01.17 10:47:48.761,8.46651,8.46802,1.00,1.00
2017.01.17 10:47:49.022,8.46641,8.46811,1.00,1.00
2017.01.17 10:47:49.123,8.46659,8.46809,1.00,1.00
2017.01.17 10:47:49.425,8.46649,8.46789,1.00,1.00
2017.01.17 10:47:49.678,8.46649,8.46792,1.00,1.00
2017.01.17 10:47:50.338,8.46649,8.46778,1.00,1.00
2017.01.17 10:47:50.681,8.46649,8.46761,1.00,1.00
2017.01.17 10:47:50.731,8.46611,8.46761,1.00,1.00
2017.01.17 10:47:51.065,8.46604,8.46774,1.00,1.00
2017.01.17 10:47:51.266,8.46615,8.46765,1.00,1.00
2017.01.17 10:47:53.125,8.46633,8.46783,1.00,1.00
2017.01.17 10:47:54.101,8.46632,8.46782,1.00,1.00
2017.01.17 10:47:54.382,8.46589,8.4674,1.00,1.00
2017.01.17 10:47:54.483,8.46584,8.46734,1.00,1.00
2017.01.17 10:47:54.786,8.46592,8.46734,1.00,1.00
2017.01.17 10:47:55.053,8.46608,8.46759,1.00,1.50
2017.01.17 10:47:55.355,8.46619,8.46759,1.00,1.00
2017.01.17 10:47:55.658,8.46625,8.46759,1.00,1.00
2017.01.17 10:47:55.917,8.46625,8.46774,1.00,1.00
2017.01.17 10:47:56.320,8.46631,8.4678,1.00,1.00
2017.01.17 10:47:56.653,8.46626,8.46774,1.00,1.00
2017.01.17 10:47:56.704,8.46603,8.46752,1.00,1.00
2017.01.17 10:47:56.855,8.466,8.4674,1.00,1.00
2017.01.17 10:47:57.286,8.46591,8.4674,1.00,1.00
2017.01.17 10:47:57.864,8.46589,8.46738,1.00,1.00
2017.01.17 10:47:58.830,8.46586,8.46735,1.00,1.00
2017.01.17 10:47:59.485,8.46567,8.46716,1.00,1.00
2017.01.17 10:47:59.896,8.46567,8.46702,1.00,1.00
2017.01.17 10:47:59.947,8.46535,8.46702,1.00,1.00
2017.01.17 10:48:00.099,8.46541,8.46702,1.00,1.00
2017.01.17 10:48:00.437,8.46559,8.46702,1.00,1.00
2017.01.17 10:48:00.798,8.46561,8.46708,1.00,1.00
2017.01.17 10:48:00.949,8.4657,8.46719,1.00,1.00
2017.01.17 10:48:01.000,8.46584,8.46728,1.00,1.00
2017.01.17 10:48:01.103,8.46594,8.46743,1.00,1.00
2017.01.17 10:48:02.054,8.46592,8.46739,1.00,1.00
2017.01.17 10:48:02.389,8.46608,8.46751,1.00,1.00
2017.01.17 10:48:02.696,8.46619,8.46757,1.00,1.00
2017.01.17 10:48:03.100,8.46619,8.46768,1.50,1.00
2017.01.17 10:48:04.111,8.46619,8.46767,1.00,1.00
2017.01.17 10:48:04.456,8.46624,8.46772,1.00,1.00
2017.01.17 10:48:05.169,8.46648,8.46786,1.00,1.00
2017.01.17 10:48:05.428,8.46651,8.46797,1.00,1.00
2017.01.17 10:48:06.164,8.46651,8.46798,1.00,1.00
2017.01.17 10:48:07.217,8.46651,8.46772,1.00,1.00
2017.01.17 10:48:08.172,8.46651,8.46778,1.00,1.00
2017.01.17 10:48:09.211,8.46651,8.46782,1.00,1.00
2017.01.17 10:48:13.145,8.46651,8.46776,1.00,1.00
2017.01.17 10:48:13.892,8.46651,8.46792,1.00,1.00
2017.01.17 10:48:13.942,8.46651,8.46771,1.00,1.00
2017.01.17 10:48:14.942,8.46651,8.4677,1.00,1.00
2017.01.17 10:48:15.154,8.46651,8.46776,1.00,1.00
2017.01.17 10:48:15.205,8.46655,8.46804,1.00,1.00
2017.01.17 10:48:15.357,8.46655,8.46794,1.00,1.00
2017.01.17 10:48:15.552,8.46663,8.46804,1.00,1.00
2017.01.17 10:48:15.603,8.46663,8.46816,1.00,1.00
2017.01.17 10:48:15.754,8.46664,8.4683,1.00,1.00
2017.01.17 10:48:16.159,8.46663,8.46827,1.00,1.00
2017.01.17 10:48:16.514,8.46663,8.46792,1.00,1.00
2017.01.17 10:48:16.767,8.46666,8.46815,1.00,1.00
2017.01.17 10:48:17.771,8.46663,8.46809,1.00,1.00
2017.01.17 10:48:18.933,8.46667,8.46816,1.00,1.00
2017.01.17 10:48:19.345,8.46663,8.46806,1.00,1.00
2017.01.17 10:48:21.248,8.46663,8.46792,1.00,1.00
2017.01.17 10:48:21.299,8.46663,8.46821,1.00,1.00
2017.01.17 10:48:21.451,8.46663,8.46809,1.00,1.00
2017.01.17 10:48:22.162,8.46663,8.46813,1.00,1.00
2017.01.17 10:48:22.542,8.46643,8.4681,1.50,1.00
2017.01.17 10:48:22.998,8.46646,8.4681,1.00,1.00
2017.01.17 10:48:23.338,8.46667,8.46824,1.00,1.00
2017.01.17 10:48:23.966,8.46667,8.46832,1.00,1.00
2017.01.17 10:48:24.517,8.46667,8.46834,1.00,1.00
2017.01.17 10:48:25.148,8.46667,8.46806,1.00,1.00
2017.01.17 10:48:25.671,8.46657,8.46806,1.00,1.00
2017.01.17 10:48:27.014,8.46649,8.46791,1.00,1.00
2017.01.17 10:48:27.196,8.46649,8.46797,1.00,1.00
2017.01.17 10:48:28.156,8.46649,8.46791,1.00,1.00
2017.01.17 10:48:29.787,8.46649,8.46793,1.00,1.00
2017.01.17 10:48:30.642,8.46649,8.46789,1.00,1.00
2017.01.17 10:48:31.595,8.46649,8.46792,1.00,1.00
2017.01.17 10:48:31.646,8.46649,8.46786,1.00,1.00
2017.01.17 10:48:32.608,8.46649,8.46792,1.00,1.00
2017.01.17 10:48:39.164,8.46649,8.4679,1.00,1.00
2017.01.17 10:48:41.806,8.46649,8.46813,1.00,1.00
2017.01.17 10:48:42.758,8.46649,8.46789,1.00,1.00
2017.01.17 10:48:43.434,8.46649,8.46813,1.00,1.00
2017.01.17 10:48:46.508,8.46649,8.46813,1.00,1.60
2017.01.17 10:48:46.825,8.46596,8.46744,1.00,1.00
2017.01.17 10:48:47.135,8.46606,8.46744,1.00,1.00
2017.01.17 10:48:47.426,8.46617,8.46766,1.00,1.00
2017.01.17 10:48:48.723,8.46633,8.46766,1.00,1.00
2017.01.17 10:48:49.226,8.46633,8.46767,1.00,1.00
2017.01.17 10:48:50.205,8.46633,8.46771,1.00,1.00
2017.01.17 10:48:51.273,8.46633,8.46781,1.00,1.00
2017.01.17 10:48:51.444,8.46635,8.468,1.00,1.00
2017.01.17 10:48:52.144,8.46633,8.4678,1.00,1.00
2017.01.17 10:48:53.253,8.46633,8.46783,1.00,1.00
2017.01.17 10:48:53.355,8.46612,8.46777,1.00,1.00
2017.01.17 10:48:53.459,8.46612,8.46768,1.00,1.00
2017.01.17 10:48:53.863,8.46612,8.46748,1.00,1.00
2017.01.17 10:48:54.166,8.46612,8.46764,1.00,1.00
2017.01.17 10:48:54.267,8.46612,8.46777,1.00,1.00
2017.01.17 10:48:54.599,8.46624,8.46777,1.00,1.00
2017.01.17 10:48:55.229,8.46623,8.46777,1.00,1.00
2017.01.17 10:48:55.615,8.46623,8.468,1.00,1.00
2017.01.17 10:48:56.264,8.46627,8.46805,1.00,1.00
2017.01.17 10:48:58.215,8.46626,8.46801,1.00,1.00
2017.01.17 10:49:00.206,8.46627,8.46802,1.00,1.00
2017.01.17 10:49:01.298,8.46632,8.46805,1.00,1.00
2017.01.17 10:49:01.941,8.46633,8.46806,1.00,1.00
2017.01.17 10:49:02.247,8.46646,8.46806,1.00,1.00
2017.01.17 10:49:02.457,8.46646,8.46813,1.00,1.00
2017.01.17 10:49:03.360,8.46669,8.46842,1.00,1.00
2017.01.17 10:49:03.411,8.46682,8.46855,1.00,1.00
2017.01.17 10:49:03.723,8.46678,8.46827,1.00,1.00
2017.01.17 10:49:04.069,8.46695,8.46844,1.00,1.00
2017.01.17 10:49:04.410,8.46693,8.46832,1.00,1.00
2017.01.17 10:49:04.961,8.46693,8.46823,1.00,1.00
2017.01.17 10:49:05.267,8.46667,8.4679,1.00,1.00
2017.01.17 10:49:05.519,8.46667,8.46834,1.00,1.00
2017.01.17 10:49:05.621,8.46667,8.46801,1.00,1.00
2017.01.17 10:49:06.538,8.46667,8.46834,1.00,1.00
2017.01.17 10:49:07.223,8.46667,8.46829,1.00,1.00
2017.01.17 10:49:08.085,8.46667,8.46818,1.00,1.00
2017.01.17 10:49:08.388,8.46659,8.46806,1.00,1.00
2017.01.17 10:49:08.439,8.46659,8.46814,1.00,1.00
2017.01.17 10:49:08.672,8.46682,8.4683,1.00,1.00
2017.01.17 10:49:09.043,8.46682,8.46844,1.00,1.00
2017.01.17 10:49:09.396,8.46682,8.46849,1.00,1.00
2017.01.17 10:49:09.447,8.46711,8.46878,1.00,1.00
2017.01.17 10:49:10.089,8.46711,8.46853,1.00,1.00
2017.01.17 10:49:10.191,8.46687,8.46853,1.00,1.00
2017.01.17 10:49:10.242,8.46687,8.46845,1.00,1.00
2017.01.17 10:49:10.568,8.46687,8.46836,1.00,1.00
2017.01.17 10:49:10.780,8.46674,8.46824,1.00,1.00
2017.01.17 10:49:11.527,8.46674,8.46829,1.00,1.00
2017.01.17 10:49:11.578,8.46687,8.46846,1.00,1.00
2017.01.17 10:49:11.780,8.46687,8.46854,1.00,1.00
2017.01.17 10:49:12.495,8.46687,8.4685,1.00,1.00
2017.01.17 10:49:12.761,8.46687,8.46854,1.00,1.50
2017.01.17 10:49:14.171,8.467,8.46854,1.00,1.00
2017.01.17 10:49:14.501,8.46711,8.46878,1.00,1.00
2017.01.17 10:49:16.951,8.46714,8.46878,1.00,1.00
2017.01.17 10:49:17.279,8.46723,8.46856,1.00,1.00
2017.01.17 10:49:17.629,8.46723,8.46873,1.00,1.00
2017.01.17 10:49:17.784,8.46723,8.46878,1.00,1.00
2017.01.17 10:49:18.187,8.46733,8.46877,1.00,1.00
2017.01.17 10:49:18.515,8.46723,8.46859,1.00,1.00
2017.01.17 10:49:18.984,8.46723,8.46879,1.00,1.00
2017.01.17 10:49:19.823,8.46723,8.46875,1.00,1.00
2017.01.17 10:49:20.451,8.46714,8.46866,1.00,1.00
2017.01.17 10:49:20.678,8.4669,8.46855,1.00,1.50
2017.01.17 10:49:22.130,8.46723,8.46859,1.00,1.00
2017.01.17 10:49:22.181,8.46699,8.46859,1.00,1.00
2017.01.17 10:49:24.255,8.46699,8.46855,1.00,1.00
2017.01.17 10:49:28.254,8.46699,8.46853,1.00,1.00
2017.01.17 10:49:32.261,8.46699,8.46841,1.00,1.00
2017.01.17 10:49:32.843,8.46699,8.46809,1.00,1.00
2017.01.17 10:49:33.045,8.46677,8.46809,1.00,1.00
2017.01.17 10:49:33.146,8.46677,8.46823,1.00,1.00
2017.01.17 10:49:33.247,8.46694,8.46841,1.00,1.00
2017.01.17 10:49:33.429,8.46697,8.46841,1.00,1.00
2017.01.17 10:49:33.480,8.46714,8.46861,1.00,1.00
2017.01.17 10:49:33.531,8.46705,8.46843,1.00,1.00
2017.01.17 10:49:33.582,8.46697,8.46843,1.00,1.00
2017.01.17 10:49:33.733,8.46714,8.46843,1.00,1.00
2017.01.17 10:49:34.374,8.46714,8.46834,1.00,1.00
2017.01.17 10:49:34.659,8.46714,8.46845,1.00,1.00
2017.01.17 10:49:34.710,8.46714,8.46817,1.00,1.00
2017.01.17 10:49:34.761,8.46697,8.46816,1.00,1.00
2017.01.17 10:49:35.037,8.46677,8.46816,1.00,1.00
2017.01.17 10:49:35.702,8.46683,8.4683,1.00,1.00
2017.01.17 10:49:35.753,8.46696,8.46843,1.00,1.00
2017.01.17 10:49:36.107,8.46684,8.4682,1.00,1.00
2017.01.17 10:49:36.442,8.46677,8.4682,1.00,1.00
2017.01.17 10:49:37.037,8.46677,8.46844,1.00,1.00
2017.01.17 10:49:37.088,8.46677,8.46844,1.60,1.00
2017.01.17 10:49:37.420,8.46697,8.46844,1.00,1.00
2017.01.17 10:49:38.165,8.46698,8.46844,1.00,1.00
2017.01.17 10:49:38.487,8.4671,8.46844,1.00,1.00
2017.01.17 10:49:38.551,8.4671,8.46855,1.00,1.00
2017.01.17 10:49:39.186,8.46713,8.4686,1.00,1.00
2017.01.17 10:49:39.314,8.46706,8.46869,1.00,1.00
2017.01.17 10:49:40.123,8.46716,8.46878,1.00,1.00
2017.01.17 10:49:40.286,8.46714,8.46878,1.00,1.00
2017.01.17 10:49:40.476,8.46703,8.46856,1.00,1.00
2017.01.17 10:49:40.832,8.46706,8.46848,1.00,1.00
2017.01.17 10:49:41.482,8.46706,8.46851,1.00,1.00
2017.01.17 10:49:41.583,8.46709,8.46856,1.00,1.00
2017.01.17 10:49:43.305,8.46708,8.46867,1.00,1.00
2017.01.17 10:49:44.313,8.46724,8.46873,1.00,1.00
2017.01.17 10:49:44.363,8.46724,8.46879,1.00,1.00
2017.01.17 10:49:45.380,8.46724,8.46882,1.00,1.00
2017.01.17 10:49:45.751,8.46724,8.46876,1.00,1.00
2017.01.17 10:49:45.802,8.46711,8.46876,1.00,1.00
2017.01.17 10:49:45.852,8.46701,8.46845,1.00,1.00
2017.01.17 10:49:45.903,8.46689,8.46845,1.00,1.00
2017.01.17 10:49:46.004,8.46676,8.46832,1.00,1.00
2017.01.17 10:49:46.307,8.4667,8.46782,1.00,1.00
2017.01.17 10:49:46.357,8.46638,8.46782,1.00,1.00
2017.01.17 10:49:46.408,8.46643,8.46782,1.00,1.00
2017.01.17 10:49:46.562,8.46635,8.46782,1.00,1.00
2017.01.17 10:49:46.912,8.4664,8.46787,1.00,1.00
2017.01.17 10:49:47.595,8.46635,8.46779,1.00,1.00
2017.01.17 10:49:48.115,8.46638,8.46779,1.00,1.00
2017.01.17 10:49:48.803,8.46638,8.4678,1.00,1.00
2017.01.17 10:49:48.881,8.46654,8.46801,1.00,1.00
2017.01.17 10:49:48.982,8.46668,8.46801,1.00,1.00
2017.01.17 10:49:49.178,8.46668,8.46812,1.00,1.00
2017.01.17 10:49:49.454,8.46668,8.46804,1.00,1.00
2017.01.17 10:49:49.841,8.46668,8.46814,1.00,1.00
2017.01.17 10:49:50.453,8.46671,8.46818,1.00,1.00
2017.01.17 10:49:52.531,8.46668,8.46815,1.00,1.00
2017.01.17 10:49:52.966,8.46668,8.46812,1.00,1.00
2017.01.17 10:49:57.217,8.46668,8.46825,1.00,1.00
2017.01.17 10:49:57.267,8.46707,8.46825,1.00,1.00
2017.01.17 10:49:57.369,8.46707,8.46855,1.00,1.00
2017.01.17 10:49:57.419,8.4672,8.46855,1.00,1.00
2017.01.17 10:49:57.771,8.4672,8.46882,1.00,1.00
2017.01.17 10:49:58.260,8.46726,8.46887,1.00,1.05
2017.01.17 10:49:58.815,8.46734,8.46888,1.00,2.17
2017.01.17 10:49:59.493,8.46734,8.46886,1.00,1.00
2017.01.17 10:49:59.694,8.46694,8.46854,1.00,1.00
2017.01.17 10:49:59.854,8.46697,8.46847,1.00,1.00
2017.01.17 10:50:00.566,8.46697,8.46854,1.00,1.00
2017.01.17 10:50:00.934,8.46722,8.46854,1.00,1.00
2017.01.17 10:50:01.086,8.46722,8.46879,1.00,1.00
2017.01.17 10:50:01.207,8.46722,8.46867,1.00,1.00
2017.01.17 10:50:02.100,8.46722,8.46874,1.00,1.00
2017.01.17 10:50:02.252,8.46722,8.46882,1.00,1.00
2017.01.17 10:50:02.303,8.46722,8.46873,1.00,1.00
2017.01.17 10:50:02.684,8.46722,8.46868,1.00,1.60
2017.01.17 10:50:02.735,8.46721,8.46868,1.00,1.00
2017.01.17 10:50:02.785,8.46721,8.46864,1.00,1.00
2017.01.17 10:50:02.988,8.46688,8.46853,1.00,1.00
2017.01.17 10:50:03.352,8.46688,8.46824,1.00,1.00
2017.01.17 10:50:03.723,8.46661,8.46824,1.00,1.00
2017.01.17 10:50:03.773,8.46674,8.46824,1.00,1.00
2017.01.17 10:50:04.308,8.46674,8.46828,1.00,1.00
2017.01.17 10:50:04.797,8.46674,8.46815,1.00,1.00
2017.01.17 10:50:05.761,8.46674,8.46821,1.50,1.00
2017.01.17 10:50:06.805,8.46674,8.46816,1.00,1.00
2017.01.17 10:50:08.769,8.46674,8.46819,1.50,1.00
2017.01.17 10:50:09.279,8.46675,8.46819,1.00,1.00
2017.01.17 10:50:09.429,8.46697,8.46819,1.00,1.00
2017.01.17 10:50:09.591,8.46679,8.46826,1.50,1.00
2017.01.17 10:50:09.742,8.46695,8.46826,1.00,1.00
2017.01.17 10:50:09.962,8.46695,8.46837,1.00,1.00
2017.01.17 10:50:10.063,8.467,8.46847,1.00,1.00
2017.01.17 10:50:10.126,8.46709,8.46847,1.00,1.00
2017.01.17 10:50:10.377,8.467,8.46847,1.00,1.00
2017.01.17 10:50:10.600,8.46718,8.46847,1.00,1.00
2017.01.17 10:50:10.971,8.4672,8.46847,1.00,1.00
2017.01.17 10:50:13.433,8.46723,8.46876,1.00,1.00
2017.01.17 10:50:13.534,8.46746,8.46885,1.00,1.00
2017.01.17 10:50:13.635,8.4675,8.46893,1.00,1.00
2017.01.17 10:50:14.123,8.4675,8.46872,1.00,1.00
2017.01.17 10:50:14.325,8.46729,8.46872,1.00,1.00
2017.01.17 10:50:14.376,8.46729,8.4686,1.00,1.00
2017.01.17 10:50:16.523,8.46729,8.46864,1.00,1.00
2017.01.17 10:50:17.532,8.46729,8.46866,1.00,1.00
2017.01.17 10:50:17.661,8.46729,8.46857,1.00,1.00
2017.01.17 10:50:18.173,8.46729,8.4687,1.00,1.00
2017.01.17 10:50:18.325,8.4674,8.46887,1.00,1.00
2017.01.17 10:50:18.857,8.46752,8.46887,1.00,1.00
2017.01.17 10:50:19.511,8.46752,8.46879,1.00,1.00
2017.01.17 10:50:20.061,8.46752,8.46877,1.00,1.00
2017.01.17 10:50:20.364,8.46728,8.46868,1.00,1.00
2017.01.17 10:50:21.190,8.46728,8.46865,1.00,1.00
2017.01.17 10:50:22.186,8.46728,8.46868,1.00,1.00
2017.01.17 10:50:22.257,8.46737,8.46885,1.00,1.00
2017.01.17 10:50:22.308,8.46728,8.46868,1.00,1.00
2017.01.17 10:50:25.566,8.46734,8.46881,1.00,1.00
2017.01.17 10:50:25.617,8.46743,8.4689,1.00,1.00
2017.01.17 10:50:26.563,8.46749,8.46895,1.00,1.00
2017.01.17 10:50:26.866,8.46738,8.46885,1.00,1.00
2017.01.17 10:50:27.061,8.46729,8.46876,1.00,1.00
2017.01.17 10:50:27.399,8.46728,8.46854,1.00,1.00
2017.01.17 10:50:28.244,8.46728,8.46846,1.00,1.00
2017.01.17 10:50:28.372,8.46712,8.46846,1.00,1.00
2017.01.17 10:50:28.448,8.46701,8.46842,1.00,1.00
2017.01.17 10:50:29.399,8.46701,8.46841,1.00,1.00
2017.01.17 10:50:30.401,8.46701,8.46843,1.00,1.00
2017.01.17 10:50:31.806,8.46701,8.46824,1.00,1.00
2017.01.17 10:50:31.857,8.46676,8.46824,1.00,1.00
2017.01.17 10:50:32.008,8.46676,8.46815,1.00,1.00
2017.01.17 10:50:32.159,8.46628,8.46795,1.00,1.00
2017.01.17 10:50:32.792,8.46647,8.46794,1.00,1.00
2017.01.17 10:50:33.187,8.46653,8.46794,1.00,1.00
2017.01.17 10:50:33.516,8.46653,8.46787,1.00,1.00
2017.01.17 10:50:34.295,8.46653,8.4679,1.00,1.00
2017.01.17 10:50:35.121,8.46653,8.46777,1.00,1.00
2017.01.17 10:50:35.347,8.46628,8.46758,1.00,1.00
2017.01.17 10:50:38.121,8.46628,8.46752,1.00,1.00
2017.01.17 10:50:38.663,8.46617,8.46752,1.00,1.00
2017.01.17 10:50:39.122,8.46617,8.46748,1.00,1.00
2017.01.17 10:50:39.539,8.46617,8.46756,1.00,1.00
2017.01.17 10:50:40.173,8.46617,8.46764,1.50,1.00
2017.01.17 10:50:41.149,8.4662,8.46767,1.00,1.00
2017.01.17 10:50:42.150,8.46617,8.46763,1.00,1.00
2017.01.17 10:50:42.846,8.46617,8.46757,1.00,1.00
2017.01.17 10:50:43.845,8.46617,8.46756,1.00,1.00
2017.01.17 10:50:45.367,8.46617,8.4675,1.00,1.00
2017.01.17 10:50:45.669,8.46603,8.46726,1.00,1.00
2017.01.17 10:50:46.500,8.46603,8.4674,1.00,1.00
2017.01.17 10:50:46.551,8.46609,8.46756,1.00,1.00
2017.01.17 10:50:47.443,8.46603,8.46741,1.00,1.00
2017.01.17 10:50:47.751,8.46603,8.46735,1.00,1.00
2017.01.17 10:50:47.801,8.46588,8.46735,1.00,1.00
2017.01.17 10:50:48.399,8.46582,8.46729,1.00,1.00
2017.01.17 10:50:55.378,8.46606,8.46746,1.00,1.00
2017.01.17 10:50:55.529,8.46606,8.46753,1.00,1.00
2017.01.17 10:50:56.043,8.46617,8.46753,1.00,1.00
2017.01.17 10:50:56.349,8.46617,8.46758,1.00,1.00
2017.01.17 10:50:57.028,8.46617,8.46729,1.00,1.00
2017.01.17 10:50:57.078,8.46603,8.46729,1.00,1.00
2017.01.17 10:50:57.230,8.46583,8.4671,1.00,1.00
2017.01.17 10:50:57.432,8.46563,8.4671,1.00,1.00
2017.01.17 10:50:57.482,8.46577,8.46724,1.00,1.50
2017.01.17 10:50:57.897,8.46579,8.46724,1.00,1.50
2017.01.17 10:50:58.228,8.46584,8.46724,1.00,1.00
2017.01.17 10:50:58.475,8.46579,8.46724,1.00,1.50
2017.01.17 10:50:59.459,8.46579,8.46721,1.00,1.00
2017.01.17 10:51:00.439,8.46579,8.46724,1.00,1.00
2017.01.17 10:51:00.804,8.46579,8.46719,1.00,1.00
2017.01.17 10:51:01.290,8.4658,8.46724,1.00,1.00
2017.01.17 10:51:02.871,8.46597,8.46724,1.00,1.00
2017.01.17 10:51:02.922,8.46607,8.46745,1.00,1.00
2017.01.17 10:51:02.973,8.46607,8.46754,1.00,1.00
2017.01.17 10:51:03.468,8.46597,8.4673,1.00,1.00
2017.01.17 10:51:03.519,8.46597,8.46743,1.00,1.00
2017.01.17 10:51:04.216,8.46613,8.46743,1.00,1.00
2017.01.17 10:51:04.956,8.46613,8.46753,1.50,1.00
2017.01.17 10:51:05.712,8.46613,8.46744,1.50,1.00
2017.01.17 10:51:05.965,8.46589,8.46724,1.00,1.00
2017.01.17 10:51:06.725,8.46589,8.46735,1.00,1.00
2017.01.17 10:51:08.002,8.46612,8.46756,1.00,1.00
2017.01.17 10:51:08.326,8.46617,8.46756,1.00,1.00
2017.01.17 10:51:08.376,8.46607,8.46756,1.00,1.50
2017.01.17 10:51:08.427,8.46612,8.46756,1.00,1.00
2017.01.17 10:51:08.772,8.46612,8.46743,1.00,1.00
2017.01.17 10:51:09.602,8.46612,8.46738,1.00,1.00
2017.01.17 10:51:09.954,8.46612,8.46731,1.00,1.00
2017.01.17 10:51:10.288,8.46612,8.46751,1.00,1.00
2017.01.17 10:51:10.390,8.46602,8.46751,1.00,1.00
2017.01.17 10:51:10.605,8.46613,8.46753,1.00,1.00
2017.01.17 10:51:12.048,8.46604,8.46751,1.00,1.00
2017.01.17 10:51:13.120,8.46607,8.46753,1.00,1.00
2017.01.17 10:51:14.033,8.46604,8.46751,1.00,1.00
2017.01.17 10:51:15.025,8.46599,8.46748,1.00,1.00
2017.01.17 10:51:16.026,8.46602,8.46751,1.00,1.00
2017.01.17 10:51:16.436,8.46607,8.46751,1.00,1.00
2017.01.17 10:51:17.042,8.46607,8.46755,1.00,1.00
2017.01.17 10:51:17.516,8.46607,8.46747,1.00,1.00
2017.01.17 10:51:18.213,8.46609,8.46757,1.00,1.00
2017.01.17 10:51:19.183,8.46607,8.46752,1.00,1.00
2017.01.17 10:51:19.735,8.46616,8.46765,1.00,1.00
2017.01.17 10:51:20.138,8.46622,8.46773,1.00,1.00
2017.01.17 10:51:20.189,8.46624,8.46773,1.00,1.00
2017.01.17 10:51:20.585,8.46614,8.46763,1.00,1.00
2017.01.17 10:51:20.890,8.46623,8.46771,1.00,1.00
2017.01.17 10:51:21.219,8.46607,8.46754,1.00,1.00
2017.01.17 10:51:21.493,8.46587,8.4674,1.00,1.00
2017.01.17 10:51:22.246,8.46587,8.46735,1.00,1.00
2017.01.17 10:51:25.552,8.46587,8.46719,1.00,1.00
2017.01.17 10:51:25.703,8.46562,8.46705,1.00,1.00
2017.01.17 10:51:25.805,8.46548,8.46705,1.00,1.50
2017.01.17 10:51:26.146,8.46539,8.46693,1.00,1.00
2017.01.17 10:51:26.567,8.46544,8.46693,1.00,1.00
2017.01.17 10:51:27.559,8.46544,8.46688,1.00,1.00
2017.01.17 10:51:27.761,8.46519,8.46665,1.00,1.00
2017.01.17 10:51:27.812,8.46509,8.46665,1.00,1.00
2017.01.17 10:51:28.535,8.46514,8.46662,1.00,1.00
2017.01.17 10:51:30.509,8.46514,8.46663,1.00,1.00
2017.01.17 10:51:32.594,8.46518,8.46665,1.00,1.00
2017.01.17 10:51:32.926,8.46529,8.46665,1.00,1.00
2017.01.17 10:51:33.077,8.46516,8.46665,1.00,1.00
2017.01.17 10:51:33.787,8.46514,8.46655,1.00,1.00
2017.01.17 10:51:33.888,8.46514,8.46663,1.50,1.00
2017.01.17 10:51:34.504,8.46523,8.46672,1.00,1.50
2017.01.17 10:51:34.870,8.46518,8.46666,1.00,1.00
2017.01.17 10:51:35.261,8.46522,8.46655,1.00,1.00
2017.01.17 10:51:36.118,8.46522,8.46651,1.00,1.00
2017.01.17 10:51:36.434,8.46522,8.46643,1.00,1.00
2017.01.17 10:51:36.565,8.46522,8.46657,1.00,1.00
2017.01.17 10:51:36.695,8.46508,8.46657,1.00,1.00
2017.01.17 10:51:37.145,8.46505,8.46651,1.00,1.00
2017.01.17 10:51:37.537,8.46505,8.4664,1.00,1.00
2017.01.17 10:51:37.588,8.46485,8.46623,1.00,1.00
2017.01.17 10:51:37.689,8.46482,8.46623,1.00,1.00
2017.01.17 10:51:37.790,8.46482,8.46617,1.00,1.00
2017.01.17 10:51:37.841,8.4649,8.46641,1.00,1.00
2017.01.17 10:51:38.408,8.46472,8.46622,1.00,1.00
2017.01.17 10:51:38.522,8.4647,8.46622,1.00,1.00
2017.01.17 10:51:39.447,8.4648,8.46622,1.00,1.00
2017.01.17 10:51:39.925,8.4648,8.46629,1.00,1.00
2017.01.17 10:51:40.835,8.4648,8.46627,1.00,1.00
2017.01.17 10:51:42.638,8.46486,8.46636,1.00,1.00
2017.01.17 10:51:42.843,8.46494,8.46647,1.00,1.00
2017.01.17 10:51:43.368,8.4648,8.46662,1.00,1.00
2017.01.17 10:51:43.420,8.46517,8.46669,1.00,1.00
2017.01.17 10:51:43.571,8.46537,8.4669,1.00,1.00
2017.01.17 10:51:43.874,8.46563,8.46715,1.00,1.00
2017.01.17 10:51:44.182,8.46577,8.46715,1.00,1.00
2017.01.17 10:51:44.423,8.46595,8.46742,1.00,1.00
2017.01.17 10:51:44.625,8.46597,8.46748,1.00,1.00
2017.01.17 10:51:44.727,8.46597,8.46733,1.00,1.00
2017.01.17 10:51:44.828,8.46581,8.46733,1.00,1.00
2017.01.17 10:51:45.382,8.46573,8.46725,1.50,1.00
2017.01.17 10:51:45.736,8.46566,8.46717,1.00,1.00
2017.01.17 10:51:46.045,8.4656,8.46704,1.00,1.00
2017.01.17 10:51:46.370,8.4656,8.46694,1.00,1.00
2017.01.17 10:51:46.861,8.4656,8.46707,1.00,1.00
2017.01.17 10:51:49.587,8.4656,8.46705,1.00,1.00
2017.01.17 10:51:50.230,8.4656,8.467,1.00,1.00
2017.01.17 10:51:51.594,8.4656,8.46686,1.00,1.00
2017.01.17 10:51:51.644,8.46542,8.46686,1.00,1.00
2017.01.17 10:51:53.722,8.46533,8.46686,1.00,1.00
2017.01.17 10:51:53.773,8.46528,8.46675,1.00,1.00
2017.01.17 10:51:54.138,8.46528,8.46645,1.00,1.00
2017.01.17 10:51:54.240,8.46509,8.46645,1.00,1.00
2017.01.17 10:51:55.161,8.46509,8.46642,1.00,1.00
2017.01.17 10:51:55.447,8.46494,8.46642,1.00,1.00
2017.01.17 10:51:56.120,8.46495,8.46646,1.00,1.00
2017.01.17 10:51:57.579,8.46497,8.46646,1.00,1.00
2017.01.17 10:51:58.549,8.46517,8.46652,1.00,1.00
2017.01.17 10:51:58.751,8.46526,8.46673,1.00,1.00
2017.01.17 10:51:58.852,8.46526,8.4668,1.00,1.00
2017.01.17 10:51:58.953,8.46526,8.46687,1.00,1.00
2017.01.17 10:51:59.228,8.46529,8.46687,1.00,1.00
2017.01.17 10:51:59.913,8.46529,8.46691,1.00,1.00
2017.01.17 10:52:00.810,8.46529,8.4666,1.00,1.00
2017.01.17 10:52:00.961,8.46507,8.46648,1.00,1.00
2017.01.17 10:52:01.123,8.46502,8.46648,1.00,1.00
2017.01.17 10:52:01.769,8.46502,8.46652,1.00,1.00
2017.01.17 10:52:02.816,8.46502,8.46658,1.00,1.00
2017.01.17 10:52:04.308,8.46517,8.46669,1.00,1.00
2017.01.17 10:52:04.546,8.46526,8.46682,1.00,1.00
2017.01.17 10:52:05.344,8.46526,8.46681,1.00,1.00
2017.01.17 10:52:07.484,8.46545,8.46681,1.00,1.00
2017.01.17 10:52:07.791,8.46545,8.46687,1.00,1.00
2017.01.17 10:52:08.548,8.46545,8.46688,1.00,1.00
2017.01.17 10:52:08.598,8.46545,8.46664,1.00,1.00
2017.01.17 10:52:08.700,8.46462,8.46633,1.50,1.00
2017.01.17 10:52:08.750,8.46458,8.46618,1.00,1.00
2017.01.17 10:52:09.110,8.46458,8.4661,1.00,1.00
2017.01.17 10:52:09.463,8.46457,8.46627,1.00,1.00
2017.01.17 10:52:09.614,8.46433,8.4661,1.00,1.00
2017.01.17 10:52:09.715,8.46452,8.46629,1.00,1.00
2017.01.17 10:52:09.917,8.46449,8.46632,1.00,1.00
2017.01.17 10:52:09.968,8.46461,8.46632,1.00,1.00
2017.01.17 10:52:10.571,8.46472,8.46632,1.00,1.00
2017.01.17 10:52:10.911,8.46472,8.46621,1.00,1.00
2017.01.17 10:52:11.296,8.46472,8.46628,1.00,1.00
2017.01.17 10:52:12.202,8.46472,8.46634,1.00,1.00
2017.01.17 10:52:12.366,8.46472,8.46626,1.00,1.00
2017.01.17 10:52:13.269,8.46472,8.46632,1.00,1.00
2017.01.17 10:52:13.320,8.46472,8.46624,1.00,1.00
2017.01.17 10:52:13.715,8.46472,8.4662,1.00,1.00
2017.01.17 10:52:14.400,8.46472,8.46611,1.00,1.00
2017.01.17 10:52:15.460,8.46455,8.46611,1.00,1.00
2017.01.17 10:52:15.614,8.46457,8.46615,1.00,1.00
2017.01.17 10:52:16.025,8.46455,8.46609,1.00,1.00
2017.01.17 10:52:16.492,8.46455,8.46599,1.00,1.00
2017.01.17 10:52:16.593,8.46453,8.46598,1.00,1.00
2017.01.17 10:52:16.644,8.46453,8.46602,1.00,1.00
2017.01.17 10:52:16.695,8.46459,8.46618,1.00,1.00
2017.01.17 10:52:16.796,8.46463,8.46618,1.00,1.00
2017.01.17 10:52:17.487,8.46476,8.4662,1.00,1.00
2017.01.17 10:52:18.394,8.46501,8.4662,1.00,1.00
2017.01.17 10:52:18.495,8.4649,8.4662,1.00,1.00
2017.01.17 10:52:18.546,8.46503,8.4662,1.00,1.00
2017.01.17 10:52:18.710,8.46503,8.4664,1.50,1.00
2017.01.17 10:52:18.761,8.46503,8.46656,1.50,1.00
2017.01.17 10:52:18.862,8.46503,8.4664,1.00,1.00
2017.01.17 10:52:19.516,8.46505,8.4664,1.00,1.00
2017.01.17 10:52:20.582,8.46503,8.4664,1.00,1.00
2017.01.17 10:52:20.916,8.46522,8.4664,1.00,1.00
2017.01.17 10:52:24.616,8.46522,8.46656,1.00,1.00
2017.01.17 10:52:25.656,8.46522,8.46659,1.00,1.00
2017.01.17 10:52:26.711,8.46522,8.46668,1.00,1.00
2017.01.17 10:52:26.928,8.46536,8.46668,1.00,1.00
2017.01.17 10:52:27.488,8.46536,8.4668,1.00,1.00
2017.01.17 10:52:27.539,8.46538,8.46689,1.00,1.00
2017.01.17 10:52:28.316,8.46553,8.46689,1.00,1.00
2017.01.17 10:52:28.639,8.46553,8.46691,1.00,1.00
2017.01.17 10:52:29.207,8.46558,8.46691,1.00,1.00
2017.01.17 10:52:29.661,8.46558,8.46686,1.00,1.00
2017.01.17 10:52:30.046,8.46558,8.46695,1.00,1.00
2017.01.17 10:52:30.830,8.46558,8.4668,1.00,1.00
2017.01.17 10:52:31.032,8.46538,8.4668,1.00,1.00
2017.01.17 10:52:31.083,8.46529,8.46674,1.00,1.00
2017.01.17 10:52:31.234,8.46553,8.46674,1.00,1.00
2017.01.17 10:52:31.437,8.46553,8.46689,1.00,1.00
2017.01.17 10:52:31.686,8.46559,8.4671,1.00,1.00
2017.01.17 10:52:32.142,8.46577,8.4671,1.00,1.00
2017.01.17 10:52:32.453,8.46577,8.46724,1.00,1.00
2017.01.17 10:52:32.605,8.4659,8.46741,1.00,1.00
2017.01.17 10:52:32.655,8.46601,8.46741,1.00,1.00
2017.01.17 10:52:32.969,8.46601,8.46735,1.00,1.00
2017.01.17 10:52:33.849,8.46601,8.46736,1.00,1.00
2017.01.17 10:52:34.095,8.46601,8.46741,1.00,1.00
2017.01.17 10:52:34.448,8.46601,8.46723,1.00,1.00
2017.01.17 10:52:34.650,8.46577,8.46713,1.00,1.00
2017.01.17 10:52:34.854,8.46577,8.46722,1.00,1.00
2017.01.17 10:52:35.834,8.46577,8.46718,1.00,1.00
2017.01.17 10:52:39.646,8.46579,8.46728,1.00,1.00
2017.01.17 10:52:39.934,8.46583,8.46728,1.00,1.00
2017.01.17 10:52:40.460,8.46583,8.46717,1.00,1.00
2017.01.17 10:52:41.222,8.46583,8.46723,1.00,1.00
2017.01.17 10:52:41.440,8.46577,8.46723,1.00,1.00
2017.01.17 10:52:41.744,8.46581,8.4673,1.00,1.00
2017.01.17 10:52:41.845,8.46592,8.46739,1.00,1.00
2017.01.17 10:52:42.789,8.46587,8.46736,1.00,1.00
2017.01.17 10:52:43.814,8.4659,8.46737,1.00,1.00
2017.01.17 10:52:44.416,8.46598,8.46744,1.00,1.00
2017.01.17 10:52:44.846,8.46598,8.46738,1.00,1.00
2017.01.17 10:52:45.397,8.46598,8.46707,1.00,1.00
2017.01.17 10:52:45.548,8.46578,8.46707,1.00,1.00
2017.01.17 10:52:45.599,8.46567,8.46707,1.00,1.00
2017.01.17 10:52:45.650,8.46567,8.46697,1.00,1.00
2017.01.17 10:52:46.138,8.46548,8.46697,1.00,1.00
2017.01.17 10:52:46.787,8.46549,8.46697,1.00,1.00
2017.01.17 10:52:47.580,8.46545,8.46693,1.00,1.00
2017.01.17 10:52:48.689,8.46567,8.46714,1.00,1.00
2017.01.17 10:52:48.790,8.46578,8.46727,1.00,1.00
2017.01.17 10:52:49.765,8.46576,8.46725,1.00,1.00
2017.01.17 10:52:50.202,8.46562,8.46709,1.00,1.00
2017.01.17 10:52:50.303,8.46562,8.46712,1.00,1.00
2017.01.17 10:52:50.505,8.46582,8.46729,1.00,1.50
2017.01.17 10:52:50.895,8.46591,8.46715,1.00,1.00
2017.01.17 10:52:51.493,8.46591,8.4672,1.00,1.00
2017.01.17 10:52:51.645,8.46591,8.46726,1.00,1.00
2017.01.17 10:52:51.746,8.46593,8.46742,1.00,1.00
2017.01.17 10:52:51.942,8.46595,8.46742,1.00,1.00
2017.01.17 10:52:51.993,8.46614,8.46762,1.00,1.00
2017.01.17 10:52:52.924,8.46617,8.46766,1.00,1.00
2017.01.17 10:52:53.025,8.46644,8.46781,1.00,1.00
2017.01.17 10:52:53.201,8.46644,8.46793,1.00,1.00
2017.01.17 10:52:53.252,8.4664,8.46788,1.00,1.00
2017.01.17 10:52:53.556,8.46657,8.46803,1.00,1.00
2017.01.17 10:52:54.396,8.46662,8.46809,1.00,1.00
2017.01.17 10:52:54.676,8.46662,8.46803,1.00,1.00
2017.01.17 10:52:54.980,8.46662,8.46772,1.00,1.00
2017.01.17 10:52:55.182,8.46623,8.46772,1.00,1.00
2017.01.17 10:52:55.470,8.46645,8.46772,1.00,1.00
2017.01.17 10:52:55.762,8.46645,8.46776,1.00,1.00
2017.01.17 10:52:55.863,8.46645,8.46765,1.00,1.00
2017.01.17 10:52:56.867,8.46645,8.46768,1.00,1.00
2017.01.17 10:52:58.245,8.46645,8.46763,1.00,1.00
2017.01.17 10:52:58.583,8.46645,8.46757,1.00,1.00
2017.01.17 10:52:59.436,8.46645,8.46758,1.00,1.00
2017.01.17 10:53:00.563,8.46645,8.46755,1.00,1.00
2017.01.17 10:53:02.687,8.46625,8.46755,1.00,1.00
2017.01.17 10:53:02.738,8.4662,8.46749,1.00,1.00
2017.01.17 10:53:03.287,8.4662,8.4673,1.00,1.00
2017.01.17 10:53:03.490,8.46588,8.4673,1.00,1.00
2017.01.17 10:53:03.642,8.46594,8.46743,1.00,1.00
2017.01.17 10:53:03.794,8.46599,8.46743,1.00,1.00
2017.01.17 10:53:04.113,8.46619,8.46753,1.00,1.00
2017.01.17 10:53:04.636,8.46619,8.46744,1.00,1.00
2017.01.17 10:53:05.699,8.46619,8.46741,1.00,1.00
2017.01.17 10:53:06.491,8.46619,8.46747,1.00,1.00
2017.01.17 10:53:06.596,8.46599,8.46747,1.00,1.00
2017.01.17 10:53:06.647,8.46596,8.46747,1.00,1.00
2017.01.17 10:53:06.698,8.46596,8.46761,1.00,1.00
2017.01.17 10:53:06.799,8.46631,8.46761,1.00,1.00
2017.01.17 10:53:06.900,8.46616,8.46773,1.00,1.00
2017.01.17 10:53:07.625,8.46632,8.46779,1.00,1.00
2017.01.17 10:53:07.773,8.46616,8.46772,1.00,1.00
2017.01.17 10:53:07.825,8.46616,8.46753,1.00,1.00
2017.01.17 10:53:08.572,8.46616,8.46724,1.00,1.00
2017.01.17 10:53:08.623,8.46596,8.46724,1.00,1.00
2017.01.17 10:53:08.774,8.46595,8.46728,1.00,1.00
2017.01.17 10:53:09.393,8.46581,8.46726,1.00,1.00
2017.01.17 10:53:10.709,8.4658,8.46726,1.00,1.00
2017.01.17 10:53:11.078,8.46564,8.46709,1.00,1.00
2017.01.17 10:53:12.153,8.46564,8.46714,1.00,1.00
2017.01.17 10:53:12.615,8.46564,8.46708,1.00,1.00
2017.01.17 10:53:13.078,8.46561,8.46708,1.00,1.00
2017.01.17 10:53:13.425,8.46561,8.46689,1.00,1.00
2017.01.17 10:53:13.599,8.46535,8.46676,1.00,1.00
2017.01.17 10:53:14.319,8.46538,8.467,1.00,1.00
2017.01.17 10:53:14.369,8.46556,8.467,1.00,1.00
2017.01.17 10:53:14.673,8.46565,8.467,1.00,1.00
2017.01.17 10:53:14.723,8.46565,8.46712,1.00,1.00
2017.01.17 10:53:14.942,8.4656,8.46713,1.00,1.00
2017.01.17 10:53:15.186,8.4656,8.46692,1.00,1.00
2017.01.17 10:53:15.237,8.46545,8.46692,1.00,1.00
2017.01.17 10:53:15.394,8.46536,8.4668,1.00,1.00
2017.01.17 10:53:15.546,8.46543,8.4669,1.00,1.00
2017.01.17 10:53:15.803,8.46536,8.46674,1.00,1.00
2017.01.17 10:53:16.589,8.46536,8.46669,1.00,1.00
2017.01.17 10:53:16.947,8.46536,8.46675,1.00,1.00
2017.01.17 10:53:17.531,8.46545,8.46692,1.00,1.00
2017.01.17 10:53:17.945,8.46565,8.46703,1.00,1.00
2017.01.17 10:53:18.149,8.46581,8.46743,1.00,1.00
2017.01.17 10:53:18.298,8.466,8.46761,1.00,1.00
2017.01.17 10:53:18.602,8.46602,8.46735,1.00,1.00
2017.01.17 10:53:18.653,8.46578,8.46735,1.00,1.00
2017.01.17 10:53:18.946,8.46578,8.46721,1.00,1.00
2017.01.17 10:53:19.670,8.46578,8.46714,1.00,1.00
2017.01.17 10:53:19.928,8.46558,8.46716,1.00,1.00
2017.01.17 10:53:19.978,8.46568,8.46721,1.00,1.00
2017.01.17 10:53:20.292,8.46578,8.46729,1.00,1.00
2017.01.17 10:53:20.967,8.46578,8.46732,1.00,1.00
2017.01.17 10:53:21.124,8.4658,8.46732,1.00,1.00
2017.01.17 10:53:21.307,8.46578,8.46732,1.00,1.00
2017.01.17 10:53:21.358,8.46578,8.46723,1.00,1.00
2017.01.17 10:53:21.712,8.46578,8.46713,1.00,1.00
2017.01.17 10:53:22.264,8.46554,8.46713,1.50,1.00
2017.01.17 10:53:22.511,8.46556,8.46715,1.00,1.00
2017.01.17 10:53:23.440,8.46554,8.46705,1.00,1.00
2017.01.17 10:53:24.404,8.46554,8.46701,1.00,1.00
2017.01.17 10:53:24.736,8.46554,8.46711,1.00,1.00
2017.01.17 10:53:24.882,8.4656,8.46721,1.00,1.00
2017.01.17 10:53:24.983,8.46554,8.46718,1.00,1.00
2017.01.17 10:53:25.135,8.46569,8.46716,1.00,1.00
2017.01.17 10:53:25.287,8.46554,8.46718,1.00,1.00
2017.01.17 10:53:25.337,8.46563,8.46718,1.00,1.00
2017.01.17 10:53:25.602,8.46554,8.46718,1.00,1.00
2017.01.17 10:53:25.729,8.46563,8.46718,1.00,1.00
2017.01.17 10:53:26.089,8.46563,8.46707,1.00,1.00
2017.01.17 10:53:26.956,8.46563,8.46701,1.00,1.00
2017.01.17 10:53:27.936,8.46563,8.46697,1.00,1.00
2017.01.17 10:53:28.069,8.46554,8.46697,1.00,1.00
2017.01.17 10:53:28.308,8.46554,8.46688,1.00,1.00
2017.01.17 10:53:28.510,8.46554,8.4669,1.00,1.00
2017.01.17 10:53:28.561,8.46554,8.46672,1.00,1.00
2017.01.17 10:53:28.663,8.46531,8.46672,1.00,1.00
2017.01.17 10:53:28.865,8.46507,8.46655,1.00,1.00
2017.01.17 10:53:29.219,8.46507,8.46669,1.00,1.00
2017.01.17 10:53:29.304,8.46507,8.46674,1.00,1.00
2017.01.17 10:53:29.475,8.46527,8.4669,1.00,1.00
2017.01.17 10:53:29.787,8.46566,8.46687,1.00,1.00
2017.01.17 10:53:30.090,8.46566,8.46676,1.00,1.00
2017.01.17 10:53:30.141,8.46566,8.46696,1.00,1.00
2017.01.17 10:53:30.444,8.46566,8.46683,1.00,1.00
2017.01.17 10:53:30.758,8.46546,8.46683,1.00,1.00
2017.01.17 10:53:31.412,8.46546,8.46689,1.00,1.00
2017.01.17 10:53:34.262,8.46547,8.46694,1.00,1.00
2017.01.17 10:53:35.149,8.46554,8.46701,1.00,1.00
2017.01.17 10:53:36.282,8.46546,8.46692,1.00,1.00
2017.01.17 10:53:36.630,8.46571,8.46702,1.00,1.00
2017.01.17 10:53:38.816,8.46571,8.46696,1.00,1.00
2017.01.17 10:53:39.773,8.46571,8.46708,1.00,1.00
2017.01.17 10:53:42.379,8.46571,8.46711,1.00,1.00
2017.01.17 10:53:42.647,8.46571,8.46706,1.00,1.00
2017.01.17 10:53:43.163,8.46571,8.46714,1.00,1.00
2017.01.17 10:53:43.839,8.46571,8.46708,1.00,1.00
2017.01.17 10:53:44.270,8.46571,8.46713,1.00,1.00
2017.01.17 10:53:44.509,8.46571,8.46702,1.00,1.00
2017.01.17 10:53:45.769,8.46571,8.46707,1.00,1.00
2017.01.17 10:53:45.820,8.46579,8.46707,1.00,1.00
2017.01.17 10:53:45.871,8.46579,8.46713,1.00,1.00
2017.01.17 10:53:45.922,8.46553,8.46713,1.00,1.00
2017.01.17 10:53:46.668,8.46547,8.46703,1.00,1.00
2017.01.17 10:53:47.539,8.46548,8.46708,1.00,1.00
2017.01.17 10:53:48.861,8.46547,8.46696,1.00,1.00
2017.01.17 10:53:49.165,8.46547,8.4669,1.00,1.00
2017.01.17 10:53:49.419,8.46547,8.46703,1.00,1.00
2017.01.17 10:53:49.849,8.46551,8.46703,1.00,1.00
2017.01.17 10:53:50.388,8.46551,8.46707,1.00,1.00
2017.01.17 10:53:50.849,8.46554,8.46714,1.00,1.50
2017.01.17 10:53:51.492,8.46551,8.46705,1.00,1.00
2017.01.17 10:53:53.016,8.46551,8.4671,1.50,1.00
2017.01.17 10:53:53.572,8.46551,8.46703,1.00,1.00
2017.01.17 10:53:53.875,8.46545,8.46683,1.00,1.00
2017.01.17 10:53:54.470,8.46527,8.46683,1.00,1.00
2017.01.17 10:53:54.621,8.46527,8.46674,1.00,1.00
2017.01.17 10:53:54.954,8.46527,8.46672,1.00,1.00
2017.01.17 10:53:55.055,8.46524,8.46672,1.00,1.00
2017.01.17 10:53:55.228,8.46524,8.46661,1.00,1.00
2017.01.17 10:53:55.632,8.46505,8.46651,1.00,1.00
2017.01.17 10:53:56.605,8.46503,8.46648,1.00,1.00
2017.01.17 10:53:57.168,8.46503,8.46642,1.00,1.00
2017.01.17 10:53:57.478,8.465,8.46637,1.00,1.00
2017.01.17 10:53:57.693,8.46464,8.46631,1.00,1.60
2017.01.17 10:53:57.794,8.46448,8.46607,1.00,1.00
2017.01.17 10:53:58.446,8.46441,8.46607,1.00,1.00
2017.01.17 10:53:58.547,8.46455,8.46607,1.00,1.00
2017.01.17 10:53:58.598,8.46441,8.46607,1.00,1.00
2017.01.17 10:53:59.030,8.46441,8.46594,1.00,1.00
2017.01.17 10:53:59.411,8.46441,8.46588,1.00,1.00
2017.01.17 10:54:00.809,8.46441,8.46592,1.00,1.00
2017.01.17 10:54:01.531,8.46452,8.46592,1.00,1.00
2017.01.17 10:54:01.626,8.46452,8.46605,1.00,1.00
2017.01.17 10:54:02.410,8.46452,8.46601,1.00,1.00
2017.01.17 10:54:02.713,8.46452,8.46594,1.00,1.00
2017.01.17 10:54:03.047,8.46462,8.46594,1.00,1.00
2017.01.17 10:54:04.096,8.46462,8.466,1.00,1.00
2017.01.17 10:54:04.147,8.46462,8.46608,1.00,1.00
2017.01.17 10:54:06.313,8.46472,8.46609,1.00,1.00
2017.01.17 10:54:06.364,8.46474,8.46623,1.00,1.00
2017.01.17 10:54:06.415,8.46514,8.46627,1.00,1.00
2017.01.17 10:54:06.617,8.46516,8.46651,1.00,1.00
2017.01.17 10:54:06.719,8.46517,8.46665,1.00,1.00
2017.01.17 10:54:06.860,8.46541,8.46682,1.00,1.00
2017.01.17 10:54:06.912,8.46541,8.46688,1.50,1.00
2017.01.17 10:54:07.614,8.46541,8.46679,1.00,1.00
2017.01.17 10:54:08.076,8.46545,8.46694,1.00,1.00
2017.01.17 10:54:08.823,8.46556,8.46703,1.00,1.00
2017.01.17 10:54:09.125,8.46562,8.46703,1.00,1.00
2017.01.17 10:54:09.716,8.46577,8.46726,1.00,1.00
2017.01.17 10:54:09.817,8.46569,8.46718,1.00,1.00
2017.01.17 10:54:10.148,8.46584,8.46729,1.00,1.00
2017.01.17 10:54:10.542,8.46595,8.46733,1.00,1.00
2017.01.17 10:54:10.842,8.466,8.46748,1.00,1.00
2017.01.17 10:54:11.131,8.46595,8.46741,1.00,1.00
2017.01.17 10:54:11.232,8.46601,8.4675,1.00,1.00
2017.01.17 10:54:11.749,8.46595,8.4673,1.00,1.00
2017.01.17 10:54:12.093,8.46595,8.46716,1.00,1.00
2017.01.17 10:54:12.208,8.46595,8.46725,1.00,1.00
2017.01.17 10:54:13.189,8.46595,8.46736,1.00,1.00
2017.01.17 10:54:14.559,8.46595,8.46735,1.00,1.00
2017.01.17 10:54:14.610,8.46598,8.46747,1.00,1.00
2017.01.17 10:54:15.866,8.46598,8.46744,1.00,1.00
2017.01.17 10:54:16.169,8.46595,8.46711,1.00,1.00
2017.01.17 10:54:16.320,8.46562,8.46711,1.00,1.00
2017.01.17 10:54:16.445,8.46564,8.46711,1.00,1.00
2017.01.17 10:54:16.970,8.46564,8.46702,1.00,1.00
2017.01.17 10:54:17.703,8.46527,8.46673,1.00,1.00
2017.01.17 10:54:17.754,8.46521,8.46692,1.00,1.00
2017.01.17 10:54:17.804,8.46527,8.46676,1.00,1.00
2017.01.17 10:54:18.162,8.46542,8.46676,1.00,1.00
2017.01.17 10:54:18.815,8.46542,8.46675,1.00,1.00
2017.01.17 10:54:20.147,8.46542,8.4668,1.00,1.00
2017.01.17 10:54:21.074,8.46542,8.46675,1.00,1.00
2017.01.17 10:54:22.103,8.46542,8.4668,1.00,1.00
2017.01.17 10:54:23.229,8.46542,8.46704,1.00,1.00
2017.01.17 10:54:23.279,8.46558,8.46708,1.00,1.00
2017.01.17 10:54:23.637,8.46573,8.46708,1.00,1.00
2017.01.17 10:54:23.688,8.46573,8.46722,1.00,1.00
2017.01.17 10:54:24.135,8.46563,8.46711,1.00,1.00
2017.01.17 10:54:24.441,8.46563,8.46702,1.00,1.00
2017.01.17 10:54:25.255,8.46563,8.46701,1.00,1.00
2017.01.17 10:54:26.322,8.46563,8.4668,1.00,1.00
2017.01.17 10:54:26.372,8.46563,8.46695,1.00,1.00
2017.01.17 10:54:26.893,8.46565,8.46714,1.00,1.00
2017.01.17 10:54:27.046,8.46578,8.46727,1.00,1.00
2017.01.17 10:54:27.374,8.46603,8.4673,1.00,1.00
2017.01.17 10:54:27.425,8.46597,8.4673,1.00,1.00
2017.01.17 10:54:27.577,8.46577,8.46726,1.00,1.00
2017.01.17 10:54:27.627,8.46577,8.46726,1.37,1.00
2017.01.17 10:54:28.095,8.46587,8.46709,1.00,1.00
2017.01.17 10:54:28.196,8.46587,8.46726,1.00,1.00
2017.01.17 10:54:28.348,8.46587,8.46707,1.00,1.00
2017.01.17 10:54:28.630,8.46593,8.46742,1.00,1.00
2017.01.17 10:54:28.782,8.46591,8.4674,1.00,1.00
2017.01.17 10:54:29.086,8.4661,8.46757,1.00,1.00
2017.01.17 10:54:29.409,8.4661,8.46732,1.00,1.00
2017.01.17 10:54:29.472,8.46591,8.46732,1.00,1.00
2017.01.17 10:54:30.300,8.46591,8.46721,1.00,1.00
2017.01.17 10:54:30.351,8.46589,8.46721,1.00,1.00
2017.01.17 10:54:30.553,8.46547,8.46711,1.00,1.00
2017.01.17 10:54:30.995,8.46547,8.46721,1.00,1.00
2017.01.17 10:54:31.357,8.46486,8.46747,1.00,1.12
2017.01.17 10:54:31.527,8.46511,8.46677,1.00,1.00
2017.01.17 10:54:31.838,8.46503,8.46669,1.00,1.00
2017.01.17 10:54:32.141,8.46503,8.46644,1.00,1.00
2017.01.17 10:54:32.725,8.46477,8.46644,1.00,1.00
2017.01.17 10:54:32.921,8.46492,8.46644,1.00,1.00
2017.01.17 10:54:33.711,8.46496,8.46644,1.00,1.00
2017.01.17 10:54:33.913,8.465,8.46667,1.00,1.00
2017.01.17 10:54:34.499,8.465,8.46626,1.00,1.00
2017.01.17 10:54:34.702,8.46489,8.46626,1.00,1.00
2017.01.17 10:54:34.853,8.46489,8.46641,1.00,1.00
2017.01.17 10:54:35.269,8.46489,8.46645,1.00,1.00
2017.01.17 10:54:35.848,8.46489,8.4663,1.00,1.00
2017.01.17 10:54:35.899,8.46475,8.4663,1.00,1.00
2017.01.17 10:54:36.236,8.46475,8.46615,1.00,1.00
2017.01.17 10:54:36.491,8.46475,8.46633,1.00,1.00
2017.01.17 10:54:36.706,8.46477,8.46642,1.00,1.00
2017.01.17 10:54:36.757,8.46484,8.46642,1.00,1.00
2017.01.17 10:54:37.241,8.46497,8.46642,1.00,1.00
2017.01.17 10:54:37.489,8.46518,8.46668,1.00,1.00
2017.01.17 10:54:37.642,8.46541,8.46668,1.00,1.00
2017.01.17 10:54:37.692,8.46518,8.46668,1.00,1.00
2017.01.17 10:54:37.995,8.46511,8.46668,1.00,1.00
2017.01.17 10:54:38.046,8.46501,8.46668,1.00,1.00
2017.01.17 10:54:38.427,8.46493,8.46747,1.00,1.12
2017.01.17 10:54:38.491,8.46518,8.46747,1.00,1.50
2017.01.17 10:54:38.761,8.465,8.46732,1.00,1.00
2017.01.17 10:54:38.812,8.465,8.46732,1.00,1.75
2017.01.17 10:54:39.114,8.46452,8.46728,1.00,1.87
2017.01.17 10:54:39.218,8.46452,8.46717,1.00,1.12
2017.01.17 10:54:39.593,8.46477,8.46631,1.00,1.00
2017.01.17 10:54:39.902,8.4651,8.46677,1.00,1.00
2017.01.17 10:54:39.953,8.46516,8.46677,1.00,1.00
2017.01.17 10:54:40.256,8.4651,8.46677,1.00,1.00
2017.01.17 10:54:41.472,8.4651,8.46674,1.00,1.00
2017.01.17 10:54:41.812,8.4651,8.46671,1.00,1.00
2017.01.17 10:54:42.154,8.4651,8.46664,1.00,1.00
2017.01.17 10:54:42.466,8.4651,8.46635,1.00,1.00
2017.01.17 10:54:42.618,8.46486,8.46635,1.00,1.00
2017.01.17 10:54:42.752,8.46486,8.46632,1.00,1.00
2017.01.17 10:54:43.378,8.46486,8.46643,1.00,1.00
2017.01.17 10:54:43.720,8.46498,8.46653,1.50,1.00
2017.01.17 10:54:43.922,8.4651,8.46672,1.00,1.00
2017.01.17 10:54:44.037,8.46521,8.46677,1.00,1.00
2017.01.17 10:54:44.340,8.46542,8.46677,1.00,1.00
2017.01.17 10:54:44.391,8.46516,8.46677,1.00,1.00
2017.01.17 10:54:44.550,8.4652,8.46677,1.00,1.00
2017.01.17 10:54:44.708,8.4652,8.46681,1.00,1.00
2017.01.17 10:54:45.010,8.46512,8.46681,1.00,1.00
2017.01.17 10:54:45.111,8.46496,8.46646,1.00,1.00
2017.01.17 10:54:45.212,8.4647,8.46639,1.00,1.00
2017.01.17 10:54:45.565,8.46473,8.46642,1.00,1.00
2017.01.17 10:54:45.816,8.46456,8.46642,1.00,1.00
2017.01.17 10:54:45.867,8.46469,8.46642,1.00,1.00
2017.01.17 10:54:45.918,8.46474,8.46663,1.00,1.00
2017.01.17 10:54:45.968,8.46492,8.46663,1.00,1.00
2017.01.17 10:54:46.019,8.46492,8.46678,1.00,1.00
2017.01.17 10:54:46.171,8.46492,8.46666,1.00,1.00
2017.01.17 10:54:46.496,8.46499,8.46666,1.00,1.50
2017.01.17 10:54:48.048,8.46499,8.46645,1.00,1.00
2017.01.17 10:54:48.099,8.46499,8.46657,1.00,1.00
2017.01.17 10:54:48.459,8.46499,8.46644,1.00,1.00
2017.01.17 10:54:48.716,8.46492,8.46644,1.00,1.00
2017.01.17 10:54:48.817,8.46492,8.46636,1.00,1.00
2017.01.17 10:54:49.019,8.46492,8.46647,1.00,1.50
2017.01.17 10:54:49.483,8.46485,8.46647,1.50,1.00
2017.01.17 10:54:49.584,8.46498,8.46647,1.00,1.00
2017.01.17 10:54:49.747,8.46505,8.46668,1.00,1.00
2017.01.17 10:54:50.019,8.46516,8.46668,1.00,1.00
2017.01.17 10:54:50.171,8.46505,8.46668,1.00,1.00
2017.01.17 10:54:50.272,8.46508,8.46668,1.00,1.00
2017.01.17 10:54:50.620,8.46528,8.46676,1.00,1.00
2017.01.17 10:54:50.931,8.4653,8.46676,1.00,1.00
2017.01.17 10:54:51.177,8.46528,8.46676,1.00,1.00
2017.01.17 10:54:51.228,8.46528,8.46652,1.00,1.00
2017.01.17 10:54:51.329,8.46528,8.46668,1.00,1.00
2017.01.17 10:54:51.532,8.46511,8.46668,1.00,1.00
2017.01.17 10:54:52.133,8.46511,8.46658,1.00,1.00
2017.01.17 10:54:52.184,8.46511,8.46672,1.00,1.00
2017.01.17 10:54:52.371,8.46513,8.46672,1.00,1.00
2017.01.17 10:54:52.575,8.46476,8.4664,1.00,1.00
2017.01.17 10:54:52.626,8.46497,8.4664,1.00,1.00
2017.01.17 10:54:52.829,8.46497,8.46661,1.00,1.00
2017.01.17 10:54:52.880,8.46497,8.46667,1.00,1.00
2017.01.17 10:54:53.396,8.46502,8.46672,1.00,1.00
2017.01.17 10:54:53.784,8.46533,8.46669,1.00,1.00
2017.01.17 10:54:54.646,8.46533,8.46688,1.00,1.00
2017.01.17 10:54:54.777,8.46533,8.46694,1.00,1.00
2017.01.17 10:54:55.215,8.46534,8.46682,1.00,1.00
2017.01.17 10:54:55.563,8.46533,8.46663,1.00,1.00
2017.01.17 10:54:55.935,8.46513,8.46663,1.00,1.00
2017.01.17 10:54:55.986,8.46509,8.46663,1.00,1.00
2017.01.17 10:54:56.290,8.46509,8.4666,1.00,1.00
2017.01.17 10:54:56.562,8.46491,8.46643,1.00,1.00
2017.01.17 10:54:57.077,8.46491,8.46642,1.00,1.00
2017.01.17 10:54:57.713,8.46491,8.46635,1.00,1.00
2017.01.17 10:54:58.410,8.46491,8.46656,1.50,1.00
2017.01.17 10:54:58.646,8.46487,8.46647,1.00,1.00
2017.01.17 10:54:59.183,8.46486,8.46647,1.00,1.00
2017.01.17 10:54:59.576,8.46486,8.46638,1.00,1.00
2017.01.17 10:55:00.302,8.46486,8.4664,1.00,1.00
2017.01.17 10:55:00.640,8.46486,8.46631,1.00,1.00
2017.01.17 10:55:01.318,8.46486,8.46638,1.00,1.00
2017.01.17 10:55:01.471,8.46486,8.46627,1.00,1.00
2017.01.17 10:55:02.369,8.46486,8.46614,1.00,1.00
2017.01.17 10:55:02.421,8.46486,8.46618,1.00,1.00
2017.01.17 10:55:02.472,8.46461,8.46618,1.00,1.00
2017.01.17 10:55:02.675,8.46456,8.46607,1.00,1.00
2017.01.17 10:55:02.996,8.46422,8.46587,1.00,1.00
2017.01.17 10:55:03.619,8.46424,8.46574,1.00,1.00
2017.01.17 10:55:03.910,8.46435,8.46587,1.00,1.00
2017.01.17 10:55:03.961,8.46442,8.46601,1.00,1.00
2017.01.17 10:55:04.163,8.46442,8.46591,1.00,1.00
2017.01.17 10:55:04.488,8.46433,8.46577,1.00,1.00
2017.01.17 10:55:05.117,8.46433,8.46585,1.00,1.00
2017.01.17 10:55:05.319,8.46454,8.46585,1.00,1.00
2017.01.17 10:55:05.369,8.46445,8.46585,1.00,1.00
2017.01.17 10:55:05.471,8.46445,8.4661,1.50,1.00
2017.01.17 10:55:05.740,8.46459,8.4661,1.00,1.00
2017.01.17 10:55:06.082,8.46471,8.46611,1.00,1.00
2017.01.17 10:55:06.400,8.46471,8.46605,1.00,1.00
2017.01.17 10:55:07.429,8.46475,8.46605,1.00,1.00
2017.01.17 10:55:07.530,8.46475,8.46615,1.00,1.00
2017.01.17 10:55:07.783,8.46475,8.46617,1.00,1.00
2017.01.17 10:55:07.834,8.46475,8.46604,1.00,1.00
2017.01.17 10:55:08.143,8.46471,8.46585,1.00,1.00
2017.01.17 10:55:08.864,8.46471,8.46598,1.00,1.00
2017.01.17 10:55:08.965,8.46471,8.46623,1.00,1.00
2017.01.17 10:55:09.016,8.46471,8.46612,1.00,1.00
2017.01.17 10:55:09.180,8.46468,8.46612,1.00,1.00
2017.01.17 10:55:09.620,8.46468,8.46617,1.00,1.00
2017.01.17 10:55:10.206,8.46468,8.46602,1.00,1.00
2017.01.17 10:55:10.257,8.46451,8.46616,1.00,1.00
2017.01.17 10:55:10.308,8.46451,8.46596,1.00,1.00
2017.01.17 10:55:10.611,8.46476,8.46596,1.00,1.00
2017.01.17 10:55:10.978,8.46476,8.4661,1.00,1.00
2017.01.17 10:55:11.287,8.46476,8.46614,1.00,1.00
2017.01.17 10:55:11.398,8.46482,8.46614,1.00,1.00
2017.01.17 10:55:12.154,8.46476,8.46614,1.00,1.00
2017.01.17 10:55:12.255,8.46476,8.46616,1.00,1.00
2017.01.17 10:55:13.555,8.46476,8.46611,1.00,1.00
2017.01.17 10:55:14.145,8.46482,8.46611,1.00,1.00
2017.01.17 10:55:14.196,8.46476,8.46623,1.00,1.00
2017.01.17 10:55:14.297,8.46476,8.46641,1.00,1.00
2017.01.17 10:55:14.348,8.46491,8.46618,1.00,1.00
2017.01.17 10:55:14.399,8.46476,8.46618,1.00,1.00
2017.01.17 10:55:15.233,8.46479,8.46618,1.00,1.00
2017.01.17 10:55:15.300,8.46479,8.46622,1.00,1.00
2017.01.17 10:55:16.327,8.46479,8.46618,1.00,1.00
2017.01.17 10:55:17.300,8.46479,8.46622,1.00,1.00
2017.01.17 10:55:17.692,8.46476,8.46619,1.00,1.00
2017.01.17 10:55:17.996,8.46476,8.46596,1.00,1.00
2017.01.17 10:55:18.422,8.46449,8.46596,1.00,1.00
2017.01.17 10:55:18.473,8.46449,8.46681,1.00,1.00
2017.01.17 10:55:18.775,8.46475,8.46687,1.00,2.25
2017.01.17 10:55:19.079,8.46475,8.46629,1.00,1.00
2017.01.17 10:55:19.403,8.46483,8.46629,1.00,1.00
2017.01.17 10:55:19.579,8.46483,8.46639,1.00,1.00
2017.01.17 10:55:19.630,8.46483,8.46629,1.00,1.00
2017.01.17 10:55:19.882,8.46474,8.46629,1.00,1.00
2017.01.17 10:55:19.933,8.46477,8.46617,1.00,1.00
2017.01.17 10:55:20.226,8.46477,8.46634,1.00,1.00
2017.01.17 10:55:21.152,8.46478,8.46634,1.00,1.00
2017.01.17 10:55:21.203,8.46498,8.46634,1.00,1.00
2017.01.17 10:55:21.504,8.46498,8.46632,1.00,1.00
2017.01.17 10:55:21.555,8.46498,8.46659,1.00,1.00
2017.01.17 10:55:21.759,8.46502,8.46659,1.00,1.00
2017.01.17 10:55:22.222,8.46502,8.46653,1.00,1.00
2017.01.17 10:55:22.609,8.46502,8.46651,1.00,1.00
2017.01.17 10:55:22.922,8.46502,8.46635,1.00,1.00
2017.01.17 10:55:22.973,8.46498,8.46635,1.00,1.00
2017.01.17 10:55:23.024,8.46498,8.46619,1.00,1.00
2017.01.17 10:55:23.125,8.46498,8.46635,1.00,1.00
2017.01.17 10:55:23.228,8.46473,8.4663,1.50,1.00
2017.01.17 10:55:23.354,8.46473,8.46618,1.00,1.00
2017.01.17 10:55:23.683,8.4649,8.46598,1.00,1.00
2017.01.17 10:55:23.734,8.46473,8.46616,1.00,1.00
2017.01.17 10:55:23.904,8.46466,8.46616,1.00,1.00
2017.01.17 10:55:24.168,8.46466,8.46628,1.50,1.00
2017.01.17 10:55:25.020,8.46473,8.46633,1.00,1.00
2017.01.17 10:55:25.323,8.4649,8.46635,1.00,1.00
2017.01.17 10:55:25.709,8.4649,8.46622,1.00,1.00
2017.01.17 10:55:26.037,8.4649,8.46627,1.00,1.00
2017.01.17 10:55:26.223,8.4649,8.46614,1.00,1.00
2017.01.17 10:55:26.324,8.46467,8.46614,1.00,1.00
2017.01.17 10:55:26.435,8.46467,8.4663,1.50,1.00
2017.01.17 10:55:26.507,8.46478,8.46632,1.00,1.00
2017.01.17 10:55:26.709,8.46498,8.46654,1.00,1.00
2017.01.17 10:55:27.396,8.46498,8.46646,1.00,1.00
2017.01.17 10:55:27.706,8.46498,8.46649,1.00,1.00
2017.01.17 10:55:28.549,8.46498,8.46638,1.00,1.00
2017.01.17 10:55:28.752,8.46495,8.46636,1.00,1.00
2017.01.17 10:55:29.617,8.46495,8.46629,1.00,1.00
2017.01.17 10:55:29.668,8.4648,8.46634,1.00,1.00
2017.01.17 10:55:30.239,8.46482,8.46631,1.00,1.00
2017.01.17 10:55:30.597,8.4648,8.46643,1.00,1.00
2017.01.17 10:55:30.953,8.4648,8.46627,1.00,1.00
2017.01.17 10:55:31.270,8.4648,8.4661,1.00,1.00
2017.01.17 10:55:31.524,8.4645,8.4661,1.00,1.00
2017.01.17 10:55:31.625,8.46476,8.46617,1.00,1.00
2017.01.17 10:55:31.928,8.46476,8.46613,1.00,1.00
2017.01.17 10:55:32.029,8.46476,8.46617,1.00,1.00
2017.01.17 10:55:32.561,8.46463,8.46617,1.00,1.00
2017.01.17 10:55:32.690,8.46471,8.46617,1.00,1.00
2017.01.17 10:55:32.841,8.46474,8.46637,1.00,1.00
2017.01.17 10:55:32.942,8.46486,8.46638,1.00,1.00
2017.01.17 10:55:33.473,8.46474,8.46628,1.00,1.00
2017.01.17 10:55:33.911,8.46474,8.46638,1.50,1.50
2017.01.17 10:55:34.117,8.46474,8.46621,1.00,1.00
2017.01.17 10:55:34.168,8.46474,8.46633,1.00,1.00
2017.01.17 10:55:34.528,8.46475,8.46624,1.00,1.00
2017.01.17 10:55:34.971,8.46487,8.46636,1.00,1.00
2017.01.17 10:55:35.022,8.46486,8.46638,1.00,1.00
2017.01.17 10:55:35.132,8.46484,8.46638,1.00,1.00
2017.01.17 10:55:35.183,8.46495,8.46638,1.00,1.00
2017.01.17 10:55:35.435,8.4648,8.46629,1.00,1.00
2017.01.17 10:55:35.591,8.46474,8.46612,1.00,1.00
2017.01.17 10:55:35.962,8.46475,8.46623,1.00,1.00
2017.01.17 10:55:36.839,8.46481,8.46629,1.00,1.00
2017.01.17 10:55:37.142,8.46508,8.46638,1.00,1.00
2017.01.17 10:55:37.193,8.46493,8.46634,1.00,1.00
2017.01.17 10:55:37.353,8.46501,8.46634,1.00,1.00
2017.01.17 10:55:38.142,8.46501,8.46633,1.00,1.00
2017.01.17 10:55:38.565,8.46501,8.46628,1.00,1.00
2017.01.17 10:55:38.912,8.46501,8.46614,1.00,1.00
2017.01.17 10:55:39.065,8.46488,8.46614,1.00,1.00
2017.01.17 10:55:39.177,8.46476,8.46614,1.00,1.00
2017.01.17 10:55:39.868,8.46476,8.46613,1.00,1.00
2017.01.17 10:55:40.848,8.46476,8.46614,1.00,1.00
2017.01.17 10:55:41.550,8.46476,8.46595,1.00,1.00
2017.01.17 10:55:41.622,8.46476,8.46603,1.00,1.00
2017.01.17 10:55:41.673,8.4646,8.46603,1.00,1.00
2017.01.17 10:55:42.026,8.46476,8.46604,1.00,1.00
2017.01.17 10:55:42.077,8.46476,8.46616,1.00,1.00
2017.01.17 10:55:42.891,8.46476,8.46621,1.00,1.00
2017.01.17 10:55:42.993,8.46481,8.4663,1.00,1.00
2017.01.17 10:55:43.144,8.46492,8.46639,1.00,1.00
2017.01.17 10:55:43.447,8.46497,8.46664,1.00,1.00
2017.01.17 10:55:44.190,8.46499,8.46648,1.00,1.00
2017.01.17 10:55:44.534,8.46506,8.46648,1.00,1.00
2017.01.17 10:55:44.857,8.46506,8.46637,1.00,1.00
2017.01.17 10:55:46.036,8.46506,8.46636,1.00,1.00
2017.01.17 10:55:46.238,8.46506,8.46642,1.00,1.00
2017.01.17 10:55:46.639,8.46497,8.46622,1.00,1.00
2017.01.17 10:55:46.740,8.4648,8.46611,1.00,1.00
2017.01.17 10:55:47.061,8.4648,8.46625,1.00,1.00
2017.01.17 10:55:47.263,8.4648,8.46613,1.00,1.00
2017.01.17 10:55:47.795,8.4648,8.46597,1.00,1.00
2017.01.17 10:55:47.967,8.46455,8.46584,1.00,1.00
2017.01.17 10:55:48.018,8.46469,8.46612,1.00,1.00
2017.01.17 10:55:48.169,8.46469,8.46614,1.00,1.00
2017.01.17 10:55:49.051,8.46474,8.46622,1.00,1.00
2017.01.17 10:55:51.165,8.46469,8.46614,1.00,1.00
2017.01.17 10:55:55.136,8.46469,8.46591,1.00,1.00
2017.01.17 10:55:55.187,8.46455,8.46591,1.00,1.00
2017.01.17 10:55:55.731,8.46455,8.46603,1.00,1.00
2017.01.17 10:55:56.557,8.46455,8.46595,1.00,1.00
2017.01.17 10:55:56.659,8.46455,8.46598,1.00,1.00
2017.01.17 10:55:56.710,8.46455,8.46558,1.00,1.00
2017.01.17 10:55:56.811,8.46415,8.46562,1.00,1.00
2017.01.17 10:55:56.862,8.46441,8.46562,1.00,1.00
2017.01.17 10:55:57.064,8.46396,8.46541,1.00,1.00
2017.01.17 10:55:57.458,8.46422,8.46563,1.00,1.00
2017.01.17 10:55:57.509,8.46422,8.4657,1.50,1.00
2017.01.17 10:55:57.862,8.4644,8.4657,1.00,1.00
2017.01.17 10:55:57.913,8.4644,8.46578,1.00,1.00
2017.01.17 10:55:58.892,8.4644,8.46584,1.00,1.00
2017.01.17 10:55:59.294,8.46442,8.46584,1.00,1.00
2017.01.17 10:55:59.415,8.46449,8.466,1.00,1.00
2017.01.17 10:56:00.491,8.46444,8.46595,1.00,1.00
2017.01.17 10:56:01.186,8.4647,8.46595,1.00,1.00
2017.01.17 10:56:01.237,8.4647,8.46599,1.00,1.00
2017.01.17 10:56:01.813,8.4647,8.46613,1.00,1.00
2017.01.17 10:56:01.973,8.4647,8.46619,1.00,1.00
2017.01.17 10:56:02.074,8.4647,8.46601,1.00,1.00
2017.01.17 10:56:02.381,8.46451,8.46588,1.00,1.00
2017.01.17 10:56:02.953,8.46451,8.46579,1.00,1.00
2017.01.17 10:56:03.361,8.46451,8.46597,1.00,1.00
2017.01.17 10:56:03.483,8.46456,8.46607,1.00,1.00
2017.01.17 10:56:04.189,8.4648,8.46607,1.00,1.00
2017.01.17 10:56:04.290,8.4648,8.46622,1.00,1.00
2017.01.17 10:56:04.880,8.46482,8.46632,1.00,1.00
2017.01.17 10:56:05.242,8.46485,8.46632,1.00,1.00
2017.01.17 10:56:06.064,8.46482,8.46632,1.00,1.00
2017.01.17 10:56:06.415,8.46491,8.46643,1.60,1.00
2017.01.17 10:56:06.718,8.46507,8.46647,1.00,1.00
2017.01.17 10:56:07.009,8.46507,8.46657,1.00,1.00
2017.01.17 10:56:07.362,8.46486,8.46637,1.00,1.00
2017.01.17 10:56:07.412,8.46482,8.46627,1.00,1.00
2017.01.17 10:56:07.715,8.46488,8.46621,1.00,1.00
2017.01.17 10:56:08.610,8.46488,8.46626,1.00,1.00
2017.01.17 10:56:08.816,8.46457,8.46575,1.00,1.00
2017.01.17 10:56:09.095,8.46437,8.46575,1.00,1.00
2017.01.17 10:56:09.365,8.4644,8.46591,1.00,1.00
2017.01.17 10:56:09.567,8.46445,8.46591,1.00,1.00
2017.01.17 10:56:09.691,8.46449,8.466,1.00,1.00
2017.01.17 10:56:10.588,8.46464,8.466,1.00,1.00
2017.01.17 10:56:11.021,8.46464,8.46592,1.00,1.00
2017.01.17 10:56:11.323,8.46464,8.46557,1.00,1.00
2017.01.17 10:56:11.578,8.46464,8.46574,1.00,1.00
2017.01.17 10:56:11.680,8.46464,8.46585,1.00,1.00
2017.01.17 10:56:11.730,8.46464,8.46583,1.00,1.00
2017.01.17 10:56:12.119,8.46464,8.4659,1.00,1.00
2017.01.17 10:56:12.623,8.46464,8.46603,1.00,1.00
2017.01.17 10:56:12.987,8.46464,8.46609,1.00,1.00
2017.01.17 10:56:13.038,8.46469,8.4662,1.00,1.00
2017.01.17 10:56:14.023,8.46468,8.46619,1.00,1.00
2017.01.17 10:56:14.656,8.46475,8.46619,1.00,1.00
2017.01.17 10:56:15.000,8.4647,8.46621,1.00,1.00
2017.01.17 10:56:15.051,8.46496,8.4663,1.00,1.00
2017.01.17 10:56:15.203,8.46496,8.46644,1.00,1.00
2017.01.17 10:56:15.354,8.46484,8.46623,1.00,1.00
2017.01.17 10:56:16.043,8.46484,8.46612,1.00,1.00
2017.01.17 10:56:16.167,8.46484,8.46625,1.00,1.00
2017.01.17 10:56:16.816,8.46484,8.46633,1.50,1.00
2017.01.17 10:56:17.535,8.46489,8.4664,1.00,1.00
2017.01.17 10:56:18.120,8.46504,8.4664,1.00,1.00
2017.01.17 10:56:18.435,8.46504,8.46616,1.00,1.00
2017.01.17 10:56:18.661,8.46481,8.46616,1.00,1.00
2017.01.17 10:56:19.335,8.46481,8.46611,1.00,1.00
2017.01.17 10:56:19.503,8.46481,8.46616,1.00,1.00
2017.01.17 10:56:19.554,8.46481,8.46631,1.50,1.00
2017.01.17 10:56:20.530,8.46481,8.46629,1.00,1.00
2017.01.17 10:56:20.682,8.46488,8.46638,1.00,1.00
2017.01.17 10:56:21.127,8.46481,8.46625,1.00,1.00
2017.01.17 10:56:21.434,8.46472,8.46604,1.00,1.00
2017.01.17 10:56:21.484,8.4646,8.46604,1.00,1.00
2017.01.17 10:56:21.637,8.46467,8.46617,1.00,1.00
2017.01.17 10:56:21.738,8.46483,8.46617,1.00,1.00
2017.01.17 10:56:22.109,8.46483,8.46623,1.00,1.00
2017.01.17 10:56:22.360,8.46483,8.46633,1.00,1.00
2017.01.17 10:56:23.654,8.46484,8.46632,1.00,1.00
2017.01.17 10:56:23.755,8.46495,8.46632,1.00,1.00
2017.01.17 10:56:25.118,8.46495,8.46635,1.00,1.00
2017.01.17 10:56:25.526,8.46502,8.46635,1.00,1.00
2017.01.17 10:56:26.336,8.46502,8.46631,1.00,1.00
2017.01.17 10:56:28.395,8.46502,8.46633,1.00,1.00
2017.01.17 10:56:29.387,8.46502,8.46637,1.00,1.00
2017.01.17 10:56:30.373,8.46502,8.46636,1.00,1.00
2017.01.17 10:56:31.132,8.46502,8.46634,1.00,1.00
2017.01.17 10:56:31.435,8.46476,8.46604,1.00,1.00
2017.01.17 10:56:32.022,8.46476,8.4662,1.00,1.00
2017.01.17 10:56:32.626,8.46476,8.46593,1.00,1.00
2017.01.17 10:56:32.828,8.46457,8.46578,1.00,1.00
2017.01.17 10:56:33.226,8.46457,8.46561,1.00,1.00
2017.01.17 10:56:33.277,8.46433,8.46579,1.00,1.00
2017.01.17 10:56:33.968,8.46446,8.46595,1.00,1.00
2017.01.17 10:56:34.069,8.46456,8.46595,1.00,1.00
2017.01.17 10:56:34.222,8.46458,8.46607,1.00,1.00
2017.01.17 10:56:34.356,8.46469,8.46617,1.00,1.00
2017.01.17 10:56:34.672,8.46481,8.46617,1.00,1.00
2017.01.17 10:56:35.315,8.46481,8.46612,1.00,1.00
2017.01.17 10:56:35.718,8.46485,8.46612,1.00,1.00
2017.01.17 10:56:35.768,8.46481,8.4662,1.00,1.00
2017.01.17 10:56:37.932,8.46481,8.46627,1.50,1.00
2017.01.17 10:56:38.808,8.46482,8.46629,1.00,1.00
2017.01.17 10:56:40.246,8.46488,8.46635,1.00,1.00
2017.01.17 10:56:40.899,8.465,8.46645,1.00,1.00
2017.01.17 10:56:41.202,8.46509,8.46648,1.00,1.00
2017.01.17 10:56:41.670,8.46506,8.46648,1.00,1.00
2017.01.17 10:56:42.024,8.46506,8.46668,1.00,1.00
2017.01.17 10:56:43.545,8.46506,8.46665,1.00,1.00
2017.01.17 10:56:43.952,8.46526,8.46671,1.00,1.00
2017.01.17 10:56:44.003,8.46511,8.46658,1.00,1.00
2017.01.17 10:56:44.666,8.46503,8.46647,1.00,1.00
2017.01.17 10:56:45.046,8.46503,8.46645,1.00,1.60
2017.01.17 10:56:45.379,8.46432,8.46579,1.00,1.00
2017.01.17 10:56:45.833,8.46423,8.46563,1.00,1.00
2017.01.17 10:56:46.137,8.46437,8.46577,1.00,1.00
2017.01.17 10:56:46.340,8.46443,8.46589,1.00,1.00
2017.01.17 10:56:46.548,8.46453,8.466,1.00,1.00
2017.01.17 10:56:46.715,8.46456,8.466,1.00,1.00
2017.01.17 10:56:47.541,8.46457,8.46604,1.00,1.00
2017.01.17 10:56:47.734,8.46443,8.46587,1.00,1.00
2017.01.17 10:56:48.042,8.46443,8.46575,1.00,1.00
2017.01.17 10:56:50.170,8.46443,8.46567,1.00,1.00
2017.01.17 10:56:50.374,8.46423,8.46567,1.00,1.00
2017.01.17 10:56:50.977,8.46422,8.46567,1.00,1.00
2017.01.17 10:56:51.527,8.46422,8.46562,1.00,1.00
2017.01.17 10:56:51.881,8.46422,8.46556,1.00,1.00
2017.01.17 10:56:52.184,8.46402,8.46525,1.00,1.00
2017.01.17 10:56:52.235,8.46399,8.46525,1.00,1.00
2017.01.17 10:56:53.128,8.46399,8.46536,1.00,1.00
2017.01.17 10:56:53.179,8.46399,8.46518,1.00,1.00
2017.01.17 10:56:53.381,8.46378,8.46504,1.00,1.00
2017.01.17 10:56:53.532,8.46377,8.46524,1.50,1.00
2017.01.17 10:56:53.893,8.46409,8.46524,1.00,1.00
2017.01.17 10:56:54.155,8.46409,8.4654,1.00,1.00
2017.01.17 10:56:54.494,8.46409,8.46526,1.00,1.00
2017.01.17 10:56:55.414,8.46409,8.46527,1.00,1.00
2017.01.17 10:56:56.555,8.46409,8.46464,1.00,1.00
2017.01.17 10:56:56.723,8.4639,8.46464,1.00,1.00
2017.01.17 10:56:56.775,8.46379,8.46392,1.00,1.00
2017.01.17 10:56:56.826,8.46294,8.46392,1.00,1.00
2017.01.17 10:56:56.877,8.46294,8.46438,1.00,1.00
2017.01.17 10:56:56.978,8.46294,8.46388,1.00,1.00
2017.01.17 10:56:57.029,8.46299,8.46445,1.00,1.00
2017.01.17 10:56:57.281,8.46327,8.46445,1.00,1.00
2017.01.17 10:56:57.585,8.46305,8.46407,1.00,1.00
2017.01.17 10:56:57.686,8.46286,8.46389,1.00,1.00
2017.01.17 10:56:57.737,8.46232,8.46368,1.00,1.00
2017.01.17 10:56:57.915,8.46222,8.46338,1.00,1.00
2017.01.17 10:56:58.218,8.46195,8.46338,1.00,1.00
2017.01.17 10:56:58.420,8.46195,8.46319,1.00,1.00
2017.01.17 10:56:58.723,8.46195,8.46305,1.00,1.00
2017.01.17 10:56:58.774,8.46195,8.46317,1.00,1.00
2017.01.17 10:56:58.825,8.46176,8.46317,1.00,1.00
2017.01.17 10:56:58.876,8.46176,8.46305,1.00,1.00
2017.01.17 10:56:59.235,8.46176,8.4632,1.00,1.00
2017.01.17 10:57:00.077,8.46176,8.46319,1.00,1.00
2017.01.17 10:57:00.998,8.46206,8.4633,1.00,1.00
2017.01.17 10:57:01.099,8.46206,8.46341,1.00,1.00
2017.01.17 10:57:01.764,8.46206,8.4632,1.00,1.00
2017.01.17 10:57:01.924,8.46184,8.4632,1.00,1.00
2017.01.17 10:57:03.734,8.46184,8.463,1.00,1.00
2017.01.17 10:57:03.886,8.46184,8.46312,1.00,1.00
2017.01.17 10:57:03.987,8.46184,8.46324,1.00,1.00
2017.01.17 10:57:04.038,8.4617,8.46324,1.00,1.00
2017.01.17 10:57:05.528,8.46161,8.46307,1.00,1.00
2017.01.17 10:57:07.010,8.46161,8.4631,1.00,1.00
2017.01.17 10:57:07.364,8.46161,8.46301,1.00,1.00
2017.01.17 10:57:07.415,8.46161,8.46312,1.00,1.00
2017.01.17 10:57:07.617,8.46161,8.46293,1.00,1.00
2017.01.17 10:57:07.932,8.46161,8.46276,1.00,1.00
2017.01.17 10:57:08.038,8.46139,8.46276,1.00,1.00
2017.01.17 10:57:08.399,8.46139,8.46286,1.00,1.00
2017.01.17 10:57:08.743,8.46141,8.46297,1.00,1.00
2017.01.17 10:57:09.373,8.46139,8.46292,1.00,1.00
2017.01.17 10:57:09.696,8.46145,8.46296,1.00,1.00
2017.01.17 10:57:10.468,8.46139,8.46292,1.50,1.00
2017.01.17 10:57:10.611,8.46141,8.46292,1.00,1.00
2017.01.17 10:57:11.499,8.46148,8.46298,1.00,1.00
2017.01.17 10:57:11.803,8.46155,8.46296,1.00,1.00
2017.01.17 10:57:12.165,8.46155,8.46282,1.00,1.00
2017.01.17 10:57:12.317,8.46154,8.46303,1.00,1.00
2017.01.17 10:57:12.652,8.46144,8.46305,1.00,1.00
2017.01.17 10:57:12.753,8.46149,8.463,1.00,1.00
2017.01.17 10:57:13.056,8.46163,8.46305,1.00,1.00
2017.01.17 10:57:13.158,8.46143,8.46293,1.00,1.00
2017.01.17 10:57:13.259,8.4615,8.46284,1.00,1.00
2017.01.17 10:57:13.310,8.4615,8.46302,1.00,1.00
2017.01.17 10:57:13.514,8.4616,8.46302,1.00,1.00
2017.01.17 10:57:13.903,8.46162,8.46302,1.00,1.00
2017.01.17 10:57:13.955,8.4616,8.46302,1.00,1.00
2017.01.17 10:57:14.213,8.4616,8.46311,1.50,1.00
2017.01.17 10:57:15.215,8.46163,8.46313,1.00,1.00
2017.01.17 10:57:15.684,8.46172,8.46313,1.00,1.00
2017.01.17 10:57:16.763,8.46172,8.46305,1.00,1.00
2017.01.17 10:57:16.868,8.4616,8.46305,1.00,1.00
2017.01.17 10:57:17.064,8.46168,8.46314,1.00,1.00
2017.01.17 10:57:17.165,8.4618,8.46327,1.00,1.00
2017.01.17 10:57:17.216,8.46188,8.4633,1.00,1.00
2017.01.17 10:57:17.519,8.46193,8.46343,1.00,1.00
2017.01.17 10:57:17.620,8.46206,8.46355,1.00,1.00
2017.01.17 10:57:17.721,8.4621,8.46365,1.00,1.00
2017.01.17 10:57:18.256,8.46211,8.46376,1.00,1.00
2017.01.17 10:57:18.916,8.46231,8.46376,1.00,1.00
2017.01.17 10:57:19.434,8.46231,8.46377,1.00,1.00
2017.01.17 10:57:20.231,8.46231,8.46383,1.00,1.00
2017.01.17 10:57:20.997,8.46234,8.46398,1.00,1.00
2017.01.17 10:57:21.052,8.46262,8.46398,1.00,1.00
2017.01.17 10:57:21.256,8.46277,8.46434,1.00,1.00
2017.01.17 10:57:21.458,8.46297,8.4644,1.00,1.00
2017.01.17 10:57:21.880,8.46297,8.46453,1.00,1.00
2017.01.17 10:57:22.391,8.46297,8.46447,1.00,1.00
2017.01.17 10:57:23.768,8.46297,8.46449,1.00,1.00
2017.01.17 10:57:23.870,8.46297,8.46389,1.00,1.00
2017.01.17 10:57:24.072,8.46247,8.46387,1.00,1.12
2017.01.17 10:57:24.122,8.46247,8.46339,1.00,1.00
2017.01.17 10:57:24.173,8.46174,8.46317,1.00,1.00
2017.01.17 10:57:24.224,8.46153,8.46298,1.00,1.00
2017.01.17 10:57:24.274,8.46177,8.46298,1.00,1.00
2017.01.17 10:57:24.527,8.46132,8.46265,1.60,1.00
2017.01.17 10:57:24.578,8.46125,8.46265,1.00,1.00
2017.01.17 10:57:24.730,8.46106,8.46265,1.00,1.00
2017.01.17 10:57:24.780,8.46101,8.46235,1.00,1.00
2017.01.17 10:57:25.366,8.46075,8.46235,1.00,1.00
2017.01.17 10:57:25.417,8.46075,8.46229,1.00,1.00
2017.01.17 10:57:25.718,8.46075,8.46219,1.00,1.00
2017.01.17 10:57:26.496,8.46075,8.46218,1.00,1.00
2017.01.17 10:57:27.214,8.46075,8.46213,1.00,1.00
2017.01.17 10:57:27.523,8.46075,8.46202,1.00,1.00
2017.01.17 10:57:27.574,8.46056,8.46202,1.00,1.00
2017.01.17 10:57:28.314,8.46056,8.46201,1.00,1.00
2017.01.17 10:57:28.780,8.46056,8.46207,1.00,1.00
2017.01.17 10:57:28.881,8.46056,8.46216,1.00,1.00
2017.01.17 10:57:28.982,8.46063,8.46216,1.00,1.00
2017.01.17 10:57:29.083,8.46064,8.46221,1.00,1.00
2017.01.17 10:57:29.184,8.46063,8.46208,1.00,1.00
2017.01.17 10:57:29.563,8.46056,8.46195,1.00,1.00
2017.01.17 10:57:29.877,8.46035,8.46179,1.00,1.00
2017.01.17 10:57:29.948,8.46027,8.4619,1.00,1.00
2017.01.17 10:57:30.099,8.46037,8.4619,1.00,1.00
2017.01.17 10:57:30.408,8.46041,8.4619,1.00,1.00
2017.01.17 10:57:30.559,8.46023,8.4618,1.00,1.00
2017.01.17 10:57:30.934,8.46025,8.46165,1.00,1.00
2017.01.17 10:57:31.035,8.46025,8.46187,1.00,1.00
2017.01.17 10:57:31.387,8.46025,8.46171,1.00,1.00
2017.01.17 10:57:31.691,8.46023,8.4615,1.00,1.00
2017.01.17 10:57:31.792,8.45989,8.4615,1.00,1.00
2017.01.17 10:57:32.053,8.45995,8.46156,1.00,1.00
2017.01.17 10:57:32.367,8.45989,8.46143,1.00,1.00
2017.01.17 10:57:32.768,8.46,8.46156,1.00,1.00
2017.01.17 10:57:33.205,8.45989,8.46143,1.00,1.00
2017.01.17 10:57:33.715,8.45993,8.46156,1.00,1.00
2017.01.17 10:57:33.765,8.4601,8.46156,1.00,1.00
2017.01.17 10:57:33.816,8.46,8.46156,1.00,1.00
2017.01.17 10:57:33.867,8.4601,8.46176,1.50,1.00
2017.01.17 10:57:33.917,8.46028,8.46176,1.00,1.00
2017.01.17 10:57:34.081,8.46033,8.46189,1.00,1.00
2017.01.17 10:57:34.416,8.46033,8.462,1.00,1.00
2017.01.17 10:57:34.690,8.46033,8.4619,1.00,1.00
2017.01.17 10:57:34.993,8.4601,8.46175,1.00,1.00
2017.01.17 10:57:35.530,8.46012,8.46175,1.00,1.00
2017.01.17 10:57:35.876,8.46032,8.46195,1.00,1.00
2017.01.17 10:57:36.330,8.46032,8.46199,1.00,1.50
2017.01.17 10:57:36.782,8.46054,8.4621,1.00,1.60
2017.01.17 10:57:37.086,8.45963,8.46106,1.00,1.00
2017.01.17 10:57:37.340,8.45963,8.461,1.00,1.00
2017.01.17 10:57:38.797,8.45963,8.46104,1.00,1.00
2017.01.17 10:57:39.167,8.45963,8.46089,1.00,1.00
2017.01.17 10:57:39.217,8.45963,8.46101,1.00,1.00
2017.01.17 10:57:39.319,8.45963,8.4609,1.00,1.00
2017.01.17 10:57:39.471,8.45935,8.4609,1.00,1.00
2017.01.17 10:57:39.522,8.45935,8.46083,1.00,1.00
2017.01.17 10:57:39.826,8.46012,8.4614,1.00,1.00
2017.01.17 10:57:39.876,8.46012,8.46175,1.00,1.00
2017.01.17 10:57:39.927,8.46011,8.46151,1.00,1.00
2017.01.17 10:57:40.230,8.46011,8.46149,1.00,1.00
2017.01.17 10:57:40.634,8.46011,8.46165,1.00,1.00
2017.01.17 10:57:40.735,8.46019,8.46178,1.00,1.00
2017.01.17 10:57:40.786,8.46015,8.46178,1.00,1.00
2017.01.17 10:57:40.837,8.46037,8.46178,1.00,1.00
2017.01.17 10:57:40.888,8.46057,8.46223,1.00,1.00
2017.01.17 10:57:40.938,8.46057,8.46217,1.00,1.00
2017.01.17 10:57:41.255,8.46079,8.46218,1.00,1.00
2017.01.17 10:57:41.457,8.46079,8.46244,1.00,1.00
2017.01.17 10:57:41.525,8.46079,8.46216,1.00,1.00
2017.01.17 10:57:41.929,8.46079,8.46238,1.00,1.00
2017.01.17 10:57:42.420,8.46025,8.4622,1.00,1.00
2017.01.17 10:57:42.470,8.46037,8.46232,1.00,1.00
2017.01.17 10:57:42.778,8.46054,8.46221,1.00,1.00
2017.01.17 10:57:43.475,8.46054,8.46217,1.00,1.00
2017.01.17 10:57:43.778,8.46054,8.46207,1.00,1.00
2017.01.17 10:57:44.166,8.46054,8.46158,1.00,1.00
2017.01.17 10:57:44.318,8.46054,8.46197,1.00,1.60
2017.01.17 10:57:44.419,8.46024,8.46191,1.00,1.00
2017.01.17 10:57:44.521,8.46024,8.46177,1.00,1.00
2017.01.17 10:57:44.622,8.45991,8.46157,1.00,1.00
2017.01.17 10:57:45.337,8.45991,8.46122,1.00,1.00
2017.01.17 10:57:45.670,8.45991,8.46118,1.00,1.00
2017.01.17 10:57:46.502,8.45991,8.46122,1.00,1.00
2017.01.17 10:57:46.809,8.45991,8.46132,1.00,1.00
2017.01.17 10:57:46.859,8.45991,8.46077,1.00,1.00
2017.01.17 10:57:46.910,8.45958,8.46077,1.00,1.00
2017.01.17 10:57:47.113,8.45912,8.46077,1.50,1.00
2017.01.17 10:57:47.265,8.45927,8.46077,1.00,1.00
2017.01.17 10:57:47.577,8.45946,8.46097,1.00,1.00
2017.01.17 10:57:47.728,8.45946,8.46079,1.00,1.00
2017.01.17 10:57:47.924,8.45946,8.46089,1.00,1.00
2017.01.17 10:57:48.026,8.45946,8.46093,1.00,1.00
2017.01.17 10:57:48.228,8.45946,8.46079,1.00,1.00
2017.01.17 10:57:48.532,8.45946,8.46057,1.00,1.00
2017.01.17 10:57:49.586,8.45946,8.46077,1.00,1.00
2017.01.17 10:57:50.127,8.45946,8.46101,1.00,1.00
2017.01.17 10:57:50.178,8.4595,8.46101,1.00,1.00
2017.01.17 10:57:50.496,8.4597,8.46101,1.00,1.00
2017.01.17 10:57:50.697,8.45942,8.46079,1.00,1.00
2017.01.17 10:57:50.840,8.45942,8.46081,1.00,1.00
2017.01.17 10:57:50.891,8.45942,8.46064,1.00,1.00
2017.01.17 10:57:51.110,8.45922,8.46064,1.00,1.00
2017.01.17 10:57:51.161,8.4591,8.46019,1.00,1.00
2017.01.17 10:57:52.133,8.45891,8.46019,1.00,1.00
2017.01.17 10:57:52.420,8.45891,8.46023,1.00,1.00
2017.01.17 10:57:53.376,8.45891,8.46018,1.00,1.00
2017.01.17 10:57:53.720,8.45891,8.46004,1.00,1.00
2017.01.17 10:57:54.159,8.45891,8.45994,1.00,1.00
2017.01.17 10:57:55.275,8.45891,8.45993,1.00,1.00
2017.01.17 10:57:55.897,8.45891,8.46004,1.00,1.00
2017.01.17 10:57:56.218,8.45879,8.46004,1.00,1.00
2017.01.17 10:57:56.380,8.45879,8.46012,1.00,1.00
2017.01.17 10:57:56.482,8.45879,8.46024,1.00,1.00
2017.01.17 10:57:57.494,8.45879,8.4603,1.00,1.00
2017.01.17 10:57:57.545,8.45879,8.46022,1.00,1.00
2017.01.17 10:57:57.866,8.45879,8.45992,1.00,1.00
2017.01.17 10:57:58.228,8.45879,8.45975,1.00,1.00
2017.01.17 10:57:58.634,8.45814,8.45975,1.00,1.00
2017.01.17 10:57:59.147,8.45817,8.4598,1.00,1.00
2017.01.17 10:58:00.061,8.45821,8.45986,1.00,1.00
2017.01.17 10:58:00.305,8.45845,8.4601,1.00,1.00
2017.01.17 10:58:00.714,8.45876,8.46024,1.00,1.00
2017.01.17 10:58:01.239,8.45876,8.46006,1.00,1.00
2017.01.17 10:58:01.610,8.45876,8.45999,1.00,1.00
2017.01.17 10:58:01.773,8.45876,8.46022,1.00,1.60
2017.01.17 10:58:02.076,8.45885,8.46033,1.00,1.60
2017.01.17 10:58:02.388,8.45906,8.45999,1.00,1.00
2017.01.17 10:58:02.843,8.45906,8.46011,1.00,1.00
2017.01.17 10:58:03.045,8.45848,8.46011,1.00,1.00
2017.01.17 10:58:03.147,8.45867,8.46011,1.00,1.00
2017.01.17 10:58:03.405,8.45843,8.45993,1.00,1.00
2017.01.17 10:58:03.456,8.45856,8.46018,1.00,1.00
2017.01.17 10:58:03.557,8.45876,8.46018,1.00,1.00
2017.01.17 10:58:03.957,8.45876,8.45993,1.00,1.00
2017.01.17 10:58:04.360,8.45876,8.46013,1.00,1.00
2017.01.17 10:58:05.356,8.45876,8.46017,1.00,1.00
2017.01.17 10:58:08.575,8.45876,8.46013,1.00,1.00
2017.01.17 10:58:09.577,8.45876,8.4601,1.00,1.00
2017.01.17 10:58:09.946,8.45876,8.46019,1.00,1.00
2017.01.17 10:58:10.047,8.45876,8.46031,1.00,1.00
2017.01.17 10:58:10.149,8.45896,8.46031,1.00,1.00
2017.01.17 10:58:10.199,8.45896,8.46038,1.00,1.00
2017.01.17 10:58:10.250,8.45928,8.46038,1.00,1.00
2017.01.17 10:58:10.910,8.45928,8.46063,1.00,1.00
2017.01.17 10:58:11.062,8.45932,8.46087,1.00,1.00
2017.01.17 10:58:11.163,8.45928,8.4608,1.00,1.00
2017.01.17 10:58:11.466,8.45928,8.4605,1.00,1.00
2017.01.17 10:58:11.768,8.45912,8.4605,1.00,1.00
2017.01.17 10:58:12.064,8.45902,8.4605,1.00,1.00
2017.01.17 10:58:12.165,8.45902,8.46031,1.00,1.00
2017.01.17 10:58:12.468,8.45902,8.46023,1.00,1.00
2017.01.17 10:58:12.569,8.45882,8.46023,1.00,1.00
2017.01.17 10:58:12.620,8.45841,8.45996,1.00,1.00
2017.01.17 10:58:12.670,8.45841,8.45973,1.00,1.00
2017.01.17 10:58:12.721,8.45813,8.45965,1.00,1.00
2017.01.17 10:58:12.772,8.4585,8.45965,1.00,1.00
2017.01.17 10:58:12.974,8.45829,8.45965,1.00,1.00
2017.01.17 10:58:13.353,8.45829,8.45949,1.00,1.00
2017.01.17 10:58:13.512,8.45796,8.45949,1.00,1.00
2017.01.17 10:58:13.613,8.45798,8.45961,1.00,1.00
2017.01.17 10:58:13.789,8.45796,8.45951,1.00,1.00
2017.01.17 10:58:13.840,8.45799,8.45962,1.00,1.00
2017.01.17 10:58:13.991,8.45824,8.45962,1.00,1.00
2017.01.17 10:58:14.427,8.45824,8.45972,1.00,1.00
2017.01.17 10:58:15.251,8.45809,8.45972,1.00,1.00
2017.01.17 10:58:15.301,8.45803,8.45966,1.00,1.00
2017.01.17 10:58:15.625,8.45815,8.45881,1.00,1.00
2017.01.17 10:58:15.676,8.45778,8.45906,1.00,1.00
2017.01.17 10:58:15.777,8.45743,8.45906,1.00,1.00
2017.01.17 10:58:15.879,8.45736,8.45882,1.00,1.00
2017.01.17 10:58:16.232,8.45744,8.45907,1.00,1.00
2017.01.17 10:58:16.283,8.45736,8.45883,1.00,1.00
2017.01.17 10:58:16.546,8.45737,8.459,1.00,1.00
2017.01.17 10:58:16.698,8.45756,8.45921,1.00,1.00
2017.01.17 10:58:17.082,8.4574,8.45905,1.00,1.00
2017.01.17 10:58:17.424,8.45736,8.45812,1.00,1.00
2017.01.17 10:58:17.475,8.45716,8.45812,1.00,1.00
2017.01.17 10:58:17.526,8.45711,8.45812,1.00,1.00
2017.01.17 10:58:17.627,8.45663,8.45812,1.50,1.00
2017.01.17 10:58:17.821,8.45676,8.45841,1.00,1.00
2017.01.17 10:58:18.110,8.45663,8.45817,1.00,1.00
2017.01.17 10:58:18.533,8.45663,8.45805,1.00,1.00
2017.01.17 10:58:19.186,8.45663,8.4581,1.00,1.00
2017.01.17 10:58:19.477,8.45663,8.45815,1.00,1.00
2017.01.17 10:58:20.106,8.45667,8.45815,1.00,1.00
2017.01.17 10:58:20.443,8.45667,8.45811,1.00,1.00
2017.01.17 10:58:22.864,8.45667,8.45805,1.00,1.00
2017.01.17 10:58:23.296,8.45667,8.45799,1.00,1.00
2017.01.17 10:58:23.356,8.45667,8.45809,1.00,1.00
2017.01.17 10:58:24.345,8.45667,8.45814,1.00,1.00
2017.01.17 10:58:24.447,8.45667,8.45828,1.00,1.00
2017.01.17 10:58:24.597,8.45684,8.45849,1.00,1.00
2017.01.17 10:58:24.699,8.45698,8.45849,1.00,1.00
2017.01.17 10:58:25.519,8.45698,8.45844,1.00,1.00
2017.01.17 10:58:25.841,8.45698,8.45841,1.00,1.00
2017.01.17 10:58:26.148,8.45698,8.45858,1.00,1.00
2017.01.17 10:58:26.199,8.45702,8.45873,1.00,1.00
2017.01.17 10:58:26.249,8.45729,8.45889,1.00,1.00
2017.01.17 10:58:26.554,8.45743,8.45894,1.00,1.00
2017.01.17 10:58:27.174,8.45743,8.45904,1.00,1.00
2017.01.17 10:58:27.385,8.45757,8.45921,1.00,1.00
2017.01.17 10:58:28.138,8.45748,8.45913,1.00,1.00
2017.01.17 10:58:28.534,8.45767,8.45913,1.00,1.00
2017.01.17 10:58:29.139,8.45767,8.45911,1.00,1.00
2017.01.17 10:58:29.315,8.45755,8.45911,1.00,1.00
2017.01.17 10:58:29.366,8.45776,8.45911,1.00,1.00
2017.01.17 10:58:29.523,8.45755,8.45911,1.00,1.00
2017.01.17 10:58:29.891,8.45755,8.45917,1.00,1.00
2017.01.17 10:58:30.081,8.45743,8.45894,1.00,1.00
2017.01.17 10:58:30.603,8.45749,8.45894,1.00,1.00
2017.01.17 10:58:30.808,8.45751,8.45916,1.00,1.00
2017.01.17 10:58:31.750,8.45749,8.45901,1.00,1.00
2017.01.17 10:58:32.158,8.45749,8.45889,1.00,1.00
2017.01.17 10:58:32.462,8.45704,8.45847,1.00,1.00
2017.01.17 10:58:32.513,8.45682,8.45847,1.00,1.00
2017.01.17 10:58:33.010,8.45707,8.45862,1.00,1.00
2017.01.17 10:58:33.313,8.45702,8.45818,1.00,1.00
2017.01.17 10:58:33.365,8.45702,8.45849,1.00,1.00
2017.01.17 10:58:33.422,8.45706,8.45863,1.00,1.00
2017.01.17 10:58:33.473,8.45717,8.45863,1.00,1.00
2017.01.17 10:58:33.725,8.45736,8.45889,1.00,1.00
2017.01.17 10:58:33.827,8.45782,8.4593,1.00,1.00
2017.01.17 10:58:34.047,8.45739,8.45893,1.00,1.00
2017.01.17 10:58:34.149,8.45739,8.45904,1.00,1.00
2017.01.17 10:58:34.301,8.45744,8.45904,1.00,1.00
2017.01.17 10:58:34.405,8.45744,8.45919,1.00,1.00
2017.01.17 10:58:34.456,8.45739,8.45919,1.00,1.00
2017.01.17 10:58:34.659,8.45764,8.45899,1.00,1.00
2017.01.17 10:58:34.862,8.45731,8.45877,1.00,1.00
2017.01.17 10:58:35.112,8.45716,8.45877,1.00,1.00
2017.01.17 10:58:35.716,8.45716,8.4587,1.00,1.00
2017.01.17 10:58:37.018,8.45716,8.45864,1.00,1.00
2017.01.17 10:58:37.385,8.45716,8.45857,1.00,1.00
2017.01.17 10:58:37.894,8.45713,8.45837,1.00,1.00
2017.01.17 10:58:38.049,8.45713,8.45856,1.00,1.00
2017.01.17 10:58:38.118,8.45694,8.45856,1.00,1.00
2017.01.17 10:58:38.202,8.45686,8.45851,1.00,1.00
2017.01.17 10:58:38.854,8.45696,8.45859,1.00,1.00
2017.01.17 10:58:39.203,8.45689,8.45855,1.00,1.00
2017.01.17 10:58:39.837,8.45718,8.45865,1.00,1.00
2017.01.17 10:58:40.696,8.45718,8.4586,1.00,1.00
2017.01.17 10:58:41.006,8.45718,8.45847,1.00,1.00
2017.01.17 10:58:41.267,8.45693,8.45833,1.00,1.00
2017.01.17 10:58:42.004,8.45693,8.45838,1.00,1.00
2017.01.17 10:58:42.146,8.45693,8.45848,1.00,1.00
2017.01.17 10:58:42.297,8.45707,8.45848,1.00,1.00
2017.01.17 10:58:42.348,8.45707,8.45856,1.00,1.00
2017.01.17 10:58:42.449,8.45706,8.45869,1.00,1.00
2017.01.17 10:58:42.567,8.45719,8.45869,1.00,1.00
2017.01.17 10:58:42.868,8.45693,8.45857,1.00,1.00
2017.01.17 10:58:42.919,8.45693,8.45838,1.00,1.00
2017.01.17 10:58:43.852,8.45693,8.45845,1.00,1.00
2017.01.17 10:58:44.128,8.45717,8.45845,1.00,1.00
2017.01.17 10:58:46.244,8.45717,8.45833,1.00,1.00
2017.01.17 10:58:46.651,8.45717,8.45846,1.00,1.00
2017.01.17 10:58:47.463,8.45717,8.45851,1.00,1.00
2017.01.17 10:58:48.814,8.45717,8.45845,1.00,1.00
2017.01.17 10:58:49.774,8.45717,8.45841,1.00,1.00
2017.01.17 10:58:50.898,8.45717,8.45835,1.00,1.00
2017.01.17 10:58:50.971,8.45717,8.4584,1.00,1.00
2017.01.17 10:58:51.490,8.45717,8.45832,1.00,1.00
2017.01.17 10:58:51.969,8.45717,8.45827,1.00,1.00
2017.01.17 10:58:52.300,8.45697,8.45827,1.00,1.00
2017.01.17 10:58:52.650,8.45697,8.45821,1.00,1.00
2017.01.17 10:58:53.272,8.45673,8.45821,1.50,1.00
2017.01.17 10:58:53.387,8.45673,8.45798,1.50,1.00
2017.01.17 10:58:53.589,8.45649,8.45786,1.00,1.00
2017.01.17 10:58:53.640,8.45649,8.4577,1.00,1.00
2017.01.17 10:58:53.792,8.45649,8.45784,1.00,1.00
2017.01.17 10:58:54.216,8.45619,8.45784,1.00,1.00
2017.01.17 10:58:54.548,8.45594,8.45766,1.00,1.00
2017.01.17 10:58:54.600,8.45626,8.45766,1.00,1.00
2017.01.17 10:58:54.651,8.45626,8.45771,1.00,1.00
2017.01.17 10:58:55.271,8.45643,8.45771,1.00,1.00
2017.01.17 10:58:55.430,8.45643,8.45786,1.00,1.00
2017.01.17 10:58:55.481,8.45645,8.45786,1.00,1.00
2017.01.17 10:58:55.819,8.45645,8.45762,1.00,1.00
2017.01.17 10:58:55.870,8.45626,8.45762,1.00,1.00
2017.01.17 10:58:56.073,8.45605,8.45762,1.50,1.00
2017.01.17 10:58:56.585,8.45605,8.45763,1.00,1.00
2017.01.17 10:58:56.686,8.45605,8.45707,1.00,1.00
2017.01.17 10:58:56.787,8.45577,8.45707,1.00,1.00
2017.01.17 10:58:57.244,8.45577,8.4569,1.00,1.00
2017.01.17 10:58:57.396,8.45522,8.45681,1.00,1.00
2017.01.17 10:58:57.560,8.45517,8.45681,1.00,1.00
2017.01.17 10:58:57.611,8.45534,8.45681,1.00,1.00
2017.01.17 10:58:59.095,8.45534,8.457,1.60,1.00
2017.01.17 10:58:59.146,8.45534,8.45685,1.60,1.00
2017.01.17 10:58:59.197,8.45534,8.45696,1.50,1.00
2017.01.17 10:59:00.195,8.45534,8.4569,1.00,1.00
2017.01.17 10:59:00.861,8.45558,8.457,1.00,1.00
2017.01.17 10:59:00.912,8.45573,8.45725,1.00,1.00
2017.01.17 10:59:01.064,8.45558,8.45715,1.00,1.00
2017.01.17 10:59:01.165,8.45558,8.45693,1.00,1.00
2017.01.17 10:59:02.122,8.45558,8.45691,1.00,1.00
2017.01.17 10:59:02.637,8.45558,8.45685,1.00,1.00
2017.01.17 10:59:02.899,8.45527,8.45675,1.00,1.00
2017.01.17 10:59:03.831,8.45527,8.45671,1.00,1.00
2017.01.17 10:59:05.514,8.45527,8.4567,1.00,1.00
2017.01.17 10:59:05.884,8.45527,8.45685,1.00,1.00
2017.01.17 10:59:05.985,8.45533,8.45693,1.00,1.00
2017.01.17 10:59:06.136,8.45561,8.45695,1.00,1.00
2017.01.17 10:59:07.882,8.45561,8.45705,1.00,1.00
2017.01.17 10:59:08.239,8.45583,8.45705,1.00,1.00
2017.01.17 10:59:08.547,8.45583,8.45718,1.00,1.00
2017.01.17 10:59:09.016,8.45583,8.45725,1.00,1.00
2017.01.17 10:59:09.067,8.45583,8.45734,1.00,1.00
2017.01.17 10:59:09.243,8.4561,8.45734,1.00,1.00
2017.01.17 10:59:10.542,8.4561,8.45729,1.00,1.00
2017.01.17 10:59:11.176,8.4561,8.45723,1.00,1.00
2017.01.17 10:59:11.850,8.4561,8.45734,1.00,1.00
2017.01.17 10:59:11.901,8.4561,8.45758,1.00,1.00
2017.01.17 10:59:12.059,8.4561,8.45777,1.00,1.00
2017.01.17 10:59:12.109,8.45615,8.45777,1.00,1.00
2017.01.17 10:59:12.412,8.45673,8.45816,1.00,1.00
2017.01.17 10:59:12.614,8.45691,8.45839,1.00,1.00
2017.01.17 10:59:12.715,8.45698,8.45852,1.00,1.00
2017.01.17 10:59:12.866,8.45698,8.45825,1.00,1.00
2017.01.17 10:59:13.314,8.45698,8.45809,1.00,1.00
2017.01.17 10:59:13.662,8.45698,8.45776,1.00,1.00
2017.01.17 10:59:13.714,8.45615,8.45776,1.00,1.00
2017.01.17 10:59:13.916,8.45613,8.45759,1.00,1.00
2017.01.17 10:59:13.967,8.45598,8.45759,1.00,1.00
2017.01.17 10:59:14.017,8.45616,8.45759,1.00,1.00
2017.01.17 10:59:14.423,8.45597,8.45758,1.00,1.00
2017.01.17 10:59:14.592,8.4562,8.45758,1.00,1.00
2017.01.17 10:59:14.744,8.4562,8.4578,1.00,1.00
2017.01.17 10:59:14.808,8.45637,8.45782,1.00,1.00
2017.01.17 10:59:15.129,8.45637,8.45779,1.00,1.00
2017.01.17 10:59:15.686,8.45637,8.45778,1.00,1.00
2017.01.17 10:59:15.935,8.45637,8.45791,1.00,1.00
2017.01.17 10:59:15.985,8.45637,8.45789,1.00,1.00
2017.01.17 10:59:16.453,8.45637,8.4577,1.00,1.00
2017.01.17 10:59:17.275,8.45637,8.45763,1.00,1.00
2017.01.17 10:59:17.586,8.45637,8.4577,1.00,1.00
2017.01.17 10:59:18.330,8.45637,8.45758,1.00,1.00
2017.01.17 10:59:18.651,8.4561,8.45746,1.00,1.00
2017.01.17 10:59:19.954,8.4561,8.45755,1.00,1.00
2017.01.17 10:59:20.186,8.4561,8.45765,1.00,1.00
2017.01.17 10:59:20.575,8.45619,8.45777,1.00,1.00
2017.01.17 10:59:21.117,8.45624,8.45777,1.00,1.00
2017.01.17 10:59:21.477,8.45638,8.45795,1.00,1.00
2017.01.17 10:59:21.623,8.45662,8.45795,1.00,1.00
2017.01.17 10:59:21.674,8.45662,8.4582,1.00,1.00
2017.01.17 10:59:21.775,8.45679,8.4582,1.00,1.00
2017.01.17 10:59:22.078,8.45702,8.45838,1.00,1.00
2017.01.17 10:59:22.403,8.45702,8.45849,1.00,1.00
2017.01.17 10:59:22.980,8.45712,8.45869,1.00,1.00
2017.01.17 10:59:23.355,8.45714,8.45869,1.00,1.00
2017.01.17 10:59:24.380,8.45702,8.45851,1.00,1.00
2017.01.17 10:59:25.117,8.45711,8.45867,1.00,1.00
2017.01.17 10:59:25.269,8.4573,8.45869,1.00,1.00
2017.01.17 10:59:25.370,8.45702,8.45846,1.00,1.00
2017.01.17 10:59:25.421,8.45702,8.45833,1.00,1.00
2017.01.17 10:59:25.572,8.45718,8.45854,1.00,1.00
2017.01.17 10:59:25.679,8.45737,8.45854,1.00,1.00
2017.01.17 10:59:26.367,8.45737,8.45864,1.00,1.00
2017.01.17 10:59:26.547,8.45717,8.45829,1.00,1.00
2017.01.17 10:59:26.598,8.45711,8.45828,1.00,2.25
2017.01.17 10:59:26.649,8.45686,8.45829,1.00,1.00
2017.01.17 10:59:26.750,8.45705,8.45842,1.00,1.00
2017.01.17 10:59:27.462,8.45705,8.45846,1.00,1.00
2017.01.17 10:59:28.950,8.45705,8.45833,1.00,1.00
2017.01.17 10:59:29.051,8.45682,8.45823,1.00,1.00
2017.01.17 10:59:29.102,8.45682,8.45826,1.00,1.00
2017.01.17 10:59:29.545,8.45686,8.4584,1.00,1.00
2017.01.17 10:59:29.848,8.45682,8.45828,1.00,1.00
2017.01.17 10:59:29.949,8.45688,8.45842,1.00,1.00
2017.01.17 10:59:30.169,8.45705,8.45842,1.00,1.00
2017.01.17 10:59:30.953,8.45705,8.45846,1.00,1.00
2017.01.17 10:59:31.973,8.45705,8.45848,1.00,1.00
2017.01.17 10:59:33.057,8.45705,8.45859,1.00,1.00
2017.01.17 10:59:33.159,8.45732,8.45859,1.60,1.00
2017.01.17 10:59:33.490,8.4577,8.45937,1.00,1.00
2017.01.17 10:59:33.541,8.4577,8.45866,1.00,1.10
2017.01.17 10:59:33.592,8.45735,8.45837,1.00,1.00
2017.01.17 10:59:33.746,8.45698,8.45818,1.00,1.00
2017.01.17 10:59:33.797,8.45735,8.45818,1.00,1.00
2017.01.17 10:59:33.899,8.45708,8.45818,1.00,1.00
2017.01.17 10:59:34.202,8.45684,8.45818,1.00,1.00
2017.01.17 10:59:34.303,8.45684,8.45787,1.00,1.00
2017.01.17 10:59:34.405,8.45652,8.45787,1.00,1.00
2017.01.17 10:59:34.970,8.45652,8.45769,1.00,1.00
2017.01.17 10:59:35.024,8.45629,8.45769,1.00,1.00
2017.01.17 10:59:35.125,8.45629,8.45754,1.00,1.00
2017.01.17 10:59:35.290,8.45607,8.45742,1.00,1.00
2017.01.17 10:59:35.550,8.45607,8.45733,1.00,1.00
2017.01.17 10:59:35.863,8.4558,8.45706,1.00,1.00
2017.01.17 10:59:35.914,8.45558,8.45686,1.00,1.00
2017.01.17 10:59:36.015,8.45558,8.45666,1.00,1.00
2017.01.17 10:59:36.116,8.45533,8.45666,1.00,1.00
2017.01.17 10:59:36.328,8.45533,8.45691,1.00,1.00
2017.01.17 10:59:37.069,8.45533,8.45697,1.00,1.00
2017.01.17 10:59:37.120,8.45533,8.45675,1.00,1.00
2017.01.17 10:59:37.183,8.45533,8.45688,1.00,1.00
2017.01.17 10:59:37.505,8.45533,8.45667,1.00,1.00
2017.01.17 10:59:37.707,8.45503,8.45648,1.00,1.00
2017.01.17 10:59:38.087,8.45482,8.45648,1.00,1.00
2017.01.17 10:59:38.188,8.45482,8.45636,1.00,1.00
2017.01.17 10:59:39.037,8.45482,8.45649,1.00,1.50
2017.01.17 10:59:40.465,8.45522,8.45649,1.00,1.00
2017.01.17 10:59:40.516,8.45512,8.45649,1.00,1.00
2017.01.17 10:59:40.567,8.45542,8.45638,1.00,1.00
2017.01.17 10:59:40.617,8.45532,8.45638,1.60,1.00
2017.01.17 10:59:40.718,8.45543,8.45638,1.00,1.00
2017.01.17 10:59:40.769,8.45522,8.45638,1.50,1.00
2017.01.17 10:59:40.824,8.45522,8.45689,1.50,1.00
2017.01.17 10:59:40.925,8.45554,8.4572,1.00,1.00
2017.01.17 10:59:41.962,8.45554,8.45706,1.00,1.00
2017.01.17 10:59:42.606,8.45554,8.45686,1.00,1.00
2017.01.17 10:59:42.708,8.45535,8.45686,1.00,1.00
2017.01.17 10:59:42.758,8.45535,8.45676,1.00,1.00
2017.01.17 10:59:43.065,8.45535,8.45662,1.00,1.00
2017.01.17 10:59:43.116,8.45535,8.45679,1.00,1.00
2017.01.17 10:59:44.862,8.45535,8.45683,1.00,1.00
2017.01.17 10:59:45.091,8.45554,8.45694,1.00,1.00
2017.01.17 10:59:45.465,8.45554,8.45699,1.00,1.00
2017.01.17 10:59:45.516,8.45554,8.45716,1.00,1.00
2017.01.17 10:59:46.013,8.45562,8.45716,1.00,1.00
2017.01.17 10:59:46.505,8.45562,8.45713,1.00,1.00
2017.01.17 10:59:47.096,8.45578,8.4572,1.00,1.00
2017.01.17 10:59:47.146,8.45582,8.45739,1.00,1.00
2017.01.17 10:59:47.248,8.45582,8.45744,1.00,1.00
2017.01.17 10:59:47.299,8.45602,8.45757,1.00,1.00
2017.01.17 10:59:47.640,8.45602,8.45734,1.00,1.00
2017.01.17 10:59:47.842,8.45602,8.45751,1.00,1.00
2017.01.17 10:59:48.044,8.45602,8.45767,1.50,1.00
2017.01.17 10:59:48.188,8.45613,8.45767,1.00,1.00
2017.01.17 10:59:48.290,8.45602,8.45767,1.50,1.00
2017.01.17 10:59:48.896,8.45602,8.45768,1.50,1.00
2017.01.17 10:59:49.047,8.45612,8.45768,1.00,1.00
2017.01.17 10:59:49.378,8.45602,8.45768,1.50,1.00
2017.01.17 10:59:49.947,8.45602,8.45756,1.00,1.00
2017.01.17 10:59:50.250,8.45602,8.45741,1.00,1.00
2017.01.17 10:59:50.401,8.45602,8.45757,1.00,1.00
2017.01.17 10:59:50.502,8.45602,8.45768,1.50,1.00
2017.01.17 10:59:50.553,8.45612,8.45768,1.00,1.00
2017.01.17 10:59:50.699,8.45603,8.45768,1.00,1.00
2017.01.17 10:59:51.044,8.45623,8.45774,1.00,1.00
2017.01.17 10:59:51.945,8.45623,8.45777,1.00,1.00
2017.01.17 10:59:53.884,8.45623,8.45786,1.00,1.00
2017.01.17 10:59:54.168,8.45623,8.45774,1.00,1.00
2017.01.17 10:59:54.547,8.45623,8.45764,1.00,1.00
2017.01.17 10:59:55.099,8.45623,8.45784,1.00,1.00
2017.01.17 10:59:55.201,8.45632,8.45784,1.00,1.00
2017.01.17 10:59:55.362,8.45632,8.45789,1.00,1.00
2017.01.17 10:59:55.463,8.45646,8.45806,1.00,1.00
2017.01.17 10:59:55.626,8.45652,8.45806,1.00,1.00
2017.01.17 10:59:55.866,8.45646,8.45806,1.00,1.00
2017.01.17 10:59:56.018,8.45646,8.45789,1.00,1.00
2017.01.17 10:59:56.335,8.45646,8.45777,1.00,1.00
2017.01.17 10:59:56.461,8.4562,8.45777,1.00,1.00
2017.01.17 10:59:56.526,8.4562,8.45752,1.00,1.00
2017.01.17 10:59:56.728,8.45584,8.45737,1.00,1.00
2017.01.17 10:59:59.371,8.45584,8.4573,1.00,1.00
2017.01.17 10:59:59.697,8.45565,8.45711,1.00,1.00
