2017.10.10 01:00:00.033,7.9782,7.98078,1.00,1.00
2017.10.10 01:00:00.337,7.97825,7.98077,1.00,1.00
2017.10.10 01:00:00.439,7.97801,7.98069,1.00,1.00
2017.10.10 01:00:00.540,7.97797,7.98065,1.00,1.00
2017.10.10 01:00:00.857,7.97787,7.98055,1.00,1.00
2017.10.10 01:00:01.367,7.97791,7.98059,1.00,1.00
2017.10.10 01:00:02.530,7.978,7.98066,1.00,1.19
2017.10.10 01:00:02.688,7.97803,7.98071,1.50,1.00
2017.10.10 01:00:02.739,7.9781,7.98078,1.00,1.69
2017.10.10 01:00:06.000,7.97814,7.98078,1.00,1.19
2017.10.10 01:00:06.101,7.97814,7.98078,1.00,1.00
2017.10.10 01:00:06.269,7.97825,7.98078,1.00,1.00
2017.10.10 01:00:06.320,7.9782,7.98078,1.00,1.00
2017.10.10 01:00:06.996,7.97819,7.98078,1.00,1.00
2017.10.10 01:00:10.640,7.97819,7.98077,1.00,1.00
2017.10.10 01:00:10.690,7.97823,7.98078,1.00,1.00
2017.10.10 01:00:11.658,7.97827,7.98077,1.00,1.00
2017.10.10 01:00:13.515,7.97828,7.98077,1.00,1.00
2017.10.10 01:00:14.511,7.97829,7.98077,1.00,1.00
2017.10.10 01:00:18.057,7.97822,7.98077,1.00,1.00
2017.10.10 01:00:18.108,7.97817,7.98078,1.00,1.00
2017.10.10 01:00:18.272,7.97805,7.98071,1.00,1.00
2017.10.10 01:00:18.323,7.978,7.98068,1.00,1.00
2017.10.10 01:00:21.030,7.978,7.98066,1.00,1.00
2017.10.10 01:00:22.026,7.97801,7.98067,1.00,1.00
2017.10.10 01:00:23.440,7.97801,7.98068,1.00,1.00
2017.10.10 01:00:24.222,7.97782,7.9805,1.00,1.00
2017.10.10 01:00:24.273,7.97779,7.98045,1.00,1.00
2017.10.10 01:00:24.324,7.97792,7.98059,1.00,1.00
2017.10.10 01:00:25.831,7.97774,7.98042,1.00,1.00
2017.10.10 01:00:25.882,7.97786,7.98054,1.00,1.19
2017.10.10 01:00:26.302,7.97794,7.98059,1.00,1.00
2017.10.10 01:00:28.538,7.97795,7.98062,1.00,1.00
2017.10.10 01:00:29.541,7.97802,7.98067,1.00,1.19
2017.10.10 01:00:29.592,7.97802,7.98067,1.00,1.00
2017.10.10 01:00:29.872,7.97789,7.98056,1.00,1.00
2017.10.10 01:00:30.540,7.97782,7.9805,1.00,1.00
2017.10.10 01:00:31.477,7.97779,7.98046,1.00,1.00
2017.10.10 01:00:35.865,7.97779,7.98046,1.00,1.19
2017.10.10 01:00:37.141,7.97778,7.98044,1.00,1.19
2017.10.10 01:00:38.236,7.97788,7.98055,1.00,1.44
2017.10.10 01:00:38.287,7.97792,7.9806,1.00,1.00
2017.10.10 01:00:38.439,7.978,7.98065,1.00,1.19
2017.10.10 01:00:38.541,7.97792,7.9806,1.00,1.00
2017.10.10 01:00:38.592,7.97796,7.98064,1.00,1.19
2017.10.10 01:00:39.028,7.97788,7.98056,1.19,1.00
2017.10.10 01:00:39.079,7.97788,7.98056,1.00,1.00
2017.10.10 01:00:39.420,7.97795,7.9806,1.00,1.00
2017.10.10 01:00:39.731,7.97802,7.9807,1.00,1.00
2017.10.10 01:00:44.364,7.97814,7.98078,1.00,1.00
2017.10.10 01:00:44.670,7.97818,7.98078,1.00,1.00
2017.10.10 01:00:45.012,7.97814,7.98078,1.00,1.00
2017.10.10 01:00:45.502,7.97816,7.98078,1.00,1.00
2017.10.10 01:00:45.824,7.97813,7.98078,1.00,1.00
2017.10.10 01:00:46.521,7.97807,7.98074,1.00,1.00
2017.10.10 01:00:46.753,7.97799,7.98067,1.00,1.00
2017.10.10 01:00:46.918,7.97792,7.9806,1.00,1.00
2017.10.10 01:00:47.221,7.97798,7.98066,1.00,1.00
2017.10.10 01:00:48.131,7.97794,7.98062,1.00,1.00
2017.10.10 01:00:48.443,7.97804,7.9807,1.00,1.00
2017.10.10 01:00:49.478,7.97806,7.98074,1.00,1.19
2017.10.10 01:00:50.423,7.97818,7.98078,1.00,1.00
2017.10.10 01:00:50.782,7.97823,7.98077,1.00,1.00
2017.10.10 01:00:51.090,7.97825,7.98078,1.00,1.00
2017.10.10 01:00:52.086,7.97827,7.98078,1.00,1.00
2017.10.10 01:00:56.030,7.97834,7.98078,1.00,1.00
2017.10.10 01:00:56.334,7.97842,7.98078,1.00,1.00
2017.10.10 01:00:57.317,7.9784,7.98078,1.00,1.00
2017.10.10 01:00:57.427,7.97834,7.98078,1.00,1.00
2017.10.10 01:00:59.206,7.97829,7.98078,1.00,1.00
2017.10.10 01:01:00.120,7.97828,7.98077,1.00,1.00
2017.10.10 01:01:00.654,7.97828,7.98078,1.00,1.00
2017.10.10 01:01:02.797,7.97818,7.98078,1.25,1.00
2017.10.10 01:01:02.849,7.97812,7.98077,1.00,1.00
2017.10.10 01:01:02.941,7.97805,7.98078,1.00,1.00
2017.10.10 01:01:02.993,7.97802,7.98064,1.00,1.00
2017.10.10 01:01:03.044,7.97797,7.98064,1.00,1.00
2017.10.10 01:01:04.112,7.97794,7.98059,1.00,1.00
2017.10.10 01:01:04.422,7.97788,7.98053,1.00,1.00
2017.10.10 01:01:06.120,7.97792,7.98057,1.00,1.19
2017.10.10 01:01:06.173,7.97792,7.98057,1.00,1.00
2017.10.10 01:01:06.462,7.97797,7.98065,1.00,1.19
2017.10.10 01:01:07.246,7.97806,7.98073,1.00,1.19
2017.10.10 01:01:07.296,7.97806,7.98073,1.00,1.25
2017.10.10 01:01:14.631,7.97809,7.98077,1.00,1.19
2017.10.10 01:01:16.274,7.97809,7.98077,1.00,1.69
2017.10.10 01:01:21.150,7.97802,7.98068,1.00,1.00
2017.10.10 01:01:24.494,7.97805,7.98073,1.00,1.25
2017.10.10 01:01:24.547,7.97811,7.98077,1.00,1.19
2017.10.10 01:01:24.598,7.97811,7.98077,1.00,1.00
2017.10.10 01:01:24.751,7.97816,7.98078,1.00,1.00
2017.10.10 01:01:24.889,7.97803,7.98071,1.00,1.00
2017.10.10 01:01:25.178,7.97809,7.98077,1.00,1.00
2017.10.10 01:01:25.492,7.97815,7.98077,1.00,1.00
2017.10.10 01:01:28.665,7.97833,7.98078,1.00,1.00
2017.10.10 01:01:29.297,7.97826,7.98078,1.00,1.00
2017.10.10 01:01:29.660,7.97832,7.98078,1.00,1.00
2017.10.10 01:01:30.669,7.97832,7.98077,1.00,1.00
2017.10.10 01:01:31.183,7.97837,7.98077,1.00,1.00
2017.10.10 01:01:31.500,7.97839,7.98077,1.00,1.00
2017.10.10 01:01:31.551,7.97832,7.98078,1.00,1.00
2017.10.10 01:01:34.940,7.97828,7.98078,1.00,1.00
2017.10.10 01:01:34.991,7.97833,7.98078,1.00,1.00
2017.10.10 01:01:35.042,7.97822,7.98078,1.00,1.00
2017.10.10 01:01:35.245,7.97816,7.98077,1.00,1.00
2017.10.10 01:01:35.348,7.97822,7.98077,1.00,1.00
2017.10.10 01:01:36.087,7.97822,7.98078,1.00,1.00
2017.10.10 01:01:40.320,7.97832,7.98078,1.00,1.00
2017.10.10 01:01:40.885,7.97822,7.98078,1.00,1.00
2017.10.10 01:01:42.610,7.97832,7.98078,1.00,1.00
2017.10.10 01:01:42.820,7.97864,7.98125,1.00,1.00
2017.10.10 01:01:42.871,7.97872,7.98125,1.00,1.00
2017.10.10 01:01:43.175,7.97897,7.98125,1.00,1.00
2017.10.10 01:01:50.115,7.97891,7.98125,1.00,1.00
2017.10.10 01:01:52.206,7.97892,7.98125,1.00,1.00
2017.10.10 01:01:55.961,7.97887,7.98125,1.00,1.00
2017.10.10 01:01:57.701,7.97881,7.98125,1.00,1.00
2017.10.10 01:01:57.752,7.97874,7.98125,1.00,1.00
2017.10.10 01:01:57.857,7.9787,7.98125,1.00,1.00
2017.10.10 01:01:57.908,7.97867,7.98125,1.00,1.00
2017.10.10 01:01:58.011,7.97869,7.98125,1.00,1.00
2017.10.10 01:01:58.120,7.97862,7.98125,1.00,1.00
2017.10.10 01:01:58.171,7.97871,7.98124,1.00,1.00
2017.10.10 01:01:58.222,7.97865,7.98124,1.00,1.00
2017.10.10 01:01:58.273,7.97863,7.98125,1.00,1.00
2017.10.10 01:01:59.881,7.9786,7.98125,1.00,1.00
2017.10.10 01:02:03.861,7.97865,7.98125,1.00,1.00
2017.10.10 01:02:05.164,7.97865,7.98124,1.00,1.00
2017.10.10 01:02:06.240,7.97868,7.98124,1.00,1.00
2017.10.10 01:02:07.157,7.97869,7.98125,1.00,1.00
2017.10.10 01:02:07.979,7.97885,7.98124,1.00,1.00
2017.10.10 01:02:08.030,7.97882,7.98125,1.00,1.00
2017.10.10 01:02:08.081,7.97878,7.98125,1.00,1.00
2017.10.10 01:02:08.375,7.97867,7.98124,1.00,1.00
2017.10.10 01:02:10.158,7.97867,7.98125,1.00,1.00
2017.10.10 01:02:13.167,7.97861,7.98125,1.00,1.00
2017.10.10 01:02:13.308,7.97857,7.98125,1.00,1.00
2017.10.10 01:02:13.360,7.97857,7.98121,1.00,1.00
2017.10.10 01:02:13.520,7.97858,7.98125,1.00,1.00
2017.10.10 01:02:13.693,7.97866,7.98125,1.00,1.00
2017.10.10 01:02:18.586,7.97862,7.98125,1.00,1.00
2017.10.10 01:02:18.804,7.97858,7.98124,1.00,1.00
2017.10.10 01:02:18.855,7.97858,7.98113,1.00,1.00
2017.10.10 01:02:19.212,7.97872,7.98114,1.00,1.00
2017.10.10 01:02:19.618,7.97882,7.98113,1.00,1.00
2017.10.10 01:02:20.499,7.97882,7.98114,1.00,1.00
2017.10.10 01:02:20.820,7.97892,7.98114,1.00,1.00
2017.10.10 01:02:20.871,7.97882,7.98114,1.00,1.00
2017.10.10 01:02:22.916,7.97882,7.98113,1.00,1.00
2017.10.10 01:02:24.411,7.97882,7.98114,1.00,1.00
2017.10.10 01:02:29.832,7.97882,7.98113,1.00,1.00
2017.10.10 01:02:30.816,7.97892,7.98113,1.00,1.00
2017.10.10 01:02:32.864,7.97892,7.98114,1.00,1.00
2017.10.10 01:02:33.985,7.97882,7.98114,1.00,1.00
2017.10.10 01:02:40.134,7.97883,7.98114,1.00,1.00
2017.10.10 01:02:40.290,7.97872,7.98114,1.00,1.00
2017.10.10 01:02:42.254,7.97873,7.98111,1.00,1.00
2017.10.10 01:02:42.423,7.97862,7.98113,1.00,1.19
2017.10.10 01:02:42.473,7.97862,7.98105,1.00,1.00
2017.10.10 01:02:42.688,7.97853,7.98106,1.00,1.00
2017.10.10 01:02:42.790,7.97853,7.98106,1.00,1.19
2017.10.10 01:02:43.438,7.97853,7.98106,1.00,1.19
2017.10.10 01:02:43.590,7.97862,7.98113,1.00,1.25
2017.10.10 01:02:44.810,7.97862,7.9811,1.00,1.00
2017.10.10 01:02:49.236,7.97853,7.9811,1.00,1.00
2017.10.10 01:02:51.329,7.97853,7.98113,1.00,1.19
2017.10.10 01:02:51.705,7.97847,7.98113,1.00,1.19
2017.10.10 01:02:51.756,7.97841,7.98106,1.00,1.00
2017.10.10 01:02:51.807,7.97842,7.98109,1.00,1.00
2017.10.10 01:02:51.858,7.97842,7.98107,1.00,1.00
2017.10.10 01:02:52.437,7.97852,7.98107,1.00,1.00
2017.10.10 01:02:59.841,7.97852,7.98102,1.00,1.00
2017.10.10 01:03:01.694,7.97862,7.98102,1.00,1.00
2017.10.10 01:03:02.084,7.97853,7.98102,1.00,1.00
2017.10.10 01:03:04.587,7.97842,7.98102,1.00,1.25
2017.10.10 01:03:04.688,7.97842,7.98106,1.50,1.00
2017.10.10 01:03:05.787,7.97842,7.98104,1.00,1.00
2017.10.10 01:03:06.092,7.97822,7.98085,1.00,1.19
2017.10.10 01:03:06.804,7.97822,7.98085,1.00,1.19
2017.10.10 01:03:07.327,7.97822,7.98078,1.00,1.00
2017.10.10 01:03:07.480,7.97813,7.98073,1.00,1.25
2017.10.10 01:03:07.532,7.97822,7.98073,1.00,1.25
2017.10.10 01:03:09.577,7.97823,7.98073,1.00,1.25
2017.10.10 01:03:10.737,7.97812,7.98073,1.00,1.25
2017.10.10 01:03:10.788,7.97822,7.98083,1.00,1.19
2017.10.10 01:03:10.839,7.97822,7.98083,1.00,1.25
2017.10.10 01:03:11.287,7.97812,7.98072,1.00,1.00
2017.10.10 01:03:12.845,7.9783,7.98086,1.00,1.56
2017.10.10 01:03:13.181,7.97842,7.98086,1.00,1.56
2017.10.10 01:03:13.427,7.97842,7.98087,1.00,1.00
2017.10.10 01:03:13.529,7.97852,7.98086,1.00,1.00
2017.10.10 01:03:14.266,7.97832,7.98086,1.00,1.00
2017.10.10 01:03:14.616,7.97829,7.98087,1.00,1.00
2017.10.10 01:03:14.870,7.97825,7.98086,1.00,1.00
2017.10.10 01:03:14.987,7.97832,7.98082,1.00,1.19
2017.10.10 01:03:15.038,7.97832,7.98082,1.00,1.25
2017.10.10 01:03:17.862,7.97832,7.98087,1.00,1.56
2017.10.10 01:03:18.243,7.97819,7.98084,1.00,1.19
2017.10.10 01:03:18.345,7.97814,7.9808,1.00,1.00
2017.10.10 01:03:18.396,7.97798,7.98063,1.00,1.00
2017.10.10 01:03:19.134,7.97809,7.98077,1.00,1.19
2017.10.10 01:03:19.185,7.97809,7.98077,1.00,1.00
2017.10.10 01:03:19.236,7.97812,7.9808,1.00,1.00
2017.10.10 01:03:19.552,7.97804,7.98072,1.00,1.00
2017.10.10 01:03:21.304,7.97802,7.98063,1.00,1.00
2017.10.10 01:03:21.355,7.97797,7.98065,1.00,1.19
2017.10.10 01:03:21.912,7.97796,7.98064,1.00,1.19
2017.10.10 01:03:22.414,7.97797,7.98064,1.00,1.19
2017.10.10 01:03:23.623,7.97792,7.98059,1.00,1.00
2017.10.10 01:03:23.724,7.97787,7.98055,1.00,1.00
2017.10.10 01:03:23.775,7.97787,7.98055,1.00,1.19
2017.10.10 01:03:23.826,7.97782,7.9805,1.57,1.00
2017.10.10 01:03:23.876,7.97786,7.98054,1.00,1.19
2017.10.10 01:03:24.229,7.97781,7.98041,1.10,1.00
2017.10.10 01:03:25.401,7.97781,7.98046,1.10,1.19
2017.10.10 01:03:25.904,7.97783,7.9805,1.00,1.19
2017.10.10 01:03:25.954,7.97783,7.9805,1.00,1.00
2017.10.10 01:03:27.721,7.97796,7.98063,1.00,1.37
2017.10.10 01:03:27.772,7.97796,7.98063,1.00,1.25
2017.10.10 01:03:27.924,7.97798,7.98066,1.00,1.00
2017.10.10 01:03:27.975,7.97798,7.98066,1.00,1.19
2017.10.10 01:03:28.618,7.97782,7.98049,1.57,1.00
2017.10.10 01:03:28.669,7.97792,7.98045,1.00,1.00
2017.10.10 01:03:28.720,7.97782,7.98045,1.57,1.00
2017.10.10 01:03:28.885,7.97785,7.98052,1.00,1.00
2017.10.10 01:03:29.123,7.97793,7.98052,1.00,1.00
2017.10.10 01:03:29.451,7.97822,7.98066,1.00,1.00
2017.10.10 01:03:30.471,7.97822,7.98067,1.00,1.00
2017.10.10 01:03:31.792,7.97823,7.98067,1.00,1.00
2017.10.10 01:03:32.539,7.97818,7.98067,1.00,1.00
2017.10.10 01:03:32.590,7.97812,7.98061,1.00,1.00
2017.10.10 01:03:32.641,7.97802,7.98065,1.00,1.19
2017.10.10 01:03:32.765,7.97798,7.98065,1.00,1.19
2017.10.10 01:03:32.816,7.97805,7.98067,1.00,1.00
2017.10.10 01:03:33.140,7.97822,7.98067,1.00,1.00
2017.10.10 01:03:34.005,7.97822,7.98066,1.00,1.00
2017.10.10 01:03:35.332,7.97822,7.98067,1.00,1.00
2017.10.10 01:03:37.418,7.97822,7.98066,1.00,1.00
2017.10.10 01:03:38.148,7.97829,7.98067,1.00,1.00
2017.10.10 01:03:38.466,7.97832,7.98067,1.00,1.00
2017.10.10 01:03:41.010,7.97824,7.98067,1.00,1.00
2017.10.10 01:03:41.247,7.97818,7.98067,1.00,1.00
2017.10.10 01:03:42.055,7.97818,7.98066,1.00,1.00
2017.10.10 01:03:42.584,7.97813,7.98067,1.00,1.00
2017.10.10 01:03:42.635,7.97804,7.98067,1.00,1.00
2017.10.10 01:03:42.743,7.97814,7.98067,1.00,1.00
2017.10.10 01:03:42.804,7.9781,7.98067,1.00,1.00
2017.10.10 01:03:42.855,7.97815,7.98067,1.00,1.00
2017.10.10 01:03:43.180,7.97822,7.98067,1.00,1.00
2017.10.10 01:03:45.594,7.97822,7.98066,1.50,1.00
2017.10.10 01:03:46.358,7.97822,7.98067,1.00,1.00
2017.10.10 01:03:50.700,7.97822,7.98066,1.00,1.00
2017.10.10 01:03:51.449,7.97822,7.98067,1.00,1.00
2017.10.10 01:04:07.384,7.97818,7.98067,1.00,1.00
2017.10.10 01:04:07.435,7.97809,7.98067,1.00,1.00
2017.10.10 01:04:07.597,7.97806,7.98067,1.00,1.00
2017.10.10 01:04:08.924,7.97812,7.98067,1.00,1.00
2017.10.10 01:04:09.610,7.97822,7.98067,1.00,1.00
2017.10.10 01:04:10.308,7.97822,7.98066,1.00,1.00
2017.10.10 01:04:12.180,7.97821,7.98067,1.00,1.00
2017.10.10 01:04:12.231,7.97802,7.9806,1.00,1.00
2017.10.10 01:04:12.282,7.97802,7.98063,1.00,1.00
2017.10.10 01:04:12.333,7.97802,7.98067,1.00,1.50
2017.10.10 01:04:12.384,7.97789,7.98056,1.00,1.00
2017.10.10 01:04:12.435,7.97792,7.98056,1.00,1.19
2017.10.10 01:04:12.587,7.97792,7.98058,1.00,1.00
2017.10.10 01:04:12.638,7.97801,7.98057,1.00,1.00
2017.10.10 01:04:12.790,7.97785,7.98052,1.00,1.00
2017.10.10 01:04:13.995,7.97785,7.98053,1.00,1.25
2017.10.10 01:04:14.289,7.97796,7.98057,1.00,1.19
2017.10.10 01:04:14.340,7.97796,7.98057,1.00,1.00
2017.10.10 01:04:14.391,7.97783,7.98051,1.00,1.00
2017.10.10 01:04:14.442,7.97782,7.98048,1.50,1.00
2017.10.10 01:04:15.039,7.97792,7.98057,1.00,1.00
2017.10.10 01:04:15.246,7.97781,7.98047,1.00,1.00
2017.10.10 01:04:15.819,7.97798,7.98057,1.00,1.00
2017.10.10 01:04:15.981,7.97783,7.98049,1.00,1.00
2017.10.10 01:04:17.639,7.97796,7.98057,1.00,1.00
2017.10.10 01:04:20.587,7.97796,7.98056,1.00,1.00
2017.10.10 01:04:20.638,7.97791,7.98057,1.00,1.00
2017.10.10 01:04:21.509,7.97798,7.98057,1.00,1.00
2017.10.10 01:04:25.918,7.97798,7.98056,1.00,1.00
2017.10.10 01:04:28.022,7.97798,7.98057,1.00,1.00
2017.10.10 01:04:30.020,7.97794,7.98057,1.00,1.00
2017.10.10 01:04:32.057,7.97799,7.98057,1.00,1.00
2017.10.10 01:04:32.621,7.97802,7.98057,1.00,1.00
2017.10.10 01:04:34.551,7.97802,7.98056,1.00,1.00
2017.10.10 01:04:37.536,7.97803,7.98056,1.00,1.00
2017.10.10 01:04:39.820,7.97813,7.98057,1.00,1.00
2017.10.10 01:04:40.123,7.97828,7.98057,1.00,1.00
2017.10.10 01:04:42.079,7.97818,7.98057,1.25,1.00
2017.10.10 01:04:44.055,7.97821,7.98057,1.00,1.00
2017.10.10 01:04:44.694,7.97821,7.98056,1.00,1.00
2017.10.10 01:04:45.050,7.97819,7.98057,1.00,1.00
2017.10.10 01:04:45.364,7.97815,7.98057,1.00,1.00
2017.10.10 01:04:45.415,7.9781,7.98056,1.00,1.00
2017.10.10 01:04:46.261,7.9781,7.98057,1.00,1.00
2017.10.10 01:04:46.952,7.97817,7.98057,1.00,1.00
2017.10.10 01:04:54.797,7.97787,7.98054,1.00,1.00
2017.10.10 01:04:54.848,7.97791,7.98057,1.00,1.50
2017.10.10 01:04:55.459,7.97791,7.98057,1.00,1.69
2017.10.10 01:04:55.916,7.97791,7.98057,1.00,1.50
2017.10.10 01:04:58.006,7.97778,7.98046,1.19,1.00
2017.10.10 01:04:58.057,7.9777,7.98038,1.00,1.50
2017.10.10 01:04:58.212,7.97784,7.98037,1.00,1.00
2017.10.10 01:04:58.805,7.97788,7.98038,1.00,1.00
2017.10.10 01:04:59.481,7.97791,7.98038,1.00,1.00
2017.10.10 01:04:59.793,7.97814,7.98038,1.00,1.00
2017.10.10 01:05:00.102,7.97812,7.98037,1.00,1.00
2017.10.10 01:05:00.793,7.97804,7.98038,1.00,1.00
2017.10.10 01:05:01.229,7.97809,7.98037,1.00,1.00
2017.10.10 01:05:01.391,7.978,7.98037,1.00,1.00
2017.10.10 01:05:01.442,7.97807,7.98037,1.00,1.00
2017.10.10 01:05:01.493,7.978,7.98038,1.00,1.00
2017.10.10 01:05:01.790,7.97803,7.98037,1.00,1.00
2017.10.10 01:05:02.305,7.97814,7.98038,1.00,1.00
2017.10.10 01:05:06.129,7.97807,7.98038,1.00,1.00
2017.10.10 01:05:08.114,7.97807,7.98037,1.00,1.00
2017.10.10 01:05:08.165,7.97797,7.98037,1.00,1.00
2017.10.10 01:05:08.216,7.97794,7.98037,1.00,1.00
2017.10.10 01:05:08.317,7.9779,7.98038,1.00,1.00
2017.10.10 01:05:08.369,7.97783,7.98038,1.00,1.00
2017.10.10 01:05:08.470,7.97779,7.98038,1.00,1.00
2017.10.10 01:05:08.606,7.97793,7.98037,1.00,1.00
2017.10.10 01:05:09.611,7.97793,7.98038,1.00,1.00
2017.10.10 01:05:11.081,7.97802,7.98038,1.00,1.00
2017.10.10 01:05:14.122,7.97804,7.98038,1.00,1.00
2017.10.10 01:05:15.116,7.97802,7.98038,1.00,1.00
2017.10.10 01:05:16.582,7.97804,7.98038,1.00,1.00
2017.10.10 01:05:16.999,7.97797,7.98038,1.00,1.00
2017.10.10 01:05:17.432,7.9781,7.98038,1.00,1.00
2017.10.10 01:05:17.757,7.97806,7.98038,1.00,1.00
2017.10.10 01:05:17.914,7.97813,7.98037,1.00,1.00
2017.10.10 01:05:18.519,7.97816,7.98037,1.00,1.00
2017.10.10 01:05:18.775,7.97814,7.98038,1.00,1.00
2017.10.10 01:05:19.261,7.97812,7.98038,1.00,1.00
2017.10.10 01:05:19.363,7.97818,7.98038,1.00,1.00
2017.10.10 01:05:19.670,7.97822,7.98038,1.00,1.00
2017.10.10 01:05:21.043,7.97822,7.98037,1.00,1.00
2017.10.10 01:05:21.144,7.97812,7.98038,1.00,1.00
2017.10.10 01:05:24.031,7.97802,7.98038,1.00,1.00
2017.10.10 01:05:27.716,7.97802,7.98037,1.00,1.00
2017.10.10 01:05:27.796,7.97792,7.98037,1.00,1.00
2017.10.10 01:05:28.919,7.97793,7.98038,1.00,1.00
2017.10.10 01:05:28.996,7.97801,7.98038,1.00,1.00
2017.10.10 01:05:30.146,7.97801,7.98037,1.00,1.00
2017.10.10 01:05:30.883,7.97803,7.98038,1.00,1.00
2017.10.10 01:05:31.658,7.978,7.98038,1.00,1.00
2017.10.10 01:05:31.783,7.97794,7.98038,1.00,1.00
2017.10.10 01:05:31.935,7.97799,7.98038,1.00,1.00
2017.10.10 01:05:36.275,7.97809,7.98038,1.00,1.00
2017.10.10 01:05:36.586,7.97815,7.98038,1.00,1.00
2017.10.10 01:05:36.704,7.97811,7.98038,1.00,1.00
2017.10.10 01:05:37.831,7.97807,7.98038,1.00,1.00
2017.10.10 01:05:44.181,7.97806,7.98038,1.00,1.00
2017.10.10 01:05:45.885,7.97802,7.98038,1.00,1.00
2017.10.10 01:05:46.044,7.978,7.98037,1.00,1.00
2017.10.10 01:05:52.692,7.97801,7.98037,1.00,1.00
2017.10.10 01:05:58.650,7.97802,7.98037,1.00,1.00
2017.10.10 01:05:59.262,7.97802,7.98038,1.00,1.00
2017.10.10 01:06:05.197,7.97817,7.98038,1.00,1.00
2017.10.10 01:06:06.162,7.97817,7.98037,1.00,1.00
2017.10.10 01:06:06.725,7.97814,7.98038,1.00,1.00
2017.10.10 01:06:07.678,7.97814,7.98037,1.00,1.00
2017.10.10 01:06:07.729,7.97816,7.98038,1.00,1.00
2017.10.10 01:06:08.472,7.97822,7.98038,1.00,1.00
2017.10.10 01:06:09.285,7.97817,7.98038,1.00,1.00
2017.10.10 01:06:09.407,7.97812,7.98038,1.00,1.00
2017.10.10 01:06:09.458,7.97802,7.98038,1.00,1.00
2017.10.10 01:06:09.660,7.97783,7.98038,1.00,1.00
2017.10.10 01:06:09.711,7.9779,7.98038,1.00,1.00
2017.10.10 01:06:10.015,7.97792,7.98038,1.00,1.00
2017.10.10 01:06:10.578,7.97792,7.98037,1.00,1.00
2017.10.10 01:06:11.149,7.97792,7.98038,1.00,1.00
2017.10.10 01:06:15.258,7.97796,7.98038,1.00,1.00
2017.10.10 01:06:16.606,7.97789,7.98038,1.00,1.00
2017.10.10 01:06:16.658,7.97784,7.98038,1.00,1.00
2017.10.10 01:06:16.811,7.97776,7.98037,1.00,1.00
2017.10.10 01:06:16.862,7.97787,7.98038,1.00,1.00
2017.10.10 01:06:17.014,7.97776,7.98038,1.00,1.00
2017.10.10 01:06:17.150,7.97782,7.98037,1.00,1.00
2017.10.10 01:06:18.046,7.97789,7.98038,1.00,1.00
2017.10.10 01:06:18.745,7.9779,7.98038,1.00,1.00
2017.10.10 01:06:19.470,7.97786,7.98038,1.00,1.00
2017.10.10 01:06:20.708,7.97786,7.98037,1.00,1.00
2017.10.10 01:06:21.755,7.97785,7.98038,1.00,1.00
2017.10.10 01:06:22.752,7.97788,7.98038,1.00,1.00
2017.10.10 01:06:23.297,7.97794,7.98038,1.00,1.00
2017.10.10 01:06:24.196,7.97793,7.98038,1.00,1.00
2017.10.10 01:06:24.303,7.97783,7.98038,1.00,1.00
2017.10.10 01:06:24.354,7.97778,7.98037,1.00,1.00
2017.10.10 01:06:24.405,7.97778,7.98027,1.00,1.00
2017.10.10 01:06:24.852,7.97765,7.98027,1.19,1.00
2017.10.10 01:06:25.040,7.97765,7.98027,1.00,1.00
2017.10.10 01:06:25.091,7.9776,7.98027,1.00,1.00
2017.10.10 01:06:26.204,7.97763,7.98027,1.00,1.50
2017.10.10 01:06:27.948,7.97769,7.98027,1.00,1.00
2017.10.10 01:06:29.719,7.97765,7.98027,1.00,1.00
2017.10.10 01:06:29.821,7.97775,7.98017,1.00,1.00
2017.10.10 01:06:30.335,7.97775,7.98012,1.00,1.00
2017.10.10 01:06:30.861,7.97766,7.97994,1.00,1.00
2017.10.10 01:06:31.128,7.97752,7.98008,1.19,1.37
2017.10.10 01:06:31.179,7.97748,7.98007,1.00,1.37
2017.10.10 01:06:31.251,7.97748,7.97985,1.00,1.00
2017.10.10 01:06:31.606,7.97748,7.98008,1.00,2.17
2017.10.10 01:06:32.235,7.97743,7.98003,1.00,1.37
2017.10.10 01:06:32.286,7.97732,7.97989,1.00,1.37
2017.10.10 01:06:32.337,7.97742,7.97981,1.00,1.00
2017.10.10 01:06:32.423,7.97732,7.97974,1.00,1.00
2017.10.10 01:06:32.475,7.97713,7.97964,1.50,1.00
2017.10.10 01:06:32.527,7.97722,7.97964,1.00,1.00
2017.10.10 01:06:33.833,7.97722,7.97963,1.00,1.00
2017.10.10 01:06:35.506,7.97732,7.97963,1.00,1.00
2017.10.10 01:06:36.404,7.97692,7.97945,1.00,1.00
2017.10.10 01:06:36.455,7.97702,7.97953,1.00,1.00
2017.10.10 01:06:36.546,7.97702,7.97963,1.00,1.19
2017.10.10 01:06:36.599,7.97698,7.97964,1.00,1.00
2017.10.10 01:06:36.650,7.97674,7.97937,1.00,1.00
2017.10.10 01:06:36.904,7.97669,7.97934,1.00,1.00
2017.10.10 01:06:36.954,7.97652,7.97909,1.00,1.00
2017.10.10 01:06:37.056,7.97652,7.97918,1.00,1.00
2017.10.10 01:06:37.157,7.97663,7.97917,1.00,1.00
2017.10.10 01:06:37.208,7.97649,7.97914,1.00,1.00
2017.10.10 01:06:37.370,7.97671,7.97917,1.00,1.00
2017.10.10 01:06:37.674,7.97684,7.97918,1.00,1.00
2017.10.10 01:06:37.725,7.9768,7.97918,1.00,1.00
2017.10.10 01:06:38.265,7.9768,7.97917,1.00,1.00
2017.10.10 01:06:38.394,7.97666,7.97917,1.00,1.00
2017.10.10 01:06:38.445,7.97657,7.97917,1.00,1.00
2017.10.10 01:06:38.974,7.97652,7.97918,1.00,1.00
2017.10.10 01:06:40.131,7.97642,7.9791,1.69,1.00
2017.10.10 01:06:40.182,7.97652,7.97912,1.00,1.00
2017.10.10 01:06:40.334,7.97657,7.97918,1.00,1.00
2017.10.10 01:06:40.385,7.97648,7.97916,1.00,1.00
2017.10.10 01:06:40.767,7.97652,7.97915,1.00,1.00
2017.10.10 01:06:41.306,7.97652,7.97911,1.00,1.00
2017.10.10 01:06:41.357,7.97652,7.97914,1.00,1.00
2017.10.10 01:06:41.410,7.97652,7.97918,1.50,1.00
2017.10.10 01:06:42.099,7.97656,7.97917,1.00,1.00
2017.10.10 01:06:43.199,7.97659,7.97917,1.00,1.00
2017.10.10 01:06:43.586,7.97671,7.97918,1.00,1.00
2017.10.10 01:06:44.164,7.97671,7.97917,1.00,1.00
2017.10.10 01:06:44.215,7.97656,7.97918,1.00,1.00
2017.10.10 01:06:44.266,7.97652,7.97917,1.00,1.00
2017.10.10 01:06:45.296,7.97655,7.97918,1.00,1.00
2017.10.10 01:06:51.754,7.97665,7.97918,1.00,1.00
2017.10.10 01:06:51.855,7.97662,7.97918,1.00,1.00
2017.10.10 01:06:52.812,7.97661,7.97918,1.00,1.00
2017.10.10 01:06:53.720,7.97653,7.97918,1.00,1.00
2017.10.10 01:06:53.772,7.97652,7.97897,1.00,1.00
2017.10.10 01:06:53.873,7.97644,7.97897,1.00,1.00
2017.10.10 01:06:53.924,7.9763,7.97897,1.00,1.00
2017.10.10 01:06:55.666,7.97624,7.97891,1.00,1.00
2017.10.10 01:06:55.996,7.97601,7.97866,1.00,1.00
2017.10.10 01:06:56.300,7.97573,7.97833,1.00,1.00
2017.10.10 01:06:56.640,7.97612,7.97837,1.00,1.00
2017.10.10 01:06:56.691,7.97602,7.97837,1.00,1.00
2017.10.10 01:06:56.849,7.97592,7.97837,1.00,1.00
2017.10.10 01:06:56.901,7.97598,7.97837,1.00,1.00
2017.10.10 01:06:57.411,7.97592,7.97836,1.00,1.00
2017.10.10 01:06:57.960,7.97592,7.97837,1.00,1.00
2017.10.10 01:06:58.835,7.97588,7.97837,1.00,1.00
2017.10.10 01:06:59.331,7.9759,7.97837,1.00,1.00
2017.10.10 01:06:59.433,7.9758,7.97837,1.00,1.00
2017.10.10 01:06:59.775,7.97567,7.97835,1.00,1.00
2017.10.10 01:06:59.995,7.97563,7.9783,1.50,1.00
2017.10.10 01:07:00.300,7.97548,7.97816,1.00,1.12
2017.10.10 01:07:00.351,7.97562,7.97817,1.00,1.09
2017.10.10 01:07:00.401,7.97559,7.97817,1.00,1.09
2017.10.10 01:07:00.452,7.97545,7.97813,1.00,1.19
2017.10.10 01:07:00.503,7.97553,7.97817,1.00,1.09
2017.10.10 01:07:00.694,7.97538,7.97805,1.00,1.00
2017.10.10 01:07:00.897,7.97532,7.978,1.50,1.00
2017.10.10 01:07:01.468,7.97522,7.97802,1.00,1.25
2017.10.10 01:07:01.519,7.97522,7.97802,1.00,1.19
2017.10.10 01:07:01.866,7.97479,7.97747,1.00,1.50
2017.10.10 01:07:02.171,7.97502,7.97746,1.00,1.00
2017.10.10 01:07:02.281,7.97492,7.97746,1.00,1.00
2017.10.10 01:07:02.333,7.97484,7.97747,1.25,1.00
2017.10.10 01:07:02.385,7.97496,7.97746,1.00,1.00
2017.10.10 01:07:02.588,7.97486,7.97747,1.00,1.00
2017.10.10 01:07:02.696,7.97481,7.97746,1.00,1.00
2017.10.10 01:07:02.936,7.97492,7.97746,1.00,1.00
2017.10.10 01:07:03.143,7.97489,7.97747,1.00,1.00
2017.10.10 01:07:03.194,7.97485,7.97746,1.00,1.00
2017.10.10 01:07:03.320,7.97489,7.97747,1.00,1.00
2017.10.10 01:07:03.918,7.97491,7.97747,1.00,1.00
2017.10.10 01:07:04.222,7.97507,7.97746,1.00,1.00
2017.10.10 01:07:04.674,7.97503,7.97747,1.00,1.00
2017.10.10 01:07:05.159,7.97499,7.97746,1.00,1.00
2017.10.10 01:07:05.674,7.97499,7.97747,1.00,1.00
2017.10.10 01:07:05.803,7.97513,7.97747,1.00,1.00
2017.10.10 01:07:05.854,7.97511,7.97747,1.00,1.00
2017.10.10 01:07:05.956,7.975,7.97746,1.00,1.00
2017.10.10 01:07:06.007,7.97492,7.97747,1.50,1.00
2017.10.10 01:07:06.108,7.97497,7.97747,1.00,1.00
2017.10.10 01:07:06.703,7.97497,7.97746,1.00,1.00
2017.10.10 01:07:06.755,7.97493,7.97747,1.00,1.00
2017.10.10 01:07:07.353,7.97499,7.97747,1.00,1.00
2017.10.10 01:07:08.250,7.975,7.97747,1.00,1.00
2017.10.10 01:07:11.079,7.97495,7.97747,1.00,1.00
2017.10.10 01:07:11.180,7.97492,7.97747,1.00,1.00
2017.10.10 01:07:12.182,7.97491,7.97747,1.00,1.00
2017.10.10 01:07:14.360,7.97492,7.97747,1.00,1.00
2017.10.10 01:07:15.356,7.9749,7.97747,1.00,1.00
2017.10.10 01:07:22.872,7.97489,7.97747,1.00,1.00
2017.10.10 01:07:30.367,7.97488,7.97704,1.00,1.00
2017.10.10 01:07:30.626,7.97474,7.97705,1.00,1.00
2017.10.10 01:07:31.476,7.97474,7.97704,1.00,1.00
2017.10.10 01:07:36.956,7.97474,7.97705,1.00,1.00
2017.10.10 01:07:37.902,7.97477,7.97705,1.00,1.00
2017.10.10 01:07:38.780,7.97479,7.97705,1.00,1.00
2017.10.10 01:07:38.881,7.97482,7.97715,1.00,1.00
2017.10.10 01:07:38.933,7.97502,7.97759,1.00,1.30
2017.10.10 01:07:39.085,7.97492,7.97759,1.50,1.00
2017.10.10 01:07:39.614,7.97496,7.97762,1.00,1.00
2017.10.10 01:07:39.819,7.97493,7.97762,1.00,1.00
2017.10.10 01:07:39.974,7.97493,7.97763,1.00,1.30
2017.10.10 01:07:40.302,7.97512,7.97715,1.00,1.00
2017.10.10 01:07:40.992,7.97504,7.97715,1.00,1.00
2017.10.10 01:07:41.043,7.97494,7.97715,1.00,1.00
2017.10.10 01:07:41.144,7.97494,7.97725,1.00,1.00
2017.10.10 01:07:41.195,7.97489,7.97725,1.00,1.30
2017.10.10 01:07:41.793,7.97489,7.97788,1.00,1.67
2017.10.10 01:07:41.927,7.97489,7.97763,1.00,1.00
2017.10.10 01:07:44.421,7.97492,7.97763,1.00,1.00
2017.10.10 01:07:45.417,7.97501,7.97762,1.00,1.00
2017.10.10 01:07:45.831,7.97493,7.97763,1.00,1.00
2017.10.10 01:07:45.943,7.97488,7.97743,1.00,1.30
2017.10.10 01:07:46.246,7.97494,7.97764,1.00,1.37
2017.10.10 01:07:50.124,7.97509,7.97705,1.00,1.00
2017.10.10 01:07:50.175,7.97505,7.97705,1.00,1.00
2017.10.10 01:07:50.226,7.97491,7.97705,1.00,1.00
2017.10.10 01:07:50.276,7.97494,7.97705,1.00,1.00
2017.10.10 01:07:50.435,7.97488,7.97705,1.00,1.00
2017.10.10 01:07:50.609,7.97483,7.97705,1.00,1.00
2017.10.10 01:07:50.660,7.97474,7.97704,1.00,1.00
2017.10.10 01:07:50.867,7.97471,7.97704,1.00,1.00
2017.10.10 01:07:50.969,7.97476,7.97704,1.00,1.00
2017.10.10 01:07:51.020,7.97474,7.97705,1.00,1.00
2017.10.10 01:07:51.346,7.97469,7.97705,1.00,1.00
2017.10.10 01:07:51.533,7.97466,7.97704,1.00,1.00
2017.10.10 01:07:51.936,7.97469,7.97704,1.00,1.00
2017.10.10 01:07:52.932,7.97471,7.97705,1.00,1.00
2017.10.10 01:07:53.303,7.97485,7.97705,1.00,1.00
2017.10.10 01:07:53.404,7.97479,7.97705,1.00,1.00
2017.10.10 01:07:53.455,7.97487,7.97705,1.00,1.00
2017.10.10 01:07:53.506,7.97481,7.97705,1.00,1.00
2017.10.10 01:07:53.557,7.97473,7.97705,1.00,1.00
2017.10.10 01:07:54.439,7.97476,7.97705,1.00,1.00
2017.10.10 01:07:54.618,7.97471,7.97705,1.00,1.00
2017.10.10 01:07:54.669,7.97477,7.97705,1.00,1.00
2017.10.10 01:07:54.720,7.97471,7.97705,1.00,1.00
2017.10.10 01:07:54.821,7.97467,7.97705,1.00,1.00
2017.10.10 01:07:55.047,7.97469,7.97705,1.00,1.00
2017.10.10 01:07:56.040,7.97471,7.97705,1.00,1.00
2017.10.10 01:07:58.182,7.97479,7.97705,1.00,1.00
2017.10.10 01:07:59.451,7.97482,7.97705,1.00,1.00
2017.10.10 01:08:00.446,7.9748,7.97705,1.00,1.00
2017.10.10 01:08:01.506,7.97466,7.97704,1.00,1.00
2017.10.10 01:08:01.613,7.97459,7.97705,1.00,1.00
2017.10.10 01:08:01.972,7.97452,7.97705,1.00,1.00
2017.10.10 01:08:02.567,7.97455,7.97705,1.00,1.00
2017.10.10 01:08:02.618,7.97451,7.97705,1.00,1.00
2017.10.10 01:08:06.965,7.97454,7.97705,1.00,1.00
2017.10.10 01:08:07.962,7.97457,7.97705,1.00,1.00
2017.10.10 01:08:09.799,7.97457,7.97704,1.00,1.00
2017.10.10 01:08:12.120,7.97457,7.97705,1.00,1.00
2017.10.10 01:08:13.159,7.97447,7.97705,1.00,1.00
2017.10.10 01:08:13.210,7.97443,7.97705,1.00,1.00
2017.10.10 01:08:13.261,7.97447,7.97705,1.00,1.00
2017.10.10 01:08:14.481,7.97456,7.97705,1.00,1.00
2017.10.10 01:08:14.903,7.97454,7.97705,1.00,1.00
2017.10.10 01:08:15.009,7.97466,7.97705,1.00,1.00
2017.10.10 01:08:15.326,7.97457,7.97705,1.00,1.00
2017.10.10 01:08:15.377,7.97467,7.97705,1.00,1.00
2017.10.10 01:08:15.509,7.97458,7.97705,1.00,1.00
2017.10.10 01:08:16.368,7.97458,7.97704,1.00,1.00
2017.10.10 01:08:16.419,7.97454,7.97705,1.00,1.00
2017.10.10 01:08:16.623,7.9746,7.97705,1.00,1.00
2017.10.10 01:08:19.802,7.9746,7.97704,1.00,1.00
2017.10.10 01:08:21.995,7.97461,7.97704,1.00,1.00
2017.10.10 01:08:23.711,7.97461,7.97705,1.00,1.00
2017.10.10 01:08:29.510,7.97462,7.97705,1.00,1.00
2017.10.10 01:08:30.664,7.97452,7.97705,1.00,1.00
2017.10.10 01:08:32.444,7.97457,7.97705,1.00,1.00
2017.10.10 01:08:32.802,7.97477,7.97705,1.00,1.00
2017.10.10 01:08:32.853,7.97466,7.97705,1.00,1.00
2017.10.10 01:08:33.533,7.97466,7.97704,1.00,1.00
2017.10.10 01:08:34.288,7.97466,7.97705,1.00,1.00
2017.10.10 01:08:35.476,7.97459,7.97705,1.00,1.00
2017.10.10 01:08:35.527,7.97456,7.97705,1.00,1.00
2017.10.10 01:08:35.629,7.97451,7.97705,1.00,1.00
2017.10.10 01:08:35.681,7.9746,7.97705,1.00,1.00
2017.10.10 01:08:35.732,7.97447,7.97705,1.00,1.00
2017.10.10 01:08:35.783,7.97443,7.97705,1.00,1.00
2017.10.10 01:08:35.834,7.97455,7.97704,1.00,1.00
2017.10.10 01:08:37.025,7.97447,7.97704,1.00,1.00
2017.10.10 01:08:38.044,7.97445,7.97704,1.00,1.00
2017.10.10 01:08:39.352,7.97455,7.97705,1.00,1.00
2017.10.10 01:08:40.643,7.97448,7.97705,1.00,1.00
2017.10.10 01:08:40.694,7.9743,7.97693,1.00,1.00
2017.10.10 01:08:40.745,7.97432,7.97693,1.00,1.00
2017.10.10 01:08:40.796,7.97429,7.97694,1.00,1.00
2017.10.10 01:08:40.847,7.97429,7.97694,1.00,1.37
2017.10.10 01:08:40.898,7.97419,7.97686,1.00,1.00
2017.10.10 01:08:41.210,7.97419,7.97686,1.00,1.37
2017.10.10 01:08:41.261,7.97405,7.97667,1.00,1.00
2017.10.10 01:08:41.411,7.974,7.97667,1.00,1.50
2017.10.10 01:08:41.585,7.97398,7.97657,1.00,1.00
2017.10.10 01:08:41.637,7.97394,7.97657,1.00,1.00
2017.10.10 01:08:42.009,7.97408,7.97657,1.00,1.00
2017.10.10 01:08:42.333,7.97412,7.97657,1.00,1.00
2017.10.10 01:08:42.482,7.97409,7.97657,1.00,1.00
2017.10.10 01:08:42.869,7.97403,7.97657,1.00,1.00
2017.10.10 01:08:43.936,7.97395,7.97657,1.00,1.00
2017.10.10 01:08:44.291,7.97405,7.97656,1.00,1.00
2017.10.10 01:08:44.540,7.97401,7.97657,1.00,1.00
2017.10.10 01:08:45.229,7.97396,7.97657,1.00,1.00
2017.10.10 01:08:45.331,7.97366,7.97657,1.19,1.00
2017.10.10 01:08:45.382,7.97378,7.97646,1.00,1.00
2017.10.10 01:08:45.433,7.97358,7.97649,1.19,1.00
2017.10.10 01:08:45.484,7.97388,7.97638,1.00,1.00
2017.10.10 01:08:45.780,7.97385,7.97638,1.00,1.00
2017.10.10 01:08:45.831,7.97393,7.97638,1.00,1.00
2017.10.10 01:08:45.882,7.97389,7.97638,1.00,1.00
2017.10.10 01:08:46.273,7.97395,7.97638,1.00,1.00
2017.10.10 01:08:46.324,7.97391,7.97638,1.00,1.00
2017.10.10 01:08:46.676,7.97385,7.97638,1.00,1.00
2017.10.10 01:08:46.727,7.97389,7.97638,1.00,1.00
2017.10.10 01:08:47.229,7.97396,7.97638,1.00,1.00
2017.10.10 01:08:47.607,7.97401,7.97638,1.00,1.00
2017.10.10 01:08:48.261,7.97404,7.97638,1.00,1.00
2017.10.10 01:08:48.463,7.97396,7.97638,1.00,1.00
2017.10.10 01:08:48.571,7.97387,7.97638,1.00,1.00
2017.10.10 01:08:48.622,7.974,7.97638,1.00,1.00
2017.10.10 01:08:48.825,7.97394,7.97638,1.00,1.00
2017.10.10 01:08:49.424,7.97394,7.97637,1.00,1.00
2017.10.10 01:08:50.634,7.97394,7.97638,1.00,1.00
2017.10.10 01:08:51.335,7.97403,7.97637,1.00,1.00
2017.10.10 01:08:51.695,7.97412,7.97638,1.00,1.00
2017.10.10 01:08:52.055,7.97414,7.97638,1.00,1.00
2017.10.10 01:08:52.516,7.97405,7.97637,1.00,1.00
2017.10.10 01:08:52.668,7.97407,7.97637,1.00,1.00
2017.10.10 01:08:52.977,7.97411,7.97638,1.00,1.00
2017.10.10 01:08:54.037,7.97411,7.97637,1.00,1.00
2017.10.10 01:08:55.243,7.97411,7.97638,1.00,1.00
2017.10.10 01:08:57.844,7.97411,7.97637,1.00,1.00
2017.10.10 01:08:59.658,7.97424,7.97637,1.00,1.00
2017.10.10 01:08:59.759,7.9744,7.97668,1.00,1.00
2017.10.10 01:08:59.810,7.97456,7.97689,1.00,1.00
2017.10.10 01:08:59.963,7.97456,7.97694,1.00,1.75
2017.10.10 01:09:00.102,7.97471,7.97694,1.00,1.75
2017.10.10 01:09:00.153,7.97471,7.97694,1.00,1.00
2017.10.10 01:09:00.204,7.97479,7.97694,1.00,1.00
2017.10.10 01:09:00.306,7.97474,7.97694,1.00,1.00
2017.10.10 01:09:00.357,7.97482,7.97694,1.00,1.00
2017.10.10 01:09:00.408,7.97474,7.97694,1.00,1.00
2017.10.10 01:09:00.510,7.97462,7.97694,1.00,1.00
2017.10.10 01:09:00.875,7.97473,7.97693,1.00,1.00
2017.10.10 01:09:00.995,7.97453,7.97694,1.19,1.00
2017.10.10 01:09:01.046,7.97463,7.97693,1.00,1.00
2017.10.10 01:09:01.363,7.97472,7.97694,1.00,1.00
2017.10.10 01:09:01.831,7.97463,7.97694,1.00,1.00
2017.10.10 01:09:04.095,7.97462,7.97694,1.00,1.00
2017.10.10 01:09:07.458,7.97462,7.97693,1.00,1.00
2017.10.10 01:09:07.509,7.97452,7.97693,1.00,1.00
2017.10.10 01:09:07.779,7.97441,7.97684,1.00,1.00
2017.10.10 01:09:07.884,7.97437,7.97684,1.00,1.00
2017.10.10 01:09:07.936,7.97443,7.97683,1.00,1.00
2017.10.10 01:09:08.439,7.97443,7.97684,1.00,1.00
2017.10.10 01:09:09.028,7.97443,7.97683,1.00,1.00
2017.10.10 01:09:10.008,7.97447,7.97684,1.00,1.00
2017.10.10 01:09:10.312,7.97459,7.97684,1.00,1.00
2017.10.10 01:09:10.514,7.97452,7.97684,1.50,1.00
2017.10.10 01:09:10.615,7.97441,7.97684,1.00,1.00
2017.10.10 01:09:11.436,7.97441,7.97683,1.00,1.00
2017.10.10 01:09:11.730,7.97436,7.97683,1.00,1.00
2017.10.10 01:09:11.832,7.97429,7.97684,1.00,1.00
2017.10.10 01:09:11.883,7.97443,7.97684,1.00,1.00
2017.10.10 01:09:11.984,7.97438,7.97684,1.00,1.00
2017.10.10 01:09:12.196,7.97448,7.97684,1.00,1.00
2017.10.10 01:09:12.789,7.97442,7.97683,1.00,1.00
2017.10.10 01:09:13.877,7.97452,7.97683,1.00,1.00
2017.10.10 01:09:13.928,7.97445,7.97684,1.00,1.00
2017.10.10 01:09:14.030,7.97449,7.97684,1.00,1.00
2017.10.10 01:09:14.166,7.97446,7.97684,1.00,1.00
2017.10.10 01:09:14.218,7.97442,7.97684,1.00,1.00
2017.10.10 01:09:14.321,7.9744,7.97684,1.00,1.00
2017.10.10 01:09:15.596,7.97435,7.97684,1.00,1.00
2017.10.10 01:09:16.381,7.97443,7.97683,1.00,1.00
2017.10.10 01:09:17.444,7.97443,7.97684,1.00,1.00
2017.10.10 01:09:18.815,7.97443,7.97683,1.00,1.00
2017.10.10 01:09:20.381,7.9744,7.97684,1.00,1.00
2017.10.10 01:09:20.454,7.97444,7.97684,1.00,1.00
2017.10.10 01:09:22.115,7.97448,7.97684,1.00,1.00
2017.10.10 01:09:22.823,7.97443,7.97684,1.00,1.00
2017.10.10 01:09:23.939,7.97448,7.97683,1.00,1.00
2017.10.10 01:09:24.266,7.97466,7.97683,1.00,1.00
2017.10.10 01:09:24.317,7.97458,7.97683,1.00,1.00
2017.10.10 01:09:25.277,7.97462,7.97684,1.00,1.00
2017.10.10 01:09:25.381,7.97458,7.97684,1.00,1.00
2017.10.10 01:09:29.704,7.97459,7.97684,1.00,1.00
2017.10.10 01:09:30.216,7.97459,7.97683,1.00,1.00
2017.10.10 01:09:30.626,7.97461,7.97683,1.00,1.00
2017.10.10 01:09:31.874,7.97462,7.97684,1.00,1.00
2017.10.10 01:09:35.379,7.97492,7.97683,1.00,1.00
2017.10.10 01:09:35.431,7.97462,7.97684,1.00,1.00
2017.10.10 01:09:35.482,7.97472,7.97684,1.00,1.00
2017.10.10 01:09:35.533,7.97463,7.97684,1.00,1.00
2017.10.10 01:09:35.584,7.97473,7.97683,1.00,1.00
2017.10.10 01:09:35.686,7.97462,7.97684,1.00,1.00
2017.10.10 01:09:35.949,7.97472,7.97684,1.00,1.00
2017.10.10 01:09:36.674,7.97482,7.97684,1.00,1.00
2017.10.10 01:09:37.196,7.97482,7.97683,1.00,1.00
2017.10.10 01:09:37.449,7.97472,7.97683,1.00,1.00
2017.10.10 01:09:38.193,7.97472,7.97684,1.00,1.00
2017.10.10 01:09:39.073,7.97483,7.97684,1.00,1.00
2017.10.10 01:09:39.246,7.97472,7.97684,1.00,1.00
2017.10.10 01:09:39.348,7.97462,7.97684,1.00,1.00
2017.10.10 01:09:39.450,7.97453,7.97683,1.00,1.00
2017.10.10 01:09:39.648,7.97462,7.97684,1.00,1.00
2017.10.10 01:09:40.158,7.97462,7.97683,1.00,1.00
2017.10.10 01:09:40.225,7.97452,7.97683,1.00,1.00
2017.10.10 01:09:40.276,7.97432,7.97684,1.00,1.50
2017.10.10 01:09:40.604,7.97432,7.97678,1.00,1.00
2017.10.10 01:09:40.706,7.97423,7.97678,1.00,1.00
2017.10.10 01:09:41.576,7.97423,7.97678,1.00,1.19
2017.10.10 01:09:41.627,7.97412,7.9767,1.00,1.00
2017.10.10 01:09:41.678,7.97412,7.97662,1.00,1.00
2017.10.10 01:09:41.895,7.97393,7.97651,1.00,1.00
2017.10.10 01:09:42.631,7.97392,7.97651,1.00,1.00
2017.10.10 01:09:45.656,7.97392,7.97652,1.00,1.00
2017.10.10 01:09:50.582,7.97402,7.9766,1.00,1.00
2017.10.10 01:09:51.372,7.97402,7.97659,1.00,1.00
2017.10.10 01:09:51.485,7.97393,7.97652,1.00,1.00
2017.10.10 01:09:51.958,7.97393,7.97658,1.00,1.00
2017.10.10 01:09:56.084,7.97401,7.97667,1.00,1.31
2017.10.10 01:09:56.453,7.97422,7.97667,1.00,1.00
2017.10.10 01:09:56.959,7.97417,7.97667,1.00,1.37
2017.10.10 01:09:57.185,7.97422,7.97666,1.00,1.12
2017.10.10 01:09:58.429,7.97422,7.97667,1.00,1.00
2017.10.10 01:09:59.886,7.97432,7.97667,1.00,1.00
2017.10.10 01:10:00.511,7.97432,7.97666,1.00,1.00
2017.10.10 01:10:01.105,7.97432,7.97667,1.00,1.00
2017.10.10 01:10:01.633,7.97432,7.97666,1.00,1.00
2017.10.10 01:10:02.251,7.97432,7.97667,1.00,1.00
2017.10.10 01:10:02.554,7.97443,7.97667,1.00,1.00
2017.10.10 01:10:02.882,7.97432,7.97667,1.00,1.00
2017.10.10 01:10:03.478,7.97432,7.97666,1.00,1.00
2017.10.10 01:10:04.258,7.97432,7.97667,1.50,1.00
2017.10.10 01:10:04.673,7.97442,7.97667,1.00,1.00
2017.10.10 01:10:06.174,7.97452,7.97667,1.00,1.00
2017.10.10 01:10:06.721,7.97442,7.97667,1.00,1.00
2017.10.10 01:10:07.829,7.97453,7.97667,1.00,1.00
2017.10.10 01:10:09.183,7.97453,7.97666,1.00,1.00
2017.10.10 01:10:09.493,7.97462,7.97667,1.00,1.00
2017.10.10 01:10:10.188,7.97462,7.97666,1.00,1.00
2017.10.10 01:10:10.239,7.97453,7.97666,1.00,1.00
2017.10.10 01:10:10.943,7.97453,7.97667,1.00,1.00
2017.10.10 01:10:13.370,7.97432,7.97666,1.00,1.00
2017.10.10 01:10:13.903,7.97432,7.97667,1.00,1.00
2017.10.10 01:10:14.716,7.97433,7.97667,1.00,1.00
2017.10.10 01:10:19.354,7.97423,7.97667,1.25,1.00
2017.10.10 01:10:19.555,7.97431,7.97667,1.00,1.00
2017.10.10 01:10:19.858,7.97452,7.97667,1.00,1.00
2017.10.10 01:10:20.258,7.97442,7.97666,1.50,1.00
2017.10.10 01:10:20.855,7.97442,7.97667,1.50,1.00
2017.10.10 01:10:22.231,7.97436,7.97667,1.00,1.00
2017.10.10 01:10:23.227,7.97437,7.97666,1.00,1.00
2017.10.10 01:10:25.238,7.97437,7.97667,1.00,1.00
2017.10.10 01:10:25.289,7.97442,7.97667,1.00,1.00
2017.10.10 01:10:25.630,7.97439,7.97666,1.00,1.00
2017.10.10 01:10:25.832,7.97437,7.97667,1.00,1.00
2017.10.10 01:10:28.097,7.97432,7.97667,1.00,1.00
2017.10.10 01:10:30.742,7.97433,7.97667,1.00,1.00
2017.10.10 01:10:36.614,7.97428,7.97667,1.00,1.00
2017.10.10 01:10:39.184,7.97432,7.97667,1.00,1.00
2017.10.10 01:10:39.837,7.97432,7.97666,1.00,1.00
2017.10.10 01:10:42.708,7.97431,7.97666,1.00,1.00
2017.10.10 01:10:44.776,7.9743,7.97666,1.00,1.00
2017.10.10 01:10:45.267,7.97443,7.97666,1.00,1.00
2017.10.10 01:10:50.396,7.97432,7.97667,1.00,1.00
2017.10.10 01:10:51.000,7.97433,7.97667,1.00,1.00
2017.10.10 01:10:52.913,7.97423,7.97667,1.00,1.00
2017.10.10 01:10:53.034,7.97432,7.97667,1.00,1.00
2017.10.10 01:10:53.085,7.97419,7.97667,1.00,1.00
2017.10.10 01:10:53.137,7.97412,7.97666,1.50,1.00
2017.10.10 01:10:53.290,7.97421,7.97667,1.00,1.00
2017.10.10 01:10:54.352,7.97422,7.97667,1.00,1.00
2017.10.10 01:10:54.869,7.97421,7.97667,1.00,1.00
2017.10.10 01:10:58.666,7.97425,7.97667,1.00,1.00
2017.10.10 01:10:59.238,7.97425,7.97666,1.00,1.00
2017.10.10 01:10:59.357,7.97414,7.97667,1.00,1.00
2017.10.10 01:11:00.678,7.97409,7.97667,1.00,1.00
2017.10.10 01:11:00.836,7.97415,7.97666,1.00,1.00
2017.10.10 01:11:01.158,7.97423,7.97666,1.00,1.00
2017.10.10 01:11:01.362,7.97421,7.97667,1.00,1.00
2017.10.10 01:11:07.321,7.9742,7.97667,1.00,1.00
2017.10.10 01:11:08.171,7.97415,7.97667,1.00,1.00
2017.10.10 01:11:08.222,7.97407,7.97667,1.00,1.00
2017.10.10 01:11:08.323,7.97402,7.97667,1.00,1.00
2017.10.10 01:11:08.533,7.97392,7.97659,1.50,1.00
2017.10.10 01:11:08.649,7.97399,7.97664,1.00,1.19
2017.10.10 01:11:08.952,7.97412,7.97667,1.00,1.00
2017.10.10 01:11:09.110,7.97408,7.97667,1.00,1.00
2017.10.10 01:11:09.721,7.97401,7.97667,1.00,1.50
2017.10.10 01:11:09.883,7.97401,7.97667,1.00,1.69
2017.10.10 01:11:11.296,7.97397,7.97663,1.00,1.25
2017.10.10 01:11:12.964,7.97391,7.97658,1.00,1.00
2017.10.10 01:11:13.847,7.97379,7.97644,1.19,1.00
2017.10.10 01:11:13.898,7.97373,7.9764,1.00,1.00
2017.10.10 01:11:14.000,7.97368,7.97635,1.00,1.00
2017.10.10 01:11:14.132,7.97374,7.97642,1.00,1.00
2017.10.10 01:11:14.381,7.97384,7.97651,1.00,1.37
2017.10.10 01:11:14.516,7.97384,7.97651,1.00,1.00
2017.10.10 01:11:14.820,7.97384,7.97651,1.00,1.19
2017.10.10 01:11:14.922,7.97386,7.97653,1.00,1.25
2017.10.10 01:11:15.296,7.9738,7.97648,1.00,1.00
2017.10.10 01:11:15.347,7.9738,7.97648,1.00,1.19
2017.10.10 01:11:17.041,7.9738,7.97648,1.00,1.19
2017.10.10 01:11:17.116,7.97376,7.97641,1.00,1.00
2017.10.10 01:11:22.351,7.97377,7.97642,1.00,1.00
2017.10.10 01:11:28.007,7.9738,7.97648,1.00,1.31
2017.10.10 01:11:32.846,7.97374,7.97639,1.00,1.00
2017.10.10 01:11:36.812,7.97361,7.97629,1.19,1.00
2017.10.10 01:11:36.912,7.97348,7.97633,1.00,1.25
2017.10.10 01:11:36.964,7.97349,7.97617,1.00,1.00
2017.10.10 01:11:37.273,7.97351,7.97619,1.00,1.00
2017.10.10 01:11:37.923,7.97348,7.97616,1.00,1.00
2017.10.10 01:11:38.253,7.97348,7.97616,1.00,1.19
2017.10.10 01:11:38.534,7.97344,7.97611,1.00,1.00
2017.10.10 01:11:38.585,7.97314,7.97597,1.00,1.19
2017.10.10 01:11:38.636,7.97314,7.97576,1.00,1.19
2017.10.10 01:11:38.687,7.97314,7.97581,1.50,1.00
2017.10.10 01:11:38.738,7.97327,7.97594,1.00,1.19
2017.10.10 01:11:38.789,7.97316,7.97582,1.00,1.00
2017.10.10 01:11:38.840,7.97314,7.97578,1.00,1.00
2017.10.10 01:11:39.042,7.97304,7.97571,1.00,1.00
2017.10.10 01:11:39.277,7.97292,7.9756,1.00,1.19
2017.10.10 01:11:39.738,7.97297,7.97564,1.00,1.19
2017.10.10 01:11:40.339,7.97293,7.9756,1.00,1.00
2017.10.10 01:11:40.756,7.97301,7.97569,1.00,1.19
2017.10.10 01:11:40.807,7.97301,7.97569,1.00,1.00
2017.10.10 01:11:40.936,7.97309,7.97576,1.00,1.19
2017.10.10 01:11:41.243,7.97323,7.97577,1.00,1.00
2017.10.10 01:11:42.887,7.97319,7.97577,1.00,1.00
2017.10.10 01:11:42.938,7.97311,7.97576,1.00,1.19
2017.10.10 01:11:43.100,7.97305,7.97572,1.00,1.00
2017.10.10 01:11:43.319,7.9731,7.97577,1.00,1.69
2017.10.10 01:11:43.662,7.97328,7.97577,1.00,1.00
2017.10.10 01:11:43.713,7.97321,7.97577,1.00,1.00
2017.10.10 01:11:44.075,7.97317,7.97577,1.00,1.00
2017.10.10 01:11:44.176,7.97311,7.97576,1.00,1.00
2017.10.10 01:11:44.227,7.97308,7.97575,1.00,1.00
2017.10.10 01:11:44.278,7.97304,7.97571,1.00,1.00
2017.10.10 01:11:44.394,7.973,7.97568,1.00,1.00
2017.10.10 01:11:44.578,7.973,7.97568,1.00,1.19
2017.10.10 01:11:45.106,7.97299,7.97566,1.00,1.19
2017.10.10 01:11:45.267,7.97296,7.97564,1.00,1.19
2017.10.10 01:11:45.892,7.97294,7.97562,1.00,1.00
2017.10.10 01:11:46.482,7.97294,7.97559,1.00,1.00
2017.10.10 01:11:47.058,7.9729,7.97557,1.00,1.00
2017.10.10 01:11:47.109,7.9729,7.97557,1.00,1.19
2017.10.10 01:11:47.684,7.97285,7.97552,1.00,1.00
2017.10.10 01:11:47.735,7.97281,7.97548,1.00,1.00
2017.10.10 01:11:48.179,7.97276,7.97543,1.00,1.19
2017.10.10 01:11:48.796,7.97276,7.97543,1.00,1.25
2017.10.10 01:11:50.180,7.97272,7.97539,1.00,1.00
2017.10.10 01:11:50.496,7.97267,7.97534,1.00,1.19
2017.10.10 01:11:52.410,7.97271,7.97538,1.00,1.19
2017.10.10 01:11:52.461,7.97267,7.97534,1.00,1.19
2017.10.10 01:11:52.565,7.97271,7.97538,1.00,1.19
2017.10.10 01:11:52.616,7.97271,7.97538,1.00,1.00
2017.10.10 01:11:52.754,7.97265,7.97532,1.00,1.00
2017.10.10 01:11:53.455,7.97263,7.9753,1.00,1.00
2017.10.10 01:11:53.646,7.97252,7.97529,1.00,1.19
2017.10.10 01:11:53.697,7.97252,7.97515,1.00,1.19
2017.10.10 01:11:53.748,7.97259,7.97525,1.00,1.19
2017.10.10 01:11:53.799,7.97253,7.9752,1.00,1.00
2017.10.10 01:11:53.906,7.97253,7.97512,1.00,1.00
2017.10.10 01:11:54.275,7.97251,7.97512,1.00,1.00
2017.10.10 01:11:54.326,7.97245,7.97512,1.00,1.00
2017.10.10 01:11:54.448,7.97258,7.97512,1.00,1.00
2017.10.10 01:11:54.499,7.97247,7.97512,1.00,1.00
2017.10.10 01:11:54.601,7.97254,7.97512,1.00,1.00
2017.10.10 01:11:54.652,7.9725,7.97512,1.00,1.00
2017.10.10 01:11:54.862,7.97236,7.97504,1.00,1.00
2017.10.10 01:11:54.913,7.97229,7.97496,1.00,1.00
2017.10.10 01:11:55.018,7.97223,7.97491,1.00,1.00
2017.10.10 01:11:55.069,7.97226,7.97492,1.00,1.00
2017.10.10 01:11:55.838,7.97233,7.97499,1.00,1.19
2017.10.10 01:11:55.889,7.97243,7.97511,1.00,1.00
2017.10.10 01:11:55.940,7.97245,7.97512,1.00,1.50
2017.10.10 01:11:56.265,7.97256,7.97512,1.00,1.00
2017.10.10 01:11:57.581,7.97252,7.97512,1.00,1.00
2017.10.10 01:11:58.482,7.97249,7.97512,1.00,1.00
2017.10.10 01:11:58.641,7.9724,7.97508,1.00,1.00
2017.10.10 01:11:58.743,7.9724,7.97508,1.00,1.19
2017.10.10 01:11:58.844,7.97233,7.975,1.00,1.00
2017.10.10 01:11:59.121,7.97228,7.97495,1.00,1.00
2017.10.10 01:11:59.204,7.97231,7.97499,1.00,1.00
2017.10.10 01:11:59.394,7.97235,7.97502,1.00,1.25
2017.10.10 01:11:59.926,7.97236,7.97504,1.00,1.19
2017.10.10 01:12:00.476,7.97236,7.97485,1.00,1.00
2017.10.10 01:12:00.705,7.97222,7.97485,1.00,1.00
2017.10.10 01:12:01.215,7.97226,7.97485,1.00,1.00
2017.10.10 01:12:01.573,7.9724,7.97485,1.00,1.00
2017.10.10 01:12:01.624,7.97217,7.97485,1.00,1.50
2017.10.10 01:12:01.732,7.97231,7.97485,1.00,1.00
2017.10.10 01:12:01.839,7.97223,7.97485,1.00,1.19
2017.10.10 01:12:01.941,7.9722,7.97485,1.00,1.69
2017.10.10 01:12:02.266,7.97213,7.97481,1.37,1.00
2017.10.10 01:12:02.417,7.97218,7.97484,1.00,1.19
2017.10.10 01:12:03.291,7.97213,7.97478,1.00,1.00
2017.10.10 01:12:03.443,7.97199,7.97466,1.00,1.00
2017.10.10 01:12:03.545,7.97202,7.9747,1.00,1.00
2017.10.10 01:12:03.596,7.97208,7.97474,1.00,1.19
2017.10.10 01:12:03.746,7.97199,7.97467,1.00,1.00
2017.10.10 01:12:04.672,7.97195,7.97463,1.00,1.00
2017.10.10 01:12:05.076,7.97193,7.97455,1.00,1.00
2017.10.10 01:12:05.139,7.97188,7.97455,1.00,1.00
2017.10.10 01:12:05.241,7.97195,7.97463,1.00,1.25
2017.10.10 01:12:05.580,7.9719,7.97458,1.00,1.00
2017.10.10 01:12:05.927,7.97182,7.97448,1.00,1.00
2017.10.10 01:12:06.241,7.97183,7.9745,1.00,1.00
2017.10.10 01:12:06.343,7.97196,7.97462,1.00,1.25
2017.10.10 01:12:06.690,7.97183,7.97449,1.00,1.00
2017.10.10 01:12:07.167,7.97179,7.97446,1.00,1.00
2017.10.10 01:12:07.441,7.97184,7.97452,1.00,1.00
2017.10.10 01:12:07.700,7.97178,7.97445,1.00,1.00
2017.10.10 01:12:08.224,7.97178,7.97445,1.00,1.19
2017.10.10 01:12:08.326,7.97191,7.97458,1.00,1.00
2017.10.10 01:12:08.434,7.97186,7.97453,1.00,1.00
2017.10.10 01:12:08.810,7.97191,7.97456,1.00,1.00
2017.10.10 01:12:08.861,7.97195,7.97462,1.00,1.00
2017.10.10 01:12:09.131,7.97214,7.97467,1.00,1.00
2017.10.10 01:12:09.233,7.97211,7.97466,1.00,1.00
2017.10.10 01:12:09.476,7.97221,7.97466,1.00,1.00
2017.10.10 01:12:09.780,7.97228,7.97467,1.00,1.00
2017.10.10 01:12:09.966,7.97216,7.97467,1.19,1.00
2017.10.10 01:12:10.018,7.97216,7.97466,1.00,1.00
2017.10.10 01:12:10.184,7.97204,7.97466,1.19,1.00
2017.10.10 01:12:10.235,7.97204,7.97466,1.00,1.00
2017.10.10 01:12:10.832,7.972,7.97466,1.00,1.00
2017.10.10 01:12:11.013,7.97205,7.97466,1.00,1.00
2017.10.10 01:12:12.158,7.97202,7.97466,1.00,1.50
2017.10.10 01:12:12.374,7.97204,7.97467,1.00,1.00
2017.10.10 01:12:12.425,7.97199,7.97466,1.00,1.00
2017.10.10 01:12:12.566,7.97193,7.97459,1.00,1.00
2017.10.10 01:12:13.468,7.97196,7.97464,1.00,1.00
2017.10.10 01:12:13.523,7.97192,7.97458,1.00,1.00
2017.10.10 01:12:13.574,7.97186,7.97453,1.00,1.25
2017.10.10 01:12:13.726,7.97193,7.97461,1.00,1.00
2017.10.10 01:12:13.777,7.97198,7.97465,1.00,1.19
2017.10.10 01:12:13.933,7.97193,7.97461,1.00,1.00
2017.10.10 01:12:14.752,7.97212,7.97466,1.00,1.19
2017.10.10 01:12:14.803,7.97212,7.97467,1.00,1.00
2017.10.10 01:12:14.854,7.97202,7.97467,1.00,1.00
2017.10.10 01:12:15.363,7.97203,7.97466,1.00,1.00
2017.10.10 01:12:15.464,7.97203,7.97454,1.00,1.19
2017.10.10 01:12:15.518,7.97193,7.97454,1.00,1.19
2017.10.10 01:12:15.720,7.97192,7.9745,1.00,1.00
2017.10.10 01:12:15.952,7.97192,7.97456,1.00,1.19
2017.10.10 01:12:16.279,7.97208,7.97467,1.00,1.19
2017.10.10 01:12:16.330,7.97208,7.97467,1.00,1.00
2017.10.10 01:12:16.872,7.97205,7.97467,1.00,1.00
2017.10.10 01:12:17.612,7.97202,7.97466,1.00,1.00
2017.10.10 01:12:18.076,7.97202,7.97467,1.00,1.69
2017.10.10 01:12:18.622,7.97203,7.97462,1.00,1.00
2017.10.10 01:12:19.952,7.97203,7.97467,1.00,1.19
2017.10.10 01:12:20.359,7.97202,7.97458,1.00,1.00
2017.10.10 01:12:20.865,7.97202,7.9745,1.00,1.00
2017.10.10 01:12:20.916,7.97193,7.9745,1.00,1.00
2017.10.10 01:12:22.081,7.97193,7.97456,1.00,1.00
2017.10.10 01:12:22.153,7.97202,7.97461,1.00,1.19
2017.10.10 01:12:22.480,7.97202,7.97465,1.00,1.19
2017.10.10 01:12:23.132,7.97202,7.97465,1.00,1.19
2017.10.10 01:12:24.248,7.97197,7.97464,1.00,1.19
2017.10.10 01:12:25.565,7.97192,7.97457,1.00,1.00
2017.10.10 01:12:26.019,7.97189,7.97457,1.00,1.00
2017.10.10 01:12:26.966,7.97182,7.97447,1.00,1.00
2017.10.10 01:12:27.017,7.97175,7.97443,1.00,1.00
2017.10.10 01:12:27.068,7.97183,7.9745,1.00,1.00
2017.10.10 01:12:27.400,7.97189,7.97457,1.00,1.19
2017.10.10 01:12:27.451,7.97196,7.97463,1.00,1.25
2017.10.10 01:12:27.645,7.97191,7.97459,1.00,1.00
2017.10.10 01:12:28.360,7.97197,7.97464,1.00,1.19
2017.10.10 01:12:29.986,7.97193,7.97461,1.00,1.00
2017.10.10 01:12:30.576,7.97193,7.9746,1.00,1.00
2017.10.10 01:12:30.627,7.97187,7.97455,1.00,1.00
2017.10.10 01:12:30.726,7.97192,7.9746,1.00,1.00
2017.10.10 01:12:31.733,7.9719,7.97457,1.00,1.00
2017.10.10 01:12:32.284,7.9719,7.97457,1.00,1.19
2017.10.10 01:12:32.351,7.97185,7.97452,1.00,1.00
2017.10.10 01:12:32.527,7.97196,7.97461,1.00,1.19
2017.10.10 01:12:32.578,7.97196,7.97461,1.00,1.00
2017.10.10 01:12:32.639,7.97191,7.97458,1.00,1.00
2017.10.10 01:12:35.423,7.97195,7.97463,1.00,1.25
2017.10.10 01:12:35.474,7.9719,7.97457,1.00,1.00
2017.10.10 01:12:36.210,7.9719,7.97457,1.00,1.19
2017.10.10 01:12:36.261,7.97186,7.97453,1.00,1.25
2017.10.10 01:12:36.362,7.97191,7.97456,1.00,1.19
2017.10.10 01:12:36.446,7.97186,7.97453,1.00,1.25
2017.10.10 01:12:36.547,7.97195,7.97462,1.00,1.25
2017.10.10 01:12:37.237,7.97195,7.97463,1.00,1.25
2017.10.10 01:12:37.598,7.97193,7.97461,1.00,1.00
2017.10.10 01:12:38.576,7.9719,7.97458,1.00,1.00
2017.10.10 01:12:40.318,7.97203,7.97466,1.00,1.19
2017.10.10 01:12:40.369,7.97208,7.97473,1.00,1.69
2017.10.10 01:12:40.419,7.97213,7.97473,1.00,1.50
2017.10.10 01:12:41.267,7.97212,7.97472,1.00,1.50
2017.10.10 01:12:41.554,7.9721,7.97472,1.00,1.50
2017.10.10 01:12:41.660,7.97205,7.97472,1.00,2.25
2017.10.10 01:12:41.711,7.97196,7.97463,1.00,1.25
2017.10.10 01:12:43.213,7.97192,7.97458,1.00,1.00
2017.10.10 01:12:43.535,7.97172,7.9744,1.50,1.00
2017.10.10 01:12:43.636,7.97166,7.97433,1.00,1.00
2017.10.10 01:12:44.216,7.97172,7.97437,1.00,1.00
2017.10.10 01:12:44.432,7.97166,7.97433,1.00,1.19
2017.10.10 01:12:44.483,7.97163,7.97429,1.00,1.00
2017.10.10 01:12:44.535,7.97159,7.97426,1.00,1.00
2017.10.10 01:12:44.585,7.97159,7.97426,1.00,1.19
2017.10.10 01:12:44.636,7.97155,7.97422,1.00,1.00
2017.10.10 01:12:46.011,7.97162,7.97427,1.00,1.19
2017.10.10 01:12:46.062,7.97162,7.97427,1.00,1.00
2017.10.10 01:12:46.183,7.97165,7.97433,1.00,1.25
2017.10.10 01:12:46.295,7.97161,7.97429,1.00,1.00
2017.10.10 01:12:46.601,7.97165,7.97433,1.00,1.25
2017.10.10 01:12:47.116,7.97162,7.97429,1.00,1.00
2017.10.10 01:12:48.811,7.97157,7.97425,1.00,1.19
2017.10.10 01:12:48.861,7.97161,7.97428,1.00,1.00
2017.10.10 01:12:50.059,7.97168,7.97435,1.00,1.19
2017.10.10 01:12:51.238,7.97166,7.97431,1.00,1.00
2017.10.10 01:12:51.756,7.97169,7.97437,1.00,1.19
2017.10.10 01:12:54.424,7.97178,7.97446,1.00,1.44
2017.10.10 01:12:54.475,7.97188,7.97453,1.00,1.69
2017.10.10 01:12:54.679,7.97197,7.97453,1.00,1.69
2017.10.10 01:12:54.781,7.97207,7.97474,1.00,1.00
2017.10.10 01:12:54.882,7.97207,7.97474,1.00,1.19
2017.10.10 01:12:55.387,7.97207,7.97474,1.00,1.19
2017.10.10 01:12:55.690,7.97235,7.97485,1.00,1.00
2017.10.10 01:12:56.271,7.9723,7.97485,1.00,1.00
2017.10.10 01:12:57.069,7.97208,7.97475,1.00,1.00
2017.10.10 01:12:57.908,7.97223,7.97484,1.00,1.00
2017.10.10 01:12:58.331,7.97237,7.97485,1.00,1.00
2017.10.10 01:12:59.555,7.97228,7.97485,1.00,1.00
2017.10.10 01:12:59.669,7.97211,7.97478,1.00,1.00
2017.10.10 01:12:59.720,7.97202,7.97469,1.00,1.00
2017.10.10 01:13:00.568,7.97198,7.97466,1.37,1.00
2017.10.10 01:13:01.042,7.97205,7.97473,1.00,1.00
2017.10.10 01:13:01.143,7.97212,7.9748,1.00,1.00
2017.10.10 01:13:01.469,7.97227,7.97485,1.00,1.00
2017.10.10 01:13:01.621,7.97225,7.97484,1.00,1.00
2017.10.10 01:13:01.672,7.97218,7.97485,1.00,1.50
2017.10.10 01:13:01.774,7.97226,7.97485,1.00,1.00
2017.10.10 01:13:01.825,7.97222,7.97484,1.00,1.00
2017.10.10 01:13:02.362,7.97222,7.97485,1.00,1.00
2017.10.10 01:13:02.516,7.97216,7.97483,1.00,1.00
2017.10.10 01:13:02.746,7.97208,7.97476,1.00,1.00
2017.10.10 01:13:02.797,7.97215,7.9748,1.00,1.00
2017.10.10 01:13:02.848,7.97207,7.97474,1.00,1.00
2017.10.10 01:13:02.954,7.97203,7.97468,1.00,1.00
2017.10.10 01:13:03.108,7.97195,7.97463,1.00,1.00
2017.10.10 01:13:03.159,7.97206,7.97473,1.00,1.00
2017.10.10 01:13:03.678,7.97216,7.97483,1.00,1.00
2017.10.10 01:13:04.162,7.97211,7.97478,1.00,1.00
2017.10.10 01:13:04.776,7.97216,7.97483,1.00,1.00
2017.10.10 01:13:05.139,7.97227,7.97485,1.00,1.00
2017.10.10 01:13:05.614,7.9723,7.97484,1.00,1.00
2017.10.10 01:13:05.898,7.9722,7.97485,1.25,1.00
2017.10.10 01:13:05.949,7.97218,7.97483,1.00,1.00
2017.10.10 01:13:06.242,7.97212,7.97479,1.00,1.00
2017.10.10 01:13:08.001,7.97196,7.97464,1.00,1.00
2017.10.10 01:13:08.102,7.97193,7.97459,1.00,1.00
2017.10.10 01:13:08.423,7.97203,7.97469,1.00,1.00
2017.10.10 01:13:08.761,7.9722,7.97485,1.00,1.00
2017.10.10 01:13:08.824,7.97216,7.97483,1.00,1.00
2017.10.10 01:13:08.944,7.97202,7.97466,1.00,1.00
2017.10.10 01:13:08.995,7.97198,7.97465,1.00,1.00
2017.10.10 01:13:09.046,7.97186,7.97454,1.00,1.00
2017.10.10 01:13:09.097,7.97196,7.97463,1.00,1.00
2017.10.10 01:13:09.249,7.97192,7.9746,1.00,1.00
2017.10.10 01:13:09.300,7.97211,7.97467,1.00,1.00
2017.10.10 01:13:09.401,7.97206,7.97467,1.00,1.00
2017.10.10 01:13:10.111,7.97212,7.97467,1.00,1.00
2017.10.10 01:13:10.556,7.97207,7.97467,1.00,1.00
2017.10.10 01:13:12.323,7.97204,7.97467,1.00,1.00
2017.10.10 01:13:12.374,7.97191,7.97459,1.00,1.00
2017.10.10 01:13:12.526,7.97185,7.97452,1.00,1.00
2017.10.10 01:13:12.905,7.9719,7.97456,1.00,1.00
2017.10.10 01:13:13.401,7.97194,7.9746,1.00,1.00
2017.10.10 01:13:13.747,7.97212,7.97467,1.00,1.00
2017.10.10 01:13:13.972,7.97208,7.97467,1.00,1.00
2017.10.10 01:13:14.074,7.97212,7.97467,1.00,1.00
2017.10.10 01:13:14.316,7.97205,7.97467,1.00,1.00
2017.10.10 01:13:14.367,7.97209,7.97467,1.00,1.00
2017.10.10 01:13:15.076,7.97213,7.97467,1.00,1.00
2017.10.10 01:13:16.030,7.97202,7.97467,1.25,1.00
2017.10.10 01:13:16.081,7.97211,7.97467,1.00,1.00
2017.10.10 01:13:16.536,7.97215,7.97467,1.00,1.00
2017.10.10 01:13:17.119,7.97215,7.97466,1.00,1.00
2017.10.10 01:13:17.302,7.97207,7.97467,1.00,1.00
2017.10.10 01:13:17.694,7.97213,7.97467,1.00,1.00
2017.10.10 01:13:21.697,7.97193,7.97467,1.19,1.00
2017.10.10 01:13:21.750,7.97186,7.97454,1.00,1.00
2017.10.10 01:13:21.864,7.97195,7.97462,1.00,1.00
2017.10.10 01:13:21.966,7.97191,7.97459,1.00,1.00
2017.10.10 01:13:22.017,7.97196,7.97461,1.00,1.00
2017.10.10 01:13:22.068,7.97191,7.97458,1.00,1.00
2017.10.10 01:13:22.119,7.97196,7.97461,1.00,1.00
2017.10.10 01:13:22.220,7.97186,7.97453,1.00,1.00
2017.10.10 01:13:22.288,7.97184,7.97449,1.00,1.00
2017.10.10 01:13:22.565,7.97186,7.97453,1.00,1.00
2017.10.10 01:13:22.961,7.97194,7.97459,1.00,1.00
2017.10.10 01:13:23.189,7.97198,7.97465,1.00,1.00
2017.10.10 01:13:24.123,7.97187,7.97453,1.00,1.00
2017.10.10 01:13:24.373,7.97189,7.97457,1.00,1.00
2017.10.10 01:13:26.600,7.97186,7.97451,1.00,1.00
2017.10.10 01:13:26.702,7.97187,7.97455,1.00,1.00
2017.10.10 01:13:26.753,7.97184,7.97451,1.00,1.00
2017.10.10 01:13:27.101,7.97186,7.97453,1.00,1.00
2017.10.10 01:13:27.495,7.97182,7.9745,1.00,1.00
2017.10.10 01:13:27.628,7.97179,7.97446,1.00,1.00
2017.10.10 01:13:27.996,7.97187,7.97446,1.00,1.00
2017.10.10 01:13:28.201,7.97183,7.97446,1.00,1.00
2017.10.10 01:13:28.446,7.97187,7.97446,1.00,1.00
2017.10.10 01:13:28.569,7.97183,7.97447,1.00,1.00
2017.10.10 01:13:30.106,7.97185,7.97446,1.00,1.00
2017.10.10 01:13:31.101,7.97182,7.97446,1.00,1.00
2017.10.10 01:13:33.356,7.97185,7.97447,1.00,1.00
2017.10.10 01:13:33.694,7.9718,7.97446,1.00,1.00
2017.10.10 01:13:33.744,7.97188,7.97447,1.00,1.00
2017.10.10 01:13:33.846,7.97182,7.97447,1.00,1.00
2017.10.10 01:13:35.486,7.97187,7.97447,1.00,1.00
2017.10.10 01:13:35.537,7.97181,7.97446,1.00,1.00
2017.10.10 01:13:36.591,7.97187,7.97447,1.00,1.00
2017.10.10 01:13:36.642,7.97182,7.97446,1.00,1.00
2017.10.10 01:13:36.693,7.97172,7.97447,1.00,1.50
2017.10.10 01:13:36.795,7.97168,7.97443,1.00,1.00
2017.10.10 01:13:37.100,7.97175,7.97447,1.00,1.00
2017.10.10 01:13:37.428,7.97186,7.97447,1.00,1.00
2017.10.10 01:13:37.560,7.97175,7.97447,1.00,1.00
2017.10.10 01:13:37.620,7.97175,7.97443,1.00,1.00
2017.10.10 01:13:37.695,7.97178,7.97447,1.00,1.50
2017.10.10 01:13:38.034,7.97174,7.97443,1.00,1.00
2017.10.10 01:13:38.390,7.97182,7.97447,1.00,1.00
2017.10.10 01:13:38.707,7.97189,7.97447,1.00,1.00
2017.10.10 01:13:39.391,7.97186,7.97447,1.00,1.00
2017.10.10 01:13:39.442,7.97186,7.97447,1.00,1.37
2017.10.10 01:13:39.585,7.97186,7.97447,1.00,1.00
2017.10.10 01:13:40.129,7.97183,7.97447,1.00,1.00
2017.10.10 01:13:40.240,7.97183,7.97447,1.00,1.37
2017.10.10 01:13:40.419,7.97178,7.97446,1.00,1.37
2017.10.10 01:13:41.690,7.97178,7.97446,1.00,1.00
2017.10.10 01:13:41.815,7.97178,7.97446,1.00,1.37
2017.10.10 01:13:42.016,7.97178,7.97446,1.00,1.50
2017.10.10 01:13:42.695,7.97178,7.97446,1.00,1.87
2017.10.10 01:13:43.004,7.97194,7.97447,1.00,1.37
2017.10.10 01:13:43.106,7.97188,7.97447,1.00,1.37
2017.10.10 01:13:43.157,7.97191,7.97446,1.00,1.00
2017.10.10 01:13:43.672,7.97186,7.97447,1.00,1.00
2017.10.10 01:13:43.802,7.97191,7.97447,1.00,1.00
2017.10.10 01:13:44.129,7.97185,7.97447,1.00,1.00
2017.10.10 01:13:44.428,7.97182,7.97447,1.00,1.00
2017.10.10 01:13:44.709,7.97175,7.97443,1.00,1.00
2017.10.10 01:13:44.810,7.97179,7.97447,1.00,1.50
2017.10.10 01:13:46.131,7.97178,7.97445,1.00,1.00
2017.10.10 01:13:47.097,7.97174,7.97442,1.00,1.00
2017.10.10 01:13:49.018,7.97168,7.97435,1.00,1.00
2017.10.10 01:13:50.519,7.97156,7.97424,1.00,1.00
2017.10.10 01:13:50.570,7.97163,7.97431,1.00,1.00
2017.10.10 01:13:50.882,7.9718,7.97447,1.00,1.00
2017.10.10 01:13:51.358,7.97169,7.97436,1.00,1.00
2017.10.10 01:13:51.514,7.97151,7.97419,1.00,1.00
2017.10.10 01:13:51.565,7.9716,7.97427,1.00,1.00
2017.10.10 01:13:51.616,7.97162,7.9743,1.00,1.00
2017.10.10 01:13:51.723,7.97157,7.97424,1.00,1.00
2017.10.10 01:13:51.926,7.97134,7.97406,1.00,1.00
2017.10.10 01:13:51.977,7.97149,7.9742,1.00,1.00
2017.10.10 01:13:52.314,7.97141,7.97407,1.00,1.00
2017.10.10 01:13:52.648,7.9715,7.97407,1.00,1.00
2017.10.10 01:13:52.699,7.97143,7.97407,1.00,1.00
2017.10.10 01:13:53.015,7.97138,7.97405,1.00,1.00
2017.10.10 01:13:53.246,7.97133,7.97401,1.00,1.00
2017.10.10 01:13:53.404,7.97141,7.97407,1.00,1.50
2017.10.10 01:13:53.455,7.97134,7.97401,1.00,1.00
2017.10.10 01:13:54.382,7.97132,7.97397,1.00,1.00
2017.10.10 01:13:55.617,7.97126,7.97393,1.00,1.00
2017.10.10 01:13:55.719,7.97128,7.97393,1.00,1.00
2017.10.10 01:13:55.770,7.97123,7.97391,1.00,1.00
2017.10.10 01:13:55.821,7.97132,7.974,1.00,1.00
2017.10.10 01:13:56.215,7.97124,7.9739,1.00,1.00
2017.10.10 01:13:56.368,7.97121,7.97388,1.00,1.00
2017.10.10 01:13:56.418,7.97127,7.97388,1.00,1.00
2017.10.10 01:13:56.608,7.97125,7.97388,1.00,1.00
2017.10.10 01:13:56.810,7.9713,7.97388,1.00,1.00
2017.10.10 01:13:56.911,7.97126,7.97388,1.00,1.00
2017.10.10 01:13:56.962,7.9713,7.97388,1.00,1.00
2017.10.10 01:13:57.461,7.97124,7.97388,1.00,1.00
2017.10.10 01:13:57.563,7.97128,7.97388,1.00,1.00
2017.10.10 01:13:58.160,7.97128,7.97387,1.00,1.00
2017.10.10 01:13:58.672,7.97142,7.97388,1.00,1.00
2017.10.10 01:13:58.926,7.97123,7.97388,1.00,1.00
2017.10.10 01:13:59.250,7.9711,7.97374,1.00,1.00
2017.10.10 01:13:59.779,7.97109,7.97373,1.00,1.00
2017.10.10 01:14:00.121,7.97084,7.97349,1.25,1.00
2017.10.10 01:14:00.273,7.97099,7.97347,1.00,1.00
2017.10.10 01:14:00.612,7.97059,7.97305,1.00,1.00
2017.10.10 01:14:00.952,7.97063,7.97307,1.00,1.00
2017.10.10 01:14:01.075,7.97067,7.97313,1.00,1.00
2017.10.10 01:14:01.126,7.97088,7.97315,1.00,1.00
2017.10.10 01:14:01.177,7.97083,7.97315,1.00,1.00
2017.10.10 01:14:01.228,7.97075,7.97315,1.00,1.00
2017.10.10 01:14:01.279,7.97069,7.97315,1.00,1.50
2017.10.10 01:14:01.382,7.97072,7.97314,1.00,1.00
2017.10.10 01:14:01.725,7.97092,7.97315,1.00,1.50
2017.10.10 01:14:01.928,7.97072,7.9731,1.00,1.19
2017.10.10 01:14:01.979,7.97056,7.973,1.00,1.00
2017.10.10 01:14:02.273,7.97058,7.97305,1.00,1.00
2017.10.10 01:14:02.376,7.97063,7.97309,1.00,1.00
2017.10.10 01:14:02.719,7.97071,7.97315,1.00,1.00
2017.10.10 01:14:03.410,7.97067,7.97313,1.00,1.00
2017.10.10 01:14:04.570,7.97057,7.97304,1.25,1.00
2017.10.10 01:14:06.181,7.97078,7.97315,1.00,1.19
2017.10.10 01:14:06.287,7.97072,7.97315,1.25,1.00
2017.10.10 01:14:06.338,7.97078,7.97314,1.00,1.00
2017.10.10 01:14:06.541,7.97095,7.97342,1.00,1.00
2017.10.10 01:14:06.592,7.97093,7.9734,1.00,1.00
2017.10.10 01:14:06.911,7.97103,7.97343,1.00,1.00
2017.10.10 01:14:06.961,7.97103,7.97346,1.00,1.00
2017.10.10 01:14:07.680,7.97105,7.97351,1.00,1.00
2017.10.10 01:14:08.050,7.9711,7.97356,1.00,1.00
2017.10.10 01:14:08.552,7.97106,7.97352,1.00,1.00
2017.10.10 01:14:09.025,7.97114,7.97353,1.00,1.00
2017.10.10 01:14:09.575,7.97105,7.97351,1.00,1.00
2017.10.10 01:14:10.154,7.97105,7.97334,1.00,1.00
2017.10.10 01:14:10.709,7.97102,7.97334,1.00,1.00
2017.10.10 01:14:11.366,7.97101,7.97334,1.00,1.00
2017.10.10 01:14:11.468,7.97096,7.97335,1.00,1.00
2017.10.10 01:14:11.519,7.97096,7.97342,1.00,1.00
2017.10.10 01:14:12.128,7.97096,7.97325,1.00,1.00
2017.10.10 01:14:12.750,7.971,7.97325,1.00,1.00
2017.10.10 01:14:12.803,7.971,7.97346,1.00,1.00
2017.10.10 01:14:12.854,7.97113,7.97315,1.00,1.00
2017.10.10 01:14:13.753,7.97112,7.97315,1.00,1.00
2017.10.10 01:14:16.293,7.97112,7.97305,1.00,1.00
2017.10.10 01:14:16.395,7.97102,7.97303,1.00,1.00
2017.10.10 01:14:16.446,7.97092,7.97309,1.00,1.00
2017.10.10 01:14:19.466,7.97092,7.97314,1.00,1.00
2017.10.10 01:14:19.618,7.97102,7.97315,1.00,1.00
2017.10.10 01:14:19.814,7.97093,7.97308,1.00,1.00
2017.10.10 01:14:20.516,7.97092,7.97308,1.00,1.00
2017.10.10 01:14:21.075,7.97092,7.97314,1.00,1.50
2017.10.10 01:14:22.516,7.97092,7.9731,1.00,1.00
2017.10.10 01:14:23.166,7.97092,7.97306,1.00,1.00
2017.10.10 01:14:23.662,7.97092,7.97315,1.00,1.00
2017.10.10 01:14:24.666,7.97092,7.97314,1.00,1.00
2017.10.10 01:14:27.026,7.97092,7.97311,1.00,1.00
2017.10.10 01:14:30.003,7.97092,7.97315,1.00,1.50
2017.10.10 01:14:30.813,7.97093,7.97314,1.00,1.00
2017.10.10 01:14:30.864,7.97122,7.97315,1.00,1.00
2017.10.10 01:14:31.016,7.97132,7.97349,1.00,1.80
2017.10.10 01:14:31.118,7.97132,7.97357,1.00,1.37
2017.10.10 01:14:31.346,7.97132,7.97324,1.00,1.00
2017.10.10 01:14:31.820,7.97132,7.97348,1.00,1.00
2017.10.10 01:14:31.871,7.97132,7.97357,1.00,1.00
2017.10.10 01:14:35.314,7.97132,7.97353,1.00,1.00
2017.10.10 01:14:35.891,7.97122,7.97353,1.00,1.00
2017.10.10 01:14:36.213,7.97112,7.97353,1.00,1.00
2017.10.10 01:14:36.449,7.97112,7.9735,1.00,1.00
2017.10.10 01:14:36.755,7.97112,7.97326,1.00,1.00
2017.10.10 01:14:36.857,7.97092,7.97324,1.00,1.00
2017.10.10 01:14:36.908,7.97082,7.97319,1.00,1.00
2017.10.10 01:14:37.100,7.97073,7.97319,1.00,1.00
2017.10.10 01:14:37.740,7.97075,7.97321,1.00,1.00
2017.10.10 01:14:38.768,7.97076,7.97322,1.00,1.00
2017.10.10 01:14:39.555,7.97082,7.97322,1.00,1.00
2017.10.10 01:14:39.891,7.97112,7.9735,1.00,1.67
2017.10.10 01:14:40.054,7.97092,7.9732,1.00,1.00
2017.10.10 01:14:40.105,7.97082,7.97299,1.00,1.00
2017.10.10 01:14:40.156,7.97073,7.97319,1.00,1.00
2017.10.10 01:14:40.207,7.97082,7.97328,1.00,1.00
2017.10.10 01:14:40.511,7.97072,7.97311,1.00,1.00
2017.10.10 01:14:40.562,7.97072,7.97315,1.00,1.50
2017.10.10 01:14:40.724,7.97072,7.97311,1.00,1.00
2017.10.10 01:14:40.884,7.97072,7.97315,1.00,1.50
2017.10.10 01:14:41.043,7.97082,7.97315,1.00,1.00
2017.10.10 01:14:41.436,7.97092,7.9731,1.00,1.00
2017.10.10 01:14:41.641,7.97092,7.97315,1.00,1.00
2017.10.10 01:14:41.693,7.97083,7.97315,1.00,1.00
2017.10.10 01:14:41.852,7.97083,7.97308,1.00,1.00
2017.10.10 01:14:42.383,7.97092,7.97308,1.00,1.00
2017.10.10 01:14:43.143,7.97092,7.97312,1.00,1.00
2017.10.10 01:14:43.245,7.97102,7.97314,1.00,1.00
2017.10.10 01:14:43.563,7.97122,7.97349,1.00,1.00
2017.10.10 01:14:43.673,7.97112,7.97349,1.00,1.00
2017.10.10 01:14:43.844,7.97122,7.97349,1.00,1.00
2017.10.10 01:14:43.946,7.97112,7.97349,1.00,1.00
2017.10.10 01:14:44.076,7.97112,7.97344,1.00,1.00
2017.10.10 01:14:44.647,7.97122,7.97344,1.00,1.00
2017.10.10 01:14:44.953,7.97112,7.97325,1.00,1.00
2017.10.10 01:14:45.630,7.97122,7.97325,1.00,1.00
2017.10.10 01:14:49.939,7.97112,7.97325,1.00,1.00
2017.10.10 01:14:50.041,7.97112,7.97348,1.00,1.00
2017.10.10 01:14:50.092,7.97113,7.97344,1.00,1.37
2017.10.10 01:14:50.273,7.97103,7.97339,1.00,1.00
2017.10.10 01:14:50.325,7.97092,7.97325,1.00,1.00
2017.10.10 01:14:51.019,7.97092,7.97322,1.00,1.00
2017.10.10 01:14:51.283,7.97092,7.97326,1.00,1.00
2017.10.10 01:14:51.334,7.97102,7.97315,1.00,1.00
2017.10.10 01:14:51.881,7.97112,7.97315,1.00,1.00
2017.10.10 01:14:52.266,7.97112,7.97334,1.00,1.30
2017.10.10 01:14:52.317,7.97112,7.97345,1.00,1.19
2017.10.10 01:14:53.016,7.97112,7.97345,1.00,1.37
2017.10.10 01:14:53.067,7.97112,7.97335,1.00,1.00
2017.10.10 01:14:54.601,7.97112,7.97314,1.00,1.00
2017.10.10 01:14:55.202,7.97112,7.97315,1.00,1.00
2017.10.10 01:14:55.419,7.97092,7.97315,1.00,1.00
2017.10.10 01:14:55.641,7.97093,7.97312,1.00,1.00
2017.10.10 01:14:55.693,7.97082,7.97312,1.00,1.00
2017.10.10 01:14:56.431,7.97092,7.97312,1.00,1.00
2017.10.10 01:14:57.078,7.97092,7.97305,1.00,1.00
2017.10.10 01:14:57.129,7.97082,7.97305,1.00,1.00
2017.10.10 01:14:57.214,7.97068,7.97314,1.00,1.00
2017.10.10 01:14:57.265,7.97067,7.97304,1.00,1.00
2017.10.10 01:14:57.435,7.97067,7.97307,1.00,1.00
2017.10.10 01:14:57.938,7.97068,7.973,1.00,1.00
2017.10.10 01:14:58.094,7.9706,7.97306,1.00,1.00
2017.10.10 01:14:58.354,7.97062,7.97306,1.00,1.00
2017.10.10 01:14:58.433,7.97066,7.97312,1.00,1.00
2017.10.10 01:14:59.661,7.97072,7.97312,1.00,1.00
2017.10.10 01:15:00.138,7.97076,7.97315,1.00,1.00
2017.10.10 01:15:00.510,7.97082,7.97315,1.00,1.00
2017.10.10 01:15:00.594,7.97074,7.97315,1.00,1.00
2017.10.10 01:15:00.996,7.97068,7.97314,1.00,1.00
2017.10.10 01:15:01.098,7.97076,7.97315,1.00,1.00
2017.10.10 01:15:01.413,7.97093,7.97315,1.00,1.00
2017.10.10 01:15:01.515,7.97084,7.97314,1.00,1.00
2017.10.10 01:15:01.621,7.97083,7.97312,1.00,1.00
2017.10.10 01:15:01.672,7.97062,7.97305,1.00,1.00
2017.10.10 01:15:01.961,7.97062,7.973,1.00,1.00
2017.10.10 01:15:02.100,7.97053,7.973,1.00,1.00
2017.10.10 01:15:04.553,7.97058,7.97305,1.00,1.00
2017.10.10 01:15:05.311,7.97056,7.973,1.00,1.00
2017.10.10 01:15:05.478,7.97053,7.97298,1.00,1.00
2017.10.10 01:15:05.616,7.97057,7.97303,1.00,1.00
2017.10.10 01:15:05.667,7.97052,7.97298,1.00,1.00
2017.10.10 01:15:06.000,7.97072,7.97291,1.00,1.00
2017.10.10 01:15:06.110,7.97072,7.97307,1.00,1.19
2017.10.10 01:15:06.614,7.97072,7.97302,1.00,1.00
2017.10.10 01:15:07.062,7.97072,7.97307,1.00,1.00
2017.10.10 01:15:07.113,7.97083,7.97311,1.00,1.00
2017.10.10 01:15:07.804,7.97082,7.97311,1.00,1.00
2017.10.10 01:15:10.654,7.97082,7.97315,1.00,1.00
2017.10.10 01:15:12.073,7.97092,7.97315,1.00,1.00
2017.10.10 01:15:12.124,7.97082,7.97315,1.00,1.00
2017.10.10 01:15:12.423,7.97092,7.97315,1.00,1.00
2017.10.10 01:15:13.873,7.97082,7.97315,1.00,1.00
2017.10.10 01:15:14.174,7.97092,7.97315,1.00,1.00
2017.10.10 01:15:14.698,7.97092,7.97309,1.00,1.00
2017.10.10 01:15:15.319,7.97092,7.9731,1.00,1.00
2017.10.10 01:15:16.147,7.97092,7.97308,1.00,1.00
2017.10.10 01:15:16.315,7.97092,7.97312,1.00,1.00
2017.10.10 01:15:19.887,7.97083,7.97299,1.00,1.00
2017.10.10 01:15:20.070,7.97072,7.97296,1.00,1.00
2017.10.10 01:15:20.121,7.97062,7.97296,1.00,1.00
2017.10.10 01:15:20.270,7.97062,7.97292,1.00,1.00
2017.10.10 01:15:20.528,7.97052,7.97292,1.00,1.00
2017.10.10 01:15:20.579,7.97052,7.97286,1.00,1.00
2017.10.10 01:15:20.915,7.97082,7.97291,1.00,1.00
2017.10.10 01:15:20.966,7.97082,7.97311,1.00,1.00
2017.10.10 01:15:21.069,7.97082,7.97307,1.00,1.00
2017.10.10 01:15:21.916,7.97072,7.97294,1.00,1.00
2017.10.10 01:15:22.834,7.97072,7.97289,1.00,1.00
2017.10.10 01:15:23.693,7.97072,7.97284,1.00,1.00
2017.10.10 01:15:24.053,7.97062,7.97293,1.00,1.00
2017.10.10 01:15:24.154,7.97022,7.97256,1.00,1.00
2017.10.10 01:15:24.205,7.97013,7.97256,1.00,1.00
2017.10.10 01:15:24.256,7.97015,7.97261,1.00,1.00
2017.10.10 01:15:24.307,7.97023,7.97261,1.00,1.00
2017.10.10 01:15:24.363,7.97027,7.97273,1.00,1.19
2017.10.10 01:15:24.414,7.97043,7.97288,1.00,1.00
2017.10.10 01:15:24.523,7.97053,7.97293,1.00,1.00
2017.10.10 01:15:24.654,7.97047,7.97293,1.00,1.00
2017.10.10 01:15:24.867,7.97057,7.97303,1.00,1.00
2017.10.10 01:15:27.660,7.97052,7.97294,1.00,1.00
2017.10.10 01:15:28.127,7.97062,7.97301,1.00,1.00
2017.10.10 01:15:28.466,7.97112,7.97315,1.00,1.00
2017.10.10 01:15:28.548,7.97112,7.97325,1.00,1.00
2017.10.10 01:15:28.599,7.97122,7.97347,1.00,1.30
2017.10.10 01:15:28.650,7.97102,7.97347,1.00,1.30
2017.10.10 01:15:28.700,7.97102,7.97323,1.00,1.00
2017.10.10 01:15:28.802,7.97082,7.97318,1.00,1.00
2017.10.10 01:15:28.853,7.97082,7.97311,1.00,1.00
2017.10.10 01:15:29.074,7.97082,7.9732,1.00,1.00
2017.10.10 01:15:29.419,7.97093,7.9732,1.00,1.00
2017.10.10 01:15:29.470,7.97093,7.97323,1.00,1.00
2017.10.10 01:15:29.522,7.97102,7.97325,1.00,1.00
2017.10.10 01:15:29.863,7.97113,7.97324,1.00,1.00
2017.10.10 01:15:29.948,7.97102,7.97324,1.00,1.00
2017.10.10 01:15:30.778,7.97112,7.97324,1.00,1.00
2017.10.10 01:15:31.089,7.97102,7.97324,1.00,1.00
2017.10.10 01:15:31.583,7.97102,7.97345,1.00,1.00
2017.10.10 01:15:32.145,7.97099,7.97345,1.00,1.30
2017.10.10 01:15:32.474,7.97088,7.97315,1.00,1.00
2017.10.10 01:15:32.749,7.97082,7.97314,1.50,1.00
2017.10.10 01:15:33.031,7.97091,7.97314,1.00,1.00
2017.10.10 01:15:33.082,7.971,7.97345,1.00,1.00
2017.10.10 01:15:33.136,7.97108,7.97354,1.00,1.00
2017.10.10 01:15:33.528,7.97108,7.97325,1.00,1.00
2017.10.10 01:15:33.679,7.97099,7.97325,1.00,1.00
2017.10.10 01:15:34.888,7.97099,7.97324,1.00,1.00
2017.10.10 01:15:36.243,7.97122,7.97324,1.00,1.00
2017.10.10 01:15:36.573,7.97133,7.97325,1.00,1.00
2017.10.10 01:15:36.624,7.97122,7.97325,1.00,1.00
2017.10.10 01:15:37.149,7.97132,7.97325,1.00,1.00
2017.10.10 01:15:37.301,7.97143,7.97358,1.00,1.30
2017.10.10 01:15:37.403,7.97143,7.97363,1.00,1.42
2017.10.10 01:15:37.648,7.97132,7.97363,1.00,1.42
2017.10.10 01:15:37.699,7.97132,7.97335,1.00,1.00
2017.10.10 01:15:38.069,7.97132,7.97362,1.00,1.30
2017.10.10 01:15:38.120,7.97132,7.97362,1.00,1.00
2017.10.10 01:15:38.171,7.97132,7.97345,1.00,1.00
2017.10.10 01:15:38.767,7.97133,7.97344,1.00,1.00
2017.10.10 01:15:38.920,7.97112,7.97325,1.00,1.00
2017.10.10 01:15:39.019,7.97102,7.97325,1.00,1.00
2017.10.10 01:15:39.282,7.97107,7.97324,1.00,1.00
2017.10.10 01:15:39.333,7.97112,7.97353,1.00,1.30
2017.10.10 01:15:39.434,7.97112,7.97315,1.00,1.00
2017.10.10 01:15:39.724,7.97107,7.97315,1.00,1.00
2017.10.10 01:15:39.896,7.97102,7.97315,1.00,1.00
2017.10.10 01:15:40.784,7.97102,7.97343,1.00,1.42
2017.10.10 01:15:40.835,7.97102,7.97344,1.00,1.37
2017.10.10 01:15:40.894,7.97111,7.97349,1.00,1.37
2017.10.10 01:15:41.723,7.97111,7.97355,1.00,1.37
2017.10.10 01:15:41.775,7.97102,7.97347,1.00,1.37
2017.10.10 01:15:42.345,7.97102,7.97331,1.00,1.00
2017.10.10 01:15:42.396,7.97119,7.97363,1.00,1.00
2017.10.10 01:15:42.447,7.9713,7.97363,1.00,1.30
2017.10.10 01:15:42.759,7.97125,7.97325,1.00,1.00
2017.10.10 01:15:42.810,7.97109,7.97325,1.00,1.00
2017.10.10 01:15:42.861,7.97122,7.97325,1.00,1.00
2017.10.10 01:15:43.138,7.97122,7.97335,1.00,1.00
2017.10.10 01:15:43.189,7.97122,7.97353,1.00,1.87
2017.10.10 01:15:43.548,7.97132,7.97353,1.00,1.87
2017.10.10 01:15:43.870,7.97132,7.97363,1.00,1.67
2017.10.10 01:15:45.336,7.97142,7.97363,1.00,1.00
2017.10.10 01:15:45.387,7.97142,7.97348,1.00,1.00
2017.10.10 01:15:45.830,7.97132,7.97325,1.00,1.00
2017.10.10 01:15:46.298,7.97142,7.97325,1.00,1.00
2017.10.10 01:15:46.742,7.97152,7.97325,1.00,1.00
2017.10.10 01:15:46.794,7.9715,7.97363,1.00,1.30
2017.10.10 01:15:46.845,7.97161,7.97363,1.00,1.00
2017.10.10 01:15:46.946,7.97164,7.97363,1.00,1.00
2017.10.10 01:15:46.997,7.97173,7.97393,1.00,1.50
2017.10.10 01:15:47.048,7.97152,7.97395,1.00,1.00
2017.10.10 01:15:47.099,7.97152,7.97391,1.00,1.00
2017.10.10 01:15:47.200,7.97144,7.97391,1.00,1.00
2017.10.10 01:15:47.852,7.97138,7.97385,1.00,1.00
2017.10.10 01:15:48.214,7.97122,7.97368,1.00,1.00
2017.10.10 01:15:51.044,7.97118,7.97363,1.00,1.00
2017.10.10 01:15:52.894,7.97123,7.97369,1.00,1.00
2017.10.10 01:15:52.945,7.97146,7.9739,1.00,1.37
2017.10.10 01:15:53.083,7.97148,7.97395,1.00,1.19
2017.10.10 01:15:53.134,7.97148,7.97395,1.00,1.00
2017.10.10 01:15:53.235,7.97153,7.97395,1.00,1.00
2017.10.10 01:15:53.564,7.97179,7.97413,1.00,1.00
2017.10.10 01:15:53.615,7.97175,7.97413,1.00,1.00
2017.10.10 01:15:54.069,7.9718,7.97413,1.00,1.00
2017.10.10 01:15:55.157,7.97176,7.97413,1.00,1.00
2017.10.10 01:15:55.550,7.97181,7.97413,1.00,1.00
2017.10.10 01:15:56.764,7.97181,7.97412,1.00,1.00
2017.10.10 01:15:59.493,7.97172,7.97412,1.19,1.00
2017.10.10 01:15:59.544,7.97162,7.97404,1.00,1.00
2017.10.10 01:15:59.595,7.97162,7.97401,1.00,1.00
2017.10.10 01:15:59.646,7.9716,7.97407,1.00,1.00
2017.10.10 01:15:59.696,7.97169,7.97413,1.00,1.00
2017.10.10 01:16:00.319,7.97168,7.97413,1.00,1.50
2017.10.10 01:16:00.426,7.97164,7.97411,1.00,1.00
2017.10.10 01:16:00.630,7.97162,7.97409,1.00,1.00
2017.10.10 01:16:00.706,7.97145,7.974,1.00,1.00
2017.10.10 01:16:01.405,7.97145,7.97405,1.00,1.00
2017.10.10 01:16:02.012,7.97142,7.97401,1.00,1.00
2017.10.10 01:16:04.770,7.97147,7.97408,1.00,1.00
2017.10.10 01:16:05.518,7.97153,7.97412,1.00,1.00
2017.10.10 01:16:05.569,7.97128,7.97388,1.00,1.00
2017.10.10 01:16:05.620,7.97114,7.97375,1.00,1.00
2017.10.10 01:16:05.671,7.97113,7.97373,1.00,1.00
2017.10.10 01:16:06.058,7.97101,7.97361,1.00,1.00
2017.10.10 01:16:07.924,7.97101,7.97362,1.00,1.00
2017.10.10 01:16:08.922,7.971,7.97361,1.00,1.00
2017.10.10 01:16:09.375,7.9711,7.9737,1.00,1.25
2017.10.10 01:16:09.628,7.97116,7.97377,1.00,1.00
2017.10.10 01:16:09.679,7.9712,7.97381,1.00,1.00
2017.10.10 01:16:10.093,7.9711,7.97371,1.00,1.00
2017.10.10 01:16:10.949,7.97104,7.97366,1.00,1.00
2017.10.10 01:16:14.044,7.97101,7.97362,1.00,1.00
2017.10.10 01:16:14.347,7.97098,7.97354,1.00,1.19
2017.10.10 01:16:14.445,7.97098,7.97354,1.00,1.00
2017.10.10 01:16:15.439,7.97099,7.97357,1.00,1.00
2017.10.10 01:16:16.435,7.97105,7.97355,1.00,1.00
2017.10.10 01:16:19.391,7.97107,7.97354,1.00,1.00
2017.10.10 01:16:19.493,7.9711,7.97359,1.00,1.00
2017.10.10 01:16:19.543,7.97117,7.97364,1.00,1.00
2017.10.10 01:16:20.498,7.97103,7.97348,1.00,1.00
2017.10.10 01:16:22.935,7.97112,7.9736,1.00,1.19
2017.10.10 01:16:23.568,7.97112,7.9736,1.00,1.00
2017.10.10 01:16:23.669,7.97116,7.97364,1.00,1.00
2017.10.10 01:16:26.241,7.97125,7.97367,1.00,1.00
2017.10.10 01:16:26.545,7.97159,7.97381,1.00,1.00
2017.10.10 01:16:27.275,7.97159,7.97382,1.00,1.00
2017.10.10 01:16:27.555,7.97154,7.97382,1.00,1.00
2017.10.10 01:16:27.862,7.97143,7.97382,1.19,1.00
2017.10.10 01:16:27.913,7.97137,7.97382,1.00,1.00
2017.10.10 01:16:28.441,7.97137,7.97381,1.00,1.00
2017.10.10 01:16:29.378,7.97137,7.97382,1.00,1.00
2017.10.10 01:16:29.711,7.97148,7.97382,1.00,1.00
2017.10.10 01:16:30.032,7.97144,7.97382,1.00,1.00
2017.10.10 01:16:30.349,7.97151,7.97382,1.00,1.00
2017.10.10 01:16:31.272,7.97141,7.97382,1.00,1.00
2017.10.10 01:16:31.436,7.97138,7.97382,1.00,1.50
2017.10.10 01:16:31.487,7.97136,7.97382,1.00,1.50
2017.10.10 01:16:33.620,7.9714,7.97382,1.00,1.00
2017.10.10 01:16:35.163,7.97143,7.97381,1.00,1.00
2017.10.10 01:16:35.495,7.97165,7.97381,1.00,1.00
2017.10.10 01:16:35.813,7.97169,7.97382,1.00,1.00
2017.10.10 01:16:36.229,7.97165,7.97382,1.00,1.00
2017.10.10 01:16:37.373,7.97165,7.97406,1.00,1.00
2017.10.10 01:16:37.475,7.9717,7.97406,1.00,1.00
2017.10.10 01:16:37.984,7.97166,7.97406,1.00,1.00
2017.10.10 01:16:39.031,7.97166,7.97405,1.00,1.00
2017.10.10 01:16:39.192,7.97172,7.97406,1.00,1.00
2017.10.10 01:16:39.534,7.9719,7.97428,1.00,1.00
2017.10.10 01:16:39.666,7.97183,7.97428,1.00,1.00
2017.10.10 01:16:39.717,7.97167,7.97414,1.00,1.00
2017.10.10 01:16:39.797,7.97175,7.97422,1.00,1.00
2017.10.10 01:16:40.101,7.97203,7.97428,1.00,1.00
2017.10.10 01:16:40.365,7.97195,7.97428,1.00,1.00
2017.10.10 01:16:40.539,7.9719,7.97428,1.00,1.00
2017.10.10 01:16:41.646,7.97198,7.97428,1.00,1.00
2017.10.10 01:16:41.969,7.97203,7.97428,1.00,1.00
2017.10.10 01:16:42.282,7.97211,7.97428,1.00,1.00
2017.10.10 01:16:42.535,7.97215,7.97448,1.00,1.00
2017.10.10 01:16:42.637,7.97211,7.97448,1.00,1.00
2017.10.10 01:16:43.763,7.97206,7.97448,1.00,1.00
2017.10.10 01:16:44.153,7.97212,7.97448,1.00,1.00
2017.10.10 01:16:44.486,7.97217,7.97447,1.00,1.00
2017.10.10 01:16:44.537,7.97212,7.97448,1.00,1.00
2017.10.10 01:16:44.638,7.97219,7.97463,1.00,1.00
2017.10.10 01:16:44.689,7.97239,7.97463,1.00,1.00
2017.10.10 01:16:44.790,7.97241,7.97473,1.00,1.00
2017.10.10 01:16:44.841,7.97241,7.97487,1.00,1.00
2017.10.10 01:16:45.548,7.97241,7.97485,1.00,1.00
2017.10.10 01:16:46.495,7.97241,7.97488,1.00,1.00
2017.10.10 01:16:47.297,7.97249,7.97496,1.00,1.00
2017.10.10 01:16:48.234,7.97271,7.97508,1.00,1.00
2017.10.10 01:16:49.031,7.97267,7.97508,1.00,1.00
2017.10.10 01:16:49.178,7.97252,7.97498,1.00,1.00
2017.10.10 01:16:49.230,7.97241,7.97487,1.00,1.00
2017.10.10 01:16:53.014,7.97244,7.97491,1.00,1.00
2017.10.10 01:16:54.011,7.97242,7.97489,1.00,1.00
2017.10.10 01:16:59.056,7.97248,7.97497,1.00,1.00
2017.10.10 01:16:59.202,7.97253,7.97506,1.00,1.00
2017.10.10 01:17:00.115,7.97249,7.97502,1.00,1.00
2017.10.10 01:17:00.715,7.97245,7.97498,1.00,1.00
2017.10.10 01:17:01.525,7.97245,7.97496,1.00,1.00
2017.10.10 01:17:03.784,7.97233,7.97484,1.19,1.00
2017.10.10 01:17:03.835,7.97224,7.97476,1.00,1.00
2017.10.10 01:17:04.811,7.97223,7.97475,1.50,1.00
2017.10.10 01:17:05.190,7.97223,7.9747,1.00,1.00
2017.10.10 01:17:05.867,7.97219,7.9747,1.00,1.00
2017.10.10 01:17:06.002,7.97212,7.97461,1.00,1.00
2017.10.10 01:17:06.053,7.97197,7.97448,1.00,1.00
2017.10.10 01:17:06.156,7.97197,7.97438,1.00,1.00
2017.10.10 01:17:06.460,7.97197,7.9743,1.00,1.00
2017.10.10 01:17:07.109,7.97197,7.97421,1.00,1.00
2017.10.10 01:17:07.159,7.97166,7.97415,1.00,1.00
2017.10.10 01:17:07.210,7.97167,7.97418,1.00,1.00
2017.10.10 01:17:07.312,7.97164,7.97413,1.00,1.00
2017.10.10 01:17:07.363,7.97159,7.9741,1.00,1.00
2017.10.10 01:17:08.044,7.97159,7.97415,1.00,1.00
2017.10.10 01:17:08.900,7.97152,7.97408,1.00,1.00
2017.10.10 01:17:09.450,7.97158,7.97414,1.00,1.00
2017.10.10 01:17:13.417,7.9715,7.97403,1.00,1.00
2017.10.10 01:17:15.560,7.97147,7.97401,1.50,1.00
2017.10.10 01:17:15.661,7.97148,7.97395,1.00,1.00
2017.10.10 01:17:15.899,7.97136,7.97391,1.00,1.00
2017.10.10 01:17:15.951,7.97132,7.97387,1.00,1.00
2017.10.10 01:17:16.417,7.97126,7.97381,1.00,1.00
2017.10.10 01:17:16.927,7.97126,7.97378,1.00,1.00
2017.10.10 01:17:17.327,7.97132,7.97382,1.00,1.00
2017.10.10 01:17:17.752,7.97125,7.97376,1.00,1.00
2017.10.10 01:17:17.937,7.97117,7.97362,1.00,1.00
2017.10.10 01:17:18.237,7.9711,7.97356,1.00,1.00
2017.10.10 01:17:19.294,7.97112,7.97356,1.00,1.00
2017.10.10 01:17:19.345,7.97116,7.97362,1.00,1.00
2017.10.10 01:17:19.434,7.97122,7.97362,1.00,1.00
2017.10.10 01:17:19.860,7.97122,7.97368,1.50,1.00
2017.10.10 01:17:19.961,7.97127,7.97373,1.00,1.00
2017.10.10 01:17:20.348,7.97132,7.97373,1.00,1.00
2017.10.10 01:17:20.400,7.97145,7.97393,1.00,1.00
2017.10.10 01:17:20.571,7.97148,7.97396,1.00,1.00
2017.10.10 01:17:23.074,7.97148,7.97393,1.00,1.00
2017.10.10 01:17:24.070,7.97145,7.97392,1.00,1.00
2017.10.10 01:17:30.590,7.97147,7.97393,1.00,1.00
2017.10.10 01:17:31.599,7.97146,7.97393,1.00,1.00
2017.10.10 01:17:32.916,7.97142,7.97387,1.00,1.00
2017.10.10 01:17:33.017,7.9714,7.97387,1.00,1.00
2017.10.10 01:17:34.158,7.97145,7.97391,1.00,1.00
2017.10.10 01:17:35.392,7.97125,7.97369,1.19,1.00
2017.10.10 01:17:35.644,7.97114,7.97358,1.00,1.00
2017.10.10 01:17:35.696,7.97126,7.97372,1.00,1.00
2017.10.10 01:17:38.107,7.97128,7.97372,1.00,1.00
2017.10.10 01:17:39.101,7.97125,7.97371,1.00,1.00
2017.10.10 01:17:40.357,7.97131,7.97377,1.00,1.00
2017.10.10 01:17:42.518,7.97125,7.97371,1.00,1.00
2017.10.10 01:17:46.615,7.9713,7.97374,1.00,1.00
2017.10.10 01:17:54.131,7.97127,7.97373,1.00,1.00
2017.10.10 01:17:55.595,7.97133,7.97379,1.00,1.00
2017.10.10 01:17:56.217,7.97127,7.97373,1.00,1.00
2017.10.10 01:18:00.386,7.97135,7.97379,1.00,1.00
2017.10.10 01:18:00.437,7.97138,7.97384,1.00,1.00
2017.10.10 01:18:01.080,7.97134,7.9738,1.00,1.00
2017.10.10 01:18:01.646,7.97128,7.97374,1.00,1.00
2017.10.10 01:18:05.262,7.97142,7.97386,1.00,1.19
2017.10.10 01:18:05.313,7.97143,7.97389,1.00,1.00
2017.10.10 01:18:05.415,7.97136,7.97382,1.00,1.00
2017.10.10 01:18:05.517,7.97133,7.9738,1.00,1.00
2017.10.10 01:18:05.568,7.97128,7.97372,1.00,1.00
2017.10.10 01:18:05.794,7.97132,7.97378,1.00,1.00
2017.10.10 01:18:06.150,7.97138,7.97384,1.00,1.00
2017.10.10 01:18:06.698,7.97141,7.97386,1.00,1.00
2017.10.10 01:18:08.032,7.97136,7.9738,1.00,1.00
2017.10.10 01:18:08.164,7.97128,7.97374,1.00,1.00
2017.10.10 01:18:08.215,7.97131,7.97378,1.00,1.00
2017.10.10 01:18:09.161,7.97135,7.97379,1.00,1.00
2017.10.10 01:18:10.406,7.97129,7.97376,1.00,1.00
2017.10.10 01:18:11.723,7.97124,7.97368,1.00,1.00
2017.10.10 01:18:15.714,7.97121,7.97367,1.00,1.00
2017.10.10 01:18:16.675,7.97123,7.9737,1.00,1.00
2017.10.10 01:18:21.829,7.97131,7.97377,1.00,1.00
2017.10.10 01:18:22.643,7.97124,7.9737,1.00,1.00
2017.10.10 01:18:23.787,7.97137,7.97383,1.00,1.19
2017.10.10 01:18:23.838,7.97141,7.97387,1.00,1.00
2017.10.10 01:18:23.939,7.97154,7.974,1.00,1.00
2017.10.10 01:18:25.712,7.97159,7.97401,1.00,1.00
2017.10.10 01:18:27.236,7.97159,7.97402,1.00,1.00
2017.10.10 01:18:30.584,7.97148,7.97394,1.25,1.00
2017.10.10 01:18:46.735,7.97146,7.97393,1.00,1.00
2017.10.10 01:18:54.250,7.97147,7.97393,1.00,1.00
2017.10.10 01:19:00.770,7.97146,7.97392,1.00,1.00
2017.10.10 01:19:02.594,7.97124,7.9737,1.00,1.00
2017.10.10 01:19:02.898,7.97135,7.97381,1.00,1.00
2017.10.10 01:19:03.203,7.97128,7.97372,1.00,1.00
2017.10.10 01:19:04.461,7.97119,7.97365,1.00,1.00
2017.10.10 01:19:08.344,7.97122,7.97368,1.00,1.00
2017.10.10 01:19:10.387,7.97116,7.97363,1.00,1.00
2017.10.10 01:19:15.799,7.97114,7.97361,1.00,1.00
2017.10.10 01:19:16.795,7.97118,7.97362,1.00,1.00
2017.10.10 01:19:19.458,7.97105,7.97351,1.19,1.00
2017.10.10 01:19:19.509,7.97096,7.97342,1.00,1.00
2017.10.10 01:19:19.610,7.97092,7.97338,1.00,1.00
2017.10.10 01:19:19.905,7.97099,7.97346,1.00,1.00
2017.10.10 01:19:21.841,7.97099,7.97345,1.00,1.00
2017.10.10 01:19:23.314,7.97103,7.97349,1.00,1.00
2017.10.10 01:19:23.707,7.97107,7.97353,1.00,1.00
2017.10.10 01:19:24.230,7.9712,7.97366,1.00,1.00
2017.10.10 01:19:29.589,7.97111,7.97357,1.00,1.00
2017.10.10 01:19:30.073,7.97109,7.97353,1.00,1.00
2017.10.10 01:19:30.133,7.97097,7.97343,1.19,1.00
2017.10.10 01:19:30.853,7.97097,7.97343,1.00,1.00
2017.10.10 01:19:31.606,7.9711,7.97356,1.00,1.19
2017.10.10 01:19:31.657,7.9711,7.97356,1.00,1.00
2017.10.10 01:19:37.165,7.9709,7.97336,1.19,1.00
2017.10.10 01:19:37.317,7.97086,7.97332,1.00,1.00
2017.10.10 01:19:38.344,7.9709,7.97336,1.00,1.00
2017.10.10 01:19:39.341,7.97087,7.97333,1.00,1.00
2017.10.10 01:19:45.276,7.97085,7.97331,1.00,1.00
2017.10.10 01:19:47.121,7.97079,7.97325,1.00,1.00
2017.10.10 01:19:47.224,7.97047,7.97294,1.00,1.00
2017.10.10 01:19:47.276,7.97051,7.97298,1.00,1.00
2017.10.10 01:19:47.634,7.97046,7.97293,1.00,1.00
2017.10.10 01:19:53.402,7.97038,7.97284,1.00,1.00
2017.10.10 01:19:54.372,7.9704,7.97286,1.00,1.00
2017.10.10 01:19:57.178,7.97018,7.97264,1.00,1.00
2017.10.10 01:19:57.527,7.97008,7.97254,1.00,1.00
2017.10.10 01:19:57.877,7.97,7.97247,1.00,1.00
2017.10.10 01:19:58.203,7.97,7.97245,1.00,1.00
2017.10.10 01:19:59.302,7.97009,7.97255,1.00,1.00
2017.10.10 01:20:00.355,7.97015,7.97262,1.00,1.00
2017.10.10 01:20:00.468,7.97009,7.97256,1.00,1.00
2017.10.10 01:20:01.165,7.97006,7.97252,1.00,1.00
2017.10.10 01:20:01.661,7.9701,7.97256,1.00,1.00
2017.10.10 01:20:01.765,7.97014,7.97261,1.00,1.00
2017.10.10 01:20:01.892,7.97012,7.97258,1.00,1.00
2017.10.10 01:20:02.209,7.97017,7.97263,1.00,1.00
2017.10.10 01:20:02.260,7.9701,7.97257,1.00,1.00
2017.10.10 01:20:02.311,7.9702,7.97266,1.00,1.25
2017.10.10 01:20:02.413,7.97021,7.97268,1.00,1.00
2017.10.10 01:20:02.464,7.9702,7.97266,1.00,1.00
2017.10.10 01:20:03.093,7.97036,7.97276,1.00,1.00
2017.10.10 01:20:03.273,7.97027,7.97274,1.25,1.00
2017.10.10 01:20:03.430,7.97033,7.97277,1.00,1.00
2017.10.10 01:20:03.802,7.97038,7.97277,1.00,1.00
2017.10.10 01:20:04.503,7.97034,7.97277,1.00,1.00
2017.10.10 01:20:04.723,7.97029,7.97275,1.00,1.00
2017.10.10 01:20:04.773,7.97033,7.97276,1.00,1.00
2017.10.10 01:20:06.939,7.9703,7.97276,1.00,1.00
2017.10.10 01:20:08.324,7.9703,7.97277,1.00,1.50
2017.10.10 01:20:08.405,7.97028,7.97274,1.00,1.00
2017.10.10 01:20:09.429,7.97025,7.97272,1.00,1.00
2017.10.10 01:20:11.192,7.97033,7.97277,1.00,1.00
2017.10.10 01:20:11.542,7.97039,7.97277,1.00,1.00
2017.10.10 01:20:12.221,7.97039,7.97276,1.00,1.00
2017.10.10 01:20:13.709,7.97039,7.97277,1.00,1.00
2017.10.10 01:20:15.920,7.97035,7.97277,1.00,1.00
2017.10.10 01:20:16.094,7.97025,7.97271,1.00,1.00
2017.10.10 01:20:16.435,7.97034,7.97277,1.00,1.00
2017.10.10 01:20:16.738,7.97051,7.97277,1.00,1.00
2017.10.10 01:20:17.276,7.97057,7.97276,1.00,1.00
2017.10.10 01:20:17.801,7.97057,7.97277,1.00,1.00
2017.10.10 01:20:20.348,7.97051,7.97277,1.00,1.00
2017.10.10 01:20:20.500,7.97044,7.97277,1.00,1.00
2017.10.10 01:20:21.441,7.97045,7.97277,1.00,1.00
2017.10.10 01:20:21.543,7.97038,7.97277,1.00,1.00
2017.10.10 01:20:22.063,7.97033,7.97277,1.00,1.00
2017.10.10 01:20:23.435,7.97029,7.97275,1.00,1.00
2017.10.10 01:20:23.606,7.97034,7.97277,1.00,1.00
2017.10.10 01:20:24.178,7.97036,7.97277,1.00,1.00
2017.10.10 01:20:25.257,7.97029,7.97276,1.00,1.00
2017.10.10 01:20:26.636,7.97021,7.97268,1.00,1.00
2017.10.10 01:20:29.348,7.97029,7.97275,1.00,1.00
2017.10.10 01:20:30.825,7.97033,7.97277,1.00,1.00
2017.10.10 01:20:31.946,7.97038,7.97277,1.00,1.00
2017.10.10 01:20:33.265,7.97049,7.97277,1.00,1.00
2017.10.10 01:20:33.578,7.97057,7.97277,1.00,1.00
2017.10.10 01:20:33.680,7.97057,7.97287,1.00,1.00
2017.10.10 01:20:37.138,7.97062,7.97287,1.00,1.00
2017.10.10 01:20:37.189,7.97058,7.97287,1.00,1.00
2017.10.10 01:20:37.340,7.97056,7.97287,1.25,1.00
2017.10.10 01:20:37.921,7.97064,7.97287,1.00,1.00
2017.10.10 01:20:37.972,7.9707,7.97316,1.00,1.00
2017.10.10 01:20:38.073,7.97072,7.97316,1.00,1.00
2017.10.10 01:20:38.124,7.97074,7.9732,1.00,1.00
2017.10.10 01:20:38.175,7.97083,7.97328,1.00,1.00
2017.10.10 01:20:39.091,7.97077,7.97323,1.00,1.00
2017.10.10 01:20:39.142,7.97073,7.97319,1.00,1.00
2017.10.10 01:20:39.243,7.97071,7.97318,1.00,1.00
2017.10.10 01:20:39.328,7.97077,7.97321,1.00,1.00
2017.10.10 01:20:39.379,7.97079,7.97326,1.00,1.00
2017.10.10 01:20:40.234,7.9708,7.97326,1.00,1.00
2017.10.10 01:20:40.686,7.97077,7.97323,1.00,1.00
2017.10.10 01:20:41.044,7.97081,7.97325,1.00,1.00
2017.10.10 01:20:45.206,7.97085,7.97328,1.00,1.00
2017.10.10 01:20:45.980,7.97084,7.97328,1.00,1.50
2017.10.10 01:20:46.976,7.97088,7.97327,1.00,1.00
2017.10.10 01:20:47.909,7.97088,7.97328,1.00,1.00
2017.10.10 01:20:49.363,7.97085,7.97328,1.00,1.00
2017.10.10 01:20:50.234,7.97084,7.97328,1.00,1.00
2017.10.10 01:20:50.314,7.97075,7.97321,1.00,1.00
2017.10.10 01:20:50.365,7.97064,7.9731,1.00,1.00
2017.10.10 01:20:51.958,7.97061,7.97305,1.00,1.00
2017.10.10 01:20:52.369,7.97066,7.97312,1.00,1.00
2017.10.10 01:20:53.495,7.97069,7.97315,1.00,1.00
2017.10.10 01:20:53.935,7.97065,7.97311,1.00,1.00
2017.10.10 01:21:02.006,7.97072,7.97318,1.00,1.00
2017.10.10 01:21:05.425,7.97062,7.97308,1.00,1.00
2017.10.10 01:21:07.467,7.97065,7.97311,1.00,1.00
2017.10.10 01:21:08.525,7.97073,7.97319,1.00,1.00
2017.10.10 01:21:08.851,7.97077,7.97321,1.00,1.00
2017.10.10 01:21:09.531,7.97089,7.97327,1.00,1.00
2017.10.10 01:21:10.128,7.97086,7.97327,1.00,1.00
2017.10.10 01:21:10.179,7.97079,7.97325,1.00,1.00
2017.10.10 01:21:10.310,7.97074,7.9732,1.00,1.00
2017.10.10 01:21:10.710,7.9707,7.97316,1.00,1.00
2017.10.10 01:21:13.666,7.97074,7.9732,1.00,1.00
2017.10.10 01:21:14.574,7.97063,7.97309,1.00,1.00
2017.10.10 01:21:14.898,7.97079,7.97325,1.00,1.19
2017.10.10 01:21:15.837,7.97079,7.97325,1.00,1.19
2017.10.10 01:21:16.039,7.9708,7.97327,1.00,1.00
2017.10.10 01:21:17.035,7.97077,7.97323,1.00,1.00
2017.10.10 01:21:17.383,7.97073,7.97319,1.00,1.00
2017.10.10 01:21:18.744,7.97067,7.97311,1.00,1.00
2017.10.10 01:21:19.244,7.97056,7.97302,1.25,1.00
2017.10.10 01:21:19.295,7.97061,7.97307,1.00,1.00
2017.10.10 01:21:20.160,7.97057,7.97303,1.00,1.00
2017.10.10 01:21:20.765,7.97062,7.97308,1.00,1.00
2017.10.10 01:21:23.560,7.97064,7.9731,1.00,1.00
2017.10.10 01:21:24.575,7.97062,7.97308,1.00,1.00
2017.10.10 01:21:26.715,7.9706,7.97306,1.00,1.00
2017.10.10 01:21:27.978,7.97064,7.9731,1.00,1.00
2017.10.10 01:21:28.823,7.9707,7.97316,1.00,1.19
2017.10.10 01:21:28.924,7.97066,7.97312,1.00,1.00
2017.10.10 01:21:29.190,7.97062,7.97308,1.00,1.00
2017.10.10 01:21:31.175,7.97058,7.97304,1.00,1.00
2017.10.10 01:21:31.867,7.97057,7.97303,1.00,1.00
2017.10.10 01:21:32.197,7.97059,7.97305,1.00,1.00
2017.10.10 01:21:35.222,7.97069,7.97313,1.00,1.25
2017.10.10 01:21:35.272,7.97059,7.97305,1.00,1.00
2017.10.10 01:21:37.411,7.97063,7.97309,1.00,1.00
2017.10.10 01:21:38.585,7.97066,7.97312,1.00,1.00
2017.10.10 01:21:42.496,7.97045,7.97289,1.00,1.00
2017.10.10 01:21:42.872,7.97037,7.97281,1.00,1.00
2017.10.10 01:21:42.923,7.97032,7.97278,1.00,1.00
2017.10.10 01:21:45.475,7.97042,7.97288,1.00,1.19
2017.10.10 01:21:45.604,7.97046,7.97292,1.00,1.00
2017.10.10 01:21:45.655,7.97061,7.97307,1.00,1.19
2017.10.10 01:21:45.706,7.97067,7.97311,1.00,1.00
2017.10.10 01:21:47.096,7.97064,7.97308,1.00,1.00
2017.10.10 01:21:49.623,7.97066,7.97312,1.00,1.50
2017.10.10 01:21:54.611,7.97066,7.9731,1.00,1.00
2017.10.10 01:22:00.711,7.97063,7.97309,1.00,1.00
2017.10.10 01:22:04.989,7.97059,7.97305,1.00,1.00
2017.10.10 01:22:05.841,7.97053,7.97299,1.00,1.00
2017.10.10 01:22:06.146,7.97034,7.9728,1.00,1.00
2017.10.10 01:22:08.422,7.9703,7.97276,1.00,1.00
2017.10.10 01:22:08.734,7.97032,7.97278,1.00,1.00
2017.10.10 01:22:09.176,7.97026,7.9727,1.00,1.00
2017.10.10 01:22:11.081,7.9703,7.97274,1.00,1.19
2017.10.10 01:22:11.730,7.97026,7.9727,1.00,1.00
2017.10.10 01:22:16.160,7.97022,7.97268,1.00,1.00
2017.10.10 01:22:17.159,7.97024,7.9727,1.00,1.00
2017.10.10 01:22:18.247,7.9703,7.97276,1.00,1.19
2017.10.10 01:22:18.298,7.97026,7.97272,1.00,1.00
2017.10.10 01:22:22.623,7.97024,7.97269,1.00,1.00
2017.10.10 01:22:25.974,7.97004,7.9727,1.00,1.00
2017.10.10 01:22:26.025,7.96979,7.97226,1.00,1.00
2017.10.10 01:22:26.359,7.96955,7.97201,1.00,1.00
2017.10.10 01:22:26.721,7.96927,7.97173,1.00,1.00
2017.10.10 01:22:27.031,7.96925,7.9713,1.10,1.00
2017.10.10 01:22:27.233,7.96925,7.97134,1.10,1.00
2017.10.10 01:22:27.285,7.96925,7.97138,1.10,1.00
2017.10.10 01:22:27.877,7.96926,7.97138,1.10,1.00
2017.10.10 01:22:28.269,7.96892,7.97138,1.00,1.00
2017.10.10 01:22:31.701,7.96888,7.97134,1.00,1.00
2017.10.10 01:22:32.186,7.96885,7.97131,1.00,1.00
2017.10.10 01:22:32.394,7.96899,7.97146,1.00,1.00
2017.10.10 01:22:32.445,7.96903,7.97148,1.00,1.00
2017.10.10 01:22:32.771,7.96911,7.97148,1.00,1.00
2017.10.10 01:22:34.533,7.96916,7.97147,1.00,1.00
2017.10.10 01:22:34.816,7.96926,7.97177,1.00,1.50
2017.10.10 01:22:34.867,7.9693,7.97177,1.00,1.50
2017.10.10 01:22:35.216,7.96933,7.97177,1.00,2.25
2017.10.10 01:22:36.060,7.96933,7.97176,1.00,1.50
2017.10.10 01:22:36.667,7.96933,7.97177,1.00,2.25
2017.10.10 01:22:37.168,7.96933,7.97176,1.00,1.50
2017.10.10 01:22:38.705,7.96933,7.97177,1.00,1.00
2017.10.10 01:22:39.701,7.96934,7.97177,1.00,1.00
2017.10.10 01:22:40.767,7.96943,7.97176,1.00,1.00
2017.10.10 01:22:41.217,7.96943,7.97169,1.00,1.00
2017.10.10 01:22:41.318,7.96932,7.9716,1.00,1.00
2017.10.10 01:22:41.420,7.96942,7.97167,1.00,1.00
2017.10.10 01:22:41.578,7.96942,7.97174,1.00,1.00
2017.10.10 01:22:42.083,7.96942,7.97169,1.00,1.00
2017.10.10 01:22:44.802,7.96932,7.97169,1.00,1.00
2017.10.10 01:22:44.853,7.96932,7.97165,1.00,1.00
2017.10.10 01:22:44.973,7.96932,7.97169,1.00,1.00
2017.10.10 01:22:45.382,7.96923,7.97169,1.00,1.00
2017.10.10 01:22:46.287,7.96922,7.97166,1.00,1.00
2017.10.10 01:22:46.401,7.9692,7.97166,1.00,1.00
2017.10.10 01:22:48.403,7.96918,7.97164,1.00,1.00
2017.10.10 01:22:48.939,7.96913,7.97159,1.00,1.00
2017.10.10 01:22:49.316,7.96922,7.9716,1.00,1.00
2017.10.10 01:22:49.571,7.96914,7.9716,1.00,1.00
2017.10.10 01:22:49.860,7.96912,7.97157,1.00,1.00
2017.10.10 01:22:50.298,7.96923,7.97157,1.00,1.00
2017.10.10 01:22:50.349,7.96913,7.97157,1.00,1.00
2017.10.10 01:22:51.358,7.96915,7.97159,1.00,1.00
2017.10.10 01:22:54.741,7.96917,7.97164,1.00,1.00
2017.10.10 01:22:57.656,7.96914,7.9716,1.00,1.00
2017.10.10 01:22:58.990,7.96927,7.97171,1.00,1.19
2017.10.10 01:22:59.294,7.96938,7.97177,1.00,1.00
2017.10.10 01:22:59.446,7.96931,7.97177,1.00,1.50
2017.10.10 01:22:59.899,7.96941,7.97206,1.00,1.00
2017.10.10 01:23:00.000,7.96962,7.97208,1.00,1.00
2017.10.10 01:23:00.317,7.9698,7.97226,1.00,1.00
2017.10.10 01:23:00.421,7.96987,7.97234,1.00,1.00
2017.10.10 01:23:00.523,7.96993,7.97239,1.00,1.00
2017.10.10 01:23:00.906,7.96993,7.97218,1.00,1.00
2017.10.10 01:23:01.117,7.96987,7.97218,1.00,1.00
2017.10.10 01:23:01.168,7.96983,7.97218,1.00,1.00
2017.10.10 01:23:01.341,7.96976,7.97217,1.00,1.00
2017.10.10 01:23:02.246,7.9697,7.97217,1.00,1.00
2017.10.10 01:23:02.487,7.96945,7.97192,1.00,1.00
2017.10.10 01:23:03.031,7.9694,7.97186,1.00,1.00
2017.10.10 01:23:07.516,7.96936,7.97182,1.00,1.00
2017.10.10 01:23:08.765,7.96942,7.97188,1.00,1.00
2017.10.10 01:23:12.439,7.96929,7.97176,1.00,1.00
2017.10.10 01:23:12.541,7.96926,7.97172,1.00,1.00
2017.10.10 01:23:12.817,7.96931,7.97178,1.00,1.00
2017.10.10 01:23:13.400,7.96932,7.97178,1.00,1.00
2017.10.10 01:23:14.265,7.96936,7.9718,1.00,1.00
2017.10.10 01:23:14.417,7.96939,7.97185,1.00,1.00
2017.10.10 01:23:17.319,7.96939,7.97186,1.00,1.00
2017.10.10 01:23:17.370,7.96946,7.97192,1.00,1.25
2017.10.10 01:23:17.848,7.96884,7.97148,1.00,1.00
2017.10.10 01:23:17.899,7.96857,7.97148,1.00,1.00
2017.10.10 01:23:17.950,7.96853,7.97134,1.00,1.19
2017.10.10 01:23:18.294,7.9684,7.97086,1.00,1.00
2017.10.10 01:23:20.449,7.96836,7.97082,1.00,1.00
2017.10.10 01:23:20.771,7.96798,7.97042,1.75,1.00
2017.10.10 01:23:21.106,7.96818,7.97018,1.50,1.00
2017.10.10 01:23:21.158,7.96818,7.97024,1.50,1.00
2017.10.10 01:23:21.209,7.96817,7.97017,1.50,1.00
2017.10.10 01:23:21.595,7.96728,7.97002,1.87,1.00
2017.10.10 01:23:21.696,7.96755,7.97001,1.00,1.00
2017.10.10 01:23:21.747,7.96742,7.9701,1.00,1.00
2017.10.10 01:23:21.799,7.96727,7.96995,1.00,1.00
2017.10.10 01:23:22.103,7.96743,7.9699,1.00,1.00
2017.10.10 01:23:22.406,7.96734,7.96978,1.00,1.00
2017.10.10 01:23:22.457,7.96728,7.96974,1.00,1.00
2017.10.10 01:23:23.092,7.96765,7.97009,1.00,1.00
2017.10.10 01:23:23.143,7.96753,7.97017,1.00,1.69
2017.10.10 01:23:23.194,7.96776,7.97017,1.00,1.00
2017.10.10 01:23:23.643,7.96782,7.97017,1.00,1.00
2017.10.10 01:23:24.121,7.96743,7.96989,1.00,1.00
2017.10.10 01:23:24.172,7.96739,7.96988,1.00,1.00
2017.10.10 01:23:24.223,7.96725,7.9697,1.00,1.00
2017.10.10 01:23:24.324,7.96728,7.96974,1.00,1.00
2017.10.10 01:23:24.375,7.96724,7.96984,1.10,1.00
2017.10.10 01:23:24.426,7.96724,7.96986,1.10,1.00
2017.10.10 01:23:24.566,7.96725,7.9699,1.00,1.00
2017.10.10 01:23:24.822,7.96724,7.96982,1.10,1.00
2017.10.10 01:23:24.942,7.96715,7.96982,1.00,1.00
2017.10.10 01:23:25.531,7.96714,7.96939,1.00,1.00
2017.10.10 01:23:25.854,7.9668,7.96898,1.10,1.00
2017.10.10 01:23:26.107,7.96617,7.96871,1.00,1.19
2017.10.10 01:23:26.208,7.967,7.96874,1.00,1.00
2017.10.10 01:23:26.425,7.96603,7.96889,1.00,1.19
2017.10.10 01:23:26.476,7.9668,7.96889,1.10,1.19
2017.10.10 01:23:26.527,7.9668,7.969,1.10,1.37
2017.10.10 01:23:26.601,7.96681,7.96903,1.10,1.25
2017.10.10 01:23:27.192,7.9668,7.96908,1.10,1.19
2017.10.10 01:23:27.243,7.9668,7.96908,1.10,1.00
2017.10.10 01:23:27.457,7.9668,7.96888,1.10,1.00
2017.10.10 01:23:27.559,7.9668,7.96918,1.10,1.00
2017.10.10 01:23:28.064,7.9668,7.96917,1.10,1.00
2017.10.10 01:23:28.573,7.9668,7.96918,1.10,1.00
2017.10.10 01:23:28.624,7.9668,7.96911,1.10,1.00
2017.10.10 01:23:28.961,7.9668,7.96877,1.10,1.44
2017.10.10 01:23:29.013,7.96681,7.96877,1.10,1.25
2017.10.10 01:23:29.065,7.96681,7.96869,1.10,1.00
2017.10.10 01:23:29.116,7.96681,7.96875,1.10,1.00
2017.10.10 01:23:29.167,7.96681,7.9689,1.10,1.00
2017.10.10 01:23:29.433,7.9668,7.96893,1.10,1.00
2017.10.10 01:23:29.535,7.9668,7.96898,1.10,1.56
2017.10.10 01:23:29.586,7.9668,7.96898,1.10,1.37
2017.10.10 01:23:29.801,7.9668,7.96892,1.10,1.00
2017.10.10 01:23:30.110,7.9668,7.96859,1.10,1.00
2017.10.10 01:23:30.419,7.9668,7.9684,1.10,1.00
2017.10.10 01:23:30.571,7.96681,7.96846,1.10,1.25
2017.10.10 01:23:30.781,7.96681,7.96857,1.10,1.00
2017.10.10 01:23:30.934,7.96583,7.96857,1.00,1.00
2017.10.10 01:23:31.087,7.96583,7.96846,1.00,1.00
2017.10.10 01:23:31.138,7.96583,7.96849,1.00,1.00
2017.10.10 01:23:31.189,7.96592,7.96849,1.00,1.00
2017.10.10 01:23:31.248,7.96592,7.96853,1.00,1.19
2017.10.10 01:23:31.299,7.96583,7.96853,1.00,1.00
2017.10.10 01:23:31.571,7.96592,7.96853,1.00,1.00
2017.10.10 01:23:31.623,7.96583,7.96853,1.00,1.00
2017.10.10 01:23:31.674,7.96596,7.96842,1.00,1.00
2017.10.10 01:23:32.094,7.96582,7.96825,1.00,1.00
2017.10.10 01:23:32.145,7.96585,7.96831,1.00,1.00
2017.10.10 01:23:32.208,7.96582,7.96824,1.00,1.00
2017.10.10 01:23:32.309,7.96587,7.96832,1.00,1.00
2017.10.10 01:23:32.360,7.96588,7.96834,1.00,1.00
2017.10.10 01:23:32.483,7.96593,7.96838,1.00,1.00
2017.10.10 01:23:32.787,7.96583,7.96833,1.00,1.00
2017.10.10 01:23:32.888,7.96572,7.96843,1.00,1.00
2017.10.10 01:23:32.939,7.96579,7.96849,1.00,1.00
2017.10.10 01:23:32.990,7.96584,7.96855,1.00,1.00
2017.10.10 01:23:33.041,7.96582,7.9685,1.00,1.00
2017.10.10 01:23:33.092,7.96578,7.9685,1.00,1.00
2017.10.10 01:23:33.143,7.96582,7.96844,1.00,1.00
2017.10.10 01:23:33.194,7.96582,7.96851,1.00,1.00
2017.10.10 01:23:33.245,7.96583,7.96849,1.00,1.00
2017.10.10 01:23:33.559,7.96582,7.96835,1.00,1.00
2017.10.10 01:23:33.661,7.96582,7.96841,1.00,1.00
2017.10.10 01:23:33.712,7.96582,7.96833,1.00,1.00
2017.10.10 01:23:33.813,7.96582,7.96837,1.00,1.00
2017.10.10 01:23:33.864,7.96583,7.96845,1.00,1.00
2017.10.10 01:23:33.915,7.96583,7.96851,1.00,1.00
2017.10.10 01:23:34.017,7.96606,7.9685,1.00,1.00
2017.10.10 01:23:34.068,7.96592,7.96838,1.00,1.00
2017.10.10 01:23:34.119,7.96596,7.96842,1.00,1.00
2017.10.10 01:23:34.369,7.96587,7.96834,1.00,1.00
2017.10.10 01:23:34.443,7.96592,7.96838,1.00,1.00
2017.10.10 01:23:34.495,7.96592,7.96851,1.00,1.00
2017.10.10 01:23:34.548,7.96592,7.96856,1.00,1.00
2017.10.10 01:23:34.599,7.96602,7.96856,1.00,1.00
2017.10.10 01:23:34.904,7.96635,7.96857,1.00,1.00
2017.10.10 01:23:34.956,7.96631,7.96856,1.00,1.00
2017.10.10 01:23:35.057,7.96622,7.96856,1.00,1.00
2017.10.10 01:23:35.108,7.96602,7.96857,1.00,1.00
2017.10.10 01:23:35.159,7.96605,7.96857,1.00,1.00
2017.10.10 01:23:35.249,7.96602,7.96857,1.00,1.00
2017.10.10 01:23:35.400,7.96596,7.96857,1.19,1.00
2017.10.10 01:23:35.552,7.96609,7.96855,1.00,1.00
2017.10.10 01:23:35.858,7.96593,7.96857,1.00,1.00
2017.10.10 01:23:35.909,7.96604,7.96857,1.00,1.00
2017.10.10 01:23:36.439,7.96629,7.96856,1.00,1.00
2017.10.10 01:23:36.591,7.96619,7.96857,1.00,1.00
2017.10.10 01:23:36.873,7.96616,7.96857,1.00,1.00
2017.10.10 01:23:37.049,7.96607,7.96853,1.19,1.00
2017.10.10 01:23:37.100,7.96603,7.96849,1.00,1.00
2017.10.10 01:23:37.152,7.96593,7.96857,1.19,1.00
2017.10.10 01:23:37.453,7.96593,7.96859,1.00,1.00
2017.10.10 01:23:37.504,7.96593,7.96857,1.00,1.00
2017.10.10 01:23:37.820,7.9663,7.96857,1.00,1.00
2017.10.10 01:23:38.141,7.96635,7.96857,1.00,1.00
2017.10.10 01:23:38.447,7.9663,7.96857,1.00,1.00
2017.10.10 01:23:38.498,7.96622,7.96857,1.00,1.00
2017.10.10 01:23:38.734,7.96617,7.96857,1.00,1.00
2017.10.10 01:23:38.785,7.9662,7.96857,1.00,1.00
2017.10.10 01:23:38.835,7.96618,7.96857,1.00,1.00
2017.10.10 01:23:39.548,7.96615,7.96857,1.00,1.00
2017.10.10 01:23:39.599,7.96582,7.96854,1.50,1.00
2017.10.10 01:23:39.650,7.96615,7.96856,1.00,1.00
2017.10.10 01:23:39.980,7.96612,7.96857,1.00,1.00
2017.10.10 01:23:40.088,7.96603,7.9685,1.50,1.00
2017.10.10 01:23:40.138,7.96614,7.96857,1.00,1.00
2017.10.10 01:23:40.291,7.96608,7.96853,1.00,1.00
2017.10.10 01:23:40.443,7.96601,7.96847,1.00,1.00
2017.10.10 01:23:40.538,7.96602,7.96849,1.00,1.00
2017.10.10 01:23:40.590,7.96614,7.96857,1.00,1.00
2017.10.10 01:23:40.641,7.9661,7.96857,1.00,1.50
2017.10.10 01:23:40.692,7.96607,7.96853,1.00,1.00
2017.10.10 01:23:40.968,7.96597,7.96844,1.00,1.25
2017.10.10 01:23:41.071,7.9661,7.96856,1.00,1.00
2017.10.10 01:23:41.472,7.96598,7.96842,1.00,1.00
2017.10.10 01:23:41.624,7.96604,7.9685,1.00,1.00
2017.10.10 01:23:41.961,7.96599,7.96845,1.00,1.00
2017.10.10 01:23:42.321,7.96605,7.96849,1.00,1.00
2017.10.10 01:23:42.848,7.96612,7.96856,1.00,1.00
2017.10.10 01:23:43.366,7.96618,7.96857,1.00,1.00
2017.10.10 01:23:43.726,7.96625,7.96857,1.00,1.00
2017.10.10 01:23:43.777,7.96617,7.96857,1.00,1.00
2017.10.10 01:23:43.835,7.96614,7.96857,1.00,1.00
2017.10.10 01:23:43.941,7.96618,7.96856,1.00,1.00
2017.10.10 01:23:44.290,7.96622,7.96857,1.00,1.00
2017.10.10 01:23:44.341,7.96612,7.96857,1.00,1.50
2017.10.10 01:23:45.076,7.96611,7.96857,1.00,1.50
2017.10.10 01:23:45.195,7.96626,7.96857,1.00,1.00
2017.10.10 01:23:45.344,7.96621,7.96857,1.00,1.00
2017.10.10 01:23:45.882,7.96621,7.96856,1.00,1.00
2017.10.10 01:23:46.383,7.96625,7.96856,1.00,1.00
2017.10.10 01:23:46.713,7.96625,7.96867,1.00,1.00
2017.10.10 01:23:46.764,7.96634,7.96867,1.00,1.00
2017.10.10 01:23:46.865,7.96631,7.96878,1.00,1.00
2017.10.10 01:23:46.916,7.96635,7.96893,1.00,1.00
2017.10.10 01:23:46.967,7.96622,7.96882,1.50,1.00
2017.10.10 01:23:47.018,7.96622,7.96863,1.00,1.00
2017.10.10 01:23:47.119,7.96618,7.96865,1.00,1.00
2017.10.10 01:23:47.170,7.96615,7.96861,1.00,1.00
2017.10.10 01:23:47.221,7.96611,7.96858,1.00,1.00
2017.10.10 01:23:47.307,7.96608,7.96853,1.00,1.00
2017.10.10 01:23:48.195,7.96608,7.96854,1.00,1.00
2017.10.10 01:23:48.563,7.96602,7.96844,1.00,1.00
2017.10.10 01:23:48.615,7.96604,7.96851,1.00,1.00
2017.10.10 01:23:48.812,7.96602,7.96844,1.00,1.00
2017.10.10 01:23:49.153,7.96585,7.96831,1.00,1.00
2017.10.10 01:23:49.204,7.96591,7.96838,1.00,1.00
2017.10.10 01:23:49.254,7.96595,7.96841,1.00,1.00
2017.10.10 01:23:49.305,7.96591,7.96838,1.00,1.00
2017.10.10 01:23:49.356,7.96601,7.96846,1.00,1.00
2017.10.10 01:23:49.458,7.96596,7.96843,1.00,1.00
2017.10.10 01:23:49.662,7.96591,7.96837,1.00,1.00
2017.10.10 01:23:50.565,7.96599,7.96845,1.00,1.00
2017.10.10 01:23:50.999,7.96591,7.96838,1.00,1.00
2017.10.10 01:23:52.114,7.96599,7.96845,1.00,1.00
2017.10.10 01:23:52.585,7.9659,7.96835,1.00,1.00
2017.10.10 01:23:52.999,7.96596,7.9684,1.00,1.00
2017.10.10 01:23:53.050,7.96599,7.96845,1.00,1.00
2017.10.10 01:23:53.268,7.96592,7.96846,1.00,1.00
2017.10.10 01:23:53.319,7.96575,7.96821,1.00,1.00
2017.10.10 01:23:53.623,7.96579,7.96825,1.00,1.00
2017.10.10 01:23:53.926,7.9658,7.96824,1.00,1.19
2017.10.10 01:23:54.047,7.96576,7.96821,1.00,1.00
2017.10.10 01:23:54.181,7.96572,7.96819,1.00,1.00
2017.10.10 01:23:54.231,7.96581,7.96825,1.00,1.19
2017.10.10 01:23:54.418,7.9659,7.96843,1.00,1.25
2017.10.10 01:23:54.519,7.96594,7.96855,1.00,1.37
2017.10.10 01:23:54.570,7.96594,7.96855,1.00,1.19
2017.10.10 01:23:54.621,7.96587,7.96837,1.00,1.00
2017.10.10 01:23:54.933,7.96573,7.9682,1.00,1.00
2017.10.10 01:23:55.455,7.9658,7.96824,1.00,1.19
2017.10.10 01:23:55.557,7.96572,7.96818,1.00,1.00
2017.10.10 01:23:55.782,7.96569,7.96813,1.00,1.00
2017.10.10 01:23:55.916,7.96574,7.9682,1.00,1.00
2017.10.10 01:23:56.082,7.96586,7.96834,1.00,1.37
2017.10.10 01:23:56.133,7.96586,7.96834,1.00,1.19
2017.10.10 01:23:56.185,7.96588,7.96842,1.00,1.00
2017.10.10 01:23:56.286,7.96577,7.96824,1.00,1.19
2017.10.10 01:23:56.337,7.96568,7.96815,1.00,1.00
2017.10.10 01:23:56.388,7.96579,7.96823,1.00,1.25
2017.10.10 01:23:56.540,7.96565,7.96811,1.00,1.00
2017.10.10 01:23:56.641,7.96574,7.9682,1.00,1.00
2017.10.10 01:23:57.330,7.96567,7.96813,1.00,1.00
2017.10.10 01:23:57.633,7.96574,7.96821,1.00,1.25
2017.10.10 01:23:57.734,7.96568,7.96814,1.00,1.00
2017.10.10 01:23:58.037,7.96566,7.96813,1.00,1.00
2017.10.10 01:23:58.088,7.96558,7.96804,1.00,1.00
2017.10.10 01:23:58.798,7.96531,7.96778,1.19,1.00
2017.10.10 01:23:58.848,7.96535,7.96782,1.19,1.00
2017.10.10 01:23:58.899,7.96537,7.96783,1.00,1.00
2017.10.10 01:23:58.950,7.96529,7.96776,1.00,1.19
2017.10.10 01:23:59.352,7.96538,7.96784,1.00,1.19
2017.10.10 01:23:59.407,7.96544,7.96789,1.00,1.00
2017.10.10 01:23:59.508,7.96558,7.96802,1.00,1.00
2017.10.10 01:23:59.836,7.96572,7.96816,1.00,1.00
2017.10.10 01:24:00.171,7.96609,7.96828,1.00,1.00
2017.10.10 01:24:00.222,7.96613,7.96841,1.00,1.00
2017.10.10 01:24:00.273,7.96628,7.96841,1.00,1.00
2017.10.10 01:24:00.324,7.96626,7.96866,1.00,1.00
2017.10.10 01:24:00.375,7.96626,7.96872,1.00,1.00
2017.10.10 01:24:00.426,7.96631,7.96875,1.00,1.00
2017.10.10 01:24:00.477,7.96622,7.96888,1.00,1.00
2017.10.10 01:24:00.528,7.96622,7.96887,1.19,1.00
2017.10.10 01:24:00.831,7.96618,7.96863,1.00,1.00
2017.10.10 01:24:00.882,7.96624,7.9687,1.00,1.00
2017.10.10 01:24:01.018,7.96633,7.96879,1.00,1.00
2017.10.10 01:24:01.322,7.96655,7.96887,1.00,1.00
2017.10.10 01:24:02.027,7.96656,7.96888,1.00,1.00
2017.10.10 01:24:02.366,7.96658,7.96888,1.00,1.00
2017.10.10 01:24:02.979,7.96603,7.96854,1.00,1.00
2017.10.10 01:24:03.109,7.96595,7.9684,1.10,1.00
2017.10.10 01:24:03.414,7.96585,7.9683,1.00,1.00
2017.10.10 01:24:03.791,7.96594,7.96839,1.00,1.00
2017.10.10 01:24:04.453,7.96601,7.96847,1.00,1.00
2017.10.10 01:24:04.779,7.96593,7.96839,1.00,1.00
2017.10.10 01:24:05.959,7.96588,7.96834,1.00,1.00
2017.10.10 01:24:08.239,7.96593,7.96838,1.00,1.00
2017.10.10 01:24:08.290,7.96603,7.96849,1.00,1.00
2017.10.10 01:24:08.749,7.96599,7.96845,1.00,1.00
2017.10.10 01:24:09.568,7.96603,7.96849,1.00,1.00
2017.10.10 01:24:09.881,7.96605,7.96851,1.00,1.00
2017.10.10 01:24:10.314,7.96607,7.96853,1.00,1.25
2017.10.10 01:24:10.889,7.96607,7.96853,1.00,1.19
2017.10.10 01:24:11.714,7.96607,7.96853,1.00,1.25
2017.10.10 01:24:12.098,7.96611,7.96855,1.00,1.19
2017.10.10 01:24:13.085,7.96614,7.96858,1.00,1.00
2017.10.10 01:24:13.137,7.96614,7.9686,1.00,1.00
2017.10.10 01:24:13.191,7.96607,7.96853,1.00,1.00
2017.10.10 01:24:13.538,7.96597,7.96843,1.00,1.00
2017.10.10 01:24:13.851,7.96603,7.96848,1.00,1.00
2017.10.10 01:24:14.284,7.96597,7.96843,1.00,1.00
2017.10.10 01:24:14.930,7.96596,7.96843,1.00,1.00
2017.10.10 01:24:16.018,7.96592,7.96846,1.00,1.00
2017.10.10 01:24:16.166,7.96569,7.96816,1.00,1.00
2017.10.10 01:24:16.510,7.96577,7.96822,1.00,1.00
2017.10.10 01:24:16.667,7.96585,7.96831,1.00,1.00
2017.10.10 01:24:16.718,7.96581,7.96827,1.00,1.00
2017.10.10 01:24:17.054,7.96588,7.96832,1.00,1.00
2017.10.10 01:24:17.403,7.96586,7.96857,1.00,1.00
2017.10.10 01:24:17.454,7.96573,7.96843,1.00,1.25
2017.10.10 01:24:17.758,7.96568,7.96814,1.00,1.19
2017.10.10 01:24:18.000,7.96577,7.96823,1.00,1.25
2017.10.10 01:24:18.051,7.96559,7.96832,1.00,1.00
2017.10.10 01:24:18.301,7.96584,7.96828,1.00,1.00
2017.10.10 01:24:19.521,7.9658,7.96825,1.00,1.00
2017.10.10 01:24:19.802,7.96575,7.96819,1.00,1.00
2017.10.10 01:24:19.853,7.96569,7.96815,1.00,1.00
2017.10.10 01:24:19.904,7.96573,7.9682,1.00,1.00
2017.10.10 01:24:19.955,7.96568,7.96812,1.00,1.00
2017.10.10 01:24:20.107,7.96573,7.96818,1.00,1.00
2017.10.10 01:24:20.158,7.96576,7.96822,1.00,1.00
2017.10.10 01:24:20.209,7.96587,7.96833,1.00,1.25
2017.10.10 01:24:20.614,7.9659,7.96837,1.00,1.19
2017.10.10 01:24:20.667,7.96581,7.96827,1.25,1.00
2017.10.10 01:24:21.464,7.96576,7.96822,1.00,1.00
2017.10.10 01:24:22.421,7.96581,7.96827,1.00,1.00
2017.10.10 01:24:23.002,7.96578,7.96822,1.00,1.00
2017.10.10 01:24:23.132,7.96581,7.96827,1.00,1.00
2017.10.10 01:24:23.914,7.96578,7.96822,1.00,1.00
2017.10.10 01:24:24.329,7.96573,7.96819,1.00,1.00
2017.10.10 01:24:24.638,7.96577,7.96823,1.00,1.00
2017.10.10 01:24:25.730,7.96577,7.96822,1.00,1.25
2017.10.10 01:24:25.780,7.96568,7.96814,1.00,1.00
2017.10.10 01:24:25.949,7.96577,7.96824,1.00,1.19
2017.10.10 01:24:26.574,7.96577,7.96824,1.00,1.00
2017.10.10 01:24:27.568,7.96568,7.96812,1.00,1.00
2017.10.10 01:24:27.619,7.96571,7.96817,1.00,1.00
2017.10.10 01:24:27.780,7.96565,7.9681,1.00,1.00
2017.10.10 01:24:27.831,7.96567,7.96814,1.00,1.00
2017.10.10 01:24:27.882,7.96571,7.96815,1.00,1.00
2017.10.10 01:24:27.932,7.96566,7.96812,1.00,1.00
2017.10.10 01:24:28.034,7.96573,7.96819,1.00,1.00
2017.10.10 01:24:28.458,7.96566,7.96813,1.00,1.00
2017.10.10 01:24:28.608,7.96571,7.96817,1.00,1.00
2017.10.10 01:24:29.480,7.96568,7.96812,1.00,1.00
2017.10.10 01:24:29.641,7.96576,7.96823,1.00,1.25
2017.10.10 01:24:29.953,7.9658,7.96827,1.00,1.00
2017.10.10 01:24:30.277,7.96592,7.96826,1.00,1.00
2017.10.10 01:24:30.328,7.96583,7.96826,1.00,1.00
2017.10.10 01:24:30.379,7.9658,7.96826,1.00,1.00
2017.10.10 01:24:30.431,7.96592,7.96838,1.00,1.19
2017.10.10 01:24:30.482,7.96598,7.96844,1.00,1.00
2017.10.10 01:24:30.584,7.96572,7.96818,1.50,1.00
2017.10.10 01:24:30.837,7.96522,7.96769,1.00,1.00
2017.10.10 01:24:30.927,7.96518,7.96762,1.00,1.00
2017.10.10 01:24:30.978,7.96508,7.96753,1.00,1.00
2017.10.10 01:24:31.045,7.96516,7.9676,1.00,1.00
2017.10.10 01:24:31.096,7.96513,7.96759,1.00,1.00
2017.10.10 01:24:31.197,7.96526,7.96772,1.00,1.19
2017.10.10 01:24:31.403,7.96539,7.96785,1.00,1.00
2017.10.10 01:24:31.652,7.96536,7.9678,1.00,1.00
2017.10.10 01:24:31.813,7.96533,7.96779,1.00,1.00
2017.10.10 01:24:32.314,7.96537,7.96783,1.00,1.00
2017.10.10 01:24:32.665,7.96534,7.9678,1.00,1.00
2017.10.10 01:24:34.450,7.9654,7.96786,1.00,1.00
2017.10.10 01:24:34.849,7.96548,7.96787,1.00,1.00
2017.10.10 01:24:34.900,7.96538,7.96784,1.00,1.00
2017.10.10 01:24:35.233,7.96534,7.9678,1.00,1.00
2017.10.10 01:24:35.560,7.96539,7.96785,1.00,1.00
2017.10.10 01:24:35.907,7.96534,7.9678,1.00,1.00
2017.10.10 01:24:36.821,7.96532,7.96776,1.00,1.00
2017.10.10 01:24:37.644,7.96535,7.96781,1.00,1.00
2017.10.10 01:24:37.785,7.96545,7.96786,1.00,1.00
2017.10.10 01:24:38.089,7.96565,7.96797,1.00,1.00
2017.10.10 01:24:38.331,7.96561,7.96797,1.00,1.00
2017.10.10 01:24:38.449,7.96564,7.96797,1.00,1.00
2017.10.10 01:24:38.500,7.96571,7.96817,1.00,1.00
2017.10.10 01:24:38.602,7.96562,7.96808,1.50,1.00
2017.10.10 01:24:39.214,7.96563,7.96809,1.00,1.00
2017.10.10 01:24:39.523,7.96593,7.96837,1.00,1.19
2017.10.10 01:24:39.574,7.96593,7.96837,1.00,1.00
2017.10.10 01:24:39.625,7.96603,7.96837,1.00,1.00
2017.10.10 01:24:40.819,7.96613,7.96837,1.00,1.00
2017.10.10 01:24:41.026,7.96613,7.96845,1.00,1.00
2017.10.10 01:24:41.077,7.96621,7.96867,1.00,1.00
2017.10.10 01:24:41.128,7.96632,7.96869,1.00,1.00
2017.10.10 01:24:41.180,7.96632,7.96873,1.00,1.00
2017.10.10 01:24:41.231,7.96642,7.96874,1.00,1.00
2017.10.10 01:24:41.282,7.96652,7.96887,1.00,1.00
2017.10.10 01:24:41.333,7.96652,7.96891,1.00,1.00
2017.10.10 01:24:41.471,7.96652,7.96896,1.00,1.00
2017.10.10 01:24:41.522,7.9666,7.96906,1.00,1.00
2017.10.10 01:24:42.190,7.96662,7.96906,1.00,1.00
2017.10.10 01:24:46.123,7.96665,7.96912,1.00,1.00
2017.10.10 01:24:46.174,7.96662,7.96902,1.00,1.00
2017.10.10 01:24:46.427,7.96656,7.96902,1.00,1.00
2017.10.10 01:24:47.455,7.96664,7.9691,1.00,1.00
2017.10.10 01:24:50.577,7.96673,7.96919,1.00,1.00
2017.10.10 01:24:51.002,7.9667,7.96914,1.00,1.00
2017.10.10 01:24:54.297,7.96672,7.96914,1.00,1.00
2017.10.10 01:24:54.360,7.96675,7.96921,1.00,1.00
2017.10.10 01:24:54.462,7.96695,7.96928,1.00,1.00
2017.10.10 01:24:54.766,7.96699,7.96928,1.00,1.00
2017.10.10 01:24:55.325,7.96692,7.96928,1.00,1.00
2017.10.10 01:24:55.376,7.96683,7.96928,1.00,1.00
2017.10.10 01:24:55.492,7.96687,7.96928,1.00,1.00
2017.10.10 01:24:55.827,7.96691,7.96928,1.00,1.00
2017.10.10 01:24:57.064,7.96681,7.96927,1.25,1.00
2017.10.10 01:24:57.115,7.96686,7.96928,1.00,1.00
2017.10.10 01:24:57.166,7.96682,7.96927,1.00,1.00
2017.10.10 01:24:57.250,7.96676,7.96922,1.00,1.00
2017.10.10 01:24:58.266,7.96633,7.96896,1.75,1.00
2017.10.10 01:24:58.419,7.96614,7.96877,1.00,1.00
2017.10.10 01:24:58.470,7.96609,7.96873,1.00,1.00
2017.10.10 01:24:59.222,7.96609,7.96873,1.00,1.19
2017.10.10 01:24:59.273,7.96605,7.96868,1.00,1.00
2017.10.10 01:24:59.819,7.96608,7.96872,1.00,1.00
2017.10.10 01:25:00.846,7.96606,7.9687,1.00,1.00
2017.10.10 01:25:01.251,7.96621,7.96867,1.00,1.19
2017.10.10 01:25:01.732,7.96616,7.96862,1.00,1.00
2017.10.10 01:25:02.484,7.9662,7.96866,1.00,1.00
2017.10.10 01:25:03.010,7.9663,7.96876,1.00,1.00
2017.10.10 01:25:03.341,7.96624,7.96868,1.00,1.00
2017.10.10 01:25:05.695,7.96619,7.96865,1.00,1.00
2017.10.10 01:25:05.745,7.96644,7.9689,1.00,1.00
2017.10.10 01:25:06.078,7.96671,7.96917,1.00,1.19
2017.10.10 01:25:07.706,7.96625,7.96871,1.19,1.00
2017.10.10 01:25:07.757,7.96625,7.96871,1.00,1.00
2017.10.10 01:25:07.859,7.96614,7.9686,1.00,1.00
2017.10.10 01:25:08.248,7.96613,7.96857,1.00,1.00
2017.10.10 01:25:08.301,7.96608,7.96854,1.00,1.00
2017.10.10 01:25:08.436,7.96613,7.96859,1.00,1.00
2017.10.10 01:25:09.004,7.96617,7.96861,1.00,1.00
2017.10.10 01:25:09.624,7.96612,7.96858,1.00,1.00
2017.10.10 01:25:10.477,7.96616,7.96862,1.00,1.25
2017.10.10 01:25:10.994,7.96619,7.96865,1.00,1.19
2017.10.10 01:25:11.181,7.96619,7.96865,1.00,1.00
2017.10.10 01:25:13.852,7.96623,7.96869,1.00,1.00
2017.10.10 01:25:14.277,7.96616,7.96862,1.00,1.00
2017.10.10 01:25:14.604,7.96649,7.96895,1.00,1.00
2017.10.10 01:25:14.957,7.96645,7.96891,1.00,1.00
2017.10.10 01:25:15.633,7.96648,7.96894,1.00,1.00
2017.10.10 01:25:17.514,7.96643,7.96887,1.00,1.00
2017.10.10 01:25:19.366,7.9665,7.96896,1.00,1.00
2017.10.10 01:25:19.475,7.96658,7.96903,1.00,1.00
2017.10.10 01:25:19.778,7.96666,7.96911,1.00,1.00
2017.10.10 01:25:19.898,7.96662,7.96908,1.00,1.00
2017.10.10 01:25:20.772,7.96668,7.96914,1.00,1.00
2017.10.10 01:25:21.076,7.9667,7.96916,1.00,1.00
2017.10.10 01:25:21.625,7.96663,7.96909,1.00,1.00
2017.10.10 01:25:21.928,7.9666,7.96906,1.00,1.00
2017.10.10 01:25:22.315,7.96646,7.96892,1.00,1.00
2017.10.10 01:25:22.716,7.96643,7.96889,1.00,1.00
2017.10.10 01:25:23.228,7.96646,7.96892,1.00,1.00
2017.10.10 01:25:23.719,7.96621,7.96867,1.00,1.00
2017.10.10 01:25:24.262,7.96622,7.96868,1.00,1.00
2017.10.10 01:25:25.030,7.96623,7.96869,1.00,1.00
2017.10.10 01:25:25.472,7.96619,7.96865,1.00,1.00
2017.10.10 01:25:26.536,7.96619,7.96865,1.00,1.19
2017.10.10 01:25:26.587,7.96617,7.96863,1.00,1.25
2017.10.10 01:25:27.062,7.96616,7.9686,1.00,1.00
2017.10.10 01:25:28.149,7.96619,7.96863,1.00,1.25
2017.10.10 01:25:28.950,7.9661,7.96856,1.00,1.00
2017.10.10 01:25:31.200,7.96606,7.96852,1.00,1.00
2017.10.10 01:25:31.503,7.96592,7.96837,1.00,1.00
2017.10.10 01:25:31.844,7.96582,7.96826,1.00,1.00
2017.10.10 01:25:32.002,7.96577,7.96823,1.00,1.00
2017.10.10 01:25:32.904,7.96585,7.96831,1.00,1.00
2017.10.10 01:25:33.824,7.96591,7.96836,1.00,1.19
2017.10.10 01:25:33.875,7.96594,7.96839,1.00,1.00
2017.10.10 01:25:33.926,7.96603,7.96849,1.00,1.00
2017.10.10 01:25:33.977,7.96616,7.96862,1.00,1.19
2017.10.10 01:25:34.098,7.96614,7.96858,1.00,1.00
2017.10.10 01:25:34.712,7.96617,7.96863,1.00,1.25
2017.10.10 01:25:35.656,7.96611,7.96857,1.00,1.00
2017.10.10 01:25:37.636,7.96623,7.96869,1.00,1.37
2017.10.10 01:25:37.687,7.96623,7.96869,1.00,1.00
2017.10.10 01:25:39.063,7.96619,7.96864,1.00,1.00
2017.10.10 01:25:39.404,7.96616,7.96859,1.00,1.00
2017.10.10 01:25:39.986,7.96614,7.9686,1.00,1.00
2017.10.10 01:25:40.628,7.96613,7.9686,1.00,1.00
2017.10.10 01:25:46.215,7.9663,7.96876,1.00,1.69
2017.10.10 01:25:46.266,7.96625,7.96871,1.00,1.00
2017.10.10 01:25:46.368,7.96639,7.96886,1.00,1.00
2017.10.10 01:25:46.470,7.96635,7.96882,1.00,1.00
2017.10.10 01:25:47.574,7.96638,7.96885,1.00,1.00
2017.10.10 01:25:54.093,7.96637,7.96883,1.00,1.00
2017.10.10 01:25:55.090,7.96638,7.96884,1.00,1.00
2017.10.10 01:25:57.740,7.96645,7.96892,1.00,1.00
2017.10.10 01:25:57.975,7.9665,7.96895,1.00,1.00
2017.10.10 01:26:02.604,7.96655,7.96899,1.00,1.00
2017.10.10 01:26:08.300,7.96649,7.96895,1.00,1.00
2017.10.10 01:26:09.206,7.96642,7.96888,1.00,1.00
2017.10.10 01:26:10.119,7.9664,7.96886,1.00,1.00
2017.10.10 01:26:11.039,7.96656,7.96909,1.00,1.00
2017.10.10 01:26:11.090,7.96669,7.96914,1.00,1.00
2017.10.10 01:26:11.141,7.96665,7.96911,1.00,1.00
2017.10.10 01:26:11.271,7.9667,7.96914,1.00,1.00
2017.10.10 01:26:11.538,7.96663,7.96909,1.00,1.00
2017.10.10 01:26:11.692,7.96668,7.96914,1.00,1.00
2017.10.10 01:26:12.263,7.96672,7.96916,1.00,1.00
2017.10.10 01:26:12.315,7.96675,7.96921,1.00,1.00
2017.10.10 01:26:13.453,7.9666,7.96904,1.19,1.00
2017.10.10 01:26:13.505,7.96653,7.96899,1.00,1.00
2017.10.10 01:26:13.843,7.96657,7.96903,1.00,1.00
2017.10.10 01:26:14.057,7.96653,7.969,1.00,1.00
2017.10.10 01:26:16.300,7.9665,7.96895,1.00,1.00
2017.10.10 01:26:16.682,7.96645,7.96891,1.00,1.00
2017.10.10 01:26:17.634,7.96646,7.96892,1.00,1.00
2017.10.10 01:26:19.925,7.96662,7.96906,1.00,1.00
2017.10.10 01:26:19.975,7.96667,7.96914,1.00,1.00
2017.10.10 01:26:21.609,7.96653,7.96899,1.19,1.00
2017.10.10 01:26:21.660,7.96653,7.96899,1.00,1.00
2017.10.10 01:26:23.397,7.96662,7.96908,1.00,1.25
2017.10.10 01:26:23.894,7.96666,7.96912,1.00,1.00
2017.10.10 01:26:24.570,7.96667,7.96913,1.00,1.00
2017.10.10 01:26:25.149,7.96669,7.96916,1.00,1.00
2017.10.10 01:26:29.325,7.96673,7.96917,1.00,1.00
2017.10.10 01:26:32.689,7.96671,7.96917,1.00,1.00
2017.10.10 01:26:34.276,7.96672,7.96918,1.00,1.00
2017.10.10 01:26:36.516,7.96648,7.96895,1.00,1.00
2017.10.10 01:26:36.567,7.96644,7.96888,1.00,1.00
2017.10.10 01:26:36.668,7.96648,7.96894,1.00,1.00
2017.10.10 01:26:39.183,7.96642,7.96888,1.00,1.00
2017.10.10 01:26:40.179,7.96641,7.96887,1.00,1.00
2017.10.10 01:26:42.230,7.96639,7.96886,1.00,1.00
2017.10.10 01:26:45.890,7.96638,7.96884,1.00,1.00
2017.10.10 01:26:46.195,7.9664,7.96886,1.00,1.00
2017.10.10 01:26:46.537,7.96628,7.96874,1.00,1.00
2017.10.10 01:26:46.914,7.96626,7.9687,1.00,1.00
2017.10.10 01:26:47.694,7.96627,7.96873,1.00,1.19
2017.10.10 01:26:48.255,7.96627,7.96873,1.00,1.25
2017.10.10 01:26:48.813,7.96624,7.9687,1.00,1.00
2017.10.10 01:26:50.993,7.96621,7.96868,1.00,1.00
2017.10.10 01:26:51.903,7.96626,7.96872,1.00,1.00
2017.10.10 01:26:54.213,7.96627,7.96873,1.00,1.25
2017.10.10 01:26:56.672,7.96642,7.96889,1.00,1.00
2017.10.10 01:26:56.834,7.9662,7.96891,1.19,1.00
2017.10.10 01:26:56.885,7.96635,7.96881,1.00,1.00
2017.10.10 01:26:56.936,7.9662,7.96891,1.00,1.00
2017.10.10 01:26:57.366,7.96641,7.96887,1.00,1.00
2017.10.10 01:26:57.417,7.9662,7.96892,1.00,1.00
2017.10.10 01:27:02.322,7.96636,7.96892,1.00,1.00
2017.10.10 01:27:02.724,7.96636,7.96895,1.00,1.00
2017.10.10 01:27:02.829,7.96649,7.96895,1.00,1.00
2017.10.10 01:27:03.267,7.96636,7.9688,1.19,1.00
2017.10.10 01:27:03.318,7.96624,7.9687,1.00,1.00
2017.10.10 01:27:03.369,7.96618,7.96853,1.00,1.00
2017.10.10 01:27:03.421,7.96602,7.96839,1.00,1.00
2017.10.10 01:27:03.472,7.96602,7.9683,1.00,1.00
2017.10.10 01:27:03.573,7.96586,7.9683,1.00,1.00
2017.10.10 01:27:04.251,7.96586,7.96834,1.00,1.00
2017.10.10 01:27:04.302,7.96605,7.96849,1.00,1.00
2017.10.10 01:27:04.353,7.96605,7.96854,1.00,1.00
2017.10.10 01:27:04.404,7.9662,7.96867,1.00,1.19
2017.10.10 01:27:04.454,7.9662,7.96871,1.00,1.00
2017.10.10 01:27:04.606,7.9662,7.96868,1.00,1.00
2017.10.10 01:27:05.107,7.96622,7.96868,1.00,1.00
2017.10.10 01:27:05.922,7.96612,7.96858,1.00,1.00
2017.10.10 01:27:07.371,7.96599,7.9687,1.00,1.00
2017.10.10 01:27:08.817,7.96625,7.96871,1.00,1.00
2017.10.10 01:27:10.240,7.96623,7.96869,1.00,1.00
2017.10.10 01:27:13.273,7.96614,7.9686,1.00,1.00
2017.10.10 01:27:13.633,7.96595,7.96841,1.00,1.00
2017.10.10 01:27:14.939,7.96605,7.96851,1.00,1.19
2017.10.10 01:27:14.990,7.96614,7.9686,1.00,1.00
2017.10.10 01:27:17.754,7.96617,7.96863,1.00,1.00
2017.10.10 01:27:20.742,7.96608,7.96855,1.00,1.00
2017.10.10 01:27:21.084,7.96615,7.96862,1.00,1.00
2017.10.10 01:27:25.270,7.96617,7.96864,1.00,1.00
2017.10.10 01:27:25.812,7.96619,7.96866,1.00,1.00
2017.10.10 01:27:29.681,7.96623,7.96867,1.00,1.00
2017.10.10 01:27:30.241,7.96623,7.96866,1.00,1.00
2017.10.10 01:27:30.777,7.96632,7.96867,1.00,1.00
2017.10.10 01:27:32.784,7.96634,7.96867,1.00,1.00
2017.10.10 01:27:40.300,7.96635,7.96867,1.00,1.00
2017.10.10 01:27:41.003,7.96631,7.96866,1.00,1.00
2017.10.10 01:27:41.229,7.96636,7.96866,1.00,1.00
2017.10.10 01:27:42.107,7.96636,7.96867,1.00,1.00
2017.10.10 01:27:42.586,7.96627,7.96867,1.00,1.00
2017.10.10 01:27:46.818,7.96631,7.96867,1.00,1.00
2017.10.10 01:27:48.030,7.96634,7.96867,1.00,1.00
2017.10.10 01:27:48.145,7.96629,7.96867,1.00,1.00
2017.10.10 01:27:49.000,7.96628,7.96867,1.00,1.00
2017.10.10 01:27:49.418,7.96633,7.96867,1.00,1.00
2017.10.10 01:27:49.733,7.96639,7.96866,1.00,1.00
2017.10.10 01:27:50.289,7.96639,7.96867,1.00,1.00
2017.10.10 01:27:51.161,7.96632,7.96867,1.00,1.00
2017.10.10 01:27:52.417,7.96632,7.96866,1.00,1.00
2017.10.10 01:27:54.333,7.96634,7.96866,1.00,1.00
2017.10.10 01:27:55.380,7.96634,7.96867,1.00,1.00
2017.10.10 01:27:56.921,7.96634,7.96866,1.00,1.00
2017.10.10 01:27:56.972,7.96617,7.96863,1.00,1.00
2017.10.10 01:27:57.125,7.96625,7.96867,1.00,1.00
2017.10.10 01:27:57.534,7.96632,7.96867,1.00,1.00
2017.10.10 01:27:58.484,7.96628,7.96866,1.00,1.00
2017.10.10 01:27:59.289,7.96632,7.96867,1.00,1.00
2017.10.10 01:28:01.849,7.96634,7.96867,1.00,1.00
2017.10.10 01:28:08.080,7.96638,7.96866,1.00,1.00
2017.10.10 01:28:08.390,7.96654,7.96867,1.00,1.00
2017.10.10 01:28:09.363,7.96649,7.96867,1.00,1.00
2017.10.10 01:28:10.360,7.96651,7.96867,1.00,1.00
2017.10.10 01:28:13.304,7.96644,7.96867,1.00,1.00
2017.10.10 01:28:16.878,7.96645,7.96867,1.00,1.00
2017.10.10 01:28:17.874,7.96646,7.96867,1.00,1.00
2017.10.10 01:28:21.166,7.96642,7.96867,1.00,1.00
2017.10.10 01:28:21.765,7.96635,7.96867,1.00,1.00
2017.10.10 01:28:23.348,7.96642,7.96867,1.00,1.00
2017.10.10 01:28:23.663,7.96656,7.96867,1.00,1.00
2017.10.10 01:28:24.393,7.96652,7.96867,1.00,1.00
2017.10.10 01:28:26.001,7.96652,7.96866,1.00,1.00
2017.10.10 01:28:26.915,7.96652,7.96867,1.00,1.00
2017.10.10 01:28:26.966,7.96643,7.96867,1.00,1.00
2017.10.10 01:28:27.067,7.96632,7.96867,1.00,1.00
2017.10.10 01:28:27.118,7.96643,7.96876,1.00,1.00
2017.10.10 01:28:27.471,7.96657,7.96877,1.00,1.00
2017.10.10 01:28:27.522,7.96662,7.96908,1.50,1.00
2017.10.10 01:28:27.573,7.9667,7.96917,1.00,1.00
2017.10.10 01:28:28.495,7.96666,7.96911,1.00,1.00
2017.10.10 01:28:28.546,7.96657,7.96903,1.00,1.00
2017.10.10 01:28:31.909,7.96654,7.96901,1.00,1.00
2017.10.10 01:28:32.904,7.96662,7.96908,1.00,1.00
2017.10.10 01:28:36.553,7.96669,7.96916,1.00,1.00
2017.10.10 01:28:37.183,7.96682,7.96918,1.00,1.00
2017.10.10 01:28:39.423,7.96676,7.96918,1.00,1.00
2017.10.10 01:28:40.419,7.96677,7.96918,1.00,1.00
2017.10.10 01:28:45.053,7.96693,7.96917,1.00,1.00
2017.10.10 01:28:45.104,7.96684,7.96918,1.00,1.00
2017.10.10 01:28:45.262,7.96702,7.96918,1.00,1.00
2017.10.10 01:28:45.314,7.96682,7.96918,1.50,1.00
2017.10.10 01:28:45.569,7.96706,7.96928,1.00,1.00
2017.10.10 01:28:45.770,7.96712,7.96948,1.00,1.00
2017.10.10 01:28:45.923,7.96712,7.96958,1.00,1.00
2017.10.10 01:28:46.473,7.96723,7.96957,1.00,1.00
2017.10.10 01:28:46.642,7.96712,7.96957,1.00,1.00
2017.10.10 01:28:46.991,7.96716,7.96958,1.00,1.00
2017.10.10 01:28:47.042,7.96713,7.96958,1.50,1.00
2017.10.10 01:28:48.091,7.96713,7.96957,1.50,1.00
2017.10.10 01:28:49.526,7.96708,7.96958,1.00,1.00
2017.10.10 01:28:52.191,7.96692,7.96929,1.00,1.00
2017.10.10 01:28:52.242,7.9669,7.96936,1.00,1.00
2017.10.10 01:28:52.293,7.96688,7.96935,1.00,1.00
2017.10.10 01:28:52.344,7.96685,7.96931,1.00,1.00
2017.10.10 01:28:52.747,7.96692,7.96931,1.00,1.00
2017.10.10 01:28:52.846,7.96685,7.96931,1.00,1.00
2017.10.10 01:28:53.849,7.9669,7.96936,1.00,1.00
2017.10.10 01:28:54.484,7.96698,7.96942,1.00,1.00
2017.10.10 01:28:55.450,7.96695,7.96941,1.00,1.00
2017.10.10 01:28:56.232,7.96716,7.96957,1.00,1.00
2017.10.10 01:28:56.557,7.96722,7.96958,1.00,1.00
2017.10.10 01:28:56.705,7.96719,7.96958,1.00,1.00
2017.10.10 01:28:56.756,7.96712,7.96956,1.00,1.00
2017.10.10 01:28:56.901,7.96709,7.96956,1.00,1.00
2017.10.10 01:28:57.971,7.96708,7.96955,1.00,1.00
2017.10.10 01:29:00.737,7.96701,7.96945,1.00,1.00
2017.10.10 01:29:00.889,7.96689,7.96934,1.00,1.00
2017.10.10 01:29:00.940,7.96682,7.96929,1.50,1.00
2017.10.10 01:29:01.109,7.96682,7.96925,1.00,1.00
2017.10.10 01:29:01.223,7.96679,7.96925,1.00,1.00
2017.10.10 01:29:01.334,7.96689,7.96936,1.00,1.00
2017.10.10 01:29:01.968,7.96687,7.96934,1.00,1.00
2017.10.10 01:29:02.889,7.96685,7.96931,1.00,1.00
2017.10.10 01:29:03.414,7.9669,7.96936,1.00,1.00
2017.10.10 01:29:03.791,7.96724,7.96958,1.00,1.00
2017.10.10 01:29:03.943,7.9672,7.96958,1.00,1.00
2017.10.10 01:29:04.450,7.9672,7.96957,1.00,1.00
2017.10.10 01:29:04.985,7.9672,7.96958,1.00,1.00
2017.10.10 01:29:06.550,7.96716,7.96958,1.00,1.00
2017.10.10 01:29:09.483,7.96715,7.96958,1.00,1.00
2017.10.10 01:29:10.733,7.96715,7.96957,1.00,1.00
2017.10.10 01:29:16.431,7.96715,7.96958,1.00,1.00
2017.10.10 01:29:24.513,7.96714,7.96958,1.00,1.00
2017.10.10 01:29:25.861,7.96714,7.96957,1.00,1.00
2017.10.10 01:29:27.703,7.9671,7.96956,1.00,1.00
2017.10.10 01:29:40.539,7.96711,7.96957,1.00,1.00
2017.10.10 01:29:47.058,7.96711,7.96956,1.00,1.00
2017.10.10 01:29:55.086,7.96726,7.96958,1.00,1.00
2017.10.10 01:29:55.137,7.96714,7.96958,1.00,1.00
2017.10.10 01:29:55.188,7.96707,7.96954,1.00,1.00
2017.10.10 01:29:55.317,7.96712,7.96958,1.00,1.00
2017.10.10 01:29:56.100,7.96712,7.96957,1.00,1.00
2017.10.10 01:29:57.792,7.96712,7.96958,1.00,1.00
2017.10.10 01:30:00.153,7.967,7.96946,1.00,1.00
2017.10.10 01:30:00.476,7.96689,7.96936,1.00,1.00
2017.10.10 01:30:00.527,7.96686,7.96931,1.00,1.00
2017.10.10 01:30:00.578,7.96696,7.96942,1.00,1.00
2017.10.10 01:30:00.647,7.96693,7.96938,1.00,1.00
2017.10.10 01:30:01.259,7.96663,7.96905,1.00,1.00
2017.10.10 01:30:01.423,7.96658,7.96904,1.00,1.00
2017.10.10 01:30:02.601,7.96665,7.96912,1.00,1.00
2017.10.10 01:30:02.652,7.9666,7.96906,1.00,1.00
2017.10.10 01:30:02.956,7.96664,7.96911,1.00,1.00
2017.10.10 01:30:03.069,7.9666,7.96907,1.00,1.00
2017.10.10 01:30:03.875,7.96669,7.96913,1.00,1.00
2017.10.10 01:30:04.472,7.96672,7.96913,1.00,1.00
2017.10.10 01:30:04.787,7.96676,7.96923,1.00,1.00
2017.10.10 01:30:05.630,7.9667,7.96917,1.00,1.00
2017.10.10 01:30:05.998,7.96658,7.96904,1.00,1.00
2017.10.10 01:30:06.351,7.96655,7.96901,1.00,1.00
2017.10.10 01:30:06.656,7.96665,7.96911,1.00,1.00
2017.10.10 01:30:07.312,7.96673,7.96911,1.00,1.00
2017.10.10 01:30:07.363,7.9668,7.96927,1.00,1.19
2017.10.10 01:30:08.348,7.9668,7.96927,1.00,1.00
2017.10.10 01:30:10.200,7.96687,7.96928,1.00,1.00
2017.10.10 01:30:10.251,7.96683,7.96928,1.00,1.00
2017.10.10 01:30:10.333,7.96673,7.9692,1.25,1.00
2017.10.10 01:30:10.436,7.96677,7.96923,1.00,1.00
2017.10.10 01:30:12.145,7.96673,7.9692,1.00,1.00
2017.10.10 01:30:13.298,7.96681,7.96927,1.00,1.00
2017.10.10 01:30:13.809,7.96685,7.96928,1.00,1.00
2017.10.10 01:30:17.109,7.96687,7.96928,1.00,1.00
2017.10.10 01:30:17.856,7.96697,7.96928,1.00,1.00
2017.10.10 01:30:17.907,7.9669,7.96927,1.00,1.00
2017.10.10 01:30:17.958,7.96692,7.96927,1.00,1.00
2017.10.10 01:30:18.198,7.96682,7.96928,1.00,1.50
2017.10.10 01:30:18.352,7.96669,7.96916,1.19,1.00
2017.10.10 01:30:18.554,7.96658,7.96905,1.00,1.00
2017.10.10 01:30:19.586,7.96664,7.96911,1.00,1.00
2017.10.10 01:30:19.916,7.9668,7.96927,1.00,1.00
2017.10.10 01:30:21.518,7.9666,7.96907,1.00,1.00
2017.10.10 01:30:22.428,7.96655,7.969,1.00,1.00
2017.10.10 01:30:24.204,7.96662,7.96909,1.00,1.00
2017.10.10 01:30:24.255,7.9667,7.96916,1.00,1.00
2017.10.10 01:30:24.624,7.96668,7.96915,1.00,1.00
2017.10.10 01:30:25.620,7.96666,7.96911,1.00,1.00
2017.10.10 01:30:26.681,7.9666,7.96905,1.00,1.00
2017.10.10 01:30:27.256,7.96655,7.96902,1.00,1.00
2017.10.10 01:30:31.999,7.96661,7.96906,1.00,1.00
2017.10.10 01:30:33.568,7.96667,7.96913,1.00,1.00
2017.10.10 01:30:39.654,7.96664,7.96911,1.00,1.00
2017.10.10 01:30:43.169,7.96661,7.96907,1.00,1.00
2017.10.10 01:30:43.220,7.96664,7.96911,1.00,1.00
2017.10.10 01:30:45.672,7.96653,7.96897,1.19,1.00
2017.10.10 01:30:45.724,7.96644,7.96891,1.00,1.00
2017.10.10 01:30:45.774,7.96635,7.96881,1.00,1.00
2017.10.10 01:30:45.825,7.96629,7.96876,1.00,1.00
2017.10.10 01:30:45.876,7.96631,7.96878,1.00,1.00
2017.10.10 01:30:46.450,7.96634,7.96879,1.00,1.00
2017.10.10 01:30:47.040,7.96642,7.96888,1.00,1.00
2017.10.10 01:30:48.164,7.9664,7.96886,1.00,1.00
2017.10.10 01:30:49.634,7.96635,7.96881,1.00,1.00
2017.10.10 01:30:50.124,7.96642,7.96886,1.00,1.00
2017.10.10 01:30:50.177,7.96645,7.9689,1.00,1.00
2017.10.10 01:30:50.430,7.9665,7.96896,1.00,1.00
2017.10.10 01:30:53.247,7.96656,7.969,1.00,1.00
2017.10.10 01:30:54.376,7.9666,7.96904,1.00,1.00
2017.10.10 01:30:54.478,7.96675,7.96921,1.00,1.00
2017.10.10 01:30:54.630,7.96679,7.96926,1.00,1.00
2017.10.10 01:30:54.732,7.96675,7.96919,1.00,1.00
2017.10.10 01:30:54.782,7.96671,7.96917,1.00,1.00
2017.10.10 01:30:54.834,7.96682,7.96926,1.00,1.00
2017.10.10 01:30:54.884,7.96675,7.96922,1.00,1.00
2017.10.10 01:30:55.680,7.96677,7.96924,1.00,1.00
2017.10.10 01:30:57.611,7.96673,7.9692,1.00,1.00
2017.10.10 01:31:02.199,7.96674,7.9692,1.00,1.00
2017.10.10 01:31:04.559,7.9666,7.96904,1.19,1.00
2017.10.10 01:31:04.610,7.96654,7.96898,1.00,1.00
2017.10.10 01:31:05.177,7.96658,7.96905,1.00,1.00
2017.10.10 01:31:09.632,7.9667,7.96915,1.00,1.00
2017.10.10 01:31:10.098,7.96674,7.9692,1.00,1.00
2017.10.10 01:31:10.200,7.9667,7.96917,1.00,1.00
2017.10.10 01:31:10.301,7.96675,7.96919,1.00,1.00
2017.10.10 01:31:12.327,7.96683,7.96927,1.00,1.00
2017.10.10 01:31:12.687,7.96698,7.96928,1.00,1.00
2017.10.10 01:31:13.198,7.96689,7.96928,1.00,1.00
2017.10.10 01:31:13.316,7.96677,7.96924,1.00,1.00
2017.10.10 01:31:15.202,7.9667,7.96917,1.00,1.00
2017.10.10 01:31:16.429,7.9667,7.96916,1.00,1.00
2017.10.10 01:31:17.984,7.96682,7.96927,1.00,1.00
2017.10.10 01:31:18.224,7.96679,7.96926,1.00,1.00
2017.10.10 01:31:20.746,7.96683,7.96928,1.00,1.00
2017.10.10 01:31:24.744,7.96681,7.96928,1.00,1.50
2017.10.10 01:31:25.740,7.96682,7.96928,1.00,1.00
2017.10.10 01:31:27.963,7.96682,7.96929,1.00,1.00
2017.10.10 01:31:33.043,7.96687,7.96933,1.00,1.00
2017.10.10 01:31:33.392,7.96701,7.96945,1.00,1.00
2017.10.10 01:31:33.548,7.96694,7.96941,1.00,1.00
2017.10.10 01:31:39.773,7.96696,7.96942,1.00,1.00
2017.10.10 01:31:40.770,7.96695,7.9694,1.00,1.00
2017.10.10 01:31:46.450,7.96693,7.96937,1.00,1.00
2017.10.10 01:31:46.946,7.9669,7.96937,1.00,1.00
2017.10.10 01:31:47.289,7.96694,7.9694,1.00,1.00
2017.10.10 01:31:54.377,7.96708,7.96954,1.00,1.00
2017.10.10 01:31:54.428,7.96713,7.9696,1.00,1.00
2017.10.10 01:31:54.479,7.96717,7.96964,1.00,1.00
2017.10.10 01:31:54.803,7.96728,7.96974,1.00,1.00
2017.10.10 01:31:55.452,7.96729,7.96976,1.00,1.00
2017.10.10 01:31:56.759,7.96744,7.9699,1.00,1.00
2017.10.10 01:31:56.860,7.96749,7.96996,1.00,1.00
2017.10.10 01:31:57.831,7.9675,7.96997,1.00,1.00
2017.10.10 01:31:58.341,7.96735,7.96982,1.00,1.00
2017.10.10 01:31:58.691,7.96758,7.97004,1.00,1.00
2017.10.10 01:31:59.512,7.96762,7.97008,1.00,1.00
2017.10.10 01:32:02.319,7.9676,7.97007,1.00,1.00
2017.10.10 01:32:03.315,7.96763,7.97009,1.00,1.00
2017.10.10 01:32:04.122,7.96759,7.97006,1.00,1.00
2017.10.10 01:32:05.145,7.96749,7.96996,1.19,1.00
2017.10.10 01:32:05.297,7.9674,7.96987,1.00,1.00
2017.10.10 01:32:05.392,7.96747,7.96993,1.00,1.00
2017.10.10 01:32:05.693,7.96761,7.97006,1.00,1.00
2017.10.10 01:32:06.062,7.96765,7.9701,1.00,1.00
2017.10.10 01:32:06.814,7.96755,7.97002,1.25,1.00
2017.10.10 01:32:06.865,7.9676,7.97007,1.00,1.00
2017.10.10 01:32:11.927,7.96764,7.9701,1.00,1.00
2017.10.10 01:32:12.866,7.96763,7.9701,1.00,1.00
2017.10.10 01:32:13.224,7.96759,7.97006,1.00,1.00
2017.10.10 01:32:15.344,7.96792,7.97027,1.00,1.00
2017.10.10 01:32:15.624,7.96792,7.97038,1.00,1.00
2017.10.10 01:32:17.349,7.96792,7.97039,1.00,1.00
2017.10.10 01:32:18.344,7.96789,7.97036,1.00,1.00
2017.10.10 01:32:24.863,7.96792,7.97037,1.00,1.00
2017.10.10 01:32:25.860,7.96793,7.97039,1.00,1.00
2017.10.10 01:32:26.339,7.9679,7.97034,1.00,1.00
2017.10.10 01:32:26.461,7.96786,7.97031,1.00,1.00
2017.10.10 01:32:26.887,7.96784,7.9703,1.00,1.00
2017.10.10 01:32:27.279,7.9678,7.97027,1.00,1.00
2017.10.10 01:32:28.013,7.96779,7.97024,1.00,1.00
2017.10.10 01:32:28.064,7.96776,7.97023,1.00,1.00
2017.10.10 01:32:28.115,7.96781,7.97028,1.00,1.00
2017.10.10 01:32:28.437,7.96774,7.97019,1.00,1.00
2017.10.10 01:32:29.487,7.96779,7.97024,1.00,1.00
2017.10.10 01:32:30.030,7.96788,7.97035,1.00,1.00
2017.10.10 01:32:30.081,7.96793,7.97039,1.00,1.00
2017.10.10 01:32:32.379,7.96793,7.97038,1.00,1.00
2017.10.10 01:32:33.214,7.96793,7.97039,1.00,1.00
2017.10.10 01:32:33.864,7.96791,7.97035,1.00,1.00
2017.10.10 01:32:37.377,7.96781,7.97025,1.25,1.00
2017.10.10 01:32:37.428,7.96774,7.9702,1.00,1.00
2017.10.10 01:32:37.650,7.9677,7.97014,1.00,1.00
2017.10.10 01:32:37.701,7.96788,7.97034,1.00,1.00
2017.10.10 01:32:37.803,7.96793,7.97039,1.00,1.00
2017.10.10 01:32:38.545,7.96783,7.97029,1.00,1.00
2017.10.10 01:32:39.253,7.96788,7.97034,1.00,1.00
2017.10.10 01:32:39.857,7.96793,7.97039,1.00,1.00
2017.10.10 01:32:40.204,7.968,7.97046,1.00,1.00
2017.10.10 01:32:40.890,7.96802,7.97046,1.00,1.00
2017.10.10 01:32:43.287,7.96797,7.97043,1.00,1.00
2017.10.10 01:32:44.144,7.96791,7.97037,1.00,1.00
2017.10.10 01:32:44.476,7.96766,7.97012,1.19,1.00
2017.10.10 01:32:44.577,7.96781,7.97027,1.25,1.00
2017.10.10 01:32:44.726,7.9679,7.97036,1.00,1.00
2017.10.10 01:32:45.141,7.96795,7.97039,1.00,1.00
2017.10.10 01:32:47.664,7.96788,7.97034,1.00,1.00
2017.10.10 01:32:48.084,7.9678,7.97026,1.00,1.00
2017.10.10 01:32:48.404,7.9678,7.97024,1.00,1.00
2017.10.10 01:32:48.506,7.96775,7.9702,1.00,1.00
2017.10.10 01:32:48.710,7.96767,7.97013,1.19,1.00
2017.10.10 01:32:49.026,7.96771,7.97015,1.00,1.00
2017.10.10 01:32:55.074,7.96786,7.97032,1.00,1.00
2017.10.10 01:32:56.766,7.96775,7.97021,1.19,1.00
2017.10.10 01:32:56.867,7.96766,7.97012,1.00,1.00
2017.10.10 01:32:57.776,7.96772,7.97018,1.00,1.00
2017.10.10 01:33:00.035,7.96767,7.97013,1.00,1.00
2017.10.10 01:33:00.502,7.96781,7.97025,1.00,1.00
2017.10.10 01:33:00.553,7.96773,7.97019,1.00,1.00
2017.10.10 01:33:00.604,7.96768,7.97014,1.00,1.00
2017.10.10 01:33:01.333,7.96771,7.97017,1.00,1.00
2017.10.10 01:33:01.638,7.96753,7.96999,1.00,1.00
2017.10.10 01:33:01.942,7.96752,7.96996,1.00,1.00
2017.10.10 01:33:03.163,7.96748,7.96992,1.00,1.00
2017.10.10 01:33:03.434,7.96749,7.96995,1.00,1.00
2017.10.10 01:33:11.693,7.96755,7.97001,1.00,1.00
2017.10.10 01:33:12.017,7.96739,7.96985,1.00,1.00
2017.10.10 01:33:12.320,7.96701,7.96947,1.00,1.00
2017.10.10 01:33:12.649,7.9669,7.96936,1.00,1.00
2017.10.10 01:33:13.707,7.96688,7.96932,1.00,1.00
2017.10.10 01:33:13.758,7.96681,7.96927,1.00,1.00
2017.10.10 01:33:13.809,7.96664,7.96908,1.00,1.00
2017.10.10 01:33:13.860,7.96676,7.96922,1.00,1.00
2017.10.10 01:33:16.341,7.96685,7.96932,1.00,1.25
2017.10.10 01:33:18.385,7.96692,7.96936,1.00,1.00
2017.10.10 01:33:18.645,7.96694,7.9694,1.00,1.50
2017.10.10 01:33:18.796,7.967,7.96946,1.00,1.00
2017.10.10 01:33:19.266,7.96707,7.96951,1.00,1.25
2017.10.10 01:33:19.367,7.96699,7.96946,1.00,1.00
2017.10.10 01:33:19.418,7.96691,7.96935,1.00,1.00
2017.10.10 01:33:20.422,7.967,7.96944,1.00,1.00
2017.10.10 01:33:21.494,7.96704,7.9695,1.00,1.00
2017.10.10 01:33:24.369,7.96699,7.96946,1.00,1.00
2017.10.10 01:33:24.984,7.96696,7.96942,1.00,1.00
2017.10.10 01:33:25.292,7.96706,7.96952,1.00,1.00
2017.10.10 01:33:25.835,7.96711,7.96957,1.00,1.00
2017.10.10 01:33:27.420,7.96705,7.96951,1.00,1.00
2017.10.10 01:33:30.050,7.96698,7.96944,1.00,1.00
2017.10.10 01:33:31.454,7.96691,7.96937,1.00,1.00
2017.10.10 01:33:32.498,7.96693,7.96937,1.00,1.00
2017.10.10 01:33:40.013,7.96694,7.9694,1.00,1.00
2017.10.10 01:33:40.064,7.96702,7.96947,1.00,1.00
2017.10.10 01:33:47.529,7.96698,7.96944,1.00,1.00
2017.10.10 01:33:48.525,7.96696,7.96942,1.00,1.00
2017.10.10 01:33:49.599,7.96694,7.9694,1.00,1.00
2017.10.10 01:33:55.128,7.967,7.96946,1.00,1.00
2017.10.10 01:33:55.437,7.96725,7.96971,1.00,1.00
2017.10.10 01:33:55.956,7.96722,7.96966,1.00,1.00
2017.10.10 01:33:57.896,7.96717,7.96964,1.00,1.00
2017.10.10 01:33:57.946,7.96704,7.96948,1.00,1.00
2017.10.10 01:33:57.997,7.96698,7.96944,1.00,1.00
2017.10.10 01:33:58.184,7.96683,7.96929,1.00,1.00
2017.10.10 01:33:58.910,7.96689,7.96933,1.00,1.00
2017.10.10 01:33:59.327,7.96696,7.96942,1.00,1.00
2017.10.10 01:34:00.411,7.96708,7.96954,1.00,1.19
2017.10.10 01:34:00.614,7.96703,7.96949,1.00,1.00
2017.10.10 01:34:02.558,7.96704,7.9695,1.00,1.00
2017.10.10 01:34:02.660,7.96693,7.96937,1.00,1.00
2017.10.10 01:34:02.711,7.9668,7.96928,1.00,1.00
2017.10.10 01:34:02.762,7.96669,7.96915,1.00,1.00
2017.10.10 01:34:03.065,7.96672,7.96916,1.00,1.00
2017.10.10 01:34:03.206,7.96681,7.96928,1.00,1.00
2017.10.10 01:34:03.258,7.96671,7.96917,1.00,1.00
2017.10.10 01:34:03.588,7.96682,7.96928,1.00,1.00
2017.10.10 01:34:04.112,7.96678,7.96922,1.00,1.00
2017.10.10 01:34:05.303,7.96656,7.96923,1.19,1.00
2017.10.10 01:34:05.354,7.96677,7.96923,1.00,1.00
2017.10.10 01:34:10.056,7.96688,7.96934,1.00,1.19
2017.10.10 01:34:10.107,7.96694,7.9694,1.00,1.00
2017.10.10 01:34:11.070,7.96693,7.96939,1.00,1.00
2017.10.10 01:34:12.194,7.96703,7.96949,1.00,1.00
2017.10.10 01:34:13.244,7.96698,7.96944,1.00,1.00
2017.10.10 01:34:16.201,7.96691,7.96937,1.00,1.00
2017.10.10 01:34:16.936,7.96694,7.9694,1.00,1.00
2017.10.10 01:34:18.585,7.96692,7.96938,1.00,1.00
2017.10.10 01:34:19.371,7.96703,7.96949,1.00,1.00
2017.10.10 01:34:25.028,7.96692,7.96938,1.19,1.00
2017.10.10 01:34:25.079,7.96696,7.96942,1.00,1.00
2017.10.10 01:34:25.618,7.96699,7.96945,1.00,1.00
2017.10.10 01:34:28.869,7.96704,7.96948,1.00,1.00
2017.10.10 01:34:30.039,7.96698,7.96944,1.00,1.00
2017.10.10 01:34:30.690,7.96695,7.96941,1.00,1.00
2017.10.10 01:34:31.413,7.96691,7.96937,1.19,1.00
2017.10.10 01:34:31.464,7.96679,7.96925,1.00,1.00
2017.10.10 01:34:31.515,7.96675,7.96921,1.00,1.00
2017.10.10 01:34:32.076,7.96667,7.96911,1.00,1.00
2017.10.10 01:34:32.619,7.96663,7.96909,1.00,1.00
2017.10.10 01:34:33.614,7.96665,7.96911,1.00,1.00
2017.10.10 01:34:34.354,7.96669,7.96915,1.00,1.00
2017.10.10 01:34:36.831,7.96649,7.96895,1.00,1.00
2017.10.10 01:34:37.181,7.96638,7.96884,1.00,1.00
2017.10.10 01:34:39.074,7.96628,7.96874,1.00,1.00
2017.10.10 01:34:39.389,7.96596,7.96842,1.00,1.00
2017.10.10 01:34:39.740,7.96591,7.96837,1.00,1.00
2017.10.10 01:34:40.044,7.96577,7.96821,1.00,1.00
2017.10.10 01:34:40.145,7.96563,7.96809,1.00,1.00
2017.10.10 01:34:40.196,7.96574,7.9682,1.00,1.00
2017.10.10 01:34:41.130,7.96576,7.96822,1.00,1.00
2017.10.10 01:34:41.874,7.96572,7.96818,1.00,1.00
2017.10.10 01:34:42.849,7.96582,7.96828,1.00,1.00
2017.10.10 01:34:43.186,7.96586,7.96832,1.00,1.00
2017.10.10 01:34:45.070,7.96598,7.96844,1.00,1.00
2017.10.10 01:34:45.374,7.96591,7.96838,1.00,1.00
2017.10.10 01:34:45.425,7.96579,7.96825,1.00,1.00
2017.10.10 01:34:47.203,7.96575,7.96821,1.00,1.00
2017.10.10 01:34:47.557,7.96571,7.96815,1.00,1.00
2017.10.10 01:34:47.709,7.96557,7.96803,1.00,1.00
2017.10.10 01:34:47.868,7.96564,7.9681,1.00,1.00
2017.10.10 01:34:48.207,7.96573,7.96819,1.00,1.00
2017.10.10 01:34:48.644,7.96571,7.96817,1.00,1.00
2017.10.10 01:34:49.308,7.96563,7.96807,1.00,1.00
2017.10.10 01:34:49.358,7.9653,7.96776,1.00,1.00
2017.10.10 01:34:49.988,7.96543,7.96789,1.00,1.19
2017.10.10 01:34:50.039,7.96543,7.96789,1.00,1.00
2017.10.10 01:34:50.140,7.96548,7.96794,1.00,1.00
2017.10.10 01:34:50.958,7.96535,7.96791,1.19,1.00
2017.10.10 01:34:51.008,7.96544,7.9679,1.00,1.00
2017.10.10 01:34:51.059,7.96507,7.96761,1.00,1.00
2017.10.10 01:34:51.111,7.96525,7.96782,1.00,1.00
2017.10.10 01:34:51.161,7.96526,7.9677,1.00,1.00
2017.10.10 01:34:51.453,7.96496,7.96767,1.19,1.00
2017.10.10 01:34:51.554,7.96521,7.96767,1.00,1.00
2017.10.10 01:34:51.606,7.96497,7.96768,1.00,1.00
2017.10.10 01:34:51.707,7.96497,7.96773,1.00,1.00
2017.10.10 01:34:51.809,7.96521,7.96767,1.00,1.00
2017.10.10 01:34:52.175,7.96504,7.9675,1.00,1.00
2017.10.10 01:34:52.763,7.96513,7.96759,1.00,1.00
2017.10.10 01:34:54.075,7.965,7.96758,1.19,1.00
2017.10.10 01:34:54.126,7.965,7.96754,1.00,1.00
2017.10.10 01:34:54.227,7.96461,7.96725,1.00,1.00
2017.10.10 01:34:54.329,7.96454,7.96731,1.10,1.00
2017.10.10 01:34:54.380,7.96454,7.96724,1.10,1.00
2017.10.10 01:34:54.583,7.96455,7.96747,1.00,1.00
2017.10.10 01:34:54.633,7.96454,7.96741,1.10,1.00
2017.10.10 01:34:54.735,7.96454,7.96746,1.10,1.00
2017.10.10 01:34:54.786,7.96459,7.96752,1.00,1.00
2017.10.10 01:34:55.058,7.96463,7.96756,1.00,1.19
2017.10.10 01:34:55.109,7.96463,7.96756,1.00,1.00
2017.10.10 01:34:55.164,7.96465,7.96759,1.00,1.00
2017.10.10 01:34:56.160,7.96467,7.96761,1.00,1.00
2017.10.10 01:34:56.978,7.96467,7.96761,1.37,1.00
2017.10.10 01:34:57.237,7.96469,7.96763,1.37,1.00
2017.10.10 01:34:58.172,7.96471,7.96765,1.37,1.00
2017.10.10 01:34:58.223,7.9649,7.96767,1.00,1.00
2017.10.10 01:34:58.744,7.965,7.96766,1.00,1.00
2017.10.10 01:34:59.445,7.96506,7.96766,1.00,1.00
2017.10.10 01:35:00.051,7.96506,7.96767,1.00,1.00
2017.10.10 01:35:03.689,7.9651,7.96767,1.00,1.00
2017.10.10 01:35:04.360,7.96535,7.96767,1.00,1.00
2017.10.10 01:35:05.890,7.96532,7.96767,1.00,1.00
2017.10.10 01:35:07.218,7.96486,7.96758,1.00,1.00
2017.10.10 01:35:07.336,7.96485,7.96756,1.00,1.00
2017.10.10 01:35:07.387,7.96479,7.96751,1.00,1.00
2017.10.10 01:35:08.411,7.96487,7.96758,1.00,1.00
2017.10.10 01:35:09.940,7.96488,7.96759,1.00,1.00
2017.10.10 01:35:10.208,7.96489,7.96762,1.00,1.00
2017.10.10 01:35:11.204,7.9649,7.96764,1.00,1.00
2017.10.10 01:35:13.216,7.96518,7.96764,1.00,1.00
2017.10.10 01:35:15.061,7.96511,7.96755,1.00,1.00
2017.10.10 01:35:17.321,7.96515,7.96759,1.00,1.00
2017.10.10 01:35:17.961,7.96502,7.96748,1.00,1.00
2017.10.10 01:35:18.013,7.96468,7.9674,1.00,1.00
2017.10.10 01:35:18.116,7.96475,7.96747,1.00,1.00
2017.10.10 01:35:18.218,7.96472,7.96745,1.00,1.00
2017.10.10 01:35:18.319,7.96468,7.96741,1.00,1.00
2017.10.10 01:35:18.645,7.96478,7.96749,1.00,1.00
2017.10.10 01:35:18.751,7.96478,7.96752,1.00,1.00
2017.10.10 01:35:18.802,7.96473,7.96748,1.00,1.00
2017.10.10 01:35:19.574,7.96463,7.96737,1.19,1.00
2017.10.10 01:35:19.847,7.96466,7.9674,1.00,1.00
2017.10.10 01:35:19.898,7.96462,7.96736,1.00,1.00
2017.10.10 01:35:20.316,7.96464,7.96736,1.00,1.00
2017.10.10 01:35:25.238,7.9647,7.96739,1.00,1.00
2017.10.10 01:35:25.794,7.96494,7.9674,1.00,1.00
2017.10.10 01:35:26.234,7.96496,7.96742,1.00,1.00
2017.10.10 01:35:27.167,7.96493,7.96739,1.00,1.00
2017.10.10 01:35:27.647,7.96491,7.96735,1.00,1.00
2017.10.10 01:35:30.048,7.96488,7.96732,1.00,1.00
2017.10.10 01:35:31.968,7.96485,7.96729,1.00,1.00
2017.10.10 01:35:32.754,7.96483,7.96729,1.00,1.00
2017.10.10 01:35:33.438,7.96488,7.96734,1.00,1.00
2017.10.10 01:35:37.674,7.96477,7.96723,1.19,1.00
2017.10.10 01:35:37.827,7.9643,7.96676,1.00,1.00
2017.10.10 01:35:37.952,7.96432,7.96687,1.00,1.00
2017.10.10 01:35:38.003,7.96428,7.96674,1.00,1.00
2017.10.10 01:35:38.314,7.96443,7.96689,1.00,1.00
2017.10.10 01:35:38.702,7.96449,7.96695,1.00,1.00
2017.10.10 01:35:40.049,7.96456,7.96702,1.00,1.00
2017.10.10 01:35:40.475,7.96473,7.96707,1.00,1.00
2017.10.10 01:35:40.766,7.96466,7.96706,1.00,1.00
2017.10.10 01:35:40.918,7.96462,7.96706,1.00,1.50
2017.10.10 01:35:40.969,7.96455,7.96701,1.00,1.00
2017.10.10 01:35:42.222,7.96446,7.96692,1.00,1.00
2017.10.10 01:35:43.025,7.96454,7.967,1.00,1.00
2017.10.10 01:35:44.161,7.9645,7.96696,1.00,1.00
2017.10.10 01:35:44.471,7.96442,7.96688,1.00,1.00
2017.10.10 01:35:45.309,7.96438,7.96684,1.00,1.00
2017.10.10 01:35:45.652,7.96431,7.96677,1.00,1.00
2017.10.10 01:35:45.994,7.96427,7.96673,1.00,1.00
2017.10.10 01:35:46.409,7.96423,7.96669,1.00,1.00
2017.10.10 01:35:46.742,7.96418,7.96664,1.00,1.00
2017.10.10 01:35:47.043,7.9641,7.96656,1.00,1.00
2017.10.10 01:35:47.417,7.96414,7.9666,1.00,1.00
2017.10.10 01:35:48.008,7.96413,7.96659,1.00,1.00
2017.10.10 01:35:48.779,7.96411,7.96657,1.00,1.00
2017.10.10 01:35:49.833,7.96409,7.96655,1.00,1.00
2017.10.10 01:35:50.901,7.96401,7.96647,1.00,1.00
2017.10.10 01:35:51.320,7.96396,7.96642,1.00,1.00
2017.10.10 01:35:52.004,7.96403,7.96649,1.00,1.00
2017.10.10 01:35:52.470,7.96416,7.9666,1.00,1.00
2017.10.10 01:35:52.572,7.96389,7.96635,1.00,1.00
2017.10.10 01:35:52.712,7.96382,7.96628,1.00,1.00
2017.10.10 01:35:53.016,7.96374,7.96618,1.00,1.00
2017.10.10 01:35:53.067,7.9638,7.96626,1.00,1.00
2017.10.10 01:35:53.131,7.96373,7.96619,1.00,1.00
2017.10.10 01:35:53.439,7.96342,7.96588,1.00,1.00
2017.10.10 01:35:53.846,7.96346,7.96592,1.00,1.00
2017.10.10 01:35:55.046,7.96352,7.96598,1.00,1.00
2017.10.10 01:35:55.392,7.96357,7.96601,1.00,1.00
2017.10.10 01:35:56.186,7.96362,7.96608,1.00,1.00
2017.10.10 01:35:56.237,7.96371,7.96617,1.00,1.00
2017.10.10 01:35:56.806,7.96377,7.96621,1.00,1.00
2017.10.10 01:35:56.857,7.96355,7.96601,1.00,1.00
2017.10.10 01:35:56.908,7.96349,7.96595,1.00,1.00
2017.10.10 01:35:57.282,7.96337,7.96582,1.00,1.00
2017.10.10 01:35:57.333,7.96332,7.96578,1.00,1.00
2017.10.10 01:35:57.435,7.96324,7.9657,1.00,1.00
2017.10.10 01:35:57.752,7.9631,7.96556,1.00,1.00
2017.10.10 01:35:58.065,7.96306,7.96551,1.00,1.00
2017.10.10 01:35:58.166,7.96302,7.96548,1.00,1.00
2017.10.10 01:35:59.223,7.96289,7.96535,1.00,1.00
2017.10.10 01:35:59.556,7.96286,7.96521,1.10,1.00
2017.10.10 01:35:59.965,7.96287,7.96517,1.10,1.00
2017.10.10 01:36:00.102,7.96287,7.9652,1.10,1.00
2017.10.10 01:36:02.138,7.96287,7.96525,1.10,1.00
2017.10.10 01:36:02.296,7.96292,7.96531,1.00,1.00
2017.10.10 01:36:02.451,7.96292,7.96534,1.00,1.00
2017.10.10 01:36:02.502,7.96293,7.96537,1.00,1.00
2017.10.10 01:36:02.553,7.96289,7.96533,1.00,1.00
2017.10.10 01:36:02.919,7.96287,7.9652,1.10,1.00
2017.10.10 01:36:03.225,7.96287,7.96505,1.10,1.00
2017.10.10 01:36:03.750,7.96286,7.96499,1.10,1.00
2017.10.10 01:36:04.802,7.96286,7.9652,1.10,1.00
2017.10.10 01:36:04.853,7.96286,7.96499,1.10,1.00
2017.10.10 01:36:05.490,7.96286,7.96519,1.10,1.00
2017.10.10 01:36:06.530,7.96286,7.96522,1.10,1.00
2017.10.10 01:36:06.801,7.96286,7.9652,1.10,1.00
2017.10.10 01:36:06.853,7.96286,7.96524,1.10,1.00
2017.10.10 01:36:06.904,7.96286,7.96527,1.10,1.00
2017.10.10 01:36:07.005,7.96286,7.96519,1.10,1.00
2017.10.10 01:36:07.056,7.96286,7.96524,1.10,1.00
2017.10.10 01:36:07.777,7.96286,7.96527,1.10,1.00
2017.10.10 01:36:08.750,7.96286,7.96523,1.10,1.00
2017.10.10 01:36:10.095,7.96286,7.9653,1.10,1.00
2017.10.10 01:36:10.956,7.96286,7.96533,1.10,1.00
2017.10.10 01:36:11.121,7.96286,7.96537,1.10,1.00
2017.10.10 01:36:11.540,7.96286,7.96543,1.10,1.00
2017.10.10 01:36:11.591,7.96286,7.96532,1.10,1.00
2017.10.10 01:36:11.642,7.96286,7.96536,1.10,1.00
2017.10.10 01:36:11.743,7.96286,7.96532,1.10,1.00
2017.10.10 01:36:11.845,7.96286,7.96534,1.10,1.00
2017.10.10 01:36:11.951,7.96286,7.96538,1.10,1.00
2017.10.10 01:36:12.061,7.96286,7.96536,1.10,1.00
2017.10.10 01:36:12.321,7.96286,7.96539,1.10,1.00
2017.10.10 01:36:12.822,7.96286,7.96534,1.10,1.00
2017.10.10 01:36:13.398,7.96286,7.96546,1.10,1.00
2017.10.10 01:36:13.500,7.96286,7.96548,1.10,1.00
2017.10.10 01:36:14.056,7.96286,7.96547,1.10,1.00
2017.10.10 01:36:14.158,7.96286,7.96541,1.10,1.00
2017.10.10 01:36:14.684,7.96286,7.96538,1.10,1.00
2017.10.10 01:36:14.954,7.96286,7.96541,1.10,1.00
2017.10.10 01:36:16.048,7.96286,7.96546,1.10,1.00
2017.10.10 01:36:16.353,7.96286,7.9654,1.10,1.00
2017.10.10 01:36:16.404,7.96286,7.96545,1.10,1.00
2017.10.10 01:36:17.079,7.96288,7.96548,1.00,1.00
2017.10.10 01:36:17.129,7.96291,7.96548,1.00,1.00
2017.10.10 01:36:17.837,7.96306,7.96548,1.00,1.00
2017.10.10 01:36:18.232,7.9631,7.96548,1.00,1.00
2017.10.10 01:36:18.741,7.96316,7.96548,1.00,1.00
2017.10.10 01:36:19.052,7.96332,7.96548,1.00,1.00
2017.10.10 01:36:19.103,7.96325,7.96548,1.00,1.00
2017.10.10 01:36:21.265,7.96322,7.96548,1.00,1.00
2017.10.10 01:36:21.367,7.96326,7.96548,1.00,1.00
2017.10.10 01:36:21.472,7.96323,7.96548,1.00,1.00
2017.10.10 01:36:21.679,7.96313,7.96548,1.00,1.00
2017.10.10 01:36:21.831,7.96308,7.96548,1.00,1.00
2017.10.10 01:36:22.626,7.96313,7.96548,1.00,1.00
2017.10.10 01:36:23.180,7.96312,7.96548,1.00,1.00
2017.10.10 01:36:23.488,7.96319,7.96548,1.00,1.00
2017.10.10 01:36:23.842,7.96315,7.96548,1.00,1.00
2017.10.10 01:36:24.262,7.96313,7.96548,1.00,1.00
2017.10.10 01:36:25.067,7.96315,7.96548,1.00,1.00
2017.10.10 01:36:25.562,7.96332,7.96548,1.00,1.00
2017.10.10 01:36:27.204,7.96332,7.96547,1.00,1.00
2017.10.10 01:36:27.666,7.96323,7.96547,1.00,1.00
2017.10.10 01:36:27.726,7.96326,7.96547,1.00,1.00
2017.10.10 01:36:27.858,7.96321,7.96547,1.00,1.00
2017.10.10 01:36:27.917,7.96324,7.96547,1.00,1.00
2017.10.10 01:36:28.257,7.96321,7.96547,1.00,1.00
2017.10.10 01:36:29.899,7.96318,7.96547,1.00,1.00
2017.10.10 01:36:29.950,7.96314,7.96547,1.00,1.00
2017.10.10 01:36:30.071,7.96303,7.96548,1.00,1.00
2017.10.10 01:36:30.232,7.96313,7.96548,1.00,1.00
2017.10.10 01:36:31.556,7.96332,7.96547,1.00,1.00
2017.10.10 01:36:31.666,7.96312,7.96547,1.00,1.00
2017.10.10 01:36:31.767,7.96316,7.96547,1.00,1.00
2017.10.10 01:36:32.538,7.96316,7.96548,1.00,1.00
2017.10.10 01:36:33.112,7.96323,7.96548,1.00,1.00
2017.10.10 01:36:33.567,7.96332,7.96548,1.00,1.00
2017.10.10 01:36:34.319,7.96332,7.96547,1.00,1.00
2017.10.10 01:36:34.670,7.96372,7.96548,1.00,1.00
2017.10.10 01:36:34.772,7.96372,7.96567,1.00,1.00
2017.10.10 01:36:34.873,7.96362,7.96566,1.00,1.00
2017.10.10 01:36:35.026,7.96352,7.96566,1.00,1.00
2017.10.10 01:36:35.872,7.96342,7.96566,1.00,1.00
2017.10.10 01:36:38.436,7.9635,7.96566,1.00,1.00
2017.10.10 01:36:38.740,7.96363,7.96567,1.00,1.00
2017.10.10 01:36:39.626,7.96362,7.96567,1.00,1.00
2017.10.10 01:36:41.254,7.96352,7.96567,1.00,1.00
2017.10.10 01:36:42.070,7.96357,7.96567,1.00,1.00
2017.10.10 01:36:42.965,7.96352,7.96567,1.00,1.00
2017.10.10 01:36:43.109,7.96356,7.96567,1.00,1.00
2017.10.10 01:36:43.399,7.96352,7.96567,1.50,1.00
2017.10.10 01:36:43.450,7.96356,7.96567,1.00,1.00
2017.10.10 01:36:43.614,7.96352,7.96567,1.50,1.00
2017.10.10 01:36:44.991,7.96344,7.96567,1.00,1.00
2017.10.10 01:36:45.042,7.96338,7.96567,1.00,1.00
2017.10.10 01:36:45.093,7.96342,7.96567,1.00,1.00
2017.10.10 01:36:45.195,7.96332,7.96567,1.00,1.00
2017.10.10 01:36:45.427,7.96343,7.96567,1.00,1.00
2017.10.10 01:36:45.636,7.96332,7.96567,1.00,1.00
2017.10.10 01:36:47.137,7.96331,7.96567,1.00,1.00
2017.10.10 01:36:47.903,7.96334,7.96567,1.00,1.00
2017.10.10 01:36:48.899,7.9634,7.96567,1.00,1.00
2017.10.10 01:36:49.585,7.96336,7.96567,1.00,1.00
2017.10.10 01:36:49.762,7.9634,7.96567,1.00,1.00
2017.10.10 01:36:50.705,7.96336,7.96567,1.00,1.00
2017.10.10 01:36:50.756,7.96329,7.96567,1.00,1.00
2017.10.10 01:36:51.186,7.96324,7.96566,1.00,1.00
2017.10.10 01:36:52.174,7.96324,7.96567,1.00,1.00
2017.10.10 01:36:53.330,7.9632,7.96566,1.00,1.00
2017.10.10 01:36:53.491,7.96312,7.96556,1.00,1.00
2017.10.10 01:36:54.077,7.96304,7.9655,1.00,1.00
2017.10.10 01:36:54.128,7.96314,7.96559,1.00,1.00
2017.10.10 01:36:55.045,7.96317,7.96563,1.00,1.00
2017.10.10 01:36:55.146,7.96322,7.96567,1.00,1.00
2017.10.10 01:36:56.153,7.96317,7.96562,1.00,1.00
2017.10.10 01:36:56.414,7.96314,7.9656,1.00,1.00
2017.10.10 01:36:57.880,7.96313,7.96559,1.00,1.00
2017.10.10 01:36:57.968,7.96308,7.96554,1.00,1.00
2017.10.10 01:36:58.639,7.96298,7.96544,1.00,1.00
2017.10.10 01:36:58.943,7.9629,7.96536,1.00,1.00
2017.10.10 01:36:59.372,7.96286,7.9653,1.00,1.00
2017.10.10 01:36:59.423,7.96291,7.96537,1.00,1.00
2017.10.10 01:36:59.524,7.96287,7.96533,1.00,1.00
2017.10.10 01:36:59.941,7.96284,7.9653,1.00,1.00
2017.10.10 01:37:00.889,7.96281,7.96526,1.00,1.00
2017.10.10 01:37:01.261,7.96273,7.96519,1.00,1.00
2017.10.10 01:37:01.333,7.96278,7.96523,1.00,1.00
2017.10.10 01:37:01.845,7.96283,7.96528,1.00,1.00
2017.10.10 01:37:02.350,7.96287,7.96532,1.00,1.00
2017.10.10 01:37:02.451,7.9628,7.96526,1.00,1.00
2017.10.10 01:37:03.929,7.96275,7.96521,1.00,1.00
2017.10.10 01:37:05.449,7.96269,7.96513,1.00,1.00
2017.10.10 01:37:05.500,7.96263,7.96509,1.00,1.00
2017.10.10 01:37:05.550,7.96262,7.96503,1.00,1.00
2017.10.10 01:37:05.601,7.96259,7.96505,1.00,1.00
2017.10.10 01:37:06.637,7.96279,7.96524,1.00,1.00
2017.10.10 01:37:06.788,7.96282,7.96528,1.00,1.50
2017.10.10 01:37:07.033,7.96277,7.96523,1.00,1.00
2017.10.10 01:37:08.047,7.96275,7.96518,1.00,1.00
2017.10.10 01:37:08.532,7.96268,7.96512,1.00,1.00
2017.10.10 01:37:09.187,7.9626,7.96506,1.00,1.00
2017.10.10 01:37:09.237,7.96258,7.96502,1.00,1.00
2017.10.10 01:37:09.750,7.96261,7.96505,1.00,1.00
2017.10.10 01:37:10.268,7.96265,7.96511,1.00,1.00
2017.10.10 01:37:10.319,7.96259,7.96505,1.00,1.00
2017.10.10 01:37:10.640,7.96218,7.96462,1.00,1.00
2017.10.10 01:37:10.791,7.96222,7.96467,1.00,1.00
2017.10.10 01:37:11.226,7.96226,7.96471,1.00,1.00
2017.10.10 01:37:12.158,7.96229,7.96475,1.00,1.00
2017.10.10 01:37:12.209,7.96246,7.96487,1.00,1.00
2017.10.10 01:37:12.688,7.96233,7.96479,1.00,1.00
2017.10.10 01:37:12.739,7.96216,7.96462,1.00,1.00
2017.10.10 01:37:13.062,7.9621,7.96456,1.00,1.00
2017.10.10 01:37:14.175,7.96215,7.96459,1.00,1.00
2017.10.10 01:37:14.687,7.96213,7.96459,1.00,1.00
2017.10.10 01:37:14.984,7.96217,7.96463,1.00,1.00
2017.10.10 01:37:16.320,7.96218,7.96464,1.00,1.00
2017.10.10 01:37:16.735,7.9623,7.96468,1.00,1.00
2017.10.10 01:37:16.786,7.96224,7.96468,1.00,1.00
2017.10.10 01:37:17.062,7.96228,7.96468,1.00,1.00
2017.10.10 01:37:17.927,7.96228,7.96467,1.00,1.00
2017.10.10 01:37:18.959,7.96222,7.96467,1.00,1.00
2017.10.10 01:37:19.124,7.96214,7.9646,1.00,1.00
2017.10.10 01:37:19.175,7.96209,7.96455,1.00,1.00
2017.10.10 01:37:19.492,7.96185,7.96431,1.00,1.00
2017.10.10 01:37:20.267,7.96193,7.96437,1.00,1.00
2017.10.10 01:37:20.369,7.96202,7.96448,1.00,1.00
2017.10.10 01:37:20.420,7.96197,7.96458,1.00,1.00
2017.10.10 01:37:20.471,7.96196,7.96477,1.00,1.00
2017.10.10 01:37:20.776,7.96225,7.96473,1.00,1.00
2017.10.10 01:37:21.082,7.96253,7.96499,1.00,1.00
2017.10.10 01:37:21.203,7.96256,7.96503,1.00,1.00
2017.10.10 01:37:21.547,7.96252,7.965,1.00,1.00
2017.10.10 01:37:22.300,7.96257,7.96502,1.00,1.00
2017.10.10 01:37:22.925,7.9625,7.96498,1.00,1.00
2017.10.10 01:37:23.931,7.96255,7.96503,1.00,1.00
2017.10.10 01:37:24.235,7.96243,7.96491,1.00,1.00
2017.10.10 01:37:24.545,7.96227,7.96475,1.00,1.00
2017.10.10 01:37:24.596,7.96227,7.96502,1.00,1.00
2017.10.10 01:37:25.075,7.96238,7.96513,1.00,1.19
2017.10.10 01:37:26.048,7.96233,7.96508,1.00,1.00
2017.10.10 01:37:26.099,7.96228,7.96501,1.00,1.00
2017.10.10 01:37:26.334,7.96222,7.96496,1.00,1.00
2017.10.10 01:37:26.509,7.96228,7.96503,1.00,1.00
2017.10.10 01:37:26.851,7.96224,7.96499,1.00,1.00
2017.10.10 01:37:27.192,7.96219,7.96494,1.00,1.00
2017.10.10 01:37:27.706,7.96221,7.96494,1.00,1.00
2017.10.10 01:37:28.207,7.96219,7.96494,1.00,1.00
2017.10.10 01:37:28.332,7.96209,7.96484,1.00,1.00
2017.10.10 01:37:28.649,7.96206,7.96481,1.00,1.00
2017.10.10 01:37:29.010,7.96198,7.96472,1.37,1.00
2017.10.10 01:37:29.177,7.96207,7.96482,1.00,1.00
2017.10.10 01:37:29.379,7.96213,7.96488,1.00,1.00
2017.10.10 01:37:29.803,7.96218,7.96493,1.00,1.00
2017.10.10 01:37:32.292,7.96213,7.96486,1.00,1.00
2017.10.10 01:37:32.625,7.96217,7.96492,1.00,1.00
2017.10.10 01:37:32.690,7.96223,7.96497,1.00,1.00
2017.10.10 01:37:33.109,7.96218,7.96493,1.00,1.00
2017.10.10 01:37:33.989,7.96219,7.96479,1.00,1.00
2017.10.10 01:37:34.942,7.96214,7.96476,1.00,1.00
2017.10.10 01:37:35.942,7.96211,7.96472,1.00,1.00
2017.10.10 01:37:40.143,7.96216,7.96478,1.00,1.00
2017.10.10 01:37:40.507,7.96216,7.9648,1.00,1.00
2017.10.10 01:37:41.504,7.96215,7.96479,1.00,1.00
2017.10.10 01:37:42.333,7.96213,7.96476,1.00,1.00
2017.10.10 01:37:42.873,7.9621,7.96475,1.00,1.00
2017.10.10 01:37:47.040,7.96216,7.9648,1.00,1.00
2017.10.10 01:37:47.354,7.96241,7.96505,1.00,1.00
2017.10.10 01:37:47.708,7.96242,7.965,1.00,1.00
2017.10.10 01:37:48.123,7.96236,7.965,1.00,1.00
2017.10.10 01:37:48.187,7.96242,7.965,1.00,1.00
2017.10.10 01:37:48.672,7.96236,7.965,1.00,1.00
2017.10.10 01:37:49.018,7.96236,7.96497,1.00,1.00
2017.10.10 01:37:55.214,7.96239,7.96501,1.00,1.00
2017.10.10 01:37:55.265,7.96261,7.96523,1.00,1.00
2017.10.10 01:37:55.569,7.96256,7.9652,1.00,1.00
2017.10.10 01:37:55.671,7.96245,7.96509,1.00,1.00
2017.10.10 01:37:56.054,7.96248,7.96512,1.00,1.00
2017.10.10 01:37:56.534,7.96245,7.96509,1.00,1.00
2017.10.10 01:37:56.849,7.96245,7.96507,1.00,1.00
2017.10.10 01:37:58.642,7.96233,7.96497,1.37,1.00
2017.10.10 01:37:58.970,7.9623,7.96492,1.37,1.00
2017.10.10 01:37:59.276,7.96239,7.96503,1.37,1.00
2017.10.10 01:37:59.429,7.96252,7.96514,1.00,1.00
2017.10.10 01:38:00.526,7.9625,7.96496,1.00,1.00
2017.10.10 01:38:00.852,7.96253,7.96499,1.00,1.00
2017.10.10 01:38:01.164,7.96247,7.96492,1.00,1.00
2017.10.10 01:38:02.380,7.96235,7.96481,1.00,1.00
2017.10.10 01:38:02.431,7.96226,7.96472,1.00,1.00
2017.10.10 01:38:02.755,7.96237,7.96483,1.00,1.00
2017.10.10 01:38:04.048,7.96238,7.96487,1.00,1.00
2017.10.10 01:38:04.768,7.96245,7.96492,1.00,1.00
2017.10.10 01:38:04.819,7.9625,7.96498,1.00,1.00
2017.10.10 01:38:04.943,7.96253,7.96501,1.00,1.00
2017.10.10 01:38:10.051,7.96258,7.96506,1.00,1.00
2017.10.10 01:38:10.235,7.96227,7.96476,1.00,1.00
2017.10.10 01:38:10.482,7.96231,7.9648,1.00,1.00
2017.10.10 01:38:10.870,7.96237,7.96485,1.00,1.00
2017.10.10 01:38:11.327,7.96233,7.96481,1.00,1.00
2017.10.10 01:38:11.378,7.96229,7.96478,1.00,1.00
2017.10.10 01:38:13.481,7.96236,7.96485,1.00,1.00
2017.10.10 01:38:13.801,7.96245,7.96491,1.00,1.00
2017.10.10 01:38:16.714,7.9626,7.96509,1.00,1.00
2017.10.10 01:38:16.765,7.96274,7.96523,1.00,1.00
2017.10.10 01:38:17.120,7.96268,7.96516,1.00,1.00
2017.10.10 01:38:17.209,7.96261,7.9651,1.00,1.00
2017.10.10 01:38:17.311,7.96273,7.96521,1.00,1.00
2017.10.10 01:38:17.660,7.96281,7.96528,1.00,1.00
2017.10.10 01:38:17.762,7.96287,7.96536,1.00,1.00
2017.10.10 01:38:19.498,7.96285,7.96531,1.00,1.00
2017.10.10 01:38:20.190,7.96288,7.96537,1.00,1.00
2017.10.10 01:38:22.416,7.96284,7.96533,1.00,1.00
2017.10.10 01:38:25.050,7.9629,7.96538,1.00,1.00
2017.10.10 01:38:30.097,7.96284,7.96532,1.00,1.00
2017.10.10 01:38:31.758,7.96288,7.96537,1.00,1.00
2017.10.10 01:38:31.932,7.96288,7.96547,1.00,1.00
2017.10.10 01:38:32.037,7.96288,7.96537,1.00,1.00
2017.10.10 01:38:32.349,7.96336,7.96582,1.00,1.00
2017.10.10 01:38:32.400,7.96339,7.96588,1.00,1.00
2017.10.10 01:38:32.502,7.96335,7.96581,1.00,1.00
2017.10.10 01:38:32.553,7.96329,7.96578,1.00,1.00
2017.10.10 01:38:32.603,7.96344,7.96592,1.00,1.00
2017.10.10 01:38:33.073,7.96349,7.96597,1.00,1.00
2017.10.10 01:38:33.209,7.96342,7.96591,1.00,1.00
2017.10.10 01:38:33.311,7.96334,7.96583,1.00,1.00
2017.10.10 01:38:34.109,7.96323,7.96568,1.00,1.00
2017.10.10 01:38:34.649,7.96333,7.96579,1.00,1.00
2017.10.10 01:38:34.801,7.96339,7.96585,1.00,1.00
2017.10.10 01:38:35.145,7.96332,7.96578,1.00,1.00
2017.10.10 01:38:35.477,7.96329,7.96575,1.00,1.00
2017.10.10 01:38:35.788,7.96333,7.96577,1.00,1.00
2017.10.10 01:38:35.839,7.96329,7.96575,1.00,1.00
2017.10.10 01:38:35.967,7.96321,7.96568,1.00,1.00
2017.10.10 01:38:37.207,7.96326,7.96573,1.00,1.00
2017.10.10 01:38:37.510,7.96309,7.96555,1.00,1.00
2017.10.10 01:38:38.066,7.96302,7.96548,1.00,1.00
2017.10.10 01:38:40.096,7.96314,7.96556,1.00,1.00
2017.10.10 01:38:40.400,7.96318,7.96557,1.00,1.00
2017.10.10 01:38:40.627,7.96312,7.96557,1.00,1.00
2017.10.10 01:38:40.835,7.96306,7.96557,1.00,1.00
2017.10.10 01:38:40.945,7.96312,7.96557,1.00,1.00
2017.10.10 01:38:41.047,7.96306,7.96557,1.00,1.00
2017.10.10 01:38:41.199,7.96302,7.96557,1.00,1.00
2017.10.10 01:38:41.300,7.96305,7.96557,1.00,1.00
2017.10.10 01:38:42.066,7.96315,7.96557,1.00,1.00
2017.10.10 01:38:42.326,7.96312,7.96557,1.00,1.00
2017.10.10 01:38:42.427,7.96321,7.96557,1.00,1.00
2017.10.10 01:38:42.478,7.96314,7.96557,1.00,1.00
2017.10.10 01:38:42.529,7.96318,7.96557,1.00,1.00
2017.10.10 01:38:43.125,7.96323,7.96557,1.00,1.00
2017.10.10 01:38:43.955,7.96322,7.96557,1.00,1.00
2017.10.10 01:38:44.662,7.96322,7.96556,1.50,1.00
2017.10.10 01:38:45.060,7.96336,7.96557,1.00,1.00
2017.10.10 01:38:45.111,7.96334,7.96557,1.00,1.00
2017.10.10 01:38:45.162,7.96324,7.96557,1.00,1.00
2017.10.10 01:38:45.213,7.96332,7.96557,1.00,1.00
2017.10.10 01:38:45.264,7.96323,7.96557,1.00,1.00
2017.10.10 01:38:45.428,7.96312,7.96557,1.00,1.00
2017.10.10 01:38:45.533,7.96303,7.96557,1.00,1.00
2017.10.10 01:38:45.635,7.96312,7.96557,1.00,1.00
2017.10.10 01:38:45.941,7.96292,7.96542,1.00,1.00
2017.10.10 01:38:46.201,7.96282,7.96541,1.00,1.00
2017.10.10 01:38:46.319,7.96284,7.96532,1.00,1.00
2017.10.10 01:38:46.630,7.96257,7.96505,1.00,1.00
2017.10.10 01:38:46.954,7.96254,7.965,1.00,1.00
2017.10.10 01:38:48.073,7.96249,7.96497,1.00,1.00
2017.10.10 01:38:48.174,7.96259,7.96504,1.00,1.00
2017.10.10 01:38:48.452,7.96273,7.96519,1.00,1.00
2017.10.10 01:38:48.503,7.96277,7.96523,1.00,1.00
2017.10.10 01:38:48.817,7.96268,7.96511,1.00,1.00
2017.10.10 01:38:49.137,7.96262,7.96508,1.50,1.00
2017.10.10 01:38:49.188,7.96266,7.9651,1.00,1.00
2017.10.10 01:38:49.491,7.96274,7.96512,1.00,1.00
2017.10.10 01:38:49.802,7.96277,7.96512,1.00,1.00
2017.10.10 01:38:50.469,7.96277,7.96511,1.00,1.00
2017.10.10 01:38:52.222,7.96281,7.96512,1.00,1.00
2017.10.10 01:38:52.565,7.96277,7.96512,1.00,1.00
2017.10.10 01:38:52.782,7.96282,7.96512,1.00,1.00
2017.10.10 01:38:54.569,7.96283,7.96512,1.00,1.00
2017.10.10 01:38:55.094,7.96282,7.96512,1.00,1.00
2017.10.10 01:38:56.105,7.96282,7.96511,1.00,1.00
2017.10.10 01:38:57.060,7.96282,7.96512,1.00,1.00
2017.10.10 01:39:00.050,7.96282,7.96511,1.00,1.00
2017.10.10 01:39:01.131,7.96282,7.96512,1.00,1.00
2017.10.10 01:39:02.272,7.96282,7.96511,1.00,1.00
2017.10.10 01:39:04.219,7.96282,7.96512,1.00,1.00
2017.10.10 01:39:06.957,7.96291,7.96511,1.00,1.00
2017.10.10 01:39:07.412,7.96278,7.96512,1.00,1.00
2017.10.10 01:39:07.514,7.96272,7.96512,1.00,1.00
2017.10.10 01:39:08.063,7.96272,7.96511,1.00,1.00
2017.10.10 01:39:08.938,7.9627,7.96512,1.00,1.00
2017.10.10 01:39:10.057,7.96272,7.96512,1.00,1.00
2017.10.10 01:39:10.687,7.96277,7.96511,1.00,1.00
2017.10.10 01:39:11.226,7.96277,7.96512,1.00,1.00
2017.10.10 01:39:14.666,7.96283,7.96512,1.00,1.00
2017.10.10 01:39:14.910,7.96277,7.96512,1.00,1.00
2017.10.10 01:39:16.267,7.96277,7.96511,1.00,1.00
2017.10.10 01:39:17.883,7.96282,7.96511,1.00,1.00
2017.10.10 01:39:19.223,7.96282,7.96512,1.00,1.00
2017.10.10 01:39:19.897,7.96279,7.96512,1.00,1.00
2017.10.10 01:39:20.385,7.96288,7.96512,1.00,1.00
2017.10.10 01:39:20.708,7.96291,7.96512,1.00,1.00
2017.10.10 01:39:21.041,7.96302,7.96512,1.00,1.00
2017.10.10 01:39:23.633,7.96282,7.96512,1.00,1.00
2017.10.10 01:39:23.736,7.96272,7.96502,1.00,1.00
2017.10.10 01:39:23.788,7.96242,7.96487,1.00,1.50
2017.10.10 01:39:23.841,7.96232,7.96433,1.00,1.50
2017.10.10 01:39:23.892,7.96212,7.96417,1.00,1.00
2017.10.10 01:39:24.044,7.96203,7.96416,1.00,1.00
2017.10.10 01:39:24.165,7.96192,7.96412,1.00,1.00
2017.10.10 01:39:24.216,7.96192,7.96417,1.00,1.00
2017.10.10 01:39:24.267,7.96192,7.96422,1.00,1.00
2017.10.10 01:39:24.318,7.96182,7.96422,1.00,1.00
2017.10.10 01:39:24.369,7.96192,7.96412,1.00,1.00
2017.10.10 01:39:24.709,7.96202,7.96412,1.00,1.00
2017.10.10 01:39:25.639,7.96202,7.96411,1.00,1.00
2017.10.10 01:39:25.901,7.96192,7.96412,1.00,1.00
2017.10.10 01:39:26.628,7.96202,7.96411,1.00,1.00
2017.10.10 01:39:27.071,7.96213,7.96411,1.00,1.00
2017.10.10 01:39:28.353,7.96212,7.96411,1.00,1.00
2017.10.10 01:39:29.188,7.96212,7.96412,1.00,1.00
2017.10.10 01:39:29.593,7.96222,7.96412,1.00,1.00
2017.10.10 01:39:51.895,7.96193,7.96412,1.00,1.00
2017.10.10 01:39:52.047,7.96182,7.96412,1.00,1.00
2017.10.10 01:39:52.707,7.96193,7.96412,1.00,1.00
2017.10.10 01:39:54.697,7.96193,7.96411,1.00,1.00
2017.10.10 01:39:55.217,7.96193,7.96412,1.00,1.00
2017.10.10 01:39:56.102,7.96182,7.96411,1.00,1.00
2017.10.10 01:39:56.153,7.96173,7.9641,1.00,1.00
2017.10.10 01:39:56.204,7.96172,7.96406,1.00,1.00
2017.10.10 01:39:56.255,7.96172,7.9641,1.00,1.00
2017.10.10 01:39:56.305,7.96172,7.96405,1.00,1.00
2017.10.10 01:39:56.680,7.96172,7.96394,1.00,1.00
2017.10.10 01:39:56.731,7.96163,7.96389,1.00,1.00
2017.10.10 01:39:57.942,7.96152,7.96389,1.00,1.00
2017.10.10 01:39:59.204,7.96162,7.96389,1.00,1.00
2017.10.10 01:40:00.196,7.96152,7.96389,1.00,1.00
2017.10.10 01:40:00.377,7.96162,7.96389,1.00,1.00
2017.10.10 01:40:01.906,7.96132,7.96366,1.00,1.00
2017.10.10 01:40:01.957,7.96143,7.96377,1.00,1.00
2017.10.10 01:40:02.008,7.96132,7.96376,1.00,1.00
2017.10.10 01:40:02.200,7.9613,7.96377,1.00,1.00
2017.10.10 01:40:02.382,7.96122,7.96367,1.00,1.00
2017.10.10 01:40:02.671,7.96111,7.96357,1.00,1.00
2017.10.10 01:40:02.722,7.96109,7.96355,1.00,1.00
2017.10.10 01:40:03.030,7.96102,7.96343,1.00,1.00
2017.10.10 01:40:03.080,7.96107,7.96353,1.00,1.00
2017.10.10 01:40:03.131,7.96112,7.96353,1.00,1.00
2017.10.10 01:40:03.288,7.96112,7.96357,1.50,1.50
2017.10.10 01:40:04.535,7.96109,7.96353,1.00,1.00
2017.10.10 01:40:04.839,7.96113,7.96352,1.00,1.00
2017.10.10 01:40:04.890,7.96108,7.96352,1.00,1.00
2017.10.10 01:40:05.209,7.96102,7.96347,1.50,1.00
2017.10.10 01:40:05.416,7.96106,7.96352,1.00,1.00
2017.10.10 01:40:06.242,7.96114,7.96357,1.00,1.00
2017.10.10 01:40:07.099,7.96119,7.96357,1.00,1.00
2017.10.10 01:40:07.428,7.96112,7.96351,1.00,1.00
2017.10.10 01:40:08.408,7.96112,7.96346,1.00,1.00
2017.10.10 01:40:09.399,7.96112,7.96352,1.00,1.00
2017.10.10 01:40:09.512,7.96122,7.96352,1.00,1.00
2017.10.10 01:40:09.767,7.96112,7.96348,1.00,1.00
2017.10.10 01:40:10.806,7.96112,7.96351,1.00,1.00
2017.10.10 01:40:11.803,7.96112,7.96353,1.00,1.00
2017.10.10 01:40:13.739,7.96112,7.96349,1.00,1.00
2017.10.10 01:40:15.610,7.96107,7.96352,1.00,1.00
2017.10.10 01:40:15.756,7.96099,7.96345,1.00,1.00
2017.10.10 01:40:15.807,7.96104,7.96348,1.00,1.00
2017.10.10 01:40:15.958,7.96109,7.96355,1.00,1.00
2017.10.10 01:40:18.253,7.96114,7.96357,1.00,1.00
2017.10.10 01:40:19.347,7.96111,7.96356,1.00,1.00
2017.10.10 01:40:19.842,7.96107,7.96353,1.00,1.00
2017.10.10 01:40:21.458,7.96111,7.96356,1.00,1.00
2017.10.10 01:40:22.963,7.96108,7.96354,1.00,1.00
2017.10.10 01:40:23.914,7.96098,7.96337,1.00,1.00
2017.10.10 01:40:24.929,7.96098,7.96336,1.00,1.00
2017.10.10 01:40:25.836,7.96093,7.96337,1.00,1.00
2017.10.10 01:40:26.361,7.96096,7.96337,1.00,1.00
2017.10.10 01:40:26.412,7.96092,7.96337,1.00,1.00
2017.10.10 01:40:27.865,7.96088,7.96334,1.00,1.00
2017.10.10 01:40:29.467,7.96092,7.96337,1.00,1.00
2017.10.10 01:40:30.666,7.96092,7.96336,1.00,1.00
2017.10.10 01:40:31.006,7.96088,7.96334,1.00,1.00
2017.10.10 01:40:31.254,7.96082,7.96327,1.00,1.00
2017.10.10 01:40:31.614,7.96063,7.96302,1.00,1.00
2017.10.10 01:40:31.770,7.96056,7.96297,1.57,1.00
2017.10.10 01:40:31.872,7.96056,7.96286,1.10,1.00
2017.10.10 01:40:32.139,7.96044,7.9629,1.00,1.00
2017.10.10 01:40:32.269,7.96042,7.96284,1.00,1.00
2017.10.10 01:40:32.579,7.96021,7.96265,1.00,1.00
2017.10.10 01:40:32.629,7.96031,7.96268,1.00,1.00
2017.10.10 01:40:32.680,7.96031,7.96277,1.00,1.00
2017.10.10 01:40:32.731,7.96011,7.96274,1.00,1.00
2017.10.10 01:40:32.782,7.96017,7.9627,1.00,1.00
2017.10.10 01:40:32.833,7.96008,7.9627,1.00,1.00
2017.10.10 01:40:32.884,7.96003,7.96266,2.25,1.00
2017.10.10 01:40:33.014,7.96016,7.96274,1.00,1.00
2017.10.10 01:40:33.067,7.96013,7.96276,1.00,1.00
2017.10.10 01:40:33.118,7.95994,7.9627,1.00,1.00
2017.10.10 01:40:33.170,7.96026,7.9627,1.00,1.00
2017.10.10 01:40:33.237,7.96026,7.96272,1.00,1.00
2017.10.10 01:40:33.339,7.96031,7.96275,1.00,1.00
2017.10.10 01:40:33.490,7.96033,7.96291,1.00,1.00
2017.10.10 01:40:33.592,7.96041,7.96297,1.00,1.00
2017.10.10 01:40:33.699,7.96044,7.96301,1.00,1.00
2017.10.10 01:40:33.750,7.96032,7.9629,1.00,1.00
2017.10.10 01:40:33.840,7.96035,7.96293,1.00,1.00
2017.10.10 01:40:34.144,7.96025,7.96281,1.00,1.00
2017.10.10 01:40:34.208,7.96028,7.96285,1.00,1.00
2017.10.10 01:40:34.373,7.96022,7.96278,1.00,1.00
2017.10.10 01:40:34.744,7.96025,7.96282,1.00,1.00
2017.10.10 01:40:34.795,7.96035,7.96291,1.00,1.00
2017.10.10 01:40:35.100,7.96056,7.96312,1.00,1.00
2017.10.10 01:40:35.404,7.96093,7.96349,1.00,1.00
2017.10.10 01:40:35.720,7.96122,7.96366,1.00,1.00
2017.10.10 01:40:36.065,7.96164,7.96397,1.00,1.00
2017.10.10 01:40:36.116,7.96171,7.96423,1.00,1.00
2017.10.10 01:40:36.167,7.96166,7.9642,1.00,1.00
2017.10.10 01:40:36.218,7.96182,7.96434,1.00,1.00
2017.10.10 01:40:36.269,7.96184,7.96438,1.00,1.00
2017.10.10 01:40:36.371,7.9619,7.96442,1.00,1.00
2017.10.10 01:40:36.472,7.96193,7.96446,1.00,1.00
2017.10.10 01:40:36.861,7.96182,7.96431,1.00,1.00
2017.10.10 01:40:36.913,7.96185,7.96439,1.00,1.00
2017.10.10 01:40:36.964,7.96186,7.96441,1.00,1.00
2017.10.10 01:40:37.066,7.9618,7.96434,1.00,1.00
2017.10.10 01:40:37.117,7.96184,7.96439,1.00,1.00
2017.10.10 01:40:37.168,7.96189,7.96442,1.00,1.00
2017.10.10 01:40:38.425,7.96193,7.96447,1.00,1.00
2017.10.10 01:40:38.767,7.96199,7.96453,1.00,1.00
2017.10.10 01:40:39.375,7.96202,7.96453,1.00,1.00
2017.10.10 01:40:39.836,7.96202,7.9645,1.00,1.00
2017.10.10 01:40:39.887,7.96195,7.9645,1.00,1.00
2017.10.10 01:40:40.866,7.96196,7.96458,1.00,1.50
2017.10.10 01:40:41.863,7.96195,7.96458,1.00,1.50
2017.10.10 01:40:42.692,7.96199,7.96457,1.00,1.00
2017.10.10 01:40:42.987,7.96195,7.96458,1.00,1.50
2017.10.10 01:40:44.043,7.96191,7.96454,1.00,1.00
2017.10.10 01:40:44.630,7.96196,7.96458,1.00,1.00
2017.10.10 01:40:45.045,7.962,7.96458,1.00,1.00
2017.10.10 01:40:47.470,7.96195,7.96441,1.00,1.00
2017.10.10 01:40:48.385,7.96198,7.96442,1.00,1.00
2017.10.10 01:40:53.703,7.96193,7.96439,1.00,1.00
2017.10.10 01:40:54.175,7.96189,7.96435,1.00,1.00
2017.10.10 01:40:55.896,7.96182,7.96428,1.00,1.00
2017.10.10 01:40:56.893,7.96181,7.96427,1.00,1.00
2017.10.10 01:40:57.390,7.96188,7.96431,1.00,1.00
2017.10.10 01:40:57.441,7.96183,7.96427,1.00,1.00
2017.10.10 01:40:59.333,7.96187,7.96432,1.00,1.00
2017.10.10 01:41:02.366,7.96181,7.96426,1.00,1.00
2017.10.10 01:41:02.417,7.96177,7.96423,1.00,1.00
2017.10.10 01:41:04.407,7.96178,7.96424,1.00,1.00
2017.10.10 01:41:07.004,7.9617,7.96413,1.00,1.00
2017.10.10 01:41:07.054,7.96159,7.96404,1.00,1.00
2017.10.10 01:41:07.207,7.96143,7.96389,1.00,1.00
2017.10.10 01:41:07.258,7.9614,7.96386,1.00,1.00
2017.10.10 01:41:07.565,7.96154,7.964,1.00,1.00
2017.10.10 01:41:08.095,7.96159,7.96405,1.00,1.25
2017.10.10 01:41:08.406,7.96183,7.96427,1.00,1.00
2017.10.10 01:41:08.558,7.96192,7.96437,1.00,1.50
2017.10.10 01:41:09.062,7.96184,7.9643,1.00,1.00
2017.10.10 01:41:09.252,7.96174,7.9642,1.00,1.00
2017.10.10 01:41:09.588,7.96163,7.96409,1.00,1.00
2017.10.10 01:41:10.015,7.96176,7.96422,1.00,1.19
2017.10.10 01:41:10.117,7.96176,7.96422,1.00,1.00
2017.10.10 01:41:10.399,7.9617,7.96416,1.00,1.00
2017.10.10 01:41:10.750,7.96165,7.96409,1.00,1.00
2017.10.10 01:41:11.023,7.96148,7.96419,1.19,1.37
2017.10.10 01:41:11.074,7.96168,7.96412,1.00,1.00
2017.10.10 01:41:11.393,7.96162,7.96407,1.00,1.00
2017.10.10 01:41:11.521,7.96146,7.96414,1.19,1.19
2017.10.10 01:41:11.572,7.96157,7.96401,1.00,1.00
2017.10.10 01:41:11.623,7.96164,7.96409,1.00,1.00
2017.10.10 01:41:12.020,7.96163,7.96407,1.00,1.00
2017.10.10 01:41:12.121,7.96144,7.96413,1.19,1.25
2017.10.10 01:41:12.172,7.96145,7.96414,1.00,1.19
2017.10.10 01:41:12.395,7.96163,7.96409,1.00,1.00
2017.10.10 01:41:12.712,7.96168,7.96414,1.00,1.19
2017.10.10 01:41:13.350,7.96168,7.96414,1.00,1.19
2017.10.10 01:41:14.096,7.96165,7.96409,1.00,1.00
2017.10.10 01:41:14.242,7.9616,7.96406,1.00,1.00
2017.10.10 01:41:14.293,7.96171,7.96417,1.00,1.00
2017.10.10 01:41:14.773,7.9618,7.96426,1.00,1.19
2017.10.10 01:41:16.201,7.9618,7.96426,1.00,1.00
2017.10.10 01:41:16.252,7.9617,7.96416,1.00,1.00
2017.10.10 01:41:16.555,7.96175,7.96421,1.00,1.00
2017.10.10 01:41:16.905,7.96182,7.96426,1.00,1.00
2017.10.10 01:41:17.400,7.96177,7.96423,1.00,1.00
2017.10.10 01:41:18.281,7.96183,7.96429,1.00,1.00
2017.10.10 01:41:19.437,7.9618,7.96426,1.00,1.00
2017.10.10 01:41:19.753,7.96185,7.96431,1.00,1.00
2017.10.10 01:41:20.189,7.96181,7.96427,1.00,1.00
2017.10.10 01:41:20.514,7.96195,7.96439,1.00,1.00
2017.10.10 01:41:20.565,7.96207,7.96453,1.00,1.00
2017.10.10 01:41:20.616,7.96215,7.96456,1.00,1.00
2017.10.10 01:41:20.933,7.96227,7.96457,1.00,1.00
2017.10.10 01:41:22.737,7.96223,7.96457,1.00,1.00
2017.10.10 01:41:23.731,7.96222,7.96457,1.00,1.00
2017.10.10 01:41:23.832,7.9622,7.96457,1.00,1.00
2017.10.10 01:41:23.896,7.96218,7.96457,1.00,1.00
2017.10.10 01:41:24.105,7.9621,7.96456,1.00,1.00
2017.10.10 01:41:24.156,7.96191,7.96437,1.00,1.00
2017.10.10 01:41:24.531,7.96189,7.96433,1.00,1.00
2017.10.10 01:41:24.582,7.96182,7.96428,1.00,1.00
2017.10.10 01:41:25.956,7.96187,7.96433,1.00,1.00
2017.10.10 01:41:26.448,7.96184,7.96428,1.00,1.00
2017.10.10 01:41:26.953,7.96183,7.96427,1.00,1.00
2017.10.10 01:41:27.507,7.96174,7.9642,1.00,1.00
2017.10.10 01:41:27.559,7.96163,7.96409,1.00,1.00
2017.10.10 01:41:27.865,7.9616,7.96406,1.00,1.00
2017.10.10 01:41:28.250,7.96165,7.96411,1.00,1.00
2017.10.10 01:41:30.890,7.96171,7.96417,1.00,1.00
2017.10.10 01:41:31.196,7.96174,7.9642,1.00,1.00
2017.10.10 01:41:31.540,7.96189,7.96433,1.00,1.00
2017.10.10 01:41:31.860,7.96174,7.9642,1.19,1.00
2017.10.10 01:41:31.911,7.96174,7.9642,1.00,1.00
2017.10.10 01:41:32.065,7.9617,7.96416,1.00,1.00
2017.10.10 01:41:32.395,7.96165,7.96411,1.00,1.00
2017.10.10 01:41:32.697,7.96168,7.96414,1.00,1.00
2017.10.10 01:41:33.084,7.96175,7.96421,1.00,1.00
2017.10.10 01:41:33.413,7.96194,7.9644,1.00,1.00
2017.10.10 01:41:34.320,7.96208,7.96454,1.00,1.19
2017.10.10 01:41:34.371,7.96208,7.96453,1.00,1.00
2017.10.10 01:41:34.426,7.96195,7.96441,1.19,1.00
2017.10.10 01:41:34.477,7.96195,7.96441,1.00,1.00
2017.10.10 01:41:34.527,7.96204,7.9645,1.00,1.25
2017.10.10 01:41:34.983,7.96195,7.96441,1.00,1.00
2017.10.10 01:41:35.514,7.96192,7.96437,1.00,1.00
2017.10.10 01:41:36.129,7.96195,7.96441,1.00,1.00
2017.10.10 01:41:36.238,7.96191,7.96437,1.00,1.00
2017.10.10 01:41:36.569,7.96187,7.96433,1.00,1.00
2017.10.10 01:41:37.650,7.96181,7.96427,1.00,1.00
2017.10.10 01:41:38.021,7.96192,7.96436,1.00,1.00
2017.10.10 01:41:38.396,7.96185,7.96431,1.00,1.00
2017.10.10 01:41:38.996,7.9619,7.96436,1.00,1.00
2017.10.10 01:41:39.342,7.962,7.96446,1.00,1.00
2017.10.10 01:41:39.675,7.96214,7.9646,1.00,1.00
2017.10.10 01:41:39.979,7.96188,7.96432,1.00,1.00
2017.10.10 01:41:40.219,7.96176,7.96422,1.19,1.00
2017.10.10 01:41:40.320,7.96175,7.96421,1.00,1.00
2017.10.10 01:41:40.371,7.96173,7.96419,1.00,1.00
2017.10.10 01:41:40.758,7.96206,7.9645,1.00,1.00
2017.10.10 01:41:41.036,7.96194,7.9644,1.00,1.00
2017.10.10 01:41:41.324,7.96191,7.96435,1.00,1.00
2017.10.10 01:41:41.426,7.96182,7.96428,1.00,1.00
2017.10.10 01:41:41.476,7.9619,7.96435,1.00,1.00
2017.10.10 01:41:42.340,7.96193,7.96439,1.00,1.00
2017.10.10 01:41:42.520,7.96187,7.96433,1.00,1.00
2017.10.10 01:41:43.175,7.96184,7.96429,1.00,1.00
2017.10.10 01:41:43.240,7.96179,7.96425,1.00,1.00
2017.10.10 01:41:44.059,7.96183,7.96429,1.00,1.00
2017.10.10 01:41:44.380,7.9618,7.96426,1.00,1.00
2017.10.10 01:41:45.380,7.96184,7.9643,1.00,1.00
2017.10.10 01:41:45.684,7.96178,7.96424,1.00,1.00
2017.10.10 01:41:46.221,7.96174,7.9642,1.00,1.00
2017.10.10 01:41:46.570,7.96177,7.96423,1.00,1.00
2017.10.10 01:41:46.985,7.96187,7.96433,1.00,1.00
2017.10.10 01:41:47.473,7.96183,7.96429,1.00,1.00
2017.10.10 01:41:48.541,7.96185,7.96428,1.00,1.00
2017.10.10 01:41:48.978,7.9619,7.96436,1.00,1.00
2017.10.10 01:41:49.120,7.96186,7.96432,1.00,1.00
2017.10.10 01:41:50.053,7.96187,7.96433,1.00,1.00
2017.10.10 01:41:50.610,7.96194,7.96438,1.00,1.00
2017.10.10 01:41:50.726,7.96189,7.96435,1.00,1.00
2017.10.10 01:41:50.996,7.96193,7.96439,1.00,1.00
2017.10.10 01:41:51.678,7.96184,7.9643,1.00,1.00
2017.10.10 01:41:51.983,7.96188,7.96434,1.00,1.00
2017.10.10 01:41:52.322,7.96182,7.96428,1.00,1.00
2017.10.10 01:41:52.679,7.96187,7.96432,1.00,1.00
2017.10.10 01:41:53.021,7.96181,7.96425,1.00,1.00
2017.10.10 01:41:53.072,7.96184,7.9643,1.00,1.00
2017.10.10 01:41:53.173,7.9618,7.96426,1.00,1.00
2017.10.10 01:41:53.484,7.96176,7.9642,1.00,1.00
2017.10.10 01:41:54.123,7.96184,7.9643,1.00,1.00
2017.10.10 01:41:54.295,7.96179,7.96425,1.00,1.00
2017.10.10 01:41:55.189,7.96176,7.96421,1.00,1.00
2017.10.10 01:42:00.754,7.96179,7.96425,1.00,1.00
2017.10.10 01:42:00.855,7.96176,7.9642,1.00,1.00
2017.10.10 01:42:00.906,7.96185,7.96431,1.00,1.00
2017.10.10 01:42:01.242,7.96181,7.96427,1.00,1.00
2017.10.10 01:42:01.634,7.96176,7.96422,1.00,1.00
2017.10.10 01:42:02.463,7.96177,7.96423,1.00,1.00
2017.10.10 01:42:02.905,7.96173,7.96419,1.00,1.00
2017.10.10 01:42:03.532,7.96174,7.9642,1.00,1.00
2017.10.10 01:42:04.621,7.96163,7.96408,1.00,1.00
2017.10.10 01:42:07.854,7.96157,7.96403,1.00,1.00
2017.10.10 01:42:07.905,7.96151,7.96397,1.00,1.00
2017.10.10 01:42:08.216,7.96162,7.96406,1.00,1.00
2017.10.10 01:42:08.267,7.96166,7.96412,1.00,1.00
2017.10.10 01:42:08.317,7.96173,7.96419,1.00,1.00
2017.10.10 01:42:09.288,7.96188,7.96434,1.00,1.00
2017.10.10 01:42:09.592,7.9618,7.96426,1.00,1.00
2017.10.10 01:42:09.900,7.96177,7.96423,1.00,1.00
2017.10.10 01:42:10.223,7.96173,7.96419,1.00,1.00
2017.10.10 01:42:10.578,7.96166,7.96409,1.00,1.00
2017.10.10 01:42:11.046,7.9616,7.96406,1.00,1.00
2017.10.10 01:42:12.341,7.96166,7.9641,1.00,1.00
2017.10.10 01:42:12.668,7.96177,7.96421,1.00,1.00
2017.10.10 01:42:12.719,7.96179,7.96425,1.00,1.00
2017.10.10 01:42:12.820,7.96184,7.9643,1.00,1.00
2017.10.10 01:42:13.218,7.96182,7.96428,1.00,1.00
2017.10.10 01:42:13.867,7.96187,7.96432,1.00,1.00
2017.10.10 01:42:13.969,7.96195,7.96441,1.00,1.00
2017.10.10 01:42:14.020,7.962,7.96443,1.00,1.00
2017.10.10 01:42:14.071,7.96198,7.96444,1.00,1.00
2017.10.10 01:42:14.459,7.96194,7.96439,1.00,1.00
2017.10.10 01:42:14.777,7.96199,7.96443,1.00,1.00
2017.10.10 01:42:14.835,7.96194,7.9644,1.00,1.00
2017.10.10 01:42:15.130,7.96198,7.96444,1.00,1.00
2017.10.10 01:42:15.592,7.9619,7.96436,1.00,1.00
2017.10.10 01:42:16.540,7.96178,7.96424,1.00,1.00
2017.10.10 01:42:16.845,7.96184,7.9643,1.00,1.00
2017.10.10 01:42:17.361,7.96191,7.96437,1.00,1.00
2017.10.10 01:42:17.703,7.96195,7.9644,1.00,1.00
2017.10.10 01:42:18.228,7.96198,7.96444,1.00,1.00
2017.10.10 01:42:18.512,7.96189,7.96435,1.00,1.00
2017.10.10 01:42:19.061,7.96188,7.96434,1.00,1.00
2017.10.10 01:42:19.500,7.96185,7.96429,1.00,1.00
2017.10.10 01:42:19.602,7.96179,7.96425,1.00,1.00
2017.10.10 01:42:19.776,7.9619,7.96436,1.00,1.00
2017.10.10 01:42:20.134,7.96186,7.9643,1.00,1.00
2017.10.10 01:42:20.186,7.96181,7.96427,1.00,1.00
2017.10.10 01:42:20.790,7.96177,7.96422,1.00,1.00
2017.10.10 01:42:22.294,7.9617,7.96415,1.00,1.00
2017.10.10 01:42:22.446,7.96158,7.96404,1.00,1.00
2017.10.10 01:42:22.547,7.96167,7.96412,1.00,1.00
2017.10.10 01:42:22.995,7.96171,7.96416,1.00,1.00
2017.10.10 01:42:23.475,7.96177,7.96422,1.00,1.00
2017.10.10 01:42:23.627,7.9616,7.96406,1.00,1.00
2017.10.10 01:42:23.728,7.96157,7.96402,1.00,1.00
2017.10.10 01:42:23.779,7.96155,7.96401,1.00,1.00
2017.10.10 01:42:23.830,7.96148,7.96394,1.00,1.00
2017.10.10 01:42:24.163,7.96146,7.96391,1.00,1.00
2017.10.10 01:42:24.425,7.96155,7.96401,1.00,1.00
2017.10.10 01:42:24.526,7.96164,7.9641,1.00,1.00
2017.10.10 01:42:24.877,7.9616,7.96405,1.00,1.00
2017.10.10 01:42:25.636,7.96187,7.96433,1.00,1.00
2017.10.10 01:42:25.687,7.96189,7.96435,1.00,1.00
2017.10.10 01:42:26.082,7.96193,7.96437,1.00,1.00
2017.10.10 01:42:26.589,7.96193,7.96436,1.00,1.00
2017.10.10 01:42:27.515,7.96194,7.96437,1.00,1.00
2017.10.10 01:42:27.916,7.96198,7.96436,1.00,1.00
2017.10.10 01:42:28.221,7.96202,7.96436,1.00,1.00
2017.10.10 01:42:28.868,7.96206,7.96436,1.00,1.00
2017.10.10 01:42:29.275,7.96215,7.96436,1.00,1.00
2017.10.10 01:42:29.965,7.96215,7.96437,1.00,1.00
2017.10.10 01:42:31.827,7.96219,7.96437,1.00,1.00
2017.10.10 01:42:33.041,7.96222,7.96437,1.00,1.00
2017.10.10 01:42:33.321,7.96203,7.96437,1.00,1.00
2017.10.10 01:42:33.422,7.96198,7.96437,1.00,1.00
2017.10.10 01:42:33.773,7.96204,7.96436,1.00,1.00
2017.10.10 01:42:33.824,7.96193,7.96437,1.00,1.50
2017.10.10 01:42:33.925,7.96198,7.96437,1.00,1.00
2017.10.10 01:42:34.587,7.96199,7.96436,1.00,1.00
2017.10.10 01:42:34.931,7.96203,7.96437,1.00,1.00
2017.10.10 01:42:35.254,7.9621,7.96437,1.00,1.00
2017.10.10 01:42:35.458,7.96207,7.96437,1.00,1.00
2017.10.10 01:42:35.959,7.96212,7.96437,1.00,1.00
2017.10.10 01:42:37.931,7.96207,7.96437,1.00,1.00
2017.10.10 01:42:37.982,7.96203,7.96437,1.00,1.00
2017.10.10 01:42:39.644,7.96207,7.96437,1.00,1.00
2017.10.10 01:42:40.244,7.96205,7.96437,1.00,1.00
2017.10.10 01:42:41.106,7.96203,7.96437,1.00,1.00
2017.10.10 01:42:41.636,7.962,7.96437,1.00,1.00
2017.10.10 01:42:45.887,7.96211,7.96437,1.00,1.00
2017.10.10 01:42:46.532,7.96214,7.96437,1.00,1.00
2017.10.10 01:42:46.684,7.96203,7.96437,1.00,1.00
2017.10.10 01:42:46.870,7.9621,7.96437,1.00,1.00
2017.10.10 01:42:47.587,7.96205,7.96436,1.00,1.00
2017.10.10 01:42:48.622,7.96201,7.96436,1.00,1.00
2017.10.10 01:42:48.887,7.96207,7.96436,1.00,1.00
2017.10.10 01:42:49.077,7.96193,7.96437,1.00,1.00
2017.10.10 01:42:49.600,7.96187,7.96432,1.00,1.00
2017.10.10 01:42:51.225,7.96187,7.96433,1.00,1.00
2017.10.10 01:42:51.856,7.96187,7.96431,1.00,1.00
2017.10.10 01:42:52.059,7.96181,7.96427,1.00,1.00
2017.10.10 01:42:52.110,7.96167,7.96426,1.50,1.00
2017.10.10 01:42:52.211,7.96167,7.96412,1.50,1.00
2017.10.10 01:42:52.365,7.96157,7.96406,1.00,1.00
2017.10.10 01:42:54.587,7.96163,7.9641,1.00,1.00
2017.10.10 01:42:57.132,7.96164,7.96413,1.00,1.00
2017.10.10 01:42:59.973,7.96155,7.96404,1.00,1.00
2017.10.10 01:43:03.652,7.96157,7.96407,1.00,1.00
2017.10.10 01:43:04.647,7.96158,7.96407,1.00,1.00
2017.10.10 01:43:18.682,7.96159,7.9641,1.00,1.00
2017.10.10 01:43:19.677,7.96159,7.96407,1.00,1.00
2017.10.10 01:43:26.196,7.96159,7.9641,1.00,1.00
2017.10.10 01:43:27.193,7.96158,7.96406,1.00,1.00
2017.10.10 01:43:30.488,7.96203,7.96427,1.00,1.00
2017.10.10 01:43:31.482,7.96222,7.96426,1.00,1.00
2017.10.10 01:43:31.721,7.96212,7.96426,1.00,1.00
2017.10.10 01:43:32.276,7.96212,7.96427,1.00,1.00
2017.10.10 01:43:34.640,7.96222,7.96427,1.00,1.00
2017.10.10 01:43:34.742,7.9622,7.96426,1.00,1.00
2017.10.10 01:43:34.793,7.96242,7.96426,1.00,1.00
2017.10.10 01:43:34.996,7.96253,7.9644,1.00,1.00
2017.10.10 01:43:35.311,7.96272,7.9644,1.00,1.00
2017.10.10 01:43:35.363,7.96272,7.96478,1.00,1.00
2017.10.10 01:43:35.954,7.96252,7.96478,1.00,1.00
2017.10.10 01:43:36.005,7.96272,7.96478,1.00,1.00
2017.10.10 01:43:36.056,7.96262,7.96477,1.00,1.00
2017.10.10 01:43:36.107,7.96252,7.96477,1.00,1.00
2017.10.10 01:43:36.281,7.96262,7.96478,1.00,1.00
2017.10.10 01:43:36.480,7.96253,7.96478,1.00,1.00
2017.10.10 01:43:37.460,7.96242,7.96475,1.00,1.00
2017.10.10 01:43:37.531,7.96242,7.96473,1.00,1.00
2017.10.10 01:43:37.684,7.96232,7.96469,1.00,1.00
2017.10.10 01:43:37.786,7.96242,7.96469,1.00,1.00
2017.10.10 01:43:37.837,7.96242,7.96477,1.00,1.00
2017.10.10 01:43:37.938,7.96252,7.96477,1.00,1.00
2017.10.10 01:43:38.413,7.96262,7.96478,1.00,1.00
2017.10.10 01:43:38.729,7.96272,7.96478,1.00,1.00
2017.10.10 01:43:38.831,7.96263,7.96477,1.00,1.00
2017.10.10 01:43:38.928,7.96282,7.96477,1.00,1.00
2017.10.10 01:43:38.979,7.96273,7.96477,1.00,1.00
2017.10.10 01:43:39.245,7.96282,7.96478,1.00,1.00
2017.10.10 01:43:39.588,7.96272,7.96478,1.00,1.00
2017.10.10 01:43:40.543,7.96282,7.96478,1.00,1.00
2017.10.10 01:43:41.505,7.96282,7.96477,1.00,1.00
2017.10.10 01:43:42.066,7.96282,7.96478,1.00,1.00
2017.10.10 01:43:42.976,7.96272,7.96478,1.00,1.00
2017.10.10 01:43:43.078,7.96272,7.96476,1.00,1.00
2017.10.10 01:43:43.180,7.96263,7.96476,1.00,1.00
2017.10.10 01:43:43.295,7.96263,7.96469,1.00,1.00
2017.10.10 01:43:43.686,7.96272,7.96469,1.00,1.00
2017.10.10 01:43:45.568,7.96272,7.96472,1.00,1.00
2017.10.10 01:43:45.669,7.96273,7.96478,1.00,1.00
2017.10.10 01:43:45.720,7.96283,7.96478,1.00,1.00
2017.10.10 01:43:46.342,7.96282,7.96478,1.00,1.00
2017.10.10 01:43:47.087,7.96282,7.96477,1.00,1.00
2017.10.10 01:43:47.239,7.96262,7.96477,1.00,1.50
2017.10.10 01:43:47.289,7.96282,7.96477,1.00,1.50
2017.10.10 01:43:47.391,7.96272,7.96478,1.00,1.00
2017.10.10 01:43:47.645,7.96293,7.96478,1.00,1.00
2017.10.10 01:43:48.075,7.96282,7.96478,1.00,1.00
2017.10.10 01:43:48.369,7.96272,7.96478,1.00,1.00
2017.10.10 01:43:48.470,7.96282,7.96478,1.00,1.00
2017.10.10 01:43:49.390,7.96282,7.96477,1.00,1.00
2017.10.10 01:43:49.715,7.96273,7.96478,1.00,1.00
2017.10.10 01:43:49.767,7.96262,7.96478,1.00,1.00
2017.10.10 01:43:50.172,7.96272,7.96478,1.00,1.00
2017.10.10 01:43:50.876,7.96262,7.96478,1.00,1.00
2017.10.10 01:43:51.018,7.96262,7.96475,1.00,1.00
2017.10.10 01:43:51.386,7.96262,7.96478,1.00,1.00
2017.10.10 01:43:51.538,7.96272,7.96477,1.00,1.00
2017.10.10 01:43:51.757,7.96263,7.96476,1.00,1.00
2017.10.10 01:43:52.572,7.96263,7.96477,1.00,1.00
2017.10.10 01:43:53.111,7.96263,7.96478,1.00,1.00
2017.10.10 01:43:53.162,7.96263,7.96476,1.00,1.00
2017.10.10 01:43:53.581,7.96263,7.96478,1.00,1.00
2017.10.10 01:43:54.040,7.96252,7.96465,1.00,1.00
2017.10.10 01:43:54.142,7.96222,7.96452,1.00,1.00
2017.10.10 01:43:54.193,7.96212,7.96438,1.00,1.00
2017.10.10 01:43:54.497,7.96212,7.96432,1.00,1.00
2017.10.10 01:43:54.548,7.96212,7.96436,1.00,1.00
2017.10.10 01:43:54.706,7.96212,7.9642,1.00,1.00
2017.10.10 01:43:54.939,7.96213,7.9643,1.00,1.25
2017.10.10 01:43:55.040,7.96213,7.96441,1.00,1.00
2017.10.10 01:43:55.091,7.96232,7.96441,1.00,1.00
2017.10.10 01:43:55.412,7.96232,7.96436,1.00,1.00
2017.10.10 01:43:55.734,7.96222,7.96428,1.00,1.00
2017.10.10 01:43:55.826,7.96212,7.96423,1.00,1.00
2017.10.10 01:43:55.877,7.96212,7.96418,1.00,1.00
2017.10.10 01:43:56.217,7.96212,7.96415,1.00,1.00
2017.10.10 01:43:56.268,7.96212,7.9642,1.00,1.00
2017.10.10 01:43:56.487,7.96202,7.9642,1.00,1.00
2017.10.10 01:43:56.577,7.96202,7.96425,1.00,1.00
2017.10.10 01:43:56.679,7.96212,7.96425,1.00,1.00
2017.10.10 01:43:57.153,7.96212,7.96422,1.00,1.00
2017.10.10 01:43:57.254,7.96212,7.96425,1.00,1.00
2017.10.10 01:44:00.284,7.96177,7.96425,1.00,1.00
2017.10.10 01:44:00.335,7.9616,7.96425,1.00,1.00
2017.10.10 01:44:00.385,7.96158,7.96404,1.00,1.00
2017.10.10 01:44:00.702,7.9615,7.96394,1.00,1.00
2017.10.10 01:44:00.752,7.96151,7.96397,1.00,1.00
2017.10.10 01:44:03.670,7.96161,7.96398,1.00,1.00
2017.10.10 01:44:03.721,7.96165,7.96411,1.00,1.19
2017.10.10 01:44:03.823,7.96165,7.96411,1.00,1.00
2017.10.10 01:44:03.873,7.96173,7.96418,1.00,1.69
2017.10.10 01:44:03.975,7.96177,7.96423,1.00,1.25
2017.10.10 01:44:04.076,7.96174,7.9642,1.00,1.00
2017.10.10 01:44:04.575,7.96177,7.96423,1.00,1.25
2017.10.10 01:44:04.894,7.96174,7.96419,1.00,1.00
2017.10.10 01:44:05.974,7.96183,7.96419,1.00,1.00
2017.10.10 01:44:06.847,7.96174,7.96419,1.00,1.00
2017.10.10 01:44:08.160,7.96182,7.96419,1.00,1.00
2017.10.10 01:44:08.600,7.96192,7.96425,1.00,1.00
2017.10.10 01:44:08.802,7.96222,7.9646,1.00,1.00
2017.10.10 01:44:08.904,7.96222,7.96457,1.00,1.00
2017.10.10 01:44:08.955,7.96222,7.96461,1.00,1.00
2017.10.10 01:44:09.005,7.96232,7.9646,1.00,1.00
2017.10.10 01:44:09.608,7.96232,7.96461,1.00,1.00
2017.10.10 01:44:09.779,7.96222,7.96461,1.00,1.00
2017.10.10 01:44:11.286,7.96222,7.96464,1.00,1.00
2017.10.10 01:44:11.411,7.96222,7.9646,1.00,1.00
2017.10.10 01:44:11.543,7.96222,7.96464,1.00,1.00
2017.10.10 01:44:11.669,7.96222,7.96456,1.00,1.00
2017.10.10 01:44:11.770,7.96222,7.96461,1.00,1.00
2017.10.10 01:44:11.821,7.96215,7.96461,1.00,1.00
2017.10.10 01:44:12.723,7.96215,7.9646,1.00,1.00
2017.10.10 01:44:13.060,7.96219,7.96465,1.00,1.00
2017.10.10 01:44:13.975,7.96223,7.96467,1.00,1.00
2017.10.10 01:44:14.318,7.96231,7.96475,1.00,1.00
2017.10.10 01:44:14.836,7.96232,7.96475,1.00,1.00
2017.10.10 01:44:14.887,7.96234,7.96478,1.00,1.00
2017.10.10 01:44:14.938,7.96238,7.96478,1.00,1.00
2017.10.10 01:44:15.386,7.96242,7.96478,1.00,1.00
2017.10.10 01:44:20.426,7.96243,7.96478,1.00,1.00
2017.10.10 01:44:20.477,7.96243,7.96486,1.00,1.00
2017.10.10 01:44:23.963,7.96248,7.96493,1.00,1.00
2017.10.10 01:44:26.316,7.96244,7.9649,1.00,1.00
2017.10.10 01:44:27.104,7.96242,7.96475,1.00,1.00
2017.10.10 01:44:27.155,7.96242,7.9648,1.00,1.00
2017.10.10 01:44:27.259,7.96234,7.9648,1.00,1.00
2017.10.10 01:44:27.310,7.96238,7.96484,1.00,1.00
2017.10.10 01:44:27.646,7.96242,7.96487,1.50,1.00
2017.10.10 01:44:31.467,7.96246,7.9649,1.00,1.00
2017.10.10 01:44:33.831,7.96248,7.96494,1.00,1.00
2017.10.10 01:44:33.987,7.96252,7.96494,1.00,1.00
2017.10.10 01:44:34.038,7.96253,7.96499,1.00,1.00
2017.10.10 01:44:34.150,7.96263,7.96499,1.00,1.00
2017.10.10 01:44:34.453,7.96287,7.96508,1.00,1.00
2017.10.10 01:44:35.261,7.96288,7.96508,1.00,1.00
2017.10.10 01:44:35.671,7.96292,7.96508,1.50,1.00
2017.10.10 01:44:35.823,7.96312,7.96542,1.00,1.00
2017.10.10 01:44:35.875,7.9631,7.96541,1.00,1.00
2017.10.10 01:44:35.926,7.9631,7.96553,1.00,1.50
2017.10.10 01:44:36.429,7.96316,7.96553,1.00,1.00
2017.10.10 01:44:37.040,7.96321,7.96553,1.00,1.00
2017.10.10 01:44:37.463,7.96316,7.96553,1.00,1.00
2017.10.10 01:44:39.022,7.96321,7.96553,1.00,1.00
2017.10.10 01:44:39.375,7.96323,7.96553,1.00,1.00
2017.10.10 01:44:39.978,7.96321,7.96553,1.00,1.00
2017.10.10 01:44:41.346,7.96322,7.96553,1.00,1.00
2017.10.10 01:44:42.060,7.96319,7.96553,1.00,1.00
2017.10.10 01:44:44.036,7.96322,7.96553,1.00,1.00
2017.10.10 01:44:45.166,7.96319,7.96553,1.00,1.00
2017.10.10 01:44:45.673,7.96319,7.96558,1.00,1.00
2017.10.10 01:44:45.807,7.96319,7.96565,1.00,1.00
2017.10.10 01:44:46.450,7.96322,7.96565,1.00,1.00
2017.10.10 01:44:47.898,7.96332,7.96565,1.00,1.00
2017.10.10 01:44:48.484,7.96312,7.96549,1.00,1.00
2017.10.10 01:44:48.535,7.96302,7.96545,1.00,1.00
2017.10.10 01:44:48.586,7.96302,7.96541,1.00,1.00
2017.10.10 01:44:48.637,7.96295,7.96541,1.00,1.00
2017.10.10 01:44:48.931,7.96299,7.96545,1.00,1.00
2017.10.10 01:44:49.336,7.96303,7.96549,1.00,1.00
2017.10.10 01:44:49.857,7.96306,7.96551,1.00,1.00
2017.10.10 01:44:50.303,7.96302,7.96548,1.50,1.00
2017.10.10 01:44:50.414,7.96317,7.9656,1.00,1.00
2017.10.10 01:44:50.465,7.96312,7.96557,1.00,1.00
2017.10.10 01:44:50.516,7.96312,7.96547,1.00,1.00
2017.10.10 01:44:50.617,7.96302,7.96543,1.00,1.00
2017.10.10 01:44:50.719,7.96292,7.96534,1.00,1.00
2017.10.10 01:44:50.770,7.96292,7.96531,1.00,1.00
2017.10.10 01:44:50.821,7.96285,7.96531,1.00,1.00
2017.10.10 01:44:50.923,7.96282,7.96527,1.00,1.00
2017.10.10 01:44:52.313,7.96284,7.9653,1.00,1.00
2017.10.10 01:44:56.376,7.96281,7.96527,1.00,1.00
2017.10.10 01:44:57.373,7.96279,7.96525,1.00,1.00
2017.10.10 01:44:57.854,7.96283,7.96525,1.00,1.00
2017.10.10 01:44:58.315,7.96286,7.96532,1.00,1.00
2017.10.10 01:44:58.544,7.96292,7.96532,1.00,1.00
2017.10.10 01:44:58.729,7.96292,7.96536,1.00,1.00
2017.10.10 01:44:58.783,7.96298,7.96543,1.00,1.00
2017.10.10 01:44:58.834,7.96302,7.96543,1.00,1.00
2017.10.10 01:44:59.327,7.96302,7.96536,1.00,1.00
2017.10.10 01:44:59.379,7.96292,7.9653,1.00,1.00
2017.10.10 01:44:59.480,7.96283,7.96529,1.00,1.00
2017.10.10 01:45:00.272,7.96277,7.96523,1.00,1.00
2017.10.10 01:45:00.584,7.96292,7.96523,1.00,1.00
2017.10.10 01:45:00.686,7.96292,7.96526,1.00,1.00
2017.10.10 01:45:00.756,7.96292,7.96521,1.00,1.00
2017.10.10 01:45:01.082,7.96282,7.96514,1.00,1.00
2017.10.10 01:45:01.134,7.96282,7.96499,1.00,1.00
2017.10.10 01:45:01.232,7.96282,7.96503,1.00,1.00
2017.10.10 01:45:01.343,7.96282,7.96498,1.00,1.00
2017.10.10 01:45:01.490,7.96272,7.96495,1.00,1.00
2017.10.10 01:45:01.584,7.96262,7.96495,1.00,1.00
2017.10.10 01:45:01.635,7.96252,7.96495,1.00,1.00
2017.10.10 01:45:02.013,7.96252,7.96486,1.00,1.00
2017.10.10 01:45:02.115,7.96252,7.96491,1.00,1.00
2017.10.10 01:45:02.166,7.96252,7.96485,1.00,1.00
2017.10.10 01:45:02.217,7.96252,7.96487,1.00,1.00
2017.10.10 01:45:02.322,7.96262,7.9649,1.00,1.00
2017.10.10 01:45:02.494,7.96262,7.96494,1.00,1.00
2017.10.10 01:45:03.885,7.96262,7.96495,1.00,1.00
2017.10.10 01:45:04.298,7.96252,7.96495,1.00,1.00
2017.10.10 01:45:04.692,7.96262,7.96495,1.00,1.00
2017.10.10 01:45:04.879,7.96262,7.96497,1.00,1.00
2017.10.10 01:45:11.158,7.96252,7.96497,1.00,1.00
2017.10.10 01:45:12.023,7.96252,7.96489,1.00,1.00
2017.10.10 01:45:12.125,7.96252,7.96494,1.00,1.00
2017.10.10 01:45:13.864,7.96262,7.96494,1.00,1.00
2017.10.10 01:45:15.040,7.96262,7.9649,1.00,1.00
2017.10.10 01:45:17.055,7.96262,7.96496,1.00,1.00
2017.10.10 01:45:17.172,7.96252,7.96491,1.00,1.00
2017.10.10 01:45:18.915,7.96252,7.96488,1.00,1.00
2017.10.10 01:45:19.067,7.96252,7.9649,1.00,1.00
2017.10.10 01:45:19.209,7.96252,7.96485,1.00,1.00
2017.10.10 01:45:19.513,7.96242,7.96479,1.00,1.00
2017.10.10 01:45:19.564,7.96242,7.96472,1.00,1.00
2017.10.10 01:45:19.615,7.96242,7.96478,1.00,1.00
2017.10.10 01:45:19.666,7.96242,7.96473,1.00,1.00
2017.10.10 01:45:19.717,7.96232,7.96473,1.00,1.00
2017.10.10 01:45:19.768,7.96223,7.96464,1.00,1.00
2017.10.10 01:45:20.071,7.96218,7.96464,1.00,1.00
2017.10.10 01:45:20.246,7.96222,7.96464,1.00,1.00
2017.10.10 01:45:20.632,7.96222,7.96462,1.00,1.00
2017.10.10 01:45:20.683,7.96219,7.96462,1.00,1.00
2017.10.10 01:45:20.734,7.96213,7.96437,1.00,1.00
2017.10.10 01:45:20.785,7.96213,7.96444,1.00,1.00
2017.10.10 01:45:20.836,7.96194,7.9644,1.00,1.00
2017.10.10 01:45:20.887,7.96193,7.96435,1.00,1.00
2017.10.10 01:45:21.197,7.96192,7.9643,1.00,1.00
2017.10.10 01:45:21.248,7.96202,7.96441,1.00,1.00
2017.10.10 01:45:22.908,7.96222,7.96441,1.00,1.00
2017.10.10 01:45:22.959,7.96233,7.96468,1.00,1.00
2017.10.10 01:45:23.011,7.96223,7.96468,1.00,1.00
2017.10.10 01:45:23.146,7.96232,7.96467,1.00,1.00
2017.10.10 01:45:23.459,7.96222,7.96457,1.00,1.00
2017.10.10 01:45:23.592,7.96222,7.96463,1.00,1.00
2017.10.10 01:45:25.684,7.96232,7.96463,1.00,1.00
2017.10.10 01:45:26.190,7.96232,7.96468,1.00,1.00
2017.10.10 01:45:26.241,7.96235,7.96478,1.00,1.00
2017.10.10 01:45:26.292,7.96245,7.96478,1.00,1.00
2017.10.10 01:45:26.430,7.96252,7.96489,1.00,1.00
2017.10.10 01:45:26.692,7.96262,7.96489,1.00,1.00
2017.10.10 01:45:29.012,7.96253,7.96494,1.00,1.00
2017.10.10 01:45:29.139,7.96262,7.96494,1.00,1.00
2017.10.10 01:45:30.754,7.96252,7.96494,1.00,1.00
2017.10.10 01:45:30.977,7.96254,7.96497,1.00,1.00
2017.10.10 01:45:32.646,7.96254,7.965,1.00,1.00
2017.10.10 01:45:32.697,7.96262,7.96503,1.00,1.00
2017.10.10 01:45:33.453,7.96272,7.96508,1.00,1.00
2017.10.10 01:45:34.317,7.96272,7.96504,1.00,1.00
2017.10.10 01:45:34.368,7.96258,7.96504,1.00,1.00
2017.10.10 01:45:34.419,7.96252,7.9649,1.00,1.00
2017.10.10 01:45:34.520,7.96252,7.96494,1.00,1.00
2017.10.10 01:45:34.571,7.96248,7.96494,1.00,1.00
2017.10.10 01:45:34.672,7.96253,7.96494,1.00,1.00
2017.10.10 01:45:35.199,7.96253,7.96492,1.00,1.00
2017.10.10 01:45:38.551,7.96253,7.96486,1.00,1.00
2017.10.10 01:45:41.459,7.96253,7.96483,1.00,1.00
2017.10.10 01:45:41.661,7.96232,7.96468,1.00,1.00
2017.10.10 01:45:41.712,7.96222,7.96464,1.00,1.00
2017.10.10 01:45:41.814,7.96222,7.96456,1.00,1.00
2017.10.10 01:45:42.770,7.96232,7.96456,1.00,1.00
2017.10.10 01:45:43.042,7.96222,7.96456,1.00,1.00
2017.10.10 01:45:43.117,7.96232,7.96456,1.00,1.00
2017.10.10 01:45:47.649,7.96232,7.96465,1.00,1.00
2017.10.10 01:45:47.700,7.96243,7.96465,1.00,1.00
2017.10.10 01:45:47.806,7.96243,7.96468,1.00,1.00
2017.10.10 01:45:47.928,7.96223,7.96468,1.00,1.00
2017.10.10 01:45:48.192,7.96232,7.96468,1.00,1.00
2017.10.10 01:45:48.974,7.96232,7.9647,1.00,1.00
2017.10.10 01:45:49.969,7.96232,7.96474,1.00,1.00
2017.10.10 01:45:52.744,7.96233,7.96479,1.00,1.00
2017.10.10 01:45:52.868,7.96249,7.96495,1.00,1.19
2017.10.10 01:45:52.918,7.96252,7.96498,1.50,1.00
2017.10.10 01:45:53.252,7.96252,7.96491,1.00,1.00
2017.10.10 01:45:54.765,7.96252,7.96489,1.00,1.00
2017.10.10 01:45:54.866,7.96252,7.96495,1.00,1.00
2017.10.10 01:45:54.952,7.96255,7.96499,1.00,1.00
2017.10.10 01:45:56.488,7.96253,7.96497,1.00,1.00
2017.10.10 01:45:57.150,7.96252,7.96493,1.00,1.00
2017.10.10 01:45:57.849,7.96252,7.96497,1.00,1.00
2017.10.10 01:45:58.415,7.96252,7.9649,1.00,1.00
2017.10.10 01:45:59.077,7.96253,7.9649,1.00,1.00
2017.10.10 01:45:59.128,7.96244,7.9649,1.00,1.00
2017.10.10 01:46:00.079,7.96242,7.96487,1.00,1.00
2017.10.10 01:46:03.139,7.96241,7.96487,1.00,1.00
2017.10.10 01:46:04.004,7.96239,7.96485,1.00,1.00
2017.10.10 01:46:04.490,7.96232,7.96477,1.00,1.00
2017.10.10 01:46:04.967,7.96232,7.9646,1.00,1.00
2017.10.10 01:46:05.467,7.96223,7.9646,1.00,1.00
2017.10.10 01:46:09.890,7.96223,7.9645,1.00,1.00
2017.10.10 01:46:10.044,7.96197,7.96436,1.00,1.00
2017.10.10 01:46:10.096,7.96202,7.96436,1.00,1.00
2017.10.10 01:46:10.197,7.96202,7.96439,1.00,1.00
2017.10.10 01:46:10.557,7.96202,7.96443,1.00,1.00
2017.10.10 01:46:10.608,7.96203,7.96449,1.00,1.00
2017.10.10 01:46:10.659,7.96202,7.96446,1.00,1.00
2017.10.10 01:46:10.711,7.96205,7.96451,1.00,1.00
2017.10.10 01:46:11.519,7.96209,7.96454,1.00,1.00
2017.10.10 01:46:12.515,7.96209,7.96452,1.00,1.00
2017.10.10 01:46:13.787,7.96211,7.96454,1.00,1.00
2017.10.10 01:46:14.271,7.96215,7.96458,1.00,1.00
2017.10.10 01:46:14.593,7.96232,7.96474,1.00,1.00
2017.10.10 01:46:14.896,7.96242,7.96472,1.00,1.00
2017.10.10 01:46:14.998,7.96232,7.96472,1.00,1.00
2017.10.10 01:46:15.350,7.96232,7.96478,1.50,1.00
2017.10.10 01:46:15.401,7.96252,7.96481,1.00,1.00
2017.10.10 01:46:15.717,7.96235,7.96481,1.00,1.00
2017.10.10 01:46:19.034,7.96234,7.9648,1.00,1.00
2017.10.10 01:46:20.030,7.96232,7.96478,1.50,1.00
2017.10.10 01:46:20.806,7.96243,7.96489,1.00,1.00
2017.10.10 01:46:21.253,7.96252,7.96493,1.00,1.00
2017.10.10 01:46:26.548,7.96252,7.96497,1.00,1.00
2017.10.10 01:46:27.278,7.96258,7.96504,1.00,1.00
2017.10.10 01:46:27.329,7.96262,7.96504,1.00,1.00
2017.10.10 01:46:27.827,7.96259,7.96505,1.00,1.00
2017.10.10 01:46:27.878,7.96253,7.9649,1.00,1.00
2017.10.10 01:46:27.980,7.96263,7.96504,1.00,1.00
2017.10.10 01:46:28.031,7.96263,7.96508,1.00,1.00
2017.10.10 01:46:29.298,7.96263,7.96507,1.00,1.00
2017.10.10 01:46:30.705,7.96263,7.96508,1.00,1.00
2017.10.10 01:46:32.862,7.96272,7.96508,1.00,1.00
2017.10.10 01:46:34.967,7.96277,7.96508,1.00,1.00
2017.10.10 01:46:36.566,7.96282,7.96508,1.00,1.00
2017.10.10 01:46:38.669,7.96282,7.96523,1.00,1.00
2017.10.10 01:46:38.720,7.96292,7.96526,1.00,1.00
2017.10.10 01:46:38.771,7.96292,7.96528,1.00,1.00
2017.10.10 01:46:39.269,7.96302,7.96528,1.00,1.00
2017.10.10 01:46:39.320,7.96292,7.96528,1.00,1.00
2017.10.10 01:46:41.124,7.96282,7.96524,1.00,1.00
2017.10.10 01:46:41.175,7.96282,7.96522,1.00,1.00
2017.10.10 01:46:41.342,7.96273,7.96522,1.00,1.00
2017.10.10 01:46:42.106,7.96273,7.96521,1.00,1.00
2017.10.10 01:46:43.043,7.96273,7.96522,1.00,1.00
2017.10.10 01:46:43.094,7.96273,7.96525,1.00,1.00
2017.10.10 01:46:43.145,7.96274,7.96527,1.00,1.00
2017.10.10 01:46:45.199,7.96276,7.96527,1.00,1.00
2017.10.10 01:46:49.073,7.96282,7.96527,1.00,1.00
2017.10.10 01:46:50.089,7.96283,7.96527,1.00,1.00
2017.10.10 01:46:50.422,7.96292,7.96527,1.00,1.00
2017.10.10 01:46:51.899,7.96302,7.96528,1.00,1.00
2017.10.10 01:46:53.795,7.96302,7.96544,1.00,1.00
2017.10.10 01:46:53.992,7.96312,7.96544,1.00,1.00
2017.10.10 01:46:54.298,7.96302,7.96544,1.00,1.00
2017.10.10 01:46:54.607,7.96302,7.96538,1.00,1.00
2017.10.10 01:46:54.820,7.96294,7.96538,1.00,1.00
2017.10.10 01:46:56.608,7.96295,7.96539,1.00,1.00
2017.10.10 01:46:57.605,7.96296,7.96541,1.00,1.00
2017.10.10 01:46:59.367,7.96302,7.96541,1.00,1.00
2017.10.10 01:47:00.354,7.96302,7.96546,1.00,1.50
2017.10.10 01:47:01.468,7.96302,7.96537,1.00,1.00
2017.10.10 01:47:01.797,7.96282,7.96513,1.00,1.00
2017.10.10 01:47:01.878,7.96272,7.96513,1.00,1.00
2017.10.10 01:47:04.106,7.96272,7.96517,1.00,1.00
2017.10.10 01:47:04.207,7.96282,7.96517,1.00,1.00
2017.10.10 01:47:04.347,7.96282,7.96521,1.00,1.00
2017.10.10 01:47:05.119,7.96282,7.96526,1.50,1.00
2017.10.10 01:47:07.060,7.96286,7.9653,1.00,1.00
2017.10.10 01:47:08.540,7.96293,7.96537,1.00,1.00
2017.10.10 01:47:08.591,7.96298,7.96544,1.00,1.00
2017.10.10 01:47:08.693,7.96312,7.96544,1.00,1.00
2017.10.10 01:47:08.978,7.96303,7.96544,1.00,1.00
2017.10.10 01:47:10.285,7.96298,7.96544,1.00,1.00
2017.10.10 01:47:10.617,7.96302,7.96544,1.00,1.00
2017.10.10 01:47:10.959,7.96313,7.96544,1.00,1.00
2017.10.10 01:47:11.417,7.96302,7.96544,1.00,1.00
2017.10.10 01:47:11.638,7.96302,7.96538,1.00,1.00
2017.10.10 01:47:13.293,7.96313,7.96538,1.00,1.00
2017.10.10 01:47:14.150,7.96302,7.96538,1.00,1.00
2017.10.10 01:47:20.174,7.96302,7.96543,1.00,1.00
2017.10.10 01:47:21.825,7.96303,7.96547,1.00,1.00
2017.10.10 01:47:21.949,7.96302,7.96541,1.00,1.00
2017.10.10 01:47:22.000,7.96297,7.96541,1.00,1.00
2017.10.10 01:47:22.070,7.96292,7.96533,1.00,1.00
2017.10.10 01:47:22.323,7.96278,7.96523,1.00,1.00
2017.10.10 01:47:22.473,7.96275,7.96521,1.00,1.00
2017.10.10 01:47:22.655,7.96287,7.96533,1.00,1.19
2017.10.10 01:47:22.706,7.96292,7.96537,1.00,1.00
2017.10.10 01:47:23.217,7.96284,7.9653,1.25,1.00
2017.10.10 01:47:25.044,7.96293,7.96539,1.00,1.00
2017.10.10 01:47:25.354,7.96278,7.96524,1.00,1.00
2017.10.10 01:47:26.668,7.96277,7.96523,1.00,1.00
2017.10.10 01:47:26.981,7.9628,7.96526,1.00,1.00
2017.10.10 01:47:27.623,7.96272,7.96518,1.50,1.00
2017.10.10 01:47:30.858,7.96282,7.96518,1.00,1.00
2017.10.10 01:47:30.945,7.96283,7.96529,1.00,1.19
2017.10.10 01:47:31.417,7.96293,7.96529,1.00,1.00
2017.10.10 01:47:31.516,7.96293,7.96532,1.00,1.00
2017.10.10 01:47:33.737,7.96293,7.96527,1.00,1.00
2017.10.10 01:47:35.180,7.96293,7.96531,1.00,1.00
2017.10.10 01:47:38.144,7.96297,7.96543,1.00,1.19
2017.10.10 01:47:38.195,7.96302,7.96547,1.00,1.00
2017.10.10 01:47:38.839,7.96313,7.96546,1.00,1.00
2017.10.10 01:47:39.959,7.96312,7.96547,1.00,1.00
2017.10.10 01:47:40.479,7.96313,7.96547,1.00,1.00
2017.10.10 01:47:42.464,7.96313,7.96546,1.00,1.00
2017.10.10 01:47:47.243,7.96302,7.96545,1.00,1.00
2017.10.10 01:47:54.036,7.96303,7.96545,1.00,1.00
2017.10.10 01:47:55.305,7.96302,7.96545,1.00,1.00
2017.10.10 01:47:55.578,7.96312,7.96545,1.00,1.00
2017.10.10 01:47:55.760,7.96312,7.96547,1.00,1.00
2017.10.10 01:47:56.291,7.96316,7.96547,1.00,1.00
2017.10.10 01:47:56.396,7.96332,7.96568,1.00,1.00
2017.10.10 01:47:56.448,7.96342,7.96568,1.00,1.00
2017.10.10 01:47:56.550,7.96332,7.96578,1.50,1.50
2017.10.10 01:47:56.600,7.96352,7.96578,1.00,1.50
2017.10.10 01:47:56.749,7.96342,7.96574,1.00,1.00
2017.10.10 01:47:56.851,7.96342,7.96587,1.00,1.00
2017.10.10 01:47:57.725,7.96343,7.96589,1.00,1.00
2017.10.10 01:48:02.153,7.96344,7.9659,1.00,1.00
2017.10.10 01:48:02.586,7.96352,7.9659,1.00,1.00
2017.10.10 01:48:03.094,7.96344,7.96588,1.00,1.00
2017.10.10 01:48:03.938,7.96352,7.96588,1.00,1.00
2017.10.10 01:48:04.270,7.96382,7.96612,1.00,1.00
2017.10.10 01:48:04.747,7.96382,7.96617,1.00,1.00
2017.10.10 01:48:05.148,7.96382,7.96622,1.00,1.00
2017.10.10 01:48:05.300,7.96377,7.96621,1.00,1.00
2017.10.10 01:48:06.684,7.96382,7.96621,1.00,1.00
2017.10.10 01:48:07.204,7.96382,7.96627,1.00,1.00
2017.10.10 01:48:08.206,7.96385,7.96631,1.00,1.00
2017.10.10 01:48:11.758,7.96384,7.9663,1.00,1.00
2017.10.10 01:48:12.755,7.96385,7.96631,1.00,1.00
2017.10.10 01:48:13.577,7.96382,7.96622,1.00,1.00
2017.10.10 01:48:13.628,7.96378,7.96622,1.00,1.00
2017.10.10 01:48:13.679,7.96388,7.96634,1.00,1.00
2017.10.10 01:48:13.730,7.96364,7.96635,1.00,1.00
2017.10.10 01:48:13.781,7.96372,7.96635,1.00,1.00
2017.10.10 01:48:14.116,7.96382,7.96635,1.00,1.00
2017.10.10 01:48:14.214,7.96372,7.96635,1.00,1.00
2017.10.10 01:48:14.904,7.96382,7.96635,1.00,1.00
2017.10.10 01:48:15.374,7.96382,7.96625,1.00,1.00
2017.10.10 01:48:15.425,7.96372,7.96625,1.00,1.00
2017.10.10 01:48:15.476,7.96372,7.96628,1.00,1.00
2017.10.10 01:48:15.527,7.96362,7.96628,1.00,1.00
2017.10.10 01:48:15.651,7.96372,7.96625,1.00,1.00
2017.10.10 01:48:16.187,7.96362,7.96621,1.00,1.00
2017.10.10 01:48:19.274,7.96362,7.9662,1.00,1.00
2017.10.10 01:48:19.868,7.96357,7.9662,1.00,1.00
2017.10.10 01:48:20.084,7.96357,7.96615,1.00,1.00
2017.10.10 01:48:20.269,7.96357,7.96623,1.00,1.00
2017.10.10 01:48:21.022,7.96357,7.96617,1.00,1.00
2017.10.10 01:48:21.375,7.96371,7.96617,1.00,1.00
2017.10.10 01:48:21.680,7.96357,7.96594,1.00,1.00
2017.10.10 01:48:22.346,7.96357,7.96588,1.00,1.00
2017.10.10 01:48:23.267,7.96358,7.96588,1.00,1.00
2017.10.10 01:48:23.383,7.96339,7.96585,1.00,1.00
2017.10.10 01:48:24.093,7.96331,7.96577,1.00,1.00
2017.10.10 01:48:24.417,7.96323,7.96568,1.00,1.00
2017.10.10 01:48:24.648,7.96307,7.96553,1.00,1.00
2017.10.10 01:48:24.699,7.96298,7.96544,1.00,1.00
2017.10.10 01:48:25.012,7.96295,7.96539,1.00,1.00
2017.10.10 01:48:26.788,7.96292,7.96538,1.00,1.00
2017.10.10 01:48:26.839,7.9627,7.96516,1.00,1.00
2017.10.10 01:48:27.785,7.96269,7.96515,1.00,1.00
2017.10.10 01:48:28.174,7.96275,7.96521,1.00,1.00
2017.10.10 01:48:29.042,7.96271,7.96516,1.00,1.00
2017.10.10 01:48:29.372,7.96258,7.96503,1.00,1.00
2017.10.10 01:48:30.409,7.96257,7.96497,1.00,1.00
2017.10.10 01:48:30.460,7.96251,7.96497,1.00,1.00
2017.10.10 01:48:30.561,7.96241,7.96487,1.00,1.00
2017.10.10 01:48:30.959,7.96237,7.96483,2.25,1.00
2017.10.10 01:48:31.316,7.96229,7.96475,1.00,1.00
2017.10.10 01:48:31.657,7.96241,7.96487,1.00,1.00
2017.10.10 01:48:32.095,7.96228,7.96474,1.00,1.00
2017.10.10 01:48:32.719,7.96222,7.96468,1.00,1.00
2017.10.10 01:48:33.093,7.96206,7.96452,1.00,1.00
2017.10.10 01:48:33.862,7.96197,7.96443,1.50,1.00
2017.10.10 01:48:34.684,7.96197,7.96442,1.00,1.00
2017.10.10 01:48:35.300,7.96197,7.96443,1.50,1.00
2017.10.10 01:48:35.928,7.96201,7.96447,1.00,1.00
2017.10.10 01:48:36.232,7.96229,7.96473,1.00,1.19
2017.10.10 01:48:36.333,7.96232,7.96478,1.00,1.00
2017.10.10 01:48:41.819,7.96233,7.96479,1.00,1.00
2017.10.10 01:48:42.816,7.96232,7.96478,1.00,1.00
2017.10.10 01:48:49.346,7.96234,7.9648,1.00,1.00
2017.10.10 01:48:49.760,7.96223,7.96469,1.00,1.00
2017.10.10 01:48:50.330,7.96228,7.96474,1.00,1.00
2017.10.10 01:48:51.331,7.96234,7.96479,1.00,1.00
2017.10.10 01:48:51.574,7.96251,7.96497,1.00,1.00
2017.10.10 01:48:51.625,7.96249,7.96495,1.00,1.00
2017.10.10 01:48:51.939,7.96239,7.96485,1.00,1.00
2017.10.10 01:48:52.480,7.96249,7.96495,1.00,1.00
2017.10.10 01:48:55.749,7.96257,7.96503,1.00,1.25
2017.10.10 01:48:56.051,7.96248,7.96494,1.00,1.00
2017.10.10 01:48:56.666,7.96241,7.96487,1.00,1.00
2017.10.10 01:48:57.844,7.96236,7.96482,1.00,1.00
2017.10.10 01:48:58.368,7.96229,7.96475,1.00,1.00
2017.10.10 01:48:58.753,7.96233,7.96478,1.00,1.00
2017.10.10 01:49:00.388,7.96229,7.96475,1.00,1.00
2017.10.10 01:49:03.264,7.96224,7.9647,1.00,1.00
2017.10.10 01:49:03.644,7.9622,7.96464,1.00,1.00
2017.10.10 01:49:03.897,7.96215,7.96461,1.00,1.00
2017.10.10 01:49:04.017,7.96214,7.96459,1.00,1.00
2017.10.10 01:49:05.402,7.96214,7.96458,1.00,1.00
2017.10.10 01:49:05.857,7.96217,7.96463,1.00,1.25
2017.10.10 01:49:09.437,7.96221,7.96467,1.00,1.19
2017.10.10 01:49:09.488,7.96225,7.96471,1.00,1.00
2017.10.10 01:49:09.593,7.96229,7.96475,1.00,1.19
2017.10.10 01:49:10.234,7.96229,7.96475,1.00,1.19
2017.10.10 01:49:11.048,7.96222,7.96468,1.00,1.00
2017.10.10 01:49:12.587,7.96216,7.96462,1.00,1.00
2017.10.10 01:49:12.947,7.96212,7.96455,1.00,1.00
2017.10.10 01:49:13.437,7.96212,7.96455,1.00,1.19
2017.10.10 01:49:14.346,7.96212,7.96455,1.00,1.19
2017.10.10 01:49:14.447,7.96226,7.96472,1.00,1.00
2017.10.10 01:49:14.549,7.96232,7.96473,1.00,1.25
2017.10.10 01:49:14.863,7.96232,7.96468,1.00,1.00
2017.10.10 01:49:14.943,7.96232,7.96471,1.00,1.00
2017.10.10 01:49:15.231,7.96232,7.96475,1.50,1.19
2017.10.10 01:49:15.768,7.96252,7.96477,1.00,1.00
2017.10.10 01:49:17.116,7.96252,7.96478,1.00,1.00
2017.10.10 01:49:20.094,7.96247,7.96478,1.00,1.00
2017.10.10 01:49:20.384,7.96242,7.96477,1.50,1.00
2017.10.10 01:49:20.435,7.96232,7.96476,1.50,1.00
2017.10.10 01:49:21.213,7.96232,7.96476,1.00,1.19
2017.10.10 01:49:21.265,7.96223,7.96468,1.00,1.00
2017.10.10 01:49:22.029,7.96222,7.96468,1.00,1.00
2017.10.10 01:49:25.107,7.96217,7.96463,1.00,1.00
2017.10.10 01:49:26.908,7.96218,7.96464,1.00,1.19
2017.10.10 01:49:27.337,7.96212,7.96444,1.00,1.19
2017.10.10 01:49:27.439,7.96195,7.96441,1.00,1.00
2017.10.10 01:49:27.489,7.96202,7.96431,1.00,1.00
2017.10.10 01:49:27.540,7.96192,7.96425,1.00,1.19
2017.10.10 01:49:27.591,7.96182,7.96425,1.00,1.19
2017.10.10 01:49:27.642,7.96192,7.96425,1.00,1.19
2017.10.10 01:49:27.745,7.96172,7.96403,1.00,1.00
2017.10.10 01:49:27.847,7.96152,7.96397,1.00,1.00
2017.10.10 01:49:28.734,7.96153,7.96397,1.00,1.00
2017.10.10 01:49:30.095,7.96162,7.96397,1.00,1.00
2017.10.10 01:49:30.297,7.96152,7.96397,1.00,1.00
2017.10.10 01:49:30.412,7.96162,7.96388,1.00,1.00
2017.10.10 01:49:30.513,7.96152,7.96379,1.00,1.00
2017.10.10 01:49:30.611,7.96152,7.96373,1.00,1.00
2017.10.10 01:49:30.662,7.96142,7.9637,1.00,1.00
2017.10.10 01:49:30.765,7.96152,7.96369,1.00,1.00
2017.10.10 01:49:31.321,7.96142,7.96369,1.00,1.00
2017.10.10 01:49:31.723,7.96142,7.9638,1.00,1.19
2017.10.10 01:49:31.774,7.96142,7.9638,1.00,1.00
2017.10.10 01:49:35.385,7.96152,7.96393,1.00,1.19
2017.10.10 01:49:35.902,7.96153,7.96393,1.00,1.44
2017.10.10 01:49:35.953,7.96153,7.96393,1.00,1.38
2017.10.10 01:49:36.509,7.96153,7.96393,1.00,1.38
2017.10.10 01:49:37.416,7.96153,7.96393,1.00,1.38
2017.10.10 01:49:37.948,7.96153,7.96393,1.00,1.38
2017.10.10 01:49:38.049,7.96152,7.96396,1.00,1.19
2017.10.10 01:49:38.100,7.96162,7.964,1.00,1.19
2017.10.10 01:49:38.408,7.96172,7.96403,1.00,1.44
2017.10.10 01:49:38.990,7.96172,7.96403,1.00,1.13
2017.10.10 01:49:46.611,7.96172,7.96407,1.00,1.38
2017.10.10 01:49:47.246,7.96172,7.96408,1.00,1.38
2017.10.10 01:49:47.621,7.96172,7.96394,1.00,1.00
2017.10.10 01:49:47.672,7.96162,7.96394,1.00,1.19
2017.10.10 01:49:47.723,7.96153,7.96394,1.00,1.44
2017.10.10 01:49:47.774,7.96133,7.96379,1.19,1.19
2017.10.10 01:49:47.826,7.96132,7.96373,1.00,1.38
2017.10.10 01:49:49.307,7.96135,7.96381,1.00,1.38
2017.10.10 01:49:50.449,7.96133,7.96378,1.00,1.38
2017.10.10 01:49:50.614,7.96142,7.96388,1.00,1.63
2017.10.10 01:49:50.665,7.96142,7.96388,1.00,1.00
2017.10.10 01:49:50.926,7.96142,7.96388,1.50,1.38
2017.10.10 01:49:51.317,7.96143,7.96373,1.00,1.00
2017.10.10 01:49:51.692,7.96152,7.96373,1.00,1.00
2017.10.10 01:49:52.634,7.96142,7.96368,1.00,1.00
2017.10.10 01:49:52.837,7.96142,7.96378,1.00,1.00
2017.10.10 01:49:53.396,7.96142,7.96379,1.00,1.00
2017.10.10 01:49:56.639,7.96152,7.96379,1.00,1.00
2017.10.10 01:49:56.968,7.96152,7.96382,1.00,1.00
2017.10.10 01:49:57.825,7.96152,7.96388,1.00,1.19
2017.10.10 01:49:57.876,7.96152,7.96393,1.00,1.25
2017.10.10 01:49:58.288,7.96142,7.96371,1.00,1.00
2017.10.10 01:49:58.339,7.96132,7.96371,1.00,1.00
2017.10.10 01:49:58.458,7.96128,7.96371,1.00,1.00
2017.10.10 01:49:58.559,7.96133,7.96371,1.00,1.00
2017.10.10 01:49:59.735,7.96132,7.96371,1.00,1.00
2017.10.10 01:49:59.837,7.96128,7.96371,1.00,1.00
2017.10.10 01:50:00.789,7.96123,7.96366,1.00,1.00
2017.10.10 01:50:01.389,7.96128,7.96373,1.00,1.25
2017.10.10 01:50:01.849,7.96133,7.96378,1.00,1.00
2017.10.10 01:50:02.153,7.96137,7.96382,1.00,1.00
2017.10.10 01:50:02.458,7.96143,7.96385,1.00,1.19
2017.10.10 01:50:02.771,7.96152,7.96388,1.00,1.19
2017.10.10 01:50:02.988,7.96152,7.96388,1.00,1.00
2017.10.10 01:50:03.084,7.96152,7.96392,1.00,1.00
2017.10.10 01:50:04.044,7.96153,7.96398,1.00,1.19
2017.10.10 01:50:04.196,7.96153,7.96398,1.00,1.00
2017.10.10 01:50:04.311,7.96162,7.96402,1.00,1.00
2017.10.10 01:50:08.152,7.96162,7.96402,1.00,1.44
2017.10.10 01:50:08.917,7.96162,7.96402,1.00,1.25
2017.10.10 01:50:09.506,7.96162,7.96402,1.00,1.44
2017.10.10 01:50:10.045,7.96162,7.96402,1.00,1.00
2017.10.10 01:50:10.669,7.96157,7.96402,1.00,1.00
2017.10.10 01:50:11.456,7.96162,7.96402,1.00,1.13
2017.10.10 01:50:11.782,7.96164,7.96409,1.00,1.38
2017.10.10 01:50:11.884,7.96172,7.96414,1.00,1.38
2017.10.10 01:50:11.985,7.96182,7.96414,1.00,1.38
2017.10.10 01:50:12.695,7.96182,7.96415,1.00,1.88
2017.10.10 01:50:13.198,7.96182,7.96415,1.00,1.38
2017.10.10 01:50:13.416,7.96173,7.96415,1.50,1.38
2017.10.10 01:50:14.210,7.96173,7.96415,1.50,1.88
2017.10.10 01:50:14.747,7.96173,7.96415,1.50,1.38
2017.10.10 01:50:14.967,7.96173,7.96408,1.00,1.00
2017.10.10 01:50:15.069,7.96163,7.96408,1.00,1.00
2017.10.10 01:50:15.120,7.96162,7.96404,1.00,1.00
2017.10.10 01:50:15.171,7.96159,7.96404,1.00,1.00
2017.10.10 01:50:15.222,7.96166,7.96409,1.00,1.00
2017.10.10 01:50:15.273,7.96166,7.96411,1.00,1.00
2017.10.10 01:50:15.374,7.96169,7.96414,1.00,1.38
2017.10.10 01:50:16.108,7.9617,7.96415,1.00,1.38
2017.10.10 01:50:16.675,7.9617,7.96415,1.00,1.88
2017.10.10 01:50:17.194,7.9617,7.96415,1.00,1.38
2017.10.10 01:50:17.863,7.9617,7.96415,1.00,1.88
2017.10.10 01:50:18.396,7.9617,7.96415,1.00,1.38
2017.10.10 01:50:19.196,7.9617,7.96415,1.00,1.88
2017.10.10 01:50:19.726,7.96169,7.96414,1.00,1.38
2017.10.10 01:50:20.535,7.96169,7.96414,1.00,1.38
2017.10.10 01:50:20.836,7.96166,7.96411,1.00,1.00
2017.10.10 01:50:22.248,7.96162,7.96403,1.00,1.00
2017.10.10 01:50:22.367,7.96158,7.96403,1.00,1.00
2017.10.10 01:50:24.944,7.96154,7.96399,1.25,1.00
2017.10.10 01:50:27.441,7.9615,7.96395,1.00,1.00
2017.10.10 01:50:27.787,7.96152,7.96389,1.00,1.00
2017.10.10 01:50:28.150,7.96142,7.96386,1.00,1.00
2017.10.10 01:50:28.201,7.96142,7.96382,1.00,1.00
2017.10.10 01:50:28.252,7.96132,7.96375,1.00,1.00
2017.10.10 01:50:28.442,7.96132,7.96375,1.00,1.19
2017.10.10 01:50:28.955,7.96132,7.96375,1.00,1.19
2017.10.10 01:50:29.490,7.96132,7.96375,1.00,1.19
2017.10.10 01:50:29.794,7.96142,7.96382,1.00,1.00
2017.10.10 01:50:29.903,7.96137,7.96382,1.00,1.00
2017.10.10 01:50:32.283,7.96142,7.96382,1.00,1.00
2017.10.10 01:50:32.886,7.96142,7.96386,1.00,1.19
2017.10.10 01:50:33.380,7.96145,7.9639,1.00,1.19
2017.10.10 01:50:33.532,7.96145,7.9639,1.00,1.00
2017.10.10 01:50:34.373,7.96149,7.96394,1.00,1.19
2017.10.10 01:50:34.424,7.96146,7.96391,1.00,1.00
2017.10.10 01:50:34.474,7.96152,7.96391,1.00,1.00
2017.10.10 01:50:34.525,7.96152,7.96395,1.00,1.19
2017.10.10 01:50:34.576,7.96152,7.9639,1.00,1.00
2017.10.10 01:50:34.678,7.96142,7.96385,1.00,1.00
2017.10.10 01:50:34.830,7.96142,7.96382,1.00,1.00
2017.10.10 01:50:42.103,7.96142,7.96384,1.00,1.00
2017.10.10 01:50:43.152,7.96142,7.96382,1.00,1.00
2017.10.10 01:50:46.929,7.96142,7.96372,1.00,1.00
2017.10.10 01:50:47.030,7.96132,7.96372,1.00,1.00
2017.10.10 01:50:49.579,7.96132,7.9637,1.00,1.00
2017.10.10 01:50:50.574,7.96132,7.96368,1.00,1.00
2017.10.10 01:50:51.065,7.96132,7.96377,1.50,1.00
2017.10.10 01:50:51.407,7.96132,7.96372,1.00,1.00
2017.10.10 01:50:54.809,7.96132,7.96376,1.00,1.00
2017.10.10 01:50:55.425,7.96133,7.96376,1.00,1.00
2017.10.10 01:51:05.604,7.96133,7.96375,1.00,1.00
2017.10.10 01:51:07.054,7.96133,7.96375,1.00,1.19
2017.10.10 01:51:07.729,7.96133,7.96375,1.00,1.19
2017.10.10 01:51:10.818,7.96138,7.96383,1.00,1.69
2017.10.10 01:51:10.870,7.96138,7.96382,1.00,1.25
2017.10.10 01:51:10.921,7.96142,7.96383,1.00,1.25
2017.10.10 01:51:11.258,7.96152,7.96383,1.00,1.25
2017.10.10 01:51:14.974,7.96152,7.96382,1.00,1.00
2017.10.10 01:51:15.521,7.96152,7.96383,1.00,1.00
2017.10.10 01:51:16.394,7.96152,7.96382,1.00,1.00
2017.10.10 01:51:16.924,7.96152,7.96383,1.00,1.00
2017.10.10 01:51:17.536,7.96152,7.96382,1.00,1.00
2017.10.10 01:51:17.739,7.96152,7.9639,1.00,1.00
2017.10.10 01:51:20.641,7.96152,7.96387,1.00,1.00
2017.10.10 01:51:23.211,7.96162,7.96387,1.00,1.00
2017.10.10 01:51:23.565,7.96153,7.96387,1.00,1.00
2017.10.10 01:51:26.420,7.96143,7.96387,1.00,1.00
2017.10.10 01:51:27.168,7.96143,7.96388,1.50,1.00
2017.10.10 01:51:28.184,7.96144,7.96389,1.00,1.00
2017.10.10 01:51:33.645,7.96143,7.96388,1.50,1.00
2017.10.10 01:51:34.684,7.96143,7.96387,1.00,1.00
2017.10.10 01:51:35.664,7.96146,7.96391,1.00,1.00
2017.10.10 01:51:38.535,7.96162,7.96391,1.00,1.00
2017.10.10 01:51:43.190,7.96162,7.9639,1.00,1.00
2017.10.10 01:51:50.964,7.96162,7.96382,1.00,1.00
2017.10.10 01:51:51.066,7.96132,7.96369,1.00,1.00
2017.10.10 01:51:51.181,7.96126,7.96369,1.00,1.00
2017.10.10 01:51:51.233,7.96123,7.96366,1.50,1.00
2017.10.10 01:51:51.578,7.96123,7.96359,1.00,1.00
2017.10.10 01:51:52.124,7.96122,7.96359,1.00,1.00
2017.10.10 01:51:52.658,7.96132,7.96363,1.00,1.00
2017.10.10 01:51:53.113,7.96122,7.96363,1.00,1.00
2017.10.10 01:51:53.164,7.96118,7.96363,1.00,1.00
2017.10.10 01:51:57.213,7.96119,7.96364,1.00,1.00
2017.10.10 01:51:58.209,7.96118,7.96363,1.00,1.00
2017.10.10 01:52:04.555,7.96123,7.96368,1.00,1.00
2017.10.10 01:52:14.988,7.96126,7.96371,1.00,1.00
2017.10.10 01:52:17.933,7.96132,7.96375,1.50,1.00
2017.10.10 01:52:18.498,7.96144,7.96383,1.00,1.25
2017.10.10 01:52:18.801,7.96152,7.96382,1.00,1.25
2017.10.10 01:52:19.328,7.96152,7.96383,1.00,1.25
2017.10.10 01:52:21.858,7.96152,7.96382,1.00,1.25
2017.10.10 01:52:22.383,7.96152,7.96383,1.00,1.13
2017.10.10 01:52:23.334,7.96148,7.96383,1.00,1.13
2017.10.10 01:52:23.385,7.96143,7.96383,1.00,1.88
2017.10.10 01:52:24.368,7.96153,7.96383,1.00,1.88
2017.10.10 01:52:26.028,7.96152,7.96383,1.00,1.88
2017.10.10 01:52:29.335,7.96142,7.96383,1.00,1.13
2017.10.10 01:52:33.762,7.96142,7.96371,1.00,1.00
2017.10.10 01:52:33.813,7.96132,7.96362,1.00,1.00
2017.10.10 01:52:34.829,7.96132,7.96365,1.00,1.00
2017.10.10 01:52:35.777,7.96132,7.96366,1.00,1.00
2017.10.10 01:52:37.212,7.96132,7.96376,1.00,1.56
2017.10.10 01:52:37.751,7.96132,7.96374,1.00,1.19
2017.10.10 01:52:40.305,7.96132,7.96374,1.00,1.19
2017.10.10 01:52:40.356,7.96132,7.96369,1.00,1.00
2017.10.10 01:52:41.331,7.96124,7.96369,1.00,1.00
2017.10.10 01:52:42.277,7.96133,7.96369,1.00,1.00
2017.10.10 01:52:42.604,7.96133,7.96363,1.00,1.00
2017.10.10 01:52:43.309,7.96142,7.96363,1.00,1.00
2017.10.10 01:52:44.961,7.96133,7.9636,1.00,1.00
2017.10.10 01:52:45.063,7.96123,7.9636,1.00,1.00
2017.10.10 01:52:45.164,7.96115,7.9636,1.00,1.00
2017.10.10 01:52:45.625,7.96123,7.9636,1.00,1.00
2017.10.10 01:52:47.140,7.96123,7.96352,1.00,1.00
2017.10.10 01:52:47.191,7.96112,7.96356,1.00,1.00
2017.10.10 01:52:47.265,7.96112,7.96356,1.00,1.19
2017.10.10 01:52:47.859,7.96111,7.96356,1.00,1.19
2017.10.10 01:52:48.690,7.96111,7.96356,1.00,1.19
2017.10.10 01:52:49.819,7.96108,7.96353,1.00,1.19
2017.10.10 01:52:50.321,7.96108,7.96353,1.00,1.25
2017.10.10 01:52:50.814,7.96114,7.96359,1.00,1.19
2017.10.10 01:52:50.865,7.96114,7.96359,1.00,1.00
2017.10.10 01:52:51.522,7.96102,7.96347,1.69,1.00
2017.10.10 01:52:51.699,7.96074,7.96318,1.00,1.00
2017.10.10 01:52:51.833,7.96076,7.96318,1.00,1.00
2017.10.10 01:52:52.137,7.96079,7.96318,1.00,1.00
2017.10.10 01:52:52.188,7.96089,7.96334,1.00,1.19
2017.10.10 01:52:52.290,7.96092,7.96328,1.00,1.00
2017.10.10 01:52:52.341,7.96087,7.9633,1.00,1.00
2017.10.10 01:52:52.443,7.96074,7.96319,1.00,1.00
2017.10.10 01:52:52.564,7.96069,7.96314,1.00,1.00
2017.10.10 01:52:52.867,7.96071,7.96316,1.00,1.19
2017.10.10 01:52:53.171,7.96076,7.96321,1.00,1.19
2017.10.10 01:52:53.273,7.96076,7.96321,1.00,1.00
2017.10.10 01:52:53.324,7.96076,7.96321,1.00,1.19
2017.10.10 01:52:53.662,7.96082,7.96308,1.00,1.00
2017.10.10 01:52:53.814,7.96076,7.96308,1.00,1.00
2017.10.10 01:52:54.168,7.96081,7.96308,1.00,1.00
2017.10.10 01:52:54.435,7.96089,7.96328,1.00,1.00
2017.10.10 01:52:55.727,7.9608,7.96325,1.00,1.00
2017.10.10 01:52:55.812,7.9608,7.96325,1.00,1.19
2017.10.10 01:52:55.864,7.96077,7.96322,1.00,1.00
2017.10.10 01:52:56.446,7.96084,7.96328,1.00,1.19
2017.10.10 01:52:56.751,7.96106,7.96342,1.00,1.00
2017.10.10 01:52:57.333,7.96104,7.96342,1.00,1.00
2017.10.10 01:52:57.951,7.96104,7.96341,1.00,1.00
2017.10.10 01:52:58.504,7.96103,7.96342,1.00,1.00
2017.10.10 01:52:58.656,7.96091,7.96336,1.00,1.00
2017.10.10 01:52:58.757,7.96102,7.96342,1.00,1.00
2017.10.10 01:52:59.061,7.96106,7.96341,1.00,1.00
2017.10.10 01:52:59.415,7.96097,7.96342,1.25,1.50
2017.10.10 01:52:59.465,7.96093,7.96338,1.00,1.00
2017.10.10 01:52:59.960,7.9609,7.96335,1.00,1.00
2017.10.10 01:53:00.263,7.9609,7.96335,1.00,1.19
2017.10.10 01:53:00.567,7.96084,7.96326,1.00,1.00
2017.10.10 01:53:00.921,7.96077,7.96322,1.00,1.25
2017.10.10 01:53:02.692,7.96077,7.96308,1.00,1.00
2017.10.10 01:53:04.039,7.96077,7.96307,1.00,1.00
2017.10.10 01:53:04.558,7.96077,7.96308,1.00,1.00
2017.10.10 01:53:04.877,7.96075,7.96307,1.00,1.00
2017.10.10 01:53:05.436,7.96075,7.96308,1.00,1.00
2017.10.10 01:53:05.893,7.96071,7.96308,1.00,1.00
2017.10.10 01:53:05.944,7.96067,7.96308,1.00,1.00
2017.10.10 01:53:06.627,7.96067,7.96307,1.00,1.00
2017.10.10 01:53:07.236,7.96067,7.96308,1.00,1.00
2017.10.10 01:53:07.989,7.96067,7.96307,1.00,1.00
2017.10.10 01:53:08.592,7.96067,7.96308,1.00,1.00
2017.10.10 01:53:09.237,7.96067,7.96307,1.00,1.00
2017.10.10 01:53:09.767,7.96067,7.96308,1.00,1.00
2017.10.10 01:53:10.272,7.96067,7.96307,1.00,1.00
2017.10.10 01:53:10.649,7.96067,7.96308,1.00,1.19
2017.10.10 01:53:10.751,7.96054,7.96299,1.00,1.00
2017.10.10 01:53:10.801,7.96052,7.96295,1.00,1.00
2017.10.10 01:53:11.187,7.96058,7.96297,1.00,1.00
2017.10.10 01:53:12.228,7.96058,7.96296,1.00,1.00
2017.10.10 01:53:12.818,7.96058,7.96297,1.00,1.00
2017.10.10 01:53:13.359,7.96061,7.96297,1.00,1.00
2017.10.10 01:53:13.993,7.96062,7.96297,1.00,1.00
2017.10.10 01:53:14.736,7.96062,7.96296,1.00,1.00
2017.10.10 01:53:15.252,7.96063,7.96297,1.00,1.00
2017.10.10 01:53:15.475,7.9606,7.96297,1.00,1.00
2017.10.10 01:53:15.782,7.96071,7.96296,1.00,1.00
2017.10.10 01:53:15.833,7.96062,7.96297,1.00,1.00
2017.10.10 01:53:16.348,7.96062,7.96296,1.00,1.00
2017.10.10 01:53:17.055,7.96062,7.96297,1.00,1.00
2017.10.10 01:53:19.878,7.96063,7.96297,1.00,1.00
2017.10.10 01:53:20.459,7.96059,7.96297,1.00,1.00
2017.10.10 01:53:20.639,7.96063,7.96297,1.00,1.00
2017.10.10 01:53:20.974,7.96058,7.96297,1.00,1.00
2017.10.10 01:53:21.274,7.96058,7.96296,1.00,1.44
2017.10.10 01:53:21.325,7.96052,7.96297,1.00,1.69
2017.10.10 01:53:21.528,7.96052,7.96287,1.00,1.00
2017.10.10 01:53:21.680,7.9605,7.96287,1.00,1.00
2017.10.10 01:53:21.731,7.96053,7.96287,1.00,1.00
2017.10.10 01:53:21.866,7.96047,7.96287,1.00,1.19
2017.10.10 01:53:22.379,7.9605,7.96287,1.00,1.19
2017.10.10 01:53:23.302,7.96047,7.96287,1.00,1.19
2017.10.10 01:53:23.847,7.96047,7.96286,1.00,1.38
2017.10.10 01:53:23.995,7.96047,7.96273,1.00,1.00
2017.10.10 01:53:24.852,7.96047,7.96272,1.00,1.00
2017.10.10 01:53:25.390,7.96047,7.96273,1.00,1.00
2017.10.10 01:53:25.932,7.96047,7.96272,1.00,1.25
2017.10.10 01:53:26.084,7.96043,7.96273,1.00,1.25
2017.10.10 01:53:26.287,7.96039,7.96273,1.00,1.44
2017.10.10 01:53:26.338,7.96036,7.96273,1.00,1.44
2017.10.10 01:53:26.389,7.96032,7.96273,1.00,1.25
2017.10.10 01:53:26.440,7.96036,7.96273,1.00,1.25
2017.10.10 01:53:26.692,7.96032,7.96273,1.00,1.00
2017.10.10 01:53:27.393,7.9603,7.96273,1.00,1.13
2017.10.10 01:53:27.567,7.96022,7.96267,1.00,1.38
2017.10.10 01:53:27.618,7.96011,7.96256,1.00,1.38
2017.10.10 01:53:27.719,7.96011,7.96248,1.00,1.00
2017.10.10 01:53:28.124,7.9602,7.96247,1.00,1.19
2017.10.10 01:53:28.175,7.9602,7.96248,1.00,1.00
2017.10.10 01:53:28.226,7.9601,7.96248,1.00,1.00
2017.10.10 01:53:28.277,7.9601,7.96248,1.00,1.19
2017.10.10 01:53:28.429,7.96006,7.96248,1.00,1.19
2017.10.10 01:53:28.862,7.96015,7.96247,1.00,1.19
2017.10.10 01:53:29.436,7.96014,7.96248,1.00,1.38
2017.10.10 01:53:31.216,7.96004,7.96247,1.38,1.38
2017.10.10 01:53:31.267,7.95946,7.96193,1.37,1.38
2017.10.10 01:53:31.570,7.95842,7.96082,1.00,1.88
2017.10.10 01:53:31.747,7.95832,7.96083,1.00,1.88
2017.10.10 01:53:32.014,7.95822,7.9611,1.44,1.31
2017.10.10 01:53:32.421,7.95812,7.9609,1.00,1.31
2017.10.10 01:53:32.472,7.95807,7.9609,1.25,1.31
2017.10.10 01:53:32.986,7.95812,7.9609,1.00,1.31
2017.10.10 01:53:33.498,7.95812,7.9609,1.00,1.31
2017.10.10 01:53:33.549,7.95807,7.96098,1.00,2.06
2017.10.10 01:53:33.601,7.95807,7.96078,1.00,1.00
2017.10.10 01:53:33.652,7.95816,7.96082,1.00,1.88
2017.10.10 01:53:33.977,7.95819,7.96083,1.00,1.88
2017.10.10 01:53:34.079,7.95825,7.96083,1.00,1.50
2017.10.10 01:53:34.281,7.95825,7.96083,1.00,1.88
2017.10.10 01:53:34.695,7.95821,7.96083,1.00,1.50
2017.10.10 01:53:34.999,7.95821,7.96083,1.00,1.69
2017.10.10 01:53:35.050,7.958,7.96078,1.00,1.38
2017.10.10 01:53:35.259,7.95795,7.96078,1.00,1.00
2017.10.10 01:53:35.310,7.95795,7.96078,1.00,1.38
2017.10.10 01:53:35.512,7.95798,7.96078,1.00,1.12
2017.10.10 01:53:35.563,7.95796,7.96078,1.00,1.12
2017.10.10 01:53:35.615,7.95796,7.96078,1.00,1.38
2017.10.10 01:53:35.918,7.95802,7.96082,1.00,1.88
2017.10.10 01:53:36.022,7.95799,7.96083,1.00,1.88
2017.10.10 01:53:36.073,7.95802,7.96083,1.00,1.88
2017.10.10 01:53:36.124,7.95802,7.96083,1.00,1.88
2017.10.10 01:53:36.276,7.95802,7.96083,1.00,1.88
2017.10.10 01:53:36.327,7.95802,7.96083,1.00,1.88
2017.10.10 01:53:36.476,7.95799,7.96083,1.00,1.69
2017.10.10 01:53:37.082,7.95799,7.96082,1.00,1.69
2017.10.10 01:53:37.437,7.95799,7.96083,1.00,1.88
2017.10.10 01:53:37.487,7.95796,7.96083,1.00,1.88
2017.10.10 01:53:37.984,7.95784,7.96078,1.00,1.38
2017.10.10 01:53:38.085,7.95784,7.96078,1.00,1.38
2017.10.10 01:53:38.187,7.95784,7.96078,1.00,1.38
2017.10.10 01:53:38.389,7.95782,7.96078,1.00,1.87
2017.10.10 01:53:38.490,7.95785,7.96078,1.00,1.38
2017.10.10 01:53:38.541,7.95785,7.96078,1.00,1.38
2017.10.10 01:53:38.693,7.95785,7.96078,1.00,1.38
2017.10.10 01:53:38.997,7.95787,7.96078,1.00,1.38
2017.10.10 01:53:39.705,7.95787,7.96077,1.00,1.38
2017.10.10 01:53:40.208,7.95787,7.96078,1.00,1.38
2017.10.10 01:53:40.410,7.95792,7.96078,1.00,1.38
2017.10.10 01:53:40.764,7.95792,7.96078,1.00,1.38
2017.10.10 01:53:40.931,7.95792,7.96078,1.00,1.38
2017.10.10 01:53:41.134,7.95792,7.96078,1.00,1.69
2017.10.10 01:53:41.225,7.95792,7.96078,1.00,1.38
2017.10.10 01:53:41.478,7.95792,7.96078,1.00,1.88
2017.10.10 01:53:41.687,7.95792,7.96078,1.00,1.38
2017.10.10 01:53:42.052,7.95792,7.96078,1.00,1.69
2017.10.10 01:53:42.203,7.95792,7.96078,1.00,1.38
2017.10.10 01:53:42.443,7.95792,7.96078,1.00,1.69
2017.10.10 01:53:42.544,7.95792,7.96078,1.00,1.38
2017.10.10 01:53:42.646,7.95792,7.96078,1.00,1.69
2017.10.10 01:53:42.797,7.95792,7.96078,1.00,1.38
2017.10.10 01:53:43.051,7.95792,7.96078,1.00,1.69
2017.10.10 01:53:43.253,7.95792,7.96078,1.00,1.50
2017.10.10 01:53:43.355,7.95792,7.96078,1.00,1.69
2017.10.10 01:53:43.659,7.95792,7.96053,1.00,1.50
2017.10.10 01:53:44.436,7.95792,7.96052,1.00,1.50
2017.10.10 01:53:44.982,7.95792,7.96053,1.00,1.50
2017.10.10 01:53:45.485,7.95792,7.96052,1.00,1.50
2017.10.10 01:53:46.025,7.95792,7.96053,1.00,1.50
2017.10.10 01:53:46.590,7.95792,7.96052,1.00,1.50
2017.10.10 01:53:47.113,7.95792,7.96053,1.00,1.50
2017.10.10 01:53:48.411,7.95792,7.96052,1.00,1.50
2017.10.10 01:53:48.934,7.95792,7.96053,1.00,1.50
2017.10.10 01:53:49.540,7.95792,7.96052,1.50,1.50
2017.10.10 01:53:49.971,7.95794,7.96053,1.00,1.69
2017.10.10 01:53:50.230,7.95785,7.96053,1.19,1.88
2017.10.10 01:53:50.281,7.95782,7.96053,1.00,1.88
2017.10.10 01:53:50.401,7.95771,7.96053,1.00,1.88
2017.10.10 01:53:50.456,7.95774,7.96053,1.00,1.88
2017.10.10 01:53:50.569,7.95765,7.96052,1.00,1.88
2017.10.10 01:53:50.621,7.95781,7.96053,1.00,1.50
2017.10.10 01:53:50.754,7.95774,7.96053,1.25,1.50
2017.10.10 01:53:50.805,7.95783,7.96053,1.00,1.50
2017.10.10 01:53:51.108,7.95782,7.96052,1.00,1.69
2017.10.10 01:53:51.210,7.95772,7.96053,1.19,1.69
2017.10.10 01:53:51.261,7.95772,7.96053,1.00,1.69
2017.10.10 01:53:51.312,7.95767,7.96053,1.00,1.69
2017.10.10 01:53:51.363,7.95767,7.96052,1.00,1.69
2017.10.10 01:53:51.632,7.95767,7.96052,1.00,1.69
2017.10.10 01:53:51.819,7.9577,7.96053,1.00,1.69
2017.10.10 01:53:52.187,7.9577,7.96052,1.00,1.69
2017.10.10 01:53:52.238,7.95764,7.96053,1.00,1.69
2017.10.10 01:53:52.289,7.95764,7.96048,1.00,1.38
2017.10.10 01:53:52.340,7.9576,7.96048,1.00,1.19
2017.10.10 01:53:52.390,7.95756,7.96038,1.00,1.00
2017.10.10 01:53:52.593,7.95752,7.96037,1.00,1.00
2017.10.10 01:53:53.120,7.9576,7.96038,1.00,1.00
2017.10.10 01:53:53.829,7.95758,7.96038,1.00,1.00
2017.10.10 01:53:53.880,7.95742,7.96038,1.19,1.00
2017.10.10 01:53:53.931,7.95742,7.96037,1.00,2.06
2017.10.10 01:53:54.032,7.95748,7.96038,1.00,1.50
2017.10.10 01:53:54.105,7.95728,7.96018,1.00,1.00
2017.10.10 01:53:54.156,7.9573,7.96027,1.19,1.00
2017.10.10 01:53:54.225,7.95742,7.96027,1.00,1.75
2017.10.10 01:53:54.281,7.95731,7.96018,1.00,1.00
2017.10.10 01:53:54.332,7.95725,7.96018,1.00,1.00
2017.10.10 01:53:54.383,7.95728,7.96018,1.00,1.12
2017.10.10 01:53:54.434,7.95722,7.96017,1.00,1.00
2017.10.10 01:53:54.558,7.95732,7.96017,1.00,1.12
2017.10.10 01:53:54.612,7.95729,7.96018,1.00,1.12
2017.10.10 01:53:54.663,7.95728,7.96008,1.00,1.00
2017.10.10 01:53:54.714,7.95722,7.96008,1.25,1.00
2017.10.10 01:53:54.765,7.95722,7.95983,1.25,1.50
2017.10.10 01:53:54.816,7.95698,7.95983,1.25,1.50
2017.10.10 01:53:54.917,7.95693,7.95983,1.00,1.50
2017.10.10 01:53:55.070,7.95687,7.95978,1.00,1.00
2017.10.10 01:53:55.122,7.95665,7.95978,1.37,1.00
2017.10.10 01:53:55.173,7.95669,7.95968,1.00,1.12
2017.10.10 01:53:55.503,7.95658,7.95913,1.00,1.50
2017.10.10 01:53:55.554,7.9566,7.95948,1.00,1.37
2017.10.10 01:53:55.606,7.95663,7.95948,1.00,1.37
2017.10.10 01:53:55.709,7.9565,7.95943,1.00,1.87
2017.10.10 01:53:55.760,7.95647,7.95938,1.00,1.00
2017.10.10 01:53:55.862,7.95659,7.95958,1.00,1.50
2017.10.10 01:53:55.913,7.95652,7.95958,1.50,1.50
2017.10.10 01:53:55.964,7.95652,7.95948,1.50,1.00
2017.10.10 01:53:56.307,7.95635,7.95912,1.00,1.50
2017.10.10 01:53:56.644,7.95662,7.95913,1.00,1.50
2017.10.10 01:53:56.747,7.95669,7.95948,1.00,1.00
2017.10.10 01:53:57.141,7.95673,7.95948,1.00,1.00
2017.10.10 01:53:57.691,7.95672,7.95948,1.00,1.00
2017.10.10 01:53:57.995,7.95723,7.96002,1.00,1.75
2017.10.10 01:53:58.319,7.95745,7.96013,1.00,2.25
2017.10.10 01:53:58.421,7.95745,7.96013,1.00,2.25
2017.10.10 01:53:58.522,7.95745,7.96013,1.00,2.25
2017.10.10 01:53:58.624,7.95745,7.96013,1.00,1.50
2017.10.10 01:53:58.910,7.95752,7.96013,1.00,1.50
2017.10.10 01:53:59.235,7.95753,7.96033,1.00,1.00
2017.10.10 01:53:59.338,7.95762,7.96033,1.00,1.00
2017.10.10 01:53:59.439,7.95756,7.96033,1.00,1.00
2017.10.10 01:53:59.592,7.95752,7.96033,1.00,1.00
2017.10.10 01:54:00.335,7.95753,7.96033,1.00,1.00
2017.10.10 01:54:00.437,7.95762,7.96033,1.00,1.00
2017.10.10 01:54:00.792,7.95752,7.96033,1.00,1.00
2017.10.10 01:54:02.955,7.95744,7.96033,1.00,1.00
2017.10.10 01:54:03.930,7.95742,7.96033,1.00,1.00
2017.10.10 01:54:03.981,7.95733,7.96033,1.50,1.00
2017.10.10 01:54:04.032,7.95733,7.96022,1.00,1.50
2017.10.10 01:54:04.083,7.95722,7.96023,1.50,1.50
2017.10.10 01:54:04.134,7.95735,7.96023,1.00,1.50
2017.10.10 01:54:04.235,7.95716,7.96022,1.00,1.50
2017.10.10 01:54:04.286,7.95716,7.96018,1.00,1.00
2017.10.10 01:54:04.566,7.95714,7.96017,1.00,1.00
2017.10.10 01:54:04.932,7.95712,7.96017,1.00,1.00
2017.10.10 01:54:05.195,7.95712,7.96008,1.00,1.00
2017.10.10 01:54:05.692,7.95699,7.95988,1.00,1.00
2017.10.10 01:54:05.793,7.95682,7.95988,1.00,1.00
2017.10.10 01:54:05.844,7.95676,7.95978,1.00,1.00
2017.10.10 01:54:06.175,7.95685,7.95978,1.00,1.00
2017.10.10 01:54:06.277,7.95669,7.95967,1.00,1.50
2017.10.10 01:54:06.328,7.95669,7.95958,1.00,1.00
2017.10.10 01:54:06.429,7.95661,7.95958,1.00,1.12
2017.10.10 01:54:06.531,7.95661,7.95948,1.00,1.00
2017.10.10 01:54:06.582,7.95657,7.95948,1.00,1.50
2017.10.10 01:54:06.633,7.95653,7.95947,1.00,1.50
2017.10.10 01:54:07.156,7.95653,7.95948,1.00,1.50
2017.10.10 01:54:07.306,7.95653,7.95938,1.00,1.00
2017.10.10 01:54:08.381,7.95657,7.95938,1.00,1.00
2017.10.10 01:54:09.874,7.95674,7.95938,1.00,1.00
2017.10.10 01:54:09.976,7.95682,7.9596,1.00,1.00
2017.10.10 01:54:10.027,7.95686,7.9596,1.00,1.00
2017.10.10 01:54:10.349,7.95685,7.95943,1.00,1.50
2017.10.10 01:54:10.676,7.95662,7.95943,1.00,1.50
2017.10.10 01:54:10.728,7.95657,7.95943,1.25,1.50
2017.10.10 01:54:10.778,7.95653,7.95927,1.00,1.00
2017.10.10 01:54:10.830,7.95656,7.95943,1.00,1.50
2017.10.10 01:54:10.982,7.95653,7.95942,1.00,1.50
2017.10.10 01:54:11.134,7.95649,7.95943,1.00,1.50
2017.10.10 01:54:11.670,7.95648,7.95938,1.00,1.00
2017.10.10 01:54:12.028,7.95652,7.95937,1.00,1.00
2017.10.10 01:54:12.517,7.95654,7.95937,1.00,1.00
2017.10.10 01:54:12.568,7.95649,7.95938,1.00,1.00
2017.10.10 01:54:15.322,7.95652,7.95938,1.00,1.00
2017.10.10 01:54:15.963,7.95649,7.95938,1.00,1.00
2017.10.10 01:54:16.067,7.95652,7.95938,1.00,1.00
2017.10.10 01:54:16.118,7.95643,7.95938,1.00,1.00
2017.10.10 01:54:16.275,7.95659,7.95933,1.00,1.00
2017.10.10 01:54:16.593,7.95677,7.95933,1.00,1.00
2017.10.10 01:54:16.797,7.95702,7.95978,1.00,1.37
2017.10.10 01:54:17.382,7.95692,7.95978,1.00,1.37
2017.10.10 01:54:17.586,7.95685,7.95968,1.00,1.50
2017.10.10 01:54:17.987,7.95678,7.95968,1.00,1.50
2017.10.10 01:54:18.039,7.9568,7.95968,1.00,1.50
2017.10.10 01:54:18.502,7.95684,7.95968,1.00,1.50
2017.10.10 01:54:19.762,7.95679,7.95968,1.00,1.50
2017.10.10 01:54:19.813,7.95672,7.95958,1.00,1.00
2017.10.10 01:54:19.914,7.95661,7.95948,1.00,1.00
2017.10.10 01:54:19.965,7.95657,7.95958,1.00,1.00
2017.10.10 01:54:20.017,7.95663,7.95958,1.00,1.00
2017.10.10 01:54:20.320,7.95677,7.95958,1.00,1.00
2017.10.10 01:54:20.473,7.95685,7.95968,1.00,1.50
2017.10.10 01:54:20.524,7.95692,7.95968,1.00,1.50
2017.10.10 01:54:20.625,7.95672,7.95968,1.50,1.00
2017.10.10 01:54:20.767,7.95652,7.95945,1.00,1.00
2017.10.10 01:54:20.817,7.95632,7.95928,1.00,1.00
2017.10.10 01:54:20.919,7.95621,7.95908,1.00,1.00
2017.10.10 01:54:20.971,7.95616,7.95908,1.00,1.00
2017.10.10 01:54:21.024,7.95616,7.95898,1.00,1.00
2017.10.10 01:54:21.328,7.95622,7.95898,1.00,1.00
2017.10.10 01:54:21.941,7.95622,7.95897,1.00,1.00
2017.10.10 01:54:22.302,7.95612,7.95898,1.00,1.00
2017.10.10 01:54:22.353,7.95618,7.95898,1.00,1.00
2017.10.10 01:54:22.960,7.95623,7.95898,1.00,1.00
2017.10.10 01:54:23.439,7.95622,7.95908,1.00,1.00
2017.10.10 01:54:23.541,7.95603,7.95873,1.00,1.50
2017.10.10 01:54:23.643,7.95592,7.95873,1.00,1.50
2017.10.10 01:54:23.694,7.95609,7.95873,1.00,1.50
2017.10.10 01:54:23.796,7.95622,7.95893,1.00,1.00
2017.10.10 01:54:23.847,7.95633,7.95897,1.00,1.00
2017.10.10 01:54:23.897,7.95631,7.95897,1.00,1.00
2017.10.10 01:54:23.948,7.95637,7.95908,1.00,1.00
2017.10.10 01:54:24.283,7.95643,7.95908,1.00,1.00
2017.10.10 01:54:24.384,7.95637,7.95908,1.00,1.00
2017.10.10 01:54:24.562,7.95647,7.95907,1.00,1.00
2017.10.10 01:54:24.842,7.95642,7.95908,1.00,1.00
2017.10.10 01:54:24.944,7.95632,7.95908,1.00,1.00
2017.10.10 01:54:25.277,7.9563,7.95908,1.00,1.00
2017.10.10 01:54:25.581,7.95637,7.95908,1.00,1.00
2017.10.10 01:54:25.694,7.95637,7.95919,1.00,1.00
2017.10.10 01:54:25.745,7.95645,7.95918,1.00,1.00
2017.10.10 01:54:26.132,7.95646,7.95908,1.00,1.00
2017.10.10 01:54:26.190,7.95646,7.95928,1.00,1.00
2017.10.10 01:54:26.241,7.9565,7.95928,1.00,1.00
2017.10.10 01:54:27.512,7.95649,7.95928,1.00,1.00
2017.10.10 01:54:27.871,7.95645,7.95928,1.00,1.00
2017.10.10 01:54:28.080,7.95656,7.95928,1.00,1.00
2017.10.10 01:54:28.384,7.9568,7.95933,1.00,1.00
2017.10.10 01:54:28.702,7.9571,7.95933,1.00,1.00
2017.10.10 01:54:28.908,7.95693,7.95933,1.69,1.00
2017.10.10 01:54:28.959,7.95693,7.95933,1.50,1.00
2017.10.10 01:54:29.566,7.95688,7.95933,1.00,1.00
2017.10.10 01:54:29.727,7.95684,7.95933,1.00,1.00
2017.10.10 01:54:31.117,7.95694,7.95933,1.00,1.00
2017.10.10 01:54:31.402,7.95694,7.95953,1.00,1.00
2017.10.10 01:54:31.453,7.95694,7.95973,1.00,1.50
2017.10.10 01:54:31.581,7.95702,7.95978,1.00,1.00
2017.10.10 01:54:31.683,7.95702,7.95982,1.50,1.00
2017.10.10 01:54:31.909,7.95702,7.95978,1.50,1.00
2017.10.10 01:54:32.216,7.95692,7.95967,1.00,1.00
2017.10.10 01:54:32.430,7.95702,7.95983,1.50,1.00
2017.10.10 01:54:33.155,7.95711,7.95983,1.00,1.00
2017.10.10 01:54:33.528,7.95723,7.95982,1.00,1.00
2017.10.10 01:54:34.007,7.95727,7.95983,1.00,1.00
2017.10.10 01:54:34.210,7.95756,7.96028,1.00,1.00
2017.10.10 01:54:34.261,7.95761,7.96028,1.00,1.00
2017.10.10 01:54:34.623,7.95765,7.96028,1.00,1.00
2017.10.10 01:54:34.675,7.95762,7.96028,1.00,1.00
2017.10.10 01:54:35.199,7.95762,7.96033,1.00,1.00
2017.10.10 01:54:35.652,7.95765,7.96033,1.00,1.00
2017.10.10 01:54:35.703,7.95763,7.96033,1.00,1.00
2017.10.10 01:54:35.754,7.95757,7.96033,1.00,1.00
2017.10.10 01:54:35.955,7.95753,7.96033,1.00,1.00
2017.10.10 01:54:36.120,7.95751,7.96033,1.00,1.00
2017.10.10 01:54:36.171,7.95754,7.96032,1.00,1.00
2017.10.10 01:54:36.501,7.95759,7.96033,1.00,1.00
2017.10.10 01:54:36.644,7.95754,7.96033,1.00,1.00
2017.10.10 01:54:39.054,7.95766,7.96032,1.00,1.00
2017.10.10 01:54:39.376,7.95784,7.96033,1.00,1.00
2017.10.10 01:54:39.427,7.9578,7.96033,1.00,1.00
2017.10.10 01:54:39.582,7.95773,7.96033,1.25,1.00
2017.10.10 01:54:40.289,7.95773,7.96032,1.00,1.00
2017.10.10 01:54:40.820,7.95773,7.96033,1.00,1.00
2017.10.10 01:54:41.708,7.95773,7.96032,1.00,1.00
2017.10.10 01:54:42.219,7.95773,7.96033,1.00,1.00
2017.10.10 01:54:42.775,7.95773,7.96032,1.00,1.00
2017.10.10 01:54:42.876,7.95762,7.96033,1.00,1.00
2017.10.10 01:54:42.927,7.95752,7.96033,1.00,1.00
2017.10.10 01:54:43.890,7.95743,7.96028,1.00,1.00
2017.10.10 01:54:43.991,7.95732,7.96018,1.50,1.69
2017.10.10 01:54:44.295,7.95735,7.96008,1.00,1.00
2017.10.10 01:54:44.345,7.95732,7.96013,1.50,1.50
2017.10.10 01:54:44.593,7.95732,7.96008,1.00,1.19
2017.10.10 01:54:44.898,7.95732,7.95988,1.00,1.00
2017.10.10 01:54:45.261,7.95732,7.96007,1.00,1.19
2017.10.10 01:54:45.313,7.95742,7.96007,1.00,1.19
2017.10.10 01:54:45.768,7.95752,7.96007,1.00,1.19
2017.10.10 01:54:46.330,7.95752,7.96006,1.00,1.19
2017.10.10 01:54:46.855,7.95752,7.96007,1.00,1.19
2017.10.10 01:54:47.250,7.95752,7.96007,1.00,1.00
2017.10.10 01:54:47.713,7.95762,7.96007,1.00,1.00
2017.10.10 01:54:47.814,7.95762,7.96013,1.00,1.50
2017.10.10 01:54:48.017,7.95762,7.96028,1.00,1.00
2017.10.10 01:54:48.068,7.95783,7.96028,1.00,1.00
2017.10.10 01:54:48.119,7.95764,7.96028,1.00,1.00
2017.10.10 01:54:48.660,7.95764,7.96027,1.00,1.00
2017.10.10 01:54:49.197,7.95764,7.96028,1.00,1.00
2017.10.10 01:54:49.399,7.9577,7.96028,1.00,1.00
2017.10.10 01:54:49.745,7.95782,7.96028,1.00,1.00
2017.10.10 01:54:50.011,7.95787,7.96037,1.00,1.00
2017.10.10 01:54:50.189,7.95787,7.96043,1.00,1.00
2017.10.10 01:54:50.240,7.95784,7.96043,1.00,1.00
2017.10.10 01:54:50.379,7.95792,7.96043,1.00,1.00
2017.10.10 01:54:50.976,7.95792,7.96042,1.00,1.00
2017.10.10 01:54:51.330,7.95782,7.96043,1.00,1.00
2017.10.10 01:54:51.482,7.95782,7.96042,1.00,1.19
2017.10.10 01:54:51.533,7.95782,7.96043,1.00,1.25
2017.10.10 01:54:53.392,7.95782,7.96038,1.00,1.00
2017.10.10 01:54:53.705,7.95762,7.96017,1.00,1.00
2017.10.10 01:54:53.807,7.95772,7.96028,1.00,1.00
2017.10.10 01:54:53.858,7.95762,7.96028,1.00,1.00
2017.10.10 01:54:53.909,7.95762,7.96038,1.00,1.12
2017.10.10 01:54:54.266,7.95762,7.96048,1.00,1.00
2017.10.10 01:54:55.146,7.95762,7.96047,1.00,1.37
2017.10.10 01:54:55.800,7.95772,7.96047,1.00,1.00
2017.10.10 01:54:56.145,7.95782,7.96053,1.00,1.00
2017.10.10 01:54:57.080,7.95782,7.96052,1.00,1.00
2017.10.10 01:54:57.601,7.95787,7.96052,1.00,1.00
2017.10.10 01:54:58.145,7.95787,7.96053,1.00,1.00
2017.10.10 01:54:58.688,7.95787,7.96052,1.00,1.00
2017.10.10 01:54:59.939,7.95787,7.96053,1.00,1.00
2017.10.10 01:55:02.659,7.95785,7.96053,1.00,1.00
2017.10.10 01:55:03.092,7.95782,7.96053,1.00,1.00
2017.10.10 01:55:03.144,7.95779,7.96053,1.00,1.00
2017.10.10 01:55:03.717,7.95772,7.96053,1.00,1.00
2017.10.10 01:55:03.769,7.95762,7.96042,1.00,1.00
2017.10.10 01:55:04.327,7.9577,7.96057,1.00,1.12
2017.10.10 01:55:04.468,7.95773,7.96058,1.00,1.00
2017.10.10 01:55:04.687,7.9577,7.96058,1.00,1.00
2017.10.10 01:55:04.789,7.95772,7.96058,1.00,1.00
2017.10.10 01:55:05.769,7.95772,7.96048,1.00,1.00
2017.10.10 01:55:05.939,7.95762,7.96047,1.00,1.12
2017.10.10 01:55:06.790,7.95762,7.96048,1.00,1.12
2017.10.10 01:55:07.424,7.95762,7.96047,1.00,1.12
2017.10.10 01:55:08.125,7.95762,7.96048,1.00,1.12
2017.10.10 01:55:09.209,7.95762,7.96047,1.00,1.12
2017.10.10 01:55:09.826,7.95762,7.96048,1.00,1.12
2017.10.10 01:55:10.726,7.95756,7.96038,1.00,1.00
2017.10.10 01:55:12.234,7.95756,7.96037,1.00,1.00
2017.10.10 01:55:12.874,7.95756,7.96038,1.00,1.00
2017.10.10 01:55:13.599,7.95754,7.96038,1.00,1.00
2017.10.10 01:55:16.948,7.95763,7.96038,1.00,1.00
2017.10.10 01:55:16.999,7.95754,7.96038,1.00,1.00
2017.10.10 01:55:17.100,7.95791,7.96043,1.00,1.00
2017.10.10 01:55:19.338,7.95773,7.96043,1.00,1.00
2017.10.10 01:55:21.114,7.95775,7.96043,1.00,1.00
2017.10.10 01:55:23.582,7.95775,7.96042,1.00,1.00
2017.10.10 01:55:23.633,7.95752,7.96043,1.00,1.00
2017.10.10 01:55:23.684,7.95755,7.96043,1.00,1.00
2017.10.10 01:55:23.786,7.95742,7.96037,1.00,1.12
2017.10.10 01:55:24.604,7.95751,7.96038,1.00,1.12
2017.10.10 01:55:24.706,7.95762,7.96063,1.00,1.37
2017.10.10 01:55:24.807,7.95771,7.96063,1.00,1.37
2017.10.10 01:55:24.858,7.95771,7.96063,1.00,1.00
2017.10.10 01:55:26.889,7.95773,7.96063,1.00,1.00
2017.10.10 01:55:27.193,7.95796,7.96063,1.00,1.00
2017.10.10 01:55:27.718,7.95797,7.96063,1.00,1.00
2017.10.10 01:55:28.561,7.95792,7.96063,1.00,1.00
2017.10.10 01:55:29.486,7.95792,7.96062,1.00,1.00
2017.10.10 01:55:29.894,7.95787,7.96063,1.00,1.00
2017.10.10 01:55:30.152,7.95781,7.96063,1.00,1.00
2017.10.10 01:55:30.881,7.95781,7.96062,1.00,1.00
2017.10.10 01:55:32.262,7.95782,7.96062,1.00,1.00
2017.10.10 01:55:32.313,7.95804,7.96068,1.00,1.00
2017.10.10 01:55:32.538,7.95809,7.96099,1.00,1.00
2017.10.10 01:55:32.589,7.95815,7.96105,1.00,1.00
2017.10.10 01:55:32.904,7.95822,7.96113,1.00,1.37
2017.10.10 01:55:33.862,7.95827,7.96112,1.00,1.00
2017.10.10 01:55:35.148,7.95828,7.96112,1.00,1.00
2017.10.10 01:55:35.956,7.95828,7.96113,1.00,1.00
2017.10.10 01:55:36.007,7.95799,7.96108,1.00,1.12
2017.10.10 01:55:36.108,7.95799,7.96106,1.00,1.00
2017.10.10 01:55:36.411,7.95805,7.96108,1.00,1.75
2017.10.10 01:55:36.462,7.95805,7.96108,1.00,1.50
2017.10.10 01:55:36.568,7.9581,7.96108,1.00,1.50
2017.10.10 01:55:37.116,7.95813,7.96108,1.00,1.50
2017.10.10 01:55:37.689,7.95813,7.96108,1.00,1.12
2017.10.10 01:55:37.892,7.95839,7.96108,1.00,1.00
2017.10.10 01:55:37.943,7.95835,7.96113,1.00,1.37
2017.10.10 01:55:38.059,7.95831,7.96112,1.00,1.37
2017.10.10 01:55:39.269,7.95831,7.96113,1.00,1.00
2017.10.10 01:55:40.323,7.95834,7.96113,1.00,1.00
2017.10.10 01:55:41.099,7.95838,7.96112,1.00,1.00
2017.10.10 01:55:41.179,7.95829,7.96112,1.19,1.00
2017.10.10 01:55:41.230,7.95824,7.96113,1.00,1.00
2017.10.10 01:55:41.357,7.95814,7.96108,1.00,1.12
2017.10.10 01:55:41.459,7.95809,7.96107,1.00,1.12
2017.10.10 01:55:42.185,7.95809,7.96108,1.00,1.12
2017.10.10 01:55:42.663,7.95812,7.96108,1.00,1.12
2017.10.10 01:55:45.269,7.95819,7.96108,1.00,1.12
2017.10.10 01:55:46.192,7.95822,7.96108,1.00,1.00
2017.10.10 01:55:46.313,7.95819,7.96108,1.00,1.00
2017.10.10 01:55:48.172,7.95822,7.96108,1.00,1.00
2017.10.10 01:55:48.340,7.95819,7.96108,1.00,1.00
2017.10.10 01:55:49.528,7.95826,7.96108,1.00,1.00
2017.10.10 01:55:50.178,7.95825,7.96108,1.00,1.00
2017.10.10 01:55:50.517,7.95823,7.96108,1.00,1.00
2017.10.10 01:55:50.682,7.95805,7.96108,1.00,1.00
2017.10.10 01:55:50.783,7.9581,7.96107,1.00,1.00
2017.10.10 01:55:51.091,7.95814,7.96107,1.00,1.00
2017.10.10 01:55:51.498,7.9582,7.96107,1.00,1.00
2017.10.10 01:55:52.031,7.95826,7.96108,1.00,1.00
2017.10.10 01:55:52.082,7.9583,7.96118,1.00,1.00
2017.10.10 01:55:52.133,7.95842,7.96118,1.00,1.00
2017.10.10 01:55:52.184,7.95842,7.96128,1.00,1.00
2017.10.10 01:55:52.235,7.95846,7.96128,1.00,1.00
2017.10.10 01:55:56.041,7.95853,7.96128,1.00,1.00
2017.10.10 01:55:56.605,7.95853,7.96127,1.00,1.00
2017.10.10 01:55:57.693,7.95849,7.96127,1.00,1.00
2017.10.10 01:55:58.523,7.95849,7.96128,1.00,1.00
2017.10.10 01:56:00.228,7.95848,7.96128,1.00,1.00
2017.10.10 01:56:00.558,7.95857,7.96128,1.00,1.00
2017.10.10 01:56:00.609,7.95863,7.96138,1.00,1.00
2017.10.10 01:56:00.769,7.95872,7.96137,1.00,1.00
2017.10.10 01:56:01.102,7.95865,7.96137,1.00,1.00
2017.10.10 01:56:01.606,7.95865,7.96138,1.00,1.00
2017.10.10 01:56:02.300,7.95865,7.96137,1.00,1.00
2017.10.10 01:56:02.420,7.95865,7.9615,1.00,1.12
2017.10.10 01:56:02.580,7.95869,7.96149,1.00,1.00
2017.10.10 01:56:05.209,7.9587,7.96149,1.00,1.00
2017.10.10 01:56:06.254,7.95874,7.9615,1.00,1.00
2017.10.10 01:56:06.512,7.95879,7.96163,1.00,1.50
2017.10.10 01:56:06.664,7.95891,7.96168,1.00,1.00
2017.10.10 01:56:06.969,7.959,7.96168,1.00,1.00
2017.10.10 01:56:07.737,7.959,7.96167,1.00,1.00
2017.10.10 01:56:08.246,7.959,7.96168,1.00,1.00
2017.10.10 01:56:08.534,7.95893,7.96168,1.00,1.00
2017.10.10 01:56:08.586,7.95887,7.96168,1.00,1.00
2017.10.10 01:56:09.703,7.95881,7.96168,1.00,1.00
2017.10.10 01:56:11.096,7.95889,7.96168,1.00,1.00
2017.10.10 01:56:11.403,7.95899,7.96167,1.00,1.00
2017.10.10 01:56:11.793,7.95905,7.96168,1.00,1.00
2017.10.10 01:56:12.097,7.95912,7.96167,1.00,1.00
2017.10.10 01:56:12.419,7.95914,7.96196,1.00,1.37
2017.10.10 01:56:12.723,7.95912,7.96205,1.00,1.37
2017.10.10 01:56:13.385,7.95912,7.96205,1.00,1.00
2017.10.10 01:56:14.311,7.95914,7.96205,1.00,1.00
2017.10.10 01:56:14.986,7.95914,7.96204,1.00,1.00
2017.10.10 01:56:17.387,7.95932,7.96204,1.00,1.00
2017.10.10 01:56:20.290,7.95932,7.96205,1.00,1.00
2017.10.10 01:56:21.242,7.95922,7.96205,1.00,1.00
2017.10.10 01:56:21.293,7.95912,7.96187,1.00,1.12
2017.10.10 01:56:21.344,7.95882,7.96186,1.00,1.50
2017.10.10 01:56:21.394,7.95893,7.96171,1.00,1.37
2017.10.10 01:56:21.496,7.95876,7.96171,1.00,1.37
2017.10.10 01:56:21.547,7.95872,7.96188,1.00,1.50
2017.10.10 01:56:21.712,7.95882,7.96198,1.00,1.75
2017.10.10 01:56:22.517,7.95882,7.96198,1.00,1.37
2017.10.10 01:56:23.321,7.95872,7.96198,1.00,1.37
2017.10.10 01:56:24.567,7.95872,7.96198,1.00,1.12
2017.10.10 01:56:24.867,7.95872,7.96188,1.00,1.00
2017.10.10 01:56:25.038,7.95864,7.96188,1.00,1.00
2017.10.10 01:56:26.052,7.9587,7.96188,1.00,1.12
2017.10.10 01:56:27.028,7.95866,7.96188,1.00,1.12
2017.10.10 01:56:27.080,7.95857,7.96168,1.00,1.12
2017.10.10 01:56:27.384,7.95858,7.96157,1.00,1.12
2017.10.10 01:56:28.385,7.95857,7.96158,1.00,1.12
2017.10.10 01:56:28.957,7.95858,7.96157,1.00,1.12
2017.10.10 01:56:30.361,7.95857,7.96158,1.00,1.12
2017.10.10 01:56:31.184,7.95858,7.96157,1.00,1.00
2017.10.10 01:56:31.707,7.95857,7.96158,1.19,1.00
2017.10.10 01:56:31.758,7.95857,7.96168,1.00,1.37
2017.10.10 01:56:32.022,7.95862,7.96168,1.00,1.37
2017.10.10 01:56:33.085,7.95862,7.96168,1.00,1.00
2017.10.10 01:56:33.841,7.95872,7.96168,1.00,1.00
2017.10.10 01:56:33.962,7.95872,7.96173,1.00,1.00
2017.10.10 01:56:34.265,7.95903,7.96173,1.00,1.00
2017.10.10 01:56:34.597,7.95892,7.96173,1.50,1.00
2017.10.10 01:56:35.205,7.95892,7.96172,1.50,1.00
2017.10.10 01:56:35.357,7.95902,7.96173,1.00,1.00
2017.10.10 01:56:36.120,7.95912,7.96173,1.00,1.00
2017.10.10 01:56:37.992,7.95903,7.96167,1.00,1.00
2017.10.10 01:56:38.094,7.95892,7.96168,1.00,1.00
2017.10.10 01:56:38.266,7.95882,7.96168,1.00,1.12
2017.10.10 01:56:38.367,7.95892,7.96168,1.00,1.00
2017.10.10 01:56:38.897,7.95893,7.96168,1.00,1.00
2017.10.10 01:56:39.664,7.95893,7.96167,1.00,1.00
2017.10.10 01:56:40.165,7.95892,7.96168,1.00,1.00
2017.10.10 01:56:40.668,7.95892,7.96167,1.00,1.00
2017.10.10 01:56:41.180,7.95892,7.96168,1.00,1.00
2017.10.10 01:56:41.723,7.95892,7.96167,1.00,1.00
2017.10.10 01:56:42.248,7.95892,7.96168,1.00,1.00
2017.10.10 01:56:44.134,7.95892,7.96167,1.00,1.00
2017.10.10 01:56:44.733,7.95892,7.96168,1.00,1.00
2017.10.10 01:56:45.234,7.95902,7.96168,1.00,1.00
2017.10.10 01:56:45.914,7.95913,7.96168,1.00,1.00
2017.10.10 01:56:47.797,7.95902,7.96168,1.00,1.00
2017.10.10 01:56:50.349,7.95902,7.96167,1.00,1.00
2017.10.10 01:56:50.677,7.95892,7.96167,1.00,1.00
2017.10.10 01:56:51.294,7.95894,7.96167,1.00,1.00
2017.10.10 01:56:52.182,7.95892,7.96168,1.50,1.00
2017.10.10 01:56:52.509,7.95898,7.96168,1.00,1.00
2017.10.10 01:56:52.561,7.95893,7.96167,1.00,1.00
2017.10.10 01:56:53.529,7.95892,7.96167,1.00,1.00
2017.10.10 01:56:54.904,7.95893,7.96168,1.00,1.00
2017.10.10 01:56:55.017,7.95897,7.96168,1.00,1.00
2017.10.10 01:56:55.118,7.95895,7.96168,1.00,1.00
2017.10.10 01:56:55.735,7.95895,7.96167,1.00,1.00
2017.10.10 01:56:56.118,7.95902,7.96167,1.00,1.00
2017.10.10 01:56:57.210,7.95902,7.96168,1.00,1.00
2017.10.10 01:56:58.810,7.95901,7.96168,1.00,1.00
2017.10.10 01:56:59.230,7.95901,7.96178,1.00,1.00
2017.10.10 01:56:59.415,7.95904,7.96178,1.00,1.00
2017.10.10 01:56:59.718,7.95923,7.96178,1.00,1.00
2017.10.10 01:56:59.769,7.95902,7.96178,1.50,1.00
2017.10.10 01:56:59.820,7.95912,7.96177,1.00,1.00
2017.10.10 01:57:00.030,7.95903,7.96177,1.00,1.00
2017.10.10 01:57:00.167,7.95892,7.96178,1.00,1.00
2017.10.10 01:57:01.109,7.95902,7.96178,1.00,1.00
2017.10.10 01:57:01.473,7.95892,7.96178,1.00,1.00
2017.10.10 01:57:02.421,7.95892,7.96188,1.00,1.00
2017.10.10 01:57:04.471,7.959,7.96188,1.00,1.00
2017.10.10 01:57:04.772,7.95902,7.96187,1.00,1.12
2017.10.10 01:57:05.316,7.95902,7.96188,1.00,1.12
2017.10.10 01:57:06.324,7.95906,7.96188,1.00,1.12
2017.10.10 01:57:06.830,7.95902,7.96188,1.00,1.87
2017.10.10 01:57:06.881,7.95894,7.96178,1.00,1.12
2017.10.10 01:57:07.225,7.95897,7.96178,1.00,1.12
2017.10.10 01:57:07.584,7.95905,7.96178,1.00,1.12
2017.10.10 01:57:07.905,7.9592,7.96188,1.00,1.00
2017.10.10 01:57:08.503,7.9592,7.96187,1.00,1.00
2017.10.10 01:57:09.104,7.9592,7.96188,1.00,1.00
2017.10.10 01:57:09.610,7.9592,7.96187,1.00,1.00
2017.10.10 01:57:10.121,7.9592,7.96188,1.00,1.00
2017.10.10 01:57:10.887,7.9592,7.96187,1.00,1.00
2017.10.10 01:57:11.392,7.9592,7.96188,1.00,1.00
2017.10.10 01:57:11.909,7.9592,7.96187,1.00,1.00
2017.10.10 01:57:12.457,7.9592,7.96188,1.00,1.00
2017.10.10 01:57:12.996,7.9592,7.96187,1.00,1.00
2017.10.10 01:57:13.516,7.9592,7.96188,1.00,1.00
2017.10.10 01:57:14.536,7.95924,7.96187,1.00,1.00
2017.10.10 01:57:15.070,7.95924,7.96188,1.00,1.00
2017.10.10 01:57:15.687,7.95924,7.96187,1.00,1.00
2017.10.10 01:57:16.089,7.9592,7.96187,1.00,1.00
2017.10.10 01:57:16.620,7.9592,7.96188,1.00,1.00
2017.10.10 01:57:16.998,7.95936,7.96188,1.00,1.00
2017.10.10 01:57:17.456,7.95946,7.96232,1.00,1.37
2017.10.10 01:57:17.507,7.95946,7.96188,1.00,1.00
2017.10.10 01:57:18.232,7.95949,7.96188,1.00,1.00
2017.10.10 01:57:18.573,7.95953,7.96188,1.00,1.00
2017.10.10 01:57:19.090,7.95953,7.96187,1.00,1.00
2017.10.10 01:57:19.640,7.95953,7.96188,1.00,1.00
2017.10.10 01:57:19.967,7.95946,7.96188,1.00,1.00
2017.10.10 01:57:20.135,7.95938,7.96188,1.00,1.00
2017.10.10 01:57:20.287,7.95933,7.96187,1.00,1.00
2017.10.10 01:57:20.389,7.95925,7.96188,1.00,1.00
2017.10.10 01:57:20.917,7.95921,7.96188,1.00,1.00
2017.10.10 01:57:21.069,7.95914,7.96188,1.00,1.00
2017.10.10 01:57:21.777,7.95914,7.96187,1.00,1.00
2017.10.10 01:57:22.282,7.95914,7.96188,1.00,1.00
2017.10.10 01:57:25.237,7.95919,7.96188,1.00,1.00
2017.10.10 01:57:26.093,7.95919,7.96187,1.00,1.00
2017.10.10 01:57:26.687,7.95919,7.96188,1.00,1.00
2017.10.10 01:57:27.643,7.95919,7.96187,1.00,1.00
2017.10.10 01:57:28.258,7.95919,7.96188,1.00,1.00
2017.10.10 01:57:29.434,7.95919,7.96187,1.00,1.00
2017.10.10 01:57:29.964,7.95919,7.96188,1.00,1.00
2017.10.10 01:57:31.025,7.95919,7.96187,1.00,1.00
2017.10.10 01:57:31.076,7.95915,7.96188,1.00,1.00
2017.10.10 01:57:33.268,7.95902,7.96188,1.19,1.00
2017.10.10 01:57:33.319,7.95902,7.96188,1.00,1.00
2017.10.10 01:57:34.372,7.95914,7.96188,1.00,1.00
2017.10.10 01:57:34.473,7.95913,7.96193,1.00,1.00
2017.10.10 01:57:34.524,7.9592,7.96193,1.00,1.00
2017.10.10 01:57:34.791,7.95909,7.96192,1.00,1.00
2017.10.10 01:57:34.842,7.95909,7.96188,1.00,1.00
2017.10.10 01:57:34.893,7.95909,7.96193,1.00,1.00
2017.10.10 01:57:34.944,7.95912,7.96193,1.00,1.00
2017.10.10 01:57:35.375,7.95914,7.96192,1.00,1.00
2017.10.10 01:57:35.717,7.95928,7.96192,1.00,1.00
2017.10.10 01:57:36.384,7.95932,7.96192,1.00,1.00
2017.10.10 01:57:36.570,7.95922,7.96193,1.00,1.00
2017.10.10 01:57:36.777,7.95912,7.96193,1.00,1.00
2017.10.10 01:57:36.879,7.95902,7.96193,1.00,1.00
2017.10.10 01:57:37.046,7.95913,7.96193,1.00,1.00
2017.10.10 01:57:38.746,7.95912,7.96193,1.00,1.00
2017.10.10 01:57:40.982,7.95912,7.96192,1.00,1.25
2017.10.10 01:57:41.314,7.95922,7.96193,1.00,1.00
2017.10.10 01:57:42.299,7.95922,7.96197,1.00,1.00
2017.10.10 01:57:42.420,7.95922,7.96199,1.00,1.00
2017.10.10 01:57:42.471,7.95922,7.96216,1.00,1.38
2017.10.10 01:57:42.521,7.95922,7.96217,1.00,1.38
2017.10.10 01:57:42.951,7.95922,7.96217,1.00,1.44
2017.10.10 01:57:43.366,7.95922,7.96216,1.00,1.44
2017.10.10 01:57:43.518,7.95922,7.96217,1.00,1.19
2017.10.10 01:57:44.019,7.95923,7.96217,1.00,1.19
2017.10.10 01:57:44.930,7.95923,7.96216,1.00,1.19
2017.10.10 01:57:45.031,7.95932,7.96217,1.00,1.00
2017.10.10 01:57:45.354,7.95943,7.96223,1.00,1.00
2017.10.10 01:57:46.091,7.95946,7.96223,1.00,1.00
2017.10.10 01:57:46.463,7.95962,7.96223,1.00,1.00
2017.10.10 01:57:47.197,7.95955,7.96223,1.00,1.00
2017.10.10 01:57:50.418,7.95956,7.96223,1.00,1.00
2017.10.10 01:57:50.519,7.95952,7.96223,1.00,1.00
2017.10.10 01:57:50.952,7.95932,7.96218,1.00,1.00
2017.10.10 01:57:51.054,7.95916,7.96207,1.19,1.00
2017.10.10 01:57:51.105,7.95913,7.96203,1.00,1.25
2017.10.10 01:57:51.406,7.95903,7.96174,1.00,1.00
2017.10.10 01:57:51.457,7.95892,7.96174,1.00,1.19
2017.10.10 01:57:51.558,7.95888,7.9617,1.00,1.00
2017.10.10 01:57:51.659,7.95892,7.9617,1.00,1.00
2017.10.10 01:57:51.982,7.95892,7.96173,1.00,1.25
2017.10.10 01:57:52.563,7.95892,7.96173,1.00,1.19
2017.10.10 01:57:54.319,7.95902,7.96173,1.00,1.19
2017.10.10 01:57:54.985,7.95902,7.9617,1.00,1.00
2017.10.10 01:57:55.036,7.95892,7.9617,1.00,1.00
2017.10.10 01:57:55.122,7.95892,7.96165,1.00,1.00
2017.10.10 01:57:55.244,7.95892,7.96173,1.00,1.19
2017.10.10 01:57:56.519,7.95892,7.96173,1.00,1.25
2017.10.10 01:57:57.933,7.95892,7.9617,1.50,1.00
2017.10.10 01:57:58.823,7.95903,7.96138,1.00,1.00
2017.10.10 01:57:58.975,7.95903,7.96141,1.00,1.00
2017.10.10 01:57:59.754,7.95896,7.96141,1.00,1.00
2017.10.10 01:57:59.806,7.95892,7.96123,1.00,1.00
2017.10.10 01:57:59.908,7.95882,7.96123,1.00,1.00
2017.10.10 01:57:59.959,7.95882,7.96126,1.00,1.00
2017.10.10 01:58:00.011,7.95892,7.96126,1.00,1.00
2017.10.10 01:58:00.225,7.95892,7.9613,1.00,1.00
2017.10.10 01:58:01.039,7.95892,7.96127,1.00,1.00
2017.10.10 01:58:02.013,7.95892,7.9613,1.00,1.00
2017.10.10 01:58:02.166,7.95892,7.96135,1.00,1.00
2017.10.10 01:58:02.600,7.95892,7.96124,1.00,1.00
2017.10.10 01:58:02.703,7.95883,7.96124,1.00,1.00
2017.10.10 01:58:03.837,7.95886,7.96132,1.00,1.00
2017.10.10 01:58:03.948,7.95893,7.96132,1.00,1.00
2017.10.10 01:58:05.448,7.95893,7.96129,1.00,1.00
2017.10.10 01:58:06.445,7.95893,7.96127,1.00,1.00
2017.10.10 01:58:07.206,7.95882,7.96127,1.50,1.00
2017.10.10 01:58:07.258,7.95887,7.96131,1.00,1.00
2017.10.10 01:58:07.935,7.95888,7.96133,1.00,1.00
2017.10.10 01:58:11.053,7.95894,7.96139,1.00,1.00
2017.10.10 01:58:12.409,7.95892,7.96131,1.00,1.00
2017.10.10 01:58:12.521,7.95886,7.96131,1.00,1.00
2017.10.10 01:58:12.963,7.95884,7.9613,1.00,1.00
2017.10.10 01:58:13.037,7.95882,7.96125,1.00,1.00
2017.10.10 01:58:13.959,7.95892,7.96127,1.00,1.00
2017.10.10 01:58:16.924,7.95882,7.96112,1.00,1.00
2017.10.10 01:58:17.095,7.95872,7.96112,1.00,1.00
2017.10.10 01:58:17.278,7.95882,7.96112,1.00,1.00
2017.10.10 01:58:17.535,7.95873,7.96112,1.00,1.00
2017.10.10 01:58:17.773,7.95882,7.96112,1.00,1.00
2017.10.10 01:58:18.023,7.95872,7.96112,1.00,1.00
2017.10.10 01:58:18.273,7.95882,7.96112,1.00,1.00
2017.10.10 01:58:18.495,7.95882,7.96116,1.00,1.00
2017.10.10 01:58:20.479,7.95882,7.96119,1.00,1.00
2017.10.10 01:58:21.756,7.95882,7.9612,1.00,1.00
2017.10.10 01:58:23.584,7.95882,7.96112,1.00,1.00
2017.10.10 01:58:23.764,7.95872,7.96112,1.00,1.00
2017.10.10 01:58:24.655,7.95876,7.96121,1.00,1.00
2017.10.10 01:58:24.706,7.95882,7.96121,1.00,1.00
2017.10.10 01:58:25.010,7.95882,7.96117,1.00,1.00
2017.10.10 01:58:25.771,7.95882,7.9612,1.00,1.00
2017.10.10 01:58:25.822,7.95882,7.96125,1.00,1.00
2017.10.10 01:58:25.923,7.95893,7.96125,1.00,1.00
2017.10.10 01:58:26.043,7.95893,7.96131,1.00,1.00
2017.10.10 01:58:26.943,7.95892,7.96131,1.00,1.00
2017.10.10 01:58:27.993,7.95892,7.96134,1.00,1.00
2017.10.10 01:58:28.989,7.95892,7.9613,1.00,1.00
2017.10.10 01:58:29.507,7.95892,7.96137,1.00,1.00
2017.10.10 01:58:30.731,7.95892,7.9613,1.00,1.00
2017.10.10 01:58:31.043,7.95892,7.96125,1.00,1.00
2017.10.10 01:58:31.165,7.95882,7.96125,1.00,1.00
2017.10.10 01:58:31.776,7.95892,7.96125,1.00,1.00
2017.10.10 01:58:34.777,7.95888,7.96134,1.00,1.00
2017.10.10 01:58:34.856,7.95893,7.96134,1.00,1.00
2017.10.10 01:58:35.048,7.95888,7.96134,1.00,1.00
2017.10.10 01:58:35.352,7.95892,7.96134,1.00,1.00
2017.10.10 01:58:35.743,7.95892,7.96132,1.00,1.00
2017.10.10 01:58:36.307,7.95892,7.9613,1.00,1.00
2017.10.10 01:58:37.056,7.95892,7.96124,1.00,1.00
2017.10.10 01:58:37.523,7.95882,7.96124,1.00,1.00
2017.10.10 01:58:37.590,7.95882,7.96118,1.00,1.00
2017.10.10 01:58:40.063,7.95882,7.96108,1.00,1.00
2017.10.10 01:58:40.532,7.95882,7.96099,1.00,1.00
2017.10.10 01:58:40.684,7.95882,7.96107,1.00,1.00
2017.10.10 01:58:40.971,7.95892,7.96107,1.00,1.00
2017.10.10 01:58:41.263,7.95892,7.96116,1.00,1.25
2017.10.10 01:58:43.023,7.95892,7.96122,1.00,1.00
2017.10.10 01:58:44.341,7.95892,7.96127,1.00,1.00
2017.10.10 01:58:44.392,7.95892,7.96123,1.00,1.00
2017.10.10 01:58:44.807,7.95892,7.96129,1.00,1.00
2017.10.10 01:58:46.856,7.95902,7.96134,1.00,1.00
2017.10.10 01:58:46.907,7.95902,7.96137,1.00,1.00
2017.10.10 01:58:46.958,7.95892,7.96132,1.00,1.00
2017.10.10 01:58:47.146,7.95902,7.96132,1.00,1.00
2017.10.10 01:58:47.524,7.95892,7.96127,1.00,1.00
2017.10.10 01:58:47.658,7.95902,7.96127,1.00,1.00
2017.10.10 01:58:47.716,7.95902,7.96132,1.00,1.00
2017.10.10 01:58:49.051,7.95912,7.96139,1.00,1.00
2017.10.10 01:58:50.538,7.95912,7.96138,1.00,1.00
2017.10.10 01:58:51.535,7.95912,7.9614,1.00,1.00
2017.10.10 01:58:51.893,7.95912,7.96147,1.00,1.00
2017.10.10 01:58:52.096,7.95914,7.9616,1.00,1.19
2017.10.10 01:58:52.147,7.95922,7.96167,1.00,1.00
2017.10.10 01:58:52.198,7.95925,7.96171,1.00,1.00
2017.10.10 01:58:52.249,7.95942,7.96174,1.00,1.00
2017.10.10 01:58:52.407,7.95942,7.96183,1.00,1.00
2017.10.10 01:58:53.487,7.95942,7.96174,1.00,1.00
2017.10.10 01:58:53.589,7.95942,7.96182,1.00,1.00
2017.10.10 01:58:54.726,7.95942,7.96173,1.00,1.00
2017.10.10 01:58:56.052,7.95942,7.96177,1.00,1.00
2017.10.10 01:58:56.103,7.95952,7.96187,1.00,1.00
2017.10.10 01:58:56.469,7.95942,7.96176,1.00,1.00
2017.10.10 01:58:56.520,7.95933,7.96176,1.00,1.00
2017.10.10 01:58:59.051,7.95933,7.96173,1.00,1.00
2017.10.10 01:59:00.097,7.95937,7.96183,1.00,1.19
2017.10.10 01:59:00.537,7.9595,7.96196,1.00,1.00
2017.10.10 01:59:00.621,7.95945,7.9619,1.00,1.00
2017.10.10 01:59:00.723,7.95962,7.96208,1.00,1.00
2017.10.10 01:59:01.077,7.9596,7.96205,1.00,1.00
2017.10.10 01:59:01.128,7.95965,7.96211,1.00,1.00
2017.10.10 01:59:01.179,7.95962,7.96195,1.00,1.00
2017.10.10 01:59:01.281,7.95949,7.96195,1.00,1.00
2017.10.10 01:59:01.331,7.95954,7.96198,1.00,1.00
2017.10.10 01:59:02.394,7.95936,7.96181,1.00,1.00
2017.10.10 01:59:02.875,7.95934,7.9618,1.00,1.00
2017.10.10 01:59:03.997,7.95982,7.96218,1.00,1.00
2017.10.10 01:59:04.098,7.9602,7.96258,1.00,1.00
2017.10.10 01:59:04.149,7.96031,7.96271,1.00,1.00
2017.10.10 01:59:04.200,7.96033,7.96271,1.00,1.00
2017.10.10 01:59:04.437,7.96042,7.96281,1.00,1.00
2017.10.10 01:59:05.605,7.96047,7.96292,1.00,1.00
2017.10.10 01:59:05.656,7.96056,7.96302,1.00,1.50
2017.10.10 01:59:05.928,7.96048,7.96293,1.00,1.00
2017.10.10 01:59:06.498,7.96042,7.96278,1.00,1.00
2017.10.10 01:59:06.549,7.96032,7.9627,1.00,1.00
2017.10.10 01:59:06.653,7.96014,7.96259,1.00,1.00
2017.10.10 01:59:06.873,7.96012,7.96256,1.00,1.00
2017.10.10 01:59:07.328,7.9601,7.96256,1.00,1.00
2017.10.10 01:59:07.531,7.96014,7.9626,1.00,1.00
2017.10.10 01:59:09.972,7.9601,7.96255,1.00,1.00
2017.10.10 01:59:10.276,7.96006,7.96251,1.00,1.00
2017.10.10 01:59:10.625,7.9601,7.96255,1.00,1.00
2017.10.10 01:59:11.127,7.96018,7.96264,1.00,1.00
2017.10.10 01:59:11.179,7.96033,7.96279,1.00,1.00
2017.10.10 01:59:11.484,7.96039,7.96285,1.00,1.00
2017.10.10 01:59:11.787,7.96027,7.96273,1.00,1.00
2017.10.10 01:59:13.881,7.96023,7.96269,1.00,1.00
2017.10.10 01:59:14.486,7.96022,7.96253,1.00,1.00
2017.10.10 01:59:14.587,7.96005,7.96248,1.00,1.00
2017.10.10 01:59:14.947,7.96013,7.96248,1.00,1.00
2017.10.10 01:59:15.692,7.96013,7.96246,1.00,1.00
2017.10.10 01:59:16.058,7.96002,7.96246,1.00,1.00
2017.10.10 01:59:20.599,7.96003,7.96247,1.00,1.00
2017.10.10 01:59:21.594,7.96005,7.96251,1.00,1.00
2017.10.10 01:59:23.961,7.96012,7.96251,1.00,1.00
2017.10.10 01:59:24.267,7.96005,7.96251,1.00,1.00
2017.10.10 01:59:24.587,7.96022,7.96251,1.00,1.00
2017.10.10 01:59:25.013,7.96022,7.96253,1.00,1.00
2017.10.10 01:59:29.110,7.96022,7.9625,1.00,1.00
2017.10.10 01:59:29.648,7.96023,7.9625,1.00,1.00
2017.10.10 01:59:33.227,7.96013,7.96259,1.50,1.00
2017.10.10 01:59:34.789,7.96045,7.96289,1.00,1.00
2017.10.10 01:59:34.894,7.96056,7.96301,1.00,1.00
2017.10.10 01:59:35.021,7.96072,7.96297,1.00,1.00
2017.10.10 01:59:35.073,7.96072,7.96313,1.00,1.00
2017.10.10 01:59:35.126,7.96082,7.96313,1.00,1.00
2017.10.10 01:59:35.177,7.96082,7.96322,1.00,1.00
2017.10.10 01:59:35.665,7.96076,7.96322,1.00,1.00
2017.10.10 01:59:36.240,7.96086,7.96331,1.00,1.00
2017.10.10 01:59:36.291,7.96077,7.96323,1.00,1.00
2017.10.10 01:59:36.533,7.9609,7.96336,1.00,1.37
2017.10.10 01:59:36.886,7.96083,7.96329,1.00,1.00
2017.10.10 01:59:37.018,7.96077,7.9632,1.00,1.00
2017.10.10 01:59:37.233,7.9607,7.96316,1.00,1.00
2017.10.10 01:59:37.334,7.96062,7.96308,1.00,1.00
2017.10.10 01:59:42.276,7.96056,7.96302,1.00,1.00
2017.10.10 01:59:43.143,7.96056,7.96299,1.00,1.00
2017.10.10 01:59:44.140,7.96053,7.96299,1.00,1.00
2017.10.10 01:59:48.931,7.96051,7.96297,1.00,1.00
2017.10.10 01:59:49.932,7.96038,7.96275,1.00,1.00
2017.10.10 01:59:50.196,7.96038,7.96284,1.00,1.00
2017.10.10 01:59:50.247,7.96045,7.9629,1.00,1.00
2017.10.10 01:59:50.704,7.96049,7.96294,1.00,1.00
2017.10.10 01:59:54.049,7.96043,7.96288,1.00,1.00
2017.10.10 01:59:54.201,7.96034,7.9628,1.00,1.00
2017.10.10 01:59:54.546,7.96029,7.96275,1.00,1.00
2017.10.10 01:59:54.928,7.9602,7.96266,1.00,1.00
2017.10.10 01:59:55.236,7.96016,7.9626,1.00,1.00
2017.10.10 01:59:56.616,7.96023,7.96269,1.00,1.00
2017.10.10 01:59:56.748,7.96031,7.96277,1.00,1.00
2017.10.10 01:59:58.349,7.96036,7.96282,1.00,1.00
2017.10.10 01:59:59.825,7.96026,7.96272,1.00,1.00
