2017.10.02 18:00:03.423,7.99436,7.99559,1.00,1.00
2017.10.02 18:00:05.188,7.99443,7.99559,1.00,1.00
2017.10.02 18:00:05.339,7.99463,7.99587,1.00,1.00
2017.10.02 18:00:07.342,7.99476,7.996,1.00,1.00
2017.10.02 18:00:07.834,7.99464,7.99586,1.00,1.00
2017.10.02 18:00:08.136,7.9945,7.99572,1.00,1.00
2017.10.02 18:00:11.542,7.9947,7.99593,1.00,1.00
2017.10.02 18:00:13.078,7.9947,7.99585,1.00,1.00
2017.10.02 18:00:13.129,7.99441,7.99565,1.00,1.00
2017.10.02 18:00:25.046,7.99455,7.99579,1.00,1.00
2017.10.02 18:00:38.300,7.9944,7.99562,1.00,1.00
2017.10.02 18:00:38.772,7.99453,7.99576,1.00,1.00
2017.10.02 18:00:52.420,7.99481,7.99604,1.00,1.00
2017.10.02 18:00:55.741,7.99499,7.99622,1.00,1.00
2017.10.02 18:00:58.800,7.99486,7.99608,1.00,1.00
2017.10.02 18:00:59.738,7.99499,7.99622,1.00,1.00
2017.10.02 18:01:03.345,7.99485,7.99609,1.00,1.00
2017.10.02 18:01:08.657,7.99498,7.99621,1.00,1.00
2017.10.02 18:01:08.759,7.99484,7.99608,1.00,1.00
2017.10.02 18:01:11.949,7.99498,7.99621,1.00,1.00
2017.10.02 18:01:12.547,7.99515,7.99638,1.00,1.00
2017.10.02 18:01:17.774,7.99531,7.99655,1.00,1.00
2017.10.02 18:01:22.279,7.99549,7.99671,1.00,1.00
2017.10.02 18:01:22.381,7.99535,7.99659,1.00,1.00
2017.10.02 18:01:28.684,7.99537,7.99659,1.00,1.00
2017.10.02 18:01:29.796,7.99519,7.99643,1.00,1.00
2017.10.02 18:01:32.564,7.99541,7.99663,1.00,1.00
2017.10.02 18:01:39.261,7.99527,7.9965,1.00,1.00
2017.10.02 18:01:39.312,7.99513,7.99637,1.00,1.00
2017.10.02 18:01:39.515,7.99499,7.99623,1.00,1.00
2017.10.02 18:01:59.255,7.99503,7.99627,1.00,1.00
2017.10.02 18:02:00.360,7.99476,7.99599,1.00,1.00
2017.10.02 18:02:00.541,7.99462,7.99586,1.00,1.00
2017.10.02 18:02:02.729,7.99448,7.99572,1.00,1.00
2017.10.02 18:02:09.095,7.99436,7.99557,1.00,1.00
2017.10.02 18:02:12.173,7.99447,7.99571,1.00,1.00
2017.10.02 18:02:25.313,7.99461,7.99585,1.00,1.00
2017.10.02 18:02:30.992,7.99475,7.99598,1.00,1.00
2017.10.02 18:02:31.384,7.99488,7.99612,1.00,1.00
2017.10.02 18:02:36.098,7.99505,7.99627,1.00,1.00
2017.10.02 18:02:51.224,7.99489,7.99613,1.00,1.00
2017.10.02 18:03:01.384,7.99485,7.99597,1.00,1.00
2017.10.02 18:03:01.436,7.99476,7.99597,1.00,1.00
2017.10.02 18:03:06.322,7.99461,7.99583,1.00,1.00
2017.10.02 18:03:26.042,7.9947,7.99593,1.00,1.00
2017.10.02 18:03:32.343,7.99453,7.99576,1.00,1.00
2017.10.02 18:03:37.218,7.9944,7.99562,1.00,1.00
2017.10.02 18:03:43.069,7.99453,7.99576,1.00,1.00
2017.10.02 18:04:00.198,7.99449,7.99573,1.00,1.00
2017.10.02 18:04:00.364,7.99463,7.99587,1.00,1.00
2017.10.02 18:04:01.399,7.99449,7.99573,1.00,1.00
2017.10.02 18:04:11.379,7.99463,7.99587,1.00,1.00
2017.10.02 18:04:11.684,7.99476,7.996,1.00,1.00
2017.10.02 18:04:11.988,7.99443,7.99565,1.00,1.00
2017.10.02 18:04:18.010,7.99425,7.99547,1.00,1.00
2017.10.02 18:04:23.259,7.99442,7.99566,1.00,1.00
2017.10.02 18:04:30.818,7.99459,7.99583,1.00,1.00
2017.10.02 18:04:40.864,7.99442,7.99566,1.00,1.00
2017.10.02 18:04:45.510,7.99409,7.99531,1.00,1.00
2017.10.02 18:04:49.775,7.99436,7.99551,1.00,1.00
2017.10.02 18:04:49.826,7.99436,7.99559,1.00,1.00
2017.10.02 18:04:50.173,7.99416,7.99539,1.00,1.00
2017.10.02 18:04:50.920,7.99415,7.99539,1.00,1.00
2017.10.02 18:05:05.404,7.99408,7.99532,1.00,1.00
2017.10.02 18:05:18.604,7.99408,7.9953,1.00,1.00
2017.10.02 18:05:18.825,7.99344,7.99467,1.00,1.00
2017.10.02 18:05:19.078,7.99331,7.99455,1.00,1.00
2017.10.02 18:05:19.179,7.99351,7.99474,1.00,1.00
2017.10.02 18:05:19.824,7.99368,7.99492,1.00,1.00
2017.10.02 18:05:38.011,7.99356,7.99477,1.00,1.00
2017.10.02 18:05:38.113,7.99341,7.99465,1.00,1.00
2017.10.02 18:05:39.709,7.99327,7.99451,1.00,1.00
2017.10.02 18:06:05.969,7.99323,7.99447,1.00,1.00
2017.10.02 18:06:13.815,7.99304,7.99428,1.00,1.00
2017.10.02 18:06:27.745,7.99316,7.99428,1.00,1.00
2017.10.02 18:06:27.847,7.99328,7.99441,1.00,1.00
2017.10.02 18:06:27.949,7.99359,7.99461,1.00,1.00
2017.10.02 18:06:28.000,7.99359,7.99481,1.00,1.00
2017.10.02 18:06:28.051,7.99343,7.99466,1.00,1.00
2017.10.02 18:06:31.788,7.99355,7.99479,1.00,1.00
2017.10.02 18:06:32.135,7.99369,7.99493,1.00,1.00
2017.10.02 18:06:41.464,7.99383,7.99506,1.00,1.00
2017.10.02 18:06:41.713,7.99395,7.99519,1.00,1.00
2017.10.02 18:06:43.787,7.99381,7.99505,1.00,1.00
2017.10.02 18:06:45.557,7.99368,7.9949,1.00,1.00
2017.10.02 18:06:46.966,7.99381,7.99505,1.00,1.00
2017.10.02 18:07:03.207,7.99376,7.995,1.00,1.00
2017.10.02 18:07:03.685,7.99362,7.99486,1.00,1.00
2017.10.02 18:07:04.014,7.99384,7.99505,1.00,1.00
2017.10.02 18:07:08.299,7.99369,7.99493,1.00,1.00
2017.10.02 18:07:12.129,7.99386,7.9951,1.00,1.00
2017.10.02 18:07:15.426,7.99386,7.99496,1.00,1.00
2017.10.02 18:07:15.477,7.99353,7.99477,1.00,1.00
2017.10.02 18:07:15.632,7.99368,7.99489,1.00,1.00
2017.10.02 18:07:18.984,7.99387,7.99511,1.00,1.00
2017.10.02 18:07:19.086,7.99374,7.99496,1.00,1.00
2017.10.02 18:07:19.973,7.99387,7.99511,1.00,1.00
2017.10.02 18:07:20.075,7.99367,7.9949,1.00,1.00
2017.10.02 18:07:27.288,7.99353,7.99477,1.00,1.00
2017.10.02 18:07:32.064,7.99355,7.99477,1.00,1.00
2017.10.02 18:07:32.217,7.99373,7.99497,1.50,1.00
2017.10.02 18:07:33.358,7.99383,7.99497,1.00,1.00
2017.10.02 18:07:33.510,7.99404,7.99526,1.00,1.00
2017.10.02 18:07:36.408,7.9942,7.99544,1.00,1.00
2017.10.02 18:07:38.649,7.994,7.99524,1.00,1.00
2017.10.02 18:07:40.331,7.9942,7.99544,1.00,1.00
2017.10.02 18:07:42.333,7.994,7.99524,1.00,1.00
2017.10.02 18:07:42.659,7.99382,7.99506,1.00,1.00
2017.10.02 18:07:44.047,7.99396,7.99518,1.00,1.00
2017.10.02 18:08:05.088,7.99377,7.99501,1.00,1.00
2017.10.02 18:08:09.695,7.99363,7.99487,1.00,1.00
2017.10.02 18:08:12.924,7.99346,7.9947,1.00,1.00
2017.10.02 18:08:22.099,7.9932,7.99442,1.00,1.00
2017.10.02 18:08:32.271,7.99341,7.99463,1.00,1.50
2017.10.02 18:08:33.134,7.99356,7.99477,1.00,1.00
2017.10.02 18:08:33.236,7.99338,7.99461,1.00,1.00
2017.10.02 18:08:37.966,7.99324,7.99448,1.00,1.00
2017.10.02 18:08:51.977,7.9931,7.99434,1.00,1.00
2017.10.02 18:09:02.457,7.99327,7.99451,1.00,1.00
2017.10.02 18:09:04.653,7.99314,7.99438,1.00,1.00
2017.10.02 18:09:05.649,7.99301,7.99423,1.00,1.00
2017.10.02 18:09:16.899,7.99301,7.99419,1.00,1.00
2017.10.02 18:09:17.001,7.99288,7.99409,1.00,1.00
2017.10.02 18:09:17.103,7.99246,7.99369,1.00,1.00
2017.10.02 18:09:17.264,7.99263,7.99386,1.00,1.00
2017.10.02 18:09:18.393,7.99304,7.99427,1.00,1.00
2017.10.02 18:09:18.596,7.99276,7.994,1.00,1.00
2017.10.02 18:09:19.420,7.99259,7.99383,1.00,1.00
2017.10.02 18:09:26.980,7.99246,7.99369,1.00,1.00
2017.10.02 18:09:33.525,7.99259,7.99383,1.00,1.00
2017.10.02 18:09:37.523,7.99239,7.99363,1.00,1.00
2017.10.02 18:09:39.258,7.99225,7.99349,1.00,1.00
2017.10.02 18:10:15.382,7.99239,7.99363,1.00,1.00
2017.10.02 18:10:20.704,7.99259,7.99383,1.00,1.50
2017.10.02 18:10:25.100,7.9924,7.99356,1.00,1.00
2017.10.02 18:10:25.151,7.99232,7.99356,1.00,1.00
2017.10.02 18:10:25.202,7.99246,7.99369,1.00,1.00
2017.10.02 18:10:34.829,7.9926,7.99382,1.00,1.00
2017.10.02 18:10:34.931,7.99293,7.99417,1.00,1.00
2017.10.02 18:10:35.918,7.99308,7.9943,1.00,1.00
2017.10.02 18:10:42.381,7.99329,7.99451,1.00,1.00
2017.10.02 18:11:00.655,7.99328,7.99452,1.00,1.00
2017.10.02 18:11:07.360,7.99348,7.99452,1.00,1.00
2017.10.02 18:11:07.512,7.99428,7.99583,1.37,1.50
2017.10.02 18:11:07.563,7.99422,7.996,1.37,1.00
2017.10.02 18:11:07.614,7.99422,7.996,1.37,1.30
2017.10.02 18:11:07.827,7.99466,7.99648,1.00,1.51
2017.10.02 18:11:07.878,7.99441,7.99648,1.37,1.51
2017.10.02 18:11:07.929,7.99475,7.99688,1.00,1.00
2017.10.02 18:11:07.980,7.99475,7.99662,1.00,1.00
2017.10.02 18:11:08.031,7.99475,7.99688,1.00,1.00
2017.10.02 18:11:08.132,7.99486,7.997,1.00,1.19
2017.10.02 18:11:08.183,7.99501,7.99715,1.00,1.00
2017.10.02 18:11:08.335,7.99508,7.99708,1.00,1.00
2017.10.02 18:11:08.650,7.99538,7.9966,1.00,1.00
2017.10.02 18:11:08.701,7.99519,7.99643,1.00,1.00
2017.10.02 18:11:08.803,7.99499,7.99621,1.00,1.00
2017.10.02 18:11:09.007,7.99512,7.99636,1.00,1.00
2017.10.02 18:11:09.211,7.99498,7.99622,1.00,1.00
2017.10.02 18:11:10.199,7.99472,7.99596,1.00,1.00
2017.10.02 18:11:10.531,7.99482,7.99596,1.00,1.00
2017.10.02 18:11:10.657,7.99504,7.99627,1.00,1.00
2017.10.02 18:11:10.709,7.99524,7.99648,1.00,1.00
2017.10.02 18:11:10.812,7.9949,7.99614,1.00,1.00
2017.10.02 18:11:11.878,7.9947,7.99593,1.00,1.00
2017.10.02 18:11:11.930,7.99483,7.99607,1.00,1.00
2017.10.02 18:11:12.783,7.99486,7.99607,1.00,1.00
2017.10.02 18:11:12.936,7.99513,7.99637,1.00,1.00
2017.10.02 18:11:13.943,7.9948,7.99602,1.00,1.00
2017.10.02 18:11:15.718,7.99493,7.99616,1.00,1.00
2017.10.02 18:11:18.765,7.99506,7.9963,1.00,1.00
2017.10.02 18:11:18.930,7.99487,7.99609,1.00,1.00
2017.10.02 18:11:22.940,7.99465,7.99589,1.00,1.00
2017.10.02 18:11:23.346,7.99452,7.99575,1.00,1.00
2017.10.02 18:11:25.359,7.99465,7.99589,1.00,1.00
2017.10.02 18:11:32.683,7.99451,7.99575,1.00,1.00
2017.10.02 18:11:46.036,7.99464,7.99588,1.00,1.00
2017.10.02 18:11:56.936,7.99452,7.99574,1.00,1.00
2017.10.02 18:12:12.289,7.99451,7.99575,1.00,1.00
2017.10.02 18:12:18.617,7.99437,7.99561,1.00,1.00
2017.10.02 18:12:21.527,7.99424,7.99547,1.00,1.00
2017.10.02 18:12:23.319,7.9941,7.99534,1.00,1.00
2017.10.02 18:12:23.651,7.99396,7.9952,1.00,1.00
2017.10.02 18:12:23.956,7.99419,7.99543,1.00,1.00
2017.10.02 18:12:36.287,7.99406,7.99529,1.00,1.00
2017.10.02 18:12:45.034,7.99393,7.99515,1.00,1.50
2017.10.02 18:12:45.136,7.99372,7.99495,1.00,1.00
2017.10.02 18:12:45.288,7.99392,7.99516,1.00,1.00
2017.10.02 18:12:55.874,7.9937,7.99494,1.00,1.00
2017.10.02 18:12:56.299,7.9935,7.99473,1.00,1.00
2017.10.02 18:12:56.401,7.99377,7.99501,1.00,1.00
2017.10.02 18:13:09.702,7.99344,7.99465,1.00,1.00
2017.10.02 18:13:10.916,7.99323,7.99445,1.00,1.00
2017.10.02 18:13:11.018,7.99303,7.99425,1.00,1.00
2017.10.02 18:13:26.039,7.99289,7.99413,1.00,1.00
2017.10.02 18:13:30.859,7.99269,7.99386,1.00,1.00
2017.10.02 18:13:30.961,7.99262,7.99386,1.00,1.00
2017.10.02 18:13:38.165,7.99242,7.99365,1.50,1.00
2017.10.02 18:13:38.368,7.99255,7.99379,1.00,1.00
2017.10.02 18:13:38.470,7.99242,7.99365,1.00,1.00
2017.10.02 18:13:45.672,7.99229,7.99351,1.00,1.00
2017.10.02 18:13:47.983,7.99245,7.99369,1.00,1.00
2017.10.02 18:13:49.145,7.99228,7.99352,1.00,1.00
2017.10.02 18:13:49.775,7.99208,7.99331,1.00,1.00
2017.10.02 18:13:50.291,7.99207,7.99331,1.00,1.00
2017.10.02 18:13:55.498,7.99225,7.99347,1.00,1.00
2017.10.02 18:14:01.321,7.99211,7.99335,1.00,1.00
2017.10.02 18:14:16.859,7.99192,7.99314,1.00,1.00
2017.10.02 18:14:16.910,7.9919,7.99314,1.00,1.00
2017.10.02 18:14:18.034,7.99205,7.99327,1.00,1.00
2017.10.02 18:14:18.238,7.99218,7.99341,1.00,1.00
2017.10.02 18:14:18.394,7.99204,7.99328,1.00,1.00
2017.10.02 18:14:25.660,7.9918,7.99304,1.00,1.00
2017.10.02 18:14:26.036,7.99167,7.9929,1.00,1.00
2017.10.02 18:14:26.270,7.9918,7.99304,1.00,1.00
2017.10.02 18:14:26.493,7.99194,7.99318,1.00,1.00
2017.10.02 18:14:29.174,7.9918,7.99304,1.00,1.00
2017.10.02 18:14:33.281,7.99167,7.99291,1.00,1.00
2017.10.02 18:14:34.283,7.99182,7.99304,1.00,1.00
2017.10.02 18:14:40.972,7.99182,7.99281,1.00,1.00
2017.10.02 18:14:41.023,7.99137,7.99261,1.00,1.00
2017.10.02 18:14:46.202,7.99123,7.99247,1.00,1.00
2017.10.02 18:14:46.516,7.9911,7.99233,1.00,1.00
2017.10.02 18:14:50.021,7.99123,7.99247,1.00,1.00
2017.10.02 18:14:59.179,7.99143,7.99247,1.00,1.00
2017.10.02 18:14:59.462,7.99188,7.99312,1.00,1.00
2017.10.02 18:14:59.614,7.99202,7.99325,1.00,1.00
2017.10.02 18:15:01.124,7.99185,7.99308,1.00,1.00
2017.10.02 18:15:01.849,7.99198,7.99322,1.00,1.00
2017.10.02 18:15:05.025,7.99212,7.99335,1.00,1.00
2017.10.02 18:15:08.040,7.99198,7.99322,1.00,1.00
2017.10.02 18:15:17.720,7.99198,7.99302,1.00,1.00
2017.10.02 18:15:17.771,7.99159,7.99283,1.00,1.00
2017.10.02 18:15:18.172,7.99178,7.99301,1.00,1.00
2017.10.02 18:15:18.563,7.9919,7.99314,1.00,1.00
2017.10.02 18:15:18.939,7.99193,7.99314,1.00,1.00
2017.10.02 18:15:19.093,7.99213,7.99337,1.00,1.00
2017.10.02 18:15:21.668,7.992,7.99323,1.00,1.00
2017.10.02 18:15:25.366,7.99184,7.99307,1.00,1.00
2017.10.02 18:15:25.974,7.9917,7.99294,1.00,1.00
2017.10.02 18:15:28.570,7.99187,7.99311,1.00,1.00
2017.10.02 18:15:31.702,7.99201,7.99324,1.00,1.00
2017.10.02 18:15:32.372,7.99219,7.99342,1.00,1.00
2017.10.02 18:15:33.077,7.99201,7.99324,1.00,1.00
2017.10.02 18:15:38.885,7.99188,7.9931,1.00,1.00
2017.10.02 18:15:38.994,7.99173,7.99297,1.00,1.00
2017.10.02 18:15:41.495,7.99187,7.99311,1.00,1.00
2017.10.02 18:15:41.816,7.99201,7.99324,1.00,1.00
2017.10.02 18:15:46.322,7.99217,7.9934,1.00,1.00
2017.10.02 18:15:52.502,7.99196,7.9932,1.00,1.00
2017.10.02 18:15:52.605,7.99169,7.99293,1.00,1.00
2017.10.02 18:15:52.933,7.99184,7.99305,1.00,1.00
2017.10.02 18:16:10.070,7.99173,7.99297,1.00,1.00
2017.10.02 18:16:12.445,7.99192,7.99314,1.00,1.00
2017.10.02 18:16:13.347,7.99205,7.99329,1.00,1.00
2017.10.02 18:16:17.479,7.99218,7.99341,1.00,1.00
2017.10.02 18:16:18.679,7.99201,7.99324,1.00,1.00
2017.10.02 18:16:23.325,7.99187,7.99311,1.00,1.00
2017.10.02 18:16:30.286,7.99205,7.99327,1.00,1.00
2017.10.02 18:16:30.767,7.9919,7.99314,1.00,1.00
2017.10.02 18:16:34.906,7.99172,7.99296,1.00,1.00
2017.10.02 18:16:37.681,7.99159,7.99283,1.00,1.00
2017.10.02 18:16:42.193,7.99172,7.99295,1.00,1.00
2017.10.02 18:16:44.324,7.99151,7.99275,1.00,1.00
2017.10.02 18:16:52.634,7.99133,7.99257,1.00,1.00
2017.10.02 18:17:12.196,7.99133,7.99256,1.00,1.00
2017.10.02 18:17:13.397,7.99143,7.99256,1.00,1.00
2017.10.02 18:17:13.602,7.99167,7.9929,1.00,1.00
2017.10.02 18:17:28.812,7.99165,7.99289,1.00,1.00
2017.10.02 18:17:29.218,7.99186,7.99308,1.00,1.00
2017.10.02 18:17:30.433,7.99172,7.99295,1.00,1.00
2017.10.02 18:17:33.726,7.99185,7.99309,1.00,1.00
2017.10.02 18:17:38.045,7.99172,7.99295,1.00,1.00
2017.10.02 18:17:38.651,7.99159,7.99281,1.00,1.00
2017.10.02 18:17:39.165,7.99158,7.99282,1.00,1.00
2017.10.02 18:17:41.738,7.99144,7.99268,1.00,1.00
2017.10.02 18:17:53.449,7.99148,7.99268,1.00,1.00
2017.10.02 18:17:53.764,7.99159,7.99283,1.00,1.00
2017.10.02 18:18:10.112,7.99181,7.99303,1.00,1.00
2017.10.02 18:18:21.405,7.99151,7.99275,1.00,1.00
2017.10.02 18:18:21.706,7.99165,7.99289,1.00,1.00
2017.10.02 18:18:23.510,7.99152,7.99274,1.00,1.00
2017.10.02 18:18:25.207,7.99165,7.99289,1.00,1.00
2017.10.02 18:18:29.464,7.99178,7.99302,1.00,1.00
2017.10.02 18:18:30.432,7.99179,7.99302,1.00,1.00
2017.10.02 18:18:30.737,7.99193,7.99315,1.00,1.00
2017.10.02 18:18:41.690,7.99207,7.9933,1.00,1.00
2017.10.02 18:18:53.163,7.9919,7.99313,1.00,1.00
2017.10.02 18:18:53.264,7.99203,7.99327,1.00,1.00
2017.10.02 18:18:57.699,7.99217,7.9934,1.00,1.00
2017.10.02 18:19:03.694,7.99195,7.99318,1.00,1.00
2017.10.02 18:19:05.102,7.99209,7.99333,1.00,1.00
2017.10.02 18:19:13.323,7.99242,7.99363,1.00,1.00
2017.10.02 18:19:13.596,7.99227,7.99351,1.00,1.00
2017.10.02 18:19:16.110,7.99213,7.99337,1.00,1.00
2017.10.02 18:19:20.758,7.99232,7.99356,1.00,1.00
2017.10.02 18:19:24.716,7.99232,7.99349,1.00,1.00
2017.10.02 18:19:24.767,7.99206,7.99328,1.00,1.00
2017.10.02 18:19:24.868,7.9922,7.99344,1.00,1.00
2017.10.02 18:19:26.066,7.99202,7.99326,1.00,1.00
2017.10.02 18:19:27.766,7.99185,7.99309,1.00,1.00
2017.10.02 18:19:30.670,7.99171,7.99293,1.00,1.00
2017.10.02 18:19:32.058,7.99155,7.99276,1.00,1.00
2017.10.02 18:19:35.753,7.99134,7.99256,1.00,1.00
2017.10.02 18:19:35.855,7.99147,7.99269,1.00,1.00
2017.10.02 18:19:39.563,7.99167,7.99289,1.00,1.00
2017.10.02 18:19:40.113,7.99167,7.9929,1.00,1.00
2017.10.02 18:19:43.410,7.99184,7.99307,1.00,1.00
2017.10.02 18:19:55.721,7.992,7.99322,1.00,1.00
2017.10.02 18:19:58.320,7.99184,7.99305,1.00,1.00
2017.10.02 18:20:04.024,7.99169,7.99293,1.00,1.00
2017.10.02 18:20:04.824,7.99201,7.99322,1.00,1.00
2017.10.02 18:20:06.324,7.99213,7.99337,1.00,1.00
2017.10.02 18:20:08.654,7.99202,7.99323,1.00,1.00
2017.10.02 18:20:15.944,7.99183,7.99306,1.00,1.00
2017.10.02 18:20:26.550,7.99197,7.99319,1.00,1.00
2017.10.02 18:20:28.561,7.99179,7.99303,1.00,1.00
2017.10.02 18:20:31.702,7.99193,7.99317,1.00,1.00
2017.10.02 18:20:32.024,7.99184,7.99307,1.00,1.00
2017.10.02 18:20:34.679,7.99203,7.99327,1.00,1.00
2017.10.02 18:20:39.650,7.99203,7.99325,1.00,1.00
2017.10.02 18:20:39.701,7.99182,7.99306,1.00,1.00
2017.10.02 18:20:39.802,7.99169,7.99293,1.00,1.00
2017.10.02 18:20:50.090,7.99153,7.99277,1.00,1.00
2017.10.02 18:21:04.417,7.9915,7.99272,1.00,1.00
2017.10.02 18:21:25.965,7.99154,7.99277,1.00,1.00
2017.10.02 18:21:26.067,7.9914,7.99264,1.00,1.00
2017.10.02 18:21:30.499,7.99127,7.9925,1.00,1.00
2017.10.02 18:21:31.185,7.99113,7.99235,1.00,1.00
2017.10.02 18:21:31.287,7.99095,7.99219,1.00,1.00
2017.10.02 18:21:31.470,7.99111,7.99235,1.00,1.00
2017.10.02 18:21:32.400,7.99098,7.99221,1.00,1.00
2017.10.02 18:21:45.594,7.99117,7.99241,1.00,1.00
2017.10.02 18:21:49.317,7.9913,7.99254,1.00,1.00
2017.10.02 18:21:50.819,7.99113,7.99237,1.00,1.00
2017.10.02 18:22:06.060,7.99123,7.99247,1.00,1.00
2017.10.02 18:22:06.391,7.99089,7.99213,1.00,1.00
2017.10.02 18:22:10.881,7.99076,7.992,1.00,1.00
2017.10.02 18:22:21.481,7.99061,7.99185,1.00,1.00
2017.10.02 18:22:24.048,7.99061,7.99181,1.00,1.00
2017.10.02 18:22:24.100,7.99037,7.99161,1.00,1.00
2017.10.02 18:22:24.202,7.99017,7.9914,1.00,1.00
2017.10.02 18:22:26.072,7.9903,7.99154,1.00,1.00
2017.10.02 18:22:27.300,7.99016,7.9914,1.00,1.00
2017.10.02 18:22:28.487,7.99003,7.99127,1.00,1.00
2017.10.02 18:22:28.791,7.98991,7.99113,1.00,1.00
2017.10.02 18:22:32.599,7.98956,7.99072,1.00,1.00
2017.10.02 18:22:32.803,7.98962,7.99086,1.00,1.00
2017.10.02 18:22:32.854,7.98964,7.99086,1.00,1.00
2017.10.02 18:22:32.905,7.98976,7.991,1.00,1.00
2017.10.02 18:22:33.438,7.98962,7.99086,1.00,1.00
2017.10.02 18:22:36.815,7.98945,7.99069,1.00,1.00
2017.10.02 18:22:40.627,7.98925,7.99049,1.00,1.00
2017.10.02 18:22:41.021,7.98904,7.99028,1.00,1.00
2017.10.02 18:22:41.496,7.9891,7.99028,1.00,1.00
2017.10.02 18:22:42.138,7.98909,7.99028,1.00,1.00
2017.10.02 18:22:43.206,7.98906,7.99028,1.00,1.00
2017.10.02 18:22:43.257,7.98904,7.99028,1.00,1.00
2017.10.02 18:22:43.460,7.98891,7.99015,1.00,1.00
2017.10.02 18:22:43.807,7.98882,7.98994,1.00,1.00
2017.10.02 18:22:45.404,7.98874,7.98994,1.19,1.00
2017.10.02 18:22:46.895,7.98895,7.98994,1.00,1.00
2017.10.02 18:22:47.047,7.98898,7.99021,1.00,1.00
2017.10.02 18:22:47.456,7.98902,7.99021,1.00,1.00
2017.10.02 18:22:48.552,7.98904,7.99021,1.00,1.00
2017.10.02 18:22:49.653,7.98903,7.99021,1.00,1.00
2017.10.02 18:22:50.171,7.98907,7.99021,1.00,1.00
2017.10.02 18:22:50.374,7.98911,7.99035,1.00,1.00
2017.10.02 18:22:59.422,7.98918,7.99035,1.00,1.00
2017.10.02 18:22:59.474,7.98927,7.9905,1.00,1.00
2017.10.02 18:22:59.678,7.98941,7.99063,1.00,1.00
2017.10.02 18:23:00.295,7.98954,7.99077,1.00,1.00
2017.10.02 18:23:05.310,7.98942,7.99064,1.00,1.00
2017.10.02 18:23:05.658,7.98917,7.99041,1.00,1.00
2017.10.02 18:23:17.473,7.98923,7.99041,1.00,1.00
2017.10.02 18:23:17.625,7.98934,7.99058,1.00,1.00
2017.10.02 18:23:32.522,7.98921,7.99044,1.00,1.00
2017.10.02 18:23:32.856,7.98888,7.99009,1.00,1.00
2017.10.02 18:23:34.360,7.989,7.99024,1.00,1.00
2017.10.02 18:23:40.760,7.98914,7.99037,1.00,1.00
2017.10.02 18:23:45.930,7.989,7.99024,1.00,1.00
2017.10.02 18:23:46.031,7.98887,7.9901,1.00,1.00
2017.10.02 18:23:53.056,7.989,7.99024,1.00,1.00
2017.10.02 18:24:00.239,7.98915,7.99036,1.00,1.00
2017.10.02 18:24:00.341,7.98883,7.99007,1.00,1.00
2017.10.02 18:24:01.186,7.98898,7.99021,1.00,1.00
2017.10.02 18:24:03.269,7.98883,7.99007,1.00,1.00
2017.10.02 18:24:04.679,7.989,7.99024,1.00,1.00
2017.10.02 18:24:05.395,7.98914,7.99038,1.00,1.00
2017.10.02 18:24:08.259,7.98914,7.99035,1.00,1.00
2017.10.02 18:24:08.576,7.98893,7.99014,1.00,1.00
2017.10.02 18:24:20.897,7.98899,7.99014,1.00,1.00
2017.10.02 18:24:20.999,7.98905,7.99029,1.00,1.00
2017.10.02 18:24:28.400,7.98871,7.98995,1.00,1.00
2017.10.02 18:24:28.745,7.98865,7.98988,1.00,1.00
2017.10.02 18:24:46.020,7.9886,7.98982,1.00,1.00
2017.10.02 18:24:48.724,7.98879,7.99002,1.00,1.00
2017.10.02 18:24:49.342,7.98879,7.99003,1.00,1.00
2017.10.02 18:24:51.447,7.98863,7.98985,1.00,1.00
2017.10.02 18:24:54.762,7.98842,7.98965,1.00,1.00
2017.10.02 18:24:54.863,7.98829,7.98951,1.00,1.00
2017.10.02 18:24:55.497,7.98832,7.98951,1.00,1.00
2017.10.02 18:24:55.645,7.98842,7.98965,1.00,1.00
2017.10.02 18:25:02.180,7.98847,7.98965,1.00,1.00
2017.10.02 18:25:02.281,7.98856,7.9898,1.00,1.00
2017.10.02 18:25:02.662,7.98843,7.98967,1.00,1.00
2017.10.02 18:25:03.147,7.98853,7.98967,1.00,1.00
2017.10.02 18:25:03.198,7.98857,7.9898,1.00,1.00
2017.10.02 18:25:09.568,7.98843,7.98967,1.00,1.00
2017.10.02 18:25:10.167,7.9883,7.98954,1.19,1.00
2017.10.02 18:25:12.493,7.9883,7.98954,1.19,1.00
2017.10.02 18:25:14.016,7.9883,7.98954,1.19,1.00
2017.10.02 18:25:19.366,7.9883,7.98954,1.19,1.00
2017.10.02 18:25:20.007,7.9883,7.98954,1.19,1.00
2017.10.02 18:25:20.058,7.9883,7.98954,1.00,1.00
2017.10.02 18:25:21.779,7.98831,7.98954,1.00,1.00
2017.10.02 18:25:21.881,7.98845,7.98954,1.00,1.00
2017.10.02 18:25:22.033,7.98862,7.98986,1.00,1.00
2017.10.02 18:25:28.416,7.98876,7.98999,1.00,1.00
2017.10.02 18:25:28.518,7.98888,7.99012,1.00,1.00
2017.10.02 18:25:29.196,7.98905,7.99029,1.00,1.00
2017.10.02 18:25:42.616,7.98885,7.99002,1.00,1.00
2017.10.02 18:25:42.667,7.9888,7.99002,1.00,1.00
2017.10.02 18:25:44.560,7.98861,7.98982,1.00,1.00
2017.10.02 18:25:44.662,7.98859,7.98982,1.00,1.00
2017.10.02 18:25:49.745,7.98834,7.98958,1.00,1.00
2017.10.02 18:25:49.847,7.98822,7.98944,1.00,1.00
2017.10.02 18:25:50.049,7.9882,7.98944,1.00,1.00
2017.10.02 18:25:50.766,7.98807,7.9893,1.00,1.00
2017.10.02 18:25:52.276,7.98763,7.98887,1.00,1.00
2017.10.02 18:25:53.978,7.98767,7.98887,1.00,1.00
2017.10.02 18:25:54.330,7.98772,7.98887,1.00,1.00
2017.10.02 18:25:55.414,7.98775,7.98887,1.00,1.00
2017.10.02 18:25:55.567,7.98781,7.98903,1.00,1.00
2017.10.02 18:25:57.368,7.98762,7.98886,1.00,1.00
2017.10.02 18:25:58.077,7.98765,7.98886,1.00,1.00
2017.10.02 18:25:58.285,7.98762,7.98886,1.00,1.00
2017.10.02 18:26:02.416,7.98739,7.98862,1.00,1.00
2017.10.02 18:26:02.882,7.98732,7.98856,1.00,1.00
2017.10.02 18:26:04.989,7.98718,7.98842,1.00,1.00
2017.10.02 18:26:05.317,7.98729,7.98842,1.00,1.00
2017.10.02 18:26:05.429,7.98732,7.98856,1.00,1.00
2017.10.02 18:26:06.632,7.98733,7.98856,1.00,1.00
2017.10.02 18:26:07.181,7.98732,7.98856,1.50,1.00
2017.10.02 18:26:11.891,7.9875,7.98856,1.00,1.00
2017.10.02 18:26:12.156,7.98766,7.98876,1.00,1.00
2017.10.02 18:26:12.208,7.98766,7.9889,1.00,1.00
2017.10.02 18:26:13.321,7.98747,7.98871,1.00,1.00
2017.10.02 18:26:17.407,7.98753,7.98871,1.00,1.00
2017.10.02 18:26:17.525,7.98768,7.98891,1.00,1.00
2017.10.02 18:26:20.049,7.98791,7.98912,1.00,1.00
2017.10.02 18:26:28.149,7.98776,7.989,1.00,1.00
2017.10.02 18:26:29.555,7.9879,7.98913,1.00,1.00
2017.10.02 18:26:45.608,7.98785,7.98906,1.00,1.00
2017.10.02 18:26:46.903,7.98771,7.98893,1.00,1.00
2017.10.02 18:26:55.935,7.98749,7.98873,1.00,1.00
2017.10.02 18:27:04.058,7.98735,7.98859,1.00,1.00
2017.10.02 18:27:05.926,7.98749,7.98873,1.00,1.00
2017.10.02 18:27:07.269,7.98763,7.98886,1.00,1.00
2017.10.02 18:27:08.236,7.98776,7.989,1.00,1.00
2017.10.02 18:27:09.266,7.9878,7.989,1.00,1.00
2017.10.02 18:27:09.561,7.9879,7.98913,1.00,1.00
2017.10.02 18:27:15.080,7.98774,7.98898,1.25,1.00
2017.10.02 18:27:15.686,7.98754,7.98878,1.00,1.00
2017.10.02 18:27:18.993,7.98768,7.98891,1.00,1.00
2017.10.02 18:27:19.455,7.9875,7.98873,1.00,1.00
2017.10.02 18:27:21.781,7.98736,7.9886,1.00,1.00
2017.10.02 18:27:22.883,7.9875,7.98873,1.00,1.00
2017.10.02 18:27:23.224,7.98732,7.98855,1.00,1.00
2017.10.02 18:27:25.667,7.98732,7.98847,1.00,1.00
2017.10.02 18:27:25.718,7.98705,7.98828,1.00,1.00
2017.10.02 18:27:28.250,7.98706,7.98828,1.00,1.00
2017.10.02 18:27:28.402,7.98725,7.98849,1.00,1.00
2017.10.02 18:27:43.237,7.98742,7.98866,1.00,1.00
2017.10.02 18:27:45.051,7.98725,7.98849,1.00,1.00
2017.10.02 18:27:45.409,7.98711,7.98835,1.00,1.00
2017.10.02 18:27:52.349,7.98699,7.9882,1.00,1.00
2017.10.02 18:27:56.465,7.98683,7.98807,1.00,1.00
2017.10.02 18:27:56.567,7.98704,7.98827,1.00,1.00
2017.10.02 18:28:05.568,7.98687,7.9881,1.00,1.00
2017.10.02 18:28:11.358,7.98668,7.9879,1.50,1.00
2017.10.02 18:28:11.663,7.98647,7.9877,1.50,1.00
2017.10.02 18:28:12.333,7.98649,7.9877,1.00,1.00
2017.10.02 18:28:12.384,7.98664,7.98787,1.00,1.00
2017.10.02 18:28:12.590,7.98677,7.98801,1.00,1.00
2017.10.02 18:28:14.703,7.98665,7.98786,1.00,1.00
2017.10.02 18:28:15.563,7.98651,7.98773,1.00,1.00
2017.10.02 18:28:15.665,7.98664,7.98787,1.00,1.00
2017.10.02 18:28:30.924,7.98662,7.98786,1.00,1.00
2017.10.02 18:28:31.554,7.98685,7.98807,1.00,1.00
2017.10.02 18:28:31.878,7.98671,7.98792,1.00,1.00
2017.10.02 18:28:37.409,7.9865,7.98774,1.00,1.00
2017.10.02 18:28:37.511,7.98637,7.9876,1.00,1.00
2017.10.02 18:28:43.815,7.98607,7.9873,1.00,1.00
2017.10.02 18:28:44.119,7.98595,7.98696,1.00,1.00
2017.10.02 18:28:44.221,7.98627,7.98751,1.00,1.00
2017.10.02 18:28:44.907,7.98642,7.98765,1.00,1.00
2017.10.02 18:28:54.164,7.98677,7.98798,1.00,1.00
2017.10.02 18:28:54.266,7.9869,7.98812,1.00,1.00
2017.10.02 18:28:55.623,7.98677,7.98798,1.00,1.00
2017.10.02 18:28:55.966,7.98689,7.98813,1.00,1.00
2017.10.02 18:28:57.727,7.98676,7.98799,1.00,1.00
2017.10.02 18:29:03.173,7.98662,7.98786,1.00,1.00
2017.10.02 18:29:06.770,7.98647,7.9877,1.00,1.00
2017.10.02 18:29:08.986,7.98622,7.98746,1.00,1.00
2017.10.02 18:29:14.917,7.98635,7.98759,1.00,1.00
2017.10.02 18:29:30.148,7.98615,7.98735,1.00,1.00
2017.10.02 18:29:30.200,7.98611,7.98735,1.00,1.00
2017.10.02 18:29:30.404,7.98631,7.98754,1.00,1.00
2017.10.02 18:29:30.736,7.98614,7.98737,1.00,1.00
2017.10.02 18:29:38.589,7.98641,7.98757,1.00,1.00
2017.10.02 18:29:38.641,7.98641,7.98764,1.00,1.00
2017.10.02 18:29:38.742,7.98628,7.9875,1.00,1.00
2017.10.02 18:29:45.930,7.98644,7.98768,1.00,1.00
2017.10.02 18:29:54.781,7.98663,7.98785,1.00,1.00
2017.10.02 18:29:57.980,7.98642,7.98741,1.00,1.00
2017.10.02 18:29:58.031,7.98619,7.98741,1.00,1.00
2017.10.02 18:29:59.306,7.98635,7.98759,1.00,1.00
2017.10.02 18:30:02.049,7.98651,7.98759,1.00,1.00
2017.10.02 18:30:02.252,7.98681,7.98803,1.00,1.00
2017.10.02 18:30:02.510,7.98695,7.98816,1.00,1.00
2017.10.02 18:30:03.978,7.98708,7.9883,1.00,1.00
2017.10.02 18:30:04.079,7.98721,7.98844,1.00,1.00
2017.10.02 18:30:08.199,7.98704,7.98827,1.00,1.00
2017.10.02 18:30:12.086,7.98717,7.98841,1.00,1.00
2017.10.02 18:30:12.187,7.98704,7.98827,1.00,1.00
2017.10.02 18:30:12.718,7.9869,7.98814,1.00,1.00
2017.10.02 18:30:13.006,7.98674,7.98798,1.00,1.00
2017.10.02 18:30:13.489,7.98689,7.9881,1.00,1.00
2017.10.02 18:30:16.303,7.98668,7.98791,1.00,1.00
2017.10.02 18:30:16.404,7.98654,7.98777,1.00,1.00
2017.10.02 18:30:21.921,7.98634,7.98756,1.50,1.00
2017.10.02 18:30:22.142,7.9864,7.98763,1.00,1.00
2017.10.02 18:30:22.868,7.9864,7.98764,1.00,1.00
2017.10.02 18:30:23.538,7.9866,7.98784,1.00,1.50
2017.10.02 18:30:39.967,7.98644,7.98768,1.00,1.00
2017.10.02 18:30:40.291,7.98604,7.98726,1.00,1.00
2017.10.02 18:30:42.786,7.9859,7.98713,1.19,1.00
2017.10.02 18:30:43.452,7.98603,7.98726,1.00,1.00
2017.10.02 18:30:44.861,7.98584,7.98699,1.19,1.00
2017.10.02 18:30:44.963,7.98563,7.98684,1.00,1.00
2017.10.02 18:30:45.065,7.98551,7.98672,1.00,1.00
2017.10.02 18:30:45.116,7.98548,7.98672,1.00,1.00
2017.10.02 18:30:47.586,7.98535,7.98658,1.00,1.00
2017.10.02 18:30:48.471,7.98553,7.98674,1.00,1.00
2017.10.02 18:30:58.584,7.98535,7.98658,1.00,1.00
2017.10.02 18:31:06.853,7.98552,7.98675,1.00,1.00
2017.10.02 18:31:14.242,7.98577,7.98695,1.00,1.00
2017.10.02 18:31:14.293,7.98577,7.98701,1.00,1.00
2017.10.02 18:31:17.642,7.98604,7.98721,1.00,1.00
2017.10.02 18:31:17.693,7.98604,7.98728,1.00,1.00
2017.10.02 18:31:17.864,7.98584,7.98707,1.50,1.00
2017.10.02 18:31:18.329,7.98604,7.98727,1.00,1.00
2017.10.02 18:31:18.854,7.98604,7.98728,1.00,1.00
2017.10.02 18:31:21.580,7.98591,7.98714,1.00,1.00
2017.10.02 18:31:22.887,7.98605,7.98727,1.00,1.00
2017.10.02 18:31:29.853,7.98591,7.98714,1.00,1.00
2017.10.02 18:31:35.868,7.98611,7.98732,1.00,1.00
2017.10.02 18:31:36.020,7.98646,7.9877,1.00,1.00
2017.10.02 18:31:49.236,7.98621,7.98745,1.00,1.00
2017.10.02 18:31:58.456,7.98604,7.98726,1.00,1.00
2017.10.02 18:31:58.622,7.98616,7.9874,1.00,1.00
2017.10.02 18:31:59.517,7.98604,7.98726,1.00,1.00
2017.10.02 18:32:10.403,7.98603,7.98726,1.00,1.00
2017.10.02 18:32:14.954,7.98622,7.98745,1.00,1.00
2017.10.02 18:32:15.107,7.98656,7.9878,1.00,1.00
2017.10.02 18:32:17.861,7.98642,7.98766,1.00,1.00
2017.10.02 18:32:18.187,7.9863,7.98751,1.00,1.00
2017.10.02 18:32:23.876,7.98608,7.98732,1.00,1.00
2017.10.02 18:32:24.058,7.98626,7.9875,1.00,1.00
2017.10.02 18:32:27.464,7.98606,7.98718,1.00,1.00
2017.10.02 18:32:27.515,7.98595,7.98718,1.00,1.00
2017.10.02 18:32:36.386,7.9858,7.98701,1.00,1.00
2017.10.02 18:32:37.800,7.98592,7.98716,1.00,1.00
2017.10.02 18:32:45.626,7.98607,7.98729,1.00,1.00
2017.10.02 18:32:48.645,7.98587,7.98708,1.00,1.00
2017.10.02 18:33:04.327,7.98574,7.98698,1.00,1.00
2017.10.02 18:33:04.430,7.98563,7.98684,1.00,1.00
2017.10.02 18:33:07.278,7.98561,7.98684,1.00,1.00
2017.10.02 18:33:08.084,7.9857,7.98684,1.00,1.00
2017.10.02 18:33:08.339,7.98606,7.9873,1.00,1.00
2017.10.02 18:33:16.982,7.98608,7.9873,1.00,1.00
2017.10.02 18:33:17.192,7.98639,7.98763,1.00,1.00
2017.10.02 18:33:17.391,7.98625,7.98749,1.00,1.00
2017.10.02 18:33:27.668,7.98639,7.98763,1.00,1.00
2017.10.02 18:33:37.174,7.9864,7.98763,1.00,1.00
2017.10.02 18:33:37.225,7.9866,7.98784,1.00,1.00
2017.10.02 18:33:52.234,7.9865,7.98774,1.00,1.00
2017.10.02 18:33:58.029,7.98664,7.98787,1.00,1.00
2017.10.02 18:33:58.131,7.98685,7.98809,1.00,1.00
2017.10.02 18:34:16.961,7.98692,7.98814,1.00,1.00
2017.10.02 18:34:17.401,7.98706,7.9883,1.00,1.00
2017.10.02 18:34:21.664,7.98706,7.98826,1.00,1.00
2017.10.02 18:34:21.715,7.98682,7.98806,1.00,1.00
2017.10.02 18:34:21.817,7.98669,7.98792,1.00,1.00
2017.10.02 18:34:40.098,7.98669,7.9879,1.00,1.00
2017.10.02 18:34:40.149,7.98648,7.98771,1.00,1.00
2017.10.02 18:34:40.352,7.98662,7.98786,1.00,1.00
2017.10.02 18:34:59.088,7.98642,7.98763,1.00,1.00
2017.10.02 18:34:59.139,7.98639,7.98763,1.00,1.00
2017.10.02 18:35:03.854,7.9867,7.98783,1.00,1.00
2017.10.02 18:35:03.905,7.9867,7.98793,1.00,1.00
2017.10.02 18:35:25.883,7.98664,7.98787,1.00,1.00
2017.10.02 18:35:31.999,7.98684,7.98807,1.00,1.00
2017.10.02 18:35:32.501,7.98684,7.98808,1.00,1.00
2017.10.02 18:35:36.954,7.98666,7.9879,1.00,1.00
2017.10.02 18:35:37.288,7.98653,7.98776,1.00,1.00
2017.10.02 18:35:45.034,7.98676,7.98796,1.00,1.00
2017.10.02 18:35:45.085,7.98676,7.98799,1.00,1.00
2017.10.02 18:35:45.257,7.98657,7.98781,1.00,1.00
2017.10.02 18:35:48.370,7.98643,7.98767,1.00,1.00
2017.10.02 18:36:00.924,7.98643,7.98762,1.00,1.00
2017.10.02 18:36:00.975,7.98619,7.98742,1.00,1.00
2017.10.02 18:36:01.987,7.98653,7.98776,1.00,1.00
2017.10.02 18:36:02.912,7.9866,7.98776,1.00,1.00
2017.10.02 18:36:02.963,7.9868,7.98804,1.00,1.00
2017.10.02 18:36:25.574,7.9868,7.98797,1.00,1.00
2017.10.02 18:36:25.625,7.9867,7.98793,1.00,1.00
2017.10.02 18:36:25.828,7.98654,7.98775,1.00,1.00
2017.10.02 18:36:33.928,7.98637,7.9876,1.00,1.00
2017.10.02 18:36:34.430,7.98617,7.98741,1.50,1.00
2017.10.02 18:36:35.079,7.98597,7.9872,1.50,1.00
2017.10.02 18:36:37.561,7.9861,7.98734,1.00,1.00
2017.10.02 18:36:52.867,7.9862,7.98743,1.00,1.00
2017.10.02 18:37:03.150,7.98601,7.98722,1.00,1.00
2017.10.02 18:37:03.201,7.98586,7.98709,1.00,1.00
2017.10.02 18:37:03.305,7.986,7.98724,1.00,1.00
2017.10.02 18:37:07.724,7.9858,7.98703,1.50,1.00
2017.10.02 18:37:08.271,7.98566,7.9869,1.00,1.00
2017.10.02 18:37:16.663,7.98579,7.98702,1.00,1.00
2017.10.02 18:37:18.698,7.98592,7.98716,1.00,1.00
2017.10.02 18:37:33.860,7.98602,7.98725,1.00,1.00
2017.10.02 18:37:34.966,7.98615,7.98739,1.00,1.00
2017.10.02 18:37:40.664,7.98603,7.98724,1.00,1.00
2017.10.02 18:37:44.285,7.98581,7.98705,1.00,1.00
2017.10.02 18:37:49.106,7.98568,7.98691,1.50,1.00
2017.10.02 18:37:54.598,7.98583,7.98705,1.00,1.00
2017.10.02 18:37:57.896,7.98569,7.98692,1.00,1.00
2017.10.02 18:38:00.143,7.98583,7.98705,1.00,1.00
2017.10.02 18:38:16.448,7.98575,7.98696,1.00,1.00
2017.10.02 18:38:26.469,7.98592,7.98716,1.00,1.00
2017.10.02 18:38:46.000,7.9859,7.98713,1.00,1.00
2017.10.02 18:38:48.255,7.9857,7.98691,1.50,1.00
2017.10.02 18:38:48.306,7.98583,7.98707,1.00,1.00
2017.10.02 18:38:48.734,7.98598,7.98719,1.00,1.00
2017.10.02 18:39:03.511,7.98598,7.98715,1.00,1.00
2017.10.02 18:39:03.562,7.98571,7.98695,1.00,1.00
2017.10.02 18:39:18.794,7.98589,7.98713,1.00,1.00
2017.10.02 18:39:20.782,7.98572,7.98696,1.00,1.00
2017.10.02 18:39:36.914,7.98581,7.98705,1.00,1.00
2017.10.02 18:39:41.503,7.98595,7.98719,1.00,1.00
2017.10.02 18:39:43.529,7.98615,7.98739,1.00,1.00
2017.10.02 18:40:05.962,7.98614,7.98737,1.00,1.00
2017.10.02 18:40:21.858,7.98617,7.98741,1.00,1.00
2017.10.02 18:40:26.364,7.98597,7.9872,1.50,1.00
2017.10.02 18:40:26.680,7.98615,7.98739,1.00,1.00
2017.10.02 18:40:26.782,7.98595,7.98719,1.50,1.00
2017.10.02 18:40:30.207,7.98581,7.98705,1.00,1.00
2017.10.02 18:40:46.034,7.98587,7.98708,1.00,1.00
2017.10.02 18:40:57.371,7.98601,7.98724,1.00,1.00
2017.10.02 18:41:02.949,7.98614,7.98738,1.00,1.00
2017.10.02 18:41:03.459,7.98601,7.98724,1.00,1.00
2017.10.02 18:41:04.857,7.9858,7.98704,1.00,1.00
2017.10.02 18:41:22.915,7.98568,7.98691,1.00,1.00
2017.10.02 18:41:30.296,7.98554,7.98678,1.00,1.00
2017.10.02 18:41:46.025,7.98553,7.98677,1.00,1.00
2017.10.02 18:41:52.879,7.98553,7.98676,1.00,1.00
2017.10.02 18:41:53.011,7.98533,7.98656,1.00,1.00
2017.10.02 18:41:53.575,7.98553,7.98677,1.00,1.00
2017.10.02 18:41:58.877,7.98535,7.98659,1.00,1.00
2017.10.02 18:41:59.267,7.98522,7.98645,1.00,1.00
2017.10.02 18:42:00.467,7.98535,7.98659,1.00,1.00
2017.10.02 18:42:02.984,7.98549,7.98673,1.00,1.00
2017.10.02 18:42:26.009,7.98553,7.98677,1.00,1.00
2017.10.02 18:42:26.563,7.98574,7.98677,1.00,1.00
2017.10.02 18:42:26.614,7.98594,7.98718,1.00,1.00
2017.10.02 18:42:27.933,7.98609,7.9873,1.00,1.00
2017.10.02 18:42:30.437,7.98591,7.98715,1.00,1.00
2017.10.02 18:42:32.125,7.98607,7.9873,1.00,1.00
2017.10.02 18:42:41.859,7.98638,7.9875,1.00,1.00
2017.10.02 18:42:41.911,7.98638,7.9876,1.00,1.00
2017.10.02 18:42:52.957,7.98655,7.98777,1.00,1.00
2017.10.02 18:42:53.599,7.98668,7.98792,1.00,1.00
2017.10.02 18:42:57.400,7.98654,7.98778,1.00,1.00
2017.10.02 18:42:57.870,7.98668,7.98792,1.00,1.00
2017.10.02 18:42:58.906,7.98668,7.98791,1.00,1.00
2017.10.02 18:42:59.248,7.98648,7.98771,1.00,1.00
2017.10.02 18:42:59.299,7.98665,7.98789,1.00,1.00
2017.10.02 18:43:01.711,7.98679,7.98803,1.00,1.00
2017.10.02 18:43:02.014,7.98706,7.9883,1.00,1.00
2017.10.02 18:43:03.079,7.9872,7.98843,1.00,1.00
2017.10.02 18:43:24.035,7.98711,7.98835,1.00,1.00
2017.10.02 18:43:24.273,7.98698,7.98821,1.00,1.00
2017.10.02 18:43:29.931,7.98699,7.98821,1.00,1.00
2017.10.02 18:43:29.982,7.98718,7.98842,1.00,1.00
2017.10.02 18:43:30.897,7.98732,7.98855,1.00,1.00
2017.10.02 18:43:31.051,7.98718,7.98842,1.00,1.00
2017.10.02 18:43:31.910,7.98732,7.98855,1.00,1.00
2017.10.02 18:43:35.336,7.98716,7.9884,1.00,1.00
2017.10.02 18:43:35.590,7.98716,7.9883,1.00,1.00
2017.10.02 18:43:35.692,7.98682,7.98806,1.00,1.00
2017.10.02 18:43:35.794,7.98662,7.98786,1.00,1.00
2017.10.02 18:43:36.195,7.98648,7.98772,1.00,1.00
2017.10.02 18:43:38.745,7.9865,7.98772,1.00,1.00
2017.10.02 18:43:38.796,7.98669,7.98792,1.00,1.00
2017.10.02 18:43:39.597,7.98656,7.98778,1.00,1.00
2017.10.02 18:43:44.380,7.9867,7.98791,1.00,1.00
2017.10.02 18:43:59.953,7.9867,7.98793,1.00,1.00
2017.10.02 18:44:15.221,7.98674,7.98793,1.00,1.00
2017.10.02 18:44:15.272,7.98694,7.98817,1.00,1.00
2017.10.02 18:44:27.717,7.98676,7.988,1.00,1.00
2017.10.02 18:44:32.219,7.98694,7.98817,1.00,1.00
2017.10.02 18:44:33.846,7.98674,7.98798,1.00,1.00
2017.10.02 18:44:33.948,7.98688,7.98811,1.00,1.00
2017.10.02 18:44:45.359,7.98674,7.98798,1.00,1.00
2017.10.02 18:44:45.667,7.9866,7.98784,1.00,1.00
2017.10.02 18:44:53.416,7.98668,7.98784,1.00,1.00
2017.10.02 18:44:53.468,7.9868,7.988,1.00,1.00
2017.10.02 18:44:53.622,7.98691,7.988,1.00,1.00
2017.10.02 18:44:53.673,7.98712,7.98834,1.00,1.00
2017.10.02 18:45:04.850,7.98699,7.9882,1.00,1.00
2017.10.02 18:45:05.492,7.98684,7.98808,1.00,1.00
2017.10.02 18:45:05.695,7.98699,7.9882,1.00,1.00
2017.10.02 18:45:08.365,7.98711,7.98835,1.00,1.00
2017.10.02 18:45:10.562,7.98699,7.9882,1.00,1.00
2017.10.02 18:45:11.310,7.98711,7.98835,1.00,1.00
2017.10.02 18:45:11.765,7.98698,7.98821,1.00,1.00
2017.10.02 18:45:12.334,7.98715,7.98838,1.00,1.00
2017.10.02 18:45:15.376,7.98701,7.98825,1.00,1.00
2017.10.02 18:45:23.095,7.98688,7.98811,1.00,1.00
2017.10.02 18:45:28.110,7.98675,7.98797,1.00,1.00
2017.10.02 18:45:28.623,7.9866,7.98784,1.00,1.00
2017.10.02 18:45:31.116,7.98647,7.9877,1.00,1.00
2017.10.02 18:45:38.071,7.98587,7.98682,1.00,1.00
2017.10.02 18:45:38.274,7.98627,7.98724,1.00,1.00
2017.10.02 18:45:38.325,7.98568,7.98691,1.00,1.00
2017.10.02 18:45:38.427,7.98561,7.98643,1.00,2.02
2017.10.02 18:45:38.478,7.98568,7.98638,1.00,1.00
2017.10.02 18:45:38.529,7.98506,7.9863,1.00,1.00
2017.10.02 18:45:38.580,7.98506,7.9863,1.00,1.18
2017.10.02 18:45:38.683,7.98506,7.9863,1.00,1.00
2017.10.02 18:45:38.734,7.98522,7.98645,1.00,1.00
2017.10.02 18:45:40.319,7.98546,7.98667,1.00,1.00
2017.10.02 18:45:40.522,7.98564,7.98686,1.00,1.00
2017.10.02 18:45:41.041,7.98582,7.98706,1.00,1.00
2017.10.02 18:45:41.957,7.98597,7.98718,1.00,1.00
2017.10.02 18:45:42.133,7.98579,7.98702,1.00,1.00
2017.10.02 18:45:42.235,7.98565,7.98689,1.00,1.00
2017.10.02 18:45:42.337,7.98579,7.98703,1.00,1.00
2017.10.02 18:45:43.122,7.98579,7.98703,1.00,1.37
2017.10.02 18:45:43.173,7.98579,7.98688,1.00,1.00
2017.10.02 18:45:43.224,7.98579,7.98703,1.00,1.00
2017.10.02 18:45:43.326,7.98579,7.98643,1.00,4.81
2017.10.02 18:45:43.474,7.98524,7.98643,1.00,2.17
2017.10.02 18:45:43.525,7.98529,7.9861,1.00,1.79
2017.10.02 18:45:43.627,7.98507,7.98631,1.00,1.00
2017.10.02 18:45:43.729,7.98488,7.98612,1.00,1.00
2017.10.02 18:45:44.035,7.98508,7.98632,1.00,1.00
2017.10.02 18:45:45.426,7.98522,7.98645,1.00,1.00
2017.10.02 18:45:47.443,7.98535,7.98659,1.00,1.00
2017.10.02 18:45:47.545,7.98522,7.98645,1.00,1.00
2017.10.02 18:46:00.554,7.98537,7.98661,1.00,1.00
2017.10.02 18:46:02.574,7.98517,7.9864,1.00,1.00
2017.10.02 18:46:02.676,7.98496,7.9862,1.00,1.00
2017.10.02 18:46:06.057,7.98483,7.98606,1.00,1.00
2017.10.02 18:46:07.976,7.98503,7.98627,1.00,1.00
2017.10.02 18:46:08.313,7.98489,7.98613,1.00,1.00
2017.10.02 18:46:16.501,7.98472,7.98595,1.00,1.00
2017.10.02 18:46:16.709,7.98491,7.98615,1.00,1.00
2017.10.02 18:46:16.811,7.98505,7.98628,1.00,1.00
2017.10.02 18:46:17.407,7.98488,7.98611,1.00,1.00
2017.10.02 18:46:23.094,7.98474,7.98598,1.00,1.00
2017.10.02 18:46:23.622,7.98489,7.9861,1.00,1.00
2017.10.02 18:46:24.123,7.98474,7.98598,1.00,1.00
2017.10.02 18:46:26.340,7.98488,7.98611,1.00,1.00
2017.10.02 18:46:26.442,7.98474,7.98598,1.00,1.00
2017.10.02 18:46:27.181,7.98474,7.98597,1.00,1.00
2017.10.02 18:46:27.232,7.98454,7.98577,1.00,1.00
2017.10.02 18:46:27.882,7.98455,7.98577,1.00,1.00
2017.10.02 18:46:27.933,7.98475,7.98599,1.00,1.00
2017.10.02 18:46:28.134,7.98461,7.98585,1.00,1.00
2017.10.02 18:46:41.550,7.98493,7.98616,1.00,1.00
2017.10.02 18:46:42.057,7.98506,7.9863,1.00,1.00
2017.10.02 18:46:42.370,7.98494,7.98615,1.00,1.00
2017.10.02 18:46:42.574,7.98479,7.98603,1.00,1.00
2017.10.02 18:46:43.851,7.98466,7.98589,1.00,1.00
2017.10.02 18:46:45.558,7.98445,7.98569,1.00,1.00
2017.10.02 18:46:45.661,7.98432,7.98555,1.00,1.00
2017.10.02 18:46:52.104,7.98413,7.98537,1.00,1.00
2017.10.02 18:46:52.404,7.9843,7.98554,1.00,1.00
2017.10.02 18:46:52.913,7.98431,7.98553,1.00,1.00
2017.10.02 18:46:53.420,7.98443,7.98566,1.00,1.00
2017.10.02 18:46:54.791,7.98422,7.98546,1.00,1.00
2017.10.02 18:46:56.280,7.98437,7.98558,1.00,1.00
2017.10.02 18:47:01.116,7.9845,7.98573,1.00,1.00
2017.10.02 18:47:01.338,7.98436,7.98559,1.00,1.00
2017.10.02 18:47:03.646,7.98454,7.98577,1.00,1.00
2017.10.02 18:47:04.017,7.98467,7.9859,1.00,1.00
2017.10.02 18:47:09.866,7.98483,7.98606,1.00,1.00
2017.10.02 18:47:10.402,7.985,7.98623,1.00,1.00
2017.10.02 18:47:11.934,7.98482,7.98605,1.00,1.00
2017.10.02 18:47:22.563,7.98496,7.98618,1.00,1.00
2017.10.02 18:47:29.261,7.98511,7.98632,1.00,1.00
2017.10.02 18:47:29.873,7.98525,7.98646,1.00,1.00
2017.10.02 18:47:38.171,7.98525,7.98646,1.00,1.34
2017.10.02 18:47:38.273,7.98437,7.98646,1.00,1.45
2017.10.02 18:47:38.324,7.98525,7.98646,1.00,1.00
2017.10.02 18:47:38.375,7.98525,7.98643,1.00,1.00
2017.10.02 18:47:38.426,7.98525,7.98646,1.00,1.00
2017.10.02 18:47:38.477,7.98505,7.98627,1.00,1.00
2017.10.02 18:47:38.528,7.98503,7.98627,1.00,1.00
2017.10.02 18:47:46.811,7.98489,7.9861,1.00,1.00
2017.10.02 18:47:50.904,7.98474,7.98598,1.00,1.00
2017.10.02 18:47:59.743,7.9846,7.98581,1.00,1.00
2017.10.02 18:48:02.533,7.98445,7.98569,1.00,1.00
2017.10.02 18:48:06.636,7.98434,7.98555,1.00,1.00
2017.10.02 18:48:12.271,7.98453,7.98577,1.00,1.00
2017.10.02 18:48:25.667,7.98474,7.98596,1.00,1.00
2017.10.02 18:48:43.939,7.98458,7.98582,1.00,1.00
2017.10.02 18:48:54.027,7.98471,7.98594,1.00,1.00
2017.10.02 18:49:12.263,7.98459,7.98581,1.00,1.00
2017.10.02 18:49:12.993,7.98473,7.98594,1.00,1.00
2017.10.02 18:49:32.218,7.98472,7.98595,1.00,1.00
2017.10.02 18:49:32.995,7.98492,7.98616,1.00,1.00
2017.10.02 18:49:33.997,7.98478,7.98602,1.00,1.00
2017.10.02 18:49:36.317,7.98492,7.98616,1.00,1.00
2017.10.02 18:49:37.020,7.98506,7.98629,1.00,1.00
2017.10.02 18:49:40.826,7.98492,7.98616,1.00,1.00
2017.10.02 18:49:48.738,7.98472,7.98635,1.00,1.00
2017.10.02 18:49:48.789,7.98431,7.98635,1.00,1.00
2017.10.02 18:49:49.613,7.98431,7.9863,1.00,1.00
2017.10.02 18:49:51.003,7.98431,7.98637,1.00,1.00
2017.10.02 18:49:51.172,7.98485,7.98609,1.00,1.00
2017.10.02 18:49:54.158,7.98472,7.98595,1.00,1.00
2017.10.02 18:50:01.294,7.98485,7.98609,1.00,1.00
2017.10.02 18:50:28.146,7.985,7.98621,1.00,1.00
2017.10.02 18:50:38.917,7.98482,7.98605,1.00,1.00
2017.10.02 18:50:40.583,7.98468,7.98592,1.00,1.00
2017.10.02 18:50:48.588,7.98455,7.98578,1.00,1.00
2017.10.02 18:50:49.035,7.98489,7.98612,1.00,1.00
2017.10.02 18:50:57.154,7.98501,7.98625,1.00,1.00
2017.10.02 18:51:05.465,7.98489,7.9861,1.00,1.00
2017.10.02 18:51:10.273,7.98508,7.98632,1.00,1.00
2017.10.02 18:51:10.499,7.98522,7.98645,1.00,1.00
2017.10.02 18:51:13.327,7.98563,7.98665,1.00,1.00
2017.10.02 18:51:13.378,7.98548,7.98672,1.00,1.00
2017.10.02 18:51:15.584,7.98534,7.98658,1.00,1.00
2017.10.02 18:51:23.002,7.98521,7.98644,1.00,1.00
2017.10.02 18:51:23.104,7.98507,7.98631,1.00,1.00
2017.10.02 18:51:26.209,7.98522,7.98643,1.00,1.00
2017.10.02 18:51:28.539,7.98501,7.98624,1.00,1.00
2017.10.02 18:51:34.712,7.98525,7.98647,1.00,1.00
2017.10.02 18:51:34.814,7.98551,7.98675,1.00,1.00
2017.10.02 18:51:45.931,7.98565,7.98689,1.00,1.00
2017.10.02 18:51:51.894,7.9858,7.98701,1.00,1.00
2017.10.02 18:51:52.191,7.98564,7.98688,1.00,1.00
2017.10.02 18:51:53.259,7.98578,7.98701,1.00,1.00
2017.10.02 18:52:12.148,7.98589,7.98711,1.00,1.00
2017.10.02 18:52:23.949,7.98574,7.98698,1.00,1.00
2017.10.02 18:52:35.360,7.98588,7.98712,1.00,1.00
2017.10.02 18:52:38.964,7.98574,7.98698,1.00,1.00
2017.10.02 18:52:40.867,7.98588,7.98712,1.00,1.00
2017.10.02 18:52:41.314,7.98606,7.9873,1.00,1.00
2017.10.02 18:52:53.036,7.98591,7.98715,1.00,1.00
2017.10.02 18:52:53.346,7.98572,7.98694,1.00,1.00
2017.10.02 18:52:54.623,7.98558,7.9868,1.00,1.00
2017.10.02 18:53:09.676,7.98547,7.98671,1.00,1.00
2017.10.02 18:53:17.668,7.98529,7.98653,1.00,1.00
2017.10.02 18:53:33.985,7.98534,7.98658,1.00,1.00
2017.10.02 18:53:34.289,7.98548,7.98672,1.00,1.00
2017.10.02 18:53:35.256,7.98548,7.9867,1.00,1.00
2017.10.02 18:53:35.580,7.98528,7.98649,1.00,1.00
2017.10.02 18:53:42.743,7.98544,7.98665,1.00,1.00
2017.10.02 18:53:44.314,7.98529,7.98653,1.00,1.00
2017.10.02 18:53:55.356,7.98515,7.98638,1.00,1.00
2017.10.02 18:53:56.629,7.98501,7.98625,1.00,1.00
2017.10.02 18:54:01.243,7.98543,7.98665,1.00,1.00
2017.10.02 18:54:10.057,7.98529,7.98651,1.00,1.00
2017.10.02 18:54:26.002,7.98533,7.98654,1.00,1.00
2017.10.02 18:54:40.014,7.98551,7.98674,1.00,1.00
2017.10.02 18:54:40.115,7.98534,7.98658,1.00,1.00
2017.10.02 18:54:53.128,7.9852,7.98644,1.00,1.00
2017.10.02 18:54:53.487,7.985,7.98623,1.00,1.00
2017.10.02 18:54:57.564,7.98513,7.98637,1.00,1.00
2017.10.02 18:54:58.532,7.98531,7.98655,1.00,1.00
2017.10.02 18:55:01.958,7.98517,7.98641,1.00,1.00
2017.10.02 18:55:05.971,7.98504,7.98627,1.00,1.00
2017.10.02 18:55:12.554,7.98481,7.98604,1.00,1.00
2017.10.02 18:55:12.779,7.98494,7.98618,1.00,1.00
2017.10.02 18:55:15.456,7.98515,7.98638,1.00,1.00
2017.10.02 18:55:15.811,7.98536,7.98658,1.00,1.00
2017.10.02 18:55:16.996,7.98522,7.98645,1.00,1.00
2017.10.02 18:55:18.680,7.98541,7.98662,1.00,1.00
2017.10.02 18:55:39.638,7.98545,7.98669,1.00,1.00
2017.10.02 18:55:40.013,7.98566,7.98689,1.00,1.00
2017.10.02 18:55:40.339,7.98539,7.98662,1.00,1.00
2017.10.02 18:55:41.352,7.98518,7.98642,1.00,1.00
2017.10.02 18:55:46.656,7.98505,7.98628,1.00,1.00
2017.10.02 18:55:54.367,7.98518,7.98642,1.00,1.00
2017.10.02 18:55:56.577,7.98506,7.98627,1.00,1.00
2017.10.02 18:56:02.999,7.98519,7.98641,1.00,1.00
2017.10.02 18:56:06.619,7.98498,7.98621,1.00,1.00
2017.10.02 18:56:09.495,7.98484,7.98608,1.00,1.00
2017.10.02 18:56:09.597,7.98472,7.98595,1.00,1.00
2017.10.02 18:56:10.010,7.98486,7.98608,1.00,1.00
2017.10.02 18:56:10.190,7.98499,7.98622,1.00,1.00
2017.10.02 18:56:18.515,7.98479,7.986,1.00,1.00
2017.10.02 18:56:19.101,7.98478,7.986,1.00,1.00
2017.10.02 18:56:20.534,7.98464,7.98587,1.00,1.00
2017.10.02 18:56:21.644,7.9845,7.98574,1.00,1.00
2017.10.02 18:56:21.746,7.98437,7.9856,1.00,1.00
2017.10.02 18:56:25.362,7.98424,7.98546,1.00,1.00
2017.10.02 18:56:25.515,7.98437,7.9856,1.00,1.00
2017.10.02 18:56:28.936,7.98492,7.98594,1.00,1.00
2017.10.02 18:56:28.987,7.98492,7.98616,1.00,1.00
2017.10.02 18:56:29.038,7.98473,7.98597,1.00,1.00
2017.10.02 18:56:34.742,7.98461,7.98582,1.00,1.00
2017.10.02 18:56:35.271,7.98447,7.98569,1.00,1.00
2017.10.02 18:56:35.373,7.98433,7.98556,1.00,1.00
2017.10.02 18:56:35.692,7.98419,7.98542,1.00,1.00
2017.10.02 18:56:40.282,7.98432,7.98556,1.00,1.00
2017.10.02 18:56:40.384,7.98419,7.98542,1.00,1.00
2017.10.02 18:56:51.445,7.98402,7.98525,1.00,1.00
2017.10.02 18:56:51.784,7.98404,7.98525,1.00,1.00
2017.10.02 18:56:51.835,7.98424,7.98548,1.00,1.00
2017.10.02 18:56:59.554,7.98411,7.98535,1.00,1.00
2017.10.02 18:56:59.893,7.98399,7.9852,1.00,1.00
2017.10.02 18:57:00.665,7.98411,7.98535,1.00,1.00
2017.10.02 18:57:08.609,7.98398,7.98521,1.00,1.00
2017.10.02 18:57:11.676,7.98385,7.98508,1.00,1.00
2017.10.02 18:57:16.999,7.98365,7.98455,1.00,1.00
2017.10.02 18:57:17.101,7.98331,7.98455,1.00,1.00
2017.10.02 18:57:17.453,7.98345,7.98469,1.00,1.00
2017.10.02 18:57:17.772,7.9836,7.98481,1.00,1.00
2017.10.02 18:57:17.824,7.98339,7.98462,1.00,1.00
2017.10.02 18:57:18.365,7.98338,7.98462,1.00,1.00
2017.10.02 18:57:20.933,7.98321,7.98445,1.50,1.00
2017.10.02 18:57:25.628,7.98336,7.98459,1.00,1.00
2017.10.02 18:57:26.004,7.98323,7.98446,1.00,1.00
2017.10.02 18:57:28.707,7.98341,7.98462,1.00,1.00
2017.10.02 18:57:30.265,7.98325,7.98448,1.00,1.00
2017.10.02 18:57:31.930,7.98338,7.98462,1.00,1.00
2017.10.02 18:57:32.336,7.98322,7.98446,1.00,1.00
2017.10.02 18:57:36.259,7.98336,7.98459,1.00,1.00
2017.10.02 18:57:37.029,7.9835,7.98472,1.00,1.00
2017.10.02 18:57:38.586,7.98336,7.98459,1.00,1.00
2017.10.02 18:57:39.226,7.98359,7.98479,1.00,1.00
2017.10.02 18:57:39.328,7.98359,7.98483,1.00,1.00
2017.10.02 18:57:40.465,7.98339,7.98459,1.00,1.00
2017.10.02 18:57:40.517,7.98337,7.98459,1.00,1.00
2017.10.02 18:57:43.165,7.98351,7.98474,1.00,1.00
2017.10.02 18:57:44.240,7.98338,7.9846,1.00,1.00
2017.10.02 18:57:44.544,7.98325,7.98446,1.00,1.00
2017.10.02 18:57:48.480,7.98321,7.98433,1.00,1.00
2017.10.02 18:57:52.151,7.98324,7.98447,1.00,1.00
2017.10.02 18:57:52.667,7.98321,7.98434,1.00,1.00
2017.10.02 18:57:57.770,7.98324,7.98447,1.00,1.00
2017.10.02 18:57:59.708,7.98321,7.98433,1.00,1.00
2017.10.02 18:57:59.903,7.98324,7.98447,1.00,1.00
2017.10.02 18:58:00.106,7.98321,7.98434,1.00,1.00
2017.10.02 18:58:00.157,7.9831,7.98434,1.00,1.00
2017.10.02 18:58:02.410,7.98331,7.98453,1.00,1.00
2017.10.02 18:58:04.688,7.98317,7.9844,1.00,1.00
2017.10.02 18:58:08.099,7.98304,7.98426,1.00,1.00
2017.10.02 18:58:09.806,7.98317,7.9844,1.00,1.00
2017.10.02 18:58:10.593,7.9833,7.98454,1.00,1.00
2017.10.02 18:58:13.314,7.98347,7.98471,1.00,1.00
2017.10.02 18:58:13.635,7.98361,7.98485,1.00,1.00
2017.10.02 18:58:14.792,7.98395,7.98505,1.00,1.00
2017.10.02 18:58:14.906,7.98395,7.98519,1.00,1.00
2017.10.02 18:58:16.196,7.98415,7.98538,1.00,1.50
2017.10.02 18:58:16.706,7.98435,7.98558,1.00,1.00
2017.10.02 18:58:17.059,7.98422,7.98544,1.00,1.00
2017.10.02 18:58:20.708,7.98435,7.98559,1.00,1.00
2017.10.02 18:58:26.323,7.98449,7.98572,1.00,1.00
2017.10.02 18:58:29.521,7.98466,7.98589,1.00,1.00
2017.10.02 18:58:33.738,7.98478,7.98602,1.00,1.00
2017.10.02 18:58:33.965,7.98499,7.98622,1.00,1.50
2017.10.02 18:58:34.184,7.98478,7.98602,1.00,1.00
2017.10.02 18:58:37.742,7.98466,7.98585,1.00,1.00
2017.10.02 18:58:39.368,7.98461,7.98585,1.00,1.00
2017.10.02 18:58:39.572,7.98448,7.98571,1.00,1.00
2017.10.02 18:58:45.488,7.98461,7.98585,1.00,1.00
2017.10.02 18:58:47.581,7.98475,7.98598,1.00,1.00
2017.10.02 18:58:52.741,7.98476,7.98598,1.00,1.00
2017.10.02 18:58:53.014,7.98476,7.98618,1.00,1.00
2017.10.02 18:58:53.065,7.9848,7.98697,1.00,1.00
2017.10.02 18:58:53.173,7.98486,7.98699,1.00,1.00
2017.10.02 18:58:53.224,7.98501,7.98717,1.00,1.00
2017.10.02 18:58:53.377,7.98518,7.98642,1.00,1.00
2017.10.02 18:58:59.911,7.98519,7.98642,1.00,1.00
2017.10.02 18:59:00.216,7.9862,7.98676,1.00,1.00
2017.10.02 18:59:00.268,7.98577,7.98676,1.00,1.00
2017.10.02 18:59:00.320,7.98577,7.98696,1.37,1.00
2017.10.02 18:59:00.476,7.98576,7.987,1.00,1.00
2017.10.02 18:59:04.605,7.9859,7.98714,1.00,1.00
2017.10.02 18:59:07.135,7.98577,7.987,1.00,1.00
2017.10.02 18:59:08.431,7.98606,7.98713,1.00,1.00
2017.10.02 18:59:08.533,7.98625,7.98734,1.00,1.00
2017.10.02 18:59:08.584,7.98625,7.98747,1.00,1.00
2017.10.02 18:59:08.737,7.98612,7.98733,1.00,1.00
2017.10.02 18:59:14.931,7.9863,7.98753,1.00,1.00
2017.10.02 18:59:30.309,7.98637,7.98759,1.00,1.00
2017.10.02 18:59:30.627,7.98644,7.98759,1.00,1.00
2017.10.02 18:59:30.677,7.98664,7.98787,1.00,1.00
2017.10.02 18:59:31.907,7.98648,7.98772,1.00,1.00
2017.10.02 18:59:31.958,7.98628,7.98751,1.00,1.00
2017.10.02 18:59:35.437,7.98634,7.98751,1.00,1.00
2017.10.02 18:59:35.488,7.98652,7.98775,1.00,1.00
2017.10.02 18:59:35.773,7.98672,7.98796,1.00,1.00
2017.10.02 18:59:35.874,7.98693,7.98815,1.00,1.00
2017.10.02 18:59:37.017,7.98706,7.9883,1.00,1.00
2017.10.02 18:59:37.068,7.98686,7.98809,1.00,1.00
2017.10.02 18:59:38.207,7.98699,7.98823,1.00,1.00
2017.10.02 18:59:39.120,7.98701,7.98823,1.00,1.00
2017.10.02 18:59:39.322,7.98726,7.9885,1.00,1.00
2017.10.02 18:59:39.536,7.9874,7.98864,1.00,1.00
2017.10.02 18:59:40.120,7.98755,7.98876,1.00,1.00
2017.10.02 18:59:40.494,7.98767,7.98891,1.00,1.00
2017.10.02 18:59:40.813,7.98781,7.98905,1.00,1.00
2017.10.02 18:59:41.896,7.98767,7.98891,1.00,1.00
2017.10.02 18:59:42.418,7.98782,7.98904,1.00,1.00
2017.10.02 18:59:42.740,7.98795,7.98917,1.00,1.00
2017.10.02 18:59:43.226,7.98795,7.98877,1.00,1.00
2017.10.02 18:59:43.328,7.98733,7.98857,1.00,1.00
2017.10.02 18:59:43.704,7.98644,7.98865,1.00,1.00
2017.10.02 18:59:43.806,7.98644,7.98851,1.00,1.00
2017.10.02 18:59:43.857,7.98634,7.98851,1.00,1.00
2017.10.02 18:59:43.958,7.98643,7.9886,1.00,1.00
2017.10.02 18:59:44.326,7.98627,7.9884,1.38,1.00
2017.10.02 18:59:44.632,7.98687,7.9881,1.00,1.00
2017.10.02 18:59:44.734,7.987,7.98824,1.00,1.00
2017.10.02 18:59:45.025,7.98721,7.98844,1.00,1.00
2017.10.02 18:59:45.179,7.98734,7.98858,1.00,1.00
2017.10.02 18:59:45.488,7.98721,7.98844,1.00,1.00
2017.10.02 18:59:46.399,7.98734,7.98858,1.00,1.00
2017.10.02 18:59:48.230,7.98755,7.98878,1.00,1.50
2017.10.02 18:59:48.336,7.98768,7.98892,1.00,1.00
2017.10.02 18:59:48.594,7.98782,7.98905,1.00,1.00
2017.10.02 18:59:48.805,7.98749,7.98873,1.00,1.00
2017.10.02 18:59:50.911,7.98737,7.9886,1.00,1.00
2017.10.02 18:59:51.013,7.98723,7.98847,1.00,1.00
2017.10.02 18:59:51.527,7.98737,7.9886,1.00,1.00
2017.10.02 18:59:52.355,7.9875,7.98874,1.00,1.00
2017.10.02 18:59:53.415,7.98737,7.9886,1.00,1.00
2017.10.02 18:59:53.720,7.9875,7.98874,1.00,1.00
2017.10.02 18:59:54.334,7.98764,7.98888,1.00,1.00
2017.10.02 18:59:54.640,7.98745,7.98867,1.00,1.00
2017.10.02 18:59:55.242,7.98759,7.98881,1.00,1.00
2017.10.02 18:59:57.968,7.98744,7.98868,1.00,1.00
