2017.09.26 18:00:00.373,7.87612,7.8777,1.00,1.00
2017.09.26 18:00:00.425,7.87618,7.87784,1.00,1.00
2017.09.26 18:00:00.923,7.87605,7.87771,1.00,1.00
2017.09.26 18:00:01.243,7.87623,7.87787,1.00,1.00
2017.09.26 18:00:03.643,7.87647,7.87808,1.00,1.00
2017.09.26 18:00:03.695,7.87647,7.87814,1.00,1.00
2017.09.26 18:00:03.746,7.87662,7.87826,1.00,1.00
2017.09.26 18:00:04.095,7.87651,7.87812,1.00,1.00
2017.09.26 18:00:04.399,7.87656,7.87812,1.00,1.00
2017.09.26 18:00:05.070,7.87675,7.87812,1.00,1.00
2017.09.26 18:00:05.171,7.87684,7.87825,1.00,1.00
2017.09.26 18:00:05.273,7.87685,7.87852,1.00,1.00
2017.09.26 18:00:06.538,7.8767,7.87834,1.00,1.00
2017.09.26 18:00:06.640,7.87687,7.87852,1.00,1.00
2017.09.26 18:00:07.378,7.87722,7.87875,1.00,1.00
2017.09.26 18:00:07.480,7.87758,7.87925,1.00,1.00
2017.09.26 18:00:07.582,7.87744,7.87908,1.00,1.00
2017.09.26 18:00:10.388,7.87756,7.87923,1.00,1.00
2017.09.26 18:00:18.161,7.87739,7.87905,1.00,1.00
2017.09.26 18:00:20.198,7.87752,7.87918,1.00,1.00
2017.09.26 18:00:23.314,7.87766,7.87931,1.00,1.00
2017.09.26 18:00:23.617,7.87785,7.87952,1.00,1.00
2017.09.26 18:00:23.922,7.87772,7.87938,1.00,1.00
2017.09.26 18:00:24.330,7.87753,7.87917,1.00,1.00
2017.09.26 18:00:26.302,7.8777,7.87937,1.00,1.00
2017.09.26 18:00:28.889,7.8779,7.87957,1.00,1.50
2017.09.26 18:00:29.193,7.87777,7.87943,1.00,1.00
2017.09.26 18:00:31.998,7.8779,7.87957,1.00,1.00
2017.09.26 18:00:38.000,7.87805,7.87969,1.00,1.00
2017.09.26 18:00:41.400,7.87806,7.87969,1.00,1.00
2017.09.26 18:00:41.612,7.8781,7.87977,1.00,1.00
2017.09.26 18:00:41.714,7.8779,7.8795,1.00,1.00
2017.09.26 18:00:41.765,7.87784,7.8795,1.00,1.00
2017.09.26 18:00:42.310,7.87784,7.87934,1.00,1.00
2017.09.26 18:00:42.361,7.87784,7.87936,1.00,1.00
2017.09.26 18:00:42.412,7.87765,7.8791,1.00,1.00
2017.09.26 18:00:42.463,7.87744,7.8791,1.00,1.00
2017.09.26 18:00:43.826,7.87747,7.8791,1.00,1.00
2017.09.26 18:00:45.130,7.87744,7.8791,1.50,1.00
2017.09.26 18:00:47.590,7.87748,7.8791,1.00,1.00
2017.09.26 18:00:47.743,7.87764,7.87931,1.00,1.00
2017.09.26 18:00:52.662,7.87764,7.87924,1.00,1.00
2017.09.26 18:00:52.764,7.87745,7.8791,1.00,1.00
2017.09.26 18:00:53.168,7.87765,7.8793,1.00,1.00
2017.09.26 18:00:54.402,7.87765,7.87924,1.00,1.00
2017.09.26 18:00:54.453,7.87745,7.8791,1.00,1.00
2017.09.26 18:00:54.555,7.87731,7.87897,1.00,1.00
2017.09.26 18:00:57.587,7.87731,7.87896,1.00,1.00
2017.09.26 18:00:57.638,7.8771,7.87876,1.22,1.00
2017.09.26 18:01:04.170,7.87729,7.87893,1.00,1.00
2017.09.26 18:01:07.944,7.87714,7.8788,1.00,1.00
2017.09.26 18:01:08.264,7.87695,7.87859,1.30,1.00
2017.09.26 18:01:08.355,7.87709,7.87875,1.22,1.00
2017.09.26 18:01:08.880,7.87709,7.87875,1.72,1.00
2017.09.26 18:01:08.981,7.87729,7.87895,1.00,1.00
2017.09.26 18:01:09.711,7.87731,7.87895,1.00,1.00
2017.09.26 18:01:10.154,7.87751,7.87913,1.00,1.00
2017.09.26 18:01:10.230,7.87751,7.87917,1.00,1.00
2017.09.26 18:01:10.383,7.87737,7.87897,1.00,1.00
2017.09.26 18:01:10.597,7.87744,7.8791,1.00,1.00
2017.09.26 18:01:12.325,7.87745,7.8791,1.00,1.00
2017.09.26 18:01:12.376,7.87764,7.8793,1.00,1.00
2017.09.26 18:01:12.761,7.87764,7.87917,1.00,1.00
2017.09.26 18:01:12.863,7.87744,7.8791,1.00,1.00
2017.09.26 18:01:16.172,7.87744,7.87909,1.00,1.00
2017.09.26 18:01:16.274,7.87724,7.8789,1.00,1.00
2017.09.26 18:01:21.427,7.8771,7.87874,1.22,1.00
2017.09.26 18:01:22.043,7.8771,7.87874,1.22,1.00
2017.09.26 18:01:23.106,7.87725,7.87874,1.00,1.00
2017.09.26 18:01:23.411,7.87722,7.87889,1.00,1.00
2017.09.26 18:01:25.810,7.87722,7.87883,1.00,1.00
2017.09.26 18:01:26.013,7.87684,7.8785,1.65,1.00
2017.09.26 18:01:26.318,7.87684,7.87832,1.00,1.00
2017.09.26 18:01:26.622,7.87677,7.87815,1.04,1.00
2017.09.26 18:01:27.135,7.87677,7.87815,1.04,1.00
2017.09.26 18:01:28.628,7.87677,7.87815,1.75,1.00
2017.09.26 18:01:29.534,7.87677,7.87815,1.75,1.00
2017.09.26 18:01:30.445,7.87677,7.87815,1.75,1.00
2017.09.26 18:01:31.022,7.87678,7.87834,1.31,1.00
2017.09.26 18:01:31.087,7.87667,7.87831,1.30,1.00
2017.09.26 18:01:31.400,7.87652,7.87817,1.00,1.00
2017.09.26 18:01:31.789,7.87631,7.87797,1.50,1.00
2017.09.26 18:01:32.187,7.87635,7.87797,1.00,1.00
2017.09.26 18:01:32.418,7.87646,7.87812,1.00,1.00
2017.09.26 18:01:34.606,7.87647,7.87812,1.00,1.00
2017.09.26 18:01:34.657,7.87662,7.87812,1.00,1.00
2017.09.26 18:01:34.912,7.87679,7.87845,1.00,1.00
2017.09.26 18:01:35.422,7.87666,7.87832,1.00,1.00
2017.09.26 18:01:35.745,7.87647,7.87811,1.00,1.00
2017.09.26 18:01:36.088,7.87633,7.87797,1.00,1.00
2017.09.26 18:01:36.341,7.87659,7.87825,1.00,1.00
2017.09.26 18:01:38.602,7.87646,7.87812,1.00,1.00
2017.09.26 18:01:41.227,7.87632,7.87798,1.00,1.00
2017.09.26 18:01:44.661,7.87632,7.8779,1.00,1.00
2017.09.26 18:01:44.712,7.8762,7.87784,1.00,1.00
2017.09.26 18:01:44.813,7.87606,7.87772,1.00,1.00
2017.09.26 18:01:45.395,7.87615,7.87772,1.00,1.00
2017.09.26 18:01:45.446,7.87612,7.87772,1.00,1.00
2017.09.26 18:01:45.497,7.8762,7.87772,1.00,1.00
2017.09.26 18:01:45.548,7.87632,7.87798,1.00,1.00
2017.09.26 18:01:45.650,7.87632,7.87794,1.00,1.00
2017.09.26 18:01:45.853,7.87609,7.87775,1.00,1.00
2017.09.26 18:01:46.112,7.87622,7.87789,1.00,1.00
2017.09.26 18:01:46.418,7.87609,7.87775,1.00,1.00
2017.09.26 18:01:46.969,7.8763,7.87794,1.00,1.00
2017.09.26 18:01:48.247,7.87622,7.87782,1.00,1.00
2017.09.26 18:01:48.298,7.87617,7.87782,1.00,1.00
2017.09.26 18:01:48.349,7.87617,7.87769,1.00,1.00
2017.09.26 18:01:48.451,7.87631,7.87795,1.00,1.00
2017.09.26 18:01:48.552,7.87616,7.87782,1.00,1.00
2017.09.26 18:01:49.142,7.87603,7.87769,1.00,1.00
2017.09.26 18:01:49.473,7.87608,7.87769,1.00,1.00
2017.09.26 18:01:49.575,7.87624,7.87788,1.00,1.00
2017.09.26 18:01:51.729,7.87605,7.87771,1.00,1.00
2017.09.26 18:01:55.218,7.8761,7.87771,1.00,1.00
2017.09.26 18:01:55.677,7.87605,7.87771,1.00,1.00
2017.09.26 18:01:56.049,7.8761,7.87771,1.00,1.00
2017.09.26 18:01:56.101,7.87605,7.87771,1.00,1.00
2017.09.26 18:01:56.253,7.87618,7.87784,1.00,1.00
2017.09.26 18:01:56.585,7.87665,7.87831,1.00,1.50
2017.09.26 18:01:57.108,7.87676,7.87834,1.00,1.00
2017.09.26 18:01:57.918,7.87676,7.87839,1.00,1.00
2017.09.26 18:01:58.000,7.87676,7.87842,1.00,1.00
2017.09.26 18:02:01.174,7.87676,7.87839,1.00,1.00
2017.09.26 18:02:02.301,7.87676,7.87836,1.00,1.00
2017.09.26 18:02:03.091,7.87676,7.87841,1.00,1.00
2017.09.26 18:02:03.861,7.87676,7.87842,1.00,1.00
2017.09.26 18:02:10.788,7.87676,7.87839,1.00,1.00
2017.09.26 18:02:11.478,7.87676,7.87842,1.00,1.00
2017.09.26 18:02:16.295,7.87685,7.87851,1.00,1.00
2017.09.26 18:02:17.260,7.87685,7.87848,1.00,1.00
2017.09.26 18:02:17.537,7.87672,7.87837,1.00,1.00
2017.09.26 18:02:21.815,7.87672,7.87834,1.00,1.00
2017.09.26 18:02:22.021,7.87658,7.87824,1.00,1.00
2017.09.26 18:02:22.333,7.87678,7.87844,1.00,1.00
2017.09.26 18:02:25.868,7.87678,7.87842,1.00,1.00
2017.09.26 18:02:26.021,7.87665,7.87831,1.00,1.00
2017.09.26 18:02:32.316,7.87679,7.87843,1.00,1.00
2017.09.26 18:02:39.862,7.87691,7.87858,1.00,1.00
2017.09.26 18:02:39.969,7.87671,7.87838,1.00,1.00
2017.09.26 18:02:41.914,7.87676,7.87838,1.00,1.00
2017.09.26 18:02:41.965,7.87671,7.87838,1.00,1.00
2017.09.26 18:02:42.152,7.87698,7.87857,1.00,1.00
2017.09.26 18:02:42.309,7.87698,7.87864,1.00,1.00
2017.09.26 18:02:42.360,7.87671,7.87838,1.00,1.00
2017.09.26 18:02:43.977,7.87659,7.87825,1.00,1.00
2017.09.26 18:02:45.524,7.87662,7.87825,1.00,1.00
2017.09.26 18:02:47.142,7.8768,7.87825,1.00,1.00
2017.09.26 18:02:47.244,7.877,7.87851,1.00,1.00
2017.09.26 18:02:47.346,7.877,7.87864,1.00,1.00
2017.09.26 18:02:47.397,7.87719,7.87864,1.00,1.00
2017.09.26 18:02:47.550,7.87722,7.87885,1.00,1.00
2017.09.26 18:02:48.410,7.87724,7.87885,1.00,1.00
2017.09.26 18:02:49.367,7.87728,7.87885,1.00,1.00
2017.09.26 18:02:50.814,7.87729,7.87885,1.00,1.00
2017.09.26 18:02:52.038,7.87722,7.87885,1.00,1.00
2017.09.26 18:02:52.090,7.87718,7.87885,1.00,1.00
2017.09.26 18:02:52.242,7.87722,7.87885,1.00,1.00
2017.09.26 18:02:52.456,7.87718,7.87885,1.50,1.00
2017.09.26 18:02:52.746,7.87728,7.87885,1.00,1.00
2017.09.26 18:02:53.531,7.87723,7.87885,1.00,1.00
2017.09.26 18:02:53.633,7.87718,7.87885,1.00,1.00
2017.09.26 18:02:54.215,7.8773,7.87885,1.00,1.00
2017.09.26 18:02:54.317,7.8772,7.87885,1.00,1.00
2017.09.26 18:02:54.368,7.87732,7.87898,1.00,1.00
2017.09.26 18:02:54.469,7.87713,7.87877,1.50,1.00
2017.09.26 18:02:55.207,7.8772,7.87877,1.00,1.00
2017.09.26 18:02:55.359,7.87729,7.87891,1.00,1.00
2017.09.26 18:02:55.460,7.87738,7.87905,1.00,1.00
2017.09.26 18:02:59.708,7.87738,7.87887,1.00,1.00
2017.09.26 18:02:59.759,7.87712,7.87878,1.00,1.00
2017.09.26 18:03:00.462,7.87712,7.87866,1.00,1.00
2017.09.26 18:03:00.564,7.87698,7.87865,1.00,1.00
2017.09.26 18:03:00.688,7.87685,7.87851,1.00,1.00
2017.09.26 18:03:02.196,7.87673,7.87837,1.00,1.00
2017.09.26 18:03:02.580,7.87688,7.87837,1.00,1.00
2017.09.26 18:03:02.631,7.87676,7.87837,1.00,1.00
2017.09.26 18:03:02.682,7.87673,7.87837,1.50,1.00
2017.09.26 18:03:02.891,7.87685,7.87851,1.00,1.00
2017.09.26 18:03:05.247,7.87686,7.87851,1.00,1.00
2017.09.26 18:03:05.349,7.87696,7.87851,1.00,1.00
2017.09.26 18:03:05.401,7.87707,7.87873,1.00,1.00
2017.09.26 18:03:10.072,7.87711,7.87873,1.00,1.00
2017.09.26 18:03:10.908,7.87707,7.87873,1.00,1.00
2017.09.26 18:03:13.317,7.87687,7.87854,1.50,1.00
2017.09.26 18:03:16.343,7.87701,7.87867,1.00,1.00
2017.09.26 18:03:19.051,7.87687,7.87852,1.50,1.00
2017.09.26 18:03:25.938,7.87688,7.87852,1.00,1.00
2017.09.26 18:03:26.731,7.87696,7.87852,1.00,1.00
2017.09.26 18:03:28.180,7.87692,7.87852,1.00,1.00
2017.09.26 18:03:28.282,7.87697,7.87852,1.00,1.00
2017.09.26 18:03:28.439,7.87687,7.87852,1.00,1.00
2017.09.26 18:03:28.490,7.87673,7.87838,1.00,1.00
2017.09.26 18:03:29.224,7.87676,7.87838,1.00,1.00
2017.09.26 18:03:29.377,7.87687,7.87851,1.00,1.00
2017.09.26 18:03:29.594,7.87672,7.87839,1.00,1.00
2017.09.26 18:03:29.748,7.87667,7.87825,1.00,1.00
2017.09.26 18:03:30.108,7.87659,7.87825,1.19,1.00
2017.09.26 18:03:30.159,7.87659,7.87825,1.00,1.00
2017.09.26 18:03:30.362,7.87647,7.87811,1.00,1.00
2017.09.26 18:03:30.757,7.87654,7.87811,1.00,1.00
2017.09.26 18:03:30.808,7.8765,7.87811,1.00,1.00
2017.09.26 18:03:30.859,7.87654,7.87811,1.00,1.00
2017.09.26 18:03:30.961,7.87663,7.8783,1.00,1.00
2017.09.26 18:03:33.186,7.87651,7.87809,1.00,1.00
2017.09.26 18:03:33.287,7.87658,7.87822,1.00,1.00
2017.09.26 18:03:33.595,7.87644,7.87809,1.50,1.00
2017.09.26 18:03:34.182,7.87639,7.87796,1.22,1.00
2017.09.26 18:03:34.385,7.87659,7.87825,1.00,1.00
2017.09.26 18:03:35.270,7.8765,7.87805,1.00,1.00
2017.09.26 18:03:35.372,7.87638,7.87805,1.72,1.00
2017.09.26 18:03:36.023,7.87638,7.87805,1.72,1.00
2017.09.26 18:03:36.743,7.87649,7.87805,1.00,1.00
2017.09.26 18:03:36.830,7.87643,7.87805,1.00,1.00
2017.09.26 18:03:37.502,7.87641,7.87805,1.22,1.00
2017.09.26 18:03:37.815,7.87652,7.87818,1.00,1.00
2017.09.26 18:03:38.132,7.87652,7.87802,1.00,1.00
2017.09.26 18:03:38.183,7.87652,7.87818,1.00,1.00
2017.09.26 18:03:38.285,7.87625,7.87792,1.30,1.00
2017.09.26 18:03:38.817,7.87625,7.87792,1.30,1.00
2017.09.26 18:03:39.322,7.87639,7.87805,1.22,1.00
2017.09.26 18:03:39.423,7.87652,7.87818,1.00,1.00
2017.09.26 18:03:40.392,7.87641,7.87805,1.22,1.00
2017.09.26 18:03:40.494,7.87652,7.87818,1.00,1.00
2017.09.26 18:03:40.696,7.87641,7.87805,1.22,1.00
2017.09.26 18:03:40.805,7.87652,7.87818,1.00,1.00
2017.09.26 18:03:46.641,7.87637,7.87803,1.22,1.00
2017.09.26 18:03:47.058,7.87624,7.8779,1.30,1.00
2017.09.26 18:03:47.362,7.87617,7.87769,1.48,1.00
2017.09.26 18:03:47.727,7.87619,7.87785,1.46,1.00
2017.09.26 18:03:47.930,7.87633,7.87797,1.22,1.00
2017.09.26 18:03:48.032,7.87619,7.87785,1.50,1.00
2017.09.26 18:03:48.429,7.87618,7.87772,1.50,1.00
2017.09.26 18:03:48.531,7.87619,7.87785,1.50,1.00
2017.09.26 18:03:48.823,7.87618,7.87772,1.46,1.00
2017.09.26 18:03:48.925,7.8762,7.87784,1.46,1.00
2017.09.26 18:03:49.371,7.8762,7.87783,1.00,1.00
2017.09.26 18:03:49.422,7.87617,7.87751,1.29,1.00
2017.09.26 18:03:49.524,7.87622,7.87763,1.19,1.00
2017.09.26 18:03:49.625,7.87624,7.87763,1.41,1.00
2017.09.26 18:03:50.286,7.87623,7.87763,1.19,1.00
2017.09.26 18:03:50.860,7.87623,7.87777,1.41,1.00
2017.09.26 18:03:51.063,7.87624,7.8779,1.00,1.00
2017.09.26 18:03:53.678,7.87635,7.8779,1.00,1.00
2017.09.26 18:03:53.796,7.87624,7.8779,1.00,1.00
2017.09.26 18:03:55.560,7.87648,7.8779,1.00,1.00
2017.09.26 18:03:55.611,7.87642,7.8779,1.00,1.00
2017.09.26 18:03:55.662,7.87644,7.8781,1.00,1.00
2017.09.26 18:03:55.881,7.87642,7.87794,1.00,1.00
2017.09.26 18:03:56.745,7.87648,7.87814,1.00,1.00
2017.09.26 18:04:01.221,7.87649,7.87814,1.00,1.00
2017.09.26 18:04:01.272,7.87657,7.87814,1.00,1.00
2017.09.26 18:04:01.436,7.87652,7.87814,1.00,1.00
2017.09.26 18:04:01.487,7.87661,7.87827,1.00,1.00
2017.09.26 18:04:03.319,7.87674,7.87841,1.00,1.00
2017.09.26 18:04:04.943,7.87678,7.87841,1.00,1.00
2017.09.26 18:04:05.113,7.87688,7.87854,1.00,1.00
2017.09.26 18:04:05.774,7.87674,7.87841,1.00,1.00
2017.09.26 18:04:06.320,7.87674,7.87828,1.00,1.00
2017.09.26 18:04:06.371,7.87674,7.87841,1.00,1.00
2017.09.26 18:04:06.422,7.87658,7.87824,1.00,1.00
2017.09.26 18:04:06.747,7.87672,7.87836,1.00,1.00
2017.09.26 18:04:07.903,7.87677,7.87836,1.00,1.00
2017.09.26 18:04:07.954,7.87672,7.87836,1.00,1.00
2017.09.26 18:04:08.005,7.87684,7.87851,1.00,1.00
2017.09.26 18:04:08.107,7.87671,7.87837,1.00,1.00
2017.09.26 18:04:11.926,7.87657,7.87822,1.00,1.00
2017.09.26 18:04:14.405,7.87636,7.87796,1.00,1.00
2017.09.26 18:04:14.456,7.8763,7.87796,1.00,1.00
2017.09.26 18:04:14.577,7.87634,7.87796,1.00,1.00
2017.09.26 18:04:14.831,7.8763,7.87796,1.00,1.00
2017.09.26 18:04:15.034,7.87616,7.87782,1.00,1.00
2017.09.26 18:04:17.409,7.87636,7.87802,1.00,1.00
2017.09.26 18:04:18.085,7.87636,7.87803,1.00,1.00
2017.09.26 18:04:18.589,7.87636,7.87795,1.00,1.00
2017.09.26 18:04:18.746,7.87623,7.87789,1.00,1.00
2017.09.26 18:04:19.009,7.87608,7.87775,1.00,1.00
2017.09.26 18:04:20.155,7.87608,7.87769,1.00,1.00
2017.09.26 18:04:20.256,7.87595,7.87761,1.00,1.00
2017.09.26 18:04:20.358,7.87585,7.87747,1.00,1.00
2017.09.26 18:04:20.905,7.87586,7.87747,1.00,1.00
2017.09.26 18:04:22.057,7.8759,7.87747,1.00,1.00
2017.09.26 18:04:22.260,7.87598,7.8776,1.00,1.00
2017.09.26 18:04:22.315,7.87608,7.87775,1.00,1.00
2017.09.26 18:04:23.026,7.87613,7.87775,1.00,1.00
2017.09.26 18:04:23.188,7.87608,7.87775,1.00,1.00
2017.09.26 18:04:25.277,7.87613,7.87775,1.00,1.00
2017.09.26 18:04:25.526,7.87642,7.87808,1.00,1.50
2017.09.26 18:04:35.289,7.87654,7.87808,1.00,1.00
2017.09.26 18:04:35.340,7.87645,7.87808,1.00,1.00
2017.09.26 18:04:35.787,7.87649,7.87808,1.00,1.00
2017.09.26 18:04:36.112,7.87644,7.87808,1.00,1.00
2017.09.26 18:04:36.992,7.87642,7.87808,1.00,1.00
2017.09.26 18:04:38.554,7.87658,7.87824,1.00,1.00
2017.09.26 18:04:39.504,7.87645,7.87809,1.00,1.00
2017.09.26 18:04:39.905,7.87659,7.87823,1.00,1.00
2017.09.26 18:04:41.983,7.87664,7.87823,1.00,1.00
2017.09.26 18:04:42.186,7.87678,7.87844,1.00,1.00
2017.09.26 18:04:42.433,7.87701,7.87844,1.00,1.00
2017.09.26 18:04:42.484,7.87706,7.87857,1.00,1.00
2017.09.26 18:04:42.535,7.87691,7.87857,1.00,1.00
2017.09.26 18:04:42.586,7.87711,7.87872,1.00,1.00
2017.09.26 18:04:43.109,7.87684,7.8785,1.00,1.00
2017.09.26 18:04:43.418,7.87686,7.8785,1.00,1.00
2017.09.26 18:04:43.469,7.87698,7.87864,1.00,1.00
2017.09.26 18:04:43.676,7.87684,7.8785,1.00,1.00
2017.09.26 18:04:43.982,7.87684,7.87844,1.00,1.00
2017.09.26 18:04:44.185,7.87658,7.87824,1.00,1.00
2017.09.26 18:04:46.433,7.87676,7.87842,1.00,1.00
2017.09.26 18:04:46.586,7.87689,7.87856,1.00,1.00
2017.09.26 18:04:47.189,7.87703,7.87869,1.00,1.00
2017.09.26 18:04:47.714,7.87689,7.87856,1.00,1.00
2017.09.26 18:04:48.273,7.87675,7.87841,1.00,1.00
2017.09.26 18:04:51.284,7.87662,7.87828,1.00,1.00
2017.09.26 18:05:03.524,7.87668,7.87828,1.00,1.00
2017.09.26 18:05:03.828,7.87677,7.87828,1.00,1.00
2017.09.26 18:05:03.930,7.87677,7.87843,1.50,1.00
2017.09.26 18:05:04.412,7.8769,7.87848,1.00,1.00
2017.09.26 18:05:04.514,7.87678,7.87841,1.00,1.00
2017.09.26 18:05:04.616,7.87657,7.87823,1.00,1.00
2017.09.26 18:05:05.090,7.87663,7.87823,1.00,1.00
2017.09.26 18:05:05.141,7.8767,7.87836,1.00,1.00
2017.09.26 18:05:05.351,7.87683,7.8785,1.00,1.00
2017.09.26 18:05:05.452,7.87698,7.87862,1.00,1.00
2017.09.26 18:05:12.092,7.87667,7.87833,1.00,1.00
2017.09.26 18:05:12.448,7.87671,7.87833,1.00,1.00
2017.09.26 18:05:12.549,7.87691,7.87857,1.00,1.00
2017.09.26 18:05:12.651,7.87704,7.87862,1.00,1.00
2017.09.26 18:05:12.703,7.87704,7.87867,1.00,1.00
2017.09.26 18:05:13.075,7.87669,7.87832,1.00,1.00
2017.09.26 18:05:13.178,7.8768,7.87846,1.00,1.00
2017.09.26 18:05:13.279,7.87699,7.87866,1.00,1.00
2017.09.26 18:05:13.434,7.87686,7.87852,1.00,1.00
2017.09.26 18:05:22.427,7.87708,7.87875,1.00,1.00
2017.09.26 18:05:22.479,7.87695,7.87861,1.00,1.00
2017.09.26 18:05:22.799,7.87708,7.87875,1.00,1.00
2017.09.26 18:05:26.981,7.87712,7.87875,1.00,1.00
2017.09.26 18:05:27.032,7.87708,7.87875,1.00,1.00
2017.09.26 18:05:31.843,7.87708,7.87874,1.00,1.00
2017.09.26 18:05:31.894,7.87708,7.87872,1.00,1.00
2017.09.26 18:05:32.011,7.87684,7.8785,1.00,1.00
2017.09.26 18:05:32.298,7.87698,7.87864,1.00,1.00
2017.09.26 18:05:34.671,7.87698,7.87855,1.00,1.00
2017.09.26 18:05:34.723,7.87684,7.8785,1.00,1.00
2017.09.26 18:05:34.779,7.87671,7.87837,1.00,1.00
2017.09.26 18:05:35.083,7.87698,7.87864,1.00,1.00
2017.09.26 18:05:35.396,7.87718,7.87884,1.00,1.00
2017.09.26 18:05:38.128,7.87704,7.87871,1.00,1.00
2017.09.26 18:05:38.448,7.87713,7.87871,1.00,1.00
2017.09.26 18:05:38.499,7.87718,7.87884,1.00,1.00
2017.09.26 18:05:38.823,7.87704,7.87871,1.00,1.00
2017.09.26 18:05:40.617,7.87709,7.87871,1.00,1.00
2017.09.26 18:05:40.719,7.87718,7.87884,1.00,1.00
2017.09.26 18:05:41.206,7.87724,7.87884,1.00,1.00
2017.09.26 18:05:41.308,7.87731,7.87897,1.00,1.00
2017.09.26 18:05:41.940,7.87744,7.87897,1.00,1.00
2017.09.26 18:05:42.042,7.87745,7.8791,1.50,1.00
2017.09.26 18:05:42.144,7.87758,7.87924,1.00,1.00
2017.09.26 18:05:42.549,7.87745,7.8791,1.00,1.00
2017.09.26 18:05:42.702,7.87731,7.87897,1.00,1.00
2017.09.26 18:05:43.009,7.87719,7.87883,1.00,1.00
2017.09.26 18:05:43.531,7.87719,7.87884,1.00,1.00
2017.09.26 18:05:44.061,7.87722,7.87884,1.00,1.00
2017.09.26 18:05:44.986,7.87727,7.87884,1.00,1.00
2017.09.26 18:05:45.726,7.87732,7.87896,1.00,1.00
2017.09.26 18:05:47.116,7.87717,7.87883,1.00,1.00
2017.09.26 18:05:47.319,7.87707,7.8787,1.00,1.00
2017.09.26 18:05:47.370,7.87703,7.8787,1.50,1.00
2017.09.26 18:05:47.615,7.87708,7.8787,1.00,1.00
2017.09.26 18:05:48.130,7.87716,7.87882,1.00,1.00
2017.09.26 18:05:48.945,7.87721,7.87882,1.00,1.00
2017.09.26 18:05:49.047,7.87729,7.87896,1.00,1.00
2017.09.26 18:05:49.249,7.87721,7.87883,1.00,1.00
2017.09.26 18:05:49.351,7.87717,7.87883,1.00,1.00
2017.09.26 18:05:49.452,7.87701,7.87858,1.00,1.00
2017.09.26 18:05:49.554,7.87707,7.87873,1.00,1.00
2017.09.26 18:05:49.757,7.87711,7.87873,1.00,1.00
2017.09.26 18:05:49.858,7.87721,7.87885,1.00,1.00
2017.09.26 18:05:52.053,7.877,7.87866,1.00,1.00
2017.09.26 18:05:52.755,7.87704,7.87866,1.00,1.00
2017.09.26 18:05:53.308,7.87711,7.87866,1.00,1.00
2017.09.26 18:05:53.549,7.87713,7.8788,1.00,1.00
2017.09.26 18:05:54.329,7.87717,7.8788,1.00,1.00
2017.09.26 18:05:54.862,7.87721,7.8788,1.00,1.00
2017.09.26 18:05:54.913,7.87713,7.8788,1.00,1.00
2017.09.26 18:05:56.286,7.87716,7.8788,1.00,1.00
2017.09.26 18:05:56.706,7.87713,7.8788,1.50,1.00
2017.09.26 18:05:57.104,7.87718,7.8788,1.00,1.00
2017.09.26 18:05:57.354,7.87733,7.87897,1.00,1.00
2017.09.26 18:05:57.743,7.87719,7.87884,1.00,1.00
2017.09.26 18:05:57.957,7.87733,7.87897,1.00,1.00
2017.09.26 18:05:58.135,7.87718,7.87885,1.50,1.00
2017.09.26 18:05:58.274,7.87732,7.87885,1.00,1.00
2017.09.26 18:05:58.376,7.87738,7.87905,1.00,1.00
2017.09.26 18:05:58.846,7.87726,7.87892,1.50,1.00
2017.09.26 18:05:59.576,7.87742,7.87906,1.00,1.00
2017.09.26 18:06:13.907,7.87724,7.87889,1.00,1.00
2017.09.26 18:06:14.009,7.87736,7.87902,1.00,1.00
2017.09.26 18:06:16.515,7.87724,7.87888,1.50,1.00
2017.09.26 18:06:18.617,7.87737,7.87901,1.00,1.00
2017.09.26 18:06:19.982,7.87723,7.87889,1.00,1.00
2017.09.26 18:06:20.756,7.87724,7.87889,1.00,1.00
2017.09.26 18:06:21.297,7.87723,7.87889,1.00,1.00
2017.09.26 18:06:23.108,7.87724,7.87889,1.00,1.00
2017.09.26 18:06:23.159,7.8773,7.87889,1.00,1.00
2017.09.26 18:06:23.210,7.87736,7.87902,1.00,1.00
2017.09.26 18:06:24.930,7.87749,7.87902,1.00,1.00
2017.09.26 18:06:25.082,7.87763,7.87922,1.00,1.00
2017.09.26 18:06:25.133,7.87763,7.87929,1.00,1.00
2017.09.26 18:06:26.322,7.87744,7.8791,1.00,1.00
2017.09.26 18:06:27.238,7.87759,7.8791,1.00,1.00
2017.09.26 18:06:27.290,7.87764,7.87923,1.00,1.00
2017.09.26 18:06:27.341,7.87761,7.87923,1.00,1.00
2017.09.26 18:06:27.392,7.8777,7.87937,1.00,1.00
2017.09.26 18:06:34.399,7.8777,7.87936,1.00,1.00
2017.09.26 18:06:34.450,7.87756,7.87922,1.00,1.00
2017.09.26 18:06:36.507,7.87747,7.87908,1.00,1.00
2017.09.26 18:06:37.365,7.87748,7.87908,1.00,1.00
2017.09.26 18:06:37.890,7.87747,7.87908,1.00,1.00
2017.09.26 18:06:38.190,7.87727,7.87892,1.50,1.00
2017.09.26 18:06:38.381,7.87737,7.87892,1.00,1.00
2017.09.26 18:06:39.262,7.87737,7.87878,1.00,1.00
2017.09.26 18:06:39.313,7.87737,7.87898,1.00,1.00
2017.09.26 18:06:39.950,7.87738,7.87898,1.00,1.00
2017.09.26 18:06:40.952,7.87737,7.87898,1.00,1.00
2017.09.26 18:06:41.246,7.87747,7.87898,1.00,1.00
2017.09.26 18:06:41.550,7.87732,7.87898,1.00,1.00
2017.09.26 18:06:41.651,7.87747,7.87898,1.00,1.00
2017.09.26 18:06:42.245,7.87737,7.87893,2.25,1.00
2017.09.26 18:06:42.420,7.87737,7.87879,1.00,1.00
2017.09.26 18:06:44.441,7.87738,7.87879,1.00,1.00
2017.09.26 18:06:44.492,7.87712,7.87879,1.00,1.00
2017.09.26 18:06:50.217,7.87715,7.87879,1.00,1.00
2017.09.26 18:06:50.268,7.87712,7.87879,1.00,1.00
2017.09.26 18:06:50.482,7.87699,7.87858,1.00,1.00
2017.09.26 18:06:51.130,7.87701,7.87858,1.00,1.00
2017.09.26 18:06:52.738,7.87704,7.87858,1.00,1.00
2017.09.26 18:06:52.891,7.87725,7.8789,1.00,1.00
2017.09.26 18:07:07.503,7.87727,7.8789,1.00,1.00
2017.09.26 18:07:07.554,7.87725,7.8789,1.00,1.00
2017.09.26 18:07:11.595,7.87735,7.87902,1.00,1.00
2017.09.26 18:07:11.731,7.87716,7.87881,1.00,1.00
2017.09.26 18:07:12.219,7.87704,7.87867,1.00,1.00
2017.09.26 18:07:13.634,7.87701,7.87867,1.00,1.00
2017.09.26 18:07:14.824,7.87705,7.87867,1.00,1.00
2017.09.26 18:07:15.305,7.87701,7.87867,1.00,1.00
2017.09.26 18:07:15.508,7.87687,7.87848,1.22,1.00
2017.09.26 18:07:18.762,7.87687,7.87848,1.22,1.00
2017.09.26 18:07:21.319,7.87696,7.8786,1.00,1.00
2017.09.26 18:07:34.943,7.87705,7.8786,1.00,1.00
2017.09.26 18:07:35.045,7.87721,7.87885,1.00,1.00
2017.09.26 18:07:35.247,7.87707,7.87872,1.00,1.00
2017.09.26 18:07:36.035,7.87693,7.87859,1.30,1.00
2017.09.26 18:07:41.451,7.87695,7.87859,1.00,1.00
2017.09.26 18:07:42.424,7.87693,7.87859,1.30,1.00
2017.09.26 18:07:44.040,7.87696,7.87859,1.00,1.00
2017.09.26 18:07:44.243,7.87694,7.87859,1.00,1.00
2017.09.26 18:07:44.294,7.87706,7.87873,1.00,1.00
2017.09.26 18:07:47.416,7.87707,7.87873,1.00,1.00
2017.09.26 18:07:47.913,7.8771,7.87873,1.00,1.00
2017.09.26 18:07:48.245,7.87714,7.87873,1.00,1.00
2017.09.26 18:07:48.296,7.87724,7.87888,1.00,1.00
2017.09.26 18:07:55.687,7.87717,7.87874,1.00,1.00
2017.09.26 18:07:55.789,7.87722,7.87888,1.00,1.00
2017.09.26 18:07:59.810,7.87704,7.87868,1.00,1.00
2017.09.26 18:08:00.201,7.87708,7.87868,1.00,1.00
2017.09.26 18:08:00.254,7.87715,7.87882,1.00,1.00
2017.09.26 18:08:02.317,7.87707,7.87867,1.00,1.00
2017.09.26 18:08:02.850,7.87701,7.87867,1.00,1.00
2017.09.26 18:08:03.079,7.87704,7.87867,1.00,1.00
2017.09.26 18:08:03.395,7.87707,7.87867,1.00,1.00
2017.09.26 18:08:03.525,7.87701,7.87867,1.00,1.00
2017.09.26 18:08:03.627,7.87714,7.87881,1.00,1.00
2017.09.26 18:08:03.729,7.87699,7.87861,1.00,1.00
2017.09.26 18:08:03.830,7.87708,7.87874,1.00,1.00
2017.09.26 18:08:05.878,7.87712,7.87874,1.00,1.00
2017.09.26 18:08:05.929,7.87727,7.87893,1.00,1.00
2017.09.26 18:08:15.956,7.8771,7.87876,1.00,1.00
2017.09.26 18:08:19.817,7.87697,7.87863,1.00,1.00
2017.09.26 18:08:20.349,7.87696,7.87863,1.00,1.00
2017.09.26 18:08:20.653,7.8769,7.87856,1.22,1.00
2017.09.26 18:08:20.950,7.87703,7.87868,1.00,1.00
2017.09.26 18:08:22.857,7.87722,7.87889,1.00,1.50
2017.09.26 18:08:29.064,7.87725,7.87889,1.00,1.00
2017.09.26 18:08:29.267,7.87735,7.87901,1.00,1.00
2017.09.26 18:08:34.045,7.87721,7.87888,1.00,1.00
2017.09.26 18:08:35.628,7.87732,7.87888,1.00,1.00
2017.09.26 18:08:35.682,7.87735,7.87901,1.00,1.00
2017.09.26 18:08:39.178,7.87726,7.87882,1.00,1.00
2017.09.26 18:08:39.290,7.87729,7.87893,1.00,1.00
2017.09.26 18:08:42.389,7.87742,7.87908,1.00,1.00
2017.09.26 18:08:46.766,7.87745,7.87908,1.00,1.00
2017.09.26 18:08:46.817,7.8776,7.87925,1.00,1.00
2017.09.26 18:08:46.974,7.87781,7.87945,1.00,1.00
2017.09.26 18:08:47.076,7.87781,7.87948,1.00,1.00
2017.09.26 18:08:47.178,7.87796,7.8796,1.00,1.00
2017.09.26 18:08:47.486,7.87768,7.87935,1.00,1.00
2017.09.26 18:08:49.809,7.87768,7.87933,1.00,1.00
2017.09.26 18:08:50.066,7.87747,7.87913,1.00,1.00
2017.09.26 18:08:50.321,7.8776,7.87927,1.00,1.00
2017.09.26 18:08:50.422,7.87747,7.87913,1.00,1.00
2017.09.26 18:09:01.108,7.87734,7.879,1.00,1.00
2017.09.26 18:09:07.219,7.87738,7.879,1.00,1.00
2017.09.26 18:09:07.320,7.87752,7.87918,1.00,1.00
2017.09.26 18:09:16.053,7.87739,7.87905,1.00,1.00
2017.09.26 18:09:16.556,7.87728,7.87892,1.00,1.00
2017.09.26 18:09:16.607,7.87725,7.87892,1.00,1.00
2017.09.26 18:09:16.969,7.87727,7.87892,1.00,1.00
2017.09.26 18:09:18.091,7.87737,7.87892,1.00,1.00
2017.09.26 18:09:18.534,7.87739,7.87903,1.00,1.00
2017.09.26 18:09:25.790,7.8775,7.87917,1.00,1.00
2017.09.26 18:09:31.978,7.87737,7.87903,1.00,1.00
2017.09.26 18:09:32.284,7.8775,7.87917,1.00,1.00
2017.09.26 18:09:34.647,7.87752,7.87917,1.00,1.00
2017.09.26 18:09:34.699,7.87772,7.87938,1.00,1.00
2017.09.26 18:09:36.294,7.87752,7.87918,1.00,1.00
2017.09.26 18:09:37.594,7.87766,7.87933,1.00,1.00
2017.09.26 18:09:38.495,7.87751,7.87918,1.00,1.00
2017.09.26 18:09:40.101,7.87766,7.87932,1.00,1.00
2017.09.26 18:09:40.422,7.87779,7.87945,1.50,1.00
2017.09.26 18:09:40.524,7.87792,7.87959,1.00,1.00
2017.09.26 18:09:44.091,7.87806,7.87972,1.00,1.00
2017.09.26 18:09:44.475,7.87806,7.87967,1.00,1.00
2017.09.26 18:09:44.526,7.87783,7.87947,1.00,1.00
2017.09.26 18:09:44.812,7.87768,7.87934,1.50,1.00
2017.09.26 18:09:44.914,7.87784,7.8795,1.00,1.00
2017.09.26 18:10:00.595,7.87784,7.87949,1.00,1.00
2017.09.26 18:10:00.647,7.87775,7.87942,1.00,1.00
2017.09.26 18:10:08.249,7.87761,7.87926,1.00,1.00
2017.09.26 18:10:14.784,7.87762,7.87926,1.00,1.00
2017.09.26 18:10:14.886,7.8778,7.87947,1.00,1.50
2017.09.26 18:10:18.768,7.878,7.87967,1.00,1.50
2017.09.26 18:10:19.082,7.87777,7.87943,1.00,1.00
2017.09.26 18:10:30.052,7.87781,7.87943,1.00,1.00
2017.09.26 18:10:30.208,7.87777,7.87943,1.00,1.00
2017.09.26 18:10:33.007,7.8779,7.87943,1.00,1.00
2017.09.26 18:10:33.109,7.878,7.87963,1.00,1.00
2017.09.26 18:10:33.239,7.878,7.87966,1.00,1.00
2017.09.26 18:10:35.319,7.87805,7.87966,1.00,1.00
2017.09.26 18:10:35.421,7.8782,7.87986,1.00,1.50
2017.09.26 18:10:36.055,7.87822,7.87986,1.00,1.00
2017.09.26 18:10:36.231,7.87837,7.88003,1.00,1.00
2017.09.26 18:10:37.707,7.87855,7.88022,1.00,1.50
2017.09.26 18:10:37.809,7.87838,7.88005,1.00,1.00
2017.09.26 18:10:40.264,7.87826,7.87992,1.00,1.00
2017.09.26 18:10:44.234,7.87832,7.88005,1.00,1.00
2017.09.26 18:10:44.671,7.87832,7.88002,1.00,1.00
2017.09.26 18:10:47.470,7.87832,7.88005,1.00,1.00
2017.09.26 18:10:47.876,7.87846,7.8801,1.00,1.00
2017.09.26 18:11:02.557,7.87867,7.88031,1.00,1.50
2017.09.26 18:11:04.697,7.87849,7.88015,1.00,1.00
2017.09.26 18:11:04.800,7.87863,7.8803,1.00,1.00
2017.09.26 18:11:05.003,7.87878,7.88042,1.00,1.00
2017.09.26 18:11:05.256,7.87862,7.88029,1.00,1.00
2017.09.26 18:11:05.307,7.87862,7.88026,1.00,1.00
2017.09.26 18:11:05.512,7.87836,7.88002,1.00,1.00
2017.09.26 18:11:05.563,7.87839,7.88002,1.00,1.00
2017.09.26 18:11:05.715,7.87836,7.88002,1.00,1.00
2017.09.26 18:11:05.969,7.8787,7.88022,1.00,1.00
2017.09.26 18:11:06.020,7.8787,7.88034,1.00,1.00
2017.09.26 18:11:06.128,7.8787,7.8803,1.00,1.00
2017.09.26 18:11:06.179,7.87859,7.88024,1.00,1.00
2017.09.26 18:11:06.281,7.87842,7.88009,1.00,1.00
2017.09.26 18:11:06.433,7.87861,7.88009,1.00,1.00
2017.09.26 18:11:06.485,7.87866,7.88028,1.00,1.00
2017.09.26 18:11:06.536,7.87866,7.88032,1.00,1.00
2017.09.26 18:11:07.279,7.8789,7.88052,1.00,1.00
2017.09.26 18:11:07.330,7.8789,7.88054,1.00,2.25
2017.09.26 18:11:07.381,7.87873,7.8804,1.00,1.00
2017.09.26 18:11:08.090,7.87874,7.88041,1.00,1.00
2017.09.26 18:11:08.192,7.87879,7.88041,1.00,1.00
2017.09.26 18:11:08.498,7.87909,7.88074,1.00,1.50
2017.09.26 18:11:09.092,7.87908,7.88074,1.00,1.00
2017.09.26 18:11:10.515,7.87895,7.8806,1.00,1.00
2017.09.26 18:11:10.617,7.87912,7.88078,1.00,1.00
2017.09.26 18:11:19.426,7.87892,7.88054,1.00,1.00
2017.09.26 18:11:19.478,7.8789,7.88054,1.00,1.00
2017.09.26 18:11:20.003,7.87891,7.88054,1.00,1.00
2017.09.26 18:11:20.525,7.87883,7.8804,1.00,1.00
2017.09.26 18:11:21.730,7.87875,7.8804,1.00,1.00
2017.09.26 18:11:23.430,7.87867,7.88022,1.00,1.00
2017.09.26 18:11:24.164,7.87856,7.88022,1.00,1.00
2017.09.26 18:11:24.215,7.87843,7.88009,1.00,1.00
2017.09.26 18:11:24.418,7.87861,7.88028,1.00,1.00
2017.09.26 18:11:24.929,7.87864,7.88028,1.00,1.00
2017.09.26 18:11:25.031,7.87874,7.88041,1.00,1.00
2017.09.26 18:11:25.807,7.87888,7.88052,1.00,1.00
2017.09.26 18:11:32.037,7.87891,7.88052,1.00,1.00
2017.09.26 18:11:32.524,7.87896,7.88052,1.00,1.00
2017.09.26 18:11:32.626,7.87902,7.88068,1.00,1.00
2017.09.26 18:11:34.060,7.87888,7.88055,1.00,1.50
2017.09.26 18:11:34.253,7.8787,7.88035,1.00,1.00
2017.09.26 18:11:34.457,7.87882,7.88048,1.00,1.00
2017.09.26 18:11:42.751,7.87863,7.8803,1.00,1.00
2017.09.26 18:11:58.058,7.87843,7.8801,1.50,1.00
2017.09.26 18:12:18.590,7.87852,7.88018,1.00,1.00
2017.09.26 18:12:20.507,7.87838,7.88005,1.00,1.00
2017.09.26 18:12:21.056,7.87839,7.88005,1.00,1.00
2017.09.26 18:12:21.107,7.8785,7.88005,1.00,1.00
2017.09.26 18:12:21.159,7.8784,7.88005,1.38,1.00
2017.09.26 18:12:21.210,7.87858,7.88022,1.00,1.00
2017.09.26 18:12:33.316,7.87873,7.88035,1.00,1.00
2017.09.26 18:12:33.418,7.87859,7.88026,1.00,1.00
2017.09.26 18:12:33.520,7.87846,7.88012,1.00,1.00
2017.09.26 18:12:37.653,7.8786,7.88025,1.00,1.00
2017.09.26 18:12:55.171,7.8786,7.88016,1.00,1.00
2017.09.26 18:12:55.223,7.8786,7.88021,1.00,1.00
2017.09.26 18:12:55.274,7.87846,7.88012,1.00,1.00
2017.09.26 18:12:55.325,7.87846,7.88012,1.00,1.38
2017.09.26 18:12:55.376,7.87846,7.88012,1.00,1.00
2017.09.26 18:12:55.478,7.87826,7.87992,1.22,1.00
2017.09.26 18:12:55.681,7.8783,7.87997,1.22,1.00
2017.09.26 18:12:55.957,7.87838,7.87997,1.00,1.00
2017.09.26 18:12:56.109,7.87858,7.88022,1.00,1.00
2017.09.26 18:12:59.027,7.87858,7.88019,1.00,1.00
2017.09.26 18:12:59.078,7.87844,7.8801,1.00,1.00
2017.09.26 18:13:18.593,7.87833,7.87999,1.30,1.00
2017.09.26 18:13:22.114,7.87833,7.87999,1.00,1.37
2017.09.26 18:13:22.458,7.87813,7.87979,1.30,1.00
2017.09.26 18:13:23.076,7.87822,7.87979,1.30,1.00
2017.09.26 18:13:26.694,7.87813,7.87979,1.46,1.00
2017.09.26 18:13:27.362,7.87813,7.87979,1.46,1.00
2017.09.26 18:13:27.912,7.87813,7.87979,1.46,1.00
2017.09.26 18:13:29.156,7.87813,7.87979,1.30,1.00
2017.09.26 18:13:30.450,7.87813,7.8797,1.22,1.37
2017.09.26 18:13:30.552,7.87768,7.87916,1.00,1.00
2017.09.26 18:13:30.653,7.87719,7.87885,1.00,1.00
2017.09.26 18:13:30.704,7.87722,7.87885,1.00,1.00
2017.09.26 18:13:30.906,7.87733,7.87899,1.00,1.00
2017.09.26 18:13:35.964,7.87713,7.87879,1.00,1.00
2017.09.26 18:13:39.102,7.87713,7.87854,1.00,1.37
2017.09.26 18:13:39.254,7.87621,7.87772,1.00,1.00
2017.09.26 18:13:39.305,7.87621,7.87763,1.00,1.60
2017.09.26 18:13:39.356,7.8758,7.87731,1.00,1.00
2017.09.26 18:13:39.407,7.8758,7.87704,1.00,1.00
2017.09.26 18:13:39.458,7.87531,7.87695,1.00,1.00
2017.09.26 18:13:39.509,7.87531,7.87684,1.00,1.00
2017.09.26 18:13:39.560,7.87495,7.87662,1.00,1.00
2017.09.26 18:13:39.662,7.87495,7.87651,1.00,1.00
2017.09.26 18:13:39.765,7.87478,7.87645,1.00,1.00
2017.09.26 18:13:39.815,7.87478,7.87643,1.00,1.00
2017.09.26 18:13:39.866,7.87463,7.8763,1.00,1.00
2017.09.26 18:13:40.013,7.87452,7.87616,1.00,1.00
2017.09.26 18:13:40.798,7.87452,7.87615,1.00,1.00
2017.09.26 18:13:41.305,7.87452,7.87616,1.00,1.00
2017.09.26 18:13:41.558,7.87432,7.87598,1.00,1.00
2017.09.26 18:13:46.040,7.87432,7.87593,1.00,1.00
2017.09.26 18:13:46.232,7.87413,7.87579,1.00,1.00
2017.09.26 18:13:50.897,7.87432,7.87598,1.00,1.00
2017.09.26 18:13:57.381,7.87441,7.87598,1.00,1.00
2017.09.26 18:13:57.483,7.87452,7.87618,1.00,1.00
2017.09.26 18:13:57.597,7.87472,7.87638,1.00,1.00
2017.09.26 18:13:58.107,7.87485,7.87651,1.00,1.00
2017.09.26 18:13:58.447,7.87485,7.8764,1.00,1.00
2017.09.26 18:13:58.613,7.87485,7.87651,1.00,1.00
2017.09.26 18:14:08.184,7.87467,7.87634,1.00,1.00
2017.09.26 18:14:08.422,7.87481,7.87647,1.00,1.00
2017.09.26 18:14:20.967,7.87485,7.87647,1.00,1.00
2017.09.26 18:14:21.318,7.87488,7.87647,1.00,1.00
2017.09.26 18:14:21.420,7.87498,7.87665,1.00,1.00
2017.09.26 18:14:28.993,7.87506,7.87665,1.00,1.00
2017.09.26 18:14:29.095,7.87498,7.87665,1.00,1.00
2017.09.26 18:14:38.546,7.87514,7.87665,1.00,1.00
2017.09.26 18:14:38.653,7.87506,7.87667,1.00,1.00
2017.09.26 18:14:38.704,7.87501,7.87667,1.50,1.00
2017.09.26 18:14:39.551,7.87507,7.87667,1.00,1.00
2017.09.26 18:14:39.653,7.87515,7.8768,1.00,1.00
2017.09.26 18:14:43.146,7.87496,7.87662,1.00,1.00
2017.09.26 18:14:50.655,7.87497,7.87662,1.00,1.00
2017.09.26 18:14:50.706,7.87509,7.87662,1.00,1.00
2017.09.26 18:14:50.807,7.8751,7.87676,1.00,1.00
2017.09.26 18:14:52.668,7.87519,7.87676,1.00,1.00
2017.09.26 18:14:52.769,7.87524,7.87689,1.00,1.00
2017.09.26 18:14:54.064,7.8751,7.87676,1.00,1.00
2017.09.26 18:14:59.539,7.87515,7.87676,1.00,1.00
2017.09.26 18:15:00.072,7.8751,7.87676,1.00,1.00
2017.09.26 18:15:01.797,7.87512,7.87676,1.00,1.00
2017.09.26 18:15:02.251,7.8751,7.87676,1.00,1.00
2017.09.26 18:15:05.666,7.87515,7.87676,1.00,1.00
2017.09.26 18:15:09.178,7.8751,7.87676,1.00,1.00
2017.09.26 18:15:09.229,7.87498,7.87658,1.00,1.00
2017.09.26 18:15:12.352,7.87501,7.87658,1.00,1.00
2017.09.26 18:15:14.595,7.87503,7.87658,1.00,1.00
2017.09.26 18:15:16.353,7.87508,7.87658,1.00,1.00
2017.09.26 18:15:16.454,7.87513,7.8768,1.00,1.00
2017.09.26 18:15:16.968,7.87514,7.8768,1.00,1.00
2017.09.26 18:15:17.680,7.87513,7.8768,1.00,1.00
2017.09.26 18:15:18.159,7.87513,7.87677,1.00,1.00
2017.09.26 18:15:18.210,7.87513,7.8768,1.00,1.00
2017.09.26 18:15:25.373,7.87515,7.8768,1.00,1.00
2017.09.26 18:15:27.325,7.87521,7.8768,1.00,1.00
2017.09.26 18:15:27.426,7.87519,7.8768,1.00,1.00
2017.09.26 18:15:28.641,7.87513,7.8768,1.00,1.00
2017.09.26 18:15:28.850,7.87515,7.8768,1.00,1.00
2017.09.26 18:15:30.270,7.87519,7.8768,1.00,1.00
2017.09.26 18:15:32.139,7.87523,7.8768,1.00,1.00
2017.09.26 18:15:34.897,7.87525,7.8768,1.00,1.00
2017.09.26 18:15:37.909,7.87519,7.8768,1.00,1.00
2017.09.26 18:15:38.042,7.87523,7.8768,1.00,1.00
2017.09.26 18:15:38.696,7.87529,7.87694,1.00,1.00
2017.09.26 18:15:40.790,7.87515,7.87682,1.00,1.00
2017.09.26 18:15:49.382,7.87516,7.87682,1.00,1.00
2017.09.26 18:15:51.488,7.87523,7.87682,1.00,1.00
2017.09.26 18:15:51.590,7.8753,7.87695,1.00,1.00
2017.09.26 18:15:51.966,7.87516,7.87682,1.00,1.00
2017.09.26 18:15:53.447,7.87521,7.87682,1.00,1.00
2017.09.26 18:15:54.477,7.87516,7.87682,1.00,1.00
2017.09.26 18:15:54.579,7.87587,7.87702,1.87,1.00
2017.09.26 18:15:54.732,7.87537,7.87702,1.00,1.00
2017.09.26 18:15:55.991,7.87523,7.87689,1.50,1.00
2017.09.26 18:15:57.543,7.87607,7.87689,1.50,1.00
2017.09.26 18:15:57.594,7.87589,7.87703,1.37,1.00
2017.09.26 18:15:57.645,7.87602,7.87703,1.50,1.00
2017.09.26 18:15:57.696,7.87602,7.87723,1.50,1.00
2017.09.26 18:15:57.747,7.87557,7.87723,1.00,1.00
2017.09.26 18:15:57.880,7.87562,7.87696,1.00,1.00
2017.09.26 18:15:57.981,7.87564,7.87711,1.00,1.00
2017.09.26 18:15:58.083,7.87531,7.87697,1.00,1.00
2017.09.26 18:16:05.999,7.8756,7.87697,2.06,1.00
2017.09.26 18:16:06.151,7.87593,7.87697,1.50,1.00
2017.09.26 18:16:06.202,7.87532,7.87697,1.00,1.00
2017.09.26 18:16:06.303,7.87587,7.87723,1.50,1.00
2017.09.26 18:16:06.629,7.87608,7.87697,1.50,1.00
2017.09.26 18:16:06.730,7.87593,7.87697,3.00,1.00
2017.09.26 18:16:06.832,7.87532,7.87697,1.00,1.00
2017.09.26 18:16:06.883,7.87588,7.87697,2.06,1.00
2017.09.26 18:16:06.985,7.87593,7.87716,3.56,1.00
2017.09.26 18:16:07.036,7.87574,7.87716,1.00,1.00
2017.09.26 18:16:07.087,7.87574,7.87701,1.00,1.00
2017.09.26 18:16:07.139,7.87537,7.87701,1.00,1.00
2017.09.26 18:16:07.190,7.87607,7.87689,1.50,1.00
2017.09.26 18:16:07.292,7.87592,7.87702,3.00,1.00
2017.09.26 18:16:07.343,7.87545,7.87702,1.00,1.00
2017.09.26 18:16:07.394,7.87587,7.87702,1.87,1.00
2017.09.26 18:16:07.496,7.87593,7.87702,3.00,1.00
2017.09.26 18:16:07.547,7.87602,7.87702,1.50,1.00
2017.09.26 18:16:07.598,7.87602,7.87728,1.50,1.00
2017.09.26 18:16:07.649,7.87563,7.87728,1.00,1.00
2017.09.26 18:16:07.700,7.87588,7.87712,2.06,1.00
2017.09.26 18:16:07.903,7.87567,7.87699,1.00,1.00
2017.09.26 18:16:07.954,7.87551,7.87699,1.00,1.00
2017.09.26 18:16:08.007,7.87555,7.87721,1.00,1.00
2017.09.26 18:16:08.059,7.87579,7.87721,1.00,1.00
2017.09.26 18:16:08.318,7.87546,7.87713,1.00,1.00
2017.09.26 18:16:08.369,7.87607,7.87713,2.06,1.00
2017.09.26 18:16:08.471,7.87602,7.877,1.50,1.00
2017.09.26 18:16:08.623,7.87543,7.877,1.00,1.00
2017.09.26 18:16:08.738,7.87589,7.877,1.00,1.00
2017.09.26 18:16:08.991,7.87603,7.8772,1.50,1.00
2017.09.26 18:16:09.042,7.87558,7.87724,1.00,1.00
2017.09.26 18:16:09.093,7.87589,7.87724,1.56,1.00
2017.09.26 18:16:09.245,7.87549,7.87701,1.00,1.00
2017.09.26 18:16:09.349,7.87535,7.87701,1.00,1.00
2017.09.26 18:16:09.400,7.87589,7.87701,1.56,1.00
2017.09.26 18:16:09.552,7.87549,7.87701,1.00,1.00
2017.09.26 18:16:09.603,7.87545,7.87701,1.00,1.00
2017.09.26 18:16:09.654,7.87579,7.87701,1.00,1.00
2017.09.26 18:16:09.857,7.87534,7.87701,1.00,1.00
2017.09.26 18:16:12.573,7.8756,7.87701,1.87,1.00
2017.09.26 18:16:12.725,7.87603,7.87713,1.50,1.00
2017.09.26 18:16:12.776,7.87549,7.87713,1.00,1.00
2017.09.26 18:16:12.877,7.87589,7.87713,1.37,1.00
2017.09.26 18:16:13.080,7.87549,7.87713,1.00,1.00
2017.09.26 18:16:13.131,7.87617,7.87713,1.50,1.00
2017.09.26 18:16:13.233,7.87603,7.87713,1.50,1.00
2017.09.26 18:16:13.284,7.87562,7.87713,1.00,1.00
2017.09.26 18:16:13.424,7.87579,7.87713,1.00,1.00
2017.09.26 18:16:13.728,7.87592,7.87713,3.00,1.00
2017.09.26 18:16:13.779,7.87588,7.87713,1.50,1.00
2017.09.26 18:16:13.830,7.87617,7.87713,1.50,1.00
2017.09.26 18:16:13.932,7.87602,7.87713,1.50,1.00
2017.09.26 18:16:13.983,7.87559,7.87713,1.00,1.00
2017.09.26 18:16:14.034,7.87549,7.87713,1.00,1.00
2017.09.26 18:16:14.085,7.87617,7.87713,1.50,1.00
2017.09.26 18:16:14.136,7.87579,7.87713,1.37,1.00
2017.09.26 18:16:14.187,7.87593,7.87713,3.00,1.00
2017.09.26 18:16:14.289,7.87587,7.87713,1.87,1.00
2017.09.26 18:16:14.514,7.87561,7.87713,1.00,1.00
2017.09.26 18:16:14.565,7.87597,7.87713,1.87,1.00
2017.09.26 18:16:14.869,7.87559,7.87713,1.00,1.00
2017.09.26 18:16:14.920,7.87568,7.87733,1.00,1.00
2017.09.26 18:16:14.971,7.87627,7.87733,1.87,1.00
2017.09.26 18:16:15.174,7.8756,7.87707,1.00,1.00
2017.09.26 18:16:15.226,7.8756,7.87722,1.37,1.00
2017.09.26 18:16:15.480,7.87544,7.8771,1.00,1.00
2017.09.26 18:16:15.531,7.87617,7.8771,1.50,1.00
2017.09.26 18:16:15.634,7.87602,7.87726,1.50,1.00
2017.09.26 18:16:15.686,7.8756,7.87726,1.00,1.00
2017.09.26 18:16:15.737,7.87545,7.87706,1.25,1.00
2017.09.26 18:16:16.040,7.87557,7.87724,1.00,1.00
2017.09.26 18:16:16.091,7.87599,7.87724,1.00,1.00
2017.09.26 18:16:16.297,7.87555,7.87721,1.00,1.00
2017.09.26 18:16:16.348,7.87587,7.87721,1.50,1.00
2017.09.26 18:16:16.500,7.87542,7.87708,1.00,1.00
2017.09.26 18:16:16.926,7.87587,7.87708,1.87,1.00
2017.09.26 18:16:17.078,7.8758,7.87708,1.00,1.00
2017.09.26 18:16:17.129,7.8758,7.8773,1.00,1.00
2017.09.26 18:16:17.180,7.87564,7.8773,1.00,1.00
2017.09.26 18:16:17.232,7.87587,7.87707,1.50,1.00
2017.09.26 18:16:17.384,7.87541,7.87707,1.00,1.00
2017.09.26 18:16:17.435,7.87566,7.8773,1.00,1.00
2017.09.26 18:16:17.555,7.87541,7.87706,1.00,1.00
2017.09.26 18:16:18.439,7.8755,7.87706,1.00,1.00
2017.09.26 18:16:18.591,7.87541,7.87706,1.00,1.00
2017.09.26 18:16:18.743,7.87617,7.87706,1.50,1.00
2017.09.26 18:16:18.844,7.87602,7.87706,1.50,1.00
2017.09.26 18:16:18.895,7.87546,7.87706,1.00,1.00
2017.09.26 18:16:18.997,7.87607,7.87706,1.50,1.00
2017.09.26 18:16:19.098,7.87592,7.87706,3.00,1.00
2017.09.26 18:16:19.200,7.87547,7.87706,1.00,1.00
2017.09.26 18:16:19.251,7.87587,7.87683,1.87,1.00
2017.09.26 18:16:19.509,7.87602,7.87695,1.50,1.00
2017.09.26 18:16:19.611,7.87568,7.87695,1.00,1.00
2017.09.26 18:16:19.662,7.87579,7.87695,1.00,1.00
2017.09.26 18:16:19.988,7.87617,7.87695,1.50,1.00
2017.09.26 18:16:20.039,7.87602,7.87695,1.50,1.00
2017.09.26 18:16:20.090,7.87568,7.87695,1.00,1.00
2017.09.26 18:16:20.192,7.87607,7.87695,1.50,1.00
2017.09.26 18:16:20.293,7.87592,7.87683,3.00,1.00
2017.09.26 18:16:20.395,7.87554,7.87683,1.00,1.00
2017.09.26 18:16:20.446,7.87607,7.87683,1.50,1.00
2017.09.26 18:16:20.548,7.87592,7.87683,3.37,1.00
2017.09.26 18:16:20.599,7.87603,7.87683,1.50,1.00
2017.09.26 18:16:20.700,7.87554,7.87683,1.00,1.00
2017.09.26 18:16:20.751,7.87589,7.87683,1.37,1.00
2017.09.26 18:16:20.912,7.87554,7.87683,1.00,1.00
2017.09.26 18:16:21.013,7.87557,7.87683,1.00,1.00
2017.09.26 18:16:21.216,7.87554,7.87683,1.50,1.00
2017.09.26 18:16:21.317,7.8757,7.87699,1.00,1.00
2017.09.26 18:16:21.621,7.87604,7.87699,3.37,1.00
2017.09.26 18:16:21.672,7.87604,7.87699,3.00,1.00
2017.09.26 18:16:21.723,7.87585,7.87714,1.00,1.00
2017.09.26 18:16:21.824,7.87628,7.87714,1.50,1.00
2017.09.26 18:16:22.027,7.87613,7.87703,1.50,1.00
2017.09.26 18:16:22.129,7.87574,7.87703,1.00,1.00
2017.09.26 18:16:22.180,7.87599,7.87703,1.37,1.00
2017.09.26 18:16:22.281,7.87603,7.87703,3.00,1.00
2017.09.26 18:16:22.332,7.87574,7.87703,1.00,1.00
2017.09.26 18:16:22.434,7.87597,7.87703,1.87,1.00
2017.09.26 18:16:22.637,7.8756,7.87689,1.00,1.00
2017.09.26 18:16:22.739,7.87617,7.87706,1.50,1.00
2017.09.26 18:16:22.790,7.87598,7.87706,1.87,1.00
2017.09.26 18:16:22.841,7.87603,7.87706,3.00,1.00
2017.09.26 18:16:22.944,7.87577,7.87706,1.00,1.00
2017.09.26 18:16:23.046,7.87558,7.87687,1.00,1.00
2017.09.26 18:16:25.345,7.87561,7.87687,1.00,1.00
2017.09.26 18:16:25.548,7.87573,7.87702,1.00,1.00
2017.09.26 18:16:25.650,7.87616,7.87745,1.00,1.00
2017.09.26 18:16:25.953,7.87568,7.87697,1.00,1.00
2017.09.26 18:16:26.823,7.87582,7.87711,1.00,1.00
2017.09.26 18:16:27.381,7.8757,7.87697,1.00,1.00
2017.09.26 18:16:45.739,7.87576,7.87698,1.00,1.00
2017.09.26 18:17:05.488,7.87588,7.87708,1.00,1.00
2017.09.26 18:17:05.767,7.87572,7.87695,1.00,1.00
2017.09.26 18:17:07.800,7.87559,7.87681,1.00,1.00
2017.09.26 18:17:08.106,7.87546,7.87668,1.00,1.00
2017.09.26 18:17:12.315,7.87554,7.87668,1.00,1.00
2017.09.26 18:17:12.416,7.87574,7.87697,1.00,1.00
2017.09.26 18:17:17.404,7.87594,7.87717,1.00,1.00
2017.09.26 18:17:17.708,7.8761,7.87733,1.00,1.00
2017.09.26 18:17:18.208,7.87594,7.87716,1.00,1.00
2017.09.26 18:17:19.009,7.87581,7.87704,1.00,1.00
2017.09.26 18:17:25.302,7.87602,7.87723,1.00,1.00
2017.09.26 18:17:27.102,7.8759,7.8771,1.00,1.00
2017.09.26 18:17:39.420,7.87649,7.8771,1.00,1.00
2017.09.26 18:17:39.566,7.87675,7.87748,1.00,1.00
2017.09.26 18:17:39.617,7.87708,7.87876,1.07,1.00
2017.09.26 18:17:39.668,7.87736,7.87859,1.00,1.00
2017.09.26 18:17:39.769,7.87765,7.87887,1.00,1.00
2017.09.26 18:17:40.081,7.87765,7.87854,1.00,1.00
2017.09.26 18:17:40.132,7.87745,7.87842,1.50,1.00
2017.09.26 18:17:40.184,7.87745,7.87836,1.00,1.00
2017.09.26 18:17:40.235,7.87725,7.87836,1.00,1.00
2017.09.26 18:17:40.286,7.87714,7.87836,1.00,1.00
2017.09.26 18:17:40.388,7.87714,7.87829,1.00,1.00
2017.09.26 18:17:40.439,7.87694,7.87815,1.00,1.00
2017.09.26 18:17:40.684,7.87676,7.87798,1.00,1.00
2017.09.26 18:17:41.731,7.87693,7.87815,1.00,1.00
2017.09.26 18:17:42.647,7.87706,7.87829,1.00,1.00
2017.09.26 18:17:42.748,7.87733,7.87856,1.00,1.00
2017.09.26 18:17:46.762,7.87747,7.87869,1.00,1.00
2017.09.26 18:17:46.982,7.87754,7.87877,1.00,1.00
2017.09.26 18:17:49.379,7.87771,7.87891,1.00,1.00
2017.09.26 18:17:49.830,7.87771,7.87893,1.00,1.00
2017.09.26 18:17:56.353,7.87756,7.87878,1.00,1.00
2017.09.26 18:18:18.035,7.87779,7.87901,1.00,1.00
2017.09.26 18:18:35.123,7.87779,7.879,1.00,1.00
2017.09.26 18:18:35.372,7.87767,7.8789,1.00,1.00
2017.09.26 18:18:40.171,7.87755,7.87875,1.00,1.00
2017.09.26 18:18:44.350,7.87781,7.87896,1.00,1.00
2017.09.26 18:18:44.401,7.87781,7.87903,1.00,1.00
2017.09.26 18:18:44.452,7.87795,7.87915,1.00,1.00
2017.09.26 18:18:49.269,7.8781,7.87932,1.00,1.00
2017.09.26 18:18:52.657,7.87796,7.87919,1.00,1.00
2017.09.26 18:18:59.999,7.87812,7.87934,1.00,1.00
2017.09.26 18:19:01.874,7.87798,7.87921,1.00,1.00
2017.09.26 18:19:02.393,7.87812,7.87934,1.00,1.00
2017.09.26 18:19:10.283,7.87793,7.87913,1.00,1.00
2017.09.26 18:19:10.409,7.87778,7.87901,1.00,1.00
2017.09.26 18:19:14.310,7.87794,7.87916,1.00,1.00
2017.09.26 18:19:15.692,7.87814,7.87936,1.00,1.00
2017.09.26 18:19:18.613,7.87827,7.87949,1.00,1.00
2017.09.26 18:19:23.331,7.8781,7.87933,1.00,1.00
2017.09.26 18:19:27.846,7.87829,7.87951,1.00,1.00
2017.09.26 18:19:33.261,7.8785,7.87977,1.00,1.00
2017.09.26 18:19:35.378,7.8785,7.87976,1.00,1.00
2017.09.26 18:19:36.166,7.8785,7.87977,1.00,1.00
2017.09.26 18:19:37.085,7.8785,7.87974,1.00,1.00
2017.09.26 18:19:37.137,7.87832,7.87959,1.00,1.00
2017.09.26 18:19:41.609,7.87832,7.87954,1.00,1.00
2017.09.26 18:19:41.945,7.87811,7.87881,1.00,1.00
2017.09.26 18:19:41.997,7.87802,7.87889,1.00,1.00
2017.09.26 18:19:42.048,7.87801,7.87884,1.00,1.00
2017.09.26 18:19:42.098,7.8781,7.8789,1.00,1.00
2017.09.26 18:19:42.149,7.87701,7.879,1.00,1.00
2017.09.26 18:19:42.200,7.87691,7.8789,1.19,1.00
2017.09.26 18:19:42.251,7.87694,7.87893,1.19,1.00
2017.09.26 18:19:42.353,7.87688,7.87887,1.19,1.00
2017.09.26 18:19:42.404,7.87693,7.8789,1.19,1.00
2017.09.26 18:19:42.627,7.87763,7.87899,1.50,1.00
2017.09.26 18:19:42.931,7.87803,7.87939,1.00,1.00
2017.09.26 18:19:43.663,7.87816,7.87945,1.00,1.00
2017.09.26 18:19:43.968,7.87843,7.87968,1.00,1.00
2017.09.26 18:19:45.133,7.87843,7.87973,1.00,1.00
2017.09.26 18:19:45.184,7.87843,7.87958,1.00,1.00
2017.09.26 18:19:45.286,7.87826,7.87958,1.00,1.00
2017.09.26 18:19:45.353,7.87826,7.87962,1.00,1.00
2017.09.26 18:19:46.979,7.87826,7.87959,1.00,1.00
2017.09.26 18:19:47.081,7.87826,7.87962,1.00,1.00
2017.09.26 18:19:47.289,7.87819,7.87948,1.00,1.00
2017.09.26 18:19:50.580,7.87831,7.87967,1.00,1.00
2017.09.26 18:19:50.784,7.87844,7.87974,1.00,1.00
2017.09.26 18:19:51.585,7.87872,7.87999,1.00,1.00
2017.09.26 18:19:53.572,7.87857,7.87986,1.00,1.00
2017.09.26 18:19:53.690,7.87841,7.87968,1.00,1.00
2017.09.26 18:19:54.502,7.8786,7.87989,1.00,1.00
2017.09.26 18:19:54.604,7.87846,7.87975,1.00,1.00
2017.09.26 18:19:55.684,7.87859,7.87985,1.00,1.00
2017.09.26 18:19:56.596,7.87848,7.8797,1.00,1.00
2017.09.26 18:19:56.899,7.87873,7.87996,1.00,1.00
2017.09.26 18:19:57.028,7.87853,7.87976,1.50,1.00
2017.09.26 18:19:58.973,7.87833,7.87956,1.00,1.00
2017.09.26 18:19:59.300,7.8786,7.87982,1.00,1.00
2017.09.26 18:20:03.167,7.8788,7.88002,1.00,1.00
2017.09.26 18:20:03.218,7.87893,7.88022,1.00,1.00
2017.09.26 18:20:03.780,7.87879,7.88001,1.00,1.00
2017.09.26 18:20:06.096,7.87855,7.87977,1.00,1.00
2017.09.26 18:20:06.199,7.87841,7.87964,1.00,1.00
2017.09.26 18:20:06.424,7.87828,7.8795,1.00,1.00
2017.09.26 18:20:08.307,7.87803,7.87926,1.00,1.00
2017.09.26 18:20:09.803,7.87816,7.87938,1.00,1.00
2017.09.26 18:20:12.152,7.87789,7.87912,1.00,1.00
2017.09.26 18:20:17.540,7.87777,7.87897,1.00,1.00
2017.09.26 18:20:17.642,7.87763,7.87885,1.00,1.00
2017.09.26 18:20:19.209,7.87777,7.87897,1.00,1.00
2017.09.26 18:20:19.405,7.87789,7.87912,1.00,1.00
2017.09.26 18:20:19.824,7.87809,7.87932,1.00,1.00
2017.09.26 18:20:20.133,7.8783,7.87951,1.00,1.00
2017.09.26 18:20:23.966,7.87843,7.87965,1.00,1.00
2017.09.26 18:20:24.017,7.87856,7.87979,1.00,1.00
2017.09.26 18:20:24.118,7.87842,7.87965,1.00,1.00
2017.09.26 18:20:33.977,7.87822,7.87944,1.00,1.00
2017.09.26 18:20:34.342,7.87839,7.8796,1.00,1.00
2017.09.26 18:20:34.482,7.87852,7.87974,1.00,1.00
2017.09.26 18:20:39.344,7.87832,7.87941,1.00,1.00
2017.09.26 18:20:39.395,7.87818,7.87941,1.00,1.00
2017.09.26 18:20:40.271,7.87836,7.87959,1.00,1.00
2017.09.26 18:20:40.688,7.87856,7.87979,1.00,1.00
2017.09.26 18:20:41.188,7.87833,7.87955,1.00,1.00
2017.09.26 18:20:50.504,7.87855,7.87976,1.00,1.00
2017.09.26 18:20:53.237,7.87868,7.8799,1.00,1.00
2017.09.26 18:21:02.842,7.87848,7.8797,1.00,1.00
2017.09.26 18:21:18.613,7.8785,7.87973,1.00,1.00
2017.09.26 18:21:24.138,7.8783,7.87952,1.50,1.00
2017.09.26 18:21:25.150,7.87843,7.87966,1.00,1.00
2017.09.26 18:21:25.551,7.8783,7.87952,1.00,1.00
2017.09.26 18:21:25.855,7.87815,7.87935,1.00,1.00
2017.09.26 18:21:27.528,7.87827,7.8795,1.00,1.00
2017.09.26 18:21:35.362,7.87842,7.87962,1.00,1.00
2017.09.26 18:21:35.464,7.87822,7.87943,1.00,1.00
2017.09.26 18:21:35.678,7.87807,7.8793,1.00,1.00
2017.09.26 18:21:37.764,7.87821,7.87943,1.00,1.00
2017.09.26 18:21:47.958,7.87842,7.87962,1.00,1.00
2017.09.26 18:21:54.001,7.87828,7.87949,1.00,1.00
2017.09.26 18:21:58.006,7.87841,7.87963,1.00,1.00
2017.09.26 18:21:59.688,7.87856,7.87979,1.00,1.00
2017.09.26 18:22:04.189,7.87876,7.87998,1.00,1.00
2017.09.26 18:22:04.501,7.87863,7.87985,1.00,1.00
2017.09.26 18:22:08.339,7.87885,7.88005,1.00,1.00
2017.09.26 18:22:08.390,7.87885,7.88007,1.00,1.00
2017.09.26 18:22:08.441,7.879,7.88023,1.00,1.00
2017.09.26 18:22:09.025,7.87924,7.88043,1.00,1.00
2017.09.26 18:22:09.076,7.87924,7.88046,1.00,1.00
2017.09.26 18:22:09.228,7.87936,7.88059,1.00,1.00
2017.09.26 18:22:18.199,7.87936,7.88055,1.00,1.00
2017.09.26 18:22:18.402,7.87896,7.88019,1.00,1.00
2017.09.26 18:22:18.634,7.87916,7.88039,1.00,1.50
2017.09.26 18:22:36.681,7.87948,7.88059,1.00,1.00
2017.09.26 18:22:36.856,7.87948,7.88071,1.00,1.00
2017.09.26 18:22:37.066,7.87935,7.88057,1.00,1.00
2017.09.26 18:22:37.237,7.87948,7.88071,1.00,1.00
2017.09.26 18:22:38.352,7.87961,7.88084,1.00,1.00
2017.09.26 18:22:38.656,7.87948,7.88068,1.00,1.00
2017.09.26 18:22:41.203,7.87948,7.88071,1.00,1.00
2017.09.26 18:22:46.679,7.87935,7.88057,1.00,1.00
2017.09.26 18:22:48.172,7.87935,7.88045,1.00,1.00
2017.09.26 18:22:48.273,7.87916,7.88031,1.00,1.00
2017.09.26 18:22:48.331,7.87908,7.88031,1.00,1.00
2017.09.26 18:22:52.540,7.87908,7.88027,1.00,1.00
2017.09.26 18:22:52.591,7.87888,7.88011,1.50,1.00
2017.09.26 18:22:55.008,7.87888,7.88005,1.00,1.00
2017.09.26 18:22:55.110,7.87875,7.87997,1.00,1.00
2017.09.26 18:22:58.179,7.87861,7.87984,1.00,1.00
2017.09.26 18:23:02.614,7.87886,7.88004,1.00,1.00
2017.09.26 18:23:02.716,7.87886,7.88006,1.00,1.00
2017.09.26 18:23:06.005,7.87908,7.88026,1.00,1.00
2017.09.26 18:23:06.209,7.8792,7.88043,1.00,1.00
2017.09.26 18:23:06.341,7.8792,7.88034,1.00,1.00
2017.09.26 18:23:06.443,7.87907,7.88027,1.00,1.00
2017.09.26 18:23:08.141,7.87907,7.8803,1.00,1.00
2017.09.26 18:23:16.856,7.8792,7.88043,1.00,1.00
2017.09.26 18:23:21.543,7.87934,7.88056,1.00,1.00
2017.09.26 18:23:22.779,7.87934,7.88053,1.00,1.00
2017.09.26 18:23:22.931,7.87907,7.8803,1.00,1.00
2017.09.26 18:23:23.541,7.8792,7.88043,1.00,1.00
2017.09.26 18:23:23.939,7.87907,7.8803,1.00,1.00
2017.09.26 18:23:32.280,7.87894,7.88016,1.00,1.00
2017.09.26 18:23:33.582,7.8788,7.88003,1.00,1.00
2017.09.26 18:23:37.357,7.87867,7.8799,1.00,1.00
2017.09.26 18:23:47.778,7.87881,7.88004,1.00,1.00
2017.09.26 18:23:53.511,7.87901,7.88024,1.00,1.50
2017.09.26 18:23:58.595,7.87915,7.88037,1.00,1.00
2017.09.26 18:24:02.130,7.87902,7.88023,1.00,1.00
2017.09.26 18:24:04.604,7.87915,7.88037,1.00,1.00
2017.09.26 18:24:04.908,7.87935,7.88057,1.00,1.50
2017.09.26 18:24:10.260,7.87915,7.88036,1.00,1.00
2017.09.26 18:24:11.175,7.87914,7.88036,1.00,1.00
2017.09.26 18:24:13.739,7.87927,7.8805,1.00,1.00
2017.09.26 18:24:13.840,7.87947,7.88064,1.00,1.00
2017.09.26 18:24:14.170,7.87947,7.88061,1.00,1.00
2017.09.26 18:24:14.847,7.87947,7.88052,1.00,1.00
2017.09.26 18:24:14.948,7.87927,7.88049,1.50,1.00
2017.09.26 18:24:14.999,7.87927,7.88024,1.00,1.00
2017.09.26 18:24:15.051,7.87908,7.88019,1.00,1.00
2017.09.26 18:24:15.152,7.87887,7.87999,1.00,1.00
2017.09.26 18:24:15.203,7.87877,7.87999,1.00,1.00
2017.09.26 18:24:15.254,7.87894,7.88016,1.00,1.00
2017.09.26 18:24:16.181,7.87894,7.88007,1.00,1.00
2017.09.26 18:24:16.333,7.87894,7.88016,1.00,1.00
2017.09.26 18:24:21.581,7.87907,7.8803,1.00,1.00
2017.09.26 18:24:21.683,7.87927,7.8805,1.00,1.50
2017.09.26 18:24:28.491,7.87936,7.8807,1.00,1.00
2017.09.26 18:24:28.542,7.87936,7.88072,1.00,1.00
2017.09.26 18:24:28.593,7.87972,7.88082,1.00,1.00
2017.09.26 18:24:28.979,7.87972,7.88079,1.00,1.00
2017.09.26 18:24:32.282,7.87972,7.88094,1.00,1.19
2017.09.26 18:24:32.333,7.87972,7.88094,1.00,1.00
2017.09.26 18:24:32.488,7.87972,7.88079,1.00,1.00
2017.09.26 18:24:33.279,7.87972,7.88095,1.00,1.19
2017.09.26 18:24:33.330,7.87972,7.88081,1.00,1.00
2017.09.26 18:24:34.396,7.87958,7.88077,1.00,1.00
2017.09.26 18:24:34.497,7.87938,7.88072,1.00,1.00
2017.09.26 18:24:34.548,7.87936,7.88072,1.00,1.00
2017.09.26 18:24:40.303,7.87953,7.88081,1.00,1.00
2017.09.26 18:24:40.714,7.87953,7.88077,1.00,1.00
2017.09.26 18:24:41.253,7.87953,7.88076,1.00,1.00
2017.09.26 18:24:42.620,7.87953,7.88082,1.00,1.50
2017.09.26 18:24:46.808,7.87967,7.88102,1.00,1.00
2017.09.26 18:24:47.370,7.87967,7.88103,1.00,1.00
2017.09.26 18:24:48.493,7.87967,7.88099,1.00,1.00
2017.09.26 18:24:48.544,7.87967,7.88102,1.00,1.00
2017.09.26 18:24:49.086,7.87967,7.88103,1.00,1.00
2017.09.26 18:24:52.409,7.88004,7.88123,1.00,1.00
2017.09.26 18:24:52.460,7.88004,7.8814,1.00,1.00
2017.09.26 18:24:52.511,7.88004,7.88146,1.00,1.00
2017.09.26 18:24:53.287,7.88004,7.88148,1.00,1.00
2017.09.26 18:24:54.516,7.87994,7.88148,1.00,1.00
2017.09.26 18:24:54.567,7.87994,7.88134,1.00,1.00
2017.09.26 18:24:54.940,7.87994,7.8813,1.00,1.00
2017.09.26 18:24:55.194,7.87973,7.88112,1.00,1.00
2017.09.26 18:24:55.245,7.87973,7.88118,1.00,1.00
2017.09.26 18:24:55.297,7.87973,7.88121,1.00,1.00
2017.09.26 18:24:55.348,7.8798,7.88116,1.00,1.00
2017.09.26 18:24:59.320,7.8798,7.88109,1.00,1.00
2017.09.26 18:24:59.632,7.8798,7.88104,1.00,1.00
2017.09.26 18:24:59.683,7.87966,7.88102,1.00,1.00
2017.09.26 18:25:02.135,7.87966,7.881,1.00,1.00
2017.09.26 18:25:02.237,7.87966,7.88102,1.00,1.00
2017.09.26 18:25:02.500,7.87993,7.88129,1.00,1.50
2017.09.26 18:25:07.710,7.88023,7.88158,1.00,1.00
2017.09.26 18:25:08.038,7.88023,7.88155,1.00,1.00
2017.09.26 18:25:08.539,7.88023,7.88156,1.00,1.00
2017.09.26 18:25:09.732,7.88023,7.88159,1.00,1.00
2017.09.26 18:25:14.982,7.88023,7.88156,1.00,1.00
2017.09.26 18:25:18.617,7.88023,7.88137,1.00,1.00
2017.09.26 18:25:18.719,7.88002,7.88132,1.00,1.00
2017.09.26 18:25:18.820,7.88002,7.88138,1.00,1.00
2017.09.26 18:25:19.023,7.88022,7.88152,1.00,1.00
2017.09.26 18:25:19.677,7.88022,7.88157,1.00,1.00
2017.09.26 18:25:20.522,7.88022,7.88158,1.00,1.00
2017.09.26 18:25:21.146,7.8804,7.88169,1.00,1.00
2017.09.26 18:25:21.849,7.8806,7.88185,1.00,1.00
2017.09.26 18:25:21.971,7.8806,7.88189,1.00,1.00
2017.09.26 18:25:22.123,7.8808,7.88201,1.00,1.00
2017.09.26 18:25:22.456,7.8808,7.88191,1.00,1.00
2017.09.26 18:25:22.663,7.8808,7.88196,1.00,1.00
2017.09.26 18:25:23.310,7.8808,7.88197,1.00,1.00
2017.09.26 18:25:23.888,7.8808,7.8819,1.00,1.00
2017.09.26 18:25:24.548,7.88067,7.8819,1.00,1.00
2017.09.26 18:25:24.846,7.88067,7.88196,1.00,1.50
2017.09.26 18:25:25.112,7.88067,7.88193,1.00,1.00
2017.09.26 18:25:26.273,7.88067,7.88196,1.00,1.50
2017.09.26 18:25:26.481,7.88067,7.88189,1.00,1.00
2017.09.26 18:25:27.837,7.88067,7.88186,1.00,1.00
2017.09.26 18:25:28.588,7.88067,7.8819,1.00,1.00
2017.09.26 18:25:30.825,7.88067,7.88189,1.00,1.00
2017.09.26 18:25:33.062,7.88059,7.88179,1.00,1.00
2017.09.26 18:25:35.056,7.88044,7.88167,1.00,1.00
2017.09.26 18:25:37.494,7.88044,7.88166,1.00,1.00
2017.09.26 18:25:37.545,7.88044,7.88147,1.00,1.00
2017.09.26 18:25:37.646,7.88011,7.88133,1.00,1.00
2017.09.26 18:25:38.260,7.88031,7.88153,1.00,1.00
2017.09.26 18:25:39.660,7.88044,7.88167,1.00,1.00
2017.09.26 18:25:39.762,7.88072,7.88193,1.00,1.00
2017.09.26 18:25:39.966,7.88054,7.88177,1.00,1.00
2017.09.26 18:25:40.175,7.88067,7.8819,1.00,1.00
2017.09.26 18:25:43.475,7.88047,7.8817,1.00,1.00
2017.09.26 18:25:45.198,7.88067,7.8819,1.00,1.00
2017.09.26 18:25:45.884,7.88107,7.88228,1.00,1.00
2017.09.26 18:25:46.076,7.88093,7.88215,1.00,1.00
2017.09.26 18:25:47.002,7.88107,7.88228,1.00,1.00
2017.09.26 18:25:47.155,7.88133,7.88255,1.00,1.00
2017.09.26 18:25:47.571,7.881,7.88221,1.00,1.00
2017.09.26 18:25:48.524,7.88136,7.88242,1.00,1.00
2017.09.26 18:25:48.576,7.88156,7.88278,1.00,1.00
2017.09.26 18:25:49.278,7.88143,7.88265,1.00,1.00
2017.09.26 18:25:55.348,7.88129,7.88252,1.00,1.00
2017.09.26 18:25:55.400,7.88116,7.88238,1.00,1.00
2017.09.26 18:25:56.323,7.88116,7.8823,1.00,1.00
2017.09.26 18:25:56.374,7.88116,7.88235,1.00,1.00
2017.09.26 18:25:56.481,7.88089,7.88212,1.00,1.00
2017.09.26 18:25:56.583,7.88102,7.88225,1.00,1.00
2017.09.26 18:25:57.483,7.88116,7.88238,1.00,1.00
2017.09.26 18:25:58.002,7.88157,7.88277,1.00,1.00
2017.09.26 18:25:59.187,7.88169,7.88292,1.00,1.00
2017.09.26 18:25:59.715,7.88156,7.88278,1.00,1.00
2017.09.26 18:26:00.218,7.88137,7.88257,1.00,1.00
2017.09.26 18:26:11.441,7.8815,7.88271,1.00,1.00
2017.09.26 18:26:15.716,7.88163,7.88285,1.00,1.00
2017.09.26 18:26:15.817,7.88183,7.88305,1.00,1.00
2017.09.26 18:26:21.664,7.88183,7.88296,1.00,1.00
2017.09.26 18:26:21.867,7.88144,7.88264,1.00,1.00
2017.09.26 18:26:23.633,7.88156,7.88279,1.00,1.00
2017.09.26 18:26:27.130,7.88156,7.88276,1.00,1.00
2017.09.26 18:26:27.231,7.88143,7.88265,1.00,1.00
2017.09.26 18:26:27.333,7.88124,7.88244,1.00,1.00
2017.09.26 18:26:29.533,7.88137,7.88258,1.00,1.00
2017.09.26 18:26:32.081,7.88137,7.88255,1.00,1.00
2017.09.26 18:26:32.342,7.8811,7.88231,1.00,1.00
2017.09.26 18:26:33.339,7.88123,7.88245,1.00,1.00
2017.09.26 18:26:35.549,7.88109,7.88232,1.00,1.00
2017.09.26 18:26:39.752,7.8811,7.88232,1.00,1.00
2017.09.26 18:26:39.803,7.88129,7.88252,1.00,1.00
2017.09.26 18:26:43.397,7.88116,7.88239,1.00,1.00
2017.09.26 18:26:48.284,7.88102,7.88224,1.00,1.00
2017.09.26 18:26:48.386,7.88135,7.88258,1.00,1.00
2017.09.26 18:26:48.708,7.88115,7.88238,1.00,1.00
2017.09.26 18:26:54.478,7.88129,7.8825,1.00,1.00
2017.09.26 18:26:56.942,7.88129,7.88247,1.00,1.00
2017.09.26 18:26:56.994,7.88129,7.8825,1.00,1.00
2017.09.26 18:26:57.095,7.88115,7.88238,1.00,1.00
2017.09.26 18:27:04.337,7.88103,7.88223,1.00,1.00
2017.09.26 18:27:04.439,7.88122,7.88244,1.00,1.00
2017.09.26 18:27:04.540,7.88136,7.88257,1.00,1.00
2017.09.26 18:27:08.452,7.88125,7.88248,1.00,1.00
2017.09.26 18:27:12.675,7.88112,7.88234,1.00,1.00
2017.09.26 18:27:12.776,7.88138,7.88261,1.00,1.00
2017.09.26 18:27:17.553,7.88125,7.88248,1.00,1.00
2017.09.26 18:27:18.264,7.88112,7.88234,1.00,1.00
2017.09.26 18:27:19.093,7.88132,7.88254,1.00,1.00
2017.09.26 18:27:21.769,7.88118,7.88241,1.00,1.00
2017.09.26 18:27:25.597,7.88103,7.88226,1.00,1.00
2017.09.26 18:27:28.767,7.88103,7.88221,1.00,1.00
2017.09.26 18:27:28.818,7.88079,7.88201,1.00,1.00
2017.09.26 18:27:28.920,7.88093,7.88214,1.00,1.00
2017.09.26 18:27:34.843,7.88105,7.88228,1.00,1.00
2017.09.26 18:27:47.957,7.88123,7.88244,1.00,1.00
2017.09.26 18:27:53.534,7.88102,7.88219,1.00,1.00
2017.09.26 18:27:53.585,7.88098,7.88219,1.00,1.00
2017.09.26 18:28:02.575,7.88078,7.88177,1.00,1.00
2017.09.26 18:28:02.627,7.88054,7.88177,1.00,1.00
2017.09.26 18:28:02.989,7.88034,7.88157,1.00,1.00
2017.09.26 18:28:18.579,7.88033,7.88156,1.00,1.00
2017.09.26 18:28:26.705,7.88058,7.88176,1.00,1.00
2017.09.26 18:28:26.756,7.88058,7.8818,1.00,1.00
2017.09.26 18:28:30.002,7.88044,7.88167,1.00,1.00
2017.09.26 18:28:31.205,7.88027,7.88149,1.00,1.00
2017.09.26 18:28:32.511,7.88041,7.88164,1.00,1.00
2017.09.26 18:28:34.656,7.88041,7.8816,1.00,1.00
2017.09.26 18:28:34.758,7.88018,7.88141,1.00,1.00
2017.09.26 18:28:35.316,7.88003,7.88126,1.00,1.00
2017.09.26 18:28:36.542,7.87976,7.88099,1.00,1.00
2017.09.26 18:28:36.846,7.8799,7.88112,1.00,1.00
2017.09.26 18:28:37.117,7.87976,7.88099,1.00,1.00
2017.09.26 18:28:40.623,7.8799,7.88112,1.00,1.00
2017.09.26 18:28:50.884,7.87976,7.88098,1.00,1.00
2017.09.26 18:28:50.948,7.87962,7.88085,1.00,1.00
2017.09.26 18:28:55.491,7.87982,7.88105,1.00,1.00
2017.09.26 18:28:55.811,7.8801,7.8813,1.00,1.00
2017.09.26 18:29:04.018,7.87992,7.88115,1.00,1.00
2017.09.26 18:29:17.689,7.87979,7.88099,1.00,1.00
2017.09.26 18:29:17.740,7.87958,7.8808,1.00,1.00
2017.09.26 18:29:23.514,7.87939,7.88059,1.00,1.00
2017.09.26 18:29:24.192,7.87951,7.88074,1.00,1.00
2017.09.26 18:29:30.454,7.87966,7.88074,1.00,1.00
2017.09.26 18:29:30.505,7.87967,7.88087,1.00,1.00
2017.09.26 18:29:30.607,7.87979,7.88101,1.00,1.00
2017.09.26 18:29:31.588,7.87959,7.88081,1.00,1.00
2017.09.26 18:29:41.645,7.87973,7.88093,1.00,1.00
2017.09.26 18:29:44.802,7.8796,7.8808,1.00,1.00
2017.09.26 18:29:51.131,7.87979,7.88101,1.00,1.00
2017.09.26 18:29:52.348,7.87959,7.88081,1.00,1.00
2017.09.26 18:30:05.645,7.87925,7.88048,1.00,1.00
2017.09.26 18:30:06.981,7.87939,7.88061,1.00,1.00
2017.09.26 18:30:19.836,7.87939,7.88055,1.00,1.00
2017.09.26 18:30:19.888,7.87913,7.88034,1.00,1.00
2017.09.26 18:30:27.231,7.87922,7.88034,1.00,1.00
2017.09.26 18:30:27.332,7.87945,7.88067,1.00,1.00
2017.09.26 18:30:28.655,7.87959,7.88067,1.00,1.00
2017.09.26 18:30:28.968,7.88049,7.88133,1.00,1.00
2017.09.26 18:30:29.019,7.88065,7.88187,1.00,1.00
2017.09.26 18:30:29.425,7.88083,7.88203,1.00,1.00
2017.09.26 18:30:29.810,7.88086,7.88203,1.00,1.00
2017.09.26 18:30:29.913,7.88108,7.88231,1.00,1.00
2017.09.26 18:30:32.300,7.88108,7.88223,1.00,1.00
2017.09.26 18:30:32.350,7.88081,7.88203,1.00,1.00
2017.09.26 18:30:34.051,7.88061,7.88183,1.00,1.00
2017.09.26 18:30:34.153,7.88047,7.8817,1.00,1.00
2017.09.26 18:30:34.254,7.88067,7.8819,1.00,1.00
2017.09.26 18:30:38.219,7.88054,7.88176,1.00,1.00
2017.09.26 18:30:38.321,7.8804,7.88163,1.00,1.00
2017.09.26 18:30:44.789,7.8804,7.88156,1.00,1.00
2017.09.26 18:30:44.840,7.88014,7.88136,1.00,1.00
2017.09.26 18:30:46.264,7.88031,7.88154,1.00,1.00
2017.09.26 18:30:47.676,7.88018,7.88141,1.00,1.00
2017.09.26 18:30:55.952,7.88005,7.88127,1.00,1.00
2017.09.26 18:31:00.901,7.87991,7.88114,1.00,1.00
2017.09.26 18:31:01.002,7.87979,7.881,1.00,1.00
2017.09.26 18:31:18.613,7.87981,7.88104,1.00,1.00
2017.09.26 18:31:18.714,7.87995,7.88117,1.00,1.00
2017.09.26 18:31:22.409,7.87976,7.88096,1.00,1.00
2017.09.26 18:31:25.220,7.87988,7.88111,1.00,1.00
2017.09.26 18:31:25.441,7.88015,7.88137,1.00,1.00
2017.09.26 18:31:25.643,7.88001,7.88124,1.00,1.00
2017.09.26 18:31:28.850,7.87989,7.8811,1.00,1.00
2017.09.26 18:31:45.287,7.88001,7.88124,1.00,1.00
2017.09.26 18:31:45.758,7.87981,7.88101,1.00,1.00
2017.09.26 18:31:45.809,7.87979,7.88101,1.00,1.00
2017.09.26 18:31:50.297,7.87994,7.88117,1.00,1.00
2017.09.26 18:31:50.764,7.87974,7.88097,1.50,1.00
2017.09.26 18:32:00.767,7.87961,7.88083,1.00,1.00
2017.09.26 18:32:03.506,7.87941,7.88063,1.00,1.00
2017.09.26 18:32:05.896,7.87927,7.8805,1.00,1.00
2017.09.26 18:32:13.018,7.87914,7.88036,1.00,1.00
2017.09.26 18:32:13.838,7.87927,7.8805,1.00,1.00
2017.09.26 18:32:16.129,7.87941,7.88063,1.00,1.00
2017.09.26 18:32:16.332,7.87927,7.8805,1.00,1.00
2017.09.26 18:32:17.333,7.87941,7.88063,1.00,1.00
2017.09.26 18:32:20.439,7.87927,7.8805,1.00,1.00
2017.09.26 18:32:33.563,7.87912,7.88032,1.00,1.00
2017.09.26 18:32:41.644,7.87897,7.8802,1.00,1.00
2017.09.26 18:32:41.847,7.87884,7.88006,1.00,1.00
2017.09.26 18:33:00.285,7.87897,7.8802,1.00,1.00
2017.09.26 18:33:00.817,7.87898,7.8802,1.00,1.00
2017.09.26 18:33:00.969,7.87911,7.88033,1.00,1.00
2017.09.26 18:33:01.786,7.87913,7.88033,1.00,1.00
2017.09.26 18:33:01.888,7.87931,7.88053,1.00,1.00
2017.09.26 18:33:02.184,7.87945,7.88065,1.00,1.00
2017.09.26 18:33:02.285,7.87924,7.88046,1.00,1.00
2017.09.26 18:33:18.599,7.87931,7.88054,1.00,1.00
2017.09.26 18:33:23.324,7.87919,7.8804,1.00,1.00
2017.09.26 18:33:32.962,7.87938,7.88061,1.00,1.00
2017.09.26 18:33:51.685,7.87932,7.88054,1.00,1.00
2017.09.26 18:33:53.621,7.87915,7.88037,1.00,1.00
2017.09.26 18:33:59.869,7.87935,7.88037,1.00,1.00
2017.09.26 18:34:00.022,7.87949,7.8807,1.00,1.00
2017.09.26 18:34:00.341,7.87921,7.88044,1.00,1.00
2017.09.26 18:34:02.866,7.87942,7.88044,1.00,1.00
2017.09.26 18:34:03.019,7.88002,7.88124,1.00,1.00
2017.09.26 18:34:03.135,7.88015,7.88137,1.00,1.00
2017.09.26 18:34:18.658,7.88025,7.88148,1.00,1.00
2017.09.26 18:34:21.691,7.88036,7.88148,1.00,1.00
2017.09.26 18:34:21.906,7.88065,7.88188,1.00,1.50
2017.09.26 18:34:21.958,7.88109,7.88188,1.00,1.00
2017.09.26 18:34:22.009,7.88107,7.88201,1.00,1.00
2017.09.26 18:34:22.111,7.88119,7.88241,1.00,1.00
2017.09.26 18:34:23.188,7.88133,7.88253,1.00,1.00
2017.09.26 18:34:26.298,7.88114,7.88236,1.00,1.00
2017.09.26 18:34:26.349,7.88114,7.88229,1.00,1.00
2017.09.26 18:34:26.400,7.88087,7.88209,1.00,1.00
2017.09.26 18:34:27.769,7.88105,7.88209,1.00,1.00
2017.09.26 18:34:27.923,7.88114,7.88236,1.00,1.00
2017.09.26 18:34:27.975,7.88128,7.88248,1.00,1.00
2017.09.26 18:34:29.377,7.88107,7.88229,1.00,1.00
2017.09.26 18:34:29.442,7.88093,7.88216,1.00,1.00
2017.09.26 18:34:29.709,7.88104,7.88216,1.00,1.00
2017.09.26 18:34:29.811,7.8811,7.88229,1.00,1.00
2017.09.26 18:34:29.913,7.88127,7.88249,1.00,1.00
2017.09.26 18:34:30.106,7.88129,7.88249,1.00,1.00
2017.09.26 18:34:30.303,7.8814,7.88263,1.00,1.00
2017.09.26 18:34:30.506,7.88128,7.88248,1.00,1.00
2017.09.26 18:34:30.607,7.8814,7.88263,1.00,1.00
2017.09.26 18:34:34.433,7.88128,7.88248,1.00,1.00
2017.09.26 18:34:39.660,7.88147,7.8827,1.00,1.00
2017.09.26 18:34:43.192,7.8811,7.88233,1.00,1.00
2017.09.26 18:34:43.584,7.8813,7.88253,1.00,1.00
2017.09.26 18:34:44.023,7.88145,7.88265,1.00,1.00
2017.09.26 18:34:58.651,7.88127,7.88248,1.00,1.00
2017.09.26 18:35:05.511,7.88144,7.88265,1.00,1.00
2017.09.26 18:35:06.994,7.88162,7.88284,1.00,1.00
2017.09.26 18:35:21.132,7.88182,7.88304,1.00,1.00
2017.09.26 18:35:27.133,7.88161,7.88282,1.00,1.00
2017.09.26 18:35:29.729,7.88148,7.88268,1.00,1.00
2017.09.26 18:35:32.467,7.88133,7.88256,1.00,1.00
2017.09.26 18:35:32.825,7.88147,7.88269,1.00,1.00
2017.09.26 18:35:38.459,7.88167,7.88289,1.00,1.00
2017.09.26 18:36:01.064,7.88154,7.88277,1.00,1.00
2017.09.26 18:36:01.487,7.88167,7.8829,1.00,1.00
2017.09.26 18:36:18.601,7.88175,7.88296,1.00,1.00
2017.09.26 18:36:20.118,7.88155,7.88276,1.00,1.00
2017.09.26 18:36:20.617,7.88141,7.88263,1.00,1.00
2017.09.26 18:36:22.621,7.88121,7.88243,1.50,1.00
2017.09.26 18:36:23.524,7.88101,7.88223,1.50,1.00
2017.09.26 18:36:25.497,7.88101,7.88219,1.00,1.00
2017.09.26 18:36:25.548,7.88076,7.88199,1.00,1.00
2017.09.26 18:36:25.865,7.88063,7.88186,1.00,1.00
2017.09.26 18:36:31.380,7.88043,7.88166,1.00,1.00
2017.09.26 18:36:33.339,7.88024,7.88146,1.00,1.00
2017.09.26 18:36:33.852,7.88023,7.88146,1.00,1.00
2017.09.26 18:36:38.089,7.88043,7.88166,1.00,1.00
2017.09.26 18:36:42.598,7.88023,7.88146,1.00,1.00
2017.09.26 18:36:52.414,7.88008,7.8813,1.00,1.00
2017.09.26 18:36:56.620,7.88021,7.88144,1.00,1.00
2017.09.26 18:36:58.390,7.88035,7.88157,1.00,1.00
2017.09.26 18:37:05.554,7.88021,7.88144,1.00,1.00
2017.09.26 18:37:15.421,7.88009,7.88129,1.00,1.00
2017.09.26 18:37:15.932,7.88021,7.88144,1.00,1.00
2017.09.26 18:37:18.177,7.88041,7.88164,1.00,1.00
2017.09.26 18:37:30.443,7.88055,7.88164,1.00,1.00
2017.09.26 18:37:30.634,7.88068,7.88179,1.00,1.00
2017.09.26 18:37:30.685,7.88083,7.88206,1.00,1.00
2017.09.26 18:37:30.975,7.88096,7.88219,1.00,1.00
2017.09.26 18:37:32.489,7.88083,7.88206,1.00,1.00
2017.09.26 18:37:52.401,7.88064,7.88187,1.00,1.00
2017.09.26 18:37:53.231,7.88044,7.88167,1.00,1.00
2017.09.26 18:37:55.192,7.88049,7.88167,1.00,1.00
2017.09.26 18:37:55.294,7.88065,7.88186,1.00,1.00
2017.09.26 18:37:59.707,7.88079,7.88199,1.00,1.00
2017.09.26 18:37:59.808,7.88091,7.88214,1.00,1.00
2017.09.26 18:38:00.011,7.88071,7.88194,1.50,1.00
2017.09.26 18:38:11.851,7.88051,7.88168,1.00,1.00
2017.09.26 18:38:11.902,7.88045,7.88168,1.00,1.00
2017.09.26 18:38:30.240,7.8806,7.88181,1.00,1.00
2017.09.26 18:38:45.726,7.88054,7.88176,1.00,1.00
2017.09.26 18:38:58.317,7.88021,7.88142,1.00,1.00
2017.09.26 18:39:08.983,7.88001,7.88122,1.00,1.00
2017.09.26 18:39:09.912,7.87987,7.88108,1.00,1.00
2017.09.26 18:39:25.721,7.87993,7.88115,1.00,1.00
2017.09.26 18:39:30.443,7.88006,7.88129,1.00,1.00
2017.09.26 18:39:31.638,7.87983,7.88105,1.00,1.00
2017.09.26 18:39:33.340,7.87996,7.88119,1.00,1.00
2017.09.26 18:39:45.324,7.88009,7.88132,1.00,1.00
2017.09.26 18:40:02.002,7.88011,7.88134,1.00,1.00
2017.09.26 18:40:18.629,7.8801,7.88133,1.00,1.00
2017.09.26 18:40:21.384,7.87991,7.8811,1.00,1.00
2017.09.26 18:40:21.435,7.87989,7.8811,1.00,1.00
2017.09.26 18:40:24.130,7.87975,7.88098,1.00,1.00
2017.09.26 18:40:28.138,7.88022,7.88098,1.00,1.00
2017.09.26 18:40:28.240,7.88026,7.88112,1.00,1.00
2017.09.26 18:40:28.464,7.8803,7.88152,1.00,1.00
2017.09.26 18:40:28.566,7.88044,7.88165,1.00,1.00
2017.09.26 18:40:30.870,7.88063,7.88183,1.00,1.00
2017.09.26 18:40:30.972,7.88041,7.88164,1.00,1.00
2017.09.26 18:40:37.391,7.88043,7.88164,1.00,1.00
2017.09.26 18:40:37.442,7.88041,7.88164,1.00,1.00
2017.09.26 18:40:45.501,7.88028,7.88151,1.00,1.00
2017.09.26 18:41:04.595,7.8803,7.88151,1.00,1.00
2017.09.26 18:41:04.798,7.88058,7.88181,1.00,1.00
2017.09.26 18:41:06.688,7.88077,7.882,1.00,1.00
2017.09.26 18:41:21.107,7.881,7.8822,1.00,1.00
2017.09.26 18:41:21.157,7.881,7.88223,1.00,1.00
2017.09.26 18:41:30.488,7.88084,7.88207,1.00,1.00
2017.09.26 18:41:32.855,7.88098,7.8822,1.00,1.00
2017.09.26 18:41:33.665,7.88084,7.88207,1.00,1.00
2017.09.26 18:41:40.910,7.88089,7.88207,1.00,1.00
2017.09.26 18:41:40.961,7.88111,7.88234,1.00,1.00
2017.09.26 18:41:43.503,7.88094,7.88217,1.00,1.00
2017.09.26 18:41:43.822,7.88107,7.8823,1.00,1.00
2017.09.26 18:41:50.369,7.88126,7.88249,1.00,1.50
2017.09.26 18:41:53.516,7.88106,7.88228,1.00,1.00
2017.09.26 18:41:54.698,7.88119,7.88242,1.00,1.00
2017.09.26 18:42:01.017,7.8812,7.88242,1.00,1.00
2017.09.26 18:42:01.143,7.88139,7.88262,1.00,1.00
2017.09.26 18:42:01.194,7.88153,7.88275,1.00,1.00
2017.09.26 18:42:01.297,7.88166,7.88289,1.00,1.00
2017.09.26 18:42:03.396,7.88148,7.88271,1.00,1.00
2017.09.26 18:42:08.028,7.88125,7.88248,1.00,1.00
2017.09.26 18:42:08.850,7.88125,7.88236,1.00,1.00
2017.09.26 18:42:08.901,7.88125,7.88242,1.00,1.19
2017.09.26 18:42:08.953,7.88106,7.88227,1.00,1.00
2017.09.26 18:42:09.054,7.88078,7.88201,1.00,1.00
2017.09.26 18:42:20.977,7.88096,7.88219,1.00,1.00
2017.09.26 18:42:36.297,7.8809,7.88211,1.00,1.00
2017.09.26 18:42:41.202,7.88136,7.88259,1.00,1.00
2017.09.26 18:42:45.274,7.88149,7.88272,1.00,1.00
2017.09.26 18:42:45.618,7.88169,7.88292,1.00,1.00
2017.09.26 18:42:49.166,7.88169,7.8829,1.00,1.00
2017.09.26 18:42:49.216,7.88147,7.8827,1.00,1.00
2017.09.26 18:42:51.284,7.88169,7.8827,1.00,1.00
2017.09.26 18:42:51.336,7.88161,7.8827,1.00,1.00
2017.09.26 18:42:51.388,7.88188,7.8831,1.00,1.00
2017.09.26 18:42:51.490,7.88208,7.8833,1.00,1.00
2017.09.26 18:42:51.717,7.88221,7.88344,1.00,1.00
2017.09.26 18:42:52.421,7.88234,7.88357,1.00,1.00
2017.09.26 18:42:52.852,7.88255,7.88376,1.00,1.00
2017.09.26 18:42:53.844,7.88241,7.88364,1.00,1.00
2017.09.26 18:42:53.895,7.88221,7.88344,1.00,1.00
2017.09.26 18:42:58.323,7.88234,7.88357,1.00,1.00
2017.09.26 18:42:58.627,7.88321,7.88372,1.60,1.00
2017.09.26 18:42:58.729,7.88358,7.88481,1.00,1.00
2017.09.26 18:42:58.831,7.88382,7.88501,1.00,1.00
2017.09.26 18:42:58.882,7.88382,7.88504,1.00,1.00
2017.09.26 18:42:59.609,7.88363,7.88483,1.00,1.00
2017.09.26 18:43:00.306,7.88342,7.88464,1.00,1.00
2017.09.26 18:43:00.408,7.88355,7.88478,1.00,1.00
2017.09.26 18:43:03.150,7.88342,7.88464,1.00,1.00
2017.09.26 18:43:08.349,7.88327,7.8845,1.00,1.00
2017.09.26 18:43:08.548,7.88341,7.88463,1.00,1.00
2017.09.26 18:43:10.652,7.88328,7.88449,1.00,1.00
2017.09.26 18:43:20.364,7.88347,7.8847,1.00,1.00
2017.09.26 18:43:20.471,7.88334,7.88457,1.00,1.00
2017.09.26 18:43:32.094,7.88354,7.88477,1.00,1.00
2017.09.26 18:43:32.409,7.88334,7.88457,1.00,1.00
2017.09.26 18:43:32.724,7.88354,7.88477,1.00,1.00
2017.09.26 18:43:33.048,7.88341,7.88463,1.00,1.00
2017.09.26 18:43:34.831,7.88346,7.88463,1.00,1.00
2017.09.26 18:43:35.137,7.88423,7.8851,1.00,1.00
2017.09.26 18:43:35.188,7.88443,7.88566,1.00,1.00
2017.09.26 18:43:35.502,7.88451,7.88566,1.00,1.00
2017.09.26 18:43:35.604,7.88466,7.88586,1.19,1.00
2017.09.26 18:43:35.806,7.88483,7.88606,1.00,1.00
2017.09.26 18:43:36.421,7.88497,7.88617,1.00,1.00
2017.09.26 18:43:38.506,7.88509,7.88632,1.00,1.00
2017.09.26 18:43:38.608,7.88526,7.88632,1.00,1.00
2017.09.26 18:43:38.917,7.88556,7.88679,1.00,1.00
2017.09.26 18:43:43.339,7.88543,7.88665,1.00,1.00
2017.09.26 18:43:46.788,7.88555,7.88665,1.00,1.00
2017.09.26 18:43:46.940,7.88565,7.88688,1.00,1.00
2017.09.26 18:43:47.042,7.8858,7.887,1.00,1.00
2017.09.26 18:43:47.340,7.88565,7.88688,1.00,1.00
2017.09.26 18:43:52.652,7.88567,7.88688,1.00,1.00
2017.09.26 18:43:52.973,7.8862,7.8874,1.00,1.00
2017.09.26 18:43:53.075,7.88592,7.88715,1.00,1.00
2017.09.26 18:43:56.049,7.88593,7.88701,1.00,1.00
2017.09.26 18:43:56.100,7.8859,7.88701,1.00,1.00
2017.09.26 18:43:56.151,7.88612,7.88721,1.00,1.00
2017.09.26 18:43:56.202,7.88612,7.88735,1.00,1.00
2017.09.26 18:43:56.456,7.88599,7.88721,1.00,1.00
2017.09.26 18:43:56.852,7.88585,7.88708,1.00,1.00
2017.09.26 18:43:57.677,7.88606,7.88727,1.00,1.00
2017.09.26 18:43:57.946,7.88592,7.88715,1.00,1.00
2017.09.26 18:43:58.849,7.8858,7.887,1.00,1.00
2017.09.26 18:43:58.952,7.88592,7.88715,1.00,1.00
2017.09.26 18:44:03.775,7.88612,7.88735,1.00,1.50
2017.09.26 18:44:04.106,7.88579,7.88701,1.00,1.00
2017.09.26 18:44:11.106,7.88559,7.88674,1.00,1.00
2017.09.26 18:44:11.157,7.88554,7.88674,1.00,1.00
2017.09.26 18:44:11.411,7.88539,7.88662,1.00,1.00
2017.09.26 18:44:14.130,7.88552,7.88675,1.00,1.00
2017.09.26 18:44:22.317,7.88532,7.88647,1.00,1.00
2017.09.26 18:44:22.368,7.88526,7.88647,1.00,1.00
2017.09.26 18:44:22.419,7.88507,7.8863,1.00,1.00
2017.09.26 18:44:22.521,7.88537,7.8865,1.00,1.00
2017.09.26 18:44:22.572,7.88537,7.8866,1.00,1.00
2017.09.26 18:44:26.405,7.88552,7.88675,1.00,1.00
2017.09.26 18:44:27.312,7.88567,7.88689,1.00,1.00
2017.09.26 18:44:27.954,7.88543,7.88666,1.00,1.00
2017.09.26 18:44:32.919,7.88523,7.88679,1.00,1.00
2017.09.26 18:44:32.970,7.88496,7.88683,1.00,1.00
2017.09.26 18:44:33.107,7.88496,7.88687,1.00,1.00
2017.09.26 18:44:36.124,7.88496,7.88681,1.00,1.00
2017.09.26 18:44:36.455,7.88496,7.88674,1.00,1.00
2017.09.26 18:44:36.506,7.88496,7.88679,1.00,1.00
2017.09.26 18:44:38.381,7.88496,7.88681,1.00,1.00
2017.09.26 18:44:39.929,7.88496,7.88662,1.00,1.00
2017.09.26 18:44:40.262,7.88496,7.88619,1.50,1.00
2017.09.26 18:44:41.393,7.88496,7.88612,1.00,1.00
2017.09.26 18:44:41.537,7.88482,7.88605,1.00,1.00
2017.09.26 18:44:41.843,7.88496,7.88617,1.00,1.00
2017.09.26 18:44:43.833,7.88482,7.88605,1.00,1.00
2017.09.26 18:44:45.967,7.88502,7.88623,1.00,1.00
2017.09.26 18:44:46.069,7.88523,7.88646,1.00,1.00
2017.09.26 18:44:47.338,7.88506,7.88627,1.00,1.00
2017.09.26 18:44:48.877,7.88519,7.88641,1.00,1.00
2017.09.26 18:44:51.335,7.88519,7.88633,1.00,1.00
2017.09.26 18:44:51.386,7.8849,7.88613,1.00,1.00
2017.09.26 18:44:52.375,7.88505,7.88626,1.00,1.00
2017.09.26 18:44:52.477,7.88491,7.88614,1.00,1.00
2017.09.26 18:44:53.030,7.88478,7.886,1.00,1.00
2017.09.26 18:44:54.696,7.88485,7.886,1.00,1.00
2017.09.26 18:44:54.797,7.88491,7.88614,1.00,1.00
2017.09.26 18:44:54.899,7.88511,7.88634,1.00,1.00
2017.09.26 18:44:56.991,7.88494,7.88617,1.00,1.00
2017.09.26 18:45:00.464,7.88475,7.88596,1.00,1.00
2017.09.26 18:45:01.673,7.88454,7.88577,1.00,1.00
2017.09.26 18:45:05.374,7.88441,7.88563,1.00,1.00
2017.09.26 18:45:08.213,7.88429,7.88549,1.00,1.00
2017.09.26 18:45:15.476,7.88429,7.88543,1.00,1.00
2017.09.26 18:45:15.527,7.88401,7.88523,1.00,1.00
2017.09.26 18:45:17.215,7.88387,7.8851,1.00,1.00
2017.09.26 18:45:17.728,7.88403,7.88525,1.00,1.00
2017.09.26 18:45:25.834,7.88389,7.8851,1.00,1.00
2017.09.26 18:45:30.240,7.88408,7.88531,1.00,1.00
2017.09.26 18:45:30.342,7.88422,7.88544,1.00,1.00
2017.09.26 18:45:32.601,7.88408,7.88531,1.00,1.00
2017.09.26 18:45:36.349,7.88388,7.88511,1.00,1.00
2017.09.26 18:45:39.674,7.88392,7.88511,1.50,1.00
2017.09.26 18:45:39.725,7.88428,7.88551,1.00,1.00
2017.09.26 18:45:45.863,7.88443,7.88565,1.00,1.00
2017.09.26 18:45:46.985,7.88464,7.88584,1.00,1.00
2017.09.26 18:45:47.087,7.88449,7.88572,1.00,1.00
2017.09.26 18:45:53.169,7.88436,7.88559,1.00,1.00
2017.09.26 18:45:53.880,7.88449,7.88572,1.00,1.00
2017.09.26 18:45:55.466,7.88427,7.88547,1.00,1.00
2017.09.26 18:45:55.568,7.88458,7.88579,1.00,1.00
2017.09.26 18:45:55.669,7.88485,7.88606,1.00,1.00
2017.09.26 18:46:00.294,7.88501,7.88624,1.00,1.00
2017.09.26 18:46:00.395,7.88514,7.88637,1.00,1.00
2017.09.26 18:46:02.495,7.88501,7.88624,1.00,1.00
2017.09.26 18:46:02.807,7.88488,7.8861,1.00,1.00
2017.09.26 18:46:06.572,7.88472,7.88594,1.00,1.00
2017.09.26 18:46:09.322,7.88512,7.88634,1.00,1.00
2017.09.26 18:46:10.024,7.88492,7.88614,1.00,1.00
2017.09.26 18:46:10.803,7.88479,7.886,1.00,1.00
2017.09.26 18:46:12.407,7.88465,7.88588,1.00,1.00
2017.09.26 18:46:12.992,7.88469,7.88588,1.00,1.00
2017.09.26 18:46:13.094,7.88498,7.88621,1.00,1.00
2017.09.26 18:46:13.196,7.88513,7.88633,1.00,1.00
2017.09.26 18:46:13.413,7.88479,7.886,1.00,1.00
2017.09.26 18:46:14.724,7.88465,7.88588,1.00,1.00
2017.09.26 18:46:14.961,7.88452,7.88574,1.00,1.00
2017.09.26 18:46:16.621,7.88472,7.88594,1.00,1.00
2017.09.26 18:46:16.926,7.88466,7.88587,1.00,1.00
2017.09.26 18:46:19.531,7.88478,7.88601,1.00,1.00
2017.09.26 18:46:20.356,7.88492,7.88614,1.00,1.00
2017.09.26 18:46:24.257,7.88478,7.88601,1.00,1.00
2017.09.26 18:46:24.460,7.88466,7.88587,1.00,1.00
2017.09.26 18:46:25.233,7.88479,7.886,1.00,1.00
2017.09.26 18:46:27.620,7.88465,7.88586,1.00,1.00
2017.09.26 18:46:29.467,7.88444,7.88567,1.00,1.00
2017.09.26 18:46:29.670,7.88424,7.88547,1.00,1.00
2017.09.26 18:46:32.171,7.88439,7.88559,1.00,1.00
2017.09.26 18:46:42.881,7.88424,7.88547,1.00,1.00
2017.09.26 18:46:43.463,7.88444,7.88567,1.00,1.00
2017.09.26 18:46:46.957,7.88431,7.88553,1.00,1.00
2017.09.26 18:46:49.083,7.88417,7.8854,1.00,1.00
2017.09.26 18:46:49.767,7.88397,7.8852,1.00,1.00
2017.09.26 18:46:54.828,7.88408,7.8852,1.00,1.00
2017.09.26 18:46:54.981,7.88431,7.88553,1.00,1.00
2017.09.26 18:46:55.388,7.88417,7.8854,1.00,1.00
2017.09.26 18:46:56.297,7.88404,7.88527,1.00,1.00
2017.09.26 18:46:59.476,7.88417,7.8854,1.00,1.00
2017.09.26 18:46:59.887,7.88405,7.88526,1.00,1.00
2017.09.26 18:47:14.904,7.88392,7.88515,1.00,1.00
2017.09.26 18:47:17.798,7.88406,7.88528,1.00,1.00
2017.09.26 18:47:17.899,7.88392,7.88515,1.00,1.00
2017.09.26 18:47:18.643,7.88406,7.88528,1.00,1.00
2017.09.26 18:47:23.447,7.88392,7.88515,1.00,1.00
2017.09.26 18:47:30.955,7.8836,7.88482,1.00,1.00
2017.09.26 18:47:31.253,7.88373,7.88496,1.00,1.00
2017.09.26 18:47:33.439,7.8836,7.88482,1.00,1.00
2017.09.26 18:47:42.338,7.88346,7.88469,1.00,1.00
2017.09.26 18:47:44.237,7.8836,7.88482,1.00,1.00
2017.09.26 18:47:44.867,7.8834,7.88456,1.00,1.00
2017.09.26 18:47:48.775,7.8838,7.88502,1.00,1.00
2017.09.26 18:47:58.558,7.88393,7.88516,1.00,1.00
2017.09.26 18:48:05.854,7.88399,7.88516,1.00,1.00
2017.09.26 18:48:05.905,7.88407,7.88528,1.00,1.00
2017.09.26 18:48:06.007,7.8842,7.88542,1.00,1.00
2017.09.26 18:48:06.482,7.88406,7.88529,1.00,1.00
2017.09.26 18:48:06.729,7.8842,7.88542,1.00,1.00
2017.09.26 18:48:20.436,7.88406,7.88529,1.00,1.00
2017.09.26 18:48:20.806,7.88386,7.88509,1.00,1.00
2017.09.26 18:48:22.587,7.88393,7.88509,1.00,1.00
2017.09.26 18:48:22.689,7.8842,7.88542,1.00,1.00
2017.09.26 18:48:23.997,7.88406,7.88529,1.00,1.00
2017.09.26 18:48:25.307,7.8842,7.88542,1.00,1.00
2017.09.26 18:48:25.408,7.88406,7.88529,1.00,1.00
2017.09.26 18:48:25.900,7.8842,7.88542,1.00,1.00
2017.09.26 18:48:40.050,7.88406,7.88529,1.00,1.00
2017.09.26 18:48:45.231,7.88394,7.88515,1.00,1.00
2017.09.26 18:48:51.776,7.88459,7.88515,1.00,1.00
2017.09.26 18:48:51.929,7.88507,7.88629,1.00,1.00
2017.09.26 18:48:51.980,7.88521,7.88632,1.00,1.00
2017.09.26 18:48:52.278,7.88521,7.88642,1.00,1.00
2017.09.26 18:48:52.343,7.88506,7.88628,1.00,1.00
2017.09.26 18:48:52.686,7.88519,7.88642,1.00,1.00
2017.09.26 18:48:53.936,7.88526,7.88642,1.00,1.00
2017.09.26 18:48:53.987,7.88532,7.88655,1.00,1.00
2017.09.26 18:48:54.088,7.88559,7.88675,1.00,1.00
2017.09.26 18:48:54.139,7.88559,7.88682,1.00,1.00
2017.09.26 18:48:56.893,7.88572,7.88695,1.00,1.00
2017.09.26 18:49:01.042,7.88579,7.88695,1.00,1.00
2017.09.26 18:49:01.093,7.8859,7.88709,1.00,1.00
2017.09.26 18:49:01.195,7.886,7.88721,1.00,1.00
2017.09.26 18:49:01.297,7.88619,7.88742,1.00,1.50
2017.09.26 18:49:06.106,7.88623,7.88722,1.00,1.00
2017.09.26 18:49:06.209,7.88623,7.88742,1.00,1.50
2017.09.26 18:49:06.260,7.88619,7.88742,1.00,1.00
2017.09.26 18:49:06.311,7.88639,7.88762,1.00,1.50
2017.09.26 18:49:07.540,7.88627,7.88748,1.00,1.00
2017.09.26 18:49:07.969,7.88614,7.88734,1.00,1.00
2017.09.26 18:49:15.348,7.88614,7.88729,1.00,1.00
2017.09.26 18:49:15.399,7.88586,7.88709,1.00,1.00
2017.09.26 18:49:16.547,7.8859,7.88709,1.00,1.00
2017.09.26 18:49:16.829,7.88606,7.88729,1.00,1.50
2017.09.26 18:49:27.553,7.88593,7.88716,1.00,1.00
2017.09.26 18:49:42.630,7.88601,7.88722,1.00,1.00
2017.09.26 18:49:57.051,7.88587,7.8871,1.00,1.00
2017.09.26 18:49:58.783,7.88608,7.8873,1.00,1.50
2017.09.26 18:50:01.099,7.88588,7.88707,1.00,1.00
2017.09.26 18:50:01.151,7.88584,7.88707,1.00,1.00
2017.09.26 18:50:01.201,7.88564,7.88682,1.00,1.00
2017.09.26 18:50:01.253,7.8856,7.88682,1.00,1.00
2017.09.26 18:50:01.304,7.8854,7.88657,1.00,1.00
2017.09.26 18:50:01.355,7.88534,7.88657,1.00,1.00
2017.09.26 18:50:06.398,7.88516,7.88638,1.00,1.00
2017.09.26 18:50:09.430,7.88496,7.88618,1.50,1.00
2017.09.26 18:50:11.822,7.88509,7.88632,1.00,1.00
2017.09.26 18:50:11.924,7.88522,7.88645,1.00,1.00
2017.09.26 18:50:20.613,7.88509,7.88632,1.00,1.00
2017.09.26 18:50:24.835,7.88489,7.88605,1.00,1.00
2017.09.26 18:50:24.887,7.88482,7.88605,1.00,1.00
2017.09.26 18:50:24.938,7.88469,7.88587,1.00,1.00
2017.09.26 18:50:25.229,7.88495,7.88616,1.00,1.00
2017.09.26 18:50:29.832,7.88513,7.88634,1.00,1.00
2017.09.26 18:50:29.934,7.88526,7.88648,1.00,1.00
2017.09.26 18:50:30.479,7.88526,7.88647,1.00,1.00
2017.09.26 18:50:30.636,7.88506,7.88628,1.00,1.00
2017.09.26 18:50:43.131,7.88519,7.88642,1.00,1.00
2017.09.26 18:50:43.384,7.88539,7.88662,1.00,1.00
2017.09.26 18:50:43.910,7.88526,7.88648,1.00,1.00
2017.09.26 18:50:44.370,7.88513,7.88634,1.00,1.00
2017.09.26 18:50:44.471,7.88499,7.88622,1.00,1.00
2017.09.26 18:50:44.851,7.88519,7.88642,1.00,1.00
2017.09.26 18:50:45.206,7.88506,7.88628,1.00,1.00
2017.09.26 18:50:50.991,7.88493,7.88614,1.00,1.00
2017.09.26 18:50:51.093,7.88479,7.88602,1.00,1.00
2017.09.26 18:50:51.370,7.88499,7.88622,1.00,1.00
2017.09.26 18:51:00.365,7.88486,7.88608,1.00,1.00
2017.09.26 18:51:02.875,7.885,7.88623,1.00,1.00
2017.09.26 18:51:06.226,7.8848,7.88603,1.00,1.00
2017.09.26 18:51:06.572,7.88446,7.88569,1.00,1.00
2017.09.26 18:51:07.025,7.88461,7.88581,1.00,1.00
2017.09.26 18:51:08.127,7.88447,7.88568,1.00,1.00
2017.09.26 18:51:10.799,7.88433,7.88556,1.00,1.00
2017.09.26 18:51:15.331,7.88414,7.88535,1.50,1.00
2017.09.26 18:51:15.484,7.8844,7.88562,1.00,1.00
2017.09.26 18:51:21.020,7.88427,7.88548,1.00,1.00
2017.09.26 18:51:32.474,7.88414,7.88535,1.00,1.00
2017.09.26 18:51:35.375,7.88434,7.88555,1.00,1.00
2017.09.26 18:51:40.387,7.88446,7.88569,1.00,1.00
2017.09.26 18:51:41.629,7.88433,7.88556,1.00,1.00
2017.09.26 18:51:53.133,7.8842,7.88542,1.00,1.00
2017.09.26 18:51:53.571,7.88407,7.88528,1.00,1.00
2017.09.26 18:51:55.830,7.8842,7.88542,1.00,1.00
2017.09.26 18:51:55.932,7.88433,7.88556,1.00,1.00
2017.09.26 18:52:03.479,7.88406,7.88529,1.00,1.00
2017.09.26 18:52:18.005,7.88411,7.88531,1.00,1.00
2017.09.26 18:52:26.329,7.88423,7.88531,1.00,1.00
2017.09.26 18:52:26.431,7.88434,7.88557,1.00,1.00
2017.09.26 18:52:26.533,7.88447,7.8857,1.00,1.00
2017.09.26 18:52:26.853,7.88434,7.88557,1.00,1.00
2017.09.26 18:52:28.507,7.88434,7.88543,1.00,1.00
2017.09.26 18:52:28.914,7.88434,7.88537,1.00,1.00
2017.09.26 18:52:28.994,7.88368,7.88537,1.00,1.00
2017.09.26 18:52:30.101,7.88347,7.88515,1.00,1.00
2017.09.26 18:52:30.809,7.88347,7.8847,1.00,1.00
2017.09.26 18:52:32.648,7.88327,7.8845,1.00,1.00
2017.09.26 18:52:34.426,7.88314,7.88436,1.00,1.00
2017.09.26 18:52:34.956,7.88328,7.88449,1.00,1.00
2017.09.26 18:52:36.447,7.8834,7.88463,1.00,1.00
2017.09.26 18:52:38.595,7.88342,7.88463,1.00,1.00
2017.09.26 18:52:38.767,7.88381,7.88503,1.00,1.00
2017.09.26 18:52:49.374,7.88381,7.88493,1.00,1.00
2017.09.26 18:52:49.476,7.88351,7.88474,1.00,1.00
2017.09.26 18:52:49.782,7.88367,7.8849,1.00,1.50
2017.09.26 18:52:50.294,7.88347,7.8847,1.00,1.00
2017.09.26 18:52:51.671,7.8836,7.88483,1.00,1.00
2017.09.26 18:52:54.154,7.88374,7.88496,1.00,1.00
2017.09.26 18:52:56.179,7.88387,7.8851,1.00,1.00
2017.09.26 18:52:56.281,7.88401,7.88523,1.00,1.00
2017.09.26 18:52:59.778,7.88414,7.88537,1.00,1.00
2017.09.26 18:52:59.908,7.88427,7.8855,1.00,1.00
2017.09.26 18:53:00.761,7.88441,7.88563,1.00,1.00
2017.09.26 18:53:01.521,7.88441,7.88562,1.00,1.00
2017.09.26 18:53:01.674,7.88423,7.88546,1.00,1.00
2017.09.26 18:53:04.170,7.88408,7.88529,1.00,1.00
2017.09.26 18:53:05.792,7.88394,7.88517,1.00,1.00
2017.09.26 18:53:21.731,7.88381,7.88503,1.00,1.00
2017.09.26 18:53:21.921,7.88367,7.8849,1.00,1.00
2017.09.26 18:53:22.023,7.88354,7.88476,1.00,1.00
2017.09.26 18:53:22.829,7.88341,7.88462,1.00,1.00
2017.09.26 18:53:29.429,7.88359,7.8848,1.00,1.00
2017.09.26 18:53:29.531,7.88344,7.88466,1.00,1.00
2017.09.26 18:53:30.234,7.88331,7.88452,1.00,1.00
2017.09.26 18:53:31.541,7.88332,7.88452,1.00,1.00
2017.09.26 18:53:31.643,7.88357,7.8848,1.00,1.00
2017.09.26 18:53:31.948,7.88338,7.88459,1.00,1.00
2017.09.26 18:53:32.887,7.88325,7.88445,1.00,1.00
2017.09.26 18:53:34.569,7.88304,7.88426,1.00,1.00
2017.09.26 18:53:34.947,7.88317,7.8844,1.00,1.00
2017.09.26 18:53:35.695,7.88304,7.88426,1.00,1.00
2017.09.26 18:53:49.553,7.88308,7.88426,1.00,1.00
2017.09.26 18:53:49.604,7.88304,7.88426,1.50,1.00
2017.09.26 18:53:49.706,7.88336,7.88459,1.00,1.00
2017.09.26 18:53:51.796,7.88316,7.88439,1.00,1.00
2017.09.26 18:53:52.119,7.88303,7.88425,1.00,1.00
2017.09.26 18:53:53.116,7.88312,7.88425,1.00,1.00
2017.09.26 18:53:53.218,7.88336,7.88459,1.00,1.00
2017.09.26 18:53:53.447,7.88323,7.88445,1.00,1.00
2017.09.26 18:53:55.439,7.88336,7.88459,1.00,1.00
2017.09.26 18:53:55.541,7.8835,7.88472,1.00,1.00
2017.09.26 18:53:55.744,7.88336,7.88459,1.00,1.00
2017.09.26 18:53:56.716,7.88324,7.88444,1.00,1.00
2017.09.26 18:53:56.919,7.88336,7.88459,1.00,1.00
2017.09.26 18:53:57.227,7.8832,7.88442,1.00,1.00
2017.09.26 18:53:58.706,7.88333,7.88456,1.00,1.00
2017.09.26 18:53:58.853,7.88353,7.88476,1.00,1.00
2017.09.26 18:53:59.240,7.88333,7.88456,1.00,1.00
2017.09.26 18:54:01.635,7.88321,7.88441,1.00,1.00
2017.09.26 18:54:02.035,7.88341,7.88461,1.00,1.00
2017.09.26 18:54:02.138,7.88353,7.88476,1.00,1.00
2017.09.26 18:54:02.634,7.8834,7.88462,1.00,1.00
2017.09.26 18:54:02.755,7.88326,7.88449,1.00,1.00
2017.09.26 18:54:05.529,7.88353,7.88469,1.00,1.00
2017.09.26 18:54:05.704,7.88353,7.88476,1.00,1.00
2017.09.26 18:54:05.755,7.88334,7.88456,1.00,1.00
2017.09.26 18:54:06.068,7.8832,7.88442,1.00,1.00
2017.09.26 18:54:07.654,7.88353,7.88462,1.00,1.00
2017.09.26 18:54:07.756,7.88353,7.88476,1.00,1.00
2017.09.26 18:54:08.127,7.8834,7.88462,1.00,1.00
2017.09.26 18:54:09.933,7.88358,7.88478,1.00,1.00
2017.09.26 18:54:10.087,7.88375,7.88498,1.00,1.00
2017.09.26 18:54:10.240,7.88429,7.88518,1.00,1.00
2017.09.26 18:54:10.341,7.88429,7.88551,1.00,1.00
2017.09.26 18:54:10.571,7.88415,7.88538,1.00,1.00
2017.09.26 18:54:16.782,7.88449,7.88571,1.00,1.50
2017.09.26 18:54:17.146,7.88435,7.88558,1.00,1.00
2017.09.26 18:54:19.848,7.88417,7.88539,1.00,1.00
2017.09.26 18:54:23.447,7.8843,7.88553,1.00,1.00
2017.09.26 18:54:23.797,7.88445,7.88565,1.00,1.00
2017.09.26 18:54:40.090,7.8846,7.88582,1.00,1.00
2017.09.26 18:54:48.444,7.88442,7.88565,1.00,1.00
2017.09.26 18:54:54.413,7.8843,7.8855,1.00,1.00
2017.09.26 18:54:55.336,7.88442,7.88565,1.00,1.00
2017.09.26 18:54:55.438,7.88462,7.88585,1.00,1.00
2017.09.26 18:54:55.766,7.88469,7.88591,1.00,1.00
2017.09.26 18:54:58.840,7.88489,7.88611,1.00,1.00
2017.09.26 18:55:13.374,7.88513,7.88636,1.00,1.00
2017.09.26 18:55:13.475,7.88528,7.8865,1.00,1.00
2017.09.26 18:55:14.446,7.88528,7.88643,1.00,1.00
2017.09.26 18:55:14.497,7.88502,7.88622,1.00,1.00
2017.09.26 18:55:17.458,7.88487,7.8861,1.00,1.00
2017.09.26 18:55:23.382,7.88474,7.88597,1.00,1.00
2017.09.26 18:55:23.689,7.88475,7.88583,1.00,1.00
2017.09.26 18:55:23.919,7.88501,7.88623,1.00,1.00
2017.09.26 18:55:25.293,7.88528,7.88643,1.00,1.00
2017.09.26 18:55:25.398,7.88528,7.8865,1.00,1.00
2017.09.26 18:55:25.575,7.8851,7.88633,1.00,1.00
2017.09.26 18:55:41.728,7.88503,7.88626,1.00,1.00
2017.09.26 18:55:58.658,7.88511,7.88634,1.00,1.00
2017.09.26 18:56:08.477,7.88494,7.88617,1.00,1.00
2017.09.26 18:56:08.781,7.88474,7.88597,1.00,1.00
2017.09.26 18:56:11.583,7.88454,7.88577,1.00,1.00
2017.09.26 18:56:12.655,7.88454,7.8857,1.00,1.00
2017.09.26 18:56:12.807,7.88441,7.88563,1.00,1.00
2017.09.26 18:56:12.909,7.88454,7.88577,1.00,1.00
2017.09.26 18:56:13.696,7.88434,7.88557,1.00,1.00
2017.09.26 18:56:23.611,7.88426,7.8855,1.00,1.00
2017.09.26 18:56:23.713,7.88434,7.88563,1.00,1.00
2017.09.26 18:56:25.393,7.88448,7.88571,1.00,1.00
2017.09.26 18:56:29.024,7.88433,7.8856,1.00,1.00
2017.09.26 18:56:35.401,7.88433,7.88554,1.00,1.00
2017.09.26 18:56:35.603,7.88418,7.88547,1.00,1.00
2017.09.26 18:56:35.705,7.88436,7.88565,1.00,1.00
2017.09.26 18:56:36.335,7.88429,7.88552,1.00,1.00
2017.09.26 18:56:43.456,7.88474,7.88552,1.00,1.00
2017.09.26 18:56:43.558,7.88473,7.88572,1.00,1.00
2017.09.26 18:56:43.609,7.88479,7.88572,1.00,1.00
2017.09.26 18:56:43.660,7.88483,7.88612,1.00,1.00
2017.09.26 18:56:47.472,7.88478,7.88598,1.00,1.00
2017.09.26 18:56:47.574,7.88463,7.88593,1.00,1.00
2017.09.26 18:56:47.676,7.88477,7.88599,1.00,1.00
2017.09.26 18:56:49.733,7.88458,7.88578,1.00,1.00
2017.09.26 18:56:52.728,7.88458,7.88577,1.00,1.00
2017.09.26 18:56:52.780,7.88435,7.88556,1.00,1.00
2017.09.26 18:56:52.984,7.88449,7.88569,1.00,1.00
2017.09.26 18:57:07.314,7.88456,7.88569,1.00,1.00
2017.09.26 18:57:07.609,7.88484,7.88607,1.00,1.00
2017.09.26 18:57:08.432,7.88494,7.88607,1.00,1.00
2017.09.26 18:57:08.588,7.88514,7.88635,1.00,1.00
2017.09.26 18:57:09.124,7.885,7.88623,1.00,1.00
2017.09.26 18:57:10.414,7.88488,7.88608,1.00,1.00
2017.09.26 18:57:10.554,7.885,7.88623,1.00,1.00
2017.09.26 18:57:12.723,7.88487,7.88609,1.00,1.00
2017.09.26 18:57:12.839,7.885,7.88623,1.00,1.00
2017.09.26 18:57:17.450,7.88487,7.88609,1.00,1.00
2017.09.26 18:57:17.799,7.88467,7.88589,1.00,1.00
2017.09.26 18:57:24.455,7.8847,7.88589,1.00,1.00
2017.09.26 18:57:24.751,7.885,7.88623,1.00,1.00
2017.09.26 18:57:31.852,7.88516,7.88639,1.00,1.00
2017.09.26 18:57:32.272,7.88503,7.88625,1.00,1.00
2017.09.26 18:57:38.195,7.88483,7.88605,1.00,1.00
2017.09.26 18:57:38.398,7.88496,7.88619,1.00,1.00
2017.09.26 18:57:38.696,7.88483,7.88605,1.00,1.00
2017.09.26 18:57:39.397,7.88496,7.88619,1.00,1.00
2017.09.26 18:57:42.167,7.88509,7.88632,1.00,1.00
2017.09.26 18:57:46.465,7.88509,7.88631,1.00,1.00
2017.09.26 18:57:46.516,7.88488,7.88611,1.00,1.00
2017.09.26 18:57:56.497,7.88503,7.88623,1.00,1.00
2017.09.26 18:57:57.505,7.88488,7.88611,1.00,1.00
2017.09.26 18:58:11.365,7.88502,7.88624,1.00,1.00
2017.09.26 18:58:26.825,7.88504,7.88624,1.00,1.00
2017.09.26 18:58:26.977,7.88533,7.88655,1.00,1.00
2017.09.26 18:58:27.180,7.88546,7.88669,1.00,1.00
2017.09.26 18:58:30.602,7.88527,7.88648,1.00,1.00
2017.09.26 18:58:39.780,7.8854,7.88662,1.00,1.00
2017.09.26 18:58:40.054,7.88526,7.88649,1.00,1.00
2017.09.26 18:58:43.096,7.8854,7.88662,1.00,1.00
2017.09.26 18:58:46.424,7.88573,7.88695,1.00,1.00
2017.09.26 18:58:46.728,7.8858,7.88695,1.00,1.00
2017.09.26 18:58:46.830,7.886,7.88721,1.00,1.00
2017.09.26 18:58:46.931,7.88612,7.88734,1.00,1.00
2017.09.26 18:58:50.919,7.88627,7.88749,1.00,1.00
2017.09.26 18:58:51.507,7.88613,7.88736,1.00,1.00
2017.09.26 18:58:56.208,7.88615,7.88736,1.00,1.00
2017.09.26 18:58:56.260,7.88647,7.88769,1.00,1.00
2017.09.26 18:58:56.463,7.88667,7.88789,1.00,1.00
2017.09.26 18:58:56.768,7.88681,7.88802,1.00,1.00
2017.09.26 18:58:57.134,7.88683,7.88804,1.00,1.00
2017.09.26 18:58:57.337,7.88696,7.88819,1.00,1.00
2017.09.26 18:58:57.439,7.88683,7.88806,1.00,1.00
2017.09.26 18:58:58.932,7.88668,7.88788,1.00,1.00
2017.09.26 18:58:59.035,7.88647,7.88769,1.50,1.00
2017.09.26 18:58:59.240,7.88661,7.88782,1.00,1.00
2017.09.26 18:59:00.262,7.88647,7.88769,1.00,1.00
2017.09.26 18:59:04.785,7.88624,7.88747,1.00,1.00
2017.09.26 18:59:07.868,7.88604,7.88703,1.00,1.00
2017.09.26 18:59:07.919,7.8858,7.88703,1.00,1.00
2017.09.26 18:59:08.074,7.88594,7.88717,1.00,1.00
2017.09.26 18:59:12.172,7.88617,7.88737,1.00,1.00
2017.09.26 18:59:12.375,7.88617,7.8874,1.00,1.00
2017.09.26 18:59:12.578,7.88617,7.88732,1.00,1.00
2017.09.26 18:59:12.860,7.88604,7.88727,1.00,1.00
2017.09.26 18:59:19.508,7.88577,7.887,1.00,1.00
2017.09.26 18:59:19.810,7.88591,7.88713,1.00,1.00
2017.09.26 18:59:20.923,7.88577,7.887,1.00,1.00
2017.09.26 18:59:24.282,7.88577,7.88687,1.00,1.00
2017.09.26 18:59:25.951,7.88577,7.88671,1.00,1.00
2017.09.26 18:59:26.002,7.88558,7.88671,1.00,1.00
2017.09.26 18:59:26.053,7.88556,7.88671,1.00,1.00
2017.09.26 18:59:26.104,7.88536,7.88645,1.00,1.00
2017.09.26 18:59:26.155,7.88522,7.88645,1.00,1.00
2017.09.26 18:59:29.320,7.88502,7.88618,1.00,1.00
2017.09.26 18:59:29.375,7.88495,7.88618,1.00,1.00
2017.09.26 18:59:30.199,7.88482,7.88605,1.00,1.00
2017.09.26 18:59:30.567,7.88469,7.88591,1.00,1.00
2017.09.26 18:59:34.425,7.88455,7.88578,1.00,1.00
2017.09.26 18:59:34.531,7.88443,7.88564,1.00,1.00
2017.09.26 18:59:36.536,7.88429,7.88551,1.00,1.00
2017.09.26 18:59:36.842,7.88403,7.88526,1.00,1.00
2017.09.26 18:59:37.434,7.88422,7.88543,1.00,1.00
2017.09.26 18:59:37.847,7.88408,7.8853,1.00,1.00
2017.09.26 18:59:37.949,7.88428,7.8855,1.00,1.00
2017.09.26 18:59:38.920,7.88448,7.8857,1.00,1.00
2017.09.26 18:59:40.019,7.88434,7.88557,1.00,1.00
2017.09.26 18:59:40.121,7.8841,7.88533,1.00,1.00
2017.09.26 18:59:40.520,7.8839,7.88513,1.00,1.00
2017.09.26 18:59:42.328,7.88417,7.88538,1.00,1.00
2017.09.26 18:59:45.525,7.88417,7.88533,1.00,1.00
2017.09.26 18:59:45.577,7.88391,7.88513,1.00,1.00
2017.09.26 18:59:48.167,7.88391,7.88501,1.00,1.00
2017.09.26 18:59:48.370,7.88283,7.88405,1.00,1.00
2017.09.26 18:59:48.478,7.88269,7.88392,1.00,1.00
2017.09.26 18:59:48.580,7.88255,7.88377,1.00,1.00
2017.09.26 18:59:49.553,7.8823,7.88352,1.00,1.00
2017.09.26 18:59:49.857,7.8825,7.88372,1.00,1.00
2017.09.26 18:59:51.148,7.88275,7.88397,1.00,1.00
2017.09.26 18:59:51.249,7.88288,7.88411,1.00,1.00
2017.09.26 18:59:51.301,7.88292,7.88411,1.00,1.00
2017.09.26 18:59:51.352,7.88322,7.88444,1.00,1.00
2017.09.26 18:59:51.454,7.88339,7.88462,1.00,1.00
2017.09.26 18:59:58.072,7.88355,7.88478,1.00,1.00
2017.09.26 18:59:58.398,7.88342,7.88464,1.00,1.00
2017.09.26 18:59:59.507,7.88356,7.88477,1.00,1.00
2017.09.26 18:59:59.799,7.88342,7.88464,1.00,1.00
