2011.04.11 22:00:00.375,5.46164,5.46717,1.40,1.50
2011.04.11 22:00:00.485,5.46142,5.4662,1.40,1.50
2011.04.11 22:00:00.705,5.46134,5.4662,1.40,1.50
2011.04.11 22:00:02.374,5.46133,5.46614,1.40,1.50
2011.04.11 22:00:13.786,5.46134,5.46606,1.40,1.50
2011.04.11 22:00:16.115,5.46134,5.46615,1.40,1.50
2011.04.11 22:00:16.335,5.46134,5.46642,1.40,1.50
2011.04.11 22:00:16.445,5.46186,5.46664,1.40,1.50
2011.04.11 22:00:21.114,5.46186,5.46664,1.40,1.50
2011.04.11 22:00:24.285,5.46151,5.46631,1.40,1.50
2011.04.11 22:00:38.255,5.46139,5.46618,1.40,1.50
2011.04.11 22:00:38.475,5.46132,5.46617,1.40,1.50
2011.04.11 22:00:38.695,5.46123,5.46601,1.40,1.50
2011.04.11 22:00:39.024,5.46102,5.46582,1.40,1.50
2011.04.11 22:00:41.174,5.46102,5.46582,1.40,1.50
2011.04.11 22:00:44.155,5.46099,5.46576,1.40,1.50
2011.04.11 22:00:55.924,5.46099,5.46576,1.40,1.50
2011.04.11 22:00:58.654,5.46097,5.46574,1.40,1.50
2011.04.11 22:01:16.314,5.46082,5.46562,1.40,1.50
2011.04.11 22:01:30.575,5.46095,5.46573,1.40,1.50
2011.04.11 22:01:53.095,5.46095,5.46573,1.40,1.50
2011.04.11 22:01:53.425,5.46112,5.466,1.40,1.50
2011.04.11 22:01:54.020,5.46112,5.466,1.40,1.50
2011.04.11 22:01:56.215,5.46092,5.46572,1.40,1.50
2011.04.11 22:01:58.875,5.46092,5.46571,1.40,1.50
2011.04.11 22:02:04.554,5.46115,5.46595,1.40,1.50
2011.04.11 22:02:49.535,5.46123,5.46602,1.40,1.50
2011.04.11 22:02:55.695,5.46123,5.46602,1.40,1.50
2011.04.11 22:03:02.607,5.46135,5.46612,1.40,1.50
2011.04.11 22:03:06.756,5.46168,5.46653,1.40,1.50
2011.04.11 22:03:09.155,5.46161,5.46639,1.40,1.50
2011.04.11 22:03:23.026,5.46161,5.46639,1.40,1.50
2011.04.11 22:03:23.915,5.46148,5.4664,1.40,1.50
2011.04.11 22:03:24.355,5.46161,5.4664,1.40,1.50
2011.04.11 22:03:41.745,5.46166,5.46645,1.40,1.50
2011.04.11 22:04:03.084,5.46156,5.46633,1.40,1.50
2011.04.11 22:04:57.075,5.46147,5.46627,1.40,1.50
2011.04.11 22:04:59.704,5.4613,5.46608,1.40,1.50
2011.04.11 22:05:54.754,5.46129,5.46609,1.40,1.50
2011.04.11 22:06:30.154,5.46129,5.46609,1.40,1.50
2011.04.11 22:06:36.425,5.46132,5.46609,1.40,1.50
2011.04.11 22:06:39.426,5.4612,5.466,1.40,1.50
2011.04.11 22:06:43.215,5.46131,5.46608,1.40,1.50
2011.04.11 22:07:01.936,5.46113,5.46593,1.40,1.50
2011.04.11 22:07:14.495,5.46123,5.466,1.40,1.50
2011.04.11 22:07:17.265,5.46134,5.46613,1.40,1.50
2011.04.11 22:07:45.085,5.46144,5.46621,1.40,1.50
2011.04.11 22:07:45.378,5.4616,5.46639,1.40,1.50
2011.04.11 22:08:11.716,5.46181,5.46659,1.40,1.50
2011.04.11 22:08:17.357,5.4619,5.46668,1.40,1.50
2011.04.11 22:08:18.536,5.46198,5.46688,1.40,1.50
2011.04.11 22:08:18.978,5.46183,5.46663,1.40,1.50
2011.04.11 22:08:33.496,5.46164,5.46643,1.40,1.50
2011.04.11 22:09:13.286,5.46172,5.46649,1.40,1.50
2011.04.11 22:09:20.595,5.46183,5.46663,1.40,1.50
2011.04.11 22:10:02.127,5.45926,5.46283,1.40,1.07
2011.04.11 22:10:07.346,5.45955,5.4625,1.40,1.07
2011.04.11 22:10:10.328,5.45994,5.46287,1.40,1.07
2011.04.11 22:10:11.437,5.4598,5.46344,1.40,1.07
2011.04.11 22:10:12.048,5.45968,5.46303,1.40,1.07
2011.04.11 22:10:16.578,5.4594,5.46307,1.40,1.07
2011.04.11 22:10:23.899,5.45864,5.46377,1.40,1.07
2011.04.11 22:10:24.118,5.45846,5.46359,1.40,1.07
2011.04.11 22:10:34.928,5.45881,5.46251,1.40,1.07
2011.04.11 22:10:37.269,5.45857,5.46227,1.40,1.07
2011.04.11 22:11:10.420,5.46184,5.46662,1.40,1.50
2011.04.11 22:11:38.066,5.46207,5.46686,1.40,1.50
2011.04.11 22:11:38.505,5.46208,5.46694,2.90,1.50
2011.04.11 22:11:38.725,5.46218,5.46694,2.90,1.50
2011.04.11 22:11:53.106,5.46227,5.46701,2.90,1.50
2011.04.11 22:11:57.606,5.46218,5.46692,2.90,1.50
2011.04.11 22:12:53.247,5.46241,5.46718,1.40,1.50
2011.04.11 22:12:53.466,5.46257,5.46734,1.40,1.50
2011.04.11 22:13:02.336,5.46269,5.46755,1.40,1.50
2011.04.11 22:13:02.776,5.46261,5.46738,1.40,1.50
2011.04.11 22:13:03.455,5.46268,5.46746,1.40,1.50
2011.04.11 22:13:05.236,5.46258,5.46735,2.90,1.50
2011.04.11 22:13:50.277,5.46255,5.46735,1.40,1.50
2011.04.11 22:13:50.496,5.46269,5.46748,1.40,1.50
2011.04.11 22:13:55.993,5.46269,5.4675,1.40,1.50
2011.04.11 22:13:56.114,5.46283,5.46774,1.40,1.50
2011.04.11 22:13:56.225,5.46283,5.46774,1.40,1.50
2011.04.11 22:13:56.565,5.46283,5.46763,1.40,1.50
2011.04.11 22:14:03.406,5.46291,5.46769,1.40,1.50
2011.04.11 22:14:18.466,5.46277,5.46754,1.40,1.50
2011.04.11 22:14:24.067,5.46291,5.4677,1.40,1.50
2011.04.11 22:15:21.145,5.46288,5.46754,2.90,1.50
2011.04.11 22:15:24.725,5.46287,5.46747,2.90,1.50
2011.04.11 22:15:35.166,5.46287,5.46747,2.90,1.50
2011.04.11 22:15:38.617,5.46267,5.46745,1.40,1.50
2011.04.11 22:15:38.945,5.46267,5.46745,1.40,1.50
2011.04.11 22:15:39.057,5.46258,5.46737,1.40,1.50
2011.04.11 22:15:52.766,5.46247,5.46725,1.40,1.50
2011.04.11 22:15:58.931,5.46238,5.46716,1.40,1.50
2011.04.11 22:15:59.037,5.46226,5.46717,1.40,1.50
2011.04.11 22:15:59.781,5.46226,5.46717,1.40,1.50
2011.04.11 22:16:14.665,5.46228,5.46706,2.90,1.50
2011.04.11 22:16:21.075,5.46249,5.46728,1.40,1.50
2011.04.11 22:16:25.605,5.46239,5.46716,1.40,1.50
2011.04.11 22:16:25.827,5.4623,5.46716,1.40,1.50
2011.04.11 22:16:26.266,5.4623,5.46705,1.40,1.50
2011.04.11 22:16:35.196,5.46208,5.46685,2.90,1.50
2011.04.11 22:16:39.038,5.46208,5.46685,2.90,1.50
2011.04.11 22:16:42.976,5.46216,5.46695,1.40,1.50
2011.04.11 22:16:55.765,5.46226,5.46703,1.40,1.50
2011.04.11 22:17:04.876,5.46217,5.46697,1.40,1.50
2011.04.11 22:17:11.396,5.46206,5.46686,1.40,1.50
2011.04.11 22:17:11.615,5.46196,5.46685,1.40,1.50
2011.04.11 22:17:12.256,5.46195,5.46673,1.40,1.50
2011.04.11 22:17:18.297,5.46195,5.46682,1.40,1.50
2011.04.11 22:17:18.517,5.46205,5.46691,1.40,1.50
2011.04.11 22:17:19.876,5.46214,5.46691,1.40,1.50
2011.04.11 22:17:20.317,5.46207,5.4669,1.40,1.50
2011.04.11 22:17:45.926,5.46183,5.46662,1.40,1.50
2011.04.11 22:18:09.297,5.46183,5.46662,1.40,1.50
2011.04.11 22:18:09.516,5.462,5.4668,1.40,1.50
2011.04.11 22:18:10.226,5.46201,5.46688,1.40,1.50
2011.04.11 22:18:13.838,5.46201,5.46673,1.40,1.50
2011.04.11 22:18:18.131,5.46201,5.46673,1.40,1.50
2011.04.11 22:18:26.187,5.46192,5.46672,1.40,1.50
2011.04.11 22:19:21.145,5.46192,5.46672,1.40,1.50
2011.04.11 22:19:26.366,5.4618,5.46659,1.40,1.50
2011.04.11 22:19:28.826,5.46188,5.46651,2.90,1.50
2011.04.11 22:19:32.925,5.46188,5.4664,2.25,1.50
2011.04.11 22:19:49.386,5.46163,5.4664,1.40,1.50
2011.04.11 22:19:49.607,5.46168,5.46648,1.40,1.50
2011.04.11 22:19:49.827,5.46159,5.46648,1.40,1.50
2011.04.11 22:19:50.236,5.46159,5.46639,1.40,1.50
2011.04.11 22:19:56.959,5.46146,5.46623,1.40,1.50
2011.04.11 22:19:57.068,5.46122,5.46602,1.40,1.50
2011.04.11 22:19:58.647,5.46108,5.46585,1.40,1.50
2011.04.11 22:20:07.068,5.46139,5.46626,1.40,1.50
2011.04.11 22:20:07.625,5.46139,5.46626,1.40,1.50
2011.04.11 22:20:10.059,5.46151,5.46626,1.40,1.50
2011.04.11 22:20:10.277,5.46166,5.46643,1.40,1.50
2011.04.11 22:20:23.077,5.46175,5.46653,1.40,1.50
2011.04.11 22:20:24.257,5.46154,5.46631,1.40,1.50
2011.04.11 22:20:37.547,5.46168,5.46645,1.40,1.50
2011.04.11 22:21:32.562,5.46168,5.46645,1.40,1.50
2011.04.11 22:21:39.876,5.46168,5.46645,1.40,1.50
2011.04.11 22:22:12.406,5.46169,5.46647,1.40,1.50
2011.04.11 22:22:13.626,5.46154,5.46631,1.40,1.50
2011.04.11 22:22:43.268,5.4616,5.46639,1.40,1.50
2011.04.11 22:22:55.577,5.46148,5.46635,1.40,1.50
2011.04.11 22:22:55.906,5.46148,5.46635,1.40,1.50
2011.04.11 22:22:58.047,5.46148,5.46635,1.40,1.50
2011.04.11 22:22:58.806,5.46161,5.46635,1.40,1.50
2011.04.11 22:23:05.567,5.46171,5.46648,1.40,1.50
2011.04.11 22:24:09.236,5.46171,5.46648,1.40,1.50
2011.04.11 22:24:16.756,5.46149,5.46629,1.40,1.50
2011.04.11 22:24:32.317,5.46148,5.46616,2.90,1.50
2011.04.11 22:25:17.467,5.46188,5.46616,2.25,1.50
2011.04.11 22:25:17.687,5.46188,5.46624,2.25,1.50
2011.04.11 22:25:17.907,5.46188,5.46609,2.25,1.50
2011.04.11 22:25:28.388,5.46188,5.46609,2.25,1.50
2011.04.11 22:25:43.876,5.46188,5.46609,3.00,1.50
2011.04.11 22:25:44.098,5.46187,5.4661,3.00,1.50
2011.04.11 22:25:44.207,5.46187,5.46633,3.00,1.50
2011.04.11 22:25:50.957,5.46187,5.46633,3.00,1.50
2011.04.11 22:26:11.878,5.46187,5.46633,3.00,1.50
2011.04.11 22:26:35.137,5.46187,5.46624,3.00,1.50
2011.04.11 22:26:35.577,5.46188,5.46624,2.25,1.50
2011.04.11 22:26:46.900,5.46188,5.46612,3.00,1.50
2011.04.11 22:26:47.337,5.46187,5.46625,3.00,1.50
2011.04.11 22:26:47.778,5.46217,5.46642,2.25,1.50
2011.04.11 22:26:50.656,5.46208,5.46642,3.00,1.50
2011.04.11 22:26:50.986,5.46188,5.46629,3.00,1.50
2011.04.11 22:26:54.058,5.46188,5.46629,2.25,1.50
2011.04.11 22:26:54.278,5.46168,5.46615,3.00,1.50
2011.04.11 22:26:54.687,5.46168,5.46602,3.00,1.50
2011.04.11 22:26:56.849,5.46168,5.46602,3.00,1.50
2011.04.11 22:27:03.487,5.46168,5.46618,3.00,1.50
2011.04.11 22:27:08.637,5.46178,5.46618,2.25,1.50
2011.04.11 22:27:27.097,5.46178,5.46618,3.00,1.50
2011.04.11 22:27:51.408,5.46178,5.46618,2.25,1.50
2011.04.11 22:27:51.960,5.46168,5.46582,2.25,1.50
2011.04.11 22:27:52.181,5.46168,5.46602,2.25,1.50
2011.04.11 22:28:04.488,5.46168,5.46602,3.00,1.50
2011.04.11 22:28:04.598,5.46178,5.46602,2.25,1.50
2011.04.11 22:28:11.139,5.46178,5.46619,3.00,1.50
2011.04.11 22:28:11.811,5.46178,5.46619,3.00,1.50
2011.04.11 22:28:20.319,5.46178,5.46619,3.00,1.50
2011.04.11 22:28:20.427,5.46178,5.46619,3.00,1.50
2011.04.11 22:29:05.308,5.46149,5.46605,1.40,1.50
2011.04.11 22:29:05.417,5.46147,5.46605,1.40,1.50
2011.04.11 22:29:05.527,5.46131,5.46586,1.40,1.50
2011.04.11 22:29:22.057,5.46131,5.46586,1.40,1.50
2011.04.11 22:29:22.327,5.46127,5.46586,3.65,1.50
2011.04.11 22:29:22.547,5.46127,5.46567,3.00,1.50
2011.04.11 22:29:24.029,5.46127,5.46567,2.25,1.50
2011.04.11 22:29:27.219,5.46127,5.46567,3.00,1.50
2011.04.11 22:29:28.854,5.46127,5.46567,2.25,1.50
2011.04.11 22:29:40.039,5.46097,5.46546,3.00,1.50
2011.04.11 22:29:40.576,5.46097,5.46546,3.00,1.50
2011.04.11 22:29:43.028,5.46097,5.46546,3.00,1.50
2011.04.11 22:29:43.247,5.46087,5.46546,2.90,1.50
2011.04.11 22:29:43.357,5.46088,5.4652,2.25,1.50
2011.04.11 22:29:43.796,5.46088,5.46513,3.00,1.50
2011.04.11 22:29:45.648,5.46087,5.46527,3.00,1.50
2011.04.11 22:29:46.197,5.46098,5.46527,3.00,1.50
2011.04.11 22:29:46.309,5.46098,5.46543,3.00,1.50
2011.04.11 22:29:46.748,5.46087,5.46518,3.00,1.50
2011.04.11 22:29:47.107,5.46088,5.46527,3.00,1.50
2011.04.11 22:29:47.221,5.46107,5.46527,3.00,1.50
2011.04.11 22:29:47.327,5.46107,5.46543,3.00,1.50
2011.04.11 22:29:47.439,5.46107,5.46543,3.00,1.50
2011.04.11 22:29:47.549,5.46108,5.46517,2.25,1.50
2011.04.11 22:29:47.660,5.46097,5.46517,2.25,1.50
2011.04.11 22:29:53.178,5.46097,5.46517,2.25,1.50
2011.04.11 22:29:53.288,5.46088,5.465,2.25,1.50
2011.04.11 22:30:06.368,5.46108,5.465,2.25,1.50
2011.04.11 22:30:12.827,5.46108,5.46502,2.25,1.50
2011.04.11 22:30:12.937,5.46088,5.46502,2.25,1.50
2011.04.11 22:30:26.949,5.46028,5.46472,3.00,1.50
2011.04.11 22:30:27.058,5.46038,5.46472,3.00,1.50
2011.04.11 22:30:27.315,5.46038,5.46472,3.00,1.50
2011.04.11 22:30:27.432,5.46067,5.46472,2.25,1.50
2011.04.11 22:30:27.648,5.46067,5.46485,2.25,1.50
2011.04.11 22:30:27.758,5.46037,5.46472,3.00,1.50
2011.04.11 22:30:28.164,5.46037,5.46472,3.00,1.50
2011.04.11 22:30:29.099,5.46037,5.46472,3.00,1.50
2011.04.11 22:30:34.017,5.46037,5.46472,3.00,1.50
2011.04.11 22:30:35.227,5.46017,5.46472,1.40,1.50
2011.04.11 22:30:35.898,5.46017,5.46472,1.40,1.50
2011.04.11 22:30:36.195,5.46017,5.46472,1.40,1.50
2011.04.11 22:30:37.208,5.46017,5.46472,1.40,1.50
2011.04.11 22:30:38.287,5.46017,5.46472,1.40,1.50
2011.04.11 22:30:38.397,5.46017,5.46472,1.40,1.50
2011.04.11 22:30:38.507,5.46035,5.46489,1.40,1.50
2011.04.11 22:30:41.607,5.46035,5.46489,1.40,1.50
2011.04.11 22:30:41.943,5.46068,5.46499,2.25,1.50
2011.04.11 22:31:36.796,5.46068,5.46498,2.25,1.50
2011.04.11 22:32:17.558,5.46067,5.46491,2.25,1.50
2011.04.11 22:32:48.197,5.46068,5.46499,2.25,1.50
2011.04.11 22:32:48.307,5.46068,5.46499,2.25,1.50
2011.04.11 22:32:48.968,5.46044,5.46479,1.40,1.50
2011.04.11 22:32:49.077,5.46048,5.46479,2.25,1.50
2011.04.11 22:32:49.408,5.46038,5.46464,2.25,1.50
2011.04.11 22:32:49.738,5.46048,5.46464,2.25,1.50
2011.04.11 22:32:50.119,5.46048,5.46464,2.25,1.50
2011.04.11 22:32:51.417,5.46048,5.46464,2.25,1.50
2011.04.11 22:32:51.637,5.46037,5.46464,2.25,1.50
2011.04.11 22:32:52.327,5.46037,5.46458,2.25,1.50
2011.04.11 22:32:52.968,5.46037,5.46464,2.25,1.50
2011.04.11 22:32:54.333,5.46027,5.46464,3.00,1.50
2011.04.11 22:32:58.497,5.46027,5.46464,3.00,1.50
2011.04.11 22:32:58.718,5.46058,5.46498,2.25,1.50
2011.04.11 22:32:58.827,5.46068,5.46498,2.25,1.50
2011.04.11 22:33:53.742,5.46068,5.46498,2.25,1.50
2011.04.11 22:34:19.767,5.46067,5.46497,2.25,1.50
2011.04.11 22:34:36.108,5.46068,5.46497,2.25,1.50
2011.04.11 22:34:36.987,5.46068,5.46486,2.25,1.50
2011.04.11 22:34:38.718,5.46027,5.46486,3.65,1.50
2011.04.11 22:34:38.828,5.46067,5.46488,2.25,1.50
2011.04.11 22:34:40.299,5.46028,5.46488,2.90,1.50
2011.04.11 22:34:40.408,5.46027,5.46478,3.00,1.50
2011.04.11 22:34:41.463,5.46027,5.4646,2.25,1.50
2011.04.11 22:34:42.009,5.46028,5.4646,2.25,1.50
2011.04.11 22:34:42.118,5.45987,5.4646,3.65,1.50
2011.04.11 22:34:42.338,5.45987,5.46437,3.00,1.50
2011.04.11 22:34:45.239,5.45987,5.46422,2.25,1.50
2011.04.11 22:34:49.498,5.45988,5.46433,2.25,1.50
2011.04.11 22:34:51.458,5.45997,5.46433,2.25,1.50
2011.04.11 22:34:52.091,5.45998,5.46433,2.25,1.50
2011.04.11 22:34:57.248,5.45987,5.46433,2.25,1.50
2011.04.11 22:35:06.328,5.45998,5.46433,2.25,1.50
2011.04.11 22:35:09.067,5.45998,5.46423,2.25,1.50
2011.04.11 22:35:09.178,5.45987,5.46423,2.25,1.50
2011.04.11 22:35:09.508,5.45997,5.46436,2.25,1.50
2011.04.11 22:35:21.397,5.45997,5.46442,2.25,1.50
2011.04.11 22:35:21.618,5.46007,5.46442,2.25,1.50
2011.04.11 22:35:23.000,5.46017,5.4645,2.25,1.50
2011.04.11 22:35:23.110,5.46017,5.4645,2.25,1.50
2011.04.11 22:35:23.329,5.46028,5.46468,2.25,1.50
2011.04.11 22:35:28.891,5.46038,5.46468,2.25,1.50
2011.04.11 22:35:41.808,5.46017,5.46468,2.25,1.50
2011.04.11 22:36:27.688,5.46017,5.46459,2.25,1.50
2011.04.11 22:36:37.759,5.46038,5.46473,2.25,1.50
2011.04.11 22:37:32.808,5.46038,5.46474,3.00,1.50
2011.04.11 22:38:03.928,5.46068,5.46489,2.25,1.50
2011.04.11 22:38:16.738,5.46037,5.46489,2.25,1.50
2011.04.11 22:38:16.961,5.46037,5.4648,2.25,1.50
2011.04.11 22:38:20.299,5.46038,5.4648,2.25,1.50
2011.04.11 22:38:20.969,5.46008,5.46463,3.65,1.50
2011.04.11 22:38:23.180,5.4603,5.46463,1.40,1.50
2011.04.11 22:38:23.509,5.46067,5.46485,2.25,1.50
2011.04.11 22:38:23.619,5.46037,5.46485,2.25,1.50
2011.04.11 22:38:32.569,5.46037,5.46469,2.25,1.50
2011.04.11 22:38:34.919,5.46027,5.46469,2.25,1.50
2011.04.11 22:38:35.139,5.46008,5.46453,2.25,1.50
2011.04.11 22:38:44.158,5.46027,5.46461,2.25,1.50
2011.04.11 22:38:44.268,5.46027,5.46461,2.25,1.50
2011.04.11 22:38:50.918,5.46028,5.46461,2.25,1.50
2011.04.11 22:38:57.078,5.46037,5.46476,2.25,1.50
2011.04.11 22:38:57.298,5.46028,5.46476,2.25,1.50
2011.04.11 22:39:04.438,5.46027,5.46476,3.00,1.50
2011.04.11 22:39:04.759,5.46068,5.46491,2.25,1.50
2011.04.11 22:39:48.248,5.46068,5.46491,2.25,1.50
2011.04.11 22:39:48.360,5.46038,5.4648,2.25,1.50
2011.04.11 22:39:48.468,5.46008,5.4648,2.90,1.50
2011.04.11 22:40:08.669,5.46007,5.46454,2.25,1.50
2011.04.11 22:40:25.810,5.46007,5.46463,3.00,1.50
2011.04.11 22:40:26.029,5.46028,5.4647,2.25,1.50
2011.04.11 22:40:45.798,5.46007,5.46461,3.00,1.50
2011.04.11 22:41:04.679,5.46017,5.46461,2.25,1.50
2011.04.11 22:41:06.881,5.46029,5.46485,1.40,1.50
2011.04.11 22:41:07.099,5.46058,5.46485,2.25,1.50
2011.04.11 22:41:10.358,5.46058,5.46492,2.25,1.50
2011.04.11 22:41:15.799,5.46068,5.46492,2.25,1.50
2011.04.11 22:41:16.129,5.46067,5.4651,2.25,1.50
2011.04.11 22:41:16.459,5.46087,5.46522,2.25,1.50
2011.04.11 22:41:16.898,5.46108,5.46522,2.25,1.50
2011.04.11 22:41:21.509,5.46108,5.46523,2.25,1.50
2011.04.11 22:41:22.550,5.46107,5.46547,2.25,1.50
2011.04.11 22:41:25.098,5.46108,5.46547,2.25,1.50
2011.04.11 22:41:25.998,5.46107,5.46547,2.25,1.50
2011.04.11 22:41:33.769,5.46087,5.46539,2.25,1.50
2011.04.11 22:41:58.418,5.46098,5.46539,2.25,1.50
2011.04.11 22:42:00.769,5.46097,5.46539,2.25,1.50
2011.04.11 22:42:07.259,5.46088,5.46539,2.25,1.50
2011.04.11 22:42:07.479,5.46087,5.46531,2.25,1.50
2011.04.11 22:42:08.030,5.46097,5.46531,2.25,1.50
2011.04.11 22:42:10.239,5.46107,5.46531,2.25,1.50
2011.04.11 22:42:10.349,5.46107,5.46542,2.25,1.50
2011.04.11 22:42:14.700,5.46097,5.46542,2.25,1.50
2011.04.11 22:42:14.918,5.46087,5.46542,2.25,1.50
2011.04.11 22:42:15.029,5.46098,5.46532,2.25,1.50
2011.04.11 22:42:15.475,5.46097,5.46532,2.25,1.50
2011.04.11 22:42:16.888,5.46098,5.46532,2.25,1.50
2011.04.11 22:42:18.178,5.46097,5.46532,2.25,1.50
2011.04.11 22:42:20.409,5.46098,5.46532,2.25,1.50
2011.04.11 22:42:22.178,5.46108,5.4654,2.25,1.50
2011.04.11 22:42:24.518,5.46107,5.4654,2.25,1.50
2011.04.11 22:42:28.018,5.46107,5.46529,2.25,1.50
2011.04.11 22:42:35.398,5.46108,5.46529,2.25,1.50
2011.04.11 22:42:37.719,5.46108,5.46539,2.25,1.50
2011.04.11 22:42:38.438,5.46107,5.46539,2.25,1.50
2011.04.11 22:43:02.818,5.46097,5.46533,2.25,1.50
2011.04.11 22:43:06.668,5.46108,5.46533,2.25,1.50
2011.04.11 22:43:45.152,5.46127,5.46549,2.25,1.50
2011.04.11 22:44:05.789,5.46127,5.46549,2.25,1.50
2011.04.11 22:44:05.899,5.46107,5.46543,2.25,1.50
2011.04.11 22:44:08.659,5.46107,5.46528,2.25,1.50
2011.04.11 22:44:36.859,5.46107,5.46528,2.25,1.50
2011.04.11 22:44:37.079,5.46098,5.46523,2.25,1.50
2011.04.11 22:44:38.359,5.46107,5.46523,2.25,1.50
2011.04.11 22:44:40.941,5.46098,5.46523,2.25,1.50
2011.04.11 22:44:42.660,5.46098,5.46486,2.25,1.50
2011.04.11 22:44:42.770,5.46037,5.46486,2.25,1.50
2011.04.11 22:44:45.470,5.46037,5.46486,3.00,1.50
2011.04.11 22:44:45.800,5.46068,5.46497,2.25,1.50
2011.04.11 22:45:17.560,5.46068,5.46504,2.25,1.50
2011.04.11 22:45:18.154,5.46067,5.46504,2.25,1.50
2011.04.11 22:45:18.810,5.46068,5.46504,2.25,1.50
2011.04.11 22:45:24.410,5.46067,5.46504,2.25,1.50
2011.04.11 22:45:25.100,5.46067,5.46513,2.25,1.50
2011.04.11 22:45:26.471,5.46078,5.46513,2.25,1.50
2011.04.11 22:45:30.580,5.46068,5.46513,2.25,1.50
2011.04.11 22:45:39.239,5.46078,5.46513,2.25,1.50
2011.04.11 22:45:52.538,5.46067,5.46513,2.25,1.50
2011.04.11 22:45:56.439,5.46077,5.46513,2.25,1.50
2011.04.11 22:46:07.579,5.46068,5.46513,2.25,1.50
2011.04.11 22:46:11.409,5.46068,5.46501,2.25,1.50
2011.04.11 22:46:17.339,5.46068,5.46489,2.25,1.50
2011.04.11 22:46:19.959,5.46068,5.46499,2.25,1.50
2011.04.11 22:46:52.761,5.46068,5.46489,2.25,1.50
2011.04.11 22:46:53.320,5.46067,5.46489,2.25,1.50
2011.04.11 22:47:01.819,5.46058,5.46489,2.25,1.50
2011.04.11 22:47:01.930,5.46037,5.46447,2.25,1.50
2011.04.11 22:47:02.040,5.45998,5.46447,2.25,1.50
2011.04.11 22:47:05.300,5.45997,5.4643,2.25,1.50
2011.04.11 22:47:06.333,5.45997,5.46442,2.25,1.50
2011.04.11 22:47:08.284,5.45997,5.46442,3.00,1.50
2011.04.11 22:47:12.450,5.45997,5.46442,2.25,1.50
2011.04.11 22:47:27.849,5.45998,5.46431,2.25,1.50
2011.04.11 22:47:29.479,5.45997,5.46431,2.25,1.50
2011.04.11 22:47:29.590,5.45997,5.46444,2.25,1.50
2011.04.11 22:47:35.272,5.45997,5.46444,3.00,1.50
2011.04.11 22:47:36.205,5.45997,5.46444,3.00,1.50
2011.04.11 22:47:36.309,5.45997,5.46456,3.65,1.50
2011.04.11 22:47:36.422,5.46001,5.46456,1.40,1.50
2011.04.11 22:47:36.640,5.46008,5.46456,1.40,1.50
2011.04.11 22:47:36.751,5.46016,5.46456,1.40,1.50
2011.04.11 22:47:37.079,5.46037,5.46473,2.25,1.50
2011.04.11 22:47:40.589,5.46037,5.46473,2.25,1.50
2011.04.11 22:47:40.699,5.46047,5.46482,2.25,1.50
2011.04.11 22:47:42.840,5.46057,5.46482,2.25,1.50
2011.04.11 22:47:43.059,5.46057,5.4649,2.25,1.50
2011.04.11 22:47:46.349,5.46068,5.4649,2.25,1.50
2011.04.11 22:47:49.370,5.46068,5.46508,2.25,1.50
2011.04.11 22:48:03.350,5.46068,5.46514,2.25,1.50
2011.04.11 22:48:04.186,5.46067,5.46514,2.25,1.50
2011.04.11 22:48:28.209,5.46068,5.46514,2.25,1.50
2011.04.11 22:48:29.149,5.46088,5.46514,2.25,1.50
2011.04.11 22:48:33.129,5.46067,5.46514,2.25,1.50
2011.04.11 22:48:58.399,5.46067,5.46514,2.25,1.50
2011.04.11 22:49:20.219,5.46088,5.46514,2.25,1.50
2011.04.11 22:49:24.249,5.46068,5.46514,2.25,1.50
2011.04.11 22:49:36.402,5.46078,5.46514,2.25,1.50
2011.04.11 22:49:48.099,5.46077,5.46514,2.25,1.50
2011.04.11 22:49:53.650,5.46077,5.46514,2.25,1.50
2011.04.11 22:49:55.090,5.46087,5.46514,2.25,1.50
2011.04.11 22:50:00.979,5.46077,5.46514,2.25,1.50
2011.04.11 22:50:01.559,5.46078,5.46514,2.25,1.50
2011.04.11 22:50:03.620,5.46097,5.46514,2.25,1.50
2011.04.11 22:50:03.840,5.46107,5.4655,2.25,1.50
2011.04.11 22:50:05.321,5.46078,5.46537,2.90,1.50
2011.04.11 22:50:05.429,5.46078,5.46537,2.90,1.50
2011.04.11 22:50:30.910,5.46082,5.46537,1.40,1.50
2011.04.11 22:50:31.239,5.46108,5.46547,2.25,1.50
2011.04.11 22:50:31.802,5.46107,5.46547,2.25,1.50
2011.04.11 22:50:46.880,5.46108,5.46547,2.25,1.50
2011.04.11 22:50:47.209,5.46108,5.46537,2.25,1.50
2011.04.11 22:50:47.430,5.46077,5.4652,3.00,1.50
2011.04.11 22:50:48.089,5.46078,5.4652,2.25,1.50
2011.04.11 22:50:50.820,5.46068,5.4652,3.00,1.50
2011.04.11 22:50:50.929,5.46068,5.46512,3.00,1.50
2011.04.11 22:50:51.249,5.46077,5.46512,2.25,1.50
2011.04.11 22:51:04.002,5.46077,5.46512,2.90,1.50
2011.04.11 22:51:13.289,5.46078,5.46521,2.25,1.50
2011.04.11 22:51:13.729,5.46068,5.4652,2.25,1.50
2011.04.11 22:51:13.949,5.46068,5.46514,2.25,1.50
2011.04.11 22:51:36.590,5.46068,5.46507,2.25,1.50
2011.04.11 22:51:37.969,5.46068,5.46499,2.25,1.50
2011.04.11 22:51:38.932,5.46087,5.46499,2.25,1.50
2011.04.11 22:51:39.843,5.46067,5.46499,2.25,1.50
2011.04.11 22:51:42.849,5.46068,5.46499,2.25,1.50
2011.04.11 22:51:51.550,5.46067,5.46499,2.25,1.50
2011.04.11 22:52:18.160,5.46068,5.46499,2.25,1.50
2011.04.11 22:52:18.381,5.46048,5.4649,2.25,1.50
2011.04.11 22:52:18.491,5.46027,5.4649,2.25,1.50
2011.04.11 22:52:18.602,5.46037,5.46474,2.25,1.50
2011.04.11 22:52:18.710,5.46028,5.46474,2.25,1.50
2011.04.11 22:52:18.931,5.46018,5.46474,2.25,1.50
2011.04.11 22:52:22.581,5.46018,5.46465,2.90,1.50
2011.04.11 22:52:22.690,5.46067,5.46487,2.25,1.50
2011.04.11 22:52:22.800,5.46027,5.46487,2.90,1.50
2011.04.11 22:52:22.909,5.46038,5.46487,2.25,1.50
2011.04.11 22:52:23.245,5.46038,5.46474,2.25,1.50
2011.04.11 22:52:25.019,5.46057,5.46488,2.25,1.50
2011.04.11 22:52:25.740,5.46037,5.46488,2.25,1.50
2011.04.11 22:52:25.959,5.46068,5.4649,2.25,1.50
2011.04.11 22:52:27.810,5.46068,5.46499,2.25,1.50
2011.04.11 22:52:27.921,5.46078,5.46515,2.25,1.50
2011.04.11 22:52:28.359,5.46078,5.46532,2.25,1.50
2011.04.11 22:52:28.579,5.46077,5.46516,2.25,1.50
2011.04.11 22:52:28.910,5.46107,5.46528,2.25,1.50
2011.04.11 22:52:29.019,5.46107,5.46528,2.25,1.50
2011.04.11 22:52:29.239,5.46107,5.46547,2.25,1.50
2011.04.11 22:52:29.570,5.46107,5.46547,2.25,1.50
2011.04.11 22:52:29.789,5.46078,5.46535,1.40,1.50
2011.04.11 22:52:42.605,5.4608,5.46535,1.40,1.50
2011.04.11 22:52:42.940,5.46138,5.4656,2.25,1.50
2011.04.11 22:52:44.960,5.46138,5.46602,3.00,1.50
2011.04.11 22:52:45.070,5.46178,5.46602,2.25,1.50
2011.04.11 22:52:45.935,5.46177,5.46602,2.25,1.50
2011.04.11 22:53:12.921,5.46177,5.46616,2.25,1.50
2011.04.11 22:53:13.982,5.46187,5.46616,2.25,1.50
2011.04.11 22:53:43.969,5.46177,5.46616,2.25,1.50
2011.04.11 22:53:46.120,5.46177,5.46608,2.25,1.50
2011.04.11 22:53:46.229,5.46187,5.46608,2.25,1.50
2011.04.11 22:54:26.129,5.46188,5.46618,2.25,1.50
2011.04.11 22:54:26.241,5.46188,5.46618,2.25,1.50
2011.04.11 22:54:26.459,5.46198,5.46626,2.25,1.50
2011.04.11 22:54:27.342,5.46207,5.46626,2.25,1.50
2011.04.11 22:54:41.940,5.46217,5.46626,2.25,1.50
2011.04.11 22:54:44.641,5.46217,5.46667,2.25,1.50
2011.04.11 22:54:44.751,5.46228,5.46667,2.25,1.50
2011.04.11 22:54:45.128,5.46228,5.46653,2.25,1.50
2011.04.11 22:54:47.712,5.46227,5.46653,2.25,1.50
2011.04.11 22:54:48.571,5.46228,5.46653,2.25,1.50
2011.04.11 22:54:50.091,5.46227,5.46653,2.25,1.50
2011.04.11 22:54:50.311,5.46218,5.46645,2.25,1.50
2011.04.11 22:54:51.150,5.46218,5.46637,2.25,1.50
2011.04.11 22:54:53.890,5.46218,5.46637,2.25,1.50
2011.04.11 22:54:54.000,5.46208,5.46637,2.25,1.50
2011.04.11 22:54:56.401,5.46217,5.46637,2.25,1.50
2011.04.11 22:55:12.241,5.46218,5.46637,2.25,1.50
2011.04.11 22:55:20.792,5.46217,5.46637,2.25,1.50
2011.04.11 22:55:21.230,5.46217,5.46649,2.25,1.50
2011.04.11 22:55:23.462,5.46217,5.46649,3.00,1.50
2011.04.11 22:55:23.570,5.46228,5.46649,2.25,1.50
2011.04.11 22:55:23.681,5.46228,5.46657,2.25,1.50
2011.04.11 22:55:40.922,5.46227,5.46666,3.00,1.50
2011.04.11 22:55:44.521,5.46227,5.46666,3.00,1.50
2011.04.11 22:55:44.740,5.46227,5.46666,3.00,1.50
2011.04.11 22:55:53.930,5.46228,5.46666,2.25,1.50
2011.04.11 22:55:54.040,5.46247,5.46666,2.25,1.50
2011.04.11 22:55:55.331,5.46227,5.46655,2.25,1.50
2011.04.11 22:55:55.440,5.46218,5.46655,2.25,1.50
2011.04.11 22:55:56.341,5.46227,5.46655,2.25,1.50
2011.04.11 22:55:58.461,5.46218,5.46655,2.25,1.50
2011.04.11 22:55:58.570,5.46218,5.46655,2.25,1.50
2011.04.11 22:55:59.750,5.46257,5.46667,2.25,1.50
2011.04.11 22:55:59.860,5.46257,5.46667,2.25,1.50
2011.04.11 22:56:38.279,5.46258,5.46667,2.25,1.50
2011.04.11 22:56:45.910,5.46258,5.46667,2.25,1.50
2011.04.11 22:56:46.130,5.46277,5.46691,2.25,1.50
2011.04.11 22:56:48.151,5.46268,5.46691,2.25,1.50
2011.04.11 22:56:48.260,5.46257,5.46691,2.25,1.50
2011.04.11 22:56:50.571,5.46258,5.46691,2.25,1.50
2011.04.11 22:57:02.879,5.46267,5.46691,2.25,1.50
2011.04.11 22:57:03.680,5.46267,5.46692,2.25,1.50
2011.04.11 22:57:22.452,5.46258,5.46692,2.25,1.50
2011.04.11 22:57:22.562,5.46248,5.46681,2.25,1.50
2011.04.11 22:57:22.891,5.46227,5.46656,2.25,1.50
2011.04.11 22:57:23.221,5.46227,5.46643,2.25,1.50
2011.04.11 22:57:23.440,5.46188,5.46643,3.00,1.50
2011.04.11 22:57:24.079,5.46188,5.46636,3.00,1.50
2011.04.11 22:57:26.332,5.46188,5.46636,2.25,1.50
2011.04.11 22:57:33.360,5.46217,5.46636,2.25,1.50
2011.04.11 22:57:33.470,5.46217,5.46649,2.25,1.50
2011.04.11 22:57:44.121,5.46208,5.46649,2.25,1.50
2011.04.11 22:57:44.340,5.46208,5.4664,2.25,1.50
2011.04.11 22:57:44.682,5.46187,5.4662,2.25,1.50
2011.04.11 22:57:44.790,5.46187,5.4662,2.25,1.50
2011.04.11 22:57:45.121,5.46177,5.46613,2.25,1.50
2011.04.11 22:57:55.991,5.46177,5.46599,2.25,1.50
2011.04.11 22:57:56.100,5.46168,5.46599,2.25,1.50
2011.04.11 22:57:56.211,5.46147,5.46599,2.25,1.50
2011.04.11 22:57:56.321,5.46147,5.46565,2.25,1.50
2011.04.11 22:57:56.540,5.46128,5.46565,2.25,1.50
2011.04.11 22:58:00.830,5.46128,5.46565,3.00,1.50
2011.04.11 22:58:00.940,5.46147,5.46592,3.00,1.50
2011.04.11 22:58:01.159,5.46147,5.46592,3.00,1.50
2011.04.11 22:58:01.379,5.46147,5.46592,3.00,1.50
2011.04.11 22:58:20.519,5.46147,5.46592,3.00,1.50
2011.04.11 22:58:22.502,5.46147,5.46592,3.00,1.50
2011.04.11 22:58:37.791,5.46147,5.46592,3.00,1.50
2011.04.11 22:58:37.911,5.46147,5.46592,3.00,1.50
2011.04.11 22:58:46.271,5.46148,5.46592,3.00,1.50
2011.04.11 22:58:46.379,5.46148,5.46592,2.25,1.50
2011.04.11 22:58:48.809,5.46148,5.46592,3.00,1.50
2011.04.11 22:58:48.919,5.46148,5.46592,2.25,1.50
2011.04.11 22:58:49.291,5.46148,5.46592,3.00,1.50
2011.04.11 22:58:49.562,5.46148,5.46592,2.25,1.50
2011.04.11 22:58:52.699,5.46148,5.46583,2.25,1.50
2011.04.11 22:58:53.421,5.46147,5.46583,2.25,1.50
2011.04.11 22:58:53.749,5.46167,5.46591,2.25,1.50
2011.04.11 22:58:55.310,5.46147,5.46582,3.00,1.50
2011.04.11 22:59:05.760,5.46147,5.46582,3.00,1.50
2011.04.11 22:59:05.979,5.46147,5.46582,3.00,1.50
2011.04.11 22:59:06.529,5.46147,5.46582,3.00,1.50
2011.04.11 22:59:06.750,5.46167,5.46613,3.00,1.50
2011.04.11 22:59:06.859,5.46188,5.46613,2.25,1.50
2011.04.11 22:59:16.889,5.46208,5.46613,2.25,1.50
2011.04.11 22:59:16.999,5.46208,5.46613,2.25,1.50
2011.04.11 22:59:20.199,5.46197,5.4663,2.25,1.50
2011.04.11 22:59:21.069,5.46188,5.46619,2.25,1.50
2011.04.11 22:59:22.569,5.46197,5.46619,2.25,1.50
2011.04.11 22:59:23.196,5.46207,5.46628,2.25,1.50
2011.04.11 22:59:24.209,5.46207,5.46628,2.25,1.50
2011.04.11 22:59:24.319,5.46197,5.46613,2.25,1.50
2011.04.11 22:59:24.539,5.46188,5.46613,2.25,1.50
2011.04.11 22:59:31.936,5.46177,5.46613,2.25,1.50
2011.04.11 22:59:43.049,5.46168,5.46613,2.25,1.50
2011.04.11 22:59:43.159,5.46168,5.46604,2.25,1.50
2011.04.11 22:59:43.819,5.46168,5.46596,2.25,1.50
