2015.10.19 17:00:02.703,8.12589,8.12791,1.09,1.00
2015.10.19 17:00:04.332,8.12589,8.12841,1.36,1.00
2015.10.19 17:00:10.037,8.12621,8.12841,1.00,1.00
2015.10.19 17:00:10.361,8.12629,8.12841,1.00,1.00
2015.10.19 17:00:11.500,8.12652,8.12841,1.00,1.00
2015.10.19 17:00:13.610,8.12651,8.12841,1.00,1.00
2015.10.19 17:00:14.259,8.1265,8.12841,1.00,1.00
2015.10.19 17:00:16.966,8.1265,8.12876,1.00,1.00
2015.10.19 17:00:21.032,8.12675,8.12876,1.00,1.00
2015.10.19 17:00:27.221,8.12675,8.12859,1.00,1.00
2015.10.19 17:00:27.529,8.12663,8.12839,1.00,1.00
2015.10.19 17:00:27.910,8.12636,8.12839,1.00,1.00
2015.10.19 17:00:27.961,8.126,8.12839,1.09,1.00
2015.10.19 17:00:29.150,8.12599,8.12839,1.11,1.00
2015.10.19 17:00:30.101,8.12632,8.12839,1.00,1.00
2015.10.19 17:00:34.389,8.12606,8.12839,1.68,1.00
2015.10.19 17:00:36.322,8.12609,8.12814,1.39,1.00
2015.10.19 17:00:36.845,8.12599,8.12794,1.19,1.00
2015.10.19 17:00:37.773,8.126,8.12794,1.01,1.00
2015.10.19 17:00:38.544,8.12589,8.12794,1.31,1.00
2015.10.19 17:00:46.589,8.1259,8.12794,1.19,1.00
2015.10.19 17:00:48.292,8.12599,8.12794,1.09,1.00
2015.10.19 17:00:55.884,8.12599,8.12772,1.09,1.00
2015.10.19 17:00:56.239,8.12599,8.12751,1.09,1.00
2015.10.19 17:01:07.657,8.126,8.12751,1.33,1.00
2015.10.19 17:01:11.659,8.126,8.12758,1.33,1.00
2015.10.19 17:01:16.688,8.126,8.12722,1.33,1.00
2015.10.19 17:01:18.874,8.12563,8.1268,1.07,1.00
2015.10.19 17:01:24.958,8.1256,8.1268,1.29,1.00
2015.10.19 17:01:33.210,8.12557,8.1268,1.36,1.00
2015.10.19 17:01:33.530,8.12517,8.12638,1.35,1.00
2015.10.19 17:01:34.131,8.12477,8.12638,1.00,1.00
2015.10.19 17:01:34.183,8.12477,8.12659,1.00,1.00
2015.10.19 17:01:34.234,8.12477,8.12675,1.00,1.00
2015.10.19 17:01:36.209,8.12478,8.12731,1.00,1.00
2015.10.19 17:01:43.023,8.12479,8.12731,1.00,1.00
2015.10.19 17:01:43.669,8.12482,8.12731,1.00,1.00
2015.10.19 17:01:48.906,8.12499,8.12731,1.00,1.00
2015.10.19 17:01:49.226,8.12506,8.12731,1.00,1.00
2015.10.19 17:01:49.336,8.12497,8.12731,1.00,1.00
2015.10.19 17:01:49.548,8.12501,8.12731,1.00,1.00
2015.10.19 17:01:49.987,8.12528,8.12731,1.00,1.00
2015.10.19 17:01:50.606,8.12528,8.12771,1.00,1.00
2015.10.19 17:01:54.655,8.12525,8.12771,1.00,1.00
2015.10.19 17:01:55.113,8.1253,8.12771,1.00,1.00
2015.10.19 17:01:55.497,8.12565,8.12771,1.00,1.00
2015.10.19 17:01:55.548,8.12565,8.12815,1.00,1.00
2015.10.19 17:01:55.609,8.12562,8.12815,1.00,1.00
2015.10.19 17:01:55.710,8.12566,8.12815,1.00,1.00
2015.10.19 17:01:56.013,8.12571,8.12815,1.00,1.00
2015.10.19 17:02:11.602,8.12571,8.12813,1.00,1.00
2015.10.19 17:02:12.647,8.12571,8.12787,1.00,1.00
2015.10.19 17:02:12.749,8.12537,8.12767,1.00,1.00
2015.10.19 17:02:13.324,8.12494,8.12731,1.00,1.00
2015.10.19 17:02:13.375,8.12478,8.12731,1.00,1.00
2015.10.19 17:02:13.981,8.12518,8.12731,1.00,1.00
2015.10.19 17:02:15.593,8.12499,8.12731,1.00,1.00
2015.10.19 17:02:15.759,8.12502,8.12731,1.00,1.00
2015.10.19 17:02:16.081,8.12507,8.12731,1.00,1.00
2015.10.19 17:02:16.132,8.12497,8.12731,1.00,1.00
2015.10.19 17:02:16.284,8.12502,8.12731,1.00,1.00
2015.10.19 17:02:16.996,8.12512,8.12731,1.00,1.00
2015.10.19 17:02:17.058,8.12504,8.12731,1.00,1.00
2015.10.19 17:02:17.289,8.12512,8.12731,1.00,1.00
2015.10.19 17:02:17.691,8.12503,8.12731,1.00,1.00
2015.10.19 17:02:17.796,8.12503,8.12691,1.00,1.00
2015.10.19 17:02:17.846,8.12483,8.12691,1.00,1.00
2015.10.19 17:02:17.948,8.12455,8.12691,1.00,1.00
2015.10.19 17:02:18.437,8.12455,8.12655,1.00,1.00
2015.10.19 17:02:18.489,8.12404,8.12655,1.00,1.00
2015.10.19 17:02:19.144,8.12449,8.12655,1.00,1.00
2015.10.19 17:02:19.344,8.12441,8.12655,1.00,1.00
2015.10.19 17:02:19.544,8.12447,8.12655,1.00,1.00
2015.10.19 17:02:19.993,8.12449,8.12655,1.00,1.00
2015.10.19 17:02:21.039,8.12446,8.12655,1.00,1.00
2015.10.19 17:02:21.743,8.12448,8.12655,1.00,1.00
2015.10.19 17:02:22.144,8.12445,8.12655,1.00,1.00
2015.10.19 17:02:22.499,8.12447,8.12655,1.00,1.00
2015.10.19 17:02:24.288,8.12445,8.12655,1.00,1.00
2015.10.19 17:02:24.908,8.12449,8.12655,1.00,1.00
2015.10.19 17:02:27.687,8.12445,8.12655,1.00,1.00
2015.10.19 17:02:31.669,8.12435,8.12655,1.00,1.00
2015.10.19 17:02:33.678,8.12454,8.12655,1.00,1.00
2015.10.19 17:02:40.938,8.1245,8.12655,1.00,1.00
2015.10.19 17:02:42.882,8.12446,8.12655,1.00,1.00
2015.10.19 17:02:42.933,8.12466,8.12718,1.00,1.00
2015.10.19 17:02:52.229,8.12446,8.1268,1.00,1.00
2015.10.19 17:02:52.777,8.12461,8.1268,1.00,1.00
2015.10.19 17:02:53.089,8.12459,8.1268,1.00,1.00
2015.10.19 17:02:53.328,8.12463,8.1268,1.00,1.00
2015.10.19 17:02:53.429,8.12485,8.12736,1.00,1.00
2015.10.19 17:02:56.932,8.1252,8.12773,1.00,1.00
2015.10.19 17:02:58.441,8.12536,8.12773,1.00,1.00
2015.10.19 17:02:58.758,8.12556,8.12809,1.00,1.37
2015.10.19 17:03:08.693,8.12517,8.12769,1.00,1.00
2015.10.19 17:03:08.955,8.1253,8.12769,1.00,1.00
2015.10.19 17:03:09.358,8.12563,8.12789,1.00,1.00
2015.10.19 17:03:09.459,8.12563,8.12806,1.00,1.00
2015.10.19 17:03:09.510,8.12553,8.12806,1.00,1.00
2015.10.19 17:03:09.561,8.12597,8.12826,1.00,1.00
2015.10.19 17:03:10.119,8.12597,8.12848,1.00,1.00
2015.10.19 17:03:10.922,8.12608,8.12848,1.00,1.00
2015.10.19 17:03:11.023,8.12597,8.12848,1.00,1.00
2015.10.19 17:03:11.125,8.12613,8.12848,1.00,1.00
2015.10.19 17:03:11.717,8.12612,8.12848,1.00,1.00
2015.10.19 17:03:13.078,8.12597,8.12848,1.00,1.00
2015.10.19 17:03:13.609,8.12557,8.1281,1.00,1.00
2015.10.19 17:03:14.217,8.1257,8.1281,1.00,1.00
2015.10.19 17:03:14.369,8.12557,8.1281,1.00,1.00
2015.10.19 17:03:16.663,8.12565,8.1281,1.00,1.00
2015.10.19 17:03:18.993,8.1257,8.1281,1.00,1.00
2015.10.19 17:03:28.707,8.12603,8.12856,1.00,1.00
2015.10.19 17:03:30.848,8.12617,8.12856,1.00,1.00
2015.10.19 17:03:31.514,8.12603,8.12856,1.00,1.00
2015.10.19 17:03:33.686,8.12603,8.12848,1.00,1.00
2015.10.19 17:03:37.180,8.12603,8.12838,1.00,1.00
2015.10.19 17:03:40.172,8.12603,8.12828,1.00,1.00
2015.10.19 17:03:44.640,8.12591,8.12827,1.00,1.00
2015.10.19 17:03:56.798,8.12591,8.12817,1.00,1.00
2015.10.19 17:04:00.525,8.12591,8.12798,1.00,1.00
2015.10.19 17:04:00.911,8.12591,8.12788,1.00,1.00
2015.10.19 17:04:01.583,8.12591,8.12768,1.00,1.00
2015.10.19 17:04:01.813,8.12591,8.12787,1.00,1.00
2015.10.19 17:04:02.066,8.12591,8.12768,1.00,1.00
2015.10.19 17:04:02.528,8.12591,8.12748,1.00,1.00
2015.10.19 17:04:03.573,8.12591,8.12758,1.00,1.00
2015.10.19 17:04:03.784,8.12591,8.12748,1.00,1.00
2015.10.19 17:04:07.083,8.12591,8.12738,1.00,1.00
2015.10.19 17:04:07.536,8.12591,8.12727,1.00,1.00
2015.10.19 17:04:07.855,8.12591,8.12718,1.00,1.00
2015.10.19 17:04:08.073,8.12591,8.12728,1.00,1.00
2015.10.19 17:04:08.524,8.12591,8.12737,1.00,1.00
2015.10.19 17:04:09.414,8.12591,8.12738,1.00,1.00
2015.10.19 17:04:13.598,8.12591,8.12737,1.00,1.00
2015.10.19 17:04:13.778,8.12588,8.12737,1.00,1.00
2015.10.19 17:04:13.904,8.12588,8.12748,1.00,1.00
2015.10.19 17:04:14.135,8.12588,8.12738,1.00,1.00
2015.10.19 17:04:14.662,8.12588,8.12728,1.00,1.00
2015.10.19 17:04:15.114,8.12588,8.12738,1.00,1.00
2015.10.19 17:04:15.352,8.12588,8.12747,1.00,1.00
2015.10.19 17:04:15.583,8.12588,8.12737,1.00,1.00
2015.10.19 17:04:16.535,8.12574,8.12748,1.00,1.00
2015.10.19 17:04:16.586,8.12616,8.12788,1.00,1.00
2015.10.19 17:04:16.688,8.12616,8.12808,1.00,1.00
2015.10.19 17:04:16.992,8.12616,8.12817,1.00,1.00
2015.10.19 17:04:17.446,8.12616,8.12808,1.00,1.00
2015.10.19 17:04:18.084,8.12616,8.12818,1.00,1.00
2015.10.19 17:04:19.857,8.1263,8.12818,1.00,1.00
2015.10.19 17:04:20.644,8.12616,8.12807,1.00,1.00
2015.10.19 17:04:20.796,8.12636,8.12807,1.00,1.00
2015.10.19 17:04:21.837,8.12636,8.12808,1.00,1.00
2015.10.19 17:04:22.939,8.12618,8.12808,1.00,1.00
2015.10.19 17:04:29.765,8.12618,8.12798,1.00,1.00
2015.10.19 17:04:31.833,8.12618,8.12797,1.00,1.00
2015.10.19 17:04:34.431,8.12618,8.12807,1.00,1.00
2015.10.19 17:04:34.482,8.12646,8.12828,1.00,1.00
2015.10.19 17:04:34.735,8.12646,8.12838,1.00,1.00
2015.10.19 17:04:34.837,8.12646,8.12878,1.00,1.00
2015.10.19 17:04:34.888,8.12689,8.12878,1.00,1.00
2015.10.19 17:04:34.939,8.12689,8.12888,1.00,1.00
2015.10.19 17:04:35.040,8.12689,8.12908,1.00,1.00
2015.10.19 17:04:35.196,8.12732,8.12908,1.00,1.00
2015.10.19 17:04:35.807,8.12732,8.12898,1.00,1.00
2015.10.19 17:04:37.958,8.12732,8.12908,1.00,1.00
2015.10.19 17:04:38.785,8.12732,8.12897,1.00,1.00
2015.10.19 17:04:40.303,8.12732,8.12908,1.00,1.00
2015.10.19 17:04:41.556,8.12732,8.12898,1.00,1.00
2015.10.19 17:04:46.436,8.12749,8.12898,1.00,1.00
2015.10.19 17:04:51.103,8.12749,8.12908,1.00,1.00
2015.10.19 17:04:53.883,8.12749,8.12918,1.00,1.00
2015.10.19 17:04:56.759,8.12749,8.12908,1.00,1.00
2015.10.19 17:04:57.413,8.12749,8.12917,1.00,1.00
2015.10.19 17:05:04.301,8.12769,8.12928,1.00,1.00
2015.10.19 17:05:11.890,8.12769,8.12937,1.00,1.00
2015.10.19 17:05:12.707,8.12769,8.12938,1.00,1.00
2015.10.19 17:05:12.903,8.12769,8.12948,1.00,1.00
2015.10.19 17:05:13.086,8.12769,8.12958,1.00,1.00
2015.10.19 17:05:21.038,8.12769,8.12988,1.00,1.00
2015.10.19 17:05:21.190,8.1279,8.12988,1.00,1.00
2015.10.19 17:05:21.692,8.12782,8.12947,1.00,1.00
2015.10.19 17:05:21.793,8.12782,8.12958,1.00,1.00
2015.10.19 17:05:22.108,8.12782,8.12948,1.00,1.00
2015.10.19 17:05:22.362,8.12782,8.12978,1.00,1.00
2015.10.19 17:05:22.808,8.12782,8.12967,1.00,1.00
2015.10.19 17:05:23.876,8.12782,8.12977,1.00,1.00
2015.10.19 17:05:24.271,8.12763,8.12978,1.00,1.00
2015.10.19 17:05:25.461,8.12781,8.12978,1.00,1.00
2015.10.19 17:05:25.766,8.12781,8.12968,1.00,1.00
2015.10.19 17:05:26.096,8.12764,8.12958,1.00,1.00
2015.10.19 17:05:26.284,8.12764,8.12948,1.00,1.00
2015.10.19 17:05:26.876,8.12764,8.12958,1.00,1.00
2015.10.19 17:05:27.628,8.12764,8.12927,1.00,1.00
2015.10.19 17:05:27.730,8.12764,8.12938,1.00,1.00
2015.10.19 17:05:27.893,8.12708,8.12938,1.00,1.00
2015.10.19 17:05:28.394,8.12708,8.12918,1.00,1.00
2015.10.19 17:05:28.495,8.12708,8.12938,1.00,1.00
2015.10.19 17:05:28.546,8.12732,8.12938,1.00,1.00
2015.10.19 17:05:28.852,8.12758,8.12948,1.00,1.00
2015.10.19 17:05:29.244,8.12774,8.12958,1.00,1.00
2015.10.19 17:05:29.376,8.12774,8.12968,1.00,1.00
2015.10.19 17:05:29.427,8.12758,8.12968,1.00,1.00
2015.10.19 17:05:30.386,8.1278,8.12948,1.00,1.00
2015.10.19 17:05:31.458,8.1278,8.12908,1.00,1.00
2015.10.19 17:05:32.074,8.1278,8.12898,1.00,1.00
2015.10.19 17:05:32.664,8.1278,8.12907,1.00,1.00
2015.10.19 17:05:32.780,8.12758,8.12907,1.00,1.00
2015.10.19 17:05:33.710,8.12758,8.12898,1.00,1.00
2015.10.19 17:05:34.456,8.12758,8.12897,1.00,1.00
2015.10.19 17:05:35.856,8.12758,8.12908,1.00,1.00
2015.10.19 17:05:36.447,8.12758,8.12938,1.00,1.00
2015.10.19 17:05:36.551,8.12758,8.12928,1.00,1.00
2015.10.19 17:05:37.220,8.12758,8.12907,1.00,1.00
2015.10.19 17:05:37.555,8.12758,8.12888,1.00,1.00
2015.10.19 17:05:38.065,8.12758,8.12898,1.00,1.00
2015.10.19 17:05:39.001,8.12758,8.12888,1.00,1.00
2015.10.19 17:05:44.744,8.12757,8.12888,1.00,1.00
2015.10.19 17:05:45.881,8.12757,8.12878,1.00,1.00
2015.10.19 17:05:51.365,8.12757,8.12867,1.00,1.00
2015.10.19 17:05:52.254,8.12757,8.12868,1.00,1.00
2015.10.19 17:05:52.587,8.12757,8.12887,1.00,1.00
2015.10.19 17:05:54.597,8.12757,8.12898,1.00,1.00
2015.10.19 17:05:57.755,8.12757,8.12908,1.00,1.00
2015.10.19 17:05:57.857,8.12757,8.12898,1.00,1.00
2015.10.19 17:05:58.114,8.12757,8.12937,1.00,1.00
2015.10.19 17:05:58.550,8.12781,8.12887,1.00,1.00
2015.10.19 17:05:59.051,8.12781,8.12888,1.00,1.00
2015.10.19 17:05:59.659,8.12781,8.12898,1.00,1.00
2015.10.19 17:05:59.833,8.12781,8.12927,1.00,1.00
2015.10.19 17:06:00.072,8.12781,8.12918,1.00,1.00
2015.10.19 17:06:00.714,8.12781,8.12898,1.00,1.00
2015.10.19 17:06:01.267,8.12781,8.12918,1.00,1.00
2015.10.19 17:06:02.584,8.12781,8.12928,1.00,1.00
2015.10.19 17:06:03.172,8.12781,8.12917,1.00,1.00
2015.10.19 17:06:04.263,8.12781,8.12907,1.00,1.00
2015.10.19 17:06:04.975,8.12781,8.12898,1.00,1.00
2015.10.19 17:06:05.554,8.12781,8.12908,1.00,1.00
2015.10.19 17:06:11.053,8.12781,8.12898,1.00,1.00
2015.10.19 17:06:12.043,8.12781,8.12907,1.00,1.00
2015.10.19 17:06:14.798,8.12781,8.12918,1.00,1.00
2015.10.19 17:06:15.138,8.12781,8.12928,1.00,1.00
2015.10.19 17:06:15.189,8.12777,8.12928,1.00,1.00
2015.10.19 17:06:19.524,8.12777,8.12938,1.00,1.00
2015.10.19 17:06:23.809,8.12777,8.12958,1.00,1.00
2015.10.19 17:06:24.806,8.12777,8.12947,1.00,1.00
2015.10.19 17:06:25.383,8.12777,8.12928,1.00,1.00
2015.10.19 17:06:25.933,8.1278,8.12928,1.00,1.00
2015.10.19 17:06:26.344,8.1278,8.12938,1.00,1.00
2015.10.19 17:06:26.824,8.1278,8.12928,1.00,1.00
2015.10.19 17:06:28.206,8.1278,8.12918,1.00,1.00
2015.10.19 17:06:28.326,8.1278,8.12937,1.00,1.00
2015.10.19 17:06:32.871,8.1278,8.12928,1.00,1.00
2015.10.19 17:06:33.823,8.1278,8.12938,1.00,1.00
2015.10.19 17:06:34.668,8.1278,8.12918,1.00,1.00
2015.10.19 17:06:35.583,8.1278,8.12938,1.00,1.00
2015.10.19 17:06:40.252,8.1278,8.12927,1.00,1.00
2015.10.19 17:06:44.611,8.1278,8.12938,1.00,1.00
2015.10.19 17:06:45.063,8.1278,8.12907,1.00,1.00
2015.10.19 17:06:46.033,8.1278,8.12918,1.00,1.00
2015.10.19 17:06:47.370,8.1278,8.12928,1.00,1.00
2015.10.19 17:06:47.812,8.1278,8.12938,1.00,1.00
2015.10.19 17:06:49.587,8.1278,8.12928,1.00,1.00
2015.10.19 17:06:50.565,8.1278,8.12938,1.00,1.00
2015.10.19 17:06:53.622,8.1278,8.12937,1.00,1.00
2015.10.19 17:06:54.429,8.1278,8.12917,1.00,1.00
2015.10.19 17:06:55.272,8.1278,8.12937,1.00,1.00
2015.10.19 17:06:55.499,8.1278,8.12948,1.00,1.00
2015.10.19 17:06:56.250,8.1278,8.12938,1.00,1.00
2015.10.19 17:06:57.254,8.1278,8.12948,1.00,1.00
2015.10.19 17:06:58.475,8.1278,8.12958,1.00,1.00
2015.10.19 17:07:00.025,8.1278,8.12948,1.00,1.00
2015.10.19 17:07:02.432,8.1278,8.12958,1.00,1.00
2015.10.19 17:07:04.700,8.1278,8.12948,1.00,1.00
2015.10.19 17:07:04.975,8.1278,8.13008,1.00,1.00
2015.10.19 17:07:05.027,8.1281,8.13008,1.00,1.00
2015.10.19 17:07:05.336,8.12867,8.12988,1.00,1.00
2015.10.19 17:07:05.518,8.12867,8.12998,1.00,1.00
2015.10.19 17:07:05.929,8.12867,8.12988,1.00,1.00
2015.10.19 17:07:06.256,8.12867,8.12978,1.00,1.00
2015.10.19 17:07:07.042,8.12867,8.12957,1.00,1.00
2015.10.19 17:07:07.556,8.12867,8.12958,1.00,1.00
2015.10.19 17:07:07.610,8.12867,8.13007,1.00,1.00
2015.10.19 17:07:07.965,8.12867,8.12968,1.00,1.00
2015.10.19 17:07:08.066,8.12867,8.12988,1.00,1.00
2015.10.19 17:07:08.376,8.12867,8.12968,1.00,1.00
2015.10.19 17:07:09.353,8.12867,8.12997,1.00,1.00
2015.10.19 17:07:09.578,8.12867,8.12978,1.00,1.00
2015.10.19 17:07:10.610,8.12867,8.13007,1.00,1.00
2015.10.19 17:07:13.125,8.12867,8.13008,1.00,1.00
2015.10.19 17:07:14.082,8.12867,8.13018,1.00,1.00
2015.10.19 17:07:24.636,8.12867,8.13028,1.00,1.00
2015.10.19 17:07:25.328,8.12866,8.13028,1.00,1.00
2015.10.19 17:07:25.961,8.12866,8.13027,1.00,1.00
2015.10.19 17:07:26.513,8.12866,8.13028,1.00,1.00
2015.10.19 17:07:35.138,8.12866,8.13018,1.00,1.00
2015.10.19 17:07:35.391,8.12814,8.12967,1.00,1.00
2015.10.19 17:07:35.442,8.12814,8.12958,1.00,1.00
2015.10.19 17:07:35.922,8.12809,8.12958,1.00,1.00
2015.10.19 17:07:36.242,8.12828,8.12958,1.00,1.00
2015.10.19 17:07:36.412,8.12828,8.12968,1.00,1.00
2015.10.19 17:07:36.892,8.12828,8.12937,1.00,1.00
2015.10.19 17:07:37.475,8.12775,8.12908,1.00,1.00
2015.10.19 17:07:37.529,8.12814,8.12918,1.00,1.00
2015.10.19 17:07:38.081,8.12814,8.12938,1.00,1.00
2015.10.19 17:07:39.961,8.12814,8.12948,1.00,1.00
2015.10.19 17:07:41.912,8.12814,8.12938,1.00,1.00
2015.10.19 17:07:49.751,8.12814,8.12948,1.00,1.00
2015.10.19 17:07:53.947,8.12814,8.12957,1.00,1.00
2015.10.19 17:07:58.381,8.12814,8.12968,1.00,1.00
2015.10.19 17:08:00.315,8.12814,8.12978,1.00,1.00
2015.10.19 17:08:00.371,8.12833,8.12998,1.00,1.00
2015.10.19 17:08:00.524,8.12833,8.13008,1.00,1.00
2015.10.19 17:08:00.640,8.12833,8.12998,1.00,1.00
2015.10.19 17:08:01.907,8.12833,8.12988,1.00,1.00
2015.10.19 17:08:02.745,8.12833,8.12998,1.00,1.00
2015.10.19 17:08:04.549,8.12833,8.12988,1.00,1.00
2015.10.19 17:08:09.792,8.12833,8.13018,1.00,1.00
2015.10.19 17:08:09.894,8.12833,8.13028,1.00,1.00
2015.10.19 17:08:09.996,8.12852,8.13028,1.00,1.00
2015.10.19 17:08:13.749,8.12852,8.13027,1.00,1.00
2015.10.19 17:08:16.011,8.12852,8.13028,1.00,1.00
2015.10.19 17:08:20.441,8.12852,8.13017,1.00,1.00
2015.10.19 17:08:21.621,8.12852,8.13007,1.00,1.00
2015.10.19 17:08:21.842,8.12852,8.13018,1.00,1.00
2015.10.19 17:08:22.321,8.12852,8.12987,1.00,1.00
2015.10.19 17:08:27.821,8.12852,8.12988,1.00,1.00
2015.10.19 17:08:42.097,8.12852,8.12978,1.00,1.00
2015.10.19 17:08:44.611,8.12852,8.12968,1.00,1.00
2015.10.19 17:08:47.829,8.12852,8.12978,1.00,1.00
2015.10.19 17:08:50.127,8.12852,8.12987,1.00,1.00
2015.10.19 17:08:52.535,8.12852,8.12978,1.00,1.00
2015.10.19 17:08:53.334,8.12852,8.12988,1.00,1.00
2015.10.19 17:08:53.631,8.12852,8.12968,1.00,1.00
2015.10.19 17:08:54.619,8.12852,8.12978,1.00,1.00
2015.10.19 17:08:56.720,8.12852,8.12987,1.00,1.00
2015.10.19 17:08:58.499,8.12852,8.12977,1.00,1.00
2015.10.19 17:08:58.995,8.12852,8.12988,1.00,1.00
2015.10.19 17:08:59.352,8.12852,8.12998,1.00,1.00
2015.10.19 17:09:04.747,8.12852,8.12978,1.00,1.00
2015.10.19 17:09:07.857,8.12852,8.12968,1.00,1.00
2015.10.19 17:09:08.370,8.12852,8.12978,1.00,1.00
2015.10.19 17:09:08.810,8.12852,8.12968,1.00,1.00
2015.10.19 17:09:09.974,8.12812,8.12968,1.00,1.00
2015.10.19 17:09:12.550,8.12812,8.12988,1.00,1.00
2015.10.19 17:09:13.099,8.12812,8.12998,1.00,1.00
2015.10.19 17:09:14.011,8.12812,8.13008,1.00,1.00
2015.10.19 17:09:17.171,8.12812,8.13018,1.00,1.00
2015.10.19 17:09:17.254,8.12831,8.13018,1.00,1.00
2015.10.19 17:09:18.537,8.12831,8.13027,1.00,1.00
2015.10.19 17:09:20.523,8.12831,8.13018,1.00,1.00
2015.10.19 17:09:22.605,8.12831,8.13008,1.00,1.00
2015.10.19 17:09:24.391,8.12831,8.13017,1.00,1.00
2015.10.19 17:09:25.969,8.12831,8.13008,1.00,1.00
2015.10.19 17:09:29.710,8.12831,8.13017,1.00,1.00
2015.10.19 17:09:30.810,8.12831,8.13007,1.00,1.00
2015.10.19 17:09:34.582,8.12831,8.13018,1.00,1.00
2015.10.19 17:09:37.638,8.12831,8.13008,1.00,1.00
2015.10.19 17:09:38.892,8.12832,8.13008,1.00,1.00
2015.10.19 17:09:39.063,8.12832,8.13018,1.00,1.00
2015.10.19 17:09:40.496,8.12832,8.13008,1.00,1.00
2015.10.19 17:09:41.809,8.12832,8.13018,1.00,1.00
2015.10.19 17:09:44.374,8.12832,8.12998,1.00,1.00
2015.10.19 17:09:47.717,8.12796,8.12998,1.00,1.00
2015.10.19 17:09:47.785,8.12796,8.12968,1.00,1.00
2015.10.19 17:09:48.518,8.12796,8.12938,1.00,1.00
2015.10.19 17:09:49.436,8.12832,8.12938,1.00,1.00
2015.10.19 17:09:49.650,8.12832,8.12948,1.00,1.00
2015.10.19 17:09:50.319,8.12832,8.12947,1.00,1.00
2015.10.19 17:09:51.214,8.12832,8.12948,1.00,1.00
2015.10.19 17:09:51.622,8.12832,8.12968,1.00,1.00
2015.10.19 17:10:00.410,8.12852,8.12998,1.00,1.00
2015.10.19 17:10:01.071,8.12852,8.13018,1.00,1.00
2015.10.19 17:10:01.950,8.12852,8.13028,1.00,1.00
2015.10.19 17:10:12.185,8.12852,8.13017,1.00,1.00
2015.10.19 17:10:12.413,8.12854,8.13068,1.00,1.00
2015.10.19 17:10:12.465,8.12874,8.13068,1.00,1.00
2015.10.19 17:10:12.515,8.12874,8.13098,1.00,1.00
2015.10.19 17:10:12.617,8.12874,8.13088,1.00,1.00
2015.10.19 17:10:13.995,8.12917,8.13108,1.00,1.00
2015.10.19 17:10:14.322,8.12917,8.13088,1.00,1.00
2015.10.19 17:10:16.020,8.12917,8.13098,1.00,1.00
2015.10.19 17:10:20.521,8.12931,8.13098,1.00,1.00
2015.10.19 17:10:34.408,8.12931,8.13077,1.00,1.00
2015.10.19 17:10:35.411,8.1294,8.13108,1.00,1.00
2015.10.19 17:10:35.720,8.1294,8.13118,1.00,1.00
2015.10.19 17:10:36.138,8.12982,8.13138,1.00,1.00
2015.10.19 17:10:37.066,8.12982,8.13167,1.00,1.00
2015.10.19 17:10:37.167,8.12982,8.13177,1.00,1.00
2015.10.19 17:10:37.744,8.12982,8.13138,1.00,1.00
2015.10.19 17:10:38.070,8.12982,8.13128,1.00,1.00
2015.10.19 17:10:38.379,8.12982,8.13137,1.00,1.00
2015.10.19 17:10:39.123,8.12982,8.13138,1.00,1.00
2015.10.19 17:10:41.100,8.12982,8.13128,1.00,1.00
2015.10.19 17:10:41.321,8.12982,8.13148,1.00,1.00
2015.10.19 17:10:42.176,8.12982,8.13118,1.00,1.00
2015.10.19 17:10:42.488,8.12993,8.13118,1.00,1.00
2015.10.19 17:10:43.449,8.12982,8.13118,1.00,1.00
2015.10.19 17:10:44.766,8.12982,8.13128,1.00,1.00
2015.10.19 17:10:44.990,8.12982,8.13118,1.00,1.00
2015.10.19 17:10:45.751,8.12982,8.13098,1.00,1.00
2015.10.19 17:10:47.039,8.12982,8.13117,1.00,1.00
2015.10.19 17:10:48.360,8.12982,8.13108,1.00,1.00
2015.10.19 17:10:48.823,8.12982,8.13098,1.00,1.00
2015.10.19 17:10:49.572,8.12977,8.13077,1.00,1.00
2015.10.19 17:10:50.175,8.12942,8.13077,1.00,1.00
2015.10.19 17:10:50.339,8.12942,8.13088,1.00,1.00
2015.10.19 17:10:50.415,8.1295,8.13088,1.00,1.00
2015.10.19 17:10:50.886,8.1295,8.13067,1.00,1.00
2015.10.19 17:10:51.550,8.1295,8.13088,1.00,1.00
2015.10.19 17:10:52.099,8.1295,8.13078,1.00,1.00
2015.10.19 17:10:54.015,8.1295,8.13087,1.00,1.00
2015.10.19 17:10:55.069,8.1295,8.13078,1.00,1.00
2015.10.19 17:10:56.433,8.1295,8.13077,1.00,1.00
2015.10.19 17:10:56.636,8.1295,8.13108,1.00,1.00
2015.10.19 17:10:56.740,8.12944,8.13108,1.00,1.00
2015.10.19 17:10:56.859,8.12947,8.13108,1.00,1.00
2015.10.19 17:10:57.224,8.12978,8.13117,1.00,1.00
2015.10.19 17:10:57.963,8.12978,8.13098,1.00,1.00
2015.10.19 17:10:58.825,8.12955,8.13098,1.00,1.00
2015.10.19 17:11:00.818,8.12955,8.13107,1.00,1.00
2015.10.19 17:11:01.559,8.12955,8.13098,1.00,1.00
2015.10.19 17:11:04.898,8.12955,8.13088,1.00,1.00
2015.10.19 17:11:07.332,8.12955,8.13078,1.00,1.00
2015.10.19 17:11:13.122,8.12955,8.13087,1.00,1.00
2015.10.19 17:11:13.549,8.12955,8.13078,1.00,1.00
2015.10.19 17:11:14.539,8.12955,8.13088,1.00,1.00
2015.10.19 17:11:14.869,8.12955,8.13078,1.00,1.00
2015.10.19 17:11:15.859,8.12955,8.13088,1.00,1.00
2015.10.19 17:11:16.089,8.12955,8.13078,1.00,1.00
2015.10.19 17:11:16.806,8.12955,8.13068,1.00,1.00
2015.10.19 17:11:17.110,8.12955,8.13048,1.00,1.00
2015.10.19 17:11:17.420,8.12955,8.13018,1.00,1.00
2015.10.19 17:11:18.268,8.12911,8.13027,1.00,1.00
2015.10.19 17:11:18.396,8.12935,8.13038,1.00,1.00
2015.10.19 17:11:18.721,8.12935,8.13027,1.00,1.00
2015.10.19 17:11:19.115,8.12911,8.13027,1.00,1.00
2015.10.19 17:11:20.680,8.12911,8.13048,1.00,1.00
2015.10.19 17:11:20.920,8.12911,8.13058,1.00,1.00
2015.10.19 17:11:22.031,8.12911,8.13057,1.50,1.00
2015.10.19 17:11:22.161,8.12911,8.13048,1.50,1.00
2015.10.19 17:11:29.512,8.1289,8.13037,1.00,1.00
2015.10.19 17:11:29.941,8.1289,8.13028,1.00,1.00
2015.10.19 17:11:30.245,8.12872,8.12998,1.50,1.00
2015.10.19 17:11:31.088,8.12872,8.12997,1.00,1.00
2015.10.19 17:11:31.388,8.12866,8.12997,1.00,1.00
2015.10.19 17:11:33.804,8.12866,8.12988,1.00,1.00
2015.10.19 17:11:34.249,8.12866,8.13008,1.00,1.00
2015.10.19 17:11:34.559,8.12866,8.12998,1.00,1.00
2015.10.19 17:11:35.675,8.12866,8.13008,1.00,1.00
2015.10.19 17:11:36.997,8.12866,8.12997,1.00,1.00
2015.10.19 17:11:37.529,8.12866,8.13007,1.00,1.00
2015.10.19 17:11:41.048,8.12866,8.12997,1.00,1.00
2015.10.19 17:11:41.270,8.12866,8.13008,1.00,1.00
2015.10.19 17:11:43.408,8.12866,8.13017,1.00,1.00
2015.10.19 17:11:43.509,8.12866,8.13028,1.00,1.00
2015.10.19 17:11:43.611,8.12888,8.13028,1.00,1.00
2015.10.19 17:11:43.662,8.12875,8.13028,1.00,1.00
2015.10.19 17:11:44.301,8.12897,8.13028,1.00,1.00
2015.10.19 17:11:44.570,8.12897,8.13047,1.00,1.00
2015.10.19 17:11:46.550,8.12897,8.13048,1.00,1.00
2015.10.19 17:11:49.848,8.12897,8.13057,1.00,1.00
2015.10.19 17:11:52.820,8.12897,8.13058,1.00,1.00
2015.10.19 17:11:53.967,8.12916,8.13058,1.00,1.00
2015.10.19 17:12:01.068,8.12916,8.13038,1.00,1.00
2015.10.19 17:12:01.618,8.12916,8.13058,1.00,1.00
2015.10.19 17:12:01.839,8.12916,8.13028,1.00,1.00
2015.10.19 17:12:02.097,8.12916,8.13048,1.00,1.00
2015.10.19 17:12:02.169,8.12916,8.13058,1.00,1.00
2015.10.19 17:12:02.609,8.12916,8.13078,1.00,1.00
2015.10.19 17:12:04.370,8.12916,8.13067,1.00,1.00
2015.10.19 17:12:04.689,8.12916,8.13048,1.00,1.00
2015.10.19 17:12:05.061,8.12916,8.13068,1.00,1.00
2015.10.19 17:12:07.117,8.12916,8.13057,1.00,1.00
2015.10.19 17:12:07.809,8.12916,8.13048,1.00,1.00
2015.10.19 17:12:08.349,8.12916,8.13017,1.00,1.00
2015.10.19 17:12:09.008,8.12898,8.13008,1.00,1.00
2015.10.19 17:12:10.969,8.12898,8.12998,1.00,1.00
2015.10.19 17:12:11.695,8.12862,8.12998,1.00,1.00
2015.10.19 17:12:11.748,8.12862,8.12978,1.00,1.00
2015.10.19 17:12:12.067,8.12869,8.12978,1.00,1.00
2015.10.19 17:12:12.509,8.12869,8.12988,1.00,1.00
2015.10.19 17:12:12.762,8.12869,8.13008,1.00,1.00
2015.10.19 17:12:13.961,8.1289,8.13028,1.00,1.00
2015.10.19 17:12:14.303,8.12874,8.13017,1.00,1.00
2015.10.19 17:12:14.464,8.12906,8.13017,1.00,1.00
2015.10.19 17:12:15.634,8.12887,8.13017,1.00,1.00
2015.10.19 17:12:16.357,8.12887,8.13038,1.00,1.00
2015.10.19 17:12:16.728,8.12911,8.13038,1.00,1.00
2015.10.19 17:12:17.449,8.12911,8.13037,1.00,1.00
2015.10.19 17:12:18.054,8.12911,8.13038,1.00,1.00
2015.10.19 17:12:18.351,8.12911,8.13048,1.00,1.00
2015.10.19 17:12:18.557,8.12911,8.13038,1.00,1.00
2015.10.19 17:12:19.548,8.12911,8.13037,1.00,1.00
2015.10.19 17:12:19.700,8.12911,8.13058,1.00,1.00
2015.10.19 17:12:20.000,8.12911,8.13038,1.00,1.00
2015.10.19 17:12:20.335,8.12911,8.13028,1.00,1.00
2015.10.19 17:12:20.538,8.12911,8.13038,1.00,1.00
2015.10.19 17:12:21.011,8.12911,8.13058,1.00,1.00
2015.10.19 17:12:33.156,8.12929,8.13058,1.00,1.00
2015.10.19 17:12:33.436,8.12911,8.13058,1.00,1.00
2015.10.19 17:12:33.891,8.12911,8.13048,1.00,1.00
2015.10.19 17:12:34.493,8.12929,8.13048,1.00,1.00
2015.10.19 17:12:35.094,8.12908,8.13068,1.00,1.00
2015.10.19 17:12:35.827,8.12908,8.13078,1.00,1.00
2015.10.19 17:12:35.938,8.12908,8.13068,1.00,1.00
2015.10.19 17:12:36.600,8.12908,8.13048,1.00,1.00
2015.10.19 17:12:37.477,8.12908,8.13058,1.00,1.00
2015.10.19 17:12:39.239,8.12908,8.13048,1.00,1.00
2015.10.19 17:12:41.438,8.12908,8.13038,1.00,1.00
2015.10.19 17:12:41.658,8.12908,8.13048,1.00,1.00
2015.10.19 17:12:43.123,8.12907,8.13048,1.00,1.00
2015.10.19 17:12:44.028,8.12911,8.13048,1.00,1.00
2015.10.19 17:12:44.382,8.12907,8.13048,1.00,1.00
2015.10.19 17:12:45.398,8.12907,8.13038,1.00,1.00
2015.10.19 17:12:45.923,8.12911,8.13038,1.00,1.00
2015.10.19 17:12:47.422,8.12907,8.13038,1.00,1.00
2015.10.19 17:12:51.993,8.1291,8.13038,1.00,1.00
2015.10.19 17:12:53.096,8.1291,8.13028,1.00,1.00
2015.10.19 17:12:53.550,8.1291,8.13038,1.00,1.00
2015.10.19 17:12:54.707,8.1291,8.13028,1.00,1.00
2015.10.19 17:12:54.857,8.1291,8.13038,1.00,1.00
2015.10.19 17:12:55.359,8.12907,8.13038,1.00,1.00
2015.10.19 17:12:56.800,8.12879,8.13038,1.00,1.00
2015.10.19 17:12:56.851,8.12879,8.13017,1.00,1.00
2015.10.19 17:12:57.003,8.12875,8.13017,1.50,1.00
2015.10.19 17:12:57.105,8.12875,8.13028,1.00,1.00
2015.10.19 17:12:57.307,8.12881,8.13028,1.00,1.00
2015.10.19 17:12:57.408,8.12875,8.13028,1.00,1.00
2015.10.19 17:12:57.560,8.1289,8.13028,1.00,1.00
2015.10.19 17:12:57.794,8.12881,8.13028,1.00,1.00
2015.10.19 17:12:57.845,8.12881,8.13128,1.00,1.00
2015.10.19 17:12:57.897,8.12913,8.13128,1.00,1.00
2015.10.19 17:12:57.949,8.12891,8.13128,1.00,1.00
2015.10.19 17:12:58.000,8.12879,8.13128,1.00,1.00
2015.10.19 17:12:58.439,8.12906,8.13128,1.00,1.00
2015.10.19 17:12:58.498,8.12939,8.13188,1.00,1.00
2015.10.19 17:12:58.860,8.12939,8.13168,1.00,1.00
2015.10.19 17:12:59.057,8.12939,8.13178,1.00,1.00
2015.10.19 17:12:59.159,8.12939,8.13188,1.00,1.00
2015.10.19 17:12:59.851,8.12939,8.13192,1.00,1.00
2015.10.19 17:13:00.298,8.12989,8.13192,1.00,1.00
2015.10.19 17:13:00.407,8.1296,8.13188,1.00,1.00
2015.10.19 17:13:00.638,8.12989,8.13188,1.00,1.00
2015.10.19 17:13:00.886,8.12961,8.13188,1.00,1.00
2015.10.19 17:13:01.112,8.13002,8.13188,1.00,1.00
2015.10.19 17:13:01.194,8.12974,8.13188,1.00,1.00
2015.10.19 17:13:01.346,8.13005,8.13188,1.00,1.00
2015.10.19 17:13:01.396,8.13005,8.13192,1.00,1.00
2015.10.19 17:13:01.447,8.13007,8.13192,1.00,1.00
2015.10.19 17:13:01.555,8.12987,8.13192,1.00,1.00
2015.10.19 17:13:01.605,8.12987,8.13177,1.00,1.00
2015.10.19 17:13:01.707,8.12939,8.13177,1.00,1.00
2015.10.19 17:13:01.817,8.12966,8.13177,1.00,1.10
2015.10.19 17:13:02.548,8.12991,8.13177,1.00,1.10
2015.10.19 17:13:02.997,8.12991,8.13168,1.00,1.00
2015.10.19 17:13:03.326,8.12991,8.13148,1.00,1.00
2015.10.19 17:13:03.766,8.12991,8.13128,1.00,1.00
2015.10.19 17:13:04.915,8.12991,8.13118,1.00,1.00
2015.10.19 17:13:08.685,8.12991,8.13108,1.00,1.00
2015.10.19 17:13:11.183,8.12991,8.13088,1.00,1.00
2015.10.19 17:13:12.158,8.12991,8.13107,1.00,1.00
2015.10.19 17:13:17.186,8.12991,8.13108,1.00,1.00
2015.10.19 17:13:20.044,8.12973,8.13108,1.00,1.00
2015.10.19 17:13:20.491,8.12874,8.13068,1.00,1.00
2015.10.19 17:13:20.593,8.12857,8.13068,1.00,1.00
2015.10.19 17:13:21.612,8.1292,8.13068,1.00,1.00
2015.10.19 17:13:22.765,8.1292,8.13078,1.00,1.00
2015.10.19 17:13:23.356,8.1292,8.13067,1.00,1.00
2015.10.19 17:13:27.014,8.1292,8.13058,1.00,1.00
2015.10.19 17:13:27.329,8.1292,8.13037,1.00,1.00
2015.10.19 17:13:29.986,8.1292,8.13048,1.00,1.00
2015.10.19 17:13:30.102,8.12896,8.13048,1.00,1.00
2015.10.19 17:13:30.417,8.12896,8.13058,1.00,1.00
2015.10.19 17:13:30.498,8.12896,8.13078,1.00,1.00
2015.10.19 17:13:30.670,8.12916,8.13078,1.00,1.00
2015.10.19 17:13:33.528,8.12896,8.13078,1.00,1.00
2015.10.19 17:13:34.273,8.12897,8.13078,1.00,1.00
2015.10.19 17:13:34.629,8.12921,8.13078,1.00,1.00
2015.10.19 17:13:34.680,8.12921,8.13098,1.00,1.00
2015.10.19 17:13:34.920,8.12921,8.13128,1.00,1.00
2015.10.19 17:13:35.920,8.12971,8.13188,1.00,1.00
2015.10.19 17:13:36.107,8.12971,8.13178,1.00,1.00
2015.10.19 17:13:37.585,8.13032,8.13178,1.00,1.00
2015.10.19 17:13:37.757,8.13032,8.13188,1.00,1.00
2015.10.19 17:13:37.873,8.13032,8.13178,1.00,1.00
2015.10.19 17:13:38.610,8.13008,8.13178,1.00,1.00
2015.10.19 17:13:38.661,8.13008,8.13188,1.00,1.00
2015.10.19 17:13:38.762,8.12971,8.13188,1.00,1.00
2015.10.19 17:13:38.822,8.12997,8.13188,1.00,1.00
2015.10.19 17:13:38.882,8.12971,8.13188,1.00,1.00
2015.10.19 17:13:39.085,8.12992,8.13188,1.00,1.00
2015.10.19 17:13:39.658,8.12992,8.13176,1.00,1.00
2015.10.19 17:13:41.941,8.12937,8.13128,1.00,1.00
2015.10.19 17:13:42.243,8.12963,8.13128,1.00,1.00
2015.10.19 17:13:42.407,8.12963,8.13133,1.00,1.00
2015.10.19 17:13:45.122,8.12985,8.13133,1.00,1.00
2015.10.19 17:13:45.800,8.12954,8.13168,1.00,1.00
2015.10.19 17:13:46.125,8.1298,8.13168,1.00,1.00
2015.10.19 17:13:46.227,8.12957,8.13168,1.00,1.00
2015.10.19 17:13:46.278,8.12954,8.13168,1.50,1.00
2015.10.19 17:13:46.379,8.12954,8.13177,1.50,1.00
2015.10.19 17:13:46.480,8.12954,8.13188,1.00,1.00
2015.10.19 17:13:46.581,8.12954,8.13198,1.00,1.00
2015.10.19 17:13:46.733,8.12991,8.13198,1.00,1.00
2015.10.19 17:13:47.864,8.12991,8.13148,1.00,1.00
2015.10.19 17:13:48.895,8.12991,8.13168,1.00,1.00
2015.10.19 17:13:57.155,8.12957,8.13168,1.00,1.00
2015.10.19 17:14:01.059,8.12957,8.13138,1.00,1.00
2015.10.19 17:14:01.381,8.12957,8.13108,1.00,1.00
2015.10.19 17:14:01.432,8.12957,8.13118,1.00,1.00
2015.10.19 17:14:01.544,8.12957,8.13128,1.00,1.00
2015.10.19 17:14:01.595,8.12934,8.13128,1.00,1.00
2015.10.19 17:14:01.646,8.12934,8.13138,1.00,1.00
2015.10.19 17:14:01.768,8.1294,8.13138,1.00,1.00
2015.10.19 17:14:02.332,8.1294,8.13147,1.00,1.00
2015.10.19 17:14:02.383,8.12967,8.13147,1.00,1.00
2015.10.19 17:14:03.526,8.12967,8.13128,1.00,1.00
2015.10.19 17:14:03.577,8.12949,8.13128,1.00,1.50
2015.10.19 17:14:04.016,8.1294,8.13128,1.00,1.00
2015.10.19 17:14:04.067,8.1294,8.13108,1.00,1.00
2015.10.19 17:14:04.118,8.12904,8.13108,1.00,1.00
2015.10.19 17:14:04.402,8.12948,8.13108,1.00,1.00
2015.10.19 17:14:04.739,8.12948,8.13098,1.00,1.00
2015.10.19 17:14:04.916,8.12927,8.13098,1.00,1.00
2015.10.19 17:14:04.972,8.12904,8.13098,1.00,1.00
2015.10.19 17:14:05.124,8.12938,8.13098,1.00,1.00
2015.10.19 17:14:06.241,8.12917,8.13098,1.00,1.00
2015.10.19 17:14:06.352,8.12904,8.13098,1.00,1.00
2015.10.19 17:14:06.472,8.12932,8.13098,1.00,1.00
2015.10.19 17:14:06.950,8.12912,8.13098,1.00,1.00
2015.10.19 17:14:07.001,8.12904,8.13098,1.00,1.00
2015.10.19 17:14:07.072,8.12933,8.13098,1.00,1.00
2015.10.19 17:14:08.444,8.12912,8.13098,1.00,1.00
2015.10.19 17:14:08.652,8.12933,8.13098,1.00,1.00
2015.10.19 17:14:08.703,8.12933,8.13108,1.00,1.00
2015.10.19 17:14:09.345,8.12933,8.13108,1.00,1.07
2015.10.19 17:14:09.953,8.12933,8.13098,1.00,1.07
2015.10.19 17:14:10.004,8.12912,8.13098,1.00,1.07
2015.10.19 17:14:13.505,8.12912,8.13108,1.00,1.00
2015.10.19 17:14:14.776,8.12912,8.13098,1.00,1.00
2015.10.19 17:14:15.399,8.12912,8.13108,1.00,1.50
2015.10.19 17:14:15.595,8.12912,8.13098,1.00,1.00
2015.10.19 17:14:16.598,8.12912,8.13108,1.00,1.50
2015.10.19 17:14:16.805,8.12912,8.13088,1.00,1.00
2015.10.19 17:14:17.262,8.12912,8.13098,1.00,1.00
2015.10.19 17:14:17.465,8.12912,8.13108,1.00,1.50
2015.10.19 17:14:18.462,8.12912,8.13097,1.00,1.00
2015.10.19 17:14:20.356,8.12912,8.13088,1.00,1.00
2015.10.19 17:14:21.119,8.12912,8.13097,1.00,1.00
2015.10.19 17:14:21.875,8.12912,8.13088,1.00,1.00
2015.10.19 17:14:22.883,8.12912,8.13097,1.00,1.00
2015.10.19 17:14:23.522,8.12912,8.13088,1.00,1.00
2015.10.19 17:14:24.702,8.12912,8.13097,1.00,1.00
2015.10.19 17:14:24.753,8.12883,8.13097,1.00,1.00
2015.10.19 17:14:24.804,8.12911,8.13097,1.00,1.00
2015.10.19 17:14:25.213,8.12911,8.13087,1.00,1.00
2015.10.19 17:14:25.567,8.12911,8.13078,1.00,1.00
2015.10.19 17:14:25.769,8.12854,8.13038,1.00,1.00
2015.10.19 17:14:26.221,8.12825,8.13038,1.00,1.00
2015.10.19 17:14:26.323,8.1287,8.13038,1.00,1.00
2015.10.19 17:14:26.704,8.1287,8.13048,1.00,1.00
2015.10.19 17:14:26.815,8.1287,8.13038,1.00,1.00
2015.10.19 17:14:26.966,8.12831,8.13038,1.00,1.00
2015.10.19 17:14:27.068,8.12831,8.13057,1.00,1.00
2015.10.19 17:14:27.176,8.12861,8.13078,1.00,1.57
2015.10.19 17:14:28.156,8.12877,8.13078,1.00,1.57
2015.10.19 17:14:28.207,8.12877,8.13077,1.50,1.00
2015.10.19 17:14:28.707,8.12877,8.13098,1.00,1.00
2015.10.19 17:14:28.886,8.12903,8.13098,1.00,1.00
2015.10.19 17:14:30.052,8.12903,8.13108,1.00,1.00
2015.10.19 17:14:30.154,8.12903,8.13118,1.00,1.00
2015.10.19 17:14:30.256,8.12903,8.13128,1.00,1.00
2015.10.19 17:14:31.534,8.12923,8.13128,1.00,1.00
2015.10.19 17:14:33.856,8.12923,8.13127,1.00,1.00
2015.10.19 17:14:34.308,8.12923,8.1313,1.00,1.00
2015.10.19 17:14:35.047,8.12923,8.13148,1.00,1.00
2015.10.19 17:14:35.098,8.12923,8.13118,1.00,1.00
2015.10.19 17:14:35.503,8.12923,8.13128,1.00,1.00
2015.10.19 17:14:36.095,8.12923,8.13118,1.00,1.00
2015.10.19 17:14:37.294,8.12942,8.13118,1.00,1.00
2015.10.19 17:14:37.400,8.12919,8.13127,1.00,1.00
2015.10.19 17:14:39.321,8.12919,8.13118,1.00,1.00
2015.10.19 17:14:40.269,8.12919,8.13108,1.00,1.00
2015.10.19 17:14:43.837,8.12919,8.13078,1.00,1.00
2015.10.19 17:14:44.086,8.12919,8.13088,1.00,1.00
2015.10.19 17:14:44.415,8.12919,8.13078,1.00,1.00
2015.10.19 17:14:44.567,8.12902,8.13078,1.00,1.00
2015.10.19 17:14:44.618,8.1287,8.13078,1.00,1.00
2015.10.19 17:14:44.770,8.12834,8.13068,1.00,1.00
2015.10.19 17:14:45.399,8.12873,8.13068,1.00,1.00
2015.10.19 17:14:45.729,8.12897,8.13068,1.00,1.00
2015.10.19 17:14:48.011,8.12883,8.13068,1.00,1.00
2015.10.19 17:14:48.372,8.12834,8.13068,1.50,1.00
2015.10.19 17:14:48.561,8.12874,8.13068,1.00,1.00
2015.10.19 17:14:49.916,8.12874,8.13058,1.00,1.00
2015.10.19 17:14:50.596,8.12874,8.13048,1.00,1.00
2015.10.19 17:14:50.927,8.12874,8.13038,1.00,1.00
2015.10.19 17:14:51.798,8.12874,8.13058,1.00,1.50
2015.10.19 17:14:51.900,8.12874,8.13048,1.00,1.00
2015.10.19 17:14:52.641,8.12834,8.13048,1.00,1.00
2015.10.19 17:14:53.213,8.12869,8.13038,1.00,1.00
2015.10.19 17:14:53.264,8.12848,8.13038,1.00,1.00
2015.10.19 17:14:53.481,8.12834,8.13038,1.00,1.00
2015.10.19 17:14:53.633,8.12862,8.13038,1.00,1.00
2015.10.19 17:14:55.839,8.12843,8.13038,1.00,1.00
2015.10.19 17:14:55.941,8.12834,8.13038,1.00,1.00
2015.10.19 17:14:56.121,8.12858,8.13038,1.00,1.00
2015.10.19 17:14:57.346,8.12834,8.13038,1.00,1.00
2015.10.19 17:14:57.543,8.12847,8.13038,1.00,1.00
2015.10.19 17:14:58.136,8.12834,8.13038,1.00,1.00
2015.10.19 17:14:58.355,8.12851,8.13038,1.00,1.00
2015.10.19 17:14:59.331,8.12851,8.13028,1.00,1.00
2015.10.19 17:15:00.047,8.12851,8.13018,1.00,1.00
2015.10.19 17:15:00.149,8.12851,8.13028,1.00,1.00
2015.10.19 17:15:00.302,8.12851,8.13038,1.00,1.00
2015.10.19 17:15:03.710,8.12851,8.13057,1.00,1.00
2015.10.19 17:15:03.761,8.12837,8.13057,1.00,1.00
2015.10.19 17:15:03.811,8.12853,8.13057,1.00,1.00
2015.10.19 17:15:04.741,8.12859,8.13057,1.00,1.00
2015.10.19 17:15:05.107,8.12895,8.13057,1.00,1.00
2015.10.19 17:15:05.183,8.12867,8.13057,1.00,1.00
2015.10.19 17:15:05.463,8.1288,8.13057,1.00,1.00
2015.10.19 17:15:07.055,8.1288,8.13048,1.00,1.00
2015.10.19 17:15:07.413,8.1288,8.13028,1.00,1.00
2015.10.19 17:15:07.465,8.12862,8.13028,1.00,1.00
2015.10.19 17:15:07.628,8.12862,8.13037,1.00,1.00
2015.10.19 17:15:07.847,8.12862,8.13047,1.00,1.00
2015.10.19 17:15:08.877,8.12859,8.13048,1.00,1.50
2015.10.19 17:15:09.068,8.1288,8.13048,1.00,1.00
2015.10.19 17:15:10.926,8.1288,8.13058,1.00,1.00
2015.10.19 17:15:11.363,8.12859,8.13058,1.00,1.00
2015.10.19 17:15:11.483,8.12853,8.13058,1.00,1.00
2015.10.19 17:15:11.627,8.12867,8.13058,1.00,1.00
2015.10.19 17:15:14.592,8.12886,8.13058,1.00,1.00
2015.10.19 17:15:14.779,8.12886,8.13078,1.00,1.50
2015.10.19 17:15:14.931,8.12889,8.13078,1.00,1.00
2015.10.19 17:15:15.717,8.12868,8.13058,1.00,1.00
2015.10.19 17:15:16.316,8.12868,8.13067,1.00,1.00
2015.10.19 17:15:16.723,8.12888,8.13067,1.00,1.00
2015.10.19 17:15:17.036,8.12888,8.13048,1.00,1.00
2015.10.19 17:15:17.238,8.12888,8.13068,1.00,1.00
2015.10.19 17:15:17.733,8.12888,8.13058,1.00,1.00
2015.10.19 17:15:17.856,8.12888,8.13068,1.00,1.00
2015.10.19 17:15:18.337,8.12888,8.13078,1.00,1.00
2015.10.19 17:15:18.889,8.12888,8.13068,1.00,1.00
2015.10.19 17:15:19.686,8.12887,8.13068,1.00,1.00
2015.10.19 17:15:20.189,8.12862,8.13068,1.00,1.00
2015.10.19 17:15:20.392,8.12887,8.13068,1.00,1.00
2015.10.19 17:15:22.392,8.12867,8.13068,1.00,1.00
2015.10.19 17:15:22.494,8.12862,8.13087,1.00,1.50
2015.10.19 17:15:22.795,8.12884,8.13087,1.00,1.50
2015.10.19 17:15:24.071,8.12884,8.13088,1.00,1.00
2015.10.19 17:15:24.133,8.12897,8.13137,1.00,1.00
2015.10.19 17:15:24.821,8.12934,8.13137,1.00,1.00
2015.10.19 17:15:25.150,8.12934,8.13148,1.00,1.50
2015.10.19 17:15:27.163,8.12935,8.13148,1.00,1.50
2015.10.19 17:15:28.866,8.12934,8.13148,1.00,1.00
2015.10.19 17:15:29.698,8.12934,8.13147,1.00,1.00
2015.10.19 17:15:29.800,8.12934,8.13158,1.00,1.00
2015.10.19 17:15:31.087,8.12934,8.13148,1.00,1.00
2015.10.19 17:15:31.581,8.12937,8.13148,1.00,1.00
2015.10.19 17:15:32.061,8.12937,8.13138,1.00,1.00
2015.10.19 17:15:32.383,8.12934,8.13128,1.00,1.00
2015.10.19 17:15:32.638,8.12934,8.13137,1.00,1.00
2015.10.19 17:15:33.370,8.12934,8.13157,1.00,1.00
2015.10.19 17:15:33.623,8.12934,8.13148,1.00,1.00
2015.10.19 17:15:34.094,8.12943,8.13148,1.00,1.00
2015.10.19 17:15:34.564,8.12943,8.13138,1.00,1.00
2015.10.19 17:15:35.532,8.12943,8.13147,1.00,1.00
2015.10.19 17:15:40.625,8.12943,8.13138,1.00,1.00
2015.10.19 17:15:43.842,8.12943,8.13108,1.00,1.00
2015.10.19 17:15:44.284,8.12943,8.13118,1.00,1.00
2015.10.19 17:15:44.928,8.12943,8.13128,1.00,1.00
2015.10.19 17:15:45.555,8.12923,8.13128,1.00,1.00
2015.10.19 17:15:46.682,8.12946,8.13128,1.00,1.00
2015.10.19 17:15:48.467,8.12946,8.13148,1.00,1.00
2015.10.19 17:15:49.023,8.12946,8.13158,1.00,1.00
2015.10.19 17:15:49.225,8.12946,8.13148,1.00,1.00
2015.10.19 17:15:50.532,8.12946,8.13127,1.00,1.00
2015.10.19 17:15:50.869,8.12946,8.13107,1.00,1.00
2015.10.19 17:15:51.323,8.12947,8.13118,1.00,1.00
2015.10.19 17:15:52.619,8.12947,8.13128,1.00,1.00
2015.10.19 17:15:57.460,8.12947,8.13118,1.00,1.00
2015.10.19 17:16:07.246,8.12947,8.13097,1.00,1.00
2015.10.19 17:16:07.566,8.12947,8.13108,1.00,1.00
2015.10.19 17:16:07.617,8.12928,8.13108,1.00,1.00
2015.10.19 17:16:07.798,8.12928,8.13088,1.00,1.00
2015.10.19 17:16:08.314,8.12928,8.13108,1.00,1.00
2015.10.19 17:16:08.365,8.12928,8.13117,1.00,1.00
2015.10.19 17:16:10.568,8.12928,8.13118,1.00,1.00
2015.10.19 17:16:11.535,8.12928,8.13117,1.00,1.00
2015.10.19 17:16:15.628,8.12928,8.13118,1.00,1.00
2015.10.19 17:16:15.730,8.12928,8.13088,1.00,1.00
2015.10.19 17:16:15.831,8.12928,8.13108,1.00,1.00
2015.10.19 17:16:16.075,8.12928,8.13117,1.00,1.00
2015.10.19 17:16:16.806,8.12928,8.13118,1.00,1.00
2015.10.19 17:16:20.539,8.12928,8.13069,1.00,2.10
2015.10.19 17:16:20.859,8.1276,8.13011,1.00,1.00
2015.10.19 17:16:21.310,8.12848,8.13088,1.00,1.00
2015.10.19 17:16:21.683,8.12892,8.13088,1.00,1.00
2015.10.19 17:16:26.746,8.12892,8.13078,1.00,1.00
2015.10.19 17:16:28.035,8.12868,8.13078,1.00,1.00
2015.10.19 17:16:28.212,8.12894,8.13078,1.00,1.00
2015.10.19 17:16:28.450,8.12874,8.13078,1.00,1.00
2015.10.19 17:16:31.225,8.12874,8.13077,1.00,1.00
2015.10.19 17:16:31.336,8.12874,8.13088,1.00,1.50
2015.10.19 17:16:32.874,8.12874,8.13077,1.00,1.00
2015.10.19 17:16:33.358,8.12874,8.13068,1.00,1.00
2015.10.19 17:16:33.716,8.12874,8.13038,1.00,1.00
2015.10.19 17:16:34.168,8.1289,8.13078,1.00,1.50
2015.10.19 17:16:35.413,8.1289,8.13098,1.00,1.07
2015.10.19 17:16:38.887,8.1289,8.13071,1.00,1.00
2015.10.19 17:16:40.754,8.12798,8.13035,1.00,1.00
2015.10.19 17:16:40.805,8.12782,8.13035,1.00,1.00
2015.10.19 17:16:42.352,8.1282,8.13035,1.00,1.00
2015.10.19 17:16:44.685,8.1282,8.13035,1.00,1.12
2015.10.19 17:16:47.691,8.12801,8.13035,1.00,1.12
2015.10.19 17:16:48.781,8.12782,8.13027,1.00,1.07
2015.10.19 17:16:49.354,8.12801,8.13027,1.00,1.07
2015.10.19 17:16:50.061,8.12801,8.13018,1.00,1.00
2015.10.19 17:16:51.349,8.12782,8.13018,1.50,1.00
2015.10.19 17:16:52.886,8.12782,8.13008,1.50,1.00
2015.10.19 17:16:54.126,8.12782,8.13007,1.50,1.00
2015.10.19 17:16:58.028,8.12782,8.13005,1.00,1.00
2015.10.19 17:16:58.675,8.12763,8.13005,1.00,1.00
2015.10.19 17:17:00.263,8.12791,8.13005,1.00,1.00
2015.10.19 17:17:00.313,8.12763,8.13005,1.00,1.00
2015.10.19 17:17:01.832,8.12784,8.13005,1.00,1.00
2015.10.19 17:17:02.939,8.12763,8.13005,1.00,1.00
2015.10.19 17:17:04.314,8.12783,8.13005,1.00,1.00
2015.10.19 17:17:05.645,8.12763,8.13005,1.00,1.00
2015.10.19 17:17:05.895,8.12763,8.12997,1.00,1.00
2015.10.19 17:17:07.197,8.12784,8.12997,1.00,1.00
2015.10.19 17:17:07.502,8.12764,8.12998,1.00,1.00
2015.10.19 17:17:09.011,8.12783,8.12998,1.00,1.00
2015.10.19 17:17:10.035,8.12758,8.12998,1.00,1.00
2015.10.19 17:17:11.237,8.12778,8.12998,1.00,1.00
2015.10.19 17:17:11.988,8.12778,8.12997,1.00,1.00
2015.10.19 17:17:12.584,8.12778,8.12998,1.00,1.00
2015.10.19 17:17:13.409,8.12778,8.13005,1.00,1.07
2015.10.19 17:17:13.478,8.12792,8.13015,1.00,1.00
2015.10.19 17:17:13.531,8.12799,8.13052,1.00,1.07
2015.10.19 17:17:13.909,8.12803,8.13052,1.00,1.07
2015.10.19 17:17:13.984,8.12799,8.13052,1.00,1.07
2015.10.19 17:17:14.148,8.12802,8.13052,1.00,1.07
2015.10.19 17:17:15.675,8.12802,8.13044,1.00,1.37
2015.10.19 17:17:16.263,8.12802,8.13015,1.00,1.00
2015.10.19 17:17:16.789,8.12802,8.13015,1.00,1.37
2015.10.19 17:17:17.092,8.12728,8.12981,1.00,1.37
2015.10.19 17:17:17.194,8.12783,8.12981,1.00,1.37
2015.10.19 17:17:17.346,8.12783,8.12981,1.00,1.07
2015.10.19 17:17:19.914,8.12728,8.12981,1.00,1.07
2015.10.19 17:17:20.871,8.1275,8.12981,1.00,1.07
2015.10.19 17:17:21.272,8.1277,8.12981,1.00,1.07
2015.10.19 17:17:23.019,8.12728,8.12981,1.00,1.07
2015.10.19 17:17:23.070,8.12728,8.12981,1.00,1.37
2015.10.19 17:17:27.069,8.12748,8.12967,1.00,1.07
2015.10.19 17:17:28.134,8.12728,8.12967,1.00,1.07
2015.10.19 17:17:29.678,8.12749,8.12967,1.00,1.07
2015.10.19 17:17:30.638,8.12728,8.12968,1.00,1.07
2015.10.19 17:17:32.054,8.12753,8.12968,1.00,1.07
2015.10.19 17:17:33.091,8.12733,8.12968,1.00,1.07
2015.10.19 17:17:34.261,8.12735,8.12968,1.00,1.07
2015.10.19 17:17:34.591,8.12753,8.12968,1.00,1.07
2015.10.19 17:17:37.254,8.12735,8.12968,1.00,1.07
2015.10.19 17:17:37.755,8.12737,8.12977,1.00,1.37
2015.10.19 17:17:39.759,8.12761,8.12977,1.00,1.37
2015.10.19 17:17:40.059,8.12742,8.12977,1.00,1.37
2015.10.19 17:17:41.113,8.12783,8.13008,1.00,1.75
2015.10.19 17:17:41.534,8.12783,8.13028,1.00,1.75
2015.10.19 17:17:42.205,8.12783,8.13028,1.00,1.37
2015.10.19 17:17:43.202,8.12783,8.13028,1.50,1.37
2015.10.19 17:17:53.585,8.12806,8.13035,1.00,1.75
2015.10.19 17:17:53.636,8.12826,8.13048,1.00,1.37
2015.10.19 17:17:56.748,8.12826,8.13079,1.00,1.37
2015.10.19 17:17:58.665,8.12845,8.13079,1.00,1.37
2015.10.19 17:17:58.994,8.12826,8.13079,1.00,1.37
2015.10.19 17:17:59.101,8.12856,8.13079,1.00,1.37
2015.10.19 17:18:00.675,8.12861,8.13097,1.00,1.75
2015.10.19 17:18:00.727,8.12861,8.13098,1.00,1.37
2015.10.19 17:18:03.975,8.12856,8.13078,1.00,1.07
2015.10.19 17:18:05.528,8.12856,8.13078,1.00,1.37
2015.10.19 17:18:07.679,8.12834,8.13078,1.00,1.87
2015.10.19 17:18:12.735,8.12848,8.13078,1.00,1.37
2015.10.19 17:18:12.786,8.12868,8.13081,1.00,1.00
2015.10.19 17:18:12.888,8.12868,8.13121,1.00,1.37
2015.10.19 17:18:12.939,8.12884,8.13121,1.00,1.37
2015.10.19 17:18:12.990,8.12904,8.13153,1.00,1.37
2015.10.19 17:18:15.744,8.12904,8.13157,1.50,1.37
2015.10.19 17:18:19.198,8.12906,8.1315,1.00,1.37
2015.10.19 17:18:32.436,8.12908,8.13159,1.00,1.37
2015.10.19 17:18:32.710,8.12908,8.13159,1.00,1.07
2015.10.19 17:18:32.861,8.12912,8.13159,1.00,1.07
2015.10.19 17:18:32.912,8.12912,8.13159,1.00,1.00
2015.10.19 17:18:33.165,8.12908,8.13159,1.00,1.00
2015.10.19 17:18:33.285,8.12934,8.13159,1.00,1.00
2015.10.19 17:18:36.540,8.12942,8.13159,1.00,1.00
2015.10.19 17:18:36.900,8.12942,8.13159,1.00,1.07
2015.10.19 17:18:38.655,8.12921,8.13159,1.00,1.07
2015.10.19 17:18:39.201,8.12921,8.13159,1.00,1.00
2015.10.19 17:18:39.936,8.12942,8.13159,1.00,1.00
2015.10.19 17:18:40.510,8.12942,8.13159,1.00,1.07
2015.10.19 17:18:45.676,8.12942,8.13159,1.00,1.07
2015.10.19 17:18:45.984,8.12942,8.13152,1.00,1.07
2015.10.19 17:18:46.035,8.12925,8.13152,1.00,1.07
2015.10.19 17:18:56.204,8.12912,8.13146,1.00,1.07
2015.10.19 17:18:58.082,8.12908,8.13117,1.00,1.07
2015.10.19 17:18:58.387,8.12908,8.13104,1.00,1.37
2015.10.19 17:18:59.299,8.12888,8.13087,1.00,1.07
2015.10.19 17:18:59.642,8.12834,8.13087,1.00,1.07
2015.10.19 17:18:59.750,8.12839,8.13087,1.00,1.07
2015.10.19 17:18:59.902,8.12834,8.13087,1.00,1.07
2015.10.19 17:19:00.495,8.12851,8.13087,1.00,1.07
2015.10.19 17:19:01.496,8.12873,8.13087,1.00,1.07
2015.10.19 17:19:02.090,8.12853,8.13087,1.00,1.07
2015.10.19 17:19:03.726,8.12835,8.1308,1.00,1.07
2015.10.19 17:19:03.777,8.12834,8.13054,1.00,1.00
2015.10.19 17:19:03.929,8.12794,8.13033,1.00,1.07
2015.10.19 17:19:03.980,8.12781,8.13033,1.00,1.07
2015.10.19 17:19:04.594,8.12808,8.13033,1.00,1.07
2015.10.19 17:19:05.217,8.12808,8.13021,1.00,1.00
2015.10.19 17:19:05.268,8.12781,8.13021,1.00,1.00
2015.10.19 17:19:05.319,8.12802,8.13021,1.00,1.00
2015.10.19 17:19:06.490,8.12781,8.13021,1.00,1.00
2015.10.19 17:19:06.761,8.12781,8.13021,1.00,1.37
2015.10.19 17:19:28.476,8.12781,8.12996,1.00,1.00
2015.10.19 17:19:28.812,8.12781,8.12996,1.00,1.37
2015.10.19 17:19:33.945,8.12772,8.13,1.00,1.37
2015.10.19 17:19:35.229,8.12784,8.13,1.00,1.37
2015.10.19 17:19:36.010,8.12736,8.12936,1.00,1.00
2015.10.19 17:19:36.167,8.12736,8.12936,1.00,1.37
2015.10.19 17:19:54.187,8.12732,8.12943,1.00,1.37
2015.10.19 17:20:10.696,8.12732,8.12946,1.00,1.00
2015.10.19 17:20:12.398,8.12732,8.12947,1.00,1.00
2015.10.19 17:20:12.689,8.12725,8.12947,1.00,1.00
2015.10.19 17:20:13.076,8.12725,8.12925,1.00,1.07
2015.10.19 17:20:16.761,8.12727,8.12945,1.00,1.37
2015.10.19 17:20:18.180,8.12725,8.12945,1.00,1.37
2015.10.19 17:20:18.383,8.12725,8.12975,1.50,1.37
2015.10.19 17:20:19.659,8.12744,8.12975,1.00,1.37
2015.10.19 17:20:20.322,8.12725,8.12975,1.00,1.37
2015.10.19 17:20:21.908,8.12725,8.12939,1.00,1.00
2015.10.19 17:20:22.242,8.12725,8.12939,1.00,1.37
2015.10.19 17:20:24.785,8.12713,8.12917,1.00,1.37
2015.10.19 17:20:24.887,8.12693,8.12917,1.00,1.87
2015.10.19 17:20:25.169,8.1267,8.1289,1.00,1.07
2015.10.19 17:20:25.220,8.12655,8.1289,1.00,1.37
2015.10.19 17:20:26.149,8.12655,8.1289,1.00,1.75
2015.10.19 17:20:26.465,8.12658,8.1289,1.00,1.75
2015.10.19 17:20:26.720,8.12655,8.1289,1.00,1.75
2015.10.19 17:20:27.872,8.12677,8.12879,1.00,1.75
2015.10.19 17:20:28.940,8.12655,8.12868,1.50,1.37
2015.10.19 17:20:31.729,8.1266,8.12858,1.00,1.37
2015.10.19 17:20:34.930,8.12655,8.12867,1.00,1.37
2015.10.19 17:20:35.773,8.12655,8.12881,1.00,1.07
2015.10.19 17:20:35.824,8.12658,8.12881,1.00,1.07
2015.10.19 17:20:37.027,8.12655,8.1288,1.00,1.07
2015.10.19 17:20:38.490,8.1266,8.1288,1.00,1.07
2015.10.19 17:20:38.830,8.12655,8.1288,1.00,1.07
2015.10.19 17:20:38.932,8.12655,8.12868,1.00,1.00
2015.10.19 17:20:39.253,8.12655,8.12868,1.00,1.37
2015.10.19 17:20:41.303,8.12653,8.12877,1.00,1.37
2015.10.19 17:20:41.455,8.1266,8.12877,1.00,1.37
2015.10.19 17:20:42.505,8.12653,8.12877,1.00,1.37
2015.10.19 17:20:42.606,8.12663,8.12877,1.00,1.37
2015.10.19 17:20:42.770,8.12653,8.12877,1.00,1.37
2015.10.19 17:20:43.070,8.12677,8.12877,1.00,1.37
2015.10.19 17:20:44.649,8.12657,8.12868,1.00,1.37
2015.10.19 17:20:45.897,8.12653,8.12868,1.00,1.37
2015.10.19 17:20:48.769,8.12661,8.12857,1.00,1.07
2015.10.19 17:20:49.322,8.12653,8.12857,1.00,1.07
2015.10.19 17:20:49.912,8.12654,8.12857,1.00,1.07
2015.10.19 17:20:50.420,8.12653,8.12857,1.00,1.07
2015.10.19 17:20:51.980,8.12656,8.12868,1.00,1.37
2015.10.19 17:20:54.827,8.12653,8.12848,1.00,1.37
2015.10.19 17:20:57.335,8.12648,8.12868,1.00,1.75
2015.10.19 17:21:00.178,8.12648,8.12848,1.00,1.00
2015.10.19 17:21:00.648,8.12648,8.12848,1.00,1.07
2015.10.19 17:21:00.699,8.12626,8.12851,1.00,1.37
2015.10.19 17:21:01.192,8.12626,8.12848,1.00,1.75
2015.10.19 17:21:03.034,8.12619,8.12838,1.00,1.75
2015.10.19 17:21:05.272,8.12619,8.12818,1.00,1.00
2015.10.19 17:21:05.330,8.12626,8.12818,1.00,1.00
2015.10.19 17:21:05.381,8.12626,8.12824,1.00,1.00
2015.10.19 17:21:05.500,8.12619,8.12824,1.00,1.00
2015.10.19 17:21:05.904,8.12619,8.12824,1.00,1.75
2015.10.19 17:21:08.027,8.12619,8.12798,1.00,1.10
2015.10.19 17:21:08.090,8.12619,8.12798,1.00,1.07
2015.10.19 17:21:09.782,8.12619,8.12787,1.00,1.00
2015.10.19 17:21:10.102,8.12619,8.12778,1.00,1.00
2015.10.19 17:21:10.563,8.12619,8.12788,1.00,1.00
2015.10.19 17:21:10.664,8.12619,8.12808,1.00,1.07
2015.10.19 17:21:11.133,8.12619,8.12808,1.00,1.00
2015.10.19 17:21:11.187,8.12619,8.12798,1.00,1.07
2015.10.19 17:21:11.565,8.12619,8.12788,1.00,1.00
2015.10.19 17:21:12.013,8.12619,8.12798,1.00,1.07
2015.10.19 17:21:13.516,8.12619,8.12787,1.00,1.00
2015.10.19 17:21:14.127,8.12619,8.12797,1.00,1.07
2015.10.19 17:21:14.375,8.12619,8.12788,1.00,1.00
2015.10.19 17:21:15.424,8.12619,8.12798,1.00,1.07
2015.10.19 17:21:15.481,8.12619,8.12788,1.00,1.00
2015.10.19 17:21:15.985,8.12619,8.12778,1.00,1.00
2015.10.19 17:21:16.121,8.12619,8.12798,1.00,1.00
2015.10.19 17:21:16.758,8.12596,8.12798,1.00,1.00
2015.10.19 17:21:19.888,8.12596,8.12767,1.00,1.00
2015.10.19 17:21:20.955,8.12596,8.12748,1.00,1.00
2015.10.19 17:21:21.007,8.12596,8.12768,1.00,1.00
2015.10.19 17:21:21.109,8.12596,8.12757,1.00,1.00
2015.10.19 17:21:21.261,8.12558,8.12748,1.00,1.00
2015.10.19 17:21:21.413,8.12558,8.12748,1.00,1.07
2015.10.19 17:21:22.623,8.12558,8.12737,1.00,1.00
2015.10.19 17:21:24.120,8.12558,8.12718,1.00,1.00
2015.10.19 17:21:24.443,8.12558,8.12718,1.00,1.07
2015.10.19 17:21:25.747,8.12558,8.12718,1.00,1.00
2015.10.19 17:21:29.446,8.12558,8.12728,1.00,1.00
2015.10.19 17:21:31.430,8.12558,8.12717,1.00,1.00
2015.10.19 17:21:33.738,8.12558,8.12728,1.00,1.00
2015.10.19 17:21:38.897,8.12559,8.12728,1.00,1.00
2015.10.19 17:21:42.566,8.12559,8.12718,1.00,1.00
2015.10.19 17:21:45.388,8.12559,8.12708,1.00,1.00
2015.10.19 17:21:46.814,8.1251,8.12697,1.00,1.07
2015.10.19 17:21:48.847,8.1251,8.12668,1.00,1.00
2015.10.19 17:21:52.155,8.1251,8.12678,1.00,1.00
2015.10.19 17:21:56.062,8.1251,8.12667,1.00,1.00
2015.10.19 17:21:57.867,8.1251,8.12688,1.00,1.07
2015.10.19 17:21:58.072,8.1251,8.12698,1.00,1.00
2015.10.19 17:21:59.439,8.12543,8.12688,1.00,1.00
2015.10.19 17:22:00.174,8.12543,8.12698,1.00,1.00
2015.10.19 17:22:00.475,8.12543,8.12708,1.00,1.00
2015.10.19 17:22:01.677,8.12543,8.12697,1.00,1.00
2015.10.19 17:22:06.084,8.12543,8.12707,1.00,1.00
2015.10.19 17:22:09.758,8.12543,8.12718,1.00,1.10
2015.10.19 17:22:09.915,8.12601,8.12738,1.00,1.37
2015.10.19 17:22:09.966,8.12601,8.12738,1.00,1.00
2015.10.19 17:22:10.017,8.12601,8.12727,1.00,1.00
2015.10.19 17:22:11.195,8.12601,8.12738,1.00,1.00
2015.10.19 17:22:11.625,8.12601,8.12728,1.00,1.00
2015.10.19 17:22:15.319,8.12601,8.12718,1.00,1.00
2015.10.19 17:22:15.831,8.12601,8.12748,1.00,1.07
2015.10.19 17:22:17.555,8.12636,8.12778,1.00,1.75
2015.10.19 17:22:24.350,8.12636,8.12788,1.00,1.00
2015.10.19 17:22:24.401,8.12689,8.12788,1.00,1.00
2015.10.19 17:22:24.452,8.12698,8.12868,1.00,2.25
2015.10.19 17:22:24.999,8.12662,8.12838,1.00,1.07
2015.10.19 17:22:25.759,8.12662,8.12828,1.00,1.00
2015.10.19 17:22:27.764,8.12662,8.12818,1.00,1.00
2015.10.19 17:22:30.440,8.1263,8.12808,1.00,1.00
2015.10.19 17:22:30.495,8.12621,8.12788,1.00,1.10
2015.10.19 17:22:30.605,8.12601,8.12788,1.00,1.10
2015.10.19 17:22:30.656,8.12585,8.12788,1.00,1.10
2015.10.19 17:22:30.761,8.12585,8.12778,1.00,1.00
2015.10.19 17:22:31.091,8.12617,8.12778,1.00,1.00
2015.10.19 17:22:31.271,8.12585,8.12778,1.00,1.00
2015.10.19 17:22:31.852,8.12615,8.12798,1.00,1.07
2015.10.19 17:22:32.259,8.12585,8.12798,1.00,1.07
2015.10.19 17:22:32.809,8.12597,8.12788,1.00,1.10
2015.10.19 17:22:33.246,8.12585,8.12788,1.00,1.10
2015.10.19 17:22:33.297,8.12585,8.12777,1.00,1.00
2015.10.19 17:22:33.788,8.12585,8.12757,1.00,1.00
2015.10.19 17:22:35.698,8.12585,8.12748,1.00,1.00
2015.10.19 17:22:36.939,8.12543,8.12748,1.00,1.00
2015.10.19 17:22:37.364,8.12543,8.12738,1.00,1.00
2015.10.19 17:22:38.323,8.12543,8.12757,1.00,1.00
2015.10.19 17:22:38.374,8.12543,8.12748,1.00,1.00
2015.10.19 17:22:40.472,8.12543,8.12758,1.00,1.00
2015.10.19 17:22:42.257,8.12549,8.12758,1.00,1.00
2015.10.19 17:22:43.981,8.12543,8.12758,1.00,1.00
2015.10.19 17:22:45.234,8.12555,8.12758,1.00,1.00
2015.10.19 17:22:46.550,8.12543,8.12758,1.00,1.00
2015.10.19 17:22:47.230,8.12543,8.12768,1.00,1.07
2015.10.19 17:22:47.332,8.12543,8.12802,1.00,1.00
2015.10.19 17:22:47.383,8.12545,8.12802,1.00,1.00
2015.10.19 17:22:47.813,8.12602,8.12802,1.00,1.00
2015.10.19 17:22:48.139,8.12622,8.12808,1.00,1.00
2015.10.19 17:22:48.460,8.12622,8.12788,1.00,1.00
2015.10.19 17:22:50.195,8.12622,8.12778,1.00,1.00
2015.10.19 17:22:50.246,8.12602,8.12778,1.00,1.00
2015.10.19 17:22:50.297,8.12586,8.12778,1.00,1.00
2015.10.19 17:22:50.398,8.12586,8.12768,1.00,1.00
2015.10.19 17:22:54.335,8.12586,8.12757,1.00,1.00
2015.10.19 17:23:00.616,8.12586,8.12768,1.00,1.00
2015.10.19 17:23:04.127,8.12586,8.12757,1.00,1.00
2015.10.19 17:23:08.365,8.12586,8.12768,1.00,1.00
2015.10.19 17:23:19.752,8.12569,8.12768,1.00,1.00
2015.10.19 17:23:20.449,8.12569,8.12777,1.00,1.00
2015.10.19 17:23:21.843,8.12569,8.12768,1.00,1.00
2015.10.19 17:23:26.270,8.12569,8.12777,1.00,1.00
2015.10.19 17:23:26.470,8.12569,8.12768,1.00,1.00
2015.10.19 17:23:27.348,8.12569,8.12767,1.00,1.00
2015.10.19 17:23:29.021,8.12569,8.12758,1.00,1.00
2015.10.19 17:23:30.471,8.12569,8.12768,1.00,1.00
2015.10.19 17:23:32.575,8.12569,8.12777,1.00,1.00
2015.10.19 17:23:33.647,8.12569,8.12788,1.00,1.07
2015.10.19 17:23:34.725,8.12569,8.12778,1.00,1.00
2015.10.19 17:23:35.782,8.12569,8.12788,1.00,1.07
2015.10.19 17:23:36.618,8.12569,8.12777,1.00,1.00
2015.10.19 17:23:37.685,8.12569,8.12788,1.00,1.07
2015.10.19 17:23:39.329,8.12573,8.12788,1.00,1.07
2015.10.19 17:23:41.798,8.12573,8.12778,1.00,1.00
2015.10.19 17:23:42.154,8.12573,8.12778,1.00,1.37
2015.10.19 17:23:47.913,8.1253,8.12744,1.00,1.75
2015.10.19 17:23:47.964,8.1253,8.12744,1.00,1.07
2015.10.19 17:23:49.372,8.1253,8.12728,1.00,1.00
2015.10.19 17:23:50.534,8.1253,8.12738,1.00,1.07
2015.10.19 17:23:52.531,8.1253,8.12728,1.00,1.00
2015.10.19 17:23:55.745,8.1253,8.12718,1.00,1.00
2015.10.19 17:23:56.119,8.1253,8.12727,1.00,1.00
2015.10.19 17:23:57.393,8.1253,8.12718,1.00,1.07
2015.10.19 17:24:03.704,8.1253,8.12697,1.00,1.00
2015.10.19 17:24:04.333,8.1253,8.12708,1.00,1.07
2015.10.19 17:24:04.537,8.1255,8.12753,1.00,1.75
2015.10.19 17:24:04.588,8.1255,8.12753,1.00,1.37
2015.10.19 17:24:05.285,8.1255,8.12767,1.00,1.07
2015.10.19 17:24:05.387,8.12574,8.12778,1.00,1.07
2015.10.19 17:24:05.856,8.12593,8.12788,1.00,1.00
2015.10.19 17:24:08.269,8.12593,8.12778,1.00,1.00
2015.10.19 17:24:08.370,8.12593,8.12838,1.00,1.87
2015.10.19 17:24:08.421,8.12593,8.12838,1.00,1.50
2015.10.19 17:24:10.475,8.12593,8.12828,1.00,1.00
2015.10.19 17:24:11.348,8.12593,8.12818,1.00,1.00
2015.10.19 17:24:12.249,8.12593,8.12827,1.00,1.00
2015.10.19 17:24:13.148,8.12593,8.12818,1.00,1.00
2015.10.19 17:24:13.886,8.12593,8.12798,1.00,1.00
2015.10.19 17:24:14.082,8.12593,8.12808,1.00,1.07
2015.10.19 17:24:14.286,8.12593,8.12797,1.00,1.00
2015.10.19 17:24:15.700,8.12593,8.12798,1.00,1.00
2015.10.19 17:24:16.077,8.12593,8.12807,1.00,1.07
2015.10.19 17:24:16.196,8.12593,8.12807,1.00,1.00
2015.10.19 17:24:16.867,8.12593,8.12838,1.00,1.00
2015.10.19 17:24:16.918,8.12615,8.12838,1.00,1.00
2015.10.19 17:24:17.276,8.12634,8.12847,1.00,1.00
2015.10.19 17:24:17.828,8.12634,8.12808,1.00,1.00
2015.10.19 17:24:18.139,8.12634,8.12798,1.00,1.00
2015.10.19 17:24:18.457,8.12634,8.12788,1.00,1.00
2015.10.19 17:24:18.576,8.12634,8.12798,1.00,1.00
2015.10.19 17:24:20.143,8.12634,8.12808,1.00,1.50
2015.10.19 17:24:20.346,8.12634,8.12818,1.00,1.50
2015.10.19 17:24:20.608,8.12634,8.12828,1.00,1.00
2015.10.19 17:24:20.863,8.126,8.12828,1.00,1.00
2015.10.19 17:24:20.965,8.126,8.12847,1.00,1.07
2015.10.19 17:24:21.411,8.12655,8.12847,1.00,1.00
2015.10.19 17:24:21.889,8.12655,8.12837,1.00,1.00
2015.10.19 17:24:22.902,8.12655,8.12868,1.00,1.50
2015.10.19 17:24:23.669,8.12655,8.12897,1.00,1.00
2015.10.19 17:24:23.720,8.12655,8.12897,1.07,1.00
2015.10.19 17:24:23.903,8.12655,8.12908,1.07,1.00
2015.10.19 17:24:24.046,8.12655,8.12908,1.75,1.00
2015.10.19 17:24:24.607,8.12655,8.12898,1.07,1.00
2015.10.19 17:24:24.658,8.12655,8.12888,1.07,1.00
2015.10.19 17:24:25.143,8.1267,8.12898,1.00,1.00
2015.10.19 17:24:25.206,8.12691,8.12917,1.00,1.00
2015.10.19 17:24:25.659,8.12691,8.12927,1.07,1.00
2015.10.19 17:24:26.006,8.12691,8.12928,1.07,1.60
2015.10.19 17:24:26.208,8.12691,8.12938,1.00,1.67
2015.10.19 17:24:27.259,8.12691,8.12928,1.00,1.60
2015.10.19 17:24:27.458,8.12691,8.12941,1.07,1.67
2015.10.19 17:24:27.857,8.12691,8.12941,1.37,1.60
2015.10.19 17:24:30.975,8.12691,8.12937,1.75,1.60
2015.10.19 17:24:31.026,8.12691,8.12948,1.75,1.00
2015.10.19 17:24:31.077,8.12737,8.12967,1.00,1.00
2015.10.19 17:24:31.128,8.12737,8.12948,1.00,1.00
2015.10.19 17:24:32.236,8.12737,8.12958,1.00,1.00
2015.10.19 17:24:33.019,8.12737,8.12947,1.00,1.00
2015.10.19 17:24:35.517,8.12737,8.12928,1.00,1.00
2015.10.19 17:24:36.837,8.12737,8.12938,1.00,1.00
2015.10.19 17:24:38.927,8.12737,8.12928,1.00,1.00
2015.10.19 17:24:40.179,8.12737,8.12938,1.00,1.00
2015.10.19 17:24:43.805,8.12737,8.12948,1.00,1.00
2015.10.19 17:24:44.724,8.12737,8.12968,1.00,1.00
2015.10.19 17:24:44.958,8.12737,8.12958,1.00,1.00
2015.10.19 17:24:45.009,8.12737,8.12968,1.00,1.00
2015.10.19 17:24:45.210,8.12737,8.12977,1.00,1.00
2015.10.19 17:24:45.311,8.12737,8.12967,1.00,1.00
2015.10.19 17:24:46.442,8.12737,8.12968,1.00,1.00
2015.10.19 17:24:48.101,8.12755,8.12977,1.00,1.00
2015.10.19 17:24:48.437,8.12755,8.12988,1.00,1.00
2015.10.19 17:24:48.538,8.12755,8.12998,1.00,1.00
2015.10.19 17:24:48.617,8.12755,8.13005,1.00,1.00
2015.10.19 17:24:49.196,8.12755,8.13007,1.00,1.00
2015.10.19 17:24:49.840,8.12755,8.12998,1.00,1.00
2015.10.19 17:24:50.121,8.12755,8.13008,1.00,1.00
2015.10.19 17:24:51.546,8.12755,8.12988,1.00,1.00
2015.10.19 17:24:52.389,8.12755,8.12987,1.00,1.00
2015.10.19 17:24:52.963,8.12798,8.13022,1.00,1.00
2015.10.19 17:24:53.014,8.12798,8.13048,1.00,1.00
2015.10.19 17:24:53.268,8.12798,8.13058,1.00,1.50
2015.10.19 17:24:53.369,8.12798,8.13038,1.00,1.00
2015.10.19 17:24:55.315,8.12832,8.13038,1.00,1.00
2015.10.19 17:24:55.386,8.12832,8.13048,1.00,1.00
2015.10.19 17:24:56.471,8.12832,8.13038,1.00,1.00
2015.10.19 17:24:56.522,8.12812,8.13038,1.00,1.00
2015.10.19 17:24:56.573,8.12779,8.13028,1.00,1.50
2015.10.19 17:24:56.747,8.12779,8.13008,1.00,1.00
2015.10.19 17:24:57.066,8.12779,8.12998,1.00,1.00
2015.10.19 17:24:57.118,8.12779,8.13008,1.00,1.50
2015.10.19 17:24:57.946,8.12779,8.12998,1.00,1.00
2015.10.19 17:24:59.533,8.12779,8.12988,1.00,1.00
2015.10.19 17:24:59.685,8.12779,8.13018,1.00,1.00
2015.10.19 17:24:59.736,8.12779,8.13028,1.00,1.00
2015.10.19 17:24:59.787,8.12779,8.13039,1.00,1.00
2015.10.19 17:25:00.931,8.12815,8.13047,1.00,1.00
2015.10.19 17:25:01.475,8.12815,8.13048,1.00,1.00
2015.10.19 17:25:02.902,8.12815,8.13028,1.00,1.00
2015.10.19 17:25:04.424,8.12815,8.13038,1.00,1.00
2015.10.19 17:25:05.911,8.12815,8.13047,1.00,1.00
2015.10.19 17:25:06.897,8.12815,8.13038,1.00,1.00
2015.10.19 17:25:10.118,8.12815,8.13037,1.00,1.00
2015.10.19 17:25:10.830,8.12815,8.13028,1.00,1.00
2015.10.19 17:25:10.994,8.12815,8.13038,1.00,1.00
2015.10.19 17:25:11.913,8.12815,8.13028,1.00,1.00
2015.10.19 17:25:12.884,8.12815,8.13038,1.00,1.00
2015.10.19 17:25:13.997,8.12815,8.13028,1.00,1.00
2015.10.19 17:25:16.244,8.12815,8.13038,1.00,1.00
2015.10.19 17:25:18.808,8.12815,8.13027,1.00,1.00
2015.10.19 17:25:18.910,8.12772,8.12998,1.07,1.00
2015.10.19 17:25:19.011,8.12762,8.12993,1.00,1.00
2015.10.19 17:25:19.365,8.12733,8.12993,1.00,1.00
2015.10.19 17:25:20.154,8.12763,8.12993,1.00,1.00
2015.10.19 17:25:20.422,8.12733,8.12988,1.00,1.00
2015.10.19 17:25:20.998,8.12733,8.12977,1.00,1.00
2015.10.19 17:25:26.406,8.12733,8.12968,1.50,1.00
2015.10.19 17:25:27.234,8.12733,8.12958,1.00,1.00
2015.10.19 17:25:38.908,8.12729,8.12958,1.00,1.00
2015.10.19 17:25:45.142,8.12764,8.12988,1.00,1.50
2015.10.19 17:25:45.471,8.12764,8.12978,1.00,1.00
2015.10.19 17:25:45.638,8.12764,8.12988,1.00,1.50
2015.10.19 17:25:46.269,8.12764,8.12998,1.00,1.50
2015.10.19 17:25:47.281,8.12764,8.12988,1.00,1.00
2015.10.19 17:25:52.078,8.12764,8.12998,1.00,1.50
2015.10.19 17:25:53.683,8.12764,8.12997,1.00,1.00
2015.10.19 17:25:53.734,8.12764,8.12978,1.00,1.00
2015.10.19 17:25:53.947,8.12764,8.12988,1.00,1.50
2015.10.19 17:25:54.084,8.12764,8.12978,1.00,1.00
2015.10.19 17:25:54.640,8.12755,8.12948,1.00,1.00
2015.10.19 17:25:54.691,8.12729,8.12948,1.50,1.00
2015.10.19 17:25:54.793,8.1276,8.12948,1.00,1.00
2015.10.19 17:25:55.164,8.1276,8.12938,1.00,1.00
2015.10.19 17:25:55.907,8.12729,8.12938,1.00,1.00
2015.10.19 17:25:58.013,8.12729,8.12928,1.00,1.00
2015.10.19 17:25:58.457,8.12678,8.12888,1.75,1.00
2015.10.19 17:25:58.512,8.12678,8.12888,1.00,1.00
2015.10.19 17:25:59.255,8.12678,8.12908,1.00,1.00
2015.10.19 17:25:59.306,8.12678,8.12908,1.12,1.00
2015.10.19 17:25:59.407,8.12678,8.12918,1.12,1.00
2015.10.19 17:25:59.860,8.12708,8.12918,1.00,1.00
2015.10.19 17:26:00.352,8.12708,8.12928,1.00,1.00
2015.10.19 17:26:00.403,8.12708,8.12918,1.00,1.00
2015.10.19 17:26:00.560,8.12678,8.12918,1.12,1.00
2015.10.19 17:26:01.109,8.12678,8.12917,1.12,1.00
2015.10.19 17:26:02.607,8.12678,8.12908,1.12,1.00
2015.10.19 17:26:03.203,8.12655,8.12834,1.75,1.00
2015.10.19 17:26:03.355,8.12592,8.12834,1.75,1.00
2015.10.19 17:26:03.456,8.12592,8.12834,1.07,1.00
2015.10.19 17:26:04.134,8.12574,8.12834,1.00,1.00
2015.10.19 17:26:04.185,8.12572,8.12796,1.69,1.00
2015.10.19 17:26:04.236,8.12536,8.12796,1.00,1.00
2015.10.19 17:26:04.388,8.12516,8.12748,1.00,1.00
2015.10.19 17:26:04.439,8.12488,8.12748,1.07,1.00
2015.10.19 17:26:05.276,8.12539,8.12768,1.00,1.00
2015.10.19 17:26:05.327,8.12539,8.12797,1.00,1.00
2015.10.19 17:26:20.329,8.12503,8.12763,1.00,1.00
2015.10.19 17:26:33.429,8.12539,8.12783,1.00,1.00
2015.10.19 17:26:33.481,8.12539,8.12799,1.00,1.00
2015.10.19 17:26:58.868,8.12558,8.12818,1.00,1.07
2015.10.19 17:27:06.712,8.12608,8.12838,1.00,1.00
2015.10.19 17:27:09.110,8.12608,8.12855,1.00,1.07
2015.10.19 17:27:09.514,8.12608,8.12852,1.00,1.00
2015.10.19 17:27:10.521,8.12573,8.12832,1.00,1.10
2015.10.19 17:27:10.766,8.12573,8.12825,1.00,1.00
2015.10.19 17:27:18.662,8.12608,8.12868,1.00,1.37
2015.10.19 17:27:20.711,8.12608,8.12824,1.00,1.00
2015.10.19 17:27:20.812,8.12574,8.12824,1.00,1.00
2015.10.19 17:27:38.940,8.12583,8.12824,1.00,1.00
2015.10.19 17:27:50.830,8.12583,8.12842,1.00,1.00
2015.10.19 17:27:53.124,8.12583,8.12842,1.00,1.37
2015.10.19 17:27:54.337,8.12583,8.12842,1.00,1.37
2015.10.19 17:27:54.566,8.12577,8.12835,1.00,1.37
2015.10.19 17:27:54.667,8.12577,8.12835,1.00,1.00
2015.10.19 17:27:54.870,8.12612,8.12842,1.00,1.00
2015.10.19 17:28:19.047,8.1262,8.12842,1.00,1.00
2015.10.19 17:28:32.833,8.1262,8.12863,1.00,1.00
2015.10.19 17:28:38.975,8.12618,8.12863,1.00,1.00
2015.10.19 17:28:49.644,8.12618,8.12862,1.00,1.00
2015.10.19 17:28:49.695,8.12582,8.12842,1.00,1.07
2015.10.19 17:29:03.894,8.12582,8.12842,1.00,1.37
2015.10.19 17:29:04.867,8.12594,8.12853,1.00,1.75
2015.10.19 17:29:05.179,8.12594,8.12853,1.00,1.75
2015.10.19 17:29:05.381,8.12559,8.12817,1.00,1.37
2015.10.19 17:29:05.534,8.12559,8.12817,1.00,1.37
2015.10.19 17:29:05.737,8.12559,8.12817,1.00,1.37
2015.10.19 17:29:07.483,8.12559,8.12817,1.00,1.12
2015.10.19 17:29:07.901,8.12594,8.12853,1.00,1.75
2015.10.19 17:29:16.612,8.12594,8.12853,1.00,1.37
2015.10.19 17:29:18.302,8.12594,8.12853,1.00,1.07
2015.10.19 17:29:23.367,8.12642,8.12902,1.00,1.37
2015.10.19 17:29:38.954,8.12653,8.12913,1.00,1.75
2015.10.19 17:29:45.795,8.12653,8.12913,1.00,1.37
2015.10.19 17:29:49.072,8.12653,8.12913,1.00,1.07
2015.10.19 17:29:53.664,8.12693,8.12952,1.00,1.75
2015.10.19 17:29:53.715,8.12693,8.12952,1.00,1.37
2015.10.19 17:29:54.782,8.12693,8.12952,1.00,1.07
2015.10.19 17:29:56.765,8.12693,8.12952,1.00,1.07
2015.10.19 17:29:56.968,8.12736,8.12996,1.00,1.75
2015.10.19 17:29:57.020,8.12736,8.12996,1.00,1.37
2015.10.19 17:30:09.566,8.12736,8.12996,1.00,1.07
2015.10.19 17:30:10.003,8.12787,8.13047,1.00,1.37
2015.10.19 17:30:16.725,8.12831,8.13067,1.00,1.75
2015.10.19 17:30:16.826,8.12831,8.13091,1.00,1.75
2015.10.19 17:30:24.499,8.12831,8.13091,1.00,1.75
2015.10.19 17:30:29.533,8.12811,8.13044,1.00,1.37
2015.10.19 17:30:29.635,8.12784,8.13044,1.00,1.37
2015.10.19 17:30:29.686,8.12784,8.13044,1.00,1.75
2015.10.19 17:30:30.140,8.12748,8.13008,1.00,1.37
2015.10.19 17:30:44.876,8.12785,8.13043,1.00,1.37
2015.10.19 17:30:46.420,8.12785,8.13043,1.00,1.00
2015.10.19 17:31:00.873,8.12803,8.13061,1.00,1.37
2015.10.19 17:31:02.187,8.12782,8.13026,1.00,1.00
2015.10.19 17:31:02.289,8.12766,8.13026,1.00,1.00
2015.10.19 17:31:02.340,8.12766,8.13026,1.00,1.07
2015.10.19 17:31:04.416,8.12766,8.13026,1.00,1.37
2015.10.19 17:31:17.816,8.12737,8.12997,1.00,1.07
2015.10.19 17:31:20.928,8.12737,8.12997,1.00,1.37
2015.10.19 17:31:38.960,8.12731,8.12991,1.00,1.07
2015.10.19 17:31:40.745,8.12731,8.12991,1.00,1.07
2015.10.19 17:31:41.075,8.12774,8.13034,1.00,1.37
2015.10.19 17:31:41.427,8.1279,8.13034,1.00,1.37
2015.10.19 17:31:42.097,8.12811,8.13069,1.00,1.37
2015.10.19 17:31:58.421,8.12832,8.13092,1.00,1.10
2015.10.19 17:32:07.190,8.12832,8.13088,1.00,1.00
2015.10.19 17:32:07.672,8.12832,8.13088,1.00,1.37
2015.10.19 17:32:13.018,8.12803,8.13061,1.00,1.07
2015.10.19 17:32:38.830,8.12798,8.13059,1.00,1.07
2015.10.19 17:32:45.114,8.12798,8.13058,1.00,1.37
2015.10.19 17:32:58.871,8.12796,8.13054,1.00,1.37
2015.10.19 17:33:15.999,8.12767,8.13018,1.00,1.37
2015.10.19 17:33:16.100,8.12731,8.12989,1.00,1.00
2015.10.19 17:33:19.783,8.12757,8.12989,1.00,1.00
2015.10.19 17:33:19.834,8.12778,8.13036,1.00,1.07
2015.10.19 17:33:28.927,8.12778,8.13027,1.00,1.00
2015.10.19 17:33:29.130,8.12734,8.12994,1.00,1.00
2015.10.19 17:33:31.280,8.12734,8.12994,1.00,1.37
2015.10.19 17:33:35.355,8.12734,8.12988,1.00,1.37
2015.10.19 17:33:35.457,8.12698,8.12958,1.00,1.07
2015.10.19 17:33:43.599,8.12732,8.12978,1.00,1.07
2015.10.19 17:33:46.723,8.12748,8.12992,1.00,1.37
2015.10.19 17:33:47.079,8.12768,8.13028,1.00,1.75
2015.10.19 17:33:47.332,8.12768,8.13028,1.00,1.37
2015.10.19 17:33:47.484,8.12733,8.12991,1.00,1.07
2015.10.19 17:33:48.090,8.12733,8.12991,1.00,1.07
2015.10.19 17:33:52.081,8.12733,8.12991,1.00,1.37
2015.10.19 17:33:58.104,8.12713,8.12949,1.00,1.07
2015.10.19 17:33:58.156,8.12689,8.12949,1.00,1.07
2015.10.19 17:34:01.678,8.12689,8.12929,1.00,1.00
2015.10.19 17:34:02.088,8.12689,8.12929,1.00,1.07
2015.10.19 17:34:02.140,8.12649,8.12909,1.00,1.00
2015.10.19 17:34:03.099,8.12666,8.12909,1.00,1.00
2015.10.19 17:34:04.104,8.12685,8.12945,1.00,1.37
2015.10.19 17:34:04.167,8.12685,8.12945,1.00,1.00
2015.10.19 17:34:14.483,8.12685,8.12945,1.00,1.12
2015.10.19 17:34:16.625,8.1272,8.12964,1.00,1.07
2015.10.19 17:34:18.161,8.1272,8.1298,1.00,1.07
2015.10.19 17:34:31.463,8.1272,8.1298,1.00,1.37
2015.10.19 17:34:31.850,8.12683,8.12943,1.00,1.00
2015.10.19 17:34:33.420,8.12683,8.12943,1.00,1.37
2015.10.19 17:34:37.071,8.12683,8.12943,1.00,1.00
2015.10.19 17:34:37.846,8.12683,8.12943,1.00,1.07
2015.10.19 17:34:40.600,8.12683,8.12943,1.00,1.07
2015.10.19 17:34:41.643,8.1272,8.1298,1.00,1.75
2015.10.19 17:34:41.694,8.1272,8.1298,1.00,1.07
2015.10.19 17:34:58.931,8.12726,8.12986,1.00,1.07
2015.10.19 17:35:02.430,8.12684,8.12942,1.00,1.00
2015.10.19 17:35:02.481,8.12684,8.12942,1.00,1.37
2015.10.19 17:35:18.339,8.12684,8.12942,1.00,1.75
2015.10.19 17:35:18.860,8.12665,8.12925,1.00,1.37
2015.10.19 17:35:23.922,8.12665,8.12925,1.00,1.07
2015.10.19 17:35:24.278,8.12701,8.12961,1.00,1.75
2015.10.19 17:35:24.389,8.12701,8.12961,1.00,1.37
2015.10.19 17:35:33.393,8.12665,8.12925,1.00,1.37
2015.10.19 17:35:40.552,8.12665,8.12925,1.00,1.00
2015.10.19 17:35:40.695,8.12703,8.12963,1.00,1.75
2015.10.19 17:35:42.007,8.12667,8.12927,1.00,1.00
2015.10.19 17:35:47.708,8.12667,8.12927,1.00,1.37
2015.10.19 17:35:58.938,8.1266,8.12917,1.00,1.07
2015.10.19 17:36:38.537,8.1266,8.12917,1.00,1.50
2015.10.19 17:36:39.133,8.12659,8.12918,1.00,1.75
2015.10.19 17:36:45.358,8.12659,8.12918,1.00,1.07
2015.10.19 17:37:04.603,8.12623,8.12883,1.00,1.00
2015.10.19 17:37:05.132,8.12587,8.12847,1.00,1.07
2015.10.19 17:37:06.786,8.12544,8.12804,1.00,1.00
2015.10.19 17:37:14.071,8.12544,8.12804,1.00,1.07
2015.10.19 17:37:14.122,8.12508,8.12768,1.00,1.00
2015.10.19 17:37:14.959,8.12544,8.12804,1.00,1.07
2015.10.19 17:37:16.336,8.12544,8.12804,1.00,1.00
2015.10.19 17:37:18.917,8.12558,8.12804,1.00,1.00
2015.10.19 17:37:18.967,8.12578,8.12838,1.00,1.07
2015.10.19 17:37:23.234,8.12578,8.12838,1.00,1.37
2015.10.19 17:37:23.707,8.12578,8.12838,1.00,1.37
2015.10.19 17:37:33.408,8.12578,8.12838,1.00,1.07
2015.10.19 17:37:42.772,8.12578,8.12838,1.00,1.00
2015.10.19 17:37:43.376,8.12624,8.12884,1.00,1.07
2015.10.19 17:37:49.788,8.12624,8.12884,1.00,1.00
2015.10.19 17:37:58.917,8.12653,8.12913,1.00,1.37
2015.10.19 17:37:59.700,8.12653,8.12882,1.00,1.37
2015.10.19 17:37:59.751,8.12603,8.12861,1.00,1.07
2015.10.19 17:38:00.266,8.12603,8.12861,1.00,1.37
2015.10.19 17:38:18.543,8.1258,8.1284,1.00,1.07
2015.10.19 17:38:49.381,8.1258,8.12816,1.00,1.37
2015.10.19 17:38:49.443,8.12537,8.12796,1.00,1.37
2015.10.19 17:38:49.954,8.12537,8.12796,1.00,1.37
2015.10.19 17:38:52.807,8.12501,8.12761,1.00,1.00
2015.10.19 17:38:54.913,8.12501,8.12761,1.00,1.07
2015.10.19 17:39:08.600,8.12501,8.12761,1.00,1.75
2015.10.19 17:39:08.651,8.12483,8.12743,1.00,1.37
2015.10.19 17:39:10.657,8.12483,8.12743,1.00,1.75
2015.10.19 17:39:13.405,8.12483,8.12743,1.00,1.37
2015.10.19 17:39:16.781,8.12483,8.12743,1.00,1.07
2015.10.19 17:39:20.434,8.12483,8.12743,1.00,1.00
2015.10.19 17:39:25.321,8.125,8.12743,1.00,1.00
2015.10.19 17:39:25.372,8.1252,8.1278,1.00,1.07
2015.10.19 17:39:44.704,8.12508,8.12768,1.00,1.10
2015.10.19 17:39:48.156,8.12539,8.12768,1.00,1.10
2015.10.19 17:39:48.258,8.12558,8.12818,1.00,1.37
2015.10.19 17:39:48.507,8.12558,8.12818,1.00,1.07
2015.10.19 17:39:57.893,8.12558,8.12818,1.00,1.37
2015.10.19 17:40:04.639,8.1255,8.1281,1.00,1.37
2015.10.19 17:40:09.475,8.1255,8.1281,1.00,1.07
2015.10.19 17:40:12.995,8.1255,8.1281,1.00,1.00
2015.10.19 17:40:14.213,8.12586,8.12846,1.00,1.00
2015.10.19 17:40:14.520,8.12622,8.12882,1.00,1.50
2015.10.19 17:40:14.802,8.12622,8.12882,1.00,1.07
2015.10.19 17:40:14.904,8.12622,8.12882,1.00,1.00
2015.10.19 17:40:17.540,8.12672,8.12932,1.00,1.75
2015.10.19 17:40:17.594,8.12672,8.12932,1.00,1.37
2015.10.19 17:40:36.349,8.12663,8.12923,1.00,1.07
2015.10.19 17:40:36.755,8.12663,8.12923,1.00,1.00
2015.10.19 17:40:51.339,8.12699,8.12959,1.00,1.37
2015.10.19 17:40:51.389,8.12699,8.12959,1.00,1.00
2015.10.19 17:41:05.466,8.12699,8.12957,1.00,1.00
2015.10.19 17:41:05.895,8.12699,8.12957,1.00,1.37
2015.10.19 17:41:14.784,8.12692,8.12952,1.00,1.07
2015.10.19 17:41:35.518,8.12697,8.12957,1.00,1.37
2015.10.19 17:41:44.673,8.12697,8.12957,1.00,1.00
2015.10.19 17:41:53.354,8.12705,8.12965,1.00,1.07
2015.10.19 17:41:59.148,8.1272,8.12965,1.00,1.07
2015.10.19 17:41:59.641,8.1274,8.13,1.00,1.75
2015.10.19 17:42:18.894,8.1272,8.12973,1.00,1.07
2015.10.19 17:42:18.950,8.12713,8.12973,1.00,1.07
2015.10.19 17:42:22.591,8.12713,8.12958,1.00,1.00
2015.10.19 17:42:30.718,8.12693,8.12934,1.00,1.00
2015.10.19 17:42:30.769,8.12674,8.12934,1.00,1.00
2015.10.19 17:42:50.878,8.12669,8.12929,1.00,1.00
2015.10.19 17:43:09.132,8.12687,8.12945,1.00,1.00
2015.10.19 17:43:09.303,8.1265,8.1291,1.00,1.00
2015.10.19 17:43:40.129,8.1265,8.1291,1.37,1.00
2015.10.19 17:43:40.180,8.12664,8.12924,1.07,1.00
2015.10.19 17:43:51.504,8.12664,8.12924,1.00,1.00
2015.10.19 17:43:58.946,8.1265,8.1291,1.00,1.00
2015.10.19 17:44:15.792,8.12653,8.12913,1.00,1.00
2015.10.19 17:44:31.338,8.12681,8.12941,1.00,1.00
2015.10.19 17:44:49.824,8.12661,8.12911,1.00,1.00
2015.10.19 17:44:49.875,8.12651,8.12911,1.00,1.00
2015.10.19 17:45:07.305,8.12643,8.12903,1.00,1.00
2015.10.19 17:45:21.100,8.12682,8.12923,1.00,1.00
2015.10.19 17:45:21.151,8.12682,8.12942,1.00,1.00
2015.10.19 17:45:24.638,8.12727,8.12985,1.00,1.37
2015.10.19 17:45:24.689,8.12727,8.12985,1.00,1.00
2015.10.19 17:45:38.634,8.12687,8.12947,1.00,1.00
2015.10.19 17:45:40.650,8.12643,8.12901,1.00,1.00
2015.10.19 17:45:52.120,8.12685,8.12945,1.00,1.00
2015.10.19 17:45:52.654,8.12721,8.12965,1.00,1.00
2015.10.19 17:45:52.705,8.12721,8.12981,1.00,1.00
2015.10.19 17:46:19.477,8.12733,8.12991,1.00,1.00
2015.10.19 17:46:37.584,8.12771,8.13031,1.00,1.00
2015.10.19 17:46:38.249,8.12806,8.13059,1.00,1.00
2015.10.19 17:46:58.864,8.12836,8.13079,1.00,1.00
2015.10.19 17:46:58.949,8.12836,8.13089,1.00,1.00
2015.10.19 17:47:09.489,8.12816,8.13052,1.00,1.00
2015.10.19 17:47:09.563,8.12799,8.13052,1.00,1.00
2015.10.19 17:47:11.731,8.12835,8.13072,1.00,1.00
2015.10.19 17:47:11.783,8.12835,8.13088,1.00,1.00
2015.10.19 17:47:36.930,8.12849,8.13088,1.00,1.00
2015.10.19 17:47:36.981,8.12869,8.13122,1.00,1.00
2015.10.19 17:48:18.904,8.12862,8.13115,1.00,1.00
2015.10.19 17:48:34.918,8.12847,8.131,1.00,1.00
2015.10.19 17:48:35.787,8.12847,8.13083,1.00,1.00
2015.10.19 17:48:35.838,8.12812,8.13063,1.00,1.00
2015.10.19 17:48:43.311,8.12827,8.13063,1.00,1.00
2015.10.19 17:48:43.362,8.12847,8.131,1.00,1.00
2015.10.19 17:48:52.538,8.12847,8.13084,1.00,1.00
2015.10.19 17:48:52.589,8.12812,8.13063,1.00,1.00
2015.10.19 17:49:03.040,8.12812,8.1305,1.00,1.00
2015.10.19 17:49:03.091,8.12777,8.1303,1.00,1.00
2015.10.19 17:49:18.916,8.12781,8.13034,1.00,1.00
2015.10.19 17:49:30.500,8.12746,8.12997,1.00,1.00
2015.10.19 17:49:56.418,8.12746,8.12983,1.00,1.00
2015.10.19 17:49:56.485,8.1271,8.12963,1.07,1.00
2015.10.19 17:49:57.157,8.1271,8.12963,1.00,1.00
2015.10.19 17:50:10.585,8.12728,8.12963,1.00,1.00
2015.10.19 17:50:10.636,8.12748,8.13001,1.00,1.00
2015.10.19 17:50:17.673,8.12784,8.13037,1.00,1.00
2015.10.19 17:50:20.101,8.12805,8.13037,1.00,1.00
2015.10.19 17:50:20.151,8.12824,8.13077,1.00,1.00
2015.10.19 17:50:58.953,8.12819,8.13072,1.00,1.00
2015.10.19 17:51:04.831,8.12842,8.13072,1.00,1.00
2015.10.19 17:51:04.882,8.12862,8.13115,1.00,1.00
2015.10.19 17:51:19.204,8.12842,8.13079,1.00,1.00
2015.10.19 17:51:19.255,8.12826,8.13079,1.00,1.00
2015.10.19 17:51:38.890,8.12807,8.13056,1.00,1.00
2015.10.19 17:51:38.941,8.12803,8.13056,1.00,1.00
2015.10.19 17:51:58.025,8.12797,8.13048,1.00,1.00
2015.10.19 17:52:02.027,8.12776,8.13005,1.00,1.00
2015.10.19 17:52:02.129,8.12753,8.13005,1.00,1.00
2015.10.19 17:52:14.299,8.12789,8.1304,1.00,1.00
2015.10.19 17:52:34.091,8.128,8.13053,1.00,1.00
2015.10.19 17:52:50.280,8.1281,8.13063,1.00,1.00
2015.10.19 17:53:00.188,8.1281,8.13049,1.00,1.00
2015.10.19 17:53:00.503,8.12777,8.13028,1.00,1.00
2015.10.19 17:53:05.401,8.12777,8.13013,1.00,1.00
2015.10.19 17:53:05.452,8.1274,8.12993,1.00,1.00
2015.10.19 17:53:15.881,8.1274,8.12993,1.12,1.00
2015.10.19 17:53:15.932,8.12777,8.13028,1.00,1.00
2015.10.19 17:53:38.927,8.12789,8.1304,1.00,1.00
2015.10.19 17:53:55.677,8.12788,8.13041,1.00,1.00
2015.10.19 17:53:56.272,8.12768,8.13004,1.00,1.00
2015.10.19 17:53:56.323,8.12754,8.13004,1.00,1.00
2015.10.19 17:54:10.890,8.12754,8.13004,1.00,1.07
2015.10.19 17:54:18.900,8.12733,8.12979,1.00,1.00
2015.10.19 17:54:18.951,8.12727,8.12979,1.00,1.00
2015.10.19 17:54:39.072,8.1273,8.12983,1.00,1.00
2015.10.19 17:54:58.927,8.12706,8.12959,1.00,1.00
2015.10.19 17:55:12.296,8.12682,8.12916,1.00,1.00
2015.10.19 17:55:12.348,8.12663,8.12916,1.00,1.00
2015.10.19 17:55:12.716,8.12663,8.12916,1.07,1.00
2015.10.19 17:55:13.895,8.12672,8.12916,1.00,1.00
2015.10.19 17:55:15.193,8.12682,8.12916,1.00,1.00
2015.10.19 17:55:16.558,8.12692,8.12916,1.00,1.00
2015.10.19 17:55:20.864,8.12693,8.12916,1.00,1.00
2015.10.19 17:55:22.266,8.12702,8.12916,1.00,1.00
2015.10.19 17:55:31.088,8.12712,8.12916,1.00,1.00
2015.10.19 17:55:31.501,8.12713,8.12966,1.00,1.00
2015.10.19 17:55:32.696,8.12722,8.12966,1.00,1.00
2015.10.19 17:55:35.295,8.12732,8.12966,1.00,1.00
2015.10.19 17:55:41.502,8.12722,8.12966,1.00,1.00
2015.10.19 17:55:42.604,8.12732,8.12966,1.00,1.00
2015.10.19 17:55:47.423,8.12742,8.12983,1.00,1.00
2015.10.19 17:55:47.760,8.12752,8.12983,1.00,1.00
2015.10.19 17:55:48.025,8.12773,8.13026,1.00,1.00
2015.10.19 17:55:49.118,8.12782,8.13026,1.00,1.00
2015.10.19 17:55:50.961,8.12773,8.13026,1.00,1.00
2015.10.19 17:55:51.326,8.12782,8.13026,1.00,1.00
2015.10.19 17:55:58.737,8.12792,8.13026,1.00,1.00
2015.10.19 17:55:59.638,8.12773,8.13026,1.00,1.00
2015.10.19 17:56:04.132,8.12773,8.13026,1.00,1.37
2015.10.19 17:56:04.641,8.12776,8.13029,1.00,1.37
2015.10.19 17:56:11.476,8.12776,8.13007,1.00,1.37
2015.10.19 17:56:20.364,8.12776,8.13008,1.00,1.07
2015.10.19 17:56:20.742,8.12776,8.13028,1.00,1.07
2015.10.19 17:56:24.669,8.12759,8.13012,1.00,1.00
2015.10.19 17:56:28.435,8.12763,8.13012,1.00,1.00
2015.10.19 17:56:30.997,8.12762,8.13012,1.00,1.00
2015.10.19 17:56:39.109,8.12759,8.13012,1.00,1.00
2015.10.19 17:56:40.529,8.12763,8.13012,1.00,1.00
2015.10.19 17:56:40.934,8.12759,8.13012,1.00,1.00
2015.10.19 17:56:44.937,8.12762,8.13012,1.00,1.00
2015.10.19 17:56:45.271,8.12781,8.13028,1.00,1.00
2015.10.19 17:56:49.270,8.12781,8.13034,1.00,1.00
2015.10.19 17:56:50.229,8.12781,8.13028,1.00,1.00
2015.10.19 17:56:50.964,8.12781,8.13034,1.00,1.00
2015.10.19 17:56:58.046,8.12781,8.13028,1.00,1.00
2015.10.19 17:56:59.131,8.12781,8.13034,1.00,1.00
2015.10.19 17:57:04.626,8.12767,8.1302,1.00,1.00
2015.10.19 17:57:11.601,8.12772,8.1302,1.00,1.00
2015.10.19 17:57:11.778,8.12767,8.1302,1.00,1.00
2015.10.19 17:57:18.805,8.12767,8.13018,1.00,1.00
2015.10.19 17:57:20.094,8.12767,8.1302,1.00,1.00
2015.10.19 17:57:22.057,8.12767,8.13018,1.00,1.00
2015.10.19 17:57:23.901,8.12767,8.13008,1.00,1.00
2015.10.19 17:57:24.643,8.12767,8.12998,1.00,1.00
2015.10.19 17:57:24.694,8.12761,8.12998,1.00,1.00
2015.10.19 17:57:24.846,8.12761,8.13008,1.00,1.00
2015.10.19 17:57:30.736,8.12761,8.13014,1.00,1.00
2015.10.19 17:57:38.828,8.12761,8.13008,1.00,1.00
2015.10.19 17:57:40.279,8.12761,8.13007,1.00,1.00
2015.10.19 17:57:41.533,8.12761,8.12998,1.00,1.00
2015.10.19 17:57:42.750,8.12761,8.12998,1.00,1.37
2015.10.19 17:57:44.682,8.12763,8.12998,1.00,1.37
2015.10.19 17:57:49.580,8.12763,8.13008,1.00,1.75
2015.10.19 17:57:54.223,8.12763,8.13016,1.00,1.37
2015.10.19 17:58:01.607,8.12763,8.13007,1.00,1.37
2015.10.19 17:58:01.657,8.12749,8.13002,1.00,1.37
2015.10.19 17:58:02.049,8.12749,8.13002,1.00,1.07
2015.10.19 17:58:03.978,8.12749,8.13002,1.00,1.37
2015.10.19 17:58:07.725,8.12749,8.12988,1.00,1.37
2015.10.19 17:58:08.191,8.12729,8.12923,1.00,1.07
2015.10.19 17:58:08.243,8.1267,8.12923,1.00,1.07
2015.10.19 17:58:23.563,8.12683,8.12918,1.00,1.07
2015.10.19 17:58:25.595,8.12683,8.12907,1.00,1.37
2015.10.19 17:58:25.767,8.12663,8.129,1.00,1.07
2015.10.19 17:58:25.818,8.12647,8.129,1.00,1.07
2015.10.19 17:58:38.171,8.12647,8.12898,1.00,1.37
2015.10.19 17:58:38.521,8.12647,8.12887,1.00,1.75
2015.10.19 17:58:41.313,8.12627,8.12859,1.00,1.37
2015.10.19 17:58:41.364,8.12606,8.12859,1.00,1.37
2015.10.19 17:58:41.953,8.12606,8.12859,1.00,1.00
2015.10.19 17:58:42.285,8.12606,8.12859,1.00,1.37
2015.10.19 17:58:42.823,8.12606,8.12859,1.00,1.00
2015.10.19 17:58:42.874,8.12622,8.12859,1.00,1.00
2015.10.19 17:58:44.097,8.12659,8.12912,1.00,1.10
2015.10.19 17:58:45.916,8.12659,8.12912,1.00,1.37
2015.10.19 17:58:48.214,8.12659,8.12912,1.00,1.37
2015.10.19 17:58:49.188,8.12659,8.12912,1.00,1.00
2015.10.19 17:58:56.969,8.12659,8.12898,1.00,1.07
2015.10.19 17:58:58.555,8.12659,8.12898,1.00,1.87
2015.10.19 17:58:58.952,8.12638,8.1289,1.00,1.37
2015.10.19 17:58:59.748,8.12638,8.12888,1.00,1.75
2015.10.19 17:59:04.148,8.12638,8.12878,1.00,1.07
2015.10.19 17:59:09.648,8.12638,8.12878,1.00,1.75
2015.10.19 17:59:12.750,8.12638,8.12878,1.00,1.37
2015.10.19 17:59:14.108,8.12643,8.12878,1.00,1.37
2015.10.19 17:59:14.529,8.12643,8.12838,1.00,1.07
2015.10.19 17:59:14.682,8.12593,8.12838,1.00,1.37
2015.10.19 17:59:14.953,8.12593,8.12846,1.00,1.75
2015.10.19 17:59:15.407,8.12593,8.12846,1.00,1.37
2015.10.19 17:59:15.960,8.12593,8.12846,1.00,1.00
2015.10.19 17:59:17.794,8.12629,8.12866,1.00,1.12
2015.10.19 17:59:17.946,8.12629,8.12878,1.00,1.07
2015.10.19 17:59:23.147,8.12629,8.12882,1.00,1.00
2015.10.19 17:59:33.675,8.12648,8.12901,1.00,1.57
2015.10.19 17:59:38.446,8.12648,8.12897,1.00,1.00
2015.10.19 17:59:38.772,8.12648,8.12897,1.00,1.37
2015.10.19 17:59:40.304,8.1261,8.12863,1.00,1.07
2015.10.19 17:59:41.826,8.1261,8.12857,1.00,1.00
2015.10.19 17:59:43.980,8.12567,8.1282,1.00,1.00
