2010.08.06 02:00:00.827,5.9843,5.9905,1.00,2.50
2010.08.06 02:00:00.955,5.9844,5.9905,1.00,2.40
2010.08.06 02:00:02.972,5.9846,5.9905,1.00,2.40
2010.08.06 02:00:03.987,5.9848,5.9905,1.00,2.40
2010.08.06 02:00:05.472,5.9846,5.9905,1.00,2.40
2010.08.06 02:00:06.133,5.9845,5.9905,1.00,2.40
2010.08.06 02:00:07.174,5.9844,5.9905,1.00,2.40
2010.08.06 02:00:07.565,5.9843,5.9905,1.00,2.50
2010.08.06 02:00:09.420,5.9844,5.9905,1.00,2.40
2010.08.06 02:00:10.143,5.9845,5.9905,1.00,2.40
2010.08.06 02:00:10.227,5.9846,5.9905,1.00,2.40
2010.08.06 02:00:10.328,5.9846,5.9905,1.00,2.40
2010.08.06 02:00:15.416,5.9847,5.9905,1.00,2.40
2010.08.06 02:00:22.900,5.9844,5.9905,1.00,2.40
2010.08.06 02:00:27.004,5.9846,5.9905,1.00,2.40
2010.08.06 02:00:29.851,5.9849,5.9905,1.00,2.40
2010.08.06 02:00:30.913,5.985,5.9905,1.00,2.40
2010.08.06 02:00:31.459,5.9849,5.9905,1.00,2.40
2010.08.06 02:00:32.771,5.9843,5.9905,1.00,2.50
2010.08.06 02:00:33.810,5.9842,5.9904,1.00,1.00
2010.08.06 02:00:41.203,5.9841,5.9903,1.00,1.00
2010.08.06 02:00:43.443,5.9842,5.9904,1.00,1.00
2010.08.06 02:00:46.656,5.9843,5.9905,1.00,2.40
2010.08.06 02:00:47.450,5.9843,5.9905,1.00,2.50
2010.08.06 02:00:48.881,5.9844,5.9905,1.00,2.40
2010.08.06 02:00:49.950,5.9845,5.9905,1.00,2.40
2010.08.06 02:00:52.911,5.984,5.9902,1.00,1.00
2010.08.06 02:00:56.165,5.9844,5.9905,1.00,2.40
2010.08.06 02:00:56.321,5.9844,5.9905,1.00,2.40
2010.08.06 02:01:03.771,5.9843,5.9905,1.00,2.40
2010.08.06 02:01:03.899,5.9843,5.9905,1.00,2.50
2010.08.06 02:01:04.856,5.9842,5.9904,1.00,1.00
2010.08.06 02:01:06.460,5.9841,5.9903,1.00,1.00
2010.08.06 02:01:08.200,5.984,5.9902,1.00,1.00
2010.08.06 02:01:09.867,5.9837,5.9899,1.00,1.00
2010.08.06 02:01:10.230,5.9838,5.99,1.00,1.00
2010.08.06 02:01:12.380,5.9837,5.9899,1.00,1.00
2010.08.06 02:01:13.530,5.9836,5.9898,1.00,1.00
2010.08.06 02:01:14.781,5.9837,5.9899,1.00,1.00
2010.08.06 02:01:23.141,5.984,5.9902,1.00,1.00
2010.08.06 02:01:23.311,5.9841,5.9903,1.00,1.00
2010.08.06 02:01:26.591,5.984,5.9902,1.00,1.00
2010.08.06 02:01:38.652,5.9839,5.9901,1.00,1.00
2010.08.06 02:01:44.627,5.9836,5.9898,1.00,1.00
2010.08.06 02:01:44.804,5.9837,5.9899,1.00,1.00
2010.08.06 02:01:45.149,5.9837,5.99,1.00,1.00
2010.08.06 02:01:47.594,5.9837,5.9899,1.00,1.00
2010.08.06 02:01:48.806,5.9839,5.9901,1.00,1.00
2010.08.06 02:01:50.293,5.984,5.9902,1.00,1.00
2010.08.06 02:01:50.815,5.9839,5.9901,1.00,1.00
2010.08.06 02:01:54.452,5.984,5.9902,1.00,1.00
2010.08.06 02:01:54.711,5.984,5.9902,1.00,1.00
2010.08.06 02:01:55.799,5.9839,5.9901,1.00,1.00
2010.08.06 02:01:57.768,5.984,5.9902,1.00,1.00
2010.08.06 02:02:18.612,5.9841,5.9903,1.00,1.00
2010.08.06 02:02:21.493,5.984,5.9902,1.00,1.00
2010.08.06 02:02:32.082,5.9841,5.9903,1.00,1.00
2010.08.06 02:02:53.673,5.984,5.9902,1.00,1.00
2010.08.06 02:02:54.847,5.9841,5.9903,1.00,1.00
2010.08.06 02:02:55.610,5.984,5.9902,1.00,1.00
2010.08.06 02:02:55.802,5.984,5.9902,1.00,1.00
2010.08.06 02:02:56.971,5.9841,5.9903,1.00,1.00
2010.08.06 02:03:01.261,5.984,5.9902,1.00,1.00
2010.08.06 02:03:01.494,5.9841,5.9903,1.00,1.00
2010.08.06 02:03:03.718,5.9842,5.9904,1.00,1.00
2010.08.06 02:03:16.650,5.9841,5.9903,1.00,1.00
2010.08.06 02:03:17.111,5.984,5.9902,1.00,1.00
2010.08.06 02:03:17.923,5.9839,5.9901,1.00,1.00
2010.08.06 02:03:36.140,5.9838,5.99,1.00,1.00
2010.08.06 02:03:49.724,5.9836,5.9898,1.00,1.00
2010.08.06 02:03:49.985,5.9837,5.9899,1.00,1.00
2010.08.06 02:03:52.323,5.9836,5.9898,1.00,1.00
2010.08.06 02:04:07.820,5.9834,5.9896,1.00,1.00
2010.08.06 02:04:09.359,5.9836,5.9898,1.00,1.00
2010.08.06 02:04:10.161,5.9837,5.9899,1.00,1.00
2010.08.06 02:04:15.521,5.9836,5.9898,1.00,1.00
2010.08.06 02:04:22.101,5.9835,5.9897,1.00,1.00
2010.08.06 02:04:23.690,5.9836,5.9898,1.00,1.00
2010.08.06 02:04:24.836,5.9837,5.9899,1.00,1.00
2010.08.06 02:04:25.016,5.9835,5.9897,1.00,1.00
2010.08.06 02:04:25.362,5.9837,5.9899,1.00,1.00
2010.08.06 02:04:26.487,5.9835,5.9897,1.00,1.00
2010.08.06 02:04:26.765,5.9835,5.9897,1.00,1.00
2010.08.06 02:04:27.044,5.9837,5.9899,1.00,1.00
2010.08.06 02:04:28.551,5.9836,5.9898,1.00,1.00
2010.08.06 02:04:47.570,5.9835,5.9897,1.00,1.00
2010.08.06 02:04:53.755,5.9831,5.9893,1.00,1.00
2010.08.06 02:04:54.800,5.983,5.9892,1.00,1.00
2010.08.06 02:04:55.009,5.9828,5.989,1.00,1.00
2010.08.06 02:04:55.888,5.9827,5.9889,1.00,1.00
2010.08.06 02:04:59.284,5.9829,5.9891,1.00,1.00
2010.08.06 02:04:59.552,5.983,5.9892,1.00,1.00
2010.08.06 02:05:10.955,5.9827,5.9889,1.00,1.00
2010.08.06 02:05:11.238,5.9826,5.9888,1.00,1.00
2010.08.06 02:05:14.431,5.9825,5.9887,1.00,1.00
2010.08.06 02:05:18.180,5.9826,5.9888,1.00,1.00
2010.08.06 02:05:28.721,5.9825,5.9887,1.00,1.00
2010.08.06 02:05:34.201,5.9824,5.9886,1.00,1.00
2010.08.06 02:05:34.602,5.9823,5.9885,1.00,1.00
2010.08.06 02:05:34.793,5.9821,5.9883,2.50,1.00
2010.08.06 02:05:35.940,5.982,5.9882,1.00,2.50
2010.08.06 02:05:38.904,5.9821,5.9882,1.00,2.40
2010.08.06 02:05:42.240,5.9822,5.9882,1.00,2.40
2010.08.06 02:05:43.117,5.9821,5.9882,1.00,2.40
2010.08.06 02:05:43.364,5.9822,5.9882,1.00,2.40
2010.08.06 02:05:46.303,5.9823,5.9882,1.00,2.40
2010.08.06 02:05:46.944,5.9824,5.9882,1.00,2.40
2010.08.06 02:05:48.730,5.9823,5.9882,1.00,2.40
2010.08.06 02:05:49.073,5.9824,5.9882,1.00,2.40
2010.08.06 02:05:50.346,5.9823,5.9882,1.00,2.40
2010.08.06 02:05:54.093,5.9824,5.9882,1.00,2.40
2010.08.06 02:06:05.169,5.9823,5.9882,1.00,2.40
2010.08.06 02:06:06.773,5.9824,5.9882,1.00,2.40
2010.08.06 02:06:07.082,5.9823,5.9882,1.00,2.40
2010.08.06 02:06:08.839,5.9822,5.9882,1.00,2.40
2010.08.06 02:06:08.953,5.9823,5.9882,1.00,2.40
2010.08.06 02:06:11.092,5.9824,5.9882,1.00,2.40
2010.08.06 02:06:13.031,5.9823,5.9882,1.00,2.40
2010.08.06 02:06:14.893,5.9822,5.9882,1.00,2.40
2010.08.06 02:06:21.269,5.9823,5.9882,1.00,2.40
2010.08.06 02:06:22.521,5.9821,5.9872,1.00,2.40
2010.08.06 02:06:24.902,5.9821,5.9868,1.00,1.00
2010.08.06 02:06:25.432,5.982,5.9861,1.00,1.00
2010.08.06 02:06:25.720,5.9821,5.9859,1.00,1.00
2010.08.06 02:06:27.172,5.982,5.9858,1.00,1.00
2010.08.06 02:06:27.430,5.982,5.9857,1.00,1.00
2010.08.06 02:06:28.292,5.982,5.9856,1.00,1.00
2010.08.06 02:06:40.603,5.9823,5.9859,1.00,1.00
2010.08.06 02:06:47.405,5.9818,5.9854,1.00,1.00
2010.08.06 02:06:47.711,5.9817,5.9853,1.00,1.00
2010.08.06 02:06:48.645,5.9816,5.9852,1.00,1.00
2010.08.06 02:06:50.604,5.9815,5.9851,1.00,1.00
2010.08.06 02:06:51.061,5.9817,5.98525,1.00,1.60
2010.08.06 02:06:51.302,5.9817,5.9853,1.00,1.00
2010.08.06 02:06:52.398,5.9818,5.9855,1.00,1.00
2010.08.06 02:06:52.747,5.9819,5.9856,1.00,1.00
2010.08.06 02:06:53.303,5.9819,5.9855,1.00,1.00
2010.08.06 02:06:53.831,5.9819,5.9856,1.00,1.00
2010.08.06 02:06:54.980,5.982,5.9856,1.00,1.00
2010.08.06 02:06:57.651,5.9819,5.9856,1.00,1.00
2010.08.06 02:06:58.141,5.9819,5.9855,1.00,1.00
2010.08.06 02:07:00.908,5.982,5.9856,1.00,1.00
2010.08.06 02:07:01.081,5.9819,5.9855,1.00,1.00
2010.08.06 02:07:01.621,5.982,5.9856,1.00,1.00
2010.08.06 02:07:04.585,5.9817,5.9854,1.00,1.00
2010.08.06 02:07:05.969,5.9818,5.9855,1.00,1.00
2010.08.06 02:07:06.226,5.9819,5.9855,1.00,1.00
2010.08.06 02:07:06.485,5.9819,5.9856,1.00,1.00
2010.08.06 02:07:07.294,5.9817,5.9853,1.00,1.00
2010.08.06 02:07:08.205,5.9816,5.9852,1.00,1.00
2010.08.06 02:07:08.365,5.9819,5.9855,1.00,1.00
2010.08.06 02:07:11.872,5.9819,5.9856,1.00,1.00
2010.08.06 02:07:12.572,5.982,5.9856,1.00,1.00
2010.08.06 02:07:13.294,5.982,5.9857,1.00,1.00
2010.08.06 02:07:13.722,5.982,5.9857,1.00,1.00
2010.08.06 02:07:14.437,5.9821,5.9857,1.00,1.00
2010.08.06 02:07:14.987,5.982,5.9857,1.00,1.00
2010.08.06 02:07:18.671,5.9821,5.9857,1.00,1.00
2010.08.06 02:07:19.221,5.982,5.9857,1.00,1.00
2010.08.06 02:07:21.261,5.9821,5.9857,1.00,1.00
2010.08.06 02:07:21.696,5.982,5.9856,1.00,1.00
2010.08.06 02:07:23.095,5.9821,5.9857,1.00,1.00
2010.08.06 02:08:00.431,5.9822,5.9858,1.00,1.00
2010.08.06 02:08:17.121,5.9821,5.9857,1.00,1.00
2010.08.06 02:08:36.800,5.982,5.9856,1.00,1.00
2010.08.06 02:08:42.990,5.9821,5.9857,1.00,1.70
2010.08.06 02:08:43.171,5.9821,5.9857,1.00,1.00
2010.08.06 02:08:45.445,5.9821,5.9857,1.00,1.70
2010.08.06 02:09:08.911,5.9821,5.9857,1.00,1.00
2010.08.06 02:09:11.611,5.9821,5.9857,1.00,1.70
2010.08.06 02:09:31.883,5.982,5.9856,1.00,1.00
2010.08.06 02:09:37.092,5.9818,5.9854,1.00,1.00
2010.08.06 02:09:38.389,5.9817,5.9853,1.00,1.00
2010.08.06 02:09:42.880,5.9818,5.9854,1.00,1.00
2010.08.06 02:09:43.291,5.9817,5.9853,1.00,1.00
2010.08.06 02:09:44.349,5.9816,5.9853,1.00,1.00
2010.08.06 02:09:44.661,5.9817,5.9854,1.00,1.00
2010.08.06 02:09:44.824,5.9818,5.9855,1.00,1.00
2010.08.06 02:09:46.094,5.9819,5.9855,1.00,1.00
2010.08.06 02:09:46.365,5.9818,5.9854,1.00,1.00
2010.08.06 02:09:46.908,5.9818,5.9855,1.00,1.00
2010.08.06 02:09:47.865,5.9819,5.9855,1.00,1.00
2010.08.06 02:09:53.232,5.9819,5.9856,1.00,1.00
2010.08.06 02:09:55.213,5.9819,5.9855,1.00,1.00
2010.08.06 02:09:57.542,5.9818,5.9855,1.00,1.00
2010.08.06 02:09:59.441,5.9818,5.9852,1.00,1.00
2010.08.06 02:10:00.963,5.9818,5.985,1.00,1.00
2010.08.06 02:10:01.057,5.982,5.9851,1.00,1.00
2010.08.06 02:10:05.494,5.9815,5.9847,1.00,1.00
2010.08.06 02:10:17.823,5.9814,5.9845,1.00,1.00
2010.08.06 02:10:17.996,5.9814,5.98445,1.00,1.60
2010.08.06 02:10:19.017,5.9815,5.98445,1.00,1.60
2010.08.06 02:10:19.346,5.9814,5.98445,1.00,1.60
2010.08.06 02:10:19.578,5.9815,5.98445,1.00,1.60
2010.08.06 02:10:19.694,5.9814,5.98445,1.00,1.60
2010.08.06 02:10:19.806,5.9814,5.98445,1.00,1.60
2010.08.06 02:10:20.839,5.9813,5.9844,1.00,1.00
2010.08.06 02:10:22.960,5.9814,5.98445,1.00,1.60
2010.08.06 02:10:23.160,5.9815,5.98445,1.00,1.60
2010.08.06 02:10:23.260,5.9814,5.98445,1.00,1.60
2010.08.06 02:10:28.482,5.9801,5.9843,1.00,1.00
2010.08.06 02:10:28.680,5.9788,5.9843,1.00,1.00
2010.08.06 02:10:30.308,5.979,5.9842,1.00,1.00
2010.08.06 02:10:30.634,5.9791,5.9842,1.00,1.00
2010.08.06 02:10:30.845,5.979,5.9841,1.00,1.00
2010.08.06 02:10:32.417,5.9791,5.9842,1.00,1.00
2010.08.06 02:10:32.623,5.979,5.9841,1.00,1.00
2010.08.06 02:10:33.106,5.9791,5.9842,1.00,1.00
2010.08.06 02:10:37.368,5.979,5.9841,1.00,1.00
2010.08.06 02:10:38.573,5.9788,5.9839,1.00,1.00
2010.08.06 02:10:40.113,5.9791,5.9842,1.00,1.00
2010.08.06 02:10:40.250,5.979,5.9841,1.00,1.00
2010.08.06 02:10:42.865,5.979,5.9841,1.00,1.00
2010.08.06 02:10:43.159,5.979,5.9842,1.00,1.00
2010.08.06 02:10:54.775,5.979,5.9841,1.00,1.00
2010.08.06 02:10:55.097,5.9791,5.9842,1.00,1.00
2010.08.06 02:10:55.211,5.9788,5.9839,1.00,1.00
2010.08.06 02:10:56.008,5.9786,5.9837,1.00,1.00
2010.08.06 02:10:56.145,5.9786,5.9837,1.00,1.00
2010.08.06 02:10:56.522,5.9787,5.9838,1.00,1.00
2010.08.06 02:10:57.823,5.9785,5.9836,1.00,1.00
2010.08.06 02:10:59.633,5.9787,5.9838,1.00,1.00
2010.08.06 02:11:13.502,5.9788,5.9839,1.00,1.00
2010.08.06 02:11:14.943,5.9787,5.9838,1.00,1.00
2010.08.06 02:11:21.692,5.9784,5.98355,1.00,1.60
2010.08.06 02:11:21.813,5.9782,5.9833,1.00,1.00
2010.08.06 02:11:22.704,5.9783,5.9835,1.00,1.00
2010.08.06 02:11:24.491,5.9784,5.9835,1.00,1.00
2010.08.06 02:11:25.660,5.9783,5.9834,1.00,1.00
2010.08.06 02:11:26.152,5.9784,5.9835,1.00,1.00
2010.08.06 02:11:35.122,5.9782,5.9833,1.00,1.00
2010.08.06 02:11:36.494,5.9783,5.9834,1.00,1.00
2010.08.06 02:11:45.016,5.9782,5.9833,1.00,1.00
2010.08.06 02:11:45.502,5.9783,5.9834,1.00,1.00
2010.08.06 02:11:53.552,5.9782,5.9833,1.00,1.00
2010.08.06 02:11:53.722,5.9781,5.9832,1.00,1.00
2010.08.06 02:11:54.745,5.9776,5.9828,1.00,1.00
2010.08.06 02:11:54.879,5.9775,5.9827,1.00,1.00
2010.08.06 02:11:56.136,5.9776,5.9828,1.00,1.00
2010.08.06 02:11:56.488,5.9778,5.983,1.00,1.00
2010.08.06 02:11:57.505,5.9779,5.9831,1.00,1.00
2010.08.06 02:11:58.905,5.9778,5.983,1.00,1.00
2010.08.06 02:11:59.201,5.9779,5.9831,1.00,1.00
2010.08.06 02:11:59.782,5.9778,5.983,1.00,1.00
2010.08.06 02:12:05.192,5.978,5.9831,1.00,1.00
2010.08.06 02:12:06.174,5.9781,5.9833,1.00,1.00
2010.08.06 02:12:06.497,5.9782,5.9834,1.00,1.00
2010.08.06 02:12:08.506,5.9781,5.9833,1.00,1.00
2010.08.06 02:12:11.992,5.978,5.9832,1.00,1.00
2010.08.06 02:12:13.087,5.978,5.9832,1.00,1.00
2010.08.06 02:12:14.157,5.978,5.9831,1.00,1.00
2010.08.06 02:12:17.043,5.9779,5.983,1.00,1.00
2010.08.06 02:12:19.010,5.9778,5.9829,1.00,1.00
2010.08.06 02:12:20.249,5.9777,5.9828,1.00,1.00
2010.08.06 02:12:21.158,5.9777,5.9829,1.00,1.00
2010.08.06 02:12:22.571,5.9777,5.983,1.00,1.00
2010.08.06 02:12:22.806,5.9777,5.9829,1.00,1.00
2010.08.06 02:12:23.571,5.9778,5.983,1.00,1.00
2010.08.06 02:12:23.897,5.9778,5.9829,1.00,1.00
2010.08.06 02:12:24.797,5.9777,5.9829,1.00,1.00
2010.08.06 02:12:30.072,5.9778,5.983,1.00,1.00
2010.08.06 02:12:30.365,5.9777,5.9829,1.00,1.00
2010.08.06 02:12:32.272,5.9778,5.983,1.00,1.00
2010.08.06 02:12:33.176,5.9777,5.9829,1.00,1.00
2010.08.06 02:12:34.234,5.9779,5.9831,1.00,1.00
2010.08.06 02:12:35.988,5.978,5.9831,1.00,1.00
2010.08.06 02:12:36.286,5.978,5.9832,1.00,1.00
2010.08.06 02:12:38.103,5.978,5.9831,1.00,1.00
2010.08.06 02:12:41.882,5.9778,5.983,1.00,1.00
2010.08.06 02:12:45.002,5.9778,5.983,1.00,1.00
2010.08.06 02:12:45.809,5.9779,5.983,1.00,1.00
2010.08.06 02:12:46.040,5.978,5.9832,1.00,1.00
2010.08.06 02:12:46.533,5.9779,5.9831,1.00,1.00
2010.08.06 02:12:47.341,5.9778,5.983,1.00,1.00
2010.08.06 02:12:48.623,5.9777,5.9829,1.00,1.00
2010.08.06 02:12:48.913,5.9782,5.9833,1.00,1.00
2010.08.06 02:12:49.815,5.9781,5.9833,1.00,1.00
2010.08.06 02:12:50.251,5.9782,5.9833,1.00,1.00
2010.08.06 02:12:50.921,5.9781,5.9833,1.00,1.00
2010.08.06 02:12:54.011,5.978,5.9831,1.00,1.00
2010.08.06 02:12:54.836,5.978,5.9831,1.00,1.00
2010.08.06 02:12:55.592,5.9779,5.983,1.00,1.00
2010.08.06 02:12:56.334,5.9783,5.9834,1.00,1.00
2010.08.06 02:12:57.186,5.9782,5.9833,1.00,1.00
2010.08.06 02:12:57.862,5.9783,5.9834,1.00,1.00
2010.08.06 02:13:00.471,5.9782,5.9833,1.00,1.00
2010.08.06 02:13:00.722,5.9782,5.9834,1.00,1.00
2010.08.06 02:13:02.966,5.9789,5.984,1.00,1.00
2010.08.06 02:13:03.475,5.9785,5.9836,1.00,1.00
2010.08.06 02:13:04.448,5.9785,5.9836,1.00,1.00
2010.08.06 02:13:05.133,5.9786,5.9838,1.00,1.00
2010.08.06 02:13:06.372,5.9785,5.9837,1.00,1.00
2010.08.06 02:13:06.563,5.9786,5.9838,1.00,1.00
2010.08.06 02:13:07.257,5.9785,5.9837,1.00,1.00
2010.08.06 02:13:09.127,5.9786,5.9838,1.00,1.00
2010.08.06 02:13:09.950,5.9785,5.9837,1.00,1.00
2010.08.06 02:13:10.716,5.9786,5.9838,1.00,1.00
2010.08.06 02:13:11.876,5.9785,5.9837,1.00,1.00
2010.08.06 02:13:13.651,5.9787,5.9838,1.00,1.00
2010.08.06 02:13:14.636,5.9785,5.9837,1.00,1.00
2010.08.06 02:13:16.215,5.9782,5.9834,1.00,1.00
2010.08.06 02:13:17.262,5.9783,5.9834,1.00,1.00
2010.08.06 02:13:17.953,5.9782,5.9834,1.00,1.00
2010.08.06 02:13:19.319,5.9784,5.9835,1.00,1.00
2010.08.06 02:13:21.306,5.9783,5.9834,1.00,1.00
2010.08.06 02:13:23.313,5.9778,5.983,1.00,1.00
2010.08.06 02:13:25.581,5.9782,5.9833,1.00,1.00
2010.08.06 02:13:25.733,5.9783,5.9834,1.00,1.00
2010.08.06 02:13:27.785,5.978,5.9832,1.00,1.00
2010.08.06 02:13:28.591,5.9781,5.9832,1.00,1.00
2010.08.06 02:13:28.870,5.9781,5.9832,1.00,1.00
2010.08.06 02:13:30.418,5.9782,5.9833,1.00,1.00
2010.08.06 02:13:31.242,5.9781,5.9833,1.00,1.00
2010.08.06 02:13:33.591,5.9781,5.9832,1.00,1.00
2010.08.06 02:13:36.815,5.9783,5.9834,1.00,1.00
2010.08.06 02:13:40.481,5.9784,5.9835,1.00,1.00
2010.08.06 02:13:40.602,5.9784,5.9835,1.00,1.00
2010.08.06 02:13:44.966,5.9785,5.9836,1.00,1.00
2010.08.06 02:13:45.454,5.9789,5.9839,1.00,2.40
2010.08.06 02:13:45.617,5.9789,5.984,1.00,1.00
2010.08.06 02:13:47.294,5.979,5.9841,1.00,1.00
2010.08.06 02:13:47.612,5.979,5.9841,1.00,1.00
2010.08.06 02:13:48.975,5.9789,5.984,1.00,1.00
2010.08.06 02:13:49.135,5.979,5.9841,1.00,1.00
2010.08.06 02:13:49.962,5.9789,5.984,1.00,1.00
2010.08.06 02:13:50.119,5.979,5.9841,1.00,1.00
2010.08.06 02:13:50.272,5.9789,5.984,1.00,1.00
2010.08.06 02:13:51.510,5.9787,5.9838,1.00,1.00
2010.08.06 02:13:51.762,5.9786,5.9838,1.00,1.00
2010.08.06 02:13:52.017,5.9786,5.9837,1.00,1.00
2010.08.06 02:13:52.265,5.9787,5.9838,1.00,1.00
2010.08.06 02:13:53.306,5.9786,5.9837,1.00,1.00
2010.08.06 02:13:55.607,5.9787,5.9838,1.00,1.00
2010.08.06 02:13:56.807,5.9788,5.9839,1.00,1.00
2010.08.06 02:13:57.432,5.9788,5.9839,1.00,1.00
2010.08.06 02:13:58.893,5.9787,5.9838,1.00,1.00
2010.08.06 02:13:59.333,5.9787,5.9839,1.00,1.00
2010.08.06 02:14:00.417,5.9787,5.9838,1.00,1.00
2010.08.06 02:14:00.654,5.9787,5.9839,1.00,1.00
2010.08.06 02:14:00.781,5.9787,5.9838,1.00,1.00
2010.08.06 02:14:01.432,5.9787,5.9839,1.00,1.00
2010.08.06 02:14:01.771,5.9787,5.9838,1.00,1.00
2010.08.06 02:14:03.421,5.9791,5.9842,1.00,1.00
2010.08.06 02:14:04.939,5.979,5.9841,1.00,1.00
2010.08.06 02:14:07.324,5.9794,5.9845,1.00,2.40
2010.08.06 02:14:07.513,5.9792,5.9843,1.00,1.00
2010.08.06 02:14:08.665,5.9791,5.9842,1.00,1.00
2010.08.06 02:14:13.262,5.979,5.9841,1.00,1.00
2010.08.06 02:14:13.712,5.9791,5.9842,1.00,1.00
2010.08.06 02:14:14.423,5.979,5.9841,1.00,1.00
2010.08.06 02:14:14.653,5.9789,5.984,1.00,1.00
2010.08.06 02:14:18.655,5.979,5.9841,1.00,1.00
2010.08.06 02:14:20.211,5.9789,5.984,1.00,1.00
2010.08.06 02:14:24.909,5.979,5.9841,1.00,1.00
2010.08.06 02:14:25.154,5.9789,5.984,1.00,1.00
2010.08.06 02:14:27.199,5.979,5.9841,1.00,1.00
2010.08.06 02:14:28.676,5.9791,5.9842,1.00,1.00
2010.08.06 02:14:29.718,5.9794,5.9845,1.00,2.50
2010.08.06 02:14:42.431,5.9793,5.9844,1.00,1.00
2010.08.06 02:14:46.146,5.9793,5.9844,1.00,1.00
2010.08.06 02:14:49.670,5.9793,5.9845,1.00,2.40
2010.08.06 02:14:52.622,5.9794,5.9845,1.00,2.50
2010.08.06 02:14:54.177,5.9793,5.9844,1.00,1.00
2010.08.06 02:14:54.657,5.9793,5.9844,1.00,1.00
2010.08.06 02:15:01.534,5.9794,5.9845,1.00,2.50
2010.08.06 02:15:01.567,5.9793,5.9844,1.00,1.00
2010.08.06 02:15:03.772,5.9794,5.9845,1.00,2.50
2010.08.06 02:15:05.343,5.9793,5.9844,1.00,1.00
2010.08.06 02:15:08.106,5.9794,5.9845,1.00,2.50
2010.08.06 02:15:09.294,5.9794,5.9845,1.00,1.00
2010.08.06 02:15:12.040,5.9796,5.9847,1.00,1.00
2010.08.06 02:15:12.243,5.9796,5.9847,1.00,1.00
2010.08.06 02:15:15.741,5.9797,5.9848,1.00,1.00
2010.08.06 02:15:18.411,5.9798,5.9849,1.00,1.00
2010.08.06 02:15:26.365,5.9801,5.9852,1.00,1.00
2010.08.06 02:15:26.515,5.98,5.9851,1.00,1.00
2010.08.06 02:15:27.376,5.98205,5.98685,4.00,1.00
2010.08.06 02:15:29.765,5.98245,5.98685,4.00,1.60
2010.08.06 02:15:29.872,5.98245,5.98685,4.00,1.00
2010.08.06 02:15:32.261,5.98245,5.987,4.00,1.00
2010.08.06 02:15:32.541,5.9823,5.987,4.00,1.00
2010.08.06 02:15:33.287,5.98205,5.98685,4.00,1.00
2010.08.06 02:15:41.092,5.9823,5.98685,4.00,1.00
2010.08.06 02:15:42.083,5.98205,5.98685,4.00,1.00
2010.08.06 02:15:48.199,5.98185,5.98665,4.00,1.00
2010.08.06 02:15:51.062,5.982,5.98755,4.00,1.00
2010.08.06 02:15:51.507,5.9818,5.9873,4.00,1.00
2010.08.06 02:15:51.688,5.982,5.98775,4.00,1.00
2010.08.06 02:15:52.551,5.98225,5.98795,8.00,1.00
2010.08.06 02:15:52.718,5.98245,5.98795,4.00,1.00
2010.08.06 02:15:56.755,5.98245,5.98795,4.00,1.60
2010.08.06 02:15:56.907,5.98225,5.98775,4.00,1.00
2010.08.06 02:16:08.171,5.98245,5.98795,4.00,1.00
2010.08.06 02:16:09.546,5.98245,5.98775,4.00,1.00
2010.08.06 02:16:09.897,5.98245,5.98795,4.00,1.00
2010.08.06 02:16:13.850,5.98225,5.98775,4.00,1.00
2010.08.06 02:16:13.995,5.98225,5.98755,4.00,1.00
2010.08.06 02:16:14.133,5.982,5.98755,8.00,1.00
2010.08.06 02:16:14.203,5.98225,5.98775,4.00,1.00
2010.08.06 02:16:14.932,5.98245,5.98775,4.00,1.00
2010.08.06 02:16:15.276,5.98225,5.98775,4.00,1.00
2010.08.06 02:16:18.092,5.982,5.98775,4.00,1.00
2010.08.06 02:16:18.442,5.982,5.98755,4.00,1.00
2010.08.06 02:16:18.585,5.9822,5.98775,4.00,1.00
2010.08.06 02:16:18.723,5.9822,5.98755,4.00,1.00
2010.08.06 02:16:18.865,5.982,5.98755,4.00,1.00
2010.08.06 02:16:19.002,5.9822,5.98755,4.00,1.00
2010.08.06 02:16:20.015,5.982,5.98755,4.00,1.00
2010.08.06 02:16:20.405,5.982,5.98775,4.00,1.00
2010.08.06 02:16:20.592,5.982,5.98755,4.00,1.00
2010.08.06 02:16:20.783,5.9822,5.98755,4.00,1.00
2010.08.06 02:16:20.976,5.982,5.98775,4.00,1.00
2010.08.06 02:16:22.010,5.982,5.98755,4.00,1.00
2010.08.06 02:16:22.145,5.9822,5.98755,4.00,1.00
2010.08.06 02:16:23.072,5.982,5.98775,4.00,1.00
2010.08.06 02:16:23.283,5.9822,5.98775,4.00,1.00
2010.08.06 02:16:23.502,5.98195,5.98755,4.00,1.00
2010.08.06 02:16:25.912,5.9822,5.98775,4.00,1.00
2010.08.06 02:16:28.274,5.98225,5.98775,4.00,1.00
2010.08.06 02:16:29.282,5.982,5.98755,4.00,1.00
2010.08.06 02:16:29.863,5.982,5.98775,4.00,1.00
2010.08.06 02:16:29.941,5.98225,5.98775,4.00,1.00
2010.08.06 02:16:32.439,5.98205,5.98775,4.00,1.00
2010.08.06 02:16:34.882,5.98225,5.98775,4.00,1.00
2010.08.06 02:16:35.802,5.98205,5.98775,4.00,1.00
2010.08.06 02:16:37.714,5.98225,5.98775,4.00,1.00
2010.08.06 02:16:38.241,5.98205,5.98775,4.00,1.00
2010.08.06 02:16:40.712,5.98225,5.98775,4.00,1.00
2010.08.06 02:16:42.619,5.98225,5.98755,4.00,1.00
2010.08.06 02:16:42.855,5.982,5.98755,4.00,1.00
2010.08.06 02:16:44.952,5.982,5.98775,4.00,1.00
2010.08.06 02:16:45.917,5.98225,5.98775,4.00,1.00
2010.08.06 02:16:46.403,5.9822,5.98775,4.00,1.00
2010.08.06 02:16:49.092,5.9822,5.98755,4.00,1.00
2010.08.06 02:16:49.324,5.982,5.98755,4.00,1.00
2010.08.06 02:16:50.672,5.98225,5.98775,4.00,1.00
2010.08.06 02:16:54.191,5.982,5.98755,8.00,1.00
2010.08.06 02:16:54.311,5.982,5.98755,4.00,1.00
2010.08.06 02:16:55.511,5.98245,5.9879,4.00,1.00
2010.08.06 02:16:55.754,5.98245,5.98775,4.00,1.00
2010.08.06 02:16:55.872,5.98225,5.98775,4.00,1.00
2010.08.06 02:16:58.507,5.982,5.98755,4.00,1.00
2010.08.06 02:17:00.033,5.98225,5.98775,4.00,1.00
2010.08.06 02:17:00.172,5.98225,5.98795,4.00,1.60
2010.08.06 02:17:00.946,5.98245,5.98795,4.00,1.60
2010.08.06 02:17:01.074,5.98245,5.98775,4.00,1.00
2010.08.06 02:17:01.313,5.98225,5.98775,4.00,1.00
2010.08.06 02:17:03.840,5.98235,5.98795,4.00,1.00
2010.08.06 02:17:10.762,5.98235,5.98815,4.00,1.60
2010.08.06 02:17:11.450,5.9827,5.98815,4.00,1.60
2010.08.06 02:17:11.563,5.9827,5.98815,4.00,1.00
2010.08.06 02:17:22.489,5.98245,5.98815,4.00,1.00
2010.08.06 02:17:22.613,5.98225,5.98775,4.00,1.00
2010.08.06 02:17:42.891,5.9832,5.98775,4.00,1.00
2010.08.06 02:17:43.021,5.9832,5.98795,4.00,1.00
2010.08.06 02:17:43.261,5.9832,5.99035,4.00,1.00
2010.08.06 02:18:26.361,5.98335,5.98995,4.00,1.00
2010.08.06 02:18:27.272,5.9834,5.98995,4.00,1.00
2010.08.06 02:18:32.951,5.98315,5.98995,8.00,1.00
2010.08.06 02:18:33.047,5.98315,5.9898,4.00,1.00
2010.08.06 02:18:36.422,5.98315,5.98995,4.00,1.00
2010.08.06 02:18:36.552,5.9834,5.98995,4.00,1.00
2010.08.06 02:18:49.325,5.9834,5.99015,4.00,1.00
2010.08.06 02:18:49.433,5.9836,5.99015,4.00,1.00
2010.08.06 02:19:02.662,5.98225,5.99015,4.00,1.00
2010.08.06 02:19:09.002,5.98245,5.99025,4.00,1.00
2010.08.06 02:19:09.144,5.9829,5.9906,4.00,1.00
2010.08.06 02:19:33.653,5.9829,5.99045,4.00,1.00
2010.08.06 02:19:33.963,5.9827,5.99045,4.00,1.00
2010.08.06 02:19:34.781,5.98225,5.99,4.00,1.00
2010.08.06 02:19:55.330,5.98245,5.99015,4.00,1.00
2010.08.06 02:20:17.633,5.9827,5.99015,4.00,1.00
2010.08.06 02:20:17.856,5.98285,5.99015,4.00,1.00
2010.08.06 02:20:20.867,5.9829,5.99015,4.00,1.00
2010.08.06 02:20:21.165,5.98315,5.99015,4.00,1.00
2010.08.06 02:20:22.855,5.9829,5.99015,4.00,1.00
2010.08.06 02:20:23.862,5.9827,5.99015,4.00,1.00
2010.08.06 02:20:28.415,5.9827,5.9904,4.00,1.00
2010.08.06 02:20:28.505,5.9827,5.99075,4.00,4.80
2010.08.06 02:20:51.673,5.98245,5.9905,4.00,4.00
2010.08.06 02:21:27.679,5.98245,5.9903,4.00,1.00
2010.08.06 02:21:27.857,5.98225,5.9903,4.00,4.80
2010.08.06 02:21:30.361,5.98225,5.99,4.00,1.00
2010.08.06 02:21:36.622,5.9825,5.99015,4.00,1.00
2010.08.06 02:21:37.777,5.98225,5.99,4.00,1.00
2010.08.06 02:22:06.540,5.98225,5.9898,4.00,1.00
2010.08.06 02:22:06.654,5.982,5.9898,4.00,1.00
2010.08.06 02:22:10.191,5.982,5.9895,4.00,1.00
2010.08.06 02:22:10.354,5.9818,5.9895,4.00,1.00
2010.08.06 02:22:11.048,5.9818,5.98935,4.00,1.00
2010.08.06 02:22:11.257,5.98155,5.98935,4.00,1.00
2010.08.06 02:22:18.136,5.9817,5.98935,4.00,1.00
2010.08.06 02:22:18.371,5.98195,5.9897,4.00,1.00
2010.08.06 02:22:20.353,5.982,5.9897,4.00,1.00
2010.08.06 02:22:20.676,5.9818,5.98955,4.00,1.00
2010.08.06 02:22:30.904,5.982,5.9897,4.00,1.00
2010.08.06 02:22:58.324,5.9818,5.98935,4.00,1.00
2010.08.06 02:22:58.715,5.98155,5.98935,8.00,1.00
2010.08.06 02:22:58.994,5.98155,5.98935,4.00,1.00
2010.08.06 02:23:03.482,5.98155,5.98935,8.00,1.00
2010.08.06 02:23:03.611,5.98155,5.98935,4.00,1.00
2010.08.06 02:23:05.711,5.98155,5.98955,4.00,1.00
2010.08.06 02:23:05.811,5.98155,5.98955,8.00,1.00
2010.08.06 02:23:05.912,5.9818,5.98955,4.00,1.00
2010.08.06 02:23:09.635,5.98155,5.98935,4.00,1.00
2010.08.06 02:23:53.394,5.9818,5.98935,4.00,1.00
2010.08.06 02:23:54.842,5.98155,5.98935,4.00,1.00
2010.08.06 02:24:05.498,5.98135,5.9891,4.00,1.00
2010.08.06 02:24:05.687,5.9811,5.9889,4.00,1.00
2010.08.06 02:24:05.875,5.9809,5.98865,4.00,1.00
2010.08.06 02:24:09.225,5.9811,5.9888,4.00,1.00
2010.08.06 02:24:16.202,5.9811,5.98845,4.00,1.00
2010.08.06 02:24:17.127,5.98065,5.98845,4.00,1.00
2010.08.06 02:24:18.026,5.98065,5.98845,8.00,1.00
2010.08.06 02:24:18.923,5.98065,5.98845,4.00,1.00
2010.08.06 02:24:27.152,5.9806,5.98845,4.00,1.00
2010.08.06 02:24:28.430,5.98065,5.98845,4.00,1.00
2010.08.06 02:24:34.008,5.98065,5.98865,4.00,1.60
2010.08.06 02:24:34.139,5.9808,5.98845,4.00,1.00
2010.08.06 02:24:34.264,5.98085,5.98845,4.00,1.00
2010.08.06 02:24:34.392,5.98065,5.98845,4.00,1.00
2010.08.06 02:24:37.743,5.98085,5.98865,4.00,1.00
2010.08.06 02:24:55.191,5.9809,5.98865,4.00,1.00
2010.08.06 02:25:14.439,5.9811,5.9888,4.00,1.00
2010.08.06 02:25:20.087,5.9811,5.9891,4.00,1.00
2010.08.06 02:25:20.433,5.98135,5.9891,4.00,1.00
2010.08.06 02:25:21.123,5.98135,5.9889,4.00,1.00
2010.08.06 02:25:21.312,5.9811,5.9889,4.00,1.00
2010.08.06 02:25:26.911,5.98135,5.98925,4.00,1.00
2010.08.06 02:25:48.165,5.98135,5.9889,4.00,1.00
2010.08.06 02:25:48.313,5.9811,5.98865,4.00,1.00
2010.08.06 02:25:48.462,5.9809,5.98865,4.00,1.00
2010.08.06 02:25:48.761,5.9809,5.9888,4.00,1.00
2010.08.06 02:25:48.913,5.98095,5.9888,4.00,1.00
2010.08.06 02:25:49.063,5.9809,5.9888,4.00,1.00
2010.08.06 02:25:50.087,5.98135,5.9891,4.00,1.00
2010.08.06 02:25:51.161,5.98135,5.9889,4.00,1.00
2010.08.06 02:25:51.362,5.98135,5.98905,4.00,1.00
2010.08.06 02:26:00.693,5.9811,5.98905,4.00,1.00
2010.08.06 02:26:01.566,5.98135,5.9891,4.00,1.00
2010.08.06 02:26:17.652,5.9813,5.9891,4.00,1.00
2010.08.06 02:26:21.532,5.9811,5.9889,4.00,1.00
2010.08.06 02:26:29.404,5.98135,5.9891,4.00,1.00
2010.08.06 02:26:38.762,5.98135,5.9889,4.00,1.00
2010.08.06 02:26:38.982,5.98135,5.98905,4.00,1.00
2010.08.06 02:26:50.883,5.9811,5.9889,4.00,1.00
2010.08.06 02:26:57.599,5.9811,5.9891,4.00,1.00
2010.08.06 02:26:57.855,5.98135,5.9891,4.00,1.00
2010.08.06 02:27:01.172,5.98135,5.98925,4.00,1.00
2010.08.06 02:27:01.444,5.98155,5.98925,4.00,1.00
2010.08.06 02:27:34.363,5.98155,5.9891,4.00,1.00
2010.08.06 02:27:35.240,5.98135,5.9891,4.00,1.00
2010.08.06 02:27:37.112,5.98155,5.9891,4.00,1.00
2010.08.06 02:27:37.262,5.98155,5.98925,4.00,1.00
2010.08.06 02:28:15.823,5.9818,5.98925,4.00,1.00
2010.08.06 02:28:16.667,5.9818,5.9897,4.00,1.00
2010.08.06 02:28:16.870,5.982,5.9897,4.00,1.00
2010.08.06 02:28:17.058,5.982,5.98955,4.00,1.00
2010.08.06 02:28:17.424,5.9818,5.98955,4.00,1.00
2010.08.06 02:28:20.360,5.9818,5.98935,4.00,1.00
2010.08.06 02:28:21.063,5.9818,5.98955,4.00,1.00
2010.08.06 02:28:27.526,5.9819,5.98955,4.00,1.00
2010.08.06 02:28:30.222,5.9819,5.9897,4.00,1.00
2010.08.06 02:28:30.352,5.982,5.9897,4.00,1.00
2010.08.06 02:29:07.802,5.98185,5.9897,4.00,1.00
2010.08.06 02:29:46.073,5.9817,5.98955,4.00,1.00
2010.08.06 02:30:01.505,5.98185,5.9897,4.00,1.00
2010.08.06 02:30:15.172,5.9817,5.98955,4.00,1.00
2010.08.06 02:30:20.292,5.9816,5.98955,4.00,1.00
2010.08.06 02:30:21.004,5.9817,5.98955,4.00,1.00
2010.08.06 02:30:32.234,5.98165,5.98955,4.00,1.00
2010.08.06 02:30:37.422,5.9817,5.98955,4.00,1.00
2010.08.06 02:30:38.570,5.98145,5.98935,4.00,1.00
2010.08.06 02:30:39.443,5.98135,5.98935,4.00,1.00
2010.08.06 02:30:44.064,5.98115,5.9891,4.00,1.00
2010.08.06 02:30:46.453,5.9812,5.9892,1.00,4.00
2010.08.06 02:30:47.405,5.98135,5.98925,4.00,1.00
2010.08.06 02:30:50.163,5.9816,5.98955,4.00,1.00
2010.08.06 02:30:50.866,5.9816,5.98935,4.00,1.00
2010.08.06 02:30:51.097,5.98135,5.9891,4.00,1.00
2010.08.06 02:30:52.033,5.98115,5.9891,4.00,1.00
2010.08.06 02:31:13.283,5.9809,5.9889,4.00,1.00
2010.08.06 02:31:19.231,5.9809,5.9885,4.00,2.40
2010.08.06 02:31:19.322,5.9809,5.98765,4.00,4.00
2010.08.06 02:31:19.382,5.98075,5.98745,1.00,4.00
2010.08.06 02:31:19.533,5.98075,5.9873,1.00,4.00
2010.08.06 02:31:19.599,5.98075,5.98705,1.00,4.00
2010.08.06 02:31:19.762,5.9793,5.98705,1.00,4.00
2010.08.06 02:31:39.623,5.9795,5.98705,1.00,8.00
2010.08.06 02:31:39.803,5.97945,5.98705,1.00,4.00
2010.08.06 02:31:40.849,5.97945,5.98685,1.00,4.00
2010.08.06 02:31:41.110,5.97925,5.98685,1.00,4.00
2010.08.06 02:31:43.610,5.97905,5.9866,1.00,4.00
2010.08.06 02:31:48.635,5.9794,5.9866,1.00,4.00
2010.08.06 02:31:48.764,5.9794,5.98705,1.00,4.00
2010.08.06 02:31:50.156,5.9797,5.9873,1.00,4.00
2010.08.06 02:31:53.390,5.9795,5.98705,1.00,4.00
2010.08.06 02:31:53.615,5.9793,5.98685,1.00,4.00
2010.08.06 02:31:53.835,5.97925,5.98685,1.00,4.00
2010.08.06 02:32:26.117,5.97905,5.9866,1.00,4.00
2010.08.06 02:32:28.848,5.97905,5.98685,1.00,4.00
2010.08.06 02:32:30.047,5.97905,5.9866,1.00,4.00
2010.08.06 02:32:30.742,5.97925,5.9866,1.00,4.00
2010.08.06 02:32:31.430,5.97925,5.98685,1.00,4.00
2010.08.06 02:32:36.292,5.97905,5.98685,1.00,4.00
2010.08.06 02:32:36.534,5.97905,5.9866,1.00,4.00
2010.08.06 02:32:42.341,5.97925,5.98685,1.00,4.00
2010.08.06 02:32:45.077,5.97905,5.9866,1.00,4.00
2010.08.06 02:32:56.221,5.97925,5.98685,1.00,4.00
2010.08.06 02:33:01.713,5.97925,5.9866,1.00,4.00
2010.08.06 02:33:02.016,5.97905,5.9866,1.00,4.00
2010.08.06 02:33:02.163,5.97925,5.9866,1.00,4.00
2010.08.06 02:33:02.983,5.97925,5.98685,1.00,4.00
2010.08.06 02:33:05.010,5.97905,5.9866,1.00,4.00
2010.08.06 02:33:07.052,5.97925,5.98685,1.00,4.00
2010.08.06 02:33:07.413,5.97925,5.9867,1.00,4.00
2010.08.06 02:33:08.413,5.97925,5.98685,1.00,4.00
2010.08.06 02:33:20.290,5.97945,5.98685,1.00,4.00
2010.08.06 02:33:20.441,5.97925,5.98685,1.00,4.00
2010.08.06 02:33:44.014,5.97945,5.98685,1.00,4.00
2010.08.06 02:33:44.094,5.97945,5.98705,1.00,4.00
2010.08.06 02:33:44.213,5.97925,5.98705,1.00,8.00
2010.08.06 02:33:44.298,5.97925,5.98685,1.00,4.00
2010.08.06 02:33:45.429,5.97925,5.98705,1.00,4.00
2010.08.06 02:33:46.523,5.97945,5.98705,1.00,4.00
2010.08.06 02:33:46.714,5.97925,5.98705,1.00,8.00
2010.08.06 02:33:46.902,5.97925,5.98685,1.00,4.00
2010.08.06 02:33:48.526,5.97945,5.98685,1.00,4.00
2010.08.06 02:33:48.793,5.97945,5.98705,1.00,4.00
2010.08.06 02:33:49.244,5.97925,5.98705,1.00,8.00
2010.08.06 02:33:50.827,5.97925,5.98685,1.00,4.00
2010.08.06 02:33:56.183,5.97945,5.98685,1.00,4.00
2010.08.06 02:33:56.343,5.97945,5.98705,1.00,4.00
2010.08.06 02:33:57.573,5.97925,5.98705,1.00,8.00
2010.08.06 02:33:57.666,5.97925,5.98685,1.00,4.00
2010.08.06 02:34:03.953,5.97945,5.98705,1.00,4.00
2010.08.06 02:34:04.052,5.9797,5.98705,1.00,4.00
2010.08.06 02:34:04.154,5.9797,5.9873,1.00,4.00
2010.08.06 02:34:04.890,5.9797,5.98705,1.00,4.00
2010.08.06 02:34:04.999,5.97925,5.98685,1.00,4.00
2010.08.06 02:34:06.745,5.97965,5.98685,1.00,4.00
2010.08.06 02:34:06.915,5.97955,5.9873,1.00,4.00
2010.08.06 02:34:07.786,5.97925,5.98685,1.00,4.00
2010.08.06 02:34:08.224,5.97945,5.98705,1.00,4.00
2010.08.06 02:34:09.737,5.97925,5.98685,1.00,4.00
2010.08.06 02:34:11.294,5.9797,5.98685,1.00,4.00
2010.08.06 02:34:12.025,5.9797,5.9873,1.00,4.00
2010.08.06 02:34:12.874,5.9797,5.98715,1.00,4.00
2010.08.06 02:34:12.962,5.9795,5.98715,1.00,4.00
2010.08.06 02:34:13.053,5.9795,5.98705,1.00,4.00
2010.08.06 02:34:14.245,5.9795,5.98685,1.00,4.00
2010.08.06 02:34:14.298,5.97925,5.98685,1.00,4.00
2010.08.06 02:34:17.346,5.97945,5.98695,1.00,4.00
2010.08.06 02:34:17.514,5.97965,5.9873,1.00,4.00
2010.08.06 02:34:43.753,5.97985,5.9875,1.00,8.00
2010.08.06 02:34:43.913,5.97985,5.9875,1.00,4.00
2010.08.06 02:35:22.304,5.9797,5.9873,1.00,4.00
2010.08.06 02:36:19.580,5.9799,5.9873,1.00,4.00
2010.08.06 02:36:19.647,5.9799,5.9875,1.00,4.00
2010.08.06 02:36:22.224,5.9799,5.9873,1.00,4.00
2010.08.06 02:36:22.343,5.9797,5.9873,1.00,4.00
2010.08.06 02:36:40.205,5.9797,5.9875,1.00,4.00
2010.08.06 02:36:41.075,5.9799,5.9875,1.00,4.00
2010.08.06 02:36:52.791,5.9797,5.9875,1.00,4.00
2010.08.06 02:36:53.087,5.9797,5.9873,1.00,4.00
2010.08.06 02:37:33.119,5.9795,5.9873,1.00,4.00
2010.08.06 02:37:33.221,5.9794,5.98705,1.00,4.00
2010.08.06 02:37:35.962,5.97925,5.98685,1.00,4.00
2010.08.06 02:38:22.724,5.97905,5.9866,1.00,4.00
2010.08.06 02:38:27.055,5.97925,5.98685,1.00,4.00
2010.08.06 02:38:35.472,5.97905,5.98685,1.00,4.00
2010.08.06 02:38:35.646,5.97905,5.9866,1.00,4.00
2010.08.06 02:38:38.806,5.97925,5.98685,1.00,4.00
2010.08.06 02:38:44.263,5.97925,5.9866,1.00,4.00
2010.08.06 02:38:44.394,5.97905,5.9866,1.00,4.00
2010.08.06 02:38:53.378,5.9788,5.9864,1.00,4.00
2010.08.06 02:38:53.633,5.97815,5.98595,1.00,4.00
2010.08.06 02:38:53.890,5.97815,5.9857,1.00,4.00
2010.08.06 02:38:57.558,5.97795,5.98545,1.00,4.00
2010.08.06 02:38:57.738,5.9779,5.98545,1.00,4.00
2010.08.06 02:38:59.523,5.97805,5.9857,1.00,4.00
2010.08.06 02:39:01.820,5.9785,5.98615,1.00,4.00
2010.08.06 02:39:08.224,5.9785,5.98655,4.30,4.80
2010.08.06 02:39:13.645,5.9788,5.98655,1.00,4.00
2010.08.06 02:39:14.792,5.9788,5.98675,1.00,4.00
2010.08.06 02:39:19.608,5.9788,5.98655,1.00,4.00
2010.08.06 02:39:20.548,5.9788,5.98675,1.00,4.00
2010.08.06 02:39:26.295,5.9788,5.9866,1.00,4.00
2010.08.06 02:39:26.992,5.9786,5.9866,4.30,4.00
2010.08.06 02:39:27.283,5.97835,5.9863,1.00,4.00
2010.08.06 02:39:38.279,5.9788,5.98675,1.00,4.00
2010.08.06 02:39:48.861,5.97835,5.9863,1.00,4.00
2010.08.06 02:39:53.187,5.9785,5.98655,4.30,8.80
2010.08.06 02:39:53.264,5.9785,5.98655,4.30,4.80
2010.08.06 02:39:57.300,5.9787,5.98655,4.00,1.00
2010.08.06 02:39:57.390,5.9788,5.98675,1.00,4.00
2010.08.06 02:39:59.696,5.97895,5.98675,1.00,4.00
2010.08.06 02:40:00.480,5.97895,5.987,4.30,4.80
2010.08.06 02:40:15.835,5.97905,5.987,4.00,1.00
2010.08.06 02:40:16.764,5.97895,5.987,4.30,4.80
2010.08.06 02:40:21.564,5.97905,5.987,4.00,1.00
2010.08.06 02:40:22.325,5.97895,5.987,4.30,4.80
2010.08.06 02:40:34.157,5.9788,5.98675,1.00,4.00
2010.08.06 02:40:34.517,5.97895,5.98675,1.00,4.00
2010.08.06 02:40:35.218,5.97895,5.987,4.30,4.80
2010.08.06 02:40:35.489,5.9788,5.98675,1.00,4.00
2010.08.06 02:41:10.875,5.97895,5.987,4.30,4.80
2010.08.06 02:41:12.239,5.9788,5.98675,1.00,4.00
2010.08.06 02:41:34.805,5.97895,5.98685,1.00,4.00
2010.08.06 02:41:35.734,5.9788,5.98675,1.00,4.00
2010.08.06 02:41:46.683,5.97875,5.98675,1.00,4.00
2010.08.06 02:41:46.805,5.97875,5.9866,1.00,4.00
2010.08.06 02:41:47.511,5.97875,5.9863,1.00,4.00
2010.08.06 02:41:47.705,5.97835,5.9863,1.00,4.00
2010.08.06 02:41:49.986,5.9785,5.98655,4.30,4.80
2010.08.06 02:41:52.713,5.97895,5.98655,1.00,4.00
2010.08.06 02:41:52.914,5.9788,5.98655,1.00,4.00
2010.08.06 02:41:53.015,5.9788,5.98675,1.00,4.00
2010.08.06 02:41:58.433,5.97895,5.98685,1.00,4.00
2010.08.06 02:41:58.853,5.97895,5.987,4.30,4.80
2010.08.06 02:41:59.798,5.9788,5.98675,1.00,4.00
2010.08.06 02:42:00.964,5.97895,5.987,4.30,8.80
2010.08.06 02:42:01.757,5.97895,5.987,4.30,4.80
2010.08.06 02:42:06.834,5.97905,5.987,4.00,1.00
2010.08.06 02:42:06.973,5.97895,5.987,4.30,4.80
2010.08.06 02:42:09.375,5.97895,5.98685,4.00,1.00
2010.08.06 02:42:09.645,5.9788,5.98675,1.00,4.00
2010.08.06 02:42:32.825,5.97895,5.98685,4.00,1.00
2010.08.06 02:42:33.034,5.97895,5.987,4.30,4.80
2010.08.06 02:42:34.175,5.97895,5.98675,1.00,4.00
2010.08.06 02:42:34.389,5.9788,5.98675,1.00,4.00
2010.08.06 02:42:40.273,5.97895,5.98675,1.00,4.00
2010.08.06 02:42:41.068,5.97895,5.987,4.30,4.80
2010.08.06 02:42:41.230,5.9788,5.98675,1.00,4.00
2010.08.06 02:42:42.697,5.9786,5.98655,1.00,4.00
2010.08.06 02:42:54.834,5.9787,5.98665,4.00,1.00
2010.08.06 02:42:54.914,5.9788,5.98675,1.00,4.00
2010.08.06 02:43:06.344,5.97895,5.987,4.30,8.80
2010.08.06 02:43:07.338,5.97895,5.98685,4.00,1.00
2010.08.06 02:43:07.594,5.9788,5.98675,1.00,4.00
2010.08.06 02:43:39.669,5.9788,5.98685,4.30,4.80
2010.08.06 02:43:43.283,5.9788,5.98675,1.00,4.00
2010.08.06 02:43:53.188,5.97895,5.98685,4.00,1.00
2010.08.06 02:43:53.299,5.9788,5.98675,1.00,8.00
2010.08.06 02:43:53.406,5.9788,5.98655,1.00,4.00
2010.08.06 02:43:53.508,5.9786,5.98655,1.00,4.00
2010.08.06 02:44:09.495,5.9788,5.98675,1.00,4.00
2010.08.06 02:44:25.004,5.9786,5.98655,1.00,4.00
2010.08.06 02:45:00.625,5.9785,5.9865,4.00,1.00
2010.08.06 02:45:01.580,5.97845,5.9863,1.00,4.00
2010.08.06 02:45:02.092,5.9785,5.9865,4.00,1.00
2010.08.06 02:45:06.624,5.97835,5.9863,1.00,4.00
2010.08.06 02:45:38.204,5.9785,5.98655,4.30,4.80
2010.08.06 02:45:39.510,5.97835,5.9863,1.00,4.00
2010.08.06 02:45:50.718,5.9785,5.98655,4.30,8.80
2010.08.06 02:45:50.759,5.9785,5.98655,4.30,4.80
2010.08.06 02:46:41.787,5.9788,5.98675,1.00,4.00
2010.08.06 02:47:15.754,5.97895,5.987,4.30,4.80
2010.08.06 02:48:16.237,5.97895,5.987,1.00,1.00
2010.08.06 02:48:58.264,5.97905,5.987,4.00,1.00
2010.08.06 02:48:59.435,5.97895,5.987,4.30,4.80
2010.08.06 02:49:14.038,5.97905,5.987,4.00,1.00
2010.08.06 02:49:14.253,5.97895,5.987,4.30,4.80
2010.08.06 02:49:33.469,5.97895,5.98675,1.00,4.00
2010.08.06 02:49:33.675,5.9788,5.98675,1.00,4.00
2010.08.06 02:50:25.914,5.97895,5.98685,4.00,1.00
2010.08.06 02:50:26.035,5.97895,5.987,4.30,4.80
2010.08.06 02:50:47.572,5.979,5.987,1.00,4.80
2010.08.06 02:50:48.184,5.97895,5.987,4.30,4.80
2010.08.06 02:51:11.080,5.97925,5.987,1.00,4.00
2010.08.06 02:51:11.134,5.97925,5.9872,1.00,5.20
2010.08.06 02:51:19.044,5.97925,5.987,1.00,4.00
2010.08.06 02:51:19.183,5.97905,5.987,1.00,4.00
2010.08.06 02:51:23.934,5.97925,5.9872,1.00,5.20
2010.08.06 02:51:24.064,5.97925,5.987,1.00,4.00
2010.08.06 02:51:24.947,5.97925,5.9872,1.00,5.20
2010.08.06 02:52:26.787,5.97925,5.9872,1.00,1.20
2010.08.06 02:53:24.143,5.97925,5.9873,1.00,1.00
2010.08.06 02:53:24.996,5.9794,5.98745,4.30,4.80
2010.08.06 02:54:18.884,5.9794,5.98745,4.40,4.80
2010.08.06 02:54:19.036,5.97965,5.98755,4.00,1.00
2010.08.06 02:54:19.184,5.9797,5.98765,1.00,4.00
2010.08.06 02:54:37.446,5.97985,5.98775,4.00,1.00
2010.08.06 02:54:37.614,5.97985,5.9879,4.30,4.80
2010.08.06 02:55:13.204,5.97985,5.98775,4.00,1.00
2010.08.06 02:55:13.334,5.9797,5.98765,1.00,4.00
2010.08.06 02:55:37.154,5.9795,5.98745,1.00,4.00
2010.08.06 02:55:49.620,5.9797,5.98765,1.00,4.00
2010.08.06 02:55:50.245,5.97985,5.98765,1.00,4.00
2010.08.06 02:55:51.293,5.97985,5.9879,4.30,4.80
2010.08.06 02:55:51.640,5.9797,5.98765,1.00,4.00
2010.08.06 02:56:00.335,5.9799,5.9879,1.00,4.80
2010.08.06 02:56:01.397,5.9799,5.9878,1.00,4.00
2010.08.06 02:56:02.982,5.9799,5.98745,1.00,4.00
2010.08.06 02:56:03.105,5.97955,5.98745,1.00,4.00
2010.08.06 02:56:04.347,5.97955,5.98755,1.00,4.00
2010.08.06 02:56:05.960,5.97955,5.98745,1.00,4.00
2010.08.06 02:56:23.958,5.97925,5.9872,1.00,4.00
2010.08.06 02:56:38.508,5.97915,5.9871,4.00,1.00
2010.08.06 02:56:39.434,5.97905,5.987,1.00,4.00
2010.08.06 02:56:59.493,5.9788,5.98675,1.00,4.00
2010.08.06 02:57:02.234,5.9788,5.98655,1.00,4.00
2010.08.06 02:57:02.273,5.9786,5.98655,1.00,4.00
2010.08.06 02:57:13.659,5.9788,5.98675,1.00,4.00
2010.08.06 02:57:19.017,5.97895,5.987,4.30,4.80
2010.08.06 02:58:05.084,5.97895,5.987,4.00,4.00
2010.08.06 02:58:19.942,5.97865,5.9873,1.00,1.00
2010.08.06 02:58:38.275,5.9789,5.9873,1.00,1.00
2010.08.06 02:58:38.535,5.97905,5.9871,4.00,4.00
2010.08.06 02:58:40.846,5.97895,5.987,4.00,4.00
2010.08.06 02:59:02.379,5.97895,5.987,4.30,4.80
2010.08.06 02:59:10.737,5.9794,5.987,1.00,4.00
2010.08.06 02:59:10.856,5.9794,5.98745,4.30,4.80
2010.08.06 02:59:10.976,5.9794,5.9873,4.00,1.00
2010.08.06 02:59:11.095,5.97925,5.9872,1.00,4.00
2010.08.06 02:59:13.826,5.97905,5.987,1.00,4.00
2010.08.06 02:59:36.703,5.9794,5.987,1.00,4.00
2010.08.06 02:59:36.829,5.9794,5.98745,4.30,4.80
2010.08.06 02:59:46.247,5.9794,5.98745,4.40,4.80
2010.08.06 02:59:47.091,5.9794,5.98745,4.40,4.80
2010.08.06 02:59:55.276,5.97945,5.98745,1.00,4.80
2010.08.06 02:59:55.519,5.9797,5.98765,1.00,4.00
2010.08.06 02:59:55.755,5.97965,5.98755,4.00,1.00
2010.08.06 02:59:55.997,5.9795,5.98745,1.00,4.00
