2015.03.23 22:00:36.659,7.87452,7.88949,0.75,0.97
2015.03.23 22:00:36.946,7.87483,7.88949,0.75,0.97
2015.03.23 22:00:37.867,7.87493,7.88949,0.75,0.97
2015.03.23 22:00:37.993,7.87482,7.88949,0.75,0.97
2015.03.23 22:00:38.072,7.87493,7.88949,0.75,0.97
2015.03.23 22:00:38.399,7.87472,7.88949,0.75,0.97
2015.03.23 22:00:38.587,7.87462,7.88949,0.75,0.97
2015.03.23 22:00:39.115,7.87472,7.88949,0.75,0.97
2015.03.23 22:00:39.355,7.87462,7.88949,0.75,0.97
2015.03.23 22:00:40.025,7.87472,7.88949,0.75,0.97
2015.03.23 22:00:41.240,7.87462,7.88949,0.75,0.97
2015.03.23 22:00:41.342,7.87472,7.88949,0.75,0.97
2015.03.23 22:00:41.650,7.87462,7.88949,0.75,0.97
2015.03.23 22:00:42.365,7.87472,7.88949,0.75,0.97
2015.03.23 22:00:42.668,7.87482,7.88949,0.75,0.97
2015.03.23 22:00:43.072,7.87462,7.88949,0.75,0.97
2015.03.23 22:00:43.997,7.87453,7.88949,0.75,0.97
2015.03.23 22:00:44.452,7.87453,7.88945,0.75,0.37
2015.03.23 22:00:45.100,7.87452,7.88945,0.75,0.37
2015.03.23 22:00:48.051,7.87462,7.88945,0.75,0.37
2015.03.23 22:00:48.155,7.87452,7.88945,0.75,0.37
2015.03.23 22:00:57.038,7.8755,7.88971,0.37,0.37
2015.03.23 22:00:58.947,7.87473,7.88936,0.37,0.37
2015.03.23 22:01:05.728,7.87482,7.88936,0.75,0.37
2015.03.23 22:01:06.137,7.87473,7.88936,0.37,0.37
2015.03.23 22:01:06.753,7.87492,7.88936,0.75,0.37
2015.03.23 22:01:07.072,7.87512,7.88936,0.75,0.37
2015.03.23 22:01:07.658,7.87522,7.88936,0.75,0.37
2015.03.23 22:01:08.017,7.87543,7.88936,0.75,0.37
2015.03.23 22:01:08.779,7.87552,7.88936,0.75,0.37
2015.03.23 22:01:09.604,7.87553,7.88936,0.75,0.37
2015.03.23 22:01:09.970,7.87562,7.88936,0.75,0.37
2015.03.23 22:01:13.339,7.87732,7.88934,0.37,0.37
2015.03.23 22:01:13.642,7.87862,7.88817,0.75,0.75
2015.03.23 22:01:13.965,7.87983,7.88818,0.75,0.75
2015.03.23 22:01:14.167,7.87983,7.88827,0.75,0.75
2015.03.23 22:01:14.519,7.87983,7.88848,0.75,0.75
2015.03.23 22:01:14.721,7.88064,7.88847,0.75,0.75
2015.03.23 22:01:15.233,7.88064,7.88848,0.75,0.75
2015.03.23 22:01:15.574,7.8814,7.88847,0.75,0.75
2015.03.23 22:01:16.081,7.8814,7.88848,0.75,0.75
2015.03.23 22:01:16.569,7.88214,7.88848,0.75,0.75
2015.03.23 22:01:17.214,7.88259,7.88848,0.75,0.75
2015.03.23 22:01:17.939,7.88259,7.88847,0.75,0.75
2015.03.23 22:01:18.040,7.88259,7.88858,0.75,0.75
2015.03.23 22:01:18.327,7.88303,7.88858,0.75,0.75
2015.03.23 22:01:21.159,7.88303,7.88888,0.75,0.75
2015.03.23 22:01:21.901,7.88303,7.88887,0.75,0.75
2015.03.23 22:01:22.078,7.88242,7.88887,0.75,0.75
2015.03.23 22:01:22.179,7.88288,7.8909,0.37,1.50
2015.03.23 22:01:22.280,7.88311,7.89262,0.37,0.75
2015.03.23 22:01:22.337,7.88311,7.89428,0.37,0.75
2015.03.23 22:01:22.388,7.88429,7.89428,0.37,0.75
2015.03.23 22:01:22.439,7.88429,7.89457,0.37,0.75
2015.03.23 22:01:22.943,7.88429,7.89458,0.37,0.75
2015.03.23 22:01:23.216,7.88252,7.89627,0.75,0.75
2015.03.23 22:01:23.833,7.88252,7.89628,0.75,0.75
2015.03.23 22:01:23.944,7.88252,7.89648,0.75,0.75
2015.03.23 22:01:23.995,7.88448,7.89648,0.97,0.75
2015.03.23 22:01:24.146,7.88448,7.89678,0.97,0.75
2015.03.23 22:01:24.254,7.88617,7.89678,0.37,0.75
2015.03.23 22:01:24.609,7.88653,7.89708,0.37,0.75
2015.03.23 22:01:25.045,7.88653,7.89698,0.37,0.75
2015.03.23 22:01:25.146,7.88655,7.90037,0.37,0.75
2015.03.23 22:01:25.288,7.88758,7.90037,0.37,0.75
2015.03.23 22:01:25.439,7.88763,7.90057,0.37,0.75
2015.03.23 22:01:25.490,7.88766,7.90057,0.37,0.75
2015.03.23 22:01:25.814,7.88765,7.90048,0.37,0.75
2015.03.23 22:01:26.220,7.88731,7.90048,0.37,0.75
2015.03.23 22:01:26.959,7.88731,7.90068,0.37,0.75
2015.03.23 22:01:27.115,7.88752,7.90068,0.37,0.75
2015.03.23 22:01:27.317,7.88946,7.90351,0.97,0.97
2015.03.23 22:01:27.419,7.89251,7.90498,0.97,0.75
2015.03.23 22:01:27.520,7.89231,7.90498,0.97,0.75
2015.03.23 22:01:28.507,7.88883,7.90288,0.97,0.97
2015.03.23 22:01:29.318,7.88925,7.90307,0.97,0.97
2015.03.23 22:01:29.419,7.88905,7.90304,0.97,0.97
2015.03.23 22:01:30.024,7.88913,7.90323,0.97,0.97
2015.03.23 22:01:46.530,7.88945,7.90135,0.97,0.97
2015.03.23 22:02:05.595,7.88945,7.90387,0.97,0.75
2015.03.23 22:02:05.696,7.88945,7.90407,0.97,0.75
2015.03.23 22:02:06.315,7.88945,7.90398,0.97,0.75
2015.03.23 22:02:06.380,7.88945,7.90408,0.97,0.75
2015.03.23 22:02:06.484,7.88945,7.90398,0.97,0.75
2015.03.23 22:02:11.009,7.88878,7.90377,0.97,0.75
2015.03.23 22:02:14.961,7.88878,7.90367,0.97,0.75
2015.03.23 22:02:15.766,7.88878,7.90378,0.97,0.75
2015.03.23 22:02:16.588,7.88878,7.90368,0.97,0.75
2015.03.23 22:02:20.180,7.88878,7.90358,0.97,0.75
2015.03.23 22:02:20.911,7.88878,7.90368,0.97,0.75
2015.03.23 22:02:21.171,7.88878,7.90358,0.97,0.75
2015.03.23 22:02:34.844,7.89051,7.90536,0.97,0.97
2015.03.23 22:02:35.152,7.89051,7.90528,0.97,0.75
2015.03.23 22:02:35.203,7.89051,7.90536,0.97,0.97
2015.03.23 22:02:35.306,7.89051,7.90528,0.97,0.75
2015.03.23 22:02:35.645,7.89051,7.90498,0.97,0.75
2015.03.23 22:02:36.171,7.89051,7.90477,0.97,0.75
2015.03.23 22:02:36.473,7.89051,7.90488,0.97,0.75
2015.03.23 22:02:36.744,7.89051,7.90498,0.97,0.75
2015.03.23 22:02:37.407,7.89051,7.90507,0.97,0.75
2015.03.23 22:02:38.017,7.89051,7.90518,0.97,0.75
2015.03.23 22:02:38.896,7.89051,7.90508,0.97,0.75
2015.03.23 22:02:39.207,7.89051,7.90518,0.97,0.75
2015.03.23 22:02:40.096,7.89051,7.90458,0.97,0.75
2015.03.23 22:02:40.555,7.89051,7.90536,0.97,0.97
2015.03.23 22:02:42.255,7.88824,7.90309,0.97,0.97
2015.03.23 22:02:44.877,7.88824,7.90308,0.97,0.75
2015.03.23 22:02:45.393,7.88824,7.90309,0.97,0.97
2015.03.23 22:02:56.764,7.88824,7.90248,0.97,0.75
2015.03.23 22:02:56.915,7.88824,7.90278,0.97,0.75
2015.03.23 22:02:57.117,7.88824,7.90288,0.97,0.75
2015.03.23 22:02:57.292,7.88824,7.90278,0.97,0.75
2015.03.23 22:02:57.641,7.88824,7.90268,0.97,0.75
2015.03.23 22:02:57.957,7.88824,7.90238,0.97,0.75
2015.03.23 22:02:58.108,7.88824,7.90248,0.97,0.75
2015.03.23 22:02:58.317,7.88824,7.90238,0.97,0.75
2015.03.23 22:02:58.514,7.88824,7.90268,0.97,0.75
2015.03.23 22:02:59.439,7.88824,7.90258,0.97,0.75
2015.03.23 22:03:00.285,7.88824,7.90228,0.97,0.75
2015.03.23 22:03:00.589,7.88824,7.90218,0.97,0.75
2015.03.23 22:03:00.963,7.88824,7.90258,0.97,0.75
2015.03.23 22:03:01.063,7.88824,7.90238,0.97,0.75
2015.03.23 22:03:01.406,7.88824,7.90198,0.97,0.75
2015.03.23 22:03:02.496,7.88804,7.90198,0.97,0.75
2015.03.23 22:04:02.693,7.88692,7.90318,1.30,1.00
2015.03.23 22:04:03.043,7.88692,7.90288,1.30,1.00
2015.03.23 22:04:03.920,7.88692,7.90308,1.30,1.00
2015.03.23 22:04:04.032,7.88692,7.90287,1.30,1.00
2015.03.23 22:04:04.646,7.88692,7.90307,1.30,1.00
2015.03.23 22:04:15.416,7.88692,7.90278,1.30,1.00
2015.03.23 22:04:15.621,7.88692,7.90298,1.30,1.00
2015.03.23 22:04:15.707,7.88692,7.90308,1.30,1.00
2015.03.23 22:04:16.411,7.88692,7.90288,1.30,1.00
2015.03.23 22:04:16.630,7.88692,7.90298,1.30,1.00
2015.03.23 22:04:23.136,7.88672,7.90298,1.30,1.00
2015.03.23 22:04:23.187,7.88653,7.90298,1.30,1.00
2015.03.23 22:04:24.200,7.88653,7.90308,1.30,1.00
2015.03.23 22:04:24.945,7.88653,7.90298,1.30,1.00
2015.03.23 22:04:25.289,7.88653,7.90288,1.30,1.00
2015.03.23 22:04:26.360,7.88653,7.90278,1.30,1.00
2015.03.23 22:04:30.200,7.88653,7.90267,1.30,1.00
2015.03.23 22:04:30.922,7.88653,7.90258,1.30,1.00
2015.03.23 22:04:31.403,7.88653,7.90247,1.30,1.00
2015.03.23 22:04:31.707,7.88653,7.90238,1.30,1.00
2015.03.23 22:04:32.073,7.88653,7.90228,1.30,1.00
2015.03.23 22:04:35.038,7.88653,7.90218,1.30,1.00
2015.03.23 22:04:35.645,7.88653,7.90188,1.30,1.00
2015.03.23 22:04:36.011,7.88653,7.90157,1.30,1.00
2015.03.23 22:04:36.164,7.88653,7.90178,1.30,1.00
2015.03.23 22:04:36.360,7.88653,7.90188,1.30,1.00
2015.03.23 22:04:36.462,7.88653,7.90217,1.30,1.00
2015.03.23 22:04:37.578,7.88653,7.90208,1.30,1.00
2015.03.23 22:04:37.901,7.88653,7.90188,1.30,1.00
2015.03.23 22:04:38.408,7.88653,7.90198,1.30,1.00
2015.03.23 22:04:40.046,7.88653,7.90178,1.30,1.00
2015.03.23 22:04:40.386,7.88653,7.90168,1.30,1.00
2015.03.23 22:04:40.998,7.88653,7.90138,1.30,1.00
2015.03.23 22:04:41.162,7.88653,7.90148,1.30,1.00
2015.03.23 22:04:42.198,7.88653,7.90137,1.30,1.00
2015.03.23 22:04:42.370,7.88653,7.90148,1.30,1.00
2015.03.23 22:04:42.911,7.88653,7.90318,1.30,1.00
2015.03.23 22:04:43.016,7.88653,7.90338,1.30,1.00
2015.03.23 22:04:43.117,7.88653,7.90298,1.30,1.00
2015.03.23 22:04:43.222,7.88521,7.9021,1.30,1.30
2015.03.23 22:05:03.234,7.88649,7.9021,1.30,1.30
2015.03.23 22:05:03.307,7.8867,7.90358,1.30,1.30
2015.03.23 22:05:07.653,7.8867,7.90338,1.30,1.00
2015.03.23 22:05:08.159,7.8867,7.90328,1.30,1.00
2015.03.23 22:05:08.464,7.8867,7.90318,1.30,1.00
2015.03.23 22:05:08.787,7.8867,7.90308,1.30,1.00
2015.03.23 22:05:09.125,7.8867,7.90298,1.30,1.00
2015.03.23 22:05:09.481,7.8867,7.90308,1.30,1.00
2015.03.23 22:05:09.582,7.8867,7.90297,1.30,1.00
2015.03.23 22:05:09.888,7.8867,7.90287,1.30,1.00
2015.03.23 22:05:10.404,7.8867,7.90278,1.30,1.00
2015.03.23 22:05:10.936,7.8867,7.90298,1.30,1.00
2015.03.23 22:05:11.205,7.8867,7.90288,1.30,1.00
2015.03.23 22:05:11.749,7.8867,7.90278,1.30,1.00
2015.03.23 22:05:12.452,7.8867,7.90268,1.30,1.00
2015.03.23 22:05:13.017,7.8867,7.90267,1.30,1.00
2015.03.23 22:05:13.529,7.8867,7.90257,1.30,1.00
2015.03.23 22:05:16.698,7.8867,7.90247,1.30,1.00
2015.03.23 22:05:21.470,7.8867,7.90258,1.30,1.00
2015.03.23 22:05:23.782,7.88645,7.90258,1.30,1.00
2015.03.23 22:05:26.118,7.88645,7.90248,1.30,1.00
2015.03.23 22:05:27.424,7.88645,7.90258,1.30,1.00
2015.03.23 22:05:31.973,7.88645,7.90248,1.30,1.00
2015.03.23 22:05:32.692,7.88645,7.90258,1.30,1.00
2015.03.23 22:05:33.233,7.88645,7.90257,1.30,1.00
2015.03.23 22:05:34.636,7.88645,7.90247,1.30,1.00
2015.03.23 22:05:34.714,7.88645,7.90257,1.30,1.00
2015.03.23 22:05:35.224,7.88645,7.90258,1.30,1.00
2015.03.23 22:05:37.452,7.88645,7.90267,1.30,1.00
2015.03.23 22:05:38.002,7.88645,7.90268,1.30,1.00
2015.03.23 22:05:41.589,7.88645,7.90278,1.30,1.00
2015.03.23 22:05:41.824,7.88645,7.90257,1.30,1.00
2015.03.23 22:05:41.899,7.88645,7.90267,1.30,1.00
2015.03.23 22:05:42.407,7.88645,7.90288,1.30,1.00
2015.03.23 22:05:42.659,7.88645,7.90278,1.30,1.00
2015.03.23 22:05:43.375,7.88645,7.90268,1.30,1.00
2015.03.23 22:05:43.721,7.88626,7.90268,1.30,1.00
2015.03.23 22:05:44.084,7.88602,7.90268,1.30,1.00
2015.03.23 22:05:44.480,7.88602,7.90257,1.30,1.00
2015.03.23 22:05:45.046,7.88602,7.90258,1.30,1.00
2015.03.23 22:05:45.861,7.88602,7.90248,1.30,1.00
2015.03.23 22:05:46.367,7.88602,7.90278,1.30,1.00
2015.03.23 22:05:47.279,7.88602,7.90288,1.30,1.00
2015.03.23 22:05:47.382,7.88602,7.90277,1.30,1.00
2015.03.23 22:05:47.584,7.88602,7.90288,1.30,1.00
2015.03.23 22:05:49.802,7.88602,7.90291,1.30,1.30
2015.03.23 22:05:51.076,7.88602,7.90288,1.30,1.00
2015.03.23 22:05:51.177,7.88602,7.90291,1.30,1.30
2015.03.23 22:05:51.674,7.88602,7.90288,1.30,1.00
2015.03.23 22:05:54.163,7.88602,7.90267,1.30,1.00
2015.03.23 22:05:54.566,7.88602,7.90278,1.30,1.00
2015.03.23 22:05:59.108,7.88602,7.90268,1.30,1.00
2015.03.23 22:06:11.912,7.88602,7.90278,1.30,1.00
2015.03.23 22:06:14.639,7.88602,7.90288,1.30,1.00
2015.03.23 22:06:16.486,7.88602,7.90278,1.30,1.00
2015.03.23 22:06:17.381,7.88602,7.90288,1.30,1.00
2015.03.23 22:06:24.182,7.88611,7.90288,1.30,1.00
2015.03.23 22:06:24.563,7.88631,7.90288,1.30,1.00
2015.03.23 22:06:27.648,7.88631,7.90287,1.30,1.00
2015.03.23 22:06:30.057,7.88631,7.90288,1.30,1.00
2015.03.23 22:06:30.160,7.88631,7.90298,1.30,1.00
2015.03.23 22:06:30.265,7.88631,7.90308,1.30,1.00
2015.03.23 22:06:31.009,7.88631,7.90288,1.30,1.00
2015.03.23 22:06:31.999,7.88631,7.90278,1.30,1.00
2015.03.23 22:06:33.855,7.88631,7.90268,1.30,1.00
2015.03.23 22:06:37.358,7.88631,7.90258,1.30,1.00
2015.03.23 22:06:38.713,7.88631,7.90247,1.30,1.00
2015.03.23 22:06:39.690,7.88631,7.90238,1.30,1.00
2015.03.23 22:06:42.133,7.88631,7.90227,1.30,1.00
2015.03.23 22:06:42.666,7.88879,7.90228,1.30,1.00
2015.03.23 22:06:42.968,7.88898,7.90218,1.30,1.00
2015.03.23 22:06:43.019,7.88634,7.90218,1.30,1.00
2015.03.23 22:06:44.134,7.88634,7.90228,1.30,1.00
2015.03.23 22:06:45.148,7.88634,7.90238,1.30,1.00
2015.03.23 22:06:45.809,7.88634,7.90237,1.30,1.00
2015.03.23 22:06:47.572,7.88634,7.90248,1.30,1.00
2015.03.23 22:06:52.219,7.88634,7.90258,1.30,1.00
2015.03.23 22:06:53.220,7.88634,7.90248,1.30,1.00
2015.03.23 22:06:54.231,7.88634,7.90258,1.30,1.00
2015.03.23 22:06:55.143,7.88634,7.90248,1.30,1.00
2015.03.23 22:06:55.651,7.88634,7.90258,1.30,1.00
2015.03.23 22:06:55.779,7.88634,7.90248,1.30,1.00
2015.03.23 22:06:56.159,7.88634,7.90238,1.30,1.00
2015.03.23 22:06:56.395,7.88634,7.90247,1.30,1.00
2015.03.23 22:06:57.280,7.88634,7.90238,1.30,1.00
2015.03.23 22:07:00.619,7.88634,7.90248,1.30,1.00
2015.03.23 22:07:00.723,7.88634,7.90258,1.30,1.00
2015.03.23 22:07:03.127,7.88663,7.90258,1.30,1.00
2015.03.23 22:07:21.853,7.88663,7.90268,1.30,1.00
2015.03.23 22:07:23.504,7.88663,7.90258,1.30,1.00
2015.03.23 22:07:23.699,7.88645,7.90258,1.30,1.00
2015.03.23 22:07:24.825,7.88645,7.90248,1.30,1.00
2015.03.23 22:07:26.146,7.88645,7.90238,1.30,1.00
2015.03.23 22:07:30.276,7.88645,7.90227,1.30,1.00
2015.03.23 22:07:30.618,7.88645,7.90218,1.30,1.00
2015.03.23 22:07:31.429,7.88645,7.90248,1.30,1.00
2015.03.23 22:07:31.542,7.88645,7.90238,1.30,1.00
2015.03.23 22:07:31.853,7.88645,7.90227,1.30,1.00
2015.03.23 22:07:33.663,7.88645,7.90218,1.30,1.00
2015.03.23 22:07:35.680,7.88645,7.90208,1.30,1.00
2015.03.23 22:07:36.322,7.88645,7.90198,1.30,1.00
2015.03.23 22:07:38.647,7.88645,7.90168,1.30,1.00
2015.03.23 22:07:38.946,7.88645,7.90178,1.30,1.00
2015.03.23 22:07:39.733,7.88645,7.90158,1.30,1.00
2015.03.23 22:07:44.042,7.88624,7.90158,1.30,1.00
2015.03.23 22:07:44.143,7.88497,7.90158,1.30,1.00
2015.03.23 22:07:53.628,7.88497,7.90128,1.30,1.00
2015.03.23 22:07:53.696,7.88497,7.90138,1.30,1.00
2015.03.23 22:07:54.309,7.88497,7.90147,1.30,1.00
2015.03.23 22:07:54.462,7.88497,7.90168,1.30,1.00
2015.03.23 22:07:54.563,7.88497,7.90147,1.30,1.00
2015.03.23 22:07:54.618,7.88497,7.90168,1.30,1.00
2015.03.23 22:07:54.965,7.88497,7.90177,1.30,1.00
2015.03.23 22:07:55.369,7.88497,7.90158,1.30,1.00
2015.03.23 22:07:55.825,7.88497,7.90127,1.30,1.00
2015.03.23 22:07:55.981,7.88497,7.90148,1.30,1.00
2015.03.23 22:07:56.439,7.88497,7.90128,1.30,1.00
2015.03.23 22:07:57.269,7.88497,7.90098,1.30,1.00
2015.03.23 22:07:58.670,7.88497,7.90107,1.30,1.00
2015.03.23 22:07:59.089,7.88497,7.90128,1.30,1.00
2015.03.23 22:08:03.354,7.88497,7.90148,1.30,1.00
2015.03.23 22:08:03.908,7.88497,7.90138,1.30,1.00
2015.03.23 22:08:04.148,7.88447,7.90136,1.30,1.30
2015.03.23 22:08:05.457,7.88447,7.90128,1.30,1.00
2015.03.23 22:08:06.024,7.88447,7.90118,1.30,1.00
2015.03.23 22:08:07.157,7.88447,7.90108,1.30,1.00
2015.03.23 22:08:09.638,7.88447,7.90118,1.30,1.00
2015.03.23 22:08:13.154,7.88447,7.90108,1.30,1.00
2015.03.23 22:08:14.564,7.88447,7.90057,1.30,1.00
2015.03.23 22:08:16.999,7.88447,7.90038,1.30,1.00
2015.03.23 22:08:18.107,7.88447,7.90027,1.30,1.00
2015.03.23 22:08:19.333,7.88447,7.90038,1.30,1.00
2015.03.23 22:08:21.873,7.88447,7.90028,1.30,1.00
2015.03.23 22:08:25.199,7.88463,7.90028,1.30,1.00
2015.03.23 22:08:25.736,7.88463,7.90048,1.30,1.00
2015.03.23 22:08:26.534,7.88463,7.90047,1.30,1.00
2015.03.23 22:08:28.181,7.88463,7.89838,1.30,1.00
2015.03.23 22:08:28.886,7.88463,7.89828,1.30,1.00
2015.03.23 22:08:29.219,7.88463,7.89818,1.30,1.00
2015.03.23 22:08:29.521,7.88463,7.89808,1.30,1.00
2015.03.23 22:08:30.577,7.88463,7.89767,1.30,1.00
2015.03.23 22:08:30.889,7.88463,7.89728,1.30,1.00
2015.03.23 22:08:30.994,7.88463,7.89738,1.30,1.00
2015.03.23 22:08:31.302,7.88463,7.89747,1.30,1.00
2015.03.23 22:08:31.533,7.88463,7.89798,1.30,1.00
2015.03.23 22:08:31.606,7.88463,7.89738,1.30,1.00
2015.03.23 22:08:32.213,7.88463,7.89767,1.30,1.00
2015.03.23 22:08:32.854,7.88463,7.89748,1.30,1.00
2015.03.23 22:08:33.448,7.88463,7.89727,1.30,1.00
2015.03.23 22:08:33.793,7.88463,7.89708,1.30,1.00
2015.03.23 22:08:33.937,7.88463,7.89808,1.30,1.00
2015.03.23 22:08:34.041,7.88463,7.89828,1.30,1.00
2015.03.23 22:08:34.348,7.88463,7.89818,1.30,1.00
2015.03.23 22:08:34.755,7.88463,7.89808,1.30,1.00
2015.03.23 22:08:34.859,7.88463,7.89838,1.30,1.00
2015.03.23 22:08:35.165,7.88463,7.89818,1.30,1.00
2015.03.23 22:08:35.369,7.88463,7.89828,1.30,1.00
2015.03.23 22:08:36.306,7.88463,7.89818,1.30,1.00
2015.03.23 22:08:36.697,7.88463,7.89828,1.30,1.00
2015.03.23 22:08:36.882,7.88463,7.89818,1.30,1.00
2015.03.23 22:08:38.288,7.88463,7.89808,1.30,1.00
2015.03.23 22:08:40.715,7.88463,7.89798,1.30,1.00
2015.03.23 22:08:41.219,7.88463,7.89807,1.30,1.00
2015.03.23 22:08:43.028,7.88463,7.89797,1.30,1.00
2015.03.23 22:08:43.331,7.88463,7.89807,1.30,1.00
2015.03.23 22:08:43.432,7.88463,7.89797,1.30,1.00
2015.03.23 22:08:43.776,7.88463,7.89817,1.30,1.00
2015.03.23 22:08:44.075,7.88463,7.89828,1.30,1.00
2015.03.23 22:08:44.178,7.88463,7.89818,1.30,1.00
2015.03.23 22:08:45.141,7.88443,7.89818,1.30,1.00
2015.03.23 22:08:45.207,7.88354,7.89818,1.30,1.00
2015.03.23 22:08:45.863,7.88354,7.89827,1.30,1.00
2015.03.23 22:08:46.065,7.88354,7.89818,1.30,1.00
2015.03.23 22:08:46.602,7.88354,7.89798,1.30,1.00
2015.03.23 22:08:48.086,7.88354,7.89807,1.30,1.00
2015.03.23 22:08:49.205,7.88354,7.89818,1.30,1.00
2015.03.23 22:08:49.968,7.88354,7.89817,1.30,1.00
2015.03.23 22:08:51.709,7.88354,7.89807,1.30,1.00
2015.03.23 22:08:52.278,7.88354,7.89818,1.30,1.00
2015.03.23 22:08:52.991,7.88354,7.89847,1.30,1.00
2015.03.23 22:08:53.196,7.88354,7.89857,1.30,1.00
2015.03.23 22:08:53.649,7.88354,7.89818,1.30,1.00
2015.03.23 22:08:53.750,7.88354,7.89827,1.30,1.00
2015.03.23 22:08:53.913,7.88354,7.89838,1.30,1.00
2015.03.23 22:08:54.325,7.88354,7.89898,1.30,1.00
2015.03.23 22:08:54.527,7.88354,7.89887,1.30,1.00
2015.03.23 22:08:54.832,7.88354,7.89867,1.30,1.00
2015.03.23 22:08:55.250,7.88354,7.89858,1.30,1.00
2015.03.23 22:08:55.961,7.88354,7.89838,1.30,1.00
2015.03.23 22:08:56.854,7.88354,7.89837,1.30,1.00
2015.03.23 22:08:57.508,7.88354,7.89828,1.30,1.00
2015.03.23 22:08:58.086,7.88354,7.89818,1.30,1.00
2015.03.23 22:08:58.198,7.88354,7.89828,1.30,1.00
2015.03.23 22:08:58.525,7.88354,7.89818,1.30,1.00
2015.03.23 22:08:58.880,7.88354,7.89808,1.30,1.00
2015.03.23 22:08:59.729,7.88354,7.89798,1.30,1.00
2015.03.23 22:09:00.226,7.88354,7.89788,1.30,1.00
2015.03.23 22:09:00.526,7.88354,7.89798,1.30,1.00
2015.03.23 22:09:00.745,7.88354,7.89807,1.30,1.00
2015.03.23 22:09:01.063,7.88354,7.89817,1.30,1.00
2015.03.23 22:09:01.230,7.88354,7.89827,1.30,1.00
2015.03.23 22:09:02.233,7.88354,7.89828,1.30,1.00
2015.03.23 22:09:05.252,7.88414,7.89828,1.30,1.00
2015.03.23 22:09:06.191,7.88414,7.89838,1.30,1.00
2015.03.23 22:09:06.363,7.88414,7.89918,1.30,1.00
2015.03.23 22:09:06.515,7.88414,7.89958,1.30,1.00
2015.03.23 22:09:07.036,7.88414,7.89947,1.30,1.00
2015.03.23 22:09:07.407,7.88414,7.89938,1.30,1.00
2015.03.23 22:09:07.918,7.88414,7.89917,1.30,1.00
2015.03.23 22:09:08.424,7.88414,7.89918,1.30,1.00
2015.03.23 22:09:08.533,7.88414,7.89937,1.30,1.00
2015.03.23 22:09:09.954,7.88414,7.89928,1.30,1.00
2015.03.23 22:09:10.262,7.88414,7.89918,1.30,1.00
2015.03.23 22:09:10.407,7.88414,7.89928,1.30,1.00
2015.03.23 22:09:10.507,7.88414,7.89938,1.30,1.00
2015.03.23 22:09:10.573,7.88414,7.89928,1.30,1.00
2015.03.23 22:09:10.906,7.88414,7.89918,1.30,1.00
2015.03.23 22:09:12.826,7.88414,7.89908,1.30,1.00
2015.03.23 22:09:13.141,7.88414,7.89918,1.30,1.00
2015.03.23 22:09:13.832,7.88414,7.89908,1.30,1.00
2015.03.23 22:09:14.986,7.88414,7.89898,1.30,1.00
2015.03.23 22:09:15.783,7.88414,7.89888,1.30,1.00
2015.03.23 22:09:17.104,7.88414,7.89878,1.30,1.00
2015.03.23 22:09:18.423,7.88414,7.89867,1.30,1.00
2015.03.23 22:09:18.819,7.88414,7.89858,1.30,1.00
2015.03.23 22:09:19.139,7.88414,7.89848,1.30,1.00
2015.03.23 22:09:19.486,7.88414,7.89838,1.30,1.00
2015.03.23 22:09:19.817,7.88414,7.89828,1.30,1.00
2015.03.23 22:09:19.918,7.88414,7.89848,1.30,1.00
2015.03.23 22:09:20.220,7.88414,7.89838,1.30,1.00
2015.03.23 22:09:20.527,7.88414,7.89828,1.30,1.00
2015.03.23 22:09:20.878,7.88414,7.89818,1.30,1.00
2015.03.23 22:09:20.929,7.88414,7.89828,1.30,1.00
2015.03.23 22:09:21.607,7.88414,7.89818,1.30,1.00
2015.03.23 22:09:22.628,7.88414,7.89808,1.30,1.00
2015.03.23 22:09:22.995,7.88414,7.89798,1.30,1.00
2015.03.23 22:09:23.553,7.88414,7.89807,1.30,1.00
2015.03.23 22:09:23.862,7.88414,7.89818,1.30,1.00
2015.03.23 22:09:24.072,7.88414,7.89827,1.30,1.00
2015.03.23 22:09:24.816,7.88414,7.89848,1.30,1.00
2015.03.23 22:09:25.041,7.88414,7.89858,1.30,1.00
2015.03.23 22:09:25.196,7.88445,7.89858,1.30,1.00
2015.03.23 22:09:25.635,7.88464,7.89838,1.30,1.00
2015.03.23 22:09:27.126,7.8818,7.89838,1.30,1.00
2015.03.23 22:09:27.176,7.8818,7.89418,1.30,1.00
2015.03.23 22:09:27.616,7.8818,7.89388,1.30,1.00
2015.03.23 22:09:27.957,7.8818,7.89378,1.30,1.00
2015.03.23 22:09:28.873,7.8818,7.89387,1.30,1.00
2015.03.23 22:09:28.974,7.8818,7.89378,1.30,1.00
2015.03.23 22:09:30.021,7.8818,7.89367,1.30,1.00
2015.03.23 22:09:30.122,7.8818,7.89378,1.30,1.00
2015.03.23 22:09:31.086,7.8818,7.89368,1.30,1.00
2015.03.23 22:09:31.694,7.8818,7.89378,1.30,1.00
2015.03.23 22:09:32.616,7.8818,7.89368,1.30,1.00
2015.03.23 22:09:32.946,7.8818,7.89378,1.30,1.00
2015.03.23 22:09:34.167,7.8818,7.89408,1.30,1.00
2015.03.23 22:09:34.386,7.8818,7.89398,1.30,1.00
2015.03.23 22:09:35.901,7.8818,7.89388,1.30,1.00
2015.03.23 22:09:36.782,7.8818,7.89378,1.30,1.00
2015.03.23 22:09:37.584,7.8818,7.89377,1.30,1.00
2015.03.23 22:09:37.899,7.8818,7.89387,1.30,1.00
2015.03.23 22:09:39.820,7.8818,7.89398,1.30,1.00
2015.03.23 22:09:42.731,7.8818,7.89397,1.30,1.00
2015.03.23 22:09:43.338,7.8818,7.89388,1.30,1.00
2015.03.23 22:09:44.449,7.8818,7.89377,1.30,1.00
2015.03.23 22:09:45.655,7.8818,7.89368,1.30,1.00
2015.03.23 22:09:46.164,7.8818,7.89378,1.30,1.00
2015.03.23 22:09:46.387,7.8818,7.89368,1.30,1.00
2015.03.23 22:09:46.570,7.8818,7.89378,1.30,1.00
2015.03.23 22:09:46.705,7.8818,7.89368,1.30,1.00
2015.03.23 22:09:47.140,7.88133,7.89368,1.00,1.00
2015.03.23 22:09:47.587,7.88133,7.89377,1.00,1.00
2015.03.23 22:09:48.393,7.88133,7.89368,1.00,1.00
2015.03.23 22:09:50.818,7.88133,7.89378,1.00,1.00
2015.03.23 22:09:51.936,7.88133,7.89368,1.00,1.00
2015.03.23 22:09:54.590,7.88133,7.89378,1.00,1.00
2015.03.23 22:10:00.340,7.88133,7.89368,1.00,1.00
2015.03.23 22:10:03.367,7.88133,7.89378,1.00,1.00
2015.03.23 22:10:03.549,7.88133,7.89387,1.00,1.00
2015.03.23 22:10:04.561,7.88133,7.89388,1.00,1.00
2015.03.23 22:10:05.428,7.88133,7.89388,1.75,1.00
2015.03.23 22:10:09.637,7.88133,7.89398,1.75,1.00
2015.03.23 22:10:11.748,7.88133,7.89397,1.75,1.00
2015.03.23 22:10:16.790,7.88133,7.89408,1.75,1.00
2015.03.23 22:10:22.406,7.88133,7.89388,1.75,1.00
2015.03.23 22:10:22.840,7.88133,7.89388,1.00,1.00
2015.03.23 22:10:22.890,7.88133,7.89378,1.00,1.00
2015.03.23 22:10:32.915,7.88133,7.89368,1.00,1.00
2015.03.23 22:10:33.342,7.88133,7.89358,1.00,1.00
2015.03.23 22:10:34.139,7.88133,7.89348,1.00,1.00
2015.03.23 22:10:36.479,7.88133,7.89338,1.00,1.00
2015.03.23 22:10:38.402,7.88133,7.89347,1.00,1.00
2015.03.23 22:10:42.132,7.88133,7.89328,1.00,1.00
2015.03.23 22:10:42.485,7.88133,7.89298,1.00,1.00
2015.03.23 22:10:44.379,7.88133,7.89308,1.00,1.00
2015.03.23 22:10:44.429,7.88199,7.89308,1.00,1.00
2015.03.23 22:10:45.302,7.88199,7.89318,1.00,1.00
2015.03.23 22:10:45.413,7.88199,7.89238,1.00,1.00
2015.03.23 22:10:45.514,7.88199,7.89278,1.00,1.00
2015.03.23 22:10:45.615,7.88199,7.89288,1.00,1.00
2015.03.23 22:10:48.642,7.88199,7.89308,1.00,1.00
2015.03.23 22:10:49.146,7.88199,7.89298,1.00,1.00
2015.03.23 22:10:50.588,7.88199,7.89317,1.00,1.00
2015.03.23 22:10:50.689,7.88199,7.89308,1.00,1.00
2015.03.23 22:10:50.874,7.88199,7.89318,1.00,1.00
2015.03.23 22:10:51.382,7.88199,7.89378,1.00,1.00
2015.03.23 22:10:51.533,7.88199,7.89358,1.00,1.00
2015.03.23 22:10:52.517,7.88199,7.89348,1.00,1.00
2015.03.23 22:10:52.902,7.88199,7.89338,1.00,1.00
2015.03.23 22:10:58.713,7.88199,7.89348,1.00,1.00
2015.03.23 22:11:00.839,7.88199,7.89357,1.00,1.00
2015.03.23 22:11:02.687,7.88199,7.89368,1.00,1.00
2015.03.23 22:11:06.134,7.88199,7.89358,1.00,1.00
2015.03.23 22:11:11.841,7.88199,7.89337,1.00,1.00
2015.03.23 22:11:12.147,7.88199,7.89348,1.00,1.00
2015.03.23 22:11:16.106,7.88199,7.89358,1.00,1.00
2015.03.23 22:11:18.847,7.88199,7.89367,1.00,1.00
2015.03.23 22:11:20.372,7.88199,7.89378,1.00,1.00
2015.03.23 22:11:20.679,7.88199,7.89368,1.00,1.00
2015.03.23 22:11:28.909,7.88199,7.89357,1.00,1.00
2015.03.23 22:11:29.725,7.88199,7.89348,1.00,1.00
2015.03.23 22:11:29.828,7.88199,7.89358,1.00,1.00
2015.03.23 22:11:33.593,7.88199,7.89368,1.00,1.00
2015.03.23 22:11:36.239,7.88199,7.89378,1.00,1.00
2015.03.23 22:11:39.136,7.88199,7.89388,1.00,1.00
2015.03.23 22:11:39.601,7.88199,7.89378,1.00,1.00
2015.03.23 22:11:41.432,7.88199,7.89388,1.00,1.00
2015.03.23 22:11:41.661,7.88199,7.89397,1.00,1.00
2015.03.23 22:11:42.196,7.88199,7.89398,1.00,1.00
2015.03.23 22:11:43.062,7.88199,7.89397,1.00,1.00
2015.03.23 22:11:43.616,7.88199,7.89398,1.00,1.00
2015.03.23 22:11:44.484,7.88092,7.89398,1.75,1.00
2015.03.23 22:11:49.349,7.88093,7.89397,1.50,1.00
2015.03.23 22:11:53.289,7.88092,7.89408,1.75,1.00
2015.03.23 22:11:53.440,7.88092,7.89398,1.75,1.00
2015.03.23 22:11:53.697,7.88092,7.89398,1.00,1.00
2015.03.23 22:11:53.918,7.88112,7.89408,1.00,1.00
2015.03.23 22:11:54.266,7.88152,7.89438,1.37,1.00
2015.03.23 22:11:54.418,7.88162,7.89448,1.00,1.00
2015.03.23 22:11:54.523,7.88242,7.89518,1.00,1.00
2015.03.23 22:11:54.626,7.88172,7.89498,1.00,1.00
2015.03.23 22:11:54.777,7.88232,7.89568,1.00,1.00
2015.03.23 22:11:54.878,7.88222,7.89558,1.00,1.00
2015.03.23 22:11:55.150,7.88252,7.89648,1.00,1.00
2015.03.23 22:11:55.301,7.88362,7.89648,1.00,1.00
2015.03.23 22:11:55.402,7.88343,7.89647,1.00,1.00
2015.03.23 22:11:55.784,7.88332,7.89648,1.00,1.00
2015.03.23 22:11:56.079,7.88342,7.89648,1.00,1.00
2015.03.23 22:11:57.652,7.88202,7.89648,1.75,1.00
2015.03.23 22:11:58.446,7.88242,7.89648,1.00,1.00
2015.03.23 22:11:58.818,7.88253,7.89647,1.00,1.00
2015.03.23 22:11:58.925,7.88242,7.89648,1.00,1.00
2015.03.23 22:11:59.443,7.88242,7.89638,1.00,1.00
2015.03.23 22:11:59.807,7.88242,7.89628,1.00,1.00
2015.03.23 22:12:00.186,7.88232,7.89608,1.00,1.00
2015.03.23 22:12:00.505,7.88192,7.89578,1.75,1.00
2015.03.23 22:12:00.814,7.88172,7.89538,1.75,1.00
2015.03.23 22:12:01.838,7.88182,7.89518,1.75,1.00
2015.03.23 22:12:02.444,7.88172,7.89508,2.25,1.00
2015.03.23 22:12:02.614,7.88182,7.89518,1.75,1.00
2015.03.23 22:12:02.828,7.88182,7.89498,1.75,1.00
2015.03.23 22:12:03.831,7.88182,7.89488,1.75,1.00
2015.03.23 22:12:04.337,7.88173,7.89487,1.75,1.00
2015.03.23 22:12:04.846,7.88182,7.89478,1.75,1.00
2015.03.23 22:12:05.355,7.88173,7.89477,1.75,1.00
2015.03.23 22:12:06.081,7.88182,7.89478,1.75,1.00
2015.03.23 22:12:07.185,7.88203,7.89487,1.75,1.00
2015.03.23 22:12:07.480,7.88193,7.89477,1.75,1.00
2015.03.23 22:12:07.615,7.88192,7.89488,1.75,1.00
2015.03.23 22:12:09.156,7.88263,7.89488,1.00,1.00
2015.03.23 22:12:09.355,7.88202,7.89488,1.75,1.00
2015.03.23 22:12:09.620,7.88202,7.89478,1.75,1.00
2015.03.23 22:12:09.771,7.88272,7.89598,1.00,1.00
2015.03.23 22:12:09.875,7.88252,7.89588,1.00,1.00
2015.03.23 22:12:10.041,7.88232,7.89578,1.00,1.00
2015.03.23 22:12:10.349,7.88232,7.89568,1.00,1.00
2015.03.23 22:12:10.694,7.88223,7.89567,1.37,1.00
2015.03.23 22:12:10.795,7.88232,7.89568,1.00,1.00
2015.03.23 22:12:11.182,7.88242,7.89558,1.00,1.00
2015.03.23 22:12:11.423,7.88232,7.89558,1.00,1.00
2015.03.23 22:12:11.488,7.88242,7.89558,1.00,1.00
2015.03.23 22:12:11.802,7.88233,7.89557,1.00,1.00
2015.03.23 22:12:13.735,7.88233,7.89547,1.00,1.00
2015.03.23 22:12:15.385,7.88243,7.89557,1.00,1.00
2015.03.23 22:12:15.486,7.88242,7.89568,1.00,1.00
2015.03.23 22:12:15.587,7.88252,7.89568,1.00,1.00
2015.03.23 22:12:15.995,7.88242,7.89558,1.00,1.00
2015.03.23 22:12:16.179,7.88232,7.89558,1.00,1.00
2015.03.23 22:12:19.206,7.88233,7.89547,1.00,1.00
2015.03.23 22:12:19.347,7.88223,7.89547,1.37,1.00
2015.03.23 22:12:20.421,7.88213,7.89538,1.75,1.00
2015.03.23 22:12:20.668,7.88213,7.89547,2.25,1.00
2015.03.23 22:12:20.862,7.88213,7.89538,1.75,1.00
2015.03.23 22:12:22.039,7.88223,7.89528,1.37,1.00
2015.03.23 22:12:23.054,7.88223,7.89517,1.37,1.00
2015.03.23 22:12:24.073,7.88223,7.89508,1.37,1.00
2015.03.23 22:12:28.066,7.88223,7.89498,1.37,1.00
2015.03.23 22:12:29.392,7.88223,7.89508,1.37,1.00
2015.03.23 22:12:29.783,7.88223,7.89498,1.37,1.00
2015.03.23 22:12:33.413,7.88223,7.89528,1.37,1.00
2015.03.23 22:12:33.464,7.88232,7.89528,1.00,1.00
2015.03.23 22:12:33.818,7.88232,7.89517,1.00,1.00
2015.03.23 22:12:35.310,7.88203,7.89517,1.00,1.00
2015.03.23 22:12:35.361,7.88193,7.89498,1.50,1.00
2015.03.23 22:12:35.740,7.88193,7.89488,1.50,1.00
2015.03.23 22:12:36.650,7.88193,7.89458,1.50,1.00
2015.03.23 22:12:37.505,7.88193,7.89448,1.50,1.00
2015.03.23 22:12:37.844,7.88193,7.89437,1.50,1.00
2015.03.23 22:12:37.894,7.88193,7.89448,1.50,1.00
2015.03.23 22:12:38.076,7.88193,7.89438,1.50,1.00
2015.03.23 22:12:39.094,7.88193,7.89428,1.50,1.00
2015.03.23 22:12:39.436,7.88193,7.89417,1.50,1.00
2015.03.23 22:12:39.767,7.88284,7.89418,1.00,1.00
2015.03.23 22:12:40.103,7.88284,7.89408,1.00,1.00
2015.03.23 22:12:40.154,7.88284,7.89418,1.00,1.00
2015.03.23 22:12:40.312,7.88284,7.89408,1.00,1.00
2015.03.23 22:12:40.720,7.88284,7.89418,1.00,1.00
2015.03.23 22:12:40.822,7.88284,7.89408,1.00,1.00
2015.03.23 22:12:41.328,7.88284,7.89398,1.00,1.00
2015.03.23 22:12:41.844,7.88284,7.89388,1.00,1.00
2015.03.23 22:12:42.198,7.88242,7.89388,1.00,1.00
2015.03.23 22:12:42.352,7.88242,7.89398,1.00,1.00
2015.03.23 22:12:43.148,7.88242,7.89388,1.00,1.00
2015.03.23 22:12:45.098,7.88242,7.89378,1.00,1.00
2015.03.23 22:12:47.892,7.88242,7.89387,1.00,1.00
2015.03.23 22:12:49.325,7.88242,7.89388,1.00,1.00
2015.03.23 22:12:52.133,7.88242,7.89378,1.00,1.00
2015.03.23 22:12:56.600,7.88242,7.89377,1.00,1.00
2015.03.23 22:12:58.964,7.88242,7.89378,1.00,1.00
2015.03.23 22:13:00.142,7.88242,7.89388,1.00,1.00
2015.03.23 22:13:03.452,7.88242,7.89398,1.00,1.00
2015.03.23 22:13:11.140,7.88242,7.89397,1.00,1.00
2015.03.23 22:13:12.621,7.88242,7.89388,1.00,1.00
2015.03.23 22:13:14.384,7.88242,7.89378,1.00,1.00
2015.03.23 22:13:14.728,7.88242,7.89368,1.00,1.00
2015.03.23 22:13:14.880,7.88242,7.89378,1.00,1.00
2015.03.23 22:13:14.967,7.88242,7.89368,1.00,1.00
2015.03.23 22:13:15.376,7.88242,7.89387,1.00,1.00
2015.03.23 22:13:15.813,7.88242,7.89378,1.00,1.00
2015.03.23 22:13:18.624,7.88242,7.89418,1.00,1.00
2015.03.23 22:13:18.775,7.88242,7.89428,1.00,1.00
2015.03.23 22:13:19.234,7.88242,7.89408,1.00,1.00
2015.03.23 22:13:19.774,7.88242,7.89398,1.00,1.00
2015.03.23 22:13:20.385,7.88242,7.89397,1.00,1.00
2015.03.23 22:13:22.136,7.88242,7.89387,1.00,1.00
2015.03.23 22:13:28.236,7.88242,7.89377,1.00,1.00
2015.03.23 22:13:29.234,7.88242,7.89378,1.00,1.00
2015.03.23 22:13:29.632,7.88242,7.89368,1.00,1.00
2015.03.23 22:13:31.360,7.88242,7.89358,1.00,1.00
2015.03.23 22:13:31.435,7.88173,7.89358,1.00,1.00
2015.03.23 22:13:32.586,7.88173,7.89348,1.00,1.00
2015.03.23 22:13:35.623,7.88173,7.89337,1.00,1.00
2015.03.23 22:13:40.154,7.88173,7.89348,1.00,1.00
2015.03.23 22:13:40.980,7.88173,7.89338,1.00,1.00
2015.03.23 22:13:42.985,7.88206,7.89338,1.00,1.00
2015.03.23 22:13:43.582,7.88206,7.89328,1.00,1.00
2015.03.23 22:13:46.392,7.88206,7.89318,1.00,1.00
2015.03.23 22:13:49.506,7.88206,7.89308,1.00,1.00
2015.03.23 22:13:49.812,7.88206,7.89297,1.00,1.00
2015.03.23 22:13:50.227,7.88206,7.89288,1.00,1.00
2015.03.23 22:13:50.631,7.88206,7.89298,1.00,1.00
2015.03.23 22:13:51.236,7.88206,7.89287,1.00,1.00
2015.03.23 22:13:52.843,7.88206,7.89278,1.00,1.00
2015.03.23 22:13:52.894,7.88184,7.89278,1.00,1.00
2015.03.23 22:13:54.660,7.88184,7.89288,1.00,1.00
2015.03.23 22:13:54.982,7.88184,7.89298,1.00,1.00
2015.03.23 22:14:01.920,7.88184,7.89308,1.00,1.00
2015.03.23 22:14:02.170,7.88184,7.89338,1.00,1.00
2015.03.23 22:14:02.634,7.88184,7.89318,1.00,1.00
2015.03.23 22:14:02.736,7.88184,7.89328,1.00,1.00
2015.03.23 22:14:03.788,7.88184,7.89318,1.00,1.00
2015.03.23 22:14:05.680,7.88184,7.89308,1.00,1.00
2015.03.23 22:14:06.688,7.88184,7.89318,1.00,1.00
2015.03.23 22:14:07.712,7.88184,7.89308,1.00,1.00
2015.03.23 22:14:18.653,7.88184,7.89318,1.00,1.00
2015.03.23 22:14:18.784,7.88184,7.89328,1.00,1.00
2015.03.23 22:14:26.538,7.88184,7.89358,1.00,1.00
2015.03.23 22:14:27.004,7.88184,7.89338,1.00,1.00
2015.03.23 22:14:27.148,7.88184,7.89348,1.00,1.00
2015.03.23 22:14:27.914,7.88184,7.89338,1.00,1.00
2015.03.23 22:14:29.864,7.88184,7.89348,1.00,1.00
2015.03.23 22:14:29.937,7.88184,7.89337,1.00,1.00
2015.03.23 22:14:30.941,7.88184,7.89348,1.00,1.00
2015.03.23 22:14:31.852,7.88184,7.89338,1.00,1.00
2015.03.23 22:14:34.488,7.88184,7.89348,1.00,1.00
2015.03.23 22:14:35.733,7.88184,7.89358,1.00,1.00
2015.03.23 22:14:35.813,7.88184,7.89347,1.00,1.00
2015.03.23 22:14:36.726,7.88184,7.89337,1.00,1.00
2015.03.23 22:14:37.174,7.88184,7.89348,1.00,1.00
2015.03.23 22:14:41.986,7.88184,7.89338,1.00,1.00
2015.03.23 22:14:50.926,7.88184,7.89328,1.00,1.00
2015.03.23 22:14:51.748,7.88184,7.89338,1.00,1.00
2015.03.23 22:14:52.748,7.88184,7.89328,1.00,1.00
2015.03.23 22:14:52.980,7.88063,7.89328,2.05,1.00
2015.03.23 22:14:53.655,7.88063,7.89338,2.05,1.00
2015.03.23 22:14:55.374,7.88053,7.89348,2.05,1.00
2015.03.23 22:14:55.885,7.88053,7.89338,2.05,1.00
2015.03.23 22:14:56.914,7.88053,7.89348,2.05,1.00
2015.03.23 22:14:57.119,7.88053,7.89338,2.05,1.00
2015.03.23 22:15:29.972,7.8806,7.89338,2.05,1.00
2015.03.23 22:15:33.133,7.8806,7.89337,2.05,1.00
2015.03.23 22:15:44.612,7.88082,7.89338,1.75,1.00
2015.03.23 22:15:45.642,7.88082,7.89348,1.75,1.00
2015.03.23 22:15:50.849,7.88082,7.89357,1.75,1.00
2015.03.23 22:15:59.405,7.88082,7.89348,1.75,1.00
2015.03.23 22:16:07.661,7.88082,7.89338,1.75,1.00
2015.03.23 22:16:16.606,7.88082,7.89357,1.75,1.00
2015.03.23 22:16:17.621,7.88082,7.89348,1.75,1.00
2015.03.23 22:16:24.681,7.88082,7.89357,1.75,1.00
2015.03.23 22:16:25.394,7.88082,7.89348,1.75,1.00
2015.03.23 22:16:26.829,7.88082,7.89368,1.75,1.00
2015.03.23 22:16:26.930,7.88092,7.89398,2.25,1.00
2015.03.23 22:16:27.528,7.88092,7.89378,1.75,1.00
2015.03.23 22:16:28.584,7.88092,7.89367,1.75,1.00
2015.03.23 22:16:30.242,7.88092,7.89367,1.75,1.00
2015.03.23 22:16:30.567,7.88082,7.89357,1.75,1.00
2015.03.23 22:16:31.305,7.88082,7.89358,1.75,1.00
2015.03.23 22:16:56.787,7.88082,7.89378,1.75,1.00
2015.03.23 22:16:57.379,7.88082,7.89377,1.75,1.00
2015.03.23 22:16:58.461,7.88082,7.89368,1.75,1.00
2015.03.23 22:17:01.182,7.88082,7.89358,1.75,1.00
2015.03.23 22:17:25.584,7.88082,7.89348,1.75,1.00
2015.03.23 22:17:25.814,7.88082,7.89358,1.75,1.00
2015.03.23 22:17:26.296,7.88082,7.89348,1.75,1.00
2015.03.23 22:17:26.686,7.88063,7.89338,2.47,1.00
2015.03.23 22:17:27.151,7.88063,7.89328,2.47,1.00
2015.03.23 22:17:27.661,7.88063,7.89337,2.47,1.00
2015.03.23 22:17:28.402,7.88063,7.89338,2.47,1.00
2015.03.23 22:17:29.056,7.88063,7.89328,2.47,1.00
2015.03.23 22:17:30.467,7.88063,7.89328,2.47,1.00
2015.03.23 22:17:36.652,7.88063,7.89318,2.47,1.00
2015.03.23 22:17:48.587,7.88063,7.89297,1.75,1.00
2015.03.23 22:17:49.099,7.88063,7.89277,1.75,1.00
2015.03.23 22:17:49.749,7.88063,7.89278,1.75,1.00
2015.03.23 22:17:50.040,7.88063,7.89288,1.75,1.00
2015.03.23 22:17:50.169,7.88063,7.89277,1.75,1.00
2015.03.23 22:17:50.270,7.88063,7.89308,1.75,1.00
2015.03.23 22:17:50.443,7.88063,7.89297,1.75,1.00
2015.03.23 22:17:50.768,7.88053,7.89287,1.75,1.00
2015.03.23 22:17:51.069,7.88052,7.89278,1.75,1.00
2015.03.23 22:17:51.280,7.88023,7.89258,1.75,1.00
2015.03.23 22:17:53.218,7.88023,7.89248,1.75,1.00
2015.03.23 22:17:54.581,7.88023,7.89238,1.75,1.00
2015.03.23 22:17:55.051,7.88023,7.89228,1.75,1.00
2015.03.23 22:17:56.178,7.88023,7.89218,1.75,1.00
2015.03.23 22:17:56.520,7.88212,7.89218,1.00,1.00
2015.03.23 22:17:56.948,7.88212,7.89207,1.00,1.00
2015.03.23 22:17:57.879,7.88212,7.89198,1.00,1.00
2015.03.23 22:18:03.764,7.88212,7.89208,1.00,1.00
2015.03.23 22:18:04.280,7.88212,7.89218,1.00,1.00
2015.03.23 22:18:05.181,7.88212,7.89208,1.00,1.00
2015.03.23 22:18:05.419,7.88212,7.89228,1.00,1.00
2015.03.23 22:18:06.205,7.88212,7.89218,1.00,1.00
2015.03.23 22:18:06.813,7.88212,7.89208,1.00,1.00
2015.03.23 22:18:08.889,7.88212,7.89187,1.00,1.00
2015.03.23 22:18:09.673,7.88212,7.89197,1.00,1.00
2015.03.23 22:18:09.777,7.88212,7.89178,1.00,1.00
2015.03.23 22:18:09.883,7.88212,7.89188,1.00,1.00
2015.03.23 22:18:09.984,7.88212,7.89198,1.00,1.00
2015.03.23 22:18:11.017,7.88212,7.89188,1.00,1.00
2015.03.23 22:18:20.570,7.88212,7.89198,1.00,1.00
2015.03.23 22:18:24.614,7.88212,7.89187,1.00,1.00
2015.03.23 22:18:30.784,7.88212,7.89197,1.00,1.00
2015.03.23 22:18:42.054,7.88212,7.89295,1.00,1.00
2015.03.23 22:18:42.107,7.88212,7.89208,1.00,1.00
2015.03.23 22:18:46.556,7.88212,7.89198,1.00,1.00
2015.03.23 22:18:49.113,7.88212,7.89188,1.00,1.00
2015.03.23 22:18:51.639,7.88212,7.89178,1.00,1.00
2015.03.23 22:18:54.353,7.88212,7.89188,1.00,1.00
2015.03.23 22:18:55.057,7.88212,7.89177,1.00,1.00
2015.03.23 22:18:55.585,7.88212,7.89188,1.00,1.00
2015.03.23 22:18:56.573,7.88038,7.89188,1.00,1.00
2015.03.23 22:18:57.067,7.88038,7.89178,1.00,1.00
2015.03.23 22:18:57.611,7.88038,7.89188,1.00,1.00
2015.03.23 22:19:00.183,7.88275,7.89188,1.00,1.00
2015.03.23 22:19:07.872,7.88275,7.89178,1.00,1.00
2015.03.23 22:19:08.184,7.88275,7.89168,1.00,1.00
2015.03.23 22:19:08.696,7.88275,7.89198,1.00,1.00
2015.03.23 22:19:08.848,7.88275,7.89207,1.00,1.00
2015.03.23 22:19:08.949,7.88275,7.89198,1.00,1.00
2015.03.23 22:19:09.311,7.88275,7.89178,1.00,1.00
2015.03.23 22:19:09.620,7.88275,7.89197,1.00,1.00
2015.03.23 22:19:10.159,7.88275,7.89178,1.00,1.00
2015.03.23 22:19:12.063,7.88275,7.89168,1.00,1.00
2015.03.23 22:19:17.817,7.88275,7.89178,1.00,1.00
2015.03.23 22:19:22.534,7.88275,7.89188,1.00,1.00
2015.03.23 22:19:40.322,7.88275,7.89177,1.00,1.00
2015.03.23 22:19:40.634,7.88275,7.89167,1.00,1.00
2015.03.23 22:19:41.078,7.88275,7.89158,1.00,1.00
2015.03.23 22:19:41.523,7.88275,7.89148,1.00,1.00
2015.03.23 22:19:42.439,7.88308,7.89148,1.00,1.00
2015.03.23 22:19:42.843,7.88308,7.89128,1.00,1.00
2015.03.23 22:19:43.189,7.88308,7.89108,1.00,1.00
2015.03.23 22:19:43.459,7.88308,7.89118,1.00,1.00
2015.03.23 22:19:43.720,7.88308,7.89138,1.00,1.00
2015.03.23 22:19:44.367,7.88308,7.89137,1.00,1.00
2015.03.23 22:19:52.046,7.88308,7.89128,1.00,1.00
2015.03.23 22:20:01.852,7.88308,7.89118,1.00,1.00
2015.03.23 22:20:02.054,7.88308,7.89128,1.00,1.00
2015.03.23 22:20:05.030,7.88308,7.89138,1.00,1.00
2015.03.23 22:20:07.024,7.88308,7.89128,1.00,1.00
2015.03.23 22:20:08.749,7.88308,7.89118,1.00,1.00
2015.03.23 22:20:32.890,7.88308,7.89138,1.00,1.00
2015.03.23 22:20:34.097,7.88308,7.89148,1.00,1.00
2015.03.23 22:20:36.612,7.88308,7.89168,1.00,1.00
2015.03.23 22:20:39.931,7.88308,7.89157,1.00,1.00
2015.03.23 22:20:41.144,7.88308,7.89168,1.00,1.00
2015.03.23 22:20:41.582,7.88308,7.89158,1.00,1.00
2015.03.23 22:20:42.603,7.88072,7.89158,1.00,1.00
2015.03.23 22:20:46.157,7.88072,7.89148,1.00,1.00
2015.03.23 22:20:50.270,7.88073,7.89157,1.00,1.00
2015.03.23 22:20:54.071,7.88072,7.89148,1.00,1.00
2015.03.23 22:20:54.631,7.88072,7.89158,1.00,1.00
2015.03.23 22:21:09.950,7.88072,7.89168,1.00,1.00
2015.03.23 22:21:13.872,7.88072,7.89158,1.00,1.00
2015.03.23 22:21:14.735,7.88337,7.89137,1.00,1.00
2015.03.23 22:21:21.637,7.88337,7.89128,1.00,1.00
2015.03.23 22:21:22.213,7.88337,7.89118,1.00,1.00
2015.03.23 22:21:22.447,7.88337,7.89127,1.00,1.00
2015.03.23 22:21:23.267,7.88337,7.89118,1.00,1.00
2015.03.23 22:21:23.688,7.88357,7.89091,1.00,1.00
2015.03.23 22:22:00.143,7.8838,7.8905,1.00,1.00
2015.03.23 22:22:00.446,7.88564,7.88854,1.00,1.00
2015.03.23 22:23:00.392,7.8834,7.88938,1.00,1.00
2015.03.23 22:23:01.383,7.8834,7.88927,1.00,1.00
2015.03.23 22:23:05.658,7.8834,7.88928,1.00,1.00
2015.03.23 22:23:05.988,7.8834,7.88918,1.00,1.00
2015.03.23 22:23:06.089,7.8834,7.88938,1.00,1.00
2015.03.23 22:23:06.395,7.8834,7.88948,1.00,1.00
2015.03.23 22:23:06.839,7.8834,7.88958,1.00,1.00
2015.03.23 22:23:06.940,7.8834,7.88938,1.00,1.00
2015.03.23 22:23:12.681,7.8834,7.88948,1.00,1.00
2015.03.23 22:23:15.432,7.8834,7.88938,1.00,1.00
2015.03.23 22:23:16.656,7.8834,7.88957,1.00,1.00
2015.03.23 22:23:19.083,7.8834,7.88947,1.00,1.00
2015.03.23 22:23:32.617,7.8834,7.88938,1.00,1.00
2015.03.23 22:23:32.920,7.8834,7.88948,1.00,1.00
2015.03.23 22:23:34.178,7.8834,7.88937,1.00,1.00
2015.03.23 22:23:34.511,7.8834,7.88917,1.00,1.00
2015.03.23 22:23:34.858,7.8834,7.88908,1.00,1.00
2015.03.23 22:23:34.909,7.8834,7.88918,1.00,1.00
2015.03.23 22:23:35.176,7.8834,7.88908,1.00,1.00
2015.03.23 22:23:36.311,7.8834,7.88898,1.00,1.00
2015.03.23 22:23:37.307,7.8834,7.88888,1.00,1.00
2015.03.23 22:23:37.418,7.8834,7.88898,1.00,1.00
2015.03.23 22:23:38.324,7.8834,7.88888,1.00,1.00
2015.03.23 22:23:52.651,7.8834,7.88878,1.00,1.00
2015.03.23 22:24:00.654,7.8834,7.88898,1.00,1.00
2015.03.23 22:24:04.601,7.8834,7.88908,1.00,1.00
2015.03.23 22:24:04.703,7.8834,7.88898,1.00,1.00
2015.03.23 22:24:05.045,7.8834,7.88917,1.00,1.00
2015.03.23 22:24:05.466,7.8834,7.88948,1.00,1.00
2015.03.23 22:24:07.439,7.8834,7.88938,1.00,1.00
2015.03.23 22:24:25.583,7.8834,7.88948,1.00,1.00
2015.03.23 22:24:34.506,7.8834,7.88937,1.00,1.00
2015.03.23 22:24:40.709,7.8834,7.88948,1.00,1.00
2015.03.23 22:25:00.846,7.8834,7.88938,1.00,1.00
2015.03.23 22:25:00.935,7.8834,7.88948,1.00,1.00
2015.03.23 22:25:03.074,7.8834,7.88958,1.00,1.00
2015.03.23 22:25:07.650,7.88206,7.88957,1.00,1.00
2015.03.23 22:25:07.751,7.88047,7.88958,1.00,1.00
2015.03.23 22:25:07.852,7.87923,7.88957,1.00,1.00
2015.03.23 22:25:07.924,7.87923,7.88948,1.00,1.00
2015.03.23 22:25:07.975,7.87832,7.88948,1.00,1.00
2015.03.23 22:25:08.076,7.87827,7.88948,1.30,1.00
2015.03.23 22:25:13.193,7.8784,7.88948,1.30,1.00
2015.03.23 22:25:32.074,7.8784,7.88947,1.30,1.00
2015.03.23 22:25:33.293,7.8784,7.88948,1.30,1.00
2015.03.23 22:25:33.714,7.87844,7.88948,1.30,1.00
2015.03.23 22:25:34.517,7.87844,7.88938,1.30,1.00
2015.03.23 22:25:48.912,7.87844,7.88947,1.30,1.00
2015.03.23 22:25:54.107,7.87849,7.88947,1.30,1.00
2015.03.23 22:25:58.943,7.87849,7.88948,1.30,1.00
2015.03.23 22:26:01.128,7.87849,7.88978,1.30,1.00
2015.03.23 22:26:02.145,7.87849,7.88968,1.30,1.00
2015.03.23 22:26:05.081,7.87849,7.88967,1.30,1.00
2015.03.23 22:26:11.156,7.87849,7.88968,1.30,1.00
2015.03.23 22:26:15.136,7.87851,7.88968,1.30,1.00
2015.03.23 22:26:15.187,7.87851,7.88978,1.30,1.00
2015.03.23 22:26:17.162,7.87851,7.88968,1.30,1.00
2015.03.23 22:26:29.340,7.87851,7.88967,1.30,1.00
2015.03.23 22:26:29.543,7.87646,7.88874,1.30,1.30
2015.03.23 22:26:29.796,7.87646,7.88848,1.30,1.00
2015.03.23 22:26:29.998,7.87646,7.88874,1.30,1.30
2015.03.23 22:26:30.184,7.87646,7.88868,1.30,1.00
2015.03.23 22:26:32.331,7.87646,7.88858,1.30,1.00
2015.03.23 22:26:50.084,7.87699,7.88858,1.30,1.00
2015.03.23 22:27:10.111,7.87709,7.88858,1.30,1.00
2015.03.23 22:27:15.641,7.87709,7.88867,1.30,1.00
2015.03.23 22:27:19.185,7.87709,7.88858,1.30,1.00
2015.03.23 22:27:19.368,7.87709,7.88868,1.30,1.00
2015.03.23 22:27:20.675,7.87709,7.88857,1.30,1.00
2015.03.23 22:27:21.584,7.87709,7.88868,1.30,1.00
2015.03.23 22:27:21.913,7.87709,7.88858,1.30,1.00
2015.03.23 22:27:24.934,7.87709,7.88848,1.30,1.00
2015.03.23 22:27:28.913,7.87709,7.88858,1.30,1.00
2015.03.23 22:27:30.987,7.8771,7.88858,1.30,1.00
2015.03.23 22:27:36.579,7.8771,7.88847,1.30,1.00
2015.03.23 22:27:37.426,7.8771,7.88848,1.30,1.00
2015.03.23 22:27:41.222,7.8771,7.88868,1.30,1.00
2015.03.23 22:27:41.309,7.8771,7.88918,1.30,1.00
2015.03.23 22:27:41.460,7.8771,7.88927,1.30,1.00
2015.03.23 22:27:41.963,7.8771,7.88928,1.30,1.00
2015.03.23 22:27:42.223,7.8771,7.88938,1.30,1.72
2015.03.23 22:27:42.525,7.8771,7.88928,1.30,1.00
2015.03.23 22:27:43.036,7.8771,7.88927,1.30,1.00
2015.03.23 22:27:44.356,7.8771,7.88918,1.30,1.00
2015.03.23 22:27:48.562,7.8771,7.88928,1.30,1.00
2015.03.23 22:27:49.220,7.8771,7.88938,1.30,1.30
2015.03.23 22:27:51.170,7.87857,7.88958,1.30,1.30
2015.03.23 22:27:51.220,7.87857,7.88987,1.30,1.00
2015.03.23 22:28:12.193,7.87855,7.88987,1.30,1.00
2015.03.23 22:28:21.700,7.87855,7.88988,1.30,1.00
2015.03.23 22:28:21.811,7.87855,7.88998,1.30,1.00
2015.03.23 22:28:22.789,7.87855,7.88988,1.30,1.00
2015.03.23 22:28:24.590,7.87855,7.88998,1.30,1.00
2015.03.23 22:28:30.380,7.87855,7.89007,1.30,1.00
2015.03.23 22:28:32.329,7.87857,7.89007,1.30,1.00
2015.03.23 22:28:32.881,7.87857,7.88998,1.30,1.00
2015.03.23 22:28:44.373,7.87857,7.88997,1.30,1.00
2015.03.23 22:28:46.881,7.87857,7.88998,1.30,1.00
2015.03.23 22:28:48.117,7.87857,7.88997,1.30,1.00
2015.03.23 22:28:53.101,7.87865,7.88997,1.30,1.00
2015.03.23 22:28:56.068,7.87865,7.89008,1.30,1.00
2015.03.23 22:28:56.190,7.87865,7.89028,1.30,1.00
2015.03.23 22:28:56.291,7.87865,7.89037,1.30,1.00
2015.03.23 22:28:56.629,7.87865,7.89028,1.30,1.00
2015.03.23 22:28:57.201,7.87865,7.89018,1.30,1.00
2015.03.23 22:28:57.711,7.87865,7.89028,1.30,1.00
2015.03.23 22:28:57.920,7.87865,7.89018,1.30,1.00
2015.03.23 22:29:09.431,7.87865,7.89028,1.30,1.00
2015.03.23 22:29:09.532,7.87865,7.89038,1.30,1.00
2015.03.23 22:29:09.844,7.87865,7.89077,1.30,1.00
2015.03.23 22:29:10.065,7.87865,7.89067,1.30,1.00
2015.03.23 22:29:11.576,7.87865,7.89058,1.30,1.00
2015.03.23 22:29:11.896,7.87865,7.89068,1.30,1.00
2015.03.23 22:29:13.333,7.87923,7.89068,1.30,1.00
2015.03.23 22:29:13.719,7.87942,7.89068,1.30,1.00
2015.03.23 22:29:14.370,7.87942,7.89058,1.30,1.00
2015.03.23 22:29:17.079,7.87942,7.89068,1.30,1.00
2015.03.23 22:29:35.483,7.87942,7.89088,1.30,1.00
2015.03.23 22:29:35.584,7.87942,7.89098,1.30,1.00
2015.03.23 22:29:35.685,7.87942,7.89128,1.30,1.00
2015.03.23 22:29:36.014,7.87942,7.89138,1.30,1.00
2015.03.23 22:29:38.907,7.87942,7.89128,1.30,1.00
2015.03.23 22:29:41.332,7.87942,7.89138,1.30,1.00
2015.03.23 22:29:43.147,7.87942,7.89128,1.30,1.00
2015.03.23 22:29:43.358,7.87942,7.89138,1.30,1.00
2015.03.23 22:29:44.265,7.87942,7.89128,1.30,1.00
2015.03.23 22:29:44.354,7.87942,7.89138,1.30,1.00
2015.03.23 22:29:46.682,7.87942,7.89148,1.30,1.00
2015.03.23 22:29:46.789,7.87942,7.8917,1.30,1.30
2015.03.23 22:29:54.818,7.8807,7.89189,1.30,1.30
2015.03.23 22:29:54.929,7.8807,7.89198,1.30,1.00
2015.03.23 22:30:15.054,7.88071,7.89198,1.30,1.00
2015.03.23 22:30:23.801,7.88071,7.89188,1.30,1.00
2015.03.23 22:30:27.286,7.88071,7.89178,1.30,1.00
2015.03.23 22:30:35.084,7.88102,7.89178,1.30,1.00
2015.03.23 22:30:56.214,7.88104,7.89178,1.30,1.00
2015.03.23 22:31:17.150,7.88101,7.89178,1.30,1.00
2015.03.23 22:31:23.403,7.88101,7.89188,1.30,1.00
2015.03.23 22:31:26.443,7.88101,7.89198,1.30,1.00
2015.03.23 22:31:30.665,7.88101,7.89188,1.30,1.00
2015.03.23 22:31:34.417,7.88101,7.89198,1.30,1.00
2015.03.23 22:31:36.219,7.88101,7.89188,1.30,1.00
2015.03.23 22:31:38.190,7.88099,7.89188,1.30,1.00
2015.03.23 22:31:58.155,7.88105,7.89188,1.30,1.00
2015.03.23 22:32:12.965,7.88105,7.89208,1.30,1.00
2015.03.23 22:32:16.167,7.88105,7.89197,1.30,1.00
2015.03.23 22:32:19.160,7.88111,7.89197,1.30,1.00
2015.03.23 22:32:24.973,7.88111,7.89188,1.30,1.00
2015.03.23 22:32:26.231,7.88111,7.89178,1.30,1.00
2015.03.23 22:32:27.337,7.88111,7.89188,1.30,1.00
2015.03.23 22:32:32.782,7.88111,7.89198,1.30,1.00
2015.03.23 22:32:33.491,7.88111,7.89208,1.30,1.00
2015.03.23 22:32:39.119,7.88109,7.89208,1.30,1.00
2015.03.23 22:32:46.215,7.88109,7.89197,1.30,1.00
2015.03.23 22:32:47.382,7.88109,7.89198,1.30,1.00
2015.03.23 22:32:56.235,7.88109,7.89188,1.30,1.00
2015.03.23 22:33:00.170,7.88091,7.89188,1.30,1.00
2015.03.23 22:33:03.265,7.88091,7.89198,1.30,1.00
2015.03.23 22:33:20.109,7.88087,7.89198,1.30,1.00
2015.03.23 22:33:28.997,7.88087,7.89207,1.30,1.00
2015.03.23 22:33:41.145,7.88091,7.89207,1.30,1.00
2015.03.23 22:34:02.186,7.88087,7.89207,1.30,1.00
2015.03.23 22:34:06.373,7.88087,7.89218,1.30,1.00
2015.03.23 22:34:11.202,7.88087,7.89228,1.30,1.00
2015.03.23 22:34:12.239,7.88087,7.89218,1.30,1.00
2015.03.23 22:34:15.174,7.88087,7.89228,1.30,1.00
2015.03.23 22:34:15.695,7.88087,7.89238,1.30,1.00
2015.03.23 22:34:15.798,7.88087,7.89268,1.30,1.00
2015.03.23 22:34:16.117,7.88087,7.89278,1.30,1.00
2015.03.23 22:34:16.218,7.88087,7.89268,1.30,1.00
2015.03.23 22:34:16.395,7.88087,7.89278,1.30,1.00
2015.03.23 22:34:17.805,7.88087,7.89277,1.30,1.00
2015.03.23 22:34:23.089,7.88133,7.89277,1.30,1.00
2015.03.23 22:34:23.694,7.88154,7.89277,1.30,1.00
2015.03.23 22:34:33.689,7.88154,7.89288,1.30,1.00
2015.03.23 22:34:37.514,7.88154,7.89278,1.30,1.00
2015.03.23 22:34:43.165,7.88158,7.89278,1.30,1.00
2015.03.23 22:34:54.184,7.88158,7.89287,1.30,1.00
2015.03.23 22:34:54.733,7.88158,7.89288,1.30,1.00
2015.03.23 22:35:03.686,7.88161,7.89288,1.30,1.00
2015.03.23 22:35:09.445,7.88161,7.89297,1.30,1.00
2015.03.23 22:35:09.647,7.88161,7.89288,1.30,1.00
2015.03.23 22:35:12.487,7.88161,7.89278,1.30,1.00
2015.03.23 22:35:13.162,7.88161,7.89277,1.30,1.00
2015.03.23 22:35:14.379,7.88161,7.89267,1.30,1.00
2015.03.23 22:35:14.696,7.88161,7.89247,1.30,1.00
2015.03.23 22:35:15.019,7.88161,7.89258,1.30,1.00
2015.03.23 22:35:16.347,7.88161,7.89247,1.30,1.00
2015.03.23 22:35:24.215,7.88132,7.89247,1.30,1.00
2015.03.23 22:35:27.465,7.88132,7.89248,1.30,1.00
2015.03.23 22:35:31.963,7.88132,7.89258,1.30,1.00
2015.03.23 22:35:32.478,7.88132,7.89257,1.30,1.00
2015.03.23 22:35:33.672,7.88132,7.89258,1.30,1.00
2015.03.23 22:35:45.146,7.88133,7.89258,1.30,1.00
2015.03.23 22:35:46.965,7.88133,7.89248,1.30,1.00
2015.03.23 22:35:50.128,7.88133,7.89247,1.30,1.00
2015.03.23 22:35:50.469,7.88133,7.89237,1.30,1.00
2015.03.23 22:35:50.816,7.88133,7.89228,1.30,1.00
2015.03.23 22:35:52.050,7.88133,7.89208,1.30,1.00
2015.03.23 22:35:53.259,7.88133,7.89198,1.30,1.00
2015.03.23 22:35:56.636,7.88133,7.89187,1.30,1.00
2015.03.23 22:35:56.984,7.88133,7.89168,1.30,1.00
2015.03.23 22:35:59.395,7.88133,7.89158,1.30,1.00
2015.03.23 22:36:01.405,7.88133,7.89148,1.30,1.00
2015.03.23 22:36:05.181,7.8803,7.89148,1.30,1.00
2015.03.23 22:36:05.716,7.8803,7.89138,1.30,1.00
2015.03.23 22:36:06.015,7.8803,7.89148,1.30,1.00
2015.03.23 22:36:08.255,7.8803,7.89158,1.30,1.00
2015.03.23 22:36:08.457,7.8803,7.89178,1.30,1.00
2015.03.23 22:36:09.834,7.8803,7.89168,1.30,1.00
2015.03.23 22:36:10.836,7.8803,7.89167,1.30,1.00
2015.03.23 22:36:24.580,7.8803,7.89158,1.30,1.00
2015.03.23 22:36:24.894,7.8803,7.89138,1.30,1.00
2015.03.23 22:36:25.216,7.87985,7.89128,1.30,1.00
2015.03.23 22:36:26.296,7.87985,7.89118,1.30,1.00
2015.03.23 22:36:27.301,7.87985,7.89107,1.30,1.00
2015.03.23 22:36:36.242,7.87985,7.89108,1.30,1.00
2015.03.23 22:36:36.965,7.87985,7.89118,1.30,1.00
2015.03.23 22:36:38.795,7.87985,7.89108,1.30,1.00
2015.03.23 22:36:40.207,7.87985,7.89098,1.30,1.00
2015.03.23 22:36:40.775,7.87985,7.89088,1.30,1.00
2015.03.23 22:36:44.224,7.87985,7.89098,1.30,1.00
2015.03.23 22:36:44.708,7.87985,7.89108,1.30,1.00
2015.03.23 22:36:45.250,7.88016,7.89108,1.30,1.00
2015.03.23 22:36:45.594,7.88016,7.89097,1.30,1.00
2015.03.23 22:36:48.018,7.88016,7.89088,1.30,1.00
2015.03.23 22:36:49.714,7.88016,7.89077,1.30,1.00
2015.03.23 22:36:51.668,7.88016,7.89088,1.30,1.00
2015.03.23 22:36:51.725,7.88016,7.89098,1.30,1.00
2015.03.23 22:36:51.876,7.88016,7.89088,1.30,1.00
2015.03.23 22:36:54.232,7.88016,7.89078,1.30,1.00
2015.03.23 22:36:57.456,7.88016,7.89088,1.30,1.00
2015.03.23 22:36:57.988,7.88016,7.89098,1.30,1.00
2015.03.23 22:37:00.064,7.88016,7.89097,1.30,1.00
2015.03.23 22:37:00.166,7.88016,7.89087,1.30,1.00
2015.03.23 22:37:01.685,7.88016,7.89098,1.30,1.00
2015.03.23 22:37:05.279,7.87995,7.89098,1.95,1.00
2015.03.23 22:37:05.804,7.87995,7.89097,1.30,1.00
2015.03.23 22:37:07.016,7.87995,7.89088,1.30,1.00
2015.03.23 22:37:07.422,7.87995,7.89098,1.30,1.00
2015.03.23 22:37:07.673,7.87995,7.89108,1.30,1.00
2015.03.23 22:37:07.774,7.87995,7.89098,1.30,1.00
2015.03.23 22:37:08.078,7.87995,7.89108,1.30,1.00
2015.03.23 22:37:10.941,7.87995,7.89098,1.30,1.00
2015.03.23 22:37:11.647,7.87995,7.89108,1.30,1.00
2015.03.23 22:37:11.747,7.87995,7.89098,1.30,1.00
2015.03.23 22:37:12.565,7.87995,7.89108,1.30,1.00
2015.03.23 22:37:12.867,7.87995,7.89097,1.30,1.00
2015.03.23 22:37:16.486,7.87995,7.89098,1.30,1.00
2015.03.23 22:37:17.032,7.87995,7.89088,1.30,1.00
2015.03.23 22:37:18.096,7.87995,7.89098,1.30,1.00
2015.03.23 22:37:18.904,7.87995,7.89097,1.30,1.00
2015.03.23 22:37:19.038,7.87995,7.89108,1.30,1.00
2015.03.23 22:37:20.825,7.87995,7.89098,1.30,1.00
2015.03.23 22:37:22.152,7.87995,7.89088,1.30,1.00
2015.03.23 22:37:23.137,7.87995,7.89098,1.30,1.00
2015.03.23 22:37:23.955,7.87995,7.89088,1.30,1.00
2015.03.23 22:37:24.443,7.87995,7.89078,1.30,1.00
2015.03.23 22:37:24.776,7.87995,7.89087,1.30,1.00
2015.03.23 22:37:25.250,7.87995,7.89098,1.30,1.00
2015.03.23 22:37:25.351,7.88019,7.89098,1.30,1.00
2015.03.23 22:37:26.258,7.88019,7.89088,1.30,1.00
2015.03.23 22:37:26.460,7.88019,7.89098,1.30,1.00
2015.03.23 22:37:27.977,7.88019,7.89088,1.30,1.00
2015.03.23 22:37:29.002,7.88019,7.89078,1.30,1.00
2015.03.23 22:37:29.178,7.88019,7.89088,1.30,1.00
2015.03.23 22:37:29.618,7.88019,7.89078,1.30,1.00
2015.03.23 22:37:29.782,7.88019,7.89088,1.30,1.00
2015.03.23 22:37:30.895,7.88019,7.89077,1.30,1.00
2015.03.23 22:37:31.102,7.88019,7.89088,1.30,1.00
2015.03.23 22:37:31.343,7.88019,7.89078,1.30,1.00
2015.03.23 22:37:31.607,7.88019,7.89087,1.30,1.00
2015.03.23 22:37:31.711,7.88019,7.89077,1.30,1.00
2015.03.23 22:37:32.216,7.88019,7.89078,1.30,1.00
2015.03.23 22:37:32.408,7.88019,7.89088,1.30,1.00
2015.03.23 22:37:33.317,7.88019,7.89078,1.30,1.00
2015.03.23 22:37:33.521,7.88019,7.89087,1.30,1.00
2015.03.23 22:37:34.197,7.88019,7.89088,1.30,1.00
2015.03.23 22:37:35.129,7.88019,7.89078,1.30,1.00
2015.03.23 22:37:35.431,7.88019,7.89088,1.30,1.00
2015.03.23 22:37:35.567,7.88019,7.89078,1.30,1.00
2015.03.23 22:37:35.753,7.88019,7.89088,1.30,1.00
2015.03.23 22:37:36.556,7.88019,7.89078,1.30,1.00
2015.03.23 22:37:36.742,7.88019,7.89088,1.30,1.00
2015.03.23 22:37:37.146,7.88019,7.89078,1.30,1.00
2015.03.23 22:37:37.447,7.88019,7.89087,1.30,1.00
2015.03.23 22:37:37.950,7.88019,7.89078,1.30,1.00
2015.03.23 22:37:41.507,7.88019,7.89068,1.30,1.00
2015.03.23 22:37:42.117,7.88019,7.89067,1.30,1.00
2015.03.23 22:37:42.498,7.88019,7.89077,1.30,1.00
2015.03.23 22:37:43.373,7.88019,7.89068,1.30,1.00
2015.03.23 22:37:43.768,7.88019,7.89058,1.30,1.00
2015.03.23 22:37:43.882,7.88019,7.89068,1.30,1.00
2015.03.23 22:37:45.089,7.88019,7.89057,1.30,1.00
2015.03.23 22:37:45.470,7.87998,7.89057,1.30,1.00
2015.03.23 22:37:45.528,7.87986,7.89057,1.30,1.00
2015.03.23 22:37:47.347,7.87986,7.89068,1.30,1.00
2015.03.23 22:37:47.672,7.87986,7.89078,1.30,1.00
2015.03.23 22:37:57.754,7.87986,7.89088,1.30,1.00
2015.03.23 22:37:58.039,7.87986,7.89078,1.30,1.00
2015.03.23 22:37:58.671,7.87986,7.89087,1.30,1.00
2015.03.23 22:38:06.098,7.88022,7.89087,1.30,1.00
2015.03.23 22:38:07.976,7.88022,7.89098,1.30,1.00
2015.03.23 22:38:10.511,7.88022,7.89097,1.30,1.00
2015.03.23 22:38:12.216,7.88022,7.89098,1.30,1.00
2015.03.23 22:38:17.334,7.88022,7.89108,1.30,1.00
2015.03.23 22:38:17.549,7.88022,7.89148,1.30,1.00
2015.03.23 22:38:17.680,7.88022,7.89138,1.30,1.00
2015.03.23 22:38:18.549,7.88022,7.89127,1.30,1.00
2015.03.23 22:38:22.318,7.88022,7.89128,1.30,1.00
2015.03.23 22:38:23.439,7.88022,7.89118,1.30,1.00
2015.03.23 22:38:23.695,7.88022,7.89128,1.30,1.00
2015.03.23 22:38:24.610,7.88022,7.89117,1.30,1.00
2015.03.23 22:38:27.160,7.88053,7.89117,1.30,1.00
2015.03.23 22:38:31.692,7.88053,7.89118,1.30,1.00
2015.03.23 22:38:32.021,7.88053,7.89107,1.30,1.00
2015.03.23 22:38:33.178,7.88053,7.89098,1.30,1.00
2015.03.23 22:38:36.313,7.88053,7.89087,1.30,1.00
2015.03.23 22:38:37.302,7.88053,7.89088,1.30,1.00
2015.03.23 22:38:38.015,7.88053,7.89098,1.30,1.00
2015.03.23 22:38:38.622,7.88053,7.89078,1.30,1.00
2015.03.23 22:38:43.460,7.88053,7.89087,1.30,1.00
2015.03.23 22:38:44.185,7.88053,7.89088,1.30,1.00
2015.03.23 22:38:47.487,7.88033,7.89088,1.30,1.00
2015.03.23 22:38:47.619,7.88029,7.89088,1.30,1.00
2015.03.23 22:38:55.514,7.88029,7.89087,1.30,1.00
2015.03.23 22:38:56.023,7.88029,7.89088,1.30,1.00
2015.03.23 22:38:58.098,7.88029,7.89078,1.30,1.00
2015.03.23 22:38:58.763,7.88029,7.89077,1.30,1.00
2015.03.23 22:38:59.008,7.88029,7.89088,1.30,1.00
2015.03.23 22:38:59.161,7.88029,7.89118,1.30,1.00
2015.03.23 22:38:59.755,7.88029,7.89117,1.30,1.00
2015.03.23 22:39:00.319,7.88029,7.89118,1.30,1.00
2015.03.23 22:39:00.465,7.88029,7.89108,1.30,1.00
2015.03.23 22:39:03.539,7.88029,7.89098,1.30,1.00
2015.03.23 22:39:08.112,7.88017,7.89098,1.30,1.00
2015.03.23 22:39:08.757,7.88017,7.89108,1.30,1.00
2015.03.23 22:39:08.891,7.88017,7.89098,1.30,1.00
2015.03.23 22:39:10.066,7.88017,7.89108,1.30,1.00
2015.03.23 22:39:10.470,7.88017,7.89098,1.30,1.00
2015.03.23 22:39:13.712,7.88017,7.89088,1.30,1.00
2015.03.23 22:39:16.627,7.88017,7.89087,1.30,1.00
2015.03.23 22:39:17.305,7.88017,7.89077,1.30,1.00
2015.03.23 22:39:17.910,7.88017,7.89078,1.30,1.00
2015.03.23 22:39:18.723,7.88017,7.89068,1.30,1.00
2015.03.23 22:39:19.326,7.88017,7.89078,1.30,1.00
2015.03.23 22:39:19.645,7.88017,7.89088,1.30,1.00
2015.03.23 22:39:22.645,7.88017,7.89078,1.30,1.00
2015.03.23 22:39:26.458,7.88017,7.89067,1.30,1.00
2015.03.23 22:39:27.365,7.88017,7.89078,1.30,1.00
2015.03.23 22:39:28.137,7.88003,7.89078,1.30,1.00
2015.03.23 22:39:34.895,7.88003,7.89068,1.30,1.00
2015.03.23 22:39:35.714,7.88003,7.89077,1.30,1.00
2015.03.23 22:39:36.279,7.88003,7.89078,1.30,1.00
2015.03.23 22:39:36.813,7.88003,7.89077,1.30,1.00
2015.03.23 22:39:37.013,7.88003,7.89088,1.30,1.00
2015.03.23 22:39:38.624,7.88003,7.89068,1.30,1.00
2015.03.23 22:39:38.828,7.88003,7.89078,1.30,1.00
2015.03.23 22:39:38.934,7.88003,7.89068,1.30,1.00
2015.03.23 22:39:40.740,7.88003,7.89058,1.30,1.00
2015.03.23 22:39:43.597,7.88003,7.89068,1.30,1.00
2015.03.23 22:39:43.761,7.88003,7.89078,1.30,1.00
2015.03.23 22:39:44.167,7.88003,7.89068,1.30,1.00
2015.03.23 22:39:45.210,7.88003,7.89078,1.30,1.00
2015.03.23 22:39:45.281,7.88003,7.89068,1.30,1.00
2015.03.23 22:39:46.093,7.88003,7.89078,1.30,1.00
2015.03.23 22:39:47.507,7.88003,7.89068,1.30,1.00
2015.03.23 22:39:48.561,7.87988,7.89068,1.30,1.00
2015.03.23 22:39:48.612,7.87988,7.89078,1.30,1.00
2015.03.23 22:39:49.205,7.87988,7.89077,1.30,1.00
2015.03.23 22:39:50.028,7.87988,7.89087,1.30,1.00
2015.03.23 22:39:53.638,7.87988,7.89077,1.30,1.00
2015.03.23 22:39:53.870,7.87988,7.89088,1.30,1.00
2015.03.23 22:39:54.165,7.87988,7.89078,1.30,1.00
2015.03.23 22:39:55.278,7.87988,7.89068,1.30,1.00
2015.03.23 22:40:08.591,7.87988,7.89057,1.30,1.00
2015.03.23 22:40:08.788,7.87965,7.89057,1.30,1.00
2015.03.23 22:40:09.050,7.87965,7.89048,1.30,1.00
2015.03.23 22:40:09.864,7.87965,7.89047,1.30,1.00
2015.03.23 22:40:10.255,7.87965,7.89078,1.30,1.00
2015.03.23 22:40:10.356,7.87965,7.89067,1.30,1.00
2015.03.23 22:40:11.055,7.87965,7.89068,1.30,1.00
2015.03.23 22:40:11.441,7.87965,7.89078,1.30,1.00
2015.03.23 22:40:12.143,7.87965,7.89068,1.30,1.00
2015.03.23 22:40:12.351,7.87965,7.89078,1.30,1.00
2015.03.23 22:40:12.650,7.87965,7.89087,1.30,1.00
2015.03.23 22:40:13.152,7.87965,7.89088,1.30,1.00
2015.03.23 22:40:13.256,7.87965,7.89078,1.30,1.00
2015.03.23 22:40:13.672,7.87965,7.89088,1.30,1.00
2015.03.23 22:40:17.915,7.87965,7.89087,1.30,1.00
2015.03.23 22:40:29.121,7.87985,7.89087,1.30,1.00
2015.03.23 22:40:29.777,7.87985,7.89088,1.30,1.00
2015.03.23 22:40:30.112,7.87985,7.89078,1.30,1.00
2015.03.23 22:40:30.478,7.87985,7.89058,1.30,1.00
2015.03.23 22:40:30.839,7.87985,7.89048,1.30,1.00
2015.03.23 22:40:32.123,7.87985,7.89028,1.30,1.00
2015.03.23 22:40:37.973,7.87985,7.89018,1.30,1.00
2015.03.23 22:40:38.225,7.87985,7.89028,1.30,1.00
2015.03.23 22:40:39.229,7.87985,7.89018,1.30,1.00
2015.03.23 22:40:49.156,7.87965,7.89018,1.30,1.00
2015.03.23 22:40:49.207,7.87918,7.89018,1.30,1.00
2015.03.23 22:40:52.401,7.87918,7.88988,1.30,1.00
2015.03.23 22:40:57.834,7.87918,7.88997,1.30,1.00
2015.03.23 22:40:58.955,7.87918,7.88998,1.30,1.00
2015.03.23 22:41:00.371,7.87918,7.89008,1.30,1.00
2015.03.23 22:41:01.657,7.87918,7.89018,1.30,1.00
2015.03.23 22:41:02.612,7.87918,7.88997,1.30,1.00
2015.03.23 22:41:02.781,7.87918,7.89017,1.30,1.00
2015.03.23 22:41:05.944,7.87918,7.89027,1.30,1.00
2015.03.23 22:41:06.936,7.87918,7.89038,1.30,1.00
2015.03.23 22:41:10.088,7.87914,7.89038,1.30,1.00
2015.03.23 22:41:11.562,7.87914,7.89028,1.30,1.00
2015.03.23 22:41:12.692,7.87914,7.89007,1.30,1.00
2015.03.23 22:41:13.445,7.87914,7.89008,1.30,1.00
2015.03.23 22:41:13.995,7.87914,7.88998,1.30,1.00
2015.03.23 22:41:15.569,7.87914,7.88987,1.30,1.00
2015.03.23 22:41:17.709,7.87914,7.88978,1.30,1.00
2015.03.23 22:41:20.196,7.87914,7.88968,1.30,1.00
2015.03.23 22:41:21.130,7.87914,7.88978,1.30,1.00
2015.03.23 22:41:21.741,7.87914,7.88988,1.30,1.00
2015.03.23 22:41:23.125,7.87914,7.88978,1.30,1.00
2015.03.23 22:41:23.440,7.87914,7.88987,1.30,1.00
2015.03.23 22:41:24.386,7.87914,7.89018,1.30,1.00
2015.03.23 22:41:24.487,7.87914,7.89008,1.30,1.00
2015.03.23 22:41:25.167,7.87914,7.88998,1.30,1.00
2015.03.23 22:41:26.560,7.87914,7.88988,1.30,1.00
2015.03.23 22:41:27.403,7.87914,7.88977,1.30,1.00
2015.03.23 22:41:27.869,7.87914,7.88988,1.30,1.00
2015.03.23 22:41:28.198,7.87914,7.88978,1.30,1.00
2015.03.23 22:41:31.217,7.87918,7.88978,1.30,1.00
2015.03.23 22:41:42.179,7.87918,7.88968,1.30,1.00
2015.03.23 22:41:44.902,7.87918,7.88958,1.30,1.00
2015.03.23 22:41:48.966,7.87918,7.88968,1.30,1.00
2015.03.23 22:41:52.165,7.87905,7.88968,1.30,1.00
2015.03.23 22:41:55.244,7.87905,7.88958,1.30,1.00
2015.03.23 22:41:55.347,7.87905,7.88968,1.30,1.00
2015.03.23 22:41:55.898,7.87905,7.88958,1.30,1.00
2015.03.23 22:42:00.500,7.87905,7.88968,1.30,1.00
2015.03.23 22:42:02.313,7.87905,7.88967,1.30,1.00
2015.03.23 22:42:02.875,7.87905,7.88968,1.30,1.00
2015.03.23 22:42:03.667,7.87905,7.88957,1.30,1.00
2015.03.23 22:42:05.943,7.87905,7.88968,1.30,1.00
2015.03.23 22:42:07.408,7.87905,7.88978,1.30,1.00
2015.03.23 22:42:08.698,7.87905,7.88967,1.30,1.00
2015.03.23 22:42:09.406,7.87905,7.88978,1.30,1.00
2015.03.23 22:42:10.924,7.87905,7.88968,1.30,1.00
2015.03.23 22:42:11.835,7.87905,7.88977,1.30,1.00
2015.03.23 22:42:12.491,7.87905,7.88968,1.30,1.00
2015.03.23 22:42:12.542,7.87888,7.88968,1.30,1.00
2015.03.23 22:42:12.651,7.87888,7.88958,1.30,1.00
2015.03.23 22:42:12.761,7.87888,7.88968,1.30,1.00
2015.03.23 22:42:25.935,7.87888,7.88967,1.30,1.00
2015.03.23 22:42:26.437,7.87888,7.88968,1.30,1.00
2015.03.23 22:42:30.697,7.87888,7.88967,1.30,1.00
2015.03.23 22:42:32.014,7.87888,7.88978,1.30,1.00
2015.03.23 22:42:32.219,7.87888,7.88968,1.30,1.00
2015.03.23 22:42:33.109,7.87887,7.88968,1.30,1.00
2015.03.23 22:42:37.865,7.87887,7.88958,1.30,1.00
2015.03.23 22:42:41.378,7.87887,7.88968,1.30,1.00
2015.03.23 22:42:41.599,7.87887,7.88958,1.30,1.00
2015.03.23 22:42:42.194,7.87887,7.88967,1.30,1.00
2015.03.23 22:42:42.325,7.87892,7.88923,1.00,1.00
2015.03.23 22:42:53.751,7.87905,7.88923,1.30,1.00
2015.03.23 22:42:55.962,7.87942,7.8885,1.00,1.00
2015.03.23 22:42:56.179,7.87905,7.88846,1.30,1.00
2015.03.23 22:42:57.711,7.87907,7.88777,1.00,1.00
2015.03.23 22:42:58.591,7.8793,7.88716,1.00,1.00
2015.03.23 22:43:00.162,7.87905,7.88689,1.30,1.00
2015.03.23 22:43:01.467,7.87905,7.88624,1.30,1.00
2015.03.23 22:43:02.152,7.87921,7.88582,1.00,1.00
2015.03.23 22:43:02.805,7.87959,7.88538,1.00,1.00
2015.03.23 22:43:11.155,7.87929,7.88499,1.00,1.00
2015.03.23 22:43:11.241,7.87905,7.8853,1.30,1.00
2015.03.23 22:43:12.131,7.87905,7.88492,1.30,1.00
2015.03.23 22:43:12.232,7.87905,7.88516,1.30,1.00
2015.03.23 22:43:14.200,7.87906,7.88516,1.30,1.00
2015.03.23 22:43:14.693,7.87906,7.88567,1.30,1.00
2015.03.23 22:43:55.563,7.87905,7.88567,1.30,1.00
2015.03.23 22:44:14.760,7.87905,7.88789,1.30,1.00
2015.03.23 22:44:35.610,7.87903,7.88788,1.30,1.00
2015.03.23 22:44:36.193,7.87903,7.88789,1.30,1.00
2015.03.23 22:44:38.252,7.87903,7.88553,1.30,1.00
2015.03.23 22:44:44.970,7.87903,7.88502,1.30,1.00
2015.03.23 22:44:45.349,7.87903,7.88479,1.30,1.00
2015.03.23 22:44:55.870,7.87881,7.88479,1.30,1.00
2015.03.23 22:45:03.157,7.87881,7.88507,1.30,1.00
2015.03.23 22:45:13.618,7.87881,7.88467,1.30,1.00
2015.03.23 22:45:13.719,7.87881,7.8888,1.30,1.00
2015.03.23 22:45:13.770,7.87881,7.88688,1.30,1.00
2015.03.23 22:45:14.191,7.87881,7.88461,1.30,1.00
2015.03.23 22:45:16.153,7.87861,7.88461,1.30,1.00
2015.03.23 22:45:16.503,7.87834,7.88461,1.30,1.00
2015.03.23 22:45:24.478,7.87834,7.88428,1.30,1.00
2015.03.23 22:45:31.310,7.87834,7.88374,1.30,1.00
2015.03.23 22:45:31.620,7.87834,7.88393,1.30,1.00
2015.03.23 22:45:31.722,7.87834,7.88367,1.30,1.00
2015.03.23 22:45:31.875,7.87834,7.88385,1.30,1.00
2015.03.23 22:45:32.082,7.87834,7.88343,1.30,1.00
2015.03.23 22:45:33.509,7.87834,7.88355,1.30,1.00
2015.03.23 22:45:33.614,7.87834,7.88371,1.30,1.00
2015.03.23 22:45:33.715,7.87834,7.88319,1.30,1.00
2015.03.23 22:45:34.178,7.87834,7.88365,1.30,1.00
2015.03.23 22:45:34.487,7.87834,7.88347,1.30,1.00
2015.03.23 22:45:35.142,7.87855,7.88318,1.00,1.00
2015.03.23 22:45:35.243,7.87834,7.88372,1.30,1.00
2015.03.23 22:45:35.507,7.87834,7.88489,1.30,1.00
2015.03.23 22:45:35.570,7.87834,7.88435,1.30,1.00
2015.03.23 22:45:36.216,7.87734,7.88435,1.30,1.00
2015.03.23 22:45:44.076,7.87734,7.88416,1.30,1.00
2015.03.23 22:45:47.586,7.87734,7.88361,1.30,1.00
2015.03.23 22:45:49.014,7.87734,7.88321,1.30,1.00
2015.03.23 22:45:49.324,7.87556,7.88327,1.30,1.00
2015.03.23 22:45:49.695,7.87644,7.88298,1.00,1.00
2015.03.23 22:45:49.796,7.87556,7.88281,1.30,1.00
2015.03.23 22:45:49.897,7.87556,7.88313,1.30,1.00
2015.03.23 22:45:51.452,7.87556,7.8826,1.30,1.00
2015.03.23 22:45:53.185,7.87556,7.88235,1.30,1.00
2015.03.23 22:45:53.516,7.87556,7.88193,1.30,1.00
2015.03.23 22:45:58.784,7.87556,7.88145,1.30,1.00
2015.03.23 22:46:00.134,7.87556,7.88524,1.30,1.00
2015.03.23 22:46:00.236,7.87556,7.88158,1.30,1.00
2015.03.23 22:46:09.376,7.8752,7.88158,1.30,1.00
2015.03.23 22:46:26.087,7.8752,7.88138,1.30,1.00
2015.03.23 22:46:29.030,7.8752,7.88115,1.30,1.00
2015.03.23 22:46:29.836,7.87506,7.88115,1.30,1.00
2015.03.23 22:46:35.982,7.87506,7.88102,1.30,1.00
2015.03.23 22:46:40.190,7.87506,7.88156,1.30,1.00
2015.03.23 22:46:40.295,7.87506,7.88294,1.30,1.00
2015.03.23 22:46:42.048,7.87506,7.88223,1.30,1.00
2015.03.23 22:46:42.350,7.87506,7.88156,1.30,1.00
2015.03.23 22:46:49.824,7.87577,7.88156,1.30,1.00
2015.03.23 22:47:02.064,7.87577,7.8813,1.30,1.00
2015.03.23 22:47:10.227,7.8752,7.8813,1.00,1.00
2015.03.23 22:47:13.128,7.87512,7.88131,1.30,1.00
2015.03.23 22:47:14.248,7.87512,7.88107,1.30,1.00
2015.03.23 22:47:15.925,7.87512,7.88133,1.30,1.00
2015.03.23 22:47:16.100,7.87512,7.88114,1.30,1.00
2015.03.23 22:47:28.568,7.87512,7.88086,1.30,1.00
2015.03.23 22:47:30.366,7.87506,7.88086,1.00,1.00
2015.03.23 22:47:58.252,7.87494,7.88101,1.30,1.00
2015.03.23 22:47:58.353,7.87494,7.88112,1.30,1.00
2015.03.23 22:47:58.448,7.87494,7.88122,1.30,1.00
2015.03.23 22:47:58.599,7.87494,7.8811,1.30,1.00
2015.03.23 22:48:10.127,7.87494,7.88099,1.30,1.00
2015.03.23 22:48:11.472,7.87506,7.88099,1.30,1.00
2015.03.23 22:48:11.840,7.87526,7.88099,1.30,1.00
2015.03.23 22:48:18.480,7.87526,7.88145,1.30,1.00
2015.03.23 22:48:32.091,7.8753,7.88145,1.30,1.00
2015.03.23 22:48:32.651,7.8755,7.88145,1.30,1.00
2015.03.23 22:48:37.853,7.8755,7.88115,1.30,1.00
2015.03.23 22:48:38.527,7.8755,7.88088,1.30,1.00
2015.03.23 22:48:38.872,7.8755,7.88047,1.30,1.00
2015.03.23 22:48:40.168,7.8755,7.88046,1.30,1.00
2015.03.23 22:48:40.809,7.8755,7.88005,1.30,1.00
2015.03.23 22:48:40.910,7.8755,7.88028,1.30,1.00
2015.03.23 22:48:46.435,7.8755,7.88024,1.30,1.00
2015.03.23 22:48:52.101,7.8753,7.88024,1.30,1.00
2015.03.23 22:48:52.152,7.87414,7.88024,1.30,1.00
2015.03.23 22:49:13.078,7.87426,7.88024,1.30,0.75
2015.03.23 22:49:13.637,7.87426,7.88016,1.30,1.00
2015.03.23 22:49:17.649,7.87426,7.87997,1.30,1.00
2015.03.23 22:49:32.967,7.87426,7.88058,1.30,1.00
2015.03.23 22:49:33.119,7.87466,7.88058,1.30,1.00
2015.03.23 22:49:33.277,7.87466,7.88112,1.30,1.00
2015.03.23 22:49:34.478,7.87466,7.88056,1.30,1.00
2015.03.23 22:49:53.219,7.87487,7.88056,1.30,1.00
2015.03.23 22:49:53.769,7.87487,7.88077,1.30,1.00
2015.03.23 22:49:54.575,7.87487,7.88225,1.30,1.00
2015.03.23 22:49:54.778,7.87487,7.88334,1.30,1.00
2015.03.23 22:49:55.201,7.87487,7.88463,1.30,1.00
2015.03.23 22:49:55.453,7.87487,7.88563,1.30,1.00
2015.03.23 22:49:55.576,7.87487,7.88687,1.30,1.00
2015.03.23 22:49:55.728,7.87487,7.88677,1.30,1.00
2015.03.23 22:49:58.636,7.87487,7.88688,1.30,1.00
2015.03.23 22:49:59.660,7.87487,7.88678,1.30,1.00
2015.03.23 22:50:00.113,7.87493,7.88678,1.00,1.00
2015.03.23 22:50:01.693,7.87493,7.88688,1.00,1.00
2015.03.23 22:50:02.095,7.87493,7.88678,1.00,1.00
2015.03.23 22:50:02.721,7.87493,7.88668,1.00,1.00
2015.03.23 22:50:03.327,7.87493,7.88678,1.00,1.00
2015.03.23 22:50:03.540,7.87493,7.88687,1.00,1.00
2015.03.23 22:50:03.779,7.87487,7.88687,1.30,1.00
2015.03.23 22:50:04.911,7.87487,7.88688,1.30,1.00
2015.03.23 22:50:14.133,7.87607,7.88688,1.30,1.00
2015.03.23 22:50:14.521,7.87626,7.88688,1.30,1.00
2015.03.23 22:50:22.025,7.87626,7.88697,1.30,1.00
2015.03.23 22:50:22.561,7.87626,7.88698,1.30,1.00
2015.03.23 22:50:23.436,7.87626,7.88687,1.30,1.00
2015.03.23 22:50:24.995,7.87626,7.88678,1.30,1.00
2015.03.23 22:50:25.096,7.87626,7.88688,1.30,1.00
2015.03.23 22:50:25.197,7.87626,7.88698,1.30,1.00
2015.03.23 22:50:26.859,7.87626,7.88687,1.30,1.00
2015.03.23 22:50:27.391,7.87626,7.88688,1.30,1.00
2015.03.23 22:50:28.385,7.87626,7.88698,1.30,1.00
2015.03.23 22:50:31.117,7.87626,7.88688,1.30,1.00
2015.03.23 22:50:34.153,7.87626,7.88678,1.30,1.00
2015.03.23 22:50:34.554,7.87615,7.88678,1.30,1.00
2015.03.23 22:50:48.452,7.87615,7.88687,1.30,1.00
2015.03.23 22:50:50.260,7.87615,7.88678,1.30,1.00
2015.03.23 22:50:53.089,7.87615,7.88668,1.30,1.00
2015.03.23 22:50:53.593,7.87615,7.88678,1.30,1.00
2015.03.23 22:50:54.596,7.87615,7.88668,1.30,1.00
2015.03.23 22:50:54.998,7.87615,7.88678,1.30,1.00
2015.03.23 22:50:55.215,7.87608,7.88678,1.30,1.00
2015.03.23 22:51:00.332,7.87608,7.88645,1.30,1.00
2015.03.23 22:51:00.638,7.87608,7.88599,1.30,1.00
2015.03.23 22:51:01.653,7.87608,7.88539,1.30,1.00
2015.03.23 22:51:04.829,7.87608,7.88579,1.30,1.00
2015.03.23 22:51:04.980,7.87608,7.88525,1.30,1.00
2015.03.23 22:51:05.283,7.87608,7.88498,1.30,1.00
2015.03.23 22:51:06.632,7.87714,7.88272,1.00,1.00
2015.03.23 22:51:06.970,7.87751,7.88235,1.00,1.00
2015.03.23 22:51:07.071,7.87637,7.88305,1.00,1.00
2015.03.23 22:51:07.172,7.87718,7.88268,1.00,1.00
2015.03.23 22:51:37.497,7.8766,7.88284,1.30,1.00
2015.03.23 22:51:37.649,7.8766,7.88324,1.30,1.00
2015.03.23 22:51:39.171,7.8766,7.88263,1.30,1.00
2015.03.23 22:51:39.272,7.8766,7.88308,1.30,1.00
2015.03.23 22:51:40.137,7.8766,7.88262,1.30,1.00
2015.03.23 22:51:43.328,7.8766,7.8823,1.30,1.00
2015.03.23 22:51:44.647,7.8766,7.88228,1.30,1.00
2015.03.23 22:51:56.208,7.87659,7.88228,1.30,1.00
2015.03.23 22:52:01.697,7.87659,7.8829,1.30,1.00
2015.03.23 22:52:01.835,7.87659,7.88258,1.30,1.00
2015.03.23 22:52:08.076,7.87659,7.88288,1.30,1.00
2015.03.23 22:52:08.328,7.87659,7.88283,1.30,1.00
2015.03.23 22:52:08.629,7.87659,7.88257,1.30,1.00
2015.03.23 22:52:17.136,7.87643,7.88257,1.30,1.00
2015.03.23 22:52:27.106,7.87643,7.8827,1.30,1.00
2015.03.23 22:52:27.897,7.87643,7.8824,1.30,1.00
2015.03.23 22:52:37.085,7.87652,7.8824,1.30,1.00
2015.03.23 22:52:46.165,7.87652,7.88261,1.30,1.00
2015.03.23 22:52:46.366,7.87652,7.88231,1.30,1.00
2015.03.23 22:52:56.191,7.87652,7.88255,1.30,1.00
2015.03.23 22:52:56.292,7.87652,7.88231,1.30,1.00
2015.03.23 22:52:58.158,7.87643,7.88231,1.30,1.00
2015.03.23 22:53:03.741,7.87643,7.88201,1.30,1.00
2015.03.23 22:53:05.495,7.87643,7.88236,1.30,1.00
2015.03.23 22:53:05.652,7.87643,7.882,1.30,1.00
2015.03.23 22:53:11.115,7.87643,7.88227,1.30,1.00
2015.03.23 22:53:11.216,7.87643,7.88205,1.30,1.00
2015.03.23 22:53:15.190,7.87643,7.88229,1.30,1.00
2015.03.23 22:53:16.099,7.87643,7.882,1.30,1.00
2015.03.23 22:53:16.408,7.87643,7.88171,1.30,1.00
2015.03.23 22:53:18.255,7.87643,7.88201,1.30,1.00
2015.03.23 22:53:18.306,7.87578,7.88201,1.30,1.00
2015.03.23 22:53:18.407,7.87578,7.88194,1.30,1.00
2015.03.23 22:53:18.609,7.87578,7.88265,1.30,1.00
2015.03.23 22:53:18.711,7.87578,7.88189,1.30,1.00
2015.03.23 22:53:19.013,7.87578,7.88184,1.30,1.00
2015.03.23 22:53:25.208,7.87578,7.88179,1.30,1.00
2015.03.23 22:53:25.530,7.87578,7.88504,1.30,1.00
2015.03.23 22:53:25.632,7.87578,7.88336,1.30,1.00
2015.03.23 22:53:26.665,7.87578,7.88278,1.30,1.00
2015.03.23 22:53:32.378,7.87578,7.88185,1.30,1.00
2015.03.23 22:53:32.680,7.87578,7.88209,1.30,1.00
2015.03.23 22:53:33.562,7.87578,7.8818,1.30,1.00
2015.03.23 22:53:33.765,7.87578,7.88183,1.30,1.00
2015.03.23 22:53:38.242,7.87565,7.88183,1.30,1.00
2015.03.23 22:53:41.575,7.87565,7.88153,1.30,1.00
2015.03.23 22:53:53.125,7.87565,7.88177,1.30,1.00
2015.03.23 22:53:54.239,7.87565,7.88159,1.30,1.00
2015.03.23 22:53:58.383,7.87551,7.88159,1.30,1.00
2015.03.23 22:54:03.146,7.87551,7.88145,1.30,1.00
2015.03.23 22:54:19.130,7.87531,7.88145,1.30,1.00
2015.03.23 22:54:20.124,7.87531,7.88131,1.30,1.00
2015.03.23 22:54:23.155,7.87531,7.88132,1.30,1.00
2015.03.23 22:54:39.262,7.87551,7.88132,1.30,1.00
2015.03.23 22:54:59.194,7.87552,7.88132,1.30,1.00
2015.03.23 22:55:00.406,7.87552,7.8816,1.30,1.00
2015.03.23 22:55:05.662,7.87552,7.88096,1.30,1.00
2015.03.23 22:55:06.966,7.87552,7.88038,1.30,1.00
2015.03.23 22:55:09.167,7.87552,7.88044,1.30,1.00
2015.03.23 22:55:09.386,7.87552,7.88,1.30,1.00
2015.03.23 22:55:09.606,7.87552,7.88026,1.30,1.00
2015.03.23 22:55:13.787,7.87552,7.87985,1.30,1.00
2015.03.23 22:55:20.228,7.8745,7.87985,1.00,1.00
2015.03.23 22:55:20.279,7.87392,7.88016,1.30,1.00
2015.03.23 22:55:20.434,7.87392,7.88038,1.30,1.00
2015.03.23 22:55:21.931,7.87392,7.87986,1.30,1.00
2015.03.23 22:55:22.411,7.87392,7.87955,1.30,1.00
2015.03.23 22:55:25.362,7.87392,7.88051,1.30,1.00
2015.03.23 22:55:25.463,7.87392,7.88331,1.30,1.00
2015.03.23 22:55:25.627,7.87392,7.88387,1.30,1.00
2015.03.23 22:55:25.678,7.87392,7.88397,1.30,1.00
2015.03.23 22:55:26.123,7.87392,7.88408,1.30,1.00
2015.03.23 22:55:26.482,7.87392,7.88398,1.30,1.00
2015.03.23 22:55:27.090,7.87392,7.88438,1.30,1.00
2015.03.23 22:55:27.195,7.87392,7.88428,1.30,1.00
2015.03.23 22:55:27.256,7.87392,7.88438,1.30,1.00
2015.03.23 22:55:27.386,7.87392,7.88458,1.30,1.00
2015.03.23 22:55:27.608,7.87392,7.88467,1.30,1.00
2015.03.23 22:55:27.822,7.87392,7.88478,1.30,1.00
2015.03.23 22:55:28.287,7.87392,7.88488,1.30,1.00
2015.03.23 22:55:28.394,7.87392,7.88478,1.30,1.00
2015.03.23 22:55:28.530,7.87392,7.88488,1.30,1.00
2015.03.23 22:55:28.599,7.87392,7.88478,1.30,1.00
2015.03.23 22:55:29.147,7.87392,7.88488,1.30,1.00
2015.03.23 22:55:29.313,7.87392,7.88498,1.30,1.00
2015.03.23 22:55:29.925,7.87392,7.88497,1.30,1.00
2015.03.23 22:55:30.177,7.87392,7.88478,1.30,1.00
2015.03.23 22:55:30.524,7.8744,7.88458,1.00,1.00
2015.03.23 22:55:36.810,7.87507,7.8843,1.00,1.00
2015.03.23 22:55:55.375,7.87457,7.88429,1.30,1.00
2015.03.23 22:55:57.581,7.87457,7.88357,1.30,1.00
2015.03.23 22:55:59.265,7.87457,7.88292,1.30,1.00
2015.03.23 22:56:01.244,7.87484,7.88292,1.30,1.00
2015.03.23 22:56:09.600,7.87484,7.88234,1.30,1.00
2015.03.23 22:56:09.903,7.87484,7.88199,1.30,1.00
2015.03.23 22:56:10.580,7.87484,7.8818,1.30,1.00
2015.03.23 22:56:10.682,7.87484,7.8821,1.30,1.00
2015.03.23 22:56:10.783,7.87493,7.8818,1.00,1.00
2015.03.23 22:56:16.283,7.87534,7.88228,1.00,1.00
2015.03.23 22:56:20.932,7.87574,7.88195,1.00,1.00
2015.03.23 22:56:22.182,7.87592,7.88195,1.30,1.00
2015.03.23 22:56:24.542,7.87592,7.88207,1.30,1.00
2015.03.23 22:56:42.211,7.87636,7.88207,1.30,1.00
2015.03.23 22:56:42.488,7.87636,7.88235,1.30,1.00
2015.03.23 22:56:47.873,7.87636,7.88193,1.30,1.00
2015.03.23 22:56:48.629,7.87636,7.88229,1.30,1.00
2015.03.23 22:56:48.731,7.87636,7.88201,1.30,1.00
2015.03.23 22:56:52.239,7.87636,7.8823,1.30,1.00
2015.03.23 22:56:52.391,7.87636,7.88214,1.30,1.00
2015.03.23 22:57:00.305,7.87636,7.88194,1.30,1.00
2015.03.23 22:57:01.034,7.87636,7.88231,1.30,1.00
2015.03.23 22:57:01.283,7.87636,7.88194,1.30,1.00
2015.03.23 22:57:01.935,7.87636,7.88183,1.30,1.00
2015.03.23 22:57:02.238,7.87616,7.88183,1.30,1.00
2015.03.23 22:57:02.400,7.87592,7.88183,1.30,1.00
2015.03.23 22:57:11.154,7.87592,7.88209,1.30,1.00
2015.03.23 22:57:12.144,7.87592,7.88184,1.30,1.00
2015.03.23 22:57:22.768,7.87594,7.88184,1.30,1.00
2015.03.23 22:57:25.386,7.87594,7.88209,1.30,1.00
2015.03.23 22:57:25.673,7.87594,7.88184,1.30,1.00
2015.03.23 22:57:29.304,7.87594,7.88206,1.30,1.00
2015.03.23 22:57:29.455,7.87594,7.88184,1.30,1.00
2015.03.23 22:57:40.122,7.87594,7.88205,1.30,1.00
2015.03.23 22:57:40.303,7.87594,7.88184,1.30,1.00
2015.03.23 22:57:43.189,7.87612,7.88184,1.30,1.00
2015.03.23 22:57:47.051,7.87612,7.88233,1.30,1.00
2015.03.23 22:58:00.149,7.87513,7.88233,1.75,1.00
2015.03.23 22:58:01.973,7.87542,7.88233,1.00,1.00
2015.03.23 22:58:02.198,7.87542,7.88278,1.00,1.00
2015.03.23 22:58:02.353,7.87535,7.88278,1.00,1.00
2015.03.23 22:58:02.982,7.87564,7.88243,1.00,1.00
2015.03.23 22:58:23.397,7.87564,7.88243,1.75,1.00
2015.03.23 22:58:23.649,7.87564,7.88243,1.75,1.00
2015.03.23 22:58:23.822,7.87564,7.88243,1.00,1.00
2015.03.23 22:58:26.195,7.87522,7.88267,1.75,1.00
2015.03.23 22:58:26.484,7.87554,7.88235,1.00,1.00
2015.03.23 22:58:31.139,7.87616,7.88235,1.00,1.00
2015.03.23 22:58:36.198,7.87539,7.8826,1.00,1.00
2015.03.23 22:58:37.703,7.87606,7.88235,1.00,1.00
2015.03.23 22:58:42.902,7.87533,7.88264,1.00,1.00
2015.03.23 22:58:43.003,7.8762,7.88235,1.00,1.00
2015.03.23 22:58:47.514,7.87522,7.88259,1.75,1.00
2015.03.23 22:58:47.615,7.87585,7.88235,1.00,1.00
2015.03.23 22:58:55.663,7.87509,7.88232,1.00,1.00
2015.03.23 22:58:55.764,7.87617,7.88189,1.00,1.00
2015.03.23 22:58:56.072,7.87555,7.88215,1.00,1.00
2015.03.23 22:58:56.324,7.87623,7.88193,1.00,1.00
2015.03.23 22:58:58.492,7.87514,7.88223,1.00,1.00
2015.03.23 22:58:58.712,7.87633,7.88189,1.00,1.00
2015.03.23 22:59:05.931,7.87527,7.88199,1.00,1.00
2015.03.23 22:59:20.534,7.87522,7.88263,1.00,1.00
2015.03.23 22:59:20.635,7.87513,7.88263,1.00,1.00
2015.03.23 22:59:20.735,7.87522,7.88263,1.00,1.00
2015.03.23 22:59:20.875,7.87513,7.88263,1.00,1.00
2015.03.23 22:59:20.932,7.87522,7.88263,1.00,1.00
2015.03.23 22:59:21.043,7.87513,7.88263,1.00,1.00
2015.03.23 22:59:21.190,7.87572,7.88218,1.00,1.00
2015.03.23 22:59:25.144,7.87497,7.88245,1.00,1.00
2015.03.23 22:59:25.245,7.87546,7.88218,1.00,1.00
2015.03.23 22:59:25.346,7.87496,7.88244,1.00,1.00
2015.03.23 22:59:25.447,7.87543,7.88219,1.00,1.00
2015.03.23 22:59:29.957,7.87492,7.88249,1.00,1.00
2015.03.23 22:59:30.108,7.87605,7.88219,1.00,1.00
2015.03.23 22:59:34.684,7.87515,7.88219,1.00,1.00
2015.03.23 22:59:34.792,7.8758,7.88219,1.00,1.00
2015.03.23 22:59:36.467,7.87506,7.88228,1.00,1.00
2015.03.23 22:59:36.568,7.87508,7.88228,1.00,1.00
2015.03.23 22:59:36.922,7.87552,7.88202,1.00,1.00
2015.03.23 22:59:42.651,7.87531,7.88245,1.00,1.00
2015.03.23 22:59:50.203,7.87512,7.88507,1.00,1.00
2015.03.23 22:59:50.307,7.87512,7.88698,1.00,1.00
2015.03.23 22:59:52.612,7.87565,7.88698,1.00,1.00
2015.03.23 22:59:54.051,7.87625,7.88698,1.00,1.00
