2014.01.09 10:00:00.671,6.18637,6.18767,1.00,1.00
2014.01.09 10:00:00.722,6.18646,6.18792,1.00,1.00
2014.01.09 10:00:00.924,6.18646,6.18782,1.00,1.00
2014.01.09 10:00:01.025,6.18646,6.18792,1.00,1.50
2014.01.09 10:00:05.888,6.18646,6.18782,1.00,1.00
2014.01.09 10:00:06.223,6.18628,6.18772,2.06,1.00
2014.01.09 10:00:06.733,6.18627,6.18773,1.00,1.00
2014.01.09 10:00:08.677,6.1879,6.18852,1.00,1.00
2014.01.09 10:00:08.880,6.18758,6.18834,2.06,1.00
2014.01.09 10:00:08.931,6.18692,6.18834,1.00,1.00
2014.01.09 10:00:08.982,6.18651,6.18799,1.00,1.00
2014.01.09 10:00:10.852,6.18618,6.18759,2.06,1.00
2014.01.09 10:00:10.954,6.18646,6.18794,1.00,1.00
2014.01.09 10:00:11.718,6.18612,6.18758,1.00,1.00
2014.01.09 10:00:12.089,6.18637,6.18783,1.00,1.00
2014.01.09 10:00:13.479,6.18611,6.18759,1.00,1.00
2014.01.09 10:00:13.630,6.18637,6.18783,1.00,1.00
2014.01.09 10:00:14.382,6.18612,6.18758,1.00,1.00
2014.01.09 10:00:15.724,6.18641,6.18789,1.00,1.00
2014.01.09 10:00:15.775,6.18658,6.18789,2.06,1.00
2014.01.09 10:00:17.223,6.18658,6.18794,2.06,1.00
2014.01.09 10:00:17.697,6.18658,6.18783,2.06,1.00
2014.01.09 10:00:17.850,6.18617,6.18758,2.06,1.00
2014.01.09 10:00:18.856,6.18632,6.18778,1.00,1.00
2014.01.09 10:00:20.626,6.18617,6.18759,2.06,1.00
2014.01.09 10:00:20.828,6.18611,6.18759,1.00,1.00
2014.01.09 10:00:25.694,6.18588,6.18731,2.06,1.00
2014.01.09 10:00:25.795,6.18583,6.18731,1.00,1.00
2014.01.09 10:00:28.647,6.18563,6.18709,1.00,1.00
2014.01.09 10:01:08.349,6.18583,6.18729,1.00,1.00
2014.01.09 10:01:08.702,6.18599,6.18747,1.00,1.00
2014.01.09 10:01:36.280,6.18612,6.18747,2.10,1.00
2014.01.09 10:01:42.667,6.1862,6.18766,1.60,1.00
2014.01.09 10:01:44.330,6.18672,6.18818,1.00,1.00
2014.01.09 10:01:44.381,6.18682,6.18818,2.10,1.00
2014.01.09 10:01:49.708,6.18716,6.18864,1.00,1.00
2014.01.09 10:01:49.889,6.18724,6.18864,2.10,1.00
2014.01.09 10:01:50.545,6.18724,6.18852,2.10,1.00
2014.01.09 10:01:52.415,6.18724,6.18842,2.10,1.00
2014.01.09 10:01:54.525,6.18738,6.18842,2.06,1.00
2014.01.09 10:01:54.968,6.18738,6.18853,2.06,1.00
2014.01.09 10:01:56.615,6.18748,6.18853,2.06,1.00
2014.01.09 10:01:57.037,6.18748,6.18843,2.06,1.00
2014.01.09 10:02:03.635,6.18748,6.18853,2.06,1.00
2014.01.09 10:02:04.295,6.18748,6.18822,2.06,1.00
2014.01.09 10:02:04.654,6.18748,6.18853,2.06,1.00
2014.01.09 10:02:06.385,6.18748,6.18832,2.06,1.00
2014.01.09 10:02:07.418,6.18748,6.18843,2.06,1.00
2014.01.09 10:02:17.662,6.18729,6.18843,1.78,1.00
2014.01.09 10:02:17.869,6.18729,6.18822,1.78,1.00
2014.01.09 10:02:18.415,6.18729,6.18831,1.78,1.00
2014.01.09 10:02:18.466,6.18724,6.18831,2.10,1.00
2014.01.09 10:02:18.517,6.18724,6.18813,2.10,1.00
2014.01.09 10:02:18.961,6.18724,6.18822,2.10,1.00
2014.01.09 10:02:20.446,6.18709,6.18822,1.18,1.00
2014.01.09 10:02:20.599,6.18709,6.18792,1.18,1.00
2014.01.09 10:02:20.750,6.18689,6.18792,2.18,1.00
2014.01.09 10:02:20.801,6.18689,6.18783,2.18,1.00
2014.01.09 10:02:21.126,6.18689,6.18773,2.18,1.00
2014.01.09 10:02:21.347,6.18689,6.18783,2.18,1.00
2014.01.09 10:02:22.996,6.18689,6.18772,2.18,1.00
2014.01.09 10:02:23.986,6.18689,6.18783,2.18,1.00
2014.01.09 10:02:25.107,6.18689,6.18773,2.18,1.00
2014.01.09 10:02:30.961,6.18689,6.18782,2.18,1.00
2014.01.09 10:02:32.471,6.18689,6.18792,2.18,1.00
2014.01.09 10:02:33.476,6.18689,6.18803,2.18,1.00
2014.01.09 10:02:34.336,6.18689,6.18793,2.18,1.00
2014.01.09 10:02:49.575,6.18689,6.18811,2.10,1.00
2014.01.09 10:02:49.626,6.18711,6.18811,2.10,1.00
2014.01.09 10:02:49.777,6.18711,6.18828,2.10,1.00
2014.01.09 10:02:52.082,6.18711,6.18856,2.10,1.10
2014.01.09 10:02:52.132,6.1874,6.18856,2.10,1.10
2014.01.09 10:02:52.234,6.1874,6.18878,2.10,1.00
2014.01.09 10:02:53.403,6.1874,6.18878,2.10,1.08
2014.01.09 10:02:53.555,6.18745,6.18878,1.78,1.00
2014.01.09 10:02:58.147,6.18755,6.18901,1.60,1.08
2014.01.09 10:03:01.978,6.18767,6.18901,1.18,1.00
2014.01.09 10:03:02.448,6.18755,6.18901,1.60,1.08
2014.01.09 10:03:03.870,6.18743,6.18874,1.78,1.00
2014.01.09 10:03:03.921,6.18743,6.18874,1.18,1.00
2014.01.09 10:03:04.022,6.18726,6.18874,1.00,1.08
2014.01.09 10:03:04.426,6.18719,6.18846,1.18,1.00
2014.01.09 10:03:04.527,6.187,6.18846,1.25,1.00
2014.01.09 10:03:04.628,6.1872,6.18846,1.18,1.00
2014.01.09 10:03:08.582,6.18698,6.18846,1.08,1.00
2014.01.09 10:03:11.810,6.18679,6.18823,2.18,1.00
2014.01.09 10:03:11.861,6.18678,6.18823,1.18,1.00
2014.01.09 10:03:12.013,6.18678,6.188,1.18,1.00
2014.01.09 10:03:12.064,6.18657,6.188,1.78,1.00
2014.01.09 10:03:15.204,6.18675,6.18817,1.00,1.18
2014.01.09 10:03:15.409,6.18677,6.18821,1.18,1.00
2014.01.09 10:03:17.290,6.18701,6.18837,1.00,1.18
2014.01.09 10:03:17.805,6.18703,6.18849,1.18,1.00
2014.01.09 10:03:20.886,6.18701,6.18841,1.00,1.18
2014.01.09 10:03:21.629,6.18701,6.18849,1.65,1.00
2014.01.09 10:03:31.020,6.18719,6.18849,2.10,1.00
2014.01.09 10:03:31.324,6.18722,6.18849,1.78,1.00
2014.01.09 10:03:31.375,6.18728,6.18874,1.10,1.10
2014.01.09 10:03:32.083,6.18742,6.18874,1.18,1.00
2014.01.09 10:03:32.235,6.18748,6.18894,1.10,1.00
2014.01.09 10:03:32.487,6.18755,6.18894,2.10,1.00
2014.01.09 10:03:32.689,6.18772,6.1892,1.10,1.10
2014.01.09 10:03:35.382,6.18772,6.18904,1.00,1.18
2014.01.09 10:03:43.629,6.18773,6.18904,2.10,1.18
2014.01.09 10:03:43.680,6.18773,6.1892,2.18,1.00
2014.01.09 10:03:43.887,6.18798,6.18937,1.18,1.00
2014.01.09 10:03:44.209,6.18819,6.18937,1.18,1.00
2014.01.09 10:03:44.986,6.18819,6.18965,1.65,1.00
2014.01.09 10:03:53.532,6.18841,6.18965,1.18,1.00
2014.01.09 10:03:54.004,6.18841,6.18986,1.50,1.00
2014.01.09 10:03:54.205,6.18862,6.18986,1.18,1.00
2014.01.09 10:03:56.268,6.1884,6.18986,1.60,1.00
2014.01.09 10:03:59.919,6.18856,6.18986,1.18,1.00
2014.01.09 10:04:01.944,6.1884,6.18986,1.75,1.00
2014.01.09 10:04:10.977,6.18836,6.18962,1.78,1.00
2014.01.09 10:04:11.601,6.18861,6.18962,1.18,1.00
2014.01.09 10:04:16.297,6.1884,6.18962,1.18,1.00
2014.01.09 10:04:19.238,6.1882,6.18962,1.25,1.00
2014.01.09 10:04:20.229,6.18819,6.18962,1.18,1.00
2014.01.09 10:04:23.539,6.18839,6.18962,1.18,1.00
2014.01.09 10:04:23.994,6.18859,6.18962,1.18,1.00
2014.01.09 10:04:44.745,6.18856,6.18962,1.18,1.00
2014.01.09 10:04:53.553,6.18833,6.18962,1.18,1.00
2014.01.09 10:04:54.074,6.18852,6.18962,1.18,1.00
2014.01.09 10:04:54.276,6.18852,6.18985,1.18,1.00
2014.01.09 10:04:56.112,6.18852,6.18985,1.78,1.00
2014.01.09 10:04:57.077,6.18859,6.18985,1.78,1.00
2014.01.09 10:04:57.383,6.18879,6.18985,1.18,1.00
2014.01.09 10:04:58.533,6.18901,6.18985,2.10,1.00
2014.01.09 10:04:58.942,6.18901,6.19009,2.18,1.00
2014.01.09 10:04:59.543,6.189,6.19009,1.78,1.00
2014.01.09 10:05:01.858,6.18875,6.19009,1.18,1.00
2014.01.09 10:05:02.498,6.18903,6.19009,2.10,1.00
2014.01.09 10:05:03.525,6.18896,6.19009,1.18,1.00
2014.01.09 10:05:03.883,6.18872,6.19009,1.78,1.00
2014.01.09 10:05:04.792,6.18891,6.19009,1.18,1.00
2014.01.09 10:05:05.113,6.18915,6.19009,1.78,1.00
2014.01.09 10:05:05.167,6.18915,6.19039,1.78,1.00
2014.01.09 10:05:05.470,6.18973,6.19039,2.10,1.00
2014.01.09 10:05:05.861,6.1899,6.19066,1.18,1.00
2014.01.09 10:05:06.007,6.1901,6.19149,1.18,1.00
2014.01.09 10:05:06.731,6.19011,6.19149,1.85,1.00
2014.01.09 10:05:06.782,6.1903,6.19149,1.18,1.00
2014.01.09 10:05:07.100,6.19057,6.19149,1.18,1.00
2014.01.09 10:05:07.935,6.19057,6.1918,1.18,1.00
2014.01.09 10:05:08.036,6.19057,6.19198,1.18,1.00
2014.01.09 10:05:08.836,6.19057,6.19177,1.18,1.00
2014.01.09 10:05:13.077,6.19085,6.19177,1.18,1.00
2014.01.09 10:05:13.128,6.19085,6.19211,1.18,1.00
2014.01.09 10:05:13.421,6.19085,6.19227,1.18,1.00
2014.01.09 10:05:13.573,6.191,6.19243,1.00,1.18
2014.01.09 10:05:13.675,6.19085,6.19226,1.18,1.00
2014.01.09 10:05:13.978,6.19107,6.19226,1.18,1.00
2014.01.09 10:05:16.766,6.19107,6.19247,1.18,1.00
2014.01.09 10:05:19.947,6.19113,6.19247,2.18,1.00
2014.01.09 10:05:20.049,6.19125,6.19265,1.60,1.18
2014.01.09 10:05:20.100,6.19127,6.19269,1.18,1.00
2014.01.09 10:05:24.273,6.19128,6.19269,1.25,1.00
2014.01.09 10:05:24.324,6.19147,6.19269,1.18,1.00
2014.01.09 10:05:26.725,6.19128,6.19269,1.18,1.00
2014.01.09 10:05:27.375,6.19128,6.19253,1.18,1.00
2014.01.09 10:05:27.600,6.19128,6.19262,1.18,1.00
2014.01.09 10:05:31.362,6.19128,6.19269,1.25,1.00
2014.01.09 10:05:31.413,6.19147,6.19269,1.18,1.00
2014.01.09 10:05:33.974,6.19147,6.19253,1.18,1.00
2014.01.09 10:05:34.125,6.19147,6.19262,1.18,1.00
2014.01.09 10:05:34.327,6.19147,6.19269,1.18,1.00
2014.01.09 10:05:34.553,6.19169,6.19269,1.18,1.00
2014.01.09 10:05:40.484,6.19169,6.19293,1.18,1.00
2014.01.09 10:05:40.585,6.19169,6.19313,1.18,1.00
2014.01.09 10:05:40.636,6.19188,6.19313,1.18,1.00
2014.01.09 10:05:43.656,6.19188,6.19295,1.18,1.00
2014.01.09 10:05:54.314,6.19188,6.19324,1.18,1.00
2014.01.09 10:05:55.653,6.19188,6.19322,1.18,1.00
2014.01.09 10:05:55.966,6.19188,6.19312,1.18,1.00
2014.01.09 10:05:56.269,6.19178,6.19283,1.00,1.00
2014.01.09 10:05:56.653,6.19178,6.19272,1.00,1.00
2014.01.09 10:05:57.207,6.19178,6.19283,1.00,1.00
2014.01.09 10:06:00.712,6.19178,6.19273,1.00,1.00
2014.01.09 10:06:01.352,6.19168,6.19273,1.78,1.00
2014.01.09 10:06:01.633,6.19168,6.19283,1.18,1.00
2014.01.09 10:06:01.785,6.1916,6.19283,1.00,1.00
2014.01.09 10:06:01.886,6.19148,6.19279,1.18,1.00
2014.01.09 10:06:09.362,6.19135,6.19279,1.00,1.08
2014.01.09 10:06:21.266,6.19135,6.19263,1.00,1.18
2014.01.09 10:06:21.608,6.19135,6.19279,1.65,1.00
2014.01.09 10:06:22.255,6.19135,6.19272,1.00,1.18
2014.01.09 10:06:28.887,6.19114,6.19256,1.18,1.00
2014.01.09 10:06:30.502,6.19114,6.19239,1.18,1.00
2014.01.09 10:06:35.293,6.19135,6.19239,1.18,1.00
2014.01.09 10:06:35.630,6.19135,6.19267,1.18,1.00
2014.01.09 10:06:40.083,6.19121,6.19267,1.10,1.08
2014.01.09 10:06:41.437,6.1911,6.19247,1.18,1.00
2014.01.09 10:06:42.235,6.1911,6.1923,1.18,1.00
2014.01.09 10:06:42.516,6.19089,6.1923,1.78,1.00
2014.01.09 10:06:51.916,6.19111,6.19249,1.18,1.00
2014.01.09 10:06:52.265,6.19111,6.19231,1.18,1.00
2014.01.09 10:06:52.682,6.19132,6.19263,1.00,1.10
2014.01.09 10:06:52.935,6.19133,6.19276,1.18,1.00
2014.01.09 10:06:53.201,6.19133,6.19272,1.18,1.00
2014.01.09 10:06:53.860,6.19133,6.19262,1.18,1.00
2014.01.09 10:06:54.194,6.19155,6.19273,1.18,1.00
2014.01.09 10:06:54.647,6.19155,6.19263,1.18,1.00
2014.01.09 10:06:55.478,6.19155,6.19262,1.18,1.00
2014.01.09 10:06:58.418,6.19155,6.19293,1.18,1.00
2014.01.09 10:06:58.621,6.19155,6.19282,1.18,1.00
2014.01.09 10:06:59.844,6.19155,6.19262,1.18,1.00
2014.01.09 10:07:00.131,6.19155,6.19272,1.18,1.00
2014.01.09 10:07:00.490,6.19155,6.19262,1.18,1.00
2014.01.09 10:07:03.211,6.19155,6.19282,1.18,1.00
2014.01.09 10:07:03.873,6.19155,6.19273,1.18,1.00
2014.01.09 10:07:04.212,6.19155,6.19262,1.18,1.00
2014.01.09 10:07:05.293,6.1915,6.19262,1.00,1.00
2014.01.09 10:07:05.343,6.1915,6.19243,1.00,1.00
2014.01.09 10:07:05.683,6.1915,6.19233,1.00,1.00
2014.01.09 10:07:05.785,6.1915,6.19272,1.00,1.00
2014.01.09 10:07:05.950,6.19155,6.19272,1.18,1.00
2014.01.09 10:07:09.497,6.19157,6.19272,2.04,1.00
2014.01.09 10:07:09.870,6.19221,6.19272,1.00,1.00
2014.01.09 10:07:10.072,6.19218,6.19272,1.00,1.00
2014.01.09 10:07:10.360,6.19218,6.19283,1.00,1.00
2014.01.09 10:07:10.512,6.1922,6.19283,1.00,1.00
2014.01.09 10:07:12.339,6.1922,6.19272,1.00,1.00
2014.01.09 10:07:15.091,6.19217,6.19272,1.00,1.00
2014.01.09 10:07:15.450,6.19155,6.19272,1.50,1.00
2014.01.09 10:07:15.551,6.19155,6.19283,1.50,1.00
2014.01.09 10:07:15.754,6.1913,6.1926,1.18,1.00
2014.01.09 10:07:16.950,6.19116,6.1926,1.70,1.00
2014.01.09 10:07:25.124,6.19116,6.1925,1.60,1.18
2014.01.09 10:07:31.604,6.19136,6.1925,1.00,1.18
2014.01.09 10:07:32.722,6.19102,6.19248,1.00,1.08
2014.01.09 10:07:32.935,6.19121,6.1925,1.00,1.18
2014.01.09 10:07:33.455,6.19121,6.19265,1.00,1.15
2014.01.09 10:07:34.339,6.19121,6.19265,1.00,1.08
2014.01.09 10:07:34.660,6.19138,6.19265,2.10,1.08
2014.01.09 10:07:34.761,6.19158,6.19283,1.00,1.00
2014.01.09 10:07:34.913,6.19158,6.19272,1.00,1.00
2014.01.09 10:07:35.879,6.19158,6.19273,1.00,1.00
2014.01.09 10:07:36.229,6.19158,6.19262,1.00,1.00
2014.01.09 10:07:37.641,6.19158,6.19272,1.00,1.00
2014.01.09 10:07:39.861,6.19158,6.19253,1.00,1.00
2014.01.09 10:07:40.216,6.19158,6.19233,1.00,1.00
2014.01.09 10:07:40.318,6.19133,6.19233,1.00,1.00
2014.01.09 10:07:40.419,6.19133,6.19222,1.00,1.00
2014.01.09 10:07:41.648,6.19133,6.19233,1.00,1.00
2014.01.09 10:07:41.749,6.19105,6.19233,1.00,1.00
2014.01.09 10:07:41.800,6.19105,6.19233,1.00,1.65
2014.01.09 10:07:42.259,6.19105,6.19223,1.00,1.00
2014.01.09 10:07:42.595,6.19105,6.19233,1.00,1.18
2014.01.09 10:07:44.614,6.19105,6.1923,1.00,1.18
2014.01.09 10:07:46.143,6.19087,6.19213,1.00,1.00
2014.01.09 10:07:46.244,6.19067,6.19207,1.00,1.18
2014.01.09 10:07:46.446,6.19046,6.19198,1.18,1.00
2014.01.09 10:07:46.497,6.19043,6.19186,1.00,1.18
2014.01.09 10:07:48.005,6.19043,6.19173,1.00,1.00
2014.01.09 10:07:48.878,6.19043,6.19183,1.00,1.08
2014.01.09 10:07:48.979,6.19043,6.19161,1.00,1.18
2014.01.09 10:07:49.541,6.19025,6.19161,1.00,1.18
2014.01.09 10:07:49.642,6.19025,6.19141,1.00,1.18
2014.01.09 10:07:50.403,6.19025,6.19121,1.00,1.18
2014.01.09 10:07:52.210,6.1898,6.19121,1.00,1.18
2014.01.09 10:07:53.500,6.1898,6.19112,1.00,1.00
2014.01.09 10:07:54.380,6.1898,6.19102,1.00,1.00
2014.01.09 10:07:54.714,6.1898,6.19083,1.00,1.00
2014.01.09 10:07:55.017,6.1898,6.19062,1.00,1.00
2014.01.09 10:07:55.190,6.1898,6.19073,1.00,1.00
2014.01.09 10:07:55.481,6.1898,6.19062,1.00,1.00
2014.01.09 10:07:55.921,6.1898,6.19073,1.00,1.00
2014.01.09 10:07:56.362,6.1898,6.19062,1.00,1.00
2014.01.09 10:07:56.911,6.1898,6.19073,1.00,1.00
2014.01.09 10:07:57.680,6.1898,6.19083,1.00,1.00
2014.01.09 10:07:58.044,6.1898,6.19072,1.00,1.00
2014.01.09 10:07:58.369,6.1898,6.19082,1.00,1.00
2014.01.09 10:07:58.471,6.1898,6.191,1.00,1.18
2014.01.09 10:08:00.463,6.1898,6.19093,1.00,1.00
2014.01.09 10:08:00.704,6.1898,6.19113,1.00,1.00
2014.01.09 10:08:01.689,6.1898,6.19123,1.00,1.65
2014.01.09 10:08:01.969,6.1898,6.19112,1.00,1.00
2014.01.09 10:08:05.837,6.18987,6.19126,1.18,1.00
2014.01.09 10:08:06.163,6.1898,6.19126,1.00,1.08
2014.01.09 10:08:06.480,6.1898,6.19112,1.00,1.00
2014.01.09 10:08:06.855,6.1898,6.19123,1.00,1.08
2014.01.09 10:08:07.032,6.1898,6.19112,1.00,1.00
2014.01.09 10:08:07.524,6.1898,6.19103,1.00,1.00
2014.01.09 10:08:07.861,6.1898,6.19112,1.00,1.00
2014.01.09 10:08:08.052,6.1898,6.19104,1.00,1.18
2014.01.09 10:08:13.369,6.1898,6.19093,1.00,1.00
2014.01.09 10:08:13.691,6.1898,6.19082,1.00,1.08
2014.01.09 10:08:14.265,6.1898,6.19073,1.00,1.00
2014.01.09 10:08:14.316,6.1896,6.19063,1.00,1.18
2014.01.09 10:08:15.146,6.1896,6.19041,1.00,1.18
2014.01.09 10:08:18.373,6.1896,6.19052,1.00,1.00
2014.01.09 10:08:18.424,6.1896,6.19064,1.00,1.18
2014.01.09 10:08:18.575,6.1896,6.19083,1.00,1.65
2014.01.09 10:08:18.677,6.1896,6.19062,1.00,1.00
2014.01.09 10:08:18.991,6.1896,6.19052,1.00,1.00
2014.01.09 10:08:22.372,6.1896,6.19043,1.00,1.00
2014.01.09 10:08:24.460,6.1896,6.19053,1.00,1.00
2014.01.09 10:08:25.448,6.1896,6.19063,1.00,1.18
2014.01.09 10:08:27.601,6.1896,6.19084,1.00,1.25
2014.01.09 10:08:27.803,6.18967,6.19085,1.00,1.18
2014.01.09 10:08:28.134,6.18967,6.19063,1.00,1.18
2014.01.09 10:08:28.185,6.1896,6.19063,1.00,1.18
2014.01.09 10:08:30.121,6.18938,6.19063,1.00,1.18
2014.01.09 10:08:30.172,6.18933,6.1903,1.00,1.18
2014.01.09 10:08:30.273,6.18933,6.19052,1.00,1.18
2014.01.09 10:08:31.059,6.18937,6.19052,1.00,1.18
2014.01.09 10:08:31.374,6.18947,6.19052,1.00,1.18
2014.01.09 10:08:31.528,6.18947,6.19073,1.00,1.18
2014.01.09 10:08:31.900,6.18938,6.19073,1.00,1.18
2014.01.09 10:08:32.449,6.18948,6.19073,1.00,1.18
2014.01.09 10:08:33.734,6.18953,6.19073,1.00,1.18
2014.01.09 10:08:33.886,6.18967,6.19097,1.00,1.65
2014.01.09 10:08:33.995,6.18953,6.19097,1.00,1.65
2014.01.09 10:08:34.096,6.18953,6.19075,1.00,1.18
2014.01.09 10:08:54.300,6.18953,6.19064,1.00,1.18
2014.01.09 10:09:00.091,6.1893,6.19064,1.00,1.18
2014.01.09 10:09:00.394,6.1893,6.19043,1.00,1.18
2014.01.09 10:09:08.895,6.1893,6.19022,1.00,1.18
2014.01.09 10:09:29.879,6.1893,6.19029,1.00,1.18
2014.01.09 10:09:49.917,6.1893,6.19036,1.00,1.18
2014.01.09 10:09:55.562,6.18907,6.19031,1.00,1.08
2014.01.09 10:09:57.848,6.18917,6.19031,1.00,1.08
2014.01.09 10:09:58.939,6.18908,6.19031,1.00,1.08
2014.01.09 10:10:03.493,6.18918,6.19031,1.00,1.08
2014.01.09 10:10:05.033,6.18927,6.19031,1.00,1.08
2014.01.09 10:10:07.448,6.18937,6.19031,1.00,1.08
2014.01.09 10:10:08.189,6.18937,6.19031,1.00,1.00
2014.01.09 10:10:08.533,6.18947,6.19051,1.00,1.00
2014.01.09 10:10:08.875,6.18938,6.19051,1.00,1.00
2014.01.09 10:10:09.530,6.18927,6.19051,1.00,1.00
2014.01.09 10:10:10.321,6.18937,6.19051,1.00,1.00
2014.01.09 10:10:10.489,6.18927,6.19051,1.00,1.00
2014.01.09 10:10:13.791,6.18937,6.19051,1.00,1.00
2014.01.09 10:10:21.101,6.18957,6.19051,1.00,1.00
2014.01.09 10:10:25.492,6.18957,6.1907,1.00,1.00
2014.01.09 10:10:25.595,6.18978,6.1907,1.00,1.00
2014.01.09 10:10:25.934,6.18987,6.1907,1.00,1.00
2014.01.09 10:10:28.023,6.18998,6.1907,1.00,1.00
2014.01.09 10:10:28.769,6.18988,6.1907,1.00,1.00
2014.01.09 10:10:30.089,6.18997,6.1907,1.00,1.00
2014.01.09 10:10:30.546,6.18987,6.1907,1.00,1.00
2014.01.09 10:10:36.578,6.18977,6.1907,1.00,1.00
2014.01.09 10:10:40.131,6.18987,6.1907,1.00,1.00
2014.01.09 10:10:43.958,6.18998,6.1907,1.00,1.00
2014.01.09 10:10:46.342,6.18998,6.19093,1.00,1.00
2014.01.09 10:10:46.393,6.19007,6.19093,1.00,1.00
2014.01.09 10:10:47.468,6.19018,6.19093,1.00,1.00
2014.01.09 10:10:47.798,6.19008,6.19093,1.00,1.00
2014.01.09 10:10:53.216,6.18997,6.19093,1.00,1.00
2014.01.09 10:10:53.519,6.19008,6.19093,1.00,1.00
2014.01.09 10:10:55.169,6.19018,6.19093,1.00,1.00
2014.01.09 10:10:56.624,6.19009,6.19093,1.18,1.00
2014.01.09 10:10:56.776,6.18988,6.19093,1.18,1.00
2014.01.09 10:10:59.273,6.18989,6.19093,1.25,1.00
2014.01.09 10:10:59.375,6.19008,6.19093,1.18,1.00
2014.01.09 10:11:00.529,6.19011,6.19093,2.18,1.00
2014.01.09 10:11:00.781,6.19033,6.19133,1.18,1.00
2014.01.09 10:11:01.853,6.19058,6.19133,1.00,1.00
2014.01.09 10:11:02.851,6.19077,6.19133,1.00,1.00
2014.01.09 10:11:04.359,6.19098,6.19133,1.00,1.00
2014.01.09 10:11:06.117,6.19088,6.19133,1.00,1.00
2014.01.09 10:11:06.498,6.19088,6.19155,1.00,1.00
2014.01.09 10:11:06.599,6.19033,6.19155,1.18,1.00
2014.01.09 10:11:06.801,6.19033,6.19127,1.18,1.00
2014.01.09 10:11:07.250,6.19028,6.19127,1.00,1.00
2014.01.09 10:11:07.595,6.19037,6.19127,1.00,1.00
2014.01.09 10:11:07.697,6.19017,6.19127,1.08,1.00
2014.01.09 10:11:08.059,6.19008,6.19127,1.00,1.00
2014.01.09 10:11:08.901,6.18998,6.19127,1.08,1.00
2014.01.09 10:11:09.117,6.19007,6.19127,1.00,1.00
2014.01.09 10:11:09.749,6.18997,6.19127,1.08,1.00
2014.01.09 10:11:10.099,6.19008,6.19127,1.00,1.00
2014.01.09 10:11:10.252,6.19012,6.19147,1.18,1.00
2014.01.09 10:11:10.420,6.19037,6.19147,1.00,1.00
2014.01.09 10:11:11.421,6.19058,6.19147,1.00,1.00
2014.01.09 10:11:12.421,6.19068,6.19147,1.00,1.00
2014.01.09 10:11:12.648,6.19068,6.19192,1.00,1.25
2014.01.09 10:11:12.699,6.19068,6.19194,1.00,1.18
2014.01.09 10:11:13.380,6.19077,6.19194,1.00,1.18
2014.01.09 10:11:13.738,6.19058,6.19194,1.00,1.18
2014.01.09 10:11:15.613,6.19068,6.19194,1.00,1.18
2014.01.09 10:11:15.920,6.19057,6.19194,1.00,1.18
2014.01.09 10:11:23.969,6.19048,6.19168,1.00,1.00
2014.01.09 10:11:24.172,6.19037,6.19168,1.08,1.00
2014.01.09 10:11:24.273,6.19037,6.19168,1.00,1.65
2014.01.09 10:11:24.425,6.19018,6.19146,1.00,1.00
2014.01.09 10:11:24.475,6.19018,6.19141,1.00,1.18
2014.01.09 10:11:24.818,6.19008,6.19141,1.00,1.18
2014.01.09 10:11:24.971,6.19008,6.19128,1.00,1.00
2014.01.09 10:11:27.591,6.19018,6.19128,1.00,1.00
2014.01.09 10:11:27.954,6.19027,6.19128,1.00,1.00
2014.01.09 10:11:31.809,6.19027,6.19141,1.00,1.18
2014.01.09 10:11:31.918,6.19027,6.19148,1.00,1.00
2014.01.09 10:11:32.223,6.19037,6.19148,1.00,1.00
2014.01.09 10:11:32.790,6.19004,6.19083,1.08,1.00
2014.01.09 10:11:32.957,6.19004,6.19092,1.08,1.00
2014.01.09 10:11:34.277,6.19004,6.19102,1.08,1.00
2014.01.09 10:11:37.687,6.19004,6.19093,1.08,1.00
2014.01.09 10:11:39.713,6.19036,6.19093,1.18,1.00
2014.01.09 10:11:39.815,6.19036,6.19112,1.18,1.00
2014.01.09 10:11:44.077,6.19036,6.19133,1.18,1.00
2014.01.09 10:11:46.863,6.19036,6.19122,1.18,1.00
2014.01.09 10:11:48.257,6.19036,6.19133,1.18,1.00
2014.01.09 10:11:50.370,6.19054,6.19133,1.00,1.00
2014.01.09 10:11:50.472,6.19054,6.19162,1.00,1.00
2014.01.09 10:11:50.622,6.19056,6.19142,1.18,1.00
2014.01.09 10:11:58.597,6.1906,6.19142,1.25,1.00
2014.01.09 10:11:58.930,6.1908,6.19153,1.18,1.00
2014.01.09 10:12:00.278,6.19082,6.19162,1.08,1.00
2014.01.09 10:12:02.632,6.19102,6.19162,1.18,1.00
2014.01.09 10:12:02.682,6.19102,6.19183,1.18,1.00
2014.01.09 10:12:02.894,6.19102,6.19173,1.18,1.00
2014.01.09 10:12:04.139,6.19102,6.19162,1.18,1.00
2014.01.09 10:12:14.919,6.19102,6.19173,1.18,1.00
2014.01.09 10:12:15.537,6.19102,6.19162,1.18,1.00
2014.01.09 10:12:22.950,6.19096,6.19162,1.18,1.00
2014.01.09 10:12:24.227,6.19096,6.19172,1.18,1.00
2014.01.09 10:12:26.216,6.19096,6.19182,1.78,1.00
2014.01.09 10:12:28.310,6.19111,6.19182,1.00,1.00
2014.01.09 10:12:32.297,6.19096,6.19182,1.78,1.00
2014.01.09 10:12:32.499,6.19096,6.19163,1.78,1.00
2014.01.09 10:12:33.597,6.19096,6.19153,1.78,1.00
2014.01.09 10:12:36.898,6.19096,6.19162,1.18,1.00
2014.01.09 10:12:37.238,6.19096,6.19152,1.18,1.00
2014.01.09 10:12:37.492,6.19096,6.19172,1.18,1.00
2014.01.09 10:12:37.778,6.19096,6.19182,1.18,1.00
2014.01.09 10:12:38.416,6.19096,6.19183,1.18,1.00
2014.01.09 10:12:38.517,6.19118,6.19183,1.18,1.00
2014.01.09 10:12:39.248,6.19118,6.19164,1.18,1.00
2014.01.09 10:12:39.349,6.19118,6.19182,1.18,1.00
2014.01.09 10:12:39.450,6.19118,6.19192,1.18,1.00
2014.01.09 10:12:39.552,6.19128,6.19192,1.00,1.00
2014.01.09 10:12:39.653,6.1915,6.19222,1.18,1.00
2014.01.09 10:12:39.754,6.1917,6.19222,1.18,1.00
2014.01.09 10:12:40.091,6.1917,6.19212,1.18,1.00
2014.01.09 10:12:40.747,6.1917,6.19223,1.18,1.00
2014.01.09 10:12:44.165,6.1915,6.19223,1.80,1.00
2014.01.09 10:12:48.777,6.1915,6.19232,1.18,1.00
2014.01.09 10:12:52.330,6.19152,6.19242,1.25,1.00
2014.01.09 10:12:52.381,6.19172,6.19242,1.18,1.00
2014.01.09 10:12:54.497,6.19172,6.19253,1.18,1.00
2014.01.09 10:12:56.821,6.19172,6.19243,1.18,1.00
2014.01.09 10:12:57.907,6.19172,6.19233,1.18,1.00
2014.01.09 10:12:59.824,6.19172,6.19222,1.18,1.00
2014.01.09 10:13:03.989,6.19149,6.19222,1.65,1.00
2014.01.09 10:13:07.182,6.19149,6.19212,1.65,1.00
2014.01.09 10:13:11.890,6.19149,6.19223,1.65,1.00
2014.01.09 10:13:12.233,6.19149,6.19202,1.65,1.00
2014.01.09 10:13:15.200,6.19149,6.19202,1.00,1.00
2014.01.09 10:13:15.946,6.19149,6.19213,1.00,1.00
2014.01.09 10:13:16.251,6.19149,6.19213,1.08,1.00
2014.01.09 10:13:16.609,6.19149,6.19223,1.08,1.00
2014.01.09 10:13:34.661,6.19149,6.19232,1.08,1.00
2014.01.09 10:13:35.008,6.19149,6.19263,1.08,1.00
2014.01.09 10:13:35.059,6.19171,6.19263,1.78,1.00
2014.01.09 10:13:35.368,6.19192,6.19263,1.18,1.00
2014.01.09 10:13:35.694,6.19192,6.19273,1.18,1.00
2014.01.09 10:13:38.416,6.19192,6.19263,1.18,1.00
2014.01.09 10:13:40.177,6.19192,6.19252,1.18,1.00
2014.01.09 10:13:41.535,6.19192,6.19233,1.18,1.00
2014.01.09 10:13:41.737,6.1917,6.19233,1.78,1.00
2014.01.09 10:13:43.695,6.1917,6.19242,1.78,1.00
2014.01.09 10:13:44.796,6.1917,6.19252,1.78,1.00
2014.01.09 10:13:58.252,6.1917,6.19243,1.78,1.00
2014.01.09 10:14:00.021,6.1917,6.19252,1.78,1.00
2014.01.09 10:14:00.305,6.1917,6.19272,1.78,1.00
2014.01.09 10:14:00.461,6.19182,6.19272,1.18,1.00
2014.01.09 10:14:00.784,6.19203,6.19283,1.18,1.00
2014.01.09 10:14:00.985,6.19203,6.19292,1.18,1.00
2014.01.09 10:14:02.394,6.19203,6.19293,1.18,1.00
2014.01.09 10:14:05.626,6.19203,6.19303,1.18,1.00
2014.01.09 10:14:05.898,6.19222,6.19303,1.18,1.00
2014.01.09 10:14:05.949,6.19222,6.19313,1.18,1.00
2014.01.09 10:14:08.665,6.19222,6.19303,1.18,1.00
2014.01.09 10:14:10.790,6.19248,6.19312,1.18,1.00
2014.01.09 10:14:11.093,6.19248,6.19322,1.18,1.00
2014.01.09 10:14:15.649,6.19248,6.19313,1.18,1.00
2014.01.09 10:14:15.835,6.19248,6.19323,1.18,1.00
2014.01.09 10:14:15.936,6.19227,6.19323,1.18,1.00
2014.01.09 10:14:15.987,6.19227,6.19318,1.18,1.00
2014.01.09 10:14:16.433,6.19227,6.19303,1.18,1.00
2014.01.09 10:14:17.354,6.19227,6.19293,1.18,1.00
2014.01.09 10:14:18.340,6.19206,6.19293,1.18,1.00
2014.01.09 10:14:18.611,6.19206,6.19302,1.18,1.00
2014.01.09 10:14:20.657,6.19206,6.19293,1.18,1.00
2014.01.09 10:14:21.141,6.19206,6.19282,1.18,1.00
2014.01.09 10:14:21.447,6.19206,6.19293,1.18,1.00
2014.01.09 10:14:23.736,6.19206,6.19303,1.18,1.00
2014.01.09 10:14:24.992,6.19208,6.19303,1.85,1.00
2014.01.09 10:14:25.333,6.19228,6.19318,1.18,1.00
2014.01.09 10:14:25.826,6.19228,6.19312,1.18,1.00
2014.01.09 10:14:27.005,6.19228,6.19303,1.18,1.00
2014.01.09 10:14:27.566,6.19228,6.19312,1.18,1.00
2014.01.09 10:14:29.316,6.19228,6.19318,1.18,1.00
2014.01.09 10:14:30.249,6.19228,6.19322,1.18,1.00
2014.01.09 10:14:31.408,6.19228,6.19313,1.18,1.00
2014.01.09 10:14:31.711,6.19228,6.19292,1.18,1.00
2014.01.09 10:14:32.063,6.19228,6.19283,1.18,1.00
2014.01.09 10:14:32.113,6.19228,6.19293,1.18,1.00
2014.01.09 10:14:32.281,6.19204,6.19293,1.18,1.00
2014.01.09 10:14:32.867,6.19204,6.19303,1.18,1.00
2014.01.09 10:14:32.968,6.19204,6.19318,1.18,1.00
2014.01.09 10:14:35.058,6.19204,6.19312,1.18,1.00
2014.01.09 10:14:35.361,6.19204,6.19302,1.18,1.00
2014.01.09 10:14:35.687,6.19204,6.19292,1.18,1.00
2014.01.09 10:14:35.738,6.19181,6.19292,1.18,1.00
2014.01.09 10:14:37.126,6.19181,6.19283,1.18,1.00
2014.01.09 10:14:40.755,6.19181,6.19273,1.18,1.00
2014.01.09 10:14:42.514,6.19181,6.19283,1.18,1.00
2014.01.09 10:14:43.616,6.19181,6.19293,1.18,1.00
2014.01.09 10:14:43.836,6.19181,6.19273,1.18,1.00
2014.01.09 10:14:44.715,6.19181,6.19283,1.18,1.00
2014.01.09 10:14:46.170,6.19181,6.19292,1.18,1.00
2014.01.09 10:14:46.687,6.19201,6.19292,1.18,1.00
2014.01.09 10:14:50.598,6.19201,6.19292,1.78,1.00
2014.01.09 10:14:50.699,6.19201,6.19313,1.78,1.00
2014.01.09 10:14:51.218,6.19201,6.19303,1.78,1.00
2014.01.09 10:14:51.865,6.19201,6.19292,1.78,1.00
2014.01.09 10:14:56.386,6.19201,6.19302,1.78,1.00
2014.01.09 10:14:58.408,6.19201,6.19282,1.18,1.00
2014.01.09 10:14:59.829,6.19181,6.19273,1.18,1.00
2014.01.09 10:14:59.936,6.19174,6.19273,1.78,1.00
2014.01.09 10:15:00.037,6.19172,6.19253,1.00,1.00
2014.01.09 10:15:00.290,6.19154,6.19253,1.18,1.00
2014.01.09 10:15:00.340,6.19154,6.19242,1.18,1.00
2014.01.09 10:15:02.644,6.19154,6.19252,1.18,1.00
2014.01.09 10:15:04.207,6.19154,6.19273,1.18,1.00
2014.01.09 10:15:04.258,6.19162,6.19273,1.00,1.00
2014.01.09 10:15:04.561,6.19177,6.19253,1.18,1.00
2014.01.09 10:15:04.662,6.19162,6.19243,1.10,1.00
2014.01.09 10:15:06.073,6.19162,6.19232,1.00,1.00
2014.01.09 10:15:06.513,6.19162,6.19242,1.00,1.00
2014.01.09 10:15:08.304,6.19162,6.19233,1.00,1.00
2014.01.09 10:15:08.457,6.19134,6.19223,1.08,1.00
2014.01.09 10:15:08.558,6.19134,6.19223,1.00,1.00
2014.01.09 10:15:08.760,6.19134,6.19203,1.00,1.00
2014.01.09 10:15:09.089,6.19134,6.19213,1.00,1.00
2014.01.09 10:15:09.483,6.19134,6.19222,1.00,1.00
2014.01.09 10:15:09.924,6.19134,6.19213,1.00,1.00
2014.01.09 10:15:10.537,6.19148,6.19213,1.18,1.00
2014.01.09 10:15:10.588,6.19148,6.19222,1.18,1.00
2014.01.09 10:15:11.683,6.19148,6.19233,1.18,1.00
2014.01.09 10:15:13.884,6.19148,6.19243,1.18,1.00
2014.01.09 10:15:14.238,6.19152,6.19243,1.15,1.00
2014.01.09 10:15:14.634,6.1917,6.19243,1.18,1.00
2014.01.09 10:15:17.406,6.1917,6.19253,1.18,1.00
2014.01.09 10:15:17.935,6.19188,6.19253,1.18,1.00
2014.01.09 10:15:18.109,6.19188,6.19263,1.18,1.00
2014.01.09 10:15:23.354,6.19188,6.19273,1.18,1.00
2014.01.09 10:15:25.875,6.19188,6.19263,1.18,1.00
2014.01.09 10:15:26.178,6.19188,6.19243,1.18,1.00
2014.01.09 10:15:26.279,6.19165,6.19243,1.18,1.00
2014.01.09 10:15:33.463,6.19165,6.19253,1.18,1.00
2014.01.09 10:15:43.070,6.19165,6.19262,1.18,1.00
2014.01.09 10:15:45.161,6.19165,6.19243,1.18,1.00
2014.01.09 10:15:46.333,6.19165,6.19232,1.18,1.00
2014.01.09 10:15:46.594,6.19162,6.19232,1.18,1.00
2014.01.09 10:15:46.695,6.19162,6.19242,1.18,1.00
2014.01.09 10:15:46.897,6.19162,6.19253,1.18,1.00
2014.01.09 10:15:47.764,6.19162,6.19243,1.18,1.00
2014.01.09 10:15:50.073,6.19162,6.19232,1.18,1.00
2014.01.09 10:15:51.394,6.19162,6.19243,1.18,1.00
2014.01.09 10:15:52.514,6.19162,6.19233,1.18,1.00
2014.01.09 10:16:06.884,6.19158,6.19233,1.18,1.00
2014.01.09 10:16:18.066,6.19158,6.19243,1.18,1.00
2014.01.09 10:16:18.267,6.19158,6.19252,1.18,1.00
2014.01.09 10:16:18.371,6.19178,6.19252,1.18,1.00
2014.01.09 10:16:19.033,6.19178,6.19233,1.18,1.00
2014.01.09 10:16:24.421,6.19178,6.19242,1.18,1.00
2014.01.09 10:16:27.245,6.19156,6.19242,1.18,1.00
2014.01.09 10:16:27.392,6.19156,6.19233,1.18,1.00
2014.01.09 10:16:30.251,6.19156,6.19243,1.18,1.00
2014.01.09 10:16:34.364,6.19156,6.19233,1.18,1.00
2014.01.09 10:16:37.004,6.19156,6.19243,1.18,1.00
2014.01.09 10:16:37.358,6.19179,6.19243,1.18,1.00
2014.01.09 10:16:37.664,6.19179,6.19263,1.18,1.00
2014.01.09 10:16:48.667,6.19159,6.19252,1.80,1.00
2014.01.09 10:16:48.768,6.19159,6.19222,1.18,1.00
2014.01.09 10:16:48.919,6.19138,6.19223,1.78,1.00
2014.01.09 10:16:49.222,6.19138,6.19233,1.78,1.00
2014.01.09 10:16:53.919,6.19138,6.19223,1.78,1.00
2014.01.09 10:16:55.221,6.19138,6.19232,1.78,1.00
2014.01.09 10:17:01.852,6.19138,6.19253,1.18,1.00
2014.01.09 10:17:01.953,6.19163,6.19253,1.00,1.00
2014.01.09 10:17:02.054,6.19163,6.19283,1.08,1.00
2014.01.09 10:17:02.206,6.19161,6.19275,1.18,1.00
2014.01.09 10:17:03.060,6.19141,6.19275,1.18,1.00
2014.01.09 10:17:03.400,6.19141,6.19252,1.18,1.00
2014.01.09 10:17:04.380,6.19141,6.19242,1.18,1.00
2014.01.09 10:17:04.821,6.19141,6.19253,1.18,1.00
2014.01.09 10:17:09.112,6.19141,6.19243,1.18,1.00
2014.01.09 10:17:23.224,6.1915,6.19243,1.18,1.00
2014.01.09 10:17:27.262,6.1915,6.19253,1.18,1.00
2014.01.09 10:17:27.566,6.19171,6.19253,1.18,1.00
2014.01.09 10:17:27.718,6.19171,6.19272,1.18,1.00
2014.01.09 10:17:29.570,6.19171,6.19262,1.18,1.00
2014.01.09 10:17:41.341,6.19171,6.19273,1.18,1.00
2014.01.09 10:17:43.244,6.19171,6.19275,1.18,1.00
2014.01.09 10:17:43.572,6.19171,6.19263,1.18,1.00
2014.01.09 10:17:43.922,6.19171,6.19252,1.18,1.00
2014.01.09 10:17:47.889,6.19159,6.19252,1.18,1.00
2014.01.09 10:17:59.529,6.19159,6.19272,1.18,1.00
2014.01.09 10:17:59.739,6.19179,6.19272,1.18,1.00
2014.01.09 10:18:00.262,6.19179,6.19275,1.18,1.00
2014.01.09 10:18:02.329,6.19179,6.19283,1.18,1.00
2014.01.09 10:18:03.559,6.19179,6.19273,1.18,1.00
2014.01.09 10:18:06.310,6.19179,6.19283,1.18,1.00
2014.01.09 10:18:09.848,6.19179,6.19273,1.18,1.00
2014.01.09 10:18:14.679,6.19198,6.19292,1.18,1.00
2014.01.09 10:18:14.933,6.19198,6.19295,1.18,1.00
2014.01.09 10:18:15.185,6.19219,6.19295,1.18,1.00
2014.01.09 10:18:24.115,6.192,6.19295,2.25,1.00
2014.01.09 10:18:44.805,6.19213,6.19295,1.78,1.00
2014.01.09 10:18:53.117,6.19234,6.19295,1.18,1.00
2014.01.09 10:18:53.407,6.19237,6.19313,2.18,1.00
2014.01.09 10:18:54.195,6.19234,6.19313,1.18,1.00
2014.01.09 10:18:54.296,6.19208,6.1929,1.18,1.00
2014.01.09 10:18:55.244,6.19187,6.1929,1.18,1.00
2014.01.09 10:18:55.497,6.19187,6.19265,1.18,1.00
2014.01.09 10:18:58.870,6.19168,6.19265,1.18,1.00
2014.01.09 10:19:05.629,6.1917,6.19265,1.25,1.00
2014.01.09 10:19:05.933,6.19189,6.19265,1.18,1.00
2014.01.09 10:19:09.270,6.19168,6.19265,1.18,1.00
2014.01.09 10:19:22.082,6.19188,6.19265,1.18,1.00
2014.01.09 10:19:25.451,6.19168,6.19265,1.25,1.00
2014.01.09 10:19:25.999,6.19167,6.19265,1.18,1.00
2014.01.09 10:19:28.571,6.19167,6.19248,1.18,1.00
2014.01.09 10:19:29.444,6.19167,6.19265,1.18,1.00
2014.01.09 10:19:35.158,6.19171,6.19265,1.25,1.00
2014.01.09 10:19:35.610,6.1919,6.19265,1.18,1.00
2014.01.09 10:19:39.152,6.19169,6.19265,1.18,1.00
2014.01.09 10:19:56.319,6.19191,6.19265,1.18,1.00
2014.01.09 10:20:06.768,6.19165,6.19265,1.18,1.00
2014.01.09 10:20:12.724,6.19168,6.19265,1.25,1.00
2014.01.09 10:20:13.039,6.19188,6.19265,1.18,1.00
2014.01.09 10:20:13.221,6.19164,6.19265,1.18,1.00
2014.01.09 10:20:14.704,6.19187,6.19265,1.18,1.00
2014.01.09 10:20:15.880,6.19187,6.19294,1.18,1.00
2014.01.09 10:20:16.786,6.19168,6.19294,1.25,1.00
2014.01.09 10:20:17.335,6.19167,6.19294,1.18,1.00
2014.01.09 10:20:17.386,6.19167,6.19292,1.18,1.00
2014.01.09 10:20:18.568,6.19167,6.19294,1.18,1.00
2014.01.09 10:20:23.772,6.19187,6.19294,1.18,1.00
2014.01.09 10:20:24.770,6.19167,6.19294,1.25,1.00
2014.01.09 10:20:24.822,6.19165,6.19294,1.18,1.00
2014.01.09 10:20:32.013,6.19188,6.19294,1.18,1.00
2014.01.09 10:20:33.879,6.19188,6.19292,1.18,2.06
2014.01.09 10:20:34.099,6.19165,6.19292,1.18,2.06
2014.01.09 10:20:35.068,6.19165,6.19273,1.18,1.00
2014.01.09 10:20:35.179,6.19165,6.19282,1.18,1.00
2014.01.09 10:20:35.330,6.19165,6.19273,1.18,1.00
2014.01.09 10:20:36.389,6.19165,6.19262,1.18,1.00
2014.01.09 10:20:39.578,6.19165,6.19273,1.18,1.00
2014.01.09 10:20:39.722,6.19165,6.19282,1.18,1.00
2014.01.09 10:20:41.857,6.19188,6.19282,1.18,1.00
2014.01.09 10:20:41.907,6.19188,6.19292,1.18,2.06
2014.01.09 10:20:41.958,6.19188,6.19294,1.18,1.00
2014.01.09 10:20:42.060,6.19209,6.19294,1.18,1.00
2014.01.09 10:20:42.413,6.19203,6.19294,1.18,1.00
2014.01.09 10:20:45.545,6.19225,6.19294,1.18,1.00
2014.01.09 10:20:51.064,6.19225,6.1932,1.18,1.00
2014.01.09 10:20:58.423,6.19201,6.1932,1.18,1.00
2014.01.09 10:20:58.706,6.19201,6.19297,1.18,1.00
2014.01.09 10:21:00.453,6.19202,6.19297,1.25,1.00
2014.01.09 10:21:00.759,6.19222,6.19297,1.18,1.00
2014.01.09 10:21:06.904,6.19222,6.1932,1.18,1.00
2014.01.09 10:21:11.243,6.19224,6.1932,1.25,1.00
2014.01.09 10:21:11.559,6.19244,6.19347,1.18,1.00
2014.01.09 10:21:15.268,6.19282,6.19402,1.00,1.18
2014.01.09 10:21:15.488,6.19282,6.19426,1.00,1.08
2014.01.09 10:21:16.488,6.19298,6.19444,1.00,1.08
2014.01.09 10:21:17.479,6.1931,6.19444,1.18,1.00
2014.01.09 10:21:37.429,6.19308,6.19444,1.18,1.00
2014.01.09 10:21:41.667,6.19312,6.19444,1.25,1.00
2014.01.09 10:21:41.969,6.19332,6.19444,1.18,1.00
2014.01.09 10:21:42.141,6.1931,6.19444,1.18,1.00
2014.01.09 10:21:43.458,6.19315,6.19444,1.25,1.00
2014.01.09 10:21:43.928,6.19335,6.19444,1.18,1.00
2014.01.09 10:21:44.977,6.19335,6.19467,1.18,1.00
2014.01.09 10:21:45.028,6.19357,6.19467,1.18,1.00
2014.01.09 10:21:46.101,6.19329,6.19467,1.18,1.00
2014.01.09 10:21:51.548,6.19349,6.19467,1.18,1.00
2014.01.09 10:22:11.923,6.19338,6.19467,1.18,1.00
2014.01.09 10:22:25.915,6.19323,6.19467,1.00,1.10
2014.01.09 10:22:28.557,6.19335,6.19467,1.18,1.00
2014.01.09 10:22:28.731,6.19323,6.19467,1.00,1.10
2014.01.09 10:22:34.997,6.19324,6.19467,1.18,1.10
2014.01.09 10:22:35.300,6.19323,6.19467,1.00,1.00
2014.01.09 10:22:37.416,6.19338,6.19467,1.18,1.00
2014.01.09 10:22:41.723,6.19342,6.19488,1.08,1.00
2014.01.09 10:22:43.371,6.19338,6.19467,1.18,1.00
2014.01.09 10:22:46.332,6.19361,6.19467,1.18,1.00
2014.01.09 10:22:46.590,6.19389,6.19502,1.18,1.00
2014.01.09 10:22:46.692,6.19389,6.19478,1.18,1.00
2014.01.09 10:22:46.893,6.19389,6.19518,1.18,1.00
2014.01.09 10:22:47.045,6.19389,6.19478,1.18,1.00
2014.01.09 10:22:48.695,6.19369,6.19478,1.25,1.00
2014.01.09 10:22:48.746,6.19364,6.19478,1.18,1.00
2014.01.09 10:23:00.384,6.19422,6.19478,2.10,1.00
2014.01.09 10:23:00.435,6.19422,6.19513,2.10,1.00
2014.01.09 10:23:00.637,6.19422,6.19523,2.10,1.00
2014.01.09 10:23:01.336,6.19433,6.19523,1.50,1.00
2014.01.09 10:23:01.656,6.19433,6.19542,1.50,1.00
2014.01.09 10:23:03.415,6.19433,6.19543,1.50,1.00
2014.01.09 10:23:04.350,6.19433,6.19542,1.50,1.00
2014.01.09 10:23:04.401,6.19433,6.19533,1.50,1.00
2014.01.09 10:23:07.347,6.19433,6.19513,1.50,1.00
2014.01.09 10:23:07.675,6.19433,6.19523,1.50,1.00
2014.01.09 10:23:07.896,6.19433,6.19513,1.50,1.00
2014.01.09 10:23:08.336,6.19433,6.19523,1.50,1.00
2014.01.09 10:23:10.316,6.19433,6.19512,1.50,1.00
2014.01.09 10:23:12.845,6.19433,6.19532,1.50,1.00
2014.01.09 10:23:13.097,6.19435,6.19532,1.25,1.00
2014.01.09 10:23:13.888,6.19456,6.19553,1.18,1.00
2014.01.09 10:23:14.351,6.19456,6.19553,3.00,1.00
2014.01.09 10:23:14.515,6.19456,6.19557,3.00,1.00
2014.01.09 10:23:18.739,6.19477,6.19557,1.18,1.00
2014.01.09 10:23:19.070,6.19486,6.19557,2.10,1.00
2014.01.09 10:23:21.596,6.19503,6.19557,1.18,1.00
2014.01.09 10:23:23.465,6.19486,6.19593,2.10,1.00
2014.01.09 10:23:23.566,6.19486,6.19572,2.10,1.00
2014.01.09 10:23:23.893,6.19495,6.19593,1.78,1.00
2014.01.09 10:23:23.994,6.19516,6.19593,1.18,1.00
2014.01.09 10:23:24.096,6.19517,6.19612,1.08,1.00
2014.01.09 10:23:24.247,6.1952,6.19612,2.18,1.00
2014.01.09 10:23:24.552,6.19545,6.19642,1.08,1.00
2014.01.09 10:23:24.754,6.19545,6.19642,1.73,1.00
2014.01.09 10:23:25.068,6.19566,6.19632,1.18,1.00
2014.01.09 10:23:25.928,6.19566,6.19623,1.18,1.00
2014.01.09 10:23:26.976,6.19566,6.19642,1.50,1.00
2014.01.09 10:23:27.723,6.19571,6.19632,1.08,1.00
2014.01.09 10:23:28.156,6.19571,6.19643,1.08,1.00
2014.01.09 10:23:30.356,6.19571,6.19632,1.08,1.00
2014.01.09 10:23:32.049,6.19566,6.19623,1.50,1.00
2014.01.09 10:23:33.657,6.19566,6.19632,1.50,1.00
2014.01.09 10:23:33.913,6.19588,6.19632,1.18,1.00
2014.01.09 10:23:35.129,6.19588,6.19643,1.18,1.00
2014.01.09 10:23:39.055,6.19588,6.19653,1.18,1.00
2014.01.09 10:23:40.916,6.19588,6.19662,1.18,1.00
2014.01.09 10:23:41.168,6.19588,6.19652,1.18,1.00
2014.01.09 10:23:42.279,6.19588,6.19642,1.18,1.00
2014.01.09 10:23:43.977,6.19569,6.19642,1.18,1.00
2014.01.09 10:23:45.790,6.19569,6.19633,1.18,1.00
2014.01.09 10:23:45.942,6.19545,6.19613,1.18,1.00
2014.01.09 10:23:46.410,6.19545,6.19592,1.18,1.00
2014.01.09 10:23:46.677,6.19545,6.19602,1.18,1.00
2014.01.09 10:23:46.965,6.19545,6.19592,1.18,1.00
2014.01.09 10:23:48.142,6.19524,6.19592,1.80,1.00
2014.01.09 10:23:49.961,6.19524,6.19612,1.18,1.00
2014.01.09 10:23:50.376,6.19524,6.19593,1.18,1.00
2014.01.09 10:23:52.330,6.19511,6.19593,2.10,1.00
2014.01.09 10:23:52.383,6.19499,6.19593,1.18,1.00
2014.01.09 10:23:52.587,6.19499,6.19562,1.18,1.00
2014.01.09 10:23:52.915,6.19499,6.19572,1.18,1.00
2014.01.09 10:23:53.158,6.19499,6.19563,1.18,1.00
2014.01.09 10:23:58.021,6.19499,6.19552,1.18,1.00
2014.01.09 10:23:58.173,6.1949,6.19552,1.00,1.00
2014.01.09 10:23:58.283,6.19475,6.19552,1.18,1.00
2014.01.09 10:23:59.664,6.19475,6.19543,1.18,1.00
2014.01.09 10:24:00.629,6.19499,6.19603,2.10,1.00
2014.01.09 10:24:00.834,6.19499,6.19632,2.18,1.00
2014.01.09 10:24:00.923,6.19526,6.19632,1.00,1.00
2014.01.09 10:24:01.433,6.19526,6.19653,1.00,1.08
2014.01.09 10:24:06.775,6.19526,6.19663,1.10,1.00
2014.01.09 10:24:06.928,6.19526,6.19672,1.10,1.58
2014.01.09 10:24:12.335,6.19615,6.19722,2.10,1.88
2014.01.09 10:24:12.437,6.19658,6.19749,2.10,1.00
2014.01.09 10:24:29.554,6.19674,6.19749,1.78,1.00
2014.01.09 10:24:29.857,6.19695,6.19749,2.10,1.00
2014.01.09 10:24:30.161,6.1972,6.19749,1.18,1.00
2014.01.09 10:24:30.512,6.19715,6.19766,1.85,1.00
2014.01.09 10:24:30.563,6.19714,6.19802,1.78,1.00
2014.01.09 10:24:30.664,6.19714,6.19826,1.78,1.00
2014.01.09 10:24:30.733,6.19714,6.19833,1.78,1.00
2014.01.09 10:24:31.434,6.19714,6.19832,1.78,1.00
2014.01.09 10:24:34.943,6.19746,6.19832,1.00,1.00
2014.01.09 10:24:35.063,6.19746,6.19842,1.00,1.00
2014.01.09 10:24:35.283,6.19746,6.19895,1.00,1.18
2014.01.09 10:24:35.486,6.19735,6.19865,1.18,1.00
2014.01.09 10:24:35.836,6.19771,6.19895,1.00,1.18
2014.01.09 10:24:36.039,6.19771,6.19914,1.00,1.18
2014.01.09 10:24:36.163,6.19771,6.19922,1.00,1.65
2014.01.09 10:24:36.294,6.19783,6.19922,2.10,1.65
2014.01.09 10:24:36.396,6.19783,6.19922,2.10,1.00
2014.01.09 10:24:36.497,6.1982,6.19971,1.00,1.00
2014.01.09 10:24:36.598,6.19856,6.20002,1.00,2.06
2014.01.09 10:24:36.649,6.19856,6.20017,1.00,1.00
2014.01.09 10:24:36.699,6.19911,6.20062,1.00,1.00
2014.01.09 10:24:37.695,6.19911,6.20031,1.00,1.18
2014.01.09 10:24:37.819,6.19911,6.20056,1.00,1.18
2014.01.09 10:24:37.920,6.19911,6.20062,1.00,1.00
2014.01.09 10:24:38.021,6.19932,6.20083,1.00,1.00
2014.01.09 10:24:38.634,6.19932,6.20079,1.00,1.18
2014.01.09 10:24:38.955,6.19932,6.20058,1.00,1.18
2014.01.09 10:24:40.202,6.19932,6.20078,1.00,1.18
2014.01.09 10:24:41.863,6.19938,6.20012,1.18,1.00
2014.01.09 10:24:42.154,6.19923,6.20012,1.18,1.00
2014.01.09 10:24:42.255,6.19895,6.20012,1.18,1.00
2014.01.09 10:24:44.444,6.19876,6.20012,1.25,1.00
2014.01.09 10:24:52.335,6.19876,6.20003,1.18,1.00
2014.01.09 10:24:53.257,6.19876,6.19993,1.18,1.00
2014.01.09 10:24:53.408,6.19866,6.19993,1.00,1.00
2014.01.09 10:24:53.723,6.19853,6.19991,1.18,1.00
2014.01.09 10:24:58.288,6.19847,6.19991,1.00,1.65
2014.01.09 10:25:03.086,6.19851,6.19991,1.18,1.00
2014.01.09 10:25:05.655,6.19873,6.19991,1.18,1.00
2014.01.09 10:25:05.807,6.19858,6.19991,1.18,1.00
2014.01.09 10:25:06.081,6.1986,6.19991,1.18,1.00
2014.01.09 10:25:06.440,6.1988,6.19991,1.18,1.00
2014.01.09 10:25:06.491,6.19865,6.19991,1.25,1.00
2014.01.09 10:25:06.628,6.19861,6.19991,1.18,1.00
2014.01.09 10:25:06.679,6.19878,6.19991,1.18,1.00
2014.01.09 10:25:07.310,6.19862,6.19991,1.25,1.00
2014.01.09 10:25:07.848,6.19861,6.19991,1.18,1.00
2014.01.09 10:25:09.535,6.19878,6.19991,1.18,1.00
2014.01.09 10:25:10.245,6.19878,6.19964,1.18,6.78
2014.01.09 10:25:10.296,6.19864,6.19941,1.18,5.42
2014.01.09 10:25:10.347,6.19837,6.19936,1.18,7.41
2014.01.09 10:25:10.398,6.19818,6.19866,3.56,1.00
2014.01.09 10:25:10.851,6.19818,6.19862,2.06,1.00
2014.01.09 10:25:10.902,6.19818,6.1984,2.06,1.00
2014.01.09 10:25:10.952,6.1979,6.1984,2.10,1.00
2014.01.09 10:25:11.457,6.19792,6.19861,1.78,1.00
2014.01.09 10:25:11.812,6.1979,6.19833,2.10,1.00
2014.01.09 10:25:11.863,6.19778,6.19833,2.73,1.00
2014.01.09 10:25:11.914,6.19778,6.19872,2.73,1.00
2014.01.09 10:25:13.328,6.19778,6.19842,2.66,1.00
2014.01.09 10:25:13.379,6.19778,6.19842,2.06,1.00
2014.01.09 10:25:13.431,6.19778,6.19867,2.06,1.00
2014.01.09 10:25:13.582,6.19753,6.19867,1.78,1.00
2014.01.09 10:25:13.633,6.19753,6.19867,1.18,1.00
2014.01.09 10:25:13.785,6.19733,6.19837,1.18,1.00
2014.01.09 10:25:14.164,6.19734,6.19837,2.18,1.00
2014.01.09 10:25:14.496,6.19742,6.19837,2.10,1.00
2014.01.09 10:25:14.836,6.19749,6.19837,1.18,1.00
2014.01.09 10:25:14.988,6.19687,6.19812,1.08,1.00
2014.01.09 10:25:15.139,6.19729,6.19812,2.10,1.00
2014.01.09 10:25:15.291,6.19729,6.19841,2.10,1.00
2014.01.09 10:25:15.443,6.19729,6.19841,2.18,1.00
2014.01.09 10:25:15.981,6.19707,6.19812,1.18,1.00
2014.01.09 10:25:16.082,6.19698,6.19812,1.50,1.00
2014.01.09 10:25:16.133,6.19731,6.19812,2.10,1.00
2014.01.09 10:25:16.183,6.19731,6.19845,2.10,1.18
2014.01.09 10:25:16.284,6.19731,6.19847,2.10,1.00
2014.01.09 10:25:16.386,6.19731,6.19817,2.10,1.00
2014.01.09 10:25:16.537,6.19731,6.19842,2.10,1.00
2014.01.09 10:25:16.588,6.19721,6.19842,1.78,1.00
2014.01.09 10:25:16.934,6.19721,6.19816,1.78,1.00
2014.01.09 10:25:17.042,6.19721,6.19847,1.78,1.00
2014.01.09 10:25:17.194,6.19721,6.19817,1.78,1.00
2014.01.09 10:25:17.262,6.19721,6.19852,1.78,1.00
2014.01.09 10:25:17.363,6.19734,6.19852,2.10,1.00
2014.01.09 10:25:17.615,6.19739,6.19861,3.28,1.00
2014.01.09 10:25:17.945,6.19739,6.19827,3.28,1.00
2014.01.09 10:25:18.046,6.19739,6.19851,3.28,1.00
2014.01.09 10:25:18.350,6.19739,6.19851,1.18,1.00
2014.01.09 10:25:18.400,6.19739,6.19824,1.18,1.00
2014.01.09 10:25:18.502,6.19739,6.19856,1.18,1.00
2014.01.09 10:25:18.956,6.19739,6.19851,1.18,1.00
2014.01.09 10:25:19.498,6.19739,6.19819,1.18,1.00
2014.01.09 10:25:19.599,6.19739,6.19842,1.18,1.00
2014.01.09 10:25:20.046,6.19739,6.19821,1.78,1.00
2014.01.09 10:25:20.148,6.19739,6.19852,1.78,1.00
2014.01.09 10:25:21.170,6.19739,6.19824,1.78,1.00
2014.01.09 10:25:21.272,6.19739,6.19857,1.78,1.00
2014.01.09 10:25:21.322,6.19763,6.19857,1.18,1.00
2014.01.09 10:25:21.676,6.19741,6.19857,1.85,1.00
2014.01.09 10:25:21.757,6.19756,6.19857,1.18,1.00
2014.01.09 10:25:22.235,6.19756,6.19827,1.18,1.00
2014.01.09 10:25:22.337,6.19756,6.19857,1.18,1.00
2014.01.09 10:25:22.640,6.19741,6.19857,1.78,1.00
2014.01.09 10:25:23.235,6.19741,6.1982,1.18,1.00
2014.01.09 10:25:23.341,6.19741,6.19852,1.18,1.00
2014.01.09 10:25:24.043,6.19741,6.19852,1.78,1.00
2014.01.09 10:25:24.349,6.19741,6.19856,1.78,1.00
2014.01.09 10:25:24.777,6.19741,6.19832,1.78,1.00
2014.01.09 10:25:24.878,6.19741,6.19852,1.78,1.00
2014.01.09 10:25:25.044,6.19741,6.19852,1.18,1.00
2014.01.09 10:25:25.214,6.19741,6.19822,1.18,1.00
2014.01.09 10:25:25.315,6.19741,6.19841,1.18,1.00
2014.01.09 10:25:25.467,6.1972,6.19841,1.78,1.00
2014.01.09 10:25:26.158,6.1972,6.19841,1.78,1.00
2014.01.09 10:25:26.208,6.1972,6.19817,1.78,1.00
2014.01.09 10:25:26.410,6.1972,6.19847,1.78,1.00
2014.01.09 10:25:26.736,6.19736,6.19847,1.18,1.00
2014.01.09 10:25:27.402,6.19736,6.19829,1.18,1.00
2014.01.09 10:25:28.372,6.19736,6.19846,1.18,1.00
2014.01.09 10:25:28.622,6.19736,6.19826,1.18,1.00
2014.01.09 10:25:28.845,6.19736,6.19852,1.18,1.00
2014.01.09 10:25:29.354,6.19736,6.19852,1.78,1.00
2014.01.09 10:25:29.505,6.19736,6.1983,1.78,1.00
2014.01.09 10:25:29.613,6.19736,6.19856,1.78,1.00
2014.01.09 10:25:29.953,6.19736,6.19831,1.78,1.00
2014.01.09 10:25:30.155,6.19736,6.19851,1.78,1.00
2014.01.09 10:25:30.665,6.19736,6.19851,1.18,1.00
2014.01.09 10:25:34.745,6.19721,6.19851,1.18,1.00
2014.01.09 10:25:34.796,6.19721,6.19822,1.18,1.00
2014.01.09 10:25:34.972,6.19721,6.19846,1.18,1.00
2014.01.09 10:25:35.302,6.19721,6.19816,1.18,1.00
2014.01.09 10:25:35.554,6.19721,6.19837,1.18,1.00
2014.01.09 10:25:39.441,6.19699,6.19837,1.78,1.00
2014.01.09 10:25:39.730,6.19699,6.19807,1.78,1.00
2014.01.09 10:25:39.832,6.19699,6.19842,1.78,1.00
2014.01.09 10:25:41.163,6.19714,6.19811,1.18,1.00
2014.01.09 10:25:41.352,6.19714,6.19846,1.18,1.00
2014.01.09 10:25:42.232,6.19714,6.19812,1.18,1.00
2014.01.09 10:25:42.434,6.197,6.19812,1.25,1.00
2014.01.09 10:25:42.535,6.19696,6.19812,2.18,1.00
2014.01.09 10:25:42.787,6.19715,6.19812,2.10,1.00
2014.01.09 10:25:42.939,6.19715,6.19837,2.18,1.00
2014.01.09 10:25:43.192,6.19795,6.19837,2.10,1.00
2014.01.09 10:25:43.343,6.19795,6.19861,2.10,1.00
2014.01.09 10:25:46.444,6.19795,6.19917,2.18,1.00
2014.01.09 10:25:46.697,6.19795,6.19917,1.18,1.00
2014.01.09 10:25:48.522,6.19795,6.19896,1.18,1.00
2014.01.09 10:25:48.742,6.19795,6.19916,1.18,1.00
2014.01.09 10:25:51.825,6.19795,6.19897,1.18,1.00
2014.01.09 10:25:56.209,6.19773,6.19897,1.18,1.00
2014.01.09 10:25:57.452,6.19753,6.19897,1.08,1.00
2014.01.09 10:25:57.553,6.19727,6.19867,1.18,1.00
2014.01.09 10:26:01.147,6.19723,6.19863,1.00,1.18
2014.01.09 10:26:03.203,6.19705,6.19818,1.18,1.00
2014.01.09 10:26:03.745,6.19705,6.1979,1.18,1.00
2014.01.09 10:26:06.035,6.19688,6.1979,2.21,1.00
2014.01.09 10:26:06.861,6.19658,6.1979,1.18,1.00
2014.01.09 10:26:10.433,6.19663,6.1979,1.00,1.00
2014.01.09 10:26:11.203,6.19658,6.1979,1.65,1.00
2014.01.09 10:26:12.090,6.19648,6.1979,2.06,1.10
2014.01.09 10:26:14.286,6.19648,6.19765,2.06,1.00
2014.01.09 10:26:14.337,6.19638,6.19765,1.18,1.00
2014.01.09 10:26:14.837,6.19638,6.19783,1.18,1.00
2014.01.09 10:26:16.664,6.19637,6.19774,1.00,1.18
2014.01.09 10:26:16.816,6.19614,6.19757,1.18,1.00
2014.01.09 10:26:20.817,6.19613,6.1975,1.00,1.18
2014.01.09 10:26:21.325,6.19596,6.1974,1.10,1.00
2014.01.09 10:26:21.426,6.19623,6.1975,1.00,1.18
2014.01.09 10:26:21.766,6.19598,6.19742,1.00,1.00
2014.01.09 10:26:21.885,6.19611,6.1975,1.00,1.18
2014.01.09 10:26:35.974,6.19611,6.1976,1.08,1.00
2014.01.09 10:26:36.176,6.19611,6.19747,1.00,1.18
2014.01.09 10:26:47.151,6.196,6.19742,1.00,1.08
2014.01.09 10:26:47.456,6.196,6.19725,1.00,1.18
2014.01.09 10:26:47.843,6.196,6.19712,1.00,1.00
2014.01.09 10:26:47.893,6.196,6.19725,1.00,1.18
2014.01.09 10:26:47.944,6.19567,6.19703,1.18,1.00
2014.01.09 10:26:48.158,6.19576,6.19725,1.00,1.65
2014.01.09 10:26:49.284,6.19601,6.19725,1.00,1.18
2014.01.09 10:26:52.136,6.19572,6.19716,1.08,1.00
2014.01.09 10:26:52.237,6.19591,6.19725,1.00,1.18
2014.01.09 10:26:53.563,6.19567,6.19701,1.18,1.00
2014.01.09 10:26:53.664,6.19575,6.19725,1.00,1.18
2014.01.09 10:26:53.866,6.19584,6.19726,1.18,1.00
2014.01.09 10:26:54.894,6.19584,6.19722,1.18,1.00
2014.01.09 10:26:55.306,6.19564,6.19701,1.18,1.00
2014.01.09 10:26:56.612,6.19567,6.19712,1.00,1.00
2014.01.09 10:26:56.802,6.19567,6.19718,1.00,1.08
2014.01.09 10:26:57.993,6.19567,6.19693,1.00,1.00
2014.01.09 10:26:58.145,6.19539,6.19682,1.18,1.00
2014.01.09 10:26:58.297,6.19539,6.19661,1.18,1.00
2014.01.09 10:26:58.398,6.19539,6.19671,1.18,1.00
2014.01.09 10:26:58.450,6.19525,6.19662,1.00,1.00
2014.01.09 10:26:58.651,6.19529,6.19671,1.18,1.08
2014.01.09 10:26:58.853,6.1955,6.19692,1.18,1.00
2014.01.09 10:26:58.904,6.1955,6.19698,1.18,1.00
2014.01.09 10:26:59.006,6.1955,6.19693,1.00,1.18
2014.01.09 10:26:59.108,6.19518,6.19664,1.10,1.10
2014.01.09 10:27:00.467,6.19534,6.1967,1.00,1.18
2014.01.09 10:27:00.719,6.19561,6.19712,1.08,1.08
2014.01.09 10:27:00.788,6.19561,6.19712,1.08,1.00
2014.01.09 10:27:02.895,6.19561,6.19672,1.00,1.18
2014.01.09 10:27:02.996,6.19547,6.19672,1.00,1.18
2014.01.09 10:27:03.149,6.19528,6.19672,1.00,1.18
2014.01.09 10:27:10.708,6.19555,6.19672,1.00,1.18
2014.01.09 10:27:10.759,6.19555,6.19701,1.00,1.18
2014.01.09 10:27:10.861,6.19555,6.19652,1.00,1.00
2014.01.09 10:27:10.965,6.19533,6.19652,1.00,1.10
2014.01.09 10:27:11.167,6.19517,6.19652,1.00,1.10
2014.01.09 10:27:11.269,6.19521,6.19658,1.00,1.18
2014.01.09 10:27:11.663,6.19539,6.19672,1.18,1.00
2014.01.09 10:27:12.305,6.19526,6.19672,1.08,1.00
2014.01.09 10:27:15.175,6.19526,6.19661,1.08,1.18
2014.01.09 10:27:15.478,6.19526,6.19641,1.00,1.18
2014.01.09 10:27:15.702,6.195,6.19641,1.00,1.18
2014.01.09 10:27:15.805,6.195,6.19637,1.00,1.25
2014.01.09 10:27:16.298,6.195,6.19618,1.00,1.18
2014.01.09 10:27:21.838,6.19457,6.19593,1.18,1.00
2014.01.09 10:27:22.253,6.19449,6.19586,1.00,1.18
2014.01.09 10:27:22.802,6.19449,6.19586,1.00,1.78
2014.01.09 10:27:23.106,6.19363,6.19503,2.18,1.00
2014.01.09 10:27:23.157,6.19388,6.19517,1.00,1.18
2014.01.09 10:27:23.258,6.1941,6.19557,1.00,1.18
2014.01.09 10:27:23.359,6.19446,6.19557,1.00,1.18
2014.01.09 10:27:23.460,6.19446,6.19581,1.00,1.18
2014.01.09 10:27:26.098,6.19429,6.19573,1.10,1.00
2014.01.09 10:27:26.148,6.19429,6.19573,1.18,1.00
2014.01.09 10:27:26.452,6.19477,6.19605,1.00,1.18
2014.01.09 10:27:27.704,6.1945,6.19596,1.08,1.00
2014.01.09 10:27:27.860,6.1947,6.19605,1.00,1.18
2014.01.09 10:27:28.413,6.19445,6.19577,1.18,1.00
2014.01.09 10:27:28.515,6.19431,6.19577,1.00,1.08
2014.01.09 10:27:29.942,6.19422,6.19513,1.18,1.00
2014.01.09 10:27:30.043,6.194,6.19513,1.18,1.00
2014.01.09 10:27:30.144,6.19378,6.19513,2.25,1.00
2014.01.09 10:27:30.195,6.1944,6.19536,1.00,1.18
2014.01.09 10:27:30.246,6.1944,6.19575,1.00,1.18
2014.01.09 10:27:31.155,6.19414,6.19538,1.18,1.00
2014.01.09 10:27:31.206,6.19392,6.19538,1.08,1.00
2014.01.09 10:27:31.408,6.19408,6.19549,1.00,1.18
2014.01.09 10:27:31.829,6.19429,6.19549,1.00,1.18
2014.01.09 10:27:31.880,6.19429,6.19569,1.00,1.18
2014.01.09 10:27:32.695,6.19457,6.19569,1.00,1.18
2014.01.09 10:27:32.805,6.19443,6.19569,1.00,1.18
2014.01.09 10:27:33.183,6.19411,6.1955,1.18,1.00
2014.01.09 10:27:33.284,6.19395,6.19539,1.15,1.00
2014.01.09 10:27:33.385,6.19415,6.1955,1.00,1.18
2014.01.09 10:27:35.566,6.19438,6.1955,1.00,1.18
2014.01.09 10:27:35.617,6.19438,6.19574,1.00,1.18
2014.01.09 10:27:35.819,6.19441,6.19574,1.00,1.18
2014.01.09 10:27:36.871,6.19422,6.19566,1.00,1.00
2014.01.09 10:27:37.073,6.19422,6.19566,1.00,1.00
2014.01.09 10:27:37.376,6.19434,6.19574,1.00,1.18
2014.01.09 10:27:37.899,6.19422,6.19553,1.00,1.18
2014.01.09 10:27:44.772,6.19422,6.1955,1.00,1.25
2014.01.09 10:27:45.078,6.19422,6.1953,1.00,1.18
2014.01.09 10:27:45.129,6.19385,6.19529,1.00,1.08
2014.01.09 10:27:45.389,6.19372,6.19514,1.18,1.00
2014.01.09 10:27:46.036,6.19372,6.19484,1.08,1.00
2014.01.09 10:27:46.137,6.19374,6.19525,1.00,1.08
2014.01.09 10:27:46.221,6.19374,6.19491,1.08,1.00
2014.01.09 10:27:46.372,6.19374,6.19516,1.10,1.00
2014.01.09 10:27:47.764,6.19383,6.19516,1.00,1.00
2014.01.09 10:27:48.068,6.19402,6.19514,1.00,1.00
2014.01.09 10:27:48.119,6.19402,6.19551,1.00,1.08
2014.01.09 10:27:48.585,6.19408,6.19551,1.18,1.00
2014.01.09 10:27:48.975,6.19407,6.1952,1.00,1.18
2014.01.09 10:27:49.077,6.19405,6.19513,1.00,1.00
2014.01.09 10:27:49.228,6.19385,6.19513,1.00,1.00
2014.01.09 10:27:49.279,6.19385,6.19503,1.00,1.00
2014.01.09 10:27:49.330,6.1935,6.19493,1.18,1.00
2014.01.09 10:27:49.718,6.19353,6.19493,1.00,1.00
2014.01.09 10:27:50.021,6.19372,6.19488,1.08,1.00
2014.01.09 10:27:50.122,6.19393,6.19539,2.66,1.00
2014.01.09 10:27:50.894,6.19393,6.1951,1.18,1.00
2014.01.09 10:27:50.995,6.19377,6.1951,1.08,1.00
2014.01.09 10:27:51.197,6.19377,6.19492,1.08,1.00
2014.01.09 10:27:51.298,6.19377,6.19523,1.08,1.00
2014.01.09 10:27:51.400,6.19374,6.19493,1.18,1.00
2014.01.09 10:27:51.552,6.19374,6.19517,1.18,1.00
2014.01.09 10:27:51.657,6.19373,6.19517,1.00,1.10
2014.01.09 10:27:52.295,6.19373,6.19517,1.00,1.18
2014.01.09 10:27:52.598,6.19359,6.195,1.00,1.18
2014.01.09 10:27:53.005,6.19358,6.1948,1.00,1.00
2014.01.09 10:27:53.083,6.19365,6.195,1.00,1.18
2014.01.09 10:27:53.305,6.19356,6.195,1.00,1.65
2014.01.09 10:27:53.558,6.19356,6.19477,1.00,1.00
2014.01.09 10:27:53.659,6.19359,6.195,1.00,1.18
2014.01.09 10:27:53.890,6.19348,6.19474,1.00,1.00
2014.01.09 10:27:54.116,6.19354,6.195,1.00,1.18
2014.01.09 10:27:54.983,6.19354,6.19474,1.00,1.00
2014.01.09 10:27:55.035,6.19347,6.19474,1.00,1.00
2014.01.09 10:27:55.136,6.19359,6.195,1.00,1.18
2014.01.09 10:27:56.425,6.19363,6.195,1.00,1.18
2014.01.09 10:27:56.526,6.19363,6.19508,1.00,1.00
2014.01.09 10:27:56.779,6.19372,6.19508,1.00,1.00
2014.01.09 10:27:57.844,6.19359,6.19471,1.18,1.00
2014.01.09 10:27:57.946,6.19347,6.19471,1.00,1.00
2014.01.09 10:27:58.047,6.19347,6.19451,1.00,1.00
2014.01.09 10:27:58.148,6.19347,6.19461,1.00,1.18
2014.01.09 10:27:58.250,6.19326,6.19461,1.00,1.18
2014.01.09 10:27:58.422,6.19326,6.19461,1.00,1.18
2014.01.09 10:28:00.096,6.19343,6.19461,1.00,1.18
2014.01.09 10:28:00.299,6.19338,6.19448,1.00,1.00
2014.01.09 10:28:00.471,6.19338,6.19461,1.00,1.18
2014.01.09 10:28:00.724,6.19341,6.19483,1.00,1.18
2014.01.09 10:28:01.348,6.19342,6.19483,1.00,1.18
2014.01.09 10:28:02.205,6.19342,6.19483,1.00,1.18
2014.01.09 10:28:02.255,6.19337,6.19458,1.00,1.00
2014.01.09 10:28:02.357,6.19337,6.19477,1.00,1.10
2014.01.09 10:28:02.628,6.19333,6.19477,1.00,1.10
2014.01.09 10:28:02.678,6.19327,6.19438,1.00,1.00
2014.01.09 10:28:02.729,6.19308,6.19438,1.00,1.00
2014.01.09 10:28:02.831,6.19296,6.19438,1.18,1.00
2014.01.09 10:28:02.932,6.19289,6.19433,1.00,1.65
2014.01.09 10:28:03.568,6.19277,6.1942,1.08,1.00
2014.01.09 10:28:06.985,6.19277,6.19401,1.08,1.00
2014.01.09 10:28:07.086,6.19281,6.1943,1.00,1.08
2014.01.09 10:28:08.431,6.19282,6.1943,1.00,1.08
2014.01.09 10:28:08.804,6.19282,6.19412,1.00,1.18
2014.01.09 10:28:08.906,6.19258,6.19397,1.08,1.00
2014.01.09 10:28:08.956,6.19258,6.19389,1.08,1.00
2014.01.09 10:28:09.058,6.19258,6.19403,1.10,2.81
2014.01.09 10:28:09.160,6.19254,6.19359,1.18,1.00
2014.01.09 10:28:09.414,6.19254,6.19379,1.18,1.00
2014.01.09 10:28:09.531,6.19235,6.19379,1.08,1.08
2014.01.09 10:28:09.585,6.19235,6.19379,1.00,1.08
2014.01.09 10:28:10.742,6.19235,6.19379,1.00,1.08
2014.01.09 10:28:11.384,6.19235,6.19345,1.00,1.00
2014.01.09 10:28:11.536,6.19208,6.19345,1.00,1.00
2014.01.09 10:28:11.688,6.19222,6.19358,1.00,1.18
2014.01.09 10:28:11.987,6.19222,6.19371,1.58,1.00
2014.01.09 10:28:12.282,6.19242,6.19371,1.00,1.00
2014.01.09 10:28:12.586,6.19263,6.19414,1.58,1.00
2014.01.09 10:28:12.687,6.19283,6.19422,1.00,1.18
2014.01.09 10:28:12.839,6.19231,6.19375,1.18,1.00
2014.01.09 10:28:13.722,6.19233,6.19375,1.00,1.00
2014.01.09 10:28:13.943,6.19243,6.19375,1.00,1.00
2014.01.09 10:28:14.124,6.19243,6.19389,1.00,1.18
2014.01.09 10:28:14.226,6.19258,6.19389,1.00,1.18
2014.01.09 10:28:14.277,6.19258,6.19403,1.00,2.06
2014.01.09 10:28:14.327,6.19271,6.19403,1.00,2.06
2014.01.09 10:28:14.378,6.19271,6.19411,1.00,1.18
2014.01.09 10:28:14.429,6.19257,6.1939,1.08,1.00
2014.01.09 10:28:14.532,6.19264,6.19411,1.00,1.18
2014.01.09 10:28:14.633,6.19264,6.19391,1.00,1.18
2014.01.09 10:28:14.685,6.19248,6.19369,1.00,1.00
2014.01.09 10:28:14.888,6.19248,6.19383,1.00,1.00
2014.01.09 10:28:15.072,6.19238,6.19383,1.00,1.00
2014.01.09 10:28:17.170,6.19238,6.19359,1.00,1.00
2014.01.09 10:28:17.429,6.19238,6.19369,1.00,1.18
2014.01.09 10:28:17.494,6.19235,6.19369,1.00,1.18
2014.01.09 10:28:17.835,6.19243,6.19369,1.00,1.18
2014.01.09 10:28:18.703,6.19237,6.19369,1.00,1.18
2014.01.09 10:28:21.160,6.19252,6.19369,1.00,1.18
2014.01.09 10:28:21.277,6.19252,6.19379,1.00,1.00
2014.01.09 10:28:21.379,6.19253,6.19392,1.00,2.13
2014.01.09 10:28:21.676,6.19272,6.19392,1.00,2.13
2014.01.09 10:28:21.929,6.19272,6.1942,1.00,1.08
2014.01.09 10:28:22.112,6.19283,6.1942,1.00,1.08
2014.01.09 10:28:22.670,6.19283,6.19394,1.00,1.00
2014.01.09 10:28:22.924,6.19292,6.19421,1.00,1.18
2014.01.09 10:28:23.126,6.19292,6.19441,1.50,1.25
2014.01.09 10:28:23.228,6.19302,6.19413,1.00,1.00
2014.01.09 10:28:23.581,6.19297,6.19411,1.00,1.00
2014.01.09 10:28:24.108,6.19303,6.19411,1.00,1.00
2014.01.09 10:28:24.353,6.19303,6.19431,1.00,1.00
2014.01.09 10:28:24.454,6.19277,6.19401,1.00,1.00
2014.01.09 10:28:24.758,6.19283,6.19401,1.00,1.00
2014.01.09 10:28:24.809,6.19283,6.19416,1.00,1.18
2014.01.09 10:28:25.312,6.19283,6.19395,1.00,1.00
2014.01.09 10:28:25.463,6.19283,6.19416,1.00,1.65
2014.01.09 10:28:25.776,6.19292,6.19416,1.00,1.18
2014.01.09 10:28:26.121,6.19265,6.19392,1.00,1.18
2014.01.09 10:28:26.222,6.19292,6.194,1.00,1.00
2014.01.09 10:28:26.324,6.19292,6.19411,1.00,1.18
2014.01.09 10:28:26.425,6.19292,6.19398,1.00,1.00
2014.01.09 10:28:26.526,6.19287,6.19393,1.00,1.00
2014.01.09 10:28:26.779,6.19287,6.19414,1.00,1.00
2014.01.09 10:28:26.958,6.19287,6.19412,1.00,1.18
2014.01.09 10:28:27.282,6.19293,6.19412,1.00,1.18
2014.01.09 10:28:27.721,6.19293,6.19418,1.00,1.00
2014.01.09 10:28:28.823,6.19293,6.19413,1.00,1.18
2014.01.09 10:28:28.975,6.19288,6.19403,1.00,1.00
2014.01.09 10:28:29.943,6.19292,6.19403,1.00,1.00
2014.01.09 10:28:30.051,6.19288,6.19403,1.00,1.00
2014.01.09 10:28:30.164,6.19277,6.19403,1.00,1.00
2014.01.09 10:28:30.383,6.19267,6.19403,1.00,1.00
2014.01.09 10:28:30.625,6.19259,6.19403,1.10,1.00
2014.01.09 10:28:30.727,6.19258,6.19366,1.08,1.00
2014.01.09 10:28:30.829,6.19258,6.19387,1.00,1.08
2014.01.09 10:28:30.931,6.19247,6.19387,1.00,1.08
2014.01.09 10:28:31.193,6.19252,6.19387,1.00,1.08
2014.01.09 10:28:31.496,6.19273,6.19387,1.00,1.00
2014.01.09 10:28:32.471,6.19282,6.19387,1.00,1.00
2014.01.09 10:28:32.570,6.19282,6.19409,1.00,1.10
2014.01.09 10:28:33.350,6.19277,6.19409,1.00,1.10
2014.01.09 10:28:34.231,6.19282,6.19409,1.00,1.10
2014.01.09 10:28:34.535,6.19302,6.19409,1.00,1.00
2014.01.09 10:28:34.586,6.19298,6.19419,1.00,1.00
2014.01.09 10:28:34.892,6.19288,6.19419,1.00,1.00
2014.01.09 10:28:37.532,6.19288,6.19388,1.00,1.00
2014.01.09 10:28:37.684,6.19292,6.19427,1.00,1.00
2014.01.09 10:28:40.543,6.19287,6.19427,1.00,1.00
2014.01.09 10:28:42.743,6.19292,6.19427,1.00,1.00
2014.01.09 10:28:43.141,6.19302,6.19427,1.00,1.00
2014.01.09 10:28:43.801,6.19297,6.19427,1.00,1.00
2014.01.09 10:28:44.133,6.19302,6.19427,1.00,1.00
2014.01.09 10:28:44.725,6.19298,6.19427,1.00,1.00
2014.01.09 10:28:48.284,6.19298,6.19416,1.00,1.18
2014.01.09 10:28:48.436,6.19287,6.19416,1.00,1.18
2014.01.09 10:28:48.645,6.19287,6.19385,1.00,1.00
2014.01.09 10:28:48.751,6.19287,6.1941,1.00,1.10
2014.01.09 10:28:51.381,6.19287,6.1941,1.00,1.70
2014.01.09 10:28:51.433,6.19266,6.1941,1.00,1.70
2014.01.09 10:28:51.534,6.19237,6.19376,1.18,1.18
2014.01.09 10:28:51.584,6.19235,6.19376,1.00,1.18
2014.01.09 10:28:52.155,6.19208,6.19339,1.00,1.00
2014.01.09 10:28:52.206,6.19193,6.19339,1.08,1.00
2014.01.09 10:28:52.408,6.19212,6.19349,1.00,1.18
2014.01.09 10:28:52.611,6.19191,6.19332,1.18,1.00
2014.01.09 10:28:52.712,6.19197,6.19346,1.00,1.08
2014.01.09 10:28:52.863,6.19236,6.19349,1.00,1.18
2014.01.09 10:28:56.366,6.19207,6.19349,1.50,1.18
2014.01.09 10:28:56.478,6.19247,6.19349,1.00,1.18
2014.01.09 10:28:56.528,6.19247,6.19369,1.00,1.28
2014.01.09 10:28:56.579,6.19247,6.19375,1.00,1.18
2014.01.09 10:28:56.781,6.19284,6.19375,1.00,1.18
2014.01.09 10:28:56.883,6.19284,6.19393,1.00,1.18
2014.01.09 10:28:59.129,6.19254,6.19393,1.00,1.18
2014.01.09 10:28:59.230,6.19279,6.19393,1.00,1.18
2014.01.09 10:29:02.691,6.19279,6.19391,1.00,1.85
2014.01.09 10:29:02.742,6.19218,6.19352,1.08,1.00
2014.01.09 10:29:02.893,6.19223,6.19352,1.00,1.00
2014.01.09 10:29:03.196,6.19223,6.19347,1.00,1.00
2014.01.09 10:29:03.544,6.19243,6.19371,1.00,1.18
2014.01.09 10:29:03.876,6.19243,6.19371,1.00,1.18
2014.01.09 10:29:03.927,6.19238,6.19371,1.00,1.18
2014.01.09 10:29:04.028,6.19238,6.19395,1.08,1.18
2014.01.09 10:29:04.079,6.19315,6.19395,1.00,1.18
2014.01.09 10:29:04.130,6.19315,6.19421,1.00,1.18
2014.01.09 10:29:04.238,6.19263,6.19398,1.18,1.00
2014.01.09 10:29:04.289,6.19315,6.19421,1.00,1.18
2014.01.09 10:29:06.934,6.1927,6.19402,1.00,1.18
2014.01.09 10:29:07.035,6.19241,6.19381,1.18,1.00
2014.01.09 10:29:07.136,6.19238,6.19376,1.00,1.18
2014.01.09 10:29:08.070,6.19238,6.19335,1.00,1.00
2014.01.09 10:29:08.521,6.19242,6.19335,1.00,1.00
2014.01.09 10:29:08.572,6.19242,6.19354,1.00,1.00
2014.01.09 10:29:08.725,6.19262,6.19354,1.00,1.00
2014.01.09 10:29:09.045,6.19272,6.19354,1.00,1.00
2014.01.09 10:29:09.361,6.19268,6.19354,1.00,1.00
2014.01.09 10:29:10.319,6.19268,6.1938,1.00,1.00
2014.01.09 10:29:10.449,6.19317,6.19409,1.18,1.00
2014.01.09 10:29:10.554,6.19284,6.19409,1.18,1.00
2014.01.09 10:29:10.656,6.19284,6.19426,1.18,1.00
2014.01.09 10:29:12.690,6.193,6.19426,1.18,1.00
2014.01.09 10:29:12.941,6.19308,6.19457,1.00,1.00
2014.01.09 10:29:13.829,6.19322,6.19457,1.18,1.00
2014.01.09 10:29:15.241,6.19343,6.19457,1.18,1.00
2014.01.09 10:29:15.292,6.19343,6.19477,1.18,1.00
2014.01.09 10:29:16.840,6.19362,6.19477,1.18,1.00
2014.01.09 10:29:19.140,6.19362,6.19494,1.18,1.00
2014.01.09 10:29:19.651,6.1935,6.19494,1.00,1.00
2014.01.09 10:29:19.802,6.1938,6.19529,1.00,1.00
2014.01.09 10:29:19.904,6.19393,6.19573,1.00,1.00
2014.01.09 10:29:20.005,6.19431,6.19584,1.00,1.00
2014.01.09 10:29:21.976,6.19394,6.19527,1.00,1.31
2014.01.09 10:29:22.077,6.19369,6.19524,1.00,1.00
2014.01.09 10:29:22.128,6.19369,6.19394,1.00,1.78
2014.01.09 10:29:22.415,6.19259,6.19349,1.18,1.00
2014.01.09 10:29:22.474,6.1922,6.19349,1.18,1.00
2014.01.09 10:29:22.575,6.19277,6.19389,1.18,1.00
2014.01.09 10:29:22.626,6.19277,6.19412,1.18,1.00
2014.01.09 10:29:22.676,6.19299,6.19412,1.18,1.00
2014.01.09 10:29:22.778,6.19299,6.19441,1.18,1.00
2014.01.09 10:29:24.538,6.1932,6.19466,1.18,1.00
2014.01.09 10:29:24.866,6.19321,6.19484,1.08,1.18
2014.01.09 10:29:24.967,6.1934,6.19487,1.18,1.00
2014.01.09 10:29:25.290,6.1934,6.19394,1.18,1.00
2014.01.09 10:29:25.341,6.19269,6.19394,1.18,1.00
2014.01.09 10:29:25.442,6.19273,6.19394,1.00,1.00
2014.01.09 10:29:25.595,6.19268,6.19405,2.06,1.65
2014.01.09 10:29:25.646,6.19277,6.19405,1.18,1.00
2014.01.09 10:29:25.697,6.19283,6.19434,1.10,1.00
2014.01.09 10:29:25.984,6.19301,6.19434,1.18,1.00
2014.01.09 10:29:27.231,6.19321,6.19464,1.00,1.18
2014.01.09 10:29:27.390,6.19321,6.1944,1.00,2.10
2014.01.09 10:29:27.555,6.19248,6.1938,1.18,1.00
2014.01.09 10:29:27.657,6.19234,6.1938,1.08,1.00
2014.01.09 10:29:28.062,6.19234,6.1938,1.08,1.60
2014.01.09 10:29:28.314,6.19188,6.19318,1.18,1.00
2014.01.09 10:29:28.415,6.19177,6.19318,1.00,1.00
2014.01.09 10:29:28.869,6.19177,6.19293,1.00,1.00
2014.01.09 10:29:29.500,6.19167,6.19293,1.65,1.00
2014.01.09 10:29:30.524,6.19167,6.19268,1.18,1.00
2014.01.09 10:29:30.725,6.19148,6.19268,1.08,1.00
2014.01.09 10:29:33.983,6.19123,6.19268,1.18,1.00
2014.01.09 10:29:34.034,6.19123,6.19249,1.18,1.00
2014.01.09 10:29:34.085,6.19105,6.19249,1.08,1.00
2014.01.09 10:29:34.186,6.19104,6.19229,1.18,1.00
2014.01.09 10:29:34.361,6.19104,6.19244,1.18,1.00
2014.01.09 10:29:36.481,6.19121,6.19244,1.18,1.00
2014.01.09 10:29:36.582,6.19121,6.19272,3.00,1.00
2014.01.09 10:29:36.684,6.19168,6.19305,1.18,1.18
2014.01.09 10:29:36.735,6.19168,6.1931,1.18,1.00
2014.01.09 10:29:36.836,6.19188,6.19331,1.18,1.00
2014.01.09 10:29:37.138,6.19188,6.1931,1.18,1.00
2014.01.09 10:29:37.928,6.19158,6.1931,1.18,1.00
2014.01.09 10:29:38.032,6.19173,6.1931,1.18,1.00
2014.01.09 10:29:38.447,6.19192,6.1931,1.18,1.00
2014.01.09 10:29:39.279,6.19203,6.1931,1.00,1.00
2014.01.09 10:29:39.330,6.19203,6.19323,1.00,1.00
2014.01.09 10:29:39.609,6.19197,6.19323,1.65,1.00
2014.01.09 10:29:40.379,6.19222,6.19323,1.00,1.00
2014.01.09 10:29:40.936,6.19197,6.19323,1.00,1.00
2014.01.09 10:29:40.988,6.19197,6.19291,1.00,1.00
2014.01.09 10:29:41.291,6.19222,6.19291,1.00,1.00
2014.01.09 10:29:42.361,6.19232,6.19291,1.00,1.00
2014.01.09 10:29:47.644,6.19208,6.19291,1.00,1.00
2014.01.09 10:29:47.694,6.19208,6.19255,1.00,1.00
2014.01.09 10:29:48.049,6.19212,6.19255,1.00,1.00
2014.01.09 10:29:48.342,6.19157,6.19255,1.00,1.00
2014.01.09 10:29:48.444,6.19157,6.19217,1.00,1.00
2014.01.09 10:29:48.596,6.19157,6.19239,1.00,1.00
2014.01.09 10:29:48.697,6.1913,6.19262,1.00,2.06
2014.01.09 10:29:48.798,6.1913,6.19272,1.00,1.18
2014.01.09 10:29:49.840,6.19132,6.19272,1.00,1.18
2014.01.09 10:29:49.949,6.1913,6.19272,1.00,1.18
2014.01.09 10:29:50.058,6.19133,6.19272,1.00,1.18
2014.01.09 10:29:51.430,6.19112,6.19252,1.18,1.00
2014.01.09 10:29:56.033,6.19108,6.1925,1.00,1.18
2014.01.09 10:29:57.511,6.19092,6.19225,1.18,1.00
2014.01.09 10:29:57.619,6.19093,6.19242,1.10,1.00
2014.01.09 10:29:57.873,6.19093,6.19231,1.00,1.18
2014.01.09 10:29:58.153,6.19076,6.19222,1.08,1.00
2014.01.09 10:30:00.214,6.19071,6.19203,1.18,1.00
2014.01.09 10:30:01.235,6.19083,6.19231,1.00,1.18
2014.01.09 10:30:01.438,6.19087,6.19232,1.18,1.00
2014.01.09 10:30:01.752,6.19091,6.19232,1.25,1.00
2014.01.09 10:30:02.100,6.19112,6.19232,1.18,1.00
2014.01.09 10:30:02.471,6.19134,6.19232,1.18,1.00
2014.01.09 10:30:02.633,6.19134,6.19283,1.18,1.00
2014.01.09 10:30:08.145,6.19157,6.193,1.18,1.00
2014.01.09 10:30:09.162,6.19174,6.19323,1.00,1.65
2014.01.09 10:30:09.263,6.192,6.19343,1.00,1.25
2014.01.09 10:30:09.314,6.192,6.19345,1.00,1.18
2014.01.09 10:30:09.465,6.19185,6.19331,1.08,1.00
2014.01.09 10:30:09.664,6.192,6.19331,1.18,1.00
2014.01.09 10:30:09.715,6.192,6.19348,1.18,1.00
2014.01.09 10:30:10.053,6.192,6.19299,1.18,2.10
2014.01.09 10:30:10.104,6.192,6.19299,1.00,2.18
2014.01.09 10:30:10.205,6.19147,6.19243,1.18,2.06
2014.01.09 10:30:10.306,6.1911,6.19228,1.18,1.00
2014.01.09 10:30:10.357,6.19097,6.19228,1.00,1.08
2014.01.09 10:30:10.661,6.19097,6.19194,1.00,1.00
2014.01.09 10:30:10.813,6.19097,6.19215,1.00,1.00
2014.01.09 10:30:10.913,6.19087,6.19215,1.00,1.00
2014.01.09 10:30:11.211,6.19092,6.19215,1.00,1.00
2014.01.09 10:30:11.560,6.19088,6.19215,1.00,1.00
2014.01.09 10:30:11.949,6.19113,6.19215,1.00,1.00
2014.01.09 10:30:12.384,6.19113,6.19194,1.00,1.00
2014.01.09 10:30:12.435,6.19098,6.19194,1.00,1.00
2014.01.09 10:30:13.379,6.19087,6.19194,1.00,1.00
2014.01.09 10:30:19.126,6.19058,6.19166,1.00,1.18
2014.01.09 10:30:19.925,6.19058,6.19149,1.00,1.00
2014.01.09 10:30:20.404,6.19063,6.19149,1.00,1.00
2014.01.09 10:30:20.859,6.19006,6.19149,1.18,1.00
2014.01.09 10:30:21.011,6.19024,6.19166,1.00,1.18
2014.01.09 10:30:24.016,6.19045,6.1919,1.00,1.18
2014.01.09 10:30:24.117,6.19072,6.1919,1.00,1.18
2014.01.09 10:30:25.208,6.19072,6.19212,1.00,1.18
2014.01.09 10:30:30.827,6.19098,6.19212,1.00,1.18
2014.01.09 10:30:33.119,6.19098,6.19231,1.00,1.18
2014.01.09 10:30:33.170,6.19098,6.19238,1.00,1.18
2014.01.09 10:30:36.140,6.19098,6.19184,1.00,2.48
2014.01.09 10:30:36.190,6.19083,6.19168,1.00,1.78
2014.01.09 10:30:36.291,6.1901,6.19141,1.18,1.65
2014.01.09 10:30:36.342,6.18993,6.19121,1.00,1.18
2014.01.09 10:30:36.443,6.18993,6.19141,1.10,1.10
2014.01.09 10:30:36.494,6.18993,6.19141,1.10,1.73
2014.01.09 10:30:36.840,6.18993,6.19121,1.00,1.18
2014.01.09 10:30:37.211,6.18963,6.19103,1.18,1.00
2014.01.09 10:30:37.373,6.18963,6.19092,1.18,2.06
2014.01.09 10:30:38.614,6.18969,6.19092,1.00,2.06
2014.01.09 10:30:38.918,6.18993,6.19144,1.08,1.00
2014.01.09 10:30:38.969,6.19012,6.19154,1.00,1.18
2014.01.09 10:30:39.070,6.18995,6.19135,1.18,1.00
2014.01.09 10:30:39.150,6.19032,6.19154,1.00,1.18
2014.01.09 10:30:39.879,6.19032,6.19176,1.00,1.18
2014.01.09 10:30:39.930,6.19051,6.19176,1.00,1.18
2014.01.09 10:30:40.799,6.19034,6.19176,1.00,1.18
2014.01.09 10:30:40.951,6.19034,6.19182,1.18,1.00
2014.01.09 10:30:41.052,6.19055,6.19198,1.00,1.18
2014.01.09 10:30:41.930,6.19073,6.19198,1.00,1.18
2014.01.09 10:30:42.032,6.19073,6.1922,1.00,1.18
2014.01.09 10:30:42.133,6.1906,6.19208,1.65,1.00
2014.01.09 10:30:42.234,6.19078,6.1922,1.00,1.18
2014.01.09 10:30:50.497,6.19078,6.19229,1.65,1.00
2014.01.09 10:30:51.139,6.19097,6.19241,1.00,1.18
2014.01.09 10:30:52.603,6.19083,6.19228,1.18,1.00
2014.01.09 10:30:52.653,6.19083,6.19228,1.25,1.00
2014.01.09 10:30:52.704,6.19103,6.19254,1.08,1.00
2014.01.09 10:30:52.805,6.19123,6.19276,1.08,1.00
2014.01.09 10:30:58.625,6.1914,6.19276,1.18,1.00
2014.01.09 10:31:00.584,6.1916,6.19276,1.18,1.00
2014.01.09 10:31:01.279,6.1916,6.19239,1.18,2.10
2014.01.09 10:31:01.380,6.19079,6.19202,1.18,1.00
2014.01.09 10:31:01.578,6.19056,6.192,1.00,1.18
2014.01.09 10:31:01.631,6.19039,6.19162,1.18,1.00
2014.01.09 10:31:01.733,6.19038,6.19162,1.00,1.00
2014.01.09 10:31:01.834,6.19018,6.19162,1.18,1.00
2014.01.09 10:31:02.288,6.19016,6.19152,1.00,1.18
2014.01.09 10:31:03.029,6.18994,6.19133,1.18,1.00
2014.01.09 10:31:03.130,6.19006,6.19152,1.00,1.18
2014.01.09 10:31:05.770,6.18994,6.19132,1.18,1.00
2014.01.09 10:31:05.991,6.19006,6.19152,1.00,1.18
2014.01.09 10:31:09.842,6.18994,6.19123,1.18,1.00
2014.01.09 10:31:09.950,6.19005,6.19152,1.00,1.18
2014.01.09 10:31:11.737,6.1901,6.19127,1.18,1.00
2014.01.09 10:31:11.839,6.1902,6.19163,1.00,2.06
2014.01.09 10:31:11.896,6.1902,6.19171,1.00,1.08
2014.01.09 10:31:12.342,6.1902,6.19163,1.00,2.06
2014.01.09 10:31:12.512,6.19015,6.1916,1.18,1.00
2014.01.09 10:31:12.715,6.19014,6.19155,1.00,1.18
2014.01.09 10:31:13.360,6.18995,6.19134,1.18,1.00
2014.01.09 10:31:13.469,6.19004,6.19155,1.00,1.18
2014.01.09 10:31:20.949,6.18997,6.19122,1.08,1.00
2014.01.09 10:31:21.059,6.19005,6.19155,1.00,1.18
2014.01.09 10:31:22.281,6.19013,6.19156,1.18,1.00
2014.01.09 10:31:25.400,6.1901,6.19156,1.00,1.08
2014.01.09 10:31:25.915,6.18998,6.19126,1.18,1.00
2014.01.09 10:31:26.009,6.19018,6.19158,1.00,1.18
2014.01.09 10:31:30.047,6.19018,6.19147,1.00,1.18
2014.01.09 10:31:30.299,6.18968,6.19101,1.18,1.00
2014.01.09 10:31:30.350,6.18955,6.19096,1.00,1.18
2014.01.09 10:31:30.401,6.18973,6.19096,1.00,1.18
2014.01.09 10:31:30.654,6.18936,6.19079,1.18,1.00
2014.01.09 10:31:30.772,6.18986,6.19093,1.00,1.25
2014.01.09 10:31:30.824,6.18986,6.19102,1.00,1.18
2014.01.09 10:31:30.925,6.18986,6.19127,1.00,1.18
2014.01.09 10:31:32.328,6.18969,6.19102,1.18,1.00
2014.01.09 10:31:32.651,6.1899,6.19127,1.00,1.18
2014.01.09 10:31:35.072,6.18969,6.19102,1.18,1.00
2014.01.09 10:31:35.174,6.18979,6.19127,1.00,1.18
2014.01.09 10:31:36.241,6.18969,6.19102,1.18,1.00
2014.01.09 10:31:36.393,6.18979,6.19127,1.00,1.18
2014.01.09 10:31:37.781,6.18989,6.19101,1.18,1.00
2014.01.09 10:31:37.938,6.19008,6.19154,1.00,1.18
2014.01.09 10:31:39.130,6.19013,6.19154,1.00,1.18
2014.01.09 10:31:40.015,6.19014,6.19164,1.18,1.00
2014.01.09 10:31:41.629,6.19032,6.19177,1.00,1.18
2014.01.09 10:31:43.826,6.19034,6.19183,1.18,1.00
2014.01.09 10:31:45.414,6.1905,6.19199,1.00,1.18
2014.01.09 10:31:46.815,6.19056,6.19201,1.18,1.00
2014.01.09 10:31:47.022,6.19077,6.19228,1.08,1.00
2014.01.09 10:31:49.759,6.19099,6.19228,1.18,1.00
2014.01.09 10:31:52.802,6.19126,6.19228,1.18,1.00
2014.01.09 10:31:54.829,6.19126,6.19256,1.18,1.00
2014.01.09 10:31:55.780,6.19128,6.19256,1.25,1.00
2014.01.09 10:31:56.111,6.19149,6.19256,1.18,1.00
2014.01.09 10:31:56.161,6.19108,6.19256,1.00,1.00
2014.01.09 10:31:56.356,6.19129,6.19256,1.18,1.00
2014.01.09 10:31:56.508,6.19149,6.19287,1.18,1.00
2014.01.09 10:31:56.919,6.19163,6.19314,1.00,1.65
2014.01.09 10:31:58.749,6.19169,6.19314,1.18,1.00
2014.01.09 10:32:01.997,6.19154,6.19308,1.18,1.18
2014.01.09 10:32:02.101,6.19145,6.19287,1.00,1.18
2014.01.09 10:32:02.759,6.19129,6.19269,1.18,1.00
2014.01.09 10:32:08.180,6.19123,6.19262,1.00,1.18
2014.01.09 10:32:08.483,6.19099,6.19209,1.00,1.18
2014.01.09 10:32:08.709,6.1907,6.19209,1.00,1.18
2014.01.09 10:32:09.900,6.19082,6.19209,1.00,1.18
2014.01.09 10:32:11.227,6.19082,6.19229,1.00,1.18
2014.01.09 10:32:14.786,6.19111,6.19229,1.00,1.18
2014.01.09 10:32:14.947,6.19111,6.1925,1.00,1.18
2014.01.09 10:32:19.578,6.19099,6.19245,1.00,1.08
2014.01.09 10:32:19.732,6.19112,6.1925,1.00,1.18
2014.01.09 10:32:22.043,6.19094,6.1924,1.08,1.00
2014.01.09 10:32:25.630,6.19107,6.1925,1.00,1.18
2014.01.09 10:32:25.984,6.19112,6.1926,1.18,1.00
2014.01.09 10:32:26.217,6.19129,6.19275,1.00,1.18
2014.01.09 10:32:28.574,6.19129,6.19256,1.00,1.18
2014.01.09 10:32:28.980,6.19106,6.19254,1.00,1.08
2014.01.09 10:32:29.136,6.19106,6.19237,1.00,1.18
2014.01.09 10:32:57.104,6.19079,6.19219,1.18,1.00
2014.01.09 10:32:57.366,6.19071,6.19216,1.00,1.18
2014.01.09 10:33:17.493,6.19071,6.19213,1.00,1.18
2014.01.09 10:33:19.459,6.19071,6.19219,1.18,1.00
2014.01.09 10:33:39.881,6.19082,6.19219,1.18,1.00
2014.01.09 10:33:48.134,6.19093,6.19245,1.00,1.18
2014.01.09 10:33:48.932,6.19103,6.19246,1.18,1.00
2014.01.09 10:33:49.248,6.19115,6.19266,1.00,1.65
2014.01.09 10:33:49.400,6.19127,6.19266,1.18,1.00
2014.01.09 10:33:49.602,6.19147,6.19292,1.18,1.00
2014.01.09 10:33:49.703,6.19177,6.19312,1.00,1.18
2014.01.09 10:33:50.006,6.19161,6.19309,1.00,1.08
2014.01.09 10:33:53.851,6.19174,6.19312,1.00,1.18
2014.01.09 10:33:59.030,6.19174,6.19327,1.08,1.08
2014.01.09 10:33:59.131,6.19174,6.19327,1.08,1.00
2014.01.09 10:34:00.590,6.19192,6.19335,1.00,1.18
2014.01.09 10:34:02.762,6.19192,6.19315,1.00,1.18
2014.01.09 10:34:03.015,6.19174,6.19315,1.00,1.18
2014.01.09 10:34:09.395,6.19188,6.19315,1.00,1.18
2014.01.09 10:34:11.928,6.19175,6.19315,1.00,1.18
2014.01.09 10:34:20.438,6.19175,6.19302,1.00,1.18
2014.01.09 10:34:20.648,6.19175,6.19315,1.00,1.18
2014.01.09 10:34:32.173,6.19191,6.19315,1.00,1.18
2014.01.09 10:34:37.434,6.19191,6.19335,1.00,1.18
2014.01.09 10:34:37.535,6.19191,6.19342,1.00,1.08
2014.01.09 10:34:44.170,6.19214,6.19343,1.00,1.18
2014.01.09 10:34:52.720,6.19214,6.19321,1.00,1.18
2014.01.09 10:34:53.281,6.19188,6.19321,1.00,1.18
2014.01.09 10:34:54.979,6.19188,6.19298,1.00,1.18
2014.01.09 10:34:56.379,6.19167,6.19298,1.00,1.18
2014.01.09 10:35:03.862,6.19167,6.19315,1.00,1.08
2014.01.09 10:35:03.918,6.19183,6.1932,1.00,1.18
2014.01.09 10:35:08.073,6.19183,6.19336,1.65,1.00
2014.01.09 10:35:08.174,6.19205,6.19346,1.00,1.18
2014.01.09 10:35:08.477,6.19205,6.19325,1.00,1.18
2014.01.09 10:35:11.956,6.19189,6.19325,1.00,1.18
2014.01.09 10:35:28.881,6.19189,6.19321,1.00,1.18
2014.01.09 10:35:31.485,6.19189,6.19335,1.08,1.00
2014.01.09 10:35:31.772,6.19189,6.19325,1.00,1.18
2014.01.09 10:35:38.699,6.19189,6.19335,1.08,1.00
2014.01.09 10:35:39.517,6.19208,6.19345,1.00,1.18
2014.01.09 10:35:40.568,6.19208,6.19359,1.10,1.08
2014.01.09 10:35:41.204,6.19208,6.19359,1.10,1.00
2014.01.09 10:35:53.745,6.19235,6.19367,1.00,1.18
2014.01.09 10:35:53.816,6.19225,6.19367,1.00,1.18
2014.01.09 10:36:00.819,6.19225,6.19358,1.00,1.18
2014.01.09 10:36:14.301,6.19225,6.19358,1.00,1.18
2014.01.09 10:36:14.436,6.19225,6.19372,1.08,1.00
2014.01.09 10:36:20.031,6.19246,6.19386,1.00,1.18
2014.01.09 10:36:20.185,6.19246,6.19399,1.08,1.00
2014.01.09 10:36:21.825,6.19265,6.19399,1.18,1.00
2014.01.09 10:36:26.204,6.19251,6.19399,1.08,1.00
2014.01.09 10:36:31.986,6.1928,6.19409,1.00,1.18
2014.01.09 10:36:32.239,6.19265,6.19409,1.00,1.18
2014.01.09 10:36:33.983,6.19276,6.19409,1.00,1.18
2014.01.09 10:36:34.286,6.19307,6.19436,1.00,1.18
2014.01.09 10:36:34.639,6.19291,6.19436,1.00,1.18
2014.01.09 10:36:35.822,6.19291,6.19416,1.00,1.18
2014.01.09 10:36:44.760,6.19291,6.19435,1.00,1.18
2014.01.09 10:36:46.217,6.19294,6.19439,1.18,1.00
2014.01.09 10:36:51.927,6.19303,6.19456,1.00,1.08
2014.01.09 10:36:53.004,6.19315,6.19456,1.18,1.00
2014.01.09 10:36:53.336,6.19308,6.19456,1.00,1.08
2014.01.09 10:36:54.839,6.19308,6.19456,1.00,1.00
2014.01.09 10:36:54.990,6.19321,6.19474,1.00,1.00
2014.01.09 10:36:55.293,6.19351,6.19504,1.00,1.00
2014.01.09 10:36:55.596,6.19387,6.1954,1.00,1.00
2014.01.09 10:36:56.424,6.19406,6.19557,1.00,1.00
2014.01.09 10:36:56.736,6.19333,6.1959,1.00,1.00
2014.01.09 10:36:56.975,6.19361,6.19579,1.00,1.00
2014.01.09 10:36:57.076,6.19362,6.19601,1.00,1.00
2014.01.09 10:36:57.177,6.19331,6.19565,1.00,1.00
2014.01.09 10:36:57.483,6.19314,6.19548,1.00,1.00
2014.01.09 10:36:57.785,6.19314,6.19526,1.00,1.00
2014.01.09 10:36:57.836,6.19289,6.19526,1.00,1.00
2014.01.09 10:36:59.755,6.19271,6.19517,1.00,1.00
2014.01.09 10:36:59.856,6.1928,6.19496,1.00,1.00
2014.01.09 10:37:04.252,6.1928,6.19473,1.00,1.00
2014.01.09 10:37:04.656,6.19255,6.19473,1.00,1.00
2014.01.09 10:37:04.959,6.19256,6.19473,1.00,1.00
2014.01.09 10:37:11.334,6.19255,6.19473,1.00,1.00
2014.01.09 10:37:11.384,6.19291,6.19473,1.20,1.00
2014.01.09 10:37:11.729,6.19338,6.1945,1.18,1.00
2014.01.09 10:37:12.423,6.19338,6.19441,1.18,1.00
2014.01.09 10:37:12.739,6.19338,6.1943,1.18,1.00
2014.01.09 10:37:12.790,6.19324,6.1943,1.18,1.00
2014.01.09 10:37:16.357,6.19324,6.19411,1.18,1.00
2014.01.09 10:37:17.962,6.19285,6.19411,1.18,1.00
2014.01.09 10:37:18.114,6.19285,6.19384,1.18,1.00
2014.01.09 10:37:21.046,6.19285,6.19366,1.18,1.00
2014.01.09 10:37:25.770,6.19264,6.19366,1.18,1.00
2014.01.09 10:37:25.893,6.1924,6.19335,1.18,1.00
2014.01.09 10:37:34.498,6.19213,6.19311,1.18,1.00
2014.01.09 10:37:34.796,6.19213,6.19288,1.18,1.00
2014.01.09 10:37:35.587,6.19191,6.19288,1.18,1.00
2014.01.09 10:37:44.227,6.19209,6.19288,1.18,1.00
2014.01.09 10:37:47.336,6.19209,6.19312,1.18,1.00
2014.01.09 10:37:49.676,6.1921,6.19312,1.25,1.00
2014.01.09 10:37:49.726,6.1923,6.19312,1.18,1.00
2014.01.09 10:37:56.098,6.19215,6.19312,1.18,1.00
2014.01.09 10:38:06.717,6.1923,6.19312,1.18,1.00
2014.01.09 10:38:06.819,6.1923,6.19338,1.18,1.00
2014.01.09 10:38:14.232,6.19253,6.19338,1.18,1.00
2014.01.09 10:38:16.925,6.19253,6.19358,1.18,1.00
2014.01.09 10:38:24.532,6.19253,6.19377,1.18,1.00
2014.01.09 10:38:34.287,6.19252,6.19377,1.18,1.00
2014.01.09 10:38:34.978,6.19252,6.19395,1.18,1.00
2014.01.09 10:38:35.079,6.19252,6.19371,1.18,1.00
2014.01.09 10:38:36.068,6.19268,6.19371,1.18,1.00
2014.01.09 10:38:36.968,6.19268,6.19392,1.18,1.00
2014.01.09 10:38:40.898,6.19268,6.19418,1.18,1.00
2014.01.09 10:38:42.278,6.19293,6.19418,1.18,1.00
2014.01.09 10:38:42.329,6.19293,6.19442,1.65,1.00
2014.01.09 10:38:42.430,6.19293,6.1942,1.18,1.00
2014.01.09 10:38:42.776,6.19293,6.19441,1.18,1.00
2014.01.09 10:38:42.935,6.19313,6.19441,1.18,1.00
2014.01.09 10:38:44.914,6.19295,6.19441,1.65,1.00
2014.01.09 10:38:49.138,6.19309,6.19441,1.18,1.00
2014.01.09 10:38:54.083,6.19315,6.19466,1.10,1.00
2014.01.09 10:38:54.327,6.19329,6.19466,1.18,1.00
2014.01.09 10:38:57.796,6.1932,6.19466,1.00,1.08
2014.01.09 10:38:57.847,6.19311,6.19441,1.18,1.00
2014.01.09 10:39:00.465,6.19311,6.19459,1.08,1.00
2014.01.09 10:39:00.531,6.19339,6.19459,2.10,1.00
2014.01.09 10:39:00.783,6.19435,6.19542,1.00,1.18
2014.01.09 10:39:00.834,6.19435,6.19555,1.00,1.18
2014.01.09 10:39:00.935,6.19456,6.19555,1.00,1.18
2014.01.09 10:39:01.036,6.19456,6.19562,1.00,1.00
2014.01.09 10:39:01.137,6.19456,6.19578,1.00,1.18
2014.01.09 10:39:01.239,6.19445,6.19591,1.00,1.00
2014.01.09 10:39:02.251,6.19458,6.19627,1.00,1.00
2014.01.09 10:39:02.352,6.19478,6.19629,1.00,1.00
2014.01.09 10:39:04.432,6.195,6.19651,1.00,1.00
2014.01.09 10:39:08.401,6.19522,6.19671,1.00,1.00
2014.01.09 10:39:09.973,6.19522,6.19661,1.00,1.18
2014.01.09 10:39:11.265,6.19522,6.19671,1.08,1.00
2014.01.09 10:39:11.366,6.19522,6.19671,1.00,1.00
2014.01.09 10:39:14.384,6.19522,6.19654,1.00,1.00
2014.01.09 10:39:14.535,6.195,6.19641,1.00,1.18
2014.01.09 10:39:15.502,6.195,6.19619,1.00,1.18
2014.01.09 10:39:16.429,6.1947,6.19619,1.00,1.18
2014.01.09 10:39:16.542,6.1947,6.19597,1.00,1.18
2014.01.09 10:39:16.942,6.1947,6.19618,1.00,1.00
2014.01.09 10:39:16.993,6.19447,6.19617,1.00,1.00
2014.01.09 10:39:17.055,6.19446,6.19594,1.00,1.00
2014.01.09 10:39:18.976,6.19464,6.19617,1.00,1.00
2014.01.09 10:39:20.044,6.19464,6.19607,1.00,1.18
2014.01.09 10:39:20.246,6.19403,6.19558,1.08,1.08
2014.01.09 10:39:20.296,6.19403,6.19558,1.08,1.73
2014.01.09 10:39:20.599,6.19381,6.19525,1.08,1.00
2014.01.09 10:39:20.802,6.19359,6.19505,1.08,1.00
2014.01.09 10:39:21.102,6.19331,6.19478,1.18,1.00
2014.01.09 10:39:21.404,6.19331,6.19454,1.18,1.00
2014.01.09 10:39:21.454,6.19308,6.19454,1.08,1.00
2014.01.09 10:39:23.033,6.19325,6.19468,1.00,1.18
2014.01.09 10:39:23.235,6.19342,6.19493,1.00,1.08
2014.01.09 10:39:23.538,6.19351,6.19493,1.18,1.00
2014.01.09 10:39:23.588,6.19368,6.19516,1.00,1.18
2014.01.09 10:39:25.378,6.19373,6.19517,1.18,1.00
2014.01.09 10:39:25.429,6.19391,6.19538,1.00,1.18
2014.01.09 10:39:27.479,6.19391,6.19535,1.00,1.25
2014.01.09 10:39:28.172,6.19391,6.19515,1.00,1.18
2014.01.09 10:39:33.653,6.19391,6.19535,1.00,1.18
2014.01.09 10:39:36.657,6.19395,6.1954,1.18,1.00
2014.01.09 10:39:38.734,6.19408,6.19558,1.00,1.18
2014.01.09 10:39:38.835,6.19417,6.19559,1.18,1.00
2014.01.09 10:39:38.936,6.19429,6.19578,1.00,1.08
2014.01.09 10:39:42.096,6.19442,6.19578,1.18,1.00
2014.01.09 10:39:42.146,6.19448,6.19606,1.10,1.08
2014.01.09 10:39:44.019,6.19448,6.19588,1.00,1.18
2014.01.09 10:39:44.634,6.19427,6.19574,1.18,1.00
2014.01.09 10:39:47.935,6.19427,6.19554,1.18,1.00
2014.01.09 10:39:50.244,6.19427,6.19535,1.18,1.00
2014.01.09 10:39:54.204,6.19427,6.19517,1.18,1.00
2014.01.09 10:39:59.733,6.19472,6.19588,1.00,1.18
2014.01.09 10:39:59.784,6.19472,6.19619,1.00,1.18
2014.01.09 10:39:59.936,6.1948,6.19621,1.18,1.00
2014.01.09 10:40:00.701,6.19486,6.19621,1.28,1.00
2014.01.09 10:40:01.004,6.19507,6.19621,1.18,1.00
2014.01.09 10:40:01.833,6.19478,6.19593,1.18,1.00
2014.01.09 10:40:03.490,6.19478,6.19575,1.18,1.00
2014.01.09 10:40:03.845,6.19456,6.19575,1.18,1.00
2014.01.09 10:40:05.760,6.19437,6.19575,1.18,1.00
2014.01.09 10:40:07.989,6.19437,6.19556,1.18,1.00
2014.01.09 10:40:08.040,6.1942,6.19556,1.18,1.00
2014.01.09 10:40:08.091,6.1942,6.19533,1.18,1.00
2014.01.09 10:40:11.333,6.19393,6.19533,1.18,1.00
2014.01.09 10:40:25.887,6.19393,6.19508,1.18,1.00
2014.01.09 10:40:26.038,6.19372,6.19508,1.18,1.00
2014.01.09 10:40:34.684,6.19374,6.19525,1.00,1.00
2014.01.09 10:40:34.735,6.19391,6.19525,1.18,1.00
2014.01.09 10:40:35.804,6.19396,6.19545,2.80,1.00
2014.01.09 10:40:35.906,6.19414,6.19545,1.18,1.00
2014.01.09 10:40:37.647,6.19399,6.19545,1.15,1.00
2014.01.09 10:40:37.698,6.19399,6.19545,1.08,1.00
2014.01.09 10:40:39.515,6.19416,6.19545,1.18,1.00
2014.01.09 10:40:39.855,6.19436,6.19575,1.18,1.00
2014.01.09 10:40:45.616,6.19447,6.19598,1.00,1.08
2014.01.09 10:40:48.139,6.19441,6.19577,1.18,1.00
2014.01.09 10:40:50.242,6.19454,6.19602,1.00,1.18
2014.01.09 10:40:57.259,6.19477,6.19602,1.00,1.18
2014.01.09 10:40:57.915,6.19495,6.19602,1.00,1.18
2014.01.09 10:40:59.508,6.19495,6.19621,1.00,1.25
2014.01.09 10:40:59.589,6.19495,6.19623,1.00,1.18
2014.01.09 10:41:04.414,6.19514,6.19623,1.00,1.18
2014.01.09 10:41:04.516,6.19514,6.19642,1.00,1.28
2014.01.09 10:41:04.567,6.19514,6.19648,1.00,1.18
2014.01.09 10:41:10.369,6.19487,6.19613,1.18,1.00
2014.01.09 10:41:11.797,6.19467,6.19613,1.65,1.00
2014.01.09 10:41:17.746,6.1948,6.19626,1.00,1.18
2014.01.09 10:41:19.175,6.19467,6.19608,1.18,1.00
2014.01.09 10:41:22.358,6.19464,6.19607,1.00,1.18
2014.01.09 10:41:22.687,6.19446,6.19576,1.18,1.00
2014.01.09 10:41:27.058,6.19446,6.19594,1.08,1.00
2014.01.09 10:41:27.800,6.19446,6.19584,1.00,1.18
2014.01.09 10:41:27.851,6.1943,6.19574,1.10,1.00
2014.01.09 10:41:38.445,6.19442,6.19574,1.18,1.00
2014.01.09 10:41:40.314,6.1943,6.19574,1.08,1.00
2014.01.09 10:41:49.494,6.19444,6.19574,1.18,1.00
2014.01.09 10:42:00.378,6.19444,6.19556,1.18,1.00
2014.01.09 10:42:00.593,6.19429,6.19556,1.18,1.00
2014.01.09 10:42:02.325,6.19444,6.19556,1.18,1.00
2014.01.09 10:42:22.358,6.1945,6.19556,1.18,1.00
2014.01.09 10:42:35.403,6.19436,6.19556,1.25,1.00
2014.01.09 10:42:36.028,6.19435,6.19556,1.18,1.00
2014.01.09 10:42:39.627,6.19435,6.19536,1.18,1.00
2014.01.09 10:42:39.679,6.19416,6.19536,1.25,1.00
2014.01.09 10:42:39.780,6.19412,6.19536,1.18,1.00
2014.01.09 10:42:40.306,6.19431,6.19536,1.18,1.00
2014.01.09 10:42:41.804,6.19431,6.1958,1.65,1.00
2014.01.09 10:42:41.956,6.19466,6.19594,1.00,1.18
2014.01.09 10:42:48.084,6.19466,6.19614,1.00,1.25
2014.01.09 10:42:48.135,6.19466,6.19616,1.00,1.18
2014.01.09 10:42:51.856,6.19466,6.19611,1.00,1.25
2014.01.09 10:42:52.159,6.19466,6.19591,1.00,1.18
2014.01.09 10:42:52.462,6.19466,6.19617,1.00,1.08
2014.01.09 10:42:54.037,6.1949,6.19619,1.00,1.18
2014.01.09 10:42:54.294,6.1949,6.19639,1.00,1.08
2014.01.09 10:42:54.396,6.19511,6.19641,1.00,1.18
2014.01.09 10:42:54.659,6.19511,6.19659,1.00,1.18
2014.01.09 10:43:01.326,6.19511,6.19656,1.00,1.25
2014.01.09 10:43:02.030,6.19511,6.19635,1.00,1.18
2014.01.09 10:43:07.310,6.19511,6.19615,1.00,1.18
2014.01.09 10:43:19.313,6.1949,6.19615,1.00,1.18
2014.01.09 10:43:27.869,6.1949,6.19629,1.00,1.18
2014.01.09 10:43:36.955,6.19511,6.19629,1.00,1.18
2014.01.09 10:43:46.510,6.19511,6.1965,1.00,1.18
2014.01.09 10:43:55.322,6.19511,6.19667,1.08,1.08
2014.01.09 10:43:55.760,6.19534,6.19669,1.00,1.18
2014.01.09 10:44:00.722,6.19534,6.19683,1.08,1.00
2014.01.09 10:44:12.450,6.19554,6.19683,1.18,1.00
2014.01.09 10:44:12.551,6.19579,6.19719,1.00,1.18
2014.01.09 10:44:14.411,6.19564,6.1971,1.08,1.00
2014.01.09 10:44:14.512,6.19543,6.1967,1.00,1.18
2014.01.09 10:44:22.452,6.19543,6.19651,1.00,1.18
2014.01.09 10:44:23.981,6.1952,6.19651,1.00,1.18
2014.01.09 10:44:24.587,6.1952,6.19627,1.00,1.18
2014.01.09 10:44:34.559,6.19501,6.19627,1.00,1.18
2014.01.09 10:44:44.771,6.19485,6.19619,1.00,1.18
2014.01.09 10:44:51.191,6.19485,6.19599,1.00,1.18
2014.01.09 10:44:51.818,6.19455,6.19599,1.00,1.18
2014.01.09 10:44:51.869,6.19455,6.19575,1.00,1.18
2014.01.09 10:44:52.148,6.19422,6.19568,1.00,1.00
2014.01.09 10:44:52.296,6.19422,6.19549,1.00,1.18
2014.01.09 10:44:52.347,6.19391,6.19537,1.65,1.00
2014.01.09 10:44:53.269,6.19391,6.19528,1.00,1.18
2014.01.09 10:44:55.426,6.19371,6.19517,1.08,1.00
2014.01.09 10:44:56.237,6.19394,6.19543,1.00,1.15
2014.01.09 10:44:56.440,6.19413,6.19562,1.00,1.00
2014.01.09 10:44:58.100,6.19434,6.1957,1.00,1.18
2014.01.09 10:44:58.497,6.19434,6.19585,1.00,1.10
2014.01.09 10:44:58.548,6.19458,6.19591,1.00,1.18
2014.01.09 10:44:58.801,6.19458,6.19607,1.00,1.08
2014.01.09 10:44:59.980,6.19467,6.19607,1.18,1.00
2014.01.09 10:45:02.161,6.19482,6.19632,1.00,1.18
2014.01.09 10:45:02.816,6.19486,6.19633,1.18,1.00
2014.01.09 10:45:03.068,6.19506,6.19654,1.18,1.00
2014.01.09 10:45:04.437,6.19529,6.19654,1.18,1.00
2014.01.09 10:45:04.487,6.19557,6.19694,1.00,1.18
2014.01.09 10:45:05.443,6.19557,6.19708,1.00,1.15
2014.01.09 10:45:08.512,6.19583,6.19713,1.00,1.18
2014.01.09 10:45:13.053,6.19567,6.19711,1.00,1.08
2014.01.09 10:45:15.285,6.19567,6.19702,1.00,1.00
2014.01.09 10:45:16.386,6.19567,6.19692,1.00,1.00
2014.01.09 10:45:17.383,6.19567,6.19693,1.00,1.18
2014.01.09 10:45:17.535,6.19532,6.19674,1.00,1.18
2014.01.09 10:45:17.784,6.19515,6.19654,1.18,1.00
2014.01.09 10:45:29.526,6.19532,6.19685,1.08,1.00
2014.01.09 10:45:49.657,6.19532,6.19685,1.08,1.00
2014.01.09 10:45:56.187,6.19553,6.19685,1.18,1.00
2014.01.09 10:45:56.288,6.19553,6.19703,1.18,1.00
2014.01.09 10:45:58.394,6.19555,6.19703,2.83,1.00
2014.01.09 10:45:58.445,6.19573,6.19703,1.18,1.00
2014.01.09 10:45:58.596,6.19573,6.19724,1.65,1.00
2014.01.09 10:45:58.748,6.19578,6.19724,2.83,1.00
2014.01.09 10:45:59.066,6.19595,6.19724,1.18,1.00
2014.01.09 10:46:16.518,6.19595,6.19746,1.65,1.00
2014.01.09 10:46:18.191,6.1958,6.197,1.25,1.00
2014.01.09 10:46:18.343,6.19541,6.1968,1.18,1.00
2014.01.09 10:46:20.307,6.19532,6.19677,1.00,1.18
2014.01.09 10:46:30.835,6.19519,6.19649,1.18,1.00
2014.01.09 10:46:30.984,6.19508,6.19649,1.00,1.08
2014.01.09 10:46:31.137,6.19501,6.19649,1.10,1.08
2014.01.09 10:46:31.625,6.19501,6.19649,1.10,1.15
2014.01.09 10:46:32.229,6.19501,6.19631,1.00,1.18
2014.01.09 10:46:35.334,6.19502,6.19631,1.00,1.18
2014.01.09 10:46:37.056,6.19501,6.19631,1.00,1.18
2014.01.09 10:46:37.107,6.19501,6.19649,1.00,1.15
2014.01.09 10:46:37.309,6.19512,6.19649,1.00,1.08
2014.01.09 10:46:43.106,6.19508,6.19649,1.00,1.08
2014.01.09 10:46:44.206,6.19512,6.19649,1.00,1.08
2014.01.09 10:46:46.899,6.19512,6.19649,1.08,1.00
2014.01.09 10:46:47.001,6.19532,6.19649,1.00,1.00
2014.01.09 10:46:47.102,6.19532,6.19671,1.00,1.65
2014.01.09 10:46:47.858,6.19543,6.19671,1.00,1.65
2014.01.09 10:46:48.495,6.19538,6.19671,1.00,1.65
2014.01.09 10:46:50.365,6.19562,6.19671,1.00,1.65
2014.01.09 10:46:50.511,6.19562,6.19671,1.00,1.00
2014.01.09 10:46:50.585,6.19538,6.19671,1.10,1.00
2014.01.09 10:47:03.141,6.19532,6.19633,1.18,1.00
2014.01.09 10:47:07.319,6.19543,6.19633,1.00,1.00
2014.01.09 10:47:08.852,6.19553,6.19633,1.00,1.00
2014.01.09 10:47:09.004,6.19563,6.19661,1.00,1.00
2014.01.09 10:47:09.544,6.19572,6.19661,1.00,1.00
2014.01.09 10:47:11.704,6.19567,6.19661,1.00,1.00
2014.01.09 10:47:13.267,6.19557,6.19661,1.08,1.00
2014.01.09 10:47:14.035,6.19562,6.19661,1.00,1.00
2014.01.09 10:47:16.564,6.19552,6.19661,1.18,1.00
2014.01.09 10:47:21.401,6.19531,6.19661,1.18,1.00
2014.01.09 10:47:34.373,6.19535,6.19688,1.00,1.08
2014.01.09 10:47:38.450,6.1955,6.19688,1.78,1.00
2014.01.09 10:47:44.219,6.19548,6.19688,2.10,1.08
2014.01.09 10:47:47.543,6.1954,6.19688,1.00,1.08
2014.01.09 10:47:47.696,6.19513,6.19626,1.18,1.00
2014.01.09 10:47:47.747,6.19498,6.19626,1.65,1.00
2014.01.09 10:47:47.797,6.19498,6.19601,1.00,1.00
2014.01.09 10:47:48.793,6.19491,6.19601,2.10,1.00
2014.01.09 10:47:49.897,6.19531,6.19601,2.10,1.00
2014.01.09 10:47:49.999,6.19531,6.19643,2.10,2.06
2014.01.09 10:47:50.150,6.19531,6.19663,2.10,1.00
2014.01.09 10:47:54.142,6.19531,6.19662,2.10,1.18
2014.01.09 10:47:54.193,6.19503,6.19639,1.78,1.00
2014.01.09 10:47:54.656,6.19503,6.19633,1.78,1.00
2014.01.09 10:47:54.859,6.19482,6.19613,1.50,1.00
2014.01.09 10:48:05.405,6.19469,6.19613,2.10,1.08
2014.01.09 10:48:05.576,6.19469,6.19589,2.10,1.00
2014.01.09 10:48:08.660,6.19458,6.19589,1.78,1.00
2014.01.09 10:48:08.983,6.19458,6.19582,1.78,1.00
2014.01.09 10:48:09.643,6.19458,6.19589,1.78,1.00
2014.01.09 10:48:25.398,6.19451,6.19589,1.78,1.00
2014.01.09 10:48:27.207,6.19451,6.19564,1.78,1.00
2014.01.09 10:48:31.724,6.19451,6.19564,1.18,1.00
2014.01.09 10:48:31.825,6.19427,6.19564,1.78,1.00
2014.01.09 10:48:31.927,6.19427,6.19537,1.78,1.00
2014.01.09 10:48:34.217,6.19416,6.19537,2.10,1.00
2014.01.09 10:48:39.319,6.19416,6.19515,2.10,1.00
2014.01.09 10:48:39.421,6.19388,6.19515,1.18,1.00
2014.01.09 10:48:39.866,6.19385,6.19502,2.10,1.00
2014.01.09 10:48:40.197,6.19385,6.19486,2.10,1.00
2014.01.09 10:48:43.313,6.19365,6.19486,1.18,1.00
2014.01.09 10:48:43.515,6.19346,6.19486,3.08,1.00
2014.01.09 10:48:43.789,6.19346,6.19448,2.18,1.00
2014.01.09 10:49:03.313,6.1934,6.19448,1.18,1.00
2014.01.09 10:49:03.879,6.19337,6.19448,1.18,1.00
2014.01.09 10:49:05.225,6.19313,6.19448,1.18,1.00
2014.01.09 10:49:05.275,6.19313,6.19423,1.18,1.00
2014.01.09 10:49:05.459,6.19293,6.19423,1.18,1.00
2014.01.09 10:49:07.182,6.19293,6.19398,1.18,1.00
2014.01.09 10:49:12.935,6.1928,6.19398,2.10,1.00
2014.01.09 10:49:16.308,6.19273,6.19398,1.18,1.00
2014.01.09 10:49:17.273,6.19273,6.19374,1.18,1.00
2014.01.09 10:49:17.374,6.19253,6.19374,1.78,1.00
2014.01.09 10:49:19.379,6.19231,6.19347,1.78,1.00
2014.01.09 10:49:21.682,6.19231,6.19373,1.85,1.00
2014.01.09 10:49:21.732,6.19249,6.19373,1.18,1.00
2014.01.09 10:49:29.822,6.19249,6.19394,1.50,1.00
2014.01.09 10:49:36.987,6.19279,6.19394,2.10,1.00
2014.01.09 10:49:37.290,6.19279,6.19414,2.10,1.18
2014.01.09 10:49:37.392,6.19284,6.19421,3.28,1.00
2014.01.09 10:49:37.527,6.19292,6.19444,1.00,1.18
2014.01.09 10:49:37.628,6.19307,6.19445,1.18,1.00
2014.01.09 10:49:39.389,6.19307,6.19442,1.18,1.00
2014.01.09 10:49:39.440,6.19297,6.19442,1.10,1.08
2014.01.09 10:49:47.394,6.19302,6.19445,1.18,1.00
2014.01.09 10:49:49.242,6.19302,6.19442,1.18,1.00
2014.01.09 10:49:50.607,6.19302,6.19406,1.18,1.00
2014.01.09 10:49:50.659,6.19286,6.19406,1.78,1.00
2014.01.09 10:49:50.710,6.19286,6.19403,1.18,1.00
2014.01.09 10:49:50.761,6.19265,6.19403,1.18,1.00
2014.01.09 10:49:51.215,6.19265,6.19406,1.18,1.00
2014.01.09 10:49:53.912,6.19267,6.19406,2.10,1.00
2014.01.09 10:49:55.181,6.19281,6.19406,1.18,1.00
2014.01.09 10:49:55.485,6.193,6.19406,1.18,1.00
2014.01.09 10:49:59.940,6.193,6.19435,1.18,1.00
2014.01.09 10:50:02.592,6.193,6.19435,3.00,1.00
2014.01.09 10:50:03.675,6.193,6.19422,3.00,1.00
2014.01.09 10:50:03.814,6.19286,6.19409,1.25,1.00
2014.01.09 10:50:03.865,6.19281,6.19409,1.18,1.00
2014.01.09 10:50:04.370,6.19263,6.19409,1.68,1.00
2014.01.09 10:50:04.471,6.19261,6.19385,2.18,1.00
2014.01.09 10:50:05.054,6.19273,6.19385,1.18,1.00
2014.01.09 10:50:05.265,6.19261,6.19385,2.10,1.00
2014.01.09 10:50:05.583,6.19253,6.19385,1.18,1.00
2014.01.09 10:50:05.684,6.19229,6.19334,1.18,1.00
2014.01.09 10:50:05.987,6.19247,6.19349,2.10,1.00
2014.01.09 10:50:06.189,6.19247,6.1937,2.10,1.00
2014.01.09 10:50:14.743,6.1927,6.1937,1.18,1.00
2014.01.09 10:50:17.771,6.19255,6.1937,1.85,1.00
2014.01.09 10:50:24.206,6.19253,6.19392,1.78,1.00
2014.01.09 10:50:25.102,6.19253,6.19395,1.78,1.00
2014.01.09 10:50:31.132,6.19253,6.19378,1.78,1.00
2014.01.09 10:50:36.471,6.19253,6.19378,2.18,1.00
2014.01.09 10:50:37.784,6.19256,6.19378,3.28,1.00
2014.01.09 10:50:56.774,6.19256,6.19358,1.18,1.00
2014.01.09 10:50:56.825,6.19234,6.19358,2.18,1.00
2014.01.09 10:51:06.586,6.19248,6.19358,1.18,1.00
2014.01.09 10:51:09.602,6.1926,6.19358,2.10,1.00
2014.01.09 10:51:09.703,6.1926,6.19383,2.10,1.00
2014.01.09 10:51:09.855,6.19271,6.19383,1.18,1.00
2014.01.09 10:51:13.175,6.19265,6.19383,2.10,1.00
2014.01.09 10:51:18.325,6.19238,6.19354,1.78,1.00
2014.01.09 10:51:32.309,6.19238,6.19363,1.78,1.00
2014.01.09 10:51:32.511,6.19238,6.19352,1.18,1.00
2014.01.09 10:51:33.044,6.19221,6.19326,1.18,1.00
2014.01.09 10:51:34.038,6.19254,6.19326,2.10,1.00
2014.01.09 10:51:34.139,6.19262,6.19358,1.78,1.00
2014.01.09 10:51:34.241,6.19262,6.19386,1.78,1.00
2014.01.09 10:51:34.292,6.19262,6.19383,1.78,1.00
2014.01.09 10:51:34.343,6.19259,6.19383,2.10,1.00
2014.01.09 10:51:34.748,6.19259,6.19386,2.10,1.00
2014.01.09 10:51:35.219,6.19259,6.19363,2.10,1.00
2014.01.09 10:51:36.773,6.1924,6.19363,1.18,1.00
2014.01.09 10:51:51.446,6.19252,6.19363,2.10,1.00
2014.01.09 10:51:51.547,6.1926,6.19386,1.78,1.00
2014.01.09 10:51:57.641,6.19282,6.19386,1.18,1.00
2014.01.09 10:51:57.691,6.19285,6.19392,1.08,1.00
2014.01.09 10:51:57.742,6.19285,6.19403,1.08,1.00
2014.01.09 10:51:57.843,6.19285,6.19436,1.08,1.00
2014.01.09 10:51:58.010,6.19267,6.19415,1.00,1.08
2014.01.09 10:52:00.299,6.19258,6.19386,1.18,1.00
2014.01.09 10:52:05.484,6.19238,6.19386,2.33,1.00
2014.01.09 10:52:05.591,6.19238,6.19386,1.08,1.00
2014.01.09 10:52:05.641,6.19238,6.19382,1.08,1.00
2014.01.09 10:52:06.551,6.19238,6.19376,1.00,1.18
2014.01.09 10:52:06.804,6.19216,6.19359,1.18,1.00
2014.01.09 10:52:06.855,6.19222,6.19359,1.00,1.00
2014.01.09 10:52:07.185,6.19216,6.19359,1.18,1.00
2014.01.09 10:52:07.337,6.19223,6.19359,1.00,1.00
2014.01.09 10:52:07.776,6.19265,6.19402,1.00,1.60
2014.01.09 10:52:08.081,6.19243,6.19382,1.00,2.10
2014.01.09 10:52:08.342,6.19232,6.19372,1.18,1.60
2014.01.09 10:52:08.571,6.19232,6.1934,1.18,2.10
2014.01.09 10:52:08.722,6.19226,6.1934,1.00,2.10
2014.01.09 10:52:08.925,6.19202,6.19331,1.00,1.18
2014.01.09 10:52:09.127,6.19173,6.19314,1.18,1.00
2014.01.09 10:52:11.080,6.19206,6.1934,1.00,2.10
2014.01.09 10:52:11.130,6.19206,6.19353,1.00,1.18
2014.01.09 10:52:11.181,6.19206,6.19342,1.00,1.00
2014.01.09 10:52:11.433,6.19188,6.19336,1.65,1.00
2014.01.09 10:52:12.900,6.19188,6.19333,1.65,1.00
2014.01.09 10:52:13.231,6.19211,6.19333,1.00,1.00
2014.01.09 10:52:13.534,6.19184,6.19329,1.65,2.10
2014.01.09 10:52:17.330,6.19184,6.19322,1.00,1.18
2014.01.09 10:52:17.702,6.19164,6.19307,1.18,1.00
2014.01.09 10:52:18.890,6.19177,6.19313,1.00,1.00
2014.01.09 10:52:19.104,6.19177,6.19322,1.00,1.65
2014.01.09 10:52:20.610,6.19177,6.19302,1.00,1.00
2014.01.09 10:52:20.820,6.19177,6.19322,1.00,1.65
2014.01.09 10:52:20.922,6.19179,6.19322,1.18,1.00
2014.01.09 10:52:21.225,6.19198,6.19313,1.18,1.00
2014.01.09 10:52:21.275,6.19186,6.19313,1.08,1.00
2014.01.09 10:52:22.408,6.19186,6.19303,1.08,1.00
2014.01.09 10:52:22.580,6.19186,6.19313,1.08,1.00
2014.01.09 10:52:23.349,6.19186,6.19302,1.08,1.00
2014.01.09 10:52:23.670,6.19186,6.19302,1.00,1.00
2014.01.09 10:52:23.771,6.19169,6.19265,1.00,1.18
2014.01.09 10:52:23.872,6.19157,6.19265,2.06,1.18
2014.01.09 10:52:23.973,6.19157,6.19274,2.06,1.00
2014.01.09 10:52:24.660,6.19157,6.19274,2.06,1.60
2014.01.09 10:52:25.074,6.19077,6.19187,2.13,1.00
2014.01.09 10:52:27.511,6.19075,6.19149,1.18,1.00
2014.01.09 10:52:27.561,6.19055,6.19149,1.18,1.00
2014.01.09 10:52:27.612,6.19026,6.19149,1.18,1.00
2014.01.09 10:52:27.920,6.19026,6.19119,1.18,1.00
2014.01.09 10:52:28.349,6.19044,6.19185,1.00,1.18
2014.01.09 10:52:28.400,6.19093,6.19185,2.06,1.18
2014.01.09 10:52:28.451,6.19093,6.19195,2.96,1.00
2014.01.09 10:52:28.552,6.19093,6.19214,2.96,1.00
2014.01.09 10:52:28.653,6.19093,6.19243,2.96,1.00
2014.01.09 10:52:29.598,6.19093,6.19243,2.96,1.60
2014.01.09 10:52:29.901,6.1905,6.19146,1.18,1.00
2014.01.09 10:52:29.951,6.1903,6.19146,1.25,1.00
2014.01.09 10:52:30.002,6.19028,6.19146,1.18,1.00
2014.01.09 10:52:31.649,6.19028,6.1912,1.18,1.00
2014.01.09 10:52:36.076,6.19004,6.1912,1.18,1.00
2014.01.09 10:52:55.298,6.19004,6.19105,1.18,1.00
2014.01.09 10:52:55.500,6.18984,6.19105,1.18,1.00
2014.01.09 10:52:55.958,6.18984,6.19073,1.18,1.00
2014.01.09 10:52:57.441,6.18967,6.19073,1.08,1.00
2014.01.09 10:52:58.074,6.18967,6.19073,1.00,1.00
2014.01.09 10:52:59.349,6.18958,6.19073,1.00,1.00
2014.01.09 10:52:59.399,6.18958,6.19043,1.00,1.00
2014.01.09 10:53:00.119,6.18962,6.19043,1.00,1.00
2014.01.09 10:53:00.361,6.18957,6.19043,1.00,1.00
2014.01.09 10:53:11.683,6.18948,6.19043,1.00,1.00
2014.01.09 10:53:12.278,6.18948,6.19043,1.00,1.08
2014.01.09 10:53:12.329,6.18937,6.19043,1.00,1.08
2014.01.09 10:53:12.379,6.18937,6.19024,1.00,1.00
2014.01.09 10:53:12.886,6.18928,6.19024,1.00,1.00
2014.01.09 10:53:13.189,6.18917,6.19024,1.00,1.00
2014.01.09 10:53:14.288,6.18908,6.19024,1.00,1.00
2014.01.09 10:53:14.489,6.18908,6.19023,1.00,1.18
2014.01.09 10:53:14.618,6.1888,6.19023,1.00,1.18
2014.01.09 10:53:15.203,6.18883,6.19023,1.00,1.18
2014.01.09 10:53:15.608,6.18892,6.19023,1.00,1.18
2014.01.09 10:53:18.798,6.18887,6.19023,1.00,1.18
2014.01.09 10:53:19.700,6.1888,6.19023,1.00,1.18
2014.01.09 10:53:19.852,6.18878,6.18999,1.00,1.00
2014.01.09 10:53:20.032,6.18868,6.18999,1.08,1.00
2014.01.09 10:53:20.972,6.18868,6.18999,1.00,1.08
2014.01.09 10:53:21.022,6.18853,6.18999,1.00,1.68
2014.01.09 10:53:21.073,6.18847,6.18973,1.08,1.00
2014.01.09 10:53:21.433,6.18852,6.18973,1.00,1.00
2014.01.09 10:53:25.771,6.18843,6.18973,1.18,1.00
2014.01.09 10:53:25.873,6.18837,6.18973,1.00,1.00
2014.01.09 10:53:26.391,6.18827,6.18973,1.58,1.00
2014.01.09 10:53:34.548,6.18832,6.18973,1.00,1.00
2014.01.09 10:53:35.058,6.18832,6.18973,1.00,1.60
2014.01.09 10:53:35.318,6.18827,6.18973,1.08,1.60
2014.01.09 10:53:36.091,6.18833,6.18973,1.00,1.60
2014.01.09 10:53:36.294,6.18833,6.18973,1.00,1.00
2014.01.09 10:53:36.345,6.18852,6.18973,1.00,1.00
2014.01.09 10:53:37.208,6.18847,6.18973,1.00,1.00
2014.01.09 10:53:38.808,6.18847,6.18973,1.00,2.85
2014.01.09 10:53:38.859,6.18828,6.18973,1.08,2.85
2014.01.09 10:53:42.803,6.18842,6.18973,1.00,2.85
2014.01.09 10:53:42.910,6.18827,6.18973,1.58,2.85
2014.01.09 10:53:44.859,6.18827,6.18973,1.58,1.00
2014.01.09 10:53:45.905,6.18833,6.18973,1.08,1.00
2014.01.09 10:53:46.649,6.18842,6.18973,1.00,1.00
2014.01.09 10:53:49.216,6.18862,6.18973,1.00,1.00
2014.01.09 10:53:50.279,6.18872,6.18973,1.00,1.00
2014.01.09 10:53:51.948,6.18872,6.18993,1.00,1.00
2014.01.09 10:53:52.370,6.18867,6.18993,1.00,1.00
2014.01.09 10:53:52.522,6.18858,6.18993,1.18,1.00
2014.01.09 10:53:52.819,6.18863,6.18993,1.00,1.00
2014.01.09 10:53:53.136,6.18879,6.18993,1.18,1.00
2014.01.09 10:53:54.156,6.18879,6.19018,1.18,1.00
2014.01.09 10:53:57.461,6.18879,6.19,1.18,1.00
2014.01.09 10:53:57.512,6.18864,6.19,1.18,1.00
2014.01.09 10:54:00.453,6.18864,6.18978,1.18,1.00
2014.01.09 10:54:00.893,6.18847,6.18978,1.08,1.00
2014.01.09 10:54:12.212,6.18859,6.18978,1.18,1.00
2014.01.09 10:54:12.434,6.1886,6.19011,1.08,1.00
2014.01.09 10:54:28.687,6.18873,6.19011,1.00,1.00
2014.01.09 10:54:30.337,6.18867,6.19011,1.08,1.00
2014.01.09 10:54:31.156,6.18867,6.19011,1.15,1.00
2014.01.09 10:54:31.207,6.1888,6.19011,1.18,1.00
2014.01.09 10:54:32.199,6.18865,6.19011,1.00,1.08
2014.01.09 10:54:32.249,6.18853,6.18986,1.18,1.00
2014.01.09 10:54:32.617,6.18853,6.18981,1.18,1.00
2014.01.09 10:54:32.769,6.18825,6.18981,1.18,1.08
2014.01.09 10:54:33.749,6.18825,6.18951,1.18,1.00
2014.01.09 10:54:33.850,6.18802,6.18951,1.18,1.00
2014.01.09 10:54:33.900,6.18802,6.18932,1.18,1.00
2014.01.09 10:54:42.988,6.18802,6.18915,1.18,1.00
2014.01.09 10:54:46.148,6.18782,6.18915,1.25,1.00
2014.01.09 10:54:46.377,6.18766,6.18915,1.10,1.08
2014.01.09 10:54:46.428,6.18757,6.18897,1.18,1.00
2014.01.09 10:54:46.978,6.18762,6.18917,1.00,1.18
2014.01.09 10:54:47.029,6.18773,6.18918,1.18,1.00
2014.01.09 10:54:48.238,6.18767,6.18917,1.00,1.18
2014.01.09 10:54:48.390,6.18756,6.18885,1.18,1.00
2014.01.09 10:54:49.368,6.18756,6.18885,1.18,1.60
2014.01.09 10:54:49.419,6.18737,6.18885,1.25,1.60
2014.01.09 10:54:49.520,6.18716,6.18843,1.25,1.00
2014.01.09 10:54:49.571,6.18714,6.18843,1.18,1.00
2014.01.09 10:54:50.607,6.18693,6.18843,1.25,1.00
2014.01.09 10:54:51.113,6.18692,6.18843,1.65,1.00
2014.01.09 10:54:52.920,6.18702,6.18843,1.00,1.00
2014.01.09 10:54:53.337,6.18692,6.18843,1.65,1.00
2014.01.09 10:54:55.331,6.18748,6.18853,1.00,1.18
2014.01.09 10:54:55.635,6.18767,6.18853,1.00,1.18
2014.01.09 10:54:55.685,6.18767,6.18921,1.00,1.08
2014.01.09 10:54:55.787,6.18797,6.18922,1.00,1.18
2014.01.09 10:54:55.984,6.18797,6.18947,1.00,1.18
2014.01.09 10:54:58.438,6.18833,6.18947,1.00,1.18
2014.01.09 10:54:58.539,6.18833,6.18969,1.00,1.18
2014.01.09 10:54:58.640,6.18833,6.18989,1.10,1.08
2014.01.09 10:54:59.607,6.18842,6.18989,1.00,1.08
2014.01.09 10:55:00.637,6.18838,6.18989,1.10,1.08
2014.01.09 10:55:00.688,6.18838,6.1897,1.00,1.18
2014.01.09 10:55:00.739,6.18815,6.18964,1.08,1.10
2014.01.09 10:55:00.840,6.18812,6.18936,1.18,1.00
2014.01.09 10:55:01.857,6.18791,6.18936,1.25,1.00
2014.01.09 10:55:01.908,6.18787,6.18936,1.65,1.00
2014.01.09 10:55:14.922,6.18787,6.18902,1.18,1.00
2014.01.09 10:55:20.080,6.18802,6.18902,1.18,1.00
2014.01.09 10:55:20.300,6.18787,6.18902,1.80,1.00
2014.01.09 10:55:36.997,6.18787,6.1892,1.18,1.00
2014.01.09 10:55:40.680,6.18787,6.1892,1.18,1.00
2014.01.09 10:56:00.779,6.18788,6.1892,1.18,1.00
2014.01.09 10:56:05.505,6.18788,6.18901,1.18,1.00
2014.01.09 10:56:05.748,6.1877,6.18901,1.18,1.00
2014.01.09 10:56:06.380,6.1877,6.1888,1.18,1.00
2014.01.09 10:56:09.624,6.18749,6.1888,1.80,1.00
2014.01.09 10:56:17.071,6.18766,6.1888,1.18,1.00
2014.01.09 10:56:23.828,6.18787,6.1888,1.18,1.00
2014.01.09 10:56:24.674,6.18772,6.1888,1.25,1.00
2014.01.09 10:56:25.836,6.18771,6.1888,1.18,1.00
2014.01.09 10:56:26.718,6.18771,6.18874,1.18,1.00
2014.01.09 10:56:27.713,6.18771,6.18854,1.18,1.00
2014.01.09 10:56:36.977,6.18805,6.18949,1.00,1.28
2014.01.09 10:56:37.028,6.18805,6.18955,1.00,1.18
2014.01.09 10:56:37.129,6.18805,6.18942,1.00,1.00
2014.01.09 10:56:37.432,6.18816,6.18942,1.18,1.00
2014.01.09 10:56:40.405,6.18816,6.18943,1.18,1.00
2014.01.09 10:56:42.646,6.18816,6.18956,1.18,1.00
2014.01.09 10:56:42.797,6.18816,6.18915,1.18,1.00
2014.01.09 10:56:42.848,6.18791,6.18915,1.18,1.00
2014.01.09 10:56:42.899,6.18791,6.18884,1.18,1.00
2014.01.09 10:56:43.865,6.18768,6.18884,1.18,1.00
2014.01.09 10:56:47.207,6.18768,6.18854,1.18,1.00
2014.01.09 10:56:47.308,6.1871,6.18854,1.00,1.00
2014.01.09 10:56:47.510,6.18683,6.18829,1.00,1.10
2014.01.09 10:56:48.497,6.18683,6.18816,1.00,1.18
2014.01.09 10:56:49.188,6.18657,6.18768,1.00,1.00
2014.01.09 10:56:49.695,6.18657,6.18768,1.00,1.08
2014.01.09 10:56:50.415,6.18657,6.18768,1.00,1.08
2014.01.09 10:56:50.762,6.18657,6.18768,1.00,1.15
2014.01.09 10:56:50.864,6.18628,6.18751,1.00,1.18
2014.01.09 10:56:51.298,6.18643,6.18751,1.00,1.18
2014.01.09 10:56:51.617,6.18643,6.1873,1.00,1.00
2014.01.09 10:56:52.195,6.18617,6.1873,1.00,1.00
2014.01.09 10:56:52.431,6.18623,6.1873,1.00,1.00
2014.01.09 10:56:52.788,6.18623,6.18729,1.00,1.18
2014.01.09 10:56:52.839,6.18617,6.18729,1.00,1.18
2014.01.09 10:56:52.967,6.18617,6.18708,1.00,1.18
2014.01.09 10:56:53.068,6.18587,6.18708,1.00,1.18
2014.01.09 10:56:53.269,6.18587,6.18698,1.00,1.00
2014.01.09 10:56:53.595,6.18587,6.18708,1.00,1.18
2014.01.09 10:56:53.646,6.18584,6.18708,1.00,1.18
2014.01.09 10:56:53.697,6.18601,6.18716,1.00,1.18
2014.01.09 10:56:53.848,6.18601,6.1875,1.00,1.00
2014.01.09 10:56:55.157,6.18606,6.1875,1.18,1.00
2014.01.09 10:56:55.461,6.1863,6.18769,1.00,1.18
2014.01.09 10:56:58.043,6.18632,6.18779,1.18,1.00
2014.01.09 10:57:00.174,6.18647,6.18795,1.00,1.18
2014.01.09 10:57:15.277,6.18651,6.18798,1.18,1.00
2014.01.09 10:57:15.778,6.18673,6.18816,1.00,1.18
2014.01.09 10:57:16.612,6.18673,6.18822,1.08,1.00
2014.01.09 10:57:20.518,6.18673,6.18816,1.00,1.18
2014.01.09 10:57:21.916,6.18689,6.18822,1.18,1.00
2014.01.09 10:57:22.220,6.18764,6.18897,1.00,1.18
2014.01.09 10:57:22.371,6.18713,6.18859,1.08,1.00
2014.01.09 10:57:25.976,6.18733,6.18859,2.06,1.00
2014.01.09 10:57:26.077,6.18757,6.18898,1.00,1.18
2014.01.09 10:57:29.668,6.18744,6.1889,1.08,1.00
2014.01.09 10:57:33.208,6.18744,6.1889,1.15,1.00
2014.01.09 10:57:33.259,6.18756,6.1889,1.18,1.00
2014.01.09 10:57:49.215,6.18767,6.1892,1.00,1.08
2014.01.09 10:57:53.082,6.18786,6.18921,1.00,1.18
2014.01.09 10:57:53.877,6.18786,6.18924,1.00,1.18
2014.01.09 10:58:01.716,6.18786,6.18937,1.08,1.00
2014.01.09 10:58:02.125,6.18786,6.1882,1.18,1.50
2014.01.09 10:58:02.176,6.18777,6.18808,2.06,2.10
2014.01.09 10:58:02.277,6.18673,6.18794,1.18,1.60
2014.01.09 10:58:02.328,6.18673,6.18777,1.18,1.00
2014.01.09 10:58:02.378,6.18647,6.18777,1.18,1.00
2014.01.09 10:58:03.436,6.18656,6.18805,1.00,1.18
2014.01.09 10:58:03.640,6.18656,6.18805,1.08,1.18
2014.01.09 10:58:04.125,6.18676,6.18809,1.18,1.00
2014.01.09 10:58:12.084,6.18695,6.18809,1.18,1.00
2014.01.09 10:58:13.021,6.18695,6.18842,1.18,1.00
2014.01.09 10:58:13.965,6.18717,6.1886,1.00,1.18
2014.01.09 10:58:16.285,6.18717,6.1887,1.08,1.00
2014.01.09 10:58:17.196,6.18737,6.18881,1.00,1.18
2014.01.09 10:58:18.398,6.18788,6.18881,1.00,1.18
2014.01.09 10:58:18.717,6.1881,6.18881,1.00,1.18
2014.01.09 10:58:18.919,6.1881,6.18956,1.00,1.18
2014.01.09 10:58:19.587,6.18839,6.18956,1.00,1.18
2014.01.09 10:58:24.185,6.18873,6.18975,2.06,1.18
2014.01.09 10:58:24.236,6.18886,6.18983,1.00,1.00
2014.01.09 10:58:24.930,6.18886,6.18973,1.00,1.00
2014.01.09 10:58:25.584,6.18886,6.18982,1.00,1.00
2014.01.09 10:58:25.736,6.18878,6.18982,2.06,1.00
2014.01.09 10:58:25.837,6.18869,6.18982,1.65,1.00
2014.01.09 10:58:25.888,6.18869,6.1899,1.18,1.08
2014.01.09 10:58:25.939,6.18842,6.18974,1.00,1.18
2014.01.09 10:58:26.040,6.18837,6.18974,1.00,1.18
2014.01.09 10:58:30.834,6.18837,6.18974,1.60,1.18
2014.01.09 10:58:31.036,6.18883,6.19031,1.00,1.18
2014.01.09 10:58:32.066,6.18887,6.19034,1.18,1.00
2014.01.09 10:58:32.370,6.18921,6.19032,1.00,1.00
2014.01.09 10:58:33.353,6.18921,6.19033,1.00,1.00
2014.01.09 10:58:36.899,6.18921,6.19053,1.00,1.00
2014.01.09 10:58:38.303,6.18914,6.19053,1.18,1.50
2014.01.09 10:58:45.290,6.18923,6.19053,1.00,1.00
2014.01.09 10:58:47.017,6.18923,6.19072,1.00,1.68
2014.01.09 10:58:47.219,6.1893,6.19072,1.18,1.60
2014.01.09 10:58:48.675,6.18943,6.19072,1.00,1.60
2014.01.09 10:58:48.777,6.18943,6.19072,1.00,1.00
2014.01.09 10:58:50.885,6.18935,6.19072,1.18,1.00
2014.01.09 10:58:50.936,6.18935,6.19051,1.18,1.00
2014.01.09 10:58:51.239,6.18907,6.19051,1.00,1.08
2014.01.09 10:58:52.287,6.18898,6.19017,1.18,1.00
2014.01.09 10:58:53.213,6.18872,6.19017,1.18,1.00
2014.01.09 10:59:00.276,6.18872,6.18999,1.18,1.00
2014.01.09 10:59:11.096,6.18872,6.19017,1.18,1.00
2014.01.09 10:59:13.226,6.18871,6.19016,1.00,1.18
2014.01.09 10:59:22.501,6.18856,6.18997,1.18,1.00
2014.01.09 10:59:25.814,6.18864,6.19015,1.00,1.08
2014.01.09 10:59:25.865,6.18963,6.19015,1.00,1.00
2014.01.09 10:59:25.916,6.18973,6.19051,2.06,1.18
2014.01.09 10:59:26.017,6.19003,6.19051,2.06,1.18
2014.01.09 10:59:26.118,6.19027,6.19132,1.18,1.00
2014.01.09 10:59:26.169,6.19027,6.1915,1.00,1.18
2014.01.09 10:59:26.220,6.19043,6.1915,1.00,1.18
2014.01.09 10:59:26.523,6.19101,6.1915,1.00,1.18
2014.01.09 10:59:26.574,6.19079,6.1915,1.00,1.18
2014.01.09 10:59:26.789,6.19048,6.1915,1.00,1.18
2014.01.09 10:59:26.840,6.19094,6.19169,1.18,1.18
2014.01.09 10:59:26.891,6.19094,6.19209,1.18,1.00
2014.01.09 10:59:26.942,6.19094,6.19189,1.18,1.00
2014.01.09 10:59:27.264,6.19094,6.19157,1.18,1.00
2014.01.09 10:59:27.323,6.19037,6.19157,2.06,1.08
2014.01.09 10:59:27.374,6.19037,6.19125,2.06,1.00
2014.01.09 10:59:27.475,6.19002,6.19125,1.18,1.00
2014.01.09 10:59:29.689,6.19002,6.1915,1.18,1.00
2014.01.09 10:59:30.243,6.19042,6.1915,1.18,1.00
2014.01.09 10:59:30.764,6.19042,6.19133,1.18,1.00
2014.01.09 10:59:30.915,6.19027,6.19133,1.25,1.00
2014.01.09 10:59:30.966,6.19025,6.19133,1.18,1.00
2014.01.09 10:59:32.018,6.19041,6.19133,1.18,1.00
2014.01.09 10:59:33.608,6.19041,6.1911,1.18,1.00
2014.01.09 10:59:33.760,6.19022,6.1911,1.18,1.00
2014.01.09 10:59:33.967,6.19022,6.19084,1.18,1.00
2014.01.09 10:59:34.270,6.19022,6.19059,1.18,1.00
2014.01.09 10:59:34.320,6.18991,6.19059,1.18,1.00
2014.01.09 10:59:34.422,6.19008,6.19059,1.18,1.00
2014.01.09 10:59:34.523,6.18985,6.19059,1.18,1.00
2014.01.09 10:59:35.168,6.19002,6.19079,1.18,1.00
2014.01.09 10:59:35.476,6.19002,6.19103,1.18,1.00
2014.01.09 10:59:37.054,6.19002,6.19075,1.18,1.00
2014.01.09 10:59:37.509,6.18987,6.19075,1.25,1.00
2014.01.09 10:59:37.711,6.18986,6.1906,1.18,1.00
2014.01.09 10:59:46.990,6.18966,6.1906,1.18,1.00
2014.01.09 10:59:47.107,6.18987,6.1906,1.18,1.00
2014.01.09 10:59:47.158,6.18987,6.19077,1.18,1.00
2014.01.09 10:59:47.259,6.18955,6.19053,1.18,1.00
2014.01.09 10:59:48.032,6.18955,6.19022,1.18,1.00
2014.01.09 10:59:48.335,6.18934,6.18994,1.18,1.00
2014.01.09 10:59:48.861,6.18953,6.18994,1.18,1.00
2014.01.09 10:59:48.911,6.18953,6.1902,1.18,1.00
2014.01.09 10:59:49.165,6.18953,6.19038,1.18,1.00
2014.01.09 10:59:50.244,6.18938,6.19038,1.18,1.00
2014.01.09 10:59:50.350,6.18938,6.18997,1.18,1.00
2014.01.09 10:59:51.682,6.18954,6.18997,1.18,1.00
2014.01.09 10:59:51.886,6.18954,6.19018,1.18,1.00
2014.01.09 10:59:52.088,6.18954,6.19101,1.18,1.00
2014.01.09 10:59:52.239,6.18954,6.19062,1.18,1.00
2014.01.09 10:59:52.492,6.18929,6.19063,1.18,1.00
2014.01.09 10:59:52.593,6.18946,6.19063,1.18,1.00
2014.01.09 10:59:52.863,6.18946,6.19073,1.18,1.00
2014.01.09 10:59:52.964,6.18946,6.19053,1.18,1.00
2014.01.09 10:59:53.505,6.18946,6.19052,1.18,1.00
2014.01.09 10:59:54.294,6.18946,6.19072,1.18,1.00
2014.01.09 10:59:55.154,6.18946,6.19083,1.18,1.00
2014.01.09 10:59:55.205,6.1893,6.19083,1.18,1.00
2014.01.09 10:59:55.306,6.18911,6.19083,1.00,1.00
2014.01.09 10:59:56.386,6.18911,6.191,1.00,1.00
2014.01.09 10:59:56.491,6.19002,6.19113,1.00,1.00
2014.01.09 10:59:57.466,6.19002,6.19123,1.00,1.00
2014.01.09 10:59:58.047,6.19002,6.19132,1.00,1.00
2014.01.09 10:59:58.452,6.19002,6.19123,1.00,1.00
2014.01.09 10:59:59.442,6.19002,6.19132,1.00,1.00
