2010.04.30 07:00:00.153,5.8942,5.89695,3.20,1.60
2010.04.30 07:00:00.509,5.89278,5.89527,6.40,1.60
2010.04.30 07:00:00.857,5.8942,5.89695,3.20,1.60
2010.04.30 07:00:02.020,5.89435,5.89665,3.20,1.60
2010.04.30 07:00:02.369,5.89425,5.89655,3.20,1.60
2010.04.30 07:00:02.585,5.89415,5.89645,3.20,1.60
2010.04.30 07:00:02.802,5.89425,5.89645,3.20,1.60
2010.04.30 07:00:03.010,5.89425,5.89655,3.20,1.60
2010.04.30 07:00:03.666,5.894,5.89665,3.20,1.60
2010.04.30 07:00:04.025,5.894,5.8964,3.20,1.00
2010.04.30 07:00:04.379,5.8938,5.89645,3.20,1.60
2010.04.30 07:00:05.066,5.89405,5.89645,3.20,1.60
2010.04.30 07:00:05.416,5.8939,5.89635,3.20,1.60
2010.04.30 07:00:05.763,5.89375,5.89645,3.20,1.60
2010.04.30 07:00:06.515,5.8939,5.89645,3.20,1.60
2010.04.30 07:00:06.868,5.89315,5.89595,3.20,1.60
2010.04.30 07:00:07.214,5.89345,5.89625,3.20,1.60
2010.04.30 07:00:07.959,5.89365,5.89655,3.20,1.60
2010.04.30 07:00:08.641,5.89365,5.8964,3.20,1.00
2010.04.30 07:00:09.807,5.8929,5.89565,3.20,1.60
2010.04.30 07:00:10.157,5.8938,5.89625,3.20,4.80
2010.04.30 07:00:10.500,5.8937,5.89625,3.20,1.60
2010.04.30 07:00:11.325,5.89315,5.89555,3.20,1.60
2010.04.30 07:00:11.676,5.89305,5.89585,3.20,1.60
2010.04.30 07:00:12.331,5.8935,5.89585,3.20,1.60
2010.04.30 07:00:12.617,5.89315,5.89555,3.20,1.60
2010.04.30 07:00:12.891,5.8925,5.89485,3.20,1.60
2010.04.30 07:00:13.238,5.89235,5.89495,3.20,1.60
2010.04.30 07:00:14.075,5.8935,5.8968,3.20,3.20
2010.04.30 07:00:14.325,5.89285,5.89595,3.20,1.60
2010.04.30 07:00:14.571,5.8931,5.89615,3.20,1.60
2010.04.30 07:00:15.285,5.8933,5.89585,3.20,1.60
2010.04.30 07:00:15.639,5.89315,5.89585,3.20,1.60
2010.04.30 07:00:15.993,5.89315,5.89595,3.20,1.60
2010.04.30 07:00:16.340,5.8932,5.89585,3.20,1.60
2010.04.30 07:00:17.158,5.893,5.89505,3.20,1.60
2010.04.30 07:00:17.520,5.8932,5.89505,3.20,1.60
2010.04.30 07:00:18.138,5.8932,5.89515,3.20,1.60
2010.04.30 07:00:19.282,5.89335,5.89525,3.20,1.60
2010.04.30 07:00:19.631,5.8934,5.89615,3.20,1.60
2010.04.30 07:00:20.301,5.8938,5.89615,3.20,1.60
2010.04.30 07:00:20.653,5.89255,5.8959,3.20,3.20
2010.04.30 07:00:21.467,5.89355,5.89545,3.20,1.60
2010.04.30 07:00:21.823,5.8942,5.89635,3.20,1.60
2010.04.30 07:00:22.172,5.89435,5.89645,3.20,1.60
2010.04.30 07:00:22.522,5.89445,5.897,3.20,1.00
2010.04.30 07:00:23.329,5.8943,5.89695,3.20,1.60
2010.04.30 07:00:23.678,5.8943,5.897,3.20,1.00
2010.04.30 07:00:24.028,5.89445,5.89705,3.20,1.60
2010.04.30 07:00:25.190,5.89445,5.89675,3.20,1.60
2010.04.30 07:00:25.410,5.89385,5.8967,3.20,1.00
2010.04.30 07:00:25.627,5.8937,5.89645,3.20,1.60
2010.04.30 07:00:26.313,5.8937,5.8967,3.20,1.00
2010.04.30 07:00:26.660,5.89375,5.8962,3.20,1.00
2010.04.30 07:00:27.854,5.8933,5.896,3.20,1.00
2010.04.30 07:00:28.518,5.89345,5.8962,1.60,1.00
2010.04.30 07:00:29.661,5.89345,5.8962,4.80,1.00
2010.04.30 07:00:31.025,5.89345,5.8962,3.20,1.00
2010.04.30 07:00:34.739,5.8935,5.8962,3.20,1.00
2010.04.30 07:00:37.560,5.8935,5.8962,3.20,1.00
2010.04.30 07:00:37.712,5.8935,5.8964,3.20,1.00
2010.04.30 07:00:37.877,5.8938,5.8966,3.20,1.00
2010.04.30 07:00:38.471,5.89395,5.8966,3.20,1.00
2010.04.30 07:00:38.813,5.8941,5.8967,3.20,1.00
2010.04.30 07:00:39.162,5.8941,5.8965,3.20,1.00
2010.04.30 07:00:39.707,5.8939,5.8965,3.20,1.00
2010.04.30 07:00:42.701,5.8939,5.89695,3.20,3.20
2010.04.30 07:00:42.973,5.8946,5.8973,3.20,1.00
2010.04.30 07:00:43.760,5.8944,5.8973,6.40,1.00
2010.04.30 07:00:44.094,5.8944,5.8973,3.20,1.00
2010.04.30 07:00:45.049,5.89435,5.8973,3.20,1.00
2010.04.30 07:00:46.639,5.89435,5.8971,3.20,1.00
2010.04.30 07:00:46.909,5.89365,5.8964,1.60,3.20
2010.04.30 07:00:47.680,5.8934,5.89655,3.20,3.20
2010.04.30 07:00:47.955,5.8934,5.89655,3.20,4.80
2010.04.30 07:00:48.241,5.89435,5.89685,3.20,1.60
2010.04.30 07:00:48.518,5.8945,5.89705,3.20,1.60
2010.04.30 07:00:49.365,5.8945,5.89695,3.20,1.60
2010.04.30 07:00:51.500,5.8945,5.89705,3.20,1.60
2010.04.30 07:00:52.185,5.8945,5.89695,3.20,1.60
2010.04.30 07:00:52.986,5.8945,5.8968,3.20,1.00
2010.04.30 07:00:53.326,5.89365,5.89635,3.20,1.60
2010.04.30 07:00:53.595,5.89425,5.89615,3.20,1.60
2010.04.30 07:00:54.332,5.8937,5.89605,3.20,1.60
2010.04.30 07:00:54.683,5.8933,5.89585,3.20,1.60
2010.04.30 07:00:55.030,5.8931,5.8956,3.20,1.00
2010.04.30 07:00:59.185,5.8933,5.8958,3.20,1.00
2010.04.30 07:01:00.174,5.89335,5.8956,3.20,1.00
2010.04.30 07:01:00.532,5.89315,5.8956,3.20,1.00
2010.04.30 07:01:02.447,5.89305,5.8956,3.20,1.00
2010.04.30 07:01:02.753,5.89305,5.89565,3.20,1.60
2010.04.30 07:01:03.857,5.89325,5.8958,1.60,1.00
2010.04.30 07:01:04.213,5.8935,5.89595,3.20,1.60
2010.04.30 07:01:04.485,5.8935,5.89585,3.20,1.60
2010.04.30 07:01:04.767,5.8935,5.89595,3.20,1.60
2010.04.30 07:01:05.940,5.89365,5.89645,1.60,1.60
2010.04.30 07:01:06.236,5.89405,5.89655,3.20,1.60
2010.04.30 07:01:06.532,5.89395,5.89655,3.20,1.60
2010.04.30 07:01:07.262,5.89375,5.89655,3.20,1.60
2010.04.30 07:01:07.609,5.8938,5.89635,1.60,1.60
2010.04.30 07:01:07.963,5.894,5.89645,3.20,1.60
2010.04.30 07:01:08.816,5.89415,5.89645,3.20,1.60
2010.04.30 07:01:09.030,5.8938,5.89635,3.20,1.60
2010.04.30 07:01:10.104,5.8938,5.89645,3.20,1.60
2010.04.30 07:01:10.460,5.89415,5.89635,3.20,1.60
2010.04.30 07:01:11.635,5.89425,5.89635,3.20,1.60
2010.04.30 07:01:11.987,5.89425,5.89645,3.20,1.60
2010.04.30 07:01:12.824,5.89425,5.89655,3.20,1.60
2010.04.30 07:01:13.430,5.89425,5.89645,3.20,1.60
2010.04.30 07:01:14.115,5.89455,5.89675,3.20,1.60
2010.04.30 07:01:15.279,5.895,5.89705,3.20,1.60
2010.04.30 07:01:15.628,5.89495,5.89705,3.20,1.60
2010.04.30 07:01:16.738,5.89495,5.89715,3.20,1.60
2010.04.30 07:01:18.237,5.8946,5.89685,3.20,1.60
2010.04.30 07:01:18.589,5.89495,5.89695,3.20,1.60
2010.04.30 07:01:18.930,5.89495,5.89705,3.20,1.60
2010.04.30 07:01:19.272,5.89485,5.89705,3.20,1.60
2010.04.30 07:01:20.130,5.8944,5.89675,3.20,1.60
2010.04.30 07:01:21.943,5.8944,5.89685,3.20,1.60
2010.04.30 07:01:22.520,5.8945,5.89685,3.20,1.60
2010.04.30 07:01:22.866,5.89455,5.89685,3.20,1.60
2010.04.30 07:01:23.211,5.8944,5.89675,3.20,1.60
2010.04.30 07:01:23.564,5.8944,5.89695,3.20,1.60
2010.04.30 07:01:24.586,5.8944,5.89685,3.20,1.60
2010.04.30 07:01:25.276,5.89455,5.89685,3.20,1.60
2010.04.30 07:01:26.090,5.89495,5.89705,3.20,1.60
2010.04.30 07:01:26.381,5.8947,5.89715,3.20,1.60
2010.04.30 07:01:26.669,5.8945,5.89705,3.20,1.60
2010.04.30 07:01:27.442,5.8947,5.89715,3.20,1.60
2010.04.30 07:01:27.799,5.89515,5.8976,1.60,1.00
2010.04.30 07:01:28.620,5.89535,5.8976,1.60,1.00
2010.04.30 07:01:28.973,5.89495,5.8974,1.60,1.00
2010.04.30 07:01:29.322,5.89475,5.8972,1.60,1.00
2010.04.30 07:01:31.752,5.89485,5.8972,1.60,1.00
2010.04.30 07:01:32.031,5.89495,5.8974,1.60,1.00
2010.04.30 07:01:34.077,5.89485,5.8974,1.60,1.00
2010.04.30 07:01:34.407,5.89495,5.8974,1.60,1.00
2010.04.30 07:01:35.181,5.89475,5.8971,1.60,1.00
2010.04.30 07:01:35.531,5.89495,5.8974,1.60,1.00
2010.04.30 07:01:35.817,5.89485,5.8974,1.60,1.00
2010.04.30 07:01:37.462,5.89485,5.8973,1.60,1.00
2010.04.30 07:01:37.777,5.89505,5.8975,1.60,1.00
2010.04.30 07:01:38.499,5.89505,5.8975,1.60,1.00
2010.04.30 07:01:39.639,5.89515,5.8975,1.60,1.00
2010.04.30 07:01:40.271,5.89515,5.8975,1.60,1.00
2010.04.30 07:01:41.020,5.89535,5.898,1.60,1.00
2010.04.30 07:01:41.271,5.89535,5.8982,1.60,1.00
2010.04.30 07:01:41.528,5.89565,5.898,1.60,1.00
2010.04.30 07:01:42.290,5.89575,5.898,1.60,1.00
2010.04.30 07:01:42.643,5.89595,5.8984,1.60,1.00
2010.04.30 07:01:42.990,5.89605,5.8984,1.60,1.00
2010.04.30 07:01:44.000,5.89565,5.898,1.60,1.00
2010.04.30 07:01:44.344,5.89545,5.898,1.60,1.00
2010.04.30 07:01:45.259,5.89535,5.898,1.60,1.00
2010.04.30 07:01:46.206,5.89535,5.8978,1.60,1.00
2010.04.30 07:01:46.989,5.89565,5.8982,1.60,1.00
2010.04.30 07:01:48.536,5.89565,5.898,1.60,1.00
2010.04.30 07:01:49.213,5.89545,5.8982,1.60,1.00
2010.04.30 07:01:50.015,5.89595,5.8984,1.60,1.00
2010.04.30 07:01:50.365,5.89605,5.8984,1.60,1.00
2010.04.30 07:01:50.593,5.89595,5.8984,1.60,1.00
2010.04.30 07:01:51.698,5.89585,5.8982,1.60,1.00
2010.04.30 07:01:53.185,5.89585,5.8984,1.60,1.00
2010.04.30 07:01:53.543,5.89555,5.8975,1.60,1.00
2010.04.30 07:01:54.386,5.89515,5.8975,1.60,1.00
2010.04.30 07:01:54.737,5.89505,5.8975,1.60,1.00
2010.04.30 07:01:55.563,5.89485,5.8975,3.20,1.00
2010.04.30 07:01:55.907,5.89485,5.8975,4.80,1.00
2010.04.30 07:01:56.693,5.89495,5.8975,1.60,1.00
2010.04.30 07:01:57.550,5.89475,5.8975,1.60,3.20
2010.04.30 07:01:57.898,5.89485,5.8975,3.20,1.00
2010.04.30 07:01:58.691,5.89485,5.8972,3.20,1.00
2010.04.30 07:01:59.060,5.8944,5.897,3.20,1.00
2010.04.30 07:01:59.412,5.89435,5.897,3.20,1.00
2010.04.30 07:02:00.241,5.8946,5.8972,3.20,1.00
2010.04.30 07:02:03.385,5.89485,5.8975,3.20,1.00
2010.04.30 07:02:06.173,5.89485,5.8977,3.40,1.00
2010.04.30 07:02:06.374,5.89495,5.8977,3.20,1.00
2010.04.30 07:02:08.232,5.89505,5.8977,3.40,1.00
2010.04.30 07:02:08.583,5.89505,5.8977,3.20,1.00
2010.04.30 07:02:08.928,5.89495,5.8977,3.20,1.00
2010.04.30 07:02:09.946,5.89495,5.8979,3.20,1.00
2010.04.30 07:02:10.306,5.89495,5.8977,3.20,1.00
2010.04.30 07:02:10.573,5.89495,5.8977,3.20,1.00
2010.04.30 07:02:11.037,5.89495,5.8976,3.20,1.00
2010.04.30 07:02:12.038,5.89495,5.8977,3.20,1.00
2010.04.30 07:02:12.388,5.89495,5.8977,3.20,1.00
2010.04.30 07:02:14.315,5.8952,5.89795,1.00,3.20
2010.04.30 07:02:14.448,5.8953,5.8982,1.60,1.00
2010.04.30 07:02:14.588,5.8953,5.89825,1.60,3.20
2010.04.30 07:02:14.729,5.89545,5.89825,1.00,3.20
2010.04.30 07:02:14.869,5.8956,5.8983,1.00,3.20
2010.04.30 07:02:15.451,5.89565,5.8987,3.20,3.20
2010.04.30 07:02:15.809,5.89585,5.8988,3.40,1.00
2010.04.30 07:02:16.166,5.89605,5.899,1.00,1.00
2010.04.30 07:02:16.902,5.8962,5.8988,3.20,1.00
2010.04.30 07:02:17.134,5.89575,5.8986,3.20,1.00
2010.04.30 07:02:18.634,5.89535,5.8984,3.20,3.20
2010.04.30 07:02:18.981,5.8957,5.89845,3.20,1.60
2010.04.30 07:02:19.734,5.89585,5.8986,1.60,1.00
2010.04.30 07:02:20.084,5.8954,5.8984,1.00,3.20
2010.04.30 07:02:21.542,5.8954,5.8982,1.00,1.00
2010.04.30 07:02:21.887,5.89525,5.898,3.40,1.00
2010.04.30 07:02:22.198,5.89525,5.898,1.00,1.00
2010.04.30 07:02:23.901,5.895,5.8975,4.80,1.00
2010.04.30 07:02:24.723,5.8948,5.8975,1.00,1.00
2010.04.30 07:02:26.870,5.8948,5.8977,1.00,3.20
2010.04.30 07:02:27.879,5.89495,5.8977,1.00,1.00
2010.04.30 07:02:28.230,5.895,5.8977,3.20,1.00
2010.04.30 07:02:28.624,5.895,5.8977,3.20,1.00
2010.04.30 07:02:29.937,5.8948,5.8975,1.00,1.00
2010.04.30 07:02:32.897,5.89465,5.8973,3.20,1.00
2010.04.30 07:02:35.441,5.89475,5.8975,3.20,1.00
2010.04.30 07:02:37.615,5.89415,5.8972,3.40,3.20
2010.04.30 07:02:39.286,5.89415,5.8965,3.40,1.00
2010.04.30 07:02:39.629,5.89395,5.8963,1.60,1.00
2010.04.30 07:02:40.312,5.8938,5.8963,5.00,1.00
2010.04.30 07:02:41.037,5.8938,5.8963,3.40,1.00
2010.04.30 07:02:41.534,5.8938,5.8961,3.40,1.00
2010.04.30 07:02:41.784,5.8936,5.8961,3.20,1.00
2010.04.30 07:02:43.285,5.89335,5.8959,5.00,1.00
2010.04.30 07:02:44.058,5.89335,5.8959,3.40,1.00
2010.04.30 07:02:46.083,5.89335,5.8961,5.00,1.00
2010.04.30 07:02:46.436,5.89445,5.8961,1.60,1.00
2010.04.30 07:02:47.221,5.89435,5.8961,1.60,1.00
2010.04.30 07:02:47.438,5.89465,5.8961,1.60,1.00
2010.04.30 07:02:48.299,5.89455,5.8961,1.60,1.00
2010.04.30 07:02:48.918,5.89515,5.8961,1.60,1.00
2010.04.30 07:02:49.201,5.89515,5.8969,1.60,1.00
2010.04.30 07:02:49.889,5.89505,5.8969,1.60,1.00
2010.04.30 07:02:50.237,5.89485,5.8966,1.60,1.00
2010.04.30 07:02:50.584,5.89445,5.8964,1.60,1.00
2010.04.30 07:02:51.682,5.89455,5.8964,1.60,1.00
2010.04.30 07:02:51.996,5.89455,5.896,1.60,1.00
2010.04.30 07:02:52.310,5.89445,5.896,1.60,1.00
2010.04.30 07:02:54.070,5.89405,5.8956,1.60,1.00
2010.04.30 07:02:55.511,5.89365,5.89525,1.60,3.20
2010.04.30 07:02:55.862,5.89355,5.8953,1.60,1.00
2010.04.30 07:02:56.684,5.89325,5.8951,1.60,1.00
2010.04.30 07:02:57.030,5.89305,5.8951,1.60,1.00
2010.04.30 07:02:58.191,5.89295,5.8953,1.60,1.00
2010.04.30 07:02:58.543,5.89285,5.8951,1.60,1.00
2010.04.30 07:02:58.870,5.89275,5.8951,1.60,1.00
2010.04.30 07:03:00.232,5.89285,5.8951,1.60,1.00
2010.04.30 07:03:00.479,5.89275,5.8949,1.60,1.00
2010.04.30 07:03:01.409,5.89255,5.8951,1.60,1.00
2010.04.30 07:03:01.763,5.89255,5.895,1.60,1.00
2010.04.30 07:03:03.005,5.89265,5.895,1.60,1.00
2010.04.30 07:03:03.348,5.89275,5.8953,1.60,1.00
2010.04.30 07:03:04.129,5.89285,5.8953,1.60,1.00
2010.04.30 07:03:04.485,5.89345,5.8959,1.60,1.00
2010.04.30 07:03:04.833,5.89355,5.896,1.60,1.00
2010.04.30 07:03:05.621,5.89365,5.896,1.60,1.00
2010.04.30 07:03:05.880,5.89365,5.8957,1.60,1.00
2010.04.30 07:03:06.141,5.89325,5.8955,1.60,1.00
2010.04.30 07:03:07.199,5.89335,5.896,1.60,1.00
2010.04.30 07:03:07.543,5.89345,5.896,1.60,1.00
2010.04.30 07:03:07.883,5.89335,5.896,1.60,1.00
2010.04.30 07:03:08.713,5.89325,5.896,1.60,3.20
2010.04.30 07:03:09.059,5.89345,5.896,1.60,1.00
2010.04.30 07:03:09.596,5.89355,5.896,1.60,1.00
2010.04.30 07:03:09.933,5.89375,5.8962,1.60,1.00
2010.04.30 07:03:11.050,5.89375,5.89545,1.60,1.60
2010.04.30 07:03:11.402,5.89205,5.89515,1.00,1.60
2010.04.30 07:03:11.660,5.8919,5.895,1.00,3.20
2010.04.30 07:03:12.395,5.8919,5.89485,1.00,1.60
2010.04.30 07:03:12.742,5.89275,5.8953,1.60,1.00
2010.04.30 07:03:13.089,5.89265,5.8953,1.60,1.00
2010.04.30 07:03:13.774,5.89275,5.8953,1.60,1.00
2010.04.30 07:03:14.755,5.89255,5.8953,4.80,1.00
2010.04.30 07:03:16.431,5.89255,5.8948,4.80,1.00
2010.04.30 07:03:16.757,5.89225,5.8948,1.60,1.00
2010.04.30 07:03:18.711,5.89255,5.8954,4.80,1.00
2010.04.30 07:03:19.053,5.89275,5.8957,1.60,1.00
2010.04.30 07:03:19.407,5.893,5.8957,3.20,1.00
2010.04.30 07:03:20.248,5.89285,5.8954,3.20,1.00
2010.04.30 07:03:21.744,5.89285,5.8952,3.20,1.00
2010.04.30 07:03:22.074,5.89255,5.8952,4.80,1.00
2010.04.30 07:03:23.596,5.89255,5.8952,1.60,1.00
2010.04.30 07:03:23.942,5.89265,5.8952,1.60,1.00
2010.04.30 07:03:24.300,5.89265,5.8954,4.80,1.00
2010.04.30 07:03:25.100,5.89285,5.8954,1.60,1.00
2010.04.30 07:03:25.452,5.89335,5.8961,3.20,1.00
2010.04.30 07:03:25.805,5.89335,5.8961,4.80,1.00
2010.04.30 07:03:26.073,5.89345,5.8961,1.60,1.00
2010.04.30 07:03:26.812,5.89315,5.8956,1.60,1.00
2010.04.30 07:03:27.164,5.89305,5.8956,1.60,1.00
2010.04.30 07:03:28.014,5.89315,5.8956,1.60,1.00
2010.04.30 07:03:28.370,5.89335,5.8961,4.80,1.40
2010.04.30 07:03:29.101,5.89335,5.8961,4.80,1.00
2010.04.30 07:03:29.381,5.89345,5.8961,1.60,1.00
2010.04.30 07:03:30.659,5.89355,5.8961,1.60,1.00
2010.04.30 07:03:31.011,5.89335,5.8958,3.20,1.00
2010.04.30 07:03:31.366,5.89335,5.8956,1.60,1.00
2010.04.30 07:03:31.857,5.89325,5.8956,1.60,1.00
2010.04.30 07:03:32.195,5.89285,5.8954,1.60,1.00
2010.04.30 07:03:32.540,5.89275,5.895,1.60,1.00
2010.04.30 07:03:33.091,5.89255,5.895,1.60,1.00
2010.04.30 07:03:33.447,5.8919,5.8942,1.00,3.20
2010.04.30 07:03:33.802,5.8916,5.8941,1.00,3.20
2010.04.30 07:03:34.609,5.8918,5.894,1.00,3.20
2010.04.30 07:03:34.971,5.89155,5.8936,1.60,1.00
2010.04.30 07:03:35.327,5.89175,5.894,1.00,3.20
2010.04.30 07:03:36.338,5.89265,5.8948,1.60,1.00
2010.04.30 07:03:37.436,5.89275,5.8948,1.60,1.00
2010.04.30 07:03:38.007,5.89285,5.8948,1.60,1.00
2010.04.30 07:03:38.294,5.89235,5.8946,1.60,1.00
2010.04.30 07:03:39.179,5.89155,5.89375,1.60,3.20
2010.04.30 07:03:39.864,5.89175,5.8942,1.60,3.20
2010.04.30 07:03:40.404,5.89175,5.8939,1.60,3.20
2010.04.30 07:03:40.753,5.89195,5.89395,1.60,3.20
2010.04.30 07:03:41.098,5.89195,5.8939,1.60,1.00
2010.04.30 07:03:41.932,5.89175,5.89375,1.60,3.20
2010.04.30 07:03:42.181,5.89175,5.8939,1.60,1.00
2010.04.30 07:03:43.598,5.89185,5.8939,1.60,1.00
2010.04.30 07:03:43.948,5.89195,5.8939,1.60,1.00
2010.04.30 07:03:46.357,5.89195,5.8934,1.60,1.00
2010.04.30 07:03:46.558,5.89125,5.89245,3.20,3.20
2010.04.30 07:03:46.755,5.89055,5.89225,1.60,3.20
2010.04.30 07:03:47.322,5.89055,5.89245,1.60,3.20
2010.04.30 07:03:47.507,5.89045,5.8923,1.60,3.20
2010.04.30 07:03:47.679,5.89045,5.89245,1.60,3.20
2010.04.30 07:03:47.858,5.89045,5.8927,1.60,1.00
2010.04.30 07:03:48.857,5.89045,5.8926,1.60,1.00
2010.04.30 07:03:50.919,5.89075,5.893,1.60,1.00
2010.04.30 07:03:52.123,5.89065,5.893,1.60,1.00
2010.04.30 07:03:53.133,5.89105,5.8934,1.60,1.00
2010.04.30 07:03:55.023,5.89115,5.8934,1.60,1.00
2010.04.30 07:03:57.083,5.89105,5.8934,3.20,1.00
2010.04.30 07:03:59.258,5.8913,5.8939,3.20,1.00
2010.04.30 07:03:59.572,5.8915,5.8939,1.60,1.00
2010.04.30 07:04:01.701,5.8915,5.8938,1.60,1.00
2010.04.30 07:04:02.500,5.8915,5.8938,1.60,1.00
2010.04.30 07:04:04.731,5.8915,5.8939,1.60,1.00
2010.04.30 07:04:05.940,5.8919,5.8943,1.60,1.00
2010.04.30 07:04:06.128,5.8916,5.8941,3.20,1.00
2010.04.30 07:04:06.315,5.8916,5.8939,3.20,1.00
2010.04.30 07:04:06.973,5.8915,5.8939,1.60,1.00
2010.04.30 07:04:09.442,5.89145,5.8937,3.20,1.00
2010.04.30 07:04:09.923,5.8912,5.8937,3.20,1.00
2010.04.30 07:04:10.254,5.89115,5.8937,1.60,1.00
2010.04.30 07:04:10.773,5.89115,5.8935,1.60,1.00
2010.04.30 07:04:11.292,5.89095,5.8935,1.60,1.00
2010.04.30 07:04:12.212,5.89105,5.8935,1.60,1.00
2010.04.30 07:04:15.575,5.89105,5.8937,1.60,1.00
2010.04.30 07:04:16.030,5.89115,5.8937,1.60,1.00
2010.04.30 07:04:17.189,5.89145,5.8939,1.60,1.00
2010.04.30 07:04:18.076,5.89155,5.8941,1.60,1.00
2010.04.30 07:04:18.527,5.89165,5.8941,1.60,1.00
2010.04.30 07:04:19.904,5.893,5.8941,1.00,1.00
2010.04.30 07:04:20.248,5.89125,5.8939,1.60,1.00
2010.04.30 07:04:23.215,5.89165,5.8939,1.60,1.00
2010.04.30 07:04:23.468,5.89165,5.8941,1.60,1.00
2010.04.30 07:04:24.980,5.89155,5.8941,1.60,1.00
2010.04.30 07:04:25.338,5.89155,5.8939,1.60,1.00
2010.04.30 07:04:25.625,5.89165,5.8939,1.60,1.00
2010.04.30 07:04:25.900,5.89175,5.8941,1.60,1.00
2010.04.30 07:04:26.559,5.89165,5.8941,1.60,1.00
2010.04.30 07:04:26.893,5.89165,5.8939,1.60,1.00
2010.04.30 07:04:28.049,5.89165,5.8941,1.60,1.00
2010.04.30 07:04:28.399,5.89225,5.8946,1.60,1.00
2010.04.30 07:04:29.211,5.8922,5.8948,3.20,1.00
2010.04.30 07:04:29.563,5.8921,5.8946,3.20,1.00
2010.04.30 07:04:30.245,5.8921,5.8945,3.20,1.00
2010.04.30 07:04:31.107,5.8919,5.8943,3.20,1.00
2010.04.30 07:04:31.629,5.89205,5.8947,1.00,1.00
2010.04.30 07:04:32.478,5.892,5.8945,3.20,1.00
2010.04.30 07:04:32.836,5.8922,5.8947,3.20,1.00
2010.04.30 07:04:33.690,5.89215,5.8945,3.20,1.00
2010.04.30 07:04:34.040,5.8922,5.8945,3.20,1.00
2010.04.30 07:04:34.565,5.8921,5.8945,3.20,1.00
2010.04.30 07:04:36.795,5.892,5.8945,4.80,1.00
2010.04.30 07:04:37.410,5.8921,5.8947,3.20,1.00
2010.04.30 07:04:37.613,5.8922,5.8947,3.20,1.00
2010.04.30 07:04:38.427,5.8922,5.8948,3.20,1.00
2010.04.30 07:04:38.778,5.8923,5.8948,3.20,1.00
2010.04.30 07:04:39.331,5.8922,5.8948,3.20,1.00
2010.04.30 07:04:39.682,5.89235,5.895,1.00,1.00
2010.04.30 07:04:40.024,5.89235,5.8948,1.00,1.00
2010.04.30 07:04:40.876,5.8922,5.8948,3.20,1.00
2010.04.30 07:04:41.227,5.89235,5.895,3.20,1.00
2010.04.30 07:04:41.572,5.8924,5.895,3.20,1.00
2010.04.30 07:04:42.373,5.8925,5.895,3.20,1.00
2010.04.30 07:04:43.065,5.89265,5.8952,3.20,1.00
2010.04.30 07:04:43.404,5.89265,5.8954,3.20,1.00
2010.04.30 07:04:43.915,5.89265,5.8952,3.20,1.00
2010.04.30 07:04:44.268,5.89265,5.8952,3.40,1.00
2010.04.30 07:04:45.953,5.89255,5.895,3.20,1.00
2010.04.30 07:04:46.420,5.89255,5.8949,3.20,1.00
2010.04.30 07:04:47.162,5.89285,5.8955,3.20,1.00
2010.04.30 07:04:47.851,5.89285,5.895,3.20,1.00
2010.04.30 07:04:48.421,5.8925,5.895,3.20,1.00
2010.04.30 07:04:48.777,5.8929,5.8957,1.00,1.00
2010.04.30 07:04:49.122,5.89295,5.8957,3.20,1.00
2010.04.30 07:04:50.066,5.89285,5.8955,3.20,1.00
2010.04.30 07:04:50.416,5.8927,5.895,3.20,1.00
2010.04.30 07:04:51.250,5.8924,5.895,3.20,1.00
2010.04.30 07:04:51.595,5.8923,5.8948,3.20,1.00
2010.04.30 07:04:51.942,5.8923,5.895,3.20,1.00
2010.04.30 07:04:52.289,5.8924,5.895,3.20,1.00
2010.04.30 07:04:52.813,5.8924,5.895,4.80,1.00
2010.04.30 07:04:53.170,5.8926,5.8952,3.20,1.00
2010.04.30 07:04:53.506,5.8924,5.895,3.20,1.00
2010.04.30 07:04:54.316,5.89215,5.8946,3.20,1.00
2010.04.30 07:04:54.666,5.8922,5.8948,3.20,1.00
2010.04.30 07:04:55.768,5.8922,5.8951,3.20,1.00
2010.04.30 07:04:56.126,5.8926,5.8951,3.20,1.00
2010.04.30 07:04:56.476,5.8924,5.895,3.20,1.00
2010.04.30 07:04:56.709,5.89255,5.895,3.20,1.00
2010.04.30 07:04:57.434,5.89225,5.8947,3.20,1.00
2010.04.30 07:04:58.045,5.8924,5.895,3.20,1.00
2010.04.30 07:04:59.159,5.8924,5.8947,3.20,1.00
2010.04.30 07:04:59.513,5.8922,5.8945,3.20,1.00
2010.04.30 07:05:00.033,5.89195,5.8945,6.40,1.00
2010.04.30 07:05:00.382,5.89195,5.8945,3.20,1.00
2010.04.30 07:05:01.909,5.89195,5.8946,3.20,1.00
2010.04.30 07:05:05.357,5.8922,5.8948,3.20,1.00
2010.04.30 07:05:05.716,5.89215,5.8948,3.20,1.00
2010.04.30 07:05:06.631,5.89215,5.8947,3.20,1.00
2010.04.30 07:05:08.335,5.89205,5.8947,1.00,1.00
2010.04.30 07:05:08.385,5.89185,5.8947,5.00,1.00
2010.04.30 07:05:08.437,5.89185,5.8945,5.00,1.00
2010.04.30 07:05:08.605,5.89185,5.8945,3.40,1.00
2010.04.30 07:05:10.474,5.89195,5.8945,3.20,1.00
2010.04.30 07:05:10.733,5.89195,5.8945,4.80,1.00
2010.04.30 07:05:11.002,5.8924,5.8945,3.20,1.00
2010.04.30 07:05:11.733,5.89205,5.8945,3.20,1.00
2010.04.30 07:05:12.071,5.89195,5.8945,3.20,1.00
2010.04.30 07:05:14.288,5.89205,5.8945,1.00,1.00
2010.04.30 07:05:14.637,5.89195,5.8945,3.20,1.00
2010.04.30 07:05:14.983,5.892,5.8945,3.20,1.00
2010.04.30 07:05:16.263,5.892,5.8945,3.20,1.00
2010.04.30 07:05:16.945,5.89195,5.8945,3.20,1.00
2010.04.30 07:05:18.418,5.8916,5.8942,1.00,1.00
2010.04.30 07:05:18.726,5.89185,5.8942,3.20,1.00
2010.04.30 07:05:19.583,5.8917,5.8942,3.20,1.00
2010.04.30 07:05:20.605,5.8915,5.894,3.20,1.00
2010.04.30 07:05:21.519,5.89145,5.8938,3.20,1.00
2010.04.30 07:05:21.708,5.8914,5.8938,3.20,1.00
2010.04.30 07:05:22.558,5.8913,5.8938,3.20,1.00
2010.04.30 07:05:23.587,5.8915,5.8938,3.20,1.00
2010.04.30 07:05:24.090,5.8914,5.8938,3.20,1.00
2010.04.30 07:05:25.870,5.8913,5.894,5.00,1.00
2010.04.30 07:05:26.216,5.89145,5.8938,3.20,1.00
2010.04.30 07:05:27.984,5.8913,5.8938,3.20,1.00
2010.04.30 07:05:31.495,5.8913,5.8938,3.20,1.00
2010.04.30 07:05:32.728,5.89185,5.8942,3.20,1.00
2010.04.30 07:05:33.075,5.8916,5.894,1.00,1.00
2010.04.30 07:05:33.879,5.8914,5.8938,3.40,1.00
2010.04.30 07:05:33.923,5.8914,5.8938,3.20,1.00
2010.04.30 07:05:34.272,5.89105,5.8938,3.20,1.00
2010.04.30 07:05:35.102,5.8913,5.8938,3.20,1.00
2010.04.30 07:05:35.458,5.89185,5.8942,3.20,1.00
2010.04.30 07:05:35.804,5.89175,5.8942,3.20,1.00
2010.04.30 07:05:37.711,5.8914,5.8941,3.20,1.00
2010.04.30 07:05:38.282,5.8915,5.8941,3.20,1.00
2010.04.30 07:05:38.514,5.89195,5.8945,3.20,1.00
2010.04.30 07:05:38.731,5.8919,5.8945,3.20,1.00
2010.04.30 07:05:39.084,5.89195,5.8943,3.20,1.00
2010.04.30 07:05:39.909,5.89175,5.8943,3.20,1.00
2010.04.30 07:05:40.262,5.8915,5.8941,3.20,1.00
2010.04.30 07:05:41.390,5.8915,5.8943,3.20,1.00
2010.04.30 07:05:42.057,5.89175,5.8943,3.20,1.00
2010.04.30 07:05:42.243,5.89165,5.8945,6.40,1.00
2010.04.30 07:05:42.433,5.8919,5.8943,3.20,1.00
2010.04.30 07:05:42.623,5.89165,5.8941,3.20,1.00
2010.04.30 07:05:43.574,5.8914,5.8938,3.20,1.00
2010.04.30 07:05:43.919,5.8912,5.8938,3.40,1.00
2010.04.30 07:05:44.607,5.8912,5.8937,3.40,1.00
2010.04.30 07:05:48.009,5.8912,5.8938,3.40,1.00
2010.04.30 07:05:48.188,5.8912,5.8938,3.20,1.00
2010.04.30 07:05:49.572,5.891,5.8938,3.20,1.00
2010.04.30 07:05:49.925,5.8912,5.8938,3.20,1.00
2010.04.30 07:05:50.265,5.89115,5.8938,3.20,1.00
2010.04.30 07:05:52.041,5.8911,5.8936,1.00,1.00
2010.04.30 07:05:52.249,5.891,5.8938,4.80,1.00
2010.04.30 07:05:53.070,5.89115,5.8937,3.20,1.00
2010.04.30 07:05:55.207,5.8911,5.8933,1.00,1.00
2010.04.30 07:05:55.479,5.89075,5.8933,3.20,1.00
2010.04.30 07:06:02.421,5.89075,5.8937,4.80,1.00
2010.04.30 07:06:02.762,5.89115,5.8937,3.20,1.00
2010.04.30 07:06:03.963,5.89135,5.8939,3.20,1.00
2010.04.30 07:06:04.680,5.89135,5.894,3.20,1.00
2010.04.30 07:06:05.722,5.8914,5.894,3.20,1.00
2010.04.30 07:06:06.760,5.8915,5.89445,1.60,3.20
2010.04.30 07:06:07.083,5.8919,5.8945,3.20,1.00
2010.04.30 07:06:07.813,5.89195,5.8945,3.20,1.00
2010.04.30 07:06:09.818,5.8924,5.8949,3.20,1.00
2010.04.30 07:06:15.467,5.89235,5.8949,3.20,1.00
2010.04.30 07:06:16.097,5.8925,5.8951,3.20,1.00
2010.04.30 07:06:16.383,5.8924,5.8951,1.00,1.00
2010.04.30 07:06:17.128,5.89255,5.8949,3.20,1.00
2010.04.30 07:06:17.435,5.89255,5.8951,3.20,1.00
2010.04.30 07:06:19.437,5.89255,5.8947,1.00,1.00
2010.04.30 07:06:19.684,5.89255,5.8949,1.00,1.00
2010.04.30 07:06:19.931,5.8923,5.8949,3.20,1.00
2010.04.30 07:06:24.189,5.89255,5.8951,3.20,1.00
2010.04.30 07:06:25.237,5.8925,5.8951,3.20,1.00
2010.04.30 07:06:25.927,5.89215,5.8946,3.20,1.00
2010.04.30 07:06:26.254,5.892,5.8944,3.20,1.00
2010.04.30 07:06:26.937,5.89185,5.8944,3.20,1.00
2010.04.30 07:06:27.219,5.89185,5.8948,3.20,1.00
2010.04.30 07:06:27.491,5.8922,5.8948,3.20,1.00
2010.04.30 07:06:30.880,5.8921,5.8945,3.20,1.00
2010.04.30 07:06:31.787,5.89225,5.895,1.00,1.00
2010.04.30 07:06:32.389,5.8924,5.895,3.20,1.00
2010.04.30 07:06:34.026,5.8923,5.895,3.20,1.00
2010.04.30 07:06:34.343,5.89205,5.8948,3.40,1.00
2010.04.30 07:06:34.652,5.89205,5.8948,3.20,1.00
2010.04.30 07:06:35.403,5.892,5.8945,3.20,1.00
2010.04.30 07:06:38.253,5.892,5.8947,4.80,1.00
2010.04.30 07:06:38.352,5.892,5.8947,5.00,1.00
2010.04.30 07:06:38.883,5.89205,5.8947,3.20,1.00
2010.04.30 07:06:39.226,5.8922,5.8947,3.20,1.00
2010.04.30 07:06:39.577,5.8922,5.8947,3.20,1.00
2010.04.30 07:06:41.004,5.892,5.8943,1.00,1.00
2010.04.30 07:06:41.212,5.8918,5.8943,3.20,1.00
2010.04.30 07:06:41.415,5.89205,5.8947,3.20,1.00
2010.04.30 07:06:42.110,5.8922,5.8947,3.20,1.00
2010.04.30 07:06:44.011,5.892,5.8943,3.20,1.00
2010.04.30 07:06:44.359,5.89175,5.8945,3.20,1.00
2010.04.30 07:06:44.669,5.89205,5.8945,3.20,1.00
2010.04.30 07:06:45.780,5.8922,5.8947,3.20,1.00
2010.04.30 07:06:48.312,5.8922,5.8945,3.20,1.00
2010.04.30 07:06:49.135,5.8919,5.8945,3.20,1.00
2010.04.30 07:06:49.481,5.89185,5.8945,3.20,1.00
2010.04.30 07:06:50.160,5.89185,5.894,3.20,1.00
2010.04.30 07:06:51.049,5.89145,5.8938,3.20,1.00
2010.04.30 07:06:51.434,5.89155,5.8939,1.60,1.00
2010.04.30 07:06:52.126,5.89165,5.8941,3.20,1.00
2010.04.30 07:06:53.690,5.89175,5.8943,3.20,1.00
2010.04.30 07:06:54.038,5.8915,5.89385,1.00,3.20
2010.04.30 07:06:54.387,5.8915,5.8939,1.00,1.00
2010.04.30 07:06:55.537,5.8915,5.8937,1.00,1.00
2010.04.30 07:06:55.888,5.89135,5.8937,1.00,1.00
2010.04.30 07:06:57.744,5.89115,5.8934,1.00,1.00
2010.04.30 07:06:58.872,5.8905,5.8928,1.60,1.00
2010.04.30 07:06:59.224,5.89045,5.8928,1.00,1.00
2010.04.30 07:07:00.036,5.89045,5.893,1.00,1.00
2010.04.30 07:07:00.384,5.89065,5.8929,1.00,1.00
2010.04.30 07:07:00.731,5.89065,5.8927,1.00,1.00
2010.04.30 07:07:01.584,5.89045,5.8927,1.00,1.00
2010.04.30 07:07:01.942,5.8903,5.8925,1.00,1.00
2010.04.30 07:07:02.769,5.89,5.8923,1.00,1.00
2010.04.30 07:07:03.467,5.89,5.8925,1.00,1.00
2010.04.30 07:07:04.325,5.89025,5.8927,3.20,1.00
2010.04.30 07:07:04.674,5.8902,5.8925,1.00,1.00
2010.04.30 07:07:05.847,5.8904,5.8927,1.00,1.00
2010.04.30 07:07:06.191,5.8904,5.8925,1.00,1.00
2010.04.30 07:07:07.014,5.8902,5.8925,1.00,1.00
2010.04.30 07:07:09.132,5.8902,5.8927,1.00,1.00
2010.04.30 07:07:09.407,5.89055,5.893,1.00,1.00
2010.04.30 07:07:09.673,5.89055,5.8929,1.00,1.00
2010.04.30 07:07:11.007,5.8904,5.8927,1.00,1.00
2010.04.30 07:07:12.526,5.8903,5.8927,1.00,1.00
2010.04.30 07:07:12.812,5.89015,5.8925,1.00,1.00
2010.04.30 07:07:13.098,5.8903,5.8927,1.00,1.00
2010.04.30 07:07:13.852,5.8903,5.89315,1.00,3.20
2010.04.30 07:07:14.202,5.89075,5.8932,1.00,1.00
2010.04.30 07:07:15.722,5.8906,5.8927,1.00,1.00
2010.04.30 07:07:16.071,5.89015,5.8925,1.00,1.00
2010.04.30 07:07:16.320,5.8903,5.8927,1.00,1.00
2010.04.30 07:07:17.815,5.89015,5.8925,1.00,1.00
2010.04.30 07:07:20.233,5.8906,5.8929,1.00,1.00
2010.04.30 07:07:20.579,5.8906,5.8927,1.00,1.00
2010.04.30 07:07:21.363,5.8906,5.8929,1.00,1.00
2010.04.30 07:07:27.722,5.89075,5.8931,1.00,1.00
2010.04.30 07:07:28.039,5.89095,5.8933,1.00,1.00
2010.04.30 07:07:30.362,5.8906,5.8929,1.00,1.00
2010.04.30 07:07:30.703,5.89075,5.8931,1.00,1.00
2010.04.30 07:07:32.701,5.89095,5.8933,1.00,1.00
2010.04.30 07:07:36.620,5.8907,5.8929,1.60,1.00
2010.04.30 07:07:37.324,5.8906,5.8929,1.00,1.00
2010.04.30 07:07:37.834,5.89075,5.8931,1.00,1.00
2010.04.30 07:07:41.256,5.89095,5.8933,1.00,1.00
2010.04.30 07:07:41.540,5.89135,5.8937,1.00,1.00
2010.04.30 07:07:42.572,5.89165,5.894,1.00,1.00
2010.04.30 07:07:46.747,5.89185,5.8942,1.00,1.00
2010.04.30 07:07:47.129,5.89185,5.894,1.00,1.00
2010.04.30 07:07:47.681,5.89185,5.8942,1.00,1.00
2010.04.30 07:07:47.962,5.89185,5.894,1.00,1.00
2010.04.30 07:07:48.242,5.89165,5.894,1.00,1.00
2010.04.30 07:07:48.521,5.89145,5.8937,3.40,1.00
2010.04.30 07:07:49.244,5.8918,5.8937,1.00,1.00
2010.04.30 07:07:49.594,5.8915,5.8937,1.00,1.00
2010.04.30 07:07:50.778,5.8915,5.8939,1.00,1.00
2010.04.30 07:07:51.070,5.89165,5.8939,1.00,1.00
2010.04.30 07:07:51.348,5.89165,5.8941,1.00,1.00
2010.04.30 07:07:51.987,5.89165,5.8939,1.00,1.00
2010.04.30 07:07:52.328,5.89145,5.8933,1.00,1.00
2010.04.30 07:07:52.863,5.89065,5.893,1.80,1.00
2010.04.30 07:07:53.184,5.89085,5.8937,1.00,1.00
2010.04.30 07:07:53.895,5.89115,5.8937,1.00,1.00
2010.04.30 07:07:54.596,5.89095,5.8935,1.00,1.00
2010.04.30 07:07:55.413,5.89115,5.8937,1.00,1.00
2010.04.30 07:07:55.764,5.89095,5.8935,3.40,1.00
2010.04.30 07:07:56.113,5.89095,5.8935,1.00,1.00
2010.04.30 07:07:56.352,5.8905,5.893,1.00,1.00
2010.04.30 07:07:57.228,5.8905,5.8931,1.00,1.00
2010.04.30 07:07:57.573,5.8905,5.893,1.00,1.00
2010.04.30 07:07:59.503,5.8901,5.8926,3.40,1.00
2010.04.30 07:08:00.321,5.8901,5.8926,1.00,1.00
2010.04.30 07:08:00.677,5.8901,5.8925,1.00,1.00
2010.04.30 07:08:01.868,5.88985,5.8923,3.20,1.00
2010.04.30 07:08:02.223,5.8898,5.8923,1.00,1.00
2010.04.30 07:08:03.336,5.89,5.8926,1.00,1.00
2010.04.30 07:08:06.449,5.89025,5.8928,1.00,1.00
2010.04.30 07:08:08.507,5.89045,5.893,1.00,1.00
2010.04.30 07:08:13.549,5.89045,5.8929,1.00,1.00
2010.04.30 07:08:16.011,5.89045,5.8929,1.00,1.00
2010.04.30 07:08:18.660,5.8903,5.8927,1.00,1.00
2010.04.30 07:08:21.598,5.89045,5.8929,1.00,1.00
2010.04.30 07:08:28.533,5.89045,5.8932,1.00,1.00
2010.04.30 07:08:29.061,5.89045,5.8934,1.00,1.00
2010.04.30 07:08:29.416,5.89085,5.8932,1.00,1.00
2010.04.30 07:08:30.260,5.89085,5.8931,1.00,1.00
2010.04.30 07:08:30.612,5.8907,5.8929,1.00,1.00
2010.04.30 07:08:30.960,5.8905,5.8929,1.00,1.00
2010.04.30 07:08:32.552,5.89025,5.8929,1.00,1.00
2010.04.30 07:08:33.349,5.8901,5.8924,1.00,1.00
2010.04.30 07:08:33.659,5.8901,5.8922,1.00,1.00
2010.04.30 07:08:34.005,5.8901,5.8924,1.00,1.00
2010.04.30 07:08:35.230,5.8901,5.8922,1.00,1.00
2010.04.30 07:08:35.584,5.8898,5.8922,1.00,1.00
2010.04.30 07:08:36.446,5.88985,5.8922,3.20,1.00
2010.04.30 07:08:36.807,5.89,5.8924,1.00,1.00
2010.04.30 07:08:38.719,5.89015,5.8929,1.60,3.20
2010.04.30 07:08:38.921,5.8904,5.8931,1.00,1.00
2010.04.30 07:08:39.612,5.8907,5.8931,1.00,1.00
2010.04.30 07:08:41.541,5.8905,5.8929,1.00,1.00
2010.04.30 07:08:45.431,5.8901,5.8924,1.00,1.00
2010.04.30 07:08:45.775,5.8901,5.8923,1.00,1.00
2010.04.30 07:08:46.876,5.8898,5.8921,1.00,1.00
2010.04.30 07:08:47.528,5.8898,5.8921,1.00,1.00
2010.04.30 07:08:47.985,5.89,5.8923,1.00,1.00
2010.04.30 07:08:48.766,5.88965,5.8919,1.00,1.00
2010.04.30 07:08:49.884,5.8898,5.8919,1.00,1.00
2010.04.30 07:08:50.238,5.8898,5.8921,1.00,1.00
2010.04.30 07:08:51.418,5.89,5.8923,1.00,1.00
2010.04.30 07:08:51.774,5.89025,5.8926,1.00,1.00
2010.04.30 07:08:54.072,5.89045,5.8928,1.00,1.00
2010.04.30 07:08:55.717,5.8905,5.8928,1.00,1.00
2010.04.30 07:08:56.067,5.8907,5.893,1.00,1.00
2010.04.30 07:08:57.965,5.8907,5.8928,1.00,1.00
2010.04.30 07:08:58.182,5.8905,5.8928,1.00,1.00
2010.04.30 07:09:00.695,5.8907,5.893,1.00,1.00
2010.04.30 07:09:01.046,5.8907,5.8932,1.00,1.00
2010.04.30 07:09:01.365,5.8907,5.893,1.00,1.00
2010.04.30 07:09:02.705,5.89075,5.8932,3.20,1.00
2010.04.30 07:09:02.961,5.89085,5.8932,1.00,1.00
2010.04.30 07:09:05.601,5.8907,5.893,1.00,1.00
2010.04.30 07:09:05.884,5.8905,5.8927,1.00,1.00
2010.04.30 07:09:12.051,5.8903,5.8923,1.60,1.00
2010.04.30 07:09:12.552,5.8901,5.8923,1.00,1.00
2010.04.30 07:09:12.896,5.8898,5.8921,1.00,1.00
2010.04.30 07:09:15.248,5.8898,5.8923,1.00,1.00
2010.04.30 07:09:15.605,5.88965,5.8919,3.40,1.00
2010.04.30 07:09:16.144,5.88975,5.8919,3.20,1.00
2010.04.30 07:09:16.485,5.88965,5.8919,1.00,1.00
2010.04.30 07:09:25.155,5.88965,5.8915,1.00,1.00
2010.04.30 07:09:25.990,5.8892,5.8915,1.00,1.00
2010.04.30 07:09:26.343,5.8892,5.891,1.00,1.00
2010.04.30 07:09:26.692,5.8888,5.8908,1.00,1.00
2010.04.30 07:09:27.887,5.8887,5.8908,1.00,1.00
2010.04.30 07:09:28.230,5.88835,5.8905,1.00,1.00
2010.04.30 07:09:29.028,5.8879,5.8894,1.00,1.00
2010.04.30 07:09:29.388,5.8867,5.88915,1.00,1.60
2010.04.30 07:09:29.741,5.8864,5.889,1.00,1.00
2010.04.30 07:09:30.577,5.8869,5.88885,1.00,1.60
2010.04.30 07:09:30.926,5.88675,5.88895,1.00,1.60
2010.04.30 07:09:31.654,5.88655,5.88875,1.00,1.60
2010.04.30 07:09:32.009,5.88615,5.88845,1.00,1.60
2010.04.30 07:09:32.826,5.8863,5.88845,1.00,1.60
2010.04.30 07:09:33.189,5.88645,5.88875,1.00,1.60
2010.04.30 07:09:33.539,5.88675,5.88885,1.00,1.60
2010.04.30 07:09:34.360,5.88655,5.88865,1.00,1.60
2010.04.30 07:09:34.706,5.88675,5.88885,1.00,1.60
2010.04.30 07:09:35.871,5.88645,5.8886,1.00,1.00
2010.04.30 07:09:36.220,5.88645,5.88855,1.00,1.60
2010.04.30 07:09:36.565,5.88645,5.88835,1.00,1.60
2010.04.30 07:09:36.856,5.88615,5.88835,1.00,1.60
2010.04.30 07:09:37.620,5.88615,5.88815,1.00,1.60
2010.04.30 07:09:38.183,5.88615,5.88805,1.00,1.60
2010.04.30 07:09:39.282,5.88615,5.88815,1.00,1.60
2010.04.30 07:09:40.409,5.88615,5.88825,1.00,1.60
2010.04.30 07:09:40.753,5.8863,5.88835,1.00,1.60
2010.04.30 07:09:41.103,5.8862,5.88835,3.20,1.60
2010.04.30 07:09:41.621,5.88615,5.88835,1.00,1.60
2010.04.30 07:09:41.970,5.88615,5.88825,1.00,1.60
2010.04.30 07:09:43.828,5.8863,5.88845,1.00,1.60
2010.04.30 07:09:44.024,5.8863,5.88835,1.00,1.60
2010.04.30 07:09:44.215,5.88645,5.88845,1.00,1.60
2010.04.30 07:09:44.918,5.88645,5.88855,1.00,1.60
2010.04.30 07:09:45.613,5.88645,5.88875,1.00,1.60
2010.04.30 07:09:46.764,5.88645,5.8888,1.00,1.00
2010.04.30 07:09:47.125,5.88615,5.8888,1.00,3.20
2010.04.30 07:09:47.335,5.8863,5.8884,1.00,1.00
2010.04.30 07:09:47.546,5.8861,5.8884,1.00,1.00
2010.04.30 07:09:49.509,5.88645,5.88875,1.00,1.60
2010.04.30 07:09:50.540,5.88645,5.88885,1.00,1.60
2010.04.30 07:09:51.370,5.88675,5.889,1.00,1.00
2010.04.30 07:09:51.728,5.88675,5.88915,1.00,1.60
2010.04.30 07:09:52.494,5.88675,5.8888,1.00,1.00
2010.04.30 07:09:52.784,5.88655,5.8888,1.00,1.00
2010.04.30 07:09:54.316,5.88655,5.8888,3.40,1.00
2010.04.30 07:09:54.663,5.88655,5.8888,1.00,1.00
2010.04.30 07:09:55.012,5.88655,5.88895,1.00,1.60
2010.04.30 07:09:55.806,5.88685,5.88905,1.00,1.60
2010.04.30 07:09:56.157,5.8867,5.88925,1.00,1.60
2010.04.30 07:09:56.485,5.8869,5.88795,1.00,1.60
2010.04.30 07:09:56.801,5.88535,5.88835,3.20,1.60
2010.04.30 07:09:57.712,5.88505,5.88795,3.20,1.60
2010.04.30 07:09:58.061,5.88545,5.8879,3.20,1.00
2010.04.30 07:09:59.499,5.8857,5.88855,1.00,1.60
2010.04.30 07:09:59.851,5.8861,5.88855,3.20,1.60
2010.04.30 07:10:01.305,5.886,5.88855,3.20,1.60
2010.04.30 07:10:01.647,5.886,5.8882,3.20,1.00
2010.04.30 07:10:01.961,5.88565,5.8882,3.20,1.00
2010.04.30 07:10:04.114,5.88575,5.8882,3.20,1.00
2010.04.30 07:10:04.466,5.88565,5.8882,3.20,1.00
2010.04.30 07:10:04.823,5.88545,5.8879,3.20,1.00
2010.04.30 07:10:05.943,5.88565,5.8882,3.20,1.00
2010.04.30 07:10:07.160,5.88565,5.8883,3.20,1.00
2010.04.30 07:10:07.511,5.88575,5.8883,3.20,1.00
2010.04.30 07:10:09.088,5.88575,5.8881,3.20,1.00
2010.04.30 07:10:09.324,5.88565,5.8881,3.20,1.00
2010.04.30 07:10:09.564,5.88575,5.8881,3.20,1.00
2010.04.30 07:10:10.646,5.88585,5.8883,3.20,1.00
2010.04.30 07:10:10.994,5.8863,5.8885,3.20,1.00
2010.04.30 07:10:13.041,5.8862,5.8885,3.20,1.00
2010.04.30 07:10:13.799,5.88595,5.8881,3.20,1.00
2010.04.30 07:10:14.029,5.88595,5.8883,3.20,1.00
2010.04.30 07:10:15.194,5.8862,5.8885,3.20,1.00
2010.04.30 07:10:15.550,5.88565,5.8881,3.20,1.00
2010.04.30 07:10:20.405,5.88565,5.8877,3.20,1.00
2010.04.30 07:10:20.912,5.88525,5.8877,3.40,1.00
2010.04.30 07:10:21.268,5.88525,5.8877,3.20,1.00
2010.04.30 07:10:21.614,5.8853,5.8877,1.00,1.00
2010.04.30 07:10:21.877,5.88565,5.8881,3.20,1.00
2010.04.30 07:10:22.354,5.8856,5.8881,3.20,1.00
2010.04.30 07:10:22.620,5.8856,5.8879,3.20,1.00
2010.04.30 07:10:23.381,5.8854,5.8877,3.20,1.00
2010.04.30 07:10:24.029,5.88545,5.8881,1.00,1.00
2010.04.30 07:10:24.377,5.8861,5.8885,3.20,1.00
2010.04.30 07:10:25.532,5.8861,5.8883,3.20,1.00
2010.04.30 07:10:25.876,5.88575,5.8883,3.20,1.00
2010.04.30 07:10:26.235,5.88565,5.8879,3.20,1.00
2010.04.30 07:10:27.060,5.88565,5.8879,3.40,1.00
2010.04.30 07:10:27.409,5.88585,5.8885,1.80,1.00
2010.04.30 07:10:27.689,5.88605,5.8885,3.20,1.00
2010.04.30 07:10:27.970,5.8861,5.8885,3.20,1.00
2010.04.30 07:10:33.083,5.88655,5.889,3.20,1.00
2010.04.30 07:10:34.168,5.88655,5.8888,3.20,1.00
2010.04.30 07:10:34.526,5.88635,5.8888,3.20,1.00
2010.04.30 07:10:36.590,5.8861,5.8885,3.20,1.00
2010.04.30 07:10:40.626,5.8861,5.8885,3.20,1.00
2010.04.30 07:10:42.747,5.8861,5.8885,3.20,1.00
2010.04.30 07:10:44.028,5.8862,5.8887,3.20,1.00
2010.04.30 07:10:45.547,5.8861,5.8885,3.20,1.00
2010.04.30 07:10:46.235,5.8861,5.888,3.20,1.00
2010.04.30 07:10:46.884,5.88575,5.888,3.20,1.00
2010.04.30 07:10:47.230,5.88525,5.8878,3.20,1.00
2010.04.30 07:10:47.546,5.8854,5.8878,1.60,1.00
2010.04.30 07:10:48.055,5.88545,5.8878,3.20,1.00
2010.04.30 07:10:48.366,5.8861,5.8885,3.20,1.00
2010.04.30 07:10:49.812,5.88565,5.888,3.20,1.00
2010.04.30 07:10:50.160,5.886,5.888,3.20,1.00
2010.04.30 07:10:50.508,5.88585,5.8885,1.80,1.00
2010.04.30 07:10:51.629,5.8861,5.8885,3.20,1.00
2010.04.30 07:10:51.752,5.88565,5.8887,3.20,3.20
2010.04.30 07:10:51.992,5.8864,5.8888,3.20,1.40
2010.04.30 07:10:55.088,5.8866,5.889,3.20,1.40
2010.04.30 07:10:55.737,5.8864,5.88885,3.20,1.40
2010.04.30 07:10:56.065,5.8864,5.889,3.20,1.40
2010.04.30 07:10:56.706,5.8865,5.889,3.20,1.40
2010.04.30 07:10:57.066,5.8866,5.889,3.20,1.40
2010.04.30 07:10:58.316,5.88685,5.8892,3.20,1.40
2010.04.30 07:11:01.257,5.88685,5.88945,3.20,1.60
2010.04.30 07:11:01.514,5.88685,5.8893,3.20,1.40
2010.04.30 07:11:02.345,5.88685,5.88945,3.20,1.40
2010.04.30 07:11:02.693,5.88685,5.8893,3.20,1.40
2010.04.30 07:11:03.043,5.8866,5.88905,6.40,1.40
2010.04.30 07:11:03.864,5.8864,5.88885,3.20,1.40
2010.04.30 07:11:05.341,5.8866,5.889,3.20,1.40
2010.04.30 07:11:05.694,5.88725,5.88965,3.20,1.40
2010.04.30 07:11:08.291,5.88685,5.8893,3.20,1.40
2010.04.30 07:11:08.625,5.88665,5.88905,3.20,1.40
2010.04.30 07:11:08.972,5.88685,5.88885,1.60,1.40
2010.04.30 07:11:09.850,5.88705,5.88885,1.60,1.40
2010.04.30 07:11:10.204,5.88705,5.889,1.60,1.40
2010.04.30 07:11:10.556,5.88725,5.889,1.60,1.40
2010.04.30 07:11:11.043,5.88735,5.889,1.60,1.40
2010.04.30 07:11:11.398,5.88725,5.88965,3.20,1.40
2010.04.30 07:11:11.742,5.88725,5.88965,4.80,1.40
2010.04.30 07:11:12.861,5.88725,5.88965,3.20,1.40
2010.04.30 07:11:13.198,5.88685,5.8893,3.20,1.40
2010.04.30 07:11:14.778,5.88685,5.88905,3.20,1.40
2010.04.30 07:11:15.135,5.88685,5.8892,3.20,1.40
2010.04.30 07:11:17.080,5.88645,5.88905,3.20,1.40
2010.04.30 07:11:17.267,5.8864,5.88885,3.20,1.40
2010.04.30 07:11:17.808,5.8865,5.889,3.20,1.40
2010.04.30 07:11:18.644,5.8864,5.889,3.20,1.40
2010.04.30 07:11:18.996,5.8864,5.88885,3.20,1.40
2010.04.30 07:11:19.344,5.8865,5.889,3.20,1.40
2010.04.30 07:11:20.163,5.8866,5.889,3.20,1.40
2010.04.30 07:11:20.849,5.8865,5.889,3.20,1.40
2010.04.30 07:11:23.308,5.8864,5.88885,3.20,1.40
2010.04.30 07:11:23.658,5.8865,5.88885,3.20,1.40
2010.04.30 07:11:24.165,5.8865,5.889,3.20,1.40
2010.04.30 07:11:26.613,5.8866,5.889,3.20,1.40
2010.04.30 07:11:27.877,5.8864,5.889,3.20,1.40
2010.04.30 07:11:28.165,5.8865,5.889,3.20,1.40
2010.04.30 07:11:29.915,5.8866,5.889,3.20,1.40
2010.04.30 07:11:31.859,5.8866,5.8892,3.20,1.40
2010.04.30 07:11:32.117,5.88685,5.8892,3.20,1.40
2010.04.30 07:11:32.810,5.88685,5.88915,3.20,1.60
2010.04.30 07:11:33.161,5.8866,5.88905,3.20,1.40
2010.04.30 07:11:35.560,5.88685,5.8892,3.20,1.40
2010.04.30 07:11:36.763,5.88715,5.88945,3.20,1.60
2010.04.30 07:11:37.104,5.887,5.8895,3.20,1.40
2010.04.30 07:11:38.797,5.88685,5.88945,3.20,1.40
2010.04.30 07:11:39.144,5.887,5.88945,3.20,1.40
2010.04.30 07:11:39.995,5.88705,5.88945,3.20,1.40
2010.04.30 07:11:40.294,5.887,5.88945,3.20,1.40
2010.04.30 07:11:42.556,5.88705,5.88945,3.20,1.40
2010.04.30 07:11:43.043,5.8871,5.88945,3.20,1.40
2010.04.30 07:11:43.395,5.88725,5.88965,3.20,1.40
2010.04.30 07:11:56.520,5.88725,5.8899,3.20,1.40
2010.04.30 07:11:56.742,5.88735,5.8899,3.20,1.40
2010.04.30 07:11:57.429,5.88735,5.88975,3.20,1.40
2010.04.30 07:11:57.781,5.88725,5.88975,3.20,1.40
2010.04.30 07:12:07.804,5.88765,5.8901,3.20,1.40
2010.04.30 07:12:09.521,5.8873,5.88975,3.20,1.40
2010.04.30 07:12:09.866,5.88725,5.88975,3.20,1.40
2010.04.30 07:12:11.728,5.88765,5.88975,1.60,1.40
2010.04.30 07:12:12.060,5.88765,5.8895,1.60,1.40
2010.04.30 07:12:12.854,5.88735,5.8895,1.60,1.40
2010.04.30 07:12:13.181,5.88725,5.8897,3.20,1.40
2010.04.30 07:12:13.507,5.88705,5.8895,4.80,1.40
2010.04.30 07:12:15.423,5.88705,5.8895,1.60,1.40
2010.04.30 07:12:16.456,5.88695,5.8893,1.60,1.40
2010.04.30 07:12:16.686,5.8869,5.8893,3.20,1.40
2010.04.30 07:12:17.474,5.88685,5.88945,3.20,1.40
2010.04.30 07:12:17.734,5.8866,5.8892,3.20,1.40
2010.04.30 07:12:17.983,5.8864,5.8892,3.20,1.40
2010.04.30 07:12:18.641,5.88685,5.8892,3.20,1.40
2010.04.30 07:12:20.550,5.8866,5.88905,3.20,1.40
2010.04.30 07:12:20.911,5.88685,5.8892,3.20,1.40
2010.04.30 07:12:24.213,5.8866,5.88905,3.20,1.40
2010.04.30 07:12:25.874,5.8866,5.88885,3.20,1.40
2010.04.30 07:12:26.161,5.8864,5.88885,3.20,1.40
2010.04.30 07:12:27.421,5.88675,5.8895,3.20,1.00
2010.04.30 07:12:28.111,5.88735,5.8898,4.80,1.00
2010.04.30 07:12:29.795,5.88735,5.8894,4.80,1.00
2010.04.30 07:12:30.035,5.8869,5.8894,3.20,1.00
2010.04.30 07:12:30.783,5.8869,5.8892,3.20,1.00
2010.04.30 07:12:31.133,5.88655,5.889,3.20,1.00
2010.04.30 07:12:31.480,5.88635,5.8887,1.60,1.00
2010.04.30 07:12:32.326,5.88565,5.8881,3.20,1.00
2010.04.30 07:12:33.848,5.8861,5.88825,3.20,1.60
2010.04.30 07:12:34.194,5.8861,5.8883,3.20,1.00
2010.04.30 07:12:35.028,5.88585,5.8883,3.20,1.00
2010.04.30 07:12:35.376,5.88695,5.88875,3.20,1.60
2010.04.30 07:12:35.724,5.8869,5.88935,3.20,1.60
2010.04.30 07:12:36.367,5.88665,5.88925,3.20,1.60
2010.04.30 07:12:36.672,5.8866,5.88915,3.20,1.60
2010.04.30 07:12:37.776,5.8866,5.88905,3.20,1.60
2010.04.30 07:12:38.130,5.88645,5.88905,3.20,1.60
2010.04.30 07:12:38.911,5.88635,5.88905,3.20,1.60
2010.04.30 07:12:39.263,5.8864,5.8889,3.20,1.00
2010.04.30 07:12:39.612,5.8862,5.88855,3.20,1.60
2010.04.30 07:12:40.761,5.8866,5.88875,3.20,1.60
2010.04.30 07:12:41.113,5.88655,5.88855,3.20,1.60
2010.04.30 07:12:41.454,5.8862,5.88845,3.20,1.60
2010.04.30 07:12:42.109,5.8862,5.88835,3.20,1.60
2010.04.30 07:12:42.373,5.88575,5.88805,3.20,1.60
2010.04.30 07:12:42.630,5.8858,5.88805,3.20,1.60
2010.04.30 07:12:42.878,5.8852,5.88755,4.00,1.60
2010.04.30 07:12:43.706,5.88495,5.88755,3.20,1.60
2010.04.30 07:12:44.047,5.885,5.88765,1.00,1.60
2010.04.30 07:12:44.582,5.88515,5.8875,3.20,1.00
2010.04.30 07:12:44.933,5.88495,5.8875,3.20,1.00
2010.04.30 07:12:46.103,5.88495,5.88745,3.20,1.60
2010.04.30 07:12:46.454,5.88485,5.88715,1.00,1.60
2010.04.30 07:12:46.806,5.88415,5.8865,1.00,1.00
2010.04.30 07:12:47.603,5.88365,5.88625,3.20,1.60
2010.04.30 07:12:47.914,5.8838,5.88615,3.20,1.60
2010.04.30 07:12:48.218,5.8838,5.88605,3.20,1.60
2010.04.30 07:12:49.205,5.8837,5.88595,1.00,1.60
2010.04.30 07:12:49.502,5.88375,5.88615,3.20,1.60
2010.04.30 07:12:50.539,5.8837,5.88615,1.00,1.60
2010.04.30 07:12:50.893,5.8839,5.88625,1.00,1.60
2010.04.30 07:12:51.237,5.8839,5.88635,1.00,1.60
2010.04.30 07:12:52.301,5.88425,5.88675,1.00,1.60
2010.04.30 07:12:52.650,5.88425,5.88685,1.00,1.60
2010.04.30 07:12:53.455,5.8841,5.8867,1.00,1.00
2010.04.30 07:12:53.744,5.88445,5.88695,3.20,1.60
2010.04.30 07:12:54.023,5.88455,5.8867,3.20,1.00
2010.04.30 07:12:54.301,5.88435,5.88705,1.60,1.60
2010.04.30 07:12:54.813,5.88445,5.88705,1.00,1.60
2010.04.30 07:12:55.162,5.88445,5.88705,3.40,1.60
2010.04.30 07:12:55.852,5.88465,5.88725,1.00,1.60
2010.04.30 07:12:56.982,5.88465,5.88745,1.00,1.60
2010.04.30 07:12:57.200,5.8848,5.8873,3.20,1.00
2010.04.30 07:12:57.414,5.88465,5.88725,1.00,1.60
2010.04.30 07:12:57.932,5.8847,5.88725,3.20,1.60
2010.04.30 07:12:58.490,5.8848,5.8873,3.20,1.00
2010.04.30 07:12:58.837,5.88475,5.88725,3.20,1.60
2010.04.30 07:12:59.975,5.88465,5.8871,3.20,1.00
2010.04.30 07:13:03.650,5.88465,5.8871,3.20,1.00
2010.04.30 07:13:03.856,5.88455,5.88705,3.20,1.60
2010.04.30 07:13:04.897,5.88415,5.88705,3.20,1.60
2010.04.30 07:13:05.235,5.8847,5.88685,3.20,1.60
2010.04.30 07:13:05.561,5.88465,5.88685,3.20,1.60
2010.04.30 07:13:06.070,5.88465,5.88675,3.20,1.60
2010.04.30 07:13:06.413,5.8853,5.88755,1.00,1.60
2010.04.30 07:13:06.768,5.8854,5.88755,3.20,1.60
2010.04.30 07:13:07.888,5.8852,5.88745,3.20,1.60
2010.04.30 07:13:08.436,5.88505,5.88755,1.00,1.60
2010.04.30 07:13:08.716,5.8852,5.88745,4.80,1.60
2010.04.30 07:13:09.242,5.8852,5.88745,6.40,1.60
2010.04.30 07:13:09.588,5.8852,5.88755,3.20,1.60
2010.04.30 07:13:09.936,5.88525,5.88765,1.00,1.60
2010.04.30 07:13:10.777,5.8854,5.88755,3.20,1.60
2010.04.30 07:13:11.117,5.8854,5.88775,3.20,1.60
2010.04.30 07:13:11.457,5.8854,5.88785,3.20,1.60
2010.04.30 07:13:12.635,5.8853,5.88785,3.20,1.60
2010.04.30 07:13:12.899,5.8853,5.8877,3.20,1.00
2010.04.30 07:13:13.160,5.88505,5.8877,3.40,1.00
2010.04.30 07:13:13.989,5.88525,5.88765,1.00,1.60
2010.04.30 07:13:14.335,5.8851,5.88765,3.20,1.60
2010.04.30 07:13:15.002,5.8851,5.8875,3.20,1.00
2010.04.30 07:13:15.815,5.885,5.88745,3.20,1.60
2010.04.30 07:13:16.162,5.88505,5.88755,1.00,1.60
2010.04.30 07:13:16.516,5.8853,5.88775,3.20,1.60
2010.04.30 07:13:18.116,5.8853,5.88765,3.20,1.60
2010.04.30 07:13:21.166,5.8853,5.88785,3.20,1.60
2010.04.30 07:13:21.516,5.8855,5.88745,1.00,1.60
2010.04.30 07:13:21.862,5.88545,5.88765,3.20,1.60
2010.04.30 07:13:22.603,5.8854,5.88765,1.00,1.60
2010.04.30 07:13:23.172,5.8854,5.88775,1.00,1.60
2010.04.30 07:13:25.528,5.8854,5.88785,1.00,1.60
2010.04.30 07:13:26.736,5.8854,5.88775,1.00,1.60
2010.04.30 07:13:27.446,5.8858,5.88805,1.00,1.60
2010.04.30 07:13:28.836,5.8858,5.88815,1.00,1.60
2010.04.30 07:13:34.041,5.8858,5.88825,1.00,1.60
2010.04.30 07:13:36.198,5.8852,5.88795,3.40,1.60
2010.04.30 07:13:37.615,5.8852,5.88795,1.00,4.80
2010.04.30 07:13:38.289,5.88505,5.88785,1.00,1.60
2010.04.30 07:13:38.491,5.8851,5.88815,3.20,3.20
2010.04.30 07:13:38.690,5.88545,5.88835,3.20,3.00
2010.04.30 07:13:38.885,5.88565,5.88835,3.20,1.60
2010.04.30 07:13:39.794,5.88625,5.8887,1.60,3.20
2010.04.30 07:13:40.146,5.8867,5.88915,3.20,1.60
2010.04.30 07:13:41.300,5.8867,5.88915,4.80,1.60
2010.04.30 07:13:41.649,5.88695,5.8892,3.20,1.00
2010.04.30 07:13:41.895,5.8865,5.8892,3.20,1.00
2010.04.30 07:13:42.137,5.8867,5.88925,1.60,1.60
2010.04.30 07:13:42.987,5.8867,5.88935,4.80,1.60
2010.04.30 07:13:43.310,5.8867,5.88935,1.60,1.60
2010.04.30 07:13:43.631,5.8867,5.8894,1.60,1.00
2010.04.30 07:13:43.952,5.8867,5.8894,4.80,1.00
2010.04.30 07:13:45.201,5.8867,5.8896,4.80,1.00
2010.04.30 07:13:46.685,5.88785,5.88955,1.00,1.60
2010.04.30 07:13:47.035,5.888,5.89045,1.00,1.60
2010.04.30 07:13:47.243,5.8876,5.89045,3.20,1.60
2010.04.30 07:13:47.453,5.88715,5.88965,3.20,1.60
2010.04.30 07:13:48.146,5.88665,5.88915,1.00,3.20
2010.04.30 07:13:48.523,5.88655,5.88895,1.00,3.20
2010.04.30 07:13:49.572,5.88655,5.88915,1.00,1.60
2010.04.30 07:13:49.932,5.8863,5.88895,1.00,3.20
2010.04.30 07:13:50.287,5.8863,5.8888,1.00,1.00
2010.04.30 07:13:51.094,5.88585,5.8884,1.00,1.00
2010.04.30 07:13:51.415,5.88585,5.8885,1.00,1.00
2010.04.30 07:13:52.105,5.886,5.8888,1.00,1.00
2010.04.30 07:13:53.334,5.886,5.8885,1.00,1.00
2010.04.30 07:13:53.555,5.88585,5.8885,1.00,1.00
2010.04.30 07:13:53.986,5.88585,5.8887,1.00,1.00
2010.04.30 07:13:54.821,5.88625,5.8889,1.00,3.20
2010.04.30 07:13:55.514,5.8861,5.8887,1.00,1.00
2010.04.30 07:13:56.922,5.8861,5.8889,1.00,3.20
2010.04.30 07:13:57.172,5.88625,5.8889,1.00,1.00
2010.04.30 07:13:57.969,5.88685,5.8896,1.00,1.00
2010.04.30 07:13:59.337,5.888,5.88965,3.20,1.60
2010.04.30 07:13:59.682,5.8869,5.88955,1.00,1.60
2010.04.30 07:14:00.031,5.8869,5.88945,1.00,1.60
2010.04.30 07:14:00.862,5.88685,5.8894,1.00,3.20
2010.04.30 07:14:01.219,5.88685,5.8895,1.00,1.00
2010.04.30 07:14:02.229,5.88685,5.8893,1.00,1.00
2010.04.30 07:14:02.589,5.8873,5.8893,1.00,1.00
2010.04.30 07:14:02.944,5.88755,5.88955,3.20,3.20
2010.04.30 07:14:03.290,5.88695,5.88955,1.00,3.20
2010.04.30 07:14:04.148,5.8871,5.8896,1.00,3.20
2010.04.30 07:14:04.517,5.8871,5.8896,1.00,3.20
2010.04.30 07:14:04.857,5.8871,5.8899,1.00,3.20
2010.04.30 07:14:05.197,5.88735,5.8899,3.40,1.00
2010.04.30 07:14:05.988,5.8873,5.8896,3.20,1.00
2010.04.30 07:14:06.344,5.8881,5.8904,1.60,3.20
2010.04.30 07:14:06.690,5.8883,5.8907,3.20,1.00
2010.04.30 07:14:08.769,5.8883,5.8906,3.20,1.00
2010.04.30 07:14:10.160,5.8884,5.8911,3.20,1.00
2010.04.30 07:14:10.502,5.88855,5.8909,3.20,1.00
2010.04.30 07:14:11.984,5.8884,5.8909,3.20,1.00
2010.04.30 07:14:12.324,5.88855,5.8909,3.20,1.00
2010.04.30 07:14:13.202,5.88875,5.8911,3.20,1.00
2010.04.30 07:14:16.534,5.88875,5.891,3.20,1.00
2010.04.30 07:14:18.185,5.88875,5.891,3.20,1.00
2010.04.30 07:14:18.513,5.88815,5.8909,3.20,1.00
2010.04.30 07:14:19.742,5.88815,5.8905,3.20,1.00
2010.04.30 07:14:20.534,5.8877,5.89,3.40,1.00
2010.04.30 07:14:20.759,5.8877,5.8903,3.40,1.00
2010.04.30 07:14:20.982,5.88795,5.8903,3.20,1.00
2010.04.30 07:14:21.645,5.88795,5.89,3.20,1.00
2010.04.30 07:14:21.989,5.8877,5.89,3.40,1.00
2010.04.30 07:14:22.675,5.88775,5.8903,3.20,1.00
2010.04.30 07:14:23.300,5.88775,5.8898,3.20,1.00
2010.04.30 07:14:23.651,5.88705,5.8892,3.20,1.00
2010.04.30 07:14:23.890,5.88685,5.8892,3.20,1.00
2010.04.30 07:14:25.696,5.8868,5.8889,1.00,1.00
2010.04.30 07:14:26.547,5.8866,5.8889,3.20,1.00
2010.04.30 07:14:26.895,5.8866,5.889,3.20,1.00
2010.04.30 07:14:27.370,5.8866,5.8889,3.20,1.00
2010.04.30 07:14:27.614,5.8866,5.889,3.20,1.00
2010.04.30 07:14:28.419,5.8866,5.8887,3.20,1.00
2010.04.30 07:14:28.646,5.8864,5.8887,3.20,1.00
2010.04.30 07:14:29.361,5.8866,5.8887,3.20,1.00
2010.04.30 07:14:29.714,5.8866,5.8889,3.20,1.00
2010.04.30 07:14:31.272,5.88685,5.8892,3.20,1.00
2010.04.30 07:14:31.919,5.88685,5.8889,3.20,1.00
2010.04.30 07:14:32.226,5.88655,5.8889,1.00,1.00
2010.04.30 07:14:32.853,5.8866,5.8887,3.20,1.00
2010.04.30 07:14:33.164,5.8864,5.8887,3.20,1.00
2010.04.30 07:14:33.476,5.88705,5.88945,1.60,3.20
2010.04.30 07:14:34.225,5.8877,5.8896,3.20,1.00
2010.04.30 07:14:34.538,5.8876,5.8896,3.20,1.00
2010.04.30 07:14:34.844,5.8874,5.8896,3.20,1.00
2010.04.30 07:14:35.700,5.8872,5.8894,3.20,1.00
2010.04.30 07:14:36.846,5.88735,5.8896,3.20,1.00
2010.04.30 07:14:37.753,5.8874,5.8898,3.20,1.00
2010.04.30 07:14:37.983,5.8875,5.8896,3.20,1.00
2010.04.30 07:14:38.687,5.88765,5.8898,3.20,1.00
2010.04.30 07:14:39.006,5.88775,5.89,3.20,1.00
2010.04.30 07:14:39.324,5.88745,5.8892,3.20,1.00
2010.04.30 07:14:40.128,5.8865,5.8887,3.20,1.00
2010.04.30 07:14:40.479,5.8864,5.8887,3.20,1.00
2010.04.30 07:14:41.048,5.8864,5.8889,3.20,1.00
2010.04.30 07:14:41.394,5.88655,5.8889,1.00,1.00
2010.04.30 07:14:42.864,5.88685,5.8892,3.20,1.00
2010.04.30 07:14:43.216,5.88645,5.8887,3.20,1.00
2010.04.30 07:14:44.258,5.8867,5.8892,3.40,1.00
2010.04.30 07:14:44.583,5.88685,5.8891,3.20,1.00
2010.04.30 07:14:46.066,5.88645,5.8887,3.20,1.00
2010.04.30 07:14:46.412,5.8864,5.8887,3.20,1.00
2010.04.30 07:14:47.782,5.88615,5.8882,6.40,1.00
2010.04.30 07:14:48.021,5.88595,5.8882,3.20,1.00
2010.04.30 07:14:49.218,5.8861,5.8884,1.00,1.00
2010.04.30 07:14:49.567,5.8862,5.8884,3.20,1.00
2010.04.30 07:14:50.448,5.8864,5.8887,3.20,1.00
2010.04.30 07:14:51.940,5.88625,5.8884,1.00,1.00
2010.04.30 07:14:52.136,5.88615,5.8882,3.20,1.00
2010.04.30 07:14:52.328,5.88595,5.8882,3.20,1.00
2010.04.30 07:14:53.343,5.8861,5.8884,1.00,1.00
2010.04.30 07:14:54.368,5.88615,5.8884,3.20,1.00
2010.04.30 07:14:55.226,5.88575,5.888,3.20,1.00
2010.04.30 07:14:55.508,5.8858,5.888,3.20,1.00
2010.04.30 07:14:56.826,5.8856,5.8878,3.20,1.00
2010.04.30 07:14:57.179,5.8855,5.8878,3.20,1.00
2010.04.30 07:14:58.011,5.88535,5.8878,3.20,1.00
2010.04.30 07:14:58.361,5.88505,5.8873,3.40,1.00
2010.04.30 07:14:59.458,5.885,5.8871,3.20,1.00
2010.04.30 07:14:59.771,5.8845,5.8862,3.20,1.00
2010.04.30 07:15:00.129,5.8845,5.8869,1.00,1.00
2010.04.30 07:15:00.820,5.8847,5.8873,3.20,1.00
2010.04.30 07:15:01.157,5.88515,5.8874,3.20,1.00
2010.04.30 07:15:01.503,5.88515,5.8873,3.20,1.00
2010.04.30 07:15:02.089,5.88535,5.8875,3.40,1.00
2010.04.30 07:15:02.437,5.8856,5.8878,3.20,1.00
2010.04.30 07:15:03.900,5.88515,5.8873,3.20,1.00
2010.04.30 07:15:05.404,5.8853,5.8873,1.60,1.00
2010.04.30 07:15:05.741,5.8853,5.8874,1.60,1.00
2010.04.30 07:15:06.060,5.8856,5.8878,3.20,1.00
2010.04.30 07:15:06.842,5.88555,5.8878,3.20,1.00
2010.04.30 07:15:07.192,5.88555,5.888,3.20,1.00
2010.04.30 07:15:08.003,5.88595,5.8883,3.20,1.00
2010.04.30 07:15:16.500,5.8858,5.8883,1.00,1.00
2010.04.30 07:15:16.857,5.8855,5.8878,3.40,1.00
2010.04.30 07:15:17.691,5.8855,5.8878,1.00,1.00
2010.04.30 07:15:18.047,5.88515,5.8873,3.20,1.00
2010.04.30 07:15:18.393,5.88505,5.8873,3.20,1.00
2010.04.30 07:15:20.017,5.8852,5.8875,1.00,1.00
2010.04.30 07:15:20.366,5.8854,5.8878,1.00,1.00
2010.04.30 07:15:23.547,5.8855,5.8878,3.20,1.00
2010.04.30 07:15:23.700,5.88575,5.8878,3.20,1.00
2010.04.30 07:15:23.981,5.88595,5.8882,3.20,1.00
2010.04.30 07:15:24.938,5.8866,5.8889,3.20,1.00
2010.04.30 07:15:25.293,5.88685,5.8891,3.20,1.00
2010.04.30 07:15:26.229,5.8866,5.8889,3.20,1.00
2010.04.30 07:15:28.450,5.88665,5.8891,1.60,1.00
2010.04.30 07:15:28.678,5.88685,5.8891,3.20,1.00
2010.04.30 07:15:29.458,5.8866,5.8886,6.40,1.00
2010.04.30 07:15:30.031,5.8866,5.8886,3.20,1.00
2010.04.30 07:15:30.328,5.88575,5.8882,3.20,1.00
2010.04.30 07:15:30.629,5.8858,5.888,1.00,1.00
2010.04.30 07:15:31.144,5.88575,5.888,3.20,1.00
2010.04.30 07:15:31.838,5.8858,5.888,3.20,1.00
2010.04.30 07:15:32.482,5.8858,5.8882,3.40,1.00
2010.04.30 07:15:32.834,5.8864,5.8886,3.20,1.00
2010.04.30 07:15:37.406,5.8864,5.8889,3.20,1.00
2010.04.30 07:15:37.661,5.88665,5.8891,1.60,1.00
2010.04.30 07:15:38.363,5.8867,5.8891,1.00,1.00
2010.04.30 07:15:39.195,5.887,5.8895,1.60,1.00
2010.04.30 07:15:39.966,5.8871,5.8895,3.20,1.00
2010.04.30 07:15:40.317,5.8873,5.8895,3.20,1.00
2010.04.30 07:15:42.466,5.8874,5.8898,1.00,1.00
2010.04.30 07:15:43.303,5.8874,5.89,1.00,1.00
2010.04.30 07:15:43.619,5.8877,5.89,3.20,1.00
2010.04.30 07:15:43.928,5.8877,5.8897,3.20,1.00
2010.04.30 07:15:44.637,5.8873,5.8895,3.20,1.00
2010.04.30 07:15:46.006,5.8873,5.8891,3.20,1.00
2010.04.30 07:15:46.358,5.88685,5.8891,3.20,1.00
2010.04.30 07:15:48.502,5.88685,5.889,3.20,1.00
2010.04.30 07:15:48.730,5.88685,5.889,3.20,1.00
2010.04.30 07:15:49.882,5.8882,5.89075,3.20,1.60
2010.04.30 07:15:50.172,5.8874,5.89075,3.20,1.60
2010.04.30 07:15:50.929,5.8878,5.89055,3.20,1.60
2010.04.30 07:15:51.282,5.8888,5.8912,3.20,1.00
2010.04.30 07:15:51.627,5.8886,5.8912,3.20,1.00
2010.04.30 07:15:52.283,5.889,5.8912,3.20,1.00
2010.04.30 07:15:52.634,5.8888,5.8912,3.20,1.00
2010.04.30 07:15:54.338,5.889,5.8915,3.20,1.00
2010.04.30 07:15:54.500,5.8892,5.8919,1.60,1.00
2010.04.30 07:15:54.642,5.8892,5.8919,4.80,1.00
2010.04.30 07:15:54.790,5.8894,5.8919,3.20,1.00
2010.04.30 07:15:55.750,5.88945,5.8919,3.20,1.00
2010.04.30 07:15:56.660,5.88945,5.8923,3.20,1.00
2010.04.30 07:15:57.008,5.88945,5.8921,3.20,1.00
2010.04.30 07:15:57.347,5.88945,5.8923,3.20,1.00
2010.04.30 07:15:57.689,5.88945,5.892,3.20,1.00
2010.04.30 07:15:58.377,5.88905,5.8919,3.20,1.00
2010.04.30 07:15:58.540,5.88905,5.8921,3.20,3.20
2010.04.30 07:15:58.878,5.88915,5.8921,3.20,1.00
2010.04.30 07:15:59.688,5.88915,5.8921,4.80,1.00
2010.04.30 07:15:59.693,5.8893,5.8921,3.20,1.00
2010.04.30 07:16:00.026,5.8894,5.89225,3.20,1.60
2010.04.30 07:16:00.346,5.88945,5.8923,3.20,1.00
2010.04.30 07:16:00.663,5.8895,5.89245,1.00,1.40
2010.04.30 07:16:01.142,5.8895,5.89245,2.40,1.40
2010.04.30 07:16:01.480,5.89035,5.8926,3.20,1.00
2010.04.30 07:16:01.831,5.88945,5.8925,3.40,3.20
2010.04.30 07:16:02.582,5.88945,5.89245,3.20,1.60
2010.04.30 07:16:02.926,5.8888,5.8914,1.00,3.20
2010.04.30 07:16:05.075,5.889,5.89155,1.00,1.60
2010.04.30 07:16:05.763,5.88915,5.89165,1.00,4.80
2010.04.30 07:16:06.112,5.8894,5.8919,1.00,3.20
2010.04.30 07:16:07.261,5.8894,5.89185,1.00,1.60
2010.04.30 07:16:07.614,5.8894,5.89175,1.00,3.20
2010.04.30 07:16:07.959,5.88925,5.89165,1.00,3.20
2010.04.30 07:16:08.771,5.88925,5.8919,3.40,3.20
2010.04.30 07:16:09.123,5.88985,5.89205,1.00,1.60
2010.04.30 07:16:09.341,5.8897,5.8919,1.00,3.20
2010.04.30 07:16:09.559,5.88945,5.8919,1.00,3.20
2010.04.30 07:16:10.273,5.88925,5.89165,1.00,4.80
2010.04.30 07:16:10.622,5.88925,5.89155,1.00,1.60
2010.04.30 07:16:12.150,5.8893,5.89165,1.00,1.60
2010.04.30 07:16:12.969,5.88945,5.8918,1.00,6.40
2010.04.30 07:16:13.327,5.8896,5.8919,1.00,3.20
2010.04.30 07:16:14.199,5.89005,5.89225,1.00,4.80
2010.04.30 07:16:14.556,5.8897,5.892,1.00,3.20
2010.04.30 07:16:16.080,5.88925,5.8916,1.00,3.20
2010.04.30 07:16:17.645,5.8896,5.89175,1.00,1.60
2010.04.30 07:16:17.995,5.8896,5.89185,1.00,1.60
2010.04.30 07:16:18.792,5.8896,5.892,1.00,3.20
2010.04.30 07:16:19.142,5.8893,5.8912,1.00,3.20
2010.04.30 07:16:19.492,5.88855,5.89105,1.00,1.60
2010.04.30 07:16:20.342,5.88835,5.8906,1.00,3.20
2010.04.30 07:16:20.686,5.88835,5.8907,1.00,3.20
2010.04.30 07:16:21.858,5.8887,5.89065,1.00,1.60
2010.04.30 07:16:22.924,5.889,5.89085,1.00,1.60
2010.04.30 07:16:23.608,5.88915,5.89105,1.00,1.60
2010.04.30 07:16:23.956,5.88915,5.89115,1.00,1.60
2010.04.30 07:16:24.802,5.889,5.89095,1.00,1.60
2010.04.30 07:16:26.639,5.88915,5.89095,1.00,1.60
2010.04.30 07:16:28.093,5.88915,5.89105,1.00,1.60
2010.04.30 07:16:28.459,5.8888,5.89095,1.00,1.60
2010.04.30 07:16:28.606,5.889,5.89095,1.00,1.60
2010.04.30 07:16:29.837,5.8894,5.89115,1.00,1.60
2010.04.30 07:16:30.189,5.8894,5.89125,1.00,1.60
2010.04.30 07:16:30.956,5.8894,5.89135,1.00,1.60
2010.04.30 07:16:31.304,5.8894,5.89125,1.00,1.60
2010.04.30 07:16:35.030,5.8894,5.89135,1.00,1.60
2010.04.30 07:16:35.708,5.8894,5.89145,1.00,1.60
2010.04.30 07:16:36.052,5.8896,5.89145,1.00,1.60
2010.04.30 07:16:36.582,5.8896,5.89165,1.00,1.60
2010.04.30 07:16:36.930,5.8896,5.89145,1.00,1.60
2010.04.30 07:16:37.282,5.8896,5.89135,1.00,1.60
2010.04.30 07:16:38.444,5.8896,5.89125,1.00,1.60
2010.04.30 07:16:38.797,5.8897,5.89185,1.00,1.60
2010.04.30 07:16:42.610,5.8895,5.89185,1.00,1.60
2010.04.30 07:16:42.772,5.8897,5.89185,3.40,1.60
2010.04.30 07:16:42.932,5.8897,5.89195,3.40,1.60
2010.04.30 07:16:46.889,5.8897,5.89205,3.40,1.60
2010.04.30 07:16:47.256,5.8898,5.89205,3.20,1.60
2010.04.30 07:16:47.892,5.8901,5.89205,3.20,1.60
2010.04.30 07:16:48.242,5.89025,5.89245,3.20,1.60
2010.04.30 07:16:48.709,5.89025,5.89265,3.20,1.60
2010.04.30 07:16:49.773,5.89045,5.89295,3.20,1.60
2010.04.30 07:16:50.120,5.89045,5.89285,3.20,1.60
2010.04.30 07:16:50.470,5.89025,5.89275,3.20,1.60
2010.04.30 07:16:51.360,5.88995,5.89255,1.00,1.60
2010.04.30 07:16:51.717,5.88995,5.89245,1.00,1.60
2010.04.30 07:16:52.533,5.89015,5.89245,1.00,1.60
2010.04.30 07:16:52.890,5.89025,5.89245,3.20,1.60
2010.04.30 07:16:53.237,5.89015,5.89245,1.00,1.60
2010.04.30 07:16:53.594,5.8902,5.89265,3.20,1.60
2010.04.30 07:16:54.251,5.8902,5.89255,3.20,1.60
2010.04.30 07:16:54.454,5.8902,5.89265,3.20,1.60
2010.04.30 07:16:58.893,5.8902,5.89275,3.20,1.60
2010.04.30 07:17:02.205,5.8902,5.89265,3.20,1.60
2010.04.30 07:17:04.411,5.8902,5.89275,3.20,1.60
2010.04.30 07:17:05.432,5.8902,5.89285,3.20,1.60
2010.04.30 07:17:05.834,5.8902,5.89275,3.20,1.60
2010.04.30 07:17:06.446,5.8902,5.89285,3.20,1.60
2010.04.30 07:17:08.911,5.8907,5.89315,3.20,1.60
2010.04.30 07:17:09.252,5.8907,5.89325,3.20,1.60
2010.04.30 07:17:10.779,5.8907,5.89305,3.20,1.60
2010.04.30 07:17:11.133,5.8905,5.89305,3.20,1.60
2010.04.30 07:17:11.768,5.8905,5.89315,3.20,1.60
2010.04.30 07:17:12.119,5.8907,5.89305,3.20,1.60
2010.04.30 07:17:12.443,5.89045,5.89305,3.20,1.60
2010.04.30 07:17:13.918,5.8907,5.89305,3.20,1.60
2010.04.30 07:17:16.000,5.89025,5.89295,3.40,1.60
2010.04.30 07:17:18.883,5.89045,5.89305,1.60,1.60
2010.04.30 07:17:19.135,5.89055,5.89305,1.00,1.60
2010.04.30 07:17:20.060,5.8907,5.89305,3.20,1.60
2010.04.30 07:17:20.408,5.8907,5.89315,3.20,1.60
2010.04.30 07:17:21.556,5.8907,5.89305,3.20,1.60
2010.04.30 07:17:21.916,5.8905,5.89305,3.20,1.60
2010.04.30 07:17:22.246,5.8907,5.89315,3.20,1.60
2010.04.30 07:17:23.364,5.8907,5.89325,3.20,1.60
2010.04.30 07:17:24.456,5.8907,5.89315,3.20,1.60
2010.04.30 07:17:24.727,5.8907,5.89305,3.20,1.60
2010.04.30 07:17:25.724,5.89045,5.89295,4.80,1.60
2010.04.30 07:17:25.983,5.89045,5.89305,1.60,1.60
2010.04.30 07:17:26.231,5.8907,5.89305,3.20,1.60
2010.04.30 07:17:27.621,5.8907,5.89315,3.20,1.60
2010.04.30 07:17:28.306,5.8907,5.89325,3.20,1.60
2010.04.30 07:17:31.065,5.8907,5.89335,3.20,1.60
2010.04.30 07:17:32.167,5.8909,5.89335,3.20,1.60
2010.04.30 07:17:32.517,5.8907,5.89335,3.20,1.60
2010.04.30 07:17:33.400,5.89115,5.89365,3.20,1.60
2010.04.30 07:17:35.124,5.8911,5.89365,3.20,1.60
2010.04.30 07:17:35.396,5.8911,5.89345,3.20,1.60
2010.04.30 07:17:35.660,5.89085,5.89335,3.40,1.60
2010.04.30 07:17:36.283,5.89085,5.89345,3.40,1.60
2010.04.30 07:17:36.642,5.8907,5.89325,3.20,1.60
2010.04.30 07:17:38.159,5.8908,5.89325,1.00,1.60
2010.04.30 07:17:38.509,5.8908,5.89335,1.00,1.60
2010.04.30 07:17:41.884,5.8908,5.89315,1.00,1.60
2010.04.30 07:17:42.145,5.8908,5.89305,1.00,1.60
2010.04.30 07:17:42.403,5.8908,5.89315,1.00,1.60
2010.04.30 07:17:43.391,5.8908,5.89325,1.00,1.60
2010.04.30 07:17:43.744,5.8908,5.89315,1.00,1.60
2010.04.30 07:17:44.090,5.8908,5.89305,1.00,1.60
2010.04.30 07:17:46.615,5.8908,5.89285,1.00,1.60
2010.04.30 07:17:49.568,5.89045,5.89295,1.60,1.60
2010.04.30 07:17:49.826,5.89055,5.89305,1.00,1.60
2010.04.30 07:17:50.068,5.8907,5.89315,3.20,1.60
2010.04.30 07:17:51.081,5.8904,5.89285,1.00,1.60
2010.04.30 07:17:55.692,5.89045,5.89305,1.60,1.60
2010.04.30 07:17:55.962,5.89065,5.89305,3.20,1.60
2010.04.30 07:17:56.500,5.8908,5.89305,3.20,1.60
2010.04.30 07:17:56.845,5.8908,5.89315,3.20,1.60
2010.04.30 07:17:58.710,5.8908,5.89335,3.20,1.60
2010.04.30 07:17:59.003,5.8908,5.89335,3.40,1.60
2010.04.30 07:17:59.273,5.8908,5.89345,3.40,1.60
2010.04.30 07:17:59.545,5.8911,5.89345,3.20,1.60
2010.04.30 07:18:00.128,5.891,5.89345,1.00,1.60
2010.04.30 07:18:00.477,5.89115,5.89365,3.20,1.60
2010.04.30 07:18:01.158,5.8912,5.89365,3.20,1.60
2010.04.30 07:18:03.388,5.89125,5.89365,3.20,1.60
2010.04.30 07:18:03.997,5.8912,5.89365,3.20,1.60
2010.04.30 07:18:05.228,5.8912,5.89375,3.20,1.60
2010.04.30 07:18:08.126,5.89125,5.89375,3.20,1.60
2010.04.30 07:18:09.329,5.891,5.8935,3.20,1.00
2010.04.30 07:18:09.479,5.8908,5.8935,3.60,1.00
2010.04.30 07:18:09.796,5.8908,5.8935,3.20,1.00
2010.04.30 07:18:14.583,5.8907,5.89305,1.00,1.60
2010.04.30 07:18:14.843,5.8907,5.89325,1.00,1.60
2010.04.30 07:18:15.788,5.8908,5.89325,3.20,1.60
2010.04.30 07:18:16.138,5.8908,5.89345,3.20,1.60
2010.04.30 07:18:16.491,5.891,5.89355,3.20,1.60
2010.04.30 07:18:17.597,5.891,5.89365,3.20,1.60
2010.04.30 07:18:20.829,5.891,5.89355,3.20,1.60
2010.04.30 07:18:22.506,5.89095,5.89365,3.20,1.60
2010.04.30 07:18:22.855,5.89095,5.8935,3.20,1.00
2010.04.30 07:18:23.034,5.8908,5.8935,3.20,1.00
2010.04.30 07:18:27.216,5.8908,5.89355,3.20,1.60
2010.04.30 07:18:31.149,5.8908,5.89345,3.20,1.60
2010.04.30 07:18:31.753,5.8908,5.89305,3.20,1.60
2010.04.30 07:18:38.180,5.89095,5.89335,3.20,1.60
2010.04.30 07:18:41.557,5.891,5.89335,3.20,1.60
2010.04.30 07:18:43.659,5.891,5.89335,3.40,1.60
2010.04.30 07:18:43.862,5.8912,5.89355,3.20,1.60
2010.04.30 07:18:44.602,5.89135,5.89355,3.20,1.60
2010.04.30 07:18:46.801,5.8912,5.89355,3.40,1.60
2010.04.30 07:18:47.061,5.89135,5.89355,3.20,1.60
2010.04.30 07:18:47.585,5.8912,5.89355,3.40,1.60
2010.04.30 07:18:48.088,5.8913,5.89355,3.20,1.60
2010.04.30 07:18:48.439,5.8911,5.89335,3.20,1.60
2010.04.30 07:18:48.788,5.8911,5.89355,3.20,1.60
2010.04.30 07:18:49.134,5.8913,5.89345,3.20,1.60
2010.04.30 07:18:49.430,5.89105,5.89345,3.20,1.60
2010.04.30 07:18:50.237,5.89135,5.89365,3.20,1.60
2010.04.30 07:18:50.569,5.89135,5.89375,3.20,1.60
2010.04.30 07:18:50.899,5.89135,5.89355,3.20,1.60
2010.04.30 07:18:51.237,5.8912,5.89355,1.00,1.60
2010.04.30 07:18:52.069,5.8913,5.89355,3.20,1.60
2010.04.30 07:18:52.425,5.89105,5.89335,1.00,1.60
2010.04.30 07:18:52.648,5.8911,5.89335,3.20,1.60
2010.04.30 07:18:55.978,5.8915,5.89335,1.60,1.60
2010.04.30 07:18:56.197,5.89145,5.89385,3.20,1.60
2010.04.30 07:18:56.657,5.89145,5.89395,3.20,1.60
2010.04.30 07:18:57.925,5.8916,5.89395,1.60,1.60
2010.04.30 07:18:58.105,5.89165,5.89415,3.20,1.60
2010.04.30 07:18:58.465,5.8916,5.89415,3.20,1.60
2010.04.30 07:18:59.913,5.8916,5.89425,3.20,1.60
2010.04.30 07:19:02.506,5.89145,5.89415,3.20,1.60
2010.04.30 07:19:03.515,5.89125,5.89375,3.20,1.60
2010.04.30 07:19:03.915,5.89125,5.8938,3.20,1.00
2010.04.30 07:19:05.478,5.89105,5.89335,3.20,1.60
2010.04.30 07:19:05.829,5.89095,5.89335,3.40,1.60
2010.04.30 07:19:06.176,5.89095,5.89345,3.20,1.60
2010.04.30 07:19:08.987,5.89095,5.89325,3.20,1.60
2010.04.30 07:19:09.186,5.89085,5.89325,3.20,1.60
2010.04.30 07:19:10.462,5.89085,5.89335,3.20,1.60
2010.04.30 07:19:12.146,5.89095,5.89335,3.20,1.60
2010.04.30 07:19:12.514,5.89095,5.89325,3.20,1.60
2010.04.30 07:19:13.140,5.89085,5.89335,3.20,1.60
2010.04.30 07:19:13.397,5.89075,5.89325,3.20,1.60
2010.04.30 07:19:15.063,5.89075,5.8933,3.20,1.00
2010.04.30 07:19:15.421,5.89095,5.89335,3.20,1.60
2010.04.30 07:19:17.205,5.89105,5.89345,3.20,1.60
2010.04.30 07:19:17.877,5.89085,5.89345,6.40,1.60
2010.04.30 07:19:18.631,5.89095,5.89345,3.20,1.60
2010.04.30 07:19:20.431,5.89075,5.89335,3.20,1.60
2010.04.30 07:19:21.216,5.89075,5.89315,3.20,1.60
2010.04.30 07:19:21.763,5.89075,5.89165,3.20,1.60
2010.04.30 07:19:22.043,5.88885,5.89165,3.20,1.60
2010.04.30 07:19:24.702,5.88905,5.89135,3.20,1.60
2010.04.30 07:19:24.998,5.88905,5.89155,3.20,1.60
2010.04.30 07:19:25.300,5.8891,5.89155,1.00,1.60
2010.04.30 07:19:26.068,5.88925,5.89145,3.20,1.60
2010.04.30 07:19:26.407,5.88905,5.89155,3.60,1.60
2010.04.30 07:19:26.755,5.8893,5.89165,1.60,1.60
2010.04.30 07:19:27.101,5.88935,5.89165,3.20,1.60
2010.04.30 07:19:28.988,5.8894,5.89175,3.20,1.60
2010.04.30 07:19:32.176,5.88975,5.89195,1.80,1.60
2010.04.30 07:19:32.414,5.88985,5.89215,3.20,1.60
2010.04.30 07:19:32.650,5.88985,5.89225,3.20,1.60
2010.04.30 07:19:33.175,5.88985,5.89205,3.20,1.60
2010.04.30 07:19:33.530,5.8894,5.89195,3.40,1.60
2010.04.30 07:19:35.701,5.8896,5.89195,3.20,1.60
2010.04.30 07:19:35.994,5.8894,5.89195,3.40,1.60
2010.04.30 07:19:36.855,5.88985,5.89215,3.20,1.60
2010.04.30 07:19:37.537,5.88985,5.89225,3.20,1.60
2010.04.30 07:19:38.383,5.8896,5.89205,3.20,1.60
2010.04.30 07:19:38.730,5.8896,5.89195,3.20,1.60
2010.04.30 07:19:39.050,5.8894,5.89195,3.40,1.60
2010.04.30 07:19:40.767,5.8894,5.89205,3.40,1.60
2010.04.30 07:19:41.033,5.8903,5.89285,3.20,1.60
2010.04.30 07:19:41.286,5.89025,5.89285,1.00,1.60
2010.04.30 07:19:42.600,5.89045,5.89275,1.00,3.00
2010.04.30 07:19:42.947,5.89045,5.89275,1.00,1.40
2010.04.30 07:19:47.775,5.8905,5.8929,3.20,1.40
2010.04.30 07:19:48.003,5.89065,5.8929,3.20,1.40
2010.04.30 07:19:48.635,5.8905,5.8929,1.00,1.40
2010.04.30 07:19:49.215,5.89065,5.8931,3.20,1.40
2010.04.30 07:19:49.568,5.89075,5.8931,3.20,1.40
2010.04.30 07:19:50.386,5.89075,5.89305,3.20,1.60
2010.04.30 07:19:54.804,5.89075,5.8931,3.20,1.40
2010.04.30 07:19:56.043,5.89115,5.8931,3.20,1.40
2010.04.30 07:19:56.696,5.89085,5.89325,3.20,1.60
2010.04.30 07:19:57.386,5.8912,5.89335,3.20,1.60
2010.04.30 07:19:57.742,5.89085,5.89335,3.20,1.40
2010.04.30 07:19:58.281,5.89085,5.89315,3.20,1.60
2010.04.30 07:19:58.610,5.89055,5.8929,3.20,1.40
2010.04.30 07:19:59.942,5.8906,5.8929,3.20,1.40
2010.04.30 07:20:01.024,5.89075,5.8931,3.20,1.40
2010.04.30 07:20:02.188,5.8906,5.8929,3.20,1.40
2010.04.30 07:20:02.503,5.89055,5.8929,3.20,1.40
2010.04.30 07:20:03.250,5.8904,5.8929,3.20,1.40
2010.04.30 07:20:04.280,5.89075,5.89305,3.20,1.60
2010.04.30 07:20:04.621,5.89065,5.89305,3.20,1.60
2010.04.30 07:20:06.493,5.89075,5.89305,3.20,1.60
2010.04.30 07:20:06.819,5.8905,5.8929,3.20,1.40
2010.04.30 07:20:07.137,5.89045,5.89275,3.20,1.40
2010.04.30 07:20:08.229,5.8905,5.8929,3.20,1.40
2010.04.30 07:20:09.260,5.89045,5.89275,3.20,1.40
2010.04.30 07:20:09.954,5.89045,5.8929,3.20,1.40
2010.04.30 07:20:10.123,5.89055,5.89275,3.20,1.40
2010.04.30 07:20:10.290,5.89045,5.89275,3.20,1.40
2010.04.30 07:20:10.870,5.8907,5.89315,3.20,1.60
2010.04.30 07:20:11.493,5.89095,5.8934,3.20,1.40
2010.04.30 07:20:11.846,5.89135,5.89355,3.20,1.60
2010.04.30 07:20:12.192,5.891,5.89345,3.20,1.60
2010.04.30 07:20:12.538,5.89095,5.89345,3.20,1.60
2010.04.30 07:20:13.341,5.89095,5.89355,3.20,1.60
2010.04.30 07:20:13.556,5.89135,5.89365,3.20,1.60
2010.04.30 07:20:16.098,5.89115,5.89355,3.20,1.60
2010.04.30 07:20:16.385,5.89135,5.89355,3.20,1.60
2010.04.30 07:20:17.712,5.8912,5.89355,3.20,1.60
2010.04.30 07:20:17.916,5.89115,5.89355,3.20,1.60
2010.04.30 07:20:18.541,5.89095,5.89345,3.20,1.60
2010.04.30 07:20:19.653,5.891,5.89355,3.20,1.60
2010.04.30 07:20:20.265,5.89095,5.89355,3.20,1.60
2010.04.30 07:20:21.076,5.89095,5.89345,3.20,1.60
2010.04.30 07:20:21.993,5.89095,5.89335,3.20,1.60
2010.04.30 07:20:22.795,5.8909,5.89325,3.20,1.60
2010.04.30 07:20:23.605,5.8909,5.89335,3.20,1.60
2010.04.30 07:20:25.503,5.8909,5.89325,3.20,1.60
2010.04.30 07:20:26.251,5.8909,5.89305,3.20,1.60
2010.04.30 07:20:26.531,5.8906,5.89305,3.20,1.60
2010.04.30 07:20:26.835,5.89055,5.89305,3.20,1.60
2010.04.30 07:20:27.449,5.89065,5.89305,3.20,1.60
2010.04.30 07:20:28.279,5.8907,5.89315,3.20,1.60
2010.04.30 07:20:28.518,5.89065,5.89315,3.20,1.60
2010.04.30 07:20:28.755,5.89065,5.89305,3.20,1.60
2010.04.30 07:20:29.828,5.8907,5.89305,3.20,1.60
2010.04.30 07:20:31.345,5.8907,5.89315,3.20,1.60
2010.04.30 07:20:32.049,5.8907,5.89325,3.20,1.60
2010.04.30 07:20:32.811,5.89085,5.89325,3.20,1.60
2010.04.30 07:20:33.045,5.8909,5.89325,3.20,1.60
2010.04.30 07:20:35.039,5.89095,5.89345,3.20,1.60
2010.04.30 07:20:35.271,5.89135,5.89355,3.20,1.60
2010.04.30 07:20:35.955,5.89115,5.89355,3.20,1.60
2010.04.30 07:20:36.634,5.89115,5.89345,3.20,1.60
2010.04.30 07:20:36.985,5.8909,5.89345,3.20,1.60
2010.04.30 07:20:37.330,5.89135,5.89375,3.20,1.60
2010.04.30 07:20:38.052,5.89135,5.89385,3.20,1.60
2010.04.30 07:20:38.286,5.89135,5.89375,3.20,1.60
2010.04.30 07:20:39.127,5.89135,5.89355,3.20,1.60
2010.04.30 07:20:39.474,5.89135,5.89385,3.20,1.60
2010.04.30 07:20:40.984,5.89165,5.89375,3.20,1.60
2010.04.30 07:20:41.343,5.89135,5.89375,3.20,1.60
2010.04.30 07:20:41.696,5.8913,5.89345,3.20,1.60
2010.04.30 07:20:42.502,5.891,5.89335,3.20,1.60
2010.04.30 07:20:44.878,5.891,5.89325,3.20,1.60
2010.04.30 07:20:45.687,5.8909,5.89315,3.20,1.60
2010.04.30 07:20:46.041,5.89045,5.89305,3.20,1.60
2010.04.30 07:20:46.389,5.89045,5.89295,3.20,1.60
2010.04.30 07:20:47.206,5.89085,5.89305,3.20,1.60
2010.04.30 07:20:47.558,5.8907,5.89305,3.20,1.60
2010.04.30 07:20:47.806,5.89035,5.89285,3.20,1.60
2010.04.30 07:20:51.047,5.8906,5.89305,1.00,1.60
2010.04.30 07:20:51.184,5.89075,5.89305,3.20,1.60
2010.04.30 07:20:51.319,5.8906,5.89305,3.40,1.60
2010.04.30 07:20:51.450,5.8906,5.89295,3.40,1.60
2010.04.30 07:20:52.037,5.89075,5.89295,3.20,1.60
2010.04.30 07:20:53.062,5.89075,5.89285,3.20,1.60
2010.04.30 07:20:53.340,5.89035,5.89285,3.20,1.60
2010.04.30 07:20:53.941,5.89035,5.89275,3.20,1.60
2010.04.30 07:20:54.222,5.89035,5.89285,3.20,1.60
2010.04.30 07:20:54.572,5.8904,5.89295,1.00,1.60
2010.04.30 07:20:54.925,5.8906,5.89315,3.40,1.60
2010.04.30 07:20:55.417,5.89075,5.89315,3.20,1.60
2010.04.30 07:21:01.263,5.89075,5.89325,3.20,1.60
2010.04.30 07:21:03.282,5.89075,5.89335,3.20,1.60
2010.04.30 07:21:06.266,5.8911,5.89335,3.20,1.60
2010.04.30 07:21:06.614,5.891,5.89335,6.40,1.60
2010.04.30 07:21:06.955,5.891,5.89345,3.20,1.60
2010.04.30 07:21:08.197,5.89085,5.89345,1.00,1.60
2010.04.30 07:21:08.313,5.89075,5.89345,3.20,1.60
2010.04.30 07:21:08.432,5.89075,5.89335,3.20,1.60
2010.04.30 07:21:12.383,5.89075,5.89305,3.20,1.60
2010.04.30 07:21:12.713,5.89075,5.89315,3.20,1.60
2010.04.30 07:21:13.043,5.89075,5.89305,3.20,1.60
2010.04.30 07:21:13.374,5.89075,5.89315,3.20,1.60
2010.04.30 07:21:13.722,5.89075,5.89295,3.20,1.60
2010.04.30 07:21:14.544,5.89075,5.89285,3.20,1.60
2010.04.30 07:21:15.085,5.8904,5.89275,3.20,1.60
2010.04.30 07:21:15.352,5.89035,5.89275,3.20,1.60
2010.04.30 07:21:16.422,5.8904,5.89275,3.20,1.60
2010.04.30 07:21:16.766,5.89045,5.89275,3.20,1.60
2010.04.30 07:21:17.025,5.8908,5.89285,3.20,1.60
2010.04.30 07:21:17.287,5.8906,5.89285,3.40,1.60
2010.04.30 07:21:17.544,5.8906,5.89275,3.20,1.60
2010.04.30 07:21:18.282,5.8906,5.89285,3.20,1.60
2010.04.30 07:21:18.623,5.8906,5.89265,3.20,1.60
2010.04.30 07:21:18.976,5.89035,5.89275,3.20,1.60
2010.04.30 07:21:20.213,5.89035,5.89265,3.20,1.60
2010.04.30 07:21:23.037,5.89035,5.89255,3.20,1.60
2010.04.30 07:21:23.105,5.89035,5.89245,3.20,1.60
2010.04.30 07:21:23.449,5.89035,5.89255,3.20,1.60
2010.04.30 07:21:25.438,5.88995,5.89215,3.20,1.60
2010.04.30 07:21:27.932,5.89015,5.89245,3.40,1.60
2010.04.30 07:21:28.250,5.89035,5.89245,3.20,1.60
2010.04.30 07:21:30.410,5.89015,5.89235,3.20,1.60
2010.04.30 07:21:30.945,5.88995,5.89235,3.20,1.60
2010.04.30 07:21:31.137,5.8902,5.89245,3.20,1.60
2010.04.30 07:21:31.662,5.8902,5.89235,3.20,1.60
2010.04.30 07:21:31.850,5.88995,5.89235,3.20,1.60
2010.04.30 07:21:32.851,5.88995,5.89245,3.20,1.60
2010.04.30 07:21:33.207,5.89015,5.89245,3.20,1.60
2010.04.30 07:21:33.499,5.8902,5.89245,3.20,1.60
2010.04.30 07:21:33.789,5.8902,5.89255,3.20,1.60
2010.04.30 07:21:34.081,5.89035,5.89255,3.20,1.60
2010.04.30 07:21:34.575,5.89035,5.89245,3.20,1.60
2010.04.30 07:21:34.926,5.88995,5.89245,3.40,1.60
2010.04.30 07:21:35.273,5.89,5.89245,3.20,1.60
2010.04.30 07:21:35.573,5.88995,5.89215,3.20,1.60
2010.04.30 07:21:38.917,5.88995,5.89205,3.20,1.60
2010.04.30 07:21:50.973,5.88995,5.89215,3.20,1.60
2010.04.30 07:21:51.234,5.89005,5.89215,3.20,1.60
2010.04.30 07:21:52.094,5.8905,5.89225,3.20,1.60
2010.04.30 07:21:52.452,5.8905,5.89245,3.20,1.60
2010.04.30 07:21:53.763,5.8905,5.89235,3.20,1.60
2010.04.30 07:21:56.510,5.8905,5.89245,3.20,1.60
2010.04.30 07:21:57.420,5.89005,5.89215,6.60,1.60
2010.04.30 07:21:57.627,5.89005,5.89215,3.20,1.60
2010.04.30 07:21:59.572,5.89015,5.89205,3.20,1.60
2010.04.30 07:22:00.230,5.8901,5.89205,6.40,1.60
2010.04.30 07:22:00.465,5.8903,5.89215,3.20,1.60
2010.04.30 07:22:03.004,5.89015,5.89215,3.20,1.60
2010.04.30 07:22:04.675,5.89055,5.89255,3.20,1.60
2010.04.30 07:22:04.894,5.8905,5.89255,3.20,1.60
2010.04.30 07:22:06.362,5.8905,5.89265,3.20,1.60
2010.04.30 07:22:12.608,5.89015,5.89245,3.20,1.60
2010.04.30 07:22:12.950,5.89025,5.89245,1.00,1.60
2010.04.30 07:22:13.191,5.89035,5.89245,3.20,1.60
2010.04.30 07:22:13.703,5.8905,5.89255,3.20,1.60
2010.04.30 07:22:18.527,5.8905,5.89265,3.20,1.60
2010.04.30 07:22:19.821,5.8907,5.89265,3.20,1.60
2010.04.30 07:22:20.166,5.8905,5.89265,3.20,1.60
2010.04.30 07:22:20.507,5.8907,5.89265,3.20,1.60
2010.04.30 07:22:21.673,5.8905,5.89265,3.20,1.60
2010.04.30 07:22:22.699,5.89055,5.89265,3.20,1.60
2010.04.30 07:22:22.930,5.89055,5.89255,3.20,1.60
2010.04.30 07:22:23.599,5.8905,5.89265,3.20,1.60
2010.04.30 07:22:23.828,5.8905,5.89255,3.20,1.60
2010.04.30 07:22:24.664,5.8905,5.89245,3.20,1.60
2010.04.30 07:22:24.846,5.89055,5.89235,3.20,1.60
2010.04.30 07:22:25.394,5.89055,5.89255,3.20,1.60
2010.04.30 07:22:25.748,5.89055,5.89265,3.20,1.60
2010.04.30 07:22:28.201,5.89055,5.89275,3.20,1.60
2010.04.30 07:22:28.448,5.89055,5.89265,6.40,1.60
2010.04.30 07:22:28.696,5.89055,5.89265,3.20,1.60
2010.04.30 07:22:29.665,5.89055,5.89255,3.20,1.60
2010.04.30 07:22:30.252,5.8905,5.89255,3.40,1.60
2010.04.30 07:22:30.578,5.8905,5.89255,3.20,1.60
2010.04.30 07:22:31.265,5.8905,5.89245,3.20,1.60
2010.04.30 07:22:32.083,5.89025,5.89245,3.20,1.60
2010.04.30 07:22:33.040,5.89025,5.89235,3.20,1.60
2010.04.30 07:22:34.786,5.89005,5.89225,3.20,1.60
2010.04.30 07:22:40.829,5.89005,5.89235,3.20,1.60
2010.04.30 07:22:44.449,5.89005,5.89215,3.20,1.60
2010.04.30 07:22:47.877,5.89005,5.89205,3.20,1.60
2010.04.30 07:22:49.461,5.88985,5.89205,3.20,1.60
2010.04.30 07:22:49.810,5.8897,5.89205,3.20,1.60
2010.04.30 07:22:50.700,5.88975,5.89205,3.20,1.60
2010.04.30 07:22:51.938,5.8897,5.89205,3.20,1.60
2010.04.30 07:22:52.281,5.8896,5.89195,3.20,1.60
2010.04.30 07:22:53.337,5.8897,5.89195,3.20,1.60
2010.04.30 07:22:53.589,5.8898,5.89195,3.20,1.60
2010.04.30 07:22:54.318,5.8896,5.89165,3.20,1.60
2010.04.30 07:22:54.664,5.88945,5.89165,3.40,1.60
2010.04.30 07:22:59.411,5.88945,5.89175,3.40,1.60
2010.04.30 07:22:59.563,5.8897,5.89185,3.20,1.60
2010.04.30 07:23:00.484,5.8896,5.89185,3.20,1.60
2010.04.30 07:23:01.170,5.8897,5.89185,3.20,1.60
2010.04.30 07:23:01.977,5.88975,5.89185,3.20,1.60
2010.04.30 07:23:02.298,5.8897,5.89185,3.20,1.60
2010.04.30 07:23:03.275,5.8899,5.89195,3.20,1.60
2010.04.30 07:23:08.736,5.8899,5.89185,3.20,1.60
2010.04.30 07:23:08.846,5.8896,5.89185,3.20,1.60
2010.04.30 07:23:09.777,5.8896,5.89175,3.20,1.60
2010.04.30 07:23:10.132,5.8896,5.89155,3.20,1.60
2010.04.30 07:23:10.481,5.8896,5.89165,3.20,1.60
2010.04.30 07:23:10.832,5.8896,5.89175,3.20,1.60
2010.04.30 07:23:11.486,5.88955,5.89165,3.20,1.60
2010.04.30 07:23:11.812,5.8899,5.89185,3.20,1.60
2010.04.30 07:23:13.498,5.8896,5.89175,3.20,1.60
2010.04.30 07:23:13.585,5.8896,5.89255,3.20,1.60
2010.04.30 07:23:13.675,5.88965,5.89255,3.20,1.60
2010.04.30 07:23:14.252,5.88975,5.89255,3.20,1.60
2010.04.30 07:23:15.183,5.88975,5.8926,3.20,1.00
2010.04.30 07:23:18.195,5.8896,5.8924,3.20,1.00
2010.04.30 07:23:19.262,5.8899,5.89275,3.20,1.60
2010.04.30 07:23:19.599,5.89005,5.8928,3.20,1.00
2010.04.30 07:23:19.943,5.8905,5.89295,3.20,1.60
2010.04.30 07:23:20.756,5.8905,5.89305,3.20,1.60
2010.04.30 07:23:21.098,5.89025,5.89305,6.60,1.60
2010.04.30 07:23:21.446,5.8905,5.89305,3.20,1.60
2010.04.30 07:23:21.792,5.8905,5.89315,3.20,1.60
2010.04.30 07:23:26.811,5.89025,5.89315,3.20,1.60
2010.04.30 07:23:26.903,5.8905,5.8931,3.20,1.00
2010.04.30 07:23:26.992,5.89025,5.89315,3.40,1.60
2010.04.30 07:23:27.081,5.8905,5.89315,3.20,1.60
2010.04.30 07:23:27.170,5.8905,5.89325,3.20,1.60
2010.04.30 07:23:28.893,5.8905,5.8931,3.20,1.00
2010.04.30 07:23:29.035,5.8903,5.8931,3.20,1.00
2010.04.30 07:23:29.712,5.8903,5.893,3.20,1.00
2010.04.30 07:23:30.445,5.8903,5.89315,3.20,1.60
2010.04.30 07:23:30.792,5.8905,5.893,3.20,1.00
2010.04.30 07:23:31.145,5.89005,5.89275,3.40,1.60
2010.04.30 07:23:31.721,5.89005,5.89305,3.40,1.60
2010.04.30 07:23:31.992,5.89025,5.89305,3.20,1.60
2010.04.30 07:23:33.818,5.8902,5.89305,3.20,1.60
2010.04.30 07:23:35.858,5.89005,5.89275,1.00,1.60
2010.04.30 07:23:36.170,5.89005,5.89295,3.40,1.60
2010.04.30 07:23:36.996,5.8901,5.89285,3.20,1.60
2010.04.30 07:23:37.248,5.89005,5.89285,1.00,1.60
2010.04.30 07:23:37.497,5.89005,5.89275,1.00,1.60
2010.04.30 07:23:39.188,5.89005,5.89265,1.00,1.60
2010.04.30 07:23:44.305,5.89015,5.89265,1.00,1.60
2010.04.30 07:23:44.905,5.89,5.89275,1.00,1.60
2010.04.30 07:23:45.024,5.89,5.89265,1.00,1.60
2010.04.30 07:23:45.148,5.89,5.8922,1.00,3.20
2010.04.30 07:23:45.500,5.88995,5.89235,1.00,1.60
2010.04.30 07:23:52.441,5.88995,5.89225,1.00,1.60
2010.04.30 07:23:54.754,5.88995,5.89235,1.00,1.60
2010.04.30 07:23:56.017,5.88995,5.89235,3.40,1.60
2010.04.30 07:23:56.365,5.89015,5.89255,3.20,1.60
2010.04.30 07:23:57.199,5.8902,5.89255,3.20,1.60
2010.04.30 07:23:58.339,5.8902,5.89275,3.20,1.60
2010.04.30 07:23:59.042,5.8902,5.89265,3.20,1.60
2010.04.30 07:23:59.671,5.89015,5.89265,3.20,1.60
2010.04.30 07:24:01.195,5.8901,5.89265,3.20,1.60
2010.04.30 07:24:02.128,5.89025,5.89275,3.20,1.60
2010.04.30 07:24:02.962,5.8901,5.89265,3.20,1.60
2010.04.30 07:24:03.306,5.88985,5.89265,3.20,1.60
2010.04.30 07:24:03.657,5.89015,5.89265,3.20,1.60
2010.04.30 07:24:04.309,5.8901,5.89265,3.20,1.60
2010.04.30 07:24:10.060,5.8901,5.89255,3.20,1.60
2010.04.30 07:24:10.783,5.8898,5.89255,3.20,1.60
2010.04.30 07:24:11.550,5.8898,5.89225,3.20,1.60
2010.04.30 07:24:12.102,5.8897,5.89225,3.20,1.60
2010.04.30 07:24:12.461,5.8897,5.89235,3.20,1.60
2010.04.30 07:24:13.399,5.8897,5.89225,3.20,1.60
2010.04.30 07:24:21.290,5.8897,5.89215,3.20,1.60
2010.04.30 07:24:22.651,5.88945,5.89205,3.20,1.60
2010.04.30 07:24:28.897,5.88945,5.89195,3.20,1.60
2010.04.30 07:24:29.164,5.88945,5.89185,3.20,1.60
2010.04.30 07:24:29.534,5.88945,5.89195,3.20,1.60
2010.04.30 07:24:30.473,5.8892,5.89185,3.20,1.60
2010.04.30 07:24:32.461,5.8892,5.89195,3.20,1.60
2010.04.30 07:24:32.658,5.8892,5.89175,3.20,1.60
2010.04.30 07:24:32.860,5.889,5.89175,3.40,1.60
2010.04.30 07:24:33.060,5.889,5.89175,3.20,1.60
2010.04.30 07:24:35.261,5.88895,5.89175,3.20,1.60
2010.04.30 07:24:36.852,5.88895,5.89155,3.20,1.60
2010.04.30 07:24:37.508,5.88895,5.89165,3.20,1.60
2010.04.30 07:24:37.862,5.88895,5.89145,3.20,1.60
2010.04.30 07:24:39.320,5.8887,5.89145,3.20,1.60
2010.04.30 07:24:40.554,5.8887,5.89125,3.20,1.60
2010.04.30 07:24:40.893,5.8887,5.89135,3.20,1.60
2010.04.30 07:24:41.816,5.8887,5.89125,3.20,1.60
2010.04.30 07:24:42.338,5.8885,5.89125,3.20,1.60
2010.04.30 07:24:42.683,5.8885,5.89115,3.20,1.60
2010.04.30 07:24:43.566,5.8883,5.89095,3.20,1.60
2010.04.30 07:24:43.910,5.8878,5.89045,3.20,1.60
2010.04.30 07:24:44.728,5.8876,5.89035,3.20,1.60
2010.04.30 07:24:45.092,5.88735,5.89015,3.20,1.60
2010.04.30 07:24:45.437,5.88715,5.89005,3.20,1.60
2010.04.30 07:24:46.554,5.88715,5.88995,3.20,1.60
2010.04.30 07:24:47.362,5.88715,5.88985,3.20,1.60
2010.04.30 07:24:47.662,5.88715,5.88975,3.20,1.60
2010.04.30 07:24:48.570,5.88715,5.88985,3.20,1.60
2010.04.30 07:24:49.742,5.88715,5.88975,3.20,1.60
2010.04.30 07:24:50.094,5.88715,5.89005,3.20,1.60
2010.04.30 07:24:50.450,5.8876,5.89025,3.20,1.60
2010.04.30 07:24:51.252,5.8878,5.89025,3.20,1.60
2010.04.30 07:24:51.610,5.8878,5.89035,3.20,1.60
2010.04.30 07:24:51.955,5.8878,5.89025,3.20,1.60
2010.04.30 07:24:52.735,5.8874,5.89025,3.20,1.60
2010.04.30 07:24:53.090,5.8876,5.89015,3.20,1.60
2010.04.30 07:24:54.759,5.8876,5.89025,3.20,1.60
2010.04.30 07:24:58.714,5.8878,5.89035,3.20,1.60
2010.04.30 07:25:00.806,5.8876,5.89025,3.20,1.60
2010.04.30 07:25:01.647,5.8876,5.89005,3.20,1.60
2010.04.30 07:25:01.996,5.88735,5.88995,3.20,1.60
2010.04.30 07:25:02.344,5.88715,5.88995,3.20,1.60
2010.04.30 07:25:03.192,5.88715,5.88985,3.20,1.60
2010.04.30 07:25:04.128,5.88745,5.89005,3.20,1.60
2010.04.30 07:25:04.884,5.8876,5.89015,3.20,1.60
2010.04.30 07:25:05.134,5.8878,5.89015,3.20,1.60
2010.04.30 07:25:07.076,5.8878,5.89035,3.20,1.60
2010.04.30 07:25:07.420,5.888,5.89035,3.20,1.60
2010.04.30 07:25:07.774,5.8878,5.89025,6.40,1.60
2010.04.30 07:25:08.305,5.8878,5.89025,3.20,1.60
2010.04.30 07:25:08.524,5.8876,5.89015,3.20,1.60
2010.04.30 07:25:08.741,5.8876,5.88995,3.20,1.60
2010.04.30 07:25:09.143,5.8872,5.88965,3.20,1.60
2010.04.30 07:25:09.724,5.8867,5.88945,3.20,1.60
2010.04.30 07:25:10.411,5.8867,5.88935,3.20,1.60
2010.04.30 07:25:11.270,5.8866,5.88925,1.00,1.60
2010.04.30 07:25:12.942,5.8861,5.88885,3.20,1.60
2010.04.30 07:25:13.201,5.88605,5.88885,1.00,1.60
2010.04.30 07:25:13.455,5.88605,5.88875,1.00,1.60
2010.04.30 07:25:14.006,5.8858,5.88855,1.60,1.60
2010.04.30 07:25:14.348,5.88605,5.88865,1.00,1.60
2010.04.30 07:25:14.698,5.88635,5.88895,1.00,1.60
2010.04.30 07:25:15.415,5.8863,5.88875,3.20,1.60
2010.04.30 07:25:15.762,5.88615,5.88865,1.00,1.60
2010.04.30 07:25:16.447,5.88615,5.88875,1.00,1.60
2010.04.30 07:25:17.250,5.8862,5.88855,1.00,1.60
2010.04.30 07:25:17.594,5.88675,5.88905,3.20,1.60
2010.04.30 07:25:18.385,5.88675,5.88895,3.20,1.60
2010.04.30 07:25:18.722,5.8867,5.88915,3.20,1.60
2010.04.30 07:25:19.074,5.8867,5.88895,3.20,1.60
2010.04.30 07:25:19.906,5.8867,5.88905,3.20,1.60
2010.04.30 07:25:20.236,5.88675,5.88905,3.20,1.60
2010.04.30 07:25:21.566,5.88665,5.88895,3.20,1.60
2010.04.30 07:25:22.747,5.88665,5.88885,3.20,1.60
2010.04.30 07:25:23.100,5.88655,5.88875,3.20,1.60
2010.04.30 07:25:23.502,5.88665,5.88875,3.20,1.60
2010.04.30 07:25:24.179,5.88665,5.88885,3.20,1.60
2010.04.30 07:25:24.446,5.88665,5.88875,3.20,1.60
2010.04.30 07:25:25.704,5.8864,5.88885,3.20,1.60
2010.04.30 07:25:26.397,5.8866,5.88905,3.20,1.60
2010.04.30 07:25:27.212,5.8867,5.88905,3.20,1.60
2010.04.30 07:25:29.395,5.8867,5.88935,3.20,1.60
2010.04.30 07:25:29.558,5.887,5.88935,3.20,1.60
2010.04.30 07:25:30.543,5.8871,5.88935,3.20,1.60
2010.04.30 07:25:30.891,5.88705,5.88935,3.20,1.60
2010.04.30 07:25:32.046,5.8871,5.88935,3.20,1.60
2010.04.30 07:25:34.849,5.8871,5.88945,3.20,1.60
2010.04.30 07:25:36.502,5.88775,5.8901,1.00,3.20
2010.04.30 07:25:36.764,5.8882,5.89025,3.20,1.60
2010.04.30 07:25:37.024,5.88675,5.88995,1.00,3.20
2010.04.30 07:25:37.576,5.8869,5.8901,3.40,3.20
2010.04.30 07:25:37.929,5.887,5.89025,3.20,3.20
2010.04.30 07:25:38.621,5.8872,5.8902,3.20,1.00
2010.04.30 07:25:38.881,5.8872,5.89025,3.20,3.20
2010.04.30 07:25:39.650,5.88765,5.89065,3.20,4.80
2010.04.30 07:25:40.007,5.88765,5.89065,3.20,3.20
2010.04.30 07:25:41.180,5.88735,5.89015,3.20,1.60
2010.04.30 07:25:41.533,5.88695,5.89,3.60,3.20
2010.04.30 07:25:41.884,5.8872,5.89015,3.20,1.40
2010.04.30 07:25:42.700,5.8872,5.8902,3.20,3.20
2010.04.30 07:25:43.048,5.8872,5.8901,3.20,1.00
2010.04.30 07:25:46.133,5.8872,5.8902,3.20,3.20
2010.04.30 07:25:46.679,5.8874,5.8903,3.20,1.00
2010.04.30 07:25:48.517,5.8874,5.8903,3.20,1.00
2010.04.30 07:25:51.474,5.8874,5.89,3.20,1.00
2010.04.30 07:25:51.679,5.8873,5.8902,1.00,3.20
2010.04.30 07:25:51.880,5.88755,5.8905,1.00,1.00
2010.04.30 07:25:52.537,5.8874,5.89045,3.40,3.20
2010.04.30 07:25:52.891,5.8874,5.8903,3.40,1.00
2010.04.30 07:25:56.306,5.88755,5.89045,1.00,3.20
2010.04.30 07:25:56.976,5.8876,5.8905,3.20,1.00
2010.04.30 07:25:57.845,5.88755,5.8905,1.00,1.00
2010.04.30 07:25:59.243,5.88755,5.89055,1.00,3.20
2010.04.30 07:25:59.779,5.88755,5.89055,1.80,3.20
2010.04.30 07:25:59.871,5.8876,5.8905,3.20,1.00
2010.04.30 07:26:01.589,5.88785,5.8907,3.20,1.00
2010.04.30 07:26:03.664,5.88785,5.8906,3.20,1.00
2010.04.30 07:26:04.795,5.88785,5.8906,3.20,1.00
2010.04.30 07:26:12.901,5.88785,5.8909,3.20,3.20
2010.04.30 07:26:13.171,5.888,5.8909,1.00,3.20
2010.04.30 07:26:15.123,5.888,5.8906,1.00,1.00
2010.04.30 07:26:15.398,5.88785,5.8906,5.00,1.00
2010.04.30 07:26:15.742,5.88785,5.8906,3.40,1.00
2010.04.30 07:26:16.329,5.88785,5.8904,1.00,1.00
2010.04.30 07:26:16.681,5.8874,5.8902,3.40,1.00
2010.04.30 07:26:17.036,5.8874,5.89,3.40,1.00
2010.04.30 07:26:17.853,5.8872,5.89,3.20,1.00
2010.04.30 07:26:19.181,5.88725,5.89,1.60,1.00
2010.04.30 07:26:19.987,5.88725,5.8899,1.60,1.00
2010.04.30 07:26:20.178,5.88705,5.8897,1.60,1.00
2010.04.30 07:26:20.541,5.88705,5.8899,1.60,1.00
2010.04.30 07:26:20.730,5.88705,5.8898,1.60,1.00
2010.04.30 07:26:23.138,5.88715,5.8898,1.60,1.00
2010.04.30 07:26:24.589,5.88715,5.89,1.60,3.20
2010.04.30 07:26:24.797,5.88715,5.8898,1.60,1.00
2010.04.30 07:26:25.508,5.88715,5.89,1.60,1.00
2010.04.30 07:26:25.850,5.88715,5.8898,1.60,1.00
2010.04.30 07:26:26.159,5.88725,5.8898,1.60,1.00
2010.04.30 07:26:26.476,5.88745,5.8902,1.60,1.00
2010.04.30 07:26:27.366,5.88755,5.8902,1.60,1.00
2010.04.30 07:26:29.455,5.88745,5.8902,1.60,1.00
2010.04.30 07:26:30.516,5.88755,5.8902,1.60,1.00
2010.04.30 07:26:30.823,5.88775,5.8904,1.60,1.00
2010.04.30 07:26:35.521,5.88795,5.8905,1.60,1.00
2010.04.30 07:26:36.427,5.88795,5.8908,1.60,1.00
2010.04.30 07:26:36.787,5.88795,5.8905,1.60,1.00
2010.04.30 07:26:40.341,5.8878,5.8905,3.20,1.00
2010.04.30 07:26:41.049,5.88785,5.8905,1.60,1.00
2010.04.30 07:26:43.274,5.8878,5.8905,3.20,1.00
2010.04.30 07:26:43.442,5.88755,5.8901,1.60,1.00
2010.04.30 07:26:43.605,5.88745,5.8901,1.60,1.00
2010.04.30 07:26:46.041,5.8874,5.8901,3.40,1.00
2010.04.30 07:26:53.650,5.8878,5.8905,3.20,1.00
2010.04.30 07:26:54.590,5.88785,5.8908,1.60,1.00
2010.04.30 07:26:54.937,5.88815,5.891,1.80,1.00
2010.04.30 07:26:55.754,5.88835,5.891,3.20,1.00
2010.04.30 07:27:00.379,5.88785,5.8905,5.00,1.00
2010.04.30 07:27:00.646,5.88785,5.8903,3.40,1.00
2010.04.30 07:27:00.915,5.8875,5.8901,3.20,1.00
2010.04.30 07:27:01.684,5.88755,5.8903,1.00,1.00
2010.04.30 07:27:02.375,5.8874,5.8901,3.40,1.00
2010.04.30 07:27:03.247,5.88785,5.8905,3.20,1.00
2010.04.30 07:27:03.595,5.88775,5.8903,1.00,1.00
2010.04.30 07:27:04.113,5.88775,5.8901,1.00,1.00
2010.04.30 07:27:04.468,5.8876,5.8901,3.20,1.00
2010.04.30 07:27:04.811,5.8874,5.8901,3.40,1.00
2010.04.30 07:27:06.947,5.8876,5.8903,3.20,1.00
2010.04.30 07:27:07.208,5.88775,5.8905,1.00,1.00
2010.04.30 07:27:08.035,5.88805,5.8908,3.20,1.00
2010.04.30 07:27:09.055,5.88805,5.891,3.20,1.00
2010.04.30 07:27:09.358,5.8879,5.8905,3.20,1.00
2010.04.30 07:27:10.690,5.8879,5.8906,3.20,1.00
2010.04.30 07:27:23.884,5.88755,5.8904,3.40,1.00
2010.04.30 07:27:24.536,5.8876,5.8904,3.20,1.00
2010.04.30 07:27:24.888,5.88755,5.8904,3.40,1.00
2010.04.30 07:27:25.136,5.8876,5.8904,3.20,1.00
2010.04.30 07:27:26.500,5.8879,5.8906,3.20,1.00
2010.04.30 07:27:26.846,5.8877,5.8906,3.20,1.00
2010.04.30 07:27:27.198,5.88785,5.8908,3.20,1.00
2010.04.30 07:27:28.006,5.8878,5.8908,3.20,1.00
2010.04.30 07:27:29.374,5.8878,5.8906,3.20,1.00
2010.04.30 07:27:30.100,5.8874,5.8903,3.20,1.00
2010.04.30 07:27:33.708,5.8874,5.89045,3.20,3.20
2010.04.30 07:27:33.884,5.88755,5.8905,3.20,1.00
2010.04.30 07:27:34.061,5.8876,5.8905,3.20,1.00
2010.04.30 07:27:34.231,5.8876,5.89065,3.20,3.20
2010.04.30 07:27:34.403,5.8878,5.8907,3.20,1.00
2010.04.30 07:27:37.899,5.8877,5.89065,1.00,3.20
2010.04.30 07:27:39.607,5.8875,5.89045,1.00,3.20
2010.04.30 07:27:40.420,5.8875,5.8903,1.00,1.00
2010.04.30 07:27:40.596,5.8874,5.8903,3.20,1.00
2010.04.30 07:27:40.779,5.88755,5.89045,1.60,3.20
2010.04.30 07:27:40.953,5.88775,5.8906,1.00,1.00
2010.04.30 07:27:41.900,5.88795,5.89085,1.00,3.20
2010.04.30 07:27:43.570,5.88805,5.89105,1.00,3.20
2010.04.30 07:27:43.890,5.8882,5.8912,3.20,1.00
2010.04.30 07:27:44.717,5.88825,5.8912,3.20,1.00
2010.04.30 07:27:44.989,5.8882,5.8912,3.20,1.00
2010.04.30 07:27:46.228,5.88845,5.89135,3.20,1.40
2010.04.30 07:27:47.014,5.8885,5.8914,3.20,1.00
2010.04.30 07:27:47.776,5.88865,5.8916,3.20,1.00
2010.04.30 07:27:49.414,5.88865,5.8915,3.20,1.00
2010.04.30 07:27:49.588,5.88865,5.8915,3.20,1.00
2010.04.30 07:27:59.301,5.88875,5.8917,1.00,3.20
2010.04.30 07:27:59.616,5.88885,5.8917,3.20,1.00
2010.04.30 07:28:01.287,5.88865,5.8915,3.20,1.00
2010.04.30 07:28:04.678,5.88835,5.891,3.40,1.00
2010.04.30 07:28:04.926,5.88835,5.8912,1.00,1.00
2010.04.30 07:28:05.931,5.88835,5.8912,1.00,1.00
2010.04.30 07:28:07.562,5.8885,5.8912,3.20,1.00
2010.04.30 07:28:08.734,5.88865,5.8915,3.20,1.00
2010.04.30 07:28:14.072,5.88865,5.8917,3.20,3.20
2010.04.30 07:28:14.211,5.88875,5.8917,3.20,1.00
2010.04.30 07:28:14.351,5.88875,5.8917,3.40,1.00
2010.04.30 07:28:15.101,5.88875,5.8918,3.40,3.20
2010.04.30 07:28:15.399,5.88905,5.8919,3.20,1.00
2010.04.30 07:28:16.614,5.889,5.8919,3.20,1.00
2010.04.30 07:28:18.338,5.88865,5.8914,4.80,1.00
2010.04.30 07:28:19.192,5.88865,5.8914,3.20,1.00
2010.04.30 07:28:19.544,5.88865,5.8912,3.20,1.00
2010.04.30 07:28:19.867,5.88845,5.8912,4.80,1.00
2010.04.30 07:28:20.184,5.88855,5.8912,3.20,1.00
2010.04.30 07:28:21.003,5.88865,5.8916,3.20,1.00
2010.04.30 07:28:21.334,5.88865,5.8913,3.20,1.00
2010.04.30 07:28:21.667,5.8888,5.8913,3.20,1.00
2010.04.30 07:28:22.785,5.8888,5.8916,3.20,1.00
2010.04.30 07:28:23.131,5.8888,5.8913,3.20,1.00
2010.04.30 07:28:23.481,5.8888,5.8916,3.20,1.00
2010.04.30 07:28:24.160,5.8888,5.8913,3.20,1.00
2010.04.30 07:28:24.959,5.8888,5.8916,3.20,1.00
2010.04.30 07:28:25.369,5.8888,5.8915,3.20,1.00
2010.04.30 07:28:25.479,5.889,5.8916,3.20,1.00
2010.04.30 07:28:25.699,5.88905,5.8916,3.20,1.00
2010.04.30 07:28:28.497,5.8889,5.8916,3.20,1.00
2010.04.30 07:28:28.836,5.8889,5.8915,3.20,1.00
2010.04.30 07:28:33.969,5.8889,5.8917,3.20,1.00
2010.04.30 07:28:34.569,5.889,5.8917,1.00,1.00
2010.04.30 07:28:34.908,5.88895,5.8915,3.20,1.00
2010.04.30 07:28:36.676,5.8889,5.8915,3.20,1.00
2010.04.30 07:28:40.938,5.8889,5.8915,3.20,1.00
2010.04.30 07:28:42.436,5.8889,5.89135,3.20,1.60
2010.04.30 07:28:48.373,5.8889,5.89125,3.20,1.60
2010.04.30 07:28:54.143,5.889,5.89135,1.00,1.60
2010.04.30 07:28:56.801,5.88885,5.89135,3.20,1.60
2010.04.30 07:28:57.442,5.8889,5.89135,3.20,1.60
2010.04.30 07:28:58.275,5.88935,5.89155,3.20,1.60
2010.04.30 07:28:58.544,5.88915,5.89155,1.00,1.60
2010.04.30 07:28:58.817,5.88915,5.89155,3.20,1.60
2010.04.30 07:28:59.370,5.889,5.89135,1.00,1.60
2010.04.30 07:29:01.185,5.889,5.89135,3.40,1.60
2010.04.30 07:29:01.538,5.8889,5.89135,3.20,1.60
2010.04.30 07:29:04.269,5.8889,5.89125,8.20,1.60
2010.04.30 07:29:04.480,5.889,5.89145,3.40,1.60
2010.04.30 07:29:05.128,5.88925,5.89145,3.20,1.60
2010.04.30 07:29:05.476,5.8893,5.89155,3.20,1.60
2010.04.30 07:29:06.112,5.88925,5.89155,3.20,1.60
2010.04.30 07:29:06.897,5.8891,5.89155,1.60,1.60
2010.04.30 07:29:07.196,5.8889,5.89135,3.20,1.60
2010.04.30 07:29:07.490,5.8889,5.8914,3.20,1.00
2010.04.30 07:29:08.294,5.88915,5.89145,3.20,1.60
2010.04.30 07:29:08.775,5.8891,5.89145,4.80,1.60
2010.04.30 07:29:09.126,5.8891,5.89135,3.20,1.60
2010.04.30 07:29:09.474,5.8885,5.89085,1.00,1.60
2010.04.30 07:29:10.217,5.8886,5.89085,3.20,1.60
2010.04.30 07:29:10.501,5.88845,5.89075,3.20,1.60
2010.04.30 07:29:12.414,5.8886,5.89085,3.20,1.60
2010.04.30 07:29:13.108,5.88865,5.89085,3.20,1.60
2010.04.30 07:29:15.969,5.8886,5.89085,3.20,1.60
2010.04.30 07:29:16.322,5.88875,5.89105,3.20,1.60
2010.04.30 07:29:16.663,5.8888,5.89105,1.00,1.60
2010.04.30 07:29:17.016,5.88885,5.89105,3.20,1.60
2010.04.30 07:29:18.512,5.8888,5.89105,3.20,1.60
2010.04.30 07:29:18.857,5.889,5.89105,3.20,1.60
2010.04.30 07:29:20.395,5.8891,5.89105,3.20,1.60
2010.04.30 07:29:22.246,5.8891,5.89125,3.20,1.60
2010.04.30 07:29:22.728,5.8892,5.89125,1.00,1.60
2010.04.30 07:29:23.084,5.88925,5.89125,3.20,1.60
2010.04.30 07:29:23.715,5.8893,5.89125,3.20,1.60
2010.04.30 07:29:24.117,5.8893,5.89135,3.20,1.60
2010.04.30 07:29:25.473,5.8893,5.89125,3.20,1.60
2010.04.30 07:29:26.853,5.8893,5.89135,3.20,1.60
2010.04.30 07:29:27.196,5.88865,5.89105,3.40,1.60
2010.04.30 07:29:27.551,5.88885,5.89105,3.20,1.60
2010.04.30 07:29:27.895,5.8888,5.89105,1.00,1.60
2010.04.30 07:29:28.497,5.8888,5.89105,3.40,1.60
2010.04.30 07:29:28.841,5.8888,5.89095,3.40,1.60
2010.04.30 07:29:29.186,5.8888,5.89125,3.40,1.60
2010.04.30 07:29:30.683,5.8888,5.89135,3.40,1.60
2010.04.30 07:29:30.906,5.88895,5.8914,3.20,1.00
2010.04.30 07:29:31.123,5.8888,5.89135,1.00,1.60
2010.04.30 07:29:32.484,5.8888,5.89135,3.40,1.60
2010.04.30 07:29:33.440,5.889,5.89145,1.00,1.60
2010.04.30 07:29:33.688,5.889,5.89135,3.40,1.60
2010.04.30 07:29:33.934,5.889,5.89115,3.40,1.60
2010.04.30 07:29:34.651,5.8888,5.89155,1.00,1.60
2010.04.30 07:29:34.910,5.88895,5.89155,3.20,1.60
2010.04.30 07:29:38.570,5.88885,5.89155,3.20,1.60
2010.04.30 07:29:38.944,5.8889,5.89155,3.20,1.60
2010.04.30 07:29:41.029,5.88895,5.89155,3.20,1.60
2010.04.30 07:29:41.148,5.88895,5.8916,3.20,1.00
2010.04.30 07:29:41.388,5.88895,5.89155,3.20,1.60
2010.04.30 07:29:41.891,5.88885,5.89155,3.20,1.60
2010.04.30 07:29:42.240,5.8888,5.89145,3.40,1.60
2010.04.30 07:29:44.568,5.8888,5.89145,1.00,1.60
2010.04.30 07:29:45.147,5.8889,5.89145,3.20,1.60
2010.04.30 07:29:48.262,5.88965,5.89205,3.20,1.60
2010.04.30 07:29:48.679,5.8894,5.89205,3.20,1.60
2010.04.30 07:29:49.470,5.8894,5.89155,3.20,1.60
2010.04.30 07:29:50.992,5.8894,5.89135,3.20,1.60
2010.04.30 07:29:51.155,5.8891,5.89145,3.20,1.60
2010.04.30 07:29:52.408,5.88925,5.89145,3.20,1.60
2010.04.30 07:29:53.910,5.8894,5.89135,3.20,1.60
2010.04.30 07:29:54.170,5.88925,5.89145,3.20,1.60
2010.04.30 07:29:55.907,5.8891,5.89145,3.20,1.60
2010.04.30 07:29:56.350,5.889,5.89135,3.20,1.60
2010.04.30 07:29:57.606,5.88895,5.89135,3.20,1.60
2010.04.30 07:29:57.866,5.88895,5.89125,3.20,1.60
2010.04.30 07:29:58.128,5.8889,5.89115,3.20,1.60
2010.04.30 07:29:58.392,5.88855,5.89095,3.20,1.60
2010.04.30 07:29:58.908,5.88855,5.89085,3.20,1.60
2010.04.30 07:29:59.157,5.88885,5.89105,3.20,1.60
2010.04.30 07:30:00.701,5.88855,5.89075,3.20,1.60
2010.04.30 07:30:01.049,5.8885,5.89075,3.20,1.60
2010.04.30 07:30:01.820,5.88855,5.89075,3.20,1.60
2010.04.30 07:30:02.138,5.8886,5.89085,3.20,1.60
2010.04.30 07:30:03.304,5.8886,5.89095,3.20,1.60
2010.04.30 07:30:03.652,5.88885,5.89095,3.20,1.60
2010.04.30 07:30:04.003,5.88875,5.89105,3.20,1.60
2010.04.30 07:30:04.353,5.8886,5.89085,3.20,1.60
2010.04.30 07:30:08.993,5.88855,5.89075,3.20,1.60
2010.04.30 07:30:09.186,5.8885,5.89075,3.20,1.60
2010.04.30 07:30:10.892,5.8885,5.89085,3.20,1.60
2010.04.30 07:30:11.544,5.8885,5.89075,3.20,1.60
2010.04.30 07:30:16.022,5.8885,5.89065,3.20,1.60
2010.04.30 07:30:17.269,5.888,5.89045,3.20,1.60
2010.04.30 07:30:18.434,5.888,5.89055,3.20,1.60
2010.04.30 07:30:18.683,5.88815,5.89055,3.20,1.60
2010.04.30 07:30:20.849,5.88795,5.89055,3.20,1.60
2010.04.30 07:30:21.040,5.8879,5.89055,3.40,1.60
2010.04.30 07:30:21.846,5.8879,5.89065,3.40,1.60
2010.04.30 07:30:22.197,5.8881,5.89065,3.20,1.60
2010.04.30 07:30:24.060,5.88815,5.89075,3.20,1.60
2010.04.30 07:30:24.828,5.8888,5.89105,3.20,1.60
2010.04.30 07:30:24.914,5.8888,5.89125,3.20,1.60
2010.04.30 07:30:25.589,5.88925,5.89165,3.20,1.60
2010.04.30 07:30:25.934,5.88925,5.89155,3.20,1.60
2010.04.30 07:30:26.778,5.88905,5.89135,3.20,1.60
2010.04.30 07:30:27.124,5.8888,5.89125,3.20,1.60
2010.04.30 07:30:27.472,5.88835,5.89105,3.40,1.60
2010.04.30 07:30:28.300,5.88835,5.89095,3.40,1.60
2010.04.30 07:30:31.696,5.88835,5.89085,3.40,1.60
2010.04.30 07:30:34.387,5.88845,5.89095,1.00,1.60
2010.04.30 07:30:35.216,5.8886,5.89105,3.20,1.60
2010.04.30 07:30:40.450,5.88855,5.89105,3.20,1.60
2010.04.30 07:30:51.087,5.88855,5.89115,3.20,1.60
2010.04.30 07:30:51.764,5.88855,5.89095,3.20,1.60
2010.04.30 07:30:53.397,5.88875,5.89105,3.20,1.60
2010.04.30 07:30:54.083,5.88875,5.89095,3.20,1.60
2010.04.30 07:30:54.205,5.8886,5.89095,1.00,1.60
2010.04.30 07:30:54.819,5.8886,5.89105,3.20,1.60
2010.04.30 07:30:55.136,5.88855,5.89095,3.20,1.60
2010.04.30 07:30:56.136,5.88865,5.89115,1.00,1.60
2010.04.30 07:30:56.477,5.8892,5.89145,3.20,1.60
2010.04.30 07:30:56.824,5.8888,5.89115,3.20,1.60
2010.04.30 07:30:57.682,5.8886,5.89115,3.20,1.60
2010.04.30 07:30:58.023,5.88865,5.89105,3.20,1.60
2010.04.30 07:31:02.703,5.88845,5.89105,6.60,1.60
2010.04.30 07:31:03.436,5.88845,5.89115,3.40,1.60
2010.04.30 07:31:03.800,5.889,5.89135,3.20,1.60
2010.04.30 07:31:04.108,5.88905,5.89135,3.20,1.60
2010.04.30 07:31:04.893,5.88885,5.89135,3.20,1.60
2010.04.30 07:31:05.207,5.88905,5.89145,3.20,1.60
2010.04.30 07:31:05.510,5.889,5.89145,3.20,1.60
2010.04.30 07:31:06.110,5.88905,5.89145,3.20,1.60
2010.04.30 07:31:07.267,5.889,5.89145,3.20,1.60
2010.04.30 07:31:07.474,5.88895,5.89145,3.20,1.60
2010.04.30 07:31:09.215,5.8888,5.89135,3.20,1.60
2010.04.30 07:31:09.642,5.8888,5.89135,3.20,1.60
2010.04.30 07:31:09.751,5.8888,5.89145,3.20,1.60
2010.04.30 07:31:09.865,5.88925,5.89135,3.20,1.60
2010.04.30 07:31:10.430,5.88905,5.89135,3.20,1.60
2010.04.30 07:31:10.688,5.88895,5.89135,3.20,1.60
2010.04.30 07:31:11.658,5.889,5.89135,3.20,1.60
2010.04.30 07:31:12.881,5.88905,5.89135,3.20,1.60
2010.04.30 07:31:13.131,5.88895,5.89135,3.20,1.60
2010.04.30 07:31:13.380,5.88915,5.89145,3.20,1.60
2010.04.30 07:31:13.631,5.8892,5.89145,3.20,1.60
2010.04.30 07:31:14.181,5.88925,5.89145,3.20,1.60
2010.04.30 07:31:14.871,5.88925,5.89155,3.20,1.60
2010.04.30 07:31:18.824,5.88955,5.89185,1.00,1.60
2010.04.30 07:31:19.054,5.88955,5.89195,1.00,1.60
2010.04.30 07:31:19.282,5.88955,5.89205,3.40,1.60
2010.04.30 07:31:19.972,5.8897,5.89205,3.20,1.60
2010.04.30 07:31:20.320,5.8897,5.89195,3.20,1.60
2010.04.30 07:31:23.093,5.88945,5.89185,3.20,1.60
2010.04.30 07:31:25.591,5.88945,5.89205,4.80,1.60
2010.04.30 07:31:25.938,5.8897,5.89205,3.20,1.60
2010.04.30 07:31:26.626,5.8897,5.89195,3.20,1.60
2010.04.30 07:31:26.934,5.88945,5.89195,3.20,1.60
2010.04.30 07:31:27.549,5.88955,5.89205,1.00,1.60
2010.04.30 07:31:27.859,5.8897,5.89205,3.20,1.60
2010.04.30 07:31:28.607,5.8897,5.89195,3.20,1.60
2010.04.30 07:31:28.967,5.88945,5.89195,3.20,1.60
2010.04.30 07:31:29.589,5.88945,5.89215,3.20,1.60
2010.04.30 07:31:30.207,5.88955,5.89215,3.20,1.60
2010.04.30 07:31:30.578,5.88955,5.89215,3.40,1.60
2010.04.30 07:31:31.262,5.88955,5.89205,3.40,1.60
2010.04.30 07:31:32.524,5.88955,5.89215,3.40,1.60
2010.04.30 07:31:32.867,5.8898,5.89235,1.00,1.60
2010.04.30 07:31:33.218,5.88995,5.8926,3.20,1.00
2010.04.30 07:31:34.055,5.8898,5.8926,1.00,1.00
2010.04.30 07:31:34.407,5.8898,5.8924,1.00,1.00
2010.04.30 07:31:34.644,5.8898,5.89255,1.00,1.60
2010.04.30 07:31:35.619,5.8897,5.8924,3.20,1.00
2010.04.30 07:31:36.774,5.88995,5.89275,1.00,1.60
2010.04.30 07:31:37.420,5.89015,5.8928,3.20,1.00
2010.04.30 07:31:37.732,5.88995,5.8926,3.40,1.00
2010.04.30 07:31:38.034,5.88995,5.8926,3.20,1.00
2010.04.30 07:31:38.771,5.8899,5.8926,3.20,1.00
2010.04.30 07:31:40.401,5.8897,5.8924,6.40,1.00
2010.04.30 07:31:40.903,5.8897,5.8924,3.20,1.00
2010.04.30 07:31:41.563,5.8898,5.8924,3.20,1.00
2010.04.30 07:31:45.256,5.88985,5.8924,3.20,1.00
2010.04.30 07:31:45.593,5.8898,5.8924,3.20,1.00
2010.04.30 07:31:46.597,5.88925,5.8919,3.20,1.00
2010.04.30 07:31:46.941,5.88925,5.892,3.20,1.00
2010.04.30 07:31:51.491,5.8895,5.89225,1.00,1.60
2010.04.30 07:31:52.163,5.8897,5.89225,3.20,1.60
2010.04.30 07:31:52.514,5.88945,5.89205,3.20,1.60
2010.04.30 07:31:56.500,5.8897,5.89225,3.20,1.60
2010.04.30 07:31:59.588,5.8897,5.8924,3.20,1.00
2010.04.30 07:32:03.366,5.8897,5.8926,3.20,1.00
2010.04.30 07:32:03.627,5.8898,5.8926,3.40,1.00
2010.04.30 07:32:12.929,5.8897,5.8924,3.20,1.00
2010.04.30 07:32:13.302,5.88975,5.8924,3.20,1.00
2010.04.30 07:32:16.837,5.88975,5.8926,3.20,1.00
2010.04.30 07:32:17.185,5.88985,5.8926,3.20,1.00
2010.04.30 07:32:17.533,5.89,5.8926,3.20,1.00
2010.04.30 07:32:18.584,5.88985,5.8926,3.20,1.00
2010.04.30 07:32:25.600,5.88985,5.89275,3.20,1.60
2010.04.30 07:32:26.387,5.8899,5.89285,3.20,1.60
2010.04.30 07:32:27.493,5.89015,5.89295,3.20,1.60
2010.04.30 07:32:27.842,5.8902,5.89295,3.20,1.60
2010.04.30 07:32:28.369,5.8902,5.8927,3.20,1.00
2010.04.30 07:32:28.721,5.88935,5.8922,3.20,1.00
2010.04.30 07:32:30.350,5.88935,5.8924,3.20,3.20
2010.04.30 07:32:30.708,5.8898,5.89255,3.20,1.60
2010.04.30 07:32:31.528,5.8898,5.89265,3.20,1.60
2010.04.30 07:32:36.478,5.8898,5.8926,3.20,1.00
2010.04.30 07:32:37.760,5.89025,5.89295,3.20,1.60
2010.04.30 07:32:38.007,5.89025,5.89305,3.20,1.60
2010.04.30 07:32:38.928,5.89025,5.89295,3.20,1.60
2010.04.30 07:32:39.275,5.89005,5.8928,3.20,1.00
2010.04.30 07:32:41.216,5.89005,5.8926,3.20,1.00
2010.04.30 07:32:41.414,5.89005,5.8928,3.20,1.00
2010.04.30 07:32:41.608,5.89,5.8928,3.20,1.00
2010.04.30 07:32:42.719,5.89005,5.8928,3.20,1.00
2010.04.30 07:32:43.072,5.89,5.8928,3.20,1.00
2010.04.30 07:32:44.095,5.8901,5.8928,3.20,1.00
2010.04.30 07:32:46.018,5.8901,5.8926,3.20,1.00
2010.04.30 07:32:46.238,5.88985,5.8926,3.20,1.00
2010.04.30 07:32:46.457,5.8898,5.8928,3.20,1.00
2010.04.30 07:32:47.157,5.89,5.8928,3.20,1.00
2010.04.30 07:32:47.500,5.8901,5.8928,3.20,1.00
2010.04.30 07:32:50.350,5.89,5.8928,3.20,1.00
2010.04.30 07:32:50.557,5.8901,5.8928,3.20,1.00
2010.04.30 07:32:53.655,5.88985,5.8926,3.20,1.00
2010.04.30 07:32:54.317,5.8898,5.8926,3.20,1.00
2010.04.30 07:33:00.630,5.88985,5.8926,3.20,1.00
2010.04.30 07:33:04.396,5.8901,5.8928,3.20,1.00
2010.04.30 07:33:05.030,5.89015,5.8928,3.20,1.00
2010.04.30 07:33:05.980,5.89,5.8928,3.20,1.00
2010.04.30 07:33:08.171,5.88995,5.8928,3.20,1.00
2010.04.30 07:33:08.352,5.88985,5.8925,3.20,1.00
2010.04.30 07:33:08.529,5.8898,5.8925,3.20,1.00
2010.04.30 07:33:09.458,5.88935,5.8921,3.20,1.00
2010.04.30 07:33:13.111,5.88925,5.8921,1.00,1.00
2010.04.30 07:33:15.258,5.8894,5.8923,3.40,1.00
2010.04.30 07:33:16.942,5.88945,5.8923,3.20,1.00
2010.04.30 07:33:17.299,5.8894,5.89235,1.00,3.20
2010.04.30 07:33:17.413,5.88925,5.8921,3.40,1.00
2010.04.30 07:33:18.645,5.8888,5.8916,3.40,1.00
2010.04.30 07:33:19.669,5.8888,5.8914,1.00,1.00
2010.04.30 07:33:20.571,5.88855,5.8912,3.40,1.00
2010.04.30 07:33:20.820,5.88835,5.8912,3.40,1.00
2010.04.30 07:33:21.529,5.88835,5.8912,1.00,1.00
2010.04.30 07:33:21.783,5.88835,5.891,1.00,1.00
2010.04.30 07:33:22.135,5.8881,5.891,1.00,1.00
2010.04.30 07:33:23.199,5.8882,5.891,3.20,1.00
2010.04.30 07:33:23.553,5.88825,5.89115,1.00,1.60
2010.04.30 07:33:23.900,5.8884,5.8912,3.20,1.00
2010.04.30 07:33:25.024,5.8884,5.8911,3.20,1.00
2010.04.30 07:33:25.552,5.8884,5.8911,3.20,1.00
2010.04.30 07:33:27.617,5.8886,5.89145,1.00,3.20
2010.04.30 07:33:27.801,5.8888,5.89165,1.00,4.80
2010.04.30 07:33:28.314,5.8888,5.89165,1.00,3.20
2010.04.30 07:33:28.661,5.8894,5.892,1.00,1.00
2010.04.30 07:33:29.009,5.8893,5.8918,3.20,1.00
2010.04.30 07:33:29.570,5.8891,5.8918,3.20,1.00
2010.04.30 07:33:29.928,5.88885,5.8916,3.20,1.00
2010.04.30 07:33:31.116,5.8886,5.8914,3.20,1.00
2010.04.30 07:33:32.950,5.88865,5.8914,3.20,1.00
2010.04.30 07:33:33.988,5.8887,5.8914,3.20,1.00
2010.04.30 07:33:34.757,5.88875,5.8914,3.20,1.00
2010.04.30 07:33:38.691,5.8887,5.8914,3.20,1.00
2010.04.30 07:33:43.573,5.8887,5.8916,6.40,1.00
2010.04.30 07:33:43.925,5.88895,5.8916,3.20,1.00
2010.04.30 07:33:49.059,5.88895,5.8911,3.20,1.00
2010.04.30 07:33:49.264,5.8885,5.8911,3.20,1.00
2010.04.30 07:33:50.490,5.8887,5.89155,3.20,1.60
2010.04.30 07:33:50.835,5.88895,5.8916,3.20,1.00
2010.04.30 07:33:55.797,5.88925,5.892,3.20,1.00
2010.04.30 07:33:56.142,5.88935,5.892,3.20,1.00
2010.04.30 07:33:57.140,5.88935,5.8918,3.20,1.00
2010.04.30 07:33:57.518,5.88915,5.8918,3.20,1.00
2010.04.30 07:33:57.998,5.88905,5.8918,3.20,1.00
2010.04.30 07:33:58.163,5.88905,5.8916,3.20,1.00
2010.04.30 07:33:59.066,5.88895,5.8916,3.20,1.00
2010.04.30 07:33:59.416,5.889,5.8918,1.00,1.00
2010.04.30 07:34:00.503,5.88935,5.892,3.20,1.00
2010.04.30 07:34:01.078,5.88935,5.8916,3.20,1.00
2010.04.30 07:34:01.789,5.88895,5.8916,3.20,1.00
2010.04.30 07:34:02.819,5.889,5.8918,3.40,1.00
2010.04.30 07:34:03.458,5.889,5.892,6.60,1.00
2010.04.30 07:34:03.812,5.88935,5.8918,3.20,1.00
2010.04.30 07:34:05.049,5.88925,5.8918,3.20,1.00
2010.04.30 07:34:05.833,5.88915,5.8916,3.20,1.00
2010.04.30 07:34:06.669,5.88915,5.8918,3.20,1.00
2010.04.30 07:34:07.450,5.88925,5.892,3.20,1.00
2010.04.30 07:34:07.800,5.88935,5.892,3.20,1.00
2010.04.30 07:34:10.774,5.8894,5.892,3.20,1.00
2010.04.30 07:34:27.203,5.8894,5.8921,3.20,1.00
2010.04.30 07:34:37.191,5.8895,5.89245,1.00,4.60
2010.04.30 07:34:37.791,5.8897,5.89245,3.20,1.40
2010.04.30 07:34:38.135,5.8898,5.8925,3.20,1.00
2010.04.30 07:34:47.606,5.8904,5.89285,1.00,4.60
2010.04.30 07:34:47.704,5.8904,5.89285,1.00,3.20
2010.04.30 07:34:48.272,5.89045,5.8934,3.40,1.60
2010.04.30 07:34:48.364,5.89025,5.893,3.20,1.00
2010.04.30 07:34:48.713,5.89035,5.8932,3.20,1.00
2010.04.30 07:34:49.518,5.8904,5.8932,3.20,1.00
2010.04.30 07:34:49.845,5.8903,5.8927,3.20,1.00
2010.04.30 07:34:50.163,5.89005,5.893,6.60,1.00
2010.04.30 07:34:50.905,5.89005,5.89295,3.40,1.60
2010.04.30 07:34:51.255,5.89005,5.893,3.40,1.00
2010.04.30 07:34:52.960,5.8902,5.8931,1.00,3.20
2010.04.30 07:34:53.139,5.89005,5.893,3.40,1.00
2010.04.30 07:34:53.853,5.89005,5.89295,3.40,1.60
2010.04.30 07:34:55.543,5.89005,5.893,3.40,1.00
2010.04.30 07:35:00.641,5.8902,5.89305,1.00,1.60
2010.04.30 07:35:00.801,5.89005,5.893,3.40,1.00
2010.04.30 07:35:02.111,5.8902,5.89305,1.00,1.60
2010.04.30 07:35:02.693,5.89005,5.893,3.40,1.00
2010.04.30 07:35:02.984,5.89005,5.89295,3.40,1.60
2010.04.30 07:35:04.610,5.89005,5.89285,3.40,1.60
2010.04.30 07:35:04.843,5.89005,5.8927,3.20,1.00
2010.04.30 07:35:05.331,5.89,5.8927,3.20,1.00
2010.04.30 07:35:06.953,5.89005,5.8927,1.00,1.00
2010.04.30 07:35:07.136,5.8902,5.89295,3.20,1.60
2010.04.30 07:35:07.483,5.89025,5.89295,3.20,1.60
2010.04.30 07:35:08.903,5.89025,5.89285,3.20,1.60
2010.04.30 07:35:09.254,5.8902,5.89285,3.20,1.60
2010.04.30 07:35:09.608,5.8899,5.8927,1.00,1.00
2010.04.30 07:35:10.464,5.8898,5.8925,3.20,1.00
2010.04.30 07:35:18.140,5.8896,5.8923,3.20,1.00
2010.04.30 07:35:20.550,5.8898,5.89245,3.20,1.60
2010.04.30 07:35:23.353,5.8898,5.8925,3.20,1.00
2010.04.30 07:35:23.572,5.8898,5.89255,3.20,1.60
2010.04.30 07:35:24.757,5.8898,5.8925,3.20,1.00
2010.04.30 07:35:25.347,5.8898,5.89235,3.20,1.60
2010.04.30 07:35:26.215,5.8898,5.89245,3.20,1.60
2010.04.30 07:35:29.345,5.8898,5.89235,3.20,1.60
2010.04.30 07:35:29.922,5.8897,5.89235,3.20,1.60
2010.04.30 07:35:30.186,5.88915,5.8918,3.20,1.00
2010.04.30 07:35:31.485,5.8898,5.89235,3.20,1.60
2010.04.30 07:35:31.740,5.8896,5.8923,6.40,1.00
2010.04.30 07:35:31.989,5.8896,5.8923,3.20,1.00
2010.04.30 07:35:34.746,5.8896,5.89225,3.20,1.60
2010.04.30 07:35:39.078,5.8896,5.8923,3.20,1.00
2010.04.30 07:35:39.366,5.88925,5.8921,3.40,1.00
2010.04.30 07:35:39.648,5.88925,5.8921,1.00,1.00
2010.04.30 07:35:41.675,5.88915,5.8916,3.20,1.00
2010.04.30 07:35:41.794,5.88915,5.89205,3.20,1.00
2010.04.30 07:35:41.915,5.88915,5.89205,1.00,1.00
2010.04.30 07:35:42.033,5.8892,5.89205,3.20,1.00
2010.04.30 07:35:43.474,5.88915,5.89205,3.40,1.00
2010.04.30 07:35:47.285,5.88915,5.8921,3.40,1.00
2010.04.30 07:35:49.233,5.88915,5.8918,3.20,1.00
2010.04.30 07:35:49.974,5.8891,5.8916,4.80,1.00
2010.04.30 07:35:50.168,5.8891,5.8918,4.80,1.00
2010.04.30 07:35:50.542,5.8892,5.8916,3.20,1.00
2010.04.30 07:35:51.389,5.889,5.8916,1.00,1.00
2010.04.30 07:35:51.745,5.8892,5.8918,3.20,1.00
2010.04.30 07:35:52.556,5.88845,5.8915,3.20,3.20
2010.04.30 07:35:52.913,5.889,5.892,1.00,3.20
2010.04.30 07:35:53.262,5.88915,5.8921,3.20,1.00
2010.04.30 07:35:53.612,5.88905,5.8921,3.20,3.20
2010.04.30 07:35:55.281,5.88905,5.89205,3.20,1.60
2010.04.30 07:35:55.549,5.88905,5.8921,3.20,3.20
2010.04.30 07:35:55.824,5.88905,5.8919,3.20,1.00
2010.04.30 07:35:56.633,5.8889,5.8919,3.20,3.20
2010.04.30 07:35:57.604,5.8889,5.8916,3.20,1.00
2010.04.30 07:35:58.378,5.88865,5.8916,3.20,1.00
2010.04.30 07:36:00.347,5.88865,5.8914,3.20,1.00
2010.04.30 07:36:00.696,5.88845,5.8914,3.20,1.00
2010.04.30 07:36:02.655,5.88845,5.89135,3.20,1.00
2010.04.30 07:36:03.001,5.88845,5.8914,3.20,1.00
2010.04.30 07:36:03.851,5.88845,5.8915,3.20,3.20
2010.04.30 07:36:04.205,5.8886,5.8916,3.40,3.20
2010.04.30 07:36:05.673,5.88865,5.8917,3.20,3.20
2010.04.30 07:36:07.655,5.8887,5.8917,1.00,3.20
2010.04.30 07:36:07.907,5.8888,5.89185,3.20,3.20
2010.04.30 07:36:08.469,5.88885,5.89185,1.60,3.20
2010.04.30 07:36:08.825,5.88925,5.8923,3.20,3.20
2010.04.30 07:36:14.038,5.88925,5.8922,3.20,1.00
2010.04.30 07:36:14.390,5.889,5.89205,3.20,3.20
2010.04.30 07:36:15.075,5.88905,5.8921,3.20,3.20
2010.04.30 07:36:16.316,5.88905,5.8921,3.20,3.20
2010.04.30 07:36:17.793,5.889,5.892,3.20,3.20
2010.04.30 07:36:19.438,5.889,5.8919,3.20,1.00
2010.04.30 07:36:19.626,5.8888,5.89185,3.40,3.20
2010.04.30 07:36:19.817,5.8888,5.8917,3.40,1.00
2010.04.30 07:36:20.672,5.88865,5.89165,3.20,3.20
2010.04.30 07:36:21.014,5.8886,5.8916,3.20,3.20
2010.04.30 07:36:24.284,5.8887,5.8916,1.00,3.20
2010.04.30 07:36:24.623,5.8888,5.89185,3.20,3.20
2010.04.30 07:36:26.662,5.8888,5.8918,3.20,1.00
2010.04.30 07:36:27.852,5.8888,5.8918,3.20,1.00
2010.04.30 07:36:28.191,5.88885,5.8918,3.20,1.00
2010.04.30 07:36:30.016,5.88905,5.8918,3.20,1.00
2010.04.30 07:36:32.699,5.8891,5.8918,3.20,1.00
2010.04.30 07:36:36.167,5.8891,5.892,3.20,1.40
2010.04.30 07:36:36.401,5.8896,5.8925,3.20,1.00
2010.04.30 07:36:36.620,5.8896,5.89265,3.20,3.20
2010.04.30 07:36:37.304,5.8898,5.8927,3.20,1.00
2010.04.30 07:36:38.672,5.89025,5.89285,3.20,1.40
2010.04.30 07:36:42.140,5.8898,5.8928,3.20,3.20
2010.04.30 07:36:43.497,5.8898,5.8928,3.20,3.20
2010.04.30 07:36:44.180,5.8898,5.8928,4.00,3.20
2010.04.30 07:36:45.302,5.89,5.8928,1.00,3.20
2010.04.30 07:36:45.416,5.8898,5.8928,3.20,1.00
2010.04.30 07:36:46.076,5.8898,5.8926,3.20,1.00
2010.04.30 07:36:46.190,5.88965,5.8926,3.20,1.00
2010.04.30 07:36:47.007,5.89,5.8927,3.20,1.40
2010.04.30 07:36:47.351,5.89,5.8928,3.20,1.00
2010.04.30 07:36:48.848,5.89,5.89285,3.20,1.40
2010.04.30 07:36:49.544,5.8901,5.89315,3.20,4.80
2010.04.30 07:36:49.720,5.8901,5.893,3.20,1.00
2010.04.30 07:36:50.361,5.89005,5.893,3.20,1.00
2010.04.30 07:36:50.870,5.89005,5.893,3.20,1.00
2010.04.30 07:36:54.158,5.8901,5.89315,3.20,3.20
2010.04.30 07:36:58.134,5.89005,5.8931,3.20,3.20
2010.04.30 07:37:00.475,5.8899,5.8928,1.60,1.00
2010.04.30 07:37:01.131,5.88985,5.8928,1.00,1.00
2010.04.30 07:37:01.449,5.8898,5.8928,3.20,3.20
2010.04.30 07:37:02.041,5.88965,5.8926,3.20,1.00
2010.04.30 07:37:02.804,5.8896,5.8926,3.20,1.00
2010.04.30 07:37:03.461,5.8898,5.8928,3.20,3.20
2010.04.30 07:37:04.122,5.8898,5.8928,3.20,3.20
2010.04.30 07:37:04.908,5.8898,5.8927,3.20,1.00
2010.04.30 07:37:05.608,5.8898,5.8925,3.20,1.00
2010.04.30 07:37:06.511,5.8896,5.8925,3.20,1.00
2010.04.30 07:37:06.854,5.8896,5.89265,3.20,3.20
2010.04.30 07:37:07.197,5.8898,5.8927,3.20,1.00
2010.04.30 07:37:09.304,5.89005,5.893,1.60,1.00
2010.04.30 07:37:11.433,5.89025,5.8932,1.60,1.00
2010.04.30 07:37:12.707,5.8903,5.8932,3.20,1.00
2010.04.30 07:37:13.323,5.89025,5.8932,1.60,1.00
2010.04.30 07:37:15.521,5.89035,5.8933,1.60,1.40
2010.04.30 07:37:15.723,5.89045,5.8932,1.60,1.00
2010.04.30 07:37:16.294,5.89045,5.8933,1.60,1.40
2010.04.30 07:37:18.189,5.89045,5.8932,1.60,1.00
2010.04.30 07:37:19.096,5.89065,5.89315,1.60,1.40
2010.04.30 07:37:19.940,5.89065,5.89345,1.60,1.40
2010.04.30 07:37:22.358,5.89065,5.89345,1.60,4.60
2010.04.30 07:37:23.187,5.89065,5.89345,1.60,1.40
2010.04.30 07:37:24.456,5.89055,5.89345,4.80,1.40
2010.04.30 07:37:25.516,5.89055,5.89345,1.60,4.60
2010.04.30 07:37:27.597,5.89065,5.89345,1.60,4.60
2010.04.30 07:37:27.775,5.89065,5.8935,1.60,1.40
2010.04.30 07:37:27.955,5.8912,5.8941,3.20,1.40
2010.04.30 07:37:28.787,5.89125,5.8941,3.20,1.40
2010.04.30 07:37:29.137,5.89125,5.894,3.20,1.40
2010.04.30 07:37:30.359,5.8912,5.894,3.20,1.40
2010.04.30 07:37:31.376,5.8911,5.894,3.20,1.40
2010.04.30 07:37:35.758,5.8911,5.89415,3.20,4.60
2010.04.30 07:37:35.954,5.89135,5.89415,3.20,1.40
2010.04.30 07:37:39.138,5.89155,5.89445,1.60,1.40
2010.04.30 07:37:39.856,5.89175,5.8946,3.20,1.40
2010.04.30 07:37:40.713,5.8914,5.89425,3.20,1.40
2010.04.30 07:37:43.615,5.89175,5.8944,1.00,3.20
2010.04.30 07:37:43.904,5.89195,5.895,3.20,3.20
2010.04.30 07:37:47.746,5.8919,5.89475,3.20,3.20
2010.04.30 07:37:47.956,5.8919,5.8949,3.20,1.40
2010.04.30 07:37:49.650,5.8916,5.89465,3.20,3.20
2010.04.30 07:37:51.125,5.8916,5.8945,3.20,1.00
2010.04.30 07:37:51.364,5.8915,5.8945,3.20,1.00
2010.04.30 07:37:52.204,5.8915,5.8945,3.20,1.00
2010.04.30 07:37:53.253,5.89165,5.89455,1.60,3.20
2010.04.30 07:37:53.995,5.8916,5.89465,3.20,3.20
2010.04.30 07:37:56.835,5.89165,5.89465,1.60,3.20
2010.04.30 07:37:56.938,5.8918,5.8948,3.20,1.60
2010.04.30 07:37:57.525,5.8919,5.8949,3.20,1.00
2010.04.30 07:37:57.860,5.89195,5.8949,3.20,1.00
2010.04.30 07:38:00.025,5.89205,5.89505,3.20,3.20
2010.04.30 07:38:02.940,5.89205,5.8949,3.20,1.00
2010.04.30 07:38:03.171,5.89195,5.8949,3.20,1.00
2010.04.30 07:38:04.180,5.89205,5.895,1.60,3.20
2010.04.30 07:38:04.482,5.89225,5.8952,3.20,1.40
2010.04.30 07:38:04.775,5.89215,5.8952,3.20,3.20
2010.04.30 07:38:05.061,5.89235,5.8954,3.20,4.60
2010.04.30 07:38:06.253,5.8924,5.8953,3.20,1.00
2010.04.30 07:38:06.601,5.8924,5.8954,3.20,3.20
2010.04.30 07:38:06.971,5.89245,5.8955,3.20,3.20
2010.04.30 07:38:10.002,5.89245,5.89545,3.20,1.00
2010.04.30 07:38:11.286,5.8925,5.89545,3.20,1.00
2010.04.30 07:38:13.317,5.89255,5.89545,3.20,1.00
2010.04.30 07:38:14.481,5.89255,5.8956,3.20,4.60
2010.04.30 07:38:15.986,5.89265,5.8956,1.60,4.60
2010.04.30 07:38:16.157,5.8928,5.89585,3.20,3.20
2010.04.30 07:38:17.004,5.893,5.896,3.20,3.20
2010.04.30 07:38:17.343,5.8934,5.8964,3.20,3.20
2010.04.30 07:38:17.690,5.89365,5.8966,1.60,1.00
2010.04.30 07:38:18.461,5.89365,5.8966,1.60,3.20
2010.04.30 07:38:18.814,5.8936,5.89665,3.20,4.60
2010.04.30 07:38:20.323,5.89385,5.89665,3.20,1.40
2010.04.30 07:38:20.676,5.8937,5.89665,3.20,1.40
2010.04.30 07:38:25.623,5.89365,5.8966,1.60,1.00
2010.04.30 07:38:26.142,5.89365,5.89665,1.60,4.60
2010.04.30 07:38:27.464,5.89365,5.8966,1.60,1.00
2010.04.30 07:38:27.661,5.89365,5.89665,1.60,4.60
2010.04.30 07:38:27.861,5.89365,5.8966,1.60,1.00
2010.04.30 07:38:28.953,5.89365,5.89665,1.60,4.60
2010.04.30 07:38:30.593,5.89365,5.8966,1.60,1.00
2010.04.30 07:38:33.317,5.8934,5.89635,3.20,1.40
2010.04.30 07:38:33.486,5.89335,5.8962,1.60,3.20
2010.04.30 07:38:33.653,5.89345,5.8964,3.20,1.00
2010.04.30 07:38:34.341,5.89355,5.8964,1.60,1.00
2010.04.30 07:38:37.056,5.89345,5.89625,1.60,3.20
2010.04.30 07:38:37.227,5.89345,5.89635,1.60,3.20
2010.04.30 07:38:37.392,5.89345,5.8964,4.80,1.00
2010.04.30 07:38:37.744,5.89355,5.8964,1.60,1.00
2010.04.30 07:38:38.562,5.89355,5.8963,1.60,4.60
2010.04.30 07:38:38.845,5.89355,5.8964,1.60,1.00
2010.04.30 07:38:39.132,5.89365,5.8964,1.60,1.00
2010.04.30 07:38:41.019,5.89375,5.8966,1.60,1.00
2010.04.30 07:38:42.379,5.89385,5.8966,1.60,1.00
2010.04.30 07:38:42.727,5.89425,5.897,1.60,1.00
2010.04.30 07:38:46.167,5.89415,5.897,1.60,1.00
2010.04.30 07:38:47.894,5.89395,5.8966,1.60,1.00
2010.04.30 07:38:48.250,5.89395,5.89665,1.60,3.20
2010.04.30 07:38:48.743,5.89395,5.89675,1.60,3.20
2010.04.30 07:38:49.073,5.89395,5.8968,1.60,1.00
2010.04.30 07:38:49.732,5.89395,5.8966,1.60,1.00
2010.04.30 07:38:50.550,5.89385,5.8966,1.60,1.00
2010.04.30 07:38:51.042,5.89375,5.8966,1.60,1.00
2010.04.30 07:38:55.634,5.89395,5.89665,1.60,3.20
2010.04.30 07:38:55.892,5.89405,5.8968,1.60,1.00
2010.04.30 07:38:56.168,5.89385,5.8966,4.80,1.00
2010.04.30 07:38:56.447,5.89385,5.8966,1.60,1.00
2010.04.30 07:38:57.000,5.89385,5.8965,1.60,1.00
2010.04.30 07:38:58.706,5.89375,5.8965,1.60,1.00
2010.04.30 07:38:59.380,5.89365,5.89665,1.60,3.20
2010.04.30 07:38:59.723,5.89385,5.8965,1.60,1.00
2010.04.30 07:39:04.104,5.89375,5.8965,1.60,1.00
2010.04.30 07:39:05.074,5.89385,5.8965,1.60,1.00
2010.04.30 07:39:05.649,5.89405,5.8967,1.60,1.00
2010.04.30 07:39:05.851,5.8939,5.8967,3.20,1.00
2010.04.30 07:39:06.369,5.8939,5.89665,3.20,1.40
2010.04.30 07:39:06.721,5.89365,5.89665,1.60,4.60
2010.04.30 07:39:07.323,5.8937,5.8965,3.20,1.00
2010.04.30 07:39:10.541,5.8937,5.8966,3.20,1.00
2010.04.30 07:39:11.095,5.89385,5.8966,1.60,1.00
2010.04.30 07:39:11.665,5.89395,5.8966,1.60,1.00
2010.04.30 07:39:12.295,5.89405,5.8966,1.60,1.00
2010.04.30 07:39:12.457,5.89405,5.89675,1.60,3.20
2010.04.30 07:39:12.567,5.89405,5.8966,1.60,1.00
2010.04.30 07:39:13.635,5.89425,5.897,1.60,1.00
2010.04.30 07:39:14.108,5.89435,5.897,1.60,1.00
2010.04.30 07:39:15.012,5.89435,5.8972,1.60,3.20
2010.04.30 07:39:15.340,5.89465,5.8975,1.60,1.00
2010.04.30 07:39:17.161,5.89465,5.8974,1.60,1.00
2010.04.30 07:39:17.518,5.89445,5.897,1.60,1.00
2010.04.30 07:39:18.133,5.89455,5.897,1.60,1.00
2010.04.30 07:39:19.234,5.89455,5.897,1.60,1.00
2010.04.30 07:39:20.293,5.89425,5.8971,1.60,1.00
2010.04.30 07:39:21.729,5.8942,5.8971,3.20,1.00
2010.04.30 07:39:22.090,5.8942,5.8969,3.20,1.00
2010.04.30 07:39:22.230,5.89405,5.8969,1.60,1.00
2010.04.30 07:39:22.371,5.89405,5.8968,1.60,1.00
2010.04.30 07:39:23.133,5.89415,5.8968,1.60,1.00
2010.04.30 07:39:23.489,5.89405,5.8968,1.60,1.00
2010.04.30 07:39:23.704,5.89395,5.8968,1.60,1.00
2010.04.30 07:39:23.927,5.89385,5.8963,1.60,1.00
2010.04.30 07:39:24.641,5.89365,5.8961,1.60,1.00
2010.04.30 07:39:24.987,5.89345,5.89625,1.60,3.20
2010.04.30 07:39:25.824,5.89355,5.8963,1.60,1.00
2010.04.30 07:39:28.311,5.89345,5.8962,1.60,1.00
2010.04.30 07:39:28.764,5.89345,5.89635,1.60,4.60
2010.04.30 07:39:28.897,5.89355,5.89635,1.60,1.40
2010.04.30 07:39:29.519,5.89375,5.89635,3.20,1.40
2010.04.30 07:39:29.869,5.8939,5.8967,3.20,1.00
2010.04.30 07:39:30.216,5.89365,5.8964,3.20,1.00
2010.04.30 07:39:30.990,5.89345,5.8964,3.20,1.00
2010.04.30 07:39:31.319,5.8935,5.8964,3.20,1.00
2010.04.30 07:39:31.558,5.89345,5.8963,3.20,1.00
2010.04.30 07:39:32.423,5.89345,5.8964,3.20,1.00
2010.04.30 07:39:34.498,5.8935,5.8964,3.20,1.00
2010.04.30 07:39:34.766,5.89345,5.8964,3.20,1.00
2010.04.30 07:39:37.850,5.89365,5.8966,3.20,1.00
2010.04.30 07:39:37.997,5.89385,5.8966,1.60,1.00
2010.04.30 07:39:38.149,5.8941,5.8968,3.20,1.00
2010.04.30 07:39:38.822,5.89405,5.8968,1.60,1.00
2010.04.30 07:39:38.974,5.8939,5.8966,3.20,1.00
2010.04.30 07:39:39.321,5.89385,5.8966,1.60,1.00
2010.04.30 07:39:40.079,5.89395,5.8966,1.60,1.00
2010.04.30 07:39:40.501,5.89355,5.8961,1.60,1.00
2010.04.30 07:39:40.854,5.89315,5.8958,1.60,1.00
2010.04.30 07:39:41.609,5.89295,5.8957,1.60,3.20
2010.04.30 07:39:42.641,5.89295,5.8958,1.60,1.00
2010.04.30 07:39:43.481,5.8931,5.8958,3.20,1.00
2010.04.30 07:39:43.831,5.89305,5.8956,1.60,1.00
2010.04.30 07:39:44.106,5.89285,5.8956,1.60,1.00
2010.04.30 07:39:45.424,5.89295,5.8958,1.60,1.00
2010.04.30 07:39:45.752,5.89285,5.8957,3.20,1.00
2010.04.30 07:39:46.083,5.89255,5.89555,4.80,3.20
2010.04.30 07:39:46.427,5.89225,5.8953,3.20,3.20
2010.04.30 07:39:46.776,5.89215,5.8951,1.60,3.20
2010.04.30 07:39:48.382,5.8921,5.8951,3.20,3.20
2010.04.30 07:39:48.723,5.8921,5.895,3.20,1.00
2010.04.30 07:39:50.661,5.89225,5.895,1.60,1.00
2010.04.30 07:39:51.001,5.89225,5.8952,4.80,1.00
2010.04.30 07:39:51.963,5.89235,5.8952,1.60,1.00
2010.04.30 07:39:52.938,5.89225,5.8952,3.20,1.00
2010.04.30 07:39:57.982,5.89255,5.8953,1.60,3.20
2010.04.30 07:39:58.742,5.89285,5.8956,3.20,1.40
2010.04.30 07:39:58.965,5.89255,5.8955,3.20,1.00
2010.04.30 07:40:00.547,5.8927,5.8957,3.20,1.00
2010.04.30 07:40:00.836,5.89275,5.8957,3.20,1.00
2010.04.30 07:40:01.422,5.8927,5.8957,3.20,1.00
2010.04.30 07:40:02.468,5.8928,5.89575,1.00,3.20
2010.04.30 07:40:02.817,5.8929,5.8959,3.20,3.20
2010.04.30 07:40:03.081,5.89295,5.8959,3.20,1.00
2010.04.30 07:40:03.880,5.8929,5.8959,3.20,3.20
2010.04.30 07:40:09.318,5.8929,5.8956,3.20,1.00
2010.04.30 07:40:10.125,5.89255,5.8954,3.20,1.00
2010.04.30 07:40:11.179,5.89255,5.8954,3.20,1.00
2010.04.30 07:40:18.768,5.89315,5.89575,3.20,1.40
2010.04.30 07:40:20.294,5.89315,5.8955,3.20,1.40
2010.04.30 07:40:20.514,5.8931,5.8957,3.20,1.40
2010.04.30 07:40:20.729,5.89255,5.89535,3.20,1.40
2010.04.30 07:40:20.939,5.89215,5.8952,4.80,3.20
2010.04.30 07:40:21.755,5.89215,5.8952,3.20,3.20
2010.04.30 07:40:22.665,5.89215,5.895,3.20,1.00
2010.04.30 07:40:24.933,5.89215,5.895,4.80,1.00
2010.04.30 07:40:25.485,5.89215,5.895,3.20,1.00
2010.04.30 07:40:32.223,5.89215,5.8945,3.20,1.00
2010.04.30 07:40:32.377,5.89215,5.8947,3.20,1.00
2010.04.30 07:40:33.206,5.8917,5.8945,3.20,1.00
2010.04.30 07:40:36.331,5.8917,5.8946,3.20,1.00
2010.04.30 07:40:47.508,5.8917,5.8945,3.20,1.00
2010.04.30 07:40:49.431,5.8917,5.8945,3.20,1.00
2010.04.30 07:40:50.662,5.8922,5.89475,3.20,1.60
2010.04.30 07:40:51.009,5.8915,5.89455,3.20,3.20
2010.04.30 07:40:52.520,5.8915,5.8944,3.20,1.00
2010.04.30 07:40:54.497,5.89155,5.8944,3.20,3.20
2010.04.30 07:40:54.836,5.89145,5.8944,1.00,3.20
2010.04.30 07:40:55.896,5.89155,5.8944,3.20,1.00
2010.04.30 07:40:56.225,5.89155,5.8942,3.20,1.00
2010.04.30 07:40:56.404,5.89155,5.8944,3.20,1.00
2010.04.30 07:41:00.099,5.89135,5.8942,5.00,1.00
2010.04.30 07:41:00.820,5.8913,5.8942,3.20,1.00
2010.04.30 07:41:02.712,5.8913,5.8942,3.20,1.00
2010.04.30 07:41:03.501,5.8913,5.8939,3.20,1.00
2010.04.30 07:41:03.763,5.89125,5.8939,1.60,1.00
2010.04.30 07:41:04.347,5.8912,5.8939,3.20,1.00
2010.04.30 07:41:06.049,5.8912,5.8942,3.20,3.20
2010.04.30 07:41:06.316,5.8912,5.89415,1.00,3.20
2010.04.30 07:41:06.586,5.8912,5.8942,3.40,3.20
2010.04.30 07:41:06.852,5.8913,5.8942,3.20,1.00
2010.04.30 07:41:14.574,5.89125,5.8939,3.20,1.00
2010.04.30 07:41:15.222,5.8912,5.8939,3.20,1.00
2010.04.30 07:41:15.860,5.89115,5.8939,1.60,1.00
2010.04.30 07:41:18.491,5.89115,5.8938,1.60,1.00
2010.04.30 07:41:19.483,5.89115,5.8938,1.60,1.00
2010.04.30 07:41:20.351,5.8911,5.8938,3.20,1.00
2010.04.30 07:41:21.065,5.89095,5.8934,1.60,1.00
2010.04.30 07:41:21.333,5.89055,5.89345,1.80,3.20
2010.04.30 07:41:21.602,5.89105,5.894,1.60,3.20
2010.04.30 07:41:23.449,5.89095,5.8937,3.20,1.00
2010.04.30 07:41:23.654,5.8909,5.8937,3.20,1.00
2010.04.30 07:41:24.346,5.89085,5.8937,3.20,1.00
2010.04.30 07:41:24.692,5.8908,5.8937,3.20,1.00
2010.04.30 07:41:26.286,5.89085,5.8937,3.20,1.00
2010.04.30 07:41:27.181,5.89085,5.8935,3.20,1.00
2010.04.30 07:41:27.381,5.89065,5.8935,1.60,1.00
2010.04.30 07:41:29.271,5.8906,5.8935,3.20,1.00
2010.04.30 07:41:29.440,5.89075,5.8935,3.20,1.00
2010.04.30 07:41:30.019,5.89065,5.8935,3.20,1.00
2010.04.30 07:41:32.529,5.89065,5.8935,3.20,1.00
2010.04.30 07:41:33.972,5.8907,5.8935,3.20,1.00
2010.04.30 07:41:35.281,5.89065,5.8935,1.60,1.00
2010.04.30 07:41:35.630,5.89055,5.8935,4.80,1.00
2010.04.30 07:41:36.127,5.8907,5.8935,3.20,1.00
2010.04.30 07:41:36.473,5.89065,5.8935,4.80,1.00
2010.04.30 07:41:38.717,5.89065,5.8935,1.60,1.00
2010.04.30 07:41:39.178,5.89045,5.8935,1.80,1.00
2010.04.30 07:41:39.947,5.89045,5.8935,5.00,1.00
2010.04.30 07:41:41.305,5.89045,5.8935,5.00,1.00
2010.04.30 07:41:41.984,5.89045,5.8936,5.00,3.20
2010.04.30 07:41:42.456,5.89045,5.8935,5.00,1.00
2010.04.30 07:41:45.893,5.89045,5.8935,1.80,1.00
2010.04.30 07:41:46.304,5.89045,5.89345,1.80,3.20
2010.04.30 07:41:46.826,5.89055,5.8935,4.80,1.00
2010.04.30 07:41:47.133,5.89055,5.8935,1.60,1.00
2010.04.30 07:41:47.986,5.89055,5.8934,1.60,1.00
2010.04.30 07:41:48.326,5.89055,5.8934,4.80,1.00
2010.04.30 07:41:48.664,5.89055,5.8934,3.20,1.00
2010.04.30 07:41:55.634,5.8906,5.8934,3.20,1.00
2010.04.30 07:42:03.570,5.8906,5.8934,3.20,1.00
2010.04.30 07:42:04.531,5.8906,5.8934,3.20,1.00
2010.04.30 07:42:06.464,5.8906,5.8936,3.20,1.00
2010.04.30 07:42:06.702,5.8906,5.8936,3.20,1.00
2010.04.30 07:42:07.169,5.8906,5.8934,3.20,1.00
2010.04.30 07:42:07.411,5.8906,5.8936,3.40,1.00
2010.04.30 07:42:07.651,5.89085,5.8936,3.20,1.00
2010.04.30 07:42:07.989,5.8909,5.8936,3.20,1.00
2010.04.30 07:42:09.495,5.89105,5.8938,3.20,1.00
2010.04.30 07:42:11.488,5.8909,5.8938,3.20,1.00
2010.04.30 07:42:15.609,5.89105,5.8938,3.20,1.00
2010.04.30 07:42:15.807,5.8911,5.8938,3.20,1.00
2010.04.30 07:42:16.014,5.8911,5.894,3.20,1.00
2010.04.30 07:42:17.426,5.89135,5.8942,3.20,1.00
2010.04.30 07:42:17.562,5.8915,5.8942,3.20,1.00
2010.04.30 07:42:18.616,5.8915,5.894,3.20,1.00
2010.04.30 07:42:18.973,5.89105,5.8938,3.20,1.00
2010.04.30 07:42:20.580,5.89105,5.8938,3.20,1.00
2010.04.30 07:42:27.421,5.8909,5.8935,3.40,1.00
2010.04.30 07:42:27.631,5.8909,5.8935,3.20,1.00
2010.04.30 07:42:28.277,5.8908,5.8935,3.20,1.00
2010.04.30 07:42:28.611,5.8909,5.8935,3.20,1.00
2010.04.30 07:42:29.581,5.891,5.8938,3.20,1.00
2010.04.30 07:42:33.603,5.89115,5.8938,3.20,1.00
2010.04.30 07:42:33.936,5.891,5.8938,3.20,1.00
2010.04.30 07:42:35.330,5.8907,5.8933,3.40,1.00
2010.04.30 07:42:35.572,5.8906,5.8933,3.20,1.00
2010.04.30 07:42:36.872,5.8906,5.8935,3.40,1.00
2010.04.30 07:42:37.217,5.8908,5.89365,1.00,3.20
2010.04.30 07:42:37.486,5.89085,5.8938,3.20,1.00
2010.04.30 07:42:38.660,5.8909,5.8938,3.20,1.00
2010.04.30 07:42:40.521,5.89115,5.894,3.20,1.00
2010.04.30 07:42:40.799,5.8914,5.894,3.20,1.00
2010.04.30 07:42:41.507,5.89125,5.894,3.20,1.00
2010.04.30 07:42:41.862,5.8912,5.8938,3.20,1.00
2010.04.30 07:42:42.204,5.89115,5.8938,3.20,1.00
2010.04.30 07:42:42.558,5.8913,5.8942,3.20,1.00
2010.04.30 07:42:43.259,5.89145,5.8942,3.20,1.00
2010.04.30 07:42:43.606,5.8915,5.8942,3.20,1.00
2010.04.30 07:42:44.341,5.8913,5.8942,3.20,1.00
2010.04.30 07:42:44.653,5.89105,5.8938,3.20,1.00
2010.04.30 07:42:48.925,5.89105,5.894,3.20,1.00
2010.04.30 07:42:49.272,5.89105,5.8938,3.20,1.00
2010.04.30 07:42:49.549,5.89105,5.894,3.20,1.00
2010.04.30 07:42:50.042,5.89105,5.8938,3.20,1.00
2010.04.30 07:42:51.988,5.89105,5.894,3.20,1.00
2010.04.30 07:42:53.109,5.89105,5.8938,3.20,1.00
2010.04.30 07:42:54.010,5.89115,5.8938,3.20,1.00
2010.04.30 07:42:54.576,5.89105,5.8933,3.20,1.00
2010.04.30 07:42:55.368,5.8906,5.8933,3.20,1.00
2010.04.30 07:42:55.699,5.89,5.8924,3.40,1.00
2010.04.30 07:42:56.028,5.88975,5.8924,4.80,1.00
2010.04.30 07:42:56.901,5.89015,5.8931,3.40,1.00
2010.04.30 07:42:57.245,5.8904,5.8933,3.20,1.00
2010.04.30 07:42:57.597,5.8906,5.8933,3.20,1.00
2010.04.30 07:42:59.908,5.8906,5.8929,3.20,1.00
2010.04.30 07:43:00.156,5.88975,5.8924,3.20,1.00
2010.04.30 07:43:00.400,5.88975,5.8922,3.20,1.00
2010.04.30 07:43:02.035,5.89,5.8926,3.20,1.00
2010.04.30 07:43:04.289,5.89005,5.8929,3.20,1.00
2010.04.30 07:43:04.617,5.89015,5.8929,3.20,1.00
2010.04.30 07:43:05.680,5.8904,5.8932,1.60,3.20
2010.04.30 07:43:05.939,5.8904,5.8933,4.80,1.00
2010.04.30 07:43:06.200,5.8906,5.8933,3.20,1.00
2010.04.30 07:43:07.397,5.8904,5.8931,4.80,1.00
2010.04.30 07:43:07.724,5.8902,5.8929,3.20,1.00
2010.04.30 07:43:08.524,5.89015,5.8929,3.20,1.00
2010.04.30 07:43:10.499,5.89035,5.8932,1.60,3.20
2010.04.30 07:43:10.848,5.8904,5.89325,3.20,1.40
2010.04.30 07:43:14.964,5.8904,5.89345,3.20,3.20
2010.04.30 07:43:15.230,5.89055,5.8935,3.20,1.40
2010.04.30 07:43:16.180,5.8908,5.89365,3.20,1.40
2010.04.30 07:43:16.530,5.89085,5.89365,3.20,1.40
2010.04.30 07:43:18.241,5.8904,5.8933,3.20,1.40
2010.04.30 07:43:20.654,5.8902,5.89325,3.20,3.20
2010.04.30 07:43:21.324,5.89,5.8929,3.20,1.40
2010.04.30 07:43:22.205,5.88995,5.8929,3.20,1.40
2010.04.30 07:43:24.963,5.89005,5.893,1.60,4.60
2010.04.30 07:43:25.642,5.8902,5.893,3.20,1.40
2010.04.30 07:43:27.064,5.8904,5.8932,3.20,1.40
2010.04.30 07:43:27.896,5.8904,5.893,3.20,1.00
2010.04.30 07:43:28.179,5.89005,5.8929,3.20,1.40
2010.04.30 07:43:28.951,5.88995,5.8929,3.20,1.40
2010.04.30 07:43:29.259,5.89005,5.893,4.80,1.40
2010.04.30 07:43:29.564,5.8904,5.8932,3.20,1.40
2010.04.30 07:43:32.321,5.8905,5.8932,3.20,1.40
2010.04.30 07:43:32.495,5.8904,5.8932,3.20,1.40
2010.04.30 07:43:33.137,5.89015,5.8929,3.20,1.40
2010.04.30 07:43:33.691,5.89005,5.8929,1.60,1.40
2010.04.30 07:43:34.033,5.89005,5.8929,4.80,1.40
2010.04.30 07:43:34.382,5.89005,5.8929,4.80,1.40
2010.04.30 07:43:34.730,5.89005,5.8929,4.80,1.50
2010.04.30 07:43:36.120,5.89005,5.8929,4.80,1.40
2010.04.30 07:43:36.449,5.89005,5.8929,4.80,1.40
2010.04.30 07:43:36.669,5.89005,5.8929,4.80,1.40
2010.04.30 07:43:36.838,5.89005,5.8929,4.80,1.40
2010.04.30 07:43:37.009,5.89005,5.8928,1.60,3.20
2010.04.30 07:43:37.593,5.8901,5.8929,1.00,1.00
2010.04.30 07:43:37.947,5.88975,5.8927,4.80,1.00
2010.04.30 07:43:40.191,5.88975,5.8927,3.20,1.00
2010.04.30 07:43:40.545,5.89005,5.8929,3.20,1.00
2010.04.30 07:43:40.684,5.89005,5.8932,4.80,3.20
2010.04.30 07:43:40.823,5.8903,5.8932,3.20,1.00
2010.04.30 07:43:41.401,5.89035,5.8932,3.20,1.00
2010.04.30 07:43:43.621,5.89045,5.8934,6.40,1.00
2010.04.30 07:43:43.969,5.89045,5.8934,3.20,1.00
2010.04.30 07:43:45.039,5.8904,5.8934,3.20,1.00
2010.04.30 07:43:46.111,5.8902,5.8932,3.20,1.00
2010.04.30 07:43:47.756,5.8902,5.8931,3.20,1.00
2010.04.30 07:43:48.076,5.8902,5.89325,3.20,3.20
2010.04.30 07:43:48.800,5.8902,5.89325,3.40,3.20
2010.04.30 07:43:48.936,5.8904,5.8933,3.20,1.00
2010.04.30 07:43:49.657,5.8904,5.89345,3.20,3.20
2010.04.30 07:43:50.478,5.8906,5.8936,3.20,1.00
2010.04.30 07:43:50.829,5.89065,5.8936,3.20,1.00
2010.04.30 07:43:52.659,5.8906,5.8933,3.20,1.00
2010.04.30 07:43:52.993,5.8906,5.8936,3.20,1.00
2010.04.30 07:43:53.337,5.8906,5.8931,3.20,1.00
2010.04.30 07:43:53.591,5.8902,5.8931,3.20,1.00
2010.04.30 07:43:55.086,5.8902,5.89325,3.20,3.20
2010.04.30 07:43:56.915,5.8902,5.8931,3.20,1.00
2010.04.30 07:43:57.492,5.8902,5.89325,3.20,3.20
2010.04.30 07:43:57.656,5.8902,5.8931,3.20,1.00
2010.04.30 07:43:59.643,5.8901,5.893,1.00,3.20
2010.04.30 07:44:05.712,5.8901,5.893,1.00,3.20
2010.04.30 07:44:07.442,5.8901,5.893,1.00,3.30
2010.04.30 07:44:14.094,5.8901,5.893,1.00,3.20
2010.04.30 07:44:14.363,5.8901,5.8929,1.00,3.20
2010.04.30 07:44:16.312,5.8901,5.89285,1.00,1.00
2010.04.30 07:44:16.424,5.88985,5.8925,4.80,1.00
2010.04.30 07:44:16.532,5.8896,5.8925,1.00,3.20
2010.04.30 07:44:17.240,5.88975,5.8925,1.00,3.20
2010.04.30 07:44:17.584,5.88975,5.8927,1.00,3.20
2010.04.30 07:44:17.931,5.88975,5.89265,1.00,3.20
2010.04.30 07:44:19.082,5.88995,5.89285,1.00,3.20
2010.04.30 07:44:19.440,5.88995,5.8929,1.00,3.20
2010.04.30 07:44:20.965,5.88995,5.8927,1.00,1.00
2010.04.30 07:44:21.518,5.88995,5.8924,1.00,1.00
2010.04.30 07:44:21.864,5.8896,5.8924,1.00,1.00
2010.04.30 07:44:22.952,5.8896,5.8924,1.00,1.00
2010.04.30 07:44:23.266,5.8898,5.8927,3.20,1.00
2010.04.30 07:44:23.572,5.88975,5.8927,1.00,3.20
2010.04.30 07:44:27.708,5.88975,5.89275,1.00,3.20
2010.04.30 07:44:28.058,5.88975,5.8928,3.40,3.20
2010.04.30 07:44:29.173,5.8899,5.8928,1.00,3.20
2010.04.30 07:44:29.521,5.8899,5.8929,3.40,3.20
2010.04.30 07:44:30.830,5.8899,5.89295,3.40,3.20
2010.04.30 07:44:31.183,5.89035,5.8933,1.00,3.20
2010.04.30 07:44:32.597,5.89035,5.89335,1.00,3.20
2010.04.30 07:44:34.574,5.8906,5.8936,1.00,3.20
2010.04.30 07:44:35.805,5.8906,5.8936,1.00,3.30
2010.04.30 07:44:36.761,5.8906,5.8936,1.00,3.20
2010.04.30 07:44:37.104,5.8908,5.8936,1.00,3.20
2010.04.30 07:44:37.680,5.8908,5.89375,1.00,1.60
2010.04.30 07:44:37.968,5.8906,5.8936,1.00,3.20
2010.04.30 07:44:40.320,5.8908,5.89355,1.00,4.80
2010.04.30 07:44:40.558,5.8908,5.89355,1.00,1.60
2010.04.30 07:44:43.135,5.8908,5.8936,1.00,1.00
2010.04.30 07:44:44.290,5.8909,5.8936,1.00,3.20
2010.04.30 07:44:46.993,5.8912,5.8938,1.00,1.00
2010.04.30 07:44:47.418,5.89135,5.89425,1.00,3.20
2010.04.30 07:44:48.345,5.89105,5.894,3.40,1.00
2010.04.30 07:44:48.891,5.89105,5.89385,1.00,3.20
2010.04.30 07:44:50.751,5.89105,5.8938,1.00,3.20
2010.04.30 07:44:51.110,5.89045,5.8933,1.00,1.00
2010.04.30 07:44:52.303,5.89035,5.8933,1.00,1.00
2010.04.30 07:44:59.298,5.8908,5.8936,1.00,3.20
2010.04.30 07:44:59.422,5.8908,5.89375,1.00,3.20
2010.04.30 07:45:00.729,5.8906,5.8934,1.00,3.20
2010.04.30 07:45:01.172,5.89045,5.8933,1.00,1.00
2010.04.30 07:45:05.175,5.8903,5.8933,3.20,1.00
2010.04.30 07:45:05.428,5.8903,5.8931,3.20,1.00
2010.04.30 07:45:06.161,5.8902,5.893,1.00,1.00
2010.04.30 07:45:06.518,5.89,5.8928,1.00,1.00
2010.04.30 07:45:06.864,5.89,5.8929,1.00,3.20
2010.04.30 07:45:07.683,5.88975,5.8927,1.00,1.00
2010.04.30 07:45:09.447,5.8899,5.89275,1.00,3.20
2010.04.30 07:45:10.289,5.8899,5.8929,1.00,3.20
2010.04.30 07:45:13.587,5.8899,5.8929,1.00,3.20
2010.04.30 07:45:14.114,5.8899,5.8929,1.00,3.20
2010.04.30 07:45:14.376,5.8903,5.8933,3.40,3.20
2010.04.30 07:45:15.559,5.89015,5.8931,1.00,3.20
2010.04.30 07:45:16.012,5.89035,5.8933,1.00,3.20
2010.04.30 07:45:16.948,5.8906,5.89335,1.00,3.20
2010.04.30 07:45:19.466,5.8904,5.89335,1.00,3.20
2010.04.30 07:45:19.646,5.8904,5.8933,1.00,3.20
2010.04.30 07:45:24.260,5.89055,5.89335,1.60,3.20
2010.04.30 07:45:24.584,5.8906,5.89335,1.00,3.20
2010.04.30 07:45:24.904,5.8906,5.8935,1.00,3.20
2010.04.30 07:45:26.036,5.8906,5.89335,1.00,3.20
2010.04.30 07:45:28.983,5.8904,5.8933,1.00,3.20
2010.04.30 07:45:30.410,5.89085,5.8933,1.60,3.20
2010.04.30 07:45:30.701,5.89085,5.8933,1.60,3.30
2010.04.30 07:45:37.027,5.89075,5.8931,1.60,1.00
2010.04.30 07:45:40.817,5.89055,5.8931,1.60,1.00
2010.04.30 07:45:41.554,5.89045,5.8931,1.60,1.00
2010.04.30 07:45:44.738,5.89045,5.89315,1.60,3.20
2010.04.30 07:45:44.928,5.89055,5.8933,1.60,3.20
2010.04.30 07:45:46.483,5.89055,5.8933,1.60,3.30
2010.04.30 07:45:47.046,5.89075,5.8933,1.60,3.30
2010.04.30 07:45:48.469,5.89055,5.8931,1.60,1.00
2010.04.30 07:45:48.916,5.89035,5.8931,1.60,1.00
2010.04.30 07:45:49.401,5.89025,5.8931,1.60,1.00
2010.04.30 07:45:50.422,5.8902,5.8931,1.00,3.20
2010.04.30 07:45:52.278,5.89005,5.8931,4.80,3.20
2010.04.30 07:45:52.535,5.89005,5.8928,1.60,1.00
2010.04.30 07:45:56.983,5.89035,5.8933,1.00,3.20
2010.04.30 07:45:58.719,5.89015,5.8931,1.80,3.20
2010.04.30 07:46:00.517,5.89015,5.893,1.80,1.00
2010.04.30 07:46:01.563,5.89015,5.893,1.80,1.00
2010.04.30 07:46:04.585,5.89035,5.8932,1.00,1.00
2010.04.30 07:46:04.939,5.89015,5.893,1.80,1.00
2010.04.30 07:46:07.619,5.89035,5.8932,1.00,1.00
2010.04.30 07:46:08.259,5.89015,5.893,1.80,1.00
2010.04.30 07:46:09.191,5.8897,5.8926,1.00,1.00
2010.04.30 07:46:09.541,5.8899,5.8928,1.00,1.00
2010.04.30 07:46:10.075,5.8899,5.89265,1.00,3.20
2010.04.30 07:46:10.431,5.8899,5.89285,1.00,4.80
2010.04.30 07:46:11.897,5.8899,5.89285,1.00,3.20
2010.04.30 07:46:12.261,5.8898,5.8925,3.20,1.00
2010.04.30 07:46:12.560,5.88955,5.8924,1.00,3.20
2010.04.30 07:46:13.347,5.88985,5.8928,1.00,3.20
2010.04.30 07:46:13.701,5.8903,5.8931,1.00,3.20
2010.04.30 07:46:14.051,5.8904,5.8934,3.40,1.00
2010.04.30 07:46:14.697,5.8904,5.89335,1.00,3.20
2010.04.30 07:46:15.037,5.8904,5.8933,1.00,3.20
2010.04.30 07:46:17.072,5.8904,5.8933,1.00,3.20
2010.04.30 07:46:19.128,5.8904,5.8933,1.00,3.20
2010.04.30 07:46:19.320,5.8906,5.8933,1.00,3.20
2010.04.30 07:46:19.523,5.8906,5.89345,1.00,3.20
2010.04.30 07:46:20.239,5.8906,5.8935,1.00,3.20
2010.04.30 07:46:20.925,5.89075,5.8937,1.00,3.20
2010.04.30 07:46:31.091,5.89075,5.89365,1.00,1.60
2010.04.30 07:46:31.445,5.8906,5.89345,1.00,3.20
2010.04.30 07:46:33.194,5.89075,5.89345,1.00,3.20
2010.04.30 07:46:33.544,5.89075,5.89365,1.00,1.60
2010.04.30 07:46:34.185,5.89075,5.89355,1.00,1.60
2010.04.30 07:46:34.506,5.89075,5.89365,1.00,1.60
2010.04.30 07:46:37.026,5.89075,5.89355,1.00,1.60
2010.04.30 07:46:42.140,5.89075,5.89365,1.00,1.60
2010.04.30 07:46:45.637,5.8906,5.89345,1.00,3.20
2010.04.30 07:46:47.804,5.8906,5.89345,1.00,4.80
2010.04.30 07:46:48.532,5.8906,5.8934,1.00,1.00
2010.04.30 07:46:49.301,5.8906,5.89345,1.00,3.20
2010.04.30 07:46:49.537,5.89075,5.8936,1.00,1.00
2010.04.30 07:46:50.867,5.89075,5.8936,1.00,1.00
2010.04.30 07:46:51.706,5.891,5.89395,1.00,3.20
2010.04.30 07:46:52.411,5.8912,5.89395,1.00,3.20
2010.04.30 07:46:52.976,5.8912,5.89395,1.00,4.80
2010.04.30 07:46:54.132,5.8912,5.89395,1.00,3.20
2010.04.30 07:46:54.773,5.8912,5.8936,1.00,1.00
2010.04.30 07:46:55.587,5.89085,5.8937,1.00,3.20
2010.04.30 07:46:55.892,5.891,5.89375,1.00,3.20
2010.04.30 07:47:02.909,5.89085,5.8937,1.00,1.00
2010.04.30 07:47:03.253,5.89085,5.8937,1.00,3.20
2010.04.30 07:47:03.952,5.8906,5.8932,1.00,1.00
2010.04.30 07:47:04.789,5.8904,5.8932,1.00,1.00
2010.04.30 07:47:05.572,5.8904,5.8932,1.00,1.00
2010.04.30 07:47:08.314,5.89065,5.8932,3.20,1.00
2010.04.30 07:47:08.357,5.8904,5.8932,3.40,1.00
2010.04.30 07:47:08.642,5.8904,5.8932,1.00,1.00
2010.04.30 07:47:10.646,5.8906,5.89335,1.00,3.20
2010.04.30 07:47:10.882,5.8906,5.8934,1.00,1.00
2010.04.30 07:47:19.798,5.8906,5.8932,1.00,1.00
2010.04.30 07:47:20.040,5.8904,5.8932,1.00,1.00
2010.04.30 07:47:20.388,5.8904,5.89315,1.00,1.60
2010.04.30 07:47:21.390,5.8904,5.8932,1.00,1.00
2010.04.30 07:47:23.014,5.8904,5.8931,1.00,1.00
2010.04.30 07:47:24.272,5.8904,5.8927,1.00,1.00
2010.04.30 07:47:24.512,5.8901,5.893,1.00,1.00
2010.04.30 07:47:25.465,5.8901,5.8929,1.00,1.00
2010.04.30 07:47:27.053,5.8901,5.8931,1.00,3.20
2010.04.30 07:47:27.797,5.8903,5.8931,1.00,1.00
2010.04.30 07:47:29.858,5.8905,5.8933,1.60,3.20
2010.04.30 07:47:30.135,5.8907,5.89355,1.00,1.60
2010.04.30 07:47:30.406,5.8907,5.8936,1.00,1.00
2010.04.30 07:47:38.941,5.8907,5.89345,1.00,1.60
2010.04.30 07:47:39.498,5.8907,5.8934,1.00,1.00
2010.04.30 07:47:39.809,5.8906,5.89335,1.00,1.60
2010.04.30 07:47:40.442,5.8906,5.89335,1.00,4.80
2010.04.30 07:47:43.384,5.8906,5.89335,1.00,1.60
2010.04.30 07:47:44.401,5.8907,5.89355,3.20,1.60
2010.04.30 07:47:44.747,5.89075,5.89355,3.40,1.60
2010.04.30 07:47:45.066,5.89075,5.89375,3.40,1.60
2010.04.30 07:47:46.350,5.89075,5.89365,3.40,1.60
2010.04.30 07:47:49.115,5.891,5.89375,6.60,1.60
2010.04.30 07:47:49.848,5.8912,5.89385,1.00,1.60
2010.04.30 07:47:50.100,5.8917,5.89435,3.20,1.60
2010.04.30 07:47:50.416,5.8917,5.89425,3.20,1.60
2010.04.30 07:47:50.736,5.89145,5.8942,3.40,1.00
2010.04.30 07:47:51.241,5.89145,5.8942,1.00,1.00
2010.04.30 07:47:51.567,5.89125,5.8942,3.40,1.00
2010.04.30 07:47:51.890,5.89125,5.89415,1.00,1.60
2010.04.30 07:47:53.369,5.89125,5.8942,1.00,3.20
2010.04.30 07:47:54.252,5.89125,5.89415,1.00,1.60
2010.04.30 07:47:55.328,5.89125,5.89405,1.00,1.60
2010.04.30 07:47:58.232,5.89125,5.8942,1.00,3.20
2010.04.30 07:47:58.528,5.8916,5.89425,1.00,1.60
2010.04.30 07:48:01.371,5.8916,5.89425,3.40,1.60
2010.04.30 07:48:01.549,5.8916,5.89435,3.40,1.60
2010.04.30 07:48:01.898,5.8916,5.89445,3.40,1.60
2010.04.30 07:48:03.053,5.8916,5.89425,3.40,1.60
2010.04.30 07:48:03.401,5.89145,5.89425,1.00,1.60
2010.04.30 07:48:03.748,5.89145,5.89415,1.00,1.60
2010.04.30 07:48:05.256,5.89125,5.89405,1.00,1.60
2010.04.30 07:48:05.585,5.89125,5.89395,1.00,1.60
2010.04.30 07:48:06.399,5.89125,5.89405,1.00,1.60
2010.04.30 07:48:06.750,5.89125,5.89395,1.00,1.60
2010.04.30 07:48:07.096,5.89125,5.89415,1.00,1.60
2010.04.30 07:48:08.614,5.89145,5.89415,1.00,1.60
2010.04.30 07:48:13.360,5.89145,5.89405,1.00,1.60
2010.04.30 07:48:13.591,5.89125,5.89395,1.00,1.60
2010.04.30 07:48:20.191,5.89125,5.89385,1.00,1.60
2010.04.30 07:48:20.531,5.891,5.8938,1.00,3.20
2010.04.30 07:48:21.408,5.89115,5.8936,3.20,1.00
2010.04.30 07:48:21.762,5.89085,5.8934,1.00,1.00
2010.04.30 07:48:22.115,5.89055,5.8934,3.40,1.00
2010.04.30 07:48:22.596,5.89055,5.8934,1.00,1.00
2010.04.30 07:48:22.949,5.89075,5.89345,1.00,1.60
2010.04.30 07:48:23.293,5.89075,5.89355,1.00,1.60
2010.04.30 07:48:23.642,5.89075,5.8936,1.00,1.00
2010.04.30 07:48:38.540,5.89075,5.8936,1.00,1.00
2010.04.30 07:48:41.530,5.89075,5.89375,1.00,4.80
2010.04.30 07:48:41.723,5.89115,5.89375,3.40,1.60
2010.04.30 07:48:41.901,5.891,5.89375,1.00,1.60
2010.04.30 07:48:44.060,5.8912,5.89385,1.00,1.60
2010.04.30 07:48:45.118,5.8912,5.89385,3.40,1.60
2010.04.30 07:48:51.022,5.8912,5.89395,3.40,1.60
2010.04.30 07:48:54.264,5.8912,5.894,3.40,1.00
2010.04.30 07:48:54.400,5.8912,5.89395,3.40,1.60
2010.04.30 07:48:57.556,5.8915,5.89405,3.20,1.60
2010.04.30 07:48:57.745,5.89145,5.89405,1.00,1.60
2010.04.30 07:48:58.113,5.8915,5.89405,3.20,1.60
2010.04.30 07:48:59.256,5.89145,5.89405,3.40,1.60
2010.04.30 07:49:00.661,5.89145,5.89405,1.00,1.60
2010.04.30 07:49:05.031,5.8914,5.89395,3.20,1.60
2010.04.30 07:49:05.309,5.89125,5.89395,1.00,1.60
2010.04.30 07:49:05.601,5.89125,5.89385,1.00,1.60
2010.04.30 07:49:14.388,5.89125,5.89395,1.00,1.60
2010.04.30 07:49:28.368,5.89125,5.89385,1.00,1.60
2010.04.30 07:49:32.912,5.89125,5.89395,1.00,1.60
2010.04.30 07:49:35.422,5.89125,5.89385,1.00,1.60
2010.04.30 07:49:36.483,5.89125,5.89405,1.00,1.60
2010.04.30 07:49:36.753,5.89125,5.894,1.00,1.00
2010.04.30 07:49:37.022,5.89125,5.89395,1.00,1.60
2010.04.30 07:49:38.879,5.89125,5.894,1.00,1.00
2010.04.30 07:49:39.785,5.89125,5.89395,1.00,1.60
2010.04.30 07:49:40.371,5.89125,5.894,1.00,1.00
2010.04.30 07:49:40.614,5.89145,5.89405,1.00,1.60
2010.04.30 07:49:41.307,5.89125,5.894,3.40,1.00
2010.04.30 07:49:41.655,5.89125,5.894,1.00,1.00
2010.04.30 07:49:42.698,5.89125,5.89395,1.00,1.60
2010.04.30 07:49:45.243,5.89125,5.894,1.00,1.00
2010.04.30 07:49:45.653,5.89125,5.89405,1.00,1.60
2010.04.30 07:49:45.858,5.89125,5.89415,1.00,1.60
2010.04.30 07:49:46.391,5.89125,5.894,1.00,1.00
2010.04.30 07:49:46.765,5.89165,5.89435,3.20,1.60
2010.04.30 07:49:47.452,5.89165,5.89445,3.20,1.60
2010.04.30 07:50:01.768,5.89165,5.89435,3.20,1.60
2010.04.30 07:50:01.947,5.89165,5.89445,3.20,1.60
2010.04.30 07:50:02.729,5.8917,5.89455,3.20,1.60
2010.04.30 07:50:03.138,5.8919,5.89455,1.00,1.60
2010.04.30 07:50:05.837,5.8917,5.89445,1.00,1.60
2010.04.30 07:50:08.307,5.8917,5.8945,1.00,1.00
2010.04.30 07:50:11.607,5.89205,5.89475,1.00,1.60
2010.04.30 07:50:11.823,5.89205,5.8949,1.00,1.00
2010.04.30 07:50:12.475,5.89205,5.8949,3.40,1.00
2010.04.30 07:50:14.815,5.89205,5.89485,3.40,1.60
2010.04.30 07:50:14.997,5.89205,5.89475,3.40,1.60
2010.04.30 07:50:15.392,5.89205,5.89485,3.40,1.60
2010.04.30 07:50:19.803,5.89205,5.8949,3.40,1.00
2010.04.30 07:50:21.653,5.89205,5.8949,1.00,1.00
2010.04.30 07:50:22.100,5.89205,5.8949,3.40,1.00
2010.04.30 07:50:27.282,5.89205,5.89485,3.40,1.60
2010.04.30 07:50:27.956,5.89205,5.89475,3.40,1.60
2010.04.30 07:50:28.092,5.8919,5.8947,1.00,1.00
2010.04.30 07:50:30.519,5.8919,5.89465,1.00,1.60
2010.04.30 07:50:32.379,5.8917,5.8945,1.00,1.00
2010.04.30 07:50:38.030,5.8919,5.89485,3.20,1.60
2010.04.30 07:50:38.307,5.89205,5.89485,1.00,1.60
2010.04.30 07:50:43.886,5.89205,5.89475,1.00,1.60
2010.04.30 07:50:45.310,5.8919,5.8947,1.00,1.00
2010.04.30 07:50:47.096,5.89195,5.89485,3.20,1.60
2010.04.30 07:50:47.898,5.89205,5.89485,1.00,1.60
2010.04.30 07:50:48.838,5.89205,5.89475,1.00,1.60
2010.04.30 07:50:54.224,5.89205,5.89495,1.00,1.60
2010.04.30 07:50:54.902,5.89205,5.89485,1.00,1.60
2010.04.30 07:50:56.987,5.89205,5.89495,1.00,1.60
2010.04.30 07:50:57.772,5.89205,5.89485,1.00,1.60
2010.04.30 07:51:00.201,5.89205,5.89495,1.00,1.60
2010.04.30 07:51:01.028,5.89205,5.89485,1.00,1.60
2010.04.30 07:51:01.373,5.89205,5.89475,1.00,1.60
2010.04.30 07:51:05.921,5.89205,5.89495,1.00,1.60
2010.04.30 07:51:10.318,5.89205,5.89475,1.00,1.60
2010.04.30 07:51:12.618,5.89205,5.89485,1.00,1.60
2010.04.30 07:51:13.470,5.89205,5.89475,1.00,3.20
2010.04.30 07:51:13.583,5.8921,5.89495,3.20,4.80
2010.04.30 07:51:13.710,5.8921,5.89465,3.20,1.60
2010.04.30 07:51:13.830,5.8919,5.89465,3.80,1.60
2010.04.30 07:51:14.058,5.8919,5.8947,3.80,1.00
2010.04.30 07:51:14.626,5.8919,5.8947,1.00,1.00
2010.04.30 07:51:17.806,5.8919,5.8947,1.00,1.00
2010.04.30 07:51:19.799,5.89205,5.89485,1.00,1.60
2010.04.30 07:51:21.321,5.89255,5.89505,3.20,1.60
2010.04.30 07:51:21.556,5.89235,5.89515,1.00,1.60
2010.04.30 07:51:21.787,5.89235,5.895,1.00,1.00
2010.04.30 07:51:22.262,5.89215,5.895,1.00,1.00
2010.04.30 07:51:24.856,5.89215,5.89515,1.00,3.20
2010.04.30 07:51:25.443,5.89235,5.89515,1.00,1.60
2010.04.30 07:51:26.080,5.89235,5.8951,1.00,1.00
2010.04.30 07:51:34.424,5.89235,5.89505,1.00,1.60
2010.04.30 07:51:39.896,5.89235,5.89515,1.00,1.60
2010.04.30 07:51:40.559,5.89255,5.89515,3.20,1.60
2010.04.30 07:51:43.352,5.8927,5.89515,3.20,1.60
2010.04.30 07:51:43.511,5.8927,5.89525,3.20,1.60
2010.04.30 07:51:43.883,5.8927,5.8954,3.20,1.00
2010.04.30 07:51:45.530,5.89265,5.8954,3.20,1.00
2010.04.30 07:51:47.505,5.8926,5.8954,3.40,1.00
2010.04.30 07:51:47.759,5.8926,5.89525,3.40,1.60
2010.04.30 07:51:48.004,5.8926,5.89535,1.00,1.60
2010.04.30 07:51:48.945,5.89235,5.8949,3.20,1.00
2010.04.30 07:51:49.309,5.8921,5.8947,3.20,1.00
2010.04.30 07:51:50.152,5.8917,5.8945,1.00,1.00
2010.04.30 07:51:50.503,5.8917,5.89435,1.00,1.60
2010.04.30 07:51:51.940,5.8917,5.8945,1.00,1.00
2010.04.30 07:51:52.287,5.8921,5.89475,3.20,1.60
2010.04.30 07:51:54.121,5.8921,5.8946,3.20,1.00
2010.04.30 07:51:54.477,5.89125,5.89415,3.40,1.60
2010.04.30 07:51:55.333,5.89125,5.89405,1.00,1.60
2010.04.30 07:51:55.677,5.89145,5.89425,1.00,1.60
2010.04.30 07:51:56.467,5.89165,5.89425,3.20,1.60
2010.04.30 07:51:56.719,5.8916,5.89415,1.00,1.60
2010.04.30 07:51:56.963,5.89145,5.89415,1.00,1.60
2010.04.30 07:51:57.917,5.8916,5.89415,1.00,1.60
2010.04.30 07:51:58.272,5.89165,5.89415,3.20,1.60
2010.04.30 07:51:59.157,5.89165,5.89425,3.20,1.60
2010.04.30 07:52:02.135,5.89165,5.89445,3.20,1.60
2010.04.30 07:52:05.580,5.8921,5.89465,3.20,1.60
2010.04.30 07:52:05.837,5.8921,5.8949,3.20,1.00
2010.04.30 07:52:06.441,5.89215,5.89495,3.20,1.60
2010.04.30 07:52:06.795,5.89215,5.89465,1.00,1.60
2010.04.30 07:52:08.127,5.89215,5.89475,1.00,1.60
2010.04.30 07:52:08.458,5.89215,5.89465,1.00,1.60
2010.04.30 07:52:09.955,5.89215,5.89455,1.00,1.60
2010.04.30 07:52:10.209,5.8919,5.89455,1.00,1.60
2010.04.30 07:52:10.945,5.8917,5.89435,1.00,1.60
2010.04.30 07:52:11.625,5.8917,5.89425,1.00,1.60
2010.04.30 07:52:16.175,5.8917,5.894,1.00,1.00
2010.04.30 07:52:16.932,5.89125,5.8936,1.00,1.00
2010.04.30 07:52:17.244,5.891,5.89365,1.00,1.60
2010.04.30 07:52:17.585,5.891,5.89375,1.00,1.60
2010.04.30 07:52:18.902,5.8912,5.89385,1.00,1.60
2010.04.30 07:52:19.469,5.89145,5.89385,1.00,1.60
2010.04.30 07:52:20.281,5.8916,5.89445,1.00,1.60
2010.04.30 07:52:20.636,5.8919,5.89455,1.00,1.60
2010.04.30 07:52:22.488,5.8919,5.89445,1.00,1.60
2010.04.30 07:52:22.842,5.8917,5.89445,1.00,1.60
2010.04.30 07:52:25.005,5.8917,5.89425,1.00,1.60
2010.04.30 07:52:31.337,5.8917,5.89415,1.00,1.60
2010.04.30 07:52:32.525,5.8917,5.89425,1.00,1.60
2010.04.30 07:52:35.989,5.8917,5.89435,1.00,1.60
2010.04.30 07:52:37.106,5.8917,5.89425,1.00,1.60
2010.04.30 07:52:39.156,5.8917,5.89435,1.00,1.60
2010.04.30 07:52:40.408,5.8917,5.89445,1.00,1.60
2010.04.30 07:52:55.453,5.8917,5.89435,1.00,1.60
2010.04.30 07:53:01.286,5.8917,5.89425,1.00,1.60
2010.04.30 07:53:13.215,5.89145,5.894,1.00,1.00
2010.04.30 07:53:13.485,5.89125,5.89385,1.00,1.60
2010.04.30 07:53:14.000,5.89125,5.89375,1.00,1.60
2010.04.30 07:53:14.358,5.891,5.89365,1.00,1.60
2010.04.30 07:53:15.557,5.891,5.89375,1.00,1.60
2010.04.30 07:53:15.903,5.891,5.89365,1.00,1.60
2010.04.30 07:53:30.867,5.891,5.8935,1.00,1.00
2010.04.30 07:53:31.146,5.8908,5.8935,1.00,1.00
2010.04.30 07:53:32.168,5.89115,5.89385,1.00,1.60
2010.04.30 07:53:36.364,5.89115,5.89395,1.00,1.60
2010.04.30 07:53:39.541,5.89145,5.89405,3.40,1.60
2010.04.30 07:53:40.373,5.8916,5.89425,3.40,1.60
2010.04.30 07:53:40.716,5.8916,5.89435,3.40,1.60
2010.04.30 07:53:43.456,5.8916,5.89395,3.40,1.60
2010.04.30 07:53:44.739,5.89205,5.89415,3.20,1.60
2010.04.30 07:53:45.091,5.8925,5.89495,3.20,1.60
2010.04.30 07:53:46.998,5.8923,5.89485,1.00,1.60
2010.04.30 07:53:51.093,5.89225,5.89465,3.20,1.60
2010.04.30 07:53:51.355,5.8921,5.89475,1.00,1.60
2010.04.30 07:53:51.595,5.8921,5.89455,1.00,1.60
2010.04.30 07:53:57.970,5.8921,5.89465,1.00,1.60
2010.04.30 07:53:58.657,5.8921,5.89475,1.00,1.60
2010.04.30 07:53:59.703,5.8921,5.89485,1.00,1.60
2010.04.30 07:54:01.059,5.8921,5.89475,1.00,1.60
2010.04.30 07:54:05.238,5.8921,5.89465,1.00,1.60
2010.04.30 07:54:06.728,5.8921,5.89475,1.00,1.60
2010.04.30 07:54:11.214,5.8921,5.89465,1.00,1.60
2010.04.30 07:54:14.356,5.8921,5.89455,1.00,1.60
2010.04.30 07:54:14.807,5.89185,5.89455,1.00,1.60
2010.04.30 07:54:15.477,5.89185,5.89445,1.00,1.60
2010.04.30 07:54:16.196,5.89165,5.89445,1.00,1.60
2010.04.30 07:54:17.283,5.8923,5.89475,3.20,1.60
2010.04.30 07:54:19.152,5.8923,5.89485,3.20,1.60
2010.04.30 07:54:25.310,5.89225,5.89485,1.00,1.60
2010.04.30 07:54:26.354,5.89225,5.89475,1.00,1.60
2010.04.30 07:54:27.291,5.89155,5.89405,1.00,1.60
2010.04.30 07:54:29.714,5.8914,5.89395,1.00,1.60
2010.04.30 07:54:32.194,5.8917,5.89415,1.00,1.60
2010.04.30 07:54:33.725,5.89155,5.89405,1.00,1.60
2010.04.30 07:54:33.972,5.8914,5.89385,1.00,1.60
2010.04.30 07:54:35.090,5.8915,5.89395,1.00,1.60
2010.04.30 07:54:38.668,5.8915,5.89385,1.00,1.60
2010.04.30 07:54:38.891,5.89135,5.89385,1.00,1.60
2010.04.30 07:54:39.569,5.89135,5.89395,1.00,1.60
2010.04.30 07:54:40.262,5.8915,5.89395,1.00,1.60
2010.04.30 07:54:41.633,5.89135,5.89395,1.00,1.60
2010.04.30 07:54:42.502,5.8915,5.89395,1.00,1.60
2010.04.30 07:54:46.419,5.89135,5.89395,1.00,1.60
2010.04.30 07:54:50.462,5.89135,5.89385,1.00,1.60
2010.04.30 07:54:53.986,5.89135,5.89375,1.00,1.60
2010.04.30 07:54:54.527,5.89135,5.89365,1.00,1.60
2010.04.30 07:54:55.082,5.8912,5.89365,1.00,1.60
2010.04.30 07:54:55.434,5.8909,5.89345,1.00,1.60
2010.04.30 07:54:59.511,5.89065,5.89305,1.00,1.60
2010.04.30 07:54:59.765,5.8908,5.89325,1.00,1.60
2010.04.30 07:55:00.010,5.8908,5.89335,1.00,1.60
2010.04.30 07:55:00.260,5.8908,5.89335,3.40,1.60
2010.04.30 07:55:01.103,5.8908,5.89315,3.40,1.60
2010.04.30 07:55:01.456,5.89065,5.89315,1.00,1.60
2010.04.30 07:55:01.812,5.8908,5.89325,3.40,1.60
2010.04.30 07:55:06.012,5.8908,5.89325,1.00,1.60
2010.04.30 07:55:09.447,5.89055,5.89325,1.60,1.60
2010.04.30 07:55:09.983,5.8908,5.89325,1.00,1.60
2010.04.30 07:55:10.224,5.8908,5.89315,1.00,1.60
2010.04.30 07:55:14.922,5.8908,5.89325,1.00,1.60
2010.04.30 07:55:16.388,5.8908,5.89335,1.00,1.60
2010.04.30 07:55:26.191,5.8908,5.89355,1.00,1.60
2010.04.30 07:55:26.891,5.8908,5.89345,1.00,1.60
2010.04.30 07:55:30.038,5.8908,5.8935,1.00,1.00
2010.04.30 07:55:30.367,5.8908,5.8935,1.00,1.00
2010.04.30 07:55:35.317,5.8908,5.89355,1.00,1.60
2010.04.30 07:55:36.169,5.8908,5.89335,1.00,1.60
2010.04.30 07:55:37.103,5.8908,5.89345,1.00,1.60
2010.04.30 07:55:37.727,5.89125,5.89355,1.00,1.60
2010.04.30 07:55:37.997,5.89125,5.89395,1.00,1.60
2010.04.30 07:55:38.577,5.8915,5.89395,1.00,1.60
2010.04.30 07:55:38.935,5.8911,5.89375,1.00,1.60
2010.04.30 07:55:39.280,5.8911,5.89365,1.00,1.60
2010.04.30 07:55:40.465,5.8911,5.89355,1.00,1.60
2010.04.30 07:55:46.665,5.89125,5.89365,1.00,1.60
2010.04.30 07:55:47.875,5.89125,5.89355,1.00,1.60
2010.04.30 07:55:48.163,5.89125,5.89365,1.00,1.60
2010.04.30 07:55:49.219,5.8917,5.89395,1.00,1.60
2010.04.30 07:55:49.425,5.8917,5.89405,1.00,1.60
2010.04.30 07:55:51.292,5.8917,5.89415,1.00,1.60
2010.04.30 07:55:56.962,5.8917,5.89405,1.00,1.60
2010.04.30 07:56:01.518,5.8917,5.89415,1.00,1.60
2010.04.30 07:56:02.412,5.8917,5.89405,1.00,1.60
2010.04.30 07:56:11.678,5.8917,5.89415,1.00,1.60
2010.04.30 07:56:12.496,5.89195,5.89435,1.00,1.60
2010.04.30 07:56:17.357,5.89185,5.89435,3.20,1.60
2010.04.30 07:56:17.706,5.8918,5.89435,1.00,1.60
2010.04.30 07:56:19.007,5.8918,5.89445,1.00,1.60
2010.04.30 07:56:19.273,5.8921,5.89455,1.00,1.60
2010.04.30 07:56:19.794,5.8921,5.89475,1.00,1.60
2010.04.30 07:56:20.511,5.8921,5.89465,1.00,1.60
2010.04.30 07:56:21.846,5.8926,5.89465,3.20,1.60
2010.04.30 07:56:22.482,5.8926,5.89505,3.20,1.60
2010.04.30 07:56:22.694,5.89245,5.89485,3.20,1.60
2010.04.30 07:56:24.944,5.89255,5.89495,3.20,1.60
2010.04.30 07:56:25.817,5.89255,5.89505,3.20,1.60
2010.04.30 07:56:27.068,5.89255,5.89515,3.20,1.60
2010.04.30 07:56:29.642,5.89255,5.89505,3.20,1.60
2010.04.30 07:56:30.460,5.89255,5.89515,3.20,1.60
2010.04.30 07:56:31.234,5.8924,5.89505,3.20,1.60
2010.04.30 07:56:31.571,5.8924,5.89515,3.20,1.60
2010.04.30 07:56:33.316,5.8924,5.89505,3.20,1.60
2010.04.30 07:56:34.177,5.8924,5.89485,3.20,1.60
2010.04.30 07:56:35.013,5.8924,5.89475,3.20,1.60
2010.04.30 07:56:35.370,5.89215,5.89465,1.00,1.60
2010.04.30 07:56:35.716,5.892,5.89465,3.40,1.60
2010.04.30 07:56:36.524,5.892,5.89455,3.40,1.60
2010.04.30 07:56:37.705,5.892,5.89445,3.40,1.60
2010.04.30 07:56:38.035,5.892,5.8944,1.00,1.00
2010.04.30 07:56:38.348,5.8916,5.8944,3.20,1.00
2010.04.30 07:56:38.665,5.8916,5.89415,3.20,1.60
2010.04.30 07:56:39.506,5.89135,5.89405,4.80,1.60
2010.04.30 07:56:39.856,5.89135,5.89385,4.80,1.60
2010.04.30 07:56:40.213,5.89115,5.89375,4.80,1.60
2010.04.30 07:56:40.730,5.89115,5.89365,3.20,1.60
2010.04.30 07:56:42.691,5.89115,5.89385,3.20,1.60
2010.04.30 07:56:42.896,5.89135,5.89395,3.20,1.60
2010.04.30 07:56:44.018,5.8916,5.89415,3.20,1.60
2010.04.30 07:56:44.368,5.8918,5.89435,3.20,1.60
2010.04.30 07:56:44.717,5.89185,5.89435,3.20,1.60
2010.04.30 07:56:45.536,5.8923,5.89485,3.20,1.60
2010.04.30 07:56:45.890,5.89245,5.89495,3.20,1.60
2010.04.30 07:56:47.464,5.89245,5.89505,3.20,1.60
2010.04.30 07:56:47.919,5.89245,5.89495,3.20,1.60
2010.04.30 07:56:49.528,5.8922,5.89475,3.20,1.60
2010.04.30 07:56:53.728,5.89225,5.89475,3.20,1.60
2010.04.30 07:56:53.966,5.8924,5.89475,3.20,1.60
2010.04.30 07:56:54.097,5.8924,5.89485,3.20,1.60
2010.04.30 07:56:55.213,5.8924,5.89495,3.20,1.60
2010.04.30 07:56:55.577,5.8927,5.89525,1.60,1.60
2010.04.30 07:56:55.933,5.8929,5.89545,3.20,1.60
2010.04.30 07:56:57.657,5.8929,5.89535,3.20,1.60
2010.04.30 07:56:58.689,5.89345,5.89585,3.20,1.60
2010.04.30 07:56:59.789,5.89345,5.8956,3.20,1.00
2010.04.30 07:57:00.133,5.8926,5.89525,1.00,1.60
2010.04.30 07:57:00.478,5.89245,5.89515,3.40,1.60
2010.04.30 07:57:01.382,5.89225,5.89485,3.20,1.60
2010.04.30 07:57:01.723,5.8922,5.8947,3.20,1.00
2010.04.30 07:57:02.074,5.89215,5.89475,1.00,1.60
2010.04.30 07:57:02.601,5.89215,5.8947,1.00,1.00
2010.04.30 07:57:02.954,5.892,5.89465,3.40,1.60
2010.04.30 07:57:03.298,5.892,5.89455,3.40,1.60
2010.04.30 07:57:06.503,5.892,5.89415,3.40,1.60
2010.04.30 07:57:06.853,5.8917,5.89425,3.20,1.60
2010.04.30 07:57:07.115,5.89165,5.89425,3.40,1.60
2010.04.30 07:57:07.618,5.89165,5.89435,3.40,1.60
2010.04.30 07:57:08.149,5.89165,5.89445,3.40,1.60
2010.04.30 07:57:08.504,5.89205,5.89445,3.20,1.60
2010.04.30 07:57:08.851,5.8919,5.89445,1.00,1.60
2010.04.30 07:57:09.676,5.89185,5.89435,3.20,1.60
2010.04.30 07:57:10.033,5.89205,5.89445,3.20,1.60
2010.04.30 07:57:11.167,5.89205,5.89435,3.20,1.60
2010.04.30 07:57:12.567,5.89185,5.89425,1.60,1.60
2010.04.30 07:57:13.077,5.89185,5.89435,1.60,1.60
2010.04.30 07:57:13.435,5.8921,5.89425,3.20,1.60
2010.04.30 07:57:13.784,5.8923,5.89455,3.20,1.60
2010.04.30 07:57:15.422,5.8923,5.89465,3.20,1.60
2010.04.30 07:57:17.942,5.8923,5.89455,3.20,1.60
2010.04.30 07:57:18.723,5.8923,5.89435,3.20,1.60
2010.04.30 07:57:19.423,5.89205,5.89435,3.20,1.60
2010.04.30 07:57:19.777,5.89185,5.89435,3.20,1.60
2010.04.30 07:57:22.099,5.89185,5.89415,3.20,1.60
2010.04.30 07:57:22.639,5.89185,5.89405,3.20,1.60
2010.04.30 07:57:22.840,5.89175,5.89405,3.40,1.60
2010.04.30 07:57:23.385,5.89175,5.89405,1.00,1.60
2010.04.30 07:57:25.142,5.8919,5.89415,3.40,1.60
2010.04.30 07:57:25.542,5.8919,5.89425,3.40,1.60
2010.04.30 07:57:26.668,5.8917,5.89425,1.00,1.60
2010.04.30 07:57:27.012,5.8916,5.89425,1.00,1.60
2010.04.30 07:57:27.360,5.8916,5.89415,1.00,1.60
2010.04.30 07:57:34.077,5.8916,5.89405,1.00,1.60
2010.04.30 07:57:34.499,5.8913,5.89405,1.00,1.60
2010.04.30 07:57:37.179,5.89115,5.89385,1.00,1.60
2010.04.30 07:57:38.044,5.89095,5.89355,3.20,1.60
2010.04.30 07:57:41.059,5.8911,5.89365,3.20,1.60
2010.04.30 07:57:41.405,5.8911,5.89375,3.20,1.60
2010.04.30 07:57:43.472,5.89115,5.89375,3.20,1.60
2010.04.30 07:57:43.734,5.8911,5.89375,3.20,1.60
2010.04.30 07:57:45.155,5.8911,5.8938,3.20,1.00
2010.04.30 07:57:45.224,5.8911,5.894,3.20,1.00
2010.04.30 07:57:45.295,5.8911,5.89415,3.20,4.80
2010.04.30 07:57:45.366,5.8913,5.89415,1.00,4.80
2010.04.30 07:57:45.636,5.8913,5.89415,1.00,1.60
2010.04.30 07:57:47.416,5.8915,5.89435,1.00,1.60
2010.04.30 07:57:48.673,5.8915,5.89425,3.20,1.60
2010.04.30 07:57:49.018,5.8915,5.89435,1.00,1.60
2010.04.30 07:57:51.395,5.8915,5.8944,1.00,3.20
2010.04.30 07:57:52.612,5.8916,5.89445,3.20,1.60
2010.04.30 07:57:53.470,5.8916,5.8944,3.20,1.00
2010.04.30 07:57:56.130,5.8916,5.8944,3.20,1.00
2010.04.30 07:57:58.790,5.8915,5.8944,1.00,3.30
2010.04.30 07:57:59.112,5.8915,5.8942,1.00,1.00
2010.04.30 07:57:59.795,5.8915,5.89435,1.00,1.60
2010.04.30 07:58:00.143,5.8915,5.8942,1.00,1.00
2010.04.30 07:58:00.490,5.8915,5.89435,1.00,1.60
2010.04.30 07:58:01.523,5.8913,5.89415,1.00,1.60
2010.04.30 07:58:02.341,5.8915,5.8942,1.00,1.00
2010.04.30 07:58:02.689,5.8913,5.89415,1.00,1.60
2010.04.30 07:58:03.033,5.8915,5.89415,1.00,1.60
2010.04.30 07:58:03.810,5.8913,5.89415,1.00,1.60
2010.04.30 07:58:04.120,5.8915,5.89435,1.00,1.60
2010.04.30 07:58:11.406,5.8915,5.8944,1.00,3.30
2010.04.30 07:58:14.216,5.8914,5.8939,3.20,1.00
2010.04.30 07:58:14.311,5.89115,5.8939,3.40,1.00
2010.04.30 07:58:14.895,5.89115,5.8939,1.00,1.00
2010.04.30 07:58:18.810,5.8913,5.8941,1.00,1.00
2010.04.30 07:58:19.093,5.8914,5.8941,3.20,1.00
2010.04.30 07:58:19.368,5.8913,5.8941,3.40,1.00
2010.04.30 07:58:21.388,5.8915,5.89435,1.00,4.80
2010.04.30 07:58:21.629,5.8915,5.89435,3.40,1.60
2010.04.30 07:58:22.688,5.8916,5.89435,3.20,1.60
2010.04.30 07:58:22.996,5.89155,5.89435,3.20,1.60
2010.04.30 07:58:23.300,5.89155,5.8941,3.20,1.00
2010.04.30 07:58:24.148,5.8914,5.8941,3.20,1.00
2010.04.30 07:58:24.864,5.89135,5.8941,3.20,1.00
2010.04.30 07:58:25.570,5.89135,5.8943,3.20,1.00
2010.04.30 07:58:25.920,5.8916,5.8943,3.20,1.00
2010.04.30 07:58:26.525,5.8916,5.8943,3.20,1.00
2010.04.30 07:58:27.404,5.89165,5.8943,1.00,1.00
2010.04.30 07:58:27.644,5.8918,5.89465,3.20,1.60
2010.04.30 07:58:33.479,5.8918,5.8947,3.20,1.00
2010.04.30 07:58:38.019,5.89185,5.89485,1.60,3.20
2010.04.30 07:58:38.232,5.892,5.8942,3.20,1.00
2010.04.30 07:58:38.441,5.89175,5.8946,3.20,1.00
2010.04.30 07:58:39.229,5.89155,5.8944,3.20,1.00
2010.04.30 07:58:39.504,5.89155,5.8944,3.20,1.00
2010.04.30 07:58:40.841,5.89155,5.8945,3.20,1.00
2010.04.30 07:58:41.900,5.89165,5.8946,1.00,3.20
2010.04.30 07:58:44.930,5.89155,5.8945,3.20,1.00
2010.04.30 07:58:45.150,5.89145,5.8944,1.00,3.20
2010.04.30 07:58:45.364,5.89165,5.8944,1.00,3.20
2010.04.30 07:58:46.200,5.89165,5.8946,1.00,3.20
2010.04.30 07:58:46.893,5.89165,5.89445,1.00,1.60
2010.04.30 07:58:47.685,5.89155,5.8942,3.20,1.00
2010.04.30 07:58:47.999,5.8913,5.8942,3.40,1.00
2010.04.30 07:58:49.667,5.89135,5.8944,3.20,3.20
2010.04.30 07:58:50.017,5.89145,5.89435,1.00,1.60
2010.04.30 07:58:51.740,5.89145,5.8942,1.00,1.00
2010.04.30 07:58:51.776,5.89135,5.8942,3.20,1.00
2010.04.30 07:58:52.094,5.8913,5.8942,3.40,1.00
2010.04.30 07:58:53.251,5.8913,5.89385,3.40,1.60
2010.04.30 07:58:54.210,5.8913,5.89375,3.40,1.60
2010.04.30 07:58:54.915,5.89115,5.89345,3.20,1.60
2010.04.30 07:58:55.263,5.891,5.89345,3.20,1.60
2010.04.30 07:58:55.949,5.89085,5.89335,3.40,1.60
2010.04.30 07:58:56.789,5.8907,5.89315,3.20,1.60
2010.04.30 07:58:57.128,5.8906,5.89315,3.20,1.60
2010.04.30 07:58:59.839,5.8908,5.89325,3.20,1.60
2010.04.30 07:59:00.088,5.8908,5.89345,3.20,1.60
2010.04.30 07:59:00.804,5.89075,5.89365,1.00,1.60
2010.04.30 07:59:01.153,5.8909,5.89355,3.20,1.60
2010.04.30 07:59:03.257,5.8909,5.8935,3.20,1.00
2010.04.30 07:59:03.478,5.89075,5.89365,3.20,1.60
2010.04.30 07:59:03.700,5.8909,5.8933,3.20,1.00
2010.04.30 07:59:03.919,5.8905,5.8933,3.20,1.00
2010.04.30 07:59:04.742,5.89075,5.89345,3.20,1.60
2010.04.30 07:59:06.723,5.8925,5.89545,3.20,3.00
2010.04.30 07:59:07.000,5.89145,5.89485,3.20,1.60
2010.04.30 07:59:07.278,5.8915,5.89485,3.20,1.60
2010.04.30 07:59:08.382,5.89155,5.8946,3.20,3.20
2010.04.30 07:59:12.178,5.89175,5.89465,3.20,1.60
2010.04.30 07:59:13.136,5.89195,5.89485,3.20,1.60
2010.04.30 07:59:13.741,5.89195,5.895,3.20,3.20
2010.04.30 07:59:14.585,5.89285,5.895,1.00,3.20
2010.04.30 07:59:14.893,5.8929,5.89575,3.20,1.60
2010.04.30 07:59:15.924,5.8929,5.89595,3.20,4.80
2010.04.30 07:59:16.925,5.8929,5.8959,3.20,1.00
2010.04.30 07:59:17.163,5.8929,5.89595,3.20,4.80
2010.04.30 07:59:17.403,5.89295,5.89595,1.60,3.20
2010.04.30 07:59:17.634,5.8931,5.89615,3.20,3.20
2010.04.30 07:59:18.241,5.8934,5.89625,3.20,1.60
2010.04.30 07:59:18.591,5.89345,5.89635,3.20,1.60
2010.04.30 07:59:18.888,5.8933,5.89615,3.20,1.60
2010.04.30 07:59:20.914,5.8933,5.89605,3.20,1.60
2010.04.30 07:59:21.505,5.8932,5.89605,3.20,1.60
2010.04.30 07:59:24.549,5.8932,5.89595,3.20,1.60
2010.04.30 07:59:35.418,5.8932,5.89605,3.20,1.60
2010.04.30 07:59:36.166,5.8932,5.89595,3.20,1.60
2010.04.30 07:59:36.678,5.8933,5.89615,1.00,1.60
2010.04.30 07:59:36.850,5.89345,5.89595,3.20,1.60
2010.04.30 07:59:37.032,5.8932,5.89595,3.20,1.60
2010.04.30 07:59:37.879,5.8933,5.89605,3.20,1.60
2010.04.30 07:59:38.220,5.89335,5.89605,3.20,1.60
2010.04.30 07:59:43.428,5.89335,5.89585,3.20,1.60
2010.04.30 07:59:44.602,5.89325,5.89585,3.20,1.60
2010.04.30 07:59:44.855,5.893,5.89585,6.40,1.60
2010.04.30 07:59:45.098,5.893,5.89585,3.20,1.60
2010.04.30 07:59:45.350,5.89305,5.89595,1.60,1.60
2010.04.30 07:59:46.227,5.89325,5.89595,3.20,1.60
2010.04.30 07:59:46.581,5.893,5.89575,3.20,1.60
2010.04.30 07:59:47.049,5.893,5.8957,3.20,1.00
2010.04.30 07:59:47.759,5.893,5.89555,3.20,1.60
2010.04.30 07:59:48.112,5.8928,5.89535,3.20,1.60
2010.04.30 07:59:48.994,5.8928,5.89545,3.20,1.60
2010.04.30 07:59:49.278,5.8928,5.89535,3.20,1.60
2010.04.30 07:59:49.895,5.8928,5.89545,3.20,1.60
2010.04.30 07:59:50.760,5.89295,5.89545,1.60,1.60
2010.04.30 07:59:51.886,5.89295,5.89555,1.60,1.60
2010.04.30 07:59:52.590,5.89305,5.89565,1.60,1.60
2010.04.30 07:59:52.941,5.8931,5.89565,3.20,1.60
2010.04.30 07:59:53.491,5.89325,5.89585,3.20,1.60
2010.04.30 07:59:54.235,5.89335,5.89585,3.20,1.60
2010.04.30 07:59:54.558,5.8934,5.89595,3.20,1.60
2010.04.30 07:59:58.463,5.89325,5.89585,3.20,1.60
2010.04.30 07:59:59.644,5.8933,5.89585,1.00,1.60
