2016.03.17 07:00:00.124,8.45009,8.45447,1.00,1.66
2016.03.17 07:00:00.333,8.44989,8.45448,1.00,1.66
2016.03.17 07:00:00.384,8.4496,8.45448,1.07,1.66
2016.03.17 07:00:00.493,8.44992,8.45482,1.66,1.00
2016.03.17 07:00:00.832,8.44997,8.45498,1.00,1.74
2016.03.17 07:00:00.962,8.45033,8.45507,1.66,1.07
2016.03.17 07:00:01.243,8.44997,8.45508,1.00,1.07
2016.03.17 07:00:01.416,8.45036,8.45508,1.00,1.07
2016.03.17 07:00:01.669,8.45036,8.45508,1.00,1.00
2016.03.17 07:00:01.871,8.45036,8.45557,1.00,1.07
2016.03.17 07:00:01.944,8.45036,8.45557,1.00,1.00
2016.03.17 07:00:01.995,8.45083,8.45487,1.66,1.66
2016.03.17 07:00:02.653,8.45042,8.45557,1.74,1.00
2016.03.17 07:00:02.906,8.45042,8.45557,1.66,1.00
2016.03.17 07:00:03.230,8.45036,8.45557,1.07,1.00
2016.03.17 07:00:03.636,8.45082,8.45577,1.00,1.07
2016.03.17 07:00:03.788,8.45082,8.45602,1.00,1.07
2016.03.17 07:00:04.116,8.45132,8.45538,1.66,1.66
2016.03.17 07:00:05.424,8.45102,8.45508,1.66,1.66
2016.03.17 07:00:05.850,8.45072,8.45478,1.66,1.66
2016.03.17 07:00:06.514,8.45032,8.45438,1.66,1.66
2016.03.17 07:00:11.066,8.45032,8.45399,1.66,1.00
2016.03.17 07:00:11.387,8.45032,8.45434,1.66,1.00
2016.03.17 07:00:11.577,8.45032,8.45438,1.66,1.66
2016.03.17 07:00:12.053,8.45032,8.45408,1.66,1.00
2016.03.17 07:00:12.605,8.45032,8.45438,1.66,1.66
2016.03.17 07:00:13.343,8.45032,8.4543,1.66,1.00
2016.03.17 07:00:13.495,8.45032,8.45438,1.66,1.66
2016.03.17 07:00:17.598,8.44972,8.45463,1.66,1.00
2016.03.17 07:00:17.649,8.44972,8.45463,1.66,1.07
2016.03.17 07:00:17.907,8.44962,8.45463,1.00,1.07
2016.03.17 07:00:19.399,8.44969,8.45478,1.00,1.37
2016.03.17 07:00:19.659,8.45018,8.4553,1.00,1.67
2016.03.17 07:00:19.778,8.45018,8.4553,1.00,1.60
2016.03.17 07:00:20.288,8.45018,8.4553,1.00,1.67
2016.03.17 07:00:20.624,8.45032,8.4553,1.66,1.67
2016.03.17 07:00:21.194,8.45047,8.4553,1.00,1.67
2016.03.17 07:00:21.306,8.45032,8.4553,1.66,1.67
2016.03.17 07:00:22.278,8.45047,8.4553,1.00,1.67
2016.03.17 07:00:22.438,8.45032,8.4553,1.66,1.67
2016.03.17 07:00:22.640,8.45044,8.4553,1.00,1.67
2016.03.17 07:00:22.741,8.45032,8.4553,1.66,1.67
2016.03.17 07:00:23.049,8.45008,8.45516,1.00,1.07
2016.03.17 07:00:23.150,8.44999,8.45485,1.00,1.00
2016.03.17 07:00:23.202,8.44976,8.45485,1.07,1.00
2016.03.17 07:00:23.372,8.44976,8.45485,1.00,1.07
2016.03.17 07:00:25.506,8.44988,8.45485,1.00,1.07
2016.03.17 07:00:25.658,8.44988,8.45485,1.00,1.00
2016.03.17 07:00:25.709,8.45015,8.45485,1.00,1.00
2016.03.17 07:00:27.919,8.45018,8.45485,1.00,1.00
2016.03.17 07:00:28.239,8.45037,8.45505,1.00,1.00
2016.03.17 07:00:28.290,8.45037,8.45541,1.00,1.00
2016.03.17 07:00:28.340,8.45059,8.45541,1.00,1.00
2016.03.17 07:00:28.595,8.45042,8.45541,1.00,1.00
2016.03.17 07:00:29.886,8.45042,8.45541,1.00,1.07
2016.03.17 07:00:29.988,8.45032,8.45541,1.66,1.07
2016.03.17 07:00:30.336,8.45032,8.45512,1.66,1.00
2016.03.17 07:00:30.649,8.45032,8.45505,1.66,1.07
2016.03.17 07:00:31.061,8.44995,8.45505,1.00,1.07
2016.03.17 07:00:32.476,8.44995,8.4547,1.00,1.00
2016.03.17 07:00:32.527,8.44973,8.4547,1.00,1.00
2016.03.17 07:00:32.854,8.44953,8.45469,1.74,1.00
2016.03.17 07:00:33.460,8.44953,8.45429,1.66,1.00
2016.03.17 07:00:35.588,8.44953,8.45427,1.66,1.00
2016.03.17 07:00:35.935,8.44912,8.45427,1.07,1.00
2016.03.17 07:00:37.331,8.44935,8.45429,1.00,1.00
2016.03.17 07:00:37.635,8.44952,8.45429,1.00,1.00
2016.03.17 07:00:37.940,8.44937,8.45429,1.00,1.00
2016.03.17 07:00:40.145,8.44932,8.45429,1.00,1.00
2016.03.17 07:00:40.246,8.44955,8.4545,1.00,1.00
2016.03.17 07:00:40.297,8.44955,8.45469,1.00,1.07
2016.03.17 07:00:40.420,8.44955,8.45469,1.00,1.00
2016.03.17 07:00:40.471,8.44972,8.45469,1.66,1.00
2016.03.17 07:00:41.146,8.44972,8.45436,1.66,1.00
2016.03.17 07:00:41.646,8.44972,8.45423,1.66,1.00
2016.03.17 07:00:41.954,8.44972,8.45436,1.66,1.00
2016.03.17 07:00:42.005,8.44924,8.45436,1.10,1.00
2016.03.17 07:00:42.324,8.44914,8.45417,1.07,1.00
2016.03.17 07:00:42.375,8.44914,8.45417,1.00,1.00
2016.03.17 07:00:43.103,8.44914,8.45388,1.00,1.00
2016.03.17 07:00:43.407,8.44902,8.45372,2.04,1.75
2016.03.17 07:00:44.699,8.44902,8.45372,1.74,1.75
2016.03.17 07:00:45.483,8.44902,8.45372,2.41,1.75
2016.03.17 07:00:45.687,8.44932,8.45412,2.41,1.75
2016.03.17 07:00:46.661,8.44932,8.45412,2.41,1.75
2016.03.17 07:00:47.688,8.44895,8.45395,1.75,1.75
2016.03.17 07:00:48.103,8.44872,8.45374,1.74,1.75
2016.03.17 07:00:48.659,8.44872,8.45357,2.41,1.75
2016.03.17 07:00:49.177,8.44872,8.45357,2.41,1.75
2016.03.17 07:00:50.943,8.44872,8.45354,2.41,1.75
2016.03.17 07:00:53.917,8.44872,8.4535,2.41,1.75
2016.03.17 07:01:04.067,8.44931,8.45327,1.00,1.75
2016.03.17 07:01:04.270,8.44943,8.45399,1.37,1.75
2016.03.17 07:01:04.320,8.44992,8.45408,1.66,2.25
2016.03.17 07:01:04.624,8.44902,8.45384,2.04,1.75
2016.03.17 07:01:05.365,8.44902,8.45384,2.41,1.75
2016.03.17 07:01:05.667,8.44902,8.45384,2.41,1.75
2016.03.17 07:01:07.369,8.44902,8.45414,2.41,2.25
2016.03.17 07:01:10.083,8.44902,8.45378,2.41,1.75
2016.03.17 07:01:11.185,8.44902,8.45373,2.41,1.75
2016.03.17 07:01:12.178,8.44902,8.45373,2.41,1.75
2016.03.17 07:01:14.817,8.44902,8.45378,2.41,1.75
2016.03.17 07:01:14.917,8.44902,8.45378,2.04,1.75
2016.03.17 07:01:20.151,8.44902,8.45378,2.04,1.75
2016.03.17 07:01:21.118,8.44902,8.45378,2.41,1.75
2016.03.17 07:01:22.128,8.44902,8.45374,2.41,1.75
2016.03.17 07:01:23.872,8.44902,8.45298,1.66,1.75
2016.03.17 07:01:24.024,8.44832,8.45255,1.75,1.75
2016.03.17 07:01:24.227,8.44802,8.45236,1.37,1.75
2016.03.17 07:01:24.537,8.44792,8.45215,1.37,1.75
2016.03.17 07:01:25.453,8.44792,8.45196,1.75,1.75
2016.03.17 07:01:26.208,8.44803,8.45196,1.00,1.75
2016.03.17 07:01:26.938,8.44802,8.45196,1.00,1.75
2016.03.17 07:01:27.453,8.44762,8.45196,1.75,1.75
2016.03.17 07:01:28.973,8.44802,8.45196,1.00,1.75
2016.03.17 07:01:29.139,8.44792,8.45196,1.12,1.75
2016.03.17 07:01:29.290,8.44792,8.45167,1.00,1.75
2016.03.17 07:01:29.609,8.44812,8.4515,1.00,1.75
2016.03.17 07:01:29.881,8.44812,8.4515,1.00,1.75
2016.03.17 07:01:30.380,8.44812,8.4515,1.00,1.75
2016.03.17 07:01:32.107,8.44782,8.45167,1.00,1.75
2016.03.17 07:01:32.158,8.44782,8.45167,1.75,1.75
2016.03.17 07:01:32.260,8.44782,8.45187,1.75,1.10
2016.03.17 07:01:32.708,8.44783,8.45267,1.75,1.75
2016.03.17 07:01:33.020,8.44794,8.45237,1.75,1.75
2016.03.17 07:01:33.374,8.44783,8.45248,1.75,1.75
2016.03.17 07:01:34.434,8.44783,8.4525,1.75,1.75
2016.03.17 07:01:35.211,8.44836,8.45257,1.75,1.66
2016.03.17 07:01:35.363,8.44823,8.45288,2.41,1.00
2016.03.17 07:01:35.464,8.44823,8.45287,2.41,1.37
2016.03.17 07:01:35.527,8.44823,8.45287,2.41,1.75
2016.03.17 07:01:36.889,8.44823,8.45287,2.41,1.75
2016.03.17 07:01:37.311,8.44823,8.45287,2.41,1.75
2016.03.17 07:01:37.540,8.44823,8.45209,2.41,1.00
2016.03.17 07:01:37.641,8.44823,8.45209,2.04,1.37
2016.03.17 07:01:37.743,8.44823,8.45187,2.41,1.00
2016.03.17 07:01:38.051,8.44823,8.45143,1.66,1.37
2016.03.17 07:01:38.151,8.44732,8.45135,1.00,1.75
2016.03.17 07:01:38.203,8.44712,8.45135,1.75,1.75
2016.03.17 07:01:38.937,8.44691,8.45135,1.75,1.75
2016.03.17 07:01:39.047,8.44691,8.45135,1.75,1.37
2016.03.17 07:01:39.708,8.44702,8.45158,1.75,2.41
2016.03.17 07:01:40.186,8.44713,8.45185,1.75,1.75
2016.03.17 07:01:40.953,8.44775,8.45185,1.75,1.00
2016.03.17 07:01:41.155,8.44775,8.45185,1.75,1.07
2016.03.17 07:01:41.917,8.44775,8.45218,1.75,2.41
2016.03.17 07:01:42.277,8.44775,8.45218,1.75,2.41
2016.03.17 07:01:45.458,8.44768,8.45218,1.75,2.41
2016.03.17 07:01:46.679,8.4482,8.45228,1.75,1.00
2016.03.17 07:01:46.730,8.4482,8.45257,1.75,1.74
2016.03.17 07:01:50.745,8.4484,8.45288,1.75,3.54
2016.03.17 07:01:51.037,8.4484,8.45288,1.75,3.91
2016.03.17 07:01:58.628,8.44869,8.45287,1.75,1.50
2016.03.17 07:01:58.885,8.4485,8.45287,1.75,1.57
2016.03.17 07:01:58.986,8.4485,8.45286,1.75,2.25
2016.03.17 07:01:59.188,8.4485,8.45286,1.75,2.25
2016.03.17 07:01:59.290,8.4485,8.45286,1.75,2.25
2016.03.17 07:01:59.617,8.4485,8.45288,1.75,2.25
2016.03.17 07:01:59.946,8.4485,8.45287,1.75,1.87
2016.03.17 07:02:00.431,8.44864,8.45287,1.75,2.25
2016.03.17 07:02:00.936,8.44864,8.45287,1.75,2.25
2016.03.17 07:02:01.490,8.44822,8.45287,1.75,2.25
2016.03.17 07:02:08.196,8.4483,8.45268,1.75,1.75
2016.03.17 07:02:08.895,8.44822,8.45258,1.75,1.75
2016.03.17 07:02:09.207,8.44812,8.45248,2.41,1.75
2016.03.17 07:02:09.431,8.44812,8.45288,2.41,2.25
2016.03.17 07:02:09.998,8.44788,8.45287,1.35,2.25
2016.03.17 07:02:10.099,8.44773,8.45199,1.75,1.00
2016.03.17 07:02:10.403,8.44752,8.45104,1.66,1.75
2016.03.17 07:02:10.717,8.44733,8.45017,1.00,1.75
2016.03.17 07:02:11.073,8.44733,8.45017,1.00,1.75
2016.03.17 07:02:11.242,8.44672,8.45018,1.75,1.75
2016.03.17 07:02:11.498,8.44672,8.45018,1.75,2.25
2016.03.17 07:02:11.620,8.44672,8.45018,1.75,1.87
2016.03.17 07:02:11.721,8.44672,8.45018,1.75,1.37
2016.03.17 07:02:12.312,8.44672,8.44998,1.75,1.00
2016.03.17 07:02:12.616,8.44672,8.44998,1.75,1.37
2016.03.17 07:02:13.415,8.44655,8.4503,1.75,1.00
2016.03.17 07:02:13.517,8.44655,8.4503,1.75,1.00
2016.03.17 07:02:13.769,8.44655,8.4503,1.75,1.07
2016.03.17 07:02:13.921,8.44632,8.45038,1.75,1.75
2016.03.17 07:02:14.073,8.44582,8.44958,1.75,1.75
2016.03.17 07:02:14.174,8.44492,8.44918,1.75,1.75
2016.03.17 07:02:14.276,8.44492,8.44927,1.75,1.75
2016.03.17 07:02:14.478,8.44492,8.44885,1.37,1.75
2016.03.17 07:02:14.614,8.44492,8.44885,1.07,1.75
2016.03.17 07:02:14.824,8.44492,8.44885,1.37,1.75
2016.03.17 07:02:16.128,8.44492,8.44885,1.75,1.75
2016.03.17 07:02:16.780,8.44482,8.44885,1.75,1.75
2016.03.17 07:02:17.002,8.44482,8.44885,1.75,1.75
2016.03.17 07:02:17.216,8.44482,8.44885,1.75,1.75
2016.03.17 07:02:18.236,8.44482,8.44885,1.75,1.37
2016.03.17 07:02:18.438,8.44482,8.44885,1.75,1.37
2016.03.17 07:02:18.756,8.44565,8.44887,1.75,1.00
2016.03.17 07:02:19.647,8.44512,8.44887,1.75,1.00
2016.03.17 07:02:20.180,8.44507,8.44888,1.35,1.00
2016.03.17 07:02:20.516,8.44507,8.44888,1.35,1.00
2016.03.17 07:02:22.058,8.44482,8.44888,1.00,1.75
2016.03.17 07:02:22.109,8.44458,8.44888,1.00,1.75
2016.03.17 07:02:22.210,8.44452,8.44866,1.66,1.75
2016.03.17 07:02:22.311,8.44372,8.44866,1.66,1.75
2016.03.17 07:02:23.385,8.44372,8.44805,1.66,1.75
2016.03.17 07:02:23.826,8.44372,8.44736,1.66,1.75
2016.03.17 07:02:24.129,8.44372,8.44736,1.66,1.75
2016.03.17 07:02:24.180,8.44372,8.44736,1.66,1.75
2016.03.17 07:02:24.604,8.44332,8.44736,1.66,1.75
2016.03.17 07:02:24.916,8.44332,8.44736,1.66,1.75
2016.03.17 07:02:25.256,8.44282,8.4475,1.75,1.75
2016.03.17 07:02:25.357,8.44282,8.4475,1.75,1.75
2016.03.17 07:02:25.711,8.44355,8.44748,1.75,1.75
2016.03.17 07:02:26.456,8.44355,8.44748,1.75,1.75
2016.03.17 07:02:26.609,8.44406,8.44748,1.75,1.00
2016.03.17 07:02:26.710,8.44406,8.44748,1.75,1.00
2016.03.17 07:02:27.008,8.44406,8.44838,1.75,1.75
2016.03.17 07:02:27.776,8.44406,8.44837,1.75,1.75
2016.03.17 07:02:28.106,8.44406,8.44837,1.75,2.25
2016.03.17 07:02:29.206,8.44406,8.44828,1.75,1.75
2016.03.17 07:02:30.196,8.44414,8.44828,1.75,1.75
2016.03.17 07:02:31.186,8.44414,8.44828,1.75,1.75
2016.03.17 07:02:31.660,8.44414,8.44828,1.75,1.75
2016.03.17 07:02:31.957,8.44414,8.44828,1.75,1.75
2016.03.17 07:02:32.967,8.44385,8.44828,1.75,1.75
2016.03.17 07:02:33.291,8.44382,8.44827,1.75,1.75
2016.03.17 07:02:33.957,8.44382,8.44828,1.75,1.75
2016.03.17 07:02:35.966,8.44412,8.44838,1.75,1.75
2016.03.17 07:02:36.946,8.44412,8.44838,1.75,1.75
2016.03.17 07:02:37.017,8.44412,8.44838,1.75,1.75
2016.03.17 07:02:37.169,8.44412,8.44838,1.75,1.37
2016.03.17 07:02:37.371,8.44442,8.44888,1.75,1.75
2016.03.17 07:02:37.682,8.44442,8.44888,1.75,1.75
2016.03.17 07:02:37.936,8.44428,8.44888,1.75,2.25
2016.03.17 07:02:38.572,8.44428,8.44888,1.75,2.25
2016.03.17 07:02:38.673,8.44422,8.44887,1.75,1.75
2016.03.17 07:02:38.959,8.44422,8.44868,1.75,1.75
2016.03.17 07:02:39.457,8.44422,8.44837,1.75,1.75
2016.03.17 07:02:39.775,8.44422,8.44827,1.75,1.75
2016.03.17 07:02:40.556,8.44422,8.44848,1.75,1.75
2016.03.17 07:02:40.657,8.44422,8.44848,1.75,1.75
2016.03.17 07:02:41.429,8.44422,8.44868,1.75,2.41
2016.03.17 07:02:41.636,8.44433,8.44888,1.75,1.75
2016.03.17 07:02:41.980,8.44422,8.44868,1.75,1.75
2016.03.17 07:02:42.299,8.44422,8.44868,1.75,1.75
2016.03.17 07:02:43.518,8.44422,8.44828,1.75,1.75
2016.03.17 07:02:43.644,8.44422,8.44828,1.75,1.75
2016.03.17 07:02:44.286,8.4437,8.44798,1.35,1.75
2016.03.17 07:02:44.539,8.44462,8.44827,1.00,2.41
2016.03.17 07:02:44.635,8.44462,8.44828,1.75,1.75
2016.03.17 07:02:44.737,8.44472,8.44846,1.75,1.75
2016.03.17 07:02:44.839,8.44493,8.44846,1.75,1.00
2016.03.17 07:02:44.941,8.44493,8.44858,1.75,1.74
2016.03.17 07:02:45.188,8.44473,8.44858,1.75,2.41
2016.03.17 07:02:46.186,8.44492,8.44858,1.75,2.04
2016.03.17 07:02:46.366,8.44493,8.44858,1.75,2.41
2016.03.17 07:02:47.393,8.44493,8.44878,1.75,1.75
2016.03.17 07:02:47.685,8.44493,8.44878,1.75,1.75
2016.03.17 07:02:48.696,8.44493,8.44878,1.75,1.75
2016.03.17 07:02:48.896,8.44482,8.44878,1.75,2.25
2016.03.17 07:02:49.349,8.44472,8.44868,1.75,1.75
2016.03.17 07:02:49.665,8.44472,8.44868,1.75,1.75
2016.03.17 07:02:49.886,8.44472,8.44868,1.75,1.75
2016.03.17 07:02:50.000,8.44472,8.44868,1.75,1.75
2016.03.17 07:02:50.802,8.44472,8.44868,1.75,1.75
2016.03.17 07:02:51.199,8.44462,8.44858,1.75,1.75
2016.03.17 07:02:51.316,8.44462,8.44858,1.75,1.75
2016.03.17 07:02:51.562,8.44412,8.44877,1.75,1.75
2016.03.17 07:02:52.085,8.44443,8.44837,1.75,1.75
2016.03.17 07:02:52.305,8.44452,8.44848,1.75,1.75
2016.03.17 07:02:52.415,8.44432,8.44828,1.75,1.75
2016.03.17 07:02:53.076,8.44432,8.44828,1.75,1.75
2016.03.17 07:02:53.405,8.44443,8.44837,1.75,1.75
2016.03.17 07:02:54.286,8.44442,8.44838,1.75,1.75
2016.03.17 07:02:54.616,8.44442,8.44838,1.75,1.75
2016.03.17 07:02:54.861,8.44442,8.44838,2.25,1.75
2016.03.17 07:02:55.186,8.44442,8.44818,1.75,1.75
2016.03.17 07:02:56.163,8.44392,8.44768,1.75,1.75
2016.03.17 07:02:56.486,8.44402,8.44798,1.75,1.75
2016.03.17 07:02:58.367,8.44392,8.44788,1.75,1.75
2016.03.17 07:02:58.993,8.4437,8.44748,1.35,1.75
2016.03.17 07:02:59.047,8.4437,8.44748,1.35,1.75
2016.03.17 07:02:59.396,8.4437,8.44738,1.35,1.75
2016.03.17 07:03:00.335,8.4437,8.44728,1.35,1.75
2016.03.17 07:03:00.673,8.4437,8.44738,1.35,1.75
2016.03.17 07:03:00.899,8.4437,8.44728,1.35,1.75
2016.03.17 07:03:01.252,8.44302,8.44698,1.75,1.75
2016.03.17 07:03:01.354,8.44322,8.44718,1.75,1.75
2016.03.17 07:03:01.456,8.44292,8.44688,1.75,1.75
2016.03.17 07:03:01.806,8.44303,8.44697,1.75,1.75
2016.03.17 07:03:01.926,8.44303,8.44697,1.75,1.75
2016.03.17 07:03:02.646,8.44322,8.44718,1.75,1.75
2016.03.17 07:03:03.304,8.44302,8.44689,1.75,1.75
2016.03.17 07:03:03.416,8.44303,8.44689,1.75,1.00
2016.03.17 07:03:03.566,8.44283,8.44678,2.25,1.00
2016.03.17 07:03:03.888,8.44283,8.44655,2.25,1.75
2016.03.17 07:03:04.634,8.44292,8.44655,1.75,1.75
2016.03.17 07:03:05.458,8.44283,8.44638,2.25,1.75
2016.03.17 07:03:05.617,8.44283,8.44647,1.75,1.75
2016.03.17 07:03:06.168,8.44303,8.44655,1.75,1.75
2016.03.17 07:03:06.494,8.44322,8.44667,1.75,1.75
2016.03.17 07:03:07.077,8.44302,8.44667,1.75,1.00
2016.03.17 07:03:07.197,8.44292,8.44692,1.75,1.00
2016.03.17 07:03:07.469,8.44283,8.44692,1.75,1.75
2016.03.17 07:03:07.823,8.44313,8.44728,1.75,1.75
2016.03.17 07:03:08.151,8.44282,8.44728,2.25,1.75
2016.03.17 07:03:09.137,8.44294,8.44708,1.75,1.75
2016.03.17 07:03:09.288,8.44313,8.44728,1.75,1.75
2016.03.17 07:03:09.591,8.44476,8.44717,1.00,1.00
2016.03.17 07:03:09.722,8.44476,8.44787,1.07,1.00
2016.03.17 07:03:09.924,8.44416,8.44787,1.75,1.00
2016.03.17 07:03:10.388,8.44416,8.44788,1.75,1.00
2016.03.17 07:03:10.679,8.44391,8.44788,1.75,1.00
2016.03.17 07:03:11.139,8.44445,8.44788,1.75,1.00
2016.03.17 07:03:11.442,8.44419,8.44788,1.75,1.00
2016.03.17 07:03:11.493,8.44419,8.44788,1.75,1.00
2016.03.17 07:03:12.025,8.44396,8.44788,1.75,1.07
2016.03.17 07:03:12.127,8.44396,8.44788,1.75,1.75
2016.03.17 07:03:12.228,8.44376,8.44788,1.75,1.37
2016.03.17 07:03:12.329,8.44376,8.44788,1.75,1.75
2016.03.17 07:03:15.295,8.4438,8.44788,1.75,1.50
2016.03.17 07:03:15.535,8.44396,8.44788,1.75,1.12
2016.03.17 07:03:15.637,8.44396,8.44788,1.75,1.00
2016.03.17 07:03:16.395,8.44383,8.44788,1.75,1.75
2016.03.17 07:03:16.863,8.44407,8.44788,1.75,1.50
2016.03.17 07:03:16.965,8.44407,8.44787,1.75,1.37
2016.03.17 07:03:17.830,8.44358,8.44788,1.75,1.75
2016.03.17 07:03:18.524,8.44352,8.44788,2.41,1.75
2016.03.17 07:03:19.255,8.44364,8.44788,1.75,1.75
2016.03.17 07:03:19.662,8.44364,8.44758,1.75,1.75
2016.03.17 07:03:22.809,8.44363,8.44758,1.75,1.75
2016.03.17 07:03:23.334,8.44373,8.44758,1.75,1.75
2016.03.17 07:03:23.486,8.44393,8.44788,1.75,1.37
2016.03.17 07:03:23.587,8.44402,8.44788,3.16,1.37
2016.03.17 07:03:23.890,8.44472,8.44787,2.41,1.00
2016.03.17 07:03:24.084,8.44472,8.44788,2.41,1.00
2016.03.17 07:03:24.236,8.44472,8.44787,2.41,1.00
2016.03.17 07:03:24.473,8.44464,8.44788,1.75,1.00
2016.03.17 07:03:24.906,8.44452,8.44787,1.75,1.00
2016.03.17 07:03:25.102,8.44452,8.44787,1.75,1.07
2016.03.17 07:03:27.849,8.44462,8.44788,1.75,1.07
2016.03.17 07:03:28.184,8.44516,8.44788,1.75,1.00
2016.03.17 07:03:28.424,8.44516,8.44788,1.37,1.00
2016.03.17 07:03:28.606,8.44516,8.44788,1.37,1.00
2016.03.17 07:03:29.485,8.44481,8.44788,1.97,1.00
2016.03.17 07:03:29.586,8.44419,8.44788,1.75,1.00
2016.03.17 07:03:29.939,8.44377,8.44788,1.75,1.37
2016.03.17 07:03:30.950,8.44377,8.44788,1.75,1.75
2016.03.17 07:03:31.952,8.44417,8.44788,1.75,1.00
2016.03.17 07:03:32.002,8.44443,8.44786,1.75,1.00
2016.03.17 07:03:32.347,8.44443,8.44786,1.75,1.00
2016.03.17 07:03:32.676,8.44443,8.44786,1.75,1.00
2016.03.17 07:03:32.727,8.44443,8.44788,1.75,1.00
2016.03.17 07:03:32.937,8.44498,8.44788,1.75,1.00
2016.03.17 07:03:33.284,8.44443,8.44788,1.75,1.00
2016.03.17 07:03:33.336,8.44443,8.44788,1.75,1.00
2016.03.17 07:03:34.443,8.44451,8.44788,1.75,1.00
2016.03.17 07:03:34.985,8.44451,8.44788,1.75,1.00
2016.03.17 07:03:35.776,8.44451,8.44788,1.75,1.00
2016.03.17 07:03:36.110,8.44505,8.44788,1.75,1.00
2016.03.17 07:03:36.419,8.44518,8.44787,1.75,1.00
2016.03.17 07:03:36.701,8.44522,8.44787,1.75,1.00
2016.03.17 07:03:36.753,8.44522,8.44778,1.75,1.00
2016.03.17 07:03:37.107,8.44443,8.44778,1.75,1.00
2016.03.17 07:03:37.158,8.44443,8.44776,1.75,1.00
2016.03.17 07:03:37.416,8.44433,8.44776,1.75,1.00
2016.03.17 07:03:37.884,8.44433,8.44776,1.75,1.37
2016.03.17 07:03:38.176,8.44433,8.44776,1.75,1.37
2016.03.17 07:03:40.822,8.44433,8.44777,1.75,1.75
2016.03.17 07:03:51.291,8.44404,8.44777,1.35,1.75
2016.03.17 07:03:51.701,8.44404,8.44777,1.35,1.75
2016.03.17 07:03:51.752,8.44404,8.44778,1.35,1.75
2016.03.17 07:03:53.395,8.44404,8.44778,1.35,1.75
2016.03.17 07:03:58.307,8.44404,8.44778,1.35,1.75
2016.03.17 07:03:58.524,8.44404,8.44777,1.35,1.75
2016.03.17 07:03:59.404,8.44404,8.44778,1.35,1.37
2016.03.17 07:03:59.625,8.44404,8.44778,1.35,1.75
2016.03.17 07:04:00.204,8.44426,8.44778,1.75,1.00
2016.03.17 07:04:00.305,8.44426,8.44778,1.75,1.37
2016.03.17 07:04:00.426,8.44411,8.44778,1.75,1.75
2016.03.17 07:04:00.528,8.44411,8.44778,1.75,1.75
2016.03.17 07:04:00.725,8.44411,8.44778,1.75,1.75
2016.03.17 07:04:00.855,8.4439,8.44778,1.75,1.75
2016.03.17 07:04:01.055,8.4439,8.44778,1.75,1.75
2016.03.17 07:04:02.155,8.4439,8.44778,1.75,1.75
2016.03.17 07:04:03.046,8.44366,8.44778,1.35,1.75
2016.03.17 07:04:03.147,8.44366,8.44778,1.35,1.75
2016.03.17 07:04:03.468,8.44366,8.44777,1.35,1.75
2016.03.17 07:04:04.135,8.44366,8.44778,1.35,1.75
2016.03.17 07:04:05.237,8.44377,8.44778,1.75,1.75
2016.03.17 07:04:05.389,8.44382,8.44778,1.75,1.00
2016.03.17 07:04:05.490,8.44382,8.44778,1.75,1.00
2016.03.17 07:04:05.912,8.44377,8.44778,1.75,1.00
2016.03.17 07:04:06.142,8.44377,8.44778,1.75,1.00
2016.03.17 07:04:06.346,8.4439,8.44778,1.75,1.75
2016.03.17 07:04:06.680,8.4439,8.44778,1.75,1.07
2016.03.17 07:04:06.885,8.4439,8.44776,1.75,1.75
2016.03.17 07:04:08.885,8.44366,8.44776,1.35,1.75
2016.03.17 07:04:09.786,8.44366,8.44776,1.35,1.75
2016.03.17 07:04:10.050,8.44366,8.44776,1.35,1.75
2016.03.17 07:04:10.668,8.44322,8.44754,1.75,1.75
2016.03.17 07:04:10.990,8.44312,8.44715,2.25,1.75
2016.03.17 07:04:11.176,8.44312,8.44736,1.75,1.75
2016.03.17 07:04:11.395,8.44312,8.44738,1.75,2.41
2016.03.17 07:04:11.615,8.44313,8.44738,1.75,2.41
2016.03.17 07:04:11.834,8.44312,8.44738,1.75,2.41
2016.03.17 07:04:12.306,8.44312,8.44752,1.75,1.75
2016.03.17 07:04:13.175,8.44312,8.44719,1.75,1.75
2016.03.17 07:04:13.493,8.44312,8.44719,1.75,1.75
2016.03.17 07:04:14.474,8.44296,8.44719,1.75,1.37
2016.03.17 07:04:14.626,8.44323,8.44738,1.75,1.75
2016.03.17 07:04:15.144,8.44333,8.44738,1.75,1.37
2016.03.17 07:04:15.695,8.44333,8.44738,1.75,1.75
2016.03.17 07:04:16.153,8.44323,8.44738,1.75,1.75
2016.03.17 07:04:16.703,8.44327,8.44738,1.75,1.75
2016.03.17 07:04:17.115,8.44354,8.44738,1.75,1.07
2016.03.17 07:04:17.896,8.44311,8.44737,1.75,1.75
2016.03.17 07:04:18.105,8.44311,8.44737,1.75,1.75
2016.03.17 07:04:19.460,8.44332,8.44737,1.75,1.75
2016.03.17 07:04:19.561,8.44314,8.44737,1.75,1.75
2016.03.17 07:04:19.662,8.44314,8.44737,1.75,1.75
2016.03.17 07:04:20.969,8.44283,8.44704,1.75,1.75
2016.03.17 07:04:21.121,8.44283,8.44698,1.75,2.41
2016.03.17 07:04:21.223,8.44288,8.44671,1.37,1.75
2016.03.17 07:04:21.624,8.44288,8.44693,1.75,2.25
2016.03.17 07:04:22.198,8.44288,8.44693,1.75,1.75
2016.03.17 07:04:22.618,8.44288,8.44693,1.75,1.75
2016.03.17 07:04:22.935,8.44288,8.44697,1.75,1.75
2016.03.17 07:04:23.176,8.44286,8.44697,1.75,1.75
2016.03.17 07:04:24.395,8.44286,8.44697,1.75,1.75
2016.03.17 07:04:24.614,8.44286,8.44697,1.37,1.75
2016.03.17 07:04:24.715,8.44286,8.44697,1.07,1.75
2016.03.17 07:04:25.031,8.44282,8.4468,1.00,1.75
2016.03.17 07:04:25.386,8.44282,8.44678,1.75,1.75
2016.03.17 07:04:26.026,8.44282,8.44668,1.07,1.75
2016.03.17 07:04:26.155,8.44289,8.44677,1.00,1.75
2016.03.17 07:04:26.458,8.44289,8.44645,1.00,1.75
2016.03.17 07:04:26.686,8.44289,8.44645,1.00,1.75
2016.03.17 07:04:27.126,8.44289,8.44658,1.75,1.75
2016.03.17 07:04:27.379,8.44289,8.44658,1.75,1.75
2016.03.17 07:04:27.674,8.44289,8.44658,1.75,1.75
2016.03.17 07:04:27.914,8.44289,8.44658,1.75,1.75
2016.03.17 07:04:28.644,8.44289,8.44658,1.07,1.75
2016.03.17 07:04:28.695,8.44289,8.44658,1.37,1.75
2016.03.17 07:04:28.905,8.44289,8.44637,1.75,1.50
2016.03.17 07:04:29.899,8.44289,8.44637,1.00,1.75
2016.03.17 07:04:30.436,8.44289,8.44668,1.00,1.75
2016.03.17 07:04:30.687,8.44289,8.44668,1.37,1.75
2016.03.17 07:04:30.969,8.44289,8.44668,1.00,1.75
2016.03.17 07:04:31.353,8.44289,8.44668,1.75,1.75
2016.03.17 07:04:31.863,8.44289,8.44668,1.75,1.75
2016.03.17 07:04:32.095,8.44289,8.44668,1.00,1.75
2016.03.17 07:04:32.691,8.44289,8.44668,1.00,1.75
2016.03.17 07:04:33.854,8.44289,8.44668,1.75,1.75
2016.03.17 07:04:34.404,8.44289,8.44668,1.75,1.75
2016.03.17 07:04:35.416,8.44289,8.44667,1.00,1.75
2016.03.17 07:04:36.049,8.44289,8.44668,1.00,1.75
2016.03.17 07:04:36.100,8.44282,8.44668,1.50,1.75
2016.03.17 07:04:36.150,8.44282,8.44668,2.25,1.75
2016.03.17 07:04:37.157,8.44282,8.44668,1.87,1.75
2016.03.17 07:04:37.905,8.44282,8.44668,2.25,1.75
2016.03.17 07:04:38.590,8.44282,8.44668,1.75,1.37
2016.03.17 07:04:38.839,8.44293,8.44717,1.75,2.08
2016.03.17 07:04:38.941,8.44313,8.44701,2.41,1.18
2016.03.17 07:04:39.042,8.44315,8.44717,1.75,1.59
2016.03.17 07:04:39.143,8.44315,8.44717,1.75,1.96
2016.03.17 07:04:40.140,8.44292,8.44708,1.75,1.33
2016.03.17 07:04:40.344,8.44282,8.44696,1.75,1.18
2016.03.17 07:04:44.075,8.44282,8.44683,1.75,1.75
2016.03.17 07:04:45.276,8.44282,8.44683,1.75,1.75
2016.03.17 07:04:45.611,8.44282,8.44696,1.75,1.18
2016.03.17 07:04:46.924,8.44293,8.44716,1.75,2.15
2016.03.17 07:04:47.573,8.44293,8.44716,1.75,2.15
2016.03.17 07:04:47.933,8.44293,8.44697,1.75,1.18
2016.03.17 07:04:50.686,8.443,8.44697,1.75,1.18
2016.03.17 07:04:50.787,8.443,8.44708,1.75,1.33
2016.03.17 07:04:50.925,8.443,8.44706,1.75,1.33
2016.03.17 07:04:51.353,8.44293,8.44697,1.75,1.18
2016.03.17 07:04:51.701,8.44292,8.44697,1.75,1.18
2016.03.17 07:04:52.790,8.44298,8.44697,1.75,1.18
2016.03.17 07:04:53.506,8.44298,8.44662,1.75,1.00
2016.03.17 07:04:53.557,8.44298,8.44662,1.37,1.00
2016.03.17 07:04:53.895,8.44298,8.44662,1.37,1.37
2016.03.17 07:04:54.352,8.44298,8.44582,1.37,1.00
2016.03.17 07:04:54.551,8.44301,8.44582,1.00,1.00
2016.03.17 07:04:54.734,8.44301,8.44582,1.07,1.00
2016.03.17 07:04:56.126,8.44301,8.44585,1.07,1.00
2016.03.17 07:04:56.267,8.44301,8.44587,1.07,1.00
2016.03.17 07:04:57.154,8.44301,8.44587,1.10,1.00
2016.03.17 07:04:59.618,8.44301,8.44587,1.00,1.15
2016.03.17 07:04:59.669,8.44301,8.44596,1.00,1.26
2016.03.17 07:05:00.380,8.44301,8.44585,1.00,1.18
2016.03.17 07:05:00.677,8.44301,8.44596,1.00,1.63
2016.03.17 07:05:02.814,8.44284,8.44596,1.37,1.26
2016.03.17 07:05:05.095,8.44284,8.44596,1.00,1.33
2016.03.17 07:05:06.589,8.44284,8.44589,1.00,1.33
2016.03.17 07:05:06.652,8.44286,8.44596,1.00,1.26
2016.03.17 07:05:06.822,8.44283,8.44596,1.00,1.26
2016.03.17 07:05:06.923,8.44258,8.44597,1.50,1.97
2016.03.17 07:05:06.974,8.44258,8.44597,1.00,1.97
2016.03.17 07:05:07.025,8.44216,8.44597,1.97,1.97
2016.03.17 07:05:07.211,8.44216,8.44577,1.60,1.18
2016.03.17 07:05:07.735,8.44212,8.44597,2.17,1.97
2016.03.17 07:05:08.287,8.44212,8.44596,1.60,1.33
2016.03.17 07:05:09.764,8.44212,8.44596,1.00,1.33
2016.03.17 07:05:09.815,8.44212,8.44577,1.00,1.18
2016.03.17 07:05:10.141,8.44088,8.44556,1.37,1.75
2016.03.17 07:05:10.394,8.44066,8.44532,1.37,1.75
2016.03.17 07:05:10.445,8.44066,8.44475,1.37,1.00
2016.03.17 07:05:10.930,8.44045,8.4446,1.75,1.00
2016.03.17 07:05:11.131,8.44023,8.4444,1.75,1.00
2016.03.17 07:05:11.755,8.43989,8.44436,1.35,1.00
2016.03.17 07:05:12.210,8.43989,8.44388,1.35,1.66
2016.03.17 07:05:12.261,8.43989,8.4438,1.35,1.00
2016.03.17 07:05:12.907,8.43989,8.4438,1.35,1.00
2016.03.17 07:05:13.008,8.43968,8.4438,1.35,1.00
2016.03.17 07:05:13.059,8.43968,8.44341,1.35,1.00
2016.03.17 07:05:13.363,8.43989,8.44341,1.35,1.00
2016.03.17 07:05:13.659,8.43932,8.44341,1.75,1.00
2016.03.17 07:05:13.914,8.43932,8.44341,1.75,1.00
2016.03.17 07:05:14.116,8.43932,8.44341,1.75,1.00
2016.03.17 07:05:14.664,8.43909,8.44341,1.75,1.00
2016.03.17 07:05:14.715,8.43909,8.44318,1.75,1.66
2016.03.17 07:05:14.890,8.43908,8.44318,1.00,1.66
2016.03.17 07:05:15.114,8.43908,8.44318,1.75,1.66
2016.03.17 07:05:15.426,8.43908,8.44318,1.75,1.74
2016.03.17 07:05:16.108,8.43933,8.44307,1.07,1.00
2016.03.17 07:05:16.441,8.43902,8.44294,1.00,1.75
2016.03.17 07:05:16.744,8.43913,8.44294,1.07,1.75
2016.03.17 07:05:17.758,8.43913,8.44294,1.37,1.37
2016.03.17 07:05:17.859,8.43892,8.44294,1.75,1.75
2016.03.17 07:05:18.162,8.43912,8.44277,1.75,1.75
2016.03.17 07:05:18.834,8.43912,8.44258,1.00,1.75
2016.03.17 07:05:19.374,8.43913,8.44227,1.00,1.00
2016.03.17 07:05:20.152,8.43913,8.44227,1.00,1.75
2016.03.17 07:05:20.505,8.43922,8.44228,1.00,1.75
2016.03.17 07:05:20.583,8.43922,8.44228,1.00,1.37
2016.03.17 07:05:20.863,8.43913,8.44227,1.00,1.37
2016.03.17 07:05:20.914,8.43913,8.44227,1.00,1.75
2016.03.17 07:05:21.182,8.43913,8.44228,1.00,1.37
2016.03.17 07:05:21.925,8.43913,8.44228,1.00,1.75
2016.03.17 07:05:22.385,8.43913,8.44228,1.00,1.37
2016.03.17 07:05:22.555,8.43932,8.44228,1.00,1.37
2016.03.17 07:05:22.886,8.43923,8.44228,1.00,1.37
2016.03.17 07:05:23.103,8.43913,8.44228,1.00,1.37
2016.03.17 07:05:24.015,8.43913,8.44228,1.00,1.75
2016.03.17 07:05:24.339,8.43913,8.44228,1.00,1.75
2016.03.17 07:05:24.390,8.43862,8.44228,1.10,1.75
2016.03.17 07:05:24.441,8.43862,8.44228,1.00,1.75
2016.03.17 07:05:24.763,8.43862,8.44219,1.00,1.75
2016.03.17 07:05:24.874,8.43862,8.44219,1.00,1.75
2016.03.17 07:05:25.114,8.43862,8.44219,1.00,1.75
2016.03.17 07:05:25.469,8.43862,8.44219,1.00,1.75
2016.03.17 07:05:26.116,8.43862,8.44208,1.00,2.41
2016.03.17 07:05:26.425,8.43773,8.44208,1.00,2.41
2016.03.17 07:05:26.476,8.43746,8.44208,1.60,2.41
2016.03.17 07:05:26.645,8.43754,8.44208,1.35,2.41
2016.03.17 07:05:26.867,8.43746,8.44208,1.60,2.41
2016.03.17 07:05:27.664,8.43754,8.44199,1.35,1.75
2016.03.17 07:05:28.011,8.43742,8.44164,1.00,1.75
2016.03.17 07:05:28.220,8.43742,8.44164,1.00,1.75
2016.03.17 07:05:28.322,8.43683,8.44139,1.35,1.75
2016.03.17 07:05:28.424,8.43682,8.44116,1.00,1.75
2016.03.17 07:05:28.626,8.43592,8.4403,1.07,1.75
2016.03.17 07:05:29.195,8.43593,8.44048,1.00,1.75
2016.03.17 07:05:29.372,8.43609,8.44048,1.00,1.75
2016.03.17 07:05:29.423,8.43609,8.44076,1.75,1.75
2016.03.17 07:05:30.195,8.43609,8.44076,1.75,1.75
2016.03.17 07:05:30.422,8.43646,8.44078,1.75,1.66
2016.03.17 07:05:30.553,8.43646,8.44081,1.75,1.00
2016.03.17 07:05:31.078,8.43625,8.44081,1.75,1.75
2016.03.17 07:05:31.400,8.43625,8.4409,1.75,1.75
2016.03.17 07:05:32.036,8.4361,8.44076,1.75,1.75
2016.03.17 07:05:32.606,8.43609,8.44076,1.75,1.75
2016.03.17 07:05:33.038,8.43622,8.44089,1.75,1.75
2016.03.17 07:05:33.894,8.43622,8.44089,1.37,1.75
2016.03.17 07:05:34.155,8.43622,8.44089,1.75,1.75
2016.03.17 07:05:35.018,8.43602,8.44056,2.41,1.75
2016.03.17 07:05:38.302,8.43572,8.44021,1.75,1.75
2016.03.17 07:05:38.454,8.43563,8.44021,1.74,1.75
2016.03.17 07:05:38.632,8.43512,8.43961,1.12,1.75
2016.03.17 07:05:38.935,8.43452,8.43878,1.75,1.00
2016.03.17 07:05:38.986,8.43411,8.43878,1.75,1.75
2016.03.17 07:05:39.037,8.43403,8.43831,1.75,1.00
2016.03.17 07:05:39.308,8.43328,8.43802,1.10,1.75
2016.03.17 07:05:39.409,8.43292,8.43698,1.66,1.00
2016.03.17 07:05:39.713,8.43382,8.43704,1.66,1.37
2016.03.17 07:05:39.764,8.43382,8.43704,1.66,1.00
2016.03.17 07:05:39.930,8.43382,8.43721,1.66,1.00
2016.03.17 07:05:40.283,8.43382,8.43755,1.66,1.37
2016.03.17 07:05:40.384,8.43292,8.43773,1.75,1.75
2016.03.17 07:05:40.590,8.43252,8.43731,2.41,1.00
2016.03.17 07:05:40.692,8.43252,8.43798,2.41,1.66
2016.03.17 07:05:40.793,8.43203,8.43747,2.41,1.66
2016.03.17 07:05:40.947,8.43203,8.43747,2.41,1.66
2016.03.17 07:05:41.016,8.43182,8.43728,2.41,1.66
2016.03.17 07:05:41.068,8.43182,8.43728,2.41,1.66
2016.03.17 07:05:41.196,8.43182,8.43728,2.41,1.66
2016.03.17 07:05:41.247,8.43238,8.43678,1.75,1.66
2016.03.17 07:05:41.349,8.43312,8.43728,1.00,1.66
2016.03.17 07:05:41.400,8.43312,8.43728,1.07,1.66
2016.03.17 07:05:41.703,8.43323,8.43728,1.75,1.66
2016.03.17 07:05:42.029,8.43226,8.43697,1.75,1.00
2016.03.17 07:05:42.130,8.4326,8.43728,1.75,1.66
2016.03.17 07:05:42.181,8.4326,8.43728,1.75,1.66
2016.03.17 07:05:42.384,8.43265,8.4374,1.75,1.07
2016.03.17 07:05:42.513,8.43225,8.437,1.75,1.00
2016.03.17 07:05:42.817,8.43207,8.43669,1.75,1.75
2016.03.17 07:05:43.404,8.43215,8.43669,1.75,1.00
2016.03.17 07:05:43.507,8.43233,8.43669,1.75,1.00
2016.03.17 07:05:43.659,8.43275,8.43698,1.10,1.66
2016.03.17 07:05:43.710,8.43275,8.43698,1.75,1.66
2016.03.17 07:05:44.016,8.43318,8.43699,1.75,1.00
2016.03.17 07:05:44.337,8.43405,8.43778,1.75,1.66
2016.03.17 07:05:44.388,8.43405,8.43778,1.75,1.66
2016.03.17 07:05:44.438,8.43405,8.43838,1.75,1.66
2016.03.17 07:05:44.489,8.43405,8.43838,1.75,1.66
2016.03.17 07:05:44.692,8.43389,8.43816,1.75,1.00
2016.03.17 07:05:45.474,8.43416,8.43868,1.75,2.84
2016.03.17 07:05:45.777,8.43454,8.43868,1.75,2.84
2016.03.17 07:05:46.005,8.43454,8.43867,1.75,1.43
2016.03.17 07:05:46.258,8.43476,8.43868,1.75,1.43
2016.03.17 07:05:46.561,8.43499,8.43884,1.75,1.27
2016.03.17 07:05:46.905,8.43546,8.43884,1.75,1.12
2016.03.17 07:05:47.107,8.43546,8.43884,1.37,1.72
2016.03.17 07:05:47.209,8.43569,8.43884,1.37,1.09
2016.03.17 07:05:47.553,8.4355,8.43894,1.75,1.40
2016.03.17 07:05:48.096,8.43575,8.43884,1.75,1.01
2016.03.17 07:05:48.642,8.43575,8.43904,1.75,1.28
2016.03.17 07:05:49.159,8.43575,8.43894,1.75,1.27
2016.03.17 07:05:49.210,8.43575,8.43894,1.00,1.27
2016.03.17 07:05:49.275,8.43544,8.43894,1.75,1.30
2016.03.17 07:05:49.326,8.43544,8.43894,1.37,1.33
2016.03.17 07:05:49.427,8.435,8.43894,1.00,1.33
2016.03.17 07:05:49.579,8.435,8.43893,1.00,1.22
2016.03.17 07:05:49.630,8.43469,8.43868,1.00,2.09
2016.03.17 07:05:49.843,8.43469,8.43868,1.75,2.09
2016.03.17 07:05:50.537,8.43489,8.43868,1.75,2.09
2016.03.17 07:05:50.836,8.43512,8.43868,1.37,2.09
2016.03.17 07:05:51.163,8.43512,8.43868,1.75,2.09
2016.03.17 07:05:51.633,8.4349,8.43868,1.75,2.09
2016.03.17 07:05:51.735,8.4349,8.43868,1.75,2.09
2016.03.17 07:05:51.837,8.4349,8.43868,1.75,2.09
2016.03.17 07:05:51.962,8.43451,8.43868,1.75,2.09
2016.03.17 07:05:52.014,8.43451,8.43828,1.75,1.66
2016.03.17 07:05:52.065,8.43394,8.43828,1.75,1.66
2016.03.17 07:05:52.167,8.43394,8.43828,1.75,1.66
2016.03.17 07:05:52.420,8.43395,8.43828,1.75,2.04
2016.03.17 07:05:52.521,8.43395,8.43828,1.75,1.66
2016.03.17 07:05:52.623,8.43417,8.43828,1.07,1.66
2016.03.17 07:05:52.942,8.43396,8.43828,1.75,1.66
2016.03.17 07:05:53.374,8.4344,8.43828,1.75,1.66
2016.03.17 07:05:53.626,8.4342,8.43802,1.75,1.00
2016.03.17 07:05:53.677,8.4342,8.43782,1.75,1.00
2016.03.17 07:05:53.930,8.43362,8.43782,1.75,1.00
2016.03.17 07:05:54.183,8.43434,8.43782,1.75,1.00
2016.03.17 07:05:54.366,8.43386,8.43782,1.75,1.00
2016.03.17 07:05:54.467,8.43367,8.43782,1.50,1.00
2016.03.17 07:05:54.619,8.43367,8.43782,1.00,1.37
2016.03.17 07:05:54.670,8.43358,8.43782,1.12,1.37
2016.03.17 07:05:55.102,8.4337,8.43782,1.00,1.37
2016.03.17 07:05:55.453,8.43442,8.43782,1.00,1.00
2016.03.17 07:05:55.504,8.43432,8.43782,1.00,1.00
2016.03.17 07:05:55.613,8.43422,8.43782,1.07,1.00
2016.03.17 07:05:55.794,8.43422,8.43782,1.75,1.00
2016.03.17 07:05:56.096,8.43452,8.43782,1.00,1.75
2016.03.17 07:05:56.299,8.43492,8.43798,1.00,1.15
2016.03.17 07:05:56.356,8.43492,8.43807,1.00,1.87
2016.03.17 07:05:56.659,8.43512,8.43807,1.00,1.09
2016.03.17 07:05:56.822,8.43492,8.43807,1.07,1.09
2016.03.17 07:05:56.924,8.43462,8.43807,1.75,1.16
2016.03.17 07:05:57.543,8.43442,8.43807,1.75,1.16
2016.03.17 07:05:58.166,8.43422,8.43807,1.75,1.16
2016.03.17 07:05:58.318,8.43412,8.43794,1.75,1.18
2016.03.17 07:05:59.196,8.43452,8.43807,1.50,1.16
2016.03.17 07:05:59.506,8.43472,8.43807,1.00,1.16
2016.03.17 07:05:59.822,8.43522,8.43807,1.00,1.80
2016.03.17 07:06:00.132,8.43532,8.43807,1.00,1.80
2016.03.17 07:06:00.359,8.43522,8.43807,1.00,1.80
2016.03.17 07:06:00.590,8.43502,8.43807,1.07,1.80
2016.03.17 07:06:00.819,8.43522,8.43807,1.00,1.80
2016.03.17 07:06:01.123,8.43512,8.43807,1.00,1.80
2016.03.17 07:06:01.174,8.43512,8.43805,1.00,1.33
2016.03.17 07:06:01.393,8.43512,8.43807,1.00,1.87
2016.03.17 07:06:01.564,8.43532,8.43807,1.00,1.87
2016.03.17 07:06:01.674,8.43513,8.43807,1.00,1.87
2016.03.17 07:06:01.826,8.43483,8.43807,1.00,2.17
2016.03.17 07:06:01.877,8.43483,8.43787,1.00,1.18
2016.03.17 07:06:02.289,8.43492,8.43787,1.00,1.18
2016.03.17 07:06:02.665,8.43503,8.43787,1.00,1.18
2016.03.17 07:06:03.013,8.43512,8.43787,1.00,1.18
2016.03.17 07:06:03.064,8.43512,8.43804,1.00,1.33
2016.03.17 07:06:03.231,8.43523,8.43804,1.00,1.33
2016.03.17 07:06:03.535,8.43552,8.43807,1.00,1.80
2016.03.17 07:06:03.916,8.43502,8.43807,1.37,1.87
2016.03.17 07:06:03.967,8.43502,8.43807,1.07,2.24
2016.03.17 07:06:04.068,8.43492,8.43806,1.00,1.33
2016.03.17 07:06:04.119,8.43502,8.43806,1.00,1.33
2016.03.17 07:06:04.322,8.43452,8.43806,1.75,1.33
2016.03.17 07:06:04.373,8.43452,8.43787,1.00,1.18
2016.03.17 07:06:04.473,8.43386,8.43787,1.00,1.18
2016.03.17 07:06:04.524,8.43372,8.43787,1.07,1.18
2016.03.17 07:06:04.931,8.43366,8.43792,1.75,1.18
2016.03.17 07:06:05.401,8.43366,8.43787,1.75,1.18
2016.03.17 07:06:05.620,8.43342,8.43786,1.10,1.75
2016.03.17 07:06:05.944,8.43335,8.43786,1.75,1.75
2016.03.17 07:06:06.364,8.43374,8.43786,1.75,1.93
2016.03.17 07:06:06.784,8.43403,8.43807,1.75,1.16
2016.03.17 07:06:07.730,8.43452,8.43817,1.75,1.13
2016.03.17 07:06:08.105,8.43463,8.43817,1.75,1.13
2016.03.17 07:06:08.257,8.43411,8.43817,1.75,1.13
2016.03.17 07:06:08.358,8.43411,8.43817,1.00,1.13
2016.03.17 07:06:08.409,8.43359,8.43817,1.75,1.13
2016.03.17 07:06:08.678,8.43328,8.43794,1.37,1.80
2016.03.17 07:06:08.779,8.43312,8.43766,1.75,1.00
2016.03.17 07:06:08.881,8.43316,8.43783,1.75,1.00
2016.03.17 07:06:09.033,8.43316,8.43783,1.75,1.00
2016.03.17 07:06:09.351,8.43302,8.43628,2.41,1.21
2016.03.17 07:06:09.453,8.43302,8.43628,2.41,1.21
2016.03.17 07:06:09.684,8.43274,8.43618,1.75,1.28
2016.03.17 07:06:10.182,8.43274,8.43618,1.75,1.28
2016.03.17 07:06:11.084,8.43274,8.43618,1.75,1.28
2016.03.17 07:06:11.540,8.43266,8.43618,1.75,1.28
2016.03.17 07:06:11.641,8.43266,8.43618,1.75,1.28
2016.03.17 07:06:13.403,8.43229,8.43618,1.75,1.25
2016.03.17 07:06:13.504,8.43201,8.43609,1.75,1.04
2016.03.17 07:06:13.606,8.43201,8.43608,1.75,1.33
2016.03.17 07:06:14.312,8.43177,8.43608,1.75,1.34
2016.03.17 07:06:14.596,8.43177,8.43617,1.75,1.04
2016.03.17 07:06:17.825,8.43184,8.43617,2.25,1.04
2016.03.17 07:06:18.335,8.43184,8.43617,2.25,1.04
2016.03.17 07:06:19.126,8.432,8.43618,1.75,1.09
2016.03.17 07:06:19.550,8.4317,8.43589,1.75,1.18
2016.03.17 07:06:19.701,8.43152,8.43587,2.04,1.18
2016.03.17 07:06:19.996,8.43169,8.43581,2.25,1.07
2016.03.17 07:06:20.316,8.43169,8.43608,2.25,1.37
2016.03.17 07:06:20.555,8.43169,8.43587,1.75,1.18
2016.03.17 07:06:20.657,8.43132,8.43587,2.41,1.75
2016.03.17 07:06:20.758,8.43122,8.43587,1.75,1.75
2016.03.17 07:06:20.977,8.43116,8.43555,1.75,1.07
2016.03.17 07:06:21.155,8.43116,8.43555,1.75,1.75
2016.03.17 07:06:21.636,8.43121,8.43586,1.75,1.75
2016.03.17 07:06:21.755,8.43121,8.43586,1.75,1.75
2016.03.17 07:06:21.965,8.43121,8.43586,1.75,1.75
2016.03.17 07:06:22.296,8.43145,8.43587,1.75,1.18
2016.03.17 07:06:23.516,8.43141,8.43588,1.75,1.18
2016.03.17 07:06:26.624,8.43177,8.43587,1.75,1.18
2016.03.17 07:06:26.958,8.43244,8.43618,1.75,1.07
2016.03.17 07:06:27.303,8.43255,8.43617,1.75,1.09
2016.03.17 07:06:27.607,8.43255,8.43617,1.75,1.09
2016.03.17 07:06:27.715,8.43255,8.43617,1.75,1.09
2016.03.17 07:06:27.766,8.43244,8.43617,1.75,1.09
2016.03.17 07:06:27.817,8.43244,8.43617,1.75,1.09
2016.03.17 07:06:30.658,8.43225,8.43618,1.75,1.24
2016.03.17 07:06:30.810,8.4318,8.43588,1.37,1.18
2016.03.17 07:06:31.218,8.4318,8.43608,1.75,1.10
2016.03.17 07:06:32.673,8.43175,8.43608,1.75,1.18
2016.03.17 07:06:33.189,8.43169,8.43586,1.75,1.18
2016.03.17 07:06:35.163,8.4317,8.43598,1.75,1.33
2016.03.17 07:06:36.202,8.43184,8.43587,1.37,1.18
2016.03.17 07:06:36.400,8.43184,8.43607,1.75,1.63
2016.03.17 07:06:37.182,8.43194,8.43618,1.75,1.19
2016.03.17 07:06:37.593,8.4322,8.43618,1.75,1.19
2016.03.17 07:06:37.954,8.43199,8.43608,1.75,1.01
2016.03.17 07:06:38.614,8.43192,8.43611,1.75,1.28
2016.03.17 07:06:39.232,8.43192,8.43611,1.75,1.28
2016.03.17 07:06:39.491,8.43192,8.43611,1.75,1.28
2016.03.17 07:06:39.693,8.43172,8.43596,2.41,1.18
2016.03.17 07:06:44.107,8.43279,8.43596,1.00,1.18
2016.03.17 07:06:44.217,8.43279,8.43613,1.00,1.04
2016.03.17 07:06:44.275,8.43209,8.43613,1.75,1.04
2016.03.17 07:06:44.953,8.43209,8.43594,1.75,1.18
2016.03.17 07:06:46.419,8.43209,8.43587,1.37,1.18
2016.03.17 07:06:48.583,8.43172,8.43588,2.41,1.18
2016.03.17 07:06:49.500,8.43192,8.43597,1.07,1.18
2016.03.17 07:06:49.947,8.43172,8.43588,1.74,1.18
2016.03.17 07:06:50.200,8.43117,8.43555,1.75,1.75
2016.03.17 07:06:50.373,8.43117,8.43531,1.00,1.75
2016.03.17 07:06:51.512,8.43074,8.43511,1.37,1.75
2016.03.17 07:06:51.743,8.43074,8.43381,1.37,1.72
2016.03.17 07:06:52.371,8.43074,8.43381,1.00,1.72
2016.03.17 07:06:52.834,8.4305,8.43381,1.00,1.04
2016.03.17 07:06:54.086,8.43033,8.43381,1.00,1.04
2016.03.17 07:06:54.434,8.43052,8.43381,1.00,1.04
2016.03.17 07:06:54.737,8.43062,8.43381,1.00,1.04
2016.03.17 07:06:55.093,8.43092,8.43381,1.00,1.12
2016.03.17 07:06:55.537,8.43042,8.43381,1.00,1.12
2016.03.17 07:06:55.639,8.43042,8.43365,1.00,1.18
2016.03.17 07:06:55.689,8.43032,8.43365,1.50,1.18
2016.03.17 07:06:55.740,8.43032,8.43361,1.50,1.18
2016.03.17 07:06:55.841,8.43003,8.43361,1.00,1.18
2016.03.17 07:06:55.892,8.42982,8.43361,1.00,1.18
2016.03.17 07:06:56.180,8.42982,8.43361,1.50,1.18
2016.03.17 07:06:56.484,8.42992,8.43361,1.00,1.18
2016.03.17 07:06:56.535,8.42982,8.43361,1.50,1.18
2016.03.17 07:06:58.625,8.42982,8.4336,1.00,1.18
2016.03.17 07:06:58.828,8.43026,8.4336,1.00,1.18
2016.03.17 07:06:58.929,8.43026,8.43381,1.00,1.63
2016.03.17 07:06:59.456,8.43026,8.43381,1.00,1.32
2016.03.17 07:06:59.508,8.43078,8.43381,1.00,1.32
2016.03.17 07:07:00.093,8.43052,8.43381,1.00,1.32
2016.03.17 07:07:00.623,8.43052,8.4338,1.00,1.67
2016.03.17 07:07:01.257,8.43052,8.4338,1.00,1.77
2016.03.17 07:07:01.308,8.42993,8.4338,1.00,1.77
2016.03.17 07:07:01.362,8.43004,8.4338,1.00,1.77
2016.03.17 07:07:01.665,8.43012,8.43381,1.00,1.01
2016.03.17 07:07:02.006,8.43027,8.43381,1.00,1.01
2016.03.17 07:07:02.616,8.43027,8.43381,1.00,1.01
2016.03.17 07:07:02.947,8.43033,8.43381,1.00,1.01
2016.03.17 07:07:03.313,8.43042,8.43381,1.00,1.01
2016.03.17 07:07:04.689,8.43042,8.4339,1.00,1.19
2016.03.17 07:07:05.103,8.43052,8.4339,1.00,1.19
2016.03.17 07:07:05.413,8.43062,8.4339,1.00,1.19
2016.03.17 07:07:05.763,8.43052,8.4339,1.00,1.19
2016.03.17 07:07:05.872,8.43072,8.4339,1.00,1.19
2016.03.17 07:07:06.176,8.43099,8.43391,1.00,1.09
2016.03.17 07:07:07.634,8.43042,8.43381,1.50,1.01
2016.03.17 07:07:08.071,8.4306,8.43391,1.00,1.24
2016.03.17 07:07:08.323,8.43042,8.43381,1.00,1.01
2016.03.17 07:07:09.113,8.43077,8.43391,1.00,1.34
2016.03.17 07:07:09.614,8.43077,8.43391,1.00,1.06
2016.03.17 07:07:10.299,8.43077,8.43391,1.00,1.24
2016.03.17 07:07:11.634,8.43076,8.43391,1.00,1.24
2016.03.17 07:07:14.205,8.43069,8.43391,1.00,1.24
2016.03.17 07:07:14.357,8.43092,8.4339,1.00,1.03
2016.03.17 07:07:14.823,8.43082,8.4339,1.00,1.03
2016.03.17 07:07:15.151,8.43072,8.4339,1.00,1.03
2016.03.17 07:07:15.607,8.43082,8.4339,1.00,1.03
2016.03.17 07:07:15.724,8.43076,8.4339,1.00,1.03
2016.03.17 07:07:16.524,8.43076,8.4339,1.00,1.03
2016.03.17 07:07:17.256,8.43073,8.4339,1.00,1.03
2016.03.17 07:07:18.174,8.43082,8.4339,1.00,1.03
2016.03.17 07:07:18.522,8.43092,8.4339,1.00,1.03
2016.03.17 07:07:18.623,8.43043,8.4339,1.50,1.03
2016.03.17 07:07:18.832,8.43043,8.4339,1.50,1.03
2016.03.17 07:07:19.006,8.43043,8.43391,1.00,1.24
2016.03.17 07:07:19.553,8.43043,8.43391,1.00,1.24
2016.03.17 07:07:19.861,8.4302,8.43391,1.00,1.24
2016.03.17 07:07:20.533,8.43065,8.43391,1.00,1.24
2016.03.17 07:07:21.166,8.43065,8.43391,1.00,1.24
2016.03.17 07:07:21.678,8.43091,8.4339,1.00,1.13
2016.03.17 07:07:22.421,8.43091,8.43401,1.00,1.19
2016.03.17 07:07:22.922,8.43097,8.4339,1.00,1.03
2016.03.17 07:07:23.962,8.43097,8.4341,1.00,1.24
2016.03.17 07:07:24.325,8.43081,8.4341,1.00,1.24
2016.03.17 07:07:26.116,8.43088,8.43421,1.00,1.09
2016.03.17 07:07:27.023,8.43001,8.43411,1.75,1.03
2016.03.17 07:07:27.125,8.42972,8.43356,1.07,1.75
2016.03.17 07:07:27.226,8.42972,8.43356,1.00,1.75
2016.03.17 07:07:27.428,8.42973,8.43356,1.00,1.75
2016.03.17 07:07:27.994,8.42972,8.43356,1.00,1.75
2016.03.17 07:07:28.420,8.42972,8.43356,1.00,1.37
2016.03.17 07:07:28.521,8.42999,8.43358,1.00,2.04
2016.03.17 07:07:28.652,8.42999,8.43358,1.00,1.66
2016.03.17 07:07:28.804,8.42999,8.43401,1.00,1.29
2016.03.17 07:07:29.330,8.42999,8.43401,1.00,1.29
2016.03.17 07:07:29.853,8.42971,8.43401,1.00,1.29
2016.03.17 07:07:30.090,8.42967,8.43401,1.00,1.29
2016.03.17 07:07:31.232,8.42974,8.43401,1.00,1.29
2016.03.17 07:07:32.586,8.42974,8.4338,1.00,1.18
2016.03.17 07:07:33.034,8.42974,8.4338,1.00,1.18
2016.03.17 07:07:33.735,8.42929,8.4338,1.07,1.93
2016.03.17 07:07:34.136,8.42974,8.4338,1.00,1.18
2016.03.17 07:07:34.346,8.42941,8.4338,1.37,1.18
2016.03.17 07:07:34.906,8.42939,8.43361,1.00,1.75
2016.03.17 07:07:35.028,8.42852,8.43293,2.04,1.75
2016.03.17 07:07:35.130,8.42847,8.43293,1.75,1.75
2016.03.17 07:07:35.232,8.42847,8.43292,1.75,1.75
2016.03.17 07:07:35.964,8.42852,8.43289,1.37,1.75
2016.03.17 07:07:38.565,8.43037,8.43294,1.00,1.75
2016.03.17 07:07:38.767,8.43037,8.43381,1.00,1.18
2016.03.17 07:07:38.869,8.43018,8.4332,1.00,1.75
2016.03.17 07:07:38.970,8.42992,8.4332,1.66,1.75
2016.03.17 07:07:39.181,8.42992,8.43376,1.66,1.75
2016.03.17 07:07:40.143,8.42962,8.43381,1.66,1.18
2016.03.17 07:07:40.194,8.42962,8.43357,1.66,1.75
2016.03.17 07:07:40.911,8.42922,8.43377,1.66,1.75
2016.03.17 07:07:41.407,8.42922,8.43371,1.66,1.75
2016.03.17 07:07:42.154,8.42922,8.43369,2.04,1.37
2016.03.17 07:07:42.424,8.42922,8.43347,2.04,1.00
2016.03.17 07:07:42.775,8.42812,8.43265,1.66,1.75
2016.03.17 07:07:42.977,8.42742,8.43168,1.66,1.75
2016.03.17 07:07:43.028,8.42693,8.43168,2.25,1.75
2016.03.17 07:07:43.129,8.42704,8.43184,1.00,1.75
2016.03.17 07:07:43.180,8.42764,8.43218,1.00,2.41
2016.03.17 07:07:43.230,8.42764,8.43218,1.00,2.41
2016.03.17 07:07:43.304,8.42764,8.43218,1.00,2.41
2016.03.17 07:07:43.355,8.42783,8.43244,1.00,1.75
2016.03.17 07:07:43.672,8.42783,8.43246,1.37,1.75
2016.03.17 07:07:43.773,8.42783,8.43246,1.00,1.75
2016.03.17 07:07:43.824,8.42798,8.43276,1.00,1.75
2016.03.17 07:07:44.008,8.42783,8.43206,1.00,1.75
2016.03.17 07:07:44.059,8.42783,8.43152,1.00,1.07
2016.03.17 07:07:44.363,8.42783,8.43152,1.00,1.75
2016.03.17 07:07:44.618,8.42783,8.43217,1.00,1.75
2016.03.17 07:07:44.746,8.42783,8.43217,1.00,1.75
2016.03.17 07:07:44.951,8.42783,8.43224,1.00,1.75
2016.03.17 07:07:45.162,8.42763,8.4316,1.00,1.00
2016.03.17 07:07:45.263,8.42762,8.4318,1.66,1.00
2016.03.17 07:07:45.314,8.42736,8.4318,1.00,1.75
2016.03.17 07:07:45.365,8.42717,8.43186,1.00,1.75
2016.03.17 07:07:45.416,8.42717,8.43186,1.75,1.00
2016.03.17 07:07:45.587,8.42766,8.43235,1.00,1.75
2016.03.17 07:07:45.640,8.42766,8.43235,1.07,1.75
2016.03.17 07:07:45.742,8.42797,8.43238,1.37,1.66
2016.03.17 07:07:45.843,8.42804,8.43238,1.37,1.66
2016.03.17 07:07:45.895,8.42804,8.43269,1.37,1.00
2016.03.17 07:07:45.946,8.42828,8.43298,1.37,1.00
2016.03.17 07:07:45.996,8.42856,8.43298,1.00,1.00
2016.03.17 07:07:46.199,8.42899,8.43369,1.00,1.75
2016.03.17 07:07:46.250,8.42873,8.43346,1.07,1.07
2016.03.17 07:07:46.608,8.42873,8.43346,1.00,1.75
2016.03.17 07:07:46.974,8.42888,8.43355,1.37,1.37
2016.03.17 07:07:47.323,8.43017,8.43421,1.00,1.37
2016.03.17 07:07:47.476,8.42989,8.43411,1.00,1.28
2016.03.17 07:07:47.628,8.43002,8.43411,1.66,1.10
2016.03.17 07:07:47.932,8.43009,8.43411,1.07,1.12
2016.03.17 07:07:48.382,8.42986,8.43411,1.37,1.09
2016.03.17 07:07:48.441,8.42986,8.43411,1.37,1.09
2016.03.17 07:07:48.492,8.42942,8.43411,1.75,1.16
2016.03.17 07:07:48.543,8.42942,8.43411,1.75,1.16
2016.03.17 07:07:48.695,8.42921,8.4338,1.00,1.18
2016.03.17 07:07:48.796,8.42893,8.43329,1.07,1.07
2016.03.17 07:07:49.124,8.42893,8.43347,1.00,1.75
2016.03.17 07:07:49.563,8.42893,8.43347,1.00,1.75
2016.03.17 07:07:50.088,8.42875,8.43347,1.00,1.75
2016.03.17 07:07:50.336,8.4291,8.43381,1.00,1.93
2016.03.17 07:07:50.655,8.42927,8.43381,1.37,1.93
2016.03.17 07:07:50.962,8.42973,8.43398,1.37,2.24
2016.03.17 07:07:51.013,8.42973,8.43398,1.75,2.62
2016.03.17 07:07:51.064,8.42997,8.43398,1.37,2.62
2016.03.17 07:07:51.115,8.43,8.43398,1.75,2.62
2016.03.17 07:07:51.461,8.43043,8.43411,1.75,1.13
2016.03.17 07:07:51.663,8.43048,8.43409,1.00,1.07
2016.03.17 07:07:52.102,8.43004,8.43411,1.75,1.19
2016.03.17 07:07:52.204,8.43004,8.4339,1.00,1.33
2016.03.17 07:07:53.064,8.42997,8.4339,1.00,1.18
2016.03.17 07:07:53.214,8.42997,8.43411,1.75,1.10
2016.03.17 07:07:53.366,8.43034,8.43415,1.37,1.07
2016.03.17 07:07:53.918,8.43034,8.43415,1.37,1.07
2016.03.17 07:07:54.213,8.43034,8.43421,1.75,1.30
2016.03.17 07:07:54.451,8.43041,8.43409,1.37,1.33
2016.03.17 07:07:54.954,8.43087,8.43421,1.07,1.30
2016.03.17 07:07:55.084,8.43087,8.43421,1.00,1.30
2016.03.17 07:07:55.193,8.43035,8.43411,1.37,1.28
2016.03.17 07:07:55.410,8.43002,8.4339,2.41,1.18
2016.03.17 07:07:55.512,8.42997,8.43391,1.37,1.18
2016.03.17 07:07:55.756,8.42953,8.43391,1.37,1.18
2016.03.17 07:07:55.857,8.42953,8.43363,1.07,1.75
2016.03.17 07:07:56.060,8.4294,8.4339,1.75,1.18
2016.03.17 07:07:56.711,8.4294,8.4339,1.75,1.18
2016.03.17 07:07:57.041,8.42992,8.43391,1.75,1.18
2016.03.17 07:07:57.193,8.43017,8.43421,1.37,1.15
2016.03.17 07:07:57.743,8.43017,8.4342,1.37,1.22
2016.03.17 07:07:57.844,8.43017,8.43421,1.75,1.55
2016.03.17 07:07:57.945,8.43017,8.43391,1.00,1.18
2016.03.17 07:07:58.165,8.43017,8.43391,1.37,1.18
2016.03.17 07:07:58.493,8.42952,8.43391,2.41,1.18
2016.03.17 07:07:58.867,8.42945,8.43391,1.75,1.18
2016.03.17 07:07:59.145,8.42945,8.43391,1.75,1.18
2016.03.17 07:07:59.491,8.42943,8.4339,1.75,1.75
2016.03.17 07:08:00.376,8.42922,8.43389,1.75,1.75
2016.03.17 07:08:00.719,8.42908,8.43377,1.75,1.75
2016.03.17 07:08:01.663,8.42897,8.43341,1.35,1.75
2016.03.17 07:08:01.917,8.42883,8.43341,1.75,1.75
2016.03.17 07:08:02.357,8.42865,8.43325,1.75,1.75
2016.03.17 07:08:02.902,8.42873,8.43273,1.75,1.75
2016.03.17 07:08:03.223,8.4288,8.43273,1.75,1.75
2016.03.17 07:08:03.755,8.4288,8.43273,1.75,1.75
2016.03.17 07:08:04.638,8.42865,8.43311,1.75,1.75
2016.03.17 07:08:05.001,8.42865,8.43311,1.75,1.75
2016.03.17 07:08:05.321,8.42873,8.43324,1.75,1.75
2016.03.17 07:08:05.753,8.42873,8.43324,1.75,1.75
2016.03.17 07:08:06.628,8.42865,8.43292,1.75,1.75
2016.03.17 07:08:07.431,8.42903,8.43337,1.75,1.75
2016.03.17 07:08:07.532,8.42903,8.43337,1.75,1.75
2016.03.17 07:08:07.829,8.42899,8.43337,1.75,1.75
2016.03.17 07:08:08.181,8.42899,8.43337,1.75,1.75
2016.03.17 07:08:08.602,8.42865,8.43319,1.75,1.75
2016.03.17 07:08:08.868,8.42864,8.43319,1.75,1.75
2016.03.17 07:08:09.177,8.42842,8.43271,1.75,1.75
2016.03.17 07:08:09.278,8.42828,8.43271,1.75,1.75
2016.03.17 07:08:09.481,8.42819,8.43268,1.75,1.75
2016.03.17 07:08:10.374,8.42823,8.43242,1.75,1.75
2016.03.17 07:08:11.927,8.42856,8.43242,1.00,1.75
2016.03.17 07:08:12.471,8.42856,8.43242,1.00,1.75
2016.03.17 07:08:13.242,8.42856,8.4322,1.37,1.37
2016.03.17 07:08:14.331,8.42856,8.43243,1.37,1.75
2016.03.17 07:08:14.781,8.42856,8.43243,1.00,1.75
2016.03.17 07:08:14.883,8.42856,8.43243,1.00,1.75
2016.03.17 07:08:15.105,8.42842,8.43243,1.66,1.75
2016.03.17 07:08:15.642,8.42842,8.43225,1.66,1.75
2016.03.17 07:08:15.978,8.42849,8.43225,1.00,1.75
2016.03.17 07:08:16.116,8.42849,8.43283,1.07,1.75
2016.03.17 07:08:16.492,8.42863,8.43283,1.00,1.75
2016.03.17 07:08:16.782,8.42863,8.43283,1.37,1.75
2016.03.17 07:08:16.892,8.42896,8.43298,1.00,1.75
2016.03.17 07:08:17.521,8.42896,8.43297,1.07,1.37
2016.03.17 07:08:17.723,8.42896,8.43297,1.75,1.37
2016.03.17 07:08:18.032,8.42911,8.43297,1.75,1.00
2016.03.17 07:08:18.712,8.42896,8.43297,1.37,1.37
2016.03.17 07:08:19.181,8.42896,8.43296,1.07,1.75
2016.03.17 07:08:20.721,8.429,8.43298,1.75,1.07
2016.03.17 07:08:21.050,8.429,8.43287,1.75,1.00
2016.03.17 07:08:21.319,8.429,8.43287,1.75,1.07
2016.03.17 07:08:21.471,8.429,8.43287,1.75,1.00
2016.03.17 07:08:22.027,8.42938,8.43287,1.75,1.00
2016.03.17 07:08:22.219,8.42952,8.43328,1.75,1.64
2016.03.17 07:08:22.270,8.42938,8.43328,1.75,1.64
2016.03.17 07:08:22.372,8.42933,8.43302,1.75,1.01
2016.03.17 07:08:23.103,8.42933,8.43302,1.00,1.29
2016.03.17 07:08:23.661,8.42933,8.43302,1.75,1.29
2016.03.17 07:08:24.045,8.42968,8.43314,1.75,1.06
2016.03.17 07:08:24.682,8.42918,8.43302,1.75,1.59
2016.03.17 07:08:25.045,8.42988,8.43302,1.00,1.29
2016.03.17 07:08:25.095,8.42988,8.43318,1.00,1.06
2016.03.17 07:08:25.247,8.42988,8.43302,1.00,1.29
2016.03.17 07:08:25.449,8.42956,8.43302,1.10,1.29
2016.03.17 07:08:25.827,8.42913,8.43315,2.25,1.06
2016.03.17 07:08:25.878,8.42953,8.43323,1.75,1.38
2016.03.17 07:08:26.421,8.42953,8.43323,1.75,1.38
2016.03.17 07:08:27.273,8.42953,8.43323,1.75,1.38
2016.03.17 07:08:27.962,8.42932,8.43323,1.75,1.26
2016.03.17 07:08:28.187,8.42932,8.43323,1.37,1.26
2016.03.17 07:08:28.763,8.42916,8.43318,1.37,1.06
2016.03.17 07:08:29.095,8.429,8.43309,1.37,1.29
2016.03.17 07:08:29.197,8.42858,8.43303,1.75,1.29
2016.03.17 07:08:29.301,8.42886,8.43303,1.75,1.29
2016.03.17 07:08:29.696,8.42866,8.43302,1.75,1.29
2016.03.17 07:08:29.961,8.42866,8.43302,1.75,1.29
2016.03.17 07:08:30.750,8.42893,8.43313,1.75,1.06
2016.03.17 07:08:31.171,8.42893,8.43303,1.50,1.29
2016.03.17 07:08:31.721,8.42893,8.43313,1.75,1.06
2016.03.17 07:08:31.823,8.42983,8.43313,1.00,1.06
2016.03.17 07:08:32.119,8.42966,8.43313,1.00,1.06
2016.03.17 07:08:32.221,8.42912,8.43313,2.25,1.06
2016.03.17 07:08:32.681,8.42922,8.43303,1.75,1.29
2016.03.17 07:08:33.465,8.42888,8.43302,1.75,1.29
2016.03.17 07:08:33.794,8.42842,8.43297,2.41,1.75
2016.03.17 07:08:33.895,8.42825,8.43253,1.12,1.75
2016.03.17 07:08:34.665,8.42836,8.43228,1.37,1.75
2016.03.17 07:08:34.766,8.4286,8.43218,1.00,1.75
2016.03.17 07:08:35.093,8.42817,8.43182,1.37,1.75
2016.03.17 07:08:35.416,8.42817,8.43182,1.00,1.75
2016.03.17 07:08:36.682,8.42817,8.43208,1.75,1.75
2016.03.17 07:08:37.868,8.42829,8.43198,1.50,1.37
2016.03.17 07:08:37.969,8.4285,8.43198,1.37,1.75
2016.03.17 07:08:38.222,8.42787,8.43235,1.75,1.75
2016.03.17 07:08:38.434,8.42802,8.43235,1.75,1.75
2016.03.17 07:08:38.964,8.42772,8.43218,2.41,2.25
2016.03.17 07:08:39.312,8.42772,8.43189,2.41,1.75
2016.03.17 07:08:39.567,8.42755,8.43189,1.75,1.75
2016.03.17 07:08:39.668,8.42752,8.43158,1.37,1.75
2016.03.17 07:08:39.992,8.42752,8.43146,1.07,1.75
2016.03.17 07:08:41.229,8.42732,8.43098,2.04,1.75
2016.03.17 07:08:41.331,8.42702,8.43107,2.41,1.75
2016.03.17 07:08:41.533,8.42702,8.43091,1.74,1.75
2016.03.17 07:08:42.122,8.42713,8.43091,1.00,1.75
2016.03.17 07:08:42.432,8.42722,8.43091,1.00,1.75
2016.03.17 07:08:42.750,8.42772,8.43143,1.00,1.75
2016.03.17 07:08:43.070,8.42742,8.43142,1.37,1.75
2016.03.17 07:08:43.172,8.42732,8.4312,1.74,1.75
2016.03.17 07:08:44.572,8.42742,8.43114,1.00,1.75
2016.03.17 07:08:45.140,8.42722,8.43116,1.37,1.75
2016.03.17 07:08:45.191,8.42722,8.43116,1.75,1.75
2016.03.17 07:08:45.472,8.42752,8.43108,1.00,1.75
2016.03.17 07:08:45.724,8.42752,8.43148,1.75,1.75
2016.03.17 07:08:46.181,8.42772,8.43152,1.07,1.75
2016.03.17 07:08:46.813,8.42762,8.43158,1.00,2.25
2016.03.17 07:08:47.120,8.42742,8.43138,1.37,1.75
2016.03.17 07:08:47.171,8.42742,8.43138,1.75,1.75
2016.03.17 07:08:49.150,8.42732,8.43117,1.74,1.75
2016.03.17 07:08:49.899,8.42742,8.43138,1.00,1.75
2016.03.17 07:08:50.210,8.42722,8.43118,1.37,1.75
2016.03.17 07:08:52.105,8.42723,8.43117,1.75,1.75
2016.03.17 07:08:52.458,8.42763,8.43128,1.07,1.75
2016.03.17 07:08:52.559,8.42758,8.43128,1.75,1.75
2016.03.17 07:08:52.862,8.42733,8.43118,2.41,1.75
2016.03.17 07:08:53.661,8.42733,8.43118,1.74,1.75
2016.03.17 07:08:54.545,8.42723,8.43117,1.75,1.75
2016.03.17 07:08:54.761,8.42723,8.43117,1.75,1.75
2016.03.17 07:08:55.820,8.42722,8.43118,1.75,1.75
2016.03.17 07:08:57.503,8.42692,8.43088,1.75,1.75
2016.03.17 07:08:57.690,8.42692,8.43088,1.75,1.75
2016.03.17 07:08:58.178,8.42683,8.43068,2.41,1.75
2016.03.17 07:08:59.010,8.42652,8.43048,1.75,1.75
2016.03.17 07:09:00.108,8.42643,8.43027,2.41,1.75
2016.03.17 07:09:03.633,8.42624,8.43008,1.75,1.75
2016.03.17 07:09:04.098,8.42602,8.42977,1.75,1.75
2016.03.17 07:09:04.840,8.42602,8.42988,1.75,1.75
2016.03.17 07:09:09.145,8.42652,8.42998,1.00,1.75
2016.03.17 07:09:09.247,8.42682,8.43057,1.37,1.75
2016.03.17 07:09:09.399,8.42693,8.43057,1.75,1.75
2016.03.17 07:09:10.451,8.42693,8.43057,1.75,1.37
2016.03.17 07:09:11.450,8.42712,8.43057,1.75,1.75
2016.03.17 07:09:11.912,8.42732,8.43073,1.37,1.18
2016.03.17 07:09:12.013,8.42732,8.43073,1.75,1.18
2016.03.17 07:09:12.454,8.42752,8.43092,1.75,1.19
2016.03.17 07:09:12.555,8.42783,8.43093,1.75,1.88
2016.03.17 07:09:12.657,8.42762,8.43093,1.75,1.88
2016.03.17 07:09:13.093,8.42755,8.43093,1.75,1.95
2016.03.17 07:09:13.144,8.42755,8.43093,1.75,1.95
2016.03.17 07:09:13.974,8.42755,8.43093,1.75,1.95
2016.03.17 07:09:14.381,8.42811,8.43093,1.00,1.88
2016.03.17 07:09:14.685,8.42825,8.43103,1.75,1.21
2016.03.17 07:09:15.266,8.42754,8.43112,1.75,1.03
2016.03.17 07:09:15.317,8.42732,8.43097,1.75,1.18
2016.03.17 07:09:15.418,8.42716,8.43073,1.75,1.18
2016.03.17 07:09:15.889,8.42709,8.43082,1.75,1.18
2016.03.17 07:09:17.168,8.42735,8.43097,1.75,1.18
2016.03.17 07:09:17.862,8.42749,8.43113,1.75,1.34
2016.03.17 07:09:18.193,8.42759,8.43103,1.75,1.03
2016.03.17 07:09:19.467,8.42759,8.43101,1.75,1.03
2016.03.17 07:09:19.720,8.42732,8.43093,2.41,1.03
2016.03.17 07:09:21.120,8.42732,8.43098,2.41,1.03
2016.03.17 07:09:21.926,8.42785,8.43103,1.75,1.12
2016.03.17 07:09:22.028,8.42803,8.43098,1.37,1.03
2016.03.17 07:09:22.230,8.42747,8.43103,1.75,1.12
2016.03.17 07:09:22.660,8.42747,8.43103,1.75,1.12
2016.03.17 07:09:23.300,8.42747,8.43103,1.75,1.12
2016.03.17 07:09:23.402,8.42732,8.43103,2.41,1.12
2016.03.17 07:09:26.840,8.42771,8.43103,1.75,1.12
2016.03.17 07:09:27.251,8.42771,8.43103,1.75,1.12
2016.03.17 07:09:27.559,8.42818,8.43103,1.75,1.34
2016.03.17 07:09:27.880,8.42823,8.43103,1.75,1.34
2016.03.17 07:09:28.780,8.42818,8.43103,1.75,1.34
2016.03.17 07:09:29.082,8.42818,8.43103,1.75,1.34
2016.03.17 07:09:29.412,8.42837,8.43102,1.75,1.27
2016.03.17 07:09:29.922,8.42837,8.43102,1.75,1.27
2016.03.17 07:09:30.140,8.42852,8.43102,1.75,1.27
2016.03.17 07:09:30.191,8.42823,8.43112,1.75,1.08
2016.03.17 07:09:30.293,8.42823,8.43112,1.75,1.08
2016.03.17 07:09:30.714,8.42813,8.43112,1.75,1.15
2016.03.17 07:09:33.580,8.42813,8.43112,1.75,1.08
2016.03.17 07:09:33.681,8.42813,8.43111,1.75,1.21
2016.03.17 07:09:34.320,8.42813,8.43112,1.75,1.23
2016.03.17 07:09:34.740,8.42813,8.43112,1.75,1.23
2016.03.17 07:09:36.437,8.42826,8.43112,1.75,1.08
2016.03.17 07:09:36.960,8.42848,8.43112,1.75,1.08
2016.03.17 07:09:37.249,8.42788,8.43102,1.37,1.73
2016.03.17 07:09:37.301,8.42777,8.43092,1.00,1.18
2016.03.17 07:09:37.402,8.42725,8.43083,1.00,1.00
2016.03.17 07:09:37.453,8.42725,8.43083,1.37,1.00
2016.03.17 07:09:37.764,8.42702,8.43083,1.37,1.00
2016.03.17 07:09:37.865,8.42702,8.43083,1.07,1.00
2016.03.17 07:09:38.221,8.42702,8.43083,1.00,1.00
2016.03.17 07:09:38.297,8.42672,8.43083,1.57,1.00
2016.03.17 07:09:39.744,8.42672,8.43083,1.07,1.00
2016.03.17 07:09:40.090,8.42681,8.43083,1.00,1.00
2016.03.17 07:09:40.406,8.42681,8.43083,1.75,1.00
2016.03.17 07:09:40.508,8.42698,8.43083,1.37,1.00
2016.03.17 07:09:40.975,8.42716,8.43083,1.00,1.00
2016.03.17 07:09:41.278,8.42749,8.43083,1.07,1.00
2016.03.17 07:09:41.410,8.42749,8.43094,1.37,1.17
2016.03.17 07:09:42.018,8.42741,8.43094,1.37,1.17
2016.03.17 07:09:42.910,8.42749,8.43094,1.37,1.17
2016.03.17 07:09:43.648,8.42765,8.43094,1.00,1.17
2016.03.17 07:09:44.001,8.42774,8.43113,1.75,1.25
2016.03.17 07:09:44.772,8.42745,8.43113,1.75,1.22
2016.03.17 07:09:44.823,8.42778,8.43113,1.00,1.22
2016.03.17 07:09:45.141,8.42808,8.43123,1.75,1.18
2016.03.17 07:09:45.370,8.42816,8.43123,1.37,1.18
2016.03.17 07:09:45.913,8.42816,8.43122,1.37,1.17
2016.03.17 07:09:46.097,8.42815,8.43122,1.75,1.17
2016.03.17 07:09:46.631,8.42807,8.43122,1.75,1.17
2016.03.17 07:09:46.783,8.42799,8.43121,1.75,1.04
2016.03.17 07:09:47.301,8.42798,8.43121,1.75,1.04
2016.03.17 07:09:48.181,8.42798,8.43122,1.75,1.17
2016.03.17 07:09:49.259,8.42807,8.43122,1.75,1.17
2016.03.17 07:09:51.370,8.42792,8.43122,1.75,1.24
2016.03.17 07:09:53.900,8.42816,8.43122,1.75,1.17
2016.03.17 07:09:56.810,8.42843,8.43161,1.75,1.02
2016.03.17 07:09:58.533,8.42869,8.43161,1.00,1.02
2016.03.17 07:09:58.786,8.42885,8.43228,1.75,1.37
2016.03.17 07:09:59.089,8.42906,8.43228,1.75,1.45
2016.03.17 07:09:59.621,8.42906,8.43228,1.75,1.45
2016.03.17 07:10:00.268,8.42906,8.43228,1.75,1.45
2016.03.17 07:10:00.885,8.42899,8.43228,1.75,1.45
2016.03.17 07:10:01.531,8.4287,8.43218,1.75,1.82
2016.03.17 07:10:02.237,8.4287,8.43218,1.75,1.82
2016.03.17 07:10:03.918,8.42854,8.43123,1.75,1.54
2016.03.17 07:10:04.239,8.42836,8.43123,1.75,1.54
2016.03.17 07:10:04.471,8.42836,8.43123,1.75,1.54
2016.03.17 07:10:04.933,8.42816,8.43123,1.75,1.54
2016.03.17 07:10:05.561,8.42816,8.43123,1.75,1.47
2016.03.17 07:10:05.612,8.42816,8.43123,1.75,1.70
2016.03.17 07:10:09.002,8.42822,8.43041,1.75,1.54
2016.03.17 07:10:09.455,8.42752,8.43031,1.75,1.78
2016.03.17 07:10:09.556,8.42752,8.43031,1.37,1.78
2016.03.17 07:10:09.657,8.42752,8.43031,1.10,1.86
2016.03.17 07:10:09.828,8.42672,8.4302,1.75,1.06
2016.03.17 07:10:09.879,8.42672,8.4301,1.37,1.06
2016.03.17 07:10:10.190,8.42692,8.43025,1.75,1.21
2016.03.17 07:10:10.501,8.42732,8.43031,1.75,1.04
2016.03.17 07:10:11.226,8.42745,8.43031,1.75,1.04
2016.03.17 07:10:11.786,8.42745,8.43031,1.75,1.04
2016.03.17 07:10:13.051,8.42733,8.43031,1.75,1.04
2016.03.17 07:10:13.732,8.42733,8.43031,1.75,1.04
2016.03.17 07:10:13.946,8.42711,8.43031,1.75,1.04
2016.03.17 07:10:14.159,8.42694,8.43031,1.75,1.12
2016.03.17 07:10:14.276,8.42694,8.43021,1.75,1.21
2016.03.17 07:10:15.266,8.42694,8.43031,1.75,1.71
2016.03.17 07:10:17.922,8.42698,8.43031,1.75,1.48
2016.03.17 07:10:21.070,8.42698,8.43041,1.75,1.43
2016.03.17 07:10:22.133,8.42728,8.43041,1.75,1.43
2016.03.17 07:10:23.980,8.427,8.43035,1.75,1.18
2016.03.17 07:10:24.198,8.42686,8.43031,1.37,1.56
2016.03.17 07:10:25.186,8.42672,8.43031,1.37,1.56
2016.03.17 07:10:25.370,8.42647,8.43031,1.00,1.37
2016.03.17 07:10:25.472,8.42612,8.43031,1.00,1.37
2016.03.17 07:10:25.725,8.42612,8.42989,1.00,1.82
2016.03.17 07:10:26.029,8.42612,8.42989,1.00,1.82
2016.03.17 07:10:26.131,8.42533,8.42923,1.66,1.75
2016.03.17 07:10:26.232,8.42522,8.42898,1.00,2.41
2016.03.17 07:10:26.355,8.42522,8.42878,1.75,1.00
2016.03.17 07:10:26.456,8.42522,8.42898,1.75,1.74
2016.03.17 07:10:26.507,8.42522,8.42898,1.75,1.66
2016.03.17 07:10:26.608,8.42545,8.42989,1.75,1.82
2016.03.17 07:10:26.719,8.42545,8.42998,1.75,2.49
2016.03.17 07:10:27.364,8.42524,8.42988,1.75,1.82
2016.03.17 07:10:27.550,8.42522,8.42965,1.75,1.82
2016.03.17 07:10:27.913,8.42522,8.42965,1.75,1.82
2016.03.17 07:10:28.365,8.42522,8.42965,1.75,1.82
2016.03.17 07:10:28.473,8.42522,8.42965,1.75,1.82
2016.03.17 07:10:29.767,8.42522,8.42912,1.75,1.75
2016.03.17 07:10:30.096,8.42472,8.42782,1.75,1.20
2016.03.17 07:10:30.797,8.4249,8.42782,1.75,1.20
2016.03.17 07:10:31.131,8.42472,8.42782,1.75,1.20
2016.03.17 07:10:31.521,8.42489,8.42782,1.75,1.20
2016.03.17 07:10:31.847,8.42489,8.42782,1.75,1.20
2016.03.17 07:10:32.622,8.42497,8.42782,1.75,1.20
2016.03.17 07:10:32.959,8.42472,8.42782,1.75,1.20
2016.03.17 07:10:33.219,8.42472,8.42782,1.75,1.20
2016.03.17 07:10:33.723,8.42472,8.42782,1.75,1.20
2016.03.17 07:10:33.952,8.42472,8.42782,1.75,1.20
2016.03.17 07:10:34.319,8.42472,8.42782,1.75,1.20
2016.03.17 07:10:34.942,8.42472,8.42782,1.75,1.20
2016.03.17 07:10:35.393,8.42472,8.42782,1.75,1.20
2016.03.17 07:10:35.731,8.42511,8.42781,1.75,1.04
2016.03.17 07:10:36.105,8.42472,8.42792,1.75,2.18
2016.03.17 07:10:36.156,8.42472,8.42792,1.75,2.18
2016.03.17 07:10:36.260,8.42472,8.42792,1.75,2.18
2016.03.17 07:10:37.136,8.42472,8.42792,2.25,2.18
2016.03.17 07:10:37.793,8.42472,8.42792,1.37,2.18
2016.03.17 07:10:37.967,8.42472,8.42792,1.00,2.18
2016.03.17 07:10:38.724,8.42382,8.42779,1.75,1.53
2016.03.17 07:10:38.846,8.42382,8.42761,1.00,1.06
2016.03.17 07:10:38.897,8.42341,8.42761,1.75,1.06
2016.03.17 07:10:39.150,8.42402,8.42762,1.07,1.06
2016.03.17 07:10:39.251,8.42402,8.42771,1.37,1.06
2016.03.17 07:10:39.453,8.42334,8.42762,1.37,1.06
2016.03.17 07:10:39.696,8.42247,8.4267,1.75,1.75
2016.03.17 07:10:39.797,8.42272,8.4267,1.75,1.75
2016.03.17 07:10:40.109,8.42232,8.42626,1.00,1.75
2016.03.17 07:10:40.279,8.42233,8.42626,1.00,1.75
2016.03.17 07:10:40.433,8.42233,8.4262,1.00,1.75
2016.03.17 07:10:40.540,8.42233,8.42626,1.00,1.75
2016.03.17 07:10:40.980,8.42232,8.4259,1.00,1.75
2016.03.17 07:10:41.032,8.42233,8.4259,1.00,1.75
2016.03.17 07:10:41.234,8.42202,8.42595,1.00,1.75
2016.03.17 07:10:41.336,8.42213,8.42595,1.00,1.75
2016.03.17 07:10:41.438,8.42192,8.42623,2.25,1.75
2016.03.17 07:10:41.544,8.42212,8.42623,1.00,1.75
2016.03.17 07:10:41.718,8.42212,8.42641,1.07,1.75
2016.03.17 07:10:41.770,8.42192,8.42641,2.25,1.75
2016.03.17 07:10:41.974,8.42207,8.42658,1.75,2.41
2016.03.17 07:10:42.327,8.42192,8.42572,1.00,1.75
2016.03.17 07:10:42.429,8.42142,8.42572,1.75,1.75
2016.03.17 07:10:42.658,8.4216,8.42608,1.75,2.41
2016.03.17 07:10:42.760,8.42167,8.42608,1.75,2.41
2016.03.17 07:10:42.861,8.42167,8.42608,1.75,2.41
2016.03.17 07:10:43.246,8.42167,8.42577,1.75,1.82
2016.03.17 07:10:43.449,8.42167,8.42577,1.37,1.82
2016.03.17 07:10:43.756,8.42182,8.42597,1.10,1.82
2016.03.17 07:10:44.080,8.42203,8.4262,1.75,1.82
2016.03.17 07:10:44.430,8.42163,8.42592,2.41,1.82
2016.03.17 07:10:44.540,8.42142,8.42592,1.75,1.82
2016.03.17 07:10:44.952,8.42203,8.42545,1.00,1.82
2016.03.17 07:10:45.259,8.42163,8.42626,1.75,1.82
2016.03.17 07:10:45.310,8.42161,8.42626,1.75,1.82
2016.03.17 07:10:45.411,8.42163,8.42602,1.75,1.82
2016.03.17 07:10:45.715,8.42171,8.42536,1.75,1.15
2016.03.17 07:10:45.867,8.42171,8.42488,1.50,1.07
2016.03.17 07:10:45.982,8.42171,8.42528,1.37,1.74
2016.03.17 07:10:46.083,8.42171,8.42528,1.75,1.74
2016.03.17 07:10:46.184,8.42128,8.42488,1.75,1.74
2016.03.17 07:10:46.285,8.42126,8.42488,1.75,2.11
2016.03.17 07:10:46.487,8.42126,8.42458,1.75,1.66
2016.03.17 07:10:46.826,8.42126,8.42458,1.75,1.66
2016.03.17 07:10:46.927,8.42126,8.42488,1.75,1.74
2016.03.17 07:10:47.050,8.42126,8.42571,1.75,1.82
2016.03.17 07:10:47.578,8.42126,8.42571,1.75,1.82
2016.03.17 07:10:48.081,8.42152,8.42597,1.75,2.49
2016.03.17 07:10:48.471,8.42142,8.42576,1.75,1.82
2016.03.17 07:10:48.927,8.42146,8.42606,1.75,1.82
2016.03.17 07:10:49.232,8.42167,8.42627,1.75,1.82
2016.03.17 07:10:49.533,8.42213,8.42668,1.75,1.82
2016.03.17 07:10:49.688,8.42213,8.42668,1.75,1.82
2016.03.17 07:10:49.790,8.42242,8.42668,2.25,1.82
2016.03.17 07:10:50.185,8.42242,8.42708,2.25,1.82
2016.03.17 07:10:50.787,8.42256,8.42717,1.75,1.82
2016.03.17 07:10:51.312,8.42287,8.42717,1.75,1.82
2016.03.17 07:10:51.771,8.42332,8.42728,1.00,1.75
2016.03.17 07:10:51.872,8.42332,8.42728,1.75,1.07
2016.03.17 07:10:52.025,8.42332,8.42728,1.75,1.07
2016.03.17 07:10:52.397,8.42332,8.42728,1.75,1.37
2016.03.17 07:10:52.760,8.42332,8.42728,1.75,1.37
2016.03.17 07:10:52.862,8.42332,8.42728,1.12,1.75
2016.03.17 07:10:53.304,8.42312,8.42728,1.75,1.37
2016.03.17 07:10:54.518,8.42312,8.42747,1.75,1.75
2016.03.17 07:10:55.301,8.4231,8.42747,1.37,1.75
2016.03.17 07:10:56.161,8.42322,8.42747,1.37,1.37
2016.03.17 07:10:58.155,8.4234,8.42747,1.00,1.37
2016.03.17 07:10:58.256,8.42352,8.42747,1.37,1.07
2016.03.17 07:10:58.560,8.42386,8.42748,1.87,1.00
2016.03.17 07:10:58.953,8.42386,8.42748,1.37,1.00
2016.03.17 07:10:59.608,8.42386,8.42747,1.37,1.00
2016.03.17 07:11:00.390,8.42363,8.42747,1.37,1.50
2016.03.17 07:11:01.167,8.42381,8.42748,1.00,1.75
2016.03.17 07:11:01.269,8.42381,8.42748,1.37,1.00
2016.03.17 07:11:02.440,8.42406,8.42748,1.00,1.00
2016.03.17 07:11:02.491,8.42406,8.42783,1.00,1.06
2016.03.17 07:11:02.542,8.42406,8.42802,1.37,2.04
2016.03.17 07:11:02.967,8.42435,8.42801,1.00,1.94
2016.03.17 07:11:03.283,8.42435,8.42801,1.07,1.51
2016.03.17 07:11:03.388,8.42435,8.42801,1.07,1.51
2016.03.17 07:11:03.881,8.42424,8.42807,1.00,1.10
2016.03.17 07:11:04.271,8.42435,8.42812,1.00,1.08
2016.03.17 07:11:04.692,8.42435,8.42812,1.00,1.01
2016.03.17 07:11:06.580,8.42422,8.42812,1.07,1.01
2016.03.17 07:11:07.126,8.42422,8.42812,1.07,1.01
2016.03.17 07:11:07.533,8.42422,8.42822,1.75,1.33
2016.03.17 07:11:08.052,8.42417,8.42822,1.75,1.33
2016.03.17 07:11:08.153,8.42417,8.42808,1.07,1.06
2016.03.17 07:11:09.104,8.42417,8.42808,1.07,1.06
2016.03.17 07:11:09.626,8.42417,8.42812,1.57,1.15
2016.03.17 07:11:10.208,8.4244,8.42812,1.00,1.15
2016.03.17 07:11:10.740,8.4244,8.42812,1.00,1.15
2016.03.17 07:11:10.844,8.4244,8.42811,1.00,1.04
2016.03.17 07:11:10.949,8.4244,8.42821,1.07,1.04
2016.03.17 07:11:11.881,8.4246,8.42822,1.00,1.06
2016.03.17 07:11:12.200,8.42466,8.42822,1.07,1.07
2016.03.17 07:11:12.509,8.42487,8.42822,1.00,1.07
2016.03.17 07:11:12.662,8.42464,8.42822,1.07,1.10
2016.03.17 07:11:13.169,8.42464,8.42822,1.07,1.10
2016.03.17 07:11:13.429,8.42464,8.42822,1.37,1.10
2016.03.17 07:11:14.829,8.42484,8.42822,1.00,1.10
2016.03.17 07:11:16.951,8.4248,8.42822,1.37,1.10
2016.03.17 07:11:17.928,8.42507,8.42822,1.00,1.10
2016.03.17 07:11:18.232,8.42534,8.42822,1.37,1.10
2016.03.17 07:11:18.554,8.42556,8.42822,1.00,1.10
2016.03.17 07:11:19.119,8.42536,8.42822,1.07,1.10
2016.03.17 07:11:19.274,8.42551,8.42822,1.00,1.10
2016.03.17 07:11:20.639,8.42551,8.42822,1.00,1.22
2016.03.17 07:11:20.690,8.4253,8.42822,1.00,1.22
2016.03.17 07:11:20.843,8.42523,8.42822,1.07,1.04
2016.03.17 07:11:21.604,8.42532,8.42822,1.00,1.04
2016.03.17 07:11:22.019,8.42525,8.42822,1.75,1.18
2016.03.17 07:11:22.341,8.42532,8.42831,1.00,1.09
2016.03.17 07:11:22.392,8.42522,8.42831,1.07,1.09
2016.03.17 07:11:22.594,8.42477,8.42822,1.37,1.03
2016.03.17 07:11:22.815,8.42477,8.42814,1.12,1.06
2016.03.17 07:11:22.967,8.42507,8.42814,2.10,1.06
2016.03.17 07:11:23.271,8.42732,8.42893,1.00,1.00
2016.03.17 07:11:23.322,8.42717,8.42893,1.00,1.00
2016.03.17 07:11:23.373,8.42717,8.42892,1.37,1.00
2016.03.17 07:11:23.496,8.42717,8.42953,1.75,1.00
2016.03.17 07:11:23.699,8.42717,8.43088,1.75,1.75
2016.03.17 07:11:23.901,8.42717,8.43058,2.25,1.00
2016.03.17 07:11:24.104,8.42717,8.43058,1.37,1.07
2016.03.17 07:11:24.155,8.42717,8.42978,1.37,1.00
2016.03.17 07:11:24.256,8.42717,8.42978,1.00,1.00
2016.03.17 07:11:24.377,8.42717,8.43048,1.00,1.00
2016.03.17 07:11:24.428,8.42717,8.43018,1.00,1.00
2016.03.17 07:11:24.855,8.42717,8.43028,1.00,1.00
2016.03.17 07:11:24.906,8.42668,8.43028,1.75,1.00
2016.03.17 07:11:25.007,8.42665,8.42998,1.75,1.00
2016.03.17 07:11:25.160,8.42653,8.42978,2.04,1.00
2016.03.17 07:11:25.211,8.4264,8.42978,1.67,1.00
2016.03.17 07:11:25.312,8.4262,8.42988,1.70,1.07
2016.03.17 07:11:25.414,8.4262,8.42967,1.70,1.00
2016.03.17 07:11:25.870,8.4262,8.42978,1.70,1.00
2016.03.17 07:11:26.258,8.4262,8.42978,1.10,1.00
2016.03.17 07:11:26.309,8.42598,8.42988,1.75,1.75
2016.03.17 07:11:27.411,8.42643,8.43018,1.00,1.75
2016.03.17 07:11:27.512,8.42645,8.43017,1.75,1.00
2016.03.17 07:11:27.664,8.4269,8.43018,1.37,1.00
2016.03.17 07:11:28.299,8.42696,8.43017,1.37,1.00
2016.03.17 07:11:28.625,8.42703,8.43078,1.37,1.00
2016.03.17 07:11:28.726,8.42715,8.43078,1.75,1.00
2016.03.17 07:11:29.326,8.42777,8.43078,1.00,1.00
2016.03.17 07:11:29.427,8.42777,8.43128,1.00,1.00
2016.03.17 07:11:29.529,8.42777,8.43127,1.07,1.00
2016.03.17 07:11:30.061,8.42777,8.43127,1.00,1.00
2016.03.17 07:11:30.568,8.42777,8.43128,1.00,1.00
2016.03.17 07:11:30.619,8.42744,8.43128,1.75,1.00
2016.03.17 07:11:30.929,8.42719,8.43128,1.37,1.00
2016.03.17 07:11:31.625,8.42705,8.43127,1.00,1.37
2016.03.17 07:11:31.676,8.42682,8.43127,1.37,1.37
2016.03.17 07:11:31.727,8.42682,8.43098,1.37,1.66
2016.03.17 07:11:32.583,8.42682,8.43127,1.37,1.37
2016.03.17 07:11:32.933,8.42664,8.43098,1.07,1.37
2016.03.17 07:11:33.934,8.42623,8.43083,1.35,1.75
2016.03.17 07:11:34.250,8.42736,8.43127,1.07,1.00
2016.03.17 07:11:34.572,8.42759,8.43128,1.37,1.00
2016.03.17 07:11:36.380,8.42767,8.43128,1.00,1.00
2016.03.17 07:11:36.531,8.42722,8.43128,1.75,1.00
2016.03.17 07:11:36.694,8.42722,8.43128,1.07,1.00
2016.03.17 07:11:38.769,8.42714,8.43128,1.75,1.00
2016.03.17 07:11:39.400,8.42722,8.43127,1.75,1.00
2016.03.17 07:11:39.451,8.42722,8.43148,1.75,1.00
2016.03.17 07:11:39.885,8.42744,8.43148,1.00,1.00
2016.03.17 07:11:40.296,8.42744,8.43148,1.00,1.37
2016.03.17 07:11:40.500,8.42697,8.43148,1.75,1.37
2016.03.17 07:11:40.751,8.42694,8.43148,1.75,1.00
2016.03.17 07:11:40.902,8.42744,8.43148,1.00,1.00
2016.03.17 07:11:42.147,8.42715,8.43148,1.75,1.00
2016.03.17 07:11:44.204,8.42707,8.43136,1.10,1.75
2016.03.17 07:11:45.698,8.42672,8.43136,1.07,1.75
2016.03.17 07:11:46.608,8.42714,8.43121,1.00,1.07
2016.03.17 07:11:46.918,8.42718,8.43148,1.37,1.37
2016.03.17 07:11:47.322,8.4276,8.43148,1.00,1.37
2016.03.17 07:11:47.575,8.4276,8.43148,1.00,1.00
2016.03.17 07:11:49.308,8.42759,8.43148,1.00,1.00
2016.03.17 07:11:49.409,8.42759,8.43128,1.00,1.00
2016.03.17 07:11:51.009,8.42752,8.43128,1.00,1.00
2016.03.17 07:11:51.111,8.42752,8.43128,1.00,1.07
2016.03.17 07:11:51.212,8.42752,8.43128,1.00,1.00
2016.03.17 07:11:51.782,8.42752,8.43127,1.75,1.00
2016.03.17 07:11:52.086,8.42804,8.43128,1.07,1.00
2016.03.17 07:11:52.189,8.42804,8.43128,1.00,1.00
2016.03.17 07:11:52.240,8.4276,8.43128,1.37,1.00
2016.03.17 07:11:52.342,8.4276,8.43128,1.00,1.00
2016.03.17 07:11:53.835,8.42729,8.43128,1.75,1.00
2016.03.17 07:11:54.443,8.42774,8.43128,1.00,1.00
2016.03.17 07:11:55.614,8.42767,8.43128,1.00,1.00
2016.03.17 07:11:56.893,8.42775,8.43128,1.00,1.00
2016.03.17 07:11:57.280,8.42775,8.43128,1.37,1.00
2016.03.17 07:11:57.999,8.42775,8.43188,1.37,1.07
2016.03.17 07:12:05.412,8.42768,8.43188,1.07,1.37
2016.03.17 07:12:07.840,8.42769,8.43118,1.00,1.00
2016.03.17 07:12:08.070,8.42724,8.43117,1.07,1.00
2016.03.17 07:12:08.171,8.42697,8.43118,1.37,1.75
2016.03.17 07:12:08.273,8.42679,8.43111,1.07,1.75
2016.03.17 07:12:08.425,8.42679,8.4308,1.07,1.00
2016.03.17 07:12:08.839,8.42679,8.43058,1.00,1.37
2016.03.17 07:12:08.890,8.42634,8.43058,1.37,1.37
2016.03.17 07:12:08.941,8.42634,8.43058,1.00,1.75
2016.03.17 07:12:09.273,8.42634,8.43051,1.00,1.75
2016.03.17 07:12:09.473,8.42634,8.43052,1.37,1.00
2016.03.17 07:12:09.574,8.42674,8.43052,1.75,1.00
2016.03.17 07:12:09.625,8.42674,8.43087,1.75,1.00
2016.03.17 07:12:10.148,8.42674,8.43088,2.25,1.00
2016.03.17 07:12:12.856,8.42694,8.43087,1.07,1.00
2016.03.17 07:12:13.480,8.42701,8.43088,1.07,1.00
2016.03.17 07:12:14.259,8.42701,8.43087,1.07,1.00
2016.03.17 07:12:14.784,8.42705,8.43087,1.00,1.00
2016.03.17 07:12:15.177,8.42705,8.43087,1.37,1.00
2016.03.17 07:12:15.507,8.42705,8.43087,1.75,1.00
2016.03.17 07:12:17.076,8.42724,8.43088,1.75,1.00
2016.03.17 07:12:18.172,8.42762,8.43088,1.00,1.00
2016.03.17 07:12:18.774,8.42762,8.43107,1.00,1.00
2016.03.17 07:12:19.467,8.42762,8.43107,1.37,1.00
2016.03.17 07:12:21.297,8.42762,8.43108,1.37,1.00
2016.03.17 07:12:23.652,8.4277,8.43108,1.75,1.00
2016.03.17 07:12:24.030,8.42797,8.43168,1.00,1.00
2016.03.17 07:12:26.398,8.42797,8.43168,1.75,1.00
2016.03.17 07:12:26.727,8.42791,8.43168,1.75,1.00
2016.03.17 07:12:27.207,8.42822,8.43168,1.75,1.00
2016.03.17 07:12:28.433,8.42822,8.43167,1.75,1.00
2016.03.17 07:12:34.050,8.4282,8.43198,1.75,1.00
2016.03.17 07:12:37.181,8.42849,8.43198,1.00,1.07
2016.03.17 07:12:37.232,8.42827,8.43198,1.37,1.07
2016.03.17 07:12:37.397,8.42827,8.43198,1.75,1.07
2016.03.17 07:12:38.835,8.42802,8.43198,1.75,1.75
2016.03.17 07:12:39.152,8.42802,8.43198,1.75,1.37
2016.03.17 07:12:44.107,8.42822,8.43198,1.75,1.37
2016.03.17 07:12:47.847,8.42868,8.43198,1.75,1.00
2016.03.17 07:12:48.483,8.42885,8.43198,1.75,1.00
2016.03.17 07:12:48.534,8.42885,8.43258,1.75,1.75
2016.03.17 07:12:48.636,8.42899,8.43258,1.75,1.37
2016.03.17 07:12:48.838,8.42899,8.43258,1.75,1.75
2016.03.17 07:12:49.509,8.42854,8.43248,1.75,1.75
2016.03.17 07:12:50.755,8.42833,8.43248,1.75,1.75
2016.03.17 07:12:51.697,8.42833,8.43248,1.75,1.75
2016.03.17 07:12:56.606,8.42803,8.43248,1.75,1.75
2016.03.17 07:12:58.645,8.42819,8.43228,1.75,1.75
2016.03.17 07:13:01.732,8.42777,8.43188,1.75,1.75
2016.03.17 07:13:01.935,8.42759,8.43188,1.75,1.75
2016.03.17 07:13:03.028,8.42742,8.43184,1.75,1.75
2016.03.17 07:13:03.291,8.42734,8.43184,1.75,1.75
2016.03.17 07:13:03.954,8.42756,8.43188,1.75,1.75
2016.03.17 07:13:04.127,8.42756,8.43188,1.75,1.75
2016.03.17 07:13:06.234,8.42794,8.43188,1.75,1.75
2016.03.17 07:13:06.336,8.42812,8.43188,1.75,1.07
2016.03.17 07:13:07.317,8.42827,8.43248,1.75,1.75
2016.03.17 07:13:09.660,8.42827,8.43248,1.75,1.75
2016.03.17 07:13:12.929,8.42804,8.43248,1.75,1.75
2016.03.17 07:13:16.684,8.42812,8.43218,1.75,1.75
2016.03.17 07:13:16.916,8.42801,8.43218,1.75,1.75
2016.03.17 07:13:17.118,8.42768,8.43215,1.75,1.75
2016.03.17 07:13:17.327,8.42768,8.43207,1.75,1.75
2016.03.17 07:13:19.982,8.42786,8.43208,1.75,2.25
2016.03.17 07:13:20.330,8.42801,8.43208,1.75,1.75
2016.03.17 07:13:28.876,8.42843,8.43208,1.75,1.75
2016.03.17 07:13:32.558,8.42877,8.43208,1.50,1.75
2016.03.17 07:13:36.035,8.42852,8.43208,1.00,1.75
2016.03.17 07:13:36.648,8.42819,8.43198,1.75,1.75
2016.03.17 07:13:37.593,8.42819,8.43198,1.07,1.75
2016.03.17 07:13:37.695,8.42819,8.43177,1.37,1.75
2016.03.17 07:13:38.007,8.42802,8.43178,1.37,1.75
2016.03.17 07:13:38.227,8.42774,8.43158,1.75,1.75
2016.03.17 07:13:38.929,8.42795,8.43188,1.75,1.75
2016.03.17 07:13:39.137,8.42821,8.43198,1.37,1.75
2016.03.17 07:13:39.664,8.42796,8.43178,1.75,1.75
2016.03.17 07:13:39.898,8.42773,8.43148,1.37,1.75
2016.03.17 07:13:40.049,8.42796,8.43168,1.00,1.75
2016.03.17 07:13:40.238,8.42814,8.43168,1.00,1.75
2016.03.17 07:13:40.514,8.42859,8.43168,1.00,1.75
2016.03.17 07:13:40.666,8.42859,8.43168,1.00,1.75
2016.03.17 07:13:40.818,8.42874,8.43217,1.00,1.75
2016.03.17 07:13:41.704,8.42849,8.43218,1.00,1.75
2016.03.17 07:13:41.906,8.42828,8.43208,1.00,1.75
2016.03.17 07:13:42.007,8.42828,8.43158,1.00,1.75
2016.03.17 07:13:42.159,8.42768,8.43138,1.75,1.75
2016.03.17 07:13:42.211,8.42768,8.43138,1.37,1.75
2016.03.17 07:13:42.447,8.42762,8.43127,1.66,1.75
2016.03.17 07:13:42.599,8.42726,8.43168,1.75,1.75
2016.03.17 07:13:42.650,8.42726,8.43168,1.75,1.75
2016.03.17 07:13:42.752,8.42748,8.43158,1.75,1.75
2016.03.17 07:13:42.853,8.42748,8.43178,1.75,1.75
2016.03.17 07:13:43.066,8.42748,8.43188,1.75,1.75
2016.03.17 07:13:43.386,8.42748,8.4319,1.75,1.75
2016.03.17 07:13:43.537,8.42748,8.4319,1.75,1.75
2016.03.17 07:13:43.639,8.42748,8.43178,1.75,1.75
2016.03.17 07:13:43.841,8.42806,8.4319,1.37,1.75
2016.03.17 07:13:44.516,8.42784,8.43158,1.37,1.75
2016.03.17 07:13:46.598,8.42784,8.43198,1.75,1.75
2016.03.17 07:13:46.816,8.42783,8.43178,1.75,1.75
2016.03.17 07:13:47.026,8.42783,8.43204,1.75,1.75
2016.03.17 07:13:47.608,8.42783,8.43204,1.07,1.75
2016.03.17 07:13:47.659,8.42803,8.43204,1.00,1.75
2016.03.17 07:13:47.979,8.42788,8.43198,1.37,1.75
2016.03.17 07:13:48.030,8.42788,8.43198,1.00,1.75
2016.03.17 07:13:48.290,8.42811,8.43198,1.00,1.75
2016.03.17 07:13:48.391,8.42811,8.43204,1.00,1.75
2016.03.17 07:13:48.497,8.42811,8.43204,1.00,1.75
2016.03.17 07:13:48.927,8.42811,8.43188,1.00,1.75
2016.03.17 07:13:50.476,8.42796,8.43197,1.07,1.75
2016.03.17 07:13:51.069,8.42821,8.43168,1.00,1.75
2016.03.17 07:13:51.322,8.42857,8.43218,1.75,1.07
2016.03.17 07:13:51.515,8.42895,8.43218,1.37,1.00
2016.03.17 07:13:52.777,8.42895,8.43218,1.37,1.07
2016.03.17 07:13:53.438,8.42879,8.43218,1.37,1.75
2016.03.17 07:13:55.183,8.42879,8.43218,1.37,1.75
2016.03.17 07:13:59.352,8.42877,8.43218,1.00,1.75
2016.03.17 07:13:59.403,8.42854,8.43218,1.00,1.75
2016.03.17 07:13:59.504,8.42831,8.43198,1.00,1.75
2016.03.17 07:13:59.895,8.42831,8.43217,1.00,1.75
2016.03.17 07:14:02.606,8.42835,8.43188,1.00,1.75
2016.03.17 07:14:02.933,8.42853,8.43188,1.00,1.75
2016.03.17 07:14:02.984,8.42853,8.43188,1.00,1.75
2016.03.17 07:14:03.267,8.42857,8.43188,1.00,1.75
2016.03.17 07:14:05.485,8.42842,8.43188,1.37,1.75
2016.03.17 07:14:05.536,8.42842,8.43188,1.00,1.75
2016.03.17 07:14:05.688,8.42812,8.43188,1.75,1.75
2016.03.17 07:14:05.978,8.42812,8.43188,1.37,1.75
2016.03.17 07:14:08.507,8.42805,8.43188,1.37,1.75
2016.03.17 07:14:08.696,8.42782,8.43188,1.75,1.75
2016.03.17 07:14:08.945,8.42782,8.43188,1.75,2.25
2016.03.17 07:14:09.164,8.42782,8.43181,1.75,1.75
2016.03.17 07:14:09.266,8.42759,8.43136,1.75,1.75
2016.03.17 07:14:09.368,8.42759,8.4318,1.12,1.75
2016.03.17 07:14:09.680,8.42782,8.4318,1.66,1.75
2016.03.17 07:14:10.295,8.42813,8.4318,1.00,1.75
2016.03.17 07:14:10.346,8.42813,8.4318,1.75,1.75
2016.03.17 07:14:10.689,8.42813,8.43257,1.75,1.75
2016.03.17 07:14:10.791,8.42829,8.43257,1.75,1.00
2016.03.17 07:14:10.959,8.42877,8.43297,1.75,1.66
2016.03.17 07:14:11.069,8.42897,8.43321,1.75,1.00
2016.03.17 07:14:11.120,8.42897,8.43321,1.00,1.75
2016.03.17 07:14:11.847,8.42921,8.43321,1.00,1.92
2016.03.17 07:14:12.010,8.42921,8.43321,1.00,2.40
2016.03.17 07:14:12.061,8.42942,8.43321,1.00,2.40
2016.03.17 07:14:12.214,8.42942,8.43368,1.75,1.74
2016.03.17 07:14:12.366,8.43051,8.43408,1.75,1.66
2016.03.17 07:14:12.417,8.43092,8.43408,1.00,1.66
2016.03.17 07:14:12.468,8.43092,8.43448,1.00,1.66
2016.03.17 07:14:12.569,8.43092,8.43448,1.75,1.66
2016.03.17 07:14:12.721,8.43115,8.43508,1.37,1.66
2016.03.17 07:14:12.876,8.43115,8.43508,1.00,1.66
2016.03.17 07:14:13.487,8.43133,8.43508,1.00,1.66
2016.03.17 07:14:13.588,8.43133,8.43568,1.07,2.41
2016.03.17 07:14:13.889,8.43133,8.43568,1.75,1.66
2016.03.17 07:14:15.097,8.43165,8.43568,1.75,1.66
2016.03.17 07:14:15.652,8.43165,8.43578,1.00,1.00
2016.03.17 07:14:16.414,8.43181,8.43578,1.00,1.10
2016.03.17 07:14:16.772,8.43204,8.43578,1.00,1.10
2016.03.17 07:14:16.974,8.4318,8.43578,1.00,1.10
2016.03.17 07:14:19.491,8.43195,8.43578,1.00,1.00
2016.03.17 07:14:22.108,8.43187,8.43578,1.00,1.00
2016.03.17 07:14:22.363,8.43218,8.43578,1.00,1.00
2016.03.17 07:14:22.666,8.43063,8.4349,2.41,1.00
2016.03.17 07:14:23.544,8.43142,8.43448,2.41,1.00
2016.03.17 07:14:23.595,8.43142,8.43448,2.04,1.00
2016.03.17 07:14:23.646,8.43142,8.43433,2.04,1.00
2016.03.17 07:14:26.066,8.43142,8.43432,2.04,1.00
2016.03.17 07:14:28.596,8.43103,8.43427,2.41,1.00
2016.03.17 07:14:30.499,8.43103,8.43411,2.41,1.00
2016.03.17 07:14:33.336,8.43103,8.43434,2.41,1.00
2016.03.17 07:14:33.437,8.43142,8.43471,2.41,1.00
2016.03.17 07:14:34.795,8.43142,8.43491,2.41,1.00
2016.03.17 07:14:35.567,8.43142,8.43473,2.41,1.00
2016.03.17 07:14:35.685,8.43142,8.43473,2.41,1.00
2016.03.17 07:14:37.507,8.43142,8.43487,2.41,1.00
2016.03.17 07:14:37.558,8.43142,8.43487,2.41,1.00
2016.03.17 07:14:37.766,8.43192,8.43509,2.41,1.00
2016.03.17 07:14:39.162,8.43192,8.4354,2.41,1.00
2016.03.17 07:14:39.213,8.43192,8.4354,2.41,1.00
2016.03.17 07:14:40.666,8.43233,8.4354,2.41,1.00
2016.03.17 07:14:41.609,8.43233,8.43526,2.41,1.00
2016.03.17 07:14:44.215,8.43233,8.43517,2.41,1.00
2016.03.17 07:14:46.567,8.43233,8.43504,2.41,1.00
2016.03.17 07:14:47.370,8.43233,8.43504,1.66,1.00
2016.03.17 07:14:47.421,8.43233,8.43458,1.66,1.00
2016.03.17 07:14:47.472,8.43192,8.43458,2.04,1.00
2016.03.17 07:14:48.455,8.43162,8.43458,2.04,1.00
2016.03.17 07:14:48.975,8.43162,8.43445,2.04,1.00
2016.03.17 07:14:50.045,8.43162,8.43458,2.04,1.00
2016.03.17 07:14:50.156,8.43162,8.43446,2.04,1.00
2016.03.17 07:14:52.380,8.43162,8.43437,2.04,1.00
2016.03.17 07:14:53.248,8.43162,8.4345,2.04,1.00
2016.03.17 07:14:53.299,8.43162,8.4345,2.41,1.00
2016.03.17 07:14:53.675,8.43162,8.43476,2.41,1.00
2016.03.17 07:14:55.607,8.43162,8.43476,2.41,1.00
2016.03.17 07:14:55.658,8.43162,8.43503,2.41,1.00
2016.03.17 07:14:55.910,8.43222,8.43527,2.04,1.00
2016.03.17 07:14:57.746,8.43142,8.43509,2.41,1.00
2016.03.17 07:14:59.954,8.43142,8.43508,2.41,1.00
2016.03.17 07:15:00.256,8.43142,8.43508,2.41,1.00
2016.03.17 07:15:01.682,8.43142,8.43508,2.41,1.00
2016.03.17 07:15:01.955,8.43142,8.43524,2.41,1.00
2016.03.17 07:15:02.131,8.43142,8.43524,2.41,1.00
2016.03.17 07:15:02.182,8.43172,8.43569,2.41,1.00
2016.03.17 07:15:03.253,8.43172,8.43548,2.41,1.00
2016.03.17 07:15:04.258,8.43172,8.43521,2.41,1.00
2016.03.17 07:15:04.309,8.43172,8.43521,2.41,1.00
2016.03.17 07:15:04.461,8.43172,8.43498,2.41,1.00
2016.03.17 07:15:04.664,8.43172,8.43474,2.41,1.00
2016.03.17 07:15:04.815,8.43109,8.4345,1.75,1.00
2016.03.17 07:15:04.917,8.4316,8.4345,1.37,1.00
2016.03.17 07:15:07.315,8.4316,8.43449,1.37,1.00
2016.03.17 07:15:10.775,8.43153,8.43471,1.75,1.00
2016.03.17 07:15:10.927,8.43207,8.43471,1.75,1.00
2016.03.17 07:15:10.978,8.43207,8.43531,1.75,1.00
2016.03.17 07:15:11.029,8.43207,8.43531,1.75,1.00
2016.03.17 07:15:12.130,8.43152,8.43531,2.41,1.00
2016.03.17 07:15:12.550,8.43192,8.43531,2.41,1.00
2016.03.17 07:15:13.076,8.43213,8.43513,1.75,1.00
2016.03.17 07:15:13.437,8.43213,8.43513,1.75,1.00
2016.03.17 07:15:14.436,8.43199,8.43513,1.37,1.00
2016.03.17 07:15:14.933,8.43199,8.43473,1.37,1.00
2016.03.17 07:15:17.064,8.43139,8.43473,1.75,1.00
2016.03.17 07:15:17.115,8.43139,8.43448,1.75,1.00
2016.03.17 07:15:17.465,8.43139,8.43422,1.75,1.00
2016.03.17 07:15:18.426,8.43124,8.43447,1.75,1.00
2016.03.17 07:15:18.568,8.43124,8.43474,1.75,1.00
2016.03.17 07:15:18.768,8.43196,8.43474,1.00,1.00
2016.03.17 07:15:19.145,8.43196,8.43474,1.37,1.00
2016.03.17 07:15:20.395,8.43191,8.43474,1.37,1.00
2016.03.17 07:15:20.663,8.4317,8.43535,1.75,1.00
2016.03.17 07:15:20.714,8.4317,8.43535,1.75,1.00
2016.03.17 07:15:21.103,8.43173,8.43496,1.75,1.00
2016.03.17 07:15:21.406,8.43235,8.43496,1.07,1.00
2016.03.17 07:15:23.939,8.43228,8.435,1.37,1.00
2016.03.17 07:15:26.894,8.43205,8.43489,1.75,1.00
2016.03.17 07:15:28.766,8.43205,8.43503,1.75,1.00
2016.03.17 07:15:29.244,8.43205,8.43525,1.75,1.00
2016.03.17 07:15:31.174,8.43241,8.43525,1.00,1.00
2016.03.17 07:15:31.556,8.43241,8.43519,1.00,1.00
2016.03.17 07:15:32.344,8.43249,8.43519,1.00,1.00
2016.03.17 07:15:33.256,8.43301,8.43519,1.00,1.00
2016.03.17 07:15:33.408,8.43301,8.43534,1.37,1.00
2016.03.17 07:15:33.459,8.43348,8.43534,1.00,1.00
2016.03.17 07:15:33.543,8.43348,8.43621,1.00,1.00
2016.03.17 07:15:33.796,8.43348,8.43621,1.37,1.00
2016.03.17 07:15:34.135,8.43273,8.43621,1.75,1.00
2016.03.17 07:15:34.388,8.43233,8.43685,1.75,1.00
2016.03.17 07:15:34.439,8.43233,8.43685,1.75,1.00
2016.03.17 07:15:34.751,8.4325,8.43707,1.75,1.00
2016.03.17 07:15:34.852,8.43256,8.43657,1.75,1.00
2016.03.17 07:15:35.163,8.43248,8.43657,1.75,1.00
2016.03.17 07:15:35.848,8.43264,8.43711,1.75,1.00
2016.03.17 07:15:35.899,8.43264,8.43711,1.75,1.00
2016.03.17 07:15:36.401,8.43268,8.43677,1.75,1.00
2016.03.17 07:15:36.452,8.43268,8.43677,1.75,1.00
2016.03.17 07:15:37.218,8.43266,8.43677,1.75,1.00
2016.03.17 07:15:38.352,8.43302,8.43649,1.75,1.00
2016.03.17 07:15:38.695,8.43312,8.43649,1.75,1.00
2016.03.17 07:15:39.202,8.43302,8.43649,1.75,1.00
2016.03.17 07:15:39.663,8.43291,8.43675,1.35,1.00
2016.03.17 07:15:41.285,8.43311,8.43675,1.35,1.00
2016.03.17 07:15:41.562,8.43311,8.43692,1.35,1.00
2016.03.17 07:15:41.779,8.43323,8.43707,1.75,1.00
2016.03.17 07:15:41.881,8.43373,8.43727,1.75,1.00
2016.03.17 07:15:42.215,8.43373,8.43697,1.75,1.00
2016.03.17 07:15:43.164,8.43382,8.43697,1.75,1.00
2016.03.17 07:15:43.318,8.43382,8.43674,1.75,1.00
2016.03.17 07:15:43.868,8.43362,8.43674,1.75,1.00
2016.03.17 07:15:45.374,8.43362,8.43668,1.75,1.00
2016.03.17 07:15:45.808,8.43352,8.43668,1.75,1.00
2016.03.17 07:15:47.376,8.43352,8.43663,1.75,1.00
2016.03.17 07:15:49.664,8.43332,8.43651,2.41,1.00
2016.03.17 07:15:51.026,8.43342,8.43679,1.75,1.00
2016.03.17 07:15:51.095,8.43342,8.43658,1.75,1.00
2016.03.17 07:15:51.319,8.43372,8.43696,1.75,1.00
2016.03.17 07:15:51.421,8.43372,8.43696,1.75,1.00
2016.03.17 07:15:51.594,8.43372,8.43696,1.75,1.00
2016.03.17 07:15:52.707,8.43363,8.43696,1.75,1.00
2016.03.17 07:15:53.032,8.43342,8.43696,1.75,1.00
2016.03.17 07:15:53.405,8.43372,8.43703,1.75,1.00
2016.03.17 07:15:53.781,8.43342,8.4368,1.75,1.00
2016.03.17 07:15:55.336,8.43362,8.4368,1.75,1.00
2016.03.17 07:15:55.387,8.43382,8.43707,1.07,1.00
2016.03.17 07:15:55.488,8.43403,8.43707,1.75,1.00
2016.03.17 07:15:55.539,8.43403,8.43728,1.75,1.00
2016.03.17 07:15:55.691,8.43422,8.43728,1.37,1.00
2016.03.17 07:15:55.814,8.43322,8.43744,1.75,1.00
2016.03.17 07:15:55.915,8.43372,8.43744,2.41,1.00
2016.03.17 07:15:55.966,8.43372,8.43723,2.41,1.00
2016.03.17 07:15:56.119,8.43402,8.43723,2.41,1.00
2016.03.17 07:15:56.473,8.43383,8.43723,2.41,1.00
2016.03.17 07:15:56.524,8.43383,8.43702,2.41,1.00
2016.03.17 07:15:56.574,8.43383,8.43702,1.74,1.00
2016.03.17 07:15:56.845,8.43383,8.43725,1.74,1.00
2016.03.17 07:15:56.896,8.43383,8.43725,2.41,1.00
2016.03.17 07:15:57.047,8.43383,8.43745,2.41,1.00
2016.03.17 07:15:57.098,8.43383,8.43745,2.41,1.00
2016.03.17 07:15:57.300,8.43335,8.43773,1.75,1.00
2016.03.17 07:15:57.351,8.43343,8.43773,1.75,1.00
2016.03.17 07:15:57.700,8.43346,8.43761,1.75,1.00
2016.03.17 07:15:57.979,8.43338,8.43761,1.75,1.00
2016.03.17 07:15:58.030,8.43338,8.4371,1.75,1.00
2016.03.17 07:15:58.131,8.43332,8.4371,2.41,1.00
2016.03.17 07:15:58.233,8.43332,8.4371,2.04,1.00
2016.03.17 07:15:58.284,8.43311,8.4368,1.35,1.00
2016.03.17 07:15:58.624,8.43311,8.43656,1.35,1.00
2016.03.17 07:15:58.936,8.43311,8.43656,1.35,1.00
2016.03.17 07:15:59.564,8.43311,8.43656,1.35,1.00
2016.03.17 07:15:59.615,8.43311,8.4363,1.35,1.00
2016.03.17 07:15:59.881,8.43311,8.4363,1.35,1.00
2016.03.17 07:16:00.154,8.43311,8.43607,1.35,1.00
2016.03.17 07:16:00.907,8.43272,8.43587,1.35,1.00
2016.03.17 07:16:01.275,8.43272,8.43573,1.35,1.00
2016.03.17 07:16:01.326,8.43272,8.43558,1.35,1.00
2016.03.17 07:16:01.650,8.43272,8.43558,1.35,1.00
2016.03.17 07:16:02.761,8.43272,8.4359,1.35,1.00
2016.03.17 07:16:02.862,8.43272,8.4359,2.10,1.00
2016.03.17 07:16:03.014,8.43272,8.43612,2.10,1.00
2016.03.17 07:16:03.194,8.43272,8.43635,1.35,1.00
2016.03.17 07:16:03.346,8.43302,8.43659,1.75,1.00
2016.03.17 07:16:03.397,8.43302,8.43659,1.75,1.00
2016.03.17 07:16:03.706,8.43336,8.43659,1.35,1.00
2016.03.17 07:16:03.757,8.4334,8.43689,1.35,1.00
2016.03.17 07:16:03.877,8.4334,8.43662,1.35,1.00
2016.03.17 07:16:03.928,8.4334,8.43662,1.35,1.00
2016.03.17 07:16:04.029,8.4334,8.43662,1.35,1.00
2016.03.17 07:16:04.080,8.4334,8.43647,1.35,1.00
2016.03.17 07:16:04.296,8.43292,8.43647,2.41,1.00
2016.03.17 07:16:04.346,8.43262,8.43589,2.41,1.00
2016.03.17 07:16:04.397,8.43262,8.43589,2.41,1.00
2016.03.17 07:16:04.537,8.43262,8.43575,2.41,1.00
2016.03.17 07:16:04.588,8.43262,8.43575,2.41,1.00
2016.03.17 07:16:04.690,8.43272,8.43575,1.75,1.00
2016.03.17 07:16:04.741,8.43272,8.436,1.75,1.00
2016.03.17 07:16:05.068,8.4325,8.43562,1.35,1.00
2016.03.17 07:16:05.169,8.4325,8.43562,1.35,1.00
2016.03.17 07:16:05.326,8.4325,8.43541,1.35,1.00
2016.03.17 07:16:05.377,8.4325,8.43541,1.35,1.00
2016.03.17 07:16:05.630,8.4325,8.43563,1.35,1.00
2016.03.17 07:16:05.681,8.4325,8.43563,1.35,1.00
2016.03.17 07:16:05.984,8.43282,8.4359,1.75,1.00
2016.03.17 07:16:06.297,8.43272,8.4359,1.75,1.00
2016.03.17 07:16:06.398,8.43262,8.43607,1.75,1.00
2016.03.17 07:16:06.449,8.43262,8.43607,1.75,1.00
2016.03.17 07:16:06.500,8.43272,8.43628,1.75,1.00
2016.03.17 07:16:06.753,8.43323,8.43651,1.50,1.00
2016.03.17 07:16:06.804,8.43323,8.43651,1.75,1.00
2016.03.17 07:16:07.006,8.43292,8.43629,1.75,1.00
2016.03.17 07:16:07.568,8.43252,8.43629,1.75,1.00
2016.03.17 07:16:08.939,8.43252,8.43609,1.75,1.00
2016.03.17 07:16:09.175,8.43262,8.43617,1.75,1.00
2016.03.17 07:16:09.327,8.43262,8.43617,1.75,1.00
2016.03.17 07:16:09.377,8.43322,8.43638,1.75,1.00
2016.03.17 07:16:09.428,8.43322,8.43638,1.75,1.00
2016.03.17 07:16:11.014,8.43293,8.43623,1.75,1.00
2016.03.17 07:16:11.732,8.43273,8.43623,1.75,1.00
2016.03.17 07:16:11.833,8.43272,8.43604,2.41,1.00
2016.03.17 07:16:11.883,8.43272,8.43604,2.41,1.00
2016.03.17 07:16:11.985,8.4324,8.43604,1.35,1.00
2016.03.17 07:16:12.035,8.4324,8.43564,1.35,1.00
2016.03.17 07:16:12.834,8.43253,8.43564,1.75,1.00
2016.03.17 07:16:14.648,8.43262,8.43579,1.75,1.00
2016.03.17 07:16:14.699,8.43262,8.43579,1.75,1.00
2016.03.17 07:16:14.754,8.43262,8.43608,1.75,1.00
2016.03.17 07:16:15.734,8.43252,8.43608,1.75,1.00
2016.03.17 07:16:15.940,8.4324,8.43608,1.35,1.00
2016.03.17 07:16:15.991,8.43242,8.43574,1.75,1.00
2016.03.17 07:16:16.318,8.4324,8.4356,1.35,1.00
2016.03.17 07:16:16.470,8.4324,8.4356,1.35,1.00
2016.03.17 07:16:16.521,8.43273,8.43575,1.75,1.00
2016.03.17 07:16:16.572,8.43273,8.43575,1.75,1.00
2016.03.17 07:16:16.785,8.4324,8.43558,1.35,1.00
2016.03.17 07:16:17.299,8.4324,8.43526,1.35,1.00
2016.03.17 07:16:17.476,8.4324,8.43526,1.35,1.00
2016.03.17 07:16:18.525,8.4324,8.4355,1.35,1.00
2016.03.17 07:16:18.576,8.4324,8.4355,1.35,1.00
2016.03.17 07:16:20.303,8.43242,8.4355,1.75,1.00
2016.03.17 07:16:20.605,8.43242,8.43552,1.75,1.00
2016.03.17 07:16:21.893,8.43243,8.43552,1.75,1.00
2016.03.17 07:16:22.573,8.43243,8.43548,1.75,1.00
2016.03.17 07:16:23.059,8.43243,8.43548,1.75,1.00
2016.03.17 07:16:23.164,8.43243,8.43548,1.75,1.00
2016.03.17 07:16:23.686,8.43243,8.43402,1.75,1.00
2016.03.17 07:16:24.012,8.43243,8.43355,1.75,1.00
2016.03.17 07:16:24.649,8.43242,8.43367,1.75,1.00
2016.03.17 07:16:24.801,8.43242,8.43413,1.75,1.00
2016.03.17 07:16:24.852,8.43242,8.43413,1.50,1.00
2016.03.17 07:16:24.903,8.43242,8.43403,1.50,1.00
2016.03.17 07:16:25.213,8.43242,8.434,1.50,1.00
2016.03.17 07:16:25.602,8.43242,8.434,1.10,1.00
2016.03.17 07:16:25.653,8.43242,8.43421,1.10,1.00
2016.03.17 07:16:25.836,8.43242,8.43511,1.10,1.00
2016.03.17 07:16:26.329,8.43246,8.43587,1.00,1.00
2016.03.17 07:16:26.381,8.43246,8.43587,1.75,1.00
2016.03.17 07:16:26.685,8.43194,8.43534,1.35,1.00
2016.03.17 07:16:26.786,8.43194,8.43621,1.35,1.00
2016.03.17 07:16:26.904,8.43194,8.43621,1.35,1.00
2016.03.17 07:16:27.006,8.43194,8.4364,1.35,1.00
2016.03.17 07:16:27.107,8.43208,8.4361,1.75,1.00
2016.03.17 07:16:27.369,8.43263,8.43585,1.75,1.00
2016.03.17 07:16:27.904,8.43263,8.43585,1.75,1.00
2016.03.17 07:16:28.107,8.43263,8.43562,1.75,1.00
2016.03.17 07:16:28.157,8.43263,8.43562,1.07,1.00
2016.03.17 07:16:29.507,8.43251,8.43577,1.37,1.00
2016.03.17 07:16:29.557,8.43251,8.43577,1.75,1.00
2016.03.17 07:16:29.858,8.43203,8.43591,3.16,1.00
2016.03.17 07:16:29.909,8.43203,8.43591,3.16,1.00
2016.03.17 07:16:29.960,8.43226,8.43679,1.75,1.00
2016.03.17 07:16:30.011,8.43226,8.43679,1.75,1.00
2016.03.17 07:16:30.315,8.43252,8.43618,1.75,1.00
2016.03.17 07:16:30.675,8.43252,8.43582,1.75,1.00
2016.03.17 07:16:30.876,8.43249,8.43582,1.75,1.00
2016.03.17 07:16:31.842,8.43273,8.43612,1.75,1.00
2016.03.17 07:16:31.964,8.43273,8.43612,1.75,1.00
2016.03.17 07:16:33.928,8.4328,8.43603,1.75,1.00
2016.03.17 07:16:34.130,8.4328,8.43647,1.75,1.00
2016.03.17 07:16:34.282,8.4328,8.43647,1.75,1.00
2016.03.17 07:16:34.526,8.43325,8.43626,1.07,1.00
2016.03.17 07:16:34.683,8.43325,8.43605,1.07,1.00
2016.03.17 07:16:36.611,8.43295,8.43606,1.75,1.00
2016.03.17 07:16:39.064,8.4328,8.4362,1.75,1.00
2016.03.17 07:16:39.205,8.4328,8.43644,1.75,1.00
2016.03.17 07:16:39.280,8.4328,8.43644,1.75,1.00
2016.03.17 07:16:39.648,8.4328,8.43599,1.75,1.00
2016.03.17 07:16:39.800,8.4328,8.43599,1.75,1.00
2016.03.17 07:16:39.852,8.4328,8.43576,1.75,1.00
2016.03.17 07:16:40.004,8.4328,8.43576,1.75,1.00
2016.03.17 07:16:40.411,8.43235,8.43553,1.75,1.00
2016.03.17 07:16:40.462,8.43235,8.43553,1.75,1.00
2016.03.17 07:16:40.513,8.43235,8.43538,1.75,1.00
2016.03.17 07:16:42.454,8.43228,8.43538,1.35,1.00
2016.03.17 07:16:42.736,8.43228,8.4355,1.35,1.00
2016.03.17 07:16:42.939,8.43228,8.4355,1.35,1.00
2016.03.17 07:16:43.507,8.43228,8.43572,1.35,1.00
2016.03.17 07:16:43.644,8.43228,8.43572,1.35,1.00
2016.03.17 07:16:44.265,8.43228,8.4355,1.35,1.00
2016.03.17 07:16:46.462,8.43228,8.43557,1.35,1.00
2016.03.17 07:16:46.563,8.43228,8.43625,1.35,1.00
2016.03.17 07:16:46.670,8.43343,8.43625,1.00,1.00
2016.03.17 07:16:46.771,8.43343,8.43648,1.00,1.00
2016.03.17 07:16:46.923,8.43343,8.43686,1.00,1.07
2016.03.17 07:16:47.024,8.43352,8.43686,1.66,1.07
2016.03.17 07:16:47.208,8.43352,8.43686,1.74,1.00
2016.03.17 07:16:47.411,8.43352,8.43686,2.04,1.00
2016.03.17 07:16:47.725,8.43352,8.43619,1.74,1.00
2016.03.17 07:16:47.776,8.43312,8.43656,2.41,1.00
2016.03.17 07:16:47.877,8.43312,8.43675,2.41,1.00
2016.03.17 07:16:48.130,8.43312,8.43628,2.41,1.00
2016.03.17 07:16:48.252,8.43312,8.43628,2.41,1.00
2016.03.17 07:16:48.303,8.43312,8.43628,2.04,1.00
2016.03.17 07:16:49.880,8.43312,8.43602,2.04,1.00
2016.03.17 07:16:52.484,8.43273,8.43614,1.75,1.00
2016.03.17 07:16:52.737,8.43273,8.43637,1.75,1.00
2016.03.17 07:16:53.028,8.43312,8.43637,2.41,1.00
2016.03.17 07:16:54.259,8.43312,8.43637,1.66,1.00
2016.03.17 07:16:54.835,8.43312,8.43607,1.66,1.00
2016.03.17 07:16:57.019,8.43312,8.43612,1.66,1.00
2016.03.17 07:16:57.120,8.43312,8.43575,1.66,1.00
2016.03.17 07:16:57.380,8.43232,8.43546,2.04,1.00
2016.03.17 07:16:57.476,8.43232,8.43525,2.04,1.00
2016.03.17 07:16:57.527,8.43232,8.43525,1.66,1.00
2016.03.17 07:16:58.662,8.43232,8.43552,1.66,1.00
2016.03.17 07:16:58.985,8.43232,8.43523,1.66,1.00
2016.03.17 07:16:59.313,8.43232,8.43507,1.66,1.00
2016.03.17 07:16:59.465,8.43172,8.43487,2.41,1.00
2016.03.17 07:16:59.609,8.43172,8.43487,1.74,1.00
2016.03.17 07:16:59.660,8.43153,8.43465,1.00,1.00
2016.03.17 07:17:00.193,8.43142,8.4344,1.74,1.00
2016.03.17 07:17:00.496,8.43142,8.43419,1.66,1.00
2016.03.17 07:17:00.651,8.43092,8.43386,2.26,1.00
2016.03.17 07:17:00.753,8.43092,8.43414,2.26,1.00
2016.03.17 07:17:00.969,8.43092,8.43437,2.34,1.00
2016.03.17 07:17:01.043,8.43092,8.43437,2.64,1.00
2016.03.17 07:17:01.347,8.43132,8.43437,1.66,1.00
2016.03.17 07:17:01.652,8.43092,8.43416,2.64,1.00
2016.03.17 07:17:02.172,8.43096,8.43416,1.35,1.00
2016.03.17 07:17:02.375,8.43096,8.43416,1.35,1.00
2016.03.17 07:17:02.738,8.43107,8.43416,1.75,1.00
2016.03.17 07:17:03.175,8.43107,8.43416,1.75,1.00
2016.03.17 07:17:03.683,8.43096,8.43416,1.35,1.00
2016.03.17 07:17:04.243,8.43096,8.43416,1.35,1.00
2016.03.17 07:17:04.379,8.43096,8.43434,1.35,1.00
2016.03.17 07:17:04.480,8.43096,8.43434,1.35,1.00
2016.03.17 07:17:04.943,8.43108,8.43466,1.75,1.00
2016.03.17 07:17:05.005,8.43108,8.43466,1.75,1.00
2016.03.17 07:17:05.157,8.43152,8.43487,2.41,1.00
2016.03.17 07:17:05.755,8.43152,8.43488,2.41,1.00
2016.03.17 07:17:06.677,8.43152,8.43487,2.41,1.00
2016.03.17 07:17:07.212,8.43152,8.43481,2.41,1.00
2016.03.17 07:17:07.539,8.43152,8.43476,2.41,1.00
2016.03.17 07:17:07.928,8.43152,8.43488,2.41,1.00
2016.03.17 07:17:08.217,8.43152,8.43488,2.41,1.00
2016.03.17 07:17:08.665,8.43159,8.43487,1.75,1.00
2016.03.17 07:17:09.415,8.43159,8.43488,1.75,1.00
2016.03.17 07:17:09.516,8.43159,8.43498,1.75,1.00
2016.03.17 07:17:09.669,8.43159,8.43528,1.75,1.00
2016.03.17 07:17:09.771,8.43159,8.43528,1.75,1.00
2016.03.17 07:17:10.095,8.43192,8.43528,2.41,1.00
2016.03.17 07:17:10.196,8.43192,8.43538,2.41,1.00
2016.03.17 07:17:10.312,8.43192,8.43573,2.41,1.00
2016.03.17 07:17:11.186,8.43232,8.43595,2.41,1.00
2016.03.17 07:17:11.324,8.43282,8.43595,2.41,1.00
2016.03.17 07:17:11.425,8.43282,8.4363,2.41,1.00
2016.03.17 07:17:11.834,8.43282,8.4363,2.41,1.00
2016.03.17 07:17:12.465,8.43282,8.43648,2.41,1.00
2016.03.17 07:17:12.718,8.43332,8.43648,2.41,1.00
2016.03.17 07:17:13.227,8.43332,8.43647,2.41,1.00
2016.03.17 07:17:13.610,8.43332,8.43627,2.04,1.00
2016.03.17 07:17:14.177,8.43282,8.43627,2.41,1.00
2016.03.17 07:17:14.278,8.43282,8.43648,2.41,1.00
2016.03.17 07:17:14.595,8.43324,8.43685,1.75,1.00
2016.03.17 07:17:14.748,8.43369,8.43708,1.07,1.00
2016.03.17 07:17:14.799,8.43369,8.43708,1.75,1.00
2016.03.17 07:17:15.117,8.43352,8.43708,2.41,1.00
2016.03.17 07:17:15.168,8.43352,8.43693,2.41,1.00
2016.03.17 07:17:15.269,8.43352,8.43677,2.41,1.00
2016.03.17 07:17:15.512,8.43352,8.43655,2.41,1.00
2016.03.17 07:17:16.687,8.43322,8.43669,2.41,1.00
2016.03.17 07:17:16.822,8.43322,8.43708,2.41,1.50
2016.03.17 07:17:16.924,8.43362,8.43708,2.41,1.50
2016.03.17 07:17:17.226,8.43362,8.43708,2.41,1.50
2016.03.17 07:17:17.684,8.43362,8.43708,2.41,1.00
2016.03.17 07:17:17.907,8.43362,8.43723,2.41,1.00
2016.03.17 07:17:18.458,8.43369,8.43738,1.75,1.00
2016.03.17 07:17:18.564,8.43369,8.43738,1.75,1.00
2016.03.17 07:17:19.224,8.43369,8.43715,1.75,1.00
2016.03.17 07:17:19.325,8.43362,8.43693,2.41,1.00
2016.03.17 07:17:19.427,8.43362,8.43693,2.41,1.00
2016.03.17 07:17:19.579,8.43323,8.4367,2.41,1.00
2016.03.17 07:17:19.680,8.43323,8.4367,2.41,1.00
2016.03.17 07:17:19.963,8.43323,8.4367,2.41,1.00
2016.03.17 07:17:20.533,8.43323,8.43686,2.41,1.00
2016.03.17 07:17:20.736,8.43355,8.43686,1.75,1.00
2016.03.17 07:17:20.787,8.43355,8.43706,1.75,1.00
2016.03.17 07:17:20.989,8.43382,8.4369,2.41,1.00
2016.03.17 07:17:21.762,8.43382,8.43716,2.41,1.00
2016.03.17 07:17:21.864,8.43382,8.43716,2.41,1.00
2016.03.17 07:17:22.298,8.43382,8.43691,2.41,1.00
2016.03.17 07:17:22.405,8.43382,8.43691,1.74,1.00
2016.03.17 07:17:22.556,8.43382,8.43669,1.74,1.00
2016.03.17 07:17:22.860,8.43382,8.43732,2.41,1.00
2016.03.17 07:17:22.961,8.43382,8.43732,2.41,1.00
2016.03.17 07:17:23.409,8.43382,8.43732,2.41,1.00
2016.03.17 07:17:23.644,8.43382,8.43691,2.41,1.00
2016.03.17 07:17:23.745,8.43382,8.43691,2.41,1.00
2016.03.17 07:17:23.955,8.43382,8.43691,2.04,1.00
2016.03.17 07:17:25.965,8.43382,8.43673,2.04,1.00
2016.03.17 07:17:26.314,8.43353,8.4366,2.41,1.00
2016.03.17 07:17:26.465,8.43353,8.4364,2.04,1.00
2016.03.17 07:17:26.704,8.43353,8.43656,2.04,1.00
2016.03.17 07:17:28.820,8.43353,8.43675,2.04,1.00
2016.03.17 07:17:29.362,8.43353,8.43652,2.04,1.00
2016.03.17 07:17:30.035,8.43353,8.43683,2.04,1.00
2016.03.17 07:17:30.085,8.43353,8.43683,2.41,1.00
2016.03.17 07:17:30.136,8.43383,8.43705,2.41,1.00
2016.03.17 07:17:30.238,8.43383,8.4372,2.41,1.00
2016.03.17 07:17:30.339,8.43383,8.4372,2.41,1.00
2016.03.17 07:17:30.593,8.43383,8.43742,2.41,1.00
2016.03.17 07:17:30.900,8.43452,8.43778,2.41,1.00
2016.03.17 07:17:31.751,8.43452,8.4375,2.41,1.00
2016.03.17 07:17:31.802,8.43502,8.43794,1.66,1.00
2016.03.17 07:17:31.853,8.43502,8.43794,2.41,1.00
2016.03.17 07:17:32.106,8.43502,8.43817,2.41,1.00
2016.03.17 07:17:32.309,8.43462,8.43817,2.41,1.00
2016.03.17 07:17:32.848,8.43462,8.43817,2.41,1.00
2016.03.17 07:17:32.899,8.43462,8.43844,2.41,1.00
2016.03.17 07:17:33.105,8.43462,8.43823,2.41,1.00
2016.03.17 07:17:33.273,8.43462,8.43823,2.41,1.00
2016.03.17 07:17:33.324,8.43462,8.43791,2.41,1.00
2016.03.17 07:17:33.535,8.43462,8.43791,2.41,1.00
2016.03.17 07:17:34.976,8.43432,8.43815,2.41,1.00
2016.03.17 07:17:37.632,8.43432,8.43811,2.41,1.00
2016.03.17 07:17:37.733,8.43432,8.43831,2.41,1.00
2016.03.17 07:17:38.589,8.43462,8.43807,2.41,1.00
2016.03.17 07:17:38.898,8.43432,8.43792,2.41,1.00
2016.03.17 07:17:39.235,8.43432,8.43792,2.41,1.00
2016.03.17 07:17:39.462,8.43432,8.43823,2.41,1.00
2016.03.17 07:17:39.609,8.43432,8.43823,2.41,1.00
2016.03.17 07:17:40.240,8.43432,8.43794,2.41,1.00
2016.03.17 07:17:41.553,8.43432,8.43771,2.41,1.00
2016.03.17 07:17:41.654,8.43432,8.43771,2.41,1.00
2016.03.17 07:17:42.355,8.43432,8.43804,2.41,1.00
2016.03.17 07:17:42.558,8.43435,8.43737,1.75,1.00
2016.03.17 07:17:42.660,8.43432,8.4376,2.41,1.00
2016.03.17 07:17:42.762,8.43469,8.4376,1.75,1.00
2016.03.17 07:17:42.863,8.43476,8.43811,1.75,1.00
2016.03.17 07:17:43.183,8.43472,8.43811,2.41,1.00
2016.03.17 07:17:43.545,8.43489,8.43858,1.75,1.00
2016.03.17 07:17:43.747,8.43488,8.43858,1.75,1.00
2016.03.17 07:17:44.606,8.43552,8.43879,2.41,1.00
2016.03.17 07:17:44.693,8.43557,8.43911,1.37,1.00
2016.03.17 07:17:44.744,8.43557,8.43937,1.75,1.00
2016.03.17 07:17:45.064,8.43625,8.43938,1.75,1.00
2016.03.17 07:17:45.919,8.43624,8.43968,1.75,1.00
2016.03.17 07:17:45.970,8.43642,8.43993,1.37,1.00
2016.03.17 07:17:46.072,8.4368,8.43993,1.75,1.00
2016.03.17 07:17:46.173,8.43657,8.43998,1.75,1.00
2016.03.17 07:17:46.737,8.43682,8.43998,1.75,1.00
2016.03.17 07:17:47.160,8.4369,8.43998,1.75,1.00
2016.03.17 07:17:47.715,8.43743,8.43998,1.75,1.00
2016.03.17 07:17:48.086,8.43811,8.44068,1.75,1.00
2016.03.17 07:17:49.156,8.43815,8.44118,1.75,1.00
2016.03.17 07:17:49.222,8.43815,8.44118,1.75,1.00
2016.03.17 07:17:49.903,8.43842,8.44118,2.41,1.00
2016.03.17 07:17:50.131,8.43842,8.44187,2.41,1.00
2016.03.17 07:17:50.335,8.43859,8.44188,1.75,1.00
2016.03.17 07:17:51.111,8.43877,8.44188,1.75,1.00
2016.03.17 07:17:51.562,8.43902,8.44158,1.66,1.00
2016.03.17 07:17:51.714,8.43842,8.44158,2.41,1.00
2016.03.17 07:17:51.866,8.43842,8.44158,2.04,1.00
2016.03.17 07:17:51.917,8.43842,8.44188,2.04,1.00
2016.03.17 07:17:52.018,8.43842,8.44188,2.41,1.00
2016.03.17 07:17:52.394,8.43842,8.44187,2.41,1.00
2016.03.17 07:17:52.715,8.43851,8.44187,1.75,1.00
2016.03.17 07:17:53.944,8.43845,8.44205,1.75,1.00
2016.03.17 07:17:54.649,8.43842,8.44222,2.41,1.00
2016.03.17 07:17:55.081,8.43842,8.4425,2.41,1.00
2016.03.17 07:17:55.183,8.43902,8.4425,2.41,1.00
2016.03.17 07:17:55.336,8.43932,8.44293,2.41,1.00
2016.03.17 07:17:55.437,8.43932,8.44265,2.41,1.00
2016.03.17 07:17:55.640,8.44024,8.443,1.75,1.00
2016.03.17 07:17:55.741,8.44024,8.443,1.75,1.00
2016.03.17 07:17:56.073,8.44024,8.44319,1.75,1.00
2016.03.17 07:17:56.375,8.44024,8.44319,1.75,1.00
2016.03.17 07:17:56.426,8.43995,8.44279,1.35,1.00
2016.03.17 07:17:56.527,8.43979,8.44254,1.75,1.00
2016.03.17 07:17:56.629,8.43979,8.44254,1.75,1.00
2016.03.17 07:17:56.730,8.43979,8.44239,1.75,1.00
2016.03.17 07:17:57.058,8.43904,8.4422,1.75,1.00
2016.03.17 07:17:58.062,8.4389,8.4422,1.75,1.00
2016.03.17 07:17:58.253,8.4389,8.4422,1.75,1.00
2016.03.17 07:17:58.354,8.4389,8.4422,1.75,1.00
2016.03.17 07:17:58.847,8.4389,8.44212,1.75,1.00
2016.03.17 07:17:59.258,8.43877,8.4418,1.75,1.00
2016.03.17 07:17:59.360,8.43877,8.4418,1.75,1.00
2016.03.17 07:17:59.463,8.43877,8.4418,1.75,1.00
2016.03.17 07:17:59.615,8.43862,8.44153,1.35,1.00
2016.03.17 07:17:59.716,8.43862,8.44153,1.35,1.00
2016.03.17 07:18:00.005,8.43862,8.44153,1.35,1.00
2016.03.17 07:18:00.343,8.43862,8.44127,1.35,1.00
2016.03.17 07:18:00.674,8.43809,8.44104,1.75,1.00
2016.03.17 07:18:00.783,8.43809,8.44104,1.75,1.00
2016.03.17 07:18:00.935,8.43772,8.44074,1.75,1.00
2016.03.17 07:18:01.314,8.43772,8.44074,1.75,1.00
2016.03.17 07:18:01.594,8.43816,8.441,1.75,1.00
2016.03.17 07:18:01.696,8.43816,8.441,1.75,1.00
2016.03.17 07:18:02.205,8.43763,8.44074,1.75,1.00
2016.03.17 07:18:02.256,8.43763,8.44052,1.75,1.00
2016.03.17 07:18:02.358,8.43763,8.44052,1.75,1.00
2016.03.17 07:18:02.552,8.43763,8.44041,1.75,1.00
2016.03.17 07:18:02.654,8.43763,8.44041,1.75,1.00
2016.03.17 07:18:02.706,8.43763,8.44033,1.75,1.00
2016.03.17 07:18:03.144,8.43763,8.44033,1.75,1.00
2016.03.17 07:18:03.574,8.43749,8.44049,1.75,1.00
2016.03.17 07:18:03.675,8.43749,8.44049,1.75,1.00
2016.03.17 07:18:03.776,8.43749,8.44056,1.75,1.00
2016.03.17 07:18:04.892,8.43763,8.44029,1.75,1.00
2016.03.17 07:18:04.993,8.43711,8.44029,1.75,1.00
2016.03.17 07:18:05.095,8.43681,8.43987,1.75,1.00
2016.03.17 07:18:05.347,8.43681,8.43996,1.75,1.00
2016.03.17 07:18:05.535,8.43681,8.44004,1.75,1.00
2016.03.17 07:18:05.756,8.43681,8.44008,1.75,1.00
2016.03.17 07:18:05.853,8.43681,8.44013,1.75,1.00
2016.03.17 07:18:06.382,8.43681,8.44013,1.75,1.00
2016.03.17 07:18:07.735,8.43712,8.44012,1.75,1.00
2016.03.17 07:18:07.837,8.43712,8.44012,1.75,1.00
2016.03.17 07:18:07.940,8.43712,8.44012,1.75,1.00
2016.03.17 07:18:07.991,8.43717,8.44039,1.75,1.00
2016.03.17 07:18:08.043,8.43754,8.44039,1.00,1.00
2016.03.17 07:18:08.145,8.43754,8.44039,1.75,1.00
2016.03.17 07:18:08.196,8.43754,8.4406,1.75,1.00
2016.03.17 07:18:08.374,8.43717,8.44038,1.75,1.00
2016.03.17 07:18:08.526,8.43717,8.44015,1.75,1.00
2016.03.17 07:18:08.829,8.4369,8.43976,1.75,1.00
2016.03.17 07:18:09.043,8.43657,8.43956,1.75,1.00
2016.03.17 07:18:09.384,8.43658,8.43961,1.75,1.00
2016.03.17 07:18:09.927,8.43656,8.43961,1.75,1.00
2016.03.17 07:18:11.687,8.43641,8.43949,1.75,1.00
2016.03.17 07:18:13.157,8.43656,8.43926,1.75,1.00
2016.03.17 07:18:13.359,8.43656,8.43926,1.75,1.00
2016.03.17 07:18:14.333,8.43649,8.4395,1.75,1.00
2016.03.17 07:18:14.434,8.43649,8.43986,1.75,1.00
2016.03.17 07:18:14.637,8.43649,8.43986,1.75,1.00
2016.03.17 07:18:16.870,8.43679,8.43966,1.75,1.00
2016.03.17 07:18:17.513,8.43679,8.4399,1.75,1.00
2016.03.17 07:18:17.614,8.43679,8.4399,1.75,1.00
2016.03.17 07:18:22.022,8.43686,8.43982,1.75,1.00
2016.03.17 07:18:23.545,8.43754,8.43982,1.75,1.00
2016.03.17 07:18:23.596,8.43754,8.44004,1.75,1.00
2016.03.17 07:18:23.707,8.4378,8.44043,1.75,1.00
2016.03.17 07:18:24.012,8.43754,8.44043,1.75,1.00
2016.03.17 07:18:24.361,8.43754,8.44026,1.75,1.00
2016.03.17 07:18:24.462,8.43754,8.44047,1.75,1.00
2016.03.17 07:18:25.439,8.43754,8.44047,1.75,1.00
2016.03.17 07:18:25.895,8.43763,8.44025,1.50,1.00
2016.03.17 07:18:26.413,8.43763,8.44025,1.37,1.00
2016.03.17 07:18:26.715,8.43763,8.44,1.37,1.00
2016.03.17 07:18:26.766,8.43725,8.44,1.75,1.00
2016.03.17 07:18:26.974,8.43725,8.4397,1.75,1.00
2016.03.17 07:18:27.093,8.43725,8.43991,1.75,1.00
2016.03.17 07:18:27.634,8.43725,8.4397,1.75,1.00
2016.03.17 07:18:27.735,8.43673,8.4397,1.75,1.00
2016.03.17 07:18:27.836,8.43673,8.4397,1.75,1.00
2016.03.17 07:18:27.887,8.43673,8.43946,1.75,1.00
2016.03.17 07:18:28.233,8.43673,8.43928,1.75,1.00
2016.03.17 07:18:28.386,8.43673,8.43928,1.37,1.00
2016.03.17 07:18:30.713,8.4365,8.43941,1.75,1.00
2016.03.17 07:18:30.950,8.4365,8.43941,1.75,1.00
2016.03.17 07:18:32.053,8.43681,8.43964,1.75,1.00
2016.03.17 07:18:32.154,8.43681,8.43964,1.75,1.00
2016.03.17 07:18:32.463,8.4371,8.43964,1.12,1.00
2016.03.17 07:18:32.615,8.4371,8.43995,1.12,1.00
2016.03.17 07:18:32.666,8.43706,8.43995,1.12,1.00
2016.03.17 07:18:32.717,8.43706,8.44018,1.12,1.00
2016.03.17 07:18:33.066,8.43726,8.44018,1.75,1.00
2016.03.17 07:18:33.222,8.43726,8.44018,1.75,1.00
2016.03.17 07:18:33.770,8.43726,8.44017,1.75,1.00
2016.03.17 07:18:34.172,8.43738,8.44026,1.75,1.00
2016.03.17 07:18:34.227,8.43738,8.44026,1.75,1.00
2016.03.17 07:18:34.772,8.43738,8.44026,1.75,1.00
2016.03.17 07:18:35.251,8.43738,8.43998,1.75,1.00
2016.03.17 07:18:35.390,8.43746,8.44029,1.75,1.00
2016.03.17 07:18:35.441,8.43746,8.44029,1.75,1.00
2016.03.17 07:18:35.543,8.43746,8.44008,1.75,1.00
2016.03.17 07:18:35.811,8.43746,8.44036,1.75,1.00
2016.03.17 07:18:36.013,8.43746,8.44036,1.75,1.00
2016.03.17 07:18:36.914,8.43798,8.44061,1.75,1.00
2016.03.17 07:18:36.964,8.43798,8.44061,1.75,1.00
2016.03.17 07:18:40.067,8.43793,8.44068,1.75,1.00
2016.03.17 07:18:43.628,8.43793,8.44053,1.75,1.00
2016.03.17 07:18:43.679,8.43793,8.44053,1.75,1.00
2016.03.17 07:18:43.730,8.43793,8.44025,1.75,1.00
2016.03.17 07:18:44.504,8.43777,8.4404,1.75,1.00
2016.03.17 07:18:47.541,8.43792,8.44047,1.75,1.00
2016.03.17 07:18:48.990,8.43792,8.44069,1.75,1.00
2016.03.17 07:18:49.091,8.43837,8.44069,1.37,1.00
2016.03.17 07:18:49.192,8.43837,8.44098,1.75,1.00
2016.03.17 07:18:49.990,8.43837,8.44127,1.75,1.00
2016.03.17 07:18:50.092,8.43837,8.44127,1.75,1.00
2016.03.17 07:18:50.341,8.43837,8.44142,1.75,1.16
2016.03.17 07:18:50.700,8.43882,8.44142,1.75,1.16
2016.03.17 07:18:51.043,8.43882,8.44163,1.75,1.96
2016.03.17 07:18:52.482,8.43802,8.44142,2.41,1.16
2016.03.17 07:18:52.591,8.43802,8.44142,2.41,1.00
2016.03.17 07:18:52.812,8.43802,8.44142,2.41,1.00
2016.03.17 07:18:53.461,8.43802,8.44142,2.41,1.00
2016.03.17 07:18:54.471,8.43802,8.44142,2.41,1.00
2016.03.17 07:18:54.522,8.43802,8.44148,2.41,1.00
2016.03.17 07:18:55.448,8.43819,8.44172,1.75,1.25
2016.03.17 07:18:55.599,8.43833,8.44172,1.75,1.25
2016.03.17 07:18:55.932,8.43832,8.44172,2.41,1.25
2016.03.17 07:18:56.676,8.43832,8.44172,2.41,1.25
2016.03.17 07:18:57.008,8.43832,8.4415,2.41,1.00
2016.03.17 07:18:57.110,8.43832,8.4415,2.41,1.00
2016.03.17 07:18:57.160,8.43792,8.44104,2.41,1.00
2016.03.17 07:18:57.262,8.43792,8.4412,2.41,1.00
2016.03.17 07:18:57.313,8.43792,8.4412,2.41,1.00
2016.03.17 07:18:57.464,8.43792,8.44165,2.41,1.28
2016.03.17 07:18:57.566,8.43792,8.44165,2.41,1.16
2016.03.17 07:18:57.701,8.43852,8.44165,2.41,1.00
2016.03.17 07:18:57.887,8.43852,8.44165,2.41,1.09
2016.03.17 07:18:58.192,8.43852,8.44141,2.41,1.00
2016.03.17 07:18:58.433,8.43822,8.44165,2.41,1.09
2016.03.17 07:18:58.641,8.43822,8.44165,2.41,1.09
2016.03.17 07:18:58.962,8.43862,8.44186,2.41,1.43
2016.03.17 07:18:59.513,8.43862,8.44186,2.41,1.43
2016.03.17 07:19:01.339,8.43862,8.44201,2.41,1.53
2016.03.17 07:19:01.541,8.43862,8.44154,2.41,1.00
2016.03.17 07:19:01.711,8.43862,8.44154,2.41,1.00
2016.03.17 07:19:02.518,8.43862,8.44179,2.41,1.28
2016.03.17 07:19:03.022,8.43862,8.44179,2.41,1.28
2016.03.17 07:19:03.523,8.43862,8.44165,2.41,1.09
2016.03.17 07:19:06.021,8.43862,8.44165,2.41,1.09
2016.03.17 07:19:06.931,8.43862,8.44165,2.41,1.09
2016.03.17 07:19:07.253,8.43862,8.44181,2.41,1.28
2016.03.17 07:19:07.593,8.43902,8.44232,2.41,1.72
2016.03.17 07:19:08.026,8.43902,8.44232,2.41,1.86
2016.03.17 07:19:08.605,8.43902,8.44232,2.41,1.76
2016.03.17 07:19:09.129,8.43902,8.44232,2.41,1.66
2016.03.17 07:19:09.673,8.43902,8.44232,2.41,1.66
2016.03.17 07:19:11.435,8.43902,8.44217,2.41,1.79
2016.03.17 07:19:11.667,8.43902,8.44217,2.41,1.79
2016.03.17 07:19:13.340,8.43902,8.44217,2.41,1.79
2016.03.17 07:19:13.844,8.43902,8.44217,2.41,1.79
2016.03.17 07:19:14.395,8.43902,8.44198,2.41,1.70
2016.03.17 07:19:14.496,8.43902,8.44198,2.41,1.70
2016.03.17 07:19:14.598,8.43902,8.44198,2.41,1.70
2016.03.17 07:19:15.132,8.43902,8.44198,2.41,1.79
2016.03.17 07:19:16.578,8.43902,8.44198,2.41,1.79
2016.03.17 07:19:17.205,8.43902,8.44198,2.41,1.79
2016.03.17 07:19:18.367,8.43933,8.44213,1.35,1.83
2016.03.17 07:19:18.468,8.43967,8.44213,1.35,1.62
2016.03.17 07:19:18.671,8.4398,8.44285,1.35,1.00
2016.03.17 07:19:20.209,8.43948,8.44285,1.75,1.00
2016.03.17 07:19:20.559,8.43922,8.44285,1.75,1.00
2016.03.17 07:19:21.485,8.43954,8.44308,1.75,1.00
2016.03.17 07:19:21.631,8.43954,8.44308,1.75,1.00
2016.03.17 07:19:21.683,8.43973,8.44318,1.75,1.00
2016.03.17 07:19:21.936,8.43973,8.44322,1.75,1.00
2016.03.17 07:19:24.201,8.43989,8.44338,1.75,1.00
2016.03.17 07:19:24.303,8.4399,8.44338,1.75,1.00
2016.03.17 07:19:24.455,8.43993,8.44359,1.75,1.00
2016.03.17 07:19:24.819,8.43999,8.44359,1.75,1.00
2016.03.17 07:19:26.840,8.4401,8.44378,1.75,1.00
2016.03.17 07:19:27.021,8.44002,8.44378,1.75,1.00
2016.03.17 07:19:28.011,8.44003,8.44378,1.75,1.00
2016.03.17 07:19:28.683,8.43994,8.44378,1.75,1.00
2016.03.17 07:19:28.820,8.43994,8.4435,1.75,1.00
2016.03.17 07:19:28.922,8.43994,8.4435,1.75,1.00
2016.03.17 07:19:28.972,8.43994,8.44334,1.75,1.00
2016.03.17 07:19:29.023,8.43994,8.44334,1.75,1.00
2016.03.17 07:19:29.125,8.43982,8.44334,1.75,1.00
2016.03.17 07:19:29.176,8.43982,8.44297,1.75,1.00
2016.03.17 07:19:29.226,8.43982,8.44297,1.75,1.00
2016.03.17 07:19:29.328,8.43982,8.44297,1.75,1.00
2016.03.17 07:19:29.663,8.43982,8.4432,1.75,1.00
2016.03.17 07:19:29.764,8.43982,8.4432,1.75,1.00
2016.03.17 07:19:29.980,8.43982,8.4432,1.75,1.00
2016.03.17 07:19:30.792,8.43982,8.44343,1.75,1.00
2016.03.17 07:19:31.630,8.43982,8.44343,1.75,1.00
2016.03.17 07:19:32.571,8.43982,8.44313,1.75,1.00
2016.03.17 07:19:32.874,8.43982,8.44282,1.75,1.00
2016.03.17 07:19:35.871,8.43982,8.44265,1.75,1.00
2016.03.17 07:19:36.192,8.43982,8.44265,1.75,1.00
2016.03.17 07:19:37.691,8.43953,8.44265,1.35,1.00
2016.03.17 07:19:38.215,8.43953,8.44266,1.35,1.00
2016.03.17 07:19:38.495,8.43953,8.44229,1.35,1.00
2016.03.17 07:19:39.465,8.43953,8.44229,1.35,1.00
2016.03.17 07:19:40.067,8.43953,8.442,1.35,1.00
2016.03.17 07:19:40.118,8.43943,8.442,1.35,1.00
2016.03.17 07:19:40.219,8.43953,8.442,1.27,1.00
2016.03.17 07:19:41.463,8.43946,8.442,1.35,1.00
2016.03.17 07:19:42.421,8.43953,8.442,1.35,1.00
2016.03.17 07:19:42.734,8.43953,8.44195,1.35,1.00
2016.03.17 07:19:43.458,8.43862,8.44178,1.75,1.00
2016.03.17 07:19:43.661,8.43862,8.44178,1.75,1.00
2016.03.17 07:19:43.712,8.43862,8.44237,1.75,1.00
2016.03.17 07:19:43.762,8.43939,8.44237,1.75,1.00
2016.03.17 07:19:43.813,8.43972,8.4428,1.66,1.12
2016.03.17 07:19:43.965,8.43972,8.44307,2.04,1.75
2016.03.17 07:19:44.218,8.43942,8.44307,2.41,1.75
2016.03.17 07:19:44.363,8.43942,8.44251,2.41,1.00
2016.03.17 07:19:46.652,8.43942,8.44243,2.41,1.00
2016.03.17 07:19:49.161,8.43942,8.4422,2.41,1.00
2016.03.17 07:19:49.365,8.43942,8.4422,1.66,1.00
2016.03.17 07:19:49.416,8.43942,8.44182,1.66,1.00
2016.03.17 07:19:49.518,8.43902,8.44182,2.41,1.00
2016.03.17 07:19:49.623,8.43902,8.4421,2.41,1.00
2016.03.17 07:19:49.815,8.43902,8.4421,2.41,1.00
2016.03.17 07:19:49.968,8.43902,8.44238,2.41,1.07
2016.03.17 07:19:50.019,8.43902,8.44238,2.41,1.00
2016.03.17 07:19:53.133,8.43932,8.44236,2.41,1.00
2016.03.17 07:19:58.451,8.43932,8.44197,2.41,1.00
2016.03.17 07:19:58.502,8.43932,8.44197,2.04,1.00
2016.03.17 07:19:58.670,8.43932,8.44172,2.04,1.00
2016.03.17 07:19:58.732,8.43932,8.44196,2.04,1.00
2016.03.17 07:19:58.801,8.43932,8.44196,2.41,1.00
2016.03.17 07:19:59.133,8.43932,8.44196,2.41,1.00
2016.03.17 07:19:59.234,8.43932,8.44217,2.41,1.00
2016.03.17 07:19:59.285,8.43932,8.44247,2.41,1.00
2016.03.17 07:19:59.386,8.43932,8.44247,2.41,1.00
2016.03.17 07:20:00.571,8.43972,8.44227,2.41,1.00
2016.03.17 07:20:00.681,8.43972,8.44227,2.04,1.00
2016.03.17 07:20:02.603,8.43972,8.44223,2.04,1.00
2016.03.17 07:20:02.654,8.43972,8.44223,1.66,1.00
2016.03.17 07:20:02.705,8.43972,8.44185,1.66,1.00
2016.03.17 07:20:03.461,8.43902,8.44185,2.41,1.00
2016.03.17 07:20:03.799,8.43853,8.442,2.41,1.00
2016.03.17 07:20:04.154,8.43853,8.4423,2.41,1.00
2016.03.17 07:20:04.205,8.43853,8.4423,2.41,1.00
2016.03.17 07:20:05.182,8.43882,8.4423,2.41,1.00
2016.03.17 07:20:05.352,8.43882,8.44252,2.41,1.00
2016.03.17 07:20:05.403,8.43882,8.44252,2.41,1.00
2016.03.17 07:20:07.556,8.43882,8.44241,2.41,1.00
2016.03.17 07:20:07.861,8.43882,8.44221,2.41,1.00
2016.03.17 07:20:08.856,8.43882,8.44199,2.41,1.00
2016.03.17 07:20:08.958,8.43882,8.44199,2.41,1.00
2016.03.17 07:20:11.451,8.43882,8.44199,2.41,1.00
2016.03.17 07:20:11.967,8.43882,8.4421,2.41,1.00
2016.03.17 07:20:12.513,8.43882,8.44233,2.41,1.00
2016.03.17 07:20:12.648,8.43882,8.44233,2.41,1.00
2016.03.17 07:20:13.441,8.43883,8.44233,1.75,1.00
2016.03.17 07:20:15.891,8.43883,8.44236,1.75,1.00
2016.03.17 07:20:16.094,8.43883,8.44236,1.75,1.00
2016.03.17 07:20:16.144,8.43883,8.44259,1.75,1.00
2016.03.17 07:20:17.129,8.43896,8.44282,1.75,1.00
2016.03.17 07:20:17.179,8.43883,8.44282,1.75,1.00
2016.03.17 07:20:19.096,8.43913,8.44282,1.75,1.00
2016.03.17 07:20:19.300,8.43913,8.44253,1.75,1.00
2016.03.17 07:20:19.515,8.43893,8.44253,1.75,1.00
2016.03.17 07:20:19.682,8.43883,8.44239,1.75,1.00
2016.03.17 07:20:19.811,8.43883,8.44239,1.75,1.00
2016.03.17 07:20:20.344,8.43883,8.44253,1.75,1.00
2016.03.17 07:20:20.499,8.43894,8.44253,1.75,1.00
2016.03.17 07:20:21.690,8.43894,8.44253,1.75,1.00
2016.03.17 07:20:22.697,8.43894,8.44253,1.75,1.00
2016.03.17 07:20:24.395,8.43943,8.44231,1.75,1.00
2016.03.17 07:20:24.445,8.43943,8.44231,1.75,1.00
2016.03.17 07:20:24.547,8.43943,8.44231,1.75,1.00
2016.03.17 07:20:24.801,8.43943,8.44209,1.75,1.00
2016.03.17 07:20:24.995,8.43943,8.44209,1.75,1.00
2016.03.17 07:20:25.131,8.43943,8.44237,1.75,1.00
2016.03.17 07:20:25.333,8.43943,8.44237,1.75,1.00
2016.03.17 07:20:25.970,8.43943,8.44237,1.75,1.00
2016.03.17 07:20:29.970,8.43943,8.44237,1.00,1.00
2016.03.17 07:20:30.021,8.43943,8.44248,1.00,1.00
2016.03.17 07:20:30.072,8.43943,8.44248,1.75,1.00
2016.03.17 07:20:30.376,8.43892,8.44197,1.75,1.00
2016.03.17 07:20:30.427,8.43892,8.44143,1.75,1.00
2016.03.17 07:20:30.636,8.43892,8.44143,1.75,1.00
2016.03.17 07:20:33.351,8.43892,8.44143,1.75,1.00
2016.03.17 07:20:33.869,8.43892,8.44144,1.75,1.00
2016.03.17 07:20:34.192,8.43832,8.44122,1.75,1.00
2016.03.17 07:20:34.244,8.43832,8.44122,1.75,1.00
2016.03.17 07:20:34.345,8.43832,8.44122,1.75,1.00
2016.03.17 07:20:34.396,8.43832,8.44158,1.75,1.00
2016.03.17 07:20:34.539,8.43832,8.44158,1.75,1.00
2016.03.17 07:20:34.871,8.43832,8.44158,1.75,1.00
2016.03.17 07:20:35.197,8.43832,8.44158,1.75,1.00
2016.03.17 07:20:36.130,8.43832,8.44179,1.75,1.00
2016.03.17 07:20:38.128,8.43834,8.44197,1.75,1.00
2016.03.17 07:20:38.312,8.43834,8.44197,1.75,1.00
2016.03.17 07:20:39.110,8.43833,8.44197,1.75,1.50
2016.03.17 07:20:40.081,8.43882,8.44097,2.41,1.00
2016.03.17 07:20:40.183,8.43882,8.44097,2.41,1.00
2016.03.17 07:20:40.233,8.43882,8.44063,2.41,1.00
2016.03.17 07:20:40.385,8.43833,8.44063,1.75,1.00
2016.03.17 07:20:40.490,8.43832,8.44063,1.75,1.00
2016.03.17 07:20:40.541,8.43832,8.44097,1.75,1.00
2016.03.17 07:20:40.592,8.43832,8.44134,1.75,1.00
2016.03.17 07:20:40.743,8.43832,8.44134,1.75,1.00
2016.03.17 07:20:40.794,8.43832,8.44156,1.75,1.00
2016.03.17 07:20:41.425,8.43832,8.44179,1.75,1.00
2016.03.17 07:20:41.535,8.43832,8.44202,1.75,1.00
2016.03.17 07:20:41.737,8.43816,8.44202,1.75,1.00
2016.03.17 07:20:41.939,8.43843,8.44202,2.41,1.00
2016.03.17 07:20:43.703,8.43856,8.44216,1.75,1.00
2016.03.17 07:20:44.488,8.43843,8.44216,2.41,1.00
2016.03.17 07:20:44.681,8.43843,8.44216,2.41,1.00
2016.03.17 07:20:44.901,8.43843,8.44216,2.41,1.00
2016.03.17 07:20:45.371,8.43843,8.44198,2.41,1.00
2016.03.17 07:20:45.624,8.43843,8.44244,2.41,1.00
2016.03.17 07:20:45.674,8.43843,8.44244,2.41,1.00
2016.03.17 07:20:49.990,8.43858,8.44238,1.35,1.00
2016.03.17 07:20:51.538,8.43868,8.44274,1.75,1.00
2016.03.17 07:20:51.741,8.43902,8.44274,2.41,1.00
2016.03.17 07:20:51.792,8.43902,8.44295,2.41,1.00
2016.03.17 07:20:52.858,8.43902,8.44295,2.41,1.00
2016.03.17 07:20:57.819,8.43965,8.44299,1.35,1.00
2016.03.17 07:20:57.921,8.43965,8.44299,1.35,1.00
2016.03.17 07:20:58.023,8.43965,8.44322,1.35,1.00
2016.03.17 07:21:00.375,8.4397,8.44334,1.75,1.00
2016.03.17 07:21:00.426,8.4397,8.44334,1.75,1.00
2016.03.17 07:21:00.477,8.4397,8.44358,1.75,1.00
2016.03.17 07:21:02.531,8.43992,8.44379,2.41,1.00
2016.03.17 07:21:02.734,8.44033,8.44379,2.41,1.00
2016.03.17 07:21:04.625,8.44033,8.44372,2.41,1.00
2016.03.17 07:21:04.690,8.44033,8.44372,2.41,1.00
2016.03.17 07:21:07.519,8.44033,8.44386,2.41,1.00
2016.03.17 07:21:07.570,8.44033,8.44386,2.41,1.00
2016.03.17 07:21:07.621,8.44033,8.44412,2.41,1.00
2016.03.17 07:21:07.773,8.44098,8.44412,1.35,1.00
2016.03.17 07:21:07.924,8.44112,8.44457,2.41,1.00
2016.03.17 07:21:08.228,8.44112,8.44457,2.41,1.00
2016.03.17 07:21:08.531,8.44112,8.44457,2.41,1.00
2016.03.17 07:21:08.990,8.44112,8.44457,2.41,1.00
2016.03.17 07:21:10.450,8.44143,8.44459,2.41,1.00
2016.03.17 07:21:13.090,8.44143,8.44472,2.41,1.00
2016.03.17 07:21:13.352,8.44143,8.44495,2.41,1.00
2016.03.17 07:21:13.403,8.44143,8.44495,2.41,1.00
2016.03.17 07:21:13.720,8.44172,8.44495,2.41,1.00
2016.03.17 07:21:14.016,8.44172,8.44515,2.41,1.00
2016.03.17 07:21:17.600,8.44172,8.44513,2.41,1.00
2016.03.17 07:21:17.911,8.44172,8.44513,2.41,1.00
2016.03.17 07:21:18.670,8.44172,8.44513,2.41,1.00
2016.03.17 07:21:20.349,8.44172,8.44518,2.41,1.00
2016.03.17 07:21:21.017,8.44172,8.44495,2.41,1.00
2016.03.17 07:21:21.998,8.44172,8.44495,2.41,1.00
2016.03.17 07:21:22.049,8.44172,8.44524,2.41,1.00
2016.03.17 07:21:22.100,8.44172,8.44524,2.41,1.00
2016.03.17 07:21:22.151,8.44172,8.44555,2.41,1.00
2016.03.17 07:21:22.303,8.44172,8.44555,2.41,1.00
2016.03.17 07:21:22.354,8.44222,8.44584,2.41,1.00
2016.03.17 07:21:22.404,8.44222,8.44584,2.41,1.00
2016.03.17 07:21:22.752,8.44222,8.44584,2.41,1.00
2016.03.17 07:21:23.043,8.44222,8.44584,2.41,1.00
2016.03.17 07:21:23.170,8.44222,8.44584,2.41,1.00
2016.03.17 07:21:23.336,8.44222,8.44563,2.41,1.00
2016.03.17 07:21:23.437,8.44222,8.44541,2.41,1.00
2016.03.17 07:21:23.639,8.44172,8.44541,2.41,1.00
2016.03.17 07:21:23.689,8.44172,8.44518,2.41,1.00
2016.03.17 07:21:23.740,8.44172,8.44518,2.41,1.00
2016.03.17 07:21:23.791,8.44172,8.44493,2.41,1.00
2016.03.17 07:21:24.171,8.44172,8.44493,2.41,1.00
2016.03.17 07:21:24.222,8.44172,8.44517,2.41,1.00
2016.03.17 07:21:24.325,8.44172,8.44532,2.41,1.00
2016.03.17 07:21:24.490,8.44172,8.44532,2.41,1.00
2016.03.17 07:21:24.821,8.44172,8.44532,2.41,1.00
2016.03.17 07:21:24.872,8.44172,8.44592,2.41,1.00
2016.03.17 07:21:25.126,8.44172,8.445,2.41,1.12
2016.03.17 07:21:25.278,8.44112,8.44475,1.75,1.75
2016.03.17 07:21:25.480,8.44112,8.44475,1.75,1.75
2016.03.17 07:21:26.208,8.44082,8.44397,1.75,1.00
2016.03.17 07:21:26.259,8.44082,8.44397,1.75,1.10
2016.03.17 07:21:26.360,8.44082,8.44397,1.07,1.75
2016.03.17 07:21:26.411,8.44032,8.44364,1.75,1.00
2016.03.17 07:21:26.613,8.44002,8.4431,1.66,1.37
2016.03.17 07:21:26.664,8.43929,8.4431,1.75,1.37
2016.03.17 07:21:26.715,8.43929,8.4431,1.75,1.75
2016.03.17 07:21:26.766,8.43923,8.44259,1.75,1.00
2016.03.17 07:21:26.817,8.43923,8.44259,1.07,1.37
2016.03.17 07:21:26.868,8.43923,8.44242,1.07,1.00
2016.03.17 07:21:27.144,8.43912,8.44242,1.66,1.07
2016.03.17 07:21:27.195,8.43885,8.44242,1.75,1.07
2016.03.17 07:21:27.652,8.43943,8.44242,1.00,1.07
2016.03.17 07:21:27.983,8.43943,8.44243,1.75,1.00
2016.03.17 07:21:28.284,8.43942,8.44243,1.75,1.00
2016.03.17 07:21:29.156,8.43932,8.44266,1.75,1.00
2016.03.17 07:21:29.220,8.43932,8.44266,1.75,1.00
2016.03.17 07:21:29.666,8.43932,8.44266,1.75,1.00
2016.03.17 07:21:29.980,8.43932,8.44266,2.25,1.00
2016.03.17 07:21:30.340,8.43932,8.44282,1.75,1.00
2016.03.17 07:21:30.391,8.43932,8.44339,1.75,1.00
2016.03.17 07:21:30.442,8.43933,8.44339,1.75,1.00
2016.03.17 07:21:30.766,8.43952,8.44339,1.75,1.00
2016.03.17 07:21:31.358,8.43947,8.4439,1.75,1.00
2016.03.17 07:21:31.560,8.43963,8.4439,1.75,1.00
2016.03.17 07:21:31.680,8.43963,8.44411,1.75,1.00
2016.03.17 07:21:31.769,8.43955,8.44411,1.75,1.00
2016.03.17 07:21:32.091,8.43955,8.44411,1.75,1.00
2016.03.17 07:21:32.141,8.43949,8.44392,2.25,1.00
2016.03.17 07:21:32.464,8.43949,8.44363,2.25,1.00
2016.03.17 07:21:32.645,8.43949,8.44363,2.25,1.00
2016.03.17 07:21:32.877,8.43947,8.44363,1.75,1.00
2016.03.17 07:21:33.396,8.43942,8.44362,2.41,1.00
2016.03.17 07:21:33.447,8.43942,8.44362,2.41,1.00
2016.03.17 07:21:33.548,8.43942,8.44331,2.41,1.00
2016.03.17 07:21:33.881,8.43962,8.44321,2.41,1.00
2016.03.17 07:21:35.650,8.43935,8.44335,1.75,1.00
2016.03.17 07:21:37.965,8.43935,8.44335,1.75,1.00
2016.03.17 07:21:38.405,8.43935,8.44324,1.75,1.00
2016.03.17 07:21:40.259,8.43935,8.44323,1.75,1.00
2016.03.17 07:21:40.820,8.43923,8.44302,2.41,1.00
2016.03.17 07:21:40.871,8.43923,8.44291,2.41,1.00
2016.03.17 07:21:40.922,8.43892,8.44264,2.41,1.00
2016.03.17 07:21:41.175,8.43892,8.44282,2.41,1.00
2016.03.17 07:21:41.226,8.43892,8.44282,2.41,1.00
2016.03.17 07:21:41.378,8.43892,8.44291,2.41,1.00
2016.03.17 07:21:41.480,8.43892,8.44291,2.41,1.00
2016.03.17 07:21:41.532,8.43892,8.44304,2.41,1.00
2016.03.17 07:21:41.684,8.43928,8.44304,1.75,1.00
2016.03.17 07:21:41.805,8.43928,8.44318,1.75,1.00
2016.03.17 07:21:42.022,8.43928,8.44293,1.75,1.00
2016.03.17 07:21:42.225,8.43928,8.44293,1.75,1.37
2016.03.17 07:21:42.569,8.43892,8.44204,2.41,1.37
2016.03.17 07:21:42.671,8.439,8.44204,1.75,1.37
2016.03.17 07:21:42.824,8.43822,8.44132,1.75,1.00
2016.03.17 07:21:42.925,8.43838,8.4421,2.25,1.00
2016.03.17 07:21:43.040,8.43843,8.44258,2.41,1.00
2016.03.17 07:21:43.093,8.43843,8.44258,2.41,1.00
2016.03.17 07:21:43.830,8.43872,8.44185,1.75,1.37
2016.03.17 07:21:43.982,8.43872,8.44185,1.75,1.37
2016.03.17 07:21:44.032,8.43872,8.44132,1.75,1.00
2016.03.17 07:21:44.134,8.43862,8.4421,1.75,1.00
2016.03.17 07:21:44.249,8.43862,8.4421,1.75,1.00
2016.03.17 07:21:44.300,8.43862,8.4421,1.75,1.00
2016.03.17 07:21:44.351,8.43862,8.44237,1.75,1.00
2016.03.17 07:21:45.069,8.43862,8.44237,1.75,1.37
2016.03.17 07:21:45.322,8.43862,8.4421,1.75,1.37
2016.03.17 07:21:45.373,8.43862,8.4421,1.75,1.00
2016.03.17 07:21:45.524,8.43862,8.4421,1.75,1.00
2016.03.17 07:21:45.575,8.43862,8.44232,1.75,1.00
2016.03.17 07:21:45.729,8.43862,8.44232,1.75,1.00
2016.03.17 07:21:45.780,8.43862,8.44271,1.75,1.00
2016.03.17 07:21:45.946,8.43862,8.44271,1.75,1.00
2016.03.17 07:21:46.327,8.43882,8.44189,1.75,1.37
2016.03.17 07:21:46.428,8.43882,8.44189,1.75,1.37
2016.03.17 07:21:46.529,8.43862,8.44189,1.75,1.00
2016.03.17 07:21:46.581,8.43863,8.44141,1.75,1.00
2016.03.17 07:21:46.640,8.43863,8.44221,1.75,1.00
2016.03.17 07:21:46.792,8.43862,8.44258,1.75,1.00
2016.03.17 07:21:47.524,8.43882,8.44156,1.75,1.00
2016.03.17 07:21:47.726,8.43862,8.44156,1.75,1.00
2016.03.17 07:21:47.777,8.43862,8.44109,1.75,1.00
2016.03.17 07:21:47.828,8.43862,8.44109,1.75,1.00
2016.03.17 07:21:47.980,8.43883,8.44124,1.37,1.00
2016.03.17 07:21:48.031,8.43883,8.44124,1.37,1.00
2016.03.17 07:21:48.081,8.43862,8.44169,2.25,1.00
2016.03.17 07:21:48.183,8.43862,8.44169,2.25,1.00
2016.03.17 07:21:48.284,8.43862,8.44169,2.25,1.00
2016.03.17 07:21:48.718,8.43862,8.44169,2.25,1.00
2016.03.17 07:21:48.978,8.43862,8.4419,2.25,1.00
2016.03.17 07:21:49.080,8.43862,8.44255,1.75,1.00
2016.03.17 07:21:49.131,8.43862,8.44255,1.75,1.00
2016.03.17 07:21:49.434,8.43873,8.44275,2.25,1.00
2016.03.17 07:21:49.991,8.4389,8.44275,2.25,1.00
2016.03.17 07:21:50.042,8.4389,8.44275,2.25,1.00
2016.03.17 07:21:50.279,8.4389,8.44258,2.25,1.00
2016.03.17 07:21:52.691,8.4388,8.44261,2.25,1.00
2016.03.17 07:21:54.788,8.4388,8.44258,2.25,1.00
2016.03.17 07:21:54.959,8.43873,8.44258,2.25,1.00
2016.03.17 07:21:55.570,8.43872,8.44279,2.25,1.00
2016.03.17 07:21:55.621,8.43896,8.44279,2.25,1.00
2016.03.17 07:21:55.773,8.43896,8.44296,2.25,1.00
2016.03.17 07:21:57.865,8.43893,8.44282,2.25,1.00
2016.03.17 07:21:58.247,8.43843,8.44282,1.75,1.37
2016.03.17 07:21:58.552,8.43842,8.4425,1.75,1.00
2016.03.17 07:21:58.856,8.43846,8.44278,1.75,1.00
2016.03.17 07:21:58.958,8.43848,8.44278,2.25,1.00
2016.03.17 07:22:01.270,8.43882,8.44267,2.41,1.00
2016.03.17 07:22:02.221,8.43882,8.44267,2.41,1.00
2016.03.17 07:22:04.710,8.43882,8.44253,2.41,1.00
2016.03.17 07:22:05.118,8.43882,8.44284,2.41,1.00
2016.03.17 07:22:05.328,8.43882,8.44284,2.41,1.00
2016.03.17 07:22:05.697,8.43882,8.44269,2.41,1.00
2016.03.17 07:22:05.749,8.43882,8.44269,2.41,1.37
2016.03.17 07:22:05.901,8.43842,8.44217,1.75,1.00
2016.03.17 07:22:05.960,8.43842,8.44217,1.75,1.00
2016.03.17 07:22:06.330,8.43842,8.44238,1.75,1.00
2016.03.17 07:22:06.432,8.43842,8.44238,1.75,1.00
2016.03.17 07:22:06.784,8.43842,8.4426,1.75,1.00
2016.03.17 07:22:06.887,8.43842,8.4426,1.75,1.00
2016.03.17 07:22:09.096,8.43851,8.44272,1.75,1.00
2016.03.17 07:22:09.198,8.43866,8.44272,2.25,1.00
2016.03.17 07:22:09.350,8.43865,8.44287,2.25,1.00
2016.03.17 07:22:10.850,8.43883,8.44319,2.41,1.37
2016.03.17 07:22:10.949,8.43883,8.44319,2.41,1.00
2016.03.17 07:22:11.000,8.43912,8.44335,2.41,1.00
2016.03.17 07:22:11.304,8.43912,8.44322,2.41,1.00
2016.03.17 07:22:11.607,8.43852,8.44186,2.41,1.12
2016.03.17 07:22:11.936,8.43832,8.44094,1.00,1.37
2016.03.17 07:22:11.987,8.43832,8.4411,1.00,1.00
2016.03.17 07:22:12.038,8.43832,8.4411,1.50,1.00
2016.03.17 07:22:12.864,8.43832,8.44151,1.50,1.00
2016.03.17 07:22:12.915,8.43832,8.44151,1.75,1.00
2016.03.17 07:22:12.966,8.43832,8.44172,1.75,1.00
2016.03.17 07:22:13.440,8.43832,8.44172,1.75,1.00
2016.03.17 07:22:14.159,8.43832,8.44159,1.75,1.00
2016.03.17 07:22:15.158,8.43832,8.44129,1.75,1.00
2016.03.17 07:22:15.325,8.43783,8.44129,1.75,1.00
2016.03.17 07:22:15.376,8.43783,8.43969,1.75,1.00
2016.03.17 07:22:15.427,8.43783,8.43969,1.75,1.00
2016.03.17 07:22:15.579,8.43782,8.43969,1.00,1.00
2016.03.17 07:22:15.686,8.43783,8.44057,1.00,1.00
2016.03.17 07:22:15.809,8.43783,8.44082,1.00,1.00
2016.03.17 07:22:16.011,8.43782,8.44082,1.37,1.00
2016.03.17 07:22:16.502,8.43783,8.44082,1.75,1.00
2016.03.17 07:22:16.806,8.43782,8.43941,1.00,1.00
2016.03.17 07:22:16.907,8.43782,8.44024,1.00,1.00
2016.03.17 07:22:17.008,8.43782,8.44046,1.00,1.00
2016.03.17 07:22:17.161,8.43712,8.44046,1.75,1.00
2016.03.17 07:22:17.263,8.43712,8.44098,1.75,1.00
2016.03.17 07:22:17.314,8.43712,8.44098,1.75,1.00
2016.03.17 07:22:17.365,8.43741,8.44135,2.25,1.00
2016.03.17 07:22:17.681,8.43739,8.44109,2.25,1.00
2016.03.17 07:22:17.732,8.43739,8.44109,2.25,1.00
2016.03.17 07:22:17.885,8.43713,8.44009,1.75,1.37
2016.03.17 07:22:17.999,8.43713,8.43969,1.75,1.00
2016.03.17 07:22:18.104,8.43712,8.43969,1.50,1.00
2016.03.17 07:22:18.205,8.43713,8.43969,1.75,1.00
2016.03.17 07:22:18.256,8.43713,8.44092,1.75,1.00
2016.03.17 07:22:18.307,8.43713,8.44092,1.75,1.00
2016.03.17 07:22:18.747,8.43712,8.44092,1.75,1.00
2016.03.17 07:22:19.180,8.43712,8.44062,1.75,1.00
2016.03.17 07:22:19.749,8.43712,8.44062,1.75,1.00
2016.03.17 07:22:20.100,8.43712,8.4409,1.75,1.00
2016.03.17 07:22:20.151,8.43712,8.4409,1.75,1.00
2016.03.17 07:22:20.453,8.43712,8.4409,1.75,1.00
2016.03.17 07:22:20.506,8.43712,8.4409,1.75,1.00
2016.03.17 07:22:20.969,8.43712,8.4409,1.75,1.00
2016.03.17 07:22:21.916,8.43712,8.4409,1.75,1.00
2016.03.17 07:22:22.067,8.43725,8.44116,2.25,1.00
2016.03.17 07:22:22.169,8.43724,8.44116,2.25,1.00
2016.03.17 07:22:22.507,8.43712,8.4407,1.75,1.00
2016.03.17 07:22:22.609,8.43712,8.4407,1.75,1.00
2016.03.17 07:22:24.061,8.43712,8.44101,1.75,1.00
2016.03.17 07:22:24.226,8.43712,8.44101,1.75,1.00
2016.03.17 07:22:24.540,8.43722,8.44121,2.41,1.00
2016.03.17 07:22:24.882,8.43722,8.44121,2.41,1.00
2016.03.17 07:22:25.380,8.43722,8.44101,2.41,1.00
2016.03.17 07:22:25.555,8.43722,8.44101,2.41,1.00
2016.03.17 07:22:26.818,8.43722,8.44071,2.41,1.00
2016.03.17 07:22:26.940,8.43722,8.44044,2.41,1.00
2016.03.17 07:22:27.246,8.43722,8.44066,2.41,1.00
2016.03.17 07:22:28.111,8.43722,8.44078,2.41,1.00
2016.03.17 07:22:28.370,8.43722,8.44065,2.41,1.00
2016.03.17 07:22:28.990,8.43722,8.44048,2.41,1.00
2016.03.17 07:22:29.573,8.43722,8.4407,2.41,1.00
2016.03.17 07:22:30.099,8.43753,8.44094,1.35,1.00
2016.03.17 07:22:30.203,8.43777,8.44131,1.35,1.00
2016.03.17 07:22:30.305,8.43777,8.44131,1.35,1.00
2016.03.17 07:22:30.609,8.43777,8.44131,1.35,1.00
2016.03.17 07:22:30.950,8.43777,8.44116,1.35,1.00
2016.03.17 07:22:31.184,8.43777,8.44116,1.35,1.00
2016.03.17 07:22:31.336,8.43777,8.44092,1.35,1.00
2016.03.17 07:22:31.387,8.43777,8.44092,1.35,1.00
2016.03.17 07:22:31.539,8.43777,8.44071,1.35,1.00
2016.03.17 07:22:31.589,8.43773,8.44071,1.35,1.00
2016.03.17 07:22:33.388,8.43773,8.44075,1.35,1.00
2016.03.17 07:22:35.270,8.43773,8.44056,1.35,1.00
2016.03.17 07:22:35.612,8.43745,8.44035,1.35,1.00
2016.03.17 07:22:35.808,8.43745,8.4405,1.35,1.00
2016.03.17 07:22:36.112,8.43772,8.4405,1.35,1.00
2016.03.17 07:22:36.163,8.43772,8.44087,1.35,1.00
2016.03.17 07:22:36.214,8.43777,8.44087,1.35,1.00
2016.03.17 07:22:36.545,8.43777,8.44064,1.35,1.00
2016.03.17 07:22:38.448,8.43777,8.44069,1.35,1.00
2016.03.17 07:22:40.168,8.43777,8.44069,1.35,1.00
2016.03.17 07:22:42.209,8.43777,8.4407,1.35,1.00
2016.03.17 07:22:43.281,8.43773,8.4407,1.60,1.00
2016.03.17 07:22:43.433,8.43773,8.44045,1.60,1.00
2016.03.17 07:22:44.418,8.43773,8.44045,1.00,1.00
2016.03.17 07:22:44.835,8.43773,8.43989,1.00,1.00
2016.03.17 07:22:45.279,8.43772,8.43957,1.00,1.00
2016.03.17 07:22:45.668,8.43722,8.43957,1.00,1.00
2016.03.17 07:22:46.079,8.43722,8.43979,1.00,1.00
2016.03.17 07:22:46.180,8.43722,8.44002,1.10,1.00
2016.03.17 07:22:46.382,8.43722,8.4402,1.10,1.00
2016.03.17 07:22:46.488,8.43722,8.4402,1.07,1.00
2016.03.17 07:22:47.699,8.43722,8.4402,1.75,1.00
2016.03.17 07:22:48.025,8.43722,8.43892,1.75,1.00
2016.03.17 07:22:48.229,8.43643,8.4389,1.00,1.75
2016.03.17 07:22:48.280,8.43552,8.438,1.00,1.00
2016.03.17 07:22:48.330,8.43552,8.438,1.00,1.75
2016.03.17 07:22:48.381,8.43482,8.43904,1.66,1.75
2016.03.17 07:22:48.432,8.43482,8.43904,1.66,1.00
2016.03.17 07:22:48.483,8.43422,8.43947,1.66,1.00
2016.03.17 07:22:48.534,8.43422,8.43947,2.26,1.00
2016.03.17 07:22:48.837,8.43645,8.44066,1.07,1.00
2016.03.17 07:22:49.140,8.43632,8.44158,1.66,1.75
2016.03.17 07:22:49.571,8.43632,8.43906,1.66,1.00
2016.03.17 07:22:49.897,8.43532,8.43906,1.66,1.00
2016.03.17 07:22:49.999,8.43532,8.43906,2.41,1.00
2016.03.17 07:22:50.325,8.43532,8.43878,2.41,1.00
2016.03.17 07:22:50.426,8.43532,8.43878,2.41,1.00
2016.03.17 07:22:50.600,8.43532,8.43878,2.41,1.37
2016.03.17 07:22:50.752,8.43532,8.43859,2.41,1.00
2016.03.17 07:22:50.803,8.43532,8.43831,2.41,1.00
2016.03.17 07:22:50.853,8.43532,8.43831,2.04,1.00
2016.03.17 07:22:50.955,8.43532,8.43831,1.66,1.00
2016.03.17 07:22:51.106,8.43462,8.43831,1.66,1.00
2016.03.17 07:22:51.208,8.43462,8.43831,2.41,1.00
2016.03.17 07:22:52.090,8.43422,8.43781,2.41,1.00
2016.03.17 07:22:52.192,8.43422,8.43781,2.41,1.00
2016.03.17 07:22:52.243,8.43422,8.43751,2.41,1.00
2016.03.17 07:22:52.555,8.43423,8.43751,1.75,1.00
2016.03.17 07:22:52.708,8.43423,8.43751,1.75,1.00
2016.03.17 07:22:53.161,8.43423,8.43751,1.00,1.00
2016.03.17 07:22:53.347,8.43423,8.43968,1.00,2.04
2016.03.17 07:22:53.558,8.43422,8.43753,1.66,1.00
2016.03.17 07:22:53.861,8.43422,8.43753,2.41,1.00
2016.03.17 07:22:53.962,8.43422,8.43753,2.41,1.00
2016.03.17 07:22:54.288,8.43422,8.43731,2.41,1.00
2016.03.17 07:22:54.490,8.43422,8.43731,1.66,1.00
2016.03.17 07:22:54.659,8.43422,8.43731,1.66,1.37
2016.03.17 07:22:54.761,8.43342,8.43837,1.66,1.12
2016.03.17 07:22:54.862,8.43342,8.43687,1.66,1.00
2016.03.17 07:22:55.165,8.43342,8.43687,2.41,1.00
2016.03.17 07:22:55.764,8.43342,8.4366,2.41,1.00
2016.03.17 07:22:55.815,8.43342,8.4366,2.41,1.37
2016.03.17 07:22:55.948,8.43313,8.43618,1.00,1.00
2016.03.17 07:22:56.100,8.43313,8.43618,1.00,1.37
2016.03.17 07:22:56.403,8.43313,8.43593,1.00,1.00
2016.03.17 07:22:56.966,8.43312,8.43593,1.00,1.00
2016.03.17 07:22:58.138,8.43312,8.43596,1.00,1.00
2016.03.17 07:22:58.511,8.43312,8.43581,1.00,1.00
2016.03.17 07:22:58.822,8.43262,8.43568,1.37,1.00
2016.03.17 07:22:59.323,8.43262,8.43568,1.37,1.37
2016.03.17 07:22:59.525,8.43262,8.43534,1.00,1.37
2016.03.17 07:22:59.679,8.43192,8.43497,1.00,1.00
2016.03.17 07:22:59.825,8.43192,8.43488,1.00,1.37
2016.03.17 07:23:00.131,8.43192,8.43488,1.00,1.37
2016.03.17 07:23:00.464,8.43192,8.43466,1.07,1.37
2016.03.17 07:23:01.008,8.43192,8.43466,1.00,1.37
2016.03.17 07:23:01.347,8.43193,8.43466,1.00,1.37
2016.03.17 07:23:01.768,8.43192,8.43466,1.00,1.37
2016.03.17 07:23:01.870,8.43192,8.43494,1.37,1.37
2016.03.17 07:23:02.072,8.43192,8.43511,1.37,1.37
2016.03.17 07:23:02.173,8.43192,8.43511,1.75,1.37
2016.03.17 07:23:03.161,8.43192,8.43541,1.75,1.37
2016.03.17 07:23:03.313,8.43192,8.43553,1.75,1.37
2016.03.17 07:23:03.834,8.43192,8.43553,1.75,1.37
2016.03.17 07:23:03.936,8.43192,8.43553,1.75,1.37
2016.03.17 07:23:04.543,8.43192,8.43523,1.75,1.37
2016.03.17 07:23:04.704,8.43192,8.43523,1.75,1.37
2016.03.17 07:23:04.917,8.43192,8.43504,1.10,1.37
2016.03.17 07:23:05.132,8.43192,8.43463,1.10,1.37
2016.03.17 07:23:05.335,8.43192,8.43463,1.00,1.37
2016.03.17 07:23:05.842,8.43193,8.43463,1.00,1.37
2016.03.17 07:23:06.313,8.43182,8.43427,1.00,1.37
2016.03.17 07:23:07.078,8.43182,8.43427,1.00,1.37
2016.03.17 07:23:07.366,8.43182,8.4348,1.00,1.00
2016.03.17 07:23:07.448,8.43182,8.4348,1.58,1.00
2016.03.17 07:23:07.558,8.43182,8.43501,1.75,1.37
2016.03.17 07:23:07.936,8.43182,8.43501,1.75,1.37
2016.03.17 07:23:08.139,8.43182,8.43501,1.75,1.00
2016.03.17 07:23:08.189,8.43182,8.43533,1.75,1.37
2016.03.17 07:23:08.341,8.43183,8.43556,2.41,1.00
2016.03.17 07:23:08.459,8.43242,8.43556,1.75,1.00
2016.03.17 07:23:08.510,8.43242,8.43589,1.75,1.00
2016.03.17 07:23:08.661,8.43232,8.43589,1.75,1.00
2016.03.17 07:23:08.823,8.43242,8.43619,1.75,1.37
2016.03.17 07:23:08.878,8.43242,8.43619,1.75,1.45
2016.03.17 07:23:09.467,8.43262,8.43619,1.75,1.37
2016.03.17 07:23:09.560,8.43262,8.43619,1.75,1.00
2016.03.17 07:23:09.818,8.43283,8.4366,1.75,1.37
2016.03.17 07:23:09.869,8.43283,8.4366,1.75,1.00
2016.03.17 07:23:10.021,8.43283,8.4366,1.75,1.00
2016.03.17 07:23:10.328,8.43292,8.4366,1.75,1.00
2016.03.17 07:23:10.418,8.43292,8.4366,1.75,1.00
2016.03.17 07:23:10.519,8.43302,8.43682,1.75,1.00
2016.03.17 07:23:10.775,8.43312,8.43682,1.75,1.00
2016.03.17 07:23:10.825,8.43312,8.43704,1.75,1.37
2016.03.17 07:23:10.876,8.43312,8.43704,1.75,1.00
2016.03.17 07:23:10.977,8.43322,8.43704,2.25,1.00
2016.03.17 07:23:11.028,8.43342,8.43727,1.75,1.00
2016.03.17 07:23:11.146,8.43341,8.43764,2.25,1.00
2016.03.17 07:23:11.197,8.43341,8.43764,2.25,1.00
2016.03.17 07:23:11.410,8.43352,8.43764,3.16,1.00
2016.03.17 07:23:11.678,8.43352,8.43764,2.41,1.00
2016.03.17 07:23:13.232,8.43352,8.43737,2.41,1.00
2016.03.17 07:23:14.076,8.43373,8.43737,1.75,1.37
2016.03.17 07:23:14.177,8.43373,8.43704,1.75,1.00
2016.03.17 07:23:14.708,8.43373,8.43704,1.75,1.00
2016.03.17 07:23:14.993,8.43352,8.43679,2.41,1.00
2016.03.17 07:23:15.043,8.43352,8.43679,2.41,1.00
2016.03.17 07:23:15.094,8.43352,8.43665,2.41,1.00
2016.03.17 07:23:15.479,8.43322,8.43665,3.91,1.00
2016.03.17 07:23:16.983,8.43342,8.43665,1.75,1.37
2016.03.17 07:23:17.332,8.43343,8.43656,1.75,1.00
2016.03.17 07:23:18.440,8.43352,8.43656,1.37,1.00
2016.03.17 07:23:18.938,8.43362,8.43638,1.75,1.00
2016.03.17 07:23:19.147,8.43333,8.43638,1.00,1.00
2016.03.17 07:23:19.198,8.43333,8.43609,1.00,1.00
2016.03.17 07:23:19.249,8.43322,8.43609,1.50,1.00
2016.03.17 07:23:20.059,8.43322,8.43581,1.50,1.00
2016.03.17 07:23:20.669,8.43323,8.43602,1.00,1.00
2016.03.17 07:23:20.784,8.43332,8.43602,1.00,1.00
2016.03.17 07:23:20.835,8.43332,8.43624,1.00,1.00
2016.03.17 07:23:21.508,8.43332,8.43608,1.00,1.00
2016.03.17 07:23:21.693,8.43322,8.43608,1.50,1.00
2016.03.17 07:23:22.828,8.43322,8.43587,1.00,1.00
2016.03.17 07:23:23.122,8.43322,8.4364,1.00,1.00
2016.03.17 07:23:23.173,8.43312,8.4364,1.07,1.00
2016.03.17 07:23:23.224,8.43312,8.43686,1.75,1.00
2016.03.17 07:23:23.376,8.43332,8.4371,1.75,1.00
2016.03.17 07:23:23.768,8.43352,8.4371,1.75,1.00
2016.03.17 07:23:24.275,8.43352,8.43687,1.75,1.00
2016.03.17 07:23:24.434,8.43322,8.43687,1.75,1.00
2016.03.17 07:23:25.857,8.43302,8.43678,1.75,1.00
2016.03.17 07:23:25.927,8.43302,8.43678,1.75,1.00
2016.03.17 07:23:32.237,8.43302,8.43668,2.25,1.00
2016.03.17 07:23:32.586,8.43333,8.43698,1.37,1.00
2016.03.17 07:23:32.732,8.43333,8.43698,1.75,1.00
2016.03.17 07:23:33.236,8.43313,8.43698,1.75,1.00
2016.03.17 07:23:33.599,8.43312,8.43669,1.75,1.00
2016.03.17 07:23:34.046,8.43302,8.43669,1.75,1.00
2016.03.17 07:23:35.408,8.43312,8.43684,1.75,1.00
2016.03.17 07:23:35.459,8.43332,8.43728,1.07,1.00
2016.03.17 07:23:35.510,8.43332,8.43728,1.75,1.00
2016.03.17 07:23:35.662,8.43402,8.43765,1.67,1.43
2016.03.17 07:23:35.764,8.43413,8.43765,2.64,1.43
2016.03.17 07:23:36.067,8.43413,8.43765,2.64,1.43
2016.03.17 07:23:36.505,8.43413,8.43765,2.64,1.43
2016.03.17 07:23:36.978,8.43413,8.43765,2.64,1.43
2016.03.17 07:23:37.737,8.43413,8.43753,2.64,1.00
2016.03.17 07:23:40.267,8.43404,8.43758,1.35,1.00
2016.03.17 07:23:41.368,8.43404,8.43737,1.35,1.00
2016.03.17 07:23:41.671,8.43416,8.43781,1.35,1.08
2016.03.17 07:23:41.978,8.43422,8.43782,2.41,1.04
2016.03.17 07:23:42.563,8.43416,8.43782,1.35,1.04
2016.03.17 07:23:42.664,8.43416,8.43781,1.35,2.05
2016.03.17 07:23:42.765,8.43376,8.43781,1.35,1.58
2016.03.17 07:23:42.816,8.43376,8.4376,1.35,1.00
2016.03.17 07:23:43.135,8.43344,8.43708,1.35,1.00
2016.03.17 07:23:43.468,8.43341,8.43687,1.35,1.00
2016.03.17 07:23:44.046,8.43333,8.4371,1.35,1.00
2016.03.17 07:23:44.549,8.43333,8.43688,1.35,1.00
2016.03.17 07:23:44.751,8.43292,8.43664,2.41,1.00
2016.03.17 07:23:44.802,8.43292,8.43632,2.41,1.00
2016.03.17 07:23:44.852,8.43292,8.43632,1.66,1.00
2016.03.17 07:23:45.156,8.43292,8.43656,1.66,1.00
2016.03.17 07:23:45.206,8.43292,8.43656,2.41,1.00
2016.03.17 07:23:47.303,8.43307,8.43656,1.35,1.00
2016.03.17 07:23:47.647,8.43307,8.43656,1.35,1.00
2016.03.17 07:23:47.754,8.43307,8.43659,1.35,1.00
2016.03.17 07:23:47.978,8.43334,8.43683,1.35,1.00
2016.03.17 07:23:48.029,8.43334,8.43683,1.35,1.00
2016.03.17 07:23:48.080,8.43342,8.43695,1.97,1.00
2016.03.17 07:23:48.154,8.43361,8.43695,1.35,1.00
2016.03.17 07:23:48.746,8.43353,8.43695,1.35,1.00
2016.03.17 07:23:50.168,8.43353,8.43689,1.35,1.00
2016.03.17 07:23:51.497,8.43342,8.43689,3.39,1.00
2016.03.17 07:23:52.217,8.43353,8.43689,1.35,1.00
2016.03.17 07:23:52.656,8.43353,8.43683,1.35,1.00
2016.03.17 07:23:53.367,8.43342,8.43639,3.16,1.00
2016.03.17 07:23:53.476,8.43342,8.43639,1.37,1.00
2016.03.17 07:23:53.578,8.43342,8.4362,1.37,1.00
2016.03.17 07:23:53.684,8.43282,8.4362,1.75,1.00
2016.03.17 07:23:53.735,8.43282,8.43593,1.75,1.00
2016.03.17 07:23:53.886,8.43282,8.43593,1.07,1.00
2016.03.17 07:23:55.674,8.43282,8.43593,1.07,1.00
2016.03.17 07:23:56.107,8.43282,8.43572,1.07,1.00
2016.03.17 07:23:56.419,8.43282,8.43572,1.10,1.00
2016.03.17 07:23:57.177,8.43282,8.43572,1.07,1.00
2016.03.17 07:23:57.878,8.43282,8.43551,1.07,1.00
2016.03.17 07:23:58.379,8.43282,8.43551,1.07,1.00
2016.03.17 07:23:59.181,8.43282,8.43551,1.37,1.00
2016.03.17 07:24:00.329,8.43282,8.43566,1.37,1.00
2016.03.17 07:24:00.480,8.43282,8.43566,1.00,1.00
2016.03.17 07:24:00.531,8.43282,8.43512,1.00,1.00
2016.03.17 07:24:01.177,8.43202,8.43512,1.75,1.00
2016.03.17 07:24:01.536,8.43242,8.43538,1.00,1.00
2016.03.17 07:24:01.688,8.43242,8.43538,1.75,1.00
2016.03.17 07:24:02.000,8.43242,8.43538,1.75,1.00
2016.03.17 07:24:02.252,8.43242,8.43538,1.75,1.00
2016.03.17 07:24:02.380,8.43242,8.43562,1.75,1.00
2016.03.17 07:24:02.487,8.43242,8.43562,1.75,1.00
2016.03.17 07:24:02.688,8.43243,8.43562,1.75,1.00
2016.03.17 07:24:03.217,8.43252,8.43562,1.37,1.00
2016.03.17 07:24:03.527,8.43252,8.43562,1.50,1.00
2016.03.17 07:24:03.650,8.43214,8.43634,1.75,1.00
2016.03.17 07:24:03.701,8.43214,8.43634,1.75,1.00
2016.03.17 07:24:04.052,8.43202,8.43613,2.10,1.00
2016.03.17 07:24:04.228,8.43202,8.43613,2.10,1.00
2016.03.17 07:24:04.592,8.43262,8.43524,1.07,1.00
2016.03.17 07:24:04.694,8.43262,8.43524,1.07,1.00
2016.03.17 07:24:05.008,8.43243,8.43524,1.37,1.00
2016.03.17 07:24:06.860,8.43232,8.43516,1.75,1.00
2016.03.17 07:24:07.227,8.43232,8.43516,1.37,1.00
2016.03.17 07:24:07.397,8.43232,8.43516,1.37,1.00
2016.03.17 07:24:07.797,8.43232,8.4361,1.37,1.37
2016.03.17 07:24:07.848,8.43232,8.4361,1.37,1.00
2016.03.17 07:24:07.949,8.43202,8.4361,1.75,1.00
2016.03.17 07:24:08.264,8.43252,8.43529,1.12,1.00
2016.03.17 07:24:08.434,8.43223,8.43529,1.75,1.00
2016.03.17 07:24:09.427,8.43232,8.43529,1.37,1.00
2016.03.17 07:24:09.972,8.43223,8.43529,1.75,1.00
2016.03.17 07:24:10.557,8.43212,8.43527,1.75,1.00
2016.03.17 07:24:11.103,8.43282,8.43527,1.00,1.00
2016.03.17 07:24:12.957,8.43282,8.43521,1.00,1.00
2016.03.17 07:24:15.052,8.43282,8.43521,1.60,1.00
2016.03.17 07:24:15.153,8.43282,8.43586,1.60,1.00
2016.03.17 07:24:15.254,8.43302,8.43665,1.66,1.75
2016.03.17 07:24:15.456,8.43302,8.43602,1.66,1.00
2016.03.17 07:24:15.684,8.43302,8.43602,1.66,1.37
2016.03.17 07:24:15.835,8.43282,8.43596,1.60,1.12
2016.03.17 07:24:16.063,8.43282,8.43571,1.60,1.00
2016.03.17 07:24:16.576,8.43282,8.43634,1.60,1.75
2016.03.17 07:24:16.677,8.43293,8.43634,1.66,1.00
2016.03.17 07:24:16.778,8.43293,8.43634,1.66,1.75
2016.03.17 07:24:17.085,8.43282,8.43589,1.60,1.00
2016.03.17 07:24:17.479,8.43282,8.43564,1.60,1.00
2016.03.17 07:24:17.681,8.43282,8.43586,1.97,1.00
2016.03.17 07:24:17.778,8.43282,8.4357,1.97,1.00
2016.03.17 07:24:18.031,8.43282,8.43601,1.97,1.00
2016.03.17 07:24:18.217,8.43282,8.43601,1.72,1.00
2016.03.17 07:24:19.660,8.43302,8.43601,1.00,1.00
2016.03.17 07:24:19.965,8.43292,8.43599,1.35,1.00
2016.03.17 07:24:21.774,8.43292,8.43625,1.35,1.00
2016.03.17 07:24:22.109,8.43292,8.43603,1.35,1.00
2016.03.17 07:24:22.260,8.43282,8.43603,1.35,1.00
2016.03.17 07:24:24.188,8.43282,8.43601,1.35,1.00
2016.03.17 07:24:25.128,8.43256,8.43581,1.35,1.00
2016.03.17 07:24:25.280,8.43256,8.43614,1.35,1.00
2016.03.17 07:24:25.889,8.43277,8.43614,1.35,1.00
2016.03.17 07:24:27.676,8.43277,8.43604,1.35,1.00
2016.03.17 07:24:28.347,8.43254,8.43604,1.35,1.00
2016.03.17 07:24:28.499,8.43203,8.43604,1.75,1.00
2016.03.17 07:24:28.601,8.43203,8.43576,1.75,1.00
2016.03.17 07:24:28.652,8.43202,8.43576,1.37,1.00
2016.03.17 07:24:29.078,8.43202,8.43576,1.07,1.00
2016.03.17 07:24:29.326,8.43202,8.43551,1.07,1.00
2016.03.17 07:24:29.851,8.43202,8.43551,1.12,1.00
2016.03.17 07:24:33.647,8.43202,8.43536,1.12,1.00
2016.03.17 07:24:33.998,8.43242,8.43536,1.00,1.00
2016.03.17 07:24:35.770,8.43242,8.43554,1.00,1.37
2016.03.17 07:24:36.197,8.43182,8.43576,1.75,1.37
2016.03.17 07:24:36.248,8.43182,8.43576,1.75,1.37
2016.03.17 07:24:37.339,8.43182,8.43607,1.75,1.80
2016.03.17 07:24:38.640,8.43182,8.43591,1.75,1.37
2016.03.17 07:24:39.765,8.43178,8.43591,1.35,1.45
2016.03.17 07:24:40.412,8.43178,8.4358,1.35,1.37
2016.03.17 07:24:40.942,8.43178,8.4358,1.35,1.37
2016.03.17 07:24:41.341,8.43178,8.4358,1.35,1.37
2016.03.17 07:24:42.161,8.43178,8.4358,1.35,1.37
2016.03.17 07:24:43.344,8.43178,8.43587,1.35,1.37
2016.03.17 07:24:45.947,8.43178,8.43586,1.35,1.37
2016.03.17 07:24:46.147,8.43178,8.43586,1.35,1.37
2016.03.17 07:24:46.567,8.43178,8.43586,1.35,1.37
2016.03.17 07:24:47.520,8.43178,8.43559,1.35,1.00
2016.03.17 07:24:47.851,8.43072,8.43484,1.75,1.37
2016.03.17 07:24:47.902,8.43044,8.43484,1.35,1.37
2016.03.17 07:24:48.078,8.43045,8.43453,1.75,1.00
2016.03.17 07:24:48.258,8.43062,8.43498,1.75,1.00
2016.03.17 07:24:48.359,8.43085,8.43529,1.75,1.37
2016.03.17 07:24:48.697,8.43112,8.43529,1.35,1.37
2016.03.17 07:24:48.866,8.43112,8.43529,1.35,1.37
2016.03.17 07:24:49.681,8.43112,8.43529,1.35,1.00
2016.03.17 07:24:50.553,8.43106,8.43529,1.35,1.00
2016.03.17 07:24:50.604,8.43106,8.43511,1.35,1.00
2016.03.17 07:24:50.907,8.43106,8.43467,1.35,1.00
2016.03.17 07:24:51.222,8.43106,8.43493,1.35,1.37
2016.03.17 07:24:51.324,8.43101,8.43493,1.35,1.37
2016.03.17 07:24:51.402,8.43106,8.43493,1.35,1.37
2016.03.17 07:24:51.987,8.43106,8.43514,1.35,1.37
2016.03.17 07:24:52.089,8.43106,8.43514,1.35,1.00
2016.03.17 07:24:52.317,8.43106,8.43495,1.35,1.00
2016.03.17 07:24:53.942,8.43106,8.43495,1.35,1.00
2016.03.17 07:24:54.076,8.43106,8.43514,1.35,1.07
2016.03.17 07:24:54.178,8.43106,8.43514,1.35,1.45
2016.03.17 07:24:54.779,8.43106,8.43493,1.35,1.00
2016.03.17 07:24:54.830,8.43106,8.43493,1.35,1.00
2016.03.17 07:24:56.936,8.43072,8.43495,1.75,1.00
2016.03.17 07:24:59.160,8.43072,8.43498,1.75,1.37
2016.03.17 07:24:59.768,8.43072,8.43498,1.75,1.37
2016.03.17 07:24:59.869,8.43072,8.43476,1.75,1.37
2016.03.17 07:25:00.022,8.43072,8.43449,1.75,1.00
2016.03.17 07:25:00.224,8.43072,8.43449,1.75,1.00
2016.03.17 07:25:00.325,8.43072,8.43449,1.75,1.00
2016.03.17 07:25:00.653,8.43072,8.43471,1.75,1.37
2016.03.17 07:25:00.907,8.43072,8.43471,1.75,1.37
2016.03.17 07:25:01.064,8.43072,8.43471,1.75,1.00
2016.03.17 07:25:02.683,8.43072,8.43473,1.75,1.00
2016.03.17 07:25:04.010,8.43072,8.43473,1.75,1.37
2016.03.17 07:25:05.887,8.43072,8.4341,1.75,2.13
2016.03.17 07:25:06.270,8.43072,8.434,1.75,1.27
2016.03.17 07:25:08.674,8.43072,8.434,1.75,1.27
2016.03.17 07:25:10.341,8.43072,8.434,1.75,1.27
2016.03.17 07:25:10.536,8.43072,8.434,1.75,1.27
2016.03.17 07:25:11.326,8.43072,8.434,1.75,1.27
2016.03.17 07:25:11.769,8.43022,8.434,1.75,2.09
2016.03.17 07:25:11.820,8.43022,8.434,1.75,2.46
2016.03.17 07:25:11.871,8.43022,8.434,1.75,2.46
2016.03.17 07:25:11.972,8.43022,8.43389,1.75,1.80
2016.03.17 07:25:13.277,8.43022,8.43366,1.75,1.37
2016.03.17 07:25:14.078,8.43022,8.43375,1.37,1.45
2016.03.17 07:25:14.387,8.43022,8.43375,1.37,1.37
2016.03.17 07:25:14.488,8.43022,8.43395,1.37,1.95
2016.03.17 07:25:14.952,8.43022,8.43383,1.37,1.18
2016.03.17 07:25:15.297,8.43022,8.43365,1.37,1.00
2016.03.17 07:25:15.348,8.43022,8.43383,1.37,1.18
2016.03.17 07:25:15.856,8.43022,8.43398,1.75,1.03
2016.03.17 07:25:16.805,8.43022,8.43391,1.75,1.58
2016.03.17 07:25:16.856,8.43022,8.43395,1.75,1.95
2016.03.17 07:25:16.907,8.43022,8.43384,1.75,1.18
2016.03.17 07:25:17.591,8.42972,8.43391,1.75,1.33
2016.03.17 07:25:18.697,8.42982,8.43398,1.75,1.03
2016.03.17 07:25:19.476,8.43002,8.434,1.75,1.28
2016.03.17 07:25:20.816,8.42992,8.43391,1.75,1.33
2016.03.17 07:25:20.918,8.42992,8.43285,1.75,1.14
2016.03.17 07:25:21.221,8.43002,8.43285,1.75,1.14
2016.03.17 07:25:22.204,8.42993,8.43285,1.75,1.14
2016.03.17 07:25:22.777,8.42983,8.43285,1.75,1.14
2016.03.17 07:25:22.977,8.42983,8.43285,1.75,1.14
2016.03.17 07:25:23.079,8.42972,8.43285,1.75,1.14
2016.03.17 07:25:23.347,8.42972,8.43285,1.37,1.14
2016.03.17 07:25:23.645,8.42912,8.43285,1.75,1.75
2016.03.17 07:25:23.848,8.42912,8.43285,1.75,2.12
2016.03.17 07:25:25.877,8.42922,8.43285,1.75,1.75
2016.03.17 07:25:26.214,8.42912,8.43285,1.75,1.75
2016.03.17 07:25:26.317,8.42912,8.43285,1.75,1.82
2016.03.17 07:25:26.834,8.42912,8.43285,1.75,1.82
2016.03.17 07:25:27.265,8.42943,8.43285,1.75,1.75
2016.03.17 07:25:27.607,8.42962,8.43285,1.75,1.75
2016.03.17 07:25:27.911,8.43032,8.43285,2.10,1.28
2016.03.17 07:25:28.215,8.42982,8.43295,1.35,1.13
2016.03.17 07:25:28.551,8.42976,8.43295,1.35,1.25
2016.03.17 07:25:28.804,8.42976,8.43295,1.35,1.21
2016.03.17 07:25:29.167,8.42938,8.43295,1.35,1.21
2016.03.17 07:25:29.277,8.42914,8.43283,1.00,1.58
2016.03.17 07:25:29.328,8.42904,8.43283,1.00,1.70
2016.03.17 07:25:29.429,8.42892,8.43283,1.66,1.70
2016.03.17 07:25:29.530,8.42839,8.43283,1.00,1.70
2016.03.17 07:25:29.681,8.42839,8.43283,1.75,1.58
2016.03.17 07:25:30.230,8.4285,8.43294,1.75,1.36
2016.03.17 07:25:30.596,8.42852,8.43268,2.41,1.80
2016.03.17 07:25:30.712,8.42812,8.43175,1.00,1.00
2016.03.17 07:25:30.763,8.42783,8.43175,1.66,1.00
2016.03.17 07:25:30.915,8.42783,8.43175,2.41,1.00
2016.03.17 07:25:31.017,8.42783,8.43157,1.74,1.00
2016.03.17 07:25:31.169,8.42703,8.43151,1.75,1.00
2016.03.17 07:25:31.691,8.42703,8.43151,1.75,1.00
2016.03.17 07:25:31.909,8.42703,8.43151,1.00,1.07
2016.03.17 07:25:32.343,8.42703,8.43151,1.00,1.45
2016.03.17 07:25:32.393,8.42672,8.4311,2.41,1.37
2016.03.17 07:25:32.444,8.42672,8.4311,2.41,1.37
2016.03.17 07:25:33.023,8.42672,8.4311,2.41,1.87
2016.03.17 07:25:33.144,8.42672,8.43086,2.41,1.00
2016.03.17 07:25:33.457,8.42672,8.43021,2.41,1.17
2016.03.17 07:25:33.676,8.42672,8.43021,1.66,1.72
2016.03.17 07:25:34.006,8.42638,8.43021,1.00,1.72
2016.03.17 07:25:34.335,8.42608,8.43021,1.97,1.72
2016.03.17 07:25:34.642,8.42608,8.43021,1.97,1.72
2016.03.17 07:25:35.026,8.42608,8.43021,1.97,1.72
2016.03.17 07:25:41.816,8.42596,8.43,1.72,1.44
2016.03.17 07:25:42.346,8.42622,8.43,1.00,1.44
2016.03.17 07:25:42.397,8.42622,8.43021,1.07,1.31
2016.03.17 07:25:43.149,8.42622,8.43021,1.07,1.69
2016.03.17 07:25:44.170,8.42622,8.43021,1.07,1.31
2016.03.17 07:25:45.160,8.42622,8.43021,1.00,1.31
2016.03.17 07:25:45.212,8.42588,8.43021,1.37,1.96
2016.03.17 07:25:45.263,8.42572,8.42993,1.67,1.37
2016.03.17 07:25:45.599,8.42572,8.42956,1.60,1.00
2016.03.17 07:25:46.563,8.42572,8.42947,1.60,1.00
2016.03.17 07:25:46.909,8.42572,8.42918,1.60,1.37
2016.03.17 07:25:47.438,8.42572,8.42939,1.60,1.37
2016.03.17 07:25:48.540,8.42572,8.42902,1.60,1.00
2016.03.17 07:25:48.591,8.42572,8.42902,1.00,1.00
2016.03.17 07:25:48.879,8.42572,8.42917,1.00,1.00
2016.03.17 07:25:50.269,8.42572,8.42917,1.00,1.43
2016.03.17 07:25:52.332,8.42522,8.42834,1.00,1.03
2016.03.17 07:25:52.998,8.42522,8.42834,1.00,1.03
2016.03.17 07:25:55.983,8.42522,8.42834,1.00,1.03
2016.03.17 07:25:57.286,8.42522,8.42834,1.00,1.03
2016.03.17 07:25:57.789,8.42522,8.42834,1.75,1.03
2016.03.17 07:25:57.986,8.42522,8.42834,1.00,1.03
2016.03.17 07:25:58.987,8.42522,8.42834,1.75,1.03
2016.03.17 07:25:59.762,8.42522,8.42834,2.25,1.03
2016.03.17 07:26:00.126,8.42523,8.42834,1.50,1.03
2016.03.17 07:26:00.541,8.42523,8.42834,1.50,1.03
2016.03.17 07:26:04.146,8.42523,8.42833,1.75,1.06
2016.03.17 07:26:04.805,8.42523,8.42833,1.75,1.06
2016.03.17 07:26:07.148,8.42522,8.42833,1.75,1.06
2016.03.17 07:26:07.665,8.42522,8.42833,1.75,1.06
2016.03.17 07:26:09.645,8.42522,8.42833,1.75,1.06
2016.03.17 07:26:10.716,8.42522,8.42833,1.75,1.06
2016.03.17 07:26:11.276,8.42522,8.42833,1.75,1.06
2016.03.17 07:26:11.845,8.42522,8.42833,1.75,1.06
2016.03.17 07:26:12.163,8.42522,8.42833,1.75,1.06
2016.03.17 07:26:13.605,8.42522,8.42844,2.25,1.39
2016.03.17 07:26:14.107,8.42522,8.42844,2.25,1.39
2016.03.17 07:26:15.767,8.42562,8.42844,1.37,1.39
2016.03.17 07:26:16.083,8.42562,8.42844,1.75,1.39
2016.03.17 07:26:16.630,8.42562,8.42844,1.75,1.39
2016.03.17 07:26:16.978,8.42624,8.42843,1.27,1.47
2016.03.17 07:26:17.883,8.42624,8.42843,1.27,1.47
2016.03.17 07:26:18.135,8.42604,8.42843,1.35,1.47
2016.03.17 07:26:19.789,8.42592,8.42844,1.60,1.03
2016.03.17 07:26:20.917,8.42612,8.42844,1.00,1.03
2016.03.17 07:26:21.026,8.42602,8.42844,1.00,1.03
2016.03.17 07:26:21.128,8.42562,8.42844,1.00,1.03
2016.03.17 07:26:21.229,8.42552,8.42844,1.00,1.03
2016.03.17 07:26:21.381,8.42542,8.42844,1.00,1.30
2016.03.17 07:26:21.566,8.42532,8.42844,1.00,1.30
2016.03.17 07:26:21.776,8.42502,8.42844,1.10,1.68
2016.03.17 07:26:24.276,8.42502,8.42823,1.00,1.18
2016.03.17 07:26:24.327,8.42472,8.42823,1.00,1.18
2016.03.17 07:26:24.631,8.42462,8.4282,1.12,1.75
2016.03.17 07:26:24.732,8.42462,8.4282,1.00,1.75
2016.03.17 07:26:24.884,8.4239,8.42759,1.00,1.12
2016.03.17 07:26:24.935,8.4239,8.4276,1.00,1.37
2016.03.17 07:26:24.986,8.42372,8.4276,1.66,1.37
2016.03.17 07:26:25.301,8.42314,8.4276,1.75,1.37
2016.03.17 07:26:25.411,8.42314,8.42759,1.75,1.12
2016.03.17 07:26:25.736,8.42314,8.4276,1.75,1.75
2016.03.17 07:26:26.065,8.42312,8.4273,2.41,1.00
2016.03.17 07:26:26.167,8.42312,8.4273,2.41,1.07
2016.03.17 07:26:33.756,8.42312,8.42735,2.41,1.00
2016.03.17 07:26:33.890,8.42362,8.42786,2.41,1.75
2016.03.17 07:26:34.615,8.42362,8.42772,2.41,1.37
2016.03.17 07:26:37.060,8.42362,8.42776,2.41,1.00
2016.03.17 07:26:37.162,8.42392,8.42802,2.41,1.07
2016.03.17 07:26:37.585,8.42392,8.42808,1.66,1.75
2016.03.17 07:26:38.135,8.42392,8.42808,2.41,1.07
2016.03.17 07:26:38.946,8.42392,8.42808,1.66,1.75
2016.03.17 07:26:39.345,8.42392,8.428,2.41,1.37
2016.03.17 07:26:40.335,8.42392,8.428,2.41,1.00
2016.03.17 07:26:40.996,8.42392,8.42783,2.41,1.00
2016.03.17 07:26:41.105,8.42392,8.42783,2.04,1.37
2016.03.17 07:26:41.275,8.42392,8.42779,2.04,1.12
2016.03.17 07:26:41.583,8.42392,8.42783,1.66,1.75
2016.03.17 07:26:41.887,8.42392,8.42769,1.66,1.75
2016.03.17 07:26:41.988,8.42332,8.42749,1.66,1.75
2016.03.17 07:26:42.096,8.42303,8.42749,2.79,1.75
2016.03.17 07:26:42.879,8.42303,8.42685,1.66,1.00
2016.03.17 07:26:43.183,8.42303,8.42745,2.41,1.75
2016.03.17 07:26:43.285,8.42303,8.42745,2.41,1.00
2016.03.17 07:26:44.120,8.42303,8.42723,2.41,1.00
2016.03.17 07:26:44.405,8.42303,8.42723,1.66,1.75
2016.03.17 07:26:45.395,8.42303,8.42723,2.41,1.00
2016.03.17 07:26:45.716,8.42303,8.42686,2.41,1.00
2016.03.17 07:26:45.767,8.42253,8.42686,2.41,1.00
2016.03.17 07:26:45.868,8.42253,8.42659,2.41,1.00
2016.03.17 07:26:47.927,8.42253,8.42692,2.41,1.00
2016.03.17 07:26:48.267,8.42259,8.42655,1.75,1.00
2016.03.17 07:26:48.368,8.42253,8.42655,2.41,1.00
2016.03.17 07:26:48.520,8.42298,8.42744,1.00,1.75
2016.03.17 07:26:48.823,8.42412,8.42729,1.66,1.75
2016.03.17 07:26:48.924,8.42323,8.42729,1.66,1.75
2016.03.17 07:26:49.933,8.42323,8.42703,1.74,1.75
2016.03.17 07:26:49.984,8.42323,8.42703,1.74,1.37
2016.03.17 07:26:51.768,8.42323,8.42694,1.66,1.75
2016.03.17 07:26:51.995,8.42323,8.42716,2.04,1.75
2016.03.17 07:26:54.199,8.42323,8.42748,2.41,1.75
2016.03.17 07:26:54.315,8.42323,8.42748,2.41,1.00
2016.03.17 07:26:54.543,8.42384,8.42748,1.00,1.00
2016.03.17 07:26:54.694,8.42384,8.42826,1.00,1.95
2016.03.17 07:26:54.745,8.42384,8.42826,1.00,1.95
2016.03.17 07:26:55.672,8.42384,8.42826,1.75,1.95
2016.03.17 07:26:56.255,8.4241,8.42828,1.07,1.33
2016.03.17 07:26:56.852,8.4241,8.42828,1.07,1.33
2016.03.17 07:26:58.602,8.42527,8.42829,1.00,1.70
2016.03.17 07:26:58.855,8.42471,8.42828,1.00,1.16
2016.03.17 07:26:59.057,8.42448,8.42829,1.00,1.04
2016.03.17 07:26:59.158,8.42448,8.42829,1.07,1.06
2016.03.17 07:26:59.462,8.42427,8.42839,1.75,1.10
2016.03.17 07:26:59.764,8.42427,8.42839,1.75,1.13
2016.03.17 07:27:02.777,8.4241,8.42809,1.00,1.18
2016.03.17 07:27:02.931,8.42386,8.42809,1.75,1.18
2016.03.17 07:27:03.336,8.42415,8.42829,1.07,1.10
2016.03.17 07:27:03.387,8.42415,8.42829,1.07,1.37
2016.03.17 07:27:03.438,8.42415,8.42839,1.75,1.34
2016.03.17 07:27:03.897,8.42423,8.42863,1.75,1.75
2016.03.17 07:27:03.999,8.42462,8.42895,1.66,1.75
2016.03.17 07:27:04.100,8.42462,8.42895,1.66,1.85
2016.03.17 07:27:04.748,8.42462,8.42857,1.66,1.22
2016.03.17 07:27:06.625,8.42432,8.42847,2.04,1.22
2016.03.17 07:27:06.877,8.42432,8.42848,2.41,1.22
2016.03.17 07:27:07.766,8.42432,8.42862,2.41,1.97
2016.03.17 07:27:08.074,8.42467,8.42877,1.75,1.85
2016.03.17 07:27:08.376,8.42511,8.42878,1.00,1.10
2016.03.17 07:27:08.685,8.42537,8.42878,1.75,1.10
2016.03.17 07:27:10.846,8.42537,8.42878,1.75,1.10
2016.03.17 07:27:12.498,8.42557,8.42878,1.75,1.10
2016.03.17 07:27:12.700,8.42625,8.42938,1.75,1.00
2016.03.17 07:27:12.801,8.42625,8.42938,1.75,1.00
2016.03.17 07:27:13.849,8.42625,8.42937,1.75,1.00
2016.03.17 07:27:13.900,8.42625,8.42937,1.75,1.00
2016.03.17 07:27:14.215,8.42625,8.42937,1.75,1.00
2016.03.17 07:27:14.380,8.42603,8.42937,1.75,1.00
2016.03.17 07:27:14.482,8.42603,8.42938,1.00,1.00
2016.03.17 07:27:14.584,8.42527,8.42937,1.75,1.00
2016.03.17 07:27:14.686,8.42581,8.42937,1.75,1.00
2016.03.17 07:27:15.094,8.42581,8.42938,1.75,1.00
2016.03.17 07:27:16.427,8.42561,8.42938,1.75,1.12
2016.03.17 07:27:16.680,8.42545,8.42938,1.75,1.37
2016.03.17 07:27:17.074,8.42545,8.42938,1.75,1.75
2016.03.17 07:27:17.404,8.42545,8.42938,1.75,1.75
2016.03.17 07:27:21.145,8.42553,8.42938,1.75,1.37
2016.03.17 07:27:22.644,8.42553,8.42888,1.75,1.00
2016.03.17 07:27:23.770,8.42536,8.42887,1.75,1.00
2016.03.17 07:27:23.821,8.4252,8.42887,1.75,1.07
2016.03.17 07:27:24.231,8.42551,8.42887,1.75,1.00
2016.03.17 07:27:24.561,8.42551,8.42888,1.75,1.00
2016.03.17 07:27:25.797,8.42551,8.42888,1.75,1.00
2016.03.17 07:27:25.898,8.42509,8.42888,1.75,1.00
2016.03.17 07:27:26.576,8.42524,8.42888,1.75,1.00
2016.03.17 07:27:26.995,8.42539,8.42888,1.75,1.00
2016.03.17 07:27:27.227,8.42539,8.42888,1.00,1.07
2016.03.17 07:27:27.331,8.42539,8.42888,1.75,1.00
2016.03.17 07:27:27.432,8.42539,8.42888,1.75,1.00
2016.03.17 07:27:27.685,8.42511,8.42888,1.75,1.00
2016.03.17 07:27:27.966,8.42511,8.42888,1.75,1.10
2016.03.17 07:27:28.543,8.42482,8.42888,2.41,1.75
2016.03.17 07:27:28.891,8.42482,8.42888,2.41,1.37
2016.03.17 07:27:30.831,8.42452,8.42878,2.41,1.75
2016.03.17 07:27:31.154,8.42452,8.42878,2.41,1.75
2016.03.17 07:27:31.630,8.42418,8.42856,1.75,1.75
2016.03.17 07:27:33.248,8.42422,8.42788,1.75,1.75
2016.03.17 07:27:33.400,8.42422,8.42788,1.75,1.75
2016.03.17 07:27:34.705,8.42402,8.42788,1.75,1.75
2016.03.17 07:27:35.284,8.42412,8.42788,1.75,1.75
2016.03.17 07:27:37.225,8.42415,8.42788,1.75,1.75
2016.03.17 07:27:41.213,8.42422,8.42788,1.75,1.75
2016.03.17 07:27:41.766,8.42501,8.42788,1.00,1.75
2016.03.17 07:27:41.878,8.42482,8.42788,1.37,1.75
2016.03.17 07:27:43.419,8.42594,8.42797,1.00,1.75
2016.03.17 07:27:43.520,8.42642,8.42798,1.00,1.00
2016.03.17 07:27:43.760,8.42578,8.42798,1.00,1.00
2016.03.17 07:27:43.912,8.42422,8.42798,3.16,1.00
2016.03.17 07:27:44.149,8.42437,8.42798,1.75,1.00
2016.03.17 07:27:44.624,8.42459,8.42848,1.75,1.00
2016.03.17 07:27:45.826,8.42459,8.42847,1.75,1.00
2016.03.17 07:27:48.026,8.42459,8.42848,1.75,1.00
2016.03.17 07:27:48.127,8.42452,8.42847,1.75,1.50
2016.03.17 07:27:48.446,8.42434,8.42847,1.75,1.75
2016.03.17 07:27:49.280,8.42528,8.42847,1.24,1.75
2016.03.17 07:27:49.331,8.42556,8.42848,2.19,1.75
2016.03.17 07:27:49.433,8.42556,8.42848,2.19,1.07
2016.03.17 07:27:49.555,8.42556,8.42848,1.70,1.07
2016.03.17 07:27:49.652,8.42527,8.42848,1.12,1.07
2016.03.17 07:27:54.643,8.42454,8.42838,1.75,1.00
2016.03.17 07:27:58.351,8.42455,8.42838,1.75,1.00
2016.03.17 07:27:59.209,8.42472,8.42838,2.41,1.00
2016.03.17 07:28:00.001,8.42478,8.42837,1.75,1.00
2016.03.17 07:28:03.084,8.42478,8.42837,1.75,1.00
2016.03.17 07:28:03.252,8.42495,8.42888,2.25,1.87
2016.03.17 07:28:03.353,8.42504,8.42888,1.75,1.00
2016.03.17 07:28:03.404,8.42504,8.42868,1.75,1.00
2016.03.17 07:28:03.710,8.42506,8.42868,1.75,1.00
2016.03.17 07:28:03.829,8.42506,8.42878,1.75,1.00
2016.03.17 07:28:04.135,8.42526,8.42868,1.75,1.00
2016.03.17 07:28:04.349,8.42506,8.42868,1.75,1.00
2016.03.17 07:28:04.401,8.42506,8.42888,1.75,1.00
2016.03.17 07:28:04.814,8.42525,8.42888,1.75,1.00
2016.03.17 07:28:05.407,8.42525,8.42888,1.75,1.00
2016.03.17 07:28:06.134,8.42545,8.42888,1.75,1.00
2016.03.17 07:28:06.885,8.42554,8.42968,1.75,1.37
2016.03.17 07:28:08.695,8.42581,8.42968,1.75,1.00
2016.03.17 07:28:09.334,8.42559,8.42968,1.75,1.75
2016.03.17 07:28:10.325,8.42584,8.42967,1.75,1.00
2016.03.17 07:28:10.850,8.42602,8.42968,2.41,1.00
2016.03.17 07:28:11.386,8.42602,8.42967,2.41,1.00
2016.03.17 07:28:12.791,8.42602,8.43023,2.41,1.75
2016.03.17 07:28:20.117,8.42591,8.43028,1.75,1.75
2016.03.17 07:28:20.269,8.42562,8.42982,2.41,1.75
2016.03.17 07:28:23.993,8.42555,8.42992,1.75,1.75
2016.03.17 07:28:24.094,8.4259,8.4301,1.75,1.12
2016.03.17 07:28:24.536,8.42605,8.43011,1.75,1.12
2016.03.17 07:28:29.064,8.4262,8.43028,1.75,1.75
2016.03.17 07:28:30.381,8.42627,8.43,1.75,1.12
2016.03.17 07:28:30.482,8.42602,8.42938,2.41,1.00
2016.03.17 07:28:30.684,8.42569,8.42938,1.75,1.00
2016.03.17 07:28:30.786,8.42569,8.42979,1.75,1.75
2016.03.17 07:28:31.252,8.42569,8.42979,1.75,1.37
2016.03.17 07:28:31.670,8.42617,8.43027,1.75,1.00
2016.03.17 07:28:31.884,8.42617,8.43027,1.75,1.00
2016.03.17 07:28:32.354,8.42639,8.43027,1.75,1.00
2016.03.17 07:28:33.011,8.42618,8.43027,1.75,1.37
2016.03.17 07:28:33.112,8.42618,8.43027,1.75,1.00
2016.03.17 07:28:33.654,8.42618,8.43028,1.75,1.37
2016.03.17 07:28:33.878,8.42618,8.43028,1.75,1.00
2016.03.17 07:28:34.181,8.42672,8.43028,1.75,1.00
2016.03.17 07:28:35.082,8.42672,8.43028,1.75,1.00
2016.03.17 07:28:35.664,8.42612,8.43028,2.41,1.00
2016.03.17 07:28:35.992,8.42636,8.43027,1.75,1.00
2016.03.17 07:28:36.273,8.42654,8.43077,1.75,1.00
2016.03.17 07:28:36.526,8.42699,8.43078,1.75,1.00
2016.03.17 07:28:36.627,8.42681,8.43078,1.75,1.00
2016.03.17 07:28:37.035,8.4268,8.43116,1.75,1.00
2016.03.17 07:28:37.188,8.42698,8.43128,1.75,1.37
2016.03.17 07:28:38.013,8.42747,8.43128,1.35,1.37
2016.03.17 07:28:38.354,8.42842,8.43207,1.66,1.75
2016.03.17 07:28:38.506,8.42777,8.43195,1.00,1.75
2016.03.17 07:28:38.557,8.42772,8.43195,1.66,1.75
2016.03.17 07:28:39.364,8.428,8.43208,1.75,1.00
2016.03.17 07:28:39.617,8.42794,8.43207,1.75,1.00
2016.03.17 07:28:39.934,8.42794,8.43208,1.37,1.75
2016.03.17 07:28:40.594,8.42794,8.43208,1.75,1.00
2016.03.17 07:28:41.639,8.4282,8.43208,1.75,1.00
2016.03.17 07:28:42.099,8.4282,8.43228,1.75,1.00
2016.03.17 07:28:42.200,8.4282,8.43228,1.75,1.00
2016.03.17 07:28:42.251,8.42954,8.43228,1.00,1.00
2016.03.17 07:28:42.554,8.43028,8.43227,1.00,1.75
2016.03.17 07:28:42.655,8.42863,8.43228,1.00,1.75
2016.03.17 07:28:42.706,8.42863,8.43227,1.00,1.75
2016.03.17 07:28:42.757,8.42839,8.43227,1.00,1.75
2016.03.17 07:28:42.808,8.42801,8.43227,1.00,1.75
2016.03.17 07:28:42.859,8.42956,8.43227,1.00,1.75
2016.03.17 07:28:43.060,8.42801,8.43228,1.37,1.75
2016.03.17 07:28:43.111,8.42801,8.43228,1.75,1.37
2016.03.17 07:28:43.666,8.42988,8.43228,1.00,1.00
2016.03.17 07:28:43.719,8.42988,8.4326,1.00,1.00
2016.03.17 07:28:43.770,8.43136,8.43283,1.00,1.07
2016.03.17 07:28:43.972,8.4287,8.43228,1.37,1.00
2016.03.17 07:28:44.098,8.42846,8.43227,1.75,1.00
2016.03.17 07:28:44.354,8.42846,8.43228,1.75,1.00
2016.03.17 07:28:44.885,8.42846,8.43227,1.75,1.00
2016.03.17 07:28:45.114,8.4282,8.43227,1.37,1.37
2016.03.17 07:28:45.451,8.4284,8.43227,1.75,1.00
2016.03.17 07:28:45.779,8.4284,8.43228,1.75,1.00
2016.03.17 07:28:45.830,8.4284,8.43276,1.75,1.75
2016.03.17 07:28:45.981,8.42856,8.43278,1.75,1.00
2016.03.17 07:28:47.097,8.42832,8.43268,1.37,1.75
2016.03.17 07:28:47.638,8.42832,8.43268,1.75,1.00
2016.03.17 07:28:48.264,8.4286,8.43278,1.07,1.37
2016.03.17 07:28:48.593,8.42833,8.43267,1.75,1.00
2016.03.17 07:28:48.945,8.4281,8.43246,1.75,1.75
2016.03.17 07:28:49.255,8.43072,8.43223,3.22,1.07
2016.03.17 07:28:49.457,8.43057,8.43245,1.00,1.00
2016.03.17 07:28:49.508,8.43057,8.43278,1.00,1.75
2016.03.17 07:28:49.559,8.42902,8.43278,1.66,1.75
2016.03.17 07:28:49.610,8.42877,8.43278,1.75,1.00
2016.03.17 07:28:49.711,8.42831,8.43267,1.75,1.00
2016.03.17 07:28:50.184,8.42831,8.43267,1.75,1.00
2016.03.17 07:28:50.607,8.42869,8.43278,1.75,1.00
2016.03.17 07:28:51.574,8.42846,8.43278,1.75,1.37
2016.03.17 07:28:53.021,8.42821,8.43257,1.75,1.00
2016.03.17 07:28:53.333,8.42821,8.43257,1.75,1.00
2016.03.17 07:28:53.670,8.42962,8.43257,1.00,1.00
2016.03.17 07:28:53.972,8.43005,8.43304,1.00,1.75
2016.03.17 07:28:54.023,8.42942,8.43304,1.66,1.75
2016.03.17 07:28:54.075,8.42942,8.43278,1.66,1.00
2016.03.17 07:28:54.176,8.42942,8.43332,2.41,1.00
2016.03.17 07:28:54.227,8.42942,8.43338,2.41,1.00
2016.03.17 07:28:54.666,8.42967,8.43403,1.75,1.44
2016.03.17 07:28:54.768,8.42995,8.43431,1.75,1.07
2016.03.17 07:28:54.870,8.42995,8.43431,1.75,1.00
2016.03.17 07:28:55.001,8.42995,8.43402,1.75,1.20
2016.03.17 07:28:55.067,8.42995,8.43431,1.75,1.00
2016.03.17 07:28:55.118,8.42995,8.43431,1.75,1.07
2016.03.17 07:28:55.274,8.42995,8.43402,1.75,1.30
2016.03.17 07:28:55.375,8.42995,8.43402,1.37,1.30
2016.03.17 07:28:55.505,8.42995,8.43431,1.37,1.20
2016.03.17 07:28:55.657,8.42995,8.43431,1.00,1.75
2016.03.17 07:28:55.863,8.42995,8.43431,1.07,1.00
2016.03.17 07:28:56.664,8.42995,8.43431,1.75,1.00
2016.03.17 07:28:56.873,8.42991,8.43427,1.00,1.75
2016.03.17 07:28:57.223,8.42967,8.43403,1.37,1.75
2016.03.17 07:28:57.333,8.42967,8.43403,1.00,1.75
2016.03.17 07:28:57.680,8.42967,8.43403,1.75,1.75
2016.03.17 07:28:58.433,8.42967,8.43403,1.75,1.00
2016.03.17 07:28:58.628,8.42967,8.43403,1.75,1.37
2016.03.17 07:29:00.168,8.43002,8.43436,1.75,1.75
2016.03.17 07:29:00.408,8.43016,8.43452,1.75,1.37
2016.03.17 07:29:00.627,8.43016,8.43428,1.75,1.00
2016.03.17 07:29:02.283,8.43002,8.43428,1.75,1.37
2016.03.17 07:29:05.132,8.42961,8.43396,1.37,1.75
2016.03.17 07:29:05.334,8.42941,8.43375,1.07,1.75
2016.03.17 07:29:05.435,8.42941,8.43375,1.00,1.75
2016.03.17 07:29:05.554,8.42909,8.43343,1.75,1.75
2016.03.17 07:29:06.916,8.42926,8.43362,1.75,1.75
2016.03.17 07:29:07.018,8.42941,8.43377,1.75,1.75
2016.03.17 07:29:07.123,8.42941,8.43377,1.75,1.00
2016.03.17 07:29:07.225,8.42963,8.43398,1.75,1.50
2016.03.17 07:29:10.531,8.42958,8.43397,1.75,1.75
2016.03.17 07:29:11.743,8.42933,8.43369,1.75,1.75
2016.03.17 07:29:15.772,8.42949,8.43348,1.75,1.00
2016.03.17 07:29:17.977,8.42971,8.43348,1.75,1.00
2016.03.17 07:29:18.078,8.42992,8.43408,1.37,1.75
2016.03.17 07:29:18.129,8.42992,8.43408,1.75,1.00
2016.03.17 07:29:18.437,8.43037,8.43408,1.75,1.00
2016.03.17 07:29:18.790,8.43026,8.43408,1.75,1.00
2016.03.17 07:29:19.094,8.42992,8.43408,2.41,1.75
2016.03.17 07:29:19.792,8.42992,8.43387,2.41,1.00
2016.03.17 07:29:19.843,8.42992,8.43387,2.04,1.37
2016.03.17 07:29:20.067,8.42952,8.43387,1.07,1.75
2016.03.17 07:29:20.403,8.42952,8.43387,1.75,1.07
2016.03.17 07:29:20.620,8.42952,8.43387,1.75,1.00
2016.03.17 07:29:20.935,8.42952,8.43387,1.75,1.00
2016.03.17 07:29:21.394,8.42952,8.43387,1.75,1.37
2016.03.17 07:29:21.634,8.42952,8.43387,1.75,1.37
2016.03.17 07:29:21.809,8.42924,8.43361,1.75,1.00
2016.03.17 07:29:21.860,8.42924,8.43361,1.75,1.00
2016.03.17 07:29:22.012,8.42921,8.43342,1.75,1.00
2016.03.17 07:29:22.192,8.42921,8.43342,1.75,1.00
2016.03.17 07:29:23.150,8.42905,8.43342,1.75,1.00
2016.03.17 07:29:23.753,8.4293,8.43367,1.75,1.00
2016.03.17 07:29:23.905,8.42955,8.43377,1.37,1.66
2016.03.17 07:29:23.956,8.42955,8.43377,1.75,1.66
2016.03.17 07:29:24.057,8.42955,8.43392,1.75,1.00
2016.03.17 07:29:24.743,8.42978,8.43408,1.75,1.37
2016.03.17 07:29:24.794,8.42978,8.43408,1.75,1.00
2016.03.17 07:29:25.382,8.42978,8.43408,1.37,1.75
2016.03.17 07:29:26.380,8.42978,8.43408,1.75,1.75
2016.03.17 07:29:26.753,8.42978,8.43408,1.75,1.00
2016.03.17 07:29:27.225,8.42971,8.43408,1.75,1.87
2016.03.17 07:29:27.275,8.4297,8.43385,1.75,1.00
2016.03.17 07:29:27.326,8.4297,8.43385,1.75,1.50
2016.03.17 07:29:27.660,8.4297,8.43385,1.00,1.75
2016.03.17 07:29:27.761,8.42948,8.43385,1.37,1.75
2016.03.17 07:29:28.913,8.42918,8.43355,1.75,1.75
2016.03.17 07:29:33.412,8.42911,8.43338,1.75,1.00
2016.03.17 07:29:37.737,8.42904,8.43337,1.75,1.00
2016.03.17 07:29:41.641,8.42909,8.43338,1.75,1.00
2016.03.17 07:29:42.191,8.42904,8.43337,1.35,1.50
2016.03.17 07:29:42.394,8.42925,8.43337,1.75,1.00
2016.03.17 07:29:42.618,8.42925,8.43358,1.75,1.00
2016.03.17 07:29:43.602,8.42925,8.43358,1.75,1.00
2016.03.17 07:29:45.598,8.42925,8.43358,1.75,1.00
2016.03.17 07:29:46.752,8.42913,8.43344,1.35,1.00
2016.03.17 07:29:48.721,8.42913,8.43348,1.35,1.66
2016.03.17 07:29:51.775,8.42913,8.43348,1.35,2.04
2016.03.17 07:29:52.662,8.42913,8.43308,1.35,1.00
2016.03.17 07:29:54.741,8.42925,8.43308,1.75,1.00
2016.03.17 07:30:01.566,8.4289,8.43308,1.75,1.00
2016.03.17 07:30:01.667,8.42885,8.43308,1.75,2.25
2016.03.17 07:30:01.899,8.42876,8.43308,1.75,1.07
2016.03.17 07:30:02.203,8.42872,8.43291,2.41,1.75
2016.03.17 07:30:02.507,8.4285,8.43276,1.75,1.12
2016.03.17 07:30:02.659,8.4285,8.43276,1.50,1.12
2016.03.17 07:30:02.859,8.4285,8.43287,1.75,1.47
2016.03.17 07:30:03.384,8.4285,8.43287,1.75,1.47
2016.03.17 07:30:04.196,8.4285,8.43268,1.37,1.37
2016.03.17 07:30:06.380,8.42829,8.43231,1.07,1.37
2016.03.17 07:30:06.532,8.42829,8.43218,1.00,1.75
2016.03.17 07:30:06.583,8.42763,8.43188,2.41,1.87
2016.03.17 07:30:06.634,8.42763,8.43182,2.04,1.12
2016.03.17 07:30:06.785,8.42718,8.43156,1.75,1.37
2016.03.17 07:30:06.836,8.42718,8.43156,1.75,1.75
2016.03.17 07:30:07.393,8.42716,8.43138,1.37,1.37
2016.03.17 07:30:07.583,8.42682,8.43124,3.16,1.37
2016.03.17 07:30:07.735,8.42682,8.43124,3.16,1.75
2016.03.17 07:30:08.746,8.42682,8.43124,1.75,1.75
2016.03.17 07:30:08.948,8.42661,8.43088,1.50,1.75
2016.03.17 07:30:09.651,8.42638,8.43078,1.75,1.45
2016.03.17 07:30:10.050,8.42623,8.43047,2.04,1.12
2016.03.17 07:30:10.385,8.42624,8.43054,1.75,1.37
2016.03.17 07:30:10.903,8.42642,8.43059,1.75,1.37
2016.03.17 07:30:12.549,8.42655,8.43072,1.75,1.37
2016.03.17 07:30:13.955,8.42668,8.43072,1.75,1.37
2016.03.17 07:30:14.324,8.42646,8.43041,1.75,1.37
2016.03.17 07:30:14.633,8.42646,8.43041,1.75,1.37
2016.03.17 07:30:15.024,8.42667,8.43077,1.07,1.75
2016.03.17 07:30:15.075,8.42627,8.43043,1.75,1.75
2016.03.17 07:30:15.328,8.42627,8.43043,1.75,1.37
2016.03.17 07:30:15.439,8.42627,8.43043,1.75,1.37
2016.03.17 07:30:16.670,8.42627,8.43043,1.75,1.37
2016.03.17 07:30:17.153,8.42648,8.43043,1.75,1.37
2016.03.17 07:30:18.565,8.42648,8.43043,1.75,1.37
2016.03.17 07:30:21.051,8.42625,8.43043,1.75,1.37
2016.03.17 07:30:21.152,8.42625,8.43043,1.75,1.37
2016.03.17 07:30:21.427,8.42647,8.43043,1.75,1.37
2016.03.17 07:30:21.775,8.42664,8.43077,1.75,1.37
2016.03.17 07:30:22.374,8.42664,8.43077,1.75,1.37
2016.03.17 07:30:24.864,8.42663,8.43035,1.37,1.37
2016.03.17 07:30:26.385,8.42644,8.43045,1.75,1.37
2016.03.17 07:30:26.622,8.42644,8.43045,1.10,1.37
2016.03.17 07:30:27.167,8.42645,8.43045,1.00,1.37
2016.03.17 07:30:27.450,8.42645,8.43045,1.00,1.37
2016.03.17 07:30:27.989,8.42623,8.43045,2.41,1.37
2016.03.17 07:30:28.891,8.42637,8.43045,1.07,1.37
2016.03.17 07:30:29.581,8.42666,8.43037,1.00,1.37
2016.03.17 07:30:29.632,8.42666,8.43037,1.37,1.37
2016.03.17 07:30:29.942,8.42666,8.43037,1.75,1.37
2016.03.17 07:30:30.277,8.42666,8.43037,1.75,1.37
2016.03.17 07:30:31.722,8.42674,8.43092,1.75,1.37
2016.03.17 07:30:32.297,8.42687,8.43098,1.75,1.37
2016.03.17 07:30:32.463,8.42687,8.43098,1.75,1.75
2016.03.17 07:30:33.355,8.4267,8.43083,1.75,1.45
2016.03.17 07:30:34.229,8.42652,8.43074,2.41,1.12
2016.03.17 07:30:34.453,8.42688,8.43077,1.75,1.75
2016.03.17 07:30:34.756,8.42733,8.43148,1.75,1.75
2016.03.17 07:30:35.059,8.42731,8.43138,1.75,1.12
2016.03.17 07:30:35.882,8.42708,8.43127,1.75,1.37
2016.03.17 07:30:36.487,8.42708,8.43127,1.75,1.37
2016.03.17 07:30:36.538,8.42708,8.43127,1.75,1.37
2016.03.17 07:30:37.878,8.42756,8.43073,1.75,1.00
2016.03.17 07:30:38.383,8.42733,8.43073,1.75,1.00
2016.03.17 07:30:38.725,8.42733,8.43073,1.75,1.00
2016.03.17 07:30:39.042,8.42796,8.43073,1.75,1.00
2016.03.17 07:30:39.193,8.42796,8.431,1.75,1.00
2016.03.17 07:30:39.396,8.42776,8.431,1.75,1.00
2016.03.17 07:30:39.522,8.42776,8.43075,1.75,1.00
2016.03.17 07:30:39.624,8.42776,8.43075,1.75,1.00
2016.03.17 07:30:39.675,8.42752,8.43068,2.41,1.00
2016.03.17 07:30:39.827,8.42746,8.43068,1.75,1.00
2016.03.17 07:30:39.963,8.42746,8.43068,1.75,1.00
2016.03.17 07:30:40.263,8.42731,8.43068,1.75,1.00
2016.03.17 07:30:40.593,8.42731,8.43068,1.75,1.00
2016.03.17 07:30:40.917,8.42782,8.43068,1.75,1.00
2016.03.17 07:30:41.473,8.42782,8.43071,1.75,1.00
2016.03.17 07:30:41.986,8.42762,8.43072,1.75,1.00
2016.03.17 07:30:42.782,8.42743,8.43072,1.75,1.00
2016.03.17 07:30:42.902,8.42743,8.43072,1.75,1.00
2016.03.17 07:30:44.974,8.4275,8.43072,1.75,1.37
2016.03.17 07:30:45.324,8.4275,8.43072,1.75,1.37
2016.03.17 07:30:46.268,8.42793,8.43077,1.75,1.00
2016.03.17 07:30:46.678,8.42802,8.43077,1.75,1.00
2016.03.17 07:30:46.983,8.42803,8.43174,1.75,1.47
2016.03.17 07:30:47.084,8.42808,8.43174,1.75,1.37
2016.03.17 07:30:47.629,8.42831,8.43217,1.75,1.37
2016.03.17 07:30:48.078,8.42822,8.43217,2.41,1.00
2016.03.17 07:30:48.179,8.42876,8.43268,1.37,1.37
2016.03.17 07:30:48.637,8.42876,8.43268,1.75,1.37
2016.03.17 07:30:49.298,8.42876,8.43268,1.75,1.37
2016.03.17 07:30:49.630,8.42876,8.43268,1.75,1.37
2016.03.17 07:30:50.619,8.42876,8.43268,1.75,1.37
2016.03.17 07:30:51.145,8.42857,8.43261,1.37,1.37
2016.03.17 07:30:51.795,8.4283,8.43266,1.75,1.45
2016.03.17 07:30:52.396,8.4283,8.43233,1.75,1.29
2016.03.17 07:30:52.598,8.42863,8.43268,1.75,1.12
2016.03.17 07:30:52.792,8.42913,8.43268,1.66,1.12
2016.03.17 07:30:53.343,8.42882,8.43268,2.79,1.12
2016.03.17 07:30:55.132,8.42889,8.43268,1.75,1.00
2016.03.17 07:30:55.182,8.42909,8.43316,1.07,1.37
2016.03.17 07:30:55.572,8.42909,8.43328,1.75,1.37
2016.03.17 07:30:56.321,8.42925,8.43328,1.75,1.00
2016.03.17 07:30:58.071,8.42945,8.43328,1.00,1.37
2016.03.17 07:30:58.795,8.42942,8.43328,1.66,1.37
2016.03.17 07:31:04.772,8.42912,8.43328,2.41,1.37
2016.03.17 07:31:05.222,8.42912,8.43318,1.74,1.75
2016.03.17 07:31:06.545,8.42912,8.43318,2.41,1.37
2016.03.17 07:31:09.532,8.42912,8.43317,1.74,1.75
2016.03.17 07:31:09.927,8.42912,8.43275,1.66,1.75
2016.03.17 07:31:09.979,8.42863,8.43275,2.04,1.75
2016.03.17 07:31:13.592,8.42832,8.43208,2.41,1.00
2016.03.17 07:31:13.693,8.42832,8.43208,2.04,1.37
2016.03.17 07:31:13.946,8.42832,8.43208,2.41,1.60
2016.03.17 07:31:14.148,8.42772,8.43163,1.66,1.75
2016.03.17 07:31:14.573,8.42772,8.43184,2.04,1.37
2016.03.17 07:31:14.726,8.42772,8.43184,2.04,1.75
2016.03.17 07:31:16.591,8.42772,8.43166,1.66,1.75
2016.03.17 07:31:17.103,8.42742,8.43166,2.04,1.75
2016.03.17 07:31:19.007,8.42742,8.43112,1.66,1.75
2016.03.17 07:31:19.071,8.42713,8.43112,1.74,1.75
2016.03.17 07:31:29.166,8.42713,8.43038,1.74,1.00
2016.03.17 07:31:30.434,8.42715,8.43037,1.07,1.00
2016.03.17 07:31:30.889,8.42713,8.43038,1.66,1.00
2016.03.17 07:31:31.430,8.42713,8.43037,1.66,1.00
2016.03.17 07:31:31.675,8.42713,8.43028,1.66,1.00
2016.03.17 07:31:31.840,8.42672,8.43028,2.41,1.00
2016.03.17 07:31:32.662,8.42672,8.43028,2.04,1.00
2016.03.17 07:31:39.565,8.42631,8.43027,1.75,1.00
2016.03.17 07:31:39.666,8.42604,8.43027,1.75,1.00
2016.03.17 07:31:40.691,8.42604,8.43027,1.75,1.37
2016.03.17 07:31:40.742,8.42604,8.43012,1.75,1.00
2016.03.17 07:31:40.902,8.42604,8.43023,1.75,1.07
2016.03.17 07:31:41.072,8.42631,8.43023,1.00,1.07
2016.03.17 07:31:41.397,8.42631,8.43028,1.75,1.00
2016.03.17 07:31:41.724,8.42632,8.43008,1.75,1.00
2016.03.17 07:31:41.875,8.42632,8.43008,1.75,1.00
2016.03.17 07:31:42.404,8.42632,8.43007,1.75,1.00
2016.03.17 07:31:43.636,8.42632,8.43007,1.12,1.00
2016.03.17 07:31:49.155,8.4262,8.43007,1.75,1.00
2016.03.17 07:31:51.596,8.4263,8.42998,1.75,1.00
2016.03.17 07:31:57.926,8.42627,8.42998,1.37,1.00
2016.03.17 07:31:58.286,8.42627,8.42998,1.75,1.00
2016.03.17 07:31:59.353,8.4265,8.42998,1.37,1.00
2016.03.17 07:31:59.518,8.4265,8.43048,1.37,1.07
2016.03.17 07:31:59.569,8.4265,8.43048,1.75,1.00
2016.03.17 07:31:59.878,8.42674,8.43048,1.75,1.00
2016.03.17 07:31:59.929,8.42674,8.43108,1.75,1.07
2016.03.17 07:32:02.301,8.42661,8.43096,1.75,1.00
2016.03.17 07:32:02.352,8.42661,8.43077,1.75,1.00
2016.03.17 07:32:02.756,8.42676,8.43108,1.75,1.37
2016.03.17 07:32:02.908,8.42697,8.43108,1.75,1.37
2016.03.17 07:32:04.801,8.42718,8.43108,1.75,1.00
2016.03.17 07:32:06.283,8.42729,8.43108,1.75,1.00
2016.03.17 07:32:06.384,8.42694,8.43108,1.75,1.07
2016.03.17 07:32:08.332,8.42694,8.43099,1.75,1.00
2016.03.17 07:32:08.879,8.42689,8.43108,1.75,1.07
2016.03.17 07:32:09.753,8.42671,8.43087,1.75,1.00
2016.03.17 07:32:10.058,8.42686,8.43068,1.75,1.00
2016.03.17 07:32:10.933,8.42686,8.43068,1.75,1.00
2016.03.17 07:32:12.725,8.42703,8.43068,1.75,1.00
2016.03.17 07:32:13.813,8.4274,8.43068,1.75,1.00
2016.03.17 07:32:14.174,8.4274,8.43068,1.75,1.00
2016.03.17 07:32:14.841,8.42758,8.43067,1.37,1.00
2016.03.17 07:32:15.328,8.4283,8.43068,1.60,1.00
2016.03.17 07:32:15.430,8.4283,8.43188,1.60,1.00
2016.03.17 07:32:15.480,8.4283,8.43188,1.60,1.75
2016.03.17 07:32:15.531,8.42849,8.43187,1.00,1.75
2016.03.17 07:32:15.733,8.42784,8.43188,1.00,1.75
2016.03.17 07:32:16.870,8.42784,8.43188,1.37,1.37
2016.03.17 07:32:17.226,8.42764,8.43188,1.37,1.75
2016.03.17 07:32:17.578,8.42728,8.43164,1.37,1.75
2016.03.17 07:32:17.735,8.4275,8.43166,1.00,1.75
2016.03.17 07:32:17.910,8.4275,8.43166,1.75,1.75
2016.03.17 07:32:18.802,8.42782,8.43145,1.00,1.37
2016.03.17 07:32:19.004,8.42782,8.43175,1.37,1.37
2016.03.17 07:32:21.892,8.42855,8.43175,1.00,1.37
2016.03.17 07:32:22.061,8.42772,8.43175,1.75,1.37
2016.03.17 07:32:24.257,8.42772,8.43175,1.75,1.07
2016.03.17 07:32:25.151,8.42796,8.43168,1.37,1.00
2016.03.17 07:32:25.275,8.42796,8.43188,1.37,1.37
2016.03.17 07:32:25.356,8.42796,8.43127,1.37,1.00
2016.03.17 07:32:29.310,8.42773,8.43127,1.07,1.00
2016.03.17 07:32:29.433,8.42747,8.43108,1.75,1.00
2016.03.17 07:32:29.635,8.42747,8.43107,1.12,1.00
2016.03.17 07:32:30.139,8.42747,8.43108,1.12,1.00
2016.03.17 07:32:31.515,8.42714,8.43108,1.37,1.00
2016.03.17 07:32:31.858,8.42694,8.43108,1.12,1.75
2016.03.17 07:32:32.711,8.42657,8.43094,1.75,1.75
2016.03.17 07:32:32.969,8.42627,8.43064,1.75,1.75
2016.03.17 07:32:33.372,8.4265,8.43089,1.75,1.75
2016.03.17 07:32:34.801,8.42672,8.43095,1.75,1.75
2016.03.17 07:32:35.620,8.42696,8.43023,1.37,1.00
2016.03.17 07:32:35.809,8.42651,8.43024,1.75,1.00
2016.03.17 07:32:35.860,8.42651,8.42967,1.75,1.00
2016.03.17 07:32:36.293,8.42681,8.43017,1.00,1.00
2016.03.17 07:32:36.577,8.42681,8.43017,1.37,1.00
2016.03.17 07:32:37.350,8.42692,8.43017,1.75,1.00
2016.03.17 07:32:37.452,8.42684,8.43005,1.00,1.00
2016.03.17 07:32:37.554,8.42684,8.43005,1.37,1.00
2016.03.17 07:32:37.859,8.42684,8.43005,1.50,1.00
2016.03.17 07:32:38.405,8.42643,8.42964,1.75,1.00
2016.03.17 07:32:38.456,8.42643,8.42964,1.75,1.00
2016.03.17 07:32:38.800,8.42671,8.43005,1.37,1.00
2016.03.17 07:32:39.003,8.4268,8.43005,1.75,1.00
2016.03.17 07:32:39.331,8.42657,8.42983,1.75,1.00
2016.03.17 07:32:39.461,8.42657,8.42983,1.75,1.00
2016.03.17 07:32:39.774,8.42657,8.42991,1.75,1.00
2016.03.17 07:32:40.304,8.42655,8.42991,1.75,1.00
2016.03.17 07:32:40.879,8.42659,8.42991,1.75,1.00
2016.03.17 07:32:42.543,8.42843,8.42991,1.00,1.00
2016.03.17 07:32:42.645,8.42773,8.42991,1.00,1.00
2016.03.17 07:32:42.746,8.42772,8.42991,1.00,1.37
2016.03.17 07:32:43.040,8.42752,8.42991,1.00,1.75
2016.03.17 07:32:43.091,8.42681,8.42991,1.00,1.75
2016.03.17 07:32:43.142,8.42689,8.42991,1.00,1.75
2016.03.17 07:32:43.193,8.42689,8.42991,1.37,1.00
2016.03.17 07:32:43.396,8.42702,8.42991,1.00,1.00
2016.03.17 07:32:43.447,8.4267,8.42991,1.00,1.00
2016.03.17 07:32:43.498,8.4267,8.42991,1.07,1.00
2016.03.17 07:32:43.972,8.4267,8.42991,1.75,1.00
2016.03.17 07:32:44.491,8.42662,8.42991,2.04,1.00
2016.03.17 07:32:44.593,8.42655,8.42991,1.75,1.00
2016.03.17 07:32:44.933,8.42674,8.42991,1.75,1.00
2016.03.17 07:32:46.470,8.42674,8.42991,1.37,1.00
2016.03.17 07:32:48.282,8.42694,8.42991,1.00,1.00
2016.03.17 07:32:48.899,8.42694,8.42991,1.07,1.00
2016.03.17 07:32:49.202,8.4272,8.42991,1.07,1.00
2016.03.17 07:32:51.190,8.42687,8.42991,1.75,1.00
2016.03.17 07:32:53.937,8.42702,8.4283,2.04,1.00
2016.03.17 07:32:54.168,8.42702,8.42856,2.04,1.00
2016.03.17 07:32:54.384,8.42702,8.42856,1.66,1.00
2016.03.17 07:32:54.637,8.42702,8.42858,1.66,1.00
2016.03.17 07:32:54.812,8.4266,8.42858,1.75,1.00
2016.03.17 07:32:55.320,8.4266,8.42857,1.75,1.00
2016.03.17 07:32:55.613,8.4266,8.42852,1.75,1.00
2016.03.17 07:32:56.438,8.4266,8.42848,1.75,1.00
2016.03.17 07:32:56.843,8.4266,8.42843,1.75,1.00
2016.03.17 07:32:57.376,8.42655,8.42843,1.37,1.00
2016.03.17 07:32:57.527,8.42655,8.42857,1.37,1.00
2016.03.17 07:32:57.578,8.42655,8.42857,1.00,1.00
2016.03.17 07:32:57.730,8.42655,8.42844,1.00,1.00
2016.03.17 07:32:58.419,8.42655,8.42855,1.00,1.00
2016.03.17 07:32:58.521,8.42655,8.42848,1.00,1.00
2016.03.17 07:32:58.572,8.42655,8.42854,1.00,1.00
2016.03.17 07:32:58.719,8.42655,8.4285,1.00,1.00
2016.03.17 07:33:00.001,8.42655,8.42869,1.00,1.00
2016.03.17 07:33:00.230,8.42655,8.42854,1.00,1.00
2016.03.17 07:33:00.331,8.42655,8.42935,1.00,1.00
2016.03.17 07:33:00.459,8.42655,8.42991,1.00,1.00
2016.03.17 07:33:00.737,8.42655,8.42757,1.00,0.75
2016.03.17 07:33:00.788,8.42655,8.42759,1.00,1.00
2016.03.17 07:33:00.839,8.42655,8.4276,1.00,1.00
2016.03.17 07:33:01.353,8.42655,8.4272,1.00,1.00
2016.03.17 07:33:01.778,8.42655,8.42716,1.00,1.00
2016.03.17 07:33:02.021,8.42655,8.42717,1.00,1.00
2016.03.17 07:33:02.608,8.42655,8.42716,1.00,1.00
2016.03.17 07:33:03.422,8.42655,8.42715,1.00,1.00
2016.03.17 07:33:03.754,8.42655,8.42709,1.00,1.00
2016.03.17 07:33:05.450,8.42655,8.42783,1.00,1.00
2016.03.17 07:33:05.501,8.42499,8.4264,4.50,1.00
2016.03.17 07:33:05.552,8.42443,8.42599,4.72,0.75
2016.03.17 07:33:05.653,8.42431,8.42567,5.47,1.00
2016.03.17 07:33:05.704,8.4241,8.42594,1.60,1.00
2016.03.17 07:33:05.755,8.4241,8.42577,1.60,1.00
2016.03.17 07:33:05.806,8.4241,8.42773,1.60,1.00
2016.03.17 07:33:05.857,8.42448,8.42773,1.35,1.00
2016.03.17 07:33:05.908,8.42448,8.42803,1.35,1.00
2016.03.17 07:33:05.960,8.42448,8.42803,1.35,1.00
2016.03.17 07:33:06.011,8.42448,8.42789,1.35,1.00
2016.03.17 07:33:06.112,8.42448,8.42812,1.35,1.00
2016.03.17 07:33:06.163,8.42448,8.42812,1.35,1.00
2016.03.17 07:33:07.090,8.42448,8.42839,1.35,1.07
2016.03.17 07:33:08.935,8.42457,8.42839,4.50,1.00
2016.03.17 07:33:09.244,8.42457,8.42856,4.50,1.00
2016.03.17 07:33:10.170,8.42457,8.42868,4.50,1.00
2016.03.17 07:33:10.344,8.42456,8.42893,1.75,1.12
2016.03.17 07:33:10.661,8.42512,8.42893,1.35,1.00
2016.03.17 07:33:12.665,8.42512,8.42901,1.35,1.00
2016.03.17 07:33:12.950,8.42512,8.42871,1.35,1.00
2016.03.17 07:33:14.051,8.42512,8.42903,1.35,1.00
2016.03.17 07:33:14.668,8.42512,8.42888,1.35,1.00
2016.03.17 07:33:17.512,8.42512,8.42888,1.35,1.00
2016.03.17 07:33:17.855,8.42583,8.42888,1.35,1.00
2016.03.17 07:33:17.905,8.42583,8.42958,1.35,1.75
2016.03.17 07:33:19.098,8.42583,8.42707,1.35,1.00
2016.03.17 07:33:19.199,8.42583,8.42732,1.35,1.00
2016.03.17 07:33:19.300,8.42583,8.42719,1.35,1.00
2016.03.17 07:33:19.551,8.42539,8.42711,1.35,1.00
2016.03.17 07:33:19.703,8.42539,8.42706,1.35,1.00
2016.03.17 07:33:19.905,8.42539,8.42703,1.35,1.00
2016.03.17 07:33:19.956,8.42533,8.42702,2.41,1.00
2016.03.17 07:33:20.450,8.42531,8.42696,1.75,1.00
2016.03.17 07:33:20.753,8.42569,8.42696,1.75,1.00
2016.03.17 07:33:20.804,8.42569,8.42826,1.75,1.00
2016.03.17 07:33:20.855,8.42586,8.42833,1.75,1.00
2016.03.17 07:33:20.906,8.42586,8.42833,1.75,1.00
2016.03.17 07:33:20.957,8.42636,8.42958,2.25,1.00
2016.03.17 07:33:21.059,8.42665,8.42958,1.50,1.00
2016.03.17 07:33:21.254,8.42647,8.42957,1.87,1.00
2016.03.17 07:33:21.422,8.42646,8.42991,1.87,1.00
2016.03.17 07:33:21.473,8.42679,8.42991,1.50,1.00
2016.03.17 07:33:21.776,8.42692,8.42991,2.04,1.00
2016.03.17 07:33:22.079,8.42732,8.42991,1.66,1.00
2016.03.17 07:33:22.421,8.42732,8.42991,2.41,1.00
2016.03.17 07:33:22.472,8.42732,8.42991,1.66,1.00
2016.03.17 07:33:22.690,8.42732,8.42991,2.04,1.00
2016.03.17 07:33:22.881,8.42732,8.42991,1.74,1.00
2016.03.17 07:33:24.080,8.42732,8.42991,2.41,1.00
2016.03.17 07:33:25.331,8.42732,8.43078,2.41,1.00
2016.03.17 07:33:25.847,8.42732,8.43077,2.41,1.00
2016.03.17 07:33:26.710,8.42732,8.43059,2.41,1.00
2016.03.17 07:33:26.760,8.42732,8.43059,1.74,1.00
2016.03.17 07:33:27.417,8.42662,8.43059,2.41,1.00
2016.03.17 07:33:28.299,8.42662,8.43048,2.41,1.00
2016.03.17 07:33:28.739,8.42662,8.43052,2.41,1.00
2016.03.17 07:33:29.288,8.42624,8.43038,1.35,1.00
2016.03.17 07:33:30.026,8.42624,8.43018,1.35,1.00
2016.03.17 07:33:30.178,8.42602,8.43007,2.41,1.00
2016.03.17 07:33:30.291,8.42602,8.4301,2.41,1.00
2016.03.17 07:33:30.940,8.42578,8.43008,1.75,1.00
2016.03.17 07:33:31.051,8.42578,8.4301,1.75,1.00
2016.03.17 07:33:31.424,8.42579,8.4301,1.75,1.00
2016.03.17 07:33:31.669,8.42589,8.4301,1.75,1.00
2016.03.17 07:33:31.771,8.42592,8.43018,1.75,1.00
2016.03.17 07:33:32.769,8.42613,8.43018,1.75,1.00
2016.03.17 07:33:35.081,8.42613,8.43018,1.75,1.00
2016.03.17 07:33:35.782,8.42653,8.43018,1.35,1.00
2016.03.17 07:33:36.179,8.42653,8.43017,1.35,1.00
2016.03.17 07:33:37.086,8.42653,8.43017,1.35,1.00
2016.03.17 07:33:37.188,8.42619,8.43017,1.75,1.00
2016.03.17 07:33:37.339,8.42612,8.42999,2.41,1.00
2016.03.17 07:33:37.390,8.42612,8.42999,2.41,1.00
2016.03.17 07:33:39.869,8.42565,8.42995,1.75,1.00
2016.03.17 07:33:40.214,8.42565,8.42968,1.75,1.00
2016.03.17 07:33:40.919,8.42563,8.42968,1.35,1.00
2016.03.17 07:33:42.367,8.42563,8.42968,1.35,1.00
2016.03.17 07:33:42.681,8.42563,8.42952,1.35,1.00
2016.03.17 07:33:42.732,8.42563,8.42934,1.35,1.00
2016.03.17 07:33:42.889,8.42563,8.42934,1.35,1.00
2016.03.17 07:33:43.292,8.42563,8.42909,1.35,1.00
2016.03.17 07:33:43.916,8.42563,8.42909,1.35,1.00
2016.03.17 07:33:44.870,8.42563,8.42909,1.35,1.00
2016.03.17 07:33:44.998,8.42563,8.42938,1.35,1.00
2016.03.17 07:33:45.099,8.42563,8.42938,1.35,1.00
2016.03.17 07:33:45.840,8.42563,8.42921,1.35,1.00
2016.03.17 07:33:46.365,8.42563,8.4292,1.35,1.00
2016.03.17 07:33:46.416,8.42563,8.4292,1.35,1.00
2016.03.17 07:33:46.566,8.42563,8.42938,1.35,1.50
2016.03.17 07:33:46.672,8.42563,8.42938,1.35,1.50
2016.03.17 07:33:47.188,8.42563,8.42911,1.35,1.00
2016.03.17 07:33:47.472,8.42563,8.42931,1.35,1.00
2016.03.17 07:33:47.523,8.42563,8.42938,1.35,1.50
2016.03.17 07:33:47.574,8.42512,8.42923,2.41,1.00
2016.03.17 07:33:47.625,8.42512,8.42923,2.41,1.00
2016.03.17 07:33:47.726,8.42512,8.4289,2.41,1.00
2016.03.17 07:33:48.036,8.42504,8.42866,1.35,1.00
2016.03.17 07:33:48.189,8.42479,8.42866,1.35,1.00
2016.03.17 07:33:48.322,8.42479,8.42888,1.35,1.00
2016.03.17 07:33:48.423,8.42479,8.42888,1.35,1.00
2016.03.17 07:33:48.582,8.42498,8.42909,1.35,1.00
2016.03.17 07:33:49.038,8.42498,8.42888,1.35,1.00
2016.03.17 07:33:49.191,8.42498,8.42888,1.35,1.00
2016.03.17 07:33:49.242,8.42498,8.42868,1.35,1.00
2016.03.17 07:33:49.788,8.42498,8.4288,1.35,1.00
2016.03.17 07:33:50.579,8.42437,8.42861,1.35,1.00
2016.03.17 07:33:51.127,8.42437,8.42857,2.10,1.00
2016.03.17 07:33:51.468,8.42437,8.42857,2.10,1.00
2016.03.17 07:33:51.519,8.42437,8.42861,2.10,1.00
2016.03.17 07:33:51.733,8.42437,8.42857,1.35,1.00
2016.03.17 07:33:52.231,8.42437,8.4284,1.35,1.00
2016.03.17 07:33:52.398,8.42422,8.4284,2.41,1.75
2016.03.17 07:33:52.499,8.42383,8.42818,2.25,1.75
2016.03.17 07:33:52.686,8.42382,8.42799,2.41,1.00
2016.03.17 07:33:52.837,8.42382,8.42783,2.41,1.00
2016.03.17 07:33:53.443,8.42377,8.42783,1.35,1.00
2016.03.17 07:33:53.679,8.42377,8.42783,1.35,1.10
2016.03.17 07:33:54.342,8.42377,8.42783,1.35,1.37
2016.03.17 07:33:55.398,8.42362,8.42766,2.41,1.00
2016.03.17 07:33:55.705,8.42362,8.42766,2.41,1.75
2016.03.17 07:33:56.039,8.42362,8.42766,2.41,1.12
2016.03.17 07:33:56.450,8.42362,8.42766,2.41,1.00
2016.03.17 07:33:58.445,8.42362,8.42754,2.41,1.00
2016.03.17 07:33:58.570,8.42362,8.42766,2.41,1.00
2016.03.17 07:33:59.055,8.42362,8.42753,2.41,1.00
2016.03.17 07:33:59.137,8.42362,8.42766,2.41,1.00
2016.03.17 07:33:59.491,8.42362,8.42779,2.41,1.00
2016.03.17 07:33:59.542,8.4244,8.42779,1.35,1.00
2016.03.17 07:33:59.666,8.4244,8.42847,1.35,1.00
2016.03.17 07:33:59.768,8.42476,8.42847,1.35,1.00
2016.03.17 07:33:59.819,8.42476,8.42858,1.35,1.00
2016.03.17 07:34:00.499,8.42476,8.42858,1.35,1.00
2016.03.17 07:34:00.830,8.42476,8.42827,1.35,1.00
2016.03.17 07:34:00.940,8.42476,8.42858,1.35,1.00
2016.03.17 07:34:01.041,8.42476,8.42858,1.35,1.00
2016.03.17 07:34:01.371,8.42476,8.42858,1.35,1.00
2016.03.17 07:34:01.422,8.42476,8.42828,1.35,1.00
2016.03.17 07:34:01.683,8.42476,8.42858,1.35,1.00
2016.03.17 07:34:01.957,8.42476,8.42815,1.35,1.00
2016.03.17 07:34:02.078,8.42476,8.42858,1.35,1.00
2016.03.17 07:34:02.179,8.42476,8.42816,1.35,1.00
2016.03.17 07:34:02.381,8.42476,8.42858,1.35,1.00
2016.03.17 07:34:02.533,8.42476,8.42852,1.35,1.00
2016.03.17 07:34:02.860,8.42476,8.42828,1.35,1.00
2016.03.17 07:34:02.911,8.42476,8.42828,1.35,1.00
2016.03.17 07:34:03.255,8.42413,8.42828,1.35,1.00
2016.03.17 07:34:03.558,8.42413,8.42801,1.35,1.00
2016.03.17 07:34:03.709,8.42413,8.42801,1.35,1.00
2016.03.17 07:34:04.199,8.42413,8.42828,1.35,1.37
2016.03.17 07:34:04.252,8.42501,8.42828,1.35,1.00
2016.03.17 07:34:04.404,8.42501,8.42887,1.35,1.00
2016.03.17 07:34:04.557,8.42501,8.42865,1.35,1.00
2016.03.17 07:34:04.709,8.42501,8.42888,1.35,1.00
2016.03.17 07:34:05.250,8.42501,8.42888,1.35,1.37
2016.03.17 07:34:05.301,8.42472,8.42861,2.41,1.00
2016.03.17 07:34:05.351,8.42472,8.42861,2.41,1.00
2016.03.17 07:34:05.402,8.42472,8.42876,2.41,1.37
2016.03.17 07:34:05.508,8.42472,8.42837,2.41,1.00
2016.03.17 07:34:05.660,8.42472,8.42876,2.41,1.37
2016.03.17 07:34:05.995,8.42472,8.42876,2.41,1.00
2016.03.17 07:34:06.531,8.42472,8.42864,2.41,1.00
2016.03.17 07:34:06.633,8.42472,8.42876,2.41,1.00
2016.03.17 07:34:06.882,8.42472,8.42876,2.41,1.37
2016.03.17 07:34:07.357,8.42472,8.42864,2.41,1.00
2016.03.17 07:34:07.677,8.42423,8.42852,2.41,1.60
2016.03.17 07:34:07.778,8.42423,8.4272,2.41,1.00
2016.03.17 07:34:07.829,8.42379,8.42718,1.75,1.00
2016.03.17 07:34:08.031,8.42242,8.42638,2.41,1.75
2016.03.17 07:34:08.082,8.42242,8.42608,2.41,1.37
2016.03.17 07:34:08.307,8.42242,8.42606,2.41,1.00
2016.03.17 07:34:08.459,8.42242,8.42623,2.41,1.37
2016.03.17 07:34:08.560,8.42264,8.42662,1.35,1.00
2016.03.17 07:34:08.787,8.42264,8.42668,1.35,1.07
2016.03.17 07:34:08.888,8.42264,8.42668,1.35,1.75
2016.03.17 07:34:12.152,8.42282,8.42645,1.75,1.75
2016.03.17 07:34:14.817,8.42309,8.42653,1.35,1.00
2016.03.17 07:34:14.934,8.42309,8.42707,1.35,1.37
2016.03.17 07:34:15.709,8.42309,8.4267,1.35,1.00
2016.03.17 07:34:15.860,8.42309,8.42724,1.35,1.75
2016.03.17 07:34:15.990,8.42309,8.42733,1.35,1.75
2016.03.17 07:34:17.138,8.42323,8.42737,2.41,1.75
2016.03.17 07:34:17.692,8.42358,8.42737,1.35,1.00
2016.03.17 07:34:18.209,8.42362,8.42738,2.41,1.00
2016.03.17 07:34:18.531,8.42362,8.42738,2.41,1.00
2016.03.17 07:34:18.661,8.42362,8.4279,3.16,1.75
2016.03.17 07:34:19.547,8.42392,8.42746,2.41,1.00
2016.03.17 07:34:21.611,8.42405,8.42746,1.35,1.00
2016.03.17 07:34:21.914,8.42443,8.42746,2.41,1.00
2016.03.17 07:34:22.015,8.42443,8.42769,2.41,1.00
2016.03.17 07:34:22.116,8.42414,8.4274,1.75,1.00
2016.03.17 07:34:22.598,8.42405,8.4274,1.35,1.00
2016.03.17 07:34:22.749,8.42405,8.4274,1.35,1.00
2016.03.17 07:34:22.971,8.42405,8.4274,1.35,1.00
2016.03.17 07:34:23.389,8.42405,8.4274,1.35,1.00
2016.03.17 07:34:23.739,8.42405,8.4274,1.35,1.00
2016.03.17 07:34:23.918,8.42405,8.4274,1.35,1.00
2016.03.17 07:34:24.907,8.42405,8.4274,1.35,1.00
2016.03.17 07:34:24.958,8.42405,8.4274,1.35,1.00
2016.03.17 07:34:25.290,8.42405,8.42732,1.35,1.00
2016.03.17 07:34:26.348,8.42405,8.42732,1.35,1.00
2016.03.17 07:34:26.788,8.42405,8.42732,1.35,1.00
2016.03.17 07:34:26.890,8.42405,8.42732,1.35,1.00
2016.03.17 07:34:29.099,8.42442,8.42732,1.75,1.00
2016.03.17 07:34:31.019,8.42519,8.42732,2.10,1.00
2016.03.17 07:34:31.120,8.42519,8.42798,2.10,1.50
2016.03.17 07:34:31.379,8.42551,8.42808,1.35,1.00
2016.03.17 07:34:31.844,8.42489,8.42808,1.35,1.00
2016.03.17 07:34:31.946,8.42489,8.42758,1.35,1.00
2016.03.17 07:34:32.265,8.42483,8.42738,2.10,1.00
2016.03.17 07:34:32.367,8.42483,8.42748,2.10,1.00
2016.03.17 07:34:32.520,8.42483,8.4276,2.10,1.00
2016.03.17 07:34:33.025,8.4249,8.4276,2.10,1.00
2016.03.17 07:34:36.957,8.4248,8.4276,1.35,1.00
2016.03.17 07:34:38.065,8.42514,8.4276,2.10,1.00
2016.03.17 07:34:38.278,8.42524,8.4276,1.35,1.00
2016.03.17 07:34:38.483,8.42502,8.4276,2.64,1.00
2016.03.17 07:34:40.063,8.42456,8.42741,2.47,1.00
2016.03.17 07:34:44.099,8.42453,8.42741,1.74,1.00
2016.03.17 07:34:44.200,8.42453,8.42826,1.74,1.75
2016.03.17 07:34:45.391,8.42391,8.4278,1.35,1.00
2016.03.17 07:34:45.492,8.42391,8.4278,1.35,1.07
2016.03.17 07:34:45.885,8.42391,8.42751,1.35,1.00
2016.03.17 07:34:48.664,8.42382,8.42745,2.41,1.00
2016.03.17 07:34:48.979,8.42525,8.42798,2.10,1.00
2016.03.17 07:34:49.323,8.42525,8.42787,2.10,1.00
2016.03.17 07:34:49.586,8.42525,8.42797,2.10,1.00
2016.03.17 07:34:50.343,8.42525,8.42778,2.10,1.00
2016.03.17 07:34:50.528,8.42525,8.42788,2.10,1.00
2016.03.17 07:34:51.663,8.42525,8.42787,2.10,1.00
2016.03.17 07:34:52.272,8.42525,8.42788,2.10,1.00
2016.03.17 07:34:53.313,8.42483,8.42792,1.75,1.00
2016.03.17 07:34:53.430,8.42483,8.42796,1.75,1.00
2016.03.17 07:34:53.481,8.42474,8.42796,1.37,1.75
2016.03.17 07:34:54.567,8.42424,8.42742,1.35,1.00
2016.03.17 07:34:54.972,8.42467,8.42742,1.35,1.00
2016.03.17 07:34:55.294,8.42467,8.42742,1.35,1.00
2016.03.17 07:34:55.419,8.42467,8.42742,1.35,1.00
2016.03.17 07:34:56.349,8.42467,8.42868,1.35,1.75
2016.03.17 07:34:56.400,8.42496,8.42868,1.75,1.00
2016.03.17 07:34:56.450,8.42595,8.42868,2.10,1.00
2016.03.17 07:34:56.552,8.42552,8.42868,1.00,1.75
2016.03.17 07:34:56.602,8.42492,8.42762,1.37,1.00
2016.03.17 07:34:56.823,8.42432,8.42785,2.25,1.75
2016.03.17 07:34:56.924,8.42432,8.42785,1.87,1.75
2016.03.17 07:34:57.179,8.42442,8.42763,1.37,1.37
2016.03.17 07:34:58.568,8.42433,8.42718,1.50,1.00
2016.03.17 07:34:58.893,8.42432,8.42718,1.75,1.00
2016.03.17 07:34:59.567,8.42364,8.42718,1.75,1.00
2016.03.17 07:34:59.928,8.42402,8.42718,2.41,1.00
2016.03.17 07:35:00.029,8.42362,8.42718,2.41,1.07
2016.03.17 07:35:00.150,8.42362,8.42718,2.41,1.00
2016.03.17 07:35:00.251,8.42362,8.42721,2.41,1.00
2016.03.17 07:35:00.356,8.4245,8.42721,2.17,1.00
2016.03.17 07:35:00.458,8.42503,8.42797,2.10,1.00
2016.03.17 07:35:00.559,8.42495,8.42808,2.17,1.07
2016.03.17 07:35:00.660,8.42496,8.42808,1.35,1.00
2016.03.17 07:35:00.762,8.42496,8.42778,1.35,1.00
2016.03.17 07:35:00.913,8.42496,8.42808,1.35,1.00
2016.03.17 07:35:00.978,8.42496,8.42818,1.35,1.00
2016.03.17 07:35:01.088,8.42496,8.4282,1.35,1.00
2016.03.17 07:35:01.335,8.42511,8.42795,1.35,1.00
2016.03.17 07:35:01.759,8.42511,8.42759,1.35,1.00
2016.03.17 07:35:08.629,8.42465,8.42602,2.62,1.00
2016.03.17 07:35:08.730,8.42463,8.42617,1.00,1.00
2016.03.17 07:35:08.914,8.42472,8.42617,1.00,1.00
2016.03.17 07:35:09.218,8.42493,8.42595,1.00,1.00
2016.03.17 07:35:09.521,8.42502,8.42596,1.00,1.00
2016.03.17 07:35:09.572,8.42473,8.42591,1.00,1.00
2016.03.17 07:35:10.627,8.42482,8.42596,1.00,1.00
2016.03.17 07:35:10.957,8.42492,8.42603,1.00,1.00
2016.03.17 07:35:11.209,8.42492,8.42623,1.00,1.00
2016.03.17 07:35:11.310,8.42492,8.42619,1.00,1.00
2016.03.17 07:35:11.411,8.42492,8.42736,1.00,1.00
2016.03.17 07:35:11.577,8.42492,8.42846,1.00,1.00
2016.03.17 07:35:11.628,8.42502,8.42846,1.00,1.00
2016.03.17 07:35:11.968,8.42493,8.42644,1.00,1.00
2016.03.17 07:35:12.275,8.42492,8.42612,1.00,1.00
2016.03.17 07:35:12.326,8.42474,8.42609,1.00,1.00
2016.03.17 07:35:12.534,8.42472,8.42596,1.00,1.00
2016.03.17 07:35:12.649,8.4247,8.42605,1.60,1.00
2016.03.17 07:35:13.065,8.4252,8.42613,1.35,1.00
2016.03.17 07:35:14.089,8.42501,8.4261,1.35,1.00
2016.03.17 07:35:14.202,8.42501,8.42602,1.35,1.00
2016.03.17 07:35:14.253,8.42497,8.42595,1.35,1.00
2016.03.17 07:35:14.304,8.42479,8.42595,1.35,1.00
2016.03.17 07:35:14.357,8.42479,8.42594,1.35,1.00
2016.03.17 07:35:14.458,8.42479,8.42692,1.35,1.00
2016.03.17 07:35:14.560,8.42494,8.42793,1.35,1.00
2016.03.17 07:35:14.610,8.42494,8.42778,1.35,1.00
2016.03.17 07:35:14.917,8.42477,8.42601,1.35,1.00
2016.03.17 07:35:15.668,8.42451,8.42575,1.35,1.00
2016.03.17 07:35:15.770,8.4243,8.42564,1.35,1.00
2016.03.17 07:35:16.457,8.4243,8.42557,1.35,1.00
2016.03.17 07:35:17.423,8.42409,8.42694,1.35,1.00
2016.03.17 07:35:17.474,8.42409,8.42688,1.35,1.00
2016.03.17 07:35:17.632,8.42386,8.42678,1.35,1.00
2016.03.17 07:35:17.684,8.42386,8.42668,1.35,1.00
2016.03.17 07:35:17.988,8.42368,8.42524,1.35,1.00
2016.03.17 07:35:18.261,8.4235,8.42524,1.35,1.00
2016.03.17 07:35:18.831,8.4232,8.42525,1.35,1.00
2016.03.17 07:35:19.051,8.4232,8.42517,1.35,1.00
2016.03.17 07:35:19.383,8.42339,8.4251,1.35,1.00
2016.03.17 07:35:19.713,8.42378,8.42494,1.35,1.00
2016.03.17 07:35:20.430,8.42378,8.4259,1.35,1.00
2016.03.17 07:35:20.807,8.42328,8.42475,1.75,1.00
2016.03.17 07:35:20.931,8.42328,8.42477,1.75,1.00
2016.03.17 07:35:21.184,8.42314,8.42479,1.75,1.00
2016.03.17 07:35:21.235,8.42303,8.42471,1.75,1.00
2016.03.17 07:35:21.387,8.42302,8.42476,1.75,1.00
2016.03.17 07:35:21.497,8.42302,8.42478,1.75,1.00
2016.03.17 07:35:21.934,8.42304,8.42477,1.75,1.00
2016.03.17 07:35:22.285,8.42304,8.4247,1.75,1.00
2016.03.17 07:35:22.386,8.42321,8.42461,1.75,1.00
2016.03.17 07:35:22.487,8.42333,8.42471,1.75,1.00
2016.03.17 07:35:22.589,8.42343,8.42463,1.00,1.00
2016.03.17 07:35:22.640,8.42353,8.42471,1.00,1.00
2016.03.17 07:35:23.016,8.42369,8.4248,1.00,1.00
2016.03.17 07:35:23.220,8.42373,8.42481,1.00,1.00
2016.03.17 07:35:23.271,8.42373,8.42483,1.00,1.00
2016.03.17 07:35:23.321,8.42369,8.42479,1.00,1.00
2016.03.17 07:35:23.438,8.42369,8.42612,1.00,1.00
2016.03.17 07:35:23.640,8.42369,8.42678,1.00,1.00
2016.03.17 07:35:23.826,8.42369,8.42485,1.00,1.00
2016.03.17 07:35:23.876,8.42369,8.42511,1.00,1.00
2016.03.17 07:35:24.123,8.42369,8.42503,1.75,1.00
2016.03.17 07:35:24.224,8.42373,8.42477,1.50,1.00
2016.03.17 07:35:24.275,8.42393,8.42492,1.00,1.00
2016.03.17 07:35:24.591,8.42402,8.42498,1.00,1.00
2016.03.17 07:35:24.817,8.42372,8.42477,2.25,1.00
2016.03.17 07:35:24.942,8.42372,8.42616,2.25,1.00
2016.03.17 07:35:24.993,8.42372,8.42616,2.62,1.00
2016.03.17 07:35:25.268,8.42368,8.42674,1.07,1.00
2016.03.17 07:35:25.319,8.42368,8.4263,1.07,1.00
2016.03.17 07:35:25.628,8.42303,8.42622,1.35,1.00
2016.03.17 07:35:25.679,8.42303,8.42626,1.35,1.00
2016.03.17 07:35:25.780,8.42303,8.42626,1.35,1.00
2016.03.17 07:35:26.236,8.42303,8.42599,1.35,1.00
2016.03.17 07:35:26.847,8.42303,8.42599,1.35,1.00
2016.03.17 07:35:27.077,8.42303,8.42546,1.35,1.00
2016.03.17 07:35:27.178,8.42303,8.42574,1.35,1.00
2016.03.17 07:35:27.279,8.42303,8.42604,1.35,1.00
2016.03.17 07:35:27.434,8.42289,8.42604,1.35,1.00
2016.03.17 07:35:27.931,8.42289,8.42578,1.35,1.00
2016.03.17 07:35:28.236,8.42393,8.42676,2.10,1.00
2016.03.17 07:35:28.287,8.42325,8.42676,1.75,1.00
2016.03.17 07:35:28.338,8.42325,8.42615,1.75,1.00
2016.03.17 07:35:28.641,8.42252,8.42538,1.00,1.00
2016.03.17 07:35:28.692,8.42232,8.42538,1.37,1.00
2016.03.17 07:35:28.793,8.42232,8.42609,1.37,1.00
2016.03.17 07:35:29.598,8.42153,8.4259,1.75,1.00
2016.03.17 07:35:30.048,8.42153,8.42553,1.75,1.00
2016.03.17 07:35:30.429,8.42139,8.42553,1.75,1.00
2016.03.17 07:35:32.106,8.42138,8.42571,1.35,1.00
2016.03.17 07:35:32.277,8.42138,8.42556,1.35,1.00
2016.03.17 07:35:32.853,8.42138,8.42566,1.35,1.00
2016.03.17 07:35:32.904,8.42138,8.4254,1.35,1.00
2016.03.17 07:35:33.005,8.42138,8.42558,1.35,1.07
2016.03.17 07:35:33.656,8.42138,8.42534,1.35,1.00
2016.03.17 07:35:34.061,8.42208,8.42534,2.10,1.00
2016.03.17 07:35:34.112,8.42211,8.42538,1.35,1.00
2016.03.17 07:35:34.286,8.42232,8.42547,1.35,1.00
2016.03.17 07:35:34.719,8.42253,8.42558,1.35,1.00
2016.03.17 07:35:34.807,8.42253,8.42548,1.35,1.00
2016.03.17 07:35:35.050,8.42253,8.42558,1.35,1.00
2016.03.17 07:35:35.126,8.42253,8.42531,1.35,1.00
2016.03.17 07:35:35.777,8.42232,8.42531,2.41,1.00
2016.03.17 07:35:35.878,8.42232,8.42531,1.66,1.00
2016.03.17 07:35:40.938,8.42202,8.42531,2.04,1.37
2016.03.17 07:35:41.272,8.42202,8.42531,1.66,1.75
2016.03.17 07:35:41.976,8.42201,8.42531,1.00,1.75
2016.03.17 07:35:42.317,8.42201,8.4253,1.00,1.75
2016.03.17 07:35:42.628,8.42183,8.4251,1.00,1.75
2016.03.17 07:35:43.007,8.42183,8.4251,1.00,1.75
2016.03.17 07:35:43.310,8.42183,8.4251,1.75,1.00
2016.03.17 07:35:43.361,8.42183,8.4251,1.37,1.00
2016.03.17 07:35:43.462,8.42198,8.42542,1.00,1.00
2016.03.17 07:35:44.685,8.42198,8.42542,1.75,1.00
2016.03.17 07:35:45.015,8.42198,8.42542,1.37,1.00
2016.03.17 07:35:45.767,8.42198,8.42542,1.75,1.00
2016.03.17 07:35:46.087,8.42198,8.42542,1.75,1.00
2016.03.17 07:35:47.209,8.42222,8.42542,1.66,1.00
2016.03.17 07:35:47.310,8.42198,8.42542,1.50,1.00
2016.03.17 07:35:47.411,8.42198,8.42542,1.75,1.00
2016.03.17 07:35:47.738,8.42198,8.42542,1.75,1.00
2016.03.17 07:35:48.658,8.42198,8.42542,1.75,1.00
2016.03.17 07:35:48.709,8.4222,8.4255,1.75,1.00
2016.03.17 07:35:48.760,8.4222,8.4255,1.75,1.00
2016.03.17 07:35:49.078,8.42255,8.4255,1.35,1.00
2016.03.17 07:35:49.421,8.42282,8.4255,2.41,1.00
2016.03.17 07:35:49.828,8.42282,8.4255,1.66,1.00
2016.03.17 07:35:49.929,8.42282,8.42542,1.66,1.00
2016.03.17 07:35:50.030,8.42202,8.42542,2.41,1.00
2016.03.17 07:35:50.362,8.42225,8.42555,1.75,1.00
2016.03.17 07:35:50.413,8.42217,8.42541,1.75,1.00
2016.03.17 07:35:50.846,8.42252,8.42541,2.41,1.00
2016.03.17 07:35:51.167,8.42252,8.42541,2.41,1.00
2016.03.17 07:35:51.638,8.42252,8.42555,2.41,1.00
2016.03.17 07:35:52.600,8.42252,8.42542,2.41,1.00
2016.03.17 07:35:52.947,8.42252,8.42542,2.04,1.00
2016.03.17 07:35:58.016,8.42348,8.42542,2.10,1.00
2016.03.17 07:35:58.118,8.42348,8.42653,2.10,1.37
2016.03.17 07:35:58.168,8.42348,8.42618,2.10,1.00
2016.03.17 07:35:58.342,8.42302,8.42618,1.00,1.12
2016.03.17 07:35:58.393,8.42302,8.42558,1.00,1.00
2016.03.17 07:35:58.445,8.42242,8.42542,1.37,1.00
2016.03.17 07:35:59.597,8.42202,8.42542,2.25,1.00
2016.03.17 07:35:59.901,8.42393,8.42658,1.35,1.00
2016.03.17 07:36:00.052,8.42328,8.42658,1.00,1.00
2016.03.17 07:36:00.103,8.42302,8.42579,1.66,1.00
2016.03.17 07:36:00.254,8.42283,8.42579,1.37,1.00
2016.03.17 07:36:00.305,8.42283,8.42553,1.37,1.00
2016.03.17 07:36:00.457,8.42262,8.42553,2.41,1.00
2016.03.17 07:36:00.756,8.42262,8.42553,2.41,1.00
2016.03.17 07:36:01.567,8.42387,8.42553,2.10,1.00
2016.03.17 07:36:01.718,8.4242,8.42667,1.35,1.00
2016.03.17 07:36:01.769,8.4232,8.42667,1.75,1.00
2016.03.17 07:36:01.820,8.4232,8.4258,1.75,1.00
2016.03.17 07:36:02.043,8.42262,8.42556,3.16,1.00
2016.03.17 07:36:02.407,8.42262,8.42648,3.16,1.00
2016.03.17 07:36:02.458,8.42305,8.42648,1.75,1.00
2016.03.17 07:36:02.843,8.42302,8.42571,2.04,1.00
2016.03.17 07:36:03.637,8.42302,8.42571,2.41,1.00
2016.03.17 07:36:04.207,8.42302,8.42571,2.41,1.00
2016.03.17 07:36:04.717,8.42245,8.42571,1.75,1.00
2016.03.17 07:36:04.937,8.42245,8.42571,1.75,1.00
2016.03.17 07:36:07.466,8.42272,8.42571,1.75,1.00
2016.03.17 07:36:08.516,8.42408,8.42571,2.10,1.00
2016.03.17 07:36:08.618,8.42408,8.42678,2.10,1.75
2016.03.17 07:36:08.719,8.42408,8.42678,2.47,1.00
2016.03.17 07:36:08.820,8.42408,8.42678,2.47,1.37
2016.03.17 07:36:08.871,8.42399,8.42678,1.35,1.37
2016.03.17 07:36:08.922,8.42409,8.42678,1.35,1.00
2016.03.17 07:36:09.023,8.42318,8.42678,1.75,1.07
2016.03.17 07:36:09.144,8.42318,8.42583,1.00,1.00
2016.03.17 07:36:09.195,8.42292,8.42583,1.37,1.00
2016.03.17 07:36:09.907,8.42265,8.42583,1.75,1.00
2016.03.17 07:36:10.437,8.42265,8.42583,1.75,1.00
2016.03.17 07:36:11.097,8.42268,8.42583,1.75,1.00
2016.03.17 07:36:11.663,8.42293,8.42583,1.75,1.00
2016.03.17 07:36:14.198,8.42293,8.42583,1.75,1.00
2016.03.17 07:36:14.422,8.42293,8.42583,1.75,1.00
2016.03.17 07:36:14.982,8.42293,8.42583,1.75,1.00
2016.03.17 07:36:16.618,8.42293,8.42583,1.75,1.00
2016.03.17 07:36:16.719,8.42293,8.42583,1.75,1.00
2016.03.17 07:36:16.934,8.42293,8.42583,1.75,1.00
2016.03.17 07:36:17.149,8.42293,8.42583,1.75,1.00
2016.03.17 07:36:17.387,8.42293,8.42583,1.75,1.00
2016.03.17 07:36:18.507,8.42293,8.42583,1.75,1.00
2016.03.17 07:36:20.491,8.42293,8.42583,1.75,1.00
2016.03.17 07:36:20.898,8.42293,8.42583,1.75,1.00
2016.03.17 07:36:21.160,8.42293,8.42598,1.75,1.00
2016.03.17 07:36:21.901,8.42272,8.42551,1.75,1.00
2016.03.17 07:36:22.317,8.42272,8.4257,2.25,1.00
2016.03.17 07:36:22.538,8.42436,8.4257,2.10,1.00
2016.03.17 07:36:22.639,8.42436,8.42688,2.10,1.75
2016.03.17 07:36:22.690,8.42436,8.42688,2.17,1.00
2016.03.17 07:36:23.018,8.42352,8.42688,1.75,1.00
2016.03.17 07:36:23.120,8.42333,8.42595,1.75,1.00
2016.03.17 07:36:23.222,8.42333,8.42595,1.75,1.00
2016.03.17 07:36:23.657,8.42333,8.42595,1.75,1.00
2016.03.17 07:36:23.858,8.42333,8.42598,1.75,1.00
2016.03.17 07:36:24.276,8.42312,8.42565,1.75,1.00
2016.03.17 07:36:25.442,8.42312,8.42565,1.75,1.00
2016.03.17 07:36:25.507,8.42312,8.42565,1.75,1.00
2016.03.17 07:36:25.748,8.42312,8.42565,1.75,1.00
2016.03.17 07:36:26.170,8.42312,8.42565,1.75,1.00
2016.03.17 07:36:26.497,8.42312,8.42565,1.75,1.00
2016.03.17 07:36:26.799,8.42396,8.42651,2.10,1.37
2016.03.17 07:36:27.052,8.42342,8.42678,1.74,1.75
2016.03.17 07:36:27.204,8.42312,8.42583,1.75,1.00
2016.03.17 07:36:27.530,8.42368,8.42688,1.00,1.75
2016.03.17 07:36:28.366,8.42368,8.42625,1.00,1.00
2016.03.17 07:36:28.720,8.42332,8.42625,1.75,1.00
2016.03.17 07:36:28.771,8.42332,8.42597,1.75,1.00
2016.03.17 07:36:28.849,8.42332,8.42613,1.75,1.00
2016.03.17 07:36:28.971,8.42316,8.42582,1.75,1.00
2016.03.17 07:36:29.598,8.42316,8.42582,1.75,1.00
2016.03.17 07:36:29.928,8.42472,8.42687,1.35,1.00
2016.03.17 07:36:30.232,8.42492,8.4275,1.35,2.32
2016.03.17 07:36:30.384,8.42422,8.42771,1.00,1.75
2016.03.17 07:36:30.485,8.42422,8.42771,1.00,1.00
2016.03.17 07:36:30.536,8.42393,8.42771,2.41,1.00
2016.03.17 07:36:30.586,8.42393,8.42742,2.41,1.00
2016.03.17 07:36:30.688,8.42393,8.42742,1.66,1.12
2016.03.17 07:36:30.789,8.42365,8.42719,1.07,1.07
2016.03.17 07:36:31.227,8.42365,8.42719,1.37,1.00
2016.03.17 07:36:31.881,8.42368,8.42739,1.12,1.07
2016.03.17 07:36:32.985,8.42379,8.42739,1.00,1.07
2016.03.17 07:36:33.133,8.42368,8.42739,1.12,1.07
2016.03.17 07:36:33.184,8.42378,8.42739,1.00,1.07
2016.03.17 07:36:33.536,8.42378,8.42739,1.00,1.75
2016.03.17 07:36:33.888,8.42378,8.42739,1.00,1.75
2016.03.17 07:36:34.189,8.42382,8.42711,1.00,1.37
2016.03.17 07:36:34.527,8.42474,8.42728,1.35,1.00
2016.03.17 07:36:34.628,8.42474,8.42737,1.35,1.12
2016.03.17 07:36:34.688,8.4246,8.42737,1.35,1.00
2016.03.17 07:36:34.794,8.42412,8.42737,2.41,1.00
2016.03.17 07:36:34.895,8.42412,8.42715,2.41,1.00
2016.03.17 07:36:34.996,8.42412,8.42715,1.66,1.00
2016.03.17 07:36:35.617,8.42412,8.42739,1.66,1.07
2016.03.17 07:36:35.668,8.42412,8.42739,1.66,1.07
2016.03.17 07:36:35.944,8.42429,8.42739,1.00,1.07
2016.03.17 07:36:36.246,8.42432,8.42783,1.75,1.00
2016.03.17 07:36:36.297,8.42415,8.42797,1.75,1.00
2016.03.17 07:36:36.398,8.42416,8.42797,1.75,1.00
2016.03.17 07:36:36.867,8.42415,8.42836,1.75,1.00
2016.03.17 07:36:36.968,8.42412,8.42836,2.41,1.00
2016.03.17 07:36:37.170,8.42434,8.42859,1.75,1.00
2016.03.17 07:36:37.432,8.42482,8.42859,1.66,1.10
2016.03.17 07:36:37.598,8.42482,8.42837,1.66,1.00
2016.03.17 07:36:37.937,8.42523,8.4286,1.66,1.00
2016.03.17 07:36:38.854,8.42523,8.4284,1.66,1.00
2016.03.17 07:36:39.727,8.42523,8.42859,1.66,1.00
2016.03.17 07:36:42.216,8.42523,8.42851,1.66,1.00
2016.03.17 07:36:44.197,8.42523,8.42864,1.66,1.00
2016.03.17 07:36:44.450,8.42523,8.42886,2.04,1.00
2016.03.17 07:36:44.501,8.42572,8.42886,1.66,1.00
2016.03.17 07:36:44.651,8.42572,8.42909,1.66,1.00
2016.03.17 07:36:44.806,8.42512,8.42909,2.41,1.00
2016.03.17 07:36:45.003,8.42512,8.42894,2.41,1.00
2016.03.17 07:36:45.306,8.42462,8.42872,2.41,1.00
2016.03.17 07:36:45.591,8.42462,8.42854,2.41,1.00
2016.03.17 07:36:46.235,8.42462,8.42854,2.04,1.00
2016.03.17 07:36:46.657,8.42462,8.42854,2.41,1.00
2016.03.17 07:36:46.953,8.42462,8.42875,2.41,1.00
2016.03.17 07:36:47.105,8.42462,8.42875,2.41,1.00
2016.03.17 07:36:47.206,8.42493,8.42898,2.41,1.07
2016.03.17 07:36:48.170,8.42493,8.42819,2.41,1.00
2016.03.17 07:36:48.322,8.42434,8.42819,1.35,1.00
2016.03.17 07:36:48.424,8.42452,8.42839,2.41,1.00
2016.03.17 07:36:48.525,8.42452,8.42839,2.41,1.00
2016.03.17 07:36:48.642,8.42452,8.42846,2.41,1.00
2016.03.17 07:36:49.285,8.42452,8.42828,2.41,1.00
2016.03.17 07:36:49.929,8.42452,8.42854,2.41,1.00
2016.03.17 07:36:51.387,8.42452,8.42624,2.41,1.00
2016.03.17 07:36:51.538,8.42452,8.4262,2.41,1.00
2016.03.17 07:36:51.783,8.42452,8.42617,2.41,1.00
2016.03.17 07:36:52.107,8.42452,8.42612,2.41,1.00
2016.03.17 07:36:52.431,8.42434,8.42605,1.35,1.00
2016.03.17 07:36:52.482,8.42434,8.42614,1.35,1.00
2016.03.17 07:36:52.634,8.42362,8.42611,1.75,1.00
2016.03.17 07:36:52.976,8.42362,8.42608,1.75,1.00
2016.03.17 07:36:53.027,8.42362,8.42608,1.75,1.00
2016.03.17 07:36:53.435,8.42362,8.42603,1.75,1.00
2016.03.17 07:36:53.917,8.42363,8.42603,1.75,1.00
2016.03.17 07:36:54.311,8.42363,8.426,1.75,1.00
2016.03.17 07:36:54.636,8.42362,8.42594,1.75,1.00
2016.03.17 07:36:55.426,8.42362,8.42594,1.75,1.00
2016.03.17 07:36:57.542,8.42358,8.42652,1.75,1.00
2016.03.17 07:36:57.742,8.42341,8.42758,1.35,1.00
2016.03.17 07:36:57.853,8.42341,8.42736,1.35,1.00
2016.03.17 07:36:58.156,8.42278,8.42486,2.10,1.00
2016.03.17 07:36:58.207,8.42278,8.42486,2.10,1.00
2016.03.17 07:36:58.409,8.42252,8.42486,1.75,1.00
2016.03.17 07:36:58.731,8.42252,8.42483,1.75,1.00
2016.03.17 07:36:58.949,8.42252,8.42483,1.75,1.00
2016.03.17 07:36:59.387,8.42253,8.42473,1.75,1.00
2016.03.17 07:37:00.012,8.42253,8.42477,1.75,1.00
2016.03.17 07:37:00.676,8.42253,8.42472,1.75,1.00
2016.03.17 07:37:01.176,8.42252,8.42466,1.75,1.00
2016.03.17 07:37:01.529,8.42252,8.4246,1.75,1.00
2016.03.17 07:37:02.179,8.42252,8.4246,1.75,1.00
2016.03.17 07:37:02.834,8.42279,8.4246,1.35,1.00
2016.03.17 07:37:03.183,8.42279,8.4246,1.35,1.00
2016.03.17 07:37:03.685,8.42279,8.42568,1.35,1.00
2016.03.17 07:37:03.881,8.42279,8.42618,1.35,1.00
2016.03.17 07:37:03.932,8.42283,8.42714,1.75,1.00
2016.03.17 07:37:05.185,8.42283,8.4265,1.75,1.00
2016.03.17 07:37:05.470,8.42283,8.42714,1.75,1.00
2016.03.17 07:37:05.521,8.42283,8.42649,1.75,1.00
2016.03.17 07:37:05.572,8.42283,8.42714,1.75,1.00
2016.03.17 07:37:05.797,8.42279,8.42692,1.35,1.00
2016.03.17 07:37:06.127,8.42279,8.42662,1.35,1.00
2016.03.17 07:37:06.265,8.42279,8.42692,1.35,1.00
2016.03.17 07:37:06.326,8.42279,8.42459,1.35,1.00
2016.03.17 07:37:06.478,8.42279,8.42434,1.35,1.00
2016.03.17 07:37:06.686,8.42279,8.42431,1.35,1.00
2016.03.17 07:37:07.065,8.42279,8.42426,1.35,1.00
2016.03.17 07:37:07.405,8.42279,8.42422,1.35,1.00
2016.03.17 07:37:07.717,8.42279,8.42425,1.35,1.00
2016.03.17 07:37:07.768,8.42279,8.42425,1.35,1.00
2016.03.17 07:37:08.327,8.42279,8.42422,1.35,1.00
2016.03.17 07:37:08.656,8.42279,8.42423,1.35,1.00
2016.03.17 07:37:09.430,8.42279,8.42422,1.35,1.00
2016.03.17 07:37:09.656,8.42279,8.42415,1.35,1.00
2016.03.17 07:37:11.185,8.42279,8.42418,1.35,1.00
2016.03.17 07:37:11.366,8.42279,8.42414,1.35,1.00
2016.03.17 07:37:11.693,8.42279,8.42417,1.35,1.00
2016.03.17 07:37:12.571,8.42279,8.42523,1.35,1.00
2016.03.17 07:37:12.723,8.42279,8.42694,1.35,1.37
2016.03.17 07:37:12.874,8.42302,8.42428,1.66,0.75
2016.03.17 07:37:13.026,8.42302,8.42367,1.66,1.00
2016.03.17 07:37:13.077,8.42302,8.42371,1.66,1.00
2016.03.17 07:37:13.178,8.42302,8.42427,1.66,1.00
2016.03.17 07:37:13.399,8.42302,8.42479,1.66,1.00
2016.03.17 07:37:13.450,8.42302,8.42465,1.66,1.00
2016.03.17 07:37:13.652,8.42302,8.42657,2.41,1.00
2016.03.17 07:37:13.786,8.42279,8.42694,2.10,1.75
2016.03.17 07:37:14.235,8.42279,8.42694,2.10,1.00
2016.03.17 07:37:14.386,8.42301,8.42727,1.75,1.37
2016.03.17 07:37:14.490,8.42301,8.42727,1.75,1.00
2016.03.17 07:37:14.897,8.42312,8.42714,2.41,1.00
2016.03.17 07:37:15.393,8.42312,8.42451,1.66,0.75
2016.03.17 07:37:15.444,8.42312,8.42446,1.66,1.00
2016.03.17 07:37:15.597,8.42312,8.42434,1.66,1.00
2016.03.17 07:37:15.911,8.42279,8.42428,1.35,1.00
2016.03.17 07:37:16.595,8.42279,8.42424,1.35,1.00
2016.03.17 07:37:17.927,8.42279,8.4243,1.35,1.00
2016.03.17 07:37:19.405,8.42279,8.42428,1.35,1.00
2016.03.17 07:37:22.545,8.42279,8.42532,1.35,1.00
2016.03.17 07:37:22.697,8.42279,8.42675,1.35,1.00
2016.03.17 07:37:22.806,8.42279,8.4268,1.35,1.00
2016.03.17 07:37:22.935,8.42262,8.42421,2.26,0.75
2016.03.17 07:37:23.036,8.42262,8.42376,2.26,1.00
2016.03.17 07:37:23.318,8.42271,8.42365,1.60,1.00
2016.03.17 07:37:23.775,8.42225,8.42354,1.60,1.00
2016.03.17 07:37:24.448,8.422,8.42343,1.60,1.00
2016.03.17 07:37:24.600,8.42221,8.42354,1.60,1.00
2016.03.17 07:37:24.703,8.42221,8.42353,1.60,1.00
2016.03.17 07:37:24.758,8.42258,8.4243,1.60,1.00
2016.03.17 07:37:24.809,8.42326,8.42428,1.35,1.00
2016.03.17 07:37:24.960,8.42326,8.42482,1.35,1.00
2016.03.17 07:37:25.011,8.42326,8.42565,1.35,1.00
2016.03.17 07:37:25.062,8.42326,8.42514,1.35,1.00
2016.03.17 07:37:25.586,8.42326,8.42697,1.35,1.37
2016.03.17 07:37:25.637,8.42326,8.42678,1.35,1.00
2016.03.17 07:37:25.753,8.42326,8.42713,1.35,1.75
2016.03.17 07:37:26.965,8.42326,8.42673,1.35,1.00
2016.03.17 07:37:27.235,8.42326,8.42713,1.35,1.75
2016.03.17 07:37:27.475,8.42326,8.42649,1.35,1.00
2016.03.17 07:37:27.836,8.42326,8.42578,1.35,1.00
2016.03.17 07:37:28.525,8.42326,8.42589,1.35,1.00
2016.03.17 07:37:28.576,8.42326,8.42659,1.35,1.00
2016.03.17 07:37:28.779,8.42386,8.42659,1.35,1.00
2016.03.17 07:37:29.127,8.42386,8.42643,1.35,1.00
2016.03.17 07:37:29.473,8.42386,8.42671,1.35,1.00
2016.03.17 07:37:30.597,8.42386,8.42656,1.35,1.00
2016.03.17 07:37:31.075,8.42386,8.42656,1.35,1.00
2016.03.17 07:37:31.706,8.42386,8.42637,1.35,1.00
2016.03.17 07:37:32.427,8.42386,8.42656,1.35,1.00
2016.03.17 07:37:34.227,8.42386,8.42616,1.35,1.00
2016.03.17 07:37:34.416,8.42386,8.42645,1.35,1.00
2016.03.17 07:37:34.517,8.42386,8.42616,1.35,1.00
2016.03.17 07:37:34.775,8.42386,8.42646,1.35,1.00
2016.03.17 07:37:35.259,8.42386,8.42626,1.35,1.00
2016.03.17 07:37:35.366,8.42386,8.42626,1.67,1.00
2016.03.17 07:37:35.740,8.42309,8.42608,1.35,1.00
2016.03.17 07:37:35.841,8.42292,8.42642,1.75,1.00
2016.03.17 07:37:35.947,8.42267,8.42641,1.35,1.00
2016.03.17 07:37:36.019,8.42287,8.42641,1.35,1.00
2016.03.17 07:37:36.070,8.42287,8.42655,1.35,1.00
2016.03.17 07:37:36.172,8.42287,8.42668,1.35,1.00
2016.03.17 07:37:36.429,8.42289,8.42664,1.35,1.00
2016.03.17 07:37:36.530,8.42289,8.4269,1.35,1.50
2016.03.17 07:37:36.883,8.42289,8.42611,1.35,1.00
2016.03.17 07:37:37.120,8.42289,8.42614,1.35,1.00
2016.03.17 07:37:37.175,8.42289,8.42617,1.35,1.00
2016.03.17 07:37:37.276,8.42289,8.42586,1.35,1.00
2016.03.17 07:37:37.595,8.42289,8.42582,1.35,1.00
2016.03.17 07:37:37.926,8.42289,8.42579,1.35,1.00
2016.03.17 07:37:38.286,8.42289,8.42583,1.35,1.00
2016.03.17 07:37:38.337,8.42289,8.42566,1.35,1.00
2016.03.17 07:37:38.447,8.42289,8.42557,1.35,1.00
2016.03.17 07:37:39.158,8.42289,8.42553,1.35,1.00
2016.03.17 07:37:39.902,8.42289,8.42553,1.35,1.00
2016.03.17 07:37:39.953,8.42289,8.4256,1.35,1.00
2016.03.17 07:37:40.073,8.42289,8.42534,1.35,1.00
2016.03.17 07:37:40.154,8.42288,8.42534,1.35,1.00
2016.03.17 07:37:40.204,8.42288,8.42528,1.35,1.00
2016.03.17 07:37:40.255,8.42288,8.42547,1.35,1.00
2016.03.17 07:37:40.392,8.42288,8.42526,1.35,1.00
2016.03.17 07:37:40.736,8.42288,8.42517,1.35,1.00
2016.03.17 07:37:41.975,8.42288,8.42502,1.35,1.00
2016.03.17 07:37:42.746,8.42289,8.4253,1.35,1.00
2016.03.17 07:37:42.848,8.42289,8.4253,1.35,1.00
2016.03.17 07:37:44.060,8.42289,8.42584,1.35,1.00
2016.03.17 07:37:44.112,8.42289,8.4263,1.35,1.00
2016.03.17 07:37:44.679,8.42289,8.42606,1.35,1.00
2016.03.17 07:37:44.982,8.42289,8.42585,1.35,1.00
2016.03.17 07:37:46.956,8.42297,8.42566,1.75,1.00
2016.03.17 07:37:47.057,8.42289,8.42555,1.35,1.00
2016.03.17 07:37:47.267,8.42289,8.42555,1.35,1.00
2016.03.17 07:37:48.882,8.42289,8.42536,1.35,1.00
2016.03.17 07:37:49.974,8.42235,8.42535,1.35,1.00
2016.03.17 07:37:50.025,8.42235,8.42535,1.35,1.00
2016.03.17 07:37:50.076,8.42235,8.42555,1.35,1.00
2016.03.17 07:37:50.127,8.42235,8.42555,1.35,1.00
2016.03.17 07:37:50.205,8.42235,8.42555,1.35,1.00
2016.03.17 07:37:50.524,8.42235,8.42532,1.35,1.00
2016.03.17 07:37:50.595,8.42235,8.42612,1.35,1.00
2016.03.17 07:37:50.797,8.42242,8.42633,1.75,1.00
2016.03.17 07:37:50.955,8.42242,8.42546,1.75,1.00
2016.03.17 07:37:51.450,8.42263,8.42522,1.75,1.00
2016.03.17 07:37:51.826,8.4224,8.42522,1.75,1.00
2016.03.17 07:37:53.595,8.4224,8.42634,1.75,1.00
2016.03.17 07:37:53.646,8.4225,8.42644,1.75,1.00
2016.03.17 07:37:53.931,8.4225,8.42624,1.75,1.00
2016.03.17 07:37:54.285,8.4225,8.42511,1.75,1.00
2016.03.17 07:37:54.829,8.4225,8.42511,1.75,1.00
2016.03.17 07:37:54.981,8.42235,8.42568,1.35,1.00
2016.03.17 07:37:55.132,8.42235,8.4256,1.35,1.00
2016.03.17 07:37:55.534,8.42235,8.42526,1.35,1.00
2016.03.17 07:37:55.714,8.42235,8.42558,1.35,1.00
2016.03.17 07:37:55.816,8.42235,8.42544,1.35,1.00
2016.03.17 07:37:56.069,8.42235,8.42522,1.35,1.00
2016.03.17 07:37:56.119,8.42235,8.42543,1.35,1.00
2016.03.17 07:37:56.175,8.42235,8.42522,1.35,1.00
2016.03.17 07:37:56.336,8.42235,8.42544,1.35,1.00
2016.03.17 07:37:56.437,8.42235,8.42522,1.35,1.00
2016.03.17 07:37:56.586,8.42235,8.42584,1.35,1.00
2016.03.17 07:37:56.687,8.42235,8.42606,1.35,1.00
2016.03.17 07:37:56.807,8.42235,8.42606,1.35,1.00
2016.03.17 07:37:57.117,8.42243,8.42504,1.75,1.00
2016.03.17 07:37:57.438,8.42243,8.42499,1.75,1.00
2016.03.17 07:37:57.725,8.42235,8.42503,1.35,1.00
2016.03.17 07:37:59.611,8.42235,8.42607,1.35,1.00
2016.03.17 07:37:59.713,8.42235,8.42624,1.35,1.00
2016.03.17 07:37:59.905,8.42235,8.42503,1.35,1.00
2016.03.17 07:38:00.505,8.42239,8.4248,1.75,1.00
2016.03.17 07:38:01.127,8.42239,8.42476,1.75,1.00
2016.03.17 07:38:02.605,8.42235,8.42568,1.35,1.00
2016.03.17 07:38:02.754,8.42235,8.42618,1.35,1.00
2016.03.17 07:38:02.951,8.42235,8.42516,1.35,1.00
2016.03.17 07:38:03.389,8.42235,8.42472,1.35,1.00
2016.03.17 07:38:05.661,8.42236,8.42629,1.75,1.00
2016.03.17 07:38:06.007,8.42236,8.42497,1.75,1.00
2016.03.17 07:38:06.312,8.42236,8.42462,1.75,1.00
2016.03.17 07:38:06.624,8.42236,8.4245,1.75,1.00
2016.03.17 07:38:06.675,8.42235,8.42449,1.27,1.00
2016.03.17 07:38:07.813,8.42198,8.42456,1.35,1.00
2016.03.17 07:38:07.932,8.42182,8.42456,1.74,1.00
2016.03.17 07:38:08.061,8.42182,8.4248,1.74,1.00
2016.03.17 07:38:08.162,8.42182,8.4248,1.66,1.00
2016.03.17 07:38:08.263,8.42156,8.4248,1.07,1.00
2016.03.17 07:38:08.564,8.42156,8.42536,1.07,1.00
2016.03.17 07:38:08.881,8.42156,8.42549,1.07,1.00
2016.03.17 07:38:08.933,8.42156,8.42467,1.07,1.00
2016.03.17 07:38:09.265,8.42156,8.42457,1.07,1.00
2016.03.17 07:38:09.566,8.42156,8.42452,1.07,1.00
2016.03.17 07:38:09.875,8.42156,8.42425,1.07,1.00
2016.03.17 07:38:10.055,8.42156,8.42439,1.07,1.00
2016.03.17 07:38:10.175,8.42156,8.42416,1.07,1.00
2016.03.17 07:38:10.816,8.42152,8.42411,2.04,1.00
2016.03.17 07:38:10.866,8.42152,8.42424,2.04,1.00
2016.03.17 07:38:10.955,8.42152,8.42418,2.04,1.00
2016.03.17 07:38:11.291,8.42192,8.42418,1.00,1.00
2016.03.17 07:38:11.568,8.42192,8.42482,1.00,1.00
2016.03.17 07:38:11.618,8.42192,8.42482,1.12,1.00
2016.03.17 07:38:11.720,8.42192,8.42586,1.12,1.00
2016.03.17 07:38:11.821,8.42192,8.4258,1.12,1.00
2016.03.17 07:38:12.136,8.42193,8.4244,1.74,1.00
2016.03.17 07:38:13.055,8.42193,8.42468,1.74,1.00
2016.03.17 07:38:13.223,8.42216,8.42468,1.00,1.00
2016.03.17 07:38:13.535,8.42216,8.4244,1.00,1.00
2016.03.17 07:38:15.164,8.4221,8.4244,1.00,1.00
2016.03.17 07:38:15.904,8.4221,8.42526,1.00,1.00
2016.03.17 07:38:16.007,8.4221,8.42604,1.00,1.00
2016.03.17 07:38:16.341,8.4221,8.42479,1.00,1.00
2016.03.17 07:38:16.645,8.4221,8.42426,1.00,1.00
2016.03.17 07:38:17.054,8.4223,8.42426,1.00,1.00
2016.03.17 07:38:17.595,8.422,8.42426,1.10,1.00
2016.03.17 07:38:18.322,8.42218,8.42426,1.00,1.00
2016.03.17 07:38:18.534,8.42218,8.42492,1.00,1.00
2016.03.17 07:38:18.635,8.42218,8.42515,1.00,1.00
2016.03.17 07:38:18.798,8.42218,8.42504,1.00,1.00
2016.03.17 07:38:19.148,8.42218,8.42433,1.00,1.00
2016.03.17 07:38:19.235,8.42198,8.42433,1.07,1.00
2016.03.17 07:38:21.605,8.42198,8.42503,1.07,1.00
2016.03.17 07:38:21.724,8.42198,8.42592,1.07,1.00
2016.03.17 07:38:21.904,8.42197,8.4259,1.07,1.00
2016.03.17 07:38:22.218,8.42193,8.42445,1.74,1.00
2016.03.17 07:38:22.556,8.42193,8.42413,1.74,1.00
2016.03.17 07:38:24.544,8.42174,8.42475,1.37,1.00
2016.03.17 07:38:24.681,8.42174,8.42568,1.37,1.00
2016.03.17 07:38:24.898,8.42174,8.42506,1.37,1.00
2016.03.17 07:38:25.305,8.42174,8.4242,1.37,1.00
2016.03.17 07:38:25.512,8.42185,8.42487,1.07,1.00
2016.03.17 07:38:25.613,8.42185,8.42521,1.07,1.00
2016.03.17 07:38:25.664,8.42185,8.42577,1.07,1.00
2016.03.17 07:38:26.047,8.42185,8.42498,1.07,1.00
2016.03.17 07:38:26.148,8.42185,8.42577,1.07,1.00
2016.03.17 07:38:26.374,8.42185,8.42571,1.07,1.00
2016.03.17 07:38:26.828,8.42185,8.42522,1.07,1.00
2016.03.17 07:38:27.015,8.42185,8.42575,1.07,1.00
2016.03.17 07:38:27.410,8.42185,8.42534,1.07,1.00
2016.03.17 07:38:27.460,8.42185,8.42575,1.07,1.00
2016.03.17 07:38:27.952,8.42185,8.42535,1.07,1.00
2016.03.17 07:38:28.055,8.42185,8.42574,1.07,1.00
2016.03.17 07:38:28.356,8.42185,8.42522,1.07,1.00
2016.03.17 07:38:28.475,8.42185,8.42575,1.07,1.00
2016.03.17 07:38:28.576,8.42185,8.42523,1.07,1.00
2016.03.17 07:38:28.627,8.42185,8.42561,1.07,1.00
2016.03.17 07:38:28.751,8.42193,8.42558,1.10,1.00
2016.03.17 07:38:28.801,8.42193,8.42587,1.10,1.00
2016.03.17 07:38:29.053,8.42193,8.42556,1.10,1.00
2016.03.17 07:38:29.468,8.42195,8.42525,1.00,1.00
2016.03.17 07:38:29.856,8.42193,8.42587,1.10,1.00
2016.03.17 07:38:30.106,8.42195,8.42525,1.00,1.00
2016.03.17 07:38:30.157,8.42193,8.42587,1.10,1.00
2016.03.17 07:38:30.259,8.42193,8.42587,1.75,1.00
2016.03.17 07:38:30.587,8.42196,8.42558,1.75,1.00
2016.03.17 07:38:31.760,8.422,8.4253,1.37,1.00
2016.03.17 07:38:31.935,8.42197,8.42558,1.50,1.00
2016.03.17 07:38:33.033,8.42221,8.42558,1.00,1.00
2016.03.17 07:38:33.801,8.42236,8.42558,1.00,1.00
2016.03.17 07:38:34.138,8.42236,8.42558,1.50,1.00
2016.03.17 07:38:34.438,8.42213,8.42558,1.37,1.00
2016.03.17 07:38:36.225,8.42201,8.42529,1.75,1.00
2016.03.17 07:38:36.276,8.42195,8.42583,1.75,1.00
2016.03.17 07:38:36.855,8.42215,8.42556,1.37,1.00
2016.03.17 07:38:36.956,8.42215,8.42583,1.37,1.00
2016.03.17 07:38:37.175,8.422,8.4253,1.75,1.00
2016.03.17 07:38:37.225,8.42192,8.42551,1.75,1.00
2016.03.17 07:38:37.356,8.42192,8.42583,1.75,1.00
2016.03.17 07:38:37.697,8.42192,8.42556,1.75,1.00
2016.03.17 07:38:37.815,8.42192,8.42584,1.75,1.00
2016.03.17 07:38:38.274,8.42215,8.42582,1.37,1.00
2016.03.17 07:38:38.655,8.42215,8.42554,1.37,1.00
2016.03.17 07:38:39.015,8.42215,8.42583,1.37,1.00
2016.03.17 07:38:40.514,8.42219,8.42554,1.37,1.00
2016.03.17 07:38:40.654,8.42219,8.42583,1.37,1.00
2016.03.17 07:38:40.875,8.42219,8.42554,1.37,1.00
2016.03.17 07:38:40.979,8.42219,8.42582,1.37,1.00
2016.03.17 07:38:41.814,8.42219,8.42583,1.37,1.00
2016.03.17 07:38:41.875,8.42219,8.42541,1.37,1.00
2016.03.17 07:38:41.976,8.42219,8.42583,1.37,1.00
2016.03.17 07:38:42.027,8.42219,8.42583,1.75,1.00
2016.03.17 07:38:42.774,8.42219,8.4253,1.75,1.00
2016.03.17 07:38:42.876,8.42228,8.42583,1.75,1.00
2016.03.17 07:38:43.050,8.42228,8.4253,1.75,1.00
2016.03.17 07:38:43.184,8.42228,8.42583,1.75,1.00
2016.03.17 07:38:43.879,8.42228,8.42576,1.75,1.00
2016.03.17 07:38:44.214,8.42228,8.42541,1.75,1.00
2016.03.17 07:38:44.316,8.42228,8.42576,1.75,1.00
2016.03.17 07:38:44.875,8.42228,8.42552,1.75,1.00
2016.03.17 07:38:45.055,8.42228,8.42575,1.75,1.00
2016.03.17 07:38:45.211,8.42228,8.4253,1.75,1.00
2016.03.17 07:38:45.262,8.42228,8.42575,1.75,1.00
2016.03.17 07:38:49.014,8.42225,8.42542,1.75,1.00
2016.03.17 07:38:49.389,8.42225,8.42582,1.75,1.00
2016.03.17 07:38:49.930,8.42211,8.42583,1.75,1.00
2016.03.17 07:38:50.590,8.4223,8.42582,1.75,1.00
2016.03.17 07:38:51.054,8.4223,8.42542,1.75,1.00
2016.03.17 07:38:51.414,8.4223,8.42582,1.75,1.00
2016.03.17 07:38:51.601,8.4223,8.42582,1.75,1.00
2016.03.17 07:38:51.814,8.4223,8.42582,1.75,1.00
2016.03.17 07:38:51.966,8.4223,8.42554,1.75,1.00
2016.03.17 07:38:52.140,8.4223,8.42581,1.75,1.00
2016.03.17 07:38:52.284,8.42224,8.42583,1.75,1.00
2016.03.17 07:38:52.335,8.42224,8.42542,1.75,1.00
2016.03.17 07:38:52.864,8.42224,8.42583,1.75,1.00
2016.03.17 07:38:53.655,8.42224,8.4253,1.75,1.00
2016.03.17 07:38:53.917,8.42238,8.42583,1.75,1.00
2016.03.17 07:38:54.490,8.42238,8.42582,1.75,1.00
2016.03.17 07:38:54.844,8.42238,8.42554,1.75,1.00
2016.03.17 07:38:55.007,8.42238,8.42583,1.75,1.00
2016.03.17 07:38:55.084,8.42238,8.42542,1.75,1.00
2016.03.17 07:38:55.205,8.42238,8.42583,1.75,1.00
2016.03.17 07:38:56.404,8.42237,8.42554,1.75,1.00
2016.03.17 07:38:56.810,8.42237,8.42583,1.75,1.00
2016.03.17 07:38:56.966,8.42237,8.42554,1.75,1.00
2016.03.17 07:38:57.067,8.42237,8.42597,1.75,1.00
2016.03.17 07:38:57.118,8.42256,8.42597,1.75,1.00
2016.03.17 07:38:57.320,8.42275,8.42618,1.50,1.00
2016.03.17 07:38:57.371,8.42275,8.42595,1.50,1.00
2016.03.17 07:38:58.164,8.42256,8.42597,1.75,1.00
2016.03.17 07:38:58.284,8.42256,8.42554,1.75,1.00
2016.03.17 07:38:58.386,8.42256,8.42596,1.75,1.00
2016.03.17 07:38:58.444,8.42256,8.42554,1.75,1.00
2016.03.17 07:38:58.715,8.42256,8.42597,1.75,1.00
2016.03.17 07:38:58.864,8.42256,8.42554,1.75,1.00
2016.03.17 07:38:59.066,8.42256,8.42597,1.75,1.00
2016.03.17 07:38:59.117,8.42256,8.42554,1.75,1.00
2016.03.17 07:38:59.168,8.42256,8.42597,1.75,1.00
2016.03.17 07:38:59.824,8.42256,8.42542,1.75,1.00
2016.03.17 07:38:59.975,8.42256,8.42596,1.75,1.00
2016.03.17 07:39:01.114,8.42255,8.42554,1.75,1.00
2016.03.17 07:39:01.215,8.42255,8.42592,1.75,1.00
2016.03.17 07:39:01.444,8.42255,8.42545,1.75,1.00
2016.03.17 07:39:02.311,8.42255,8.42596,1.75,1.00
2016.03.17 07:39:04.806,8.42238,8.42596,1.75,1.00
2016.03.17 07:39:04.921,8.42214,8.42604,1.75,1.00
2016.03.17 07:39:05.027,8.42214,8.42391,1.75,2.10
2016.03.17 07:39:05.149,8.42212,8.42364,1.66,1.27
2016.03.17 07:39:05.250,8.42212,8.42361,1.66,1.00
2016.03.17 07:39:05.452,8.42212,8.42381,1.66,1.60
2016.03.17 07:39:05.556,8.42212,8.42357,1.66,1.00
2016.03.17 07:39:05.607,8.42182,8.42357,1.00,1.00
2016.03.17 07:39:05.657,8.42182,8.42341,1.00,2.10
2016.03.17 07:39:05.961,8.41982,8.42297,1.50,1.35
2016.03.17 07:39:06.011,8.42012,8.42297,1.00,1.35
2016.03.17 07:39:06.112,8.41982,8.42176,1.50,1.35
2016.03.17 07:39:06.163,8.41995,8.42176,1.00,1.35
2016.03.17 07:39:06.481,8.41995,8.42146,1.00,1.37
2016.03.17 07:39:06.532,8.41982,8.42146,1.00,1.37
2016.03.17 07:39:06.633,8.41967,8.42168,1.00,1.35
2016.03.17 07:39:06.684,8.41902,8.42168,1.00,1.35
2016.03.17 07:39:06.815,8.41867,8.42168,1.00,1.35
2016.03.17 07:39:07.339,8.41867,8.42168,1.00,1.35
2016.03.17 07:39:07.524,8.41867,8.42137,1.00,1.00
2016.03.17 07:39:07.854,8.41867,8.42129,1.00,1.35
2016.03.17 07:39:07.905,8.41867,8.42136,1.00,1.35
2016.03.17 07:39:08.007,8.41867,8.42158,1.00,1.35
2016.03.17 07:39:10.024,8.41867,8.42184,1.60,1.75
2016.03.17 07:39:10.351,8.41918,8.4218,1.00,1.35
2016.03.17 07:39:10.402,8.41871,8.4218,1.00,1.35
2016.03.17 07:39:10.453,8.41867,8.42178,1.00,1.75
2016.03.17 07:39:11.174,8.41867,8.42178,1.37,1.00
2016.03.17 07:39:11.644,8.41867,8.42178,1.00,1.37
2016.03.17 07:39:16.369,8.41867,8.42227,1.10,1.75
2016.03.17 07:39:16.474,8.41882,8.42227,1.00,1.75
2016.03.17 07:39:16.796,8.41882,8.42205,1.00,1.75
2016.03.17 07:39:17.301,8.41882,8.42205,1.00,1.75
2016.03.17 07:39:17.452,8.41882,8.42205,1.00,1.37
2016.03.17 07:39:17.664,8.41882,8.42205,1.75,1.00
2016.03.17 07:39:18.003,8.41882,8.42228,1.75,2.10
2016.03.17 07:39:18.426,8.41882,8.42228,1.75,1.67
2016.03.17 07:39:18.909,8.41882,8.42221,1.00,1.35
2016.03.17 07:39:19.456,8.41882,8.42211,1.00,1.35
2016.03.17 07:39:19.674,8.41882,8.42228,1.00,1.75
2016.03.17 07:39:20.220,8.41886,8.42228,1.00,1.75
2016.03.17 07:39:20.538,8.41912,8.42237,1.37,1.70
2016.03.17 07:39:20.744,8.41912,8.42237,1.00,1.37
2016.03.17 07:39:20.960,8.41912,8.423,1.00,1.75
2016.03.17 07:39:21.140,8.41908,8.423,1.00,1.75
2016.03.17 07:39:21.266,8.41941,8.423,1.00,1.75
2016.03.17 07:39:21.418,8.41952,8.42318,1.00,1.37
2016.03.17 07:39:21.999,8.41953,8.42318,1.00,1.37
2016.03.17 07:39:22.520,8.41931,8.42318,1.00,1.37
2016.03.17 07:39:22.570,8.41944,8.42318,1.00,1.37
2016.03.17 07:39:22.621,8.41931,8.42318,1.00,1.37
2016.03.17 07:39:22.763,8.41941,8.42318,1.00,1.37
2016.03.17 07:39:23.164,8.4194,8.42296,1.00,1.00
2016.03.17 07:39:23.514,8.41962,8.42296,1.00,1.50
2016.03.17 07:39:24.474,8.41962,8.42275,1.00,1.00
2016.03.17 07:39:25.060,8.41962,8.42296,1.00,1.50
2016.03.17 07:39:25.364,8.41962,8.42311,1.00,1.75
2016.03.17 07:39:26.225,8.41954,8.42311,1.10,1.75
2016.03.17 07:39:26.354,8.41954,8.42311,1.00,1.75
2016.03.17 07:39:26.893,8.41954,8.4227,1.00,1.07
2016.03.17 07:39:27.045,8.41955,8.4227,1.00,1.75
2016.03.17 07:39:27.272,8.41955,8.42293,1.00,1.75
2016.03.17 07:39:35.548,8.41954,8.42304,1.00,1.75
2016.03.17 07:39:35.836,8.41954,8.42284,1.00,1.75
2016.03.17 07:39:36.344,8.41953,8.42284,1.00,1.75
2016.03.17 07:39:36.395,8.41953,8.42284,1.07,1.75
2016.03.17 07:39:37.062,8.41954,8.42284,1.07,1.75
2016.03.17 07:39:37.453,8.41954,8.42284,1.00,1.75
2016.03.17 07:39:38.015,8.4189,8.4223,1.00,1.75
2016.03.17 07:39:38.117,8.41889,8.4223,1.87,1.07
2016.03.17 07:39:38.437,8.41915,8.4226,1.00,1.75
2016.03.17 07:39:38.487,8.41958,8.42308,1.00,1.07
2016.03.17 07:39:38.589,8.41972,8.42308,1.75,1.00
2016.03.17 07:39:38.640,8.41972,8.42337,1.75,1.00
2016.03.17 07:39:38.737,8.41972,8.42358,1.75,1.00
2016.03.17 07:39:38.788,8.42053,8.42358,1.00,1.00
2016.03.17 07:39:38.839,8.42053,8.42438,1.00,1.00
2016.03.17 07:39:38.890,8.42053,8.42438,1.75,1.00
2016.03.17 07:39:38.991,8.41966,8.42488,1.75,1.66
2016.03.17 07:39:39.148,8.41981,8.42488,1.00,1.66
2016.03.17 07:39:39.299,8.42032,8.42578,1.66,1.66
2016.03.17 07:39:39.687,8.42133,8.42524,1.00,1.00
2016.03.17 07:39:40.049,8.42116,8.42508,1.00,1.75
2016.03.17 07:39:40.443,8.42116,8.42508,1.00,1.12
2016.03.17 07:39:41.100,8.42116,8.42488,1.00,1.00
2016.03.17 07:39:41.344,8.42098,8.42488,1.00,1.00
2016.03.17 07:39:41.853,8.42098,8.42488,1.00,1.75
2016.03.17 07:39:41.904,8.42075,8.42467,1.00,1.07
2016.03.17 07:39:42.194,8.42075,8.42467,1.00,1.75
2016.03.17 07:39:42.853,8.42075,8.42467,1.75,1.00
2016.03.17 07:39:43.340,8.42057,8.42449,1.75,1.00
2016.03.17 07:39:43.441,8.42057,8.42449,1.00,1.75
2016.03.17 07:39:43.643,8.42032,8.424,1.66,1.75
2016.03.17 07:39:43.795,8.42008,8.424,1.00,1.75
2016.03.17 07:39:43.846,8.42008,8.424,1.00,1.37
2016.03.17 07:39:44.294,8.42031,8.42423,1.00,1.75
2016.03.17 07:39:44.490,8.42031,8.42423,1.00,1.75
2016.03.17 07:39:44.764,8.42054,8.42446,1.00,1.75
2016.03.17 07:39:45.114,8.42054,8.42446,1.00,1.75
2016.03.17 07:39:45.316,8.42027,8.42419,1.00,1.75
2016.03.17 07:39:46.374,8.42007,8.42398,1.00,1.75
2016.03.17 07:39:46.923,8.42007,8.42398,1.00,1.37
2016.03.17 07:39:49.263,8.42007,8.42361,1.00,2.10
2016.03.17 07:39:49.465,8.41943,8.42282,1.66,1.35
2016.03.17 07:39:49.566,8.41943,8.42282,1.66,1.35
2016.03.17 07:39:49.875,8.41876,8.42253,1.00,1.35
2016.03.17 07:39:49.925,8.41873,8.4225,1.07,1.07
2016.03.17 07:39:50.444,8.41873,8.4225,1.00,1.75
2016.03.17 07:39:50.774,8.41872,8.4225,1.00,1.75
2016.03.17 07:39:50.875,8.41858,8.4225,1.00,1.75
2016.03.17 07:39:51.471,8.41858,8.4225,1.00,1.75
2016.03.17 07:39:51.892,8.41858,8.4225,1.00,1.75
2016.03.17 07:39:52.092,8.41846,8.42236,1.00,1.75
2016.03.17 07:39:54.303,8.41848,8.42203,1.00,1.75
2016.03.17 07:39:58.289,8.41896,8.42182,1.00,1.75
2016.03.17 07:39:58.725,8.41882,8.42248,1.00,1.75
2016.03.17 07:39:59.185,8.41884,8.42248,1.00,1.75
2016.03.17 07:39:59.236,8.41884,8.42248,1.00,1.75
2016.03.17 07:39:59.388,8.4193,8.42253,1.00,1.35
2016.03.17 07:39:59.894,8.4193,8.42298,1.00,1.75
2016.03.17 07:40:00.373,8.4195,8.42343,1.00,1.75
2016.03.17 07:40:00.475,8.41971,8.42347,1.00,1.75
2016.03.17 07:40:02.769,8.41966,8.42317,1.00,1.75
2016.03.17 07:40:03.007,8.41966,8.42317,1.00,1.75
2016.03.17 07:40:03.108,8.41947,8.42317,1.00,1.75
2016.03.17 07:40:04.781,8.41963,8.42317,1.00,1.75
2016.03.17 07:40:04.882,8.41963,8.42317,1.00,1.75
2016.03.17 07:40:05.451,8.41983,8.42317,1.00,1.75
2016.03.17 07:40:05.739,8.41983,8.42317,1.00,1.75
2016.03.17 07:40:05.890,8.41953,8.42272,1.00,1.35
2016.03.17 07:40:05.992,8.41929,8.42317,1.75,1.60
2016.03.17 07:40:06.093,8.41956,8.4228,1.00,1.00
2016.03.17 07:40:06.144,8.41956,8.4234,1.00,1.37
2016.03.17 07:40:06.195,8.41956,8.4234,1.75,1.00
2016.03.17 07:40:06.518,8.41933,8.42294,1.75,1.00
2016.03.17 07:40:06.573,8.41932,8.4236,2.41,1.00
2016.03.17 07:40:06.674,8.41912,8.42418,1.75,1.00
2016.03.17 07:40:06.775,8.42032,8.42418,1.00,1.00
2016.03.17 07:40:07.031,8.42085,8.42478,1.00,1.00
2016.03.17 07:40:07.829,8.42128,8.42518,1.00,1.75
2016.03.17 07:40:08.154,8.42128,8.42518,1.00,1.75
2016.03.17 07:40:09.808,8.42109,8.42501,1.00,1.75
2016.03.17 07:40:11.929,8.42117,8.42511,1.00,1.75
2016.03.17 07:40:12.936,8.42095,8.42489,1.00,1.75
2016.03.17 07:40:13.101,8.42082,8.42474,1.00,1.37
2016.03.17 07:40:13.152,8.42082,8.42474,1.00,1.75
2016.03.17 07:40:14.681,8.42062,8.42456,1.00,1.75
2016.03.17 07:40:14.858,8.42062,8.42456,1.00,1.75
2016.03.17 07:40:15.199,8.42085,8.42477,1.00,1.75
2016.03.17 07:40:15.309,8.42066,8.42458,1.00,1.75
2016.03.17 07:40:17.268,8.42108,8.42438,2.10,1.75
2016.03.17 07:40:17.420,8.42151,8.42478,1.60,1.37
2016.03.17 07:40:17.521,8.42203,8.42497,1.00,1.75
2016.03.17 07:40:17.723,8.42277,8.42618,1.00,1.66
2016.03.17 07:40:17.773,8.42305,8.42637,1.00,1.00
2016.03.17 07:40:18.078,8.42324,8.42638,1.00,1.00
2016.03.17 07:40:18.381,8.42293,8.42637,1.00,1.00
2016.03.17 07:40:18.787,8.42293,8.42434,1.00,2.10
2016.03.17 07:40:18.839,8.42162,8.42434,1.66,2.10
2016.03.17 07:40:18.941,8.42162,8.42374,1.66,1.35
2016.03.17 07:40:18.992,8.42037,8.42374,1.35,1.35
2016.03.17 07:40:19.043,8.42037,8.42374,1.35,1.35
2016.03.17 07:40:19.368,8.41982,8.42276,1.75,1.35
2016.03.17 07:40:19.419,8.41962,8.42276,1.66,1.35
2016.03.17 07:40:19.520,8.41962,8.42276,1.66,1.35
2016.03.17 07:40:19.621,8.41962,8.42266,1.66,1.75
2016.03.17 07:40:19.672,8.41932,8.42266,1.50,1.75
2016.03.17 07:40:19.942,8.41932,8.42266,1.00,1.75
2016.03.17 07:40:20.552,8.41933,8.42266,1.00,1.75
2016.03.17 07:40:20.888,8.41906,8.42297,1.00,1.75
2016.03.17 07:40:20.939,8.41906,8.42297,1.75,1.00
2016.03.17 07:40:21.688,8.41906,8.42297,1.10,1.07
2016.03.17 07:40:22.607,8.41947,8.42338,1.00,1.75
2016.03.17 07:40:22.683,8.41932,8.42323,1.00,1.75
2016.03.17 07:40:22.890,8.41932,8.42323,1.00,1.75
2016.03.17 07:40:22.941,8.41917,8.42308,1.00,1.75
2016.03.17 07:40:23.350,8.41935,8.42326,1.00,1.75
2016.03.17 07:40:23.451,8.41935,8.42326,1.00,1.75
2016.03.17 07:40:24.098,8.41935,8.42326,1.00,1.75
2016.03.17 07:40:24.328,8.41899,8.42287,1.00,1.75
2016.03.17 07:40:24.429,8.41899,8.42287,1.00,1.75
2016.03.17 07:40:24.695,8.41899,8.42287,1.00,1.75
2016.03.17 07:40:24.811,8.41956,8.42287,2.10,1.75
2016.03.17 07:40:24.868,8.41993,8.42287,1.35,1.00
2016.03.17 07:40:24.975,8.41993,8.42358,1.35,2.41
2016.03.17 07:40:25.026,8.42044,8.42358,1.00,2.41
2016.03.17 07:40:25.127,8.42044,8.42418,1.37,1.00
2016.03.17 07:40:25.329,8.42044,8.42428,1.37,1.00
2016.03.17 07:40:25.451,8.4208,8.42428,1.37,1.00
2016.03.17 07:40:25.762,8.4208,8.42418,1.37,1.00
2016.03.17 07:40:25.914,8.42148,8.42498,1.00,1.66
2016.03.17 07:40:26.015,8.42148,8.42498,1.37,1.66
2016.03.17 07:40:26.066,8.42148,8.42508,1.37,1.00
2016.03.17 07:40:26.188,8.42148,8.42508,1.12,1.00
2016.03.17 07:40:26.628,8.42148,8.42507,1.00,1.00
2016.03.17 07:40:27.205,8.42148,8.42508,1.00,1.00
2016.03.17 07:40:28.318,8.42145,8.42508,1.00,1.00
2016.03.17 07:40:28.394,8.42145,8.42508,1.00,1.37
2016.03.17 07:40:28.510,8.42131,8.42508,1.00,1.37
2016.03.17 07:40:28.611,8.42131,8.42508,1.00,1.37
2016.03.17 07:40:28.839,8.42111,8.42502,1.00,1.07
2016.03.17 07:40:29.091,8.42093,8.42483,1.00,1.00
2016.03.17 07:40:29.285,8.42002,8.42352,2.41,2.10
2016.03.17 07:40:29.395,8.42002,8.42305,2.41,1.35
2016.03.17 07:40:29.496,8.42002,8.42376,2.41,2.10
2016.03.17 07:40:29.647,8.42002,8.42316,1.66,1.35
2016.03.17 07:40:29.758,8.42002,8.42316,1.66,1.35
2016.03.17 07:40:29.968,8.42002,8.42241,1.66,1.75
2016.03.17 07:40:30.019,8.41851,8.42241,1.00,1.75
2016.03.17 07:40:30.070,8.41826,8.42217,1.00,1.75
2016.03.17 07:40:30.272,8.41812,8.42191,1.00,1.75
2016.03.17 07:40:30.474,8.418,8.42191,1.00,1.75
2016.03.17 07:40:30.593,8.418,8.42191,1.00,1.75
2016.03.17 07:40:31.720,8.418,8.42191,1.00,1.75
2016.03.17 07:40:31.821,8.41819,8.42208,1.00,1.75
2016.03.17 07:40:32.003,8.41819,8.42208,1.75,1.00
2016.03.17 07:40:32.173,8.41819,8.42208,1.00,1.75
2016.03.17 07:40:33.128,8.41819,8.42208,1.00,1.37
2016.03.17 07:40:34.363,8.41801,8.42192,1.37,1.00
2016.03.17 07:40:34.479,8.41801,8.42192,1.00,1.75
2016.03.17 07:40:37.087,8.41794,8.42183,1.00,1.75
2016.03.17 07:40:37.189,8.41794,8.42183,1.00,1.75
2016.03.17 07:40:37.527,8.41812,8.42183,2.10,1.75
2016.03.17 07:40:37.629,8.41839,8.42178,1.35,1.75
2016.03.17 07:40:37.848,8.41856,8.42178,1.60,1.75
2016.03.17 07:40:38.173,8.41899,8.42208,1.60,1.75
2016.03.17 07:40:38.224,8.41899,8.42208,1.60,1.75
2016.03.17 07:40:38.438,8.41899,8.42208,1.97,1.75
2016.03.17 07:40:38.628,8.41922,8.42208,1.00,1.75
2016.03.17 07:40:38.730,8.41922,8.42217,1.00,1.75
2016.03.17 07:40:39.190,8.41922,8.42217,1.60,1.75
2016.03.17 07:40:39.336,8.41944,8.42247,1.60,1.75
2016.03.17 07:40:40.048,8.41944,8.42248,1.97,2.25
2016.03.17 07:40:40.319,8.41981,8.42258,1.00,1.75
2016.03.17 07:40:40.390,8.41981,8.42258,1.00,1.50
2016.03.17 07:40:40.442,8.41981,8.42278,1.60,1.75
2016.03.17 07:40:40.492,8.41981,8.42278,1.67,1.50
2016.03.17 07:40:41.198,8.41982,8.42287,1.35,1.75
2016.03.17 07:40:41.505,8.42003,8.42338,1.00,1.75
2016.03.17 07:40:41.854,8.42014,8.42337,1.35,1.75
2016.03.17 07:40:44.456,8.42023,8.42327,1.35,1.75
2016.03.17 07:40:46.779,8.42054,8.42344,1.00,1.75
2016.03.17 07:40:48.968,8.42062,8.42338,1.00,1.75
2016.03.17 07:40:49.289,8.42085,8.42358,1.60,1.75
2016.03.17 07:40:49.441,8.42129,8.42388,1.00,1.50
2016.03.17 07:40:49.542,8.42129,8.42397,1.00,1.75
2016.03.17 07:40:50.520,8.42129,8.42388,1.00,1.75
2016.03.17 07:40:50.850,8.42113,8.42367,1.00,1.37
2016.03.17 07:40:50.951,8.42093,8.42357,1.67,1.07
2016.03.17 07:40:51.780,8.42093,8.42347,1.67,1.00
2016.03.17 07:40:52.114,8.42093,8.42347,1.60,1.07
2016.03.17 07:40:52.371,8.42097,8.42358,1.60,1.37
2016.03.17 07:40:54.928,8.42097,8.42347,1.60,1.00
2016.03.17 07:40:54.979,8.42097,8.42347,1.00,1.00
2016.03.17 07:40:55.030,8.42105,8.42347,1.00,1.37
2016.03.17 07:40:55.379,8.42097,8.42318,1.00,1.00
2016.03.17 07:40:56.144,8.42097,8.42308,1.00,1.00
2016.03.17 07:40:56.194,8.42082,8.42308,1.00,1.00
2016.03.17 07:40:56.448,8.42082,8.42308,1.00,1.37
2016.03.17 07:40:56.658,8.42082,8.42317,1.00,1.37
2016.03.17 07:40:56.885,8.42082,8.42308,1.00,1.37
2016.03.17 07:40:57.230,8.42086,8.42317,1.00,1.75
2016.03.17 07:40:57.539,8.42082,8.42298,1.00,1.37
2016.03.17 07:40:57.867,8.42082,8.42328,1.00,1.75
2016.03.17 07:40:58.145,8.42085,8.42328,1.00,1.75
2016.03.17 07:40:58.537,8.42085,8.42328,1.00,1.75
2016.03.17 07:40:59.789,8.42088,8.42343,1.00,1.35
2016.03.17 07:41:00.134,8.42088,8.42358,1.00,1.75
2016.03.17 07:41:00.185,8.42088,8.42358,1.00,1.75
2016.03.17 07:41:01.955,8.42087,8.42358,1.00,2.25
2016.03.17 07:41:02.388,8.42087,8.42357,1.00,1.75
2016.03.17 07:41:04.804,8.42082,8.42358,1.00,2.25
2016.03.17 07:41:04.855,8.42082,8.42318,1.00,1.00
2016.03.17 07:41:05.436,8.42082,8.42328,1.00,1.37
2016.03.17 07:41:05.758,8.42082,8.42297,1.00,1.07
2016.03.17 07:41:06.090,8.42082,8.4238,1.00,1.75
2016.03.17 07:41:06.140,8.42082,8.42376,1.00,1.75
2016.03.17 07:41:06.622,8.42084,8.42378,1.00,1.75
2016.03.17 07:41:06.746,8.42082,8.42367,1.00,1.75
2016.03.17 07:41:06.797,8.42082,8.42367,1.00,1.75
2016.03.17 07:41:07.110,8.42082,8.42368,1.00,1.75
2016.03.17 07:41:07.658,8.42082,8.42378,1.00,1.75
2016.03.17 07:41:10.347,8.42085,8.42379,1.00,1.75
2016.03.17 07:41:10.839,8.42082,8.42379,1.00,1.75
2016.03.17 07:41:11.160,8.42016,8.42315,1.00,1.05
2016.03.17 07:41:11.211,8.42016,8.42306,1.00,1.05
2016.03.17 07:41:11.262,8.41973,8.42355,1.00,1.75
2016.03.17 07:41:11.313,8.41954,8.42345,1.00,1.75
2016.03.17 07:41:11.414,8.41934,8.42328,1.00,1.75
2016.03.17 07:41:11.935,8.41911,8.42304,1.75,1.07
2016.03.17 07:41:12.321,8.41937,8.4233,1.00,1.75
2016.03.17 07:41:12.624,8.41833,8.4206,1.66,2.47
2016.03.17 07:41:12.776,8.41772,8.42078,1.00,1.00
2016.03.17 07:41:12.877,8.41723,8.42078,1.35,1.00
2016.03.17 07:41:13.037,8.41849,8.42242,1.00,1.07
2016.03.17 07:41:13.189,8.4188,8.42248,1.00,2.04
2016.03.17 07:41:13.290,8.41852,8.42243,1.07,1.12
2016.03.17 07:41:13.628,8.41702,8.42248,1.66,2.41
2016.03.17 07:41:14.069,8.41828,8.4222,1.00,1.75
2016.03.17 07:41:15.179,8.41702,8.42233,1.66,1.75
2016.03.17 07:41:15.381,8.41812,8.42205,1.00,1.75
2016.03.17 07:41:15.704,8.41812,8.42205,1.00,1.75
2016.03.17 07:41:15.808,8.41793,8.42186,1.00,1.07
2016.03.17 07:41:17.570,8.41793,8.42178,1.00,1.00
2016.03.17 07:41:18.250,8.41799,8.42178,1.00,1.00
2016.03.17 07:41:20.011,8.41818,8.42178,1.00,1.00
2016.03.17 07:41:20.335,8.41853,8.42178,1.00,1.00
2016.03.17 07:41:21.099,8.41821,8.42178,1.00,1.00
2016.03.17 07:41:21.762,8.41821,8.42157,1.00,1.00
2016.03.17 07:41:23.409,8.41821,8.42118,1.00,1.00
2016.03.17 07:41:23.712,8.41852,8.42118,1.00,1.00
2016.03.17 07:41:24.055,8.41874,8.42118,1.00,1.00
2016.03.17 07:41:24.108,8.41874,8.42178,1.00,1.00
2016.03.17 07:41:24.625,8.41851,8.42178,1.00,1.00
2016.03.17 07:41:24.878,8.41838,8.42178,1.00,1.00
2016.03.17 07:41:24.929,8.41838,8.42178,1.00,1.07
2016.03.17 07:41:24.980,8.41804,8.42178,1.00,1.07
2016.03.17 07:41:25.151,8.41788,8.42178,1.00,1.07
2016.03.17 07:41:25.377,8.41788,8.42178,1.00,1.75
2016.03.17 07:41:25.917,8.41788,8.42178,1.00,1.07
2016.03.17 07:41:25.968,8.41816,8.42178,1.00,1.07
2016.03.17 07:41:26.240,8.41816,8.42178,1.00,1.00
2016.03.17 07:41:26.911,8.41816,8.42177,1.00,1.00
2016.03.17 07:41:27.469,8.41856,8.42177,1.00,1.00
2016.03.17 07:41:27.620,8.41838,8.42178,1.00,1.00
2016.03.17 07:41:28.035,8.41854,8.42178,1.00,1.00
2016.03.17 07:41:28.831,8.41837,8.42178,1.00,1.00
2016.03.17 07:41:32.087,8.41864,8.42178,1.00,1.00
2016.03.17 07:41:32.661,8.41893,8.42178,1.00,1.00
2016.03.17 07:41:33.619,8.41893,8.42178,1.00,1.07
2016.03.17 07:41:33.958,8.41913,8.42178,1.00,1.07
2016.03.17 07:41:34.210,8.41913,8.42178,1.00,1.00
2016.03.17 07:41:36.157,8.4191,8.42178,1.00,1.00
2016.03.17 07:41:36.411,8.41893,8.42178,1.00,1.00
2016.03.17 07:41:36.613,8.41822,8.42178,1.00,1.75
2016.03.17 07:41:36.714,8.41822,8.42168,1.75,1.00
2016.03.17 07:41:36.764,8.41822,8.42177,1.75,1.00
2016.03.17 07:41:36.815,8.41822,8.42177,1.75,1.00
2016.03.17 07:41:36.917,8.41776,8.42167,1.00,1.75
2016.03.17 07:41:37.068,8.41836,8.42198,1.00,1.75
2016.03.17 07:41:37.170,8.41836,8.42198,1.00,2.25
2016.03.17 07:41:37.359,8.41836,8.42198,1.75,1.00
2016.03.17 07:41:38.050,8.41874,8.42197,1.07,1.00
2016.03.17 07:41:38.367,8.41874,8.42197,1.00,1.75
2016.03.17 07:41:38.695,8.41908,8.42198,1.00,1.00
2016.03.17 07:41:39.118,8.41908,8.42198,1.75,1.00
2016.03.17 07:41:39.478,8.41928,8.42198,1.75,1.00
2016.03.17 07:41:39.680,8.41928,8.42198,1.75,1.00
2016.03.17 07:41:40.669,8.41928,8.42198,1.75,1.00
2016.03.17 07:41:40.877,8.41964,8.42248,1.75,1.00
2016.03.17 07:41:41.867,8.41964,8.42248,1.07,1.00
2016.03.17 07:41:42.396,8.41964,8.42247,1.07,1.00
2016.03.17 07:41:42.446,8.41964,8.42247,1.75,1.00
2016.03.17 07:41:42.750,8.41978,8.42247,1.75,1.00
2016.03.17 07:41:42.885,8.42,8.42298,1.37,1.00
2016.03.17 07:41:46.893,8.42005,8.42297,1.37,1.00
2016.03.17 07:41:47.156,8.42005,8.42298,1.00,1.00
2016.03.17 07:41:47.267,8.42012,8.42298,1.00,1.00
2016.03.17 07:41:47.607,8.42012,8.42298,1.37,1.00
2016.03.17 07:41:48.710,8.42033,8.42348,1.00,1.00
2016.03.17 07:41:49.139,8.42033,8.42348,1.75,1.00
2016.03.17 07:41:50.713,8.4205,8.42348,1.00,1.00
2016.03.17 07:41:51.147,8.42064,8.42348,1.00,1.00
2016.03.17 07:41:51.358,8.42042,8.42348,1.07,1.00
2016.03.17 07:41:51.460,8.42042,8.42348,1.00,1.00
2016.03.17 07:41:52.106,8.42024,8.42348,1.00,1.00
2016.03.17 07:41:53.119,8.4204,8.42348,1.00,1.00
2016.03.17 07:41:55.009,8.42017,8.42348,1.37,1.00
2016.03.17 07:41:56.422,8.42017,8.42348,1.00,1.00
2016.03.17 07:41:56.838,8.4205,8.42348,1.00,1.00
2016.03.17 07:41:57.141,8.42087,8.42347,1.00,1.00
2016.03.17 07:41:57.647,8.42087,8.42348,1.00,1.00
2016.03.17 07:41:58.636,8.42087,8.42368,1.00,1.00
2016.03.17 07:41:59.170,8.42096,8.42368,1.00,1.00
2016.03.17 07:41:59.296,8.42064,8.42368,1.37,1.00
2016.03.17 07:41:59.397,8.42064,8.42368,1.00,1.00
2016.03.17 07:42:00.026,8.42041,8.42368,1.37,1.00
2016.03.17 07:42:00.128,8.42041,8.42368,1.00,1.00
2016.03.17 07:42:01.154,8.42056,8.42368,1.07,1.00
2016.03.17 07:42:01.481,8.42081,8.42368,1.00,1.00
2016.03.17 07:42:03.479,8.42082,8.42368,1.00,1.00
2016.03.17 07:42:03.796,8.42112,8.42368,1.00,1.00
2016.03.17 07:42:03.897,8.42089,8.42368,1.00,1.00
2016.03.17 07:42:04.317,8.42069,8.42367,1.00,1.00
2016.03.17 07:42:04.570,8.42047,8.42367,1.00,1.00
2016.03.17 07:42:04.671,8.42025,8.42367,1.70,1.00
2016.03.17 07:42:04.889,8.42047,8.42367,1.00,1.00
2016.03.17 07:42:05.966,8.42026,8.42367,1.60,1.00
2016.03.17 07:42:06.402,8.42026,8.42367,1.60,1.07
2016.03.17 07:42:06.798,8.42026,8.42341,1.60,1.00
2016.03.17 07:42:09.053,8.42017,8.42358,1.60,1.00
2016.03.17 07:42:12.047,8.42033,8.42358,1.00,1.00
2016.03.17 07:42:12.560,8.42033,8.42357,1.00,1.00
2016.03.17 07:42:13.111,8.42033,8.42358,1.00,1.00
2016.03.17 07:42:15.192,8.42033,8.42338,1.00,1.00
2016.03.17 07:42:15.243,8.41997,8.42338,1.60,1.00
2016.03.17 07:42:16.274,8.41997,8.42321,1.60,1.00
2016.03.17 07:42:18.776,8.41997,8.42338,1.60,1.00
2016.03.17 07:42:18.928,8.41997,8.4233,1.60,1.00
2016.03.17 07:42:20.329,8.41993,8.42338,1.60,1.00
2016.03.17 07:42:24.408,8.4202,8.42319,1.60,1.00
2016.03.17 07:42:24.708,8.4202,8.42338,1.60,1.00
2016.03.17 07:42:25.194,8.4201,8.42317,1.60,1.00
2016.03.17 07:42:26.898,8.4206,8.42317,1.00,1.00
2016.03.17 07:42:27.100,8.42016,8.42317,1.00,1.00
2016.03.17 07:42:27.252,8.42014,8.42317,1.00,1.00
2016.03.17 07:42:27.416,8.41993,8.42317,1.00,1.00
2016.03.17 07:42:27.517,8.41993,8.42307,1.00,1.00
2016.03.17 07:42:27.855,8.42012,8.42307,1.00,1.00
2016.03.17 07:42:29.074,8.41962,8.42307,1.35,1.60
2016.03.17 07:42:29.225,8.41962,8.42293,1.35,1.35
2016.03.17 07:42:30.148,8.41962,8.42239,1.35,1.00
2016.03.17 07:42:30.751,8.41954,8.42261,1.35,1.37
2016.03.17 07:42:30.853,8.41911,8.42261,1.35,1.97
2016.03.17 07:42:30.904,8.41911,8.42231,1.35,1.00
2016.03.17 07:42:31.005,8.41908,8.42231,1.35,1.37
2016.03.17 07:42:31.407,8.41883,8.42202,1.07,1.35
2016.03.17 07:42:31.757,8.41883,8.42193,1.12,1.35
2016.03.17 07:42:32.067,8.41883,8.42202,1.75,1.35
2016.03.17 07:42:34.079,8.41882,8.42196,1.37,1.35
2016.03.17 07:42:34.180,8.41866,8.42187,1.35,1.07
2016.03.17 07:42:34.510,8.41866,8.42197,1.35,1.35
2016.03.17 07:42:34.706,8.41866,8.42193,1.35,1.35
2016.03.17 07:42:35.177,8.41853,8.42193,1.97,1.35
2016.03.17 07:42:35.539,8.41871,8.42193,1.00,1.35
2016.03.17 07:42:35.845,8.41918,8.42193,1.00,1.35
2016.03.17 07:42:35.896,8.41883,8.42193,1.00,1.35
2016.03.17 07:42:35.947,8.41883,8.42223,1.75,1.67
2016.03.17 07:42:35.997,8.41908,8.42223,1.00,1.67
2016.03.17 07:42:36.048,8.41921,8.42223,1.27,1.00
2016.03.17 07:42:36.099,8.42057,8.42223,1.00,1.00
2016.03.17 07:42:36.200,8.41909,8.42207,1.35,1.00
2016.03.17 07:42:36.452,8.41944,8.42207,1.00,1.00
2016.03.17 07:42:37.098,8.41978,8.42207,1.00,1.00
2016.03.17 07:42:37.149,8.41978,8.42298,1.00,1.07
2016.03.17 07:42:37.250,8.42021,8.42298,1.00,1.00
2016.03.17 07:42:37.754,8.42021,8.42297,1.00,1.00
2016.03.17 07:42:39.431,8.41962,8.42297,1.75,1.00
2016.03.17 07:42:39.805,8.41977,8.42297,1.37,1.60
2016.03.17 07:42:40.108,8.41873,8.42254,1.75,1.97
2016.03.17 07:42:40.209,8.41873,8.42204,1.75,1.00
2016.03.17 07:42:40.361,8.41873,8.42204,1.75,1.00
2016.03.17 07:42:40.517,8.41873,8.42204,1.00,1.75
2016.03.17 07:42:41.039,8.41872,8.42204,1.00,1.75
2016.03.17 07:42:41.575,8.41872,8.42204,1.00,1.75
2016.03.17 07:42:41.859,8.41872,8.42185,1.10,1.27
2016.03.17 07:42:42.011,8.41822,8.42193,1.75,1.97
2016.03.17 07:42:42.114,8.41822,8.42182,1.10,1.75
2016.03.17 07:42:42.812,8.41822,8.42164,1.00,1.75
2016.03.17 07:42:43.175,8.41822,8.42164,1.00,1.75
2016.03.17 07:42:43.631,8.41822,8.4214,1.00,1.35
2016.03.17 07:42:43.732,8.41822,8.42145,1.00,1.97
2016.03.17 07:42:43.945,8.41822,8.4214,1.00,1.35
2016.03.17 07:42:44.648,8.41822,8.42078,1.00,1.00
2016.03.17 07:42:44.842,8.4177,8.42078,1.35,1.00
2016.03.17 07:42:44.893,8.41763,8.42123,1.75,1.35
2016.03.17 07:42:45.095,8.41763,8.42105,1.00,1.35
2016.03.17 07:42:45.403,8.41763,8.42105,1.00,1.35
2016.03.17 07:42:45.734,8.41763,8.42112,1.60,1.75
2016.03.17 07:42:45.836,8.41763,8.4206,1.60,1.75
2016.03.17 07:42:45.937,8.41791,8.4206,1.60,1.50
2016.03.17 07:42:46.038,8.41791,8.42117,1.67,1.75
2016.03.17 07:42:46.291,8.41768,8.42137,1.72,1.75
2016.03.17 07:42:46.627,8.41768,8.42137,1.60,1.75
2016.03.17 07:42:50.244,8.41763,8.42105,2.10,1.75
2016.03.17 07:42:51.439,8.41778,8.4208,1.67,1.75
2016.03.17 07:42:51.541,8.41794,8.42105,1.27,1.75
2016.03.17 07:42:51.692,8.41778,8.42167,1.60,1.75
2016.03.17 07:42:51.996,8.41945,8.42168,1.00,1.75
2016.03.17 07:42:52.097,8.41945,8.42168,1.00,1.75
2016.03.17 07:42:52.199,8.41945,8.42168,1.00,1.75
2016.03.17 07:42:52.351,8.41945,8.42168,1.00,1.75
2016.03.17 07:42:52.659,8.41945,8.42168,1.00,1.75
2016.03.17 07:42:53.001,8.41945,8.42214,1.00,1.35
2016.03.17 07:42:53.203,8.41945,8.42209,1.07,1.00
2016.03.17 07:42:53.305,8.41932,8.4223,1.75,1.00
2016.03.17 07:42:53.406,8.41932,8.4223,1.75,1.00
2016.03.17 07:42:53.525,8.41932,8.42278,1.00,1.00
2016.03.17 07:42:53.627,8.41932,8.42278,1.00,1.75
2016.03.17 07:42:53.954,8.41955,8.42278,1.00,1.75
2016.03.17 07:42:54.406,8.41972,8.42337,1.00,1.75
2016.03.17 07:42:54.804,8.41993,8.42337,1.00,1.75
2016.03.17 07:42:54.947,8.41993,8.42337,1.07,1.75
2016.03.17 07:42:55.207,8.41993,8.42337,1.37,1.37
2016.03.17 07:42:55.726,8.41993,8.42337,1.75,1.00
2016.03.17 07:42:55.946,8.41993,8.42337,1.37,1.37
2016.03.17 07:42:56.315,8.41993,8.42298,1.37,2.10
2016.03.17 07:42:56.416,8.41933,8.42263,1.75,1.35
2016.03.17 07:42:56.517,8.41933,8.4224,1.75,1.60
2016.03.17 07:42:56.568,8.41933,8.4224,1.75,1.00
2016.03.17 07:42:56.720,8.41942,8.42317,2.25,1.00
2016.03.17 07:42:56.923,8.42001,8.42338,1.37,1.07
2016.03.17 07:42:56.974,8.42001,8.42338,1.00,1.75
2016.03.17 07:42:57.694,8.41981,8.42338,1.37,1.75
2016.03.17 07:42:57.916,8.41981,8.42338,1.75,1.00
2016.03.17 07:42:58.475,8.42005,8.42338,1.37,1.07
2016.03.17 07:42:59.463,8.41986,8.42309,1.75,1.00
2016.03.17 07:42:59.548,8.41986,8.42338,1.75,1.07
2016.03.17 07:43:00.525,8.41949,8.42297,1.75,1.00
2016.03.17 07:43:00.846,8.41932,8.42259,1.75,1.00
2016.03.17 07:43:00.897,8.41932,8.42298,1.75,1.00
2016.03.17 07:43:00.948,8.41932,8.42317,1.75,1.00
2016.03.17 07:43:00.998,8.41958,8.42312,1.75,1.00
2016.03.17 07:43:01.477,8.41964,8.42275,1.75,1.00
2016.03.17 07:43:01.538,8.41964,8.42313,1.75,1.00
2016.03.17 07:43:01.690,8.41964,8.42313,1.75,1.37
2016.03.17 07:43:02.018,8.41955,8.42285,1.75,1.00
2016.03.17 07:43:02.438,8.41957,8.42313,1.75,1.37
2016.03.17 07:43:02.499,8.41955,8.42285,1.75,1.00
2016.03.17 07:43:02.870,8.41957,8.42313,1.75,1.37
2016.03.17 07:43:02.921,8.4195,8.4228,1.75,1.00
2016.03.17 07:43:03.022,8.41976,8.42313,1.37,1.37
2016.03.17 07:43:03.132,8.41976,8.42313,1.75,1.00
2016.03.17 07:43:03.435,8.41976,8.42313,1.37,1.00
2016.03.17 07:43:03.637,8.41987,8.42313,1.75,1.00
2016.03.17 07:43:03.688,8.41987,8.42338,1.75,1.00
2016.03.17 07:43:03.840,8.42036,8.42338,1.00,1.00
2016.03.17 07:43:03.941,8.42036,8.42387,1.37,1.00
2016.03.17 07:43:04.043,8.42036,8.42387,1.37,1.60
2016.03.17 07:43:04.377,8.42018,8.423,1.37,1.07
2016.03.17 07:43:04.479,8.42018,8.42359,1.75,1.00
2016.03.17 07:43:04.581,8.42018,8.42387,1.75,1.37
2016.03.17 07:43:04.631,8.42032,8.42314,1.75,1.00
2016.03.17 07:43:04.682,8.42032,8.42387,1.75,1.00
2016.03.17 07:43:05.228,8.42054,8.42387,1.75,1.00
2016.03.17 07:43:05.945,8.42054,8.42387,1.07,1.00
2016.03.17 07:43:07.377,8.42054,8.42387,1.75,1.00
2016.03.17 07:43:08.706,8.42039,8.42387,1.50,1.00
2016.03.17 07:43:08.876,8.42039,8.42352,1.50,1.00
2016.03.17 07:43:09.069,8.42039,8.42388,1.50,1.00
2016.03.17 07:43:09.221,8.42039,8.42352,1.50,1.00
2016.03.17 07:43:09.794,8.42018,8.42388,1.75,1.00
2016.03.17 07:43:10.058,8.42018,8.42351,1.75,1.00
2016.03.17 07:43:10.195,8.42018,8.42388,1.75,1.00
2016.03.17 07:43:10.308,8.42018,8.42351,1.75,1.00
2016.03.17 07:43:10.696,8.42018,8.42388,1.75,1.00
2016.03.17 07:43:11.189,8.42018,8.42351,1.75,1.00
2016.03.17 07:43:11.407,8.42018,8.42388,1.75,1.00
2016.03.17 07:43:11.598,8.42018,8.42352,1.75,1.00
2016.03.17 07:43:11.803,8.41951,8.42344,1.75,1.00
2016.03.17 07:43:11.854,8.41951,8.42328,1.75,1.00
2016.03.17 07:43:12.217,8.41973,8.42304,1.75,1.00
2016.03.17 07:43:12.307,8.41973,8.4232,1.75,1.00
2016.03.17 07:43:12.367,8.41973,8.42303,1.75,1.00
2016.03.17 07:43:12.848,8.41973,8.42311,1.75,1.00
2016.03.17 07:43:12.967,8.41973,8.42304,1.75,1.00
2016.03.17 07:43:13.327,8.41973,8.42308,1.75,1.00
2016.03.17 07:43:13.447,8.41973,8.42304,1.75,1.00
2016.03.17 07:43:13.848,8.41973,8.42306,1.75,1.00
2016.03.17 07:43:13.898,8.41973,8.42304,1.75,1.00
2016.03.17 07:43:14.371,8.41967,8.42302,1.75,1.00
2016.03.17 07:43:14.422,8.41967,8.42304,1.75,1.00
2016.03.17 07:43:14.707,8.41967,8.42299,1.75,1.00
2016.03.17 07:43:15.099,8.41967,8.42265,1.75,1.00
2016.03.17 07:43:15.667,8.41967,8.42304,1.75,1.00
2016.03.17 07:43:15.809,8.41967,8.42259,1.75,1.00
2016.03.17 07:43:15.957,8.41967,8.42303,1.75,1.00
2016.03.17 07:43:16.109,8.41967,8.42304,1.75,1.00
2016.03.17 07:43:16.160,8.41967,8.4227,1.75,1.00
2016.03.17 07:43:16.267,8.41967,8.42304,1.75,1.00
2016.03.17 07:43:16.630,8.41972,8.4227,1.37,1.00
2016.03.17 07:43:16.749,8.41972,8.42304,1.37,1.00
2016.03.17 07:43:16.851,8.41972,8.4227,1.37,1.00
2016.03.17 07:43:16.929,8.41972,8.42292,1.37,1.00
2016.03.17 07:43:17.312,8.41972,8.42303,1.37,1.00
2016.03.17 07:43:17.514,8.41989,8.42303,1.75,1.00
2016.03.17 07:43:18.880,8.42003,8.42357,1.50,1.07
2016.03.17 07:43:18.931,8.42003,8.42357,1.75,1.00
2016.03.17 07:43:19.319,8.4203,8.42352,1.12,1.00
2016.03.17 07:43:19.369,8.4203,8.42357,1.12,1.00
2016.03.17 07:43:19.827,8.42011,8.42339,1.75,1.00
2016.03.17 07:43:19.915,8.42011,8.42339,1.07,1.00
2016.03.17 07:43:20.222,8.42011,8.42357,1.07,1.00
2016.03.17 07:43:20.357,8.42011,8.42316,1.07,1.00
2016.03.17 07:43:20.488,8.42011,8.42357,1.07,1.00
2016.03.17 07:43:20.794,8.42011,8.42304,1.07,1.00
2016.03.17 07:43:21.845,8.42007,8.42338,1.07,1.00
2016.03.17 07:43:21.957,8.42007,8.42304,1.07,1.00
2016.03.17 07:43:22.286,8.42028,8.42304,1.00,1.00
2016.03.17 07:43:22.438,8.42028,8.42338,1.37,1.50
2016.03.17 07:43:22.725,8.42028,8.42328,1.37,1.00
2016.03.17 07:43:22.827,8.42028,8.42338,1.37,1.50
2016.03.17 07:43:23.127,8.42028,8.42315,1.37,1.00
2016.03.17 07:43:23.189,8.42028,8.42338,1.37,1.50
2016.03.17 07:43:23.367,8.42028,8.42316,1.37,1.00
2016.03.17 07:43:23.714,8.42028,8.42338,1.75,1.00
2016.03.17 07:43:24.330,8.42028,8.42328,1.75,1.00
2016.03.17 07:43:24.582,8.42052,8.42338,1.75,1.00
2016.03.17 07:43:25.104,8.42016,8.42338,1.35,1.00
2016.03.17 07:43:25.784,8.41974,8.42338,1.75,1.00
2016.03.17 07:43:25.902,8.41974,8.42315,1.75,1.00
2016.03.17 07:43:25.953,8.41974,8.42338,1.75,1.00
2016.03.17 07:43:26.406,8.41974,8.42333,1.75,1.00
2016.03.17 07:43:26.737,8.42003,8.42338,1.75,1.00
2016.03.17 07:43:26.846,8.42003,8.42338,1.37,1.00
2016.03.17 07:43:26.909,8.42003,8.42325,1.37,1.00
2016.03.17 07:43:27.013,8.42003,8.42338,1.37,1.00
2016.03.17 07:43:27.285,8.42003,8.42338,1.75,1.00
2016.03.17 07:43:27.726,8.42003,8.42338,1.75,1.00
2016.03.17 07:43:28.528,8.42003,8.42303,1.75,1.00
2016.03.17 07:43:29.193,8.41969,8.42303,2.10,1.00
2016.03.17 07:43:29.488,8.41985,8.42312,1.50,1.00
2016.03.17 07:43:29.548,8.41985,8.42316,1.50,1.00
2016.03.17 07:43:29.986,8.41969,8.42308,1.35,1.00
2016.03.17 07:43:30.099,8.41969,8.42316,1.35,1.00
2016.03.17 07:43:30.447,8.41969,8.42316,1.72,1.00
2016.03.17 07:43:30.498,8.41964,8.42305,1.35,1.00
2016.03.17 07:43:30.599,8.41959,8.42305,1.35,1.00
2016.03.17 07:43:30.705,8.41959,8.42308,1.35,1.00
2016.03.17 07:43:30.925,8.41969,8.42308,1.35,1.00
2016.03.17 07:43:31.711,8.41955,8.42302,1.35,1.00
2016.03.17 07:43:31.918,8.41955,8.4227,1.35,1.00
2016.03.17 07:43:32.655,8.41955,8.42269,1.35,1.00
2016.03.17 07:43:33.103,8.41937,8.42291,1.75,1.00
2016.03.17 07:43:33.154,8.41932,8.42272,1.75,1.00
2016.03.17 07:43:33.356,8.41932,8.42239,1.07,1.00
2016.03.17 07:43:33.546,8.41932,8.42239,1.00,1.75
2016.03.17 07:43:33.895,8.41932,8.42239,1.07,1.75
2016.03.17 07:43:34.907,8.41932,8.42236,1.37,1.00
2016.03.17 07:43:35.222,8.41932,8.42239,1.37,1.00
2016.03.17 07:43:35.435,8.41932,8.42236,1.75,1.00
2016.03.17 07:43:35.937,8.41932,8.42246,1.75,1.00
2016.03.17 07:43:36.062,8.41932,8.42235,1.75,1.00
2016.03.17 07:43:36.237,8.41932,8.42246,1.75,1.50
2016.03.17 07:43:36.657,8.41932,8.4221,1.75,1.00
2016.03.17 07:43:36.758,8.41932,8.42236,1.75,1.00
2016.03.17 07:43:37.197,8.41932,8.42215,1.75,1.00
2016.03.17 07:43:37.676,8.41932,8.42198,1.75,1.00
2016.03.17 07:43:40.396,8.41932,8.42198,1.37,1.00
2016.03.17 07:43:40.730,8.41932,8.42198,1.75,1.00
2016.03.17 07:43:41.685,8.41951,8.42318,2.10,1.75
2016.03.17 07:43:41.736,8.41951,8.42318,2.10,1.00
2016.03.17 07:43:41.938,8.41968,8.42318,1.75,1.00
2016.03.17 07:43:42.770,8.41951,8.42308,1.35,1.00
2016.03.17 07:43:43.073,8.41951,8.42291,1.35,1.00
2016.03.17 07:43:43.174,8.41956,8.42318,1.75,1.00
2016.03.17 07:43:43.721,8.41951,8.42318,1.35,1.00
2016.03.17 07:43:43.924,8.41942,8.42301,1.75,1.00
2016.03.17 07:43:44.025,8.41942,8.42301,1.75,1.00
2016.03.17 07:43:44.127,8.41949,8.42291,1.75,1.00
2016.03.17 07:43:44.236,8.41949,8.42291,1.07,1.00
2016.03.17 07:43:44.736,8.41949,8.42291,1.75,1.00
2016.03.17 07:43:45.042,8.41956,8.42291,1.75,1.00
2016.03.17 07:43:45.225,8.41956,8.42291,1.75,1.00
2016.03.17 07:43:47.697,8.41941,8.42318,1.75,1.00
2016.03.17 07:43:48.196,8.41938,8.42329,1.75,1.00
2016.03.17 07:43:49.185,8.41938,8.42329,1.75,1.00
2016.03.17 07:43:49.422,8.41938,8.42329,1.00,1.75
2016.03.17 07:43:49.726,8.41938,8.42329,1.75,1.00
2016.03.17 07:43:50.682,8.42082,8.42329,1.00,1.00
2016.03.17 07:43:51.002,8.42095,8.42323,1.00,1.00
2016.03.17 07:43:51.103,8.42095,8.42357,1.00,1.07
2016.03.17 07:43:51.352,8.42086,8.42365,1.00,1.37
2016.03.17 07:43:51.403,8.42086,8.42365,1.00,1.00
2016.03.17 07:43:51.629,8.42086,8.42368,1.00,1.00
2016.03.17 07:43:52.393,8.42086,8.42406,1.00,1.07
2016.03.17 07:43:52.695,8.42086,8.42406,1.00,1.00
2016.03.17 07:43:53.207,8.42083,8.42406,1.00,1.00
2016.03.17 07:43:53.258,8.42083,8.42427,1.07,1.07
2016.03.17 07:43:53.359,8.42083,8.42427,1.75,1.00
2016.03.17 07:43:53.516,8.42083,8.42468,1.75,1.75
2016.03.17 07:43:53.617,8.42083,8.42468,1.75,1.00
2016.03.17 07:43:53.667,8.42083,8.42474,1.75,1.00
2016.03.17 07:43:53.718,8.42083,8.42474,1.75,1.37
2016.03.17 07:43:53.928,8.4212,8.42487,1.00,1.75
2016.03.17 07:43:54.030,8.4212,8.42487,1.37,1.12
2016.03.17 07:43:54.139,8.4212,8.42487,1.00,1.75
2016.03.17 07:43:54.245,8.4212,8.42487,1.12,1.37
2016.03.17 07:43:55.162,8.4212,8.42487,1.37,1.00
2016.03.17 07:43:55.694,8.4212,8.42487,1.00,1.50
2016.03.17 07:43:56.273,8.42115,8.42487,1.07,1.50
2016.03.17 07:43:56.684,8.42115,8.42487,1.37,1.00
2016.03.17 07:43:57.345,8.42115,8.42487,1.07,1.75
2016.03.17 07:43:57.765,8.42115,8.42487,1.37,1.00
2016.03.17 07:43:58.008,8.42115,8.4249,1.37,1.00
2016.03.17 07:43:58.109,8.42139,8.4249,1.00,1.00
2016.03.17 07:43:58.564,8.42139,8.4249,1.37,1.00
2016.03.17 07:43:59.484,8.42097,8.42479,1.35,1.00
2016.03.17 07:43:59.636,8.42097,8.42454,1.75,1.00
2016.03.17 07:43:59.745,8.42097,8.4245,1.75,1.00
2016.03.17 07:43:59.855,8.42097,8.4245,1.00,1.07
2016.03.17 07:43:59.956,8.42097,8.4245,1.00,1.75
2016.03.17 07:44:00.083,8.42092,8.4245,1.07,1.75
2016.03.17 07:44:00.307,8.421,8.4243,1.00,1.37
2016.03.17 07:44:00.621,8.421,8.4243,1.60,1.37
2016.03.17 07:44:00.973,8.421,8.4243,1.60,1.12
2016.03.17 07:44:01.825,8.421,8.4243,1.60,1.00
2016.03.17 07:44:03.759,8.421,8.4243,1.00,1.00
2016.03.17 07:44:03.810,8.421,8.42418,1.00,1.00
2016.03.17 07:44:03.860,8.42082,8.42418,1.37,1.00
2016.03.17 07:44:03.962,8.42082,8.42418,1.00,1.75
2016.03.17 07:44:04.281,8.42082,8.42334,1.00,1.37
2016.03.17 07:44:04.933,8.42082,8.42406,1.00,1.75
2016.03.17 07:44:05.035,8.42082,8.42406,1.00,1.75
2016.03.17 07:44:05.461,8.42082,8.4238,1.00,1.50
2016.03.17 07:44:06.605,8.42082,8.4238,1.00,1.75
2016.03.17 07:44:06.908,8.42082,8.42344,1.00,1.75
2016.03.17 07:44:07.110,8.42082,8.42344,1.00,1.37
2016.03.17 07:44:07.362,8.42082,8.42375,1.00,1.75
2016.03.17 07:44:08.875,8.42082,8.42375,1.00,1.75
2016.03.17 07:44:09.194,8.42082,8.42375,1.00,1.75
2016.03.17 07:44:10.194,8.42082,8.42352,1.00,1.75
2016.03.17 07:44:10.668,8.42082,8.42352,1.00,1.75
2016.03.17 07:44:11.225,8.42082,8.42352,1.00,1.75
2016.03.17 07:44:12.506,8.42082,8.42358,1.00,1.75
2016.03.17 07:44:12.607,8.42082,8.42358,1.00,1.07
2016.03.17 07:44:12.708,8.42082,8.42337,1.00,1.00
2016.03.17 07:44:13.011,8.42082,8.42336,1.00,1.75
2016.03.17 07:44:13.675,8.42057,8.42336,1.00,1.75
2016.03.17 07:44:13.726,8.42057,8.42336,1.00,1.75
2016.03.17 07:44:13.827,8.41982,8.42349,1.66,1.75
2016.03.17 07:44:14.079,8.41982,8.42349,1.66,1.50
2016.03.17 07:44:14.375,8.41982,8.42338,1.66,1.75
2016.03.17 07:44:14.710,8.41972,8.42328,1.60,1.75
2016.03.17 07:44:14.814,8.41972,8.42328,1.60,1.75
2016.03.17 07:44:15.367,8.41972,8.42302,1.60,1.75
2016.03.17 07:44:19.326,8.41972,8.42289,1.60,1.75
2016.03.17 07:44:19.790,8.41972,8.42307,1.60,1.75
2016.03.17 07:44:21.082,8.41972,8.42307,1.60,1.75
2016.03.17 07:44:21.870,8.41972,8.42293,1.00,1.75
2016.03.17 07:44:21.921,8.41952,8.42274,1.00,1.75
2016.03.17 07:44:21.972,8.41952,8.42274,1.00,1.75
2016.03.17 07:44:22.959,8.41952,8.42279,1.00,1.75
2016.03.17 07:44:23.289,8.41906,8.4225,2.10,1.75
2016.03.17 07:44:23.715,8.41906,8.42234,2.10,1.75
2016.03.17 07:44:25.555,8.41857,8.42252,1.70,1.75
2016.03.17 07:44:26.948,8.41888,8.42243,2.10,1.75
2016.03.17 07:44:27.268,8.41888,8.42218,2.10,1.75
2016.03.17 07:44:27.369,8.41872,8.42218,2.26,1.75
2016.03.17 07:44:27.817,8.41835,8.42198,2.10,1.75
2016.03.17 07:44:28.525,8.42013,8.42198,2.10,1.75
2016.03.17 07:44:28.778,8.42013,8.42237,2.10,1.75
2016.03.17 07:44:28.879,8.41973,8.42248,1.00,1.75
2016.03.17 07:44:28.930,8.41877,8.42248,1.60,1.37
2016.03.17 07:44:28.994,8.41877,8.42248,1.60,1.75
2016.03.17 07:44:29.310,8.41852,8.4223,2.10,1.75
2016.03.17 07:44:29.612,8.42,8.42248,2.10,2.25
2016.03.17 07:44:29.663,8.42,8.42248,2.10,1.75
2016.03.17 07:44:29.767,8.42,8.42248,2.10,1.37
2016.03.17 07:44:30.299,8.41954,8.42238,1.60,1.00
2016.03.17 07:44:30.351,8.41954,8.42248,1.60,1.00
2016.03.17 07:44:30.402,8.41954,8.4223,1.60,1.00
2016.03.17 07:44:30.705,8.41926,8.4223,2.10,1.75
2016.03.17 07:44:30.806,8.41863,8.42209,2.47,1.07
2016.03.17 07:44:31.016,8.41863,8.42199,2.47,1.00
2016.03.17 07:44:31.067,8.41862,8.42199,1.37,1.00
2016.03.17 07:44:31.118,8.41819,8.42189,1.12,1.00
2016.03.17 07:44:31.269,8.418,8.42189,1.60,1.37
2016.03.17 07:44:31.320,8.41825,8.42213,1.60,1.75
2016.03.17 07:44:31.421,8.41825,8.42213,1.60,1.75
2016.03.17 07:44:31.674,8.41825,8.42213,1.60,1.75
2016.03.17 07:44:32.085,8.41824,8.42197,2.10,1.75
2016.03.17 07:44:32.287,8.41809,8.42197,1.00,1.75
2016.03.17 07:44:32.338,8.41775,8.42165,1.97,1.07
2016.03.17 07:44:32.404,8.41775,8.42165,1.60,1.37
2016.03.17 07:44:32.725,8.41774,8.42165,1.60,1.75
2016.03.17 07:44:33.424,8.41784,8.42165,2.10,1.75
2016.03.17 07:44:33.614,8.41784,8.42165,2.47,1.37
2016.03.17 07:44:34.626,8.41982,8.42163,1.00,1.37
2016.03.17 07:44:34.934,8.41982,8.42189,1.00,1.75
2016.03.17 07:44:35.054,8.41982,8.42189,1.00,1.37
2016.03.17 07:44:35.155,8.41982,8.42207,1.00,1.12
2016.03.17 07:44:35.622,8.41982,8.42198,1.00,1.00
2016.03.17 07:44:36.157,8.41982,8.42187,1.00,1.00
2016.03.17 07:44:36.574,8.41982,8.42208,1.00,1.00
2016.03.17 07:44:36.625,8.41982,8.42193,1.00,1.00
2016.03.17 07:44:36.984,8.41982,8.42188,1.00,1.07
2016.03.17 07:44:37.035,8.41982,8.42188,1.00,1.00
2016.03.17 07:44:37.375,8.41982,8.42177,1.00,1.00
2016.03.17 07:44:37.603,8.41982,8.42198,1.00,1.00
2016.03.17 07:44:37.705,8.41982,8.42178,1.00,1.00
2016.03.17 07:44:37.835,8.41958,8.42178,1.00,1.00
2016.03.17 07:44:37.928,8.41952,8.42188,1.00,1.00
2016.03.17 07:44:38.138,8.41927,8.42188,1.00,1.00
2016.03.17 07:44:38.189,8.41862,8.42188,2.26,1.00
2016.03.17 07:44:38.341,8.41862,8.42177,2.26,1.00
2016.03.17 07:44:38.772,8.41862,8.42167,2.26,1.00
2016.03.17 07:44:39.112,8.41862,8.42148,2.26,1.00
2016.03.17 07:44:39.434,8.41837,8.42138,2.10,1.00
2016.03.17 07:44:40.314,8.41837,8.42158,2.10,1.37
2016.03.17 07:44:40.774,8.41837,8.42158,2.10,1.75
2016.03.17 07:44:41.102,8.41837,8.42149,2.10,1.07
2016.03.17 07:44:41.517,8.41837,8.42188,2.47,1.75
2016.03.17 07:44:42.219,8.41866,8.42207,1.60,1.50
2016.03.17 07:44:42.320,8.41866,8.42207,1.97,1.07
2016.03.17 07:44:42.655,8.41861,8.42198,1.35,1.00
2016.03.17 07:44:42.987,8.41844,8.42208,1.60,1.75
2016.03.17 07:44:43.321,8.41842,8.42207,2.26,1.75
2016.03.17 07:44:44.874,8.41841,8.42203,1.60,1.75
2016.03.17 07:44:44.986,8.41841,8.42203,1.60,1.75
2016.03.17 07:44:45.164,8.41841,8.42203,1.67,1.75
2016.03.17 07:44:45.944,8.41842,8.42214,2.26,1.75
2016.03.17 07:44:46.247,8.41842,8.42193,2.26,1.75
2016.03.17 07:44:47.842,8.41802,8.42176,1.74,1.75
2016.03.17 07:44:47.945,8.41792,8.42154,1.37,1.75
2016.03.17 07:44:48.273,8.41792,8.42143,1.00,1.75
2016.03.17 07:44:48.618,8.41762,8.42143,2.26,1.75
2016.03.17 07:44:50.947,8.41762,8.4214,1.66,1.75
2016.03.17 07:44:50.998,8.41762,8.42122,1.66,1.75
2016.03.17 07:44:51.224,8.41742,8.42094,1.60,1.37
2016.03.17 07:44:53.137,8.41752,8.42131,1.66,1.75
2016.03.17 07:44:53.314,8.41752,8.42131,1.66,1.75
2016.03.17 07:44:53.925,8.41756,8.42139,1.00,1.75
2016.03.17 07:44:54.285,8.41773,8.42158,1.60,1.75
2016.03.17 07:44:58.063,8.41792,8.42158,2.26,1.75
2016.03.17 07:44:58.298,8.41794,8.42158,1.35,1.75
2016.03.17 07:45:00.048,8.41792,8.42158,2.64,1.75
2016.03.17 07:45:04.970,8.41818,8.42148,2.10,1.75
2016.03.17 07:45:05.081,8.41818,8.42148,2.47,1.37
2016.03.17 07:45:05.651,8.41818,8.42148,2.47,1.00
2016.03.17 07:45:06.303,8.41825,8.42148,1.70,1.07
2016.03.17 07:45:06.606,8.41825,8.42148,1.60,1.75
2016.03.17 07:45:06.949,8.41818,8.42148,2.10,1.75
2016.03.17 07:45:07.209,8.41818,8.42148,2.10,1.75
2016.03.17 07:45:07.522,8.41818,8.42148,2.10,1.75
2016.03.17 07:45:12.238,8.41822,8.42118,1.97,1.00
2016.03.17 07:45:12.460,8.41818,8.42178,2.47,1.75
2016.03.17 07:45:14.055,8.41868,8.42177,2.10,1.75
2016.03.17 07:45:14.106,8.41868,8.42177,2.17,1.37
2016.03.17 07:45:15.300,8.41868,8.42178,2.47,1.00
2016.03.17 07:45:15.900,8.41868,8.42177,2.47,1.00
2016.03.17 07:45:16.583,8.41874,8.42178,2.10,1.00
2016.03.17 07:45:17.220,8.41869,8.42178,1.60,1.07
2016.03.17 07:45:17.271,8.4189,8.42178,1.00,1.07
2016.03.17 07:45:17.372,8.41896,8.42178,1.00,1.07
2016.03.17 07:45:17.473,8.4187,8.42178,1.00,1.75
2016.03.17 07:45:17.575,8.41879,8.42178,1.00,1.75
2016.03.17 07:45:17.726,8.41853,8.42178,1.60,1.00
2016.03.17 07:45:18.430,8.41853,8.42178,1.60,1.75
2016.03.17 07:45:22.907,8.41832,8.42198,1.60,1.50
2016.03.17 07:45:25.463,8.41879,8.42198,1.00,1.50
2016.03.17 07:45:25.665,8.41889,8.42281,2.10,1.00
2016.03.17 07:45:25.716,8.4192,8.42288,1.60,1.00
2016.03.17 07:45:25.817,8.41925,8.42288,2.10,1.00
2016.03.17 07:45:25.985,8.41993,8.42377,1.66,1.07
2016.03.17 07:45:26.036,8.42166,8.42377,2.10,1.07
2016.03.17 07:45:26.238,8.42166,8.42521,2.10,1.00
2016.03.17 07:45:26.339,8.42166,8.42592,2.10,1.00
2016.03.17 07:45:26.591,8.42166,8.42652,2.10,1.00
2016.03.17 07:45:26.793,8.42142,8.42652,2.10,1.00
2016.03.17 07:45:26.944,8.42225,8.42618,1.00,1.00
2016.03.17 07:45:27.441,8.42225,8.42618,1.00,1.07
2016.03.17 07:45:27.743,8.42205,8.42598,1.60,1.37
2016.03.17 07:45:31.650,8.42213,8.42603,1.00,1.75
2016.03.17 07:45:33.530,8.42192,8.4258,1.60,1.00
2016.03.17 07:45:34.732,8.42209,8.42588,1.60,1.07
2016.03.17 07:45:34.884,8.4223,8.42588,1.00,1.07
2016.03.17 07:45:35.090,8.4223,8.42588,1.00,1.00
2016.03.17 07:45:37.478,8.42229,8.42588,1.00,1.00
2016.03.17 07:45:38.367,8.42248,8.42588,2.10,1.00
2016.03.17 07:45:39.542,8.42279,8.42587,1.97,1.00
2016.03.17 07:45:40.079,8.42298,8.42588,1.60,1.00
2016.03.17 07:45:40.744,8.42298,8.42588,1.97,1.00
2016.03.17 07:45:42.019,8.42298,8.42597,1.97,1.00
2016.03.17 07:45:43.099,8.4232,8.42597,1.00,1.00
2016.03.17 07:45:43.419,8.42318,8.42598,1.67,1.00
2016.03.17 07:45:46.054,8.42296,8.42598,1.97,1.00
2016.03.17 07:45:49.649,8.42273,8.42578,2.26,1.00
2016.03.17 07:45:53.770,8.42269,8.42578,1.37,1.00
2016.03.17 07:45:53.940,8.42223,8.42578,1.35,1.37
2016.03.17 07:45:54.179,8.42249,8.42578,1.35,1.00
2016.03.17 07:45:54.509,8.42238,8.42566,1.35,1.00
2016.03.17 07:45:55.880,8.42203,8.42547,2.41,1.00
2016.03.17 07:45:55.931,8.42175,8.42547,1.35,1.75
2016.03.17 07:45:56.014,8.42178,8.42547,1.35,1.75
2016.03.17 07:45:56.319,8.42197,8.42547,2.17,1.75
2016.03.17 07:45:56.639,8.42197,8.42517,2.47,1.75
2016.03.17 07:45:57.278,8.42209,8.42518,1.27,1.75
2016.03.17 07:45:57.430,8.42173,8.42546,1.70,1.75
2016.03.17 07:45:57.979,8.42173,8.42537,1.60,1.75
2016.03.17 07:45:59.661,8.42173,8.42518,1.60,1.75
2016.03.17 07:46:00.398,8.42173,8.42537,1.60,1.75
2016.03.17 07:46:01.168,8.42173,8.42537,1.97,1.37
2016.03.17 07:46:01.861,8.42182,8.42549,1.35,1.37
2016.03.17 07:46:02.063,8.42209,8.42567,2.10,1.75
2016.03.17 07:46:02.164,8.42214,8.42567,1.35,1.37
2016.03.17 07:46:02.841,8.42239,8.42567,1.35,1.00
2016.03.17 07:46:03.172,8.42605,8.42667,2.47,6.75
2016.03.17 07:46:03.223,8.42605,8.42867,2.47,1.00
2016.03.17 07:46:03.274,8.42651,8.42867,1.35,1.00
2016.03.17 07:46:03.375,8.42605,8.42868,2.10,1.00
2016.03.17 07:46:03.544,8.42613,8.42867,2.10,1.00
2016.03.17 07:46:03.702,8.42613,8.42898,2.10,1.00
2016.03.17 07:46:04.908,8.42613,8.42897,2.47,1.00
2016.03.17 07:46:04.958,8.42654,8.42897,1.35,1.00
2016.03.17 07:46:05.060,8.42649,8.42897,1.35,1.00
2016.03.17 07:46:05.387,8.42616,8.42897,1.35,1.00
2016.03.17 07:46:05.488,8.42609,8.42897,1.35,1.00
2016.03.17 07:46:05.589,8.42597,8.42897,1.35,1.00
2016.03.17 07:46:06.723,8.42611,8.42907,1.35,1.00
2016.03.17 07:46:07.920,8.426,8.42908,2.10,1.00
2016.03.17 07:46:14.851,8.42598,8.42907,1.35,1.00
2016.03.17 07:46:14.902,8.42598,8.42905,1.35,1.00
2016.03.17 07:46:16.198,8.42598,8.42907,1.35,1.00
2016.03.17 07:46:16.730,8.42598,8.42878,1.35,1.00
2016.03.17 07:46:22.598,8.42619,8.42878,1.35,1.00
2016.03.17 07:46:22.842,8.42619,8.42937,1.35,1.00
2016.03.17 07:46:23.197,8.42656,8.42937,1.35,1.00
2016.03.17 07:46:23.248,8.42648,8.42937,1.67,1.00
2016.03.17 07:46:23.948,8.42631,8.42938,1.97,1.00
2016.03.17 07:46:24.663,8.42631,8.42937,1.97,1.00
2016.03.17 07:46:24.833,8.42631,8.42988,1.97,1.00
2016.03.17 07:46:29.398,8.42608,8.42979,1.35,1.00
2016.03.17 07:46:29.728,8.42608,8.42953,1.35,1.00
2016.03.17 07:46:32.037,8.42608,8.42964,1.35,1.00
2016.03.17 07:46:34.238,8.42614,8.42958,1.67,1.00
2016.03.17 07:46:34.580,8.42614,8.42932,1.67,1.00
2016.03.17 07:46:35.153,8.426,8.42954,2.47,1.00
2016.03.17 07:46:36.549,8.42617,8.42958,1.35,1.00
2016.03.17 07:46:39.371,8.42617,8.42957,1.35,1.00
2016.03.17 07:46:39.526,8.42635,8.42957,1.35,1.00
2016.03.17 07:46:40.575,8.42635,8.42958,1.35,1.00
2016.03.17 07:46:41.027,8.42654,8.42958,1.97,1.00
2016.03.17 07:46:42.786,8.42652,8.42957,1.35,1.00
2016.03.17 07:46:42.840,8.42644,8.42957,1.67,1.00
2016.03.17 07:46:43.384,8.42644,8.42958,1.67,1.00
2016.03.17 07:46:44.920,8.42654,8.42968,1.60,1.00
2016.03.17 07:46:49.446,8.42645,8.42967,1.67,1.00
2016.03.17 07:46:51.149,8.42654,8.42967,1.35,1.00
2016.03.17 07:46:51.452,8.42694,8.42968,2.10,1.00
2016.03.17 07:46:52.027,8.4279,8.42968,2.10,1.00
2016.03.17 07:46:52.128,8.4279,8.43044,2.10,1.00
2016.03.17 07:46:52.179,8.4279,8.43048,2.10,1.00
2016.03.17 07:46:52.912,8.4279,8.43047,2.10,1.00
2016.03.17 07:46:53.425,8.4279,8.43048,2.10,1.00
2016.03.17 07:46:54.125,8.42822,8.43107,1.35,1.00
2016.03.17 07:46:54.458,8.4283,8.43108,1.35,1.00
2016.03.17 07:46:54.777,8.42843,8.43108,2.47,1.00
2016.03.17 07:46:55.092,8.42824,8.42898,2.92,1.00
2016.03.17 07:46:55.143,8.42791,8.43072,1.75,1.00
2016.03.17 07:46:55.244,8.42842,8.43108,1.50,1.00
2016.03.17 07:46:56.647,8.42831,8.43108,3.00,1.00
2016.03.17 07:46:56.839,8.42831,8.43138,3.00,1.00
2016.03.17 07:46:56.891,8.42831,8.43138,3.00,1.00
2016.03.17 07:46:57.178,8.42879,8.43198,1.35,1.00
2016.03.17 07:46:57.229,8.42907,8.43198,1.35,1.00
2016.03.17 07:46:57.533,8.42932,8.43198,1.67,1.00
2016.03.17 07:46:58.049,8.42894,8.43197,1.35,1.00
2016.03.17 07:47:03.408,8.42882,8.43198,2.10,1.00
2016.03.17 07:47:07.174,8.42882,8.43157,2.10,1.00
2016.03.17 07:47:07.481,8.42882,8.42996,2.10,1.00
2016.03.17 07:47:07.585,8.42882,8.42997,2.10,1.00
2016.03.17 07:47:08.088,8.42882,8.4299,2.10,1.00
2016.03.17 07:47:08.540,8.42882,8.42985,2.10,1.00
2016.03.17 07:47:09.589,8.42882,8.43106,2.10,1.00
2016.03.17 07:47:09.790,8.42882,8.43076,2.10,1.00
2016.03.17 07:47:09.891,8.42882,8.43123,2.10,1.00
2016.03.17 07:47:09.992,8.42882,8.43158,2.10,1.00
2016.03.17 07:47:10.511,8.4283,8.43158,1.35,1.00
2016.03.17 07:47:15.259,8.42887,8.43158,1.35,1.00
2016.03.17 07:47:17.104,8.42887,8.43178,1.35,1.00
2016.03.17 07:47:18.759,8.42887,8.4317,1.35,1.00
2016.03.17 07:47:18.870,8.42887,8.43178,1.35,1.00
2016.03.17 07:47:20.867,8.42839,8.43178,1.35,1.00
2016.03.17 07:47:20.918,8.42839,8.43172,1.35,1.00
2016.03.17 07:47:21.098,8.42839,8.43178,1.35,1.00
2016.03.17 07:47:23.705,8.42839,8.43157,1.35,1.00
2016.03.17 07:47:23.822,8.42839,8.43178,1.35,1.00
2016.03.17 07:47:24.450,8.42839,8.43174,1.35,1.00
2016.03.17 07:47:24.602,8.42829,8.43178,1.35,1.00
2016.03.17 07:47:25.470,8.42829,8.4317,1.35,1.00
2016.03.17 07:47:25.776,8.42829,8.43139,1.35,1.00
2016.03.17 07:47:26.416,8.42857,8.43178,1.60,1.00
2016.03.17 07:47:26.467,8.42883,8.43177,1.00,1.00
2016.03.17 07:47:27.117,8.42894,8.43177,1.00,1.00
2016.03.17 07:47:27.479,8.42882,8.43148,1.00,1.00
2016.03.17 07:47:28.315,8.42882,8.43148,1.60,1.00
2016.03.17 07:47:29.992,8.42896,8.43148,1.42,1.00
2016.03.17 07:47:30.148,8.42901,8.43197,1.67,1.00
2016.03.17 07:47:40.091,8.42922,8.43238,1.35,1.00
2016.03.17 07:47:43.513,8.42943,8.43238,1.35,1.00
2016.03.17 07:47:43.869,8.42953,8.43238,2.10,1.00
2016.03.17 07:47:44.177,8.42995,8.43238,1.35,1.00
2016.03.17 07:47:44.371,8.42995,8.43288,1.35,1.00
2016.03.17 07:47:48.377,8.42955,8.43288,1.60,1.00
2016.03.17 07:47:49.587,8.42955,8.43288,1.97,1.00
2016.03.17 07:47:55.849,8.42964,8.43288,1.35,1.00
2016.03.17 07:47:56.059,8.42955,8.43288,2.10,1.00
2016.03.17 07:47:56.268,8.42928,8.43288,1.97,1.00
2016.03.17 07:47:57.190,8.42926,8.43286,1.97,1.00
2016.03.17 07:47:57.397,8.42926,8.43288,1.97,1.00
2016.03.17 07:47:58.161,8.4293,8.43279,1.97,1.00
2016.03.17 07:47:58.240,8.42928,8.43288,1.97,1.00
2016.03.17 07:47:58.916,8.4293,8.43279,1.97,1.00
2016.03.17 07:47:59.200,8.42925,8.43288,1.35,1.00
2016.03.17 07:48:01.919,8.42964,8.43288,2.10,1.00
2016.03.17 07:48:02.222,8.42996,8.43288,2.47,1.00
2016.03.17 07:48:06.860,8.43044,8.43291,1.60,1.00
2016.03.17 07:48:11.842,8.43077,8.43308,1.00,1.00
2016.03.17 07:48:12.259,8.43114,8.43308,1.00,1.00
2016.03.17 07:48:15.397,8.43114,8.43358,1.00,1.00
2016.03.17 07:48:16.253,8.43114,8.43339,1.00,1.00
2016.03.17 07:48:16.305,8.43069,8.43319,1.00,1.00
2016.03.17 07:48:17.867,8.43103,8.43352,1.00,1.00
2016.03.17 07:48:18.587,8.43063,8.43313,1.00,1.00
2016.03.17 07:48:24.898,8.43097,8.43333,1.00,1.00
2016.03.17 07:48:25.005,8.43097,8.43338,1.00,1.00
2016.03.17 07:48:27.604,8.43145,8.43338,1.00,1.00
2016.03.17 07:48:28.588,8.43145,8.43378,1.00,1.00
2016.03.17 07:48:29.215,8.43145,8.43377,1.00,1.00
2016.03.17 07:48:31.417,8.43125,8.43355,1.00,1.00
2016.03.17 07:48:31.519,8.43106,8.43355,1.00,1.00
2016.03.17 07:48:33.031,8.43132,8.43355,1.00,1.00
2016.03.17 07:48:33.104,8.43151,8.43378,1.00,1.00
2016.03.17 07:48:34.720,8.43113,8.43362,1.00,1.00
2016.03.17 07:48:37.238,8.43161,8.43378,1.00,1.00
2016.03.17 07:48:38.540,8.43161,8.43408,1.00,1.00
2016.03.17 07:48:38.643,8.43183,8.43408,1.00,1.00
2016.03.17 07:48:38.947,8.43203,8.43427,1.00,1.00
2016.03.17 07:48:41.274,8.43203,8.43428,1.00,1.00
2016.03.17 07:48:42.830,8.43203,8.43423,1.00,1.37
2016.03.17 07:48:43.032,8.43203,8.43428,1.00,1.37
2016.03.17 07:48:43.137,8.43203,8.43428,1.00,1.00
2016.03.17 07:48:43.351,8.43157,8.43406,1.00,1.00
2016.03.17 07:48:43.939,8.43157,8.43406,1.00,1.37
2016.03.17 07:48:44.775,8.43157,8.43406,1.00,1.07
2016.03.17 07:48:45.368,8.43157,8.43406,1.00,1.75
2016.03.17 07:48:47.524,8.43203,8.43426,1.00,1.75
2016.03.17 07:48:48.831,8.43165,8.43407,1.00,1.75
2016.03.17 07:48:49.656,8.43165,8.43407,1.00,1.00
2016.03.17 07:48:50.484,8.43165,8.43299,1.00,4.74
2016.03.17 07:48:50.586,8.43165,8.43408,1.00,1.00
2016.03.17 07:48:50.637,8.43165,8.43242,1.00,1.00
2016.03.17 07:48:50.833,8.43117,8.43242,1.37,1.00
2016.03.17 07:48:50.985,8.43117,8.43367,1.37,1.00
2016.03.17 07:48:51.036,8.43156,8.43406,1.00,1.00
2016.03.17 07:48:51.087,8.43156,8.43398,1.00,1.00
2016.03.17 07:48:51.289,8.43104,8.43353,1.00,1.00
2016.03.17 07:48:51.442,8.43066,8.43316,1.00,1.00
2016.03.17 07:48:51.608,8.43066,8.43316,1.00,1.75
2016.03.17 07:48:51.709,8.43066,8.43316,1.00,1.75
2016.03.17 07:48:51.816,8.43066,8.43316,1.75,1.00
2016.03.17 07:48:52.133,8.43095,8.43316,1.50,1.00
2016.03.17 07:48:52.184,8.43115,8.43364,1.07,1.00
2016.03.17 07:48:52.768,8.43115,8.43364,1.00,1.00
2016.03.17 07:48:54.346,8.43115,8.43364,1.75,1.00
2016.03.17 07:48:54.572,8.43115,8.43364,1.00,1.00
2016.03.17 07:48:55.354,8.43115,8.43364,1.07,1.00
2016.03.17 07:48:55.967,8.43125,8.43364,1.00,1.00
2016.03.17 07:48:56.155,8.43115,8.43364,1.00,1.00
2016.03.17 07:48:56.272,8.43139,8.43364,1.00,1.00
2016.03.17 07:48:56.446,8.43163,8.43398,1.00,1.07
2016.03.17 07:48:56.576,8.43207,8.43398,1.00,1.00
2016.03.17 07:48:56.852,8.43187,8.43398,1.00,1.00
2016.03.17 07:48:56.903,8.43173,8.43398,1.00,1.00
2016.03.17 07:48:58.638,8.43173,8.43422,1.00,1.00
2016.03.17 07:48:58.992,8.4321,8.43427,1.00,1.00
2016.03.17 07:49:01.785,8.4319,8.43422,1.00,1.00
2016.03.17 07:49:01.836,8.43172,8.43422,1.00,1.00
2016.03.17 07:49:02.391,8.43172,8.43422,1.37,1.00
2016.03.17 07:49:02.697,8.43309,8.43509,2.10,1.00
2016.03.17 07:49:02.798,8.43349,8.43558,1.60,1.00
2016.03.17 07:49:02.849,8.43349,8.43577,1.97,1.00
2016.03.17 07:49:02.950,8.43391,8.4364,1.60,1.00
2016.03.17 07:49:03.001,8.43412,8.4364,1.00,1.00
2016.03.17 07:49:03.102,8.43391,8.4364,1.00,1.00
2016.03.17 07:49:03.417,8.43341,8.43591,1.00,1.00
2016.03.17 07:49:03.671,8.43375,8.43611,1.00,1.00
2016.03.17 07:49:03.722,8.43375,8.43624,1.00,1.00
2016.03.17 07:49:03.874,8.43355,8.43588,1.00,1.00
2016.03.17 07:49:03.928,8.43339,8.43588,1.00,1.00
2016.03.17 07:49:04.182,8.4332,8.43534,1.00,1.00
2016.03.17 07:49:04.233,8.43285,8.43534,1.00,1.00
2016.03.17 07:49:04.389,8.43344,8.43554,1.00,1.00
2016.03.17 07:49:04.441,8.43344,8.43593,1.00,1.00
2016.03.17 07:49:04.695,8.43324,8.43556,1.00,1.00
2016.03.17 07:49:04.746,8.43307,8.43556,1.00,1.00
2016.03.17 07:49:05.896,8.43307,8.43556,1.00,1.75
2016.03.17 07:49:06.200,8.43287,8.43518,1.00,1.00
2016.03.17 07:49:06.301,8.43269,8.43518,1.00,1.00
2016.03.17 07:49:08.315,8.43269,8.43518,1.00,1.75
2016.03.17 07:49:09.007,8.43269,8.43518,1.00,1.75
2016.03.17 07:49:09.200,8.43224,8.43471,1.00,1.75
2016.03.17 07:49:09.301,8.43203,8.43435,1.00,1.75
2016.03.17 07:49:09.352,8.43186,8.43435,1.00,1.75
2016.03.17 07:49:09.676,8.43186,8.43435,1.00,1.75
2016.03.17 07:49:11.663,8.43186,8.43435,1.00,1.75
2016.03.17 07:49:11.916,8.43166,8.43397,1.00,1.75
2016.03.17 07:49:11.967,8.43148,8.43397,1.00,1.75
2016.03.17 07:49:12.105,8.43148,8.43397,1.00,1.75
2016.03.17 07:49:12.206,8.43161,8.43397,1.00,1.75
2016.03.17 07:49:12.466,8.43158,8.43397,1.00,1.75
2016.03.17 07:49:12.599,8.43164,8.43397,1.00,1.75
2016.03.17 07:49:12.852,8.43148,8.43397,1.00,1.75
2016.03.17 07:49:12.903,8.43164,8.43397,1.00,1.75
2016.03.17 07:49:13.181,8.43148,8.43397,1.00,1.75
2016.03.17 07:49:13.332,8.43163,8.43397,1.00,1.75
2016.03.17 07:49:13.383,8.43163,8.43397,1.00,1.00
2016.03.17 07:49:13.490,8.43187,8.43417,1.00,1.00
2016.03.17 07:49:13.541,8.43187,8.43436,1.00,1.00
2016.03.17 07:49:16.927,8.43226,8.43456,1.00,1.00
2016.03.17 07:49:16.978,8.43226,8.43473,1.00,1.00
2016.03.17 07:49:18.978,8.43226,8.43473,1.00,1.07
2016.03.17 07:49:19.330,8.43226,8.43473,1.00,1.75
2016.03.17 07:49:21.525,8.43226,8.43473,1.60,1.75
2016.03.17 07:49:21.639,8.43226,8.43473,1.60,1.00
2016.03.17 07:49:22.025,8.43226,8.43473,1.00,1.00
2016.03.17 07:49:22.328,8.43226,8.43473,1.00,1.07
2016.03.17 07:49:22.644,8.43226,8.43473,1.00,1.00
2016.03.17 07:49:23.855,8.43226,8.43473,1.00,1.75
2016.03.17 07:49:24.141,8.43206,8.4344,1.00,1.00
2016.03.17 07:49:24.192,8.4319,8.4344,1.00,1.00
2016.03.17 07:49:24.445,8.43236,8.4346,1.00,1.00
2016.03.17 07:49:24.495,8.43236,8.43484,1.00,1.00
2016.03.17 07:49:25.856,8.4328,8.43505,1.00,1.00
2016.03.17 07:49:25.973,8.4328,8.4353,1.00,1.00
2016.03.17 07:49:26.024,8.43333,8.43549,1.00,1.00
2016.03.17 07:49:26.325,8.4337,8.43557,1.00,1.00
2016.03.17 07:49:26.376,8.4337,8.43608,1.00,1.37
2016.03.17 07:49:28.439,8.4337,8.43608,1.00,1.37
2016.03.17 07:49:28.596,8.4337,8.43608,1.00,1.00
2016.03.17 07:49:28.647,8.4335,8.43581,1.00,1.00
2016.03.17 07:49:28.748,8.43332,8.43581,1.00,1.00
2016.03.17 07:49:28.799,8.43332,8.43581,1.00,1.37
2016.03.17 07:49:29.002,8.43287,8.43536,1.00,1.00
2016.03.17 07:49:29.595,8.43287,8.43536,1.00,1.37
2016.03.17 07:49:30.208,8.43287,8.43536,1.00,1.75
2016.03.17 07:49:32.260,8.43374,8.43536,1.00,1.75
2016.03.17 07:49:32.362,8.43287,8.43536,1.00,1.75
2016.03.17 07:49:32.464,8.43267,8.43504,1.00,1.00
2016.03.17 07:49:32.515,8.43254,8.43504,1.00,1.00
2016.03.17 07:49:32.850,8.43254,8.43504,1.00,1.75
2016.03.17 07:49:33.002,8.43254,8.43504,1.00,1.75
2016.03.17 07:49:33.197,8.43322,8.43504,1.00,1.75
2016.03.17 07:49:33.299,8.43254,8.43504,1.00,1.75
2016.03.17 07:49:35.388,8.43254,8.43498,1.00,1.00
2016.03.17 07:49:36.824,8.43254,8.43498,1.00,1.37
2016.03.17 07:49:37.295,8.43254,8.43498,1.00,1.00
2016.03.17 07:49:44.726,8.43254,8.43504,1.00,1.00
2016.03.17 07:49:45.445,8.43254,8.43504,1.00,1.37
2016.03.17 07:49:49.652,8.43254,8.43504,1.00,1.00
2016.03.17 07:49:53.656,8.43254,8.43504,1.00,1.37
2016.03.17 07:49:54.218,8.43254,8.43504,1.00,1.75
2016.03.17 07:49:55.424,8.43215,8.43465,1.00,1.00
2016.03.17 07:49:57.014,8.4324,8.43465,1.00,1.00
2016.03.17 07:50:01.677,8.43215,8.43465,1.00,1.00
2016.03.17 07:50:01.728,8.4324,8.43465,1.00,1.00
2016.03.17 07:50:01.877,8.43215,8.43465,1.00,1.00
2016.03.17 07:50:02.011,8.43241,8.43465,1.00,1.00
2016.03.17 07:50:02.357,8.43221,8.43465,1.00,1.00
2016.03.17 07:50:02.458,8.4324,8.43465,1.00,1.00
2016.03.17 07:50:03.828,8.4324,8.43411,1.00,1.00
2016.03.17 07:50:03.980,8.43215,8.43411,1.00,1.00
2016.03.17 07:50:04.031,8.4324,8.43411,1.00,1.00
2016.03.17 07:50:04.081,8.4322,8.43411,1.00,1.00
2016.03.17 07:50:04.183,8.4324,8.43411,1.00,1.00
2016.03.17 07:50:04.234,8.4324,8.43428,1.00,1.00
2016.03.17 07:50:04.335,8.4324,8.43398,1.00,1.00
2016.03.17 07:50:05.056,8.4324,8.43407,1.00,1.00
2016.03.17 07:50:05.607,8.4324,8.43437,1.00,1.00
2016.03.17 07:50:05.708,8.43221,8.43437,1.00,1.00
2016.03.17 07:50:06.045,8.43221,8.43427,1.00,1.00
2016.03.17 07:50:06.376,8.43221,8.43437,1.00,1.00
2016.03.17 07:50:14.729,8.43221,8.43446,1.00,1.00
2016.03.17 07:50:16.677,8.43221,8.43393,1.00,1.00
2016.03.17 07:50:16.728,8.43193,8.43393,1.00,1.00
2016.03.17 07:50:16.779,8.43187,8.43356,1.00,1.00
2016.03.17 07:50:16.830,8.43182,8.43356,1.00,1.00
2016.03.17 07:50:16.931,8.43193,8.434,1.00,1.00
2016.03.17 07:50:17.038,8.43182,8.434,1.12,1.00
2016.03.17 07:50:17.089,8.43215,8.434,1.00,1.00
2016.03.17 07:50:17.227,8.43215,8.43451,1.00,1.00
2016.03.17 07:50:17.531,8.43206,8.43451,1.00,1.00
2016.03.17 07:50:17.683,8.43271,8.4352,1.00,1.00
2016.03.17 07:50:18.089,8.43232,8.43479,1.00,1.00
2016.03.17 07:50:18.780,8.43266,8.43479,1.00,1.00
2016.03.17 07:50:20.609,8.43245,8.43479,1.00,1.00
2016.03.17 07:50:21.960,8.43258,8.43479,1.00,1.00
2016.03.17 07:50:22.287,8.43258,8.43428,1.00,1.00
2016.03.17 07:50:22.490,8.43197,8.43428,1.00,1.00
2016.03.17 07:50:22.816,8.43225,8.43428,1.00,1.00
2016.03.17 07:50:23.386,8.43225,8.43463,1.00,1.00
2016.03.17 07:50:23.520,8.43249,8.43463,1.00,1.00
2016.03.17 07:50:29.750,8.43225,8.43463,1.00,1.00
2016.03.17 07:50:29.809,8.4325,8.43463,1.00,1.00
2016.03.17 07:50:32.002,8.43227,8.43463,1.00,1.00
2016.03.17 07:50:32.357,8.43227,8.43438,1.00,1.00
2016.03.17 07:50:33.050,8.43214,8.43438,1.00,1.00
2016.03.17 07:50:33.997,8.43227,8.43438,1.00,1.00
2016.03.17 07:50:35.788,8.43227,8.43463,1.00,1.00
2016.03.17 07:50:36.346,8.43227,8.43424,1.00,1.00
2016.03.17 07:50:37.350,8.43247,8.43444,1.00,1.00
2016.03.17 07:50:37.401,8.43247,8.43488,1.00,1.00
2016.03.17 07:50:37.936,8.43247,8.43488,1.00,1.07
2016.03.17 07:50:38.038,8.4325,8.43488,1.00,1.07
2016.03.17 07:50:38.571,8.4325,8.43488,1.00,1.00
2016.03.17 07:50:38.669,8.43247,8.43488,1.00,1.00
2016.03.17 07:50:38.789,8.43259,8.43488,1.00,1.00
2016.03.17 07:50:39.322,8.43259,8.43457,1.00,1.00
2016.03.17 07:50:40.011,8.43267,8.43488,1.00,1.00
2016.03.17 07:50:43.572,8.43267,8.43514,1.00,1.00
2016.03.17 07:50:44.167,8.43267,8.43514,1.37,1.00
2016.03.17 07:50:44.566,8.43303,8.43528,1.00,1.00
2016.03.17 07:50:45.019,8.43303,8.43553,1.00,1.00
2016.03.17 07:50:45.816,8.43303,8.43535,1.00,1.00
2016.03.17 07:50:45.866,8.43267,8.43514,1.00,1.00
2016.03.17 07:50:46.350,8.43222,8.43472,1.50,1.00
2016.03.17 07:50:46.689,8.43222,8.43472,1.75,1.00
2016.03.17 07:50:48.598,8.43222,8.43472,1.75,1.00
2016.03.17 07:50:49.684,8.43222,8.43472,1.75,1.00
2016.03.17 07:50:50.655,8.43222,8.43472,1.75,1.00
2016.03.17 07:50:52.134,8.43222,8.43454,1.00,1.00
2016.03.17 07:50:52.185,8.43202,8.43434,1.35,1.00
2016.03.17 07:50:52.337,8.43185,8.43434,1.37,1.00
2016.03.17 07:50:52.525,8.43185,8.43434,1.10,1.00
2016.03.17 07:50:53.539,8.4321,8.43434,2.10,1.00
2016.03.17 07:50:53.742,8.43241,8.43478,2.10,1.00
2016.03.17 07:50:53.793,8.43238,8.43486,1.00,1.00
2016.03.17 07:50:53.945,8.43275,8.43488,1.00,1.00
2016.03.17 07:50:54.305,8.43275,8.43478,1.00,1.00
2016.03.17 07:50:54.535,8.43275,8.43488,1.00,1.00
2016.03.17 07:50:54.661,8.43275,8.43498,1.00,1.00
2016.03.17 07:50:54.794,8.43275,8.43488,1.00,1.00
2016.03.17 07:50:55.106,8.43275,8.43467,1.00,1.00
2016.03.17 07:50:55.257,8.43234,8.43467,1.00,1.00
2016.03.17 07:50:55.633,8.43234,8.43483,1.00,1.00
2016.03.17 07:50:56.114,8.43234,8.43478,1.00,1.00
2016.03.17 07:50:56.616,8.43234,8.43468,1.00,1.00
2016.03.17 07:50:56.835,8.43234,8.43478,1.00,1.00
2016.03.17 07:50:58.095,8.43234,8.43483,1.00,1.00
2016.03.17 07:50:58.438,8.43234,8.4347,1.00,1.00
2016.03.17 07:50:58.489,8.43201,8.4345,1.00,1.00
2016.03.17 07:50:58.742,8.43201,8.43414,1.00,1.00
2016.03.17 07:50:58.793,8.43145,8.43394,1.00,1.00
2016.03.17 07:50:58.952,8.43108,8.43355,1.00,1.00
2016.03.17 07:51:02.587,8.43143,8.43391,1.00,1.00
2016.03.17 07:51:12.716,8.43187,8.43411,1.00,1.00
2016.03.17 07:51:12.767,8.43187,8.43427,1.00,1.00
2016.03.17 07:51:16.584,8.43187,8.43437,1.00,1.00
2016.03.17 07:51:18.380,8.43203,8.43437,1.00,1.00
2016.03.17 07:51:18.431,8.43223,8.43473,1.00,1.00
2016.03.17 07:51:19.595,8.43158,8.43488,1.00,1.00
2016.03.17 07:51:19.940,8.43176,8.43488,1.00,1.00
2016.03.17 07:51:20.258,8.43176,8.43487,1.75,1.00
2016.03.17 07:51:20.574,8.43176,8.43487,1.75,1.00
2016.03.17 07:51:20.882,8.4326,8.43488,1.00,1.00
2016.03.17 07:51:21.727,8.43223,8.43472,1.00,1.00
2016.03.17 07:51:24.702,8.43185,8.43434,1.00,1.00
2016.03.17 07:51:25.402,8.43159,8.43397,1.00,1.00
2016.03.17 07:51:25.953,8.4316,8.43397,1.00,1.00
2016.03.17 07:51:26.154,8.43147,8.43397,1.00,1.00
2016.03.17 07:51:26.453,8.43159,8.43397,1.00,1.00
2016.03.17 07:51:26.504,8.43186,8.43435,1.00,1.00
2016.03.17 07:51:32.305,8.43186,8.43435,1.60,1.00
2016.03.17 07:51:32.654,8.43226,8.43418,1.00,1.00
2016.03.17 07:51:32.707,8.43226,8.43428,1.00,1.00
2016.03.17 07:51:32.859,8.43226,8.43448,1.00,1.00
2016.03.17 07:51:33.369,8.43226,8.43447,1.00,1.00
2016.03.17 07:51:33.935,8.43226,8.43448,1.00,1.00
2016.03.17 07:51:34.037,8.43187,8.43437,1.00,1.00
2016.03.17 07:51:35.051,8.43229,8.43479,1.00,1.00
2016.03.17 07:51:36.585,8.43177,8.43426,1.00,1.00
2016.03.17 07:51:36.894,8.43215,8.43463,1.00,1.00
2016.03.17 07:51:42.136,8.43215,8.43415,1.00,1.00
2016.03.17 07:51:42.187,8.43165,8.43395,1.00,1.00
2016.03.17 07:51:46.778,8.43184,8.43415,1.00,1.00
2016.03.17 07:51:46.829,8.43184,8.43431,1.00,1.00
2016.03.17 07:51:52.364,8.43184,8.43431,1.00,1.37
2016.03.17 07:51:52.766,8.43165,8.43378,1.00,1.00
2016.03.17 07:52:00.586,8.43139,8.43378,1.00,1.00
2016.03.17 07:52:00.637,8.43139,8.43378,1.00,1.75
2016.03.17 07:52:01.149,8.4316,8.43378,1.00,1.75
2016.03.17 07:52:01.301,8.4316,8.43378,1.00,1.00
2016.03.17 07:52:01.610,8.43163,8.43412,1.00,1.37
2016.03.17 07:52:02.170,8.43163,8.43412,1.00,1.37
2016.03.17 07:52:02.272,8.43201,8.43412,1.00,1.37
2016.03.17 07:52:02.423,8.43222,8.43469,1.00,1.75
2016.03.17 07:52:02.671,8.43222,8.43469,1.00,1.07
2016.03.17 07:52:03.343,8.43222,8.43458,1.00,1.00
2016.03.17 07:52:03.688,8.43222,8.43458,1.00,1.37
2016.03.17 07:52:04.374,8.43222,8.43469,1.00,1.00
2016.03.17 07:52:11.956,8.43222,8.43469,1.00,1.12
2016.03.17 07:52:12.259,8.43142,8.43389,1.00,1.75
2016.03.17 07:52:12.412,8.43098,8.43348,1.00,1.37
2016.03.17 07:52:12.636,8.43098,8.43348,1.00,1.00
2016.03.17 07:52:13.618,8.43098,8.43348,1.00,1.37
2016.03.17 07:52:14.143,8.43098,8.43348,1.00,1.37
2016.03.17 07:52:14.670,8.43123,8.43348,1.00,1.37
2016.03.17 07:52:15.002,8.43143,8.43393,1.00,1.75
2016.03.17 07:52:16.123,8.43143,8.43393,1.00,1.75
2016.03.17 07:52:16.174,8.43143,8.43345,1.00,1.00
2016.03.17 07:52:16.225,8.43076,8.43325,1.00,1.00
2016.03.17 07:52:16.440,8.43076,8.43325,1.00,1.07
2016.03.17 07:52:16.816,8.43076,8.43325,1.00,1.75
2016.03.17 07:52:16.922,8.43076,8.43325,1.00,1.37
2016.03.17 07:52:18.331,8.43076,8.43325,1.00,1.75
2016.03.17 07:52:18.433,8.43022,8.43272,1.00,1.00
2016.03.17 07:52:18.922,8.43022,8.43272,1.00,1.07
2016.03.17 07:52:18.983,8.43022,8.43272,1.00,1.00
2016.03.17 07:52:21.075,8.43022,8.43272,1.00,1.37
2016.03.17 07:52:21.429,8.42987,8.43236,1.07,1.00
2016.03.17 07:52:22.077,8.42987,8.43236,1.00,1.00
2016.03.17 07:52:23.584,8.42994,8.43236,1.00,1.00
2016.03.17 07:52:23.825,8.42987,8.43236,1.50,1.00
2016.03.17 07:52:24.027,8.43025,8.43236,2.10,1.00
2016.03.17 07:52:24.230,8.43069,8.43297,2.10,1.00
2016.03.17 07:52:24.685,8.43048,8.43297,1.00,1.00
2016.03.17 07:52:24.747,8.43048,8.43228,1.00,1.00
2016.03.17 07:52:24.849,8.42993,8.43225,2.10,1.00
2016.03.17 07:52:25.051,8.43036,8.43278,1.00,1.00
2016.03.17 07:52:25.203,8.43036,8.43285,1.00,1.00
2016.03.17 07:52:25.357,8.43036,8.43278,1.00,1.00
2016.03.17 07:52:25.623,8.43036,8.43285,1.00,1.00
2016.03.17 07:52:25.825,8.43036,8.43285,1.00,1.07
2016.03.17 07:52:25.926,8.43036,8.43285,1.00,1.00
2016.03.17 07:52:27.485,8.43036,8.43285,1.00,1.75
2016.03.17 07:52:27.536,8.43016,8.43238,1.00,1.00
2016.03.17 07:52:27.637,8.42997,8.43245,1.60,1.07
2016.03.17 07:52:27.723,8.4301,8.43245,2.10,1.07
2016.03.17 07:52:28.145,8.43034,8.43266,1.60,1.00
2016.03.17 07:52:28.196,8.43034,8.43283,1.60,1.00
2016.03.17 07:52:28.333,8.43034,8.43283,1.60,1.07
2016.03.17 07:52:29.323,8.43034,8.43283,1.60,1.00
2016.03.17 07:52:30.033,8.43047,8.43283,2.10,1.00
2016.03.17 07:52:30.336,8.43091,8.43328,2.10,1.50
2016.03.17 07:52:32.437,8.43116,8.43348,1.60,1.00
2016.03.17 07:52:32.502,8.43116,8.43366,1.60,1.00
2016.03.17 07:52:32.803,8.43116,8.43357,1.60,1.00
2016.03.17 07:52:33.116,8.43116,8.43366,2.85,1.00
2016.03.17 07:52:33.177,8.43161,8.43386,1.00,1.00
2016.03.17 07:52:33.228,8.43161,8.43368,1.00,1.00
2016.03.17 07:52:33.279,8.43141,8.43368,1.60,1.00
2016.03.17 07:52:33.544,8.43127,8.43358,1.60,1.00
2016.03.17 07:52:33.654,8.43127,8.43374,1.60,1.00
2016.03.17 07:52:33.773,8.43127,8.43374,1.00,1.00
2016.03.17 07:52:34.163,8.43106,8.43331,1.00,1.00
2016.03.17 07:52:34.214,8.43081,8.43331,1.00,1.00
2016.03.17 07:52:34.875,8.43062,8.43296,1.00,1.00
2016.03.17 07:52:34.926,8.43047,8.43296,1.00,1.00
2016.03.17 07:52:35.078,8.43027,8.43264,1.00,1.00
2016.03.17 07:52:35.129,8.43014,8.43264,1.00,1.00
2016.03.17 07:52:36.273,8.43131,8.43264,2.10,1.00
2016.03.17 07:52:36.374,8.43131,8.43284,2.10,1.00
2016.03.17 07:52:36.425,8.43131,8.43325,2.10,1.00
2016.03.17 07:52:36.577,8.43121,8.43344,1.00,1.37
2016.03.17 07:52:36.779,8.43101,8.43325,1.00,1.00
2016.03.17 07:52:36.830,8.43078,8.43325,1.00,1.00
2016.03.17 07:52:36.982,8.43058,8.43288,1.00,1.00
2016.03.17 07:52:37.033,8.4304,8.43288,1.00,1.00
2016.03.17 07:52:40.862,8.43076,8.43325,1.00,1.00
2016.03.17 07:52:43.528,8.43076,8.43281,1.00,1.60
2016.03.17 07:52:43.680,8.42982,8.43209,1.66,1.00
2016.03.17 07:52:43.844,8.42982,8.4318,1.66,1.00
2016.03.17 07:52:44.096,8.42966,8.43215,1.00,1.00
2016.03.17 07:52:44.320,8.42966,8.43215,1.07,1.00
2016.03.17 07:52:44.437,8.42966,8.43215,1.00,1.00
2016.03.17 07:52:45.644,8.42966,8.43185,1.00,1.00
2016.03.17 07:52:45.745,8.42922,8.43166,1.07,1.00
2016.03.17 07:52:45.796,8.42922,8.43166,1.67,1.00
2016.03.17 07:52:46.108,8.4297,8.43217,1.00,1.00
2016.03.17 07:52:46.260,8.43001,8.43251,1.00,1.00
2016.03.17 07:52:49.554,8.43076,8.43251,2.10,1.00
2016.03.17 07:52:49.881,8.43076,8.43294,2.10,1.00
2016.03.17 07:52:49.982,8.43088,8.43337,1.60,1.00
2016.03.17 07:52:52.514,8.43122,8.43372,1.00,1.00
2016.03.17 07:52:54.056,8.43123,8.43372,1.00,1.00
2016.03.17 07:52:56.374,8.43122,8.43372,1.00,1.07
2016.03.17 07:52:56.626,8.43122,8.43372,1.00,1.00
2016.03.17 07:53:00.541,8.43122,8.43348,1.00,1.00
2016.03.17 07:53:00.845,8.43076,8.43325,1.60,1.00
2016.03.17 07:53:01.119,8.43121,8.4337,1.00,1.00
2016.03.17 07:53:01.873,8.43121,8.4337,1.60,1.00
2016.03.17 07:53:03.399,8.43121,8.43368,1.60,1.00
2016.03.17 07:53:03.747,8.43121,8.43357,1.60,1.00
2016.03.17 07:53:05.033,8.43121,8.43357,1.00,1.00
2016.03.17 07:53:05.084,8.43121,8.43308,1.00,1.00
2016.03.17 07:53:05.135,8.43072,8.43288,1.00,1.00
2016.03.17 07:53:05.236,8.43042,8.43287,1.00,1.00
2016.03.17 07:53:06.235,8.43042,8.43288,1.00,1.57
2016.03.17 07:53:06.336,8.43042,8.43278,1.00,1.00
2016.03.17 07:53:06.538,8.43001,8.4325,1.00,1.00
2016.03.17 07:53:06.664,8.43001,8.43248,1.00,1.00
2016.03.17 07:53:06.993,8.43001,8.4325,1.00,1.00
2016.03.17 07:53:08.634,8.43028,8.4325,2.10,1.00
2016.03.17 07:53:08.736,8.43047,8.43294,1.00,1.00
2016.03.17 07:53:08.787,8.43047,8.43281,1.00,1.00
2016.03.17 07:53:08.837,8.43047,8.43294,1.00,1.00
2016.03.17 07:53:10.353,8.43047,8.43294,1.00,1.07
2016.03.17 07:53:10.536,8.43008,8.43258,1.00,1.00
2016.03.17 07:53:11.041,8.43008,8.43258,1.60,1.00
2016.03.17 07:53:15.024,8.43015,8.43258,2.10,1.00
2016.03.17 07:53:15.126,8.43054,8.43273,1.00,1.00
2016.03.17 07:53:17.149,8.43054,8.43302,1.00,1.00
2016.03.17 07:53:18.562,8.43054,8.43298,1.00,1.00
2016.03.17 07:53:18.969,8.43054,8.43277,1.00,1.12
2016.03.17 07:53:19.812,8.43054,8.43277,1.00,1.00
2016.03.17 07:53:19.933,8.43054,8.43288,1.00,1.00
2016.03.17 07:53:20.034,8.43033,8.43255,1.00,1.00
2016.03.17 07:53:20.136,8.43008,8.43255,1.60,1.00
2016.03.17 07:53:20.186,8.43083,8.43255,1.00,1.00
2016.03.17 07:53:20.440,8.43083,8.43276,1.00,1.37
2016.03.17 07:53:20.970,8.43083,8.43295,1.00,1.75
2016.03.17 07:53:21.173,8.43083,8.43315,1.00,1.07
2016.03.17 07:53:21.274,8.43095,8.43327,1.00,1.87
2016.03.17 07:53:21.468,8.43083,8.43327,1.00,1.87
2016.03.17 07:53:22.173,8.43095,8.43327,1.00,1.37
2016.03.17 07:53:22.450,8.43082,8.43329,2.25,1.37
2016.03.17 07:53:22.502,8.43082,8.43329,2.25,1.00
2016.03.17 07:53:28.533,8.43082,8.43329,2.10,1.00
2016.03.17 07:53:28.684,8.43116,8.43349,1.00,1.00
2016.03.17 07:53:28.735,8.43116,8.43365,1.00,1.00
2016.03.17 07:53:29.281,8.43097,8.43314,1.00,1.00
2016.03.17 07:53:29.383,8.43085,8.43314,1.00,1.00
2016.03.17 07:53:29.441,8.4309,8.43314,1.00,1.00
2016.03.17 07:53:29.644,8.43082,8.43314,1.00,1.00
2016.03.17 07:53:31.039,8.43091,8.43314,1.00,1.00
2016.03.17 07:53:34.231,8.43109,8.43334,1.00,1.00
2016.03.17 07:53:34.282,8.43109,8.43358,1.00,1.00
2016.03.17 07:53:36.828,8.43134,8.43358,2.10,1.00
2016.03.17 07:53:36.929,8.43143,8.43378,1.60,1.00
2016.03.17 07:53:36.980,8.43143,8.43392,1.60,1.00
2016.03.17 07:53:37.804,8.43181,8.43412,1.00,1.00
2016.03.17 07:53:37.855,8.43181,8.43429,1.00,1.00
2016.03.17 07:53:39.207,8.43181,8.43429,1.00,1.07
2016.03.17 07:53:39.413,8.4316,8.43393,1.00,1.00
2016.03.17 07:53:39.464,8.43144,8.43393,1.00,1.00
2016.03.17 07:53:40.623,8.43144,8.43393,1.00,1.07
2016.03.17 07:53:43.817,8.4316,8.43393,2.10,1.37
2016.03.17 07:53:43.918,8.4316,8.43393,2.10,1.00
2016.03.17 07:53:44.073,8.43159,8.43393,1.00,1.00
2016.03.17 07:53:44.124,8.43179,8.43429,1.00,1.37
2016.03.17 07:53:44.261,8.43179,8.43409,1.00,1.00
2016.03.17 07:53:44.362,8.43139,8.43389,1.00,1.00
2016.03.17 07:53:44.579,8.43152,8.43389,1.00,1.00
2016.03.17 07:53:44.630,8.43172,8.43422,1.00,1.00
2016.03.17 07:53:45.796,8.43235,8.43422,2.10,1.00
2016.03.17 07:53:45.948,8.43235,8.43465,2.10,1.00
2016.03.17 07:53:46.301,8.43236,8.43465,1.00,1.00
2016.03.17 07:53:46.352,8.43256,8.43505,1.00,1.00
2016.03.17 07:53:46.403,8.43256,8.43492,1.00,1.00
2016.03.17 07:53:46.454,8.43224,8.43471,1.00,1.00
2016.03.17 07:53:46.656,8.43224,8.43445,1.00,1.00
2016.03.17 07:53:46.757,8.43175,8.43424,1.00,1.00
2016.03.17 07:53:47.714,8.43187,8.43424,1.00,1.00
2016.03.17 07:53:47.765,8.43207,8.43457,1.00,1.00
2016.03.17 07:53:49.811,8.43233,8.43457,1.00,1.00
2016.03.17 07:53:49.861,8.43253,8.43503,1.00,1.07
2016.03.17 07:53:50.646,8.43253,8.43503,1.00,1.00
2016.03.17 07:53:54.075,8.43348,8.43503,2.10,1.00
2016.03.17 07:53:54.177,8.43336,8.43523,1.60,1.00
2016.03.17 07:53:54.228,8.43336,8.43585,1.60,1.37
2016.03.17 07:53:54.279,8.43336,8.43585,1.00,1.37
2016.03.17 07:53:54.381,8.43336,8.43585,1.00,1.00
2016.03.17 07:53:54.495,8.43336,8.43585,1.00,1.12
2016.03.17 07:53:54.596,8.43276,8.43524,1.00,1.00
2016.03.17 07:53:54.698,8.43276,8.43523,1.00,1.75
2016.03.17 07:53:55.474,8.43255,8.43489,1.00,1.00
2016.03.17 07:53:55.525,8.43239,8.43489,1.00,1.00
2016.03.17 07:53:57.798,8.43239,8.43489,1.60,1.00
2016.03.17 07:53:59.583,8.43279,8.43508,1.00,1.00
2016.03.17 07:54:00.058,8.43279,8.43488,1.00,1.00
2016.03.17 07:54:00.273,8.43279,8.43507,1.00,1.00
2016.03.17 07:54:00.535,8.43279,8.43517,1.00,1.00
2016.03.17 07:54:00.636,8.43279,8.43528,1.00,1.00
2016.03.17 07:54:00.687,8.43279,8.43528,1.60,1.00
2016.03.17 07:54:01.049,8.43297,8.43529,1.35,1.00
2016.03.17 07:54:01.382,8.43297,8.43517,1.35,1.00
2016.03.17 07:54:01.433,8.43279,8.43517,1.97,1.00
2016.03.17 07:54:01.492,8.43279,8.43508,1.97,1.00
2016.03.17 07:54:02.315,8.43279,8.43498,1.67,1.00
2016.03.17 07:54:03.317,8.43279,8.43498,1.07,1.00
2016.03.17 07:54:03.418,8.43279,8.43478,1.00,1.00
2016.03.17 07:54:03.469,8.43259,8.43478,1.12,1.00
2016.03.17 07:54:03.641,8.43245,8.43488,1.35,1.07
2016.03.17 07:54:04.770,8.43242,8.43488,1.07,1.07
2016.03.17 07:54:04.992,8.43242,8.43488,1.00,1.37
2016.03.17 07:54:06.610,8.43242,8.43448,1.00,1.00
2016.03.17 07:54:06.927,8.43242,8.43438,1.00,1.37
2016.03.17 07:54:07.042,8.43242,8.43438,1.00,1.07
2016.03.17 07:54:07.154,8.43242,8.43428,1.00,1.00
2016.03.17 07:54:07.369,8.43242,8.43448,1.00,1.37
2016.03.17 07:54:07.812,8.43242,8.43428,1.00,1.00
2016.03.17 07:54:08.360,8.43242,8.43438,1.00,1.07
2016.03.17 07:54:08.411,8.43242,8.43438,1.00,1.00
2016.03.17 07:54:08.581,8.43242,8.4344,1.00,1.00
2016.03.17 07:54:08.689,8.43222,8.4344,1.00,1.00
2016.03.17 07:54:08.740,8.43204,8.4344,1.00,1.00
2016.03.17 07:54:09.102,8.43204,8.43438,1.00,1.00
2016.03.17 07:54:09.332,8.43204,8.4344,1.00,1.00
2016.03.17 07:54:11.752,8.43204,8.43438,1.00,1.00
2016.03.17 07:54:11.991,8.43204,8.4344,1.00,1.00
2016.03.17 07:54:16.075,8.43204,8.4344,1.00,1.37
2016.03.17 07:54:16.432,8.43166,8.43416,1.00,1.75
2016.03.17 07:54:17.197,8.43166,8.43416,1.00,1.75
2016.03.17 07:54:17.949,8.43124,8.43373,1.00,1.00
2016.03.17 07:54:18.189,8.43124,8.43373,1.00,1.07
2016.03.17 07:54:18.387,8.43124,8.43373,1.00,1.00
2016.03.17 07:54:18.937,8.43124,8.43373,1.00,1.75
2016.03.17 07:54:19.715,8.43104,8.43336,1.00,1.75
2016.03.17 07:54:19.766,8.43087,8.43336,1.00,1.75
2016.03.17 07:54:19.943,8.43087,8.43336,1.00,1.37
2016.03.17 07:54:20.398,8.4309,8.43336,1.00,1.37
2016.03.17 07:54:20.772,8.43094,8.43336,1.00,1.37
2016.03.17 07:54:21.358,8.43087,8.43336,1.00,1.37
2016.03.17 07:54:21.701,8.43087,8.43336,1.00,1.75
2016.03.17 07:54:21.761,8.43048,8.43298,1.00,1.75
2016.03.17 07:54:21.898,8.43048,8.43298,1.00,1.75
2016.03.17 07:54:22.559,8.4306,8.43298,2.10,1.75
2016.03.17 07:54:22.711,8.43107,8.43354,1.60,1.00
2016.03.17 07:54:22.813,8.43144,8.43375,1.60,1.00
2016.03.17 07:54:22.863,8.43144,8.43394,1.60,1.07
2016.03.17 07:54:22.915,8.43144,8.43394,1.60,1.00
2016.03.17 07:54:23.016,8.43177,8.43414,1.00,1.00
2016.03.17 07:54:23.067,8.43177,8.43418,1.00,1.00
2016.03.17 07:54:23.742,8.43177,8.43427,1.00,1.00
2016.03.17 07:54:23.911,8.43177,8.43427,1.37,1.00
2016.03.17 07:54:24.213,8.43178,8.43347,1.35,1.00
2016.03.17 07:54:25.065,8.43188,8.43347,1.75,1.00
2016.03.17 07:54:25.334,8.43199,8.43366,1.35,1.00
2016.03.17 07:54:25.435,8.43205,8.43393,1.35,1.00
2016.03.17 07:54:26.004,8.43216,8.43393,1.35,1.00
2016.03.17 07:54:26.434,8.43216,8.43393,1.35,1.00
2016.03.17 07:54:26.970,8.432,8.43393,1.35,1.00
2016.03.17 07:54:27.203,8.43151,8.43393,1.00,1.00
2016.03.17 07:54:27.380,8.43106,8.43393,1.00,1.00
2016.03.17 07:54:27.431,8.43087,8.43348,1.00,1.00
2016.03.17 07:54:27.481,8.43082,8.43348,2.41,1.00
2016.03.17 07:54:27.532,8.43082,8.43315,1.66,1.00
2016.03.17 07:54:27.634,8.43044,8.43315,1.00,1.00
2016.03.17 07:54:27.735,8.43044,8.43259,1.00,1.00
2016.03.17 07:54:27.947,8.43023,8.43259,1.07,1.00
2016.03.17 07:54:28.223,8.43023,8.43222,1.07,1.00
2016.03.17 07:54:28.576,8.42983,8.43222,2.41,1.00
2016.03.17 07:54:28.627,8.4296,8.43182,1.00,1.00
2016.03.17 07:54:28.807,8.42929,8.43182,1.37,1.00
2016.03.17 07:54:28.858,8.42929,8.43143,1.37,1.00
2016.03.17 07:54:28.959,8.42929,8.43143,1.00,1.00
2016.03.17 07:54:29.162,8.42929,8.43098,1.75,1.00
2016.03.17 07:54:29.851,8.42929,8.43195,1.75,1.00
2016.03.17 07:54:30.014,8.43151,8.4331,1.00,1.00
2016.03.17 07:54:30.115,8.43151,8.43348,1.00,1.07
2016.03.17 07:54:30.166,8.43197,8.43348,1.00,1.75
2016.03.17 07:54:30.267,8.43118,8.43357,1.00,1.75
2016.03.17 07:54:30.318,8.43118,8.43295,1.00,1.00
2016.03.17 07:54:31.025,8.43159,8.43295,1.00,1.00
2016.03.17 07:54:31.126,8.43159,8.43347,1.00,1.75
2016.03.17 07:54:31.722,8.43159,8.43351,1.00,1.75
2016.03.17 07:54:31.831,8.43159,8.43321,1.00,1.00
2016.03.17 07:54:33.751,8.43159,8.43321,1.00,1.75
2016.03.17 07:54:34.133,8.43159,8.43321,1.00,1.00
2016.03.17 07:54:38.060,8.43154,8.43321,1.00,1.00
2016.03.17 07:54:38.652,8.43154,8.43321,1.00,1.12
2016.03.17 07:54:39.641,8.43154,8.43321,1.00,1.00
2016.03.17 07:54:43.922,8.43154,8.43321,1.00,1.75
2016.03.17 07:54:44.481,8.43154,8.43321,1.00,1.37
2016.03.17 07:54:46.157,8.43154,8.43321,1.00,1.75
2016.03.17 07:54:46.412,8.43016,8.43202,1.35,1.00
2016.03.17 07:54:46.513,8.4299,8.43202,1.35,1.00
2016.03.17 07:54:46.564,8.42976,8.43202,1.75,1.00
2016.03.17 07:54:46.614,8.42972,8.43188,2.41,1.00
2016.03.17 07:54:46.665,8.42953,8.43188,2.85,1.00
2016.03.17 07:54:46.716,8.42953,8.43168,2.10,1.00
2016.03.17 07:54:46.767,8.42953,8.43168,2.10,1.00
2016.03.17 07:54:47.073,8.42956,8.43168,1.35,1.00
2016.03.17 07:54:47.411,8.42976,8.43168,1.35,1.00
2016.03.17 07:54:47.651,8.42929,8.43168,1.07,1.00
2016.03.17 07:54:47.802,8.42919,8.43149,1.37,1.00
2016.03.17 07:54:48.180,8.42909,8.43129,1.75,1.00
2016.03.17 07:54:48.631,8.42909,8.43129,1.00,1.00
2016.03.17 07:54:48.732,8.42882,8.43129,3.16,1.00
2016.03.17 07:54:48.796,8.42882,8.43115,3.16,1.00
2016.03.17 07:54:49.136,8.42882,8.43095,3.16,1.00
2016.03.17 07:54:49.670,8.42891,8.43095,1.75,1.00
2016.03.17 07:54:50.971,8.42891,8.43095,1.50,1.00
2016.03.17 07:54:51.371,8.42883,8.43095,1.00,1.00
2016.03.17 07:54:51.685,8.42877,8.43095,1.10,1.00
2016.03.17 07:54:51.906,8.42877,8.43081,1.10,1.00
2016.03.17 07:54:52.209,8.42877,8.43011,1.10,1.00
2016.03.17 07:54:52.512,8.42816,8.42956,1.75,1.00
2016.03.17 07:54:52.714,8.42799,8.42933,1.75,1.00
2016.03.17 07:54:52.916,8.42754,8.42933,1.75,1.00
2016.03.17 07:54:53.391,8.42754,8.42933,1.75,1.00
2016.03.17 07:54:53.511,8.42754,8.42909,1.75,1.00
2016.03.17 07:54:53.825,8.42725,8.42889,1.75,1.00
2016.03.17 07:54:55.042,8.42725,8.42889,1.75,1.00
2016.03.17 07:54:55.511,8.4276,8.4301,1.37,1.00
2016.03.17 07:54:55.562,8.4276,8.4301,1.75,1.00
2016.03.17 07:54:55.870,8.4276,8.42995,1.75,1.00
2016.03.17 07:54:55.921,8.4276,8.42995,1.75,1.00
2016.03.17 07:54:56.036,8.4276,8.4301,1.75,1.00
2016.03.17 07:54:56.188,8.4276,8.42985,1.75,1.00
2016.03.17 07:54:57.243,8.4276,8.42985,1.37,1.00
2016.03.17 07:54:57.901,8.4276,8.42985,1.00,1.00
2016.03.17 07:54:57.952,8.4274,8.42971,1.37,1.00
2016.03.17 07:54:58.431,8.42761,8.42985,1.37,1.00
2016.03.17 07:54:58.632,8.42782,8.43011,1.37,1.00
2016.03.17 07:54:58.784,8.42782,8.43011,1.75,1.00
2016.03.17 07:54:58.891,8.42782,8.43011,1.75,1.00
2016.03.17 07:54:59.170,8.42761,8.42849,1.00,1.00
2016.03.17 07:54:59.473,8.42761,8.42839,1.75,1.00
2016.03.17 07:54:59.837,8.42761,8.42838,1.75,1.00
2016.03.17 07:55:00.191,8.42761,8.42963,1.75,1.00
2016.03.17 07:55:00.399,8.42761,8.43008,1.75,1.00
2016.03.17 07:55:00.803,8.42761,8.42985,1.75,1.00
2016.03.17 07:55:01.508,8.42761,8.43011,1.75,1.00
2016.03.17 07:55:01.617,8.42761,8.43011,1.75,1.00
2016.03.17 07:55:01.971,8.42783,8.43011,1.37,1.00
2016.03.17 07:55:02.420,8.42767,8.43002,1.75,1.00
2016.03.17 07:55:03.203,8.42767,8.43002,1.37,1.00
2016.03.17 07:55:04.351,8.42741,8.42976,1.75,1.00
2016.03.17 07:55:04.587,8.42727,8.42976,1.07,1.00
2016.03.17 07:55:04.688,8.42727,8.42976,1.75,1.00
2016.03.17 07:55:06.460,8.42734,8.42976,1.75,1.00
2016.03.17 07:55:12.430,8.42756,8.42976,1.75,1.00
2016.03.17 07:55:12.481,8.4276,8.42984,1.75,1.00
2016.03.17 07:55:12.604,8.4276,8.42984,1.75,1.00
2016.03.17 07:55:12.706,8.4276,8.43009,1.75,1.00
2016.03.17 07:55:13.269,8.42775,8.43009,1.50,1.00
2016.03.17 07:55:13.630,8.42775,8.43009,1.37,1.00
2016.03.17 07:55:15.949,8.42779,8.43009,1.75,1.00
2016.03.17 07:55:16.161,8.42779,8.43009,1.75,1.00
2016.03.17 07:55:17.890,8.42746,8.42975,1.75,1.00
2016.03.17 07:55:18.144,8.42725,8.42975,1.75,1.00
2016.03.17 07:55:18.196,8.42702,8.42928,3.16,1.00
2016.03.17 07:55:18.700,8.42715,8.42948,1.75,1.00
2016.03.17 07:55:18.801,8.42723,8.42964,1.75,1.00
2016.03.17 07:55:19.461,8.42742,8.42964,1.75,1.00
2016.03.17 07:55:20.010,8.42742,8.42964,1.75,1.00
2016.03.17 07:55:22.275,8.42742,8.42964,1.00,1.00
2016.03.17 07:55:22.377,8.42738,8.42964,1.00,1.00
2016.03.17 07:55:22.470,8.42715,8.42964,1.37,1.00
2016.03.17 07:55:24.061,8.42803,8.42964,2.10,1.00
2016.03.17 07:55:24.213,8.42803,8.43025,2.10,1.00
2016.03.17 07:55:24.314,8.42832,8.43025,1.00,1.00
2016.03.17 07:55:24.365,8.42832,8.43015,1.00,1.00
2016.03.17 07:55:24.466,8.42817,8.43015,1.00,1.00
2016.03.17 07:55:24.517,8.42764,8.43003,1.07,1.00
2016.03.17 07:55:24.630,8.42764,8.43003,1.00,1.00
2016.03.17 07:55:24.681,8.42753,8.43003,1.37,1.00
2016.03.17 07:55:24.850,8.42753,8.43003,1.00,1.00
2016.03.17 07:55:24.901,8.42753,8.42985,1.00,1.00
2016.03.17 07:55:25.246,8.42729,8.42965,1.07,1.00
2016.03.17 07:55:25.553,8.42716,8.42965,1.75,1.00
2016.03.17 07:55:25.604,8.42716,8.42965,1.50,1.00
2016.03.17 07:55:26.352,8.42716,8.42965,1.07,1.00
2016.03.17 07:55:26.790,8.42716,8.42944,1.07,1.00
2016.03.17 07:55:27.129,8.42708,8.42924,1.37,1.00
2016.03.17 07:55:27.520,8.42769,8.42924,2.10,1.00
2016.03.17 07:55:27.622,8.42782,8.43004,1.60,1.00
2016.03.17 07:55:27.810,8.4281,8.43042,1.00,1.00
2016.03.17 07:55:27.862,8.42793,8.43042,1.00,1.00
2016.03.17 07:55:27.913,8.42793,8.43023,1.00,1.00
2016.03.17 07:55:28.014,8.42793,8.43042,1.00,1.00
2016.03.17 07:55:28.115,8.42779,8.42995,1.00,1.00
2016.03.17 07:55:28.216,8.42758,8.42995,1.00,1.00
2016.03.17 07:55:28.961,8.42748,8.42995,1.00,1.00
2016.03.17 07:55:29.012,8.42748,8.42992,1.00,1.00
2016.03.17 07:55:29.355,8.42748,8.42993,1.75,1.00
2016.03.17 07:55:29.471,8.42748,8.42993,1.00,1.00
2016.03.17 07:55:29.623,8.427,8.4295,1.75,1.00
2016.03.17 07:55:29.674,8.427,8.4295,1.00,1.00
2016.03.17 07:55:30.216,8.427,8.4295,1.57,1.00
2016.03.17 07:55:33.741,8.427,8.4295,1.00,1.00
2016.03.17 07:55:34.612,8.427,8.4295,1.75,1.00
2016.03.17 07:55:34.941,8.42704,8.4295,1.50,1.00
2016.03.17 07:55:37.318,8.427,8.4295,1.75,1.00
2016.03.17 07:55:37.610,8.427,8.4295,1.75,1.00
2016.03.17 07:55:42.008,8.427,8.4295,1.00,1.00
2016.03.17 07:55:42.160,8.4267,8.42901,1.00,1.00
2016.03.17 07:55:42.211,8.42652,8.42901,1.00,1.00
2016.03.17 07:55:46.746,8.42652,8.42901,1.75,1.00
2016.03.17 07:55:46.847,8.42652,8.42901,1.00,1.00
2016.03.17 07:55:52.607,8.42614,8.42863,1.00,1.00
2016.03.17 07:55:53.602,8.42569,8.42818,1.00,1.00
2016.03.17 07:55:56.088,8.42534,8.42783,1.37,1.00
2016.03.17 07:55:57.555,8.42534,8.42783,1.00,1.00
2016.03.17 07:55:57.808,8.4249,8.42737,1.75,1.00
2016.03.17 07:55:57.859,8.4249,8.42737,1.37,1.00
2016.03.17 07:55:57.961,8.4249,8.42737,1.00,1.00
2016.03.17 07:55:58.219,8.42451,8.42701,1.07,1.00
2016.03.17 07:55:58.499,8.42496,8.42746,1.00,1.00
2016.03.17 07:55:58.600,8.42496,8.42746,1.37,1.00
2016.03.17 07:55:58.702,8.42549,8.42798,1.00,1.00
2016.03.17 07:55:58.804,8.42549,8.42798,1.00,1.07
2016.03.17 07:55:59.140,8.42549,8.42798,1.00,1.00
2016.03.17 07:56:00.185,8.42549,8.42773,1.00,1.00
2016.03.17 07:56:00.236,8.42504,8.42753,1.00,1.00
2016.03.17 07:56:00.880,8.42521,8.42753,1.00,1.00
2016.03.17 07:56:01.032,8.42572,8.42821,1.00,1.00
2016.03.17 07:56:08.599,8.42575,8.42821,1.00,1.00
2016.03.17 07:56:08.650,8.42636,8.42885,1.00,1.00
2016.03.17 07:56:10.455,8.42718,8.42902,1.00,1.00
2016.03.17 07:56:10.506,8.42718,8.42958,1.00,1.00
2016.03.17 07:56:10.557,8.4268,8.42929,1.00,1.00
2016.03.17 07:56:11.358,8.4268,8.42925,1.00,1.00
2016.03.17 07:56:11.708,8.42725,8.42925,1.00,1.00
2016.03.17 07:56:12.472,8.42687,8.42903,1.00,1.00
2016.03.17 07:56:12.626,8.42649,8.42898,1.00,1.07
2016.03.17 07:56:13.140,8.42649,8.42898,1.00,1.00
2016.03.17 07:56:14.218,8.42649,8.42898,1.00,1.07
2016.03.17 07:56:14.567,8.42612,8.42859,1.00,1.00
2016.03.17 07:56:16.137,8.42622,8.42859,1.50,1.00
2016.03.17 07:56:16.481,8.42696,8.42945,1.00,1.75
2016.03.17 07:56:16.532,8.42696,8.42945,1.00,1.00
2016.03.17 07:56:16.583,8.42733,8.42957,1.00,1.00
2016.03.17 07:56:16.970,8.42698,8.42947,1.00,1.00
2016.03.17 07:56:17.071,8.42698,8.42924,1.00,1.00
2016.03.17 07:56:17.435,8.42698,8.42906,1.00,1.00
2016.03.17 07:56:17.778,8.42698,8.42902,1.00,1.00
2016.03.17 07:56:22.563,8.42698,8.4291,1.00,1.00
2016.03.17 07:56:24.530,8.42698,8.4291,1.60,1.00
2016.03.17 07:56:24.581,8.42698,8.42947,1.60,1.37
2016.03.17 07:56:24.682,8.42717,8.42947,1.60,1.75
2016.03.17 07:56:24.784,8.42739,8.42947,1.00,1.75
2016.03.17 07:56:24.835,8.42743,8.42992,1.00,1.75
2016.03.17 07:56:24.886,8.42743,8.42965,1.00,1.37
2016.03.17 07:56:24.987,8.42743,8.42923,1.00,1.00
2016.03.17 07:56:25.350,8.42743,8.42923,1.00,1.07
2016.03.17 07:56:25.451,8.42743,8.42923,1.00,1.00
2016.03.17 07:56:26.823,8.42708,8.42923,1.00,1.00
2016.03.17 07:56:28.279,8.42708,8.42923,1.60,1.00
2016.03.17 07:56:28.449,8.42727,8.42955,1.67,1.00
2016.03.17 07:56:28.551,8.42748,8.42997,1.00,1.75
2016.03.17 07:56:28.652,8.42748,8.42997,1.00,1.00
2016.03.17 07:56:28.703,8.42748,8.42923,1.00,1.00
2016.03.17 07:56:29.657,8.42748,8.42945,1.00,1.00
2016.03.17 07:56:30.972,8.42748,8.4292,1.00,1.00
2016.03.17 07:56:32.029,8.42748,8.4292,1.60,1.00
2016.03.17 07:56:32.181,8.42748,8.42997,1.60,1.00
2016.03.17 07:56:32.764,8.42748,8.42965,1.72,1.00
2016.03.17 07:56:33.121,8.42749,8.42997,1.67,1.00
2016.03.17 07:56:33.457,8.42749,8.42975,1.67,1.00
2016.03.17 07:56:34.150,8.4276,8.42997,2.47,1.00
2016.03.17 07:56:34.251,8.42809,8.43043,1.60,1.00
2016.03.17 07:56:34.302,8.42821,8.43043,1.00,1.00
2016.03.17 07:56:34.603,8.42841,8.43047,1.00,1.00
2016.03.17 07:56:35.429,8.42841,8.43047,1.75,1.00
2016.03.17 07:56:35.847,8.42841,8.43088,1.75,1.00
2016.03.17 07:56:39.628,8.42841,8.43088,1.75,1.00
2016.03.17 07:56:39.931,8.42883,8.43132,1.75,1.00
2016.03.17 07:56:40.351,8.42919,8.43137,1.07,1.00
2016.03.17 07:56:40.503,8.42919,8.43137,1.75,1.00
2016.03.17 07:56:40.655,8.42961,8.4321,1.75,1.00
2016.03.17 07:56:41.191,8.42961,8.4321,1.50,1.00
2016.03.17 07:56:41.374,8.43004,8.43218,1.00,1.00
2016.03.17 07:56:43.949,8.43004,8.43217,1.00,1.00
2016.03.17 07:56:46.174,8.43004,8.43248,1.00,1.75
2016.03.17 07:56:46.445,8.43004,8.43248,1.00,1.00
2016.03.17 07:56:48.199,8.4304,8.43248,1.00,1.00
2016.03.17 07:56:53.900,8.4304,8.4329,1.00,1.00
2016.03.17 07:56:57.470,8.4304,8.4329,1.07,1.00
2016.03.17 07:56:57.795,8.43076,8.43297,1.00,1.00
2016.03.17 07:56:58.112,8.43076,8.43288,1.00,1.00
2016.03.17 07:56:58.366,8.43031,8.43268,1.00,1.00
2016.03.17 07:56:59.270,8.43031,8.43278,1.00,1.00
2016.03.17 07:56:59.369,8.43031,8.43258,1.00,1.00
2016.03.17 07:56:59.673,8.43031,8.43258,1.00,1.37
2016.03.17 07:56:59.974,8.43031,8.43248,1.00,1.37
2016.03.17 07:57:00.500,8.43031,8.43258,1.00,1.00
2016.03.17 07:57:00.833,8.43031,8.43238,1.00,1.00
2016.03.17 07:57:01.839,8.43031,8.43238,1.00,1.37
2016.03.17 07:57:01.952,8.43031,8.43227,1.00,1.00
2016.03.17 07:57:02.011,8.43031,8.43247,1.00,1.00
2016.03.17 07:57:02.350,8.43011,8.43218,1.00,1.00
2016.03.17 07:57:02.401,8.42995,8.43218,1.07,1.00
2016.03.17 07:57:02.452,8.42995,8.43228,1.07,1.07
2016.03.17 07:57:02.560,8.42995,8.43207,1.07,1.00
2016.03.17 07:57:02.913,8.42995,8.43197,1.07,1.00
2016.03.17 07:57:02.964,8.42995,8.43197,1.00,1.00
2016.03.17 07:57:03.015,8.42995,8.43188,1.00,1.00
2016.03.17 07:57:03.380,8.42995,8.43178,1.00,1.00
2016.03.17 07:57:03.550,8.42995,8.43187,1.00,1.00
2016.03.17 07:57:03.999,8.42995,8.43178,1.00,1.00
2016.03.17 07:57:04.870,8.42995,8.43167,1.00,1.00
2016.03.17 07:57:05.136,8.42995,8.43178,1.00,1.00
2016.03.17 07:57:06.098,8.42995,8.43177,1.00,1.00
2016.03.17 07:57:06.349,8.42995,8.43198,1.00,1.00
2016.03.17 07:57:06.660,8.42995,8.43228,1.00,1.07
2016.03.17 07:57:06.711,8.42995,8.43228,1.37,1.00
2016.03.17 07:57:07.057,8.42995,8.43208,1.07,1.00
2016.03.17 07:57:08.098,8.42995,8.43217,1.07,1.00
2016.03.17 07:57:08.149,8.42995,8.43217,1.37,1.00
2016.03.17 07:57:08.644,8.42995,8.43207,1.37,1.00
2016.03.17 07:57:08.695,8.42995,8.43207,1.37,1.00
2016.03.17 07:57:09.599,8.42995,8.43218,1.37,1.00
2016.03.17 07:57:09.650,8.42995,8.43218,1.37,1.00
2016.03.17 07:57:10.028,8.43027,8.43218,1.00,1.00
2016.03.17 07:57:10.409,8.43027,8.43228,1.00,1.10
2016.03.17 07:57:10.547,8.43027,8.43228,1.00,1.07
2016.03.17 07:57:11.178,8.43027,8.43228,1.00,1.00
2016.03.17 07:57:11.470,8.43027,8.43218,1.00,1.00
2016.03.17 07:57:12.238,8.43027,8.43228,1.00,1.07
2016.03.17 07:57:12.608,8.43027,8.43228,1.00,1.00
2016.03.17 07:57:12.881,8.43027,8.43208,1.00,1.00
2016.03.17 07:57:14.404,8.43027,8.43208,1.07,1.00
2016.03.17 07:57:14.740,8.43027,8.43208,1.75,1.00
2016.03.17 07:57:15.050,8.43027,8.43208,1.75,1.00
2016.03.17 07:57:15.909,8.43027,8.43208,1.75,1.00
2016.03.17 07:57:16.908,8.43027,8.43208,1.75,1.00
2016.03.17 07:57:17.135,8.43027,8.43208,1.75,1.00
2016.03.17 07:57:17.452,8.43061,8.43208,1.00,1.00
2016.03.17 07:57:18.379,8.43061,8.43207,1.00,1.00
2016.03.17 07:57:19.389,8.43061,8.43208,1.00,1.00
2016.03.17 07:57:20.480,8.43061,8.43264,1.00,1.07
2016.03.17 07:57:20.760,8.43061,8.43258,1.00,1.00
2016.03.17 07:57:21.379,8.43061,8.43238,1.00,1.00
2016.03.17 07:57:21.599,8.43061,8.43248,1.00,1.00
2016.03.17 07:57:22.371,8.43061,8.43277,1.60,1.37
2016.03.17 07:57:22.422,8.43061,8.43277,1.60,1.07
2016.03.17 07:57:22.523,8.43061,8.43277,1.00,1.07
2016.03.17 07:57:22.574,8.43103,8.43277,1.00,1.07
2016.03.17 07:57:25.262,8.43082,8.43275,1.00,1.07
2016.03.17 07:57:25.364,8.43058,8.43275,1.00,1.07
2016.03.17 07:57:25.415,8.43058,8.43256,1.00,1.00
2016.03.17 07:57:25.619,8.43058,8.43275,1.00,1.00
2016.03.17 07:57:25.671,8.43058,8.43277,1.00,1.00
2016.03.17 07:57:26.710,8.43058,8.43287,1.10,1.00
2016.03.17 07:57:26.879,8.43058,8.43298,1.10,1.00
2016.03.17 07:57:27.099,8.43058,8.43288,1.10,1.00
2016.03.17 07:57:27.447,8.43058,8.43307,1.00,1.75
2016.03.17 07:57:29.359,8.43058,8.43298,1.00,1.75
2016.03.17 07:57:30.161,8.43058,8.43245,1.00,1.00
2016.03.17 07:57:31.977,8.43058,8.43263,1.00,1.07
2016.03.17 07:57:32.544,8.43058,8.43263,1.00,1.00
2016.03.17 07:57:32.770,8.43058,8.43263,1.00,1.37
2016.03.17 07:57:33.073,8.42945,8.4318,1.00,1.75
2016.03.17 07:57:33.123,8.42926,8.43134,1.00,1.75
2016.03.17 07:57:33.174,8.42885,8.43134,1.00,1.75
2016.03.17 07:57:33.225,8.42885,8.43134,1.00,1.00
2016.03.17 07:57:35.008,8.42865,8.43094,1.00,1.00
2016.03.17 07:57:35.059,8.42847,8.43094,1.00,1.00
2016.03.17 07:57:35.311,8.42826,8.43049,1.00,1.00
2016.03.17 07:57:35.429,8.428,8.43049,1.00,1.00
2016.03.17 07:57:38.699,8.4278,8.43006,1.00,1.00
2016.03.17 07:57:38.800,8.42757,8.43006,1.00,1.00
2016.03.17 07:57:41.026,8.42794,8.43006,1.00,1.00
2016.03.17 07:57:41.329,8.42782,8.43006,1.00,1.00
2016.03.17 07:57:41.396,8.42794,8.43026,1.00,1.00
2016.03.17 07:57:41.497,8.42794,8.43043,1.00,1.00
2016.03.17 07:57:42.020,8.4283,8.43063,1.00,1.00
2016.03.17 07:57:42.121,8.4283,8.4308,1.00,1.00
2016.03.17 07:57:42.347,8.4281,8.43038,1.00,1.00
2016.03.17 07:57:42.398,8.42791,8.43038,1.00,1.00
2016.03.17 07:57:42.449,8.42823,8.43057,1.00,1.00
2016.03.17 07:57:42.500,8.42823,8.4307,1.00,1.00
2016.03.17 07:57:42.820,8.42802,8.43025,1.00,1.00
2016.03.17 07:57:42.921,8.42783,8.43025,1.00,1.00
2016.03.17 07:57:43.150,8.42819,8.43045,1.00,1.00
2016.03.17 07:57:43.201,8.42819,8.43069,1.00,1.00
2016.03.17 07:57:48.913,8.4284,8.43069,1.00,1.00
2016.03.17 07:57:48.964,8.4286,8.43108,1.00,1.00
2016.03.17 07:57:50.723,8.4286,8.43109,1.00,1.00
2016.03.17 07:57:53.741,8.42845,8.43076,1.00,1.00
2016.03.17 07:57:53.813,8.42845,8.43094,1.00,1.00
2016.03.17 07:57:55.362,8.42825,8.43041,1.00,1.00
2016.03.17 07:57:55.463,8.42807,8.43041,1.00,1.00
2016.03.17 07:57:55.572,8.42839,8.4306,1.60,1.00
2016.03.17 07:57:55.622,8.42839,8.43086,1.60,1.00
2016.03.17 07:57:55.673,8.42872,8.43107,1.00,1.00
2016.03.17 07:57:55.724,8.42872,8.43098,1.00,1.00
2016.03.17 07:57:55.825,8.42872,8.43118,1.00,1.00
2016.03.17 07:57:56.041,8.42872,8.43121,1.00,1.00
2016.03.17 07:57:56.159,8.42872,8.43118,1.00,1.00
2016.03.17 07:57:56.597,8.42872,8.43121,1.00,1.00
2016.03.17 07:57:56.752,8.42872,8.43121,1.07,1.00
2016.03.17 07:57:57.056,8.42907,8.43127,1.00,1.00
2016.03.17 07:57:57.613,8.42907,8.43137,1.00,1.00
2016.03.17 07:57:57.714,8.42907,8.43117,1.00,1.00
2016.03.17 07:57:58.360,8.42907,8.43138,1.00,1.00
2016.03.17 07:57:58.411,8.42907,8.43138,1.00,1.07
2016.03.17 07:57:58.731,8.42907,8.43138,1.00,1.75
2016.03.17 07:57:58.883,8.42887,8.43119,1.00,1.37
2016.03.17 07:57:58.934,8.4287,8.43119,1.00,1.37
2016.03.17 07:57:59.252,8.4287,8.43119,1.00,1.00
2016.03.17 07:57:59.954,8.4287,8.43119,1.00,1.37
2016.03.17 07:58:00.160,8.4287,8.43119,1.00,1.12
2016.03.17 07:58:00.528,8.4287,8.43119,1.60,1.12
2016.03.17 07:58:00.831,8.42931,8.43138,1.00,1.75
2016.03.17 07:58:00.983,8.42886,8.43133,1.00,1.50
2016.03.17 07:58:01.345,8.42836,8.43085,1.00,1.00
2016.03.17 07:58:04.277,8.42836,8.43085,1.60,1.00
2016.03.17 07:58:04.379,8.4287,8.43119,1.60,1.00
2016.03.17 07:58:04.480,8.42928,8.43127,1.00,1.00
2016.03.17 07:58:04.631,8.42928,8.43158,1.00,1.00
2016.03.17 07:58:04.780,8.42928,8.43147,1.00,1.00
2016.03.17 07:58:05.091,8.42928,8.43108,1.00,1.00
2016.03.17 07:58:05.521,8.42928,8.43088,1.00,1.00
2016.03.17 07:58:05.623,8.42928,8.43098,1.00,1.00
2016.03.17 07:58:05.828,8.42928,8.43088,1.00,1.00
2016.03.17 07:58:06.719,8.42928,8.43097,1.00,1.00
2016.03.17 07:58:07.479,8.42928,8.43088,1.00,1.00
2016.03.17 07:58:07.918,8.42928,8.43098,1.00,1.00
2016.03.17 07:58:08.472,8.42928,8.43087,1.00,1.00
2016.03.17 07:58:08.579,8.42928,8.43098,1.00,1.00
2016.03.17 07:58:09.277,8.42995,8.43098,1.00,1.00
2016.03.17 07:58:09.719,8.42995,8.43138,1.00,1.00
2016.03.17 07:58:09.820,8.42972,8.43128,1.56,1.00
2016.03.17 07:58:09.871,8.42957,8.43128,1.00,1.00
2016.03.17 07:58:09.922,8.42928,8.43128,1.00,1.00
2016.03.17 07:58:10.023,8.42928,8.43158,1.00,1.00
2016.03.17 07:58:10.124,8.42928,8.43108,1.00,1.00
2016.03.17 07:58:10.277,8.42884,8.43098,1.00,1.00
2016.03.17 07:58:10.378,8.42884,8.43088,1.00,1.00
2016.03.17 07:58:10.548,8.42884,8.43098,1.00,1.00
2016.03.17 07:58:10.599,8.42884,8.43108,1.00,1.00
2016.03.17 07:58:10.701,8.42884,8.43118,1.00,1.00
2016.03.17 07:58:11.617,8.42922,8.43108,1.00,1.00
2016.03.17 07:58:11.850,8.42922,8.43118,1.00,1.00
2016.03.17 07:58:12.282,8.42922,8.43107,1.00,1.00
2016.03.17 07:58:12.647,8.42922,8.43098,1.00,1.00
2016.03.17 07:58:12.982,8.42922,8.43078,1.00,1.00
2016.03.17 07:58:13.104,8.42875,8.43078,1.00,1.00
2016.03.17 07:58:13.358,8.42875,8.43098,1.00,1.00
2016.03.17 07:58:14.023,8.42875,8.43108,1.00,1.00
2016.03.17 07:58:15.099,8.42875,8.43098,1.00,1.00
2016.03.17 07:58:16.199,8.42875,8.43087,1.00,1.00
2016.03.17 07:58:16.504,8.42875,8.43068,1.00,1.00
2016.03.17 07:58:16.616,8.42875,8.43088,1.00,1.00
2016.03.17 07:58:17.092,8.42875,8.43078,1.00,1.00
2016.03.17 07:58:17.193,8.42855,8.43078,1.00,1.00
2016.03.17 07:58:17.295,8.42841,8.43078,1.12,1.00
2016.03.17 07:58:17.346,8.42841,8.43068,1.12,1.00
2016.03.17 07:58:17.457,8.42841,8.43078,1.12,1.00
2016.03.17 07:58:17.558,8.42841,8.43078,1.37,1.00
2016.03.17 07:58:18.094,8.42841,8.43088,1.37,1.00
2016.03.17 07:58:18.646,8.42841,8.43078,1.37,1.00
2016.03.17 07:58:18.747,8.42841,8.43078,1.00,1.00
2016.03.17 07:58:18.837,8.42841,8.43087,1.00,1.00
2016.03.17 07:58:19.057,8.42841,8.43077,1.00,1.00
2016.03.17 07:58:21.061,8.42841,8.43067,1.00,1.00
2016.03.17 07:58:22.203,8.42807,8.43055,1.00,1.00
2016.03.17 07:58:32.229,8.42807,8.43055,1.60,1.00
2016.03.17 07:58:32.558,8.4285,8.431,1.00,1.00
2016.03.17 07:58:34.368,8.4285,8.43098,1.00,1.00
2016.03.17 07:58:34.490,8.4285,8.431,1.00,1.00
2016.03.17 07:58:38.234,8.4285,8.431,1.60,1.00
2016.03.17 07:58:38.449,8.42895,8.43145,1.00,1.10
2016.03.17 07:58:39.045,8.42895,8.43135,1.00,1.00
2016.03.17 07:58:42.119,8.42895,8.43121,1.00,1.00
2016.03.17 07:58:42.171,8.42822,8.43062,1.66,1.37
2016.03.17 07:58:42.222,8.42813,8.43038,1.00,1.00
2016.03.17 07:58:42.740,8.42813,8.43047,1.00,1.00
2016.03.17 07:58:43.608,8.42813,8.43048,1.00,1.00
2016.03.17 07:58:44.400,8.42813,8.43047,1.00,1.00
2016.03.17 07:58:45.050,8.42813,8.43047,1.00,1.57
2016.03.17 07:58:45.101,8.42813,8.43016,1.00,1.00
2016.03.17 07:58:45.308,8.42813,8.43041,1.00,1.00
2016.03.17 07:58:45.409,8.42813,8.43027,1.00,1.00
2016.03.17 07:58:45.561,8.42769,8.43016,1.00,1.00
2016.03.17 07:58:45.657,8.42769,8.43008,1.00,1.00
2016.03.17 07:58:47.430,8.42769,8.43016,1.00,1.00
2016.03.17 07:58:47.481,8.42769,8.43016,1.60,1.00
2016.03.17 07:58:47.733,8.42828,8.43076,1.00,1.00
2016.03.17 07:58:47.835,8.42828,8.43048,1.00,1.00
2016.03.17 07:58:48.137,8.42828,8.43053,1.00,1.00
2016.03.17 07:58:48.668,8.42828,8.43048,1.00,1.00
2016.03.17 07:58:48.787,8.42791,8.4304,1.00,1.00
2016.03.17 07:58:49.255,8.42791,8.43016,1.00,1.00
2016.03.17 07:58:49.761,8.42791,8.43028,1.00,1.00
2016.03.17 07:58:49.965,8.42791,8.43017,1.00,1.00
2016.03.17 07:58:50.377,8.42771,8.42995,1.00,1.00
2016.03.17 07:58:50.428,8.42746,8.42995,1.00,1.00
2016.03.17 07:58:50.788,8.42746,8.4299,1.00,1.00
2016.03.17 07:58:52.965,8.42746,8.42995,1.00,1.00
2016.03.17 07:58:53.380,8.42746,8.42995,1.75,1.00
2016.03.17 07:58:53.684,8.42749,8.42997,1.00,1.00
2016.03.17 07:58:53.735,8.42749,8.42997,1.00,1.07
2016.03.17 07:58:53.987,8.42716,8.42965,1.00,1.00
2016.03.17 07:58:55.430,8.42716,8.42957,1.00,1.00
2016.03.17 07:58:56.135,8.42716,8.42965,1.00,1.00
2016.03.17 07:58:56.236,8.42716,8.42965,1.37,1.00
2016.03.17 07:58:56.539,8.42751,8.43001,1.00,1.00
2016.03.17 07:58:56.640,8.42751,8.42979,1.00,1.00
2016.03.17 07:58:56.987,8.42751,8.42976,1.00,1.00
2016.03.17 07:58:57.334,8.42751,8.42968,1.00,1.00
2016.03.17 07:58:57.386,8.42712,8.42961,1.00,1.00
2016.03.17 07:58:58.086,8.42712,8.42944,1.00,1.00
2016.03.17 07:59:00.133,8.42712,8.42955,1.00,1.00
2016.03.17 07:59:00.305,8.42712,8.42932,1.00,1.00
2016.03.17 07:59:00.507,8.42712,8.42936,1.00,1.00
2016.03.17 07:59:03.844,8.42712,8.42917,1.00,1.00
2016.03.17 07:59:05.388,8.42712,8.42926,1.00,1.00
2016.03.17 07:59:05.439,8.4267,8.42908,1.00,1.00
2016.03.17 07:59:05.540,8.4267,8.42888,1.00,1.00
2016.03.17 07:59:05.756,8.4267,8.42898,1.00,1.50
2016.03.17 07:59:05.973,8.4267,8.42908,1.00,1.07
2016.03.17 07:59:06.198,8.4267,8.42898,1.00,1.00
2016.03.17 07:59:06.608,8.4267,8.42908,1.00,1.07
2016.03.17 07:59:06.825,8.4267,8.42868,1.00,1.00
2016.03.17 07:59:07.066,8.4267,8.42915,1.00,1.00
2016.03.17 07:59:07.245,8.4267,8.42919,1.00,1.00
2016.03.17 07:59:07.347,8.4267,8.42882,1.00,1.00
2016.03.17 07:59:08.069,8.42795,8.42882,1.00,1.00
2016.03.17 07:59:08.119,8.42795,8.42918,1.00,1.00
2016.03.17 07:59:08.309,8.42782,8.42919,1.00,1.00
2016.03.17 07:59:08.461,8.42757,8.42925,1.00,1.00
2016.03.17 07:59:08.512,8.42705,8.42925,1.00,1.00
2016.03.17 07:59:09.565,8.42671,8.42918,1.00,1.00
2016.03.17 07:59:10.839,8.42671,8.42918,1.60,1.00
2016.03.17 07:59:10.991,8.42715,8.42958,1.00,1.00
2016.03.17 07:59:11.097,8.42715,8.4293,1.00,1.00
2016.03.17 07:59:11.454,8.42715,8.4293,1.60,1.00
2016.03.17 07:59:11.556,8.42715,8.42964,1.60,1.00
2016.03.17 07:59:11.657,8.42752,8.42988,1.00,1.00
2016.03.17 07:59:11.758,8.42752,8.42998,1.00,1.00
2016.03.17 07:59:11.810,8.42752,8.42988,1.00,1.00
2016.03.17 07:59:12.128,8.42752,8.42968,1.00,1.00
2016.03.17 07:59:12.229,8.42752,8.42988,1.00,1.00
2016.03.17 07:59:12.346,8.42752,8.43001,1.60,1.00
2016.03.17 07:59:12.397,8.42752,8.43001,1.67,1.00
2016.03.17 07:59:14.186,8.42752,8.43001,2.10,1.00
2016.03.17 07:59:14.486,8.42752,8.43001,1.97,1.00
2016.03.17 07:59:14.537,8.42752,8.43001,1.97,1.00
2016.03.17 07:59:14.638,8.42793,8.43001,1.00,1.00
2016.03.17 07:59:14.689,8.42813,8.43037,1.00,1.50
2016.03.17 07:59:14.934,8.42813,8.43027,1.00,1.00
2016.03.17 07:59:15.086,8.4278,8.43017,1.60,1.00
2016.03.17 07:59:15.307,8.4278,8.43007,1.60,1.00
2016.03.17 07:59:16.846,8.4278,8.43018,1.60,1.00
2016.03.17 07:59:18.647,8.4278,8.43028,1.60,1.00
2016.03.17 07:59:19.115,8.4278,8.43017,1.60,1.00
2016.03.17 07:59:19.826,8.4278,8.43008,1.60,1.00
2016.03.17 07:59:20.487,8.4278,8.43018,1.60,1.00
2016.03.17 07:59:21.038,8.4278,8.43008,1.60,1.00
2016.03.17 07:59:21.146,8.4278,8.43008,1.00,1.00
2016.03.17 07:59:21.197,8.4278,8.42988,1.00,1.00
2016.03.17 07:59:21.257,8.4278,8.43008,1.00,1.00
2016.03.17 07:59:21.308,8.4278,8.43004,1.00,1.00
2016.03.17 07:59:22.179,8.4278,8.42998,1.00,1.00
2016.03.17 07:59:22.376,8.42738,8.42987,1.00,1.00
2016.03.17 07:59:24.503,8.42738,8.42987,1.07,1.00
2016.03.17 07:59:25.858,8.42738,8.42987,1.00,1.50
2016.03.17 07:59:25.909,8.42738,8.42978,1.00,1.00
2016.03.17 07:59:26.106,8.42738,8.42987,1.00,1.00
2016.03.17 07:59:28.315,8.42738,8.42978,1.00,1.00
2016.03.17 07:59:28.816,8.42738,8.42968,1.00,1.00
2016.03.17 07:59:28.867,8.42738,8.42987,1.00,1.00
2016.03.17 07:59:28.917,8.42738,8.42987,1.37,1.00
2016.03.17 07:59:30.093,8.42738,8.42887,1.37,1.00
2016.03.17 07:59:30.420,8.42682,8.42775,3.76,1.00
2016.03.17 07:59:30.756,8.42686,8.42778,1.35,1.00
2016.03.17 07:59:31.237,8.42692,8.4278,1.35,1.00
2016.03.17 07:59:31.606,8.42692,8.42789,1.27,1.00
2016.03.17 07:59:33.770,8.42682,8.42779,2.10,1.00
2016.03.17 07:59:34.728,8.42692,8.42788,1.35,1.00
2016.03.17 07:59:36.047,8.42682,8.42783,2.47,1.00
2016.03.17 07:59:36.618,8.42687,8.42778,1.60,1.00
2016.03.17 07:59:36.669,8.42687,8.42779,1.60,1.00
2016.03.17 07:59:36.987,8.42695,8.42755,1.00,1.00
2016.03.17 07:59:37.088,8.42658,8.42749,1.00,1.00
2016.03.17 07:59:37.139,8.42658,8.42731,1.00,1.00
2016.03.17 07:59:37.190,8.42624,8.42731,1.35,1.00
2016.03.17 07:59:37.292,8.42612,8.42718,1.00,1.00
2016.03.17 07:59:37.443,8.42587,8.42718,1.35,1.00
2016.03.17 07:59:37.595,8.42573,8.42718,1.60,1.00
2016.03.17 07:59:37.853,8.42562,8.42695,1.67,1.00
2016.03.17 07:59:38.178,8.42529,8.42675,1.97,1.00
2016.03.17 07:59:42.036,8.42587,8.42675,1.35,1.00
2016.03.17 07:59:43.872,8.42582,8.42675,1.35,1.00
2016.03.17 07:59:44.245,8.42582,8.42709,1.35,1.00
2016.03.17 07:59:44.777,8.42539,8.42709,1.35,1.00
2016.03.17 07:59:45.079,8.42557,8.42709,1.35,1.00
2016.03.17 07:59:46.350,8.42573,8.4275,1.35,1.00
2016.03.17 07:59:46.400,8.426,8.4275,1.27,1.00
2016.03.17 07:59:47.486,8.42571,8.4275,1.35,1.00
2016.03.17 07:59:47.941,8.42532,8.4275,1.97,1.00
2016.03.17 07:59:47.992,8.42532,8.42717,1.97,1.00
2016.03.17 07:59:48.042,8.42527,8.42717,1.35,1.00
2016.03.17 07:59:48.093,8.42527,8.42697,1.35,1.00
2016.03.17 07:59:49.602,8.42538,8.42697,1.35,1.00
2016.03.17 07:59:53.317,8.42524,8.42697,1.35,1.00
2016.03.17 07:59:53.469,8.42497,8.42697,1.35,1.00
2016.03.17 07:59:53.621,8.42483,8.4265,1.75,1.00
2016.03.17 07:59:53.672,8.42483,8.4263,1.00,1.00
2016.03.17 07:59:53.978,8.42483,8.4263,1.12,1.00
2016.03.17 07:59:54.197,8.42483,8.4263,1.00,1.00
2016.03.17 07:59:54.399,8.42483,8.42585,1.00,1.00
2016.03.17 07:59:54.788,8.42472,8.42585,1.66,1.00
2016.03.17 07:59:54.846,8.42512,8.42585,1.00,1.00
2016.03.17 07:59:54.948,8.42488,8.42585,1.00,1.00
2016.03.17 07:59:54.999,8.42488,8.42629,1.00,1.00
2016.03.17 07:59:55.050,8.42483,8.42629,1.00,1.00
2016.03.17 07:59:55.404,8.42482,8.42577,1.00,1.00
2016.03.17 07:59:56.328,8.42482,8.42538,1.00,1.00
2016.03.17 07:59:56.429,8.42401,8.42648,1.07,1.00
2016.03.17 07:59:56.562,8.42401,8.42628,1.07,1.00
2016.03.17 07:59:56.900,8.42401,8.4259,1.07,1.00
2016.03.17 07:59:57.166,8.42401,8.4259,1.00,1.00
2016.03.17 07:59:58.848,8.42401,8.4257,1.00,1.00
2016.03.17 07:59:59.107,8.42347,8.4257,1.00,1.00
2016.03.17 07:59:59.520,8.42347,8.42544,1.00,1.00
2016.03.17 07:59:59.898,8.42327,8.42544,1.60,1.00
