2017.06.01 16:00:00.112,8.43944,8.44074,1.00,1.00
2017.06.01 16:00:00.265,8.43959,8.44086,1.00,1.00
2017.06.01 16:00:00.570,8.43967,8.44076,1.00,1.00
2017.06.01 16:00:01.397,8.43967,8.44078,1.00,1.00
2017.06.01 16:00:01.639,8.43967,8.44092,1.00,1.00
2017.06.01 16:00:02.046,8.43974,8.44097,1.00,1.00
2017.06.01 16:00:02.364,8.43985,8.44102,1.00,1.00
2017.06.01 16:00:02.754,8.44,8.44111,1.00,1.00
2017.06.01 16:00:02.963,8.43977,8.44095,1.00,1.00
2017.06.01 16:00:03.499,8.43977,8.44089,1.00,1.00
2017.06.01 16:00:03.821,8.43977,8.44078,1.00,1.00
2017.06.01 16:00:03.872,8.43962,8.44078,1.00,1.00
2017.06.01 16:00:04.651,8.43962,8.44066,1.00,1.00
2017.06.01 16:00:04.906,8.43932,8.44054,1.00,1.00
2017.06.01 16:00:04.957,8.43932,8.44043,1.00,1.00
2017.06.01 16:00:05.278,8.43917,8.44043,1.00,1.00
2017.06.01 16:00:05.329,8.43917,8.44027,1.00,1.00
2017.06.01 16:00:06.012,8.43917,8.44032,1.00,1.00
2017.06.01 16:00:06.805,8.43917,8.44014,1.00,1.00
2017.06.01 16:00:06.907,8.43895,8.44012,1.00,1.00
2017.06.01 16:00:07.828,8.43895,8.4401,1.00,1.00
2017.06.01 16:00:08.196,8.43895,8.44022,1.00,1.00
2017.06.01 16:00:08.334,8.43909,8.44022,1.00,1.00
2017.06.01 16:00:08.510,8.43909,8.44032,1.00,1.00
2017.06.01 16:00:08.677,8.43924,8.44032,1.00,1.00
2017.06.01 16:00:08.830,8.43924,8.4404,1.00,1.00
2017.06.01 16:00:09.518,8.43924,8.44036,1.00,1.00
2017.06.01 16:00:09.813,8.43928,8.44054,1.00,1.00
2017.06.01 16:00:09.864,8.43924,8.44045,1.00,1.00
2017.06.01 16:00:10.176,8.43939,8.44045,1.00,1.00
2017.06.01 16:00:11.907,8.43939,8.44055,1.00,1.00
2017.06.01 16:00:12.862,8.43939,8.44058,1.00,1.00
2017.06.01 16:00:14.225,8.43939,8.44049,1.00,1.00
2017.06.01 16:00:15.218,8.43939,8.44045,1.00,1.00
2017.06.01 16:00:16.199,8.43939,8.44051,1.00,1.00
2017.06.01 16:00:16.670,8.43939,8.44066,1.00,1.00
2017.06.01 16:00:16.721,8.43961,8.44069,1.00,1.00
2017.06.01 16:00:16.924,8.43984,8.44111,1.00,1.00
2017.06.01 16:00:17.126,8.44019,8.44128,1.00,1.00
2017.06.01 16:00:17.774,8.44019,8.44134,1.00,1.00
2017.06.01 16:00:18.433,8.44019,8.44142,1.00,1.00
2017.06.01 16:00:18.636,8.44019,8.44135,1.00,1.00
2017.06.01 16:00:19.113,8.44048,8.44148,1.00,1.00
2017.06.01 16:00:19.214,8.44036,8.44142,1.00,1.00
2017.06.01 16:00:19.316,8.44052,8.44142,1.00,1.00
2017.06.01 16:00:19.540,8.4402,8.44124,1.00,1.60
2017.06.01 16:00:19.592,8.4402,8.44124,1.00,1.00
2017.06.01 16:00:19.847,8.44001,8.44124,1.00,1.35
2017.06.01 16:00:20.207,8.44001,8.44117,1.00,1.00
2017.06.01 16:00:22.412,8.44001,8.44128,1.00,1.00
2017.06.01 16:00:27.737,8.44001,8.44127,1.00,1.00
2017.06.01 16:00:32.332,8.44001,8.441,1.00,1.00
2017.06.01 16:00:32.477,8.43987,8.441,1.00,1.00
2017.06.01 16:00:32.629,8.43972,8.441,1.00,1.00
2017.06.01 16:00:32.959,8.43972,8.44091,1.00,1.00
2017.06.01 16:00:33.485,8.43972,8.44099,1.00,1.00
2017.06.01 16:00:33.952,8.43972,8.44093,1.00,1.00
2017.06.01 16:00:35.250,8.43972,8.44094,1.00,1.00
2017.06.01 16:00:37.219,8.43972,8.44087,1.00,1.00
2017.06.01 16:00:39.975,8.43958,8.44087,1.00,1.00
2017.06.01 16:00:41.253,8.43971,8.44094,1.00,1.00
2017.06.01 16:00:41.441,8.43972,8.441,1.00,1.00
2017.06.01 16:00:41.848,8.43977,8.44101,1.00,1.00
2017.06.01 16:00:42.190,8.43972,8.44091,1.00,1.00
2017.06.01 16:00:42.495,8.43945,8.44056,1.00,1.00
2017.06.01 16:00:42.546,8.43927,8.44052,1.00,1.00
2017.06.01 16:00:42.751,8.43938,8.44052,1.00,1.00
2017.06.01 16:00:43.333,8.43934,8.44052,1.00,1.00
2017.06.01 16:00:45.066,8.43933,8.44052,1.00,1.00
2017.06.01 16:00:45.761,8.43943,8.44052,1.00,1.00
2017.06.01 16:00:46.096,8.43947,8.44052,1.00,1.00
2017.06.01 16:00:46.774,8.43938,8.44052,1.00,1.00
2017.06.01 16:00:47.775,8.43935,8.44052,1.00,1.00
2017.06.01 16:00:49.564,8.43923,8.44052,1.00,1.00
2017.06.01 16:00:49.666,8.43911,8.44028,1.00,1.60
2017.06.01 16:00:49.971,8.43832,8.43947,1.00,1.00
2017.06.01 16:00:50.292,8.43819,8.43938,1.00,1.60
2017.06.01 16:00:50.344,8.43819,8.43938,1.00,1.00
2017.06.01 16:00:52.629,8.43819,8.4394,1.00,1.00
2017.06.01 16:00:53.254,8.4382,8.43947,1.00,1.00
2017.06.01 16:00:55.069,8.43819,8.43944,1.00,1.00
2017.06.01 16:00:56.209,8.43821,8.43947,1.00,1.00
2017.06.01 16:00:56.310,8.43819,8.43942,1.00,1.00
2017.06.01 16:00:57.078,8.43814,8.43934,1.00,1.00
2017.06.01 16:00:57.179,8.43809,8.43934,1.00,1.00
2017.06.01 16:00:58.186,8.43833,8.43934,1.00,1.00
2017.06.01 16:00:58.288,8.43832,8.43956,1.00,1.00
2017.06.01 16:01:00.125,8.43842,8.43956,1.00,1.00
2017.06.01 16:01:00.176,8.43842,8.43971,1.50,1.50
2017.06.01 16:01:00.227,8.43854,8.43971,1.00,1.00
2017.06.01 16:01:00.532,8.43918,8.44043,1.00,1.00
2017.06.01 16:01:00.583,8.43936,8.44059,1.00,1.00
2017.06.01 16:01:00.891,8.43953,8.44059,1.00,1.00
2017.06.01 16:01:01.262,8.43962,8.44081,1.00,1.00
2017.06.01 16:01:01.313,8.43973,8.44083,1.00,1.00
2017.06.01 16:01:01.617,8.44029,8.44139,1.00,1.00
2017.06.01 16:01:01.921,8.4412,8.44185,1.00,1.00
2017.06.01 16:01:01.972,8.44124,8.44204,1.00,1.00
2017.06.01 16:01:02.024,8.44124,8.44231,1.00,1.00
2017.06.01 16:01:02.180,8.44138,8.44248,1.00,1.00
2017.06.01 16:01:02.231,8.44149,8.44267,1.00,1.00
2017.06.01 16:01:02.435,8.44169,8.44267,1.00,1.00
2017.06.01 16:01:02.486,8.4417,8.44293,1.00,1.00
2017.06.01 16:01:02.588,8.44189,8.44314,1.00,1.00
2017.06.01 16:01:02.690,8.44203,8.44316,1.00,1.00
2017.06.01 16:01:02.792,8.44208,8.44332,1.00,1.00
2017.06.01 16:01:02.843,8.44242,8.44332,1.00,1.00
2017.06.01 16:01:02.894,8.44231,8.44332,1.00,1.00
2017.06.01 16:01:02.945,8.44245,8.44332,1.00,1.00
2017.06.01 16:01:02.996,8.44247,8.44355,1.00,1.00
2017.06.01 16:01:03.098,8.44255,8.44375,1.00,1.00
2017.06.01 16:01:03.149,8.44255,8.44355,1.00,1.00
2017.06.01 16:01:03.301,8.44236,8.44355,1.00,1.00
2017.06.01 16:01:03.352,8.44247,8.44363,1.00,1.00
2017.06.01 16:01:03.657,8.44236,8.44349,1.00,1.00
2017.06.01 16:01:03.925,8.44245,8.44363,1.00,1.00
2017.06.01 16:01:03.977,8.44257,8.44384,1.00,1.50
2017.06.01 16:01:04.028,8.44276,8.44387,1.00,1.00
2017.06.01 16:01:04.129,8.44263,8.44387,1.00,1.00
2017.06.01 16:01:04.180,8.44282,8.44391,1.00,1.00
2017.06.01 16:01:04.555,8.44282,8.44378,1.00,1.00
2017.06.01 16:01:04.607,8.44256,8.44378,1.00,1.00
2017.06.01 16:01:04.709,8.44262,8.44385,1.00,1.00
2017.06.01 16:01:04.760,8.4428,8.44385,1.00,1.00
2017.06.01 16:01:05.013,8.44289,8.44396,1.00,1.00
2017.06.01 16:01:05.908,8.44289,8.44403,1.00,1.00
2017.06.01 16:01:05.959,8.44296,8.44418,1.00,1.00
2017.06.01 16:01:06.011,8.44317,8.44418,1.00,1.00
2017.06.01 16:01:06.214,8.44322,8.44446,1.00,1.00
2017.06.01 16:01:07.396,8.44322,8.44436,1.00,1.00
2017.06.01 16:01:07.599,8.44297,8.44424,1.00,1.00
2017.06.01 16:01:08.415,8.443,8.44425,1.00,1.00
2017.06.01 16:01:08.841,8.44319,8.44443,1.00,1.00
2017.06.01 16:01:09.387,8.44319,8.44447,1.50,1.00
2017.06.01 16:01:11.719,8.44339,8.44448,1.00,1.00
2017.06.01 16:01:11.770,8.44328,8.44448,1.00,1.00
2017.06.01 16:01:11.821,8.44334,8.44455,1.00,1.00
2017.06.01 16:01:12.024,8.44334,8.44446,1.00,1.00
2017.06.01 16:01:12.126,8.4432,8.44446,1.00,1.00
2017.06.01 16:01:13.019,8.4432,8.44439,1.00,1.00
2017.06.01 16:01:13.323,8.4432,8.44431,1.00,1.00
2017.06.01 16:01:14.072,8.4432,8.44434,1.00,1.00
2017.06.01 16:01:15.176,8.4432,8.44431,1.00,1.00
2017.06.01 16:01:15.652,8.4432,8.44417,1.00,1.00
2017.06.01 16:01:15.704,8.44299,8.44417,1.00,1.00
2017.06.01 16:01:15.755,8.44291,8.44417,1.00,1.00
2017.06.01 16:01:15.806,8.44291,8.44406,1.00,1.00
2017.06.01 16:01:16.823,8.44291,8.44418,1.50,1.00
2017.06.01 16:01:17.026,8.44306,8.44418,1.00,1.00
2017.06.01 16:01:20.346,8.44306,8.44417,1.00,1.00
2017.06.01 16:01:20.632,8.44306,8.44423,1.00,1.00
2017.06.01 16:01:20.896,8.44306,8.44434,1.00,1.00
2017.06.01 16:01:22.425,8.44306,8.44427,1.00,1.00
2017.06.01 16:01:22.752,8.44306,8.44406,1.00,1.00
2017.06.01 16:01:23.751,8.44306,8.44404,1.00,1.00
2017.06.01 16:01:23.802,8.44306,8.44416,1.00,1.00
2017.06.01 16:01:24.210,8.44306,8.44406,1.00,1.00
2017.06.01 16:01:24.779,8.44306,8.44402,1.00,1.00
2017.06.01 16:01:25.707,8.44292,8.44402,1.00,1.00
2017.06.01 16:01:26.313,8.44292,8.44395,1.00,1.00
2017.06.01 16:01:26.619,8.44237,8.44303,1.00,1.00
2017.06.01 16:01:26.756,8.44128,8.44252,1.00,1.00
2017.06.01 16:01:26.858,8.44106,8.44233,1.00,1.00
2017.06.01 16:01:27.328,8.44106,8.44212,1.00,1.00
2017.06.01 16:01:27.633,8.44106,8.44206,1.00,1.00
2017.06.01 16:01:28.552,8.44106,8.44201,1.00,1.00
2017.06.01 16:01:29.063,8.44106,8.44222,1.00,1.00
2017.06.01 16:01:29.114,8.44106,8.44187,1.00,1.00
2017.06.01 16:01:29.216,8.44086,8.44187,1.00,1.00
2017.06.01 16:01:29.267,8.44083,8.44187,1.00,1.00
2017.06.01 16:01:29.318,8.44063,8.44187,1.00,1.00
2017.06.01 16:01:29.369,8.44061,8.44187,1.00,1.00
2017.06.01 16:01:29.420,8.44077,8.44187,1.00,1.00
2017.06.01 16:01:30.116,8.44077,8.44189,1.00,1.00
2017.06.01 16:01:30.218,8.44077,8.44177,1.00,1.00
2017.06.01 16:01:30.320,8.44063,8.44177,1.00,1.00
2017.06.01 16:01:31.109,8.44063,8.44163,1.00,1.00
2017.06.01 16:01:31.932,8.44044,8.44163,1.00,1.00
2017.06.01 16:01:32.135,8.44044,8.44153,1.00,1.00
2017.06.01 16:01:32.441,8.4401,8.44063,1.00,1.35
2017.06.01 16:01:32.544,8.43955,8.44011,1.00,1.00
2017.06.01 16:01:32.595,8.43932,8.43986,1.00,1.00
2017.06.01 16:01:32.646,8.43912,8.43986,1.00,1.00
2017.06.01 16:01:32.698,8.43888,8.43986,1.00,1.00
2017.06.01 16:01:32.749,8.43873,8.43986,1.00,1.00
2017.06.01 16:01:33.280,8.43873,8.43975,1.00,1.00
2017.06.01 16:01:34.940,8.43873,8.43965,1.00,1.00
2017.06.01 16:01:35.173,8.43851,8.43958,1.00,1.00
2017.06.01 16:01:35.427,8.43872,8.43978,1.00,1.00
2017.06.01 16:01:35.630,8.43896,8.44008,1.00,1.60
2017.06.01 16:01:35.681,8.43896,8.44008,1.00,1.00
2017.06.01 16:01:35.732,8.43921,8.44008,1.00,1.00
2017.06.01 16:01:35.834,8.43901,8.44008,1.00,1.00
2017.06.01 16:01:35.885,8.43897,8.44008,1.00,1.00
2017.06.01 16:01:35.936,8.43912,8.44008,1.00,1.00
2017.06.01 16:01:36.140,8.43892,8.43989,1.00,1.00
2017.06.01 16:01:36.191,8.43889,8.43989,1.00,1.00
2017.06.01 16:01:37.201,8.43889,8.43983,1.00,1.00
2017.06.01 16:01:37.252,8.43874,8.43983,1.00,1.00
2017.06.01 16:01:37.303,8.43874,8.43988,1.00,1.00
2017.06.01 16:01:37.720,8.43874,8.43997,1.00,1.00
2017.06.01 16:01:37.870,8.43894,8.44018,1.00,1.00
2017.06.01 16:01:37.973,8.43905,8.44022,1.00,1.00
2017.06.01 16:01:38.763,8.43905,8.44017,1.00,1.00
2017.06.01 16:01:39.802,8.43905,8.4402,1.00,1.00
2017.06.01 16:01:39.853,8.43905,8.44033,1.00,1.00
2017.06.01 16:01:39.955,8.4392,8.44033,1.00,1.00
2017.06.01 16:01:40.329,8.4392,8.4402,1.00,1.00
2017.06.01 16:01:40.380,8.43905,8.4402,1.00,1.00
2017.06.01 16:01:41.179,8.43905,8.44014,1.00,1.00
2017.06.01 16:01:41.586,8.43908,8.44034,1.00,1.00
2017.06.01 16:01:41.843,8.4392,8.44022,1.00,1.00
2017.06.01 16:01:42.000,8.43905,8.44022,1.00,1.00
2017.06.01 16:01:42.942,8.43905,8.44017,1.00,1.00
2017.06.01 16:01:43.998,8.43905,8.44011,1.00,1.00
2017.06.01 16:01:45.218,8.43905,8.43998,1.00,1.00
2017.06.01 16:01:45.270,8.43889,8.43998,1.00,1.00
2017.06.01 16:01:46.616,8.43889,8.44005,1.00,1.00
2017.06.01 16:01:46.667,8.43908,8.44016,1.00,1.00
2017.06.01 16:01:47.216,8.43908,8.44033,1.00,1.00
2017.06.01 16:01:48.778,8.4391,8.44035,1.00,1.00
2017.06.01 16:01:49.717,8.43915,8.44035,1.00,1.00
2017.06.01 16:01:50.068,8.43928,8.44045,1.00,1.00
2017.06.01 16:01:50.768,8.43928,8.44044,1.00,1.00
2017.06.01 16:01:52.291,8.43949,8.44058,1.00,1.00
2017.06.01 16:01:52.502,8.43956,8.44079,1.00,1.00
2017.06.01 16:01:52.603,8.43971,8.44079,1.00,1.00
2017.06.01 16:01:53.267,8.43971,8.44088,1.00,1.00
2017.06.01 16:01:55.549,8.43971,8.44093,1.00,1.00
2017.06.01 16:01:57.228,8.43971,8.44098,1.00,1.00
2017.06.01 16:01:58.179,8.43971,8.44095,1.00,1.00
2017.06.01 16:01:59.098,8.43971,8.44085,1.00,1.00
2017.06.01 16:01:59.415,8.43971,8.44077,1.00,1.00
2017.06.01 16:01:59.719,8.43971,8.44046,1.00,1.00
2017.06.01 16:01:59.821,8.43948,8.44046,1.00,1.00
2017.06.01 16:01:59.872,8.43933,8.44046,1.00,1.00
2017.06.01 16:02:00.190,8.43933,8.44056,1.00,1.00
2017.06.01 16:02:00.596,8.43936,8.44062,1.00,1.00
2017.06.01 16:02:01.295,8.43941,8.44062,1.00,1.00
2017.06.01 16:02:02.218,8.43935,8.44062,1.00,1.00
2017.06.01 16:02:04.732,8.43933,8.44059,1.00,1.00
2017.06.01 16:02:05.096,8.43933,8.44051,1.00,1.00
2017.06.01 16:02:05.401,8.43933,8.4403,1.00,1.00
2017.06.01 16:02:06.321,8.43933,8.44031,1.00,1.00
2017.06.01 16:02:07.249,8.43933,8.44038,1.00,1.00
2017.06.01 16:02:08.212,8.43933,8.44041,1.00,1.00
2017.06.01 16:02:09.214,8.43933,8.44043,1.00,1.00
2017.06.01 16:02:09.421,8.43933,8.4405,1.00,1.00
2017.06.01 16:02:10.747,8.43933,8.44045,1.00,1.00
2017.06.01 16:02:10.849,8.43933,8.4405,1.00,1.00
2017.06.01 16:02:11.737,8.43933,8.44061,1.00,1.00
2017.06.01 16:02:11.788,8.43935,8.44062,1.00,1.00
2017.06.01 16:02:11.889,8.43933,8.44062,1.00,1.00
2017.06.01 16:02:17.843,8.43954,8.44068,1.00,1.00
2017.06.01 16:02:17.894,8.43954,8.4407,1.00,1.00
2017.06.01 16:02:20.416,8.43954,8.44073,1.00,1.00
2017.06.01 16:02:21.479,8.43965,8.44083,1.00,1.00
2017.06.01 16:02:21.531,8.43968,8.44093,1.00,1.00
2017.06.01 16:02:22.014,8.43968,8.44096,1.00,1.00
2017.06.01 16:02:22.168,8.43989,8.4411,1.00,1.00
2017.06.01 16:02:22.784,8.43989,8.44118,1.00,1.50
2017.06.01 16:02:23.179,8.43989,8.44113,1.00,1.00
2017.06.01 16:02:23.808,8.43989,8.44093,1.00,1.00
2017.06.01 16:02:24.125,8.43971,8.44093,1.00,1.00
2017.06.01 16:02:24.329,8.43995,8.44115,1.00,1.00
2017.06.01 16:02:24.634,8.44073,8.44174,1.00,1.00
2017.06.01 16:02:24.736,8.44087,8.44194,1.00,1.00
2017.06.01 16:02:24.851,8.44087,8.44203,1.00,1.00
2017.06.01 16:02:25.172,8.44102,8.44222,1.00,1.00
2017.06.01 16:02:25.708,8.44102,8.44229,1.00,1.00
2017.06.01 16:02:25.860,8.44102,8.44206,1.00,1.00
2017.06.01 16:02:26.104,8.44087,8.44206,1.00,1.00
2017.06.01 16:02:26.206,8.44087,8.44194,1.00,1.00
2017.06.01 16:02:27.930,8.44087,8.44195,1.00,1.00
2017.06.01 16:02:30.276,8.44087,8.44196,1.00,1.00
2017.06.01 16:02:31.785,8.44087,8.44205,1.00,1.00
2017.06.01 16:02:32.203,8.44087,8.44194,1.00,1.00
2017.06.01 16:02:32.745,8.44087,8.44199,1.00,1.00
2017.06.01 16:02:34.342,8.44087,8.4421,1.00,1.00
2017.06.01 16:02:37.838,8.44087,8.44214,1.00,1.00
2017.06.01 16:02:38.304,8.44089,8.44216,1.00,1.00
2017.06.01 16:02:44.514,8.441,8.44216,1.00,1.00
2017.06.01 16:02:44.616,8.4411,8.44232,1.00,1.00
2017.06.01 16:02:44.718,8.44118,8.44239,1.00,1.00
2017.06.01 16:02:45.583,8.44118,8.4424,1.00,1.00
2017.06.01 16:02:47.261,8.44128,8.44247,1.00,1.00
2017.06.01 16:02:47.566,8.44203,8.4426,1.00,1.00
2017.06.01 16:02:47.617,8.44203,8.44283,1.00,1.00
2017.06.01 16:02:47.719,8.44208,8.44333,1.00,1.00
2017.06.01 16:02:48.512,8.4421,8.44337,1.00,1.00
2017.06.01 16:02:51.343,8.44208,8.44334,1.00,1.00
2017.06.01 16:02:51.715,8.44208,8.44329,1.00,1.00
2017.06.01 16:02:52.058,8.44208,8.44313,1.00,1.00
2017.06.01 16:02:52.828,8.44208,8.44305,1.00,1.00
2017.06.01 16:02:53.883,8.44208,8.44313,1.00,1.00
2017.06.01 16:02:53.934,8.44208,8.4432,1.00,1.00
2017.06.01 16:02:55.025,8.44208,8.44322,1.00,1.00
2017.06.01 16:02:56.221,8.44208,8.44336,1.00,1.00
2017.06.01 16:02:56.323,8.44208,8.44325,1.00,1.00
2017.06.01 16:02:57.730,8.44208,8.44335,1.00,1.00
2017.06.01 16:02:58.089,8.44208,8.44329,1.00,1.00
2017.06.01 16:02:58.301,8.44208,8.44335,1.00,1.00
2017.06.01 16:02:58.792,8.44221,8.44337,1.00,1.00
2017.06.01 16:02:58.945,8.44232,8.44351,1.00,1.00
2017.06.01 16:02:58.996,8.44232,8.4434,1.00,1.00
2017.06.01 16:02:59.148,8.44217,8.44326,1.00,1.00
2017.06.01 16:02:59.375,8.44202,8.44326,1.00,1.00
2017.06.01 16:03:00.081,8.44202,8.44325,1.00,1.00
2017.06.01 16:03:00.268,8.44202,8.44321,1.00,1.00
2017.06.01 16:03:01.778,8.44202,8.44315,1.00,1.00
2017.06.01 16:03:02.112,8.44202,8.44311,1.00,1.00
2017.06.01 16:03:02.798,8.44202,8.44309,1.00,1.00
2017.06.01 16:03:02.950,8.44202,8.44315,1.00,1.00
2017.06.01 16:03:04.266,8.44202,8.4432,1.00,1.00
2017.06.01 16:03:04.469,8.44202,8.44314,1.00,1.00
2017.06.01 16:03:05.428,8.44202,8.44318,1.00,1.00
2017.06.01 16:03:06.428,8.44202,8.44321,1.00,1.00
2017.06.01 16:03:07.492,8.44202,8.44331,1.00,1.50
2017.06.01 16:03:07.595,8.44212,8.44331,1.00,1.00
2017.06.01 16:03:08.512,8.44206,8.44331,1.00,1.00
2017.06.01 16:03:09.011,8.44202,8.44331,1.00,1.50
2017.06.01 16:03:09.237,8.44202,8.44319,1.00,1.00
2017.06.01 16:03:09.339,8.44202,8.44322,1.00,1.00
2017.06.01 16:03:10.363,8.44255,8.44349,1.00,1.00
2017.06.01 16:03:10.567,8.44286,8.44416,1.00,1.00
2017.06.01 16:03:10.669,8.44324,8.44437,1.00,1.00
2017.06.01 16:03:11.047,8.44324,8.4444,1.00,1.00
2017.06.01 16:03:11.298,8.44324,8.44452,1.00,1.00
2017.06.01 16:03:12.318,8.44324,8.44453,1.00,1.00
2017.06.01 16:03:13.067,8.44324,8.44448,1.00,1.00
2017.06.01 16:03:13.479,8.44324,8.44437,1.00,1.00
2017.06.01 16:03:13.717,8.44324,8.44453,1.00,1.00
2017.06.01 16:03:13.871,8.44343,8.44471,1.00,1.00
2017.06.01 16:03:14.713,8.44343,8.44465,1.00,1.00
2017.06.01 16:03:15.096,8.44329,8.44444,1.00,1.00
2017.06.01 16:03:16.091,8.44315,8.44444,1.00,1.50
2017.06.01 16:03:17.366,8.44314,8.44431,1.00,1.00
2017.06.01 16:03:17.721,8.44314,8.4444,1.00,1.00
2017.06.01 16:03:17.824,8.44333,8.44444,1.00,1.00
2017.06.01 16:03:17.875,8.44333,8.44459,1.00,1.00
2017.06.01 16:03:18.765,8.44332,8.44448,1.00,1.00
2017.06.01 16:03:20.535,8.44332,8.44451,1.00,1.00
2017.06.01 16:03:21.811,8.44332,8.44434,1.00,1.00
2017.06.01 16:03:21.913,8.44309,8.44417,1.00,1.00
2017.06.01 16:03:21.964,8.44309,8.44428,1.00,1.00
2017.06.01 16:03:22.015,8.44309,8.44436,1.00,1.00
2017.06.01 16:03:22.783,8.44309,8.44424,1.00,1.00
2017.06.01 16:03:23.110,8.44309,8.4441,1.00,1.00
2017.06.01 16:03:23.161,8.44309,8.44417,1.00,1.00
2017.06.01 16:03:23.391,8.44309,8.44436,1.00,1.50
2017.06.01 16:03:23.595,8.44309,8.4441,1.00,1.00
2017.06.01 16:03:23.697,8.44291,8.4441,1.00,1.00
2017.06.01 16:03:24.053,8.44291,8.44398,1.00,1.00
2017.06.01 16:03:24.104,8.44275,8.44398,1.00,1.00
2017.06.01 16:03:25.031,8.44275,8.44399,1.00,1.00
2017.06.01 16:03:25.975,8.44275,8.44375,1.00,1.00
2017.06.01 16:03:26.128,8.4426,8.44375,1.00,1.00
2017.06.01 16:03:26.230,8.44245,8.44374,1.00,1.00
2017.06.01 16:03:28.579,8.44365,8.444,1.00,1.00
2017.06.01 16:03:28.630,8.44339,8.44469,1.00,1.00
2017.06.01 16:03:28.681,8.4435,8.44469,1.00,1.00
2017.06.01 16:03:29.041,8.4437,8.44477,1.00,1.00
2017.06.01 16:03:29.478,8.4437,8.44489,1.00,1.00
2017.06.01 16:03:29.592,8.4437,8.4448,1.00,1.00
2017.06.01 16:03:30.343,8.4437,8.4449,1.00,1.00
2017.06.01 16:03:31.545,8.4437,8.44495,1.00,1.00
2017.06.01 16:03:31.960,8.4437,8.44486,1.00,1.00
2017.06.01 16:03:32.680,8.4437,8.4446,1.00,1.00
2017.06.01 16:03:32.732,8.44327,8.44456,1.00,1.00
2017.06.01 16:03:34.862,8.44335,8.44456,1.00,1.00
2017.06.01 16:03:35.139,8.44327,8.44456,1.00,1.50
2017.06.01 16:03:37.504,8.44327,8.44419,1.00,1.00
2017.06.01 16:03:37.656,8.44304,8.44419,1.00,1.00
2017.06.01 16:03:37.794,8.4429,8.44404,1.00,1.00
2017.06.01 16:03:37.895,8.44279,8.44404,1.00,1.00
2017.06.01 16:03:38.511,8.44274,8.44403,1.50,1.00
2017.06.01 16:03:39.589,8.44274,8.44395,1.00,1.00
2017.06.01 16:03:39.741,8.44252,8.44381,1.00,1.50
2017.06.01 16:03:40.327,8.44252,8.44367,1.00,1.00
2017.06.01 16:03:40.583,8.44217,8.44343,1.00,1.00
2017.06.01 16:03:41.175,8.44214,8.4432,1.00,1.00
2017.06.01 16:03:41.378,8.44184,8.44302,1.00,1.00
2017.06.01 16:03:41.480,8.44169,8.44298,1.00,1.00
2017.06.01 16:03:41.689,8.44169,8.44293,1.00,1.00
2017.06.01 16:03:42.012,8.44283,8.44307,1.00,1.00
2017.06.01 16:03:42.063,8.44262,8.44391,1.00,1.00
2017.06.01 16:03:43.712,8.44266,8.44391,1.00,1.00
2017.06.01 16:03:44.477,8.44262,8.44391,1.00,1.00
2017.06.01 16:03:45.311,8.44262,8.44379,1.00,1.00
2017.06.01 16:03:45.813,8.44262,8.4439,1.00,1.00
2017.06.01 16:03:46.118,8.44262,8.44385,1.00,1.00
2017.06.01 16:03:48.487,8.44262,8.4438,1.00,1.00
2017.06.01 16:03:48.916,8.44262,8.44373,1.00,1.00
2017.06.01 16:03:49.479,8.44262,8.4438,1.00,1.00
2017.06.01 16:03:50.034,8.44262,8.44379,1.00,1.00
2017.06.01 16:03:50.237,8.44262,8.44372,1.00,1.00
2017.06.01 16:03:51.404,8.44262,8.44379,1.00,1.00
2017.06.01 16:03:51.455,8.44262,8.44376,1.00,1.00
2017.06.01 16:03:52.072,8.44262,8.44369,1.00,1.00
2017.06.01 16:03:52.377,8.44217,8.44339,1.00,1.00
2017.06.01 16:03:52.480,8.44234,8.44339,1.00,1.00
2017.06.01 16:03:52.988,8.44234,8.4435,1.00,1.00
2017.06.01 16:03:55.543,8.44234,8.44349,1.00,1.00
2017.06.01 16:03:56.479,8.44234,8.44315,1.00,1.00
2017.06.01 16:03:56.733,8.44224,8.44317,1.00,1.00
2017.06.01 16:03:56.885,8.44225,8.4432,1.00,1.00
2017.06.01 16:03:57.138,8.44224,8.4434,1.00,1.00
2017.06.01 16:03:57.191,8.44242,8.44348,1.00,1.00
2017.06.01 16:03:57.513,8.44242,8.44355,1.00,1.00
2017.06.01 16:03:57.615,8.44226,8.44355,1.00,1.00
2017.06.01 16:03:57.717,8.44246,8.44348,1.00,1.00
2017.06.01 16:03:57.921,8.44232,8.44338,1.00,1.00
2017.06.01 16:03:58.023,8.44232,8.44346,1.00,1.00
2017.06.01 16:03:58.129,8.44232,8.4435,1.00,1.00
2017.06.01 16:03:58.232,8.44237,8.44357,1.00,1.00
2017.06.01 16:03:58.787,8.44237,8.44344,1.00,1.00
2017.06.01 16:03:58.940,8.44237,8.44347,1.00,1.00
2017.06.01 16:03:59.041,8.44232,8.44345,1.00,1.00
2017.06.01 16:03:59.196,8.44233,8.44347,1.00,1.00
2017.06.01 16:03:59.540,8.44233,8.44338,1.00,1.00
2017.06.01 16:03:59.862,8.44203,8.4432,1.00,1.00
2017.06.01 16:03:59.964,8.44231,8.44307,1.00,1.00
2017.06.01 16:04:00.167,8.44231,8.4433,1.00,1.00
2017.06.01 16:04:00.218,8.44231,8.44333,1.00,1.00
2017.06.01 16:04:00.320,8.44234,8.4434,1.00,1.00
2017.06.01 16:04:00.372,8.44234,8.44327,1.00,1.00
2017.06.01 16:04:00.627,8.44234,8.44346,1.00,1.00
2017.06.01 16:04:00.780,8.44242,8.44346,1.00,1.00
2017.06.01 16:04:01.398,8.44242,8.44351,1.00,1.00
2017.06.01 16:04:01.499,8.44242,8.44361,1.00,1.00
2017.06.01 16:04:01.917,8.44234,8.4435,1.00,1.00
2017.06.01 16:04:02.272,8.44252,8.4435,1.00,1.00
2017.06.01 16:04:02.324,8.44252,8.44362,1.00,1.00
2017.06.01 16:04:02.425,8.44254,8.44366,1.00,1.00
2017.06.01 16:04:02.873,8.44262,8.44366,1.00,1.00
2017.06.01 16:04:02.924,8.44254,8.44366,1.00,1.00
2017.06.01 16:04:03.026,8.44262,8.44366,1.00,1.00
2017.06.01 16:04:03.306,8.44262,8.44376,1.00,1.00
2017.06.01 16:04:03.912,8.44262,8.44381,1.00,1.00
2017.06.01 16:04:03.968,8.44256,8.44381,1.00,1.00
2017.06.01 16:04:04.120,8.44266,8.44381,1.00,1.00
2017.06.01 16:04:04.514,8.44267,8.44394,1.50,1.00
2017.06.01 16:04:04.728,8.44294,8.44411,1.00,1.00
2017.06.01 16:04:04.830,8.44292,8.44411,1.00,1.00
2017.06.01 16:04:05.364,8.443,8.44411,1.00,1.00
2017.06.01 16:04:05.712,8.44308,8.44411,1.00,1.00
2017.06.01 16:04:05.867,8.44317,8.44431,1.00,1.00
2017.06.01 16:04:05.918,8.44326,8.44431,1.00,1.00
2017.06.01 16:04:06.020,8.44348,8.44455,1.00,1.00
2017.06.01 16:04:06.122,8.44363,8.44455,1.00,1.00
2017.06.01 16:04:06.224,8.44365,8.44492,1.00,1.00
2017.06.01 16:04:06.326,8.44374,8.44493,1.00,1.00
2017.06.01 16:04:06.917,8.4439,8.44493,1.00,1.00
2017.06.01 16:04:07.069,8.4439,8.44507,1.00,1.00
2017.06.01 16:04:07.121,8.4439,8.44495,1.00,1.00
2017.06.01 16:04:07.223,8.44375,8.44495,1.00,1.00
2017.06.01 16:04:07.476,8.44382,8.44495,1.00,1.00
2017.06.01 16:04:07.880,8.44382,8.44503,1.00,1.00
2017.06.01 16:04:08.400,8.44401,8.44504,1.00,1.00
2017.06.01 16:04:08.502,8.44386,8.44504,1.00,1.00
2017.06.01 16:04:08.553,8.44393,8.44515,1.00,1.00
2017.06.01 16:04:08.655,8.44401,8.44515,1.00,1.00
2017.06.01 16:04:09.474,8.44401,8.44519,1.00,1.00
2017.06.01 16:04:09.836,8.44393,8.44519,1.00,1.00
2017.06.01 16:04:09.937,8.44422,8.44523,1.00,1.00
2017.06.01 16:04:10.140,8.44431,8.44546,1.00,1.00
2017.06.01 16:04:10.344,8.44441,8.4455,1.00,1.00
2017.06.01 16:04:11.496,8.44446,8.4455,1.00,1.00
2017.06.01 16:04:11.752,8.44446,8.44562,1.00,1.00
2017.06.01 16:04:11.922,8.44462,8.44562,1.00,1.00
2017.06.01 16:04:12.280,8.44449,8.44562,1.00,1.00
2017.06.01 16:04:12.331,8.44441,8.44549,1.00,1.00
2017.06.01 16:04:12.636,8.44449,8.44539,1.00,1.00
2017.06.01 16:04:12.788,8.4446,8.44552,1.00,1.00
2017.06.01 16:04:13.546,8.44446,8.44552,1.00,1.00
2017.06.01 16:04:13.597,8.44446,8.44539,1.00,1.00
2017.06.01 16:04:13.901,8.4446,8.44549,1.00,1.00
2017.06.01 16:04:14.064,8.4446,8.44557,1.00,1.00
2017.06.01 16:04:14.609,8.44441,8.44545,1.00,1.00
2017.06.01 16:04:14.710,8.44472,8.44545,1.00,1.00
2017.06.01 16:04:14.989,8.44472,8.44556,1.00,1.00
2017.06.01 16:04:15.595,8.44458,8.44556,1.00,1.00
2017.06.01 16:04:16.140,8.44468,8.44555,1.00,1.00
2017.06.01 16:04:16.735,8.44439,8.44461,1.00,1.00
2017.06.01 16:04:16.837,8.44359,8.44423,1.00,1.60
2017.06.01 16:04:16.888,8.44359,8.44423,1.00,1.60
2017.06.01 16:04:16.939,8.44297,8.44398,1.00,1.60
2017.06.01 16:04:16.990,8.44312,8.44378,1.00,1.00
2017.06.01 16:04:17.092,8.44271,8.44339,1.00,1.00
2017.06.01 16:04:17.143,8.44257,8.44308,1.00,1.00
2017.06.01 16:04:17.194,8.44237,8.44308,1.00,1.00
2017.06.01 16:04:17.404,8.44212,8.44301,1.00,1.00
2017.06.01 16:04:17.455,8.44179,8.44301,1.00,1.00
2017.06.01 16:04:17.506,8.44191,8.44308,1.00,1.00
2017.06.01 16:04:18.035,8.44191,8.44314,1.00,1.00
2017.06.01 16:04:20.361,8.44222,8.4432,1.00,1.00
2017.06.01 16:04:20.463,8.44243,8.4437,1.00,1.50
2017.06.01 16:04:20.514,8.44243,8.44343,1.00,1.00
2017.06.01 16:04:20.768,8.44197,8.44322,1.00,1.00
2017.06.01 16:04:20.921,8.44212,8.44327,1.00,1.00
2017.06.01 16:04:21.073,8.44222,8.44339,1.00,1.00
2017.06.01 16:04:21.409,8.44222,8.4435,1.50,1.00
2017.06.01 16:04:21.922,8.44233,8.44352,1.00,1.00
2017.06.01 16:04:22.074,8.44241,8.44363,1.00,1.00
2017.06.01 16:04:22.888,8.44241,8.4436,1.00,1.00
2017.06.01 16:04:23.300,8.44241,8.44362,1.00,1.00
2017.06.01 16:04:24.464,8.44247,8.4437,1.00,1.00
2017.06.01 16:04:24.515,8.44253,8.4437,1.00,1.00
2017.06.01 16:04:24.831,8.44266,8.44382,1.00,1.00
2017.06.01 16:04:25.507,8.44266,8.44388,1.00,1.00
2017.06.01 16:04:26.028,8.44266,8.44378,1.00,1.00
2017.06.01 16:04:28.049,8.44278,8.44396,1.00,1.00
2017.06.01 16:04:28.100,8.44291,8.44396,1.00,1.00
2017.06.01 16:04:28.303,8.44291,8.44413,1.00,1.00
2017.06.01 16:04:28.354,8.44286,8.44408,1.00,1.00
2017.06.01 16:04:28.818,8.44323,8.44444,1.00,1.00
2017.06.01 16:04:29.021,8.4433,8.4445,1.00,1.00
2017.06.01 16:04:29.327,8.4433,8.44441,1.00,1.00
2017.06.01 16:04:29.429,8.44312,8.44441,1.00,1.50
2017.06.01 16:04:30.082,8.44312,8.4444,1.00,1.00
2017.06.01 16:04:30.133,8.44312,8.44425,1.00,1.00
2017.06.01 16:04:30.285,8.44312,8.4444,1.00,1.00
2017.06.01 16:04:30.591,8.44324,8.44441,1.00,1.00
2017.06.01 16:04:31.126,8.44332,8.44441,1.00,1.00
2017.06.01 16:04:32.047,8.44312,8.44441,1.00,1.50
2017.06.01 16:04:32.098,8.44312,8.44429,1.00,1.00
2017.06.01 16:04:32.402,8.44286,8.44394,1.00,1.00
2017.06.01 16:04:33.209,8.44286,8.44395,1.00,1.00
2017.06.01 16:04:33.470,8.44286,8.44403,1.00,1.00
2017.06.01 16:04:33.521,8.44286,8.44407,1.00,1.00
2017.06.01 16:04:33.724,8.44301,8.44411,1.00,1.00
2017.06.01 16:04:33.928,8.44301,8.44427,1.00,1.00
2017.06.01 16:04:35.709,8.44301,8.44425,1.00,1.00
2017.06.01 16:04:36.163,8.44301,8.44421,1.00,1.00
2017.06.01 16:04:37.324,8.44301,8.44425,1.00,1.00
2017.06.01 16:04:38.212,8.44301,8.44422,1.00,1.00
2017.06.01 16:04:39.760,8.44301,8.44427,1.00,1.00
2017.06.01 16:04:39.862,8.44301,8.44421,1.00,1.00
2017.06.01 16:04:40.176,8.44301,8.4443,1.00,1.00
2017.06.01 16:04:40.227,8.44295,8.44415,1.00,1.00
2017.06.01 16:04:40.430,8.44308,8.44438,1.00,1.00
2017.06.01 16:04:40.531,8.44312,8.44438,1.00,1.00
2017.06.01 16:04:40.821,8.44331,8.4446,1.00,1.00
2017.06.01 16:04:40.975,8.44344,8.4446,1.00,1.00
2017.06.01 16:04:41.230,8.44357,8.44482,1.00,1.00
2017.06.01 16:04:41.434,8.44355,8.44482,1.50,1.00
2017.06.01 16:04:41.489,8.44357,8.44482,1.00,1.00
2017.06.01 16:04:41.865,8.44363,8.44484,1.00,1.00
2017.06.01 16:04:41.916,8.44366,8.44493,1.00,1.00
2017.06.01 16:04:42.576,8.44371,8.44493,1.00,1.00
2017.06.01 16:04:42.945,8.44363,8.44488,1.00,1.00
2017.06.01 16:04:43.605,8.44365,8.44493,1.00,1.00
2017.06.01 16:04:43.823,8.44363,8.44493,1.00,1.00
2017.06.01 16:04:44.491,8.44363,8.44485,1.00,1.00
2017.06.01 16:04:44.644,8.44345,8.44468,1.00,1.00
2017.06.01 16:04:44.695,8.44343,8.44468,1.00,1.00
2017.06.01 16:04:45.510,8.44342,8.44468,1.00,1.00
2017.06.01 16:04:45.680,8.44348,8.44468,1.00,1.00
2017.06.01 16:04:47.856,8.44352,8.44468,1.00,1.00
2017.06.01 16:04:48.857,8.44353,8.44468,1.00,1.00
2017.06.01 16:04:50.765,8.44351,8.44468,1.00,1.00
2017.06.01 16:04:53.073,8.44348,8.44468,1.00,1.00
2017.06.01 16:04:55.297,8.44341,8.44464,1.00,1.00
2017.06.01 16:04:56.461,8.44341,8.44459,1.00,1.00
2017.06.01 16:04:57.494,8.44341,8.44464,1.00,1.00
2017.06.01 16:04:59.758,8.44341,8.44468,1.00,1.50
2017.06.01 16:04:59.809,8.44345,8.44468,1.00,1.00
2017.06.01 16:05:00.310,8.44341,8.4446,1.00,1.00
2017.06.01 16:05:00.659,8.4432,8.4445,2.25,1.50
2017.06.01 16:05:00.710,8.44325,8.4445,1.00,1.00
2017.06.01 16:05:05.746,8.44322,8.4445,1.00,1.00
2017.06.01 16:05:06.153,8.44332,8.4445,1.00,1.00
2017.06.01 16:05:06.558,8.44339,8.4445,1.00,1.00
2017.06.01 16:05:07.221,8.44336,8.4445,1.00,1.00
2017.06.01 16:05:08.190,8.44334,8.4445,1.00,1.00
2017.06.01 16:05:09.688,8.44329,8.4445,1.00,1.00
2017.06.01 16:05:10.007,8.44325,8.4445,1.00,1.00
2017.06.01 16:05:10.059,8.4432,8.44442,1.00,1.00
2017.06.01 16:05:11.035,8.4432,8.44438,1.00,1.00
2017.06.01 16:05:11.364,8.4432,8.44443,1.00,1.00
2017.06.01 16:05:12.564,8.4432,8.44434,1.00,1.00
2017.06.01 16:05:20.937,8.4432,8.44438,1.00,1.00
2017.06.01 16:05:21.038,8.4432,8.44442,1.00,1.00
2017.06.01 16:05:21.089,8.44331,8.44439,1.00,1.00
2017.06.01 16:05:21.242,8.443,8.44414,1.00,1.00
2017.06.01 16:05:21.294,8.44288,8.44389,1.00,1.00
2017.06.01 16:05:21.395,8.44307,8.44409,1.00,1.00
2017.06.01 16:05:21.447,8.44307,8.44417,1.00,1.00
2017.06.01 16:05:21.599,8.44307,8.4443,1.00,1.00
2017.06.01 16:05:23.171,8.44304,8.4443,1.00,1.00
2017.06.01 16:05:24.317,8.44307,8.4443,1.00,1.00
2017.06.01 16:05:24.520,8.44317,8.44445,1.00,1.00
2017.06.01 16:05:25.347,8.4432,8.44445,1.00,1.00
2017.06.01 16:05:30.637,8.44321,8.44445,1.00,1.00
2017.06.01 16:05:35.854,8.44319,8.44445,1.00,1.00
2017.06.01 16:05:36.072,8.44317,8.44445,1.00,1.00
2017.06.01 16:05:36.225,8.44315,8.44426,1.00,1.00
2017.06.01 16:05:38.200,8.44307,8.44426,1.00,1.00
2017.06.01 16:05:40.948,8.44299,8.44426,1.00,1.00
2017.06.01 16:05:41.113,8.44297,8.44425,1.00,1.00
2017.06.01 16:05:42.080,8.44298,8.44426,1.00,1.00
2017.06.01 16:05:43.367,8.44297,8.44426,1.00,1.00
2017.06.01 16:05:47.612,8.44302,8.44426,1.00,1.00
2017.06.01 16:05:49.771,8.44297,8.44426,1.00,1.00
2017.06.01 16:05:49.872,8.44286,8.44411,1.00,1.00
2017.06.01 16:05:50.736,8.44287,8.44411,1.00,1.00
2017.06.01 16:05:51.738,8.44291,8.44411,1.00,1.00
2017.06.01 16:05:52.991,8.44284,8.44411,1.00,1.00
2017.06.01 16:05:53.526,8.44283,8.44411,1.00,1.00
2017.06.01 16:05:54.942,8.44282,8.44393,1.00,1.00
2017.06.01 16:05:55.195,8.44266,8.44393,1.00,1.00
2017.06.01 16:05:55.517,8.44264,8.44394,1.00,1.00
2017.06.01 16:05:57.199,8.44264,8.44388,1.00,1.00
2017.06.01 16:05:57.505,8.44232,8.44345,1.00,1.00
2017.06.01 16:05:57.978,8.44246,8.44345,1.00,1.00
2017.06.01 16:05:58.080,8.44246,8.4436,1.00,1.00
2017.06.01 16:05:58.182,8.44262,8.4436,1.00,1.00
2017.06.01 16:05:58.284,8.44262,8.44375,1.00,1.00
2017.06.01 16:05:58.386,8.44256,8.44375,1.00,1.00
2017.06.01 16:05:58.691,8.44248,8.44375,1.00,1.00
2017.06.01 16:05:58.980,8.44248,8.4436,1.00,1.00
2017.06.01 16:05:59.713,8.44243,8.4436,1.00,1.00
2017.06.01 16:06:00.072,8.44256,8.4436,1.00,1.00
2017.06.01 16:06:00.231,8.44248,8.4436,1.00,1.00
2017.06.01 16:06:03.105,8.44243,8.4436,1.00,1.00
2017.06.01 16:06:03.157,8.44252,8.4436,1.00,1.00
2017.06.01 16:06:03.461,8.44273,8.4436,1.00,1.00
2017.06.01 16:06:03.512,8.44273,8.4439,1.00,1.00
2017.06.01 16:06:04.217,8.44279,8.4439,1.00,1.00
2017.06.01 16:06:04.513,8.44269,8.4439,1.00,1.00
2017.06.01 16:06:04.564,8.44261,8.4439,1.50,1.00
2017.06.01 16:06:04.768,8.44261,8.44388,1.50,1.00
2017.06.01 16:06:05.487,8.44261,8.44368,1.00,1.00
2017.06.01 16:06:06.133,8.44264,8.44368,1.00,1.00
2017.06.01 16:06:12.307,8.44262,8.44368,1.00,1.00
2017.06.01 16:06:13.428,8.44257,8.44368,1.00,1.00
2017.06.01 16:06:13.479,8.4425,8.44368,1.00,1.00
2017.06.01 16:06:13.633,8.44241,8.44368,1.00,1.00
2017.06.01 16:06:13.956,8.44241,8.44365,1.00,1.00
2017.06.01 16:06:14.382,8.44233,8.44345,1.00,1.00
2017.06.01 16:06:14.983,8.44228,8.44345,1.00,1.00
2017.06.01 16:06:15.935,8.44225,8.44345,1.00,1.00
2017.06.01 16:06:16.481,8.4422,8.44345,1.00,1.00
2017.06.01 16:06:20.146,8.44216,8.44345,1.00,1.00
2017.06.01 16:06:20.197,8.44216,8.44336,1.00,1.00
2017.06.01 16:06:20.248,8.442,8.4433,1.00,1.00
2017.06.01 16:06:20.401,8.44191,8.44309,1.00,1.00
2017.06.01 16:06:21.117,8.4419,8.44309,1.00,1.00
2017.06.01 16:06:23.288,8.442,8.44309,1.00,1.00
2017.06.01 16:06:30.774,8.44199,8.44309,1.00,1.00
2017.06.01 16:06:35.158,8.44204,8.44309,1.00,1.00
2017.06.01 16:06:36.282,8.44202,8.44309,1.00,1.00
2017.06.01 16:06:38.271,8.44196,8.44309,1.00,1.00
2017.06.01 16:06:41.674,8.44201,8.44309,1.00,1.00
2017.06.01 16:06:42.001,8.4418,8.4423,1.00,1.00
2017.06.01 16:06:42.052,8.4416,8.44211,1.00,1.00
2017.06.01 16:06:42.103,8.44144,8.44187,1.00,1.00
2017.06.01 16:06:42.357,8.44024,8.44135,1.00,1.00
2017.06.01 16:06:42.408,8.4401,8.44135,1.00,1.00
2017.06.01 16:06:42.561,8.43991,8.44101,1.00,1.00
2017.06.01 16:06:43.653,8.43994,8.44101,1.00,1.00
2017.06.01 16:06:44.845,8.43996,8.4412,1.00,1.00
2017.06.01 16:06:44.896,8.43996,8.44123,1.00,1.00
2017.06.01 16:06:44.947,8.43994,8.44102,1.00,1.00
2017.06.01 16:06:45.849,8.43992,8.44102,1.00,1.00
2017.06.01 16:06:51.003,8.43995,8.44102,1.00,1.00
2017.06.01 16:06:52.762,8.43953,8.44007,1.00,1.00
2017.06.01 16:06:52.971,8.4383,8.4392,1.00,1.00
2017.06.01 16:06:53.073,8.4383,8.4394,1.00,1.00
2017.06.01 16:06:53.124,8.4383,8.43956,1.00,1.00
2017.06.01 16:06:53.479,8.4383,8.43942,1.00,1.00
2017.06.01 16:06:53.812,8.4382,8.43942,1.00,1.00
2017.06.01 16:06:59.821,8.43815,8.43942,1.00,1.00
2017.06.01 16:07:00.805,8.43813,8.43942,1.50,1.50
2017.06.01 16:07:01.211,8.43813,8.43913,1.00,1.00
2017.06.01 16:07:01.404,8.43793,8.43902,1.00,1.00
2017.06.01 16:07:01.458,8.43783,8.43902,1.00,1.00
2017.06.01 16:07:01.772,8.43773,8.43902,1.00,1.50
2017.06.01 16:07:03.478,8.43773,8.43886,1.00,1.00
2017.06.01 16:07:06.937,8.43806,8.43886,1.00,1.00
2017.06.01 16:07:06.988,8.43815,8.43902,1.00,1.00
2017.06.01 16:07:07.089,8.43815,8.43917,1.00,1.00
2017.06.01 16:07:07.191,8.43815,8.43931,1.00,1.00
2017.06.01 16:07:08.052,8.43813,8.43931,1.00,1.00
2017.06.01 16:07:10.821,8.43803,8.43921,1.00,1.00
2017.06.01 16:07:10.924,8.43782,8.43909,1.00,1.00
2017.06.01 16:07:11.026,8.43781,8.43894,1.00,1.00
2017.06.01 16:07:11.885,8.43783,8.43894,1.00,1.00
2017.06.01 16:07:11.936,8.43784,8.43912,1.00,1.50
2017.06.01 16:07:13.595,8.43784,8.43911,1.00,1.00
2017.06.01 16:07:15.896,8.43784,8.43912,1.00,1.00
2017.06.01 16:07:18.147,8.43787,8.43912,1.00,1.00
2017.06.01 16:07:19.100,8.43784,8.43912,1.00,1.50
2017.06.01 16:07:20.141,8.43787,8.43912,1.00,1.00
2017.06.01 16:07:21.102,8.43786,8.43912,1.00,1.00
2017.06.01 16:07:23.411,8.4379,8.43912,1.00,1.00
2017.06.01 16:07:23.568,8.43784,8.43912,1.00,1.00
2017.06.01 16:07:24.888,8.43788,8.43912,1.00,1.00
2017.06.01 16:07:25.814,8.43797,8.43912,1.00,1.00
2017.06.01 16:07:25.966,8.43808,8.43928,1.00,1.00
2017.06.01 16:07:26.713,8.43799,8.43928,1.50,1.50
2017.06.01 16:07:28.530,8.438,8.43928,1.00,1.00
2017.06.01 16:07:30.876,8.438,8.43927,1.00,1.00
2017.06.01 16:07:38.439,8.43802,8.43928,1.00,1.00
2017.06.01 16:07:39.064,8.43831,8.43928,1.00,1.00
2017.06.01 16:07:39.166,8.43831,8.43948,1.00,1.00
2017.06.01 16:07:39.218,8.43831,8.43951,1.00,1.00
2017.06.01 16:07:40.144,8.43827,8.43951,1.00,1.00
2017.06.01 16:07:40.246,8.43824,8.43934,1.00,1.00
2017.06.01 16:07:40.449,8.43803,8.43915,1.00,1.00
2017.06.01 16:07:40.500,8.43794,8.43915,1.00,1.00
2017.06.01 16:07:41.316,8.43793,8.43915,1.00,1.00
2017.06.01 16:07:42.112,8.43789,8.43915,1.00,1.00
2017.06.01 16:07:45.135,8.43785,8.43914,1.50,1.00
2017.06.01 16:07:46.107,8.43788,8.43915,1.00,1.00
2017.06.01 16:07:51.125,8.43787,8.43915,1.00,1.00
2017.06.01 16:07:52.150,8.43797,8.43915,1.00,1.00
2017.06.01 16:07:53.365,8.43785,8.43908,1.00,1.60
2017.06.01 16:07:53.605,8.43681,8.43805,1.00,1.00
2017.06.01 16:07:53.707,8.43676,8.43779,1.00,1.00
2017.06.01 16:07:53.809,8.43676,8.43795,1.00,1.00
2017.06.01 16:07:54.408,8.43677,8.43795,1.00,1.00
2017.06.01 16:07:58.727,8.43684,8.43795,1.00,1.00
2017.06.01 16:07:59.112,8.43665,8.43793,1.00,1.00
2017.06.01 16:07:59.165,8.43665,8.43764,1.00,1.00
2017.06.01 16:07:59.421,8.43635,8.43738,1.00,1.00
2017.06.01 16:07:59.524,8.4362,8.43738,1.00,1.00
2017.06.01 16:08:00.087,8.4362,8.43748,1.00,1.00
2017.06.01 16:08:00.684,8.43635,8.43749,1.00,1.00
2017.06.01 16:08:00.786,8.43643,8.43762,1.00,1.00
2017.06.01 16:08:01.082,8.43646,8.43772,1.00,1.00
2017.06.01 16:08:01.184,8.43665,8.43773,1.00,1.00
2017.06.01 16:08:01.235,8.43665,8.43793,1.00,1.00
2017.06.01 16:08:01.526,8.43696,8.43813,1.00,1.00
2017.06.01 16:08:01.577,8.43705,8.43825,1.00,1.00
2017.06.01 16:08:01.679,8.43724,8.43845,1.00,1.50
2017.06.01 16:08:01.984,8.43724,8.43854,1.00,1.00
2017.06.01 16:08:02.085,8.43751,8.43871,1.00,1.00
2017.06.01 16:08:02.187,8.43764,8.43887,1.00,1.00
2017.06.01 16:08:03.306,8.43764,8.43885,1.00,1.00
2017.06.01 16:08:04.133,8.43756,8.43879,1.00,1.00
2017.06.01 16:08:04.234,8.43752,8.43879,1.00,1.00
2017.06.01 16:08:05.842,8.43749,8.43879,1.00,1.00
2017.06.01 16:08:18.360,8.43749,8.43874,1.00,1.00
2017.06.01 16:08:18.664,8.43749,8.43856,1.00,1.00
2017.06.01 16:08:19.189,8.43749,8.43879,1.00,1.00
2017.06.01 16:08:19.341,8.43757,8.43881,1.00,1.00
2017.06.01 16:08:19.546,8.43757,8.43887,1.00,1.00
2017.06.01 16:08:27.235,8.43774,8.43896,1.00,1.00
2017.06.01 16:08:27.438,8.43774,8.43901,1.00,1.00
2017.06.01 16:08:29.761,8.43783,8.43901,1.00,1.00
2017.06.01 16:08:29.966,8.43774,8.43901,1.00,1.00
2017.06.01 16:08:30.017,8.43793,8.43901,1.00,1.00
2017.06.01 16:08:30.068,8.4381,8.43922,1.00,1.50
2017.06.01 16:08:30.170,8.43793,8.43922,1.50,1.00
2017.06.01 16:08:30.222,8.43816,8.43923,1.00,1.00
2017.06.01 16:08:30.374,8.43816,8.43943,1.00,1.50
2017.06.01 16:08:30.476,8.43828,8.43945,1.00,1.00
2017.06.01 16:08:30.679,8.43837,8.43957,1.00,1.00
2017.06.01 16:08:31.013,8.43854,8.43957,1.00,1.00
2017.06.01 16:08:31.165,8.43872,8.43977,1.00,1.00
2017.06.01 16:08:31.267,8.43872,8.43997,1.00,1.00
2017.06.01 16:08:31.768,8.43872,8.43998,1.00,1.00
2017.06.01 16:08:31.819,8.43881,8.43998,1.00,1.00
2017.06.01 16:08:31.929,8.43888,8.4401,1.00,1.00
2017.06.01 16:08:32.937,8.43891,8.44015,1.00,1.00
2017.06.01 16:08:33.436,8.43888,8.44014,1.00,1.00
2017.06.01 16:08:34.838,8.43892,8.44015,1.00,1.00
2017.06.01 16:08:36.165,8.43893,8.44015,1.00,1.00
2017.06.01 16:08:38.558,8.43895,8.44015,1.00,1.00
2017.06.01 16:08:43.138,8.4389,8.44015,1.00,1.00
2017.06.01 16:08:44.790,8.43906,8.44015,1.00,1.00
2017.06.01 16:08:46.026,8.43904,8.44015,1.00,1.00
2017.06.01 16:08:47.730,8.43888,8.44015,1.50,1.00
2017.06.01 16:08:47.781,8.4389,8.44009,1.00,1.00
2017.06.01 16:08:47.883,8.43875,8.43998,1.00,1.00
2017.06.01 16:08:48.864,8.43875,8.43993,1.00,1.00
2017.06.01 16:08:50.917,8.43875,8.43987,1.00,1.00
2017.06.01 16:08:51.433,8.43875,8.44003,1.00,1.00
2017.06.01 16:08:51.788,8.43889,8.44003,1.00,1.00
2017.06.01 16:08:53.591,8.43889,8.44009,1.00,1.00
2017.06.01 16:08:55.686,8.43897,8.44018,1.00,1.00
2017.06.01 16:08:55.788,8.43914,8.44037,1.00,1.00
2017.06.01 16:08:55.890,8.43928,8.44037,1.00,1.00
2017.06.01 16:08:56.165,8.43928,8.44039,1.00,1.00
2017.06.01 16:08:56.216,8.43909,8.44026,1.50,1.00
2017.06.01 16:08:56.268,8.43896,8.44025,1.50,1.00
2017.06.01 16:08:57.162,8.43896,8.44018,1.00,1.00
2017.06.01 16:08:57.466,8.43896,8.44013,1.00,1.00
2017.06.01 16:08:58.263,8.43896,8.44016,1.00,1.00
2017.06.01 16:08:58.757,8.43896,8.44009,1.00,1.00
2017.06.01 16:09:00.449,8.43896,8.44011,1.00,1.00
2017.06.01 16:09:03.350,8.43896,8.43996,1.00,1.00
2017.06.01 16:09:03.402,8.43882,8.43996,1.00,1.00
2017.06.01 16:09:03.715,8.43862,8.43975,1.50,1.00
2017.06.01 16:09:04.329,8.43862,8.43971,1.00,1.00
2017.06.01 16:09:05.063,8.43862,8.4397,1.00,1.00
2017.06.01 16:09:06.239,8.43862,8.43974,1.00,1.00
2017.06.01 16:09:06.681,8.43862,8.43961,1.00,1.00
2017.06.01 16:09:06.732,8.43841,8.43961,1.00,1.00
2017.06.01 16:09:06.783,8.43839,8.43961,1.00,1.00
2017.06.01 16:09:07.646,8.43839,8.43963,1.00,1.00
2017.06.01 16:09:08.670,8.43839,8.43966,1.00,1.00
2017.06.01 16:09:08.722,8.43839,8.43959,1.00,1.00
2017.06.01 16:09:09.080,8.43839,8.4395,1.00,1.00
2017.06.01 16:09:09.687,8.43839,8.4394,1.00,1.00
2017.06.01 16:09:11.916,8.43824,8.4394,1.00,1.00
2017.06.01 16:09:11.968,8.43824,8.43945,1.00,1.00
2017.06.01 16:09:12.103,8.43837,8.43952,1.00,1.50
2017.06.01 16:09:12.463,8.43839,8.43953,1.00,1.50
2017.06.01 16:09:12.622,8.43824,8.43945,1.00,1.00
2017.06.01 16:09:13.110,8.43824,8.4395,1.00,1.00
2017.06.01 16:09:13.893,8.43824,8.43937,1.00,1.00
2017.06.01 16:09:14.119,8.43824,8.43946,1.00,1.00
2017.06.01 16:09:14.170,8.43824,8.43927,1.00,1.00
2017.06.01 16:09:14.422,8.43809,8.43927,1.00,1.00
2017.06.01 16:09:14.767,8.43809,8.43923,1.00,1.50
2017.06.01 16:09:15.174,8.43809,8.43927,1.00,1.00
2017.06.01 16:09:15.225,8.43809,8.43922,1.00,1.50
2017.06.01 16:09:15.910,8.43809,8.43923,1.00,1.50
2017.06.01 16:09:16.063,8.43789,8.43907,1.00,1.00
2017.06.01 16:09:16.114,8.43784,8.43907,1.00,1.00
2017.06.01 16:09:16.225,8.43794,8.43914,1.00,1.00
2017.06.01 16:09:16.327,8.43785,8.43912,1.00,1.00
2017.06.01 16:09:16.428,8.43795,8.43914,1.00,1.00
2017.06.01 16:09:16.530,8.43784,8.43913,1.00,2.25
2017.06.01 16:09:17.035,8.43784,8.43912,1.00,1.50
2017.06.01 16:09:17.414,8.43794,8.43914,1.00,1.00
2017.06.01 16:09:17.515,8.43807,8.4393,1.00,1.00
2017.06.01 16:09:17.753,8.438,8.43925,1.00,1.00
2017.06.01 16:09:18.056,8.438,8.43909,1.00,1.00
2017.06.01 16:09:18.344,8.4378,8.43907,1.50,1.00
2017.06.01 16:09:18.767,8.43785,8.43907,1.00,1.00
2017.06.01 16:09:18.919,8.43796,8.43922,1.00,1.00
2017.06.01 16:09:19.177,8.43778,8.43901,1.00,1.00
2017.06.01 16:09:19.482,8.43763,8.4388,1.00,1.00
2017.06.01 16:09:19.855,8.43765,8.43892,1.00,1.00
2017.06.01 16:09:19.906,8.43763,8.43883,1.00,1.00
2017.06.01 16:09:20.332,8.43763,8.43873,1.00,1.00
2017.06.01 16:09:20.383,8.43748,8.43871,1.00,1.00
2017.06.01 16:09:20.535,8.43766,8.43878,1.00,1.00
2017.06.01 16:09:20.864,8.4375,8.43878,1.00,1.00
2017.06.01 16:09:20.915,8.4375,8.43866,1.00,1.00
2017.06.01 16:09:21.118,8.4375,8.43875,1.00,1.00
2017.06.01 16:09:21.634,8.4375,8.43863,1.00,1.00
2017.06.01 16:09:21.869,8.43733,8.43853,1.00,1.00
2017.06.01 16:09:22.824,8.43733,8.43859,1.50,1.00
2017.06.01 16:09:22.977,8.43751,8.43859,1.00,1.00
2017.06.01 16:09:23.489,8.43751,8.43842,1.00,1.00
2017.06.01 16:09:23.992,8.43751,8.43833,1.00,1.50
2017.06.01 16:09:24.145,8.43728,8.43833,1.00,1.50
2017.06.01 16:09:24.492,8.43728,8.43818,1.00,1.00
2017.06.01 16:09:24.644,8.43719,8.43817,1.00,1.00
2017.06.01 16:09:24.771,8.43722,8.43817,1.00,1.00
2017.06.01 16:09:25.091,8.43705,8.43818,1.00,1.00
2017.06.01 16:09:25.262,8.43724,8.43818,1.00,1.00
2017.06.01 16:09:25.414,8.43706,8.43817,1.00,1.00
2017.06.01 16:09:25.617,8.43701,8.43818,1.00,1.00
2017.06.01 16:09:25.719,8.43701,8.43823,1.00,1.00
2017.06.01 16:09:25.770,8.43701,8.43803,1.00,1.50
2017.06.01 16:09:26.146,8.43701,8.43814,1.00,1.00
2017.06.01 16:09:26.197,8.43701,8.43814,1.00,1.22
2017.06.01 16:09:26.349,8.43716,8.4383,1.00,1.00
2017.06.01 16:09:26.451,8.43717,8.43843,1.00,1.00
2017.06.01 16:09:26.726,8.43725,8.43846,1.00,1.00
2017.06.01 16:09:27.912,8.43732,8.43846,1.00,1.00
2017.06.01 16:09:28.065,8.43744,8.43861,1.00,1.00
2017.06.01 16:09:28.319,8.43751,8.43873,1.00,1.00
2017.06.01 16:09:31.165,8.43748,8.43873,1.00,1.00
2017.06.01 16:09:32.868,8.43744,8.4387,1.00,1.00
2017.06.01 16:09:33.977,8.43744,8.43868,1.00,1.00
2017.06.01 16:09:34.365,8.43744,8.43855,1.00,1.00
2017.06.01 16:09:34.467,8.43727,8.43855,1.00,1.00
2017.06.01 16:09:34.868,8.43732,8.43856,1.00,1.00
2017.06.01 16:09:38.661,8.43727,8.43856,1.50,1.50
2017.06.01 16:09:39.414,8.43738,8.43856,1.00,1.00
2017.06.01 16:09:39.796,8.43742,8.43856,1.00,1.00
2017.06.01 16:09:39.968,8.4375,8.43871,1.00,1.00
2017.06.01 16:09:40.412,8.4375,8.43876,1.00,1.00
2017.06.01 16:09:42.612,8.4375,8.43863,1.00,1.00
2017.06.01 16:09:43.581,8.4375,8.43869,1.00,1.00
2017.06.01 16:09:43.898,8.4375,8.43874,1.00,1.00
2017.06.01 16:09:43.999,8.4375,8.43879,1.50,1.00
2017.06.01 16:09:44.050,8.43779,8.43879,1.00,1.00
2017.06.01 16:09:44.101,8.43798,8.43901,1.00,1.00
2017.06.01 16:09:44.152,8.43806,8.43901,1.00,1.00
2017.06.01 16:09:44.203,8.4382,8.43923,1.00,1.00
2017.06.01 16:09:44.305,8.4382,8.43938,1.00,1.00
2017.06.01 16:09:45.666,8.43812,8.43938,1.00,1.00
2017.06.01 16:09:47.419,8.43817,8.43938,1.00,1.00
2017.06.01 16:09:47.867,8.43811,8.43932,1.00,1.00
2017.06.01 16:09:48.782,8.43811,8.43933,1.00,1.00
2017.06.01 16:09:49.246,8.43811,8.4393,1.00,1.00
2017.06.01 16:09:50.265,8.43811,8.43932,1.00,1.00
2017.06.01 16:09:51.363,8.43811,8.4393,1.00,1.00
2017.06.01 16:09:53.725,8.43801,8.43925,1.00,1.00
2017.06.01 16:09:57.008,8.43807,8.43925,1.00,1.00
2017.06.01 16:09:57.477,8.43801,8.43925,1.00,1.00
2017.06.01 16:09:58.868,8.43799,8.43925,1.00,1.00
2017.06.01 16:10:00.482,8.43804,8.43925,1.00,1.00
2017.06.01 16:10:01.498,8.438,8.43925,1.00,1.00
2017.06.01 16:10:03.168,8.43819,8.43925,1.00,1.00
2017.06.01 16:10:03.321,8.43819,8.43948,1.50,1.00
2017.06.01 16:10:04.139,8.43825,8.43948,1.00,1.00
2017.06.01 16:10:04.585,8.4383,8.43948,1.00,1.00
2017.06.01 16:10:05.157,8.43832,8.43948,1.00,1.00
2017.06.01 16:10:05.970,8.43838,8.43948,1.00,1.00
2017.06.01 16:10:06.123,8.43841,8.43967,1.00,1.00
2017.06.01 16:10:06.173,8.43844,8.4397,1.00,1.00
2017.06.01 16:10:10.662,8.43841,8.43967,1.00,1.00
2017.06.01 16:10:11.719,8.43841,8.43932,1.00,1.00
2017.06.01 16:10:11.922,8.43841,8.43937,1.00,1.50
2017.06.01 16:10:11.973,8.4381,8.43917,1.00,1.00
2017.06.01 16:10:12.162,8.43823,8.43937,1.00,1.00
2017.06.01 16:10:12.686,8.43823,8.4395,1.00,1.00
2017.06.01 16:10:13.907,8.4384,8.43953,1.00,1.00
2017.06.01 16:10:14.049,8.43851,8.43973,1.00,1.00
2017.06.01 16:10:14.100,8.43851,8.43978,1.00,1.00
2017.06.01 16:10:14.151,8.43864,8.43981,1.00,1.00
2017.06.01 16:10:14.612,8.43864,8.43983,1.00,1.00
2017.06.01 16:10:14.943,8.43887,8.43983,1.00,1.00
2017.06.01 16:10:15.095,8.43887,8.43993,1.00,1.00
2017.06.01 16:10:15.721,8.43887,8.43997,1.00,1.00
2017.06.01 16:10:16.587,8.43887,8.44002,1.00,1.00
2017.06.01 16:10:17.212,8.43887,8.44005,1.00,1.00
2017.06.01 16:10:17.640,8.43887,8.44012,1.00,1.00
2017.06.01 16:10:17.807,8.43889,8.44014,1.00,1.00
2017.06.01 16:10:18.217,8.43917,8.44019,1.00,1.00
2017.06.01 16:10:18.780,8.43917,8.44017,1.00,1.00
2017.06.01 16:10:18.936,8.43917,8.44024,1.00,1.00
2017.06.01 16:10:19.313,8.43917,8.44027,1.00,1.00
2017.06.01 16:10:20.064,8.4393,8.44027,1.00,1.00
2017.06.01 16:10:20.391,8.4393,8.44036,1.00,1.00
2017.06.01 16:10:21.375,8.4393,8.44038,1.00,1.00
2017.06.01 16:10:22.876,8.4393,8.44051,1.37,1.00
2017.06.01 16:10:22.927,8.4397,8.44059,1.75,1.00
2017.06.01 16:10:23.131,8.44059,8.44188,1.75,1.00
2017.06.01 16:10:23.182,8.44059,8.44167,1.75,1.00
2017.06.01 16:10:23.283,8.44085,8.44187,1.75,1.50
2017.06.01 16:10:23.488,8.44102,8.44214,1.37,1.00
2017.06.01 16:10:23.539,8.44102,8.44214,1.75,1.00
2017.06.01 16:10:23.590,8.44117,8.44232,1.75,1.00
2017.06.01 16:10:23.795,8.4418,8.44301,1.00,1.00
2017.06.01 16:10:23.846,8.4418,8.44301,1.75,1.00
2017.06.01 16:10:24.101,8.442,8.4431,1.39,1.00
2017.06.01 16:10:24.152,8.442,8.4431,1.22,1.00
2017.06.01 16:10:24.305,8.442,8.44289,1.22,1.00
2017.06.01 16:10:24.667,8.4416,8.44287,1.22,1.00
2017.06.01 16:10:24.997,8.44158,8.44279,1.22,1.00
2017.06.01 16:10:25.925,8.44158,8.44279,1.22,1.00
2017.06.01 16:10:27.137,8.44165,8.44287,1.22,1.00
2017.06.01 16:10:27.526,8.44158,8.44273,1.00,1.00
2017.06.01 16:10:28.937,8.44158,8.44269,1.00,1.00
2017.06.01 16:10:30.113,8.44165,8.44287,1.00,1.00
2017.06.01 16:10:30.214,8.44158,8.44269,1.00,1.00
2017.06.01 16:10:30.421,8.44142,8.44264,1.00,1.00
2017.06.01 16:10:30.523,8.44136,8.44228,1.00,1.00
2017.06.01 16:10:30.827,8.44053,8.4412,1.00,1.00
2017.06.01 16:10:31.131,8.44053,8.44094,1.00,1.00
2017.06.01 16:10:31.486,8.44041,8.44074,1.00,1.00
2017.06.01 16:10:31.791,8.44022,8.44057,1.00,1.00
2017.06.01 16:10:32.238,8.44021,8.44054,1.00,1.00
2017.06.01 16:10:32.390,8.43916,8.44041,1.00,1.00
2017.06.01 16:10:32.441,8.43912,8.44034,1.00,1.00
2017.06.01 16:10:36.405,8.43912,8.44038,1.00,1.00
2017.06.01 16:10:38.798,8.43912,8.44033,1.00,1.00
2017.06.01 16:10:41.059,8.43912,8.44034,1.00,1.00
2017.06.01 16:10:41.110,8.43912,8.44041,1.00,1.50
2017.06.01 16:10:41.212,8.43942,8.44049,1.00,1.00
2017.06.01 16:10:41.417,8.43927,8.44049,1.00,1.00
2017.06.01 16:10:42.088,8.43927,8.44044,1.00,1.00
2017.06.01 16:10:46.265,8.43927,8.44041,1.00,1.00
2017.06.01 16:10:48.445,8.43927,8.44027,1.00,1.00
2017.06.01 16:10:48.548,8.43904,8.44017,1.00,1.00
2017.06.01 16:10:49.404,8.43904,8.44022,1.00,1.00
2017.06.01 16:10:51.409,8.43904,8.44015,1.00,1.00
2017.06.01 16:10:51.460,8.43904,8.44018,1.00,1.00
2017.06.01 16:10:53.828,8.43904,8.44014,1.00,1.00
2017.06.01 16:10:55.577,8.43904,8.44018,1.00,1.00
2017.06.01 16:10:59.571,8.43904,8.44014,1.00,1.00
2017.06.01 16:11:00.536,8.43904,8.44018,1.00,1.00
2017.06.01 16:11:01.538,8.43904,8.44021,1.00,1.00
2017.06.01 16:11:02.440,8.43904,8.44017,1.00,1.00
2017.06.01 16:11:04.651,8.43904,8.44025,1.00,1.00
2017.06.01 16:11:05.156,8.43904,8.44034,1.00,1.00
2017.06.01 16:11:05.207,8.43907,8.44034,1.00,1.00
2017.06.01 16:11:05.258,8.43912,8.44041,1.00,1.00
2017.06.01 16:11:06.130,8.43912,8.4404,1.00,1.00
2017.06.01 16:11:07.122,8.43912,8.44033,1.00,1.00
2017.06.01 16:11:07.496,8.43912,8.44027,1.00,1.00
2017.06.01 16:11:08.815,8.43912,8.44038,1.00,1.00
2017.06.01 16:11:11.392,8.43912,8.44024,1.00,1.00
2017.06.01 16:11:11.697,8.43912,8.43997,1.00,1.00
2017.06.01 16:11:11.749,8.43897,8.43997,1.00,1.00
2017.06.01 16:11:11.851,8.43877,8.43996,1.00,1.00
2017.06.01 16:11:11.903,8.43875,8.43996,1.00,1.00
2017.06.01 16:11:11.954,8.43882,8.44011,1.00,1.00
2017.06.01 16:11:19.850,8.43898,8.44018,1.00,1.00
2017.06.01 16:11:21.078,8.43898,8.44001,1.00,1.00
2017.06.01 16:11:21.180,8.43884,8.44001,1.00,1.00
2017.06.01 16:11:21.287,8.43868,8.43997,1.00,1.00
2017.06.01 16:11:21.339,8.43868,8.43984,1.00,1.00
2017.06.01 16:11:21.989,8.43868,8.43995,1.00,1.00
2017.06.01 16:11:22.090,8.43886,8.43995,1.00,1.00
2017.06.01 16:11:22.424,8.43886,8.43989,1.00,1.00
2017.06.01 16:11:23.178,8.43886,8.43995,1.00,1.00
2017.06.01 16:11:23.280,8.43886,8.4399,1.00,1.00
2017.06.01 16:11:23.660,8.43886,8.43998,1.00,1.00
2017.06.01 16:11:24.247,8.43886,8.44005,1.00,1.00
2017.06.01 16:11:29.166,8.43886,8.44011,1.00,1.00
2017.06.01 16:11:29.318,8.439,8.44007,1.00,1.00
2017.06.01 16:11:31.406,8.439,8.44005,1.00,1.00
2017.06.01 16:11:36.794,8.439,8.44013,1.00,1.00
2017.06.01 16:11:36.845,8.439,8.44027,1.00,1.00
2017.06.01 16:11:36.896,8.4392,8.44043,1.00,1.00
2017.06.01 16:11:37.204,8.43935,8.44043,1.00,1.00
2017.06.01 16:11:37.865,8.43935,8.44044,1.00,1.00
2017.06.01 16:11:38.515,8.43935,8.44038,1.00,1.00
2017.06.01 16:11:38.802,8.43935,8.4405,1.00,1.00
2017.06.01 16:11:39.717,8.43957,8.44063,1.00,1.00
2017.06.01 16:11:43.159,8.43957,8.44058,1.00,1.00
2017.06.01 16:11:44.137,8.43957,8.44055,1.00,1.00
2017.06.01 16:11:45.156,8.43957,8.44053,1.00,1.00
2017.06.01 16:11:48.916,8.43957,8.44058,1.00,1.00
2017.06.01 16:11:49.910,8.43957,8.44054,1.00,1.00
2017.06.01 16:11:51.562,8.43957,8.44056,1.00,1.00
2017.06.01 16:11:51.664,8.43957,8.44064,1.00,1.00
2017.06.01 16:11:52.658,8.43957,8.4405,1.00,1.00
2017.06.01 16:11:53.057,8.43957,8.44046,1.00,1.00
2017.06.01 16:11:53.818,8.43957,8.4405,1.00,1.00
2017.06.01 16:11:53.901,8.43957,8.44056,1.00,1.00
2017.06.01 16:11:54.902,8.43957,8.44052,1.00,1.00
2017.06.01 16:11:56.569,8.43936,8.44045,1.00,1.00
2017.06.01 16:11:59.117,8.43936,8.44044,1.00,1.04
2017.06.01 16:11:59.710,8.43936,8.44044,1.00,1.07
2017.06.01 16:12:00.334,8.43881,8.44012,1.00,2.12
2017.06.01 16:12:00.385,8.43936,8.4402,1.00,1.04
2017.06.01 16:12:00.563,8.43914,8.44037,1.00,1.04
2017.06.01 16:12:01.117,8.43914,8.44037,1.00,1.04
2017.06.01 16:12:25.603,8.43914,8.44029,1.00,1.04
2017.06.01 16:12:25.801,8.43919,8.44029,1.00,1.04
2017.06.01 16:12:30.644,8.43919,8.44029,1.00,1.04
2017.06.01 16:12:40.427,8.43919,8.44019,1.00,1.04
2017.06.01 16:12:40.529,8.43899,8.44019,1.00,1.04
2017.06.01 16:12:41.832,8.43899,8.44014,1.00,1.04
2017.06.01 16:12:54.448,8.43791,8.4384,1.00,1.00
2017.06.01 16:12:54.550,8.43748,8.43821,1.00,1.00
2017.06.01 16:12:54.601,8.43738,8.43776,1.00,1.00
2017.06.01 16:12:54.653,8.4369,8.43776,1.00,1.00
2017.06.01 16:12:54.754,8.4366,8.43776,1.00,1.00
2017.06.01 16:12:55.061,8.43638,8.43766,1.00,1.00
2017.06.01 16:12:55.164,8.43637,8.43757,1.00,1.00
2017.06.01 16:12:55.713,8.43637,8.43766,1.00,1.50
2017.06.01 16:12:55.950,8.43659,8.43766,1.00,1.00
2017.06.01 16:12:56.425,8.43659,8.4376,1.00,1.00
2017.06.01 16:12:56.685,8.43659,8.43764,1.00,1.00
2017.06.01 16:12:57.146,8.43659,8.43758,1.00,1.00
2017.06.01 16:12:57.736,8.43659,8.43753,1.00,1.00
2017.06.01 16:12:58.689,8.43659,8.43749,1.00,1.00
2017.06.01 16:12:59.236,8.43659,8.43754,1.00,1.00
2017.06.01 16:13:01.077,8.43659,8.43763,1.00,1.00
2017.06.01 16:13:01.128,8.43659,8.43771,1.00,1.00
2017.06.01 16:13:06.705,8.43659,8.43773,1.00,1.00
2017.06.01 16:13:08.111,8.43659,8.43742,1.00,1.00
2017.06.01 16:13:08.212,8.43634,8.43725,1.00,1.00
2017.06.01 16:13:08.314,8.43634,8.43705,1.00,1.00
2017.06.01 16:13:08.416,8.43607,8.43705,1.00,1.00
2017.06.01 16:13:08.727,8.43584,8.43705,1.00,1.00
2017.06.01 16:13:09.485,8.43584,8.437,1.00,1.00
2017.06.01 16:13:10.524,8.43584,8.43696,1.00,1.00
2017.06.01 16:13:11.209,8.43584,8.437,1.00,1.00
2017.06.01 16:13:11.476,8.43584,8.43696,1.00,1.00
2017.06.01 16:13:11.781,8.43584,8.43647,1.00,1.00
2017.06.01 16:13:11.934,8.43549,8.43659,1.00,1.00
2017.06.01 16:13:12.092,8.43522,8.43649,1.00,1.00
2017.06.01 16:13:12.195,8.43542,8.43633,1.00,1.00
2017.06.01 16:13:12.790,8.43542,8.43643,1.00,1.00
2017.06.01 16:13:12.942,8.43559,8.43643,1.00,1.00
2017.06.01 16:13:13.211,8.43559,8.43651,1.00,1.00
2017.06.01 16:13:14.281,8.43559,8.43658,1.00,1.00
2017.06.01 16:13:14.512,8.43559,8.4362,1.00,1.00
2017.06.01 16:13:14.614,8.4354,8.4362,1.00,1.00
2017.06.01 16:13:14.818,8.43509,8.4362,1.00,1.00
2017.06.01 16:13:15.318,8.43509,8.43612,1.00,1.00
2017.06.01 16:13:15.521,8.43509,8.43621,1.00,1.00
2017.06.01 16:13:15.674,8.43514,8.43621,1.00,1.00
2017.06.01 16:13:16.013,8.43535,8.4363,1.00,1.00
2017.06.01 16:13:16.114,8.43535,8.43638,1.00,1.00
2017.06.01 16:13:17.082,8.43535,8.43636,1.00,1.00
2017.06.01 16:13:17.760,8.43555,8.43636,1.00,1.00
2017.06.01 16:13:18.086,8.43555,8.43632,1.00,1.00
2017.06.01 16:13:18.137,8.4354,8.43632,1.00,1.00
2017.06.01 16:13:18.413,8.4354,8.43628,1.00,1.00
2017.06.01 16:13:18.641,8.43465,8.43569,1.50,1.00
2017.06.01 16:13:19.626,8.43465,8.43591,1.00,1.00
2017.06.01 16:13:19.727,8.43494,8.43612,1.00,1.00
2017.06.01 16:13:20.031,8.43515,8.43614,1.00,1.00
2017.06.01 16:13:21.062,8.43496,8.43577,1.00,1.00
2017.06.01 16:13:21.265,8.4344,8.4355,1.00,1.00
2017.06.01 16:13:21.571,8.4344,8.43562,1.00,1.00
2017.06.01 16:13:22.079,8.43448,8.43569,1.00,1.00
2017.06.01 16:13:22.385,8.43479,8.43547,1.00,1.00
2017.06.01 16:13:22.436,8.43453,8.43529,1.00,1.00
2017.06.01 16:13:22.639,8.43411,8.43529,1.00,1.00
2017.06.01 16:13:22.690,8.43411,8.43504,1.00,1.00
2017.06.01 16:13:23.507,8.43411,8.43517,1.00,1.00
2017.06.01 16:13:23.755,8.43411,8.43509,1.00,1.00
2017.06.01 16:13:24.757,8.43411,8.43511,1.00,1.00
2017.06.01 16:13:25.004,8.43411,8.43484,1.00,1.00
2017.06.01 16:13:25.156,8.43382,8.43484,1.00,1.00
2017.06.01 16:13:26.217,8.43382,8.43503,1.00,1.00
2017.06.01 16:13:26.371,8.43389,8.43503,1.00,1.00
2017.06.01 16:13:26.685,8.43408,8.43503,1.00,1.00
2017.06.01 16:13:29.298,8.43408,8.43505,1.00,1.00
2017.06.01 16:13:31.041,8.43408,8.43519,1.00,1.00
2017.06.01 16:13:31.244,8.43423,8.43519,1.00,1.00
2017.06.01 16:13:31.968,8.43423,8.43514,1.00,1.00
2017.06.01 16:13:32.279,8.43423,8.43507,1.00,1.00
2017.06.01 16:13:32.343,8.43407,8.43507,1.00,1.00
2017.06.01 16:13:34.862,8.43407,8.43478,1.00,1.00
2017.06.01 16:13:35.166,8.43276,8.43375,1.00,1.00
2017.06.01 16:13:35.268,8.43262,8.43375,1.00,1.00
2017.06.01 16:13:35.319,8.43262,8.43356,1.00,1.00
2017.06.01 16:13:35.573,8.43239,8.43356,1.00,1.00
2017.06.01 16:13:35.964,8.43239,8.43337,1.00,1.00
2017.06.01 16:13:36.015,8.43239,8.43369,1.00,1.00
2017.06.01 16:13:36.219,8.43251,8.43369,1.00,1.00
2017.06.01 16:13:36.573,8.43271,8.43366,1.00,1.00
2017.06.01 16:13:39.157,8.43271,8.43371,1.00,1.00
2017.06.01 16:13:39.960,8.43271,8.43375,1.00,1.00
2017.06.01 16:13:41.925,8.43271,8.4337,1.00,1.00
2017.06.01 16:13:42.230,8.43213,8.43248,1.00,1.00
2017.06.01 16:13:42.281,8.43202,8.43248,1.00,1.00
2017.06.01 16:13:42.382,8.43157,8.43248,1.00,1.00
2017.06.01 16:13:44.326,8.43157,8.43241,1.00,1.00
2017.06.01 16:13:44.861,8.43157,8.43236,1.00,1.00
2017.06.01 16:13:45.065,8.42984,8.43113,1.00,1.00
2017.06.01 16:13:45.118,8.43012,8.43113,1.00,1.00
2017.06.01 16:13:45.271,8.43,8.43113,1.00,1.00
2017.06.01 16:13:45.323,8.43,8.43113,1.00,1.60
2017.06.01 16:13:45.375,8.43,8.43113,1.00,1.00
2017.06.01 16:13:45.426,8.43,8.43091,1.00,1.00
2017.06.01 16:13:45.681,8.42968,8.43071,1.00,1.00
2017.06.01 16:13:46.121,8.42968,8.43059,1.00,1.00
2017.06.01 16:13:46.223,8.42968,8.43091,1.00,1.00
2017.06.01 16:13:46.274,8.42988,8.43091,1.00,1.00
2017.06.01 16:13:46.578,8.43026,8.43105,1.00,1.00
2017.06.01 16:13:46.833,8.43026,8.4312,1.00,1.00
2017.06.01 16:13:46.885,8.43026,8.43134,1.00,1.00
2017.06.01 16:13:46.986,8.43046,8.43134,1.00,1.00
2017.06.01 16:13:47.088,8.43046,8.43155,1.00,1.00
2017.06.01 16:13:47.342,8.43052,8.43155,1.00,1.00
2017.06.01 16:13:47.697,8.43071,8.4317,1.00,1.00
2017.06.01 16:13:47.798,8.43071,8.43181,1.00,1.00
2017.06.01 16:13:48.052,8.43071,8.43169,1.00,1.00
2017.06.01 16:13:48.717,8.43071,8.43189,1.00,1.00
2017.06.01 16:13:48.819,8.43092,8.43189,1.00,1.00
2017.06.01 16:13:49.211,8.43112,8.43189,1.00,1.00
2017.06.01 16:13:49.712,8.43112,8.43194,1.00,1.00
2017.06.01 16:13:53.228,8.43129,8.43222,1.00,1.00
2017.06.01 16:13:54.188,8.43129,8.43225,1.00,1.00
2017.06.01 16:13:57.280,8.43129,8.43242,1.00,1.00
2017.06.01 16:13:57.331,8.43132,8.43242,1.00,1.00
2017.06.01 16:13:57.682,8.43151,8.43232,1.00,1.00
2017.06.01 16:13:58.247,8.43151,8.43227,1.00,1.00
2017.06.01 16:14:01.666,8.43151,8.43224,1.00,1.00
2017.06.01 16:14:03.321,8.43151,8.43216,1.00,1.00
2017.06.01 16:14:03.527,8.43118,8.432,1.00,1.00
2017.06.01 16:14:03.578,8.43118,8.43191,1.00,1.00
2017.06.01 16:14:06.260,8.43118,8.43194,1.00,1.00
2017.06.01 16:14:07.269,8.43118,8.43191,1.00,1.00
2017.06.01 16:14:08.259,8.43118,8.43187,1.00,1.00
2017.06.01 16:14:09.218,8.43118,8.43196,1.00,1.00
2017.06.01 16:14:14.388,8.43118,8.43194,1.00,1.00
2017.06.01 16:14:17.250,8.43118,8.43203,1.00,1.00
2017.06.01 16:14:17.301,8.43118,8.43218,1.00,1.00
2017.06.01 16:14:17.403,8.43118,8.43245,1.00,1.50
2017.06.01 16:14:17.454,8.43151,8.43245,1.00,1.00
2017.06.01 16:14:17.556,8.43151,8.43269,1.00,1.00
2017.06.01 16:14:17.657,8.432,8.433,1.00,1.00
2017.06.01 16:14:17.965,8.43214,8.433,1.00,1.00
2017.06.01 16:14:18.399,8.43214,8.43325,1.00,1.00
2017.06.01 16:14:18.551,8.43214,8.43332,1.00,1.00
2017.06.01 16:14:18.653,8.43246,8.43332,1.00,1.00
2017.06.01 16:14:18.805,8.43246,8.43352,1.00,1.00
2017.06.01 16:14:18.957,8.43273,8.43352,1.00,1.00
2017.06.01 16:14:19.312,8.43273,8.43371,1.00,1.00
2017.06.01 16:14:19.413,8.43273,8.43382,1.00,1.00
2017.06.01 16:14:19.465,8.43298,8.43382,1.00,1.00
2017.06.01 16:14:19.516,8.43298,8.43395,1.00,1.00
2017.06.01 16:14:19.567,8.43315,8.43395,1.00,1.00
2017.06.01 16:14:20.121,8.43315,8.43405,1.00,1.00
2017.06.01 16:14:20.236,8.4333,8.43405,1.00,1.00
2017.06.01 16:14:20.287,8.4333,8.43414,1.00,1.00
2017.06.01 16:14:20.719,8.4333,8.43424,1.00,1.00
2017.06.01 16:14:20.770,8.4333,8.43434,1.00,1.00
2017.06.01 16:14:20.821,8.4333,8.43444,1.00,1.00
2017.06.01 16:14:20.872,8.43345,8.43444,1.00,1.00
2017.06.01 16:14:21.232,8.43345,8.43459,1.00,1.00
2017.06.01 16:14:21.283,8.43375,8.43459,1.00,1.00
2017.06.01 16:14:21.334,8.43375,8.43471,1.00,1.00
2017.06.01 16:14:21.587,8.434,8.43471,1.00,1.00
2017.06.01 16:14:21.739,8.434,8.4348,1.00,1.00
2017.06.01 16:14:21.892,8.434,8.43489,1.00,1.00
2017.06.01 16:14:22.161,8.43421,8.43489,1.00,1.00
2017.06.01 16:14:22.263,8.43421,8.43498,1.00,1.00
2017.06.01 16:14:23.737,8.43421,8.43506,1.00,1.00
2017.06.01 16:14:23.999,8.43421,8.43527,1.00,1.00
2017.06.01 16:14:24.252,8.43452,8.43527,1.00,1.00
2017.06.01 16:14:24.511,8.43452,8.43538,1.00,1.00
2017.06.01 16:14:25.161,8.43452,8.43546,1.00,1.00
2017.06.01 16:14:25.364,8.43467,8.43546,1.00,1.00
2017.06.01 16:14:26.124,8.43467,8.43555,1.00,1.00
2017.06.01 16:14:26.529,8.43467,8.43594,1.00,1.00
2017.06.01 16:14:26.681,8.43491,8.43594,1.00,1.00
2017.06.01 16:14:28.158,8.43491,8.4359,1.00,1.00
2017.06.01 16:14:29.416,8.43491,8.43586,1.00,1.00
2017.06.01 16:14:31.760,8.43491,8.43584,1.00,1.00
2017.06.01 16:14:34.161,8.43491,8.43587,1.00,1.00
2017.06.01 16:14:35.213,8.43491,8.43584,1.00,1.00
2017.06.01 16:14:39.262,8.43491,8.43585,1.00,1.00
2017.06.01 16:14:40.816,8.43491,8.43611,1.00,1.00
2017.06.01 16:14:40.918,8.43527,8.43641,1.00,1.00
2017.06.01 16:14:41.223,8.43549,8.43641,1.00,1.00
2017.06.01 16:14:41.916,8.43549,8.43648,1.00,1.00
2017.06.01 16:14:42.018,8.4357,8.43648,1.00,1.00
2017.06.01 16:14:44.447,8.4357,8.43655,1.00,1.00
2017.06.01 16:14:45.449,8.4357,8.43656,1.00,1.00
2017.06.01 16:14:46.795,8.4357,8.4366,1.00,1.00
2017.06.01 16:14:51.940,8.4357,8.43657,1.00,1.00
2017.06.01 16:14:52.334,8.4357,8.43644,1.00,1.00
2017.06.01 16:14:52.537,8.43554,8.43634,1.00,1.00
2017.06.01 16:14:53.328,8.43554,8.4364,1.00,1.00
2017.06.01 16:14:53.751,8.43554,8.43633,1.00,1.00
2017.06.01 16:14:53.802,8.43554,8.4364,1.00,1.00
2017.06.01 16:14:54.330,8.43535,8.4364,1.00,1.00
2017.06.01 16:14:54.432,8.43549,8.4364,1.00,1.00
2017.06.01 16:14:59.476,8.43549,8.43646,1.00,1.00
2017.06.01 16:15:01.117,8.43549,8.43655,1.00,1.00
2017.06.01 16:15:01.220,8.43564,8.43655,1.00,1.00
2017.06.01 16:15:01.523,8.43564,8.4364,1.00,1.00
2017.06.01 16:15:01.793,8.43564,8.43651,1.00,1.00
2017.06.01 16:15:02.368,8.43578,8.43651,1.00,1.00
2017.06.01 16:15:03.018,8.43578,8.43645,1.00,1.00
2017.06.01 16:15:03.171,8.43551,8.4364,1.00,1.00
2017.06.01 16:15:06.996,8.43551,8.43637,1.00,1.00
2017.06.01 16:15:09.290,8.43551,8.43635,1.00,1.00
2017.06.01 16:15:13.171,8.43551,8.4364,1.00,1.00
2017.06.01 16:15:16.857,8.43551,8.43642,1.00,1.00
2017.06.01 16:15:21.976,8.43551,8.4364,1.00,1.00
2017.06.01 16:15:22.989,8.43551,8.43638,1.00,1.00
2017.06.01 16:15:24.321,8.43551,8.4364,1.00,1.00
2017.06.01 16:15:25.691,8.43562,8.4364,1.00,1.00
2017.06.01 16:15:29.490,8.43562,8.43638,1.00,1.00
2017.06.01 16:15:31.887,8.43562,8.43641,1.00,1.00
2017.06.01 16:15:37.005,8.43562,8.43638,1.00,1.00
2017.06.01 16:15:39.351,8.43562,8.43639,1.00,1.00
2017.06.01 16:15:46.632,8.43562,8.43644,1.00,1.00
2017.06.01 16:15:47.632,8.43562,8.43647,1.00,1.00
2017.06.01 16:15:48.161,8.43562,8.43658,1.00,1.00
2017.06.01 16:15:48.212,8.43577,8.43658,1.00,1.00
2017.06.01 16:15:48.314,8.43564,8.43649,1.00,1.00
2017.06.01 16:15:49.301,8.43564,8.43646,1.00,1.00
2017.06.01 16:15:49.649,8.43543,8.43625,1.00,1.00
2017.06.01 16:15:49.700,8.4354,8.43625,1.00,1.00
2017.06.01 16:15:51.184,8.4354,8.43631,1.00,1.00
2017.06.01 16:15:52.154,8.4354,8.4363,1.00,1.00
2017.06.01 16:15:55.240,8.4354,8.43619,1.00,1.00
2017.06.01 16:15:56.125,8.4354,8.43614,1.00,1.00
2017.06.01 16:16:00.124,8.4354,8.43625,1.00,1.00
2017.06.01 16:16:01.000,8.4354,8.43634,1.00,1.00
2017.06.01 16:16:01.051,8.43557,8.43634,1.00,1.00
2017.06.01 16:16:01.981,8.43557,8.4363,1.00,1.00
2017.06.01 16:16:05.071,8.43557,8.43624,1.00,1.00
2017.06.01 16:16:05.172,8.43543,8.43624,1.00,1.00
2017.06.01 16:16:07.101,8.43543,8.43625,1.00,1.00
2017.06.01 16:16:09.410,8.43543,8.43624,1.00,1.00
2017.06.01 16:16:12.728,8.43543,8.43627,1.00,1.00
2017.06.01 16:16:14.564,8.43543,8.43626,1.00,1.00
2017.06.01 16:16:15.478,8.43543,8.43623,1.00,1.00
2017.06.01 16:16:15.697,8.43543,8.43634,1.00,1.00
2017.06.01 16:16:16.649,8.43543,8.43636,1.00,1.00
2017.06.01 16:16:17.650,8.43543,8.43634,1.00,1.00
2017.06.01 16:16:18.200,8.43543,8.43625,1.00,1.00
2017.06.01 16:16:18.301,8.43543,8.43634,1.00,1.00
2017.06.01 16:16:18.453,8.43556,8.43634,1.00,1.00
2017.06.01 16:16:18.826,8.43556,8.43643,1.00,1.00
2017.06.01 16:16:22.096,8.43556,8.43641,1.00,1.00
2017.06.01 16:16:29.014,8.43556,8.43655,1.00,1.00
2017.06.01 16:16:31.301,8.43556,8.43658,1.00,1.00
2017.06.01 16:16:32.376,8.43556,8.4366,1.00,1.00
2017.06.01 16:16:34.342,8.43556,8.43663,1.00,1.00
2017.06.01 16:16:35.312,8.43556,8.4366,1.00,1.00
2017.06.01 16:16:39.521,8.43556,8.43654,1.00,1.00
2017.06.01 16:16:44.639,8.43556,8.4366,1.00,1.00
2017.06.01 16:16:45.840,8.43558,8.4366,1.00,1.00
2017.06.01 16:16:46.256,8.43558,8.43665,1.00,1.00
2017.06.01 16:16:46.307,8.43558,8.43672,1.00,1.00
2017.06.01 16:16:46.408,8.43581,8.43672,1.00,1.00
2017.06.01 16:16:46.598,8.43566,8.43663,1.00,1.00
2017.06.01 16:16:47.418,8.43566,8.43661,1.00,1.00
2017.06.01 16:16:48.512,8.43566,8.43673,1.00,1.00
2017.06.01 16:16:48.614,8.43581,8.43673,1.00,1.00
2017.06.01 16:16:49.190,8.43592,8.43708,1.00,1.00
2017.06.01 16:16:49.241,8.436,8.43722,1.00,1.00
2017.06.01 16:16:49.343,8.43631,8.43722,1.00,1.00
2017.06.01 16:16:49.648,8.43646,8.43722,1.00,1.00
2017.06.01 16:16:49.699,8.43646,8.43736,1.00,1.00
2017.06.01 16:16:49.750,8.43646,8.43752,1.00,1.00
2017.06.01 16:16:49.801,8.43631,8.43752,1.00,1.00
2017.06.01 16:16:49.903,8.43649,8.43752,1.00,1.00
2017.06.01 16:16:50.139,8.43649,8.43768,1.00,1.00
2017.06.01 16:16:50.443,8.43672,8.43768,1.00,1.00
2017.06.01 16:16:51.193,8.43672,8.43763,1.00,1.00
2017.06.01 16:16:52.079,8.43672,8.43767,1.00,1.00
2017.06.01 16:16:52.571,8.43672,8.43762,1.00,1.00
2017.06.01 16:16:54.054,8.43672,8.43758,1.00,1.00
2017.06.01 16:16:54.104,8.43672,8.43767,1.00,1.00
2017.06.01 16:16:54.542,8.43672,8.43773,1.00,1.00
2017.06.01 16:16:58.511,8.43672,8.43774,1.00,1.00
2017.06.01 16:16:59.128,8.43672,8.43782,1.00,1.00
2017.06.01 16:16:59.230,8.43697,8.43811,1.00,1.00
2017.06.01 16:16:59.281,8.437,8.43824,1.00,1.00
2017.06.01 16:16:59.332,8.43721,8.4383,1.00,1.00
2017.06.01 16:16:59.485,8.43736,8.4385,1.00,1.00
2017.06.01 16:16:59.536,8.43752,8.4385,1.00,1.00
2017.06.01 16:16:59.587,8.43752,8.4387,1.00,1.00
2017.06.01 16:16:59.739,8.43793,8.4387,1.00,1.00
2017.06.01 16:16:59.841,8.43766,8.4387,1.00,1.00
2017.06.01 16:17:00.070,8.4378,8.4387,1.00,1.00
2017.06.01 16:17:00.121,8.4378,8.4389,1.00,1.00
2017.06.01 16:17:00.172,8.43797,8.4389,1.00,1.00
2017.06.01 16:17:00.223,8.43797,8.43902,1.00,1.00
2017.06.01 16:17:00.274,8.4381,8.43902,1.00,1.00
2017.06.01 16:17:00.325,8.4381,8.43911,1.00,1.00
2017.06.01 16:17:02.016,8.4381,8.43909,1.00,1.00
2017.06.01 16:17:09.578,8.4381,8.43915,1.00,1.00
2017.06.01 16:17:12.168,8.4381,8.43919,1.00,1.00
2017.06.01 16:17:12.219,8.4381,8.43938,1.00,1.00
2017.06.01 16:17:12.270,8.43839,8.43938,1.00,1.00
2017.06.01 16:17:12.321,8.43839,8.43947,1.00,1.00
2017.06.01 16:17:12.813,8.43863,8.43968,1.00,1.00
2017.06.01 16:17:12.864,8.43864,8.43992,1.00,1.04
2017.06.01 16:17:12.966,8.43891,8.43992,1.00,1.04
2017.06.01 16:17:13.487,8.43892,8.43992,1.00,1.04
2017.06.01 16:17:15.873,8.43892,8.43992,1.00,1.04
2017.06.01 16:17:16.186,8.43892,8.43992,1.00,1.04
2017.06.01 16:17:21.513,8.43892,8.44017,1.00,1.04
2017.06.01 16:17:21.911,8.43912,8.44017,1.00,1.04
2017.06.01 16:17:22.215,8.43939,8.44065,1.00,1.24
2017.06.01 16:17:22.317,8.43936,8.44065,1.00,1.15
2017.06.01 16:17:22.470,8.43952,8.44082,1.00,1.22
2017.06.01 16:17:23.317,8.43965,8.44091,1.00,1.00
2017.06.01 16:17:23.368,8.43972,8.44091,1.00,1.00
2017.06.01 16:17:23.673,8.43992,8.44102,1.00,1.00
2017.06.01 16:17:24.512,8.44017,8.44121,1.00,1.00
2017.06.01 16:17:24.618,8.44023,8.44146,1.37,1.00
2017.06.01 16:17:24.720,8.44045,8.44165,1.00,1.00
2017.06.01 16:17:24.822,8.44081,8.44165,1.00,1.00
2017.06.01 16:17:24.923,8.44062,8.44165,1.00,1.00
2017.06.01 16:17:24.974,8.44058,8.44165,1.00,1.00
2017.06.01 16:17:25.546,8.44058,8.44153,1.00,1.00
2017.06.01 16:17:26.563,8.44058,8.44162,1.00,1.00
2017.06.01 16:17:28.581,8.44058,8.441,1.00,1.00
2017.06.01 16:17:28.633,8.44043,8.441,1.00,1.00
2017.06.01 16:17:28.684,8.44024,8.441,1.00,1.00
2017.06.01 16:17:28.736,8.44024,8.44086,1.00,1.00
2017.06.01 16:17:28.787,8.43898,8.43989,1.00,1.60
2017.06.01 16:17:28.889,8.4386,8.43989,1.00,2.10
2017.06.01 16:17:28.991,8.4386,8.4397,1.00,1.00
2017.06.01 16:17:29.538,8.43841,8.43966,1.00,1.00
2017.06.01 16:17:29.828,8.43841,8.43962,1.00,1.00
2017.06.01 16:17:29.879,8.43842,8.4397,1.00,1.00
2017.06.01 16:17:30.943,8.43841,8.43959,1.00,1.00
2017.06.01 16:17:33.079,8.43841,8.43958,1.00,1.00
2017.06.01 16:17:38.694,8.43841,8.43953,1.00,1.00
2017.06.01 16:17:38.898,8.43793,8.43914,1.00,1.00
2017.06.01 16:17:38.949,8.43793,8.43898,1.00,1.75
2017.06.01 16:17:39.001,8.43784,8.43878,1.00,1.37
2017.06.01 16:17:39.052,8.43784,8.43858,1.00,1.00
2017.06.01 16:17:39.103,8.43764,8.43858,1.00,1.00
2017.06.01 16:17:39.204,8.43731,8.43858,1.00,1.00
2017.06.01 16:17:39.739,8.43731,8.4384,1.00,1.00
2017.06.01 16:17:39.942,8.43704,8.43815,1.00,1.00
2017.06.01 16:17:40.044,8.43704,8.43796,1.00,1.00
2017.06.01 16:17:40.145,8.43683,8.43783,1.00,1.00
2017.06.01 16:17:40.196,8.43666,8.43783,1.00,1.00
2017.06.01 16:17:40.348,8.43645,8.43764,1.00,1.00
2017.06.01 16:17:40.501,8.43644,8.4374,1.00,1.00
2017.06.01 16:17:40.602,8.43624,8.4374,1.00,1.00
2017.06.01 16:17:40.907,8.43623,8.4372,1.00,1.00
2017.06.01 16:17:41.008,8.43603,8.4372,1.00,1.00
2017.06.01 16:17:41.059,8.43603,8.437,1.00,1.00
2017.06.01 16:17:41.110,8.43599,8.437,1.00,1.00
2017.06.01 16:17:41.212,8.4358,8.437,1.00,1.00
2017.06.01 16:17:41.263,8.43578,8.437,1.00,1.00
2017.06.01 16:17:41.314,8.43578,8.43681,1.00,1.00
2017.06.01 16:17:41.415,8.43558,8.43669,1.00,1.00
2017.06.01 16:17:41.466,8.43554,8.43669,1.00,1.00
2017.06.01 16:17:41.720,8.43554,8.43649,1.00,1.00
2017.06.01 16:17:41.821,8.43534,8.43649,1.00,1.00
2017.06.01 16:17:42.075,8.43533,8.43637,1.00,1.00
2017.06.01 16:17:42.126,8.43512,8.43637,1.00,1.50
2017.06.01 16:17:42.288,8.4351,8.43618,1.00,1.00
2017.06.01 16:17:42.440,8.43489,8.43609,1.50,1.00
2017.06.01 16:17:42.541,8.43489,8.436,1.00,1.00
2017.06.01 16:17:42.855,8.43489,8.4359,1.00,1.00
2017.06.01 16:17:43.109,8.43414,8.43521,1.00,1.00
2017.06.01 16:17:43.211,8.43414,8.43498,1.00,1.00
2017.06.01 16:17:43.313,8.43395,8.43498,1.00,1.00
2017.06.01 16:17:43.364,8.43373,8.43498,1.00,1.00
2017.06.01 16:17:43.963,8.43403,8.43502,1.00,1.00
2017.06.01 16:17:44.014,8.43403,8.43522,1.00,1.00
2017.06.01 16:17:44.065,8.43403,8.43525,1.00,1.00
2017.06.01 16:17:44.116,8.4343,8.43532,1.00,1.00
2017.06.01 16:17:44.959,8.4343,8.43529,1.00,1.00
2017.06.01 16:17:45.296,8.4343,8.43543,1.00,1.00
2017.06.01 16:17:45.398,8.43433,8.43557,1.00,1.00
2017.06.01 16:17:45.716,8.4346,8.43578,1.00,1.00
2017.06.01 16:17:45.869,8.43585,8.43714,1.37,1.00
2017.06.01 16:17:45.920,8.43608,8.43714,1.00,1.00
2017.06.01 16:17:46.226,8.43607,8.43689,1.00,1.00
2017.06.01 16:17:46.831,8.43607,8.43698,1.00,1.00
2017.06.01 16:17:48.212,8.43607,8.43733,1.00,1.00
2017.06.01 16:17:48.314,8.43635,8.43733,1.00,1.00
2017.06.01 16:17:48.612,8.43635,8.43742,1.00,1.00
2017.06.01 16:17:51.934,8.43635,8.43755,1.00,1.00
2017.06.01 16:17:52.032,8.43656,8.43755,1.00,1.00
2017.06.01 16:17:53.513,8.43667,8.43786,1.00,1.00
2017.06.01 16:17:53.564,8.43678,8.43805,1.00,1.00
2017.06.01 16:17:53.717,8.43685,8.43805,1.00,1.00
2017.06.01 16:17:53.768,8.43699,8.43825,1.00,1.00
2017.06.01 16:17:53.819,8.43703,8.43828,1.00,1.00
2017.06.01 16:17:54.123,8.4373,8.43854,1.00,1.00
2017.06.01 16:17:54.527,8.43746,8.43854,1.00,1.00
2017.06.01 16:17:54.663,8.43746,8.43865,1.00,1.00
2017.06.01 16:17:55.318,8.43746,8.43871,1.00,1.00
2017.06.01 16:17:55.369,8.43772,8.43871,1.00,1.00
2017.06.01 16:17:55.942,8.43772,8.43884,1.00,1.00
2017.06.01 16:17:56.043,8.43787,8.43884,1.00,1.00
2017.06.01 16:17:56.421,8.43787,8.43877,1.00,1.00
2017.06.01 16:17:56.472,8.43787,8.43887,1.00,1.00
2017.06.01 16:17:57.218,8.43787,8.4388,1.00,1.00
2017.06.01 16:17:58.502,8.4379,8.43917,1.00,1.00
2017.06.01 16:17:58.553,8.43803,8.43919,1.00,1.00
2017.06.01 16:17:58.930,8.43817,8.43919,1.00,1.00
2017.06.01 16:17:59.837,8.43817,8.43922,1.00,1.00
2017.06.01 16:18:00.261,8.43817,8.43928,1.00,1.00
2017.06.01 16:18:00.312,8.43838,8.43947,1.00,1.00
2017.06.01 16:18:00.363,8.43846,8.43967,1.00,1.00
2017.06.01 16:18:00.464,8.4387,8.43968,1.00,1.00
2017.06.01 16:18:00.715,8.43886,8.44008,1.00,1.00
2017.06.01 16:18:01.077,8.4391,8.44008,1.00,1.00
2017.06.01 16:18:01.230,8.4391,8.44018,1.00,1.00
2017.06.01 16:18:01.502,8.4391,8.44026,1.00,1.00
2017.06.01 16:18:01.604,8.43929,8.44037,1.00,1.00
2017.06.01 16:18:01.655,8.43931,8.44058,1.00,1.50
2017.06.01 16:18:01.757,8.43957,8.44058,1.00,1.00
2017.06.01 16:18:01.909,8.43957,8.44068,1.00,1.00
2017.06.01 16:18:02.529,8.43957,8.44076,1.00,1.00
2017.06.01 16:18:02.634,8.43957,8.44084,1.50,1.00
2017.06.01 16:18:02.736,8.43966,8.44087,1.00,1.00
2017.06.01 16:18:03.092,8.4399,8.44105,1.00,1.00
2017.06.01 16:18:03.661,8.44005,8.44105,1.00,1.00
2017.06.01 16:18:03.763,8.44038,8.4414,1.00,1.00
2017.06.01 16:18:03.814,8.44046,8.44165,1.00,1.00
2017.06.01 16:18:03.865,8.44071,8.44174,1.00,1.00
2017.06.01 16:18:04.220,8.44071,8.44195,1.00,1.00
2017.06.01 16:18:04.372,8.44096,8.44195,1.00,1.00
2017.06.01 16:18:04.524,8.44106,8.44226,1.00,1.00
2017.06.01 16:18:04.676,8.44133,8.44236,1.00,1.00
2017.06.01 16:18:04.778,8.4412,8.44236,1.00,1.00
2017.06.01 16:18:05.155,8.4412,8.44236,1.37,1.00
2017.06.01 16:18:05.317,8.44133,8.44252,1.00,1.00
2017.06.01 16:18:05.369,8.4416,8.44263,1.00,1.00
2017.06.01 16:18:05.673,8.4414,8.44263,1.00,1.00
2017.06.01 16:18:05.724,8.44137,8.44263,1.00,1.00
2017.06.01 16:18:06.131,8.44137,8.44243,1.00,1.00
2017.06.01 16:18:06.385,8.4412,8.44233,1.37,1.00
2017.06.01 16:18:06.486,8.4412,8.44223,1.00,1.00
2017.06.01 16:18:06.588,8.44105,8.44213,1.00,1.00
2017.06.01 16:18:06.691,8.44105,8.44203,1.00,1.00
2017.06.01 16:18:06.792,8.44085,8.44203,1.00,1.00
2017.06.01 16:18:06.843,8.44083,8.44203,1.00,1.00
2017.06.01 16:18:06.894,8.44074,8.44203,1.00,1.00
2017.06.01 16:18:06.945,8.44062,8.4419,1.00,1.00
2017.06.01 16:18:07.261,8.44062,8.44181,1.00,1.00
2017.06.01 16:18:07.962,8.44062,8.44174,1.00,1.00
2017.06.01 16:18:08.064,8.44043,8.44166,1.00,1.00
2017.06.01 16:18:08.115,8.44034,8.44118,1.00,1.00
2017.06.01 16:18:08.318,8.43909,8.43998,1.00,1.00
2017.06.01 16:18:08.370,8.43856,8.43925,1.00,2.47
2017.06.01 16:18:08.421,8.43856,8.43899,1.00,1.00
2017.06.01 16:18:08.472,8.43836,8.43881,1.00,1.00
2017.06.01 16:18:08.523,8.43751,8.43857,1.00,2.10
2017.06.01 16:18:08.575,8.43731,8.43806,1.00,1.00
2017.06.01 16:18:08.626,8.43722,8.43806,1.00,1.00
2017.06.01 16:18:08.677,8.43698,8.43806,1.00,1.06
2017.06.01 16:18:08.729,8.43679,8.43806,1.00,1.06
2017.06.01 16:18:08.780,8.43679,8.43794,1.00,1.00
2017.06.01 16:18:08.881,8.43633,8.43772,1.00,1.00
2017.06.01 16:18:08.983,8.43631,8.43772,1.00,1.00
2017.06.01 16:18:09.471,8.43631,8.43761,1.00,1.00
2017.06.01 16:18:10.361,8.43633,8.43763,1.00,1.00
2017.06.01 16:18:12.012,8.43613,8.43742,1.00,1.00
2017.06.01 16:18:12.316,8.43603,8.43732,1.00,1.00
2017.06.01 16:18:13.642,8.43603,8.43732,1.00,1.60
2017.06.01 16:18:13.693,8.43593,8.43722,1.00,1.60
2017.06.01 16:18:13.744,8.43593,8.43722,1.00,1.60
2017.06.01 16:18:14.094,8.43593,8.43722,1.00,1.60
2017.06.01 16:18:14.520,8.43593,8.43722,1.00,1.60
2017.06.01 16:18:14.825,8.43592,8.43722,1.00,1.60
2017.06.01 16:18:14.977,8.43592,8.43721,1.00,2.10
2017.06.01 16:18:15.701,8.43592,8.43722,1.00,1.60
2017.06.01 16:18:15.939,8.43543,8.43641,1.00,2.10
2017.06.01 16:18:16.194,8.43402,8.43487,1.00,1.00
2017.06.01 16:18:16.245,8.4338,8.43453,1.00,1.00
2017.06.01 16:18:16.296,8.4336,8.43453,1.00,1.00
2017.06.01 16:18:16.347,8.43324,8.43453,1.00,1.60
2017.06.01 16:18:16.526,8.43287,8.43416,1.00,1.00
2017.06.01 16:18:16.577,8.43287,8.43405,1.00,1.00
2017.06.01 16:18:16.628,8.43244,8.43373,1.00,1.00
2017.06.01 16:18:16.932,8.43216,8.43343,1.00,1.00
2017.06.01 16:18:17.085,8.43191,8.43319,1.00,1.00
2017.06.01 16:18:17.617,8.43178,8.43307,1.00,1.00
2017.06.01 16:18:17.667,8.43162,8.43292,1.00,1.00
2017.06.01 16:18:17.769,8.43187,8.43314,1.00,1.00
2017.06.01 16:18:18.023,8.43165,8.43294,1.00,1.00
2017.06.01 16:18:18.125,8.43194,8.43339,1.75,1.00
2017.06.01 16:18:18.342,8.43331,8.43438,1.35,1.00
2017.06.01 16:18:18.393,8.43366,8.43458,1.00,1.00
2017.06.01 16:18:18.444,8.43366,8.43485,1.75,1.00
2017.06.01 16:18:18.495,8.43366,8.43495,1.75,1.00
2017.06.01 16:18:18.598,8.43415,8.43529,1.00,1.00
2017.06.01 16:18:18.649,8.43473,8.43529,1.75,1.00
2017.06.01 16:18:18.700,8.43495,8.43549,1.37,1.00
2017.06.01 16:18:18.751,8.43495,8.4358,1.00,1.00
2017.06.01 16:18:18.802,8.43495,8.436,1.00,1.00
2017.06.01 16:18:18.853,8.43495,8.43625,1.00,1.00
2017.06.01 16:18:19.158,8.43474,8.43603,1.00,1.00
2017.06.01 16:18:19.412,8.43483,8.43613,1.00,1.00
2017.06.01 16:18:19.900,8.43502,8.43628,1.00,1.00
2017.06.01 16:18:20.100,8.43505,8.43633,1.00,1.00
2017.06.01 16:18:20.417,8.43522,8.4365,1.00,1.00
2017.06.01 16:18:24.604,8.43532,8.43659,1.00,1.00
2017.06.01 16:18:24.926,8.43575,8.43689,1.00,1.00
2017.06.01 16:18:25.028,8.43575,8.43704,1.00,1.00
2017.06.01 16:18:26.312,8.43594,8.43724,1.00,1.00
2017.06.01 16:18:29.896,8.43596,8.43726,1.00,1.00
2017.06.01 16:18:32.246,8.43596,8.43725,1.00,1.00
2017.06.01 16:18:32.564,8.43628,8.43757,1.75,1.00
2017.06.01 16:18:32.615,8.43668,8.43782,1.37,1.00
2017.06.01 16:18:32.666,8.43691,8.43782,1.00,1.00
2017.06.01 16:18:32.819,8.43711,8.43813,1.00,1.00
2017.06.01 16:18:32.870,8.43711,8.4384,1.00,1.00
2017.06.01 16:18:32.921,8.43753,8.4388,1.00,1.00
2017.06.01 16:18:33.023,8.43753,8.43883,1.00,1.00
2017.06.01 16:18:33.176,8.43753,8.43883,1.37,1.00
2017.06.01 16:18:33.227,8.43786,8.43914,1.00,1.00
2017.06.01 16:18:33.329,8.43786,8.43924,1.00,1.00
2017.06.01 16:18:34.421,8.43786,8.43924,1.37,1.00
2017.06.01 16:18:34.473,8.43797,8.43934,1.12,1.00
2017.06.01 16:18:34.524,8.43826,8.43939,1.00,1.00
2017.06.01 16:18:34.626,8.43826,8.43959,1.00,1.00
2017.06.01 16:18:34.677,8.43826,8.43962,1.00,1.00
2017.06.01 16:18:34.728,8.43826,8.43965,1.00,1.00
2017.06.01 16:18:34.779,8.43846,8.43983,1.00,1.00
2017.06.01 16:18:35.431,8.43855,8.4399,1.00,1.00
2017.06.01 16:18:35.735,8.43896,8.44009,1.00,1.00
2017.06.01 16:18:35.786,8.43886,8.44014,1.00,1.00
2017.06.01 16:18:35.837,8.43886,8.44025,1.00,1.00
2017.06.01 16:18:36.471,8.43877,8.44015,1.00,1.00
2017.06.01 16:18:36.623,8.43844,8.43983,1.00,1.00
2017.06.01 16:18:36.725,8.43835,8.43964,1.00,1.00
2017.06.01 16:18:37.076,8.43825,8.43954,1.00,1.00
2017.06.01 16:18:37.380,8.43778,8.43826,1.00,1.00
2017.06.01 16:18:37.583,8.4369,8.43818,1.39,1.00
2017.06.01 16:18:37.634,8.4369,8.43806,1.00,1.00
2017.06.01 16:18:37.736,8.4369,8.43773,1.00,1.00
2017.06.01 16:18:37.838,8.43667,8.43792,1.00,1.00
2017.06.01 16:18:37.889,8.43667,8.43797,1.00,1.00
2017.06.01 16:18:38.092,8.43658,8.43793,1.00,1.00
2017.06.01 16:18:38.143,8.43646,8.43774,1.00,1.00
2017.06.01 16:18:38.861,8.43634,8.43774,1.00,1.00
2017.06.01 16:18:39.064,8.43628,8.43748,1.00,1.00
2017.06.01 16:18:39.414,8.43614,8.43742,1.00,1.00
2017.06.01 16:18:39.515,8.43609,8.43722,1.00,1.00
2017.06.01 16:18:39.566,8.43608,8.43737,1.00,1.50
2017.06.01 16:18:39.618,8.43594,8.4372,1.00,1.00
2017.06.01 16:18:39.993,8.43594,8.437,1.00,1.00
2017.06.01 16:18:40.044,8.43574,8.437,1.00,1.00
2017.06.01 16:18:40.095,8.43571,8.437,1.00,1.00
2017.06.01 16:18:40.349,8.43548,8.43674,1.00,1.00
2017.06.01 16:18:40.400,8.43544,8.43674,1.50,1.00
2017.06.01 16:18:40.451,8.43562,8.43676,1.62,1.00
2017.06.01 16:18:40.758,8.43684,8.43812,1.00,1.00
2017.06.01 16:18:40.860,8.43667,8.43795,1.00,1.00
2017.06.01 16:18:41.170,8.43659,8.4378,1.00,1.00
2017.06.01 16:18:41.605,8.43654,8.4378,1.00,1.00
2017.06.01 16:18:43.225,8.4365,8.43779,1.50,1.00
2017.06.01 16:18:43.661,8.4365,8.4378,1.60,1.00
2017.06.01 16:18:43.864,8.43684,8.43809,1.00,1.00
2017.06.01 16:18:43.966,8.43766,8.43809,1.00,1.00
2017.06.01 16:18:44.068,8.43688,8.43809,1.00,1.00
2017.06.01 16:18:44.728,8.43694,8.43817,1.00,1.00
2017.06.01 16:18:44.880,8.437,8.43817,1.00,1.00
2017.06.01 16:18:47.276,8.43701,8.43817,1.00,1.00
2017.06.01 16:18:50.392,8.43688,8.43817,1.00,1.00
2017.06.01 16:19:03.418,8.43693,8.43817,1.00,1.00
2017.06.01 16:19:03.570,8.43707,8.43836,1.00,1.00
2017.06.01 16:19:03.621,8.43712,8.43836,1.00,1.00
2017.06.01 16:19:04.594,8.4371,8.43836,1.00,1.00
2017.06.01 16:19:07.244,8.43707,8.43836,1.00,1.00
2017.06.01 16:19:07.607,8.43687,8.43814,1.00,1.00
2017.06.01 16:19:08.229,8.4369,8.43814,1.00,1.00
2017.06.01 16:19:09.224,8.43691,8.43814,1.00,1.00
2017.06.01 16:19:09.425,8.43685,8.43814,1.00,1.00
2017.06.01 16:19:10.267,8.43691,8.43814,1.00,1.00
2017.06.01 16:19:11.227,8.43687,8.43814,1.00,1.00
2017.06.01 16:19:14.986,8.43689,8.43814,1.00,1.00
2017.06.01 16:19:16.100,8.43695,8.43814,1.00,1.00
2017.06.01 16:19:17.401,8.43691,8.43814,1.00,1.00
2017.06.01 16:19:21.412,8.43693,8.43814,1.00,1.00
2017.06.01 16:19:21.716,8.43733,8.43839,1.00,1.00
2017.06.01 16:19:22.431,8.43741,8.43839,1.00,1.00
2017.06.01 16:19:23.417,8.4374,8.43839,1.00,1.00
2017.06.01 16:19:24.645,8.43755,8.43839,1.00,1.00
2017.06.01 16:19:25.164,8.43771,8.43839,1.00,1.00
2017.06.01 16:19:25.310,8.43779,8.43877,1.00,1.00
2017.06.01 16:19:25.513,8.43779,8.43891,1.00,1.00
2017.06.01 16:19:30.324,8.4377,8.43891,1.00,1.00
2017.06.01 16:19:30.375,8.43764,8.43891,1.00,1.50
2017.06.01 16:19:30.426,8.4375,8.43868,1.00,1.00
2017.06.01 16:19:30.767,8.4375,8.43854,1.00,1.00
2017.06.01 16:19:35.746,8.43725,8.43854,1.00,1.00
2017.06.01 16:19:35.848,8.43721,8.43838,1.00,1.00
2017.06.01 16:19:36.161,8.43721,8.43818,1.00,1.00
2017.06.01 16:19:36.212,8.43706,8.43818,1.00,1.00
2017.06.01 16:19:36.323,8.43712,8.43838,1.00,1.00
2017.06.01 16:19:36.374,8.43712,8.43841,1.00,1.00
2017.06.01 16:19:39.636,8.43712,8.43839,1.00,1.00
2017.06.01 16:19:39.738,8.43697,8.43825,1.00,1.00
2017.06.01 16:19:39.840,8.43682,8.43811,1.00,1.00
2017.06.01 16:19:39.941,8.43668,8.43795,1.00,1.00
2017.06.01 16:19:42.226,8.43687,8.43795,1.00,1.00
2017.06.01 16:19:45.046,8.43672,8.43795,1.00,1.00
2017.06.01 16:19:47.262,8.43688,8.43795,1.00,1.00
2017.06.01 16:19:47.465,8.43688,8.43817,1.50,1.00
2017.06.01 16:19:51.952,8.43675,8.43802,1.00,1.00
2017.06.01 16:19:52.515,8.43677,8.43802,1.00,1.00
2017.06.01 16:20:00.029,8.43679,8.43802,1.00,1.00
2017.06.01 16:20:02.425,8.43678,8.43802,1.00,1.00
2017.06.01 16:20:05.792,8.43694,8.43802,1.00,1.00
2017.06.01 16:20:05.844,8.43673,8.43802,1.00,1.00
2017.06.01 16:20:05.996,8.43664,8.43783,1.00,1.00
2017.06.01 16:20:09.938,8.43657,8.43783,1.00,1.00
2017.06.01 16:20:11.168,8.43654,8.43769,1.00,1.00
2017.06.01 16:20:11.322,8.43629,8.43756,1.00,1.00
2017.06.01 16:20:11.424,8.43619,8.43727,1.00,1.00
2017.06.01 16:20:11.817,8.43602,8.43727,1.00,1.00
2017.06.01 16:20:13.640,8.43598,8.43727,1.50,1.00
2017.06.01 16:20:16.514,8.43598,8.43712,1.00,1.00
2017.06.01 16:20:16.818,8.43603,8.43712,1.00,1.00
2017.06.01 16:20:17.562,8.43606,8.43712,1.00,1.00
2017.06.01 16:20:19.561,8.43606,8.43675,1.00,1.00
2017.06.01 16:20:19.612,8.43583,8.43675,1.00,1.00
2017.06.01 16:20:19.714,8.43556,8.43666,1.00,1.00
2017.06.01 16:20:19.816,8.43518,8.43642,1.00,1.00
2017.06.01 16:20:20.232,8.43513,8.43622,1.00,1.00
2017.06.01 16:20:20.334,8.43493,8.43617,1.00,1.00
2017.06.01 16:20:20.437,8.43488,8.43597,1.00,1.00
2017.06.01 16:20:20.539,8.43468,8.43585,1.00,1.00
2017.06.01 16:20:20.894,8.43458,8.43582,1.00,1.00
2017.06.01 16:20:21.047,8.43455,8.43571,1.00,1.75
2017.06.01 16:20:21.149,8.43442,8.43545,1.00,1.02
2017.06.01 16:20:21.315,8.43418,8.43543,1.00,1.02
2017.06.01 16:20:21.366,8.43414,8.43532,1.00,1.00
2017.06.01 16:20:21.677,8.43403,8.4352,1.00,1.00
2017.06.01 16:20:22.361,8.43401,8.4352,1.00,1.00
2017.06.01 16:20:23.336,8.43398,8.4352,1.00,1.00
2017.06.01 16:20:24.731,8.434,8.4352,1.00,1.00
2017.06.01 16:20:25.755,8.43399,8.4352,1.00,1.00
2017.06.01 16:20:32.485,8.43398,8.4352,1.00,1.00
2017.06.01 16:20:33.216,8.43404,8.4352,1.00,1.00
2017.06.01 16:20:33.438,8.43398,8.4352,1.00,1.00
2017.06.01 16:20:34.348,8.43403,8.4352,1.00,1.00
2017.06.01 16:20:34.450,8.43398,8.4352,1.00,1.00
2017.06.01 16:20:35.817,8.43394,8.4352,1.00,1.00
2017.06.01 16:20:36.754,8.43394,8.4352,1.00,1.39
2017.06.01 16:20:36.806,8.43391,8.43518,1.00,1.14
2017.06.01 16:20:36.859,8.43389,8.43505,1.00,1.39
2017.06.01 16:20:36.913,8.4338,8.43505,1.00,1.39
2017.06.01 16:20:36.964,8.43378,8.43499,1.00,1.39
2017.06.01 16:20:37.066,8.43371,8.43483,1.00,1.39
2017.06.01 16:20:38.713,8.43393,8.43482,1.00,1.39
2017.06.01 16:20:39.998,8.43385,8.43497,1.00,1.39
2017.06.01 16:20:41.311,8.43385,8.43497,1.00,1.02
2017.06.01 16:20:45.266,8.43385,8.43497,1.00,1.00
2017.06.01 16:20:46.786,8.43393,8.43515,1.00,1.02
2017.06.01 16:20:48.795,8.43399,8.43522,1.00,1.02
2017.06.01 16:20:48.956,8.43412,8.43522,1.00,1.02
2017.06.01 16:20:49.317,8.43426,8.43552,1.00,1.39
2017.06.01 16:20:49.520,8.4344,8.43552,1.00,1.00
2017.06.01 16:20:49.571,8.43422,8.43548,1.00,1.00
2017.06.01 16:20:49.622,8.43422,8.43526,1.00,1.00
2017.06.01 16:20:49.927,8.43348,8.4346,1.00,1.39
2017.06.01 16:20:50.079,8.43331,8.43453,1.00,1.39
2017.06.01 16:20:50.519,8.43325,8.43441,1.00,1.39
2017.06.01 16:20:50.672,8.43312,8.4343,1.00,1.39
2017.06.01 16:20:50.895,8.43325,8.43454,1.50,1.50
2017.06.01 16:20:50.947,8.43352,8.43454,1.00,1.39
2017.06.01 16:20:51.201,8.43347,8.43432,1.00,1.00
2017.06.01 16:20:51.252,8.43375,8.43476,1.00,1.00
2017.06.01 16:20:51.303,8.43347,8.43473,1.00,1.00
2017.06.01 16:20:51.405,8.43374,8.43476,1.00,1.00
2017.06.01 16:20:51.507,8.43374,8.43496,1.00,1.00
2017.06.01 16:20:51.710,8.43403,8.43496,1.00,1.00
2017.06.01 16:20:51.913,8.43403,8.43531,1.00,1.00
2017.06.01 16:20:52.116,8.43429,8.43546,1.00,1.00
2017.06.01 16:20:52.478,8.43487,8.43597,1.00,1.00
2017.06.01 16:20:52.580,8.43491,8.43616,1.00,1.00
2017.06.01 16:20:53.106,8.43491,8.4362,1.00,1.00
2017.06.01 16:21:02.495,8.43491,8.43619,1.00,1.00
2017.06.01 16:21:03.913,8.43491,8.4362,1.00,1.00
2017.06.01 16:21:03.965,8.43494,8.4362,1.00,1.00
2017.06.01 16:21:04.906,8.43493,8.4362,1.00,1.00
2017.06.01 16:21:05.583,8.435,8.4362,1.00,1.00
2017.06.01 16:21:07.664,8.43499,8.4362,1.00,1.00
2017.06.01 16:21:09.482,8.43511,8.4362,1.00,1.00
2017.06.01 16:21:09.635,8.43529,8.43647,1.00,1.00
2017.06.01 16:21:09.687,8.43538,8.43658,1.00,1.00
2017.06.01 16:21:15.226,8.43541,8.43658,1.00,1.00
2017.06.01 16:21:16.180,8.43543,8.43658,1.00,1.00
2017.06.01 16:21:16.441,8.43549,8.43676,1.00,1.00
2017.06.01 16:21:17.182,8.43552,8.43677,1.00,1.00
2017.06.01 16:21:22.694,8.43551,8.43677,1.00,1.00
2017.06.01 16:21:23.586,8.43549,8.43677,1.00,1.00
2017.06.01 16:21:23.738,8.43567,8.43694,1.00,1.00
2017.06.01 16:21:25.040,8.43567,8.43697,1.00,1.50
2017.06.01 16:21:25.440,8.43579,8.43697,1.00,1.00
2017.06.01 16:21:25.645,8.4359,8.43719,1.00,1.00
2017.06.01 16:21:39.756,8.43621,8.43719,1.00,1.00
2017.06.01 16:21:39.909,8.43633,8.43744,1.00,1.00
2017.06.01 16:21:40.011,8.43638,8.43762,1.00,1.00
2017.06.01 16:21:40.749,8.43642,8.43765,1.00,1.00
2017.06.01 16:21:43.335,8.43638,8.43755,1.00,1.00
2017.06.01 16:21:43.488,8.43626,8.43744,1.00,1.00
2017.06.01 16:21:44.321,8.43623,8.43744,1.00,1.00
2017.06.01 16:21:45.289,8.43614,8.43744,1.00,1.00
2017.06.01 16:21:51.996,8.43629,8.43754,1.00,1.00
2017.06.01 16:21:53.193,8.43629,8.43758,1.00,1.00
2017.06.01 16:21:53.296,8.43644,8.43773,1.00,1.50
2017.06.01 16:21:55.147,8.43645,8.43773,1.00,1.00
2017.06.01 16:21:56.112,8.43649,8.43773,1.00,1.00
2017.06.01 16:22:00.371,8.43644,8.43763,1.00,1.00
2017.06.01 16:22:00.675,8.43644,8.43755,1.00,1.00
2017.06.01 16:22:02.725,8.43644,8.43756,1.00,1.00
2017.06.01 16:22:03.295,8.43644,8.43769,1.00,1.00
2017.06.01 16:22:04.268,8.43644,8.43772,1.00,1.00
2017.06.01 16:22:04.904,8.43649,8.43773,1.00,1.00
2017.06.01 16:22:07.386,8.43644,8.4376,1.00,1.00
2017.06.01 16:22:07.650,8.43631,8.43758,1.00,1.00
2017.06.01 16:22:07.701,8.43642,8.43758,1.00,1.00
2017.06.01 16:22:07.853,8.43645,8.43771,1.00,1.00
2017.06.01 16:22:08.353,8.43647,8.43772,1.00,1.00
2017.06.01 16:22:10.106,8.43649,8.43772,1.00,1.00
2017.06.01 16:22:10.369,8.43645,8.43772,1.00,1.00
2017.06.01 16:22:10.471,8.43663,8.43791,1.00,1.00
2017.06.01 16:22:10.522,8.43694,8.43792,1.00,1.00
2017.06.01 16:22:10.675,8.43697,8.43824,1.00,1.50
2017.06.01 16:22:11.048,8.43704,8.43824,1.00,1.00
2017.06.01 16:22:16.825,8.43711,8.43824,1.00,1.00
2017.06.01 16:22:17.206,8.43745,8.43868,1.00,1.00
2017.06.01 16:22:17.917,8.43745,8.4387,1.00,1.00
2017.06.01 16:22:19.138,8.43745,8.43857,1.00,1.00
2017.06.01 16:22:19.291,8.4373,8.43852,1.00,1.00
2017.06.01 16:22:20.139,8.4373,8.43857,1.00,1.00
2017.06.01 16:22:21.015,8.43734,8.43858,1.00,1.00
2017.06.01 16:22:22.814,8.43739,8.43858,1.00,1.00
2017.06.01 16:22:25.202,8.43746,8.43858,1.00,1.00
2017.06.01 16:22:25.405,8.43751,8.43874,1.00,1.00
2017.06.01 16:22:25.456,8.43758,8.43874,1.00,1.00
2017.06.01 16:22:28.726,8.43761,8.43874,1.00,1.00
2017.06.01 16:22:29.611,8.43744,8.43874,1.00,1.00
2017.06.01 16:22:45.804,8.43744,8.43873,1.00,1.00
2017.06.01 16:22:51.739,8.43747,8.43873,1.00,1.00
2017.06.01 16:22:52.751,8.43765,8.43873,1.00,1.00
2017.06.01 16:22:52.954,8.43774,8.439,1.00,1.00
2017.06.01 16:22:55.220,8.43775,8.439,1.00,1.00
2017.06.01 16:23:02.735,8.43773,8.439,1.50,1.00
2017.06.01 16:23:03.657,8.43777,8.439,1.00,1.00
2017.06.01 16:23:06.277,8.43773,8.43895,1.00,1.00
2017.06.01 16:23:06.686,8.43773,8.43888,1.00,1.00
2017.06.01 16:23:06.838,8.43773,8.43895,1.00,1.00
2017.06.01 16:23:07.242,8.43773,8.43888,1.00,1.00
2017.06.01 16:23:08.231,8.43773,8.43885,1.00,1.00
2017.06.01 16:23:08.726,8.43773,8.4388,1.00,1.00
2017.06.01 16:23:08.878,8.43768,8.4388,1.00,1.00
2017.06.01 16:23:09.748,8.43768,8.43878,1.00,1.00
2017.06.01 16:23:10.239,8.43768,8.43884,1.00,1.00
2017.06.01 16:23:11.141,8.43768,8.43897,1.00,1.50
2017.06.01 16:23:11.784,8.43797,8.43897,1.00,1.00
2017.06.01 16:23:11.886,8.43807,8.43932,1.00,1.00
2017.06.01 16:23:12.089,8.43823,8.43937,1.00,1.00
2017.06.01 16:23:12.465,8.4384,8.43937,1.00,1.00
2017.06.01 16:23:12.567,8.43822,8.43937,1.00,1.00
2017.06.01 16:23:13.809,8.43822,8.43932,1.00,1.00
2017.06.01 16:23:14.766,8.43822,8.43931,1.00,1.00
2017.06.01 16:23:15.469,8.43822,8.4394,1.00,1.00
2017.06.01 16:23:19.383,8.43822,8.43918,1.00,1.00
2017.06.01 16:23:19.587,8.43801,8.43918,1.00,1.00
2017.06.01 16:23:19.638,8.43791,8.43918,1.00,1.00
2017.06.01 16:23:20.464,8.43792,8.4392,1.00,1.00
2017.06.01 16:23:21.906,8.43791,8.43917,1.00,1.00
2017.06.01 16:23:22.982,8.43791,8.43919,1.00,1.00
2017.06.01 16:23:23.879,8.43797,8.4392,1.00,1.00
2017.06.01 16:23:24.109,8.43791,8.43919,1.00,1.00
2017.06.01 16:23:24.161,8.43791,8.43911,1.00,1.00
2017.06.01 16:23:25.184,8.43791,8.4391,1.00,1.00
2017.06.01 16:23:26.183,8.43791,8.43915,1.00,1.00
2017.06.01 16:23:30.128,8.43791,8.43909,1.00,1.00
2017.06.01 16:23:30.383,8.43796,8.4392,1.00,1.00
2017.06.01 16:23:30.485,8.43807,8.4392,1.00,1.00
2017.06.01 16:23:30.536,8.43807,8.43935,1.00,1.00
2017.06.01 16:23:30.587,8.4382,8.43935,1.00,1.00
2017.06.01 16:23:30.689,8.43818,8.43935,1.00,1.00
2017.06.01 16:23:30.740,8.43829,8.43958,1.00,1.00
2017.06.01 16:23:30.791,8.43829,8.4394,1.00,1.00
2017.06.01 16:23:31.236,8.43815,8.4394,1.00,1.00
2017.06.01 16:23:31.338,8.43815,8.43922,1.00,1.00
2017.06.01 16:23:31.541,8.43792,8.43921,1.00,1.00
2017.06.01 16:23:32.312,8.43792,8.43919,1.00,1.00
2017.06.01 16:23:33.314,8.43792,8.4392,1.00,1.00
2017.06.01 16:23:40.310,8.43792,8.43919,1.00,1.00
2017.06.01 16:23:43.278,8.43794,8.43921,1.00,1.00
2017.06.01 16:23:43.649,8.43798,8.43921,1.00,1.00
2017.06.01 16:23:44.548,8.43814,8.43921,1.00,1.00
2017.06.01 16:23:45.525,8.43809,8.43921,1.00,1.00
2017.06.01 16:23:45.811,8.43809,8.43936,1.50,1.00
2017.06.01 16:23:47.298,8.43809,8.43933,1.00,1.00
2017.06.01 16:23:47.563,8.43809,8.43936,1.50,1.00
2017.06.01 16:23:47.715,8.43809,8.43926,1.00,1.00
2017.06.01 16:23:48.301,8.43809,8.43917,1.00,1.00
2017.06.01 16:23:49.301,8.43809,8.43922,1.00,1.00
2017.06.01 16:23:49.969,8.43809,8.43927,1.00,1.00
2017.06.01 16:23:55.171,8.43814,8.43939,1.00,1.00
2017.06.01 16:23:55.223,8.43819,8.43939,1.00,1.00
2017.06.01 16:23:55.537,8.43829,8.43948,1.00,1.00
2017.06.01 16:23:56.186,8.43829,8.43945,1.00,1.00
2017.06.01 16:24:00.557,8.43829,8.43946,1.00,1.00
2017.06.01 16:24:02.570,8.43829,8.43941,1.00,1.00
2017.06.01 16:24:03.132,8.43829,8.43956,1.00,1.00
2017.06.01 16:24:03.782,8.43829,8.43955,1.00,1.00
2017.06.01 16:24:04.698,8.43829,8.43956,1.00,1.00
2017.06.01 16:24:07.462,8.43831,8.43956,1.00,1.00
2017.06.01 16:24:09.112,8.43829,8.43956,1.00,1.00
2017.06.01 16:24:10.153,8.4383,8.43956,1.00,1.00
2017.06.01 16:24:11.911,8.43831,8.43956,1.00,1.00
2017.06.01 16:24:11.966,8.43837,8.43964,1.00,1.00
2017.06.01 16:24:13.469,8.43859,8.43974,1.00,1.00
2017.06.01 16:24:13.832,8.43859,8.43952,1.00,1.00
2017.06.01 16:24:13.883,8.43845,8.43952,1.00,1.00
2017.06.01 16:24:14.139,8.43845,8.43963,1.00,1.00
2017.06.01 16:24:15.538,8.43845,8.43965,1.00,1.00
2017.06.01 16:24:17.935,8.43845,8.43969,1.00,1.00
2017.06.01 16:24:19.479,8.43845,8.43971,1.00,1.00
2017.06.01 16:24:20.440,8.43845,8.4397,1.00,1.00
2017.06.01 16:24:21.446,8.43845,8.43972,1.00,1.00
2017.06.01 16:24:23.208,8.43862,8.43981,1.00,1.00
2017.06.01 16:24:23.259,8.43862,8.43991,1.00,1.50
2017.06.01 16:24:30.078,8.43876,8.43991,1.00,1.00
2017.06.01 16:24:30.383,8.4393,8.44035,1.00,1.00
2017.06.01 16:24:30.434,8.43938,8.44056,1.00,1.00
2017.06.01 16:24:30.485,8.43938,8.44061,1.00,1.00
2017.06.01 16:24:31.056,8.43942,8.44065,1.00,1.00
2017.06.01 16:24:31.640,8.43956,8.44065,1.00,1.00
2017.06.01 16:24:31.946,8.43956,8.44083,1.00,1.00
2017.06.01 16:24:32.066,8.43955,8.44072,1.00,1.00
2017.06.01 16:24:32.459,8.43955,8.44065,1.00,1.00
2017.06.01 16:24:33.134,8.43955,8.44064,1.00,1.00
2017.06.01 16:24:33.385,8.43961,8.44085,1.00,1.00
2017.06.01 16:24:33.640,8.43972,8.4409,1.00,1.00
2017.06.01 16:24:34.125,8.43972,8.44099,1.00,1.00
2017.06.01 16:24:35.676,8.43979,8.44101,1.00,1.00
2017.06.01 16:24:36.249,8.44006,8.44101,1.00,1.00
2017.06.01 16:24:36.351,8.44016,8.44115,1.00,1.00
2017.06.01 16:24:36.516,8.44016,8.44131,1.00,1.00
2017.06.01 16:24:36.568,8.44028,8.44131,1.00,1.00
2017.06.01 16:24:36.620,8.44045,8.44151,1.00,1.00
2017.06.01 16:24:36.671,8.44045,8.44154,1.00,1.00
2017.06.01 16:24:36.722,8.44045,8.44168,1.00,1.00
2017.06.01 16:24:37.337,8.44053,8.44168,1.00,1.00
2017.06.01 16:24:38.352,8.44052,8.44168,1.00,1.00
2017.06.01 16:24:40.018,8.44056,8.44168,1.00,1.00
2017.06.01 16:24:40.435,8.4406,8.44188,1.00,1.00
2017.06.01 16:24:40.487,8.44069,8.44189,1.00,1.00
2017.06.01 16:24:40.741,8.44066,8.44188,1.00,1.00
2017.06.01 16:24:40.843,8.44059,8.4418,1.00,1.00
2017.06.01 16:24:41.695,8.44056,8.4418,1.00,1.00
2017.06.01 16:24:43.886,8.44051,8.44177,1.00,1.00
2017.06.01 16:24:45.043,8.44052,8.4418,1.00,1.00
2017.06.01 16:24:45.889,8.44051,8.44178,1.00,1.00
2017.06.01 16:24:47.945,8.44052,8.44179,1.00,1.00
2017.06.01 16:24:54.486,8.44051,8.44175,1.00,1.00
2017.06.01 16:24:54.791,8.44028,8.44145,1.00,1.00
2017.06.01 16:24:55.507,8.44028,8.44153,1.00,1.00
2017.06.01 16:24:56.509,8.44028,8.44154,1.00,1.00
2017.06.01 16:24:56.830,8.44043,8.44157,1.00,1.00
2017.06.01 16:24:56.881,8.44043,8.44172,1.50,1.50
2017.06.01 16:24:57.105,8.44052,8.44172,1.00,1.00
2017.06.01 16:24:57.286,8.44066,8.44193,1.00,1.50
2017.06.01 16:24:59.040,8.4407,8.44193,1.00,1.00
2017.06.01 16:24:59.296,8.4409,8.44217,1.00,1.00
2017.06.01 16:24:59.397,8.44103,8.4422,1.00,1.00
2017.06.01 16:25:00.521,8.44103,8.44225,1.00,1.00
2017.06.01 16:25:01.513,8.44103,8.44224,1.00,1.00
2017.06.01 16:25:02.975,8.44103,8.44223,1.00,1.00
2017.06.01 16:25:03.318,8.44103,8.44212,1.00,1.00
2017.06.01 16:25:03.470,8.44085,8.44205,1.00,1.00
2017.06.01 16:25:03.522,8.44075,8.44202,1.00,1.00
2017.06.01 16:25:04.241,8.44084,8.44205,1.00,1.00
2017.06.01 16:25:04.630,8.44079,8.44205,1.00,1.00
2017.06.01 16:25:05.591,8.44083,8.44205,1.00,1.00
2017.06.01 16:25:07.677,8.44089,8.44205,1.00,1.00
2017.06.01 16:25:08.716,8.44088,8.44205,1.00,1.00
2017.06.01 16:25:09.137,8.44075,8.4419,1.00,1.00
2017.06.01 16:25:09.862,8.44075,8.44189,1.00,1.00
2017.06.01 16:25:10.865,8.44075,8.44193,1.00,1.00
2017.06.01 16:25:13.881,8.44075,8.44197,1.00,1.00
2017.06.01 16:25:14.286,8.44075,8.44193,1.00,1.00
2017.06.01 16:25:17.179,8.44075,8.44205,1.50,1.50
2017.06.01 16:25:18.182,8.44076,8.44205,1.00,1.00
2017.06.01 16:25:18.479,8.44083,8.44205,1.00,1.00
2017.06.01 16:25:19.133,8.44078,8.44205,1.00,1.50
2017.06.01 16:25:19.406,8.44078,8.44192,1.00,1.00
2017.06.01 16:25:23.116,8.44074,8.44192,1.00,1.00
2017.06.01 16:25:24.085,8.44078,8.44192,1.00,1.00
2017.06.01 16:25:25.568,8.44065,8.44192,1.00,1.00
2017.06.01 16:25:33.037,8.44064,8.44192,1.00,1.00
2017.06.01 16:25:35.651,8.44064,8.44182,1.00,1.00
2017.06.01 16:25:40.104,8.44057,8.44182,1.00,1.00
2017.06.01 16:25:40.550,8.44055,8.44182,1.00,1.00
2017.06.01 16:25:47.130,8.4406,8.44182,1.00,1.00
2017.06.01 16:25:51.912,8.44074,8.44182,1.00,1.00
2017.06.01 16:25:52.013,8.44074,8.44198,1.00,1.00
2017.06.01 16:25:52.896,8.44077,8.44198,1.00,1.00
2017.06.01 16:25:53.933,8.4408,8.44198,1.00,1.00
2017.06.01 16:25:55.580,8.44068,8.44198,1.50,1.00
2017.06.01 16:25:58.199,8.4407,8.44198,1.00,1.00
2017.06.01 16:25:58.503,8.44106,8.44235,1.00,1.00
2017.06.01 16:26:00.797,8.4411,8.44235,1.00,1.00
2017.06.01 16:26:07.490,8.44106,8.44234,1.00,1.00
2017.06.01 16:26:08.441,8.44106,8.44232,1.00,1.00
2017.06.01 16:26:11.286,8.44106,8.44228,1.00,1.00
2017.06.01 16:26:12.797,8.44108,8.44235,1.00,1.50
2017.06.01 16:26:13.753,8.44111,8.44235,1.00,1.00
2017.06.01 16:26:14.403,8.44116,8.44235,1.00,1.00
2017.06.01 16:26:14.454,8.44116,8.44239,1.00,1.00
2017.06.01 16:26:14.788,8.44121,8.44239,1.00,1.00
2017.06.01 16:26:15.826,8.44119,8.44239,1.00,1.00
2017.06.01 16:26:18.175,8.44122,8.44239,1.00,1.00
2017.06.01 16:26:23.294,8.44119,8.44239,1.00,1.00
2017.06.01 16:26:24.657,8.44114,8.44239,1.00,1.00
2017.06.01 16:26:24.708,8.4411,8.44237,1.00,1.00
2017.06.01 16:26:25.693,8.4411,8.44238,1.00,1.00
2017.06.01 16:26:27.375,8.4411,8.44218,1.00,1.00
2017.06.01 16:26:27.426,8.4411,8.44223,1.00,1.00
2017.06.01 16:26:27.477,8.44093,8.44217,1.00,1.00
2017.06.01 16:26:28.404,8.44096,8.44217,1.00,1.00
2017.06.01 16:26:29.412,8.44098,8.44217,1.00,1.00
2017.06.01 16:26:30.856,8.44099,8.44217,1.00,1.00
2017.06.01 16:26:40.719,8.44097,8.44217,1.00,1.00
2017.06.01 16:26:41.741,8.44094,8.44217,1.00,1.00
2017.06.01 16:26:41.793,8.44087,8.44209,1.00,1.00
2017.06.01 16:26:53.354,8.44087,8.44206,1.00,1.00
2017.06.01 16:26:55.749,8.44087,8.44204,1.00,1.00
2017.06.01 16:27:03.265,8.44087,8.44206,1.00,1.00
2017.06.01 16:27:05.767,8.44077,8.44197,1.00,1.00
2017.06.01 16:27:08.384,8.44076,8.44197,1.00,1.00
2017.06.01 16:27:15.899,8.44075,8.44197,1.00,1.00
2017.06.01 16:27:22.975,8.44102,8.44197,1.00,1.00
2017.06.01 16:27:23.077,8.44102,8.44213,1.00,1.00
2017.06.01 16:27:23.303,8.44102,8.44229,1.00,1.00
2017.06.01 16:27:24.010,8.44105,8.44229,1.00,1.00
2017.06.01 16:27:26.893,8.4411,8.44229,1.00,1.00
2017.06.01 16:27:32.815,8.44105,8.44229,1.00,1.00
2017.06.01 16:27:38.444,8.44106,8.44229,1.00,1.00
2017.06.01 16:27:45.733,8.44106,8.4423,1.00,1.00
2017.06.01 16:27:46.962,8.4411,8.4423,1.00,1.00
2017.06.01 16:27:53.524,8.44107,8.4423,1.00,1.00
2017.06.01 16:27:54.214,8.44108,8.4423,1.00,1.00
2017.06.01 16:27:54.642,8.44101,8.44223,1.00,1.00
2017.06.01 16:27:54.693,8.44104,8.4423,1.00,1.00
2017.06.01 16:27:54.744,8.44104,8.44214,1.00,1.00
2017.06.01 16:27:55.672,8.44103,8.44214,1.00,1.00
2017.06.01 16:27:56.661,8.44102,8.44214,1.00,1.00
2017.06.01 16:28:02.765,8.44105,8.44214,1.00,1.00
2017.06.01 16:28:03.150,8.44105,8.4423,1.00,1.00
2017.06.01 16:28:03.844,8.44109,8.4423,1.00,1.00
2017.06.01 16:28:06.712,8.44111,8.4423,1.00,1.00
2017.06.01 16:28:07.061,8.44118,8.4423,1.00,1.00
2017.06.01 16:28:07.875,8.44115,8.4423,1.00,1.00
2017.06.01 16:28:08.877,8.44116,8.4423,1.00,1.00
2017.06.01 16:28:10.499,8.44143,8.44253,1.00,1.00
2017.06.01 16:28:10.551,8.44146,8.44272,1.00,1.00
2017.06.01 16:28:11.365,8.4415,8.44275,1.00,1.00
2017.06.01 16:28:13.391,8.44147,8.44275,1.00,1.00
2017.06.01 16:28:13.493,8.44146,8.4427,1.00,1.00
2017.06.01 16:28:14.530,8.44146,8.44255,1.00,1.00
2017.06.01 16:28:14.683,8.44132,8.44255,1.00,1.00
2017.06.01 16:28:15.570,8.44132,8.44247,1.00,1.00
2017.06.01 16:28:16.117,8.44136,8.44261,1.00,1.00
2017.06.01 16:28:16.168,8.44132,8.44255,1.00,1.00
2017.06.01 16:28:17.141,8.44132,8.4426,1.00,1.00
2017.06.01 16:28:20.513,8.44136,8.44261,1.00,1.00
2017.06.01 16:28:23.585,8.44134,8.44261,1.00,1.00
2017.06.01 16:28:25.102,8.44138,8.44261,1.00,1.00
2017.06.01 16:28:25.452,8.44145,8.44261,1.00,1.00
2017.06.01 16:28:26.117,8.44143,8.44261,1.00,1.00
2017.06.01 16:28:31.049,8.44144,8.44261,1.00,1.00
2017.06.01 16:28:31.906,8.44144,8.44266,1.00,1.00
2017.06.01 16:28:33.444,8.44145,8.44266,1.00,1.00
2017.06.01 16:28:38.598,8.44147,8.44266,1.00,1.00
2017.06.01 16:28:40.555,8.44149,8.44266,1.00,1.00
2017.06.01 16:28:45.143,8.44144,8.44266,1.00,1.00
2017.06.01 16:28:48.425,8.44146,8.44266,1.00,1.00
2017.06.01 16:28:51.937,8.44147,8.44275,1.00,1.00
2017.06.01 16:28:53.084,8.44147,8.44266,1.00,1.00
2017.06.01 16:28:54.090,8.44147,8.44268,1.00,1.00
2017.06.01 16:28:55.041,8.44147,8.44266,1.00,1.00
2017.06.01 16:28:58.386,8.44147,8.44253,1.00,1.00
2017.06.01 16:28:58.539,8.4412,8.44246,1.00,1.00
2017.06.01 16:28:59.360,8.44117,8.44243,1.00,1.00
2017.06.01 16:28:59.805,8.44097,8.44212,1.00,1.00
2017.06.01 16:28:59.856,8.44094,8.44212,1.00,1.00
2017.06.01 16:28:59.907,8.44083,8.44208,1.00,1.00
2017.06.01 16:28:59.958,8.44079,8.44201,1.00,1.00
2017.06.01 16:29:00.966,8.44079,8.442,1.00,1.00
2017.06.01 16:29:03.481,8.44079,8.44202,1.00,1.00
2017.06.01 16:29:08.385,8.44081,8.44208,1.00,1.00
2017.06.01 16:29:08.436,8.44087,8.44216,1.00,1.00
2017.06.01 16:29:08.487,8.441,8.44223,1.00,1.00
2017.06.01 16:29:08.737,8.4411,8.44237,1.50,1.00
2017.06.01 16:29:14.373,8.44111,8.44237,1.00,1.00
2017.06.01 16:29:14.475,8.44117,8.44237,1.00,1.00
2017.06.01 16:29:14.907,8.44134,8.44237,1.00,1.00
2017.06.01 16:29:14.958,8.44134,8.44255,1.00,1.00
2017.06.01 16:29:15.107,8.44141,8.44263,1.00,1.00
2017.06.01 16:29:15.466,8.44141,8.44267,1.00,1.00
2017.06.01 16:29:18.485,8.44142,8.4427,1.00,1.50
2017.06.01 16:29:19.536,8.44141,8.44267,1.00,1.00
2017.06.01 16:29:23.654,8.44141,8.44268,1.50,1.00
2017.06.01 16:29:24.536,8.44141,8.4426,1.00,1.00
2017.06.01 16:29:25.497,8.44141,8.44262,1.00,1.00
2017.06.01 16:29:26.497,8.44141,8.44264,1.00,1.00
2017.06.01 16:29:27.499,8.44141,8.44267,1.00,1.00
2017.06.01 16:29:30.148,8.44141,8.44241,1.00,1.00
2017.06.01 16:29:30.199,8.44126,8.44241,1.00,1.00
2017.06.01 16:29:33.292,8.44126,8.44252,1.00,1.00
2017.06.01 16:29:33.344,8.44133,8.44255,1.00,1.00
2017.06.01 16:29:33.496,8.44142,8.44269,1.00,1.00
2017.06.01 16:29:41.078,8.44143,8.44269,1.00,1.00
2017.06.01 16:29:46.199,8.44145,8.44269,1.00,1.00
2017.06.01 16:29:48.595,8.44146,8.44269,1.00,1.00
2017.06.01 16:29:50.131,8.44142,8.44255,1.00,1.00
2017.06.01 16:29:50.233,8.44128,8.44254,1.00,1.00
2017.06.01 16:29:51.088,8.44133,8.44254,1.00,1.00
2017.06.01 16:29:51.600,8.44127,8.44243,1.00,1.00
2017.06.01 16:29:51.861,8.44114,8.44236,1.00,1.00
2017.06.01 16:29:52.691,8.44118,8.44236,1.00,1.00
2017.06.01 16:29:55.091,8.44133,8.44236,1.00,1.00
2017.06.01 16:29:55.245,8.44141,8.44256,1.00,1.00
2017.06.01 16:29:55.903,8.44141,8.44255,1.00,1.00
2017.06.01 16:29:56.280,8.4415,8.44255,1.00,1.00
2017.06.01 16:29:56.464,8.44144,8.44255,1.00,1.00
2017.06.01 16:29:57.560,8.44145,8.44255,1.00,1.00
2017.06.01 16:29:59.966,8.44152,8.44255,1.00,1.00
2017.06.01 16:30:01.228,8.44147,8.44255,1.00,1.00
2017.06.01 16:30:01.550,8.44158,8.44255,1.00,1.00
2017.06.01 16:30:01.601,8.44158,8.44275,1.00,1.00
2017.06.01 16:30:01.652,8.44158,8.44279,1.00,1.00
2017.06.01 16:30:02.032,8.44167,8.44279,1.00,1.00
2017.06.01 16:30:02.804,8.44173,8.44296,1.00,1.00
2017.06.01 16:30:02.855,8.44173,8.44302,1.50,1.00
2017.06.01 16:30:03.531,8.44196,8.44302,1.00,1.00
2017.06.01 16:30:03.837,8.44278,8.44345,1.00,1.00
2017.06.01 16:30:03.888,8.44278,8.44375,1.00,1.00
2017.06.01 16:30:03.940,8.44278,8.44385,1.00,1.00
2017.06.01 16:30:04.092,8.4428,8.44406,1.00,1.50
2017.06.01 16:30:04.245,8.44297,8.44409,1.00,1.00
2017.06.01 16:30:04.577,8.44365,8.44456,1.00,1.00
2017.06.01 16:30:04.678,8.44382,8.4448,1.00,1.00
2017.06.01 16:30:04.780,8.44382,8.44502,1.00,1.00
2017.06.01 16:30:04.831,8.44402,8.44502,1.00,1.00
2017.06.01 16:30:04.882,8.44402,8.44518,1.00,1.00
2017.06.01 16:30:05.395,8.44391,8.44518,1.00,1.00
2017.06.01 16:30:07.417,8.44434,8.44518,1.00,1.00
2017.06.01 16:30:07.671,8.44492,8.44618,1.00,1.00
2017.06.01 16:30:08.213,8.44513,8.44622,1.00,1.00
2017.06.01 16:30:08.264,8.44495,8.44622,1.00,1.00
2017.06.01 16:30:08.434,8.44507,8.44622,1.00,1.00
2017.06.01 16:30:08.975,8.44515,8.44636,1.00,1.00
2017.06.01 16:30:09.404,8.44515,8.44639,1.00,1.00
2017.06.01 16:30:11.119,8.44515,8.44636,1.00,1.00
2017.06.01 16:30:11.860,8.4452,8.44642,1.00,1.00
2017.06.01 16:30:11.911,8.44582,8.44642,1.00,1.00
2017.06.01 16:30:12.114,8.44582,8.44696,1.00,1.00
2017.06.01 16:30:12.317,8.44568,8.44688,1.00,1.00
2017.06.01 16:30:14.131,8.44568,8.44685,1.00,1.00
2017.06.01 16:30:14.567,8.44568,8.44685,1.00,1.37
2017.06.01 16:30:14.911,8.4451,8.4463,1.00,1.00
2017.06.01 16:30:15.622,8.445,8.44613,1.00,1.00
2017.06.01 16:30:15.825,8.44463,8.44585,1.00,1.00
2017.06.01 16:30:16.740,8.4446,8.44585,1.00,1.00
2017.06.01 16:30:17.199,8.44458,8.44581,1.00,1.00
2017.06.01 16:30:17.676,8.44462,8.44585,1.00,1.00
2017.06.01 16:30:18.430,8.44458,8.44582,1.00,1.00
2017.06.01 16:30:18.531,8.44452,8.44565,1.00,1.00
2017.06.01 16:30:18.657,8.44443,8.44565,1.00,1.00
2017.06.01 16:30:19.619,8.44435,8.44563,1.00,1.00
2017.06.01 16:30:20.367,8.44435,8.44552,1.00,1.00
2017.06.01 16:30:21.715,8.44435,8.44544,1.00,1.00
2017.06.01 16:30:21.816,8.44414,8.44543,1.50,1.00
2017.06.01 16:30:22.309,8.44414,8.44532,1.00,1.00
2017.06.01 16:30:22.411,8.44403,8.44525,1.00,1.00
2017.06.01 16:30:23.021,8.44396,8.44515,1.00,1.00
2017.06.01 16:30:23.392,8.44377,8.44484,1.00,1.00
2017.06.01 16:30:24.025,8.44376,8.44484,1.00,1.00
2017.06.01 16:30:24.262,8.44366,8.44484,1.00,1.00
2017.06.01 16:30:24.313,8.44356,8.44483,1.00,1.00
2017.06.01 16:30:24.414,8.44356,8.4446,1.00,1.00
2017.06.01 16:30:24.516,8.44331,8.44446,1.00,1.00
2017.06.01 16:30:25.442,8.44319,8.44446,1.00,1.00
2017.06.01 16:30:25.594,8.44317,8.44438,1.00,1.00
2017.06.01 16:30:25.746,8.44293,8.4442,1.00,1.00
2017.06.01 16:30:25.900,8.44293,8.44418,1.00,1.00
2017.06.01 16:30:26.220,8.4428,8.44398,1.00,1.00
2017.06.01 16:30:26.323,8.44261,8.44383,1.00,1.00
2017.06.01 16:30:26.526,8.44261,8.44362,1.00,1.00
2017.06.01 16:30:27.112,8.44278,8.44377,1.00,1.00
2017.06.01 16:30:27.315,8.44318,8.4443,1.00,1.00
2017.06.01 16:30:28.112,8.44301,8.44427,1.00,1.00
2017.06.01 16:30:28.213,8.44277,8.44404,1.00,1.00
2017.06.01 16:30:31.337,8.44275,8.44404,1.00,1.00
2017.06.01 16:30:31.951,8.44274,8.44385,1.00,1.00
2017.06.01 16:30:32.888,8.44262,8.44385,1.00,1.00
2017.06.01 16:30:33.888,8.44266,8.44385,1.00,1.00
2017.06.01 16:30:33.939,8.44262,8.44385,1.00,1.00
2017.06.01 16:30:34.932,8.4426,8.44385,1.00,1.00
2017.06.01 16:30:36.882,8.44265,8.44385,1.00,1.00
2017.06.01 16:30:36.984,8.4426,8.44385,1.00,1.00
2017.06.01 16:30:37.878,8.44265,8.44385,1.00,1.00
2017.06.01 16:30:38.928,8.44262,8.44385,1.00,1.00
2017.06.01 16:30:40.561,8.44283,8.44385,1.00,1.00
2017.06.01 16:30:40.865,8.44316,8.44435,1.00,1.00
2017.06.01 16:30:41.017,8.44308,8.44433,1.00,1.00
2017.06.01 16:30:43.148,8.44308,8.4443,1.00,1.00
2017.06.01 16:30:48.261,8.44311,8.44435,1.00,1.00
2017.06.01 16:30:48.313,8.44354,8.44435,1.00,1.00
2017.06.01 16:30:48.465,8.44354,8.44463,1.00,1.00
2017.06.01 16:30:48.660,8.44357,8.44483,1.00,1.00
2017.06.01 16:30:49.316,8.44357,8.44478,1.00,1.00
2017.06.01 16:30:49.468,8.44348,8.44472,1.00,1.00
2017.06.01 16:30:49.519,8.44343,8.44466,1.00,1.00
2017.06.01 16:30:49.671,8.44328,8.44455,1.00,1.50
2017.06.01 16:30:49.861,8.44341,8.44455,1.00,1.00
2017.06.01 16:30:50.252,8.44363,8.44477,1.00,1.00
2017.06.01 16:30:50.825,8.44369,8.44477,1.00,1.00
2017.06.01 16:30:50.927,8.44348,8.44466,1.00,1.00
2017.06.01 16:30:51.155,8.44339,8.44451,1.00,1.00
2017.06.01 16:30:51.206,8.44324,8.44451,1.00,1.00
2017.06.01 16:30:51.997,8.44324,8.44437,1.00,1.00
2017.06.01 16:30:52.098,8.4431,8.44437,1.00,1.00
2017.06.01 16:30:52.513,8.44319,8.44437,1.00,1.00
2017.06.01 16:30:52.832,8.44309,8.44437,1.50,1.00
2017.06.01 16:30:53.012,8.44309,8.44418,1.00,1.00
2017.06.01 16:30:53.063,8.44291,8.44418,1.00,1.00
2017.06.01 16:30:53.114,8.44291,8.44399,1.00,1.00
2017.06.01 16:30:53.165,8.44276,8.44399,1.00,1.00
2017.06.01 16:30:53.218,8.44276,8.44374,1.00,1.00
2017.06.01 16:30:53.269,8.44247,8.44374,1.00,1.00
2017.06.01 16:30:53.487,8.44263,8.44376,1.00,1.00
2017.06.01 16:30:53.821,8.44269,8.44376,1.00,1.00
2017.06.01 16:30:54.129,8.44352,8.44441,1.00,1.00
2017.06.01 16:30:54.231,8.44318,8.44441,1.00,1.00
2017.06.01 16:30:54.282,8.44328,8.44452,1.00,1.00
2017.06.01 16:30:54.434,8.44328,8.44434,1.00,1.00
2017.06.01 16:30:54.487,8.44305,8.44434,1.50,1.50
2017.06.01 16:30:54.541,8.44305,8.44416,1.50,1.00
2017.06.01 16:30:54.796,8.44305,8.44426,1.00,1.00
2017.06.01 16:30:55.316,8.44297,8.4442,1.00,1.00
2017.06.01 16:30:55.468,8.44291,8.44403,1.00,1.00
2017.06.01 16:30:55.830,8.44274,8.44399,1.00,1.00
2017.06.01 16:30:55.881,8.4427,8.44387,1.00,1.00
2017.06.01 16:30:56.343,8.4426,8.44387,1.00,1.50
2017.06.01 16:30:56.394,8.44258,8.44362,1.00,1.00
2017.06.01 16:30:56.496,8.44233,8.44353,1.00,1.00
2017.06.01 16:30:57.388,8.44226,8.44353,1.00,1.50
2017.06.01 16:30:59.062,8.44226,8.44353,1.00,2.25
2017.06.01 16:30:59.164,8.44203,8.44314,1.00,1.00
2017.06.01 16:30:59.215,8.44203,8.44308,1.00,1.00
2017.06.01 16:30:59.266,8.44178,8.44303,1.00,1.00
2017.06.01 16:30:59.317,8.44173,8.44294,1.00,1.00
2017.06.01 16:30:59.369,8.44173,8.44303,1.00,1.50
2017.06.01 16:30:59.420,8.44173,8.44303,1.00,2.25
2017.06.01 16:30:59.471,8.44173,8.44292,1.00,1.00
2017.06.01 16:30:59.522,8.44173,8.44278,1.00,1.00
2017.06.01 16:30:59.573,8.44151,8.44278,1.00,1.50
2017.06.01 16:31:00.317,8.44151,8.44262,1.00,1.00
2017.06.01 16:31:00.419,8.44106,8.44226,1.00,1.00
2017.06.01 16:31:00.470,8.44097,8.44216,1.00,1.00
2017.06.01 16:31:00.673,8.44149,8.4427,1.00,1.00
2017.06.01 16:31:01.565,8.44151,8.44279,1.00,1.00
2017.06.01 16:31:01.617,8.44149,8.4426,1.00,1.00
2017.06.01 16:31:01.774,8.44131,8.44257,1.00,1.00
2017.06.01 16:31:02.028,8.44128,8.4425,1.00,1.00
2017.06.01 16:31:03.002,8.44121,8.44232,1.00,1.00
2017.06.01 16:31:03.745,8.4412,8.44232,1.00,1.00
2017.06.01 16:31:06.263,8.44111,8.44232,1.00,1.00
2017.06.01 16:31:08.865,8.44109,8.44232,1.00,1.00
2017.06.01 16:31:10.611,8.44118,8.44232,1.00,1.00
2017.06.01 16:31:11.258,8.44124,8.44232,1.00,1.00
2017.06.01 16:31:13.285,8.44134,8.44251,1.00,1.00
2017.06.01 16:31:13.401,8.44163,8.44251,1.00,1.00
2017.06.01 16:31:13.452,8.44163,8.44278,1.00,1.00
2017.06.01 16:31:13.655,8.44173,8.44278,1.00,1.00
2017.06.01 16:31:16.431,8.44172,8.44278,1.00,1.00
2017.06.01 16:31:18.777,8.44171,8.44278,1.00,1.00
2017.06.01 16:31:24.131,8.44148,8.44271,1.00,1.00
2017.06.01 16:31:26.262,8.44148,8.44274,1.00,1.00
2017.06.01 16:31:27.294,8.44148,8.44272,1.00,1.00
2017.06.01 16:31:31.935,8.44143,8.44271,1.00,1.00
2017.06.01 16:31:35.458,8.44155,8.44271,1.00,1.00
2017.06.01 16:31:35.646,8.4416,8.44286,1.00,1.00
2017.06.01 16:31:38.925,8.44158,8.44286,1.00,1.00
2017.06.01 16:31:40.131,8.44173,8.44286,1.00,1.00
2017.06.01 16:31:41.320,8.44174,8.44286,1.00,1.00
2017.06.01 16:31:43.241,8.44192,8.44286,1.00,1.00
2017.06.01 16:31:43.342,8.44192,8.44311,1.00,1.00
2017.06.01 16:31:43.393,8.44185,8.44311,1.00,1.00
2017.06.01 16:31:43.444,8.44204,8.44326,1.00,1.00
2017.06.01 16:31:43.647,8.44225,8.44351,1.00,1.00
2017.06.01 16:31:44.267,8.44233,8.44351,1.00,1.00
2017.06.01 16:31:44.723,8.44264,8.44351,1.00,1.00
2017.06.01 16:31:44.774,8.44264,8.44376,1.00,1.00
2017.06.01 16:31:44.875,8.44273,8.44391,1.00,1.00
2017.06.01 16:31:45.129,8.44273,8.444,1.00,1.00
2017.06.01 16:31:45.912,8.44282,8.444,1.00,1.00
2017.06.01 16:31:46.462,8.44288,8.444,1.00,1.00
2017.06.01 16:31:47.552,8.44292,8.444,1.00,1.00
2017.06.01 16:31:47.954,8.44294,8.44421,1.00,1.00
2017.06.01 16:31:48.111,8.44315,8.44424,1.00,1.00
2017.06.01 16:31:48.162,8.44315,8.44441,1.00,1.00
2017.06.01 16:31:48.726,8.44325,8.44441,1.00,1.00
2017.06.01 16:31:48.979,8.44361,8.44488,1.00,1.00
2017.06.01 16:31:53.141,8.44361,8.44461,1.00,1.00
2017.06.01 16:31:53.193,8.44341,8.44461,1.00,1.00
2017.06.01 16:31:53.245,8.44351,8.44468,1.00,1.00
2017.06.01 16:31:53.347,8.44351,8.4447,1.00,1.00
2017.06.01 16:31:54.161,8.44358,8.4447,1.00,1.00
2017.06.01 16:31:54.862,8.44362,8.44486,1.00,1.00
2017.06.01 16:31:56.347,8.44362,8.44489,1.50,1.00
2017.06.01 16:32:01.067,8.44362,8.44482,1.00,1.00
2017.06.01 16:32:01.706,8.44379,8.44491,1.00,1.00
2017.06.01 16:32:02.047,8.44397,8.44508,1.00,1.00
2017.06.01 16:32:02.783,8.44397,8.44518,1.00,1.00
2017.06.01 16:32:03.167,8.44397,8.44503,1.00,1.00
2017.06.01 16:32:03.370,8.44397,8.44523,1.00,1.00
2017.06.01 16:32:04.137,8.44405,8.44526,1.00,1.00
2017.06.01 16:32:04.602,8.44399,8.44526,1.00,1.00
2017.06.01 16:32:04.704,8.4441,8.44526,1.00,1.00
2017.06.01 16:32:04.806,8.44423,8.44545,1.00,1.00
2017.06.01 16:32:04.857,8.44423,8.44548,1.00,1.00
2017.06.01 16:32:05.686,8.44425,8.4455,1.00,1.00
2017.06.01 16:32:09.704,8.44423,8.44525,1.00,1.00
2017.06.01 16:32:09.806,8.44402,8.4452,1.00,1.00
2017.06.01 16:32:09.874,8.44405,8.4452,1.00,1.00
2017.06.01 16:32:10.776,8.44393,8.4452,1.00,1.00
2017.06.01 16:32:11.791,8.44395,8.4452,1.00,1.00
2017.06.01 16:32:12.990,8.44393,8.44518,1.00,1.00
2017.06.01 16:32:13.308,8.44393,8.44482,1.00,1.00
2017.06.01 16:32:13.410,8.44351,8.44474,1.00,1.00
2017.06.01 16:32:14.217,8.44345,8.44474,1.50,1.50
2017.06.01 16:32:14.790,8.44345,8.44464,1.00,1.00
2017.06.01 16:32:15.043,8.44326,8.44448,1.00,1.00
2017.06.01 16:32:16.499,8.44321,8.44448,1.00,1.00
2017.06.01 16:32:17.723,8.44319,8.44434,1.00,1.00
2017.06.01 16:32:17.926,8.44283,8.44401,1.00,1.00
2017.06.01 16:32:18.027,8.44272,8.44397,1.00,1.00
2017.06.01 16:32:18.079,8.44269,8.44365,1.00,1.00
2017.06.01 16:32:18.231,8.44229,8.44358,1.00,1.00
2017.06.01 16:32:18.422,8.44213,8.44336,1.00,1.00
2017.06.01 16:32:18.524,8.44223,8.44352,1.00,1.00
2017.06.01 16:32:18.696,8.44228,8.44352,1.00,1.00
2017.06.01 16:32:19.697,8.44227,8.44352,1.00,1.00
2017.06.01 16:32:19.961,8.44223,8.44352,1.00,1.00
2017.06.01 16:32:21.986,8.44223,8.44341,1.00,1.00
2017.06.01 16:32:22.224,8.44196,8.44322,1.00,1.00
2017.06.01 16:32:22.927,8.44193,8.44322,1.00,1.00
2017.06.01 16:32:25.514,8.44199,8.44322,1.00,1.00
2017.06.01 16:32:25.818,8.4423,8.4436,1.00,1.00
2017.06.01 16:32:26.383,8.4423,8.44351,1.00,1.00
2017.06.01 16:32:26.434,8.44216,8.44344,1.00,1.00
2017.06.01 16:32:26.540,8.44216,8.44341,1.00,1.00
2017.06.01 16:32:27.178,8.44216,8.44332,1.00,1.00
2017.06.01 16:32:27.331,8.44197,8.44326,1.00,1.00
2017.06.01 16:32:33.710,8.44197,8.44307,1.00,1.00
2017.06.01 16:32:33.862,8.44171,8.443,1.00,1.00
2017.06.01 16:32:33.964,8.44186,8.44309,1.00,1.00
2017.06.01 16:32:34.066,8.44186,8.44315,1.00,1.00
2017.06.01 16:32:34.484,8.44186,8.4431,1.00,1.00
2017.06.01 16:32:36.052,8.44186,8.44298,1.00,1.00
2017.06.01 16:32:39.045,8.44186,8.44293,1.00,1.00
2017.06.01 16:32:40.101,8.44186,8.44296,1.00,1.00
2017.06.01 16:32:41.412,8.44186,8.44282,1.00,1.00
2017.06.01 16:32:45.780,8.44186,8.44287,1.00,1.00
2017.06.01 16:32:48.063,8.44186,8.44282,1.00,1.00
2017.06.01 16:32:48.956,8.44186,8.44283,1.00,1.00
2017.06.01 16:32:51.985,8.44172,8.44283,1.00,1.00
2017.06.01 16:32:54.116,8.44172,8.44285,1.00,1.00
2017.06.01 16:32:56.468,8.44172,8.44283,1.00,1.00
2017.06.01 16:32:58.632,8.44172,8.44279,1.00,1.00
2017.06.01 16:32:59.621,8.44172,8.44282,1.00,1.00
2017.06.01 16:33:00.572,8.44172,8.44283,1.00,1.00
2017.06.01 16:33:03.986,8.44172,8.4428,1.00,1.00
2017.06.01 16:33:05.847,8.44172,8.44278,1.00,1.00
2017.06.01 16:33:06.810,8.44172,8.44276,1.00,1.00
2017.06.01 16:33:11.907,8.44163,8.44276,1.00,1.00
2017.06.01 16:33:16.667,8.44163,8.44277,1.00,1.00
2017.06.01 16:33:17.774,8.44163,8.44284,1.00,1.00
2017.06.01 16:33:20.788,8.44169,8.44292,1.00,1.00
2017.06.01 16:33:20.840,8.44178,8.44306,1.00,1.00
2017.06.01 16:33:21.462,8.44185,8.44307,1.00,1.00
2017.06.01 16:33:21.614,8.44195,8.44322,1.00,1.00
2017.06.01 16:33:21.665,8.44226,8.44337,1.00,1.00
2017.06.01 16:33:21.930,8.44211,8.44337,1.00,1.00
2017.06.01 16:33:22.888,8.44209,8.44336,1.50,1.00
2017.06.01 16:33:24.135,8.44211,8.44337,1.00,1.00
2017.06.01 16:33:24.743,8.44209,8.44332,1.00,1.00
2017.06.01 16:33:26.529,8.44209,8.44329,1.00,1.00
2017.06.01 16:33:31.698,8.44209,8.44327,1.00,1.00
2017.06.01 16:33:32.119,8.44209,8.44334,1.00,1.00
2017.06.01 16:33:32.171,8.44214,8.44337,1.00,1.00
2017.06.01 16:33:32.374,8.44229,8.44354,1.00,1.00
2017.06.01 16:33:33.145,8.44229,8.44342,1.00,1.00
2017.06.01 16:33:34.158,8.44229,8.4434,1.00,1.00
2017.06.01 16:33:36.454,8.44229,8.44349,1.00,1.00
2017.06.01 16:33:36.666,8.44229,8.44343,1.00,1.00
2017.06.01 16:33:37.547,8.44229,8.44346,1.00,1.00
2017.06.01 16:33:37.598,8.44229,8.44352,1.00,1.00
2017.06.01 16:33:38.673,8.44229,8.44356,1.50,1.00
2017.06.01 16:33:39.677,8.44249,8.44356,1.00,1.00
2017.06.01 16:33:39.779,8.44249,8.44376,1.00,1.00
2017.06.01 16:33:39.831,8.44273,8.44377,1.00,1.00
2017.06.01 16:33:40.094,8.44291,8.44397,1.00,1.00
2017.06.01 16:33:40.298,8.44308,8.44417,1.00,1.00
2017.06.01 16:33:40.349,8.44308,8.4442,1.00,1.00
2017.06.01 16:33:40.452,8.44308,8.44406,1.00,1.00
2017.06.01 16:33:40.605,8.44288,8.44405,1.00,1.00
2017.06.01 16:33:40.656,8.44276,8.44405,1.50,1.00
2017.06.01 16:33:40.865,8.44276,8.44398,1.00,1.00
2017.06.01 16:33:41.085,8.44246,8.4437,1.00,1.00
2017.06.01 16:33:42.006,8.44246,8.44368,1.00,1.00
2017.06.01 16:33:42.768,8.44246,8.44372,1.00,1.00
2017.06.01 16:33:42.945,8.44246,8.44367,1.00,1.00
2017.06.01 16:33:43.363,8.44246,8.44361,1.00,1.00
2017.06.01 16:33:43.946,8.44246,8.44366,1.00,1.00
2017.06.01 16:33:44.948,8.44246,8.4437,1.00,1.00
2017.06.01 16:33:49.161,8.44255,8.44375,1.00,1.00
2017.06.01 16:33:49.914,8.44264,8.44384,1.00,1.00
2017.06.01 16:33:50.216,8.44264,8.44378,1.00,1.00
2017.06.01 16:33:50.318,8.44264,8.44384,1.00,1.00
2017.06.01 16:33:50.540,8.44264,8.44392,1.00,1.00
2017.06.01 16:33:50.642,8.44279,8.44392,1.00,1.00
2017.06.01 16:33:52.701,8.44265,8.44392,1.00,1.00
2017.06.01 16:33:54.246,8.44265,8.44394,1.50,1.00
2017.06.01 16:33:55.085,8.44265,8.44388,1.00,1.00
2017.06.01 16:33:57.089,8.44265,8.44385,1.00,1.00
2017.06.01 16:34:00.215,8.44265,8.44374,1.00,1.00
2017.06.01 16:34:00.317,8.44245,8.44366,1.00,1.00
2017.06.01 16:34:00.368,8.44243,8.44366,1.00,1.00
2017.06.01 16:34:01.255,8.44243,8.4437,1.00,1.00
2017.06.01 16:34:02.256,8.44243,8.44372,1.50,1.00
2017.06.01 16:34:03.309,8.44243,8.44369,1.00,1.00
2017.06.01 16:34:04.918,8.44243,8.44372,1.50,1.00
2017.06.01 16:34:05.178,8.44251,8.44372,1.00,1.00
2017.06.01 16:34:05.482,8.44258,8.44387,1.50,1.50
2017.06.01 16:34:06.173,8.44264,8.44387,1.00,1.00
2017.06.01 16:34:08.655,8.44282,8.44387,1.00,1.00
2017.06.01 16:34:08.858,8.44297,8.44424,1.50,1.00
2017.06.01 16:34:08.959,8.44311,8.44427,1.00,1.00
2017.06.01 16:34:09.194,8.44311,8.4444,1.50,1.50
2017.06.01 16:34:09.245,8.44325,8.4444,1.00,1.00
2017.06.01 16:34:09.347,8.44326,8.44454,1.00,1.00
2017.06.01 16:34:10.195,8.44331,8.44455,1.00,1.00
2017.06.01 16:34:11.618,8.44328,8.44455,1.00,1.00
2017.06.01 16:34:11.931,8.44335,8.44455,1.00,1.00
2017.06.01 16:34:12.033,8.44339,8.44464,1.00,1.00
2017.06.01 16:34:12.135,8.44355,8.44464,1.00,1.00
2017.06.01 16:34:14.300,8.44355,8.44469,1.00,1.00
2017.06.01 16:34:15.260,8.44355,8.44464,1.00,1.00
2017.06.01 16:34:15.564,8.44355,8.44462,1.00,1.00
2017.06.01 16:34:17.485,8.44355,8.44467,1.00,1.00
2017.06.01 16:34:19.086,8.44355,8.44468,1.00,1.00
2017.06.01 16:34:22.330,8.44355,8.44463,1.00,1.00
2017.06.01 16:34:22.497,8.44355,8.44469,1.00,1.00
2017.06.01 16:34:24.254,8.44355,8.44473,1.00,1.00
2017.06.01 16:34:25.256,8.44355,8.44477,1.00,1.00
2017.06.01 16:34:26.951,8.4438,8.44484,1.00,1.00
2017.06.01 16:34:27.054,8.44385,8.4451,1.00,1.00
2017.06.01 16:34:27.156,8.444,8.4451,1.00,1.00
2017.06.01 16:34:27.257,8.444,8.44516,1.00,1.00
2017.06.01 16:34:27.414,8.444,8.44504,1.00,1.00
2017.06.01 16:34:27.516,8.4442,8.44529,1.00,1.00
2017.06.01 16:34:27.567,8.444,8.44529,1.00,1.50
2017.06.01 16:34:27.772,8.44414,8.44529,1.00,1.00
2017.06.01 16:34:28.047,8.44414,8.44544,1.00,1.00
2017.06.01 16:34:28.099,8.44431,8.44554,1.00,1.00
2017.06.01 16:34:28.409,8.44431,8.44523,1.00,1.00
2017.06.01 16:34:28.511,8.44431,8.44537,1.00,1.00
2017.06.01 16:34:29.081,8.44431,8.44524,1.00,1.00
2017.06.01 16:34:29.183,8.44431,8.44536,1.00,1.00
2017.06.01 16:34:29.660,8.44431,8.44526,1.00,1.00
2017.06.01 16:34:30.621,8.44431,8.4453,1.00,1.00
2017.06.01 16:34:31.394,8.44431,8.44524,1.00,1.00
2017.06.01 16:34:31.496,8.44404,8.44524,1.00,1.00
2017.06.01 16:34:31.621,8.44404,8.44519,1.00,1.00
2017.06.01 16:34:32.623,8.44404,8.44517,1.00,1.00
2017.06.01 16:34:33.899,8.44404,8.44522,1.00,1.00
2017.06.01 16:34:35.700,8.44404,8.44516,1.00,1.00
2017.06.01 16:34:36.161,8.44404,8.44505,1.00,1.00
2017.06.01 16:34:36.313,8.44388,8.44505,1.00,1.00
2017.06.01 16:34:40.660,8.44388,8.44496,1.00,1.00
2017.06.01 16:34:40.711,8.4437,8.44499,1.00,1.00
2017.06.01 16:34:40.813,8.44359,8.44481,1.00,1.00
2017.06.01 16:34:41.356,8.44352,8.44477,1.00,1.00
2017.06.01 16:34:41.407,8.44339,8.4446,1.00,1.00
2017.06.01 16:34:41.711,8.44317,8.44437,1.00,1.00
2017.06.01 16:34:42.016,8.44288,8.44409,1.00,1.00
2017.06.01 16:34:42.067,8.44281,8.44409,1.00,1.00
2017.06.01 16:34:42.321,8.4428,8.44391,1.00,1.00
2017.06.01 16:34:42.628,8.44261,8.44364,1.00,1.00
2017.06.01 16:34:42.748,8.44257,8.44364,1.00,1.00
2017.06.01 16:34:42.799,8.44241,8.44364,1.00,1.00
2017.06.01 16:34:42.901,8.44241,8.44353,1.00,1.00
2017.06.01 16:34:43.062,8.44241,8.44364,1.00,1.00
2017.06.01 16:34:44.066,8.44241,8.44363,1.00,1.00
2017.06.01 16:34:44.218,8.44241,8.44354,1.00,1.00
2017.06.01 16:34:44.366,8.44225,8.44349,1.00,1.00
2017.06.01 16:34:45.765,8.44224,8.44349,1.00,1.00
2017.06.01 16:34:46.767,8.44222,8.44349,1.00,1.00
2017.06.01 16:34:47.291,8.44221,8.44349,1.00,1.00
2017.06.01 16:34:49.164,8.44223,8.44349,1.00,1.00
2017.06.01 16:34:51.833,8.44219,8.44343,1.00,1.00
2017.06.01 16:34:52.137,8.44206,8.44328,1.00,1.00
2017.06.01 16:34:52.302,8.44201,8.44325,1.00,1.00
2017.06.01 16:34:52.353,8.44201,8.44303,1.00,1.00
2017.06.01 16:34:52.404,8.44182,8.44294,1.00,1.00
2017.06.01 16:34:52.505,8.44169,8.44294,1.00,1.00
2017.06.01 16:34:52.556,8.44169,8.44274,1.00,1.00
2017.06.01 16:34:52.607,8.44148,8.44274,1.00,1.00
2017.06.01 16:34:53.210,8.44147,8.44274,1.50,1.00
2017.06.01 16:34:54.315,8.44148,8.44277,1.00,1.50
2017.06.01 16:34:55.360,8.44158,8.44277,1.00,1.00
2017.06.01 16:34:56.316,8.44152,8.44277,1.00,1.00
2017.06.01 16:34:59.454,8.44148,8.44277,1.00,1.50
2017.06.01 16:35:00.603,8.44174,8.44277,1.00,1.00
2017.06.01 16:35:00.756,8.44174,8.44296,1.00,1.00
2017.06.01 16:35:00.806,8.4419,8.44302,1.00,1.00
2017.06.01 16:35:01.343,8.44196,8.44319,1.00,1.00
2017.06.01 16:35:01.531,8.44196,8.44325,1.50,1.00
2017.06.01 16:35:01.862,8.44202,8.44326,1.00,1.00
2017.06.01 16:35:03.283,8.44206,8.44326,1.00,1.00
2017.06.01 16:35:03.334,8.44199,8.44326,1.00,1.00
2017.06.01 16:35:04.276,8.442,8.44326,1.00,1.00
2017.06.01 16:35:08.446,8.44206,8.44326,1.00,1.00
2017.06.01 16:35:09.236,8.44201,8.44326,1.00,1.00
2017.06.01 16:35:10.121,8.44197,8.44325,1.00,1.00
2017.06.01 16:35:10.223,8.44196,8.4432,1.00,1.00
2017.06.01 16:35:11.738,8.44196,8.44324,1.50,1.00
2017.06.01 16:35:12.224,8.44203,8.44326,1.00,1.00
2017.06.01 16:35:14.419,8.4421,8.44326,1.00,1.00
2017.06.01 16:35:14.470,8.44212,8.44337,1.00,1.00
2017.06.01 16:35:15.380,8.44213,8.44339,1.00,1.00
2017.06.01 16:35:16.907,8.44214,8.44339,1.00,1.00
2017.06.01 16:35:18.028,8.44212,8.44339,1.00,1.50
2017.06.01 16:35:18.079,8.44212,8.44335,1.00,1.00
2017.06.01 16:35:19.289,8.44215,8.44339,1.00,1.00
2017.06.01 16:35:19.597,8.44212,8.44325,1.00,1.00
2017.06.01 16:35:19.648,8.44196,8.44317,1.00,1.00
2017.06.01 16:35:19.830,8.44189,8.44316,1.00,1.00
2017.06.01 16:35:21.374,8.44188,8.44315,1.00,1.00
2017.06.01 16:35:22.582,8.44188,8.44313,1.00,1.00
2017.06.01 16:35:24.425,8.44188,8.4431,1.00,1.00
2017.06.01 16:35:26.694,8.44188,8.44316,1.50,1.00
2017.06.01 16:35:26.745,8.44192,8.44317,1.00,1.00
2017.06.01 16:35:27.683,8.44188,8.44317,1.00,1.50
2017.06.01 16:35:29.241,8.44193,8.44317,1.00,1.00
2017.06.01 16:35:31.972,8.44188,8.44317,1.50,1.50
2017.06.01 16:35:34.065,8.44203,8.44331,1.00,1.00
2017.06.01 16:35:34.416,8.44217,8.44344,1.00,1.00
2017.06.01 16:35:35.072,8.4422,8.44346,1.00,1.00
2017.06.01 16:35:37.485,8.44217,8.44328,1.00,1.00
2017.06.01 16:35:37.587,8.44202,8.44321,1.00,1.00
2017.06.01 16:35:37.688,8.44191,8.44316,1.00,1.00
2017.06.01 16:35:38.548,8.44188,8.44316,1.00,1.50
2017.06.01 16:35:38.649,8.44187,8.44308,1.00,1.00
2017.06.01 16:35:39.616,8.44187,8.44307,1.00,1.00
2017.06.01 16:35:41.187,8.44187,8.44311,1.00,1.00
2017.06.01 16:35:41.791,8.44187,8.44312,1.00,1.00
2017.06.01 16:35:42.743,8.44187,8.44314,1.50,1.00
2017.06.01 16:35:47.439,8.44187,8.44311,1.00,1.00
2017.06.01 16:35:48.501,8.44187,8.44307,1.00,1.00
2017.06.01 16:35:49.467,8.44187,8.44313,1.00,1.00
2017.06.01 16:35:50.177,8.44187,8.44294,1.00,1.00
2017.06.01 16:35:50.230,8.44172,8.44281,1.00,1.00
2017.06.01 16:35:50.281,8.44157,8.44281,1.00,1.00
2017.06.01 16:35:50.649,8.44176,8.44286,1.00,1.00
2017.06.01 16:35:50.700,8.44176,8.44301,1.00,1.00
2017.06.01 16:35:52.433,8.44172,8.44299,1.00,1.00
2017.06.01 16:35:52.535,8.44176,8.44301,1.00,1.00
2017.06.01 16:35:54.435,8.44173,8.44301,1.00,1.00
2017.06.01 16:35:55.709,8.44179,8.44301,1.00,1.00
2017.06.01 16:35:56.548,8.44193,8.44301,1.00,1.00
2017.06.01 16:35:56.599,8.44193,8.44316,1.00,1.00
2017.06.01 16:35:56.822,8.44198,8.44316,1.00,1.00
2017.06.01 16:35:57.731,8.44202,8.44316,1.00,1.00
2017.06.01 16:35:57.834,8.44211,8.44331,1.00,1.00
2017.06.01 16:35:58.211,8.4422,8.44331,1.00,1.00
2017.06.01 16:35:59.620,8.44213,8.44331,1.00,1.00
2017.06.01 16:36:00.636,8.44217,8.44331,1.00,1.00
2017.06.01 16:36:01.975,8.44219,8.44331,1.00,1.00
2017.06.01 16:36:05.709,8.44219,8.44346,1.00,1.00
2017.06.01 16:36:07.756,8.44222,8.44346,1.00,1.00
2017.06.01 16:36:07.858,8.44217,8.44343,1.00,1.00
2017.06.01 16:36:08.737,8.44219,8.44346,1.00,1.00
2017.06.01 16:36:09.809,8.44223,8.44346,1.00,1.00
2017.06.01 16:36:10.033,8.44219,8.44346,1.00,1.00
2017.06.01 16:36:13.027,8.4423,8.44334,1.00,1.00
2017.06.01 16:36:13.129,8.44215,8.44329,1.00,1.00
2017.06.01 16:36:15.277,8.44215,8.44334,1.00,1.00
2017.06.01 16:36:15.418,8.44215,8.44338,1.00,1.00
2017.06.01 16:36:16.404,8.44215,8.44342,1.00,1.00
2017.06.01 16:36:16.904,8.44218,8.44344,1.00,1.00
2017.06.01 16:36:17.908,8.44221,8.44344,1.00,1.00
2017.06.01 16:36:18.216,8.44226,8.44344,1.00,1.00
2017.06.01 16:36:19.082,8.44224,8.44344,1.00,1.00
2017.06.01 16:36:24.495,8.44223,8.44344,1.00,1.00
2017.06.01 16:36:29.619,8.44227,8.44344,1.00,1.00
2017.06.01 16:36:29.809,8.44237,8.44364,1.00,1.00
2017.06.01 16:36:29.861,8.4425,8.44367,1.00,1.00
2017.06.01 16:36:29.963,8.44252,8.4438,1.00,1.00
2017.06.01 16:36:31.356,8.44255,8.44382,1.00,1.00
2017.06.01 16:36:32.987,8.44252,8.44377,1.00,1.00
2017.06.01 16:36:33.568,8.44254,8.44381,1.00,1.00
2017.06.01 16:36:33.816,8.44262,8.44382,1.00,1.00
2017.06.01 16:36:34.218,8.44284,8.44394,1.00,1.00
2017.06.01 16:36:34.269,8.44284,8.4441,1.00,1.00
2017.06.01 16:36:34.996,8.44292,8.4441,1.00,1.00
2017.06.01 16:36:36.493,8.44287,8.4441,1.00,1.00
2017.06.01 16:36:38.027,8.44289,8.4441,1.00,1.00
2017.06.01 16:36:39.007,8.44287,8.4441,1.00,1.00
2017.06.01 16:36:40.012,8.4429,8.4441,1.00,1.00
2017.06.01 16:36:40.910,8.44281,8.44399,1.00,1.00
2017.06.01 16:36:41.281,8.44272,8.44388,1.00,1.00
2017.06.01 16:36:41.882,8.44266,8.44388,1.00,1.00
2017.06.01 16:36:42.863,8.44262,8.44388,1.00,1.00
2017.06.01 16:36:44.488,8.44258,8.44387,1.50,1.00
2017.06.01 16:36:45.483,8.44258,8.44385,1.50,1.00
2017.06.01 16:36:46.675,8.44258,8.44382,1.00,1.00
2017.06.01 16:36:49.990,8.44258,8.44375,1.00,1.00
2017.06.01 16:36:50.091,8.44242,8.44365,1.00,1.00
2017.06.01 16:36:53.533,8.44236,8.44357,1.00,1.00
2017.06.01 16:36:53.737,8.44228,8.4435,1.00,1.00
2017.06.01 16:36:54.381,8.4422,8.4435,1.50,1.50
2017.06.01 16:36:54.504,8.4422,8.44345,1.00,1.00
2017.06.01 16:36:55.617,8.4422,8.44345,1.00,1.09
2017.06.01 16:36:56.485,8.4422,8.44341,1.00,1.09
2017.06.01 16:36:56.786,8.4422,8.44341,1.00,1.16
2017.06.01 16:36:57.679,8.4422,8.4434,1.00,1.16
2017.06.01 16:36:58.688,8.4422,8.4434,1.00,1.16
2017.06.01 16:36:59.655,8.4422,8.44345,1.00,1.07
2017.06.01 16:36:59.706,8.4422,8.44345,1.00,1.16
2017.06.01 16:37:00.680,8.4422,8.44345,1.00,1.00
2017.06.01 16:37:00.731,8.4422,8.44345,1.00,1.16
2017.06.01 16:37:01.690,8.4422,8.44345,1.00,1.07
2017.06.01 16:37:01.741,8.4422,8.44345,1.00,1.16
2017.06.01 16:37:02.900,8.4422,8.44345,1.00,1.00
2017.06.01 16:37:02.951,8.4422,8.44345,1.00,1.16
2017.06.01 16:37:04.024,8.4422,8.44345,1.00,1.16
2017.06.01 16:37:04.415,8.4422,8.44345,1.00,1.00
2017.06.01 16:37:05.542,8.4422,8.44346,1.00,1.00
2017.06.01 16:37:09.636,8.4422,8.44344,1.00,1.00
2017.06.01 16:37:11.981,8.44216,8.44334,1.00,1.00
2017.06.01 16:37:19.445,8.44215,8.44334,1.00,1.00
2017.06.01 16:37:20.506,8.44212,8.44334,1.00,1.00
2017.06.01 16:37:24.614,8.44213,8.44334,1.00,1.00
2017.06.01 16:37:26.960,8.44214,8.44334,1.00,1.00
2017.06.01 16:37:31.965,8.44214,8.44341,1.00,1.00
2017.06.01 16:37:36.298,8.44212,8.44339,1.00,1.00
2017.06.01 16:37:37.196,8.44213,8.44341,1.00,1.00
2017.06.01 16:37:39.645,8.44215,8.44341,1.00,1.00
2017.06.01 16:37:43.256,8.44217,8.44341,1.00,1.00
2017.06.01 16:37:47.159,8.44219,8.44341,1.00,1.00
2017.06.01 16:37:51.900,8.44219,8.4434,1.00,1.00
2017.06.01 16:37:54.456,8.44214,8.4434,1.00,1.00
2017.06.01 16:37:57.020,8.44213,8.4434,1.00,1.00
2017.06.01 16:38:04.535,8.44212,8.4434,1.00,1.00
2017.06.01 16:38:09.753,8.44214,8.4434,1.00,1.00
2017.06.01 16:38:10.333,8.44227,8.4434,1.00,1.00
2017.06.01 16:38:10.443,8.4425,8.44377,1.00,1.50
2017.06.01 16:38:10.698,8.44259,8.44377,1.00,1.00
2017.06.01 16:38:12.427,8.44254,8.44377,1.00,1.00
2017.06.01 16:38:19.565,8.44251,8.44377,1.00,1.00
2017.06.01 16:38:24.784,8.44254,8.44377,1.00,1.00
2017.06.01 16:38:25.765,8.44255,8.44384,1.00,1.00
2017.06.01 16:38:26.675,8.44256,8.44385,1.00,1.50
2017.06.01 16:38:27.677,8.44255,8.44381,1.00,1.00
2017.06.01 16:38:39.482,8.44254,8.44369,1.00,1.00
2017.06.01 16:38:39.814,8.44251,8.44369,1.00,1.00
2017.06.01 16:38:42.158,8.44246,8.44369,1.00,1.00
2017.06.01 16:38:54.795,8.44247,8.44369,1.00,1.00
2017.06.01 16:38:55.226,8.44258,8.44369,1.00,1.00
2017.06.01 16:38:55.328,8.4426,8.44385,1.00,1.00
2017.06.01 16:38:55.819,8.44266,8.44388,1.00,1.00
2017.06.01 16:38:56.395,8.4426,8.44388,1.00,1.50
2017.06.01 16:38:57.401,8.4426,8.44385,1.00,1.00
2017.06.01 16:38:58.353,8.4426,8.44382,1.00,1.00
2017.06.01 16:39:02.283,8.4426,8.44388,1.00,1.50
2017.06.01 16:39:02.746,8.44265,8.44388,1.00,1.00
2017.06.01 16:39:03.739,8.44264,8.44388,1.00,1.00
2017.06.01 16:39:04.014,8.4426,8.44387,1.00,1.00
2017.06.01 16:39:04.767,8.4426,8.44382,1.00,1.00
2017.06.01 16:39:04.985,8.4426,8.44388,1.00,1.50
2017.06.01 16:39:05.743,8.4426,8.44383,1.00,1.00
2017.06.01 16:39:08.234,8.4426,8.44387,1.00,1.00
2017.06.01 16:39:08.285,8.44262,8.44388,1.00,1.00
2017.06.01 16:39:09.121,8.44271,8.44388,1.00,1.00
2017.06.01 16:39:10.087,8.44268,8.44388,1.00,1.00
2017.06.01 16:39:11.681,8.4426,8.44388,1.50,1.00
2017.06.01 16:39:11.731,8.44255,8.44381,1.00,1.00
2017.06.01 16:39:19.685,8.44258,8.44381,1.00,1.00
2017.06.01 16:39:21.474,8.44253,8.44381,1.00,1.00
2017.06.01 16:39:22.424,8.44252,8.4438,1.00,1.00
2017.06.01 16:39:24.854,8.44252,8.44379,1.00,1.00
2017.06.01 16:39:25.857,8.44252,8.44377,1.00,1.00
2017.06.01 16:39:30.662,8.44253,8.44381,1.00,1.00
2017.06.01 16:39:32.367,8.44253,8.44382,1.50,1.00
2017.06.01 16:39:33.828,8.44253,8.44381,1.00,1.00
2017.06.01 16:39:33.879,8.44276,8.44382,1.00,1.00
2017.06.01 16:39:34.183,8.44286,8.44401,1.00,1.00
2017.06.01 16:39:34.853,8.44292,8.44401,1.00,1.00
2017.06.01 16:39:35.854,8.44288,8.44401,1.00,1.00
2017.06.01 16:39:39.885,8.4429,8.44401,1.00,1.00
2017.06.01 16:39:41.446,8.44291,8.44401,1.00,1.00
2017.06.01 16:39:42.985,8.44293,8.44401,1.00,1.00
2017.06.01 16:39:44.371,8.44293,8.44421,1.50,1.00
2017.06.01 16:39:45.195,8.44293,8.44422,1.50,1.50
2017.06.01 16:39:47.399,8.44295,8.44422,1.00,1.00
2017.06.01 16:39:49.745,8.44294,8.44422,1.00,1.00
2017.06.01 16:39:50.797,8.44296,8.44422,1.00,1.00
2017.06.01 16:39:51.335,8.44301,8.44422,1.00,1.00
2017.06.01 16:39:51.640,8.4432,8.44437,1.00,1.00
2017.06.01 16:39:52.348,8.44313,8.44437,1.00,1.00
2017.06.01 16:39:53.098,8.44319,8.44437,1.00,1.00
2017.06.01 16:39:53.333,8.44308,8.44436,1.00,1.00
2017.06.01 16:39:53.384,8.44308,8.44428,1.00,1.00
2017.06.01 16:39:53.436,8.44298,8.44423,1.00,1.00
2017.06.01 16:39:54.341,8.44294,8.44423,1.00,1.50
2017.06.01 16:39:55.291,8.44296,8.44423,1.00,1.00
2017.06.01 16:39:56.956,8.44293,8.44421,1.00,1.00
2017.06.01 16:39:57.976,8.44293,8.4442,1.00,1.00
2017.06.01 16:40:00.636,8.44293,8.444,1.00,1.00
2017.06.01 16:40:00.739,8.44271,8.444,1.50,1.50
2017.06.01 16:40:00.840,8.44271,8.44377,1.00,1.00
2017.06.01 16:40:00.942,8.44283,8.44393,1.00,1.00
2017.06.01 16:40:01.793,8.44288,8.44393,1.00,1.00
2017.06.01 16:40:01.945,8.44288,8.44408,1.00,1.00
2017.06.01 16:40:02.791,8.44287,8.44408,1.00,1.00
2017.06.01 16:40:04.781,8.44291,8.44408,1.00,1.00
2017.06.01 16:40:06.382,8.44292,8.44408,1.00,1.00
2017.06.01 16:40:06.717,8.44302,8.44408,1.00,1.00
2017.06.01 16:40:06.819,8.44302,8.44423,1.00,1.00
2017.06.01 16:40:06.971,8.44312,8.44423,1.00,1.00
2017.06.01 16:40:10.507,8.443,8.44423,1.00,1.00
2017.06.01 16:40:12.808,8.44306,8.44423,1.00,1.00
2017.06.01 16:40:13.813,8.44303,8.44423,1.00,1.00
2017.06.01 16:40:13.874,8.4431,8.44423,1.00,1.00
2017.06.01 16:40:14.278,8.44316,8.44423,1.00,1.00
2017.06.01 16:40:14.329,8.44316,8.44438,1.00,1.00
2017.06.01 16:40:14.876,8.4432,8.44438,1.00,1.00
2017.06.01 16:40:17.362,8.44314,8.44438,1.00,1.00
2017.06.01 16:40:18.156,8.44328,8.44438,1.00,1.00
2017.06.01 16:40:18.461,8.4441,8.44503,1.00,1.00
2017.06.01 16:40:18.747,8.4441,8.44522,1.00,1.00
2017.06.01 16:40:19.128,8.44395,8.44522,1.00,1.50
2017.06.01 16:40:21.251,8.44395,8.44517,1.00,1.00
2017.06.01 16:40:21.584,8.44388,8.44508,1.00,1.00
2017.06.01 16:40:22.469,8.44392,8.44508,1.00,1.00
2017.06.01 16:40:23.412,8.44388,8.44508,1.00,1.00
2017.06.01 16:40:25.424,8.44393,8.44508,1.00,1.00
2017.06.01 16:40:27.373,8.44395,8.44508,1.00,1.00
2017.06.01 16:40:29.172,8.44404,8.44508,1.00,1.00
2017.06.01 16:40:29.274,8.44416,8.44529,1.00,1.00
2017.06.01 16:40:30.216,8.44418,8.44529,1.00,1.00
2017.06.01 16:40:31.569,8.44404,8.44529,1.00,1.00
2017.06.01 16:40:31.671,8.44402,8.44525,1.00,1.00
2017.06.01 16:40:32.240,8.44406,8.44508,1.00,1.00
2017.06.01 16:40:32.675,8.44399,8.44508,1.00,1.00
2017.06.01 16:40:32.975,8.44399,8.44526,1.00,1.00
2017.06.01 16:40:34.882,8.44396,8.44523,1.50,1.00
2017.06.01 16:40:36.895,8.44396,8.44519,1.00,1.00
2017.06.01 16:40:37.270,8.4439,8.44511,1.00,1.00
2017.06.01 16:40:40.022,8.44392,8.44511,1.00,1.00
2017.06.01 16:40:42.405,8.44394,8.44511,1.00,1.00
2017.06.01 16:40:44.768,8.44381,8.44498,1.00,1.00
2017.06.01 16:40:44.921,8.44369,8.44495,1.00,1.00
2017.06.01 16:40:45.776,8.44372,8.44495,1.00,1.00
2017.06.01 16:40:46.610,8.44366,8.44494,1.00,1.00
2017.06.01 16:40:46.712,8.44366,8.4449,1.00,1.00
2017.06.01 16:40:47.051,8.44366,8.44481,1.00,1.00
2017.06.01 16:40:47.676,8.44366,8.44472,1.00,1.00
2017.06.01 16:40:47.727,8.44349,8.44472,1.00,1.00
2017.06.01 16:40:48.939,8.44349,8.44469,1.00,1.00
2017.06.01 16:40:49.745,8.44349,8.44457,1.00,1.00
2017.06.01 16:40:49.797,8.44334,8.44457,1.00,1.00
2017.06.01 16:40:49.899,8.44334,8.4444,1.00,1.00
2017.06.01 16:40:50.005,8.44334,8.44455,1.00,1.00
2017.06.01 16:40:50.720,8.44337,8.44455,1.00,1.00
2017.06.01 16:40:55.842,8.44332,8.44455,1.00,1.00
2017.06.01 16:40:56.787,8.44338,8.44455,1.00,1.00
2017.06.01 16:40:59.469,8.44334,8.44455,1.00,1.00
2017.06.01 16:40:59.520,8.44328,8.44455,1.00,1.00
2017.06.01 16:41:00.234,8.44336,8.44455,1.00,1.00
2017.06.01 16:41:01.878,8.44327,8.4445,1.00,1.00
2017.06.01 16:41:02.180,8.44333,8.44455,1.00,1.00
2017.06.01 16:41:03.180,8.44334,8.44455,1.00,1.00
2017.06.01 16:41:04.952,8.44336,8.44455,1.00,1.00
2017.06.01 16:41:05.140,8.44338,8.44465,1.00,1.50
2017.06.01 16:41:12.415,8.44341,8.44465,1.00,1.00
2017.06.01 16:41:12.860,8.44346,8.44465,1.00,1.00
2017.06.01 16:41:13.496,8.44342,8.44465,1.00,1.00
2017.06.01 16:41:14.074,8.44338,8.44465,1.00,1.50
2017.06.01 16:41:14.348,8.44338,8.44458,1.00,1.00
2017.06.01 16:41:15.221,8.44338,8.44455,1.00,1.00
2017.06.01 16:41:15.764,8.44338,8.44462,1.00,1.00
2017.06.01 16:41:25.100,8.44338,8.4446,1.00,1.00
2017.06.01 16:41:25.732,8.4434,8.4446,1.00,1.00
2017.06.01 16:41:29.053,8.44358,8.4447,1.00,1.00
2017.06.01 16:41:29.155,8.44363,8.44488,1.00,1.00
2017.06.01 16:41:30.039,8.44363,8.44486,1.00,1.00
2017.06.01 16:41:31.041,8.44363,8.44483,1.00,1.00
2017.06.01 16:41:34.961,8.44363,8.44485,1.00,1.00
2017.06.01 16:41:40.276,8.44371,8.44492,1.00,1.00
2017.06.01 16:41:40.428,8.44381,8.44508,1.00,1.00
2017.06.01 16:41:40.479,8.44395,8.44509,1.00,1.00
2017.06.01 16:41:41.405,8.44395,8.44513,1.00,1.00
2017.06.01 16:41:41.641,8.44395,8.44518,1.00,1.00
2017.06.01 16:41:41.877,8.44404,8.44524,1.00,1.00
2017.06.01 16:41:42.199,8.44418,8.44534,1.00,1.00
2017.06.01 16:41:42.632,8.44418,8.44525,1.00,1.00
2017.06.01 16:41:43.409,8.44418,8.44529,1.00,1.00
2017.06.01 16:41:44.733,8.44418,8.44526,1.00,1.00
2017.06.01 16:41:44.789,8.44418,8.44534,1.00,1.00
2017.06.01 16:41:44.944,8.44418,8.44544,1.00,1.00
2017.06.01 16:41:45.799,8.44418,8.44545,1.00,1.00
2017.06.01 16:41:47.692,8.44418,8.44539,1.00,1.00
2017.06.01 16:41:48.796,8.44418,8.44531,1.00,1.00
2017.06.01 16:41:49.140,8.44418,8.44527,1.00,1.00
2017.06.01 16:41:49.517,8.44418,8.44531,1.00,1.00
2017.06.01 16:41:49.568,8.44418,8.44522,1.00,1.00
2017.06.01 16:41:49.619,8.44418,8.44532,1.00,1.00
2017.06.01 16:41:49.772,8.44438,8.44532,1.00,1.00
2017.06.01 16:41:49.924,8.44438,8.44558,1.00,1.00
2017.06.01 16:41:49.975,8.44422,8.44552,1.00,1.00
2017.06.01 16:41:50.026,8.44446,8.44552,1.00,1.00
2017.06.01 16:41:50.178,8.44459,8.44579,1.00,1.00
2017.06.01 16:41:50.280,8.44464,8.44588,1.00,1.00
2017.06.01 16:41:50.540,8.44475,8.44593,1.00,1.00
2017.06.01 16:41:50.866,8.44491,8.44604,1.00,1.00
2017.06.01 16:41:51.022,8.44491,8.44612,1.00,1.00
2017.06.01 16:41:51.786,8.44492,8.4462,1.00,1.00
2017.06.01 16:41:51.888,8.44503,8.4462,1.00,1.00
2017.06.01 16:41:51.989,8.44513,8.44632,1.00,1.00
2017.06.01 16:41:55.191,8.44513,8.44631,1.00,1.00
2017.06.01 16:41:57.006,8.44513,8.44626,1.00,1.00
2017.06.01 16:41:57.108,8.44513,8.44635,1.00,1.00
2017.06.01 16:41:57.260,8.44521,8.44643,1.00,1.00
2017.06.01 16:41:57.412,8.44534,8.44662,1.00,1.00
2017.06.01 16:41:57.615,8.44549,8.44662,1.00,1.00
2017.06.01 16:41:58.270,8.44549,8.44655,1.00,1.00
2017.06.01 16:42:02.674,8.44549,8.44658,1.00,1.00
2017.06.01 16:42:03.991,8.44549,8.44666,1.00,1.00
2017.06.01 16:42:05.072,8.44549,8.44667,1.00,1.00
2017.06.01 16:42:06.023,8.44549,8.44668,1.00,1.00
2017.06.01 16:42:06.343,8.44549,8.44675,1.00,1.00
2017.06.01 16:42:10.190,8.44549,8.44678,1.50,1.50
2017.06.01 16:42:16.272,8.44554,8.44678,1.00,1.00
2017.06.01 16:42:17.194,8.44549,8.44675,1.00,1.00
2017.06.01 16:42:18.998,8.44553,8.44678,1.00,1.00
2017.06.01 16:42:20.051,8.44556,8.44678,1.00,1.00
2017.06.01 16:42:21.517,8.44552,8.44678,1.00,1.00
2017.06.01 16:42:21.619,8.44549,8.44676,1.00,1.00
2017.06.01 16:42:25.220,8.4455,8.44678,1.00,1.00
2017.06.01 16:42:25.875,8.44559,8.44679,1.00,1.00
2017.06.01 16:42:26.816,8.44559,8.4468,1.00,1.00
2017.06.01 16:42:27.378,8.44559,8.44679,1.00,1.00
2017.06.01 16:42:28.224,8.44559,8.44683,1.00,1.00
2017.06.01 16:42:31.018,8.44559,8.44672,1.00,1.00
2017.06.01 16:42:31.320,8.44559,8.44667,1.00,1.00
2017.06.01 16:42:32.734,8.44559,8.44666,1.00,1.00
2017.06.01 16:42:35.080,8.44559,8.44665,1.00,1.00
2017.06.01 16:42:37.428,8.44559,8.44667,1.00,1.00
2017.06.01 16:42:40.250,8.44559,8.44665,1.00,1.00
2017.06.01 16:42:42.595,8.44559,8.44663,1.00,1.00
2017.06.01 16:42:43.642,8.44559,8.44668,1.00,1.00
2017.06.01 16:42:44.598,8.44559,8.44664,1.00,1.00
2017.06.01 16:42:45.325,8.44559,8.44668,1.00,1.00
2017.06.01 16:42:45.748,8.44544,8.44668,1.00,1.00
2017.06.01 16:42:47.811,8.44544,8.44669,1.00,1.00
2017.06.01 16:42:48.318,8.44544,8.44674,1.00,1.00
2017.06.01 16:42:48.573,8.44559,8.44675,1.00,1.00
2017.06.01 16:42:48.624,8.44559,8.44688,1.00,1.00
2017.06.01 16:42:48.793,8.44574,8.44677,1.00,1.00
2017.06.01 16:42:48.896,8.44552,8.44677,1.00,1.00
2017.06.01 16:42:49.401,8.44552,8.44681,1.00,1.00
2017.06.01 16:42:51.578,8.44552,8.4468,1.00,1.00
2017.06.01 16:42:51.629,8.44552,8.44673,1.00,1.00
2017.06.01 16:42:55.280,8.44552,8.44671,1.00,1.00
2017.06.01 16:42:57.672,8.44552,8.44667,1.00,1.00
2017.06.01 16:42:58.831,8.44552,8.44664,1.00,1.00
2017.06.01 16:43:00.491,8.44552,8.44663,1.00,1.00
2017.06.01 16:43:02.842,8.44552,8.44664,1.00,1.00
2017.06.01 16:43:05.140,8.44552,8.44667,1.00,1.00
2017.06.01 16:43:05.773,8.44545,8.44667,1.00,1.00
2017.06.01 16:43:12.702,8.44545,8.44664,1.00,1.00
2017.06.01 16:43:14.370,8.44545,8.44659,1.00,1.00
2017.06.01 16:43:17.871,8.44545,8.44658,1.00,1.00
2017.06.01 16:43:20.219,8.44545,8.44657,1.00,1.00
2017.06.01 16:43:22.262,8.44545,8.44634,1.00,1.00
2017.06.01 16:43:22.313,8.44519,8.44634,1.00,1.00
2017.06.01 16:43:22.465,8.44519,8.44646,1.00,1.00
2017.06.01 16:43:25.339,8.44519,8.44645,1.00,1.00
2017.06.01 16:43:27.685,8.44519,8.44643,1.00,1.00
2017.06.01 16:43:29.385,8.44519,8.44648,1.50,1.00
2017.06.01 16:43:30.388,8.44519,8.44644,1.00,1.00
2017.06.01 16:43:33.266,8.4452,8.44649,1.00,1.50
2017.06.01 16:43:35.251,8.44519,8.44646,1.50,1.00
2017.06.01 16:43:40.369,8.44519,8.44644,1.00,1.00
2017.06.01 16:43:40.730,8.4452,8.44649,1.00,1.50
2017.06.01 16:43:42.365,8.44519,8.44644,1.00,1.00
2017.06.01 16:43:42.836,8.4452,8.44649,1.00,1.50
2017.06.01 16:43:42.950,8.44534,8.44649,1.00,1.00
2017.06.01 16:43:44.480,8.44534,8.44654,1.00,1.00
2017.06.01 16:43:45.699,8.44534,8.44661,1.00,1.00
2017.06.01 16:43:45.874,8.44548,8.44662,1.00,1.00
2017.06.01 16:43:46.850,8.44548,8.4466,1.00,1.00
2017.06.01 16:43:47.230,8.44569,8.4466,1.00,1.00
2017.06.01 16:43:47.883,8.44569,8.44663,1.00,1.00
2017.06.01 16:43:48.640,8.44569,8.44672,1.00,1.00
2017.06.01 16:43:49.325,8.44569,8.44667,1.00,1.00
2017.06.01 16:43:49.807,8.44569,8.44661,1.00,1.00
2017.06.01 16:43:50.808,8.44569,8.44665,1.00,1.00
2017.06.01 16:43:51.967,8.44555,8.44669,1.00,1.00
2017.06.01 16:43:52.018,8.44555,8.44663,1.00,1.00
2017.06.01 16:43:55.399,8.44555,8.44666,1.00,1.00
2017.06.01 16:43:55.948,8.44555,8.44672,1.00,1.00
2017.06.01 16:43:57.795,8.44555,8.44675,1.00,1.00
2017.06.01 16:44:04.426,8.44555,8.44679,1.00,1.00
2017.06.01 16:44:05.384,8.44555,8.44677,1.00,1.00
2017.06.01 16:44:08.920,8.44555,8.44639,1.00,1.00
2017.06.01 16:44:09.072,8.4454,8.44637,1.00,1.00
2017.06.01 16:44:09.123,8.4454,8.44652,1.00,1.00
2017.06.01 16:44:09.175,8.44531,8.44644,1.00,1.00
2017.06.01 16:44:09.226,8.44529,8.44644,1.00,1.00
2017.06.01 16:44:09.382,8.44534,8.44658,1.00,1.00
2017.06.01 16:44:09.636,8.4455,8.44664,1.00,1.00
2017.06.01 16:44:09.687,8.44556,8.4468,1.00,1.00
2017.06.01 16:44:09.965,8.44578,8.44685,1.00,1.00
2017.06.01 16:44:10.016,8.44582,8.44707,1.00,1.00
2017.06.01 16:44:10.067,8.44608,8.44707,1.00,1.00
2017.06.01 16:44:10.219,8.44608,8.44721,1.00,1.00
2017.06.01 16:44:10.592,8.44608,8.44735,1.00,1.00
2017.06.01 16:44:10.748,8.4461,8.44735,1.00,1.00
2017.06.01 16:44:11.122,8.44649,8.4475,1.00,1.00
2017.06.01 16:44:11.578,8.44649,8.44757,1.00,1.00
2017.06.01 16:44:12.538,8.44649,8.44767,1.00,1.00
2017.06.01 16:44:12.589,8.44649,8.44771,1.00,1.00
2017.06.01 16:44:12.691,8.44665,8.44771,1.00,1.00
2017.06.01 16:44:13.143,8.4468,8.44771,1.00,1.00
2017.06.01 16:44:13.337,8.4468,8.4478,1.00,1.00
2017.06.01 16:44:14.155,8.4468,8.44803,1.00,1.00
2017.06.01 16:44:14.307,8.44695,8.44803,1.00,1.00
2017.06.01 16:44:15.163,8.44695,8.44809,1.00,1.00
2017.06.01 16:44:15.892,8.44695,8.44803,1.00,1.00
2017.06.01 16:44:17.364,8.44695,8.44791,1.00,1.00
2017.06.01 16:44:17.894,8.44695,8.44785,1.00,1.00
2017.06.01 16:44:18.896,8.44695,8.44786,1.00,1.00
2017.06.01 16:44:24.861,8.44695,8.44798,1.00,1.00
2017.06.01 16:44:24.912,8.44695,8.44805,1.00,1.00
2017.06.01 16:44:26.213,8.4468,8.44805,1.00,1.00
2017.06.01 16:44:27.945,8.4468,8.44808,1.00,1.00
2017.06.01 16:44:28.311,8.44695,8.44808,1.00,1.00
2017.06.01 16:44:30.620,8.44695,8.44802,1.00,1.00
2017.06.01 16:44:32.225,8.44695,8.44807,1.00,1.00
2017.06.01 16:44:33.602,8.44695,8.4481,1.00,1.00
2017.06.01 16:44:34.450,8.44695,8.44821,1.00,1.00
2017.06.01 16:44:34.652,8.44711,8.44821,1.00,1.00
2017.06.01 16:44:37.489,8.44711,8.44808,1.00,1.00
2017.06.01 16:44:38.444,8.44711,8.44803,1.00,1.00
2017.06.01 16:44:40.031,8.44696,8.44803,1.00,1.00
2017.06.01 16:44:40.082,8.44696,8.44821,1.00,1.00
2017.06.01 16:44:40.205,8.44696,8.44807,1.00,1.00
2017.06.01 16:44:41.162,8.44696,8.44803,1.00,1.00
2017.06.01 16:44:41.466,8.44696,8.44813,1.00,1.00
2017.06.01 16:44:42.510,8.44696,8.44815,1.00,1.00
2017.06.01 16:44:43.637,8.44696,8.44817,1.00,1.00
2017.06.01 16:44:50.349,8.44696,8.44816,1.00,1.00
2017.06.01 16:44:55.518,8.44696,8.44817,1.00,1.00
2017.06.01 16:44:55.719,8.44696,8.44826,1.00,1.00
2017.06.01 16:44:58.532,8.44705,8.44826,1.00,1.00
2017.06.01 16:44:58.841,8.44758,8.44866,1.00,1.00
2017.06.01 16:44:59.336,8.44758,8.44886,1.00,1.00
2017.06.01 16:44:59.438,8.44773,8.44898,1.00,1.00
2017.06.01 16:44:59.743,8.44797,8.44898,1.00,1.00
2017.06.01 16:45:00.085,8.44797,8.44907,1.00,1.00
2017.06.01 16:45:00.187,8.44797,8.44896,1.00,1.00
2017.06.01 16:45:00.365,8.44781,8.44896,1.00,1.00
2017.06.01 16:45:01.060,8.44781,8.44901,1.00,1.00
2017.06.01 16:45:02.425,8.44781,8.44888,1.00,1.00
2017.06.01 16:45:02.662,8.44766,8.44883,1.00,1.00
2017.06.01 16:45:03.176,8.44766,8.44891,1.00,1.00
2017.06.01 16:45:03.595,8.44766,8.44895,1.00,1.00
2017.06.01 16:45:04.051,8.44782,8.44895,1.00,1.00
2017.06.01 16:45:04.167,8.44782,8.449,1.00,1.00
2017.06.01 16:45:05.584,8.44782,8.44906,1.00,1.00
2017.06.01 16:45:05.635,8.44782,8.44901,1.00,1.00
2017.06.01 16:45:08.320,8.44782,8.44893,1.00,1.00
2017.06.01 16:45:10.548,8.44782,8.44891,1.00,1.00
2017.06.01 16:45:11.476,8.44782,8.44887,1.00,1.00
2017.06.01 16:45:11.780,8.44766,8.4488,1.00,1.00
2017.06.01 16:45:12.478,8.44766,8.44886,1.00,1.00
2017.06.01 16:45:12.944,8.44766,8.44893,1.00,1.00
2017.06.01 16:45:16.514,8.44766,8.44866,1.00,1.00
2017.06.01 16:45:16.666,8.44753,8.44866,1.00,1.00
2017.06.01 16:45:16.717,8.44753,8.4488,1.00,1.00
2017.06.01 16:45:16.768,8.44741,8.44867,1.00,1.00
2017.06.01 16:45:17.072,8.44815,8.44941,1.00,1.00
2017.06.01 16:45:17.522,8.44815,8.44929,1.00,1.00
2017.06.01 16:45:18.047,8.44815,8.44933,1.00,1.00
2017.06.01 16:45:18.098,8.44815,8.44942,1.00,1.00
2017.06.01 16:45:19.094,8.44815,8.44944,1.00,1.50
2017.06.01 16:45:19.502,8.44821,8.44944,1.00,1.00
2017.06.01 16:45:19.603,8.44832,8.4496,1.00,1.00
2017.06.01 16:45:20.126,8.44832,8.44949,1.00,1.00
2017.06.01 16:45:20.689,8.44832,8.44958,1.00,1.00
2017.06.01 16:45:21.689,8.44832,8.44954,1.00,1.00
2017.06.01 16:45:22.474,8.44832,8.44961,1.00,1.00
2017.06.01 16:45:25.426,8.44832,8.44962,1.00,1.00
2017.06.01 16:45:26.221,8.44853,8.44962,1.00,1.00
2017.06.01 16:45:26.273,8.44838,8.44962,1.00,1.00
2017.06.01 16:45:26.324,8.44855,8.44973,1.00,1.00
2017.06.01 16:45:26.426,8.44855,8.44984,1.00,1.00
2017.06.01 16:45:26.593,8.44855,8.44971,1.00,1.00
2017.06.01 16:45:26.796,8.44832,8.44959,1.00,1.00
2017.06.01 16:45:27.924,8.44832,8.44962,1.00,1.50
2017.06.01 16:45:28.636,8.44832,8.44957,1.00,1.00
2017.06.01 16:45:28.788,8.44818,8.44947,1.00,1.00
2017.06.01 16:45:29.949,8.44824,8.44947,1.00,1.00
2017.06.01 16:45:30.000,8.44832,8.44962,1.00,1.00
2017.06.01 16:45:30.221,8.44832,8.44953,1.00,1.00
2017.06.01 16:45:30.455,8.44832,8.44959,1.00,1.00
2017.06.01 16:45:31.677,8.44832,8.44962,1.00,1.00
2017.06.01 16:45:31.867,8.44837,8.44962,1.00,1.00
2017.06.01 16:45:31.918,8.44832,8.44962,1.00,1.00
2017.06.01 16:45:33.142,8.44832,8.4496,1.00,1.00
2017.06.01 16:45:34.160,8.44832,8.44959,1.00,1.00
2017.06.01 16:45:35.487,8.44832,8.44958,1.00,1.00
2017.06.01 16:45:36.299,8.44832,8.44961,1.00,1.00
2017.06.01 16:45:37.225,8.44832,8.44956,1.00,1.00
2017.06.01 16:45:43.003,8.44832,8.44961,1.00,1.00
2017.06.01 16:45:45.736,8.44842,8.44961,1.00,1.00
2017.06.01 16:45:46.453,8.44842,8.44959,1.00,1.00
2017.06.01 16:45:48.173,8.44842,8.44962,1.00,1.00
2017.06.01 16:45:50.469,8.44842,8.44964,1.00,1.00
2017.06.01 16:45:51.495,8.44842,8.44959,1.00,1.00
2017.06.01 16:45:51.698,8.44826,8.44955,1.00,1.50
2017.06.01 16:45:53.877,8.44826,8.44952,1.00,1.00
2017.06.01 16:45:55.688,8.44826,8.4495,1.00,1.00
2017.06.01 16:45:57.769,8.44826,8.44941,1.00,1.00
2017.06.01 16:45:59.032,8.44826,8.44931,1.00,1.00
2017.06.01 16:46:00.975,8.44826,8.44929,1.00,1.00
2017.06.01 16:46:01.281,8.44806,8.4492,1.00,1.00
2017.06.01 16:46:01.383,8.44828,8.4492,1.00,1.00
2017.06.01 16:46:01.994,8.44828,8.44926,1.00,1.00
2017.06.01 16:46:02.978,8.44828,8.44921,1.00,1.00
2017.06.01 16:46:04.679,8.44828,8.44925,1.00,1.00
2017.06.01 16:46:05.650,8.4481,8.44925,1.00,1.00
2017.06.01 16:46:07.018,8.4481,8.44926,1.00,1.00
2017.06.01 16:46:07.911,8.4481,8.44921,1.00,1.00
2017.06.01 16:46:09.090,8.4481,8.44903,1.00,1.00
2017.06.01 16:46:09.191,8.44795,8.44903,1.00,1.00
2017.06.01 16:46:10.047,8.44795,8.4491,1.00,1.00
2017.06.01 16:46:11.050,8.44795,8.44912,1.00,1.00
2017.06.01 16:46:11.887,8.44811,8.44905,1.00,1.00
2017.06.01 16:46:12.191,8.44811,8.44916,1.00,1.00
2017.06.01 16:46:12.293,8.44811,8.44922,1.00,1.00
2017.06.01 16:46:13.035,8.44811,8.44931,1.00,1.00
2017.06.01 16:46:13.137,8.44811,8.4492,1.00,1.00
2017.06.01 16:46:14.099,8.44811,8.44916,1.00,1.00
2017.06.01 16:46:16.015,8.44811,8.44936,1.00,1.00
2017.06.01 16:46:16.117,8.44831,8.44936,1.00,1.00
2017.06.01 16:46:16.420,8.44831,8.44952,1.00,1.00
2017.06.01 16:46:18.210,8.44831,8.44957,1.00,1.00
2017.06.01 16:46:20.361,8.44831,8.44942,1.00,1.00
2017.06.01 16:46:20.513,8.44811,8.44936,1.50,1.00
2017.06.01 16:46:20.705,8.44811,8.4493,1.00,1.00
2017.06.01 16:46:21.319,8.44811,8.44923,1.00,1.00
2017.06.01 16:46:22.320,8.44811,8.44926,1.00,1.00
2017.06.01 16:46:26.951,8.44811,8.44909,1.00,1.00
2017.06.01 16:46:27.004,8.44796,8.44909,1.00,1.00
2017.06.01 16:46:27.055,8.44796,8.44919,1.00,1.00
2017.06.01 16:46:27.309,8.44796,8.44925,1.00,1.00
2017.06.01 16:46:32.532,8.44796,8.44923,1.00,1.00
2017.06.01 16:46:33.485,8.44796,8.44925,1.00,1.50
2017.06.01 16:46:34.427,8.44796,8.44912,1.00,1.00
2017.06.01 16:46:34.529,8.44796,8.4492,1.00,1.00
2017.06.01 16:46:34.885,8.44796,8.44906,1.00,1.00
2017.06.01 16:46:35.038,8.44796,8.44919,1.00,1.00
2017.06.01 16:46:35.139,8.44796,8.44925,1.00,1.00
2017.06.01 16:46:38.981,8.44796,8.44921,1.00,1.00
2017.06.01 16:46:39.403,8.44796,8.44925,1.00,1.00
2017.06.01 16:46:45.742,8.44804,8.44925,1.00,1.00
2017.06.01 16:46:46.942,8.44804,8.44915,1.00,1.00
2017.06.01 16:46:47.248,8.44804,8.44906,1.00,1.00
2017.06.01 16:46:47.580,8.44804,8.44897,1.00,1.00
2017.06.01 16:46:47.785,8.44781,8.44897,1.00,1.00
2017.06.01 16:46:48.039,8.44781,8.4489,1.00,1.00
2017.06.01 16:46:48.357,8.44766,8.44882,1.00,1.00
2017.06.01 16:46:48.868,8.44766,8.44882,1.00,1.75
2017.06.01 16:46:48.970,8.44729,8.44834,1.00,1.00
2017.06.01 16:46:49.022,8.44743,8.44857,1.00,1.00
2017.06.01 16:46:49.123,8.44746,8.44857,1.00,1.00
2017.06.01 16:46:49.428,8.44766,8.4487,1.00,1.00
2017.06.01 16:46:49.997,8.44766,8.44881,1.00,1.00
2017.06.01 16:46:51.013,8.44766,8.44882,1.00,1.00
2017.06.01 16:46:55.877,8.44766,8.44869,1.00,1.00
2017.06.01 16:46:56.868,8.44766,8.4487,1.00,1.00
2017.06.01 16:46:58.129,8.44766,8.44867,1.00,1.00
2017.06.01 16:46:58.489,8.44747,8.44867,1.00,1.00
2017.06.01 16:46:59.117,8.44747,8.44861,1.00,1.00
2017.06.01 16:47:03.319,8.44747,8.44865,1.00,1.00
2017.06.01 16:47:05.633,8.44747,8.44864,1.00,1.00
2017.06.01 16:47:05.918,8.44747,8.44877,1.00,1.00
2017.06.01 16:47:06.071,8.44777,8.44886,1.00,1.00
2017.06.01 16:47:06.871,8.44777,8.4489,1.00,1.00
2017.06.01 16:47:08.864,8.44777,8.44895,1.00,1.00
2017.06.01 16:47:12.431,8.44777,8.44903,1.00,1.00
2017.06.01 16:47:12.533,8.44777,8.44907,1.00,1.00
2017.06.01 16:47:12.635,8.44793,8.44908,1.00,1.00
2017.06.01 16:47:12.794,8.44793,8.44922,1.00,1.00
2017.06.01 16:47:21.414,8.44819,8.44934,1.00,1.00
2017.06.01 16:47:23.166,8.44819,8.4493,1.00,1.00
2017.06.01 16:47:23.490,8.44789,8.44897,1.00,1.00
2017.06.01 16:47:24.398,8.44789,8.44903,1.00,1.00
2017.06.01 16:47:24.449,8.44789,8.44898,1.00,1.00
2017.06.01 16:47:29.529,8.44789,8.44916,1.00,1.00
2017.06.01 16:47:29.630,8.44789,8.44918,1.00,1.00
2017.06.01 16:47:29.732,8.44816,8.44936,1.00,1.00
2017.06.01 16:47:29.935,8.44838,8.4496,1.00,1.00
2017.06.01 16:47:30.342,8.4486,8.4496,1.00,1.00
2017.06.01 16:47:30.582,8.4486,8.4497,1.00,1.00
2017.06.01 16:47:31.587,8.4486,8.44975,1.00,1.00
2017.06.01 16:47:33.380,8.4486,8.44973,1.00,1.00
2017.06.01 16:47:35.726,8.4486,8.44977,1.00,1.00
2017.06.01 16:47:36.827,8.44868,8.44987,1.00,1.00
2017.06.01 16:47:36.879,8.4486,8.44987,1.00,1.00
2017.06.01 16:47:36.981,8.44875,8.44995,1.00,1.00
2017.06.01 16:47:40.864,8.44875,8.44994,1.00,1.00
2017.06.01 16:47:42.578,8.44875,8.44991,1.00,1.00
2017.06.01 16:47:43.393,8.44875,8.44982,1.00,1.00
2017.06.01 16:47:43.698,8.44875,8.44973,1.00,1.00
2017.06.01 16:47:43.750,8.44853,8.44973,1.00,1.00
2017.06.01 16:47:43.852,8.44853,8.44964,1.00,1.00
2017.06.01 16:47:44.158,8.44853,8.44944,1.00,1.00
2017.06.01 16:47:44.388,8.44829,8.44925,1.00,1.00
2017.06.01 16:47:44.490,8.44806,8.44929,1.00,1.60
2017.06.01 16:47:44.541,8.44806,8.44929,1.00,1.60
2017.06.01 16:47:44.694,8.44784,8.44914,1.00,1.00
2017.06.01 16:47:46.381,8.44784,8.44914,1.00,1.60
2017.06.01 16:47:46.687,8.44762,8.44868,1.00,1.00
2017.06.01 16:47:46.789,8.4474,8.44848,1.00,1.00
2017.06.01 16:47:47.331,8.4474,8.44839,1.00,1.00
2017.06.01 16:47:48.412,8.4474,8.44834,1.00,1.00
2017.06.01 16:47:50.450,8.4474,8.44829,1.00,1.00
2017.06.01 16:47:50.580,8.44719,8.44829,1.00,1.00
2017.06.01 16:47:50.631,8.44719,8.44803,1.00,1.00
2017.06.01 16:47:50.784,8.44695,8.44803,1.00,1.00
2017.06.01 16:47:51.654,8.44695,8.44806,1.00,1.00
2017.06.01 16:47:54.101,8.44695,8.44815,1.00,1.00
2017.06.01 16:47:58.270,8.44695,8.4482,1.00,1.00
2017.06.01 16:48:03.824,8.44695,8.448,1.00,1.00
2017.06.01 16:48:04.362,8.447,8.448,1.00,1.00
2017.06.01 16:48:04.785,8.447,8.44802,1.00,1.00
2017.06.01 16:48:05.794,8.447,8.44798,1.00,1.00
2017.06.01 16:48:06.099,8.447,8.44788,1.00,1.00
2017.06.01 16:48:06.201,8.44685,8.44788,1.00,1.00
2017.06.01 16:48:06.788,8.44685,8.44783,1.00,1.00
2017.06.01 16:48:10.442,8.44685,8.44779,1.00,1.00
2017.06.01 16:48:11.446,8.44685,8.44782,1.00,1.00
2017.06.01 16:48:12.188,8.44685,8.44792,1.00,1.00
2017.06.01 16:48:12.239,8.44685,8.44799,1.00,1.00
2017.06.01 16:48:12.392,8.44687,8.4481,1.00,1.00
2017.06.01 16:48:12.443,8.44707,8.4481,1.00,1.00
2017.06.01 16:48:13.253,8.44707,8.44818,1.00,1.00
2017.06.01 16:48:13.684,8.44707,8.44811,1.00,1.00
2017.06.01 16:48:14.256,8.44707,8.44818,1.00,1.00
2017.06.01 16:48:18.198,8.44707,8.44798,1.00,1.00
2017.06.01 16:48:18.451,8.44684,8.44798,1.00,1.00
2017.06.01 16:48:20.769,8.44684,8.448,1.00,1.00
2017.06.01 16:48:22.523,8.44684,8.4481,1.00,1.00
2017.06.01 16:48:22.676,8.44699,8.4481,1.00,1.00
2017.06.01 16:48:23.365,8.44699,8.44819,1.00,1.00
2017.06.01 16:48:24.313,8.44805,8.44821,1.00,1.00
2017.06.01 16:48:24.365,8.44817,8.44828,1.00,1.00
2017.06.01 16:48:24.467,8.44818,8.44854,1.00,1.00
2017.06.01 16:48:24.518,8.44817,8.44862,1.00,1.00
2017.06.01 16:48:24.570,8.44817,8.44887,1.00,1.00
2017.06.01 16:48:24.621,8.44843,8.44891,1.00,1.00
2017.06.01 16:48:24.672,8.44843,8.44962,1.00,1.00
2017.06.01 16:48:24.844,8.44857,8.44979,1.00,1.00
2017.06.01 16:48:24.997,8.44879,8.44986,1.00,1.00
2017.06.01 16:48:25.149,8.44884,8.45006,1.00,1.00
2017.06.01 16:48:25.200,8.44884,8.45013,1.00,1.00
2017.06.01 16:48:25.353,8.44901,8.45013,1.00,1.00
2017.06.01 16:48:25.556,8.4491,8.45032,1.00,1.00
2017.06.01 16:48:25.607,8.4491,8.4504,1.00,1.50
2017.06.01 16:48:25.659,8.44925,8.4504,1.00,1.00
2017.06.01 16:48:25.963,8.44904,8.45018,1.00,1.00
2017.06.01 16:48:26.217,8.44868,8.44989,1.00,1.00
2017.06.01 16:48:26.420,8.44868,8.44967,1.00,1.00
2017.06.01 16:48:26.573,8.44848,8.44948,1.00,1.00
2017.06.01 16:48:26.702,8.44845,8.44948,1.00,1.00
2017.06.01 16:48:27.108,8.44845,8.44928,1.00,1.00
2017.06.01 16:48:27.159,8.44824,8.44928,1.00,1.00
2017.06.01 16:48:27.210,8.4482,8.4491,1.00,1.00
2017.06.01 16:48:27.261,8.44801,8.44893,1.00,1.00
2017.06.01 16:48:27.312,8.44792,8.44893,1.00,1.00
2017.06.01 16:48:27.363,8.44772,8.44893,1.00,1.00
2017.06.01 16:48:27.414,8.4477,8.44874,1.00,1.00
2017.06.01 16:48:27.566,8.4475,8.44859,1.00,1.00
2017.06.01 16:48:27.617,8.44729,8.44859,1.00,1.00
2017.06.01 16:48:27.770,8.44709,8.44836,1.00,1.00
2017.06.01 16:48:28.075,8.44688,8.4481,1.00,1.00
2017.06.01 16:48:28.127,8.44684,8.4481,1.00,1.00
2017.06.01 16:48:28.279,8.44684,8.44798,1.00,1.00
2017.06.01 16:48:28.483,8.4467,8.44798,1.00,1.00
2017.06.01 16:48:28.534,8.4467,8.44789,1.00,1.00
2017.06.01 16:48:29.093,8.4467,8.44779,1.00,1.00
2017.06.01 16:48:29.398,8.44609,8.44684,1.00,1.00
2017.06.01 16:48:29.449,8.44588,8.44667,1.00,1.00
2017.06.01 16:48:29.501,8.44573,8.44667,1.00,1.00
2017.06.01 16:48:29.552,8.44553,8.44667,1.00,1.00
2017.06.01 16:48:29.603,8.44551,8.44667,1.00,1.00
2017.06.01 16:48:30.501,8.44551,8.44672,1.00,1.00
2017.06.01 16:48:31.386,8.44551,8.44675,1.00,1.00
2017.06.01 16:48:31.870,8.44559,8.4468,1.00,1.00
2017.06.01 16:48:31.972,8.44569,8.44696,1.00,1.00
2017.06.01 16:48:32.124,8.4458,8.44696,1.00,1.00
2017.06.01 16:48:32.175,8.44583,8.44712,1.00,1.00
2017.06.01 16:48:32.429,8.44589,8.44712,1.00,1.00
2017.06.01 16:48:32.778,8.44606,8.44728,1.00,1.00
2017.06.01 16:48:32.882,8.44606,8.44736,1.00,1.00
2017.06.01 16:48:32.933,8.44609,8.44736,1.00,1.00
2017.06.01 16:48:33.237,8.44629,8.44748,1.00,1.00
2017.06.01 16:48:33.452,8.44629,8.44755,1.00,1.00
2017.06.01 16:48:34.206,8.44629,8.4475,1.00,1.00
2017.06.01 16:48:34.464,8.44629,8.44755,1.00,1.00
2017.06.01 16:48:34.566,8.44629,8.44759,1.00,1.00
2017.06.01 16:48:34.618,8.44634,8.44759,1.00,1.00
2017.06.01 16:48:34.720,8.44654,8.44781,1.00,1.00
2017.06.01 16:48:34.824,8.44671,8.44781,1.00,1.00
2017.06.01 16:48:34.875,8.44678,8.44801,1.00,1.00
2017.06.01 16:48:34.927,8.44683,8.44808,1.00,1.00
2017.06.01 16:48:34.979,8.44701,8.44822,1.00,1.00
2017.06.01 16:48:35.914,8.44701,8.44818,1.00,1.00
2017.06.01 16:48:36.062,8.44701,8.44824,1.00,1.00
2017.06.01 16:48:37.462,8.44707,8.4483,1.00,1.00
2017.06.01 16:48:37.564,8.44718,8.44845,1.00,1.00
2017.06.01 16:48:37.666,8.44731,8.44857,1.00,1.00
2017.06.01 16:48:37.984,8.44731,8.44847,1.00,1.00
2017.06.01 16:48:39.151,8.44731,8.44833,1.00,1.00
2017.06.01 16:48:40.031,8.44736,8.44861,1.00,1.00
2017.06.01 16:48:40.082,8.44741,8.44861,1.00,1.00
2017.06.01 16:48:40.272,8.44788,8.44914,1.00,1.00
2017.06.01 16:48:40.323,8.44788,8.44917,1.00,1.00
2017.06.01 16:48:41.479,8.44795,8.44917,1.00,1.00
2017.06.01 16:48:41.784,8.44815,8.44933,1.00,1.00
2017.06.01 16:48:42.431,8.44815,8.44928,1.00,1.00
2017.06.01 16:48:43.313,8.44815,8.44934,1.00,1.00
2017.06.01 16:48:45.479,8.44815,8.44937,1.00,1.00
2017.06.01 16:48:46.135,8.44815,8.44927,1.00,1.00
2017.06.01 16:48:46.478,8.44815,8.44937,1.00,1.00
2017.06.01 16:48:46.790,8.44815,8.44929,1.00,1.00
2017.06.01 16:48:47.785,8.44815,8.44933,1.00,1.00
2017.06.01 16:48:47.950,8.44815,8.44926,1.00,1.00
2017.06.01 16:48:48.332,8.44815,8.44918,1.00,1.00
2017.06.01 16:48:49.433,8.44815,8.4492,1.00,1.00
2017.06.01 16:48:50.819,8.44815,8.4493,1.00,1.00
2017.06.01 16:48:50.921,8.44815,8.44939,1.00,1.00
2017.06.01 16:48:51.135,8.44823,8.44945,1.00,1.00
2017.06.01 16:48:51.534,8.4484,8.4496,1.00,1.00
2017.06.01 16:48:55.997,8.4484,8.44961,1.00,1.00
2017.06.01 16:48:58.391,8.4484,8.44956,1.00,1.00
2017.06.01 16:48:58.544,8.4484,8.44961,1.00,1.00
2017.06.01 16:48:58.711,8.4486,8.44961,1.00,1.00
2017.06.01 16:48:58.918,8.4486,8.44981,1.00,1.00
2017.06.01 16:49:02.258,8.4486,8.44983,1.00,1.00
2017.06.01 16:49:02.414,8.44878,8.44983,1.00,1.00
2017.06.01 16:49:02.650,8.44878,8.44989,1.00,1.00
2017.06.01 16:49:03.464,8.44878,8.45001,1.00,1.00
2017.06.01 16:49:03.515,8.44878,8.45007,1.00,1.00
2017.06.01 16:49:03.617,8.44902,8.45021,1.00,1.00
2017.06.01 16:49:03.668,8.44902,8.45029,1.50,1.00
2017.06.01 16:49:03.719,8.44913,8.45029,1.00,1.00
2017.06.01 16:49:04.023,8.4494,8.45051,1.00,1.00
2017.06.01 16:49:04.673,8.4494,8.45046,1.00,1.00
2017.06.01 16:49:05.862,8.4494,8.45047,1.00,1.00
2017.06.01 16:49:06.814,8.44953,8.45083,1.00,1.00
2017.06.01 16:49:06.916,8.4497,8.45086,1.00,1.00
2017.06.01 16:49:06.966,8.4497,8.45096,1.00,1.00
2017.06.01 16:49:07.816,8.4497,8.45072,1.00,1.00
2017.06.01 16:49:08.019,8.44954,8.4506,1.00,1.00
2017.06.01 16:49:08.121,8.44939,8.4506,1.00,1.00
2017.06.01 16:49:08.225,8.44939,8.45052,1.00,1.00
2017.06.01 16:49:08.818,8.44939,8.45047,1.00,1.00
2017.06.01 16:49:09.117,8.44919,8.45045,1.00,1.00
2017.06.01 16:49:09.168,8.44916,8.45045,1.00,1.00
2017.06.01 16:49:11.674,8.44916,8.45031,1.00,1.00
2017.06.01 16:49:11.827,8.44902,8.45029,1.00,1.00
2017.06.01 16:49:12.547,8.44902,8.45017,1.00,1.00
2017.06.01 16:49:13.512,8.44902,8.4502,1.00,1.00
2017.06.01 16:49:14.473,8.44902,8.45026,1.00,1.00
2017.06.01 16:49:16.901,8.44902,8.45027,1.00,1.00
2017.06.01 16:49:17.520,8.44902,8.45029,1.00,1.00
2017.06.01 16:49:17.572,8.44911,8.45029,1.00,1.00
2017.06.01 16:49:17.744,8.4492,8.4505,1.00,1.50
2017.06.01 16:49:18.532,8.4492,8.4504,1.00,1.00
2017.06.01 16:49:19.545,8.4492,8.45049,1.00,1.00
2017.06.01 16:49:20.612,8.4492,8.45043,1.00,1.00
2017.06.01 16:49:27.838,8.4492,8.45037,1.00,1.00
2017.06.01 16:49:27.990,8.44893,8.45023,1.50,1.00
2017.06.01 16:49:29.916,8.44893,8.45018,1.00,1.00
2017.06.01 16:49:33.572,8.44893,8.4502,1.00,1.00
2017.06.01 16:49:35.606,8.44895,8.45023,1.00,1.00
2017.06.01 16:49:35.758,8.44916,8.45034,1.00,1.00
2017.06.01 16:49:41.087,8.44916,8.45035,1.00,1.00
2017.06.01 16:49:41.853,8.44916,8.45039,1.00,1.00
2017.06.01 16:49:42.814,8.44916,8.45038,1.00,1.00
2017.06.01 16:49:43.032,8.44916,8.45045,1.00,1.00
2017.06.01 16:49:43.134,8.4492,8.45045,1.00,1.00
2017.06.01 16:49:43.185,8.44932,8.45061,1.00,1.00
2017.06.01 16:49:44.531,8.44953,8.45061,1.00,1.00
2017.06.01 16:49:44.582,8.44953,8.45076,1.00,1.00
2017.06.01 16:49:44.684,8.44962,8.45091,1.00,1.50
2017.06.01 16:49:55.756,8.44969,8.45091,1.00,1.00
2017.06.01 16:49:58.893,8.44994,8.45091,1.00,1.00
2017.06.01 16:49:58.995,8.45007,8.45111,1.00,1.00
2017.06.01 16:49:59.046,8.45007,8.45133,1.00,1.00
2017.06.01 16:49:59.859,8.45007,8.45136,1.00,1.00
2017.06.01 16:50:00.303,8.45007,8.45133,1.00,1.00
2017.06.01 16:50:01.328,8.45007,8.45134,1.00,1.00
2017.06.01 16:50:02.064,8.45007,8.4513,1.00,1.00
2017.06.01 16:50:03.678,8.45007,8.45131,1.00,1.00
2017.06.01 16:50:03.783,8.45007,8.45136,1.00,1.00
2017.06.01 16:50:05.868,8.45027,8.45136,1.00,1.00
2017.06.01 16:50:06.020,8.45046,8.45163,1.00,1.00
2017.06.01 16:50:06.951,8.45036,8.45163,1.00,1.00
2017.06.01 16:50:07.103,8.45055,8.45175,1.00,1.00
2017.06.01 16:50:11.162,8.45055,8.45173,1.00,1.00
2017.06.01 16:50:11.213,8.45055,8.45182,1.00,1.00
2017.06.01 16:50:12.587,8.45064,8.45184,1.00,1.00
2017.06.01 16:50:12.739,8.45081,8.45207,1.00,1.00
2017.06.01 16:50:12.942,8.451,8.45218,1.00,1.00
2017.06.01 16:50:13.755,8.451,8.4522,1.00,1.00
2017.06.01 16:50:14.274,8.451,8.4523,1.00,1.50
2017.06.01 16:50:16.515,8.451,8.45219,1.00,1.00
2017.06.01 16:50:16.617,8.451,8.45229,1.00,1.00
2017.06.01 16:50:18.660,8.451,8.45228,1.00,1.00
2017.06.01 16:50:20.555,8.451,8.45212,1.00,1.00
2017.06.01 16:50:20.606,8.451,8.45219,1.00,1.00
2017.06.01 16:50:20.657,8.451,8.452,1.00,1.00
2017.06.01 16:50:20.963,8.45064,8.45161,1.00,1.00
2017.06.01 16:50:21.267,8.45014,8.45138,1.00,1.00
2017.06.01 16:50:21.642,8.45014,8.45142,1.00,1.00
2017.06.01 16:50:21.926,8.45014,8.4513,1.00,1.00
2017.06.01 16:50:22.231,8.45014,8.45121,1.00,1.00
2017.06.01 16:50:22.333,8.44992,8.45121,1.00,1.50
2017.06.01 16:50:22.536,8.44992,8.45112,1.00,1.00
2017.06.01 16:50:22.841,8.44992,8.45092,1.00,1.00
2017.06.01 16:50:22.943,8.44971,8.45092,1.00,1.00
2017.06.01 16:50:23.412,8.44971,8.45072,1.00,1.00
2017.06.01 16:50:23.665,8.44949,8.45072,1.00,1.00
2017.06.01 16:50:23.717,8.44949,8.45062,1.00,1.00
2017.06.01 16:50:25.275,8.44949,8.45067,1.00,1.00
2017.06.01 16:50:26.241,8.44949,8.45065,1.00,1.00
2017.06.01 16:50:27.190,8.44949,8.45076,1.00,1.00
2017.06.01 16:50:28.570,8.44949,8.45079,1.00,1.00
2017.06.01 16:50:30.073,8.44949,8.45077,1.00,1.00
2017.06.01 16:50:31.116,8.44949,8.45074,1.00,1.00
2017.06.01 16:50:31.269,8.44949,8.45077,1.00,1.00
2017.06.01 16:50:32.616,8.44949,8.45054,1.00,1.00
2017.06.01 16:50:32.869,8.4493,8.45044,1.00,1.00
2017.06.01 16:50:33.838,8.4493,8.45041,1.00,1.00
2017.06.01 16:50:34.752,8.4493,8.45035,1.00,1.00
2017.06.01 16:50:34.955,8.44906,8.45035,1.00,1.00
2017.06.01 16:50:35.754,8.44906,8.45033,1.00,1.00
2017.06.01 16:50:41.205,8.44906,8.4503,1.00,1.00
2017.06.01 16:50:43.551,8.44906,8.45028,1.00,1.00
2017.06.01 16:50:48.770,8.44906,8.45023,1.00,1.00
2017.06.01 16:50:51.980,8.44901,8.45023,1.00,1.00
2017.06.01 16:50:55.756,8.44901,8.45019,1.00,1.00
2017.06.01 16:50:56.030,8.44878,8.45005,1.00,1.50
2017.06.01 16:50:57.937,8.44878,8.44995,1.00,1.00
2017.06.01 16:50:58.634,8.44878,8.4497,1.00,1.00
2017.06.01 16:50:58.685,8.44846,8.4497,1.00,1.00
2017.06.01 16:50:58.989,8.44846,8.44961,1.00,1.00
2017.06.01 16:51:02.331,8.44846,8.44955,1.00,1.00
2017.06.01 16:51:02.433,8.44826,8.44955,1.00,1.50
2017.06.01 16:51:05.563,8.44831,8.44955,1.00,1.00
2017.06.01 16:51:05.615,8.44841,8.4497,1.00,1.50
2017.06.01 16:51:07.242,8.44862,8.44972,1.00,1.00
2017.06.01 16:51:07.394,8.44833,8.44961,1.00,1.00
2017.06.01 16:51:07.496,8.44849,8.44972,1.00,1.00
2017.06.01 16:51:10.711,8.44849,8.44962,1.00,1.00
2017.06.01 16:51:12.003,8.44832,8.44959,1.00,1.00
2017.06.01 16:51:13.658,8.44832,8.44954,1.00,1.00
2017.06.01 16:51:14.661,8.44832,8.44952,1.00,1.00
2017.06.01 16:51:18.282,8.44832,8.44948,1.00,1.00
2017.06.01 16:51:19.233,8.44832,8.44947,1.00,1.00
2017.06.01 16:51:21.175,8.44832,8.44948,1.00,1.00
2017.06.01 16:51:23.100,8.44832,8.44942,1.00,1.00
2017.06.01 16:51:23.253,8.44817,8.44935,1.00,1.00
2017.06.01 16:51:23.363,8.44817,8.44935,1.00,1.60
2017.06.01 16:51:23.668,8.44793,8.44866,1.00,1.00
2017.06.01 16:51:23.718,8.448,8.44929,1.00,1.00
2017.06.01 16:51:24.222,8.44828,8.44932,1.00,1.00
2017.06.01 16:51:24.527,8.449,8.4503,1.00,1.00
2017.06.01 16:51:24.628,8.44924,8.45041,1.00,1.00
2017.06.01 16:51:24.970,8.44924,8.45039,1.00,1.00
2017.06.01 16:51:28.642,8.44924,8.45037,1.00,1.00
2017.06.01 16:51:28.795,8.44924,8.45048,1.00,1.00
2017.06.01 16:51:29.727,8.44924,8.45047,1.00,1.00
2017.06.01 16:51:30.485,8.44924,8.4503,1.00,1.00
2017.06.01 16:51:30.536,8.44907,8.45036,1.00,1.00
2017.06.01 16:51:30.638,8.44898,8.45021,1.00,1.00
2017.06.01 16:51:31.137,8.44907,8.45036,1.00,1.00
2017.06.01 16:51:34.308,8.44907,8.45031,1.00,1.00
2017.06.01 16:51:34.359,8.44882,8.45011,1.00,1.00
2017.06.01 16:51:51.990,8.44883,8.45012,1.00,1.00
2017.06.01 16:52:02.088,8.44886,8.45012,1.00,1.00
2017.06.01 16:52:03.870,8.44887,8.45012,1.00,1.00
2017.06.01 16:52:04.581,8.44895,8.45012,1.00,1.00
2017.06.01 16:52:04.826,8.44905,8.45034,1.00,1.00
2017.06.01 16:52:05.592,8.44905,8.45031,1.00,1.00
2017.06.01 16:52:06.543,8.44905,8.45034,1.00,1.00
2017.06.01 16:52:08.267,8.44905,8.45035,1.00,1.00
2017.06.01 16:52:09.412,8.44905,8.45028,1.00,1.00
2017.06.01 16:52:10.407,8.44905,8.45021,1.00,1.00
2017.06.01 16:52:11.429,8.44905,8.4502,1.00,1.00
2017.06.01 16:52:12.248,8.44905,8.45014,1.00,1.00
2017.06.01 16:52:13.643,8.44883,8.45013,1.00,1.00
2017.06.01 16:52:15.134,8.44883,8.44997,1.00,1.00
2017.06.01 16:52:15.235,8.44868,8.44997,1.00,1.00
2017.06.01 16:52:16.093,8.44868,8.44994,1.00,1.00
2017.06.01 16:52:16.144,8.44868,8.44998,1.00,1.00
2017.06.01 16:52:17.115,8.44871,8.44998,1.00,1.00
2017.06.01 16:52:18.321,8.44875,8.44998,1.00,1.00
2017.06.01 16:52:18.628,8.4488,8.44998,1.00,1.00
2017.06.01 16:52:19.580,8.44876,8.44998,1.00,1.00
2017.06.01 16:52:25.078,8.44879,8.44998,1.00,1.00
2017.06.01 16:52:26.855,8.44874,8.44998,1.00,1.00
2017.06.01 16:52:26.957,8.44892,8.45012,1.00,1.00
2017.06.01 16:52:33.760,8.44892,8.45016,1.00,1.00
2017.06.01 16:52:33.912,8.44892,8.45019,1.00,1.00
2017.06.01 16:52:35.587,8.44907,8.45029,1.00,1.00
2017.06.01 16:52:37.842,8.44907,8.45022,1.00,1.00
2017.06.01 16:52:38.846,8.44907,8.45025,1.00,1.00
2017.06.01 16:52:40.344,8.44907,8.45027,1.00,1.00
2017.06.01 16:52:40.990,8.44907,8.45019,1.00,1.00
2017.06.01 16:52:41.941,8.44907,8.45022,1.00,1.00
2017.06.01 16:52:47.246,8.44907,8.45016,1.00,1.00
2017.06.01 16:52:47.409,8.44886,8.45013,1.00,1.00
2017.06.01 16:52:51.721,8.44898,8.45013,1.00,1.00
2017.06.01 16:52:51.823,8.449,8.45029,1.00,1.00
2017.06.01 16:52:51.924,8.44916,8.45036,1.00,1.00
2017.06.01 16:52:52.550,8.44916,8.45043,1.00,1.00
2017.06.01 16:52:53.119,8.44916,8.45037,1.00,1.00
2017.06.01 16:52:53.688,8.44916,8.45043,1.00,1.00
2017.06.01 16:52:54.120,8.44916,8.45036,1.00,1.00
2017.06.01 16:52:55.152,8.44916,8.45042,1.00,1.00
2017.06.01 16:52:56.299,8.44916,8.45037,1.00,1.00
2017.06.01 16:52:57.132,8.44916,8.45023,1.00,1.00
2017.06.01 16:52:57.335,8.44884,8.45013,1.00,1.00
2017.06.01 16:52:57.437,8.44899,8.45016,1.00,1.00
2017.06.01 16:52:57.946,8.44899,8.45026,1.00,1.00
2017.06.01 16:52:59.321,8.44899,8.45014,1.00,1.00
2017.06.01 16:52:59.423,8.44884,8.45013,1.00,1.00
2017.06.01 16:52:59.725,8.44884,8.45004,1.00,1.00
2017.06.01 16:52:59.929,8.44861,8.44991,1.00,1.00
2017.06.01 16:53:04.262,8.44865,8.44991,1.00,1.00
2017.06.01 16:53:05.222,8.44861,8.44991,1.50,1.00
2017.06.01 16:53:06.336,8.44863,8.44991,1.00,1.00
2017.06.01 16:53:06.713,8.44869,8.44991,1.00,1.00
2017.06.01 16:53:06.863,8.44876,8.45005,1.00,1.00
2017.06.01 16:53:07.388,8.44876,8.45002,1.00,1.00
2017.06.01 16:53:08.415,8.44876,8.44993,1.00,1.00
2017.06.01 16:53:08.633,8.44861,8.44991,1.00,1.00
2017.06.01 16:53:09.409,8.44861,8.44989,1.00,1.00
2017.06.01 16:53:10.288,8.44866,8.44991,1.00,1.00
2017.06.01 16:53:11.141,8.44862,8.44991,1.00,1.00
2017.06.01 16:53:13.850,8.44863,8.44991,1.00,1.00
2017.06.01 16:53:20.577,8.44867,8.44991,1.00,1.00
2017.06.01 16:53:22.139,8.44876,8.44991,1.00,1.00
2017.06.01 16:53:22.241,8.44886,8.45015,1.00,1.00
2017.06.01 16:53:22.684,8.44891,8.45015,1.00,1.00
2017.06.01 16:53:23.004,8.44908,8.45038,1.00,1.00
2017.06.01 16:53:24.045,8.44908,8.45031,1.00,1.00
2017.06.01 16:53:24.197,8.44895,8.45023,1.00,1.00
2017.06.01 16:53:25.020,8.44897,8.45023,1.00,1.00
2017.06.01 16:53:26.666,8.44895,8.45023,1.00,1.00
2017.06.01 16:53:29.803,8.44899,8.45023,1.00,1.00
2017.06.01 16:53:29.967,8.44908,8.45038,1.00,1.00
2017.06.01 16:53:30.183,8.44908,8.45036,1.00,1.00
2017.06.01 16:53:31.103,8.44908,8.45037,1.00,1.00
2017.06.01 16:53:31.517,8.44908,8.45029,1.00,1.00
2017.06.01 16:53:32.093,8.44908,8.45033,1.00,1.00
2017.06.01 16:53:33.873,8.44908,8.45028,1.00,1.00
2017.06.01 16:53:34.826,8.44908,8.45029,1.00,1.00
2017.06.01 16:53:36.396,8.44908,8.4503,1.00,1.00
2017.06.01 16:53:38.006,8.44908,8.45038,1.00,1.00
2017.06.01 16:53:38.170,8.44923,8.45044,1.00,1.00
2017.06.01 16:53:38.989,8.44923,8.45049,1.00,1.00
2017.06.01 16:53:42.567,8.44923,8.45052,1.00,1.50
2017.06.01 16:53:43.103,8.44923,8.45045,1.00,1.00
2017.06.01 16:53:43.422,8.44886,8.45015,1.00,1.00
2017.06.01 16:53:44.229,8.44885,8.45015,1.50,1.00
2017.06.01 16:54:00.650,8.44873,8.45003,1.00,1.00
2017.06.01 16:54:02.074,8.44873,8.44997,1.00,1.00
2017.06.01 16:54:02.665,8.44874,8.44997,1.00,1.00
2017.06.01 16:54:04.109,8.44874,8.44998,1.00,1.00
2017.06.01 16:54:04.661,8.44874,8.44989,1.00,1.00
2017.06.01 16:54:04.763,8.44859,8.44987,1.00,1.00
2017.06.01 16:54:04.864,8.44864,8.44987,1.00,1.00
2017.06.01 16:54:05.825,8.44863,8.44987,1.00,1.00
2017.06.01 16:54:06.827,8.44861,8.44987,1.00,1.00
2017.06.01 16:54:07.829,8.44864,8.44987,1.00,1.00
2017.06.01 16:54:08.833,8.44866,8.44987,1.00,1.00
2017.06.01 16:54:09.722,8.44861,8.44987,1.00,1.00
2017.06.01 16:54:09.863,8.4489,8.44987,1.00,1.00
2017.06.01 16:54:09.966,8.44903,8.45021,1.00,1.00
2017.06.01 16:54:10.017,8.44947,8.45021,1.00,1.00
2017.06.01 16:54:10.170,8.44956,8.45062,1.00,1.00
2017.06.01 16:54:10.272,8.44967,8.45095,1.00,1.00
2017.06.01 16:54:11.027,8.44967,8.45088,1.00,1.00
2017.06.01 16:54:11.281,8.44945,8.45074,1.00,1.00
2017.06.01 16:54:11.789,8.44945,8.45073,1.00,1.00
2017.06.01 16:54:12.094,8.44945,8.45068,1.00,1.00
2017.06.01 16:54:12.404,8.44935,8.45052,1.00,1.00
2017.06.01 16:54:12.556,8.4493,8.45052,1.00,1.00
2017.06.01 16:54:13.828,8.44925,8.45052,1.00,1.00
2017.06.01 16:54:13.981,8.44923,8.45052,1.00,1.00
2017.06.01 16:54:15.932,8.44925,8.45052,1.00,1.00
2017.06.01 16:54:19.381,8.44923,8.45052,1.00,1.00
2017.06.01 16:54:19.432,8.44923,8.45043,1.00,1.00
2017.06.01 16:54:19.585,8.44908,8.45031,1.00,1.00
2017.06.01 16:54:19.687,8.44893,8.45013,1.00,1.00
2017.06.01 16:54:20.516,8.44896,8.45013,1.00,1.00
2017.06.01 16:54:20.770,8.44904,8.45029,1.00,1.00
2017.06.01 16:54:20.872,8.44904,8.45029,1.00,1.60
2017.06.01 16:54:21.024,8.44882,8.45011,1.00,1.00
2017.06.01 16:54:21.178,8.44857,8.44986,1.00,1.00
2017.06.01 16:54:21.483,8.44888,8.45018,1.00,1.50
2017.06.01 16:54:23.122,8.4489,8.45018,1.00,1.00
2017.06.01 16:54:23.980,8.44889,8.45018,1.00,1.00
2017.06.01 16:54:24.629,8.449,8.45018,1.00,1.00
2017.06.01 16:54:24.883,8.44919,8.45041,1.00,1.00
2017.06.01 16:54:24.985,8.44956,8.45061,1.00,1.00
2017.06.01 16:54:25.291,8.44972,8.45075,1.00,1.00
2017.06.01 16:54:25.393,8.44972,8.45098,1.00,1.00
2017.06.01 16:54:25.596,8.44993,8.45122,1.50,1.00
2017.06.01 16:54:25.697,8.45013,8.45132,1.00,1.00
2017.06.01 16:54:26.024,8.45013,8.45143,1.00,1.00
2017.06.01 16:54:26.126,8.45021,8.45143,1.00,1.00
2017.06.01 16:54:26.280,8.45042,8.45171,1.50,1.00
2017.06.01 16:54:26.382,8.45055,8.4518,1.00,1.00
2017.06.01 16:54:26.483,8.45055,8.45185,1.00,1.00
2017.06.01 16:54:26.819,8.45072,8.45185,1.00,1.00
2017.06.01 16:54:27.022,8.4508,8.45209,1.00,1.00
2017.06.01 16:54:27.128,8.45082,8.45209,1.00,1.00
2017.06.01 16:54:28.035,8.45114,8.45209,1.00,1.00
2017.06.01 16:54:28.086,8.45126,8.45239,1.00,1.00
2017.06.01 16:54:28.137,8.4514,8.45239,1.00,1.00
2017.06.01 16:54:28.290,8.45149,8.45278,1.00,1.00
2017.06.01 16:54:28.686,8.45159,8.45278,1.00,1.00
2017.06.01 16:54:28.819,8.45164,8.45293,1.00,1.00
2017.06.01 16:54:29.131,8.45169,8.45293,1.00,1.00
2017.06.01 16:54:29.509,8.45179,8.45293,1.00,1.00
2017.06.01 16:54:29.611,8.45186,8.45316,1.00,1.00
2017.06.01 16:54:30.002,8.45188,8.45316,1.00,1.00
2017.06.01 16:54:30.428,8.45202,8.4533,1.00,1.00
2017.06.01 16:54:31.475,8.45204,8.4533,1.00,1.00
2017.06.01 16:54:31.801,8.45214,8.4533,1.00,1.00
2017.06.01 16:54:32.037,8.45218,8.45345,1.00,1.00
2017.06.01 16:54:32.089,8.45222,8.45345,1.00,1.00
2017.06.01 16:54:32.393,8.45286,8.45385,1.00,1.00
2017.06.01 16:54:32.495,8.45297,8.45423,1.00,1.00
2017.06.01 16:54:32.807,8.45298,8.45427,1.00,1.00
2017.06.01 16:54:32.909,8.45311,8.45437,1.00,1.00
2017.06.01 16:54:33.279,8.45311,8.4544,1.00,1.00
2017.06.01 16:54:33.787,8.45314,8.4544,1.00,1.00
2017.06.01 16:54:34.169,8.45321,8.4544,1.00,1.00
2017.06.01 16:54:34.717,8.45344,8.4544,1.00,1.00
2017.06.01 16:54:34.920,8.45386,8.45486,1.00,1.00
2017.06.01 16:54:35.022,8.45388,8.45516,1.00,1.00
2017.06.01 16:54:35.915,8.4539,8.45516,1.00,1.00
2017.06.01 16:54:36.617,8.45417,8.45516,1.00,1.00
2017.06.01 16:54:36.719,8.45417,8.45537,1.00,1.00
2017.06.01 16:54:37.614,8.4542,8.45537,1.00,1.00
2017.06.01 16:54:38.623,8.45421,8.45537,1.00,1.00
2017.06.01 16:54:38.674,8.4541,8.45537,1.00,1.00
2017.06.01 16:54:39.561,8.45432,8.45537,1.00,1.00
2017.06.01 16:54:39.865,8.45422,8.45528,1.00,1.60
2017.06.01 16:54:39.916,8.4539,8.45508,1.00,1.00
2017.06.01 16:54:40.181,8.45407,8.45508,1.00,1.00
2017.06.01 16:54:40.851,8.454,8.45529,1.00,1.00
2017.06.01 16:54:40.902,8.454,8.45525,1.00,1.00
2017.06.01 16:54:40.953,8.45386,8.45512,1.00,1.00
2017.06.01 16:54:41.155,8.45383,8.45512,1.00,1.00
2017.06.01 16:54:41.206,8.45383,8.45505,1.00,1.60
2017.06.01 16:54:41.308,8.45356,8.45486,1.00,1.00
2017.06.01 16:54:41.511,8.45356,8.45473,1.00,1.00
2017.06.01 16:54:41.613,8.45332,8.45457,1.00,1.00
2017.06.01 16:54:41.664,8.45332,8.45442,1.00,1.00
2017.06.01 16:54:41.817,8.45293,8.45421,1.00,1.00
2017.06.01 16:54:41.918,8.4527,8.45397,1.00,1.00
2017.06.01 16:54:42.225,8.45246,8.4537,1.00,1.00
2017.06.01 16:54:42.529,8.45231,8.45354,1.00,1.00
2017.06.01 16:54:42.580,8.45225,8.45353,1.00,1.00
2017.06.01 16:54:42.732,8.45204,8.45333,1.00,1.00
2017.06.01 16:54:42.783,8.45204,8.45318,1.00,1.00
2017.06.01 16:54:43.037,8.45146,8.45275,1.00,1.00
2017.06.01 16:54:43.392,8.45146,8.4526,1.00,1.00
2017.06.01 16:54:43.545,8.45124,8.45252,1.00,1.00
2017.06.01 16:54:44.317,8.45124,8.45251,1.00,1.00
2017.06.01 16:54:44.523,8.45102,8.45231,1.00,1.00
2017.06.01 16:54:49.211,8.45102,8.45227,1.00,1.00
2017.06.01 16:54:49.614,8.45102,8.45217,1.00,1.00
2017.06.01 16:54:49.665,8.45076,8.45204,1.00,1.00
2017.06.01 16:54:50.062,8.45076,8.45202,1.00,1.00
2017.06.01 16:54:50.563,8.45076,8.45204,1.00,1.00
2017.06.01 16:54:51.992,8.4508,8.45204,1.00,1.00
2017.06.01 16:54:52.168,8.45098,8.45227,1.00,1.00
2017.06.01 16:54:53.050,8.45103,8.45227,1.00,1.00
2017.06.01 16:54:56.379,8.45098,8.45227,1.50,1.00
2017.06.01 16:54:56.495,8.45103,8.45227,1.00,1.00
2017.06.01 16:54:59.108,8.45111,8.45227,1.00,1.00
2017.06.01 16:54:59.159,8.45106,8.45227,1.00,1.00
2017.06.01 16:55:00.704,8.45098,8.45227,1.50,1.00
2017.06.01 16:55:00.857,8.45098,8.45212,1.00,1.00
2017.06.01 16:55:01.010,8.45088,8.45212,1.00,1.00
2017.06.01 16:55:01.391,8.45099,8.45212,1.00,1.00
2017.06.01 16:55:01.613,8.45099,8.45227,1.00,1.00
2017.06.01 16:55:02.350,8.45103,8.45227,1.00,1.00
2017.06.01 16:55:03.740,8.45107,8.45227,1.00,1.00
2017.06.01 16:55:03.917,8.45097,8.45227,1.50,1.00
2017.06.01 16:55:04.844,8.45097,8.45218,1.00,1.00
2017.06.01 16:55:06.231,8.45097,8.45214,1.00,1.00
2017.06.01 16:55:07.216,8.45097,8.45224,1.00,1.00
2017.06.01 16:55:08.189,8.45097,8.4522,1.00,1.00
2017.06.01 16:55:10.310,8.45097,8.45225,1.00,1.00
2017.06.01 16:55:10.361,8.45097,8.45227,1.00,1.00
2017.06.01 16:55:10.746,8.45097,8.45221,1.00,1.00
2017.06.01 16:55:11.082,8.45127,8.45256,1.00,1.00
2017.06.01 16:55:11.184,8.45142,8.45264,1.00,1.00
2017.06.01 16:55:11.387,8.45142,8.45271,1.00,1.00
2017.06.01 16:55:11.489,8.45149,8.45271,1.00,1.00
2017.06.01 16:55:11.915,8.45165,8.45285,1.00,1.00
2017.06.01 16:55:11.966,8.45165,8.45294,1.00,1.00
2017.06.01 16:55:12.017,8.45167,8.45294,1.00,1.00
2017.06.01 16:55:14.009,8.45165,8.45294,1.00,1.00
2017.06.01 16:55:16.838,8.45165,8.45288,1.00,1.00
2017.06.01 16:55:17.797,8.45165,8.45284,1.00,1.00
2017.06.01 16:55:19.309,8.45165,8.45285,1.00,1.00
2017.06.01 16:55:19.492,8.45165,8.4529,1.00,1.00
2017.06.01 16:55:20.303,8.45165,8.45284,1.00,1.00
2017.06.01 16:55:21.311,8.45165,8.4528,1.00,1.00
2017.06.01 16:55:21.514,8.45165,8.45294,1.00,1.00
2017.06.01 16:55:21.565,8.45165,8.45294,1.75,1.00
2017.06.01 16:55:21.616,8.45192,8.45294,1.00,1.00
2017.06.01 16:55:21.717,8.45195,8.45322,1.00,1.00
2017.06.01 16:55:29.451,8.45195,8.45319,1.00,1.00
2017.06.01 16:55:36.637,8.45195,8.45316,1.00,1.00
2017.06.01 16:55:37.599,8.45195,8.45299,1.00,1.00
2017.06.01 16:55:37.702,8.4516,8.45286,1.00,1.00
2017.06.01 16:55:38.584,8.45158,8.45286,1.00,1.00
2017.06.01 16:55:46.248,8.45158,8.45284,1.00,1.00
2017.06.01 16:55:47.512,8.45158,8.45271,1.00,1.00
2017.06.01 16:55:47.563,8.45137,8.45267,1.00,1.00
2017.06.01 16:55:49.320,8.45137,8.45266,1.00,1.00
2017.06.01 16:55:51.666,8.45137,8.45267,1.00,1.50
2017.06.01 16:55:53.499,8.45137,8.45261,1.00,1.00
2017.06.01 16:55:56.835,8.45137,8.4526,1.00,1.00
2017.06.01 16:56:01.478,8.45137,8.45267,1.00,1.50
2017.06.01 16:56:02.314,8.45137,8.45262,1.00,1.00
2017.06.01 16:56:04.398,8.45137,8.45261,1.00,1.00
2017.06.01 16:56:05.292,8.45123,8.45252,1.50,1.00
2017.06.01 16:56:05.451,8.45123,8.45247,1.00,1.00
2017.06.01 16:56:05.668,8.45102,8.4523,1.00,1.00
2017.06.01 16:56:06.029,8.45102,8.45227,1.00,1.00
2017.06.01 16:56:06.445,8.45086,8.45207,1.00,1.00
2017.06.01 16:56:06.800,8.45084,8.45207,1.00,1.00
2017.06.01 16:56:08.431,8.45078,8.45207,1.00,1.00
2017.06.01 16:56:09.359,8.45063,8.45192,1.00,1.00
2017.06.01 16:56:13.899,8.45076,8.45192,1.00,1.00
2017.06.01 16:56:14.101,8.451,8.45229,1.00,1.00
2017.06.01 16:56:15.882,8.4508,8.45206,1.00,1.00
2017.06.01 16:56:15.938,8.45077,8.45206,1.00,1.00
2017.06.01 16:56:18.923,8.45057,8.4518,1.00,1.00
2017.06.01 16:56:18.975,8.45052,8.4518,1.00,1.00
2017.06.01 16:56:19.026,8.45036,8.45158,1.00,1.00
2017.06.01 16:56:19.225,8.45045,8.45172,1.00,1.00
2017.06.01 16:56:24.280,8.45052,8.45172,1.00,1.00
2017.06.01 16:56:24.353,8.45046,8.45172,1.00,1.00
2017.06.01 16:56:27.067,8.45045,8.45172,1.00,1.00
2017.06.01 16:56:44.065,8.45046,8.45175,1.00,1.60
2017.06.01 16:56:44.116,8.45046,8.45175,1.00,1.60
2017.06.01 16:56:44.167,8.45027,8.45153,1.00,1.00
2017.06.01 16:56:44.218,8.45026,8.45139,1.00,1.00
2017.06.01 16:56:44.525,8.45026,8.45129,1.00,1.00
2017.06.01 16:56:49.487,8.45026,8.45139,1.00,1.00
2017.06.01 16:56:50.489,8.45026,8.45138,1.00,1.00
2017.06.01 16:56:51.836,8.45026,8.45137,1.00,1.00
2017.06.01 16:56:52.086,8.45026,8.45127,1.00,1.00
2017.06.01 16:56:52.188,8.45005,8.45121,1.00,1.00
2017.06.01 16:56:52.240,8.44992,8.45115,1.00,1.00
2017.06.01 16:56:52.566,8.44992,8.45121,1.00,1.00
2017.06.01 16:56:53.206,8.44998,8.45121,1.00,1.00
2017.06.01 16:56:56.976,8.45001,8.45121,1.00,1.00
2017.06.01 16:56:57.561,8.44992,8.45121,1.50,1.00
2017.06.01 16:56:59.349,8.44997,8.45121,1.00,1.00
2017.06.01 16:57:01.109,8.45009,8.45121,1.00,1.00
2017.06.01 16:57:01.160,8.45002,8.45121,1.00,1.00
2017.06.01 16:57:01.211,8.45008,8.45135,1.00,1.00
2017.06.01 16:57:01.939,8.45008,8.45128,1.00,1.00
2017.06.01 16:57:01.990,8.44992,8.45121,1.00,1.00
2017.06.01 16:57:03.013,8.44992,8.45113,1.00,1.00
2017.06.01 16:57:03.118,8.44975,8.45098,1.00,1.00
2017.06.01 16:57:06.343,8.44971,8.45098,1.00,1.00
2017.06.01 16:57:07.294,8.44973,8.45098,1.00,1.00
2017.06.01 16:57:09.156,8.44976,8.45098,1.00,1.00
2017.06.01 16:57:11.120,8.44969,8.45098,1.50,1.00
2017.06.01 16:57:11.796,8.44974,8.45098,1.00,1.00
2017.06.01 16:57:11.847,8.44982,8.45112,1.00,1.00
2017.06.01 16:57:13.642,8.44991,8.45112,1.00,1.00
2017.06.01 16:57:13.845,8.44997,8.45121,1.00,1.00
2017.06.01 16:57:14.742,8.44997,8.45117,1.00,1.00
2017.06.01 16:57:15.716,8.44997,8.45121,1.00,1.00
2017.06.01 16:57:17.675,8.44997,8.45116,1.00,1.00
2017.06.01 16:57:21.846,8.44997,8.45118,1.00,1.00
2017.06.01 16:57:26.355,8.44997,8.45114,1.00,1.00
2017.06.01 16:57:27.443,8.44997,8.45116,1.00,1.00
2017.06.01 16:57:29.361,8.44997,8.45117,1.00,1.00
2017.06.01 16:57:30.388,8.44997,8.45121,1.00,1.00
2017.06.01 16:57:32.004,8.44987,8.45116,1.00,1.00
2017.06.01 16:57:32.573,8.4499,8.45116,1.00,1.00
2017.06.01 16:57:32.877,8.45001,8.45116,1.00,1.00
2017.06.01 16:57:33.456,8.44993,8.45116,1.00,1.00
2017.06.01 16:57:35.334,8.45002,8.45116,1.00,1.00
2017.06.01 16:57:35.386,8.4501,8.45139,1.00,1.00
2017.06.01 16:57:35.437,8.4501,8.45135,1.00,1.00
2017.06.01 16:57:35.489,8.4501,8.45139,1.00,1.00
2017.06.01 16:57:35.540,8.45015,8.45139,1.00,1.00
2017.06.01 16:57:35.700,8.45027,8.45154,1.00,1.00
2017.06.01 16:57:36.649,8.45025,8.45154,1.50,1.00
2017.06.01 16:57:49.129,8.45043,8.45154,1.00,1.00
2017.06.01 16:57:49.231,8.45047,8.45177,1.00,1.00
2017.06.01 16:57:51.956,8.45048,8.45177,1.00,1.00
2017.06.01 16:57:54.098,8.4505,8.45177,1.00,1.00
2017.06.01 16:57:54.376,8.45047,8.45177,1.00,1.00
2017.06.01 16:57:55.091,8.45047,8.45175,1.00,1.00
2017.06.01 16:57:55.547,8.45047,8.4517,1.00,1.00
2017.06.01 16:57:59.420,8.45047,8.45171,1.00,1.00
2017.06.01 16:57:59.821,8.45047,8.45165,1.00,1.00
2017.06.01 16:58:00.646,8.45048,8.45177,1.00,1.00
2017.06.01 16:58:01.209,8.45047,8.45177,1.00,1.00
2017.06.01 16:58:03.128,8.45049,8.45177,1.00,1.00
2017.06.01 16:58:05.099,8.45072,8.45194,1.00,1.00
2017.06.01 16:58:05.155,8.45067,8.45194,1.00,1.00
2017.06.01 16:58:05.207,8.45081,8.45204,1.00,1.00
2017.06.01 16:58:05.258,8.45081,8.4521,1.00,1.00
2017.06.01 16:58:06.132,8.45083,8.4521,1.00,1.00
2017.06.01 16:58:07.089,8.45082,8.4521,1.00,1.00
2017.06.01 16:58:10.251,8.45102,8.4521,1.00,1.00
2017.06.01 16:58:10.404,8.45105,8.45232,1.00,1.00
2017.06.01 16:58:11.219,8.45106,8.45232,1.00,1.00
2017.06.01 16:58:11.590,8.45091,8.45217,1.00,1.00
2017.06.01 16:58:12.264,8.45089,8.45217,1.00,1.00
2017.06.01 16:58:13.829,8.45092,8.45217,1.00,1.00
2017.06.01 16:58:14.450,8.45089,8.45217,1.00,1.00
2017.06.01 16:58:16.012,8.45089,8.45206,1.00,1.00
2017.06.01 16:58:16.114,8.45068,8.45197,1.00,1.00
2017.06.01 16:58:16.988,8.45067,8.45197,1.00,1.00
2017.06.01 16:58:18.024,8.45067,8.45193,1.00,1.00
2017.06.01 16:58:18.125,8.45054,8.45181,1.00,1.00
2017.06.01 16:58:18.339,8.45052,8.45181,1.00,1.00
2017.06.01 16:58:24.141,8.45054,8.45181,1.00,1.00
2017.06.01 16:58:24.192,8.45052,8.45181,1.00,1.00
2017.06.01 16:58:25.010,8.45037,8.45166,1.00,1.00
2017.06.01 16:58:25.384,8.45037,8.45164,1.00,1.00
2017.06.01 16:58:26.926,8.45037,8.4516,1.00,1.00
2017.06.01 16:58:27.028,8.45016,8.45143,1.00,1.00
2017.06.01 16:58:27.912,8.45015,8.45143,1.00,1.00
2017.06.01 16:58:28.900,8.45021,8.45143,1.00,1.00
2017.06.01 16:58:29.902,8.45019,8.45143,1.00,1.00
2017.06.01 16:58:30.237,8.45029,8.45156,1.00,1.00
2017.06.01 16:58:30.905,8.45029,8.45159,1.00,1.00
2017.06.01 16:58:33.177,8.45036,8.45159,1.00,1.00
2017.06.01 16:58:33.279,8.45029,8.45159,1.00,1.00
2017.06.01 16:58:36.128,8.45044,8.45159,1.00,1.00
2017.06.01 16:58:36.179,8.45038,8.45159,1.00,1.00
2017.06.01 16:58:37.176,8.45041,8.45159,1.00,1.00
2017.06.01 16:58:41.397,8.45052,8.45159,1.00,1.00
2017.06.01 16:58:41.447,8.45052,8.45178,1.00,1.00
2017.06.01 16:58:42.419,8.45055,8.45178,1.00,1.00
2017.06.01 16:58:46.006,8.45051,8.45178,1.00,1.00
2017.06.01 16:58:47.006,8.45049,8.45178,1.00,1.00
2017.06.01 16:58:47.057,8.45062,8.45178,1.00,1.00
2017.06.01 16:58:47.344,8.45075,8.45193,1.00,1.00
2017.06.01 16:58:47.446,8.45084,8.45208,1.00,1.00
2017.06.01 16:58:48.267,8.45087,8.45208,1.00,1.00
2017.06.01 16:58:49.555,8.45082,8.45208,1.00,1.00
2017.06.01 16:58:49.606,8.45079,8.45208,1.00,1.00
2017.06.01 16:58:49.759,8.45077,8.45192,1.00,1.00
2017.06.01 16:58:50.132,8.45087,8.45192,1.00,1.00
2017.06.01 16:58:50.183,8.45087,8.45208,1.00,1.00
2017.06.01 16:58:50.336,8.45097,8.45208,1.00,1.00
2017.06.01 16:58:51.349,8.45093,8.45208,1.00,1.00
2017.06.01 16:58:52.227,8.45099,8.45208,1.00,1.00
2017.06.01 16:58:52.386,8.45099,8.45228,1.00,1.00
2017.06.01 16:58:53.646,8.45098,8.45228,1.00,1.00
2017.06.01 16:58:55.812,8.45101,8.45228,1.00,1.00
2017.06.01 16:58:56.645,8.45098,8.45228,1.00,1.00
2017.06.01 16:58:58.601,8.45098,8.45223,1.00,1.00
2017.06.01 16:58:59.603,8.45098,8.45226,1.00,1.00
2017.06.01 16:59:00.412,8.45098,8.45228,1.00,1.00
2017.06.01 16:59:01.134,8.45108,8.45228,1.00,1.00
2017.06.01 16:59:01.265,8.45098,8.45228,1.00,1.00
2017.06.01 16:59:04.168,8.45098,8.45211,1.00,1.00
2017.06.01 16:59:04.219,8.45072,8.45197,1.00,1.00
2017.06.01 16:59:04.422,8.45079,8.45197,1.00,1.00
2017.06.01 16:59:04.887,8.45091,8.4522,1.00,1.00
2017.06.01 16:59:05.148,8.45098,8.4522,1.00,1.00
2017.06.01 16:59:05.875,8.45093,8.4522,1.00,1.00
2017.06.01 16:59:07.104,8.45095,8.4522,1.00,1.00
2017.06.01 16:59:07.949,8.45091,8.4522,1.00,1.00
2017.06.01 16:59:09.727,8.45083,8.45205,1.00,1.00
2017.06.01 16:59:09.839,8.45076,8.45205,1.00,1.00
2017.06.01 16:59:10.421,8.45091,8.4522,1.00,1.00
2017.06.01 16:59:12.203,8.45081,8.45194,1.00,1.00
2017.06.01 16:59:12.406,8.45099,8.45218,1.00,1.00
2017.06.01 16:59:12.457,8.45091,8.45218,1.00,1.00
2017.06.01 16:59:12.508,8.45105,8.45229,1.00,1.00
2017.06.01 16:59:12.711,8.4509,8.45219,1.50,1.00
2017.06.01 16:59:18.001,8.45082,8.45204,1.00,1.00
2017.06.01 16:59:18.596,8.45075,8.45204,1.00,1.00
2017.06.01 16:59:18.698,8.45075,8.45196,1.00,1.00
2017.06.01 16:59:18.953,8.4506,8.45189,1.00,1.00
2017.06.01 16:59:20.489,8.45068,8.45189,1.00,1.00
2017.06.01 16:59:20.540,8.4506,8.45189,1.50,1.00
2017.06.01 16:59:23.132,8.45068,8.45189,1.00,1.00
2017.06.01 16:59:23.234,8.45075,8.45204,1.00,1.00
2017.06.01 16:59:24.129,8.45075,8.45202,1.00,1.00
2017.06.01 16:59:24.430,8.45075,8.45204,1.00,1.00
2017.06.01 16:59:26.139,8.45075,8.45193,1.00,1.00
2017.06.01 16:59:26.241,8.4506,8.45189,1.00,1.00
2017.06.01 16:59:29.648,8.45061,8.45189,1.00,1.00
2017.06.01 16:59:31.131,8.45068,8.45189,1.00,1.00
2017.06.01 16:59:31.183,8.45062,8.45189,1.00,1.00
2017.06.01 16:59:31.465,8.45062,8.45173,1.00,1.00
2017.06.01 16:59:32.209,8.45058,8.45173,1.00,1.00
2017.06.01 16:59:32.383,8.45053,8.45173,1.00,1.00
2017.06.01 16:59:32.434,8.45061,8.45173,1.00,1.00
2017.06.01 16:59:32.536,8.45069,8.45198,1.00,1.00
2017.06.01 16:59:33.389,8.45069,8.45194,1.00,1.00
2017.06.01 16:59:35.089,8.45069,8.45198,1.00,1.00
2017.06.01 16:59:36.090,8.45071,8.45199,1.00,1.00
2017.06.01 16:59:36.483,8.45078,8.45199,1.00,1.00
2017.06.01 16:59:36.534,8.4507,8.45199,1.00,1.00
2017.06.01 16:59:36.686,8.45088,8.45217,1.00,1.00
2017.06.01 16:59:38.501,8.45088,8.45214,1.00,1.00
2017.06.01 16:59:40.433,8.45088,8.45217,1.00,1.00
2017.06.01 16:59:44.456,8.45095,8.45217,1.00,1.00
2017.06.01 16:59:44.508,8.45088,8.45217,1.00,1.00
2017.06.01 16:59:46.158,8.45096,8.45217,1.00,1.00
2017.06.01 16:59:46.362,8.45107,8.45236,1.50,1.00
2017.06.01 16:59:46.515,8.45137,8.45236,1.00,1.00
2017.06.01 16:59:46.667,8.45137,8.45261,1.00,1.00
2017.06.01 16:59:46.921,8.45156,8.45261,1.00,1.00
2017.06.01 16:59:46.972,8.45156,8.45282,1.00,1.00
2017.06.01 16:59:47.526,8.45153,8.45282,1.00,1.00
2017.06.01 16:59:49.131,8.4516,8.45282,1.00,1.00
2017.06.01 16:59:50.114,8.45158,8.45282,1.00,1.00
2017.06.01 16:59:51.306,8.45153,8.45282,1.00,1.00
2017.06.01 16:59:54.274,8.45153,8.45281,1.00,1.00
2017.06.01 16:59:56.047,8.45153,8.45282,1.00,1.00
