2018.04.20 04:00:01.036,7.798,7.80021,1.00,1.00
2018.04.20 04:00:01.259,7.79789,7.80043,1.00,1.00
2018.04.20 04:00:01.360,7.79764,7.80046,1.00,1.00
2018.04.20 04:00:03.300,7.79766,7.80046,1.00,1.00
2018.04.20 04:00:03.604,7.79793,7.80046,1.00,1.00
2018.04.20 04:00:06.651,7.79793,7.80047,1.00,1.00
2018.04.20 04:00:10.833,7.79792,7.80044,1.00,1.00
2018.04.20 04:00:14.198,7.7979,7.80044,1.00,1.00
2018.04.20 04:00:20.722,7.79794,7.80047,1.00,1.00
2018.04.20 04:00:20.926,7.79785,7.80039,1.00,1.00
2018.04.20 04:00:21.691,7.79782,7.80036,1.00,1.00
2018.04.20 04:00:21.996,7.79786,7.8004,1.00,1.00
2018.04.20 04:00:22.340,7.79789,7.80043,1.00,1.00
2018.04.20 04:00:25.871,7.79791,7.80045,1.00,1.00
2018.04.20 04:00:27.600,7.79792,7.80046,1.00,1.00
2018.04.20 04:00:29.215,7.79793,7.80047,1.00,1.00
2018.04.20 04:00:33.402,7.79794,7.80048,1.00,1.00
2018.04.20 04:00:36.763,7.79795,7.80049,1.00,1.00
2018.04.20 04:00:38.043,7.79792,7.80045,1.00,1.00
2018.04.20 04:00:38.385,7.79801,7.80053,1.00,1.00
2018.04.20 04:00:39.067,7.79803,7.80057,1.00,1.00
2018.04.20 04:00:44.276,7.79799,7.80053,1.00,1.00
2018.04.20 04:00:51.740,7.798,7.80053,1.00,1.00
2018.04.20 04:00:55.889,7.79804,7.80056,1.00,1.00
2018.04.20 04:00:59.258,7.79806,7.8006,1.00,1.00
2018.04.20 04:01:00.722,7.79803,7.80057,1.00,1.00
2018.04.20 04:01:10.927,7.79804,7.80057,1.00,1.00
2018.04.20 04:01:14.327,7.79804,7.80058,1.00,1.00
2018.04.20 04:01:14.892,7.7982,7.80074,1.00,1.37
2018.04.20 04:01:15.216,7.79832,7.80086,1.00,1.37
2018.04.20 04:01:16.698,7.79832,7.80086,1.00,1.00
2018.04.20 04:01:18.330,7.79836,7.8009,1.00,1.00
2018.04.20 04:01:18.655,7.79838,7.80089,1.00,1.00
2018.04.20 04:01:21.851,7.79835,7.80089,1.00,1.00
2018.04.20 04:01:28.831,7.79735,7.80107,1.37,1.75
2018.04.20 04:01:28.883,7.79764,7.80036,1.00,1.00
2018.04.20 04:01:28.935,7.79774,7.80062,1.00,1.00
2018.04.20 04:01:28.987,7.79746,7.79999,1.37,1.00
2018.04.20 04:01:29.038,7.79759,7.80063,1.37,1.00
2018.04.20 04:01:29.156,7.79787,7.80062,1.00,1.00
2018.04.20 04:01:29.664,7.79788,7.80063,1.00,1.00
2018.04.20 04:01:33.472,7.79784,7.80062,1.00,1.00
2018.04.20 04:01:45.883,7.79784,7.80038,1.00,1.00
2018.04.20 04:01:46.343,7.79769,7.80055,1.00,1.00
2018.04.20 04:01:46.394,7.79776,7.80028,1.00,1.00
2018.04.20 04:01:46.700,7.79765,7.80019,1.00,1.00
2018.04.20 04:01:46.752,7.79774,7.80028,1.00,1.00
2018.04.20 04:01:47.072,7.79785,7.80039,1.00,1.00
2018.04.20 04:01:47.378,7.79772,7.80026,1.00,1.00
2018.04.20 04:01:48.516,7.79776,7.8003,1.00,1.00
2018.04.20 04:01:50.678,7.79773,7.80027,1.00,1.00
2018.04.20 04:01:51.034,7.79764,7.80017,1.00,1.00
2018.04.20 04:01:51.874,7.79762,7.80016,1.00,1.00
2018.04.20 04:01:52.078,7.79777,7.80031,1.00,1.00
2018.04.20 04:01:52.383,7.79764,7.80017,1.00,1.00
2018.04.20 04:01:56.067,7.79766,7.80018,1.00,1.00
2018.04.20 04:01:59.414,7.79767,7.80021,1.00,1.00
2018.04.20 04:02:06.941,7.79766,7.80019,1.00,1.00
2018.04.20 04:02:07.722,7.79759,7.80013,1.00,1.00
2018.04.20 04:02:07.926,7.79744,7.79998,1.00,1.00
2018.04.20 04:02:08.235,7.79748,7.80002,1.00,1.00
2018.04.20 04:02:11.048,7.79751,7.80005,1.00,1.00
2018.04.20 04:02:12.096,7.79762,7.80014,1.00,1.00
2018.04.20 04:02:12.147,7.79758,7.80012,1.00,1.00
2018.04.20 04:02:14.454,7.79754,7.80008,1.00,1.00
2018.04.20 04:02:22.066,7.79762,7.80015,1.00,1.00
2018.04.20 04:02:22.118,7.79766,7.8002,1.00,1.00
2018.04.20 04:02:22.220,7.79774,7.80027,1.00,1.00
2018.04.20 04:02:23.048,7.79777,7.80031,1.00,1.00
2018.04.20 04:02:29.436,7.79775,7.80029,1.00,1.00
2018.04.20 04:02:33.592,7.79779,7.80032,1.00,1.00
2018.04.20 04:02:36.989,7.79754,7.80047,1.00,1.00
2018.04.20 04:02:37.040,7.79755,7.80008,1.00,1.00
2018.04.20 04:02:37.326,7.79758,7.80012,1.00,1.00
2018.04.20 04:02:37.377,7.79764,7.80018,1.00,1.00
2018.04.20 04:02:37.943,7.79756,7.8001,1.00,1.00
2018.04.20 04:02:38.333,7.79769,7.80023,1.00,1.00
2018.04.20 04:02:42.036,7.79774,7.80028,1.00,1.00
2018.04.20 04:02:42.361,7.79785,7.80039,1.00,1.00
2018.04.20 04:02:42.753,7.79788,7.80042,1.00,1.12
2018.04.20 04:02:43.478,7.79792,7.80046,1.00,1.00
2018.04.20 04:02:43.785,7.79803,7.80057,1.00,1.00
2018.04.20 04:02:44.142,7.79798,7.80052,1.00,1.00
2018.04.20 04:02:51.981,7.79799,7.80052,1.00,1.00
2018.04.20 04:02:59.510,7.79802,7.80053,1.00,1.00
2018.04.20 04:02:59.979,7.79805,7.80057,1.00,1.00
2018.04.20 04:03:03.039,7.79801,7.80054,1.00,1.00
2018.04.20 04:03:03.328,7.79805,7.80058,1.00,1.00
2018.04.20 04:03:07.059,7.79804,7.80058,1.00,1.00
2018.04.20 04:03:14.575,7.79808,7.80062,1.00,1.00
2018.04.20 04:03:16.793,7.79732,7.79944,1.37,1.00
2018.04.20 04:03:16.844,7.79732,7.79998,1.37,1.00
2018.04.20 04:03:16.896,7.79719,7.8004,1.37,1.00
2018.04.20 04:03:17.049,7.79751,7.8004,1.00,1.00
2018.04.20 04:03:18.732,7.79742,7.8004,1.00,1.00
2018.04.20 04:03:20.810,7.79739,7.80037,1.37,1.00
2018.04.20 04:03:21.711,7.79739,7.80037,1.00,1.00
2018.04.20 04:03:22.432,7.79755,7.80037,1.00,1.00
2018.04.20 04:03:26.247,7.79756,7.80035,1.00,1.00
2018.04.20 04:03:28.309,7.79778,7.80032,1.00,1.00
2018.04.20 04:03:28.869,7.79773,7.80027,1.00,1.00
2018.04.20 04:03:29.343,7.79763,7.80017,1.00,1.00
2018.04.20 04:03:29.881,7.79765,7.80017,1.00,1.00
2018.04.20 04:03:32.147,7.79774,7.80026,1.00,1.00
2018.04.20 04:03:32.724,7.79768,7.80021,1.00,1.00
2018.04.20 04:03:32.828,7.7977,7.80024,1.00,1.00
2018.04.20 04:03:32.954,7.79753,7.80007,1.37,1.00
2018.04.20 04:03:33.208,7.79761,7.80015,1.00,1.00
2018.04.20 04:03:33.260,7.79764,7.80018,1.00,1.00
2018.04.20 04:03:33.569,7.79768,7.80022,1.00,1.00
2018.04.20 04:03:37.121,7.79772,7.80024,1.00,1.00
2018.04.20 04:03:44.636,7.79777,7.80031,1.00,1.00
2018.04.20 04:03:48.792,7.79777,7.80029,1.00,1.00
2018.04.20 04:03:52.148,7.79774,7.80028,1.00,1.00
2018.04.20 04:03:54.382,7.79774,7.80026,1.00,1.00
2018.04.20 04:03:54.487,7.7977,7.80024,1.00,1.00
2018.04.20 04:03:54.590,7.79775,7.80027,1.00,1.00
2018.04.20 04:03:59.665,7.79769,7.80023,1.00,1.00
2018.04.20 04:04:01.119,7.79765,7.80019,1.00,1.00
2018.04.20 04:04:07.130,7.79768,7.8002,1.00,1.00
2018.04.20 04:04:07.858,7.79703,7.79919,1.37,1.00
2018.04.20 04:04:07.960,7.79692,7.79958,1.37,1.00
2018.04.20 04:04:08.012,7.79699,7.79965,1.00,1.00
2018.04.20 04:04:08.064,7.7969,7.79944,1.00,1.00
2018.04.20 04:04:08.116,7.79715,7.79989,1.00,1.00
2018.04.20 04:04:14.645,7.79709,7.7999,1.00,1.00
2018.04.20 04:04:18.834,7.79707,7.79989,1.00,1.00
2018.04.20 04:04:22.206,7.79706,7.79988,1.00,1.00
2018.04.20 04:04:26.686,7.79701,7.79983,1.00,1.00
2018.04.20 04:04:26.788,7.79705,7.79988,1.00,1.00
2018.04.20 04:04:26.862,7.79705,7.79988,1.00,1.37
2018.04.20 04:04:27.774,7.79712,7.79966,1.00,1.00
2018.04.20 04:04:28.078,7.79727,7.79979,1.00,1.00
2018.04.20 04:04:29.699,7.79721,7.79975,1.00,1.00
2018.04.20 04:04:33.339,7.7973,7.79982,1.00,1.00
2018.04.20 04:04:33.440,7.79737,7.79991,1.00,1.00
2018.04.20 04:04:33.492,7.79731,7.79985,1.00,1.00
2018.04.20 04:04:33.857,7.79728,7.79982,1.00,1.00
2018.04.20 04:04:37.240,7.79729,7.79983,1.00,1.00
2018.04.20 04:04:38.310,7.79726,7.79978,1.00,1.00
2018.04.20 04:04:39.199,7.79729,7.79983,1.00,1.00
2018.04.20 04:04:43.295,7.79732,7.79983,1.00,1.00
2018.04.20 04:04:43.346,7.79725,7.79979,1.00,1.00
2018.04.20 04:04:43.702,7.79717,7.79969,1.00,1.00
2018.04.20 04:04:43.854,7.79706,7.7996,1.00,1.00
2018.04.20 04:04:43.976,7.79699,7.79953,1.00,1.00
2018.04.20 04:04:44.484,7.79704,7.79958,1.00,1.00
2018.04.20 04:04:44.992,7.79703,7.79957,1.00,1.00
2018.04.20 04:04:48.874,7.79705,7.79959,1.00,1.00
2018.04.20 04:04:52.253,7.79702,7.79956,1.00,1.00
2018.04.20 04:04:53.876,7.79706,7.79959,1.00,1.00
2018.04.20 04:04:54.073,7.79701,7.79955,1.00,1.00
2018.04.20 04:04:59.786,7.79702,7.79956,1.00,1.00
2018.04.20 04:05:07.300,7.79701,7.79955,1.00,1.00
2018.04.20 04:05:08.755,7.79713,7.79967,1.00,1.00
2018.04.20 04:05:09.461,7.79704,7.79958,1.00,1.00
2018.04.20 04:05:14.815,7.79703,7.79957,1.00,1.00
2018.04.20 04:05:16.620,7.79705,7.79959,1.00,1.00
2018.04.20 04:05:17.667,7.79708,7.79962,1.00,1.00
2018.04.20 04:05:19.048,7.7971,7.79962,1.00,1.00
2018.04.20 04:05:22.330,7.79709,7.79962,1.00,1.00
2018.04.20 04:05:25.461,7.79712,7.7997,1.00,1.00
2018.04.20 04:05:25.512,7.79743,7.79997,1.00,1.75
2018.04.20 04:05:25.563,7.79687,7.79967,1.00,1.00
2018.04.20 04:05:25.614,7.79737,7.79991,1.00,1.00
2018.04.20 04:05:26.440,7.79738,7.79992,1.00,1.00
2018.04.20 04:05:33.964,7.79745,7.79997,1.00,1.00
2018.04.20 04:05:37.360,7.79746,7.79998,1.00,1.00
2018.04.20 04:05:41.517,7.79744,7.79998,1.00,1.00
2018.04.20 04:05:42.853,7.79729,7.79983,1.00,1.00
2018.04.20 04:05:43.160,7.79737,7.79989,1.00,1.00
2018.04.20 04:05:44.866,7.79739,7.79993,1.00,1.00
2018.04.20 04:05:52.391,7.79742,7.79993,1.00,1.00
2018.04.20 04:05:59.905,7.79743,7.79994,1.00,1.00
2018.04.20 04:06:07.371,7.79741,7.79995,1.00,1.00
2018.04.20 04:06:14.885,7.79739,7.79993,1.00,1.00
2018.04.20 04:06:22.450,7.79741,7.79994,1.00,1.00
2018.04.20 04:06:26.608,7.79742,7.79996,1.00,1.00
2018.04.20 04:06:37.431,7.7974,7.79994,1.00,1.00
2018.04.20 04:06:40.834,7.79737,7.79991,1.00,1.00
2018.04.20 04:06:42.535,7.79737,7.7999,1.00,1.00
2018.04.20 04:06:44.995,7.79737,7.79991,1.00,1.00
2018.04.20 04:06:49.144,7.79737,7.7999,1.00,1.00
2018.04.20 04:06:50.127,7.7974,7.79994,1.00,1.00
2018.04.20 04:06:52.511,7.79738,7.79992,1.00,1.00
2018.04.20 04:06:56.646,7.7974,7.79994,1.00,1.00
2018.04.20 04:07:00.025,7.79741,7.79995,1.00,1.00
2018.04.20 04:07:07.540,7.79743,7.79995,1.00,1.00
2018.04.20 04:07:15.055,7.79745,7.79997,1.00,1.00
2018.04.20 04:07:15.523,7.7974,7.79994,1.00,1.00
2018.04.20 04:07:15.626,7.79744,7.79997,1.00,1.00
2018.04.20 04:07:16.379,7.79755,7.80009,1.00,1.00
2018.04.20 04:07:19.205,7.79749,7.80002,1.00,1.00
2018.04.20 04:07:34.241,7.79752,7.80005,1.00,1.00
2018.04.20 04:07:37.600,7.79751,7.80005,1.00,1.00
2018.04.20 04:07:45.116,7.79754,7.80008,1.00,1.00
2018.04.20 04:07:49.272,7.79756,7.8001,1.00,1.00
2018.04.20 04:07:52.580,7.79755,7.80009,1.00,1.00
2018.04.20 04:08:00.174,7.79758,7.80011,1.00,1.00
2018.04.20 04:08:04.300,7.79757,7.8001,1.00,1.00
2018.04.20 04:08:07.660,7.79757,7.80011,1.00,1.00
2018.04.20 04:08:12.097,7.79768,7.80022,1.00,1.37
2018.04.20 04:08:15.125,7.79764,7.80018,1.00,1.00
2018.04.20 04:08:26.120,7.79767,7.80021,1.00,1.00
2018.04.20 04:08:30.205,7.79768,7.80022,1.00,1.00
2018.04.20 04:08:35.526,7.79774,7.80028,1.00,1.37
2018.04.20 04:08:36.632,7.79774,7.80028,1.00,1.00
2018.04.20 04:08:41.868,7.79777,7.80029,1.00,1.00
2018.04.20 04:08:45.185,7.79778,7.80032,1.00,1.37
2018.04.20 04:08:46.484,7.79776,7.80027,1.00,1.00
2018.04.20 04:08:47.569,7.79776,7.80027,1.00,1.37
2018.04.20 04:08:49.342,7.79773,7.80026,1.00,1.37
2018.04.20 04:08:49.713,7.79773,7.80026,1.00,1.00
2018.04.20 04:08:50.852,7.79773,7.80026,1.00,1.37
2018.04.20 04:08:52.048,7.79774,7.80026,1.00,1.37
2018.04.20 04:08:57.747,7.79785,7.80039,1.00,1.37
2018.04.20 04:08:57.800,7.79785,7.80039,1.00,1.37
2018.04.20 04:08:57.947,7.79789,7.80043,1.00,1.37
2018.04.20 04:09:00.215,7.79791,7.80045,1.00,1.37
2018.04.20 04:09:01.246,7.79791,7.80045,1.00,1.37
2018.04.20 04:09:07.780,7.79793,7.80047,1.00,1.37
2018.04.20 04:09:09.685,7.79793,7.80047,1.00,1.37
2018.04.20 04:09:09.736,7.79784,7.80038,1.00,1.37
2018.04.20 04:09:09.889,7.79792,7.80046,1.00,1.37
2018.04.20 04:09:10.214,7.79786,7.80039,1.00,1.37
2018.04.20 04:09:11.478,7.79786,7.80039,1.00,1.37
2018.04.20 04:09:12.642,7.79786,7.80039,1.00,1.00
2018.04.20 04:09:14.811,7.79786,7.80039,1.00,1.37
2018.04.20 04:09:16.186,7.79786,7.80039,1.00,1.37
2018.04.20 04:09:17.804,7.79786,7.80039,1.00,1.37
2018.04.20 04:09:22.656,7.79786,7.80039,1.00,1.00
2018.04.20 04:09:22.757,7.79795,7.80047,1.00,1.00
2018.04.20 04:09:23.061,7.79794,7.80048,1.00,1.37
2018.04.20 04:09:25.067,7.79786,7.80037,1.00,1.00
2018.04.20 04:09:25.118,7.79793,7.80049,1.00,1.37
2018.04.20 04:09:25.169,7.79789,7.80043,1.00,1.37
2018.04.20 04:09:25.221,7.79791,7.80044,1.00,1.00
2018.04.20 04:09:25.272,7.79789,7.80043,1.00,1.00
2018.04.20 04:09:26.781,7.79789,7.80043,1.00,1.37
2018.04.20 04:09:26.934,7.79787,7.80041,1.00,1.37
2018.04.20 04:09:30.300,7.79786,7.8004,1.00,1.37
2018.04.20 04:09:33.612,7.79791,7.80045,1.00,1.37
2018.04.20 04:09:33.918,7.79804,7.80058,1.00,1.37
2018.04.20 04:09:33.969,7.798,7.80054,1.00,1.37
2018.04.20 04:09:34.020,7.79795,7.80049,1.00,1.37
2018.04.20 04:09:34.071,7.79787,7.80041,1.00,1.37
2018.04.20 04:09:34.432,7.79789,7.80043,1.00,1.37
2018.04.20 04:09:35.135,7.79789,7.80043,1.00,1.12
2018.04.20 04:09:37.840,7.79788,7.8004,1.00,1.00
2018.04.20 04:09:45.355,7.7979,7.80042,1.00,1.00
2018.04.20 04:09:54.143,7.79795,7.8007,1.00,1.75
2018.04.20 04:09:54.297,7.7979,7.80044,1.00,1.37
2018.04.20 04:09:54.348,7.79803,7.80057,1.00,1.37
2018.04.20 04:09:54.400,7.79796,7.80048,1.00,1.37
2018.04.20 04:09:54.553,7.79783,7.80036,1.00,1.00
2018.04.20 04:10:00.335,7.79784,7.80037,1.00,1.00
2018.04.20 04:10:07.900,7.79785,7.80039,1.00,1.37
2018.04.20 04:10:12.057,7.79785,7.80037,1.00,1.00
2018.04.20 04:10:12.423,7.79772,7.80026,1.00,1.00
2018.04.20 04:10:13.151,7.7977,7.80024,1.00,1.00
2018.04.20 04:10:15.415,7.79772,7.80026,1.00,1.00
2018.04.20 04:10:30.009,7.79768,7.8002,1.00,1.00
2018.04.20 04:10:30.445,7.79769,7.80023,1.00,1.00
2018.04.20 04:10:31.801,7.79773,7.80025,1.00,1.12
2018.04.20 04:10:34.602,7.79778,7.8003,1.00,1.37
2018.04.20 04:10:34.764,7.79708,7.79983,1.00,1.37
2018.04.20 04:10:34.815,7.79716,7.7999,1.00,1.37
2018.04.20 04:10:34.866,7.79716,7.80022,1.00,1.00
2018.04.20 04:10:34.918,7.79683,7.79936,1.37,1.00
2018.04.20 04:10:34.969,7.79733,7.80023,1.00,1.00
2018.04.20 04:10:35.223,7.79743,7.79997,1.00,1.00
2018.04.20 04:10:35.275,7.79744,7.80022,1.00,1.00
2018.04.20 04:10:37.982,7.79734,7.79988,1.00,1.00
2018.04.20 04:10:38.033,7.79735,7.80016,1.00,1.00
2018.04.20 04:10:38.275,7.79737,7.79989,1.00,1.00
2018.04.20 04:10:42.071,7.79735,7.79989,1.00,1.00
2018.04.20 04:10:45.474,7.79738,7.79992,1.00,1.00
2018.04.20 04:10:49.582,7.79734,7.79986,1.00,1.00
2018.04.20 04:10:52.990,7.79734,7.79988,1.00,1.00
2018.04.20 04:11:04.654,7.79736,7.79988,1.00,1.00
2018.04.20 04:11:08.020,7.79734,7.79988,1.00,1.00
2018.04.20 04:11:12.163,7.79735,7.79988,1.00,1.00
2018.04.20 04:11:15.263,7.79735,7.79989,1.00,1.00
2018.04.20 04:11:15.417,7.79749,7.80003,1.00,1.37
2018.04.20 04:11:15.568,7.79738,7.79992,1.00,1.00
2018.04.20 04:11:15.619,7.79736,7.79989,1.00,1.00
2018.04.20 04:11:17.365,7.79739,7.79993,1.00,1.00
2018.04.20 04:11:17.507,7.79736,7.79989,1.00,1.00
2018.04.20 04:11:19.692,7.79738,7.79992,1.00,1.00
2018.04.20 04:11:34.710,7.79741,7.79995,1.00,1.00
2018.04.20 04:11:38.033,7.79739,7.79992,1.00,1.00
2018.04.20 04:11:40.110,7.79743,7.79997,1.00,1.00
2018.04.20 04:11:40.161,7.79739,7.79993,1.00,1.00
2018.04.20 04:11:40.541,7.79743,7.79997,1.00,1.00
2018.04.20 04:11:42.264,7.79741,7.79995,1.00,1.00
2018.04.20 04:11:53.069,7.79742,7.79996,1.00,1.00
2018.04.20 04:11:57.267,7.79741,7.79995,1.00,1.00
2018.04.20 04:12:00.616,7.79744,7.79998,1.00,1.00
2018.04.20 04:12:04.213,7.79733,7.79987,1.00,1.00
2018.04.20 04:12:04.556,7.79726,7.7998,1.00,1.00
2018.04.20 04:12:04.875,7.79723,7.79977,1.00,1.00
2018.04.20 04:12:05.558,7.79737,7.79991,1.00,1.00
2018.04.20 04:12:05.864,7.79729,7.79983,1.00,1.00
2018.04.20 04:12:08.140,7.79732,7.79986,1.00,1.00
2018.04.20 04:12:12.095,7.79743,7.79997,1.00,1.00
2018.04.20 04:12:12.409,7.79735,7.79987,1.00,1.00
2018.04.20 04:12:12.664,7.79739,7.79992,1.00,1.00
2018.04.20 04:12:12.920,7.79748,7.80002,1.00,1.00
2018.04.20 04:12:13.017,7.79745,7.79999,1.00,1.00
2018.04.20 04:12:13.367,7.79751,7.80005,1.00,1.00
2018.04.20 04:12:13.723,7.79746,7.8,1.00,1.00
2018.04.20 04:12:14.098,7.79752,7.80004,1.00,1.00
2018.04.20 04:12:15.608,7.79749,7.80003,1.00,1.00
2018.04.20 04:12:34.836,7.79753,7.80005,1.00,1.00
2018.04.20 04:12:38.157,7.79754,7.80006,1.00,1.00
2018.04.20 04:12:42.358,7.79752,7.80006,1.00,1.00
2018.04.20 04:12:45.674,7.79751,7.80005,1.00,1.00
2018.04.20 04:12:48.513,7.79755,7.80008,1.00,1.00
2018.04.20 04:12:48.565,7.7977,7.80024,1.00,1.00
2018.04.20 04:12:48.769,7.79767,7.80019,1.00,1.00
2018.04.20 04:12:49.850,7.79768,7.80022,1.00,1.00
2018.04.20 04:12:50.253,7.79763,7.80017,1.00,1.00
2018.04.20 04:12:51.416,7.79751,7.80005,1.00,1.00
2018.04.20 04:12:52.097,7.79765,7.80017,1.00,1.00
2018.04.20 04:12:52.447,7.79755,7.80007,1.00,1.00
2018.04.20 04:12:52.878,7.79748,7.80002,1.00,1.00
2018.04.20 04:12:53.368,7.79756,7.8001,1.00,1.00
2018.04.20 04:12:53.688,7.79742,7.80027,1.00,1.00
2018.04.20 04:12:53.739,7.79765,7.80019,1.00,1.00
2018.04.20 04:12:56.870,7.7975,7.80025,1.00,1.00
2018.04.20 04:12:57.346,7.79751,7.80027,1.00,1.00
2018.04.20 04:12:58.362,7.79774,7.80026,1.00,1.00
2018.04.20 04:12:59.526,7.79775,7.80029,1.00,1.00
2018.04.20 04:13:00.260,7.79778,7.80031,1.00,1.00
2018.04.20 04:13:01.216,7.79779,7.80031,1.00,1.00
2018.04.20 04:13:01.270,7.79775,7.80029,1.00,1.00
2018.04.20 04:13:01.336,7.79778,7.80032,1.00,1.00
2018.04.20 04:13:02.383,7.79779,7.80033,1.00,1.00
2018.04.20 04:13:04.604,7.79775,7.80029,1.00,1.00
2018.04.20 04:13:06.789,7.7978,7.80031,1.00,1.00
2018.04.20 04:13:08.211,7.79775,7.80029,1.00,1.00
2018.04.20 04:13:12.797,7.7978,7.80031,1.00,1.00
2018.04.20 04:13:15.775,7.79779,7.80033,1.00,1.00
2018.04.20 04:13:16.962,7.79782,7.80036,1.00,1.00
2018.04.20 04:13:19.455,7.79779,7.80033,1.00,1.00
2018.04.20 04:13:23.290,7.79781,7.80034,1.00,1.00
2018.04.20 04:13:25.444,7.79797,7.80051,1.00,1.37
2018.04.20 04:13:26.451,7.79804,7.80057,1.00,1.37
2018.04.20 04:13:27.398,7.79802,7.80056,1.00,1.37
2018.04.20 04:13:27.690,7.79802,7.80056,1.00,1.37
2018.04.20 04:13:30.755,7.79804,7.80056,1.00,1.37
2018.04.20 04:13:39.917,7.79805,7.80057,1.00,1.37
2018.04.20 04:13:40.032,7.79792,7.80046,1.00,1.00
2018.04.20 04:13:40.253,7.79788,7.80042,1.00,1.00
2018.04.20 04:13:41.267,7.79784,7.80038,1.00,1.00
2018.04.20 04:13:41.669,7.79796,7.8005,1.00,1.37
2018.04.20 04:13:42.477,7.79793,7.80047,1.00,1.37
2018.04.20 04:13:45.786,7.79789,7.80043,1.00,1.37
2018.04.20 04:13:53.301,7.79791,7.80045,1.00,1.37
2018.04.20 04:13:55.741,7.79787,7.80041,1.00,1.37
2018.04.20 04:13:55.792,7.79791,7.80045,1.00,1.37
2018.04.20 04:13:55.895,7.79787,7.80041,1.00,1.37
2018.04.20 04:13:56.331,7.79782,7.80033,1.00,1.12
2018.04.20 04:13:57.507,7.7978,7.80034,1.00,1.37
2018.04.20 04:13:57.657,7.7978,7.80034,1.00,1.37
2018.04.20 04:13:58.423,7.79772,7.80024,1.00,1.37
2018.04.20 04:13:58.627,7.7977,7.80021,1.00,1.37
2018.04.20 04:13:59.018,7.7977,7.80021,1.00,1.37
2018.04.20 04:13:59.122,7.79767,7.80021,1.00,1.37
2018.04.20 04:13:59.971,7.79772,7.80024,1.00,1.37
2018.04.20 04:14:00.616,7.79779,7.8003,1.00,1.37
2018.04.20 04:14:00.986,7.79788,7.8004,1.00,1.75
2018.04.20 04:14:02.125,7.79788,7.8004,1.00,1.37
2018.04.20 04:14:08.331,7.79791,7.80043,1.00,1.37
2018.04.20 04:14:09.074,7.79792,7.80046,1.00,1.37
2018.04.20 04:14:15.828,7.79794,7.80048,1.00,1.37
2018.04.20 04:14:21.232,7.79791,7.80045,1.00,1.37
2018.04.20 04:14:21.436,7.79791,7.80045,1.00,1.37
2018.04.20 04:14:21.488,7.79784,7.80038,1.00,1.00
2018.04.20 04:14:21.642,7.79771,7.80025,1.00,1.00
2018.04.20 04:14:22.146,7.79772,7.80024,1.00,1.00
2018.04.20 04:14:23.015,7.79772,7.80024,1.00,1.37
2018.04.20 04:14:23.776,7.79771,7.80023,1.00,1.37
2018.04.20 04:14:27.548,7.7977,7.80022,1.00,1.37
2018.04.20 04:14:30.896,7.79771,7.80025,1.00,1.37
2018.04.20 04:14:30.948,7.79769,7.80022,1.00,1.37
2018.04.20 04:14:31.090,7.79764,7.80018,1.00,1.37
2018.04.20 04:14:31.295,7.79768,7.80022,1.00,1.37
2018.04.20 04:14:31.805,7.79773,7.80027,1.00,1.37
2018.04.20 04:14:31.856,7.79762,7.80015,1.00,1.37
2018.04.20 04:14:32.109,7.79765,7.80019,1.00,1.37
2018.04.20 04:14:32.421,7.79765,7.80019,1.00,1.37
2018.04.20 04:14:35.044,7.79766,7.8002,1.00,1.37
2018.04.20 04:14:36.963,7.79766,7.8002,1.00,1.37
2018.04.20 04:14:38.440,7.79764,7.80018,1.00,1.37
2018.04.20 04:14:45.936,7.79762,7.80015,1.00,1.37
2018.04.20 04:14:53.470,7.79761,7.80015,1.00,1.37
2018.04.20 04:15:00.935,7.79764,7.80018,1.00,1.37
2018.04.20 04:15:01.677,7.79764,7.80018,1.00,1.37
2018.04.20 04:15:04.136,7.7978,7.80034,1.00,1.75
2018.04.20 04:15:04.499,7.7979,7.80044,1.00,1.75
2018.04.20 04:15:05.549,7.7979,7.80044,1.00,1.37
2018.04.20 04:15:08.526,7.79791,7.80044,1.00,1.37
2018.04.20 04:15:08.739,7.79787,7.80039,1.00,1.37
2018.04.20 04:15:08.841,7.79791,7.80044,1.00,1.37
2018.04.20 04:15:16.015,7.79789,7.80043,1.00,1.37
2018.04.20 04:15:23.480,7.7979,7.80044,1.00,1.37
2018.04.20 04:15:27.687,7.79789,7.80043,1.00,1.37
2018.04.20 04:15:30.300,7.79788,7.80039,1.00,1.37
2018.04.20 04:15:31.156,7.79789,7.80043,1.00,1.37
2018.04.20 04:15:35.202,7.7979,7.80044,1.00,1.37
2018.04.20 04:15:38.560,7.79791,7.80042,1.00,1.37
2018.04.20 04:15:40.026,7.79768,7.80022,1.00,1.00
2018.04.20 04:15:40.129,7.79757,7.80009,1.00,1.00
2018.04.20 04:15:40.180,7.7976,7.80013,1.00,1.00
2018.04.20 04:15:40.232,7.79753,7.80007,1.00,1.00
2018.04.20 04:15:40.284,7.79751,7.80005,1.00,1.37
2018.04.20 04:15:40.387,7.79746,7.8,1.00,1.37
2018.04.20 04:15:40.438,7.79742,7.79996,1.00,1.37
2018.04.20 04:15:40.540,7.79738,7.79992,1.00,1.37
2018.04.20 04:15:40.718,7.79735,7.79988,1.00,1.12
2018.04.20 04:15:41.708,7.79735,7.79988,1.00,1.37
2018.04.20 04:15:42.684,7.79732,7.79986,1.00,1.37
2018.04.20 04:15:43.234,7.79732,7.79986,1.00,1.37
2018.04.20 04:15:44.055,7.79747,7.80001,1.00,1.75
2018.04.20 04:15:44.366,7.79754,7.80008,1.00,1.75
2018.04.20 04:15:44.624,7.79762,7.80015,1.00,1.37
2018.04.20 04:15:46.075,7.79759,7.80012,1.00,1.37
2018.04.20 04:15:46.477,7.79762,7.80016,1.00,1.37
2018.04.20 04:15:46.754,7.79753,7.80005,1.00,1.37
2018.04.20 04:15:46.929,7.7976,7.80014,1.00,1.37
2018.04.20 04:15:56.579,7.79761,7.80015,1.00,1.37
2018.04.20 04:15:56.694,7.79765,7.80017,1.00,1.37
2018.04.20 04:16:03.666,7.79762,7.80015,1.00,1.37
2018.04.20 04:16:17.046,7.7977,7.80024,1.00,1.37
2018.04.20 04:16:17.373,7.79785,7.80039,1.00,1.75
2018.04.20 04:16:19.406,7.79785,7.80039,1.00,1.37
2018.04.20 04:16:19.559,7.79789,7.80043,1.00,1.37
2018.04.20 04:16:19.879,7.79782,7.80035,1.00,1.37
2018.04.20 04:16:19.936,7.79772,7.80026,1.00,1.00
2018.04.20 04:16:19.988,7.79763,7.80016,1.00,1.00
2018.04.20 04:16:20.039,7.79754,7.80008,1.00,1.00
2018.04.20 04:16:20.295,7.7976,7.80012,1.00,1.00
2018.04.20 04:16:20.427,7.79754,7.80008,1.00,1.00
2018.04.20 04:16:21.097,7.79758,7.80012,1.00,1.00
2018.04.20 04:16:22.313,7.79758,7.80012,1.00,1.37
2018.04.20 04:16:22.364,7.79754,7.80008,1.00,1.37
2018.04.20 04:16:25.093,7.79754,7.80008,1.00,1.37
2018.04.20 04:16:25.684,7.79744,7.79998,1.00,1.00
2018.04.20 04:16:25.735,7.7975,7.80004,1.00,1.37
2018.04.20 04:16:26.097,7.7976,7.80013,1.00,1.37
2018.04.20 04:16:26.772,7.79648,7.799,1.37,1.00
2018.04.20 04:16:26.824,7.79685,7.79965,1.00,1.00
2018.04.20 04:16:26.875,7.79684,7.80007,1.00,1.37
2018.04.20 04:16:26.926,7.79667,7.7992,1.00,1.00
2018.04.20 04:16:27.027,7.79695,7.80007,1.00,1.37
2018.04.20 04:16:27.757,7.79693,7.80007,1.00,1.37
2018.04.20 04:16:31.115,7.79687,7.80002,1.00,1.37
2018.04.20 04:16:33.014,7.79686,7.79997,1.00,1.00
2018.04.20 04:16:38.632,7.79688,7.79999,1.00,1.00
2018.04.20 04:16:41.242,7.79688,7.79985,1.00,1.00
2018.04.20 04:16:41.695,7.79693,7.79987,1.00,1.00
2018.04.20 04:16:45.384,7.79693,7.79987,1.00,1.37
2018.04.20 04:16:46.194,7.79698,7.7998,1.00,1.00
2018.04.20 04:16:50.302,7.79698,7.79976,1.00,1.00
2018.04.20 04:16:51.615,7.79698,7.79949,1.00,1.00
2018.04.20 04:16:53.710,7.79698,7.7995,1.00,1.00
2018.04.20 04:16:54.443,7.79703,7.79955,1.00,1.00
2018.04.20 04:16:54.494,7.79719,7.79973,1.00,1.00
2018.04.20 04:16:54.549,7.79723,7.79977,1.00,1.00
2018.04.20 04:16:55.713,7.7972,7.79974,1.00,1.00
2018.04.20 04:16:56.807,7.79726,7.79978,1.00,1.00
2018.04.20 04:16:57.817,7.79724,7.79976,1.00,1.00
2018.04.20 04:17:01.225,7.79722,7.79976,1.00,1.00
2018.04.20 04:17:12.103,7.7973,7.79984,1.00,1.00
2018.04.20 04:17:16.255,7.79729,7.79983,1.00,1.00
2018.04.20 04:17:23.321,7.79716,7.7997,1.00,1.00
2018.04.20 04:17:23.809,7.79713,7.79967,1.00,1.00
2018.04.20 04:17:27.877,7.79715,7.79969,1.00,1.00
2018.04.20 04:17:31.284,7.79717,7.79971,1.00,1.00
2018.04.20 04:17:32.049,7.79726,7.79979,1.00,1.00
2018.04.20 04:17:32.100,7.79717,7.79971,1.00,1.00
2018.04.20 04:17:38.750,7.79719,7.7997,1.00,1.00
2018.04.20 04:17:39.784,7.79733,7.79986,1.00,1.00
2018.04.20 04:17:40.704,7.79728,7.79982,1.00,1.00
2018.04.20 04:17:41.665,7.7974,7.79994,1.00,1.00
2018.04.20 04:17:42.006,7.79736,7.79988,1.00,1.00
2018.04.20 04:17:42.957,7.79735,7.79988,1.00,1.00
2018.04.20 04:17:46.265,7.79735,7.79989,1.00,1.00
2018.04.20 04:17:46.877,7.79742,7.79994,1.00,1.00
2018.04.20 04:17:47.198,7.79745,7.79999,1.00,1.00
2018.04.20 04:17:47.249,7.79738,7.79992,1.00,1.00
2018.04.20 04:17:48.714,7.79733,7.79985,1.00,1.00
2018.04.20 04:17:50.471,7.79733,7.79986,1.00,1.00
2018.04.20 04:17:53.782,7.79734,7.79988,1.00,1.00
2018.04.20 04:18:01.320,7.79733,7.79987,1.00,1.00
2018.04.20 04:18:08.674,7.79699,7.79977,1.00,1.00
2018.04.20 04:18:08.725,7.79721,7.79975,1.00,1.00
2018.04.20 04:18:09.162,7.7973,7.79984,1.00,1.00
2018.04.20 04:18:12.970,7.79729,7.79983,1.00,1.00
2018.04.20 04:18:16.375,7.7973,7.79984,1.00,1.00
2018.04.20 04:18:20.529,7.79732,7.79984,1.00,1.00
2018.04.20 04:18:21.128,7.79728,7.79982,1.00,1.00
2018.04.20 04:18:21.179,7.79732,7.79986,1.00,1.00
2018.04.20 04:18:21.490,7.7972,7.79974,1.00,1.00
2018.04.20 04:18:23.890,7.79719,7.79973,1.00,1.00
2018.04.20 04:18:28.032,7.79718,7.79971,1.00,1.00
2018.04.20 04:18:28.185,7.79723,7.79977,1.00,1.00
2018.04.20 04:18:28.236,7.79729,7.79981,1.00,1.00
2018.04.20 04:18:31.447,7.79738,7.79989,1.00,1.00
2018.04.20 04:18:31.500,7.79743,7.79997,1.00,1.00
2018.04.20 04:18:31.550,7.79739,7.79993,1.00,1.00
2018.04.20 04:18:31.854,7.79734,7.79988,1.00,1.00
2018.04.20 04:18:33.786,7.79743,7.79997,1.00,1.00
2018.04.20 04:18:34.091,7.79735,7.79989,1.00,1.00
2018.04.20 04:18:35.562,7.79738,7.79991,1.00,1.00
2018.04.20 04:18:35.919,7.79742,7.79996,1.00,1.00
2018.04.20 04:18:36.275,7.79737,7.7999,1.00,1.00
2018.04.20 04:18:37.599,7.79743,7.79997,1.00,1.00
2018.04.20 04:18:38.920,7.7974,7.79994,1.00,1.00
2018.04.20 04:18:40.447,7.79744,7.79997,1.00,1.00
2018.04.20 04:18:40.602,7.79731,7.79985,1.00,1.00
2018.04.20 04:18:40.889,7.7974,7.79992,1.00,1.00
2018.04.20 04:18:43.019,7.79743,7.79997,1.00,1.00
2018.04.20 04:18:43.171,7.79737,7.79989,1.00,1.00
2018.04.20 04:18:43.324,7.79742,7.79996,1.00,1.00
2018.04.20 04:18:46.420,7.79746,7.79998,1.00,1.00
2018.04.20 04:18:47.622,7.79739,7.79991,1.00,1.00
2018.04.20 04:18:47.928,7.79747,7.79998,1.00,1.00
2018.04.20 04:18:48.264,7.79742,7.79996,1.00,1.00
2018.04.20 04:18:50.542,7.79743,7.79996,1.00,1.00
2018.04.20 04:18:52.096,7.79746,7.79998,1.00,1.00
2018.04.20 04:18:53.899,7.79745,7.79999,1.00,1.00
2018.04.20 04:18:54.611,7.79746,7.8,1.00,1.00
2018.04.20 04:19:01.464,7.79743,7.79996,1.00,1.00
2018.04.20 04:19:03.141,7.79748,7.79999,1.00,1.00
2018.04.20 04:19:03.192,7.79743,7.79997,1.00,1.00
2018.04.20 04:19:16.495,7.79744,7.79998,1.00,1.00
2018.04.20 04:19:35.682,7.79747,7.79999,1.00,1.00
2018.04.20 04:19:46.560,7.79745,7.79999,1.00,1.00
2018.04.20 04:19:50.662,7.79746,7.8,1.00,1.00
2018.04.20 04:19:56.815,7.79769,7.8002,1.00,1.37
2018.04.20 04:19:56.866,7.79765,7.80017,1.00,1.37
2018.04.20 04:19:56.918,7.79738,7.80022,1.00,1.37
2018.04.20 04:19:56.969,7.79774,7.80028,1.00,1.37
2018.04.20 04:19:57.275,7.79779,7.80033,1.00,1.37
2018.04.20 04:19:57.581,7.79774,7.80028,1.00,1.37
2018.04.20 04:19:58.224,7.79773,7.80027,1.00,1.37
2018.04.20 04:19:59.139,7.79773,7.80027,1.00,1.00
2018.04.20 04:20:01.535,7.79776,7.80028,1.00,1.00
2018.04.20 04:20:05.712,7.79774,7.80028,1.00,1.00
2018.04.20 04:20:09.066,7.79773,7.80027,1.00,1.00
2018.04.20 04:20:16.616,7.79777,7.80031,1.00,1.00
2018.04.20 04:20:17.713,7.79767,7.80021,1.00,1.00
2018.04.20 04:20:18.020,7.79772,7.80025,1.00,1.00
2018.04.20 04:20:18.509,7.79775,7.80029,1.00,1.00
2018.04.20 04:20:20.766,7.79777,7.80029,1.00,1.00
2018.04.20 04:20:28.287,7.79775,7.80029,1.00,1.00
2018.04.20 04:20:31.634,7.79774,7.80026,1.00,1.00
2018.04.20 04:20:35.802,7.79772,7.80026,1.00,1.00
2018.04.20 04:20:46.062,7.79768,7.80022,1.00,1.00
2018.04.20 04:20:49.458,7.79772,7.80026,1.00,1.00
2018.04.20 04:20:58.347,7.79773,7.80027,1.00,1.00
2018.04.20 04:21:01.705,7.79775,7.80029,1.00,1.00
2018.04.20 04:21:05.862,7.79776,7.8003,1.00,1.00
2018.04.20 04:21:09.220,7.79774,7.80027,1.00,1.00
2018.04.20 04:21:16.735,7.79775,7.80028,1.00,1.00
2018.04.20 04:21:22.306,7.79778,7.80032,1.00,1.00
2018.04.20 04:21:24.250,7.79778,7.80029,1.00,1.00
2018.04.20 04:21:31.542,7.79769,7.80023,1.00,1.00
2018.04.20 04:21:31.842,7.79769,7.80021,1.00,1.00
2018.04.20 04:21:31.918,7.79762,7.80015,1.00,1.00
2018.04.20 04:21:31.969,7.79757,7.80009,1.00,1.00
2018.04.20 04:21:34.642,7.79769,7.80021,1.00,1.00
2018.04.20 04:21:35.357,7.79768,7.80022,1.00,1.00
2018.04.20 04:21:39.282,7.79767,7.80021,1.00,1.00
2018.04.20 04:21:41.524,7.79767,7.80021,1.00,1.37
2018.04.20 04:21:42.060,7.79775,7.80028,1.00,1.37
2018.04.20 04:21:42.699,7.79786,7.8004,1.00,1.37
2018.04.20 04:21:43.438,7.79785,7.80039,1.00,1.37
2018.04.20 04:21:44.414,7.79788,7.80042,1.00,1.37
2018.04.20 04:21:45.014,7.79789,7.80043,1.00,1.37
2018.04.20 04:21:46.795,7.79788,7.80041,1.00,1.37
2018.04.20 04:21:46.859,7.79788,7.80041,1.00,1.00
2018.04.20 04:21:50.902,7.79788,7.80042,1.00,1.00
2018.04.20 04:21:54.312,7.79789,7.80043,1.00,1.00
2018.04.20 04:22:01.775,7.7979,7.80044,1.00,1.12
2018.04.20 04:22:05.936,7.79788,7.80042,1.00,1.00
2018.04.20 04:22:07.145,7.79792,7.80046,1.00,1.37
2018.04.20 04:22:07.457,7.7982,7.80074,1.00,1.75
2018.04.20 04:22:08.510,7.7982,7.80074,1.00,1.00
2018.04.20 04:22:12.444,7.79823,7.80077,1.00,1.37
2018.04.20 04:22:13.509,7.79821,7.80075,1.00,1.00
2018.04.20 04:22:13.611,7.79824,7.80078,1.00,1.00
2018.04.20 04:22:16.855,7.79823,7.80077,1.00,1.00
2018.04.20 04:22:22.809,7.79816,7.8007,1.00,1.00
2018.04.20 04:22:23.130,7.79822,7.80075,1.00,1.00
2018.04.20 04:22:23.334,7.79817,7.80071,1.00,1.00
2018.04.20 04:22:23.487,7.79821,7.80075,1.00,1.00
2018.04.20 04:22:24.330,7.79823,7.80077,1.00,1.37
2018.04.20 04:22:24.539,7.79825,7.80079,1.00,1.00
2018.04.20 04:22:28.527,7.79822,7.80075,1.00,1.00
2018.04.20 04:22:30.102,7.79828,7.80082,1.00,1.12
2018.04.20 04:22:35.996,7.79829,7.80083,1.00,1.37
2018.04.20 04:22:37.315,7.79829,7.80083,1.00,1.00
2018.04.20 04:22:39.400,7.79831,7.80085,1.00,1.00
2018.04.20 04:22:41.499,7.79831,7.80085,1.00,1.37
2018.04.20 04:22:43.558,7.7983,7.80083,1.00,1.37
2018.04.20 04:22:46.060,7.79834,7.80088,1.00,1.12
2018.04.20 04:22:54.380,7.79839,7.80093,1.00,1.37
2018.04.20 04:22:54.685,7.79844,7.80098,1.00,1.37
2018.04.20 04:22:55.723,7.79844,7.80098,1.00,1.37
2018.04.20 04:22:58.587,7.79845,7.80099,1.00,1.37
2018.04.20 04:23:01.368,7.79833,7.80087,1.00,1.00
2018.04.20 04:23:01.522,7.79829,7.80083,1.00,1.00
2018.04.20 04:23:02.058,7.7983,7.80083,1.00,1.00
2018.04.20 04:23:03.632,7.7983,7.80083,1.00,1.37
2018.04.20 04:23:09.460,7.79829,7.80083,1.00,1.37
2018.04.20 04:23:13.043,7.79822,7.80076,1.00,1.00
2018.04.20 04:23:13.177,7.79825,7.80079,1.00,1.00
2018.04.20 04:23:16.925,7.79826,7.80079,1.00,1.00
2018.04.20 04:23:20.979,7.79829,7.80083,1.00,1.37
2018.04.20 04:23:23.066,7.79829,7.80083,1.00,1.37
2018.04.20 04:23:23.117,7.79829,7.80083,1.00,1.37
2018.04.20 04:23:23.169,7.79831,7.80085,1.00,1.37
2018.04.20 04:23:23.220,7.79817,7.80071,1.00,1.37
2018.04.20 04:23:23.322,7.79827,7.80078,1.00,1.37
2018.04.20 04:23:23.373,7.79816,7.8007,1.00,1.37
2018.04.20 04:23:25.689,7.79812,7.80066,1.00,1.00
2018.04.20 04:23:26.359,7.79815,7.80069,1.00,1.37
2018.04.20 04:23:27.554,7.79823,7.80077,1.00,1.37
2018.04.20 04:23:28.647,7.79821,7.80075,1.00,1.37
2018.04.20 04:23:29.168,7.79821,7.80075,1.00,1.37
2018.04.20 04:23:29.326,7.79819,7.80073,1.00,1.37
2018.04.20 04:23:30.471,7.79819,7.80073,1.00,1.37
2018.04.20 04:23:32.005,7.79816,7.8007,1.00,1.37
2018.04.20 04:23:33.289,7.7982,7.80073,1.00,1.37
2018.04.20 04:23:33.633,7.79829,7.80082,1.00,1.37
2018.04.20 04:23:34.385,7.79829,7.80082,1.00,1.37
2018.04.20 04:23:36.112,7.79827,7.8008,1.00,1.37
2018.04.20 04:23:39.509,7.79828,7.80082,1.00,1.37
2018.04.20 04:23:39.851,7.79823,7.80077,1.00,1.37
2018.04.20 04:23:42.045,7.79829,7.8008,1.00,1.37
2018.04.20 04:23:43.677,7.79827,7.8008,1.00,1.37
2018.04.20 04:23:44.428,7.79823,7.80077,1.00,1.37
2018.04.20 04:23:44.534,7.79817,7.80069,1.00,1.00
2018.04.20 04:23:44.687,7.79812,7.80064,1.00,1.00
2018.04.20 04:23:46.985,7.79812,7.80066,1.00,1.00
2018.04.20 04:23:47.358,7.79812,7.80066,1.00,1.37
2018.04.20 04:23:49.354,7.79812,7.80066,1.00,1.37
2018.04.20 04:23:53.243,7.79816,7.80068,1.00,1.37
2018.04.20 04:23:53.652,7.79819,7.80071,1.00,1.37
2018.04.20 04:23:54.550,7.79817,7.80071,1.00,1.37
2018.04.20 04:23:55.682,7.79817,7.80071,1.00,1.37
2018.04.20 04:23:58.562,7.79813,7.80067,1.00,1.12
2018.04.20 04:23:58.758,7.79811,7.80065,1.00,1.00
2018.04.20 04:23:59.091,7.79811,7.80062,1.00,1.12
2018.04.20 04:24:02.056,7.79816,7.8007,1.00,1.37
2018.04.20 04:24:02.107,7.79813,7.80067,1.00,1.37
2018.04.20 04:24:02.209,7.79816,7.8007,1.00,1.37
2018.04.20 04:24:04.502,7.7982,7.80074,1.00,1.37
2018.04.20 04:24:05.643,7.79828,7.8008,1.00,1.37
2018.04.20 04:24:06.049,7.79828,7.8008,1.00,1.37
2018.04.20 04:24:06.865,7.79827,7.80079,1.00,1.37
2018.04.20 04:24:09.018,7.79821,7.80074,1.00,1.37
2018.04.20 04:24:09.070,7.79816,7.8007,1.00,1.00
2018.04.20 04:24:09.122,7.79813,7.80067,1.00,1.00
2018.04.20 04:24:10.401,7.79813,7.80067,1.00,1.37
2018.04.20 04:24:11.420,7.79809,7.80062,1.00,1.12
2018.04.20 04:24:13.820,7.79807,7.8006,1.00,1.00
2018.04.20 04:24:17.095,7.79808,7.8006,1.00,1.00
2018.04.20 04:24:21.319,7.79808,7.8006,1.00,1.37
2018.04.20 04:24:23.983,7.79808,7.8006,1.00,1.37
2018.04.20 04:24:26.225,7.79807,7.80061,1.00,1.37
2018.04.20 04:24:28.930,7.79807,7.80061,1.00,1.37
2018.04.20 04:24:32.103,7.79808,7.80062,1.00,1.37
2018.04.20 04:24:36.068,7.79808,7.80062,1.00,1.37
2018.04.20 04:24:38.056,7.7981,7.80064,1.00,1.37
2018.04.20 04:24:38.682,7.79807,7.80059,1.00,1.00
2018.04.20 04:24:38.784,7.79809,7.80063,1.00,1.37
2018.04.20 04:24:39.087,7.79813,7.80067,1.00,1.37
2018.04.20 04:24:39.138,7.7981,7.80064,1.00,1.37
2018.04.20 04:24:39.237,7.7981,7.80064,1.00,1.37
2018.04.20 04:24:41.332,7.7981,7.80064,1.00,1.37
2018.04.20 04:24:42.627,7.7981,7.80064,1.00,1.37
2018.04.20 04:24:43.747,7.79809,7.80063,1.00,1.37
2018.04.20 04:24:47.974,7.79809,7.80063,1.00,1.37
2018.04.20 04:24:51.464,7.7981,7.80064,1.00,1.37
2018.04.20 04:24:51.708,7.79806,7.8006,1.00,1.00
2018.04.20 04:24:51.887,7.79806,7.8006,1.00,1.37
2018.04.20 04:24:52.217,7.7981,7.80064,1.00,1.37
2018.04.20 04:24:52.268,7.79807,7.80061,1.00,1.37
2018.04.20 04:24:53.116,7.79807,7.80061,1.00,1.00
2018.04.20 04:24:53.167,7.7981,7.80064,1.00,1.37
2018.04.20 04:24:56.036,7.7981,7.80064,1.00,1.37
2018.04.20 04:25:15.885,7.79804,7.80058,1.00,1.00
2018.04.20 04:25:15.987,7.7981,7.80064,1.00,1.37
2018.04.20 04:25:17.185,7.79812,7.80066,1.00,1.37
2018.04.20 04:25:18.194,7.79812,7.80066,1.00,1.37
2018.04.20 04:25:19.968,7.79812,7.80066,1.00,1.37
2018.04.20 04:25:21.154,7.79812,7.80066,1.00,1.37
2018.04.20 04:25:22.656,7.79812,7.80066,1.00,1.37
2018.04.20 04:25:24.704,7.79814,7.80067,1.00,1.37
2018.04.20 04:25:27.040,7.7981,7.80064,1.00,1.37
2018.04.20 04:25:28.887,7.79811,7.80065,1.00,1.37
2018.04.20 04:25:31.388,7.79807,7.80061,1.00,1.37
2018.04.20 04:25:32.245,7.79809,7.80063,1.00,1.37
2018.04.20 04:25:36.488,7.79809,7.80063,1.00,1.37
2018.04.20 04:25:36.642,7.79813,7.80067,1.00,1.37
2018.04.20 04:25:39.760,7.79815,7.80068,1.00,1.37
2018.04.20 04:25:43.917,7.79814,7.80068,1.00,1.37
2018.04.20 04:25:47.274,7.79813,7.80066,1.00,1.37
2018.04.20 04:26:13.122,7.79821,7.80073,1.00,1.37
2018.04.20 04:26:13.450,7.79832,7.80086,1.00,1.75
2018.04.20 04:26:13.928,7.79829,7.80083,1.00,1.37
2018.04.20 04:26:14.432,7.79829,7.80083,1.00,1.37
2018.04.20 04:26:17.488,7.79827,7.80081,1.00,1.12
2018.04.20 04:26:21.447,7.79833,7.80085,1.00,1.37
2018.04.20 04:26:24.850,7.79831,7.80085,1.00,1.37
2018.04.20 04:26:28.957,7.7983,7.80084,1.00,1.37
2018.04.20 04:26:32.364,7.79829,7.80083,1.00,1.37
2018.04.20 04:26:54.429,7.79826,7.8008,1.00,1.00
2018.04.20 04:26:54.480,7.79822,7.80074,1.00,1.00
2018.04.20 04:26:55.999,7.79826,7.80078,1.00,1.00
2018.04.20 04:26:56.652,7.79826,7.80078,1.00,1.37
2018.04.20 04:26:59.019,7.79823,7.80077,1.00,1.37
2018.04.20 04:27:02.425,7.79825,7.80079,1.00,1.37
2018.04.20 04:27:04.989,7.79824,7.80077,1.00,1.37
2018.04.20 04:27:09.940,7.79826,7.8008,1.00,1.37
2018.04.20 04:27:20.053,7.7982,7.80074,1.00,1.12
2018.04.20 04:27:23.629,7.7982,7.80074,1.00,1.37
2018.04.20 04:27:24.912,7.79825,7.80077,1.00,1.37
2018.04.20 04:27:27.596,7.79825,7.80077,1.00,1.37
2018.04.20 04:27:29.091,7.79827,7.8008,1.00,1.37
2018.04.20 04:27:40.000,7.79825,7.80079,1.00,1.37
2018.04.20 04:27:50.698,7.79825,7.80079,1.00,1.00
2018.04.20 04:27:51.671,7.79828,7.80082,1.00,1.00
2018.04.20 04:28:02.496,7.79828,7.8008,1.00,1.00
2018.04.20 04:28:06.022,7.79834,7.80088,1.00,1.00
2018.04.20 04:28:06.073,7.79842,7.80095,1.00,1.12
2018.04.20 04:28:06.175,7.79838,7.80092,1.00,1.00
2018.04.20 04:28:06.328,7.79845,7.80098,1.00,1.00
2018.04.20 04:28:10.061,7.79848,7.80102,1.00,1.00
2018.04.20 04:28:17.575,7.79848,7.80099,1.00,1.00
2018.04.20 04:28:25.090,7.79848,7.801,1.00,1.00
2018.04.20 04:28:25.874,7.7986,7.80114,1.00,1.00
2018.04.20 04:28:25.926,7.79853,7.80104,1.00,1.00
2018.04.20 04:28:31.715,7.79855,7.80109,1.00,1.00
2018.04.20 04:28:32.605,7.79849,7.80103,1.00,1.00
2018.04.20 04:28:36.744,7.79849,7.80102,1.00,1.00
2018.04.20 04:28:40.070,7.79848,7.801,1.00,1.00
2018.04.20 04:28:47.636,7.79848,7.80102,1.00,1.00
2018.04.20 04:29:02.664,7.79849,7.80103,1.00,1.00
2018.04.20 04:29:15.102,7.7984,7.80094,1.00,1.00
2018.04.20 04:29:15.423,7.79859,7.80113,1.00,1.00
2018.04.20 04:29:17.693,7.79855,7.80109,1.00,1.00
2018.04.20 04:29:25.211,7.79858,7.80111,1.00,1.00
2018.04.20 04:29:29.366,7.79857,7.80111,1.00,1.00
2018.04.20 04:29:30.096,7.79872,7.80143,1.00,1.37
2018.04.20 04:29:30.353,7.79892,7.80166,1.00,1.75
2018.04.20 04:29:30.404,7.79878,7.80169,1.00,1.75
2018.04.20 04:29:30.456,7.79933,7.80181,1.00,1.87
2018.04.20 04:29:30.764,7.79942,7.80181,1.00,1.87
2018.04.20 04:29:31.857,7.79942,7.80196,1.00,1.75
2018.04.20 04:29:32.725,7.79939,7.80193,1.00,1.75
2018.04.20 04:29:33.206,7.79878,7.80193,1.50,1.75
2018.04.20 04:29:33.257,7.79878,7.80193,1.50,1.75
2018.04.20 04:29:41.872,7.79882,7.80191,1.00,1.75
2018.04.20 04:29:44.014,7.79885,7.80193,1.00,1.75
2018.04.20 04:29:44.321,7.79876,7.80129,1.00,1.00
2018.04.20 04:29:44.372,7.79832,7.80136,1.00,1.00
2018.04.20 04:29:44.475,7.798,7.80054,1.37,1.00
2018.04.20 04:29:44.526,7.79827,7.8013,1.00,1.00
2018.04.20 04:29:44.577,7.79817,7.80112,1.00,1.00
2018.04.20 04:29:44.680,7.7981,7.80111,1.00,1.00
2018.04.20 04:29:45.878,7.79803,7.801,1.00,1.00
2018.04.20 04:29:47.755,7.79802,7.801,1.00,1.00
2018.04.20 04:29:50.719,7.79806,7.80104,1.00,1.00
2018.04.20 04:29:51.912,7.79807,7.80104,1.00,1.00
2018.04.20 04:29:55.270,7.79805,7.80102,1.00,1.00
2018.04.20 04:30:02.772,7.79801,7.80101,1.00,1.00
2018.04.20 04:30:05.906,7.79794,7.80095,1.00,1.00
2018.04.20 04:30:06.898,7.79797,7.80093,1.00,1.00
2018.04.20 04:30:12.175,7.79797,7.80086,1.00,1.00
2018.04.20 04:30:17.765,7.79797,7.80079,1.00,1.00
2018.04.20 04:30:20.006,7.79801,7.80054,1.00,1.00
2018.04.20 04:30:32.845,7.79799,7.80053,1.00,1.00
2018.04.20 04:30:37.740,7.79673,7.79918,1.12,1.00
2018.04.20 04:30:37.842,7.79717,7.79971,1.37,1.00
2018.04.20 04:30:37.893,7.79715,7.79969,1.37,1.00
2018.04.20 04:30:37.945,7.79713,7.79967,1.00,1.00
2018.04.20 04:30:37.996,7.7974,7.79994,1.00,1.00
2018.04.20 04:30:38.473,7.79745,7.79999,1.00,1.00
2018.04.20 04:30:40.360,7.79747,7.8,1.00,1.00
2018.04.20 04:30:42.607,7.79728,7.79982,1.00,1.00
2018.04.20 04:30:42.658,7.79734,7.79988,1.00,1.00
2018.04.20 04:30:43.755,7.79721,7.79973,1.00,1.00
2018.04.20 04:30:44.518,7.7972,7.79973,1.00,1.00
2018.04.20 04:30:47.825,7.79722,7.79975,1.00,1.00
2018.04.20 04:30:55.391,7.79722,7.79976,1.00,1.00
2018.04.20 04:30:59.513,7.79722,7.79975,1.00,1.00
2018.04.20 04:31:02.862,7.79716,7.7997,1.00,1.00
2018.04.20 04:31:05.902,7.79705,7.79959,1.00,1.00
2018.04.20 04:31:06.249,7.79714,7.79968,1.00,1.00
2018.04.20 04:31:07.576,7.79711,7.79965,1.00,1.00
2018.04.20 04:31:10.420,7.79714,7.79968,1.00,1.00
2018.04.20 04:31:17.885,7.7971,7.79963,1.00,1.00
2018.04.20 04:31:18.121,7.79715,7.79969,1.00,1.00
2018.04.20 04:31:18.522,7.79712,7.79964,1.00,1.00
2018.04.20 04:31:25.445,7.7971,7.79964,1.00,1.00
2018.04.20 04:31:42.710,7.79711,7.79965,1.00,1.00
2018.04.20 04:31:42.761,7.79701,7.79955,1.00,1.00
2018.04.20 04:31:47.996,7.79704,7.79957,1.00,1.00
2018.04.20 04:31:52.112,7.79706,7.79959,1.00,1.00
2018.04.20 04:32:02.975,7.79703,7.79957,1.00,1.00
2018.04.20 04:32:06.046,7.79684,7.79956,1.00,1.00
2018.04.20 04:32:06.097,7.79687,7.79941,1.00,1.00
2018.04.20 04:32:12.146,7.79683,7.79955,1.00,1.00
2018.04.20 04:32:12.299,7.79681,7.79956,1.00,1.00
2018.04.20 04:32:13.636,7.79682,7.79934,1.00,1.00
2018.04.20 04:32:14.697,7.79682,7.79936,1.00,1.00
2018.04.20 04:32:24.027,7.79675,7.79929,1.00,1.00
2018.04.20 04:32:24.351,7.79677,7.79931,1.00,1.00
2018.04.20 04:32:24.403,7.7967,7.79953,1.00,1.00
2018.04.20 04:32:25.572,7.79668,7.79952,1.00,1.00
2018.04.20 04:32:25.624,7.79666,7.7995,1.00,1.00
2018.04.20 04:32:27.207,7.79667,7.79921,1.00,1.00
2018.04.20 04:32:36.557,7.79672,7.79926,1.00,1.00
2018.04.20 04:32:40.562,7.79671,7.79923,1.00,1.00
2018.04.20 04:32:40.982,7.79669,7.79923,1.00,1.00
2018.04.20 04:32:44.723,7.79668,7.79922,1.00,1.00
2018.04.20 04:32:45.823,7.79671,7.79925,1.00,1.00
2018.04.20 04:32:48.115,7.7967,7.79924,1.00,1.00
2018.04.20 04:32:52.239,7.79665,7.79919,1.00,1.00
2018.04.20 04:32:55.630,7.79664,7.79918,1.00,1.00
2018.04.20 04:32:57.297,7.79671,7.79924,1.00,1.00
2018.04.20 04:32:57.451,7.79687,7.79941,1.00,1.00
2018.04.20 04:32:57.553,7.79691,7.79945,1.00,1.00
2018.04.20 04:33:04.655,7.79696,7.7995,1.00,1.00
2018.04.20 04:33:10.660,7.79698,7.79952,1.00,1.00
2018.04.20 04:33:14.773,7.79696,7.7995,1.00,1.00
2018.04.20 04:33:32.568,7.79707,7.79958,1.00,1.00
2018.04.20 04:33:32.619,7.79685,7.79937,1.00,1.00
2018.04.20 04:33:33.611,7.79676,7.7993,1.00,1.00
2018.04.20 04:33:33.765,7.7968,7.79932,1.00,1.00
2018.04.20 04:33:40.720,7.79682,7.79936,1.00,1.00
2018.04.20 04:33:45.906,7.79657,7.79946,1.00,1.00
2018.04.20 04:33:45.957,7.7968,7.79932,1.00,1.00
2018.04.20 04:33:55.750,7.79681,7.79933,1.00,1.00
2018.04.20 04:33:57.145,7.79681,7.79933,1.37,1.00
2018.04.20 04:33:58.783,7.79681,7.79933,1.37,1.00
2018.04.20 04:33:59.958,7.79679,7.79933,1.37,1.00
2018.04.20 04:34:00.961,7.79662,7.79916,1.37,1.00
2018.04.20 04:34:01.063,7.79652,7.79906,1.37,1.00
2018.04.20 04:34:01.114,7.79647,7.79899,1.37,1.00
2018.04.20 04:34:01.434,7.79638,7.7989,1.37,1.00
2018.04.20 04:34:01.997,7.79628,7.79882,1.37,1.00
2018.04.20 04:34:02.047,7.79621,7.79904,1.37,1.00
2018.04.20 04:34:02.098,7.79626,7.79909,1.37,1.00
2018.04.20 04:34:02.149,7.79637,7.79891,1.37,1.00
2018.04.20 04:34:02.201,7.79646,7.799,1.37,1.00
2018.04.20 04:34:02.302,7.79642,7.79896,1.37,1.00
2018.04.20 04:34:03.230,7.79643,7.79897,1.37,1.00
2018.04.20 04:34:03.733,7.79643,7.79897,1.00,1.00
2018.04.20 04:34:09.475,7.79647,7.79901,1.00,1.00
2018.04.20 04:34:17.316,7.79644,7.79898,1.00,1.00
2018.04.20 04:34:18.253,7.79638,7.79892,1.00,1.00
2018.04.20 04:34:23.721,7.79632,7.79886,1.00,1.00
2018.04.20 04:34:24.039,7.79643,7.79897,1.00,1.00
2018.04.20 04:34:24.385,7.79637,7.79889,1.37,1.00
2018.04.20 04:34:25.788,7.79637,7.7989,1.37,1.00
2018.04.20 04:34:26.863,7.79637,7.7989,1.37,1.00
2018.04.20 04:34:26.914,7.79638,7.79892,1.37,1.00
2018.04.20 04:34:27.137,7.79651,7.79905,1.00,1.00
2018.04.20 04:34:27.290,7.79651,7.79905,1.37,1.00
2018.04.20 04:34:27.811,7.79644,7.79898,1.37,1.00
2018.04.20 04:34:27.913,7.79644,7.79898,1.37,1.00
2018.04.20 04:34:30.902,7.79649,7.79903,1.00,1.00
2018.04.20 04:34:31.459,7.79644,7.79896,1.00,1.00
2018.04.20 04:34:31.510,7.79646,7.799,1.00,1.00
2018.04.20 04:34:32.050,7.79646,7.799,1.37,1.00
2018.04.20 04:34:33.771,7.79631,7.79885,1.37,1.00
2018.04.20 04:34:34.194,7.79623,7.79875,1.37,1.00
2018.04.20 04:34:35.001,7.79623,7.79875,1.00,1.00
2018.04.20 04:34:37.482,7.79622,7.79874,1.00,1.00
2018.04.20 04:34:40.840,7.79621,7.79873,1.00,1.00
2018.04.20 04:34:44.950,7.79621,7.79874,1.00,1.00
2018.04.20 04:34:55.870,7.7962,7.79874,1.00,1.00
2018.04.20 04:35:00.026,7.79618,7.79872,1.00,1.00
2018.04.20 04:35:03.375,7.7962,7.79872,1.00,1.00
2018.04.20 04:35:07.542,7.79618,7.79872,1.00,1.00
2018.04.20 04:35:08.508,7.79616,7.79872,1.00,1.00
2018.04.20 04:35:09.468,7.79619,7.79875,1.00,1.00
2018.04.20 04:35:13.727,7.79575,7.79873,1.37,1.00
2018.04.20 04:35:13.778,7.79568,7.79766,1.50,1.00
2018.04.20 04:35:13.829,7.79556,7.79853,1.75,1.00
2018.04.20 04:35:13.983,7.79563,7.79853,1.12,1.00
2018.04.20 04:35:18.651,7.79558,7.79846,1.00,1.00
2018.04.20 04:35:19.058,7.79562,7.79852,1.00,1.00
2018.04.20 04:35:22.573,7.79561,7.7985,1.00,1.00
2018.04.20 04:35:23.682,7.79556,7.79848,1.12,1.00
2018.04.20 04:35:32.098,7.79561,7.79842,1.00,1.00
2018.04.20 04:35:33.395,7.7956,7.79842,1.00,1.00
2018.04.20 04:35:35.119,7.7956,7.79816,1.00,1.00
2018.04.20 04:35:35.838,7.79564,7.79818,1.00,1.00
2018.04.20 04:35:38.132,7.79559,7.79816,1.37,1.00
2018.04.20 04:35:39.299,7.79557,7.79811,1.00,1.00
2018.04.20 04:35:44.402,7.79557,7.79811,1.37,1.00
2018.04.20 04:35:45.163,7.79539,7.79794,1.37,1.00
2018.04.20 04:35:45.472,7.79523,7.79779,1.37,1.00
2018.04.20 04:35:45.706,7.79523,7.79779,1.37,1.00
2018.04.20 04:35:46.959,7.79523,7.79779,1.37,1.00
2018.04.20 04:35:48.195,7.79523,7.79779,1.37,1.00
2018.04.20 04:35:48.450,7.7953,7.79786,1.37,1.00
2018.04.20 04:35:49.771,7.79555,7.79809,1.00,1.00
2018.04.20 04:35:49.823,7.79544,7.798,1.12,1.00
2018.04.20 04:35:49.976,7.79535,7.79791,1.37,1.00
2018.04.20 04:35:50.283,7.79526,7.79782,1.37,1.00
2018.04.20 04:35:51.518,7.79526,7.79782,1.37,1.00
2018.04.20 04:35:52.634,7.79525,7.79779,1.37,1.00
2018.04.20 04:35:54.194,7.79525,7.79779,1.37,1.00
2018.04.20 04:36:00.108,7.79522,7.79777,1.37,1.00
2018.04.20 04:36:03.485,7.79522,7.79779,1.37,1.00
2018.04.20 04:36:05.896,7.79531,7.79784,1.37,1.00
2018.04.20 04:36:05.947,7.79539,7.79793,1.00,1.00
2018.04.20 04:36:05.998,7.79537,7.79791,1.00,1.00
2018.04.20 04:36:06.303,7.7954,7.79794,1.37,1.00
2018.04.20 04:36:07.662,7.79542,7.79796,1.37,1.00
2018.04.20 04:36:07.789,7.79542,7.79796,1.37,1.00
2018.04.20 04:36:07.841,7.79547,7.79799,1.37,1.00
2018.04.20 04:36:09.069,7.79547,7.79799,1.37,1.00
2018.04.20 04:36:11.022,7.79549,7.79803,1.37,1.00
2018.04.20 04:36:14.674,7.79546,7.798,1.37,1.00
2018.04.20 04:36:18.391,7.79546,7.798,1.37,1.00
2018.04.20 04:36:18.757,7.7953,7.79784,1.37,1.00
2018.04.20 04:36:19.062,7.79525,7.79779,1.37,1.00
2018.04.20 04:36:19.812,7.7953,7.79784,1.37,1.00
2018.04.20 04:36:19.863,7.79537,7.79789,1.37,1.00
2018.04.20 04:36:20.011,7.79541,7.79794,1.37,1.00
2018.04.20 04:36:20.062,7.79544,7.79798,1.12,1.00
2018.04.20 04:36:21.102,7.79544,7.79798,1.37,1.00
2018.04.20 04:36:21.204,7.79548,7.79801,1.37,1.00
2018.04.20 04:36:32.247,7.79548,7.79801,1.37,1.00
2018.04.20 04:36:34.642,7.79548,7.79801,1.37,1.00
2018.04.20 04:36:36.599,7.79548,7.79801,1.00,1.00
2018.04.20 04:36:37.722,7.7955,7.79803,1.00,1.00
2018.04.20 04:36:41.032,7.79547,7.79801,1.00,1.00
2018.04.20 04:36:43.689,7.7955,7.79804,1.00,1.00
2018.04.20 04:36:44.024,7.79552,7.79806,1.37,1.00
2018.04.20 04:36:44.287,7.79559,7.79813,1.37,1.00
2018.04.20 04:36:45.085,7.79559,7.79813,1.37,1.00
2018.04.20 04:36:45.288,7.79557,7.7981,1.37,1.00
2018.04.20 04:36:46.376,7.79554,7.79808,1.37,1.00
2018.04.20 04:36:47.677,7.79554,7.79808,1.00,1.00
2018.04.20 04:36:48.548,7.79555,7.79809,1.00,1.00
2018.04.20 04:36:48.831,7.79552,7.79806,1.00,1.00
2018.04.20 04:36:51.270,7.79541,7.79793,1.37,1.00
2018.04.20 04:36:51.322,7.79544,7.79798,1.37,1.00
2018.04.20 04:36:51.786,7.79544,7.79798,1.00,1.00
2018.04.20 04:36:52.753,7.79546,7.798,1.00,1.00
2018.04.20 04:36:54.132,7.79546,7.798,1.37,1.00
2018.04.20 04:36:56.110,7.79548,7.79801,1.37,1.00
2018.04.20 04:36:56.776,7.79551,7.79803,1.00,1.00
2018.04.20 04:36:56.828,7.79551,7.79805,1.00,1.00
2018.04.20 04:36:57.323,7.79555,7.79809,1.00,1.00
2018.04.20 04:37:00.237,7.79554,7.79808,1.00,1.00
2018.04.20 04:37:03.627,7.79557,7.7981,1.00,1.00
2018.04.20 04:37:04.016,7.79554,7.79806,1.00,1.00
2018.04.20 04:37:04.854,7.79557,7.7981,1.00,1.00
2018.04.20 04:37:08.886,7.79553,7.79807,1.00,1.00
2018.04.20 04:37:11.094,7.79556,7.79808,1.00,1.00
2018.04.20 04:37:11.927,7.79552,7.79806,1.00,1.00
2018.04.20 04:37:12.668,7.79555,7.79809,1.00,1.00
2018.04.20 04:37:12.990,7.79553,7.79804,1.00,1.00
2018.04.20 04:37:14.677,7.7955,7.79804,1.00,1.00
2018.04.20 04:37:14.728,7.79557,7.7981,1.00,1.00
2018.04.20 04:37:15.248,7.79556,7.7981,1.00,1.00
2018.04.20 04:37:18.655,7.79558,7.79812,1.00,1.00
2018.04.20 04:37:22.762,7.79557,7.79811,1.00,1.00
2018.04.20 04:37:33.635,7.79559,7.79813,1.00,1.00
2018.04.20 04:37:35.762,7.79563,7.79817,1.00,1.00
2018.04.20 04:37:36.849,7.7956,7.79807,1.00,1.00
2018.04.20 04:37:39.351,7.79558,7.79807,1.00,1.00
2018.04.20 04:37:39.589,7.79547,7.79796,1.37,1.00
2018.04.20 04:37:39.844,7.79553,7.79802,1.00,1.00
2018.04.20 04:37:41.201,7.79554,7.79803,1.00,1.00
2018.04.20 04:37:42.276,7.7955,7.79799,1.00,1.00
2018.04.20 04:37:48.714,7.79551,7.798,1.00,1.00
2018.04.20 04:37:52.458,7.79559,7.79808,1.00,1.00
2018.04.20 04:37:55.348,7.79565,7.79812,1.00,1.00
2018.04.20 04:37:56.230,7.79565,7.79814,1.00,1.00
2018.04.20 04:37:56.640,7.7956,7.79809,1.00,1.00
2018.04.20 04:37:56.945,7.79562,7.79809,1.00,1.00
2018.04.20 04:38:00.369,7.7956,7.79809,1.00,1.00
2018.04.20 04:38:03.745,7.79559,7.79806,1.00,1.00
2018.04.20 04:38:04.444,7.79555,7.79804,1.00,1.00
2018.04.20 04:38:04.651,7.7956,7.79808,1.00,1.00
2018.04.20 04:38:05.604,7.79579,7.79828,1.00,1.00
2018.04.20 04:38:05.656,7.79582,7.7983,1.00,1.00
2018.04.20 04:38:05.758,7.79607,7.79856,1.00,1.00
2018.04.20 04:38:05.809,7.79585,7.79834,1.00,1.00
2018.04.20 04:38:06.115,7.79617,7.79866,1.00,1.00
2018.04.20 04:38:07.860,7.79613,7.79862,1.00,1.00
2018.04.20 04:38:11.231,7.79612,7.79861,1.00,1.00
2018.04.20 04:38:15.417,7.79614,7.79861,1.00,1.00
2018.04.20 04:38:18.775,7.79611,7.7986,1.00,1.00
2018.04.20 04:38:26.276,7.7961,7.79859,1.00,1.00
2018.04.20 04:38:29.387,7.79608,7.79856,1.00,1.00
2018.04.20 04:38:29.692,7.79615,7.79862,1.00,1.00
2018.04.20 04:38:30.447,7.79616,7.79863,1.00,1.00
2018.04.20 04:38:33.796,7.79614,7.79863,1.00,1.00
2018.04.20 04:38:35.692,7.79618,7.79867,1.00,1.00
2018.04.20 04:38:52.953,7.7962,7.79869,1.00,1.00
2018.04.20 04:39:00.511,7.79619,7.79866,1.00,1.00
2018.04.20 04:39:07.979,7.79619,7.79868,1.00,1.00
2018.04.20 04:39:11.382,7.79621,7.7987,1.00,1.00
2018.04.20 04:39:12.745,7.79624,7.79871,1.00,1.00
2018.04.20 04:39:15.537,7.79622,7.79871,1.00,1.00
2018.04.20 04:39:18.895,7.79616,7.79865,1.00,1.00
2018.04.20 04:39:22.664,7.7963,7.79879,1.00,1.00
2018.04.20 04:39:23.755,7.7962,7.79869,1.00,1.00
2018.04.20 04:39:33.924,7.79623,7.79872,1.00,1.00
2018.04.20 04:39:41.440,7.79622,7.79871,1.00,1.00
2018.04.20 04:39:56.470,7.79623,7.79871,1.00,1.00
2018.04.20 04:40:09.291,7.7962,7.79871,1.00,1.00
2018.04.20 04:40:09.343,7.79611,7.7986,1.00,1.00
2018.04.20 04:40:11.113,7.79605,7.79857,1.00,1.00
2018.04.20 04:40:11.267,7.79603,7.79854,1.00,1.00
2018.04.20 04:40:11.581,7.79601,7.79852,1.00,1.00
2018.04.20 04:40:11.886,7.79605,7.79855,1.00,1.00
2018.04.20 04:40:11.937,7.796,7.79851,1.00,1.00
2018.04.20 04:40:12.150,7.79609,7.7986,1.00,1.00
2018.04.20 04:40:12.454,7.79606,7.79855,1.00,1.00
2018.04.20 04:40:12.505,7.79594,7.79844,1.00,1.00
2018.04.20 04:40:15.618,7.79595,7.79846,1.00,1.00
2018.04.20 04:40:17.333,7.79592,7.79843,1.00,1.00
2018.04.20 04:40:17.386,7.79596,7.79848,1.00,1.00
2018.04.20 04:40:18.966,7.79595,7.79846,1.00,1.00
2018.04.20 04:40:23.274,7.79592,7.79843,1.00,1.00
2018.04.20 04:40:34.044,7.79594,7.79846,1.00,1.00
2018.04.20 04:40:35.392,7.79591,7.79842,1.00,1.00
2018.04.20 04:40:38.202,7.79592,7.79843,1.00,1.00
2018.04.20 04:40:41.560,7.79595,7.79846,1.00,1.00
2018.04.20 04:40:49.212,7.79583,7.79835,1.00,1.00
2018.04.20 04:40:49.314,7.79595,7.79844,1.00,1.00
2018.04.20 04:40:53.232,7.79599,7.7985,1.00,1.00
2018.04.20 04:40:55.053,7.79578,7.7983,1.00,1.00
2018.04.20 04:40:55.156,7.79559,7.7981,1.00,1.00
2018.04.20 04:40:55.259,7.79569,7.79821,1.00,1.00
2018.04.20 04:40:55.973,7.7957,7.79821,1.00,1.00
2018.04.20 04:40:56.590,7.79569,7.79821,1.00,1.00
2018.04.20 04:41:04.105,7.79566,7.79818,1.00,1.00
2018.04.20 04:41:06.713,7.79556,7.79805,1.00,1.00
2018.04.20 04:41:07.176,7.79557,7.79809,1.00,1.00
2018.04.20 04:41:07.403,7.79567,7.79819,1.00,1.00
2018.04.20 04:41:07.709,7.79554,7.79805,1.00,1.00
2018.04.20 04:41:08.214,7.79551,7.798,1.00,1.00
2018.04.20 04:41:11.620,7.79551,7.79802,1.00,1.00
2018.04.20 04:41:19.136,7.79557,7.79807,1.00,1.00
2018.04.20 04:41:20.516,7.79559,7.7981,1.00,1.00
2018.04.20 04:41:23.243,7.79561,7.79812,1.00,1.00
2018.04.20 04:41:24.838,7.7955,7.79801,1.00,1.00
2018.04.20 04:41:26.614,7.79551,7.79802,1.00,1.00
2018.04.20 04:41:34.115,7.79553,7.79805,1.00,1.00
2018.04.20 04:41:41.634,7.79552,7.79802,1.00,1.00
2018.04.20 04:41:42.678,7.79545,7.79796,1.00,1.00
2018.04.20 04:41:45.880,7.79547,7.79798,1.00,1.00
2018.04.20 04:41:49.196,7.79548,7.79799,1.00,1.00
2018.04.20 04:41:53.336,7.79547,7.79799,1.00,1.00
2018.04.20 04:42:00.190,7.79544,7.79794,1.00,1.00
2018.04.20 04:42:00.364,7.79552,7.79803,1.00,1.00
2018.04.20 04:42:02.270,7.79539,7.79788,1.00,1.00
2018.04.20 04:42:02.372,7.79552,7.79804,1.00,1.00
2018.04.20 04:42:03.431,7.79557,7.79808,1.00,1.00
2018.04.20 04:42:04.174,7.79566,7.79815,1.00,1.37
2018.04.20 04:42:04.508,7.79567,7.79819,1.00,1.00
2018.04.20 04:42:07.951,7.7957,7.79822,1.00,1.00
2018.04.20 04:42:08.444,7.79559,7.7981,1.00,1.00
2018.04.20 04:42:08.673,7.79562,7.79814,1.00,1.00
2018.04.20 04:42:11.307,7.7956,7.7981,1.00,1.00
2018.04.20 04:42:19.205,7.79562,7.79813,1.00,1.00
2018.04.20 04:42:20.720,7.79569,7.79821,1.00,1.00
2018.04.20 04:42:23.412,7.79566,7.79818,1.00,1.00
2018.04.20 04:42:33.756,7.79592,7.79843,1.00,1.00
2018.04.20 04:42:33.808,7.79576,7.79864,1.00,1.00
2018.04.20 04:42:33.860,7.796,7.79865,1.00,1.00
2018.04.20 04:42:34.065,7.79581,7.79857,1.00,1.00
2018.04.20 04:42:35.129,7.79583,7.79862,1.00,1.00
2018.04.20 04:42:35.801,7.79612,7.79861,1.00,1.00
2018.04.20 04:42:40.755,7.79616,7.79868,1.00,1.00
2018.04.20 04:42:41.801,7.79614,7.79865,1.00,1.00
2018.04.20 04:42:43.589,7.79617,7.79868,1.00,1.00
2018.04.20 04:42:45.955,7.79616,7.79867,1.00,1.00
2018.04.20 04:42:49.315,7.79612,7.79861,1.00,1.00
2018.04.20 04:42:50.169,7.79609,7.7986,1.00,1.00
2018.04.20 04:42:50.646,7.79618,7.79869,1.00,1.00
2018.04.20 04:42:50.697,7.79597,7.79878,1.00,1.00
2018.04.20 04:42:50.901,7.79598,7.79875,1.00,1.00
2018.04.20 04:42:51.947,7.79624,7.79875,1.00,1.00
2018.04.20 04:42:51.999,7.79599,7.79876,1.00,1.00
2018.04.20 04:42:52.102,7.79596,7.79871,1.00,1.00
2018.04.20 04:42:52.962,7.79626,7.79878,1.00,1.00
2018.04.20 04:42:53.425,7.79626,7.7988,1.00,1.00
2018.04.20 04:43:00.987,7.79628,7.79881,1.00,1.00
2018.04.20 04:43:04.346,7.7963,7.79881,1.00,1.00
2018.04.20 04:43:06.110,7.79633,7.79884,1.00,1.00
2018.04.20 04:43:06.161,7.79635,7.79887,1.00,1.00
2018.04.20 04:43:08.502,7.79638,7.7989,1.00,1.00
2018.04.20 04:43:18.897,7.79629,7.79881,1.00,1.00
2018.04.20 04:43:19.217,7.7961,7.79862,1.00,1.00
2018.04.20 04:43:20.208,7.79612,7.79864,1.00,1.00
2018.04.20 04:43:20.259,7.79595,7.79877,1.00,1.00
2018.04.20 04:43:20.310,7.79612,7.79861,1.00,1.00
2018.04.20 04:43:20.412,7.7961,7.7986,1.00,1.00
2018.04.20 04:43:22.705,7.79597,7.79848,1.00,1.00
2018.04.20 04:43:26.890,7.79608,7.79857,1.00,1.00
2018.04.20 04:43:30.998,7.7961,7.7986,1.00,1.00
2018.04.20 04:43:31.205,7.79611,7.79862,1.00,1.00
2018.04.20 04:43:31.746,7.7961,7.79861,1.00,1.00
2018.04.20 04:43:32.889,7.79603,7.79857,1.00,1.00
2018.04.20 04:43:34.405,7.79604,7.79858,1.00,1.00
2018.04.20 04:43:35.141,7.7961,7.79862,1.00,1.00
2018.04.20 04:43:35.727,7.79616,7.7987,1.00,1.00
2018.04.20 04:43:37.789,7.79619,7.79873,1.00,1.00
2018.04.20 04:43:38.551,7.79613,7.79867,1.00,1.00
2018.04.20 04:43:41.921,7.79612,7.79866,1.00,1.00
2018.04.20 04:43:49.435,7.79617,7.79869,1.00,1.00
2018.04.20 04:43:52.086,7.79611,7.79865,1.00,1.00
2018.04.20 04:43:52.439,7.79625,7.79879,1.00,1.00
2018.04.20 04:43:52.792,7.79646,7.799,1.00,1.00
2018.04.20 04:43:53.544,7.79642,7.79896,1.00,1.00
2018.04.20 04:43:54.657,7.79647,7.79899,1.00,1.00
2018.04.20 04:43:56.949,7.79648,7.79901,1.00,1.00
2018.04.20 04:44:01.191,7.79646,7.799,1.00,1.00
2018.04.20 04:44:04.439,7.79648,7.79902,1.00,1.00
2018.04.20 04:44:11.930,7.79649,7.79903,1.00,1.00
2018.04.20 04:44:16.137,7.7965,7.79903,1.00,1.00
2018.04.20 04:44:19.496,7.79651,7.79904,1.00,1.00
2018.04.20 04:44:23.653,7.79652,7.79905,1.00,1.00
2018.04.20 04:44:24.109,7.79648,7.79902,1.00,1.00
2018.04.20 04:44:24.160,7.79641,7.79893,1.00,1.00
2018.04.20 04:44:25.364,7.79651,7.79902,1.00,1.00
2018.04.20 04:44:29.460,7.79653,7.79903,1.00,1.00
2018.04.20 04:44:32.076,7.79668,7.7992,1.00,1.00
2018.04.20 04:44:32.127,7.7966,7.79909,1.00,1.00
2018.04.20 04:44:34.524,7.7966,7.79911,1.00,1.00
2018.04.20 04:44:53.712,7.79662,7.79913,1.00,1.00
2018.04.20 04:44:58.075,7.79651,7.799,1.00,1.00
2018.04.20 04:44:58.127,7.79654,7.79904,1.00,1.00
2018.04.20 04:44:58.283,7.79661,7.79911,1.00,1.00
2018.04.20 04:45:01.228,7.79662,7.79913,1.00,1.00
2018.04.20 04:45:04.585,7.79666,7.79917,1.00,1.00
2018.04.20 04:45:12.202,7.79676,7.79927,1.00,1.00
2018.04.20 04:45:16.258,7.79679,7.79928,1.00,1.00
2018.04.20 04:45:19.616,7.79675,7.79926,1.00,1.00
2018.04.20 04:45:20.282,7.7967,7.79921,1.00,1.00
2018.04.20 04:45:21.536,7.79669,7.7992,1.00,1.00
2018.04.20 04:45:27.131,7.7967,7.79921,1.00,1.00
2018.04.20 04:45:34.398,7.79674,7.79925,1.00,1.00
2018.04.20 04:45:36.147,7.79674,7.79926,1.00,1.00
2018.04.20 04:45:36.646,7.7968,7.79932,1.00,1.00
2018.04.20 04:45:38.774,7.79679,7.79931,1.00,1.00
2018.04.20 04:45:46.317,7.79681,7.7993,1.00,1.00
2018.04.20 04:45:54.151,7.79661,7.7991,1.00,1.00
2018.04.20 04:45:54.202,7.79661,7.79912,1.00,1.00
2018.04.20 04:45:54.253,7.79656,7.79906,1.00,1.00
2018.04.20 04:45:55.457,7.79651,7.79901,1.00,1.00
2018.04.20 04:45:55.508,7.79662,7.79913,1.00,1.00
2018.04.20 04:46:04.688,7.79657,7.79908,1.00,1.00
2018.04.20 04:46:10.720,7.79598,7.79807,1.37,1.00
2018.04.20 04:46:10.771,7.79569,7.79881,1.75,1.00
2018.04.20 04:46:10.823,7.79605,7.79898,1.37,1.00
2018.04.20 04:46:10.925,7.79586,7.79897,1.37,1.00
2018.04.20 04:46:11.027,7.79621,7.79897,1.00,1.00
2018.04.20 04:46:12.175,7.79619,7.79896,1.00,1.00
2018.04.20 04:46:13.728,7.79617,7.79869,1.00,1.00
2018.04.20 04:46:15.743,7.79616,7.79891,1.00,1.00
2018.04.20 04:46:15.794,7.79616,7.79866,1.00,1.00
2018.04.20 04:46:16.377,7.79615,7.79866,1.00,1.00
2018.04.20 04:46:18.862,7.79615,7.79866,1.37,1.00
2018.04.20 04:46:19.736,7.79616,7.79867,1.37,1.00
2018.04.20 04:46:20.626,7.79619,7.7987,1.00,1.00
2018.04.20 04:46:23.842,7.79618,7.79869,1.00,1.00
2018.04.20 04:46:28.263,7.79615,7.79866,1.00,1.00
2018.04.20 04:46:31.408,7.79613,7.79865,1.00,1.00
2018.04.20 04:46:34.764,7.79618,7.79869,1.00,1.00
2018.04.20 04:46:38.872,7.7962,7.7987,1.00,1.00
2018.04.20 04:46:46.400,7.79621,7.7987,1.00,1.00
2018.04.20 04:46:51.258,7.79623,7.79874,1.00,1.00
2018.04.20 04:46:52.120,7.79625,7.79875,1.00,1.00
2018.04.20 04:46:52.221,7.79633,7.79884,1.00,1.00
2018.04.20 04:46:53.374,7.79634,7.79885,1.00,1.00
2018.04.20 04:46:53.952,7.79635,7.79886,1.00,1.00
2018.04.20 04:46:57.260,7.79633,7.79884,1.00,1.00
2018.04.20 04:47:05.375,7.79652,7.79904,1.00,1.00
2018.04.20 04:47:05.427,7.79657,7.79908,1.00,1.00
2018.04.20 04:47:05.761,7.79661,7.79912,1.00,1.37
2018.04.20 04:47:06.702,7.79661,7.79912,1.00,1.00
2018.04.20 04:47:07.401,7.7965,7.79901,1.00,1.00
2018.04.20 04:47:07.452,7.79653,7.79905,1.00,1.00
2018.04.20 04:47:08.982,7.79658,7.79909,1.00,1.00
2018.04.20 04:47:12.102,7.79664,7.79915,1.00,1.00
2018.04.20 04:47:12.409,7.79679,7.79928,1.00,1.00
2018.04.20 04:47:16.044,7.79682,7.79932,1.00,1.00
2018.04.20 04:47:16.540,7.79677,7.79928,1.00,1.00
2018.04.20 04:47:19.855,7.79676,7.79927,1.00,1.00
2018.04.20 04:47:21.866,7.79679,7.79931,1.00,1.00
2018.04.20 04:47:24.012,7.79678,7.7993,1.00,1.00
2018.04.20 04:47:26.465,7.79674,7.79926,1.00,1.00
2018.04.20 04:47:27.370,7.79676,7.79928,1.00,1.00
2018.04.20 04:47:29.805,7.79674,7.79923,1.00,1.00
2018.04.20 04:47:36.024,7.79669,7.79921,1.00,1.00
2018.04.20 04:47:37.030,7.79673,7.79924,1.00,1.00
2018.04.20 04:47:38.910,7.79679,7.79929,1.00,1.00
2018.04.20 04:47:39.042,7.79679,7.79931,1.00,1.00
2018.04.20 04:47:42.401,7.79678,7.79929,1.00,1.00
2018.04.20 04:47:49.631,7.79679,7.79931,1.00,1.00
2018.04.20 04:47:49.682,7.79682,7.79934,1.00,1.00
2018.04.20 04:47:49.988,7.797,7.79952,1.00,1.00
2018.04.20 04:47:57.431,7.79702,7.79953,1.00,1.00
2018.04.20 04:48:00.255,7.79705,7.79956,1.00,1.00
2018.04.20 04:48:01.035,7.79706,7.79956,1.00,1.00
2018.04.20 04:48:01.473,7.79708,7.79959,1.00,1.00
2018.04.20 04:48:04.853,7.79699,7.7995,1.00,1.00
2018.04.20 04:48:05.883,7.79702,7.79953,1.00,1.00
2018.04.20 04:48:09.052,7.79697,7.79949,1.00,1.00
2018.04.20 04:48:14.076,7.79701,7.79953,1.00,1.00
2018.04.20 04:48:15.446,7.79699,7.79948,1.00,1.00
2018.04.20 04:48:15.865,7.79703,7.79954,1.00,1.00
2018.04.20 04:48:19.975,7.79708,7.79958,1.00,1.00
2018.04.20 04:48:21.304,7.79714,7.79963,1.00,1.00
2018.04.20 04:48:24.132,7.79711,7.79962,1.00,1.00
2018.04.20 04:48:34.988,7.79713,7.79964,1.00,1.00
2018.04.20 04:48:35.770,7.79641,7.79867,1.37,1.00
2018.04.20 04:48:35.821,7.79663,7.79898,1.00,1.00
2018.04.20 04:48:35.872,7.79657,7.79944,1.00,1.00
2018.04.20 04:48:38.460,7.79652,7.79939,1.00,1.00
2018.04.20 04:48:39.112,7.79655,7.79937,1.00,1.00
2018.04.20 04:48:42.520,7.79653,7.79938,1.00,1.00
2018.04.20 04:48:46.677,7.79654,7.79938,1.00,1.00
2018.04.20 04:48:48.157,7.79659,7.79944,1.00,1.00
2018.04.20 04:48:49.300,7.79656,7.7994,1.00,1.00
2018.04.20 04:48:49.961,7.79659,7.79944,1.00,1.00
2018.04.20 04:48:50.012,7.79658,7.79935,1.00,1.00
2018.04.20 04:48:52.098,7.79662,7.79913,1.00,1.00
2018.04.20 04:48:52.962,7.7967,7.79919,1.00,1.00
2018.04.20 04:48:53.114,7.79662,7.79912,1.00,1.00
2018.04.20 04:48:54.192,7.7966,7.79909,1.00,1.00
2018.04.20 04:48:57.502,7.79656,7.79908,1.00,1.00
2018.04.20 04:49:02.487,7.79662,7.79912,1.00,1.00
2018.04.20 04:49:05.045,7.79663,7.79915,1.00,1.00
2018.04.20 04:49:07.630,7.7966,7.79911,1.00,1.00
2018.04.20 04:49:08.057,7.79663,7.79914,1.00,1.00
2018.04.20 04:49:12.203,7.79672,7.79923,1.00,1.00
2018.04.20 04:49:12.508,7.79684,7.79934,1.00,1.00
2018.04.20 04:49:12.812,7.79704,7.79956,1.37,1.00
2018.04.20 04:49:15.063,7.79716,7.79981,1.37,1.00
2018.04.20 04:49:15.115,7.79718,7.79967,1.37,1.00
2018.04.20 04:49:16.707,7.79718,7.79967,1.00,1.00
2018.04.20 04:49:20.045,7.79717,7.79966,1.00,1.00
2018.04.20 04:49:21.131,7.7971,7.79962,1.00,1.00
2018.04.20 04:49:25.145,7.79705,7.79957,1.00,1.00
2018.04.20 04:49:26.788,7.79629,7.79842,1.12,1.00
2018.04.20 04:49:26.891,7.7962,7.7991,1.00,1.00
2018.04.20 04:49:26.942,7.79624,7.79917,1.00,1.00
2018.04.20 04:49:27.045,7.7965,7.79923,1.00,1.00
2018.04.20 04:49:27.413,7.79682,7.79934,1.00,1.00
2018.04.20 04:49:27.724,7.79686,7.79938,1.00,1.00
2018.04.20 04:49:31.718,7.79689,7.79941,1.00,1.00
2018.04.20 04:49:34.422,7.79695,7.79946,1.00,1.00
2018.04.20 04:49:35.075,7.79694,7.79946,1.00,1.00
2018.04.20 04:49:39.232,7.79694,7.79945,1.00,1.00
2018.04.20 04:49:42.591,7.79693,7.79945,1.00,1.00
2018.04.20 04:49:50.155,7.79696,7.79947,1.00,1.00
2018.04.20 04:49:51.435,7.79702,7.79953,1.00,1.00
2018.04.20 04:49:54.262,7.79701,7.79952,1.00,1.00
2018.04.20 04:49:56.946,7.79698,7.79949,1.00,1.00
2018.04.20 04:49:59.459,7.79701,7.79952,1.00,1.00
2018.04.20 04:50:07.052,7.79698,7.79949,1.00,1.00
2018.04.20 04:50:09.342,7.79699,7.79951,1.00,1.00
2018.04.20 04:50:12.073,7.79696,7.80014,1.00,1.75
2018.04.20 04:50:12.124,7.7971,7.79961,1.00,1.00
2018.04.20 04:50:12.720,7.79712,7.79963,1.00,1.00
2018.04.20 04:50:20.215,7.7971,7.79961,1.00,1.00
2018.04.20 04:50:21.604,7.79705,7.79956,1.00,1.00
2018.04.20 04:50:28.038,7.79708,7.7996,1.00,1.00
2018.04.20 04:50:28.090,7.79717,7.79969,1.00,1.00
2018.04.20 04:50:28.391,7.79727,7.79978,1.00,1.00
2018.04.20 04:50:31.888,7.7973,7.79981,1.00,1.00
2018.04.20 04:50:37.443,7.79726,7.79977,1.00,1.00
2018.04.20 04:50:37.749,7.79724,7.79975,1.00,1.00
2018.04.20 04:50:38.065,7.79721,7.7997,1.00,1.00
2018.04.20 04:50:38.116,7.79713,7.79964,1.00,1.00
2018.04.20 04:50:38.255,7.79715,7.79964,1.00,1.00
2018.04.20 04:50:38.307,7.79718,7.79968,1.00,1.00
2018.04.20 04:50:39.352,7.79713,7.79965,1.00,1.00
2018.04.20 04:50:42.778,7.79715,7.79967,1.00,1.00
2018.04.20 04:50:50.275,7.79715,7.79965,1.00,1.00
2018.04.20 04:50:51.280,7.79718,7.79969,1.00,1.00
2018.04.20 04:50:53.263,7.79715,7.79966,1.00,1.00
2018.04.20 04:50:54.433,7.79714,7.79965,1.00,1.00
2018.04.20 04:50:57.748,7.79713,7.79965,1.00,1.00
2018.04.20 04:51:00.232,7.79708,7.7996,1.00,1.00
2018.04.20 04:51:00.720,7.79704,7.79954,1.00,1.00
2018.04.20 04:51:01.898,7.79705,7.79956,1.00,1.00
2018.04.20 04:51:05.242,7.79734,7.79986,1.00,1.37
2018.04.20 04:51:05.874,7.7973,7.79981,1.00,1.00
2018.04.20 04:51:05.976,7.79727,7.79978,1.00,1.00
2018.04.20 04:51:06.027,7.7972,7.79972,1.00,1.00
2018.04.20 04:51:06.230,7.79716,7.79967,1.00,1.00
2018.04.20 04:51:09.441,7.79718,7.79969,1.00,1.00
2018.04.20 04:51:10.086,7.79719,7.79971,1.00,1.00
2018.04.20 04:51:12.106,7.79717,7.7999,1.00,1.00
2018.04.20 04:51:12.158,7.79734,7.79986,1.00,1.00
2018.04.20 04:51:12.628,7.79731,7.79983,1.00,1.00
2018.04.20 04:51:14.815,7.79664,7.7985,1.00,1.00
2018.04.20 04:51:14.867,7.79664,7.79853,1.00,1.00
2018.04.20 04:51:14.918,7.79662,7.79948,1.00,1.00
2018.04.20 04:51:15.020,7.7963,7.79934,1.37,1.00
2018.04.20 04:51:15.327,7.79672,7.79948,1.00,1.00
2018.04.20 04:51:19.788,7.7967,7.79934,1.00,1.00
2018.04.20 04:51:20.330,7.7967,7.79933,1.00,1.00
2018.04.20 04:51:25.120,7.79672,7.79938,1.00,1.00
2018.04.20 04:51:25.746,7.79669,7.79934,1.00,1.00
2018.04.20 04:51:27.800,7.79668,7.79933,1.00,1.00
2018.04.20 04:51:31.346,7.79672,7.79935,1.00,1.00
2018.04.20 04:51:31.959,7.79669,7.79934,1.00,1.00
2018.04.20 04:51:32.101,7.79675,7.79924,1.00,1.00
2018.04.20 04:51:35.019,7.79679,7.79929,1.00,1.00
2018.04.20 04:51:35.365,7.79679,7.79931,1.00,1.00
2018.04.20 04:51:42.078,7.79681,7.79932,1.00,1.00
2018.04.20 04:51:42.850,7.79681,7.79933,1.00,1.00
2018.04.20 04:51:46.768,7.79681,7.7993,1.00,1.00
2018.04.20 04:51:47.634,7.79682,7.79931,1.00,1.00
2018.04.20 04:51:52.084,7.797,7.79949,1.00,1.00
2018.04.20 04:51:52.187,7.79711,7.79962,1.00,1.00
2018.04.20 04:51:52.238,7.79723,7.79976,1.00,1.00
2018.04.20 04:51:52.326,7.79714,7.79965,1.00,1.00
2018.04.20 04:51:52.432,7.79722,7.79991,1.00,1.00
2018.04.20 04:51:52.688,7.79734,7.79983,1.00,1.00
2018.04.20 04:51:52.740,7.79708,7.79984,1.00,1.00
2018.04.20 04:52:05.425,7.79709,7.79984,1.00,1.00
2018.04.20 04:52:06.750,7.79732,7.79981,1.00,1.00
2018.04.20 04:52:12.097,7.7971,7.79994,1.00,1.00
2018.04.20 04:52:12.148,7.79711,7.79996,1.00,1.00
2018.04.20 04:52:12.688,7.79723,7.7999,1.00,1.00
2018.04.20 04:52:19.912,7.7974,7.79991,1.00,1.00
2018.04.20 04:52:22.880,7.79747,7.79998,1.00,1.00
2018.04.20 04:52:23.194,7.79743,7.79994,1.00,1.00
2018.04.20 04:52:25.730,7.79733,7.79984,1.00,1.00
2018.04.20 04:52:26.035,7.79743,7.79994,1.00,1.00
2018.04.20 04:52:31.516,7.79745,7.79994,1.00,1.00
2018.04.20 04:52:31.948,7.79741,7.7999,1.00,1.00
2018.04.20 04:52:32.275,7.79753,7.80001,1.00,1.00
2018.04.20 04:52:33.446,7.7975,7.79998,1.00,1.00
2018.04.20 04:52:35.485,7.79746,7.79995,1.00,1.00
2018.04.20 04:52:37.489,7.7975,7.79999,1.00,1.00
2018.04.20 04:52:38.774,7.79678,7.79891,1.37,1.00
2018.04.20 04:52:38.826,7.79678,7.79946,1.37,1.00
2018.04.20 04:52:38.878,7.79693,7.79961,1.00,1.00
2018.04.20 04:52:38.930,7.79697,7.79953,1.00,1.00
2018.04.20 04:52:39.245,7.7971,7.79957,1.00,1.00
2018.04.20 04:52:39.349,7.79708,7.79957,1.00,1.00
2018.04.20 04:52:39.400,7.79702,7.79951,1.00,1.00
2018.04.20 04:52:39.606,7.79641,7.79932,1.00,1.00
2018.04.20 04:52:39.657,7.79625,7.79872,1.00,1.00
2018.04.20 04:52:39.709,7.79606,7.79859,1.00,1.00
2018.04.20 04:52:39.760,7.7964,7.79889,1.00,1.00
2018.04.20 04:52:40.067,7.7965,7.79899,1.00,1.00
2018.04.20 04:52:40.443,7.79655,7.79902,1.00,1.00
2018.04.20 04:52:50.108,7.79659,7.79908,1.00,1.00
2018.04.20 04:52:50.471,7.79654,7.79903,1.00,1.00
2018.04.20 04:52:58.034,7.79653,7.799,1.00,1.00
2018.04.20 04:53:09.683,7.79655,7.79902,1.00,1.00
2018.04.20 04:53:12.145,7.79662,7.79911,1.00,1.00
2018.04.20 04:53:12.721,7.79667,7.79915,1.00,1.00
2018.04.20 04:53:17.168,7.79668,7.79915,1.00,1.00
2018.04.20 04:53:20.575,7.79662,7.7991,1.00,1.00
2018.04.20 04:53:35.555,7.79661,7.79909,1.00,1.00
2018.04.20 04:53:39.712,7.79661,7.7991,1.00,1.00
2018.04.20 04:53:43.108,7.7966,7.79909,1.00,1.00
2018.04.20 04:53:47.279,7.79662,7.79911,1.00,1.00
2018.04.20 04:53:52.837,7.79659,7.79908,1.00,1.00
2018.04.20 04:53:54.760,7.79659,7.79906,1.00,1.00
2018.04.20 04:53:56.942,7.79656,7.79905,1.00,1.00
2018.04.20 04:53:57.118,7.79651,7.799,1.00,1.00
2018.04.20 04:53:57.427,7.79653,7.799,1.00,1.00
2018.04.20 04:53:58.115,7.79654,7.799,1.00,1.00
2018.04.20 04:54:02.327,7.79656,7.79901,1.00,1.00
2018.04.20 04:54:05.665,7.79657,7.79904,1.00,1.00
2018.04.20 04:54:07.523,7.79654,7.799,1.00,1.00
2018.04.20 04:54:07.828,7.79658,7.79903,1.00,1.00
2018.04.20 04:54:09.823,7.7966,7.79906,1.00,1.00
2018.04.20 04:54:12.160,7.79668,7.79914,1.00,1.00
2018.04.20 04:54:13.187,7.79669,7.79915,1.00,1.00
2018.04.20 04:54:20.677,7.79664,7.7991,1.00,1.00
2018.04.20 04:54:26.026,7.79675,7.79921,1.00,1.00
2018.04.20 04:54:26.649,7.79676,7.79922,1.00,1.00
2018.04.20 04:54:28.263,7.79676,7.79923,1.00,1.00
2018.04.20 04:54:35.713,7.7968,7.79924,1.00,1.00
2018.04.20 04:54:36.327,7.79674,7.7992,1.00,1.00
2018.04.20 04:54:41.671,7.79677,7.79924,1.00,1.00
2018.04.20 04:54:47.365,7.79679,7.79926,1.00,1.00
2018.04.20 04:54:48.763,7.79675,7.79921,1.00,1.00
2018.04.20 04:54:49.068,7.79661,7.79907,1.00,1.00
2018.04.20 04:54:50.744,7.79662,7.79909,1.00,1.00
2018.04.20 04:54:52.096,7.79676,7.79921,1.00,1.00
2018.04.20 04:54:54.913,7.79671,7.79917,1.00,1.00
2018.04.20 04:54:57.442,7.79664,7.7991,1.00,1.00
2018.04.20 04:54:57.747,7.79661,7.79907,1.00,1.00
2018.04.20 04:55:02.380,7.7966,7.79907,1.00,1.00
2018.04.20 04:55:04.597,7.79651,7.79923,1.00,1.00
2018.04.20 04:55:04.649,7.79675,7.79922,1.00,1.00
2018.04.20 04:55:05.764,7.79673,7.7992,1.00,1.00
2018.04.20 04:55:11.891,7.79674,7.7992,1.00,1.00
2018.04.20 04:55:17.458,7.79672,7.79918,1.00,1.00
2018.04.20 04:55:25.001,7.79676,7.79922,1.00,1.00
2018.04.20 04:55:28.155,7.79681,7.79927,1.00,1.00
2018.04.20 04:55:28.460,7.79677,7.79923,1.00,1.00
2018.04.20 04:55:30.065,7.79673,7.79927,1.00,1.00
2018.04.20 04:55:30.116,7.7968,7.79929,1.00,1.00
2018.04.20 04:55:30.446,7.7969,7.79936,1.00,1.00
2018.04.20 04:55:30.750,7.79699,7.79945,1.00,1.00
2018.04.20 04:55:31.862,7.79704,7.7995,1.00,1.00
2018.04.20 04:55:32.111,7.79712,7.79959,1.00,1.00
2018.04.20 04:55:35.846,7.79709,7.79955,1.00,1.00
2018.04.20 04:55:40.002,7.79708,7.79954,1.00,1.00
2018.04.20 04:55:45.209,7.79704,7.7995,1.00,1.00
2018.04.20 04:55:50.876,7.79705,7.79951,1.00,1.00
2018.04.20 04:55:52.928,7.79708,7.79955,1.00,1.00
2018.04.20 04:55:55.033,7.7971,7.79957,1.00,1.00
2018.04.20 04:55:57.610,7.79706,7.7995,1.00,1.00
2018.04.20 04:56:02.548,7.79708,7.79952,1.00,1.00
2018.04.20 04:56:08.766,7.79709,7.79955,1.00,1.00
2018.04.20 04:56:10.063,7.79708,7.79955,1.00,1.00
2018.04.20 04:56:13.455,7.79707,7.79954,1.00,1.00
2018.04.20 04:56:20.935,7.79709,7.79954,1.00,1.00
2018.04.20 04:56:25.811,7.79711,7.79958,1.00,1.00
2018.04.20 04:56:28.451,7.79712,7.79958,1.00,1.00
2018.04.20 04:56:35.940,7.79716,7.79962,1.00,1.00
2018.04.20 04:56:40.073,7.7971,7.79957,1.00,1.00
2018.04.20 04:56:50.995,7.79712,7.79958,1.00,1.00
2018.04.20 04:56:55.131,7.79712,7.79959,1.00,1.00
2018.04.20 04:56:55.874,7.79712,7.79978,1.00,1.00
2018.04.20 04:56:56.328,7.79712,7.79988,1.00,1.37
2018.04.20 04:57:05.992,7.79711,7.79987,1.00,1.37
2018.04.20 04:57:13.488,7.79711,7.79987,1.00,1.37
2018.04.20 04:57:13.540,7.79713,7.79988,1.00,1.37
2018.04.20 04:57:25.922,7.79713,7.79989,1.00,1.37
2018.04.20 04:57:32.678,7.79712,7.79988,1.00,1.37
2018.04.20 04:57:36.085,7.79714,7.79988,1.00,1.37
2018.04.20 04:57:40.241,7.79712,7.79988,1.00,1.37
2018.04.20 04:57:42.600,7.79712,7.79988,1.00,1.00
2018.04.20 04:57:43.600,7.79713,7.79989,1.00,1.00
2018.04.20 04:57:46.524,7.79713,7.79989,1.00,1.37
2018.04.20 04:57:48.973,7.79713,7.79989,1.00,1.12
2018.04.20 04:57:51.098,7.79717,7.79993,1.00,1.37
2018.04.20 04:57:51.650,7.79717,7.79993,1.00,1.37
2018.04.20 04:57:55.256,7.79716,7.79992,1.00,1.37
2018.04.20 04:58:02.737,7.79715,7.79989,1.00,1.37
2018.04.20 04:58:05.924,7.79715,7.79989,1.00,1.37
2018.04.20 04:58:06.483,7.79716,7.79992,1.00,1.37
2018.04.20 04:58:09.970,7.79716,7.79992,1.00,1.37
2018.04.20 04:58:13.660,7.79718,7.79992,1.00,1.37
2018.04.20 04:58:17.870,7.79725,7.8,1.00,1.37
2018.04.20 04:58:17.922,7.79721,7.79997,1.00,1.37
2018.04.20 04:58:19.414,7.79721,7.79997,1.00,1.12
2018.04.20 04:58:20.632,7.79721,7.79997,1.00,1.37
2018.04.20 04:58:20.738,7.79726,7.80001,1.00,1.37
2018.04.20 04:58:21.803,7.79726,7.80001,1.00,1.37
2018.04.20 04:58:24.574,7.7974,7.80013,1.00,1.37
2018.04.20 04:58:24.905,7.79744,7.80019,1.00,1.37
2018.04.20 04:58:25.333,7.79746,7.80019,1.00,1.37
2018.04.20 04:58:26.717,7.79746,7.80019,1.00,1.37
2018.04.20 04:58:28.690,7.79744,7.80019,1.00,1.37
2018.04.20 04:58:30.637,7.79748,7.80023,1.00,1.37
2018.04.20 04:58:31.184,7.79749,7.80024,1.00,1.37
2018.04.20 04:58:32.848,7.79748,7.80024,1.00,1.37
2018.04.20 04:58:34.499,7.79754,7.80028,1.00,1.37
2018.04.20 04:58:34.940,7.79754,7.80028,1.00,1.37
2018.04.20 04:58:36.183,7.79752,7.80028,1.00,1.37
2018.04.20 04:58:40.666,7.79748,7.80023,1.00,1.37
2018.04.20 04:58:51.227,7.79749,7.80024,1.00,1.37
2018.04.20 04:58:55.346,7.7975,7.80025,1.00,1.37
2018.04.20 04:58:58.703,7.79751,7.80025,1.00,1.37
2018.04.20 04:59:10.422,7.79752,7.80028,1.00,1.37
2018.04.20 04:59:18.721,7.79759,7.80034,1.00,1.37
2018.04.20 04:59:21.295,7.79757,7.80032,1.00,1.37
2018.04.20 04:59:22.860,7.79757,7.80032,1.00,1.37
2018.04.20 04:59:25.402,7.79754,7.80029,1.00,1.37
2018.04.20 04:59:25.998,7.79759,7.80034,1.00,1.37
2018.04.20 04:59:26.447,7.79772,7.80045,1.00,1.75
2018.04.20 04:59:26.784,7.79777,7.80053,1.00,2.62
2018.04.20 04:59:27.606,7.79777,7.80053,1.00,1.37
2018.04.20 04:59:28.813,7.7978,7.80055,1.00,1.37
2018.04.20 04:59:29.441,7.79781,7.80057,1.00,1.37
2018.04.20 04:59:30.629,7.79781,7.80037,1.00,1.00
2018.04.20 04:59:32.969,7.7978,7.80036,1.00,1.00
2018.04.20 04:59:40.739,7.79694,7.79889,1.37,1.00
2018.04.20 04:59:40.790,7.7969,7.79946,1.37,1.00
2018.04.20 04:59:40.842,7.79682,7.79939,1.37,1.00
2018.04.20 04:59:40.944,7.7969,7.79947,1.37,1.00
2018.04.20 04:59:40.995,7.79702,7.79958,1.37,1.00
2018.04.20 04:59:41.046,7.79702,7.80012,1.37,1.00
2018.04.20 04:59:41.097,7.79697,7.79953,1.37,1.00
2018.04.20 04:59:42.900,7.79696,7.80011,1.37,1.00
2018.04.20 04:59:43.311,7.79696,7.80011,1.00,1.00
2018.04.20 04:59:43.363,7.79697,7.79988,1.00,1.00
2018.04.20 04:59:44.056,7.79698,7.79989,1.00,1.00
2018.04.20 04:59:44.108,7.79703,7.79995,1.00,1.00
2018.04.20 04:59:44.159,7.79701,7.7999,1.00,1.00
2018.04.20 04:59:44.211,7.79691,7.79983,1.00,1.00
2018.04.20 04:59:44.517,7.79697,7.79989,1.00,1.00
2018.04.20 04:59:47.998,7.79696,7.79988,1.00,1.00
2018.04.20 04:59:51.305,7.79697,7.79986,1.00,1.00
2018.04.20 04:59:55.512,7.79699,7.79986,1.00,1.00
