2018.04.20 02:00:04.136,7.79584,7.79804,1.00,1.00
2018.04.20 02:00:05.123,7.79584,7.79807,1.00,1.00
2018.04.20 02:00:05.278,7.79584,7.79819,1.00,1.00
2018.04.20 02:00:05.330,7.79584,7.79823,1.00,1.00
2018.04.20 02:00:05.555,7.79584,7.79829,1.00,1.00
2018.04.20 02:00:05.657,7.7959,7.79837,1.00,1.00
2018.04.20 02:00:05.708,7.79595,7.79841,1.00,1.00
2018.04.20 02:00:06.235,7.79615,7.79861,1.00,1.00
2018.04.20 02:00:06.337,7.79611,7.79858,1.00,1.00
2018.04.20 02:00:06.388,7.7962,7.79866,1.00,1.00
2018.04.20 02:00:07.223,7.79632,7.79866,1.00,1.00
2018.04.20 02:00:08.212,7.79632,7.79862,1.00,1.00
2018.04.20 02:00:09.458,7.79632,7.79863,1.00,1.00
2018.04.20 02:00:11.437,7.79632,7.79862,1.00,1.00
2018.04.20 02:00:11.751,7.79632,7.7985,1.00,1.00
2018.04.20 02:00:11.802,7.79632,7.79854,1.00,1.00
2018.04.20 02:00:14.405,7.79632,7.79856,1.00,1.00
2018.04.20 02:00:15.907,7.79632,7.79861,1.00,1.00
2018.04.20 02:00:16.075,7.79632,7.79874,1.00,1.00
2018.04.20 02:00:16.177,7.79632,7.79859,1.00,1.00
2018.04.20 02:00:16.280,7.79632,7.79864,1.00,1.00
2018.04.20 02:00:16.331,7.79632,7.79861,1.00,1.00
2018.04.20 02:00:16.867,7.79632,7.79859,1.00,1.00
2018.04.20 02:00:16.918,7.79632,7.79875,1.00,1.00
2018.04.20 02:00:17.021,7.79632,7.79864,1.00,1.00
2018.04.20 02:00:19.002,7.79632,7.79865,1.00,1.00
2018.04.20 02:00:19.464,7.79632,7.79863,1.00,1.00
2018.04.20 02:00:20.377,7.79632,7.7986,1.00,1.00
2018.04.20 02:00:22.418,7.79632,7.79857,1.00,1.00
2018.04.20 02:00:23.612,7.79632,7.79844,1.00,1.00
2018.04.20 02:00:24.318,7.79632,7.7984,1.00,1.00
2018.04.20 02:00:28.523,7.79611,7.7984,1.00,1.00
2018.04.20 02:00:28.628,7.79611,7.7982,1.00,1.00
2018.04.20 02:00:28.781,7.7957,7.79815,1.37,1.00
2018.04.20 02:00:28.832,7.7957,7.79811,1.37,1.00
2018.04.20 02:00:29.165,7.79593,7.79809,1.00,1.00
2018.04.20 02:00:31.186,7.79593,7.79819,1.00,1.00
2018.04.20 02:00:32.388,7.79593,7.79812,1.00,1.00
2018.04.20 02:00:32.535,7.79593,7.79816,1.00,1.00
2018.04.20 02:00:32.808,7.79593,7.79842,1.00,1.00
2018.04.20 02:00:32.859,7.79612,7.79842,1.00,1.00
2018.04.20 02:00:32.962,7.79595,7.79842,1.00,1.00
2018.04.20 02:00:33.180,7.79619,7.79842,1.00,1.00
2018.04.20 02:00:34.031,7.79619,7.79849,1.00,1.00
2018.04.20 02:00:34.148,7.79619,7.79853,1.00,1.00
2018.04.20 02:00:37.344,7.79619,7.7987,1.00,1.00
2018.04.20 02:00:37.447,7.79623,7.79879,1.00,1.00
2018.04.20 02:00:37.502,7.79632,7.79889,1.00,1.00
2018.04.20 02:00:37.631,7.79629,7.79885,1.00,1.00
2018.04.20 02:00:38.434,7.79657,7.79885,1.00,1.00
2018.04.20 02:00:39.121,7.79657,7.79889,1.00,1.00
2018.04.20 02:00:39.174,7.79657,7.79894,1.00,1.00
2018.04.20 02:00:41.710,7.79657,7.79892,1.00,1.00
2018.04.20 02:00:42.081,7.79657,7.79897,1.00,1.00
2018.04.20 02:00:47.221,7.79674,7.79897,1.00,1.00
2018.04.20 02:00:47.273,7.79668,7.79905,1.00,1.00
2018.04.20 02:00:49.012,7.79668,7.79904,1.00,1.00
2018.04.20 02:00:51.370,7.79668,7.79905,1.00,1.00
2018.04.20 02:00:51.422,7.79668,7.79901,1.00,1.00
2018.04.20 02:00:52.548,7.79668,7.79897,1.00,1.00
2018.04.20 02:00:56.482,7.79668,7.79894,1.00,1.00
2018.04.20 02:00:57.662,7.79649,7.79894,1.00,1.00
2018.04.20 02:00:58.520,7.79649,7.79897,1.00,1.00
2018.04.20 02:00:58.781,7.79649,7.79889,1.00,1.00
2018.04.20 02:00:58.887,7.79649,7.79899,1.00,1.00
2018.04.20 02:00:58.989,7.79649,7.79903,1.50,1.00
2018.04.20 02:01:00.067,7.79657,7.79903,1.00,1.00
2018.04.20 02:01:04.255,7.79657,7.79905,1.00,1.00
2018.04.20 02:01:08.620,7.79666,7.79922,1.00,1.50
2018.04.20 02:01:08.672,7.79659,7.79915,1.00,1.00
2018.04.20 02:01:09.016,7.79682,7.79918,1.00,1.00
2018.04.20 02:01:10.255,7.79682,7.79915,1.00,1.00
2018.04.20 02:01:11.820,7.79682,7.7992,1.00,1.00
2018.04.20 02:01:14.786,7.79682,7.79926,1.00,1.00
2018.04.20 02:01:16.470,7.79682,7.7993,1.00,1.00
2018.04.20 02:01:17.879,7.79682,7.79938,1.00,1.00
2018.04.20 02:01:17.931,7.79699,7.79938,1.00,1.00
2018.04.20 02:01:18.084,7.797,7.79956,1.00,1.00
2018.04.20 02:01:18.136,7.79704,7.7996,1.00,1.00
2018.04.20 02:01:18.596,7.79708,7.79939,1.00,1.00
2018.04.20 02:01:18.937,7.79708,7.79937,1.00,1.00
2018.04.20 02:01:19.097,7.79708,7.79939,1.00,1.00
2018.04.20 02:01:19.231,7.79708,7.7995,1.00,1.00
2018.04.20 02:01:19.334,7.79708,7.79941,1.00,1.00
2018.04.20 02:01:19.508,7.79708,7.79954,1.00,1.00
2018.04.20 02:01:19.641,7.79704,7.79959,1.00,1.00
2018.04.20 02:01:19.693,7.79705,7.79962,1.00,1.00
2018.04.20 02:01:26.638,7.79703,7.79959,1.00,1.00
2018.04.20 02:01:27.089,7.797,7.79956,1.00,1.00
2018.04.20 02:01:29.456,7.797,7.79957,1.00,1.00
2018.04.20 02:01:32.634,7.79703,7.7996,1.00,1.00
2018.04.20 02:01:34.104,7.797,7.79957,1.00,1.00
2018.04.20 02:01:34.644,7.79703,7.79959,1.00,1.00
2018.04.20 02:01:34.697,7.79697,7.79954,1.00,1.00
2018.04.20 02:01:35.209,7.79697,7.79953,1.00,1.00
2018.04.20 02:01:37.511,7.797,7.79957,1.00,1.00
2018.04.20 02:01:39.465,7.79701,7.79957,1.00,1.00
2018.04.20 02:01:41.667,7.79702,7.79958,1.00,1.00
2018.04.20 02:01:44.184,7.79698,7.79954,1.00,1.00
2018.04.20 02:01:44.511,7.79689,7.79934,1.00,1.00
2018.04.20 02:01:44.665,7.79678,7.79934,1.00,1.00
2018.04.20 02:01:44.767,7.79693,7.79934,1.00,1.00
2018.04.20 02:01:45.565,7.797,7.79934,1.00,1.00
2018.04.20 02:01:45.769,7.79683,7.79939,1.00,1.00
2018.04.20 02:01:45.820,7.79695,7.79939,1.00,1.00
2018.04.20 02:01:46.625,7.79695,7.79936,1.00,1.00
2018.04.20 02:01:47.165,7.79695,7.7995,1.00,1.00
2018.04.20 02:01:47.217,7.79714,7.79947,1.00,1.00
2018.04.20 02:01:47.321,7.79714,7.79959,1.00,1.00
2018.04.20 02:01:47.502,7.79714,7.79955,1.00,1.00
2018.04.20 02:01:49.132,7.79714,7.79954,1.00,1.00
2018.04.20 02:01:52.054,7.79714,7.79953,1.00,1.00
2018.04.20 02:01:56.123,7.79714,7.79941,1.00,1.00
2018.04.20 02:01:56.340,7.79696,7.79938,1.00,1.00
2018.04.20 02:01:56.442,7.79696,7.79934,1.00,1.00
2018.04.20 02:01:57.092,7.79696,7.79935,1.00,1.00
2018.04.20 02:02:01.342,7.79696,7.79918,1.00,1.00
2018.04.20 02:02:01.797,7.79696,7.79902,1.00,1.00
2018.04.20 02:02:02.752,7.79696,7.79911,1.00,1.00
2018.04.20 02:02:03.384,7.7967,7.79905,1.00,1.00
2018.04.20 02:02:03.873,7.7967,7.79901,1.00,1.00
2018.04.20 02:02:04.214,7.7967,7.79898,1.00,1.00
2018.04.20 02:02:05.400,7.7967,7.79895,1.00,1.00
2018.04.20 02:02:07.217,7.7967,7.79889,1.00,1.00
2018.04.20 02:02:07.319,7.79653,7.79881,1.00,1.00
2018.04.20 02:02:07.372,7.79653,7.79887,1.00,1.00
2018.04.20 02:02:07.423,7.79653,7.7989,1.00,1.00
2018.04.20 02:02:07.708,7.79647,7.7989,1.00,1.00
2018.04.20 02:02:07.759,7.79626,7.79873,1.00,1.00
2018.04.20 02:02:07.861,7.7963,7.79876,1.00,1.00
2018.04.20 02:02:08.170,7.79611,7.79857,1.00,1.00
2018.04.20 02:02:11.701,7.79611,7.79858,1.00,1.00
2018.04.20 02:02:12.321,7.79612,7.79858,1.00,1.00
2018.04.20 02:02:13.397,7.79608,7.79854,1.00,1.00
2018.04.20 02:02:13.710,7.79605,7.7985,1.00,1.00
2018.04.20 02:02:14.678,7.79598,7.79839,1.00,1.00
2018.04.20 02:02:15.273,7.79598,7.79849,1.00,1.00
2018.04.20 02:02:17.722,7.7959,7.79846,1.00,1.00
2018.04.20 02:02:19.192,7.79591,7.79847,1.00,1.00
2018.04.20 02:02:20.774,7.7959,7.79847,1.00,1.00
2018.04.20 02:02:26.933,7.79589,7.79845,1.00,1.00
2018.04.20 02:02:29.015,7.79595,7.79852,1.00,1.00
2018.04.20 02:02:29.257,7.7959,7.79847,1.00,1.00
2018.04.20 02:02:33.847,7.79581,7.79838,1.00,1.00
2018.04.20 02:02:34.271,7.79581,7.79835,1.00,1.00
2018.04.20 02:02:36.168,7.79585,7.79839,1.00,1.00
2018.04.20 02:02:37.242,7.79592,7.79849,1.00,1.00
2018.04.20 02:02:37.293,7.79602,7.79858,1.00,1.00
2018.04.20 02:02:37.832,7.79599,7.79853,1.00,1.00
2018.04.20 02:02:37.883,7.79594,7.7985,1.00,1.00
2018.04.20 02:02:39.234,7.7959,7.79847,1.00,1.00
2018.04.20 02:02:40.959,7.79587,7.79843,1.00,1.00
2018.04.20 02:02:41.741,7.79589,7.79845,1.00,1.00
2018.04.20 02:02:43.028,7.79586,7.79842,1.00,1.00
2018.04.20 02:02:49.277,7.79593,7.7985,1.00,1.00
2018.04.20 02:02:49.439,7.7959,7.79846,1.00,1.00
2018.04.20 02:02:52.678,7.79588,7.79836,1.00,1.00
2018.04.20 02:02:52.730,7.79577,7.79826,1.00,1.00
2018.04.20 02:02:57.028,7.79584,7.79831,1.00,1.00
2018.04.20 02:02:57.733,7.79596,7.79844,1.00,1.00
2018.04.20 02:02:58.026,7.79609,7.79844,1.00,1.00
2018.04.20 02:02:58.384,7.79609,7.79841,1.00,1.00
2018.04.20 02:02:58.688,7.79609,7.79829,1.00,1.00
2018.04.20 02:03:02.624,7.7959,7.79829,1.00,1.00
2018.04.20 02:03:03.221,7.7959,7.79825,1.00,1.00
2018.04.20 02:03:04.282,7.7959,7.79828,1.00,1.00
2018.04.20 02:03:07.514,7.7959,7.79831,1.00,1.00
2018.04.20 02:03:07.566,7.7959,7.79835,1.00,1.00
2018.04.20 02:03:11.475,7.7959,7.7983,1.00,1.00
2018.04.20 02:03:12.010,7.7959,7.79829,1.00,1.00
2018.04.20 02:03:12.970,7.79597,7.79829,1.00,1.00
2018.04.20 02:03:15.064,7.79597,7.79836,1.00,1.00
2018.04.20 02:03:15.166,7.79597,7.7984,1.00,1.00
2018.04.20 02:03:15.271,7.79597,7.79834,1.00,1.00
2018.04.20 02:03:15.638,7.79597,7.7983,1.00,1.00
2018.04.20 02:03:16.341,7.79597,7.79826,1.00,1.00
2018.04.20 02:03:16.508,7.79597,7.79834,1.00,1.00
2018.04.20 02:03:16.611,7.79597,7.79829,1.00,1.00
2018.04.20 02:03:16.724,7.79597,7.79833,1.00,1.00
2018.04.20 02:03:19.165,7.79597,7.79837,1.00,1.00
2018.04.20 02:03:19.221,7.79597,7.79834,1.00,1.00
2018.04.20 02:03:21.670,7.79597,7.79844,1.00,1.00
2018.04.20 02:03:21.987,7.79597,7.79854,1.50,1.00
2018.04.20 02:03:24.899,7.79597,7.79849,1.00,1.00
2018.04.20 02:03:26.877,7.79597,7.7985,1.00,1.00
2018.04.20 02:03:29.094,7.79597,7.79845,1.00,1.00
2018.04.20 02:03:29.414,7.79621,7.79866,1.00,1.00
2018.04.20 02:03:31.109,7.79621,7.79839,1.00,1.00
2018.04.20 02:03:31.163,7.79621,7.79853,1.00,1.00
2018.04.20 02:03:31.294,7.79601,7.79853,1.00,1.00
2018.04.20 02:03:31.936,7.79601,7.79857,1.00,1.00
2018.04.20 02:03:31.987,7.79601,7.79853,1.00,1.00
2018.04.20 02:03:34.392,7.79601,7.79849,1.00,1.00
2018.04.20 02:03:39.130,7.79601,7.79848,1.00,1.00
2018.04.20 02:03:44.010,7.79601,7.79855,1.00,1.00
2018.04.20 02:03:44.061,7.79601,7.7985,1.00,1.00
2018.04.20 02:03:45.311,7.79601,7.79846,1.00,1.00
2018.04.20 02:03:53.307,7.79586,7.79842,1.00,1.00
2018.04.20 02:03:53.358,7.79581,7.79828,1.00,1.00
2018.04.20 02:03:53.410,7.79568,7.79822,1.00,1.00
2018.04.20 02:03:53.558,7.79563,7.7982,1.00,1.00
2018.04.20 02:03:53.609,7.79568,7.79824,1.00,1.00
2018.04.20 02:03:54.023,7.79572,7.79824,1.00,1.00
2018.04.20 02:03:56.604,7.79576,7.79832,1.00,1.00
2018.04.20 02:03:56.862,7.7958,7.79835,1.00,1.00
2018.04.20 02:03:56.930,7.79576,7.79832,1.00,1.00
2018.04.20 02:03:57.149,7.79572,7.79828,1.50,1.00
2018.04.20 02:03:57.544,7.79572,7.79818,1.00,1.00
2018.04.20 02:03:59.462,7.79572,7.79814,1.00,1.00
2018.04.20 02:04:04.402,7.79572,7.79816,1.00,1.00
2018.04.20 02:04:05.516,7.79572,7.79826,1.00,1.00
2018.04.20 02:04:07.435,7.79572,7.79823,1.00,1.00
2018.04.20 02:04:10.036,7.79566,7.79823,1.00,1.37
2018.04.20 02:04:10.240,7.79513,7.79808,1.00,1.75
2018.04.20 02:04:11.207,7.79513,7.79808,1.00,1.75
2018.04.20 02:04:11.917,7.79512,7.79779,1.00,1.37
2018.04.20 02:04:12.151,7.79508,7.79779,1.00,1.37
2018.04.20 02:04:14.295,7.79508,7.79779,1.00,1.37
2018.04.20 02:04:15.004,7.79526,7.79797,1.00,1.37
2018.04.20 02:04:15.056,7.7952,7.79815,1.00,1.75
2018.04.20 02:04:15.107,7.79517,7.79814,1.00,1.75
2018.04.20 02:04:15.310,7.79512,7.7981,1.00,1.75
2018.04.20 02:04:16.537,7.79512,7.7981,1.00,1.37
2018.04.20 02:04:19.484,7.79511,7.79806,1.00,1.37
2018.04.20 02:04:20.002,7.79513,7.79807,1.00,1.37
2018.04.20 02:04:21.611,7.7951,7.79801,1.00,1.50
2018.04.20 02:04:26.641,7.79512,7.79806,1.00,1.75
2018.04.20 02:04:28.769,7.79513,7.79795,1.00,1.37
2018.04.20 02:04:29.301,7.79513,7.79769,1.00,1.00
2018.04.20 02:04:32.280,7.79517,7.79773,1.00,1.37
2018.04.20 02:04:32.484,7.79514,7.79771,1.00,1.37
2018.04.20 02:04:34.512,7.79512,7.79768,1.00,1.00
2018.04.20 02:04:36.916,7.79515,7.79771,1.00,1.00
2018.04.20 02:04:41.712,7.79518,7.79773,1.00,1.00
2018.04.20 02:04:42.145,7.79529,7.79786,1.50,1.37
2018.04.20 02:04:42.482,7.79544,7.79798,1.00,1.37
2018.04.20 02:04:42.533,7.79545,7.79801,1.00,1.00
2018.04.20 02:04:42.637,7.79548,7.79804,1.00,1.00
2018.04.20 02:04:43.258,7.79544,7.798,1.00,1.00
2018.04.20 02:04:43.817,7.79549,7.798,1.00,1.00
2018.04.20 02:04:44.206,7.7955,7.79804,1.00,1.00
2018.04.20 02:04:44.309,7.79555,7.79811,1.00,1.37
2018.04.20 02:04:44.904,7.79549,7.79805,1.50,1.00
2018.04.20 02:04:48.718,7.79572,7.79805,1.00,1.00
2018.04.20 02:04:49.507,7.79572,7.79812,1.00,1.00
2018.04.20 02:04:50.911,7.79572,7.79803,1.00,1.00
2018.04.20 02:04:50.967,7.79572,7.79805,1.00,1.00
2018.04.20 02:04:51.019,7.79572,7.798,1.00,1.00
2018.04.20 02:04:51.070,7.79552,7.79797,1.00,1.00
2018.04.20 02:04:56.616,7.79552,7.79809,1.50,1.37
2018.04.20 02:04:56.967,7.79571,7.79813,1.00,1.37
2018.04.20 02:04:57.363,7.79578,7.79804,1.00,1.37
2018.04.20 02:04:57.414,7.79552,7.79785,1.00,1.00
2018.04.20 02:04:57.466,7.79523,7.79771,1.00,1.00
2018.04.20 02:04:57.518,7.79523,7.79775,1.00,1.00
2018.04.20 02:04:57.705,7.7952,7.79776,1.00,1.00
2018.04.20 02:04:57.757,7.79514,7.7977,1.00,1.00
2018.04.20 02:04:58.113,7.79535,7.7977,1.00,1.00
2018.04.20 02:04:58.428,7.79535,7.79779,1.00,1.00
2018.04.20 02:04:59.124,7.79535,7.79779,1.00,1.37
2018.04.20 02:05:00.338,7.79535,7.79775,1.00,1.00
2018.04.20 02:05:02.941,7.79535,7.79771,1.00,1.00
2018.04.20 02:05:03.998,7.79535,7.79762,1.00,1.00
2018.04.20 02:05:04.364,7.79535,7.79762,1.00,1.37
2018.04.20 02:05:08.245,7.79535,7.79768,1.00,1.37
2018.04.20 02:05:12.063,7.79512,7.79758,1.00,1.12
2018.04.20 02:05:12.169,7.79512,7.79748,1.00,1.00
2018.04.20 02:05:12.220,7.7949,7.79746,1.00,1.00
2018.04.20 02:05:12.323,7.795,7.79746,1.00,1.00
2018.04.20 02:05:13.459,7.795,7.79745,1.00,1.37
2018.04.20 02:05:15.674,7.795,7.79741,1.00,1.37
2018.04.20 02:05:20.110,7.795,7.79738,1.00,1.37
2018.04.20 02:05:31.773,7.79482,7.79735,1.00,1.37
2018.04.20 02:05:31.957,7.79463,7.7972,1.00,1.00
2018.04.20 02:05:32.008,7.79458,7.79714,1.00,1.00
2018.04.20 02:05:32.346,7.79462,7.79714,1.00,1.00
2018.04.20 02:05:32.766,7.79462,7.79714,1.00,1.37
2018.04.20 02:05:34.973,7.79462,7.79711,1.00,1.37
2018.04.20 02:05:36.441,7.79462,7.79712,1.00,1.37
2018.04.20 02:05:42.203,7.79462,7.79714,1.00,1.37
2018.04.20 02:05:43.643,7.79462,7.79714,1.00,1.37
2018.04.20 02:05:51.511,7.79462,7.79708,1.00,1.37
2018.04.20 02:05:53.219,7.79439,7.79692,1.00,1.00
2018.04.20 02:05:53.270,7.79441,7.79697,1.00,1.37
2018.04.20 02:05:53.321,7.79439,7.79695,1.50,1.37
2018.04.20 02:05:53.372,7.79439,7.79692,1.00,1.00
2018.04.20 02:05:54.535,7.79439,7.79692,1.00,1.37
2018.04.20 02:05:55.116,7.79439,7.79685,1.00,1.00
2018.04.20 02:05:55.443,7.79424,7.7968,1.00,1.00
2018.04.20 02:05:57.346,7.79422,7.79678,1.50,1.37
2018.04.20 02:05:58.862,7.79422,7.79674,1.00,1.37
2018.04.20 02:05:59.172,7.79426,7.79682,1.00,1.37
2018.04.20 02:05:59.407,7.79422,7.79678,1.50,1.37
2018.04.20 02:06:00.490,7.79431,7.79685,1.00,1.37
2018.04.20 02:06:00.592,7.79429,7.79683,1.00,1.37
2018.04.20 02:06:01.437,7.79424,7.7968,1.00,1.37
2018.04.20 02:06:01.489,7.79422,7.79678,1.50,1.37
2018.04.20 02:06:07.941,7.79422,7.79674,1.00,1.37
2018.04.20 02:06:08.017,7.79417,7.79674,1.00,1.37
2018.04.20 02:06:08.978,7.79411,7.79667,1.00,1.37
2018.04.20 02:06:12.107,7.79408,7.79665,1.00,1.37
2018.04.20 02:06:12.159,7.7941,7.79666,1.00,1.37
2018.04.20 02:06:13.505,7.79411,7.79668,1.00,1.37
2018.04.20 02:06:13.683,7.79411,7.79668,1.00,1.00
2018.04.20 02:06:17.720,7.79415,7.79671,1.00,1.37
2018.04.20 02:06:20.971,7.79411,7.79665,1.00,1.00
2018.04.20 02:06:21.526,7.79411,7.79665,1.00,1.37
2018.04.20 02:06:21.578,7.79407,7.79663,1.00,1.12
2018.04.20 02:06:22.211,7.7941,7.79666,1.00,1.37
2018.04.20 02:06:22.964,7.79408,7.79662,1.00,1.00
2018.04.20 02:06:23.177,7.79411,7.79668,1.00,1.37
2018.04.20 02:06:23.896,7.79404,7.79659,1.00,1.37
2018.04.20 02:06:25.139,7.79404,7.79659,1.00,1.37
2018.04.20 02:06:27.187,7.79403,7.79659,1.00,1.37
2018.04.20 02:06:27.999,7.79405,7.79661,1.00,1.37
2018.04.20 02:06:28.820,7.79411,7.79667,1.00,1.37
2018.04.20 02:06:29.459,7.79421,7.79677,1.00,1.37
2018.04.20 02:06:30.039,7.79421,7.79677,1.00,1.37
2018.04.20 02:06:30.141,7.79423,7.79679,1.00,1.37
2018.04.20 02:06:30.518,7.79439,7.79679,1.00,1.37
2018.04.20 02:06:31.217,7.79439,7.7968,1.00,1.37
2018.04.20 02:06:31.485,7.79439,7.79672,1.00,1.00
2018.04.20 02:06:32.049,7.79446,7.79672,1.00,1.00
2018.04.20 02:06:33.392,7.79446,7.79675,1.00,1.37
2018.04.20 02:06:33.546,7.79446,7.79685,1.00,1.37
2018.04.20 02:06:40.917,7.79433,7.79687,1.00,1.37
2018.04.20 02:06:42.441,7.79422,7.79678,1.00,1.00
2018.04.20 02:06:43.531,7.79426,7.79682,1.00,1.12
2018.04.20 02:06:45.637,7.79433,7.79687,1.00,1.37
2018.04.20 02:06:45.688,7.79429,7.79686,1.00,1.37
2018.04.20 02:06:45.740,7.79429,7.79686,1.00,1.00
2018.04.20 02:06:45.792,7.79433,7.79687,1.00,1.00
2018.04.20 02:06:46.151,7.7944,7.79687,1.00,1.00
2018.04.20 02:06:46.792,7.79445,7.79701,1.00,1.37
2018.04.20 02:06:47.547,7.79445,7.79701,1.00,1.12
2018.04.20 02:06:48.691,7.79445,7.79701,1.00,1.37
2018.04.20 02:06:48.957,7.7944,7.79696,1.00,1.37
2018.04.20 02:06:49.781,7.79441,7.79697,1.00,1.37
2018.04.20 02:06:52.604,7.79438,7.79687,1.00,1.00
2018.04.20 02:06:52.909,7.79438,7.79692,1.00,1.00
2018.04.20 02:06:53.330,7.79438,7.79688,1.00,1.00
2018.04.20 02:06:53.883,7.79438,7.79688,1.00,1.37
2018.04.20 02:06:54.185,7.79427,7.79683,1.00,1.37
2018.04.20 02:06:54.237,7.79423,7.79679,1.00,1.00
2018.04.20 02:06:54.429,7.7942,7.79676,1.50,1.00
2018.04.20 02:06:55.434,7.7942,7.79676,1.50,1.37
2018.04.20 02:06:56.439,7.7942,7.79672,1.00,1.00
2018.04.20 02:06:57.247,7.7942,7.79672,1.00,1.37
2018.04.20 02:06:58.903,7.7942,7.7967,1.00,1.37
2018.04.20 02:07:02.718,7.79422,7.79679,1.00,1.37
2018.04.20 02:07:03.188,7.79446,7.79681,1.00,1.37
2018.04.20 02:07:06.285,7.79446,7.79686,1.00,1.37
2018.04.20 02:07:07.498,7.79446,7.79686,1.00,1.00
2018.04.20 02:07:07.634,7.79446,7.7969,1.00,1.37
2018.04.20 02:07:11.656,7.79446,7.7968,1.00,1.00
2018.04.20 02:07:12.541,7.79446,7.79686,1.00,1.00
2018.04.20 02:07:13.800,7.79446,7.79682,1.00,1.00
2018.04.20 02:07:14.506,7.79446,7.79676,1.00,1.00
2018.04.20 02:07:14.836,7.79446,7.79669,1.00,1.00
2018.04.20 02:07:16.680,7.79446,7.79672,1.00,1.00
2018.04.20 02:07:17.111,7.79446,7.79672,1.00,1.37
2018.04.20 02:07:19.255,7.79446,7.79668,1.00,1.37
2018.04.20 02:07:24.953,7.79446,7.79669,1.00,1.12
2018.04.20 02:07:33.472,7.79446,7.79668,1.00,1.00
2018.04.20 02:07:34.643,7.79446,7.7967,1.00,1.00
2018.04.20 02:07:34.872,7.79446,7.79668,1.00,1.00
2018.04.20 02:07:36.440,7.79446,7.79669,1.00,1.00
2018.04.20 02:07:41.608,7.79446,7.79664,1.00,1.00
2018.04.20 02:07:42.338,7.79446,7.79663,1.00,1.00
2018.04.20 02:07:45.926,7.79446,7.79665,1.00,1.00
2018.04.20 02:07:46.111,7.79446,7.79669,1.00,1.12
2018.04.20 02:07:46.667,7.79446,7.79671,1.00,1.00
2018.04.20 02:07:46.718,7.79424,7.79671,1.00,1.00
2018.04.20 02:07:46.845,7.79424,7.79673,1.00,1.00
2018.04.20 02:07:46.896,7.79428,7.79677,1.00,1.00
2018.04.20 02:07:47.582,7.79433,7.79681,1.00,1.12
2018.04.20 02:07:48.953,7.79439,7.79681,1.00,1.00
2018.04.20 02:07:49.902,7.79439,7.79675,1.00,1.00
2018.04.20 02:07:51.761,7.79439,7.7967,1.00,1.00
2018.04.20 02:07:52.579,7.79439,7.79674,1.00,1.00
2018.04.20 02:07:57.630,7.79439,7.79676,1.00,1.00
2018.04.20 02:07:59.223,7.79439,7.79679,1.00,1.00
2018.04.20 02:08:00.143,7.79439,7.79668,1.00,1.00
2018.04.20 02:08:04.096,7.79439,7.79677,1.00,1.00
2018.04.20 02:08:04.443,7.79439,7.79681,1.00,1.00
2018.04.20 02:08:04.881,7.79439,7.79678,1.00,1.00
2018.04.20 02:08:05.146,7.79439,7.79682,1.00,1.00
2018.04.20 02:08:05.840,7.79439,7.79683,1.00,1.00
2018.04.20 02:08:06.494,7.79448,7.79697,1.00,1.00
2018.04.20 02:08:06.558,7.79454,7.79701,1.00,1.00
2018.04.20 02:08:06.610,7.79446,7.79695,1.00,1.00
2018.04.20 02:08:08.286,7.7947,7.79695,1.00,1.00
2018.04.20 02:08:08.676,7.7947,7.79699,1.00,1.00
2018.04.20 02:08:11.561,7.7947,7.79705,1.00,1.00
2018.04.20 02:08:11.612,7.79478,7.79727,1.00,1.00
2018.04.20 02:08:11.718,7.79489,7.79736,1.00,1.00
2018.04.20 02:08:12.268,7.79489,7.79725,1.00,1.00
2018.04.20 02:08:12.609,7.79489,7.7972,1.00,1.00
2018.04.20 02:08:14.421,7.79489,7.79719,1.00,1.00
2018.04.20 02:08:15.681,7.79489,7.79715,1.00,1.00
2018.04.20 02:08:15.783,7.79466,7.79715,1.00,1.00
2018.04.20 02:08:15.834,7.79464,7.79711,1.00,1.00
2018.04.20 02:08:18.039,7.79474,7.79723,1.00,1.00
2018.04.20 02:08:18.732,7.79477,7.79726,1.00,1.00
2018.04.20 02:08:19.839,7.79469,7.79718,1.00,1.00
2018.04.20 02:08:20.177,7.79473,7.79722,1.00,1.00
2018.04.20 02:08:20.668,7.79464,7.79713,1.00,1.00
2018.04.20 02:08:23.283,7.7946,7.79709,1.00,1.00
2018.04.20 02:08:23.708,7.79482,7.79729,1.00,1.00
2018.04.20 02:08:23.759,7.79484,7.79733,1.00,1.00
2018.04.20 02:08:27.062,7.79476,7.79725,1.00,1.00
2018.04.20 02:08:27.443,7.79479,7.79728,1.00,1.00
2018.04.20 02:08:27.890,7.79478,7.79724,1.00,1.00
2018.04.20 02:08:34.306,7.79482,7.79729,1.00,1.00
2018.04.20 02:08:34.358,7.79486,7.79733,1.00,1.00
2018.04.20 02:08:34.958,7.79481,7.7973,1.00,1.00
2018.04.20 02:08:37.200,7.79486,7.79733,1.00,1.00
2018.04.20 02:08:37.252,7.79482,7.79731,1.00,1.00
2018.04.20 02:08:40.075,7.79492,7.79741,1.00,1.00
2018.04.20 02:08:40.379,7.79454,7.79702,1.00,1.37
2018.04.20 02:08:40.819,7.79452,7.79698,1.00,1.37
2018.04.20 02:08:41.426,7.79451,7.79698,1.00,1.00
2018.04.20 02:08:41.477,7.79447,7.79695,1.00,1.00
2018.04.20 02:08:42.721,7.7945,7.79699,1.00,1.00
2018.04.20 02:08:45.908,7.79447,7.7968,1.00,1.00
2018.04.20 02:08:46.123,7.79447,7.79689,1.00,1.00
2018.04.20 02:08:49.972,7.79447,7.79691,1.00,1.00
2018.04.20 02:08:50.656,7.79447,7.79676,1.00,1.00
2018.04.20 02:08:50.708,7.79429,7.79669,1.00,1.00
2018.04.20 02:08:50.810,7.79429,7.79665,1.00,1.00
2018.04.20 02:08:50.862,7.79416,7.79665,1.00,1.00
2018.04.20 02:08:50.913,7.79421,7.7967,1.00,1.00
2018.04.20 02:08:51.214,7.7942,7.79655,1.00,1.00
2018.04.20 02:08:51.932,7.7942,7.79651,1.00,1.00
2018.04.20 02:08:52.106,7.7942,7.79658,1.00,1.00
2018.04.20 02:08:52.715,7.79409,7.79658,1.00,1.00
2018.04.20 02:08:57.537,7.79411,7.79658,1.00,1.00
2018.04.20 02:09:01.769,7.794,7.79649,1.00,1.00
2018.04.20 02:09:01.867,7.79392,7.7964,1.00,1.00
2018.04.20 02:09:02.096,7.79405,7.79654,1.00,1.00
2018.04.20 02:09:05.090,7.79413,7.79661,1.00,1.00
2018.04.20 02:09:05.215,7.79411,7.7966,1.00,1.00
2018.04.20 02:09:06.884,7.7941,7.79657,1.00,1.00
2018.04.20 02:09:12.771,7.79408,7.79655,1.00,1.00
2018.04.20 02:09:16.518,7.79401,7.79649,1.00,1.00
2018.04.20 02:09:16.572,7.79402,7.79651,1.00,1.00
2018.04.20 02:09:16.749,7.7939,7.79639,1.00,1.00
2018.04.20 02:09:17.344,7.79386,7.79634,1.00,1.00
2018.04.20 02:09:17.999,7.79382,7.79631,1.00,1.00
2018.04.20 02:09:18.317,7.79393,7.79642,1.00,1.00
2018.04.20 02:09:18.665,7.79401,7.79648,1.00,1.00
2018.04.20 02:09:19.753,7.79406,7.79653,1.00,1.00
2018.04.20 02:09:21.055,7.79402,7.79651,1.00,1.00
2018.04.20 02:09:27.761,7.79404,7.7965,1.00,1.00
2018.04.20 02:09:36.565,7.79399,7.79648,1.00,1.00
2018.04.20 02:09:36.707,7.79395,7.79643,1.00,1.00
2018.04.20 02:09:37.681,7.79397,7.7964,1.00,1.00
2018.04.20 02:09:42.627,7.79397,7.79642,1.00,1.00
2018.04.20 02:09:43.547,7.79397,7.79643,1.00,1.00
2018.04.20 02:09:43.734,7.79399,7.79648,1.00,1.00
2018.04.20 02:09:43.853,7.79403,7.79652,1.00,1.00
2018.04.20 02:09:44.225,7.79397,7.79637,1.00,1.00
2018.04.20 02:09:44.463,7.79384,7.79633,1.00,1.00
2018.04.20 02:09:44.565,7.7938,7.79628,1.00,1.00
2018.04.20 02:09:45.011,7.79378,7.79623,1.00,1.00
2018.04.20 02:09:45.633,7.79378,7.79617,1.00,1.00
2018.04.20 02:09:48.985,7.79378,7.79624,1.00,1.00
2018.04.20 02:09:49.607,7.79378,7.7962,1.00,1.00
2018.04.20 02:09:49.725,7.79378,7.79623,1.00,1.00
2018.04.20 02:09:50.305,7.79378,7.79622,1.00,1.00
2018.04.20 02:09:50.357,7.79378,7.7962,1.00,1.00
2018.04.20 02:09:51.563,7.79379,7.79628,1.00,1.00
2018.04.20 02:09:51.614,7.79378,7.79624,1.00,1.00
2018.04.20 02:09:57.659,7.79378,7.79625,1.00,1.00
2018.04.20 02:09:58.688,7.79378,7.79623,1.00,1.00
2018.04.20 02:10:00.011,7.79378,7.79618,1.00,1.00
2018.04.20 02:10:03.635,7.79385,7.79618,1.00,1.00
2018.04.20 02:10:07.195,7.79385,7.7963,1.00,1.00
2018.04.20 02:10:12.641,7.79385,7.79629,1.00,1.00
2018.04.20 02:10:12.850,7.79385,7.79622,1.00,1.00
2018.04.20 02:10:17.322,7.79385,7.79619,1.00,1.00
2018.04.20 02:10:20.152,7.79385,7.7962,1.00,1.00
2018.04.20 02:10:27.930,7.79385,7.79623,1.00,1.00
2018.04.20 02:10:35.232,7.79385,7.79622,1.00,1.00
2018.04.20 02:10:42.746,7.79385,7.79621,1.00,1.00
2018.04.20 02:10:48.072,7.79372,7.79621,1.00,1.00
2018.04.20 02:10:48.123,7.79366,7.79608,1.00,1.00
2018.04.20 02:10:48.226,7.79335,7.79584,1.00,1.00
2018.04.20 02:10:48.277,7.79344,7.79593,1.00,1.00
2018.04.20 02:10:48.777,7.7934,7.79589,1.00,1.00
2018.04.20 02:10:49.335,7.79339,7.79588,1.00,1.00
2018.04.20 02:10:50.262,7.7934,7.79589,1.00,1.00
2018.04.20 02:10:51.102,7.79341,7.7959,1.00,1.00
2018.04.20 02:10:57.727,7.79343,7.79592,1.00,1.00
2018.04.20 02:10:58.374,7.79344,7.7959,1.00,1.00
2018.04.20 02:11:00.876,7.79362,7.79606,1.00,1.37
2018.04.20 02:11:01.213,7.79361,7.79587,1.00,1.00
2018.04.20 02:11:02.611,7.79361,7.79582,1.00,1.00
2018.04.20 02:11:03.487,7.79362,7.79606,1.00,1.37
2018.04.20 02:11:03.539,7.79361,7.79591,1.00,1.00
2018.04.20 02:11:05.504,7.79361,7.7959,1.00,1.00
2018.04.20 02:11:12.757,7.79361,7.79591,1.00,1.00
2018.04.20 02:11:20.377,7.79361,7.7959,1.00,1.00
2018.04.20 02:11:24.517,7.79361,7.79588,1.00,1.00
2018.04.20 02:11:27.837,7.79361,7.7959,1.00,1.00
2018.04.20 02:11:29.459,7.79361,7.79589,1.00,1.00
2018.04.20 02:11:35.302,7.79361,7.7959,1.00,1.00
2018.04.20 02:11:35.568,7.79361,7.79588,1.00,1.00
2018.04.20 02:11:40.847,7.79361,7.79586,1.00,1.00
2018.04.20 02:11:41.161,7.79361,7.79582,1.00,1.00
2018.04.20 02:11:43.033,7.79361,7.79585,1.00,1.00
2018.04.20 02:11:45.795,7.7934,7.79585,1.50,1.00
2018.04.20 02:11:45.847,7.7934,7.79572,1.00,1.00
2018.04.20 02:11:45.950,7.79322,7.79569,1.00,1.00
2018.04.20 02:11:46.001,7.7932,7.79565,1.00,1.00
2018.04.20 02:11:50.381,7.7932,7.79564,1.00,1.00
2018.04.20 02:11:56.021,7.79327,7.79571,1.00,1.37
2018.04.20 02:11:56.367,7.79329,7.79575,1.00,1.37
2018.04.20 02:11:56.519,7.79324,7.79571,1.00,1.37
2018.04.20 02:11:56.863,7.79321,7.79565,1.00,1.00
2018.04.20 02:11:58.060,7.7932,7.79564,1.50,1.00
2018.04.20 02:12:01.134,7.7932,7.79558,1.00,1.00
2018.04.20 02:12:08.208,7.79307,7.79551,1.00,1.00
2018.04.20 02:12:08.260,7.7928,7.79526,1.00,1.00
2018.04.20 02:12:08.312,7.7927,7.79517,1.00,1.00
2018.04.20 02:12:08.372,7.7926,7.79507,1.00,1.00
2018.04.20 02:12:08.686,7.79252,7.79506,1.00,1.00
2018.04.20 02:12:09.041,7.79248,7.79499,1.00,1.00
2018.04.20 02:12:09.143,7.7925,7.79504,1.00,1.00
2018.04.20 02:12:10.600,7.7925,7.79504,1.00,1.37
2018.04.20 02:12:11.683,7.79256,7.7951,1.00,1.37
2018.04.20 02:12:11.838,7.79252,7.79506,1.00,1.37
2018.04.20 02:12:12.101,7.79261,7.79514,1.00,1.37
2018.04.20 02:12:12.203,7.79252,7.79506,1.00,1.37
2018.04.20 02:12:12.443,7.79256,7.7951,1.00,1.37
2018.04.20 02:12:13.089,7.7926,7.79514,1.00,1.37
2018.04.20 02:12:13.140,7.79256,7.7951,1.00,1.37
2018.04.20 02:12:15.662,7.79256,7.7951,1.00,1.37
2018.04.20 02:12:16.854,7.79256,7.7951,1.00,1.37
2018.04.20 02:12:18.054,7.79244,7.79498,1.00,1.00
2018.04.20 02:12:18.106,7.79254,7.79506,1.00,1.37
2018.04.20 02:12:20.441,7.79256,7.79508,1.00,1.37
2018.04.20 02:12:21.427,7.79257,7.79511,1.00,1.37
2018.04.20 02:12:21.899,7.79255,7.79509,1.00,1.37
2018.04.20 02:12:21.960,7.79258,7.79512,1.00,1.37
2018.04.20 02:12:22.345,7.79263,7.79517,1.00,1.37
2018.04.20 02:12:22.656,7.79281,7.79534,1.00,1.37
2018.04.20 02:12:23.775,7.79281,7.79534,1.00,1.37
2018.04.20 02:12:23.878,7.79301,7.79555,1.00,1.37
2018.04.20 02:12:23.929,7.7929,7.79543,1.00,1.37
2018.04.20 02:12:25.762,7.7929,7.79543,1.00,1.37
2018.04.20 02:12:27.196,7.79291,7.79545,1.00,1.37
2018.04.20 02:12:28.119,7.79289,7.79543,1.00,1.37
2018.04.20 02:12:28.222,7.79281,7.79526,1.00,1.00
2018.04.20 02:12:28.324,7.79268,7.7952,1.00,1.37
2018.04.20 02:12:28.376,7.79263,7.79516,1.00,1.00
2018.04.20 02:12:28.478,7.79271,7.79525,1.00,1.37
2018.04.20 02:12:28.709,7.79269,7.79521,1.00,1.37
2018.04.20 02:12:29.903,7.79263,7.79516,1.00,1.37
2018.04.20 02:12:31.574,7.79263,7.79516,1.00,1.37
2018.04.20 02:12:32.151,7.79259,7.79512,1.00,1.37
2018.04.20 02:12:33.787,7.79254,7.79508,1.00,1.37
2018.04.20 02:12:33.975,7.79238,7.7949,1.00,1.00
2018.04.20 02:12:34.078,7.79245,7.79499,1.00,1.00
2018.04.20 02:12:34.440,7.79243,7.79495,1.00,1.00
2018.04.20 02:12:35.073,7.79237,7.79491,1.00,1.00
2018.04.20 02:12:35.421,7.79239,7.79493,1.00,1.00
2018.04.20 02:12:35.736,7.7924,7.79491,1.00,1.00
2018.04.20 02:12:36.116,7.7924,7.79491,1.00,1.37
2018.04.20 02:12:39.167,7.7924,7.79491,1.00,1.37
2018.04.20 02:12:50.452,7.79237,7.79491,1.00,1.37
2018.04.20 02:12:52.038,7.79236,7.79489,1.00,1.37
2018.04.20 02:12:54.069,7.79239,7.79493,1.00,1.37
2018.04.20 02:12:54.557,7.79239,7.79493,1.00,1.37
2018.04.20 02:12:55.408,7.79232,7.79484,1.00,1.37
2018.04.20 02:12:57.299,7.79232,7.79484,1.00,1.37
2018.04.20 02:12:58.018,7.79228,7.79481,1.00,1.37
2018.04.20 02:12:58.228,7.79235,7.79488,1.00,1.37
2018.04.20 02:12:58.982,7.79235,7.79488,1.00,1.37
2018.04.20 02:12:59.954,7.79238,7.79492,1.00,1.37
2018.04.20 02:13:00.866,7.79238,7.79492,1.00,1.37
2018.04.20 02:13:01.424,7.7924,7.79494,1.00,1.37
2018.04.20 02:13:04.118,7.79236,7.7949,1.00,1.37
2018.04.20 02:13:05.482,7.79235,7.79488,1.00,1.37
2018.04.20 02:13:06.629,7.79235,7.79489,1.00,1.37
2018.04.20 02:13:12.998,7.79234,7.79488,1.00,1.37
2018.04.20 02:13:20.774,7.79235,7.79489,1.00,1.37
2018.04.20 02:13:29.998,7.79235,7.79489,1.00,1.37
2018.04.20 02:13:35.543,7.79234,7.79488,1.00,1.37
2018.04.20 02:13:37.912,7.79235,7.79489,1.00,1.37
2018.04.20 02:13:39.042,7.79235,7.79489,1.00,1.37
2018.04.20 02:13:43.106,7.79234,7.79487,1.00,1.37
2018.04.20 02:13:43.682,7.79236,7.79488,1.00,1.37
2018.04.20 02:13:44.311,7.79236,7.79488,1.00,1.37
2018.04.20 02:13:50.837,7.79235,7.79487,1.00,1.37
2018.04.20 02:13:51.897,7.79235,7.79487,1.00,1.37
2018.04.20 02:13:52.547,7.79231,7.79483,1.00,1.37
2018.04.20 02:13:52.778,7.79234,7.79488,1.00,1.37
2018.04.20 02:13:58.089,7.79235,7.79489,1.00,1.37
2018.04.20 02:13:59.455,7.79236,7.7949,1.00,1.37
2018.04.20 02:14:08.491,7.79239,7.79489,1.00,1.37
2018.04.20 02:14:13.167,7.79237,7.79489,1.00,1.37
2018.04.20 02:14:14.507,7.79236,7.79489,1.00,1.37
2018.04.20 02:14:28.196,7.79234,7.79487,1.00,1.37
2018.04.20 02:14:29.457,7.79235,7.79488,1.00,1.37
2018.04.20 02:14:35.683,7.79234,7.79488,1.00,1.37
2018.04.20 02:14:39.458,7.79235,7.79489,1.00,1.87
2018.04.20 02:14:43.227,7.79236,7.79489,1.00,1.37
2018.04.20 02:14:43.439,7.79238,7.79489,1.00,1.37
2018.04.20 02:14:49.205,7.79224,7.79477,1.00,1.37
2018.04.20 02:14:49.260,7.79216,7.79468,1.00,1.00
2018.04.20 02:14:49.562,7.79223,7.79469,1.00,1.00
2018.04.20 02:14:49.955,7.79226,7.79469,1.00,1.00
2018.04.20 02:14:50.569,7.79226,7.79469,1.00,1.37
2018.04.20 02:14:50.741,7.79223,7.79469,1.00,1.37
2018.04.20 02:14:52.058,7.79222,7.79469,1.00,1.37
2018.04.20 02:14:52.110,7.79239,7.79469,1.00,1.37
2018.04.20 02:14:52.160,7.79225,7.79469,1.00,1.37
2018.04.20 02:14:52.211,7.79238,7.7949,1.00,1.37
2018.04.20 02:14:52.475,7.79255,7.79508,1.00,1.37
2018.04.20 02:14:52.526,7.79252,7.79505,1.00,1.37
2018.04.20 02:14:52.678,7.79255,7.79509,1.00,1.37
2018.04.20 02:14:53.272,7.79262,7.79514,1.00,1.37
2018.04.20 02:14:53.727,7.79258,7.79511,1.00,1.37
2018.04.20 02:14:53.778,7.79258,7.79511,1.00,1.37
2018.04.20 02:14:53.830,7.79263,7.79511,1.00,1.37
2018.04.20 02:14:54.947,7.79263,7.7951,1.00,1.37
2018.04.20 02:14:58.470,7.79264,7.79518,1.00,1.37
2018.04.20 02:14:58.856,7.79264,7.79518,1.00,1.37
2018.04.20 02:15:03.430,7.79263,7.79507,1.00,1.12
2018.04.20 02:15:03.482,7.79256,7.7951,1.00,1.37
2018.04.20 02:15:03.533,7.79252,7.79506,1.00,1.00
2018.04.20 02:15:03.586,7.79249,7.79503,1.00,1.00
2018.04.20 02:15:04.102,7.79235,7.79489,1.00,1.00
2018.04.20 02:15:04.540,7.79235,7.79489,1.00,1.37
2018.04.20 02:15:04.820,7.7923,7.79484,1.00,1.37
2018.04.20 02:15:05.772,7.79238,7.79491,1.00,1.37
2018.04.20 02:15:06.145,7.79234,7.79488,1.00,1.37
2018.04.20 02:15:07.722,7.79238,7.79491,1.00,1.37
2018.04.20 02:15:08.250,7.79238,7.79491,1.00,1.37
2018.04.20 02:15:09.778,7.79238,7.79491,1.00,1.37
2018.04.20 02:15:10.414,7.79253,7.79491,1.00,1.37
2018.04.20 02:15:10.738,7.7927,7.79524,1.00,1.75
2018.04.20 02:15:11.651,7.79272,7.79525,1.00,1.75
2018.04.20 02:15:11.753,7.79272,7.79525,1.00,1.37
2018.04.20 02:15:13.288,7.7927,7.79524,1.00,1.37
2018.04.20 02:15:14.511,7.79271,7.79524,1.00,1.37
2018.04.20 02:15:15.758,7.79271,7.79524,1.00,1.37
2018.04.20 02:15:16.959,7.79271,7.79524,1.00,1.37
2018.04.20 02:15:17.160,7.79274,7.79525,1.00,1.37
2018.04.20 02:15:17.691,7.79277,7.79529,1.00,1.37
2018.04.20 02:15:20.058,7.79277,7.79529,1.00,1.37
2018.04.20 02:15:20.794,7.79276,7.79529,1.00,1.37
2018.04.20 02:15:23.876,7.7928,7.79529,1.00,1.37
2018.04.20 02:15:25.945,7.79292,7.79529,1.00,1.37
2018.04.20 02:15:25.997,7.79282,7.79529,1.00,1.37
2018.04.20 02:15:26.159,7.79286,7.7954,1.00,1.37
2018.04.20 02:15:27.295,7.7929,7.79544,1.00,1.37
2018.04.20 02:15:28.364,7.7929,7.79544,1.00,1.37
2018.04.20 02:15:28.415,7.79295,7.79549,1.00,1.37
2018.04.20 02:15:29.020,7.79306,7.79558,1.00,1.87
2018.04.20 02:15:29.666,7.79299,7.79553,1.00,1.37
2018.04.20 02:15:29.717,7.79299,7.79553,1.00,1.37
2018.04.20 02:15:32.057,7.79303,7.79555,1.00,1.37
2018.04.20 02:15:32.108,7.79298,7.79551,1.00,1.37
2018.04.20 02:15:32.614,7.79301,7.79555,1.00,1.37
2018.04.20 02:15:33.134,7.79307,7.79558,1.00,1.37
2018.04.20 02:15:35.392,7.79317,7.79558,1.00,1.37
2018.04.20 02:15:35.443,7.79313,7.79558,1.00,1.37
2018.04.20 02:15:35.495,7.79307,7.79558,1.00,1.37
2018.04.20 02:15:35.648,7.79312,7.79566,1.00,1.37
2018.04.20 02:15:35.974,7.79321,7.79575,1.00,1.37
2018.04.20 02:15:36.424,7.79314,7.79568,1.00,1.37
2018.04.20 02:15:37.618,7.79314,7.79568,1.00,1.37
2018.04.20 02:15:40.091,7.79309,7.79563,1.00,1.37
2018.04.20 02:15:43.560,7.79317,7.79568,1.00,1.37
2018.04.20 02:15:45.578,7.79317,7.79568,1.00,1.37
2018.04.20 02:15:46.016,7.79327,7.79581,1.00,1.37
2018.04.20 02:15:47.000,7.79331,7.79584,1.00,1.37
2018.04.20 02:15:47.520,7.79331,7.79584,1.00,1.37
2018.04.20 02:15:48.166,7.79331,7.79584,1.00,1.37
2018.04.20 02:15:50.464,7.79344,7.79596,1.00,1.37
2018.04.20 02:15:50.566,7.79344,7.79596,1.00,1.12
2018.04.20 02:15:50.862,7.79341,7.79593,1.00,1.00
2018.04.20 02:15:51.076,7.79339,7.79593,1.00,1.00
2018.04.20 02:15:51.325,7.7933,7.79584,1.00,1.00
2018.04.20 02:15:51.840,7.79334,7.79588,1.00,1.00
2018.04.20 02:15:52.585,7.79334,7.79588,1.00,1.37
2018.04.20 02:15:58.356,7.79336,7.7959,1.00,1.37
2018.04.20 02:15:59.457,7.79338,7.79592,1.00,1.37
2018.04.20 02:16:04.953,7.79341,7.79593,1.00,1.37
2018.04.20 02:16:05.894,7.7934,7.79593,1.00,1.37
2018.04.20 02:16:11.873,7.79334,7.79587,1.00,1.37
2018.04.20 02:16:12.503,7.79338,7.7959,1.00,1.37
2018.04.20 02:16:13.357,7.79337,7.7959,1.00,1.37
2018.04.20 02:16:16.340,7.79339,7.79593,1.00,1.37
2018.04.20 02:16:16.690,7.79349,7.79603,1.00,1.37
2018.04.20 02:16:17.011,7.79359,7.79605,1.00,1.37
2018.04.20 02:16:20.922,7.79358,7.79604,1.00,1.37
2018.04.20 02:16:25.851,7.79359,7.79605,1.00,1.37
2018.04.20 02:16:28.438,7.79358,7.79603,1.00,1.37
2018.04.20 02:16:32.825,7.79366,7.7961,1.00,1.37
2018.04.20 02:16:33.130,7.79377,7.79623,1.00,1.75
2018.04.20 02:16:35.218,7.79377,7.79623,1.00,1.37
2018.04.20 02:16:35.902,7.79375,7.79621,1.00,1.37
2018.04.20 02:16:36.116,7.79377,7.79621,1.00,1.37
2018.04.20 02:16:37.098,7.79371,7.79616,1.00,1.37
2018.04.20 02:16:37.150,7.79373,7.79613,1.00,1.37
2018.04.20 02:16:37.270,7.79366,7.79613,1.00,1.37
2018.04.20 02:16:38.459,7.79362,7.79605,1.00,1.37
2018.04.20 02:16:38.820,7.79362,7.79605,1.00,1.37
2018.04.20 02:16:40.104,7.79362,7.79605,1.00,1.37
2018.04.20 02:16:43.418,7.79363,7.79605,1.00,1.37
2018.04.20 02:16:43.680,7.79358,7.79604,1.00,1.37
2018.04.20 02:16:45.249,7.79363,7.79605,1.00,1.37
2018.04.20 02:16:46.554,7.79362,7.79599,1.00,1.37
2018.04.20 02:16:48.280,7.79365,7.79611,1.00,1.37
2018.04.20 02:16:50.987,7.79369,7.79615,1.00,1.37
2018.04.20 02:16:52.174,7.79365,7.79612,1.00,1.37
2018.04.20 02:16:52.423,7.79354,7.796,1.00,1.37
2018.04.20 02:16:52.619,7.79358,7.79605,1.00,1.37
2018.04.20 02:16:53.973,7.79358,7.79605,1.00,1.37
2018.04.20 02:16:55.670,7.79358,7.79605,1.00,1.37
2018.04.20 02:16:57.492,7.79358,7.79605,1.00,1.37
2018.04.20 02:17:05.962,7.79357,7.79599,1.00,1.37
2018.04.20 02:17:07.042,7.79363,7.79599,1.00,1.37
2018.04.20 02:17:07.600,7.79363,7.79599,1.00,1.37
2018.04.20 02:17:07.705,7.79365,7.79599,1.00,1.37
2018.04.20 02:17:07.757,7.79355,7.79599,1.00,1.37
2018.04.20 02:17:07.982,7.79351,7.79597,1.00,1.37
2018.04.20 02:17:08.499,7.79356,7.79599,1.00,1.37
2018.04.20 02:17:08.886,7.79356,7.79599,1.00,1.37
2018.04.20 02:17:08.939,7.79353,7.79597,1.00,1.37
2018.04.20 02:17:08.990,7.79356,7.79599,1.00,1.37
2018.04.20 02:17:13.582,7.79362,7.79599,1.00,1.37
2018.04.20 02:17:15.661,7.79368,7.79599,1.00,1.37
2018.04.20 02:17:15.762,7.79371,7.79599,1.00,1.37
2018.04.20 02:17:16.826,7.79371,7.79599,1.00,1.37
2018.04.20 02:17:18.184,7.79376,7.79599,1.00,1.37
2018.04.20 02:17:18.875,7.79373,7.79599,1.00,1.37
2018.04.20 02:17:21.042,7.79371,7.79599,1.00,1.37
2018.04.20 02:17:22.159,7.79372,7.79599,1.00,1.37
2018.04.20 02:17:23.212,7.79377,7.79599,1.00,1.37
2018.04.20 02:17:23.533,7.79405,7.79651,1.00,1.75
2018.04.20 02:17:24.274,7.79402,7.79641,1.00,1.75
2018.04.20 02:17:24.326,7.79393,7.79637,1.00,1.75
2018.04.20 02:17:24.428,7.79396,7.79641,1.00,1.37
2018.04.20 02:17:24.799,7.79405,7.7965,1.00,1.37
2018.04.20 02:17:26.613,7.79405,7.7965,1.00,1.37
2018.04.20 02:17:26.731,7.79408,7.79653,1.00,1.87
2018.04.20 02:17:28.770,7.79407,7.79653,1.00,1.87
2018.04.20 02:17:30.135,7.79411,7.79653,1.00,1.37
2018.04.20 02:17:30.657,7.79401,7.79654,1.00,1.37
2018.04.20 02:17:36.022,7.794,7.79654,1.00,1.37
2018.04.20 02:17:36.237,7.79398,7.79652,1.00,1.37
2018.04.20 02:17:41.069,7.79396,7.7965,1.00,1.37
2018.04.20 02:17:43.750,7.79397,7.79651,1.00,1.37
2018.04.20 02:17:45.565,7.79385,7.79639,1.00,1.37
2018.04.20 02:17:45.766,7.79375,7.79629,1.00,1.00
2018.04.20 02:17:45.991,7.7937,7.79622,1.00,1.00
2018.04.20 02:17:47.158,7.79367,7.79621,1.00,1.00
2018.04.20 02:17:47.209,7.79365,7.79619,1.00,1.37
2018.04.20 02:17:48.454,7.79365,7.79613,1.00,1.37
2018.04.20 02:17:48.506,7.79363,7.79613,1.00,1.37
2018.04.20 02:17:49.819,7.79362,7.79613,1.00,1.37
2018.04.20 02:17:50.946,7.79359,7.79612,1.00,1.37
2018.04.20 02:17:51.048,7.79362,7.79613,1.00,1.37
2018.04.20 02:17:51.483,7.79364,7.79613,1.00,1.37
2018.04.20 02:17:53.743,7.79367,7.79613,1.00,1.37
2018.04.20 02:17:54.800,7.79362,7.79613,1.00,1.37
2018.04.20 02:17:54.920,7.79359,7.79613,1.00,1.87
2018.04.20 02:17:57.296,7.79358,7.79612,1.00,1.37
2018.04.20 02:17:57.398,7.79355,7.79609,1.00,1.37
2018.04.20 02:17:58.631,7.79355,7.79609,1.00,1.37
2018.04.20 02:17:58.780,7.79358,7.79609,1.00,1.37
2018.04.20 02:18:00.000,7.7936,7.79613,1.00,1.37
2018.04.20 02:18:01.927,7.79356,7.7961,1.00,1.37
2018.04.20 02:18:02.962,7.79346,7.79598,1.00,1.37
2018.04.20 02:18:03.014,7.79353,7.79607,1.00,1.37
2018.04.20 02:18:03.066,7.7935,7.79603,1.00,1.37
2018.04.20 02:18:03.168,7.79346,7.79598,1.00,1.37
2018.04.20 02:18:03.220,7.7934,7.79591,1.00,1.00
2018.04.20 02:18:05.311,7.7934,7.79591,1.00,1.37
2018.04.20 02:18:06.132,7.79342,7.79591,1.00,1.37
2018.04.20 02:18:06.845,7.79344,7.79591,1.00,1.37
2018.04.20 02:18:08.630,7.79347,7.79591,1.00,1.37
2018.04.20 02:18:13.600,7.79346,7.79591,1.00,1.37
2018.04.20 02:18:13.809,7.79344,7.79591,1.00,1.37
2018.04.20 02:18:16.534,7.7935,7.79591,1.00,1.37
2018.04.20 02:18:16.979,7.79355,7.79607,1.00,1.37
2018.04.20 02:18:17.081,7.79344,7.79593,1.00,1.37
2018.04.20 02:18:17.132,7.7934,7.79589,1.00,1.37
2018.04.20 02:18:18.964,7.79355,7.79605,1.00,1.37
2018.04.20 02:18:19.346,7.79349,7.79603,1.00,1.37
2018.04.20 02:18:19.461,7.79353,7.79605,1.00,1.37
2018.04.20 02:18:20.279,7.79348,7.79602,1.00,1.37
2018.04.20 02:18:21.162,7.79356,7.79605,1.00,1.37
2018.04.20 02:18:21.426,7.79361,7.79605,1.00,1.37
2018.04.20 02:18:24.221,7.79361,7.79605,1.00,1.37
2018.04.20 02:18:27.867,7.79361,7.79605,1.00,1.37
2018.04.20 02:18:27.926,7.79364,7.79605,1.00,1.37
2018.04.20 02:18:28.230,7.79395,7.79649,1.00,1.75
2018.04.20 02:18:28.558,7.79401,7.79655,1.00,1.75
2018.04.20 02:18:28.610,7.79421,7.79674,1.00,1.37
2018.04.20 02:18:28.746,7.79429,7.79681,1.00,1.37
2018.04.20 02:18:29.000,7.79456,7.7971,1.00,1.37
2018.04.20 02:18:29.051,7.7946,7.79714,1.00,1.37
2018.04.20 02:18:29.375,7.79476,7.7973,1.00,1.75
2018.04.20 02:18:29.697,7.79496,7.7975,1.00,1.37
2018.04.20 02:18:29.748,7.79502,7.79756,1.00,1.37
2018.04.20 02:18:30.142,7.7951,7.79764,1.00,1.37
2018.04.20 02:18:30.245,7.79507,7.79761,1.00,1.37
2018.04.20 02:18:30.347,7.79511,7.79765,1.00,1.37
2018.04.20 02:18:30.499,7.79508,7.79762,1.00,1.37
2018.04.20 02:18:30.550,7.79513,7.79765,1.00,1.37
2018.04.20 02:18:30.865,7.79517,7.79771,1.00,1.37
2018.04.20 02:18:31.044,7.79518,7.79772,1.00,1.37
2018.04.20 02:18:31.146,7.79526,7.79783,1.00,1.37
2018.04.20 02:18:31.530,7.79535,7.79791,1.00,1.75
2018.04.20 02:18:31.748,7.79531,7.79788,1.00,1.75
2018.04.20 02:18:31.849,7.79539,7.79794,1.00,1.75
2018.04.20 02:18:32.113,7.79529,7.79785,1.00,1.50
2018.04.20 02:18:32.467,7.79529,7.79785,1.00,1.37
2018.04.20 02:18:32.981,7.79533,7.79789,1.00,1.37
2018.04.20 02:18:33.325,7.79538,7.79794,1.00,1.37
2018.04.20 02:18:33.591,7.79538,7.79794,1.00,1.37
2018.04.20 02:18:35.246,7.79538,7.79794,1.00,1.37
2018.04.20 02:18:36.192,7.79534,7.7979,1.00,1.37
2018.04.20 02:18:37.781,7.79533,7.79789,1.00,1.37
2018.04.20 02:18:41.417,7.79538,7.79794,1.00,1.37
2018.04.20 02:18:41.520,7.79533,7.79789,1.00,1.37
2018.04.20 02:18:41.888,7.79547,7.79802,1.00,1.37
2018.04.20 02:18:42.226,7.79553,7.7981,1.00,1.37
2018.04.20 02:18:42.276,7.7955,7.79806,1.00,1.37
2018.04.20 02:18:43.185,7.79558,7.79815,1.00,1.37
2018.04.20 02:18:43.675,7.79558,7.79814,1.00,1.37
2018.04.20 02:18:43.726,7.79539,7.79793,1.00,1.00
2018.04.20 02:18:43.778,7.79537,7.79793,1.00,1.00
2018.04.20 02:18:43.833,7.79534,7.79788,1.00,1.00
2018.04.20 02:18:46.965,7.79534,7.79788,1.00,1.37
2018.04.20 02:18:47.363,7.7953,7.79786,1.00,1.37
2018.04.20 02:18:47.575,7.79526,7.79782,1.00,1.00
2018.04.20 02:18:48.134,7.79531,7.79785,1.00,1.12
2018.04.20 02:18:50.247,7.79531,7.79785,1.00,1.37
2018.04.20 02:18:51.172,7.7953,7.79787,1.00,1.37
2018.04.20 02:18:55.262,7.7953,7.79787,1.00,1.37
2018.04.20 02:18:57.814,7.7953,7.79787,1.00,1.37
2018.04.20 02:18:58.899,7.79531,7.79787,1.00,1.37
2018.04.20 02:19:06.252,7.79529,7.79784,1.00,1.37
2018.04.20 02:19:07.071,7.79528,7.79784,1.00,1.37
2018.04.20 02:19:07.123,7.79525,7.79781,1.00,1.37
2018.04.20 02:19:08.643,7.79524,7.79779,1.00,1.12
2018.04.20 02:19:08.877,7.7953,7.7979,1.00,1.37
2018.04.20 02:19:09.188,7.79561,7.79815,1.00,1.50
2018.04.20 02:19:10.605,7.79561,7.79815,1.00,1.37
2018.04.20 02:19:13.717,7.79559,7.79816,1.00,1.37
2018.04.20 02:19:13.980,7.79562,7.79818,1.00,1.37
2018.04.20 02:19:14.167,7.79556,7.79813,1.00,1.37
2018.04.20 02:19:14.220,7.79553,7.79809,1.00,1.00
2018.04.20 02:19:14.271,7.79532,7.79789,1.00,1.00
2018.04.20 02:19:14.322,7.79529,7.79785,1.00,1.00
2018.04.20 02:19:14.373,7.79527,7.79792,1.00,1.00
2018.04.20 02:19:14.475,7.79545,7.79801,1.00,1.00
2018.04.20 02:19:15.161,7.79555,7.79811,1.00,1.37
2018.04.20 02:19:15.770,7.79555,7.79811,1.00,1.00
2018.04.20 02:19:17.238,7.79555,7.79811,1.00,1.37
2018.04.20 02:19:18.586,7.79558,7.79815,1.00,1.37
2018.04.20 02:19:21.282,7.79561,7.79818,1.00,1.37
2018.04.20 02:19:27.928,7.79561,7.79815,1.00,1.00
2018.04.20 02:19:28.798,7.79561,7.79818,1.00,1.37
2018.04.20 02:19:36.312,7.7956,7.79816,1.00,1.00
2018.04.20 02:19:37.896,7.79538,7.79795,1.00,1.00
2018.04.20 02:19:37.947,7.79547,7.79803,1.00,1.00
2018.04.20 02:19:37.999,7.79543,7.798,1.00,1.00
2018.04.20 02:19:38.154,7.79545,7.79801,1.00,1.00
2018.04.20 02:19:39.417,7.79545,7.79801,1.00,1.37
2018.04.20 02:19:41.660,7.79545,7.79801,1.00,1.37
2018.04.20 02:19:42.932,7.79548,7.79804,1.00,1.37
2018.04.20 02:19:43.989,7.79558,7.79804,1.00,1.37
2018.04.20 02:19:44.040,7.79554,7.798,1.00,1.37
2018.04.20 02:19:48.012,7.79535,7.79782,1.00,1.00
2018.04.20 02:19:48.116,7.7954,7.79784,1.00,1.00
2018.04.20 02:19:48.218,7.79535,7.79781,1.00,1.00
2018.04.20 02:19:48.364,7.79545,7.79791,1.00,1.37
2018.04.20 02:19:48.941,7.79545,7.79791,1.00,1.37
2018.04.20 02:19:51.342,7.79547,7.79791,1.00,1.37
2018.04.20 02:19:51.556,7.79544,7.7979,1.00,1.37
2018.04.20 02:19:55.742,7.79542,7.79788,1.00,1.37
2018.04.20 02:19:58.069,7.79539,7.79783,1.00,1.37
2018.04.20 02:19:59.070,7.79545,7.79792,1.00,1.37
2018.04.20 02:19:59.456,7.79545,7.79792,1.00,1.37
2018.04.20 02:20:03.104,7.79548,7.79795,1.00,1.37
2018.04.20 02:20:03.156,7.79548,7.79795,1.00,1.37
2018.04.20 02:20:03.394,7.7955,7.79796,1.00,1.37
2018.04.20 02:20:03.905,7.79554,7.798,1.00,1.37
2018.04.20 02:20:04.009,7.79551,7.79797,1.00,1.37
2018.04.20 02:20:05.146,7.79551,7.79797,1.00,1.37
2018.04.20 02:20:06.371,7.79549,7.79796,1.00,1.37
2018.04.20 02:20:09.457,7.7955,7.79797,1.00,1.37
2018.04.20 02:20:11.186,7.79554,7.798,1.00,1.37
2018.04.20 02:20:11.237,7.79551,7.79795,1.00,1.37
2018.04.20 02:20:11.288,7.79554,7.798,1.00,1.37
2018.04.20 02:20:11.716,7.79559,7.79805,1.00,1.37
2018.04.20 02:20:12.582,7.79559,7.79805,1.00,1.37
2018.04.20 02:20:13.886,7.79561,7.79807,1.00,1.37
2018.04.20 02:20:15.803,7.79568,7.79815,1.00,1.87
2018.04.20 02:20:15.854,7.79559,7.79805,1.00,1.37
2018.04.20 02:20:15.959,7.79563,7.79809,1.00,1.37
2018.04.20 02:20:16.404,7.79563,7.79809,1.00,1.37
2018.04.20 02:20:18.476,7.7957,7.79815,1.00,1.37
2018.04.20 02:20:18.561,7.7957,7.79815,1.00,1.37
2018.04.20 02:20:20.857,7.79565,7.79811,1.00,1.37
2018.04.20 02:20:20.908,7.79557,7.79803,1.00,1.00
2018.04.20 02:20:20.960,7.79562,7.79808,1.00,1.37
2018.04.20 02:20:21.344,7.79566,7.79812,1.00,1.37
2018.04.20 02:20:22.003,7.79569,7.79814,1.00,1.37
2018.04.20 02:20:23.794,7.79558,7.79804,1.00,1.37
2018.04.20 02:20:23.844,7.79561,7.79808,1.00,1.37
2018.04.20 02:20:24.491,7.79568,7.79808,1.00,1.37
2018.04.20 02:20:27.949,7.79568,7.79808,1.00,1.37
2018.04.20 02:20:28.662,7.79565,7.79808,1.00,1.37
2018.04.20 02:20:28.799,7.79569,7.79808,1.00,1.37
2018.04.20 02:20:29.181,7.79558,7.79788,1.00,1.00
2018.04.20 02:20:29.649,7.79569,7.79788,1.00,1.00
2018.04.20 02:20:36.382,7.79567,7.79788,1.00,1.00
2018.04.20 02:20:40.345,7.79557,7.79788,1.00,1.00
2018.04.20 02:20:55.062,7.79554,7.79788,1.00,1.00
2018.04.20 02:20:59.190,7.79556,7.79788,1.00,1.00
2018.04.20 02:21:06.492,7.79553,7.79788,1.00,1.00
2018.04.20 02:21:14.220,7.79554,7.79788,1.00,1.00
2018.04.20 02:21:21.685,7.79553,7.79788,1.00,1.00
2018.04.20 02:21:29.200,7.79553,7.79808,1.00,1.37
2018.04.20 02:21:36.501,7.79554,7.7981,1.00,1.37
2018.04.20 02:21:41.015,7.79558,7.79814,1.00,1.37
2018.04.20 02:21:41.067,7.79555,7.7981,1.00,1.37
2018.04.20 02:21:44.068,7.79556,7.79813,1.00,1.37
2018.04.20 02:21:44.280,7.79559,7.79816,1.00,1.37
2018.04.20 02:21:44.631,7.79559,7.79816,1.00,1.37
2018.04.20 02:21:48.375,7.79561,7.79817,1.00,1.37
2018.04.20 02:21:48.706,7.79563,7.79819,1.00,1.37
2018.04.20 02:21:49.458,7.79565,7.7982,1.00,1.37
2018.04.20 02:21:51.020,7.79565,7.7982,1.00,1.37
2018.04.20 02:21:51.745,7.79564,7.7982,1.00,1.37
2018.04.20 02:21:56.186,7.79557,7.79809,1.00,1.37
2018.04.20 02:21:56.754,7.79554,7.79809,1.00,1.37
2018.04.20 02:21:56.964,7.79554,7.79809,1.00,1.00
2018.04.20 02:21:57.135,7.79561,7.79809,1.00,1.00
2018.04.20 02:21:57.186,7.79557,7.79809,1.00,1.00
2018.04.20 02:21:57.784,7.79552,7.79809,1.00,1.50
2018.04.20 02:21:57.860,7.79548,7.79804,1.00,1.00
2018.04.20 02:21:57.938,7.79552,7.79809,1.00,1.50
2018.04.20 02:21:57.988,7.7954,7.7979,1.00,1.00
2018.04.20 02:21:58.191,7.7953,7.79786,1.00,1.00
2018.04.20 02:21:58.422,7.7953,7.79782,1.00,1.00
2018.04.20 02:21:59.116,7.79534,7.79782,1.00,1.00
2018.04.20 02:21:59.167,7.79526,7.79782,1.00,1.00
2018.04.20 02:21:59.270,7.7953,7.79782,1.00,1.00
2018.04.20 02:22:00.690,7.79526,7.79782,1.00,1.87
2018.04.20 02:22:02.141,7.79526,7.79782,1.00,1.87
2018.04.20 02:22:03.899,7.79536,7.79782,1.00,1.37
2018.04.20 02:22:05.129,7.79547,7.79782,1.00,1.37
2018.04.20 02:22:05.180,7.79542,7.79782,1.00,1.00
2018.04.20 02:22:05.232,7.79539,7.79782,1.00,1.00
2018.04.20 02:22:06.612,7.79533,7.79782,1.00,1.00
2018.04.20 02:22:07.000,7.79533,7.79782,1.00,1.37
2018.04.20 02:22:10.898,7.79531,7.79782,1.00,1.37
2018.04.20 02:22:12.768,7.79531,7.79782,1.00,1.37
2018.04.20 02:22:12.850,7.79528,7.79782,1.00,1.87
2018.04.20 02:22:14.290,7.79525,7.79782,1.00,1.87
2018.04.20 02:22:15.679,7.79525,7.79782,1.00,1.87
2018.04.20 02:22:18.173,7.79525,7.79782,1.00,1.87
2018.04.20 02:22:18.517,7.79534,7.79782,1.00,1.37
2018.04.20 02:22:18.805,7.79528,7.79782,1.00,1.37
2018.04.20 02:22:19.671,7.79539,7.79782,1.00,1.00
2018.04.20 02:22:21.642,7.79541,7.79782,1.00,1.00
2018.04.20 02:22:25.195,7.7954,7.79782,1.00,1.00
2018.04.20 02:22:32.100,7.79529,7.79782,1.00,1.00
2018.04.20 02:22:36.592,7.79517,7.79774,1.00,1.00
2018.04.20 02:22:36.643,7.79522,7.79779,1.00,1.00
2018.04.20 02:22:38.066,7.79522,7.79779,1.00,1.37
2018.04.20 02:22:38.837,7.79519,7.79775,1.00,1.37
2018.04.20 02:22:41.011,7.79519,7.79775,1.00,1.37
2018.04.20 02:22:44.400,7.79522,7.79776,1.00,1.37
2018.04.20 02:22:46.629,7.79522,7.79776,1.00,1.37
2018.04.20 02:22:51.917,7.79524,7.7978,1.00,1.37
2018.04.20 02:22:54.632,7.79524,7.7978,1.00,1.37
2018.04.20 02:22:59.217,7.79521,7.79778,1.00,1.37
2018.04.20 02:23:00.983,7.7952,7.79777,1.00,1.37
2018.04.20 02:23:02.040,7.7952,7.79777,1.00,1.37
2018.04.20 02:23:06.732,7.79521,7.79775,1.00,1.37
2018.04.20 02:23:08.316,7.79522,7.79779,1.00,1.37
2018.04.20 02:23:12.668,7.79522,7.79779,1.00,1.37
2018.04.20 02:23:14.247,7.7952,7.79777,1.00,1.37
2018.04.20 02:23:21.712,7.79521,7.79778,1.00,1.37
2018.04.20 02:23:36.290,7.79516,7.79772,1.00,1.37
2018.04.20 02:23:36.394,7.79521,7.79775,1.00,1.37
2018.04.20 02:23:44.520,7.7952,7.79777,1.00,1.37
2018.04.20 02:23:51.822,7.79521,7.79775,1.00,1.37
2018.04.20 02:23:52.948,7.79524,7.7978,1.00,1.37
2018.04.20 02:23:55.603,7.79524,7.7978,1.00,1.37
2018.04.20 02:23:59.289,7.79522,7.79778,1.00,1.37
2018.04.20 02:23:59.801,7.79523,7.79779,1.00,1.37
2018.04.20 02:24:00.332,7.79525,7.79782,1.00,1.37
2018.04.20 02:24:00.434,7.7952,7.79777,1.00,1.37
2018.04.20 02:24:00.485,7.79517,7.79773,1.00,1.12
2018.04.20 02:24:00.587,7.79526,7.79774,1.00,1.37
2018.04.20 02:24:00.642,7.79522,7.79774,1.00,1.37
2018.04.20 02:24:06.852,7.79523,7.79774,1.00,1.37
2018.04.20 02:24:07.064,7.7952,7.79774,1.00,1.37
2018.04.20 02:24:08.173,7.79531,7.79774,1.00,1.37
2018.04.20 02:24:08.303,7.79526,7.79774,1.00,1.37
2018.04.20 02:24:08.354,7.79538,7.79792,1.00,1.37
2018.04.20 02:24:09.334,7.79542,7.79792,1.00,1.37
2018.04.20 02:24:14.149,7.79542,7.79792,1.00,1.00
2018.04.20 02:24:19.456,7.79541,7.79792,1.00,1.00
2018.04.20 02:24:21.832,7.7954,7.79792,1.00,1.00
2018.04.20 02:24:24.116,7.79545,7.79795,1.00,1.00
2018.04.20 02:24:29.566,7.79545,7.79797,1.00,1.00
2018.04.20 02:24:38.383,7.79545,7.79781,1.00,1.00
2018.04.20 02:24:38.434,7.79524,7.79781,1.00,1.00
2018.04.20 02:24:38.588,7.79522,7.79777,1.00,1.00
2018.04.20 02:24:39.096,7.79521,7.79777,1.00,1.00
2018.04.20 02:24:40.111,7.79521,7.79777,1.00,1.37
2018.04.20 02:24:42.190,7.79521,7.79777,1.00,1.00
2018.04.20 02:24:44.377,7.79519,7.79775,1.00,1.00
2018.04.20 02:24:45.956,7.79525,7.79781,1.00,1.87
2018.04.20 02:24:48.474,7.79525,7.79781,1.00,1.87
2018.04.20 02:24:49.627,7.79525,7.79781,1.00,1.87
2018.04.20 02:24:50.922,7.79525,7.79781,1.00,1.87
2018.04.20 02:24:50.974,7.79522,7.79779,1.00,1.37
2018.04.20 02:24:51.941,7.7952,7.79776,1.00,1.37
2018.04.20 02:24:53.172,7.79514,7.7977,1.50,1.37
2018.04.20 02:24:53.276,7.79495,7.79751,1.00,1.00
2018.04.20 02:24:53.488,7.79488,7.79742,1.00,1.00
2018.04.20 02:24:54.485,7.79488,7.79742,1.00,1.37
2018.04.20 02:24:59.457,7.79487,7.79744,1.50,1.37
2018.04.20 02:25:13.569,7.79487,7.79737,1.00,1.00
2018.04.20 02:25:14.436,7.79487,7.79736,1.00,1.00
2018.04.20 02:25:14.700,7.79487,7.7974,1.00,1.12
2018.04.20 02:25:14.855,7.79487,7.7974,1.00,1.37
2018.04.20 02:25:34.305,7.79465,7.79719,1.00,1.00
2018.04.20 02:25:34.361,7.79463,7.79719,1.00,1.00
2018.04.20 02:25:34.426,7.79456,7.79713,1.00,1.00
2018.04.20 02:25:36.982,7.79459,7.79714,1.00,1.00
2018.04.20 02:25:37.642,7.79459,7.79714,1.00,1.37
2018.04.20 02:25:38.402,7.79453,7.79709,1.00,1.12
2018.04.20 02:25:38.582,7.79451,7.79705,1.00,1.00
2018.04.20 02:25:39.191,7.79454,7.79709,1.00,1.12
2018.04.20 02:25:41.916,7.79455,7.79711,1.00,1.37
2018.04.20 02:25:44.497,7.79456,7.79712,1.00,1.37
2018.04.20 02:25:45.913,7.79455,7.79711,1.00,1.37
2018.04.20 02:25:53.835,7.79451,7.79707,1.00,1.00
2018.04.20 02:25:55.420,7.79456,7.7971,1.00,1.37
2018.04.20 02:25:59.740,7.79454,7.7971,1.00,1.37
2018.04.20 02:26:15.724,7.79429,7.79685,1.00,1.00
2018.04.20 02:26:15.931,7.79424,7.79679,1.00,1.00
2018.04.20 02:26:17.631,7.79424,7.79679,1.00,1.37
2018.04.20 02:26:19.509,7.79423,7.7968,1.00,1.37
2018.04.20 02:26:20.027,7.79437,7.7968,1.00,1.37
2018.04.20 02:26:21.423,7.79423,7.7968,1.00,1.87
2018.04.20 02:26:22.335,7.79424,7.7968,1.00,1.87
2018.04.20 02:26:22.437,7.79419,7.79675,1.00,1.00
2018.04.20 02:26:22.542,7.79434,7.79675,1.00,1.00
2018.04.20 02:26:22.649,7.79419,7.79673,1.00,1.00
2018.04.20 02:26:23.709,7.79419,7.79673,1.00,1.37
2018.04.20 02:26:24.041,7.79414,7.79669,1.00,1.37
2018.04.20 02:26:24.154,7.79406,7.79661,1.00,1.00
2018.04.20 02:26:24.205,7.79407,7.79663,1.00,1.00
2018.04.20 02:26:24.309,7.79418,7.79673,1.00,1.37
2018.04.20 02:26:25.773,7.79419,7.79673,1.00,1.37
2018.04.20 02:26:28.640,7.79423,7.79673,1.00,1.37
2018.04.20 02:26:28.901,7.79422,7.79673,1.00,1.00
2018.04.20 02:26:29.022,7.79428,7.79673,1.00,1.00
2018.04.20 02:26:29.179,7.79423,7.79673,1.00,1.00
2018.04.20 02:26:29.851,7.79422,7.79673,1.00,1.00
2018.04.20 02:26:32.668,7.79414,7.7967,1.00,1.00
2018.04.20 02:26:32.719,7.79406,7.7966,1.00,1.00
2018.04.20 02:26:33.194,7.79415,7.79669,1.00,1.00
2018.04.20 02:26:37.150,7.79416,7.79671,1.00,1.00
2018.04.20 02:26:38.569,7.79416,7.79672,1.00,1.00
2018.04.20 02:26:39.331,7.79418,7.79673,1.00,1.00
2018.04.20 02:26:44.678,7.79417,7.79671,1.00,1.00
2018.04.20 02:26:45.884,7.79416,7.79673,1.00,1.87
2018.04.20 02:26:52.157,7.79415,7.79671,1.00,1.12
2018.04.20 02:26:55.743,7.79411,7.79666,1.00,1.00
2018.04.20 02:26:56.788,7.79408,7.79662,1.00,1.00
2018.04.20 02:26:59.697,7.79407,7.79664,1.00,1.00
2018.04.20 02:26:59.909,7.79413,7.7967,1.00,1.37
2018.04.20 02:27:05.199,7.79413,7.7967,1.00,1.00
2018.04.20 02:27:05.435,7.79417,7.79673,1.00,1.87
2018.04.20 02:27:07.212,7.79415,7.79672,1.00,1.37
2018.04.20 02:27:14.898,7.79416,7.79672,1.00,1.37
2018.04.20 02:27:15.004,7.79428,7.79672,1.00,1.37
2018.04.20 02:27:17.233,7.79416,7.79672,1.00,1.37
2018.04.20 02:27:25.951,7.79425,7.79678,1.00,1.37
2018.04.20 02:27:26.472,7.79429,7.79684,1.00,1.37
2018.04.20 02:27:26.648,7.79422,7.79676,1.00,1.37
2018.04.20 02:27:26.699,7.79419,7.79673,1.00,1.37
2018.04.20 02:27:29.757,7.79421,7.79677,1.00,1.37
2018.04.20 02:27:29.954,7.79419,7.79675,1.00,1.37
2018.04.20 02:27:37.435,7.79417,7.79674,1.00,1.37
2018.04.20 02:27:47.143,7.79425,7.79678,1.00,1.37
2018.04.20 02:27:47.310,7.79443,7.79697,1.00,1.37
2018.04.20 02:27:47.362,7.79448,7.79702,1.00,1.37
2018.04.20 02:27:49.627,7.79448,7.79702,1.50,1.00
2018.04.20 02:27:52.302,7.79448,7.79699,1.00,1.00
2018.04.20 02:27:53.313,7.79448,7.797,1.00,1.00
2018.04.20 02:27:59.818,7.79448,7.79699,1.00,1.00
2018.04.20 02:28:07.332,7.79448,7.79701,1.00,1.00
2018.04.20 02:28:12.209,7.79448,7.7969,1.00,1.00
2018.04.20 02:28:15.059,7.79448,7.79697,1.00,1.00
2018.04.20 02:28:29.828,7.79448,7.79698,1.00,1.00
2018.04.20 02:28:36.657,7.79463,7.7972,1.00,1.37
2018.04.20 02:28:37.342,7.79476,7.79732,1.00,1.37
2018.04.20 02:28:37.656,7.7948,7.79737,1.00,1.37
2018.04.20 02:28:38.164,7.79485,7.79737,1.00,1.37
2018.04.20 02:28:39.278,7.79485,7.79737,1.00,1.00
2018.04.20 02:28:44.907,7.79485,7.79735,1.00,1.00
2018.04.20 02:28:45.121,7.79486,7.79752,1.00,1.37
2018.04.20 02:28:45.172,7.7949,7.79746,1.00,1.37
2018.04.20 02:28:47.011,7.7949,7.79746,1.00,1.00
2018.04.20 02:28:47.596,7.79505,7.79746,1.00,1.00
2018.04.20 02:28:47.647,7.7949,7.79746,1.50,1.00
2018.04.20 02:28:48.062,7.79515,7.79746,1.00,1.00
2018.04.20 02:28:48.465,7.79501,7.79755,1.00,1.37
2018.04.20 02:28:48.614,7.79505,7.79762,1.00,1.00
2018.04.20 02:28:48.665,7.79496,7.79777,1.00,1.00
2018.04.20 02:28:48.717,7.79498,7.79782,1.00,1.37
2018.04.20 02:28:48.774,7.79506,7.79789,1.00,1.37
2018.04.20 02:28:48.876,7.79508,7.79791,1.00,1.00
2018.04.20 02:28:49.008,7.79533,7.79789,1.00,1.00
2018.04.20 02:28:49.486,7.79514,7.79792,1.00,1.00
2018.04.20 02:28:49.790,7.79518,7.79795,1.00,1.00
2018.04.20 02:28:50.182,7.79535,7.79795,1.00,1.00
2018.04.20 02:28:50.548,7.79535,7.79799,1.00,1.00
2018.04.20 02:28:50.604,7.79535,7.79804,1.00,1.00
2018.04.20 02:28:50.706,7.7953,7.79807,1.00,1.00
2018.04.20 02:28:50.835,7.79548,7.79824,1.00,1.00
2018.04.20 02:28:52.207,7.79553,7.79824,1.00,1.00
2018.04.20 02:28:52.422,7.79553,7.79834,1.00,1.00
2018.04.20 02:28:55.468,7.79553,7.7983,1.00,1.00
2018.04.20 02:28:56.437,7.79553,7.79833,1.00,1.00
2018.04.20 02:28:57.335,7.79553,7.79837,1.00,1.00
2018.04.20 02:28:57.504,7.79557,7.79844,1.00,1.00
2018.04.20 02:28:58.739,7.79576,7.79846,1.00,1.00
2018.04.20 02:28:58.790,7.79569,7.79846,1.00,1.00
2018.04.20 02:28:59.887,7.79569,7.79845,1.00,1.00
2018.04.20 02:29:00.438,7.79564,7.79846,1.00,1.00
2018.04.20 02:29:00.490,7.7958,7.79837,1.00,1.00
2018.04.20 02:29:02.774,7.79582,7.79838,1.00,1.00
2018.04.20 02:29:03.000,7.79567,7.7988,1.00,1.37
2018.04.20 02:29:03.514,7.79578,7.7988,1.00,1.37
2018.04.20 02:29:05.296,7.79578,7.79867,1.00,1.00
2018.04.20 02:29:06.404,7.79577,7.79875,1.00,1.00
2018.04.20 02:29:06.455,7.79581,7.79879,1.00,1.37
2018.04.20 02:29:06.771,7.79589,7.79867,1.00,1.00
2018.04.20 02:29:10.770,7.79589,7.79869,1.00,1.00
2018.04.20 02:29:11.191,7.79583,7.79869,1.00,1.00
2018.04.20 02:29:11.242,7.79612,7.79861,1.00,1.00
2018.04.20 02:29:14.547,7.79598,7.79847,1.00,1.00
2018.04.20 02:29:14.882,7.79607,7.79855,1.00,1.00
2018.04.20 02:29:15.181,7.796,7.79849,1.00,1.00
2018.04.20 02:29:15.688,7.79596,7.79845,1.00,1.00
2018.04.20 02:29:17.244,7.79553,7.79837,1.00,1.00
2018.04.20 02:29:20.627,7.79565,7.79814,1.00,1.37
2018.04.20 02:29:20.729,7.79577,7.79824,1.00,1.00
2018.04.20 02:29:22.483,7.79568,7.79817,1.00,1.00
2018.04.20 02:29:22.867,7.79557,7.79832,1.00,1.00
2018.04.20 02:29:22.919,7.79538,7.79833,1.00,1.00
2018.04.20 02:29:22.971,7.79561,7.79809,1.00,1.00
2018.04.20 02:29:23.023,7.79559,7.79808,1.00,1.00
2018.04.20 02:29:23.075,7.79551,7.79833,1.00,1.00
2018.04.20 02:29:24.057,7.79553,7.79835,1.00,1.37
2018.04.20 02:29:24.431,7.79556,7.79836,1.00,1.37
2018.04.20 02:29:25.132,7.79556,7.79836,1.00,1.37
2018.04.20 02:29:25.185,7.79549,7.79831,1.00,1.37
2018.04.20 02:29:25.469,7.79546,7.79795,1.00,1.00
2018.04.20 02:29:25.521,7.79535,7.79815,1.00,1.00
2018.04.20 02:29:25.572,7.79543,7.79792,1.00,1.00
2018.04.20 02:29:26.526,7.79547,7.79795,1.00,1.00
2018.04.20 02:29:26.692,7.7955,7.79799,1.00,1.00
2018.04.20 02:29:28.706,7.79488,7.79796,1.00,1.00
2018.04.20 02:29:28.757,7.79449,7.79745,1.00,1.00
2018.04.20 02:29:29.997,7.79445,7.79744,1.00,1.00
2018.04.20 02:29:30.162,7.79439,7.79744,1.00,1.00
2018.04.20 02:29:30.932,7.7943,7.79743,1.00,1.00
2018.04.20 02:29:31.150,7.7943,7.79743,1.00,1.37
2018.04.20 02:29:31.711,7.79424,7.79758,1.00,1.37
2018.04.20 02:29:31.820,7.79433,7.79763,1.50,1.37
2018.04.20 02:29:33.460,7.79433,7.79763,1.50,1.37
2018.04.20 02:29:34.753,7.79427,7.79741,1.00,1.00
2018.04.20 02:29:34.804,7.79413,7.79741,1.37,1.00
2018.04.20 02:29:35.293,7.79434,7.79741,1.00,1.00
2018.04.20 02:29:35.620,7.79436,7.79741,1.00,1.00
2018.04.20 02:29:37.263,7.79423,7.79741,1.37,1.00
2018.04.20 02:29:41.190,7.7943,7.79741,1.00,1.00
2018.04.20 02:29:41.241,7.7943,7.79789,1.50,1.37
2018.04.20 02:29:41.490,7.79447,7.7979,1.00,1.37
2018.04.20 02:29:42.193,7.79445,7.7979,1.00,1.87
2018.04.20 02:29:42.423,7.79459,7.79788,1.00,1.37
2018.04.20 02:29:43.669,7.79477,7.7979,1.12,1.37
2018.04.20 02:29:43.986,7.795,7.79821,1.00,1.37
2018.04.20 02:29:44.038,7.795,7.79809,1.00,1.00
2018.04.20 02:29:44.140,7.795,7.79821,1.00,1.37
2018.04.20 02:29:44.357,7.79501,7.79812,1.00,1.00
2018.04.20 02:29:44.979,7.79502,7.79812,1.00,1.00
2018.04.20 02:29:45.030,7.79502,7.79823,1.00,1.37
2018.04.20 02:29:45.176,7.795,7.79813,1.50,1.37
2018.04.20 02:29:46.232,7.795,7.79813,1.00,1.87
2018.04.20 02:29:47.895,7.79543,7.79792,1.00,1.37
2018.04.20 02:29:48.003,7.79527,7.79779,1.00,1.00
2018.04.20 02:29:48.101,7.795,7.79808,1.00,1.37
2018.04.20 02:29:48.152,7.79504,7.79809,1.00,1.37
2018.04.20 02:29:48.253,7.79495,7.79809,1.00,1.37
2018.04.20 02:29:48.355,7.79512,7.79792,1.00,1.37
2018.04.20 02:29:48.517,7.79512,7.79792,1.00,1.00
2018.04.20 02:29:48.818,7.79486,7.79794,1.00,1.00
2018.04.20 02:29:49.066,7.79491,7.79772,1.00,1.00
2018.04.20 02:29:50.973,7.7951,7.79764,1.00,1.00
2018.04.20 02:29:51.024,7.79517,7.79775,1.00,1.00
2018.04.20 02:29:51.148,7.79517,7.79784,1.00,1.37
2018.04.20 02:29:51.352,7.79497,7.79764,1.00,1.00
2018.04.20 02:29:54.013,7.79501,7.79764,1.75,1.37
2018.04.20 02:29:54.116,7.79507,7.79771,1.00,1.37
2018.04.20 02:29:54.222,7.79507,7.79771,1.37,1.37
2018.04.20 02:29:54.325,7.79507,7.79774,1.00,1.37
2018.04.20 02:29:55.232,7.79507,7.79774,1.00,1.37
2018.04.20 02:29:57.729,7.79539,7.79774,1.00,1.37
2018.04.20 02:29:57.845,7.79517,7.79772,1.00,1.00
2018.04.20 02:29:58.660,7.79541,7.79772,1.00,1.00
2018.04.20 02:30:00.388,7.79541,7.79775,1.00,1.00
2018.04.20 02:30:04.823,7.79541,7.79772,1.00,1.00
2018.04.20 02:30:04.987,7.79495,7.79756,1.00,1.00
2018.04.20 02:30:05.038,7.79472,7.79756,1.00,1.00
2018.04.20 02:30:05.090,7.79463,7.79747,1.00,1.00
2018.04.20 02:30:05.141,7.79451,7.79747,1.00,1.00
2018.04.20 02:30:06.415,7.79451,7.79747,1.00,1.37
2018.04.20 02:30:07.043,7.79463,7.79728,1.00,1.00
2018.04.20 02:30:07.353,7.7945,7.79747,1.00,1.37
2018.04.20 02:30:07.455,7.79434,7.79747,1.00,1.37
2018.04.20 02:30:07.506,7.79425,7.79747,1.00,1.37
2018.04.20 02:30:07.608,7.79425,7.79747,1.00,1.37
2018.04.20 02:30:08.064,7.79423,7.79745,1.00,1.37
2018.04.20 02:30:10.340,7.79427,7.79731,1.00,1.37
2018.04.20 02:30:11.733,7.79423,7.79731,1.00,1.37
2018.04.20 02:30:12.172,7.79426,7.79731,1.00,1.37
2018.04.20 02:30:13.432,7.79426,7.79731,1.00,1.37
2018.04.20 02:30:13.752,7.79443,7.79754,1.00,1.37
2018.04.20 02:30:14.109,7.79447,7.79754,1.00,1.37
2018.04.20 02:30:15.138,7.79451,7.79754,1.00,1.37
2018.04.20 02:30:15.301,7.79459,7.79754,1.00,1.37
2018.04.20 02:30:16.806,7.79489,7.79773,1.00,2.62
2018.04.20 02:30:16.909,7.79494,7.79772,1.00,1.00
2018.04.20 02:30:16.960,7.79476,7.79773,1.00,1.00
2018.04.20 02:30:17.012,7.79467,7.79758,1.00,1.00
2018.04.20 02:30:17.268,7.79445,7.79745,1.12,1.00
2018.04.20 02:30:17.348,7.79445,7.79723,1.12,1.00
2018.04.20 02:30:18.420,7.79444,7.79723,1.00,1.00
2018.04.20 02:30:23.274,7.79449,7.79723,1.00,1.00
2018.04.20 02:30:24.115,7.79473,7.79738,1.00,1.00
2018.04.20 02:30:24.166,7.79466,7.79751,1.00,1.00
2018.04.20 02:30:24.268,7.7946,7.79751,1.00,1.37
2018.04.20 02:30:24.319,7.79472,7.79739,1.00,1.00
2018.04.20 02:30:24.634,7.79451,7.79718,1.00,1.00
2018.04.20 02:30:26.096,7.79461,7.79718,1.00,1.00
2018.04.20 02:30:26.249,7.79472,7.79739,1.00,1.00
2018.04.20 02:30:28.521,7.79474,7.79739,1.00,1.00
2018.04.20 02:30:28.828,7.79472,7.79739,1.00,1.00
2018.04.20 02:30:28.948,7.7949,7.79778,1.00,1.37
2018.04.20 02:30:29.246,7.79483,7.79779,1.00,1.37
2018.04.20 02:30:29.298,7.7949,7.79755,1.00,1.12
2018.04.20 02:30:29.724,7.79483,7.79732,1.00,1.00
2018.04.20 02:30:30.334,7.79474,7.79732,1.00,1.00
2018.04.20 02:30:33.660,7.79488,7.79755,1.00,1.00
2018.04.20 02:30:33.711,7.79492,7.79779,1.00,1.37
2018.04.20 02:30:34.517,7.79508,7.79775,1.00,1.37
2018.04.20 02:30:36.425,7.79508,7.79775,1.00,1.37
2018.04.20 02:30:37.420,7.79514,7.79775,1.00,1.37
2018.04.20 02:30:37.471,7.79508,7.79775,1.00,1.37
2018.04.20 02:30:37.624,7.79487,7.79754,1.00,1.00
2018.04.20 02:30:43.117,7.79508,7.79775,1.00,1.12
2018.04.20 02:30:44.136,7.79508,7.79775,1.00,1.37
2018.04.20 02:30:44.238,7.79498,7.79776,1.00,1.37
2018.04.20 02:30:45.021,7.79532,7.79776,1.00,1.37
2018.04.20 02:30:47.751,7.79532,7.79778,1.00,1.37
2018.04.20 02:30:47.803,7.79532,7.79777,1.00,1.00
2018.04.20 02:30:47.957,7.79509,7.79774,1.00,1.00
2018.04.20 02:30:48.008,7.79498,7.79777,1.00,1.00
2018.04.20 02:30:48.060,7.79509,7.79774,1.00,1.00
2018.04.20 02:30:48.266,7.79483,7.79777,1.00,1.00
2018.04.20 02:30:48.858,7.79493,7.7976,1.00,1.00
2018.04.20 02:30:56.503,7.79498,7.7976,1.00,1.00
2018.04.20 02:30:56.605,7.79511,7.79774,1.00,1.00
2018.04.20 02:30:56.823,7.79491,7.79758,1.00,1.00
2018.04.20 02:31:01.535,7.79511,7.79774,1.00,1.00
2018.04.20 02:31:01.739,7.79491,7.79758,1.00,1.00
2018.04.20 02:31:07.141,7.79508,7.79773,1.00,1.00
2018.04.20 02:31:07.216,7.79494,7.79773,1.00,1.00
2018.04.20 02:31:07.593,7.79502,7.79774,1.00,1.00
2018.04.20 02:31:07.995,7.79488,7.79755,1.00,1.00
2018.04.20 02:31:11.843,7.79509,7.79773,1.00,1.00
2018.04.20 02:31:11.921,7.79491,7.79773,1.00,1.00
2018.04.20 02:31:12.390,7.79519,7.79773,1.00,1.00
2018.04.20 02:31:15.421,7.79518,7.79773,1.00,1.00
2018.04.20 02:31:15.926,7.79519,7.79774,1.00,1.00
2018.04.20 02:31:16.355,7.79498,7.79765,1.00,1.00
2018.04.20 02:31:20.534,7.79519,7.79774,1.00,1.00
2018.04.20 02:31:20.839,7.79498,7.79765,1.00,1.00
2018.04.20 02:31:24.717,7.79491,7.79774,1.00,1.00
2018.04.20 02:31:25.217,7.79519,7.79774,1.00,1.00
2018.04.20 02:31:26.739,7.7952,7.79774,1.37,1.00
2018.04.20 02:31:27.237,7.79539,7.79774,1.00,1.00
2018.04.20 02:31:27.535,7.79524,7.79774,1.50,1.00
2018.04.20 02:31:27.792,7.79546,7.79774,1.00,1.00
2018.04.20 02:31:28.476,7.79546,7.79777,1.00,1.00
2018.04.20 02:31:28.777,7.79527,7.79777,1.00,1.00
2018.04.20 02:31:28.828,7.79504,7.79777,1.00,1.00
2018.04.20 02:31:28.930,7.79484,7.79777,1.00,1.00
2018.04.20 02:31:29.033,7.79486,7.79776,1.00,1.00
2018.04.20 02:31:29.632,7.79486,7.79776,1.00,1.37
2018.04.20 02:31:29.965,7.79496,7.79763,1.00,1.00
2018.04.20 02:31:32.801,7.79499,7.79763,1.00,1.00
2018.04.20 02:31:33.754,7.79496,7.79763,1.50,1.37
2018.04.20 02:31:34.688,7.79514,7.79763,1.00,1.37
2018.04.20 02:31:34.740,7.79499,7.79763,1.00,1.37
2018.04.20 02:31:34.894,7.79496,7.79763,1.00,1.37
2018.04.20 02:31:40.277,7.79496,7.79763,1.00,1.37
2018.04.20 02:31:45.023,7.79508,7.79763,1.00,1.37
2018.04.20 02:31:45.074,7.79496,7.79763,1.00,1.37
2018.04.20 02:31:49.304,7.79496,7.79763,1.00,1.00
2018.04.20 02:31:49.355,7.79493,7.7978,1.00,1.00
2018.04.20 02:31:49.406,7.79493,7.79777,1.00,1.00
2018.04.20 02:31:49.760,7.79518,7.79777,1.00,1.00
2018.04.20 02:31:51.501,7.79527,7.79776,1.00,1.00
2018.04.20 02:31:51.705,7.79519,7.79776,1.00,1.00
2018.04.20 02:31:51.807,7.79538,7.79776,1.00,1.00
2018.04.20 02:31:52.506,7.79538,7.79777,1.00,1.00
2018.04.20 02:31:52.558,7.79519,7.79777,1.00,1.00
2018.04.20 02:31:53.459,7.79519,7.79776,1.00,1.00
2018.04.20 02:31:57.922,7.79511,7.79776,1.00,1.00
2018.04.20 02:31:57.974,7.79497,7.79764,1.00,1.00
2018.04.20 02:32:09.661,7.79509,7.79764,1.00,1.00
2018.04.20 02:32:09.712,7.79497,7.79764,1.00,1.00
2018.04.20 02:32:20.750,7.79523,7.79773,1.00,1.00
2018.04.20 02:32:21.474,7.79525,7.79773,1.00,1.00
2018.04.20 02:32:22.203,7.79534,7.7978,1.00,1.00
2018.04.20 02:32:23.305,7.79561,7.7978,1.00,1.00
2018.04.20 02:32:23.737,7.79553,7.7981,1.00,1.00
2018.04.20 02:32:23.788,7.79555,7.79809,1.00,1.00
2018.04.20 02:32:23.839,7.79553,7.7981,1.00,1.00
2018.04.20 02:32:23.890,7.7957,7.79849,1.00,1.00
2018.04.20 02:32:24.278,7.7957,7.79867,1.00,1.00
2018.04.20 02:32:25.313,7.79583,7.79867,1.00,1.00
2018.04.20 02:32:25.660,7.7957,7.79867,1.00,1.37
2018.04.20 02:32:25.915,7.79573,7.79885,1.00,1.37
2018.04.20 02:32:25.966,7.79572,7.79885,1.00,1.00
2018.04.20 02:32:26.018,7.79572,7.79904,1.00,1.12
2018.04.20 02:32:26.556,7.79573,7.79904,1.00,1.12
2018.04.20 02:32:26.827,7.79578,7.79904,1.00,1.12
2018.04.20 02:32:27.232,7.79605,7.79904,1.00,1.12
2018.04.20 02:32:30.307,7.79605,7.79903,1.00,1.00
2018.04.20 02:32:35.014,7.79605,7.79905,1.00,1.37
2018.04.20 02:32:35.167,7.79635,7.79945,1.00,1.37
2018.04.20 02:32:36.239,7.79643,7.79945,1.00,1.37
2018.04.20 02:32:37.760,7.79643,7.79945,1.00,1.00
2018.04.20 02:32:37.821,7.79638,7.79945,1.00,1.00
2018.04.20 02:32:37.872,7.79638,7.79943,1.00,1.00
2018.04.20 02:32:38.201,7.79662,7.79944,1.00,1.00
2018.04.20 02:32:38.449,7.7967,7.79962,1.00,1.37
2018.04.20 02:32:39.352,7.79683,7.79962,1.00,1.37
2018.04.20 02:32:39.922,7.79676,7.79962,1.00,1.37
2018.04.20 02:32:40.761,7.79676,7.79962,1.00,1.00
2018.04.20 02:32:43.249,7.79676,7.79943,1.00,1.00
2018.04.20 02:32:43.556,7.79671,7.79934,1.00,1.00
2018.04.20 02:32:45.474,7.7967,7.79931,1.00,1.00
2018.04.20 02:32:45.600,7.7967,7.79942,1.00,1.37
2018.04.20 02:32:47.645,7.7967,7.79942,1.00,1.37
2018.04.20 02:32:51.124,7.79657,7.79948,1.00,1.37
2018.04.20 02:32:57.593,7.79662,7.79937,1.00,1.37
2018.04.20 02:32:58.961,7.79662,7.79954,1.00,1.37
2018.04.20 02:33:00.631,7.79662,7.79933,1.00,1.00
2018.04.20 02:33:00.683,7.79662,7.79949,1.00,1.37
2018.04.20 02:33:04.164,7.79643,7.79927,1.00,1.00
2018.04.20 02:33:04.215,7.79643,7.79927,1.00,1.37
2018.04.20 02:33:04.684,7.79643,7.79916,1.00,1.00
2018.04.20 02:33:08.249,7.79606,7.79897,1.00,1.00
2018.04.20 02:33:08.415,7.79626,7.79897,1.00,1.00
2018.04.20 02:33:08.630,7.79626,7.79917,1.00,1.00
2018.04.20 02:33:11.489,7.79626,7.79907,1.00,1.00
2018.04.20 02:33:11.831,7.79626,7.79923,1.00,1.37
2018.04.20 02:33:13.569,7.79626,7.79904,1.00,1.00
2018.04.20 02:33:13.943,7.79642,7.79904,1.00,1.00
2018.04.20 02:33:15.660,7.79642,7.79905,1.00,1.00
2018.04.20 02:33:19.498,7.79595,7.79851,1.00,1.00
2018.04.20 02:33:19.631,7.79536,7.79851,1.75,1.00
2018.04.20 02:33:20.030,7.7952,7.7985,1.37,1.00
2018.04.20 02:33:20.082,7.7952,7.7985,1.37,1.00
2018.04.20 02:33:21.772,7.79531,7.7985,1.00,1.00
2018.04.20 02:33:23.115,7.79519,7.7985,1.37,1.00
2018.04.20 02:33:23.843,7.79519,7.79849,1.37,1.00
2018.04.20 02:33:27.121,7.79519,7.79849,1.00,1.37
2018.04.20 02:33:27.173,7.79513,7.79849,1.00,1.37
2018.04.20 02:33:27.224,7.79501,7.79848,1.00,1.37
2018.04.20 02:33:27.519,7.79493,7.79826,1.37,1.00
2018.04.20 02:33:28.121,7.79493,7.79838,1.37,1.12
2018.04.20 02:33:28.335,7.79493,7.79822,1.00,1.00
2018.04.20 02:33:30.478,7.79493,7.79824,1.00,1.00
2018.04.20 02:33:30.943,7.79494,7.79827,1.00,1.00
2018.04.20 02:33:30.995,7.79511,7.79838,1.00,1.37
2018.04.20 02:33:31.180,7.79517,7.79838,1.00,1.37
2018.04.20 02:33:32.047,7.79493,7.79838,1.00,1.37
2018.04.20 02:33:32.098,7.79506,7.79838,1.00,1.37
2018.04.20 02:33:32.685,7.7951,7.79838,1.00,1.37
2018.04.20 02:33:33.084,7.7951,7.79838,1.00,1.37
2018.04.20 02:33:33.899,7.7951,7.79838,1.00,1.37
2018.04.20 02:33:36.263,7.79515,7.79838,1.00,1.37
2018.04.20 02:33:36.365,7.79511,7.79855,1.00,1.75
2018.04.20 02:33:36.418,7.79516,7.79855,1.00,1.75
2018.04.20 02:33:37.550,7.79516,7.79855,1.00,1.37
2018.04.20 02:33:39.068,7.79518,7.79856,1.00,1.37
2018.04.20 02:33:40.145,7.79518,7.79856,1.00,1.37
2018.04.20 02:33:42.723,7.79572,7.79864,1.00,1.37
2018.04.20 02:33:43.709,7.79573,7.79864,1.00,1.37
2018.04.20 02:33:44.092,7.79578,7.79867,1.00,1.37
2018.04.20 02:33:44.432,7.79592,7.79882,1.00,1.75
2018.04.20 02:33:45.459,7.7959,7.79881,1.00,1.75
2018.04.20 02:33:45.670,7.79595,7.7988,1.00,1.75
2018.04.20 02:33:45.802,7.79584,7.7988,1.00,1.75
2018.04.20 02:33:45.854,7.79592,7.79874,1.00,1.37
2018.04.20 02:33:45.905,7.79603,7.79874,1.00,1.37
2018.04.20 02:33:45.956,7.79586,7.7988,1.00,1.37
2018.04.20 02:33:46.328,7.79588,7.79883,1.00,1.37
2018.04.20 02:33:46.652,7.79593,7.79891,1.50,1.37
2018.04.20 02:33:47.624,7.79593,7.79891,1.50,1.37
2018.04.20 02:33:48.139,7.79603,7.79893,1.00,1.37
2018.04.20 02:33:48.299,7.79593,7.79894,1.12,1.37
2018.04.20 02:33:49.624,7.79593,7.79894,1.50,1.37
2018.04.20 02:33:50.576,7.79597,7.79891,1.00,1.37
2018.04.20 02:33:50.912,7.79597,7.79891,1.00,1.00
2018.04.20 02:33:50.963,7.79597,7.79897,1.00,1.37
2018.04.20 02:33:52.316,7.79614,7.79897,1.00,1.37
2018.04.20 02:33:55.369,7.79614,7.7989,1.00,1.00
2018.04.20 02:33:55.694,7.79614,7.79883,1.00,1.00
2018.04.20 02:33:55.849,7.79595,7.79866,1.00,1.00
2018.04.20 02:33:56.027,7.79585,7.79863,1.00,1.00
2018.04.20 02:33:58.820,7.79585,7.79857,1.50,1.00
2018.04.20 02:33:59.857,7.79601,7.79857,1.00,1.00
2018.04.20 02:34:00.163,7.79609,7.79857,1.00,1.37
2018.04.20 02:34:00.583,7.79615,7.7988,1.00,1.37
2018.04.20 02:34:00.634,7.79602,7.79881,1.00,1.37
2018.04.20 02:34:00.888,7.79609,7.79919,1.00,1.75
2018.04.20 02:34:01.679,7.79625,7.79919,1.00,1.37
2018.04.20 02:34:01.934,7.79625,7.79935,1.00,1.00
2018.04.20 02:34:02.744,7.79645,7.79935,1.00,1.00
2018.04.20 02:34:03.384,7.79663,7.79935,1.00,1.00
2018.04.20 02:34:05.279,7.79663,7.79935,1.00,1.37
2018.04.20 02:34:10.054,7.79685,7.79976,1.00,1.75
2018.04.20 02:34:10.360,7.79685,7.79979,1.00,1.37
2018.04.20 02:34:11.148,7.79686,7.79979,1.00,1.37
2018.04.20 02:34:11.863,7.79685,7.79995,1.00,1.37
2018.04.20 02:34:11.915,7.79692,7.79995,1.00,1.37
2018.04.20 02:34:12.451,7.79718,7.7999,1.00,1.37
2018.04.20 02:34:13.451,7.79718,7.79986,1.00,1.37
2018.04.20 02:34:13.502,7.7971,7.79986,1.00,1.37
2018.04.20 02:34:14.657,7.7971,7.79986,1.00,1.00
2018.04.20 02:34:15.537,7.7971,7.79984,1.00,1.00
2018.04.20 02:34:15.780,7.7971,7.79998,1.00,1.00
2018.04.20 02:34:17.152,7.7971,7.79996,1.00,1.00
2018.04.20 02:34:18.108,7.7971,7.79995,1.00,1.00
2018.04.20 02:34:20.196,7.7971,7.79998,1.00,1.00
2018.04.20 02:34:20.247,7.7971,7.8,1.00,1.00
2018.04.20 02:34:20.915,7.79736,7.80003,1.00,1.00
2018.04.20 02:34:21.423,7.79736,7.80015,1.00,1.37
2018.04.20 02:34:22.867,7.79736,7.80011,1.00,1.00
2018.04.20 02:34:24.118,7.79736,7.80015,1.00,1.00
2018.04.20 02:34:28.313,7.79736,7.80016,1.00,1.00
2018.04.20 02:34:29.062,7.79736,7.79999,1.00,1.00
2018.04.20 02:34:29.481,7.79736,7.80016,1.00,1.37
2018.04.20 02:34:29.532,7.79736,7.80016,1.00,1.00
2018.04.20 02:34:30.760,7.79736,7.80015,1.00,1.00
2018.04.20 02:34:30.881,7.79736,7.79998,1.00,1.00
2018.04.20 02:34:30.933,7.79718,7.79998,1.00,1.00
2018.04.20 02:34:31.035,7.79699,7.79973,1.00,1.00
2018.04.20 02:34:31.238,7.79682,7.79973,1.00,1.00
2018.04.20 02:34:31.769,7.79683,7.79975,1.00,1.00
2018.04.20 02:34:31.871,7.79708,7.79981,1.00,1.00
2018.04.20 02:34:31.923,7.79708,7.79984,1.00,1.00
2018.04.20 02:34:32.437,7.79708,7.79981,1.00,1.00
2018.04.20 02:34:38.112,7.79708,7.79971,1.00,1.00
2018.04.20 02:34:42.361,7.79708,7.79967,1.00,1.00
2018.04.20 02:34:43.396,7.79708,7.79965,1.00,1.00
2018.04.20 02:34:45.265,7.79708,7.79938,1.00,1.00
2018.04.20 02:34:45.316,7.79613,7.79938,1.87,1.00
2018.04.20 02:34:45.521,7.79606,7.79921,1.37,1.00
2018.04.20 02:34:45.623,7.79606,7.79923,1.37,1.00
2018.04.20 02:34:47.167,7.79606,7.79923,1.00,1.00
2018.04.20 02:34:49.316,7.79606,7.79928,1.00,1.00
2018.04.20 02:34:49.368,7.79601,7.79928,1.00,1.00
2018.04.20 02:34:49.419,7.79603,7.79932,1.00,1.00
2018.04.20 02:34:49.760,7.79599,7.79927,1.00,1.00
2018.04.20 02:34:50.425,7.79601,7.79929,1.00,1.00
2018.04.20 02:34:51.125,7.79601,7.79929,1.00,1.37
2018.04.20 02:34:51.541,7.79604,7.79933,1.00,1.37
2018.04.20 02:34:52.010,7.79604,7.79933,1.00,1.37
2018.04.20 02:34:52.249,7.79596,7.79924,1.00,1.00
2018.04.20 02:34:53.142,7.7959,7.79924,1.37,1.00
2018.04.20 02:34:53.413,7.79589,7.79923,1.50,1.37
2018.04.20 02:34:55.718,7.79597,7.7993,1.00,1.37
2018.04.20 02:34:55.769,7.79594,7.79926,1.00,1.37
2018.04.20 02:34:55.912,7.79597,7.7993,1.00,1.37
2018.04.20 02:34:57.095,7.79597,7.7993,1.00,1.37
2018.04.20 02:34:57.146,7.79594,7.79926,1.00,1.37
2018.04.20 02:34:58.633,7.79589,7.79927,1.00,1.37
2018.04.20 02:35:00.044,7.79589,7.7993,1.37,1.37
2018.04.20 02:35:00.869,7.79591,7.7993,1.00,1.37
2018.04.20 02:35:05.514,7.79589,7.79927,1.87,1.00
2018.04.20 02:35:05.567,7.79589,7.79913,1.37,1.00
2018.04.20 02:35:06.796,7.79575,7.79913,1.00,1.37
2018.04.20 02:35:08.173,7.79579,7.79913,1.00,1.37
2018.04.20 02:35:11.917,7.7957,7.79875,1.00,1.00
2018.04.20 02:35:12.120,7.79556,7.79866,1.37,1.00
2018.04.20 02:35:13.376,7.79556,7.79866,1.00,1.00
2018.04.20 02:35:15.638,7.79555,7.79864,1.00,1.00
2018.04.20 02:35:20.661,7.79551,7.79864,1.00,1.00
2018.04.20 02:35:20.941,7.79534,7.79844,1.00,1.00
2018.04.20 02:35:21.043,7.79527,7.7984,1.00,1.00
2018.04.20 02:35:21.095,7.79509,7.79828,1.00,1.37
2018.04.20 02:35:21.198,7.79529,7.79828,1.00,1.37
2018.04.20 02:35:21.602,7.79498,7.79825,1.00,1.37
2018.04.20 02:35:23.203,7.79511,7.79824,1.00,1.12
2018.04.20 02:35:26.013,7.79489,7.79805,1.37,1.00
2018.04.20 02:35:26.456,7.7948,7.79796,1.00,1.37
2018.04.20 02:35:28.525,7.79483,7.79799,1.00,1.37
2018.04.20 02:35:29.457,7.79485,7.79799,1.00,1.37
2018.04.20 02:35:30.880,7.79483,7.798,1.00,1.37
2018.04.20 02:35:31.382,7.79483,7.798,1.00,1.37
2018.04.20 02:35:32.494,7.79487,7.79804,1.00,1.37
2018.04.20 02:35:32.597,7.7948,7.79795,1.00,1.37
2018.04.20 02:35:32.649,7.79463,7.7978,1.00,1.37
2018.04.20 02:35:32.806,7.79456,7.79773,1.00,1.00
2018.04.20 02:35:32.909,7.79434,7.79773,1.37,1.00
2018.04.20 02:35:32.961,7.79443,7.79773,1.00,1.00
2018.04.20 02:35:33.291,7.79437,7.79767,1.00,1.00
2018.04.20 02:35:33.643,7.79445,7.79769,1.00,1.00
2018.04.20 02:35:33.983,7.79445,7.79765,1.00,1.37
2018.04.20 02:35:38.445,7.79443,7.79765,1.00,1.37
2018.04.20 02:35:39.631,7.79443,7.79765,1.00,1.75
2018.04.20 02:35:43.399,7.79454,7.79765,1.00,1.37
2018.04.20 02:35:43.704,7.79459,7.79773,1.00,1.75
2018.04.20 02:35:45.960,7.79454,7.79773,1.00,1.75
2018.04.20 02:35:46.147,7.79431,7.79749,1.00,1.37
2018.04.20 02:35:46.250,7.79405,7.79743,1.00,1.37
2018.04.20 02:35:46.301,7.79401,7.7974,1.00,1.37
2018.04.20 02:35:46.586,7.79405,7.79744,1.00,1.37
2018.04.20 02:35:47.864,7.79405,7.79744,1.00,2.25
2018.04.20 02:35:51.629,7.79405,7.79744,1.00,2.25
2018.04.20 02:35:53.213,7.79413,7.79744,1.00,2.25
2018.04.20 02:35:53.635,7.79414,7.79744,1.00,1.37
2018.04.20 02:36:00.779,7.79416,7.79744,1.00,1.37
2018.04.20 02:36:01.228,7.79428,7.79738,1.00,1.37
2018.04.20 02:36:01.814,7.79426,7.79738,1.00,1.37
2018.04.20 02:36:03.646,7.79426,7.79738,1.00,1.37
2018.04.20 02:36:06.601,7.79421,7.79738,1.00,1.37
2018.04.20 02:36:06.653,7.79403,7.79738,1.00,1.37
2018.04.20 02:36:07.392,7.79403,7.79738,1.00,1.75
2018.04.20 02:36:07.506,7.79432,7.79738,1.00,1.75
2018.04.20 02:36:07.660,7.79414,7.79721,1.00,1.37
2018.04.20 02:36:08.242,7.79413,7.79721,1.00,1.37
2018.04.20 02:36:08.457,7.79411,7.79721,1.00,1.37
2018.04.20 02:36:10.402,7.79411,7.79721,1.00,1.37
2018.04.20 02:36:13.381,7.79409,7.79739,1.00,1.75
2018.04.20 02:36:15.014,7.79434,7.79739,1.00,1.75
2018.04.20 02:36:15.065,7.79434,7.79739,1.00,1.75
2018.04.20 02:36:15.167,7.79418,7.79739,1.00,1.75
2018.04.20 02:36:15.749,7.79411,7.79739,1.00,1.75
2018.04.20 02:36:15.800,7.7942,7.79739,1.00,1.75
2018.04.20 02:36:16.060,7.79418,7.79737,1.00,1.75
2018.04.20 02:36:16.884,7.79417,7.79723,1.00,1.37
2018.04.20 02:36:16.936,7.7942,7.79723,1.00,1.37
2018.04.20 02:36:18.641,7.79421,7.79723,1.00,1.37
2018.04.20 02:36:21.443,7.7941,7.79723,1.00,1.37
2018.04.20 02:36:21.495,7.7942,7.79723,1.00,1.37
2018.04.20 02:36:21.802,7.79424,7.79723,1.00,1.37
2018.04.20 02:36:22.641,7.79418,7.79723,1.00,1.37
2018.04.20 02:36:22.743,7.79414,7.79723,1.00,1.37
2018.04.20 02:36:23.323,7.7941,7.79723,1.00,1.37
2018.04.20 02:36:23.876,7.7941,7.79723,1.00,1.75
2018.04.20 02:36:26.176,7.7941,7.79723,1.00,1.75
2018.04.20 02:36:26.562,7.79417,7.79723,1.00,1.75
2018.04.20 02:36:26.613,7.7941,7.79723,1.50,1.75
2018.04.20 02:36:27.298,7.79415,7.79723,1.00,1.75
2018.04.20 02:36:27.350,7.79415,7.79723,1.00,1.75
2018.04.20 02:36:27.422,7.79412,7.79723,1.00,1.75
2018.04.20 02:36:27.658,7.79415,7.79723,1.00,1.75
2018.04.20 02:36:29.760,7.79415,7.79723,1.00,1.75
2018.04.20 02:36:30.788,7.79416,7.79723,1.00,1.75
2018.04.20 02:36:31.050,7.79413,7.79723,1.00,1.75
2018.04.20 02:36:31.465,7.79416,7.79723,1.00,1.75
2018.04.20 02:36:31.767,7.79436,7.79723,1.00,1.75
2018.04.20 02:36:31.819,7.79417,7.79723,1.00,1.75
2018.04.20 02:36:35.933,7.79417,7.79723,1.00,1.75
2018.04.20 02:36:35.984,7.79412,7.79723,1.00,1.75
2018.04.20 02:36:36.408,7.79419,7.79723,1.00,1.75
2018.04.20 02:36:36.611,7.79412,7.79723,1.00,1.75
2018.04.20 02:36:38.636,7.79412,7.79723,1.00,1.75
2018.04.20 02:36:41.047,7.79426,7.79707,1.00,1.37
2018.04.20 02:36:41.367,7.79433,7.797,1.00,1.37
2018.04.20 02:36:49.873,7.79433,7.797,1.00,1.37
2018.04.20 02:36:51.198,7.79435,7.797,1.00,1.37
2018.04.20 02:36:51.249,7.79433,7.797,1.00,1.37
2018.04.20 02:36:52.145,7.79433,7.797,1.00,1.37
2018.04.20 02:36:53.553,7.79433,7.797,1.00,1.37
2018.04.20 02:36:54.629,7.79433,7.797,1.00,1.37
2018.04.20 02:36:56.250,7.79433,7.797,1.00,1.37
2018.04.20 02:36:56.403,7.7941,7.79675,1.00,1.00
2018.04.20 02:36:58.101,7.7941,7.79675,1.00,1.37
2018.04.20 02:36:58.424,7.79391,7.79656,1.00,1.37
2018.04.20 02:36:59.689,7.79391,7.79656,1.00,1.00
2018.04.20 02:37:01.435,7.79354,7.79664,1.00,1.37
2018.04.20 02:37:02.459,7.79354,7.79624,1.00,1.00
2018.04.20 02:37:02.615,7.79354,7.7964,1.00,1.00
2018.04.20 02:37:02.666,7.79354,7.79662,1.00,1.37
2018.04.20 02:37:02.767,7.79372,7.79662,1.00,1.50
2018.04.20 02:37:02.871,7.79354,7.79662,1.50,1.50
2018.04.20 02:37:03.376,7.79344,7.79652,1.00,1.37
2018.04.20 02:37:04.658,7.79344,7.7963,1.00,1.37
2018.04.20 02:37:06.617,7.79339,7.7963,1.00,1.37
2018.04.20 02:37:06.668,7.79337,7.7963,1.00,1.37
2018.04.20 02:37:06.719,7.79317,7.7963,1.00,1.37
2018.04.20 02:37:06.821,7.79319,7.7963,1.00,1.37
2018.04.20 02:37:07.520,7.79348,7.79648,1.00,1.75
2018.04.20 02:37:07.774,7.79339,7.79627,1.00,1.37
2018.04.20 02:37:08.068,7.79339,7.79627,1.00,1.37
2018.04.20 02:37:08.119,7.79333,7.79627,1.00,1.37
2018.04.20 02:37:08.170,7.7933,7.79627,1.00,1.37
2018.04.20 02:37:08.292,7.79336,7.79627,1.00,1.37
2018.04.20 02:37:08.344,7.79332,7.79627,1.00,1.37
2018.04.20 02:37:08.395,7.79329,7.79627,1.00,1.37
2018.04.20 02:37:08.446,7.79326,7.79627,1.00,1.37
2018.04.20 02:37:08.907,7.7932,7.79627,1.00,1.37
2018.04.20 02:37:08.958,7.79314,7.79628,1.00,1.37
2018.04.20 02:37:09.061,7.79299,7.79608,1.00,1.37
2018.04.20 02:37:09.987,7.79298,7.79608,1.50,1.37
2018.04.20 02:37:10.089,7.79298,7.79608,1.50,1.37
2018.04.20 02:37:10.697,7.79302,7.79608,1.00,1.37
2018.04.20 02:37:11.567,7.79325,7.79627,1.00,1.75
2018.04.20 02:37:11.719,7.79321,7.79626,1.00,1.75
2018.04.20 02:37:13.483,7.79321,7.79626,1.00,1.75
2018.04.20 02:37:14.538,7.79325,7.79626,1.00,1.75
2018.04.20 02:37:14.641,7.7934,7.7961,1.00,1.37
2018.04.20 02:37:14.743,7.79337,7.7961,1.00,1.37
2018.04.20 02:37:14.866,7.79341,7.79628,1.00,1.37
2018.04.20 02:37:15.189,7.79349,7.79638,1.00,1.75
2018.04.20 02:37:15.586,7.79351,7.79638,1.00,1.75
2018.04.20 02:37:16.051,7.79351,7.79638,1.00,1.37
2018.04.20 02:37:16.102,7.79343,7.79638,1.00,1.37
2018.04.20 02:37:17.681,7.79332,7.79671,1.00,1.75
2018.04.20 02:37:17.733,7.79366,7.79671,1.00,1.75
2018.04.20 02:37:17.835,7.79358,7.7965,1.00,1.37
2018.04.20 02:37:18.040,7.79354,7.7965,1.00,1.37
2018.04.20 02:37:23.442,7.79348,7.7965,1.00,1.37
2018.04.20 02:37:24.284,7.79349,7.7965,1.00,1.37
2018.04.20 02:37:33.128,7.79361,7.79671,1.00,2.25
2018.04.20 02:37:33.282,7.79358,7.79671,1.00,2.25
2018.04.20 02:37:33.385,7.79354,7.7965,1.00,1.37
2018.04.20 02:37:37.487,7.79339,7.7965,1.00,1.37
2018.04.20 02:37:37.538,7.7936,7.79671,1.00,2.25
2018.04.20 02:37:37.842,7.79374,7.79655,1.00,1.37
2018.04.20 02:37:37.893,7.79354,7.79635,1.00,1.37
2018.04.20 02:37:41.970,7.79374,7.79655,1.00,1.37
2018.04.20 02:37:42.225,7.79362,7.79627,1.00,1.37
2018.04.20 02:37:43.509,7.7932,7.79628,1.50,1.37
2018.04.20 02:37:43.710,7.7934,7.79607,1.00,1.00
2018.04.20 02:37:44.668,7.7934,7.79607,1.00,1.37
2018.04.20 02:37:45.542,7.79366,7.79631,1.00,1.37
2018.04.20 02:37:45.593,7.7936,7.79663,1.00,1.75
2018.04.20 02:37:45.695,7.79365,7.79632,1.00,1.37
2018.04.20 02:37:45.883,7.79365,7.79632,1.00,1.37
2018.04.20 02:37:49.332,7.79364,7.79665,1.00,1.75
2018.04.20 02:37:49.446,7.79369,7.79633,1.00,1.37
2018.04.20 02:37:50.122,7.79368,7.79633,1.00,1.37
2018.04.20 02:37:59.505,7.79368,7.79633,1.00,1.37
2018.04.20 02:38:01.099,7.79363,7.79673,1.00,1.75
2018.04.20 02:38:01.151,7.79365,7.79673,1.00,1.75
2018.04.20 02:38:01.205,7.7936,7.79673,1.00,1.75
2018.04.20 02:38:01.257,7.79375,7.79642,1.00,1.37
2018.04.20 02:38:02.621,7.79375,7.79642,1.00,1.37
2018.04.20 02:38:03.589,7.79386,7.79679,1.37,1.75
2018.04.20 02:38:05.639,7.79395,7.79661,1.00,1.37
2018.04.20 02:38:06.519,7.79405,7.79678,1.00,1.37
2018.04.20 02:38:06.672,7.79404,7.7967,1.00,1.00
2018.04.20 02:38:09.457,7.79403,7.7967,1.00,1.00
2018.04.20 02:38:09.932,7.79396,7.79677,1.00,1.00
2018.04.20 02:38:09.983,7.79401,7.79677,1.00,1.00
2018.04.20 02:38:10.732,7.79396,7.79677,1.00,1.00
2018.04.20 02:38:11.912,7.794,7.79677,1.00,1.00
2018.04.20 02:38:12.120,7.79396,7.79677,1.00,1.00
2018.04.20 02:38:13.346,7.79418,7.79696,1.37,1.37
2018.04.20 02:38:13.642,7.79418,7.79696,1.37,1.37
2018.04.20 02:38:13.962,7.79441,7.79713,1.37,1.37
2018.04.20 02:38:14.642,7.7944,7.7971,1.00,1.37
2018.04.20 02:38:15.207,7.7944,7.7971,1.00,1.12
2018.04.20 02:38:15.999,7.7944,7.79707,1.00,1.00
2018.04.20 02:38:16.574,7.79441,7.79711,1.50,1.37
2018.04.20 02:38:17.083,7.79453,7.79711,1.00,1.37
2018.04.20 02:38:18.805,7.79453,7.79711,1.00,1.37
2018.04.20 02:38:19.051,7.79456,7.79712,1.00,1.00
2018.04.20 02:38:19.103,7.7944,7.79742,1.50,1.00
2018.04.20 02:38:19.155,7.7944,7.79738,1.50,1.00
2018.04.20 02:38:19.206,7.79441,7.79752,1.00,1.00
2018.04.20 02:38:19.875,7.7944,7.79752,1.50,1.00
2018.04.20 02:38:19.935,7.7944,7.79752,1.50,1.37
2018.04.20 02:38:24.128,7.79441,7.79738,1.00,1.37
2018.04.20 02:38:29.580,7.7944,7.79716,1.50,1.00
2018.04.20 02:38:30.186,7.79474,7.79764,1.00,1.37
2018.04.20 02:38:33.814,7.79475,7.79779,1.00,1.75
2018.04.20 02:38:34.488,7.79474,7.79779,1.50,1.75
2018.04.20 02:38:35.061,7.79474,7.79782,1.50,1.75
2018.04.20 02:38:35.442,7.79477,7.7976,1.00,1.37
2018.04.20 02:38:35.985,7.79479,7.79773,1.00,1.75
2018.04.20 02:38:36.995,7.79479,7.79769,1.00,1.75
2018.04.20 02:38:37.389,7.79479,7.79772,1.00,1.75
2018.04.20 02:38:40.599,7.79509,7.79794,1.00,1.75
2018.04.20 02:38:42.625,7.7951,7.79789,1.00,1.75
2018.04.20 02:38:42.858,7.79509,7.79789,1.00,1.37
2018.04.20 02:38:43.585,7.7951,7.79774,1.00,1.37
2018.04.20 02:38:46.057,7.79509,7.79774,1.00,1.37
2018.04.20 02:38:46.925,7.7951,7.79772,1.00,1.37
2018.04.20 02:38:52.098,7.7948,7.79766,1.00,1.37
2018.04.20 02:38:52.149,7.79506,7.79762,1.00,1.00
2018.04.20 02:38:53.423,7.79496,7.79752,1.00,1.00
2018.04.20 02:38:53.764,7.79526,7.79754,1.00,1.00
2018.04.20 02:38:53.815,7.79526,7.79757,1.00,1.00
2018.04.20 02:38:53.866,7.79526,7.79765,1.00,1.37
2018.04.20 02:38:54.889,7.79527,7.7982,1.00,1.75
2018.04.20 02:38:55.144,7.79526,7.79819,1.00,1.75
2018.04.20 02:38:55.671,7.79527,7.79803,1.00,1.37
2018.04.20 02:38:56.485,7.79526,7.79806,1.00,1.37
2018.04.20 02:38:57.004,7.79539,7.7982,1.00,1.75
2018.04.20 02:38:57.308,7.79547,7.79828,1.00,1.75
2018.04.20 02:38:57.609,7.79551,7.79832,1.00,1.75
2018.04.20 02:38:58.667,7.79551,7.79832,1.00,1.37
2018.04.20 02:39:00.786,7.79555,7.79837,1.00,1.37
2018.04.20 02:39:01.759,7.79555,7.79837,1.00,1.37
2018.04.20 02:39:08.865,7.79554,7.79836,1.00,1.37
2018.04.20 02:39:14.285,7.79563,7.79844,1.00,1.37
2018.04.20 02:39:15.585,7.79579,7.79858,1.00,1.75
2018.04.20 02:39:16.118,7.79578,7.7986,1.00,1.75
2018.04.20 02:39:16.170,7.79578,7.7986,1.00,1.37
2018.04.20 02:39:18.493,7.79578,7.79864,1.00,1.75
2018.04.20 02:39:20.636,7.79578,7.79864,1.00,1.37
2018.04.20 02:39:23.846,7.79579,7.79863,1.00,1.37
2018.04.20 02:39:24.905,7.79579,7.79863,1.00,1.37
2018.04.20 02:39:26.439,7.79583,7.79867,1.00,1.37
2018.04.20 02:39:27.506,7.79583,7.79867,1.00,1.37
2018.04.20 02:39:31.198,7.79585,7.79869,1.00,1.37
2018.04.20 02:39:37.525,7.796,7.79877,1.00,1.75
2018.04.20 02:39:37.865,7.79607,7.79884,1.00,1.75
2018.04.20 02:39:39.041,7.79607,7.79891,1.00,1.37
2018.04.20 02:39:48.034,7.7961,7.79894,1.00,1.37
2018.04.20 02:39:48.339,7.79615,7.79898,1.00,1.75
2018.04.20 02:39:48.651,7.79611,7.79894,1.00,1.37
2018.04.20 02:39:49.315,7.79611,7.79894,1.00,1.37
2018.04.20 02:39:49.456,7.79616,7.79899,1.00,1.75
2018.04.20 02:39:49.508,7.79612,7.79896,1.00,1.50
2018.04.20 02:39:54.018,7.79614,7.79895,1.00,1.37
2018.04.20 02:39:57.786,7.79614,7.79895,1.00,1.50
2018.04.20 02:39:58.403,7.79617,7.799,1.00,1.75
2018.04.20 02:39:58.455,7.79615,7.79896,1.00,1.75
2018.04.20 02:39:58.621,7.79606,7.79889,1.00,1.37
2018.04.20 02:39:59.747,7.79604,7.79881,1.00,1.37
2018.04.20 02:40:00.363,7.79605,7.79888,1.00,1.37
2018.04.20 02:40:01.120,7.79605,7.79888,1.00,1.50
2018.04.20 02:40:04.592,7.79605,7.79889,1.00,1.75
2018.04.20 02:40:05.904,7.79606,7.79889,1.00,1.75
2018.04.20 02:40:08.079,7.79606,7.79889,1.00,1.37
2018.04.20 02:40:12.149,7.79606,7.79886,1.50,1.37
2018.04.20 02:40:14.794,7.79606,7.79886,1.50,1.37
2018.04.20 02:40:16.288,7.79607,7.79889,1.00,1.37
2018.04.20 02:40:16.550,7.79606,7.79882,1.00,1.37
2018.04.20 02:40:30.822,7.79606,7.79886,1.00,1.37
2018.04.20 02:40:31.324,7.79622,7.79868,1.00,1.37
2018.04.20 02:40:31.776,7.79604,7.79865,1.00,1.37
2018.04.20 02:40:32.108,7.79604,7.79865,1.00,1.37
2018.04.20 02:40:33.252,7.79604,7.79865,1.00,1.37
2018.04.20 02:40:38.429,7.79628,7.7987,1.00,1.75
2018.04.20 02:40:42.106,7.79628,7.79875,1.00,1.37
2018.04.20 02:40:43.518,7.79628,7.7987,1.00,1.37
2018.04.20 02:40:51.940,7.79628,7.79881,1.00,1.75
2018.04.20 02:40:53.268,7.79628,7.79885,1.00,1.37
2018.04.20 02:40:59.026,7.79628,7.79871,1.00,1.37
2018.04.20 02:41:12.154,7.79605,7.79868,1.00,1.37
2018.04.20 02:41:22.619,7.79606,7.79864,1.00,1.37
2018.04.20 02:41:22.773,7.79628,7.79864,1.00,1.37
2018.04.20 02:41:22.825,7.79603,7.79864,1.00,1.37
2018.04.20 02:41:26.717,7.79583,7.79864,1.00,1.37
2018.04.20 02:41:31.865,7.79585,7.79847,1.00,1.37
2018.04.20 02:41:31.916,7.79585,7.79847,1.00,1.37
2018.04.20 02:41:34.706,7.79583,7.79847,1.00,1.37
2018.04.20 02:41:35.687,7.79583,7.79847,1.00,1.37
2018.04.20 02:41:36.357,7.79604,7.79871,1.00,1.37
2018.04.20 02:41:37.530,7.79604,7.79871,1.00,1.37
2018.04.20 02:41:39.643,7.79604,7.79867,1.00,1.37
2018.04.20 02:41:41.264,7.79604,7.79864,1.00,1.37
2018.04.20 02:41:46.730,7.796,7.79879,1.00,1.75
2018.04.20 02:41:46.994,7.79623,7.79873,1.00,1.75
2018.04.20 02:41:47.046,7.79623,7.79873,1.00,1.37
2018.04.20 02:41:49.271,7.79623,7.79865,1.00,1.37
2018.04.20 02:41:52.829,7.79623,7.79865,1.00,1.37
2018.04.20 02:41:54.678,7.79623,7.7989,1.00,2.25
2018.04.20 02:42:00.838,7.79642,7.79895,1.00,1.50
2018.04.20 02:42:02.105,7.79642,7.79895,1.00,1.50
2018.04.20 02:42:08.549,7.79642,7.79883,1.00,1.37
2018.04.20 02:42:12.298,7.79642,7.79887,1.00,1.37
2018.04.20 02:42:14.818,7.79642,7.79887,1.00,1.37
2018.04.20 02:42:33.959,7.79642,7.79889,1.00,1.37
2018.04.20 02:42:37.836,7.79642,7.79891,1.00,1.37
2018.04.20 02:42:45.688,7.79642,7.79889,1.00,1.75
2018.04.20 02:42:49.580,7.79642,7.79891,1.00,1.37
2018.04.20 02:42:50.249,7.79644,7.79896,1.00,1.75
2018.04.20 02:42:50.711,7.79647,7.79901,1.00,1.75
2018.04.20 02:42:51.220,7.79646,7.799,1.00,1.75
2018.04.20 02:42:51.977,7.79642,7.79896,1.50,1.37
2018.04.20 02:42:52.451,7.79644,7.79898,1.00,1.37
2018.04.20 02:42:54.101,7.79645,7.79899,1.00,1.37
2018.04.20 02:42:56.390,7.79646,7.799,1.00,1.37
2018.04.20 02:43:01.617,7.79647,7.79901,1.00,1.37
2018.04.20 02:43:07.427,7.79637,7.79891,1.00,1.37
2018.04.20 02:43:09.082,7.79638,7.79892,1.00,1.37
2018.04.20 02:43:09.347,7.7964,7.79893,1.00,1.37
2018.04.20 02:43:16.860,7.79641,7.79892,1.00,1.37
2018.04.20 02:43:17.405,7.79652,7.79905,1.00,1.75
2018.04.20 02:43:17.507,7.79647,7.79901,1.00,1.75
2018.04.20 02:43:17.654,7.79644,7.79898,1.00,1.37
2018.04.20 02:43:18.713,7.79642,7.79894,1.00,1.37
2018.04.20 02:43:18.765,7.79642,7.79894,1.00,1.37
2018.04.20 02:43:20.329,7.79642,7.79894,1.00,1.37
2018.04.20 02:43:21.257,7.79662,7.79914,1.00,1.75
2018.04.20 02:43:21.309,7.79667,7.79921,1.00,1.37
2018.04.20 02:43:21.361,7.79671,7.79923,1.00,1.37
2018.04.20 02:43:21.696,7.79678,7.79932,1.00,1.37
2018.04.20 02:43:23.164,7.79678,7.79932,1.00,1.37
2018.04.20 02:43:24.180,7.79676,7.79929,1.00,1.37
2018.04.20 02:43:25.204,7.79677,7.79931,1.00,1.37
2018.04.20 02:43:25.366,7.79682,7.79935,1.00,1.37
2018.04.20 02:43:25.672,7.79706,7.79957,1.00,1.75
2018.04.20 02:43:25.724,7.79702,7.79958,1.00,1.75
2018.04.20 02:43:26.677,7.79702,7.79958,1.00,1.37
2018.04.20 02:43:28.423,7.79702,7.79958,1.00,1.37
2018.04.20 02:43:31.678,7.79705,7.7996,1.00,1.37
2018.04.20 02:43:33.035,7.79706,7.79963,1.00,1.37
2018.04.20 02:43:33.726,7.79706,7.79963,1.00,1.37
2018.04.20 02:43:37.313,7.79706,7.79963,1.00,1.37
2018.04.20 02:43:38.601,7.79706,7.79963,1.00,1.37
2018.04.20 02:43:39.142,7.79707,7.79963,1.00,1.37
2018.04.20 02:43:40.663,7.79706,7.79961,1.00,1.37
2018.04.20 02:43:44.671,7.7971,7.79967,1.00,1.87
2018.04.20 02:43:45.812,7.79713,7.79967,1.00,1.37
2018.04.20 02:43:45.864,7.79709,7.79965,1.00,1.37
2018.04.20 02:43:46.672,7.79711,7.79967,1.00,1.87
2018.04.20 02:43:46.920,7.79709,7.79965,1.00,1.37
2018.04.20 02:43:47.798,7.79714,7.79967,1.00,1.37
2018.04.20 02:43:48.413,7.79709,7.79966,1.00,1.37
2018.04.20 02:43:48.914,7.79709,7.79966,1.00,1.37
2018.04.20 02:43:54.172,7.7971,7.79947,1.00,1.37
2018.04.20 02:43:56.740,7.79709,7.79947,1.00,1.37
2018.04.20 02:44:01.041,7.79708,7.79965,1.00,1.87
2018.04.20 02:44:01.393,7.79731,7.79988,1.00,1.75
2018.04.20 02:44:03.505,7.79731,7.79988,1.00,1.50
2018.04.20 02:44:03.636,7.79728,7.79982,1.00,1.37
2018.04.20 02:44:04.664,7.79725,7.7998,1.00,1.37
2018.04.20 02:44:05.676,7.79726,7.79983,1.00,1.37
2018.04.20 02:44:06.072,7.7973,7.79984,1.00,1.37
2018.04.20 02:44:07.024,7.79732,7.79988,1.00,1.50
2018.04.20 02:44:07.432,7.79735,7.79992,1.00,2.25
2018.04.20 02:44:09.070,7.79735,7.79992,1.00,1.87
2018.04.20 02:44:09.122,7.7974,7.79992,1.00,1.37
2018.04.20 02:44:09.224,7.79736,7.7999,1.00,1.37
2018.04.20 02:44:10.200,7.79736,7.7999,1.00,1.37
2018.04.20 02:44:13.638,7.79736,7.7999,1.00,1.37
2018.04.20 02:44:15.254,7.79729,7.79983,1.00,1.37
2018.04.20 02:44:15.603,7.79725,7.79981,1.00,1.37
2018.04.20 02:44:15.795,7.79732,7.79988,1.00,1.37
2018.04.20 02:44:16.718,7.7973,7.79986,1.00,1.37
2018.04.20 02:44:16.769,7.7973,7.79986,1.00,1.37
2018.04.20 02:44:19.455,7.79729,7.79985,1.00,1.37
2018.04.20 02:44:24.495,7.7973,7.79985,1.00,1.37
2018.04.20 02:44:28.965,7.79725,7.79979,1.00,1.37
2018.04.20 02:44:29.223,7.79728,7.79983,1.00,1.37
2018.04.20 02:44:30.586,7.79725,7.79979,1.00,1.37
2018.04.20 02:44:31.576,7.79727,7.79984,1.00,1.37
2018.04.20 02:44:31.961,7.79729,7.79985,1.00,1.37
2018.04.20 02:44:32.815,7.79729,7.79986,1.00,1.37
2018.04.20 02:44:37.161,7.79729,7.79986,1.00,1.37
2018.04.20 02:44:38.287,7.79725,7.79975,1.00,1.37
2018.04.20 02:44:38.884,7.79725,7.79974,1.00,1.37
2018.04.20 02:44:52.156,7.79703,7.7996,1.00,1.37
2018.04.20 02:44:54.280,7.79712,7.79967,1.00,1.37
2018.04.20 02:45:01.237,7.79709,7.79963,1.00,1.37
2018.04.20 02:45:01.858,7.7971,7.79964,1.00,1.37
2018.04.20 02:45:04.786,7.79722,7.79967,1.00,1.37
2018.04.20 02:45:04.837,7.79711,7.79967,1.00,1.87
2018.04.20 02:45:08.907,7.79713,7.79967,1.00,1.37
2018.04.20 02:45:09.216,7.79733,7.79986,1.00,1.75
2018.04.20 02:45:10.287,7.79733,7.79986,1.00,1.37
2018.04.20 02:45:10.338,7.79737,7.79986,1.00,1.37
2018.04.20 02:45:17.099,7.79732,7.79986,1.00,1.37
2018.04.20 02:45:17.298,7.79729,7.79985,1.00,1.37
2018.04.20 02:45:17.350,7.79725,7.79981,1.00,1.37
2018.04.20 02:45:17.413,7.79721,7.79978,1.00,1.37
2018.04.20 02:45:17.802,7.79719,7.79971,1.00,1.37
2018.04.20 02:45:18.662,7.79714,7.79971,1.00,1.37
2018.04.20 02:45:19.378,7.79711,7.7996,1.00,1.37
2018.04.20 02:45:21.450,7.79711,7.7996,1.00,1.37
2018.04.20 02:45:24.402,7.79715,7.7996,1.00,1.37
2018.04.20 02:45:24.616,7.79712,7.7996,1.00,1.37
2018.04.20 02:45:24.854,7.79715,7.7996,1.00,1.37
2018.04.20 02:45:25.194,7.79739,7.79976,1.00,1.75
2018.04.20 02:45:26.934,7.79739,7.79976,1.00,1.37
2018.04.20 02:45:31.918,7.79741,7.79976,1.00,1.37
2018.04.20 02:45:32.104,7.79734,7.79976,1.00,1.37
2018.04.20 02:45:32.540,7.79734,7.79976,1.00,1.37
2018.04.20 02:45:34.172,7.79734,7.79976,1.00,1.37
2018.04.20 02:45:34.416,7.7973,7.79976,1.00,1.37
2018.04.20 02:45:34.467,7.79734,7.79976,1.00,1.37
2018.04.20 02:45:35.334,7.79736,7.79976,1.00,1.37
2018.04.20 02:45:38.841,7.79737,7.79994,1.00,1.87
2018.04.20 02:45:39.432,7.79738,7.79994,1.00,1.37
2018.04.20 02:45:43.880,7.79734,7.7999,1.00,1.37
2018.04.20 02:45:43.982,7.79737,7.79993,1.00,1.37
2018.04.20 02:45:46.898,7.79739,7.79994,1.00,1.37
2018.04.20 02:45:53.110,7.79739,7.79977,1.00,1.37
2018.04.20 02:45:54.412,7.79737,7.79977,1.00,1.37
2018.04.20 02:46:02.189,7.79734,7.79977,1.00,1.37
2018.04.20 02:46:03.873,7.79732,7.79977,1.00,1.37
2018.04.20 02:46:05.248,7.79732,7.79977,1.00,1.37
2018.04.20 02:46:05.395,7.79729,7.79977,1.00,1.37
2018.04.20 02:46:08.496,7.79727,7.79977,1.00,1.37
2018.04.20 02:46:08.600,7.7971,7.79965,1.00,1.37
2018.04.20 02:46:08.704,7.79719,7.79961,1.00,1.37
2018.04.20 02:46:08.759,7.79708,7.79961,1.00,1.37
2018.04.20 02:46:08.942,7.79704,7.7996,1.00,1.12
2018.04.20 02:46:08.994,7.79697,7.79951,1.00,1.00
2018.04.20 02:46:09.328,7.79715,7.79956,1.00,1.00
2018.04.20 02:46:09.634,7.79715,7.79956,1.00,1.37
2018.04.20 02:46:10.900,7.79715,7.79956,1.00,1.00
2018.04.20 02:46:10.951,7.79719,7.79956,1.00,1.00
2018.04.20 02:46:11.636,7.79719,7.79976,1.00,1.37
2018.04.20 02:46:11.738,7.79728,7.79984,1.00,1.37
2018.04.20 02:46:15.587,7.79731,7.79987,1.00,1.37
2018.04.20 02:46:16.218,7.79731,7.79987,1.00,1.37
2018.04.20 02:46:17.008,7.79729,7.79986,1.00,1.37
2018.04.20 02:46:17.220,7.79727,7.79983,1.50,1.37
2018.04.20 02:46:20.280,7.79727,7.79983,1.50,1.37
2018.04.20 02:46:32.200,7.79728,7.79984,1.00,1.37
2018.04.20 02:46:36.149,7.7975,7.80007,1.00,1.75
2018.04.20 02:46:36.641,7.79758,7.80014,1.00,1.75
2018.04.20 02:46:37.334,7.79758,7.80014,1.00,1.37
2018.04.20 02:46:39.553,7.79756,7.80013,1.00,1.37
2018.04.20 02:46:47.230,7.79758,7.80012,1.00,1.37
2018.04.20 02:46:54.464,7.79755,7.80001,1.00,1.37
2018.04.20 02:46:54.517,7.79736,7.79993,1.50,1.37
2018.04.20 02:46:54.569,7.79742,7.79998,1.00,1.37
2018.04.20 02:46:54.621,7.79738,7.79994,1.00,1.37
2018.04.20 02:46:55.743,7.79738,7.79994,1.00,1.37
2018.04.20 02:46:55.896,7.79736,7.79988,1.00,1.37
2018.04.20 02:46:57.114,7.79736,7.79992,1.00,1.75
2018.04.20 02:46:57.718,7.79735,7.79992,1.00,1.75
2018.04.20 02:46:58.635,7.79735,7.79982,1.00,1.37
2018.04.20 02:47:02.047,7.79734,7.79982,1.00,1.37
2018.04.20 02:47:02.260,7.79731,7.79982,1.00,1.37
2018.04.20 02:47:03.954,7.79715,7.79965,1.00,1.37
2018.04.20 02:47:04.060,7.79701,7.79955,1.00,1.37
2018.04.20 02:47:04.237,7.79703,7.79959,1.00,1.37
2018.04.20 02:47:04.340,7.79696,7.79952,1.00,1.00
2018.04.20 02:47:05.023,7.79696,7.79945,1.00,1.00
2018.04.20 02:47:05.892,7.79696,7.79945,1.00,1.37
2018.04.20 02:47:09.277,7.79699,7.79945,1.00,1.37
2018.04.20 02:47:09.329,7.79695,7.79945,1.00,1.37
2018.04.20 02:47:09.612,7.79701,7.79945,1.00,1.37
2018.04.20 02:47:14.684,7.79704,7.79945,1.00,1.37
2018.04.20 02:47:15.817,7.79704,7.79945,1.00,1.37
2018.04.20 02:47:15.982,7.79698,7.79945,1.00,1.37
2018.04.20 02:47:16.186,7.79694,7.79945,1.00,1.37
2018.04.20 02:47:16.555,7.79697,7.79945,1.00,1.37
2018.04.20 02:47:16.875,7.79704,7.79945,1.00,1.37
2018.04.20 02:47:16.981,7.79708,7.79945,1.00,1.37
2018.04.20 02:47:17.033,7.79704,7.79945,1.00,1.37
2018.04.20 02:47:17.341,7.79696,7.79945,1.00,1.37
2018.04.20 02:47:17.832,7.79704,7.79945,1.00,1.37
2018.04.20 02:47:18.376,7.79704,7.79945,1.00,1.37
2018.04.20 02:47:19.017,7.79708,7.79945,1.00,1.37
2018.04.20 02:47:19.327,7.79729,7.79978,1.00,1.75
2018.04.20 02:47:19.876,7.79729,7.79985,1.00,1.37
2018.04.20 02:47:19.978,7.79732,7.79988,1.00,1.37
2018.04.20 02:47:20.300,7.79736,7.79992,1.00,1.37
2018.04.20 02:47:24.597,7.79731,7.79986,1.00,1.37
2018.04.20 02:47:25.252,7.79734,7.7999,1.00,1.37
2018.04.20 02:47:26.216,7.79734,7.7999,1.00,1.37
2018.04.20 02:47:27.639,7.79734,7.7999,1.00,1.37
2018.04.20 02:47:32.154,7.79735,7.79992,1.00,1.37
2018.04.20 02:47:32.473,7.79738,7.79994,1.00,1.37
2018.04.20 02:47:33.224,7.79738,7.79994,1.00,1.37
2018.04.20 02:47:34.632,7.79738,7.79994,1.00,1.37
2018.04.20 02:47:37.465,7.7975,7.79998,1.00,1.37
2018.04.20 02:47:37.560,7.7975,7.8,1.00,1.37
2018.04.20 02:47:38.636,7.7975,7.79992,1.00,1.37
2018.04.20 02:47:43.628,7.7975,7.79993,1.00,1.37
2018.04.20 02:47:47.197,7.7975,7.79993,1.00,1.37
2018.04.20 02:47:52.155,7.79731,7.79987,1.00,1.37
2018.04.20 02:47:52.803,7.79731,7.79987,1.00,1.37
2018.04.20 02:47:54.916,7.79733,7.7999,1.00,1.37
2018.04.20 02:48:02.430,7.79735,7.79989,1.00,1.37
2018.04.20 02:48:17.248,7.79733,7.7999,1.00,1.37
2018.04.20 02:48:17.460,7.79735,7.7999,1.00,1.37
2018.04.20 02:48:20.045,7.79727,7.79984,1.00,1.37
2018.04.20 02:48:20.097,7.79731,7.79987,1.00,1.37
2018.04.20 02:48:24.713,7.79732,7.79988,1.00,1.37
2018.04.20 02:48:25.957,7.79731,7.79987,1.00,1.37
2018.04.20 02:48:32.229,7.79729,7.79986,1.00,1.37
2018.04.20 02:48:35.963,7.79729,7.79985,1.00,1.37
2018.04.20 02:48:39.742,7.79728,7.79984,1.00,1.37
2018.04.20 02:48:39.957,7.79731,7.79985,1.00,1.37
2018.04.20 02:48:40.761,7.79731,7.79985,1.00,1.00
2018.04.20 02:48:40.812,7.79783,7.80047,1.00,1.00
2018.04.20 02:48:40.864,7.79776,7.8003,1.00,1.00
2018.04.20 02:48:40.916,7.79765,7.80021,1.00,1.00
2018.04.20 02:48:41.019,7.79783,7.80058,1.00,1.37
2018.04.20 02:48:41.071,7.79818,7.80075,1.00,1.37
2018.04.20 02:48:41.409,7.79846,7.80105,1.00,1.75
2018.04.20 02:48:43.632,7.79846,7.80105,1.00,1.37
2018.04.20 02:48:47.306,7.79847,7.80106,1.00,1.37
2018.04.20 02:48:51.871,7.7981,7.8011,1.00,1.37
2018.04.20 02:48:52.152,7.79824,7.8011,1.00,1.37
2018.04.20 02:48:55.036,7.79825,7.80116,1.00,1.50
2018.04.20 02:48:57.639,7.79824,7.80116,1.00,1.50
2018.04.20 02:48:58.999,7.79847,7.80115,1.00,1.37
2018.04.20 02:49:02.288,7.79846,7.80113,1.00,1.37
2018.04.20 02:49:09.713,7.79849,7.80118,1.00,1.75
2018.04.20 02:49:10.015,7.79847,7.80117,1.00,1.50
2018.04.20 02:49:10.634,7.79845,7.80114,1.00,1.37
2018.04.20 02:49:13.648,7.79866,7.80135,1.00,1.75
2018.04.20 02:49:14.095,7.79872,7.8014,1.00,1.75
2018.04.20 02:49:14.535,7.79877,7.8014,1.00,1.75
2018.04.20 02:49:15.458,7.79877,7.8014,1.00,1.37
2018.04.20 02:49:17.317,7.79878,7.8014,1.00,1.37
2018.04.20 02:49:18.132,7.79879,7.8014,1.00,1.37
2018.04.20 02:49:23.182,7.79881,7.8014,1.00,1.37
2018.04.20 02:49:23.428,7.79862,7.80149,1.00,1.75
2018.04.20 02:49:23.480,7.79865,7.80157,1.00,1.75
2018.04.20 02:49:23.789,7.79881,7.80158,1.00,1.75
2018.04.20 02:49:23.840,7.79881,7.80158,1.00,1.37
2018.04.20 02:49:24.012,7.79901,7.80157,1.00,1.37
2018.04.20 02:49:24.063,7.79894,7.80151,1.00,1.37
2018.04.20 02:49:24.114,7.79899,7.80155,1.00,1.37
2018.04.20 02:49:24.200,7.79894,7.8015,1.00,1.37
2018.04.20 02:49:24.347,7.79899,7.80155,1.00,1.37
2018.04.20 02:49:24.398,7.79895,7.8015,1.00,1.37
2018.04.20 02:49:24.450,7.79893,7.8015,1.00,1.37
2018.04.20 02:49:24.501,7.7989,7.80144,1.00,1.12
2018.04.20 02:49:24.842,7.79888,7.80144,1.00,1.12
2018.04.20 02:49:25.714,7.79888,7.80144,1.00,1.37
2018.04.20 02:49:32.347,7.79887,7.80144,1.00,1.37
2018.04.20 02:49:34.537,7.7989,7.80147,1.00,1.37
2018.04.20 02:49:36.146,7.79885,7.80144,1.00,1.37
2018.04.20 02:49:36.699,7.7989,7.80147,1.00,1.37
2018.04.20 02:49:40.075,7.79889,7.80147,1.00,1.37
2018.04.20 02:49:47.378,7.79888,7.80147,1.00,1.37
2018.04.20 02:49:48.454,7.79887,7.80143,1.00,1.37
2018.04.20 02:49:48.506,7.79882,7.80138,1.00,1.37
2018.04.20 02:49:48.772,7.79882,7.80138,1.00,1.37
2018.04.20 02:49:49.580,7.79877,7.80134,1.00,1.37
2018.04.20 02:49:50.410,7.79877,7.80134,1.00,1.37
2018.04.20 02:49:51.643,7.79881,7.80137,1.00,1.37
2018.04.20 02:49:51.797,7.79884,7.80141,1.00,1.37
2018.04.20 02:49:52.034,7.79882,7.80136,1.00,1.37
2018.04.20 02:49:53.093,7.79882,7.80136,1.00,1.37
2018.04.20 02:49:54.185,7.79877,7.80133,1.00,1.37
2018.04.20 02:49:54.319,7.79882,7.80136,1.00,1.37
2018.04.20 02:50:02.408,7.79881,7.80138,1.00,1.37
2018.04.20 02:50:04.376,7.79881,7.80138,1.00,1.37
2018.04.20 02:50:05.735,7.79889,7.80145,1.00,1.75
2018.04.20 02:50:05.787,7.79889,7.80145,1.00,1.37
2018.04.20 02:50:07.216,7.79892,7.80149,1.00,1.37
2018.04.20 02:50:08.587,7.79893,7.80149,1.00,1.37
2018.04.20 02:50:09.973,7.79891,7.80147,1.00,1.37
2018.04.20 02:50:14.624,7.79891,7.80147,1.00,1.37
2018.04.20 02:50:14.844,7.79895,7.80152,1.00,1.37
2018.04.20 02:50:16.114,7.79899,7.80155,1.00,1.37
2018.04.20 02:50:17.677,7.79895,7.80151,1.00,1.37
2018.04.20 02:50:18.491,7.79901,7.80155,1.00,1.37
2018.04.20 02:50:19.800,7.79901,7.80155,1.00,1.37
2018.04.20 02:50:20.028,7.79903,7.8016,1.00,1.37
2018.04.20 02:50:21.631,7.79903,7.8016,1.00,1.37
2018.04.20 02:50:24.952,7.79902,7.80158,1.00,1.37
2018.04.20 02:50:25.004,7.7989,7.80147,1.00,1.00
2018.04.20 02:50:25.105,7.79884,7.80141,1.00,1.00
2018.04.20 02:50:25.455,7.79892,7.80148,1.00,1.00
2018.04.20 02:50:26.582,7.79892,7.80148,1.00,1.37
2018.04.20 02:50:27.843,7.79892,7.80148,1.00,1.37
2018.04.20 02:50:29.206,7.79892,7.80148,1.00,1.37
2018.04.20 02:50:32.467,7.79893,7.8015,1.00,1.37
2018.04.20 02:50:32.781,7.79896,7.80152,1.00,1.37
2018.04.20 02:50:45.915,7.79891,7.80147,1.00,1.37
2018.04.20 02:50:47.711,7.79889,7.80145,1.00,1.37
2018.04.20 02:50:48.240,7.79889,7.80145,1.00,1.37
2018.04.20 02:50:52.533,7.79893,7.80149,1.00,1.37
2018.04.20 02:50:53.568,7.79897,7.80153,1.00,1.37
2018.04.20 02:50:54.097,7.79897,7.80153,1.00,1.37
2018.04.20 02:50:55.226,7.79898,7.80154,1.00,1.37
2018.04.20 02:51:03.153,7.79906,7.8016,1.00,1.37
2018.04.20 02:51:03.205,7.79902,7.80153,1.00,1.37
2018.04.20 02:51:03.256,7.79906,7.80153,1.00,1.37
2018.04.20 02:51:03.609,7.79913,7.80153,1.00,1.37
2018.04.20 02:51:04.386,7.79892,7.80153,1.00,1.37
2018.04.20 02:51:04.437,7.79908,7.80155,1.00,1.00
2018.04.20 02:51:04.539,7.79901,7.80154,1.00,1.00
2018.04.20 02:51:10.092,7.79898,7.80154,1.00,1.50
2018.04.20 02:51:12.030,7.79899,7.80154,1.00,1.00
2018.04.20 02:51:12.081,7.79875,7.80132,1.00,1.00
2018.04.20 02:51:13.419,7.79884,7.80133,1.00,1.00
2018.04.20 02:51:17.608,7.79882,7.80133,1.00,1.00
2018.04.20 02:51:22.646,7.79886,7.80133,1.00,1.00
2018.04.20 02:51:22.749,7.79882,7.80133,1.00,1.00
2018.04.20 02:51:22.805,7.79872,7.80126,1.00,1.00
2018.04.20 02:51:22.907,7.79866,7.80121,1.50,1.00
2018.04.20 02:51:22.958,7.7987,7.80126,1.00,1.00
2018.04.20 02:51:23.010,7.79874,7.8013,1.00,1.00
2018.04.20 02:51:25.123,7.79881,7.80133,1.00,1.00
2018.04.20 02:51:29.458,7.7988,7.80133,1.00,1.00
2018.04.20 02:51:30.643,7.79877,7.80133,1.00,1.50
2018.04.20 02:51:30.695,7.79871,7.80128,1.00,1.00
2018.04.20 02:51:30.747,7.79875,7.80115,1.00,1.00
2018.04.20 02:51:30.850,7.7987,7.80115,1.00,1.00
2018.04.20 02:51:30.901,7.79874,7.80115,1.00,1.00
2018.04.20 02:51:31.311,7.79877,7.80115,1.00,1.00
2018.04.20 02:51:31.855,7.79893,7.80138,1.00,1.00
2018.04.20 02:51:31.957,7.79887,7.80138,1.00,1.00
2018.04.20 02:51:32.009,7.79882,7.80138,1.00,1.00
2018.04.20 02:51:32.588,7.79881,7.80138,1.00,1.50
2018.04.20 02:51:33.270,7.7988,7.80137,1.00,1.00
2018.04.20 02:51:33.321,7.79879,7.80133,1.00,1.00
2018.04.20 02:51:41.571,7.79877,7.80133,1.00,1.00
2018.04.20 02:51:43.360,7.79882,7.80136,1.00,1.00
2018.04.20 02:51:43.534,7.79877,7.80133,1.00,1.00
2018.04.20 02:51:45.148,7.79871,7.80122,1.00,1.00
2018.04.20 02:51:47.667,7.79871,7.8012,1.00,1.00
2018.04.20 02:51:47.880,7.79872,7.80126,1.00,1.00
2018.04.20 02:51:52.152,7.79872,7.8012,1.00,1.00
2018.04.20 02:52:08.816,7.79875,7.8012,1.00,1.00
2018.04.20 02:52:09.136,7.7988,7.8012,1.00,1.00
2018.04.20 02:52:10.213,7.79879,7.8012,1.00,1.00
2018.04.20 02:52:10.376,7.79876,7.8012,1.00,1.00
2018.04.20 02:52:13.466,7.79883,7.8012,1.00,1.00
2018.04.20 02:52:13.956,7.79879,7.8012,1.00,1.00
2018.04.20 02:52:14.140,7.79875,7.8012,1.00,1.00
2018.04.20 02:52:15.583,7.79872,7.8012,1.00,1.00
2018.04.20 02:52:17.891,7.79871,7.8012,1.00,1.00
2018.04.20 02:52:25.194,7.7987,7.8012,1.00,1.00
2018.04.20 02:52:29.066,7.79875,7.8012,1.00,1.00
2018.04.20 02:52:29.117,7.7987,7.8012,1.00,1.00
2018.04.20 02:52:32.757,7.79869,7.8012,1.00,1.00
2018.04.20 02:52:34.540,7.79868,7.8012,1.00,1.00
2018.04.20 02:52:38.489,7.79866,7.8012,1.00,1.50
2018.04.20 02:52:38.629,7.79869,7.8012,1.00,1.00
2018.04.20 02:52:40.283,7.79865,7.8012,1.00,1.00
2018.04.20 02:52:43.485,7.79872,7.8012,1.00,1.00
2018.04.20 02:52:43.587,7.79869,7.8012,1.00,1.00
2018.04.20 02:52:47.788,7.7987,7.8012,1.00,1.00
2018.04.20 02:52:49.335,7.79869,7.8012,1.00,1.00
2018.04.20 02:52:49.387,7.79886,7.8012,1.00,1.00
2018.04.20 02:52:49.438,7.79891,7.80137,1.00,1.00
2018.04.20 02:52:49.540,7.79895,7.80137,1.00,1.00
2018.04.20 02:52:49.592,7.79895,7.80151,1.00,1.37
2018.04.20 02:52:55.302,7.79892,7.80143,1.00,1.00
2018.04.20 02:52:58.027,7.79905,7.8016,1.00,1.00
2018.04.20 02:52:58.081,7.79916,7.80172,1.00,1.37
2018.04.20 02:52:58.391,7.79922,7.80176,1.00,1.37
2018.04.20 02:52:59.302,7.79922,7.80176,1.00,1.00
2018.04.20 02:53:01.881,7.79916,7.80173,1.00,1.00
2018.04.20 02:53:01.932,7.79921,7.80177,1.00,1.00
2018.04.20 02:53:02.237,7.79909,7.80158,1.00,1.00
2018.04.20 02:53:02.289,7.79905,7.80158,1.00,1.00
2018.04.20 02:53:02.873,7.79913,7.80158,1.00,1.00
2018.04.20 02:53:02.924,7.79909,7.80158,1.00,1.00
2018.04.20 02:53:04.016,7.79909,7.80158,1.00,1.37
2018.04.20 02:53:06.091,7.79906,7.80158,1.00,1.37
2018.04.20 02:53:07.683,7.79906,7.80158,1.00,1.37
2018.04.20 02:53:10.332,7.79912,7.80158,1.00,1.37
2018.04.20 02:53:17.849,7.79911,7.80158,1.00,1.37
2018.04.20 02:53:18.994,7.79908,7.80158,1.00,1.37
2018.04.20 02:53:25.575,7.7991,7.80158,1.00,1.37
2018.04.20 02:53:25.907,7.799,7.80156,1.00,1.37
2018.04.20 02:53:25.958,7.79902,7.80156,1.00,1.37
2018.04.20 02:53:32.828,7.79904,7.80156,1.00,1.37
2018.04.20 02:53:33.218,7.79909,7.80158,1.00,1.37
2018.04.20 02:53:40.557,7.79907,7.80158,1.00,1.37
2018.04.20 02:53:41.004,7.79893,7.80144,1.00,1.37
2018.04.20 02:53:41.057,7.79907,7.80158,1.00,1.37
2018.04.20 02:53:41.109,7.79894,7.80148,1.00,1.00
2018.04.20 02:53:41.160,7.79903,7.80157,1.00,1.00
2018.04.20 02:53:41.537,7.79913,7.80167,1.00,1.00
2018.04.20 02:53:42.469,7.79926,7.80179,1.00,1.00
2018.04.20 02:53:42.773,7.79923,7.80174,1.00,1.00
2018.04.20 02:53:43.515,7.79923,7.80171,1.00,1.00
2018.04.20 02:53:45.147,7.79923,7.80169,1.00,1.00
2018.04.20 02:53:46.928,7.79923,7.80171,1.00,1.00
2018.04.20 02:53:47.857,7.79923,7.80169,1.00,1.00
2018.04.20 02:53:48.121,7.79923,7.80174,1.00,1.00
2018.04.20 02:53:48.473,7.79939,7.80193,1.00,1.37
2018.04.20 02:53:48.811,7.79949,7.80197,1.00,1.37
2018.04.20 02:53:49.950,7.79949,7.802,1.00,1.37
2018.04.20 02:53:52.368,7.79949,7.802,1.00,1.37
2018.04.20 02:53:55.422,7.79943,7.80204,1.00,1.37
2018.04.20 02:53:56.636,7.79943,7.80204,1.00,1.37
2018.04.20 02:54:01.185,7.79947,7.80199,1.00,1.37
2018.04.20 02:54:01.491,7.7995,7.80199,1.00,1.37
2018.04.20 02:54:02.389,7.7995,7.80199,1.00,1.37
2018.04.20 02:54:02.938,7.79951,7.80199,1.00,1.37
2018.04.20 02:54:03.151,7.79959,7.80199,1.00,1.37
2018.04.20 02:54:04.539,7.79959,7.80199,1.00,1.37
2018.04.20 02:54:05.119,7.79959,7.80199,1.00,1.37
2018.04.20 02:54:06.485,7.79962,7.80199,1.00,1.37
2018.04.20 02:54:06.537,7.79962,7.80199,1.00,1.37
2018.04.20 02:54:07.776,7.79957,7.80199,1.00,1.37
2018.04.20 02:54:10.007,7.79957,7.80199,1.00,1.37
2018.04.20 02:54:10.452,7.79962,7.80199,1.00,1.37
2018.04.20 02:54:12.054,7.79963,7.80199,1.00,1.37
2018.04.20 02:54:17.570,7.79968,7.80199,1.00,1.37
2018.04.20 02:54:17.912,7.79977,7.80229,1.00,1.75
2018.04.20 02:54:18.463,7.79985,7.8023,1.00,1.75
2018.04.20 02:54:19.029,7.79984,7.8023,1.00,1.37
2018.04.20 02:54:25.696,7.79986,7.8023,1.00,1.37
2018.04.20 02:54:29.088,7.79986,7.8023,1.00,1.37
2018.04.20 02:54:37.219,7.79982,7.8023,1.00,1.37
2018.04.20 02:54:37.270,7.79985,7.8023,1.00,1.37
2018.04.20 02:54:37.592,7.7998,7.80222,1.00,1.37
2018.04.20 02:54:37.902,7.79984,7.80222,1.00,1.37
2018.04.20 02:54:40.676,7.79983,7.80222,1.00,1.37
2018.04.20 02:54:45.651,7.79978,7.80222,1.00,1.37
2018.04.20 02:54:45.763,7.79968,7.80222,1.00,1.87
2018.04.20 02:54:45.815,7.79977,7.80222,1.00,1.37
2018.04.20 02:54:45.867,7.79973,7.80222,1.00,1.37
2018.04.20 02:54:46.120,7.79976,7.80222,1.00,1.37
2018.04.20 02:54:46.955,7.79984,7.80222,1.00,1.37
2018.04.20 02:54:48.240,7.79981,7.80222,1.00,1.37
2018.04.20 02:54:54.918,7.79985,7.80222,1.00,1.37
2018.04.20 02:54:55.020,7.79982,7.80222,1.00,1.37
2018.04.20 02:54:55.507,7.79978,7.80222,1.00,1.37
2018.04.20 02:54:55.742,7.79982,7.80222,1.00,1.37
2018.04.20 02:54:56.844,7.79982,7.80222,1.00,1.37
2018.04.20 02:55:00.109,7.79982,7.80222,1.00,1.37
2018.04.20 02:55:01.360,7.79982,7.80222,1.00,1.37
2018.04.20 02:55:03.007,7.79981,7.80222,1.00,1.37
2018.04.20 02:55:05.564,7.79974,7.80222,1.00,1.37
2018.04.20 02:55:05.617,7.79956,7.80202,1.00,1.37
2018.04.20 02:55:05.771,7.79951,7.80205,1.00,1.37
2018.04.20 02:55:06.288,7.79951,7.80192,1.00,1.00
2018.04.20 02:55:06.759,7.79959,7.80192,1.00,1.00
2018.04.20 02:55:07.081,7.79973,7.80214,1.00,1.37
2018.04.20 02:55:07.722,7.79981,7.80214,1.00,1.37
2018.04.20 02:55:08.281,7.79981,7.80214,1.00,1.37
2018.04.20 02:55:09.721,7.79981,7.80214,1.00,1.37
2018.04.20 02:55:10.572,7.79985,7.80214,1.00,1.37
2018.04.20 02:55:10.785,7.79983,7.80214,1.00,1.37
2018.04.20 02:55:10.992,7.79983,7.80214,1.00,1.37
2018.04.20 02:55:12.807,7.79987,7.80233,1.00,1.37
2018.04.20 02:55:13.620,7.79987,7.80233,1.00,1.37
2018.04.20 02:55:14.896,7.79987,7.80233,1.00,1.37
2018.04.20 02:55:18.039,7.79989,7.80233,1.00,1.37
2018.04.20 02:55:18.300,7.79985,7.80233,1.00,1.37
2018.04.20 02:55:18.684,7.79981,7.80233,1.00,1.37
2018.04.20 02:55:18.796,7.79984,7.80233,1.00,1.37
2018.04.20 02:55:20.713,7.79981,7.80233,1.00,1.87
2018.04.20 02:55:22.720,7.79985,7.80233,1.00,1.37
2018.04.20 02:55:24.653,7.7998,7.80233,1.00,1.37
2018.04.20 02:55:24.756,7.79984,7.80233,1.00,1.37
2018.04.20 02:55:25.552,7.79987,7.80233,1.00,1.37
2018.04.20 02:55:26.551,7.79996,7.80233,1.00,1.37
2018.04.20 02:55:26.858,7.80004,7.80258,1.00,1.75
2018.04.20 02:55:27.012,7.79994,7.80246,1.00,1.37
2018.04.20 02:55:28.635,7.79994,7.80246,1.00,1.37
2018.04.20 02:55:28.686,7.79989,7.80243,1.50,1.37
2018.04.20 02:55:31.845,7.79989,7.80242,1.00,1.37
2018.04.20 02:55:32.202,7.79969,7.80224,1.00,1.37
2018.04.20 02:55:33.280,7.79966,7.80224,1.00,1.37
2018.04.20 02:55:37.708,7.79968,7.80224,1.00,1.37
2018.04.20 02:55:37.810,7.79957,7.80224,1.00,1.37
2018.04.20 02:55:39.560,7.79947,7.80206,1.00,1.00
2018.04.20 02:55:40.481,7.79945,7.80206,1.00,1.00
2018.04.20 02:55:40.632,7.7994,7.80206,1.00,1.00
2018.04.20 02:55:42.295,7.79944,7.80206,1.00,1.00
2018.04.20 02:55:48.100,7.79946,7.80206,1.00,1.00
2018.04.20 02:55:48.361,7.79939,7.80206,1.50,1.00
2018.04.20 02:55:48.413,7.79942,7.80206,1.00,1.00
2018.04.20 02:55:48.467,7.79939,7.80206,1.00,1.00
2018.04.20 02:56:06.685,7.79939,7.80204,1.00,1.00
2018.04.20 02:56:06.737,7.79898,7.80202,1.00,1.00
2018.04.20 02:56:06.788,7.79917,7.80182,1.00,1.00
2018.04.20 02:56:23.939,7.79917,7.8018,1.00,1.00
2018.04.20 02:56:23.990,7.79883,7.80176,1.50,1.00
2018.04.20 02:56:24.092,7.79909,7.80176,1.00,1.50
2018.04.20 02:56:25.722,7.79909,7.80175,1.00,1.00
2018.04.20 02:56:28.611,7.79909,7.80174,1.00,1.00
2018.04.20 02:56:28.663,7.79909,7.80176,1.00,1.00
2018.04.20 02:56:30.941,7.79909,7.80148,1.00,1.00
2018.04.20 02:56:33.237,7.79909,7.80146,1.00,1.00
2018.04.20 02:56:40.965,7.79909,7.80148,1.00,1.00
2018.04.20 02:56:44.542,7.79909,7.80155,1.00,1.00
2018.04.20 02:56:45.609,7.79909,7.80159,1.00,1.00
2018.04.20 02:56:46.072,7.79909,7.80154,1.00,1.00
2018.04.20 02:56:46.673,7.79909,7.80149,1.00,1.00
2018.04.20 02:56:48.268,7.79909,7.80148,1.00,1.00
2018.04.20 02:57:03.823,7.79909,7.80156,1.00,1.00
2018.04.20 02:57:04.592,7.79909,7.80152,1.00,1.00
2018.04.20 02:57:05.065,7.79909,7.80144,1.00,1.00
2018.04.20 02:57:06.972,7.79909,7.8015,1.00,1.00
2018.04.20 02:57:11.026,7.79909,7.80149,1.00,1.00
2018.04.20 02:57:20.658,7.79909,7.80166,1.00,1.00
2018.04.20 02:57:20.710,7.79928,7.80163,1.00,1.00
2018.04.20 02:57:20.762,7.79912,7.80174,1.00,1.00
2018.04.20 02:57:21.021,7.79935,7.80174,1.00,1.00
2018.04.20 02:57:26.055,7.79935,7.80172,1.00,1.00
2018.04.20 02:57:28.576,7.79935,7.80169,1.00,1.00
2018.04.20 02:57:28.732,7.79935,7.80174,1.00,1.00
2018.04.20 02:57:30.127,7.79935,7.80171,1.00,1.00
2018.04.20 02:57:31.519,7.79935,7.80167,1.00,1.00
2018.04.20 02:57:34.718,7.79935,7.80165,1.00,1.00
2018.04.20 02:57:38.781,7.79885,7.80148,1.00,1.00
2018.04.20 02:57:38.934,7.79894,7.80149,1.00,1.00
2018.04.20 02:57:39.007,7.79885,7.80149,1.00,1.00
2018.04.20 02:57:39.109,7.7991,7.80149,1.00,1.00
2018.04.20 02:57:41.140,7.7991,7.80147,1.00,1.00
2018.04.20 02:57:48.388,7.7991,7.80149,1.00,1.00
2018.04.20 02:57:53.867,7.7991,7.8015,1.00,1.00
2018.04.20 02:57:55.852,7.7991,7.80151,1.00,1.00
2018.04.20 02:58:05.192,7.7991,7.80148,1.00,1.00
2018.04.20 02:58:05.243,7.7991,7.8015,1.00,1.00
2018.04.20 02:58:11.146,7.7991,7.80149,1.00,1.00
2018.04.20 02:58:19.333,7.7991,7.8013,1.00,1.00
2018.04.20 02:58:19.437,7.79892,7.80126,1.00,1.00
2018.04.20 02:58:19.662,7.79892,7.80121,1.00,1.00
2018.04.20 02:58:21.473,7.79892,7.80124,1.00,1.00
2018.04.20 02:58:21.602,7.79892,7.8014,1.00,1.00
2018.04.20 02:58:21.705,7.79892,7.80143,1.00,1.00
2018.04.20 02:58:21.809,7.79892,7.80148,1.00,1.00
2018.04.20 02:58:24.908,7.79892,7.80137,1.00,1.00
2018.04.20 02:58:25.010,7.79892,7.80141,1.00,1.00
2018.04.20 02:58:25.157,7.79892,7.80143,1.00,1.00
2018.04.20 02:58:25.962,7.79892,7.80144,1.00,1.00
2018.04.20 02:58:26.879,7.79892,7.80145,1.00,1.00
2018.04.20 02:58:26.931,7.79892,7.80129,1.00,1.00
2018.04.20 02:58:27.250,7.79892,7.80122,1.00,1.00
2018.04.20 02:58:29.232,7.79892,7.80129,1.00,1.00
2018.04.20 02:58:29.284,7.79892,7.80139,1.00,1.00
2018.04.20 02:58:29.336,7.79892,7.80133,1.00,1.00
2018.04.20 02:58:29.670,7.79892,7.80121,1.00,1.00
2018.04.20 02:58:40.530,7.79892,7.80117,1.00,1.00
2018.04.20 02:58:41.155,7.79892,7.80116,1.00,1.00
2018.04.20 02:58:47.145,7.7987,7.80099,1.00,1.00
2018.04.20 02:58:47.277,7.79846,7.80103,1.00,1.00
2018.04.20 02:58:47.328,7.79865,7.80105,1.00,1.00
2018.04.20 02:58:47.379,7.79865,7.80112,1.00,1.00
2018.04.20 02:58:47.520,7.79865,7.80115,1.00,1.00
2018.04.20 02:58:48.398,7.79883,7.80115,1.00,1.00
2018.04.20 02:58:48.888,7.79883,7.8012,1.00,1.00
2018.04.20 02:58:49.058,7.79883,7.80126,1.00,1.00
2018.04.20 02:58:51.694,7.79885,7.80144,1.00,1.00
2018.04.20 02:58:51.747,7.79903,7.80144,1.00,1.00
2018.04.20 02:58:55.972,7.79903,7.80145,1.00,1.00
2018.04.20 02:58:59.458,7.79903,7.80143,1.00,1.00
2018.04.20 02:59:00.855,7.79903,7.80146,1.00,1.00
2018.04.20 02:59:00.949,7.79903,7.80141,1.00,1.00
2018.04.20 02:59:03.487,7.79903,7.80143,1.00,1.00
2018.04.20 02:59:04.545,7.79903,7.80142,1.00,1.00
2018.04.20 02:59:06.230,7.79903,7.80146,1.00,1.00
2018.04.20 02:59:11.220,7.79903,7.80145,1.00,1.00
2018.04.20 02:59:22.380,7.79874,7.80122,1.00,1.00
2018.04.20 02:59:22.432,7.79864,7.8012,1.00,1.00
2018.04.20 02:59:22.483,7.79864,7.80113,1.00,1.00
2018.04.20 02:59:22.535,7.79838,7.80113,1.37,1.00
2018.04.20 02:59:22.639,7.79863,7.80117,1.00,1.00
2018.04.20 02:59:22.690,7.7985,7.80113,1.37,1.00
2018.04.20 02:59:23.669,7.7987,7.80113,1.00,1.00
2018.04.20 02:59:25.262,7.7987,7.80109,1.00,1.00
2018.04.20 02:59:26.297,7.7987,7.80107,1.00,1.00
2018.04.20 02:59:33.548,7.7987,7.80108,1.00,1.00
2018.04.20 02:59:35.278,7.7987,7.80112,1.00,1.00
2018.04.20 02:59:41.328,7.7987,7.80114,1.00,1.00
2018.04.20 02:59:42.770,7.7989,7.80114,1.00,1.00
2018.04.20 02:59:48.629,7.7989,7.80115,1.00,1.00
2018.04.20 02:59:56.141,7.7989,7.8011,1.00,1.00
